lon,lat,pga_g
16.1250,48.5750,0.0418
16.1750,48.5750,0.0409
16.2250,48.5750,0.0450
16.2750,48.5750,0.0434
16.3250,48.5750,0.0438
16.3750,48.5750,0.0470
16.4250,48.5750,0.0460
16.4750,48.5750,0.0502
16.5250,48.5750,0.0487
16.5750,48.5750,0.0521
16.6250,48.5750,0.0521
16.6750,48.5750,0.0563
16.7250,48.5750,0.0562
16.7750,48.5750,0.0589
16.8250,48.5750,0.0623
16.8750,48.5750,0.0623
16.9250,48.5750,0.0714
16.9750,48.5750,0.0751
17.0250,48.5750,0.0863
17.0750,48.5750,0.0888
17.1250,48.5750,0.0932
17.1750,48.5750,0.0933
17.2250,48.5750,0.0941
17.2750,48.5750,0.0941
17.3250,48.5750,0.0979
17.3750,48.5750,0.0919
17.4250,48.5750,0.0919
17.4750,48.5750,0.0902
17.5250,48.5750,0.0901
17.5750,48.5750,0.0879
17.6250,48.5750,0.0859
17.6750,48.5750,0.0859
17.7250,48.5750,0.0833
17.7750,48.5750,0.0813
17.8250,48.5750,0.0785
17.8750,48.5750,0.0802
17.9250,48.5750,0.0713
17.9750,48.5750,0.0712
18.0250,48.5750,0.0643
18.0750,48.5750,0.0643
18.1250,48.5750,0.0611
18.1750,48.5750,0.0546
18.2250,48.5750,0.0546
18.2750,48.5750,0.0529
18.3250,48.5750,0.0524
18.3750,48.5750,0.0522
18.4250,48.5750,0.0510
18.4750,48.5750,0.0510
18.5250,48.5750,0.0505
18.5750,48.5750,0.0497
18.6250,48.5750,0.0503
18.6750,48.5750,0.0490
18.7250,48.5750,0.0487
18.7750,48.5750,0.0487
18.8250,48.5750,0.0485
18.8750,48.5750,0.0485
18.9250,48.5750,0.0473
18.9750,48.5750,0.0469
19.0250,48.5750,0.0469
19.0750,48.5750,0.0466
19.1250,48.5750,0.0454
19.1750,48.5750,0.0454
19.2250,48.5750,0.0447
19.2750,48.5750,0.0447
19.3250,48.5750,0.0442
19.3750,48.5750,0.0429
19.4250,48.5750,0.0435
19.4750,48.5750,0.0422
19.5250,48.5750,0.0419
19.5750,48.5750,0.0419
19.6250,48.5750,0.0414
19.6750,48.5750,0.0413
19.7250,48.5750,0.0410
19.7750,48.5750,0.0407
19.8250,48.5750,0.0407
19.8750,48.5750,0.0404
19.9250,48.5750,0.0402
19.9750,48.5750,0.0402
20.0250,48.5750,0.0401
20.0750,48.5750,0.0401
20.1250,48.5750,0.0401
20.1750,48.5750,0.0400
20.2250,48.5750,0.0400
20.2750,48.5750,0.0402
20.3250,48.5750,0.0404
20.3750,48.5750,0.0403
20.4250,48.5750,0.0405
20.4750,48.5750,0.0406
20.5250,48.5750,0.0407
20.5750,48.5750,0.0413
20.6250,48.5750,0.0410
20.6750,48.5750,0.0414
20.7250,48.5750,0.0415
20.7750,48.5750,0.0415
20.8250,48.5750,0.0424
20.8750,48.5750,0.0431
20.9250,48.5750,0.0431
20.9750,48.5750,0.0441
21.0250,48.5750,0.0441
21.0750,48.5750,0.0460
21.1250,48.5750,0.0460
21.1750,48.5750,0.0460
21.2250,48.5750,0.0476
21.2750,48.5750,0.0489
21.3250,48.5750,0.0489
21.3750,48.5750,0.0498
21.4250,48.5750,0.0498
21.4750,48.5750,0.0526
21.5250,48.5750,0.0532
21.5750,48.5750,0.0533
21.6250,48.5750,0.0537
21.6750,48.5750,0.0542
21.7250,48.5750,0.0541
21.7750,48.5750,0.0546
21.8250,48.5750,0.0554
21.8750,48.5750,0.0554
21.9250,48.5750,0.0545
21.9750,48.5750,0.0542
22.0250,48.5750,0.0496
22.0750,48.5750,0.0495
22.1250,48.5750,0.0495
22.1750,48.5750,0.0497
22.2250,48.5750,0.0493
22.2750,48.5750,0.0493
22.3250,48.5750,0.0492
22.3750,48.5750,0.0492
22.4250,48.5750,0.0491
22.4750,48.5750,0.0487
22.5250,48.5750,0.0487
22.5750,48.5750,0.0486
22.6250,48.5750,0.0480
22.6750,48.5750,0.0481
22.7250,48.5750,0.0477
22.7750,48.5750,0.0477
22.8250,48.5750,0.0477
22.8750,48.5750,0.0468
16.1250,48.5250,0.0459
16.1750,48.5250,0.0464
16.2250,48.5250,0.0451
16.2750,48.5250,0.0485
16.3250,48.5250,0.0485
16.3750,48.5250,0.0517
16.4250,48.5250,0.0514
16.4750,48.5250,0.0545
16.5250,48.5250,0.0536
16.5750,48.5250,0.0537
16.6250,48.5250,0.0583
16.6750,48.5250,0.0603
16.7250,48.5250,0.0641
16.7750,48.5250,0.0638
16.8250,48.5250,0.0754
16.8750,48.5250,0.0755
16.9250,48.5250,0.0901
16.9750,48.5250,0.0901
17.0250,48.5250,0.0963
17.0750,48.5250,0.0951
17.1250,48.5250,0.0951
17.1750,48.5250,0.1062
17.2250,48.5250,0.1024
17.2750,48.5250,0.1008
17.3250,48.5250,0.0982
17.3750,48.5250,0.0968
17.4250,48.5250,0.0943
17.4750,48.5250,0.0904
17.5250,48.5250,0.0904
17.5750,48.5250,0.0879
17.6250,48.5250,0.0846
17.6750,48.5250,0.0846
17.7250,48.5250,0.0833
17.7750,48.5250,0.0833
17.8250,48.5250,0.0756
17.8750,48.5250,0.0749
17.9250,48.5250,0.0749
17.9750,48.5250,0.0656
18.0250,48.5250,0.0642
18.0750,48.5250,0.0591
18.1250,48.5250,0.0573
18.1750,48.5250,0.0553
18.2250,48.5250,0.0544
18.2750,48.5250,0.0533
18.3250,48.5250,0.0533
18.3750,48.5250,0.0522
18.4250,48.5250,0.0519
18.4750,48.5250,0.0519
18.5250,48.5250,0.0516
18.5750,48.5250,0.0516
18.6250,48.5250,0.0510
18.6750,48.5250,0.0503
18.7250,48.5250,0.0503
18.7750,48.5250,0.0500
18.8250,48.5250,0.0485
18.8750,48.5250,0.0495
18.9250,48.5250,0.0485
18.9750,48.5250,0.0483
19.0250,48.5250,0.0481
19.0750,48.5250,0.0469
19.1250,48.5250,0.0474
19.1750,48.5250,0.0462
19.2250,48.5250,0.0457
19.2750,48.5250,0.0457
19.3250,48.5250,0.0449
19.3750,48.5250,0.0440
19.4250,48.5250,0.0436
19.4750,48.5250,0.0430
19.5250,48.5250,0.0430
19.5750,48.5250,0.0422
19.6250,48.5250,0.0416
19.6750,48.5250,0.0416
19.7250,48.5250,0.0414
19.7750,48.5250,0.0413
19.8250,48.5250,0.0411
19.8750,48.5250,0.0406
19.9250,48.5250,0.0407
19.9750,48.5250,0.0405
20.0250,48.5250,0.0404
20.0750,48.5250,0.0404
20.1250,48.5250,0.0401
20.1750,48.5250,0.0402
20.2250,48.5250,0.0402
20.2750,48.5250,0.0402
20.3250,48.5250,0.0402
20.3750,48.5250,0.0403
20.4250,48.5250,0.0405
20.4750,48.5250,0.0405
20.5250,48.5250,0.0406
20.5750,48.5250,0.0410
20.6250,48.5250,0.0409
20.6750,48.5250,0.0411
20.7250,48.5250,0.0411
20.7750,48.5250,0.0412
20.8250,48.5250,0.0418
20.8750,48.5250,0.0416
20.9250,48.5250,0.0423
20.9750,48.5250,0.0427
21.0250,48.5250,0.0425
21.0750,48.5250,0.0442
21.1250,48.5250,0.0457
21.1750,48.5250,0.0457
21.2250,48.5250,0.0478
21.2750,48.5250,0.0478
21.3250,48.5250,0.0491
21.3750,48.5250,0.0504
21.4250,48.5250,0.0504
21.4750,48.5250,0.0527
21.5250,48.5250,0.0535
21.5750,48.5250,0.0535
21.6250,48.5250,0.0540
21.6750,48.5250,0.0540
21.7250,48.5250,0.0549
21.7750,48.5250,0.0556
21.8250,48.5250,0.0556
21.8750,48.5250,0.0566
21.9250,48.5250,0.0542
21.9750,48.5250,0.0501
22.0250,48.5250,0.0498
22.0750,48.5250,0.0498
22.1250,48.5250,0.0499
22.1750,48.5250,0.0497
22.2250,48.5250,0.0497
22.2750,48.5250,0.0497
22.3250,48.5250,0.0497
22.3750,48.5250,0.0497
22.4250,48.5250,0.0493
22.4750,48.5250,0.0494
22.5250,48.5250,0.0494
22.5750,48.5250,0.0492
22.6250,48.5250,0.0492
22.6750,48.5250,0.0486
22.7250,48.5250,0.0486
22.7750,48.5250,0.0486
22.8250,48.5250,0.0483
22.8750,48.5250,0.0476
16.1250,48.4750,0.0470
16.1750,48.4750,0.0509
16.2250,48.4750,0.0497
16.2750,48.4750,0.0508
16.3250,48.4750,0.0527
16.3750,48.4750,0.0562
16.4250,48.4750,0.0563
16.4750,48.4750,0.0546
16.5250,48.4750,0.0595
16.5750,48.4750,0.0595
16.6250,48.4750,0.0652
16.6750,48.4750,0.0652
16.7250,48.4750,0.0711
16.7750,48.4750,0.0712
16.8250,48.4750,0.0714
16.8750,48.4750,0.0863
16.9250,48.4750,0.0929
16.9750,48.4750,0.0956
17.0250,48.4750,0.0986
17.0750,48.4750,0.1059
17.1250,48.4750,0.0994
17.1750,48.4750,0.1020
17.2250,48.4750,0.1020
17.2750,48.4750,0.0995
17.3250,48.4750,0.0961
17.3750,48.4750,0.0961
17.4250,48.4750,0.0906
17.4750,48.4750,0.0906
17.5250,48.4750,0.0860
17.5750,48.4750,0.0872
17.6250,48.4750,0.0852
17.6750,48.4750,0.0777
17.7250,48.4750,0.0707
17.7750,48.4750,0.0705
17.8250,48.4750,0.0756
17.8750,48.4750,0.0675
17.9250,48.4750,0.0677
17.9750,48.4750,0.0607
18.0250,48.4750,0.0607
18.0750,48.4750,0.0579
18.1250,48.4750,0.0551
18.1750,48.4750,0.0551
18.2250,48.4750,0.0542
18.2750,48.4750,0.0542
18.3250,48.4750,0.0541
18.3750,48.4750,0.0527
18.4250,48.4750,0.0531
18.4750,48.4750,0.0524
18.5250,48.4750,0.0525
18.5750,48.4750,0.0526
18.6250,48.4750,0.0511
18.6750,48.4750,0.0509
18.7250,48.4750,0.0509
18.7750,48.4750,0.0508
18.8250,48.4750,0.0508
18.8750,48.4750,0.0495
18.9250,48.4750,0.0490
18.9750,48.4750,0.0490
19.0250,48.4750,0.0487
19.0750,48.4750,0.0476
19.1250,48.4750,0.0486
19.1750,48.4750,0.0467
19.2250,48.4750,0.0467
19.2750,48.4750,0.0462
19.3250,48.4750,0.0449
19.3750,48.4750,0.0456
19.4250,48.4750,0.0440
19.4750,48.4750,0.0433
19.5250,48.4750,0.0433
19.5750,48.4750,0.0427
19.6250,48.4750,0.0428
19.6750,48.4750,0.0418
19.7250,48.4750,0.0415
19.7750,48.4750,0.0415
19.8250,48.4750,0.0414
19.8750,48.4750,0.0408
19.9250,48.4750,0.0408
19.9750,48.4750,0.0406
20.0250,48.4750,0.0406
20.0750,48.4750,0.0406
20.1250,48.4750,0.0403
20.1750,48.4750,0.0403
20.2250,48.4750,0.0403
20.2750,48.4750,0.0403
20.3250,48.4750,0.0405
20.3750,48.4750,0.0403
20.4250,48.4750,0.0404
20.4750,48.4750,0.0404
20.5250,48.4750,0.0406
20.5750,48.4750,0.0406
20.6250,48.4750,0.0407
20.6750,48.4750,0.0408
20.7250,48.4750,0.0408
20.7750,48.4750,0.0410
20.8250,48.4750,0.0414
20.8750,48.4750,0.0414
20.9250,48.4750,0.0415
20.9750,48.4750,0.0415
21.0250,48.4750,0.0427
21.0750,48.4750,0.0437
21.1250,48.4750,0.0437
21.1750,48.4750,0.0448
21.2250,48.4750,0.0477
21.2750,48.4750,0.0477
21.3250,48.4750,0.0491
21.3750,48.4750,0.0506
21.4250,48.4750,0.0518
21.4750,48.4750,0.0527
21.5250,48.4750,0.0526
21.5750,48.4750,0.0532
21.6250,48.4750,0.0543
21.6750,48.4750,0.0543
21.7250,48.4750,0.0549
21.7750,48.4750,0.0554
21.8250,48.4750,0.0554
21.8750,48.4750,0.0539
21.9250,48.4750,0.0539
21.9750,48.4750,0.0501
22.0250,48.4750,0.0495
22.0750,48.4750,0.0495
22.1250,48.4750,0.0496
22.1750,48.4750,0.0497
22.2250,48.4750,0.0497
22.2750,48.4750,0.0496
22.3250,48.4750,0.0496
22.3750,48.4750,0.0498
22.4250,48.4750,0.0494
22.4750,48.4750,0.0495
22.5250,48.4750,0.0494
22.5750,48.4750,0.0492
22.6250,48.4750,0.0495
22.6750,48.4750,0.0489
22.7250,48.4750,0.0488
22.7750,48.4750,0.0488
22.8250,48.4750,0.0483
22.8750,48.4750,0.0489
16.1250,48.4250,0.0522
16.1750,48.4250,0.0510
16.2250,48.4250,0.0542
16.2750,48.4250,0.0542
16.3250,48.4250,0.0587
16.3750,48.4250,0.0587
16.4250,48.4250,0.0633
16.4750,48.4250,0.0619
16.5250,48.4250,0.0655
16.5750,48.4250,0.0673
16.6250,48.4250,0.0732
16.6750,48.4250,0.0733
16.7250,48.4250,0.0712
16.7750,48.4250,0.0834
16.8250,48.4250,0.0835
16.8750,48.4250,0.1030
16.9250,48.4250,0.1030
16.9750,48.4250,0.1063
17.0250,48.4250,0.1080
17.0750,48.4250,0.1080
17.1250,48.4250,0.1074
17.1750,48.4250,0.1073
17.2250,48.4250,0.1050
17.2750,48.4250,0.0994
17.3250,48.4250,0.0966
17.3750,48.4250,0.0949
17.4250,48.4250,0.0926
17.4750,48.4250,0.0926
17.5250,48.4250,0.0836
17.5750,48.4250,0.0836
17.6250,48.4250,0.0836
17.6750,48.4250,0.0705
17.7250,48.4250,0.0705
17.7750,48.4250,0.0653
17.8250,48.4250,0.0668
17.8750,48.4250,0.0653
17.9250,48.4250,0.0628
17.9750,48.4250,0.0607
18.0250,48.4250,0.0598
18.0750,48.4250,0.0579
18.1250,48.4250,0.0585
18.1750,48.4250,0.0567
18.2250,48.4250,0.0562
18.2750,48.4250,0.0562
18.3250,48.4250,0.0556
18.3750,48.4250,0.0543
18.4250,48.4250,0.0543
18.4750,48.4250,0.0543
18.5250,48.4250,0.0543
18.5750,48.4250,0.0543
18.6250,48.4250,0.0527
18.6750,48.4250,0.0528
18.7250,48.4250,0.0527
18.7750,48.4250,0.0517
18.8250,48.4250,0.0523
18.8750,48.4250,0.0508
18.9250,48.4250,0.0508
18.9750,48.4250,0.0507
19.0250,48.4250,0.0501
19.0750,48.4250,0.0501
19.1250,48.4250,0.0486
19.1750,48.4250,0.0481
19.2250,48.4250,0.0481
19.2750,48.4250,0.0474
19.3250,48.4250,0.0470
19.3750,48.4250,0.0461
19.4250,48.4250,0.0451
19.4750,48.4250,0.0451
19.5250,48.4250,0.0445
19.5750,48.4250,0.0429
19.6250,48.4250,0.0437
19.6750,48.4250,0.0425
19.7250,48.4250,0.0421
19.7750,48.4250,0.0421
19.8250,48.4250,0.0414
19.8750,48.4250,0.0418
19.9250,48.4250,0.0413
19.9750,48.4250,0.0411
20.0250,48.4250,0.0411
20.0750,48.4250,0.0408
20.1250,48.4250,0.0407
20.1750,48.4250,0.0407
20.2250,48.4250,0.0408
20.2750,48.4250,0.0408
20.3250,48.4250,0.0409
20.3750,48.4250,0.0406
20.4250,48.4250,0.0406
20.4750,48.4250,0.0408
20.5250,48.4250,0.0406
20.5750,48.4250,0.0408
20.6250,48.4250,0.0408
20.6750,48.4250,0.0409
20.7250,48.4250,0.0409
20.7750,48.4250,0.0410
20.8250,48.4250,0.0409
20.8750,48.4250,0.0413
20.9250,48.4250,0.0415
20.9750,48.4250,0.0415
21.0250,48.4250,0.0427
21.0750,48.4250,0.0434
21.1250,48.4250,0.0434
21.1750,48.4250,0.0452
21.2250,48.4250,0.0452
21.2750,48.4250,0.0475
21.3250,48.4250,0.0510
21.3750,48.4250,0.0510
21.4250,48.4250,0.0518
21.4750,48.4250,0.0526
21.5250,48.4250,0.0522
21.5750,48.4250,0.0532
21.6250,48.4250,0.0532
21.6750,48.4250,0.0545
21.7250,48.4250,0.0550
21.7750,48.4250,0.0549
21.8250,48.4250,0.0564
21.8750,48.4250,0.0495
21.9250,48.4250,0.0490
21.9750,48.4250,0.0495
22.0250,48.4250,0.0498
22.0750,48.4250,0.0498
22.1250,48.4250,0.0498
22.1750,48.4250,0.0498
22.2250,48.4250,0.0500
22.2750,48.4250,0.0502
22.3250,48.4250,0.0502
22.3750,48.4250,0.0501
22.4250,48.4250,0.0501
22.4750,48.4250,0.0501
22.5250,48.4250,0.0501
22.5750,48.4250,0.0501
22.6250,48.4250,0.0497
22.6750,48.4250,0.0496
22.7250,48.4250,0.0496
22.7750,48.4250,0.0495
22.8250,48.4250,0.0489
22.8750,48.4250,0.0489
16.1250,48.3750,0.0569
16.1750,48.3750,0.0549
16.2250,48.3750,0.0622
16.2750,48.3750,0.0599
16.3250,48.3750,0.0647
16.3750,48.3750,0.0647
16.4250,48.3750,0.0668
16.4750,48.3750,0.0683
16.5250,48.3750,0.0679
16.5750,48.3750,0.0731
16.6250,48.3750,0.0731
16.6750,48.3750,0.0840
16.7250,48.3750,0.0833
16.7750,48.3750,0.1022
16.8250,48.3750,0.0933
16.8750,48.3750,0.1052
16.9250,48.3750,0.1079
16.9750,48.3750,0.1064
17.0250,48.3750,0.1105
17.0750,48.3750,0.1077
17.1250,48.3750,0.1030
17.1750,48.3750,0.1030
17.2250,48.3750,0.0978
17.2750,48.3750,0.0966
17.3250,48.3750,0.0966
17.3750,48.3750,0.0891
17.4250,48.3750,0.0890
17.4750,48.3750,0.0857
17.5250,48.3750,0.0832
17.5750,48.3750,0.0745
17.6250,48.3750,0.0727
17.6750,48.3750,0.0659
17.7250,48.3750,0.0659
17.7750,48.3750,0.0641
17.8250,48.3750,0.0636
17.8750,48.3750,0.0625
17.9250,48.3750,0.0608
17.9750,48.3750,0.0608
18.0250,48.3750,0.0609
18.0750,48.3750,0.0585
18.1250,48.3750,0.0588
18.1750,48.3750,0.0583
18.2250,48.3750,0.0583
18.2750,48.3750,0.0590
18.3250,48.3750,0.0560
18.3750,48.3750,0.0601
18.4250,48.3750,0.0560
18.4750,48.3750,0.0564
18.5250,48.3750,0.0564
18.5750,48.3750,0.0546
18.6250,48.3750,0.0542
18.6750,48.3750,0.0540
18.7250,48.3750,0.0538
18.7750,48.3750,0.0538
18.8250,48.3750,0.0539
18.8750,48.3750,0.0518
18.9250,48.3750,0.0518
18.9750,48.3750,0.0515
19.0250,48.3750,0.0511
19.0750,48.3750,0.0513
19.1250,48.3750,0.0494
19.1750,48.3750,0.0499
19.2250,48.3750,0.0488
19.2750,48.3750,0.0483
19.3250,48.3750,0.0483
19.3750,48.3750,0.0465
19.4250,48.3750,0.0458
19.4750,48.3750,0.0458
19.5250,48.3750,0.0453
19.5750,48.3750,0.0453
19.6250,48.3750,0.0437
19.6750,48.3750,0.0431
19.7250,48.3750,0.0431
19.7750,48.3750,0.0428
19.8250,48.3750,0.0418
19.8750,48.3750,0.0424
19.9250,48.3750,0.0416
19.9750,48.3750,0.0416
20.0250,48.3750,0.0416
20.0750,48.3750,0.0411
20.1250,48.3750,0.0418
20.1750,48.3750,0.0411
20.2250,48.3750,0.0413
20.2750,48.3750,0.0413
20.3250,48.3750,0.0409
20.3750,48.3750,0.0409
20.4250,48.3750,0.0409
20.4750,48.3750,0.0411
20.5250,48.3750,0.0411
20.5750,48.3750,0.0408
20.6250,48.3750,0.0408
20.6750,48.3750,0.0408
20.7250,48.3750,0.0408
20.7750,48.3750,0.0409
20.8250,48.3750,0.0410
20.8750,48.3750,0.0411
20.9250,48.3750,0.0411
20.9750,48.3750,0.0421
21.0250,48.3750,0.0425
21.0750,48.3750,0.0427
21.1250,48.3750,0.0439
21.1750,48.3750,0.0455
21.2250,48.3750,0.0455
21.2750,48.3750,0.0468
21.3250,48.3750,0.0502
21.3750,48.3750,0.0502
21.4250,48.3750,0.0505
21.4750,48.3750,0.0505
21.5250,48.3750,0.0519
21.5750,48.3750,0.0530
21.6250,48.3750,0.0530
21.6750,48.3750,0.0541
21.7250,48.3750,0.0549
21.7750,48.3750,0.0549
21.8250,48.3750,0.0558
21.8750,48.3750,0.0558
21.9250,48.3750,0.0486
21.9750,48.3750,0.0491
22.0250,48.3750,0.0491
22.0750,48.3750,0.0494
22.1250,48.3750,0.0498
22.1750,48.3750,0.0501
22.2250,48.3750,0.0499
22.2750,48.3750,0.0501
22.3250,48.3750,0.0503
22.3750,48.3750,0.0501
22.4250,48.3750,0.0507
22.4750,48.3750,0.0501
22.5250,48.3750,0.0502
22.5750,48.3750,0.0502
22.6250,48.3750,0.0499
22.6750,48.3750,0.0498
22.7250,48.3750,0.0498
22.7750,48.3750,0.0501
22.8250,48.3750,0.0500
22.8750,48.3750,0.0493
16.1250,48.3250,0.0634
16.1750,48.3250,0.0625
16.2250,48.3250,0.0624
16.2750,48.3250,0.0675
16.3250,48.3250,0.0675
16.3750,48.3250,0.0717
16.4250,48.3250,0.0694
16.4750,48.3250,0.0772
16.5250,48.3250,0.0767
16.5750,48.3250,0.0846
16.6250,48.3250,0.0846
16.6750,48.3250,0.0929
16.7250,48.3250,0.0936
16.7750,48.3250,0.1043
16.8250,48.3250,0.1119
16.8750,48.3250,0.1119
16.9250,48.3250,0.1155
16.9750,48.3250,0.1106
17.0250,48.3250,0.1086
17.0750,48.3250,0.1114
17.1250,48.3250,0.1111
17.1750,48.3250,0.1062
17.2250,48.3250,0.0974
17.2750,48.3250,0.0934
17.3250,48.3250,0.0967
17.3750,48.3250,0.0889
17.4250,48.3250,0.0889
17.4750,48.3250,0.0802
17.5250,48.3250,0.0797
17.5750,48.3250,0.0745
17.6250,48.3250,0.0683
17.6750,48.3250,0.0683
17.7250,48.3250,0.0651
17.7750,48.3250,0.0637
17.8250,48.3250,0.0637
17.8750,48.3250,0.0634
17.9250,48.3250,0.0633
17.9750,48.3250,0.0633
18.0250,48.3250,0.0619
18.0750,48.3250,0.0634
18.1250,48.3250,0.0617
18.1750,48.3250,0.0624
18.2250,48.3250,0.0624
18.2750,48.3250,0.0628
18.3250,48.3250,0.0602
18.3750,48.3250,0.0601
18.4250,48.3250,0.0606
18.4750,48.3250,0.0606
18.5250,48.3250,0.0606
18.5750,48.3250,0.0572
18.6250,48.3250,0.0600
18.6750,48.3250,0.0575
18.7250,48.3250,0.0570
18.7750,48.3250,0.0570
18.8250,48.3250,0.0539
18.8750,48.3250,0.0553
18.9250,48.3250,0.0539
18.9750,48.3250,0.0535
19.0250,48.3250,0.0535
19.0750,48.3250,0.0527
19.1250,48.3250,0.0510
19.1750,48.3250,0.0510
19.2250,48.3250,0.0504
19.2750,48.3250,0.0504
19.3250,48.3250,0.0496
19.3750,48.3250,0.0479
19.4250,48.3250,0.0479
19.4750,48.3250,0.0473
19.5250,48.3250,0.0458
19.5750,48.3250,0.0466
19.6250,48.3250,0.0451
19.6750,48.3250,0.0445
19.7250,48.3250,0.0445
19.7750,48.3250,0.0439
19.8250,48.3250,0.0439
19.8750,48.3250,0.0427
19.9250,48.3250,0.0427
19.9750,48.3250,0.0427
20.0250,48.3250,0.0427
20.0750,48.3250,0.0418
20.1250,48.3250,0.0418
20.1750,48.3250,0.0420
20.2250,48.3250,0.0420
20.2750,48.3250,0.0421
20.3250,48.3250,0.0415
20.3750,48.3250,0.0417
20.4250,48.3250,0.0417
20.4750,48.3250,0.0416
20.5250,48.3250,0.0418
20.5750,48.3250,0.0412
20.6250,48.3250,0.0411
20.6750,48.3250,0.0411
20.7250,48.3250,0.0412
20.7750,48.3250,0.0412
20.8250,48.3250,0.0410
20.8750,48.3250,0.0420
20.9250,48.3250,0.0420
20.9750,48.3250,0.0426
21.0250,48.3250,0.0427
21.0750,48.3250,0.0427
21.1250,48.3250,0.0451
21.1750,48.3250,0.0451
21.2250,48.3250,0.0485
21.2750,48.3250,0.0493
21.3250,48.3250,0.0493
21.3750,48.3250,0.0500
21.4250,48.3250,0.0505
21.4750,48.3250,0.0504
21.5250,48.3250,0.0516
21.5750,48.3250,0.0526
21.6250,48.3250,0.0527
21.6750,48.3250,0.0540
21.7250,48.3250,0.0534
21.7750,48.3250,0.0549
21.8250,48.3250,0.0508
21.8750,48.3250,0.0508
21.9250,48.3250,0.0486
21.9750,48.3250,0.0493
22.0250,48.3250,0.0493
22.0750,48.3250,0.0498
22.1250,48.3250,0.0498
22.1750,48.3250,0.0501
22.2250,48.3250,0.0506
22.2750,48.3250,0.0506
22.3250,48.3250,0.0509
22.3750,48.3250,0.0507
22.4250,48.3250,0.0507
22.4750,48.3250,0.0511
22.5250,48.3250,0.0511
22.5750,48.3250,0.0513
22.6250,48.3250,0.0507
22.6750,48.3250,0.0507
22.7250,48.3250,0.0509
22.7750,48.3250,0.0501
22.8250,48.3250,0.0507
22.8750,48.3250,0.0503
16.1250,48.2750,0.0635
16.1750,48.2750,0.0693
16.2250,48.2750,0.0677
16.2750,48.2750,0.0716
16.3250,48.2750,0.0716
16.3750,48.2750,0.0795
16.4250,48.2750,0.0795
16.4750,48.2750,0.0772
16.5250,48.2750,0.0835
16.5750,48.2750,0.0835
16.6250,48.2750,0.0906
16.6750,48.2750,0.0935
16.7250,48.2750,0.1060
16.7750,48.2750,0.1095
16.8250,48.2750,0.1121
16.8750,48.2750,0.1123
16.9250,48.2750,0.1134
16.9750,48.2750,0.1133
17.0250,48.2750,0.1086
17.0750,48.2750,0.1006
17.1250,48.2750,0.1006
17.1750,48.2750,0.0981
17.2250,48.2750,0.0973
17.2750,48.2750,0.0919
17.3250,48.2750,0.0884
17.3750,48.2750,0.0884
17.4250,48.2750,0.0782
17.4750,48.2750,0.0790
17.5250,48.2750,0.0705
17.5750,48.2750,0.0689
17.6250,48.2750,0.0655
17.6750,48.2750,0.0655
17.7250,48.2750,0.0650
17.7750,48.2750,0.0650
17.8250,48.2750,0.0637
17.8750,48.2750,0.0637
17.9250,48.2750,0.0637
17.9750,48.2750,0.0649
18.0250,48.2750,0.0634
18.0750,48.2750,0.0670
18.1250,48.2750,0.0639
18.1750,48.2750,0.0641
18.2250,48.2750,0.0650
18.2750,48.2750,0.0633
18.3250,48.2750,0.0668
18.3750,48.2750,0.0631
18.4250,48.2750,0.0636
18.4750,48.2750,0.0636
18.5250,48.2750,0.0643
18.5750,48.2750,0.0628
18.6250,48.2750,0.0601
18.6750,48.2750,0.0598
18.7250,48.2750,0.0598
18.7750,48.2750,0.0598
18.8250,48.2750,0.0560
18.8750,48.2750,0.0588
18.9250,48.2750,0.0551
18.9750,48.2750,0.0547
19.0250,48.2750,0.0546
19.0750,48.2750,0.0527
19.1250,48.2750,0.0543
19.1750,48.2750,0.0519
19.2250,48.2750,0.0514
19.2750,48.2750,0.0514
19.3250,48.2750,0.0497
19.3750,48.2750,0.0488
19.4250,48.2750,0.0488
19.4750,48.2750,0.0483
19.5250,48.2750,0.0483
19.5750,48.2750,0.0478
19.6250,48.2750,0.0457
19.6750,48.2750,0.0457
19.7250,48.2750,0.0451
19.7750,48.2750,0.0439
19.8250,48.2750,0.0449
19.8750,48.2750,0.0436
19.9250,48.2750,0.0437
19.9750,48.2750,0.0438
20.0250,48.2750,0.0431
20.0750,48.2750,0.0441
20.1250,48.2750,0.0426
20.1750,48.2750,0.0429
20.2250,48.2750,0.0429
20.2750,48.2750,0.0433
20.3250,48.2750,0.0421
20.3750,48.2750,0.0421
20.4250,48.2750,0.0423
20.4750,48.2750,0.0423
20.5250,48.2750,0.0425
20.5750,48.2750,0.0417
20.6250,48.2750,0.0417
20.6750,48.2750,0.0417
20.7250,48.2750,0.0412
20.7750,48.2750,0.0420
20.8250,48.2750,0.0414
20.8750,48.2750,0.0423
20.9250,48.2750,0.0426
20.9750,48.2750,0.0427
21.0250,48.2750,0.0449
21.0750,48.2750,0.0447
21.1250,48.2750,0.0481
21.1750,48.2750,0.0481
21.2250,48.2750,0.0486
21.2750,48.2750,0.0489
21.3250,48.2750,0.0489
21.3750,48.2750,0.0495
21.4250,48.2750,0.0495
21.4750,48.2750,0.0504
21.5250,48.2750,0.0509
21.5750,48.2750,0.0509
21.6250,48.2750,0.0517
21.6750,48.2750,0.0534
21.7250,48.2750,0.0528
21.7750,48.2750,0.0534
21.8250,48.2750,0.0531
21.8750,48.2750,0.0458
21.9250,48.2750,0.0480
21.9750,48.2750,0.0475
22.0250,48.2750,0.0486
22.0750,48.2750,0.0494
22.1250,48.2750,0.0494
22.1750,48.2750,0.0501
22.2250,48.2750,0.0505
22.2750,48.2750,0.0505
22.3250,48.2750,0.0515
22.3750,48.2750,0.0515
22.4250,48.2750,0.0512
22.4750,48.2750,0.0515
22.5250,48.2750,0.0515
22.5750,48.2750,0.0520
22.6250,48.2750,0.0513
22.6750,48.2750,0.0513
22.7250,48.2750,0.0515
22.7750,48.2750,0.0511
22.8250,48.2750,0.0510
22.8750,48.2750,0.0505
16.1250,48.2250,0.0703
16.1750,48.2250,0.0707
16.2250,48.2250,0.0762
16.2750,48.2250,0.0762
16.3250,48.2250,0.0827
16.3750,48.2250,0.0797
16.4250,48.2250,0.0880
16.4750,48.2250,0.0882
16.5250,48.2250,0.0943
16.5750,48.2250,0.0944
16.6250,48.2250,0.1025
16.6750,48.2250,0.1025
16.7250,48.2250,0.1061
16.7750,48.2250,0.1210
16.8250,48.2250,0.1210
16.8750,48.2250,0.1176
16.9250,48.2250,0.1165
16.9750,48.2250,0.1073
17.0250,48.2250,0.1112
17.0750,48.2250,0.1083
17.1250,48.2250,0.0998
17.1750,48.2250,0.0927
17.2250,48.2250,0.0926
17.2750,48.2250,0.0919
17.3250,48.2250,0.0857
17.3750,48.2250,0.0857
17.4250,48.2250,0.0721
17.4750,48.2250,0.0721
17.5250,48.2250,0.0680
17.5750,48.2250,0.0678
17.6250,48.2250,0.0678
17.6750,48.2250,0.0667
17.7250,48.2250,0.0652
17.7750,48.2250,0.0665
17.8250,48.2250,0.0659
17.8750,48.2250,0.0672
17.9250,48.2250,0.0672
17.9750,48.2250,0.0687
18.0250,48.2250,0.0687
18.0750,48.2250,0.0670
18.1250,48.2250,0.0690
18.1750,48.2250,0.0690
18.2250,48.2250,0.0702
18.2750,48.2250,0.0689
18.3250,48.2250,0.0709
18.3750,48.2250,0.0684
18.4250,48.2250,0.0684
18.4750,48.2250,0.0689
18.5250,48.2250,0.0644
18.5750,48.2250,0.0685
18.6250,48.2250,0.0648
18.6750,48.2250,0.0644
18.7250,48.2250,0.0644
18.7750,48.2250,0.0630
18.8250,48.2250,0.0630
18.8750,48.2250,0.0598
18.9250,48.2250,0.0593
18.9750,48.2250,0.0593
19.0250,48.2250,0.0576
19.0750,48.2250,0.0544
19.1250,48.2250,0.0544
19.1750,48.2250,0.0538
19.2250,48.2250,0.0538
19.2750,48.2250,0.0528
19.3250,48.2250,0.0510
19.3750,48.2250,0.0519
19.4250,48.2250,0.0505
19.4750,48.2250,0.0497
19.5250,48.2250,0.0497
19.5750,48.2250,0.0478
19.6250,48.2250,0.0470
19.6750,48.2250,0.0470
19.7250,48.2250,0.0466
19.7750,48.2250,0.0466
19.8250,48.2250,0.0453
19.8750,48.2250,0.0452
19.9250,48.2250,0.0452
19.9750,48.2250,0.0454
20.0250,48.2250,0.0441
20.0750,48.2250,0.0456
20.1250,48.2250,0.0444
20.1750,48.2250,0.0444
20.2250,48.2250,0.0446
20.2750,48.2250,0.0433
20.3250,48.2250,0.0447
20.3750,48.2250,0.0436
20.4250,48.2250,0.0438
20.4750,48.2250,0.0438
20.5250,48.2250,0.0426
20.5750,48.2250,0.0428
20.6250,48.2250,0.0428
20.6750,48.2250,0.0429
20.7250,48.2250,0.0429
20.7750,48.2250,0.0426
20.8250,48.2250,0.0435
20.8750,48.2250,0.0435
20.9250,48.2250,0.0436
20.9750,48.2250,0.0449
21.0250,48.2250,0.0455
21.0750,48.2250,0.0454
21.1250,48.2250,0.0455
21.1750,48.2250,0.0487
21.2250,48.2250,0.0488
21.2750,48.2250,0.0493
21.3250,48.2250,0.0495
21.3750,48.2250,0.0505
21.4250,48.2250,0.0506
21.4750,48.2250,0.0505
21.5250,48.2250,0.0507
21.5750,48.2250,0.0507
21.6250,48.2250,0.0514
21.6750,48.2250,0.0514
21.7250,48.2250,0.0526
21.7750,48.2250,0.0429
21.8250,48.2250,0.0429
21.8750,48.2250,0.0443
21.9250,48.2250,0.0473
21.9750,48.2250,0.0473
22.0250,48.2250,0.0481
22.0750,48.2250,0.0481
22.1250,48.2250,0.0490
22.1750,48.2250,0.0505
22.2250,48.2250,0.0505
22.2750,48.2250,0.0515
22.3250,48.2250,0.0515
22.3750,48.2250,0.0520
22.4250,48.2250,0.0522
22.4750,48.2250,0.0526
22.5250,48.2250,0.0526
22.5750,48.2250,0.0521
22.6250,48.2250,0.0526
22.6750,48.2250,0.0525
22.7250,48.2250,0.0524
22.7750,48.2250,0.0524
22.8250,48.2250,0.0517
22.8750,48.2250,0.0515
16.1250,48.1750,0.0775
16.1750,48.1750,0.0754
16.2250,48.1750,0.0822
16.2750,48.1750,0.0821
16.3250,48.1750,0.0892
16.3750,48.1750,0.0892
16.4250,48.1750,0.0983
16.4750,48.1750,0.0934
16.5250,48.1750,0.0934
16.5750,48.1750,0.1026
16.6250,48.1750,0.1030
16.6750,48.1750,0.1108
16.7250,48.1750,0.1121
16.7750,48.1750,0.1210
16.8250,48.1750,0.1151
16.8750,48.1750,0.1141
16.9250,48.1750,0.1141
16.9750,48.1750,0.1069
17.0250,48.1750,0.1003
17.0750,48.1750,0.1003
17.1250,48.1750,0.0926
17.1750,48.1750,0.0926
17.2250,48.1750,0.0873
17.2750,48.1750,0.0829
17.3250,48.1750,0.0811
17.3750,48.1750,0.0726
17.4250,48.1750,0.0690
17.4750,48.1750,0.0689
17.5250,48.1750,0.0680
17.5750,48.1750,0.0664
17.6250,48.1750,0.0663
17.6750,48.1750,0.0666
17.7250,48.1750,0.0666
17.7750,48.1750,0.0684
17.8250,48.1750,0.0671
17.8750,48.1750,0.0671
17.9250,48.1750,0.0691
17.9750,48.1750,0.0691
18.0250,48.1750,0.0731
18.0750,48.1750,0.0703
18.1250,48.1750,0.0751
18.1750,48.1750,0.0726
18.2250,48.1750,0.0772
18.2750,48.1750,0.0772
18.3250,48.1750,0.0709
18.3750,48.1750,0.0716
18.4250,48.1750,0.0716
18.4750,48.1750,0.0731
18.5250,48.1750,0.0730
18.5750,48.1750,0.0739
18.6250,48.1750,0.0676
18.6750,48.1750,0.0676
18.7250,48.1750,0.0665
18.7750,48.1750,0.0631
18.8250,48.1750,0.0653
18.8750,48.1750,0.0616
18.9250,48.1750,0.0607
18.9750,48.1750,0.0607
19.0250,48.1750,0.0586
19.0750,48.1750,0.0593
19.1250,48.1750,0.0553
19.1750,48.1750,0.0543
19.2250,48.1750,0.0543
19.2750,48.1750,0.0537
19.3250,48.1750,0.0519
19.3750,48.1750,0.0519
19.4250,48.1750,0.0511
19.4750,48.1750,0.0511
19.5250,48.1750,0.0506
19.5750,48.1750,0.0488
19.6250,48.1750,0.0493
19.6750,48.1750,0.0483
19.7250,48.1750,0.0481
19.7750,48.1750,0.0482
19.8250,48.1750,0.0464
19.8750,48.1750,0.0466
19.9250,48.1750,0.0465
19.9750,48.1750,0.0468
20.0250,48.1750,0.0468
20.0750,48.1750,0.0456
20.1250,48.1750,0.0456
20.1750,48.1750,0.0456
20.2250,48.1750,0.0459
20.2750,48.1750,0.0447
20.3250,48.1750,0.0448
20.3750,48.1750,0.0447
20.4250,48.1750,0.0447
20.4750,48.1750,0.0449
20.5250,48.1750,0.0437
20.5750,48.1750,0.0447
20.6250,48.1750,0.0438
20.6750,48.1750,0.0449
20.7250,48.1750,0.0450
20.7750,48.1750,0.0440
20.8250,48.1750,0.0442
20.8750,48.1750,0.0442
20.9250,48.1750,0.0461
20.9750,48.1750,0.0461
21.0250,48.1750,0.0455
21.0750,48.1750,0.0487
21.1250,48.1750,0.0487
21.1750,48.1750,0.0491
21.2250,48.1750,0.0493
21.2750,48.1750,0.0493
21.3250,48.1750,0.0500
21.3750,48.1750,0.0500
21.4250,48.1750,0.0504
21.4750,48.1750,0.0503
21.5250,48.1750,0.0503
21.5750,48.1750,0.0506
21.6250,48.1750,0.0514
21.6750,48.1750,0.0515
21.7250,48.1750,0.0523
21.7750,48.1750,0.0415
21.8250,48.1750,0.0414
21.8750,48.1750,0.0442
21.9250,48.1750,0.0425
21.9750,48.1750,0.0452
22.0250,48.1750,0.0463
22.0750,48.1750,0.0463
22.1250,48.1750,0.0490
22.1750,48.1750,0.0505
22.2250,48.1750,0.0505
22.2750,48.1750,0.0517
22.3250,48.1750,0.0517
22.3750,48.1750,0.0520
22.4250,48.1750,0.0527
22.4750,48.1750,0.0527
22.5250,48.1750,0.0535
22.5750,48.1750,0.0528
22.6250,48.1750,0.0528
22.6750,48.1750,0.0530
22.7250,48.1750,0.0526
22.7750,48.1750,0.0534
22.8250,48.1750,0.0522
22.8750,48.1750,0.0522
16.1250,48.1250,0.0862
16.1750,48.1250,0.0857
16.2250,48.1250,0.0857
16.2750,48.1250,0.0929
16.3250,48.1250,0.0967
16.3750,48.1250,0.1032
16.4250,48.1250,0.0990
16.4750,48.1250,0.1142
16.5250,48.1250,0.1130
16.5750,48.1250,0.1209
16.6250,48.1250,0.1209
16.6750,48.1250,0.1202
16.7250,48.1250,0.1228
16.7750,48.1250,0.1228
16.8250,48.1250,0.1163
16.8750,48.1250,0.1162
16.9250,48.1250,0.1072
16.9750,48.1250,0.1042
17.0250,48.1250,0.0912
17.0750,48.1250,0.0968
17.1250,48.1250,0.0876
17.1750,48.1250,0.0876
17.2250,48.1250,0.0842
17.2750,48.1250,0.0758
17.3250,48.1250,0.0758
17.3750,48.1250,0.0704
17.4250,48.1250,0.0704
17.4750,48.1250,0.0682
17.5250,48.1250,0.0678
17.5750,48.1250,0.0677
17.6250,48.1250,0.0681
17.6750,48.1250,0.0685
17.7250,48.1250,0.0687
17.7750,48.1250,0.0684
17.8250,48.1250,0.0703
17.8750,48.1250,0.0711
17.9250,48.1250,0.0763
17.9750,48.1250,0.0763
18.0250,48.1250,0.0823
18.0750,48.1250,0.0802
18.1250,48.1250,0.0802
18.1750,48.1250,0.0855
18.2250,48.1250,0.0853
18.2750,48.1250,0.0883
18.3250,48.1250,0.0811
18.3750,48.1250,0.0830
18.4250,48.1250,0.0833
18.4750,48.1250,0.0831
18.5250,48.1250,0.0836
18.5750,48.1250,0.0748
18.6250,48.1250,0.0742
18.6750,48.1250,0.0742
18.7250,48.1250,0.0703
18.7750,48.1250,0.0703
18.8250,48.1250,0.0655
18.8750,48.1250,0.0645
18.9250,48.1250,0.0645
18.9750,48.1250,0.0630
19.0250,48.1250,0.0593
19.0750,48.1250,0.0608
19.1250,48.1250,0.0579
19.1750,48.1250,0.0573
19.2250,48.1250,0.0562
19.2750,48.1250,0.0538
19.3250,48.1250,0.0547
19.3750,48.1250,0.0532
19.4250,48.1250,0.0525
19.4750,48.1250,0.0525
19.5250,48.1250,0.0518
19.5750,48.1250,0.0503
19.6250,48.1250,0.0503
19.6750,48.1250,0.0500
19.7250,48.1250,0.0500
19.7750,48.1250,0.0496
19.8250,48.1250,0.0482
19.8750,48.1250,0.0482
19.9250,48.1250,0.0483
19.9750,48.1250,0.0471
20.0250,48.1250,0.0481
20.0750,48.1250,0.0471
20.1250,48.1250,0.0472
20.1750,48.1250,0.0471
20.2250,48.1250,0.0470
20.2750,48.1250,0.0471
20.3250,48.1250,0.0461
20.3750,48.1250,0.0462
20.4250,48.1250,0.0462
20.4750,48.1250,0.0460
20.5250,48.1250,0.0451
20.5750,48.1250,0.0451
20.6250,48.1250,0.0450
20.6750,48.1250,0.0450
20.7250,48.1250,0.0458
20.7750,48.1250,0.0451
20.8250,48.1250,0.0451
20.8750,48.1250,0.0459
20.9250,48.1250,0.0461
20.9750,48.1250,0.0466
21.0250,48.1250,0.0462
21.0750,48.1250,0.0491
21.1250,48.1250,0.0494
21.1750,48.1250,0.0492
21.2250,48.1250,0.0496
21.2750,48.1250,0.0503
21.3250,48.1250,0.0503
21.3750,48.1250,0.0503
21.4250,48.1250,0.0502
21.4750,48.1250,0.0505
21.5250,48.1250,0.0505
21.5750,48.1250,0.0510
21.6250,48.1250,0.0510
21.6750,48.1250,0.0519
21.7250,48.1250,0.0438
21.7750,48.1250,0.0438
21.8250,48.1250,0.0412
21.8750,48.1250,0.0424
21.9250,48.1250,0.0421
21.9750,48.1250,0.0439
22.0250,48.1250,0.0450
22.0750,48.1250,0.0462
22.1250,48.1250,0.0489
22.1750,48.1250,0.0492
22.2250,48.1250,0.0509
22.2750,48.1250,0.0520
22.3250,48.1250,0.0520
22.3750,48.1250,0.0529
22.4250,48.1250,0.0542
22.4750,48.1250,0.0542
22.5250,48.1250,0.0550
22.5750,48.1250,0.0544
22.6250,48.1250,0.0543
22.6750,48.1250,0.0546
22.7250,48.1250,0.0546
22.7750,48.1250,0.0542
22.8250,48.1250,0.0535
22.8750,48.1250,0.0535
16.1250,48.0750,0.0862
16.1750,48.0750,0.0993
16.2250,48.0750,0.0919
16.2750,48.0750,0.1024
16.3250,48.0750,0.1024
16.3750,48.0750,0.1170
16.4250,48.0750,0.1145
16.4750,48.0750,0.1153
16.5250,48.0750,0.1428
16.5750,48.0750,0.1427
16.6250,48.0750,0.1442
16.6750,48.0750,0.1203
16.7250,48.0750,0.1241
16.7750,48.0750,0.1190
16.8250,48.0750,0.1093
16.8750,48.0750,0.1093
16.9250,48.0750,0.1008
16.9750,48.0750,0.0912
17.0250,48.0750,0.0909
17.0750,48.0750,0.0820
17.1250,48.0750,0.0820
17.1750,48.0750,0.0761
17.2250,48.0750,0.0770
17.2750,48.0750,0.0716
17.3250,48.0750,0.0700
17.3750,48.0750,0.0680
17.4250,48.0750,0.0680
17.4750,48.0750,0.0681
17.5250,48.0750,0.0678
17.5750,48.0750,0.0672
17.6250,48.0750,0.0678
17.6750,48.0750,0.0678
17.7250,48.0750,0.0699
17.7750,48.0750,0.0700
17.8250,48.0750,0.0704
17.8750,48.0750,0.0736
17.9250,48.0750,0.0754
17.9750,48.0750,0.0829
18.0250,48.0750,0.0827
18.0750,48.0750,0.0934
18.1250,48.0750,0.0887
18.1750,48.0750,0.0939
18.2250,48.0750,0.0939
18.2750,48.0750,0.0965
18.3250,48.0750,0.0898
18.3750,48.0750,0.0897
18.4250,48.0750,0.0913
18.4750,48.0750,0.0913
18.5250,48.0750,0.0923
18.5750,48.0750,0.0825
18.6250,48.0750,0.0828
18.6750,48.0750,0.0789
18.7250,48.0750,0.0720
18.7750,48.0750,0.0728
18.8250,48.0750,0.0674
18.8750,48.0750,0.0655
18.9250,48.0750,0.0654
18.9750,48.0750,0.0641
19.0250,48.0750,0.0641
19.0750,48.0750,0.0608
19.1250,48.0750,0.0589
19.1750,48.0750,0.0589
19.2250,48.0750,0.0576
19.2750,48.0750,0.0548
19.3250,48.0750,0.0562
19.3750,48.0750,0.0538
19.4250,48.0750,0.0538
19.4750,48.0750,0.0532
19.5250,48.0750,0.0518
19.5750,48.0750,0.0529
19.6250,48.0750,0.0512
19.6750,48.0750,0.0509
19.7250,48.0750,0.0509
19.7750,48.0750,0.0496
19.8250,48.0750,0.0494
19.8750,48.0750,0.0493
19.9250,48.0750,0.0492
19.9750,48.0750,0.0492
20.0250,48.0750,0.0492
20.0750,48.0750,0.0480
20.1250,48.0750,0.0480
20.1750,48.0750,0.0481
20.2250,48.0750,0.0472
20.2750,48.0750,0.0481
20.3250,48.0750,0.0470
20.3750,48.0750,0.0470
20.4250,48.0750,0.0469
20.4750,48.0750,0.0460
20.5250,48.0750,0.0469
20.5750,48.0750,0.0458
20.6250,48.0750,0.0466
20.6750,48.0750,0.0466
20.7250,48.0750,0.0459
20.7750,48.0750,0.0456
20.8250,48.0750,0.0456
20.8750,48.0750,0.0469
20.9250,48.0750,0.0469
20.9750,48.0750,0.0494
21.0250,48.0750,0.0494
21.0750,48.0750,0.0494
21.1250,48.0750,0.0495
21.1750,48.0750,0.0496
21.2250,48.0750,0.0504
21.2750,48.0750,0.0500
21.3250,48.0750,0.0500
21.3750,48.0750,0.0499
21.4250,48.0750,0.0501
21.4750,48.0750,0.0503
21.5250,48.0750,0.0505
21.5750,48.0750,0.0514
21.6250,48.0750,0.0514
21.6750,48.0750,0.0519
21.7250,48.0750,0.0404
21.7750,48.0750,0.0404
21.8250,48.0750,0.0414
21.8750,48.0750,0.0414
21.9250,48.0750,0.0421
21.9750,48.0750,0.0442
22.0250,48.0750,0.0442
22.0750,48.0750,0.0469
22.1250,48.0750,0.0486
22.1750,48.0750,0.0486
22.2250,48.0750,0.0505
22.2750,48.0750,0.0512
22.3250,48.0750,0.0530
22.3750,48.0750,0.0536
22.4250,48.0750,0.0536
22.4750,48.0750,0.0561
22.5250,48.0750,0.0550
22.5750,48.0750,0.0592
22.6250,48.0750,0.0559
22.6750,48.0750,0.0567
22.7250,48.0750,0.0567
22.7750,48.0750,0.0544
22.8250,48.0750,0.0541
22.8750,48.0750,0.0541
16.1250,48.0250,0.1005
16.1750,48.0250,0.1130
16.2250,48.0250,0.1140
16.2750,48.0250,0.1166
16.3250,48.0250,0.1250
16.3750,48.0250,0.1175
16.4250,48.0250,0.1437
16.4750,48.0250,0.1463
16.5250,48.0250,0.1767
16.5750,48.0250,0.1767
16.6250,48.0250,0.1342
16.6750,48.0250,0.1246
16.7250,48.0250,0.1230
16.7750,48.0250,0.1173
16.8250,48.0250,0.1172
16.8750,48.0250,0.1019
16.9250,48.0250,0.1008
16.9750,48.0250,0.0876
17.0250,48.0250,0.0855
17.0750,48.0250,0.0782
17.1250,48.0250,0.0782
17.1750,48.0250,0.0720
17.2250,48.0250,0.0719
17.2750,48.0250,0.0715
17.3250,48.0250,0.0697
17.3750,48.0250,0.0697
17.4250,48.0250,0.0683
17.4750,48.0250,0.0679
17.5250,48.0250,0.0678
17.5750,48.0250,0.0690
17.6250,48.0250,0.0703
17.6750,48.0250,0.0703
17.7250,48.0250,0.0704
17.7750,48.0250,0.0718
17.8250,48.0250,0.0744
17.8750,48.0250,0.0821
17.9250,48.0250,0.0821
17.9750,48.0250,0.0908
18.0250,48.0250,0.0935
18.0750,48.0250,0.0937
18.1250,48.0250,0.1036
18.1750,48.0250,0.1036
18.2250,48.0250,0.1082
18.2750,48.0250,0.1012
18.3250,48.0250,0.1088
18.3750,48.0250,0.1057
18.4250,48.0250,0.1050
18.4750,48.0250,0.1050
18.5250,48.0250,0.0926
18.5750,48.0250,0.0914
18.6250,48.0250,0.0913
18.6750,48.0250,0.0838
18.7250,48.0250,0.0838
18.7750,48.0250,0.0751
18.8250,48.0250,0.0701
18.8750,48.0250,0.0701
18.9250,48.0250,0.0680
18.9750,48.0250,0.0647
19.0250,48.0250,0.0657
19.0750,48.0250,0.0630
19.1250,48.0250,0.0616
19.1750,48.0250,0.0614
19.2250,48.0250,0.0595
19.2750,48.0250,0.0595
19.3250,48.0250,0.0565
19.3750,48.0250,0.0551
19.4250,48.0250,0.0551
19.4750,48.0250,0.0543
19.5250,48.0250,0.0531
19.5750,48.0250,0.0529
19.6250,48.0250,0.0525
19.6750,48.0250,0.0525
19.7250,48.0250,0.0521
19.7750,48.0250,0.0508
19.8250,48.0250,0.0515
19.8750,48.0250,0.0507
19.9250,48.0250,0.0504
19.9750,48.0250,0.0504
20.0250,48.0250,0.0493
20.0750,48.0250,0.0493
20.1250,48.0250,0.0492
20.1750,48.0250,0.0491
20.2250,48.0250,0.0491
20.2750,48.0250,0.0481
20.3250,48.0250,0.0481
20.3750,48.0250,0.0481
20.4250,48.0250,0.0480
20.4750,48.0250,0.0470
20.5250,48.0250,0.0472
20.5750,48.0250,0.0476
20.6250,48.0250,0.0476
20.6750,48.0250,0.0473
20.7250,48.0250,0.0464
20.7750,48.0250,0.0473
20.8250,48.0250,0.0470
20.8750,48.0250,0.0475
20.9250,48.0250,0.0475
20.9750,48.0250,0.0498
21.0250,48.0250,0.0499
21.0750,48.0250,0.0499
21.1250,48.0250,0.0507
21.1750,48.0250,0.0507
21.2250,48.0250,0.0505
21.2750,48.0250,0.0504
21.3250,48.0250,0.0504
21.3750,48.0250,0.0501
21.4250,48.0250,0.0503
21.4750,48.0250,0.0503
21.5250,48.0250,0.0511
21.5750,48.0250,0.0511
21.6250,48.0250,0.0523
21.6750,48.0250,0.0521
21.7250,48.0250,0.0518
21.7750,48.0250,0.0410
21.8250,48.0250,0.0416
21.8750,48.0250,0.0424
21.9250,48.0250,0.0432
21.9750,48.0250,0.0460
22.0250,48.0250,0.0460
22.0750,48.0250,0.0470
22.1250,48.0250,0.0494
22.1750,48.0250,0.0498
22.2250,48.0250,0.0529
22.2750,48.0250,0.0529
22.3250,48.0250,0.0531
22.3750,48.0250,0.0570
22.4250,48.0250,0.0570
22.4750,48.0250,0.0617
22.5250,48.0250,0.0593
22.5750,48.0250,0.0593
22.6250,48.0250,0.0609
22.6750,48.0250,0.0609
22.7250,48.0250,0.0606
22.7750,48.0250,0.0568
22.8250,48.0250,0.0568
22.8750,48.0250,0.0562
16.1250,47.9750,0.1490
16.1750,47.9750,0.1254
16.2250,47.9750,0.1502
16.2750,47.9750,0.1502
16.3250,47.9750,0.1570
16.3750,47.9750,0.1448
16.4250,47.9750,0.1819
16.4750,47.9750,0.1535
16.5250,47.9750,0.1536
16.5750,47.9750,0.1547
16.6250,47.9750,0.1333
16.6750,47.9750,0.1293
16.7250,47.9750,0.1161
16.7750,47.9750,0.1063
16.8250,47.9750,0.1063
16.8750,47.9750,0.0893
16.9250,47.9750,0.0891
16.9750,47.9750,0.0852
17.0250,47.9750,0.0780
17.0750,47.9750,0.0780
17.1250,47.9750,0.0720
17.1750,47.9750,0.0719
17.2250,47.9750,0.0701
17.2750,47.9750,0.0691
17.3250,47.9750,0.0675
17.3750,47.9750,0.0675
17.4250,47.9750,0.0676
17.4750,47.9750,0.0676
17.5250,47.9750,0.0678
17.5750,47.9750,0.0684
17.6250,47.9750,0.0684
17.6750,47.9750,0.0705
17.7250,47.9750,0.0718
17.7750,47.9750,0.0760
17.8250,47.9750,0.0766
17.8750,47.9750,0.0804
17.9250,47.9750,0.0847
17.9750,47.9750,0.0915
18.0250,47.9750,0.0966
18.0750,47.9750,0.1013
18.1250,47.9750,0.1081
18.1750,47.9750,0.1081
18.2250,47.9750,0.1132
18.2750,47.9750,0.1090
18.3250,47.9750,0.1089
18.3750,47.9750,0.1085
18.4250,47.9750,0.1085
18.4750,47.9750,0.1071
18.5250,47.9750,0.0970
18.5750,47.9750,0.0976
18.6250,47.9750,0.0887
18.6750,47.9750,0.0815
18.7250,47.9750,0.0815
18.7750,47.9750,0.0751
18.8250,47.9750,0.0710
18.8750,47.9750,0.0703
18.9250,47.9750,0.0683
18.9750,47.9750,0.0683
19.0250,47.9750,0.0668
19.0750,47.9750,0.0636
19.1250,47.9750,0.0636
19.1750,47.9750,0.0619
19.2250,47.9750,0.0603
19.2750,47.9750,0.0607
19.3250,47.9750,0.0575
19.3750,47.9750,0.0572
19.4250,47.9750,0.0558
19.4750,47.9750,0.0548
19.5250,47.9750,0.0551
19.5750,47.9750,0.0536
19.6250,47.9750,0.0531
19.6750,47.9750,0.0531
19.7250,47.9750,0.0528
19.7750,47.9750,0.0518
19.8250,47.9750,0.0516
19.8750,47.9750,0.0513
19.9250,47.9750,0.0513
19.9750,47.9750,0.0512
20.0250,47.9750,0.0501
20.0750,47.9750,0.0501
20.1250,47.9750,0.0498
20.1750,47.9750,0.0496
20.2250,47.9750,0.0499
20.2750,47.9750,0.0490
20.3250,47.9750,0.0488
20.3750,47.9750,0.0487
20.4250,47.9750,0.0486
20.4750,47.9750,0.0486
20.5250,47.9750,0.0475
20.5750,47.9750,0.0480
20.6250,47.9750,0.0480
20.6750,47.9750,0.0483
20.7250,47.9750,0.0474
20.7750,47.9750,0.0474
20.8250,47.9750,0.0478
20.8750,47.9750,0.0478
20.9250,47.9750,0.0503
20.9750,47.9750,0.0500
21.0250,47.9750,0.0500
21.0750,47.9750,0.0505
21.1250,47.9750,0.0507
21.1750,47.9750,0.0505
21.2250,47.9750,0.0506
21.2750,47.9750,0.0502
21.3250,47.9750,0.0502
21.3750,47.9750,0.0503
21.4250,47.9750,0.0505
21.4750,47.9750,0.0507
21.5250,47.9750,0.0518
21.5750,47.9750,0.0518
21.6250,47.9750,0.0532
21.6750,47.9750,0.0439
21.7250,47.9750,0.0439
21.7750,47.9750,0.0420
21.8250,47.9750,0.0420
21.8750,47.9750,0.0449
21.9250,47.9750,0.0455
21.9750,47.9750,0.0455
22.0250,47.9750,0.0488
22.0750,47.9750,0.0490
22.1250,47.9750,0.0522
22.1750,47.9750,0.0526
22.2250,47.9750,0.0587
22.2750,47.9750,0.0591
22.3250,47.9750,0.0577
22.3750,47.9750,0.0639
22.4250,47.9750,0.0638
22.4750,47.9750,0.0687
22.5250,47.9750,0.0688
22.5750,47.9750,0.0647
22.6250,47.9750,0.0659
22.6750,47.9750,0.0659
22.7250,47.9750,0.0648
22.7750,47.9750,0.0593
22.8250,47.9750,0.0593
22.8750,47.9750,0.0578
16.1250,47.9250,0.1541
16.1750,47.9250,0.1568
16.2250,47.9250,0.1581
16.2750,47.9250,0.1757
16.3250,47.9250,0.1609
16.3750,47.9250,0.1614
16.4250,47.9250,0.1833
16.4750,47.9250,0.1648
16.5250,47.9250,0.1648
16.5750,47.9250,0.1414
16.6250,47.9250,0.1408
16.6750,47.9250,0.1166
16.7250,47.9250,0.1106
16.7750,47.9250,0.1105
16.8250,47.9250,0.0939
16.8750,47.9250,0.0866
16.9250,47.9250,0.0840
16.9750,47.9250,0.0825
17.0250,47.9250,0.0769
17.0750,47.9250,0.0769
17.1250,47.9250,0.0713
17.1750,47.9250,0.0713
17.2250,47.9250,0.0690
17.2750,47.9250,0.0691
17.3250,47.9250,0.0691
17.3750,47.9250,0.0684
17.4250,47.9250,0.0676
17.4750,47.9250,0.0679
17.5250,47.9250,0.0689
17.5750,47.9250,0.0706
17.6250,47.9250,0.0707
17.6750,47.9250,0.0731
17.7250,47.9250,0.0731
17.7750,47.9250,0.0760
17.8250,47.9250,0.0835
17.8750,47.9250,0.0835
17.9250,47.9250,0.0906
17.9750,47.9250,0.0961
18.0250,47.9250,0.1016
18.0750,47.9250,0.1110
18.1250,47.9250,0.1111
18.1750,47.9250,0.1161
18.2250,47.9250,0.1133
18.2750,47.9250,0.1163
18.3250,47.9250,0.1159
18.3750,47.9250,0.1145
18.4250,47.9250,0.1145
18.4750,47.9250,0.1081
18.5250,47.9250,0.1004
18.5750,47.9250,0.0976
18.6250,47.9250,0.0888
18.6750,47.9250,0.0888
18.7250,47.9250,0.0820
18.7750,47.9250,0.0765
18.8250,47.9250,0.0762
18.8750,47.9250,0.0726
18.9250,47.9250,0.0700
18.9750,47.9250,0.0700
19.0250,47.9250,0.0669
19.0750,47.9250,0.0662
19.1250,47.9250,0.0655
19.1750,47.9250,0.0636
19.2250,47.9250,0.0636
19.2750,47.9250,0.0608
19.3250,47.9250,0.0595
19.3750,47.9250,0.0595
19.4250,47.9250,0.0580
19.4750,47.9250,0.0567
19.5250,47.9250,0.0563
19.5750,47.9250,0.0547
19.6250,47.9250,0.0547
19.6750,47.9250,0.0542
19.7250,47.9250,0.0528
19.7750,47.9250,0.0536
19.8250,47.9250,0.0526
19.8750,47.9250,0.0525
19.9250,47.9250,0.0525
19.9750,47.9250,0.0518
20.0250,47.9250,0.0513
20.0750,47.9250,0.0511
20.1250,47.9250,0.0510
20.1750,47.9250,0.0510
20.2250,47.9250,0.0507
20.2750,47.9250,0.0499
20.3250,47.9250,0.0499
20.3750,47.9250,0.0497
20.4250,47.9250,0.0487
20.4750,47.9250,0.0492
20.5250,47.9250,0.0491
20.5750,47.9250,0.0490
20.6250,47.9250,0.0488
20.6750,47.9250,0.0483
20.7250,47.9250,0.0487
20.7750,47.9250,0.0480
20.8250,47.9250,0.0508
20.8750,47.9250,0.0508
20.9250,47.9250,0.0504
20.9750,47.9250,0.0502
21.0250,47.9250,0.0502
21.0750,47.9250,0.0508
21.1250,47.9250,0.0508
21.1750,47.9250,0.0505
21.2250,47.9250,0.0505
21.2750,47.9250,0.0505
21.3250,47.9250,0.0505
21.3750,47.9250,0.0505
21.4250,47.9250,0.0510
21.4750,47.9250,0.0516
21.5250,47.9250,0.0524
21.5750,47.9250,0.0529
21.6250,47.9250,0.0532
21.6750,47.9250,0.0523
21.7250,47.9250,0.0419
21.7750,47.9250,0.0448
21.8250,47.9250,0.0448
21.8750,47.9250,0.0451
21.9250,47.9250,0.0489
21.9750,47.9250,0.0489
22.0250,47.9250,0.0526
22.0750,47.9250,0.0527
22.1250,47.9250,0.0528
22.1750,47.9250,0.0592
22.2250,47.9250,0.0592
22.2750,47.9250,0.0678
22.3250,47.9250,0.0677
22.3750,47.9250,0.0677
22.4250,47.9250,0.0727
22.4750,47.9250,0.0689
22.5250,47.9250,0.0767
22.5750,47.9250,0.0721
22.6250,47.9250,0.0719
22.6750,47.9250,0.0717
22.7250,47.9250,0.0650
22.7750,47.9250,0.0684
22.8250,47.9250,0.0631
22.8750,47.9250,0.0607
16.1250,47.8750,0.1541
16.1750,47.8750,0.1575
16.2250,47.8750,0.1575
16.2750,47.8750,0.1797
16.3250,47.8750,0.1794
16.3750,47.8750,0.1754
16.4250,47.8750,0.1560
16.4750,47.8750,0.1554
16.5250,47.8750,0.1583
16.5750,47.8750,0.1241
16.6250,47.8750,0.1237
16.6750,47.8750,0.1166
16.7250,47.8750,0.0933
16.7750,47.8750,0.0933
16.8250,47.8750,0.0847
16.8750,47.8750,0.0847
16.9250,47.8750,0.0788
16.9750,47.8750,0.0761
17.0250,47.8750,0.0761
17.0750,47.8750,0.0710
17.1250,47.8750,0.0698
17.1750,47.8750,0.0691
17.2250,47.8750,0.0686
17.2750,47.8750,0.0670
17.3250,47.8750,0.0670
17.3750,47.8750,0.0669
17.4250,47.8750,0.0669
17.4750,47.8750,0.0683
17.5250,47.8750,0.0684
17.5750,47.8750,0.0684
17.6250,47.8750,0.0702
17.6750,47.8750,0.0725
17.7250,47.8750,0.0748
17.7750,47.8750,0.0774
17.8250,47.8750,0.0821
17.8750,47.8750,0.0839
17.9250,47.8750,0.0927
17.9750,47.8750,0.0927
18.0250,47.8750,0.1017
18.0750,47.8750,0.1108
18.1250,47.8750,0.1108
18.1750,47.8750,0.1165
18.2250,47.8750,0.1164
18.2750,47.8750,0.1193
18.3250,47.8750,0.1155
18.3750,47.8750,0.1155
18.4250,47.8750,0.1132
18.4750,47.8750,0.1081
18.5250,47.8750,0.1076
18.5750,47.8750,0.0932
18.6250,47.8750,0.0862
18.6750,47.8750,0.0862
18.7250,47.8750,0.0818
18.7750,47.8750,0.0802
18.8250,47.8750,0.0760
18.8750,47.8750,0.0716
18.9250,47.8750,0.0716
18.9750,47.8750,0.0701
19.0250,47.8750,0.0674
19.0750,47.8750,0.0675
19.1250,47.8750,0.0653
19.1750,47.8750,0.0646
19.2250,47.8750,0.0641
19.2750,47.8750,0.0616
19.3250,47.8750,0.0618
19.3750,47.8750,0.0598
19.4250,47.8750,0.0588
19.4750,47.8750,0.0588
19.5250,47.8750,0.0563
19.5750,47.8750,0.0550
19.6250,47.8750,0.0550
19.6750,47.8750,0.0546
19.7250,47.8750,0.0543
19.7750,47.8750,0.0541
19.8250,47.8750,0.0531
19.8750,47.8750,0.0531
19.9250,47.8750,0.0530
19.9750,47.8750,0.0521
20.0250,47.8750,0.0529
20.0750,47.8750,0.0517
20.1250,47.8750,0.0515
20.1750,47.8750,0.0515
20.2250,47.8750,0.0507
20.2750,47.8750,0.0505
20.3250,47.8750,0.0504
20.3750,47.8750,0.0500
20.4250,47.8750,0.0500
20.4750,47.8750,0.0493
20.5250,47.8750,0.0494
20.5750,47.8750,0.0494
20.6250,47.8750,0.0494
20.6750,47.8750,0.0487
20.7250,47.8750,0.0495
20.7750,47.8750,0.0487
20.8250,47.8750,0.0487
20.8750,47.8750,0.0507
20.9250,47.8750,0.0504
20.9750,47.8750,0.0509
21.0250,47.8750,0.0507
21.0750,47.8750,0.0503
21.1250,47.8750,0.0503
21.1750,47.8750,0.0505
21.2250,47.8750,0.0501
21.2750,47.8750,0.0501
21.3250,47.8750,0.0507
21.3750,47.8750,0.0507
21.4250,47.8750,0.0510
21.4750,47.8750,0.0522
21.5250,47.8750,0.0522
21.5750,47.8750,0.0539
21.6250,47.8750,0.0535
21.6750,47.8750,0.0534
21.7250,47.8750,0.0443
21.7750,47.8750,0.0445
21.8250,47.8750,0.0485
21.8750,47.8750,0.0486
21.9250,47.8750,0.0493
21.9750,47.8750,0.0526
22.0250,47.8750,0.0537
22.0750,47.8750,0.0589
22.1250,47.8750,0.0586
22.1750,47.8750,0.0676
22.2250,47.8750,0.0676
22.2750,47.8750,0.0683
22.3250,47.8750,0.0747
22.3750,47.8750,0.0747
22.4250,47.8750,0.0792
22.4750,47.8750,0.0792
22.5250,47.8750,0.0768
22.5750,47.8750,0.0779
22.6250,47.8750,0.0779
22.6750,47.8750,0.0764
22.7250,47.8750,0.0687
22.7750,47.8750,0.0687
22.8250,47.8750,0.0658
22.8750,47.8750,0.0650
16.1250,47.8251,0.1783
16.1750,47.8251,0.1726
16.2250,47.8251,0.1651
16.2750,47.8251,0.1574
16.3250,47.8251,0.1574
16.3750,47.8251,0.1753
16.4250,47.8251,0.1503
16.4750,47.8251,0.1503
16.5250,47.8251,0.1309
16.5750,47.8251,0.1309
16.6250,47.8251,0.1043
16.6750,47.8251,0.1036
16.7250,47.8251,0.0985
16.7750,47.8251,0.0899
16.8250,47.8251,0.0818
16.8750,47.8251,0.0818
16.9250,47.8251,0.0788
16.9750,47.8251,0.0741
17.0250,47.8251,0.0741
17.0750,47.8251,0.0705
17.1250,47.8251,0.0705
17.1750,47.8251,0.0680
17.2250,47.8251,0.0681
17.2750,47.8251,0.0681
17.3250,47.8251,0.0676
17.3750,47.8251,0.0673
17.4250,47.8251,0.0673
17.4750,47.8251,0.0684
17.5250,47.8251,0.0694
17.5750,47.8251,0.0705
17.6250,47.8251,0.0730
17.6750,47.8251,0.0730
17.7250,47.8251,0.0764
17.7750,47.8251,0.0824
17.8250,47.8251,0.0824
17.8750,47.8251,0.0894
17.9250,47.8251,0.0900
17.9750,47.8251,0.0974
18.0250,47.8251,0.1085
18.0750,47.8251,0.1093
18.1250,47.8251,0.1162
18.1750,47.8251,0.1189
18.2250,47.8251,0.1190
18.2750,47.8251,0.1195
18.3250,47.8251,0.1202
18.3750,47.8251,0.1202
18.4250,47.8251,0.1155
18.4750,47.8251,0.1149
18.5250,47.8251,0.1062
18.5750,47.8251,0.0948
18.6250,47.8251,0.0948
18.6750,47.8251,0.0880
18.7250,47.8251,0.0818
18.7750,47.8251,0.0818
18.8250,47.8251,0.0782
18.8750,47.8251,0.0741
18.9250,47.8251,0.0741
18.9750,47.8251,0.0703
19.0250,47.8251,0.0705
19.0750,47.8251,0.0688
19.1250,47.8251,0.0672
19.1750,47.8251,0.0672
19.2250,47.8251,0.0651
19.2750,47.8251,0.0631
19.3250,47.8251,0.0631
19.3750,47.8251,0.0619
19.4250,47.8251,0.0616
19.4750,47.8251,0.0603
19.5250,47.8251,0.0579
19.5750,47.8251,0.0580
19.6250,47.8251,0.0571
19.6750,47.8251,0.0560
19.7250,47.8251,0.0560
19.7750,47.8251,0.0545
19.8250,47.8251,0.0543
19.8750,47.8251,0.0543
19.9250,47.8251,0.0538
19.9750,47.8251,0.0534
20.0250,47.8251,0.0529
20.0750,47.8251,0.0528
20.1250,47.8251,0.0528
20.1750,47.8251,0.0525
20.2250,47.8251,0.0515
20.2750,47.8251,0.0516
20.3250,47.8251,0.0514
20.3750,47.8251,0.0514
20.4250,47.8251,0.0516
20.4750,47.8251,0.0505
20.5250,47.8251,0.0502
20.5750,47.8251,0.0501
20.6250,47.8251,0.0500
20.6750,47.8251,0.0500
20.7250,47.8251,0.0496
20.7750,47.8251,0.0513
20.8250,47.8251,0.0513
20.8750,47.8251,0.0507
20.9250,47.8251,0.0509
20.9750,47.8251,0.0509
21.0250,47.8251,0.0505
21.0750,47.8251,0.0505
21.1250,47.8251,0.0501
21.1750,47.8251,0.0502
21.2250,47.8251,0.0502
21.2750,47.8251,0.0505
21.3250,47.8251,0.0510
21.3750,47.8251,0.0513
21.4250,47.8251,0.0519
21.4750,47.8251,0.0535
21.5250,47.8251,0.0535
21.5750,47.8251,0.0552
21.6250,47.8251,0.0542
21.6750,47.8251,0.0439
21.7250,47.8251,0.0482
21.7750,47.8251,0.0482
21.8250,47.8251,0.0530
21.8750,47.8251,0.0533
21.9250,47.8251,0.0533
21.9750,47.8251,0.0603
22.0250,47.8251,0.0591
22.0750,47.8251,0.0668
22.1250,47.8251,0.0679
22.1750,47.8251,0.0679
22.2250,47.8251,0.0766
22.2750,47.8251,0.0759
22.3250,47.8251,0.0800
22.3750,47.8251,0.0819
22.4250,47.8251,0.0836
22.4750,47.8251,0.0837
22.5250,47.8251,0.0817
22.5750,47.8251,0.0827
22.6250,47.8251,0.0827
22.6750,47.8251,0.0802
22.7250,47.8251,0.0795
22.7750,47.8251,0.0738
22.8250,47.8251,0.0694
22.8750,47.8251,0.0694
16.1250,47.7751,0.1680
16.1750,47.7751,0.1680
16.2250,47.7751,0.1740
16.2750,47.7751,0.1740
16.3250,47.7751,0.1491
16.3750,47.7751,0.1558
16.4250,47.7751,0.1396
16.4750,47.7751,0.1201
16.5250,47.7751,0.0995
16.5750,47.7751,0.0995
16.6250,47.7751,0.1016
16.6750,47.7751,0.0888
16.7250,47.7751,0.0885
16.7750,47.7751,0.0805
16.8250,47.7751,0.0805
16.8750,47.7751,0.0750
16.9250,47.7751,0.0737
16.9750,47.7751,0.0721
17.0250,47.7751,0.0694
17.0750,47.7751,0.0674
17.1250,47.7751,0.0673
17.1750,47.7751,0.0680
17.2250,47.7751,0.0663
17.2750,47.7751,0.0660
17.3250,47.7751,0.0655
17.3750,47.7751,0.0655
17.4250,47.7751,0.0667
17.4750,47.7751,0.0678
17.5250,47.7751,0.0678
17.5750,47.7751,0.0694
17.6250,47.7751,0.0701
17.6750,47.7751,0.0732
17.7250,47.7751,0.0771
17.7750,47.7751,0.0808
17.8250,47.7751,0.0821
17.8750,47.7751,0.0890
17.9250,47.7751,0.0890
17.9750,47.7751,0.0987
18.0250,47.7751,0.1093
18.0750,47.7751,0.1093
18.1250,47.7751,0.1159
18.1750,47.7751,0.1159
18.2250,47.7751,0.1200
18.2750,47.7751,0.1185
18.3250,47.7751,0.1186
18.3750,47.7751,0.1174
18.4250,47.7751,0.1149
18.4750,47.7751,0.1148
18.5250,47.7751,0.1046
18.5750,47.7751,0.0915
18.6250,47.7751,0.0915
18.6750,47.7751,0.0863
18.7250,47.7751,0.0862
18.7750,47.7751,0.0818
18.8250,47.7751,0.0765
18.8750,47.7751,0.0765
18.9250,47.7751,0.0728
18.9750,47.7751,0.0706
19.0250,47.7751,0.0711
19.0750,47.7751,0.0684
19.1250,47.7751,0.0669
19.1750,47.7751,0.0669
19.2250,47.7751,0.0651
19.2750,47.7751,0.0660
19.3250,47.7751,0.0634
19.3750,47.7751,0.0625
19.4250,47.7751,0.0625
19.4750,47.7751,0.0617
19.5250,47.7751,0.0587
19.5750,47.7751,0.0587
19.6250,47.7751,0.0578
19.6750,47.7751,0.0577
19.7250,47.7751,0.0575
19.7750,47.7751,0.0550
19.8250,47.7751,0.0551
19.8750,47.7751,0.0547
19.9250,47.7751,0.0540
19.9750,47.7751,0.0547
20.0250,47.7751,0.0535
20.0750,47.7751,0.0532
20.1250,47.7751,0.0532
20.1750,47.7751,0.0533
20.2250,47.7751,0.0525
20.2750,47.7751,0.0521
20.3250,47.7751,0.0518
20.3750,47.7751,0.0518
20.4250,47.7751,0.0522
20.4750,47.7751,0.0510
20.5250,47.7751,0.0510
20.5750,47.7751,0.0508
20.6250,47.7751,0.0501
20.6750,47.7751,0.0508
20.7250,47.7751,0.0497
20.7750,47.7751,0.0508
20.8250,47.7751,0.0511
20.8750,47.7751,0.0507
20.9250,47.7751,0.0508
20.9750,47.7751,0.0506
21.0250,47.7751,0.0498
21.0750,47.7751,0.0498
21.1250,47.7751,0.0498
21.1750,47.7751,0.0499
21.2250,47.7751,0.0499
21.2750,47.7751,0.0507
21.3250,47.7751,0.0507
21.3750,47.7751,0.0521
21.4250,47.7751,0.0526
21.4750,47.7751,0.0526
21.5250,47.7751,0.0545
21.5750,47.7751,0.0555
21.6250,47.7751,0.0527
21.6750,47.7751,0.0471
21.7250,47.7751,0.0524
21.7750,47.7751,0.0525
21.8250,47.7751,0.0533
21.8750,47.7751,0.0618
21.9250,47.7751,0.0619
21.9750,47.7751,0.0696
22.0250,47.7751,0.0696
22.0750,47.7751,0.0675
22.1250,47.7751,0.0749
22.1750,47.7751,0.0749
22.2250,47.7751,0.0818
22.2750,47.7751,0.0813
22.3250,47.7751,0.0813
22.3750,47.7751,0.0836
22.4250,47.7751,0.0836
22.4750,47.7751,0.0857
22.5250,47.7751,0.0835
22.5750,47.7751,0.0835
22.6250,47.7751,0.0832
22.6750,47.7751,0.0803
22.7250,47.7751,0.0828
22.7750,47.7751,0.0766
22.8250,47.7751,0.0729
22.8750,47.7751,0.0729
16.1250,47.7251,0.1675
16.1750,47.7251,0.1581
16.2250,47.7251,0.1553
16.2750,47.7251,0.1553
16.3250,47.7251,0.1233
16.3750,47.7251,0.1295
16.4250,47.7251,0.1383
16.4750,47.7251,0.1057
16.5250,47.7251,0.1057
16.5750,47.7251,0.0913
16.6250,47.7251,0.0903
16.6750,47.7251,0.0828
16.7250,47.7251,0.0841
16.7750,47.7251,0.0776
16.8250,47.7251,0.0775
16.8750,47.7251,0.0722
16.9250,47.7251,0.0710
16.9750,47.7251,0.0711
17.0250,47.7251,0.0687
17.0750,47.7251,0.0687
17.1250,47.7251,0.0661
17.1750,47.7251,0.0663
17.2250,47.7251,0.0645
17.2750,47.7251,0.0661
17.3250,47.7251,0.0661
17.3750,47.7251,0.0661
17.4250,47.7251,0.0667
17.4750,47.7251,0.0664
17.5250,47.7251,0.0689
17.5750,47.7251,0.0715
17.6250,47.7251,0.0715
17.6750,47.7251,0.0759
17.7250,47.7251,0.0807
17.7750,47.7251,0.0807
17.8250,47.7251,0.0876
17.8750,47.7251,0.0876
17.9250,47.7251,0.0929
17.9750,47.7251,0.1013
18.0250,47.7251,0.1047
18.0750,47.7251,0.1159
18.1250,47.7251,0.1200
18.1750,47.7251,0.1200
18.2250,47.7251,0.1200
18.2750,47.7251,0.1215
18.3250,47.7251,0.1215
18.3750,47.7251,0.1200
18.4250,47.7251,0.1200
18.4750,47.7251,0.1142
18.5250,47.7251,0.1054
18.5750,47.7251,0.1053
18.6250,47.7251,0.0929
18.6750,47.7251,0.0865
18.7250,47.7251,0.0867
18.7750,47.7251,0.0829
18.8250,47.7251,0.0792
18.8750,47.7251,0.0792
18.9250,47.7251,0.0746
18.9750,47.7251,0.0745
19.0250,47.7251,0.0711
19.0750,47.7251,0.0699
19.1250,47.7251,0.0699
19.1750,47.7251,0.0681
19.2250,47.7251,0.0662
19.2750,47.7251,0.0665
19.3250,47.7251,0.0660
19.3750,47.7251,0.0655
19.4250,47.7251,0.0649
19.4750,47.7251,0.0617
19.5250,47.7251,0.0627
19.5750,47.7251,0.0610
19.6250,47.7251,0.0602
19.6750,47.7251,0.0602
19.7250,47.7251,0.0576
19.7750,47.7251,0.0574
19.8250,47.7251,0.0574
19.8750,47.7251,0.0570
19.9250,47.7251,0.0568
19.9750,47.7251,0.0561
20.0250,47.7251,0.0548
20.0750,47.7251,0.0548
20.1250,47.7251,0.0546
20.1750,47.7251,0.0533
20.2250,47.7251,0.0542
20.2750,47.7251,0.0534
20.3250,47.7251,0.0536
20.3750,47.7251,0.0536
20.4250,47.7251,0.0522
20.4750,47.7251,0.0524
20.5250,47.7251,0.0523
20.5750,47.7251,0.0517
20.6250,47.7251,0.0517
20.6750,47.7251,0.0510
20.7250,47.7251,0.0522
20.7750,47.7251,0.0522
20.8250,47.7251,0.0512
20.8750,47.7251,0.0508
20.9250,47.7251,0.0504
20.9750,47.7251,0.0501
21.0250,47.7251,0.0501
21.0750,47.7251,0.0497
21.1250,47.7251,0.0498
21.1750,47.7251,0.0498
21.2250,47.7251,0.0503
21.2750,47.7251,0.0514
21.3250,47.7251,0.0514
21.3750,47.7251,0.0521
21.4250,47.7251,0.0539
21.4750,47.7251,0.0539
21.5250,47.7251,0.0556
21.5750,47.7251,0.0552
21.6250,47.7251,0.0527
21.6750,47.7251,0.0515
21.7250,47.7251,0.0515
21.7750,47.7251,0.0597
21.8250,47.7251,0.0616
21.8750,47.7251,0.0617
21.9250,47.7251,0.0711
21.9750,47.7251,0.0714
22.0250,47.7251,0.0777
22.0750,47.7251,0.0776
22.1250,47.7251,0.0821
22.1750,47.7251,0.0826
22.2250,47.7251,0.0821
22.2750,47.7251,0.0846
22.3250,47.7251,0.0853
22.3750,47.7251,0.0862
22.4250,47.7251,0.0862
22.4750,47.7251,0.0857
22.5250,47.7251,0.0859
22.5750,47.7251,0.0859
22.6250,47.7251,0.0852
22.6750,47.7251,0.0842
22.7250,47.7251,0.0828
22.7750,47.7251,0.0811
22.8250,47.7251,0.0811
22.8750,47.7251,0.0780
16.1250,47.6751,0.1675
16.1750,47.6751,0.1465
16.2250,47.6751,0.1465
16.2750,47.6751,0.1413
16.3250,47.6751,0.1221
16.3750,47.6751,0.1040
16.4250,47.6751,0.1003
16.4750,47.6751,0.0875
16.5250,47.6751,0.0875
16.5750,47.6751,0.0823
16.6250,47.6751,0.0822
16.6750,47.6751,0.0827
16.7250,47.6751,0.0750
16.7750,47.6751,0.0750
16.8250,47.6751,0.0703
16.8750,47.6751,0.0710
16.9250,47.6751,0.0678
16.9750,47.6751,0.0673
17.0250,47.6751,0.0648
17.0750,47.6751,0.0648
17.1250,47.6751,0.0637
17.1750,47.6751,0.0634
17.2250,47.6751,0.0641
17.2750,47.6751,0.0634
17.3250,47.6751,0.0634
17.3750,47.6751,0.0642
17.4250,47.6751,0.0664
17.4750,47.6751,0.0666
17.5250,47.6751,0.0678
17.5750,47.6751,0.0684
17.6250,47.6751,0.0707
17.6750,47.6751,0.0759
17.7250,47.6751,0.0776
17.7750,47.6751,0.0810
17.8250,47.6751,0.0881
17.8750,47.6751,0.0881
17.9250,47.6751,0.0981
17.9750,47.6751,0.1046
18.0250,47.6751,0.1046
18.0750,47.6751,0.1150
18.1250,47.6751,0.1150
18.1750,47.6751,0.1197
18.2250,47.6751,0.1201
18.2750,47.6751,0.1220
18.3250,47.6751,0.1195
18.3750,47.6751,0.1174
18.4250,47.6751,0.1174
18.4750,47.6751,0.1142
18.5250,47.6751,0.1008
18.5750,47.6751,0.1007
18.6250,47.6751,0.0908
18.6750,47.6751,0.0908
18.7250,47.6751,0.0867
18.7750,47.6751,0.0812
18.8250,47.6751,0.0812
18.8750,47.6751,0.0771
18.9250,47.6751,0.0746
18.9750,47.6751,0.0747
19.0250,47.6751,0.0708
19.0750,47.6751,0.0691
19.1250,47.6751,0.0691
19.1750,47.6751,0.0682
19.2250,47.6751,0.0682
19.2750,47.6751,0.0667
19.3250,47.6751,0.0659
19.3750,47.6751,0.0659
19.4250,47.6751,0.0648
19.4750,47.6751,0.0628
19.5250,47.6751,0.0629
19.5750,47.6751,0.0614
19.6250,47.6751,0.0613
19.6750,47.6751,0.0606
19.7250,47.6751,0.0591
19.7750,47.6751,0.0599
19.8250,47.6751,0.0581
19.8750,47.6751,0.0577
19.9250,47.6751,0.0577
19.9750,47.6751,0.0562
20.0250,47.6751,0.0555
20.0750,47.6751,0.0555
20.1250,47.6751,0.0550
20.1750,47.6751,0.0548
20.2250,47.6751,0.0542
20.2750,47.6751,0.0538
20.3250,47.6751,0.0538
20.3750,47.6751,0.0537
20.4250,47.6751,0.0529
20.4750,47.6751,0.0534
20.5250,47.6751,0.0525
20.5750,47.6751,0.0515
20.6250,47.6751,0.0515
20.6750,47.6751,0.0511
20.7250,47.6751,0.0517
20.7750,47.6751,0.0517
20.8250,47.6751,0.0507
20.8750,47.6751,0.0507
20.9250,47.6751,0.0504
20.9750,47.6751,0.0493
21.0250,47.6751,0.0493
21.0750,47.6751,0.0495
21.1250,47.6751,0.0498
21.1750,47.6751,0.0498
21.2250,47.6751,0.0505
21.2750,47.6751,0.0506
21.3250,47.6751,0.0520
21.3750,47.6751,0.0530
21.4250,47.6751,0.0527
21.4750,47.6751,0.0549
21.5250,47.6751,0.0508
21.5750,47.6751,0.0476
21.6250,47.6751,0.0497
21.6750,47.6751,0.0569
21.7250,47.6751,0.0569
21.7750,47.6751,0.0674
21.8250,47.6751,0.0690
21.8750,47.6751,0.0691
21.9250,47.6751,0.0773
21.9750,47.6751,0.0773
22.0250,47.6751,0.0820
22.0750,47.6751,0.0817
22.1250,47.6751,0.0817
22.1750,47.6751,0.0847
22.2250,47.6751,0.0846
22.2750,47.6751,0.0863
22.3250,47.6751,0.0858
22.3750,47.6751,0.0859
22.4250,47.6751,0.0863
22.4750,47.6751,0.0860
22.5250,47.6751,0.0864
22.5750,47.6751,0.0856
22.6250,47.6751,0.0856
22.6750,47.6751,0.0856
22.7250,47.6751,0.0836
22.7750,47.6751,0.0818
22.8250,47.6751,0.0818
22.8750,47.6751,0.0804
16.1250,47.6251,0.1383
16.1750,47.6251,0.1178
16.2250,47.6251,0.1178
16.2750,47.6251,0.1020
16.3250,47.6251,0.1020
16.3750,47.6251,0.1038
16.4250,47.6251,0.0900
16.4750,47.6251,0.0900
16.5250,47.6251,0.0828
16.5750,47.6251,0.0822
16.6250,47.6251,0.0752
16.6750,47.6251,0.0776
16.7250,47.6251,0.0719
16.7750,47.6251,0.0718
16.8250,47.6251,0.0678
16.8750,47.6251,0.0678
16.9250,47.6251,0.0678
16.9750,47.6251,0.0655
17.0250,47.6251,0.0655
17.0750,47.6251,0.0632
17.1250,47.6251,0.0634
17.1750,47.6251,0.0611
17.2250,47.6251,0.0630
17.2750,47.6251,0.0632
17.3250,47.6251,0.0633
17.3750,47.6251,0.0639
17.4250,47.6251,0.0639
17.4750,47.6251,0.0666
17.5250,47.6251,0.0696
17.5750,47.6251,0.0696
17.6250,47.6251,0.0727
17.6750,47.6251,0.0775
17.7250,47.6251,0.0784
17.7750,47.6251,0.0865
17.8250,47.6251,0.0868
17.8750,47.6251,0.0965
17.9250,47.6251,0.0982
17.9750,47.6251,0.1077
18.0250,47.6251,0.1122
18.0750,47.6251,0.1192
18.1250,47.6251,0.1192
18.1750,47.6251,0.1212
18.2250,47.6251,0.1222
18.2750,47.6251,0.1222
18.3250,47.6251,0.1221
18.3750,47.6251,0.1221
18.4250,47.6251,0.1181
18.4750,47.6251,0.1139
18.5250,47.6251,0.1116
18.5750,47.6251,0.1038
18.6250,47.6251,0.0924
18.6750,47.6251,0.0924
18.7250,47.6251,0.0867
18.7750,47.6251,0.0834
18.8250,47.6251,0.0834
18.8750,47.6251,0.0795
18.9250,47.6251,0.0795
18.9750,47.6251,0.0749
19.0250,47.6251,0.0724
19.0750,47.6251,0.0724
19.1250,47.6251,0.0706
19.1750,47.6251,0.0682
19.2250,47.6251,0.0687
19.2750,47.6251,0.0678
19.3250,47.6251,0.0669
19.3750,47.6251,0.0669
19.4250,47.6251,0.0648
19.4750,47.6251,0.0648
19.5250,47.6251,0.0638
19.5750,47.6251,0.0626
19.6250,47.6251,0.0626
19.6750,47.6251,0.0611
19.7250,47.6251,0.0602
19.7750,47.6251,0.0602
19.8250,47.6251,0.0595
19.8750,47.6251,0.0594
19.9250,47.6251,0.0584
19.9750,47.6251,0.0575
20.0250,47.6251,0.0574
20.0750,47.6251,0.0568
20.1250,47.6251,0.0554
20.1750,47.6251,0.0556
20.2250,47.6251,0.0548
20.2750,47.6251,0.0546
20.3250,47.6251,0.0546
20.3750,47.6251,0.0541
20.4250,47.6251,0.0537
20.4750,47.6251,0.0536
20.5250,47.6251,0.0525
20.5750,47.6251,0.0525
20.6250,47.6251,0.0511
20.6750,47.6251,0.0525
20.7250,47.6251,0.0525
20.7750,47.6251,0.0512
20.8250,47.6251,0.0505
20.8750,47.6251,0.0494
20.9250,47.6251,0.0496
20.9750,47.6251,0.0494
21.0250,47.6251,0.0494
21.0750,47.6251,0.0495
21.1250,47.6251,0.0495
21.1750,47.6251,0.0501
21.2250,47.6251,0.0512
21.2750,47.6251,0.0512
21.3250,47.6251,0.0528
21.3750,47.6251,0.0498
21.4250,47.6251,0.0498
21.4750,47.6251,0.0448
21.5250,47.6251,0.0453
21.5750,47.6251,0.0514
21.6250,47.6251,0.0542
21.6750,47.6251,0.0543
21.7250,47.6251,0.0654
21.7750,47.6251,0.0685
21.8250,47.6251,0.0733
21.8750,47.6251,0.0766
21.9250,47.6251,0.0818
21.9750,47.6251,0.0818
22.0250,47.6251,0.0823
22.0750,47.6251,0.0851
22.1250,47.6251,0.0851
22.1750,47.6251,0.0863
22.2250,47.6251,0.0863
22.2750,47.6251,0.0866
22.3250,47.6251,0.0874
22.3750,47.6251,0.0874
22.4250,47.6251,0.0868
22.4750,47.6251,0.0873
22.5250,47.6251,0.0873
22.5750,47.6251,0.0870
22.6250,47.6251,0.0860
22.6750,47.6251,0.0855
22.7250,47.6251,0.0854
22.7750,47.6251,0.0853
22.8250,47.6251,0.0834
22.8750,47.6251,0.0806
16.1250,47.5751,0.1048
16.1750,47.5751,0.1048
16.2250,47.5751,0.0918
16.2750,47.5751,0.1008
16.3250,47.5751,0.0853
16.3750,47.5751,0.0872
16.4250,47.5751,0.0783
16.4750,47.5751,0.0783
16.5250,47.5751,0.0722
16.5750,47.5751,0.0722
16.6250,47.5751,0.0743
16.6750,47.5751,0.0696
16.7250,47.5751,0.0696
16.7750,47.5751,0.0662
16.8250,47.5751,0.0674
16.8750,47.5751,0.0632
16.9250,47.5751,0.0639
16.9750,47.5751,0.0610
17.0250,47.5751,0.0608
17.0750,47.5751,0.0592
17.1250,47.5751,0.0592
17.1750,47.5751,0.0611
17.2250,47.5751,0.0600
17.2750,47.5751,0.0600
17.3250,47.5751,0.0606
17.3750,47.5751,0.0631
17.4250,47.5751,0.0628
17.4750,47.5751,0.0654
17.5250,47.5751,0.0662
17.5750,47.5751,0.0683
17.6250,47.5751,0.0728
17.6750,47.5751,0.0728
17.7250,47.5751,0.0786
17.7750,47.5751,0.0868
17.8250,47.5751,0.0868
17.8750,47.5751,0.1003
17.9250,47.5751,0.1065
17.9750,47.5751,0.1107
18.0250,47.5751,0.1144
18.0750,47.5751,0.1144
18.1250,47.5751,0.1181
18.1750,47.5751,0.1212
18.2250,47.5751,0.1211
18.2750,47.5751,0.1202
18.3250,47.5751,0.1193
18.3750,47.5751,0.1193
18.4250,47.5751,0.1170
18.4750,47.5751,0.1110
18.5250,47.5751,0.1107
18.5750,47.5751,0.0974
18.6250,47.5751,0.0974
18.6750,47.5751,0.0905
18.7250,47.5751,0.0860
18.7750,47.5751,0.0861
18.8250,47.5751,0.0811
18.8750,47.5751,0.0778
18.9250,47.5751,0.0777
18.9750,47.5751,0.0749
19.0250,47.5751,0.0713
19.0750,47.5751,0.0713
19.1250,47.5751,0.0698
19.1750,47.5751,0.0698
19.2250,47.5751,0.0687
19.2750,47.5751,0.0669
19.3250,47.5751,0.0669
19.3750,47.5751,0.0656
19.4250,47.5751,0.0648
19.4750,47.5751,0.0645
19.5250,47.5751,0.0630
19.5750,47.5751,0.0623
19.6250,47.5751,0.0618
19.6750,47.5751,0.0611
19.7250,47.5751,0.0610
19.7750,47.5751,0.0598
19.8250,47.5751,0.0588
19.8750,47.5751,0.0588
19.9250,47.5751,0.0582
19.9750,47.5751,0.0570
20.0250,47.5751,0.0570
20.0750,47.5751,0.0555
20.1250,47.5751,0.0555
20.1750,47.5751,0.0549
20.2250,47.5751,0.0547
20.2750,47.5751,0.0547
20.3250,47.5751,0.0539
20.3750,47.5751,0.0540
20.4250,47.5751,0.0533
20.4750,47.5751,0.0528
20.5250,47.5751,0.0510
20.5750,47.5751,0.0510
20.6250,47.5751,0.0511
20.6750,47.5751,0.0509
20.7250,47.5751,0.0509
20.7750,47.5751,0.0494
20.8250,47.5751,0.0494
20.8750,47.5751,0.0487
20.9250,47.5751,0.0487
20.9750,47.5751,0.0487
21.0250,47.5751,0.0490
21.0750,47.5751,0.0495
21.1250,47.5751,0.0497
21.1750,47.5751,0.0503
21.2250,47.5751,0.0511
21.2750,47.5751,0.0515
21.3250,47.5751,0.0528
21.3750,47.5751,0.0405
21.4250,47.5751,0.0416
21.4750,47.5751,0.0470
21.5250,47.5751,0.0470
21.5750,47.5751,0.0514
21.6250,47.5751,0.0619
21.6750,47.5751,0.0619
21.7250,47.5751,0.0705
21.7750,47.5751,0.0733
21.8250,47.5751,0.0734
21.8750,47.5751,0.0794
21.9250,47.5751,0.0794
21.9750,47.5751,0.0832
22.0250,47.5751,0.0837
22.0750,47.5751,0.0837
22.1250,47.5751,0.0852
22.1750,47.5751,0.0864
22.2250,47.5751,0.0868
22.2750,47.5751,0.0860
22.3250,47.5751,0.0867
22.3750,47.5751,0.0867
22.4250,47.5751,0.0868
22.4750,47.5751,0.0865
22.5250,47.5751,0.0862
22.5750,47.5751,0.0863
22.6250,47.5751,0.0863
22.6750,47.5751,0.0855
22.7250,47.5751,0.0844
22.7750,47.5751,0.0844
22.8250,47.5751,0.0832
22.8750,47.5751,0.0810
16.1250,47.5251,0.0919
16.1750,47.5251,0.0926
16.2250,47.5251,0.0846
16.2750,47.5251,0.0846
16.3250,47.5251,0.0762
16.3750,47.5251,0.0792
16.4250,47.5251,0.0792
16.4750,47.5251,0.0727
16.5250,47.5251,0.0720
16.5750,47.5251,0.0681
16.6250,47.5251,0.0694
16.6750,47.5251,0.0653
16.7250,47.5251,0.0663
16.7750,47.5251,0.0627
16.8250,47.5251,0.0627
16.8750,47.5251,0.0600
16.9250,47.5251,0.0607
16.9750,47.5251,0.0607
17.0250,47.5251,0.0583
17.0750,47.5251,0.0585
17.1250,47.5251,0.0563
17.1750,47.5251,0.0588
17.2250,47.5251,0.0575
17.2750,47.5251,0.0591
17.3250,47.5251,0.0600
17.3750,47.5251,0.0600
17.4250,47.5251,0.0628
17.4750,47.5251,0.0661
17.5250,47.5251,0.0661
17.5750,47.5251,0.0696
17.6250,47.5251,0.0705
17.6750,47.5251,0.0739
17.7250,47.5251,0.0822
17.7750,47.5251,0.0826
17.8250,47.5251,0.0915
17.8750,47.5251,0.1045
17.9250,47.5251,0.1055
17.9750,47.5251,0.1128
18.0250,47.5251,0.1192
18.0750,47.5251,0.1192
18.1250,47.5251,0.1203
18.1750,47.5251,0.1207
18.2250,47.5251,0.1209
18.2750,47.5251,0.1224
18.3250,47.5251,0.1224
18.3750,47.5251,0.1210
18.4250,47.5251,0.1169
18.4750,47.5251,0.1158
18.5250,47.5251,0.1104
18.5750,47.5251,0.0978
18.6250,47.5251,0.0978
18.6750,47.5251,0.0897
18.7250,47.5251,0.0868
18.7750,47.5251,0.0866
18.8250,47.5251,0.0824
18.8750,47.5251,0.0824
18.9250,47.5251,0.0773
18.9750,47.5251,0.0754
19.0250,47.5251,0.0753
19.0750,47.5251,0.0725
19.1250,47.5251,0.0700
19.1750,47.5251,0.0699
19.2250,47.5251,0.0688
19.2750,47.5251,0.0673
19.3250,47.5251,0.0673
19.3750,47.5251,0.0655
19.4250,47.5251,0.0655
19.4750,47.5251,0.0645
19.5250,47.5251,0.0634
19.5750,47.5251,0.0634
19.6250,47.5251,0.0620
19.6750,47.5251,0.0610
19.7250,47.5251,0.0608
19.7750,47.5251,0.0603
19.8250,47.5251,0.0601
19.8750,47.5251,0.0589
19.9250,47.5251,0.0581
19.9750,47.5251,0.0571
20.0250,47.5251,0.0572
20.0750,47.5251,0.0553
20.1250,47.5251,0.0553
20.1750,47.5251,0.0549
20.2250,47.5251,0.0545
20.2750,47.5251,0.0545
20.3250,47.5251,0.0536
20.3750,47.5251,0.0535
20.4250,47.5251,0.0531
20.4750,47.5251,0.0517
20.5250,47.5251,0.0517
20.5750,47.5251,0.0518
20.6250,47.5251,0.0513
20.6750,47.5251,0.0493
20.7250,47.5251,0.0497
20.7750,47.5251,0.0484
20.8250,47.5251,0.0484
20.8750,47.5251,0.0487
20.9250,47.5251,0.0488
20.9750,47.5251,0.0488
21.0250,47.5251,0.0491
21.0750,47.5251,0.0491
21.1250,47.5251,0.0497
21.1750,47.5251,0.0508
21.2250,47.5251,0.0508
21.2750,47.5251,0.0482
21.3250,47.5251,0.0401
21.3750,47.5251,0.0401
21.4250,47.5251,0.0426
21.4750,47.5251,0.0442
21.5250,47.5251,0.0489
21.5750,47.5251,0.0548
21.6250,47.5251,0.0612
21.6750,47.5251,0.0670
21.7250,47.5251,0.0719
21.7750,47.5251,0.0726
21.8250,47.5251,0.0779
21.8750,47.5251,0.0816
21.9250,47.5251,0.0816
21.9750,47.5251,0.0833
22.0250,47.5251,0.0855
22.0750,47.5251,0.0855
22.1250,47.5251,0.0860
22.1750,47.5251,0.0860
22.2250,47.5251,0.0860
22.2750,47.5251,0.0870
22.3250,47.5251,0.0870
22.3750,47.5251,0.0867
22.4250,47.5251,0.0871
22.4750,47.5251,0.0863
22.5250,47.5251,0.0865
22.5750,47.5251,0.0856
22.6250,47.5251,0.0855
22.6750,47.5251,0.0856
22.7250,47.5251,0.0846
22.7750,47.5251,0.0846
22.8250,47.5251,0.0822
22.8750,47.5251,0.0821
16.1250,47.4751,0.0878
16.1750,47.4751,0.0795
16.2250,47.4751,0.0789
16.2750,47.4751,0.0725
16.3250,47.4751,0.0757
16.3750,47.4751,0.0690
16.4250,47.4751,0.0693
16.4750,47.4751,0.0652
16.5250,47.4751,0.0652
16.5750,47.4751,0.0617
16.6250,47.4751,0.0636
16.6750,47.4751,0.0636
16.7250,47.4751,0.0597
16.7750,47.4751,0.0596
16.8250,47.4751,0.0565
16.8750,47.4751,0.0587
16.9250,47.4751,0.0546
16.9750,47.4751,0.0553
17.0250,47.4751,0.0542
17.0750,47.4751,0.0542
17.1250,47.4751,0.0541
17.1750,47.4751,0.0553
17.2250,47.4751,0.0553
17.2750,47.4751,0.0557
17.3250,47.4751,0.0559
17.3750,47.4751,0.0580
17.4250,47.4751,0.0617
17.4750,47.4751,0.0618
17.5250,47.4751,0.0645
17.5750,47.4751,0.0685
17.6250,47.4751,0.0685
17.6750,47.4751,0.0739
17.7250,47.4751,0.0813
17.7750,47.4751,0.0813
17.8250,47.4751,0.0908
17.8750,47.4751,0.0918
17.9250,47.4751,0.1062
17.9750,47.4751,0.1126
18.0250,47.4751,0.1126
18.0750,47.4751,0.1169
18.1250,47.4751,0.1197
18.1750,47.4751,0.1193
18.2250,47.4751,0.1202
18.2750,47.4751,0.1190
18.3250,47.4751,0.1190
18.3750,47.4751,0.1175
18.4250,47.4751,0.1169
18.4750,47.4751,0.1158
18.5250,47.4751,0.1045
18.5750,47.4751,0.1045
18.6250,47.4751,0.0926
18.6750,47.4751,0.0893
18.7250,47.4751,0.0878
18.7750,47.4751,0.0833
18.8250,47.4751,0.0791
18.8750,47.4751,0.0790
18.9250,47.4751,0.0773
18.9750,47.4751,0.0729
19.0250,47.4751,0.0726
19.0750,47.4751,0.0704
19.1250,47.4751,0.0704
19.1750,47.4751,0.0691
19.2250,47.4751,0.0677
19.2750,47.4751,0.0677
19.3250,47.4751,0.0658
19.3750,47.4751,0.0655
19.4250,47.4751,0.0645
19.4750,47.4751,0.0636
19.5250,47.4751,0.0620
19.5750,47.4751,0.0620
19.6250,47.4751,0.0610
19.6750,47.4751,0.0610
19.7250,47.4751,0.0602
19.7750,47.4751,0.0587
19.8250,47.4751,0.0587
19.8750,47.4751,0.0577
19.9250,47.4751,0.0570
19.9750,47.4751,0.0570
20.0250,47.4751,0.0552
20.0750,47.4751,0.0552
20.1250,47.4751,0.0541
20.1750,47.4751,0.0544
20.2250,47.4751,0.0540
20.2750,47.4751,0.0530
20.3250,47.4751,0.0519
20.3750,47.4751,0.0518
20.4250,47.4751,0.0518
20.4750,47.4751,0.0490
20.5250,47.4751,0.0490
20.5750,47.4751,0.0493
20.6250,47.4751,0.0491
20.6750,47.4751,0.0491
20.7250,47.4751,0.0481
20.7750,47.4751,0.0481
20.8250,47.4751,0.0478
20.8750,47.4751,0.0481
20.9250,47.4751,0.0481
20.9750,47.4751,0.0485
21.0250,47.4751,0.0491
21.0750,47.4751,0.0492
21.1250,47.4751,0.0498
21.1750,47.4751,0.0411
21.2250,47.4751,0.0411
21.2750,47.4751,0.0400
21.3250,47.4751,0.0386
21.3750,47.4751,0.0403
21.4250,47.4751,0.0433
21.4750,47.4751,0.0433
21.5250,47.4751,0.0497
21.5750,47.4751,0.0574
21.6250,47.4751,0.0574
21.6750,47.4751,0.0674
21.7250,47.4751,0.0723
21.7750,47.4751,0.0723
21.8250,47.4751,0.0778
21.8750,47.4751,0.0782
21.9250,47.4751,0.0814
21.9750,47.4751,0.0833
22.0250,47.4751,0.0832
22.0750,47.4751,0.0847
22.1250,47.4751,0.0850
22.1750,47.4751,0.0850
22.2250,47.4751,0.0858
22.2750,47.4751,0.0857
22.3250,47.4751,0.0857
22.3750,47.4751,0.0854
22.4250,47.4751,0.0858
22.4750,47.4751,0.0858
22.5250,47.4751,0.0846
22.5750,47.4751,0.0846
22.6250,47.4751,0.0838
22.6750,47.4751,0.0837
22.7250,47.4751,0.0837
22.7750,47.4751,0.0820
22.8250,47.4751,0.0821
22.8750,47.4751,0.0799
16.1250,47.4251,0.0797
16.1750,47.4251,0.0722
16.2250,47.4251,0.0722
16.2750,47.4251,0.0674
16.3250,47.4251,0.0689
16.3750,47.4251,0.0689
16.4250,47.4251,0.0649
16.4750,47.4251,0.0647
16.5250,47.4251,0.0602
16.5750,47.4251,0.0617
16.6250,47.4251,0.0552
16.6750,47.4251,0.0583
16.7250,47.4251,0.0550
16.7750,47.4251,0.0550
16.8250,47.4251,0.0532
16.8750,47.4251,0.0545
16.9250,47.4251,0.0545
16.9750,47.4251,0.0533
17.0250,47.4251,0.0533
17.0750,47.4251,0.0525
17.1250,47.4251,0.0539
17.1750,47.4251,0.0520
17.2250,47.4251,0.0541
17.2750,47.4251,0.0548
17.3250,47.4251,0.0548
17.3750,47.4251,0.0567
17.4250,47.4251,0.0615
17.4750,47.4251,0.0615
17.5250,47.4251,0.0653
17.5750,47.4251,0.0653
17.6250,47.4251,0.0687
17.6750,47.4251,0.0749
17.7250,47.4251,0.0737
17.7750,47.4251,0.0848
17.8250,47.4251,0.0937
17.8750,47.4251,0.0937
17.9250,47.4251,0.1062
17.9750,47.4251,0.1150
18.0250,47.4251,0.1150
18.0750,47.4251,0.1193
18.1250,47.4251,0.1193
18.1750,47.4251,0.1195
18.2250,47.4251,0.1209
18.2750,47.4251,0.1209
18.3250,47.4251,0.1205
18.3750,47.4251,0.1173
18.4250,47.4251,0.1168
18.4750,47.4251,0.1149
18.5250,47.4251,0.1046
18.5750,47.4251,0.1046
18.6250,47.4251,0.0916
18.6750,47.4251,0.0906
18.7250,47.4251,0.0878
18.7750,47.4251,0.0837
18.8250,47.4251,0.0837
18.8750,47.4251,0.0787
18.9250,47.4251,0.0761
18.9750,47.4251,0.0738
19.0250,47.4251,0.0729
19.0750,47.4251,0.0703
19.1250,47.4251,0.0703
19.1750,47.4251,0.0691
19.2250,47.4251,0.0677
19.2750,47.4251,0.0677
19.3250,47.4251,0.0657
19.3750,47.4251,0.0657
19.4250,47.4251,0.0638
19.4750,47.4251,0.0635
19.5250,47.4251,0.0635
19.5750,47.4251,0.0619
19.6250,47.4251,0.0610
19.6750,47.4251,0.0600
19.7250,47.4251,0.0600
19.7750,47.4251,0.0586
19.8250,47.4251,0.0584
19.8750,47.4251,0.0576
19.9250,47.4251,0.0563
19.9750,47.4251,0.0563
20.0250,47.4251,0.0545
20.0750,47.4251,0.0545
20.1250,47.4251,0.0532
20.1750,47.4251,0.0533
20.2250,47.4251,0.0533
20.2750,47.4251,0.0518
20.3250,47.4251,0.0518
20.3750,47.4251,0.0491
20.4250,47.4251,0.0496
20.4750,47.4251,0.0496
20.5250,47.4251,0.0495
20.5750,47.4251,0.0493
20.6250,47.4251,0.0481
20.6750,47.4251,0.0483
20.7250,47.4251,0.0473
20.7750,47.4251,0.0473
20.8250,47.4251,0.0476
20.8750,47.4251,0.0482
20.9250,47.4251,0.0482
20.9750,47.4251,0.0486
21.0250,47.4251,0.0486
21.0750,47.4251,0.0467
21.1250,47.4251,0.0365
21.1750,47.4251,0.0365
21.2250,47.4251,0.0371
21.2750,47.4251,0.0384
21.3250,47.4251,0.0384
21.3750,47.4251,0.0406
21.4250,47.4251,0.0437
21.4750,47.4251,0.0438
21.5250,47.4251,0.0497
21.5750,47.4251,0.0566
21.6250,47.4251,0.0572
21.6750,47.4251,0.0643
21.7250,47.4251,0.0643
21.7750,47.4251,0.0723
21.8250,47.4251,0.0773
21.8750,47.4251,0.0773
21.9250,47.4251,0.0802
21.9750,47.4251,0.0832
22.0250,47.4251,0.0832
22.0750,47.4251,0.0841
22.1250,47.4251,0.0842
22.1750,47.4251,0.0839
22.2250,47.4251,0.0854
22.2750,47.4251,0.0854
22.3250,47.4251,0.0849
22.3750,47.4251,0.0853
22.4250,47.4251,0.0832
22.4750,47.4251,0.0850
22.5250,47.4251,0.0827
22.5750,47.4251,0.0827
22.6250,47.4251,0.0837
22.6750,47.4251,0.0819
22.7250,47.4251,0.0819
22.7750,47.4251,0.0785
22.8250,47.4251,0.0786
22.8750,47.4251,0.0798
16.1250,47.3751,0.0693
16.1750,47.3751,0.0692
16.2250,47.3751,0.0650
16.2750,47.3751,0.0674
16.3250,47.3751,0.0610
16.3750,47.3751,0.0624
16.4250,47.3751,0.0569
16.4750,47.3751,0.0569
16.5250,47.3751,0.0537
16.5750,47.3751,0.0551
16.6250,47.3751,0.0548
16.6750,47.3751,0.0530
16.7250,47.3751,0.0530
16.7750,47.3751,0.0515
16.8250,47.3751,0.0532
16.8750,47.3751,0.0502
16.9250,47.3751,0.0516
16.9750,47.3751,0.0505
17.0250,47.3751,0.0505
17.0750,47.3751,0.0502
17.1250,47.3751,0.0520
17.1750,47.3751,0.0520
17.2250,47.3751,0.0524
17.2750,47.3751,0.0524
17.3250,47.3751,0.0534
17.3750,47.3751,0.0567
17.4250,47.3751,0.0554
17.4750,47.3751,0.0597
17.5250,47.3751,0.0634
17.5750,47.3751,0.0634
17.6250,47.3751,0.0676
17.6750,47.3751,0.0729
17.7250,47.3751,0.0729
17.7750,47.3751,0.0825
17.8250,47.3751,0.0825
17.8750,47.3751,0.0940
17.9250,47.3751,0.1076
17.9750,47.3751,0.1089
18.0250,47.3751,0.1128
18.0750,47.3751,0.1162
18.1250,47.3751,0.1162
18.1750,47.3751,0.1195
18.2250,47.3751,0.1180
18.2750,47.3751,0.1180
18.3250,47.3751,0.1170
18.3750,47.3751,0.1170
18.4250,47.3751,0.1146
18.4750,47.3751,0.1100
18.5250,47.3751,0.1100
18.5750,47.3751,0.0965
18.6250,47.3751,0.0915
18.6750,47.3751,0.0890
18.7250,47.3751,0.0846
18.7750,47.3751,0.0794
18.8250,47.3751,0.0794
18.8750,47.3751,0.0757
18.9250,47.3751,0.0749
18.9750,47.3751,0.0735
19.0250,47.3751,0.0703
19.0750,47.3751,0.0703
19.1250,47.3751,0.0687
19.1750,47.3751,0.0679
19.2250,47.3751,0.0677
19.2750,47.3751,0.0656
19.3250,47.3751,0.0642
19.3750,47.3751,0.0641
19.4250,47.3751,0.0635
19.4750,47.3751,0.0616
19.5250,47.3751,0.0616
19.5750,47.3751,0.0602
19.6250,47.3751,0.0602
19.6750,47.3751,0.0600
19.7250,47.3751,0.0580
19.7750,47.3751,0.0580
19.8250,47.3751,0.0562
19.8750,47.3751,0.0563
19.9250,47.3751,0.0549
19.9750,47.3751,0.0543
20.0250,47.3751,0.0537
20.0750,47.3751,0.0527
20.1250,47.3751,0.0532
20.1750,47.3751,0.0511
20.2250,47.3751,0.0506
20.2750,47.3751,0.0482
20.3250,47.3751,0.0482
20.3750,47.3751,0.0491
20.4250,47.3751,0.0459
20.4750,47.3751,0.0459
20.5250,47.3751,0.0472
20.5750,47.3751,0.0479
20.6250,47.3751,0.0474
20.6750,47.3751,0.0469
20.7250,47.3751,0.0469
20.7750,47.3751,0.0469
20.8250,47.3751,0.0474
20.8750,47.3751,0.0475
20.9250,47.3751,0.0479
20.9750,47.3751,0.0354
21.0250,47.3751,0.0354
21.0750,47.3751,0.0467
21.1250,47.3751,0.0360
21.1750,47.3751,0.0360
21.2250,47.3751,0.0369
21.2750,47.3751,0.0370
21.3250,47.3751,0.0384
21.3750,47.3751,0.0405
21.4250,47.3751,0.0405
21.4750,47.3751,0.0434
21.5250,47.3751,0.0490
21.5750,47.3751,0.0489
21.6250,47.3751,0.0536
21.6750,47.3751,0.0622
21.7250,47.3751,0.0598
21.7750,47.3751,0.0698
21.8250,47.3751,0.0733
21.8750,47.3751,0.0734
21.9250,47.3751,0.0783
21.9750,47.3751,0.0771
22.0250,47.3751,0.0809
22.0750,47.3751,0.0816
22.1250,47.3751,0.0816
22.1750,47.3751,0.0823
22.2250,47.3751,0.0830
22.2750,47.3751,0.0830
22.3250,47.3751,0.0822
22.3750,47.3751,0.0832
22.4250,47.3751,0.0815
22.4750,47.3751,0.0811
22.5250,47.3751,0.0811
22.5750,47.3751,0.0767
22.6250,47.3751,0.0794
22.6750,47.3751,0.0767
22.7250,47.3751,0.0756
22.7750,47.3751,0.0722
22.8250,47.3751,0.0710
22.8750,47.3751,0.0734
16.1250,47.3251,0.0649
16.1750,47.3251,0.0649
16.2250,47.3251,0.0597
16.2750,47.3251,0.0607
16.3250,47.3251,0.0562
16.3750,47.3251,0.0558
16.4250,47.3251,0.0557
16.4750,47.3251,0.0528
16.5250,47.3251,0.0534
16.5750,47.3251,0.0502
16.6250,47.3251,0.0517
16.6750,47.3251,0.0500
16.7250,47.3251,0.0500
16.7750,47.3251,0.0486
16.8250,47.3251,0.0500
16.8750,47.3251,0.0488
16.9250,47.3251,0.0492
16.9750,47.3251,0.0492
17.0250,47.3251,0.0485
17.0750,47.3251,0.0502
17.1250,47.3251,0.0482
17.1750,47.3251,0.0505
17.2250,47.3251,0.0514
17.2750,47.3251,0.0514
17.3250,47.3251,0.0527
17.3750,47.3251,0.0553
17.4250,47.3251,0.0554
17.4750,47.3251,0.0593
17.5250,47.3251,0.0593
17.5750,47.3251,0.0630
17.6250,47.3251,0.0675
17.6750,47.3251,0.0667
17.7250,47.3251,0.0735
17.7750,47.3251,0.0847
17.8250,47.3251,0.0847
17.8750,47.3251,0.0967
17.9250,47.3251,0.1097
17.9750,47.3251,0.1098
18.0250,47.3251,0.1156
18.0750,47.3251,0.1156
18.1250,47.3251,0.1166
18.1750,47.3251,0.1191
18.2250,47.3251,0.1184
18.2750,47.3251,0.1198
18.3250,47.3251,0.1176
18.3750,47.3251,0.1176
18.4250,47.3251,0.1146
18.4750,47.3251,0.1087
18.5250,47.3251,0.1087
18.5750,47.3251,0.0942
18.6250,47.3251,0.0941
18.6750,47.3251,0.0867
18.7250,47.3251,0.0839
18.7750,47.3251,0.0839
18.8250,47.3251,0.0787
18.8750,47.3251,0.0757
18.9250,47.3251,0.0730
18.9750,47.3251,0.0726
19.0250,47.3251,0.0701
19.0750,47.3251,0.0701
19.1250,47.3251,0.0676
19.1750,47.3251,0.0672
19.2250,47.3251,0.0671
19.2750,47.3251,0.0652
19.3250,47.3251,0.0652
19.3750,47.3251,0.0629
19.4250,47.3251,0.0628
19.4750,47.3251,0.0628
19.5250,47.3251,0.0610
19.5750,47.3251,0.0598
19.6250,47.3251,0.0589
19.6750,47.3251,0.0589
19.7250,47.3251,0.0571
19.7750,47.3251,0.0571
19.8250,47.3251,0.0546
19.8750,47.3251,0.0546
19.9250,47.3251,0.0547
19.9750,47.3251,0.0531
20.0250,47.3251,0.0531
20.0750,47.3251,0.0510
20.1250,47.3251,0.0511
20.1750,47.3251,0.0511
20.2250,47.3251,0.0484
20.2750,47.3251,0.0480
20.3250,47.3251,0.0450
20.3750,47.3251,0.0455
20.4250,47.3251,0.0437
20.4750,47.3251,0.0437
20.5250,47.3251,0.0465
20.5750,47.3251,0.0465
20.6250,47.3251,0.0468
20.6750,47.3251,0.0464
20.7250,47.3251,0.0464
20.7750,47.3251,0.0467
20.8250,47.3251,0.0475
20.8750,47.3251,0.0475
20.9250,47.3251,0.0417
20.9750,47.3251,0.0416
21.0250,47.3251,0.0350
21.0750,47.3251,0.0354
21.1250,47.3251,0.0354
21.1750,47.3251,0.0357
21.2250,47.3251,0.0368
21.2750,47.3251,0.0368
21.3250,47.3251,0.0383
21.3750,47.3251,0.0402
21.4250,47.3251,0.0402
21.4750,47.3251,0.0427
21.5250,47.3251,0.0475
21.5750,47.3251,0.0477
21.6250,47.3251,0.0514
21.6750,47.3251,0.0514
21.7250,47.3251,0.0546
21.7750,47.3251,0.0658
21.8250,47.3251,0.0658
21.8750,47.3251,0.0692
21.9250,47.3251,0.0770
21.9750,47.3251,0.0720
22.0250,47.3251,0.0786
22.0750,47.3251,0.0784
22.1250,47.3251,0.0783
22.1750,47.3251,0.0816
22.2250,47.3251,0.0798
22.2750,47.3251,0.0801
22.3250,47.3251,0.0777
22.3750,47.3251,0.0777
22.4250,47.3251,0.0799
22.4750,47.3251,0.0751
22.5250,47.3251,0.0751
22.5750,47.3251,0.0679
22.6250,47.3251,0.0710
22.6750,47.3251,0.0710
22.7250,47.3251,0.0670
22.7750,47.3251,0.0682
22.8250,47.3251,0.0623
22.8750,47.3251,0.0667
16.1250,47.2751,0.0621
16.1750,47.2751,0.0570
16.2250,47.2751,0.0568
16.2750,47.2751,0.0537
16.3250,47.2751,0.0546
16.3750,47.2751,0.0512
16.4250,47.2751,0.0512
16.4750,47.2751,0.0486
16.5250,47.2751,0.0488
16.5750,47.2751,0.0463
16.6250,47.2751,0.0478
16.6750,47.2751,0.0478
16.7250,47.2751,0.0462
16.7750,47.2751,0.0471
16.8250,47.2751,0.0450
16.8750,47.2751,0.0472
16.9250,47.2751,0.0460
16.9750,47.2751,0.0460
17.0250,47.2751,0.0459
17.0750,47.2751,0.0469
17.1250,47.2751,0.0466
17.1750,47.2751,0.0486
17.2250,47.2751,0.0486
17.2750,47.2751,0.0498
17.3250,47.2751,0.0526
17.3750,47.2751,0.0515
17.4250,47.2751,0.0542
17.4750,47.2751,0.0565
17.5250,47.2751,0.0565
17.5750,47.2751,0.0608
17.6250,47.2751,0.0660
17.6750,47.2751,0.0667
17.7250,47.2751,0.0719
17.7750,47.2751,0.0719
17.8250,47.2751,0.0845
17.8750,47.2751,0.0970
17.9250,47.2751,0.0990
17.9750,47.2751,0.1076
18.0250,47.2751,0.1126
18.0750,47.2751,0.1126
18.1250,47.2751,0.1158
18.1750,47.2751,0.1165
18.2250,47.2751,0.1165
18.2750,47.2751,0.1152
18.3250,47.2751,0.1152
18.3750,47.2751,0.1142
18.4250,47.2751,0.1118
18.4750,47.2751,0.1118
18.5250,47.2751,0.1011
18.5750,47.2751,0.0904
18.6250,47.2751,0.0900
18.6750,47.2751,0.0861
18.7250,47.2751,0.0794
18.7750,47.2751,0.0794
18.8250,47.2751,0.0746
18.8750,47.2751,0.0745
18.9250,47.2751,0.0729
18.9750,47.2751,0.0698
19.0250,47.2751,0.0698
19.0750,47.2751,0.0676
19.1250,47.2751,0.0673
19.1750,47.2751,0.0659
19.2250,47.2751,0.0648
19.2750,47.2751,0.0628
19.3250,47.2751,0.0628
19.3750,47.2751,0.0628
19.4250,47.2751,0.0606
19.4750,47.2751,0.0605
19.5250,47.2751,0.0585
19.5750,47.2751,0.0585
19.6250,47.2751,0.0568
19.6750,47.2751,0.0563
19.7250,47.2751,0.0563
19.7750,47.2751,0.0543
19.8250,47.2751,0.0545
19.8750,47.2751,0.0525
19.9250,47.2751,0.0526
19.9750,47.2751,0.0503
20.0250,47.2751,0.0503
20.0750,47.2751,0.0496
20.1250,47.2751,0.0476
20.1750,47.2751,0.0481
20.2250,47.2751,0.0447
20.2750,47.2751,0.0447
20.3250,47.2751,0.0422
20.3750,47.2751,0.0423
20.4250,47.2751,0.0423
20.4750,47.2751,0.0451
20.5250,47.2751,0.0459
20.5750,47.2751,0.0456
20.6250,47.2751,0.0459
20.6750,47.2751,0.0458
20.7250,47.2751,0.0458
20.7750,47.2751,0.0467
20.8250,47.2751,0.0469
20.8750,47.2751,0.0462
20.9250,47.2751,0.0347
20.9750,47.2751,0.0347
21.0250,47.2751,0.0347
21.0750,47.2751,0.0350
21.1250,47.2751,0.0350
21.1750,47.2751,0.0356
21.2250,47.2751,0.0357
21.2750,47.2751,0.0369
21.3250,47.2751,0.0382
21.3750,47.2751,0.0382
21.4250,47.2751,0.0400
21.4750,47.2751,0.0426
21.5250,47.2751,0.0417
21.5750,47.2751,0.0459
21.6250,47.2751,0.0489
21.6750,47.2751,0.0489
21.7250,47.2751,0.0545
21.7750,47.2751,0.0590
21.8250,47.2751,0.0590
21.8750,47.2751,0.0640
21.9250,47.2751,0.0643
21.9750,47.2751,0.0718
22.0250,47.2751,0.0731
22.0750,47.2751,0.0731
22.1250,47.2751,0.0712
22.1750,47.2751,0.0762
22.2250,47.2751,0.0762
22.2750,47.2751,0.0718
22.3250,47.2751,0.0771
22.3750,47.2751,0.0690
22.4250,47.2751,0.0726
22.4750,47.2751,0.0672
22.5250,47.2751,0.0670
22.5750,47.2751,0.0679
22.6250,47.2751,0.0603
22.6750,47.2751,0.0621
22.7250,47.2751,0.0577
22.7750,47.2751,0.0577
22.8250,47.2751,0.0623
22.8750,47.2751,0.0577
16.1250,47.2251,0.0565
16.1750,47.2251,0.0533
16.2250,47.2251,0.0533
16.2750,47.2251,0.0507
16.3250,47.2251,0.0504
16.3750,47.2251,0.0504
16.4250,47.2251,0.0478
16.4750,47.2251,0.0454
16.5250,47.2251,0.0450
16.5750,47.2251,0.0462
16.6250,47.2251,0.0442
16.6750,47.2251,0.0442
16.7250,47.2251,0.0427
16.7750,47.2251,0.0428
16.8250,47.2251,0.0418
16.8750,47.2251,0.0440
16.9250,47.2251,0.0440
16.9750,47.2251,0.0437
17.0250,47.2251,0.0443
17.0750,47.2251,0.0437
17.1250,47.2251,0.0462
17.1750,47.2251,0.0472
17.2250,47.2251,0.0472
17.2750,47.2251,0.0486
17.3250,47.2251,0.0490
17.3750,47.2251,0.0501
17.4250,47.2251,0.0532
17.4750,47.2251,0.0532
17.5250,47.2251,0.0551
17.5750,47.2251,0.0607
17.6250,47.2251,0.0599
17.6750,47.2251,0.0666
17.7250,47.2251,0.0739
17.7750,47.2251,0.0739
17.8250,47.2251,0.0863
17.8750,47.2251,0.0964
17.9250,47.2251,0.0990
17.9750,47.2251,0.1101
18.0250,47.2251,0.1101
18.0750,47.2251,0.1141
18.1250,47.2251,0.1153
18.1750,47.2251,0.1136
18.2250,47.2251,0.1169
18.2750,47.2251,0.1159
18.3250,47.2251,0.1159
18.3750,47.2251,0.1139
18.4250,47.2251,0.1111
18.4750,47.2251,0.1111
18.5250,47.2251,0.0987
18.5750,47.2251,0.0987
18.6250,47.2251,0.0870
18.6750,47.2251,0.0841
18.7250,47.2251,0.0840
18.7750,47.2251,0.0783
18.8250,47.2251,0.0731
18.8750,47.2251,0.0719
18.9250,47.2251,0.0712
18.9750,47.2251,0.0688
19.0250,47.2251,0.0688
19.0750,47.2251,0.0662
19.1250,47.2251,0.0662
19.1750,47.2251,0.0658
19.2250,47.2251,0.0639
19.2750,47.2251,0.0639
19.3250,47.2251,0.0614
19.3750,47.2251,0.0612
19.4250,47.2251,0.0591
19.4750,47.2251,0.0593
19.5250,47.2251,0.0567
19.5750,47.2251,0.0567
19.6250,47.2251,0.0568
19.6750,47.2251,0.0546
19.7250,47.2251,0.0546
19.7750,47.2251,0.0523
19.8250,47.2251,0.0523
19.8750,47.2251,0.0522
19.9250,47.2251,0.0500
19.9750,47.2251,0.0500
20.0250,47.2251,0.0476
20.0750,47.2251,0.0476
20.1250,47.2251,0.0446
20.1750,47.2251,0.0449
20.2250,47.2251,0.0424
20.2750,47.2251,0.0421
20.3250,47.2251,0.0422
20.3750,47.2251,0.0411
20.4250,47.2251,0.0411
20.4750,47.2251,0.0453
20.5250,47.2251,0.0453
20.5750,47.2251,0.0456
20.6250,47.2251,0.0455
20.6750,47.2251,0.0455
20.7250,47.2251,0.0394
20.7750,47.2251,0.0468
20.8250,47.2251,0.0369
20.8750,47.2251,0.0346
20.9250,47.2251,0.0346
20.9750,47.2251,0.0344
21.0250,47.2251,0.0346
21.0750,47.2251,0.0345
21.1250,47.2251,0.0349
21.1750,47.2251,0.0357
21.2250,47.2251,0.0357
21.2750,47.2251,0.0369
21.3250,47.2251,0.0384
21.3750,47.2251,0.0384
21.4250,47.2251,0.0399
21.4750,47.2251,0.0416
21.5250,47.2251,0.0417
21.5750,47.2251,0.0445
21.6250,47.2251,0.0445
21.6750,47.2251,0.0466
21.7250,47.2251,0.0516
21.7750,47.2251,0.0515
21.8250,47.2251,0.0538
21.8750,47.2251,0.0617
21.9250,47.2251,0.0564
21.9750,47.2251,0.0668
22.0250,47.2251,0.0681
22.0750,47.2251,0.0681
22.1250,47.2251,0.0690
22.1750,47.2251,0.0677
22.2250,47.2251,0.0678
22.2750,47.2251,0.0634
22.3250,47.2251,0.0634
22.3750,47.2251,0.0665
22.4250,47.2251,0.0644
22.4750,47.2251,0.0644
22.5250,47.2251,0.0576
22.5750,47.2251,0.0598
22.6250,47.2251,0.0586
22.6750,47.2251,0.0547
22.7250,47.2251,0.0540
22.7750,47.2251,0.0524
22.8250,47.2251,0.0545
22.8750,47.2251,0.0532
16.1250,47.1751,0.0523
16.1750,47.1751,0.0501
16.2250,47.1751,0.0500
16.2750,47.1751,0.0507
16.3250,47.1751,0.0467
16.3750,47.1751,0.0467
16.4250,47.1751,0.0441
16.4750,47.1751,0.0441
16.5250,47.1751,0.0419
16.5750,47.1751,0.0426
16.6250,47.1751,0.0425
16.6750,47.1751,0.0414
16.7250,47.1751,0.0408
16.7750,47.1751,0.0408
16.8250,47.1751,0.0418
16.8750,47.1751,0.0417
16.9250,47.1751,0.0417
16.9750,47.1751,0.0417
17.0250,47.1751,0.0417
17.0750,47.1751,0.0419
17.1250,47.1751,0.0442
17.1750,47.1751,0.0441
17.2250,47.1751,0.0451
17.2750,47.1751,0.0469
17.3250,47.1751,0.0466
17.3750,47.1751,0.0499
17.4250,47.1751,0.0515
17.4750,47.1751,0.0515
17.5250,47.1751,0.0539
17.5750,47.1751,0.0542
17.6250,47.1751,0.0589
17.6750,47.1751,0.0655
17.7250,47.1751,0.0655
17.7750,47.1751,0.0724
17.8250,47.1751,0.0863
17.8750,47.1751,0.0869
17.9250,47.1751,0.0984
17.9750,47.1751,0.1063
18.0250,47.1751,0.1063
18.0750,47.1751,0.1111
18.1250,47.1751,0.1130
18.1750,47.1751,0.1136
18.2250,47.1751,0.1126
18.2750,47.1751,0.1126
18.3250,47.1751,0.1119
18.3750,47.1751,0.1115
18.4250,47.1751,0.1092
18.4750,47.1751,0.1044
18.5250,47.1751,0.0918
18.5750,47.1751,0.0918
18.6250,47.1751,0.0870
18.6750,47.1751,0.0791
18.7250,47.1751,0.0791
18.7750,47.1751,0.0728
18.8250,47.1751,0.0728
18.8750,47.1751,0.0696
18.9250,47.1751,0.0686
18.9750,47.1751,0.0686
19.0250,47.1751,0.0659
19.0750,47.1751,0.0661
19.1250,47.1751,0.0638
19.1750,47.1751,0.0634
19.2250,47.1751,0.0609
19.2750,47.1751,0.0609
19.3250,47.1751,0.0586
19.3750,47.1751,0.0585
19.4250,47.1751,0.0585
19.4750,47.1751,0.0559
19.5250,47.1751,0.0559
19.5750,47.1751,0.0541
19.6250,47.1751,0.0542
19.6750,47.1751,0.0541
19.7250,47.1751,0.0520
19.7750,47.1751,0.0496
19.8250,47.1751,0.0488
19.8750,47.1751,0.0489
19.9250,47.1751,0.0455
19.9750,47.1751,0.0455
20.0250,47.1751,0.0434
20.0750,47.1751,0.0434
20.1250,47.1751,0.0446
20.1750,47.1751,0.0420
20.2250,47.1751,0.0420
20.2750,47.1751,0.0409
20.3250,47.1751,0.0410
20.3750,47.1751,0.0410
20.4250,47.1751,0.0438
20.4750,47.1751,0.0445
20.5250,47.1751,0.0447
20.5750,47.1751,0.0451
20.6250,47.1751,0.0452
20.6750,47.1751,0.0452
20.7250,47.1751,0.0347
20.7750,47.1751,0.0347
20.8250,47.1751,0.0346
20.8750,47.1751,0.0343
20.9250,47.1751,0.0343
20.9750,47.1751,0.0343
21.0250,47.1751,0.0345
21.0750,47.1751,0.0345
21.1250,47.1751,0.0350
21.1750,47.1751,0.0351
21.2250,47.1751,0.0360
21.2750,47.1751,0.0372
21.3250,47.1751,0.0375
21.3750,47.1751,0.0386
21.4250,47.1751,0.0399
21.4750,47.1751,0.0399
21.5250,47.1751,0.0412
21.5750,47.1751,0.0424
21.6250,47.1751,0.0424
21.6750,47.1751,0.0444
21.7250,47.1751,0.0482
21.7750,47.1751,0.0482
21.8250,47.1751,0.0500
21.8750,47.1751,0.0505
21.9250,47.1751,0.0519
21.9750,47.1751,0.0593
22.0250,47.1751,0.0593
22.0750,47.1751,0.0598
22.1250,47.1751,0.0641
22.1750,47.1751,0.0558
22.2250,47.1751,0.0580
22.2750,47.1751,0.0542
22.3250,47.1751,0.0541
22.3750,47.1751,0.0587
22.4250,47.1751,0.0541
22.4750,47.1751,0.0541
22.5250,47.1751,0.0514
22.5750,47.1751,0.0522
22.6250,47.1751,0.0529
22.6750,47.1751,0.0506
22.7250,47.1751,0.0506
22.7750,47.1751,0.0490
22.8250,47.1751,0.0508
22.8750,47.1751,0.0508
16.1250,47.1251,0.0502
16.1750,47.1251,0.0502
16.2250,47.1251,0.0480
16.2750,47.1251,0.0463
16.3250,47.1251,0.0455
16.3750,47.1251,0.0439
16.4250,47.1251,0.0420
16.4750,47.1251,0.0420
16.5250,47.1251,0.0419
16.5750,47.1251,0.0410
16.6250,47.1251,0.0410
16.6750,47.1251,0.0404
16.7250,47.1251,0.0404
16.7750,47.1251,0.0399
16.8250,47.1251,0.0406
16.8750,47.1251,0.0404
16.9250,47.1251,0.0408
16.9750,47.1251,0.0408
17.0250,47.1251,0.0408
17.0750,47.1251,0.0419
17.1250,47.1251,0.0421
17.1750,47.1251,0.0421
17.2250,47.1251,0.0431
17.2750,47.1251,0.0431
17.3250,47.1251,0.0445
17.3750,47.1251,0.0481
17.4250,47.1251,0.0481
17.4750,47.1251,0.0503
17.5250,47.1251,0.0532
17.5750,47.1251,0.0531
17.6250,47.1251,0.0588
17.6750,47.1251,0.0656
17.7250,47.1251,0.0656
17.7750,47.1251,0.0734
17.8250,47.1251,0.0739
17.8750,47.1251,0.0870
17.9250,47.1251,0.1009
17.9750,47.1251,0.1009
18.0250,47.1251,0.1072
18.0750,47.1251,0.1111
18.1250,47.1251,0.1086
18.1750,47.1251,0.1138
18.2250,47.1251,0.1130
18.2750,47.1251,0.1130
18.3250,47.1251,0.1096
18.3750,47.1251,0.1092
18.4250,47.1251,0.1091
18.4750,47.1251,0.1021
18.5250,47.1251,0.1021
18.5750,47.1251,0.0884
18.6250,47.1251,0.0835
18.6750,47.1251,0.0798
18.7250,47.1251,0.0761
18.7750,47.1251,0.0704
18.8250,47.1251,0.0704
18.8750,47.1251,0.0696
18.9250,47.1251,0.0672
18.9750,47.1251,0.0672
19.0250,47.1251,0.0642
19.0750,47.1251,0.0642
19.1250,47.1251,0.0614
19.1750,47.1251,0.0616
19.2250,47.1251,0.0616
19.2750,47.1251,0.0586
19.3250,47.1251,0.0585
19.3750,47.1251,0.0549
19.4250,47.1251,0.0558
19.4750,47.1251,0.0538
19.5250,47.1251,0.0538
19.5750,47.1251,0.0530
19.6250,47.1251,0.0520
19.6750,47.1251,0.0521
19.7250,47.1251,0.0488
19.7750,47.1251,0.0488
19.8250,47.1251,0.0448
19.8750,47.1251,0.0451
19.9250,47.1251,0.0451
19.9750,47.1251,0.0429
20.0250,47.1251,0.0433
20.0750,47.1251,0.0416
20.1250,47.1251,0.0419
20.1750,47.1251,0.0410
20.2250,47.1251,0.0409
20.2750,47.1251,0.0403
20.3250,47.1251,0.0402
20.3750,47.1251,0.0402
20.4250,47.1251,0.0445
20.4750,47.1251,0.0445
20.5250,47.1251,0.0446
20.5750,47.1251,0.0450
20.6250,47.1251,0.0450
20.6750,47.1251,0.0350
20.7250,47.1251,0.0347
20.7750,47.1251,0.0345
20.8250,47.1251,0.0345
20.8750,47.1251,0.0344
20.9250,47.1251,0.0344
20.9750,47.1251,0.0343
21.0250,47.1251,0.0346
21.0750,47.1251,0.0347
21.1250,47.1251,0.0354
21.1750,47.1251,0.0354
21.2250,47.1251,0.0364
21.2750,47.1251,0.0376
21.3250,47.1251,0.0376
21.3750,47.1251,0.0387
21.4250,47.1251,0.0398
21.4750,47.1251,0.0397
21.5250,47.1251,0.0409
21.5750,47.1251,0.0409
21.6250,47.1251,0.0414
21.6750,47.1251,0.0441
21.7250,47.1251,0.0423
21.7750,47.1251,0.0457
21.8250,47.1251,0.0468
21.8750,47.1251,0.0468
21.9250,47.1251,0.0516
21.9750,47.1251,0.0526
22.0250,47.1251,0.0526
22.0750,47.1251,0.0515
22.1250,47.1251,0.0547
22.1750,47.1251,0.0547
22.2250,47.1251,0.0518
22.2750,47.1251,0.0518
22.3250,47.1251,0.0494
22.3750,47.1251,0.0519
22.4250,47.1251,0.0519
22.4750,47.1251,0.0496
22.5250,47.1251,0.0514
22.5750,47.1251,0.0474
22.6250,47.1251,0.0492
22.6750,47.1251,0.0473
22.7250,47.1251,0.0473
22.7750,47.1251,0.0490
22.8250,47.1251,0.0479
22.8750,47.1251,0.0479
16.1250,47.0751,0.0485
16.1750,47.0751,0.0485
16.2250,47.0751,0.0479
16.2750,47.0751,0.0456
16.3250,47.0751,0.0441
16.3750,47.0751,0.0423
16.4250,47.0751,0.0423
16.4750,47.0751,0.0416
16.5250,47.0751,0.0410
16.5750,47.0751,0.0411
16.6250,47.0751,0.0404
16.6750,47.0751,0.0400
16.7250,47.0751,0.0400
16.7750,47.0751,0.0399
16.8250,47.0751,0.0400
16.8750,47.0751,0.0400
16.9250,47.0751,0.0401
16.9750,47.0751,0.0401
17.0250,47.0751,0.0399
17.0750,47.0751,0.0408
17.1250,47.0751,0.0404
17.1750,47.0751,0.0410
17.2250,47.0751,0.0416
17.2750,47.0751,0.0416
17.3250,47.0751,0.0445
17.3750,47.0751,0.0463
17.4250,47.0751,0.0463
17.4750,47.0751,0.0488
17.5250,47.0751,0.0488
17.5750,47.0751,0.0521
17.6250,47.0751,0.0571
17.6750,47.0751,0.0570
17.7250,47.0751,0.0638
17.7750,47.0751,0.0721
17.8250,47.0751,0.0718
17.8750,47.0751,0.0870
17.9250,47.0751,0.0967
17.9750,47.0751,0.0967
18.0250,47.0751,0.1033
18.0750,47.0751,0.1036
18.1250,47.0751,0.1075
18.1750,47.0751,0.1086
18.2250,47.0751,0.1086
18.2750,47.0751,0.1070
18.3250,47.0751,0.1096
18.3750,47.0751,0.1047
18.4250,47.0751,0.1025
18.4750,47.0751,0.0921
18.5250,47.0751,0.0921
18.5750,47.0751,0.0821
18.6250,47.0751,0.0781
18.6750,47.0751,0.0779
18.7250,47.0751,0.0707
18.7750,47.0751,0.0707
18.8250,47.0751,0.0673
18.8750,47.0751,0.0669
18.9250,47.0751,0.0665
18.9750,47.0751,0.0636
19.0250,47.0751,0.0609
19.0750,47.0751,0.0607
19.1250,47.0751,0.0609
19.1750,47.0751,0.0576
19.2250,47.0751,0.0576
19.2750,47.0751,0.0543
19.3250,47.0751,0.0543
19.3750,47.0751,0.0549
19.4250,47.0751,0.0527
19.4750,47.0751,0.0527
19.5250,47.0751,0.0505
19.5750,47.0751,0.0515
19.6250,47.0751,0.0480
19.6750,47.0751,0.0483
19.7250,47.0751,0.0444
19.7750,47.0751,0.0444
19.8250,47.0751,0.0448
19.8750,47.0751,0.0417
19.9250,47.0751,0.0417
19.9750,47.0751,0.0410
20.0250,47.0751,0.0410
20.0750,47.0751,0.0410
20.1250,47.0751,0.0407
20.1750,47.0751,0.0407
20.2250,47.0751,0.0401
20.2750,47.0751,0.0401
20.3250,47.0751,0.0398
20.3750,47.0751,0.0421
20.4250,47.0751,0.0443
20.4750,47.0751,0.0443
20.5250,47.0751,0.0446
20.5750,47.0751,0.0398
20.6250,47.0751,0.0401
20.6750,47.0751,0.0348
20.7250,47.0751,0.0348
20.7750,47.0751,0.0345
20.8250,47.0751,0.0345
20.8750,47.0751,0.0345
20.9250,47.0751,0.0347
20.9750,47.0751,0.0346
21.0250,47.0751,0.0353
21.0750,47.0751,0.0351
21.1250,47.0751,0.0360
21.1750,47.0751,0.0362
21.2250,47.0751,0.0365
21.2750,47.0751,0.0378
21.3250,47.0751,0.0379
21.3750,47.0751,0.0389
21.4250,47.0751,0.0389
21.4750,47.0751,0.0397
21.5250,47.0751,0.0401
21.5750,47.0751,0.0401
21.6250,47.0751,0.0408
21.6750,47.0751,0.0420
21.7250,47.0751,0.0420
21.7750,47.0751,0.0429
21.8250,47.0751,0.0434
21.8750,47.0751,0.0436
21.9250,47.0751,0.0474
21.9750,47.0751,0.0473
22.0250,47.0751,0.0473
22.0750,47.0751,0.0510
22.1250,47.0751,0.0465
22.1750,47.0751,0.0492
22.2250,47.0751,0.0471
22.2750,47.0751,0.0471
22.3250,47.0751,0.0492
22.3750,47.0751,0.0474
22.4250,47.0751,0.0474
22.4750,47.0751,0.0455
22.5250,47.0751,0.0469
22.5750,47.0751,0.0472
22.6250,47.0751,0.0454
22.6750,47.0751,0.0454
22.7250,47.0751,0.0441
22.7750,47.0751,0.0459
22.8250,47.0751,0.0458
22.8750,47.0751,0.0452
16.1250,47.0251,0.0499
16.1750,47.0251,0.0488
16.2250,47.0251,0.0471
16.2750,47.0251,0.0462
16.3250,47.0251,0.0439
16.3750,47.0251,0.0431
16.4250,47.0251,0.0431
16.4750,47.0251,0.0425
16.5250,47.0251,0.0425
16.5750,47.0251,0.0411
16.6250,47.0251,0.0408
16.6750,47.0251,0.0408
16.7250,47.0251,0.0406
16.7750,47.0251,0.0398
16.8250,47.0251,0.0405
16.8750,47.0251,0.0399
16.9250,47.0251,0.0397
16.9750,47.0251,0.0397
17.0250,47.0251,0.0397
17.0750,47.0251,0.0399
17.1250,47.0251,0.0400
17.1750,47.0251,0.0403
17.2250,47.0251,0.0403
17.2750,47.0251,0.0410
17.3250,47.0251,0.0428
17.3750,47.0251,0.0423
17.4250,47.0251,0.0451
17.4750,47.0251,0.0479
17.5250,47.0251,0.0479
17.5750,47.0251,0.0520
17.6250,47.0251,0.0558
17.6750,47.0251,0.0558
17.7250,47.0251,0.0630
17.7750,47.0251,0.0630
17.8250,47.0251,0.0708
17.8750,47.0251,0.0874
17.9250,47.0251,0.0874
17.9750,47.0251,0.0960
18.0250,47.0251,0.1008
18.0750,47.0251,0.0996
18.1250,47.0251,0.1059
18.1750,47.0251,0.1066
18.2250,47.0251,0.1066
18.2750,47.0251,0.1028
18.3250,47.0251,0.1030
18.3750,47.0251,0.1041
18.4250,47.0251,0.0965
18.4750,47.0251,0.0965
18.5250,47.0251,0.0857
18.5750,47.0251,0.0820
18.6250,47.0251,0.0739
18.6750,47.0251,0.0731
18.7250,47.0251,0.0682
18.7750,47.0251,0.0682
18.8250,47.0251,0.0657
18.8750,47.0251,0.0642
18.9250,47.0251,0.0642
18.9750,47.0251,0.0607
19.0250,47.0251,0.0607
19.0750,47.0251,0.0566
19.1250,47.0251,0.0576
19.1750,47.0251,0.0576
19.2250,47.0251,0.0543
19.2750,47.0251,0.0526
19.3250,47.0251,0.0509
19.3750,47.0251,0.0518
19.4250,47.0251,0.0491
19.4750,47.0251,0.0491
19.5250,47.0251,0.0461
19.5750,47.0251,0.0468
19.6250,47.0251,0.0479
19.6750,47.0251,0.0443
19.7250,47.0251,0.0443
19.7750,47.0251,0.0414
19.8250,47.0251,0.0416
19.8750,47.0251,0.0412
19.9250,47.0251,0.0401
19.9750,47.0251,0.0405
20.0250,47.0251,0.0404
20.0750,47.0251,0.0406
20.1250,47.0251,0.0402
20.1750,47.0251,0.0402
20.2250,47.0251,0.0398
20.2750,47.0251,0.0398
20.3250,47.0251,0.0398
20.3750,47.0251,0.0442
20.4250,47.0251,0.0442
20.4750,47.0251,0.0362
20.5250,47.0251,0.0362
20.5750,47.0251,0.0362
20.6250,47.0251,0.0355
20.6750,47.0251,0.0356
20.7250,47.0251,0.0356
20.7750,47.0251,0.0348
20.8250,47.0251,0.0353
20.8750,47.0251,0.0353
20.9250,47.0251,0.0357
20.9750,47.0251,0.0357
21.0250,47.0251,0.0354
21.0750,47.0251,0.0363
21.1250,47.0251,0.0363
21.1750,47.0251,0.0374
21.2250,47.0251,0.0374
21.2750,47.0251,0.0375
21.3250,47.0251,0.0386
21.3750,47.0251,0.0390
21.4250,47.0251,0.0394
21.4750,47.0251,0.0398
21.5250,47.0251,0.0399
21.5750,47.0251,0.0399
21.6250,47.0251,0.0406
21.6750,47.0251,0.0404
21.7250,47.0251,0.0413
21.7750,47.0251,0.0416
21.8250,47.0251,0.0416
21.8750,47.0251,0.0423
21.9250,47.0251,0.0439
21.9750,47.0251,0.0439
22.0250,47.0251,0.0436
22.0750,47.0251,0.0464
22.1250,47.0251,0.0436
22.1750,47.0251,0.0449
22.2250,47.0251,0.0447
22.2750,47.0251,0.0434
22.3250,47.0251,0.0454
22.3750,47.0251,0.0435
22.4250,47.0251,0.0437
22.4750,47.0251,0.0422
22.5250,47.0251,0.0421
22.5750,47.0251,0.0439
22.6250,47.0251,0.0426
22.6750,47.0251,0.0426
22.7250,47.0251,0.0419
22.7750,47.0251,0.0435
22.8250,47.0251,0.0435
22.8750,47.0251,0.0431
16.1250,46.9751,0.0508
16.1750,46.9751,0.0504
16.2250,46.9751,0.0504
16.2750,46.9751,0.0462
16.3250,46.9751,0.0460
16.3750,46.9751,0.0460
16.4250,46.9751,0.0463
16.4750,46.9751,0.0427
16.5250,46.9751,0.0471
16.5750,46.9751,0.0426
16.6250,46.9751,0.0425
16.6750,46.9751,0.0425
16.7250,46.9751,0.0427
16.7750,46.9751,0.0427
16.8250,46.9751,0.0406
16.8750,46.9751,0.0404
16.9250,46.9751,0.0404
16.9750,46.9751,0.0398
17.0250,46.9751,0.0395
17.0750,46.9751,0.0394
17.1250,46.9751,0.0396
17.1750,46.9751,0.0399
17.2250,46.9751,0.0399
17.2750,46.9751,0.0407
17.3250,46.9751,0.0415
17.3750,46.9751,0.0419
17.4250,46.9751,0.0438
17.4750,46.9751,0.0438
17.5250,46.9751,0.0463
17.5750,46.9751,0.0507
17.6250,46.9751,0.0498
17.6750,46.9751,0.0539
17.7250,46.9751,0.0599
17.7750,46.9751,0.0599
17.8250,46.9751,0.0708
17.8750,46.9751,0.0839
17.9250,46.9751,0.0839
17.9750,46.9751,0.0895
18.0250,46.9751,0.0895
18.0750,46.9751,0.0916
18.1250,46.9751,0.0984
18.1750,46.9751,0.0984
18.2250,46.9751,0.0969
18.2750,46.9751,0.0991
18.3250,46.9751,0.0934
18.3750,46.9751,0.0936
18.4250,46.9751,0.0841
18.4750,46.9751,0.0841
18.5250,46.9751,0.0741
18.5750,46.9751,0.0740
18.6250,46.9751,0.0739
18.6750,46.9751,0.0679
18.7250,46.9751,0.0679
18.7750,46.9751,0.0635
18.8250,46.9751,0.0639
18.8750,46.9751,0.0592
18.9250,46.9751,0.0593
18.9750,46.9751,0.0548
19.0250,46.9751,0.0548
19.0750,46.9751,0.0566
19.1250,46.9751,0.0534
19.1750,46.9751,0.0535
19.2250,46.9751,0.0503
19.2750,46.9751,0.0503
19.3250,46.9751,0.0466
19.3750,46.9751,0.0473
19.4250,46.9751,0.0473
19.4750,46.9751,0.0442
19.5250,46.9751,0.0460
19.5750,46.9751,0.0419
19.6250,46.9751,0.0430
19.6750,46.9751,0.0410
19.7250,46.9751,0.0410
19.7750,46.9751,0.0398
19.8250,46.9751,0.0399
19.8750,46.9751,0.0399
19.9250,46.9751,0.0398
19.9750,46.9751,0.0398
20.0250,46.9751,0.0399
20.0750,46.9751,0.0399
20.1250,46.9751,0.0399
20.1750,46.9751,0.0397
20.2250,46.9751,0.0398
20.2750,46.9751,0.0397
20.3250,46.9751,0.0396
20.3750,46.9751,0.0403
20.4250,46.9751,0.0403
20.4750,46.9751,0.0366
20.5250,46.9751,0.0361
20.5750,46.9751,0.0360
20.6250,46.9751,0.0362
20.6750,46.9751,0.0362
20.7250,46.9751,0.0367
20.7750,46.9751,0.0358
20.8250,46.9751,0.0358
20.8750,46.9751,0.0364
20.9250,46.9751,0.0358
20.9750,46.9751,0.0371
21.0250,46.9751,0.0364
21.0750,46.9751,0.0375
21.1250,46.9751,0.0375
21.1750,46.9751,0.0376
21.2250,46.9751,0.0385
21.2750,46.9751,0.0384
21.3250,46.9751,0.0393
21.3750,46.9751,0.0393
21.4250,46.9751,0.0395
21.4750,46.9751,0.0395
21.5250,46.9751,0.0395
21.5750,46.9751,0.0399
21.6250,46.9751,0.0403
21.6750,46.9751,0.0401
21.7250,46.9751,0.0406
21.7750,46.9751,0.0408
21.8250,46.9751,0.0408
21.8750,46.9751,0.0417
21.9250,46.9751,0.0415
21.9750,46.9751,0.0416
22.0250,46.9751,0.0413
22.0750,46.9751,0.0413
22.1250,46.9751,0.0426
22.1750,46.9751,0.0418
22.2250,46.9751,0.0418
22.2750,46.9751,0.0412
22.3250,46.9751,0.0420
22.3750,46.9751,0.0420
22.4250,46.9751,0.0413
22.4750,46.9751,0.0420
22.5250,46.9751,0.0408
22.5750,46.9751,0.0415
22.6250,46.9751,0.0413
22.6750,46.9751,0.0411
22.7250,46.9751,0.0419
22.7750,46.9751,0.0410
22.8250,46.9751,0.0417
22.8750,46.9751,0.0417
16.1250,46.9251,0.0532
16.1750,46.9251,0.0506
16.2250,46.9251,0.0533
16.2750,46.9251,0.0491
16.3250,46.9251,0.0503
16.3750,46.9251,0.0504
16.4250,46.9251,0.0521
16.4750,46.9251,0.0521
16.5250,46.9251,0.0471
16.5750,46.9251,0.0477
16.6250,46.9251,0.0477
16.6750,46.9251,0.0484
16.7250,46.9251,0.0428
16.7750,46.9251,0.0483
16.8250,46.9251,0.0425
16.8750,46.9251,0.0414
16.9250,46.9251,0.0414
16.9750,46.9251,0.0404
17.0250,46.9251,0.0404
17.0750,46.9251,0.0394
17.1250,46.9251,0.0394
17.1750,46.9251,0.0394
17.2250,46.9251,0.0398
17.2750,46.9251,0.0406
17.3250,46.9251,0.0403
17.3750,46.9251,0.0414
17.4250,46.9251,0.0426
17.4750,46.9251,0.0426
17.5250,46.9251,0.0451
17.5750,46.9251,0.0478
17.6250,46.9251,0.0491
17.6750,46.9251,0.0522
17.7250,46.9251,0.0522
17.7750,46.9251,0.0559
17.8250,46.9251,0.0684
17.8750,46.9251,0.0656
17.9250,46.9251,0.0777
17.9750,46.9251,0.0793
18.0250,46.9251,0.0793
18.0750,46.9251,0.0916
18.1250,46.9251,0.0906
18.1750,46.9251,0.0906
18.2250,46.9251,0.0884
18.2750,46.9251,0.0884
18.3250,46.9251,0.0851
18.3750,46.9251,0.0860
18.4250,46.9251,0.0860
18.4750,46.9251,0.0738
18.5250,46.9251,0.0734
18.5750,46.9251,0.0672
18.6250,46.9251,0.0681
18.6750,46.9251,0.0637
18.7250,46.9251,0.0637
18.7750,46.9251,0.0585
18.8250,46.9251,0.0590
18.8750,46.9251,0.0591
18.9250,46.9251,0.0541
18.9750,46.9251,0.0541
19.0250,46.9251,0.0508
19.0750,46.9251,0.0524
19.1250,46.9251,0.0493
19.1750,46.9251,0.0495
19.2250,46.9251,0.0457
19.2750,46.9251,0.0457
19.3250,46.9251,0.0466
19.3750,46.9251,0.0432
19.4250,46.9251,0.0432
19.4750,46.9251,0.0413
19.5250,46.9251,0.0413
19.5750,46.9251,0.0412
19.6250,46.9251,0.0407
19.6750,46.9251,0.0407
19.7250,46.9251,0.0395
19.7750,46.9251,0.0397
19.8250,46.9251,0.0386
19.8750,46.9251,0.0389
19.9250,46.9251,0.0391
19.9750,46.9251,0.0391
20.0250,46.9251,0.0399
20.0750,46.9251,0.0398
20.1250,46.9251,0.0398
20.1750,46.9251,0.0398
20.2250,46.9251,0.0398
20.2750,46.9251,0.0400
20.3250,46.9251,0.0437
20.3750,46.9251,0.0437
20.4250,46.9251,0.0372
20.4750,46.9251,0.0366
20.5250,46.9251,0.0376
20.5750,46.9251,0.0369
20.6250,46.9251,0.0374
20.6750,46.9251,0.0374
20.7250,46.9251,0.0367
20.7750,46.9251,0.0371
20.8250,46.9251,0.0371
20.8750,46.9251,0.0377
20.9250,46.9251,0.0377
20.9750,46.9251,0.0373
21.0250,46.9251,0.0379
21.0750,46.9251,0.0379
21.1250,46.9251,0.0391
21.1750,46.9251,0.0388
21.2250,46.9251,0.0398
21.2750,46.9251,0.0396
21.3250,46.9251,0.0397
21.3750,46.9251,0.0397
21.4250,46.9251,0.0395
21.4750,46.9251,0.0399
21.5250,46.9251,0.0399
21.5750,46.9251,0.0401
21.6250,46.9251,0.0401
21.6750,46.9251,0.0401
21.7250,46.9251,0.0403
21.7750,46.9251,0.0403
21.8250,46.9251,0.0403
21.8750,46.9251,0.0408
21.9250,46.9251,0.0408
21.9750,46.9251,0.0406
22.0250,46.9251,0.0413
22.0750,46.9251,0.0403
22.1250,46.9251,0.0410
22.1750,46.9251,0.0405
22.2250,46.9251,0.0405
22.2750,46.9251,0.0412
22.3250,46.9251,0.0405
22.3750,46.9251,0.0406
22.4250,46.9251,0.0401
22.4750,46.9251,0.0401
22.5250,46.9251,0.0408
22.5750,46.9251,0.0403
22.6250,46.9251,0.0403
22.6750,46.9251,0.0401
22.7250,46.9251,0.0408
22.7750,46.9251,0.0408
22.8250,46.9251,0.0408
22.8750,46.9251,0.0413
16.1250,46.8751,0.0584
16.1750,46.8751,0.0584
16.2250,46.8751,0.0533
16.2750,46.8751,0.0534
16.3250,46.8751,0.0534
16.3750,46.8751,0.0566
16.4250,46.8751,0.0532
16.4750,46.8751,0.0594
16.5250,46.8751,0.0531
16.5750,46.8751,0.0537
16.6250,46.8751,0.0536
16.6750,46.8751,0.0535
16.7250,46.8751,0.0535
16.7750,46.8751,0.0483
16.8250,46.8751,0.0466
16.8750,46.8751,0.0466
16.9250,46.8751,0.0424
16.9750,46.8751,0.0404
17.0250,46.8751,0.0409
17.0750,46.8751,0.0396
17.1250,46.8751,0.0395
17.1750,46.8751,0.0395
17.2250,46.8751,0.0396
17.2750,46.8751,0.0396
17.3250,46.8751,0.0403
17.3750,46.8751,0.0409
17.4250,46.8751,0.0409
17.4750,46.8751,0.0417
17.5250,46.8751,0.0447
17.5750,46.8751,0.0428
17.6250,46.8751,0.0470
17.6750,46.8751,0.0495
17.7250,46.8751,0.0495
17.7750,46.8751,0.0534
17.8250,46.8751,0.0602
17.8750,46.8751,0.0620
17.9250,46.8751,0.0651
17.9750,46.8751,0.0651
18.0250,46.8751,0.0657
18.0750,46.8751,0.0774
18.1250,46.8751,0.0748
18.1750,46.8751,0.0750
18.2250,46.8751,0.0754
18.2750,46.8751,0.0752
18.3250,46.8751,0.0851
18.3750,46.8751,0.0732
18.4250,46.8751,0.0732
18.4750,46.8751,0.0652
18.5250,46.8751,0.0652
18.5750,46.8751,0.0600
18.6250,46.8751,0.0616
18.6750,46.8751,0.0616
18.7250,46.8751,0.0563
18.7750,46.8751,0.0585
18.8250,46.8751,0.0527
18.8750,46.8751,0.0534
18.9250,46.8751,0.0495
18.9750,46.8751,0.0495
19.0250,46.8751,0.0463
19.0750,46.8751,0.0476
19.1250,46.8751,0.0476
19.1750,46.8751,0.0441
19.2250,46.8751,0.0441
19.2750,46.8751,0.0416
19.3250,46.8751,0.0421
19.3750,46.8751,0.0420
19.4250,46.8751,0.0406
19.4750,46.8751,0.0397
19.5250,46.8751,0.0395
19.5750,46.8751,0.0400
19.6250,46.8751,0.0390
19.6750,46.8751,0.0390
19.7250,46.8751,0.0384
19.7750,46.8751,0.0386
19.8250,46.8751,0.0386
19.8750,46.8751,0.0389
19.9250,46.8751,0.0389
19.9750,46.8751,0.0395
20.0250,46.8751,0.0396
20.0750,46.8751,0.0397
20.1250,46.8751,0.0398
20.1750,46.8751,0.0401
20.2250,46.8751,0.0401
20.2750,46.8751,0.0400
20.3250,46.8751,0.0376
20.3750,46.8751,0.0376
20.4250,46.8751,0.0384
20.4750,46.8751,0.0380
20.5250,46.8751,0.0376
20.5750,46.8751,0.0381
20.6250,46.8751,0.0381
20.6750,46.8751,0.0388
20.7250,46.8751,0.0380
20.7750,46.8751,0.0384
20.8250,46.8751,0.0386
20.8750,46.8751,0.0393
20.9250,46.8751,0.0393
20.9750,46.8751,0.0385
21.0250,46.8751,0.0395
21.0750,46.8751,0.0395
21.1250,46.8751,0.0406
21.1750,46.8751,0.0401
21.2250,46.8751,0.0400
21.2750,46.8751,0.0403
21.3250,46.8751,0.0403
21.3750,46.8751,0.0407
21.4250,46.8751,0.0401
21.4750,46.8751,0.0401
21.5250,46.8751,0.0403
21.5750,46.8751,0.0401
21.6250,46.8751,0.0405
21.6750,46.8751,0.0402
21.7250,46.8751,0.0402
21.7750,46.8751,0.0402
21.8250,46.8751,0.0403
21.8750,46.8751,0.0401
21.9250,46.8751,0.0401
21.9750,46.8751,0.0398
22.0250,46.8751,0.0398
22.0750,46.8751,0.0401
22.1250,46.8751,0.0398
22.1750,46.8751,0.0398
22.2250,46.8751,0.0393
22.2750,46.8751,0.0400
22.3250,46.8751,0.0396
22.3750,46.8751,0.0395
22.4250,46.8751,0.0390
22.4750,46.8751,0.0389
22.5250,46.8751,0.0396
22.5750,46.8751,0.0392
22.6250,46.8751,0.0392
22.6750,46.8751,0.0392
22.7250,46.8751,0.0395
22.7750,46.8751,0.0400
22.8250,46.8751,0.0400
22.8750,46.8751,0.0400
16.1250,46.8251,0.0659
16.1750,46.8251,0.0671
16.2250,46.8251,0.0587
16.2750,46.8251,0.0642
16.3250,46.8251,0.0616
16.3750,46.8251,0.0644
16.4250,46.8251,0.0644
16.4750,46.8251,0.0600
16.5250,46.8251,0.0601
16.5750,46.8251,0.0601
16.6250,46.8251,0.0588
16.6750,46.8251,0.0557
16.7250,46.8251,0.0550
16.7750,46.8251,0.0517
16.8250,46.8251,0.0478
16.8750,46.8251,0.0476
16.9250,46.8251,0.0431
16.9750,46.8251,0.0431
17.0250,46.8251,0.0409
17.0750,46.8251,0.0402
17.1250,46.8251,0.0402
17.1750,46.8251,0.0397
17.2250,46.8251,0.0396
17.2750,46.8251,0.0397
17.3250,46.8251,0.0401
17.3750,46.8251,0.0406
17.4250,46.8251,0.0406
17.4750,46.8251,0.0410
17.5250,46.8251,0.0411
17.5750,46.8251,0.0428
17.6250,46.8251,0.0447
17.6750,46.8251,0.0447
17.7250,46.8251,0.0469
17.7750,46.8251,0.0522
17.8250,46.8251,0.0486
17.8750,46.8251,0.0544
17.9250,46.8251,0.0558
17.9750,46.8251,0.0558
18.0250,46.8251,0.0621
18.0750,46.8251,0.0649
18.1250,46.8251,0.0655
18.1750,46.8251,0.0652
18.2250,46.8251,0.0652
18.2750,46.8251,0.0644
18.3250,46.8251,0.0726
18.3750,46.8251,0.0718
18.4250,46.8251,0.0644
18.4750,46.8251,0.0570
18.5250,46.8251,0.0565
18.5750,46.8251,0.0594
18.6250,46.8251,0.0543
18.6750,46.8251,0.0543
18.7250,46.8251,0.0512
18.7750,46.8251,0.0513
18.8250,46.8251,0.0517
18.8750,46.8251,0.0490
18.9250,46.8251,0.0490
18.9750,46.8251,0.0453
19.0250,46.8251,0.0462
19.0750,46.8251,0.0418
19.1250,46.8251,0.0429
19.1750,46.8251,0.0411
19.2250,46.8251,0.0411
19.2750,46.8251,0.0411
19.3250,46.8251,0.0402
19.3750,46.8251,0.0402
19.4250,46.8251,0.0391
19.4750,46.8251,0.0391
19.5250,46.8251,0.0381
19.5750,46.8251,0.0386
19.6250,46.8251,0.0386
19.6750,46.8251,0.0379
19.7250,46.8251,0.0383
19.7750,46.8251,0.0375
19.8250,46.8251,0.0379
19.8750,46.8251,0.0387
19.9250,46.8251,0.0387
19.9750,46.8251,0.0396
20.0250,46.8251,0.0398
20.0750,46.8251,0.0398
20.1250,46.8251,0.0402
20.1750,46.8251,0.0402
20.2250,46.8251,0.0403
20.2750,46.8251,0.0392
20.3250,46.8251,0.0392
20.3750,46.8251,0.0389
20.4250,46.8251,0.0387
20.4750,46.8251,0.0395
20.5250,46.8251,0.0390
20.5750,46.8251,0.0397
20.6250,46.8251,0.0397
20.6750,46.8251,0.0405
20.7250,46.8251,0.0396
20.7750,46.8251,0.0396
20.8250,46.8251,0.0404
20.8750,46.8251,0.0404
20.9250,46.8251,0.0413
20.9750,46.8251,0.0403
21.0250,46.8251,0.0403
21.0750,46.8251,0.0411
21.1250,46.8251,0.0406
21.1750,46.8251,0.0418
21.2250,46.8251,0.0411
21.2750,46.8251,0.0416
21.3250,46.8251,0.0416
21.3750,46.8251,0.0408
21.4250,46.8251,0.0410
21.4750,46.8251,0.0410
21.5250,46.8251,0.0411
21.5750,46.8251,0.0410
21.6250,46.8251,0.0407
21.6750,46.8251,0.0405
21.7250,46.8251,0.0405
21.7750,46.8251,0.0403
21.8250,46.8251,0.0400
21.8750,46.8251,0.0399
21.9250,46.8251,0.0398
21.9750,46.8251,0.0394
22.0250,46.8251,0.0394
22.0750,46.8251,0.0395
22.1250,46.8251,0.0391
22.1750,46.8251,0.0391
22.2250,46.8251,0.0386
22.2750,46.8251,0.0390
22.3250,46.8251,0.0390
22.3750,46.8251,0.0385
22.4250,46.8251,0.0385
22.4750,46.8251,0.0381
22.5250,46.8251,0.0387
22.5750,46.8251,0.0387
22.6250,46.8251,0.0385
22.6750,46.8251,0.0391
22.7250,46.8251,0.0385
22.7750,46.8251,0.0393
22.8250,46.8251,0.0395
22.8750,46.8251,0.0395
16.1250,46.7751,0.0743
16.1750,46.7751,0.0717
16.2250,46.7751,0.0677
16.2750,46.7751,0.0677
16.3250,46.7751,0.0688
16.3750,46.7751,0.0687
16.4250,46.7751,0.0695
16.4750,46.7751,0.0648
16.5250,46.7751,0.0676
16.5750,46.7751,0.0640
16.6250,46.7751,0.0611
16.6750,46.7751,0.0611
16.7250,46.7751,0.0548
16.7750,46.7751,0.0512
16.8250,46.7751,0.0512
16.8750,46.7751,0.0471
16.9250,46.7751,0.0450
16.9750,46.7751,0.0440
17.0250,46.7751,0.0414
17.0750,46.7751,0.0408
17.1250,46.7751,0.0408
17.1750,46.7751,0.0403
17.2250,46.7751,0.0403
17.2750,46.7751,0.0397
17.3250,46.7751,0.0399
17.3750,46.7751,0.0399
17.4250,46.7751,0.0403
17.4750,46.7751,0.0410
17.5250,46.7751,0.0405
17.5750,46.7751,0.0415
17.6250,46.7751,0.0422
17.6750,46.7751,0.0422
17.7250,46.7751,0.0438
17.7750,46.7751,0.0439
17.8250,46.7751,0.0486
17.8750,46.7751,0.0497
17.9250,46.7751,0.0497
17.9750,46.7751,0.0506
18.0250,46.7751,0.0560
18.0750,46.7751,0.0510
18.1250,46.7751,0.0554
18.1750,46.7751,0.0548
18.2250,46.7751,0.0548
18.2750,46.7751,0.0636
18.3250,46.7751,0.0599
18.3750,46.7751,0.0600
18.4250,46.7751,0.0539
18.4750,46.7751,0.0539
18.5250,46.7751,0.0506
18.5750,46.7751,0.0523
18.6250,46.7751,0.0522
18.6750,46.7751,0.0492
18.7250,46.7751,0.0476
18.7750,46.7751,0.0461
18.8250,46.7751,0.0477
18.8750,46.7751,0.0440
18.9250,46.7751,0.0440
18.9750,46.7751,0.0412
19.0250,46.7751,0.0416
19.0750,46.7751,0.0418
19.1250,46.7751,0.0403
19.1750,46.7751,0.0403
19.2250,46.7751,0.0391
19.2750,46.7751,0.0397
19.3250,46.7751,0.0382
19.3750,46.7751,0.0385
19.4250,46.7751,0.0376
19.4750,46.7751,0.0376
19.5250,46.7751,0.0381
19.5750,46.7751,0.0375
19.6250,46.7751,0.0375
19.6750,46.7751,0.0372
19.7250,46.7751,0.0372
19.7750,46.7751,0.0372
19.8250,46.7751,0.0384
19.8750,46.7751,0.0384
19.9250,46.7751,0.0395
19.9750,46.7751,0.0396
20.0250,46.7751,0.0400
20.0750,46.7751,0.0401
20.1250,46.7751,0.0408
20.1750,46.7751,0.0408
20.2250,46.7751,0.0403
20.2750,46.7751,0.0393
20.3250,46.7751,0.0393
20.3750,46.7751,0.0401
20.4250,46.7751,0.0400
20.4750,46.7751,0.0411
20.5250,46.7751,0.0404
20.5750,46.7751,0.0404
20.6250,46.7751,0.0414
20.6750,46.7751,0.0405
20.7250,46.7751,0.0427
20.7750,46.7751,0.0413
20.8250,46.7751,0.0425
20.8750,46.7751,0.0425
20.9250,46.7751,0.0413
20.9750,46.7751,0.0421
21.0250,46.7751,0.0421
21.0750,46.7751,0.0434
21.1250,46.7751,0.0423
21.1750,46.7751,0.0424
21.2250,46.7751,0.0428
21.2750,46.7751,0.0428
21.3250,46.7751,0.0435
21.3750,46.7751,0.0418
21.4250,46.7751,0.0432
21.4750,46.7751,0.0418
21.5250,46.7751,0.0418
21.5750,46.7751,0.0418
21.6250,46.7751,0.0410
21.6750,46.7751,0.0408
21.7250,46.7751,0.0408
21.7750,46.7751,0.0406
21.8250,46.7751,0.0399
21.8750,46.7751,0.0399
21.9250,46.7751,0.0396
21.9750,46.7751,0.0396
22.0250,46.7751,0.0392
22.0750,46.7751,0.0389
22.1250,46.7751,0.0389
22.1750,46.7751,0.0385
22.2250,46.7751,0.0386
22.2750,46.7751,0.0380
22.3250,46.7751,0.0380
22.3750,46.7751,0.0377
22.4250,46.7751,0.0377
22.4750,46.7751,0.0381
22.5250,46.7751,0.0379
22.5750,46.7751,0.0379
22.6250,46.7751,0.0378
22.6750,46.7751,0.0383
22.7250,46.7751,0.0384
22.7750,46.7751,0.0386
22.8250,46.7751,0.0386
22.8750,46.7751,0.0391
16.1250,46.7251,0.0834
16.1750,46.7251,0.0757
16.2250,46.7251,0.0828
16.2750,46.7251,0.0760
16.3250,46.7251,0.0752
16.3750,46.7251,0.0752
16.4250,46.7251,0.0742
16.4750,46.7251,0.0686
16.5250,46.7251,0.0686
16.5750,46.7251,0.0661
16.6250,46.7251,0.0660
16.6750,46.7251,0.0608
16.7250,46.7251,0.0547
16.7750,46.7251,0.0542
16.8250,46.7251,0.0508
16.8750,46.7251,0.0479
16.9250,46.7251,0.0479
16.9750,46.7251,0.0458
17.0250,46.7251,0.0422
17.0750,46.7251,0.0422
17.1250,46.7251,0.0415
17.1750,46.7251,0.0409
17.2250,46.7251,0.0410
17.2750,46.7251,0.0399
17.3250,46.7251,0.0399
17.3750,46.7251,0.0399
17.4250,46.7251,0.0398
17.4750,46.7251,0.0398
17.5250,46.7251,0.0404
17.5750,46.7251,0.0408
17.6250,46.7251,0.0408
17.6750,46.7251,0.0413
17.7250,46.7251,0.0437
17.7750,46.7251,0.0418
17.8250,46.7251,0.0451
17.8750,46.7251,0.0463
17.9250,46.7251,0.0463
17.9750,46.7251,0.0465
18.0250,46.7251,0.0472
18.0750,46.7251,0.0509
18.1250,46.7251,0.0507
18.1750,46.7251,0.0507
18.2250,46.7251,0.0498
18.2750,46.7251,0.0538
18.3250,46.7251,0.0488
18.3750,46.7251,0.0517
18.4250,46.7251,0.0487
18.4750,46.7251,0.0487
18.5250,46.7251,0.0506
18.5750,46.7251,0.0477
18.6250,46.7251,0.0477
18.6750,46.7251,0.0446
18.7250,46.7251,0.0446
18.7750,46.7251,0.0417
18.8250,46.7251,0.0431
18.8750,46.7251,0.0431
18.9250,46.7251,0.0407
18.9750,46.7251,0.0410
19.0250,46.7251,0.0393
19.0750,46.7251,0.0398
19.1250,46.7251,0.0386
19.1750,46.7251,0.0386
19.2250,46.7251,0.0376
19.2750,46.7251,0.0380
19.3250,46.7251,0.0381
19.3750,46.7251,0.0372
19.4250,46.7251,0.0372
19.4750,46.7251,0.0365
19.5250,46.7251,0.0371
19.5750,46.7251,0.0369
19.6250,46.7251,0.0369
19.6750,46.7251,0.0369
19.7250,46.7251,0.0369
19.7750,46.7251,0.0372
19.8250,46.7251,0.0386
19.8750,46.7251,0.0386
19.9250,46.7251,0.0399
19.9750,46.7251,0.0400
20.0250,46.7251,0.0401
20.0750,46.7251,0.0408
20.1250,46.7251,0.0408
20.1750,46.7251,0.0397
20.2250,46.7251,0.0397
20.2750,46.7251,0.0406
20.3250,46.7251,0.0407
20.3750,46.7251,0.0418
20.4250,46.7251,0.0418
20.4750,46.7251,0.0412
20.5250,46.7251,0.0424
20.5750,46.7251,0.0424
20.6250,46.7251,0.0445
20.6750,46.7251,0.0428
20.7250,46.7251,0.0428
20.7750,46.7251,0.0448
20.8250,46.7251,0.0448
20.8750,46.7251,0.0466
20.9250,46.7251,0.0445
20.9750,46.7251,0.0458
21.0250,46.7251,0.0460
21.0750,46.7251,0.0474
21.1250,46.7251,0.0475
21.1750,46.7251,0.0451
21.2250,46.7251,0.0459
21.2750,46.7251,0.0459
21.3250,46.7251,0.0460
21.3750,46.7251,0.0438
21.4250,46.7251,0.0438
21.4750,46.7251,0.0438
21.5250,46.7251,0.0437
21.5750,46.7251,0.0433
21.6250,46.7251,0.0417
21.6750,46.7251,0.0417
21.7250,46.7251,0.0415
21.7750,46.7251,0.0406
21.8250,46.7251,0.0409
21.8750,46.7251,0.0402
21.9250,46.7251,0.0397
21.9750,46.7251,0.0397
22.0250,46.7251,0.0392
22.0750,46.7251,0.0387
22.1250,46.7251,0.0387
22.1750,46.7251,0.0382
22.2250,46.7251,0.0380
22.2750,46.7251,0.0380
22.3250,46.7251,0.0376
22.3750,46.7251,0.0376
22.4250,46.7251,0.0372
22.4750,46.7251,0.0374
22.5250,46.7251,0.0373
22.5750,46.7251,0.0371
22.6250,46.7251,0.0374
22.6750,46.7251,0.0372
22.7250,46.7251,0.0379
22.7750,46.7251,0.0383
22.8250,46.7251,0.0383
22.8750,46.7251,0.0390
16.1250,46.6751,0.0904
16.1750,46.6751,0.0838
16.2250,46.6751,0.0829
16.2750,46.6751,0.0833
16.3250,46.6751,0.0833
16.3750,46.6751,0.0830
16.4250,46.6751,0.0743
16.4750,46.6751,0.0820
16.5250,46.6751,0.0717
16.5750,46.6751,0.0680
16.6250,46.6751,0.0680
16.6750,46.6751,0.0626
16.7250,46.6751,0.0547
16.7750,46.6751,0.0547
16.8250,46.6751,0.0520
16.8750,46.6751,0.0519
16.9250,46.6751,0.0501
16.9750,46.6751,0.0459
17.0250,46.6751,0.0480
17.0750,46.6751,0.0443
17.1250,46.6751,0.0429
17.1750,46.6751,0.0429
17.2250,46.6751,0.0420
17.2750,46.6751,0.0404
17.3250,46.6751,0.0404
17.3750,46.6751,0.0401
17.4250,46.6751,0.0399
17.4750,46.6751,0.0400
17.5250,46.6751,0.0399
17.5750,46.6751,0.0401
17.6250,46.6751,0.0401
17.6750,46.6751,0.0404
17.7250,46.6751,0.0404
17.7750,46.6751,0.0416
17.8250,46.6751,0.0421
17.8750,46.6751,0.0421
17.9250,46.6751,0.0423
17.9750,46.6751,0.0465
18.0250,46.6751,0.0424
18.0750,46.6751,0.0462
18.1250,46.6751,0.0456
18.1750,46.6751,0.0456
18.2250,46.6751,0.0447
18.2750,46.6751,0.0470
18.3250,46.6751,0.0483
18.3750,46.6751,0.0460
18.4250,46.6751,0.0460
18.4750,46.6751,0.0436
18.5250,46.6751,0.0457
18.5750,46.6751,0.0433
18.6250,46.6751,0.0427
18.6750,46.6751,0.0409
18.7250,46.6751,0.0409
18.7750,46.6751,0.0417
18.8250,46.6751,0.0400
18.8750,46.6751,0.0400
18.9250,46.6751,0.0387
18.9750,46.6751,0.0388
19.0250,46.6751,0.0377
19.0750,46.6751,0.0380
19.1250,46.6751,0.0380
19.1750,46.6751,0.0369
19.2250,46.6751,0.0376
19.2750,46.6751,0.0360
19.3250,46.6751,0.0365
19.3750,46.6751,0.0359
19.4250,46.6751,0.0359
19.4750,46.6751,0.0359
19.5250,46.6751,0.0363
19.5750,46.6751,0.0363
19.6250,46.6751,0.0364
19.6750,46.6751,0.0364
19.7250,46.6751,0.0369
19.7750,46.6751,0.0372
19.8250,46.6751,0.0374
19.8750,46.6751,0.0396
19.9250,46.6751,0.0401
19.9750,46.6751,0.0405
20.0250,46.6751,0.0406
20.0750,46.6751,0.0415
20.1250,46.6751,0.0415
20.1750,46.6751,0.0412
20.2250,46.6751,0.0409
20.2750,46.6751,0.0409
20.3250,46.6751,0.0422
20.3750,46.6751,0.0422
20.4250,46.6751,0.0448
20.4750,46.6751,0.0436
20.5250,46.6751,0.0443
20.5750,46.6751,0.0459
20.6250,46.6751,0.0462
20.6750,46.6751,0.0485
20.7250,46.6751,0.0464
20.7750,46.6751,0.0487
20.8250,46.6751,0.0487
20.8750,46.6751,0.0509
20.9250,46.6751,0.0484
20.9750,46.6751,0.0484
21.0250,46.6751,0.0498
21.0750,46.6751,0.0485
21.1250,46.6751,0.0511
21.1750,46.6751,0.0482
21.2250,46.6751,0.0483
21.2750,46.6751,0.0485
21.3250,46.6751,0.0460
21.3750,46.6751,0.0487
21.4250,46.6751,0.0457
21.4750,46.6751,0.0456
21.5250,46.6751,0.0456
21.5750,46.6751,0.0434
21.6250,46.6751,0.0427
21.6750,46.6751,0.0427
21.7250,46.6751,0.0420
21.7750,46.6751,0.0409
21.8250,46.6751,0.0411
21.8750,46.6751,0.0404
21.9250,46.6751,0.0403
21.9750,46.6751,0.0397
22.0250,46.6751,0.0390
22.0750,46.6751,0.0386
22.1250,46.6751,0.0384
22.1750,46.6751,0.0379
22.2250,46.6751,0.0379
22.2750,46.6751,0.0377
22.3250,46.6751,0.0371
22.3750,46.6751,0.0371
22.4250,46.6751,0.0368
22.4750,46.6751,0.0368
22.5250,46.6751,0.0368
22.5750,46.6751,0.0367
22.6250,46.6751,0.0371
22.6750,46.6751,0.0369
22.7250,46.6751,0.0374
22.7750,46.6751,0.0375
22.8250,46.6751,0.0380
22.8750,46.6751,0.0388
16.1250,46.6251,0.0904
16.1750,46.6251,0.0986
16.2250,46.6251,0.0907
16.2750,46.6251,0.0908
16.3250,46.6251,0.0908
16.3750,46.6251,0.0907
16.4250,46.6251,0.0836
16.4750,46.6251,0.0820
16.5250,46.6251,0.0790
16.5750,46.6251,0.0790
16.6250,46.6251,0.0713
16.6750,46.6251,0.0626
16.7250,46.6251,0.0668
16.7750,46.6251,0.0581
16.8250,46.6251,0.0546
16.8750,46.6251,0.0546
16.9250,46.6251,0.0532
16.9750,46.6251,0.0486
17.0250,46.6251,0.0487
17.0750,46.6251,0.0472
17.1250,46.6251,0.0470
17.1750,46.6251,0.0459
17.2250,46.6251,0.0420
17.2750,46.6251,0.0437
17.3250,46.6251,0.0415
17.3750,46.6251,0.0409
17.4250,46.6251,0.0409
17.4750,46.6251,0.0406
17.5250,46.6251,0.0400
17.5750,46.6251,0.0400
17.6250,46.6251,0.0401
17.6750,46.6251,0.0403
17.7250,46.6251,0.0401
17.7750,46.6251,0.0407
17.8250,46.6251,0.0409
17.8750,46.6251,0.0409
17.9250,46.6251,0.0410
17.9750,46.6251,0.0410
18.0250,46.6251,0.0423
18.0750,46.6251,0.0421
18.1250,46.6251,0.0421
18.1750,46.6251,0.0418
18.2250,46.6251,0.0447
18.2750,46.6251,0.0413
18.3250,46.6251,0.0430
18.3750,46.6251,0.0417
18.4250,46.6251,0.0417
18.4750,46.6251,0.0408
18.5250,46.6251,0.0414
18.5750,46.6251,0.0415
18.6250,46.6251,0.0402
18.6750,46.6251,0.0402
18.7250,46.6251,0.0389
18.7750,46.6251,0.0395
18.8250,46.6251,0.0393
18.8750,46.6251,0.0383
18.9250,46.6251,0.0372
18.9750,46.6251,0.0372
19.0250,46.6251,0.0376
19.0750,46.6251,0.0366
19.1250,46.6251,0.0366
19.1750,46.6251,0.0357
19.2250,46.6251,0.0360
19.2750,46.6251,0.0360
19.3250,46.6251,0.0356
19.3750,46.6251,0.0356
19.4250,46.6251,0.0352
19.4750,46.6251,0.0358
19.5250,46.6251,0.0355
19.5750,46.6251,0.0360
19.6250,46.6251,0.0366
19.6750,46.6251,0.0366
19.7250,46.6251,0.0369
19.7750,46.6251,0.0387
19.8250,46.6251,0.0387
19.8750,46.6251,0.0403
19.9250,46.6251,0.0405
19.9750,46.6251,0.0414
20.0250,46.6251,0.0416
20.0750,46.6251,0.0415
20.1250,46.6251,0.0413
20.1750,46.6251,0.0412
20.2250,46.6251,0.0434
20.2750,46.6251,0.0430
20.3250,46.6251,0.0459
20.3750,46.6251,0.0459
20.4250,46.6251,0.0452
20.4750,46.6251,0.0477
20.5250,46.6251,0.0477
20.5750,46.6251,0.0502
20.6250,46.6251,0.0486
20.6750,46.6251,0.0524
20.7250,46.6251,0.0510
20.7750,46.6251,0.0517
20.8250,46.6251,0.0533
20.8750,46.6251,0.0509
20.9250,46.6251,0.0544
20.9750,46.6251,0.0526
21.0250,46.6251,0.0540
21.0750,46.6251,0.0540
21.1250,46.6251,0.0511
21.1750,46.6251,0.0518
21.2250,46.6251,0.0518
21.2750,46.6251,0.0517
21.3250,46.6251,0.0488
21.3750,46.6251,0.0491
21.4250,46.6251,0.0486
21.4750,46.6251,0.0482
21.5250,46.6251,0.0480
21.5750,46.6251,0.0453
21.6250,46.6251,0.0448
21.6750,46.6251,0.0447
21.7250,46.6251,0.0436
21.7750,46.6251,0.0436
21.8250,46.6251,0.0415
21.8750,46.6251,0.0410
21.9250,46.6251,0.0410
21.9750,46.6251,0.0403
22.0250,46.6251,0.0392
22.0750,46.6251,0.0392
22.1250,46.6251,0.0387
22.1750,46.6251,0.0379
22.2250,46.6251,0.0380
22.2750,46.6251,0.0375
22.3250,46.6251,0.0371
22.3750,46.6251,0.0370
22.4250,46.6251,0.0368
22.4750,46.6251,0.0366
22.5250,46.6251,0.0366
22.5750,46.6251,0.0366
22.6250,46.6251,0.0366
22.6750,46.6251,0.0369
22.7250,46.6251,0.0373
22.7750,46.6251,0.0373
22.8250,46.6251,0.0380
22.8750,46.6251,0.0388
16.1250,46.5751,0.1078
16.1750,46.5751,0.0988
16.2250,46.5751,0.0989
16.2750,46.5751,0.0989
16.3250,46.5751,0.1011
16.3750,46.5751,0.0909
16.4250,46.5751,0.1060
16.4750,46.5751,0.0894
16.5250,46.5751,0.0862
16.5750,46.5751,0.0862
16.6250,46.5751,0.0793
16.6750,46.5751,0.0690
16.7250,46.5751,0.0673
16.7750,46.5751,0.0634
16.8250,46.5751,0.0634
16.8750,46.5751,0.0605
16.9250,46.5751,0.0532
16.9750,46.5751,0.0584
17.0250,46.5751,0.0519
17.0750,46.5751,0.0507
17.1250,46.5751,0.0507
17.1750,46.5751,0.0495
17.2250,46.5751,0.0445
17.2750,46.5751,0.0446
17.3250,46.5751,0.0432
17.3750,46.5751,0.0427
17.4250,46.5751,0.0420
17.4750,46.5751,0.0406
17.5250,46.5751,0.0410
17.5750,46.5751,0.0405
17.6250,46.5751,0.0403
17.6750,46.5751,0.0403
17.7250,46.5751,0.0402
17.7750,46.5751,0.0402
17.8250,46.5751,0.0402
17.8750,46.5751,0.0401
17.9250,46.5751,0.0407
17.9750,46.5751,0.0400
18.0250,46.5751,0.0408
18.0750,46.5751,0.0405
18.1250,46.5751,0.0405
18.1750,46.5751,0.0402
18.2250,46.5751,0.0402
18.2750,46.5751,0.0413
18.3250,46.5751,0.0406
18.3750,46.5751,0.0406
18.4250,46.5751,0.0397
18.4750,46.5751,0.0406
18.5250,46.5751,0.0389
18.5750,46.5751,0.0395
18.6250,46.5751,0.0384
18.6750,46.5751,0.0384
18.7250,46.5751,0.0385
18.7750,46.5751,0.0377
18.8250,46.5751,0.0377
18.8750,46.5751,0.0366
18.9250,46.5751,0.0366
18.9750,46.5751,0.0358
19.0250,46.5751,0.0361
19.0750,46.5751,0.0361
19.1250,46.5751,0.0353
19.1750,46.5751,0.0351
19.2250,46.5751,0.0348
19.2750,46.5751,0.0351
19.3250,46.5751,0.0349
19.3750,46.5751,0.0349
19.4250,46.5751,0.0351
19.4750,46.5751,0.0354
19.5250,46.5751,0.0355
19.5750,46.5751,0.0361
19.6250,46.5751,0.0362
19.6750,46.5751,0.0371
19.7250,46.5751,0.0374
19.7750,46.5751,0.0384
19.8250,46.5751,0.0394
19.8750,46.5751,0.0412
19.9250,46.5751,0.0412
19.9750,46.5751,0.0414
20.0250,46.5751,0.0412
20.0750,46.5751,0.0412
20.1250,46.5751,0.0440
20.1750,46.5751,0.0434
20.2250,46.5751,0.0435
20.2750,46.5751,0.0465
20.3250,46.5751,0.0470
20.3750,46.5751,0.0496
20.4250,46.5751,0.0485
20.4750,46.5751,0.0514
20.5250,46.5751,0.0514
20.5750,46.5751,0.0543
20.6250,46.5751,0.0543
20.6750,46.5751,0.0525
20.7250,46.5751,0.0553
20.7750,46.5751,0.0553
20.8250,46.5751,0.0601
20.8750,46.5751,0.0550
20.9250,46.5751,0.0551
20.9750,46.5751,0.0583
21.0250,46.5751,0.0579
21.0750,46.5751,0.0606
21.1250,46.5751,0.0544
21.1750,46.5751,0.0546
21.2250,46.5751,0.0545
21.2750,46.5751,0.0545
21.3250,46.5751,0.0545
21.3750,46.5751,0.0512
21.4250,46.5751,0.0507
21.4750,46.5751,0.0507
21.5250,46.5751,0.0504
21.5750,46.5751,0.0471
21.6250,46.5751,0.0471
21.6750,46.5751,0.0462
21.7250,46.5751,0.0436
21.7750,46.5751,0.0455
21.8250,46.5751,0.0423
21.8750,46.5751,0.0416
21.9250,46.5751,0.0416
21.9750,46.5751,0.0403
22.0250,46.5751,0.0397
22.0750,46.5751,0.0396
22.1250,46.5751,0.0389
22.1750,46.5751,0.0389
22.2250,46.5751,0.0380
22.2750,46.5751,0.0374
22.3250,46.5751,0.0374
22.3750,46.5751,0.0370
22.4250,46.5751,0.0367
22.4750,46.5751,0.0367
22.5250,46.5751,0.0364
22.5750,46.5751,0.0366
22.6250,46.5751,0.0365
22.6750,46.5751,0.0368
22.7250,46.5751,0.0373
22.7750,46.5751,0.0373
22.8250,46.5751,0.0380
22.8750,46.5751,0.0387
16.1250,46.5251,0.1183
16.1750,46.5251,0.1128
16.2250,46.5251,0.1159
16.2750,46.5251,0.1159
16.3250,46.5251,0.1184
16.3750,46.5251,0.1184
16.4250,46.5251,0.1188
16.4750,46.5251,0.1063
16.5250,46.5251,0.1063
16.5750,46.5251,0.0974
16.6250,46.5251,0.0801
16.6750,46.5251,0.0892
16.7250,46.5251,0.0729
16.7750,46.5251,0.0696
16.8250,46.5251,0.0696
16.8750,46.5251,0.0670
16.9250,46.5251,0.0593
16.9750,46.5251,0.0609
17.0250,46.5251,0.0563
17.0750,46.5251,0.0563
17.1250,46.5251,0.0547
17.1750,46.5251,0.0496
17.2250,46.5251,0.0530
17.2750,46.5251,0.0481
17.3250,46.5251,0.0466
17.3750,46.5251,0.0466
17.4250,46.5251,0.0449
17.4750,46.5251,0.0417
17.5250,46.5251,0.0417
17.5750,46.5251,0.0413
17.6250,46.5251,0.0411
17.6750,46.5251,0.0410
17.7250,46.5251,0.0402
17.7750,46.5251,0.0402
17.8250,46.5251,0.0401
17.8750,46.5251,0.0399
17.9250,46.5251,0.0399
17.9750,46.5251,0.0396
18.0250,46.5251,0.0399
18.0750,46.5251,0.0399
18.1250,46.5251,0.0395
18.1750,46.5251,0.0401
18.2250,46.5251,0.0391
18.2750,46.5251,0.0397
18.3250,46.5251,0.0391
18.3750,46.5251,0.0391
18.4250,46.5251,0.0383
18.4750,46.5251,0.0386
18.5250,46.5251,0.0389
18.5750,46.5251,0.0380
18.6250,46.5251,0.0380
18.6750,46.5251,0.0370
18.7250,46.5251,0.0373
18.7750,46.5251,0.0362
18.8250,46.5251,0.0363
18.8750,46.5251,0.0355
18.9250,46.5251,0.0355
18.9750,46.5251,0.0358
19.0250,46.5251,0.0351
19.0750,46.5251,0.0351
19.1250,46.5251,0.0345
19.1750,46.5251,0.0346
19.2250,46.5251,0.0344
19.2750,46.5251,0.0346
19.3250,46.5251,0.0347
19.3750,46.5251,0.0349
19.4250,46.5251,0.0351
19.4750,46.5251,0.0354
19.5250,46.5251,0.0358
19.5750,46.5251,0.0368
19.6250,46.5251,0.0368
19.6750,46.5251,0.0380
19.7250,46.5251,0.0382
19.7750,46.5251,0.0382
19.8250,46.5251,0.0410
19.8750,46.5251,0.0411
19.9250,46.5251,0.0429
19.9750,46.5251,0.0416
20.0250,46.5251,0.0434
20.0750,46.5251,0.0440
20.1250,46.5251,0.0461
20.1750,46.5251,0.0472
20.2250,46.5251,0.0473
20.2750,46.5251,0.0504
20.3250,46.5251,0.0504
20.3750,46.5251,0.0533
20.4250,46.5251,0.0528
20.4750,46.5251,0.0528
20.5250,46.5251,0.0567
20.5750,46.5251,0.0549
20.6250,46.5251,0.0617
20.6750,46.5251,0.0595
20.7250,46.5251,0.0643
20.7750,46.5251,0.0644
20.8250,46.5251,0.0640
20.8750,46.5251,0.0686
20.9250,46.5251,0.0649
20.9750,46.5251,0.0676
21.0250,46.5251,0.0676
21.0750,46.5251,0.0670
21.1250,46.5251,0.0610
21.1750,46.5251,0.0610
21.2250,46.5251,0.0605
21.2750,46.5251,0.0545
21.3250,46.5251,0.0589
21.3750,46.5251,0.0544
21.4250,46.5251,0.0535
21.4750,46.5251,0.0535
21.5250,46.5251,0.0504
21.5750,46.5251,0.0497
21.6250,46.5251,0.0496
21.6750,46.5251,0.0484
21.7250,46.5251,0.0484
21.7750,46.5251,0.0455
21.8250,46.5251,0.0443
21.8750,46.5251,0.0443
21.9250,46.5251,0.0425
21.9750,46.5251,0.0409
22.0250,46.5251,0.0410
22.0750,46.5251,0.0401
22.1250,46.5251,0.0392
22.1750,46.5251,0.0393
22.2250,46.5251,0.0383
22.2750,46.5251,0.0377
22.3250,46.5251,0.0377
22.3750,46.5251,0.0372
22.4250,46.5251,0.0368
22.4750,46.5251,0.0367
22.5250,46.5251,0.0366
22.5750,46.5251,0.0366
22.6250,46.5251,0.0366
22.6750,46.5251,0.0369
22.7250,46.5251,0.0369
22.7750,46.5251,0.0375
22.8250,46.5251,0.0381
22.8750,46.5251,0.0382
16.1250,46.4751,0.1320
16.1750,46.4751,0.1209
16.2250,46.4751,0.1209
16.2750,46.4751,0.1299
16.3250,46.4751,0.1271
16.3750,46.4751,0.1496
16.4250,46.4751,0.1338
16.4750,46.4751,0.1408
16.5250,46.4751,0.1408
16.5750,46.4751,0.1164
16.6250,46.4751,0.1161
16.6750,46.4751,0.1034
16.7250,46.4751,0.0830
16.7750,46.4751,0.0830
16.8250,46.4751,0.0770
16.8750,46.4751,0.0686
16.9250,46.4751,0.0719
16.9750,46.4751,0.0646
17.0250,46.4751,0.0626
17.0750,46.4751,0.0626
17.1250,46.4751,0.0607
17.1750,46.4751,0.0533
17.2250,46.4751,0.0566
17.2750,46.4751,0.0514
17.3250,46.4751,0.0512
17.3750,46.4751,0.0499
17.4250,46.4751,0.0450
17.4750,46.4751,0.0481
17.5250,46.4751,0.0437
17.5750,46.4751,0.0425
17.6250,46.4751,0.0425
17.6750,46.4751,0.0418
17.7250,46.4751,0.0406
17.7750,46.4751,0.0407
17.8250,46.4751,0.0402
17.8750,46.4751,0.0399
17.9250,46.4751,0.0399
17.9750,46.4751,0.0396
18.0250,46.4751,0.0393
18.0750,46.4751,0.0392
18.1250,46.4751,0.0388
18.1750,46.4751,0.0388
18.2250,46.4751,0.0384
18.2750,46.4751,0.0385
18.3250,46.4751,0.0385
18.3750,46.4751,0.0379
18.4250,46.4751,0.0383
18.4750,46.4751,0.0373
18.5250,46.4751,0.0375
18.5750,46.4751,0.0367
18.6250,46.4751,0.0367
18.6750,46.4751,0.0360
18.7250,46.4751,0.0361
18.7750,46.4751,0.0361
18.8250,46.4751,0.0353
18.8750,46.4751,0.0353
18.9250,46.4751,0.0348
18.9750,46.4751,0.0349
19.0250,46.4751,0.0347
19.0750,46.4751,0.0344
19.1250,46.4751,0.0343
19.1750,46.4751,0.0343
19.2250,46.4751,0.0344
19.2750,46.4751,0.0347
19.3250,46.4751,0.0347
19.3750,46.4751,0.0353
19.4250,46.4751,0.0354
19.4750,46.4751,0.0358
19.5250,46.4751,0.0364
19.5750,46.4751,0.0365
19.6250,46.4751,0.0376
19.6750,46.4751,0.0380
19.7250,46.4751,0.0392
19.7750,46.4751,0.0401
19.8250,46.4751,0.0425
19.8750,46.4751,0.0425
19.9250,46.4751,0.0430
19.9750,46.4751,0.0437
20.0250,46.4751,0.0437
20.0750,46.4751,0.0472
20.1250,46.4751,0.0472
20.1750,46.4751,0.0506
20.2250,46.4751,0.0503
20.2750,46.4751,0.0532
20.3250,46.4751,0.0536
20.3750,46.4751,0.0533
20.4250,46.4751,0.0582
20.4750,46.4751,0.0577
20.5250,46.4751,0.0640
20.5750,46.4751,0.0640
20.6250,46.4751,0.0628
20.6750,46.4751,0.0662
20.7250,46.4751,0.0662
20.7750,46.4751,0.0716
20.8250,46.4751,0.0692
20.8750,46.4751,0.0796
20.9250,46.4751,0.0724
20.9750,46.4751,0.0749
21.0250,46.4751,0.0749
21.0750,46.4751,0.0671
21.1250,46.4751,0.0659
21.1750,46.4751,0.0659
21.2250,46.4751,0.0650
21.2750,46.4751,0.0650
21.3250,46.4751,0.0589
21.3750,46.4751,0.0574
21.4250,46.4751,0.0574
21.4750,46.4751,0.0562
21.5250,46.4751,0.0523
21.5750,46.4751,0.0525
21.6250,46.4751,0.0512
21.6750,46.4751,0.0499
21.7250,46.4751,0.0503
21.7750,46.4751,0.0470
21.8250,46.4751,0.0455
21.8750,46.4751,0.0455
21.9250,46.4751,0.0439
21.9750,46.4751,0.0416
22.0250,46.4751,0.0415
22.0750,46.4751,0.0406
22.1250,46.4751,0.0406
22.1750,46.4751,0.0398
22.2250,46.4751,0.0386
22.2750,46.4751,0.0386
22.3250,46.4751,0.0380
22.3750,46.4751,0.0372
22.4250,46.4751,0.0375
22.4750,46.4751,0.0368
22.5250,46.4751,0.0367
22.5750,46.4751,0.0367
22.6250,46.4751,0.0367
22.6750,46.4751,0.0370
22.7250,46.4751,0.0370
22.7750,46.4751,0.0377
22.8250,46.4751,0.0382
22.8750,46.4751,0.0382
16.1250,46.4251,0.1373
16.1750,46.4251,0.1485
16.2250,46.4251,0.1476
16.2750,46.4251,0.1614
16.3250,46.4251,0.1614
16.3750,46.4251,0.1870
16.4250,46.4251,0.2368
16.4750,46.4251,0.2368
16.5250,46.4251,0.1708
16.5750,46.4251,0.1388
16.6250,46.4251,0.1460
16.6750,46.4251,0.1040
16.7250,46.4251,0.0921
16.7750,46.4251,0.0921
16.8250,46.4251,0.0851
16.8750,46.4251,0.0848
16.9250,46.4251,0.0789
16.9750,46.4251,0.0699
17.0250,46.4251,0.0699
17.0750,46.4251,0.0678
17.1250,46.4251,0.0639
17.1750,46.4251,0.0657
17.2250,46.4251,0.0582
17.2750,46.4251,0.0550
17.3250,46.4251,0.0550
17.3750,46.4251,0.0532
17.4250,46.4251,0.0481
17.4750,46.4251,0.0505
17.5250,46.4251,0.0467
17.5750,46.4251,0.0458
17.6250,46.4251,0.0452
17.6750,46.4251,0.0419
17.7250,46.4251,0.0435
17.7750,46.4251,0.0414
17.8250,46.4251,0.0409
17.8750,46.4251,0.0409
17.9250,46.4251,0.0403
17.9750,46.4251,0.0395
18.0250,46.4251,0.0395
18.0750,46.4251,0.0391
18.1250,46.4251,0.0386
18.1750,46.4251,0.0386
18.2250,46.4251,0.0384
18.2750,46.4251,0.0378
18.3250,46.4251,0.0378
18.3750,46.4251,0.0373
18.4250,46.4251,0.0373
18.4750,46.4251,0.0371
18.5250,46.4251,0.0366
18.5750,46.4251,0.0366
18.6250,46.4251,0.0360
18.6750,46.4251,0.0360
18.7250,46.4251,0.0355
18.7750,46.4251,0.0354
18.8250,46.4251,0.0350
18.8750,46.4251,0.0350
18.9250,46.4251,0.0346
18.9750,46.4251,0.0344
19.0250,46.4251,0.0344
19.0750,46.4251,0.0344
19.1250,46.4251,0.0344
19.1750,46.4251,0.0346
19.2250,46.4251,0.0346
19.2750,46.4251,0.0347
19.3250,46.4251,0.0352
19.3750,46.4251,0.0360
19.4250,46.4251,0.0360
19.4750,46.4251,0.0362
19.5250,46.4251,0.0374
19.5750,46.4251,0.0374
19.6250,46.4251,0.0388
19.6750,46.4251,0.0391
19.7250,46.4251,0.0391
19.7750,46.4251,0.0417
19.8250,46.4251,0.0421
19.8750,46.4251,0.0434
19.9250,46.4251,0.0436
19.9750,46.4251,0.0472
20.0250,46.4251,0.0473
20.0750,46.4251,0.0507
20.1250,46.4251,0.0507
20.1750,46.4251,0.0507
20.2250,46.4251,0.0541
20.2750,46.4251,0.0541
20.3250,46.4251,0.0596
20.3750,46.4251,0.0594
20.4250,46.4251,0.0598
20.4750,46.4251,0.0661
20.5250,46.4251,0.0710
20.5750,46.4251,0.0721
20.6250,46.4251,0.0697
20.6750,46.4251,0.0770
20.7250,46.4251,0.0770
20.7750,46.4251,0.0830
20.8250,46.4251,0.0828
20.8750,46.4251,0.0803
20.9250,46.4251,0.0834
20.9750,46.4251,0.0834
21.0250,46.4251,0.0831
21.0750,46.4251,0.0744
21.1250,46.4251,0.0744
21.1750,46.4251,0.0725
21.2250,46.4251,0.0671
21.2750,46.4251,0.0697
21.3250,46.4251,0.0641
21.3750,46.4251,0.0624
21.4250,46.4251,0.0624
21.4750,46.4251,0.0598
21.5250,46.4251,0.0550
21.5750,46.4251,0.0549
21.6250,46.4251,0.0535
21.6750,46.4251,0.0535
21.7250,46.4251,0.0519
21.7750,46.4251,0.0489
21.8250,46.4251,0.0489
21.8750,46.4251,0.0472
21.9250,46.4251,0.0439
21.9750,46.4251,0.0452
22.0250,46.4251,0.0423
22.0750,46.4251,0.0412
22.1250,46.4251,0.0412
22.1750,46.4251,0.0398
22.2250,46.4251,0.0390
22.2750,46.4251,0.0390
22.3250,46.4251,0.0384
22.3750,46.4251,0.0375
22.4250,46.4251,0.0375
22.4750,46.4251,0.0371
22.5250,46.4251,0.0371
22.5750,46.4251,0.0370
22.6250,46.4251,0.0369
22.6750,46.4251,0.0369
22.7250,46.4251,0.0373
22.7750,46.4251,0.0377
22.8250,46.4251,0.0380
22.8750,46.4251,0.0385
16.1250,46.3751,0.1527
16.1750,46.3751,0.1527
16.2250,46.3751,0.1676
16.2750,46.3751,0.1993
16.3250,46.3751,0.2454
16.3750,46.3751,0.1871
16.4250,46.3751,0.2164
16.4750,46.3751,0.2141
16.5250,46.3751,0.2041
16.5750,46.3751,0.2041
16.6250,46.3751,0.2019
16.6750,46.3751,0.1181
16.7250,46.3751,0.1182
16.7750,46.3751,0.0996
16.8250,46.3751,0.0900
16.8750,46.3751,0.0902
16.9250,46.3751,0.0789
16.9750,46.3751,0.0743
17.0250,46.3751,0.0743
17.0750,46.3751,0.0714
17.1250,46.3751,0.0708
17.1750,46.3751,0.0700
17.2250,46.3751,0.0632
17.2750,46.3751,0.0631
17.3250,46.3751,0.0603
17.3750,46.3751,0.0567
17.4250,46.3751,0.0576
17.4750,46.3751,0.0511
17.5250,46.3751,0.0495
17.5750,46.3751,0.0495
17.6250,46.3751,0.0479
17.6750,46.3751,0.0437
17.7250,46.3751,0.0457
17.7750,46.3751,0.0424
17.8250,46.3751,0.0417
17.8750,46.3751,0.0416
17.9250,46.3751,0.0403
17.9750,46.3751,0.0403
18.0250,46.3751,0.0398
18.0750,46.3751,0.0392
18.1250,46.3751,0.0392
18.1750,46.3751,0.0387
18.2250,46.3751,0.0381
18.2750,46.3751,0.0381
18.3250,46.3751,0.0376
18.3750,46.3751,0.0371
18.4250,46.3751,0.0371
18.4750,46.3751,0.0367
18.5250,46.3751,0.0361
18.5750,46.3751,0.0361
18.6250,46.3751,0.0358
18.6750,46.3751,0.0357
18.7250,46.3751,0.0355
18.7750,46.3751,0.0351
18.8250,46.3751,0.0351
18.8750,46.3751,0.0349
18.9250,46.3751,0.0346
18.9750,46.3751,0.0349
19.0250,46.3751,0.0345
19.0750,46.3751,0.0347
19.1250,46.3751,0.0347
19.1750,46.3751,0.0347
19.2250,46.3751,0.0352
19.2750,46.3751,0.0352
19.3250,46.3751,0.0360
19.3750,46.3751,0.0360
19.4250,46.3751,0.0371
19.4750,46.3751,0.0372
19.5250,46.3751,0.0379
19.5750,46.3751,0.0386
19.6250,46.3751,0.0390
19.6750,46.3751,0.0405
19.7250,46.3751,0.0406
19.7750,46.3751,0.0435
19.8250,46.3751,0.0435
19.8750,46.3751,0.0464
19.9250,46.3751,0.0466
19.9750,46.3751,0.0466
20.0250,46.3751,0.0502
20.0750,46.3751,0.0508
20.1250,46.3751,0.0539
20.1750,46.3751,0.0538
20.2250,46.3751,0.0592
20.2750,46.3751,0.0593
20.3250,46.3751,0.0648
20.3750,46.3751,0.0658
20.4250,46.3751,0.0656
20.4750,46.3751,0.0717
20.5250,46.3751,0.0717
20.5750,46.3751,0.0829
20.6250,46.3751,0.0798
20.6750,46.3751,0.0798
20.7250,46.3751,0.0853
20.7750,46.3751,0.0831
20.8250,46.3751,0.0893
20.8750,46.3751,0.0861
20.9250,46.3751,0.0878
20.9750,46.3751,0.0878
21.0250,46.3751,0.0848
21.0750,46.3751,0.0815
21.1250,46.3751,0.0815
21.1750,46.3751,0.0786
21.2250,46.3751,0.0785
21.2750,46.3751,0.0763
21.3250,46.3751,0.0674
21.3750,46.3751,0.0674
21.4250,46.3751,0.0655
21.4750,46.3751,0.0600
21.5250,46.3751,0.0639
21.5750,46.3751,0.0575
21.6250,46.3751,0.0552
21.6750,46.3751,0.0552
21.7250,46.3751,0.0519
21.7750,46.3751,0.0502
21.8250,46.3751,0.0502
21.8750,46.3751,0.0485
21.9250,46.3751,0.0453
21.9750,46.3751,0.0452
22.0250,46.3751,0.0433
22.0750,46.3751,0.0433
22.1250,46.3751,0.0418
22.1750,46.3751,0.0403
22.2250,46.3751,0.0402
22.2750,46.3751,0.0394
22.3250,46.3751,0.0385
22.3750,46.3751,0.0387
22.4250,46.3751,0.0377
22.4750,46.3751,0.0374
22.5250,46.3751,0.0374
22.5750,46.3751,0.0370
22.6250,46.3751,0.0371
22.6750,46.3751,0.0371
22.7250,46.3751,0.0376
22.7750,46.3751,0.0380
22.8250,46.3751,0.0380
22.8750,46.3751,0.0388
16.1250,46.3252,0.1834
16.1750,46.3252,0.1881
16.2250,46.3252,0.2063
16.2750,46.3252,0.2063
16.3250,46.3252,0.2388
16.3750,46.3252,0.2344
16.4250,46.3252,0.2344
16.4750,46.3252,0.2542
16.5250,46.3252,0.2269
16.5750,46.3252,0.2252
16.6250,46.3252,0.2019
16.6750,46.3252,0.1319
16.7250,46.3252,0.1300
16.7750,46.3252,0.1079
16.8250,46.3252,0.1079
16.8750,46.3252,0.0940
16.9250,46.3252,0.0856
16.9750,46.3252,0.0857
17.0250,46.3252,0.0818
17.0750,46.3252,0.0777
17.1250,46.3252,0.0778
17.1750,46.3252,0.0700
17.2250,46.3252,0.0684
17.2750,46.3252,0.0684
17.3250,46.3252,0.0658
17.3750,46.3252,0.0618
17.4250,46.3252,0.0627
17.4750,46.3252,0.0545
17.5250,46.3252,0.0538
17.5750,46.3252,0.0526
17.6250,46.3252,0.0502
17.6750,46.3252,0.0507
17.7250,46.3252,0.0464
17.7750,46.3252,0.0449
17.8250,46.3252,0.0449
17.8750,46.3252,0.0432
17.9250,46.3252,0.0410
17.9750,46.3252,0.0415
18.0250,46.3252,0.0404
18.0750,46.3252,0.0397
18.1250,46.3252,0.0397
18.1750,46.3252,0.0387
18.2250,46.3252,0.0382
18.2750,46.3252,0.0382
18.3250,46.3252,0.0378
18.3750,46.3252,0.0378
18.4250,46.3252,0.0373
18.4750,46.3252,0.0367
18.5250,46.3252,0.0367
18.5750,46.3252,0.0364
18.6250,46.3252,0.0359
18.6750,46.3252,0.0361
18.7250,46.3252,0.0355
18.7750,46.3252,0.0353
18.8250,46.3252,0.0353
18.8750,46.3252,0.0354
18.9250,46.3252,0.0349
18.9750,46.3252,0.0349
19.0250,46.3252,0.0352
19.0750,46.3252,0.0352
19.1250,46.3252,0.0358
19.1750,46.3252,0.0354
19.2250,46.3252,0.0363
19.2750,46.3252,0.0362
19.3250,46.3252,0.0372
19.3750,46.3252,0.0372
19.4250,46.3252,0.0371
19.4750,46.3252,0.0385
19.5250,46.3252,0.0385
19.5750,46.3252,0.0403
19.6250,46.3252,0.0405
19.6750,46.3252,0.0418
19.7250,46.3252,0.0435
19.7750,46.3252,0.0455
19.8250,46.3252,0.0460
19.8750,46.3252,0.0464
19.9250,46.3252,0.0501
19.9750,46.3252,0.0502
20.0250,46.3252,0.0537
20.0750,46.3252,0.0537
20.1250,46.3252,0.0548
20.1750,46.3252,0.0597
20.2250,46.3252,0.0597
20.2750,46.3252,0.0660
20.3250,46.3252,0.0659
20.3750,46.3252,0.0718
20.4250,46.3252,0.0739
20.4750,46.3252,0.0835
20.5250,46.3252,0.0835
20.5750,46.3252,0.0829
20.6250,46.3252,0.0891
20.6750,46.3252,0.0891
20.7250,46.3252,0.0918
20.7750,46.3252,0.0917
20.8250,46.3252,0.0897
20.8750,46.3252,0.0923
20.9250,46.3252,0.0923
20.9750,46.3252,0.0929
21.0250,46.3252,0.0888
21.0750,46.3252,0.0912
21.1250,46.3252,0.0884
21.1750,46.3252,0.0860
21.2250,46.3252,0.0860
21.2750,46.3252,0.0765
21.3250,46.3252,0.0729
21.3750,46.3252,0.0729
21.4250,46.3252,0.0695
21.4750,46.3252,0.0641
21.5250,46.3252,0.0639
21.5750,46.3252,0.0618
21.6250,46.3252,0.0618
21.6750,46.3252,0.0586
21.7250,46.3252,0.0539
21.7750,46.3252,0.0537
21.8250,46.3252,0.0521
21.8750,46.3252,0.0492
21.9250,46.3252,0.0501
21.9750,46.3252,0.0468
22.0250,46.3252,0.0446
22.0750,46.3252,0.0446
22.1250,46.3252,0.0424
22.1750,46.3252,0.0409
22.2250,46.3252,0.0409
22.2750,46.3252,0.0400
22.3250,46.3252,0.0387
22.3750,46.3252,0.0391
22.4250,46.3252,0.0382
22.4750,46.3252,0.0381
22.5250,46.3252,0.0379
22.5750,46.3252,0.0373
22.6250,46.3252,0.0375
22.6750,46.3252,0.0375
22.7250,46.3252,0.0380
22.7750,46.3252,0.0380
22.8250,46.3252,0.0383
22.8750,46.3252,0.0393
16.1250,46.2752,0.1838
16.1750,46.2752,0.2367
16.2250,46.2752,0.2368
16.2750,46.2752,0.2421
16.3250,46.2752,0.2389
16.3750,46.2752,0.2686
16.4250,46.2752,0.2323
16.4750,46.2752,0.2371
16.5250,46.2752,0.2371
16.5750,46.2752,0.2673
16.6250,46.2752,0.1739
16.6750,46.2752,0.1739
16.7250,46.2752,0.1250
16.7750,46.2752,0.1095
16.8250,46.2752,0.1094
16.8750,46.2752,0.0941
16.9250,46.2752,0.0887
16.9750,46.2752,0.0886
17.0250,46.2752,0.0852
17.0750,46.2752,0.0852
17.1250,46.2752,0.0829
17.1750,46.2752,0.0737
17.2250,46.2752,0.0745
17.2750,46.2752,0.0711
17.3250,46.2752,0.0693
17.3750,46.2752,0.0694
17.4250,46.2752,0.0627
17.4750,46.2752,0.0589
17.5250,46.2752,0.0589
17.5750,46.2752,0.0555
17.6250,46.2752,0.0511
17.6750,46.2752,0.0536
17.7250,46.2752,0.0488
17.7750,46.2752,0.0474
17.8250,46.2752,0.0472
17.8750,46.2752,0.0450
17.9250,46.2752,0.0456
17.9750,46.2752,0.0419
18.0250,46.2752,0.0411
18.0750,46.2752,0.0411
18.1250,46.2752,0.0405
18.1750,46.2752,0.0392
18.2250,46.2752,0.0394
18.2750,46.2752,0.0387
18.3250,46.2752,0.0383
18.3750,46.2752,0.0383
18.4250,46.2752,0.0373
18.4750,46.2752,0.0371
18.5250,46.2752,0.0371
18.5750,46.2752,0.0369
18.6250,46.2752,0.0369
18.6750,46.2752,0.0368
18.7250,46.2752,0.0360
18.7750,46.2752,0.0360
18.8250,46.2752,0.0360
18.8750,46.2752,0.0354
18.9250,46.2752,0.0364
18.9750,46.2752,0.0357
19.0250,46.2752,0.0363
19.0750,46.2752,0.0363
19.1250,46.2752,0.0371
19.1750,46.2752,0.0365
19.2250,46.2752,0.0365
19.2750,46.2752,0.0375
19.3250,46.2752,0.0375
19.3750,46.2752,0.0387
19.4250,46.2752,0.0384
19.4750,46.2752,0.0400
19.5250,46.2752,0.0401
19.5750,46.2752,0.0419
19.6250,46.2752,0.0419
19.6750,46.2752,0.0420
19.7250,46.2752,0.0454
19.7750,46.2752,0.0454
19.8250,46.2752,0.0493
19.8750,46.2752,0.0496
19.9250,46.2752,0.0497
19.9750,46.2752,0.0532
20.0250,46.2752,0.0578
20.0750,46.2752,0.0587
20.1250,46.2752,0.0587
20.1750,46.2752,0.0648
20.2250,46.2752,0.0648
20.2750,46.2752,0.0717
20.3250,46.2752,0.0717
20.3750,46.2752,0.0719
20.4250,46.2752,0.0824
20.4750,46.2752,0.0824
20.5250,46.2752,0.0891
20.5750,46.2752,0.0888
20.6250,46.2752,0.0893
20.6750,46.2752,0.0916
20.7250,46.2752,0.0948
20.7750,46.2752,0.0950
20.8250,46.2752,0.0926
20.8750,46.2752,0.0934
20.9250,46.2752,0.0934
20.9750,46.2752,0.0960
21.0250,46.2752,0.0917
21.0750,46.2752,0.0917
21.1250,46.2752,0.0908
21.1750,46.2752,0.0908
21.2250,46.2752,0.0901
21.2750,46.2752,0.0822
21.3250,46.2752,0.0820
21.3750,46.2752,0.0776
21.4250,46.2752,0.0704
21.4750,46.2752,0.0744
21.5250,46.2752,0.0666
21.5750,46.2752,0.0641
21.6250,46.2752,0.0641
21.6750,46.2752,0.0610
21.7250,46.2752,0.0551
21.7750,46.2752,0.0551
21.8250,46.2752,0.0532
21.8750,46.2752,0.0502
21.9250,46.2752,0.0514
21.9750,46.2752,0.0478
22.0250,46.2752,0.0470
22.0750,46.2752,0.0458
22.1250,46.2752,0.0425
22.1750,46.2752,0.0416
22.2250,46.2752,0.0413
22.2750,46.2752,0.0404
22.3250,46.2752,0.0404
22.3750,46.2752,0.0391
22.4250,46.2752,0.0386
22.4750,46.2752,0.0386
22.5250,46.2752,0.0383
22.5750,46.2752,0.0377
22.6250,46.2752,0.0377
22.6750,46.2752,0.0380
22.7250,46.2752,0.0380
22.7750,46.2752,0.0386
22.8250,46.2752,0.0388
22.8750,46.2752,0.0398
16.1250,46.2252,0.2117
16.1750,46.2252,0.2585
16.2250,46.2252,0.2585
16.2750,46.2252,0.2482
16.3250,46.2252,0.2691
16.3750,46.2252,0.2585
16.4250,46.2252,0.2594
16.4750,46.2252,0.2446
16.5250,46.2252,0.2278
16.5750,46.2252,0.2648
16.6250,46.2252,0.2170
16.6750,46.2252,0.1739
16.7250,46.2252,0.1298
16.7750,46.2252,0.1298
16.8250,46.2252,0.1122
16.8750,46.2252,0.1006
16.9250,46.2252,0.1014
16.9750,46.2252,0.0946
17.0250,46.2252,0.0906
17.0750,46.2252,0.0906
17.1250,46.2252,0.0830
17.1750,46.2252,0.0808
17.2250,46.2252,0.0808
17.2750,46.2252,0.0778
17.3250,46.2252,0.0778
17.3750,46.2252,0.0731
17.4250,46.2252,0.0671
17.4750,46.2252,0.0670
17.5250,46.2252,0.0645
17.5750,46.2252,0.0608
17.6250,46.2252,0.0608
17.6750,46.2252,0.0536
17.7250,46.2252,0.0518
17.7750,46.2252,0.0518
17.8250,46.2252,0.0499
17.8750,46.2252,0.0456
17.9250,46.2252,0.0480
17.9750,46.2252,0.0441
18.0250,46.2252,0.0424
18.0750,46.2252,0.0424
18.1250,46.2252,0.0410
18.1750,46.2252,0.0409
18.2250,46.2252,0.0400
18.2750,46.2252,0.0396
18.3250,46.2252,0.0396
18.3750,46.2252,0.0393
18.4250,46.2252,0.0381
18.4750,46.2252,0.0382
18.5250,46.2252,0.0380
18.5750,46.2252,0.0379
18.6250,46.2252,0.0379
18.6750,46.2252,0.0368
18.7250,46.2252,0.0369
18.7750,46.2252,0.0369
18.8250,46.2252,0.0373
18.8750,46.2252,0.0366
18.9250,46.2252,0.0370
18.9750,46.2252,0.0371
19.0250,46.2252,0.0371
19.0750,46.2252,0.0378
19.1250,46.2252,0.0371
19.1750,46.2252,0.0387
19.2250,46.2252,0.0380
19.2750,46.2252,0.0391
19.3250,46.2252,0.0391
19.3750,46.2252,0.0398
19.4250,46.2252,0.0401
19.4750,46.2252,0.0401
19.5250,46.2252,0.0419
19.5750,46.2252,0.0419
19.6250,46.2252,0.0450
19.6750,46.2252,0.0453
19.7250,46.2252,0.0490
19.7750,46.2252,0.0490
19.8250,46.2252,0.0504
19.8750,46.2252,0.0529
19.9250,46.2252,0.0532
19.9750,46.2252,0.0588
20.0250,46.2252,0.0588
20.0750,46.2252,0.0651
20.1250,46.2252,0.0654
20.1750,46.2252,0.0654
20.2250,46.2252,0.0717
20.2750,46.2252,0.0721
20.3250,46.2252,0.0820
20.3750,46.2252,0.0836
20.4250,46.2252,0.0907
20.4750,46.2252,0.0907
20.5250,46.2252,0.0926
20.5750,46.2252,0.0938
20.6250,46.2252,0.0938
20.6750,46.2252,0.0986
20.7250,46.2252,0.0985
20.7750,46.2252,0.0995
20.8250,46.2252,0.0993
20.8750,46.2252,0.0993
20.9250,46.2252,0.1002
20.9750,46.2252,0.0960
21.0250,46.2252,0.0994
21.0750,46.2252,0.0982
21.1250,46.2252,0.0967
21.1750,46.2252,0.0967
21.2250,46.2252,0.0903
21.2750,46.2252,0.0887
21.3250,46.2252,0.0887
21.3750,46.2252,0.0857
21.4250,46.2252,0.0747
21.4750,46.2252,0.0783
21.5250,46.2252,0.0707
21.5750,46.2252,0.0700
21.6250,46.2252,0.0677
21.6750,46.2252,0.0618
21.7250,46.2252,0.0598
21.7750,46.2252,0.0588
21.8250,46.2252,0.0550
21.8750,46.2252,0.0549
21.9250,46.2252,0.0515
21.9750,46.2252,0.0493
22.0250,46.2252,0.0493
22.0750,46.2252,0.0470
22.1250,46.2252,0.0438
22.1750,46.2252,0.0438
22.2250,46.2252,0.0419
22.2750,46.2252,0.0405
22.3250,46.2252,0.0410
22.3750,46.2252,0.0397
22.4250,46.2252,0.0391
22.4750,46.2252,0.0391
22.5250,46.2252,0.0383
22.5750,46.2252,0.0383
22.6250,46.2252,0.0383
22.6750,46.2252,0.0386
22.7250,46.2252,0.0386
22.7750,46.2252,0.0386
22.8250,46.2252,0.0395
22.8750,46.2252,0.0395
16.1250,46.1752,0.2411
16.1750,46.1752,0.2412
16.2250,46.1752,0.2673
16.2750,46.1752,0.2527
16.3250,46.1752,0.2744
16.3750,46.1752,0.2441
16.4250,46.1752,0.2712
16.4750,46.1752,0.2712
16.5250,46.1752,0.2359
16.5750,46.1752,0.2196
16.6250,46.1752,0.2075
16.6750,46.1752,0.1540
16.7250,46.1752,0.1246
16.7750,46.1752,0.1231
16.8250,46.1752,0.1131
16.8750,46.1752,0.1109
16.9250,46.1752,0.1020
16.9750,46.1752,0.0958
17.0250,46.1752,0.0958
17.0750,46.1752,0.0934
17.1250,46.1752,0.0867
17.1750,46.1752,0.0911
17.2250,46.1752,0.0835
17.2750,46.1752,0.0813
17.3250,46.1752,0.0813
17.3750,46.1752,0.0733
17.4250,46.1752,0.0697
17.4750,46.1752,0.0697
17.5250,46.1752,0.0676
17.5750,46.1752,0.0668
17.6250,46.1752,0.0655
17.6750,46.1752,0.0570
17.7250,46.1752,0.0552
17.7750,46.1752,0.0542
17.8250,46.1752,0.0526
17.8750,46.1752,0.0526
17.9250,46.1752,0.0480
17.9750,46.1752,0.0463
18.0250,46.1752,0.0463
18.0750,46.1752,0.0447
18.1250,46.1752,0.0415
18.1750,46.1752,0.0437
18.2250,46.1752,0.0411
18.2750,46.1752,0.0409
18.3250,46.1752,0.0409
18.3750,46.1752,0.0394
18.4250,46.1752,0.0392
18.4750,46.1752,0.0391
18.5250,46.1752,0.0392
18.5750,46.1752,0.0392
18.6250,46.1752,0.0394
18.6750,46.1752,0.0380
18.7250,46.1752,0.0380
18.7750,46.1752,0.0383
18.8250,46.1752,0.0386
18.8750,46.1752,0.0390
18.9250,46.1752,0.0379
18.9750,46.1752,0.0388
19.0250,46.1752,0.0388
19.0750,46.1752,0.0397
19.1250,46.1752,0.0387
19.1750,46.1752,0.0387
19.2250,46.1752,0.0398
19.2750,46.1752,0.0399
19.3250,46.1752,0.0411
19.3750,46.1752,0.0404
19.4250,46.1752,0.0421
19.4750,46.1752,0.0420
19.5250,46.1752,0.0454
19.5750,46.1752,0.0454
19.6250,46.1752,0.0450
19.6750,46.1752,0.0486
19.7250,46.1752,0.0486
19.7750,46.1752,0.0523
19.8250,46.1752,0.0526
19.8750,46.1752,0.0567
19.9250,46.1752,0.0576
19.9750,46.1752,0.0651
20.0250,46.1752,0.0651
20.0750,46.1752,0.0651
20.1250,46.1752,0.0711
20.1750,46.1752,0.0711
20.2250,46.1752,0.0808
20.2750,46.1752,0.0809
20.3250,46.1752,0.0841
20.3750,46.1752,0.0884
20.4250,46.1752,0.0884
20.4750,46.1752,0.0931
20.5250,46.1752,0.0931
20.5750,46.1752,0.0992
20.6250,46.1752,0.0958
20.6750,46.1752,0.0997
20.7250,46.1752,0.0997
20.7750,46.1752,0.0995
20.8250,46.1752,0.0999
20.8750,46.1752,0.0999
20.9250,46.1752,0.1014
20.9750,46.1752,0.0995
21.0250,46.1752,0.0998
21.0750,46.1752,0.0981
21.1250,46.1752,0.0981
21.1750,46.1752,0.0984
21.2250,46.1752,0.0929
21.2750,46.1752,0.0923
21.3250,46.1752,0.0905
21.3750,46.1752,0.0889
21.4250,46.1752,0.0889
21.4750,46.1752,0.0794
21.5250,46.1752,0.0743
21.5750,46.1752,0.0743
21.6250,46.1752,0.0706
21.6750,46.1752,0.0642
21.7250,46.1752,0.0642
21.7750,46.1752,0.0608
21.8250,46.1752,0.0553
21.8750,46.1752,0.0575
21.9250,46.1752,0.0524
21.9750,46.1752,0.0502
22.0250,46.1752,0.0502
22.0750,46.1752,0.0470
22.1250,46.1752,0.0449
22.1750,46.1752,0.0447
22.2250,46.1752,0.0427
22.2750,46.1752,0.0427
22.3250,46.1752,0.0410
22.3750,46.1752,0.0402
22.4250,46.1752,0.0402
22.4750,46.1752,0.0397
22.5250,46.1752,0.0388
22.5750,46.1752,0.0389
22.6250,46.1752,0.0388
22.6750,46.1752,0.0392
22.7250,46.1752,0.0393
22.7750,46.1752,0.0392
22.8250,46.1752,0.0402
22.8750,46.1752,0.0402
16.1250,46.1252,0.2636
16.1750,46.1252,0.2636
16.2250,46.1252,0.2526
16.2750,46.1252,0.2558
16.3250,46.1252,0.2670
16.3750,46.1252,0.2487
16.4250,46.1252,0.2484
16.4750,46.1252,0.2445
16.5250,46.1252,0.2015
16.5750,46.1252,0.1920
16.6250,46.1252,0.2065
16.6750,46.1252,0.1468
16.7250,46.1252,0.1468
16.7750,46.1252,0.1256
16.8250,46.1252,0.1145
16.8750,46.1252,0.1151
16.9250,46.1252,0.1080
16.9750,46.1252,0.1040
17.0250,46.1252,0.1040
17.0750,46.1252,0.0988
17.1250,46.1252,0.0936
17.1750,46.1252,0.0924
17.2250,46.1252,0.0898
17.2750,46.1252,0.0898
17.3250,46.1252,0.0860
17.3750,46.1252,0.0791
17.4250,46.1252,0.0816
17.4750,46.1252,0.0759
17.5250,46.1252,0.0718
17.5750,46.1252,0.0718
17.6250,46.1252,0.0657
17.6750,46.1252,0.0628
17.7250,46.1252,0.0628
17.7750,46.1252,0.0591
17.8250,46.1252,0.0542
17.8750,46.1252,0.0553
17.9250,46.1252,0.0511
17.9750,46.1252,0.0495
18.0250,46.1252,0.0495
18.0750,46.1252,0.0480
18.1250,46.1252,0.0480
18.1750,46.1252,0.0437
18.2250,46.1252,0.0429
18.2750,46.1252,0.0429
18.3250,46.1252,0.0426
18.3750,46.1252,0.0407
18.4250,46.1252,0.0421
18.4750,46.1252,0.0407
18.5250,46.1252,0.0408
18.5750,46.1252,0.0408
18.6250,46.1252,0.0394
18.6750,46.1252,0.0397
18.7250,46.1252,0.0397
18.7750,46.1252,0.0404
18.8250,46.1252,0.0403
18.8750,46.1252,0.0412
18.9250,46.1252,0.0400
18.9750,46.1252,0.0401
19.0250,46.1252,0.0410
19.0750,46.1252,0.0400
19.1250,46.1252,0.0420
19.1750,46.1252,0.0409
19.2250,46.1252,0.0421
19.2750,46.1252,0.0421
19.3250,46.1252,0.0446
19.3750,46.1252,0.0427
19.4250,46.1252,0.0428
19.4750,46.1252,0.0462
19.5250,46.1252,0.0465
19.5750,46.1252,0.0495
19.6250,46.1252,0.0489
19.6750,46.1252,0.0525
19.7250,46.1252,0.0525
19.7750,46.1252,0.0563
19.8250,46.1252,0.0564
19.8750,46.1252,0.0570
19.9250,46.1252,0.0651
19.9750,46.1252,0.0651
20.0250,46.1252,0.0727
20.0750,46.1252,0.0737
20.1250,46.1252,0.0742
20.1750,46.1252,0.0836
20.2250,46.1252,0.0884
20.2750,46.1252,0.0890
20.3250,46.1252,0.0893
20.3750,46.1252,0.0943
20.4250,46.1252,0.0943
20.4750,46.1252,0.0988
20.5250,46.1252,0.0994
20.5750,46.1252,0.0994
20.6250,46.1252,0.1032
20.6750,46.1252,0.1032
20.7250,46.1252,0.1042
20.7750,46.1252,0.1044
20.8250,46.1252,0.1053
20.8750,46.1252,0.1074
20.9250,46.1252,0.1053
20.9750,46.1252,0.1056
21.0250,46.1252,0.1039
21.0750,46.1252,0.1048
21.1250,46.1252,0.1048
21.1750,46.1252,0.1022
21.2250,46.1252,0.0990
21.2750,46.1252,0.0990
21.3250,46.1252,0.0962
21.3750,46.1252,0.0894
21.4250,46.1252,0.0921
21.4750,46.1252,0.0870
21.5250,46.1252,0.0826
21.5750,46.1252,0.0826
21.6250,46.1252,0.0707
21.6750,46.1252,0.0690
21.7250,46.1252,0.0680
21.7750,46.1252,0.0644
21.8250,46.1252,0.0644
21.8750,46.1252,0.0578
21.9250,46.1252,0.0542
21.9750,46.1252,0.0542
22.0250,46.1252,0.0517
22.0750,46.1252,0.0482
22.1250,46.1252,0.0488
22.1750,46.1252,0.0461
22.2250,46.1252,0.0441
22.2750,46.1252,0.0441
22.3250,46.1252,0.0416
22.3750,46.1252,0.0409
22.4250,46.1252,0.0409
22.4750,46.1252,0.0404
22.5250,46.1252,0.0395
22.5750,46.1252,0.0395
22.6250,46.1252,0.0396
22.6750,46.1252,0.0396
22.7250,46.1252,0.0401
22.7750,46.1252,0.0400
22.8250,46.1252,0.0400
22.8750,46.1252,0.0410
16.1250,46.0752,0.2678
16.1750,46.0752,0.2941
16.2250,46.0752,0.2552
16.2750,46.0752,0.2558
16.3250,46.0752,0.2669
16.3750,46.0752,0.2488
16.4250,46.0752,0.2488
16.4750,46.0752,0.2333
16.5250,46.0752,0.2123
16.5750,46.0752,0.1623
16.6250,46.0752,0.1521
16.6750,46.0752,0.1387
16.7250,46.0752,0.1310
16.7750,46.0752,0.1211
16.8250,46.0752,0.1210
16.8750,46.0752,0.1151
16.9250,46.0752,0.1093
16.9750,46.0752,0.1093
17.0250,46.0752,0.1074
17.0750,46.0752,0.1001
17.1250,46.0752,0.1060
17.1750,46.0752,0.0939
17.2250,46.0752,0.0916
17.2750,46.0752,0.0916
17.3250,46.0752,0.0900
17.3750,46.0752,0.0824
17.4250,46.0752,0.0823
17.4750,46.0752,0.0789
17.5250,46.0752,0.0789
17.5750,46.0752,0.0764
17.6250,46.0752,0.0689
17.6750,46.0752,0.0712
17.7250,46.0752,0.0661
17.7750,46.0752,0.0635
17.8250,46.0752,0.0635
17.8750,46.0752,0.0554
17.9250,46.0752,0.0535
17.9750,46.0752,0.0535
18.0250,46.0752,0.0520
18.0750,46.0752,0.0481
18.1250,46.0752,0.0511
18.1750,46.0752,0.0470
18.2250,46.0752,0.0465
18.2750,46.0752,0.0465
18.3250,46.0752,0.0460
18.3750,46.0752,0.0440
18.4250,46.0752,0.0424
18.4750,46.0752,0.0425
18.5250,46.0752,0.0425
18.5750,46.0752,0.0432
18.6250,46.0752,0.0412
18.6750,46.0752,0.0425
18.7250,46.0752,0.0418
18.7750,46.0752,0.0431
18.8250,46.0752,0.0431
18.8750,46.0752,0.0413
18.9250,46.0752,0.0422
18.9750,46.0752,0.0422
19.0250,46.0752,0.0446
19.0750,46.0752,0.0421
19.1250,46.0752,0.0466
19.1750,46.0752,0.0443
19.2250,46.0752,0.0455
19.2750,46.0752,0.0471
19.3250,46.0752,0.0446
19.3750,46.0752,0.0493
19.4250,46.0752,0.0479
19.4750,46.0752,0.0508
19.5250,46.0752,0.0508
19.5750,46.0752,0.0536
19.6250,46.0752,0.0526
19.6750,46.0752,0.0526
19.7250,46.0752,0.0561
19.7750,46.0752,0.0564
19.8250,46.0752,0.0635
19.8750,46.0752,0.0638
19.9250,46.0752,0.0714
19.9750,46.0752,0.0714
20.0250,46.0752,0.0778
20.0750,46.0752,0.0819
20.1250,46.0752,0.0819
20.1750,46.0752,0.0878
20.2250,46.0752,0.0878
20.2750,46.0752,0.0928
20.3250,46.0752,0.0922
20.3750,46.0752,0.0922
20.4250,46.0752,0.0957
20.4750,46.0752,0.0988
20.5250,46.0752,0.1019
20.5750,46.0752,0.1006
20.6250,46.0752,0.1030
20.6750,46.0752,0.1030
20.7250,46.0752,0.1065
20.7750,46.0752,0.1038
20.8250,46.0752,0.1038
20.8750,46.0752,0.1055
20.9250,46.0752,0.1056
20.9750,46.0752,0.1088
21.0250,46.0752,0.1035
21.0750,46.0752,0.1037
21.1250,46.0752,0.1037
21.1750,46.0752,0.1022
21.2250,46.0752,0.1005
21.2750,46.0752,0.0990
21.3250,46.0752,0.0972
21.3750,46.0752,0.0972
21.4250,46.0752,0.0921
21.4750,46.0752,0.0890
21.5250,46.0752,0.0890
21.5750,46.0752,0.0860
21.6250,46.0752,0.0754
21.6750,46.0752,0.0778
21.7250,46.0752,0.0701
21.7750,46.0752,0.0668
21.8250,46.0752,0.0668
21.8750,46.0752,0.0599
21.9250,46.0752,0.0556
21.9750,46.0752,0.0556
22.0250,46.0752,0.0532
22.0750,46.0752,0.0497
22.1250,46.0752,0.0495
22.1750,46.0752,0.0474
22.2250,46.0752,0.0473
22.2750,46.0752,0.0455
22.3250,46.0752,0.0422
22.3750,46.0752,0.0422
22.4250,46.0752,0.0415
22.4750,46.0752,0.0404
22.5250,46.0752,0.0412
22.5750,46.0752,0.0402
22.6250,46.0752,0.0404
22.6750,46.0752,0.0404
22.7250,46.0752,0.0401
22.7750,46.0752,0.0409
22.8250,46.0752,0.0409
22.8750,46.0752,0.0420
16.1250,46.0252,0.2681
16.1750,46.0252,0.2804
16.2250,46.0252,0.2804
16.2750,46.0252,0.2602
16.3250,46.0252,0.2554
16.3750,46.0252,0.2551
16.4250,46.0252,0.2381
16.4750,46.0252,0.1988
16.5250,46.0252,0.1983
16.5750,46.0252,0.1623
16.6250,46.0252,0.1429
16.6750,46.0252,0.1429
16.7250,46.0252,0.1277
16.7750,46.0252,0.1217
16.8250,46.0252,0.1193
16.8750,46.0252,0.1186
16.9250,46.0252,0.1165
16.9750,46.0252,0.1164
17.0250,46.0252,0.1123
17.0750,46.0252,0.1122
17.1250,46.0252,0.1060
17.1750,46.0252,0.1030
17.2250,46.0252,0.1030
17.2750,46.0252,0.1002
17.3250,46.0252,0.0903
17.3750,46.0252,0.0945
17.4250,46.0252,0.0882
17.4750,46.0252,0.0849
17.5250,46.0252,0.0849
17.5750,46.0252,0.0807
17.6250,46.0252,0.0736
17.6750,46.0252,0.0736
17.7250,46.0252,0.0705
17.7750,46.0252,0.0701
17.8250,46.0252,0.0677
17.8750,46.0252,0.0607
17.9250,46.0252,0.0585
17.9750,46.0252,0.0579
18.0250,46.0252,0.0550
18.0750,46.0252,0.0550
18.1250,46.0252,0.0511
18.1750,46.0252,0.0504
18.2250,46.0252,0.0504
18.2750,46.0252,0.0500
18.3250,46.0252,0.0461
18.3750,46.0252,0.0497
18.4250,46.0252,0.0460
18.4750,46.0252,0.0466
18.5250,46.0252,0.0466
18.5750,46.0252,0.0466
18.6250,46.0252,0.0445
18.6750,46.0252,0.0444
18.7250,46.0252,0.0461
18.7750,46.0252,0.0461
18.8250,46.0252,0.0484
18.8750,46.0252,0.0454
18.9250,46.0252,0.0462
18.9750,46.0252,0.0478
19.0250,46.0252,0.0501
19.0750,46.0252,0.0503
19.1250,46.0252,0.0472
19.1750,46.0252,0.0502
19.2250,46.0252,0.0502
19.2750,46.0252,0.0530
19.3250,46.0252,0.0501
19.3750,46.0252,0.0507
19.4250,46.0252,0.0530
19.4750,46.0252,0.0560
19.5250,46.0252,0.0565
19.5750,46.0252,0.0538
19.6250,46.0252,0.0581
19.6750,46.0252,0.0581
19.7250,46.0252,0.0641
19.7750,46.0252,0.0641
19.8250,46.0252,0.0636
19.8750,46.0252,0.0715
19.9250,46.0252,0.0716
19.9750,46.0252,0.0816
20.0250,46.0252,0.0821
20.0750,46.0252,0.0864
20.1250,46.0252,0.0887
20.1750,46.0252,0.0924
20.2250,46.0252,0.0924
20.2750,46.0252,0.0928
20.3250,46.0252,0.0992
20.3750,46.0252,0.0992
20.4250,46.0252,0.1020
20.4750,46.0252,0.1019
20.5250,46.0252,0.1021
20.5750,46.0252,0.1073
20.6250,46.0252,0.1074
20.6750,46.0252,0.1083
20.7250,46.0252,0.1070
20.7750,46.0252,0.1087
20.8250,46.0252,0.1095
20.8750,46.0252,0.1095
20.9250,46.0252,0.1095
20.9750,46.0252,0.1088
21.0250,46.0252,0.1097
21.0750,46.0252,0.1097
21.1250,46.0252,0.1075
21.1750,46.0252,0.1054
21.2250,46.0252,0.1053
21.2750,46.0252,0.1057
21.3250,46.0252,0.1011
21.3750,46.0252,0.1018
21.4250,46.0252,0.0960
21.4750,46.0252,0.0935
21.5250,46.0252,0.0935
21.5750,46.0252,0.0897
21.6250,46.0252,0.0836
21.6750,46.0252,0.0826
21.7250,46.0252,0.0759
21.7750,46.0252,0.0759
21.8250,46.0252,0.0698
21.8750,46.0252,0.0634
21.9250,46.0252,0.0634
21.9750,46.0252,0.0590
22.0250,46.0252,0.0532
22.0750,46.0252,0.0545
22.1250,46.0252,0.0512
22.1750,46.0252,0.0488
22.2250,46.0252,0.0488
22.2750,46.0252,0.0455
22.3250,46.0252,0.0437
22.3750,46.0252,0.0437
22.4250,46.0252,0.0424
22.4750,46.0252,0.0412
22.5250,46.0252,0.0412
22.5750,46.0252,0.0411
22.6250,46.0252,0.0411
22.6750,46.0252,0.0414
22.7250,46.0252,0.0410
22.7750,46.0252,0.0418
22.8250,46.0252,0.0419
22.8750,46.0252,0.0423
16.1250,45.9752,0.2664
16.1750,45.9752,0.2676
16.2250,45.9752,0.2672
16.2750,45.9752,0.2602
16.3250,45.9752,0.2486
16.3750,45.9752,0.2487
16.4250,45.9752,0.2442
16.4750,45.9752,0.2441
16.5250,45.9752,0.1613
16.5750,45.9752,0.1477
16.6250,45.9752,0.1440
16.6750,45.9752,0.1287
16.7250,45.9752,0.1207
16.7750,45.9752,0.1207
16.8250,45.9752,0.1193
16.8750,45.9752,0.1153
16.9250,45.9752,0.1153
16.9750,45.9752,0.1138
17.0250,45.9752,0.1124
17.0750,45.9752,0.1143
17.1250,45.9752,0.1075
17.1750,45.9752,0.1050
17.2250,45.9752,0.1050
17.2750,45.9752,0.1045
17.3250,45.9752,0.1008
17.3750,45.9752,0.0946
17.4250,45.9752,0.0903
17.4750,45.9752,0.0903
17.5250,45.9752,0.0878
17.5750,45.9752,0.0809
17.6250,45.9752,0.0857
17.6750,45.9752,0.0770
17.7250,45.9752,0.0740
17.7750,45.9752,0.0740
17.8250,45.9752,0.0714
17.8750,45.9752,0.0649
17.9250,45.9752,0.0649
17.9750,45.9752,0.0624
18.0250,45.9752,0.0575
18.0750,45.9752,0.0606
18.1250,45.9752,0.0538
18.1750,45.9752,0.0534
18.2250,45.9752,0.0534
18.2750,45.9752,0.0534
18.3250,45.9752,0.0533
18.3750,45.9752,0.0497
18.4250,45.9752,0.0501
18.4750,45.9752,0.0501
18.5250,45.9752,0.0506
18.5750,45.9752,0.0473
18.6250,45.9752,0.0515
18.6750,45.9752,0.0486
18.7250,45.9752,0.0507
18.7750,45.9752,0.0507
18.8250,45.9752,0.0487
18.8750,45.9752,0.0506
18.9250,45.9752,0.0506
18.9750,45.9752,0.0528
19.0250,45.9752,0.0514
19.0750,45.9752,0.0559
19.1250,45.9752,0.0530
19.1750,45.9752,0.0562
19.2250,45.9752,0.0570
19.2750,45.9752,0.0579
19.3250,45.9752,0.0624
19.3750,45.9752,0.0562
19.4250,45.9752,0.0614
19.4750,45.9752,0.0614
19.5250,45.9752,0.0658
19.5750,45.9752,0.0611
19.6250,45.9752,0.0611
19.6750,45.9752,0.0663
19.7250,45.9752,0.0675
19.7750,45.9752,0.0716
19.8250,45.9752,0.0701
19.8750,45.9752,0.0792
19.9250,45.9752,0.0792
19.9750,45.9752,0.0861
20.0250,45.9752,0.0867
20.0750,45.9752,0.0867
20.1250,45.9752,0.0901
20.1750,45.9752,0.0901
20.2250,45.9752,0.0939
20.2750,45.9752,0.0946
20.3250,45.9752,0.0957
20.3750,45.9752,0.0984
20.4250,45.9752,0.1036
20.4750,45.9752,0.1036
20.5250,45.9752,0.1027
20.5750,45.9752,0.1048
20.6250,45.9752,0.1048
20.6750,45.9752,0.1087
20.7250,45.9752,0.1072
20.7750,45.9752,0.1072
20.8250,45.9752,0.1076
20.8750,45.9752,0.1093
20.9250,45.9752,0.1098
20.9750,45.9752,0.1079
21.0250,45.9752,0.1074
21.0750,45.9752,0.1074
21.1250,45.9752,0.1086
21.1750,45.9752,0.1059
21.2250,45.9752,0.1044
21.2750,45.9752,0.1029
21.3250,45.9752,0.1029
21.3750,45.9752,0.1038
21.4250,45.9752,0.0963
21.4750,45.9752,0.0963
21.5250,45.9752,0.0934
21.5750,45.9752,0.0897
21.6250,45.9752,0.0923
21.6750,45.9752,0.0850
21.7250,45.9752,0.0804
21.7750,45.9752,0.0804
21.8250,45.9752,0.0698
21.8750,45.9752,0.0654
21.9250,45.9752,0.0654
21.9750,45.9752,0.0613
22.0250,45.9752,0.0547
22.0750,45.9752,0.0545
22.1250,45.9752,0.0522
22.1750,45.9752,0.0522
22.2250,45.9752,0.0502
22.2750,45.9752,0.0467
22.3250,45.9752,0.0456
22.3750,45.9752,0.0451
22.4250,45.9752,0.0436
22.4750,45.9752,0.0439
22.5250,45.9752,0.0419
22.5750,45.9752,0.0420
22.6250,45.9752,0.0420
22.6750,45.9752,0.0425
22.7250,45.9752,0.0421
22.7750,45.9752,0.0421
22.8250,45.9752,0.0438
22.8750,45.9752,0.0441
16.1250,45.9252,0.2894
16.1750,45.9252,0.2894
16.2250,45.9252,0.2529
16.2750,45.9252,0.2364
16.3250,45.9252,0.2270
16.3750,45.9252,0.1985
16.4250,45.9252,0.1604
16.4750,45.9252,0.1602
16.5250,45.9252,0.1611
16.5750,45.9252,0.1364
16.6250,45.9252,0.1364
16.6750,45.9252,0.1242
16.7250,45.9252,0.1241
16.7750,45.9252,0.1187
16.8250,45.9252,0.1187
16.8750,45.9252,0.1174
16.9250,45.9252,0.1174
16.9750,45.9252,0.1156
17.0250,45.9252,0.1156
17.0750,45.9252,0.1143
17.1250,45.9252,0.1136
17.1750,45.9252,0.1136
17.2250,45.9252,0.1112
17.2750,45.9252,0.1046
17.3250,45.9252,0.1084
17.3750,45.9252,0.1048
17.4250,45.9252,0.0987
17.4750,45.9252,0.0987
17.5250,45.9252,0.0924
17.5750,45.9252,0.0860
17.6250,45.9252,0.0858
17.6750,45.9252,0.0837
17.7250,45.9252,0.0837
17.7750,45.9252,0.0806
17.8250,45.9252,0.0716
17.8750,45.9252,0.0752
17.9250,45.9252,0.0698
17.9750,45.9252,0.0676
18.0250,45.9252,0.0676
18.0750,45.9252,0.0649
18.1250,45.9252,0.0595
18.1750,45.9252,0.0595
18.2250,45.9252,0.0591
18.2750,45.9252,0.0536
18.3250,45.9252,0.0590
18.3750,45.9252,0.0538
18.4250,45.9252,0.0543
18.4750,45.9252,0.0543
18.5250,45.9252,0.0548
18.5750,45.9252,0.0520
18.6250,45.9252,0.0516
18.6750,45.9252,0.0531
18.7250,45.9252,0.0531
18.7750,45.9252,0.0548
18.8250,45.9252,0.0531
18.8750,45.9252,0.0566
18.9250,45.9252,0.0551
18.9750,45.9252,0.0590
19.0250,45.9252,0.0590
19.0750,45.9252,0.0559
19.1250,45.9252,0.0621
19.1750,45.9252,0.0621
19.2250,45.9252,0.0670
19.2750,45.9252,0.0626
19.3250,45.9252,0.0693
19.3750,45.9252,0.0666
19.4250,45.9252,0.0699
19.4750,45.9252,0.0700
19.5250,45.9252,0.0658
19.5750,45.9252,0.0703
19.6250,45.9252,0.0702
19.6750,45.9252,0.0757
19.7250,45.9252,0.0757
19.7750,45.9252,0.0804
19.8250,45.9252,0.0808
19.8750,45.9252,0.0808
19.9250,45.9252,0.0864
19.9750,45.9252,0.0861
20.0250,45.9252,0.0889
20.0750,45.9252,0.0913
20.1250,45.9252,0.0941
20.1750,45.9252,0.0941
20.2250,45.9252,0.0955
20.2750,45.9252,0.1004
20.3250,45.9252,0.1004
20.3750,45.9252,0.1043
20.4250,45.9252,0.1038
20.4750,45.9252,0.1051
20.5250,45.9252,0.1076
20.5750,45.9252,0.1090
20.6250,45.9252,0.1094
20.6750,45.9252,0.1087
20.7250,45.9252,0.1108
20.7750,45.9252,0.1127
20.8250,45.9252,0.1127
20.8750,45.9252,0.1127
20.9250,45.9252,0.1100
20.9750,45.9252,0.1129
21.0250,45.9252,0.1129
21.0750,45.9252,0.1123
21.1250,45.9252,0.1088
21.1750,45.9252,0.1086
21.2250,45.9252,0.1092
21.2750,45.9252,0.1066
21.3250,45.9252,0.1066
21.3750,45.9252,0.1038
21.4250,45.9252,0.1025
21.4750,45.9252,0.1025
21.5250,45.9252,0.0974
21.5750,45.9252,0.0931
21.6250,45.9252,0.0923
21.6750,45.9252,0.0898
21.7250,45.9252,0.0898
21.7750,45.9252,0.0850
21.8250,45.9252,0.0742
21.8750,45.9252,0.0731
21.9250,45.9252,0.0692
21.9750,45.9252,0.0640
22.0250,45.9252,0.0644
22.0750,45.9252,0.0571
22.1250,45.9252,0.0539
22.1750,45.9252,0.0539
22.2250,45.9252,0.0516
22.2750,45.9252,0.0485
22.3250,45.9252,0.0485
22.3750,45.9252,0.0467
22.4250,45.9252,0.0439
22.4750,45.9252,0.0457
22.5250,45.9252,0.0436
22.5750,45.9252,0.0440
22.6250,45.9252,0.0440
22.6750,45.9252,0.0427
22.7250,45.9252,0.0444
22.7750,45.9252,0.0444
22.8250,45.9252,0.0467
22.8750,45.9252,0.0466
16.1250,45.8752,0.2679
16.1750,45.8752,0.2540
16.2250,45.8752,0.2520
16.2750,45.8752,0.1941
16.3250,45.8752,0.1843
16.3750,45.8752,0.1542
16.4250,45.8752,0.1542
16.4750,45.8752,0.1387
16.5250,45.8752,0.1379
16.5750,45.8752,0.1296
16.6250,45.8752,0.1219
16.6750,45.8752,0.1178
16.7250,45.8752,0.1178
16.7750,45.8752,0.1184
16.8250,45.8752,0.1155
16.8750,45.8752,0.1155
16.9250,45.8752,0.1144
16.9750,45.8752,0.1149
17.0250,45.8752,0.1148
17.0750,45.8752,0.1137
17.1250,45.8752,0.1123
17.1750,45.8752,0.1123
17.2250,45.8752,0.1121
17.2750,45.8752,0.1121
17.3250,45.8752,0.1085
17.3750,45.8752,0.1048
17.4250,45.8752,0.1048
17.4750,45.8752,0.1018
17.5250,45.8752,0.0925
17.5750,45.8752,0.0981
17.6250,45.8752,0.0889
17.6750,45.8752,0.0870
17.7250,45.8752,0.0870
17.7750,45.8752,0.0857
17.8250,45.8752,0.0767
17.8750,45.8752,0.0767
17.9250,45.8752,0.0736
17.9750,45.8752,0.0730
18.0250,45.8752,0.0716
18.0750,45.8752,0.0660
18.1250,45.8752,0.0653
18.1750,45.8752,0.0650
18.2250,45.8752,0.0649
18.2750,45.8752,0.0649
18.3250,45.8752,0.0608
18.3750,45.8752,0.0594
18.4250,45.8752,0.0594
18.4750,45.8752,0.0601
18.5250,45.8752,0.0548
18.5750,45.8752,0.0613
18.6250,45.8752,0.0557
18.6750,45.8752,0.0580
18.7250,45.8752,0.0580
18.7750,45.8752,0.0609
18.8250,45.8752,0.0578
18.8750,45.8752,0.0578
18.9250,45.8752,0.0615
18.9750,45.8752,0.0614
19.0250,45.8752,0.0662
19.0750,45.8752,0.0637
19.1250,45.8752,0.0683
19.1750,45.8752,0.0686
19.2250,45.8752,0.0714
19.2750,45.8752,0.0715
19.3250,45.8752,0.0695
19.3750,45.8752,0.0716
19.4250,45.8752,0.0716
19.4750,45.8752,0.0757
19.5250,45.8752,0.0726
19.5750,45.8752,0.0743
19.6250,45.8752,0.0769
19.6750,45.8752,0.0813
19.7250,45.8752,0.0813
19.7750,45.8752,0.0806
19.8250,45.8752,0.0849
19.8750,45.8752,0.0849
19.9250,45.8752,0.0883
19.9750,45.8752,0.0888
20.0250,45.8752,0.0890
20.0750,45.8752,0.0915
20.1250,45.8752,0.0916
20.1750,45.8752,0.0948
20.2250,45.8752,0.0965
20.2750,45.8752,0.0999
20.3250,45.8752,0.0992
20.3750,45.8752,0.1032
20.4250,45.8752,0.1032
20.4750,45.8752,0.1051
20.5250,45.8752,0.1058
20.5750,45.8752,0.1058
20.6250,45.8752,0.1087
20.6750,45.8752,0.1092
20.7250,45.8752,0.1097
20.7750,45.8752,0.1092
20.8250,45.8752,0.1118
20.8750,45.8752,0.1118
20.9250,45.8752,0.1102
20.9750,45.8752,0.1094
21.0250,45.8752,0.1094
21.0750,45.8752,0.1110
21.1250,45.8752,0.1098
21.1750,45.8752,0.1086
21.2250,45.8752,0.1066
21.2750,45.8752,0.1066
21.3250,45.8752,0.1062
21.3750,45.8752,0.1028
21.4250,45.8752,0.1028
21.4750,45.8752,0.0999
21.5250,45.8752,0.0980
21.5750,45.8752,0.0985
21.6250,45.8752,0.0925
21.6750,45.8752,0.0897
21.7250,45.8752,0.0897
21.7750,45.8752,0.0875
21.8250,45.8752,0.0783
21.8750,45.8752,0.0783
21.9250,45.8752,0.0717
21.9750,45.8752,0.0646
22.0250,45.8752,0.0675
22.0750,45.8752,0.0595
22.1250,45.8752,0.0557
22.1750,45.8752,0.0552
22.2250,45.8752,0.0517
22.2750,45.8752,0.0498
22.3250,45.8752,0.0497
22.3750,45.8752,0.0484
22.4250,45.8752,0.0484
22.4750,45.8752,0.0457
22.5250,45.8752,0.0454
22.5750,45.8752,0.0454
22.6250,45.8752,0.0463
22.6750,45.8752,0.0451
22.7250,45.8752,0.0451
22.7750,45.8752,0.0470
22.8250,45.8752,0.0467
22.8750,45.8752,0.0494
16.1250,45.8252,0.2713
16.1750,45.8252,0.2145
16.2250,45.8252,0.2004
16.2750,45.8252,0.1738
16.3250,45.8252,0.1620
16.3750,45.8252,0.1436
16.4250,45.8252,0.1435
16.4750,45.8252,0.1334
16.5250,45.8252,0.1260
16.5750,45.8252,0.1259
16.6250,45.8252,0.1193
16.6750,45.8252,0.1193
16.7250,45.8252,0.1158
16.7750,45.8252,0.1167
16.8250,45.8252,0.1143
16.8750,45.8252,0.1167
16.9250,45.8252,0.1161
16.9750,45.8252,0.1161
17.0250,45.8252,0.1147
17.0750,45.8252,0.1160
17.1250,45.8252,0.1160
17.1750,45.8252,0.1166
17.2250,45.8252,0.1126
17.2750,45.8252,0.1147
17.3250,45.8252,0.1125
17.3750,45.8252,0.1109
17.4250,45.8252,0.1109
17.4750,45.8252,0.1081
17.5250,45.8252,0.1063
17.5750,45.8252,0.0984
17.6250,45.8252,0.0969
17.6750,45.8252,0.0969
17.7250,45.8252,0.0938
17.7750,45.8252,0.0857
17.8250,45.8252,0.0905
17.8750,45.8252,0.0839
17.9250,45.8252,0.0814
17.9750,45.8252,0.0814
18.0250,45.8252,0.0785
18.0750,45.8252,0.0710
18.1250,45.8252,0.0710
18.1750,45.8252,0.0704
18.2250,45.8252,0.0678
18.2750,45.8252,0.0696
18.3250,45.8252,0.0652
18.3750,45.8252,0.0654
18.4250,45.8252,0.0654
18.4750,45.8252,0.0653
18.5250,45.8252,0.0648
18.5750,45.8252,0.0614
18.6250,45.8252,0.0623
18.6750,45.8252,0.0623
18.7250,45.8252,0.0634
18.7750,45.8252,0.0609
18.8250,45.8252,0.0655
18.8750,45.8252,0.0641
18.9250,45.8252,0.0681
18.9750,45.8252,0.0681
19.0250,45.8252,0.0695
19.0750,45.8252,0.0707
19.1250,45.8252,0.0707
19.1750,45.8252,0.0744
19.2250,45.8252,0.0716
19.2750,45.8252,0.0766
19.3250,45.8252,0.0754
19.3750,45.8252,0.0780
19.4250,45.8252,0.0780
19.4750,45.8252,0.0793
19.5250,45.8252,0.0797
19.5750,45.8252,0.0797
19.6250,45.8252,0.0826
19.6750,45.8252,0.0826
19.7250,45.8252,0.0849
19.7750,45.8252,0.0855
19.8250,45.8252,0.0855
19.8750,45.8252,0.0891
19.9250,45.8252,0.0898
19.9750,45.8252,0.0909
20.0250,45.8252,0.0922
20.0750,45.8252,0.0948
20.1250,45.8252,0.0948
20.1750,45.8252,0.0978
20.2250,45.8252,0.1008
20.2750,45.8252,0.1008
20.3250,45.8252,0.1042
20.3750,45.8252,0.1038
20.4250,45.8252,0.1050
20.4750,45.8252,0.1088
20.5250,45.8252,0.1116
20.5750,45.8252,0.1116
20.6250,45.8252,0.1104
20.6750,45.8252,0.1109
20.7250,45.8252,0.1123
20.7750,45.8252,0.1142
20.8250,45.8252,0.1142
20.8750,45.8252,0.1130
20.9250,45.8252,0.1141
20.9750,45.8252,0.1141
21.0250,45.8252,0.1135
21.0750,45.8252,0.1110
21.1250,45.8252,0.1112
21.1750,45.8252,0.1128
21.2250,45.8252,0.1112
21.2750,45.8252,0.1112
21.3250,45.8252,0.1063
21.3750,45.8252,0.1063
21.4250,45.8252,0.1063
21.4750,45.8252,0.1041
21.5250,45.8252,0.0996
21.5750,45.8252,0.0983
21.6250,45.8252,0.0960
21.6750,45.8252,0.0950
21.7250,45.8252,0.0920
21.7750,45.8252,0.0876
21.8250,45.8252,0.0848
21.8750,45.8252,0.0841
21.9250,45.8252,0.0771
21.9750,45.8252,0.0771
22.0250,45.8252,0.0675
22.0750,45.8252,0.0634
22.1250,45.8252,0.0634
22.1750,45.8252,0.0585
22.2250,45.8252,0.0532
22.2750,45.8252,0.0532
22.3250,45.8252,0.0515
22.3750,45.8252,0.0487
22.4250,45.8252,0.0502
22.4750,45.8252,0.0477
22.5250,45.8252,0.0477
22.5750,45.8252,0.0477
22.6250,45.8252,0.0463
22.6750,45.8252,0.0477
22.7250,45.8252,0.0477
22.7750,45.8252,0.0498
22.8250,45.8252,0.0495
22.8750,45.8252,0.0495
16.1250,45.7752,0.2036
16.1750,45.7752,0.1967
16.2250,45.7752,0.1726
16.2750,45.7752,0.1672
16.3250,45.7752,0.1440
16.3750,45.7752,0.1440
16.4250,45.7752,0.1284
16.4750,45.7752,0.1263
16.5250,45.7752,0.1199
16.5750,45.7752,0.1183
16.6250,45.7752,0.1152
16.6750,45.7752,0.1152
16.7250,45.7752,0.1140
16.7750,45.7752,0.1139
16.8250,45.7752,0.1139
16.8750,45.7752,0.1133
16.9250,45.7752,0.1133
16.9750,45.7752,0.1146
17.0250,45.7752,0.1146
17.0750,45.7752,0.1149
17.1250,45.7752,0.1139
17.1750,45.7752,0.1148
17.2250,45.7752,0.1148
17.2750,45.7752,0.1161
17.3250,45.7752,0.1126
17.3750,45.7752,0.1126
17.4250,45.7752,0.1114
17.4750,45.7752,0.1085
17.5250,45.7752,0.1111
17.5750,45.7752,0.1045
17.6250,45.7752,0.1022
17.6750,45.7752,0.1022
17.7250,45.7752,0.1003
17.7750,45.7752,0.0908
17.8250,45.7752,0.0909
17.8750,45.7752,0.0879
17.9250,45.7752,0.0878
17.9750,45.7752,0.0867
18.0250,45.7752,0.0785
18.0750,45.7752,0.0824
18.1250,45.7752,0.0758
18.1750,45.7752,0.0748
18.2250,45.7752,0.0748
18.2750,45.7752,0.0748
18.3250,45.7752,0.0689
18.3750,45.7752,0.0689
18.4250,45.7752,0.0688
18.4750,45.7752,0.0662
18.5250,45.7752,0.0690
18.5750,45.7752,0.0655
18.6250,45.7752,0.0661
18.6750,45.7752,0.0661
18.7250,45.7752,0.0673
18.7750,45.7752,0.0656
18.8250,45.7752,0.0655
18.8750,45.7752,0.0691
18.9250,45.7752,0.0693
18.9750,45.7752,0.0745
19.0250,45.7752,0.0717
19.0750,45.7752,0.0757
19.1250,45.7752,0.0751
19.1750,45.7752,0.0784
19.2250,45.7752,0.0784
19.2750,45.7752,0.0767
19.3250,45.7752,0.0786
19.3750,45.7752,0.0786
19.4250,45.7752,0.0807
19.4750,45.7752,0.0800
19.5250,45.7752,0.0830
19.5750,45.7752,0.0822
19.6250,45.7752,0.0845
19.6750,45.7752,0.0845
19.7250,45.7752,0.0850
19.7750,45.7752,0.0868
19.8250,45.7752,0.0868
19.8750,45.7752,0.0894
19.9250,45.7752,0.0899
19.9750,45.7752,0.0926
20.0250,45.7752,0.0920
20.0750,45.7752,0.0923
20.1250,45.7752,0.0947
20.1750,45.7752,0.0978
20.2250,45.7752,0.1000
20.2750,45.7752,0.0993
20.3250,45.7752,0.1028
20.3750,45.7752,0.1028
20.4250,45.7752,0.1060
20.4750,45.7752,0.1060
20.5250,45.7752,0.1060
20.5750,45.7752,0.1089
20.6250,45.7752,0.1105
20.6750,45.7752,0.1128
20.7250,45.7752,0.1099
20.7750,45.7752,0.1114
20.8250,45.7752,0.1114
20.8750,45.7752,0.1130
20.9250,45.7752,0.1113
20.9750,45.7752,0.1112
21.0250,45.7752,0.1115
21.0750,45.7752,0.1114
21.1250,45.7752,0.1115
21.1750,45.7752,0.1089
21.2250,45.7752,0.1089
21.2750,45.7752,0.1089
21.3250,45.7752,0.1065
21.3750,45.7752,0.1071
21.4250,45.7752,0.1032
21.4750,45.7752,0.1023
21.5250,45.7752,0.1023
21.5750,45.7752,0.0983
21.6250,45.7752,0.0939
21.6750,45.7752,0.0939
21.7250,45.7752,0.0924
21.7750,45.7752,0.0883
21.8250,45.7752,0.0883
21.8750,45.7752,0.0848
21.9250,45.7752,0.0779
21.9750,45.7752,0.0810
22.0250,45.7752,0.0705
22.0750,45.7752,0.0660
22.1250,45.7752,0.0660
22.1750,45.7752,0.0591
22.2250,45.7752,0.0546
22.2750,45.7752,0.0545
22.3250,45.7752,0.0529
22.3750,45.7752,0.0528
22.4250,45.7752,0.0508
22.4750,45.7752,0.0496
22.5250,45.7752,0.0496
22.5750,45.7752,0.0500
22.6250,45.7752,0.0487
22.6750,45.7752,0.0498
22.7250,45.7752,0.0504
22.7750,45.7752,0.0526
22.8250,45.7752,0.0526
22.8750,45.7752,0.0521
16.1250,45.7252,0.1798
16.1750,45.7252,0.1740
16.2250,45.7252,0.1524
16.2750,45.7252,0.1536
16.3250,45.7252,0.1396
16.3750,45.7252,0.1366
16.4250,45.7252,0.1214
16.4750,45.7252,0.1212
16.5250,45.7252,0.1197
16.5750,45.7252,0.1163
16.6250,45.7252,0.1163
16.6750,45.7252,0.1146
16.7250,45.7252,0.1139
16.7750,45.7252,0.1130
16.8250,45.7252,0.1141
16.8750,45.7252,0.1150
16.9250,45.7252,0.1150
16.9750,45.7252,0.1152
17.0250,45.7252,0.1167
17.0750,45.7252,0.1167
17.1250,45.7252,0.1169
17.1750,45.7252,0.1165
17.2250,45.7252,0.1163
17.2750,45.7252,0.1163
17.3250,45.7252,0.1169
17.3750,45.7252,0.1169
17.4250,45.7252,0.1156
17.4750,45.7252,0.1156
17.5250,45.7252,0.1133
17.5750,45.7252,0.1119
17.6250,45.7252,0.1119
17.6750,45.7252,0.1107
17.7250,45.7252,0.1010
17.7750,45.7252,0.1068
17.8250,45.7252,0.0981
17.8750,45.7252,0.0964
17.9250,45.7252,0.0964
17.9750,45.7252,0.0938
18.0250,45.7252,0.0857
18.0750,45.7252,0.0859
18.1250,45.7252,0.0837
18.1750,45.7252,0.0821
18.2250,45.7252,0.0821
18.2750,45.7252,0.0748
18.3250,45.7252,0.0745
18.3750,45.7252,0.0744
18.4250,45.7252,0.0733
18.4750,45.7252,0.0733
18.5250,45.7252,0.0723
18.5750,45.7252,0.0695
18.6250,45.7252,0.0695
18.6750,45.7252,0.0700
18.7250,45.7252,0.0674
18.7750,45.7252,0.0707
18.8250,45.7252,0.0700
18.8750,45.7252,0.0748
18.9250,45.7252,0.0748
18.9750,45.7252,0.0793
19.0250,45.7252,0.0783
19.0750,45.7252,0.0783
19.1250,45.7252,0.0803
19.1750,45.7252,0.0796
19.2250,45.7252,0.0818
19.2750,45.7252,0.0807
19.3250,45.7252,0.0824
19.3750,45.7252,0.0824
19.4250,45.7252,0.0834
19.4750,45.7252,0.0834
19.5250,45.7252,0.0831
19.5750,45.7252,0.0857
19.6250,45.7252,0.0857
19.6750,45.7252,0.0869
19.7250,45.7252,0.0875
19.7750,45.7252,0.0878
19.8250,45.7252,0.0898
19.8750,45.7252,0.0912
19.9250,45.7252,0.0912
19.9750,45.7252,0.0926
20.0250,45.7252,0.0956
20.0750,45.7252,0.0956
20.1250,45.7252,0.0979
20.1750,45.7252,0.1001
20.2250,45.7252,0.1000
20.2750,45.7252,0.1042
20.3250,45.7252,0.1052
20.3750,45.7252,0.1057
20.4250,45.7252,0.1070
20.4750,45.7252,0.1100
20.5250,45.7252,0.1100
20.5750,45.7252,0.1113
20.6250,45.7252,0.1114
20.6750,45.7252,0.1128
20.7250,45.7252,0.1147
20.7750,45.7252,0.1147
20.8250,45.7252,0.1134
20.8750,45.7252,0.1147
20.9250,45.7252,0.1144
20.9750,45.7252,0.1166
21.0250,45.7252,0.1135
21.0750,45.7252,0.1136
21.1250,45.7252,0.1130
21.1750,45.7252,0.1129
21.2250,45.7252,0.1129
21.2750,45.7252,0.1097
21.3250,45.7252,0.1095
21.3750,45.7252,0.1095
21.4250,45.7252,0.1066
21.4750,45.7252,0.1034
21.5250,45.7252,0.1024
21.5750,45.7252,0.1016
21.6250,45.7252,0.0979
21.6750,45.7252,0.0978
21.7250,45.7252,0.0924
21.7750,45.7252,0.0908
21.8250,45.7252,0.0905
21.8750,45.7252,0.0873
21.9250,45.7252,0.0873
21.9750,45.7252,0.0817
22.0250,45.7252,0.0755
22.0750,45.7252,0.0755
22.1250,45.7252,0.0697
22.1750,45.7252,0.0618
22.2250,45.7252,0.0637
22.2750,45.7252,0.0577
22.3250,45.7252,0.0547
22.3750,45.7252,0.0547
22.4250,45.7252,0.0520
22.4750,45.7252,0.0517
22.5250,45.7252,0.0517
22.5750,45.7252,0.0525
22.6250,45.7252,0.0515
22.6750,45.7252,0.0515
22.7250,45.7252,0.0535
22.7750,45.7252,0.0528
22.8250,45.7252,0.0564
22.8750,45.7252,0.0554
