{
  "type": "FeatureCollection",
  "features": [
    {"type":"Feature","properties":{"feat_code":"UTTK60","feat_desc":"TANK (6-15m diameter) point","zvalue":"6.5","angle":"0.0"},"geometry":{"type":"Point","coordinates":[-65.77402707012102,43.606355566782184]}},{"type":"Feature","properties":{"feat_code":"UTTK60","feat_desc":"TANK (6-15m diameter) point","zvalue":"6.2","angle":"0.0"},"geometry":{"type":"Point","coordinates":[-65.7739932584256,43.6065094491512]}},{"type":"Feature","properties":{"feat_code":"UTTK60","feat_desc":"TANK (6-15m diameter) point","zvalue":"5.89","angle":"0.0"},"geometry":{"type":"Point","coordinates":[-65.7750423600723,43.60674608136811]}},{"type":"Feature","properties":{"feat_code":"UTTK60","feat_desc":"TANK (6-15m diameter) point","zvalue":"5.99","angle":"0.0"},"geometry":{"type":"Point","coordinates":[-65.77488592875035,43.60675011550222]}},{"type":"Feature","properties":{"feat_code":"UTTK60","feat_desc":"TANK (6-15m diameter) point","zvalue":"15.8","angle":"0.0"},"geometry":{"type":"Point","coordinates":[-65.76797699470768,43.64231318878129]}},{"type":"Feature","properties":{"feat_code":"UTTK60","feat_desc":"TANK (6-15m diameter) point","zvalue":"15.8","angle":"0.0"},"geometry":{"type":"Point","coordinates":[-65.76791429024115,43.64232461214901]}},{"type":"Feature","properties":{"feat_code":"UTTK60","feat_desc":"TANK (6-15m diameter) point","zvalue":"11.3","angle":"0.0"},"geometry":{"type":"Point","coordinates":[-65.76788139891762,43.64286699154007]}},{"type":"Feature","properties":{"feat_code":"UTTK60","feat_desc":"TANK (6-15m diameter) point","zvalue":"11.325","angle":"0.0"},"geometry":{"type":"Point","coordinates":[-65.7678873762018,43.642907767899445]}},{"type":"Feature","properties":{"feat_code":"UTTK60","feat_desc":"TANK (6-15m diameter) point","zvalue":"12.8","angle":"0.0"},"geometry":{"type":"Point","coordinates":[-65.76673153980046,43.64297271118629]}},{"type":"Feature","properties":{"feat_code":"UTTK60","feat_desc":"TANK (6-15m diameter) point","zvalue":"13.7","angle":"0.0"},"geometry":{"type":"Point","coordinates":[-65.76663407719546,43.643037196403114]}},{"type":"Feature","properties":{"feat_code":"UTTO60","feat_desc":"TOWER (all except transmission line towers) point","zvalue":"9.808","angle":"0.0"},"geometry":{"type":"Point","coordinates":[-65.13055009886864,43.66354379871903]}},{"type":"Feature","properties":{"feat_code":"UTTO60","feat_desc":"TOWER (all except transmission line towers) point","zvalue":"11.841","angle":"0.0"},"geometry":{"type":"Point","coordinates":[-65.1295261079265,43.66363609737797]}},{"type":"Feature","properties":{"feat_code":"UTTK60","feat_desc":"TANK (6-15m diameter) point","zvalue":"24.6","angle":"0.0"},"geometry":{"type":"Point","coordinates":[-65.2571529041367,43.66192323267508]}},{"type":"Feature","properties":{"feat_code":"UTTK60","feat_desc":"TANK (6-15m diameter) point","zvalue":"24.9","angle":"0.0"},"geometry":{"type":"Point","coordinates":[-65.25706792753907,43.662005044406236]}},{"type":"Feature","properties":{"feat_code":"UTTO60","feat_desc":"TOWER (all except transmission line towers) point","zvalue":"10.299","angle":"0.0"},"geometry":{"type":"Point","coordinates":[-66.05291775545517,43.64399489048356]}},{"type":"Feature","properties":{"feat_code":"UTTO60","feat_desc":"TOWER (all except transmission line towers) point","zvalue":"39.3","angle":"0.0"},"geometry":{"type":"Point","coordinates":[-65.2582626110725,43.6634364363926]}},{"type":"Feature","properties":{"feat_code":"UTTK60","feat_desc":"TANK (6-15m diameter) point","zvalue":"39.5","angle":"0.0"},"geometry":{"type":"Point","coordinates":[-65.7626228150184,43.652731174339515]}},{"type":"Feature","properties":{"feat_code":"UTTO60","feat_desc":"TOWER (all except transmission line towers) point","zvalue":"41.2","angle":"0.0"},"geometry":{"type":"Point","coordinates":[-65.75785731815284,43.65370256920096]}},{"type":"Feature","properties":{"feat_code":"UTTO60","feat_desc":"TOWER (all except transmission line towers) point","zvalue":"35.5","angle":"0.0"},"geometry":{"type":"Point","coordinates":[-65.75102871949285,43.65433181690015]}},{"type":"Feature","properties":{"feat_code":"UTTO60","feat_desc":"TOWER (all except transmission line towers) point","zvalue":"29.789","angle":"0.0"},"geometry":{"type":"Point","coordinates":[-65.43246254199855,43.66500435354743]}},{"type":"Feature","properties":{"feat_code":"UTTO60","feat_desc":"TOWER (all except transmission line towers) point","zvalue":"34.229","angle":"0.0"},"geometry":{"type":"Point","coordinates":[-65.43387848590704,43.665335008965364]}},{"type":"Feature","properties":{"feat_code":"UTTO60","feat_desc":"TOWER (all except transmission line towers) point","zvalue":"68.704","angle":"0.0"},"geometry":{"type":"Point","coordinates":[-65.70415407754756,43.66316519852919]}},{"type":"Feature","properties":{"feat_code":"UTTO60","feat_desc":"TOWER (all except transmission line towers) point","zvalue":"68.304","angle":"0.0"},"geometry":{"type":"Point","coordinates":[-65.70418621119546,43.66326844695914]}},{"type":"Feature","properties":{"feat_code":"UTTO60","feat_desc":"TOWER (all except transmission line towers) point","zvalue":"44.046","angle":"0.0"},"geometry":{"type":"Point","coordinates":[-65.2830404711522,43.674673391915384]}},{"type":"Feature","properties":{"feat_code":"UTTO60","feat_desc":"TOWER (all except transmission line towers) point","zvalue":"20.812","angle":"-0.1"},"geometry":{"type":"Point","coordinates":[-66.04039048107553,43.67017318596221]}},{"type":"Feature","properties":{"feat_code":"UTTK60","feat_desc":"TANK (6-15m diameter) point","zvalue":"7.715","angle":"0.0"},"geometry":{"type":"Point","coordinates":[-65.79413929776776,43.68457299637574]}},{"type":"Feature","properties":{"feat_code":"UTTK60","feat_desc":"TANK (6-15m diameter) point","zvalue":"6.4","angle":"0.0"},"geometry":{"type":"Point","coordinates":[-65.79411224713387,43.68459400603391]}},{"type":"Feature","properties":{"feat_code":"UTTK60","feat_desc":"TANK (6-15m diameter) point","zvalue":"52.3","angle":"0.0"},"geometry":{"type":"Point","coordinates":[-65.12620410695376,43.70328432322985]}},{"type":"Feature","properties":{"feat_code":"UTTK60","feat_desc":"TANK (6-15m diameter) point","zvalue":"11.521","angle":"0.0"},"geometry":{"type":"Point","coordinates":[-65.77471567254646,43.70224973476156]}},{"type":"Feature","properties":{"feat_code":"UTTK60","feat_desc":"TANK (6-15m diameter) point","zvalue":"12.05","angle":"0.0"},"geometry":{"type":"Point","coordinates":[-65.7747391005145,43.70228086689931]}},{"type":"Feature","properties":{"feat_code":"UTTK60","feat_desc":"TANK (6-15m diameter) point","zvalue":"11.958","angle":"0.0"},"geometry":{"type":"Point","coordinates":[-65.77474409573765,43.70231756981805]}},{"type":"Feature","properties":{"feat_code":"UTTK60","feat_desc":"TANK (6-15m diameter) point","zvalue":"11.038","angle":"0.0"},"geometry":{"type":"Point","coordinates":[-65.77460395869707,43.702368926759334]}},{"type":"Feature","properties":{"feat_code":"UTTK60","feat_desc":"TANK (6-15m diameter) point","zvalue":"18.789","angle":"0.0"},"geometry":{"type":"Point","coordinates":[-65.77472903275257,43.70243728600435]}},{"type":"Feature","properties":{"feat_code":"UTTK60","feat_desc":"TANK (6-15m diameter) point","zvalue":"18.789","angle":"0.0"},"geometry":{"type":"Point","coordinates":[-65.77472863000101,43.702483141554794]}},{"type":"Feature","properties":{"feat_code":"UTTK60","feat_desc":"TANK (6-15m diameter) point","zvalue":"10.739","angle":"0.0"},"geometry":{"type":"Point","coordinates":[-65.77473505020586,43.702587552105676]}},{"type":"Feature","properties":{"feat_code":"UTTK60","feat_desc":"TANK (6-15m diameter) point","zvalue":"10.739","angle":"0.0"},"geometry":{"type":"Point","coordinates":[-65.77480693315744,43.7026174440467]}},{"type":"Feature","properties":{"feat_code":"UTTO60","feat_desc":"TOWER (all except transmission line towers) point","zvalue":"29.727","angle":"0.0"},"geometry":{"type":"Point","coordinates":[-65.12302341087397,43.72053200527152]}},{"type":"Feature","properties":{"feat_code":"UTTO60","feat_desc":"TOWER (all except transmission line towers) point","zvalue":"30.165","angle":"0.0"},"geometry":{"type":"Point","coordinates":[-65.12292094784478,43.7216746376545]}},{"type":"Feature","properties":{"feat_code":"UTTO60","feat_desc":"TOWER (all except transmission line towers) point","zvalue":"10.353","angle":"0.0"},"geometry":{"type":"Point","coordinates":[-65.01748796952764,43.73935119619077]}},{"type":"Feature","properties":{"feat_code":"UTTO60","feat_desc":"TOWER (all except transmission line towers) point","zvalue":"32.654","angle":"-0.8"},"geometry":{"type":"Point","coordinates":[-66.02427436663157,43.720880967099745]}},{"type":"Feature","properties":{"feat_code":"UTTO60","feat_desc":"TOWER (all except transmission line towers) point","zvalue":"43.0","angle":"0.0"},"geometry":{"type":"Point","coordinates":[-65.29593026811209,43.74118577260199]}},{"type":"Feature","properties":{"feat_code":"UTTO60","feat_desc":"TOWER (all except transmission line towers) point","zvalue":"57.7","angle":"0.0"},"geometry":{"type":"Point","coordinates":[-65.30404202658491,43.74561878763424]}},{"type":"Feature","properties":{"feat_code":"UTSP60","feat_desc":"SEWAGE SETTLING POND  (6-15m diameter) point","zvalue":"5.7","angle":"0.0"},"geometry":{"type":"Point","coordinates":[-65.31490240751353,43.75050335695604]}},{"type":"Feature","properties":{"feat_code":"UTTO60","feat_desc":"TOWER (all except transmission line towers) point","zvalue":"16.5","angle":"0.0"},"geometry":{"type":"Point","coordinates":[-66.12324594953868,43.74339179889773]}},{"type":"Feature","properties":{"feat_code":"UTTO60","feat_desc":"TOWER (all except transmission line towers) point","zvalue":"15.9","angle":"0.0"},"geometry":{"type":"Point","coordinates":[-66.12123122143491,43.74371788826046]}},{"type":"Feature","properties":{"feat_code":"UTTO60","feat_desc":"TOWER (all except transmission line towers) point","zvalue":"16.6","angle":"0.0"},"geometry":{"type":"Point","coordinates":[-66.12190596927886,43.74434678058419]}},{"type":"Feature","properties":{"feat_code":"UTTO60","feat_desc":"TOWER (all except transmission line towers) point","zvalue":"13.4","angle":"0.0"},"geometry":{"type":"Point","coordinates":[-66.1206172135905,43.74487809118744]}},{"type":"Feature","properties":{"feat_code":"UTTO60","feat_desc":"TOWER (all except transmission line towers) point","zvalue":"15.8","angle":"0.0"},"geometry":{"type":"Point","coordinates":[-66.12209931370698,43.74505545702352]}},{"type":"Feature","properties":{"feat_code":"UTTO60","feat_desc":"TOWER (all except transmission line towers) point","zvalue":"45.316","angle":"0.0"},"geometry":{"type":"Point","coordinates":[-66.01034285148238,43.75190822946886]}},{"type":"Feature","properties":{"feat_code":"UTTO60","feat_desc":"TOWER (all except transmission line towers) point","zvalue":"71.1","angle":"0.0"},"geometry":{"type":"Point","coordinates":[-65.34987819853949,43.7688650665998]}},{"type":"Feature","properties":{"feat_code":"UTTO60","feat_desc":"TOWER (all except transmission line towers) point","zvalue":"56.9","angle":"0.0"},"geometry":{"type":"Point","coordinates":[-65.35065240542804,43.769947569276944]}},{"type":"Feature","properties":{"feat_code":"UTTO60","feat_desc":"TOWER (all except transmission line towers) point","zvalue":"51.224","angle":"0.0"},"geometry":{"type":"Point","coordinates":[-65.28600177775031,43.77137450608411]}},{"type":"Feature","properties":{"feat_code":"UTTO60","feat_desc":"TOWER (all except transmission line towers) point","zvalue":"84.4","angle":"0.0"},"geometry":{"type":"Point","coordinates":[-65.30797856569195,43.77680779228284]}},{"type":"Feature","properties":{"feat_code":"UTTO60","feat_desc":"TOWER (all except transmission line towers) point","zvalue":"17.0","angle":"0.0"},"geometry":{"type":"Point","coordinates":[-65.8393079099154,43.76555749330358]}},{"type":"Feature","properties":{"feat_code":"UTTO60","feat_desc":"TOWER (all except transmission line towers) point","zvalue":"86.1","angle":"0.0"},"geometry":{"type":"Point","coordinates":[-65.3074770441203,43.77849978524413]}},{"type":"Feature","properties":{"feat_code":"UTTO60","feat_desc":"TOWER (all except transmission line towers) point","zvalue":"86.5","angle":"0.0"},"geometry":{"type":"Point","coordinates":[-65.30715543360608,43.7798946267958]}},{"type":"Feature","properties":{"feat_code":"UTTO60","feat_desc":"TOWER (all except transmission line towers) point","zvalue":"3.5","angle":"0.0"},"geometry":{"type":"Point","coordinates":[-60.00913846325413,43.93120011677726]}},{"type":"Feature","properties":{"feat_code":"UTTO60","feat_desc":"TOWER (all except transmission line towers) point","zvalue":"3.5","angle":"0.0"},"geometry":{"type":"Point","coordinates":[-60.02272810664553,43.931611126695884]}},{"type":"Feature","properties":{"feat_code":"UTTO60","feat_desc":"TOWER (all except transmission line towers) point","zvalue":"1.6","angle":"0.0"},"geometry":{"type":"Point","coordinates":[-60.00846380865625,43.93126346909145]}},{"type":"Feature","properties":{"feat_code":"UTTO60","feat_desc":"TOWER (all except transmission line towers) point","zvalue":"2.1","angle":"0.0"},"geometry":{"type":"Point","coordinates":[-60.00857621410951,43.93128262006576]}},{"type":"Feature","properties":{"feat_code":"UTTO60","feat_desc":"TOWER (all except transmission line towers) point","zvalue":"2.3","angle":"0.0"},"geometry":{"type":"Point","coordinates":[-60.00869886974046,43.931320946102915]}},{"type":"Feature","properties":{"feat_code":"UTTO60","feat_desc":"TOWER (all except transmission line towers) point","zvalue":"1.8","angle":"0.0"},"geometry":{"type":"Point","coordinates":[-60.00842486748247,43.93134437734306]}},{"type":"Feature","properties":{"feat_code":"UTTO60","feat_desc":"TOWER (all except transmission line towers) point","zvalue":"2.2","angle":"0.0"},"geometry":{"type":"Point","coordinates":[-60.00854801932882,43.93137281308346]}},{"type":"Feature","properties":{"feat_code":"UTTO60","feat_desc":"TOWER (all except transmission line towers) point","zvalue":"2.4","angle":"0.0"},"geometry":{"type":"Point","coordinates":[-60.0086728665187,43.93139228996423]}},{"type":"Feature","properties":{"feat_code":"UTTO60","feat_desc":"TOWER (all except transmission line towers) point","zvalue":"2.1","angle":"0.0"},"geometry":{"type":"Point","coordinates":[-60.008385520196,43.9314333777706]}},{"type":"Feature","properties":{"feat_code":"UTTO60","feat_desc":"TOWER (all except transmission line towers) point","zvalue":"2.4","angle":"0.0"},"geometry":{"type":"Point","coordinates":[-60.00850867220289,43.93146181355774]}},{"type":"Feature","properties":{"feat_code":"UTTO60","feat_desc":"TOWER (all except transmission line towers) point","zvalue":"2.6","angle":"0.0"},"geometry":{"type":"Point","coordinates":[-60.00863351956246,43.93148129048621]}},{"type":"Feature","properties":{"feat_code":"UTTO60","feat_desc":"TOWER (all except transmission line towers) point","zvalue":"3.0","angle":"0.0"},"geometry":{"type":"Point","coordinates":[-60.02024278104708,43.93188481499386]}},{"type":"Feature","properties":{"feat_code":"UTTO60","feat_desc":"TOWER (all except transmission line towers) point","zvalue":"1.9","angle":"0.0"},"geometry":{"type":"Point","coordinates":[-60.008641721375234,43.93263390807113]}},{"type":"Feature","properties":{"feat_code":"UTTK60","feat_desc":"TANK (6-15m diameter) point","zvalue":"3.6","angle":"350.53"},"geometry":{"type":"Point","coordinates":[-60.00621249245115,43.93265666285883]}},{"type":"Feature","properties":{"feat_code":"UTTO60","feat_desc":"TOWER (all except transmission line towers) point","zvalue":"4.1","angle":"0.0"},"geometry":{"type":"Point","coordinates":[-59.99681902270202,43.93322653716261]}},{"type":"Feature","properties":{"feat_code":"UTTO60","feat_desc":"TOWER (all except transmission line towers) point","zvalue":"81.42","angle":"0.0"},"geometry":{"type":"Point","coordinates":[-65.42748919881421,43.94749394675412]}},{"type":"Feature","properties":{"feat_code":"UTTK60","feat_desc":"TANK (6-15m diameter) point","zvalue":"7.8","angle":"43.78"},"geometry":{"type":"Point","coordinates":[-60.00536474075159,43.93415686079594]}},{"type":"Feature","properties":{"feat_code":"UTTK60","feat_desc":"TANK (6-15m diameter) point","zvalue":"8.1","angle":"43.83"},"geometry":{"type":"Point","coordinates":[-60.00540150465242,43.93419383768946]}},{"type":"Feature","properties":{"feat_code":"UTTK60","feat_desc":"TANK (6-15m diameter) point","zvalue":"7.8","angle":"43.78"},"geometry":{"type":"Point","coordinates":[-60.00527688319022,43.934219378854976]}},{"type":"Feature","properties":{"feat_code":"UTTK60","feat_desc":"TANK (6-15m diameter) point","zvalue":"8.1","angle":"43.83"},"geometry":{"type":"Point","coordinates":[-60.00531244802756,43.93425542400989]}},{"type":"Feature","properties":{"feat_code":"UTTK60","feat_desc":"TANK (6-15m diameter) point","zvalue":"8.0","angle":"43.78"},"geometry":{"type":"Point","coordinates":[-60.0052002684658,43.93428129145132]}},{"type":"Feature","properties":{"feat_code":"UTTK60","feat_desc":"TANK (6-15m diameter) point","zvalue":"8.0","angle":"43.83"},"geometry":{"type":"Point","coordinates":[-60.00523628492336,43.93430834533419]}},{"type":"Feature","properties":{"feat_code":"UTTK60","feat_desc":"TANK (6-15m diameter) point","zvalue":"8.0","angle":"43.78"},"geometry":{"type":"Point","coordinates":[-60.00511166315799,43.93433388631002]}},{"type":"Feature","properties":{"feat_code":"UTTK60","feat_desc":"TANK (6-15m diameter) point","zvalue":"7.9","angle":"43.83"},"geometry":{"type":"Point","coordinates":[-60.00514842700064,43.93437086328274]}},{"type":"Feature","properties":{"feat_code":"UTTO60","feat_desc":"TOWER (all except transmission line towers) point","zvalue":"45.871","angle":"0.0"},"geometry":{"type":"Point","coordinates":[-66.10163248717765,43.932634391810616]}},{"type":"Feature","properties":{"feat_code":"UTTK60","feat_desc":"TANK (6-15m diameter) point","zvalue":"56.4","angle":"0.0"},"geometry":{"type":"Point","coordinates":[-66.05639984466298,43.939444318652676]}},{"type":"Feature","properties":{"feat_code":"UTTK60","feat_desc":"TANK (6-15m diameter) point","zvalue":"12.919","angle":"0.0"},"geometry":{"type":"Point","coordinates":[-66.15238753381104,43.94038953838631]}},{"type":"Feature","properties":{"feat_code":"UTTK60","feat_desc":"TANK (6-15m diameter) point","zvalue":"17.538","angle":"0.0"},"geometry":{"type":"Point","coordinates":[-66.15234648582623,43.94039107705955]}},{"type":"Feature","properties":{"feat_code":"UTTK60","feat_desc":"TANK (6-15m diameter) point","zvalue":"12.995","angle":"0.0"},"geometry":{"type":"Point","coordinates":[-66.15241078492932,43.94040346329595]}},{"type":"Feature","properties":{"feat_code":"UTTK60","feat_desc":"TANK (6-15m diameter) point","zvalue":"17.461","angle":"0.0"},"geometry":{"type":"Point","coordinates":[-66.15237186427564,43.94040682487647]}},{"type":"Feature","properties":{"feat_code":"UTTK60","feat_desc":"TANK (6-15m diameter) point","zvalue":"13.134","angle":"0.0"},"geometry":{"type":"Point","coordinates":[-66.15242849895435,43.940416586782916]}},{"type":"Feature","properties":{"feat_code":"UTTK60","feat_desc":"TANK (6-15m diameter) point","zvalue":"17.292","angle":"0.0"},"geometry":{"type":"Point","coordinates":[-66.15239527325413,43.9404209074855]}},{"type":"Feature","properties":{"feat_code":"UTTK60","feat_desc":"TANK (6-15m diameter) point","zvalue":"17.262","angle":"0.0"},"geometry":{"type":"Point","coordinates":[-66.15242212925267,43.94043420166149]}},{"type":"Feature","properties":{"feat_code":"UTTK60","feat_desc":"TANK (6-15m diameter) point","zvalue":"11.474","angle":"0.0"},"geometry":{"type":"Point","coordinates":[-66.15247260455727,43.94044812200588]}},{"type":"Feature","properties":{"feat_code":"UTTK60","feat_desc":"TANK (6-15m diameter) point","zvalue":"11.704","angle":"0.0"},"geometry":{"type":"Point","coordinates":[-66.15244575820027,43.940467283699185]}},{"type":"Feature","properties":{"feat_code":"UTTK60","feat_desc":"TANK (6-15m diameter) point","zvalue":"16.987","angle":"0.0"},"geometry":{"type":"Point","coordinates":[-66.15260383681922,43.94055142749415]}},{"type":"Feature","properties":{"feat_code":"UTTK60","feat_desc":"TANK (6-15m diameter) point","zvalue":"16.833","angle":"0.0"},"geometry":{"type":"Point","coordinates":[-66.15265883846745,43.94058284178976]}},{"type":"Feature","properties":{"feat_code":"UTTO60","feat_desc":"TOWER (all except transmission line towers) point","zvalue":"79.4","angle":"0.0"},"geometry":{"type":"Point","coordinates":[-66.02195984543452,43.94434684346302]}},{"type":"Feature","properties":{"feat_code":"UTTK60","feat_desc":"TANK (6-15m diameter) point","zvalue":"46.3","angle":"0.0"},"geometry":{"type":"Point","coordinates":[-64.72603841736716,43.979893451783894]}},{"type":"Feature","properties":{"feat_code":"UTTO60","feat_desc":"TOWER (all except transmission line towers) point","zvalue":"8.896","angle":"0.0"},"geometry":{"type":"Point","coordinates":[-64.66255734189528,43.989526587022674]}},{"type":"Feature","properties":{"feat_code":"UTTK60","feat_desc":"TANK (6-15m diameter) point","zvalue":"49.421","angle":"47.9"},"geometry":{"type":"Point","coordinates":[-66.0573742903733,43.968687530623235]}},{"type":"Feature","properties":{"feat_code":"UTTO60","feat_desc":"TOWER (all except transmission line towers) point","zvalue":"36.589","angle":"0.0"},"geometry":{"type":"Point","coordinates":[-66.126398645937,43.978318611931506]}},{"type":"Feature","properties":{"feat_code":"UTTO60","feat_desc":"TOWER (all except transmission line towers) point","zvalue":"50.178","angle":"0.0"},"geometry":{"type":"Point","coordinates":[-65.88808838821836,43.991628311417394]}},{"type":"Feature","properties":{"feat_code":"UTTO60","feat_desc":"TOWER (all except transmission line towers) point","zvalue":"74.7","angle":"208.18"},"geometry":{"type":"Point","coordinates":[-64.74284761372544,44.01641605371346]}},{"type":"Feature","properties":{"feat_code":"UTTO60","feat_desc":"TOWER (all except transmission line towers) point","zvalue":"24.894","angle":"43.6"},"geometry":{"type":"Point","coordinates":[-65.92861046768918,44.00494865852059]}},{"type":"Feature","properties":{"feat_code":"UTTO60","feat_desc":"TOWER (all except transmission line towers) point","zvalue":"81.623","angle":"0.0"},"geometry":{"type":"Point","coordinates":[-65.98253920243313,44.013603487958555]}},{"type":"Feature","properties":{"feat_code":"UTSS60","feat_desc":"SUBSTATION (transformer) point","zvalue":"6.2","angle":"0.0"},"geometry":{"type":"Point","coordinates":[-64.69907307569082,44.05162219424197]}},{"type":"Feature","properties":{"feat_code":"UTTK60","feat_desc":"TANK (6-15m diameter) point","zvalue":"6.0","angle":"0.0"},"geometry":{"type":"Point","coordinates":[-64.69580073436379,44.05204536051934]}},{"type":"Feature","properties":{"feat_code":"UTTK60","feat_desc":"TANK (6-15m diameter) point","zvalue":"5.5","angle":"0.0"},"geometry":{"type":"Point","coordinates":[-64.69517717403279,44.052154552970116]}},{"type":"Feature","properties":{"feat_code":"UTTK60","feat_desc":"TANK (6-15m diameter) point","zvalue":"5.7","angle":"0.0"},"geometry":{"type":"Point","coordinates":[-64.69518972448259,44.05224439961526]}},{"type":"Feature","properties":{"feat_code":"UTTO60","feat_desc":"TOWER (all except transmission line towers) point","zvalue":"113.0","angle":"0.0"},"geometry":{"type":"Point","coordinates":[-64.812604845514,44.054347970632335]}},{"type":"Feature","properties":{"feat_code":"UTTO60","feat_desc":"TOWER (all except transmission line towers) point","zvalue":"90.257","angle":"0.0"},"geometry":{"type":"Point","coordinates":[-64.7178562648799,44.06618025186989]}},{"type":"Feature","properties":{"feat_code":"UTTO60","feat_desc":"TOWER (all except transmission line towers) point","zvalue":"95.895","angle":"0.0"},"geometry":{"type":"Point","coordinates":[-64.72064666874289,44.066972628237956]}},{"type":"Feature","properties":{"feat_code":"UTTO60","feat_desc":"TOWER (all except transmission line towers) point","zvalue":"89.418","angle":"0.0"},"geometry":{"type":"Point","coordinates":[-64.71685479207012,44.06712386132492]}},{"type":"Feature","properties":{"feat_code":"UTTO60","feat_desc":"TOWER (all except transmission line towers) point","zvalue":"96.093","angle":"0.0"},"geometry":{"type":"Point","coordinates":[-64.71897224452691,44.067779053255784]}},{"type":"Feature","properties":{"feat_code":"UTTO60","feat_desc":"TOWER (all except transmission line towers) point","zvalue":"95.596","angle":"0.0"},"geometry":{"type":"Point","coordinates":[-64.71905016254996,44.067786811830175]}},{"type":"Feature","properties":{"feat_code":"UTTO60","feat_desc":"TOWER (all except transmission line towers) point","zvalue":"94.75","angle":"0.0"},"geometry":{"type":"Point","coordinates":[-64.71952979424175,44.068590057010326]}},{"type":"Feature","properties":{"feat_code":"UTTO60","feat_desc":"TOWER (all except transmission line towers) point","zvalue":"58.9","angle":"0.0"},"geometry":{"type":"Point","coordinates":[-64.74048651825467,44.073631071906625]}},{"type":"Feature","properties":{"feat_code":"UTTO60","feat_desc":"TOWER (all except transmission line towers) point","zvalue":"128.1","angle":"0.0"},"geometry":{"type":"Point","coordinates":[-65.78056821821134,44.07870864602387]}},{"type":"Feature","properties":{"feat_code":"UTTO60","feat_desc":"TOWER (all except transmission line towers) point","zvalue":"128.3","angle":"0.0"},"geometry":{"type":"Point","coordinates":[-65.78035416004273,44.07899115280572]}},{"type":"Feature","properties":{"feat_code":"UTTO60","feat_desc":"TOWER (all except transmission line towers) point","zvalue":"88.902","angle":"-0.1"},"geometry":{"type":"Point","coordinates":[-65.69791048957515,44.09506296357648]}},{"type":"Feature","properties":{"feat_code":"UTTO60","feat_desc":"TOWER (all except transmission line towers) point","zvalue":"84.432","angle":"45.7"},"geometry":{"type":"Point","coordinates":[-65.75464710047603,44.09481095340814]}},{"type":"Feature","properties":{"feat_code":"UTTO60","feat_desc":"TOWER (all except transmission line towers) point","zvalue":"43.251","angle":"-0.5"},"geometry":{"type":"Point","coordinates":[-66.07773393456424,44.086685558168966]}},{"type":"Feature","properties":{"feat_code":"UTTK60","feat_desc":"TANK (6-15m diameter) point","zvalue":"113.952","angle":"0.0"},"geometry":{"type":"Point","coordinates":[-65.68858056176282,44.10246610928908]}},{"type":"Feature","properties":{"feat_code":"UTTO60","feat_desc":"TOWER (all except transmission line towers) point","zvalue":"49.897","angle":"0.0"},"geometry":{"type":"Point","coordinates":[-66.16829926745697,44.09214578324067]}},{"type":"Feature","properties":{"feat_code":"UTTK60","feat_desc":"TANK (6-15m diameter) point","zvalue":"84.68","angle":"0.0"},"geometry":{"type":"Point","coordinates":[-65.70113698298778,44.11209267170142]}},{"type":"Feature","properties":{"feat_code":"UTTO60","feat_desc":"TOWER (all except transmission line towers) point","zvalue":"45.336","angle":"0.0"},"geometry":{"type":"Point","coordinates":[-64.93551541456713,44.13724865885516]}},{"type":"Feature","properties":{"feat_code":"UTTO60","feat_desc":"TOWER (all except transmission line towers) point","zvalue":"73.789","angle":"0.0"},"geometry":{"type":"Point","coordinates":[-65.9288404906878,44.134664574904164]}},{"type":"Feature","properties":{"feat_code":"UTSS60","feat_desc":"SUBSTATION (transformer) point","zvalue":"64.5","angle":"198.23"},"geometry":{"type":"Point","coordinates":[-64.97721689278914,44.158372890809815]}},{"type":"Feature","properties":{"feat_code":"UTTO60","feat_desc":"TOWER (all except transmission line towers) point","zvalue":"87.349","angle":"0.0"},"geometry":{"type":"Point","coordinates":[-64.6167233231756,44.16696224004744]}},{"type":"Feature","properties":{"feat_code":"UTTO60","feat_desc":"TOWER (all except transmission line towers) point","zvalue":"93.649","angle":"0.0"},"geometry":{"type":"Point","coordinates":[-64.6167690763084,44.16852283496138]}},{"type":"Feature","properties":{"feat_code":"UTTK60","feat_desc":"TANK (6-15m diameter) point","zvalue":"23.1","angle":"0.0"},"geometry":{"type":"Point","coordinates":[-64.66715928429174,44.19092711664505]}},{"type":"Feature","properties":{"feat_code":"UTTO60","feat_desc":"TOWER (all except transmission line towers) point","zvalue":"14.1","angle":"0.0"},"geometry":{"type":"Point","coordinates":[-64.66534807566327,44.194770852093185]}},{"type":"Feature","properties":{"feat_code":"UTTO60","feat_desc":"TOWER (all except transmission line towers) point","zvalue":"60.308","angle":"0.4"},"geometry":{"type":"Point","coordinates":[-66.06084761447924,44.18015673302481]}},{"type":"Feature","properties":{"feat_code":"UTTO60","feat_desc":"TOWER (all except transmission line towers) point","zvalue":"39.443","angle":"0.6"},"geometry":{"type":"Point","coordinates":[-66.16928339091052,44.17967810397117]}},{"type":"Feature","properties":{"feat_code":"UTTK60","feat_desc":"TANK (6-15m diameter) point","zvalue":"15.181","angle":"0.0"},"geometry":{"type":"Point","coordinates":[-66.16474090690951,44.18924045733816]}},{"type":"Feature","properties":{"feat_code":"UTTO60","feat_desc":"TOWER (all except transmission line towers) point","zvalue":"119.262","angle":"-45.4"},"geometry":{"type":"Point","coordinates":[-64.92689310159156,44.22419378709254]}},{"type":"Feature","properties":{"feat_code":"UTTO60","feat_desc":"TOWER (all except transmission line towers) point","zvalue":"97.1","angle":"0.0"},"geometry":{"type":"Point","coordinates":[-64.85924173225564,44.225566394453]}},{"type":"Feature","properties":{"feat_code":"UTTO60","feat_desc":"TOWER (all except transmission line towers) point","zvalue":"49.2","angle":"0.0"},"geometry":{"type":"Point","coordinates":[-66.10547185575552,44.20252596527581]}},{"type":"Feature","properties":{"feat_code":"UTTO60","feat_desc":"TOWER (all except transmission line towers) point","zvalue":"119.6","angle":"0.0"},"geometry":{"type":"Point","coordinates":[-64.55700277173202,44.261002427326275]}},{"type":"Feature","properties":{"feat_code":"UTTO60","feat_desc":"TOWER (all except transmission line towers) point","zvalue":"119.643","angle":"0.0"},"geometry":{"type":"Point","coordinates":[-64.55701315721464,44.26106269590679]}},{"type":"Feature","properties":{"feat_code":"UTTO60","feat_desc":"TOWER (all except transmission line towers) point","zvalue":"99.86","angle":"0.0"},"geometry":{"type":"Point","coordinates":[-64.83409581674746,44.26167029433744]}},{"type":"Feature","properties":{"feat_code":"UTTO60","feat_desc":"TOWER (all except transmission line towers) point","zvalue":"96.7","angle":"0.0"},"geometry":{"type":"Point","coordinates":[-64.55761479124132,44.26776343816694]}},{"type":"Feature","properties":{"feat_code":"UTTO60","feat_desc":"TOWER (all except transmission line towers) point","zvalue":"95.43","angle":"0.0"},"geometry":{"type":"Point","coordinates":[-64.55762653182687,44.26776915699686]}},{"type":"Feature","properties":{"feat_code":"UTTO60","feat_desc":"TOWER (all except transmission line towers) point","zvalue":"95.483","angle":"0.0"},"geometry":{"type":"Point","coordinates":[-64.55762905284506,44.26777068013156]}},{"type":"Feature","properties":{"feat_code":"UTTK60","feat_desc":"TANK (6-15m diameter) point","zvalue":"18.971","angle":"60.06999969"},"geometry":{"type":"Point","coordinates":[-66.12938681232582,44.24086028561326]}},{"type":"Feature","properties":{"feat_code":"UTTO60","feat_desc":"TOWER (all except transmission line towers) point","zvalue":"59.3","angle":"55.0"},"geometry":{"type":"Point","coordinates":[-64.2805203723541,44.27657484387457]}},{"type":"Feature","properties":{"feat_code":"UTTK60","feat_desc":"TANK (6-15m diameter) point","zvalue":"19.107","angle":"58.63999939"},"geometry":{"type":"Point","coordinates":[-66.12942875906583,44.240880003766236]}},{"type":"Feature","properties":{"feat_code":"UTTK60","feat_desc":"TANK (6-15m diameter) point","zvalue":"19.107","angle":"52.90999985"},"geometry":{"type":"Point","coordinates":[-66.12947305415918,44.24090338464921]}},{"type":"Feature","properties":{"feat_code":"UTTK60","feat_desc":"TANK (6-15m diameter) point","zvalue":"19.016","angle":"54.09000015"},"geometry":{"type":"Point","coordinates":[-66.12951724196796,44.240921438823534]}},{"type":"Feature","properties":{"feat_code":"UTTO60","feat_desc":"TOWER (all except transmission line towers) point","zvalue":"58.8","angle":"323.18"},"geometry":{"type":"Point","coordinates":[-64.28014331431366,44.27663849053657]}},{"type":"Feature","properties":{"feat_code":"UTTK60","feat_desc":"TANK (6-15m diameter) point","zvalue":"18.242","angle":"59.49000168"},"geometry":{"type":"Point","coordinates":[-66.12954950397709,44.24094083733116]}},{"type":"Feature","properties":{"feat_code":"UTTO60","feat_desc":"TOWER (all except transmission line towers) point","zvalue":"59.8","angle":"0.0"},"geometry":{"type":"Point","coordinates":[-64.28086778933175,44.27689109534724]}},{"type":"Feature","properties":{"feat_code":"UTTK60","feat_desc":"TANK (6-15m diameter) point","zvalue":"97.694","angle":"0.0"},"geometry":{"type":"Point","coordinates":[-64.83509534900548,44.2699604969704]}},{"type":"Feature","properties":{"feat_code":"UTTK60","feat_desc":"TANK (6-15m diameter) point","zvalue":"89.507","angle":"0.0"},"geometry":{"type":"Point","coordinates":[-64.83707964835119,44.27020116582126]}},{"type":"Feature","properties":{"feat_code":"UTTK60","feat_desc":"TANK (6-15m diameter) point","zvalue":"89.291","angle":"0.0"},"geometry":{"type":"Point","coordinates":[-64.83704273524837,44.270216425463715]}},{"type":"Feature","properties":{"feat_code":"UTTK60","feat_desc":"TANK (6-15m diameter) point","zvalue":"89.561","angle":"0.0"},"geometry":{"type":"Point","coordinates":[-64.83714900064277,44.270236566106384]}},{"type":"Feature","properties":{"feat_code":"UTTK60","feat_desc":"TANK (6-15m diameter) point","zvalue":"85.654","angle":"0.0"},"geometry":{"type":"Point","coordinates":[-64.83522127610911,44.27202150975118]}},{"type":"Feature","properties":{"feat_code":"UTTK60","feat_desc":"TANK (6-15m diameter) point","zvalue":"85.326","angle":"0.0"},"geometry":{"type":"Point","coordinates":[-64.83519063471644,44.2720990224648]}},{"type":"Feature","properties":{"feat_code":"UTTK60","feat_desc":"TANK (6-15m diameter) point","zvalue":"6.4","angle":"0.0"},"geometry":{"type":"Point","coordinates":[-64.35807027901647,44.27977541814005]}},{"type":"Feature","properties":{"feat_code":"UTTO60","feat_desc":"TOWER (all except transmission line towers) point","zvalue":"59.7","angle":"0.0"},"geometry":{"type":"Point","coordinates":[-64.36171396935399,44.28889084958965]}},{"type":"Feature","properties":{"feat_code":"UTTO60","feat_desc":"TOWER (all except transmission line towers) point","zvalue":"107.1","angle":"0.0"},"geometry":{"type":"Point","coordinates":[-65.90218658107618,44.26181556136386]}},{"type":"Feature","properties":{"feat_code":"UTTO60","feat_desc":"TOWER (all except transmission line towers) point","zvalue":"106.781","angle":"0.0"},"geometry":{"type":"Point","coordinates":[-65.90282174371254,44.263385816649226]}},{"type":"Feature","properties":{"feat_code":"UTTO60","feat_desc":"TOWER (all except transmission line towers) point","zvalue":"97.273","angle":"0.0"},"geometry":{"type":"Point","coordinates":[-64.46610510174547,44.29364473859779]}},{"type":"Feature","properties":{"feat_code":"UTTO60","feat_desc":"TOWER (all except transmission line towers) point","zvalue":"101.621","angle":"0.0"},"geometry":{"type":"Point","coordinates":[-65.90224202643428,44.2673189113403]}},{"type":"Feature","properties":{"feat_code":"UTTK60","feat_desc":"TANK (6-15m diameter) point","zvalue":"11.145","angle":"77.84999847"},"geometry":{"type":"Point","coordinates":[-66.13523995371528,44.26240126631362]}},{"type":"Feature","properties":{"feat_code":"UTTK60","feat_desc":"TANK (6-15m diameter) point","zvalue":"11.191","angle":"67.91999817"},"geometry":{"type":"Point","coordinates":[-66.13528651639056,44.26242028824421]}},{"type":"Feature","properties":{"feat_code":"UTTK60","feat_desc":"TANK (6-15m diameter) point","zvalue":"11.33","angle":"68.01000214"},"geometry":{"type":"Point","coordinates":[-66.13532995648141,44.26243359818499]}},{"type":"Feature","properties":{"feat_code":"UTTK60","feat_desc":"TANK (6-15m diameter) point","zvalue":"10.417","angle":"64.72000122"},"geometry":{"type":"Point","coordinates":[-66.13537349481332,44.262449696257505]}},{"type":"Feature","properties":{"feat_code":"UTSS60","feat_desc":"SUBSTATION (transformer) point","zvalue":"15.7","angle":"0.0"},"geometry":{"type":"Point","coordinates":[-64.34959188154525,44.30585041797667]}},{"type":"Feature","properties":{"feat_code":"UTTO60","feat_desc":"TOWER (all except transmission line towers) point","zvalue":"128.28","angle":"0.0"},"geometry":{"type":"Point","coordinates":[-64.7617271283108,44.30700570231452]}},{"type":"Feature","properties":{"feat_code":"UTTK60","feat_desc":"TANK (6-15m diameter) point","zvalue":"27.2","angle":"0.0"},"geometry":{"type":"Point","coordinates":[-66.08860637266372,43.794401347528726]}},{"type":"Feature","properties":{"feat_code":"UTTO60","feat_desc":"TOWER (all except transmission line towers) point","zvalue":"24.1","angle":"0.0"},"geometry":{"type":"Point","coordinates":[-66.12613572205358,43.79345921971008]}},{"type":"Feature","properties":{"feat_code":"UTTO60","feat_desc":"TOWER (all except transmission line towers) point","zvalue":"37.613","angle":"0.0"},"geometry":{"type":"Point","coordinates":[-64.92408481878607,43.82600952466499]}},{"type":"Feature","properties":{"feat_code":"UTTO60","feat_desc":"TOWER (all except transmission line towers) point","zvalue":"40.201","angle":"0.0"},"geometry":{"type":"Point","coordinates":[-65.0401112876323,43.840116316925425]}},{"type":"Feature","properties":{"feat_code":"UTTK60","feat_desc":"TANK (6-15m diameter) point","zvalue":"43.3","angle":"0.0"},"geometry":{"type":"Point","coordinates":[-66.08247224835378,43.82511515584238]}},{"type":"Feature","properties":{"feat_code":"UTTK60","feat_desc":"TANK (6-15m diameter) point","zvalue":"6.1","angle":"0.0"},"geometry":{"type":"Point","coordinates":[-66.12441854456091,43.824038013653]}},{"type":"Feature","properties":{"feat_code":"UTTO60","feat_desc":"TOWER (all except transmission line towers) point","zvalue":"46.8","angle":"0.0"},"geometry":{"type":"Point","coordinates":[-66.09090778976943,43.830276439772504]}},{"type":"Feature","properties":{"feat_code":"UTTK60","feat_desc":"TANK (6-15m diameter) point","zvalue":"39.1","angle":"0.0"},"geometry":{"type":"Point","coordinates":[-66.08837460341807,43.83124351159445]}},{"type":"Feature","properties":{"feat_code":"UTTO60","feat_desc":"TOWER (all except transmission line towers) point","zvalue":"72.9","angle":"0.0"},"geometry":{"type":"Point","coordinates":[-64.98947694825387,43.85878762168899]}},{"type":"Feature","properties":{"feat_code":"UTTO60","feat_desc":"TOWER (all except transmission line towers) point","zvalue":"74.8","angle":"0.0"},"geometry":{"type":"Point","coordinates":[-64.99073384895351,43.85905383746609]}},{"type":"Feature","properties":{"feat_code":"UTTO60","feat_desc":"TOWER (all except transmission line towers) point","zvalue":"74.6","angle":"0.0"},"geometry":{"type":"Point","coordinates":[-64.9921986947728,43.859211972445564]}},{"type":"Feature","properties":{"feat_code":"UTTK60","feat_desc":"TANK (6-15m diameter) point","zvalue":"12.2","angle":"0.0"},"geometry":{"type":"Point","coordinates":[-66.12134395250366,43.83487465480601]}},{"type":"Feature","properties":{"feat_code":"UTTO60","feat_desc":"TOWER (all except transmission line towers) point","zvalue":"10.7","angle":"0.0"},"geometry":{"type":"Point","coordinates":[-65.91236046779741,43.841993630826394]}},{"type":"Feature","properties":{"feat_code":"UTTK60","feat_desc":"TANK (6-15m diameter) point","zvalue":"5.8","angle":"0.0"},"geometry":{"type":"Point","coordinates":[-66.11998237018457,43.84301295849249]}},{"type":"Feature","properties":{"feat_code":"UTTK60","feat_desc":"TANK (6-15m diameter) point","zvalue":"5.8","angle":"0.0"},"geometry":{"type":"Point","coordinates":[-66.11997658285996,43.84306893651266]}},{"type":"Feature","properties":{"feat_code":"UTTK60","feat_desc":"TANK (6-15m diameter) point","zvalue":"5.8","angle":"0.0"},"geometry":{"type":"Point","coordinates":[-66.11989553802098,43.8430891576272]}},{"type":"Feature","properties":{"feat_code":"UTTK60","feat_desc":"TANK (6-15m diameter) point","zvalue":"5.8","angle":"0.0"},"geometry":{"type":"Point","coordinates":[-66.11997169696863,43.84311858765539]}},{"type":"Feature","properties":{"feat_code":"UTTK60","feat_desc":"TANK (6-15m diameter) point","zvalue":"5.8","angle":"0.0"},"geometry":{"type":"Point","coordinates":[-66.11988616481197,43.84314793459363]}},{"type":"Feature","properties":{"feat_code":"UTTK60","feat_desc":"TANK (6-15m diameter) point","zvalue":"5.2","angle":"0.0"},"geometry":{"type":"Point","coordinates":[-66.11996932024675,43.84316817022905]}},{"type":"Feature","properties":{"feat_code":"UTTO60","feat_desc":"TOWER (all except transmission line towers) point","zvalue":"17.85","angle":"0.0"},"geometry":{"type":"Point","coordinates":[-64.90087534600428,43.87886658272797]}},{"type":"Feature","properties":{"feat_code":"UTTK60","feat_desc":"TANK (6-15m diameter) point","zvalue":"15.7","angle":"294.0"},"geometry":{"type":"Point","coordinates":[-65.99300260545704,43.86046178460245]}},{"type":"Feature","properties":{"feat_code":"UTTK60","feat_desc":"TANK (6-15m diameter) point","zvalue":"16.1","angle":"294.0"},"geometry":{"type":"Point","coordinates":[-65.99309053797009,43.86047838631629]}},{"type":"Feature","properties":{"feat_code":"UTTK60","feat_desc":"TANK (6-15m diameter) point","zvalue":"16.7","angle":"294.0"},"geometry":{"type":"Point","coordinates":[-65.99316649403298,43.860504305154116]}},{"type":"Feature","properties":{"feat_code":"UTTK60","feat_desc":"TANK (6-15m diameter) point","zvalue":"17.0","angle":"294.0"},"geometry":{"type":"Point","coordinates":[-65.99297961574307,43.86052450951655]}},{"type":"Feature","properties":{"feat_code":"UTTK60","feat_desc":"TANK (6-15m diameter) point","zvalue":"17.5","angle":"294.0"},"geometry":{"type":"Point","coordinates":[-65.99306759336571,43.860542010388066]}},{"type":"Feature","properties":{"feat_code":"UTTK60","feat_desc":"TANK (6-15m diameter) point","zvalue":"17.0","angle":"294.0"},"geometry":{"type":"Point","coordinates":[-65.9931423068276,43.860567961815434]}},{"type":"Feature","properties":{"feat_code":"UTTK60","feat_desc":"TANK (6-15m diameter) point","zvalue":"16.7","angle":"0.0"},"geometry":{"type":"Point","coordinates":[-66.11038114216718,43.85754320068536]}},{"type":"Feature","properties":{"feat_code":"UTTK60","feat_desc":"TANK (6-15m diameter) point","zvalue":"16.7","angle":"0.0"},"geometry":{"type":"Point","coordinates":[-66.11044300586778,43.85756042198327]}},{"type":"Feature","properties":{"feat_code":"UTTK60","feat_desc":"TANK (6-15m diameter) point","zvalue":"16.7","angle":"0.0"},"geometry":{"type":"Point","coordinates":[-66.11050845668578,43.85757484456015]}},{"type":"Feature","properties":{"feat_code":"UTTK60","feat_desc":"TANK (6-15m diameter) point","zvalue":"16.7","angle":"0.0"},"geometry":{"type":"Point","coordinates":[-66.11057375476037,43.85758657030337]}},{"type":"Feature","properties":{"feat_code":"UTTK60","feat_desc":"TANK (6-15m diameter) point","zvalue":"16.7","angle":"0.0"},"geometry":{"type":"Point","coordinates":[-66.11061739420593,43.857588082284536]}},{"type":"Feature","properties":{"feat_code":"UTTK60","feat_desc":"TANK (6-15m diameter) point","zvalue":"16.4","angle":"0.0"},"geometry":{"type":"Point","coordinates":[-66.11037682155774,43.857603639778254]}},{"type":"Feature","properties":{"feat_code":"UTTK60","feat_desc":"TANK (6-15m diameter) point","zvalue":"16.2","angle":"0.0"},"geometry":{"type":"Point","coordinates":[-66.11043688147434,43.857610106390716]}},{"type":"Feature","properties":{"feat_code":"UTTK60","feat_desc":"TANK (6-15m diameter) point","zvalue":"16.2","angle":"0.0"},"geometry":{"type":"Point","coordinates":[-66.11051773603793,43.857609704193955]}},{"type":"Feature","properties":{"feat_code":"UTTK60","feat_desc":"TANK (6-15m diameter) point","zvalue":"16.2","angle":"0.0"},"geometry":{"type":"Point","coordinates":[-66.11055285286734,43.857615049672795]}},{"type":"Feature","properties":{"feat_code":"UTTK60","feat_desc":"TANK (6-15m diameter) point","zvalue":"16.1","angle":"0.0"},"geometry":{"type":"Point","coordinates":[-66.11060679399087,43.85762348354074]}},{"type":"Feature","properties":{"feat_code":"UTTO60","feat_desc":"TOWER (all except transmission line towers) point","zvalue":"35.892","angle":"0.0"},"geometry":{"type":"Point","coordinates":[-66.04369641669663,43.86094263146511]}},{"type":"Feature","properties":{"feat_code":"UTTO60","feat_desc":"TOWER (all except transmission line towers) point","zvalue":"55.7","angle":"0.0"},"geometry":{"type":"Point","coordinates":[-66.06640155476522,43.87106185496161]}},{"type":"Feature","properties":{"feat_code":"UTTO60","feat_desc":"TOWER (all except transmission line towers) point","zvalue":"46.1","angle":"0.0"},"geometry":{"type":"Point","coordinates":[-65.97014846565231,43.87841409971827]}},{"type":"Feature","properties":{"feat_code":"UTTO60","feat_desc":"TOWER (all except transmission line towers) point","zvalue":"86.2","angle":"0.0"},"geometry":{"type":"Point","coordinates":[-65.38865749455275,43.90761673062305]}},{"type":"Feature","properties":{"feat_code":"UTTO60","feat_desc":"TOWER (all except transmission line towers) point","zvalue":"85.7","angle":"0.0"},"geometry":{"type":"Point","coordinates":[-65.38847541457622,43.9076412463542]}},{"type":"Feature","properties":{"feat_code":"UTTO60","feat_desc":"TOWER (all except transmission line towers) point","zvalue":"44.971","angle":"0.0"},"geometry":{"type":"Point","coordinates":[-66.07547690731174,43.89618208416521]}},{"type":"Feature","properties":{"feat_code":"UTTO60","feat_desc":"TOWER (all except transmission line towers) point","zvalue":"40.233","angle":"0.0"},"geometry":{"type":"Point","coordinates":[-66.0722783877397,43.904766209877764]}},{"type":"Feature","properties":{"feat_code":"UTTO60","feat_desc":"TOWER (all except transmission line towers) point","zvalue":"53.6","angle":"0.0"},"geometry":{"type":"Point","coordinates":[-65.85211229981465,43.916585648649054]}},{"type":"Feature","properties":{"feat_code":"UTTO60","feat_desc":"TOWER (all except transmission line towers) point","zvalue":"39.37","angle":"0.0"},"geometry":{"type":"Point","coordinates":[-66.10174773953649,43.911139546323085]}},{"type":"Feature","properties":{"feat_code":"UTTO60","feat_desc":"TOWER (all except transmission line towers) point","zvalue":"39.166","angle":"0.0"},"geometry":{"type":"Point","coordinates":[-66.10152719996188,43.911156089757164]}},{"type":"Feature","properties":{"feat_code":"UTTO60","feat_desc":"TOWER (all except transmission line towers) point","zvalue":"41.5","angle":"0.0"},"geometry":{"type":"Point","coordinates":[-66.08969536631568,43.916051051951705]}},{"type":"Feature","properties":{"feat_code":"UTTO60","feat_desc":"TOWER (all except transmission line towers) point","zvalue":"33.9","angle":"0.0"},"geometry":{"type":"Point","coordinates":[-64.8318926749784,43.945154345442496]}},{"type":"Feature","properties":{"feat_code":"UTTO60","feat_desc":"TOWER (all except transmission line towers) point","zvalue":"59.3","angle":"0.0"},"geometry":{"type":"Point","coordinates":[-64.83831088585983,43.949202190651135]}},{"type":"Feature","properties":{"feat_code":"UTTO60","feat_desc":"TOWER (all except transmission line towers) point","zvalue":"51.101","angle":"0.0"},"geometry":{"type":"Point","coordinates":[-65.79502026588816,43.931711374376704]}},{"type":"Feature","properties":{"feat_code":"UTTO60","feat_desc":"TOWER (all except transmission line towers) point","zvalue":"1.809","angle":"0.0"},"geometry":{"type":"Point","coordinates":[-60.002457104769526,43.929918599988476]}},{"type":"Feature","properties":{"feat_code":"UTTO60","feat_desc":"TOWER (all except transmission line towers) point","zvalue":"2.945","angle":"0.0"},"geometry":{"type":"Point","coordinates":[-60.00369702198297,43.92996014230034]}},{"type":"Feature","properties":{"feat_code":"UTTO60","feat_desc":"TOWER (all except transmission line towers) point","zvalue":"1.58","angle":"0.0"},"geometry":{"type":"Point","coordinates":[-60.00267584774252,43.92997260890038]}},{"type":"Feature","properties":{"feat_code":"UTTO60","feat_desc":"TOWER (all except transmission line towers) point","zvalue":"3.091","angle":"0.0"},"geometry":{"type":"Point","coordinates":[-60.00392728557043,43.93008489178903]}},{"type":"Feature","properties":{"feat_code":"UTTO60","feat_desc":"TOWER (all except transmission line towers) point","zvalue":"2.056","angle":"0.0"},"geometry":{"type":"Point","coordinates":[-60.00231252133183,43.930058385933954]}},{"type":"Feature","properties":{"feat_code":"UTTO60","feat_desc":"TOWER (all except transmission line towers) point","zvalue":"6.8","angle":"0.0"},"geometry":{"type":"Point","coordinates":[-60.022882652830134,43.93091111940137]}},{"type":"Feature","properties":{"feat_code":"UTTK60","feat_desc":"TANK (6-15m diameter) point","zvalue":"7.737","angle":"0.0"},"geometry":{"type":"Point","coordinates":[-65.63426290465958,43.44635338625978]}},{"type":"Feature","properties":{"feat_code":"UTTO60","feat_desc":"TOWER (all except transmission line towers) point","zvalue":"15.774","angle":"0.0"},"geometry":{"type":"Point","coordinates":[-65.47818400594821,43.49151846189289]}},{"type":"Feature","properties":{"feat_code":"UTTO60","feat_desc":"TOWER (all except transmission line towers) point","zvalue":"17.813","angle":"0.0"},"geometry":{"type":"Point","coordinates":[-65.6728367116933,43.50803151821008]}},{"type":"Feature","properties":{"feat_code":"UTTO60","feat_desc":"TOWER (all except transmission line towers) point","zvalue":"3.45","angle":"0.0"},"geometry":{"type":"Point","coordinates":[-65.77639781717897,43.50734796479933]}},{"type":"Feature","properties":{"feat_code":"UTTK60","feat_desc":"TANK (6-15m diameter) point","zvalue":"6.719","angle":"0.0"},"geometry":{"type":"Point","coordinates":[-65.61665857570887,43.519451566555915]}},{"type":"Feature","properties":{"feat_code":"UTTK60","feat_desc":"TANK (6-15m diameter) point","zvalue":"7.263","angle":"0.0"},"geometry":{"type":"Point","coordinates":[-65.73804617508412,43.517115974984264]}},{"type":"Feature","properties":{"feat_code":"UTTO60","feat_desc":"TOWER (all except transmission line towers) point","zvalue":"22.774","angle":"0.0"},"geometry":{"type":"Point","coordinates":[-65.41002340775786,43.566096371925724]}},{"type":"Feature","properties":{"feat_code":"UTTO60","feat_desc":"TOWER (all except transmission line towers) point","zvalue":"42.213","angle":"0.0"},"geometry":{"type":"Point","coordinates":[-65.5406868023222,43.571082951467915]}},{"type":"Feature","properties":{"feat_code":"UTTO60","feat_desc":"TOWER (all except transmission line towers) point","zvalue":"39.6","angle":"0.0"},"geometry":{"type":"Point","coordinates":[-65.53973307453757,43.573713446534676]}},{"type":"Feature","properties":{"feat_code":"UTTK60","feat_desc":"TANK (6-15m diameter) point","zvalue":"6.88","angle":"0.0"},"geometry":{"type":"Point","coordinates":[-65.782461806055,43.57389045735118]}},{"type":"Feature","properties":{"feat_code":"UTTK60","feat_desc":"TANK (6-15m diameter) point","zvalue":"6.78","angle":"0.0"},"geometry":{"type":"Point","coordinates":[-65.78232667119049,43.573896044615516]}},{"type":"Feature","properties":{"feat_code":"UTTK60","feat_desc":"TANK (6-15m diameter) point","zvalue":"6.83","angle":"0.0"},"geometry":{"type":"Point","coordinates":[-65.782425067503,43.573895655909546]}},{"type":"Feature","properties":{"feat_code":"UTTK60","feat_desc":"TANK (6-15m diameter) point","zvalue":"6.755","angle":"0.0"},"geometry":{"type":"Point","coordinates":[-65.78238531839364,43.573896795109185]}},{"type":"Feature","properties":{"feat_code":"UTTK60","feat_desc":"TANK (6-15m diameter) point","zvalue":"6.68","angle":"0.0"},"geometry":{"type":"Point","coordinates":[-65.78231491162978,43.5739241072582]}},{"type":"Feature","properties":{"feat_code":"UTTK60","feat_desc":"TANK (6-15m diameter) point","zvalue":"6.505","angle":"0.0"},"geometry":{"type":"Point","coordinates":[-65.78236647247786,43.57392479625644]}},{"type":"Feature","properties":{"feat_code":"UTTK60","feat_desc":"TANK (6-15m diameter) point","zvalue":"6.58","angle":"0.0"},"geometry":{"type":"Point","coordinates":[-65.78245264376744,43.57392355280861]}},{"type":"Feature","properties":{"feat_code":"UTTK60","feat_desc":"TANK (6-15m diameter) point","zvalue":"6.505","angle":"0.0"},"geometry":{"type":"Point","coordinates":[-65.78240627713484,43.57392486219841]}},{"type":"Feature","properties":{"feat_code":"UTTK60","feat_desc":"TANK (6-15m diameter) point","zvalue":"6.605","angle":"0.0"},"geometry":{"type":"Point","coordinates":[-65.78219885033191,43.573943995801116]}},{"type":"Feature","properties":{"feat_code":"UTTK60","feat_desc":"TANK (6-15m diameter) point","zvalue":"7.255","angle":"0.0"},"geometry":{"type":"Point","coordinates":[-65.78226198372727,43.57418295449268]}},{"type":"Feature","properties":{"feat_code":"UTTK60","feat_desc":"TANK (6-15m diameter) point","zvalue":"5.33","angle":"0.0"},"geometry":{"type":"Point","coordinates":[-65.78331338108556,43.57424729846969]}},{"type":"Feature","properties":{"feat_code":"UTTK60","feat_desc":"TANK (6-15m diameter) point","zvalue":"5.455","angle":"0.0"},"geometry":{"type":"Point","coordinates":[-65.7833510348333,43.57425093690976]}},{"type":"Feature","properties":{"feat_code":"UTTK60","feat_desc":"TANK (6-15m diameter) point","zvalue":"4.98","angle":"0.0"},"geometry":{"type":"Point","coordinates":[-65.78329474633557,43.574270738780996]}},{"type":"Feature","properties":{"feat_code":"UTTK60","feat_desc":"TANK (6-15m diameter) point","zvalue":"6.092","angle":"0.0"},"geometry":{"type":"Point","coordinates":[-65.78286412396419,43.57428262514831]}},{"type":"Feature","properties":{"feat_code":"UTTK60","feat_desc":"TANK (6-15m diameter) point","zvalue":"5.255","angle":"0.0"},"geometry":{"type":"Point","coordinates":[-65.78333411281116,43.574275532982206]}},{"type":"Feature","properties":{"feat_code":"UTTK60","feat_desc":"TANK (6-15m diameter) point","zvalue":"5.73","angle":"0.0"},"geometry":{"type":"Point","coordinates":[-65.782728832243,43.57431734349151]}},{"type":"Feature","properties":{"feat_code":"UTTK60","feat_desc":"TANK (6-15m diameter) point","zvalue":"5.805","angle":"0.0"},"geometry":{"type":"Point","coordinates":[-65.78320404921021,43.574336622224976]}},{"type":"Feature","properties":{"feat_code":"UTTK60","feat_desc":"TANK (6-15m diameter) point","zvalue":"6.08","angle":"0.0"},"geometry":{"type":"Point","coordinates":[-65.7831696672252,43.57434459075351]}},{"type":"Feature","properties":{"feat_code":"UTTK60","feat_desc":"TANK (6-15m diameter) point","zvalue":"5.855","angle":"0.0"},"geometry":{"type":"Point","coordinates":[-65.7832074646279,43.57436907817348]}},{"type":"Feature","properties":{"feat_code":"UTTK60","feat_desc":"TANK (6-15m diameter) point","zvalue":"5.88","angle":"0.0"},"geometry":{"type":"Point","coordinates":[-65.78315557324325,43.57439105076997]}},{"type":"Feature","properties":{"feat_code":"UTTK60","feat_desc":"TANK (6-15m diameter) point","zvalue":"5.755","angle":"0.0"},"geometry":{"type":"Point","coordinates":[-65.78320392374897,43.57439569817007]}},{"type":"Feature","properties":{"feat_code":"UTTK60","feat_desc":"TANK (6-15m diameter) point","zvalue":"5.905","angle":"0.0"},"geometry":{"type":"Point","coordinates":[-65.78316210006619,43.57441981145396]}},{"type":"Feature","properties":{"feat_code":"UTTK60","feat_desc":"TANK (6-15m diameter) point","zvalue":"5.805","angle":"0.0"},"geometry":{"type":"Point","coordinates":[-65.78320740073718,43.5744235787687]}},{"type":"Feature","properties":{"feat_code":"UTTK60","feat_desc":"TANK (6-15m diameter) point","zvalue":"5.955","angle":"0.0"},"geometry":{"type":"Point","coordinates":[-65.78307347068011,43.575408130395175]}},{"type":"Feature","properties":{"feat_code":"UTTO60","feat_desc":"TOWER (all except transmission line towers) point","zvalue":"62.5","angle":"0.0"},"geometry":{"type":"Point","coordinates":[-65.63174830404905,43.58395431072754]}},{"type":"Feature","properties":{"feat_code":"UTTK60","feat_desc":"TANK (6-15m diameter) point","zvalue":"8.332","angle":"0.0"},"geometry":{"type":"Point","coordinates":[-65.4328320357671,43.5885337177958]}},{"type":"Feature","properties":{"feat_code":"UTTK60","feat_desc":"TANK (6-15m diameter) point","zvalue":"11.452","angle":"0.0"},"geometry":{"type":"Point","coordinates":[-65.43191588409707,43.58916505309214]}},{"type":"Feature","properties":{"feat_code":"UTTK60","feat_desc":"TANK (6-15m diameter) point","zvalue":"11.894","angle":"0.0"},"geometry":{"type":"Point","coordinates":[-65.43211868741419,43.58917184696307]}},{"type":"Feature","properties":{"feat_code":"UTTK60","feat_desc":"TANK (6-15m diameter) point","zvalue":"11.894","angle":"0.0"},"geometry":{"type":"Point","coordinates":[-65.43231834566593,43.589219251306176]}},{"type":"Feature","properties":{"feat_code":"UTTK60","feat_desc":"TANK (6-15m diameter) point","zvalue":"12.934","angle":"0.0"},"geometry":{"type":"Point","coordinates":[-65.4324158398556,43.58923265324562]}},{"type":"Feature","properties":{"feat_code":"UTTK60","feat_desc":"TANK (6-15m diameter) point","zvalue":"12.206","angle":"0.0"},"geometry":{"type":"Point","coordinates":[-65.4322468756882,43.58925623850739]}},{"type":"Feature","properties":{"feat_code":"UTTK60","feat_desc":"TANK (6-15m diameter) point","zvalue":"10.23","angle":"0.0"},"geometry":{"type":"Point","coordinates":[-65.43229033498542,43.58927973152808]}},{"type":"Feature","properties":{"feat_code":"UTTK60","feat_desc":"TANK (6-15m diameter) point","zvalue":"11.374","angle":"0.0"},"geometry":{"type":"Point","coordinates":[-65.43241744831256,43.58936264213571]}},{"type":"Feature","properties":{"feat_code":"UTTK60","feat_desc":"TANK (6-15m diameter) point","zvalue":"14.26","angle":"0.0"},"geometry":{"type":"Point","coordinates":[-65.43191389536221,43.58944499495668]}},{"type":"Feature","properties":{"feat_code":"UTTO60","feat_desc":"TOWER (all except transmission line towers) point","zvalue":"63.6","angle":"0.0"},"geometry":{"type":"Point","coordinates":[-65.63493719917908,43.58695106359639]}},{"type":"Feature","properties":{"feat_code":"UTTK60","feat_desc":"TANK (6-15m diameter) point","zvalue":"10.889","angle":"0.0"},"geometry":{"type":"Point","coordinates":[-65.47035365220168,43.598882701628774]}},{"type":"Feature","properties":{"feat_code":"UTTK60","feat_desc":"TANK (6-15m diameter) point","zvalue":"10.875","angle":"0.0"},"geometry":{"type":"Point","coordinates":[-65.47033946183262,43.59891284678705]}},{"type":"Feature","properties":{"feat_code":"UTTK60","feat_desc":"TANK (6-15m diameter) point","zvalue":"10.875","angle":"0.0"},"geometry":{"type":"Point","coordinates":[-65.47032738819911,43.59894234292709]}},{"type":"Feature","properties":{"feat_code":"UTTK60","feat_desc":"TANK (6-15m diameter) point","zvalue":"10.875","angle":"0.0"},"geometry":{"type":"Point","coordinates":[-65.4703158950583,43.59897300600246]}},{"type":"Feature","properties":{"feat_code":"UTTK60","feat_desc":"TANK (6-15m diameter) point","zvalue":"10.875","angle":"0.0"},"geometry":{"type":"Point","coordinates":[-65.47030410564948,43.59900309024025]}},{"type":"Feature","properties":{"feat_code":"UTTO60","feat_desc":"TOWER (all except transmission line towers) point","zvalue":"6.502","angle":"3.9"},"geometry":{"type":"Point","coordinates":[-65.80484813476495,43.59394927177653]}},{"type":"Feature","properties":{"feat_code":"UTTK60","feat_desc":"TANK (6-15m diameter) point","zvalue":"9.09","angle":"0.0"},"geometry":{"type":"Point","coordinates":[-65.77403477373132,43.606112480428955]}},{"type":"Feature","properties":{"feat_code":"UTTK60","feat_desc":"TANK (6-15m diameter) point","zvalue":"9.165","angle":"0.0"},"geometry":{"type":"Point","coordinates":[-65.77411784249658,43.606115244080264]}},{"type":"Feature","properties":{"feat_code":"UTTK60","feat_desc":"TANK (6-15m diameter) point","zvalue":"9.24","angle":"0.0"},"geometry":{"type":"Point","coordinates":[-65.77410362723106,43.60617228499859]}},{"type":"Feature","properties":{"feat_code":"UTTK60","feat_desc":"TANK (6-15m diameter) point","zvalue":"8.0","angle":"0.0"},"geometry":{"type":"Point","coordinates":[-65.7737269603382,43.606215195067094]}},{"type":"Feature","properties":{"feat_code":"UTTK60","feat_desc":"TANK (6-15m diameter) point","zvalue":"6.7","angle":"0.0"},"geometry":{"type":"Point","coordinates":[-65.77402582294822,43.60627456461614]}},{"type":"Feature","properties":{"feat_code":"UTTO60","feat_desc":"TOWER (all except transmission line towers) point","zvalue":"20.275","angle":"0.0"},"geometry":{"type":"Point","coordinates":[-63.2933026731264,44.648882274727285]}},{"type":"Feature","properties":{"feat_code":"UTTO60","feat_desc":"TOWER (all except transmission line towers) point","zvalue":"14.375","angle":"0.0"},"geometry":{"type":"Point","coordinates":[-63.29401537221559,44.64997468470372]}},{"type":"Feature","properties":{"feat_code":"UTTO60","feat_desc":"TOWER (all except transmission line towers) point","zvalue":"60.39","angle":"0.0"},"geometry":{"type":"Point","coordinates":[-63.90544154357245,44.647335449367134]}},{"type":"Feature","properties":{"feat_code":"UTTO60","feat_desc":"TOWER (all except transmission line towers) point","zvalue":"113.933","angle":"0.0"},"geometry":{"type":"Point","coordinates":[-63.671577602317704,44.650713905160615]}},{"type":"Feature","properties":{"feat_code":"UTTO60","feat_desc":"TOWER (all except transmission line towers) point","zvalue":"138.05","angle":"-7.2"},"geometry":{"type":"Point","coordinates":[-63.65708886141864,44.65080532519673]}},{"type":"Feature","properties":{"feat_code":"UTTO60","feat_desc":"TOWER (all except transmission line towers) point","zvalue":"137.94","angle":"1.9"},"geometry":{"type":"Point","coordinates":[-63.657174001535274,44.650884597203905]}},{"type":"Feature","properties":{"feat_code":"UTTO60","feat_desc":"TOWER (all except transmission line towers) point","zvalue":"143.021","angle":"0.0"},"geometry":{"type":"Point","coordinates":[-63.66371439219893,44.65134022690296]}},{"type":"Feature","properties":{"feat_code":"UTTK60","feat_desc":"TANK (6-15m diameter) point","zvalue":"27.975","angle":"0.0"},"geometry":{"type":"Point","coordinates":[-63.54857273870197,44.6530192356798]}},{"type":"Feature","properties":{"feat_code":"UTTK60","feat_desc":"TANK (6-15m diameter) point","zvalue":"28.475","angle":"0.0"},"geometry":{"type":"Point","coordinates":[-63.5486936997117,44.653231833102275]}},{"type":"Feature","properties":{"feat_code":"UTTK60","feat_desc":"TANK (6-15m diameter) point","zvalue":"28.625","angle":"0.0"},"geometry":{"type":"Point","coordinates":[-63.54864483466308,44.6532579499603]}},{"type":"Feature","properties":{"feat_code":"UTTK60","feat_desc":"TANK (6-15m diameter) point","zvalue":"28.825","angle":"0.0"},"geometry":{"type":"Point","coordinates":[-63.548734346088075,44.65327840564745]}},{"type":"Feature","properties":{"feat_code":"UTTK60","feat_desc":"TANK (6-15m diameter) point","zvalue":"28.9","angle":"0.0"},"geometry":{"type":"Point","coordinates":[-63.45825286281812,44.654132232113305]}},{"type":"Feature","properties":{"feat_code":"UTTK60","feat_desc":"TANK (6-15m diameter) point","zvalue":"29.675","angle":"0.0"},"geometry":{"type":"Point","coordinates":[-63.45852515133706,44.65426704054167]}},{"type":"Feature","properties":{"feat_code":"UTTK60","feat_desc":"TANK (6-15m diameter) point","zvalue":"13.3","angle":"0.0"},"geometry":{"type":"Point","coordinates":[-63.5816231766057,44.65509321073465]}},{"type":"Feature","properties":{"feat_code":"UTTO60","feat_desc":"TOWER (all except transmission line towers) point","zvalue":"178.45","angle":"0.0"},"geometry":{"type":"Point","coordinates":[-65.51468106190194,44.63086793629619]}},{"type":"Feature","properties":{"feat_code":"UTTK60","feat_desc":"TANK (6-15m diameter) point","zvalue":"14.4","angle":"0.1"},"geometry":{"type":"Point","coordinates":[-63.583906737708375,44.65753914118129]}},{"type":"Feature","properties":{"feat_code":"UTTO60","feat_desc":"TOWER (all except transmission line towers) point","zvalue":"184.346","angle":"0.0"},"geometry":{"type":"Point","coordinates":[-64.27900408770077,44.65289913674154]}},{"type":"Feature","properties":{"feat_code":"UTTK60","feat_desc":"TANK (6-15m diameter) point","zvalue":"34.515","angle":"0.0"},"geometry":{"type":"Point","coordinates":[-65.76733583215446,44.62666517824297]}},{"type":"Feature","properties":{"feat_code":"UTTK60","feat_desc":"TANK (6-15m diameter) point","zvalue":"34.515","angle":"0.0"},"geometry":{"type":"Point","coordinates":[-65.76729336833964,44.62669128853645]}},{"type":"Feature","properties":{"feat_code":"UTTK60","feat_desc":"TANK (6-15m diameter) point","zvalue":"34.515","angle":"0.0"},"geometry":{"type":"Point","coordinates":[-65.7673461649707,44.626705123261615]}},{"type":"Feature","properties":{"feat_code":"UTTK60","feat_desc":"TANK (6-15m diameter) point","zvalue":"34.515","angle":"0.0"},"geometry":{"type":"Point","coordinates":[-65.76724358557445,44.626714857569354]}},{"type":"Feature","properties":{"feat_code":"UTTK60","feat_desc":"TANK (6-15m diameter) point","zvalue":"34.515","angle":"0.0"},"geometry":{"type":"Point","coordinates":[-65.7672984033656,44.62673514301784]}},{"type":"Feature","properties":{"feat_code":"UTTK60","feat_desc":"TANK (6-15m diameter) point","zvalue":"34.515","angle":"0.0"},"geometry":{"type":"Point","coordinates":[-65.7672577539556,44.62676123630821]}},{"type":"Feature","properties":{"feat_code":"UTTO60","feat_desc":"TOWER (all except transmission line towers) point","zvalue":"219.901","angle":"0.0"},"geometry":{"type":"Point","coordinates":[-64.88443065341646,44.64537857042878]}},{"type":"Feature","properties":{"feat_code":"UTTO60","feat_desc":"TOWER (all except transmission line towers) point","zvalue":"65.3","angle":"0.0"},"geometry":{"type":"Point","coordinates":[-63.541200482007795,44.66047944406891]}},{"type":"Feature","properties":{"feat_code":"UTTO60","feat_desc":"TOWER (all except transmission line towers) point","zvalue":"187.0","angle":"359.12"},"geometry":{"type":"Point","coordinates":[-64.27843411800788,44.65466415581351]}},{"type":"Feature","properties":{"feat_code":"UTTO60","feat_desc":"TOWER (all except transmission line towers) point","zvalue":"11.0","angle":"0.0"},"geometry":{"type":"Point","coordinates":[-63.37972391492574,44.66225053518702]}},{"type":"Feature","properties":{"feat_code":"UTTK60","feat_desc":"TANK (6-15m diameter) point","zvalue":"15.6","angle":"0.0"},"geometry":{"type":"Point","coordinates":[-65.767526434009,44.63066324253456]}},{"type":"Feature","properties":{"feat_code":"UTTO60","feat_desc":"TOWER (all except transmission line towers) point","zvalue":"94.66","angle":"0.0"},"geometry":{"type":"Point","coordinates":[-63.75761622767855,44.662912794771465]}},{"type":"Feature","properties":{"feat_code":"UTTO60","feat_desc":"TOWER (all except transmission line towers) point","zvalue":"40.17","angle":"0.0"},"geometry":{"type":"Point","coordinates":[-63.61619273196352,44.66458245584977]}},{"type":"Feature","properties":{"feat_code":"UTTO60","feat_desc":"TOWER (all except transmission line towers) point","zvalue":"3.68","angle":"0.0"},"geometry":{"type":"Point","coordinates":[-63.62432364260566,44.66461598747248]}},{"type":"Feature","properties":{"feat_code":"UTTO60","feat_desc":"TOWER (all except transmission line towers) point","zvalue":"40.08","angle":"0.0"},"geometry":{"type":"Point","coordinates":[-65.77988171995018,44.63273095785145]}},{"type":"Feature","properties":{"feat_code":"UTTO60","feat_desc":"TOWER (all except transmission line towers) point","zvalue":"5.3","angle":"0.0"},"geometry":{"type":"Point","coordinates":[-63.62250286480698,44.665594320104304]}},{"type":"Feature","properties":{"feat_code":"UTTO60","feat_desc":"TOWER (all except transmission line towers) point","zvalue":"43.4","angle":"0.0"},"geometry":{"type":"Point","coordinates":[-65.77745724667706,44.634260597439734]}},{"type":"Feature","properties":{"feat_code":"UTTO60","feat_desc":"TOWER (all except transmission line towers) point","zvalue":"43.8","angle":"0.0"},"geometry":{"type":"Point","coordinates":[-65.77712013542994,44.63443534512321]}},{"type":"Feature","properties":{"feat_code":"UTTO60","feat_desc":"TOWER (all except transmission line towers) point","zvalue":"10.35","angle":"0.0"},"geometry":{"type":"Point","coordinates":[-63.621715674882026,44.66744419999603]}},{"type":"Feature","properties":{"feat_code":"UTTK60","feat_desc":"TANK (6-15m diameter) point","zvalue":"6.1","angle":"0.0"},"geometry":{"type":"Point","coordinates":[-63.37572983763248,44.66900853640976]}},{"type":"Feature","properties":{"feat_code":"UTTO60","feat_desc":"TOWER (all except transmission line towers) point","zvalue":"161.364","angle":"0.0"},"geometry":{"type":"Point","coordinates":[-65.5159918744118,44.642915824173336]}},{"type":"Feature","properties":{"feat_code":"UTTO60","feat_desc":"TOWER (all except transmission line towers) point","zvalue":"46.2","angle":"0.0"},"geometry":{"type":"Point","coordinates":[-63.4713665489858,44.67114016489544]}},{"type":"Feature","properties":{"feat_code":"UTTO60","feat_desc":"TOWER (all except transmission line towers) point","zvalue":"45.93","angle":"7.1"},"geometry":{"type":"Point","coordinates":[-63.47136809033246,44.67125405744992]}},{"type":"Feature","properties":{"feat_code":"UTTO60","feat_desc":"TOWER (all except transmission line towers) point","zvalue":"4.99","angle":"0.0"},"geometry":{"type":"Point","coordinates":[-63.621720699262305,44.670722772692855]}},{"type":"Feature","properties":{"feat_code":"UTTK60","feat_desc":"TANK (6-15m diameter) point","zvalue":"38.125","angle":"0.0"},"geometry":{"type":"Point","coordinates":[-63.47883445843703,44.67191687869069]}},{"type":"Feature","properties":{"feat_code":"UTTK60","feat_desc":"TANK (6-15m diameter) point","zvalue":"37.975","angle":"0.0"},"geometry":{"type":"Point","coordinates":[-63.47880552558207,44.67191943965521]}},{"type":"Feature","properties":{"feat_code":"UTTK60","feat_desc":"TANK (6-15m diameter) point","zvalue":"21.68","angle":"141.16000366"},"geometry":{"type":"Point","coordinates":[-63.60266141186229,44.67187389416706]}},{"type":"Feature","properties":{"feat_code":"UTTO60","feat_desc":"TOWER (all except transmission line towers) point","zvalue":"8.42","angle":"0.0"},"geometry":{"type":"Point","coordinates":[-63.619730015718126,44.67282701973043]}},{"type":"Feature","properties":{"feat_code":"UTTO60","feat_desc":"TOWER (all except transmission line towers) point","zvalue":"66.347","angle":"0.0"},"geometry":{"type":"Point","coordinates":[-63.958932391461374,44.67219362049228]}},{"type":"Feature","properties":{"feat_code":"UTTO60","feat_desc":"TOWER (all except transmission line towers) point","zvalue":"34.3","angle":"0.0"},"geometry":{"type":"Point","coordinates":[-63.561556028289,44.67657446358425]}},{"type":"Feature","properties":{"feat_code":"UTTO60","feat_desc":"TOWER (all except transmission line towers) point","zvalue":"204.94","angle":"0.0"},"geometry":{"type":"Point","coordinates":[-64.63978417422882,44.6688477104395]}},{"type":"Feature","properties":{"feat_code":"UTTO60","feat_desc":"TOWER (all except transmission line towers) point","zvalue":"87.42","angle":"1.1"},"geometry":{"type":"Point","coordinates":[-63.80570497253255,44.67948536581894]}},{"type":"Feature","properties":{"feat_code":"UTTO60","feat_desc":"TOWER (all except transmission line towers) point","zvalue":"86.734","angle":"0.0"},"geometry":{"type":"Point","coordinates":[-63.805322896315616,44.679968195970275]}},{"type":"Feature","properties":{"feat_code":"UTSS60","feat_desc":"SUBSTATION (transformer) point","zvalue":"23.35","angle":"0.0"},"geometry":{"type":"Point","coordinates":[-65.63181902096693,44.65417048868533]}},{"type":"Feature","properties":{"feat_code":"UTTO60","feat_desc":"TOWER (all except transmission line towers) point","zvalue":"72.843","angle":"0.0"},"geometry":{"type":"Point","coordinates":[-63.68082842534644,44.68259456275218]}},{"type":"Feature","properties":{"feat_code":"UTTK60","feat_desc":"TANK (6-15m diameter) point","zvalue":"20.263","angle":"0.0"},"geometry":{"type":"Point","coordinates":[-65.6275499538217,44.65443497335945]}},{"type":"Feature","properties":{"feat_code":"UTTK60","feat_desc":"TANK (6-15m diameter) point","zvalue":"20.438","angle":"0.0"},"geometry":{"type":"Point","coordinates":[-65.6275653297701,44.654462643677576]}},{"type":"Feature","properties":{"feat_code":"UTTO60","feat_desc":"TOWER (all except transmission line towers) point","zvalue":"73.24","angle":"0.0"},"geometry":{"type":"Point","coordinates":[-63.68088207456553,44.6828161165837]}},{"type":"Feature","properties":{"feat_code":"UTTK60","feat_desc":"TANK (6-15m diameter) point","zvalue":"26.363","angle":"0.0"},"geometry":{"type":"Point","coordinates":[-65.62805961249829,44.654700961076564]}},{"type":"Feature","properties":{"feat_code":"UTTK60","feat_desc":"TANK (6-15m diameter) point","zvalue":"25.933","angle":"0.0"},"geometry":{"type":"Point","coordinates":[-65.6280272540118,44.654708034839175]}},{"type":"Feature","properties":{"feat_code":"UTTK60","feat_desc":"TANK (6-15m diameter) point","zvalue":"17.5","angle":"0.0"},"geometry":{"type":"Point","coordinates":[-65.62716002008123,44.65541719376636]}},{"type":"Feature","properties":{"feat_code":"UTTO60","feat_desc":"TOWER (all except transmission line towers) point","zvalue":"32.62","angle":"0.0"},"geometry":{"type":"Point","coordinates":[-63.61005555632269,44.684030327364596]}},{"type":"Feature","properties":{"feat_code":"UTTK60","feat_desc":"TANK (6-15m diameter) point","zvalue":"17.3","angle":"0.0"},"geometry":{"type":"Point","coordinates":[-65.62718554301489,44.655479622681746]}},{"type":"Feature","properties":{"feat_code":"UTTO60","feat_desc":"TOWER (all except transmission line towers) point","zvalue":"33.76","angle":"0.0"},"geometry":{"type":"Point","coordinates":[-63.609833896882314,44.68410740160651]}},{"type":"Feature","properties":{"feat_code":"UTTK60","feat_desc":"TANK (6-15m diameter) point","zvalue":"18.325","angle":"0.0"},"geometry":{"type":"Point","coordinates":[-65.62862755024321,44.65549073817583]}},{"type":"Feature","properties":{"feat_code":"UTTK60","feat_desc":"TANK (6-15m diameter) point","zvalue":"16.263","angle":"0.0"},"geometry":{"type":"Point","coordinates":[-65.62989114880082,44.65600780946005]}},{"type":"Feature","properties":{"feat_code":"UTTO60","feat_desc":"TOWER (all except transmission line towers) point","zvalue":"219.376","angle":"163.62"},"geometry":{"type":"Point","coordinates":[-64.85862961660641,44.6712019418175]}},{"type":"Feature","properties":{"feat_code":"UTTO60","feat_desc":"TOWER (all except transmission line towers) point","zvalue":"28.6","angle":"31.0"},"geometry":{"type":"Point","coordinates":[-63.6102108776485,44.6848101874476]}},{"type":"Feature","properties":{"feat_code":"UTSS60","feat_desc":"SUBSTATION (transformer) point","zvalue":"113.35","angle":"-16.8"},"geometry":{"type":"Point","coordinates":[-63.510895756740055,44.68655943279381]}},{"type":"Feature","properties":{"feat_code":"UTTO60","feat_desc":"TOWER (all except transmission line towers) point","zvalue":"28.338","angle":"0.0"},"geometry":{"type":"Point","coordinates":[-63.439456448360815,44.68730311597081]}},{"type":"Feature","properties":{"feat_code":"UTTK60","feat_desc":"TANK (6-15m diameter) point","zvalue":"13.4","angle":"0.0"},"geometry":{"type":"Point","coordinates":[-63.598810487536355,44.69163440603589]}},{"type":"Feature","properties":{"feat_code":"UTTO60","feat_desc":"TOWER (all except transmission line towers) point","zvalue":"148.775","angle":"0.0"},"geometry":{"type":"Point","coordinates":[-65.77037531351299,44.6597494341728]}},{"type":"Feature","properties":{"feat_code":"UTTK60","feat_desc":"TANK (6-15m diameter) point","zvalue":"68.8","angle":"0.0"},"geometry":{"type":"Point","coordinates":[-63.58561232872884,44.69237335358831]}},{"type":"Feature","properties":{"feat_code":"UTTK60","feat_desc":"TANK (6-15m diameter) point","zvalue":"69.2","angle":"0.0"},"geometry":{"type":"Point","coordinates":[-63.58558822247618,44.69240706518089]}},{"type":"Feature","properties":{"feat_code":"UTTK60","feat_desc":"TANK (6-15m diameter) point","zvalue":"21.2","angle":"0.0"},"geometry":{"type":"Point","coordinates":[-63.45456422320957,44.693032427802926]}},{"type":"Feature","properties":{"feat_code":"UTTO60","feat_desc":"TOWER (all except transmission line towers) point","zvalue":"51.56","angle":"59.8"},"geometry":{"type":"Point","coordinates":[-63.592918067899106,44.69621397524036]}},{"type":"Feature","properties":{"feat_code":"UTTO60","feat_desc":"TOWER (all except transmission line towers) point","zvalue":"89.79","angle":"0.0"},"geometry":{"type":"Point","coordinates":[-63.532891449207355,44.69664136447917]}},{"type":"Feature","properties":{"feat_code":"UTTO60","feat_desc":"TOWER (all except transmission line towers) point","zvalue":"96.76","angle":"17.2"},"geometry":{"type":"Point","coordinates":[-63.51088522808568,44.697836348643776]}},{"type":"Feature","properties":{"feat_code":"UTTO60","feat_desc":"TOWER (all except transmission line towers) point","zvalue":"56.162","angle":"0.0"},"geometry":{"type":"Point","coordinates":[-63.69565489519228,44.699116923978856]}},{"type":"Feature","properties":{"feat_code":"UTTK60","feat_desc":"TANK (6-15m diameter) point","zvalue":"53.813","angle":"0.0"},"geometry":{"type":"Point","coordinates":[-63.592189227140516,44.700562098377446]}},{"type":"Feature","properties":{"feat_code":"UTTK60","feat_desc":"TANK (6-15m diameter) point","zvalue":"57.338","angle":"0.0"},"geometry":{"type":"Point","coordinates":[-63.59262254746856,44.70091437396566]}},{"type":"Feature","properties":{"feat_code":"UTTK60","feat_desc":"TANK (6-15m diameter) point","zvalue":"59.438","angle":"0.0"},"geometry":{"type":"Point","coordinates":[-63.5926505583643,44.70093187330392]}},{"type":"Feature","properties":{"feat_code":"UTTK60","feat_desc":"TANK (6-15m diameter) point","zvalue":"56.913","angle":"0.0"},"geometry":{"type":"Point","coordinates":[-63.59258757328644,44.70094307503186]}},{"type":"Feature","properties":{"feat_code":"UTTK60","feat_desc":"TANK (6-15m diameter) point","zvalue":"56.513","angle":"0.0"},"geometry":{"type":"Point","coordinates":[-63.59254319286865,44.70094678022928]}},{"type":"Feature","properties":{"feat_code":"UTTK60","feat_desc":"TANK (6-15m diameter) point","zvalue":"55.525","angle":"0.0"},"geometry":{"type":"Point","coordinates":[-63.59269050705791,44.7009515522784]}},{"type":"Feature","properties":{"feat_code":"UTTK60","feat_desc":"TANK (6-15m diameter) point","zvalue":"59.725","angle":"0.0"},"geometry":{"type":"Point","coordinates":[-63.59261611761452,44.70096337135535]}},{"type":"Feature","properties":{"feat_code":"UTTK60","feat_desc":"TANK (6-15m diameter) point","zvalue":"59.713","angle":"0.0"},"geometry":{"type":"Point","coordinates":[-63.59264509388542,44.7009802265154]}},{"type":"Feature","properties":{"feat_code":"UTTK60","feat_desc":"TANK (6-15m diameter) point","zvalue":"57.125","angle":"0.0"},"geometry":{"type":"Point","coordinates":[-63.59490536407698,44.70097175175994]}},{"type":"Feature","properties":{"feat_code":"UTTK60","feat_desc":"TANK (6-15m diameter) point","zvalue":"58.875","angle":"0.0"},"geometry":{"type":"Point","coordinates":[-63.5927453274923,44.70100116803613]}},{"type":"Feature","properties":{"feat_code":"UTTK60","feat_desc":"TANK (6-15m diameter) point","zvalue":"57.225","angle":"0.0"},"geometry":{"type":"Point","coordinates":[-63.59486980539651,44.70101229471818]}},{"type":"Feature","properties":{"feat_code":"UTTK60","feat_desc":"TANK (6-15m diameter) point","zvalue":"58.625","angle":"0.0"},"geometry":{"type":"Point","coordinates":[-63.59496659607966,44.70101372602882]}},{"type":"Feature","properties":{"feat_code":"UTTK60","feat_desc":"TANK (6-15m diameter) point","zvalue":"58.425","angle":"0.0"},"geometry":{"type":"Point","coordinates":[-63.59270179227676,44.70104441642755]}},{"type":"Feature","properties":{"feat_code":"UTTK60","feat_desc":"TANK (6-15m diameter) point","zvalue":"57.275","angle":"0.0"},"geometry":{"type":"Point","coordinates":[-63.59484655241542,44.70103670429626]}},{"type":"Feature","properties":{"feat_code":"UTTK60","feat_desc":"TANK (6-15m diameter) point","zvalue":"58.225","angle":"0.0"},"geometry":{"type":"Point","coordinates":[-63.59493382802085,44.70104081389361]}},{"type":"Feature","properties":{"feat_code":"UTTK60","feat_desc":"TANK (6-15m diameter) point","zvalue":"57.175","angle":"0.0"},"geometry":{"type":"Point","coordinates":[-63.59482492328209,44.70105944897125]}},{"type":"Feature","properties":{"feat_code":"UTTK60","feat_desc":"TANK (6-15m diameter) point","zvalue":"57.675","angle":"0.0"},"geometry":{"type":"Point","coordinates":[-63.59490206460126,44.701067401383945]}},{"type":"Feature","properties":{"feat_code":"UTTK60","feat_desc":"TANK (6-15m diameter) point","zvalue":"57.175","angle":"0.0"},"geometry":{"type":"Point","coordinates":[-63.59480306878374,44.70108237486372]}},{"type":"Feature","properties":{"feat_code":"UTTK60","feat_desc":"TANK (6-15m diameter) point","zvalue":"57.875","angle":"0.0"},"geometry":{"type":"Point","coordinates":[-63.59487624533973,44.7010914282304]}},{"type":"Feature","properties":{"feat_code":"UTTK60","feat_desc":"TANK (6-15m diameter) point","zvalue":"57.175","angle":"0.0"},"geometry":{"type":"Point","coordinates":[-63.59477308124768,44.701104892988916]}},{"type":"Feature","properties":{"feat_code":"UTTK60","feat_desc":"TANK (6-15m diameter) point","zvalue":"57.875","angle":"0.0"},"geometry":{"type":"Point","coordinates":[-63.594845084681914,44.70112018214199]}},{"type":"Feature","properties":{"feat_code":"UTTK60","feat_desc":"TANK (6-15m diameter) point","zvalue":"57.125","angle":"0.0"},"geometry":{"type":"Point","coordinates":[-63.59474572187655,44.70112890982174]}},{"type":"Feature","properties":{"feat_code":"UTTK60","feat_desc":"TANK (6-15m diameter) point","zvalue":"57.575","angle":"0.0"},"geometry":{"type":"Point","coordinates":[-63.59481521739299,44.701147047808256]}},{"type":"Feature","properties":{"feat_code":"UTTK60","feat_desc":"TANK (6-15m diameter) point","zvalue":"57.075","angle":"0.0"},"geometry":{"type":"Point","coordinates":[-63.5947246343077,44.70115401028436]}},{"type":"Feature","properties":{"feat_code":"UTTK60","feat_desc":"TANK (6-15m diameter) point","zvalue":"57.575","angle":"0.0"},"geometry":{"type":"Point","coordinates":[-63.594787207412686,44.701174092843885]}},{"type":"Feature","properties":{"feat_code":"UTTK60","feat_desc":"TANK (6-15m diameter) point","zvalue":"57.275","angle":"0.0"},"geometry":{"type":"Point","coordinates":[-63.594697840122414,44.7011826874025]}},{"type":"Feature","properties":{"feat_code":"UTTK60","feat_desc":"TANK (6-15m diameter) point","zvalue":"57.525","angle":"0.0"},"geometry":{"type":"Point","coordinates":[-63.594756562781804,44.70120394233551]}},{"type":"Feature","properties":{"feat_code":"UTTK60","feat_desc":"TANK (6-15m diameter) point","zvalue":"57.475","angle":"0.0"},"geometry":{"type":"Point","coordinates":[-63.5946759687592,44.70120520825023]}},{"type":"Feature","properties":{"feat_code":"UTTK60","feat_desc":"TANK (6-15m diameter) point","zvalue":"57.475","angle":"0.0"},"geometry":{"type":"Point","coordinates":[-63.59472977531314,44.701232043272675]}},{"type":"Feature","properties":{"feat_code":"UTTK60","feat_desc":"TANK (6-15m diameter) point","zvalue":"61.0","angle":"0.0"},"geometry":{"type":"Point","coordinates":[-63.59324836057029,44.70140087308744]}},{"type":"Feature","properties":{"feat_code":"UTTO60","feat_desc":"TOWER (all except transmission line towers) point","zvalue":"57.653","angle":"0.0"},"geometry":{"type":"Point","coordinates":[-63.482954849831,44.70193655785213]}},{"type":"Feature","properties":{"feat_code":"UTTK60","feat_desc":"TANK (6-15m diameter) point","zvalue":"58.275","angle":"0.0"},"geometry":{"type":"Point","coordinates":[-63.59329694845263,44.701429680410016]}},{"type":"Feature","properties":{"feat_code":"UTTK60","feat_desc":"TANK (6-15m diameter) point","zvalue":"58.425","angle":"0.0"},"geometry":{"type":"Point","coordinates":[-63.593353549586936,44.701463226350135]}},{"type":"Feature","properties":{"feat_code":"UTTK60","feat_desc":"TANK (6-15m diameter) point","zvalue":"20.658","angle":"0.0"},"geometry":{"type":"Point","coordinates":[-63.60367373841216,44.70152157215271]}},{"type":"Feature","properties":{"feat_code":"UTTO60","feat_desc":"TOWER (all except transmission line towers) point","zvalue":"69.6","angle":"0.0"},"geometry":{"type":"Point","coordinates":[-66.06023447171314,44.286549989575]}},{"type":"Feature","properties":{"feat_code":"UTTK60","feat_desc":"TANK (6-15m diameter) point","zvalue":"131.07","angle":"0.0"},"geometry":{"type":"Point","coordinates":[-64.6769329319906,44.318087117110046]}},{"type":"Feature","properties":{"feat_code":"UTTK60","feat_desc":"TANK (6-15m diameter) point","zvalue":"132.91","angle":"0.0"},"geometry":{"type":"Point","coordinates":[-64.6760856203286,44.31820769028572]}},{"type":"Feature","properties":{"feat_code":"UTTO60","feat_desc":"TOWER (all except transmission line towers) point","zvalue":"33.9","angle":"0.0"},"geometry":{"type":"Point","coordinates":[-66.31562569846085,44.284653052562895]}},{"type":"Feature","properties":{"feat_code":"UTTO60","feat_desc":"TOWER (all except transmission line towers) point","zvalue":"131.713","angle":"0.0"},"geometry":{"type":"Point","coordinates":[-64.86780516655297,44.335503171087126]}},{"type":"Feature","properties":{"feat_code":"UTTO60","feat_desc":"TOWER (all except transmission line towers) point","zvalue":"102.489","angle":"0.0"},"geometry":{"type":"Point","coordinates":[-64.52388457175513,44.34458660007613]}},{"type":"Feature","properties":{"feat_code":"UTTK60","feat_desc":"TANK (6-15m diameter) point","zvalue":"66.506","angle":"0.0"},"geometry":{"type":"Point","coordinates":[-64.5432842274659,44.344412890120545]}},{"type":"Feature","properties":{"feat_code":"UTTK60","feat_desc":"TANK (6-15m diameter) point","zvalue":"66.45","angle":"0.0"},"geometry":{"type":"Point","coordinates":[-64.54319466475016,44.34459360894358]}},{"type":"Feature","properties":{"feat_code":"UTTO60","feat_desc":"TOWER (all except transmission line towers) point","zvalue":"161.738","angle":"0.0"},"geometry":{"type":"Point","coordinates":[-65.10950434647604,44.34098569085262]}},{"type":"Feature","properties":{"feat_code":"UTTO60","feat_desc":"TOWER (all except transmission line towers) point","zvalue":"157.628","angle":"0.0"},"geometry":{"type":"Point","coordinates":[-65.11053690990718,44.341041134029865]}},{"type":"Feature","properties":{"feat_code":"UTTK60","feat_desc":"TANK (6-15m diameter) point","zvalue":"75.293","angle":"344.29998779"},"geometry":{"type":"Point","coordinates":[-65.93290268188042,44.32793497706013]}},{"type":"Feature","properties":{"feat_code":"UTTK60","feat_desc":"TANK (6-15m diameter) point","zvalue":"75.293","angle":"338.54998779"},"geometry":{"type":"Point","coordinates":[-65.93306082631344,44.32795344668768]}},{"type":"Feature","properties":{"feat_code":"UTTK60","feat_desc":"TANK (6-15m diameter) point","zvalue":"75.293","angle":"343.55999756"},"geometry":{"type":"Point","coordinates":[-65.93321503967421,44.327980101553266]}},{"type":"Feature","properties":{"feat_code":"UTTK60","feat_desc":"TANK (6-15m diameter) point","zvalue":"75.293","angle":"347.07000732"},"geometry":{"type":"Point","coordinates":[-65.93337348687909,44.3280033794099]}},{"type":"Feature","properties":{"feat_code":"UTTK60","feat_desc":"TANK (6-15m diameter) point","zvalue":"75.293","angle":"90.0"},"geometry":{"type":"Point","coordinates":[-65.93351851293019,44.328027128056256]}},{"type":"Feature","properties":{"feat_code":"UTTK60","feat_desc":"TANK (6-15m diameter) point","zvalue":"75.65","angle":"0.81"},"geometry":{"type":"Point","coordinates":[-65.93403812737823,44.32804868339194]}},{"type":"Feature","properties":{"feat_code":"UTTK60","feat_desc":"TANK (6-15m diameter) point","zvalue":"75.828","angle":"356.41000366"},"geometry":{"type":"Point","coordinates":[-65.93412144864779,44.32805534596759]}},{"type":"Feature","properties":{"feat_code":"UTTK60","feat_desc":"TANK (6-15m diameter) point","zvalue":"75.828","angle":"0.81"},"geometry":{"type":"Point","coordinates":[-65.93421581959016,44.32806000488315]}},{"type":"Feature","properties":{"feat_code":"UTTK60","feat_desc":"TANK (6-15m diameter) point","zvalue":"75.828","angle":"0.81"},"geometry":{"type":"Point","coordinates":[-65.93431442420602,44.32806128689007]}},{"type":"Feature","properties":{"feat_code":"UTTK60","feat_desc":"TANK (6-15m diameter) point","zvalue":"75.828","angle":"358.51998901"},"geometry":{"type":"Point","coordinates":[-65.93440665887476,44.32806762105841]}},{"type":"Feature","properties":{"feat_code":"UTTK60","feat_desc":"TANK (6-15m diameter) point","zvalue":"75.828","angle":"350.67999268"},"geometry":{"type":"Point","coordinates":[-65.93450113476183,44.32807387951999]}},{"type":"Feature","properties":{"feat_code":"UTTK60","feat_desc":"TANK (6-15m diameter) point","zvalue":"73.1","angle":"0.0"},"geometry":{"type":"Point","coordinates":[-64.5358127430561,44.35618247712107]}},{"type":"Feature","properties":{"feat_code":"UTTK60","feat_desc":"TANK (6-15m diameter) point","zvalue":"74.1","angle":"0.0"},"geometry":{"type":"Point","coordinates":[-64.5358908482746,44.356219211733645]}},{"type":"Feature","properties":{"feat_code":"UTTK60","feat_desc":"TANK (6-15m diameter) point","zvalue":"73.15","angle":"0.0"},"geometry":{"type":"Point","coordinates":[-64.53578597479267,44.35622461942336]}},{"type":"Feature","properties":{"feat_code":"UTTK60","feat_desc":"TANK (6-15m diameter) point","zvalue":"74.025","angle":"0.0"},"geometry":{"type":"Point","coordinates":[-64.5358648191661,44.356253142500115]}},{"type":"Feature","properties":{"feat_code":"UTTK60","feat_desc":"TANK (6-15m diameter) point","zvalue":"73.725","angle":"0.0"},"geometry":{"type":"Point","coordinates":[-64.53575756246381,44.35626050882938]}},{"type":"Feature","properties":{"feat_code":"UTTK60","feat_desc":"TANK (6-15m diameter) point","zvalue":"74.1","angle":"0.0"},"geometry":{"type":"Point","coordinates":[-64.53582946622437,44.35628897221896]}},{"type":"Feature","properties":{"feat_code":"UTTK60","feat_desc":"TANK (6-15m diameter) point","zvalue":"73.975","angle":"0.0"},"geometry":{"type":"Point","coordinates":[-64.53572403718961,44.35629137136239]}},{"type":"Feature","properties":{"feat_code":"UTTK60","feat_desc":"TANK (6-15m diameter) point","zvalue":"74.175","angle":"0.0"},"geometry":{"type":"Point","coordinates":[-64.5357008989744,44.35632357067591]}},{"type":"Feature","properties":{"feat_code":"UTTK60","feat_desc":"TANK (6-15m diameter) point","zvalue":"73.875","angle":"0.0"},"geometry":{"type":"Point","coordinates":[-64.53578960336907,44.35632796856704]}},{"type":"Feature","properties":{"feat_code":"UTTK60","feat_desc":"TANK (6-15m diameter) point","zvalue":"73.875","angle":"0.0"},"geometry":{"type":"Point","coordinates":[-64.53575959496456,44.356355119646814]}},{"type":"Feature","properties":{"feat_code":"UTTK60","feat_desc":"TANK (6-15m diameter) point","zvalue":"74.425","angle":"0.0"},"geometry":{"type":"Point","coordinates":[-64.53565316504928,44.35637300811502]}},{"type":"Feature","properties":{"feat_code":"UTTK60","feat_desc":"TANK (6-15m diameter) point","zvalue":"74.3","angle":"0.0"},"geometry":{"type":"Point","coordinates":[-64.53573099250895,44.35639238003829]}},{"type":"Feature","properties":{"feat_code":"UTTO60","feat_desc":"TOWER (all except transmission line towers) point","zvalue":"176.59","angle":"0.0"},"geometry":{"type":"Point","coordinates":[-65.27783199313808,44.34568992401869]}},{"type":"Feature","properties":{"feat_code":"UTTK60","feat_desc":"TANK (6-15m diameter) point","zvalue":"79.174","angle":"0.0"},"geometry":{"type":"Point","coordinates":[-64.53415916406055,44.35834481984127]}},{"type":"Feature","properties":{"feat_code":"UTTK60","feat_desc":"TANK (6-15m diameter) point","zvalue":"79.336","angle":"0.0"},"geometry":{"type":"Point","coordinates":[-64.53422121575906,44.35836450374911]}},{"type":"Feature","properties":{"feat_code":"UTTK60","feat_desc":"TANK (6-15m diameter) point","zvalue":"78.649","angle":"0.0"},"geometry":{"type":"Point","coordinates":[-64.53412760284971,44.35838177745929]}},{"type":"Feature","properties":{"feat_code":"UTTK60","feat_desc":"TANK (6-15m diameter) point","zvalue":"79.111","angle":"0.0"},"geometry":{"type":"Point","coordinates":[-64.53418676071743,44.35841078221485]}},{"type":"Feature","properties":{"feat_code":"UTTK60","feat_desc":"TANK (6-15m diameter) point","zvalue":"78.236","angle":"0.0"},"geometry":{"type":"Point","coordinates":[-64.53409614872874,44.35841562764131]}},{"type":"Feature","properties":{"feat_code":"UTTK60","feat_desc":"TANK (6-15m diameter) point","zvalue":"78.874","angle":"0.0"},"geometry":{"type":"Point","coordinates":[-64.53415443218313,44.358447669122576]}},{"type":"Feature","properties":{"feat_code":"UTTK60","feat_desc":"TANK (6-15m diameter) point","zvalue":"77.861","angle":"0.0"},"geometry":{"type":"Point","coordinates":[-64.53405817729089,44.3584637268698]}},{"type":"Feature","properties":{"feat_code":"UTTK60","feat_desc":"TANK (6-15m diameter) point","zvalue":"78.486","angle":"0.0"},"geometry":{"type":"Point","coordinates":[-64.53411413252333,44.35848637364693]}},{"type":"Feature","properties":{"feat_code":"UTTK60","feat_desc":"TANK (6-15m diameter) point","zvalue":"77.974","angle":"0.0"},"geometry":{"type":"Point","coordinates":[-64.5340230659468,44.35850313591276]}},{"type":"Feature","properties":{"feat_code":"UTTK60","feat_desc":"TANK (6-15m diameter) point","zvalue":"77.211","angle":"0.0"},"geometry":{"type":"Point","coordinates":[-64.53407445886059,44.35853319933484]}},{"type":"Feature","properties":{"feat_code":"UTTK60","feat_desc":"TANK (6-15m diameter) point","zvalue":"78.55","angle":"0.0"},"geometry":{"type":"Point","coordinates":[-64.52538176061876,44.35959521995057]}},{"type":"Feature","properties":{"feat_code":"UTTK60","feat_desc":"TANK (6-15m diameter) point","zvalue":"78.525","angle":"0.0"},"geometry":{"type":"Point","coordinates":[-64.52537417193611,44.359645638322576]}},{"type":"Feature","properties":{"feat_code":"UTTK60","feat_desc":"TANK (6-15m diameter) point","zvalue":"92.813","angle":"0.0"},"geometry":{"type":"Point","coordinates":[-64.53565434846188,44.360001092963245]}},{"type":"Feature","properties":{"feat_code":"UTTK60","feat_desc":"TANK (6-15m diameter) point","zvalue":"87.138","angle":"0.0"},"geometry":{"type":"Point","coordinates":[-64.53538378907474,44.36006380768375]}},{"type":"Feature","properties":{"feat_code":"UTTO60","feat_desc":"TOWER (all except transmission line towers) point","zvalue":"86.8","angle":"0.0"},"geometry":{"type":"Point","coordinates":[-64.53681526019069,44.3612471461442]}},{"type":"Feature","properties":{"feat_code":"UTTO60","feat_desc":"TOWER (all except transmission line towers) point","zvalue":"85.5","angle":"0.0"},"geometry":{"type":"Point","coordinates":[-64.53868886965002,44.361248025258575]}},{"type":"Feature","properties":{"feat_code":"UTTO60","feat_desc":"TOWER (all except transmission line towers) point","zvalue":"87.1","angle":"0.0"},"geometry":{"type":"Point","coordinates":[-64.53775308076521,44.36126243058704]}},{"type":"Feature","properties":{"feat_code":"UTTK60","feat_desc":"TANK (6-15m diameter) point","zvalue":"6.325","angle":"0.0"},"geometry":{"type":"Point","coordinates":[-64.29732287825293,44.36566517276112]}},{"type":"Feature","properties":{"feat_code":"UTTK60","feat_desc":"TANK (6-15m diameter) point","zvalue":"2.0","angle":"0.0"},"geometry":{"type":"Point","coordinates":[-64.29737752926832,44.36574511868269]}},{"type":"Feature","properties":{"feat_code":"UTTK60","feat_desc":"TANK (6-15m diameter) point","zvalue":"13.8","angle":"0.0"},"geometry":{"type":"Point","coordinates":[-64.29389550966903,44.36748436386971]}},{"type":"Feature","properties":{"feat_code":"UTTK60","feat_desc":"TANK (6-15m diameter) point","zvalue":"42.6","angle":"0.0"},"geometry":{"type":"Point","coordinates":[-64.2966655797038,44.371872456005605]}},{"type":"Feature","properties":{"feat_code":"UTTK60","feat_desc":"TANK (6-15m diameter) point","zvalue":"16.173","angle":"0.0"},"geometry":{"type":"Point","coordinates":[-64.49666574138064,44.37234409038932]}},{"type":"Feature","properties":{"feat_code":"UTTK60","feat_desc":"TANK (6-15m diameter) point","zvalue":"16.173","angle":"0.0"},"geometry":{"type":"Point","coordinates":[-64.4967254698417,44.37235772115071]}},{"type":"Feature","properties":{"feat_code":"UTTK60","feat_desc":"TANK (6-15m diameter) point","zvalue":"16.173","angle":"0.0"},"geometry":{"type":"Point","coordinates":[-64.49678106225525,44.37237306261496]}},{"type":"Feature","properties":{"feat_code":"UTTK60","feat_desc":"TANK (6-15m diameter) point","zvalue":"16.173","angle":"0.0"},"geometry":{"type":"Point","coordinates":[-64.49662077868561,44.37242970254809]}},{"type":"Feature","properties":{"feat_code":"UTTK60","feat_desc":"TANK (6-15m diameter) point","zvalue":"16.173","angle":"0.0"},"geometry":{"type":"Point","coordinates":[-64.49668019305838,44.37244676753438]}},{"type":"Feature","properties":{"feat_code":"UTTK60","feat_desc":"TANK (6-15m diameter) point","zvalue":"16.173","angle":"0.0"},"geometry":{"type":"Point","coordinates":[-64.49673304351134,44.37245596900348]}},{"type":"Feature","properties":{"feat_code":"UTTK60","feat_desc":"TANK (6-15m diameter) point","zvalue":"89.113","angle":"0.0"},"geometry":{"type":"Point","coordinates":[-64.5526202298795,44.371717106214895]}},{"type":"Feature","properties":{"feat_code":"UTTK60","feat_desc":"TANK (6-15m diameter) point","zvalue":"89.488","angle":"0.0"},"geometry":{"type":"Point","coordinates":[-64.55260518885457,44.37176680834578]}},{"type":"Feature","properties":{"feat_code":"UTTK60","feat_desc":"TANK (6-15m diameter) point","zvalue":"89.788","angle":"0.0"},"geometry":{"type":"Point","coordinates":[-64.55258312792748,44.37181257264014]}},{"type":"Feature","properties":{"feat_code":"UTTK60","feat_desc":"TANK (6-15m diameter) point","zvalue":"89.513","angle":"0.0"},"geometry":{"type":"Point","coordinates":[-64.55256617516864,44.37186972810229]}},{"type":"Feature","properties":{"feat_code":"UTTK60","feat_desc":"TANK (6-15m diameter) point","zvalue":"6.1","angle":"0.0"},"geometry":{"type":"Point","coordinates":[-64.30433358408678,44.375279149547474]}},{"type":"Feature","properties":{"feat_code":"UTTK60","feat_desc":"TANK (6-15m diameter) point","zvalue":"6.2","angle":"0.0"},"geometry":{"type":"Point","coordinates":[-64.30439654882822,44.37528833356237]}},{"type":"Feature","properties":{"feat_code":"UTTK60","feat_desc":"TANK (6-15m diameter) point","zvalue":"24.7","angle":"0.0"},"geometry":{"type":"Point","coordinates":[-64.49803255230705,44.372931412649926]}},{"type":"Feature","properties":{"feat_code":"UTTK60","feat_desc":"TANK (6-15m diameter) point","zvalue":"2.5","angle":"0.0"},"geometry":{"type":"Point","coordinates":[-64.30896217239705,44.37570064374832]}},{"type":"Feature","properties":{"feat_code":"UTTK60","feat_desc":"TANK (6-15m diameter) point","zvalue":"3.0","angle":"0.0"},"geometry":{"type":"Point","coordinates":[-64.30893807695479,44.375745934216006]}},{"type":"Feature","properties":{"feat_code":"UTTK60","feat_desc":"TANK (6-15m diameter) point","zvalue":"76.793","angle":"0.0"},"geometry":{"type":"Point","coordinates":[-64.57021194188691,44.373152175208986]}},{"type":"Feature","properties":{"feat_code":"UTTO60","feat_desc":"TOWER (all except transmission line towers) point","zvalue":"15.6","angle":"0.0"},"geometry":{"type":"Point","coordinates":[-64.51553545905618,44.37476662606144]}},{"type":"Feature","properties":{"feat_code":"UTTK60","feat_desc":"TANK (6-15m diameter) point","zvalue":"6.2","angle":"0.0"},"geometry":{"type":"Point","coordinates":[-64.51303589322916,44.37594538220786]}},{"type":"Feature","properties":{"feat_code":"UTTO60","feat_desc":"TOWER (all except transmission line towers) point","zvalue":"109.426","angle":"0.0"},"geometry":{"type":"Point","coordinates":[-65.89563645029709,44.349640676276195]}},{"type":"Feature","properties":{"feat_code":"UTTK60","feat_desc":"TANK (6-15m diameter) point","zvalue":"91.628","angle":"0.0"},"geometry":{"type":"Point","coordinates":[-64.609133856595,44.377060902962036]}},{"type":"Feature","properties":{"feat_code":"UTTK60","feat_desc":"TANK (6-15m diameter) point","zvalue":"91.796","angle":"0.0"},"geometry":{"type":"Point","coordinates":[-64.60915885647998,44.37706531318112]}},{"type":"Feature","properties":{"feat_code":"UTTK60","feat_desc":"TANK (6-15m diameter) point","zvalue":"97.706","angle":"0.0"},"geometry":{"type":"Point","coordinates":[-64.56487492257267,44.37836437988508]}},{"type":"Feature","properties":{"feat_code":"UTTK60","feat_desc":"TANK (6-15m diameter) point","zvalue":"96.893","angle":"0.0"},"geometry":{"type":"Point","coordinates":[-64.5648655361154,44.378397476884494]}},{"type":"Feature","properties":{"feat_code":"UTTK60","feat_desc":"TANK (6-15m diameter) point","zvalue":"94.693","angle":"0.0"},"geometry":{"type":"Point","coordinates":[-64.56433312960868,44.379099609945484]}},{"type":"Feature","properties":{"feat_code":"UTTK60","feat_desc":"TANK (6-15m diameter) point","zvalue":"109.058","angle":"0.0"},"geometry":{"type":"Point","coordinates":[-64.61196587462727,44.37850438478156]}},{"type":"Feature","properties":{"feat_code":"UTTK60","feat_desc":"TANK (6-15m diameter) point","zvalue":"109.175","angle":"0.0"},"geometry":{"type":"Point","coordinates":[-64.61198372831872,44.378510461747155]}},{"type":"Feature","properties":{"feat_code":"UTTK60","feat_desc":"TANK (6-15m diameter) point","zvalue":"109.227","angle":"0.0"},"geometry":{"type":"Point","coordinates":[-64.61201107003926,44.37851921365674]}},{"type":"Feature","properties":{"feat_code":"UTTK60","feat_desc":"TANK (6-15m diameter) point","zvalue":"109.331","angle":"0.0"},"geometry":{"type":"Point","coordinates":[-64.61203026943126,44.37852629794109]}},{"type":"Feature","properties":{"feat_code":"UTTK60","feat_desc":"TANK (6-15m diameter) point","zvalue":"8.799","angle":"0.0"},"geometry":{"type":"Point","coordinates":[-64.51842851512006,44.38067365206639]}},{"type":"Feature","properties":{"feat_code":"UTTO60","feat_desc":"TOWER (all except transmission line towers) point","zvalue":"62.9","angle":"0.0"},"geometry":{"type":"Point","coordinates":[-66.04015668062489,44.3509147830506]}},{"type":"Feature","properties":{"feat_code":"UTTO60","feat_desc":"TOWER (all except transmission line towers) point","zvalue":"130.373","angle":"0.0"},"geometry":{"type":"Point","coordinates":[-65.03608011401154,44.37382155061704]}},{"type":"Feature","properties":{"feat_code":"UTTO60","feat_desc":"TOWER (all except transmission line towers) point","zvalue":"134.3","angle":"0.0"},"geometry":{"type":"Point","coordinates":[-65.03668122049342,44.373850243924856]}},{"type":"Feature","properties":{"feat_code":"UTTK60","feat_desc":"TANK (6-15m diameter) point","zvalue":"54.5","angle":"0.0"},"geometry":{"type":"Point","coordinates":[-64.53979817736068,44.38346829802307]}},{"type":"Feature","properties":{"feat_code":"UTTK60","feat_desc":"TANK (6-15m diameter) point","zvalue":"58.629","angle":"0.0"},"geometry":{"type":"Point","coordinates":[-64.53928882444049,44.38355483985999]}},{"type":"Feature","properties":{"feat_code":"UTTK60","feat_desc":"TANK (6-15m diameter) point","zvalue":"33.275","angle":"0.0"},"geometry":{"type":"Point","coordinates":[-64.51597952325342,44.38435068791064]}},{"type":"Feature","properties":{"feat_code":"UTTK60","feat_desc":"TANK (6-15m diameter) point","zvalue":"33.95","angle":"0.0"},"geometry":{"type":"Point","coordinates":[-64.51512648637792,44.38488840417772]}},{"type":"Feature","properties":{"feat_code":"UTTK60","feat_desc":"TANK (6-15m diameter) point","zvalue":"62.854","angle":"0.0"},"geometry":{"type":"Point","coordinates":[-64.54024992433273,44.38617258767969]}},{"type":"Feature","properties":{"feat_code":"UTTO60","feat_desc":"TOWER (all except transmission line towers) point","zvalue":"63.7","angle":"0.0"},"geometry":{"type":"Point","coordinates":[-64.54524489415194,44.38617209798999]}},{"type":"Feature","properties":{"feat_code":"UTTK60","feat_desc":"TANK (6-15m diameter) point","zvalue":"62.254","angle":"0.0"},"geometry":{"type":"Point","coordinates":[-64.54023526482922,44.386268476415424]}},{"type":"Feature","properties":{"feat_code":"UTTO60","feat_desc":"TOWER (all except transmission line towers) point","zvalue":"40.503","angle":"0.0"},"geometry":{"type":"Point","coordinates":[-64.3023981631742,44.390652104819026]}},{"type":"Feature","properties":{"feat_code":"UTTO60","feat_desc":"TOWER (all except transmission line towers) point","zvalue":"88.9","angle":"0.0"},"geometry":{"type":"Point","coordinates":[-64.5038271738971,44.388210490115476]}},{"type":"Feature","properties":{"feat_code":"UTTK60","feat_desc":"TANK (6-15m diameter) point","zvalue":"38.1","angle":"0.0"},"geometry":{"type":"Point","coordinates":[-64.53744001306258,44.38785923818282]}},{"type":"Feature","properties":{"feat_code":"UTTK60","feat_desc":"TANK (6-15m diameter) point","zvalue":"38.576","angle":"0.0"},"geometry":{"type":"Point","coordinates":[-64.53745387904465,44.38787431128636]}},{"type":"Feature","properties":{"feat_code":"UTTO60","feat_desc":"TOWER (all except transmission line towers) point","zvalue":"155.9","angle":"0.0"},"geometry":{"type":"Point","coordinates":[-65.72168627256924,44.367661170576596]}},{"type":"Feature","properties":{"feat_code":"UTTO60","feat_desc":"TOWER (all except transmission line towers) point","zvalue":"159.6","angle":"0.0"},"geometry":{"type":"Point","coordinates":[-64.6784925881027,44.388006749808135]}},{"type":"Feature","properties":{"feat_code":"UTTO60","feat_desc":"TOWER (all except transmission line towers) point","zvalue":"158.125","angle":"0.0"},"geometry":{"type":"Point","coordinates":[-64.67993513353017,44.38878194314429]}},{"type":"Feature","properties":{"feat_code":"UTTO60","feat_desc":"TOWER (all except transmission line towers) point","zvalue":"73.8","angle":"0.0"},"geometry":{"type":"Point","coordinates":[-64.55384644074329,44.3938761299624]}},{"type":"Feature","properties":{"feat_code":"UTTK60","feat_desc":"TANK (6-15m diameter) point","zvalue":"50.869","angle":"0.0"},"geometry":{"type":"Point","coordinates":[-64.5269398879558,44.395370086037246]}},{"type":"Feature","properties":{"feat_code":"UTTK60","feat_desc":"TANK (6-15m diameter) point","zvalue":"50.831","angle":"0.0"},"geometry":{"type":"Point","coordinates":[-64.52691282885519,44.39540581088853]}},{"type":"Feature","properties":{"feat_code":"UTTO60","feat_desc":"TOWER (all except transmission line towers) point","zvalue":"94.7","angle":"0.0"},"geometry":{"type":"Point","coordinates":[-65.93910197866504,44.36994330948582]}},{"type":"Feature","properties":{"feat_code":"UTSS60","feat_desc":"SUBSTATION (transformer) point","zvalue":"65.4","angle":"26.12"},"geometry":{"type":"Point","coordinates":[-64.48933260843327,44.39836026021977]}},{"type":"Feature","properties":{"feat_code":"UTTK60","feat_desc":"TANK (6-15m diameter) point","zvalue":"62.919","angle":"0.0"},"geometry":{"type":"Point","coordinates":[-64.53493661956591,44.398623665124866]}},{"type":"Feature","properties":{"feat_code":"UTSS60","feat_desc":"SUBSTATION (transformer) point","zvalue":"32.3","angle":"0.0"},"geometry":{"type":"Point","coordinates":[-64.34908904438278,44.401214069471834]}},{"type":"Feature","properties":{"feat_code":"UTTK60","feat_desc":"TANK (6-15m diameter) point","zvalue":"62.863","angle":"0.0"},"geometry":{"type":"Point","coordinates":[-64.53691711389514,44.39889736131234]}},{"type":"Feature","properties":{"feat_code":"UTTK60","feat_desc":"TANK (6-15m diameter) point","zvalue":"59.92","angle":"0.0"},"geometry":{"type":"Point","coordinates":[-64.53530409450515,44.39940680381246]}},{"type":"Feature","properties":{"feat_code":"UTTO60","feat_desc":"TOWER (all except transmission line towers) point","zvalue":"146.7","angle":"0.0"},"geometry":{"type":"Point","coordinates":[-64.62720137917822,44.398936721765395]}},{"type":"Feature","properties":{"feat_code":"UTTK60","feat_desc":"TANK (6-15m diameter) point","zvalue":"46.454","angle":"0.0"},"geometry":{"type":"Point","coordinates":[-64.53221292283592,44.40316161688652]}},{"type":"Feature","properties":{"feat_code":"UTTK60","feat_desc":"TANK (6-15m diameter) point","zvalue":"45.827","angle":"0.0"},"geometry":{"type":"Point","coordinates":[-64.5322546643764,44.40316444186948]}},{"type":"Feature","properties":{"feat_code":"UTTK60","feat_desc":"TANK (6-15m diameter) point","zvalue":"46.017","angle":"0.0"},"geometry":{"type":"Point","coordinates":[-64.53249480878387,44.40340234139905]}},{"type":"Feature","properties":{"feat_code":"UTTK60","feat_desc":"TANK (6-15m diameter) point","zvalue":"45.903","angle":"0.0"},"geometry":{"type":"Point","coordinates":[-64.53254039331773,44.4034157470108]}},{"type":"Feature","properties":{"feat_code":"UTTO60","feat_desc":"TOWER (all except transmission line towers) point","zvalue":"135.433","angle":"134.4"},"geometry":{"type":"Point","coordinates":[-65.05121178475352,44.39593228617271]}},{"type":"Feature","properties":{"feat_code":"UTTK60","feat_desc":"TANK (6-15m diameter) point","zvalue":"105.556","angle":"0.0"},"geometry":{"type":"Point","coordinates":[-64.4596023152762,44.40697019289348]}},{"type":"Feature","properties":{"feat_code":"UTTK60","feat_desc":"TANK (6-15m diameter) point","zvalue":"105.731","angle":"0.0"},"geometry":{"type":"Point","coordinates":[-64.45958398152983,44.40698088847523]}},{"type":"Feature","properties":{"feat_code":"UTTK60","feat_desc":"TANK (6-15m diameter) point","zvalue":"76.751","angle":"0.0"},"geometry":{"type":"Point","coordinates":[-64.48314948857983,44.40866572821603]}},{"type":"Feature","properties":{"feat_code":"UTTK60","feat_desc":"TANK (6-15m diameter) point","zvalue":"76.726","angle":"0.0"},"geometry":{"type":"Point","coordinates":[-64.48315578993625,44.408701369471174]}},{"type":"Feature","properties":{"feat_code":"UTTO60","feat_desc":"TOWER (all except transmission line towers) point","zvalue":"93.4","angle":"0.0"},"geometry":{"type":"Point","coordinates":[-64.39166311752766,44.410786342787574]}},{"type":"Feature","properties":{"feat_code":"UTSP60","feat_desc":"SEWAGE SETTLING POND  (6-15m diameter) point","zvalue":"76.653","angle":"0.0"},"geometry":{"type":"Point","coordinates":[-65.9670875676802,44.38403152382434]}},{"type":"Feature","properties":{"feat_code":"UTTO60","feat_desc":"TOWER (all except transmission line towers) point","zvalue":"59.876","angle":"0.0"},"geometry":{"type":"Point","coordinates":[-65.99731308287217,44.3861398079485]}},{"type":"Feature","properties":{"feat_code":"UTTK60","feat_desc":"TANK (6-15m diameter) point","zvalue":"58.787","angle":"0.0"},"geometry":{"type":"Point","coordinates":[-64.53065677954108,44.41858248457852]}},{"type":"Feature","properties":{"feat_code":"UTTK60","feat_desc":"TANK (6-15m diameter) point","zvalue":"58.883","angle":"0.0"},"geometry":{"type":"Point","coordinates":[-64.53123665969005,44.418890752949956]}},{"type":"Feature","properties":{"feat_code":"UTTK60","feat_desc":"TANK (6-15m diameter) point","zvalue":"59.147","angle":"0.0"},"geometry":{"type":"Point","coordinates":[-64.53126802518699,44.41891479291129]}},{"type":"Feature","properties":{"feat_code":"UTTK60","feat_desc":"TANK (6-15m diameter) point","zvalue":"52.759","angle":"0.0"},"geometry":{"type":"Point","coordinates":[-64.52570822352253,44.42014418531134]}},{"type":"Feature","properties":{"feat_code":"UTTK60","feat_desc":"TANK (6-15m diameter) point","zvalue":"52.639","angle":"0.0"},"geometry":{"type":"Point","coordinates":[-64.52580400695614,44.42020938204645]}},{"type":"Feature","properties":{"feat_code":"UTTO60","feat_desc":"TOWER (all except transmission line towers) point","zvalue":"85.4","angle":"0.0"},"geometry":{"type":"Point","coordinates":[-66.22255751619244,44.38975581542283]}},{"type":"Feature","properties":{"feat_code":"UTTO60","feat_desc":"TOWER (all except transmission line towers) point","zvalue":"83.2","angle":"0.0"},"geometry":{"type":"Point","coordinates":[-66.2225353717953,44.38996980188043]}},{"type":"Feature","properties":{"feat_code":"UTTK60","feat_desc":"TANK (6-15m diameter) point","zvalue":"22.258","angle":"0.0"},"geometry":{"type":"Point","coordinates":[-64.55209727934903,44.42621327192931]}},{"type":"Feature","properties":{"feat_code":"UTTK60","feat_desc":"TANK (6-15m diameter) point","zvalue":"29.418","angle":"0.0"},"geometry":{"type":"Point","coordinates":[-64.55128029862787,44.42669458757375]}},{"type":"Feature","properties":{"feat_code":"UTTO60","feat_desc":"TOWER (all except transmission line towers) point","zvalue":"98.444","angle":"0.0"},"geometry":{"type":"Point","coordinates":[-64.52309655972884,44.4281510821819]}},{"type":"Feature","properties":{"feat_code":"UTTO60","feat_desc":"TOWER (all except transmission line towers) point","zvalue":"132.9","angle":"0.0"},"geometry":{"type":"Point","coordinates":[-65.83209822223566,44.40368719499608]}},{"type":"Feature","properties":{"feat_code":"UTTO60","feat_desc":"TOWER (all except transmission line towers) point","zvalue":"19.5","angle":"0.0"},"geometry":{"type":"Point","coordinates":[-65.94831627031581,44.40776604566386]}},{"type":"Feature","properties":{"feat_code":"UTTO60","feat_desc":"TOWER (all except transmission line towers) point","zvalue":"19.5","angle":"0.0"},"geometry":{"type":"Point","coordinates":[-65.94839716508882,44.40785129000527]}},{"type":"Feature","properties":{"feat_code":"UTTO60","feat_desc":"TOWER (all except transmission line towers) point","zvalue":"95.644","angle":"0.0"},"geometry":{"type":"Point","coordinates":[-66.18857054569042,44.40699549783216]}},{"type":"Feature","properties":{"feat_code":"UTTO60","feat_desc":"TOWER (all except transmission line towers) point","zvalue":"119.96","angle":"0.0"},"geometry":{"type":"Point","coordinates":[-64.77781644424755,44.438451339342166]}},{"type":"Feature","properties":{"feat_code":"UTTO60","feat_desc":"TOWER (all except transmission line towers) point","zvalue":"158.005","angle":"0.0"},"geometry":{"type":"Point","coordinates":[-65.20293838192923,44.43217914683549]}},{"type":"Feature","properties":{"feat_code":"UTSS60","feat_desc":"SUBSTATION (transformer) point","zvalue":"18.7","angle":"44.0"},"geometry":{"type":"Point","coordinates":[-64.38167070119478,44.44641011801661]}},{"type":"Feature","properties":{"feat_code":"UTTO60","feat_desc":"TOWER (all except transmission line towers) point","zvalue":"92.991","angle":"0.0"},"geometry":{"type":"Point","coordinates":[-64.43160590543334,44.4476930944139]}},{"type":"Feature","properties":{"feat_code":"UTTO60","feat_desc":"TOWER (all except transmission line towers) point","zvalue":"67.3","angle":"0.0"},"geometry":{"type":"Point","coordinates":[-65.98997771754215,44.42037685393206]}},{"type":"Feature","properties":{"feat_code":"UTTO60","feat_desc":"TOWER (all except transmission line towers) point","zvalue":"74.463","angle":"0.0"},"geometry":{"type":"Point","coordinates":[-64.40176421678106,44.45168782064269]}},{"type":"Feature","properties":{"feat_code":"UTTO60","feat_desc":"TOWER (all except transmission line towers) point","zvalue":"151.143","angle":"0.0"},"geometry":{"type":"Point","coordinates":[-65.11334882974904,44.44673273805069]}},{"type":"Feature","properties":{"feat_code":"UTTO60","feat_desc":"TOWER (all except transmission line towers) point","zvalue":"82.5","angle":"0.0"},"geometry":{"type":"Point","coordinates":[-64.51680364901516,44.45633054072019]}},{"type":"Feature","properties":{"feat_code":"UTTO60","feat_desc":"TOWER (all except transmission line towers) point","zvalue":"64.482","angle":"0.0"},"geometry":{"type":"Point","coordinates":[-65.8710299393631,44.43122682133723]}},{"type":"Feature","properties":{"feat_code":"UTTO60","feat_desc":"TOWER (all except transmission line towers) point","zvalue":"57.172","angle":"0.0"},"geometry":{"type":"Point","coordinates":[-66.01646033629112,44.42772102057421]}},{"type":"Feature","properties":{"feat_code":"UTTK60","feat_desc":"TANK (6-15m diameter) point","zvalue":"14.435","angle":"0.0"},"geometry":{"type":"Point","coordinates":[-63.55766713050381,44.46918728993838]}},{"type":"Feature","properties":{"feat_code":"UTTO60","feat_desc":"TOWER (all except transmission line towers) point","zvalue":"80.467","angle":"0.0"},"geometry":{"type":"Point","coordinates":[-66.16681581855019,44.426997202716876]}},{"type":"Feature","properties":{"feat_code":"UTTO60","feat_desc":"TOWER (all except transmission line towers) point","zvalue":"5.85","angle":"0.0"},"geometry":{"type":"Point","coordinates":[-63.61604530237527,44.46952293704405]}},{"type":"Feature","properties":{"feat_code":"UTTO60","feat_desc":"TOWER (all except transmission line towers) point","zvalue":"10.4","angle":"0.0"},"geometry":{"type":"Point","coordinates":[-63.61758046676635,44.47022136276206]}},{"type":"Feature","properties":{"feat_code":"UTTO60","feat_desc":"TOWER (all except transmission line towers) point","zvalue":"5.93","angle":"0.0"},"geometry":{"type":"Point","coordinates":[-63.616280931592286,44.47040915752136]}},{"type":"Feature","properties":{"feat_code":"UTTO60","feat_desc":"TOWER (all except transmission line towers) point","zvalue":"16.09","angle":"0.0"},"geometry":{"type":"Point","coordinates":[-63.61949084096099,44.47063486672359]}},{"type":"Feature","properties":{"feat_code":"UTTO60","feat_desc":"TOWER (all except transmission line towers) point","zvalue":"5.88","angle":"0.0"},"geometry":{"type":"Point","coordinates":[-63.61598825689707,44.47102022283696]}},{"type":"Feature","properties":{"feat_code":"UTTO60","feat_desc":"TOWER (all except transmission line towers) point","zvalue":"5.27","angle":"0.0"},"geometry":{"type":"Point","coordinates":[-63.615272593739746,44.471101774110714]}},{"type":"Feature","properties":{"feat_code":"UTTO60","feat_desc":"TOWER (all except transmission line towers) point","zvalue":"19.57","angle":"0.0"},"geometry":{"type":"Point","coordinates":[-63.62018199834403,44.47123213970369]}},{"type":"Feature","properties":{"feat_code":"UTTO60","feat_desc":"TOWER (all except transmission line towers) point","zvalue":"19.39","angle":"0.0"},"geometry":{"type":"Point","coordinates":[-63.62057369989139,44.47146318341343]}},{"type":"Feature","properties":{"feat_code":"UTTO60","feat_desc":"TOWER (all except transmission line towers) point","zvalue":"20.63","angle":"0.0"},"geometry":{"type":"Point","coordinates":[-63.6198594236449,44.471509375068855]}},{"type":"Feature","properties":{"feat_code":"UTTO60","feat_desc":"TOWER (all except transmission line towers) point","zvalue":"22.1","angle":"0.0"},"geometry":{"type":"Point","coordinates":[-63.620254095442604,44.47173590236715]}},{"type":"Feature","properties":{"feat_code":"UTTO60","feat_desc":"TOWER (all except transmission line towers) point","zvalue":"22.43","angle":"0.0"},"geometry":{"type":"Point","coordinates":[-63.62111045135142,44.47206939200622]}},{"type":"Feature","properties":{"feat_code":"UTTO60","feat_desc":"TOWER (all except transmission line towers) point","zvalue":"22.8","angle":"0.0"},"geometry":{"type":"Point","coordinates":[-63.620846981102865,44.47211052661742]}},{"type":"Feature","properties":{"feat_code":"UTTO60","feat_desc":"TOWER (all except transmission line towers) point","zvalue":"9.92","angle":"0.0"},"geometry":{"type":"Point","coordinates":[-63.61764760738262,44.472152810570826]}},{"type":"Feature","properties":{"feat_code":"UTTO60","feat_desc":"TOWER (all except transmission line towers) point","zvalue":"23.38","angle":"0.0"},"geometry":{"type":"Point","coordinates":[-63.62083469108451,44.47225580781167]}},{"type":"Feature","properties":{"feat_code":"UTTO60","feat_desc":"TOWER (all except transmission line towers) point","zvalue":"23.38","angle":"0.0"},"geometry":{"type":"Point","coordinates":[-63.62082328470324,44.4724370051767]}},{"type":"Feature","properties":{"feat_code":"UTTO60","feat_desc":"TOWER (all except transmission line towers) point","zvalue":"26.04","angle":"0.0"},"geometry":{"type":"Point","coordinates":[-63.6203909976916,44.472541355267694]}},{"type":"Feature","properties":{"feat_code":"UTTO60","feat_desc":"TOWER (all except transmission line towers) point","zvalue":"23.05","angle":"0.0"},"geometry":{"type":"Point","coordinates":[-63.620811059591915,44.472683296876355]}},{"type":"Feature","properties":{"feat_code":"UTTO60","feat_desc":"TOWER (all except transmission line towers) point","zvalue":"4.82","angle":"0.0"},"geometry":{"type":"Point","coordinates":[-63.615950969573205,44.47274661171079]}},{"type":"Feature","properties":{"feat_code":"UTTO60","feat_desc":"TOWER (all except transmission line towers) point","zvalue":"23.02","angle":"0.0"},"geometry":{"type":"Point","coordinates":[-63.61969579048308,44.472941259433185]}},{"type":"Feature","properties":{"feat_code":"UTTO60","feat_desc":"TOWER (all except transmission line towers) point","zvalue":"21.81","angle":"0.0"},"geometry":{"type":"Point","coordinates":[-63.6207805543875,44.47304357271818]}},{"type":"Feature","properties":{"feat_code":"UTTK60","feat_desc":"TANK (6-15m diameter) point","zvalue":"9.9","angle":"0.0"},"geometry":{"type":"Point","coordinates":[-64.09010523912117,44.47259713815122]}},{"type":"Feature","properties":{"feat_code":"UTTK60","feat_desc":"TANK (6-15m diameter) point","zvalue":"9.7","angle":"0.0"},"geometry":{"type":"Point","coordinates":[-64.09015470077628,44.47268759358625]}},{"type":"Feature","properties":{"feat_code":"UTTO60","feat_desc":"TOWER (all except transmission line towers) point","zvalue":"50.092","angle":"0.0"},"geometry":{"type":"Point","coordinates":[-66.0021680625077,44.438800689531796]}},{"type":"Feature","properties":{"feat_code":"UTTO60","feat_desc":"TOWER (all except transmission line towers) point","zvalue":"83.846","angle":"0.0"},"geometry":{"type":"Point","coordinates":[-63.568332623991445,44.4798292906374]}},{"type":"Feature","properties":{"feat_code":"UTTO60","feat_desc":"TOWER (all except transmission line towers) point","zvalue":"121.511","angle":"0.0"},"geometry":{"type":"Point","coordinates":[-63.56655800474224,44.48013723243991]}},{"type":"Feature","properties":{"feat_code":"UTTO60","feat_desc":"TOWER (all except transmission line towers) point","zvalue":"88.435","angle":"0.0"},"geometry":{"type":"Point","coordinates":[-66.15776491075235,44.43796457238799]}},{"type":"Feature","properties":{"feat_code":"UTTO60","feat_desc":"TOWER (all except transmission line towers) point","zvalue":"156.956","angle":"0.0"},"geometry":{"type":"Point","coordinates":[-65.22629379913717,44.469035845111165]}},{"type":"Feature","properties":{"feat_code":"UTTO60","feat_desc":"TOWER (all except transmission line towers) point","zvalue":"68.0","angle":"0.0"},"geometry":{"type":"Point","coordinates":[-64.43280613712449,44.487236107745886]}},{"type":"Feature","properties":{"feat_code":"UTTO60","feat_desc":"TOWER (all except transmission line towers) point","zvalue":"22.1","angle":"0.0"},"geometry":{"type":"Point","coordinates":[-63.52511389386056,44.50418208663967]}},{"type":"Feature","properties":{"feat_code":"UTTO60","feat_desc":"TOWER (all except transmission line towers) point","zvalue":"38.935","angle":"0.0"},"geometry":{"type":"Point","coordinates":[-63.52319463055401,44.50736715598377]}},{"type":"Feature","properties":{"feat_code":"UTTO60","feat_desc":"TOWER (all except transmission line towers) point","zvalue":"37.925","angle":"0.0"},"geometry":{"type":"Point","coordinates":[-63.52283237928819,44.507376224044506]}},{"type":"Feature","properties":{"feat_code":"UTTO60","feat_desc":"TOWER (all except transmission line towers) point","zvalue":"37.967","angle":"0.0"},"geometry":{"type":"Point","coordinates":[-63.52301466581066,44.50742342785862]}},{"type":"Feature","properties":{"feat_code":"UTTO60","feat_desc":"TOWER (all except transmission line towers) point","zvalue":"48.895","angle":"0.0"},"geometry":{"type":"Point","coordinates":[-63.64383077199641,44.51016764721533]}},{"type":"Feature","properties":{"feat_code":"UTTO60","feat_desc":"TOWER (all except transmission line towers) point","zvalue":"74.47","angle":"0.0"},"geometry":{"type":"Point","coordinates":[-63.745355675159225,44.51061356027242]}},{"type":"Feature","properties":{"feat_code":"UTTO60","feat_desc":"TOWER (all except transmission line towers) point","zvalue":"75.29","angle":"0.0"},"geometry":{"type":"Point","coordinates":[-63.74678217748947,44.51107004080021]}},{"type":"Feature","properties":{"feat_code":"UTTO60","feat_desc":"TOWER (all except transmission line towers) point","zvalue":"87.541","angle":"-46.2"},"geometry":{"type":"Point","coordinates":[-66.07578783586716,44.488755817403344]}},{"type":"Feature","properties":{"feat_code":"UTTO60","feat_desc":"TOWER (all except transmission line towers) point","zvalue":"110.3","angle":"0.0"},"geometry":{"type":"Point","coordinates":[-64.08083595232964,44.52547250770804]}},{"type":"Feature","properties":{"feat_code":"UTTO60","feat_desc":"TOWER (all except transmission line towers) point","zvalue":"87.418","angle":"0.0"},"geometry":{"type":"Point","coordinates":[-64.08643127532352,44.525429399211866]}},{"type":"Feature","properties":{"feat_code":"UTTO60","feat_desc":"TOWER (all except transmission line towers) point","zvalue":"34.425","angle":"0.0"},"geometry":{"type":"Point","coordinates":[-63.8569245179455,44.52846816998364]}},{"type":"Feature","properties":{"feat_code":"UTTO60","feat_desc":"TOWER (all except transmission line towers) point","zvalue":"139.2","angle":"0.0"},"geometry":{"type":"Point","coordinates":[-65.8323725462962,44.49887628942687]}},{"type":"Feature","properties":{"feat_code":"UTTO60","feat_desc":"TOWER (all except transmission line towers) point","zvalue":"193.9","angle":"0.0"},"geometry":{"type":"Point","coordinates":[-65.59014628580134,44.50753113505032]}},{"type":"Feature","properties":{"feat_code":"UTTO60","feat_desc":"TOWER (all except transmission line towers) point","zvalue":"177.7","angle":"45.0"},"geometry":{"type":"Point","coordinates":[-65.59904424939697,44.51223731782714]}},{"type":"Feature","properties":{"feat_code":"UTTO60","feat_desc":"TOWER (all except transmission line towers) point","zvalue":"76.136","angle":"0.0"},"geometry":{"type":"Point","coordinates":[-63.73557141985342,44.54081612324531]}},{"type":"Feature","properties":{"feat_code":"UTSP60","feat_desc":"SEWAGE SETTLING POND  (6-15m diameter) point","zvalue":"8.2","angle":"0.0"},"geometry":{"type":"Point","coordinates":[-64.23463942368043,44.539380702880166]}},{"type":"Feature","properties":{"feat_code":"UTSP60","feat_desc":"SEWAGE SETTLING POND  (6-15m diameter) point","zvalue":"8.6","angle":"0.0"},"geometry":{"type":"Point","coordinates":[-64.2348027831652,44.539605802612805]}},{"type":"Feature","properties":{"feat_code":"UTTO60","feat_desc":"TOWER (all except transmission line towers) point","zvalue":"91.773","angle":"0.0"},"geometry":{"type":"Point","coordinates":[-64.74200289026383,44.54180594919908]}},{"type":"Feature","properties":{"feat_code":"UTTO60","feat_desc":"TOWER (all except transmission line towers) point","zvalue":"132.244","angle":"0.0"},"geometry":{"type":"Point","coordinates":[-63.569335012163265,44.562526020895234]}},{"type":"Feature","properties":{"feat_code":"UTSS60","feat_desc":"SUBSTATION (transformer) point","zvalue":"43.3","angle":"0.0"},"geometry":{"type":"Point","coordinates":[-64.26370384870992,44.55998032118138]}},{"type":"Feature","properties":{"feat_code":"UTTO60","feat_desc":"TOWER (all except transmission line towers) point","zvalue":"56.296","angle":"0.0"},"geometry":{"type":"Point","coordinates":[-64.10133163725476,44.56482269120878]}},{"type":"Feature","properties":{"feat_code":"UTTO60","feat_desc":"TOWER (all except transmission line towers) point","zvalue":"63.0","angle":"0.0"},"geometry":{"type":"Point","coordinates":[-64.09941561942874,44.56513173852872]}},{"type":"Feature","properties":{"feat_code":"UTTO60","feat_desc":"TOWER (all except transmission line towers) point","zvalue":"63.9","angle":"0.0"},"geometry":{"type":"Point","coordinates":[-64.09862320289899,44.5651816766221]}},{"type":"Feature","properties":{"feat_code":"UTTO60","feat_desc":"TOWER (all except transmission line towers) point","zvalue":"57.5","angle":"0.0"},"geometry":{"type":"Point","coordinates":[-64.10178167489741,44.565256578167656]}},{"type":"Feature","properties":{"feat_code":"UTTO60","feat_desc":"TOWER (all except transmission line towers) point","zvalue":"57.8","angle":"0.0"},"geometry":{"type":"Point","coordinates":[-64.10098719932817,44.56533085951823]}},{"type":"Feature","properties":{"feat_code":"UTTO60","feat_desc":"TOWER (all except transmission line towers) point","zvalue":"65.3","angle":"0.0"},"geometry":{"type":"Point","coordinates":[-64.09909036908208,44.56564801675762]}},{"type":"Feature","properties":{"feat_code":"UTTO60","feat_desc":"TOWER (all except transmission line towers) point","zvalue":"57.8","angle":"0.0"},"geometry":{"type":"Point","coordinates":[-64.1033737016332,44.566136964817986]}},{"type":"Feature","properties":{"feat_code":"UTTO60","feat_desc":"TOWER (all except transmission line towers) point","zvalue":"57.9","angle":"0.0"},"geometry":{"type":"Point","coordinates":[-64.10257492893439,44.566184290969616]}},{"type":"Feature","properties":{"feat_code":"UTTO60","feat_desc":"TOWER (all except transmission line towers) point","zvalue":"58.0","angle":"0.0"},"geometry":{"type":"Point","coordinates":[-64.10302949253649,44.566648035793875]}},{"type":"Feature","properties":{"feat_code":"UTTO60","feat_desc":"TOWER (all except transmission line towers) point","zvalue":"70.7","angle":"0.0"},"geometry":{"type":"Point","coordinates":[-64.09724014689525,44.56703870313294]}},{"type":"Feature","properties":{"feat_code":"UTTO60","feat_desc":"TOWER (all except transmission line towers) point","zvalue":"71.5","angle":"0.0"},"geometry":{"type":"Point","coordinates":[-64.10015710500618,44.56712317185851]}},{"type":"Feature","properties":{"feat_code":"UTTO60","feat_desc":"TOWER (all except transmission line towers) point","zvalue":"122.78","angle":"0.4"},"geometry":{"type":"Point","coordinates":[-63.63922757464634,44.57084076327054]}},{"type":"Feature","properties":{"feat_code":"UTTO60","feat_desc":"TOWER (all except transmission line towers) point","zvalue":"58.9","angle":"0.0"},"geometry":{"type":"Point","coordinates":[-64.10307381356412,44.567727008550484]}},{"type":"Feature","properties":{"feat_code":"UTTO60","feat_desc":"TOWER (all except transmission line towers) point","zvalue":"59.3","angle":"0.0"},"geometry":{"type":"Point","coordinates":[-64.10354896515273,44.56821306777488]}},{"type":"Feature","properties":{"feat_code":"UTTO60","feat_desc":"TOWER (all except transmission line towers) point","zvalue":"58.712","angle":"0.0"},"geometry":{"type":"Point","coordinates":[-64.10273165670428,44.568256000819105]}},{"type":"Feature","properties":{"feat_code":"UTTO60","feat_desc":"TOWER (all except transmission line towers) point","zvalue":"94.4","angle":"0.0"},"geometry":{"type":"Point","coordinates":[-64.26789590226588,44.56706298023909]}},{"type":"Feature","properties":{"feat_code":"UTTO60","feat_desc":"TOWER (all except transmission line towers) point","zvalue":"94.0","angle":"0.0"},"geometry":{"type":"Point","coordinates":[-64.26761400049989,44.56718766258681]}},{"type":"Feature","properties":{"feat_code":"UTTK60","feat_desc":"TANK (6-15m diameter) point","zvalue":"84.9","angle":"0.0"},"geometry":{"type":"Point","coordinates":[-65.58278922739919,44.553716875862236]}},{"type":"Feature","properties":{"feat_code":"UTSS60","feat_desc":"SUBSTATION (transformer) point","zvalue":"123.0","angle":"64.0"},"geometry":{"type":"Point","coordinates":[-64.68068169254579,44.57204052268439]}},{"type":"Feature","properties":{"feat_code":"UTTK60","feat_desc":"TANK (6-15m diameter) point","zvalue":"28.479","angle":"0.0"},"geometry":{"type":"Point","coordinates":[-64.16048161617226,44.5825085078623]}},{"type":"Feature","properties":{"feat_code":"UTTK60","feat_desc":"TANK (6-15m diameter) point","zvalue":"28.43","angle":"0.0"},"geometry":{"type":"Point","coordinates":[-64.16042689203115,44.58251273700252]}},{"type":"Feature","properties":{"feat_code":"UTTO60","feat_desc":"TOWER (all except transmission line towers) point","zvalue":"23.9","angle":"0.0"},"geometry":{"type":"Point","coordinates":[-64.16129089052588,44.582521734200434]}},{"type":"Feature","properties":{"feat_code":"UTTO60","feat_desc":"TOWER (all except transmission line towers) point","zvalue":"162.846","angle":"0.0"},"geometry":{"type":"Point","coordinates":[-64.68408558784522,44.57708278840801]}},{"type":"Feature","properties":{"feat_code":"UTTK60","feat_desc":"TANK (6-15m diameter) point","zvalue":"33.539","angle":"0.0"},"geometry":{"type":"Point","coordinates":[-64.16199894850722,44.58363315339892]}},{"type":"Feature","properties":{"feat_code":"UTTK60","feat_desc":"TANK (6-15m diameter) point","zvalue":"123.142","angle":"0.0"},"geometry":{"type":"Point","coordinates":[-65.63022893870335,44.559326094966394]}},{"type":"Feature","properties":{"feat_code":"UTTK60","feat_desc":"TANK (6-15m diameter) point","zvalue":"29.906","angle":"0.0"},"geometry":{"type":"Point","coordinates":[-64.16209644980147,44.58391770432017]}},{"type":"Feature","properties":{"feat_code":"UTTK60","feat_desc":"TANK (6-15m diameter) point","zvalue":"25.0","angle":"0.0"},"geometry":{"type":"Point","coordinates":[-64.16142088027046,44.58392571137659]}},{"type":"Feature","properties":{"feat_code":"UTTO60","feat_desc":"TOWER (all except transmission line towers) point","zvalue":"3.472","angle":"0.0"},"geometry":{"type":"Point","coordinates":[-63.45025760896258,44.59036088946]}},{"type":"Feature","properties":{"feat_code":"UTTO60","feat_desc":"TOWER (all except transmission line towers) point","zvalue":"7.1","angle":"0.0"},"geometry":{"type":"Point","coordinates":[-63.45097721691179,44.59111325788128]}},{"type":"Feature","properties":{"feat_code":"UTTO60","feat_desc":"TOWER (all except transmission line towers) point","zvalue":"41.242","angle":"0.0"},"geometry":{"type":"Point","coordinates":[-63.45153100229079,44.59192210229506]}},{"type":"Feature","properties":{"feat_code":"UTTK60","feat_desc":"TANK (6-15m diameter) point","zvalue":"33.6","angle":"0.0"},"geometry":{"type":"Point","coordinates":[-64.06994893496228,44.588459997397045]}},{"type":"Feature","properties":{"feat_code":"UTTK60","feat_desc":"TANK (6-15m diameter) point","zvalue":"33.0","angle":"0.0"},"geometry":{"type":"Point","coordinates":[-64.06997251131111,44.58857770995379]}},{"type":"Feature","properties":{"feat_code":"UTTO60","feat_desc":"TOWER (all except transmission line towers) point","zvalue":"11.685","angle":"0.0"},"geometry":{"type":"Point","coordinates":[-63.44448155652005,44.593255838225495]}},{"type":"Feature","properties":{"feat_code":"UTTK60","feat_desc":"TANK (6-15m diameter) point","zvalue":"50.8","angle":"0.0"},"geometry":{"type":"Point","coordinates":[-65.63370925675261,44.5657049424514]}},{"type":"Feature","properties":{"feat_code":"UTTO60","feat_desc":"TOWER (all except transmission line towers) point","zvalue":"233.161","angle":"0.0"},"geometry":{"type":"Point","coordinates":[-65.00878134454352,44.57868232322436]}},{"type":"Feature","properties":{"feat_code":"UTTK60","feat_desc":"TANK (6-15m diameter) point","zvalue":"34.8","angle":"0.0"},"geometry":{"type":"Point","coordinates":[-64.06755656981551,44.59176291624338]}},{"type":"Feature","properties":{"feat_code":"UTTK60","feat_desc":"TANK (6-15m diameter) point","zvalue":"34.8","angle":"0.0"},"geometry":{"type":"Point","coordinates":[-64.06756864108416,44.59187173423411]}},{"type":"Feature","properties":{"feat_code":"UTTK60","feat_desc":"TANK (6-15m diameter) point","zvalue":"19.41","angle":"-39.1"},"geometry":{"type":"Point","coordinates":[-63.44927805931732,44.596299040720794]}},{"type":"Feature","properties":{"feat_code":"UTTO60","feat_desc":"TOWER (all except transmission line towers) point","zvalue":"18.31","angle":"0.0"},"geometry":{"type":"Point","coordinates":[-63.44598024142798,44.596583483251344]}},{"type":"Feature","properties":{"feat_code":"UTTO60","feat_desc":"TOWER (all except transmission line towers) point","zvalue":"43.39","angle":"0.0"},"geometry":{"type":"Point","coordinates":[-63.44640103407111,44.59661773253365]}},{"type":"Feature","properties":{"feat_code":"UTTO60","feat_desc":"TOWER (all except transmission line towers) point","zvalue":"120.405","angle":"0.0"},"geometry":{"type":"Point","coordinates":[-63.608689753514426,44.598447191638876]}},{"type":"Feature","properties":{"feat_code":"UTTK60","feat_desc":"TANK (6-15m diameter) point","zvalue":"33.1","angle":"0.0"},"geometry":{"type":"Point","coordinates":[-63.51484146423624,44.6003220207415]}},{"type":"Feature","properties":{"feat_code":"UTTO60","feat_desc":"TOWER (all except transmission line towers) point","zvalue":"13.3","angle":"0.0"},"geometry":{"type":"Point","coordinates":[-63.44724817728354,44.60230190057207]}},{"type":"Feature","properties":{"feat_code":"UTTO60","feat_desc":"TOWER (all except transmission line towers) point","zvalue":"107.74","angle":"0.0"},"geometry":{"type":"Point","coordinates":[-63.6859301914637,44.601849884676824]}},{"type":"Feature","properties":{"feat_code":"UTTO60","feat_desc":"TOWER (all except transmission line towers) point","zvalue":"103.92","angle":"0.0"},"geometry":{"type":"Point","coordinates":[-63.68496257853755,44.60209750050518]}},{"type":"Feature","properties":{"feat_code":"UTTO60","feat_desc":"TOWER (all except transmission line towers) point","zvalue":"112.78","angle":"0.0"},"geometry":{"type":"Point","coordinates":[-63.675977294249364,44.60229530258181]}},{"type":"Feature","properties":{"feat_code":"UTTO60","feat_desc":"TOWER (all except transmission line towers) point","zvalue":"142.7","angle":"0.0"},"geometry":{"type":"Point","coordinates":[-65.66645919665685,44.5756115096915]}},{"type":"Feature","properties":{"feat_code":"UTTO60","feat_desc":"TOWER (all except transmission line towers) point","zvalue":"120.0","angle":"0.0"},"geometry":{"type":"Point","coordinates":[-65.79664932315744,44.575539205380224]}},{"type":"Feature","properties":{"feat_code":"UTTO60","feat_desc":"TOWER (all except transmission line towers) point","zvalue":"119.359","angle":"0.0"},"geometry":{"type":"Point","coordinates":[-63.6775099108812,44.608082885921185]}},{"type":"Feature","properties":{"feat_code":"UTTO60","feat_desc":"TOWER (all except transmission line towers) point","zvalue":"117.904","angle":"0.0"},"geometry":{"type":"Point","coordinates":[-65.79465510175928,44.576560743016216]}},{"type":"Feature","properties":{"feat_code":"UTTO60","feat_desc":"TOWER (all except transmission line towers) point","zvalue":"20.0","angle":"0.0"},"geometry":{"type":"Point","coordinates":[-65.91289155066787,44.5740973624319]}},{"type":"Feature","properties":{"feat_code":"UTTK60","feat_desc":"TANK (6-15m diameter) point","zvalue":"36.5","angle":"0.0"},"geometry":{"type":"Point","coordinates":[-63.422344114403096,44.6131664535214]}},{"type":"Feature","properties":{"feat_code":"UTTO60","feat_desc":"TOWER (all except transmission line towers) point","zvalue":"17.77","angle":"-2.7"},"geometry":{"type":"Point","coordinates":[-63.49265281480317,44.61472213915701]}},{"type":"Feature","properties":{"feat_code":"UTTO60","feat_desc":"TOWER (all except transmission line towers) point","zvalue":"18.241","angle":"0.0"},"geometry":{"type":"Point","coordinates":[-63.4190142738355,44.61519367481414]}},{"type":"Feature","properties":{"feat_code":"UTTO60","feat_desc":"TOWER (all except transmission line towers) point","zvalue":"92.036","angle":"0.0"},"geometry":{"type":"Point","coordinates":[-64.13399696851349,44.61129395526769]}},{"type":"Feature","properties":{"feat_code":"UTTO60","feat_desc":"TOWER (all except transmission line towers) point","zvalue":"41.162","angle":"0.0"},"geometry":{"type":"Point","coordinates":[-63.47492428601376,44.6166064845933]}},{"type":"Feature","properties":{"feat_code":"UTTO60","feat_desc":"TOWER (all except transmission line towers) point","zvalue":"54.4","angle":"4.3"},"geometry":{"type":"Point","coordinates":[-63.60936779400583,44.6163750975709]}},{"type":"Feature","properties":{"feat_code":"UTTO60","feat_desc":"TOWER (all except transmission line towers) point","zvalue":"8.85","angle":"0.0"},"geometry":{"type":"Point","coordinates":[-63.536690992525756,44.61694036897948]}},{"type":"Feature","properties":{"feat_code":"UTTK60","feat_desc":"TANK (6-15m diameter) point","zvalue":"11.2","angle":"0.0"},"geometry":{"type":"Point","coordinates":[-63.497437499986134,44.61759400246688]}},{"type":"Feature","properties":{"feat_code":"UTTK60","feat_desc":"TANK (6-15m diameter) point","zvalue":"13.6","angle":"0.0"},"geometry":{"type":"Point","coordinates":[-63.499541187795685,44.61833203018282]}},{"type":"Feature","properties":{"feat_code":"UTTK60","feat_desc":"TANK (6-15m diameter) point","zvalue":"13.6","angle":"0.0"},"geometry":{"type":"Point","coordinates":[-63.49966660061627,44.61840530228104]}},{"type":"Feature","properties":{"feat_code":"UTTK60","feat_desc":"TANK (6-15m diameter) point","zvalue":"73.75","angle":"0.0"},"geometry":{"type":"Point","coordinates":[-63.742453086757,44.618160556996166]}},{"type":"Feature","properties":{"feat_code":"UTTO60","feat_desc":"TOWER (all except transmission line towers) point","zvalue":"105.995","angle":"0.0"},"geometry":{"type":"Point","coordinates":[-64.28026650208795,44.61519567314055]}},{"type":"Feature","properties":{"feat_code":"UTTK60","feat_desc":"TANK (6-15m diameter) point","zvalue":"23.2","angle":"0.0"},"geometry":{"type":"Point","coordinates":[-63.49860867650795,44.62130333695896]}},{"type":"Feature","properties":{"feat_code":"UTTK60","feat_desc":"TANK (6-15m diameter) point","zvalue":"23.3","angle":"0.0"},"geometry":{"type":"Point","coordinates":[-63.49877175446391,44.621358440515]}},{"type":"Feature","properties":{"feat_code":"UTTK60","feat_desc":"TANK (6-15m diameter) point","zvalue":"22.2","angle":"0.0"},"geometry":{"type":"Point","coordinates":[-63.498972346054046,44.62137827011537]}},{"type":"Feature","properties":{"feat_code":"UTTK60","feat_desc":"TANK (6-15m diameter) point","zvalue":"22.7","angle":"0.0"},"geometry":{"type":"Point","coordinates":[-63.49901039904706,44.621406002670945]}},{"type":"Feature","properties":{"feat_code":"UTTK60","feat_desc":"TANK (6-15m diameter) point","zvalue":"39.6","angle":"0.0"},"geometry":{"type":"Point","coordinates":[-63.492724333049125,44.62201666764106]}},{"type":"Feature","properties":{"feat_code":"UTTO60","feat_desc":"TOWER (all except transmission line towers) point","zvalue":"183.617","angle":"0.0"},"geometry":{"type":"Point","coordinates":[-64.5784995265669,44.614776702991286]}},{"type":"Feature","properties":{"feat_code":"UTTK60","feat_desc":"TANK (6-15m diameter) point","zvalue":"10.05","angle":"0.0"},"geometry":{"type":"Point","coordinates":[-63.50995745870851,44.62526809796491]}},{"type":"Feature","properties":{"feat_code":"UTTK60","feat_desc":"TANK (6-15m diameter) point","zvalue":"9.65","angle":"0.0"},"geometry":{"type":"Point","coordinates":[-63.51001577587306,44.62536908884076]}},{"type":"Feature","properties":{"feat_code":"UTTK60","feat_desc":"TANK (6-15m diameter) point","zvalue":"22.475","angle":"0.0"},"geometry":{"type":"Point","coordinates":[-63.508320371444455,44.6259919872162]}},{"type":"Feature","properties":{"feat_code":"UTTK60","feat_desc":"TANK (6-15m diameter) point","zvalue":"24.175","angle":"0.0"},"geometry":{"type":"Point","coordinates":[-63.50813257156901,44.62609098633485]}},{"type":"Feature","properties":{"feat_code":"UTTK60","feat_desc":"TANK (6-15m diameter) point","zvalue":"20.753","angle":"0.0"},"geometry":{"type":"Point","coordinates":[-63.57995835015129,44.62648638313001]}},{"type":"Feature","properties":{"feat_code":"UTTO60","feat_desc":"TOWER (all except transmission line towers) point","zvalue":"107.0","angle":"0.0"},"geometry":{"type":"Point","coordinates":[-63.66988399478925,44.6277164866544]}},{"type":"Feature","properties":{"feat_code":"UTTK60","feat_desc":"TANK (6-15m diameter) point","zvalue":"39.021","angle":"339.21"},"geometry":{"type":"Point","coordinates":[-65.75914023419827,44.5975864217032]}},{"type":"Feature","properties":{"feat_code":"UTTK60","feat_desc":"TANK (6-15m diameter) point","zvalue":"39.021","angle":"353.51"},"geometry":{"type":"Point","coordinates":[-65.7589803907764,44.59761430449897]}},{"type":"Feature","properties":{"feat_code":"UTTK60","feat_desc":"TANK (6-15m diameter) point","zvalue":"39.021","angle":"336.65"},"geometry":{"type":"Point","coordinates":[-65.7590792139778,44.59762181801956]}},{"type":"Feature","properties":{"feat_code":"UTTK60","feat_desc":"TANK (6-15m diameter) point","zvalue":"39.021","angle":"354.97"},"geometry":{"type":"Point","coordinates":[-65.7589238748615,44.597650366045855]}},{"type":"Feature","properties":{"feat_code":"UTTK60","feat_desc":"TANK (6-15m diameter) point","zvalue":"39.021","angle":"351.64"},"geometry":{"type":"Point","coordinates":[-65.7590245145763,44.59765659336795]}},{"type":"Feature","properties":{"feat_code":"UTTK60","feat_desc":"TANK (6-15m diameter) point","zvalue":"39.021","angle":"0.21"},"geometry":{"type":"Point","coordinates":[-65.75896350858544,44.59768617372424]}},{"type":"Feature","properties":{"feat_code":"UTTO60","feat_desc":"TOWER (all except transmission line towers) point","zvalue":"18.68","angle":"-27.7"},"geometry":{"type":"Point","coordinates":[-63.597350544312434,44.63013897394611]}},{"type":"Feature","properties":{"feat_code":"UTTK60","feat_desc":"TANK (6-15m diameter) point","zvalue":"28.08","angle":"-59.0"},"geometry":{"type":"Point","coordinates":[-63.56924708068645,44.631598584874695]}},{"type":"Feature","properties":{"feat_code":"UTTK60","feat_desc":"TANK (6-15m diameter) point","zvalue":"24.73","angle":"-50.8"},"geometry":{"type":"Point","coordinates":[-63.56915632698138,44.63165215195681]}},{"type":"Feature","properties":{"feat_code":"UTTK60","feat_desc":"TANK (6-15m diameter) point","zvalue":"27.46","angle":"-65.0"},"geometry":{"type":"Point","coordinates":[-63.569305946480924,44.63168777634028]}},{"type":"Feature","properties":{"feat_code":"UTTK60","feat_desc":"TANK (6-15m diameter) point","zvalue":"24.73","angle":"-50.8"},"geometry":{"type":"Point","coordinates":[-63.5692071869109,44.63169619080154]}},{"type":"Feature","properties":{"feat_code":"UTTK60","feat_desc":"TANK (6-15m diameter) point","zvalue":"24.73","angle":"-53.3"},"geometry":{"type":"Point","coordinates":[-63.56925312499652,44.63173971400552]}},{"type":"Feature","properties":{"feat_code":"UTTK60","feat_desc":"TANK (6-15m diameter) point","zvalue":"27.15","angle":"-66.4"},"geometry":{"type":"Point","coordinates":[-63.56935064026314,44.6317587633436]}},{"type":"Feature","properties":{"feat_code":"UTTO60","feat_desc":"TOWER (all except transmission line towers) point","zvalue":"139.63","angle":"-0.8"},"geometry":{"type":"Point","coordinates":[-65.94119872577089,44.59542547357596]}},{"type":"Feature","properties":{"feat_code":"UTTO60","feat_desc":"TOWER (all except transmission line towers) point","zvalue":"35.113","angle":"0.0"},"geometry":{"type":"Point","coordinates":[-65.77885878555117,44.600122304907536]}},{"type":"Feature","properties":{"feat_code":"UTTO60","feat_desc":"TOWER (all except transmission line towers) point","zvalue":"41.223","angle":"0.0"},"geometry":{"type":"Point","coordinates":[-63.499959586521825,44.633146681741486]}},{"type":"Feature","properties":{"feat_code":"UTTK60","feat_desc":"TANK (6-15m diameter) point","zvalue":"29.875","angle":"0.0"},"geometry":{"type":"Point","coordinates":[-63.51487751638873,44.63357345150925]}},{"type":"Feature","properties":{"feat_code":"UTTK60","feat_desc":"TANK (6-15m diameter) point","zvalue":"30.075","angle":"0.0"},"geometry":{"type":"Point","coordinates":[-63.51489359709426,44.63359406676169]}},{"type":"Feature","properties":{"feat_code":"UTTO60","feat_desc":"TOWER (all except transmission line towers) point","zvalue":"44.335","angle":"0.0"},"geometry":{"type":"Point","coordinates":[-63.433759498078096,44.63475432675498]}},{"type":"Feature","properties":{"feat_code":"UTTK60","feat_desc":"TANK (6-15m diameter) point","zvalue":"39.1","angle":"0.0"},"geometry":{"type":"Point","coordinates":[-63.515461824758674,44.63441809521397]}},{"type":"Feature","properties":{"feat_code":"UTTK60","feat_desc":"TANK (6-15m diameter) point","zvalue":"39.3","angle":"0.0"},"geometry":{"type":"Point","coordinates":[-63.51541061225573,44.63447234134585]}},{"type":"Feature","properties":{"feat_code":"UTTK60","feat_desc":"TANK (6-15m diameter) point","zvalue":"39.3","angle":"0.0"},"geometry":{"type":"Point","coordinates":[-63.51534670452916,44.63451674198989]}},{"type":"Feature","properties":{"feat_code":"UTTO60","feat_desc":"TOWER (all except transmission line towers) point","zvalue":"116.58","angle":"0.0"},"geometry":{"type":"Point","coordinates":[-63.71698372704192,44.633771688841954]}},{"type":"Feature","properties":{"feat_code":"UTTO60","feat_desc":"TOWER (all except transmission line towers) point","zvalue":"74.8","angle":"0.0"},"geometry":{"type":"Point","coordinates":[-63.69723345380273,44.63497238278306]}},{"type":"Feature","properties":{"feat_code":"UTTO60","feat_desc":"TOWER (all except transmission line towers) point","zvalue":"53.9","angle":"0.0"},"geometry":{"type":"Point","coordinates":[-63.507930145236635,44.63663436985874]}},{"type":"Feature","properties":{"feat_code":"UTTO60","feat_desc":"TOWER (all except transmission line towers) point","zvalue":"51.55","angle":"0.0"},"geometry":{"type":"Point","coordinates":[-63.50803336849945,44.63666158441206]}},{"type":"Feature","properties":{"feat_code":"UTTK60","feat_desc":"TANK (6-15m diameter) point","zvalue":"9.7","angle":"0.0"},"geometry":{"type":"Point","coordinates":[-63.535077053524276,44.63686769190787]}},{"type":"Feature","properties":{"feat_code":"UTTO60","feat_desc":"TOWER (all except transmission line towers) point","zvalue":"62.5","angle":"0.0"},"geometry":{"type":"Point","coordinates":[-63.50736260922116,44.637038980036436]}},{"type":"Feature","properties":{"feat_code":"UTTK60","feat_desc":"TANK (6-15m diameter) point","zvalue":"9.95","angle":"0.0"},"geometry":{"type":"Point","coordinates":[-63.53503262962692,44.63692212206552]}},{"type":"Feature","properties":{"feat_code":"UTTK60","feat_desc":"TANK (6-15m diameter) point","zvalue":"37.638","angle":"0.0"},"geometry":{"type":"Point","coordinates":[-63.58218593839438,44.63751561996638]}},{"type":"Feature","properties":{"feat_code":"UTTK60","feat_desc":"TANK (6-15m diameter) point","zvalue":"8.903","angle":"0.0"},"geometry":{"type":"Point","coordinates":[-63.56746562935118,44.63763041929573]}},{"type":"Feature","properties":{"feat_code":"UTTK60","feat_desc":"TANK (6-15m diameter) point","zvalue":"37.9","angle":"0.0"},"geometry":{"type":"Point","coordinates":[-63.582208440778565,44.63755934740195]}},{"type":"Feature","properties":{"feat_code":"UTTK60","feat_desc":"TANK (6-15m diameter) point","zvalue":"36.85","angle":"0.0"},"geometry":{"type":"Point","coordinates":[-63.58237579238504,44.637627120161376]}},{"type":"Feature","properties":{"feat_code":"UTTK60","feat_desc":"TANK (6-15m diameter) point","zvalue":"35.85","angle":"0.0"},"geometry":{"type":"Point","coordinates":[-63.58152988394864,44.637772949772895]}},{"type":"Feature","properties":{"feat_code":"UTTK60","feat_desc":"TANK (6-15m diameter) point","zvalue":"26.5","angle":"0.0"},"geometry":{"type":"Point","coordinates":[-63.53727725623237,44.638365973609105]}},{"type":"Feature","properties":{"feat_code":"UTTK60","feat_desc":"TANK (6-15m diameter) point","zvalue":"24.6","angle":"0.0"},"geometry":{"type":"Point","coordinates":[-63.53595151306591,44.63926434980483]}},{"type":"Feature","properties":{"feat_code":"UTTK60","feat_desc":"TANK (6-15m diameter) point","zvalue":"23.9","angle":"0.0"},"geometry":{"type":"Point","coordinates":[-63.53600219559439,44.63929111942888]}},{"type":"Feature","properties":{"feat_code":"UTTK60","feat_desc":"TANK (6-15m diameter) point","zvalue":"24.7","angle":"0.0"},"geometry":{"type":"Point","coordinates":[-63.53590022436872,44.63930870269319]}},{"type":"Feature","properties":{"feat_code":"UTTO60","feat_desc":"TOWER (all except transmission line towers) point","zvalue":"25.95","angle":"0.0"},"geometry":{"type":"Point","coordinates":[-63.55875679656647,44.64057273777963]}},{"type":"Feature","properties":{"feat_code":"UTTO60","feat_desc":"TOWER (all except transmission line towers) point","zvalue":"51.95","angle":"0.0"},"geometry":{"type":"Point","coordinates":[-63.51844982112985,44.64164036143978]}},{"type":"Feature","properties":{"feat_code":"UTTK60","feat_desc":"TANK (6-15m diameter) point","zvalue":"46.2","angle":"0.0"},"geometry":{"type":"Point","coordinates":[-63.53388582382619,44.64225294896043]}},{"type":"Feature","properties":{"feat_code":"UTTK60","feat_desc":"TANK (6-15m diameter) point","zvalue":"46.2","angle":"0.0"},"geometry":{"type":"Point","coordinates":[-63.53373186237933,44.64237700266258]}},{"type":"Feature","properties":{"feat_code":"UTTO60","feat_desc":"TOWER (all except transmission line towers) point","zvalue":"18.7","angle":"0.0"},"geometry":{"type":"Point","coordinates":[-63.958075643359344,44.63970809928196]}},{"type":"Feature","properties":{"feat_code":"UTTK60","feat_desc":"TANK (6-15m diameter) point","zvalue":"46.2","angle":"0.0"},"geometry":{"type":"Point","coordinates":[-63.533590600223114,44.6425108995589]}},{"type":"Feature","properties":{"feat_code":"UTTK60","feat_desc":"TANK (6-15m diameter) point","zvalue":"48.1","angle":"0.0"},"geometry":{"type":"Point","coordinates":[-63.53245621852923,44.6425648073191]}},{"type":"Feature","properties":{"feat_code":"UTTK60","feat_desc":"TANK (6-15m diameter) point","zvalue":"47.9","angle":"0.0"},"geometry":{"type":"Point","coordinates":[-63.53399329548308,44.642559431339734]}},{"type":"Feature","properties":{"feat_code":"UTTK60","feat_desc":"TANK (6-15m diameter) point","zvalue":"48.3","angle":"0.0"},"geometry":{"type":"Point","coordinates":[-63.53223843179117,44.64274227122317]}},{"type":"Feature","properties":{"feat_code":"UTTO60","feat_desc":"TOWER (all except transmission line towers) point","zvalue":"42.244","angle":"0.0"},"geometry":{"type":"Point","coordinates":[-65.76931622013902,44.61141449845154]}},{"type":"Feature","properties":{"feat_code":"UTTK60","feat_desc":"TANK (6-15m diameter) point","zvalue":"9.275","angle":"0.0"},"geometry":{"type":"Point","coordinates":[-63.54328002121793,44.64373757581799]}},{"type":"Feature","properties":{"feat_code":"UTTK60","feat_desc":"TANK (6-15m diameter) point","zvalue":"49.4","angle":"0.0"},"geometry":{"type":"Point","coordinates":[-63.53283842385075,44.6438188716223]}},{"type":"Feature","properties":{"feat_code":"UTTK60","feat_desc":"TANK (6-15m diameter) point","zvalue":"8.9","angle":"0.0"},"geometry":{"type":"Point","coordinates":[-63.543230251009774,44.64379042308621]}},{"type":"Feature","properties":{"feat_code":"UTTK60","feat_desc":"TANK (6-15m diameter) point","zvalue":"9.175","angle":"0.0"},"geometry":{"type":"Point","coordinates":[-63.54330700215264,44.64386139368417]}},{"type":"Feature","properties":{"feat_code":"UTTO60","feat_desc":"TOWER (all except transmission line towers) point","zvalue":"50.54","angle":"0.0"},"geometry":{"type":"Point","coordinates":[-64.02701998405536,44.64113524691426]}},{"type":"Feature","properties":{"feat_code":"UTTK60","feat_desc":"TANK (6-15m diameter) point","zvalue":"50.438","angle":"0.0"},"geometry":{"type":"Point","coordinates":[-63.58660644556948,44.645048167489186]}},{"type":"Feature","properties":{"feat_code":"UTTK60","feat_desc":"TANK (6-15m diameter) point","zvalue":"48.488","angle":"0.0"},"geometry":{"type":"Point","coordinates":[-63.58613155789417,44.645174884961705]}},{"type":"Feature","properties":{"feat_code":"UTTK60","feat_desc":"TANK (6-15m diameter) point","zvalue":"49.838","angle":"0.0"},"geometry":{"type":"Point","coordinates":[-63.58603094376546,44.645201526492194]}},{"type":"Feature","properties":{"feat_code":"UTTK60","feat_desc":"TANK (6-15m diameter) point","zvalue":"50.638","angle":"0.0"},"geometry":{"type":"Point","coordinates":[-63.58605277456187,44.64524810134136]}},{"type":"Feature","properties":{"feat_code":"UTTO60","feat_desc":"TOWER (all except transmission line towers) point","zvalue":"142.51","angle":"-8.5"},"geometry":{"type":"Point","coordinates":[-63.66103449872871,44.64640852301801]}},{"type":"Feature","properties":{"feat_code":"UTTO60","feat_desc":"TOWER (all except transmission line towers) point","zvalue":"59.23","angle":"0.0"},"geometry":{"type":"Point","coordinates":[-64.02328248222727,44.64399287380614]}},{"type":"Feature","properties":{"feat_code":"UTTO60","feat_desc":"TOWER (all except transmission line towers) point","zvalue":"29.042","angle":"25.0"},"geometry":{"type":"Point","coordinates":[-62.148937396306856,44.96475223955761]}},{"type":"Feature","properties":{"feat_code":"UTTO60","feat_desc":"TOWER (all except transmission line towers) point","zvalue":"46.387","angle":"0.0"},"geometry":{"type":"Point","coordinates":[-63.98461764519357,44.96376783669174]}},{"type":"Feature","properties":{"feat_code":"UTTO60","feat_desc":"TOWER (all except transmission line towers) point","zvalue":"46.218","angle":"0.0"},"geometry":{"type":"Point","coordinates":[-63.984372331699156,44.96384816979097]}},{"type":"Feature","properties":{"feat_code":"UTTO60","feat_desc":"TOWER (all except transmission line towers) point","zvalue":"46.151","angle":"0.0"},"geometry":{"type":"Point","coordinates":[-63.9848391667975,44.9638821780397]}},{"type":"Feature","properties":{"feat_code":"UTTO60","feat_desc":"TOWER (all except transmission line towers) point","zvalue":"46.168","angle":"0.0"},"geometry":{"type":"Point","coordinates":[-63.98434345643303,44.964038531518405]}},{"type":"Feature","properties":{"feat_code":"UTTO60","feat_desc":"TOWER (all except transmission line towers) point","zvalue":"46.05","angle":"0.0"},"geometry":{"type":"Point","coordinates":[-63.98481402545489,44.964073542910555]}},{"type":"Feature","properties":{"feat_code":"UTTO60","feat_desc":"TOWER (all except transmission line towers) point","zvalue":"46.05","angle":"0.0"},"geometry":{"type":"Point","coordinates":[-63.98456374471971,44.964153388137326]}},{"type":"Feature","properties":{"feat_code":"UTTO60","feat_desc":"TOWER (all except transmission line towers) point","zvalue":"46.755","angle":"0.0"},"geometry":{"type":"Point","coordinates":[-63.98388504849848,44.964269836011695]}},{"type":"Feature","properties":{"feat_code":"UTTO60","feat_desc":"TOWER (all except transmission line towers) point","zvalue":"47.323","angle":"0.0"},"geometry":{"type":"Point","coordinates":[-63.98268605408649,44.96447640320591]}},{"type":"Feature","properties":{"feat_code":"UTTO60","feat_desc":"TOWER (all except transmission line towers) point","zvalue":"47.071","angle":"0.0"},"geometry":{"type":"Point","coordinates":[-63.98295632625519,44.964481413718616]}},{"type":"Feature","properties":{"feat_code":"UTTO60","feat_desc":"TOWER (all except transmission line towers) point","zvalue":"44.448","angle":"0.0"},"geometry":{"type":"Point","coordinates":[-63.985807568645605,44.964554263913996]}},{"type":"Feature","properties":{"feat_code":"UTTO60","feat_desc":"TOWER (all except transmission line towers) point","zvalue":"47.374","angle":"0.0"},"geometry":{"type":"Point","coordinates":[-63.982542611501636,44.96463872790841]}},{"type":"Feature","properties":{"feat_code":"UTTO60","feat_desc":"TOWER (all except transmission line towers) point","zvalue":"47.066","angle":"0.0"},"geometry":{"type":"Point","coordinates":[-63.98308211485114,44.96464858689683]}},{"type":"Feature","properties":{"feat_code":"UTTO60","feat_desc":"TOWER (all except transmission line towers) point","zvalue":"43.776","angle":"0.0"},"geometry":{"type":"Point","coordinates":[-63.98603284376546,44.96477636022589]}},{"type":"Feature","properties":{"feat_code":"UTTO60","feat_desc":"TOWER (all except transmission line towers) point","zvalue":"47.407","angle":"0.0"},"geometry":{"type":"Point","coordinates":[-63.98267230200935,44.9648087125867]}},{"type":"Feature","properties":{"feat_code":"UTTO60","feat_desc":"TOWER (all except transmission line towers) point","zvalue":"47.071","angle":"0.0"},"geometry":{"type":"Point","coordinates":[-63.98294428192408,44.964813393362746]}},{"type":"Feature","properties":{"feat_code":"UTTO60","feat_desc":"TOWER (all except transmission line towers) point","zvalue":"43.41","angle":"0.0"},"geometry":{"type":"Point","coordinates":[-63.98625234725739,44.96499748870836]}},{"type":"Feature","properties":{"feat_code":"UTTO60","feat_desc":"TOWER (all except transmission line towers) point","zvalue":"47.315","angle":"0.0"},"geometry":{"type":"Point","coordinates":[-63.98119114284159,44.96518842332767]}},{"type":"Feature","properties":{"feat_code":"UTTO60","feat_desc":"TOWER (all except transmission line towers) point","zvalue":"42.534","angle":"0.0"},"geometry":{"type":"Point","coordinates":[-63.9864816212602,44.96522261025377]}},{"type":"Feature","properties":{"feat_code":"UTTK60","feat_desc":"TANK (6-15m diameter) point","zvalue":"24.537","angle":"262.35"},"geometry":{"type":"Point","coordinates":[-65.06702210418312,44.950819648979184]}},{"type":"Feature","properties":{"feat_code":"UTTK60","feat_desc":"TANK (6-15m diameter) point","zvalue":"23.606","angle":"270.87"},"geometry":{"type":"Point","coordinates":[-65.06667681235314,44.95088122684241]}},{"type":"Feature","properties":{"feat_code":"UTTO60","feat_desc":"TOWER (all except transmission line towers) point","zvalue":"140.274","angle":"0.0"},"geometry":{"type":"Point","coordinates":[-62.66407555763924,44.969162448495794]}},{"type":"Feature","properties":{"feat_code":"UTTO60","feat_desc":"TOWER (all except transmission line towers) point","zvalue":"42.66","angle":"0.0"},"geometry":{"type":"Point","coordinates":[-63.98494639144665,44.96589625622405]}},{"type":"Feature","properties":{"feat_code":"UTTO60","feat_desc":"TOWER (all except transmission line towers) point","zvalue":"44.67","angle":"0.0"},"geometry":{"type":"Point","coordinates":[-63.98270427305789,44.96623927485472]}},{"type":"Feature","properties":{"feat_code":"UTTO60","feat_desc":"TOWER (all except transmission line towers) point","zvalue":"35.556","angle":"40.0"},"geometry":{"type":"Point","coordinates":[-63.521598290438064,44.9695949961406]}},{"type":"Feature","properties":{"feat_code":"UTTO60","feat_desc":"TOWER (all except transmission line towers) point","zvalue":"44.263","angle":"0.0"},"geometry":{"type":"Point","coordinates":[-63.98467495668305,44.96672861532229]}},{"type":"Feature","properties":{"feat_code":"UTTO60","feat_desc":"TOWER (all except transmission line towers) point","zvalue":"44.516","angle":"0.0"},"geometry":{"type":"Point","coordinates":[-63.984327895062115,44.96674670373323]}},{"type":"Feature","properties":{"feat_code":"UTTO60","feat_desc":"TOWER (all except transmission line towers) point","zvalue":"44.678","angle":"0.0"},"geometry":{"type":"Point","coordinates":[-63.98363152772623,44.966790359357844]}},{"type":"Feature","properties":{"feat_code":"UTTO60","feat_desc":"TOWER (all except transmission line towers) point","zvalue":"48.29","angle":"0.0"},"geometry":{"type":"Point","coordinates":[-63.98048736969178,44.967341907718655]}},{"type":"Feature","properties":{"feat_code":"UTTK60","feat_desc":"TANK (6-15m diameter) point","zvalue":"73.692","angle":"275.0"},"geometry":{"type":"Point","coordinates":[-64.91681635961265,44.95554241412136]}},{"type":"Feature","properties":{"feat_code":"UTTK60","feat_desc":"TANK (6-15m diameter) point","zvalue":"73.978","angle":"294.0"},"geometry":{"type":"Point","coordinates":[-64.91688088637702,44.95564810320621]}},{"type":"Feature","properties":{"feat_code":"UTTO60","feat_desc":"TOWER (all except transmission line towers) point","zvalue":"46.554","angle":"0.0"},"geometry":{"type":"Point","coordinates":[-63.98628624738413,44.96773554320296]}},{"type":"Feature","properties":{"feat_code":"UTTO60","feat_desc":"TOWER (all except transmission line towers) point","zvalue":"46.173","angle":"0.0"},"geometry":{"type":"Point","coordinates":[-63.98657975145543,44.967916468110474]}},{"type":"Feature","properties":{"feat_code":"UTTO60","feat_desc":"TOWER (all except transmission line towers) point","zvalue":"61.84","angle":"0.0"},"geometry":{"type":"Point","coordinates":[-63.98972339540998,44.96793458147879]}},{"type":"Feature","properties":{"feat_code":"UTTO60","feat_desc":"TOWER (all except transmission line towers) point","zvalue":"45.939","angle":"0.0"},"geometry":{"type":"Point","coordinates":[-63.98686522359755,44.968095517243086]}},{"type":"Feature","properties":{"feat_code":"UTTO60","feat_desc":"TOWER (all except transmission line towers) point","zvalue":"46.66","angle":"0.0"},"geometry":{"type":"Point","coordinates":[-63.98289388819075,44.96817216747386]}},{"type":"Feature","properties":{"feat_code":"UTTO60","feat_desc":"TOWER (all except transmission line towers) point","zvalue":"45.661","angle":"20.0"},"geometry":{"type":"Point","coordinates":[-63.54768049440165,44.97114440613797]}},{"type":"Feature","properties":{"feat_code":"UTTO60","feat_desc":"TOWER (all except transmission line towers) point","zvalue":"45.458","angle":"0.0"},"geometry":{"type":"Point","coordinates":[-63.98716282816534,44.96827723338569]}},{"type":"Feature","properties":{"feat_code":"UTTO60","feat_desc":"TOWER (all except transmission line towers) point","zvalue":"46.362","angle":"0.0"},"geometry":{"type":"Point","coordinates":[-63.984621849558984,44.96834501774415]}},{"type":"Feature","properties":{"feat_code":"UTTO60","feat_desc":"TOWER (all except transmission line towers) point","zvalue":"45.04","angle":"0.0"},"geometry":{"type":"Point","coordinates":[-63.98744370336742,44.96845126168997]}},{"type":"Feature","properties":{"feat_code":"UTTO60","feat_desc":"TOWER (all except transmission line towers) point","zvalue":"47.962","angle":"0.0"},"geometry":{"type":"Point","coordinates":[-63.9834944511597,44.96856228242307]}},{"type":"Feature","properties":{"feat_code":"UTTO60","feat_desc":"TOWER (all except transmission line towers) point","zvalue":"45.03","angle":"0.0"},"geometry":{"type":"Point","coordinates":[-63.98773187226285,44.96862679255463]}},{"type":"Feature","properties":{"feat_code":"UTTO60","feat_desc":"TOWER (all except transmission line towers) point","zvalue":"51.04","angle":"0.0"},"geometry":{"type":"Point","coordinates":[-63.97984372545595,44.968736967999156]}},{"type":"Feature","properties":{"feat_code":"UTTO60","feat_desc":"TOWER (all except transmission line towers) point","zvalue":"46.683","angle":"0.0"},"geometry":{"type":"Point","coordinates":[-63.98423470579044,44.96888132597501]}},{"type":"Feature","properties":{"feat_code":"UTTO60","feat_desc":"TOWER (all except transmission line towers) point","zvalue":"43.586","angle":"0.0"},"geometry":{"type":"Point","coordinates":[-63.98629137074411,44.96893788356585]}},{"type":"Feature","properties":{"feat_code":"UTTO60","feat_desc":"TOWER (all except transmission line towers) point","zvalue":"51.011","angle":"0.0"},"geometry":{"type":"Point","coordinates":[-63.981963155576885,44.96910660369844]}},{"type":"Feature","properties":{"feat_code":"UTTO60","feat_desc":"TOWER (all except transmission line towers) point","zvalue":"51.329","angle":"0.0"},"geometry":{"type":"Point","coordinates":[-63.98172739721638,44.969202971410226]}},{"type":"Feature","properties":{"feat_code":"UTTO60","feat_desc":"TOWER (all except transmission line towers) point","zvalue":"51.105","angle":"0.0"},"geometry":{"type":"Point","coordinates":[-63.98219847764175,44.969203151520546]}},{"type":"Feature","properties":{"feat_code":"UTTO60","feat_desc":"TOWER (all except transmission line towers) point","zvalue":"46.461","angle":"0.0"},"geometry":{"type":"Point","coordinates":[-63.984587044624234,44.969207976903924]}},{"type":"Feature","properties":{"feat_code":"UTTO60","feat_desc":"TOWER (all except transmission line towers) point","zvalue":"51.245","angle":"0.0"},"geometry":{"type":"Point","coordinates":[-63.98172531030301,44.96939581159493]}},{"type":"Feature","properties":{"feat_code":"UTTO60","feat_desc":"TOWER (all except transmission line towers) point","zvalue":"50.453","angle":"0.0"},"geometry":{"type":"Point","coordinates":[-63.98219473769232,44.969397122176126]}},{"type":"Feature","properties":{"feat_code":"UTTO60","feat_desc":"TOWER (all except transmission line towers) point","zvalue":"49.845","angle":"0.0"},"geometry":{"type":"Point","coordinates":[-63.982813658239024,44.96947091548092]}},{"type":"Feature","properties":{"feat_code":"UTTO60","feat_desc":"TOWER (all except transmission line towers) point","zvalue":"51.078","angle":"0.0"},"geometry":{"type":"Point","coordinates":[-63.98196065680489,44.96949523132135]}},{"type":"Feature","properties":{"feat_code":"UTTO60","feat_desc":"TOWER (all except transmission line towers) point","zvalue":"42.975","angle":"0.0"},"geometry":{"type":"Point","coordinates":[-63.98726748073325,44.96947966737466]}},{"type":"Feature","properties":{"feat_code":"UTTO60","feat_desc":"TOWER (all except transmission line towers) point","zvalue":"48.967","angle":"0.0"},"geometry":{"type":"Point","coordinates":[-63.983805215532755,44.96956319047659]}},{"type":"Feature","properties":{"feat_code":"UTTO60","feat_desc":"TOWER (all except transmission line towers) point","zvalue":"52.799","angle":"0.0"},"geometry":{"type":"Point","coordinates":[-63.98357049546528,44.969968032596135]}},{"type":"Feature","properties":{"feat_code":"UTTO60","feat_desc":"TOWER (all except transmission line towers) point","zvalue":"54.016","angle":"0.0"},"geometry":{"type":"Point","coordinates":[-63.98282489024178,44.97004167883232]}},{"type":"Feature","properties":{"feat_code":"UTTO60","feat_desc":"TOWER (all except transmission line towers) point","zvalue":"51.349","angle":"0.0"},"geometry":{"type":"Point","coordinates":[-63.98481681509259,44.97004093746906]}},{"type":"Feature","properties":{"feat_code":"UTTO60","feat_desc":"TOWER (all except transmission line towers) point","zvalue":"49.009","angle":"0.0"},"geometry":{"type":"Point","coordinates":[-63.986017555319606,44.970123854409415]}},{"type":"Feature","properties":{"feat_code":"UTTO60","feat_desc":"TOWER (all except transmission line towers) point","zvalue":"57.153","angle":"0.0"},"geometry":{"type":"Point","coordinates":[-63.983941594494844,44.97037264297225]}},{"type":"Feature","properties":{"feat_code":"UTTO60","feat_desc":"TOWER (all except transmission line towers) point","zvalue":"60.559","angle":"0.0"},"geometry":{"type":"Point","coordinates":[-63.98208922737726,44.97052634568847]}},{"type":"Feature","properties":{"feat_code":"UTTO60","feat_desc":"TOWER (all except transmission line towers) point","zvalue":"51.495","angle":"0.0"},"geometry":{"type":"Point","coordinates":[-63.988862236131446,44.970783523335285]}},{"type":"Feature","properties":{"feat_code":"UTTO60","feat_desc":"TOWER (all except transmission line towers) point","zvalue":"64.01","angle":"0.0"},"geometry":{"type":"Point","coordinates":[-63.98118491957217,44.97087377257221]}},{"type":"Feature","properties":{"feat_code":"UTTO60","feat_desc":"TOWER (all except transmission line towers) point","zvalue":"50.2","angle":"0.0"},"geometry":{"type":"Point","coordinates":[-63.987528880417166,44.97086239636967]}},{"type":"Feature","properties":{"feat_code":"UTTK60","feat_desc":"TANK (6-15m diameter) point","zvalue":"132.7","angle":"0.0"},"geometry":{"type":"Point","coordinates":[-62.92247219713084,44.97538006945962]}},{"type":"Feature","properties":{"feat_code":"UTTK60","feat_desc":"TANK (6-15m diameter) point","zvalue":"132.9","angle":"0.0"},"geometry":{"type":"Point","coordinates":[-62.92255768790437,44.97542845001576]}},{"type":"Feature","properties":{"feat_code":"UTTO60","feat_desc":"TOWER (all except transmission line towers) point","zvalue":"66.35","angle":"0.0"},"geometry":{"type":"Point","coordinates":[-63.982492196413524,44.9713391870142]}},{"type":"Feature","properties":{"feat_code":"UTTO60","feat_desc":"TOWER (all except transmission line towers) point","zvalue":"71.61","angle":"0.0"},"geometry":{"type":"Point","coordinates":[-63.983928854486855,44.97161812121745]}},{"type":"Feature","properties":{"feat_code":"UTTK60","feat_desc":"TANK (6-15m diameter) point","zvalue":"29.009","angle":"-23.9"},"geometry":{"type":"Point","coordinates":[-64.1036358089006,44.97366826873348]}},{"type":"Feature","properties":{"feat_code":"UTTK60","feat_desc":"TANK (6-15m diameter) point","zvalue":"20.052","angle":"85.0"},"geometry":{"type":"Point","coordinates":[-63.485166306937764,44.980563879955255]}},{"type":"Feature","properties":{"feat_code":"UTTK60","feat_desc":"TANK (6-15m diameter) point","zvalue":"31.054","angle":"0.0"},"geometry":{"type":"Point","coordinates":[-63.485132208238554,44.98058733087698]}},{"type":"Feature","properties":{"feat_code":"UTTK60","feat_desc":"TANK (6-15m diameter) point","zvalue":"20.052","angle":"85.0"},"geometry":{"type":"Point","coordinates":[-63.4851044844542,44.980605686608]}},{"type":"Feature","properties":{"feat_code":"UTTK60","feat_desc":"TANK (6-15m diameter) point","zvalue":"21.01","angle":"85.0"},"geometry":{"type":"Point","coordinates":[-63.48437223380258,44.981554657204946]}},{"type":"Feature","properties":{"feat_code":"UTTK60","feat_desc":"TANK (6-15m diameter) point","zvalue":"18.137","angle":"85.0"},"geometry":{"type":"Point","coordinates":[-63.484676929759566,44.98187742588118]}},{"type":"Feature","properties":{"feat_code":"UTTK60","feat_desc":"TANK (6-15m diameter) point","zvalue":"46.219","angle":"310.47"},"geometry":{"type":"Point","coordinates":[-65.03031301839765,44.965116974951364]}},{"type":"Feature","properties":{"feat_code":"UTTK60","feat_desc":"TANK (6-15m diameter) point","zvalue":"19.992","angle":"0.0"},"geometry":{"type":"Point","coordinates":[-63.48367612764327,44.982190615955815]}},{"type":"Feature","properties":{"feat_code":"UTTK60","feat_desc":"TANK (6-15m diameter) point","zvalue":"19.896","angle":"0.0"},"geometry":{"type":"Point","coordinates":[-63.483709010763654,44.98221398978967]}},{"type":"Feature","properties":{"feat_code":"UTTK60","feat_desc":"TANK (6-15m diameter) point","zvalue":"19.228","angle":"0.0"},"geometry":{"type":"Point","coordinates":[-63.48319840707471,44.98291940195401]}},{"type":"Feature","properties":{"feat_code":"UTTK60","feat_desc":"TANK (6-15m diameter) point","zvalue":"19.163","angle":"0.0"},"geometry":{"type":"Point","coordinates":[-63.48318021515725,44.98293264878077]}},{"type":"Feature","properties":{"feat_code":"UTTK60","feat_desc":"TANK (6-15m diameter) point","zvalue":"19.177","angle":"0.0"},"geometry":{"type":"Point","coordinates":[-63.48316063331947,44.982946531621636]}},{"type":"Feature","properties":{"feat_code":"UTTK60","feat_desc":"TANK (6-15m diameter) point","zvalue":"19.156","angle":"0.0"},"geometry":{"type":"Point","coordinates":[-63.48313923475711,44.98296007106863]}},{"type":"Feature","properties":{"feat_code":"UTTK60","feat_desc":"TANK (6-15m diameter) point","zvalue":"20.702","angle":"0.0"},"geometry":{"type":"Point","coordinates":[-63.48241884952131,44.98297034495559]}},{"type":"Feature","properties":{"feat_code":"UTTK60","feat_desc":"TANK (6-15m diameter) point","zvalue":"20.811","angle":"0.0"},"geometry":{"type":"Point","coordinates":[-63.48236192387118,44.98301429889161]}},{"type":"Feature","properties":{"feat_code":"UTTK60","feat_desc":"TANK (6-15m diameter) point","zvalue":"20.691","angle":"85.0"},"geometry":{"type":"Point","coordinates":[-63.48294786188968,44.983016602602454]}},{"type":"Feature","properties":{"feat_code":"UTTK60","feat_desc":"TANK (6-15m diameter) point","zvalue":"20.691","angle":"85.0"},"geometry":{"type":"Point","coordinates":[-63.482893334604576,44.98305459636964]}},{"type":"Feature","properties":{"feat_code":"UTTK60","feat_desc":"TANK (6-15m diameter) point","zvalue":"20.691","angle":"85.0"},"geometry":{"type":"Point","coordinates":[-63.48283165019319,44.98308616596932]}},{"type":"Feature","properties":{"feat_code":"UTTK60","feat_desc":"TANK (6-15m diameter) point","zvalue":"22.606","angle":"85.0"},"geometry":{"type":"Point","coordinates":[-63.483010290376946,44.983171847326894]}},{"type":"Feature","properties":{"feat_code":"UTTK60","feat_desc":"TANK (6-15m diameter) point","zvalue":"22.606","angle":"85.0"},"geometry":{"type":"Point","coordinates":[-63.482988415666746,44.98319214022365]}},{"type":"Feature","properties":{"feat_code":"UTTK60","feat_desc":"TANK (6-15m diameter) point","zvalue":"22.606","angle":"85.0"},"geometry":{"type":"Point","coordinates":[-63.48294851396228,44.98321361659089]}},{"type":"Feature","properties":{"feat_code":"UTTK60","feat_desc":"TANK (6-15m diameter) point","zvalue":"167.95","angle":"0.0"},"geometry":{"type":"Point","coordinates":[-64.37596106422667,44.97868207791991]}},{"type":"Feature","properties":{"feat_code":"UTTK60","feat_desc":"TANK (6-15m diameter) point","zvalue":"167.95","angle":"0.0"},"geometry":{"type":"Point","coordinates":[-64.37613908715939,44.978685333716655]}},{"type":"Feature","properties":{"feat_code":"UTTK60","feat_desc":"TANK (6-15m diameter) point","zvalue":"167.95","angle":"0.0"},"geometry":{"type":"Point","coordinates":[-64.37612841232225,44.97877458172127]}},{"type":"Feature","properties":{"feat_code":"UTTK60","feat_desc":"TANK (6-15m diameter) point","zvalue":"167.95","angle":"0.0"},"geometry":{"type":"Point","coordinates":[-64.37595559655519,44.978776934391725]}},{"type":"Feature","properties":{"feat_code":"UTTK60","feat_desc":"TANK (6-15m diameter) point","zvalue":"167.95","angle":"0.0"},"geometry":{"type":"Point","coordinates":[-64.3759558605084,44.978872802028675]}},{"type":"Feature","properties":{"feat_code":"UTTK60","feat_desc":"TANK (6-15m diameter) point","zvalue":"167.95","angle":"0.0"},"geometry":{"type":"Point","coordinates":[-64.37612126905343,44.97887891044587]}},{"type":"Feature","properties":{"feat_code":"UTTK60","feat_desc":"TANK (6-15m diameter) point","zvalue":"167.95","angle":"0.0"},"geometry":{"type":"Point","coordinates":[-64.37595378595132,44.97896104618251]}},{"type":"Feature","properties":{"feat_code":"UTTK60","feat_desc":"TANK (6-15m diameter) point","zvalue":"167.95","angle":"0.0"},"geometry":{"type":"Point","coordinates":[-64.37611969093633,44.97896138736876]}},{"type":"Feature","properties":{"feat_code":"UTTK60","feat_desc":"TANK (6-15m diameter) point","zvalue":"167.95","angle":"0.0"},"geometry":{"type":"Point","coordinates":[-64.3759433667465,44.979055692257944]}},{"type":"Feature","properties":{"feat_code":"UTTK60","feat_desc":"TANK (6-15m diameter) point","zvalue":"167.95","angle":"0.0"},"geometry":{"type":"Point","coordinates":[-64.37612447269659,44.97906053127803]}},{"type":"Feature","properties":{"feat_code":"UTTK60","feat_desc":"TANK (6-15m diameter) point","zvalue":"167.95","angle":"0.0"},"geometry":{"type":"Point","coordinates":[-64.37593626337384,44.9791457973977]}},{"type":"Feature","properties":{"feat_code":"UTTK60","feat_desc":"TANK (6-15m diameter) point","zvalue":"167.95","angle":"0.0"},"geometry":{"type":"Point","coordinates":[-64.37611282001217,44.97915132139264]}},{"type":"Feature","properties":{"feat_code":"UTTK60","feat_desc":"TANK (6-15m diameter) point","zvalue":"167.95","angle":"0.0"},"geometry":{"type":"Point","coordinates":[-64.37593420407197,44.97923998265307]}},{"type":"Feature","properties":{"feat_code":"UTTK60","feat_desc":"TANK (6-15m diameter) point","zvalue":"167.95","angle":"0.0"},"geometry":{"type":"Point","coordinates":[-64.37611424909605,44.97924816519645]}},{"type":"Feature","properties":{"feat_code":"UTTK60","feat_desc":"TANK (6-15m diameter) point","zvalue":"167.95","angle":"0.0"},"geometry":{"type":"Point","coordinates":[-64.37610480742372,44.97933064686337]}},{"type":"Feature","properties":{"feat_code":"UTTK60","feat_desc":"TANK (6-15m diameter) point","zvalue":"167.95","angle":"0.0"},"geometry":{"type":"Point","coordinates":[-64.3759248445919,44.97933651536492]}},{"type":"Feature","properties":{"feat_code":"UTTK60","feat_desc":"TANK (6-15m diameter) point","zvalue":"167.95","angle":"0.0"},"geometry":{"type":"Point","coordinates":[-64.3759250760123,44.97943102409007]}},{"type":"Feature","properties":{"feat_code":"UTTK60","feat_desc":"TANK (6-15m diameter) point","zvalue":"167.95","angle":"0.0"},"geometry":{"type":"Point","coordinates":[-64.37610317208168,44.97943193855299]}},{"type":"Feature","properties":{"feat_code":"UTTK60","feat_desc":"TANK (6-15m diameter) point","zvalue":"167.95","angle":"0.0"},"geometry":{"type":"Point","coordinates":[-64.37609442056488,44.9795220635597]}},{"type":"Feature","properties":{"feat_code":"UTTK60","feat_desc":"TANK (6-15m diameter) point","zvalue":"19.665","angle":"0.0"},"geometry":{"type":"Point","coordinates":[-63.604082526754354,44.70158424584713]}},{"type":"Feature","properties":{"feat_code":"UTTK60","feat_desc":"TANK (6-15m diameter) point","zvalue":"20.7","angle":"0.0"},"geometry":{"type":"Point","coordinates":[-63.60425018288664,44.70172293201737]}},{"type":"Feature","properties":{"feat_code":"UTTK60","feat_desc":"TANK (6-15m diameter) point","zvalue":"21.835","angle":"0.0"},"geometry":{"type":"Point","coordinates":[-63.60414810244057,44.701723976207475]}},{"type":"Feature","properties":{"feat_code":"UTTK60","feat_desc":"TANK (6-15m diameter) point","zvalue":"21.764","angle":"0.0"},"geometry":{"type":"Point","coordinates":[-63.604191276216845,44.701759613342404]}},{"type":"Feature","properties":{"feat_code":"UTTK60","feat_desc":"TANK (6-15m diameter) point","zvalue":"19.849","angle":"0.0"},"geometry":{"type":"Point","coordinates":[-63.60427818169306,44.70176559025342]}},{"type":"Feature","properties":{"feat_code":"UTTK60","feat_desc":"TANK (6-15m diameter) point","zvalue":"22.757","angle":"0.0"},"geometry":{"type":"Point","coordinates":[-63.604074930764725,44.70177023045895]}},{"type":"Feature","properties":{"feat_code":"UTTK60","feat_desc":"TANK (6-15m diameter) point","zvalue":"19.849","angle":"0.0"},"geometry":{"type":"Point","coordinates":[-63.604231766547024,44.701795741785155]}},{"type":"Feature","properties":{"feat_code":"UTTK60","feat_desc":"TANK (6-15m diameter) point","zvalue":"22.615","angle":"0.0"},"geometry":{"type":"Point","coordinates":[-63.60411809846235,44.701806497820904]}},{"type":"Feature","properties":{"feat_code":"UTTO60","feat_desc":"TOWER (all except transmission line towers) point","zvalue":"60.528","angle":"0.0"},"geometry":{"type":"Point","coordinates":[-63.26867696621875,44.70312249886986]}},{"type":"Feature","properties":{"feat_code":"UTTK60","feat_desc":"TANK (6-15m diameter) point","zvalue":"20.629","angle":"0.0"},"geometry":{"type":"Point","coordinates":[-63.60416486869741,44.70184325024228]}},{"type":"Feature","properties":{"feat_code":"UTTK60","feat_desc":"TANK (6-15m diameter) point","zvalue":"22.3","angle":"0.0"},"geometry":{"type":"Point","coordinates":[-63.60410245721295,44.70185486939497]}},{"type":"Feature","properties":{"feat_code":"UTTK60","feat_desc":"TANK (6-15m diameter) point","zvalue":"24.328","angle":"10.55000019"},"geometry":{"type":"Point","coordinates":[-63.60397983161338,44.70192191962589]}},{"type":"Feature","properties":{"feat_code":"UTTK60","feat_desc":"TANK (6-15m diameter) point","zvalue":"24.278","angle":"39.49000168"},"geometry":{"type":"Point","coordinates":[-63.60392596148607,44.70195136325992]}},{"type":"Feature","properties":{"feat_code":"UTTK60","feat_desc":"TANK (6-15m diameter) point","zvalue":"73.338","angle":"0.0"},"geometry":{"type":"Point","coordinates":[-63.59189615773436,44.702177080729484]}},{"type":"Feature","properties":{"feat_code":"UTTK60","feat_desc":"TANK (6-15m diameter) point","zvalue":"74.563","angle":"0.0"},"geometry":{"type":"Point","coordinates":[-63.59193229775985,44.7021970317712]}},{"type":"Feature","properties":{"feat_code":"UTTK60","feat_desc":"TANK (6-15m diameter) point","zvalue":"74.163","angle":"0.0"},"geometry":{"type":"Point","coordinates":[-63.591901253934545,44.702218870431146]}},{"type":"Feature","properties":{"feat_code":"UTTK60","feat_desc":"TANK (6-15m diameter) point","zvalue":"72.613","angle":"0.0"},"geometry":{"type":"Point","coordinates":[-63.59193764015264,44.70222457840986]}},{"type":"Feature","properties":{"feat_code":"UTTK60","feat_desc":"TANK (6-15m diameter) point","zvalue":"73.563","angle":"0.0"},"geometry":{"type":"Point","coordinates":[-63.59183851659212,44.70223471569427]}},{"type":"Feature","properties":{"feat_code":"UTTK60","feat_desc":"TANK (6-15m diameter) point","zvalue":"73.988","angle":"0.0"},"geometry":{"type":"Point","coordinates":[-63.59187009106963,44.70224637220442]}},{"type":"Feature","properties":{"feat_code":"UTTK60","feat_desc":"TANK (6-15m diameter) point","zvalue":"42.913","angle":"0.0"},"geometry":{"type":"Point","coordinates":[-63.602982881482816,44.702262031714135]}},{"type":"Feature","properties":{"feat_code":"UTTK60","feat_desc":"TANK (6-15m diameter) point","zvalue":"32.867","angle":"0.0"},"geometry":{"type":"Point","coordinates":[-63.603219571851255,44.70240327164532]}},{"type":"Feature","properties":{"feat_code":"UTTK60","feat_desc":"TANK (6-15m diameter) point","zvalue":"80.3","angle":"0.0"},"geometry":{"type":"Point","coordinates":[-63.59388968537545,44.702891198861685]}},{"type":"Feature","properties":{"feat_code":"UTTO60","feat_desc":"TOWER (all except transmission line towers) point","zvalue":"53.878","angle":"0.0"},"geometry":{"type":"Point","coordinates":[-63.473956745943674,44.70363402587653]}},{"type":"Feature","properties":{"feat_code":"UTTK60","feat_desc":"TANK (6-15m diameter) point","zvalue":"79.75","angle":"0.0"},"geometry":{"type":"Point","coordinates":[-63.59346871365015,44.70326795872763]}},{"type":"Feature","properties":{"feat_code":"UTTK60","feat_desc":"TANK (6-15m diameter) point","zvalue":"80.65","angle":"0.0"},"geometry":{"type":"Point","coordinates":[-63.59342980597869,44.70330093861153]}},{"type":"Feature","properties":{"feat_code":"UTTK60","feat_desc":"TANK (6-15m diameter) point","zvalue":"83.9","angle":"0.0"},"geometry":{"type":"Point","coordinates":[-63.593506955170334,44.70330321141359]}},{"type":"Feature","properties":{"feat_code":"UTTK60","feat_desc":"TANK (6-15m diameter) point","zvalue":"81.1","angle":"0.0"},"geometry":{"type":"Point","coordinates":[-63.593393170546314,44.70332899137029]}},{"type":"Feature","properties":{"feat_code":"UTTK60","feat_desc":"TANK (6-15m diameter) point","zvalue":"84.25","angle":"0.0"},"geometry":{"type":"Point","coordinates":[-63.59347148925379,44.70333453498995]}},{"type":"Feature","properties":{"feat_code":"UTTK60","feat_desc":"TANK (6-15m diameter) point","zvalue":"84.3","angle":"0.0"},"geometry":{"type":"Point","coordinates":[-63.59344177502228,44.703364199235075]}},{"type":"Feature","properties":{"feat_code":"UTTO60","feat_desc":"TOWER (all except transmission line towers) point","zvalue":"193.522","angle":"0.0"},"geometry":{"type":"Point","coordinates":[-65.39667307737636,44.68061823358805]}},{"type":"Feature","properties":{"feat_code":"UTTO60","feat_desc":"TOWER (all except transmission line towers) point","zvalue":"60.825","angle":"0.0"},"geometry":{"type":"Point","coordinates":[-63.59852220972003,44.70558264854359]}},{"type":"Feature","properties":{"feat_code":"UTTO60","feat_desc":"TOWER (all except transmission line towers) point","zvalue":"71.929","angle":"0.0"},"geometry":{"type":"Point","coordinates":[-63.59513244441051,44.706259986159864]}},{"type":"Feature","properties":{"feat_code":"UTTO60","feat_desc":"TOWER (all except transmission line towers) point","zvalue":"69.679","angle":"0.0"},"geometry":{"type":"Point","coordinates":[-63.59546298507862,44.706680403081386]}},{"type":"Feature","properties":{"feat_code":"UTTO60","feat_desc":"TOWER (all except transmission line towers) point","zvalue":"30.767","angle":"0.0"},"geometry":{"type":"Point","coordinates":[-63.60521589334862,44.70780298287883]}},{"type":"Feature","properties":{"feat_code":"UTTO60","feat_desc":"TOWER (all except transmission line towers) point","zvalue":"63.775","angle":"0.0"},"geometry":{"type":"Point","coordinates":[-63.56864926627826,44.70803650690814]}},{"type":"Feature","properties":{"feat_code":"UTTO60","feat_desc":"TOWER (all except transmission line towers) point","zvalue":"189.1","angle":"0.0"},"geometry":{"type":"Point","coordinates":[-65.73300407604795,44.677173977786396]}},{"type":"Feature","properties":{"feat_code":"UTTK60","feat_desc":"TANK (6-15m diameter) point","zvalue":"42.315","angle":"0.0"},"geometry":{"type":"Point","coordinates":[-63.61114582871301,44.709467236541684]}},{"type":"Feature","properties":{"feat_code":"UTTK60","feat_desc":"TANK (6-15m diameter) point","zvalue":"41.044","angle":"0.0"},"geometry":{"type":"Point","coordinates":[-63.6111869988092,44.70949625595249]}},{"type":"Feature","properties":{"feat_code":"UTTK60","feat_desc":"TANK (6-15m diameter) point","zvalue":"39.914","angle":"0.0"},"geometry":{"type":"Point","coordinates":[-63.611235301536276,44.70952526418097]}},{"type":"Feature","properties":{"feat_code":"UTTK60","feat_desc":"TANK (6-15m diameter) point","zvalue":"70.513","angle":"0.0"},"geometry":{"type":"Point","coordinates":[-63.59867147662183,44.71062654071838]}},{"type":"Feature","properties":{"feat_code":"UTTK60","feat_desc":"TANK (6-15m diameter) point","zvalue":"69.913","angle":"0.0"},"geometry":{"type":"Point","coordinates":[-63.5986929356772,44.710648331014816]}},{"type":"Feature","properties":{"feat_code":"UTTK60","feat_desc":"TANK (6-15m diameter) point","zvalue":"44.9","angle":"0.0"},"geometry":{"type":"Point","coordinates":[-63.60426366342255,44.711890775758526]}},{"type":"Feature","properties":{"feat_code":"UTTK60","feat_desc":"TANK (6-15m diameter) point","zvalue":"44.9","angle":"0.0"},"geometry":{"type":"Point","coordinates":[-63.60421236364797,44.71193515882641]}},{"type":"Feature","properties":{"feat_code":"UTTK60","feat_desc":"TANK (6-15m diameter) point","zvalue":"44.9","angle":"0.0"},"geometry":{"type":"Point","coordinates":[-63.60416097013868,44.711970539989636]}},{"type":"Feature","properties":{"feat_code":"UTTK60","feat_desc":"TANK (6-15m diameter) point","zvalue":"44.9","angle":"0.0"},"geometry":{"type":"Point","coordinates":[-63.60412229432272,44.71201485623283]}},{"type":"Feature","properties":{"feat_code":"UTTK60","feat_desc":"TANK (6-15m diameter) point","zvalue":"44.9","angle":"0.0"},"geometry":{"type":"Point","coordinates":[-63.60408489022413,44.712060065973546]}},{"type":"Feature","properties":{"feat_code":"UTTK60","feat_desc":"TANK (6-15m diameter) point","zvalue":"44.9","angle":"0.0"},"geometry":{"type":"Point","coordinates":[-63.60404612065193,44.71209538030923]}},{"type":"Feature","properties":{"feat_code":"UTTK60","feat_desc":"TANK (6-15m diameter) point","zvalue":"44.9","angle":"0.0"},"geometry":{"type":"Point","coordinates":[-63.603994820530936,44.71213976327969]}},{"type":"Feature","properties":{"feat_code":"UTTK60","feat_desc":"TANK (6-15m diameter) point","zvalue":"44.9","angle":"0.0"},"geometry":{"type":"Point","coordinates":[-63.60395606021347,44.71217597777306]}},{"type":"Feature","properties":{"feat_code":"UTTO60","feat_desc":"TOWER (all except transmission line towers) point","zvalue":"150.474","angle":"0.0"},"geometry":{"type":"Point","coordinates":[-63.85516451191255,44.71060797107793]}},{"type":"Feature","properties":{"feat_code":"UTTK60","feat_desc":"TANK (6-15m diameter) point","zvalue":"52.931","angle":"0.0"},"geometry":{"type":"Point","coordinates":[-63.60051012988733,44.71299575676116]}},{"type":"Feature","properties":{"feat_code":"UTTK60","feat_desc":"TANK (6-15m diameter) point","zvalue":"57.86","angle":"0.0"},"geometry":{"type":"Point","coordinates":[-63.60053519540941,44.713032849781875]}},{"type":"Feature","properties":{"feat_code":"UTTK60","feat_desc":"TANK (6-15m diameter) point","zvalue":"58.0","angle":"0.0"},"geometry":{"type":"Point","coordinates":[-63.60055668207277,44.71306447917006]}},{"type":"Feature","properties":{"feat_code":"UTTO60","feat_desc":"TOWER (all except transmission line towers) point","zvalue":"83.319","angle":"0.0"},"geometry":{"type":"Point","coordinates":[-63.71744267482674,44.71239351139638]}},{"type":"Feature","properties":{"feat_code":"UTTK60","feat_desc":"TANK (6-15m diameter) point","zvalue":"77.922","angle":"287.22000122"},"geometry":{"type":"Point","coordinates":[-63.89655426872492,44.71175906053183]}},{"type":"Feature","properties":{"feat_code":"UTTO60","feat_desc":"TOWER (all except transmission line towers) point","zvalue":"144.2","angle":"0.0"},"geometry":{"type":"Point","coordinates":[-63.85401987950907,44.71217316387555]}},{"type":"Feature","properties":{"feat_code":"UTTK60","feat_desc":"TANK (6-15m diameter) point","zvalue":"84.792","angle":"340.20001221"},"geometry":{"type":"Point","coordinates":[-63.89684181540126,44.71207903354101]}},{"type":"Feature","properties":{"feat_code":"UTTK60","feat_desc":"TANK (6-15m diameter) point","zvalue":"47.195","angle":"0.0"},"geometry":{"type":"Point","coordinates":[-63.60942980107321,44.71435474985638]}},{"type":"Feature","properties":{"feat_code":"UTTO60","feat_desc":"TOWER (all except transmission line towers) point","zvalue":"217.2","angle":"0.0"},"geometry":{"type":"Point","coordinates":[-64.93697706570846,44.69974337163132]}},{"type":"Feature","properties":{"feat_code":"UTTK60","feat_desc":"TANK (6-15m diameter) point","zvalue":"48.1","angle":"0.0"},"geometry":{"type":"Point","coordinates":[-63.60905559844093,44.71461824704131]}},{"type":"Feature","properties":{"feat_code":"UTTK60","feat_desc":"TANK (6-15m diameter) point","zvalue":"47.1","angle":"0.0"},"geometry":{"type":"Point","coordinates":[-63.61017828071669,44.71464556299428]}},{"type":"Feature","properties":{"feat_code":"UTTK60","feat_desc":"TANK (6-15m diameter) point","zvalue":"47.7","angle":"0.0"},"geometry":{"type":"Point","coordinates":[-63.60887665162812,44.71477044109465]}},{"type":"Feature","properties":{"feat_code":"UTTK60","feat_desc":"TANK (6-15m diameter) point","zvalue":"47.6","angle":"0.0"},"geometry":{"type":"Point","coordinates":[-63.60984544282561,44.714930915557204]}},{"type":"Feature","properties":{"feat_code":"UTTK60","feat_desc":"TANK (6-15m diameter) point","zvalue":"48.2","angle":"0.0"},"geometry":{"type":"Point","coordinates":[-63.609602659016595,44.71513566536719]}},{"type":"Feature","properties":{"feat_code":"UTTK60","feat_desc":"TANK (6-15m diameter) point","zvalue":"48.6","angle":"0.0"},"geometry":{"type":"Point","coordinates":[-63.60928352333699,44.71540383862161]}},{"type":"Feature","properties":{"feat_code":"UTTK60","feat_desc":"TANK (6-15m diameter) point","zvalue":"70.0","angle":"0.0"},"geometry":{"type":"Point","coordinates":[-63.58244035498819,44.716583486796125]}},{"type":"Feature","properties":{"feat_code":"UTTO60","feat_desc":"TOWER (all except transmission line towers) point","zvalue":"75.487","angle":"0.0"},"geometry":{"type":"Point","coordinates":[-63.71193986325194,44.71925066383577]}},{"type":"Feature","properties":{"feat_code":"UTTO60","feat_desc":"TOWER (all except transmission line towers) point","zvalue":"70.865","angle":"0.0"},"geometry":{"type":"Point","coordinates":[-63.71527361115096,44.71936394075734]}},{"type":"Feature","properties":{"feat_code":"UTTO60","feat_desc":"TOWER (all except transmission line towers) point","zvalue":"95.9","angle":"0.0"},"geometry":{"type":"Point","coordinates":[-63.582811084455834,44.72126840762526]}},{"type":"Feature","properties":{"feat_code":"UTTO60","feat_desc":"TOWER (all except transmission line towers) point","zvalue":"99.1","angle":"0.0"},"geometry":{"type":"Point","coordinates":[-63.58365706478406,44.72126678797114]}},{"type":"Feature","properties":{"feat_code":"UTTK60","feat_desc":"TANK (6-15m diameter) point","zvalue":"60.15","angle":"0.0"},"geometry":{"type":"Point","coordinates":[-63.592813079194165,44.72197854501741]}},{"type":"Feature","properties":{"feat_code":"UTTO60","feat_desc":"TOWER (all except transmission line towers) point","zvalue":"61.2","angle":"207.0"},"geometry":{"type":"Point","coordinates":[-65.7560681093894,44.691091387429594]}},{"type":"Feature","properties":{"feat_code":"UTTO60","feat_desc":"TOWER (all except transmission line towers) point","zvalue":"102.202","angle":"0.0"},"geometry":{"type":"Point","coordinates":[-63.439065830645,44.72470167793594]}},{"type":"Feature","properties":{"feat_code":"UTTO60","feat_desc":"TOWER (all except transmission line towers) point","zvalue":"105.4","angle":"0.0"},"geometry":{"type":"Point","coordinates":[-63.43907134040048,44.72479403897011]}},{"type":"Feature","properties":{"feat_code":"UTTO60","feat_desc":"TOWER (all except transmission line towers) point","zvalue":"104.4","angle":"0.0"},"geometry":{"type":"Point","coordinates":[-63.43769318790591,44.72489745475708]}},{"type":"Feature","properties":{"feat_code":"UTTO60","feat_desc":"TOWER (all except transmission line towers) point","zvalue":"97.723","angle":"0.0"},"geometry":{"type":"Point","coordinates":[-63.64292483997995,44.72397880537311]}},{"type":"Feature","properties":{"feat_code":"UTTO60","feat_desc":"TOWER (all except transmission line towers) point","zvalue":"225.93","angle":"0.0"},"geometry":{"type":"Point","coordinates":[-64.29870780017849,44.71965808198476]}},{"type":"Feature","properties":{"feat_code":"UTTO60","feat_desc":"TOWER (all except transmission line towers) point","zvalue":"225.58","angle":"0.0"},"geometry":{"type":"Point","coordinates":[-64.2987189887898,44.72025408996036]}},{"type":"Feature","properties":{"feat_code":"UTTO60","feat_desc":"TOWER (all except transmission line towers) point","zvalue":"140.7","angle":"0.0"},"geometry":{"type":"Point","coordinates":[-65.5056348911705,44.70256387461632]}},{"type":"Feature","properties":{"feat_code":"UTTO60","feat_desc":"TOWER (all except transmission line towers) point","zvalue":"68.225","angle":"0.0"},"geometry":{"type":"Point","coordinates":[-63.35834787424403,44.73158543121104]}},{"type":"Feature","properties":{"feat_code":"UTTO60","feat_desc":"TOWER (all except transmission line towers) point","zvalue":"97.121","angle":"0.0"},"geometry":{"type":"Point","coordinates":[-63.74850477498854,44.730075652831644]}},{"type":"Feature","properties":{"feat_code":"UTTO60","feat_desc":"TOWER (all except transmission line towers) point","zvalue":"254.025","angle":"0.0"},"geometry":{"type":"Point","coordinates":[-65.16887526908933,44.711965857837335]}},{"type":"Feature","properties":{"feat_code":"UTTO60","feat_desc":"TOWER (all except transmission line towers) point","zvalue":"102.032","angle":"0.0"},"geometry":{"type":"Point","coordinates":[-63.76255739596833,44.7310304038097]}},{"type":"Feature","properties":{"feat_code":"UTTK60","feat_desc":"TANK (6-15m diameter) point","zvalue":"40.8","angle":"0.0"},"geometry":{"type":"Point","coordinates":[-63.71092916871502,44.73200001666352]}},{"type":"Feature","properties":{"feat_code":"UTTO60","feat_desc":"TOWER (all except transmission line towers) point","zvalue":"199.857","angle":"44.3"},"geometry":{"type":"Point","coordinates":[-64.25446341824421,44.72770048280896]}},{"type":"Feature","properties":{"feat_code":"UTTO60","feat_desc":"TOWER (all except transmission line towers) point","zvalue":"150.958","angle":"0.0"},"geometry":{"type":"Point","coordinates":[-63.80080910814847,44.73188047580519]}},{"type":"Feature","properties":{"feat_code":"UTTO60","feat_desc":"TOWER (all except transmission line towers) point","zvalue":"148.569","angle":"0.0"},"geometry":{"type":"Point","coordinates":[-63.8018127793429,44.73199544208894]}},{"type":"Feature","properties":{"feat_code":"UTTK60","feat_desc":"TANK (6-15m diameter) point","zvalue":"75.231","angle":"0.0"},"geometry":{"type":"Point","coordinates":[-63.53956070925479,44.73422212676609]}},{"type":"Feature","properties":{"feat_code":"UTTK60","feat_desc":"TANK (6-15m diameter) point","zvalue":"75.231","angle":"0.0"},"geometry":{"type":"Point","coordinates":[-63.539543001681345,44.73424241168291]}},{"type":"Feature","properties":{"feat_code":"UTTK60","feat_desc":"TANK (6-15m diameter) point","zvalue":"75.231","angle":"0.0"},"geometry":{"type":"Point","coordinates":[-63.539516391991356,44.73426017298407]}},{"type":"Feature","properties":{"feat_code":"UTTK60","feat_desc":"TANK (6-15m diameter) point","zvalue":"19.847","angle":"0.0"},"geometry":{"type":"Point","coordinates":[-65.56509524553181,44.7070768975772]}},{"type":"Feature","properties":{"feat_code":"UTTO60","feat_desc":"TOWER (all except transmission line towers) point","zvalue":"204.944","angle":"0.3"},"geometry":{"type":"Point","coordinates":[-64.48041598334163,44.727290313334485]}},{"type":"Feature","properties":{"feat_code":"UTTO60","feat_desc":"TOWER (all except transmission line towers) point","zvalue":"263.0","angle":"0.0"},"geometry":{"type":"Point","coordinates":[-65.25802578352402,44.71524299949381]}},{"type":"Feature","properties":{"feat_code":"UTTO60","feat_desc":"TOWER (all except transmission line towers) point","zvalue":"93.706","angle":"0.0"},"geometry":{"type":"Point","coordinates":[-63.54010603423991,44.73924787781722]}},{"type":"Feature","properties":{"feat_code":"UTTK60","feat_desc":"TANK (6-15m diameter) point","zvalue":"23.787","angle":"0.0"},"geometry":{"type":"Point","coordinates":[-63.277878060639324,44.742123556129926]}},{"type":"Feature","properties":{"feat_code":"UTTK60","feat_desc":"TANK (6-15m diameter) point","zvalue":"23.787","angle":"0.0"},"geometry":{"type":"Point","coordinates":[-63.27788721207583,44.74216179378326]}},{"type":"Feature","properties":{"feat_code":"UTTK60","feat_desc":"TANK (6-15m diameter) point","zvalue":"16.225","angle":"0.0"},"geometry":{"type":"Point","coordinates":[-63.2835806110818,44.74290841491063]}},{"type":"Feature","properties":{"feat_code":"UTTK60","feat_desc":"TANK (6-15m diameter) point","zvalue":"16.4","angle":"0.0"},"geometry":{"type":"Point","coordinates":[-63.28361112611408,44.74292077135816]}},{"type":"Feature","properties":{"feat_code":"UTTK60","feat_desc":"TANK (6-15m diameter) point","zvalue":"127.0","angle":"0.0"},"geometry":{"type":"Point","coordinates":[-63.46205209197289,44.74285120393039]}},{"type":"Feature","properties":{"feat_code":"UTTO60","feat_desc":"TOWER (all except transmission line towers) point","zvalue":"56.904","angle":"0.0"},"geometry":{"type":"Point","coordinates":[-63.643069076967095,44.74205225038257]}},{"type":"Feature","properties":{"feat_code":"UTTO60","feat_desc":"TOWER (all except transmission line towers) point","zvalue":"87.097","angle":"0.0"},"geometry":{"type":"Point","coordinates":[-63.34594998051201,44.74343410929271]}},{"type":"Feature","properties":{"feat_code":"UTTO60","feat_desc":"TOWER (all except transmission line towers) point","zvalue":"45.45","angle":"0.0"},"geometry":{"type":"Point","coordinates":[-63.25293417408022,44.7452880569702]}},{"type":"Feature","properties":{"feat_code":"UTTO60","feat_desc":"TOWER (all except transmission line towers) point","zvalue":"73.213","angle":"0.0"},"geometry":{"type":"Point","coordinates":[-63.68129588650729,44.74414093893506]}},{"type":"Feature","properties":{"feat_code":"UTTO60","feat_desc":"TOWER (all except transmission line towers) point","zvalue":"78.398","angle":"0.0"},"geometry":{"type":"Point","coordinates":[-63.61882828310628,44.74493114730794]}},{"type":"Feature","properties":{"feat_code":"UTTO60","feat_desc":"TOWER (all except transmission line towers) point","zvalue":"61.825","angle":"0.0"},"geometry":{"type":"Point","coordinates":[-63.25212663748624,44.74733216465649]}},{"type":"Feature","properties":{"feat_code":"UTTO60","feat_desc":"TOWER (all except transmission line towers) point","zvalue":"57.55","angle":"0.0"},"geometry":{"type":"Point","coordinates":[-63.25230726015914,44.74912169799418]}},{"type":"Feature","properties":{"feat_code":"UTTO60","feat_desc":"TOWER (all except transmission line towers) point","zvalue":"233.6","angle":"0.0"},"geometry":{"type":"Point","coordinates":[-64.72212657068101,44.73815901052114]}},{"type":"Feature","properties":{"feat_code":"UTTK60","feat_desc":"TANK (6-15m diameter) point","zvalue":"61.837","angle":"0.0"},"geometry":{"type":"Point","coordinates":[-63.63027899013368,44.74979663057389]}},{"type":"Feature","properties":{"feat_code":"UTTK60","feat_desc":"TANK (6-15m diameter) point","zvalue":"64.658","angle":"0.0"},"geometry":{"type":"Point","coordinates":[-63.63027364146983,44.74984732513532]}},{"type":"Feature","properties":{"feat_code":"UTTK60","feat_desc":"TANK (6-15m diameter) point","zvalue":"65.222","angle":"0.0"},"geometry":{"type":"Point","coordinates":[-63.63027718483292,44.749909493588234]}},{"type":"Feature","properties":{"feat_code":"UTTO60","feat_desc":"TOWER (all except transmission line towers) point","zvalue":"73.212","angle":"0.0"},"geometry":{"type":"Point","coordinates":[-63.65666740226091,44.75715802500003]}},{"type":"Feature","properties":{"feat_code":"UTTO60","feat_desc":"TOWER (all except transmission line towers) point","zvalue":"228.003","angle":"-1.6"},"geometry":{"type":"Point","coordinates":[-64.47583889634808,44.750712607769955]}},{"type":"Feature","properties":{"feat_code":"UTTO60","feat_desc":"TOWER (all except transmission line towers) point","zvalue":"57.823","angle":"0.0"},"geometry":{"type":"Point","coordinates":[-63.65305236364292,44.760111920795964]}},{"type":"Feature","properties":{"feat_code":"UTTO60","feat_desc":"TOWER (all except transmission line towers) point","zvalue":"63.042","angle":"0.0"},"geometry":{"type":"Point","coordinates":[-62.92169616307748,44.76245110605477]}},{"type":"Feature","properties":{"feat_code":"UTTO60","feat_desc":"TOWER (all except transmission line towers) point","zvalue":"83.005","angle":"0.0"},"geometry":{"type":"Point","coordinates":[-63.69371278961102,44.762306833112746]}},{"type":"Feature","properties":{"feat_code":"UTTO60","feat_desc":"TOWER (all except transmission line towers) point","zvalue":"146.843","angle":"0.0"},"geometry":{"type":"Point","coordinates":[-63.79299090556451,44.768575761981424]}},{"type":"Feature","properties":{"feat_code":"UTTO60","feat_desc":"TOWER (all except transmission line towers) point","zvalue":"67.581","angle":"0.0"},"geometry":{"type":"Point","coordinates":[-63.70799315676834,44.772193082796555]}},{"type":"Feature","properties":{"feat_code":"UTTO60","feat_desc":"TOWER (all except transmission line towers) point","zvalue":"168.482","angle":"0.0"},"geometry":{"type":"Point","coordinates":[-63.837404141088236,44.773903460184926]}},{"type":"Feature","properties":{"feat_code":"UTTO60","feat_desc":"TOWER (all except transmission line towers) point","zvalue":"42.509","angle":"0.0"},"geometry":{"type":"Point","coordinates":[-63.62851371584982,44.77635892169654]}},{"type":"Feature","properties":{"feat_code":"UTTO60","feat_desc":"TOWER (all except transmission line towers) point","zvalue":"56.81","angle":"0.0"},"geometry":{"type":"Point","coordinates":[-63.0293422775297,44.7790546520759]}},{"type":"Feature","properties":{"feat_code":"UTTO60","feat_desc":"TOWER (all except transmission line towers) point","zvalue":"217.426","angle":"0.0"},"geometry":{"type":"Point","coordinates":[-65.04876340937206,44.76460543560815]}},{"type":"Feature","properties":{"feat_code":"UTTK60","feat_desc":"TANK (6-15m diameter) point","zvalue":"66.226","angle":"312.43"},"geometry":{"type":"Point","coordinates":[-65.53250789690169,44.75637591241379]}},{"type":"Feature","properties":{"feat_code":"UTTK60","feat_desc":"TANK (6-15m diameter) point","zvalue":"74.4","angle":"0.0"},"geometry":{"type":"Point","coordinates":[-63.706565470139964,44.782358082405395]}},{"type":"Feature","properties":{"feat_code":"UTTK60","feat_desc":"TANK (6-15m diameter) point","zvalue":"73.9","angle":"0.0"},"geometry":{"type":"Point","coordinates":[-63.70651440710962,44.782420513952076]}},{"type":"Feature","properties":{"feat_code":"UTTK60","feat_desc":"TANK (6-15m diameter) point","zvalue":"72.7","angle":"0.0"},"geometry":{"type":"Point","coordinates":[-63.70641339244888,44.782429240880525]}},{"type":"Feature","properties":{"feat_code":"UTTO60","feat_desc":"TOWER (all except transmission line towers) point","zvalue":"76.8","angle":"0.0"},"geometry":{"type":"Point","coordinates":[-63.595177107291825,44.78877416970475]}},{"type":"Feature","properties":{"feat_code":"UTTO60","feat_desc":"TOWER (all except transmission line towers) point","zvalue":"28.312","angle":"0.0"},"geometry":{"type":"Point","coordinates":[-62.71706108174222,44.79461734467295]}},{"type":"Feature","properties":{"feat_code":"UTTO60","feat_desc":"TOWER (all except transmission line towers) point","zvalue":"77.581","angle":"0.0"},"geometry":{"type":"Point","coordinates":[-63.593057414940496,44.80027593650497]}},{"type":"Feature","properties":{"feat_code":"UTTO60","feat_desc":"TOWER (all except transmission line towers) point","zvalue":"102.7","angle":"0.0"},"geometry":{"type":"Point","coordinates":[-63.17552614874113,44.80328933517535]}},{"type":"Feature","properties":{"feat_code":"UTTO60","feat_desc":"TOWER (all except transmission line towers) point","zvalue":"80.929","angle":"0.0"},"geometry":{"type":"Point","coordinates":[-63.58971395818552,44.802170594852456]}},{"type":"Feature","properties":{"feat_code":"UTTO60","feat_desc":"TOWER (all except transmission line towers) point","zvalue":"68.528","angle":"0.0"},"geometry":{"type":"Point","coordinates":[-63.594836066638806,44.80336719141017]}},{"type":"Feature","properties":{"feat_code":"UTTO60","feat_desc":"TOWER (all except transmission line towers) point","zvalue":"120.7","angle":"0.0"},"geometry":{"type":"Point","coordinates":[-63.177903587007926,44.8054227874275]}},{"type":"Feature","properties":{"feat_code":"UTTO60","feat_desc":"TOWER (all except transmission line towers) point","zvalue":"101.5","angle":"0.0"},"geometry":{"type":"Point","coordinates":[-63.66885510746497,44.803716149668794]}},{"type":"Feature","properties":{"feat_code":"UTTO60","feat_desc":"TOWER (all except transmission line towers) point","zvalue":"62.213","angle":"0.0"},"geometry":{"type":"Point","coordinates":[-65.60471461007873,44.77602239562396]}},{"type":"Feature","properties":{"feat_code":"UTTO60","feat_desc":"TOWER (all except transmission line towers) point","zvalue":"100.9","angle":"0.0"},"geometry":{"type":"Point","coordinates":[-63.668827680224624,44.80385944579767]}},{"type":"Feature","properties":{"feat_code":"UTTO60","feat_desc":"TOWER (all except transmission line towers) point","zvalue":"161.117","angle":"0.0"},"geometry":{"type":"Point","coordinates":[-63.72421586096822,44.804146320643966]}},{"type":"Feature","properties":{"feat_code":"UTTO60","feat_desc":"TOWER (all except transmission line towers) point","zvalue":"108.828","angle":"0.0"},"geometry":{"type":"Point","coordinates":[-63.69210282206788,44.8043514129375]}},{"type":"Feature","properties":{"feat_code":"UTTO60","feat_desc":"TOWER (all except transmission line towers) point","zvalue":"116.9","angle":"0.0"},"geometry":{"type":"Point","coordinates":[-63.17918415444058,44.80693136025015]}},{"type":"Feature","properties":{"feat_code":"UTTK60","feat_desc":"TANK (6-15m diameter) point","zvalue":"75.288","angle":"0.0"},"geometry":{"type":"Point","coordinates":[-65.5047937869081,44.78262253567085]}},{"type":"Feature","properties":{"feat_code":"UTTK60","feat_desc":"TANK (6-15m diameter) point","zvalue":"76.513","angle":"0.0"},"geometry":{"type":"Point","coordinates":[-65.50490058678791,44.7826296350841]}},{"type":"Feature","properties":{"feat_code":"UTTK60","feat_desc":"TANK (6-15m diameter) point","zvalue":"102.8","angle":"0.0"},"geometry":{"type":"Point","coordinates":[-63.77573714747566,44.807638480503975]}},{"type":"Feature","properties":{"feat_code":"UTTO60","feat_desc":"TOWER (all except transmission line towers) point","zvalue":"134.6","angle":"0.0"},"geometry":{"type":"Point","coordinates":[-63.77109924286626,44.81052449549181]}},{"type":"Feature","properties":{"feat_code":"UTTO60","feat_desc":"TOWER (all except transmission line towers) point","zvalue":"231.367","angle":"0.0"},"geometry":{"type":"Point","coordinates":[-65.49044509437233,44.78598322374121]}},{"type":"Feature","properties":{"feat_code":"UTTO60","feat_desc":"TOWER (all except transmission line towers) point","zvalue":"233.6","angle":"359.05"},"geometry":{"type":"Point","coordinates":[-64.33941979878924,44.80702805700534]}},{"type":"Feature","properties":{"feat_code":"UTTO60","feat_desc":"TOWER (all except transmission line towers) point","zvalue":"235.617","angle":"0.0"},"geometry":{"type":"Point","coordinates":[-65.49142544594663,44.788677905816854]}},{"type":"Feature","properties":{"feat_code":"UTTO60","feat_desc":"TOWER (all except transmission line towers) point","zvalue":"71.083","angle":"0.0"},"geometry":{"type":"Point","coordinates":[-63.60543044348495,44.814413827723854]}},{"type":"Feature","properties":{"feat_code":"UTTO60","feat_desc":"TOWER (all except transmission line towers) point","zvalue":"63.595","angle":"0.0"},"geometry":{"type":"Point","coordinates":[-63.60606506955007,44.814578604966954]}},{"type":"Feature","properties":{"feat_code":"UTTO65","feat_desc":"TOWER (all except transmission line towers) indefinite/approximate point","zvalue":"195.223","angle":"0.0"},"geometry":{"type":"Point","coordinates":[-65.25800695151749,44.79585858550001]}},{"type":"Feature","properties":{"feat_code":"UTTO60","feat_desc":"TOWER (all except transmission line towers) point","zvalue":"110.726","angle":"0.0"},"geometry":{"type":"Point","coordinates":[-63.77330796897311,44.81699269472857]}},{"type":"Feature","properties":{"feat_code":"UTSP60","feat_desc":"SEWAGE SETTLING POND  (6-15m diameter) point","zvalue":"28.6","angle":"108.07"},"geometry":{"type":"Point","coordinates":[-63.61799946508607,44.820334504181425]}},{"type":"Feature","properties":{"feat_code":"UTTO60","feat_desc":"TOWER (all except transmission line towers) point","zvalue":"22.1","angle":"0.0"},"geometry":{"type":"Point","coordinates":[-62.59839399961725,44.82263550974066]}},{"type":"Feature","properties":{"feat_code":"UTTO60","feat_desc":"TOWER (all except transmission line towers) point","zvalue":"74.9","angle":"0.0"},"geometry":{"type":"Point","coordinates":[-62.68459672859177,44.83070111669495]}},{"type":"Feature","properties":{"feat_code":"UTTO60","feat_desc":"TOWER (all except transmission line towers) point","zvalue":"81.725","angle":"0.0"},"geometry":{"type":"Point","coordinates":[-65.53014406871156,44.80771253658794]}},{"type":"Feature","properties":{"feat_code":"UTTO60","feat_desc":"TOWER (all except transmission line towers) point","zvalue":"13.3","angle":"0.0"},"geometry":{"type":"Point","coordinates":[-65.33401964039246,44.81783957406777]}},{"type":"Feature","properties":{"feat_code":"UTTO60","feat_desc":"TOWER (all except transmission line towers) point","zvalue":"234.016","angle":"0.0"},"geometry":{"type":"Point","coordinates":[-65.43593229199146,44.81642354339202]}},{"type":"Feature","properties":{"feat_code":"UTTO60","feat_desc":"TOWER (all except transmission line towers) point","zvalue":"118.336","angle":"0.0"},"geometry":{"type":"Point","coordinates":[-63.592474753317376,44.84450968102608]}},{"type":"Feature","properties":{"feat_code":"UTTO60","feat_desc":"TOWER (all except transmission line towers) point","zvalue":"262.599","angle":"0.0"},"geometry":{"type":"Point","coordinates":[-64.50811117646617,44.83681664623805]}},{"type":"Feature","properties":{"feat_code":"UTTO60","feat_desc":"TOWER (all except transmission line towers) point","zvalue":"254.631","angle":"45.5"},"geometry":{"type":"Point","coordinates":[-64.50910337602089,44.839477340579194]}},{"type":"Feature","properties":{"feat_code":"UTTO60","feat_desc":"TOWER (all except transmission line towers) point","zvalue":"156.8","angle":"0.0"},"geometry":{"type":"Point","coordinates":[-65.2379189911437,44.8302543696072]}},{"type":"Feature","properties":{"feat_code":"UTTO60","feat_desc":"TOWER (all except transmission line towers) point","zvalue":"166.736","angle":"20.0"},"geometry":{"type":"Point","coordinates":[-63.763733901942594,44.856743916688934]}},{"type":"Feature","properties":{"feat_code":"UTTO60","feat_desc":"TOWER (all except transmission line towers) point","zvalue":"166.736","angle":"20.0"},"geometry":{"type":"Point","coordinates":[-63.76368330105569,44.85680227392951]}},{"type":"Feature","properties":{"feat_code":"UTTO60","feat_desc":"TOWER (all except transmission line towers) point","zvalue":"123.349","angle":"90.0"},"geometry":{"type":"Point","coordinates":[-63.52760756530859,44.86065545936634]}},{"type":"Feature","properties":{"feat_code":"UTTO60","feat_desc":"TOWER (all except transmission line towers) point","zvalue":"165.903","angle":"0.0"},"geometry":{"type":"Point","coordinates":[-63.806671773196,44.86082416162851]}},{"type":"Feature","properties":{"feat_code":"UTTO65","feat_desc":"TOWER (all except transmission line towers) indefinite/approximate point","zvalue":"247.5","angle":"0.0"},"geometry":{"type":"Point","coordinates":[-64.67806661508948,44.85685578380983]}},{"type":"Feature","properties":{"feat_code":"UTTO60","feat_desc":"TOWER (all except transmission line towers) point","zvalue":"159.375","angle":"90.0"},"geometry":{"type":"Point","coordinates":[-63.55420221956079,44.86784214253338]}},{"type":"Feature","properties":{"feat_code":"UTTO65","feat_desc":"TOWER (all except transmission line towers) indefinite/approximate point","zvalue":"195.967","angle":"0.0"},"geometry":{"type":"Point","coordinates":[-65.12795217884101,44.85381520929855]}},{"type":"Feature","properties":{"feat_code":"UTTO60","feat_desc":"TOWER (all except transmission line towers) point","zvalue":"175.9","angle":"0.0"},"geometry":{"type":"Point","coordinates":[-65.17020718213867,44.8542777632378]}},{"type":"Feature","properties":{"feat_code":"UTTO60","feat_desc":"TOWER (all except transmission line towers) point","zvalue":"135.765","angle":"0.0"},"geometry":{"type":"Point","coordinates":[-63.535366028130774,44.87399073616505]}},{"type":"Feature","properties":{"feat_code":"UTTO60","feat_desc":"TOWER (all except transmission line towers) point","zvalue":"137.715","angle":"20.0"},"geometry":{"type":"Point","coordinates":[-63.535549003668976,44.874021925817836]}},{"type":"Feature","properties":{"feat_code":"UTTO60","feat_desc":"TOWER (all except transmission line towers) point","zvalue":"137.077","angle":"20.0"},"geometry":{"type":"Point","coordinates":[-63.53593190062583,44.87407403431636]}},{"type":"Feature","properties":{"feat_code":"UTTK60","feat_desc":"TANK (6-15m diameter) point","zvalue":"35.747","angle":"90.94"},"geometry":{"type":"Point","coordinates":[-65.19236295322112,44.856307595095736]}},{"type":"Feature","properties":{"feat_code":"UTTK60","feat_desc":"TANK (6-15m diameter) point","zvalue":"39.055","angle":"94.51"},"geometry":{"type":"Point","coordinates":[-65.19248326768248,44.856316707959806]}},{"type":"Feature","properties":{"feat_code":"UTTK60","feat_desc":"TANK (6-15m diameter) point","zvalue":"36.031","angle":"94.51"},"geometry":{"type":"Point","coordinates":[-65.19239303569348,44.85636623322663]}},{"type":"Feature","properties":{"feat_code":"UTTK60","feat_desc":"TANK (6-15m diameter) point","zvalue":"36.598","angle":"99.91"},"geometry":{"type":"Point","coordinates":[-65.19220456913273,44.85641885129899]}},{"type":"Feature","properties":{"feat_code":"UTTK60","feat_desc":"TANK (6-15m diameter) point","zvalue":"36.787","angle":"100.1"},"geometry":{"type":"Point","coordinates":[-65.19215937869848,44.85642365307569]}},{"type":"Feature","properties":{"feat_code":"UTTO60","feat_desc":"TOWER (all except transmission line towers) point","zvalue":"150.3","angle":"359.12"},"geometry":{"type":"Point","coordinates":[-64.22517850326336,44.8711694846161]}},{"type":"Feature","properties":{"feat_code":"UTTO60","feat_desc":"TOWER (all except transmission line towers) point","zvalue":"136.36","angle":"60.0"},"geometry":{"type":"Point","coordinates":[-63.51059367368091,44.87786231202323]}},{"type":"Feature","properties":{"feat_code":"UTSS60","feat_desc":"SUBSTATION (transformer) point","zvalue":"109.629","angle":"0.0"},"geometry":{"type":"Point","coordinates":[-64.22803827298067,44.872847664029514]}},{"type":"Feature","properties":{"feat_code":"UTTK60","feat_desc":"TANK (6-15m diameter) point","zvalue":"103.1","angle":"359.12"},"geometry":{"type":"Point","coordinates":[-64.229505514616,44.873071034391806]}},{"type":"Feature","properties":{"feat_code":"UTTO60","feat_desc":"TOWER (all except transmission line towers) point","zvalue":"51.775","angle":"1.0"},"geometry":{"type":"Point","coordinates":[-63.63360943148785,44.878408772282974]}},{"type":"Feature","properties":{"feat_code":"UTTO60","feat_desc":"TOWER (all except transmission line towers) point","zvalue":"216.779","angle":"0.0"},"geometry":{"type":"Point","coordinates":[-63.874965279409615,44.88009016899769]}},{"type":"Feature","properties":{"feat_code":"UTTK60","feat_desc":"TANK (6-15m diameter) point","zvalue":"140.296","angle":"0.0"},"geometry":{"type":"Point","coordinates":[-63.51697992002376,44.88303874749222]}},{"type":"Feature","properties":{"feat_code":"UTTK60","feat_desc":"TANK (6-15m diameter) point","zvalue":"140.296","angle":"0.0"},"geometry":{"type":"Point","coordinates":[-63.516768755900856,44.88305742836041]}},{"type":"Feature","properties":{"feat_code":"UTTK60","feat_desc":"TANK (6-15m diameter) point","zvalue":"140.296","angle":"0.0"},"geometry":{"type":"Point","coordinates":[-63.51696344893333,44.88313656696433]}},{"type":"Feature","properties":{"feat_code":"UTTK60","feat_desc":"TANK (6-15m diameter) point","zvalue":"140.296","angle":"0.0"},"geometry":{"type":"Point","coordinates":[-63.51690004963669,44.883139419538125]}},{"type":"Feature","properties":{"feat_code":"UTTK60","feat_desc":"TANK (6-15m diameter) point","zvalue":"140.296","angle":"0.0"},"geometry":{"type":"Point","coordinates":[-63.51665386819769,44.88317582179842]}},{"type":"Feature","properties":{"feat_code":"UTTO60","feat_desc":"TOWER (all except transmission line towers) point","zvalue":"214.633","angle":"0.0"},"geometry":{"type":"Point","coordinates":[-65.03642709792688,44.867961463295266]}},{"type":"Feature","properties":{"feat_code":"UTTO60","feat_desc":"TOWER (all except transmission line towers) point","zvalue":"140.311","angle":"0.0"},"geometry":{"type":"Point","coordinates":[-63.49472337527729,44.88682560207956]}},{"type":"Feature","properties":{"feat_code":"UTTK60","feat_desc":"TANK (6-15m diameter) point","zvalue":"134.552","angle":"312.07000732"},"geometry":{"type":"Point","coordinates":[-63.51983788762916,44.88860126434982]}},{"type":"Feature","properties":{"feat_code":"UTTK60","feat_desc":"TANK (6-15m diameter) point","zvalue":"139.883","angle":"8.31000042"},"geometry":{"type":"Point","coordinates":[-63.520045112996904,44.888778544497605]}},{"type":"Feature","properties":{"feat_code":"UTTK60","feat_desc":"TANK (6-15m diameter) point","zvalue":"138.857","angle":"326.08999634"},"geometry":{"type":"Point","coordinates":[-63.520000077056984,44.888817359580116]}},{"type":"Feature","properties":{"feat_code":"UTTK60","feat_desc":"TANK (6-15m diameter) point","zvalue":"133.989","angle":"330.02999878"},"geometry":{"type":"Point","coordinates":[-63.51961027075917,44.88888899912522]}},{"type":"Feature","properties":{"feat_code":"UTTK60","feat_desc":"TANK (6-15m diameter) point","zvalue":"135.359","angle":"337.70999146"},"geometry":{"type":"Point","coordinates":[-63.519851058057554,44.8889696513948]}},{"type":"Feature","properties":{"feat_code":"UTTK60","feat_desc":"TANK (6-15m diameter) point","zvalue":"135.31","angle":"330.14001465"},"geometry":{"type":"Point","coordinates":[-63.51981340498427,44.88900850481221]}},{"type":"Feature","properties":{"feat_code":"UTTK60","feat_desc":"TANK (6-15m diameter) point","zvalue":"135.947","angle":"341.82000732"},"geometry":{"type":"Point","coordinates":[-63.520177823999155,44.88900737664171]}},{"type":"Feature","properties":{"feat_code":"UTTK60","feat_desc":"TANK (6-15m diameter) point","zvalue":"135.359","angle":"330.02999878"},"geometry":{"type":"Point","coordinates":[-63.519773252378606,44.889048233794774]}},{"type":"Feature","properties":{"feat_code":"UTTK60","feat_desc":"TANK (6-15m diameter) point","zvalue":"135.31","angle":"357.61999512"},"geometry":{"type":"Point","coordinates":[-63.51983099196767,44.88907148447621]}},{"type":"Feature","properties":{"feat_code":"UTTK60","feat_desc":"TANK (6-15m diameter) point","zvalue":"130.363","angle":"327.30999756"},"geometry":{"type":"Point","coordinates":[-63.52003321280254,44.889127448098414]}},{"type":"Feature","properties":{"feat_code":"UTTK60","feat_desc":"TANK (6-15m diameter) point","zvalue":"130.412","angle":"318.14001465"},"geometry":{"type":"Point","coordinates":[-63.52007052601016,44.889145039327694]}},{"type":"Feature","properties":{"feat_code":"UTTK60","feat_desc":"TANK (6-15m diameter) point","zvalue":"130.461","angle":"331.76998901"},"geometry":{"type":"Point","coordinates":[-63.52011215887192,44.88915997325643]}},{"type":"Feature","properties":{"feat_code":"UTTO60","feat_desc":"TOWER (all except transmission line towers) point","zvalue":"50.116","angle":"0.0"},"geometry":{"type":"Point","coordinates":[-65.41934992797297,44.871017220163374]}},{"type":"Feature","properties":{"feat_code":"UTTO60","feat_desc":"TOWER (all except transmission line towers) point","zvalue":"151.53","angle":"0.0"},"geometry":{"type":"Point","coordinates":[-63.449371394286715,44.895883555211526]}},{"type":"Feature","properties":{"feat_code":"UTTO60","feat_desc":"TOWER (all except transmission line towers) point","zvalue":"151.579","angle":"0.0"},"geometry":{"type":"Point","coordinates":[-63.44917906304448,44.8959322389683]}},{"type":"Feature","properties":{"feat_code":"UTTO60","feat_desc":"TOWER (all except transmission line towers) point","zvalue":"151.482","angle":"0.0"},"geometry":{"type":"Point","coordinates":[-63.44934438456991,44.89600449654564]}},{"type":"Feature","properties":{"feat_code":"UTTO60","feat_desc":"TOWER (all except transmission line towers) point","zvalue":"258.393","angle":"0.0"},"geometry":{"type":"Point","coordinates":[-65.3066910403036,44.87621753077549]}},{"type":"Feature","properties":{"feat_code":"UTTO60","feat_desc":"TOWER (all except transmission line towers) point","zvalue":"258.859","angle":"0.0"},"geometry":{"type":"Point","coordinates":[-65.30659236323412,44.87630842941951]}},{"type":"Feature","properties":{"feat_code":"UTTO60","feat_desc":"TOWER (all except transmission line towers) point","zvalue":"10.841","angle":"0.0"},"geometry":{"type":"Point","coordinates":[-65.42252949037679,44.874839885461355]}},{"type":"Feature","properties":{"feat_code":"UTTO60","feat_desc":"TOWER (all except transmission line towers) point","zvalue":"247.377","angle":"0.0"},"geometry":{"type":"Point","coordinates":[-65.31626381090723,44.87714232938182]}},{"type":"Feature","properties":{"feat_code":"UTTO60","feat_desc":"TOWER (all except transmission line towers) point","zvalue":"180.0","angle":"0.0"},"geometry":{"type":"Point","coordinates":[-63.42922708864166,44.9104778134494]}},{"type":"Feature","properties":{"feat_code":"UTTO60","feat_desc":"TOWER (all except transmission line towers) point","zvalue":"167.159","angle":"0.0"},"geometry":{"type":"Point","coordinates":[-63.41487270971063,44.9112787979311]}},{"type":"Feature","properties":{"feat_code":"UTTO65","feat_desc":"TOWER (all except transmission line towers) indefinite/approximate point","zvalue":"260.0","angle":"0.0"},"geometry":{"type":"Point","coordinates":[-64.68727001517524,44.90148180869333]}},{"type":"Feature","properties":{"feat_code":"UTTO60","feat_desc":"TOWER (all except transmission line towers) point","zvalue":"260.821","angle":"0.0"},"geometry":{"type":"Point","coordinates":[-64.68725930014406,44.901488754597885]}},{"type":"Feature","properties":{"feat_code":"UTTK60","feat_desc":"TANK (6-15m diameter) point","zvalue":"220.7","angle":"0.0"},"geometry":{"type":"Point","coordinates":[-63.72624654222993,44.91320078892061]}},{"type":"Feature","properties":{"feat_code":"UTTK60","feat_desc":"TANK (6-15m diameter) point","zvalue":"33.413","angle":"201.01"},"geometry":{"type":"Point","coordinates":[-65.17209673695498,44.89721611352278]}},{"type":"Feature","properties":{"feat_code":"UTTK60","feat_desc":"TANK (6-15m diameter) point","zvalue":"33.486","angle":"191.16"},"geometry":{"type":"Point","coordinates":[-65.1720552005824,44.89722803042392]}},{"type":"Feature","properties":{"feat_code":"UTTO60","feat_desc":"TOWER (all except transmission line towers) point","zvalue":"202.2","angle":"0.0"},"geometry":{"type":"Point","coordinates":[-63.71620785293041,44.91565243432295]}},{"type":"Feature","properties":{"feat_code":"UTTK60","feat_desc":"TANK (6-15m diameter) point","zvalue":"33.851","angle":"140.23"},"geometry":{"type":"Point","coordinates":[-65.172012773048,44.8972458786186]}},{"type":"Feature","properties":{"feat_code":"UTTK60","feat_desc":"TANK (6-15m diameter) point","zvalue":"31.173","angle":"192.17"},"geometry":{"type":"Point","coordinates":[-65.17175862303036,44.89731322447187]}},{"type":"Feature","properties":{"feat_code":"UTTK60","feat_desc":"TANK (6-15m diameter) point","zvalue":"31.078","angle":"193.05"},"geometry":{"type":"Point","coordinates":[-65.17176942554313,44.89733001483552]}},{"type":"Feature","properties":{"feat_code":"UTSP60","feat_desc":"SEWAGE SETTLING POND  (6-15m diameter) point","zvalue":"128.302","angle":"0.0"},"geometry":{"type":"Point","coordinates":[-63.371627019564606,44.91999588811517]}},{"type":"Feature","properties":{"feat_code":"UTSP60","feat_desc":"SEWAGE SETTLING POND  (6-15m diameter) point","zvalue":"129.046","angle":"0.0"},"geometry":{"type":"Point","coordinates":[-63.372064502444594,44.920021991963964]}},{"type":"Feature","properties":{"feat_code":"UTSP60","feat_desc":"SEWAGE SETTLING POND  (6-15m diameter) point","zvalue":"128.302","angle":"0.0"},"geometry":{"type":"Point","coordinates":[-63.37149392573802,44.92013859857594]}},{"type":"Feature","properties":{"feat_code":"UTSP60","feat_desc":"SEWAGE SETTLING POND  (6-15m diameter) point","zvalue":"129.096","angle":"0.0"},"geometry":{"type":"Point","coordinates":[-63.371575669703496,44.92024793263341]}},{"type":"Feature","properties":{"feat_code":"UTTO60","feat_desc":"TOWER (all except transmission line towers) point","zvalue":"40.636","angle":"0.0"},"geometry":{"type":"Point","coordinates":[-62.31900976925304,44.91975974755251]}},{"type":"Feature","properties":{"feat_code":"UTTO60","feat_desc":"TOWER (all except transmission line towers) point","zvalue":"105.475","angle":"0.0"},"geometry":{"type":"Point","coordinates":[-62.754829386965795,44.92224479745213]}},{"type":"Feature","properties":{"feat_code":"UTTO60","feat_desc":"TOWER (all except transmission line towers) point","zvalue":"178.0","angle":"0.0"},"geometry":{"type":"Point","coordinates":[-63.40197364224085,44.92314206370286]}},{"type":"Feature","properties":{"feat_code":"UTTO60","feat_desc":"TOWER (all except transmission line towers) point","zvalue":"267.4","angle":"0.0"},"geometry":{"type":"Point","coordinates":[-64.6924209125638,44.91302254397801]}},{"type":"Feature","properties":{"feat_code":"UTTK65","feat_desc":"TANK indefinite/approximate point","zvalue":"17.167","angle":"0.0"},"geometry":{"type":"Point","coordinates":[-65.15507373214702,44.90571498339253]}},{"type":"Feature","properties":{"feat_code":"UTTO60","feat_desc":"TOWER (all except transmission line towers) point","zvalue":"85.291","angle":"0.0"},"geometry":{"type":"Point","coordinates":[-62.500210229927774,44.92589380489661]}},{"type":"Feature","properties":{"feat_code":"UTTK60","feat_desc":"TANK (6-15m diameter) point","zvalue":"24.414","angle":"293.85"},"geometry":{"type":"Point","coordinates":[-65.15653225639265,44.90703760145549]}},{"type":"Feature","properties":{"feat_code":"UTTK65","feat_desc":"TANK indefinite/approximate point","zvalue":"17.167","angle":"0.0"},"geometry":{"type":"Point","coordinates":[-65.15675803809823,44.908028943915845]}},{"type":"Feature","properties":{"feat_code":"UTTK65","feat_desc":"TANK indefinite/approximate point","zvalue":"17.167","angle":"0.0"},"geometry":{"type":"Point","coordinates":[-65.1564388814545,44.908115730873014]}},{"type":"Feature","properties":{"feat_code":"UTTO60","feat_desc":"TOWER (all except transmission line towers) point","zvalue":"145.1","angle":"0.0"},"geometry":{"type":"Point","coordinates":[-65.21622647296253,44.909632255955]}},{"type":"Feature","properties":{"feat_code":"UTTO65","feat_desc":"TOWER (all except transmission line towers) indefinite/approximate point","zvalue":"71.167","angle":"0.0"},"geometry":{"type":"Point","coordinates":[-65.32704503816429,44.90853973276947]}},{"type":"Feature","properties":{"feat_code":"UTTO60","feat_desc":"TOWER (all except transmission line towers) point","zvalue":"166.101","angle":"1.0"},"geometry":{"type":"Point","coordinates":[-64.16676958853523,44.927811931752665]}},{"type":"Feature","properties":{"feat_code":"UTTO60","feat_desc":"TOWER (all except transmission line towers) point","zvalue":"195.5","angle":"0.0"},"geometry":{"type":"Point","coordinates":[-64.1413305436994,44.92918524371885]}},{"type":"Feature","properties":{"feat_code":"UTTO60","feat_desc":"TOWER (all except transmission line towers) point","zvalue":"173.7","angle":"359.18"},"geometry":{"type":"Point","coordinates":[-64.16518131890199,44.928989438518585]}},{"type":"Feature","properties":{"feat_code":"UTTK60","feat_desc":"TANK (6-15m diameter) point","zvalue":"174.859","angle":"350.19"},"geometry":{"type":"Point","coordinates":[-64.95297119202431,44.91846206382611]}},{"type":"Feature","properties":{"feat_code":"UTTK60","feat_desc":"TANK (6-15m diameter) point","zvalue":"173.957","angle":"15.2"},"geometry":{"type":"Point","coordinates":[-64.95291084211422,44.91847879576768]}},{"type":"Feature","properties":{"feat_code":"UTTK60","feat_desc":"TANK (6-15m diameter) point","zvalue":"174.425","angle":"347.96"},"geometry":{"type":"Point","coordinates":[-64.95286870929766,44.91849658436311]}},{"type":"Feature","properties":{"feat_code":"UTTO60","feat_desc":"TOWER (all except transmission line towers) point","zvalue":"242.826","angle":"1.9"},"geometry":{"type":"Point","coordinates":[-64.52171041128054,44.92642515233252]}},{"type":"Feature","properties":{"feat_code":"UTTO60","feat_desc":"TOWER (all except transmission line towers) point","zvalue":"211.441","angle":"0.0"},"geometry":{"type":"Point","coordinates":[-63.964258081310916,44.93383007131805]}},{"type":"Feature","properties":{"feat_code":"UTTO60","feat_desc":"TOWER (all except transmission line towers) point","zvalue":"211.585","angle":"0.0"},"geometry":{"type":"Point","coordinates":[-63.96217443432431,44.93579311919993]}},{"type":"Feature","properties":{"feat_code":"UTTO60","feat_desc":"TOWER (all except transmission line towers) point","zvalue":"248.45","angle":"0.0"},"geometry":{"type":"Point","coordinates":[-65.22608615498254,44.918609810338666]}},{"type":"Feature","properties":{"feat_code":"UTTK60","feat_desc":"TANK (6-15m diameter) point","zvalue":"35.0","angle":"0.0"},"geometry":{"type":"Point","coordinates":[-63.53796282841006,44.94085567120208]}},{"type":"Feature","properties":{"feat_code":"UTTO60","feat_desc":"TOWER (all except transmission line towers) point","zvalue":"17.323","angle":"0.0"},"geometry":{"type":"Point","coordinates":[-65.1020131538252,44.92296432446412]}},{"type":"Feature","properties":{"feat_code":"UTTO60","feat_desc":"TOWER (all except transmission line towers) point","zvalue":"209.85","angle":"-1.9"},"geometry":{"type":"Point","coordinates":[-63.95853406202092,44.93925714970086]}},{"type":"Feature","properties":{"feat_code":"UTTO60","feat_desc":"TOWER (all except transmission line towers) point","zvalue":"98.502","angle":"0.0"},"geometry":{"type":"Point","coordinates":[-62.433361751280465,44.94385546482202]}},{"type":"Feature","properties":{"feat_code":"UTTO60","feat_desc":"TOWER (all except transmission line towers) point","zvalue":"223.234","angle":"0.0"},"geometry":{"type":"Point","coordinates":[-63.931839462299536,44.947226949579495]}},{"type":"Feature","properties":{"feat_code":"UTTO60","feat_desc":"TOWER (all except transmission line towers) point","zvalue":"225.99","angle":"0.0"},"geometry":{"type":"Point","coordinates":[-63.934133778727144,44.94784841858384]}},{"type":"Feature","properties":{"feat_code":"UTTO60","feat_desc":"TOWER (all except transmission line towers) point","zvalue":"224.77","angle":"0.0"},"geometry":{"type":"Point","coordinates":[-63.93397362423323,44.94793902844395]}},{"type":"Feature","properties":{"feat_code":"UTTO60","feat_desc":"TOWER (all except transmission line towers) point","zvalue":"100.664","angle":"0.0"},"geometry":{"type":"Point","coordinates":[-64.11277845274778,44.94646195196181]}},{"type":"Feature","properties":{"feat_code":"UTTO60","feat_desc":"TOWER (all except transmission line towers) point","zvalue":"220.44","angle":"0.0"},"geometry":{"type":"Point","coordinates":[-63.92515621294003,44.95136647939941]}},{"type":"Feature","properties":{"feat_code":"UTTO60","feat_desc":"TOWER (all except transmission line towers) point","zvalue":"161.172","angle":"0.0"},"geometry":{"type":"Point","coordinates":[-64.90542233852311,44.93994402428457]}},{"type":"Feature","properties":{"feat_code":"UTTK60","feat_desc":"TANK (6-15m diameter) point","zvalue":"24.776","angle":"0.0"},"geometry":{"type":"Point","coordinates":[-65.05657898570267,44.937344592671]}},{"type":"Feature","properties":{"feat_code":"UTTK60","feat_desc":"TANK (6-15m diameter) point","zvalue":"25.87","angle":"0.0"},"geometry":{"type":"Point","coordinates":[-65.0776181931648,44.93849107404525]}},{"type":"Feature","properties":{"feat_code":"UTTK60","feat_desc":"TANK (6-15m diameter) point","zvalue":"129.6","angle":"359.73"},"geometry":{"type":"Point","coordinates":[-64.90686542021325,44.943956157354286]}},{"type":"Feature","properties":{"feat_code":"UTTK60","feat_desc":"TANK (6-15m diameter) point","zvalue":"129.6","angle":"359.73"},"geometry":{"type":"Point","coordinates":[-64.90678997493356,44.94397451227975]}},{"type":"Feature","properties":{"feat_code":"UTTK60","feat_desc":"TANK (6-15m diameter) point","zvalue":"24.86","angle":"201.7"},"geometry":{"type":"Point","coordinates":[-65.08351575424014,44.94123820267885]}},{"type":"Feature","properties":{"feat_code":"UTTK60","feat_desc":"TANK (6-15m diameter) point","zvalue":"24.86","angle":"203.86"},"geometry":{"type":"Point","coordinates":[-65.08353203533846,44.94126640585386]}},{"type":"Feature","properties":{"feat_code":"UTTK60","feat_desc":"TANK (6-15m diameter) point","zvalue":"24.953","angle":"198.55"},"geometry":{"type":"Point","coordinates":[-65.08355301542215,44.94129451425926]}},{"type":"Feature","properties":{"feat_code":"UTTK60","feat_desc":"TANK (6-15m diameter) point","zvalue":"24.245","angle":"0.0"},"geometry":{"type":"Point","coordinates":[-65.08356848190287,44.94132157103916]}},{"type":"Feature","properties":{"feat_code":"UTTO60","feat_desc":"TOWER (all except transmission line towers) point","zvalue":"21.768","angle":"0.0"},"geometry":{"type":"Point","coordinates":[-65.0795670045971,44.941454912261875]}},{"type":"Feature","properties":{"feat_code":"UTTK60","feat_desc":"TANK (6-15m diameter) point","zvalue":"28.395","angle":"0.0"},"geometry":{"type":"Point","coordinates":[-65.07742893534818,44.94182714930033]}},{"type":"Feature","properties":{"feat_code":"UTTO60","feat_desc":"TOWER (all except transmission line towers) point","zvalue":"105.154","angle":"0.0"},"geometry":{"type":"Point","coordinates":[-63.364231375186705,44.96220694134998]}},{"type":"Feature","properties":{"feat_code":"UTTO60","feat_desc":"TOWER (all except transmission line towers) point","zvalue":"76.66","angle":"0.0"},"geometry":{"type":"Point","coordinates":[-63.60724301013572,44.96177796698]}},{"type":"Feature","properties":{"feat_code":"UTTK60","feat_desc":"TANK (6-15m diameter) point","zvalue":"41.355","angle":"85.0"},"geometry":{"type":"Point","coordinates":[-63.47998954181457,44.96238749546094]}},{"type":"Feature","properties":{"feat_code":"UTTK60","feat_desc":"TANK (6-15m diameter) point","zvalue":"41.355","angle":"85.0"},"geometry":{"type":"Point","coordinates":[-63.48007422980201,44.9623906502665]}},{"type":"Feature","properties":{"feat_code":"UTTK60","feat_desc":"TANK (6-15m diameter) point","zvalue":"35.832","angle":"0.0"},"geometry":{"type":"Point","coordinates":[-63.4775990083856,44.96329090167627]}},{"type":"Feature","properties":{"feat_code":"UTTK60","feat_desc":"TANK (6-15m diameter) point","zvalue":"35.803","angle":"0.0"},"geometry":{"type":"Point","coordinates":[-63.477484252608086,44.963331737422045]}},{"type":"Feature","properties":{"feat_code":"UTTO60","feat_desc":"TOWER (all except transmission line towers) point","zvalue":"25.0","angle":"359.25"},"geometry":{"type":"Point","coordinates":[-64.03358548317377,44.96100273607396]}},{"type":"Feature","properties":{"feat_code":"UTTO60","feat_desc":"TOWER (all except transmission line towers) point","zvalue":"68.7","angle":"0.0"},"geometry":{"type":"Point","coordinates":[-63.427004364614525,44.96663986758394]}},{"type":"Feature","properties":{"feat_code":"UTTO60","feat_desc":"TOWER (all except transmission line towers) point","zvalue":"47.9","angle":"359.33"},"geometry":{"type":"Point","coordinates":[-63.982524549090826,44.96344472562938]}},{"type":"Feature","properties":{"feat_code":"UTTK60","feat_desc":"TANK (6-15m diameter) point","zvalue":"86.9","angle":"0.0"},"geometry":{"type":"Point","coordinates":[-63.97696218189365,44.963534757575566]}},{"type":"Feature","properties":{"feat_code":"UTTO60","feat_desc":"TOWER (all except transmission line towers) point","zvalue":"47.426","angle":"0.0"},"geometry":{"type":"Point","coordinates":[-63.983772088511806,44.963641858836375]}},{"type":"Feature","properties":{"feat_code":"UTTO60","feat_desc":"TOWER (all except transmission line towers) point","zvalue":"109.2","angle":"359.82"},"geometry":{"type":"Point","coordinates":[-63.271942006375056,45.34626510609053]}},{"type":"Feature","properties":{"feat_code":"UTTK60","feat_desc":"TANK (6-15m diameter) point","zvalue":"56.4","angle":"359.63"},"geometry":{"type":"Point","coordinates":[-63.29025354294136,45.34628935116292]}},{"type":"Feature","properties":{"feat_code":"UTTK60","feat_desc":"TANK (6-15m diameter) point","zvalue":"54.7","angle":"359.82"},"geometry":{"type":"Point","coordinates":[-63.290202524919586,45.3462975820411]}},{"type":"Feature","properties":{"feat_code":"UTTK60","feat_desc":"TANK (6-15m diameter) point","zvalue":"56.4","angle":"359.63"},"geometry":{"type":"Point","coordinates":[-63.290239777595936,45.34634339442349]}},{"type":"Feature","properties":{"feat_code":"UTTK60","feat_desc":"TANK (6-15m diameter) point","zvalue":"55.1","angle":"359.82"},"geometry":{"type":"Point","coordinates":[-63.290201524391534,45.34635159286392]}},{"type":"Feature","properties":{"feat_code":"UTTK60","feat_desc":"TANK (6-15m diameter) point","zvalue":"55.4","angle":"359.82"},"geometry":{"type":"Point","coordinates":[-63.29020043192206,45.34638761016117]}},{"type":"Feature","properties":{"feat_code":"UTTK60","feat_desc":"TANK (6-15m diameter) point","zvalue":"56.0","angle":"359.63"},"geometry":{"type":"Point","coordinates":[-63.29025149597989,45.346388371545714]}},{"type":"Feature","properties":{"feat_code":"UTTK60","feat_desc":"TANK (6-15m diameter) point","zvalue":"55.7","angle":"359.82"},"geometry":{"type":"Point","coordinates":[-63.29019938535208,45.34643261071877]}},{"type":"Feature","properties":{"feat_code":"UTTK60","feat_desc":"TANK (6-15m diameter) point","zvalue":"56.0","angle":"359.82"},"geometry":{"type":"Point","coordinates":[-63.29019956932336,45.34646861577103]}},{"type":"Feature","properties":{"feat_code":"UTTK60","feat_desc":"TANK (6-15m diameter) point","zvalue":"56.2","angle":"359.82"},"geometry":{"type":"Point","coordinates":[-63.290198430812026,45.34649562280328]}},{"type":"Feature","properties":{"feat_code":"UTTK60","feat_desc":"TANK (6-15m diameter) point","zvalue":"56.2","angle":"359.82"},"geometry":{"type":"Point","coordinates":[-63.29019460134195,45.34649563253286]}},{"type":"Feature","properties":{"feat_code":"UTTK60","feat_desc":"TANK (6-15m diameter) point","zvalue":"56.2","angle":"359.82"},"geometry":{"type":"Point","coordinates":[-63.290197384284895,45.34654063236129]}},{"type":"Feature","properties":{"feat_code":"UTTK60","feat_desc":"TANK (6-15m diameter) point","zvalue":"56.2","angle":"359.82"},"geometry":{"type":"Point","coordinates":[-63.29019633775628,45.34658564191893]}},{"type":"Feature","properties":{"feat_code":"UTTK60","feat_desc":"TANK (6-15m diameter) point","zvalue":"56.2","angle":"359.82"},"geometry":{"type":"Point","coordinates":[-63.29019638374883,45.34659464318177]}},{"type":"Feature","properties":{"feat_code":"UTTK60","feat_desc":"TANK (6-15m diameter) point","zvalue":"56.2","angle":"359.63"},"geometry":{"type":"Point","coordinates":[-63.29019647573399,45.3466126457074]}},{"type":"Feature","properties":{"feat_code":"UTTK60","feat_desc":"TANK (6-15m diameter) point","zvalue":"46.293","angle":"0.0"},"geometry":{"type":"Point","coordinates":[-63.29449000380111,45.346615500527854]}},{"type":"Feature","properties":{"feat_code":"UTTK60","feat_desc":"TANK (6-15m diameter) point","zvalue":"46.366","angle":"0.0"},"geometry":{"type":"Point","coordinates":[-63.29459521807988,45.346628650262595]}},{"type":"Feature","properties":{"feat_code":"UTTK60","feat_desc":"TANK (6-15m diameter) point","zvalue":"56.2","angle":"359.63"},"geometry":{"type":"Point","coordinates":[-63.29019538321112,45.34664865400173]}},{"type":"Feature","properties":{"feat_code":"UTTK60","feat_desc":"TANK (6-15m diameter) point","zvalue":"123.1","angle":"359.82"},"geometry":{"type":"Point","coordinates":[-63.26159554829991,45.34672943866839]}},{"type":"Feature","properties":{"feat_code":"UTTK60","feat_desc":"TANK (6-15m diameter) point","zvalue":"56.9","angle":"0.0"},"geometry":{"type":"Point","coordinates":[-63.29449215232615,45.34665565914437]}},{"type":"Feature","properties":{"feat_code":"UTTK60","feat_desc":"TANK (6-15m diameter) point","zvalue":"56.9","angle":"0.0"},"geometry":{"type":"Point","coordinates":[-63.29457526443936,45.34668244896349]}},{"type":"Feature","properties":{"feat_code":"UTTK60","feat_desc":"TANK (6-15m diameter) point","zvalue":"56.2","angle":"359.63"},"geometry":{"type":"Point","coordinates":[-63.29020714761856,45.3467026323887]}},{"type":"Feature","properties":{"feat_code":"UTTK60","feat_desc":"TANK (6-15m diameter) point","zvalue":"56.9","angle":"0.0"},"geometry":{"type":"Point","coordinates":[-63.29457547919841,45.34672385475558]}},{"type":"Feature","properties":{"feat_code":"UTTK60","feat_desc":"TANK (6-15m diameter) point","zvalue":"56.9","angle":"0.0"},"geometry":{"type":"Point","coordinates":[-63.29447719844343,45.34672590845994]}},{"type":"Feature","properties":{"feat_code":"UTTK60","feat_desc":"TANK (6-15m diameter) point","zvalue":"56.9","angle":"0.0"},"geometry":{"type":"Point","coordinates":[-63.294552805735535,45.34678242219587]}},{"type":"Feature","properties":{"feat_code":"UTTK60","feat_desc":"TANK (6-15m diameter) point","zvalue":"56.9","angle":"0.0"},"geometry":{"type":"Point","coordinates":[-63.29443042544456,45.34681424255852]}},{"type":"Feature","properties":{"feat_code":"UTTK60","feat_desc":"TANK (6-15m diameter) point","zvalue":"56.9","angle":"0.0"},"geometry":{"type":"Point","coordinates":[-63.29452128543408,45.34685811506436]}},{"type":"Feature","properties":{"feat_code":"UTTK60","feat_desc":"TANK (6-15m diameter) point","zvalue":"56.9","angle":"0.0"},"geometry":{"type":"Point","coordinates":[-63.294423097770355,45.34687817124064]}},{"type":"Feature","properties":{"feat_code":"UTTK60","feat_desc":"TANK (6-15m diameter) point","zvalue":"56.9","angle":"0.0"},"geometry":{"type":"Point","coordinates":[-63.294524291215154,45.34694542069235]}},{"type":"Feature","properties":{"feat_code":"UTTK60","feat_desc":"TANK (6-15m diameter) point","zvalue":"54.019","angle":"0.0"},"geometry":{"type":"Point","coordinates":[-63.28892772438088,45.34700594596277]}},{"type":"Feature","properties":{"feat_code":"UTTK60","feat_desc":"TANK (6-15m diameter) point","zvalue":"60.279","angle":"0.0"},"geometry":{"type":"Point","coordinates":[-63.28896367723425,45.34704728835832]}},{"type":"Feature","properties":{"feat_code":"UTTK60","feat_desc":"TANK (6-15m diameter) point","zvalue":"56.784","angle":"0.0"},"geometry":{"type":"Point","coordinates":[-63.28890387536238,45.347055414858026]}},{"type":"Feature","properties":{"feat_code":"UTTK60","feat_desc":"TANK (6-15m diameter) point","zvalue":"56.9","angle":"359.82"},"geometry":{"type":"Point","coordinates":[-63.28897984796752,45.34709190328747]}},{"type":"Feature","properties":{"feat_code":"UTTK60","feat_desc":"TANK (6-15m diameter) point","zvalue":"60.279","angle":"0.0"},"geometry":{"type":"Point","coordinates":[-63.288988173147224,45.34712496229136]}},{"type":"Feature","properties":{"feat_code":"UTTK60","feat_desc":"TANK (6-15m diameter) point","zvalue":"60.181","angle":"0.0"},"geometry":{"type":"Point","coordinates":[-63.288923564911315,45.34713430714664]}},{"type":"Feature","properties":{"feat_code":"UTTK60","feat_desc":"TANK (6-15m diameter) point","zvalue":"52.26","angle":"0.0"},"geometry":{"type":"Point","coordinates":[-63.28928973519101,45.34715690991317]}},{"type":"Feature","properties":{"feat_code":"UTTK60","feat_desc":"TANK (6-15m diameter) point","zvalue":"52.434","angle":"0.0"},"geometry":{"type":"Point","coordinates":[-63.28922896501975,45.34718296078052]}},{"type":"Feature","properties":{"feat_code":"UTTK60","feat_desc":"TANK (6-15m diameter) point","zvalue":"8.205","angle":"31.87"},"geometry":{"type":"Point","coordinates":[-64.79994643129274,45.333754775460434]}},{"type":"Feature","properties":{"feat_code":"UTTK60","feat_desc":"TANK (6-15m diameter) point","zvalue":"8.343","angle":"46.75"},"geometry":{"type":"Point","coordinates":[-64.79983461414916,45.33384920795465]}},{"type":"Feature","properties":{"feat_code":"UTTK60","feat_desc":"TANK (6-15m diameter) point","zvalue":"8.76","angle":"237.56"},"geometry":{"type":"Point","coordinates":[-64.79932389792076,45.33388643089735]}},{"type":"Feature","properties":{"feat_code":"UTTK60","feat_desc":"TANK (6-15m diameter) point","zvalue":"8.343","angle":"326.45"},"geometry":{"type":"Point","coordinates":[-64.79971570347836,45.333943725141296]}},{"type":"Feature","properties":{"feat_code":"UTTK60","feat_desc":"TANK (6-15m diameter) point","zvalue":"8.76","angle":"247.76"},"geometry":{"type":"Point","coordinates":[-64.79921025288527,45.333979604375614]}},{"type":"Feature","properties":{"feat_code":"UTTK60","feat_desc":"TANK (6-15m diameter) point","zvalue":"8.343","angle":"130.96"},"geometry":{"type":"Point","coordinates":[-64.7996000235239,45.334029450881424]}},{"type":"Feature","properties":{"feat_code":"UTTK60","feat_desc":"TANK (6-15m diameter) point","zvalue":"8.76","angle":"251.7"},"geometry":{"type":"Point","coordinates":[-64.79909648864778,45.33406902601537]}},{"type":"Feature","properties":{"feat_code":"UTTK60","feat_desc":"TANK (6-15m diameter) point","zvalue":"9.778","angle":"0.0"},"geometry":{"type":"Point","coordinates":[-64.79894266351592,45.334119778409324]}},{"type":"Feature","properties":{"feat_code":"UTTK60","feat_desc":"TANK (6-15m diameter) point","zvalue":"8.76","angle":"23.33"},"geometry":{"type":"Point","coordinates":[-64.79949339730263,45.33412582654783]}},{"type":"Feature","properties":{"feat_code":"UTTK60","feat_desc":"TANK (6-15m diameter) point","zvalue":"9.763","angle":"0.0"},"geometry":{"type":"Point","coordinates":[-64.79877613962972,45.334226953665535]}},{"type":"Feature","properties":{"feat_code":"UTTK60","feat_desc":"TANK (6-15m diameter) point","zvalue":"8.76","angle":"30.28"},"geometry":{"type":"Point","coordinates":[-64.79937449795898,45.334220334194455]}},{"type":"Feature","properties":{"feat_code":"UTTK60","feat_desc":"TANK (6-15m diameter) point","zvalue":"8.76","angle":"53.27"},"geometry":{"type":"Point","coordinates":[-64.79925943413048,45.33437348869032]}},{"type":"Feature","properties":{"feat_code":"UTTK60","feat_desc":"TANK (6-15m diameter) point","zvalue":"8.76","angle":"180.13"},"geometry":{"type":"Point","coordinates":[-64.79938615291222,45.33445247778099]}},{"type":"Feature","properties":{"feat_code":"UTTK60","feat_desc":"TANK (6-15m diameter) point","zvalue":"8.76","angle":"87.27"},"geometry":{"type":"Point","coordinates":[-64.79943807466786,45.33457024454582]}},{"type":"Feature","properties":{"feat_code":"UTTK60","feat_desc":"TANK (6-15m diameter) point","zvalue":"39.468","angle":"0.0"},"geometry":{"type":"Point","coordinates":[-63.291104920510904,45.34868052493156]}},{"type":"Feature","properties":{"feat_code":"UTTK60","feat_desc":"TANK (6-15m diameter) point","zvalue":"40.496","angle":"0.0"},"geometry":{"type":"Point","coordinates":[-63.290984348969495,45.34875260913868]}},{"type":"Feature","properties":{"feat_code":"UTTK60","feat_desc":"TANK (6-15m diameter) point","zvalue":"40.563","angle":"0.0"},"geometry":{"type":"Point","coordinates":[-63.2909911955538,45.348773366872535]}},{"type":"Feature","properties":{"feat_code":"UTTK60","feat_desc":"TANK (6-15m diameter) point","zvalue":"40.672","angle":"0.0"},"geometry":{"type":"Point","coordinates":[-63.2910007902944,45.34879232633046]}},{"type":"Feature","properties":{"feat_code":"UTTO60","feat_desc":"TOWER (all except transmission line towers) point","zvalue":"32.8","angle":"0.0"},"geometry":{"type":"Point","coordinates":[-60.989133375665396,45.33246137475355]}},{"type":"Feature","properties":{"feat_code":"UTTO60","feat_desc":"TOWER (all except transmission line towers) point","zvalue":"32.4","angle":"0.0"},"geometry":{"type":"Point","coordinates":[-60.988848294357815,45.332547268083346]}},{"type":"Feature","properties":{"feat_code":"UTTK60","feat_desc":"TANK (6-15m diameter) point","zvalue":"31.6","angle":"0.0"},"geometry":{"type":"Point","coordinates":[-63.29141131659514,45.352754791285406]}},{"type":"Feature","properties":{"feat_code":"UTTK60","feat_desc":"TANK (6-15m diameter) point","zvalue":"31.6","angle":"0.0"},"geometry":{"type":"Point","coordinates":[-63.291526282667036,45.35276799996542]}},{"type":"Feature","properties":{"feat_code":"UTTK60","feat_desc":"TANK (6-15m diameter) point","zvalue":"31.6","angle":"0.0"},"geometry":{"type":"Point","coordinates":[-63.29141168153654,45.35282590117669]}},{"type":"Feature","properties":{"feat_code":"UTTK60","feat_desc":"TANK (6-15m diameter) point","zvalue":"51.039","angle":"0.0"},"geometry":{"type":"Point","coordinates":[-63.35177332098059,45.35267010724579]}},{"type":"Feature","properties":{"feat_code":"UTTK60","feat_desc":"TANK (6-15m diameter) point","zvalue":"31.6","angle":"0.0"},"geometry":{"type":"Point","coordinates":[-63.29150878876116,45.352841855847686]}},{"type":"Feature","properties":{"feat_code":"UTTK60","feat_desc":"TANK (6-15m diameter) point","zvalue":"31.6","angle":"0.0"},"geometry":{"type":"Point","coordinates":[-63.29141453969238,45.35288530292533]}},{"type":"Feature","properties":{"feat_code":"UTTK60","feat_desc":"TANK (6-15m diameter) point","zvalue":"31.6","angle":"0.0"},"geometry":{"type":"Point","coordinates":[-63.29149887605983,45.35290039005001]}},{"type":"Feature","properties":{"feat_code":"UTTK60","feat_desc":"TANK (6-15m diameter) point","zvalue":"52.0","angle":"359.75"},"geometry":{"type":"Point","coordinates":[-63.35206596444214,45.35273155807494]}},{"type":"Feature","properties":{"feat_code":"UTTK60","feat_desc":"TANK (6-15m diameter) point","zvalue":"31.6","angle":"0.0"},"geometry":{"type":"Point","coordinates":[-63.291403350251656,45.35294384037633]}},{"type":"Feature","properties":{"feat_code":"UTTK60","feat_desc":"TANK (6-15m diameter) point","zvalue":"31.6","angle":"0.0"},"geometry":{"type":"Point","coordinates":[-63.2914940236706,45.35294990996709]}},{"type":"Feature","properties":{"feat_code":"UTTK60","feat_desc":"TANK (6-15m diameter) point","zvalue":"31.6","angle":"0.0"},"geometry":{"type":"Point","coordinates":[-63.29139983446319,45.353005058659484]}},{"type":"Feature","properties":{"feat_code":"UTTK60","feat_desc":"TANK (6-15m diameter) point","zvalue":"31.6","angle":"0.0"},"geometry":{"type":"Point","coordinates":[-63.291488005535236,45.35302103614553]}},{"type":"Feature","properties":{"feat_code":"UTTK60","feat_desc":"TANK (6-15m diameter) point","zvalue":"49.346","angle":"0.0"},"geometry":{"type":"Point","coordinates":[-63.29137128963913,45.35304011080255]}},{"type":"Feature","properties":{"feat_code":"UTTK60","feat_desc":"TANK (6-15m diameter) point","zvalue":"44.556","angle":"0.0"},"geometry":{"type":"Point","coordinates":[-63.29146730043396,45.35305379996009]}},{"type":"Feature","properties":{"feat_code":"UTTO60","feat_desc":"TOWER (all except transmission line towers) point","zvalue":"165.9","angle":"0.0"},"geometry":{"type":"Point","coordinates":[-62.24155029737978,45.35101877462362]}},{"type":"Feature","properties":{"feat_code":"UTTK60","feat_desc":"TANK (6-15m diameter) point","zvalue":"40.9","angle":"0.0"},"geometry":{"type":"Point","coordinates":[-63.29257766056751,45.354637596296236]}},{"type":"Feature","properties":{"feat_code":"UTTK60","feat_desc":"TANK (6-15m diameter) point","zvalue":"40.9","angle":"0.0"},"geometry":{"type":"Point","coordinates":[-63.29266599225363,45.354684177104765]}},{"type":"Feature","properties":{"feat_code":"UTSS60","feat_desc":"SUBSTATION (transformer) point","zvalue":"18.8","angle":"0.0"},"geometry":{"type":"Point","coordinates":[-60.99874139452578,45.33754588662218]}},{"type":"Feature","properties":{"feat_code":"UTTK60","feat_desc":"TANK (6-15m diameter) point","zvalue":"40.9","angle":"0.0"},"geometry":{"type":"Point","coordinates":[-63.29248615280577,45.354717942826696]}},{"type":"Feature","properties":{"feat_code":"UTTK60","feat_desc":"TANK (6-15m diameter) point","zvalue":"40.9","angle":"0.0"},"geometry":{"type":"Point","coordinates":[-63.29260124834404,45.35475545377931]}},{"type":"Feature","properties":{"feat_code":"UTTK60","feat_desc":"TANK (6-15m diameter) point","zvalue":"40.9","angle":"0.0"},"geometry":{"type":"Point","coordinates":[-63.2924725266832,45.3547989900203]}},{"type":"Feature","properties":{"feat_code":"UTTK60","feat_desc":"TANK (6-15m diameter) point","zvalue":"41.2","angle":"0.0"},"geometry":{"type":"Point","coordinates":[-63.292637320004566,45.35481837093446]}},{"type":"Feature","properties":{"feat_code":"UTTK60","feat_desc":"TANK (6-15m diameter) point","zvalue":"40.9","angle":"0.0"},"geometry":{"type":"Point","coordinates":[-63.29254804074412,45.35483570223578]}},{"type":"Feature","properties":{"feat_code":"UTTK60","feat_desc":"TANK (6-15m diameter) point","zvalue":"11.2","angle":"273.09"},"geometry":{"type":"Point","coordinates":[-60.99580554205407,45.33762760956963]}},{"type":"Feature","properties":{"feat_code":"UTTK60","feat_desc":"TANK (6-15m diameter) point","zvalue":"12.0","angle":"247.92"},"geometry":{"type":"Point","coordinates":[-60.99568637848003,45.3376408201617]}},{"type":"Feature","properties":{"feat_code":"UTTK60","feat_desc":"TANK (6-15m diameter) point","zvalue":"38.2","angle":"0.0"},"geometry":{"type":"Point","coordinates":[-63.29236820074568,45.35486946777245]}},{"type":"Feature","properties":{"feat_code":"UTTK60","feat_desc":"TANK (6-15m diameter) point","zvalue":"11.2","angle":"206.29"},"geometry":{"type":"Point","coordinates":[-60.995754113899096,45.337674414468395]}},{"type":"Feature","properties":{"feat_code":"UTTK60","feat_desc":"TANK (6-15m diameter) point","zvalue":"37.7","angle":"0.0"},"geometry":{"type":"Point","coordinates":[-63.29248325014586,45.35489797759452]}},{"type":"Feature","properties":{"feat_code":"UTTK60","feat_desc":"TANK (6-15m diameter) point","zvalue":"38.891","angle":"0.0"},"geometry":{"type":"Point","coordinates":[-63.2925879993258,45.35491460487846]}},{"type":"Feature","properties":{"feat_code":"UTTO60","feat_desc":"TOWER (all except transmission line towers) point","zvalue":"92.0","angle":"0.0"},"geometry":{"type":"Point","coordinates":[-61.50032654550561,45.34688172755386]}},{"type":"Feature","properties":{"feat_code":"UTTK60","feat_desc":"TANK (6-15m diameter) point","zvalue":"21.704","angle":"0.0"},"geometry":{"type":"Point","coordinates":[-63.28922057343941,45.360518482055454]}},{"type":"Feature","properties":{"feat_code":"UTTK60","feat_desc":"TANK (6-15m diameter) point","zvalue":"19.8","angle":"0.0"},"geometry":{"type":"Point","coordinates":[-63.274607090861714,45.361787889523356]}},{"type":"Feature","properties":{"feat_code":"UTTK60","feat_desc":"TANK (6-15m diameter) point","zvalue":"19.8","angle":"0.0"},"geometry":{"type":"Point","coordinates":[-63.27462901916339,45.361833743714485]}},{"type":"Feature","properties":{"feat_code":"UTTK60","feat_desc":"TANK (6-15m diameter) point","zvalue":"19.8","angle":"0.0"},"geometry":{"type":"Point","coordinates":[-63.27464209238339,45.36189672176878]}},{"type":"Feature","properties":{"feat_code":"UTTK60","feat_desc":"TANK (6-15m diameter) point","zvalue":"19.8","angle":"0.0"},"geometry":{"type":"Point","coordinates":[-63.274643665367584,45.36195792720291]}},{"type":"Feature","properties":{"feat_code":"UTTK60","feat_desc":"TANK (6-15m diameter) point","zvalue":"138.654","angle":"0.0"},"geometry":{"type":"Point","coordinates":[-63.15616655026152,45.364446280808785]}},{"type":"Feature","properties":{"feat_code":"UTTO60","feat_desc":"TOWER (all except transmission line towers) point","zvalue":"72.779","angle":"0.0"},"geometry":{"type":"Point","coordinates":[-63.2005019068143,45.369511004508404]}},{"type":"Feature","properties":{"feat_code":"UTTK60","feat_desc":"TANK (6-15m diameter) point","zvalue":"22.9","angle":"0.0"},"geometry":{"type":"Point","coordinates":[-63.23073862376401,45.36970980624114]}},{"type":"Feature","properties":{"feat_code":"UTTK60","feat_desc":"TANK (6-15m diameter) point","zvalue":"22.9","angle":"0.0"},"geometry":{"type":"Point","coordinates":[-63.23075032555075,45.36976109025487]}},{"type":"Feature","properties":{"feat_code":"UTTK60","feat_desc":"TANK (6-15m diameter) point","zvalue":"23.411","angle":"0.0"},"geometry":{"type":"Point","coordinates":[-63.23082857106857,45.36994679187493]}},{"type":"Feature","properties":{"feat_code":"UTTK60","feat_desc":"TANK (6-15m diameter) point","zvalue":"23.411","angle":"0.0"},"geometry":{"type":"Point","coordinates":[-63.23082098899905,45.369982191473945]}},{"type":"Feature","properties":{"feat_code":"UTTK60","feat_desc":"TANK (6-15m diameter) point","zvalue":"25.528","angle":"0.0"},"geometry":{"type":"Point","coordinates":[-63.230824114043536,45.37002523857872]}},{"type":"Feature","properties":{"feat_code":"UTTK60","feat_desc":"TANK (6-15m diameter) point","zvalue":"41.936","angle":"0.0"},"geometry":{"type":"Point","coordinates":[-63.23095885454318,45.37010065849342]}},{"type":"Feature","properties":{"feat_code":"UTTK60","feat_desc":"TANK (6-15m diameter) point","zvalue":"42.26","angle":"0.0"},"geometry":{"type":"Point","coordinates":[-63.231018966159645,45.37010415546889]}},{"type":"Feature","properties":{"feat_code":"UTTK60","feat_desc":"TANK (6-15m diameter) point","zvalue":"41.922","angle":"0.0"},"geometry":{"type":"Point","coordinates":[-63.230873085642365,45.37014384930332]}},{"type":"Feature","properties":{"feat_code":"UTTK60","feat_desc":"TANK (6-15m diameter) point","zvalue":"22.324","angle":"0.0"},"geometry":{"type":"Point","coordinates":[-63.23074025300151,45.37033035548321]}},{"type":"Feature","properties":{"feat_code":"UTTK60","feat_desc":"TANK (6-15m diameter) point","zvalue":"22.244","angle":"0.0"},"geometry":{"type":"Point","coordinates":[-63.23068533410835,45.370332005642666]}},{"type":"Feature","properties":{"feat_code":"UTTK60","feat_desc":"TANK (6-15m diameter) point","zvalue":"22.356","angle":"0.0"},"geometry":{"type":"Point","coordinates":[-63.23071023082012,45.37033376462705]}},{"type":"Feature","properties":{"feat_code":"UTTK60","feat_desc":"TANK (6-15m diameter) point","zvalue":"22.356","angle":"0.0"},"geometry":{"type":"Point","coordinates":[-63.2306561996971,45.37033704222215]}},{"type":"Feature","properties":{"feat_code":"UTTK60","feat_desc":"TANK (6-15m diameter) point","zvalue":"22.0","angle":"0.0"},"geometry":{"type":"Point","coordinates":[-63.231339196428046,45.37042689854078]}},{"type":"Feature","properties":{"feat_code":"UTTK60","feat_desc":"TANK (6-15m diameter) point","zvalue":"43.883","angle":"0.0"},"geometry":{"type":"Point","coordinates":[-63.25915739502178,45.370642312775146]}},{"type":"Feature","properties":{"feat_code":"UTTK60","feat_desc":"TANK (6-15m diameter) point","zvalue":"40.428","angle":"0.0"},"geometry":{"type":"Point","coordinates":[-63.259108303440854,45.370661497992145]}},{"type":"Feature","properties":{"feat_code":"UTTK60","feat_desc":"TANK (6-15m diameter) point","zvalue":"43.864","angle":"0.0"},"geometry":{"type":"Point","coordinates":[-63.25917165361565,45.37068293048051]}},{"type":"Feature","properties":{"feat_code":"UTTK60","feat_desc":"TANK (6-15m diameter) point","zvalue":"167.95","angle":"0.0"},"geometry":{"type":"Point","coordinates":[-64.37591825437366,44.979527607234836]}},{"type":"Feature","properties":{"feat_code":"UTTK60","feat_desc":"TANK (6-15m diameter) point","zvalue":"141.0","angle":"0.0"},"geometry":{"type":"Point","coordinates":[-62.93442788041882,44.989798986907054]}},{"type":"Feature","properties":{"feat_code":"UTTK60","feat_desc":"TANK (6-15m diameter) point","zvalue":"141.35","angle":"0.0"},"geometry":{"type":"Point","coordinates":[-62.93448277869158,44.98980353738941]}},{"type":"Feature","properties":{"feat_code":"UTTK60","feat_desc":"TANK (6-15m diameter) point","zvalue":"150.1","angle":"0.0"},"geometry":{"type":"Point","coordinates":[-62.93521534445826,44.989886557123825]}},{"type":"Feature","properties":{"feat_code":"UTTK60","feat_desc":"TANK (6-15m diameter) point","zvalue":"149.2","angle":"0.0"},"geometry":{"type":"Point","coordinates":[-62.9350440975132,44.98990062891253]}},{"type":"Feature","properties":{"feat_code":"UTTK60","feat_desc":"TANK (6-15m diameter) point","zvalue":"149.3","angle":"0.0"},"geometry":{"type":"Point","coordinates":[-62.93552642531713,44.98998564651351]}},{"type":"Feature","properties":{"feat_code":"UTTK60","feat_desc":"TANK (6-15m diameter) point","zvalue":"151.4","angle":"0.0"},"geometry":{"type":"Point","coordinates":[-62.935386633567234,44.990049409289696]}},{"type":"Feature","properties":{"feat_code":"UTTK60","feat_desc":"TANK (6-15m diameter) point","zvalue":"149.6","angle":"0.0"},"geometry":{"type":"Point","coordinates":[-62.93552877483462,44.99009642574875]}},{"type":"Feature","properties":{"feat_code":"UTTK60","feat_desc":"TANK (6-15m diameter) point","zvalue":"151.8","angle":"0.0"},"geometry":{"type":"Point","coordinates":[-62.9353889748755,44.990155966610814]}},{"type":"Feature","properties":{"feat_code":"UTTK60","feat_desc":"TANK (6-15m diameter) point","zvalue":"150.4","angle":"0.0"},"geometry":{"type":"Point","coordinates":[-62.935539271090136,44.99021630154232]}},{"type":"Feature","properties":{"feat_code":"UTTK60","feat_desc":"TANK (6-15m diameter) point","zvalue":"155.75","angle":"0.0"},"geometry":{"type":"Point","coordinates":[-62.934906679668686,44.99026521937511]}},{"type":"Feature","properties":{"feat_code":"UTTK60","feat_desc":"TANK (6-15m diameter) point","zvalue":"151.9","angle":"0.0"},"geometry":{"type":"Point","coordinates":[-62.935400645992765,44.99027996597019]}},{"type":"Feature","properties":{"feat_code":"UTTO60","feat_desc":"TOWER (all except transmission line towers) point","zvalue":"167.6","angle":"0.0"},"geometry":{"type":"Point","coordinates":[-64.76092165960098,44.97676316889282]}},{"type":"Feature","properties":{"feat_code":"UTTK60","feat_desc":"TANK (6-15m diameter) point","zvalue":"151.35","angle":"0.0"},"geometry":{"type":"Point","coordinates":[-62.93553813362615,44.99033699894523]}},{"type":"Feature","properties":{"feat_code":"UTTK60","feat_desc":"TANK (6-15m diameter) point","zvalue":"152.0","angle":"0.0"},"geometry":{"type":"Point","coordinates":[-62.93538785650027,44.99039488653384]}},{"type":"Feature","properties":{"feat_code":"UTSP60","feat_desc":"SEWAGE SETTLING POND  (6-15m diameter) point","zvalue":"152.2","angle":"0.0"},"geometry":{"type":"Point","coordinates":[-63.90345641680721,44.98781514926486]}},{"type":"Feature","properties":{"feat_code":"UTSP60","feat_desc":"SEWAGE SETTLING POND  (6-15m diameter) point","zvalue":"153.4","angle":"0.0"},"geometry":{"type":"Point","coordinates":[-63.90351565924464,44.9881019415913]}},{"type":"Feature","properties":{"feat_code":"UTTO60","feat_desc":"TOWER (all except transmission line towers) point","zvalue":"62.357","angle":"0.0"},"geometry":{"type":"Point","coordinates":[-62.100570485473014,44.988887516247246]}},{"type":"Feature","properties":{"feat_code":"UTTK60","feat_desc":"TANK (6-15m diameter) point","zvalue":"25.258","angle":"335.88"},"geometry":{"type":"Point","coordinates":[-64.92524567889095,44.97690224111854]}},{"type":"Feature","properties":{"feat_code":"UTTK60","feat_desc":"TANK (6-15m diameter) point","zvalue":"66.7","angle":"0.0"},"geometry":{"type":"Point","coordinates":[-63.4934465440809,44.99251470367843]}},{"type":"Feature","properties":{"feat_code":"UTTK60","feat_desc":"TANK (6-15m diameter) point","zvalue":"26.281","angle":"334.64"},"geometry":{"type":"Point","coordinates":[-64.92279588859996,44.97770202347471]}},{"type":"Feature","properties":{"feat_code":"UTSP60","feat_desc":"SEWAGE SETTLING POND  (6-15m diameter) point","zvalue":"40.385","angle":"18.6"},"geometry":{"type":"Point","coordinates":[-63.979076314449536,44.99149977360065]}},{"type":"Feature","properties":{"feat_code":"UTSP60","feat_desc":"SEWAGE SETTLING POND  (6-15m diameter) point","zvalue":"40.096","angle":"17.5"},"geometry":{"type":"Point","coordinates":[-63.9795945529768,44.991614577879865]}},{"type":"Feature","properties":{"feat_code":"UTTK60","feat_desc":"TANK (6-15m diameter) point","zvalue":"55.1","angle":"359.18"},"geometry":{"type":"Point","coordinates":[-64.10249539853777,44.99067863325636]}},{"type":"Feature","properties":{"feat_code":"UTTK60","feat_desc":"TANK (6-15m diameter) point","zvalue":"27.689","angle":"70.4"},"geometry":{"type":"Point","coordinates":[-64.92297129244704,44.97982727407942]}},{"type":"Feature","properties":{"feat_code":"UTTO60","feat_desc":"TOWER (all except transmission line towers) point","zvalue":"54.022","angle":"-48.4"},"geometry":{"type":"Point","coordinates":[-64.10230409694032,44.99070183265709]}},{"type":"Feature","properties":{"feat_code":"UTTK60","feat_desc":"TANK (6-15m diameter) point","zvalue":"27.55","angle":"72.19"},"geometry":{"type":"Point","coordinates":[-64.92301381289494,44.97983540677099]}},{"type":"Feature","properties":{"feat_code":"UTTO60","feat_desc":"TOWER (all except transmission line towers) point","zvalue":"55.352","angle":"4.3"},"geometry":{"type":"Point","coordinates":[-64.10304592838328,44.99074755570761]}},{"type":"Feature","properties":{"feat_code":"UTSP60","feat_desc":"SEWAGE SETTLING POND  (6-15m diameter) point","zvalue":"35.661","angle":"12.1"},"geometry":{"type":"Point","coordinates":[-63.98217484938758,44.99203311320225]}},{"type":"Feature","properties":{"feat_code":"UTTO60","feat_desc":"TOWER (all except transmission line towers) point","zvalue":"54.976","angle":"-48.3"},"geometry":{"type":"Point","coordinates":[-64.10244722741514,44.99100467143163]}},{"type":"Feature","properties":{"feat_code":"UTSP60","feat_desc":"SEWAGE SETTLING POND  (6-15m diameter) point","zvalue":"36.447","angle":"7.9"},"geometry":{"type":"Point","coordinates":[-63.981646614090806,44.99211648520563]}},{"type":"Feature","properties":{"feat_code":"UTSP60","feat_desc":"SEWAGE SETTLING POND  (6-15m diameter) point","zvalue":"18.4","angle":"0.0"},"geometry":{"type":"Point","coordinates":[-64.94956352389981,44.98057606086794]}},{"type":"Feature","properties":{"feat_code":"UTSP60","feat_desc":"SEWAGE SETTLING POND  (6-15m diameter) point","zvalue":"20.4","angle":"0.0"},"geometry":{"type":"Point","coordinates":[-64.94900752798503,44.98074938976771]}},{"type":"Feature","properties":{"feat_code":"UTTO60","feat_desc":"TOWER (all except transmission line towers) point","zvalue":"166.188","angle":"0.0"},"geometry":{"type":"Point","coordinates":[-65.10363125758496,44.97942178090464]}},{"type":"Feature","properties":{"feat_code":"UTTO60","feat_desc":"TOWER (all except transmission line towers) point","zvalue":"12.4","angle":"359.18"},"geometry":{"type":"Point","coordinates":[-64.11533578984394,44.994657932298026]}},{"type":"Feature","properties":{"feat_code":"UTTK60","feat_desc":"TANK (6-15m diameter) point","zvalue":"29.266","angle":"304.14"},"geometry":{"type":"Point","coordinates":[-64.90706544038767,44.98427344397017]}},{"type":"Feature","properties":{"feat_code":"UTTK60","feat_desc":"TANK (6-15m diameter) point","zvalue":"29.313","angle":"324.42"},"geometry":{"type":"Point","coordinates":[-64.90708550784845,44.984301383850166]}},{"type":"Feature","properties":{"feat_code":"UTTK60","feat_desc":"TANK (6-15m diameter) point","zvalue":"28.993","angle":"21.9"},"geometry":{"type":"Point","coordinates":[-64.90554043840896,44.98489254136999]}},{"type":"Feature","properties":{"feat_code":"UTTK60","feat_desc":"TANK (6-15m diameter) point","zvalue":"39.173","angle":"116.0"},"geometry":{"type":"Point","coordinates":[-64.90851219956232,44.985261706636564]}},{"type":"Feature","properties":{"feat_code":"UTTK60","feat_desc":"TANK (6-15m diameter) point","zvalue":"39.029","angle":"122.0"},"geometry":{"type":"Point","coordinates":[-64.9085736354669,44.98534475770612]}},{"type":"Feature","properties":{"feat_code":"UTTK60","feat_desc":"TANK (6-15m diameter) point","zvalue":"39.029","angle":"106.0"},"geometry":{"type":"Point","coordinates":[-64.90861320068637,44.98542773328613]}},{"type":"Feature","properties":{"feat_code":"UTTK60","feat_desc":"TANK (6-15m diameter) point","zvalue":"27.204","angle":"203.31"},"geometry":{"type":"Point","coordinates":[-64.95505043421475,44.98514567619158]}},{"type":"Feature","properties":{"feat_code":"UTTK60","feat_desc":"TANK (6-15m diameter) point","zvalue":"70.921","angle":"0.0"},"geometry":{"type":"Point","coordinates":[-64.78344975516576,44.99026220627485]}},{"type":"Feature","properties":{"feat_code":"UTTO60","feat_desc":"TOWER (all except transmission line towers) point","zvalue":"72.1","angle":"0.0"},"geometry":{"type":"Point","coordinates":[-65.0210316351571,44.9866346774641]}},{"type":"Feature","properties":{"feat_code":"UTTK60","feat_desc":"TANK (6-15m diameter) point","zvalue":"29.607","angle":"359.85"},"geometry":{"type":"Point","coordinates":[-64.89996854954269,44.98884895797929]}},{"type":"Feature","properties":{"feat_code":"UTTK60","feat_desc":"TANK (6-15m diameter) point","zvalue":"29.535","angle":"298.92"},"geometry":{"type":"Point","coordinates":[-64.90003623261633,44.988946258718016]}},{"type":"Feature","properties":{"feat_code":"UTTO60","feat_desc":"TOWER (all except transmission line towers) point","zvalue":"73.664","angle":"0.0"},"geometry":{"type":"Point","coordinates":[-65.02195945384075,44.98730820139908]}},{"type":"Feature","properties":{"feat_code":"UTTO60","feat_desc":"TOWER (all except transmission line towers) point","zvalue":"73.573","angle":"0.0"},"geometry":{"type":"Point","coordinates":[-65.02205214784199,44.987316974825056]}},{"type":"Feature","properties":{"feat_code":"UTTO60","feat_desc":"TOWER (all except transmission line towers) point","zvalue":"77.3","angle":"0.0"},"geometry":{"type":"Point","coordinates":[-65.02286965122026,44.98796771688451]}},{"type":"Feature","properties":{"feat_code":"UTTK60","feat_desc":"TANK (6-15m diameter) point","zvalue":"86.695","angle":"352.76"},"geometry":{"type":"Point","coordinates":[-64.18592367015253,45.00172640020487]}},{"type":"Feature","properties":{"feat_code":"UTTK60","feat_desc":"TANK (6-15m diameter) point","zvalue":"14.7","angle":"359.18"},"geometry":{"type":"Point","coordinates":[-64.1549651967487,45.00261056353941]}},{"type":"Feature","properties":{"feat_code":"UTTK60","feat_desc":"TANK (6-15m diameter) point","zvalue":"132.6","angle":"0.0"},"geometry":{"type":"Point","coordinates":[-64.37676831790381,45.00302961683672]}},{"type":"Feature","properties":{"feat_code":"UTSS60","feat_desc":"SUBSTATION (transformer) point","zvalue":"128.767","angle":"0.0"},"geometry":{"type":"Point","coordinates":[-64.37608249255996,45.00370808583928]}},{"type":"Feature","properties":{"feat_code":"UTTO60","feat_desc":"TOWER (all except transmission line towers) point","zvalue":"47.689","angle":"0.0"},"geometry":{"type":"Point","coordinates":[-65.15637030682062,44.99702017973743]}},{"type":"Feature","properties":{"feat_code":"UTTO60","feat_desc":"TOWER (all except transmission line towers) point","zvalue":"43.418","angle":"0.0"},"geometry":{"type":"Point","coordinates":[-63.45803925498332,45.022108644143756]}},{"type":"Feature","properties":{"feat_code":"UTTK60","feat_desc":"TANK (6-15m diameter) point","zvalue":"56.2","angle":"0.0"},"geometry":{"type":"Point","coordinates":[-63.33918421455608,45.02860398073389]}},{"type":"Feature","properties":{"feat_code":"UTTK60","feat_desc":"TANK (6-15m diameter) point","zvalue":"37.4","angle":"0.0"},"geometry":{"type":"Point","coordinates":[-63.3377500002969,45.028643338594655]}},{"type":"Feature","properties":{"feat_code":"UTTK60","feat_desc":"TANK (6-15m diameter) point","zvalue":"40.0","angle":"0.0"},"geometry":{"type":"Point","coordinates":[-63.337585020653364,45.02865102788829]}},{"type":"Feature","properties":{"feat_code":"UTTO60","feat_desc":"TOWER (all except transmission line towers) point","zvalue":"229.4","angle":"0.0"},"geometry":{"type":"Point","coordinates":[-64.99692730094833,45.01491891131316]}},{"type":"Feature","properties":{"feat_code":"UTTO60","feat_desc":"TOWER (all except transmission line towers) point","zvalue":"75.49","angle":"0.0"},"geometry":{"type":"Point","coordinates":[-63.95605051931786,45.02846611108105]}},{"type":"Feature","properties":{"feat_code":"UTTO60","feat_desc":"TOWER (all except transmission line towers) point","zvalue":"228.1","angle":"0.0"},"geometry":{"type":"Point","coordinates":[-64.99634574257699,45.01512892476723]}},{"type":"Feature","properties":{"feat_code":"UTTO60","feat_desc":"TOWER (all except transmission line towers) point","zvalue":"207.0","angle":"0.0"},"geometry":{"type":"Point","coordinates":[-65.00299768113747,45.016962218065984]}},{"type":"Feature","properties":{"feat_code":"UTTO60","feat_desc":"TOWER (all except transmission line towers) point","zvalue":"174.25","angle":"0.0"},"geometry":{"type":"Point","coordinates":[-62.99715764139017,45.03471965141272]}},{"type":"Feature","properties":{"feat_code":"UTTK60","feat_desc":"TANK (6-15m diameter) point","zvalue":"61.893","angle":"0.0"},"geometry":{"type":"Point","coordinates":[-63.43151570796859,45.03464084015337]}},{"type":"Feature","properties":{"feat_code":"UTTK60","feat_desc":"TANK (6-15m diameter) point","zvalue":"60.471","angle":"0.0"},"geometry":{"type":"Point","coordinates":[-63.43172547097847,45.03468401252977]}},{"type":"Feature","properties":{"feat_code":"UTTK60","feat_desc":"TANK (6-15m diameter) point","zvalue":"60.779","angle":"0.0"},"geometry":{"type":"Point","coordinates":[-63.431100292438174,45.03530644107854]}},{"type":"Feature","properties":{"feat_code":"UTTO60","feat_desc":"TOWER (all except transmission line towers) point","zvalue":"123.7","angle":"289.12"},"geometry":{"type":"Point","coordinates":[-63.21770030523196,45.0365562614284]}},{"type":"Feature","properties":{"feat_code":"UTTO60","feat_desc":"TOWER (all except transmission line towers) point","zvalue":"34.1","angle":"0.0"},"geometry":{"type":"Point","coordinates":[-64.81014977796215,45.02386483855614]}},{"type":"Feature","properties":{"feat_code":"UTTK60","feat_desc":"TANK (6-15m diameter) point","zvalue":"34.9","angle":"0.0"},"geometry":{"type":"Point","coordinates":[-63.43655461423305,45.03972096910519]}},{"type":"Feature","properties":{"feat_code":"UTTK60","feat_desc":"TANK (6-15m diameter) point","zvalue":"34.9","angle":"0.0"},"geometry":{"type":"Point","coordinates":[-63.436528362694055,45.03977508063468]}},{"type":"Feature","properties":{"feat_code":"UTTK60","feat_desc":"TANK (6-15m diameter) point","zvalue":"34.9","angle":"0.0"},"geometry":{"type":"Point","coordinates":[-63.436630008490596,45.039784594117314]}},{"type":"Feature","properties":{"feat_code":"UTTK60","feat_desc":"TANK (6-15m diameter) point","zvalue":"22.46","angle":"0.0"},"geometry":{"type":"Point","coordinates":[-63.43653326410208,45.03986030055013]}},{"type":"Feature","properties":{"feat_code":"UTTK60","feat_desc":"TANK (6-15m diameter) point","zvalue":"22.46","angle":"0.0"},"geometry":{"type":"Point","coordinates":[-63.43661331764276,45.03987710707187]}},{"type":"Feature","properties":{"feat_code":"UTSP60","feat_desc":"SEWAGE SETTLING POND  (6-15m diameter) point","zvalue":"30.1","angle":"0.0"},"geometry":{"type":"Point","coordinates":[-63.14975106000326,45.041748025012495]}},{"type":"Feature","properties":{"feat_code":"UTTO60","feat_desc":"TOWER (all except transmission line towers) point","zvalue":"218.442","angle":"0.0"},"geometry":{"type":"Point","coordinates":[-64.48906012260228,45.033910369944714]}},{"type":"Feature","properties":{"feat_code":"UTTO60","feat_desc":"TOWER (all except transmission line towers) point","zvalue":"228.5","angle":"0.0"},"geometry":{"type":"Point","coordinates":[-64.29261988544471,45.03758216543212]}},{"type":"Feature","properties":{"feat_code":"UTTK60","feat_desc":"TANK (6-15m diameter) point","zvalue":"43.473","angle":"0.0"},"geometry":{"type":"Point","coordinates":[-63.470901977949815,45.04423988470143]}},{"type":"Feature","properties":{"feat_code":"UTTK60","feat_desc":"TANK (6-15m diameter) point","zvalue":"42.747","angle":"0.0"},"geometry":{"type":"Point","coordinates":[-63.470928728558235,45.044250306569985]}},{"type":"Feature","properties":{"feat_code":"UTTK60","feat_desc":"TANK (6-15m diameter) point","zvalue":"43.245","angle":"0.0"},"geometry":{"type":"Point","coordinates":[-63.470957867378544,45.04426395025047]}},{"type":"Feature","properties":{"feat_code":"UTTK60","feat_desc":"TANK (6-15m diameter) point","zvalue":"43.73","angle":"0.0"},"geometry":{"type":"Point","coordinates":[-63.47098531244203,45.044273892143515]}},{"type":"Feature","properties":{"feat_code":"UTTO60","feat_desc":"TOWER (all except transmission line towers) point","zvalue":"215.0","angle":"0.0"},"geometry":{"type":"Point","coordinates":[-64.38985741484932,45.03715924832533]}},{"type":"Feature","properties":{"feat_code":"UTTO60","feat_desc":"TOWER (all except transmission line towers) point","zvalue":"130.29","angle":"-45.2"},"geometry":{"type":"Point","coordinates":[-63.85802453205747,45.043581061472736]}},{"type":"Feature","properties":{"feat_code":"UTSS60","feat_desc":"SUBSTATION (transformer) point","zvalue":"34.5","angle":"359.8"},"geometry":{"type":"Point","coordinates":[-64.03846714586354,45.04619582019839]}},{"type":"Feature","properties":{"feat_code":"UTTO60","feat_desc":"TOWER (all except transmission line towers) point","zvalue":"226.9","angle":"0.0"},"geometry":{"type":"Point","coordinates":[-64.35605286801493,45.043987639984024]}},{"type":"Feature","properties":{"feat_code":"UTTO60","feat_desc":"TOWER (all except transmission line towers) point","zvalue":"203.841","angle":"0.0"},"geometry":{"type":"Point","coordinates":[-64.5453521150492,45.04215005326508]}},{"type":"Feature","properties":{"feat_code":"UTTK60","feat_desc":"TANK (6-15m diameter) point","zvalue":"84.8","angle":"0.0"},"geometry":{"type":"Point","coordinates":[-64.4113445622068,45.04605057709922]}},{"type":"Feature","properties":{"feat_code":"UTTK60","feat_desc":"TANK (6-15m diameter) point","zvalue":"82.7","angle":"0.0"},"geometry":{"type":"Point","coordinates":[-64.41149633162102,45.04607750702644]}},{"type":"Feature","properties":{"feat_code":"UTTO60","feat_desc":"TOWER (all except transmission line towers) point","zvalue":"76.727","angle":"0.0"},"geometry":{"type":"Point","coordinates":[-65.05825163909587,45.036322867615844]}},{"type":"Feature","properties":{"feat_code":"UTTK60","feat_desc":"TANK (6-15m diameter) point","zvalue":"36.056","angle":"0.0"},"geometry":{"type":"Point","coordinates":[-64.6510871298523,45.0475654237247]}},{"type":"Feature","properties":{"feat_code":"UTTK60","feat_desc":"TANK (6-15m diameter) point","zvalue":"33.839","angle":"0.0"},"geometry":{"type":"Point","coordinates":[-64.65303455563135,45.04964574009053]}},{"type":"Feature","properties":{"feat_code":"UTTK60","feat_desc":"TANK (6-15m diameter) point","zvalue":"33.523","angle":"0.0"},"geometry":{"type":"Point","coordinates":[-64.65304772066847,45.04969100882641]}},{"type":"Feature","properties":{"feat_code":"UTTK60","feat_desc":"TANK (6-15m diameter) point","zvalue":"33.523","angle":"0.0"},"geometry":{"type":"Point","coordinates":[-64.65313938021961,45.0497213862467]}},{"type":"Feature","properties":{"feat_code":"UTTK60","feat_desc":"TANK (6-15m diameter) point","zvalue":"33.523","angle":"0.0"},"geometry":{"type":"Point","coordinates":[-64.65305366449981,45.04973070194343]}},{"type":"Feature","properties":{"feat_code":"UTTK60","feat_desc":"TANK (6-15m diameter) point","zvalue":"47.524","angle":"0.0"},"geometry":{"type":"Point","coordinates":[-63.38241537533943,45.0640652624371]}},{"type":"Feature","properties":{"feat_code":"UTTK60","feat_desc":"TANK (6-15m diameter) point","zvalue":"40.935","angle":"0.0"},"geometry":{"type":"Point","coordinates":[-63.38261335425016,45.06551886211877]}},{"type":"Feature","properties":{"feat_code":"UTTK60","feat_desc":"TANK (6-15m diameter) point","zvalue":"16.44","angle":"90.76"},"geometry":{"type":"Point","coordinates":[-64.17123165546244,45.06457909584546]}},{"type":"Feature","properties":{"feat_code":"UTTK60","feat_desc":"TANK (6-15m diameter) point","zvalue":"16.349","angle":"280.28"},"geometry":{"type":"Point","coordinates":[-64.17123989813713,45.06463999867453]}},{"type":"Feature","properties":{"feat_code":"UTTK60","feat_desc":"TANK (6-15m diameter) point","zvalue":"17.717","angle":"72.94"},"geometry":{"type":"Point","coordinates":[-64.17107948864796,45.06586077902887]}},{"type":"Feature","properties":{"feat_code":"UTTK60","feat_desc":"TANK (6-15m diameter) point","zvalue":"17.897","angle":"82.2"},"geometry":{"type":"Point","coordinates":[-64.17105903664212,45.06590302728877]}},{"type":"Feature","properties":{"feat_code":"UTTK60","feat_desc":"TANK (6-15m diameter) point","zvalue":"18.078","angle":"69.67"},"geometry":{"type":"Point","coordinates":[-64.17104315059015,45.06594120490534]}},{"type":"Feature","properties":{"feat_code":"UTTK60","feat_desc":"TANK (6-15m diameter) point","zvalue":"24.736","angle":"250.89"},"geometry":{"type":"Point","coordinates":[-64.17208043754705,45.065932030066236]}},{"type":"Feature","properties":{"feat_code":"UTTK60","feat_desc":"TANK (6-15m diameter) point","zvalue":"46.827","angle":"0.0"},"geometry":{"type":"Point","coordinates":[-64.55248062246496,45.06317890730185]}},{"type":"Feature","properties":{"feat_code":"UTTO60","feat_desc":"TOWER (all except transmission line towers) point","zvalue":"57.455","angle":"20.0"},"geometry":{"type":"Point","coordinates":[-63.43063017440202,45.07342477353743]}},{"type":"Feature","properties":{"feat_code":"UTTO60","feat_desc":"TOWER (all except transmission line towers) point","zvalue":"65.7","angle":"0.0"},"geometry":{"type":"Point","coordinates":[-63.442407224807,45.0734139300562]}},{"type":"Feature","properties":{"feat_code":"UTTK60","feat_desc":"TANK (6-15m diameter) point","zvalue":"59.5","angle":"0.0"},"geometry":{"type":"Point","coordinates":[-64.54514096103476,45.0639132222451]}},{"type":"Feature","properties":{"feat_code":"UTTK60","feat_desc":"TANK (6-15m diameter) point","zvalue":"46.474","angle":"305.28"},"geometry":{"type":"Point","coordinates":[-64.45471796594528,45.06566839024545]}},{"type":"Feature","properties":{"feat_code":"UTTK60","feat_desc":"TANK (6-15m diameter) point","zvalue":"53.255","angle":"84.55"},"geometry":{"type":"Point","coordinates":[-64.54732945438201,45.065076840731244]}},{"type":"Feature","properties":{"feat_code":"UTTO60","feat_desc":"TOWER (all except transmission line towers) point","zvalue":"172.508","angle":"0.0"},"geometry":{"type":"Point","coordinates":[-63.777268978358656,45.07303621382131]}},{"type":"Feature","properties":{"feat_code":"UTTK60","feat_desc":"TANK (6-15m diameter) point","zvalue":"43.944","angle":"302.34"},"geometry":{"type":"Point","coordinates":[-64.4581833802234,45.06706777411544]}},{"type":"Feature","properties":{"feat_code":"UTTO60","feat_desc":"TOWER (all except transmission line towers) point","zvalue":"98.664","angle":"0.0"},"geometry":{"type":"Point","coordinates":[-64.50121017777616,45.066557977825376]}},{"type":"Feature","properties":{"feat_code":"UTTK60","feat_desc":"TANK (6-15m diameter) point","zvalue":"38.825","angle":"0.0"},"geometry":{"type":"Point","coordinates":[-64.45818002833805,45.067202709242444]}},{"type":"Feature","properties":{"feat_code":"UTTK60","feat_desc":"TANK (6-15m diameter) point","zvalue":"38.775","angle":"0.0"},"geometry":{"type":"Point","coordinates":[-64.45817672381169,45.06722561607376]}},{"type":"Feature","properties":{"feat_code":"UTTK60","feat_desc":"TANK (6-15m diameter) point","zvalue":"43.534","angle":"351.31"},"geometry":{"type":"Point","coordinates":[-64.46129022551543,45.06752636957391]}},{"type":"Feature","properties":{"feat_code":"UTTK60","feat_desc":"TANK (6-15m diameter) point","zvalue":"21.687","angle":"356.79"},"geometry":{"type":"Point","coordinates":[-64.13394882921283,45.07143098325939]}},{"type":"Feature","properties":{"feat_code":"UTTK60","feat_desc":"TANK (6-15m diameter) point","zvalue":"38.458","angle":"294.37"},"geometry":{"type":"Point","coordinates":[-64.4420540011194,45.06799034003017]}},{"type":"Feature","properties":{"feat_code":"UTTK60","feat_desc":"TANK (6-15m diameter) point","zvalue":"37.321","angle":"261.31"},"geometry":{"type":"Point","coordinates":[-64.45512098747984,45.06810516164591]}},{"type":"Feature","properties":{"feat_code":"UTTK60","feat_desc":"TANK (6-15m diameter) point","zvalue":"37.411","angle":"264.86"},"geometry":{"type":"Point","coordinates":[-64.4551459145826,45.06810581617563]}},{"type":"Feature","properties":{"feat_code":"UTTO60","feat_desc":"TOWER (all except transmission line towers) point","zvalue":"125.489","angle":"0.0"},"geometry":{"type":"Point","coordinates":[-64.50651064572536,45.06761289935979]}},{"type":"Feature","properties":{"feat_code":"UTTK60","feat_desc":"TANK (6-15m diameter) point","zvalue":"44.233","angle":"330.17"},"geometry":{"type":"Point","coordinates":[-64.47964592948861,45.06810356585145]}},{"type":"Feature","properties":{"feat_code":"UTTK60","feat_desc":"TANK (6-15m diameter) point","zvalue":"42.812","angle":"330.17"},"geometry":{"type":"Point","coordinates":[-64.47969375856061,45.068121381774255]}},{"type":"Feature","properties":{"feat_code":"UTTK60","feat_desc":"TANK (6-15m diameter) point","zvalue":"40.411","angle":"330.17"},"geometry":{"type":"Point","coordinates":[-64.47777490343644,45.06829695865241]}},{"type":"Feature","properties":{"feat_code":"UTTK60","feat_desc":"TANK (6-15m diameter) point","zvalue":"43.002","angle":"291.82"},"geometry":{"type":"Point","coordinates":[-64.44376835028228,45.06899984384]}},{"type":"Feature","properties":{"feat_code":"UTTK60","feat_desc":"TANK (6-15m diameter) point","zvalue":"37.701","angle":"10.44"},"geometry":{"type":"Point","coordinates":[-64.5526622159181,45.06771375451876]}},{"type":"Feature","properties":{"feat_code":"UTTK60","feat_desc":"TANK (6-15m diameter) point","zvalue":"36.875","angle":"2.3"},"geometry":{"type":"Point","coordinates":[-64.45453363493692,45.0690443516866]}},{"type":"Feature","properties":{"feat_code":"UTTK60","feat_desc":"TANK (6-15m diameter) point","zvalue":"44.444","angle":"18.46"},"geometry":{"type":"Point","coordinates":[-64.45171502578646,45.06923275781563]}},{"type":"Feature","properties":{"feat_code":"UTTK60","feat_desc":"TANK (6-15m diameter) point","zvalue":"14.168","angle":"0.0"},"geometry":{"type":"Point","coordinates":[-63.39403907411983,45.07810622600583]}},{"type":"Feature","properties":{"feat_code":"UTTK60","feat_desc":"TANK (6-15m diameter) point","zvalue":"17.708","angle":"286.4"},"geometry":{"type":"Point","coordinates":[-64.32640347751723,45.072209104289385]}},{"type":"Feature","properties":{"feat_code":"UTTK60","feat_desc":"TANK (6-15m diameter) point","zvalue":"17.708","angle":"277.66"},"geometry":{"type":"Point","coordinates":[-64.32637611616592,45.07221196962952]}},{"type":"Feature","properties":{"feat_code":"UTTK60","feat_desc":"TANK (6-15m diameter) point","zvalue":"42.148","angle":"12.78"},"geometry":{"type":"Point","coordinates":[-64.5511901355231,45.070248961736446]}},{"type":"Feature","properties":{"feat_code":"UTTO60","feat_desc":"TOWER (all except transmission line towers) point","zvalue":"29.5","angle":"0.0"},"geometry":{"type":"Point","coordinates":[-64.4600670944418,45.07179999404429]}},{"type":"Feature","properties":{"feat_code":"UTTK60","feat_desc":"TANK (6-15m diameter) point","zvalue":"29.053","angle":"1.0"},"geometry":{"type":"Point","coordinates":[-63.400625733042375,45.08101277576971]}},{"type":"Feature","properties":{"feat_code":"UTTK60","feat_desc":"TANK (6-15m diameter) point","zvalue":"28.4","angle":"0.0"},"geometry":{"type":"Point","coordinates":[-64.67139225730878,45.06967790734455]}},{"type":"Feature","properties":{"feat_code":"UTTO60","feat_desc":"TOWER (all except transmission line towers) point","zvalue":"75.496","angle":"243.06"},"geometry":{"type":"Point","coordinates":[-63.038663319335214,45.08228878287713]}},{"type":"Feature","properties":{"feat_code":"UTTO60","feat_desc":"TOWER (all except transmission line towers) point","zvalue":"150.1","angle":"0.0"},"geometry":{"type":"Point","coordinates":[-63.25312387014451,45.085039119719454]}},{"type":"Feature","properties":{"feat_code":"UTTK60","feat_desc":"TANK (6-15m diameter) point","zvalue":"22.3","angle":"0.0"},"geometry":{"type":"Point","coordinates":[-64.42906592846172,45.07663352967933]}},{"type":"Feature","properties":{"feat_code":"UTTK60","feat_desc":"TANK (6-15m diameter) point","zvalue":"22.3","angle":"0.0"},"geometry":{"type":"Point","coordinates":[-64.42921838412862,45.076633430893196]}},{"type":"Feature","properties":{"feat_code":"UTTK60","feat_desc":"TANK (6-15m diameter) point","zvalue":"22.0","angle":"0.0"},"geometry":{"type":"Point","coordinates":[-64.4286462693577,45.07666848709089]}},{"type":"Feature","properties":{"feat_code":"UTTK60","feat_desc":"TANK (6-15m diameter) point","zvalue":"22.3","angle":"0.0"},"geometry":{"type":"Point","coordinates":[-64.42915493313934,45.076687326747916]}},{"type":"Feature","properties":{"feat_code":"UTTK60","feat_desc":"TANK (6-15m diameter) point","zvalue":"37.62","angle":"0.0"},"geometry":{"type":"Point","coordinates":[-64.42898994150832,45.076699302689846]}},{"type":"Feature","properties":{"feat_code":"UTTK60","feat_desc":"TANK (6-15m diameter) point","zvalue":"22.3","angle":"0.0"},"geometry":{"type":"Point","coordinates":[-64.4292811656099,45.07670555070597]}},{"type":"Feature","properties":{"feat_code":"UTTK60","feat_desc":"TANK (6-15m diameter) point","zvalue":"35.94","angle":"0.0"},"geometry":{"type":"Point","coordinates":[-64.4288903427512,45.07674546812761]}},{"type":"Feature","properties":{"feat_code":"UTTK60","feat_desc":"TANK (6-15m diameter) point","zvalue":"22.4","angle":"0.0"},"geometry":{"type":"Point","coordinates":[-64.42920583527051,45.07674160066936]}},{"type":"Feature","properties":{"feat_code":"UTTK60","feat_desc":"TANK (6-15m diameter) point","zvalue":"42.89","angle":"0.0"},"geometry":{"type":"Point","coordinates":[-64.42907480105706,45.0767860893141]}},{"type":"Feature","properties":{"feat_code":"UTTK60","feat_desc":"TANK (6-15m diameter) point","zvalue":"42.91","angle":"0.0"},"geometry":{"type":"Point","coordinates":[-64.42902415627087,45.076807877398636]}},{"type":"Feature","properties":{"feat_code":"UTTK60","feat_desc":"TANK (6-15m diameter) point","zvalue":"42.89","angle":"0.0"},"geometry":{"type":"Point","coordinates":[-64.42896126996354,45.07682837836855]}},{"type":"Feature","properties":{"feat_code":"UTTK60","feat_desc":"TANK (6-15m diameter) point","zvalue":"42.91","angle":"0.0"},"geometry":{"type":"Point","coordinates":[-64.42890617145959,45.07684581125032]}},{"type":"Feature","properties":{"feat_code":"UTTO60","feat_desc":"TOWER (all except transmission line towers) point","zvalue":"107.81","angle":"0.0"},"geometry":{"type":"Point","coordinates":[-64.36341982969768,45.077913696573034]}},{"type":"Feature","properties":{"feat_code":"UTTK60","feat_desc":"TANK (6-15m diameter) point","zvalue":"35.556","angle":"269.87"},"geometry":{"type":"Point","coordinates":[-64.4284211604422,45.07752128112576]}},{"type":"Feature","properties":{"feat_code":"UTTK60","feat_desc":"TANK (6-15m diameter) point","zvalue":"27.313","angle":"0.0"},"geometry":{"type":"Point","coordinates":[-64.43017792537734,45.07811301608752]}},{"type":"Feature","properties":{"feat_code":"UTTK60","feat_desc":"TANK (6-15m diameter) point","zvalue":"27.188","angle":"0.0"},"geometry":{"type":"Point","coordinates":[-64.43018963338413,45.07814433975887]}},{"type":"Feature","properties":{"feat_code":"UTTK60","feat_desc":"TANK (6-15m diameter) point","zvalue":"27.038","angle":"0.0"},"geometry":{"type":"Point","coordinates":[-64.43015200525089,45.07814707050869]}},{"type":"Feature","properties":{"feat_code":"UTTO60","feat_desc":"TOWER (all except transmission line towers) point","zvalue":"235.7","angle":"0.0"},"geometry":{"type":"Point","coordinates":[-64.84023881918387,45.072783020857166]}},{"type":"Feature","properties":{"feat_code":"UTTK60","feat_desc":"TANK (6-15m diameter) point","zvalue":"19.416","angle":"0.0"},"geometry":{"type":"Point","coordinates":[-63.39853418876815,45.08710162479569]}},{"type":"Feature","properties":{"feat_code":"UTTK60","feat_desc":"TANK (6-15m diameter) point","zvalue":"23.9","angle":"0.0"},"geometry":{"type":"Point","coordinates":[-64.51663935382989,45.07827377931707]}},{"type":"Feature","properties":{"feat_code":"UTTK60","feat_desc":"TANK (6-15m diameter) point","zvalue":"23.9","angle":"0.0"},"geometry":{"type":"Point","coordinates":[-64.51670311924045,45.07828282530709]}},{"type":"Feature","properties":{"feat_code":"UTTK60","feat_desc":"TANK (6-15m diameter) point","zvalue":"23.9","angle":"0.0"},"geometry":{"type":"Point","coordinates":[-64.51680521282032,45.07830038192052]}},{"type":"Feature","properties":{"feat_code":"UTTK60","feat_desc":"TANK (6-15m diameter) point","zvalue":"23.9","angle":"0.0"},"geometry":{"type":"Point","coordinates":[-64.51675442252156,45.07830105661639]}},{"type":"Feature","properties":{"feat_code":"UTTK60","feat_desc":"TANK (6-15m diameter) point","zvalue":"24.1","angle":"0.0"},"geometry":{"type":"Point","coordinates":[-64.51661490450667,45.07831010229448]}},{"type":"Feature","properties":{"feat_code":"UTTK60","feat_desc":"TANK (6-15m diameter) point","zvalue":"24.0","angle":"0.0"},"geometry":{"type":"Point","coordinates":[-64.51667737630582,45.078318274302326]}},{"type":"Feature","properties":{"feat_code":"UTTK60","feat_desc":"TANK (6-15m diameter) point","zvalue":"24.0","angle":"0.0"},"geometry":{"type":"Point","coordinates":[-64.51674138013101,45.078336327912865]}},{"type":"Feature","properties":{"feat_code":"UTTK60","feat_desc":"TANK (6-15m diameter) point","zvalue":"23.9","angle":"0.0"},"geometry":{"type":"Point","coordinates":[-64.51679243240372,45.078345551730415]}},{"type":"Feature","properties":{"feat_code":"UTTK60","feat_desc":"TANK (6-15m diameter) point","zvalue":"27.113","angle":"0.0"},"geometry":{"type":"Point","coordinates":[-64.41743671096313,45.08104676001079]}},{"type":"Feature","properties":{"feat_code":"UTTK60","feat_desc":"TANK (6-15m diameter) point","zvalue":"34.811","angle":"0.0"},"geometry":{"type":"Point","coordinates":[-64.41705836516816,45.081057883276934]}},{"type":"Feature","properties":{"feat_code":"UTTK60","feat_desc":"TANK (6-15m diameter) point","zvalue":"26.938","angle":"0.0"},"geometry":{"type":"Point","coordinates":[-64.41774574274076,45.08107555495139]}},{"type":"Feature","properties":{"feat_code":"UTTK60","feat_desc":"TANK (6-15m diameter) point","zvalue":"27.063","angle":"0.0"},"geometry":{"type":"Point","coordinates":[-64.41743804487409,45.08108939399198]}},{"type":"Feature","properties":{"feat_code":"UTTK60","feat_desc":"TANK (6-15m diameter) point","zvalue":"26.713","angle":"0.0"},"geometry":{"type":"Point","coordinates":[-64.41768337211535,45.08112239156536]}},{"type":"Feature","properties":{"feat_code":"UTTK60","feat_desc":"TANK (6-15m diameter) point","zvalue":"42.1","angle":"0.0"},"geometry":{"type":"Point","coordinates":[-64.37636739436178,45.08345434534974]}},{"type":"Feature","properties":{"feat_code":"UTTO60","feat_desc":"TOWER (all except transmission line towers) point","zvalue":"229.2","angle":"0.0"},"geometry":{"type":"Point","coordinates":[-64.81437789172296,45.07918313713469]}},{"type":"Feature","properties":{"feat_code":"UTTK60","feat_desc":"TANK (6-15m diameter) point","zvalue":"44.01","angle":"0.0"},"geometry":{"type":"Point","coordinates":[-64.311638895978,45.08661352373727]}},{"type":"Feature","properties":{"feat_code":"UTTO60","feat_desc":"TOWER (all except transmission line towers) point","zvalue":"58.55","angle":"0.0"},"geometry":{"type":"Point","coordinates":[-64.48408638386545,45.0846706055946]}},{"type":"Feature","properties":{"feat_code":"UTTO60","feat_desc":"TOWER (all except transmission line towers) point","zvalue":"202.489","angle":"0.0"},"geometry":{"type":"Point","coordinates":[-63.711833988930024,45.09282955114787]}},{"type":"Feature","properties":{"feat_code":"UTTK60","feat_desc":"TANK (6-15m diameter) point","zvalue":"41.485","angle":"0.0"},"geometry":{"type":"Point","coordinates":[-64.31089037638426,45.087676247176525]}},{"type":"Feature","properties":{"feat_code":"UTTK60","feat_desc":"TANK (6-15m diameter) point","zvalue":"30.71","angle":"0.0"},"geometry":{"type":"Point","coordinates":[-63.39586758626783,45.09451999710872]}},{"type":"Feature","properties":{"feat_code":"UTTK60","feat_desc":"TANK (6-15m diameter) point","zvalue":"41.585","angle":"0.0"},"geometry":{"type":"Point","coordinates":[-64.31090226721312,45.087699992422245]}},{"type":"Feature","properties":{"feat_code":"UTTO60","feat_desc":"TOWER (all except transmission line towers) point","zvalue":"64.566","angle":"0.0"},"geometry":{"type":"Point","coordinates":[-63.30593473914759,45.09546198794513]}},{"type":"Feature","properties":{"feat_code":"UTTO60","feat_desc":"TOWER (all except transmission line towers) point","zvalue":"33.3","angle":"350.53"},"geometry":{"type":"Point","coordinates":[-63.39376423969413,45.095217011615205]}},{"type":"Feature","properties":{"feat_code":"UTTK60","feat_desc":"TANK (6-15m diameter) point","zvalue":"34.038","angle":"0.69"},"geometry":{"type":"Point","coordinates":[-64.3019407548951,45.08955922873002]}},{"type":"Feature","properties":{"feat_code":"UTTO60","feat_desc":"TOWER (all except transmission line towers) point","zvalue":"217.438","angle":"0.0"},"geometry":{"type":"Point","coordinates":[-63.703288211434284,45.09848211614594]}},{"type":"Feature","properties":{"feat_code":"UTTO60","feat_desc":"TOWER (all except transmission line towers) point","zvalue":"214.6","angle":"359.47"},"geometry":{"type":"Point","coordinates":[-63.704291704423696,45.09856893830618]}},{"type":"Feature","properties":{"feat_code":"UTTO60","feat_desc":"TOWER (all except transmission line towers) point","zvalue":"55.611","angle":"0.0"},"geometry":{"type":"Point","coordinates":[-64.12007721129677,45.09569217208222]}},{"type":"Feature","properties":{"feat_code":"UTTK60","feat_desc":"TANK (6-15m diameter) point","zvalue":"101.7","angle":"359.62"},"geometry":{"type":"Point","coordinates":[-63.502711732289804,45.1002786945775]}},{"type":"Feature","properties":{"feat_code":"UTSP60","feat_desc":"SEWAGE SETTLING POND  (6-15m diameter) point","zvalue":"23.6","angle":"0.0"},"geometry":{"type":"Point","coordinates":[-64.26983857844877,45.094349421934325]}},{"type":"Feature","properties":{"feat_code":"UTTK60","feat_desc":"TANK (6-15m diameter) point","zvalue":"61.33","angle":"280.8"},"geometry":{"type":"Point","coordinates":[-64.32305486526418,45.093948418104716]}},{"type":"Feature","properties":{"feat_code":"UTTK60","feat_desc":"TANK (6-15m diameter) point","zvalue":"61.33","angle":"277.98"},"geometry":{"type":"Point","coordinates":[-64.32303252419221,45.09395230467838]}},{"type":"Feature","properties":{"feat_code":"UTTK60","feat_desc":"TANK (6-15m diameter) point","zvalue":"39.0","angle":"0.0"},"geometry":{"type":"Point","coordinates":[-64.47572217849583,45.09304873312327]}},{"type":"Feature","properties":{"feat_code":"UTTK60","feat_desc":"TANK (6-15m diameter) point","zvalue":"39.0","angle":"0.0"},"geometry":{"type":"Point","coordinates":[-64.47573514904602,45.09307617396361]}},{"type":"Feature","properties":{"feat_code":"UTTK60","feat_desc":"TANK (6-15m diameter) point","zvalue":"39.05","angle":"0.0"},"geometry":{"type":"Point","coordinates":[-64.47564886441913,45.093079368509855]}},{"type":"Feature","properties":{"feat_code":"UTTK60","feat_desc":"TANK (6-15m diameter) point","zvalue":"38.95","angle":"0.0"},"geometry":{"type":"Point","coordinates":[-64.4756584547982,45.09310040776441]}},{"type":"Feature","properties":{"feat_code":"UTTO60","feat_desc":"TOWER (all except transmission line towers) point","zvalue":"49.6","angle":"0.0"},"geometry":{"type":"Point","coordinates":[-64.45525479575029,45.09351059522297]}},{"type":"Feature","properties":{"feat_code":"UTTK60","feat_desc":"TANK (6-15m diameter) point","zvalue":"52.146","angle":"279.59"},"geometry":{"type":"Point","coordinates":[-64.31144630852262,45.09608246441725]}},{"type":"Feature","properties":{"feat_code":"UTTK60","feat_desc":"TANK (6-15m diameter) point","zvalue":"52.323","angle":"278.81"},"geometry":{"type":"Point","coordinates":[-64.31142049207833,45.0960872798072]}},{"type":"Feature","properties":{"feat_code":"UTTO60","feat_desc":"TOWER (all except transmission line towers) point","zvalue":"50.4","angle":"0.0"},"geometry":{"type":"Point","coordinates":[-64.45191810933915,45.09460691073897]}},{"type":"Feature","properties":{"feat_code":"UTTO60","feat_desc":"TOWER (all except transmission line towers) point","zvalue":"171.297","angle":"0.0"},"geometry":{"type":"Point","coordinates":[-63.65405318115724,45.102020164699425]}},{"type":"Feature","properties":{"feat_code":"UTTK60","feat_desc":"TANK (6-15m diameter) point","zvalue":"31.06","angle":"0.0"},"geometry":{"type":"Point","coordinates":[-64.2615251165405,45.09801969442845]}},{"type":"Feature","properties":{"feat_code":"UTTK60","feat_desc":"TANK (6-15m diameter) point","zvalue":"31.01","angle":"0.0"},"geometry":{"type":"Point","coordinates":[-64.26155873145943,45.09802768570982]}},{"type":"Feature","properties":{"feat_code":"UTTK60","feat_desc":"TANK (6-15m diameter) point","zvalue":"30.91","angle":"0.0"},"geometry":{"type":"Point","coordinates":[-64.26159400356278,45.098036477834015]}},{"type":"Feature","properties":{"feat_code":"UTTK60","feat_desc":"TANK (6-15m diameter) point","zvalue":"30.81","angle":"0.0"},"geometry":{"type":"Point","coordinates":[-64.26163589693208,45.0980458269164]}},{"type":"Feature","properties":{"feat_code":"UTTK60","feat_desc":"TANK (6-15m diameter) point","zvalue":"30.57","angle":"0.0"},"geometry":{"type":"Point","coordinates":[-64.26169393133544,45.098060938813404]}},{"type":"Feature","properties":{"feat_code":"UTTK60","feat_desc":"TANK (6-15m diameter) point","zvalue":"30.32","angle":"0.0"},"geometry":{"type":"Point","coordinates":[-64.26173846733444,45.09806908842863]}},{"type":"Feature","properties":{"feat_code":"UTTK60","feat_desc":"TANK (6-15m diameter) point","zvalue":"27.52","angle":"0.0"},"geometry":{"type":"Point","coordinates":[-64.26142911588923,45.09821338396546]}},{"type":"Feature","properties":{"feat_code":"UTTK60","feat_desc":"TANK (6-15m diameter) point","zvalue":"33.83","angle":"0.0"},"geometry":{"type":"Point","coordinates":[-64.26131508030622,45.098275504635595]}},{"type":"Feature","properties":{"feat_code":"UTTK60","feat_desc":"TANK (6-15m diameter) point","zvalue":"33.45","angle":"0.0"},"geometry":{"type":"Point","coordinates":[-64.26140949470049,45.098355477699734]}},{"type":"Feature","properties":{"feat_code":"UTTK60","feat_desc":"TANK (6-15m diameter) point","zvalue":"31.1","angle":"0.0"},"geometry":{"type":"Point","coordinates":[-64.26153618231822,45.0983715326086]}},{"type":"Feature","properties":{"feat_code":"UTTK60","feat_desc":"TANK (6-15m diameter) point","zvalue":"31.22","angle":"0.0"},"geometry":{"type":"Point","coordinates":[-64.26162983604614,45.09839444263663]}},{"type":"Feature","properties":{"feat_code":"UTTK60","feat_desc":"TANK (6-15m diameter) point","zvalue":"27.545","angle":"3.61"},"geometry":{"type":"Point","coordinates":[-64.33260816860923,45.09882091978778]}},{"type":"Feature","properties":{"feat_code":"UTTK60","feat_desc":"TANK (6-15m diameter) point","zvalue":"33.113","angle":"224.99"},"geometry":{"type":"Point","coordinates":[-64.32206696075511,45.09922365934291]}},{"type":"Feature","properties":{"feat_code":"UTTK60","feat_desc":"TANK (6-15m diameter) point","zvalue":"33.113","angle":"217.48"},"geometry":{"type":"Point","coordinates":[-64.32208272698256,45.09923933792817]}},{"type":"Feature","properties":{"feat_code":"UTTO60","feat_desc":"TOWER (all except transmission line towers) point","zvalue":"31.51","angle":"0.0"},"geometry":{"type":"Point","coordinates":[-64.52385537878541,45.09687023307297]}},{"type":"Feature","properties":{"feat_code":"UTTK60","feat_desc":"TANK (6-15m diameter) point","zvalue":"27.0","angle":"0.0"},"geometry":{"type":"Point","coordinates":[-64.47538977264463,45.09835858846453]}},{"type":"Feature","properties":{"feat_code":"UTTK60","feat_desc":"TANK (6-15m diameter) point","zvalue":"17.81","angle":"0.0"},"geometry":{"type":"Point","coordinates":[-64.51415323283518,45.09819510075184]}},{"type":"Feature","properties":{"feat_code":"UTTO60","feat_desc":"TOWER (all except transmission line towers) point","zvalue":"5.4","angle":"0.0"},"geometry":{"type":"Point","coordinates":[-61.72308798811821,45.105340924220116]}},{"type":"Feature","properties":{"feat_code":"UTTO60","feat_desc":"TOWER (all except transmission line towers) point","zvalue":"2.211","angle":"0.0"},"geometry":{"type":"Point","coordinates":[-61.721928412278785,45.1065179937772]}},{"type":"Feature","properties":{"feat_code":"UTTO60","feat_desc":"TOWER (all except transmission line towers) point","zvalue":"44.153","angle":"0.0"},"geometry":{"type":"Point","coordinates":[-64.41712439704534,45.105575682458785]}},{"type":"Feature","properties":{"feat_code":"UTTO60","feat_desc":"TOWER (all except transmission line towers) point","zvalue":"231.3","angle":"0.0"},"geometry":{"type":"Point","coordinates":[-64.75173716701913,45.103105183940755]}},{"type":"Feature","properties":{"feat_code":"UTTO60","feat_desc":"TOWER (all except transmission line towers) point","zvalue":"229.2","angle":"0.0"},"geometry":{"type":"Point","coordinates":[-64.75257128060271,45.104858530854514]}},{"type":"Feature","properties":{"feat_code":"UTTK60","feat_desc":"TANK (6-15m diameter) point","zvalue":"55.635","angle":"0.0"},"geometry":{"type":"Point","coordinates":[-62.98312382529989,45.12195700222951]}},{"type":"Feature","properties":{"feat_code":"UTTK60","feat_desc":"TANK (6-15m diameter) point","zvalue":"55.535","angle":"0.0"},"geometry":{"type":"Point","coordinates":[-62.98299426872048,45.12197220494435]}},{"type":"Feature","properties":{"feat_code":"UTTO60","feat_desc":"TOWER (all except transmission line towers) point","zvalue":"87.382","angle":"0.0"},"geometry":{"type":"Point","coordinates":[-64.89071548603009,45.108024357247025]}},{"type":"Feature","properties":{"feat_code":"UTTK60","feat_desc":"TANK (6-15m diameter) point","zvalue":"77.035","angle":"0.0"},"geometry":{"type":"Point","coordinates":[-62.98447406725515,45.12506417743574]}},{"type":"Feature","properties":{"feat_code":"UTTO60","feat_desc":"TOWER (all except transmission line towers) point","zvalue":"195.6","angle":"359.62"},"geometry":{"type":"Point","coordinates":[-63.59169520279054,45.12711504354696]}},{"type":"Feature","properties":{"feat_code":"UTTO60","feat_desc":"TOWER (all except transmission line towers) point","zvalue":"195.6","angle":"359.62"},"geometry":{"type":"Point","coordinates":[-63.59184214609648,45.12718358644094]}},{"type":"Feature","properties":{"feat_code":"UTTO60","feat_desc":"TOWER (all except transmission line towers) point","zvalue":"38.746","angle":"0.0"},"geometry":{"type":"Point","coordinates":[-63.36997443174443,45.133700697949216]}},{"type":"Feature","properties":{"feat_code":"UTTK60","feat_desc":"TANK (6-15m diameter) point","zvalue":"58.035","angle":"0.0"},"geometry":{"type":"Point","coordinates":[-62.95042306353436,45.134960434617724]}},{"type":"Feature","properties":{"feat_code":"UTTO60","feat_desc":"TOWER (all except transmission line towers) point","zvalue":"43.653","angle":"0.0"},"geometry":{"type":"Point","coordinates":[-63.36907805452586,45.13453325032205]}},{"type":"Feature","properties":{"feat_code":"UTTK60","feat_desc":"TANK (6-15m diameter) point","zvalue":"60.335","angle":"0.0"},"geometry":{"type":"Point","coordinates":[-62.95030502182457,45.135306382167144]}},{"type":"Feature","properties":{"feat_code":"UTTK60","feat_desc":"TANK (6-15m diameter) point","zvalue":"55.635","angle":"0.0"},"geometry":{"type":"Point","coordinates":[-62.95047930846294,45.135745975488746]}},{"type":"Feature","properties":{"feat_code":"UTTK60","feat_desc":"TANK (6-15m diameter) point","zvalue":"80.536","angle":"0.0"},"geometry":{"type":"Point","coordinates":[-63.3392618292206,45.13742951237018]}},{"type":"Feature","properties":{"feat_code":"UTTO60","feat_desc":"TOWER (all except transmission line towers) point","zvalue":"185.41","angle":"0.0"},"geometry":{"type":"Point","coordinates":[-62.98159745186992,45.14446102110287]}},{"type":"Feature","properties":{"feat_code":"UTTK60","feat_desc":"TANK (6-15m diameter) point","zvalue":"68.575","angle":"0.0"},"geometry":{"type":"Point","coordinates":[-62.93509677832652,45.14726488766248]}},{"type":"Feature","properties":{"feat_code":"UTTK60","feat_desc":"TANK (6-15m diameter) point","zvalue":"68.85","angle":"0.0"},"geometry":{"type":"Point","coordinates":[-62.93513786672355,45.14728633503647]}},{"type":"Feature","properties":{"feat_code":"UTTK60","feat_desc":"TANK (6-15m diameter) point","zvalue":"28.957","angle":"300.57"},"geometry":{"type":"Point","coordinates":[-64.41107149649773,45.14015704928498]}},{"type":"Feature","properties":{"feat_code":"UTTO60","feat_desc":"TOWER (all except transmission line towers) point","zvalue":"121.577","angle":"0.0"},"geometry":{"type":"Point","coordinates":[-63.07613950032104,45.156543495472256]}},{"type":"Feature","properties":{"feat_code":"UTTK60","feat_desc":"TANK (6-15m diameter) point","zvalue":"61.7","angle":"0.0"},"geometry":{"type":"Point","coordinates":[-64.53772087722717,45.15081869469703]}},{"type":"Feature","properties":{"feat_code":"UTTO60","feat_desc":"TOWER (all except transmission line towers) point","zvalue":"126.909","angle":"0.0"},"geometry":{"type":"Point","coordinates":[-64.71814256275235,45.14918900377539]}},{"type":"Feature","properties":{"feat_code":"UTTK60","feat_desc":"TANK (6-15m diameter) point","zvalue":"53.513","angle":"0.0"},"geometry":{"type":"Point","coordinates":[-64.52057247083123,45.152146248466785]}},{"type":"Feature","properties":{"feat_code":"UTTO60","feat_desc":"TOWER (all except transmission line towers) point","zvalue":"84.1","angle":"0.0"},"geometry":{"type":"Point","coordinates":[-61.960793884577285,45.15758148508165]}},{"type":"Feature","properties":{"feat_code":"UTTO60","feat_desc":"TOWER (all except transmission line towers) point","zvalue":"211.7","angle":"0.0"},"geometry":{"type":"Point","coordinates":[-64.5561225349598,45.162231085492216]}},{"type":"Feature","properties":{"feat_code":"UTTO60","feat_desc":"TOWER (all except transmission line towers) point","zvalue":"214.232","angle":"0.0"},"geometry":{"type":"Point","coordinates":[-64.51541204533446,45.16941297812571]}},{"type":"Feature","properties":{"feat_code":"UTTO60","feat_desc":"TOWER (all except transmission line towers) point","zvalue":"41.839","angle":"0.0"},"geometry":{"type":"Point","coordinates":[-61.623245359226864,45.17122360536975]}},{"type":"Feature","properties":{"feat_code":"UTTO60","feat_desc":"TOWER (all except transmission line towers) point","zvalue":"42.037","angle":"0.0"},"geometry":{"type":"Point","coordinates":[-61.623881760176666,45.171993177662664]}},{"type":"Feature","properties":{"feat_code":"UTTO60","feat_desc":"TOWER (all except transmission line towers) point","zvalue":"45.199","angle":"0.0"},"geometry":{"type":"Point","coordinates":[-61.615519721253854,45.17500276767584]}},{"type":"Feature","properties":{"feat_code":"UTTO60","feat_desc":"TOWER (all except transmission line towers) point","zvalue":"226.862","angle":"0.0"},"geometry":{"type":"Point","coordinates":[-62.91354191221452,45.19249056243414]}},{"type":"Feature","properties":{"feat_code":"UTTO60","feat_desc":"TOWER (all except transmission line towers) point","zvalue":"36.675","angle":"0.0"},"geometry":{"type":"Point","coordinates":[-64.14500224544092,45.18806045810201]}},{"type":"Feature","properties":{"feat_code":"UTTO60","feat_desc":"TOWER (all except transmission line towers) point","zvalue":"104.076","angle":"0.0"},"geometry":{"type":"Point","coordinates":[-62.98293637359712,45.1948796714725]}},{"type":"Feature","properties":{"feat_code":"UTTO60","feat_desc":"TOWER (all except transmission line towers) point","zvalue":"72.108","angle":"0.0"},"geometry":{"type":"Point","coordinates":[-63.32465293634656,45.19692877798791]}},{"type":"Feature","properties":{"feat_code":"UTTO60","feat_desc":"TOWER (all except transmission line towers) point","zvalue":"80.442","angle":"0.0"},"geometry":{"type":"Point","coordinates":[-61.69308175982167,45.190122965424656]}},{"type":"Feature","properties":{"feat_code":"UTTO60","feat_desc":"TOWER (all except transmission line towers) point","zvalue":"82.035","angle":"0.0"},"geometry":{"type":"Point","coordinates":[-63.32593199786927,45.198333059601154]}},{"type":"Feature","properties":{"feat_code":"UTTO60","feat_desc":"TOWER (all except transmission line towers) point","zvalue":"205.872","angle":"20.0"},"geometry":{"type":"Point","coordinates":[-62.839760799240885,45.20418263071803]}},{"type":"Feature","properties":{"feat_code":"UTTO60","feat_desc":"TOWER (all except transmission line towers) point","zvalue":"98.1","angle":"359.47"},"geometry":{"type":"Point","coordinates":[-63.74081005882827,45.20693875782676]}},{"type":"Feature","properties":{"feat_code":"UTTO60","feat_desc":"TOWER (all except transmission line towers) point","zvalue":"202.14","angle":"0.0"},"geometry":{"type":"Point","coordinates":[-62.83123237078098,45.21154613956565]}},{"type":"Feature","properties":{"feat_code":"UTTO60","feat_desc":"TOWER (all except transmission line towers) point","zvalue":"209.1","angle":"0.0"},"geometry":{"type":"Point","coordinates":[-64.40029467897831,45.20345327977473]}},{"type":"Feature","properties":{"feat_code":"UTTO60","feat_desc":"TOWER (all except transmission line towers) point","zvalue":"200.576","angle":"0.0"},"geometry":{"type":"Point","coordinates":[-64.40729235270028,45.20388467557451]}},{"type":"Feature","properties":{"feat_code":"UTTK60","feat_desc":"TANK (6-15m diameter) point","zvalue":"194.45","angle":"12.77"},"geometry":{"type":"Point","coordinates":[-64.42946484302412,45.20402276201329]}},{"type":"Feature","properties":{"feat_code":"UTTK60","feat_desc":"TANK (6-15m diameter) point","zvalue":"194.532","angle":"10.22"},"geometry":{"type":"Point","coordinates":[-64.42939314033546,45.204039961531855]}},{"type":"Feature","properties":{"feat_code":"UTTK60","feat_desc":"TANK (6-15m diameter) point","zvalue":"193.217","angle":"296.02"},"geometry":{"type":"Point","coordinates":[-64.42886936325485,45.20414228511803]}},{"type":"Feature","properties":{"feat_code":"UTTO60","feat_desc":"TOWER (all except transmission line towers) point","zvalue":"208.65","angle":"0.0"},"geometry":{"type":"Point","coordinates":[-64.40372474614807,45.20473442167653]}},{"type":"Feature","properties":{"feat_code":"UTTO60","feat_desc":"TOWER (all except transmission line towers) point","zvalue":"208.5","angle":"0.0"},"geometry":{"type":"Point","coordinates":[-64.39932689717244,45.21040808004878]}},{"type":"Feature","properties":{"feat_code":"UTTO60","feat_desc":"TOWER (all except transmission line towers) point","zvalue":"68.59","angle":"92.4"},"geometry":{"type":"Point","coordinates":[-64.05107677319398,45.22085172029287]}},{"type":"Feature","properties":{"feat_code":"UTTK60","feat_desc":"TANK (6-15m diameter) point","zvalue":"51.0","angle":"359.75"},"geometry":{"type":"Point","coordinates":[-63.334935399898264,45.23890380377091]}},{"type":"Feature","properties":{"feat_code":"UTTK60","feat_desc":"TANK (6-15m diameter) point","zvalue":"80.8","angle":"359.75"},"geometry":{"type":"Point","coordinates":[-63.332053314413066,45.2391084530846]}},{"type":"Feature","properties":{"feat_code":"UTTK60","feat_desc":"TANK (6-15m diameter) point","zvalue":"80.4","angle":"359.75"},"geometry":{"type":"Point","coordinates":[-63.33220509757023,45.23913681665931]}},{"type":"Feature","properties":{"feat_code":"UTTK60","feat_desc":"TANK (6-15m diameter) point","zvalue":"80.8","angle":"359.75"},"geometry":{"type":"Point","coordinates":[-63.33202590855284,45.2392156511987]}},{"type":"Feature","properties":{"feat_code":"UTTK60","feat_desc":"TANK (6-15m diameter) point","zvalue":"80.4","angle":"359.75"},"geometry":{"type":"Point","coordinates":[-63.332177744431746,45.23925301620539]}},{"type":"Feature","properties":{"feat_code":"UTTK60","feat_desc":"TANK (6-15m diameter) point","zvalue":"80.8","angle":"359.75"},"geometry":{"type":"Point","coordinates":[-63.33197179921198,45.23933191947172]}},{"type":"Feature","properties":{"feat_code":"UTTK60","feat_desc":"TANK (6-15m diameter) point","zvalue":"80.4","angle":"359.75"},"geometry":{"type":"Point","coordinates":[-63.33213638150305,45.23937015663954]}},{"type":"Feature","properties":{"feat_code":"UTTK60","feat_desc":"TANK (6-15m diameter) point","zvalue":"80.8","angle":"359.75"},"geometry":{"type":"Point","coordinates":[-63.331944503213,45.2394580294974]}},{"type":"Feature","properties":{"feat_code":"UTTK60","feat_desc":"TANK (6-15m diameter) point","zvalue":"80.4","angle":"359.75"},"geometry":{"type":"Point","coordinates":[-63.33210902811517,45.239486356165116]}},{"type":"Feature","properties":{"feat_code":"UTTO60","feat_desc":"TOWER (all except transmission line towers) point","zvalue":"187.9","angle":"0.0"},"geometry":{"type":"Point","coordinates":[-61.82139103891671,45.234054083805034]}},{"type":"Feature","properties":{"feat_code":"UTTK60","feat_desc":"TANK (6-15m diameter) point","zvalue":"61.0","angle":"359.75"},"geometry":{"type":"Point","coordinates":[-63.333469026465046,45.24022952196822]}},{"type":"Feature","properties":{"feat_code":"UTTK60","feat_desc":"TANK (6-15m diameter) point","zvalue":"55.398","angle":"0.0"},"geometry":{"type":"Point","coordinates":[-63.33462272149626,45.24029906021134]}},{"type":"Feature","properties":{"feat_code":"UTTK60","feat_desc":"TANK (6-15m diameter) point","zvalue":"55.398","angle":"0.0"},"geometry":{"type":"Point","coordinates":[-63.334730477045056,45.24034508442366]}},{"type":"Feature","properties":{"feat_code":"UTTK60","feat_desc":"TANK (6-15m diameter) point","zvalue":"55.398","angle":"0.0"},"geometry":{"type":"Point","coordinates":[-63.334643077014086,45.240358977883965]}},{"type":"Feature","properties":{"feat_code":"UTTK60","feat_desc":"TANK (6-15m diameter) point","zvalue":"61.0","angle":"359.75"},"geometry":{"type":"Point","coordinates":[-63.33342701790996,45.24045378315133]}},{"type":"Feature","properties":{"feat_code":"UTTO60","feat_desc":"TOWER (all except transmission line towers) point","zvalue":"190.0","angle":"0.0"},"geometry":{"type":"Point","coordinates":[-64.40064998748706,45.23291564472529]}},{"type":"Feature","properties":{"feat_code":"UTTO60","feat_desc":"TOWER (all except transmission line towers) point","zvalue":"3.8","angle":"0.0"},"geometry":{"type":"Point","coordinates":[-61.21973738498515,45.229015188685]}},{"type":"Feature","properties":{"feat_code":"UTTK60","feat_desc":"TANK (6-15m diameter) point","zvalue":"98.315","angle":"0.0"},"geometry":{"type":"Point","coordinates":[-63.66213282160366,45.24210565673201]}},{"type":"Feature","properties":{"feat_code":"UTTK60","feat_desc":"TANK (6-15m diameter) point","zvalue":"100.342","angle":"0.0"},"geometry":{"type":"Point","coordinates":[-63.66209046028334,45.242122519173904]}},{"type":"Feature","properties":{"feat_code":"UTTK60","feat_desc":"TANK (6-15m diameter) point","zvalue":"98.946","angle":"0.0"},"geometry":{"type":"Point","coordinates":[-63.6620590551262,45.242132656943184]}},{"type":"Feature","properties":{"feat_code":"UTTK60","feat_desc":"TANK (6-15m diameter) point","zvalue":"98.217","angle":"0.0"},"geometry":{"type":"Point","coordinates":[-63.66203391798483,45.24213942779749]}},{"type":"Feature","properties":{"feat_code":"UTTO60","feat_desc":"TOWER (all except transmission line towers) point","zvalue":"162.0","angle":"0.0"},"geometry":{"type":"Point","coordinates":[-62.02719705361913,45.24400765579101]}},{"type":"Feature","properties":{"feat_code":"UTTO60","feat_desc":"TOWER (all except transmission line towers) point","zvalue":"166.3","angle":"0.0"},"geometry":{"type":"Point","coordinates":[-62.025720931911344,45.245607249739685]}},{"type":"Feature","properties":{"feat_code":"UTTO60","feat_desc":"TOWER (all except transmission line towers) point","zvalue":"110.501","angle":"0.0"},"geometry":{"type":"Point","coordinates":[-63.953225425326515,45.24705475864448]}},{"type":"Feature","properties":{"feat_code":"UTTO60","feat_desc":"TOWER (all except transmission line towers) point","zvalue":"128.914","angle":"0.0"},"geometry":{"type":"Point","coordinates":[-63.548099070974565,45.262762089561036]}},{"type":"Feature","properties":{"feat_code":"UTTO60","feat_desc":"TOWER (all except transmission line towers) point","zvalue":"106.072","angle":"0.0"},"geometry":{"type":"Point","coordinates":[-65.00550827926236,45.250916247508044]}},{"type":"Feature","properties":{"feat_code":"UTTO60","feat_desc":"TOWER (all except transmission line towers) point","zvalue":"212.111","angle":"0.0"},"geometry":{"type":"Point","coordinates":[-62.70680396753065,45.27301516190595]}},{"type":"Feature","properties":{"feat_code":"UTTK60","feat_desc":"TANK (6-15m diameter) point","zvalue":"71.887","angle":"0.0"},"geometry":{"type":"Point","coordinates":[-63.68585833173358,45.271573198443974]}},{"type":"Feature","properties":{"feat_code":"UTTK60","feat_desc":"TANK (6-15m diameter) point","zvalue":"184.069","angle":"0.0"},"geometry":{"type":"Point","coordinates":[-62.71572602381,45.274825791752185]}},{"type":"Feature","properties":{"feat_code":"UTTO60","feat_desc":"TOWER (all except transmission line towers) point","zvalue":"104.304","angle":"0.0"},"geometry":{"type":"Point","coordinates":[-63.76529306851797,45.27406088012699]}},{"type":"Feature","properties":{"feat_code":"UTTK60","feat_desc":"TANK (6-15m diameter) point","zvalue":"24.247","angle":"0.0"},"geometry":{"type":"Point","coordinates":[-63.72205129594012,45.30027249421227]}},{"type":"Feature","properties":{"feat_code":"UTTO60","feat_desc":"TOWER (all except transmission line towers) point","zvalue":"167.735","angle":"0.0"},"geometry":{"type":"Point","coordinates":[-63.266035049548655,45.30906022362778]}},{"type":"Feature","properties":{"feat_code":"UTTK60","feat_desc":"TANK (6-15m diameter) point","zvalue":"81.518","angle":"0.0"},"geometry":{"type":"Point","coordinates":[-63.590277642092865,45.30789312242502]}},{"type":"Feature","properties":{"feat_code":"UTTO60","feat_desc":"TOWER (all except transmission line towers) point","zvalue":"152.795","angle":"0.0"},"geometry":{"type":"Point","coordinates":[-63.33198548110853,45.309423470906104]}},{"type":"Feature","properties":{"feat_code":"UTTO60","feat_desc":"TOWER (all except transmission line towers) point","zvalue":"153.232","angle":"0.0"},"geometry":{"type":"Point","coordinates":[-63.33103762137219,45.30971789567058]}},{"type":"Feature","properties":{"feat_code":"UTTO60","feat_desc":"TOWER (all except transmission line towers) point","zvalue":"156.774","angle":"0.0"},"geometry":{"type":"Point","coordinates":[-63.33300902329772,45.30993844301273]}},{"type":"Feature","properties":{"feat_code":"UTTK60","feat_desc":"TANK (6-15m diameter) point","zvalue":"40.215","angle":"0.0"},"geometry":{"type":"Point","coordinates":[-63.64011809273553,45.31113161442652]}},{"type":"Feature","properties":{"feat_code":"UTTK60","feat_desc":"TANK (6-15m diameter) point","zvalue":"41.114","angle":"0.0"},"geometry":{"type":"Point","coordinates":[-63.64002046095023,45.31115528627142]}},{"type":"Feature","properties":{"feat_code":"UTTK60","feat_desc":"TANK (6-15m diameter) point","zvalue":"40.484","angle":"0.0"},"geometry":{"type":"Point","coordinates":[-63.5508144783323,45.3138425912452]}},{"type":"Feature","properties":{"feat_code":"UTTK60","feat_desc":"TANK (6-15m diameter) point","zvalue":"40.535","angle":"0.0"},"geometry":{"type":"Point","coordinates":[-63.55083333917912,45.31385890089761]}},{"type":"Feature","properties":{"feat_code":"UTTK60","feat_desc":"TANK (6-15m diameter) point","zvalue":"40.513","angle":"0.0"},"geometry":{"type":"Point","coordinates":[-63.55085117120621,45.313873046163195]}},{"type":"Feature","properties":{"feat_code":"UTTK60","feat_desc":"TANK (6-15m diameter) point","zvalue":"23.972","angle":"0.0"},"geometry":{"type":"Point","coordinates":[-63.49115408456876,45.31469479050874]}},{"type":"Feature","properties":{"feat_code":"UTTK60","feat_desc":"TANK (6-15m diameter) point","zvalue":"38.537","angle":"0.0"},"geometry":{"type":"Point","coordinates":[-63.41700922015884,45.31765462728325]}},{"type":"Feature","properties":{"feat_code":"UTTK60","feat_desc":"TANK (6-15m diameter) point","zvalue":"40.227","angle":"0.0"},"geometry":{"type":"Point","coordinates":[-63.41695800694187,45.317670251700754]}},{"type":"Feature","properties":{"feat_code":"UTTK60","feat_desc":"TANK (6-15m diameter) point","zvalue":"40.246","angle":"0.0"},"geometry":{"type":"Point","coordinates":[-63.41690360585831,45.31767916366584]}},{"type":"Feature","properties":{"feat_code":"UTTK60","feat_desc":"TANK (6-15m diameter) point","zvalue":"39.969","angle":"0.0"},"geometry":{"type":"Point","coordinates":[-63.41691113996649,45.317784443852815]}},{"type":"Feature","properties":{"feat_code":"UTTK60","feat_desc":"TANK (6-15m diameter) point","zvalue":"151.135","angle":"0.0"},"geometry":{"type":"Point","coordinates":[-63.269647992480216,45.32102898106465]}},{"type":"Feature","properties":{"feat_code":"UTTO60","feat_desc":"TOWER (all except transmission line towers) point","zvalue":"146.1","angle":"359.82"},"geometry":{"type":"Point","coordinates":[-63.26942124703849,45.32184218228119]}},{"type":"Feature","properties":{"feat_code":"UTTK60","feat_desc":"TANK (6-15m diameter) point","zvalue":"148.723","angle":"0.0"},"geometry":{"type":"Point","coordinates":[-63.3142029745837,45.32409160521297]}},{"type":"Feature","properties":{"feat_code":"UTTO60","feat_desc":"TOWER (all except transmission line towers) point","zvalue":"236.7","angle":"0.0"},"geometry":{"type":"Point","coordinates":[-61.475611556996654,45.31826117133034]}},{"type":"Feature","properties":{"feat_code":"UTTO60","feat_desc":"TOWER (all except transmission line towers) point","zvalue":"239.1","angle":"0.0"},"geometry":{"type":"Point","coordinates":[-61.47532682932468,45.31850671028431]}},{"type":"Feature","properties":{"feat_code":"UTTO60","feat_desc":"TOWER (all except transmission line towers) point","zvalue":"195.153","angle":"0.0"},"geometry":{"type":"Point","coordinates":[-63.202298065579576,45.337593774961626]}},{"type":"Feature","properties":{"feat_code":"UTTK60","feat_desc":"TANK (6-15m diameter) point","zvalue":"63.538","angle":"0.0"},"geometry":{"type":"Point","coordinates":[-63.28873232677483,45.33861363810235]}},{"type":"Feature","properties":{"feat_code":"UTTK60","feat_desc":"TANK (6-15m diameter) point","zvalue":"63.558","angle":"0.0"},"geometry":{"type":"Point","coordinates":[-63.28870660526826,45.338617978782196]}},{"type":"Feature","properties":{"feat_code":"UTTK60","feat_desc":"TANK (6-15m diameter) point","zvalue":"134.013","angle":"0.0"},"geometry":{"type":"Point","coordinates":[-63.092147790809015,45.33980489439048]}},{"type":"Feature","properties":{"feat_code":"UTTK60","feat_desc":"TANK (6-15m diameter) point","zvalue":"132.781","angle":"0.0"},"geometry":{"type":"Point","coordinates":[-63.092115564093675,45.33981355271762]}},{"type":"Feature","properties":{"feat_code":"UTTK60","feat_desc":"TANK (6-15m diameter) point","zvalue":"134.058","angle":"0.0"},"geometry":{"type":"Point","coordinates":[-63.091918301165116,45.33986749493702]}},{"type":"Feature","properties":{"feat_code":"UTTO60","feat_desc":"TOWER (all except transmission line towers) point","zvalue":"108.9","angle":"359.82"},"geometry":{"type":"Point","coordinates":[-63.27173870075465,45.34032377588046]}},{"type":"Feature","properties":{"feat_code":"UTTK60","feat_desc":"TANK (6-15m diameter) point","zvalue":"65.846","angle":"0.0"},"geometry":{"type":"Point","coordinates":[-63.289196762746094,45.34121713239145]}},{"type":"Feature","properties":{"feat_code":"UTTO60","feat_desc":"TOWER (all except transmission line towers) point","zvalue":"194.4","angle":"0.0"},"geometry":{"type":"Point","coordinates":[-63.19809970519649,45.34282009413006]}},{"type":"Feature","properties":{"feat_code":"UTTK60","feat_desc":"TANK (6-15m diameter) point","zvalue":"64.8","angle":"0.0"},"geometry":{"type":"Point","coordinates":[-63.28997242714306,45.34423324945072]}},{"type":"Feature","properties":{"feat_code":"UTTK60","feat_desc":"TANK (6-15m diameter) point","zvalue":"64.8","angle":"0.0"},"geometry":{"type":"Point","coordinates":[-63.28991122238192,45.34424600675468]}},{"type":"Feature","properties":{"feat_code":"UTTK60","feat_desc":"TANK (6-15m diameter) point","zvalue":"64.8","angle":"0.0"},"geometry":{"type":"Point","coordinates":[-63.28985766245135,45.3442560442104]}},{"type":"Feature","properties":{"feat_code":"UTTK60","feat_desc":"TANK (6-15m diameter) point","zvalue":"68.4","angle":"0.0"},"geometry":{"type":"Point","coordinates":[-63.28998033852837,45.34428273697399]}},{"type":"Feature","properties":{"feat_code":"UTTK60","feat_desc":"TANK (6-15m diameter) point","zvalue":"66.2","angle":"0.0"},"geometry":{"type":"Point","coordinates":[-63.28992294823466,45.3442900837698]}},{"type":"Feature","properties":{"feat_code":"UTTK60","feat_desc":"TANK (6-15m diameter) point","zvalue":"65.9","angle":"0.0"},"geometry":{"type":"Point","coordinates":[-63.289864260550125,45.34429833396765]}},{"type":"Feature","properties":{"feat_code":"UTTO60","feat_desc":"TOWER (all except transmission line towers) point","zvalue":"44.4","angle":"0.0"},"geometry":{"type":"Point","coordinates":[-61.0795446283136,45.32981245081736]}},{"type":"Feature","properties":{"feat_code":"UTTK60","feat_desc":"TANK (6-15m diameter) point","zvalue":"51.967","angle":"0.0"},"geometry":{"type":"Point","coordinates":[-63.289693767154574,45.34576048296501]}},{"type":"Feature","properties":{"feat_code":"UTTK60","feat_desc":"TANK (6-15m diameter) point","zvalue":"51.959","angle":"0.0"},"geometry":{"type":"Point","coordinates":[-63.28969642156719,45.345780369284554]}},{"type":"Feature","properties":{"feat_code":"UTTK60","feat_desc":"TANK (6-15m diameter) point","zvalue":"49.095","angle":"0.0"},"geometry":{"type":"Point","coordinates":[-63.28987039832277,45.345818642828796]}},{"type":"Feature","properties":{"feat_code":"UTTO60","feat_desc":"TOWER (all except transmission line towers) point","zvalue":"36.6","angle":"0.0"},"geometry":{"type":"Point","coordinates":[-61.078408213599076,45.33009577939355]}},{"type":"Feature","properties":{"feat_code":"UTTK60","feat_desc":"TANK (6-15m diameter) point","zvalue":"42.506","angle":"0.0"},"geometry":{"type":"Point","coordinates":[-63.29424075431062,45.34599984539901]}},{"type":"Feature","properties":{"feat_code":"UTTK60","feat_desc":"TANK (6-15m diameter) point","zvalue":"19.1","angle":"35.95"},"geometry":{"type":"Point","coordinates":[-61.36618266298905,45.60610929206726]}},{"type":"Feature","properties":{"feat_code":"UTTK60","feat_desc":"TANK (6-15m diameter) point","zvalue":"34.7","angle":"127.85"},"geometry":{"type":"Point","coordinates":[-61.364002221965,45.60643091977725]}},{"type":"Feature","properties":{"feat_code":"UTTK60","feat_desc":"TANK (6-15m diameter) point","zvalue":"34.7","angle":"306.85"},"geometry":{"type":"Point","coordinates":[-61.36408583104486,45.60651042645584]}},{"type":"Feature","properties":{"feat_code":"UTSS60","feat_desc":"SUBSTATION (transformer) point","zvalue":"20.6","angle":"0.0"},"geometry":{"type":"Point","coordinates":[-62.63235083095318,45.61891838755151]}},{"type":"Feature","properties":{"feat_code":"UTTK60","feat_desc":"TANK (6-15m diameter) point","zvalue":"32.2","angle":"0.0"},"geometry":{"type":"Point","coordinates":[-62.738288518154015,45.62027722385157]}},{"type":"Feature","properties":{"feat_code":"UTTK60","feat_desc":"TANK (6-15m diameter) point","zvalue":"26.0","angle":"0.0"},"geometry":{"type":"Point","coordinates":[-62.73807259439235,45.62036943874942]}},{"type":"Feature","properties":{"feat_code":"UTTK60","feat_desc":"TANK (6-15m diameter) point","zvalue":"32.2","angle":"0.0"},"geometry":{"type":"Point","coordinates":[-62.73825321539565,45.62042115812562]}},{"type":"Feature","properties":{"feat_code":"UTTK60","feat_desc":"TANK (6-15m diameter) point","zvalue":"66.03","angle":"0.0"},"geometry":{"type":"Point","coordinates":[-61.10324566110826,45.605867197088536]}},{"type":"Feature","properties":{"feat_code":"UTTO60","feat_desc":"TOWER (all except transmission line towers) point","zvalue":"104.1","angle":"0.0"},"geometry":{"type":"Point","coordinates":[-61.40852850546934,45.6121393370143]}},{"type":"Feature","properties":{"feat_code":"UTSS60","feat_desc":"SUBSTATION (transformer) point","zvalue":"8.609","angle":"63.51"},"geometry":{"type":"Point","coordinates":[-62.80678900040672,45.623757021999644]}},{"type":"Feature","properties":{"feat_code":"UTTO60","feat_desc":"TOWER (all except transmission line towers) point","zvalue":"52.0","angle":"0.0"},"geometry":{"type":"Point","coordinates":[-61.203050586070425,45.61008938599281]}},{"type":"Feature","properties":{"feat_code":"UTTO60","feat_desc":"TOWER (all except transmission line towers) point","zvalue":"100.1","angle":"0.0"},"geometry":{"type":"Point","coordinates":[-63.496939981455085,45.624158655838805]}},{"type":"Feature","properties":{"feat_code":"UTTO60","feat_desc":"TOWER (all except transmission line towers) point","zvalue":"283.2","angle":"0.0"},"geometry":{"type":"Point","coordinates":[-62.898396915814345,45.62528521236408]}},{"type":"Feature","properties":{"feat_code":"UTTK60","feat_desc":"TANK (6-15m diameter) point","zvalue":"58.9","angle":"31.69"},"geometry":{"type":"Point","coordinates":[-61.33632193255415,45.613879959696206]}},{"type":"Feature","properties":{"feat_code":"UTTK60","feat_desc":"TANK (6-15m diameter) point","zvalue":"58.7","angle":"39.99"},"geometry":{"type":"Point","coordinates":[-61.33626982692414,45.61390710386038]}},{"type":"Feature","properties":{"feat_code":"UTTK60","feat_desc":"TANK (6-15m diameter) point","zvalue":"58.4","angle":"27.94"},"geometry":{"type":"Point","coordinates":[-61.33636317472659,45.613916564588145]}},{"type":"Feature","properties":{"feat_code":"UTTK60","feat_desc":"TANK (6-15m diameter) point","zvalue":"58.7","angle":"90.0"},"geometry":{"type":"Point","coordinates":[-61.336219056486584,45.613932467245334]}},{"type":"Feature","properties":{"feat_code":"UTTK60","feat_desc":"TANK (6-15m diameter) point","zvalue":"58.7","angle":"23.38"},"geometry":{"type":"Point","coordinates":[-61.336313606507915,45.613944645836746]}},{"type":"Feature","properties":{"feat_code":"UTTK60","feat_desc":"TANK (6-15m diameter) point","zvalue":"58.7","angle":"33.87"},"geometry":{"type":"Point","coordinates":[-61.336265400093296,45.613970046592385]}},{"type":"Feature","properties":{"feat_code":"UTTK60","feat_desc":"TANK (6-15m diameter) point","zvalue":"59.2","angle":"22.56"},"geometry":{"type":"Point","coordinates":[-61.33635367314175,45.61397763319505]}},{"type":"Feature","properties":{"feat_code":"UTTK60","feat_desc":"TANK (6-15m diameter) point","zvalue":"59.2","angle":"25.64"},"geometry":{"type":"Point","coordinates":[-61.336297641542394,45.61400742049248]}},{"type":"Feature","properties":{"feat_code":"UTTK60","feat_desc":"TANK (6-15m diameter) point","zvalue":"56.0","angle":"0.0"},"geometry":{"type":"Point","coordinates":[-61.33276167534733,45.613961257264585]}},{"type":"Feature","properties":{"feat_code":"UTTK60","feat_desc":"TANK (6-15m diameter) point","zvalue":"59.0","angle":"19.47"},"geometry":{"type":"Point","coordinates":[-61.33639096290675,45.61401778091524]}},{"type":"Feature","properties":{"feat_code":"UTTK60","feat_desc":"TANK (6-15m diameter) point","zvalue":"59.0","angle":"24.02"},"geometry":{"type":"Point","coordinates":[-61.33634534711429,45.61404231933717]}},{"type":"Feature","properties":{"feat_code":"UTTK60","feat_desc":"TANK (6-15m diameter) point","zvalue":"55.6","angle":"0.0"},"geometry":{"type":"Point","coordinates":[-61.33272289678345,45.61401469735195]}},{"type":"Feature","properties":{"feat_code":"UTTK60","feat_desc":"TANK (6-15m diameter) point","zvalue":"56.0","angle":"0.0"},"geometry":{"type":"Point","coordinates":[-61.33283852042198,45.61405148924857]}},{"type":"Feature","properties":{"feat_code":"UTTK60","feat_desc":"TANK (6-15m diameter) point","zvalue":"55.4","angle":"0.0"},"geometry":{"type":"Point","coordinates":[-61.33276155981534,45.61405126589406]}},{"type":"Feature","properties":{"feat_code":"UTTK60","feat_desc":"TANK (6-15m diameter) point","zvalue":"55.1","angle":"0.0"},"geometry":{"type":"Point","coordinates":[-61.33277490148869,45.61407756364863]}},{"type":"Feature","properties":{"feat_code":"UTTO60","feat_desc":"TOWER (all except transmission line towers) point","zvalue":"84.9","angle":"0.0"},"geometry":{"type":"Point","coordinates":[-61.40589267360839,45.61649237744964]}},{"type":"Feature","properties":{"feat_code":"UTTO60","feat_desc":"TOWER (all except transmission line towers) point","zvalue":"67.6","angle":"0.0"},"geometry":{"type":"Point","coordinates":[-61.35779744581581,45.61593877228265]}},{"type":"Feature","properties":{"feat_code":"UTTK60","feat_desc":"TANK (6-15m diameter) point","zvalue":"7.1","angle":"0.0"},"geometry":{"type":"Point","coordinates":[-61.22991613915529,45.614366791974156]}},{"type":"Feature","properties":{"feat_code":"UTTO60","feat_desc":"TOWER (all except transmission line towers) point","zvalue":"44.1","angle":"0.0"},"geometry":{"type":"Point","coordinates":[-62.70671155017781,45.627777513788146]}},{"type":"Feature","properties":{"feat_code":"UTTO60","feat_desc":"TOWER (all except transmission line towers) point","zvalue":"44.1","angle":"0.0"},"geometry":{"type":"Point","coordinates":[-62.70641766278664,45.627798361169006]}},{"type":"Feature","properties":{"feat_code":"UTTK60","feat_desc":"TANK (6-15m diameter) point","zvalue":"49.2","angle":"0.0"},"geometry":{"type":"Point","coordinates":[-61.39469841342897,45.61710337222364]}},{"type":"Feature","properties":{"feat_code":"UTTK60","feat_desc":"TANK (6-15m diameter) point","zvalue":"44.8","angle":"0.0"},"geometry":{"type":"Point","coordinates":[-61.39496801811042,45.61713956501738]}},{"type":"Feature","properties":{"feat_code":"UTTK60","feat_desc":"TANK (6-15m diameter) point","zvalue":"44.8","angle":"0.0"},"geometry":{"type":"Point","coordinates":[-61.394865396453554,45.61713992301679]}},{"type":"Feature","properties":{"feat_code":"UTTK60","feat_desc":"TANK (6-15m diameter) point","zvalue":"43.9","angle":"0.0"},"geometry":{"type":"Point","coordinates":[-61.394979810743735,45.61722073993247]}},{"type":"Feature","properties":{"feat_code":"UTTK60","feat_desc":"TANK (6-15m diameter) point","zvalue":"43.9","angle":"0.0"},"geometry":{"type":"Point","coordinates":[-61.39485154632615,45.61722073755745]}},{"type":"Feature","properties":{"feat_code":"UTTK60","feat_desc":"TANK (6-15m diameter) point","zvalue":"43.9","angle":"0.0"},"geometry":{"type":"Point","coordinates":[-61.39476177150775,45.61722037591273]}},{"type":"Feature","properties":{"feat_code":"UTTK60","feat_desc":"TANK (6-15m diameter) point","zvalue":"44.0","angle":"0.0"},"geometry":{"type":"Point","coordinates":[-61.394659149707195,45.61722073372481]}},{"type":"Feature","properties":{"feat_code":"UTTO60","feat_desc":"TOWER (all except transmission line towers) point","zvalue":"4.9","angle":"0.0"},"geometry":{"type":"Point","coordinates":[-61.97958159065469,45.62460733935797]}},{"type":"Feature","properties":{"feat_code":"UTTK60","feat_desc":"TANK (6-15m diameter) point","zvalue":"45.2","angle":"65.6"},"geometry":{"type":"Point","coordinates":[-61.3953681790383,45.61857905037516]}},{"type":"Feature","properties":{"feat_code":"UTTK60","feat_desc":"TANK (6-15m diameter) point","zvalue":"45.2","angle":"319.36"},"geometry":{"type":"Point","coordinates":[-61.39549395799158,45.61862132204112]}},{"type":"Feature","properties":{"feat_code":"UTTK60","feat_desc":"TANK (6-15m diameter) point","zvalue":"45.2","angle":"271.61"},"geometry":{"type":"Point","coordinates":[-61.39557688552011,45.618726898842816]}},{"type":"Feature","properties":{"feat_code":"UTTK60","feat_desc":"TANK (6-15m diameter) point","zvalue":"11.4","angle":"0.73"},"geometry":{"type":"Point","coordinates":[-61.97830045120824,45.625504085292896]}},{"type":"Feature","properties":{"feat_code":"UTTK60","feat_desc":"TANK (6-15m diameter) point","zvalue":"11.4","angle":"0.73"},"geometry":{"type":"Point","coordinates":[-61.97829846553456,45.625542771686725]}},{"type":"Feature","properties":{"feat_code":"UTTK60","feat_desc":"TANK (6-15m diameter) point","zvalue":"11.4","angle":"355.2"},"geometry":{"type":"Point","coordinates":[-61.97829646350748,45.625582358030606]}},{"type":"Feature","properties":{"feat_code":"UTTK60","feat_desc":"TANK (6-15m diameter) point","zvalue":"47.0","angle":"221.62"},"geometry":{"type":"Point","coordinates":[-61.39561585914835,45.6188894646703]}},{"type":"Feature","properties":{"feat_code":"UTTK60","feat_desc":"TANK (6-15m diameter) point","zvalue":"10.9","angle":"0.74"},"geometry":{"type":"Point","coordinates":[-61.978294347025525,45.62562824402661]}},{"type":"Feature","properties":{"feat_code":"UTTK60","feat_desc":"TANK (6-15m diameter) point","zvalue":"47.0","angle":"207.92"},"geometry":{"type":"Point","coordinates":[-61.39574431775849,45.61897227828414]}},{"type":"Feature","properties":{"feat_code":"UTTK60","feat_desc":"TANK (6-15m diameter) point","zvalue":"10.8","angle":"0.73"},"geometry":{"type":"Point","coordinates":[-61.978296160160205,45.62566966468687]}},{"type":"Feature","properties":{"feat_code":"UTTK60","feat_desc":"TANK (6-15m diameter) point","zvalue":"11.4","angle":"0.73"},"geometry":{"type":"Point","coordinates":[-61.978322637451,45.62569510420782]}},{"type":"Feature","properties":{"feat_code":"UTTK60","feat_desc":"TANK (6-15m diameter) point","zvalue":"46.7","angle":"197.63"},"geometry":{"type":"Point","coordinates":[-61.395581673335705,45.61900869798977]}},{"type":"Feature","properties":{"feat_code":"UTTK60","feat_desc":"TANK (6-15m diameter) point","zvalue":"11.2","angle":"359.43"},"geometry":{"type":"Point","coordinates":[-61.97836465339959,45.62571258182677]}},{"type":"Feature","properties":{"feat_code":"UTTK60","feat_desc":"TANK (6-15m diameter) point","zvalue":"12.4","angle":"3.59"},"geometry":{"type":"Point","coordinates":[-61.978286249826084,45.62572088155105]}},{"type":"Feature","properties":{"feat_code":"UTTO60","feat_desc":"TOWER (all except transmission line towers) point","zvalue":"57.1","angle":"0.0"},"geometry":{"type":"Point","coordinates":[-61.336029903221984,45.61911250325145]}},{"type":"Feature","properties":{"feat_code":"UTTO60","feat_desc":"TOWER (all except transmission line towers) point","zvalue":"77.9","angle":"0.0"},"geometry":{"type":"Point","coordinates":[-62.020516970134736,45.62705390254723]}},{"type":"Feature","properties":{"feat_code":"UTTK60","feat_desc":"TANK (6-15m diameter) point","zvalue":"3.2","angle":"265.88"},"geometry":{"type":"Point","coordinates":[-61.36439108338276,45.62282916120304]}},{"type":"Feature","properties":{"feat_code":"UTTO60","feat_desc":"TOWER (all except transmission line towers) point","zvalue":"80.4","angle":"0.0"},"geometry":{"type":"Point","coordinates":[-61.98246803106972,45.633249707068224]}},{"type":"Feature","properties":{"feat_code":"UTTK60","feat_desc":"TANK (6-15m diameter) point","zvalue":"40.3","angle":"0.8"},"geometry":{"type":"Point","coordinates":[-62.02293324389449,45.63735278405551]}},{"type":"Feature","properties":{"feat_code":"UTTK60","feat_desc":"TANK (6-15m diameter) point","zvalue":"41.7","angle":"0.8"},"geometry":{"type":"Point","coordinates":[-62.02296297001721,45.637414244737286]}},{"type":"Feature","properties":{"feat_code":"UTTK60","feat_desc":"TANK (6-15m diameter) point","zvalue":"41.5","angle":"354.07"},"geometry":{"type":"Point","coordinates":[-62.023215530989724,45.637426305668114]}},{"type":"Feature","properties":{"feat_code":"UTTK60","feat_desc":"TANK (6-15m diameter) point","zvalue":"39.4","angle":"118.87"},"geometry":{"type":"Point","coordinates":[-62.02302386142509,45.63745436968844]}},{"type":"Feature","properties":{"feat_code":"UTTO60","feat_desc":"TOWER (all except transmission line towers) point","zvalue":"86.0","angle":"0.0"},"geometry":{"type":"Point","coordinates":[-61.32665976152878,45.63040959218204]}},{"type":"Feature","properties":{"feat_code":"UTTO60","feat_desc":"TOWER (all except transmission line towers) point","zvalue":"283.9","angle":"0.0"},"geometry":{"type":"Point","coordinates":[-62.12581504389543,45.6403745553884]}},{"type":"Feature","properties":{"feat_code":"UTTO60","feat_desc":"TOWER (all except transmission line towers) point","zvalue":"146.0","angle":"0.0"},"geometry":{"type":"Point","coordinates":[-61.51462656918267,45.63832839327056]}},{"type":"Feature","properties":{"feat_code":"UTTK60","feat_desc":"TANK (6-15m diameter) point","zvalue":"57.115","angle":"0.0"},"geometry":{"type":"Point","coordinates":[-63.26957522806019,45.648278269562184]}},{"type":"Feature","properties":{"feat_code":"UTTK60","feat_desc":"TANK (6-15m diameter) point","zvalue":"57.146","angle":"0.0"},"geometry":{"type":"Point","coordinates":[-63.26975282335778,45.64842126174917]}},{"type":"Feature","properties":{"feat_code":"UTTK60","feat_desc":"TANK (6-15m diameter) point","zvalue":"56.386","angle":"0.0"},"geometry":{"type":"Point","coordinates":[-63.269795176917846,45.64844864149241]}},{"type":"Feature","properties":{"feat_code":"UTTK60","feat_desc":"TANK (6-15m diameter) point","zvalue":"56.07","angle":"0.0"},"geometry":{"type":"Point","coordinates":[-63.26978327497548,45.64847694143487]}},{"type":"Feature","properties":{"feat_code":"UTTK60","feat_desc":"TANK (6-15m diameter) point","zvalue":"55.162","angle":"0.0"},"geometry":{"type":"Point","coordinates":[-63.26979522398639,45.648519928531364]}},{"type":"Feature","properties":{"feat_code":"UTTK60","feat_desc":"TANK (6-15m diameter) point","zvalue":"33.7","angle":"0.0"},"geometry":{"type":"Point","coordinates":[-61.38810066264494,45.64018713524173]}},{"type":"Feature","properties":{"feat_code":"UTTK60","feat_desc":"TANK (6-15m diameter) point","zvalue":"33.7","angle":"0.0"},"geometry":{"type":"Point","coordinates":[-61.38817687330972,45.640214313646325]}},{"type":"Feature","properties":{"feat_code":"UTTK60","feat_desc":"TANK (6-15m diameter) point","zvalue":"33.6","angle":"0.0"},"geometry":{"type":"Point","coordinates":[-61.388227689062475,45.64023213264339]}},{"type":"Feature","properties":{"feat_code":"UTTK60","feat_desc":"TANK (6-15m diameter) point","zvalue":"33.7","angle":"0.0"},"geometry":{"type":"Point","coordinates":[-61.38828003244781,45.640240981187596]}},{"type":"Feature","properties":{"feat_code":"UTTK60","feat_desc":"TANK (6-15m diameter) point","zvalue":"13.3","angle":"0.0"},"geometry":{"type":"Point","coordinates":[-62.71599245896491,45.65128165588987]}},{"type":"Feature","properties":{"feat_code":"UTTK60","feat_desc":"TANK (6-15m diameter) point","zvalue":"33.6","angle":"0.0"},"geometry":{"type":"Point","coordinates":[-61.38833060331812,45.64026778867034]}},{"type":"Feature","properties":{"feat_code":"UTTK60","feat_desc":"TANK (6-15m diameter) point","zvalue":"33.7","angle":"0.0"},"geometry":{"type":"Point","coordinates":[-61.38839527033219,45.640294804035385]}},{"type":"Feature","properties":{"feat_code":"UTTK60","feat_desc":"TANK (6-15m diameter) point","zvalue":"13.1","angle":"0.0"},"geometry":{"type":"Point","coordinates":[-62.71720802228496,45.65226756932057]}},{"type":"Feature","properties":{"feat_code":"UTTK60","feat_desc":"TANK (6-15m diameter) point","zvalue":"20.692","angle":"0.0"},"geometry":{"type":"Point","coordinates":[-62.71717866501687,45.65276070977999]}},{"type":"Feature","properties":{"feat_code":"UTTK60","feat_desc":"TANK (6-15m diameter) point","zvalue":"24.262","angle":"0.0"},"geometry":{"type":"Point","coordinates":[-62.71753835078441,45.65291389480935]}},{"type":"Feature","properties":{"feat_code":"UTTK60","feat_desc":"TANK (6-15m diameter) point","zvalue":"23.925","angle":"0.0"},"geometry":{"type":"Point","coordinates":[-62.71593769373059,45.65291447152354]}},{"type":"Feature","properties":{"feat_code":"UTTK60","feat_desc":"TANK (6-15m diameter) point","zvalue":"24.262","angle":"0.0"},"geometry":{"type":"Point","coordinates":[-62.71748118850928,45.652956777747605]}},{"type":"Feature","properties":{"feat_code":"UTTK60","feat_desc":"TANK (6-15m diameter) point","zvalue":"25.655","angle":"0.0"},"geometry":{"type":"Point","coordinates":[-62.71603803524775,45.653000535515545]}},{"type":"Feature","properties":{"feat_code":"UTTK60","feat_desc":"TANK (6-15m diameter) point","zvalue":"24.262","angle":"-44.0"},"geometry":{"type":"Point","coordinates":[-62.71755413099743,45.65300704809221]}},{"type":"Feature","properties":{"feat_code":"UTTK60","feat_desc":"TANK (6-15m diameter) point","zvalue":"23.982","angle":"0.0"},"geometry":{"type":"Point","coordinates":[-62.71579188136951,45.65301336175516]}},{"type":"Feature","properties":{"feat_code":"UTTK60","feat_desc":"TANK (6-15m diameter) point","zvalue":"90.214","angle":"37.9"},"geometry":{"type":"Point","coordinates":[-62.85456620039881,45.65348490142831]}},{"type":"Feature","properties":{"feat_code":"UTTK60","feat_desc":"TANK (6-15m diameter) point","zvalue":"24.605","angle":"0.0"},"geometry":{"type":"Point","coordinates":[-62.71615526802769,45.653241438789436]}},{"type":"Feature","properties":{"feat_code":"UTTK60","feat_desc":"TANK (6-15m diameter) point","zvalue":"90.186","angle":"0.0"},"geometry":{"type":"Point","coordinates":[-62.85447333185277,45.65354328897567]}},{"type":"Feature","properties":{"feat_code":"UTTK60","feat_desc":"TANK (6-15m diameter) point","zvalue":"38.218","angle":"0.0"},"geometry":{"type":"Point","coordinates":[-62.71659252406996,45.653550309947526]}},{"type":"Feature","properties":{"feat_code":"UTTK60","feat_desc":"TANK (6-15m diameter) point","zvalue":"77.1","angle":"0.0"},"geometry":{"type":"Point","coordinates":[-62.85624319371518,45.65400327014867]}},{"type":"Feature","properties":{"feat_code":"UTTK60","feat_desc":"TANK (6-15m diameter) point","zvalue":"77.1","angle":"0.0"},"geometry":{"type":"Point","coordinates":[-62.85628286617354,45.65404832452506]}},{"type":"Feature","properties":{"feat_code":"UTTK60","feat_desc":"TANK (6-15m diameter) point","zvalue":"77.1","angle":"0.0"},"geometry":{"type":"Point","coordinates":[-62.85628286617354,45.65404832452506]}},{"type":"Feature","properties":{"feat_code":"UTTK60","feat_desc":"TANK (6-15m diameter) point","zvalue":"77.1","angle":"0.0"},"geometry":{"type":"Point","coordinates":[-62.856322564013674,45.654083477937576]}},{"type":"Feature","properties":{"feat_code":"UTTO60","feat_desc":"TOWER (all except transmission line towers) point","zvalue":"87.0","angle":"0.0"},"geometry":{"type":"Point","coordinates":[-61.45102564163403,45.6483927497978]}},{"type":"Feature","properties":{"feat_code":"UTTO60","feat_desc":"TOWER (all except transmission line towers) point","zvalue":"191.1","angle":"0.0"},"geometry":{"type":"Point","coordinates":[-61.46605738553657,45.64905826620174]}},{"type":"Feature","properties":{"feat_code":"UTTO60","feat_desc":"TOWER (all except transmission line towers) point","zvalue":"72.1","angle":"0.0"},"geometry":{"type":"Point","coordinates":[-61.4487057617022,45.64963221062503]}},{"type":"Feature","properties":{"feat_code":"UTTO60","feat_desc":"TOWER (all except transmission line towers) point","zvalue":"114.8","angle":"0.0"},"geometry":{"type":"Point","coordinates":[-61.4373177559556,45.65375782141941]}},{"type":"Feature","properties":{"feat_code":"UTTO60","feat_desc":"TOWER (all except transmission line towers) point","zvalue":"44.7","angle":"0.0"},"geometry":{"type":"Point","coordinates":[-61.26940634649777,45.65538744960958]}},{"type":"Feature","properties":{"feat_code":"UTTO60","feat_desc":"TOWER (all except transmission line towers) point","zvalue":"147.291","angle":"45.3"},"geometry":{"type":"Point","coordinates":[-62.82803459797475,45.66850308281463]}},{"type":"Feature","properties":{"feat_code":"UTTO60","feat_desc":"TOWER (all except transmission line towers) point","zvalue":"135.6","angle":"0.0"},"geometry":{"type":"Point","coordinates":[-61.42071976112175,45.65978519365201]}},{"type":"Feature","properties":{"feat_code":"UTTK60","feat_desc":"TANK (6-15m diameter) point","zvalue":"7.1","angle":"0.0"},"geometry":{"type":"Point","coordinates":[-62.701769508376735,45.67669989793285]}},{"type":"Feature","properties":{"feat_code":"UTTK60","feat_desc":"TANK (6-15m diameter) point","zvalue":"7.0","angle":"0.0"},"geometry":{"type":"Point","coordinates":[-62.70173079783647,45.676735800310695]}},{"type":"Feature","properties":{"feat_code":"UTTK60","feat_desc":"TANK (6-15m diameter) point","zvalue":"7.1","angle":"0.0"},"geometry":{"type":"Point","coordinates":[-62.70168057449716,45.67676357184095]}},{"type":"Feature","properties":{"feat_code":"UTTK60","feat_desc":"TANK (6-15m diameter) point","zvalue":"27.9","angle":"0.0"},"geometry":{"type":"Point","coordinates":[-61.92354449404048,45.67419130567093]}},{"type":"Feature","properties":{"feat_code":"UTTK60","feat_desc":"TANK (6-15m diameter) point","zvalue":"31.1","angle":"0.0"},"geometry":{"type":"Point","coordinates":[-61.922225041003514,45.67450289671321]}},{"type":"Feature","properties":{"feat_code":"UTTO60","feat_desc":"TOWER (all except transmission line towers) point","zvalue":"44.9","angle":"0.0"},"geometry":{"type":"Point","coordinates":[-63.29042228447913,45.682472945571675]}},{"type":"Feature","properties":{"feat_code":"UTTO60","feat_desc":"TOWER (all except transmission line towers) point","zvalue":"232.2","angle":"0.0"},"geometry":{"type":"Point","coordinates":[-61.97864371458038,45.68130747911068]}},{"type":"Feature","properties":{"feat_code":"UTTO60","feat_desc":"TOWER (all except transmission line towers) point","zvalue":"231.7","angle":"0.0"},"geometry":{"type":"Point","coordinates":[-61.97865844006079,45.68141562133262]}},{"type":"Feature","properties":{"feat_code":"UTTO60","feat_desc":"TOWER (all except transmission line towers) point","zvalue":"300.2","angle":"0.0"},"geometry":{"type":"Point","coordinates":[-62.117133872504645,45.687365395337295]}},{"type":"Feature","properties":{"feat_code":"UTTO60","feat_desc":"TOWER (all except transmission line towers) point","zvalue":"294.118","angle":"0.0"},"geometry":{"type":"Point","coordinates":[-62.11746572448697,45.68821845996598]}},{"type":"Feature","properties":{"feat_code":"UTTO60","feat_desc":"TOWER (all except transmission line towers) point","zvalue":"45.769","angle":"0.0"},"geometry":{"type":"Point","coordinates":[-62.70342729524348,45.69256530651787]}},{"type":"Feature","properties":{"feat_code":"UTTK60","feat_desc":"TANK (6-15m diameter) point","zvalue":"40.291","angle":"0.0"},"geometry":{"type":"Point","coordinates":[-63.25912124294805,45.370690119907934]}},{"type":"Feature","properties":{"feat_code":"UTTK60","feat_desc":"TANK (6-15m diameter) point","zvalue":"40.173","angle":"0.0"},"geometry":{"type":"Point","coordinates":[-63.25913463287142,45.37071669749574]}},{"type":"Feature","properties":{"feat_code":"UTTK60","feat_desc":"TANK (6-15m diameter) point","zvalue":"43.822","angle":"0.0"},"geometry":{"type":"Point","coordinates":[-63.25918533935627,45.37072114612557]}},{"type":"Feature","properties":{"feat_code":"UTTK60","feat_desc":"TANK (6-15m diameter) point","zvalue":"43.65","angle":"0.0"},"geometry":{"type":"Point","coordinates":[-63.25914865265336,45.37074976361991]}},{"type":"Feature","properties":{"feat_code":"UTTK60","feat_desc":"TANK (6-15m diameter) point","zvalue":"43.753","angle":"0.0"},"geometry":{"type":"Point","coordinates":[-63.25920351177371,45.37076307814235]}},{"type":"Feature","properties":{"feat_code":"UTTK60","feat_desc":"TANK (6-15m diameter) point","zvalue":"43.673","angle":"0.0"},"geometry":{"type":"Point","coordinates":[-63.259152830600634,45.37077816237377]}},{"type":"Feature","properties":{"feat_code":"UTTK60","feat_desc":"TANK (6-15m diameter) point","zvalue":"40.352","angle":"0.0"},"geometry":{"type":"Point","coordinates":[-63.259117073039214,45.37078653373317]}},{"type":"Feature","properties":{"feat_code":"UTTK60","feat_desc":"TANK (6-15m diameter) point","zvalue":"45.288","angle":"0.0"},"geometry":{"type":"Point","coordinates":[-63.259061542496056,45.370855528955936]}},{"type":"Feature","properties":{"feat_code":"UTTK60","feat_desc":"TANK (6-15m diameter) point","zvalue":"38.217","angle":"0.0"},"geometry":{"type":"Point","coordinates":[-63.25914660209801,45.370997053114905]}},{"type":"Feature","properties":{"feat_code":"UTTK60","feat_desc":"TANK (6-15m diameter) point","zvalue":"38.073","angle":"0.0"},"geometry":{"type":"Point","coordinates":[-63.25897978399619,45.37103429196553]}},{"type":"Feature","properties":{"feat_code":"UTTK60","feat_desc":"TANK (6-15m diameter) point","zvalue":"38.221","angle":"0.0"},"geometry":{"type":"Point","coordinates":[-63.25895221506229,45.37104049338555]}},{"type":"Feature","properties":{"feat_code":"UTTK60","feat_desc":"TANK (6-15m diameter) point","zvalue":"38.297","angle":"0.0"},"geometry":{"type":"Point","coordinates":[-63.258925675521276,45.371048393718795]}},{"type":"Feature","properties":{"feat_code":"UTTK60","feat_desc":"TANK (6-15m diameter) point","zvalue":"39.71","angle":"0.0"},"geometry":{"type":"Point","coordinates":[-63.25866092677217,45.37120491479271]}},{"type":"Feature","properties":{"feat_code":"UTTK60","feat_desc":"TANK (6-15m diameter) point","zvalue":"39.695","angle":"0.0"},"geometry":{"type":"Point","coordinates":[-63.258644104966244,45.37121268503726]}},{"type":"Feature","properties":{"feat_code":"UTTK60","feat_desc":"TANK (6-15m diameter) point","zvalue":"39.756","angle":"0.0"},"geometry":{"type":"Point","coordinates":[-63.25862464376074,45.371212954137626]}},{"type":"Feature","properties":{"feat_code":"UTTK60","feat_desc":"TANK (6-15m diameter) point","zvalue":"39.992","angle":"0.0"},"geometry":{"type":"Point","coordinates":[-63.25866972491547,45.371224346765246]}},{"type":"Feature","properties":{"feat_code":"UTTK60","feat_desc":"TANK (6-15m diameter) point","zvalue":"39.855","angle":"0.0"},"geometry":{"type":"Point","coordinates":[-63.258634455357054,45.37123339196826]}},{"type":"Feature","properties":{"feat_code":"UTTK60","feat_desc":"TANK (6-15m diameter) point","zvalue":"39.863","angle":"0.0"},"geometry":{"type":"Point","coordinates":[-63.2586734573084,45.37123629209283]}},{"type":"Feature","properties":{"feat_code":"UTTK60","feat_desc":"TANK (6-15m diameter) point","zvalue":"39.848","angle":"0.0"},"geometry":{"type":"Point","coordinates":[-63.25863529216271,45.371246072962236]}},{"type":"Feature","properties":{"feat_code":"UTTK60","feat_desc":"TANK (6-15m diameter) point","zvalue":"32.299","angle":"0.0"},"geometry":{"type":"Point","coordinates":[-63.261279653390446,45.37197497799132]}},{"type":"Feature","properties":{"feat_code":"UTTO60","feat_desc":"TOWER (all except transmission line towers) point","zvalue":"40.8","angle":"359.82"},"geometry":{"type":"Point","coordinates":[-63.260513201099016,45.372912363822905]}},{"type":"Feature","properties":{"feat_code":"UTTK60","feat_desc":"TANK (6-15m diameter) point","zvalue":"15.478","angle":"0.0"},"geometry":{"type":"Point","coordinates":[-63.274565388143664,45.374644764464556]}},{"type":"Feature","properties":{"feat_code":"UTTK60","feat_desc":"TANK (6-15m diameter) point","zvalue":"22.5","angle":"0.0"},"geometry":{"type":"Point","coordinates":[-63.27441666270624,45.374691775796876]}},{"type":"Feature","properties":{"feat_code":"UTTK60","feat_desc":"TANK (6-15m diameter) point","zvalue":"16.576","angle":"0.0"},"geometry":{"type":"Point","coordinates":[-63.274496077191756,45.37470008223525]}},{"type":"Feature","properties":{"feat_code":"UTTK60","feat_desc":"TANK (6-15m diameter) point","zvalue":"12.7","angle":"0.0"},"geometry":{"type":"Point","coordinates":[-63.27456371948671,45.3747301281374]}},{"type":"Feature","properties":{"feat_code":"UTTK60","feat_desc":"TANK (6-15m diameter) point","zvalue":"12.7","angle":"0.0"},"geometry":{"type":"Point","coordinates":[-63.27447191004925,45.374760053198045]}},{"type":"Feature","properties":{"feat_code":"UTTK60","feat_desc":"TANK (6-15m diameter) point","zvalue":"12.7","angle":"0.0"},"geometry":{"type":"Point","coordinates":[-63.27461497882167,45.37476601024905]}},{"type":"Feature","properties":{"feat_code":"UTTK60","feat_desc":"TANK (6-15m diameter) point","zvalue":"22.6","angle":"0.0"},"geometry":{"type":"Point","coordinates":[-63.274504034203396,45.374800482007]}},{"type":"Feature","properties":{"feat_code":"UTTK60","feat_desc":"TANK (6-15m diameter) point","zvalue":"12.7","angle":"0.0"},"geometry":{"type":"Point","coordinates":[-63.274530914873075,45.37481301927111]}},{"type":"Feature","properties":{"feat_code":"UTTK60","feat_desc":"TANK (6-15m diameter) point","zvalue":"17.321","angle":"0.0"},"geometry":{"type":"Point","coordinates":[-63.27423785168385,45.374879685059206]}},{"type":"Feature","properties":{"feat_code":"UTTK60","feat_desc":"TANK (6-15m diameter) point","zvalue":"19.5","angle":"0.0"},"geometry":{"type":"Point","coordinates":[-63.27459140603603,45.374909188147434]}},{"type":"Feature","properties":{"feat_code":"UTTK60","feat_desc":"TANK (6-15m diameter) point","zvalue":"16.038","angle":"0.0"},"geometry":{"type":"Point","coordinates":[-63.27487774301954,45.374962102370674]}},{"type":"Feature","properties":{"feat_code":"UTTK60","feat_desc":"TANK (6-15m diameter) point","zvalue":"26.405","angle":"0.0"},"geometry":{"type":"Point","coordinates":[-63.27457567244061,45.37497797816578]}},{"type":"Feature","properties":{"feat_code":"UTTK60","feat_desc":"TANK (6-15m diameter) point","zvalue":"21.5","angle":"0.0"},"geometry":{"type":"Point","coordinates":[-63.2746402899252,45.3749819814298]}},{"type":"Feature","properties":{"feat_code":"UTTK60","feat_desc":"TANK (6-15m diameter) point","zvalue":"19.558","angle":"0.0"},"geometry":{"type":"Point","coordinates":[-63.27460822822308,45.375020467211954]}},{"type":"Feature","properties":{"feat_code":"UTTK60","feat_desc":"TANK (6-15m diameter) point","zvalue":"28.648","angle":"0.0"},"geometry":{"type":"Point","coordinates":[-63.40842854177671,45.374655179292205]}},{"type":"Feature","properties":{"feat_code":"UTTK60","feat_desc":"TANK (6-15m diameter) point","zvalue":"18.779","angle":"0.0"},"geometry":{"type":"Point","coordinates":[-63.27425973843597,45.37506390783316]}},{"type":"Feature","properties":{"feat_code":"UTTK60","feat_desc":"TANK (6-15m diameter) point","zvalue":"19.6","angle":"0.0"},"geometry":{"type":"Point","coordinates":[-63.274651477764095,45.37506377666058]}},{"type":"Feature","properties":{"feat_code":"UTTK60","feat_desc":"TANK (6-15m diameter) point","zvalue":"26.913","angle":"0.0"},"geometry":{"type":"Point","coordinates":[-63.40832161060162,45.37485446414209]}},{"type":"Feature","properties":{"feat_code":"UTTK60","feat_desc":"TANK (6-15m diameter) point","zvalue":"26.534","angle":"0.0"},"geometry":{"type":"Point","coordinates":[-63.40827128536959,45.37487851558183]}},{"type":"Feature","properties":{"feat_code":"UTTK60","feat_desc":"TANK (6-15m diameter) point","zvalue":"26.359","angle":"0.0"},"geometry":{"type":"Point","coordinates":[-63.40822711948311,45.37489240948096]}},{"type":"Feature","properties":{"feat_code":"UTTO60","feat_desc":"TOWER (all except transmission line towers) point","zvalue":"18.0","angle":"359.67"},"geometry":{"type":"Point","coordinates":[-63.43614446426804,45.37563883756853]}},{"type":"Feature","properties":{"feat_code":"UTTO60","feat_desc":"TOWER (all except transmission line towers) point","zvalue":"16.382","angle":"0.0"},"geometry":{"type":"Point","coordinates":[-63.43562596203851,45.376577000104746]}},{"type":"Feature","properties":{"feat_code":"UTTK60","feat_desc":"TANK (6-15m diameter) point","zvalue":"13.298","angle":"0.0"},"geometry":{"type":"Point","coordinates":[-63.27652976949519,45.37757959987054]}},{"type":"Feature","properties":{"feat_code":"UTTO60","feat_desc":"TOWER (all except transmission line towers) point","zvalue":"20.4","angle":"359.67"},"geometry":{"type":"Point","coordinates":[-63.43103634795871,45.377390085260224]}},{"type":"Feature","properties":{"feat_code":"UTTO60","feat_desc":"TOWER (all except transmission line towers) point","zvalue":"16.733","angle":"0.0"},"geometry":{"type":"Point","coordinates":[-63.43578142252568,45.37773283535167]}},{"type":"Feature","properties":{"feat_code":"UTTO60","feat_desc":"TOWER (all except transmission line towers) point","zvalue":"21.6","angle":"359.67"},"geometry":{"type":"Point","coordinates":[-63.43120802608988,45.37779629748306]}},{"type":"Feature","properties":{"feat_code":"UTTO60","feat_desc":"TOWER (all except transmission line towers) point","zvalue":"22.9","angle":"359.67"},"geometry":{"type":"Point","coordinates":[-63.43410872211112,45.3789842870881]}},{"type":"Feature","properties":{"feat_code":"UTTO60","feat_desc":"TOWER (all except transmission line towers) point","zvalue":"22.9","angle":"359.67"},"geometry":{"type":"Point","coordinates":[-63.43386801560258,45.37957569790847]}},{"type":"Feature","properties":{"feat_code":"UTTO60","feat_desc":"TOWER (all except transmission line towers) point","zvalue":"22.5","angle":"359.67"},"geometry":{"type":"Point","coordinates":[-63.43374779802507,45.37988939174569]}},{"type":"Feature","properties":{"feat_code":"UTTO60","feat_desc":"TOWER (all except transmission line towers) point","zvalue":"21.9","angle":"359.67"},"geometry":{"type":"Point","coordinates":[-63.433704089010824,45.38018660156402]}},{"type":"Feature","properties":{"feat_code":"UTTK60","feat_desc":"TANK (6-15m diameter) point","zvalue":"26.884","angle":"0.0"},"geometry":{"type":"Point","coordinates":[-63.460696803576965,45.38134534328536]}},{"type":"Feature","properties":{"feat_code":"UTTO60","feat_desc":"TOWER (all except transmission line towers) point","zvalue":"267.1","angle":"0.0"},"geometry":{"type":"Point","coordinates":[-64.8467462986943,45.36868409721485]}},{"type":"Feature","properties":{"feat_code":"UTTK60","feat_desc":"TANK (6-15m diameter) point","zvalue":"35.647","angle":"0.0"},"geometry":{"type":"Point","coordinates":[-63.46301047152118,45.38372337325999]}},{"type":"Feature","properties":{"feat_code":"UTTK60","feat_desc":"TANK (6-15m diameter) point","zvalue":"21.576","angle":"0.0"},"geometry":{"type":"Point","coordinates":[-63.462653483759205,45.383847633870666]}},{"type":"Feature","properties":{"feat_code":"UTTK60","feat_desc":"TANK (6-15m diameter) point","zvalue":"29.451","angle":"0.0"},"geometry":{"type":"Point","coordinates":[-63.45921721323714,45.38618233861925]}},{"type":"Feature","properties":{"feat_code":"UTTK60","feat_desc":"TANK (6-15m diameter) point","zvalue":"26.143","angle":"0.0"},"geometry":{"type":"Point","coordinates":[-63.45907794801889,45.386234034940315]}},{"type":"Feature","properties":{"feat_code":"UTTK60","feat_desc":"TANK (6-15m diameter) point","zvalue":"31.338","angle":"0.0"},"geometry":{"type":"Point","coordinates":[-63.459250468318096,45.38672396728966]}},{"type":"Feature","properties":{"feat_code":"UTTK60","feat_desc":"TANK (6-15m diameter) point","zvalue":"33.402","angle":"0.0"},"geometry":{"type":"Point","coordinates":[-63.4592149653784,45.38672982587009]}},{"type":"Feature","properties":{"feat_code":"UTTK60","feat_desc":"TANK (6-15m diameter) point","zvalue":"31.154","angle":"0.0"},"geometry":{"type":"Point","coordinates":[-63.459174527751614,45.38673678443569]}},{"type":"Feature","properties":{"feat_code":"UTTO60","feat_desc":"TOWER (all except transmission line towers) point","zvalue":"41.9","angle":"359.82"},"geometry":{"type":"Point","coordinates":[-63.2427443048091,45.39008552932702]}},{"type":"Feature","properties":{"feat_code":"UTTO60","feat_desc":"TOWER (all except transmission line towers) point","zvalue":"147.748","angle":"0.0"},"geometry":{"type":"Point","coordinates":[-62.06432370617876,45.391618545642274]}},{"type":"Feature","properties":{"feat_code":"UTTO60","feat_desc":"TOWER (all except transmission line towers) point","zvalue":"133.7","angle":"0.0"},"geometry":{"type":"Point","coordinates":[-61.950898574621775,45.39078031964263]}},{"type":"Feature","properties":{"feat_code":"UTTO60","feat_desc":"TOWER (all except transmission line towers) point","zvalue":"11.045","angle":"0.0"},"geometry":{"type":"Point","coordinates":[-63.42408812108347,45.39524976808605]}},{"type":"Feature","properties":{"feat_code":"UTTO60","feat_desc":"TOWER (all except transmission line towers) point","zvalue":"162.959","angle":"45.6"},"geometry":{"type":"Point","coordinates":[-62.51596901862094,45.395773699285265]}},{"type":"Feature","properties":{"feat_code":"UTTO60","feat_desc":"TOWER (all except transmission line towers) point","zvalue":"33.583","angle":"0.0"},"geometry":{"type":"Point","coordinates":[-63.30456883450772,45.400291399828426]}},{"type":"Feature","properties":{"feat_code":"UTTO60","feat_desc":"TOWER (all except transmission line towers) point","zvalue":"179.897","angle":"0.0"},"geometry":{"type":"Point","coordinates":[-62.27926759803976,45.40089947160631]}},{"type":"Feature","properties":{"feat_code":"UTTO60","feat_desc":"TOWER (all except transmission line towers) point","zvalue":"21.05","angle":"0.0"},"geometry":{"type":"Point","coordinates":[-63.53503119089843,45.40461375525962]}},{"type":"Feature","properties":{"feat_code":"UTTO60","feat_desc":"TOWER (all except transmission line towers) point","zvalue":"132.1","angle":"0.0"},"geometry":{"type":"Point","coordinates":[-63.24864011912932,45.40877754027098]}},{"type":"Feature","properties":{"feat_code":"UTTK60","feat_desc":"TANK (6-15m diameter) point","zvalue":"29.111","angle":"0.0"},"geometry":{"type":"Point","coordinates":[-63.77702903405047,45.40653953942609]}},{"type":"Feature","properties":{"feat_code":"UTTO60","feat_desc":"TOWER (all except transmission line towers) point","zvalue":"207.664","angle":"0.0"},"geometry":{"type":"Point","coordinates":[-64.00569798466995,45.40477237028729]}},{"type":"Feature","properties":{"feat_code":"UTTO60","feat_desc":"TOWER (all except transmission line towers) point","zvalue":"143.0","angle":"0.0"},"geometry":{"type":"Point","coordinates":[-61.53783675563013,45.40025932181974]}},{"type":"Feature","properties":{"feat_code":"UTTO60","feat_desc":"TOWER (all except transmission line towers) point","zvalue":"136.7","angle":"0.0"},"geometry":{"type":"Point","coordinates":[-63.24987861523021,45.40940312699537]}},{"type":"Feature","properties":{"feat_code":"UTTO60","feat_desc":"TOWER (all except transmission line towers) point","zvalue":"135.355","angle":"0.0"},"geometry":{"type":"Point","coordinates":[-63.250459559480504,45.409718420636736]}},{"type":"Feature","properties":{"feat_code":"UTTK60","feat_desc":"TANK (6-15m diameter) point","zvalue":"66.1","angle":"0.0"},"geometry":{"type":"Point","coordinates":[-63.42581800737954,45.409583031321034]}},{"type":"Feature","properties":{"feat_code":"UTTK60","feat_desc":"TANK (6-15m diameter) point","zvalue":"34.933","angle":"0.0"},"geometry":{"type":"Point","coordinates":[-63.422666230377814,45.41008680169422]}},{"type":"Feature","properties":{"feat_code":"UTTK60","feat_desc":"TANK (6-15m diameter) point","zvalue":"39.1","angle":"0.0"},"geometry":{"type":"Point","coordinates":[-63.423687622965765,45.41008512386775]}},{"type":"Feature","properties":{"feat_code":"UTTK60","feat_desc":"TANK (6-15m diameter) point","zvalue":"42.2","angle":"0.0"},"geometry":{"type":"Point","coordinates":[-63.42285703294437,45.41009450268592]}},{"type":"Feature","properties":{"feat_code":"UTTK60","feat_desc":"TANK (6-15m diameter) point","zvalue":"43.4","angle":"0.0"},"geometry":{"type":"Point","coordinates":[-63.42283053278141,45.410139607193535]}},{"type":"Feature","properties":{"feat_code":"UTTK60","feat_desc":"TANK (6-15m diameter) point","zvalue":"43.7","angle":"0.0"},"geometry":{"type":"Point","coordinates":[-63.4228166773115,45.41016666232637]}},{"type":"Feature","properties":{"feat_code":"UTTK60","feat_desc":"TANK (6-15m diameter) point","zvalue":"44.1","angle":"0.0"},"geometry":{"type":"Point","coordinates":[-63.42280288898589,45.410202718489764]}},{"type":"Feature","properties":{"feat_code":"UTTK60","feat_desc":"TANK (6-15m diameter) point","zvalue":"44.2","angle":"0.0"},"geometry":{"type":"Point","coordinates":[-63.42269996945483,45.41028231068126]}},{"type":"Feature","properties":{"feat_code":"UTTK60","feat_desc":"TANK (6-15m diameter) point","zvalue":"44.2","angle":"0.0"},"geometry":{"type":"Point","coordinates":[-63.42278949685999,45.41029188074158]}},{"type":"Feature","properties":{"feat_code":"UTTO60","feat_desc":"TOWER (all except transmission line towers) point","zvalue":"60.672","angle":"0.0"},"geometry":{"type":"Point","coordinates":[-63.76694520975383,45.408507004329635]}},{"type":"Feature","properties":{"feat_code":"UTTO60","feat_desc":"TOWER (all except transmission line towers) point","zvalue":"235.176","angle":"0.0"},"geometry":{"type":"Point","coordinates":[-62.81240040777913,45.41617571099656]}},{"type":"Feature","properties":{"feat_code":"UTTK60","feat_desc":"TANK (6-15m diameter) point","zvalue":"29.224","angle":"0.0"},"geometry":{"type":"Point","coordinates":[-63.71532757470143,45.417816391033746]}},{"type":"Feature","properties":{"feat_code":"UTTK60","feat_desc":"TANK (6-15m diameter) point","zvalue":"29.224","angle":"0.0"},"geometry":{"type":"Point","coordinates":[-63.715299553923515,45.417843363314056]}},{"type":"Feature","properties":{"feat_code":"UTTK60","feat_desc":"TANK (6-15m diameter) point","zvalue":"29.224","angle":"0.0"},"geometry":{"type":"Point","coordinates":[-63.71527685344991,45.41786756588232]}},{"type":"Feature","properties":{"feat_code":"UTTO60","feat_desc":"TOWER (all except transmission line towers) point","zvalue":"52.36","angle":"0.0"},"geometry":{"type":"Point","coordinates":[-63.5634917202492,45.41920001910578]}},{"type":"Feature","properties":{"feat_code":"UTTO60","feat_desc":"TOWER (all except transmission line towers) point","zvalue":"52.36","angle":"0.0"},"geometry":{"type":"Point","coordinates":[-63.56343335227022,45.41953848471579]}},{"type":"Feature","properties":{"feat_code":"UTTO60","feat_desc":"TOWER (all except transmission line towers) point","zvalue":"53.02","angle":"0.0"},"geometry":{"type":"Point","coordinates":[-63.5634692440631,45.41984444080208]}},{"type":"Feature","properties":{"feat_code":"UTTO60","feat_desc":"TOWER (all except transmission line towers) point","zvalue":"50.79","angle":"0.0"},"geometry":{"type":"Point","coordinates":[-63.55871282376035,45.42009121738344]}},{"type":"Feature","properties":{"feat_code":"UTTO60","feat_desc":"TOWER (all except transmission line towers) point","zvalue":"52.51","angle":"0.0"},"geometry":{"type":"Point","coordinates":[-63.563298506356105,45.42015537663157]}},{"type":"Feature","properties":{"feat_code":"UTTO60","feat_desc":"TOWER (all except transmission line towers) point","zvalue":"53.07","angle":"0.0"},"geometry":{"type":"Point","coordinates":[-63.563219083827484,45.42047189280269]}},{"type":"Feature","properties":{"feat_code":"UTTO60","feat_desc":"TOWER (all except transmission line towers) point","zvalue":"52.62","angle":"0.0"},"geometry":{"type":"Point","coordinates":[-63.55987104499921,45.42055028149864]}},{"type":"Feature","properties":{"feat_code":"UTTO60","feat_desc":"TOWER (all except transmission line towers) point","zvalue":"73.8","angle":"0.0"},"geometry":{"type":"Point","coordinates":[-63.44935379936523,45.4210505000967]}},{"type":"Feature","properties":{"feat_code":"UTTO60","feat_desc":"TOWER (all except transmission line towers) point","zvalue":"122.914","angle":"0.0"},"geometry":{"type":"Point","coordinates":[-63.54027082505952,45.42104115184083]}},{"type":"Feature","properties":{"feat_code":"UTTK60","feat_desc":"TANK (6-15m diameter) point","zvalue":"55.0","angle":"0.0"},"geometry":{"type":"Point","coordinates":[-63.44982799670913,45.4216931240922]}},{"type":"Feature","properties":{"feat_code":"UTTK60","feat_desc":"TANK (6-15m diameter) point","zvalue":"51.0","angle":"0.0"},"geometry":{"type":"Point","coordinates":[-63.55877884062281,45.421392117559776]}},{"type":"Feature","properties":{"feat_code":"UTTO60","feat_desc":"TOWER (all except transmission line towers) point","zvalue":"51.849","angle":"0.0"},"geometry":{"type":"Point","coordinates":[-63.56236276807032,45.42160322361828]}},{"type":"Feature","properties":{"feat_code":"UTTO60","feat_desc":"TOWER (all except transmission line towers) point","zvalue":"51.948","angle":"0.0"},"geometry":{"type":"Point","coordinates":[-63.560294178531244,45.42166484973829]}},{"type":"Feature","properties":{"feat_code":"UTTO60","feat_desc":"TOWER (all except transmission line towers) point","zvalue":"48.47","angle":"0.0"},"geometry":{"type":"Point","coordinates":[-63.553824093931716,45.42189340618264]}},{"type":"Feature","properties":{"feat_code":"UTTO60","feat_desc":"TOWER (all except transmission line towers) point","zvalue":"51.541","angle":"0.0"},"geometry":{"type":"Point","coordinates":[-63.55946155273292,45.422029161648496]}},{"type":"Feature","properties":{"feat_code":"UTTO60","feat_desc":"TOWER (all except transmission line towers) point","zvalue":"51.64","angle":"0.0"},"geometry":{"type":"Point","coordinates":[-63.55810918340024,45.422701205078916]}},{"type":"Feature","properties":{"feat_code":"UTTO60","feat_desc":"TOWER (all except transmission line towers) point","zvalue":"50.44","angle":"0.0"},"geometry":{"type":"Point","coordinates":[-63.554652739351184,45.42281867583121]}},{"type":"Feature","properties":{"feat_code":"UTTO60","feat_desc":"TOWER (all except transmission line towers) point","zvalue":"52.96","angle":"0.0"},"geometry":{"type":"Point","coordinates":[-63.559330265431306,45.42283016102331]}},{"type":"Feature","properties":{"feat_code":"UTTO60","feat_desc":"TOWER (all except transmission line towers) point","zvalue":"53.33","angle":"0.0"},"geometry":{"type":"Point","coordinates":[-63.56045035140335,45.4229698609541]}},{"type":"Feature","properties":{"feat_code":"UTTO60","feat_desc":"TOWER (all except transmission line towers) point","zvalue":"51.09","angle":"0.0"},"geometry":{"type":"Point","coordinates":[-63.554974790957054,45.423164650279226]}},{"type":"Feature","properties":{"feat_code":"UTTO60","feat_desc":"TOWER (all except transmission line towers) point","zvalue":"49.945","angle":"0.0"},"geometry":{"type":"Point","coordinates":[-63.56155768060343,45.423317865834306]}},{"type":"Feature","properties":{"feat_code":"UTTO60","feat_desc":"TOWER (all except transmission line towers) point","zvalue":"51.97","angle":"0.0"},"geometry":{"type":"Point","coordinates":[-63.55661797862256,45.42427209097712]}},{"type":"Feature","properties":{"feat_code":"UTTO60","feat_desc":"TOWER (all except transmission line towers) point","zvalue":"51.84","angle":"0.0"},"geometry":{"type":"Point","coordinates":[-63.556121773748046,45.424286659684334]}},{"type":"Feature","properties":{"feat_code":"UTTO60","feat_desc":"TOWER (all except transmission line towers) point","zvalue":"51.79","angle":"0.0"},"geometry":{"type":"Point","coordinates":[-63.55640371836212,45.42456891633268]}},{"type":"Feature","properties":{"feat_code":"UTTO60","feat_desc":"TOWER (all except transmission line towers) point","zvalue":"47.76","angle":"0.0"},"geometry":{"type":"Point","coordinates":[-63.56106440447559,45.42469557467957]}},{"type":"Feature","properties":{"feat_code":"UTTO60","feat_desc":"TOWER (all except transmission line towers) point","zvalue":"49.651","angle":"0.0"},"geometry":{"type":"Point","coordinates":[-63.55964937522088,45.424826346994884]}},{"type":"Feature","properties":{"feat_code":"UTTO60","feat_desc":"TOWER (all except transmission line towers) point","zvalue":"52.03","angle":"0.0"},"geometry":{"type":"Point","coordinates":[-63.55643479136029,45.4248953306913]}},{"type":"Feature","properties":{"feat_code":"UTTO60","feat_desc":"TOWER (all except transmission line towers) point","zvalue":"48.795","angle":"0.0"},"geometry":{"type":"Point","coordinates":[-63.5597737769685,45.42494149360353]}},{"type":"Feature","properties":{"feat_code":"UTTO60","feat_desc":"TOWER (all except transmission line towers) point","zvalue":"152.722","angle":"0.0"},"geometry":{"type":"Point","coordinates":[-64.48303079973292,45.41704334796786]}},{"type":"Feature","properties":{"feat_code":"UTTO60","feat_desc":"TOWER (all except transmission line towers) point","zvalue":"47.257","angle":"0.0"},"geometry":{"type":"Point","coordinates":[-63.56031701817404,45.42547516106593]}},{"type":"Feature","properties":{"feat_code":"UTTO60","feat_desc":"TOWER (all except transmission line towers) point","zvalue":"46.596","angle":"0.0"},"geometry":{"type":"Point","coordinates":[-63.56043341633153,45.42559374868102]}},{"type":"Feature","properties":{"feat_code":"UTTO60","feat_desc":"TOWER (all except transmission line towers) point","zvalue":"49.72","angle":"0.0"},"geometry":{"type":"Point","coordinates":[-63.559072517827865,45.42572514834351]}},{"type":"Feature","properties":{"feat_code":"UTTK60","feat_desc":"TANK (6-15m diameter) point","zvalue":"35.477","angle":"0.0"},"geometry":{"type":"Point","coordinates":[-64.36134424660892,45.419578091965846]}},{"type":"Feature","properties":{"feat_code":"UTTK60","feat_desc":"TANK (6-15m diameter) point","zvalue":"35.664","angle":"0.0"},"geometry":{"type":"Point","coordinates":[-64.361202885823,45.41959471910624]}},{"type":"Feature","properties":{"feat_code":"UTTK60","feat_desc":"TANK (6-15m diameter) point","zvalue":"35.866","angle":"0.0"},"geometry":{"type":"Point","coordinates":[-64.36108822059411,45.41961166700508]}},{"type":"Feature","properties":{"feat_code":"UTTK60","feat_desc":"TANK (6-15m diameter) point","zvalue":"35.787","angle":"0.0"},"geometry":{"type":"Point","coordinates":[-64.36097435118944,45.41962343856062]}},{"type":"Feature","properties":{"feat_code":"UTTO60","feat_desc":"TOWER (all except transmission line towers) point","zvalue":"45.496","angle":"0.0"},"geometry":{"type":"Point","coordinates":[-63.4284491958424,45.42844322336423]}},{"type":"Feature","properties":{"feat_code":"UTTO60","feat_desc":"TOWER (all except transmission line towers) point","zvalue":"51.054","angle":"0.0"},"geometry":{"type":"Point","coordinates":[-63.44052831844445,45.43077591053331]}},{"type":"Feature","properties":{"feat_code":"UTTK60","feat_desc":"TANK (6-15m diameter) point","zvalue":"47.518","angle":"0.0"},"geometry":{"type":"Point","coordinates":[-63.74218020871727,45.42959735724908]}},{"type":"Feature","properties":{"feat_code":"UTTO60","feat_desc":"TOWER (all except transmission line towers) point","zvalue":"243.5","angle":"0.0"},"geometry":{"type":"Point","coordinates":[-61.84874537968557,45.42877010957005]}},{"type":"Feature","properties":{"feat_code":"UTTO60","feat_desc":"TOWER (all except transmission line towers) point","zvalue":"173.735","angle":"0.0"},"geometry":{"type":"Point","coordinates":[-63.10457997184732,45.435861425335816]}},{"type":"Feature","properties":{"feat_code":"UTTO60","feat_desc":"TOWER (all except transmission line towers) point","zvalue":"160.9","angle":"0.0"},"geometry":{"type":"Point","coordinates":[-64.37768981589706,45.427714967563766]}},{"type":"Feature","properties":{"feat_code":"UTTO60","feat_desc":"TOWER (all except transmission line towers) point","zvalue":"179.85","angle":"0.0"},"geometry":{"type":"Point","coordinates":[-63.1054673905382,45.437686078062086]}},{"type":"Feature","properties":{"feat_code":"UTTO60","feat_desc":"TOWER (all except transmission line towers) point","zvalue":"91.077","angle":"0.0"},"geometry":{"type":"Point","coordinates":[-63.73647141481431,45.43630279700811]}},{"type":"Feature","properties":{"feat_code":"UTTO60","feat_desc":"TOWER (all except transmission line towers) point","zvalue":"182.8","angle":"0.0"},"geometry":{"type":"Point","coordinates":[-63.289832600779924,45.44981435355888]}},{"type":"Feature","properties":{"feat_code":"UTTO60","feat_desc":"TOWER (all except transmission line towers) point","zvalue":"181.636","angle":"0.0"},"geometry":{"type":"Point","coordinates":[-63.28980502970417,45.44982945554535]}},{"type":"Feature","properties":{"feat_code":"UTTK60","feat_desc":"TANK (6-15m diameter) point","zvalue":"203.189","angle":"0.0"},"geometry":{"type":"Point","coordinates":[-63.10480405389827,45.4533517044896]}},{"type":"Feature","properties":{"feat_code":"UTTK60","feat_desc":"TANK (6-15m diameter) point","zvalue":"199.099","angle":"0.0"},"geometry":{"type":"Point","coordinates":[-63.104765110614494,45.453379157898475]}},{"type":"Feature","properties":{"feat_code":"UTSS60","feat_desc":"SUBSTATION (transformer) point","zvalue":"129.837","angle":"0.0"},"geometry":{"type":"Point","coordinates":[-62.66779944232037,45.45449474962326]}},{"type":"Feature","properties":{"feat_code":"UTTO60","feat_desc":"TOWER (all except transmission line towers) point","zvalue":"186.738","angle":"0.0"},"geometry":{"type":"Point","coordinates":[-64.31487340606229,45.44845397101062]}},{"type":"Feature","properties":{"feat_code":"UTTO60","feat_desc":"TOWER (all except transmission line towers) point","zvalue":"4.9","angle":"0.0"},"geometry":{"type":"Point","coordinates":[-61.5350476441185,45.448380503627874]}},{"type":"Feature","properties":{"feat_code":"UTTO60","feat_desc":"TOWER (all except transmission line towers) point","zvalue":"27.5","angle":"0.0"},"geometry":{"type":"Point","coordinates":[-61.286572578409654,45.4462206545327]}},{"type":"Feature","properties":{"feat_code":"UTTO60","feat_desc":"TOWER (all except transmission line towers) point","zvalue":"239.448","angle":"0.0"},"geometry":{"type":"Point","coordinates":[-64.42305938917993,45.45044222306696]}},{"type":"Feature","properties":{"feat_code":"UTTO60","feat_desc":"TOWER (all except transmission line towers) point","zvalue":"267.0","angle":"0.0"},"geometry":{"type":"Point","coordinates":[-62.433418651160544,45.459629636060555]}},{"type":"Feature","properties":{"feat_code":"UTTO60","feat_desc":"TOWER (all except transmission line towers) point","zvalue":"21.345","angle":"0.0"},"geometry":{"type":"Point","coordinates":[-61.29208236960916,45.45259375208047]}},{"type":"Feature","properties":{"feat_code":"UTTO60","feat_desc":"TOWER (all except transmission line towers) point","zvalue":"237.338","angle":"0.0"},"geometry":{"type":"Point","coordinates":[-63.67966870498397,45.47762452249775]}},{"type":"Feature","properties":{"feat_code":"UTTO60","feat_desc":"TOWER (all except transmission line towers) point","zvalue":"241.0","angle":"0.0"},"geometry":{"type":"Point","coordinates":[-62.56303330595405,45.481802761816084]}},{"type":"Feature","properties":{"feat_code":"UTTO60","feat_desc":"TOWER (all except transmission line towers) point","zvalue":"113.806","angle":"0.0"},"geometry":{"type":"Point","coordinates":[-64.3324077576164,45.47971900816507]}},{"type":"Feature","properties":{"feat_code":"UTTO60","feat_desc":"TOWER (all except transmission line towers) point","zvalue":"237.756","angle":"0.0"},"geometry":{"type":"Point","coordinates":[-62.99264934799924,45.48867896705852]}},{"type":"Feature","properties":{"feat_code":"UTTO60","feat_desc":"TOWER (all except transmission line towers) point","zvalue":"239.7","angle":"0.0"},"geometry":{"type":"Point","coordinates":[-62.44338998430816,45.488630966245026]}},{"type":"Feature","properties":{"feat_code":"UTTO60","feat_desc":"TOWER (all except transmission line towers) point","zvalue":"214.823","angle":"0.0"},"geometry":{"type":"Point","coordinates":[-62.443370641437326,45.488648505260926]}},{"type":"Feature","properties":{"feat_code":"UTTO60","feat_desc":"TOWER (all except transmission line towers) point","zvalue":"315.76","angle":"0.0"},"geometry":{"type":"Point","coordinates":[-63.649073353436435,45.49585282922505]}},{"type":"Feature","properties":{"feat_code":"UTTK60","feat_desc":"TANK (6-15m diameter) point","zvalue":"32.0","angle":"0.0"},"geometry":{"type":"Point","coordinates":[-61.93783914411038,45.493910233592906]}},{"type":"Feature","properties":{"feat_code":"UTTK60","feat_desc":"TANK (6-15m diameter) point","zvalue":"32.9","angle":"0.0"},"geometry":{"type":"Point","coordinates":[-61.9374426437645,45.49396505325718]}},{"type":"Feature","properties":{"feat_code":"UTTK60","feat_desc":"TANK (6-15m diameter) point","zvalue":"32.9","angle":"0.0"},"geometry":{"type":"Point","coordinates":[-61.93731447929634,45.49397466227998]}},{"type":"Feature","properties":{"feat_code":"UTTK60","feat_desc":"TANK (6-15m diameter) point","zvalue":"32.9","angle":"0.0"},"geometry":{"type":"Point","coordinates":[-61.9371864840886,45.4939752715644]}},{"type":"Feature","properties":{"feat_code":"UTTK60","feat_desc":"TANK (6-15m diameter) point","zvalue":"32.0","angle":"0.0"},"geometry":{"type":"Point","coordinates":[-61.93785265523194,45.49400847198645]}},{"type":"Feature","properties":{"feat_code":"UTTK60","feat_desc":"TANK (6-15m diameter) point","zvalue":"32.9","angle":"0.0"},"geometry":{"type":"Point","coordinates":[-61.937443510386174,45.49405507301402]}},{"type":"Feature","properties":{"feat_code":"UTTK60","feat_desc":"TANK (6-15m diameter) point","zvalue":"32.9","angle":"0.0"},"geometry":{"type":"Point","coordinates":[-61.93731551499498,45.49405568244143]}},{"type":"Feature","properties":{"feat_code":"UTTK60","feat_desc":"TANK (6-15m diameter) point","zvalue":"32.9","angle":"0.0"},"geometry":{"type":"Point","coordinates":[-61.93718751960364,45.49405629172533]}},{"type":"Feature","properties":{"feat_code":"UTTK60","feat_desc":"TANK (6-15m diameter) point","zvalue":"32.0","angle":"0.0"},"geometry":{"type":"Point","coordinates":[-61.93787800441284,45.49408971823951]}},{"type":"Feature","properties":{"feat_code":"UTTK60","feat_desc":"TANK (6-15m diameter) point","zvalue":"32.0","angle":"0.0"},"geometry":{"type":"Point","coordinates":[-61.93791710801116,45.49418819460768]}},{"type":"Feature","properties":{"feat_code":"UTTK60","feat_desc":"TANK (6-15m diameter) point","zvalue":"32.9","angle":"0.0"},"geometry":{"type":"Point","coordinates":[-61.937328933685905,45.494226829505294]}},{"type":"Feature","properties":{"feat_code":"UTTK60","feat_desc":"TANK (6-15m diameter) point","zvalue":"32.6","angle":"0.0"},"geometry":{"type":"Point","coordinates":[-61.93745803982468,45.494235231564986]}},{"type":"Feature","properties":{"feat_code":"UTTK60","feat_desc":"TANK (6-15m diameter) point","zvalue":"32.9","angle":"0.0"},"geometry":{"type":"Point","coordinates":[-61.93720204822544,45.49423645030148]}},{"type":"Feature","properties":{"feat_code":"UTTK60","feat_desc":"TANK (6-15m diameter) point","zvalue":"32.4","angle":"0.0"},"geometry":{"type":"Point","coordinates":[-61.93732980012279,45.49431684925733]}},{"type":"Feature","properties":{"feat_code":"UTTK60","feat_desc":"TANK (6-15m diameter) point","zvalue":"32.4","angle":"0.0"},"geometry":{"type":"Point","coordinates":[-61.937457626845685,45.49432523941368]}},{"type":"Feature","properties":{"feat_code":"UTTK60","feat_desc":"TANK (6-15m diameter) point","zvalue":"32.6","angle":"0.0"},"geometry":{"type":"Point","coordinates":[-61.93720163483854,45.49432645814555]}},{"type":"Feature","properties":{"feat_code":"UTTO60","feat_desc":"TOWER (all except transmission line towers) point","zvalue":"250.92","angle":"0.0"},"geometry":{"type":"Point","coordinates":[-63.544655436702904,45.502358278948535]}},{"type":"Feature","properties":{"feat_code":"UTTO60","feat_desc":"TOWER (all except transmission line towers) point","zvalue":"278.8","angle":"0.0"},"geometry":{"type":"Point","coordinates":[-63.6810517996669,45.50935358597338]}},{"type":"Feature","properties":{"feat_code":"UTTO60","feat_desc":"TOWER (all except transmission line towers) point","zvalue":"276.895","angle":"0.0"},"geometry":{"type":"Point","coordinates":[-63.681617999722405,45.51068251099026]}},{"type":"Feature","properties":{"feat_code":"UTTO60","feat_desc":"TOWER (all except transmission line towers) point","zvalue":"232.298","angle":"0.0"},"geometry":{"type":"Point","coordinates":[-63.54461992004453,45.51550534300218]}},{"type":"Feature","properties":{"feat_code":"UTTO60","feat_desc":"TOWER (all except transmission line towers) point","zvalue":"140.477","angle":"0.0"},"geometry":{"type":"Point","coordinates":[-64.73861277500004,45.50420757712256]}},{"type":"Feature","properties":{"feat_code":"UTTO60","feat_desc":"TOWER (all except transmission line towers) point","zvalue":"7.96","angle":"0.0"},"geometry":{"type":"Point","coordinates":[-61.10115087671739,45.50593039079275]}},{"type":"Feature","properties":{"feat_code":"UTTK60","feat_desc":"TANK (6-15m diameter) point","zvalue":"14.848","angle":"0.0"},"geometry":{"type":"Point","coordinates":[-60.95737149632216,45.50429298580557]}},{"type":"Feature","properties":{"feat_code":"UTTO60","feat_desc":"TOWER (all except transmission line towers) point","zvalue":"58.971","angle":"0.0"},"geometry":{"type":"Point","coordinates":[-61.25119536777983,45.50970839258544]}},{"type":"Feature","properties":{"feat_code":"UTTO60","feat_desc":"TOWER (all except transmission line towers) point","zvalue":"304.603","angle":"0.0"},"geometry":{"type":"Point","coordinates":[-63.517992764992194,45.5227657506083]}},{"type":"Feature","properties":{"feat_code":"UTTO60","feat_desc":"TOWER (all except transmission line towers) point","zvalue":"60.654","angle":"0.0"},"geometry":{"type":"Point","coordinates":[-61.25279703750039,45.51318297417977]}},{"type":"Feature","properties":{"feat_code":"UTTO60","feat_desc":"TOWER (all except transmission line towers) point","zvalue":"60.555","angle":"0.0"},"geometry":{"type":"Point","coordinates":[-61.25297734805145,45.513285690934545]}},{"type":"Feature","properties":{"feat_code":"UTTO60","feat_desc":"TOWER (all except transmission line towers) point","zvalue":"4.565","angle":"0.0"},"geometry":{"type":"Point","coordinates":[-61.10355452991373,45.51163731292079]}},{"type":"Feature","properties":{"feat_code":"UTTO60","feat_desc":"TOWER (all except transmission line towers) point","zvalue":"294.9","angle":"0.0"},"geometry":{"type":"Point","coordinates":[-64.10878829054438,45.524769488013305]}},{"type":"Feature","properties":{"feat_code":"UTTO60","feat_desc":"TOWER (all except transmission line towers) point","zvalue":"140.1","angle":"0.0"},"geometry":{"type":"Point","coordinates":[-61.35013208204022,45.51915110785194]}},{"type":"Feature","properties":{"feat_code":"UTTO60","feat_desc":"TOWER (all except transmission line towers) point","zvalue":"142.6","angle":"0.0"},"geometry":{"type":"Point","coordinates":[-61.35037355727429,45.51916899807984]}},{"type":"Feature","properties":{"feat_code":"UTTO60","feat_desc":"TOWER (all except transmission line towers) point","zvalue":"11.9","angle":"0.0"},"geometry":{"type":"Point","coordinates":[-61.248168010081315,45.518188749193335]}},{"type":"Feature","properties":{"feat_code":"UTTO60","feat_desc":"TOWER (all except transmission line towers) point","zvalue":"30.15","angle":"0.0"},"geometry":{"type":"Point","coordinates":[-61.01374529986596,45.515062075703355]}},{"type":"Feature","properties":{"feat_code":"UTTK60","feat_desc":"TANK (6-15m diameter) point","zvalue":"59.9","angle":"0.0"},"geometry":{"type":"Point","coordinates":[-60.99753176829612,45.515058747413114]}},{"type":"Feature","properties":{"feat_code":"UTTO60","feat_desc":"TOWER (all except transmission line towers) point","zvalue":"2.4","angle":"0.0"},"geometry":{"type":"Point","coordinates":[-61.251961480656654,45.520059725609386]}},{"type":"Feature","properties":{"feat_code":"UTTO60","feat_desc":"TOWER (all except transmission line towers) point","zvalue":"232.5","angle":"0.0"},"geometry":{"type":"Point","coordinates":[-62.56945387168705,45.53305166206371]}},{"type":"Feature","properties":{"feat_code":"UTTO60","feat_desc":"TOWER (all except transmission line towers) point","zvalue":"168.057","angle":"0.0"},"geometry":{"type":"Point","coordinates":[-62.63597581259841,45.53393969201782]}},{"type":"Feature","properties":{"feat_code":"UTTO60","feat_desc":"TOWER (all except transmission line towers) point","zvalue":"223.704","angle":"0.0"},"geometry":{"type":"Point","coordinates":[-62.55449576370562,45.5361880067278]}},{"type":"Feature","properties":{"feat_code":"UTTO60","feat_desc":"TOWER (all except transmission line towers) point","zvalue":"282.703","angle":"0.0"},"geometry":{"type":"Point","coordinates":[-64.16809757081623,45.53205179665095]}},{"type":"Feature","properties":{"feat_code":"UTTO60","feat_desc":"TOWER (all except transmission line towers) point","zvalue":"232.5","angle":"0.0"},"geometry":{"type":"Point","coordinates":[-62.56253764923959,45.53838012964012]}},{"type":"Feature","properties":{"feat_code":"UTTO60","feat_desc":"TOWER (all except transmission line towers) point","zvalue":"232.2","angle":"0.0"},"geometry":{"type":"Point","coordinates":[-62.562564197151374,45.53842523670199]}},{"type":"Feature","properties":{"feat_code":"UTTO60","feat_desc":"TOWER (all except transmission line towers) point","zvalue":"232.457","angle":"0.0"},"geometry":{"type":"Point","coordinates":[-62.5625828794247,45.538435821502446]}},{"type":"Feature","properties":{"feat_code":"UTTO60","feat_desc":"TOWER (all except transmission line towers) point","zvalue":"300.8","angle":"0.0"},"geometry":{"type":"Point","coordinates":[-62.94367135675876,45.539480219315166]}},{"type":"Feature","properties":{"feat_code":"UTTO60","feat_desc":"TOWER (all except transmission line towers) point","zvalue":"300.6","angle":"0.0"},"geometry":{"type":"Point","coordinates":[-62.94410808369104,45.539529039625016]}},{"type":"Feature","properties":{"feat_code":"UTTO60","feat_desc":"TOWER (all except transmission line towers) point","zvalue":"299.165","angle":"0.0"},"geometry":{"type":"Point","coordinates":[-62.94439961087007,45.541593478640685]}},{"type":"Feature","properties":{"feat_code":"UTTO60","feat_desc":"TOWER (all except transmission line towers) point","zvalue":"289.7","angle":"0.0"},"geometry":{"type":"Point","coordinates":[-62.26048171638023,45.545515439763605]}},{"type":"Feature","properties":{"feat_code":"UTTO60","feat_desc":"TOWER (all except transmission line towers) point","zvalue":"289.7","angle":"0.0"},"geometry":{"type":"Point","coordinates":[-62.26048171638023,45.545515439763605]}},{"type":"Feature","properties":{"feat_code":"UTTO60","feat_desc":"TOWER (all except transmission line towers) point","zvalue":"284.3","angle":"0.0"},"geometry":{"type":"Point","coordinates":[-64.09375692759353,45.542848237946096]}},{"type":"Feature","properties":{"feat_code":"UTTO60","feat_desc":"TOWER (all except transmission line towers) point","zvalue":"186.689","angle":"0.0"},"geometry":{"type":"Point","coordinates":[-63.550025351162624,45.5491771985778]}},{"type":"Feature","properties":{"feat_code":"UTTO60","feat_desc":"TOWER (all except transmission line towers) point","zvalue":"8.9","angle":"0.0"},"geometry":{"type":"Point","coordinates":[-61.3159389473914,45.5393474527124]}},{"type":"Feature","properties":{"feat_code":"UTTO60","feat_desc":"TOWER (all except transmission line towers) point","zvalue":"10.0","angle":"0.0"},"geometry":{"type":"Point","coordinates":[-61.31477415244565,45.539363574401186]}},{"type":"Feature","properties":{"feat_code":"UTTO60","feat_desc":"TOWER (all except transmission line towers) point","zvalue":"336.574","angle":"0.0"},"geometry":{"type":"Point","coordinates":[-63.567598577987326,45.55046286783743]}},{"type":"Feature","properties":{"feat_code":"UTTO60","feat_desc":"TOWER (all except transmission line towers) point","zvalue":"357.268","angle":"0.0"},"geometry":{"type":"Point","coordinates":[-63.22344058795207,45.55300958631235]}},{"type":"Feature","properties":{"feat_code":"UTTO60","feat_desc":"TOWER (all except transmission line towers) point","zvalue":"9.0","angle":"0.0"},"geometry":{"type":"Point","coordinates":[-61.31877718666491,45.540899662628966]}},{"type":"Feature","properties":{"feat_code":"UTTO60","feat_desc":"TOWER (all except transmission line towers) point","zvalue":"357.0","angle":"0.0"},"geometry":{"type":"Point","coordinates":[-63.223633396583516,45.553521188892155]}},{"type":"Feature","properties":{"feat_code":"UTTO60","feat_desc":"TOWER (all except transmission line towers) point","zvalue":"354.2","angle":"0.0"},"geometry":{"type":"Point","coordinates":[-63.22527298226077,45.554079632999496]}},{"type":"Feature","properties":{"feat_code":"UTTO60","feat_desc":"TOWER (all except transmission line towers) point","zvalue":"299.5","angle":"0.0"},"geometry":{"type":"Point","coordinates":[-62.269512574802306,45.55225774424239]}},{"type":"Feature","properties":{"feat_code":"UTTO60","feat_desc":"TOWER (all except transmission line towers) point","zvalue":"376.355","angle":"0.0"},"geometry":{"type":"Point","coordinates":[-63.22520100308905,45.55454438216815]}},{"type":"Feature","properties":{"feat_code":"UTTO60","feat_desc":"TOWER (all except transmission line towers) point","zvalue":"356.0","angle":"0.0"},"geometry":{"type":"Point","coordinates":[-63.224455021529394,45.554583501743366]}},{"type":"Feature","properties":{"feat_code":"UTTO60","feat_desc":"TOWER (all except transmission line towers) point","zvalue":"353.833","angle":"0.0"},"geometry":{"type":"Point","coordinates":[-63.224285698853365,45.55460331258553]}},{"type":"Feature","properties":{"feat_code":"UTTO60","feat_desc":"TOWER (all except transmission line towers) point","zvalue":"356.6","angle":"0.0"},"geometry":{"type":"Point","coordinates":[-63.223730966407125,45.55486305456541]}},{"type":"Feature","properties":{"feat_code":"UTTO60","feat_desc":"TOWER (all except transmission line towers) point","zvalue":"3.6","angle":"0.0"},"geometry":{"type":"Point","coordinates":[-61.20032249278252,45.542027835239125]}},{"type":"Feature","properties":{"feat_code":"UTTO60","feat_desc":"TOWER (all except transmission line towers) point","zvalue":"12.86","angle":"0.0"},"geometry":{"type":"Point","coordinates":[-61.19646795570372,45.54209428294862]}},{"type":"Feature","properties":{"feat_code":"UTSS60","feat_desc":"SUBSTATION (transformer) point","zvalue":"258.935","angle":"0.0"},"geometry":{"type":"Point","coordinates":[-63.20368235948576,45.560617466655884]}},{"type":"Feature","properties":{"feat_code":"UTSS60","feat_desc":"SUBSTATION (transformer) point","zvalue":"52.8","angle":"0.0"},"geometry":{"type":"Point","coordinates":[-62.584685288614004,45.56294918265187]}},{"type":"Feature","properties":{"feat_code":"UTTO60","feat_desc":"TOWER (all except transmission line towers) point","zvalue":"338.396","angle":"0.0"},"geometry":{"type":"Point","coordinates":[-62.9630338279656,45.566559113280945]}},{"type":"Feature","properties":{"feat_code":"UTSP60","feat_desc":"SEWAGE SETTLING POND  (6-15m diameter) point","zvalue":"38.8","angle":"0.0"},"geometry":{"type":"Point","coordinates":[-62.694800826645746,45.56755943788336]}},{"type":"Feature","properties":{"feat_code":"UTTO60","feat_desc":"TOWER (all except transmission line towers) point","zvalue":"300.065","angle":"0.0"},"geometry":{"type":"Point","coordinates":[-63.52319192224812,45.56764601227737]}},{"type":"Feature","properties":{"feat_code":"UTTO60","feat_desc":"TOWER (all except transmission line towers) point","zvalue":"36.654","angle":"0.0"},"geometry":{"type":"Point","coordinates":[-61.07280243210744,45.56196379461607]}},{"type":"Feature","properties":{"feat_code":"UTTO60","feat_desc":"TOWER (all except transmission line towers) point","zvalue":"175.5","angle":"0.0"},"geometry":{"type":"Point","coordinates":[-61.674792124092356,45.57169501984954]}},{"type":"Feature","properties":{"feat_code":"UTTK60","feat_desc":"TANK (6-15m diameter) point","zvalue":"21.0","angle":"0.0"},"geometry":{"type":"Point","coordinates":[-62.6497767602229,45.579881389816194]}},{"type":"Feature","properties":{"feat_code":"UTTK60","feat_desc":"TANK (6-15m diameter) point","zvalue":"21.0","angle":"0.0"},"geometry":{"type":"Point","coordinates":[-62.64970106920079,45.57989195895434]}},{"type":"Feature","properties":{"feat_code":"UTTK60","feat_desc":"TANK (6-15m diameter) point","zvalue":"15.3","angle":"0.0"},"geometry":{"type":"Point","coordinates":[-62.64958564916638,45.579901506081306]}},{"type":"Feature","properties":{"feat_code":"UTTK60","feat_desc":"TANK (6-15m diameter) point","zvalue":"21.0","angle":"0.0"},"geometry":{"type":"Point","coordinates":[-62.64971489431822,45.57993610630783]}},{"type":"Feature","properties":{"feat_code":"UTTK60","feat_desc":"TANK (6-15m diameter) point","zvalue":"15.3","angle":"0.0"},"geometry":{"type":"Point","coordinates":[-62.64958670696896,45.5799375133754]}},{"type":"Feature","properties":{"feat_code":"UTTK60","feat_desc":"TANK (6-15m diameter) point","zvalue":"21.0","angle":"0.0"},"geometry":{"type":"Point","coordinates":[-62.64979280758414,45.57998045014812]}},{"type":"Feature","properties":{"feat_code":"UTTK60","feat_desc":"TANK (6-15m diameter) point","zvalue":"21.0","angle":"0.0"},"geometry":{"type":"Point","coordinates":[-62.6497158402659,45.579990115281994]}},{"type":"Feature","properties":{"feat_code":"UTTK60","feat_desc":"TANK (6-15m diameter) point","zvalue":"15.3","angle":"0.0"},"geometry":{"type":"Point","coordinates":[-62.64958765279374,45.579991522350234]}},{"type":"Feature","properties":{"feat_code":"UTTO60","feat_desc":"TOWER (all except transmission line towers) point","zvalue":"23.39","angle":"-1.1"},"geometry":{"type":"Point","coordinates":[-60.928781839799306,45.56198371942567]}},{"type":"Feature","properties":{"feat_code":"UTTO60","feat_desc":"TOWER (all except transmission line towers) point","zvalue":"17.3","angle":"0.0"},"geometry":{"type":"Point","coordinates":[-61.35670295920349,45.57124447268781]}},{"type":"Feature","properties":{"feat_code":"UTTO60","feat_desc":"TOWER (all except transmission line towers) point","zvalue":"20.1","angle":"0.0"},"geometry":{"type":"Point","coordinates":[-61.35741170462447,45.571594909828214]}},{"type":"Feature","properties":{"feat_code":"UTTO60","feat_desc":"TOWER (all except transmission line towers) point","zvalue":"17.9","angle":"0.0"},"geometry":{"type":"Point","coordinates":[-61.35729839720827,45.57170129319353]}},{"type":"Feature","properties":{"feat_code":"UTTO60","feat_desc":"TOWER (all except transmission line towers) point","zvalue":"10.49","angle":"0.0"},"geometry":{"type":"Point","coordinates":[-62.64701661761309,45.584248338978526]}},{"type":"Feature","properties":{"feat_code":"UTTO60","feat_desc":"TOWER (all except transmission line towers) point","zvalue":"79.1","angle":"0.0"},"geometry":{"type":"Point","coordinates":[-62.66356699740329,45.58489859251554]}},{"type":"Feature","properties":{"feat_code":"UTTO60","feat_desc":"TOWER (all except transmission line towers) point","zvalue":"99.878","angle":"0.0"},"geometry":{"type":"Point","coordinates":[-62.67545217079229,45.58621164106724]}},{"type":"Feature","properties":{"feat_code":"UTTK60","feat_desc":"TANK (6-15m diameter) point","zvalue":"43.1","angle":"0.0"},"geometry":{"type":"Point","coordinates":[-61.33386261076684,45.575611208237895]}},{"type":"Feature","properties":{"feat_code":"UTTK60","feat_desc":"TANK (6-15m diameter) point","zvalue":"42.8","angle":"0.0"},"geometry":{"type":"Point","coordinates":[-61.3338492174559,45.57567402045194]}},{"type":"Feature","properties":{"feat_code":"UTTK60","feat_desc":"TANK (6-15m diameter) point","zvalue":"33.8","angle":"90.0"},"geometry":{"type":"Point","coordinates":[-61.3362935469121,45.57619032188048]}},{"type":"Feature","properties":{"feat_code":"UTTK60","feat_desc":"TANK (6-15m diameter) point","zvalue":"42.7","angle":"0.0"},"geometry":{"type":"Point","coordinates":[-61.333238909266036,45.57819352882804]}},{"type":"Feature","properties":{"feat_code":"UTTK60","feat_desc":"TANK (6-15m diameter) point","zvalue":"33.3","angle":"39.77"},"geometry":{"type":"Point","coordinates":[-61.333299547636614,45.578483339565075]}},{"type":"Feature","properties":{"feat_code":"UTTK60","feat_desc":"TANK (6-15m diameter) point","zvalue":"34.1","angle":"90.0"},"geometry":{"type":"Point","coordinates":[-61.333535337148504,45.578917941269765]}},{"type":"Feature","properties":{"feat_code":"UTTK60","feat_desc":"TANK (6-15m diameter) point","zvalue":"34.7","angle":"90.0"},"geometry":{"type":"Point","coordinates":[-61.33348740581333,45.579195366292865]}},{"type":"Feature","properties":{"feat_code":"UTTK60","feat_desc":"TANK (6-15m diameter) point","zvalue":"33.5","angle":"90.18"},"geometry":{"type":"Point","coordinates":[-61.33695533698847,45.58047276577762]}},{"type":"Feature","properties":{"feat_code":"UTTO60","feat_desc":"TOWER (all except transmission line towers) point","zvalue":"272.514","angle":"0.0"},"geometry":{"type":"Point","coordinates":[-62.144762553809215,45.589696026434055]}},{"type":"Feature","properties":{"feat_code":"UTTO60","feat_desc":"TOWER (all except transmission line towers) point","zvalue":"230.539","angle":"0.0"},"geometry":{"type":"Point","coordinates":[-62.349143410188155,45.59122556377019]}},{"type":"Feature","properties":{"feat_code":"UTTO60","feat_desc":"TOWER (all except transmission line towers) point","zvalue":"273.242","angle":"0.0"},"geometry":{"type":"Point","coordinates":[-62.14275973078278,45.58990502202347]}},{"type":"Feature","properties":{"feat_code":"UTTO60","feat_desc":"TOWER (all except transmission line towers) point","zvalue":"245.119","angle":"0.0"},"geometry":{"type":"Point","coordinates":[-62.35428965158709,45.593674912869396]}},{"type":"Feature","properties":{"feat_code":"UTTK60","feat_desc":"TANK (6-15m diameter) point","zvalue":"38.1","angle":"0.18"},"geometry":{"type":"Point","coordinates":[-61.335552444504955,45.583832233079]}},{"type":"Feature","properties":{"feat_code":"UTSP60","feat_desc":"SEWAGE SETTLING POND  (6-15m diameter) point","zvalue":"6.1","angle":"0.0"},"geometry":{"type":"Point","coordinates":[-61.80537154140962,45.58997546203111]}},{"type":"Feature","properties":{"feat_code":"UTTO60","feat_desc":"TOWER (all except transmission line towers) point","zvalue":"43.9","angle":"0.0"},"geometry":{"type":"Point","coordinates":[-61.891533050167524,45.5911690396563]}},{"type":"Feature","properties":{"feat_code":"UTTO60","feat_desc":"TOWER (all except transmission line towers) point","zvalue":"48.6","angle":"0.0"},"geometry":{"type":"Point","coordinates":[-61.88894016722003,45.59119875442063]}},{"type":"Feature","properties":{"feat_code":"UTTK60","feat_desc":"TANK (6-15m diameter) point","zvalue":"36.5","angle":"0.0"},"geometry":{"type":"Point","coordinates":[-61.34610710485004,45.58650767002022]}},{"type":"Feature","properties":{"feat_code":"UTTO60","feat_desc":"TOWER (all except transmission line towers) point","zvalue":"142.0","angle":"0.0"},"geometry":{"type":"Point","coordinates":[-62.609433676750676,45.599132432331814]}},{"type":"Feature","properties":{"feat_code":"UTTO60","feat_desc":"TOWER (all except transmission line towers) point","zvalue":"141.6","angle":"0.0"},"geometry":{"type":"Point","coordinates":[-62.60957557565585,45.59919412406258]}},{"type":"Feature","properties":{"feat_code":"UTTO60","feat_desc":"TOWER (all except transmission line towers) point","zvalue":"143.3","angle":"0.0"},"geometry":{"type":"Point","coordinates":[-62.60505016591975,45.599805036565606]}},{"type":"Feature","properties":{"feat_code":"UTTO60","feat_desc":"TOWER (all except transmission line towers) point","zvalue":"142.4","angle":"0.0"},"geometry":{"type":"Point","coordinates":[-62.60516719466206,45.59993865563391]}},{"type":"Feature","properties":{"feat_code":"UTTK60","feat_desc":"TANK (6-15m diameter) point","zvalue":"38.6","angle":"0.0"},"geometry":{"type":"Point","coordinates":[-62.632527833108234,45.602073166010605]}},{"type":"Feature","properties":{"feat_code":"UTTO60","feat_desc":"TOWER (all except transmission line towers) point","zvalue":"236.085","angle":"0.0"},"geometry":{"type":"Point","coordinates":[-63.19478816936297,45.60261001423815]}},{"type":"Feature","properties":{"feat_code":"UTTK60","feat_desc":"TANK (6-15m diameter) point","zvalue":"37.8","angle":"0.0"},"geometry":{"type":"Point","coordinates":[-61.33696771746342,45.59164237597446]}},{"type":"Feature","properties":{"feat_code":"UTTO60","feat_desc":"TOWER (all except transmission line towers) point","zvalue":"266.95","angle":"0.0"},"geometry":{"type":"Point","coordinates":[-63.39946463368506,45.60413242770104]}},{"type":"Feature","properties":{"feat_code":"UTTO60","feat_desc":"TOWER (all except transmission line towers) point","zvalue":"126.1","angle":"0.0"},"geometry":{"type":"Point","coordinates":[-61.68940239500623,45.59741847243102]}},{"type":"Feature","properties":{"feat_code":"UTTK60","feat_desc":"TANK (6-15m diameter) point","zvalue":"41.3","angle":"260.46"},"geometry":{"type":"Point","coordinates":[-61.35834107296286,45.59585896443181]}},{"type":"Feature","properties":{"feat_code":"UTTK60","feat_desc":"TANK (6-15m diameter) point","zvalue":"30.0","angle":"90.18"},"geometry":{"type":"Point","coordinates":[-61.357885175277474,45.597422194225665]}},{"type":"Feature","properties":{"feat_code":"UTTK60","feat_desc":"TANK (6-15m diameter) point","zvalue":"30.0","angle":"90.18"},"geometry":{"type":"Point","coordinates":[-61.35784874579784,45.59748467780052]}},{"type":"Feature","properties":{"feat_code":"UTTK60","feat_desc":"TANK (6-15m diameter) point","zvalue":"31.5","angle":"167.65"},"geometry":{"type":"Point","coordinates":[-61.35808985020063,45.59752685781622]}},{"type":"Feature","properties":{"feat_code":"UTTK60","feat_desc":"TANK (6-15m diameter) point","zvalue":"29.4","angle":"358.11"},"geometry":{"type":"Point","coordinates":[-61.3581002651787,45.597741223608345]}},{"type":"Feature","properties":{"feat_code":"UTTO60","feat_desc":"TOWER (all except transmission line towers) point","zvalue":"158.3","angle":"0.0"},"geometry":{"type":"Point","coordinates":[-61.41066117275959,45.59870708352485]}},{"type":"Feature","properties":{"feat_code":"UTTO60","feat_desc":"TOWER (all except transmission line towers) point","zvalue":"159.2","angle":"0.0"},"geometry":{"type":"Point","coordinates":[-61.41081943137412,45.59877859378797]}},{"type":"Feature","properties":{"feat_code":"UTTO60","feat_desc":"TOWER (all except transmission line towers) point","zvalue":"159.2","angle":"0.0"},"geometry":{"type":"Point","coordinates":[-61.410832028843984,45.59892278582219]}},{"type":"Feature","properties":{"feat_code":"UTTO60","feat_desc":"TOWER (all except transmission line towers) point","zvalue":"49.7","angle":"0.0"},"geometry":{"type":"Point","coordinates":[-62.01426958744544,45.60757425517088]}},{"type":"Feature","properties":{"feat_code":"UTTO60","feat_desc":"TOWER (all except transmission line towers) point","zvalue":"41.6","angle":"0.0"},"geometry":{"type":"Point","coordinates":[-62.01278865120751,45.610702811239506]}},{"type":"Feature","properties":{"feat_code":"UTTK60","feat_desc":"TANK (6-15m diameter) point","zvalue":"43.7","angle":"0.0"},"geometry":{"type":"Point","coordinates":[-62.737367026333935,45.616265185714106]}},{"type":"Feature","properties":{"feat_code":"UTTK60","feat_desc":"TANK (6-15m diameter) point","zvalue":"43.7","angle":"0.0"},"geometry":{"type":"Point","coordinates":[-62.73750799468855,45.616290712375694]}},{"type":"Feature","properties":{"feat_code":"UTTK60","feat_desc":"TANK (6-15m diameter) point","zvalue":"43.7","angle":"0.0"},"geometry":{"type":"Point","coordinates":[-62.737343435291955,45.61637314291885]}},{"type":"Feature","properties":{"feat_code":"UTTK60","feat_desc":"TANK (6-15m diameter) point","zvalue":"43.7","angle":"0.0"},"geometry":{"type":"Point","coordinates":[-62.73748572850691,45.61638967170012]}},{"type":"Feature","properties":{"feat_code":"UTTK60","feat_desc":"TANK (6-15m diameter) point","zvalue":"43.9","angle":"0.0"},"geometry":{"type":"Point","coordinates":[-62.73731992820863,45.61646309840328]}},{"type":"Feature","properties":{"feat_code":"UTTK60","feat_desc":"TANK (6-15m diameter) point","zvalue":"43.9","angle":"0.0"},"geometry":{"type":"Point","coordinates":[-62.73744811299622,45.61647959478991]}},{"type":"Feature","properties":{"feat_code":"UTTK60","feat_desc":"TANK (6-15m diameter) point","zvalue":"19.1","angle":"42.99"},"geometry":{"type":"Point","coordinates":[-61.36613769175074,45.60606814404344]}},{"type":"Feature","properties":{"feat_code":"UTTO60","feat_desc":"TOWER (all except transmission line towers) point","zvalue":"12.6","angle":"0.0"},"geometry":{"type":"Point","coordinates":[-60.142562182895546,47.20022707843198]}},{"type":"Feature","properties":{"feat_code":"UTTO60","feat_desc":"TOWER (all except transmission line towers) point","zvalue":"23.838","angle":"0.0"},"geometry":{"type":"Point","coordinates":[-60.14274118993299,47.200524941491366]}},{"type":"Feature","properties":{"feat_code":"UTTO60","feat_desc":"TOWER (all except transmission line towers) point","zvalue":"160.889","angle":"0.0"},"geometry":{"type":"Point","coordinates":[-63.95039987180382,45.61480391655414]}},{"type":"Feature","properties":{"feat_code":"UTTK60","feat_desc":"TANK (6-15m diameter) point","zvalue":"31.839","angle":"0.0"},"geometry":{"type":"Point","coordinates":[-64.29602599665012,45.56098298539671]}},{"type":"Feature","properties":{"feat_code":"UTTK60","feat_desc":"TANK (6-15m diameter) point","zvalue":"35.2","angle":"0.0"},"geometry":{"type":"Point","coordinates":[-64.29577120804831,45.56102298767899]}},{"type":"Feature","properties":{"feat_code":"UTTO60","feat_desc":"TOWER (all except transmission line towers) point","zvalue":"189.582","angle":"1.0"},"geometry":{"type":"Point","coordinates":[-64.05145038513207,45.63948921632608]}},{"type":"Feature","properties":{"feat_code":"UTSP60","feat_desc":"SEWAGE SETTLING POND  (6-15m diameter) point","zvalue":"117.484","angle":"5.0"},"geometry":{"type":"Point","coordinates":[-64.08617848468153,45.6428941255782]}},{"type":"Feature","properties":{"feat_code":"UTSP60","feat_desc":"SEWAGE SETTLING POND  (6-15m diameter) point","zvalue":"117.484","angle":"5.0"},"geometry":{"type":"Point","coordinates":[-64.08670934181454,45.64384378858852]}},{"type":"Feature","properties":{"feat_code":"UTTO60","feat_desc":"TOWER (all except transmission line towers) point","zvalue":"197.529","angle":"15.0"},"geometry":{"type":"Point","coordinates":[-64.05000545536086,45.64819205938527]}},{"type":"Feature","properties":{"feat_code":"UTTO60","feat_desc":"TOWER (all except transmission line towers) point","zvalue":"197.529","angle":"15.0"},"geometry":{"type":"Point","coordinates":[-64.04945760610828,45.648379560749994]}},{"type":"Feature","properties":{"feat_code":"UTTK60","feat_desc":"TANK (6-15m diameter) point","zvalue":"135.884","angle":"0.0"},"geometry":{"type":"Point","coordinates":[-64.06386521186941,45.653253550378054]}},{"type":"Feature","properties":{"feat_code":"UTTO60","feat_desc":"TOWER (all except transmission line towers) point","zvalue":"166.69","angle":"0.0"},"geometry":{"type":"Point","coordinates":[-63.980673038267774,45.67469710894345]}},{"type":"Feature","properties":{"feat_code":"UTTO60","feat_desc":"TOWER (all except transmission line towers) point","zvalue":"174.36","angle":"0.0"},"geometry":{"type":"Point","coordinates":[-63.97961940801836,45.675542151518265]}},{"type":"Feature","properties":{"feat_code":"UTTO60","feat_desc":"TOWER (all except transmission line towers) point","zvalue":"147.3","angle":"0.0"},"geometry":{"type":"Point","coordinates":[-63.97428383587654,45.67973794470084]}},{"type":"Feature","properties":{"feat_code":"UTTO60","feat_desc":"TOWER (all except transmission line towers) point","zvalue":"195.859","angle":"0.0"},"geometry":{"type":"Point","coordinates":[-64.04894821259171,45.64841979314054]}},{"type":"Feature","properties":{"feat_code":"UTTO60","feat_desc":"TOWER (all except transmission line towers) point","zvalue":"196.109","angle":"0.0"},"geometry":{"type":"Point","coordinates":[-64.04936877792206,45.64810015074265]}},{"type":"Feature","properties":{"feat_code":"UTTK60","feat_desc":"TANK (6-15m diameter) point","zvalue":"36.612","angle":"0.0"},"geometry":{"type":"Point","coordinates":[-63.904841775925284,45.66946353725068]}},{"type":"Feature","properties":{"feat_code":"UTTK60","feat_desc":"TANK (6-15m diameter) point","zvalue":"36.545","angle":"0.0"},"geometry":{"type":"Point","coordinates":[-63.9048000211245,45.66946723430473]}},{"type":"Feature","properties":{"feat_code":"UTTK60","feat_desc":"TANK (6-15m diameter) point","zvalue":"36.342","angle":"0.0"},"geometry":{"type":"Point","coordinates":[-63.904767323845924,45.66914465827252]}},{"type":"Feature","properties":{"feat_code":"UTTK60","feat_desc":"TANK (6-15m diameter) point","zvalue":"36.388","angle":"0.0"},"geometry":{"type":"Point","coordinates":[-63.90472556999408,45.66914999345453]}},{"type":"Feature","properties":{"feat_code":"UTTO60","feat_desc":"TOWER (all except transmission line towers) point","zvalue":"130.781","angle":"0.0"},"geometry":{"type":"Point","coordinates":[-63.57151235090951,45.613792995171714]}},{"type":"Feature","properties":{"feat_code":"UTTO60","feat_desc":"TOWER (all except transmission line towers) point","zvalue":"260.775","angle":"0.0"},"geometry":{"type":"Point","coordinates":[-63.72191289262317,45.581651208583416]}},{"type":"Feature","properties":{"feat_code":"UTTO60","feat_desc":"TOWER (all except transmission line towers) point","zvalue":"269.95","angle":"0.0"},"geometry":{"type":"Point","coordinates":[-63.731101183532836,45.582382377127]}},{"type":"Feature","properties":{"feat_code":"UTTO60","feat_desc":"TOWER (all except transmission line towers) point","zvalue":"298.272","angle":"0.0"},"geometry":{"type":"Point","coordinates":[-63.741433220599006,45.58629659976507]}},{"type":"Feature","properties":{"feat_code":"UTTO60","feat_desc":"TOWER (all except transmission line towers) point","zvalue":"259.473","angle":"0.0"},"geometry":{"type":"Point","coordinates":[-63.63308137855909,45.60383655588742]}},{"type":"Feature","properties":{"feat_code":"UTTO60","feat_desc":"TOWER (all except transmission line towers) point","zvalue":"282.718","angle":"0.0"},"geometry":{"type":"Point","coordinates":[-63.546498371017606,45.60460867280491]}},{"type":"Feature","properties":{"feat_code":"UTTO60","feat_desc":"TOWER (all except transmission line towers) point","zvalue":"124.05","angle":"0.0"},"geometry":{"type":"Point","coordinates":[-63.51836075215505,45.64501475279864]}},{"type":"Feature","properties":{"feat_code":"UTTO60","feat_desc":"TOWER (all except transmission line towers) point","zvalue":"98.63","angle":"0.0"},"geometry":{"type":"Point","coordinates":[-63.58885916991099,45.64517257859636]}},{"type":"Feature","properties":{"feat_code":"UTTO60","feat_desc":"TOWER (all except transmission line towers) point","zvalue":"108.346","angle":"350.0"},"geometry":{"type":"Point","coordinates":[-63.80604341312055,45.71932228361743]}},{"type":"Feature","properties":{"feat_code":"UTTO60","feat_desc":"TOWER (all except transmission line towers) point","zvalue":"107.776","angle":"0.0"},"geometry":{"type":"Point","coordinates":[-63.79807688693244,45.720827000950734]}},{"type":"Feature","properties":{"feat_code":"UTTO60","feat_desc":"TOWER (all except transmission line towers) point","zvalue":"30.399","angle":"0.0"},"geometry":{"type":"Point","coordinates":[-63.89695843167596,45.72598470442017]}},{"type":"Feature","properties":{"feat_code":"UTTO60","feat_desc":"TOWER (all except transmission line towers) point","zvalue":"24.171","angle":"1.0"},"geometry":{"type":"Point","coordinates":[-63.889509873054244,45.734652312670555]}},{"type":"Feature","properties":{"feat_code":"UTTK60","feat_desc":"TANK (6-15m diameter) point","zvalue":"73.453","angle":"0.0"},"geometry":{"type":"Point","coordinates":[-63.66642214575781,45.638088260394596]}},{"type":"Feature","properties":{"feat_code":"UTTK60","feat_desc":"TANK (6-15m diameter) point","zvalue":"73.482","angle":"0.0"},"geometry":{"type":"Point","coordinates":[-63.66639513814873,45.638167437104904]}},{"type":"Feature","properties":{"feat_code":"UTTK60","feat_desc":"TANK (6-15m diameter) point","zvalue":"73.482","angle":"0.0"},"geometry":{"type":"Point","coordinates":[-63.66635513609705,45.6382415050699]}},{"type":"Feature","properties":{"feat_code":"UTTK60","feat_desc":"TANK (6-15m diameter) point","zvalue":"73.482","angle":"0.0"},"geometry":{"type":"Point","coordinates":[-63.66633547005744,45.63831546340579]}},{"type":"Feature","properties":{"feat_code":"UTTK60","feat_desc":"TANK (6-15m diameter) point","zvalue":"73.583","angle":"0.0"},"geometry":{"type":"Point","coordinates":[-63.66678510793829,45.63850867306913]}},{"type":"Feature","properties":{"feat_code":"UTTK60","feat_desc":"TANK (6-15m diameter) point","zvalue":"73.424","angle":"0.0"},"geometry":{"type":"Point","coordinates":[-63.66718016916028,45.638554143430746]}},{"type":"Feature","properties":{"feat_code":"UTTK60","feat_desc":"TANK (6-15m diameter) point","zvalue":"73.424","angle":"0.0"},"geometry":{"type":"Point","coordinates":[-63.66677082384134,45.638565759325154]}},{"type":"Feature","properties":{"feat_code":"UTTK60","feat_desc":"TANK (6-15m diameter) point","zvalue":"73.439","angle":"0.0"},"geometry":{"type":"Point","coordinates":[-63.66676214413426,45.63862801540538]}},{"type":"Feature","properties":{"feat_code":"UTTK60","feat_desc":"TANK (6-15m diameter) point","zvalue":"73.453","angle":"0.0"},"geometry":{"type":"Point","coordinates":[-63.667162515909766,45.638646254024614]}},{"type":"Feature","properties":{"feat_code":"UTTK60","feat_desc":"TANK (6-15m diameter) point","zvalue":"73.439","angle":"0.0"},"geometry":{"type":"Point","coordinates":[-63.6667349908905,45.638691648434616]}},{"type":"Feature","properties":{"feat_code":"UTTK60","feat_desc":"TANK (6-15m diameter) point","zvalue":"73.41","angle":"0.0"},"geometry":{"type":"Point","coordinates":[-63.667141185170735,45.63874096035609]}},{"type":"Feature","properties":{"feat_code":"UTTO60","feat_desc":"TOWER (all except transmission line towers) point","zvalue":"258.01","angle":"0.0"},"geometry":{"type":"Point","coordinates":[-63.78069891853129,45.58287630183599]}},{"type":"Feature","properties":{"feat_code":"UTTK60","feat_desc":"TANK (6-15m diameter) point","zvalue":"62.642","angle":"0.0"},"geometry":{"type":"Point","coordinates":[-63.83835703144153,45.73376681934696]}},{"type":"Feature","properties":{"feat_code":"UTTO60","feat_desc":"TOWER (all except transmission line towers) point","zvalue":"79.984","angle":"0.0"},"geometry":{"type":"Point","coordinates":[-63.597461791315695,45.74846278545105]}},{"type":"Feature","properties":{"feat_code":"UTTO60","feat_desc":"TOWER (all except transmission line towers) point","zvalue":"317.957","angle":"0.0"},"geometry":{"type":"Point","coordinates":[-63.80373164107179,45.58011025563933]}},{"type":"Feature","properties":{"feat_code":"UTTO60","feat_desc":"TOWER (all except transmission line towers) point","zvalue":"124.894","angle":"0.0"},"geometry":{"type":"Point","coordinates":[-63.51765099055363,45.644789275859736]}},{"type":"Feature","properties":{"feat_code":"UTTO60","feat_desc":"TOWER (all except transmission line towers) point","zvalue":"30.212","angle":"0.0"},"geometry":{"type":"Point","coordinates":[-63.87727446824447,45.692464182291936]}},{"type":"Feature","properties":{"feat_code":"UTTO60","feat_desc":"TOWER (all except transmission line towers) point","zvalue":"282.747","angle":"0.0"},"geometry":{"type":"Point","coordinates":[-63.66772035530915,45.56240956434128]}},{"type":"Feature","properties":{"feat_code":"UTSP60","feat_desc":"SEWAGE SETTLING POND  (6-15m diameter) point","zvalue":"99.37","angle":"0.0"},"geometry":{"type":"Point","coordinates":[-63.97457134563735,45.79854239470366]}},{"type":"Feature","properties":{"feat_code":"UTSP60","feat_desc":"SEWAGE SETTLING POND  (6-15m diameter) point","zvalue":"98.737","angle":"0.0"},"geometry":{"type":"Point","coordinates":[-63.97464621576185,45.798821614711215]}},{"type":"Feature","properties":{"feat_code":"UTSP60","feat_desc":"SEWAGE SETTLING POND  (6-15m diameter) point","zvalue":"98.104","angle":"0.0"},"geometry":{"type":"Point","coordinates":[-63.974622053456876,45.799010763462675]}},{"type":"Feature","properties":{"feat_code":"UTSP60","feat_desc":"SEWAGE SETTLING POND  (6-15m diameter) point","zvalue":"97.472","angle":"0.0"},"geometry":{"type":"Point","coordinates":[-63.97466932772759,45.79926741107282]}},{"type":"Feature","properties":{"feat_code":"UTSP60","feat_desc":"SEWAGE SETTLING POND  (6-15m diameter) point","zvalue":"97.155","angle":"0.0"},"geometry":{"type":"Point","coordinates":[-63.97487309150093,45.79947606386607]}},{"type":"Feature","properties":{"feat_code":"UTSP60","feat_desc":"SEWAGE SETTLING POND  (6-15m diameter) point","zvalue":"96.522","angle":"0.0"},"geometry":{"type":"Point","coordinates":[-63.97494302336198,45.799693328980176]}},{"type":"Feature","properties":{"feat_code":"UTTO60","feat_desc":"TOWER (all except transmission line towers) point","zvalue":"106.481","angle":"0.0"},"geometry":{"type":"Point","coordinates":[-63.841181878345125,45.80142801298204]}},{"type":"Feature","properties":{"feat_code":"UTTO60","feat_desc":"TOWER (all except transmission line towers) point","zvalue":"54.001","angle":"0.0"},"geometry":{"type":"Point","coordinates":[-64.18515990102067,45.82763586268517]}},{"type":"Feature","properties":{"feat_code":"UTTO60","feat_desc":"TOWER (all except transmission line towers) point","zvalue":"76.964","angle":"0.0"},"geometry":{"type":"Point","coordinates":[-64.16030450129205,45.83463583929299]}},{"type":"Feature","properties":{"feat_code":"UTTO60","feat_desc":"TOWER (all except transmission line towers) point","zvalue":"79.6","angle":"0.0"},"geometry":{"type":"Point","coordinates":[-64.16164546593967,45.83581542090021]}},{"type":"Feature","properties":{"feat_code":"UTTO60","feat_desc":"TOWER (all except transmission line towers) point","zvalue":"85.54","angle":"0.0"},"geometry":{"type":"Point","coordinates":[-64.07779818033652,45.845108835982565]}},{"type":"Feature","properties":{"feat_code":"UTTO60","feat_desc":"TOWER (all except transmission line towers) point","zvalue":"29.889","angle":"0.0"},"geometry":{"type":"Point","coordinates":[-63.850679424179496,45.869732498425876]}},{"type":"Feature","properties":{"feat_code":"UTTK60","feat_desc":"TANK (6-15m diameter) point","zvalue":"31.415","angle":"0.0"},"geometry":{"type":"Point","coordinates":[-63.82336474886478,45.87725522946207]}},{"type":"Feature","properties":{"feat_code":"UTTK60","feat_desc":"TANK (6-15m diameter) point","zvalue":"31.448","angle":"0.0"},"geometry":{"type":"Point","coordinates":[-63.82331103961593,45.87737475695505]}},{"type":"Feature","properties":{"feat_code":"UTTK60","feat_desc":"TANK (6-15m diameter) point","zvalue":"31.545","angle":"0.0"},"geometry":{"type":"Point","coordinates":[-63.82339110266753,45.87738272158287]}},{"type":"Feature","properties":{"feat_code":"UTTK60","feat_desc":"TANK (6-15m diameter) point","zvalue":"22.2","angle":"0.0"},"geometry":{"type":"Point","coordinates":[-63.84553389402656,45.88498382718379]}},{"type":"Feature","properties":{"feat_code":"UTTK60","feat_desc":"TANK (6-15m diameter) point","zvalue":"22.2","angle":"0.0"},"geometry":{"type":"Point","coordinates":[-63.845597869688284,45.885037357091385]}},{"type":"Feature","properties":{"feat_code":"UTTK60","feat_desc":"TANK (6-15m diameter) point","zvalue":"30.788","angle":"0.0"},"geometry":{"type":"Point","coordinates":[-63.848290983436456,45.887451064057636]}},{"type":"Feature","properties":{"feat_code":"UTTK60","feat_desc":"TANK (6-15m diameter) point","zvalue":"29.8","angle":"0.0"},"geometry":{"type":"Point","coordinates":[-63.84826175407307,45.887490964481415]}},{"type":"Feature","properties":{"feat_code":"UTTK60","feat_desc":"TANK (6-15m diameter) point","zvalue":"29.8","angle":"0.0"},"geometry":{"type":"Point","coordinates":[-63.84835212742986,45.887501094208844]}},{"type":"Feature","properties":{"feat_code":"UTTK60","feat_desc":"TANK (6-15m diameter) point","zvalue":"29.8","angle":"0.0"},"geometry":{"type":"Point","coordinates":[-63.8483000990492,45.88755458373164]}},{"type":"Feature","properties":{"feat_code":"UTTK60","feat_desc":"TANK (6-15m diameter) point","zvalue":"53.824","angle":"0.0"},"geometry":{"type":"Point","coordinates":[-63.982033652729434,45.89451124405718]}},{"type":"Feature","properties":{"feat_code":"UTTO60","feat_desc":"TOWER (all except transmission line towers) point","zvalue":"154.478","angle":"0.0"},"geometry":{"type":"Point","coordinates":[-64.1148067994687,45.75832971686887]}},{"type":"Feature","properties":{"feat_code":"UTTO60","feat_desc":"TOWER (all except transmission line towers) point","zvalue":"161.625","angle":"5.0"},"geometry":{"type":"Point","coordinates":[-64.0193510681555,45.76979654623473]}},{"type":"Feature","properties":{"feat_code":"UTSP60","feat_desc":"SEWAGE SETTLING POND  (6-15m diameter) point","zvalue":"101.585","angle":"0.0"},"geometry":{"type":"Point","coordinates":[-63.973556986397874,45.79792588131963]}},{"type":"Feature","properties":{"feat_code":"UTSP60","feat_desc":"SEWAGE SETTLING POND  (6-15m diameter) point","zvalue":"100.319","angle":"0.0"},"geometry":{"type":"Point","coordinates":[-63.97383884638342,45.79829984336989]}},{"type":"Feature","properties":{"feat_code":"UTTO60","feat_desc":"TOWER (all except transmission line towers) point","zvalue":"154.265","angle":"0.0"},"geometry":{"type":"Point","coordinates":[-64.15822890243966,45.76070122668049]}},{"type":"Feature","properties":{"feat_code":"UTTO60","feat_desc":"TOWER (all except transmission line towers) point","zvalue":"64.751","angle":"0.0"},"geometry":{"type":"Point","coordinates":[-64.17966053566737,45.8245671595228]}},{"type":"Feature","properties":{"feat_code":"UTTK60","feat_desc":"TANK (6-15m diameter) point","zvalue":"64.025","angle":"0.0"},"geometry":{"type":"Point","coordinates":[-63.990574425430914,45.88807454186655]}},{"type":"Feature","properties":{"feat_code":"UTTK60","feat_desc":"TANK (6-15m diameter) point","zvalue":"26.125","angle":"0.0"},"geometry":{"type":"Point","coordinates":[-63.93594934895213,45.88457400613673]}},{"type":"Feature","properties":{"feat_code":"UTTO60","feat_desc":"TOWER (all except transmission line towers) point","zvalue":"170.892","angle":"0.0"},"geometry":{"type":"Point","coordinates":[-64.06435649381221,45.77352266737004]}},{"type":"Feature","properties":{"feat_code":"UTTK60","feat_desc":"TANK (6-15m diameter) point","zvalue":"128.884","angle":"0.0"},"geometry":{"type":"Point","coordinates":[-64.00229994009935,45.78623201010474]}},{"type":"Feature","properties":{"feat_code":"UTTO60","feat_desc":"TOWER (all except transmission line towers) point","zvalue":"66.343","angle":"0.0"},"geometry":{"type":"Point","coordinates":[-64.16733074924126,45.83812225216731]}},{"type":"Feature","properties":{"feat_code":"UTTK60","feat_desc":"TANK (6-15m diameter) point","zvalue":"59.95","angle":"0.0"},"geometry":{"type":"Point","coordinates":[-64.04010998026617,45.86506893711017]}},{"type":"Feature","properties":{"feat_code":"UTTK60","feat_desc":"TANK (6-15m diameter) point","zvalue":"63.868","angle":"0.0"},"geometry":{"type":"Point","coordinates":[-64.07357875624544,45.85743291044602]}},{"type":"Feature","properties":{"feat_code":"UTTK60","feat_desc":"TANK (6-15m diameter) point","zvalue":"118.672","angle":"0.0"},"geometry":{"type":"Point","coordinates":[-63.99688817848746,45.78836283598912]}},{"type":"Feature","properties":{"feat_code":"UTTK60","feat_desc":"TANK (6-15m diameter) point","zvalue":"103.491","angle":"0.0"},"geometry":{"type":"Point","coordinates":[-63.89033487785386,45.761872430934055]}},{"type":"Feature","properties":{"feat_code":"UTTO60","feat_desc":"TOWER (all except transmission line towers) point","zvalue":"116.201","angle":"0.0"},"geometry":{"type":"Point","coordinates":[-63.84130346282326,45.80625839508257]}},{"type":"Feature","properties":{"feat_code":"UTTO60","feat_desc":"TOWER (all except transmission line towers) point","zvalue":"115.176","angle":"0.0"},"geometry":{"type":"Point","coordinates":[-63.84135207307349,45.80667564152358]}},{"type":"Feature","properties":{"feat_code":"UTTO60","feat_desc":"TOWER (all except transmission line towers) point","zvalue":"40.31","angle":"0.0"},"geometry":{"type":"Point","coordinates":[-63.69091461496589,45.83087027232313]}},{"type":"Feature","properties":{"feat_code":"UTTO60","feat_desc":"TOWER (all except transmission line towers) point","zvalue":"5.61","angle":"0.0"},"geometry":{"type":"Point","coordinates":[-63.65634809088769,45.84305559517397]}},{"type":"Feature","properties":{"feat_code":"UTTO60","feat_desc":"TOWER (all except transmission line towers) point","zvalue":"5.87","angle":"0.0"},"geometry":{"type":"Point","coordinates":[-63.65521360492221,45.84332573411033]}},{"type":"Feature","properties":{"feat_code":"UTTO60","feat_desc":"TOWER (all except transmission line towers) point","zvalue":"44.364","angle":"0.0"},"geometry":{"type":"Point","coordinates":[-63.63276760409975,45.8438394831001]}},{"type":"Feature","properties":{"feat_code":"UTTO60","feat_desc":"TOWER (all except transmission line towers) point","zvalue":"17.416","angle":"0.0"},"geometry":{"type":"Point","coordinates":[-63.678235335320004,45.84603988694024]}},{"type":"Feature","properties":{"feat_code":"UTTO60","feat_desc":"TOWER (all except transmission line towers) point","zvalue":"9.168","angle":"0.0"},"geometry":{"type":"Point","coordinates":[-63.472778828377386,45.86078220148447]}},{"type":"Feature","properties":{"feat_code":"UTTK60","feat_desc":"TANK (6-15m diameter) point","zvalue":"8.267","angle":"0.0"},"geometry":{"type":"Point","coordinates":[-63.66690813577541,45.86274204931416]}},{"type":"Feature","properties":{"feat_code":"UTTK60","feat_desc":"TANK (6-15m diameter) point","zvalue":"8.198","angle":"0.0"},"geometry":{"type":"Point","coordinates":[-63.66687882458182,45.86275257105139]}},{"type":"Feature","properties":{"feat_code":"UTTO60","feat_desc":"TOWER (all except transmission line towers) point","zvalue":"27.462","angle":"0.0"},"geometry":{"type":"Point","coordinates":[-63.49510524276445,45.87096367270256]}},{"type":"Feature","properties":{"feat_code":"UTTO60","feat_desc":"TOWER (all except transmission line towers) point","zvalue":"61.532","angle":"0.0"},"geometry":{"type":"Point","coordinates":[-63.59863528265404,45.87166515798693]}},{"type":"Feature","properties":{"feat_code":"UTTK60","feat_desc":"TANK (6-15m diameter) point","zvalue":"23.485","angle":"0.0"},"geometry":{"type":"Point","coordinates":[-63.685407698266765,45.75428528600598]}},{"type":"Feature","properties":{"feat_code":"UTTK60","feat_desc":"TANK (6-15m diameter) point","zvalue":"23.492","angle":"0.0"},"geometry":{"type":"Point","coordinates":[-63.68541851994827,45.75431537359449]}},{"type":"Feature","properties":{"feat_code":"UTTO60","feat_desc":"TOWER (all except transmission line towers) point","zvalue":"23.273","angle":"0.0"},"geometry":{"type":"Point","coordinates":[-63.51144969084254,45.87418704175785]}},{"type":"Feature","properties":{"feat_code":"UTTK60","feat_desc":"TANK (6-15m diameter) point","zvalue":"65.249","angle":"0.0"},"geometry":{"type":"Point","coordinates":[-63.714099958202766,45.83677068834822]}},{"type":"Feature","properties":{"feat_code":"UTTK60","feat_desc":"TANK (6-15m diameter) point","zvalue":"15.001","angle":"0.0"},"geometry":{"type":"Point","coordinates":[-63.88704722406636,45.9273746725714]}},{"type":"Feature","properties":{"feat_code":"UTTK60","feat_desc":"TANK (6-15m diameter) point","zvalue":"16.974","angle":"0.0"},"geometry":{"type":"Point","coordinates":[-63.8869314032082,45.927617459835815]}},{"type":"Feature","properties":{"feat_code":"UTTO60","feat_desc":"TOWER (all except transmission line towers) point","zvalue":"42.906","angle":"0.0"},"geometry":{"type":"Point","coordinates":[-63.92742071980817,45.939307176711345]}},{"type":"Feature","properties":{"feat_code":"UTSS60","feat_desc":"SUBSTATION (transformer) point","zvalue":"12.969","angle":"0.0"},"geometry":{"type":"Point","coordinates":[-64.05840991003146,45.948913859369995]}},{"type":"Feature","properties":{"feat_code":"UTTO60","feat_desc":"TOWER (all except transmission line towers) point","zvalue":"73.763","angle":"0.0"},"geometry":{"type":"Point","coordinates":[-63.071183934247614,45.69549974020271]}},{"type":"Feature","properties":{"feat_code":"UTTO60","feat_desc":"TOWER (all except transmission line towers) point","zvalue":"213.0","angle":"0.0"},"geometry":{"type":"Point","coordinates":[-61.38971752924393,45.68575567515286]}},{"type":"Feature","properties":{"feat_code":"UTTO60","feat_desc":"TOWER (all except transmission line towers) point","zvalue":"72.6","angle":"0.0"},"geometry":{"type":"Point","coordinates":[-60.96309191358499,45.68145312966978]}},{"type":"Feature","properties":{"feat_code":"UTTO60","feat_desc":"TOWER (all except transmission line towers) point","zvalue":"72.6","angle":"0.0"},"geometry":{"type":"Point","coordinates":[-60.96313001675031,45.68157083097968]}},{"type":"Feature","properties":{"feat_code":"UTTO60","feat_desc":"TOWER (all except transmission line towers) point","zvalue":"37.511","angle":"0.0"},"geometry":{"type":"Point","coordinates":[-63.28639701812737,45.70242048467878]}},{"type":"Feature","properties":{"feat_code":"UTTO60","feat_desc":"TOWER (all except transmission line towers) point","zvalue":"8.294","angle":"0.0"},"geometry":{"type":"Point","coordinates":[-64.37652990667435,45.69468230417174]}},{"type":"Feature","properties":{"feat_code":"UTTO60","feat_desc":"TOWER (all except transmission line towers) point","zvalue":"8.401","angle":"0.0"},"geometry":{"type":"Point","coordinates":[-64.37658560392423,45.69470449521563]}},{"type":"Feature","properties":{"feat_code":"UTTO60","feat_desc":"TOWER (all except transmission line towers) point","zvalue":"135.404","angle":"0.0"},"geometry":{"type":"Point","coordinates":[-60.97987142984142,45.6866545050287]}},{"type":"Feature","properties":{"feat_code":"UTTK60","feat_desc":"TANK (6-15m diameter) point","zvalue":"76.97","angle":"-0.7"},"geometry":{"type":"Point","coordinates":[-60.76514234765328,45.685257370789664]}},{"type":"Feature","properties":{"feat_code":"UTTO60","feat_desc":"TOWER (all except transmission line towers) point","zvalue":"81.92","angle":"22.5"},"geometry":{"type":"Point","coordinates":[-60.85822133441084,45.68978258676668]}},{"type":"Feature","properties":{"feat_code":"UTTK60","feat_desc":"TANK (6-15m diameter) point","zvalue":"58.7","angle":"0.0"},"geometry":{"type":"Point","coordinates":[-63.301832740947326,45.71024644080398]}},{"type":"Feature","properties":{"feat_code":"UTSS60","feat_desc":"SUBSTATION (transformer) point","zvalue":"24.448","angle":"210.02"},"geometry":{"type":"Point","coordinates":[-63.308339084963166,45.7123104307182]}},{"type":"Feature","properties":{"feat_code":"UTTK60","feat_desc":"TANK (6-15m diameter) point","zvalue":"25.414","angle":"0.0"},"geometry":{"type":"Point","coordinates":[-63.338275322955724,45.73419167630508]}},{"type":"Feature","properties":{"feat_code":"UTTK60","feat_desc":"TANK (6-15m diameter) point","zvalue":"24.032","angle":"0.0"},"geometry":{"type":"Point","coordinates":[-63.338411720300975,45.734272576327704]}},{"type":"Feature","properties":{"feat_code":"UTTK60","feat_desc":"TANK (6-15m diameter) point","zvalue":"27.5","angle":"0.0"},"geometry":{"type":"Point","coordinates":[-62.68883644154681,45.7363308876123]}},{"type":"Feature","properties":{"feat_code":"UTTK60","feat_desc":"TANK (6-15m diameter) point","zvalue":"10.29","angle":"0.0"},"geometry":{"type":"Point","coordinates":[-63.36932469670417,45.74104755561898]}},{"type":"Feature","properties":{"feat_code":"UTTK60","feat_desc":"TANK (6-15m diameter) point","zvalue":"10.745","angle":"0.0"},"geometry":{"type":"Point","coordinates":[-63.36930895975839,45.74106662509094]}},{"type":"Feature","properties":{"feat_code":"UTTK60","feat_desc":"TANK (6-15m diameter) point","zvalue":"13.288","angle":"0.0"},"geometry":{"type":"Point","coordinates":[-63.36926855134185,45.74113004003303]}},{"type":"Feature","properties":{"feat_code":"UTTO60","feat_desc":"TOWER (all except transmission line towers) point","zvalue":"16.618","angle":"0.0"},"geometry":{"type":"Point","coordinates":[-60.25796408114084,45.71545220449718]}},{"type":"Feature","properties":{"feat_code":"UTTO60","feat_desc":"TOWER (all except transmission line towers) point","zvalue":"256.3","angle":"0.0"},"geometry":{"type":"Point","coordinates":[-61.443634238451175,45.7394696246072]}},{"type":"Feature","properties":{"feat_code":"UTTK60","feat_desc":"TANK (6-15m diameter) point","zvalue":"13.701","angle":"0.0"},"geometry":{"type":"Point","coordinates":[-63.39166231647019,45.75342757465906]}},{"type":"Feature","properties":{"feat_code":"UTTK60","feat_desc":"TANK (6-15m diameter) point","zvalue":"13.701","angle":"0.0"},"geometry":{"type":"Point","coordinates":[-63.39167270970187,45.75344473944457]}},{"type":"Feature","properties":{"feat_code":"UTTO60","feat_desc":"TOWER (all except transmission line towers) point","zvalue":"179.851","angle":"0.0"},"geometry":{"type":"Point","coordinates":[-60.90830705375768,45.73856508529599]}},{"type":"Feature","properties":{"feat_code":"UTTO60","feat_desc":"TOWER (all except transmission line towers) point","zvalue":"181.038","angle":"0.0"},"geometry":{"type":"Point","coordinates":[-60.908335410998475,45.73862976312101]}},{"type":"Feature","properties":{"feat_code":"UTTK60","feat_desc":"TANK (6-15m diameter) point","zvalue":"7.58","angle":"0.0"},"geometry":{"type":"Point","coordinates":[-63.101420422482235,45.76408257834724]}},{"type":"Feature","properties":{"feat_code":"UTTK60","feat_desc":"TANK (6-15m diameter) point","zvalue":"44.517","angle":"0.0"},"geometry":{"type":"Point","coordinates":[-64.23458533351855,45.758940554712076]}},{"type":"Feature","properties":{"feat_code":"UTTK60","feat_desc":"TANK (6-15m diameter) point","zvalue":"44.44","angle":"0.0"},"geometry":{"type":"Point","coordinates":[-64.234565719754,45.75896893911236]}},{"type":"Feature","properties":{"feat_code":"UTTK60","feat_desc":"TANK (6-15m diameter) point","zvalue":"44.321","angle":"0.0"},"geometry":{"type":"Point","coordinates":[-64.23455103505556,45.7589969282126]}},{"type":"Feature","properties":{"feat_code":"UTTK60","feat_desc":"TANK (6-15m diameter) point","zvalue":"44.433","angle":"0.0"},"geometry":{"type":"Point","coordinates":[-64.23453139450515,45.75902468284168]}},{"type":"Feature","properties":{"feat_code":"UTTK60","feat_desc":"TANK (6-15m diameter) point","zvalue":"46.479","angle":"0.0"},"geometry":{"type":"Point","coordinates":[-64.23452210793599,45.7590642156055]}},{"type":"Feature","properties":{"feat_code":"UTTK60","feat_desc":"TANK (6-15m diameter) point","zvalue":"67.61","angle":"0.0"},"geometry":{"type":"Point","coordinates":[-64.2092345410784,45.764273768617514]}},{"type":"Feature","properties":{"feat_code":"UTTK60","feat_desc":"TANK (6-15m diameter) point","zvalue":"68.5","angle":"0.0"},"geometry":{"type":"Point","coordinates":[-64.2092995350501,45.76427849010036]}},{"type":"Feature","properties":{"feat_code":"UTTK60","feat_desc":"TANK (6-15m diameter) point","zvalue":"25.062","angle":"0.0"},"geometry":{"type":"Point","coordinates":[-64.2519875446038,45.776640564147755]}},{"type":"Feature","properties":{"feat_code":"UTTK60","feat_desc":"TANK (6-15m diameter) point","zvalue":"21.565","angle":"0.0"},"geometry":{"type":"Point","coordinates":[-64.2518623128726,45.776732601102154]}},{"type":"Feature","properties":{"feat_code":"UTTK60","feat_desc":"TANK (6-15m diameter) point","zvalue":"18.0","angle":"0.0"},"geometry":{"type":"Point","coordinates":[-64.25187379474907,45.776750206765094]}},{"type":"Feature","properties":{"feat_code":"UTTK60","feat_desc":"TANK (6-15m diameter) point","zvalue":"18.0","angle":"0.0"},"geometry":{"type":"Point","coordinates":[-64.25196385360185,45.776751019997334]}},{"type":"Feature","properties":{"feat_code":"UTTK60","feat_desc":"TANK (6-15m diameter) point","zvalue":"24.127","angle":"0.0"},"geometry":{"type":"Point","coordinates":[-64.25181627786363,45.77679474270408]}},{"type":"Feature","properties":{"feat_code":"UTTK60","feat_desc":"TANK (6-15m diameter) point","zvalue":"18.4","angle":"0.0"},"geometry":{"type":"Point","coordinates":[-64.25201541668675,45.7768134601759]}},{"type":"Feature","properties":{"feat_code":"UTTK60","feat_desc":"TANK (6-15m diameter) point","zvalue":"23.038","angle":"0.0"},"geometry":{"type":"Point","coordinates":[-64.25200906438579,45.77681814717951]}},{"type":"Feature","properties":{"feat_code":"UTTK60","feat_desc":"TANK (6-15m diameter) point","zvalue":"21.208","angle":"0.0"},"geometry":{"type":"Point","coordinates":[-64.25182190687511,45.77683992780677]}},{"type":"Feature","properties":{"feat_code":"UTTK60","feat_desc":"TANK (6-15m diameter) point","zvalue":"46.138","angle":"0.0"},"geometry":{"type":"Point","coordinates":[-63.49122167582382,45.783296577065656]}},{"type":"Feature","properties":{"feat_code":"UTTK60","feat_desc":"TANK (6-15m diameter) point","zvalue":"45.395","angle":"0.0"},"geometry":{"type":"Point","coordinates":[-63.491243983588305,45.783314257530805]}},{"type":"Feature","properties":{"feat_code":"UTTO60","feat_desc":"TOWER (all except transmission line towers) point","zvalue":"71.554","angle":"0.0"},"geometry":{"type":"Point","coordinates":[-63.42227396683677,45.78361748916792]}},{"type":"Feature","properties":{"feat_code":"UTTO60","feat_desc":"TOWER (all except transmission line towers) point","zvalue":"69.88","angle":"0.0"},"geometry":{"type":"Point","coordinates":[-63.36787925714669,45.78412649238716]}},{"type":"Feature","properties":{"feat_code":"UTTO60","feat_desc":"TOWER (all except transmission line towers) point","zvalue":"76.2","angle":"0.0"},"geometry":{"type":"Point","coordinates":[-63.422342828453466,45.784501435674166]}},{"type":"Feature","properties":{"feat_code":"UTTK60","feat_desc":"TANK (6-15m diameter) point","zvalue":"24.465","angle":"0.0"},"geometry":{"type":"Point","coordinates":[-64.2522149251344,45.77894302940233]}},{"type":"Feature","properties":{"feat_code":"UTTK60","feat_desc":"TANK (6-15m diameter) point","zvalue":"12.984","angle":"42.3"},"geometry":{"type":"Point","coordinates":[-64.23284850088574,45.78321044535261]}},{"type":"Feature","properties":{"feat_code":"UTTK60","feat_desc":"TANK (6-15m diameter) point","zvalue":"14.7","angle":"0.0"},"geometry":{"type":"Point","coordinates":[-64.23377429300764,45.78362926419195]}},{"type":"Feature","properties":{"feat_code":"UTTK60","feat_desc":"TANK (6-15m diameter) point","zvalue":"15.5","angle":"0.0"},"geometry":{"type":"Point","coordinates":[-64.2335304411969,45.7836552993687]}},{"type":"Feature","properties":{"feat_code":"UTTO60","feat_desc":"TOWER (all except transmission line towers) point","zvalue":"104.483","angle":"0.0"},"geometry":{"type":"Point","coordinates":[-60.55195931052315,45.77199603401877]}},{"type":"Feature","properties":{"feat_code":"UTTO60","feat_desc":"TOWER (all except transmission line towers) point","zvalue":"276.45","angle":"0.0"},"geometry":{"type":"Point","coordinates":[-61.3719355980367,45.789072085273055]}},{"type":"Feature","properties":{"feat_code":"UTTO60","feat_desc":"TOWER (all except transmission line towers) point","zvalue":"28.4","angle":"0.0"},"geometry":{"type":"Point","coordinates":[-62.06820768907122,45.80020390863478]}},{"type":"Feature","properties":{"feat_code":"UTTO60","feat_desc":"TOWER (all except transmission line towers) point","zvalue":"131.1","angle":"309.42"},"geometry":{"type":"Point","coordinates":[-61.30403142918582,45.793133295196256]}},{"type":"Feature","properties":{"feat_code":"UTTO60","feat_desc":"TOWER (all except transmission line towers) point","zvalue":"159.6","angle":"0.0"},"geometry":{"type":"Point","coordinates":[-60.65934568382513,45.78197644589036]}},{"type":"Feature","properties":{"feat_code":"UTTO60","feat_desc":"TOWER (all except transmission line towers) point","zvalue":"227.291","angle":"0.0"},"geometry":{"type":"Point","coordinates":[-61.18796246187946,45.79676543900291]}},{"type":"Feature","properties":{"feat_code":"UTTK60","feat_desc":"TANK (6-15m diameter) point","zvalue":"41.165","angle":"214.21"},"geometry":{"type":"Point","coordinates":[-64.2276233785229,45.814254670970996]}},{"type":"Feature","properties":{"feat_code":"UTTK60","feat_desc":"TANK (6-15m diameter) point","zvalue":"41.165","angle":"215.24"},"geometry":{"type":"Point","coordinates":[-64.22756962785951,45.814282835659]}},{"type":"Feature","properties":{"feat_code":"UTTK60","feat_desc":"TANK (6-15m diameter) point","zvalue":"40.482","angle":"0.0"},"geometry":{"type":"Point","coordinates":[-64.21217177619168,45.81460691910131]}},{"type":"Feature","properties":{"feat_code":"UTTK60","feat_desc":"TANK (6-15m diameter) point","zvalue":"40.903","angle":"0.0"},"geometry":{"type":"Point","coordinates":[-64.21211979056004,45.81463375268455]}},{"type":"Feature","properties":{"feat_code":"UTTK60","feat_desc":"TANK (6-15m diameter) point","zvalue":"40.903","angle":"0.0"},"geometry":{"type":"Point","coordinates":[-64.2122228822128,45.81464691596571]}},{"type":"Feature","properties":{"feat_code":"UTTK60","feat_desc":"TANK (6-15m diameter) point","zvalue":"40.903","angle":"0.0"},"geometry":{"type":"Point","coordinates":[-64.21215824323028,45.81467135463039]}},{"type":"Feature","properties":{"feat_code":"UTTK60","feat_desc":"TANK (6-15m diameter) point","zvalue":"40.903","angle":"0.0"},"geometry":{"type":"Point","coordinates":[-64.21226309477285,45.814681979009]}},{"type":"Feature","properties":{"feat_code":"UTTK60","feat_desc":"TANK (6-15m diameter) point","zvalue":"40.903","angle":"0.0"},"geometry":{"type":"Point","coordinates":[-64.21220581598361,45.81471520528338]}},{"type":"Feature","properties":{"feat_code":"UTTK60","feat_desc":"TANK (6-15m diameter) point","zvalue":"40.9","angle":"0.0"},"geometry":{"type":"Point","coordinates":[-64.2093394451898,45.81574676557515]}},{"type":"Feature","properties":{"feat_code":"UTTK60","feat_desc":"TANK (6-15m diameter) point","zvalue":"40.9","angle":"0.0"},"geometry":{"type":"Point","coordinates":[-64.2092874421254,45.81578241872356]}},{"type":"Feature","properties":{"feat_code":"UTTK60","feat_desc":"TANK (6-15m diameter) point","zvalue":"40.9","angle":"0.0"},"geometry":{"type":"Point","coordinates":[-64.20939060829241,45.81579122743671]}},{"type":"Feature","properties":{"feat_code":"UTTK60","feat_desc":"TANK (6-15m diameter) point","zvalue":"40.9","angle":"0.0"},"geometry":{"type":"Point","coordinates":[-64.20923672589379,45.81581805822768]}},{"type":"Feature","properties":{"feat_code":"UTTK60","feat_desc":"TANK (6-15m diameter) point","zvalue":"40.9","angle":"0.0"},"geometry":{"type":"Point","coordinates":[-64.20935258578001,45.81581863199784]}},{"type":"Feature","properties":{"feat_code":"UTTO60","feat_desc":"TOWER (all except transmission line towers) point","zvalue":"31.294","angle":"0.0"},"geometry":{"type":"Point","coordinates":[-64.21628931302838,45.81574885440494]}},{"type":"Feature","properties":{"feat_code":"UTTK60","feat_desc":"TANK (6-15m diameter) point","zvalue":"42.081","angle":"39.73"},"geometry":{"type":"Point","coordinates":[-64.2094070179739,45.81584702001722]}},{"type":"Feature","properties":{"feat_code":"UTTK60","feat_desc":"TANK (6-15m diameter) point","zvalue":"40.5","angle":"0.0"},"geometry":{"type":"Point","coordinates":[-64.20919759169776,45.81585357512453]}},{"type":"Feature","properties":{"feat_code":"UTTK60","feat_desc":"TANK (6-15m diameter) point","zvalue":"40.9","angle":"0.0"},"geometry":{"type":"Point","coordinates":[-64.20928792133148,45.81586341986144]}},{"type":"Feature","properties":{"feat_code":"UTTK60","feat_desc":"TANK (6-15m diameter) point","zvalue":"42.081","angle":"18.14"},"geometry":{"type":"Point","coordinates":[-64.20936406698215,45.81587508880112]}},{"type":"Feature","properties":{"feat_code":"UTTK60","feat_desc":"TANK (6-15m diameter) point","zvalue":"40.9","angle":"0.0"},"geometry":{"type":"Point","coordinates":[-64.20924857946991,45.81588993828369]}},{"type":"Feature","properties":{"feat_code":"UTTK60","feat_desc":"TANK (6-15m diameter) point","zvalue":"42.081","angle":"90.0"},"geometry":{"type":"Point","coordinates":[-64.20931575091,45.81590446545467]}},{"type":"Feature","properties":{"feat_code":"UTTK60","feat_desc":"TANK (6-15m diameter) point","zvalue":"47.79","angle":"0.0"},"geometry":{"type":"Point","coordinates":[-64.22694410362571,45.81592300988515]}},{"type":"Feature","properties":{"feat_code":"UTTK60","feat_desc":"TANK (6-15m diameter) point","zvalue":"47.79","angle":"0.0"},"geometry":{"type":"Point","coordinates":[-64.22689038903916,45.81595114685499]}},{"type":"Feature","properties":{"feat_code":"UTTK60","feat_desc":"TANK (6-15m diameter) point","zvalue":"47.79","angle":"309.94"},"geometry":{"type":"Point","coordinates":[-64.22698065394815,45.81595555087885]}},{"type":"Feature","properties":{"feat_code":"UTTK60","feat_desc":"TANK (6-15m diameter) point","zvalue":"47.79","angle":"0.0"},"geometry":{"type":"Point","coordinates":[-64.22683667439826,45.815979283800004]}},{"type":"Feature","properties":{"feat_code":"UTTK60","feat_desc":"TANK (6-15m diameter) point","zvalue":"47.79","angle":"0.0"},"geometry":{"type":"Point","coordinates":[-64.22693058532394,45.81598617790486]}},{"type":"Feature","properties":{"feat_code":"UTTK60","feat_desc":"TANK (6-15m diameter) point","zvalue":"47.79","angle":"309.5"},"geometry":{"type":"Point","coordinates":[-64.22701360081078,45.815988121561446]}},{"type":"Feature","properties":{"feat_code":"UTTK60","feat_desc":"TANK (6-15m diameter) point","zvalue":"47.79","angle":"0.0"},"geometry":{"type":"Point","coordinates":[-64.22678292990878,45.81600489184582]}},{"type":"Feature","properties":{"feat_code":"UTTK60","feat_desc":"TANK (6-15m diameter) point","zvalue":"47.79","angle":"0.0"},"geometry":{"type":"Point","coordinates":[-64.22687322449869,45.81601181582945]}},{"type":"Feature","properties":{"feat_code":"UTTK60","feat_desc":"TANK (6-15m diameter) point","zvalue":"47.79","angle":"0.0"},"geometry":{"type":"Point","coordinates":[-64.22695992867152,45.81601877830136]}},{"type":"Feature","properties":{"feat_code":"UTTK60","feat_desc":"TANK (6-15m diameter) point","zvalue":"47.93","angle":"0.0"},"geometry":{"type":"Point","coordinates":[-64.2268177280845,45.81603619160903]}},{"type":"Feature","properties":{"feat_code":"UTTK60","feat_desc":"TANK (6-15m diameter) point","zvalue":"47.79","angle":"0.0"},"geometry":{"type":"Point","coordinates":[-64.22690981750846,45.81604688558119]}},{"type":"Feature","properties":{"feat_code":"UTTK60","feat_desc":"TANK (6-15m diameter) point","zvalue":"37.971","angle":"0.0"},"geometry":{"type":"Point","coordinates":[-64.2266754152911,45.81605963640745]}},{"type":"Feature","properties":{"feat_code":"UTTK60","feat_desc":"TANK (6-15m diameter) point","zvalue":"38.673","angle":"0.0"},"geometry":{"type":"Point","coordinates":[-64.22676224682307,45.816066534657104]}},{"type":"Feature","properties":{"feat_code":"UTTK60","feat_desc":"TANK (6-15m diameter) point","zvalue":"47.93","angle":"0.0"},"geometry":{"type":"Point","coordinates":[-64.22685792458418,45.816071231682365]}},{"type":"Feature","properties":{"feat_code":"UTTK60","feat_desc":"TANK (6-15m diameter) point","zvalue":"38.112","angle":"0.0"},"geometry":{"type":"Point","coordinates":[-64.22671386232999,45.81609473131819]}},{"type":"Feature","properties":{"feat_code":"UTTK60","feat_desc":"TANK (6-15m diameter) point","zvalue":"38.673","angle":"0.0"},"geometry":{"type":"Point","coordinates":[-64.22679519055762,45.81609662124488]}},{"type":"Feature","properties":{"feat_code":"UTTK60","feat_desc":"TANK (6-15m diameter) point","zvalue":"38.533","angle":"0.0"},"geometry":{"type":"Point","coordinates":[-64.22674504394608,45.81612605193422]}},{"type":"Feature","properties":{"feat_code":"UTTO60","feat_desc":"TOWER (all except transmission line towers) point","zvalue":"33.026","angle":"0.0"},"geometry":{"type":"Point","coordinates":[-64.21355977066388,45.81660268616373]}},{"type":"Feature","properties":{"feat_code":"UTTK60","feat_desc":"TANK (6-15m diameter) point","zvalue":"38.3","angle":"0.0"},"geometry":{"type":"Point","coordinates":[-64.21091676212953,45.816838943229975]}},{"type":"Feature","properties":{"feat_code":"UTTO60","feat_desc":"TOWER (all except transmission line towers) point","zvalue":"33.563","angle":"0.0"},"geometry":{"type":"Point","coordinates":[-64.210300656603,45.816933786495476]}},{"type":"Feature","properties":{"feat_code":"UTTO60","feat_desc":"TOWER (all except transmission line towers) point","zvalue":"19.729","angle":"0.0"},"geometry":{"type":"Point","coordinates":[-64.23213659282834,45.817634088948516]}},{"type":"Feature","properties":{"feat_code":"UTTK60","feat_desc":"TANK (6-15m diameter) point","zvalue":"46.458","angle":"0.0"},"geometry":{"type":"Point","coordinates":[-64.20947195299858,45.81907610332542]}},{"type":"Feature","properties":{"feat_code":"UTTK60","feat_desc":"TANK (6-15m diameter) point","zvalue":"49.055","angle":"0.0"},"geometry":{"type":"Point","coordinates":[-64.20945452108244,45.81912831182573]}},{"type":"Feature","properties":{"feat_code":"UTTK60","feat_desc":"TANK (6-15m diameter) point","zvalue":"39.23","angle":"0.0"},"geometry":{"type":"Point","coordinates":[-64.20951469526621,45.819134587315084]}},{"type":"Feature","properties":{"feat_code":"UTTK60","feat_desc":"TANK (6-15m diameter) point","zvalue":"43.049","angle":"0.0"},"geometry":{"type":"Point","coordinates":[-64.20935695682448,45.81995639051489]}},{"type":"Feature","properties":{"feat_code":"UTTK60","feat_desc":"TANK (6-15m diameter) point","zvalue":"42.759","angle":"0.0"},"geometry":{"type":"Point","coordinates":[-64.20943434185708,45.81996737123214]}},{"type":"Feature","properties":{"feat_code":"UTTK60","feat_desc":"TANK (6-15m diameter) point","zvalue":"36.896","angle":"0.0"},"geometry":{"type":"Point","coordinates":[-64.20785288019924,45.821982865258725]}},{"type":"Feature","properties":{"feat_code":"UTTK60","feat_desc":"TANK (6-15m diameter) point","zvalue":"34.365","angle":"0.0"},"geometry":{"type":"Point","coordinates":[-64.20791443894605,45.82198397856258]}},{"type":"Feature","properties":{"feat_code":"UTTK60","feat_desc":"TANK (6-15m diameter) point","zvalue":"36.896","angle":"0.0"},"geometry":{"type":"Point","coordinates":[-64.20784980095625,45.82202084468235]}},{"type":"Feature","properties":{"feat_code":"UTTK60","feat_desc":"TANK (6-15m diameter) point","zvalue":"34.506","angle":"0.0"},"geometry":{"type":"Point","coordinates":[-64.20791140307051,45.82202574681586]}},{"type":"Feature","properties":{"feat_code":"UTTK60","feat_desc":"TANK (6-15m diameter) point","zvalue":"36.896","angle":"0.0"},"geometry":{"type":"Point","coordinates":[-64.20784313367336,45.82206137322881]}},{"type":"Feature","properties":{"feat_code":"UTTK60","feat_desc":"TANK (6-15m diameter) point","zvalue":"35.912","angle":"0.0"},"geometry":{"type":"Point","coordinates":[-64.20790832245274,45.822064851340386]}},{"type":"Feature","properties":{"feat_code":"UTTK60","feat_desc":"TANK (6-15m diameter) point","zvalue":"36.896","angle":"0.0"},"geometry":{"type":"Point","coordinates":[-64.20784011080649,45.82210315034276]}},{"type":"Feature","properties":{"feat_code":"UTTK60","feat_desc":"TANK (6-15m diameter) point","zvalue":"36.474","angle":"0.0"},"geometry":{"type":"Point","coordinates":[-64.20790531284372,45.822107834407085]}},{"type":"Feature","properties":{"feat_code":"UTTO60","feat_desc":"TOWER (all except transmission line towers) point","zvalue":"205.941","angle":"0.0"},"geometry":{"type":"Point","coordinates":[-61.06067383412585,45.81784522164025]}},{"type":"Feature","properties":{"feat_code":"UTTO60","feat_desc":"TOWER (all except transmission line towers) point","zvalue":"203.7","angle":"0.0"},"geometry":{"type":"Point","coordinates":[-61.060909032677856,45.817869187505366]}},{"type":"Feature","properties":{"feat_code":"UTTO60","feat_desc":"TOWER (all except transmission line towers) point","zvalue":"7.644","angle":"0.0"},"geometry":{"type":"Point","coordinates":[-64.24006116299539,45.83630515425186]}},{"type":"Feature","properties":{"feat_code":"UTTO60","feat_desc":"TOWER (all except transmission line towers) point","zvalue":"7.916","angle":"0.0"},"geometry":{"type":"Point","coordinates":[-64.26398747289824,45.83717349696914]}},{"type":"Feature","properties":{"feat_code":"UTTO60","feat_desc":"TOWER (all except transmission line towers) point","zvalue":"6.943","angle":"0.0"},"geometry":{"type":"Point","coordinates":[-64.25443010620262,45.83892175290273]}},{"type":"Feature","properties":{"feat_code":"UTTO60","feat_desc":"TOWER (all except transmission line towers) point","zvalue":"9.5","angle":"0.0"},"geometry":{"type":"Point","coordinates":[-64.21236478289414,45.84559151832389]}},{"type":"Feature","properties":{"feat_code":"UTTO60","feat_desc":"TOWER (all except transmission line towers) point","zvalue":"276.027","angle":"0.0"},"geometry":{"type":"Point","coordinates":[-61.32466036345073,45.867906745061234]}},{"type":"Feature","properties":{"feat_code":"UTTK60","feat_desc":"TANK (6-15m diameter) point","zvalue":"53.296","angle":"338.82"},"geometry":{"type":"Point","coordinates":[-61.248256463005994,45.890788832966365]}},{"type":"Feature","properties":{"feat_code":"UTTO60","feat_desc":"TOWER (all except transmission line towers) point","zvalue":"33.091","angle":"0.0"},"geometry":{"type":"Point","coordinates":[-61.09085091603208,45.92728929565216]}},{"type":"Feature","properties":{"feat_code":"UTTK60","feat_desc":"TANK (6-15m diameter) point","zvalue":"73.63","angle":"0.0"},"geometry":{"type":"Point","coordinates":[-60.66080582051302,45.92501444326506]}},{"type":"Feature","properties":{"feat_code":"UTTO60","feat_desc":"TOWER (all except transmission line towers) point","zvalue":"103.8","angle":"0.0"},"geometry":{"type":"Point","coordinates":[-60.00933264796397,45.91075584743818]}},{"type":"Feature","properties":{"feat_code":"UTTK60","feat_desc":"TANK (6-15m diameter) point","zvalue":"10.86","angle":"15.4"},"geometry":{"type":"Point","coordinates":[-60.65210821237913,45.92719227157565]}},{"type":"Feature","properties":{"feat_code":"UTTK60","feat_desc":"TANK (6-15m diameter) point","zvalue":"10.94","angle":"22.0"},"geometry":{"type":"Point","coordinates":[-60.65212628619369,45.92721937518037]}},{"type":"Feature","properties":{"feat_code":"UTTK60","feat_desc":"TANK (6-15m diameter) point","zvalue":"10.94","angle":"17.0"},"geometry":{"type":"Point","coordinates":[-60.65202159172957,45.9272307240063]}},{"type":"Feature","properties":{"feat_code":"UTTK60","feat_desc":"TANK (6-15m diameter) point","zvalue":"11.04","angle":"17.8"},"geometry":{"type":"Point","coordinates":[-60.65196489310516,45.92724476058018]}},{"type":"Feature","properties":{"feat_code":"UTTK60","feat_desc":"TANK (6-15m diameter) point","zvalue":"10.0","angle":"0.0"},"geometry":{"type":"Point","coordinates":[-59.97872033871759,45.91720852800878]}},{"type":"Feature","properties":{"feat_code":"UTTK60","feat_desc":"TANK (6-15m diameter) point","zvalue":"10.1","angle":"0.0"},"geometry":{"type":"Point","coordinates":[-59.978513501997476,45.9172417670781]}},{"type":"Feature","properties":{"feat_code":"UTTK60","feat_desc":"TANK (6-15m diameter) point","zvalue":"10.1","angle":"0.0"},"geometry":{"type":"Point","coordinates":[-59.978461753851846,45.917268300257625]}},{"type":"Feature","properties":{"feat_code":"UTTK60","feat_desc":"TANK (6-15m diameter) point","zvalue":"10.1","angle":"0.0"},"geometry":{"type":"Point","coordinates":[-59.97849879283265,45.91732238559324]}},{"type":"Feature","properties":{"feat_code":"UTTK60","feat_desc":"TANK (6-15m diameter) point","zvalue":"15.73","angle":"25.6"},"geometry":{"type":"Point","coordinates":[-59.97584226749818,45.91749057349842]}},{"type":"Feature","properties":{"feat_code":"UTTK60","feat_desc":"TANK (6-15m diameter) point","zvalue":"15.73","angle":"27.3"},"geometry":{"type":"Point","coordinates":[-59.97578233479157,45.917508697882376]}},{"type":"Feature","properties":{"feat_code":"UTTO60","feat_desc":"TOWER (all except transmission line towers) point","zvalue":"108.709","angle":"0.0"},"geometry":{"type":"Point","coordinates":[-60.661627335664726,45.93462943046139]}},{"type":"Feature","properties":{"feat_code":"UTTK60","feat_desc":"TANK (6-15m diameter) point","zvalue":"18.76","angle":"0.0"},"geometry":{"type":"Point","coordinates":[-60.32715166149587,45.933523174438854]}},{"type":"Feature","properties":{"feat_code":"UTTO60","feat_desc":"TOWER (all except transmission line towers) point","zvalue":"65.46","angle":"0.0"},"geometry":{"type":"Point","coordinates":[-60.00491701014162,45.92903416431491]}},{"type":"Feature","properties":{"feat_code":"UTTK60","feat_desc":"TANK (6-15m diameter) point","zvalue":"57.8","angle":"0.0"},"geometry":{"type":"Point","coordinates":[-60.61597357436884,45.94581610305927]}},{"type":"Feature","properties":{"feat_code":"UTTO60","feat_desc":"TOWER (all except transmission line towers) point","zvalue":"185.12","angle":"0.0"},"geometry":{"type":"Point","coordinates":[-60.46584461671498,45.95435910000695]}},{"type":"Feature","properties":{"feat_code":"UTTO60","feat_desc":"TOWER (all except transmission line towers) point","zvalue":"185.12","angle":"0.0"},"geometry":{"type":"Point","coordinates":[-60.46580125777831,45.95454301229637]}},{"type":"Feature","properties":{"feat_code":"UTTO60","feat_desc":"TOWER (all except transmission line towers) point","zvalue":"104.73","angle":"3.3"},"geometry":{"type":"Point","coordinates":[-60.205403578116176,45.94952119358187]}},{"type":"Feature","properties":{"feat_code":"UTTK60","feat_desc":"TANK (6-15m diameter) point","zvalue":"70.467","angle":"184.73"},"geometry":{"type":"Point","coordinates":[-61.145648875773865,45.97049117583104]}},{"type":"Feature","properties":{"feat_code":"UTTO60","feat_desc":"TOWER (all except transmission line towers) point","zvalue":"118.1","angle":"0.0"},"geometry":{"type":"Point","coordinates":[-60.13371943341266,45.95122610492672]}},{"type":"Feature","properties":{"feat_code":"UTTK60","feat_desc":"TANK (6-15m diameter) point","zvalue":"78.591","angle":"257.27"},"geometry":{"type":"Point","coordinates":[-61.10365795777998,45.973289066892846]}},{"type":"Feature","properties":{"feat_code":"UTTO60","feat_desc":"TOWER (all except transmission line towers) point","zvalue":"21.74","angle":"0.0"},"geometry":{"type":"Point","coordinates":[-60.489006635046245,45.978278396424024]}},{"type":"Feature","properties":{"feat_code":"UTTO60","feat_desc":"TOWER (all except transmission line towers) point","zvalue":"178.51","angle":"0.0"},"geometry":{"type":"Point","coordinates":[-60.85816109113602,45.98583880375874]}},{"type":"Feature","properties":{"feat_code":"UTTO60","feat_desc":"TOWER (all except transmission line towers) point","zvalue":"176.66","angle":"0.0"},"geometry":{"type":"Point","coordinates":[-60.855805125089454,45.98614338742886]}},{"type":"Feature","properties":{"feat_code":"UTTO60","feat_desc":"TOWER (all except transmission line towers) point","zvalue":"176.51","angle":"0.0"},"geometry":{"type":"Point","coordinates":[-60.85526195814976,45.98671723812671]}},{"type":"Feature","properties":{"feat_code":"UTTO60","feat_desc":"TOWER (all except transmission line towers) point","zvalue":"81.16","angle":"0.0"},"geometry":{"type":"Point","coordinates":[-59.98919322662879,45.96761200869923]}},{"type":"Feature","properties":{"feat_code":"UTTO60","feat_desc":"TOWER (all except transmission line towers) point","zvalue":"169.95","angle":"0.0"},"geometry":{"type":"Point","coordinates":[-60.85781546817166,45.98776582635748]}},{"type":"Feature","properties":{"feat_code":"UTSS60","feat_desc":"SUBSTATION (transformer) point","zvalue":"13.755","angle":"0.0"},"geometry":{"type":"Point","coordinates":[-61.007069186504786,45.99288759785387]}},{"type":"Feature","properties":{"feat_code":"UTTO60","feat_desc":"TOWER (all except transmission line towers) point","zvalue":"157.05","angle":"2.0"},"geometry":{"type":"Point","coordinates":[-60.276215369611926,45.99114939221471]}},{"type":"Feature","properties":{"feat_code":"UTTO60","feat_desc":"TOWER (all except transmission line towers) point","zvalue":"146.58","angle":"0.0"},"geometry":{"type":"Point","coordinates":[-60.45693552213365,45.99676630721162]}},{"type":"Feature","properties":{"feat_code":"UTTK60","feat_desc":"TANK (6-15m diameter) point","zvalue":"55.13","angle":"347.05"},"geometry":{"type":"Point","coordinates":[-61.517150529823255,46.01858988525416]}},{"type":"Feature","properties":{"feat_code":"UTTK60","feat_desc":"TANK (6-15m diameter) point","zvalue":"65.7","angle":"0.0"},"geometry":{"type":"Point","coordinates":[-61.52922408680126,46.021420363495466]}},{"type":"Feature","properties":{"feat_code":"UTTO60","feat_desc":"TOWER (all except transmission line towers) point","zvalue":"199.465","angle":"0.0"},"geometry":{"type":"Point","coordinates":[-61.364557764107325,46.033621761648284]}},{"type":"Feature","properties":{"feat_code":"UTTO60","feat_desc":"TOWER (all except transmission line towers) point","zvalue":"267.7","angle":"0.0"},"geometry":{"type":"Point","coordinates":[-61.084975546167705,46.030172328385675]}},{"type":"Feature","properties":{"feat_code":"UTTO60","feat_desc":"TOWER (all except transmission line towers) point","zvalue":"102.803","angle":"0.0"},"geometry":{"type":"Point","coordinates":[-61.445221177806914,46.05520094173834]}},{"type":"Feature","properties":{"feat_code":"UTTO60","feat_desc":"TOWER (all except transmission line towers) point","zvalue":"213.12","angle":"0.0"},"geometry":{"type":"Point","coordinates":[-60.45578776704997,46.057716099480146]}},{"type":"Feature","properties":{"feat_code":"UTTO60","feat_desc":"TOWER (all except transmission line towers) point","zvalue":"211.26","angle":"0.0"},"geometry":{"type":"Point","coordinates":[-60.4481063474722,46.064721888458735]}},{"type":"Feature","properties":{"feat_code":"UTTK60","feat_desc":"TANK (6-15m diameter) point","zvalue":"73.6","angle":"0.0"},"geometry":{"type":"Point","coordinates":[-60.91835030399045,46.07577398175143]}},{"type":"Feature","properties":{"feat_code":"UTTO60","feat_desc":"TOWER (all except transmission line towers) point","zvalue":"51.0","angle":"0.0"},"geometry":{"type":"Point","coordinates":[-60.200240030245695,46.07917666955153]}},{"type":"Feature","properties":{"feat_code":"UTTO60","feat_desc":"TOWER (all except transmission line towers) point","zvalue":"50.2","angle":"0.0"},"geometry":{"type":"Point","coordinates":[-60.19942993299418,46.07937985219532]}},{"type":"Feature","properties":{"feat_code":"UTTO60","feat_desc":"TOWER (all except transmission line towers) point","zvalue":"259.5","angle":"0.0"},"geometry":{"type":"Point","coordinates":[-61.28899602709696,46.10217173439322]}},{"type":"Feature","properties":{"feat_code":"UTTK60","feat_desc":"TANK (6-15m diameter) point","zvalue":"232.34","angle":"0.0"},"geometry":{"type":"Point","coordinates":[-60.43784292401132,46.09318074176724]}},{"type":"Feature","properties":{"feat_code":"UTTO60","feat_desc":"TOWER (all except transmission line towers) point","zvalue":"147.25","angle":"0.0"},"geometry":{"type":"Point","coordinates":[-60.31200041929131,46.09801752966395]}},{"type":"Feature","properties":{"feat_code":"UTTO60","feat_desc":"TOWER (all except transmission line towers) point","zvalue":"92.39","angle":"0.0"},"geometry":{"type":"Point","coordinates":[-60.14658024438916,46.095478863620755]}},{"type":"Feature","properties":{"feat_code":"UTTK60","feat_desc":"TANK (6-15m diameter) point","zvalue":"93.06","angle":"0.0"},"geometry":{"type":"Point","coordinates":[-60.76124913735305,46.11183448895852]}},{"type":"Feature","properties":{"feat_code":"UTTO60","feat_desc":"TOWER (all except transmission line towers) point","zvalue":"18.092","angle":"0.0"},"geometry":{"type":"Point","coordinates":[-60.25298656159225,46.10154023963935]}},{"type":"Feature","properties":{"feat_code":"UTTO60","feat_desc":"TOWER (all except transmission line towers) point","zvalue":"188.7","angle":"0.0"},"geometry":{"type":"Point","coordinates":[-60.88240869456364,46.11554580047264]}},{"type":"Feature","properties":{"feat_code":"UTTO60","feat_desc":"TOWER (all except transmission line towers) point","zvalue":"90.933","angle":"0.0"},"geometry":{"type":"Point","coordinates":[-60.27359363648012,46.1033789091253]}},{"type":"Feature","properties":{"feat_code":"UTTO60","feat_desc":"TOWER (all except transmission line towers) point","zvalue":"83.6","angle":"0.0"},"geometry":{"type":"Point","coordinates":[-60.274805575699226,46.10422166238898]}},{"type":"Feature","properties":{"feat_code":"UTTO60","feat_desc":"TOWER (all except transmission line towers) point","zvalue":"90.8","angle":"0.0"},"geometry":{"type":"Point","coordinates":[-60.1308332636178,46.10652988746152]}},{"type":"Feature","properties":{"feat_code":"UTTO60","feat_desc":"TOWER (all except transmission line towers) point","zvalue":"235.112","angle":"0.0"},"geometry":{"type":"Point","coordinates":[-60.43171009633844,46.11454064860467]}},{"type":"Feature","properties":{"feat_code":"UTTK60","feat_desc":"TANK (6-15m diameter) point","zvalue":"9.086","angle":"0.0"},"geometry":{"type":"Point","coordinates":[-60.21355918963505,46.11629979545621]}},{"type":"Feature","properties":{"feat_code":"UTTK60","feat_desc":"TANK (6-15m diameter) point","zvalue":"16.0","angle":"0.0"},"geometry":{"type":"Point","coordinates":[-60.21242702481264,46.11779765741742]}},{"type":"Feature","properties":{"feat_code":"UTTO60","feat_desc":"TOWER (all except transmission line towers) point","zvalue":"63.2","angle":"0.0"},"geometry":{"type":"Point","coordinates":[-60.196914793459065,46.12160867881241]}},{"type":"Feature","properties":{"feat_code":"UTTO60","feat_desc":"TOWER (all except transmission line towers) point","zvalue":"204.03","angle":"0.0"},"geometry":{"type":"Point","coordinates":[-60.8935089506665,46.13757348168347]}},{"type":"Feature","properties":{"feat_code":"UTTO60","feat_desc":"TOWER (all except transmission line towers) point","zvalue":"68.96","angle":"0.0"},"geometry":{"type":"Point","coordinates":[-60.174104543178366,46.12220384540961]}},{"type":"Feature","properties":{"feat_code":"UTTK60","feat_desc":"TANK (6-15m diameter) point","zvalue":"59.0","angle":"0.0"},"geometry":{"type":"Point","coordinates":[-59.97159285254897,46.11881746559774]}},{"type":"Feature","properties":{"feat_code":"UTTK60","feat_desc":"TANK (6-15m diameter) point","zvalue":"51.975","angle":"0.0"},"geometry":{"type":"Point","coordinates":[-60.256403719584,46.12795864361779]}},{"type":"Feature","properties":{"feat_code":"UTTK60","feat_desc":"TANK (6-15m diameter) point","zvalue":"51.975","angle":"0.0"},"geometry":{"type":"Point","coordinates":[-60.25650329880312,46.128004886062946]}},{"type":"Feature","properties":{"feat_code":"UTTK60","feat_desc":"TANK (6-15m diameter) point","zvalue":"42.345","angle":"0.0"},"geometry":{"type":"Point","coordinates":[-60.25621921040012,46.12806868045484]}},{"type":"Feature","properties":{"feat_code":"UTTK60","feat_desc":"TANK (6-15m diameter) point","zvalue":"42.345","angle":"0.0"},"geometry":{"type":"Point","coordinates":[-60.25618958934741,46.12810469110975]}},{"type":"Feature","properties":{"feat_code":"UTTK60","feat_desc":"TANK (6-15m diameter) point","zvalue":"42.564","angle":"0.0"},"geometry":{"type":"Point","coordinates":[-60.25616390531387,46.12814769974412]}},{"type":"Feature","properties":{"feat_code":"UTTK60","feat_desc":"TANK (6-15m diameter) point","zvalue":"41.47","angle":"0.0"},"geometry":{"type":"Point","coordinates":[-60.25616435286516,46.12818584577546]}},{"type":"Feature","properties":{"feat_code":"UTTK60","feat_desc":"TANK (6-15m diameter) point","zvalue":"42.564","angle":"0.0"},"geometry":{"type":"Point","coordinates":[-60.2562241392974,46.12821906283889]}},{"type":"Feature","properties":{"feat_code":"UTTK60","feat_desc":"TANK (6-15m diameter) point","zvalue":"42.345","angle":"0.0"},"geometry":{"type":"Point","coordinates":[-60.25611346698254,46.12823558443964]}},{"type":"Feature","properties":{"feat_code":"UTTK60","feat_desc":"TANK (6-15m diameter) point","zvalue":"64.2","angle":"0.0"},"geometry":{"type":"Point","coordinates":[-60.227643606471474,46.13009734460276]}},{"type":"Feature","properties":{"feat_code":"UTTO60","feat_desc":"TOWER (all except transmission line towers) point","zvalue":"337.5","angle":"0.0"},"geometry":{"type":"Point","coordinates":[-61.38307721117353,46.15334920497838]}},{"type":"Feature","properties":{"feat_code":"UTTO60","feat_desc":"TOWER (all except transmission line towers) point","zvalue":"337.8","angle":"0.0"},"geometry":{"type":"Point","coordinates":[-61.38324236285909,46.15451976368312]}},{"type":"Feature","properties":{"feat_code":"UTTO60","feat_desc":"TOWER (all except transmission line towers) point","zvalue":"338.937","angle":"0.0"},"geometry":{"type":"Point","coordinates":[-61.3830534619516,46.155120125217444]}},{"type":"Feature","properties":{"feat_code":"UTTO60","feat_desc":"TOWER (all except transmission line towers) point","zvalue":"53.5","angle":"0.0"},"geometry":{"type":"Point","coordinates":[-60.26952717355295,46.135701904432445]}},{"type":"Feature","properties":{"feat_code":"UTTO60","feat_desc":"TOWER (all except transmission line towers) point","zvalue":"53.5","angle":"0.0"},"geometry":{"type":"Point","coordinates":[-60.26868153568486,46.13586350645546]}},{"type":"Feature","properties":{"feat_code":"UTTO60","feat_desc":"TOWER (all except transmission line towers) point","zvalue":"72.157","angle":"0.0"},"geometry":{"type":"Point","coordinates":[-60.14537094962121,46.13468861137884]}},{"type":"Feature","properties":{"feat_code":"UTTK60","feat_desc":"TANK (6-15m diameter) point","zvalue":"51.057","angle":"0.0"},"geometry":{"type":"Point","coordinates":[-59.907816937030354,46.13067782114425]}},{"type":"Feature","properties":{"feat_code":"UTTK60","feat_desc":"TANK (6-15m diameter) point","zvalue":"52.272","angle":"0.0"},"geometry":{"type":"Point","coordinates":[-60.15543524738769,46.14024627201152]}},{"type":"Feature","properties":{"feat_code":"UTTK60","feat_desc":"TANK (6-15m diameter) point","zvalue":"52.272","angle":"0.0"},"geometry":{"type":"Point","coordinates":[-60.15540002484573,46.140259921694394]}},{"type":"Feature","properties":{"feat_code":"UTTK60","feat_desc":"TANK (6-15m diameter) point","zvalue":"52.272","angle":"0.0"},"geometry":{"type":"Point","coordinates":[-60.15534273756418,46.14027460593315]}},{"type":"Feature","properties":{"feat_code":"UTTK60","feat_desc":"TANK (6-15m diameter) point","zvalue":"55.33","angle":"30.0"},"geometry":{"type":"Point","coordinates":[-60.15577531190721,46.141607766828415]}},{"type":"Feature","properties":{"feat_code":"UTTK60","feat_desc":"TANK (6-15m diameter) point","zvalue":"55.33","angle":"30.0"},"geometry":{"type":"Point","coordinates":[-60.155821744480996,46.14165449286147]}},{"type":"Feature","properties":{"feat_code":"UTTO60","feat_desc":"TOWER (all except transmission line towers) point","zvalue":"155.0","angle":"0.0"},"geometry":{"type":"Point","coordinates":[-60.41414329147303,46.148971305941174]}},{"type":"Feature","properties":{"feat_code":"UTTO60","feat_desc":"TOWER (all except transmission line towers) point","zvalue":"154.9","angle":"0.0"},"geometry":{"type":"Point","coordinates":[-60.41433629770186,46.14908098014629]}},{"type":"Feature","properties":{"feat_code":"UTTK60","feat_desc":"TANK (6-15m diameter) point","zvalue":"10.806","angle":"0.0"},"geometry":{"type":"Point","coordinates":[-60.18883704883026,46.14636959877081]}},{"type":"Feature","properties":{"feat_code":"UTTO60","feat_desc":"TOWER (all except transmission line towers) point","zvalue":"42.2","angle":"0.0"},"geometry":{"type":"Point","coordinates":[-60.18383544079112,46.14871162081932]}},{"type":"Feature","properties":{"feat_code":"UTTK60","feat_desc":"TANK (6-15m diameter) point","zvalue":"8.7","angle":"0.0"},"geometry":{"type":"Point","coordinates":[-60.2020116738714,46.14922580755357]}},{"type":"Feature","properties":{"feat_code":"UTTK60","feat_desc":"TANK (6-15m diameter) point","zvalue":"8.7","angle":"0.0"},"geometry":{"type":"Point","coordinates":[-60.20200977629747,46.14928876477253]}},{"type":"Feature","properties":{"feat_code":"UTTK60","feat_desc":"TANK (6-15m diameter) point","zvalue":"6.9","angle":"0.0"},"geometry":{"type":"Point","coordinates":[-60.19698909036177,46.149186369206255]}},{"type":"Feature","properties":{"feat_code":"UTTK60","feat_desc":"TANK (6-15m diameter) point","zvalue":"8.549","angle":"0.0"},"geometry":{"type":"Point","coordinates":[-60.202236613253696,46.149836989981495]}},{"type":"Feature","properties":{"feat_code":"UTTK60","feat_desc":"TANK (6-15m diameter) point","zvalue":"15.475","angle":"0.0"},"geometry":{"type":"Point","coordinates":[-60.18782885339223,46.15141701380211]}},{"type":"Feature","properties":{"feat_code":"UTTK60","feat_desc":"TANK (6-15m diameter) point","zvalue":"15.724","angle":"0.0"},"geometry":{"type":"Point","coordinates":[-60.18788152831091,46.15147966727236]}},{"type":"Feature","properties":{"feat_code":"UTTK60","feat_desc":"TANK (6-15m diameter) point","zvalue":"18.462","angle":"0.0"},"geometry":{"type":"Point","coordinates":[-60.1879750563463,46.15162628437126]}},{"type":"Feature","properties":{"feat_code":"UTTK60","feat_desc":"TANK (6-15m diameter) point","zvalue":"20.47","angle":"0.0"},"geometry":{"type":"Point","coordinates":[-60.221411270957894,46.15511164095481]}},{"type":"Feature","properties":{"feat_code":"UTTK60","feat_desc":"TANK (6-15m diameter) point","zvalue":"20.47","angle":"0.0"},"geometry":{"type":"Point","coordinates":[-60.22139992837943,46.155154783527855]}},{"type":"Feature","properties":{"feat_code":"UTTK60","feat_desc":"TANK (6-15m diameter) point","zvalue":"20.47","angle":"0.0"},"geometry":{"type":"Point","coordinates":[-60.2213913921203,46.15520186458714]}},{"type":"Feature","properties":{"feat_code":"UTTK60","feat_desc":"TANK (6-15m diameter) point","zvalue":"12.8","angle":"0.0"},"geometry":{"type":"Point","coordinates":[-60.19072094857408,46.15532285567539]}},{"type":"Feature","properties":{"feat_code":"UTTK60","feat_desc":"TANK (6-15m diameter) point","zvalue":"12.8","angle":"0.0"},"geometry":{"type":"Point","coordinates":[-60.19068118160187,46.155340778715285]}},{"type":"Feature","properties":{"feat_code":"UTTK60","feat_desc":"TANK (6-15m diameter) point","zvalue":"12.8","angle":"0.0"},"geometry":{"type":"Point","coordinates":[-60.190642708582956,46.15535872456605]}},{"type":"Feature","properties":{"feat_code":"UTTK60","feat_desc":"TANK (6-15m diameter) point","zvalue":"12.7","angle":"0.0"},"geometry":{"type":"Point","coordinates":[-60.190615464291795,46.155385065055114]}},{"type":"Feature","properties":{"feat_code":"UTTK60","feat_desc":"TANK (6-15m diameter) point","zvalue":"12.7","angle":"0.0"},"geometry":{"type":"Point","coordinates":[-60.19057699076316,46.15540301987171]}},{"type":"Feature","properties":{"feat_code":"UTTK60","feat_desc":"TANK (6-15m diameter) point","zvalue":"12.8","angle":"0.0"},"geometry":{"type":"Point","coordinates":[-60.19053774068048,46.15541104599703]}},{"type":"Feature","properties":{"feat_code":"UTTK60","feat_desc":"TANK (6-15m diameter) point","zvalue":"34.8","angle":"0.0"},"geometry":{"type":"Point","coordinates":[-60.224437340752374,46.15635231732965]}},{"type":"Feature","properties":{"feat_code":"UTTK60","feat_desc":"TANK (6-15m diameter) point","zvalue":"34.8","angle":"0.0"},"geometry":{"type":"Point","coordinates":[-60.224579272451294,46.15636297544887]}},{"type":"Feature","properties":{"feat_code":"UTTO60","feat_desc":"TOWER (all except transmission line towers) point","zvalue":"75.1","angle":"0.0"},"geometry":{"type":"Point","coordinates":[-60.05577307469687,46.15336498833243]}},{"type":"Feature","properties":{"feat_code":"UTTK60","feat_desc":"TANK (6-15m diameter) point","zvalue":"59.1","angle":"0.0"},"geometry":{"type":"Point","coordinates":[-60.040702368117536,46.15507381776665]}},{"type":"Feature","properties":{"feat_code":"UTTO60","feat_desc":"TOWER (all except transmission line towers) point","zvalue":"240.608","angle":"0.0"},"geometry":{"type":"Point","coordinates":[-60.66721122683652,46.169899309575435]}},{"type":"Feature","properties":{"feat_code":"UTTO60","feat_desc":"TOWER (all except transmission line towers) point","zvalue":"59.1","angle":"0.0"},"geometry":{"type":"Point","coordinates":[-60.043402178180564,46.155565577621026]}},{"type":"Feature","properties":{"feat_code":"UTTO60","feat_desc":"TOWER (all except transmission line towers) point","zvalue":"59.1","angle":"0.0"},"geometry":{"type":"Point","coordinates":[-60.04319287789661,46.15565286523019]}},{"type":"Feature","properties":{"feat_code":"UTTO60","feat_desc":"TOWER (all except transmission line towers) point","zvalue":"59.1","angle":"0.0"},"geometry":{"type":"Point","coordinates":[-60.04334656717173,46.15570904722251]}},{"type":"Feature","properties":{"feat_code":"UTTO60","feat_desc":"TOWER (all except transmission line towers) point","zvalue":"59.1","angle":"0.0"},"geometry":{"type":"Point","coordinates":[-60.043113148701615,46.15571470519054]}},{"type":"Feature","properties":{"feat_code":"UTTO60","feat_desc":"TOWER (all except transmission line towers) point","zvalue":"241.566","angle":"0.0"},"geometry":{"type":"Point","coordinates":[-60.66299548721844,46.170727828581576]}},{"type":"Feature","properties":{"feat_code":"UTTO60","feat_desc":"TOWER (all except transmission line towers) point","zvalue":"61.355","angle":"0.0"},"geometry":{"type":"Point","coordinates":[-60.03411659174122,46.156862151680855]}},{"type":"Feature","properties":{"feat_code":"UTTO60","feat_desc":"TOWER (all except transmission line towers) point","zvalue":"46.741","angle":"0.0"},"geometry":{"type":"Point","coordinates":[-60.11167990100627,46.159225355016055]}},{"type":"Feature","properties":{"feat_code":"UTTO60","feat_desc":"TOWER (all except transmission line towers) point","zvalue":"66.017","angle":"0.0"},"geometry":{"type":"Point","coordinates":[-60.05800918676744,46.159865034101365]}},{"type":"Feature","properties":{"feat_code":"UTTO60","feat_desc":"TOWER (all except transmission line towers) point","zvalue":"66.017","angle":"0.0"},"geometry":{"type":"Point","coordinates":[-60.057843178203385,46.15988171117877]}},{"type":"Feature","properties":{"feat_code":"UTTK60","feat_desc":"TANK (6-15m diameter) point","zvalue":"49.3","angle":"0.0"},"geometry":{"type":"Point","coordinates":[-60.11330868261772,46.16208537549346]}},{"type":"Feature","properties":{"feat_code":"UTTK60","feat_desc":"TANK (6-15m diameter) point","zvalue":"49.3","angle":"0.0"},"geometry":{"type":"Point","coordinates":[-60.113163809895774,46.16215551843082]}},{"type":"Feature","properties":{"feat_code":"UTTK60","feat_desc":"TANK (6-15m diameter) point","zvalue":"49.3","angle":"0.0"},"geometry":{"type":"Point","coordinates":[-60.11302118491293,46.16220770791482]}},{"type":"Feature","properties":{"feat_code":"UTTK60","feat_desc":"TANK (6-15m diameter) point","zvalue":"8.615","angle":"0.0"},"geometry":{"type":"Point","coordinates":[-59.95629267373716,46.158622290238924]}},{"type":"Feature","properties":{"feat_code":"UTTO60","feat_desc":"TOWER (all except transmission line towers) point","zvalue":"54.2","angle":"0.0"},"geometry":{"type":"Point","coordinates":[-60.088075697160804,46.162928144459336]}},{"type":"Feature","properties":{"feat_code":"UTTK60","feat_desc":"TANK (6-15m diameter) point","zvalue":"90.3","angle":"0.0"},"geometry":{"type":"Point","coordinates":[-60.08938108415068,46.16354736187217]}},{"type":"Feature","properties":{"feat_code":"UTTK60","feat_desc":"TANK (6-15m diameter) point","zvalue":"55.3","angle":"0.0"},"geometry":{"type":"Point","coordinates":[-60.03663313097503,46.162325987718994]}},{"type":"Feature","properties":{"feat_code":"UTTK60","feat_desc":"TANK (6-15m diameter) point","zvalue":"55.7","angle":"0.0"},"geometry":{"type":"Point","coordinates":[-60.03661955790075,46.162361628816775]}},{"type":"Feature","properties":{"feat_code":"UTTK60","feat_desc":"TANK (6-15m diameter) point","zvalue":"81.7","angle":"0.0"},"geometry":{"type":"Point","coordinates":[-60.182698740828435,46.16919487259542]}},{"type":"Feature","properties":{"feat_code":"UTTO60","feat_desc":"TOWER (all except transmission line towers) point","zvalue":"59.3","angle":"0.0"},"geometry":{"type":"Point","coordinates":[-60.03864169091623,46.16665245078065]}},{"type":"Feature","properties":{"feat_code":"UTTK60","feat_desc":"TANK (6-15m diameter) point","zvalue":"10.0","angle":"0.0"},"geometry":{"type":"Point","coordinates":[-59.94930651775814,46.16603287874612]}},{"type":"Feature","properties":{"feat_code":"UTTO60","feat_desc":"TOWER (all except transmission line towers) point","zvalue":"30.5","angle":"0.0"},"geometry":{"type":"Point","coordinates":[-60.255686397044244,46.1744036115508]}},{"type":"Feature","properties":{"feat_code":"UTTO60","feat_desc":"TOWER (all except transmission line towers) point","zvalue":"63.374","angle":"0.0"},"geometry":{"type":"Point","coordinates":[-60.18306456422407,46.17680170809193]}},{"type":"Feature","properties":{"feat_code":"UTTO60","feat_desc":"TOWER (all except transmission line towers) point","zvalue":"8.9","angle":"0.0"},"geometry":{"type":"Point","coordinates":[-60.551126364187226,46.18709678663618]}},{"type":"Feature","properties":{"feat_code":"UTTO60","feat_desc":"TOWER (all except transmission line towers) point","zvalue":"67.1","angle":"0.0"},"geometry":{"type":"Point","coordinates":[-60.14945312643304,46.17829041787859]}},{"type":"Feature","properties":{"feat_code":"UTTO60","feat_desc":"TOWER (all except transmission line towers) point","zvalue":"51.6","angle":"0.0"},"geometry":{"type":"Point","coordinates":[-60.19237842980083,46.17990529850306]}},{"type":"Feature","properties":{"feat_code":"UTTO60","feat_desc":"TOWER (all except transmission line towers) point","zvalue":"50.6","angle":"0.0"},"geometry":{"type":"Point","coordinates":[-60.191613950241475,46.17990540667945]}},{"type":"Feature","properties":{"feat_code":"UTTO60","feat_desc":"TOWER (all except transmission line towers) point","zvalue":"9.5","angle":"0.0"},"geometry":{"type":"Point","coordinates":[-60.54431512483317,46.192160018277]}},{"type":"Feature","properties":{"feat_code":"UTTK60","feat_desc":"TANK (6-15m diameter) point","zvalue":"39.8","angle":"0.0"},"geometry":{"type":"Point","coordinates":[-59.877895657047766,46.180814435636464]}},{"type":"Feature","properties":{"feat_code":"UTTO60","feat_desc":"TOWER (all except transmission line towers) point","zvalue":"152.1","angle":"0.0"},"geometry":{"type":"Point","coordinates":[-61.329671219188164,46.21261070812406]}},{"type":"Feature","properties":{"feat_code":"UTTO60","feat_desc":"TOWER (all except transmission line towers) point","zvalue":"9.0","angle":"0.0"},"geometry":{"type":"Point","coordinates":[-59.8932961700047,46.185701399595295]}},{"type":"Feature","properties":{"feat_code":"UTTO60","feat_desc":"TOWER (all except transmission line towers) point","zvalue":"9.1","angle":"0.0"},"geometry":{"type":"Point","coordinates":[-59.89230141220105,46.18608385342895]}},{"type":"Feature","properties":{"feat_code":"UTTO60","feat_desc":"TOWER (all except transmission line towers) point","zvalue":"8.8","angle":"0.0"},"geometry":{"type":"Point","coordinates":[-59.8942362742977,46.18679443820828]}},{"type":"Feature","properties":{"feat_code":"UTTK60","feat_desc":"TANK (6-15m diameter) point","zvalue":"84.4","angle":"0.0"},"geometry":{"type":"Point","coordinates":[-60.020747232601224,46.19123740672745]}},{"type":"Feature","properties":{"feat_code":"UTTO60","feat_desc":"TOWER (all except transmission line towers) point","zvalue":"8.9","angle":"0.0"},"geometry":{"type":"Point","coordinates":[-59.893263416018655,46.1881666693087]}},{"type":"Feature","properties":{"feat_code":"UTTO60","feat_desc":"TOWER (all except transmission line towers) point","zvalue":"9.0","angle":"0.0"},"geometry":{"type":"Point","coordinates":[-59.8908942876263,46.18812380020664]}},{"type":"Feature","properties":{"feat_code":"UTTO60","feat_desc":"TOWER (all except transmission line towers) point","zvalue":"56.1","angle":"0.0"},"geometry":{"type":"Point","coordinates":[-59.98512463016951,46.19527907533377]}},{"type":"Feature","properties":{"feat_code":"UTTO60","feat_desc":"TOWER (all except transmission line towers) point","zvalue":"56.7","angle":"0.0"},"geometry":{"type":"Point","coordinates":[-59.984946208835574,46.19534681993337]}},{"type":"Feature","properties":{"feat_code":"UTTO60","feat_desc":"TOWER (all except transmission line towers) point","zvalue":"56.267","angle":"0.0"},"geometry":{"type":"Point","coordinates":[-59.97761227921837,46.198813227450316]}},{"type":"Feature","properties":{"feat_code":"UTTO60","feat_desc":"TOWER (all except transmission line towers) point","zvalue":"311.786","angle":"0.0"},"geometry":{"type":"Point","coordinates":[-61.17452674293421,46.22961355665007]}},{"type":"Feature","properties":{"feat_code":"UTTO60","feat_desc":"TOWER (all except transmission line towers) point","zvalue":"109.061","angle":"0.0"},"geometry":{"type":"Point","coordinates":[-60.477247227741934,46.217571992417206]}},{"type":"Feature","properties":{"feat_code":"UTTO60","feat_desc":"TOWER (all except transmission line towers) point","zvalue":"332.8","angle":"0.0"},"geometry":{"type":"Point","coordinates":[-61.177732521417944,46.230906765910056]}},{"type":"Feature","properties":{"feat_code":"UTTO60","feat_desc":"TOWER (all except transmission line towers) point","zvalue":"16.0","angle":"30.0"},"geometry":{"type":"Point","coordinates":[-60.24940832270058,46.21612913557574]}},{"type":"Feature","properties":{"feat_code":"UTTO60","feat_desc":"TOWER (all except transmission line towers) point","zvalue":"16.0","angle":"30.0"},"geometry":{"type":"Point","coordinates":[-60.249442420719475,46.21618392317136]}},{"type":"Feature","properties":{"feat_code":"UTTO60","feat_desc":"TOWER (all except transmission line towers) point","zvalue":"27.2","angle":"0.0"},"geometry":{"type":"Point","coordinates":[-59.97577660394414,46.21145791445859]}},{"type":"Feature","properties":{"feat_code":"UTTO60","feat_desc":"TOWER (all except transmission line towers) point","zvalue":"65.1","angle":"0.0"},"geometry":{"type":"Point","coordinates":[-60.16711050549206,46.21997620040482]}},{"type":"Feature","properties":{"feat_code":"UTTO60","feat_desc":"TOWER (all except transmission line towers) point","zvalue":"65.1","angle":"0.0"},"geometry":{"type":"Point","coordinates":[-60.16776846335145,46.2200915203387]}},{"type":"Feature","properties":{"feat_code":"UTTO60","feat_desc":"TOWER (all except transmission line towers) point","zvalue":"28.507","angle":"0.0"},"geometry":{"type":"Point","coordinates":[-60.24445788559948,46.22683040828523]}},{"type":"Feature","properties":{"feat_code":"UTTK60","feat_desc":"TANK (6-15m diameter) point","zvalue":"50.356","angle":"0.0"},"geometry":{"type":"Point","coordinates":[-60.244800839470734,46.228676124887116]}},{"type":"Feature","properties":{"feat_code":"UTTK60","feat_desc":"TANK (6-15m diameter) point","zvalue":"50.356","angle":"0.0"},"geometry":{"type":"Point","coordinates":[-60.24478896906605,46.22871997665531]}},{"type":"Feature","properties":{"feat_code":"UTTK60","feat_desc":"TANK (6-15m diameter) point","zvalue":"50.356","angle":"0.0"},"geometry":{"type":"Point","coordinates":[-60.2447197396383,46.22875162652478]}},{"type":"Feature","properties":{"feat_code":"UTTK60","feat_desc":"TANK (6-15m diameter) point","zvalue":"50.356","angle":"0.0"},"geometry":{"type":"Point","coordinates":[-60.244780982619965,46.22875852184343]}},{"type":"Feature","properties":{"feat_code":"UTTK60","feat_desc":"TANK (6-15m diameter) point","zvalue":"50.356","angle":"0.0"},"geometry":{"type":"Point","coordinates":[-60.24471557648094,46.228791514978056]}},{"type":"Feature","properties":{"feat_code":"UTTK60","feat_desc":"TANK (6-15m diameter) point","zvalue":"50.356","angle":"0.0"},"geometry":{"type":"Point","coordinates":[-60.244778767973635,46.22879575716707]}},{"type":"Feature","properties":{"feat_code":"UTTO60","feat_desc":"TOWER (all except transmission line towers) point","zvalue":"25.2","angle":"0.0"},"geometry":{"type":"Point","coordinates":[-60.064547649499985,46.22958584578775]}},{"type":"Feature","properties":{"feat_code":"UTSP60","feat_desc":"SEWAGE SETTLING POND  (6-15m diameter) point","zvalue":"9.1","angle":"191.32"},"geometry":{"type":"Point","coordinates":[-60.036231896750685,46.23012644369674]}},{"type":"Feature","properties":{"feat_code":"UTSP60","feat_desc":"SEWAGE SETTLING POND  (6-15m diameter) point","zvalue":"9.3","angle":"195.25"},"geometry":{"type":"Point","coordinates":[-60.036037390278814,46.23015019832685]}},{"type":"Feature","properties":{"feat_code":"UTSP60","feat_desc":"SEWAGE SETTLING POND  (6-15m diameter) point","zvalue":"9.4","angle":"185.2"},"geometry":{"type":"Point","coordinates":[-60.03580261277846,46.230174707686054]}},{"type":"Feature","properties":{"feat_code":"UTSP60","feat_desc":"SEWAGE SETTLING POND  (6-15m diameter) point","zvalue":"9.5","angle":"193.0"},"geometry":{"type":"Point","coordinates":[-60.03562051131166,46.23020868405429]}},{"type":"Feature","properties":{"feat_code":"UTSP60","feat_desc":"SEWAGE SETTLING POND  (6-15m diameter) point","zvalue":"10.3","angle":"0.0"},"geometry":{"type":"Point","coordinates":[-60.03633286146482,46.231189320649726]}},{"type":"Feature","properties":{"feat_code":"UTSP60","feat_desc":"SEWAGE SETTLING POND  (6-15m diameter) point","zvalue":"10.4","angle":"0.0"},"geometry":{"type":"Point","coordinates":[-60.036099436591876,46.23121295667152]}},{"type":"Feature","properties":{"feat_code":"UTSP60","feat_desc":"SEWAGE SETTLING POND  (6-15m diameter) point","zvalue":"10.2","angle":"0.0"},"geometry":{"type":"Point","coordinates":[-60.036382319162925,46.23130670111447]}},{"type":"Feature","properties":{"feat_code":"UTSP60","feat_desc":"SEWAGE SETTLING POND  (6-15m diameter) point","zvalue":"10.3","angle":"0.0"},"geometry":{"type":"Point","coordinates":[-60.0361346334753,46.231329985210266]}},{"type":"Feature","properties":{"feat_code":"UTSP60","feat_desc":"SEWAGE SETTLING POND  (6-15m diameter) point","zvalue":"10.2","angle":"0.0"},"geometry":{"type":"Point","coordinates":[-60.03640450402466,46.23142429201631]}},{"type":"Feature","properties":{"feat_code":"UTSP60","feat_desc":"SEWAGE SETTLING POND  (6-15m diameter) point","zvalue":"10.4","angle":"0.0"},"geometry":{"type":"Point","coordinates":[-60.03617012265627,46.23146590433928]}},{"type":"Feature","properties":{"feat_code":"UTTO60","feat_desc":"TOWER (all except transmission line towers) point","zvalue":"59.039","angle":"0.0"},"geometry":{"type":"Point","coordinates":[-60.09917255138779,46.23699153506861]}},{"type":"Feature","properties":{"feat_code":"UTTK60","feat_desc":"TANK (6-15m diameter) point","zvalue":"7.4","angle":"0.0"},"geometry":{"type":"Point","coordinates":[-60.038623403597526,46.236751621695454]}},{"type":"Feature","properties":{"feat_code":"UTTK60","feat_desc":"TANK (6-15m diameter) point","zvalue":"7.4","angle":"0.0"},"geometry":{"type":"Point","coordinates":[-60.03862229219234,46.23679659527531]}},{"type":"Feature","properties":{"feat_code":"UTTK60","feat_desc":"TANK (6-15m diameter) point","zvalue":"7.4","angle":"0.0"},"geometry":{"type":"Point","coordinates":[-60.03862084090364,46.23682355008563]}},{"type":"Feature","properties":{"feat_code":"UTTK60","feat_desc":"TANK (6-15m diameter) point","zvalue":"44.4","angle":"0.0"},"geometry":{"type":"Point","coordinates":[-60.043101254847976,46.23703412300662]}},{"type":"Feature","properties":{"feat_code":"UTTK60","feat_desc":"TANK (6-15m diameter) point","zvalue":"44.4","angle":"0.0"},"geometry":{"type":"Point","coordinates":[-60.043111173827505,46.23718739687305]}},{"type":"Feature","properties":{"feat_code":"UTTO60","feat_desc":"TOWER (all except transmission line towers) point","zvalue":"76.3","angle":"0.0"},"geometry":{"type":"Point","coordinates":[-60.343526329349594,46.262599492429004]}},{"type":"Feature","properties":{"feat_code":"UTTO60","feat_desc":"TOWER (all except transmission line towers) point","zvalue":"45.1","angle":"0.0"},"geometry":{"type":"Point","coordinates":[-60.276473569741974,46.28529561092025]}},{"type":"Feature","properties":{"feat_code":"UTTO60","feat_desc":"TOWER (all except transmission line towers) point","zvalue":"99.1","angle":"0.0"},"geometry":{"type":"Point","coordinates":[-60.96790587505873,46.31731155160106]}},{"type":"Feature","properties":{"feat_code":"UTTK60","feat_desc":"TANK (6-15m diameter) point","zvalue":"42.607","angle":"0.0"},"geometry":{"type":"Point","coordinates":[-60.31246821107042,46.314169213216424]}},{"type":"Feature","properties":{"feat_code":"UTTK60","feat_desc":"TANK (6-15m diameter) point","zvalue":"28.257","angle":"0.0"},"geometry":{"type":"Point","coordinates":[-60.3124392920934,46.31706117233173]}},{"type":"Feature","properties":{"feat_code":"UTTK60","feat_desc":"TANK (6-15m diameter) point","zvalue":"6.948","angle":"0.0"},"geometry":{"type":"Point","coordinates":[-60.32846766880205,46.32125831205759]}},{"type":"Feature","properties":{"feat_code":"UTTK60","feat_desc":"TANK (6-15m diameter) point","zvalue":"8.862","angle":"0.0"},"geometry":{"type":"Point","coordinates":[-60.32773119893417,46.32125960413804]}},{"type":"Feature","properties":{"feat_code":"UTTK60","feat_desc":"TANK (6-15m diameter) point","zvalue":"8.383","angle":"0.0"},"geometry":{"type":"Point","coordinates":[-60.32782659812086,46.32191160126318]}},{"type":"Feature","properties":{"feat_code":"UTTK60","feat_desc":"TANK (6-15m diameter) point","zvalue":"6.709","angle":"0.0"},"geometry":{"type":"Point","coordinates":[-60.32909765262354,46.32210405332645]}},{"type":"Feature","properties":{"feat_code":"UTTK60","feat_desc":"TANK (6-15m diameter) point","zvalue":"6.709","angle":"0.0"},"geometry":{"type":"Point","coordinates":[-60.32938017407647,46.322113942031955]}},{"type":"Feature","properties":{"feat_code":"UTTO60","feat_desc":"TOWER (all except transmission line towers) point","zvalue":"95.3","angle":"0.0"},"geometry":{"type":"Point","coordinates":[-61.06771262403976,46.382728381208096]}},{"type":"Feature","properties":{"feat_code":"UTTO60","feat_desc":"TOWER (all except transmission line towers) point","zvalue":"474.5","angle":"0.0"},"geometry":{"type":"Point","coordinates":[-60.67880375734884,46.42946033368408]}},{"type":"Feature","properties":{"feat_code":"UTTO60","feat_desc":"TOWER (all except transmission line towers) point","zvalue":"363.8","angle":"0.0"},"geometry":{"type":"Point","coordinates":[-60.43920326565021,46.536254314913926]}},{"type":"Feature","properties":{"feat_code":"UTTO60","feat_desc":"TOWER (all except transmission line towers) point","zvalue":"369.1","angle":"0.0"},"geometry":{"type":"Point","coordinates":[-60.983708406406,46.57777525054732]}},{"type":"Feature","properties":{"feat_code":"UTTO60","feat_desc":"TOWER (all except transmission line towers) point","zvalue":"40.5","angle":"0.0"},"geometry":{"type":"Point","coordinates":[-61.05464967407612,46.60603552458774]}},{"type":"Feature","properties":{"feat_code":"UTTO60","feat_desc":"TOWER (all except transmission line towers) point","zvalue":"362.1","angle":"0.0"},"geometry":{"type":"Point","coordinates":[-60.399024763148894,46.59419247128285]}},{"type":"Feature","properties":{"feat_code":"UTTO60","feat_desc":"TOWER (all except transmission line towers) point","zvalue":"360.6","angle":"0.0"},"geometry":{"type":"Point","coordinates":[-60.398684122417244,46.59489931400918]}},{"type":"Feature","properties":{"feat_code":"UTTO60","feat_desc":"TOWER (all except transmission line towers) point","zvalue":"366.1","angle":"0.0"},"geometry":{"type":"Point","coordinates":[-60.39725372627285,46.59655063290732]}},{"type":"Feature","properties":{"feat_code":"UTTK60","feat_desc":"TANK (6-15m diameter) point","zvalue":"9.505","angle":"0.0"},"geometry":{"type":"Point","coordinates":[-61.01700528870172,46.612724901572065]}},{"type":"Feature","properties":{"feat_code":"UTTK60","feat_desc":"TANK (6-15m diameter) point","zvalue":"9.238","angle":"0.0"},"geometry":{"type":"Point","coordinates":[-61.017097930741215,46.6127586457206]}},{"type":"Feature","properties":{"feat_code":"UTTK60","feat_desc":"TANK (6-15m diameter) point","zvalue":"9.238","angle":"0.0"},"geometry":{"type":"Point","coordinates":[-61.01697929409116,46.61277762990369]}},{"type":"Feature","properties":{"feat_code":"UTTK60","feat_desc":"TANK (6-15m diameter) point","zvalue":"9.238","angle":"0.0"},"geometry":{"type":"Point","coordinates":[-61.01704901374943,46.61279677514104]}},{"type":"Feature","properties":{"feat_code":"UTTK60","feat_desc":"TANK (6-15m diameter) point","zvalue":"57.087","angle":"0.0"},"geometry":{"type":"Point","coordinates":[-61.04878631394478,46.61451743129765]}},{"type":"Feature","properties":{"feat_code":"UTSS60","feat_desc":"SUBSTATION (transformer) point","zvalue":"29.959","angle":"0.0"},"geometry":{"type":"Point","coordinates":[-60.992902500093365,46.619087055635696]}},{"type":"Feature","properties":{"feat_code":"UTTO60","feat_desc":"TOWER (all except transmission line towers) point","zvalue":"13.5","angle":"0.0"},"geometry":{"type":"Point","coordinates":[-61.012190367816864,46.62874053941965]}},{"type":"Feature","properties":{"feat_code":"UTTO60","feat_desc":"TOWER (all except transmission line towers) point","zvalue":"10.8","angle":"0.0"},"geometry":{"type":"Point","coordinates":[-61.02649386213799,46.64935891224225]}},{"type":"Feature","properties":{"feat_code":"UTTO60","feat_desc":"TOWER (all except transmission line towers) point","zvalue":"460.0","angle":"0.0"},"geometry":{"type":"Point","coordinates":[-60.84394051376599,46.73202752726739]}},{"type":"Feature","properties":{"feat_code":"UTTO60","feat_desc":"TOWER (all except transmission line towers) point","zvalue":"449.2","angle":"0.0"},"geometry":{"type":"Point","coordinates":[-60.849615166091795,46.75303940071134]}},{"type":"Feature","properties":{"feat_code":"UTTO60","feat_desc":"TOWER (all except transmission line towers) point","zvalue":"453.9","angle":"0.0"},"geometry":{"type":"Point","coordinates":[-60.6718760765147,46.81792597244401]}},{"type":"Feature","properties":{"feat_code":"UTTO60","feat_desc":"TOWER (all except transmission line towers) point","zvalue":"46.8","angle":"90.0"},"geometry":{"type":"Point","coordinates":[-60.326964339898694,46.81237218352177]}},{"type":"Feature","properties":{"feat_code":"UTTK60","feat_desc":"TANK (6-15m diameter) point","zvalue":"72.446","angle":"0.0"},"geometry":{"type":"Point","coordinates":[-60.32021047605886,46.833805480215496]}},{"type":"Feature","properties":{"feat_code":"UTTO60","feat_desc":"TOWER (all except transmission line towers) point","zvalue":"98.069","angle":"0.0"},"geometry":{"type":"Point","coordinates":[-60.50995353783895,46.8848484547395]}},{"type":"Feature","properties":{"feat_code":"UTSS60","feat_desc":"SUBSTATION (transformer) point","zvalue":"83.1","angle":"0.0"},"geometry":{"type":"Point","coordinates":[-60.50869062139597,46.88779868656649]}},{"type":"Feature","properties":{"feat_code":"UTTO60","feat_desc":"TOWER (all except transmission line towers) point","zvalue":"18.8","angle":"0.0"},"geometry":{"type":"Point","coordinates":[-60.50400345430204,46.91202121787217]}},{"type":"Feature","properties":{"feat_code":"UTTO60","feat_desc":"TOWER (all except transmission line towers) point","zvalue":"329.0","angle":"0.0"},"geometry":{"type":"Point","coordinates":[-60.45945421131134,46.976010362398796]}},{"type":"Feature","properties":{"feat_code":"UTTO60","feat_desc":"TOWER (all except transmission line towers) point","zvalue":"400.1","angle":"0.0"},"geometry":{"type":"Point","coordinates":[-60.42511820673743,47.00967188496089]}},{"type":"Feature","properties":{"feat_code":"UTTO60","feat_desc":"TOWER (all except transmission line towers) point","zvalue":"408.6","angle":"0.0"},"geometry":{"type":"Point","coordinates":[-60.42795497662141,47.01054472167031]}},{"type":"Feature","properties":{"feat_code":"UTTO60","feat_desc":"TOWER (all except transmission line towers) point","zvalue":"403.3","angle":"0.0"},"geometry":{"type":"Point","coordinates":[-60.42659789393708,47.01129625832227]}},{"type":"Feature","properties":{"feat_code":"UTTO60","feat_desc":"TOWER (all except transmission line towers) point","zvalue":"386.3","angle":"0.0"},"geometry":{"type":"Point","coordinates":[-60.42356085572279,47.01127651102158]}},{"type":"Feature","properties":{"feat_code":"UTTO60","feat_desc":"TOWER (all except transmission line towers) point","zvalue":"131.7","angle":"0.0"},"geometry":{"type":"Point","coordinates":[-60.15092429519942,47.194182369772356]}}]
}