{"type":"FeatureCollection","features":[{"type":"Feature","id":1,"geometry":{"type":"LineString","coordinates":[[-135.04121857153061,60.698662247948377],[-135.03630762024184,60.697816918497075],[-135.03265100107703,60.697288856553058],[-135.02888528930242,60.696717183253547],[-135.02499225755471,60.697725090302612],[-135.02082280181563,60.698822404945233],[-135.01806172520193,60.699577477283093],[-135.01485370915705,60.700391727802369],[-135.01144958314899,60.701290405129271],[-135.00975961018716,60.701732459549227],[-135.00805237299176,60.702180743505579],[-135.00537546131937,60.702885602713287],[-135.00148104016134,60.703891380719128],[-135.00237073328904,60.705903710770514],[-135.0030905331999,60.707493205194773],[-135.00370196282088,60.708831091636711],[-135.00457349850947,60.710713615632699],[-135.00561022033295,60.71293916104527],[-135.00632146736268,60.714526849917767],[-135.00706510131295,60.716155062120549],[-135.00787858506314,60.717878067091839],[-135.00866958071407,60.719618511843677],[-135.00947017396632,60.721356537379236],[-135.01074618466808,60.724145534647711],[-135.01104251579608,60.724791650242921],[-135.01146936672023,60.72566796564815],[-135.01254712146732,60.728031130509862],[-135.0143908976921,60.732073635533247],[-135.01542895893363,60.734315599787308],[-135.01655174465162,60.736147364098251],[-135.01770724389834,60.738040336534958],[-135.01867010850646,60.739608294894197],[-135.01991639211062,60.741631571338267],[-135.02119858628433,60.74374828553087],[-135.0224215681597,60.745725815760906],[-135.02361242707394,60.747692583518983],[-135.0249044799501,60.74978537674852],[-135.026108514925,60.751769429132281],[-135.02739395840732,60.753860492658958],[-135.02868273111798,60.755957440129094],[-135.03019630860163,60.758426274734312],[-135.03100410316918,60.759711145638704],[-135.03199743148923,60.761321283067538],[-135.03298631872408,60.762976835063029],[-135.03399654468902,60.764615235010133],[-135.03681995597114,60.766668465062693],[-135.03811589519725,60.767619570094169],[-135.03852511681495,60.767920124975959],[-135.03875766512488,60.768090016232129],[-135.04101902356607,60.769730005650054],[-135.04303328285141,60.771204900297327],[-135.04443840501864,60.772228766914267],[-135.04632800172823,60.773582302517134],[-135.04895920512149,60.775503729578723],[-135.05113590829919,60.777103401044997],[-135.05361083237727,60.778919867004902],[-135.05550020416635,60.780275616348881],[-135.05722195778807,60.781521831763719],[-135.05939254164497,60.783102892980622],[-135.06140015072759,60.784578796433287],[-135.06331089167534,60.785966611817258],[-135.06603878679081,60.787940896025809],[-135.06805792356587,60.78941207840883],[-135.07055703088324,60.791234070601497],[-135.07291470281572,60.792944799821029],[-135.07511250494667,60.794536813104202],[-135.07730442400629,60.796127275184134],[-135.07981551621859,60.797951367771198],[-135.08218225226199,60.799658417331955],[-135.08405023640245,60.801026819431485],[-135.08609408383003,60.802511413838829],[-135.087533884051,60.803552867531231],[-135.08888245309271,60.805783561505351],[-135.08996155178019,60.807584366964072],[-135.09109107262546,60.809442248287816],[-135.0922024786513,60.811295940371537],[-135.0932923343569,60.813052492850652],[-135.09494104210881,60.814890883030685],[-135.09650686789382,60.816614346449782],[-135.09796133260699,60.818202499535765],[-135.09933504701235,60.819712973064334],[-135.10071603781603,60.821198575102002],[-135.10464985769883,60.821506150994566],[-135.10861248498927,60.821811818962736],[-135.11305644772557,60.822121626064963],[-135.11643899272309,60.824528824943364],[-135.11871484395019,60.826194201674276],[-135.12189397903092,60.828512648294165],[-135.12398090650126,60.830033270974518],[-135.12632797030238,60.83170499822986],[-135.12805278980923,60.832962415811295],[-135.13155798881755,60.835524104347627],[-135.1344450935664,60.83759230664959],[-135.13678301072966,60.839285371296342],[-135.1388093869177,60.840759182563154],[-135.14085357143261,60.842232523453809],[-135.14329872463153,60.843993567368912],[-135.14540053885943,60.84551780840647],[-135.14798519070155,60.847393257787026],[-135.1504979819355,60.849203978629575],[-135.15258711490219,60.850731021118087],[-135.15518504055487,60.852608112232083],[-135.15754689769122,60.8543287700261],[-135.15966682514053,60.855861429732428],[-135.16255873465414,60.857942198743523],[-135.16560519029838,60.860158024885543],[-135.16849652637254,60.862240948133639],[-135.17098224553649,60.864038254793527],[-135.17376320378133,60.866049674542246],[-135.17593080660856,60.867615377717023],[-135.17946549240324,60.87016854375598],[-135.18162715296552,60.871730426895184],[-135.18452304312845,60.873818904692278],[-135.18741788279127,60.87590869548157],[-135.18972298055442,60.877574762426946],[-135.18952641558431,60.878714440418179]]},"properties":{"OBJECTID":1,"CORRIDOR_NAME":"Riverside - Takhini","LOCATION":"Overhead","VOLTAGE_V":138000,"CURRENT_TYPE":"AC","NUMBER_CIRCUITS":1,"POWERLINE_CODE":"L172","SHAPE.LEN":24980.376737763097}},{"type":"Feature","id":2,"geometry":{"type":"MultiLineString","coordinates":[[[-136.71263298296404,63.387375284086588],[-136.71890687772733,63.387370605451679],[-136.74289459627789,63.39240577757765],[-136.76371844137128,63.39489876493306],[-136.77336937501187,63.399425337755915],[-136.77909026347493,63.401744937652708],[-136.80216499376317,63.40949536361525],[-136.84793151229704,63.420924994455675],[-136.86492662568722,63.429723982814522],[-136.88515538791893,63.437414710758759],[-136.93990608278955,63.456574080416459],[-136.94914616410341,63.462198526513092],[-136.95499541593446,63.462784778374932],[-136.9592736923899,63.462196121906082],[-136.96595076228886,63.464036489314218],[-136.97329555713446,63.468238183056059],[-136.98842718515814,63.473663612427231],[-136.99745897463941,63.47880818875246],[-137.0045597646926,63.484214767185513],[-137.01556654114361,63.509921705371035],[-137.05812644648279,63.52048713355277],[-137.10374347276601,63.528722470973584],[-137.12191344084988,63.534017221592165],[-137.14168390851259,63.538460482603114],[-137.17060033112551,63.541720799556622],[-137.18331296997405,63.545322995561961],[-137.24814744456438,63.540566155309911],[-137.26499026515222,63.54194390722445],[-137.30553890339783,63.543467540111337],[-137.31796729373383,63.542434159303497],[-137.33222239653904,63.540908649265994],[-137.38869115812207,63.545350178016406],[-137.41132237088536,63.553266203808725],[-137.41229513015614,63.554487026468102],[-137.41319536625156,63.557413126733188],[-137.41523846620936,63.559913838602846],[-137.42560139502629,63.564630329253568],[-137.42783965065135,63.56485215047941],[-137.42872483589878,63.565477400314123],[-137.42872611928911,63.565479084991914],[-137.43126692727617,63.56861566706791],[-137.43398333150549,63.572476567212966],[-137.43907765148447,63.575046274137677],[-137.44163661745586,63.57743834710427],[-137.44422492871939,63.579857266156047],[-137.45036907945925,63.582865682974493],[-137.46668776641889,63.585225323685378],[-137.48294854812897,63.591323847799195],[-137.49839028731282,63.599833396049576],[-137.50657917194951,63.603348052609043],[-137.51263287198361,63.60804623104007],[-137.52485649943995,63.612455434106884],[-137.5430787840767,63.616763257221848],[-137.56949369036519,63.620567701831185],[-137.59638809498875,63.62117769293004],[-137.61248529715635,63.629986629441042],[-137.63018015767167,63.636221252893129],[-137.63737870522348,63.640426778593223],[-137.63911052743933,63.643190089150622],[-137.64643977387556,63.649555786883724],[-137.64703389198121,63.657308110018398],[-137.65516661262944,63.662104019971665],[-137.65516648467383,63.662104063246097],[-137.65708162475599,63.672723183040574],[-137.65996114363045,63.677675674038042],[-137.66205366953218,63.686609274631756],[-137.66205345808487,63.686609284068652],[-137.66009692810081,63.693229990586822],[-137.66067382444291,63.713129946008728],[-137.66067388937483,63.713129945463606],[-137.66992846013341,63.723264453500214],[-137.67440784033579,63.727330256952285],[-137.6782908222645,63.736753284907103],[-137.67490550154159,63.752443667861186],[-137.67778138038889,63.754693288710889],[-137.69881512020638,63.760058555765944],[-137.72393304781025,63.760056810718091],[-137.7239330480347,63.760056877233055],[-137.74339021520521,63.762566153186626],[-137.75926341185252,63.771154674148406],[-137.8025496595578,63.780631579122513],[-137.80254983188058,63.780631424405954],[-137.81394191729163,63.782416519914854],[-137.83433048126724,63.792353424568901],[-137.85219983749647,63.794324068554872],[-137.85219972772478,63.794324261462073],[-137.86102693449226,63.79968288153848],[-137.88766576696693,63.80301658112888],[-137.90399617095551,63.806881316621578],[-137.90878847360958,63.811532623457282],[-137.91804170813194,63.814715872286804],[-138.0000180530117,63.841776764013609]],[[-139.36573412263635,64.038665051072499],[-139.36549314713614,64.039819080346902],[-139.36530701581489,64.040671183139466],[-139.36459604229293,64.040665599749758],[-139.36233765472576,64.04061645716601],[-139.3608082735895,64.040583312060235],[-139.35909784668789,64.040176661024731],[-139.35712654609441,64.040268499517808],[-139.35518940796851,64.040357223749083],[-139.35355211583953,64.040293527672162],[-139.35174981079129,64.040221101611763],[-139.35011962903613,64.040155534618307],[-139.34851073935874,64.040090838061374],[-139.34736872275437,64.040044869849012],[-139.34622650073513,64.039998980047045],[-139.34418975321873,64.039917032774596],[-139.34215220434805,64.039834985492064],[-139.34024550151804,64.039758173326518],[-139.33838236333349,64.039683171710266],[-139.33622244969098,64.039596159565519],[-139.33440638780189,64.03952293786304],[-139.33237134810116,64.039440862485563],[-139.33047624452425,64.039364377894188],[-139.32843877264793,64.039282237274406],[-139.32051595101197,64.038962240164366],[-139.31860291391504,64.038760100672661],[-139.312675232104,64.038133425417612],[-139.3044934829008,64.037268034139345],[-139.30278134213339,64.037005346054571],[-139.30102387267053,64.036735618208084],[-139.2848427177484,64.034251218758769],[-139.27702283798848,64.034030485911885],[-139.26509974326638,64.033693142502656],[-139.22657608449506,64.032596315058882],[-139.21593042221505,64.032289289940778],[-139.20972422178153,64.032104171691202],[-139.20797159310791,64.032247685865102],[-139.20681401486627,64.032872904953607],[-139.20314535795316,64.033269743194495],[-139.20136001956416,64.03340504484099],[-139.1994732790136,64.03341975006073],[-139.19757881662852,64.033325976667683],[-139.19571319363868,64.033121233734505],[-139.19408855588918,64.032843258786954],[-139.1924577630212,64.032461256070903],[-139.19108608524692,64.032100611567373],[-139.18770524642881,64.031211528965883],[-139.18704904994624,64.03048798566121],[-139.18547059062359,64.030095235623179],[-139.18386498607848,64.029842310167041],[-139.17902479816777,64.029087960449289],[-139.17758818716459,64.028863536571095],[-139.17562526349454,64.028713658769377],[-139.17379554081376,64.028635968219731],[-139.1719657081855,64.028556017176996],[-139.17013816537821,64.02847624315973],[-139.16857365138247,64.028023409117964],[-139.16681011283617,64.027509849458809],[-139.16541929780342,64.027106291008693],[-139.16229093257954,64.026197079309398],[-139.16119954917991,64.025445921953306],[-139.16009829875799,64.024690105590409],[-139.15710310349016,64.02263425328546],[-139.15440571971612,64.020782310661119],[-139.15225265251181,64.019304034300049],[-139.15021145875181,64.019170548201174],[-139.14825966254514,64.019042831402402],[-139.13769173949242,64.018350904145692],[-139.13056173111815,64.017883583850761],[-139.12431230461237,64.018600538524396],[-139.12179891138052,64.018638359458933],[-139.11930820488212,64.018675855916399],[-139.11728055987578,64.018497662401515],[-139.1154981058196,64.018341068189812],[-139.11329239319167,64.018147195355255],[-139.10935303400373,64.017384292169936],[-139.10730225347146,64.017329036425238],[-139.10640922915115,64.017304882869567],[-139.10465611293012,64.016913280897697],[-139.09976625110394,64.015820902932475],[-139.09806307867836,64.015306191015569],[-139.0953802049205,64.014495290375734],[-139.09426183289492,64.014318242084656],[-139.09263107364336,64.0140600195639],[-139.09122915271348,64.013838018470665],[-139.08955440545154,64.013572737257647],[-139.08870621580286,64.013064731596089],[-139.08786520141152,64.012560836968731],[-139.08696771230623,64.012304714601669],[-139.08537115076095,64.011849147488022],[-139.08354718210921,64.012325741859115],[-139.07504526834668,64.014546902054761],[-139.06526335109274,64.017101467365279],[-139.06182507889213,64.019223395451846],[-139.0537203498653,64.024223913187527],[-139.04320570358294,64.030707747398139],[-139.03509412322606,64.035707283712284],[-139.02572362754753,64.041479997824538],[-139.01209290839714,64.046531015827341],[-138.9998822889676,64.051053144554189],[-138.98475818815706,64.056650844748219],[-138.97408066185773,64.060600369149071],[-138.96827476007181,64.059843488214241],[-138.96448663287012,64.059349473742245],[-138.94919807293689,64.05735447220313],[-138.93897415152236,64.056019402758537],[-138.93533000929091,64.05554329403553],[-138.93341486411447,64.055293037632751],[-138.93204925997466,64.054953462303629],[-138.93029527101905,64.054517347914242],[-138.92163306878695,64.052362798764037],[-138.91469014955709,64.050635199172959],[-138.91317686578188,64.050258641984769],[-138.90975938497988,64.049408063160243],[-138.9065408872986,64.047629920317618],[-138.90203809761951,64.045141583746059],[-138.90038604151397,64.044876282411764],[-138.89500485121596,64.04401198254746],[-138.88355678838394,64.042172453429899],[-138.87288824964807,64.040457121888267],[-138.86729023334192,64.039556632266923],[-138.86515486459322,64.039488406031978],[-138.85728651116261,64.039236946479122],[-138.85321460395039,64.039106588761783],[-138.84608305856875,64.038878106933453],[-138.84080516562878,64.037657926581176],[-138.8272860318371,64.03453107283876],[-138.82230993688145,64.033379579479245],[-138.81900094909696,64.032613789566838],[-138.81788317897485,64.03186120567419],[-138.81566158612623,64.030365358576361],[-138.81237963010994,64.028155343506413],[-138.81015860955526,64.026659324263591],[-138.80472395540477,64.022998312552716],[-138.79810856346722,64.018540056515121],[-138.79493201273556,64.016398644580718],[-138.78864852659248,64.014245441391623],[-138.7840422412481,64.012666572058833],[-138.78093901443489,64.011602747073084],[-138.77984140442692,64.010848754120417],[-138.77700204044547,64.008898419443838],[-138.77074219427834,64.004597125901],[-138.76325695820344,63.999451983283002],[-138.7621766939441,63.998709187300079],[-138.75683064513046,63.995032727480968],[-138.75269766578558,63.992189590953707],[-138.75235990904463,63.990545643867421],[-138.75132180250989,63.98549089047571],[-138.75077254670427,63.982815086079043],[-138.75234896175775,63.979586177532191],[-138.74742701960551,63.975411972213863],[-138.744606964924,63.974815419424878],[-138.7365863948217,63.973118612380581],[-138.7277999365507,63.971259027476385],[-138.72668017295655,63.970129837999956],[-138.72205667946594,63.96546709282093],[-138.72115983827123,63.964562440775936],[-138.71802537333826,63.961400063127947],[-138.7147792731117,63.959664536534902],[-138.71316978581129,63.958803821822684],[-138.71230197297859,63.957525387910003],[-138.70924387011198,63.957357470179296],[-138.70315868811059,63.957023214996603],[-138.70011745053554,63.956856073685081],[-138.69101979172964,63.957178200814717],[-138.68841749660407,63.957270280603375],[-138.68602175242839,63.956431982677557],[-138.67899781488072,63.953973757173117],[-138.6766088430075,63.953137487981095],[-138.67420046533493,63.951974519462283],[-138.66576698463555,63.947900644883624],[-138.66342409863057,63.947562504175806],[-138.65208660150378,63.945925806839369],[-138.64346316499689,63.944680217708431],[-138.63600301123824,63.943602150848747],[-138.63452337907788,63.943388249900103],[-138.6329963387947,63.943604111061603],[-138.63212968427814,63.943726664539071],[-138.62937410750806,63.943385136255856],[-138.62661609411688,63.943043244254973],[-138.62443926245334,63.942773383583138],[-138.61855434959909,63.943260728370866],[-138.60815580762693,63.944121378951209],[-138.59444351078335,63.942040212922571],[-138.58386026644891,63.940432850448552],[-138.57256486948251,63.938716254031235],[-138.56721569065695,63.937902929612413],[-138.55925408543808,63.938616907281961],[-138.54337024262475,63.940040057056947],[-138.53122196075242,63.939408793063542],[-138.51389760293287,63.941612375838659],[-138.50106361985198,63.943243295594243],[-138.4927739055959,63.944296070185636],[-138.48719348298246,63.943381535748458],[-138.48308443755613,63.942707941679949],[-138.47591194468919,63.941531908112481],[-138.4658501767878,63.9402481702503],[-138.46291238918622,63.939873193945374],[-138.45802205662994,63.939248856093677],[-138.44937709120831,63.939653845657574],[-138.44411460916899,63.939900201129184],[-138.44096133061632,63.940047663298827],[-138.43307901044071,63.939579169637433],[-138.42822872410142,63.93929060749366],[-138.42570693396416,63.939140592274164],[-138.42297372756727,63.938531970216204],[-138.42029944238345,63.937936448828943],[-138.4136011486755,63.935405446601649],[-138.3976726757349,63.929383680902745],[-138.38631034475688,63.925085595494998],[-138.37487450636874,63.920757228575468],[-138.36823079046368,63.918241756897217],[-138.36150467645481,63.91569414554656],[-138.3583311144111,63.915216951064863],[-138.34232794325169,63.912809345018196],[-138.32574064808037,63.910311472740688],[-138.32223524255275,63.908392105773665],[-138.31768042617693,63.905897717962759],[-138.31101571612172,63.903861676022885],[-138.30147728217051,63.900946710790507],[-138.29453402574899,63.898823957832043],[-138.29057138893441,63.897612199685582],[-138.28264910191524,63.895848672136381],[-138.27545806822872,63.896332369343156],[-138.27284115267977,63.896508285985227],[-138.27028774216478,63.896679938578011],[-138.26772996220643,63.896283462198006],[-138.26124922696982,63.895278527544903],[-138.2591954676964,63.895109938466987],[-138.25319035631586,63.894616836394079],[-138.2413807945982,63.89364623796061],[-138.2334072172635,63.892990356316901],[-138.22787089058806,63.892895619787367],[-138.22503257068692,63.892847006926353],[-138.21719970418326,63.892712415189195],[-138.21506838024104,63.892675719941238],[-138.20663835328446,63.891128798798334],[-138.20021448332568,63.88848534161923],[-138.19812214845695,63.887624183994902],[-138.18805295363427,63.885585171167406],[-138.17566193027955,63.883074599297643],[-138.1733639807253,63.882608897072117],[-138.17053818495697,63.882402025943101],[-138.16774734017497,63.88219765986409],[-138.16543100924173,63.882028035703136],[-138.16062204685173,63.880669695733033],[-138.15196961593952,63.878224875400015],[-138.14948545185729,63.877522759060945],[-138.13752397666281,63.874140872752378],[-138.12210178119486,63.871535946287224],[-138.11376246506319,63.870126453549929],[-138.1082332660414,63.868924406606084],[-138.10707697063856,63.868321495315222],[-138.10576317771816,63.867636530923782],[-138.09807877069301,63.863629164304598],[-138.09181480994792,63.860361273490703],[-138.08917321575856,63.860247364412437],[-138.08593875599774,63.860107715542988],[-138.07707948404675,63.859724963726592],[-138.06311397200591,63.859120521899598],[-138.05957210467707,63.858967036102563],[-138.0576493960495,63.85888359656726],[-138.05269098837863,63.858668460133714],[-138.04982405264968,63.858543960563502],[-138.04428592749798,63.857596616985596],[-138.04019950904643,63.855584992787207],[-138.03895489681034,63.854554348265751],[-138.03771172243938,63.853525023748325],[-138.0355106133425,63.851702044515207],[-138.03312721014916,63.849727834651389],[-138.03077683367482,63.848864230022926],[-138.02851137908169,63.848031861852839],[-138.02616807840204,63.847170739313718],[-138.02385713971779,63.84632147005123],[-138.02127383825226,63.845999077276353],[-138.01912209586993,63.845730592546609],[-138.01677504977016,63.845437582636059],[-138.01442787004962,63.845144549552806],[-138.01100493263354,63.844717064362797],[-138.00894123437956,63.844459353991709],[-138.00706158218077,63.843933531407458],[-138.00525897014828,63.843429165697884],[-138.00376119031927,63.84301005772992],[-138.00135454774352,63.84221713152106],[-138.00003128303163,63.841781129636395]]]},"properties":{"OBJECTID":2,"CORRIDOR_NAME":"Stewart Crossing - Dawson","LOCATION":"Overhead","VOLTAGE_V":69000,"CURRENT_TYPE":"AC","NUMBER_CIRCUITS":1,"POWERLINE_CODE":"L177","SHAPE.LEN":171564.65784914}},{"type":"Feature","id":3,"geometry":{"type":"LineString","coordinates":[[-135.91707172597398,63.654672957692569],[-135.92929478591589,63.650817592498022],[-135.99039537530882,63.601137083644723],[-135.99343723209648,63.596699433790484],[-136.00870044007519,63.589851571727571],[-136.04524386373802,63.580231024788311],[-136.1080720362435,63.557625330297398],[-136.14212087611713,63.547616546010524],[-136.15420256977387,63.546085329987896],[-136.16261455660384,63.539934022559223],[-136.19528100519469,63.528788967918494],[-136.21308515704794,63.524431070595341],[-136.22543056650116,63.523633499689609],[-136.22974851093105,63.52166617508469],[-136.23961625723302,63.506334221300961],[-136.26244445218373,63.499708845089813],[-136.30705647594164,63.492842186732055],[-136.31086024751727,63.490956866802286],[-136.31998831997956,63.488243129791584],[-136.32505813066183,63.486087917328959],[-136.33975266878639,63.481955400904759],[-136.34273699139374,63.481424766817788],[-136.34576771510493,63.481482099380024],[-136.36131435304341,63.481731383562348],[-136.37319292909328,63.478526912460289],[-136.37825308802925,63.477073548923137],[-136.40845832741101,63.46792358979112],[-136.42293093691944,63.463120054528162],[-136.47404241308487,63.442267488776707],[-136.50225447177232,63.429592653130392],[-136.52092231306187,63.42551139356739],[-136.53439840641281,63.418305544743561],[-136.54962515435307,63.414703400080718],[-136.55418041470628,63.413703456384646],[-136.56482738093362,63.411988526867795],[-136.58851751221334,63.406174304632344],[-136.61197107350566,63.395440423014556],[-136.62668859627257,63.39257984335979],[-136.63520071562979,63.389163510564494],[-136.64021465313721,63.387906077952856],[-136.64249152896994,63.387190066654128],[-136.64467100013528,63.386425729804593],[-136.64917349075435,63.384690672199035],[-136.65466476259425,63.383763556800247],[-136.66715587333744,63.38268627148539],[-136.68656210561693,63.384282160696877],[-136.70036774516294,63.387383636338328],[-136.71263298296404,63.387375284086588]]},"properties":{"OBJECTID":3,"CORRIDOR_NAME":"Mayo - Stewart Crossing","LOCATION":"Overhead","VOLTAGE_V":69000,"CURRENT_TYPE":"AC","NUMBER_CIRCUITS":1,"POWERLINE_CODE":"L176","SHAPE.LEN":52284.107198691199}},{"type":"Feature","id":4,"geometry":{"type":"LineString","coordinates":[[-136.83660847559995,62.600970145655964],[-136.83632929654755,62.605189990898687],[-136.84277723687765,62.608022580441357],[-136.83848290579397,62.640686823487549],[-136.83513060149798,62.659207603319061],[-136.76642086574563,62.699591665271534],[-136.73910714053767,62.71289005399791],[-136.7075633376931,62.728226577219857],[-136.68217034661558,62.740555965435753],[-136.66294951218799,62.749878637681725],[-136.66090084771693,62.750871805115572],[-136.65909136612902,62.75223830462145],[-136.61028359531628,62.78904122974555],[-136.5973749654253,62.817611873529195],[-136.59138477740086,62.822763180566447],[-136.5913841573331,62.822763330913247],[-136.58855876070479,62.823443373569162],[-136.58334138822795,62.824699022085305],[-136.5803933977416,62.825408376092],[-136.5806741144055,62.826760628971172],[-136.58211301162234,62.829666688423515],[-136.58268598780245,62.830870873421752],[-136.58259097413639,62.832141386322107],[-136.58095173577345,62.832848275249617],[-136.57774099745447,62.834232686956696],[-136.57556333116565,62.835171541264678],[-136.56952399319275,62.83777478989596],[-136.51829340002502,62.846790690426502],[-136.50808259521344,62.850986470559874],[-136.49493391377703,62.861866372725025],[-136.50093478978405,62.876369899562448],[-136.51229310552091,62.903781278745399],[-136.51129452379612,62.927142862683979],[-136.50726974810107,62.945269316811654],[-136.50653711858459,62.948566451093143],[-136.5110631287555,62.964272485982185],[-136.50254244057083,62.974470499893798],[-136.50610575153996,62.986337107262493],[-136.50534094588363,62.988618305236287],[-136.48909059029819,62.998995730279532],[-136.48237775463016,63.005840499296653],[-136.46295499811131,63.010086295031023],[-136.45268556229124,63.01837756112419],[-136.44471829493585,63.03513895799707],[-136.43183002007524,63.040429044749779],[-136.42540505764001,63.0601533354398],[-136.42461131132185,63.062588264027433],[-136.4761824389206,63.103573035707015],[-136.47949164616023,63.114581844923961],[-136.48280341455796,63.125590562080546],[-136.48341198120565,63.134170566995117],[-136.48726740861946,63.137886558032619],[-136.48942036658843,63.145054725888556],[-136.49063054809506,63.155536977426841],[-136.49605916664603,63.160968782920101],[-136.51754912848489,63.182449171035728],[-136.51608559573899,63.212328840271077],[-136.51941778587607,63.218024509316706],[-136.5155058996653,63.224149318741809],[-136.54274589339099,63.245896632525273],[-136.55721310898701,63.255640405169174],[-136.57779879111595,63.271180097205274],[-136.58234823810326,63.272053060147542],[-136.58939401602552,63.273564186861776],[-136.59091557870937,63.274768327919745],[-136.59246203171395,63.275992033274413],[-136.60724874141894,63.287692067233607],[-136.62796902823041,63.322550322370638],[-136.67515068172995,63.340858293560778],[-136.6776314854221,63.341818243212401],[-136.67846208604195,63.341993985956222],[-136.67884049714473,63.342140375940204],[-136.67965764811535,63.342571678694028]]},"properties":{"OBJECTID":4,"CORRIDOR_NAME":"Minto Landing - Stewart Crossing South","LOCATION":"Overhead","VOLTAGE_V":138000,"CURRENT_TYPE":"AC","NUMBER_CIRCUITS":1,"POWERLINE_CODE":"L174","SHAPE.LEN":95491.1634252066}},{"type":"Feature","id":5,"geometry":{"type":"LineString","coordinates":[[-136.67968764594269,63.34258751121483],[-136.68053481953433,63.343034642246977],[-136.68091333458659,63.343181008076535],[-136.68145256382365,63.343298457850452],[-136.68347047838353,63.344082594970196],[-136.71195403165697,63.355112058224023],[-136.7136066436278,63.359452069181934],[-136.71224608297192,63.36290049744882],[-136.71315969119578,63.387232113950439]]},"properties":{"OBJECTID":5,"CORRIDOR_NAME":"Stewart Crossing South - Stewart Crossing North","LOCATION":"Overhead","VOLTAGE_V":138000,"CURRENT_TYPE":"AC","NUMBER_CIRCUITS":1,"POWERLINE_CODE":"L175","SHAPE.LEN":5734.3374852790203}},{"type":"Feature","id":6,"geometry":{"type":"LineString","coordinates":[[-136.20077839647686,62.11670106767145],[-136.20036988996952,62.116862878669615],[-136.19746889129416,62.11795247768665],[-136.19287727125169,62.117012067002847],[-136.18858525408913,62.116108721266556],[-136.18466003682471,62.115252269624328],[-136.1806257118042,62.114470550969607],[-136.17663321365779,62.113641021286369],[-136.172161800808,62.112800542273483],[-136.16757640550836,62.112828421004146],[-136.16268234316419,62.112950258306029],[-136.1589176993343,62.113027149010414],[-136.15258319177107,62.113181288815241],[-136.14890022906829,62.113289231707689],[-136.13961860872956,62.1135488029865],[-136.13448774688217,62.111862218872083],[-136.13103965737247,62.110740017312729],[-136.12721780417615,62.10948274144372],[-136.12178076055059,62.10765557276568],[-136.11884301632469,62.10673633818331],[-136.11547648437011,62.105637272797182],[-136.11187619955027,62.104468634179561],[-136.108265472059,62.103278827476018],[-136.10454782607684,62.102077151416459],[-136.09918132014013,62.100296699075315],[-136.09585233655594,62.099206065983552],[-136.09279279119917,62.098186220350094],[-136.08968952543708,62.097181779754216],[-136.08670870672401,62.096178768599991],[-136.08280728602193,62.095200158611775],[-136.07921735531477,62.09433079501612],[-136.07562946236331,62.093415773213451],[-136.07176896947752,62.092424821759451],[-136.06765459962418,62.091364353923957],[-136.06406882135994,62.090452295966692],[-136.06024690048787,62.089490147934747],[-136.05740474216196,62.088769375874982],[-136.05356532857905,62.087796766415266],[-136.04999850626598,62.086915973602018],[-136.04589317136114,62.085848988615489],[-136.04243931804447,62.084966610525839],[-136.03842834406555,62.08393516995217],[-136.03323775149994,62.084899530196545],[-136.0286502052268,62.085758690488412],[-136.02458308082382,62.086516035343095],[-136.01927027483873,62.087531142826677],[-136.01540959769471,62.088218089178433],[-136.01248613970895,62.086967006979364],[-136.01034339704981,62.086034231751775],[-136.00746924561184,62.084795307629044],[-136.00544217929064,62.083931125825593],[-136.0018472644083,62.082307596677346],[-135.99945758781163,62.081272569353494],[-135.99693297827596,62.080168146062313],[-135.99433677857772,62.079038984982361],[-135.99173600822027,62.077969147627954],[-135.98857023639653,62.076545552492242],[-135.98513681560451,62.07505126658382],[-135.98262272752567,62.073955246561745],[-135.97963441526289,62.072653750594988],[-135.9762284223502,62.071171342465661],[-135.97386328576582,62.070128703942792],[-135.97085909007197,62.068817294517373],[-135.96726526749146,62.067255659556423],[-135.96424039552431,62.065953652865169],[-135.96063686574732,62.06439135067356],[-135.95544851972483,62.063665984219547],[-135.94978476037471,62.06343661241165],[-135.94708032034649,62.063853533100101],[-135.94327920106747,62.064433445862512],[-135.9391774745161,62.065048153128309],[-135.93584696777799,62.065566435586526],[-135.93417904677943,62.064655476322528],[-135.93111945465543,62.06297266968491],[-135.92434110928065,62.059267943776078],[-135.91994319431171,62.056866608264052],[-135.91698317853542,62.055350245660613],[-135.91472752875859,62.054198875268078],[-135.91208266822872,62.052837585341067],[-135.90943221123644,62.051473041383005],[-135.90666737788118,62.050043628430252],[-135.90383100090523,62.048559043527284],[-135.90050391776353,62.046854024370454],[-135.89698495163827,62.045044241883581],[-135.89426925627291,62.043674332723008],[-135.890963540277,62.041975942589289],[-135.88817086269407,62.040528642718343],[-135.88330843629282,62.038056396491029],[-135.87866512084722,62.03763376152709],[-135.87510431230248,62.037322238205149],[-135.87027271477973,62.036885379086364],[-135.86602339283561,62.036476876739101],[-135.86156833481223,62.035600231682508],[-135.85596363877923,62.034486144165761],[-135.85224538306642,62.033746218865737],[-135.8495430239673,62.033210238008557],[-135.84575532160972,62.032448446776748],[-135.84073640855451,62.031463207352793],[-135.83767260939138,62.030901931857656],[-135.83264336232068,62.029854404541766],[-135.82997739727699,62.029328766197033],[-135.82679202598115,62.028708257008333],[-135.8230079868386,62.027971930201666],[-135.82010153159052,62.027379067556076],[-135.81607932907283,62.026583443264904],[-135.81125958268902,62.02564089244602],[-135.8093076535099,62.025237840223788],[-135.80212634035342,62.02378528758419],[-135.79785359429854,62.022964683037536],[-135.79407112095996,62.023211962242883],[-135.79090951661456,62.023420079116839],[-135.78814824857059,62.024594137082538],[-135.78557266503799,62.025680023220886],[-135.78275112705691,62.026863461324552],[-135.77931782800238,62.028305474371003],[-135.77454366545953,62.03031233584494],[-135.77084515478268,62.03186356149677],[-135.76769014027755,62.033184000198496],[-135.76430762123996,62.034618924196991],[-135.75944456840227,62.036545096517251],[-135.75589524769552,62.037988734656508],[-135.75244708188234,62.039344634159036],[-135.74890257715796,62.040803108758077],[-135.74589215258345,62.041935455148597],[-135.74266089892961,62.043223111523304],[-135.73930276166743,62.044589809417765],[-135.73653722488513,62.045661920037091],[-135.73433112151807,62.046549587352267],[-135.73120741153991,62.047141818339966],[-135.72798930576363,62.047754035925045],[-135.72354309884579,62.048605206512157],[-135.71966219495496,62.049354930213262],[-135.71670806964187,62.049920453086969],[-135.71301661629653,62.051270619041503],[-135.71079755913141,62.052149705874449],[-135.70675105868119,62.053632294426002],[-135.70386178660692,62.05472765283416],[-135.70165112997205,62.055539461775489],[-135.69844693440939,62.056733577747686],[-135.69526386675895,62.057953247480199],[-135.69185481961802,62.05920108425773],[-135.68842660718005,62.060470673747837],[-135.68493789131878,62.061778036081982],[-135.68211029855746,62.062828864535213],[-135.67812317785098,62.064300121086909],[-135.67415081560708,62.065795031955766],[-135.67035331103466,62.067173868582394],[-135.66614828061756,62.06875498978637],[-135.66224512523613,62.070170070402526],[-135.65930231793925,62.071271193668231],[-135.65586948198319,62.072543137000736],[-135.65292803857494,62.07364972628023],[-135.65009491649775,62.074696864926352],[-135.64714911459529,62.075801662171322],[-135.64305108389547,62.077325384341371],[-135.63964751132684,62.078584260446782],[-135.63657372989192,62.079723640878569],[-135.63305015529653,62.081025993090364],[-135.629929108429,62.082189264773881],[-135.62721101188032,62.083222980004564],[-135.62329066431684,62.083414396719917],[-135.61968021146694,62.083604835004145],[-135.61506387055954,62.083826533520039],[-135.61038524221169,62.084063504834752],[-135.60572368014687,62.084283258011311],[-135.60292425667944,62.084406399328877],[-135.59823693478461,62.084619307729227],[-135.59435164202159,62.084779608050781],[-135.58958270501319,62.085018389944096],[-135.58582228164374,62.085205224348506],[-135.58189086800576,62.085403781168473],[-135.57627026086615,62.085641851657812],[-135.57271710117212,62.085804404357482],[-135.56633149798438,62.086109321285335],[-135.56251749958315,62.08637783247643],[-135.55648297612638,62.086568943714319],[-135.55185158010616,62.086781919149715],[-135.54747264662663,62.086988103163243],[-135.5440093282466,62.087120567654118],[-135.53986717323076,62.087344115368985],[-135.53399483017213,62.087617695686333],[-135.53016506511116,62.087769656629789],[-135.52595569320459,62.08796692346651],[-135.52173069284959,62.088195009299639],[-135.51709733969815,62.088412203791442],[-135.51256667065448,62.088609895124435],[-135.50723018724042,62.088860969769122],[-135.5027490922248,62.089076766259723],[-135.50080945016745,62.088760338370648],[-135.49646540504466,62.088237176229143],[-135.4919530636397,62.087624953313885],[-135.48688373194628,62.086939366019493],[-135.48367656434601,62.08651149931304],[-135.47949609730352,62.085942125962305],[-135.4751365155754,62.085347919758846],[-135.46963019058043,62.084618112389222],[-135.46657433737056,62.084196284477123],[-135.46153739458592,62.083511249930588],[-135.45804020448909,62.083049315232252],[-135.45510840777084,62.082645568086285],[-135.45339552977018,62.08241424710959],[-135.44949192465836,62.081881876171586],[-135.44680684342083,62.080101966767963],[-135.44423015666118,62.078378847952507],[-135.44147904664729,62.076543473417424],[-135.43851283372567,62.07460060400264],[-135.43626205712059,62.073084381532951],[-135.43346506347692,62.07121570765711],[-135.43007927149063,62.071860436440936],[-135.42586803337161,62.072582042400391],[-135.42166304412254,62.073365547343059],[-135.41755238772731,62.074103208822173],[-135.41423729718167,62.074665215765421],[-135.41014978762522,62.075405422910357],[-135.40537279179844,62.076280017061833],[-135.40089758701072,62.077076193359339],[-135.39659967734553,62.077841105146753],[-135.39266946394767,62.078557317230327],[-135.38976369790751,62.078976774395429],[-135.38636680472891,62.079674219627059],[-135.3834563711404,62.080216940532452],[-135.37937628757956,62.080939597495203],[-135.37422991823905,62.081860058819096],[-135.370008125563,62.08265301907683],[-135.36635761239481,62.083271718295798],[-135.36163621669991,62.084120025495629],[-135.35630509778193,62.085075191962581],[-135.35259573421956,62.085853819308447],[-135.34863214332225,62.086659299684086],[-135.34381775315836,62.087626529289828],[-135.33662429675476,62.089105778237183],[-135.33232546701333,62.089953291005521],[-135.32831295184869,62.090792171443198],[-135.32223291202311,62.092023923017742],[-135.31832889624235,62.092824890453088],[-135.31473037641481,62.093561822121046],[-135.31142250880282,62.094249362018083],[-135.30900672987732,62.094714755451882],[-135.30495784892497,62.095556286911695],[-135.30126113626309,62.098421964156103],[-135.29766524593643,62.101099077486246],[-135.29494495665244,62.103196493935414],[-135.29351363171423,62.10427194361921],[-135.29137989095435,62.105904298500363],[-135.28992521837256,62.106978826280425],[-135.28824011701161,62.108263230637014],[-135.28617837080492,62.10981564198314],[-135.28328898673055,62.112032014119571],[-135.28025829018574,62.114310826261871],[-135.27465526093562,62.115292947860191],[-135.26821141591728,62.116436506717406],[-135.26293744743469,62.117286816069146],[-135.25864259737801,62.118044866678204],[-135.25268419789282,62.119067531250465],[-135.24936209607142,62.119626731173184],[-135.24434546678623,62.120478775514862],[-135.24087924060603,62.121077046354408],[-135.23485533433012,62.12211148702287],[-135.23295540449755,62.122423039726279],[-135.22586903910482,62.123637046567055],[-135.2214609927874,62.12441099151718],[-135.21731562207469,62.125121808684995],[-135.20971878096341,62.126438046761244],[-135.20575332408765,62.127100175719832],[-135.19855665488001,62.12830579121065],[-135.19404304713385,62.129133508354592],[-135.19189645826384,62.131022603100988],[-135.18927727823711,62.13338734276509],[-135.18741300893905,62.135057628170792],[-135.18537433099419,62.136868019003785],[-135.18354486248117,62.138506247743742],[-135.18186964281654,62.140001165514484],[-135.18022607972478,62.14147991816666],[-135.17795071707715,62.143519780579084],[-135.17622920591432,62.14505019856314],[-135.17282447540043,62.148134223757644],[-135.17049844074521,62.150208170694384],[-135.16885270381584,62.151695152842535],[-135.16682676957504,62.153488292669415],[-135.1646201599045,62.15478462920413],[-135.16242785504258,62.156113982057768],[-135.15981561745701,62.157624453002533],[-135.15659523734323,62.159443336850423],[-135.1533938359423,62.16133363874345],[-135.15028522102071,62.163118462760401],[-135.14727126549789,62.164848521753377],[-135.14309022630732,62.167291551579275],[-135.14067448555085,62.168695497015733],[-135.13891192091171,62.169694928030566],[-135.13596407336669,62.171407823484884],[-135.1336089500889,62.172795131577821],[-135.13148906488692,62.174010108779385],[-135.12864689691409,62.175655280174624],[-135.12572752960867,62.177360667303262],[-135.12332733328441,62.178746502450799],[-135.12107647504519,62.180031217155573],[-135.11668693758818,62.180739042329016],[-135.11200351146277,62.181499873034838],[-135.10880632695094,62.182014959704915],[-135.10507326209836,62.182622828419532],[-135.09890099270359,62.183635907032219],[-135.09403289156563,62.184398325126182],[-135.09083552757849,62.184923087184295],[-135.08807833166722,62.185396205034536],[-135.08417280611991,62.185979579965078],[-135.07947240664365,62.186747848139142],[-135.07325999822902,62.187736198968658],[-135.06839408234302,62.188537193330454],[-135.06409097249136,62.18924408884893],[-135.06071489825823,62.189811126373478],[-135.05610703751725,62.190336271464389],[-135.05098422535951,62.190911406309425],[-135.04546254987557,62.191525899308601],[-135.04080225705138,62.192040956708823],[-135.03683301778204,62.192543655974823],[-135.03203112121787,62.193095896522003],[-135.0274185525152,62.193617369061613],[-135.02443491285837,62.193967886295106],[-135.02143390634146,62.194310731488969],[-135.01823217249924,62.194688383604195],[-135.01561472908588,62.194131416825442],[-135.01267634033343,62.193596242705638],[-135.01004840946288,62.192921662225338],[-135.00565214857758,62.191999727691815],[-135.00188951040698,62.191244265969047],[-134.99689440820188,62.190192290086202],[-134.99367384443576,62.189545605796184],[-134.9895447239191,62.188671527840235],[-134.98529787078428,62.187835158521317],[-134.98114512399087,62.186951241121136],[-134.97788868621569,62.186276340993174],[-134.97488374302614,62.185650286097662],[-134.97130564479264,62.185220001738472],[-134.96781004284182,62.184815299048935],[-134.96529404318571,62.18451847247804],[-134.96135688381185,62.184059638103889],[-134.95728370167282,62.184794502341802],[-134.95224959633757,62.185699470038948],[-134.94677319143057,62.186702825566897],[-134.94419822126468,62.187159606468278],[-134.93995125834172,62.187920820147937],[-134.93526206977035,62.18875350938908],[-134.93088013545116,62.189532335163854],[-134.92586371107748,62.190418401213677],[-134.92292288916659,62.190946400492699],[-134.91796361068521,62.191841188718769],[-134.9136384001612,62.192628479282398],[-134.90963976423069,62.193361990759861],[-134.9049508746663,62.193565310932982],[-134.90035805506287,62.193750589670401],[-134.89789822359566,62.193865492542699],[-134.89559215418484,62.193962514935002],[-134.89172940155751,62.194139079294949],[-134.88725166796945,62.19433298944282],[-134.88115954941807,62.194597192125698],[-134.8786589160789,62.195268252151834],[-134.87548473626759,62.196154094850712],[-134.87257981484555,62.196941373874232],[-134.86815481276349,62.198140065842644],[-134.86530728381044,62.198900317481886],[-134.86138179591748,62.20000951451506],[-134.85909201741319,62.200608621340336],[-134.85218312996079,62.202522364595538],[-134.84954661397219,62.203201731019526],[-134.84525442298144,62.204381883683169],[-134.84138764986704,62.205014835308951],[-134.83586636686624,62.205879115359458],[-134.83255700278707,62.206449644263159],[-134.82782401121145,62.207197861362268],[-134.82474544468633,62.207696680551386],[-134.82072397840798,62.208337836812291],[-134.81776063059826,62.20881869675042],[-134.81557026230902,62.208627298654655],[-134.81143962352451,62.208226786166023],[-134.80696273408759,62.207879527076543],[-134.80329313932654,62.207560199640547],[-134.79797147880706,62.207085780833637],[-134.79351444220731,62.206693234472922],[-134.78953770129783,62.206355132507582],[-134.78631033085594,62.206071930881265],[-134.7819496395696,62.205688137218274],[-134.77689761261041,62.205231284855294],[-134.77263306734713,62.20487428148752],[-134.76932947123859,62.204545677721526],[-134.76439280272396,62.204133443352511],[-134.76024395567666,62.203767278517709],[-134.7552696063259,62.20329181929587],[-134.75238847779997,62.20305331962448],[-134.74695301951076,62.202585714043572],[-134.74107614360275,62.202063213163839],[-134.73808016086002,62.201797272932026],[-134.73562205554157,62.201568199289142],[-134.73181961193256,62.201228772617156],[-134.72749850959619,62.200870270051126],[-134.72219885550879,62.200348101953239],[-134.71862700071065,62.200044679796406],[-134.71476720158236,62.199713644983696],[-134.7114066343463,62.199437400029431],[-134.70739334059829,62.199096864439198],[-134.7021898118881,62.198636966766792],[-134.69819630278951,62.198260300998854],[-134.6931659195817,62.197809418361039],[-134.68988290524226,62.197505894386666],[-134.68692598231115,62.197265863372046],[-134.68226047203669,62.196869265964608],[-134.68001418683016,62.196675596130682],[-134.67709595202814,62.196426468128848],[-134.67485108350587,62.19610704800855],[-134.67066375250593,62.195944566772162],[-134.66778301389718,62.195794072575751],[-134.66323097571367,62.195603563821166],[-134.65520423553536,62.195126039051843],[-134.65097840820169,62.194989796172827],[-134.64638859080134,62.19476273326903],[-134.64285479035661,62.194610053635508],[-134.63847612729253,62.194410200540595],[-134.63087193434129,62.194004179187722],[-134.62925915752444,62.193901135552167],[-134.62735784955615,62.193824227464532],[-134.62386268427295,62.193671166806411],[-134.6191770902104,62.193451918177381],[-134.6162584217129,62.193300247980297],[-134.61195709501717,62.193090794955424],[-134.60961443646465,62.192976501645006],[-134.60790537143993,62.192899867051267],[-134.60572958123987,62.19325275518446],[-134.60182095484021,62.193869936531634],[-134.5964299090237,62.19468916054803],[-134.59352224966463,62.195147442724121],[-134.58832290496326,62.195966913377688],[-134.58445212793887,62.196574742593882],[-134.58221803036193,62.196936064202006],[-134.57888643779344,62.197446621218667],[-134.57522729444221,62.198009953538971],[-134.57135497857729,62.198689224900896],[-134.56532627050296,62.199630940470385],[-134.56080871273272,62.199715447517761],[-134.55684831123216,62.199810566021256],[-134.55300412188038,62.199843110159023],[-134.54979343770023,62.199922488431966],[-134.54675556272582,62.200011333863131],[-134.54429542142705,62.200021224104063],[-134.54256514486121,62.20006040939478],[-134.5412001387044,62.200091806655387],[-134.53735424941183,62.20023162924732],[-134.53279823221271,62.200306119230206],[-134.52735676609669,62.20046720945323],[-134.52160846239167,62.200582145890706],[-134.5188975773184,62.200644579646749],[-134.51582110603059,62.200732614494939],[-134.51057267454755,62.200830884724247],[-134.50693853904386,62.20093470608861],[-134.50117085594039,62.20104872601015],[-134.49728608045092,62.201196275706387],[-134.49303701966988,62.201288524921303],[-134.48996116638543,62.201331105475354],[-134.48661441965635,62.201480333593558],[-134.48224966855508,62.201589777824537],[-134.47677051792039,62.201676931738746],[-134.4697711761257,62.201865784170778],[-134.46257955934607,62.202053537378944],[-134.4585232704147,62.202100595124179],[-134.45254492374704,62.202148935187452],[-134.44329853059739,62.202228820754279],[-134.43972449069958,62.202178521198675],[-134.43589794070894,62.20227072757654],[-134.42924670017842,62.202324302149641],[-134.42467141708869,62.202368233165572],[-134.42015360685312,62.202421229257169],[-134.41775141888664,62.202402187454389],[-134.41400269631106,62.202440257853297],[-134.41154215516801,62.202456768699939],[-134.4079468194451,62.202513278247835],[-134.40456429301969,62.202498796319588],[-134.40014306081864,62.202524625511209],[-134.39641961140799,62.202257125187352],[-134.39246632805202,62.201952612026687],[-134.3883864822524,62.201639563038817],[-134.38364329165145,62.201250952860647],[-134.37979100185652,62.200983491887392],[-134.37762113122156,62.200796454759079],[-134.37316145662416,62.200458936344248],[-134.36811085584606,62.200093789811355],[-134.36103139142423,62.199547131823074],[-134.35738180076734,62.199247251722532],[-134.35274603442062,62.198908662399333],[-134.35076036303275,62.19875613058948],[-134.34855697311167,62.198576605066116],[-134.34610132333296,62.198246473961497],[-134.34220251544468,62.197683734570994],[-134.33616731692936,62.196869524257174],[-134.33309460614444,62.196429061122231],[-134.32696810030146,62.195581199538729],[-134.32205157469159,62.194874462960428],[-134.31813548204212,62.194312475754586],[-134.31624842472297,62.194036054463794],[-134.31280398628249,62.193554292892337],[-134.30836254640934,62.192894413686574],[-134.30524911120352,62.192478971532275],[-134.30215743052796,62.192054600588776],[-134.29713504381971,62.191322089229544],[-134.29296756857843,62.190758552684265],[-134.28555018625357,62.189720394034417],[-134.28276630990365,62.18931987690268],[-134.27913957059113,62.188839634458603],[-134.27184439154505,62.18777791856985],[-134.26836571263291,62.18729711196697],[-134.26460146597512,62.186770178134076],[-134.26130539100632,62.186305467165134],[-134.25651702735763,62.185596036096598],[-134.25292133023001,62.185110603084631],[-134.25044188602712,62.18475894685848],[-134.24687486326292,62.183941712051308],[-134.24269974099903,62.183019087419886],[-134.23961625041622,62.182332528877893],[-134.2366388456106,62.181644583087994],[-134.23186918191936,62.180584661583481],[-134.22742943996627,62.179561235767423],[-134.22510983443235,62.179043205793498],[-134.2226535749235,62.178466417474951],[-134.21947880857741,62.177747889224271],[-134.21472073087196,62.176651189519674],[-134.2105556597202,62.175775589695888],[-134.20805603940389,62.175159879998851],[-134.20511632331596,62.174487740253802],[-134.20134049526175,62.174214679941571],[-134.19655118611408,62.173783037441126],[-134.1940976722349,62.173616185202349],[-134.18786933134442,62.173148934710447],[-134.18566647278698,62.172947493797082],[-134.18121880583291,62.172678910383794],[-134.17690804981456,62.17232122809159],[-134.17259023743455,62.171986530548253],[-134.16877086463924,62.171700380936059],[-134.16574733159376,62.17146486243572],[-134.16230024303985,62.171199562887054],[-134.15846917267586,62.170896970969913],[-134.1534400623197,62.170496076648647],[-134.15024189089479,62.170280785696086],[-134.14721443859821,62.170074964670263],[-134.14253105339978,62.170471200252081],[-134.13723430519431,62.17094670454459],[-134.13359296695882,62.171282182401789],[-134.12852618369561,62.171757427505838],[-134.12601339372176,62.172004312272158],[-134.12013580385877,62.172576759574149],[-134.11528546071176,62.173027527539418],[-134.11190584752919,62.173367645320305],[-134.10824981164774,62.173697751807566],[-134.1050070633984,62.173950536786435],[-134.10284443745866,62.174210089920571],[-134.09848408837786,62.174619959129664],[-134.09543451402556,62.174899172968303],[-134.08944167310565,62.175282266180098],[-134.08485093462431,62.175771445137286],[-134.08185199700748,62.176085086062514],[-134.0778298107827,62.176500749166912],[-134.07335105353468,62.1769876456258],[-134.06895338541577,62.177467697844477],[-134.06420931985045,62.177909678481406],[-134.05939460176199,62.178440877966558],[-134.05495880590348,62.177906327517377],[-134.05168111773605,62.177504316972545],[-134.04817123588307,62.177086684028716],[-134.04535417098052,62.176727661009942],[-134.04082704839919,62.176238527143184],[-134.03830840248418,62.175904648473612],[-134.03284864781688,62.175248815140769],[-134.02957423300805,62.174829487695185],[-134.02665777858371,62.174516220126158],[-134.02434043400658,62.174320381739378],[-134.01911329989437,62.174436092129774],[-134.01707584469082,62.17449347252775],[-134.01267569298261,62.174569917732072],[-134.01014212918193,62.173941400685258],[-134.00743823783972,62.173239799997958],[-134.00387735151219,62.17232551331081],[-134.00309525979841,62.172167278170349],[-133.99538992601566,62.171945426732243],[-133.98907469803913,62.172647895997493],[-133.98403026767039,62.173148788127229],[-133.98127061141989,62.173064080776527],[-133.97847828118458,62.172917960927727],[-133.97414181935477,62.172769707084917],[-133.96995415595472,62.172552688941998],[-133.96577994095222,62.17237648195826],[-133.96194644591054,62.172201291059302],[-133.95869184388184,62.171889996721475],[-133.95234610146989,62.171283109261353],[-133.94837586260994,62.17090066106644],[-133.94431526951365,62.170511943273027],[-133.94017795053838,62.170124421728609],[-133.93588429477404,62.169697243462224],[-133.93162632388098,62.169303601437733],[-133.92748782449797,62.168906327214081],[-133.92335394638977,62.16851490722059],[-133.91930587547787,62.168132229241614],[-133.91530851280609,62.167751732128558],[-133.91072640901771,62.167358946890616],[-133.90784312091876,62.167072684462681],[-133.90324490197531,62.166611206420555],[-133.90098582017379,62.166205709846516],[-133.89690678733695,62.165419487427464],[-133.89420185611962,62.164919550285866],[-133.8901603354108,62.164128021622986],[-133.88796920606268,62.163699936609902],[-133.88453225256657,62.163000523606797],[-133.88074235085139,62.162275263361884],[-133.87762518091125,62.161716313566103],[-133.87541303475365,62.161891188849516],[-133.87304256110804,62.162082767594256],[-133.87053064162993,62.162327213537289],[-133.86612720475941,62.163405844487521],[-133.86204973465621,62.164413471338335],[-133.85827249043379,62.165402681529343],[-133.85432425572955,62.166470588546844],[-133.85050743562738,62.167509094967635],[-133.84585771311714,62.168712946744336],[-133.84269933348864,62.1695360957522],[-133.83916684452947,62.170474416369053],[-133.83644395722629,62.171177921261119],[-133.83215123984672,62.172344286487984],[-133.82758763361747,62.173529342671394],[-133.82341695834216,62.174630264191833],[-133.81945672544532,62.174903359612081],[-133.81508899313374,62.175218507893106],[-133.81045073718897,62.175503348649265],[-133.80645845278599,62.175763912008307],[-133.80175300414197,62.176076720373061],[-133.79717211527782,62.176444736960775],[-133.79305331965767,62.176690450165111],[-133.78955153017353,62.176928360490457],[-133.78466870669536,62.177255954700797],[-133.78148475128424,62.17747699511316],[-133.7759902299353,62.177835667086477],[-133.77280728131308,62.17804284492582],[-133.770155071272,62.178204252029708],[-133.76605002315688,62.179584360240113],[-133.76302696556823,62.18052036710418],[-133.75983480545432,62.181619309385709],[-133.75603757400123,62.182868571914206],[-133.75268131533821,62.183960322229233],[-133.74950696443301,62.184493399273343],[-133.74663569693865,62.184976751546593],[-133.74276083091172,62.185604911359427],[-133.73931757660733,62.186169360169586],[-133.73464983467559,62.186926324509471],[-133.73106760999119,62.187511413477559],[-133.72678377257654,62.188208176453891],[-133.7225313700568,62.188906910610562],[-133.71780035665788,62.189665306330234],[-133.7133313639317,62.190400208765247],[-133.7095369616579,62.191021542982035],[-133.70568261345622,62.191656901038414],[-133.70110781270728,62.192388683794995],[-133.6980054009324,62.192898570987957],[-133.69459943620151,62.193475098919343],[-133.69113873240661,62.194015421266357],[-133.68725910253116,62.194638264357025],[-133.68179216544246,62.19552861359135],[-133.67934425593941,62.19581405855336],[-133.67534582546017,62.196260132308218],[-133.67063015230315,62.196792709381384],[-133.66711016075442,62.197211639784442],[-133.66320471560286,62.197576104968121],[-133.65856061740121,62.198056911953479],[-133.65472253147303,62.198505211942368],[-133.65059215101746,62.198963094210491],[-133.64716157066758,62.199344560322615],[-133.64434247853757,62.19967418639321],[-133.64079359067188,62.200075929847799],[-133.63672768787953,62.200598486047504],[-133.63247984099749,62.201052577919796],[-133.62849951087509,62.201552916602836],[-133.62595282261711,62.201880879733487],[-133.62340791338778,62.20218119805461],[-133.6178569666601,62.201447515960005],[-133.61360716651274,62.200897061048742],[-133.60886391266433,62.2002707520464],[-133.60600364358123,62.199904997198395],[-133.60173113724363,62.199323870460532],[-133.59934043187511,62.199774208471638],[-133.59585055241484,62.20043778023436],[-133.59286492449382,62.200947789281543],[-133.58732662063815,62.201897513250614],[-133.58166121350914,62.202951126504274],[-133.57837222242787,62.203532123882589],[-133.57545630056268,62.203682634429953],[-133.57058695545206,62.203884146851436],[-133.56872937174302,62.203959432002783],[-133.56444420786013,62.204258305655088],[-133.56003614289301,62.204397005147186],[-133.55772752171185,62.20445544709834],[-133.55495179270233,62.204582593096987],[-133.55154214135123,62.204638673350004],[-133.54757749712695,62.204683013740677],[-133.54303848197236,62.204743588932764],[-133.53777063769272,62.204820652813922],[-133.53282236560094,62.204891947476135],[-133.52886316899071,62.204942031884663],[-133.52524342444153,62.20499229231639],[-133.52242528873157,62.205031296582099],[-133.51919875450281,62.2044112599473],[-133.5133831438892,62.203315059256383],[-133.50997584938872,62.202659396387013],[-133.50688068235036,62.202043721838081],[-133.50268221284034,62.201262011858034],[-133.49863453373229,62.200481312739491],[-133.49435569430713,62.199621616030861],[-133.48932969070199,62.198667644519375],[-133.48495167782264,62.19782111645528],[-133.48054859545624,62.19697564664741],[-133.475619636282,62.196031337787062],[-133.47192962032517,62.195313591691772],[-133.46814212052237,62.194581857692121],[-133.46535364480789,62.194037106606388],[-133.46353710006744,62.194633065017058],[-133.46113184604928,62.195407909912284],[-133.45732497024264,62.19664265224629],[-133.45262194661524,62.198149055209115],[-133.44797535487618,62.199645150415208],[-133.44314606777377,62.20121846279099],[-133.4407118873969,62.202041963231927],[-133.43640733445932,62.203414474823454],[-133.43327578011289,62.204430230936445],[-133.42655226254297,62.206588928997029],[-133.42273401784203,62.207819399889203],[-133.4198109405975,62.208771284272252],[-133.41451416335443,62.210483992763173],[-133.41189919205743,62.211358441541776],[-133.40748017283244,62.212766796593066],[-133.40484962736994,62.213607932565779],[-133.40286504535686,62.21424156515814],[-133.40214372169734,62.214460640416007],[-133.39894586952656,62.215572970999396],[-133.3944595813588,62.217101584656049],[-133.39284096175473,62.21767536921282],[-133.39093714010247,62.218310031525156],[-133.38739497079109,62.219528801764348],[-133.38331853883201,62.220868856827096],[-133.37781209092353,62.223858357079791],[-133.37679378896672,62.225618766151868],[-133.37554786475275,62.22793175035924],[-133.37424465837447,62.229968704710814],[-133.36864428555771,62.231345515370833],[-133.36710432149471,62.231765004434457],[-133.36247881262565,62.232911702539901],[-133.35933584642538,62.233844146533414],[-133.35443470339595,62.234926888586315],[-133.35052997438228,62.23503404694209],[-133.34749886575469,62.235115238981834],[-133.34328161475861,62.23683679028769],[-133.34081663176531,62.237830364497839],[-133.33882544483555,62.238638713992138],[-133.33655896545278,62.239553173477013],[-133.33381051217799,62.241479183384783],[-133.3313978992216,62.243142546212866],[-133.32928906574685,62.244578916631397],[-133.32597669181658,62.246850794488928],[-133.32148300372688,62.249913063684964],[-133.31877264443872,62.251235098840397],[-133.31575499441232,62.252733526404569],[-133.31290183444233,62.254144364386242],[-133.31118809137047,62.254986220835242],[-133.30926109515346,62.255940195868654],[-133.30646200868904,62.257328527130426],[-133.30344344244466,62.258841462764437],[-133.29995855306228,62.260537291414437],[-133.29669993880327,62.262165132506581],[-133.29469100359526,62.263165547494708],[-133.2918435788736,62.264565040488719],[-133.28863073390715,62.266154951206062],[-133.28660019813319,62.267177800434396],[-133.28370313278609,62.268673021160815],[-133.28096739595009,62.270021873749641],[-133.27854922913636,62.271204019268708],[-133.27450415151884,62.273200923601706],[-133.27149182034302,62.27465390114088],[-133.26841987804499,62.276133009477846],[-133.26629373809345,62.277246761488513],[-133.26381663777158,62.278427923332501],[-133.26391715311689,62.281032960600299],[-133.26381829985397,62.282414421756052],[-133.26379352505668,62.284182885305398],[-133.263816060236,62.285799305420177],[-133.26574915289279,62.286712326827129],[-133.26936729105489,62.288499280538588],[-133.27182423551292,62.289697072645424],[-133.27446634115009,62.291031795941684],[-133.27679189448867,62.292173993192925],[-133.28024713643555,62.293797017428517],[-133.28260961676668,62.294975484041231],[-133.28551326652956,62.296474832575448],[-133.28774788900665,62.29753490985302],[-133.29022200635188,62.298795422323231],[-133.29312742001883,62.300276670174654],[-133.29667526427409,62.301999168365583],[-133.30026206583386,62.303722048590643],[-133.30305683132573,62.305129897340059],[-133.3067412646356,62.306844817397327],[-133.30923319682225,62.308159063475415],[-133.31156038457578,62.309318629217103],[-133.31432115210589,62.310662979772388],[-133.3170436043892,62.312006809752091],[-133.32027390475056,62.313590158870511],[-133.32403049551004,62.315431168670784],[-133.32683244623632,62.316748821985598],[-133.33075494318646,62.318744270569312],[-133.33290423108045,62.320009066510053],[-133.33714697138717,62.322510951303897],[-133.34038142084378,62.324408102494864],[-133.34216103646381,62.325390007335621],[-133.34430281962034,62.326106853210383],[-133.34688445799063,62.32690072099178],[-133.34819979396167,62.327203656106398],[-133.35242245172404,62.329408530892671],[-133.35509434273044,62.3306791585591],[-133.35900319241131,62.332637699489695],[-133.36169054550962,62.333989181117083],[-133.36554528837235,62.335893024832913],[-133.36949555154297,62.33782481065559],[-133.37339279315142,62.339675055299963],[-133.37544071378102,62.340731479475032],[-133.37734405582921,62.341606621345726],[-133.37896040507735,62.34243350120876],[-133.38157521813508,62.343729867440338],[-133.38447450301035,62.345128245345123],[-133.38632191963413,62.345975675688642],[-133.38838762465002,62.347076996669188],[-133.39051620105727,62.348089232414992],[-133.3958573354507,62.350708728885671]]},"properties":{"OBJECTID":6,"CORRIDOR_NAME":"Carmacks - Faro","LOCATION":"Overhead","VOLTAGE_V":138000,"CURRENT_TYPE":"AC","NUMBER_CIRCUITS":1,"POWERLINE_CODE":"L178","SHAPE.LEN":183563.007610792}},{"type":"Feature","id":7,"geometry":{"type":"LineString","coordinates":[[-135.18889638357814,60.879940773261268],[-135.18775328857251,60.881749573921461],[-135.18694802481414,60.883478474500045],[-135.18600619750021,60.885492307258097],[-135.18513052714673,60.88735705076688],[-135.18416694951617,60.889341720889647],[-135.18334319481048,60.891222809555536],[-135.18254392836758,60.892865797945021],[-135.18199180060265,60.894034332774652],[-135.18117909276631,60.89575943428099],[-135.18017645558726,60.897896410897417],[-135.17916829930772,60.900026572865166],[-135.17819948497555,60.902095963999116],[-135.17716702219053,60.904291483716577],[-135.17617055473085,60.90642428018613],[-135.17515833010279,60.908555419411258],[-135.17415652468671,60.9106984963122],[-135.17327025328382,60.912556165240638],[-135.17233680494903,60.914561450321095],[-135.17146703402946,60.916427183494335],[-135.17068139606815,60.918019197416982],[-135.16983381418075,60.919904238091846],[-135.16893001727482,60.92176268748932],[-135.16803905396628,60.923633791126477],[-135.1672903435373,60.925235676297135],[-135.16646685866533,60.926977122595773],[-135.1656382540904,60.928698657281387],[-135.16483350733623,60.93040600637778],[-135.16386262750035,60.932443962415178],[-135.16298054320333,60.934301973451859],[-135.16217108896768,60.936031737892101],[-135.1612025570297,60.938050627160891],[-135.1602491337824,60.940066878337191],[-135.15931332971425,60.942057657576456],[-135.15842704436562,60.943916098741958],[-135.15750465211639,60.945779692920404],[-135.1566237421431,60.947734277260068],[-135.15604625594415,60.948914269725776],[-135.15717927109742,60.950435467583091],[-135.15851010031193,60.952224551366697],[-135.15996310233507,60.954128825420625],[-135.16128528252312,60.955946359684809],[-135.16263174454971,60.957748787032415],[-135.16386349754006,60.959417280280348],[-135.16509320366319,60.961072279553811],[-135.1663323329285,60.962746082943106],[-135.16747600758194,60.964280771476695],[-135.1689089738411,60.966207093210045],[-135.16995616802757,60.967617375222062],[-135.17148636671243,60.969679661255903],[-135.17301627707434,60.971723731618177],[-135.17483055610001,60.974166126998981],[-135.17597315219754,60.975159901639408],[-135.17841498988366,60.977272007531781],[-135.18067365034395,60.979227398530114],[-135.17943410738502,60.980347518775332],[-135.18166397194273,60.983346770609693],[-135.18302356578724,60.985201527150707],[-135.18435774617208,60.986923153041083],[-135.18572174625854,60.988792681921169],[-135.18732091772381,60.990930201854205],[-135.18836801982366,60.992330110768833],[-135.19048613712411,60.994042317846009],[-135.19271938667592,60.995865653659841],[-135.19483875169252,60.997565733162759],[-135.19706714631081,60.999396302896791],[-135.19865346021274,61.000700580591968],[-135.20031298381565,61.001993669020671],[-135.20258989154269,61.003861423376812],[-135.20483525355064,61.005684754364424],[-135.20721480168814,61.007618809256904],[-135.20909900509565,61.009126044171722],[-135.21244531003356,61.01182829862411],[-135.21469580276843,61.013636293096134],[-135.21743744269222,61.01586955184758],[-135.21968928228324,61.017677119584931],[-135.22127217759987,61.018966913699842],[-135.22234204476231,61.019844847528617],[-135.22235567854221,61.02135462331767],[-135.22236575033929,61.023058506411985],[-135.22238357067675,61.025576062793419],[-135.22239993683164,61.028786939081279],[-135.22241109009312,61.030829582210629],[-135.22235971976471,61.032747426521219],[-135.22245873800091,61.034243178651948],[-135.22244255726375,61.036005458846205],[-135.22245179690367,61.037713209077843],[-135.22246041918439,61.039760728645625],[-135.22246091115733,61.041725942238493],[-135.22247874589615,61.044104899735089],[-135.22323900560875,61.045263821017357],[-135.22415480960058,61.046623198150186],[-135.22534986435366,61.048432416444669],[-135.22654044089307,61.050256569595362],[-135.22731598015878,61.051423485924737],[-135.22820641523589,61.052793677772684],[-135.22957214244624,61.054904924823987],[-135.23077183483494,61.056655064335878],[-135.23235700371916,61.059086265490457],[-135.23320226867574,61.060378653806396],[-135.23433577788623,61.062134630150531],[-135.23583579846755,61.064213276687923],[-135.23692219750794,61.06573857292129],[-135.23851079792738,61.067990441252114],[-135.24088687652389,61.069670973821211],[-135.24399213349204,61.071888705554734],[-135.24636763376279,61.073319657821386],[-135.24892149256306,61.074862336834485],[-135.25110894251756,61.0761845252988],[-135.25497907764478,61.078528424420583],[-135.25718085811522,61.079847883262815],[-135.25983876472048,61.081449816365968],[-135.2626510293305,61.083150790566705],[-135.26503431385495,61.084590116527878],[-135.26791592736251,61.086302956523014],[-135.27072745966225,61.088014402656199],[-135.27348987951143,61.089697384998139],[-135.27642812960883,61.091471274687365],[-135.27882038519729,61.09291713535368],[-135.28244863083248,61.095089431381517],[-135.28502830190251,61.096644383893171],[-135.28764004254333,61.098225226774538],[-135.29037798736303,61.099873531165301],[-135.293382163719,61.101699691278057],[-135.29570665098009,61.103082268731399],[-135.29765027297847,61.104256290580651],[-135.29996392883518,61.105630890990447],[-135.30206545253614,61.106903407579274],[-135.30508062978254,61.108709289640977],[-135.30826941297622,61.110618968679141],[-135.31142734696073,61.112514700898558],[-135.31449512682892,61.114367529154102],[-135.31718220218826,61.115989633690958],[-135.32010582588046,61.117750327238682],[-135.32275757907988,61.119340776615935],[-135.32584932414238,61.12120943256204],[-135.32833566731236,61.122705257801563],[-135.32998536108866,61.123698311112399],[-135.33200952186445,61.124900578920673],[-135.33477673836418,61.12657252202353],[-135.33726821173181,61.128073224411303],[-135.34012824089919,61.129785487478237],[-135.3425883659869,61.131257226221372],[-135.34508228900512,61.132754663431314],[-135.34688491724472,61.133842654000183],[-135.34830231070327,61.135519435594908],[-135.34988603331016,61.137392789789963],[-135.35155078402974,61.139351492217443],[-135.35308595139088,61.141177980861144],[-135.35424640072711,61.14252496792394],[-135.35606602332996,61.144681725472701],[-135.35777916627649,61.14670592188989],[-135.35904632658986,61.148211420811265],[-135.36121937640547,61.150780068392741],[-135.36254662218914,61.152346414136588],[-135.36360808233877,61.153609616220749],[-135.36461957985313,61.154812218504276],[-135.36618079580484,61.156630110611644],[-135.36860009621816,61.159477971928482],[-135.37075469367554,61.162053769402192],[-135.37236709117383,61.163943289613385],[-135.37344775398199,61.165206603506434],[-135.37468699849916,61.16666936932333],[-135.37676629564788,61.169137150014812],[-135.37847408948318,61.171150683363472],[-135.38001676513011,61.172987121955636],[-135.38200607575837,61.17533197102054],[-135.38365794027541,61.17725641979397],[-135.38483604235796,61.178648654893266],[-135.38710917969894,61.181326899298782],[-135.38866728141039,61.18317793685798],[-135.39037503374362,61.185185222917909],[-135.39164570414212,61.186697630615996],[-135.3930046914731,61.188330656415133],[-135.39521753582144,61.190938706548557],[-135.39688264049599,61.192899053654976],[-135.39878426643344,61.19516799497304],[-135.40009834338338,61.196682888873532],[-135.40285031227472,61.199172203999851],[-135.40463465394043,61.200780270938914],[-135.40692453536954,61.202844448371373],[-135.40934239261523,61.205017333997617],[-135.41109220005012,61.206554953660678],[-135.41302641788531,61.208255115294286],[-135.41463172701691,61.20970222161511],[-135.41648296208663,61.2113543957201],[-135.41851748849177,61.213164309575944],[-135.4200469231572,61.214519169327339],[-135.42193599095924,61.216201684103382],[-135.42398108179523,61.218025192373695],[-135.4254803218692,61.219375632012223],[-135.42689118160814,61.220650785889411],[-135.42905460161478,61.222568631970141],[-135.4310795992676,61.224374994006197],[-135.43334905062457,61.22641928142005],[-135.43551721969092,61.228337843905209],[-135.43671745958403,61.229425470959882],[-135.43793184500723,61.230511909335718],[-135.43954393234915,61.231959291627597],[-135.44087862059865,61.233150048444195],[-135.44290775239966,61.234961391630279],[-135.44543880224455,61.237222538195574],[-135.44773467129565,61.239202585938138],[-135.44965115102295,61.240861597411666],[-135.45190787888146,61.242386775212445],[-135.45446270483049,61.244091566928361],[-135.45639470422634,61.245358176317758],[-135.45937622978016,61.24731517749494],[-135.46201498465672,61.249062305212199],[-135.46494316207711,61.250992504466339],[-135.46720030158747,61.252487703287066],[-135.47087025577383,61.254911731747313],[-135.47295467159006,61.256292052909238],[-135.47466073212945,61.257463415883208],[-135.47683706440927,61.258886368247488],[-135.48095494625093,61.261843066664007],[-135.48364551628833,61.263659546248668],[-135.48651873905416,61.26561882654476],[-135.48963306867677,61.267536319428736],[-135.4931270351571,61.269761950059127],[-135.49504307675653,61.270977238058663],[-135.49862326112023,61.273249608830646],[-135.50061718323559,61.274585507584533],[-135.50311722851703,61.276226468079365],[-135.50567482131333,61.277919705789046],[-135.50811016349911,61.27953056067583],[-135.51109002179842,61.281514224729278],[-135.51373534722865,61.283273093300586],[-135.5159350582104,61.284686921522933],[-135.51745623148847,61.285726003372801],[-135.52018782660491,61.287510247305178],[-135.52229635354684,61.288931450977806],[-135.52462926571613,61.290308724693823],[-135.52648695900126,61.291278175158865],[-135.52936925043571,61.292804932796862],[-135.53184321390884,61.294102673548281],[-135.53480388512133,61.29566531541996],[-135.53780230835241,61.297250691610756],[-135.5410627089671,61.298968609319516],[-135.54412086751972,61.300574751188734],[-135.54624772715138,61.301685465403324],[-135.55046336822716,61.303901564045006],[-135.55312648131252,61.305313713670664],[-135.55561784113462,61.306634654744826],[-135.5587787155425,61.308288258931199],[-135.56277428560236,61.310390452970026],[-135.56528612963703,61.311709955969633],[-135.56909781692144,61.313712413187432],[-135.57277076511389,61.314670629487232],[-135.57765480080798,61.315926116118753],[-135.58037591410525,61.316649265570589],[-135.58273910640952,61.317272429325548],[-135.58621839868715,61.31819997122043],[-135.58947521576877,61.319029391597887],[-135.59314562772451,61.320007566743207],[-135.5973269851396,61.321098125103319],[-135.59996692854892,61.321931541384579],[-135.60262774179481,61.323264641252983],[-135.60526921308133,61.324594408126792],[-135.60790255972708,61.325925103656942],[-135.61164341669667,61.327796938561306],[-135.61439074685961,61.329186688784304],[-135.61599766344142,61.330002161747217],[-135.6172572229726,61.330632251324445],[-135.61893773786252,61.331455300180956],[-135.62125739747492,61.332664468479763],[-135.62381847588659,61.333942247317438],[-135.6259682091158,61.335035925744521],[-135.62869584786515,61.336408018622116],[-135.63159300643878,61.337887668042605],[-135.63499672792506,61.339600573842517],[-135.63747562019091,61.340869341683657],[-135.64118993723272,61.342747012155442],[-135.64394489795825,61.344120765402756],[-135.64629312883017,61.34530120267285],[-135.64920414806554,61.346791456291236],[-135.65215276202272,61.348274546260377],[-135.65491970924251,61.349655615763794],[-135.6578328210814,61.351135352151303],[-135.66103323682159,61.352789872202351],[-135.66439790999414,61.35453033030003],[-135.6669110877518,61.35582817862408],[-135.66928232331023,61.357051131797881],[-135.66943959301361,61.359201374114498],[-135.66955558228409,61.361054557938353],[-135.66966862674744,61.362888335844417],[-135.66979809724421,61.364797723708712],[-135.6699380137419,61.366873812571406],[-135.6701113929098,61.369593224922163],[-135.67030118922105,61.372343150292288],[-135.67044502453729,61.374682831129164],[-135.67062171771798,61.377288071247008],[-135.67080136128178,61.3798705640055],[-135.67090500434696,61.381687423926266],[-135.67100068550545,61.383137573681289],[-135.67111373735403,61.384781960000147],[-135.67130026185012,61.387641944376853],[-135.67144171314712,61.389942029870852],[-135.67152771534577,61.391268360047896],[-135.67221767241477,61.391933039324883],[-135.67330390301299,61.392979247474578],[-135.67557464704254,61.395074839323584],[-135.67721239042714,61.396652945947686],[-135.678130589207,61.397537805697745],[-135.67969425770195,61.399062672647112],[-135.68083906103411,61.400182154335454],[-135.68281760645726,61.402100081925305],[-135.68455736124028,61.403813071873167],[-135.68646902700851,61.405663205858168],[-135.68800931649292,61.407175464418117],[-135.6908655935836,61.408366616144924],[-135.69302310991566,61.409269788003918],[-135.69516255541308,61.410168367927909],[-135.69838534714154,61.411513281373658],[-135.70096520197782,61.412592378471224],[-135.70354346175588,61.413668409642817],[-135.70632220987383,61.414832294538911],[-135.70868053085138,61.415823964798776],[-135.71169435653519,61.41708517432528],[-135.71393517082444,61.41802047645853],[-135.71580481127515,61.418805441840995],[-135.71845574400552,61.419914549325902],[-135.72104033601164,61.421001270983851],[-135.72424610344467,61.422341116642926],[-135.72848448843223,61.424149266785676],[-135.73247855808688,61.425787539771541],[-135.73591361794479,61.4272191950623],[-135.73893879812692,61.428489801246862],[-135.7412841803679,61.42947503976994],[-135.74512989677214,61.431082616804268],[-135.74833475961111,61.432425444625977],[-135.75123851299381,61.433131163257421],[-135.75289743234202,61.434409682037582],[-135.75465695931234,61.435760594761142],[-135.75675577183165,61.437389841155969],[-135.7588727472106,61.439024566255029],[-135.76127785369519,61.44087837458838],[-135.76339063478463,61.442508475035787],[-135.76534136937076,61.444005253623551],[-135.76746676635295,61.44564675732488],[-135.76942672074651,61.447161480301922],[-135.77035565494739,61.447891203736219],[-135.77078879874139,61.449553579254456],[-135.7712045816555,61.451190859405763],[-135.77168295929178,61.453091208358408],[-135.7721767496661,61.454983523831686],[-135.77268085107264,61.457008782488145],[-135.77320170456349,61.459034277363877],[-135.77373922335772,61.461208570744738],[-135.77429760253165,61.463238847135507],[-135.77479141945889,61.46526960527855],[-135.77524694734635,61.467037738576593],[-135.77583145185514,61.469327683942616],[-135.77627637944505,61.471088115954153],[-135.77682634614038,61.473178248076842],[-135.77745206837469,61.475357066715048],[-135.7780001343331,61.477257064832294],[-135.77859350151166,61.479287589199799],[-135.77906846214518,61.481315878252367],[-135.77952741609641,61.483347291317465],[-135.7799012967964,61.484986305961002],[-135.78044259951935,61.487288101573334],[-135.78097195974524,61.489324393875094],[-135.78153036483317,61.491493791331436],[-135.78199095885498,61.493238949201988],[-135.78325899599957,61.495071608765549],[-135.78471328999186,61.497188172990384],[-135.78609931944612,61.499105532567384],[-135.78743036189638,61.501121034432906],[-135.78879813328663,61.503027923677479],[-135.7900861100992,61.504854956068883],[-135.79135791127493,61.506680507807921],[-135.79271318621727,61.508622891921469],[-135.79407125972625,61.510576900378112],[-135.79534445372119,61.512383437539121],[-135.79670136557883,61.514330513433315],[-135.79806436267648,61.516284722779986],[-135.79951900227738,61.518366439453366],[-135.80100563274607,61.520489996342612],[-135.8025115717775,61.522632680111229],[-135.80436172782842,61.524238652998079],[-135.8063087247194,61.525908883837729],[-135.80813674876512,61.527467841002036],[-135.81022066693919,61.529249185051945],[-135.81176059440315,61.530563509806619],[-135.81372252162967,61.532239805612264],[-135.81538226647316,61.533654114365149],[-135.81720326737059,61.535215130783087],[-135.81931468651953,61.537013366464919],[-135.82125957729991,61.538685967821557],[-135.82274310220916,61.539954436333538],[-135.82305859254987,61.541968403978835],[-135.82337498086554,61.544006101197596],[-135.82367542931479,61.545984462301632],[-135.82398010773639,61.547953459042773],[-135.82429130577296,61.550068194772578],[-135.82468925080991,61.552507487812562],[-135.82488217521106,61.553857876060263],[-135.82511369932027,61.555377807861987],[-135.82544873753679,61.557561541322642],[-135.82570442394058,61.559145030805034],[-135.82606930444231,61.561607042268214],[-135.82631682402211,61.563096771987375],[-135.82643984996665,61.564035629971869],[-135.82745159794339,61.565553455562622],[-135.82896947564311,61.567898431581391],[-135.83018613957137,61.569756610987177],[-135.83129057033315,61.571460536297593],[-135.83290213929652,61.573910457337519],[-135.83450872379885,61.576381246247209],[-135.83544541889998,61.577810322754651],[-135.83689202230678,61.580012336946659],[-135.83823793195805,61.58207986653791],[-135.83951630354505,61.583963512931149],[-135.84074195141611,61.585856136580382],[-135.84211567610072,61.587943862856399],[-135.8437306559801,61.590406636927064],[-135.84628053213746,61.592393259984384],[-135.84749560280122,61.593350838972995],[-135.84878742396444,61.594369149828601],[-135.85025899623454,61.595530027695986],[-135.85183047839055,61.596743719547511],[-135.85466296110292,61.598967099152361],[-135.85660991610411,61.600494573514148],[-135.85918658537594,61.602522853134232],[-135.86104365537793,61.603976675044265],[-135.8626139300201,61.605215812614219],[-135.86420009937896,61.60646682586021],[-135.86585385338782,61.608399255722134],[-135.86760160379254,61.610430650311457],[-135.8693350598634,61.612502746433762],[-135.8709951243938,61.614404003001752],[-135.87270700174867,61.616444395522933],[-135.87433102721454,61.618347378371851],[-135.8760883691377,61.620412055421099],[-135.87793870157526,61.622598569168133],[-135.88034137945772,61.625404410285675],[-135.88163649898036,61.626924040385148],[-135.8836913000419,61.62933747943719],[-135.88574325525408,61.631750996659513],[-135.88763890207537,61.633976518160082],[-135.88971054507675,61.635584356056],[-135.89214133893415,61.637403714555113],[-135.8942120260314,61.638906767842201],[-135.896539813174,61.640662730910364],[-135.89822763013916,61.641970427499992],[-135.89945310818712,61.642936544380497],[-135.90189275503622,61.644847175728188],[-135.90372619196242,61.646224536954534],[-135.90502777461344,61.64726543431906],[-135.90586868673137,61.648612607083315],[-135.90658898364495,61.649790599350901],[-135.90667694224453,61.651979263639987],[-135.90675330694341,61.653921881584338],[-135.90682898831409,61.656445967413539],[-135.90687292290272,61.657648340102682],[-135.90695090938991,61.659712287059548],[-135.90703031603036,61.661756626535563],[-135.90707512308225,61.663396006148027],[-135.9071354537239,61.664762667240936],[-135.9072385476922,61.667332345289196],[-135.90731732380831,61.669657093281302],[-135.9074366300668,61.672387316470932],[-135.90750983138497,61.674911852209917],[-135.90757054451493,61.6766227920278],[-135.90936909986181,61.67862922115733],[-135.91046854741745,61.6798765318037],[-135.91248485423918,61.682130853885148],[-135.91382963089129,61.683644477325721],[-135.91516709446395,61.685147281842255],[-135.91673392524595,61.686908235261399],[-135.91835080284926,61.688723499768422],[-135.91951441579195,61.690048477845089],[-135.92148143951241,61.692252269087234],[-135.9227585388644,61.693697554983807],[-135.92477578729932,61.695939879754654],[-135.92608908726419,61.697430228488891],[-135.92825354827966,61.69985185096791],[-135.93009045950919,61.701935465153099],[-135.93249422864648,61.70463778006711],[-135.93395179053445,61.706279270845421],[-135.93551746975228,61.708027740551664],[-135.9366724460705,61.709318672847452],[-135.93992898425066,61.711799279708927],[-135.94175445477751,61.713184809230647],[-135.94373686317829,61.714686311799106],[-135.94600755522842,61.716418407640091],[-135.94829749639993,61.718157174786214],[-135.95039695746175,61.7197740697151],[-135.95256655367959,61.721381216825236],[-135.95484158415215,61.723133878049609],[-135.95714189772099,61.724873963583498],[-135.95928285492445,61.726496873203502],[-135.96110957491609,61.727886360657763],[-135.96338836118684,61.729614851223921],[-135.96566552733879,61.731339615908666],[-135.96794536464608,61.733079812624993],[-135.97030664164797,61.73486554939327],[-135.97266157058391,61.736657342757169],[-135.97479533951375,61.738258843227634],[-135.977243394558,61.740121233964793],[-135.97967385839112,61.741969414648402],[-135.98212842561935,61.743812577989551],[-135.98440803329768,61.745551834984113],[-135.9866932272777,61.747285377477802],[-135.98896333117654,61.749019215019324],[-135.99145791036818,61.750857186894166],[-135.99356395789087,61.752484170599956],[-135.99631986188567,61.754569975630801],[-135.99890729984284,61.75653588067609],[-136.00179990642854,61.758721680582681],[-136.00424370959257,61.760578478324312],[-136.00621113927778,61.762086202324198],[-136.00865923693831,61.763920671779871],[-136.01095479975524,61.765664166098375],[-136.01294185407525,61.767163202657187],[-136.01492822069108,61.7686653319657],[-136.01695683256821,61.770198927913363],[-136.01831967142647,61.771752221729791],[-136.01966836665255,61.773340700801867],[-136.02131908389262,61.775233175040114],[-136.02285948828518,61.777006196763772],[-136.02450916856495,61.778931364811754],[-136.02626723719851,61.780922130264848],[-136.02780561858901,61.782697447173],[-136.02945054649189,61.784586171471759],[-136.03099201516505,61.786375794156783],[-136.03262589632533,61.788269376624882],[-136.03437002532962,61.790258296889832],[-136.03613432863125,61.792296626394055],[-136.03775615863819,61.794207135822653],[-136.03925021683648,61.79592886908339],[-136.04080352611834,61.797672375202943],[-136.0423637091065,61.79947466904693],[-136.04338748995644,61.800719226499602],[-136.04411776946085,61.801493936048814],[-136.04549602084373,61.803075677712293],[-136.04676538423502,61.804526469833284],[-136.04807033601932,61.806038764256861],[-136.04927308046672,61.807426194120012],[-136.05080061982861,61.809194062899444],[-136.05260741279861,61.811258194111041],[-136.0539622139795,61.812819931529937],[-136.05568626123963,61.814810852835492],[-136.05718385217213,61.816582590097184],[-136.05830364093086,61.817839238450539],[-136.05942775770927,61.819208378793547],[-136.06117788820163,61.820243206739349],[-136.06440582044951,61.822180662400918],[-136.06648117599224,61.823453793762496],[-136.06947749662928,61.825247743328077],[-136.07213046771452,61.826882593050179],[-136.07394662045729,61.827936102920511],[-136.07550699881193,61.828900044691188],[-136.07799901099028,61.830400516429286],[-136.07981182098447,61.83150978204263],[-136.08253399256651,61.83314150362466],[-136.08514687849956,61.834723266717432],[-136.08760944008409,61.836215271849234],[-136.08959770519738,61.837404513288227],[-136.09146616340976,61.838527480560167],[-136.0924264045729,61.840262342771751],[-136.09376877989919,61.84263241184253],[-136.09471521430376,61.844349440637735],[-136.09597049581095,61.846580523865846],[-136.09708225803971,61.848571125463536],[-136.09819991136496,61.850548123628364],[-136.09914709074224,61.852244970518427],[-136.10016865869122,61.854098739172578],[-136.10133026297771,61.856070099830283],[-136.10242398712464,61.858054411575694],[-136.1037981995334,61.86048925408916],[-136.10459645358199,61.861938191318011],[-136.1057800735453,61.864034703818959],[-136.10674249694898,61.865761273818329],[-136.10744763637351,61.866998280656553],[-136.10840703645434,61.868715958301429],[-136.10954452171117,61.870756125184805],[-136.11047188116822,61.872396856013268],[-136.11280516476219,61.87507544040929],[-136.11442593183602,61.876917857570874],[-136.1162363036666,61.878992785171462],[-136.11732855871389,61.880242816276478],[-136.11852134119951,61.88161041189057],[-136.12029252629964,61.883653358028802],[-136.12226029710388,61.885894549663554],[-136.12379323517459,61.887638337522702],[-136.12500053954855,61.889056089077258],[-136.12629613196842,61.890479786543771],[-136.12769741843832,61.892085760713982],[-136.12953587437084,61.89420600351864],[-136.13145547719031,61.896404434001838],[-136.13271591582233,61.897828856274828],[-136.13459617209784,61.899981305548899],[-136.13597941968951,61.901559650673164],[-136.13725894888168,61.90301566525244],[-136.13925337132574,61.905343019815582],[-136.14070919764231,61.90705021221806],[-136.14205399225003,61.908623709119112],[-136.14355722160619,61.910382057167084],[-136.14521914982294,61.912302319105976],[-136.14754551811291,61.913996723858347],[-136.14920523209867,61.915203240666486],[-136.15153503552636,61.917000956944385],[-136.15365241395259,61.918625788982006],[-136.15529844064085,61.919893047272751],[-136.15763564866637,61.921707819733285],[-136.15982925088838,61.923371160677959],[-136.16225972807581,61.925225256180688],[-136.16513708551193,61.927443527280971],[-136.16787753357394,61.929542160282686],[-136.16945040311825,61.930757400572816],[-136.17166331829611,61.932454285044308],[-136.17356233423232,61.933896444892234],[-136.17463282767983,61.935176388798482],[-136.17618638836007,61.937255922589614],[-136.17758985194899,61.939054543695889],[-136.17838857191214,61.9400706194767],[-136.17998718328744,61.942127533438381],[-136.1811103188123,61.943547309028958],[-136.18222119432738,61.945112672736755],[-136.18385581647172,61.947371665261088],[-136.18498604820158,61.948778484262618],[-136.18642442949266,61.950557048388376],[-136.18825339173199,61.952750674109822],[-136.1892541403856,61.95409837098623],[-136.19129984720172,61.956715802347105],[-136.19286257032405,61.958780407171425],[-136.19394313672689,61.960169297219075],[-136.1960639317694,61.962914544835705],[-136.19775980506529,61.964521594471996],[-136.19903215068459,61.96573035714119],[-136.2012482341361,61.96782943519586],[-136.20355599182449,61.970027177902445],[-136.20457723741615,61.970985853410774],[-136.20657096235541,61.972880374587703],[-136.20855436293408,61.97475696725656],[-136.21060534399246,61.976713487875159],[-136.21262861856422,61.978628187660938],[-136.21443491016481,61.980343759206349],[-136.21635803777403,61.982171226451669],[-136.21844139775453,61.984133848073206],[-136.22038884170081,61.985997954232673],[-136.22228869094246,61.987860048471219],[-136.22409783469828,61.989589800978983],[-136.22607002921652,61.991477123274926],[-136.22843837974906,61.993809050446238],[-136.23042447599508,61.995721272207035],[-136.23168187926643,61.996947635578358],[-136.23358594990461,61.998792135744218],[-136.23505129505187,62.00021638320338],[-136.23620990446241,62.001331441816667],[-136.23864698912442,62.003696655272321],[-136.24042570631775,62.005430263584508],[-136.24187111706365,62.0068327785741],[-136.24396822173068,62.008874466462629],[-136.24548293480927,62.01033770998739],[-136.24721192464406,62.012012394045932],[-136.24861322802809,62.013367837080764],[-136.24979162282716,62.014511362226273],[-136.25172403976984,62.016371586887921],[-136.25297175202451,62.017610331336876],[-136.25430753038557,62.018846154787575],[-136.25605343704314,62.020567307647028],[-136.25732740315661,62.021794732448527],[-136.25896901213855,62.023399837645528],[-136.26048826495841,62.02485265596836],[-136.26282763230404,62.027150183548081],[-136.26486039472456,62.029091379664749],[-136.2663279283897,62.030517245456537],[-136.26824700359487,62.032362863023202],[-136.27009732097451,62.034209365369193],[-136.27232102540566,62.036305425072932],[-136.27421647076636,62.038138997541061],[-136.27624624633009,62.040106059946552],[-136.27588384627956,62.042693184461136],[-136.27566146932611,62.044048987607908],[-136.27540267117121,62.04581081248277],[-136.27507157284205,62.047996408909306],[-136.27487033004505,62.049357570483188],[-136.27465272221795,62.050861387233617],[-136.27435103581342,62.052862906531388],[-136.27412605188547,62.054297678124243],[-136.2739903381333,62.055390462575147],[-136.27359962948643,62.058040677529711],[-136.2732984016626,62.060154705065138],[-136.27309302877325,62.061554791289787],[-136.27393200116612,62.063035084574878],[-136.27507326065248,62.065018911507103],[-136.27567326688833,62.066078225425379],[-136.2764741881133,62.067542722574842],[-136.27745398869115,62.069230355957544],[-136.27858674368034,62.071293067044223],[-136.27884047096958,62.074428080820368],[-136.27899740844904,62.07700841927651],[-136.27914910386309,62.078911471323067],[-136.27934254059195,62.081251378817832],[-136.27948715645806,62.083269895592039],[-136.27964605019497,62.085328732392995],[-136.27979019087275,62.087088513471713],[-136.27820679307911,62.087688784294258],[-136.27660652603694,62.0882864811839],[-136.27341086188778,62.089489638098144],[-136.27079513014431,62.090471091572724],[-136.26703882748717,62.091873740605557],[-136.26478600218869,62.092635182382956],[-136.26095217443802,62.09415120297723],[-136.25498617154955,62.096403909893318],[-136.25397980023664,62.098222547844905],[-136.25260295896351,62.100793439232802],[-136.25110440541994,62.103599454140536],[-136.24885574571448,62.103880483901435],[-136.24397597554486,62.104498157138245],[-136.2388598259254,62.105142372831459],[-136.23155430004974,62.106049773496032],[-136.22796317052101,62.106490858258745],[-136.22587968956842,62.107294022314314],[-136.22394668322806,62.108017907008382],[-136.22075568665093,62.109210321629149],[-136.21813588777275,62.110171398234456],[-136.21481614802323,62.111423565296938],[-136.21273248230628,62.11219735026647],[-136.2087569496029,62.11369280474235],[-136.20320123824163,62.115741305841929],[-136.20091383133604,62.116647420285929]]},"properties":{"OBJECTID":7,"CORRIDOR_NAME":"Takhini - Carmacks","LOCATION":"Overhead","VOLTAGE_V":138000,"CURRENT_TYPE":"AC","NUMBER_CIRCUITS":1,"POWERLINE_CODE":"L170","SHAPE.LEN":157460.22825100701}},{"type":"Feature","id":8,"geometry":{"type":"LineString","coordinates":[[-135.92785624495528,63.633523885199963],[-135.92735657627463,63.633678276390761],[-135.92668416923601,63.633852256079663],[-135.92589893025539,63.633950349501632],[-135.91960508089869,63.635890422900687],[-135.91866586332361,63.635897115329314],[-135.90661406339865,63.639611324879091],[-135.90106382146891,63.641820645482433],[-135.90240993517179,63.643996029282242],[-135.90547558027595,63.648945348278751],[-135.90898672696522,63.654611629322204],[-135.9107049173474,63.654932781137148],[-135.91192320815185,63.655160478297695],[-135.91544273021674,63.655883878320672],[-135.91624581504399,63.655620595462985],[-135.9159620633105,63.655449700058206]]},"properties":{"OBJECTID":8,"CORRIDOR_NAME":"S248 Mayo B Sub - S249 Mayo Hydro Sub","LOCATION":"Overhead","VOLTAGE_V":69000,"CURRENT_TYPE":"AC","NUMBER_CIRCUITS":1,"POWERLINE_CODE":"L248","SHAPE.LEN":3533.8176915960803}},{"type":"Feature","id":9,"geometry":{"type":"LineString","coordinates":[[-135.6732716072093,63.874229611003585],[-135.67362978021777,63.874169033648158]]},"properties":{"OBJECTID":9,"CORRIDOR_NAME":"L180 - McQuesten Sub","LOCATION":"Overhead","VOLTAGE_V":69000,"CURRENT_TYPE":"AC","NUMBER_CIRCUITS":2,"POWERLINE_CODE":"L180","SHAPE.LEN":18.836815341240698}},{"type":"Feature","id":10,"geometry":{"type":"LineString","coordinates":[[-135.67310442919043,63.874037439292415],[-135.6732716072093,63.874229611003585]]},"properties":{"OBJECTID":10,"CORRIDOR_NAME":"L180 - McQuesten Sub","LOCATION":"Overhead","VOLTAGE_V":69000,"CURRENT_TYPE":"AC","NUMBER_CIRCUITS":2,"POWERLINE_CODE":"L180","SHAPE.LEN":22.967084694841002}},{"type":"Feature","id":11,"geometry":{"type":"LineString","coordinates":[[-135.67132796175625,63.871522876350376],[-135.66804065085148,63.871049478753967]]},"properties":{"OBJECTID":11,"CORRIDOR_NAME":"L180 - McQuesten Sub","LOCATION":"Overhead","VOLTAGE_V":69000,"CURRENT_TYPE":"AC","NUMBER_CIRCUITS":2,"POWERLINE_CODE":"L180","SHAPE.LEN":169.809327257663}},{"type":"Feature","id":12,"geometry":{"type":"LineString","coordinates":[[-135.67362978021777,63.874169033648158],[-135.67132796175625,63.871522876350376]]},"properties":{"OBJECTID":12,"CORRIDOR_NAME":"L180 - McQuesten Sub","LOCATION":"Overhead","VOLTAGE_V":69000,"CURRENT_TYPE":"AC","NUMBER_CIRCUITS":2,"POWERLINE_CODE":"L180","SHAPE.LEN":316.24962870373503}},{"type":"Feature","id":13,"geometry":{"type":"LineString","coordinates":[[-135.0411186447399,60.693807051203486],[-135.04387418281979,60.69673759823791],[-135.04137240162828,60.698498087949503]]},"properties":{"OBJECTID":13,"CORRIDOR_NAME":"WH4 - Riverside","LOCATION":"Overhead","VOLTAGE_V":138000,"CURRENT_TYPE":"AC","NUMBER_CIRCUITS":1,"POWERLINE_CODE":"L127","SHAPE.LEN":598.32544030302711}},{"type":"Feature","id":14,"geometry":{"type":"LineString","coordinates":[[-135.13785600950811,60.743154257171767],[-135.1337394712572,60.74380898881077],[-135.13313232636531,60.745704006096531],[-135.12853275045498,60.746081088643848],[-135.12391398844827,60.746362323508279],[-135.11939450929822,60.7466781467595],[-135.11589500455332,60.74693790300541],[-135.11078392118381,60.74729264190745],[-135.10417097685638,60.747778455271309],[-135.1014747560007,60.747940963024028],[-135.09564959819573,60.748362012767672],[-135.09317336991643,60.748570972681222],[-135.09257685194487,60.751642036669317],[-135.09040675477394,60.752185083790415],[-135.08787513701907,60.754466252447038],[-135.08468729963531,60.755051259291612],[-135.07940584184175,60.75654451642788],[-135.074887109766,60.757822922130941],[-135.07008029753055,60.758771464761161],[-135.0658526468234,60.759596191332172],[-135.06260361849809,60.760228198163041],[-135.05982282648969,60.760782615018236],[-135.05719206010232,60.761649801651309],[-135.05373701332124,60.762772610887389],[-135.05024706466384,60.763912850108383],[-135.04662058395377,60.765111226204745],[-135.04278156186189,60.766377625689707],[-135.03827731305239,60.767868472268901]]},"properties":{"OBJECTID":14,"CORRIDOR_NAME":"L172 - McIntyre Tap","LOCATION":"Overhead","VOLTAGE_V":138000,"CURRENT_TYPE":"AC","NUMBER_CIRCUITS":1,"POWERLINE_CODE":"L169","SHAPE.LEN":6524.2605886015799}},{"type":"Feature","id":15,"geometry":{"type":"LineString","coordinates":[[-135.19180940164355,60.879550388019481],[-135.19637289020886,60.876322283883667],[-135.20052497815036,60.86798510512876],[-135.28699750209731,60.862985330051323],[-135.28846744283047,60.860932832518266],[-135.31194499853387,60.861237852118954],[-135.32635219688342,60.860706993559617],[-135.3601027629804,60.864122268507622],[-135.39315495505872,60.883842245697956],[-135.4465058461995,60.891843087034985],[-135.49638493535244,60.89674366995186],[-135.53815215511824,60.904779225263134],[-135.59152526070065,60.895585258089255],[-135.64889084100977,60.89606478170932],[-135.70105714014906,60.899078321624351],[-135.84470169198988,60.860765260215061],[-135.86788808273639,60.845860244600047],[-135.90100766960759,60.839323608999557],[-135.91094910009213,60.834084954946221],[-135.97398848739169,60.820919407503688],[-136.08059111806128,60.773694388030151],[-136.18236159432956,60.762722154317522],[-136.19566964276348,60.766477978164538],[-136.20557721924749,60.769239092624375],[-136.21646385846111,60.772311354683261],[-136.22715570938834,60.77530523920101],[-136.23809468718713,60.778412105707503],[-136.24866407144344,60.78137211660205],[-136.2622400053302,60.785184124719876],[-136.27583522962536,60.788983282224557],[-136.2920865837477,60.793451542614477],[-136.30901158098683,60.798005761438681],[-136.32533245146453,60.802391882330213],[-136.34258144647973,60.807023497229693],[-136.35714947344357,60.810924057122733],[-136.40997424182663,60.812507418686621],[-136.43679951956065,60.813358474745151],[-136.4667297081364,60.814260206626294],[-136.49539664639283,60.815133789162232],[-136.52470192214133,60.815981272265432],[-136.55728499225108,60.816946772969182],[-136.58528639079529,60.817762945466086],[-136.61672472671293,60.818105962816411],[-136.64487562517621,60.818395441767542],[-136.66603522986156,60.818622047050837],[-136.67440301257173,60.818440962891415],[-136.70491723286162,60.817756778285336],[-136.73146621524711,60.817155433072344],[-136.76158104295442,60.816426502283754],[-136.79159496140201,60.815777376525148],[-136.79584729994065,60.815692933496152],[-136.82281646951591,60.81844034255127],[-136.85008441156592,60.821172605384639],[-136.8803276176956,60.824220946294332],[-136.88816087880289,60.8250186723049],[-136.90770051495622,60.829993410871324],[-136.93167890180911,60.83609616650147],[-136.95925610933654,60.8431014683227],[-136.98436427751639,60.849496189754191],[-137.00570638846744,60.854938393496838],[-137.00730957858394,60.858839518228876],[-137.01248981955607,60.871643702071609],[-137.01794125450459,60.885132032611722],[-137.02442347605592,60.901174482813239],[-137.0278676509345,60.909745637941128],[-137.02533686315866,60.915504811026963],[-137.01980931166295,60.927970898910679],[-137.01462271859975,60.939682854202196],[-137.01498133136934,60.941115604440874],[-137.01876872827361,60.955649559971263],[-137.01983063661359,60.957474551461388],[-137.02738980635559,60.970339532183949],[-137.03536300213941,60.98397032940003],[-137.03866413672853,60.989649474397488],[-137.03822901022406,60.996654259285407],[-137.03711984497752,61.013897569127764],[-137.03600111287381,61.031527319028747],[-137.05153792265608,61.03568673512688]]},"properties":{"OBJECTID":15,"CORRIDOR_NAME":"Takhini - Aishihik","LOCATION":"Overhead","VOLTAGE_V":138000,"CURRENT_TYPE":"AC","NUMBER_CIRCUITS":1,"POWERLINE_CODE":"L171","SHAPE.LEN":129588.11291332}},{"type":"Feature","id":16,"geometry":{"type":"LineString","coordinates":[[-136.2009554409274,62.116742840708838],[-136.20274689282343,62.117830154613834],[-136.20484327579268,62.11943923193644],[-136.20584163392527,62.120205459909336],[-136.20713958329563,62.121201532075915],[-136.20903669331227,62.122657298316859],[-136.2103348325777,62.123653340131142],[-136.21213240142492,62.125032450616089],[-136.21403002994768,62.126488154583399],[-136.21502883403409,62.127254296363766],[-136.21626880886043,62.128205368800735],[-136.21872314172626,62.12883292075599],[-136.2214154498572,62.129521236360596],[-136.22478102174895,62.130381570019793],[-136.22730531058804,62.131026765252678],[-136.2305029124133,62.131843940298637],[-136.23361652156149,62.132639543957893],[-136.23683816327545,62.133462625905565],[-136.23828314836737,62.134911124212955],[-136.23976166934474,62.136393064061778],[-136.24124033630895,62.137874986747384],[-136.2428834613101,62.139521548683916],[-136.24444458120874,62.141085767650274],[-136.24559499860467,62.142238335254774],[-136.24690986028804,62.143555542888443],[-136.24822485436604,62.14487273757296],[-136.24986874205075,62.146519221885029],[-136.25151280954009,62.14816567671452],[-136.25315705416523,62.149812111119132],[-136.25480147989811,62.151458525885978],[-136.25636385356259,62.153022604352806],[-136.25726845275312,62.153928108552307],[-136.25891332858001,62.155574490016932],[-136.26039387461742,62.157056198879921],[-136.26129871739025,62.157961666702533],[-136.26218158084168,62.158845109829819],[-136.26365173639326,62.159624356149713],[-136.2659356096041,62.160836558589516],[-136.26811798739107,62.161994755826555],[-136.27084645530235,62.163442609522399],[-136.2726397240329,62.164394086478758],[-136.27234952202309,62.165974325466486],[-136.272029226082,62.167718276306729],[-136.2716842807497,62.169596299194708],[-136.27135570145049,62.171384888434808],[-136.27104353540517,62.173084051515438],[-136.27081332867544,62.174338358880433],[-136.27048483268641,62.17612464470924],[-136.27016434432949,62.177868517041368],[-136.26987669321062,62.179433550648206],[-136.26954790647326,62.181222114978752],[-136.26921910383956,62.18301069655773],[-136.26898891362865,62.184262708180476],[-136.26875870495104,62.185514710798437],[-136.26852847613739,62.18676672152958],[-136.26829823065586,62.188018722308193],[-136.26796928239278,62.189807271897415],[-136.2676320647364,62.191640568828767],[-136.26739654949631,62.192920814027239],[-136.26962765493997,62.193932702583446],[-136.27183346167411,62.194933018423285],[-136.27390155997224,62.195870789018116],[-136.27679708137515,62.197183599735638],[-136.27941706252369,62.198371340025474],[-136.28174384638683,62.199426041947874],[-136.28404855851159,62.200523617649971],[-136.28633676675011,62.201612747651168],[-136.28889435345965,62.202829961918333],[-136.2914521284892,62.204047119255513],[-136.29374031357506,62.205135864788424],[-136.29374031898658,62.205135861941699],[-136.29546953990533,62.206323893012886],[-136.29741460252802,62.207660071970196],[-136.29946789368458,62.20907044147792],[-136.30130522911685,62.210332335141828],[-136.30335888333914,62.211742655322773],[-136.30533072608739,62.213096627143479],[-136.30555223522651,62.214732220629031],[-136.30572209777981,62.215986329799108],[-136.30593444562768,62.217553959305931],[-136.30610968273439,62.218847572762385],[-136.30746901067749,62.220091659942298],[-136.3091291010339,62.221610869724906],[-136.31087675647311,62.223210032516342],[-136.3122750011695,62.224489330116917],[-136.31384722436079,62.225927666278302],[-136.31370434068361,62.227722540277789],[-136.31359006945226,62.229157670635715],[-136.31346151818849,62.230772192104659],[-136.31338522375012,62.231730214927587],[-136.31359572619959,62.233191689377712],[-136.31382794145418,62.23480369239153],[-136.3140601629519,62.236415694155184],[-136.31431823843315,62.238206805960168],[-136.31456343928599,62.239908361124158],[-136.31477011687684,62.241342496048425],[-136.31501537228064,62.243044050129214],[-136.31523481428607,62.244566492447163],[-136.31545664880372,62.246105260379821],[-136.31708172943087,62.247572941079213],[-136.31870670768711,62.249040379679492],[-136.32033182638844,62.25050779847534],[-136.32195712102362,62.251975188381806],[-136.32358257663961,62.253442567787246],[-136.32520819017705,62.254909927791402],[-136.3268339634636,62.256377267443064],[-136.32845987537749,62.257844587335519],[-136.33008596525812,62.259311878273657],[-136.33171221238706,62.26077915880888],[-136.33333862139082,62.262246419824663],[-136.33496518640791,62.26371366058639],[-136.3365918941177,62.265180882366977],[-136.33821877710918,62.266648083347434],[-136.33980550290499,62.268078899518137],[-136.33950024794456,62.269468563076344],[-136.33915425931752,62.271043512794833],[-136.33887018237667,62.272336450990132],[-136.33858641909811,62.27362789599502],[-136.33592998073075,62.273996540822225],[-136.33223733212878,62.27450887073541],[-136.32891382949254,62.274969890664451],[-136.32614417124091,62.27535401061737],[-136.32337444100739,62.275738075020222],[-136.320050664017,62.276198882620754],[-136.31709611263094,62.27660842201572],[-136.31432615135574,62.276992306383931],[-136.31118678932427,62.277427310993133],[-136.30749327457144,62.277938984923523],[-136.30416902817029,62.278399414158265],[-136.30102935023697,62.278834190899452],[-136.2986284062726,62.27916660541603],[-136.2956732322144,62.279575698744409],[-136.29317976762528,62.279920812278469],[-136.28994742607321,62.28036812035544],[-136.28773091282471,62.280674805276163],[-136.28440603684734,62.281134754206164],[-136.28218941079928,62.281441352293811],[-136.27979226316378,62.281772863972975],[-136.27986460155122,62.28221057736453],[-136.28055239018033,62.286371971362499],[-136.28067075247066,62.287087912152586],[-136.28083349467235,62.288072327013452],[-136.28114442503431,62.289952917615757],[-136.28144039262341,62.291742765436993],[-136.28169198706604,62.29326412831329],[-136.28194360692206,62.294785499514809],[-136.28219527118361,62.296306861445046],[-136.28246174670363,62.29791771673419],[-136.28269864253764,62.299349590551905],[-136.28296519276961,62.300960443660394],[-136.28324655844455,62.302660790381111],[-136.2835279761737,62.304361136172048],[-136.28380145804107,62.306013426285624],[-136.28672771329013,62.307118042412313],[-136.28957375343265,62.30819223561501],[-136.2924199972731,62.30926636942322],[-136.2951166249288,62.310283917752933],[-136.29811309362671,62.311414469682646],[-136.30110980591823,62.312544956085254],[-136.30410670469681,62.313675368665287],[-136.30710384709295,62.3148057157049],[-136.30980146628116,62.315822975705231],[-136.31130023427707,62.316388104112754],[-136.31399813571193,62.317405281737209],[-136.31669621978605,62.318422407008292],[-136.31939448627665,62.319439478130683],[-136.32209293542545,62.320456496889861],[-136.32419185159085,62.321247474242618],[-136.3270405606637,62.322320891066759],[-136.32928968281817,62.323168291062146],[-136.33153893138183,62.324015645361037],[-136.33335604257599,62.324700134589889],[-136.33616117713851,62.325781848949632],[-136.33898395380649,62.326870231539729],[-136.34165835030012,62.327901268238691],[-136.34433293144767,62.328932261564276],[-136.34700769492068,62.329963193608769],[-136.34997986846918,62.331108625130867],[-136.35265501795848,62.332139447523559],[-136.35518171931409,62.333112961074917],[-136.35785722675234,62.334143691583584],[-136.36083024357839,62.335288878219117],[-136.36276280050279,62.336033215985097],[-136.3649928127038,62.336892035072346],[-136.36752013357363,62.337865251715428],[-136.36966064139531,62.338474645130489],[-136.37213032872131,62.339177691320025],[-136.37492943901657,62.339974423275301],[-136.37789336843605,62.340817956169936],[-136.38069278207027,62.341614562792927],[-136.38316298496792,62.342317410513203],[-136.38563330218628,62.34302021501712],[-136.38810373423374,62.343722965505769],[-136.39139780987938,62.344659907239418],[-136.39436266050902,62.345503086115066],[-136.39749241025339,62.346393044021546],[-136.40078707045734,62.347329761064763],[-136.4040819527674,62.34826638942242],[-136.40737702112338,62.349202948987596],[-136.41071309637525,62.35015101969001],[-136.41226225261025,62.351771155048787],[-136.41320347481764,62.352755410268074],[-136.41445853811993,62.354067728333462],[-136.41560531413813,62.355266698133747],[-136.41669440577414,62.356405288370318],[-136.41755746349386,62.357307482910706],[-136.41881870359364,62.358625824168108],[-136.4214145293262,62.359883316560975],[-136.42408917295143,62.361178838963291],[-136.42618942650952,62.362196017507472],[-136.429400405622,62.362626123145581],[-136.43218516696749,62.362999069875379],[-136.43596826598861,62.363505615886673],[-136.4386509185922,62.364326067432387],[-136.44171735397939,62.36526376411247],[-136.44510679306518,62.366300092473978],[-136.44898073780502,62.367484358830879],[-136.45253210701327,62.36856984478937],[-136.45564767418389,62.369521990541415],[-136.45774649153503,62.370163323862471],[-136.46000681251311,62.370853952722612],[-136.46291311261592,62.371741850655965],[-136.4661425345254,62.372728329127028],[-136.46953365318535,62.373764056045808],[-136.47244049494097,62.374651744768869],[-136.47534752907077,62.375539381292484],[-136.47841624859294,62.376476270295278],[-136.4814851607513,62.377413082555847],[-136.48447349585092,62.378325181919372],[-136.48736021085887,62.379206145225105],[-136.48955264908233,62.379705057006625],[-136.4926773645021,62.380416037709445],[-136.49562859651508,62.381087442816664],[-136.49857997816017,62.381758793282209],[-136.50153153078924,62.38243008937377],[-136.50448313540747,62.383101296836024],[-136.50752676280916,62.38379334357402],[-136.50926094422789,62.383776947565003],[-136.51249696797382,62.383746292139392],[-136.51554200164136,62.384661052941524],[-136.51870753204901,62.385611872068829],[-136.52187318358301,62.386562600738785],[-136.52503911424569,62.387513274728192],[-136.52820520599096,62.388463866956641],[-136.53137145700879,62.389414378372329],[-136.53453794902703,62.39036482542717],[-136.53770467819547,62.391315208225976],[-136.54085052660105,62.39225919754719],[-136.54353654740984,62.393305085325672],[-136.54649996859925,62.394458837540434],[-136.54924129134113,62.395525982106086],[-136.55198283010762,62.396593081050149],[-136.55420584526357,62.397458253700009],[-136.5571700835566,62.398611775798571],[-136.55961574072572,62.399563373644085],[-136.56235797800684,62.400630256356479],[-136.56517461744465,62.401725932924258],[-136.5679913871102,62.402821533998726],[-136.57066011625454,62.403859431311041],[-136.57347736300133,62.40495494600443],[-136.57629477682067,62.406050384992319],[-136.57911233590698,62.40714575880687],[-136.58178185405191,62.408183430822184],[-136.58452572543388,62.409249897531453],[-136.58734390465884,62.410345102316434],[-136.59016233019486,62.411440256861106],[-136.59290677721717,62.41250653921724],[-136.5956514178483,62.413572766653097],[-136.59839629391948,62.414638946895415],[-136.60121548702077,62.415733867071403],[-136.60396071779596,62.416799928084949],[-136.60670616485629,62.417865943361754],[-136.60941520163215,62.418917682786493],[-136.61088963493722,62.420572372841114],[-136.61222027128275,62.422065490351685],[-136.61362497639803,62.423641549389927],[-136.6152516557917,62.425466435668227],[-136.61654574526492,62.426918027890792],[-136.61783996243003,62.428369617813345],[-136.6191933828292,62.42988744789475],[-136.6205618295036,62.431421953297786],[-136.6219304192762,62.432956443061833],[-136.62329916733694,62.434490928410298],[-136.62466803866053,62.436025408601168],[-136.62603705016693,62.437559838193636],[-136.62740622380815,62.439094290210654],[-136.62877549887594,62.44062869189888],[-136.63014495466254,62.442163123537028],[-136.63151453263646,62.443697514103782],[-136.63292128060286,62.44527335836024],[-136.63432815990379,62.446849169634199],[-136.63573520853734,62.448425010578362],[-136.6371387699173,62.449996748505114],[-136.63912613175259,62.45140552168364],[-136.64119318678425,62.452870628861405],[-136.64320743488082,62.454298126624117],[-136.64522187659776,62.455725603054795],[-136.64723651082079,62.457153050096991],[-136.6492513393822,62.458580466793933],[-136.65126635923002,62.460007845147928],[-136.65328157073654,62.461435201320135],[-136.65529697690846,62.462862528926436],[-136.65731257611881,62.464289816331537],[-136.65932836731662,62.465717083334212],[-136.66139740859006,62.467181872072295],[-136.66277687501483,62.468158387040248],[-136.66482490982844,62.469608006555973],[-136.66684142161114,62.471035161664567],[-136.66864582987216,62.472312062206981],[-136.67045039162252,62.473588938676627],[-136.67257360977007,62.475091114341382],[-136.67437850824226,62.476367938171286],[-136.67639593382495,62.477794950733667],[-136.67830735703055,62.479146823685319],[-136.68021897425942,62.48049869671641],[-136.68213074469608,62.481850515355049],[-136.68383484588358,62.483055364385173],[-136.68612375247855,62.484386968586868],[-136.68829736273958,62.48565134713099],[-136.69071269577401,62.487056174539774],[-136.69312827288311,62.488460949343917],[-136.69518166714056,62.489654983661737],[-136.69735604629187,62.490919217227798],[-136.69953060875935,62.492183425050598],[-136.70158453380586,62.493377353357502],[-136.70363225908676,62.494567557538012],[-136.70535615754849,62.495926303060962],[-136.70697677262552,62.49720351263575],[-136.7086466893856,62.498519434350925],[-136.71031671428213,62.499835299677066],[-136.71198692582769,62.501151180788796],[-136.71361714059933,62.502435417970396],[-136.71571561663291,62.503772665374846],[-136.71788171250165,62.505152847637078],[-136.72004804905021,62.50653303079195],[-136.7222715644441,62.50794945720191],[-136.72443828743641,62.509329552615981],[-136.72660523181275,62.510709622546131],[-136.72869612222428,62.512041103338255],[-136.72998313250224,62.513215525831555],[-136.73121158369645,62.514336425905789],[-136.73296667732427,62.51593767432658],[-136.73463421628469,62.517458871220775],[-136.73630188596545,62.518980020345694],[-136.73779417862491,62.520341040954136],[-136.73941831698127,62.521822151212952],[-136.74099869620721,62.523263197410621],[-136.74262311337395,62.524744233529731],[-136.74424771326332,62.526225266969284],[-136.74582858316691,62.52766627446389],[-136.74745350155985,62.52914725140085],[-136.74907860341483,62.530628243603623],[-136.75070386817026,62.532109216659698],[-136.75212425650017,62.533403365677529],[-136.75523441127547,62.534219249445513],[-136.75808320034875,62.53497155987985],[-136.76143490665243,62.535856559754855],[-136.7647029970573,62.536719362985032],[-136.7675818569835,62.537479300766414],[-136.7697715236277,62.538928378648329],[-136.77172624327795,62.540213681096766],[-136.77356500187241,62.541422605284076],[-136.77534732507931,62.542816872377642],[-136.77717531811192,62.544246692868363],[-136.77900348946173,62.545676497304761],[-136.78083183666095,62.547106268687031],[-136.78266035897201,62.548536015124263],[-136.78448905773104,62.54996574555954],[-136.78631795168096,62.551395441432462],[-136.78814700466199,62.552825121842929],[-136.78997625176123,62.554254786592317],[-136.79180565530791,62.555684417982981],[-136.79363521656967,62.557113998000517],[-136.79546497126205,62.558543570460515],[-136.79729490450862,62.559973126839054],[-136.7991250136977,62.561402649242289],[-136.80095530030141,62.562832147507628],[-136.80278576164798,62.564261629804946],[-136.80456692772583,62.565652444455019],[-136.80639773759216,62.567081868431067],[-136.80822872628653,62.568511277203946],[-136.810059888984,62.569940651151889],[-136.8117922478383,62.571292749082957],[-136.81349594901909,62.572622356192035],[-136.814788494986,62.574151822947378],[-136.81598992906564,62.575573355733809],[-136.81726217090716,62.577078500213211],[-136.81832247097563,62.578332765731588],[-136.81966565471043,62.57992149971372],[-136.82100898087054,62.581510219590321],[-136.8222817350082,62.583015315192256],[-136.82362532492328,62.584604008972931],[-136.82489834402682,62.586109070532409],[-136.82617151467798,62.587614136750418],[-136.82751554225572,62.589202790789159],[-136.82864744801651,62.590540581421998],[-136.82977945706116,62.591878371226933],[-136.83091158883676,62.593216159591357],[-136.83211457638367,62.594637535899814],[-136.83324692070656,62.595975304877143],[-136.83437936752216,62.59731305417791],[-136.83572427824623,62.598901624254111],[-136.83656827357225,62.600422484895446],[-136.83660847559995,62.600970145655964]]},"properties":{"OBJECTID":16,"CORRIDOR_NAME":"Carmacks - Minto Landing","LOCATION":"Overhead","VOLTAGE_V":138000,"CURRENT_TYPE":"AC","NUMBER_CIRCUITS":1,"POWERLINE_CODE":"L173","SHAPE.LEN":70923.711009179504}},{"type":"Feature","id":17,"geometry":{"type":"LineString","coordinates":[[-135.04498130138086,60.699184289870686],[-135.04157595772088,60.6986262589771]]},"properties":{"OBJECTID":17,"CORRIDOR_NAME":"S150 - Riverside","LOCATION":"Overhead","VOLTAGE_V":138000,"CURRENT_TYPE":"AC","NUMBER_CIRCUITS":1,"POWERLINE_CODE":"L150","SHAPE.LEN":196.26041153783402}},{"type":"Feature","id":18,"geometry":{"type":"LineString","coordinates":[[-135.91615454531089,63.655246883701075],[-135.91669085424724,63.655607275506981],[-135.91493241826714,63.656190992876205],[-135.91401613306894,63.656189179298572],[-135.9125187260866,63.656814657020838],[-135.90954908041138,63.656757620530477],[-135.84699641086576,63.668363524191527],[-135.84154546676982,63.669784815496747],[-135.83754535344593,63.671876090865048],[-135.83603902150216,63.673343996169933],[-135.83526048775173,63.6800678779937],[-135.83404592514643,63.690542471495121],[-135.85492492116387,63.697887180378565],[-135.85802842935922,63.69860630147388],[-135.86334408406086,63.700492446599256],[-135.87180966105484,63.705832486519384],[-135.87137197217331,63.707884984496971],[-135.87050757533908,63.711665100441536],[-135.86876362638111,63.718957989344538],[-135.86785730848209,63.722777563882161],[-135.86656271160945,63.724299156132659],[-135.86481310263056,63.725749027552105],[-135.86305691207781,63.727206769531705],[-135.86145398884702,63.728955080216494],[-135.85352699827325,63.737570178520706],[-135.85199314336879,63.739233863050487],[-135.85081337226526,63.740654168250394],[-135.84947850364094,63.742274440647812],[-135.84716766333193,63.741970905115288],[-135.84152643474445,63.75132039399552],[-135.83734960044691,63.758298104018643],[-135.83552257556943,63.76134858631255],[-135.83386224532344,63.764072963658649],[-135.82888014923208,63.772404916312247],[-135.82515034549226,63.778841839456113],[-135.82208525808159,63.784088664121022],[-135.82017409386299,63.787213044129707],[-135.81936691804341,63.788568476068718],[-135.81795038028679,63.790480834259291],[-135.81649874550547,63.79233712202528],[-135.81475076420242,63.794113089209702],[-135.81304030921933,63.795776665171921],[-135.81192656508276,63.797014312563327],[-135.81081878386667,63.798658710389631],[-135.80912188634437,63.800177521882894],[-135.80730720039693,63.801786629011481],[-135.80571872922602,63.803208582659678],[-135.80419681684552,63.804721627165627],[-135.80229251428835,63.805546967188612],[-135.77206801398452,63.819080236809903],[-135.77046084768779,63.818519904996712],[-135.76221121204827,63.823488312451559],[-135.76002442241071,63.825181467196472],[-135.75355665218279,63.830191227242693],[-135.75079395458113,63.832337858251108],[-135.75196376455753,63.833402639380729],[-135.74039456046779,63.840383270195041],[-135.72883010542088,63.844708219507282],[-135.6929902759326,63.858095974652826],[-135.68319848246955,63.861747775798563],[-135.67095412927296,63.866310849427457],[-135.66760952442579,63.870826522285554],[-135.66791187795042,63.871089248690843],[-135.67210019157028,63.871697806985942],[-135.67382573432255,63.874284328820949],[-135.6741998681843,63.874837393685176],[-135.67361024801886,63.874916153674704],[-135.67342826690356,63.874635154252793]]},"properties":{"OBJECTID":18,"CORRIDOR_NAME":"Mayo Hydro Sub - Elsa - Keno","LOCATION":"Overhead","VOLTAGE_V":69000,"CURRENT_TYPE":"AC","NUMBER_CIRCUITS":1,"POWERLINE_CODE":"L250","SHAPE.LEN":31747.5642314625}},{"type":"Feature","id":19,"geometry":{"type":"LineString","coordinates":[[-135.6679297107903,63.871199443784263],[-135.66753576064386,63.871732125754079],[-135.66696761366691,63.872551789149135],[-135.66637197498798,63.873389345545647],[-135.66562169773164,63.874394178477061],[-135.66474753175322,63.875619722106812],[-135.66427797654285,63.876250813734003],[-135.66360910599417,63.877209401899002],[-135.66295084301305,63.878110411610599],[-135.66229682755133,63.879012026114232],[-135.66090223136888,63.880914181333573],[-135.6566681653525,63.881385229317559],[-135.65261544020322,63.881815667812312],[-135.64824424272257,63.882320201248383],[-135.64402829798237,63.882800488962161],[-135.63984064558812,63.88328672055065],[-135.63590702589843,63.883703957525178],[-135.63171569506002,63.884174443351206],[-135.62837658850123,63.884563929700299],[-135.62645126146961,63.884959972145197],[-135.6224759254018,63.885793169913754],[-135.61858260607812,63.88658866310886],[-135.61477851091738,63.887358274608864],[-135.6109065214911,63.888171148538099],[-135.606877062249,63.889001451366738],[-135.60292525884026,63.889817227212795],[-135.59879365992896,63.890664510106923],[-135.5949714798052,63.89146804414149],[-135.59112017593961,63.892204465840585],[-135.586898989654,63.893086773149605],[-135.58274323950397,63.893945000550815],[-135.58074271606361,63.894371425450892],[-135.57893845735853,63.894479792525601],[-135.57519250068708,63.894760722136247],[-135.57089176037428,63.895058730595544],[-135.56658081568909,63.895380342697408],[-135.56231148540954,63.895658947121525],[-135.55802052369523,63.895960213104935],[-135.5534589895357,63.896294066468222],[-135.55192196565258,63.896547716178759],[-135.54977349960919,63.897004428552023],[-135.54788055300236,63.897405489564704],[-135.54588182619358,63.897785654328544],[-135.54361202370447,63.898266693398789],[-135.54088326303477,63.898826682062058],[-135.5377107647285,63.899497126156881],[-135.53458608542735,63.900129631769296],[-135.53272879163089,63.900510167821793],[-135.53035129549295,63.900684291848435],[-135.52779293865748,63.900917098991769],[-135.52603039797646,63.901033985960837],[-135.52374952563665,63.901587176162941],[-135.51992627300353,63.902505387834587],[-135.51593619341284,63.903450477356586],[-135.51256277763338,63.904281453606437],[-135.50870818500255,63.905230709211281],[-135.50486627283638,63.906072304462597],[-135.50181793779262,63.906816818987878],[-135.4988050489734,63.907546787918633],[-135.49576403666381,63.908250764531637],[-135.49272863005865,63.908957798571016],[-135.48838592952612,63.91008666762567],[-135.48625473904707,63.910588681179732],[-135.48517676818895,63.910832807093819],[-135.48362625934533,63.911177670013601],[-135.48190944852433,63.911394376730428],[-135.48100675120091,63.911428069381209],[-135.4797172033031,63.911639562193784],[-135.47844275897509,63.911721763468393],[-135.4772363926854,63.911804805784499],[-135.47475346490947,63.912027360163769],[-135.47166770555248,63.912315732276433],[-135.46880811121679,63.912567050834923],[-135.46639651427074,63.912797218278705],[-135.46395472987905,63.913028428416474],[-135.46142925668747,63.913254658871374],[-135.45897895631248,63.913468581991687],[-135.45647683359212,63.913694023729136],[-135.45408918518743,63.913904704984979],[-135.45160504244544,63.914137724412399],[-135.44837276634749,63.914368171865902],[-135.44446969088591,63.91473082294366],[-135.44058331120226,63.91508577990021],[-135.43673400090952,63.915418982791564],[-135.43282159303573,63.915777040182746],[-135.42892284758804,63.916142040810236],[-135.42504435740335,63.916464607938032],[-135.42115191631657,63.916814394346801],[-135.41725050673753,63.917170562259457],[-135.41335992627975,63.917535119976655],[-135.4097300564074,63.917975207176866],[-135.40643530696079,63.918534338983442],[-135.40418617375491,63.919173763687965],[-135.40212123559684,63.920126562219671],[-135.40010579666472,63.921000400330186],[-135.39712162655172,63.922395758245429],[-135.39400948534029,63.923817607660489],[-135.39098420413501,63.925159194237708],[-135.38788873408507,63.926518583300066],[-135.38485862357126,63.927892450591159],[-135.38232935126851,63.929031602731669],[-135.3812239613587,63.929521994055619],[-135.37942614781292,63.92971023432154],[-135.37586827162215,63.929210485739297],[-135.37219546158454,63.928707445103072],[-135.36795418442938,63.928122833968089],[-135.36526321264353,63.927750390006331],[-135.3635730165449,63.927524450819945],[-135.3603486387471,63.927067368990265],[-135.35624564364005,63.926477854109635],[-135.35399871823944,63.926139198029389],[-135.35187903580939,63.925861672318334],[-135.34941628885429,63.925524186811472],[-135.34647312943011,63.925131361883338],[-135.34404954670629,63.924817922083619],[-135.34163510992357,63.924480729388485],[-135.33917975652869,63.924127348466115],[-135.33683120838157,63.923816753676491],[-135.33408557014266,63.923423935782381],[-135.33266991499511,63.922939623257598],[-135.33064180926709,63.922279634848039],[-135.32646371238963,63.920867861365373],[-135.32378062834292,63.919956896283104],[-135.32034692438864,63.918762253235769],[-135.31686572950719,63.917596260174577],[-135.31339944519252,63.916425395096525],[-135.3100091627098,63.915299515550181],[-135.30670319291534,63.914179480584643],[-135.30595854131434,63.912450648132491],[-135.30559515114984,63.911645889950265],[-135.30367690978252,63.911927315678938],[-135.3021516706583,63.912141668074277],[-135.30004770154716,63.912443625104636]]},"properties":{"OBJECTID":19,"CORRIDOR_NAME":"Mayo Hydro Sub - Elsa - Keno","LOCATION":"Overhead","VOLTAGE_V":69000,"CURRENT_TYPE":"AC","NUMBER_CIRCUITS":1,"POWERLINE_CODE":"L250","SHAPE.LEN":20850.7279871432}},{"type":"Feature","id":20,"geometry":{"type":"LineString","coordinates":[[-135.04712828714878,60.696709200007376],[-135.04721686900564,60.696899239607667],[-135.04636006394952,60.697130281676721],[-135.0456560051561,60.698013270741775],[-135.04463730214076,60.698414226822202],[-135.04447289594236,60.698331680372505],[-135.04403864823897,60.698210257886039],[-135.04368685529892,60.698111880701887],[-135.04330984098533,60.698053015191142],[-135.04195022135323,60.698170563934347],[-135.04189710893903,60.698291928973994]]},"properties":{"OBJECTID":20,"CORRIDOR_NAME":"S151 - S150 - S171","LOCATION":"Overhead","VOLTAGE_V":34000,"CURRENT_TYPE":"AC","NUMBER_CIRCUITS":1,"POWERLINE_CODE":"L151","SHAPE.LEN":425.30560428438002}},{"type":"Feature","id":21,"geometry":{"type":"LineString","coordinates":[[-135.04124578680282,60.698217648523915],[-135.04188500782843,60.698309287682974],[-135.04189710893903,60.698291928973994]]},"properties":{"OBJECTID":21,"CORRIDOR_NAME":"S151 - S150 - S171","LOCATION":"Overhead","VOLTAGE_V":34000,"CURRENT_TYPE":"AC","NUMBER_CIRCUITS":1,"POWERLINE_CODE":"L151","SHAPE.LEN":38.4478635239361}},{"type":"Feature","id":22,"geometry":{"type":"LineString","coordinates":[[-135.04124578680282,60.698217648523915],[-135.04120107272925,60.69829508013278]]},"properties":{"OBJECTID":22,"CORRIDOR_NAME":"S151 - S150 - S171","LOCATION":"Overhead","VOLTAGE_V":34000,"CURRENT_TYPE":"AC","NUMBER_CIRCUITS":1,"POWERLINE_CODE":"L151","SHAPE.LEN":8.9596184650910189}},{"type":"Feature","id":23,"geometry":{"type":"LineString","coordinates":[[-135.05514597879997,60.68837030696745],[-135.0546116780273,60.688469466672835],[-135.05703648773363,60.691679196516361],[-135.05732463971833,60.692253236885414],[-135.05532400325097,60.692558083467226],[-135.05345752475191,60.692842556687111],[-135.04836968863049,60.696588268688586],[-135.04636006394952,60.697130281676721],[-135.04565288911689,60.698011251849067],[-135.04463730214076,60.698414226822202],[-135.04447289594236,60.698331680372505],[-135.04403864823897,60.698210257886039],[-135.04368685529892,60.698111880701887],[-135.04330984098533,60.698053015191142],[-135.04195482946466,60.698171870250114],[-135.04189710893903,60.698291928973994],[-135.04187809657228,60.698319498416275],[-135.04132578115443,60.698243892692275],[-135.04128918737644,60.698307712148178]]},"properties":{"OBJECTID":23,"CORRIDOR_NAME":"WB0 - S171","LOCATION":"Overhead","VOLTAGE_V":34500,"CURRENT_TYPE":"AC","NUMBER_CIRCUITS":2,"POWERLINE_CODE":"L351","SHAPE.LEN":1717.8516200561701}}]}