lon,lat,pga_g
172.1250,-34.1250,0.1252
172.1750,-34.1250,0.1250
172.0250,-34.1750,0.1254
172.0750,-34.1750,0.1252
172.1250,-34.1750,0.1251
172.1750,-34.1750,0.1250
173.0250,-34.3750,0.1334
172.6750,-34.4250,0.1242
172.7250,-34.4250,0.1280
172.7750,-34.4250,0.1281
172.8250,-34.4250,0.1306
172.8750,-34.4250,0.1323
172.9250,-34.4250,0.1333
172.9750,-34.4250,0.1334
173.0250,-34.4250,0.1334
173.0750,-34.4250,0.1334
172.6250,-34.4750,0.1242
172.6750,-34.4750,0.1242
172.7250,-34.4750,0.1280
172.7750,-34.4750,0.1314
172.8250,-34.4750,0.1306
172.8750,-34.4750,0.1333
172.9250,-34.4750,0.1347
172.9750,-34.4750,0.1334
173.0250,-34.4750,0.1334
172.6750,-34.5250,0.1315
172.7250,-34.5250,0.1315
172.7750,-34.5250,0.1330
172.8250,-34.5250,0.1350
172.8750,-34.5250,0.1340
172.9250,-34.5250,0.1347
172.9750,-34.5250,0.1356
173.0250,-34.5250,0.1356
172.7750,-34.5750,0.1350
172.8250,-34.5750,0.1350
172.8750,-34.5750,0.1357
172.9250,-34.5750,0.1359
172.9750,-34.5750,0.1356
173.0250,-34.5750,0.1356
172.7750,-34.6250,0.1351
172.8250,-34.6250,0.1359
172.8750,-34.6250,0.1359
172.9250,-34.6250,0.1360
172.9750,-34.6250,0.1362
173.0250,-34.6250,0.1362
172.8750,-34.6750,0.1362
172.9250,-34.6750,0.1362
172.9750,-34.6750,0.1362
173.0250,-34.6750,0.1364
173.0750,-34.6750,0.1364
172.9250,-34.7250,0.1364
172.9750,-34.7250,0.1364
173.0250,-34.7250,0.1364
173.0750,-34.7250,0.1363
173.1250,-34.7250,0.1363
173.1750,-34.7250,0.1364
172.9750,-34.7749,0.1364
173.0250,-34.7749,0.1364
173.0750,-34.7749,0.1363
173.1250,-34.7749,0.1364
173.1750,-34.7749,0.1364
173.3250,-34.7749,0.1362
173.3750,-34.7749,0.1361
173.4250,-34.7749,0.1361
173.0250,-34.8249,0.1364
173.0750,-34.8249,0.1364
173.1250,-34.8249,0.1364
173.1750,-34.8249,0.1363
173.3750,-34.8249,0.1361
173.4250,-34.8249,0.1361
173.4750,-34.8249,0.1361
173.0250,-34.8749,0.1364
173.0750,-34.8749,0.1364
173.1250,-34.8749,0.1364
173.1750,-34.8749,0.1363
173.2250,-34.8749,0.1363
173.2750,-34.8749,0.1363
173.3250,-34.8749,0.1362
173.3750,-34.8749,0.1362
173.4250,-34.8749,0.1361
173.4750,-34.8749,0.1361
173.0750,-34.9249,0.1364
173.1250,-34.9249,0.1364
173.1750,-34.9249,0.1363
173.2250,-34.9249,0.1363
173.2750,-34.9249,0.1363
173.3250,-34.9249,0.1362
173.3750,-34.9249,0.1362
173.5250,-34.9249,0.1362
173.5750,-34.9249,0.1362
173.6250,-34.9249,0.1362
173.6750,-34.9249,0.1362
173.7250,-34.9249,0.1362
173.1250,-34.9749,0.1363
173.1750,-34.9749,0.1363
173.2250,-34.9749,0.1364
173.2750,-34.9749,0.1363
173.3250,-34.9749,0.1363
173.3750,-34.9749,0.1362
173.4250,-34.9749,0.1362
173.4750,-34.9749,0.1362
173.5250,-34.9749,0.1362
173.5750,-34.9749,0.1362
173.6250,-34.9749,0.1362
173.6750,-34.9749,0.1362
173.7250,-34.9749,0.1362
173.7750,-34.9749,0.1363
173.8250,-34.9749,0.1363
173.8750,-34.9749,0.1363
173.9250,-34.9749,0.1363
173.9750,-34.9749,0.1363
173.1750,-35.0249,0.1364
173.2250,-35.0249,0.1364
173.2750,-35.0249,0.1363
173.3250,-35.0249,0.1363
173.3750,-35.0249,0.1362
173.4250,-35.0249,0.1362
173.4750,-35.0249,0.1362
173.5250,-35.0249,0.1362
173.5750,-35.0249,0.1362
173.6250,-35.0249,0.1362
173.6750,-35.0249,0.1362
173.7250,-35.0249,0.1362
173.7750,-35.0249,0.1363
173.8250,-35.0249,0.1363
173.8750,-35.0249,0.1363
173.9250,-35.0249,0.1363
173.9750,-35.0249,0.1364
173.1750,-35.0749,0.1364
173.2250,-35.0749,0.1363
173.2750,-35.0749,0.1363
173.3250,-35.0749,0.1363
173.3750,-35.0749,0.1363
173.4250,-35.0749,0.1363
173.4750,-35.0749,0.1363
173.5250,-35.0749,0.1363
173.5750,-35.0749,0.1363
173.6250,-35.0749,0.1363
173.6750,-35.0749,0.1363
173.7250,-35.0749,0.1363
173.7750,-35.0749,0.1363
173.8250,-35.0749,0.1363
173.8750,-35.0749,0.1363
173.9250,-35.0749,0.1364
173.1750,-35.1249,0.1364
173.2250,-35.1249,0.1364
173.2750,-35.1249,0.1364
173.3250,-35.1249,0.1363
173.3750,-35.1249,0.1363
173.4250,-35.1249,0.1363
173.4750,-35.1249,0.1363
173.5250,-35.1249,0.1363
173.5750,-35.1249,0.1363
173.6250,-35.1249,0.1363
173.6750,-35.1249,0.1363
173.7250,-35.1249,0.1363
173.7750,-35.1249,0.1363
173.8250,-35.1249,0.1364
173.8750,-35.1249,0.1364
173.9250,-35.1249,0.1364
173.9750,-35.1249,0.1365
174.0250,-35.1249,0.1366
174.0750,-35.1249,0.1366
174.1250,-35.1249,0.1366
173.0750,-35.1749,0.1365
173.1250,-35.1749,0.1365
173.1750,-35.1749,0.1364
173.2250,-35.1749,0.1364
173.2750,-35.1749,0.1364
173.3250,-35.1749,0.1363
173.3750,-35.1749,0.1364
173.4250,-35.1749,0.1363
173.4750,-35.1749,0.1363
173.5250,-35.1749,0.1364
173.5750,-35.1749,0.1364
173.6250,-35.1749,0.1364
173.6750,-35.1749,0.1364
173.7250,-35.1749,0.1364
173.7750,-35.1749,0.1364
173.8250,-35.1749,0.1364
173.8750,-35.1749,0.1364
173.9250,-35.1749,0.1365
173.9750,-35.1749,0.1365
174.0250,-35.1749,0.1366
174.0750,-35.1749,0.1366
174.1250,-35.1749,0.1366
174.2250,-35.1749,0.1371
174.2750,-35.1749,0.1371
174.3250,-35.1749,0.1371
173.0750,-35.2249,0.1365
173.1250,-35.2249,0.1365
173.1750,-35.2249,0.1365
173.2250,-35.2249,0.1365
173.2750,-35.2249,0.1364
173.3250,-35.2249,0.1364
173.3750,-35.2249,0.1364
173.4250,-35.2249,0.1364
173.4750,-35.2249,0.1364
173.5250,-35.2249,0.1364
173.5750,-35.2249,0.1363
173.6250,-35.2249,0.1364
173.6750,-35.2249,0.1364
173.7250,-35.2249,0.1364
173.7750,-35.2249,0.1364
173.8250,-35.2249,0.1365
173.8750,-35.2249,0.1365
173.9250,-35.2249,0.1366
173.9750,-35.2249,0.1366
174.0250,-35.2249,0.1367
174.0750,-35.2249,0.1367
174.1250,-35.2249,0.1369
174.1750,-35.2249,0.1371
174.2250,-35.2249,0.1371
174.2750,-35.2249,0.1371
174.3250,-35.2249,0.1373
173.1250,-35.2749,0.1365
173.1750,-35.2749,0.1365
173.2250,-35.2749,0.1365
173.2750,-35.2749,0.1364
173.3250,-35.2749,0.1364
173.3750,-35.2749,0.1364
173.4250,-35.2749,0.1364
173.4750,-35.2749,0.1364
173.5250,-35.2749,0.1364
173.5750,-35.2749,0.1364
173.6250,-35.2749,0.1365
173.6750,-35.2749,0.1365
173.7250,-35.2749,0.1365
173.7750,-35.2749,0.1365
173.8250,-35.2749,0.1365
173.8750,-35.2749,0.1366
173.9250,-35.2749,0.1366
173.9750,-35.2749,0.1366
174.0250,-35.2749,0.1367
174.0750,-35.2749,0.1369
174.1250,-35.2749,0.1370
174.1750,-35.2749,0.1370
174.2250,-35.2749,0.1372
174.2750,-35.2749,0.1373
174.3250,-35.2749,0.1373
173.1750,-35.3249,0.1365
173.2250,-35.3249,0.1365
173.2750,-35.3249,0.1365
173.3250,-35.3249,0.1365
173.3750,-35.3249,0.1365
173.4250,-35.3249,0.1365
173.4750,-35.3249,0.1364
173.5250,-35.3249,0.1364
173.5750,-35.3249,0.1365
173.6250,-35.3249,0.1364
173.6750,-35.3249,0.1365
173.7250,-35.3249,0.1365
173.7750,-35.3249,0.1365
173.8250,-35.3249,0.1366
173.8750,-35.3249,0.1366
173.9250,-35.3249,0.1367
173.9750,-35.3249,0.1368
174.0250,-35.3249,0.1368
174.0750,-35.3249,0.1369
174.1250,-35.3249,0.1370
174.1750,-35.3249,0.1371
174.2250,-35.3249,0.1372
174.2750,-35.3249,0.1373
174.3250,-35.3249,0.1375
174.3750,-35.3249,0.1375
173.1750,-35.3749,0.1365
173.2250,-35.3749,0.1365
173.2750,-35.3749,0.1365
173.3250,-35.3749,0.1365
173.3750,-35.3749,0.1365
173.4250,-35.3749,0.1365
173.4750,-35.3749,0.1364
173.5250,-35.3749,0.1364
173.5750,-35.3749,0.1365
173.6250,-35.3749,0.1366
173.6750,-35.3749,0.1366
173.7250,-35.3749,0.1365
173.7750,-35.3749,0.1366
173.8250,-35.3749,0.1366
173.8750,-35.3749,0.1367
173.9250,-35.3749,0.1367
173.9750,-35.3749,0.1368
174.0250,-35.3749,0.1369
174.0750,-35.3749,0.1369
174.1250,-35.3749,0.1372
174.1750,-35.3749,0.1371
174.2250,-35.3749,0.1374
174.2750,-35.3749,0.1373
174.3250,-35.3749,0.1376
174.3750,-35.3749,0.1375
173.2250,-35.4249,0.1365
173.2750,-35.4249,0.1365
173.3250,-35.4249,0.1365
173.3750,-35.4249,0.1365
173.4250,-35.4249,0.1365
173.4750,-35.4249,0.1365
173.5250,-35.4249,0.1365
173.5750,-35.4249,0.1365
173.6250,-35.4249,0.1366
173.6750,-35.4249,0.1366
173.7250,-35.4249,0.1366
173.7750,-35.4249,0.1366
173.8250,-35.4249,0.1366
173.8750,-35.4249,0.1367
173.9250,-35.4249,0.1368
173.9750,-35.4249,0.1368
174.0250,-35.4249,0.1369
174.0750,-35.4249,0.1370
174.1250,-35.4249,0.1371
174.1750,-35.4249,0.1372
174.2250,-35.4249,0.1374
174.2750,-35.4249,0.1375
174.3250,-35.4249,0.1377
174.3750,-35.4249,0.1377
174.4250,-35.4249,0.1379
174.7250,-35.4249,0.1381
173.2750,-35.4749,0.1365
173.3250,-35.4749,0.1366
173.3750,-35.4749,0.1366
173.4250,-35.4749,0.1365
173.4750,-35.4749,0.1365
173.5250,-35.4749,0.1365
173.5750,-35.4749,0.1365
173.6250,-35.4749,0.1366
173.6750,-35.4749,0.1365
173.7250,-35.4749,0.1366
173.7750,-35.4749,0.1367
173.8250,-35.4749,0.1367
173.8750,-35.4749,0.1367
173.9250,-35.4749,0.1368
173.9750,-35.4749,0.1369
174.0250,-35.4749,0.1369
174.0750,-35.4749,0.1370
174.1250,-35.4749,0.1371
174.1750,-35.4749,0.1373
174.2250,-35.4749,0.1373
174.2750,-35.4749,0.1375
174.3250,-35.4749,0.1377
174.3750,-35.4749,0.1379
174.4250,-35.4749,0.1379
174.4750,-35.4749,0.1379
174.7250,-35.4749,0.1382
173.3250,-35.5249,0.1366
173.3750,-35.5249,0.1366
173.4250,-35.5249,0.1366
173.4750,-35.5249,0.1366
173.5250,-35.5249,0.1366
173.5750,-35.5249,0.1366
173.6250,-35.5249,0.1366
173.6750,-35.5249,0.1366
173.7250,-35.5249,0.1367
173.7750,-35.5249,0.1367
173.8250,-35.5249,0.1367
173.8750,-35.5249,0.1368
173.9250,-35.5249,0.1369
173.9750,-35.5249,0.1369
174.0250,-35.5249,0.1370
174.0750,-35.5249,0.1372
174.1250,-35.5249,0.1372
174.1750,-35.5249,0.1373
174.2250,-35.5249,0.1375
174.2750,-35.5249,0.1376
174.3250,-35.5249,0.1377
174.3750,-35.5249,0.1378
174.4250,-35.5249,0.1380
174.4750,-35.5249,0.1380
174.7250,-35.5249,0.1382
173.3750,-35.5749,0.1366
173.4250,-35.5749,0.1366
173.4750,-35.5749,0.1366
173.5250,-35.5749,0.1366
173.5750,-35.5749,0.1366
173.6250,-35.5749,0.1366
173.6750,-35.5749,0.1366
173.7250,-35.5749,0.1367
173.7750,-35.5749,0.1368
173.8250,-35.5749,0.1367
173.8750,-35.5749,0.1368
173.9250,-35.5749,0.1369
173.9750,-35.5749,0.1370
174.0250,-35.5749,0.1370
174.0750,-35.5749,0.1371
174.1250,-35.5749,0.1373
174.1750,-35.5749,0.1373
174.2250,-35.5749,0.1374
174.2750,-35.5749,0.1376
174.3250,-35.5749,0.1378
174.3750,-35.5749,0.1378
174.4250,-35.5749,0.1380
174.4750,-35.5749,0.1383
174.5250,-35.5749,0.1383
174.7250,-35.5749,0.1383
173.4250,-35.6249,0.1366
173.4750,-35.6249,0.1367
173.5250,-35.6249,0.1367
173.5750,-35.6249,0.1367
173.6250,-35.6249,0.1367
173.6750,-35.6249,0.1367
173.7250,-35.6249,0.1367
173.7750,-35.6249,0.1368
173.8250,-35.6249,0.1368
173.8750,-35.6249,0.1368
173.9250,-35.6249,0.1369
173.9750,-35.6249,0.1369
174.0250,-35.6249,0.1371
174.0750,-35.6249,0.1371
174.1250,-35.6249,0.1372
174.1750,-35.6249,0.1374
174.2250,-35.6249,0.1374
174.2750,-35.6249,0.1376
174.3250,-35.6249,0.1378
174.3750,-35.6249,0.1379
174.4250,-35.6249,0.1381
174.4750,-35.6249,0.1382
174.5250,-35.6249,0.1383
173.4750,-35.6749,0.1367
173.5250,-35.6749,0.1367
173.5750,-35.6749,0.1367
173.6250,-35.6749,0.1367
173.6750,-35.6749,0.1367
173.7250,-35.6749,0.1368
173.7750,-35.6749,0.1367
173.8250,-35.6749,0.1368
173.8750,-35.6749,0.1369
173.9250,-35.6749,0.1370
173.9750,-35.6749,0.1370
174.0250,-35.6749,0.1371
174.0750,-35.6749,0.1372
174.1250,-35.6749,0.1373
174.1750,-35.6749,0.1373
174.2250,-35.6749,0.1375
174.2750,-35.6749,0.1377
174.3250,-35.6749,0.1377
174.3750,-35.6749,0.1379
174.4250,-35.6749,0.1380
174.4750,-35.6749,0.1383
174.5250,-35.6749,0.1383
173.5250,-35.7249,0.1367
173.5750,-35.7249,0.1367
173.6250,-35.7249,0.1368
173.6750,-35.7249,0.1368
173.7250,-35.7249,0.1368
173.7750,-35.7249,0.1369
173.8250,-35.7249,0.1369
173.8750,-35.7249,0.1369
173.9250,-35.7249,0.1369
173.9750,-35.7249,0.1370
174.0250,-35.7249,0.1371
174.0750,-35.7249,0.1371
174.1250,-35.7249,0.1372
174.1750,-35.7249,0.1374
174.2250,-35.7249,0.1374
174.2750,-35.7249,0.1376
174.3250,-35.7249,0.1378
174.3750,-35.7249,0.1378
174.4250,-35.7249,0.1380
174.4750,-35.7249,0.1382
174.5250,-35.7249,0.1383
174.5750,-35.7249,0.1383
173.5750,-35.7749,0.1368
173.6250,-35.7749,0.1368
173.6750,-35.7749,0.1368
173.7250,-35.7749,0.1368
173.7750,-35.7749,0.1368
173.8250,-35.7749,0.1369
173.8750,-35.7749,0.1370
173.9250,-35.7749,0.1369
173.9750,-35.7749,0.1370
174.0250,-35.7749,0.1371
174.0750,-35.7749,0.1372
174.1250,-35.7749,0.1372
174.1750,-35.7749,0.1373
174.2250,-35.7749,0.1375
174.2750,-35.7749,0.1375
174.3250,-35.7749,0.1377
174.3750,-35.7749,0.1379
174.4250,-35.7749,0.1379
174.4750,-35.7749,0.1380
174.5250,-35.7749,0.1383
174.5750,-35.7749,0.1383
173.6250,-35.8249,0.1368
173.6750,-35.8249,0.1368
173.7250,-35.8249,0.1369
173.7750,-35.8249,0.1369
173.8250,-35.8249,0.1369
173.8750,-35.8249,0.1370
173.9250,-35.8249,0.1370
173.9750,-35.8249,0.1370
174.0250,-35.8249,0.1371
174.0750,-35.8249,0.1371
174.1250,-35.8249,0.1372
174.1750,-35.8249,0.1372
174.2250,-35.8249,0.1374
174.2750,-35.8249,0.1376
174.3250,-35.8249,0.1377
174.3750,-35.8249,0.1378
174.4250,-35.8249,0.1378
174.4750,-35.8249,0.1380
174.5250,-35.8249,0.1382
174.5750,-35.8249,0.1382
173.6750,-35.8749,0.1369
173.7250,-35.8749,0.1369
173.7750,-35.8749,0.1369
173.8250,-35.8749,0.1369
173.8750,-35.8749,0.1369
173.9250,-35.8749,0.1370
173.9750,-35.8749,0.1371
174.0250,-35.8749,0.1371
174.0750,-35.8749,0.1371
174.1250,-35.8749,0.1372
174.1750,-35.8749,0.1374
174.2250,-35.8749,0.1375
174.2750,-35.8749,0.1375
174.3250,-35.8749,0.1376
174.3750,-35.8749,0.1378
174.4250,-35.8749,0.1378
174.4750,-35.8749,0.1380
174.5250,-35.8749,0.1382
174.5750,-35.8749,0.1382
174.6750,-35.8749,0.1389
174.7250,-35.8749,0.1389
174.7750,-35.8749,0.1389
175.0750,-35.8749,0.1423
175.1250,-35.8749,0.1453
173.6750,-35.9249,0.1369
173.7250,-35.9249,0.1369
173.7750,-35.9249,0.1369
173.8250,-35.9249,0.1370
173.8750,-35.9249,0.1370
173.9250,-35.9249,0.1370
173.9750,-35.9249,0.1371
174.0250,-35.9249,0.1371
174.0750,-35.9249,0.1372
174.1250,-35.9249,0.1372
174.1750,-35.9249,0.1372
174.2250,-35.9249,0.1374
174.2750,-35.9249,0.1375
174.3250,-35.9249,0.1375
174.3750,-35.9249,0.1377
174.4250,-35.9249,0.1379
174.4750,-35.9249,0.1379
175.0750,-35.9249,0.1470
175.1250,-35.9249,0.1460
175.1750,-35.9249,0.1452
173.7250,-35.9749,0.1369
173.7750,-35.9749,0.1370
173.8250,-35.9749,0.1370
173.8750,-35.9749,0.1370
173.9250,-35.9749,0.1370
173.9750,-35.9749,0.1371
174.0250,-35.9749,0.1371
174.0750,-35.9749,0.1372
174.1250,-35.9749,0.1373
174.1750,-35.9749,0.1374
174.2250,-35.9749,0.1374
174.2750,-35.9749,0.1375
174.3250,-35.9749,0.1376
174.3750,-35.9749,0.1376
174.4250,-35.9749,0.1378
174.4750,-35.9749,0.1379
174.6750,-35.9749,0.1389
174.7250,-35.9749,0.1389
175.1250,-35.9749,0.1471
173.7750,-36.0249,0.1370
173.8250,-36.0249,0.1370
173.8750,-36.0249,0.1370
173.9250,-36.0249,0.1371
173.9750,-36.0249,0.1371
174.0250,-36.0249,0.1371
174.0750,-36.0249,0.1372
174.1250,-36.0249,0.1373
174.1750,-36.0249,0.1373
174.2250,-36.0249,0.1374
174.2750,-36.0249,0.1374
174.3250,-36.0249,0.1375
174.3750,-36.0249,0.1377
174.4250,-36.0249,0.1379
174.4750,-36.0249,0.1379
174.5250,-36.0249,0.1381
174.5750,-36.0249,0.1383
175.3750,-36.0249,0.1449
175.4250,-36.0249,0.1449
173.8250,-36.0749,0.1370
173.8750,-36.0749,0.1371
173.9250,-36.0749,0.1371
173.9750,-36.0749,0.1371
174.0250,-36.0749,0.1371
174.0750,-36.0749,0.1372
174.1250,-36.0749,0.1373
174.1750,-36.0749,0.1373
174.2250,-36.0749,0.1374
174.2750,-36.0749,0.1376
174.3250,-36.0749,0.1377
174.3750,-36.0749,0.1377
174.4250,-36.0749,0.1379
174.4750,-36.0749,0.1381
174.5250,-36.0749,0.1381
174.5750,-36.0749,0.1383
174.6250,-36.0749,0.1383
175.3250,-36.0749,0.1455
175.3750,-36.0749,0.1455
175.4250,-36.0749,0.1450
173.8750,-36.1249,0.1371
173.9250,-36.1249,0.1371
173.9750,-36.1249,0.1372
174.0250,-36.1249,0.1372
174.0750,-36.1249,0.1372
174.1250,-36.1249,0.1373
174.1750,-36.1249,0.1374
174.2250,-36.1249,0.1374
174.2750,-36.1249,0.1375
174.3250,-36.1249,0.1376
174.3750,-36.1249,0.1378
174.4250,-36.1249,0.1378
174.4750,-36.1249,0.1381
174.5250,-36.1249,0.1384
174.5750,-36.1249,0.1384
174.6250,-36.1249,0.1388
175.3250,-36.1249,0.1464
175.3750,-36.1249,0.1464
175.4250,-36.1249,0.1456
175.4750,-36.1249,0.1478
175.5250,-36.1249,0.1478
173.9250,-36.1749,0.1372
173.9750,-36.1749,0.1372
174.0250,-36.1749,0.1372
174.0750,-36.1749,0.1373
174.1250,-36.1749,0.1373
174.1750,-36.1749,0.1374
174.2250,-36.1749,0.1374
174.2750,-36.1749,0.1376
174.3250,-36.1749,0.1377
174.3750,-36.1749,0.1378
174.4250,-36.1749,0.1381
174.4750,-36.1749,0.1381
174.5250,-36.1749,0.1384
174.5750,-36.1749,0.1388
174.6250,-36.1749,0.1388
174.6750,-36.1749,0.1395
175.0250,-36.1749,0.1473
175.0750,-36.1749,0.1473
175.1250,-36.1749,0.1473
175.2750,-36.1749,0.1484
175.3250,-36.1749,0.1484
175.3750,-36.1749,0.1487
175.4250,-36.1749,0.1488
175.4750,-36.1749,0.1492
175.5250,-36.1749,0.1479
173.9750,-36.2249,0.1372
174.0250,-36.2249,0.1372
174.0750,-36.2249,0.1373
174.1250,-36.2249,0.1374
174.1750,-36.2249,0.1374
174.2250,-36.2249,0.1374
174.2750,-36.2249,0.1377
174.3250,-36.2249,0.1378
174.3750,-36.2249,0.1378
174.4250,-36.2249,0.1381
174.4750,-36.2249,0.1384
174.5250,-36.2249,0.1387
174.5750,-36.2249,0.1389
174.6250,-36.2249,0.1395
174.6750,-36.2249,0.1405
174.7250,-36.2249,0.1420
175.0250,-36.2249,0.1473
175.0750,-36.2249,0.1473
175.1250,-36.2249,0.1473
175.2750,-36.2249,0.1484
175.3250,-36.2249,0.1484
175.3750,-36.2249,0.1487
175.4250,-36.2249,0.1516
175.4750,-36.2249,0.1501
173.9750,-36.2748,0.1373
174.0250,-36.2748,0.1373
174.0750,-36.2748,0.1373
174.1250,-36.2748,0.1374
174.1750,-36.2748,0.1374
174.2250,-36.2748,0.1377
174.2750,-36.2748,0.1379
174.3250,-36.2748,0.1379
174.3750,-36.2748,0.1378
174.4250,-36.2748,0.1384
174.4750,-36.2748,0.1385
174.5250,-36.2748,0.1390
174.5750,-36.2748,0.1397
174.6250,-36.2748,0.1397
174.6750,-36.2748,0.1407
174.7250,-36.2748,0.1420
174.7750,-36.2748,0.1421
174.8250,-36.2748,0.1449
175.3750,-36.2748,0.1516
175.4250,-36.2748,0.1516
175.4750,-36.2748,0.1552
175.5250,-36.2748,0.1552
174.0250,-36.3248,0.1373
174.0750,-36.3248,0.1374
174.1250,-36.3248,0.1374
174.1750,-36.3248,0.1375
174.2750,-36.3248,0.1378
174.3250,-36.3248,0.1379
174.3750,-36.3248,0.1381
174.4250,-36.3248,0.1385
174.4750,-36.3248,0.1391
174.5250,-36.3248,0.1391
174.5750,-36.3248,0.1399
174.6250,-36.3248,0.1412
174.6750,-36.3248,0.1412
174.7250,-36.3248,0.1429
174.7750,-36.3248,0.1449
174.8250,-36.3248,0.1449
175.4250,-36.3248,0.1552
175.4750,-36.3248,0.1552
175.5250,-36.3248,0.1594
175.5750,-36.3248,0.1594
174.0250,-36.3748,0.1374
174.0750,-36.3748,0.1374
174.1250,-36.3748,0.1375
174.1750,-36.3748,0.1375
174.2250,-36.3748,0.1378
174.2750,-36.3748,0.1378
174.3250,-36.3748,0.1380
174.3750,-36.3748,0.1381
174.4250,-36.3748,0.1392
174.4750,-36.3748,0.1392
174.5250,-36.3748,0.1401
174.5750,-36.3748,0.1401
174.6250,-36.3748,0.1415
174.6750,-36.3748,0.1436
174.7250,-36.3748,0.1437
174.7750,-36.3748,0.1461
174.8250,-36.3748,0.1461
174.8750,-36.3748,0.1451
174.1750,-36.4248,0.1376
174.2250,-36.4248,0.1378
174.2750,-36.4248,0.1378
174.3250,-36.4248,0.1379
174.3750,-36.4248,0.1389
174.4250,-36.4248,0.1391
174.4750,-36.4248,0.1391
174.5250,-36.4248,0.1401
174.5750,-36.4248,0.1417
174.6250,-36.4248,0.1429
174.6750,-36.4248,0.1440
174.7250,-36.4248,0.1439
174.7750,-36.4248,0.1461
174.8250,-36.4248,0.1461
174.8750,-36.4248,0.1460
175.3250,-36.4248,0.1890
175.7750,-36.4248,0.2127
174.1750,-36.4748,0.1378
174.2250,-36.4748,0.1378
174.2750,-36.4748,0.1381
174.4250,-36.4748,0.1391
174.4750,-36.4748,0.1401
174.5250,-36.4748,0.1403
174.5750,-36.4748,0.1417
174.6250,-36.4748,0.1442
174.6750,-36.4748,0.1442
174.7250,-36.4748,0.1469
174.7750,-36.4748,0.1465
174.8250,-36.4748,0.1461
175.3250,-36.4748,0.1890
175.3750,-36.4748,0.1890
175.4250,-36.4748,0.1893
175.4750,-36.4748,0.1893
174.1750,-36.5248,0.1378
174.2250,-36.5248,0.1378
174.2750,-36.5248,0.1381
174.3250,-36.5248,0.1384
174.3750,-36.5248,0.1384
174.4250,-36.5248,0.1398
174.4750,-36.5248,0.1400
174.5250,-36.5248,0.1414
174.5750,-36.5248,0.1439
174.6250,-36.5248,0.1440
174.6750,-36.5248,0.1475
174.7250,-36.5248,0.1475
174.7750,-36.5248,0.1491
174.8250,-36.5248,0.1560
175.3250,-36.5248,0.1890
175.3750,-36.5248,0.1890
175.4250,-36.5248,0.1893
175.4750,-36.5248,0.1967
175.5250,-36.5248,0.1967
174.2250,-36.5748,0.1378
174.2750,-36.5748,0.1384
174.3250,-36.5748,0.1384
174.3750,-36.5748,0.1384
174.4250,-36.5748,0.1398
174.4750,-36.5748,0.1398
174.5250,-36.5748,0.1414
174.5750,-36.5748,0.1436
174.6250,-36.5748,0.1472
174.6750,-36.5748,0.1472
174.7250,-36.5748,0.1510
174.7750,-36.5748,0.1561
174.8250,-36.5748,0.1561
174.8750,-36.5748,0.1561
175.3250,-36.5748,0.1892
175.3750,-36.5748,0.1964
175.4250,-36.5748,0.1964
175.4750,-36.5748,0.1967
175.5250,-36.5748,0.2032
175.5750,-36.5748,0.2032
175.7250,-36.5748,0.2127
175.7750,-36.5748,0.2127
174.2750,-36.6248,0.1383
174.3250,-36.6248,0.1383
174.3750,-36.6248,0.1394
174.4250,-36.6248,0.1394
174.4750,-36.6248,0.1408
174.5250,-36.6248,0.1418
174.5750,-36.6248,0.1436
174.6250,-36.6248,0.1464
174.6750,-36.6248,0.1511
174.7250,-36.6248,0.1523
174.7750,-36.6248,0.1561
174.8250,-36.6248,0.1561
174.8750,-36.6248,0.1561
175.3750,-36.6248,0.1967
175.4250,-36.6248,0.2028
175.4750,-36.6248,0.2028
175.5250,-36.6248,0.2032
175.5750,-36.6248,0.2083
175.7750,-36.6248,0.2127
175.8250,-36.6248,0.2127
175.8750,-36.6248,0.2127
175.9250,-36.6248,0.2130
174.3250,-36.6748,0.1387
174.3750,-36.6748,0.1394
174.4250,-36.6748,0.1394
174.4750,-36.6748,0.1407
174.5250,-36.6748,0.1428
174.5750,-36.6748,0.1456
174.6250,-36.6748,0.1465
174.6750,-36.6748,0.1502
174.7250,-36.6748,0.1554
174.7750,-36.6748,0.1555
174.9750,-36.6748,0.1808
175.3750,-36.6748,0.2082
175.4250,-36.6748,0.2171
175.4750,-36.6748,0.2080
175.5250,-36.6748,0.2080
175.5750,-36.6748,0.2083
175.6250,-36.6748,0.2083
175.7750,-36.6748,0.2127
175.8250,-36.6748,0.2171
175.8750,-36.6748,0.2291
174.3250,-36.7248,0.1392
174.3750,-36.7248,0.1392
174.4250,-36.7248,0.1403
174.4750,-36.7248,0.1403
174.5250,-36.7248,0.1423
174.5750,-36.7248,0.1456
174.6250,-36.7248,0.1488
174.6750,-36.7248,0.1525
174.7250,-36.7248,0.1542
174.7750,-36.7248,0.1554
174.9250,-36.7248,0.1807
174.9750,-36.7248,0.1807
175.0250,-36.7248,0.2022
175.1750,-36.7248,0.2067
175.3750,-36.7248,0.2181
175.4250,-36.7248,0.2177
175.4750,-36.7248,0.2177
175.5250,-36.7248,0.2191
175.5750,-36.7248,0.2275
175.6250,-36.7248,0.2296
175.6750,-36.7248,0.2296
175.7250,-36.7248,0.2306
175.7750,-36.7248,0.2325
175.8250,-36.7248,0.2325
175.8750,-36.7248,0.2325
174.3750,-36.7748,0.1399
174.4250,-36.7748,0.1399
174.4750,-36.7748,0.1416
174.5250,-36.7748,0.1432
174.5750,-36.7748,0.1444
174.6250,-36.7748,0.1488
174.6750,-36.7748,0.1539
174.7250,-36.7748,0.1585
174.7750,-36.7748,0.1585
174.8250,-36.7748,0.1800
174.8750,-36.7748,0.1807
174.9250,-36.7748,0.1807
174.9750,-36.7748,0.1807
175.0250,-36.7748,0.2022
175.0750,-36.7748,0.2022
175.1250,-36.7748,0.2067
175.1750,-36.7748,0.2067
175.2250,-36.7748,0.2067
175.4250,-36.7748,0.2322
175.4750,-36.7748,0.2279
175.5250,-36.7748,0.2278
175.5750,-36.7748,0.2289
175.6250,-36.7748,0.2374
175.6750,-36.7748,0.2299
175.7250,-36.7748,0.2359
175.7750,-36.7748,0.2324
174.4250,-36.8248,0.1409
174.4750,-36.8248,0.1409
174.5250,-36.8248,0.1434
174.5750,-36.8248,0.1470
174.6250,-36.8248,0.1474
174.6750,-36.8248,0.1508
174.7250,-36.8248,0.1585
174.7750,-36.8248,0.1585
174.8250,-36.8248,0.1759
174.8750,-36.8248,0.1808
174.9250,-36.8248,0.1836
174.9750,-36.8248,0.1865
175.0250,-36.8248,0.2022
175.0750,-36.8248,0.2022
175.1250,-36.8248,0.2067
175.1750,-36.8248,0.2067
175.2250,-36.8248,0.2067
175.4250,-36.8248,0.2322
175.4750,-36.8248,0.2347
175.5250,-36.8248,0.2363
175.5750,-36.8248,0.2363
175.6250,-36.8248,0.2374
175.6750,-36.8248,0.2437
175.7250,-36.8248,0.2444
175.7750,-36.8248,0.2445
175.8250,-36.8248,0.2492
174.4250,-36.8748,0.1410
174.4750,-36.8748,0.1423
174.5250,-36.8748,0.1423
174.5750,-36.8748,0.1458
174.6250,-36.8748,0.1508
174.6750,-36.8748,0.1543
174.7250,-36.8748,0.1595
174.7750,-36.8748,0.1621
174.8250,-36.8748,0.1759
174.8750,-36.8748,0.1870
174.9250,-36.8748,0.1871
174.9750,-36.8748,0.1940
175.0250,-36.8748,0.2018
175.0750,-36.8748,0.2022
175.1250,-36.8748,0.2166
175.1750,-36.8748,0.2166
175.2250,-36.8748,0.2166
175.4250,-36.8748,0.2400
175.4750,-36.8748,0.2400
175.5250,-36.8748,0.2419
175.5750,-36.8748,0.2431
175.6250,-36.8748,0.2431
175.6750,-36.8748,0.2438
175.7250,-36.8748,0.2497
175.7750,-36.8748,0.2506
175.8250,-36.8748,0.2506
175.8750,-36.8748,0.2545
174.4250,-36.9248,0.1414
174.4750,-36.9248,0.1414
174.5250,-36.9248,0.1443
174.5750,-36.9248,0.1443
174.6250,-36.9248,0.1488
174.6750,-36.9248,0.1547
174.7250,-36.9248,0.1548
174.7750,-36.9248,0.1621
174.8250,-36.9248,0.1759
174.8750,-36.9248,0.1840
174.9250,-36.9248,0.1941
174.9750,-36.9248,0.1941
175.0250,-36.9248,0.2018
175.0750,-36.9248,0.2062
175.1250,-36.9248,0.2161
175.1750,-36.9248,0.2166
175.2250,-36.9248,0.2260
175.4250,-36.9248,0.2400
175.4750,-36.9248,0.2462
175.5250,-36.9248,0.2462
175.5750,-36.9248,0.2479
175.6250,-36.9248,0.2490
175.6750,-36.9248,0.2494
175.7250,-36.9248,0.2498
175.7750,-36.9248,0.2538
175.8250,-36.9248,0.2548
175.8750,-36.9248,0.2548
176.0750,-36.9248,0.2561
174.4750,-36.9748,0.1429
174.5250,-36.9748,0.1430
174.5750,-36.9748,0.1468
174.6250,-36.9748,0.1468
174.6750,-36.9748,0.1544
174.7250,-36.9748,0.1657
174.7750,-36.9748,0.1657
174.8250,-36.9748,0.1798
174.8750,-36.9748,0.1799
174.9250,-36.9748,0.1913
174.9750,-36.9748,0.2003
175.0250,-36.9748,0.2003
175.0750,-36.9748,0.2067
175.1250,-36.9748,0.2161
175.1750,-36.9748,0.2185
175.2250,-36.9748,0.2260
175.2750,-36.9748,0.2348
175.4750,-36.9748,0.2462
175.5250,-36.9748,0.2515
175.5750,-36.9748,0.2515
175.6250,-36.9748,0.2527
175.6750,-36.9748,0.2534
175.7250,-36.9748,0.2576
175.7750,-36.9748,0.2539
175.8250,-36.9748,0.2579
175.8750,-36.9748,0.2548
175.9250,-36.9748,0.2558
176.0750,-36.9748,0.2592
176.1250,-36.9748,0.2597
174.4750,-37.0248,0.1418
174.5250,-37.0248,0.1418
174.5750,-37.0248,0.1473
174.6250,-37.0248,0.1473
174.6750,-37.0248,0.1474
174.7750,-37.0248,0.1657
174.8250,-37.0248,0.1798
174.8750,-37.0248,0.1869
174.9250,-37.0248,0.1873
174.9750,-37.0248,0.1971
175.0250,-37.0248,0.2051
175.0750,-37.0248,0.2080
175.1250,-37.0248,0.2146
175.1750,-37.0248,0.2260
175.2250,-37.0248,0.2340
175.2750,-37.0248,0.2348
175.3250,-37.0248,0.2417
175.5250,-37.0248,0.2517
175.5750,-37.0248,0.2560
175.6250,-37.0248,0.2562
175.6750,-37.0248,0.2570
175.7250,-37.0248,0.2577
175.7750,-37.0248,0.2607
175.8250,-37.0248,0.2601
175.8750,-37.0248,0.2614
175.9250,-37.0248,0.2614
175.9750,-37.0248,0.2614
174.4750,-37.0748,0.1418
174.5250,-37.0748,0.1418
174.5750,-37.0748,0.1473
174.6250,-37.0748,0.1473
174.6750,-37.0748,0.1501
174.7750,-37.0748,0.1672
174.8250,-37.0748,0.1713
174.8750,-37.0748,0.1817
174.9250,-37.0748,0.1933
174.9750,-37.0748,0.2017
175.0250,-37.0748,0.2025
175.0750,-37.0748,0.2107
175.1250,-37.0748,0.2241
175.1750,-37.0748,0.2241
175.2250,-37.0748,0.2339
175.2750,-37.0748,0.2417
175.3250,-37.0748,0.2417
175.5250,-37.0748,0.2587
175.5750,-37.0748,0.2587
175.6250,-37.0748,0.2597
175.6750,-37.0748,0.2603
175.7250,-37.0748,0.2603
175.7750,-37.0748,0.2608
175.8250,-37.0748,0.2643
175.8750,-37.0748,0.2614
175.9250,-37.0748,0.2615
174.5750,-37.1248,0.1452
174.6250,-37.1248,0.1501
174.6750,-37.1248,0.1501
174.7250,-37.1248,0.1662
174.7750,-37.1248,0.1672
174.8250,-37.1248,0.1751
174.8750,-37.1248,0.1817
174.9250,-37.1248,0.1884
174.9750,-37.1248,0.1989
175.0250,-37.1248,0.2070
175.0750,-37.1248,0.2070
175.1250,-37.1248,0.2210
175.1750,-37.1248,0.2328
175.2250,-37.1248,0.2328
175.2750,-37.1248,0.2416
175.3250,-37.1248,0.2416
175.5250,-37.1248,0.2588
175.5750,-37.1248,0.2621
175.6250,-37.1248,0.2621
175.6750,-37.1248,0.2630
175.7250,-37.1248,0.2636
175.7750,-37.1248,0.2636
175.8250,-37.1248,0.2643
175.8750,-37.1248,0.2669
174.5750,-37.1748,0.1473
174.6250,-37.1748,0.1475
174.6750,-37.1748,0.1499
174.7250,-37.1748,0.1564
174.7750,-37.1748,0.1679
174.8250,-37.1748,0.1752
174.8750,-37.1748,0.1829
174.9250,-37.1748,0.1894
174.9750,-37.1748,0.1949
175.0250,-37.1748,0.2042
175.0750,-37.1748,0.2158
175.1250,-37.1748,0.2158
175.1750,-37.1748,0.2302
175.2250,-37.1748,0.2400
175.2750,-37.1748,0.2401
175.3250,-37.1748,0.2470
175.4750,-37.1748,0.2635
175.5250,-37.1748,0.2635
175.5750,-37.1748,0.2646
175.6250,-37.1748,0.2652
175.6750,-37.1748,0.2652
175.7250,-37.1748,0.2658
175.7750,-37.1748,0.2663
175.8250,-37.1748,0.2683
175.8750,-37.1748,0.2669
174.6250,-37.2248,0.1501
174.6750,-37.2248,0.1501
174.7250,-37.2248,0.1564
174.7750,-37.2248,0.1677
174.8250,-37.2248,0.1680
174.8750,-37.2248,0.1829
174.9250,-37.2248,0.1897
174.9750,-37.2248,0.2003
175.0250,-37.2248,0.2010
175.0750,-37.2248,0.2086
175.1250,-37.2248,0.2256
175.1750,-37.2248,0.2257
175.2250,-37.2248,0.2379
175.2750,-37.2248,0.2470
175.3250,-37.2248,0.2512
175.3750,-37.2248,0.2591
175.4250,-37.2248,0.2591
175.4750,-37.2248,0.2638
175.5250,-37.2248,0.2662
175.5750,-37.2248,0.2662
175.6250,-37.2248,0.2672
175.6750,-37.2248,0.2680
175.7250,-37.2248,0.2680
175.7750,-37.2248,0.2686
175.8250,-37.2248,0.2693
175.8750,-37.2248,0.2719
175.9250,-37.2248,0.2719
174.6250,-37.2748,0.1501
174.6750,-37.2748,0.1531
174.7250,-37.2748,0.1531
174.7750,-37.2748,0.1598
174.8250,-37.2748,0.1761
174.8750,-37.2748,0.1761
174.9250,-37.2748,0.1897
174.9750,-37.2748,0.1961
175.0250,-37.2748,0.2055
175.0750,-37.2748,0.2101
175.1250,-37.2748,0.2194
175.1750,-37.2748,0.2339
175.2250,-37.2748,0.2443
175.2750,-37.2748,0.2445
175.3250,-37.2748,0.2527
175.3750,-37.2748,0.2588
175.4250,-37.2748,0.2591
175.4750,-37.2748,0.2638
175.5250,-37.2748,0.2678
175.5750,-37.2748,0.2696
175.6250,-37.2748,0.2696
175.6750,-37.2748,0.2702
175.7250,-37.2748,0.2706
175.7750,-37.2748,0.2711
175.8250,-37.2748,0.2712
175.8750,-37.2748,0.2719
175.9250,-37.2748,0.2719
176.2250,-37.2748,0.2959
176.2750,-37.2748,0.3067
174.6750,-37.3248,0.1532
174.7250,-37.3248,0.1566
174.7750,-37.3248,0.1566
174.8250,-37.3248,0.1688
174.8750,-37.3248,0.1840
174.9250,-37.3248,0.1875
174.9750,-37.3248,0.1961
175.0250,-37.3248,0.2016
175.0750,-37.3248,0.2116
175.1250,-37.3248,0.2285
175.1750,-37.3248,0.2285
175.2250,-37.3248,0.2413
175.2750,-37.3248,0.2509
175.3250,-37.3248,0.2509
175.3750,-37.3248,0.2582
175.4250,-37.3248,0.2637
175.4750,-37.3248,0.2674
175.5250,-37.3248,0.2678
175.5750,-37.3248,0.2708
175.6250,-37.3248,0.2721
175.6750,-37.3248,0.2730
175.7250,-37.3248,0.2730
175.7750,-37.3248,0.2749
175.8250,-37.3248,0.2773
175.8750,-37.3248,0.2773
175.9250,-37.3248,0.2851
176.2250,-37.3248,0.3095
176.2750,-37.3248,0.3205
174.6750,-37.3748,0.1565
174.7250,-37.3748,0.1567
174.7750,-37.3748,0.1607
174.8250,-37.3748,0.1607
174.8750,-37.3748,0.1773
174.9250,-37.3748,0.1909
174.9750,-37.3748,0.1975
175.0250,-37.3748,0.2016
175.0750,-37.3748,0.2069
175.1250,-37.3748,0.2229
175.1750,-37.3748,0.2375
175.2250,-37.3748,0.2375
175.2750,-37.3748,0.2483
175.3250,-37.3748,0.2564
175.3750,-37.3748,0.2564
175.4250,-37.3748,0.2627
175.4750,-37.3748,0.2676
175.5250,-37.3748,0.2722
175.5750,-37.3748,0.2713
175.6250,-37.3748,0.2790
175.6750,-37.3748,0.2800
175.7250,-37.3748,0.2806
175.7750,-37.3748,0.2806
175.8250,-37.3748,0.2824
175.8750,-37.3748,0.2851
175.9250,-37.3748,0.2853
174.6750,-37.4248,0.1548
174.7250,-37.4248,0.1571
174.7750,-37.4248,0.1571
174.8250,-37.4248,0.1701
174.8750,-37.4248,0.1818
174.9250,-37.4248,0.1853
174.9750,-37.4248,0.1975
175.0250,-37.4248,0.2030
175.0750,-37.4248,0.2125
175.1250,-37.4248,0.2171
175.1750,-37.4248,0.2322
175.2250,-37.4248,0.2448
175.2750,-37.4248,0.2448
175.3250,-37.4248,0.2545
175.3750,-37.4248,0.2619
175.4250,-37.4248,0.2623
175.4750,-37.4248,0.2677
175.5250,-37.4248,0.2722
175.5750,-37.4248,0.2811
175.6250,-37.4248,0.2848
175.6750,-37.4248,0.2848
175.7250,-37.4248,0.2856
175.7750,-37.4248,0.2875
175.8250,-37.4248,0.2875
175.8750,-37.4248,0.2904
175.9250,-37.4248,0.2943
175.9750,-37.4248,0.2943
174.7250,-37.4748,0.1543
174.7750,-37.4748,0.1625
174.8250,-37.4748,0.1625
174.8750,-37.4748,0.1789
174.9250,-37.4748,0.1924
174.9750,-37.4748,0.1924
175.0250,-37.4748,0.2030
175.0750,-37.4748,0.2082
175.1250,-37.4748,0.2265
175.1750,-37.4748,0.2303
175.2250,-37.4748,0.2410
175.2750,-37.4748,0.2518
175.3250,-37.4748,0.2547
175.3750,-37.4748,0.2599
175.4250,-37.4748,0.2663
175.4750,-37.4748,0.2709
175.5250,-37.4748,0.2716
175.5750,-37.4748,0.2811
175.6250,-37.4748,0.2884
175.6750,-37.4748,0.2907
175.7250,-37.4748,0.2907
175.7750,-37.4748,0.2920
175.8250,-37.4748,0.2943
175.8750,-37.4748,0.2944
175.9250,-37.4748,0.2978
175.9750,-37.4748,0.3060
176.0250,-37.4748,0.3060
177.1250,-37.4748,0.4542
174.7250,-37.5248,0.1543
174.7750,-37.5248,0.1580
174.8250,-37.5248,0.1720
174.8750,-37.5248,0.1720
174.9250,-37.5248,0.1870
174.9750,-37.5248,0.1990
175.0250,-37.5248,0.1990
175.0750,-37.5248,0.2082
175.1250,-37.5248,0.2185
175.1750,-37.5248,0.2352
175.2250,-37.5248,0.2457
175.2750,-37.5248,0.2476
175.3250,-37.5248,0.2572
175.3750,-37.5248,0.2645
175.4250,-37.5248,0.2645
175.4750,-37.5248,0.2703
175.5250,-37.5248,0.2790
175.5750,-37.5248,0.2806
175.6250,-37.5248,0.2884
175.6750,-37.5248,0.2918
175.7250,-37.5248,0.2944
175.7750,-37.5248,0.2952
175.8250,-37.5248,0.2976
175.8750,-37.5248,0.3015
175.9250,-37.5248,0.3058
175.9750,-37.5248,0.3060
176.0250,-37.5248,0.3060
176.0750,-37.5248,0.3241
176.1250,-37.5248,0.3241
177.1750,-37.5248,0.4474
177.9750,-37.5248,0.3376
178.0250,-37.5248,0.3376
178.0750,-37.5248,0.3339
178.1250,-37.5248,0.3311
178.1750,-37.5248,0.3311
178.2250,-37.5248,0.3298
178.2750,-37.5248,0.3298
174.7750,-37.5748,0.1583
174.8250,-37.5748,0.1649
174.8750,-37.5748,0.1808
174.9250,-37.5748,0.1808
174.9750,-37.5748,0.1939
175.0250,-37.5748,0.2043
175.0750,-37.5748,0.2092
175.1250,-37.5748,0.2185
175.1750,-37.5748,0.2290
175.2250,-37.5748,0.2431
175.2750,-37.5748,0.2539
175.3250,-37.5748,0.2539
175.3750,-37.5748,0.2619
175.4250,-37.5748,0.2681
175.4750,-37.5748,0.2681
175.5250,-37.5748,0.2745
175.5750,-37.5748,0.2858
175.6250,-37.5748,0.2934
175.6750,-37.5748,0.2918
175.7250,-37.5748,0.2990
175.7750,-37.5748,0.3018
175.8250,-37.5748,0.3044
175.8750,-37.5748,0.3044
175.9250,-37.5748,0.3101
175.9750,-37.5748,0.3060
176.0250,-37.5748,0.3160
176.0750,-37.5748,0.3241
176.1250,-37.5748,0.3241
177.9750,-37.5748,0.3376
178.0250,-37.5748,0.3376
178.0750,-37.5748,0.3339
178.1250,-37.5748,0.3312
178.1750,-37.5748,0.3311
178.2250,-37.5748,0.3298
178.2750,-37.5748,0.3324
178.3250,-37.5748,0.3325
174.7750,-37.6248,0.1649
174.8250,-37.6248,0.1717
174.8750,-37.6248,0.1741
174.9250,-37.6248,0.1884
174.9750,-37.6248,0.1894
175.0250,-37.6248,0.2000
175.0750,-37.6248,0.2098
175.1250,-37.6248,0.2199
175.1750,-37.6248,0.2289
175.2250,-37.6248,0.2377
175.2750,-37.6248,0.2488
175.3250,-37.6248,0.2583
175.3750,-37.6248,0.2583
175.4250,-37.6248,0.2656
175.4750,-37.6248,0.2715
175.5250,-37.6248,0.2715
175.5750,-37.6248,0.2833
175.6250,-37.6248,0.2934
175.6750,-37.6248,0.2999
175.7250,-37.6248,0.3017
175.7750,-37.6248,0.3055
175.8250,-37.6248,0.3072
175.8750,-37.6248,0.3102
175.9250,-37.6248,0.3102
175.9750,-37.6248,0.3165
176.0250,-37.6248,0.3198
176.0750,-37.6248,0.3241
176.1250,-37.6248,0.3241
176.1750,-37.6248,0.3241
176.2250,-37.6248,0.3179
176.4250,-37.6248,0.2655
176.5250,-37.6248,0.2622
177.8750,-37.6248,0.3406
177.9250,-37.6248,0.3406
177.9750,-37.6248,0.3372
178.0250,-37.6248,0.3344
178.0750,-37.6248,0.3344
178.1250,-37.6248,0.3327
178.1750,-37.6248,0.3320
178.2250,-37.6248,0.3327
178.2750,-37.6248,0.3324
178.3250,-37.6248,0.3357
178.3750,-37.6248,0.3393
178.4250,-37.6248,0.3393
178.4750,-37.6248,0.3531
174.7750,-37.6748,0.1675
174.8250,-37.6748,0.1675
174.8750,-37.6748,0.1812
174.9250,-37.6748,0.1824
174.9750,-37.6748,0.1949
175.0250,-37.6748,0.2049
175.0750,-37.6748,0.2049
175.1250,-37.6748,0.2199
175.1750,-37.6748,0.2290
175.2250,-37.6748,0.2430
175.2750,-37.6748,0.2466
175.3250,-37.6748,0.2542
175.3750,-37.6748,0.2624
175.4250,-37.6748,0.2624
175.4750,-37.6748,0.2687
175.5250,-37.6748,0.2765
175.5750,-37.6748,0.2802
175.6250,-37.6748,0.2896
175.6750,-37.6748,0.2999
175.7250,-37.6748,0.3081
175.7750,-37.6748,0.3115
175.8250,-37.6748,0.3115
175.8750,-37.6748,0.3124
175.9250,-37.6748,0.3154
175.9750,-37.6748,0.3154
176.0250,-37.6748,0.3198
176.0750,-37.6748,0.3242
176.1250,-37.6748,0.3253
176.1750,-37.6748,0.3179
176.2250,-37.6748,0.3179
176.2750,-37.6748,0.3068
176.3250,-37.6748,0.2688
176.4250,-37.6748,0.2623
176.5750,-37.6748,0.2633
177.7250,-37.6748,0.3480
177.7750,-37.6748,0.3475
177.8250,-37.6748,0.3444
177.8750,-37.6748,0.3407
177.9250,-37.6748,0.3405
177.9750,-37.6748,0.3374
178.0250,-37.6748,0.3348
178.0750,-37.6748,0.3333
178.1250,-37.6748,0.3333
178.1750,-37.6748,0.3327
178.2250,-37.6748,0.3335
178.2750,-37.6748,0.3387
178.3250,-37.6748,0.3365
178.3750,-37.6748,0.3424
178.4250,-37.6748,0.3473
178.4750,-37.6748,0.3531
178.5250,-37.6748,0.3531
178.5750,-37.6748,0.3531
174.8250,-37.7248,0.1675
174.8750,-37.7248,0.1760
174.9250,-37.7248,0.1893
174.9750,-37.7248,0.1893
175.0250,-37.7248,0.2003
175.0750,-37.7248,0.2101
175.1250,-37.7248,0.2101
175.1750,-37.7248,0.2290
175.2250,-37.7248,0.2354
175.2750,-37.7248,0.2480
175.3250,-37.7248,0.2534
175.3750,-37.7248,0.2577
175.4250,-37.7248,0.2652
175.4750,-37.7248,0.2705
175.5250,-37.7248,0.2712
175.5750,-37.7248,0.2839
175.6250,-37.7248,0.2924
175.6750,-37.7248,0.2971
175.7250,-37.7248,0.3081
175.7750,-37.7248,0.3101
175.8250,-37.7248,0.3130
175.8750,-37.7248,0.3130
175.9250,-37.7248,0.3155
175.9750,-37.7248,0.3200
176.0250,-37.7248,0.3202
176.0750,-37.7248,0.3242
176.1250,-37.7248,0.3253
176.1750,-37.7248,0.3176
176.2250,-37.7248,0.2998
176.2750,-37.7248,0.2953
176.3250,-37.7248,0.2688
176.3750,-37.7248,0.2683
176.4250,-37.7248,0.2622
176.4750,-37.7248,0.2622
177.6750,-37.7248,0.3468
177.7250,-37.7248,0.3480
177.7750,-37.7248,0.3480
177.8250,-37.7248,0.3444
177.8750,-37.7248,0.3406
177.9250,-37.7248,0.3362
177.9750,-37.7248,0.3345
178.0250,-37.7248,0.3344
178.0750,-37.7248,0.3337
178.1250,-37.7248,0.3342
178.1750,-37.7248,0.3342
178.2250,-37.7248,0.3360
178.2750,-37.7248,0.3388
178.3250,-37.7248,0.3446
178.3750,-37.7248,0.3503
178.4250,-37.7248,0.3503
178.4750,-37.7248,0.3606
178.5250,-37.7248,0.3605
174.8250,-37.7747,0.1702
174.8750,-37.7747,0.1702
174.9250,-37.7747,0.1834
174.9750,-37.7747,0.1951
175.0250,-37.7747,0.1951
175.0750,-37.7747,0.2047
175.1250,-37.7747,0.2188
175.1750,-37.7747,0.2194
175.2250,-37.7747,0.2353
175.2750,-37.7747,0.2413
175.3250,-37.7747,0.2524
175.3750,-37.7747,0.2608
175.4250,-37.7747,0.2610
175.4750,-37.7747,0.2676
175.5250,-37.7747,0.2738
175.5750,-37.7747,0.2738
175.6250,-37.7747,0.2875
175.6750,-37.7747,0.2988
175.7250,-37.7747,0.3028
175.7750,-37.7747,0.3100
175.8250,-37.7747,0.3129
175.8750,-37.7747,0.3155
175.9250,-37.7747,0.3171
175.9750,-37.7747,0.3187
176.0250,-37.7747,0.3224
176.0750,-37.7747,0.3237
176.1250,-37.7747,0.3238
176.1750,-37.7747,0.3176
176.2250,-37.7747,0.2985
176.2750,-37.7747,0.2699
176.3250,-37.7747,0.2699
176.3750,-37.7747,0.2604
176.4250,-37.7747,0.2622
176.4750,-37.7747,0.2622
176.5250,-37.7747,0.2634
176.5750,-37.7747,0.2634
177.6750,-37.7747,0.3466
177.7250,-37.7747,0.3466
177.7750,-37.7747,0.3427
177.8250,-37.7747,0.3424
177.8750,-37.7747,0.3391
177.9250,-37.7747,0.3362
177.9750,-37.7747,0.3346
178.0250,-37.7747,0.3342
178.0750,-37.7747,0.3342
178.1250,-37.7747,0.3351
178.1750,-37.7747,0.3372
178.2250,-37.7747,0.3377
178.2750,-37.7747,0.3402
178.3250,-37.7747,0.3453
178.3750,-37.7747,0.3544
178.4250,-37.7747,0.3768
178.4750,-37.7747,0.3768
178.5250,-37.7747,0.3622
174.7750,-37.8247,0.1652
174.8250,-37.8247,0.1652
174.8750,-37.8247,0.1776
174.9250,-37.8247,0.1776
174.9750,-37.8247,0.1894
175.0250,-37.8247,0.1998
175.0750,-37.8247,0.1998
175.1250,-37.8247,0.2083
175.1750,-37.8247,0.2266
175.2250,-37.8247,0.2319
175.2750,-37.8247,0.2412
175.3250,-37.8247,0.2457
175.3750,-37.8247,0.2551
175.4250,-37.8247,0.2630
175.4750,-37.8247,0.2630
175.5250,-37.8247,0.2693
175.5750,-37.8247,0.2788
175.6250,-37.8247,0.2788
175.6750,-37.8247,0.2923
175.7250,-37.8247,0.3035
175.7750,-37.8247,0.3060
175.8250,-37.8247,0.3129
175.8750,-37.8247,0.3133
175.9250,-37.8247,0.3164
175.9750,-37.8247,0.3199
176.0250,-37.8247,0.3199
176.0750,-37.8247,0.3211
176.1250,-37.8247,0.3161
176.1750,-37.8247,0.3161
176.2250,-37.8247,0.2985
176.2750,-37.8247,0.2668
176.3250,-37.8247,0.2566
176.3750,-37.8247,0.2556
176.4250,-37.8247,0.2532
176.4750,-37.8247,0.2569
176.5250,-37.8247,0.2633
176.5750,-37.8247,0.2634
176.6250,-37.8247,0.2643
176.6750,-37.8247,0.2768
176.8750,-37.8247,0.4065
176.9750,-37.8247,0.4632
177.5750,-37.8247,0.3490
177.6250,-37.8247,0.3490
177.6750,-37.8247,0.3449
177.7250,-37.8247,0.3449
177.7750,-37.8247,0.3412
177.8250,-37.8247,0.3384
177.8750,-37.8247,0.3340
177.9250,-37.8247,0.3362
177.9750,-37.8247,0.3339
178.0250,-37.8247,0.3335
178.0750,-37.8247,0.3355
178.1250,-37.8247,0.3355
178.1750,-37.8247,0.3387
178.2250,-37.8247,0.3429
178.2750,-37.8247,0.3503
178.3250,-37.8247,0.3482
178.3750,-37.8247,0.3585
178.4250,-37.8247,0.3909
178.4750,-37.8247,0.3787
174.7750,-37.8747,0.1624
174.8250,-37.8747,0.1652
174.8750,-37.8747,0.1730
174.9250,-37.8747,0.1841
174.9750,-37.8747,0.1861
175.0250,-37.8747,0.1945
175.0750,-37.8747,0.2036
175.1250,-37.8747,0.2116
175.1750,-37.8747,0.2153
175.2250,-37.8747,0.2320
175.2750,-37.8747,0.2372
175.3250,-37.8747,0.2454
175.3750,-37.8747,0.2512
175.4250,-37.8747,0.2580
175.4750,-37.8747,0.2652
175.5250,-37.8747,0.2652
175.5750,-37.8747,0.2708
175.6250,-37.8747,0.2819
175.6750,-37.8747,0.2819
175.7250,-37.8747,0.2945
175.7750,-37.8747,0.3059
175.8250,-37.8747,0.3099
175.8750,-37.8747,0.3147
175.9250,-37.8747,0.3149
175.9750,-37.8747,0.3162
176.0250,-37.8747,0.3148
176.0750,-37.8747,0.3148
176.1250,-37.8747,0.3064
176.1750,-37.8747,0.2869
176.2250,-37.8747,0.2665
176.2750,-37.8747,0.2668
176.3250,-37.8747,0.2548
176.3750,-37.8747,0.2509
176.4250,-37.8747,0.2515
176.4750,-37.8747,0.2515
176.5250,-37.8747,0.2559
176.5750,-37.8747,0.2643
176.6250,-37.8747,0.2643
176.6750,-37.8747,0.2802
176.7250,-37.8747,0.3311
176.7750,-37.8747,0.3723
176.8250,-37.8747,0.3723
176.9750,-37.8747,0.4631
177.5250,-37.8747,0.3481
177.5750,-37.8747,0.3481
177.6250,-37.8747,0.3485
177.6750,-37.8747,0.3432
177.7250,-37.8747,0.3390
177.7750,-37.8747,0.3379
177.8250,-37.8747,0.3360
177.8750,-37.8747,0.3339
177.9250,-37.8747,0.3321
177.9750,-37.8747,0.3334
178.0250,-37.8747,0.3335
178.0750,-37.8747,0.3360
178.1250,-37.8747,0.3397
178.1750,-37.8747,0.3412
178.2250,-37.8747,0.3446
178.2750,-37.8747,0.3504
178.3250,-37.8747,0.3760
178.3750,-37.8747,0.4059
178.4250,-37.8747,0.4039
174.7750,-37.9247,0.1624
174.8250,-37.9247,0.1696
174.8750,-37.9247,0.1730
174.9250,-37.9247,0.1793
174.9750,-37.9247,0.1893
175.0250,-37.9247,0.1986
175.0750,-37.9247,0.1987
175.1250,-37.9247,0.2068
175.1750,-37.9247,0.2223
175.2250,-37.9247,0.2223
175.2750,-37.9247,0.2372
175.3250,-37.9247,0.2408
175.3750,-37.9247,0.2514
175.4250,-37.9247,0.2560
175.4750,-37.9247,0.2598
175.5250,-37.9247,0.2666
175.5750,-37.9247,0.2668
175.6250,-37.9247,0.2723
175.6750,-37.9247,0.2864
175.7250,-37.9247,0.2897
175.7750,-37.9247,0.2992
175.8250,-37.9247,0.3098
175.8750,-37.9247,0.3073
175.9250,-37.9247,0.3098
175.9750,-37.9247,0.3098
176.0250,-37.9247,0.3065
176.0750,-37.9247,0.2949
176.1250,-37.9247,0.2949
176.1750,-37.9247,0.2722
176.2250,-37.9247,0.2626
176.2750,-37.9247,0.2476
176.3250,-37.9247,0.2545
176.3750,-37.9247,0.2450
176.4250,-37.9247,0.2476
176.4750,-37.9247,0.2540
176.5250,-37.9247,0.2540
176.5750,-37.9247,0.2619
176.6250,-37.9247,0.2781
176.6750,-37.9247,0.2878
176.7250,-37.9247,0.3311
176.7750,-37.9247,0.3536
176.8250,-37.9247,0.4163
176.8750,-37.9247,0.4634
176.9250,-37.9247,0.4635
176.9750,-37.9247,0.4401
177.0250,-37.9247,0.4510
177.4750,-37.9247,0.3511
177.5250,-37.9247,0.3510
177.5750,-37.9247,0.3464
177.6250,-37.9247,0.3413
177.6750,-37.9247,0.3406
177.7250,-37.9247,0.3367
177.7750,-37.9247,0.3336
177.8250,-37.9247,0.3322
177.8750,-37.9247,0.3322
177.9250,-37.9247,0.3321
177.9750,-37.9247,0.3313
178.0250,-37.9247,0.3348
178.0750,-37.9247,0.3356
178.1250,-37.9247,0.3400
178.1750,-37.9247,0.3463
178.2250,-37.9247,0.3534
178.2750,-37.9247,0.3534
178.3250,-37.9247,0.3760
178.3750,-37.9247,0.4190
178.4250,-37.9247,0.4065
174.5750,-37.9747,0.1692
174.7750,-37.9747,0.1691
174.8250,-37.9747,0.1696
174.8750,-37.9747,0.1763
174.9250,-37.9747,0.1803
174.9750,-37.9747,0.1851
175.0250,-37.9747,0.1940
175.0750,-37.9747,0.2023
175.1250,-37.9747,0.2023
175.1750,-37.9747,0.2108
175.2250,-37.9747,0.2274
175.2750,-37.9747,0.2274
175.3250,-37.9747,0.2408
175.3750,-37.9747,0.2450
175.4250,-37.9747,0.2545
175.4750,-37.9747,0.2597
175.5250,-37.9747,0.2623
175.5750,-37.9747,0.2685
175.6250,-37.9747,0.2755
175.6750,-37.9747,0.2757
175.7250,-37.9747,0.2889
175.7750,-37.9747,0.2942
175.8250,-37.9747,0.2999
175.8750,-37.9747,0.3073
175.9250,-37.9747,0.3047
175.9750,-37.9747,0.2996
176.0250,-37.9747,0.2996
176.0750,-37.9747,0.2807
176.1250,-37.9747,0.2653
176.1750,-37.9747,0.2647
176.2250,-37.9747,0.2551
176.2750,-37.9747,0.2476
176.3250,-37.9747,0.2430
176.3750,-37.9747,0.2465
176.4250,-37.9747,0.2465
176.4750,-37.9747,0.2529
176.5250,-37.9747,0.2640
176.5750,-37.9747,0.2640
176.6250,-37.9747,0.2834
176.6750,-37.9747,0.3296
176.7250,-37.9747,0.3666
176.7750,-37.9747,0.3537
176.8250,-37.9747,0.3939
176.8750,-37.9747,0.4402
176.9250,-37.9747,0.4395
176.9750,-37.9747,0.4395
177.0250,-37.9747,0.4510
177.0750,-37.9747,0.4489
177.1250,-37.9747,0.4488
177.1750,-37.9747,0.4336
177.2250,-37.9747,0.4336
177.2750,-37.9747,0.4289
177.3250,-37.9747,0.3771
177.3750,-37.9747,0.3605
177.4250,-37.9747,0.3606
177.4750,-37.9747,0.3511
177.5250,-37.9747,0.3511
177.5750,-37.9747,0.3464
177.6250,-37.9747,0.3446
177.6750,-37.9747,0.3361
177.7250,-37.9747,0.3311
177.7750,-37.9747,0.3311
177.8250,-37.9747,0.3292
177.8750,-37.9747,0.3294
177.9250,-37.9747,0.3294
177.9750,-37.9747,0.3313
178.0250,-37.9747,0.3346
178.0750,-37.9747,0.3405
178.1250,-37.9747,0.3474
178.1750,-37.9747,0.3475
178.2250,-37.9747,0.3559
178.2750,-37.9747,0.3876
178.3250,-37.9747,0.3876
178.3750,-37.9747,0.4190
174.7750,-38.0247,0.1700
174.8250,-38.0247,0.1723
174.8750,-38.0247,0.1763
174.9250,-38.0247,0.1820
174.9750,-38.0247,0.1900
175.0250,-38.0247,0.1900
175.0750,-38.0247,0.1980
175.1250,-38.0247,0.2054
175.1750,-38.0247,0.2054
175.2250,-38.0247,0.2177
175.2750,-38.0247,0.2329
175.3250,-38.0247,0.2344
175.3750,-38.0247,0.2449
175.4250,-38.0247,0.2483
175.4750,-38.0247,0.2570
175.5250,-38.0247,0.2641
175.5750,-38.0247,0.2641
175.6250,-38.0247,0.2701
175.6750,-38.0247,0.2802
175.7250,-38.0247,0.2802
175.7750,-38.0247,0.2921
175.8250,-38.0247,0.2962
175.8750,-38.0247,0.2975
175.9250,-38.0247,0.3047
175.9750,-38.0247,0.2936
176.0250,-38.0247,0.2727
176.0750,-38.0247,0.2670
176.1250,-38.0247,0.2609
176.1750,-38.0247,0.2500
176.2250,-38.0247,0.2431
176.2750,-38.0247,0.2436
176.3250,-38.0247,0.2430
176.3750,-38.0247,0.2413
176.4250,-38.0247,0.2500
176.4750,-38.0247,0.2500
176.5250,-38.0247,0.2644
176.5750,-38.0247,0.3110
176.6250,-38.0247,0.3115
176.6750,-38.0247,0.3434
176.7250,-38.0247,0.3667
176.7750,-38.0247,0.3787
176.8250,-38.0247,0.3925
176.8750,-38.0247,0.3923
176.9250,-38.0247,0.4185
176.9750,-38.0247,0.4425
177.0250,-38.0247,0.4425
177.0750,-38.0247,0.4489
177.1250,-38.0247,0.4375
177.1750,-38.0247,0.4222
177.2250,-38.0247,0.4335
177.2750,-38.0247,0.3996
177.3250,-38.0247,0.3771
177.3750,-38.0247,0.3596
177.4250,-38.0247,0.3596
177.4750,-38.0247,0.3540
177.5250,-38.0247,0.3495
177.5750,-38.0247,0.3434
177.6250,-38.0247,0.3446
177.6750,-38.0247,0.3350
177.7250,-38.0247,0.3285
177.7750,-38.0247,0.3264
177.8250,-38.0247,0.3264
177.8750,-38.0247,0.3272
177.9250,-38.0247,0.3300
177.9750,-38.0247,0.3315
178.0250,-38.0247,0.3346
178.0750,-38.0247,0.3397
178.1250,-38.0247,0.3483
178.1750,-38.0247,0.3642
178.2250,-38.0247,0.3642
178.2750,-38.0247,0.4002
178.3250,-38.0247,0.4439
178.3750,-38.0247,0.4419
174.7750,-38.0747,0.1700
174.8250,-38.0747,0.1700
174.8750,-38.0747,0.1811
174.9250,-38.0747,0.1820
174.9750,-38.0747,0.1876
175.0250,-38.0747,0.1948
175.0750,-38.0747,0.1948
175.1250,-38.0747,0.2019
175.1750,-38.0747,0.2085
175.2250,-38.0747,0.2087
175.2750,-38.0747,0.2240
175.3250,-38.0747,0.2373
175.3750,-38.0747,0.2428
175.4250,-38.0747,0.2482
175.4750,-38.0747,0.2529
175.5250,-38.0747,0.2603
175.5750,-38.0747,0.2667
175.6250,-38.0747,0.2667
175.6750,-38.0747,0.2719
175.7250,-38.0747,0.2830
175.7750,-38.0747,0.2830
175.8250,-38.0747,0.2924
175.8750,-38.0747,0.2954
175.9250,-38.0747,0.2882
175.9750,-38.0747,0.2922
176.0250,-38.0747,0.2718
176.0750,-38.0747,0.2594
176.1250,-38.0747,0.2458
176.1750,-38.0747,0.2458
176.2250,-38.0747,0.2383
176.2750,-38.0747,0.2378
176.3250,-38.0747,0.2376
176.3750,-38.0747,0.2413
176.4250,-38.0747,0.2512
176.4750,-38.0747,0.2665
176.5250,-38.0747,0.2709
176.5750,-38.0747,0.3117
176.6250,-38.0747,0.3523
176.6750,-38.0747,0.3759
176.7250,-38.0747,0.3808
176.7750,-38.0747,0.3787
176.8250,-38.0747,0.3863
176.8750,-38.0747,0.4192
176.9250,-38.0747,0.4192
176.9750,-38.0747,0.4381
177.0250,-38.0747,0.4441
177.0750,-38.0747,0.4440
177.1250,-38.0747,0.4375
177.1750,-38.0747,0.4222
177.2250,-38.0747,0.3883
177.2750,-38.0747,0.3657
177.3250,-38.0747,0.3632
177.3750,-38.0747,0.3533
177.4250,-38.0747,0.3499
177.4750,-38.0747,0.3499
177.5250,-38.0747,0.3462
177.5750,-38.0747,0.3425
177.6250,-38.0747,0.3312
177.6750,-38.0747,0.3334
177.7250,-38.0747,0.3261
177.7750,-38.0747,0.3235
177.8250,-38.0747,0.3240
177.8750,-38.0747,0.3240
177.9250,-38.0747,0.3273
177.9750,-38.0747,0.3326
178.0250,-38.0747,0.3400
178.0750,-38.0747,0.3404
178.1250,-38.0747,0.3498
178.1750,-38.0747,0.3731
178.2250,-38.0747,0.4095
178.2750,-38.0747,0.4095
178.3250,-38.0747,0.4439
178.3750,-38.0747,0.4439
174.6750,-38.1247,0.1773
174.7250,-38.1247,0.1732
174.7750,-38.1247,0.1732
174.8250,-38.1247,0.1798
174.8750,-38.1247,0.1811
174.9250,-38.1247,0.1845
174.9750,-38.1247,0.1876
175.0250,-38.1247,0.1927
175.0750,-38.1247,0.1992
175.1250,-38.1247,0.2037
175.1750,-38.1247,0.2056
175.2250,-38.1247,0.2165
175.2750,-38.1247,0.2301
175.3250,-38.1247,0.2309
175.3750,-38.1247,0.2428
175.4250,-38.1247,0.2479
175.4750,-38.1247,0.2542
175.5250,-38.1247,0.2575
175.5750,-38.1247,0.2633
175.6250,-38.1247,0.2690
175.6750,-38.1247,0.2690
175.7250,-38.1247,0.2757
175.7750,-38.1247,0.2859
175.8250,-38.1247,0.2857
175.8750,-38.1247,0.2910
175.9250,-38.1247,0.2863
175.9750,-38.1247,0.2669
176.0250,-38.1247,0.2560
176.0750,-38.1247,0.2556
176.1250,-38.1247,0.2443
176.1750,-38.1247,0.2411
176.2250,-38.1247,0.2411
176.2750,-38.1247,0.2421
176.3250,-38.1247,0.2434
176.3750,-38.1247,0.2514
176.4250,-38.1247,0.2512
176.4750,-38.1247,0.2630
176.5250,-38.1247,0.2993
176.5750,-38.1247,0.3281
176.6250,-38.1247,0.3284
176.6750,-38.1247,0.3395
176.7250,-38.1247,0.3503
176.7750,-38.1247,0.3505
176.8250,-38.1247,0.3863
176.8750,-38.1247,0.4189
176.9250,-38.1247,0.4346
176.9750,-38.1247,0.4349
177.0250,-38.1247,0.4412
177.0750,-38.1247,0.4344
177.1250,-38.1247,0.4179
177.1750,-38.1247,0.4154
177.2250,-38.1247,0.3883
177.2750,-38.1247,0.3538
177.3250,-38.1247,0.3477
177.3750,-38.1247,0.3477
177.4250,-38.1247,0.3434
177.4750,-38.1247,0.3393
177.5250,-38.1247,0.3390
177.5750,-38.1247,0.3353
177.6250,-38.1247,0.3312
177.6750,-38.1247,0.3217
177.7250,-38.1247,0.3197
177.7750,-38.1247,0.3197
177.8250,-38.1247,0.3210
177.8750,-38.1247,0.3253
177.9250,-38.1247,0.3253
177.9750,-38.1247,0.3318
178.0250,-38.1247,0.3400
178.0750,-38.1247,0.3506
178.1250,-38.1247,0.3798
178.1750,-38.1247,0.3799
178.2250,-38.1247,0.4187
178.2750,-38.1247,0.4511
178.3250,-38.1247,0.4511
178.3750,-38.1247,0.5088
174.6750,-38.1747,0.1779
174.7250,-38.1747,0.1779
174.7750,-38.1747,0.1790
174.8250,-38.1747,0.1790
174.8750,-38.1747,0.1819
174.9250,-38.1747,0.1866
174.9750,-38.1747,0.1925
175.0250,-38.1747,0.1927
175.0750,-38.1747,0.1980
175.1250,-38.1747,0.2039
175.1750,-38.1747,0.2110
175.2250,-38.1747,0.2110
175.2750,-38.1747,0.2254
175.3250,-38.1747,0.2376
175.3750,-38.1747,0.2376
175.4250,-38.1747,0.2479
175.4750,-38.1747,0.2541
175.5250,-38.1747,0.2612
175.5750,-38.1747,0.2624
175.6250,-38.1747,0.2670
175.6750,-38.1747,0.2715
175.7250,-38.1747,0.2717
175.7750,-38.1747,0.2781
175.8250,-38.1747,0.2811
175.8750,-38.1747,0.2700
175.9250,-38.1747,0.2752
175.9750,-38.1747,0.2665
176.0250,-38.1747,0.2507
176.0750,-38.1747,0.2429
176.1250,-38.1747,0.2429
176.1750,-38.1747,0.2472
176.2250,-38.1747,0.2586
176.2750,-38.1747,0.2586
176.3250,-38.1747,0.2531
176.3750,-38.1747,0.2518
176.4250,-38.1747,0.2646
176.4750,-38.1747,0.2647
176.5250,-38.1747,0.2698
176.5750,-38.1747,0.2979
176.6250,-38.1747,0.3225
176.6750,-38.1747,0.3225
176.7250,-38.1747,0.3456
176.7750,-38.1747,0.3862
176.8250,-38.1747,0.4151
176.8750,-38.1747,0.4189
176.9250,-38.1747,0.4328
176.9750,-38.1747,0.4368
177.0250,-38.1747,0.4310
177.0750,-38.1747,0.4308
177.1250,-38.1747,0.4124
177.1750,-38.1747,0.3808
177.2250,-38.1747,0.3807
177.2750,-38.1747,0.3538
177.3250,-38.1747,0.3467
177.3750,-38.1747,0.3405
177.4250,-38.1747,0.3400
177.4750,-38.1747,0.3344
177.5250,-38.1747,0.3292
177.5750,-38.1747,0.3256
177.6250,-38.1747,0.3257
177.6750,-38.1747,0.3217
177.7250,-38.1747,0.3173
177.7750,-38.1747,0.3186
177.8250,-38.1747,0.3186
177.8750,-38.1747,0.3230
177.9250,-38.1747,0.3301
177.9750,-38.1747,0.3352
178.0250,-38.1747,0.3395
178.0750,-38.1747,0.3506
178.1250,-38.1747,0.3893
178.1750,-38.1747,0.4271
178.2250,-38.1747,0.4271
178.2750,-38.1747,0.4582
178.3250,-38.1747,0.5088
178.3750,-38.1747,0.5088
174.7250,-38.2247,0.1832
174.7750,-38.2247,0.1833
174.8250,-38.2247,0.1847
174.8750,-38.2247,0.1854
174.9250,-38.2247,0.1878
174.9750,-38.2247,0.1925
175.0250,-38.2247,0.1981
175.0750,-38.2247,0.2006
175.1250,-38.2247,0.2032
175.1750,-38.2247,0.2084
175.2250,-38.2247,0.2220
175.2750,-38.2247,0.2220
175.3250,-38.2247,0.2346
175.3750,-38.2247,0.2453
175.4250,-38.2247,0.2453
175.4750,-38.2247,0.2541
175.5250,-38.2247,0.2596
175.5750,-38.2247,0.2654
175.6250,-38.2247,0.2681
175.6750,-38.2247,0.2698
175.7250,-38.2247,0.2726
175.7750,-38.2247,0.2732
175.8250,-38.2247,0.2733
175.8750,-38.2247,0.2693
175.9250,-38.2247,0.2548
175.9750,-38.2247,0.2601
176.0250,-38.2247,0.2503
176.0750,-38.2247,0.2409
176.1250,-38.2247,0.2553
176.1750,-38.2247,0.2553
176.2250,-38.2247,0.2912
176.2750,-38.2247,0.2864
176.3250,-38.2247,0.2887
176.3750,-38.2247,0.2683
176.4250,-38.2247,0.2650
176.4750,-38.2247,0.2698
176.5250,-38.2247,0.2850
176.5750,-38.2247,0.2850
176.6250,-38.2247,0.3210
176.6750,-38.2247,0.3486
176.7250,-38.2247,0.3486
176.7750,-38.2247,0.3946
176.8250,-38.2247,0.4229
176.8750,-38.2247,0.4270
176.9250,-38.2247,0.4327
176.9750,-38.2247,0.4296
177.0250,-38.2247,0.4268
177.0750,-38.2247,0.4119
177.1250,-38.2247,0.4119
177.1750,-38.2247,0.3822
177.2250,-38.2247,0.3532
177.2750,-38.2247,0.3481
177.3250,-38.2247,0.3467
177.3750,-38.2247,0.3436
177.4250,-38.2247,0.3339
177.4750,-38.2247,0.3269
177.5250,-38.2247,0.3268
177.5750,-38.2247,0.3224
177.6250,-38.2247,0.3189
177.6750,-38.2247,0.3191
177.7250,-38.2247,0.3173
177.7750,-38.2247,0.3159
177.8250,-38.2247,0.3211
177.8750,-38.2247,0.3243
177.9250,-38.2247,0.3296
177.9750,-38.2247,0.3403
178.0250,-38.2247,0.3533
178.0750,-38.2247,0.3529
178.1250,-38.2247,0.3893
178.1750,-38.2247,0.4344
178.2250,-38.2247,0.4617
178.2750,-38.2247,0.4644
178.3250,-38.2247,0.5138
174.7250,-38.2747,0.1886
174.7750,-38.2747,0.1887
174.8250,-38.2747,0.1887
174.8750,-38.2747,0.1904
174.9250,-38.2747,0.1937
174.9750,-38.2747,0.1936
175.0250,-38.2747,0.1981
175.0750,-38.2747,0.2041
175.1250,-38.2747,0.2087
175.1750,-38.2747,0.2087
175.2250,-38.2747,0.2217
175.2750,-38.2747,0.2335
175.3250,-38.2747,0.2335
175.3750,-38.2747,0.2437
175.4250,-38.2747,0.2524
175.4750,-38.2747,0.2580
175.5250,-38.2747,0.2596
175.5750,-38.2747,0.2656
175.6250,-38.2747,0.2698
175.6750,-38.2747,0.2722
175.7250,-38.2747,0.2722
175.7750,-38.2747,0.2711
175.8250,-38.2747,0.2649
175.8750,-38.2747,0.2649
175.9250,-38.2747,0.2545
175.9750,-38.2747,0.2421
176.0250,-38.2747,0.2455
176.0750,-38.2747,0.2412
176.1250,-38.2747,0.2668
176.1750,-38.2747,0.3281
176.2250,-38.2747,0.3348
176.2750,-38.2747,0.3588
176.3250,-38.2747,0.3219
176.3750,-38.2747,0.3092
176.4250,-38.2747,0.2960
176.4750,-38.2747,0.2699
176.5250,-38.2747,0.2930
176.5750,-38.2747,0.3269
176.6250,-38.2747,0.3269
176.6750,-38.2747,0.3536
176.7250,-38.2747,0.3971
176.7750,-38.2747,0.3972
176.8250,-38.2747,0.4205
176.8750,-38.2747,0.4270
176.9250,-38.2747,0.4237
176.9750,-38.2747,0.4224
177.0250,-38.2747,0.4223
177.0750,-38.2747,0.4093
177.1250,-38.2747,0.3826
177.1750,-38.2747,0.3826
177.2250,-38.2747,0.3526
177.2750,-38.2747,0.3470
177.3250,-38.2747,0.3425
177.3750,-38.2747,0.3427
177.4250,-38.2747,0.3349
177.4750,-38.2747,0.3276
177.5250,-38.2747,0.3209
177.5750,-38.2747,0.3209
177.6250,-38.2747,0.3165
177.6750,-38.2747,0.3143
177.7250,-38.2747,0.3150
177.7750,-38.2747,0.3159
177.8250,-38.2747,0.3208
177.8750,-38.2747,0.3298
177.9250,-38.2747,0.3410
177.9750,-38.2747,0.3411
178.0250,-38.2747,0.3541
178.0750,-38.2747,0.4041
178.1250,-38.2747,0.4411
178.1750,-38.2747,0.4350
178.2250,-38.2747,0.4715
178.2750,-38.2747,0.5170
178.3250,-38.2747,0.5171
178.3750,-38.2747,0.5450
174.6750,-38.3247,0.1944
174.7250,-38.3247,0.1944
174.7750,-38.3247,0.1935
174.8250,-38.3247,0.1941
174.8750,-38.3247,0.1941
174.9250,-38.3247,0.1963
174.9750,-38.3247,0.1998
175.0250,-38.3247,0.1998
175.0750,-38.3247,0.2041
175.1250,-38.3247,0.2115
175.1750,-38.3247,0.2234
175.2250,-38.3247,0.2235
175.2750,-38.3247,0.2344
175.3250,-38.3247,0.2443
175.3750,-38.3247,0.2447
175.4250,-38.3247,0.2528
175.4750,-38.3247,0.2599
175.5250,-38.3247,0.2661
175.5750,-38.3247,0.2656
175.6250,-38.3247,0.2700
175.6750,-38.3247,0.2722
175.7250,-38.3247,0.2713
175.7750,-38.3247,0.2713
175.8250,-38.3247,0.2646
175.8750,-38.3247,0.2524
175.9250,-38.3247,0.2523
175.9750,-38.3247,0.2420
176.0250,-38.3247,0.2537
176.0750,-38.3247,0.2970
176.1250,-38.3247,0.2922
176.1750,-38.3247,0.3543
176.2250,-38.3247,0.3823
176.2750,-38.3247,0.3711
176.3250,-38.3247,0.3710
176.3750,-38.3247,0.3112
176.4250,-38.3247,0.2725
176.4750,-38.3247,0.2813
176.5250,-38.3247,0.2932
176.5750,-38.3247,0.3326
176.6250,-38.3247,0.3563
176.6750,-38.3247,0.3566
176.7250,-38.3247,0.3990
176.7750,-38.3247,0.4187
176.8250,-38.3247,0.4188
176.8750,-38.3247,0.4238
176.9250,-38.3247,0.4236
176.9750,-38.3247,0.4150
177.0250,-38.3247,0.4070
177.0750,-38.3247,0.4070
177.1250,-38.3247,0.3851
177.1750,-38.3247,0.3535
177.2250,-38.3247,0.3534
177.2750,-38.3247,0.3445
177.3250,-38.3247,0.3422
177.3750,-38.3247,0.3363
177.4250,-38.3247,0.3288
177.4750,-38.3247,0.3287
177.5250,-38.3247,0.3219
177.5750,-38.3247,0.3156
177.6250,-38.3247,0.3156
177.6750,-38.3247,0.3132
177.7250,-38.3247,0.3145
177.7750,-38.3247,0.3206
177.8250,-38.3247,0.3289
177.8750,-38.3247,0.3308
177.9250,-38.3247,0.3432
177.9750,-38.3247,0.3604
178.0250,-38.3247,0.3604
178.0750,-38.3247,0.4057
178.1250,-38.3247,0.4464
178.1750,-38.3247,0.4749
178.2250,-38.3247,0.4994
178.2750,-38.3247,0.5166
178.3250,-38.3247,0.5452
174.6250,-38.3747,0.2009
174.6750,-38.3747,0.2009
174.7250,-38.3747,0.1990
174.7750,-38.3747,0.1990
174.8250,-38.3747,0.1986
174.8750,-38.3747,0.1997
174.9250,-38.3747,0.1997
174.9750,-38.3747,0.2022
175.0250,-38.3747,0.2057
175.0750,-38.3747,0.2161
175.1250,-38.3747,0.2115
175.1750,-38.3747,0.2278
175.2250,-38.3747,0.2377
175.2750,-38.3747,0.2458
175.3250,-38.3747,0.2468
175.3750,-38.3747,0.2545
175.4250,-38.3747,0.2607
175.4750,-38.3747,0.2609
175.5250,-38.3747,0.2661
175.5750,-38.3747,0.2717
175.6250,-38.3747,0.2746
175.6750,-38.3747,0.2753
175.7250,-38.3747,0.2728
175.7750,-38.3747,0.2664
175.8250,-38.3747,0.2664
175.8750,-38.3747,0.2534
175.9250,-38.3747,0.2423
175.9750,-38.3747,0.2456
176.0250,-38.3747,0.2543
176.0750,-38.3747,0.3234
176.1250,-38.3747,0.3945
176.1750,-38.3747,0.3825
176.2250,-38.3747,0.3826
176.2750,-38.3747,0.3443
176.3250,-38.3747,0.2899
176.3750,-38.3747,0.2899
176.4250,-38.3747,0.2719
176.4750,-38.3747,0.3068
176.5250,-38.3747,0.3392
176.5750,-38.3747,0.3330
176.6250,-38.3747,0.3661
176.6750,-38.3747,0.3961
176.7250,-38.3747,0.4084
176.7750,-38.3747,0.4111
176.8250,-38.3747,0.4179
176.8750,-38.3747,0.4128
176.9250,-38.3747,0.4162
176.9750,-38.3747,0.4149
177.0250,-38.3747,0.4083
177.0750,-38.3747,0.3891
177.1250,-38.3747,0.3890
177.1750,-38.3747,0.3549
177.2250,-38.3747,0.3430
177.2750,-38.3747,0.3372
177.3250,-38.3747,0.3389
177.3750,-38.3747,0.3351
177.4250,-38.3747,0.3259
177.4750,-38.3747,0.3191
177.5250,-38.3747,0.3191
177.5750,-38.3747,0.3135
177.6250,-38.3747,0.3114
177.6750,-38.3747,0.3115
177.7250,-38.3747,0.3140
177.7750,-38.3747,0.3227
177.8250,-38.3747,0.3338
177.8750,-38.3747,0.3466
177.9250,-38.3747,0.3466
177.9750,-38.3747,0.3720
178.0250,-38.3747,0.4153
178.0750,-38.3747,0.4154
178.1250,-38.3747,0.4466
178.1750,-38.3747,0.4820
178.2250,-38.3747,0.5181
178.2750,-38.3747,0.5460
178.3250,-38.3747,0.5460
174.6250,-38.4247,0.2065
174.6750,-38.4247,0.2009
174.7250,-38.4247,0.2042
174.7750,-38.4247,0.2031
174.8250,-38.4247,0.2031
174.8750,-38.4247,0.2036
174.9250,-38.4247,0.2054
174.9750,-38.4247,0.2054
175.0250,-38.4247,0.2083
175.0750,-38.4247,0.2175
175.1250,-38.4247,0.2328
175.1750,-38.4247,0.2279
175.2250,-38.4247,0.2417
175.2750,-38.4247,0.2499
175.3250,-38.4247,0.2571
175.3750,-38.4247,0.2571
175.4250,-38.4247,0.2632
175.4750,-38.4247,0.2682
175.5250,-38.4247,0.2682
175.5750,-38.4247,0.2717
175.6250,-38.4247,0.2775
175.6750,-38.4247,0.2723
175.7250,-38.4247,0.2723
175.7750,-38.4247,0.2659
175.8250,-38.4247,0.2546
175.8750,-38.4247,0.2544
175.9250,-38.4247,0.2462
175.9750,-38.4247,0.2591
176.0250,-38.4247,0.3268
176.0750,-38.4247,0.3268
176.1250,-38.4247,0.3754
176.1750,-38.4247,0.3716
176.2250,-38.4247,0.3118
176.2750,-38.4247,0.3118
176.3250,-38.4247,0.2703
176.3750,-38.4247,0.2725
176.4250,-38.4247,0.2725
176.4750,-38.4247,0.3079
176.5250,-38.4247,0.3425
176.5750,-38.4247,0.3652
176.6250,-38.4247,0.3828
176.6750,-38.4247,0.3902
176.7250,-38.4247,0.4033
176.7750,-38.4247,0.4117
176.8250,-38.4247,0.4117
176.8750,-38.4247,0.4124
176.9250,-38.4247,0.4045
176.9750,-38.4247,0.4093
177.0250,-38.4247,0.4084
177.0750,-38.4247,0.3966
177.1250,-38.4247,0.3637
177.1750,-38.4247,0.3587
177.2250,-38.4247,0.3442
177.2750,-38.4247,0.3340
177.3250,-38.4247,0.3252
177.3750,-38.4247,0.3297
177.4250,-38.4247,0.3234
177.4750,-38.4247,0.3144
177.5250,-38.4247,0.3108
177.5750,-38.4247,0.3108
177.6250,-38.4247,0.3111
177.6750,-38.4247,0.3154
177.7250,-38.4247,0.3262
177.7750,-38.4247,0.3231
177.8250,-38.4247,0.3379
177.8750,-38.4247,0.3509
177.9250,-38.4247,0.3855
177.9750,-38.4247,0.3855
178.0250,-38.4247,0.4241
178.0750,-38.4247,0.4525
178.1250,-38.4247,0.4778
178.1750,-38.4247,0.4821
178.2250,-38.4247,0.5178
178.2750,-38.4247,0.5466
178.3250,-38.4247,0.5464
174.6250,-38.4747,0.2065
174.6750,-38.4747,0.2087
174.7250,-38.4747,0.2042
174.7750,-38.4747,0.2076
174.8250,-38.4747,0.2076
174.8750,-38.4747,0.2082
174.9250,-38.4747,0.2093
174.9750,-38.4747,0.2158
175.0250,-38.4747,0.2206
175.0750,-38.4747,0.2239
175.1250,-38.4747,0.2328
175.1750,-38.4747,0.2472
175.2250,-38.4747,0.2521
175.2750,-38.4747,0.2544
175.3250,-38.4747,0.2609
175.3750,-38.4747,0.2663
175.4250,-38.4747,0.2663
175.4750,-38.4747,0.2704
175.5250,-38.4747,0.2746
175.5750,-38.4747,0.2747
175.6250,-38.4747,0.2775
175.6750,-38.4747,0.2734
175.7250,-38.4747,0.2651
175.7750,-38.4747,0.2588
175.8250,-38.4747,0.2544
175.8750,-38.4747,0.2501
175.9250,-38.4747,0.2650
175.9750,-38.4747,0.2659
176.0250,-38.4747,0.3274
176.0750,-38.4747,0.3636
176.1250,-38.4747,0.3561
176.1750,-38.4747,0.3417
176.2250,-38.4747,0.2921
176.2750,-38.4747,0.2681
176.3250,-38.4747,0.2681
176.3750,-38.4747,0.2777
176.4250,-38.4747,0.3159
176.4750,-38.4747,0.3261
176.5250,-38.4747,0.3430
176.5750,-38.4747,0.3671
176.6250,-38.4747,0.3846
176.6750,-38.4747,0.3940
176.7250,-38.4747,0.3940
176.7750,-38.4747,0.3999
176.8250,-38.4747,0.4025
176.8750,-38.4747,0.4025
176.9250,-38.4747,0.4042
176.9750,-38.4747,0.4046
177.0250,-38.4747,0.4074
177.0750,-38.4747,0.3935
177.1250,-38.4747,0.3800
177.1750,-38.4747,0.3477
177.2250,-38.4747,0.3337
177.2750,-38.4747,0.3336
177.3250,-38.4747,0.3251
177.3750,-38.4747,0.3161
177.4250,-38.4747,0.3115
177.4750,-38.4747,0.3126
177.5250,-38.4747,0.3099
177.5750,-38.4747,0.3118
177.6250,-38.4747,0.3123
177.6750,-38.4747,0.3175
177.7250,-38.4747,0.3266
177.7750,-38.4747,0.3449
177.8250,-38.4747,0.3506
177.8750,-38.4747,0.3614
177.9250,-38.4747,0.4021
177.9750,-38.4747,0.4338
178.0250,-38.4747,0.4338
178.0750,-38.4747,0.4553
178.1250,-38.4747,0.4825
178.1750,-38.4747,0.5189
178.2250,-38.4747,0.5243
178.2750,-38.4747,0.5476
174.6250,-38.5247,0.2178
174.6750,-38.5247,0.2093
174.7250,-38.5247,0.2155
174.7750,-38.5247,0.2088
174.8250,-38.5247,0.2159
174.8750,-38.5247,0.2189
174.9250,-38.5247,0.2243
174.9750,-38.5247,0.2243
175.0250,-38.5247,0.2314
175.0750,-38.5247,0.2395
175.1250,-38.5247,0.2393
175.1750,-38.5247,0.2472
175.2250,-38.5247,0.2585
175.2750,-38.5247,0.2643
175.3250,-38.5247,0.2643
175.3750,-38.5247,0.2693
175.4250,-38.5247,0.2745
175.4750,-38.5247,0.2746
175.5250,-38.5247,0.2821
175.5750,-38.5247,0.2829
175.6250,-38.5247,0.2740
175.6750,-38.5247,0.2734
175.7250,-38.5247,0.2632
175.7750,-38.5247,0.2527
175.8250,-38.5247,0.2527
175.8750,-38.5247,0.2527
175.9250,-38.5247,0.2835
175.9750,-38.5247,0.3519
176.0250,-38.5247,0.3519
176.0750,-38.5247,0.3635
176.1250,-38.5247,0.3176
176.1750,-38.5247,0.2722
176.2250,-38.5247,0.2789
176.2750,-38.5247,0.2677
176.3250,-38.5247,0.2873
176.3750,-38.5247,0.2883
176.4250,-38.5247,0.3239
176.4750,-38.5247,0.3477
176.5250,-38.5247,0.3636
176.5750,-38.5247,0.3673
176.6250,-38.5247,0.3773
176.6750,-38.5247,0.3830
176.7250,-38.5247,0.3876
176.7750,-38.5247,0.3876
176.8250,-38.5247,0.3921
176.8750,-38.5247,0.3958
176.9250,-38.5247,0.3957
176.9750,-38.5247,0.4044
177.0250,-38.5247,0.3970
177.0750,-38.5247,0.3871
177.1250,-38.5247,0.3526
177.1750,-38.5247,0.3525
177.2250,-38.5247,0.3363
177.2750,-38.5247,0.3243
177.3250,-38.5247,0.3243
177.3750,-38.5247,0.3160
177.4250,-38.5247,0.3098
177.4750,-38.5247,0.3098
177.5250,-38.5247,0.3107
177.5750,-38.5247,0.3139
177.6250,-38.5247,0.3216
177.6750,-38.5247,0.3321
177.7250,-38.5247,0.3323
177.7750,-38.5247,0.3449
177.8250,-38.5247,0.3850
177.8750,-38.5247,0.4197
177.9250,-38.5247,0.4196
177.9750,-38.5247,0.4433
178.0250,-38.5247,0.4592
178.0750,-38.5247,0.4632
178.1250,-38.5247,0.4873
178.1750,-38.5247,0.5189
178.2250,-38.5247,0.5471
178.2750,-38.5247,0.5476
174.6250,-38.5747,0.2267
174.6750,-38.5747,0.2178
174.7250,-38.5747,0.2156
174.7750,-38.5747,0.2262
174.8250,-38.5747,0.2286
174.8750,-38.5747,0.2287
174.9250,-38.5747,0.2331
174.9750,-38.5747,0.2389
175.0250,-38.5747,0.2389
175.0750,-38.5747,0.2454
175.1250,-38.5747,0.2521
175.1750,-38.5747,0.2523
175.2250,-38.5747,0.2585
175.2750,-38.5747,0.2684
175.3250,-38.5747,0.2736
175.3750,-38.5747,0.2738
175.4250,-38.5747,0.2841
175.4750,-38.5747,0.2901
175.5250,-38.5747,0.2900
175.5750,-38.5747,0.2883
175.6250,-38.5747,0.2735
175.6750,-38.5747,0.2651
175.7250,-38.5747,0.2631
175.7750,-38.5747,0.2531
175.8250,-38.5747,0.2570
175.8750,-38.5747,0.2989
175.9250,-38.5747,0.2989
175.9750,-38.5747,0.3686
176.0250,-38.5747,0.3929
176.0750,-38.5747,0.3928
176.1250,-38.5747,0.3176
176.1750,-38.5747,0.2753
176.2250,-38.5747,0.2695
176.2750,-38.5747,0.2795
176.3250,-38.5747,0.2946
176.3750,-38.5747,0.3298
176.4250,-38.5747,0.3479
176.4750,-38.5747,0.3491
176.5250,-38.5747,0.3636
176.5750,-38.5747,0.3724
176.6250,-38.5747,0.3760
176.6750,-38.5747,0.3767
176.7250,-38.5747,0.3774
176.7750,-38.5747,0.3812
176.8250,-38.5747,0.3812
176.8750,-38.5747,0.3835
176.9250,-38.5747,0.3909
176.9750,-38.5747,0.3852
177.0250,-38.5747,0.3969
177.0750,-38.5747,0.3775
177.1250,-38.5747,0.3541
177.1750,-38.5747,0.3383
177.2250,-38.5747,0.3383
177.2750,-38.5747,0.3240
177.3250,-38.5747,0.3143
177.3750,-38.5747,0.3143
177.4250,-38.5747,0.3098
177.4750,-38.5747,0.3126
177.5250,-38.5747,0.3180
177.5750,-38.5747,0.3268
177.6250,-38.5747,0.3269
177.6750,-38.5747,0.3383
177.7250,-38.5747,0.3512
177.7750,-38.5747,0.3512
177.8250,-38.5747,0.3850
177.8750,-38.5747,0.4358
177.9250,-38.5747,0.4546
177.9750,-38.5747,0.4569
178.0250,-38.5747,0.4689
178.0750,-38.5747,0.4947
178.1250,-38.5747,0.5195
178.1750,-38.5747,0.5198
178.2250,-38.5747,0.5471
178.2750,-38.5747,0.5471
174.6250,-38.6247,0.2276
174.6750,-38.6247,0.2328
174.7250,-38.6247,0.2258
174.7750,-38.6247,0.2262
174.8250,-38.6247,0.2372
174.8750,-38.6247,0.2409
174.9250,-38.6247,0.2409
174.9750,-38.6247,0.2458
175.0250,-38.6247,0.2514
175.0750,-38.6247,0.2514
175.1250,-38.6247,0.2574
175.1750,-38.6247,0.2632
175.2250,-38.6247,0.2713
175.2750,-38.6247,0.2684
175.3250,-38.6247,0.2818
175.3750,-38.6247,0.2914
175.4250,-38.6247,0.2968
175.4750,-38.6247,0.2973
175.5250,-38.6247,0.2970
175.5750,-38.6247,0.2838
175.6250,-38.6247,0.2833
175.6750,-38.6247,0.2651
175.7250,-38.6247,0.2536
175.7750,-38.6247,0.2509
175.8250,-38.6247,0.2508
175.8750,-38.6247,0.2849
175.9250,-38.6247,0.3391
175.9750,-38.6247,0.3391
176.0250,-38.6247,0.3517
176.0750,-38.6247,0.3277
176.1250,-38.6247,0.2946
176.1750,-38.6247,0.2753
176.2250,-38.6247,0.2675
176.2750,-38.6247,0.2893
176.3250,-38.6247,0.3281
176.3750,-38.6247,0.3282
176.4250,-38.6247,0.3497
176.4750,-38.6247,0.3622
176.5250,-38.6247,0.3622
176.5750,-38.6247,0.3724
176.6250,-38.6247,0.3674
176.6750,-38.6247,0.3684
176.7250,-38.6247,0.3694
176.7750,-38.6247,0.3719
176.8250,-38.6247,0.3766
176.8750,-38.6247,0.3768
176.9250,-38.6247,0.3802
176.9750,-38.6247,0.3850
177.0250,-38.6247,0.3657
177.0750,-38.6247,0.3734
177.1250,-38.6247,0.3524
177.1750,-38.6247,0.3388
177.2250,-38.6247,0.3246
177.2750,-38.6247,0.3246
177.3250,-38.6247,0.3153
177.3750,-38.6247,0.3115
177.4250,-38.6247,0.3158
177.4750,-38.6247,0.3126
177.5250,-38.6247,0.3225
177.5750,-38.6247,0.3325
177.6250,-38.6247,0.3446
177.6750,-38.6247,0.3446
177.7250,-38.6247,0.3636
177.7750,-38.6247,0.4053
177.8250,-38.6247,0.4134
177.8750,-38.6247,0.4358
177.9250,-38.6247,0.4637
177.9750,-38.6247,0.4955
178.0250,-38.6247,0.5166
178.0750,-38.6247,0.5170
178.1250,-38.6247,0.5335
178.1750,-38.6247,0.5335
178.2250,-38.6247,0.5470
174.6250,-38.6747,0.2433
174.6750,-38.6747,0.2349
174.7250,-38.6747,0.2390
174.7750,-38.6747,0.2421
174.8250,-38.6747,0.2372
174.8750,-38.6747,0.2488
174.9250,-38.6747,0.2527
174.9750,-38.6747,0.2528
175.0250,-38.6747,0.2574
175.0750,-38.6747,0.2623
175.1250,-38.6747,0.2623
175.1750,-38.6747,0.2671
175.2250,-38.6747,0.2715
175.2750,-38.6747,0.2914
175.3250,-38.6747,0.2821
175.3750,-38.6747,0.2996
175.4250,-38.6747,0.3046
175.4750,-38.6747,0.3043
175.5250,-38.6747,0.3043
175.5750,-38.6747,0.2929
175.6250,-38.6747,0.2685
175.6750,-38.6747,0.2685
175.7250,-38.6747,0.2536
175.7750,-38.6747,0.2479
175.8250,-38.6747,0.2606
175.8750,-38.6747,0.2611
175.9250,-38.6747,0.3116
175.9750,-38.6747,0.3258
176.0250,-38.6747,0.3257
176.0750,-38.6747,0.2999
176.1250,-38.6747,0.2699
176.1750,-38.6747,0.2701
176.2250,-38.6747,0.2676
176.2750,-38.6747,0.2913
176.3250,-38.6747,0.3245
176.3750,-38.6747,0.3469
176.4250,-38.6747,0.3469
176.4750,-38.6747,0.3555
176.5250,-38.6747,0.3638
176.5750,-38.6747,0.3638
176.6250,-38.6747,0.3674
176.6750,-38.6747,0.3625
176.7250,-38.6747,0.3659
176.7750,-38.6747,0.3698
176.8250,-38.6747,0.3725
176.8750,-38.6747,0.3767
176.9250,-38.6747,0.3753
176.9750,-38.6747,0.3753
177.0250,-38.6747,0.3657
177.0750,-38.6747,0.3502
177.1250,-38.6747,0.3379
177.1750,-38.6747,0.3378
177.2250,-38.6747,0.3250
177.2750,-38.6747,0.3168
177.3250,-38.6747,0.3168
177.3750,-38.6747,0.3138
177.4250,-38.6747,0.3160
177.4750,-38.6747,0.3291
177.5250,-38.6747,0.3273
177.5750,-38.6747,0.3393
177.6250,-38.6747,0.3514
177.6750,-38.6747,0.3852
177.7250,-38.6747,0.3852
177.7750,-38.6747,0.4225
177.8250,-38.6747,0.4473
177.8750,-38.6747,0.4869
177.9250,-38.6747,0.4637
177.9750,-38.6747,0.4955
178.0250,-38.6747,0.5471
178.0750,-38.6747,0.5469
178.1250,-38.6747,0.5335
174.6250,-38.7247,0.2437
174.6750,-38.7247,0.2437
174.7250,-38.7247,0.2441
174.7750,-38.7247,0.2467
174.8250,-38.7247,0.2553
174.8750,-38.7247,0.2488
174.9250,-38.7247,0.2585
174.9750,-38.7247,0.2625
175.0250,-38.7247,0.2652
175.0750,-38.7247,0.2667
175.1250,-38.7247,0.2710
175.1750,-38.7247,0.2787
175.2250,-38.7247,0.2806
175.2750,-38.7247,0.2914
175.3250,-38.7247,0.3046
175.3750,-38.7247,0.3080
175.4250,-38.7247,0.3085
175.4750,-38.7247,0.3070
175.5250,-38.7247,0.2962
175.5750,-38.7247,0.2962
175.6250,-38.7247,0.2717
175.6750,-38.7247,0.2581
175.7250,-38.7247,0.2573
175.7750,-38.7247,0.2479
175.8250,-38.7247,0.2446
175.8750,-38.7247,0.2620
175.9250,-38.7247,0.2768
175.9750,-38.7247,0.3023
176.0250,-38.7247,0.2721
176.0750,-38.7247,0.2695
176.1250,-38.7247,0.2683
176.1750,-38.7247,0.2701
176.2250,-38.7247,0.3049
176.2750,-38.7247,0.3206
176.3250,-38.7247,0.3279
176.3750,-38.7247,0.3452
176.4250,-38.7247,0.3537
176.4750,-38.7247,0.3537
176.5250,-38.7247,0.3584
176.5750,-38.7247,0.3612
176.6250,-38.7247,0.3569
176.6750,-38.7247,0.3625
176.7250,-38.7247,0.3605
176.7750,-38.7247,0.3692
176.8250,-38.7247,0.3754
176.8750,-38.7247,0.3755
176.9250,-38.7247,0.3688
176.9750,-38.7247,0.3600
177.0250,-38.7247,0.3600
177.0750,-38.7247,0.3502
177.1250,-38.7247,0.3374
177.1750,-38.7247,0.3255
177.2250,-38.7247,0.3254
177.2750,-38.7247,0.3190
177.3250,-38.7247,0.3179
177.3750,-38.7247,0.3192
177.4250,-38.7247,0.3217
177.4750,-38.7247,0.3291
177.5250,-38.7247,0.3460
177.5750,-38.7247,0.3644
177.6250,-38.7247,0.3644
177.6750,-38.7247,0.4045
177.7250,-38.7247,0.4353
177.7750,-38.7247,0.4353
177.8250,-38.7247,0.4570
177.8750,-38.7247,0.4870
177.9250,-38.7247,0.5265
178.0250,-38.7247,0.5471
178.0750,-38.7247,0.5471
174.5750,-38.7747,0.2514
174.6250,-38.7747,0.2514
174.6750,-38.7747,0.2516
174.7250,-38.7747,0.2521
174.7750,-38.7747,0.2529
174.8250,-38.7747,0.2554
174.8750,-38.7747,0.2645
174.9250,-38.7747,0.2613
174.9750,-38.7747,0.2677
175.0250,-38.7747,0.2711
175.0750,-38.7747,0.2790
175.1250,-38.7747,0.2790
175.1750,-38.7747,0.2890
175.2250,-38.7747,0.2981
175.2750,-38.7747,0.2977
175.3250,-38.7747,0.3046
175.3750,-38.7747,0.3135
175.4250,-38.7747,0.3096
175.4750,-38.7747,0.3096
175.5250,-38.7747,0.2957
175.5750,-38.7747,0.2709
175.6250,-38.7747,0.2709
175.6750,-38.7747,0.2583
175.7250,-38.7747,0.2461
175.7750,-38.7747,0.2443
175.8250,-38.7747,0.2446
175.8750,-38.7747,0.2458
175.9250,-38.7747,0.2566
175.9750,-38.7747,0.2634
176.0250,-38.7747,0.2634
176.0750,-38.7747,0.2649
176.1250,-38.7747,0.2790
176.1750,-38.7747,0.2790
176.2250,-38.7747,0.3049
176.2750,-38.7747,0.3381
176.3250,-38.7747,0.3492
176.3750,-38.7747,0.3492
176.4250,-38.7747,0.3538
176.4750,-38.7747,0.3550
176.5250,-38.7747,0.3550
176.5750,-38.7747,0.3552
176.6250,-38.7747,0.3556
176.6750,-38.7747,0.3593
176.7250,-38.7747,0.3606
176.7750,-38.7747,0.3698
176.8250,-38.7747,0.3763
176.8750,-38.7747,0.3705
176.9250,-38.7747,0.3705
176.9750,-38.7747,0.3592
177.0250,-38.7747,0.3504
177.0750,-38.7747,0.3492
177.1250,-38.7747,0.3374
177.1750,-38.7747,0.3285
177.2250,-38.7747,0.3232
177.2750,-38.7747,0.3232
177.3250,-38.7747,0.3232
177.3750,-38.7747,0.3276
177.4250,-38.7747,0.3360
177.4750,-38.7747,0.3355
177.5250,-38.7747,0.3460
177.5750,-38.7747,0.3890
177.6250,-38.7747,0.4234
177.6750,-38.7747,0.4234
177.7250,-38.7747,0.4476
177.7750,-38.7747,0.4626
177.8250,-38.7747,0.4672
177.8750,-38.7747,0.4932
177.9250,-38.7747,0.5265
177.9750,-38.7747,0.5265
174.5750,-38.8247,0.2579
174.6250,-38.8247,0.2583
174.6750,-38.8247,0.2583
174.7250,-38.8247,0.2597
174.7750,-38.8247,0.2657
174.8250,-38.8247,0.2618
174.8750,-38.8247,0.2646
174.9250,-38.8247,0.2716
174.9750,-38.8247,0.2788
175.0250,-38.8247,0.2788
175.0750,-38.8247,0.2881
175.1250,-38.8247,0.2970
175.1750,-38.8247,0.2970
175.2250,-38.8247,0.3051
175.2750,-38.8247,0.3113
175.3250,-38.8247,0.3116
175.3750,-38.8247,0.3135
175.4250,-38.8247,0.3092
175.4750,-38.8247,0.2912
175.5250,-38.8247,0.2910
175.5750,-38.8247,0.2688
175.6250,-38.8247,0.2584
175.6750,-38.8247,0.2583
175.7250,-38.8247,0.2501
175.7750,-38.8247,0.2443
175.8250,-38.8247,0.2470
175.8750,-38.8247,0.2460
175.9250,-38.8247,0.2490
175.9750,-38.8247,0.2570
176.0250,-38.8247,0.2671
176.0750,-38.8247,0.2671
176.1250,-38.8247,0.2942
176.1750,-38.8247,0.3202
176.2250,-38.8247,0.3203
176.2750,-38.8247,0.3381
176.3250,-38.8247,0.3524
176.3750,-38.8247,0.3547
176.4250,-38.8247,0.3547
176.4750,-38.8247,0.3546
176.5250,-38.8247,0.3544
176.5750,-38.8247,0.3545
176.6250,-38.8247,0.3550
176.6750,-38.8247,0.3593
176.7250,-38.8247,0.3691
176.7750,-38.8247,0.3814
176.8250,-38.8247,0.3820
176.8750,-38.8247,0.3770
176.9250,-38.8247,0.3658
176.9750,-38.8247,0.3658
177.0250,-38.8247,0.3513
177.0750,-38.8247,0.3394
177.1250,-38.8247,0.3322
177.1750,-38.8247,0.3285
177.2250,-38.8247,0.3279
177.2750,-38.8247,0.3291
177.3250,-38.8247,0.3347
177.3750,-38.8247,0.3347
177.4250,-38.8247,0.3433
177.4750,-38.8247,0.3567
177.5250,-38.8247,0.3600
177.5750,-38.8247,0.3890
177.6250,-38.8247,0.4382
177.6750,-38.8247,0.4567
177.7250,-38.8247,0.4582
177.7750,-38.8247,0.4764
177.8250,-38.8247,0.5017
177.8750,-38.8247,0.5259
177.9250,-38.8247,0.5268
174.4750,-38.8747,0.2675
174.5250,-38.8747,0.2638
174.5750,-38.8747,0.2638
174.6250,-38.8747,0.2643
174.6750,-38.8747,0.2653
174.7250,-38.8747,0.2653
174.7750,-38.8747,0.2669
174.8250,-38.8747,0.2736
174.8750,-38.8747,0.2691
174.9250,-38.8747,0.2716
174.9750,-38.8747,0.2902
175.0250,-38.8747,0.2975
175.0750,-38.8747,0.2975
175.1250,-38.8747,0.3047
175.1750,-38.8747,0.3110
175.2250,-38.8747,0.3110
175.2750,-38.8747,0.3154
175.3250,-38.8747,0.3161
175.3750,-38.8747,0.3146
175.4250,-38.8747,0.3092
175.4750,-38.8747,0.2926
175.5250,-38.8747,0.2680
175.5750,-38.8747,0.2615
175.6250,-38.8747,0.2601
175.6750,-38.8747,0.2596
175.7250,-38.8747,0.2570
175.7750,-38.8747,0.2542
175.8250,-38.8747,0.2470
175.8750,-38.8747,0.2571
175.9250,-38.8747,0.2616
175.9750,-38.8747,0.2617
176.0250,-38.8747,0.2728
176.0750,-38.8747,0.3096
176.1250,-38.8747,0.3096
176.1750,-38.8747,0.3327
176.2250,-38.8747,0.3452
176.2750,-38.8747,0.3574
176.3250,-38.8747,0.3525
176.3750,-38.8747,0.3589
176.4250,-38.8747,0.3553
176.4750,-38.8747,0.3542
176.5250,-38.8747,0.3541
176.5750,-38.8747,0.3542
176.6250,-38.8747,0.3571
176.6750,-38.8747,0.3571
176.7250,-38.8747,0.3691
176.7750,-38.8747,0.3880
176.8250,-38.8747,0.3901
176.8750,-38.8747,0.3901
176.9250,-38.8747,0.3784
176.9750,-38.8747,0.3538
177.0250,-38.8747,0.3538
177.0750,-38.8747,0.3420
177.1250,-38.8747,0.3322
177.1750,-38.8747,0.3344
177.2250,-38.8747,0.3334
177.2750,-38.8747,0.3365
177.3250,-38.8747,0.3425
177.3750,-38.8747,0.3512
177.4250,-38.8747,0.3512
177.4750,-38.8747,0.3759
177.5250,-38.8747,0.4170
177.5750,-38.8747,0.4530
177.6250,-38.8747,0.4385
177.6750,-38.8747,0.4683
177.7250,-38.8747,0.4925
177.7750,-38.8747,0.5086
177.8250,-38.8747,0.5093
177.8750,-38.8747,0.5262
177.9250,-38.8747,0.5262
174.4250,-38.9247,0.2683
174.4750,-38.9247,0.2683
174.5250,-38.9247,0.2682
174.5750,-38.9247,0.2688
174.6250,-38.9247,0.2688
174.6750,-38.9247,0.2700
174.7250,-38.9247,0.2716
174.7750,-38.9247,0.2716
174.8250,-38.9247,0.2759
174.8750,-38.9247,0.2862
174.9250,-38.9247,0.2954
174.9750,-38.9247,0.2902
175.0250,-38.9247,0.3040
175.0750,-38.9247,0.3104
175.1250,-38.9247,0.3104
175.1750,-38.9247,0.3161
175.2250,-38.9247,0.3204
175.2750,-38.9247,0.3204
175.3250,-38.9247,0.3216
175.3750,-38.9247,0.3146
175.4250,-38.9247,0.2979
175.4750,-38.9247,0.2911
175.5250,-38.9247,0.2685
175.5750,-38.9247,0.2605
175.6250,-38.9247,0.2699
175.6750,-38.9247,0.2699
175.7250,-38.9247,0.2986
175.7750,-38.9247,0.2667
175.8250,-38.9247,0.2658
175.8750,-38.9247,0.2571
175.9250,-38.9247,0.2676
175.9750,-38.9247,0.2879
176.0250,-38.9247,0.2879
176.0750,-38.9247,0.3232
176.1250,-38.9247,0.3432
176.1750,-38.9247,0.3432
176.2250,-38.9247,0.3530
176.2750,-38.9247,0.3590
176.3250,-38.9247,0.3619
176.3750,-38.9247,0.3589
176.4250,-38.9247,0.3556
176.4750,-38.9247,0.3542
176.5250,-38.9247,0.3546
176.5750,-38.9247,0.3546
176.6250,-38.9247,0.3594
176.6750,-38.9247,0.3720
176.7250,-38.9247,0.3721
176.7750,-38.9247,0.3880
176.8250,-38.9247,0.4003
176.8750,-38.9247,0.3918
176.9250,-38.9247,0.3916
176.9750,-38.9247,0.3701
177.0250,-38.9247,0.3485
177.0750,-38.9247,0.3471
177.1250,-38.9247,0.3383
177.1750,-38.9247,0.3345
177.2250,-38.9247,0.3432
177.2750,-38.9247,0.3503
177.3250,-38.9247,0.3503
177.3750,-38.9247,0.3691
177.4250,-38.9247,0.4020
177.4750,-38.9247,0.4021
177.5250,-38.9247,0.4308
177.5750,-38.9247,0.4594
177.6250,-38.9247,0.4873
177.6750,-38.9247,0.4958
177.7250,-38.9247,0.5042
177.7750,-38.9247,0.5156
177.8250,-38.9247,0.5268
177.8750,-38.9247,0.5268
177.9250,-38.9247,0.5268
174.1750,-38.9747,0.2805
174.2250,-38.9747,0.2802
174.2750,-38.9747,0.2774
174.3250,-38.9747,0.2750
174.3750,-38.9747,0.2749
174.4250,-38.9747,0.2731
174.4750,-38.9747,0.2726
174.5250,-38.9747,0.2687
174.5750,-38.9747,0.2745
174.6250,-38.9747,0.2774
174.6750,-38.9747,0.2774
174.7250,-38.9747,0.2815
174.7750,-38.9747,0.2864
174.8250,-38.9747,0.2864
174.8750,-38.9747,0.2918
174.9250,-38.9747,0.2988
174.9750,-38.9747,0.3117
175.0250,-38.9747,0.3041
175.0750,-38.9747,0.3167
175.1250,-38.9747,0.3211
175.1750,-38.9747,0.3233
175.2250,-38.9747,0.3244
175.2750,-38.9747,0.3248
175.3250,-38.9747,0.3215
175.3750,-38.9747,0.3187
175.4250,-38.9747,0.2979
175.4750,-38.9747,0.2735
175.5250,-38.9747,0.2661
175.5750,-38.9747,0.2660
175.6250,-38.9747,0.2773
175.6750,-38.9747,0.3261
175.7250,-38.9747,0.3261
175.7750,-38.9747,0.3046
175.8250,-38.9747,0.2692
175.8750,-38.9747,0.2742
175.9250,-38.9747,0.2676
175.9750,-38.9747,0.3075
176.0250,-38.9747,0.3331
176.0750,-38.9747,0.3337
176.1250,-38.9747,0.3507
176.1750,-38.9747,0.3611
176.2250,-38.9747,0.3619
176.2750,-38.9747,0.3655
176.3250,-38.9747,0.3619
176.3750,-38.9747,0.3599
176.4250,-38.9747,0.3551
176.4750,-38.9747,0.3551
176.5250,-38.9747,0.3553
176.5750,-38.9747,0.3628
176.6250,-38.9747,0.3628
176.6750,-38.9747,0.3730
176.7250,-38.9747,0.3873
176.7750,-38.9747,0.3937
176.8250,-38.9747,0.4003
176.8750,-38.9747,0.3999
176.9250,-38.9747,0.3916
176.9750,-38.9747,0.3685
177.0250,-38.9747,0.3592
177.0750,-38.9747,0.3458
177.1250,-38.9747,0.3462
177.1750,-38.9747,0.3408
177.2250,-38.9747,0.3433
177.2750,-38.9747,0.3645
177.3250,-38.9747,0.3965
177.3750,-38.9747,0.3965
177.4250,-38.9747,0.4262
177.4750,-38.9747,0.4491
177.5250,-38.9747,0.4525
177.5750,-38.9747,0.4630
177.6250,-38.9747,0.5068
177.6750,-38.9747,0.5170
177.7250,-38.9747,0.5235
177.7750,-38.9747,0.5235
177.8250,-38.9747,0.5296
177.8750,-38.9747,0.5394
177.9250,-38.9747,0.5405
174.0250,-39.0247,0.2978
174.0750,-39.0247,0.2850
174.1250,-39.0247,0.2850
174.1750,-39.0247,0.2805
174.2250,-39.0247,0.2805
174.2750,-39.0247,0.2774
174.3250,-39.0247,0.2750
174.3750,-39.0247,0.2750
174.4250,-39.0247,0.2731
174.4750,-39.0247,0.2813
174.5250,-39.0247,0.2828
174.5750,-39.0247,0.2749
174.6250,-39.0247,0.2860
174.6750,-39.0247,0.2903
174.7250,-39.0247,0.2904
174.7750,-39.0247,0.2952
174.8250,-39.0247,0.3005
174.8750,-39.0247,0.3019
174.9250,-39.0247,0.3062
174.9750,-39.0247,0.3118
175.0250,-39.0247,0.3202
175.0750,-39.0247,0.3204
175.1250,-39.0247,0.3242
175.1750,-39.0247,0.3272
175.2250,-39.0247,0.3274
175.2750,-39.0247,0.3274
175.3250,-39.0247,0.3221
175.3750,-39.0247,0.3068
175.4250,-39.0247,0.3059
175.4750,-39.0247,0.2735
175.5250,-39.0247,0.2690
175.5750,-39.0247,0.3141
175.6250,-39.0247,0.3141
175.6750,-39.0247,0.3434
175.7250,-39.0247,0.3238
175.7750,-39.0247,0.3238
175.8250,-39.0247,0.3066
175.8750,-39.0247,0.2942
175.9250,-39.0247,0.3278
175.9750,-39.0247,0.3075
176.0250,-39.0247,0.3431
176.0750,-39.0247,0.3567
176.1250,-39.0247,0.3713
176.1750,-39.0247,0.3724
176.2250,-39.0247,0.3733
176.2750,-39.0247,0.3683
176.3250,-39.0247,0.3678
176.3750,-39.0247,0.3599
176.4250,-39.0247,0.3555
176.4750,-39.0247,0.3556
176.5250,-39.0247,0.3556
176.5750,-39.0247,0.3645
176.6250,-39.0247,0.3766
176.6750,-39.0247,0.3766
176.7250,-39.0247,0.3842
176.7750,-39.0247,0.3936
176.8250,-39.0247,0.3939
176.8750,-39.0247,0.3996
176.9250,-39.0247,0.3972
176.9750,-39.0247,0.3782
177.0250,-39.0247,0.3535
177.0750,-39.0247,0.3534
177.1250,-39.0247,0.3482
177.1750,-39.0247,0.3578
177.2250,-39.0247,0.3691
177.2750,-39.0247,0.3662
177.3250,-39.0247,0.4192
177.3750,-39.0247,0.4460
177.4250,-39.0247,0.4461
177.4750,-39.0247,0.4659
177.5250,-39.0247,0.4953
177.5750,-39.0247,0.4970
177.6250,-39.0247,0.5089
177.6750,-39.0247,0.5268
177.7250,-39.0247,0.5302
177.7750,-39.0247,0.5344
177.8250,-39.0247,0.5344
177.8750,-39.0247,0.5405
173.9750,-39.0747,0.2979
174.0250,-39.0747,0.2979
174.0750,-39.0747,0.2940
174.1250,-39.0747,0.2912
174.1750,-39.0747,0.2902
174.2250,-39.0747,0.2873
174.2750,-39.0747,0.2873
174.3250,-39.0747,0.2863
174.3750,-39.0747,0.2833
174.4250,-39.0747,0.2854
174.4750,-39.0747,0.2816
174.5250,-39.0747,0.2902
174.5750,-39.0747,0.2945
174.6250,-39.0747,0.2915
174.6750,-39.0747,0.2982
174.7250,-39.0747,0.3024
174.7750,-39.0747,0.3067
174.8250,-39.0747,0.3070
174.8750,-39.0747,0.3114
174.9250,-39.0747,0.3199
174.9750,-39.0747,0.3158
175.0250,-39.0747,0.3202
175.0750,-39.0747,0.3284
175.1250,-39.0747,0.3305
175.1750,-39.0747,0.3305
175.2250,-39.0747,0.3301
175.2750,-39.0747,0.3241
175.3250,-39.0747,0.3241
175.3750,-39.0747,0.3090
175.4250,-39.0747,0.2821
175.4750,-39.0747,0.2775
175.5250,-39.0747,0.2690
175.5750,-39.0747,0.2923
175.6250,-39.0747,0.3455
175.6750,-39.0747,0.3455
175.7250,-39.0747,0.3370
175.7750,-39.0747,0.3171
175.8250,-39.0747,0.3172
175.8750,-39.0747,0.3295
175.9250,-39.0747,0.3279
175.9750,-39.0747,0.3532
176.0250,-39.0747,0.3506
176.0750,-39.0747,0.3733
176.1250,-39.0747,0.3803
176.1750,-39.0747,0.3774
176.2250,-39.0747,0.3774
176.2750,-39.0747,0.3696
176.3250,-39.0747,0.3620
176.3750,-39.0747,0.3610
176.4250,-39.0747,0.3555
176.4750,-39.0747,0.3597
176.5250,-39.0747,0.3660
176.5750,-39.0747,0.3660
176.6250,-39.0747,0.3744
176.6750,-39.0747,0.3796
176.7250,-39.0747,0.3798
176.7750,-39.0747,0.3873
176.8250,-39.0747,0.3936
176.8750,-39.0747,0.3950
176.9250,-39.0747,0.3839
176.9750,-39.0747,0.3837
177.0250,-39.0747,0.3653
177.0750,-39.0747,0.3544
177.1250,-39.0747,0.3544
177.1750,-39.0747,0.3586
177.2250,-39.0747,0.4059
177.2750,-39.0747,0.3861
177.3250,-39.0747,0.4192
177.3750,-39.0747,0.4460
177.4250,-39.0747,0.4462
177.4750,-39.0747,0.4659
177.5250,-39.0747,0.4951
177.5750,-39.0747,0.4971
177.6250,-39.0747,0.5270
177.6750,-39.0747,0.5270
177.7250,-39.0747,0.5302
177.7750,-39.0747,0.5342
177.8250,-39.0747,0.5344
177.8750,-39.0747,0.5539
177.9250,-39.0747,0.5601
177.9750,-39.0747,0.5613
173.8750,-39.1247,0.3077
173.9250,-39.1247,0.3077
173.9750,-39.1247,0.3031
174.0250,-39.1247,0.2979
174.0750,-39.1247,0.2995
174.1250,-39.1247,0.2978
174.1750,-39.1247,0.2951
174.2250,-39.1247,0.2954
174.2750,-39.1247,0.2939
174.3250,-39.1247,0.2930
174.3750,-39.1247,0.2927
174.4250,-39.1247,0.2906
174.4750,-39.1247,0.2958
174.5250,-39.1247,0.2916
174.5750,-39.1247,0.2964
174.6250,-39.1247,0.3023
174.6750,-39.1247,0.3068
174.7250,-39.1247,0.3069
174.7750,-39.1247,0.3116
174.8250,-39.1247,0.3162
174.8750,-39.1247,0.3162
174.9250,-39.1247,0.3208
174.9750,-39.1247,0.3264
175.0250,-39.1247,0.3250
175.0750,-39.1247,0.3284
175.1250,-39.1247,0.3316
175.1750,-39.1247,0.3316
175.2250,-39.1247,0.3316
175.2750,-39.1247,0.3271
175.3250,-39.1247,0.3216
175.3750,-39.1247,0.3216
175.4250,-39.1247,0.3034
175.4750,-39.1247,0.2733
175.5250,-39.1247,0.2741
175.5750,-39.1247,0.2923
175.6250,-39.1247,0.3327
175.6750,-39.1247,0.3358
175.7250,-39.1247,0.3319
175.7750,-39.1247,0.3256
175.8250,-39.1247,0.3331
175.8750,-39.1247,0.3408
175.9250,-39.1247,0.3398
175.9750,-39.1247,0.3533
176.0250,-39.1247,0.3809
176.0750,-39.1247,0.3845
176.1250,-39.1247,0.3845
176.1750,-39.1247,0.3803
176.2250,-39.1247,0.3728
176.2750,-39.1247,0.3728
176.3250,-39.1247,0.3653
176.3750,-39.1247,0.3608
176.4250,-39.1247,0.3641
176.4750,-39.1247,0.3597
176.5250,-39.1247,0.3703
176.5750,-39.1247,0.3760
176.6250,-39.1247,0.3766
176.6750,-39.1247,0.3808
176.7250,-39.1247,0.3848
176.7750,-39.1247,0.3876
176.8250,-39.1247,0.3903
176.8750,-39.1247,0.3944
176.9250,-39.1247,0.3837
176.9750,-39.1247,0.3738
177.0250,-39.1247,0.3738
177.0750,-39.1247,0.3685
177.1250,-39.1247,0.3792
177.1750,-39.1247,0.3792
177.2250,-39.1247,0.4065
177.2750,-39.1247,0.4065
177.8250,-39.1247,0.5547
177.8750,-39.1247,0.5544
177.9250,-39.1247,0.5544
177.9750,-39.1247,0.5613
178.0250,-39.1247,0.5613
173.7750,-39.1747,0.3129
173.8250,-39.1747,0.3099
173.8750,-39.1747,0.3080
173.9250,-39.1747,0.3077
173.9750,-39.1747,0.3031
174.0250,-39.1747,0.3062
174.0750,-39.1747,0.2995
174.1250,-39.1747,0.3042
174.1750,-39.1747,0.2997
174.2250,-39.1747,0.2971
174.2750,-39.1747,0.2971
174.3250,-39.1747,0.2956
174.3750,-39.1747,0.2954
174.4250,-39.1747,0.2954
174.4750,-39.1747,0.2959
174.5250,-39.1747,0.3028
174.5750,-39.1747,0.2985
174.6250,-39.1747,0.3031
174.6750,-39.1747,0.3113
174.7250,-39.1747,0.3155
174.7750,-39.1747,0.3155
174.8250,-39.1747,0.3197
174.8750,-39.1747,0.3234
174.9250,-39.1747,0.3234
174.9750,-39.1747,0.3267
175.0250,-39.1747,0.3311
175.0750,-39.1747,0.3335
175.1250,-39.1747,0.3316
175.1750,-39.1747,0.3332
175.2250,-39.1747,0.3285
175.2750,-39.1747,0.3285
175.3250,-39.1747,0.3217
175.3750,-39.1747,0.3178
175.4250,-39.1747,0.3174
175.4750,-39.1747,0.2797
175.5250,-39.1747,0.2743
175.5750,-39.1747,0.3157
175.6250,-39.1747,0.3327
175.6750,-39.1747,0.3326
175.7250,-39.1747,0.3328
175.7750,-39.1747,0.3469
175.8250,-39.1747,0.3470
175.8750,-39.1747,0.3484
175.9250,-39.1747,0.3722
175.9750,-39.1747,0.3625
176.0250,-39.1747,0.3810
176.0750,-39.1747,0.3888
176.1250,-39.1747,0.3829
176.1750,-39.1747,0.3829
176.2250,-39.1747,0.3748
176.2750,-39.1747,0.3669
176.3250,-39.1747,0.3669
176.3750,-39.1747,0.3625
176.4250,-39.1747,0.3663
176.4750,-39.1747,0.3797
176.5250,-39.1747,0.3714
176.5750,-39.1747,0.3834
176.6250,-39.1747,0.3878
176.6750,-39.1747,0.3865
176.7250,-39.1747,0.3865
176.7750,-39.1747,0.3877
176.8250,-39.1747,0.3922
176.8750,-39.1747,0.3917
176.9250,-39.1747,0.3855
176.9750,-39.1747,0.3816
177.0250,-39.1747,0.3828
177.0750,-39.1747,0.3828
177.1250,-39.1747,0.3785
177.8250,-39.1747,0.5550
177.8750,-39.1747,0.5550
177.9250,-39.1747,0.5549
173.7750,-39.2247,0.3156
173.8250,-39.2247,0.3156
173.8750,-39.2247,0.3152
173.9250,-39.2247,0.3107
173.9750,-39.2247,0.3107
174.0250,-39.2247,0.3062
174.0750,-39.2247,0.3051
174.1250,-39.2247,0.3024
174.1750,-39.2247,0.3013
174.2250,-39.2247,0.2977
174.2750,-39.2247,0.2969
174.3250,-39.2247,0.2969
174.3750,-39.2247,0.2976
174.4250,-39.2247,0.2996
174.4750,-39.2247,0.2996
174.5250,-39.2247,0.3029
174.5750,-39.2247,0.3077
174.6250,-39.2247,0.3119
174.6750,-39.2247,0.3114
174.7250,-39.2247,0.3168
174.7750,-39.2247,0.3214
174.8250,-39.2247,0.3214
174.8750,-39.2247,0.3254
174.9250,-39.2247,0.3290
174.9750,-39.2247,0.3290
175.0250,-39.2247,0.3320
175.0750,-39.2247,0.3335
175.1250,-39.2247,0.3319
175.1750,-39.2247,0.3332
175.2250,-39.2247,0.3270
175.2750,-39.2247,0.3174
175.3250,-39.2247,0.3171
175.3750,-39.2247,0.3167
175.4250,-39.2247,0.2779
175.4750,-39.2247,0.2725
175.5250,-39.2247,0.2796
175.5750,-39.2247,0.3154
175.6250,-39.2247,0.3067
175.6750,-39.2247,0.3293
175.7250,-39.2247,0.3293
175.7750,-39.2247,0.3516
175.8250,-39.2247,0.3566
175.8750,-39.2247,0.3566
175.9250,-39.2247,0.3787
175.9750,-39.2247,0.3902
176.0250,-39.2247,0.3891
176.0750,-39.2247,0.3888
176.1250,-39.2247,0.3831
176.1750,-39.2247,0.3760
176.2250,-39.2247,0.3760
176.2750,-39.2247,0.3698
176.3250,-39.2247,0.3673
176.3750,-39.2247,0.3679
176.4250,-39.2247,0.3710
176.4750,-39.2247,0.3815
176.5250,-39.2247,0.3888
176.5750,-39.2247,0.3924
176.6250,-39.2247,0.3926
176.6750,-39.2247,0.3945
176.7250,-39.2247,0.3924
176.7750,-39.2247,0.3924
176.8250,-39.2247,0.3922
176.8750,-39.2247,0.3859
176.9250,-39.2247,0.3883
176.9750,-39.2247,0.3857
177.0250,-39.2247,0.3986
177.8250,-39.2247,0.5550
177.8750,-39.2247,0.5550
177.9250,-39.2247,0.5550
173.7750,-39.2746,0.3221
173.8250,-39.2746,0.3240
173.8750,-39.2746,0.3240
173.9250,-39.2746,0.3224
173.9750,-39.2746,0.3124
174.0250,-39.2746,0.3124
174.0750,-39.2746,0.3051
174.1250,-39.2746,0.3038
174.1750,-39.2746,0.3005
174.2250,-39.2746,0.2996
174.2750,-39.2746,0.2986
174.3250,-39.2746,0.2988
174.3750,-39.2746,0.2988
174.4250,-39.2746,0.3008
174.4750,-39.2746,0.3039
174.5250,-39.2746,0.3039
174.5750,-39.2746,0.3077
174.6250,-39.2746,0.3140
174.6750,-39.2746,0.3188
174.7250,-39.2746,0.3169
174.7750,-39.2746,0.3230
174.8250,-39.2746,0.3267
174.8750,-39.2746,0.3268
174.9250,-39.2746,0.3298
174.9750,-39.2746,0.3321
175.0250,-39.2746,0.3323
175.0750,-39.2746,0.3329
175.1250,-39.2746,0.3320
175.1750,-39.2746,0.3309
175.2250,-39.2746,0.3228
175.2750,-39.2746,0.3205
175.3250,-39.2746,0.3139
175.3750,-39.2746,0.2725
175.4250,-39.2746,0.2724
175.4750,-39.2746,0.2687
175.5250,-39.2746,0.2819
175.5750,-39.2746,0.3013
175.6250,-39.2746,0.3066
175.6750,-39.2746,0.3161
175.7250,-39.2746,0.3441
175.7750,-39.2746,0.3441
175.8250,-39.2746,0.3661
175.8750,-39.2746,0.3847
175.9250,-39.2746,0.3847
175.9750,-39.2746,0.3908
176.0250,-39.2746,0.3907
176.0750,-39.2746,0.3859
176.1250,-39.2746,0.3831
176.1750,-39.2746,0.3784
176.2250,-39.2746,0.3727
176.2750,-39.2746,0.3724
176.3250,-39.2746,0.3709
176.3750,-39.2746,0.3757
176.4250,-39.2746,0.3884
176.4750,-39.2746,0.3837
176.5250,-39.2746,0.3915
176.5750,-39.2746,0.3992
176.6250,-39.2746,0.3995
176.6750,-39.2746,0.3995
176.7250,-39.2746,0.3920
176.7750,-39.2746,0.3891
176.8250,-39.2746,0.3891
176.8750,-39.2746,0.3859
176.9250,-39.2746,0.3945
176.9750,-39.2746,0.3883
177.0250,-39.2746,0.3986
177.8750,-39.2746,0.5550
173.7750,-39.3246,0.3240
173.8250,-39.3246,0.3297
173.8750,-39.3246,0.3314
173.9250,-39.3246,0.3314
173.9750,-39.3246,0.3228
174.0250,-39.3246,0.3100
174.0750,-39.3246,0.3090
174.1250,-39.3246,0.3038
174.1750,-39.3246,0.2999
174.2250,-39.3246,0.2982
174.2750,-39.3246,0.2984
174.3250,-39.3246,0.2987
174.3750,-39.3246,0.3011
174.4250,-39.3246,0.3011
174.4750,-39.3246,0.3047
174.5250,-39.3246,0.3092
174.5750,-39.3246,0.3108
174.6250,-39.3246,0.3141
174.6750,-39.3246,0.3179
174.7250,-39.3246,0.3222
174.7750,-39.3246,0.3249
174.8250,-39.3246,0.3264
174.8750,-39.3246,0.3299
174.9250,-39.3246,0.3322
174.9750,-39.3246,0.3324
175.0250,-39.3246,0.3333
175.0750,-39.3246,0.3291
175.1250,-39.3246,0.3321
175.1750,-39.3246,0.3303
175.2250,-39.3246,0.3333
175.2750,-39.3246,0.3245
175.3250,-39.3246,0.3246
175.3750,-39.3246,0.2952
175.4250,-39.3246,0.2682
175.4750,-39.3246,0.2682
175.5250,-39.3246,0.2786
175.5750,-39.3246,0.3038
175.6250,-39.3246,0.3046
175.6750,-39.3246,0.3160
175.7250,-39.3246,0.3377
175.7750,-39.3246,0.3614
175.8250,-39.3246,0.3614
175.8750,-39.3246,0.3875
175.9250,-39.3246,0.3936
175.9750,-39.3246,0.3936
176.0250,-39.3246,0.3918
176.0750,-39.3246,0.3859
176.1250,-39.3246,0.3800
176.1750,-39.3246,0.3771
176.2250,-39.3246,0.3756
176.2750,-39.3246,0.3762
176.3250,-39.3246,0.3812
176.3750,-39.3246,0.3813
176.4250,-39.3246,0.3888
176.4750,-39.3246,0.3989
176.5250,-39.3246,0.3942
176.5750,-39.3246,0.4025
176.6250,-39.3246,0.4010
176.6750,-39.3246,0.3928
176.7250,-39.3246,0.3928
176.7750,-39.3246,0.3878
176.8250,-39.3246,0.3879
176.8750,-39.3246,0.3892
176.9250,-39.3246,0.3945
176.9750,-39.3246,0.3945
177.8750,-39.3246,0.5550
173.7750,-39.3746,0.3367
173.8250,-39.3746,0.3342
173.8750,-39.3746,0.3337
173.9250,-39.3746,0.3226
173.9750,-39.3746,0.3214
174.0250,-39.3746,0.3117
174.0750,-39.3746,0.3041
174.1250,-39.3746,0.3012
174.1750,-39.3746,0.2999
174.2250,-39.3746,0.2994
174.2750,-39.3746,0.2994
174.3250,-39.3746,0.3010
174.3750,-39.3746,0.3011
174.4250,-39.3746,0.3043
174.4750,-39.3746,0.3080
174.5250,-39.3746,0.3085
174.5750,-39.3746,0.3130
174.6250,-39.3746,0.3179
174.6750,-39.3746,0.3176
174.7250,-39.3746,0.3225
174.7750,-39.3746,0.3269
174.8250,-39.3746,0.3300
174.8750,-39.3746,0.3300
174.9250,-39.3746,0.3321
174.9750,-39.3746,0.3324
175.0250,-39.3746,0.3324
175.0750,-39.3746,0.3289
175.1250,-39.3746,0.3220
175.1750,-39.3746,0.3250
175.2250,-39.3746,0.3323
175.2750,-39.3746,0.3119
175.3250,-39.3746,0.3216
175.3750,-39.3746,0.3216
175.4250,-39.3746,0.2937
175.4750,-39.3746,0.2928
175.5250,-39.3746,0.2928
175.5750,-39.3746,0.3049
175.6250,-39.3746,0.3204
175.6750,-39.3746,0.3432
175.7250,-39.3746,0.3379
175.7750,-39.3746,0.3568
175.8250,-39.3746,0.3851
175.8750,-39.3746,0.3853
175.9250,-39.3746,0.3935
175.9750,-39.3746,0.3915
176.0250,-39.3746,0.3906
176.0750,-39.3746,0.3859
176.1250,-39.3746,0.3843
176.1750,-39.3746,0.3822
176.2250,-39.3746,0.3821
176.2750,-39.3746,0.3821
176.3250,-39.3746,0.3874
176.3750,-39.3746,0.3928
176.4250,-39.3746,0.3928
176.4750,-39.3746,0.3989
176.5250,-39.3746,0.4091
176.5750,-39.3746,0.4041
176.6250,-39.3746,0.4035
176.6750,-39.3746,0.3964
176.7250,-39.3746,0.3908
176.7750,-39.3746,0.3908
176.8250,-39.3746,0.3920
176.8750,-39.3746,0.4041
176.9250,-39.3746,0.4041
173.7750,-39.4246,0.3367
173.8250,-39.4246,0.3266
173.8750,-39.4246,0.3193
173.9250,-39.4246,0.3193
173.9750,-39.4246,0.3112
174.0250,-39.4246,0.3050
174.0750,-39.4246,0.3050
174.1250,-39.4246,0.3011
174.1750,-39.4246,0.2977
174.2250,-39.4246,0.2994
174.2750,-39.4246,0.2976
174.3250,-39.4246,0.2996
174.3750,-39.4246,0.3033
174.4250,-39.4246,0.3033
174.4750,-39.4246,0.3078
174.5250,-39.4246,0.3128
174.5750,-39.4246,0.3128
174.6250,-39.4246,0.3179
174.6750,-39.4246,0.3210
174.7250,-39.4246,0.3229
174.7750,-39.4246,0.3264
174.8250,-39.4246,0.3286
174.8750,-39.4246,0.3312
174.9250,-39.4246,0.3312
174.9750,-39.4246,0.3320
175.0250,-39.4246,0.3296
175.0750,-39.4246,0.3296
175.1250,-39.4246,0.3219
175.1750,-39.4246,0.3080
175.2250,-39.4246,0.3020
175.2750,-39.4246,0.3115
175.3250,-39.4246,0.2994
175.3750,-39.4246,0.2967
175.4250,-39.4246,0.2967
175.4750,-39.4246,0.2870
175.5250,-39.4246,0.3096
175.5750,-39.4246,0.3097
175.6250,-39.4246,0.3222
175.6750,-39.4246,0.3442
175.7250,-39.4246,0.3613
175.7750,-39.4246,0.3644
175.8250,-39.4246,0.3832
175.8750,-39.4246,0.3945
175.9250,-39.4246,0.3943
175.9750,-39.4246,0.3942
176.0250,-39.4246,0.3903
176.0750,-39.4246,0.3878
176.1250,-39.4246,0.3859
176.1750,-39.4246,0.3852
176.2250,-39.4246,0.3882
176.2750,-39.4246,0.3939
176.3250,-39.4246,0.3939
176.3750,-39.4246,0.4014
176.4250,-39.4246,0.4075
176.4750,-39.4246,0.4076
176.5250,-39.4246,0.4091
176.5750,-39.4246,0.4063
176.6250,-39.4246,0.3996
176.6750,-39.4246,0.3991
176.7250,-39.4246,0.3968
176.7750,-39.4246,0.4008
176.8250,-39.4246,0.4021
176.8750,-39.4246,0.4181
173.8250,-39.4746,0.3266
173.8750,-39.4746,0.3217
173.9250,-39.4746,0.3095
173.9750,-39.4746,0.3095
174.0250,-39.4746,0.3040
174.0750,-39.4746,0.2999
174.1250,-39.4746,0.2999
174.1750,-39.4746,0.2977
174.2250,-39.4746,0.2977
174.2750,-39.4746,0.2992
174.3250,-39.4746,0.2997
174.3750,-39.4746,0.3034
174.4250,-39.4746,0.3072
174.4750,-39.4746,0.3072
174.5250,-39.4746,0.3116
174.5750,-39.4746,0.3164
174.6250,-39.4746,0.3164
174.6750,-39.4746,0.3210
174.7250,-39.4746,0.3255
174.7750,-39.4746,0.3289
174.8250,-39.4746,0.3287
174.8750,-39.4746,0.3312
174.9250,-39.4746,0.3314
174.9750,-39.4746,0.3314
175.0250,-39.4746,0.3288
175.0750,-39.4746,0.3230
175.1250,-39.4746,0.3230
175.1750,-39.4746,0.3075
175.2250,-39.4746,0.2879
175.2750,-39.4746,0.3037
175.3250,-39.4746,0.2998
175.3750,-39.4746,0.3112
175.4250,-39.4746,0.2974
175.4750,-39.4746,0.2969
175.5250,-39.4746,0.2893
175.5750,-39.4746,0.3169
175.6250,-39.4746,0.3405
175.6750,-39.4746,0.3444
175.7250,-39.4746,0.3742
175.7750,-39.4746,0.3926
175.8250,-39.4746,0.3992
175.8750,-39.4746,0.3993
175.9250,-39.4746,0.4003
175.9750,-39.4746,0.3927
176.0250,-39.4746,0.3927
176.0750,-39.4746,0.3878
176.1250,-39.4746,0.3861
176.1750,-39.4746,0.3889
176.2250,-39.4746,0.3895
176.2750,-39.4746,0.3990
176.3250,-39.4746,0.4120
176.3750,-39.4746,0.4120
176.4250,-39.4746,0.4178
176.4750,-39.4746,0.4159
176.5250,-39.4746,0.4150
176.5750,-39.4746,0.4063
176.6250,-39.4746,0.4045
176.6750,-39.4746,0.4043
176.7250,-39.4746,0.4087
176.7750,-39.4746,0.4096
176.8250,-39.4746,0.4280
176.8750,-39.4746,0.4340
176.9250,-39.4746,0.4620
173.9250,-39.5246,0.3095
173.9750,-39.5246,0.3029
174.0250,-39.5246,0.3029
174.0750,-39.5246,0.2995
174.1250,-39.5246,0.2976
174.1750,-39.5246,0.2976
174.2250,-39.5246,0.2977
174.2750,-39.5246,0.2976
174.3250,-39.5246,0.3014
174.3750,-39.5246,0.3024
174.4250,-39.5246,0.3058
174.4750,-39.5246,0.3106
174.5250,-39.5246,0.3106
174.5750,-39.5246,0.3158
174.6250,-39.5246,0.3209
174.6750,-39.5246,0.3209
174.7250,-39.5246,0.3255
174.7750,-39.5246,0.3280
174.8250,-39.5246,0.3301
174.8750,-39.5246,0.3311
174.9250,-39.5246,0.3304
174.9750,-39.5246,0.3269
175.0250,-39.5246,0.3268
175.0750,-39.5246,0.3173
175.1250,-39.5246,0.2980
175.1750,-39.5246,0.2889
175.2250,-39.5246,0.2865
175.2750,-39.5246,0.2717
175.3250,-39.5246,0.2729
175.3750,-39.5246,0.2996
175.4250,-39.5246,0.2961
175.4750,-39.5246,0.2926
175.5250,-39.5246,0.3180
175.5750,-39.5246,0.3192
175.6250,-39.5246,0.3455
175.6750,-39.5246,0.3803
175.7250,-39.5246,0.3778
175.7750,-39.5246,0.3923
175.8250,-39.5246,0.3936
175.8750,-39.5246,0.3956
175.9250,-39.5246,0.3956
175.9750,-39.5246,0.3911
176.0250,-39.5246,0.3864
176.0750,-39.5246,0.3864
176.1250,-39.5246,0.3861
176.1750,-39.5246,0.3866
176.2250,-39.5246,0.3991
176.2750,-39.5246,0.3992
176.3250,-39.5246,0.4178
176.3750,-39.5246,0.4312
176.4250,-39.5246,0.4312
176.4750,-39.5246,0.4251
176.5250,-39.5246,0.4103
176.5750,-39.5246,0.4062
176.6250,-39.5246,0.4045
176.6750,-39.5246,0.4065
176.7250,-39.5246,0.4166
176.7750,-39.5246,0.4368
176.8250,-39.5246,0.4368
176.8750,-39.5246,0.4620
176.9250,-39.5246,0.5370
173.9750,-39.5746,0.3029
174.0250,-39.5746,0.3029
174.0750,-39.5746,0.2960
174.1250,-39.5746,0.2959
174.1750,-39.5746,0.2957
174.2250,-39.5746,0.2957
174.2750,-39.5746,0.2976
174.3250,-39.5746,0.3016
174.3750,-39.5746,0.3058
174.4250,-39.5746,0.3063
174.4750,-39.5746,0.3104
174.5250,-39.5746,0.3154
174.5750,-39.5746,0.3155
174.6250,-39.5746,0.3204
174.6750,-39.5746,0.3247
174.7250,-39.5746,0.3275
174.7750,-39.5746,0.3279
174.8250,-39.5746,0.3320
174.8750,-39.5746,0.3321
174.9250,-39.5746,0.3288
174.9750,-39.5746,0.3277
175.0250,-39.5746,0.3139
175.0750,-39.5746,0.2942
175.1250,-39.5746,0.2882
175.1750,-39.5746,0.2684
175.2250,-39.5746,0.2626
175.2750,-39.5746,0.2664
175.3250,-39.5746,0.2664
175.3750,-39.5746,0.2720
175.4250,-39.5746,0.2971
175.4750,-39.5746,0.2971
175.5250,-39.5746,0.3275
175.5750,-39.5746,0.3509
175.6250,-39.5746,0.3509
175.6750,-39.5746,0.3803
175.7250,-39.5746,0.3901
175.7750,-39.5746,0.3936
175.8250,-39.5746,0.3941
175.8750,-39.5746,0.3904
175.9250,-39.5746,0.3862
175.9750,-39.5746,0.3862
176.0250,-39.5746,0.3827
176.0750,-39.5746,0.3822
176.1250,-39.5746,0.3822
176.1750,-39.5746,0.3866
176.2250,-39.5746,0.3982
176.2750,-39.5746,0.4181
176.3250,-39.5746,0.4219
176.3750,-39.5746,0.4374
176.4250,-39.5746,0.4282
176.4750,-39.5746,0.4254
176.5250,-39.5746,0.4139
176.5750,-39.5746,0.4062
176.6250,-39.5746,0.4114
176.6750,-39.5746,0.4104
176.7250,-39.5746,0.4229
176.7750,-39.5746,0.4440
176.8250,-39.5746,0.4818
176.8750,-39.5746,0.4818
176.9250,-39.5746,0.5397
174.2250,-39.6246,0.2957
174.2750,-39.6246,0.3016
174.3250,-39.6246,0.3016
174.3750,-39.6246,0.3042
174.4250,-39.6246,0.3094
174.4750,-39.6246,0.3149
174.5250,-39.6246,0.3151
174.5750,-39.6246,0.3208
174.6250,-39.6246,0.3254
174.6750,-39.6246,0.3260
174.7250,-39.6246,0.3300
174.7750,-39.6246,0.3339
174.8250,-39.6246,0.3321
174.8750,-39.6246,0.3333
174.9250,-39.6246,0.3305
174.9750,-39.6246,0.3191
175.0250,-39.6246,0.3191
175.0750,-39.6246,0.2930
175.1250,-39.6246,0.2686
175.1750,-39.6246,0.2685
175.2250,-39.6246,0.2626
175.2750,-39.6246,0.2677
175.3250,-39.6246,0.2649
175.3750,-39.6246,0.2732
175.4250,-39.6246,0.3051
175.4750,-39.6246,0.3334
175.5250,-39.6246,0.3334
175.5750,-39.6246,0.3540
175.6250,-39.6246,0.3781
175.6750,-39.6246,0.3781
175.7250,-39.6246,0.3901
175.7750,-39.6246,0.3945
175.8250,-39.6246,0.3891
175.8750,-39.6246,0.3895
175.9250,-39.6246,0.3831
175.9750,-39.6246,0.3806
176.0250,-39.6246,0.3806
176.0750,-39.6246,0.3812
176.1250,-39.6246,0.3864
176.1750,-39.6246,0.3948
176.2250,-39.6246,0.3982
176.2750,-39.6246,0.4132
176.3250,-39.6246,0.4292
176.3750,-39.6246,0.4263
176.4250,-39.6246,0.4262
176.4750,-39.6246,0.4149
176.5250,-39.6246,0.4094
176.5750,-39.6246,0.4093
176.6250,-39.6246,0.4114
176.6750,-39.6246,0.4300
176.7250,-39.6246,0.4525
176.7750,-39.6246,0.4526
176.8250,-39.6246,0.4947
176.8750,-39.6246,0.5415
176.9250,-39.6246,0.5415
176.9750,-39.6246,0.5635
177.0250,-39.6246,0.5726
177.0750,-39.6246,0.5726
174.3250,-39.6746,0.3042
174.3750,-39.6746,0.3042
174.4250,-39.6746,0.3110
174.4750,-39.6746,0.3168
174.5250,-39.6746,0.3221
174.5750,-39.6746,0.3221
174.6250,-39.6746,0.3273
174.6750,-39.6746,0.3321
174.7250,-39.6746,0.3321
174.7750,-39.6746,0.3339
174.8250,-39.6746,0.3380
174.8750,-39.6746,0.3337
174.9250,-39.6746,0.3346
174.9750,-39.6746,0.3295
175.0250,-39.6746,0.3112
175.0750,-39.6746,0.3112
175.1250,-39.6746,0.2825
175.1750,-39.6746,0.2687
175.2250,-39.6746,0.2687
175.2750,-39.6746,0.2677
175.3250,-39.6746,0.3026
175.3750,-39.6746,0.3212
175.4250,-39.6746,0.3156
175.4750,-39.6746,0.3432
175.5250,-39.6746,0.3593
175.5750,-39.6746,0.3593
175.6250,-39.6746,0.3799
175.6750,-39.6746,0.3888
175.7250,-39.6746,0.3889
175.7750,-39.6746,0.3945
175.8250,-39.6746,0.3935
175.8750,-39.6746,0.3838
175.9250,-39.6746,0.3830
175.9750,-39.6746,0.3798
176.0250,-39.6746,0.3802
176.0750,-39.6746,0.3805
176.1250,-39.6746,0.3851
176.1750,-39.6746,0.3957
176.2250,-39.6746,0.4125
176.2750,-39.6746,0.4133
176.3250,-39.6746,0.4235
176.3750,-39.6746,0.4199
176.4250,-39.6746,0.4124
176.4750,-39.6746,0.4124
176.5250,-39.6746,0.4084
176.5750,-39.6746,0.4135
176.6250,-39.6746,0.4134
176.6750,-39.6746,0.4300
176.7250,-39.6746,0.4614
176.7750,-39.6746,0.5179
176.8250,-39.6746,0.5179
176.8750,-39.6746,0.5419
176.9250,-39.6746,0.5591
176.9750,-39.6746,0.5592
177.0250,-39.6746,0.5726
177.0750,-39.6746,0.5726
174.3750,-39.7246,0.3111
174.4250,-39.7246,0.3158
174.4750,-39.7246,0.3171
174.5250,-39.7246,0.3233
174.5750,-39.7246,0.3292
174.6250,-39.7246,0.3292
174.6750,-39.7246,0.3343
174.7250,-39.7246,0.3374
174.7750,-39.7246,0.3374
174.8250,-39.7246,0.3380
174.8750,-39.7246,0.3398
174.9250,-39.7246,0.3368
174.9750,-39.7246,0.3335
175.0250,-39.7246,0.3287
175.0750,-39.7246,0.3138
175.1250,-39.7246,0.3138
175.1750,-39.7246,0.2990
175.2250,-39.7246,0.2939
175.2750,-39.7246,0.2940
175.3250,-39.7246,0.3026
175.3750,-39.7246,0.3388
175.4250,-39.7246,0.3509
175.4750,-39.7246,0.3479
175.5250,-39.7246,0.3698
175.5750,-39.7246,0.3841
175.6250,-39.7246,0.3841
175.6750,-39.7246,0.3905
175.7250,-39.7246,0.3939
175.7750,-39.7246,0.3881
175.8250,-39.7246,0.3935
175.8750,-39.7246,0.3817
175.9250,-39.7246,0.3783
175.9750,-39.7246,0.3799
176.0250,-39.7246,0.3799
176.0750,-39.7246,0.3860
176.1250,-39.7246,0.3964
176.1750,-39.7246,0.3971
176.2250,-39.7246,0.4125
176.2750,-39.7246,0.4219
176.3250,-39.7246,0.4169
176.3750,-39.7246,0.4159
176.4250,-39.7246,0.4094
176.4750,-39.7246,0.4090
176.5250,-39.7246,0.4090
176.5750,-39.7246,0.4173
176.6250,-39.7246,0.4370
176.6750,-39.7246,0.4505
176.7250,-39.7246,0.4614
176.7750,-39.7246,0.5240
176.8250,-39.7246,0.5464
176.8750,-39.7246,0.5464
176.9250,-39.7246,0.5572
176.9750,-39.7246,0.5701
177.0250,-39.7246,0.5701
174.4250,-39.7746,0.3172
174.4750,-39.7746,0.3172
174.5250,-39.7746,0.3233
174.5750,-39.7746,0.3323
174.6250,-39.7746,0.3371
174.6750,-39.7746,0.3371
174.7250,-39.7746,0.3399
174.7750,-39.7746,0.3404
174.8250,-39.7746,0.3404
174.8750,-39.7746,0.3398
174.9250,-39.7746,0.3433
174.9750,-39.7746,0.3408
175.0250,-39.7746,0.3337
175.0750,-39.7746,0.3353
175.1250,-39.7746,0.3287
175.1750,-39.7746,0.3287
175.2250,-39.7746,0.3253
175.2750,-39.7746,0.3286
175.3250,-39.7746,0.3378
175.3750,-39.7746,0.3389
175.4250,-39.7746,0.3678
175.4750,-39.7746,0.3814
175.5250,-39.7746,0.3829
175.5750,-39.7746,0.3869
175.6250,-39.7746,0.3893
175.6750,-39.7746,0.3891
175.7250,-39.7746,0.3887
175.7750,-39.7746,0.3876
175.8250,-39.7746,0.3824
175.8750,-39.7746,0.3817
175.9250,-39.7746,0.3796
175.9750,-39.7746,0.3810
176.0250,-39.7746,0.3872
176.0750,-39.7746,0.3872
176.1250,-39.7746,0.3983
176.1750,-39.7746,0.4129
176.2250,-39.7746,0.4129
176.2750,-39.7746,0.4219
176.3250,-39.7746,0.4170
176.3750,-39.7746,0.4116
176.4250,-39.7746,0.4116
176.4750,-39.7746,0.4111
176.5250,-39.7746,0.4223
176.5750,-39.7746,0.4223
176.6250,-39.7746,0.4445
176.6750,-39.7746,0.4765
176.7250,-39.7746,0.5342
176.7750,-39.7746,0.5241
176.8250,-39.7746,0.5514
176.8750,-39.7746,0.5603
176.9250,-39.7746,0.5646
176.9750,-39.7746,0.5702
177.0250,-39.7746,0.5702
174.5250,-39.8246,0.3323
174.5750,-39.8246,0.3323
174.6250,-39.8246,0.3371
174.6750,-39.8246,0.3434
174.7250,-39.8246,0.3434
174.7750,-39.8246,0.3438
174.8250,-39.8246,0.3439
174.8750,-39.8246,0.3454
174.9250,-39.8246,0.3433
174.9750,-39.8246,0.3455
175.0250,-39.8246,0.3440
175.0750,-39.8246,0.3405
175.1250,-39.8246,0.3422
175.1750,-39.8246,0.3415
175.2250,-39.8246,0.3420
175.2750,-39.8246,0.3440
175.3250,-39.8246,0.3514
175.3750,-39.8246,0.3769
175.4250,-39.8246,0.3678
175.4750,-39.8246,0.3876
175.5250,-39.8246,0.3895
175.5750,-39.8246,0.3883
175.6250,-39.8246,0.3883
175.6750,-39.8246,0.3865
175.7250,-39.8246,0.3854
175.7750,-39.8246,0.3854
175.8250,-39.8246,0.3824
175.8750,-39.8246,0.3786
175.9250,-39.8246,0.3804
175.9750,-39.8246,0.3806
176.0250,-39.8246,0.3881
176.0750,-39.8246,0.4015
176.1250,-39.8246,0.4015
176.1750,-39.8246,0.4178
176.2250,-39.8246,0.4240
176.2750,-39.8246,0.4239
176.3250,-39.8246,0.4170
176.3750,-39.8246,0.4158
176.4250,-39.8246,0.4182
176.4750,-39.8246,0.4182
176.5250,-39.8246,0.4310
176.5750,-39.8246,0.4528
176.6250,-39.8246,0.4530
176.6750,-39.8246,0.4951
176.7250,-39.8246,0.5350
176.7750,-39.8246,0.5525
176.8250,-39.8246,0.5559
176.8750,-39.8246,0.5615
176.9250,-39.8246,0.5737
176.9750,-39.8246,0.5737
177.0250,-39.8246,0.5705
174.6750,-39.8746,0.3434
174.7250,-39.8746,0.3434
174.7750,-39.8746,0.3438
174.8250,-39.8746,0.3456
174.8750,-39.8746,0.3464
174.9250,-39.8746,0.3463
174.9750,-39.8746,0.3455
175.0250,-39.8746,0.3498
175.0750,-39.8746,0.3493
175.1250,-39.8746,0.3491
175.1750,-39.8746,0.3491
175.2250,-39.8746,0.3508
175.2750,-39.8746,0.3557
175.3250,-39.8746,0.3558
175.3750,-39.8746,0.3770
175.4250,-39.8746,0.3962
175.4750,-39.8746,0.3881
175.5250,-39.8746,0.3960
175.5750,-39.8746,0.3918
175.6250,-39.8746,0.3871
175.6750,-39.8746,0.3871
175.7250,-39.8746,0.3831
175.7750,-39.8746,0.3803
175.8250,-39.8746,0.3803
175.8750,-39.8746,0.3786
175.9250,-39.8746,0.3846
175.9750,-39.8746,0.3914
176.0250,-39.8746,0.3914
176.0750,-39.8746,0.4045
176.1250,-39.8746,0.4218
176.1750,-39.8746,0.4218
176.2250,-39.8746,0.4262
176.2750,-39.8746,0.4195
176.3250,-39.8746,0.4230
176.3750,-39.8746,0.4158
176.4250,-39.8746,0.4288
176.4750,-39.8746,0.4418
176.5250,-39.8746,0.4432
176.5750,-39.8746,0.4624
176.6250,-39.8746,0.5110
176.6750,-39.8746,0.5307
176.7250,-39.8746,0.5394
176.7750,-39.8746,0.5538
176.8250,-39.8746,0.5643
176.8750,-39.8746,0.5748
176.9250,-39.8746,0.5748
176.9750,-39.8746,0.5738
174.9250,-39.9246,0.3464
174.9750,-39.9246,0.3499
175.0250,-39.9246,0.3501
175.0750,-39.9246,0.3528
175.1250,-39.9246,0.3538
175.1750,-39.9246,0.3574
175.2250,-39.9246,0.3574
175.2750,-39.9246,0.3709
175.3250,-39.9246,0.3864
175.3750,-39.9246,0.3864
175.4250,-39.9246,0.3962
175.4750,-39.9246,0.4011
175.5250,-39.9246,0.3953
175.5750,-39.9246,0.3953
175.6250,-39.9246,0.3903
175.6750,-39.9246,0.3865
175.7250,-39.9246,0.3865
175.7750,-39.9246,0.3838
175.8250,-39.9246,0.3825
175.8750,-39.9246,0.3827
175.9250,-39.9246,0.3846
175.9750,-39.9246,0.3943
176.0250,-39.9246,0.4064
176.0750,-39.9246,0.4064
176.1250,-39.9246,0.4244
176.1750,-39.9246,0.4326
176.2250,-39.9246,0.4326
176.2750,-39.9246,0.4251
176.3250,-39.9246,0.4232
176.3750,-39.9246,0.4368
176.4250,-39.9246,0.4293
176.4750,-39.9246,0.4520
176.5250,-39.9246,0.4802
176.5750,-39.9246,0.5228
176.6250,-39.9246,0.5265
176.6750,-39.9246,0.5475
176.7250,-39.9246,0.5560
176.7750,-39.9246,0.5557
176.8250,-39.9246,0.5635
176.8750,-39.9246,0.5749
176.9250,-39.9246,0.5748
176.9750,-39.9246,0.5748
174.9750,-39.9746,0.3514
175.0250,-39.9746,0.3529
175.0750,-39.9746,0.3668
175.1250,-39.9746,0.3666
175.1750,-39.9746,0.3758
175.2250,-39.9746,0.3890
175.2750,-39.9746,0.3890
175.3250,-39.9746,0.4000
175.3750,-39.9746,0.4041
175.4250,-39.9746,0.4041
175.4750,-39.9746,0.4011
175.5250,-39.9746,0.4040
175.5750,-39.9746,0.3966
175.6250,-39.9746,0.3966
175.6750,-39.9746,0.3916
175.7250,-39.9746,0.3893
175.7750,-39.9746,0.3893
175.8250,-39.9746,0.3877
175.8750,-39.9746,0.3888
175.9250,-39.9746,0.4026
175.9750,-39.9746,0.3943
176.0250,-39.9746,0.4133
176.0750,-39.9746,0.4270
176.1250,-39.9746,0.4275
176.1750,-39.9746,0.4307
176.2250,-39.9746,0.4270
176.2750,-39.9746,0.4281
176.3250,-39.9746,0.4286
176.3750,-39.9746,0.4371
176.4250,-39.9746,0.4613
176.4750,-39.9746,0.5008
176.5250,-39.9746,0.5058
176.5750,-39.9746,0.5375
176.6250,-39.9746,0.5516
176.6750,-39.9746,0.5516
176.7250,-39.9746,0.5560
176.7750,-39.9746,0.5650
176.8250,-39.9746,0.5698
176.8750,-39.9746,0.5745
176.9250,-39.9746,0.5749
175.0750,-40.0246,0.3671
175.1250,-40.0246,0.3907
175.1750,-40.0246,0.3898
175.2250,-40.0246,0.4036
175.2750,-40.0246,0.4135
175.3250,-40.0246,0.4135
175.3750,-40.0246,0.4166
175.4250,-40.0246,0.4118
175.4750,-40.0246,0.4122
175.5250,-40.0246,0.4040
175.5750,-40.0246,0.4027
175.6250,-40.0246,0.3960
175.6750,-40.0246,0.3959
175.7250,-40.0246,0.3940
175.7750,-40.0246,0.3949
175.8250,-40.0246,0.3949
175.8750,-40.0246,0.3980
175.9250,-40.0246,0.4032
175.9750,-40.0246,0.4224
176.0250,-40.0246,0.4135
176.0750,-40.0246,0.4316
176.1250,-40.0246,0.4323
176.1750,-40.0246,0.4312
176.2250,-40.0246,0.4311
176.2750,-40.0246,0.4360
176.3250,-40.0246,0.4535
176.3750,-40.0246,0.4465
176.4250,-40.0246,0.4630
176.4750,-40.0246,0.5178
176.5250,-40.0246,0.5425
176.5750,-40.0246,0.5425
176.6250,-40.0246,0.5552
176.6750,-40.0246,0.5598
176.7250,-40.0246,0.5598
176.7750,-40.0246,0.5650
176.8250,-40.0246,0.5729
176.8750,-40.0246,0.5745
176.9250,-40.0246,0.5747
175.1250,-40.0746,0.3907
175.1750,-40.0746,0.4191
175.2250,-40.0746,0.4188
175.2750,-40.0746,0.4252
175.3250,-40.0746,0.4259
175.3750,-40.0746,0.4259
175.4250,-40.0746,0.4210
175.4750,-40.0746,0.4125
175.5250,-40.0746,0.4133
175.5750,-40.0746,0.4027
175.6250,-40.0746,0.4049
175.6750,-40.0746,0.4002
175.7250,-40.0746,0.3997
175.7750,-40.0746,0.3997
175.8250,-40.0746,0.4046
175.8750,-40.0746,0.4101
175.9250,-40.0746,0.4127
175.9750,-40.0746,0.4224
176.0250,-40.0746,0.4433
176.0750,-40.0746,0.4397
176.1250,-40.0746,0.4414
176.1750,-40.0746,0.4402
176.2250,-40.0746,0.4438
176.2750,-40.0746,0.4438
176.3250,-40.0746,0.4550
176.3750,-40.0746,0.5032
176.4250,-40.0746,0.4826
176.4750,-40.0746,0.5213
176.5250,-40.0746,0.5479
176.5750,-40.0746,0.5564
176.6250,-40.0746,0.5564
176.6750,-40.0746,0.5615
176.7250,-40.0746,0.5658
176.7750,-40.0746,0.5658
176.8250,-40.0746,0.5729
176.8750,-40.0746,0.5847
175.1750,-40.1246,0.4191
175.2250,-40.1246,0.4342
175.2750,-40.1246,0.4349
175.3250,-40.1246,0.4349
175.3750,-40.1246,0.4310
175.4250,-40.1246,0.4271
175.4750,-40.1246,0.4239
175.5250,-40.1246,0.4133
175.5750,-40.1246,0.4113
175.6250,-40.1246,0.4049
175.6750,-40.1246,0.4045
175.7250,-40.1246,0.4041
175.7750,-40.1246,0.4105
175.8250,-40.1246,0.4105
175.8750,-40.1246,0.4232
175.9250,-40.1246,0.4410
175.9750,-40.1246,0.4364
176.0250,-40.1246,0.4433
176.0750,-40.1246,0.4513
176.1250,-40.1246,0.4535
176.1750,-40.1246,0.4535
176.2250,-40.1246,0.4585
176.2750,-40.1246,0.4671
176.3250,-40.1246,0.4671
176.3750,-40.1246,0.5041
176.4250,-40.1246,0.5385
176.4750,-40.1246,0.5494
176.5250,-40.1246,0.5488
176.5750,-40.1246,0.5577
176.6250,-40.1246,0.5640
176.6750,-40.1246,0.5640
176.7250,-40.1246,0.5697
176.7750,-40.1246,0.5761
176.8250,-40.1246,0.5826
176.8750,-40.1246,0.5847
175.1750,-40.1746,0.4441
175.2250,-40.1746,0.4441
175.2750,-40.1746,0.4443
175.3250,-40.1746,0.4392
175.3750,-40.1746,0.4392
175.4250,-40.1746,0.4308
175.4750,-40.1746,0.4216
175.5250,-40.1746,0.4213
175.5750,-40.1746,0.4113
175.6250,-40.1746,0.4117
175.6750,-40.1746,0.4095
175.7250,-40.1746,0.4096
175.7750,-40.1746,0.4155
175.8250,-40.1746,0.4294
175.8750,-40.1746,0.4294
175.9250,-40.1746,0.4490
175.9750,-40.1746,0.4604
176.0250,-40.1746,0.4573
176.0750,-40.1746,0.4514
176.1250,-40.1746,0.4665
176.1750,-40.1746,0.4948
176.2250,-40.1746,0.4948
176.2750,-40.1746,0.5094
176.3250,-40.1746,0.5224
176.3750,-40.1746,0.5224
176.4250,-40.1746,0.5385
176.4750,-40.1746,0.5542
176.5250,-40.1746,0.5610
176.5750,-40.1746,0.5602
176.6250,-40.1746,0.5681
176.6750,-40.1746,0.5743
176.7250,-40.1746,0.5743
176.7750,-40.1746,0.5795
176.8250,-40.1746,0.5852
175.2250,-40.2246,0.4502
175.2750,-40.2246,0.4503
175.3250,-40.2246,0.4452
175.3750,-40.2246,0.4371
175.4250,-40.2246,0.4371
175.4750,-40.2246,0.4303
175.5250,-40.2246,0.4205
175.5750,-40.2246,0.4203
175.6250,-40.2246,0.4117
175.6750,-40.2246,0.4142
175.7250,-40.2246,0.4194
175.7750,-40.2246,0.4194
175.8250,-40.2246,0.4325
175.8750,-40.2246,0.4515
175.9250,-40.2246,0.4515
175.9750,-40.2246,0.4636
176.0250,-40.2246,0.4637
176.0750,-40.2246,0.4842
176.1250,-40.2246,0.4670
176.1750,-40.2246,0.5156
176.2250,-40.2246,0.5334
176.2750,-40.2246,0.5334
176.3250,-40.2246,0.5400
176.3750,-40.2246,0.5467
176.4250,-40.2246,0.5479
176.4750,-40.2246,0.5542
176.5250,-40.2246,0.5606
176.5750,-40.2246,0.5666
176.6250,-40.2246,0.5715
176.6750,-40.2246,0.5752
176.7250,-40.2246,0.5864
176.7750,-40.2246,0.5864
176.8250,-40.2246,0.5851
175.2250,-40.2746,0.4503
175.2750,-40.2746,0.4483
175.3250,-40.2746,0.4483
175.3750,-40.2746,0.4411
175.4250,-40.2746,0.4349
175.4750,-40.2746,0.4349
175.5250,-40.2746,0.4264
175.5750,-40.2746,0.4169
175.6250,-40.2746,0.4189
175.6750,-40.2746,0.4142
175.7250,-40.2746,0.4255
175.7750,-40.2746,0.4374
175.8250,-40.2746,0.4374
175.8750,-40.2746,0.4511
175.9250,-40.2746,0.4587
175.9750,-40.2746,0.4587
176.0250,-40.2746,0.4644
176.0750,-40.2746,0.4949
176.1250,-40.2746,0.5269
176.1750,-40.2746,0.5170
176.2250,-40.2746,0.5429
176.2750,-40.2746,0.5487
176.3250,-40.2746,0.5488
176.3750,-40.2746,0.5517
176.4250,-40.2746,0.5556
176.4750,-40.2746,0.5640
176.5250,-40.2746,0.5606
176.5750,-40.2746,0.5678
176.6250,-40.2746,0.5726
176.6750,-40.2746,0.5728
175.2250,-40.3246,0.4463
175.2750,-40.3246,0.4463
175.3250,-40.3246,0.4401
175.3750,-40.3246,0.4401
175.4250,-40.3246,0.4356
175.4750,-40.3246,0.4290
175.5250,-40.3246,0.4290
175.5750,-40.3246,0.4227
175.6250,-40.3246,0.4209
175.6750,-40.3246,0.4299
175.7250,-40.3246,0.4255
175.7750,-40.3246,0.4428
175.8250,-40.3246,0.4552
175.8750,-40.3246,0.4552
175.9250,-40.3246,0.4586
175.9750,-40.3246,0.4657
176.0250,-40.3246,0.4742
176.0750,-40.3246,0.4967
176.1250,-40.3246,0.5298
176.1750,-40.3246,0.5464
176.2250,-40.3246,0.5520
176.2750,-40.3246,0.5544
176.3250,-40.3246,0.5584
176.3750,-40.3246,0.5601
176.4250,-40.3246,0.5609
176.4750,-40.3246,0.5641
176.5250,-40.3246,0.5674
176.5750,-40.3246,0.5679
176.6250,-40.3246,0.5699
176.6750,-40.3246,0.5725
175.2250,-40.3746,0.4465
175.2750,-40.3746,0.4463
175.3250,-40.3746,0.4402
175.3750,-40.3746,0.4346
175.4250,-40.3746,0.4331
175.4750,-40.3746,0.4287
175.5250,-40.3746,0.4245
175.5750,-40.3746,0.4248
175.6250,-40.3746,0.4243
175.6750,-40.3746,0.4301
175.7250,-40.3746,0.4482
175.7750,-40.3746,0.4444
175.8250,-40.3746,0.4559
175.8750,-40.3746,0.4597
175.9250,-40.3746,0.4700
175.9750,-40.3746,0.4739
176.0250,-40.3746,0.5026
176.0750,-40.3746,0.5369
176.1250,-40.3746,0.5300
176.1750,-40.3746,0.5513
176.2250,-40.3746,0.5605
176.2750,-40.3746,0.5687
176.3250,-40.3746,0.5687
176.3750,-40.3746,0.5669
176.4250,-40.3746,0.5659
176.4750,-40.3746,0.5659
176.5250,-40.3746,0.5674
176.5750,-40.3746,0.5729
176.6250,-40.3746,0.5699
176.6750,-40.3746,0.5700
175.2250,-40.4246,0.4465
175.2750,-40.4246,0.4401
175.3250,-40.4246,0.4398
175.3750,-40.4246,0.4347
175.4250,-40.4246,0.4303
175.4750,-40.4246,0.4285
175.5250,-40.4246,0.4285
175.5750,-40.4246,0.4305
175.6250,-40.4246,0.4418
175.6750,-40.4246,0.4367
175.7250,-40.4246,0.4484
175.7750,-40.4246,0.4541
175.8250,-40.4246,0.4601
175.8750,-40.4246,0.4602
175.9250,-40.4246,0.4813
175.9750,-40.4246,0.5128
176.0250,-40.4246,0.5129
176.0750,-40.4246,0.5373
176.1250,-40.4246,0.5519
176.1750,-40.4246,0.5518
176.2250,-40.4246,0.5615
176.2750,-40.4246,0.5698
176.3250,-40.4246,0.5696
176.3750,-40.4246,0.5696
176.4250,-40.4246,0.5706
176.4750,-40.4246,0.5722
176.5250,-40.4246,0.5721
176.5750,-40.4246,0.5729
176.6250,-40.4246,0.5742
172.6750,-40.4746,0.4071
172.7250,-40.4746,0.4090
175.2250,-40.4746,0.4432
175.2750,-40.4746,0.4401
175.3250,-40.4746,0.4392
175.3750,-40.4746,0.4350
175.4250,-40.4746,0.4351
175.4750,-40.4746,0.4345
175.5250,-40.4746,0.4370
175.5750,-40.4746,0.4370
175.6250,-40.4746,0.4439
175.6750,-40.4746,0.4532
175.7250,-40.4746,0.4514
175.7750,-40.4746,0.4543
175.8250,-40.4746,0.4639
175.8750,-40.4746,0.4972
175.9250,-40.4746,0.4972
175.9750,-40.4746,0.5225
176.0250,-40.4746,0.5431
176.0750,-40.4746,0.5431
176.1250,-40.4746,0.5519
176.1750,-40.4746,0.5668
176.2250,-40.4746,0.5710
176.2750,-40.4746,0.5712
176.3250,-40.4746,0.5699
176.3750,-40.4746,0.5716
176.4250,-40.4746,0.5716
176.4750,-40.4746,0.5754
176.5250,-40.4746,0.5758
176.5750,-40.4746,0.5757
176.6250,-40.4746,0.5742
172.5750,-40.5246,0.4192
172.6250,-40.5246,0.4071
172.6750,-40.5246,0.4075
172.7250,-40.5246,0.4154
172.7750,-40.5246,0.4154
172.8250,-40.5246,0.4154
172.8750,-40.5246,0.4154
172.9250,-40.5246,0.4148
172.9750,-40.5246,0.3611
173.0250,-40.5246,0.3418
175.1750,-40.5246,0.4407
175.2250,-40.5246,0.4429
175.2750,-40.5246,0.4432
175.3250,-40.5246,0.4392
175.3750,-40.5246,0.4391
175.4250,-40.5246,0.4399
175.4750,-40.5246,0.4399
175.5250,-40.5246,0.4435
175.5750,-40.5246,0.4488
175.6250,-40.5246,0.4488
175.6750,-40.5246,0.4534
175.7250,-40.5246,0.4583
175.7750,-40.5246,0.4640
175.8250,-40.5246,0.4663
175.8750,-40.5246,0.5095
175.9250,-40.5246,0.5354
175.9750,-40.5246,0.5354
176.0250,-40.5246,0.5490
176.0750,-40.5246,0.5579
176.1250,-40.5246,0.5579
176.1750,-40.5246,0.5668
176.2250,-40.5246,0.5674
176.2750,-40.5246,0.5679
176.3250,-40.5246,0.5679
176.3750,-40.5246,0.5722
176.4250,-40.5246,0.5776
176.4750,-40.5246,0.5776
176.5250,-40.5246,0.5853
172.5250,-40.5746,0.4336
172.5750,-40.5746,0.4219
172.6250,-40.5746,0.4193
172.6750,-40.5746,0.4154
172.7250,-40.5746,0.4154
173.0250,-40.5746,0.3393
175.1750,-40.5746,0.4390
175.2250,-40.5746,0.4407
175.2750,-40.5746,0.4411
175.3250,-40.5746,0.4417
175.3750,-40.5746,0.4392
175.4250,-40.5746,0.4444
175.4750,-40.5746,0.4486
175.5250,-40.5746,0.4486
175.5750,-40.5746,0.4522
175.6250,-40.5746,0.4566
175.6750,-40.5746,0.4566
175.7250,-40.5746,0.4583
175.7750,-40.5746,0.4889
175.8250,-40.5746,0.5220
175.8750,-40.5746,0.5156
175.9250,-40.5746,0.5445
175.9750,-40.5746,0.5531
176.0250,-40.5746,0.5531
176.0750,-40.5746,0.5592
176.1250,-40.5746,0.5650
176.1750,-40.5746,0.5658
176.2250,-40.5746,0.5674
176.2750,-40.5746,0.5702
176.3250,-40.5746,0.5739
176.3750,-40.5746,0.5739
176.4250,-40.5746,0.5808
176.4750,-40.5746,0.5802
172.4250,-40.6246,0.4452
172.4750,-40.6246,0.4336
172.5250,-40.6246,0.4336
172.5750,-40.6246,0.4322
172.6250,-40.6246,0.4292
172.6750,-40.6246,0.4285
175.1750,-40.6246,0.4387
175.2250,-40.6246,0.4387
175.2750,-40.6246,0.4398
175.3250,-40.6246,0.4414
175.3750,-40.6246,0.4446
175.4250,-40.6246,0.4444
175.4750,-40.6246,0.4536
175.5250,-40.6246,0.4622
175.5750,-40.6246,0.4622
175.6250,-40.6246,0.4621
175.6750,-40.6246,0.4626
175.7250,-40.6246,0.4635
175.7750,-40.6246,0.4890
175.8250,-40.6246,0.5329
175.8750,-40.6246,0.5509
175.9250,-40.6246,0.5490
175.9750,-40.6246,0.5547
176.0250,-40.6246,0.5572
176.0750,-40.6246,0.5572
176.1250,-40.6246,0.5634
176.1750,-40.6246,0.5685
176.2250,-40.6246,0.5671
176.2750,-40.6246,0.5702
176.3250,-40.6246,0.5713
176.3750,-40.6246,0.5812
176.4250,-40.6246,0.5812
172.3750,-40.6746,0.4455
172.4250,-40.6746,0.4455
172.4750,-40.6746,0.4458
172.5250,-40.6746,0.4442
172.5750,-40.6746,0.4442
172.6250,-40.6746,0.4405
172.6750,-40.6746,0.4461
173.9250,-40.6746,0.2660
173.9750,-40.6746,0.2663
174.0250,-40.6746,0.2690
175.1250,-40.6746,0.4333
175.1750,-40.6746,0.4333
175.2250,-40.6746,0.4352
175.2750,-40.6746,0.4349
175.3250,-40.6746,0.4378
175.3750,-40.6746,0.4432
175.4250,-40.6746,0.4525
175.4750,-40.6746,0.4567
175.5250,-40.6746,0.4951
175.5750,-40.6746,0.4818
175.6250,-40.6746,0.4813
175.6750,-40.6746,0.4769
175.7250,-40.6746,0.5002
175.7750,-40.6746,0.5358
175.8250,-40.6746,0.5329
175.8750,-40.6746,0.5519
175.9250,-40.6746,0.5494
175.9750,-40.6746,0.5545
176.0250,-40.6746,0.5554
176.0750,-40.6746,0.5593
176.1250,-40.6746,0.5594
176.1750,-40.6746,0.5605
176.2250,-40.6746,0.5671
176.2750,-40.6746,0.5704
176.3250,-40.6746,0.5713
176.3750,-40.6746,0.5812
172.2750,-40.7246,0.4522
172.3250,-40.7246,0.4546
172.3750,-40.7246,0.4546
172.4250,-40.7246,0.4553
172.4750,-40.7246,0.4550
172.5250,-40.7246,0.4544
172.5750,-40.7246,0.4516
172.6250,-40.7246,0.4516
172.6750,-40.7246,0.4465
172.7250,-40.7246,0.4494
173.8250,-40.7246,0.2660
173.8750,-40.7246,0.2660
173.9250,-40.7246,0.2660
173.9750,-40.7246,0.2667
175.1250,-40.7246,0.4313
175.1750,-40.7246,0.4320
175.2250,-40.7246,0.4320
175.2750,-40.7246,0.4323
175.3250,-40.7246,0.4298
175.3750,-40.7246,0.4374
175.4250,-40.7246,0.4495
175.4750,-40.7246,0.4667
175.5250,-40.7246,0.4890
175.5750,-40.7246,0.4886
175.6250,-40.7246,0.4927
175.6750,-40.7246,0.5138
175.7250,-40.7246,0.5157
175.7750,-40.7246,0.5392
175.8250,-40.7246,0.5402
175.8750,-40.7246,0.5519
175.9250,-40.7246,0.5403
175.9750,-40.7246,0.5456
176.0250,-40.7246,0.5553
176.0750,-40.7246,0.5553
176.1250,-40.7246,0.5566
176.1750,-40.7246,0.5614
176.2250,-40.7246,0.5621
176.2750,-40.7246,0.5704
176.3250,-40.7246,0.5704
172.1750,-40.7745,0.4564
172.2250,-40.7745,0.4611
172.2750,-40.7745,0.4522
172.3250,-40.7745,0.4639
172.3750,-40.7745,0.4549
172.4250,-40.7745,0.4660
172.4750,-40.7745,0.4641
172.5250,-40.7745,0.4616
172.5750,-40.7745,0.4615
172.6250,-40.7745,0.4569
172.6750,-40.7745,0.4569
172.7250,-40.7745,0.4494
172.7750,-40.7745,0.4486
172.9250,-40.7745,0.3844
172.9750,-40.7745,0.3372
173.0250,-40.7745,0.3372
173.8250,-40.7745,0.2660
173.8750,-40.7745,0.2660
173.9250,-40.7745,0.2661
173.9750,-40.7745,0.2695
175.0750,-40.7745,0.4315
175.1250,-40.7745,0.4315
175.1750,-40.7745,0.4313
175.2250,-40.7745,0.4265
175.2750,-40.7745,0.4265
175.3250,-40.7745,0.4293
175.3750,-40.7745,0.4376
175.4250,-40.7745,0.4426
175.4750,-40.7745,0.4625
175.5250,-40.7745,0.4849
175.5750,-40.7745,0.4958
175.6250,-40.7745,0.4958
175.6750,-40.7745,0.5210
175.7250,-40.7745,0.5382
175.7750,-40.7745,0.5382
175.8250,-40.7745,0.5402
175.8750,-40.7745,0.5377
175.9250,-40.7745,0.5415
175.9750,-40.7745,0.5430
176.0250,-40.7745,0.5508
176.0750,-40.7745,0.5572
176.1250,-40.7745,0.5572
176.1750,-40.7745,0.5604
176.2250,-40.7745,0.5690
176.2750,-40.7745,0.5673
172.1250,-40.8245,0.4601
172.1750,-40.8245,0.4564
172.2250,-40.8245,0.4611
172.2750,-40.8245,0.4611
172.3250,-40.8245,0.4639
172.3750,-40.8245,0.4855
172.4250,-40.8245,0.4811
172.4750,-40.8245,0.4842
172.5250,-40.8245,0.4788
172.5750,-40.8245,0.4681
172.6250,-40.8245,0.4681
172.6750,-40.8245,0.4595
172.7250,-40.8245,0.4565
172.7750,-40.8245,0.4486
172.8250,-40.8245,0.4387
172.8750,-40.8245,0.3975
172.9250,-40.8245,0.3844
172.9750,-40.8245,0.3456
173.0250,-40.8245,0.3372
173.7750,-40.8245,0.2666
173.8250,-40.8245,0.2660
173.8750,-40.8245,0.2660
173.9250,-40.8245,0.2700
173.9750,-40.8245,0.2702
174.0250,-40.8245,0.2886
174.9250,-40.8245,0.4162
174.9750,-40.8245,0.4162
175.0250,-40.8245,0.4217
175.0750,-40.8245,0.4217
175.1250,-40.8245,0.4233
175.1750,-40.8245,0.4233
175.2250,-40.8245,0.4221
175.2750,-40.8245,0.4259
175.3250,-40.8245,0.4259
175.3750,-40.8245,0.4375
175.4250,-40.8245,0.4576
175.4750,-40.8245,0.4704
175.5250,-40.8245,0.4843
175.5750,-40.8245,0.4936
175.6250,-40.8245,0.5117
175.6750,-40.8245,0.5117
175.7250,-40.8245,0.5278
175.7750,-40.8245,0.5373
175.8250,-40.8245,0.5374
175.8750,-40.8245,0.5377
175.9250,-40.8245,0.5362
175.9750,-40.8245,0.5460
176.0250,-40.8245,0.5460
176.0750,-40.8245,0.5592
176.1250,-40.8245,0.5678
176.1750,-40.8245,0.5678
176.2250,-40.8245,0.5731
176.2750,-40.8245,0.5731
172.0750,-40.8745,0.4757
172.1250,-40.8745,0.4633
172.1750,-40.8745,0.4633
172.2250,-40.8745,0.4746
172.2750,-40.8745,0.4824
172.3250,-40.8745,0.4870
172.3750,-40.8745,0.4855
172.4250,-40.8745,0.5058
172.4750,-40.8745,0.5017
172.5250,-40.8745,0.5014
172.5750,-40.8745,0.4923
172.6250,-40.8745,0.4759
172.6750,-40.8745,0.4759
172.7250,-40.8745,0.4586
172.7750,-40.8745,0.4389
172.8250,-40.8745,0.4387
172.8750,-40.8745,0.3975
172.9250,-40.8745,0.3526
172.9750,-40.8745,0.3456
173.0250,-40.8745,0.3229
173.0750,-40.8745,0.3229
173.7750,-40.8745,0.2671
173.8250,-40.8745,0.2666
173.8750,-40.8745,0.2700
173.9250,-40.8745,0.2700
173.9750,-40.8745,0.2774
174.0750,-40.8745,0.2944
174.1250,-40.8745,0.2944
174.8750,-40.8745,0.4162
174.9250,-40.8745,0.4162
174.9750,-40.8745,0.4162
175.0250,-40.8745,0.4158
175.0750,-40.8745,0.4217
175.1250,-40.8745,0.4161
175.1750,-40.8745,0.4174
175.2250,-40.8745,0.4174
175.2750,-40.8745,0.4236
175.3250,-40.8745,0.4363
175.3750,-40.8745,0.4363
175.4250,-40.8745,0.4576
175.4750,-40.8745,0.4865
175.5250,-40.8745,0.4994
175.5750,-40.8745,0.4980
175.6250,-40.8745,0.5093
175.6750,-40.8745,0.5180
175.7250,-40.8745,0.5180
175.7750,-40.8745,0.5265
175.8250,-40.8745,0.5310
175.8750,-40.8745,0.5310
175.9250,-40.8745,0.5362
175.9750,-40.8745,0.5416
176.0250,-40.8745,0.5571
176.0750,-40.8745,0.5571
176.1250,-40.8745,0.5744
176.1750,-40.8745,0.5831
176.2250,-40.8745,0.5831
172.0750,-40.9245,0.4785
172.1250,-40.9245,0.4785
172.1750,-40.9245,0.4927
172.2250,-40.9245,0.4985
172.2750,-40.9245,0.5014
172.3250,-40.9245,0.5056
172.3750,-40.9245,0.5191
172.4250,-40.9245,0.5058
172.4750,-40.9245,0.5158
172.5250,-40.9245,0.5083
172.5750,-40.9245,0.5063
172.6250,-40.9245,0.4955
172.6750,-40.9245,0.4726
172.7250,-40.9245,0.4726
172.7750,-40.9245,0.4513
172.8250,-40.9245,0.4146
172.8750,-40.9245,0.4146
172.9250,-40.9245,0.3526
172.9750,-40.9245,0.3320
173.0250,-40.9245,0.3229
173.0750,-40.9245,0.3229
173.7250,-40.9245,0.2697
173.7750,-40.9245,0.2683
173.8250,-40.9245,0.2683
173.8750,-40.9245,0.2683
173.9250,-40.9245,0.2774
173.9750,-40.9245,0.2774
174.0250,-40.9245,0.2951
174.0750,-40.9245,0.2952
174.1250,-40.9245,0.2944
174.9750,-40.9245,0.4119
175.0250,-40.9245,0.4153
175.0750,-40.9245,0.4116
175.1250,-40.9245,0.4161
175.1750,-40.9245,0.4152
175.2250,-40.9245,0.4234
175.2750,-40.9245,0.4234
175.3250,-40.9245,0.4391
175.3750,-40.9245,0.4605
175.4250,-40.9245,0.4618
175.4750,-40.9245,0.4865
175.5250,-40.9245,0.5017
175.5750,-40.9245,0.5055
175.6250,-40.9245,0.5061
175.6750,-40.9245,0.5092
175.7250,-40.9245,0.5172
175.7750,-40.9245,0.5172
175.8250,-40.9245,0.5260
175.8750,-40.9245,0.5326
175.9250,-40.9245,0.5247
175.9750,-40.9245,0.5416
176.0250,-40.9245,0.5390
176.0750,-40.9245,0.5579
176.1250,-40.9245,0.5579
176.1750,-40.9245,0.5793
176.2250,-40.9245,0.5796
172.0750,-40.9745,0.4787
172.1250,-40.9745,0.5076
172.1750,-40.9745,0.5076
172.2250,-40.9745,0.5156
172.2750,-40.9745,0.5195
172.3250,-40.9745,0.5194
172.3750,-40.9745,0.5194
172.4250,-40.9745,0.5315
172.4750,-40.9745,0.5158
172.5250,-40.9745,0.5255
172.5750,-40.9745,0.5141
172.6250,-40.9745,0.5041
172.6750,-40.9745,0.4935
172.7250,-40.9745,0.4610
172.7750,-40.9745,0.4610
172.8250,-40.9745,0.4320
172.8750,-40.9745,0.3709
172.9250,-40.9745,0.3709
172.9750,-40.9745,0.3320
173.0250,-40.9745,0.3320
173.0750,-40.9745,0.3280
173.7250,-40.9745,0.2706
173.7750,-40.9745,0.2706
173.8250,-40.9745,0.2686
173.8750,-40.9745,0.2867
173.9250,-40.9745,0.2902
173.9750,-40.9745,0.2934
174.0250,-40.9745,0.2952
174.0750,-40.9745,0.2952
174.1250,-40.9745,0.2952
174.1750,-40.9745,0.3136
174.2250,-40.9745,0.3179
174.3250,-40.9745,0.3179
174.9250,-40.9745,0.4126
174.9750,-40.9745,0.4126
175.0250,-40.9745,0.4119
175.0750,-40.9745,0.4120
175.1250,-40.9745,0.4214
175.1750,-40.9745,0.4207
175.2250,-40.9745,0.4284
175.2750,-40.9745,0.4423
175.3250,-40.9745,0.4466
175.3750,-40.9745,0.4618
175.4250,-40.9745,0.4846
175.4750,-40.9745,0.4887
175.5250,-40.9745,0.5017
175.5750,-40.9745,0.4943
175.6250,-40.9745,0.4969
175.6750,-40.9745,0.5018
175.7250,-40.9745,0.5063
175.7750,-40.9745,0.5124
175.8250,-40.9745,0.5123
175.8750,-40.9745,0.5161
175.9250,-40.9745,0.5239
175.9750,-40.9745,0.5147
176.0250,-40.9745,0.5390
176.0750,-40.9745,0.5338
176.1250,-40.9745,0.5577
176.1750,-40.9745,0.5793
172.1250,-41.0245,0.5194
172.1750,-41.0245,0.5278
172.2250,-41.0245,0.5278
172.2750,-41.0245,0.5324
172.3250,-41.0245,0.5335
172.3750,-41.0245,0.5335
172.4250,-41.0245,0.5315
172.4750,-41.0245,0.5354
172.5250,-41.0245,0.5255
172.5750,-41.0245,0.5247
172.6250,-41.0245,0.5058
172.6750,-41.0245,0.4709
172.7250,-41.0245,0.4689
172.7750,-41.0245,0.4409
172.8250,-41.0245,0.4406
172.8750,-41.0245,0.3911
172.9250,-41.0245,0.3413
172.9750,-41.0245,0.3410
173.0250,-41.0245,0.3204
173.5750,-41.0245,0.2714
173.6250,-41.0245,0.2732
173.6750,-41.0245,0.2795
173.7250,-41.0245,0.2706
173.7750,-41.0245,0.2706
173.8250,-41.0245,0.2891
173.8750,-41.0245,0.2867
173.9250,-41.0245,0.2867
173.9750,-41.0245,0.2934
174.0250,-41.0245,0.2934
174.0750,-41.0245,0.3094
174.1250,-41.0245,0.3102
174.1750,-41.0245,0.3136
174.2250,-41.0245,0.3179
174.2750,-41.0245,0.3179
174.3250,-41.0245,0.3179
174.8250,-41.0245,0.4180
174.8750,-41.0245,0.4180
174.9250,-41.0245,0.4180
174.9750,-41.0245,0.4126
175.0250,-41.0245,0.4195
175.0750,-41.0245,0.4140
175.1250,-41.0245,0.4234
175.1750,-41.0245,0.4436
175.2250,-41.0245,0.4492
175.2750,-41.0245,0.4493
175.3250,-41.0245,0.4578
175.3750,-41.0245,0.4716
175.4250,-41.0245,0.4721
175.4750,-41.0245,0.4889
175.5250,-41.0245,0.4536
175.5750,-41.0245,0.4943
175.6250,-41.0245,0.4589
175.6750,-41.0245,0.4663
175.7250,-41.0245,0.4763
175.7750,-41.0245,0.4765
175.8250,-41.0245,0.4856
175.8750,-41.0245,0.4833
175.9250,-41.0245,0.4982
175.9750,-41.0245,0.5144
176.0250,-41.0245,0.4856
176.0750,-41.0245,0.5337
176.1250,-41.0245,0.5337
172.0750,-41.0745,0.5194
172.1250,-41.0745,0.5376
172.1750,-41.0745,0.5396
172.2250,-41.0745,0.5432
172.2750,-41.0745,0.5432
172.3250,-41.0745,0.5438
172.3750,-41.0745,0.5414
172.4250,-41.0745,0.5414
172.4750,-41.0745,0.5354
172.5250,-41.0745,0.5379
172.5750,-41.0745,0.5213
172.6250,-41.0745,0.5186
172.6750,-41.0745,0.4810
172.7250,-41.0745,0.4428
172.7750,-41.0745,0.4428
172.8250,-41.0745,0.3959
172.8750,-41.0745,0.3661
172.9250,-41.0745,0.3464
172.9750,-41.0745,0.3204
173.0250,-41.0745,0.3204
173.5250,-41.0745,0.2708
173.5750,-41.0745,0.2708
173.6250,-41.0745,0.2732
173.6750,-41.0745,0.2796
173.7250,-41.0745,0.2796
173.7750,-41.0745,0.2870
173.8250,-41.0745,0.2932
173.8750,-41.0745,0.2932
173.9250,-41.0745,0.2877
173.9750,-41.0745,0.2934
174.0250,-41.0745,0.3162
174.0750,-41.0745,0.3094
174.1250,-41.0745,0.3201
174.1750,-41.0745,0.3136
174.2250,-41.0745,0.3238
174.2750,-41.0745,0.3179
174.3250,-41.0745,0.3376
174.3750,-41.0745,0.3376
174.4250,-41.0745,0.3376
174.7750,-41.0745,0.4276
174.8250,-41.0745,0.4180
174.8750,-41.0745,0.4180
174.9250,-41.0745,0.4182
174.9750,-41.0745,0.4182
175.0250,-41.0745,0.4197
175.0750,-41.0745,0.4335
175.1250,-41.0745,0.4302
175.1750,-41.0745,0.4437
175.2250,-41.0745,0.4539
175.2750,-41.0745,0.4455
175.3250,-41.0745,0.4455
175.3750,-41.0745,0.4454
175.4250,-41.0745,0.4510
175.4750,-41.0745,0.4510
175.5250,-41.0745,0.4536
175.5750,-41.0745,0.4354
175.6250,-41.0745,0.4528
175.6750,-41.0745,0.4415
175.7250,-41.0745,0.4492
175.7750,-41.0745,0.4530
175.8250,-41.0745,0.4530
175.8750,-41.0745,0.4568
175.9250,-41.0745,0.4507
175.9750,-41.0745,0.4631
176.0250,-41.0745,0.4847
176.0750,-41.0745,0.4856
172.0750,-41.1245,0.5481
172.1250,-41.1245,0.5481
172.1750,-41.1245,0.5522
172.2250,-41.1245,0.5522
172.2750,-41.1245,0.5534
172.3250,-41.1245,0.5533
172.3750,-41.1245,0.5519
172.4250,-41.1245,0.5472
172.4750,-41.1245,0.5471
172.5250,-41.1245,0.5379
172.5750,-41.1245,0.5266
172.6250,-41.1245,0.4838
172.6750,-41.1245,0.4829
172.7250,-41.1245,0.4435
172.7750,-41.1245,0.3971
172.8250,-41.1245,0.3971
172.8750,-41.1245,0.3487
172.9250,-41.1245,0.3265
172.9750,-41.1245,0.3265
173.0250,-41.1245,0.3102
173.4250,-41.1245,0.2757
173.4750,-41.1245,0.2781
173.5250,-41.1245,0.2708
173.5750,-41.1245,0.2708
173.6250,-41.1245,0.2732
173.6750,-41.1245,0.2876
173.7250,-41.1245,0.2924
173.7750,-41.1245,0.2931
173.8250,-41.1245,0.2997
173.8750,-41.1245,0.2953
173.9250,-41.1245,0.3192
173.9750,-41.1245,0.3192
174.0250,-41.1245,0.3163
174.0750,-41.1245,0.3163
174.1250,-41.1245,0.3202
174.1750,-41.1245,0.3204
174.2250,-41.1245,0.3238
174.2750,-41.1245,0.3354
174.3250,-41.1245,0.3376
174.3750,-41.1245,0.3376
174.4250,-41.1245,0.3376
174.7750,-41.1245,0.4284
174.8250,-41.1245,0.4284
174.8750,-41.1245,0.4284
174.9250,-41.1245,0.4260
174.9750,-41.1245,0.4277
175.0250,-41.1245,0.4277
175.0750,-41.1245,0.4335
175.1250,-41.1245,0.4250
175.1750,-41.1245,0.4288
175.2250,-41.1245,0.4405
175.2750,-41.1245,0.4278
175.3250,-41.1245,0.4241
175.3750,-41.1245,0.4241
175.4250,-41.1245,0.4259
175.4750,-41.1245,0.4309
175.5250,-41.1245,0.4309
175.5750,-41.1245,0.4354
175.6250,-41.1245,0.4193
175.6750,-41.1245,0.4254
175.7250,-41.1245,0.4254
175.7750,-41.1245,0.4313
175.8250,-41.1245,0.4374
175.8750,-41.1245,0.4374
175.9250,-41.1245,0.4444
175.9750,-41.1245,0.4448
176.0250,-41.1245,0.4528
176.0750,-41.1245,0.4532
172.1250,-41.1745,0.5481
172.1750,-41.1745,0.5623
172.2250,-41.1745,0.5627
172.2750,-41.1745,0.5627
172.3250,-41.1745,0.5604
172.3750,-41.1745,0.5556
172.4250,-41.1745,0.5554
172.4750,-41.1745,0.5459
172.5250,-41.1745,0.5403
172.5750,-41.1745,0.5266
172.6250,-41.1745,0.5001
172.6750,-41.1745,0.4456
172.7250,-41.1745,0.4440
172.7750,-41.1745,0.3993
172.8250,-41.1745,0.3505
172.8750,-41.1745,0.3505
172.9250,-41.1745,0.3305
172.9750,-41.1745,0.3102
173.0250,-41.1745,0.3102
173.0750,-41.1745,0.3000
173.3250,-41.1745,0.2837
173.3750,-41.1745,0.2810
173.4250,-41.1745,0.2757
173.4750,-41.1745,0.2758
173.5250,-41.1745,0.2795
173.5750,-41.1745,0.2834
173.6250,-41.1745,0.2845
173.6750,-41.1745,0.2876
173.7250,-41.1745,0.3030
173.7750,-41.1745,0.3088
173.8250,-41.1745,0.3084
173.8750,-41.1745,0.3002
173.9250,-41.1745,0.3192
173.9750,-41.1745,0.3192
174.0250,-41.1745,0.3313
174.0750,-41.1745,0.3269
174.1250,-41.1745,0.3268
174.1750,-41.1745,0.3381
174.2250,-41.1745,0.3322
174.2750,-41.1745,0.3453
174.3250,-41.1745,0.3453
174.3750,-41.1745,0.3376
174.7250,-41.1745,0.4232
174.7750,-41.1745,0.4278
174.8250,-41.1745,0.4288
174.8750,-41.1745,0.4297
174.9250,-41.1745,0.4296
174.9750,-41.1745,0.4279
175.0250,-41.1745,0.4243
175.0750,-41.1745,0.4242
175.1250,-41.1745,0.4249
175.1750,-41.1745,0.4150
175.2250,-41.1745,0.4127
175.2750,-41.1745,0.4178
175.3250,-41.1745,0.4087
175.3750,-41.1745,0.4080
175.4250,-41.1745,0.4080
175.4750,-41.1745,0.4100
175.5250,-41.1745,0.4138
175.5750,-41.1745,0.4136
175.6250,-41.1745,0.4193
175.6750,-41.1745,0.4066
175.7250,-41.1745,0.4143
175.7750,-41.1745,0.4143
175.8250,-41.1745,0.4240
175.8750,-41.1745,0.4350
175.9250,-41.1745,0.4350
175.9750,-41.1745,0.4437
176.0250,-41.1745,0.4437
172.0750,-41.2245,0.5692
172.1250,-41.2245,0.5690
172.1750,-41.2245,0.5662
172.2250,-41.2245,0.5696
172.2750,-41.2245,0.5680
172.3250,-41.2245,0.5680
172.3750,-41.2245,0.5638
172.4250,-41.2245,0.5559
172.4750,-41.2245,0.5559
172.5250,-41.2245,0.5400
172.5750,-41.2245,0.5161
172.6250,-41.2245,0.5001
172.6750,-41.2245,0.4541
172.7250,-41.2245,0.4066
172.7750,-41.2245,0.3955
172.8250,-41.2245,0.3529
172.8750,-41.2245,0.3345
172.9250,-41.2245,0.3345
172.9750,-41.2245,0.3166
173.0250,-41.2245,0.3000
173.0750,-41.2245,0.3000
173.1250,-41.2245,0.2999
173.3250,-41.2245,0.2837
173.3750,-41.2245,0.2883
173.4250,-41.2245,0.2883
173.4750,-41.2245,0.2914
173.5250,-41.2245,0.2928
173.5750,-41.2245,0.2937
173.6250,-41.2245,0.2978
173.6750,-41.2245,0.3104
173.7250,-41.2245,0.3030
173.7750,-41.2245,0.3167
173.8250,-41.2245,0.3220
173.8750,-41.2245,0.3220
173.9250,-41.2245,0.3268
173.9750,-41.2245,0.3312
174.0250,-41.2245,0.3312
174.0750,-41.2245,0.3349
174.1250,-41.2245,0.3381
174.1750,-41.2245,0.3381
174.2250,-41.2245,0.3493
174.2750,-41.2245,0.3532
174.3250,-41.2245,0.3453
174.3750,-41.2245,0.3453
174.6250,-41.2245,0.4254
174.6750,-41.2245,0.4310
174.7250,-41.2245,0.4234
174.7750,-41.2245,0.4321
174.8250,-41.2245,0.4288
174.8750,-41.2245,0.4296
174.9250,-41.2245,0.4177
174.9750,-41.2245,0.4164
175.0250,-41.2245,0.4140
175.0750,-41.2245,0.4151
175.1250,-41.2245,0.4110
175.1750,-41.2245,0.4149
175.2250,-41.2245,0.4027
175.2750,-41.2245,0.3981
175.3250,-41.2245,0.4003
175.3750,-41.2245,0.3970
175.4250,-41.2245,0.3960
175.4750,-41.2245,0.3960
175.5250,-41.2245,0.3974
175.5750,-41.2245,0.4016
175.6250,-41.2245,0.3904
175.6750,-41.2245,0.4066
175.7250,-41.2245,0.3979
175.7750,-41.2245,0.4100
175.8250,-41.2245,0.4100
175.8750,-41.2245,0.4273
175.9250,-41.2245,0.4467
175.9750,-41.2245,0.4467
172.0750,-41.2745,0.5792
172.1250,-41.2745,0.5791
172.1750,-41.2745,0.5790
172.2250,-41.2745,0.5718
172.2750,-41.2745,0.5765
172.3250,-41.2745,0.5716
172.3750,-41.2745,0.5716
172.4250,-41.2745,0.5635
172.4750,-41.2745,0.5486
172.5250,-41.2745,0.5486
172.5750,-41.2745,0.5161
172.6250,-41.2745,0.4639
172.6750,-41.2745,0.4542
172.7250,-41.2745,0.4193
172.7750,-41.2745,0.3612
172.8250,-41.2745,0.3409
172.8750,-41.2745,0.3392
172.9250,-41.2745,0.3225
172.9750,-41.2745,0.3224
173.0250,-41.2745,0.3076
173.0750,-41.2745,0.3046
173.1250,-41.2745,0.2967
173.1750,-41.2745,0.2967
173.2250,-41.2745,0.2936
173.2750,-41.2745,0.2934
173.3250,-41.2745,0.2910
173.3750,-41.2745,0.2969
173.4250,-41.2745,0.3004
173.4750,-41.2745,0.3004
173.5250,-41.2745,0.3027
173.5750,-41.2745,0.3062
173.6250,-41.2745,0.3062
173.6750,-41.2745,0.3112
173.7250,-41.2745,0.3260
173.7750,-41.2745,0.3167
173.8250,-41.2745,0.3315
173.8750,-41.2745,0.3362
173.9250,-41.2745,0.3362
173.9750,-41.2745,0.3399
174.0250,-41.2745,0.3432
174.0750,-41.2745,0.3432
174.1250,-41.2745,0.3462
174.1750,-41.2745,0.3493
174.2250,-41.2745,0.3493
174.2750,-41.2745,0.3532
174.6250,-41.2745,0.4254
174.6750,-41.2745,0.4385
174.7250,-41.2745,0.4310
174.7750,-41.2745,0.4321
174.8250,-41.2745,0.4213
174.8750,-41.2745,0.4099
174.9250,-41.2745,0.4099
174.9750,-41.2745,0.4033
175.0250,-41.2745,0.4037
175.0750,-41.2745,0.4037
175.1250,-41.2745,0.4095
175.1750,-41.2745,0.3965
175.2250,-41.2745,0.4027
175.2750,-41.2745,0.3878
175.3250,-41.2745,0.3859
175.3750,-41.2745,0.3846
175.4250,-41.2745,0.3841
175.4750,-41.2745,0.3825
175.5250,-41.2745,0.3824
175.5750,-41.2745,0.3847
175.6250,-41.2745,0.3896
175.6750,-41.2745,0.3854
175.7250,-41.2745,0.3979
175.7750,-41.2745,0.3964
175.8250,-41.2745,0.4131
175.8750,-41.2745,0.4131
175.9250,-41.2745,0.4464
172.0750,-41.3245,0.5852
172.1250,-41.3245,0.5792
172.1750,-41.3245,0.5842
172.2250,-41.3245,0.5822
172.2750,-41.3245,0.5777
172.3250,-41.3245,0.5779
172.3750,-41.3245,0.5707
172.4250,-41.3245,0.5706
172.4750,-41.3245,0.5570
172.5250,-41.3245,0.5284
172.5750,-41.3245,0.5284
172.6250,-41.3245,0.4639
172.6750,-41.3245,0.4269
172.7250,-41.3245,0.4038
172.7750,-41.3245,0.3680
172.8250,-41.3245,0.3434
172.8750,-41.3245,0.3283
172.9250,-41.3245,0.3283
172.9750,-41.3245,0.3153
173.0250,-41.3245,0.3082
173.0750,-41.3245,0.3046
173.1250,-41.3245,0.2967
173.1750,-41.3245,0.2991
173.2250,-41.3245,0.3002
173.2750,-41.3245,0.2999
173.3250,-41.3245,0.3017
173.3750,-41.3245,0.2994
173.4250,-41.3245,0.3057
173.4750,-41.3245,0.3101
173.5250,-41.3245,0.3101
173.5750,-41.3245,0.3147
173.6250,-41.3245,0.3201
173.6750,-41.3245,0.3201
173.7250,-41.3245,0.3260
173.7750,-41.3245,0.3397
173.8250,-41.3245,0.3317
173.8750,-41.3245,0.3448
173.9250,-41.3245,0.3487
173.9750,-41.3245,0.3519
174.0250,-41.3245,0.3520
174.0750,-41.3245,0.3552
174.1250,-41.3245,0.3552
174.1750,-41.3245,0.3492
174.2250,-41.3245,0.3493
174.6250,-41.3245,0.4403
174.6750,-41.3245,0.4406
174.7250,-41.3245,0.4345
174.7750,-41.3245,0.4345
174.8250,-41.3245,0.4213
174.8750,-41.3245,0.4075
174.9250,-41.3245,0.4015
174.9750,-41.3245,0.4015
175.0250,-41.3245,0.4013
175.0750,-41.3245,0.4010
175.1250,-41.3245,0.4010
175.1750,-41.3245,0.3964
175.2250,-41.3245,0.3806
175.2750,-41.3245,0.3875
175.3250,-41.3245,0.3750
175.3750,-41.3245,0.3718
175.4250,-41.3245,0.3699
175.4750,-41.3245,0.3698
175.5250,-41.3245,0.3712
175.5750,-41.3245,0.3718
175.6250,-41.3245,0.3775
175.6750,-41.3245,0.3853
175.7250,-41.3245,0.3852
175.7750,-41.3245,0.3973
175.8250,-41.3245,0.4003
175.8750,-41.3245,0.4128
172.0250,-41.3745,0.5935
172.0750,-41.3745,0.5852
172.1250,-41.3745,0.5931
172.1750,-41.3745,0.5878
172.2250,-41.3745,0.5876
172.2750,-41.3745,0.5864
172.3250,-41.3745,0.5787
172.3750,-41.3745,0.5787
172.4250,-41.3745,0.5651
172.4750,-41.3745,0.5546
172.5250,-41.3745,0.5346
172.5750,-41.3745,0.4650
172.6250,-41.3745,0.4635
172.6750,-41.3745,0.4269
172.7250,-41.3745,0.3830
172.7750,-41.3745,0.3482
172.8250,-41.3745,0.3446
172.8750,-41.3745,0.3344
172.9250,-41.3745,0.3233
172.9750,-41.3745,0.3233
173.0250,-41.3745,0.3140
173.0750,-41.3745,0.3064
173.1250,-41.3745,0.3064
173.1750,-41.3745,0.3013
173.2250,-41.3745,0.3082
173.2750,-41.3745,0.2999
173.3250,-41.3745,0.3096
173.3750,-41.3745,0.3135
173.4250,-41.3745,0.3087
173.4750,-41.3745,0.3182
173.5250,-41.3745,0.3233
173.5750,-41.3745,0.3233
173.6250,-41.3745,0.3286
173.6750,-41.3745,0.3341
173.7250,-41.3745,0.3341
173.7750,-41.3745,0.3397
173.8250,-41.3745,0.3551
173.8750,-41.3745,0.3659
173.9250,-41.3745,0.3701
173.9750,-41.3745,0.3798
174.0250,-41.3745,0.3874
174.0750,-41.3745,0.3874
174.1250,-41.3745,0.3636
174.6750,-41.3745,0.4406
174.7250,-41.3745,0.4362
174.8250,-41.3745,0.4075
174.8750,-41.3745,0.4075
174.9250,-41.3745,0.4064
174.9750,-41.3745,0.4011
175.0250,-41.3745,0.4011
175.0750,-41.3745,0.3986
175.1250,-41.3745,0.3894
175.1750,-41.3745,0.3894
175.2250,-41.3745,0.3806
175.2750,-41.3745,0.3692
175.3250,-41.3745,0.3652
175.3750,-41.3745,0.3645
175.4250,-41.3745,0.3611
175.4750,-41.3745,0.3622
175.5250,-41.3745,0.3622
175.5750,-41.3745,0.3665
175.6250,-41.3745,0.3723
175.6750,-41.3745,0.3752
175.7250,-41.3745,0.3851
175.7750,-41.3745,0.3883
175.8250,-41.3745,0.4003
171.9750,-41.4245,0.5995
172.0250,-41.4245,0.5935
172.0750,-41.4245,0.5945
172.1250,-41.4245,0.5931
172.1750,-41.4245,0.5956
172.2250,-41.4245,0.5913
172.2750,-41.4245,0.5872
172.3250,-41.4245,0.5845
172.3750,-41.4245,0.5730
172.4250,-41.4245,0.5730
172.4750,-41.4245,0.5481
172.5250,-41.4245,0.4831
172.5750,-41.4245,0.4825
172.6250,-41.4245,0.4320
172.6750,-41.4245,0.3989
172.7250,-41.4245,0.3830
172.7750,-41.4245,0.3513
172.8250,-41.4245,0.3388
172.8750,-41.4245,0.3348
172.9250,-41.4245,0.3298
172.9750,-41.4245,0.3234
173.0250,-41.4245,0.3234
173.0750,-41.4245,0.3165
173.1250,-41.4245,0.3106
173.1750,-41.4245,0.3106
173.2250,-41.4245,0.3083
173.2750,-41.4245,0.3178
173.3250,-41.4245,0.3097
173.3750,-41.4245,0.3218
173.4250,-41.4245,0.3272
173.4750,-41.4245,0.3293
173.5250,-41.4245,0.3326
173.5750,-41.4245,0.3379
173.6250,-41.4245,0.3379
173.6750,-41.4245,0.3433
173.7250,-41.4245,0.3490
173.7750,-41.4245,0.3499
173.8250,-41.4245,0.3551
173.8750,-41.4245,0.4027
173.9250,-41.4245,0.4145
173.9750,-41.4245,0.4144
174.0250,-41.4245,0.4207
174.8750,-41.4245,0.4064
174.9250,-41.4245,0.4064
174.9750,-41.4245,0.4011
175.1750,-41.4245,0.3766
175.2250,-41.4245,0.3765
175.2750,-41.4245,0.3692
175.3250,-41.4245,0.3615
175.3750,-41.4245,0.3574
175.4250,-41.4245,0.3574
175.4750,-41.4245,0.3588
175.5250,-41.4245,0.3641
175.5750,-41.4245,0.3641
175.6250,-41.4245,0.3711
175.6750,-41.4245,0.3804
175.7250,-41.4245,0.3804
171.9750,-41.4745,0.5995
172.0250,-41.4745,0.5995
172.0750,-41.4745,0.5983
172.1250,-41.4745,0.6027
172.1750,-41.4745,0.5957
172.2250,-41.4745,0.5990
172.2750,-41.4745,0.5928
172.3250,-41.4745,0.5848
172.3750,-41.4745,0.5815
172.4250,-41.4745,0.5601
172.4750,-41.4745,0.5601
172.5250,-41.4745,0.5088
172.5750,-41.4745,0.4420
172.6250,-41.4745,0.4420
172.6750,-41.4745,0.3926
172.7250,-41.4745,0.3571
172.7750,-41.4745,0.3514
172.8250,-41.4745,0.3440
172.8750,-41.4745,0.3365
172.9250,-41.4745,0.3301
172.9750,-41.4745,0.3311
173.0250,-41.4745,0.3254
173.0750,-41.4745,0.3254
173.1250,-41.4745,0.3194
173.1750,-41.4745,0.3165
173.2250,-41.4745,0.3165
173.2750,-41.4745,0.3178
173.3250,-41.4745,0.3336
173.3750,-41.4745,0.3230
173.4250,-41.4745,0.3394
173.4750,-41.4745,0.3452
173.5250,-41.4745,0.3495
173.5750,-41.4745,0.3496
173.6250,-41.4745,0.3536
173.6750,-41.4745,0.3551
173.7250,-41.4745,0.3638
173.7750,-41.4745,0.3831
173.8250,-41.4745,0.4192
173.8750,-41.4745,0.4027
173.9250,-41.4745,0.4380
173.9750,-41.4745,0.4448
174.0250,-41.4745,0.4446
174.0750,-41.4745,0.4231
175.2250,-41.4745,0.3688
175.2750,-41.4745,0.3692
175.3250,-41.4745,0.3615
175.3750,-41.4745,0.3638
175.4250,-41.4745,0.3622
175.4750,-41.4745,0.3622
175.5250,-41.4745,0.3665
175.5750,-41.4745,0.3725
175.6250,-41.4745,0.3725
171.9250,-41.5245,0.6059
171.9750,-41.5245,0.6053
172.0250,-41.5245,0.6047
172.0750,-41.5245,0.6047
172.1250,-41.5245,0.6029
172.1750,-41.5245,0.6036
172.2250,-41.5245,0.5993
172.2750,-41.5245,0.5959
172.3250,-41.5245,0.5865
172.3750,-41.5245,0.5812
172.4250,-41.5245,0.5655
172.4750,-41.5245,0.5203
172.5250,-41.5245,0.5203
172.5750,-41.5245,0.4517
172.6250,-41.5245,0.4061
172.6750,-41.5245,0.4061
172.7250,-41.5245,0.3570
172.7750,-41.5245,0.3494
172.8250,-41.5245,0.3446
172.8750,-41.5245,0.3402
172.9250,-41.5245,0.3376
172.9750,-41.5245,0.3324
173.0250,-41.5245,0.3328
173.0750,-41.5245,0.3285
173.1250,-41.5245,0.3285
173.1750,-41.5245,0.3266
173.2250,-41.5245,0.3284
173.2750,-41.5245,0.3284
173.3250,-41.5245,0.3336
173.3750,-41.5245,0.3519
173.4250,-41.5245,0.3628
173.4750,-41.5245,0.3619
173.5250,-41.5245,0.3773
173.5750,-41.5245,0.3874
173.6250,-41.5245,0.3874
173.6750,-41.5245,0.3980
173.7250,-41.5245,0.4092
173.7750,-41.5245,0.4097
173.8250,-41.5245,0.4244
173.8750,-41.5245,0.4456
173.9250,-41.5245,0.4380
173.9750,-41.5245,0.4533
174.0250,-41.5245,0.4589
174.0750,-41.5245,0.4589
174.1250,-41.5245,0.4817
175.1750,-41.5245,0.3764
175.2250,-41.5245,0.3764
175.2750,-41.5245,0.3695
175.3250,-41.5245,0.3805
175.3750,-41.5245,0.3638
175.4250,-41.5245,0.3777
175.4750,-41.5245,0.3622
175.5250,-41.5245,0.3665
171.8750,-41.5745,0.6250
171.9250,-41.5745,0.6215
171.9750,-41.5745,0.6215
172.0250,-41.5745,0.6183
172.0750,-41.5745,0.6104
172.1250,-41.5745,0.6104
172.1750,-41.5745,0.6036
172.2250,-41.5745,0.6046
172.2750,-41.5745,0.5971
172.3250,-41.5745,0.5887
172.3750,-41.5745,0.5758
172.4250,-41.5745,0.5415
172.4750,-41.5745,0.5268
172.5250,-41.5745,0.4546
172.5750,-41.5745,0.4544
172.6250,-41.5745,0.4153
172.6750,-41.5745,0.3712
172.7250,-41.5745,0.3712
172.7750,-41.5745,0.3494
172.8250,-41.5745,0.3505
172.8750,-41.5745,0.3429
172.9250,-41.5745,0.3406
172.9750,-41.5745,0.3440
173.0250,-41.5745,0.3403
173.0750,-41.5745,0.3403
173.1250,-41.5745,0.3385
173.1750,-41.5745,0.3390
173.2250,-41.5745,0.3396
173.2750,-41.5745,0.3444
173.3250,-41.5745,0.3525
173.3750,-41.5745,0.3519
173.4250,-41.5745,0.3956
173.4750,-41.5745,0.4083
173.5250,-41.5745,0.4016
173.5750,-41.5745,0.4164
173.6250,-41.5745,0.4235
173.6750,-41.5745,0.4235
173.7250,-41.5745,0.4297
173.7750,-41.5745,0.4368
173.8250,-41.5745,0.4368
173.8750,-41.5745,0.4456
173.9250,-41.5745,0.4604
173.9750,-41.5745,0.4534
174.0250,-41.5745,0.4722
174.0750,-41.5745,0.4820
174.1250,-41.5745,0.4820
174.1750,-41.5745,0.4896
175.2250,-41.5745,0.3851
175.2750,-41.5745,0.3851
175.3250,-41.5745,0.3805
175.3750,-41.5745,0.3805
175.4250,-41.5745,0.3777
175.4750,-41.5745,0.3777
171.8250,-41.6245,0.6411
171.8750,-41.6245,0.6332
171.9250,-41.6245,0.6332
171.9750,-41.6245,0.6325
172.0250,-41.6245,0.6317
172.0750,-41.6245,0.6271
172.1250,-41.6245,0.6178
172.1750,-41.6245,0.6177
172.2250,-41.6245,0.6046
172.2750,-41.6245,0.5991
172.3250,-41.6245,0.5928
172.3750,-41.6245,0.5761
172.4250,-41.6245,0.5442
172.4750,-41.6245,0.4612
172.5250,-41.6245,0.4608
172.5750,-41.6245,0.4238
172.6250,-41.6245,0.4045
172.6750,-41.6245,0.3863
172.7250,-41.6245,0.3564
172.7750,-41.6245,0.3566
172.8250,-41.6245,0.3506
172.8750,-41.6245,0.3631
172.9250,-41.6245,0.3592
172.9750,-41.6245,0.3460
173.0250,-41.6245,0.3548
173.0750,-41.6245,0.3530
173.1250,-41.6245,0.3530
173.1750,-41.6245,0.3529
173.2250,-41.6245,0.3555
173.2750,-41.6245,0.3555
173.3250,-41.6245,0.3745
173.3750,-41.6245,0.4046
173.4250,-41.6245,0.3956
173.4750,-41.6245,0.4161
173.5250,-41.6245,0.4252
173.5750,-41.6245,0.4223
173.6250,-41.6245,0.4333
173.6750,-41.6245,0.4405
173.7250,-41.6245,0.4405
173.7750,-41.6245,0.4471
173.8250,-41.6245,0.4538
173.8750,-41.6245,0.4538
173.9250,-41.6245,0.4604
173.9750,-41.6245,0.4840
174.0250,-41.6245,0.4820
174.0750,-41.6245,0.4894
174.1250,-41.6245,0.4896
174.1750,-41.6245,0.4896
175.2250,-41.6245,0.3851
175.2750,-41.6245,0.3851
175.3250,-41.6245,0.3806
171.7250,-41.6745,0.6414
171.7750,-41.6745,0.6415
171.8250,-41.6745,0.6415
171.8750,-41.6745,0.6466
171.9250,-41.6745,0.6473
171.9750,-41.6745,0.6473
172.0250,-41.6745,0.6425
172.0750,-41.6745,0.6314
172.1250,-41.6745,0.6311
172.1750,-41.6745,0.6129
172.2250,-41.6745,0.6121
172.2750,-41.6745,0.5992
172.3250,-41.6745,0.5896
172.3750,-41.6745,0.5610
172.4250,-41.6745,0.5444
172.4750,-41.6745,0.4873
172.5250,-41.6745,0.4368
172.5750,-41.6745,0.4368
172.6250,-41.6745,0.4043
172.6750,-41.6745,0.3802
172.7250,-41.6745,0.3800
172.7750,-41.6745,0.3676
172.8250,-41.6745,0.3904
172.8750,-41.6745,0.3634
172.9250,-41.6745,0.4009
172.9750,-41.6745,0.3974
173.0250,-41.6745,0.3574
173.0750,-41.6745,0.3915
173.1250,-41.6745,0.3876
173.1750,-41.6745,0.3876
173.2250,-41.6745,0.3870
173.2750,-41.6745,0.3934
173.3250,-41.6745,0.3934
173.3750,-41.6745,0.4052
173.4250,-41.6745,0.4218
173.4750,-41.6745,0.4161
173.5250,-41.6745,0.4309
173.5750,-41.6745,0.4393
173.6250,-41.6745,0.4402
173.6750,-41.6745,0.4466
173.7250,-41.6745,0.4532
173.7750,-41.6745,0.4532
173.8250,-41.6745,0.4594
173.8750,-41.6745,0.4675
173.9250,-41.6745,0.4676
173.9750,-41.6745,0.4840
174.0250,-41.6745,0.4962
174.0750,-41.6745,0.4997
174.1250,-41.6745,0.4997
174.1750,-41.6745,0.4903
171.4750,-41.7245,0.5968
171.5250,-41.7245,0.5968
171.5750,-41.7245,0.6055
171.6250,-41.7245,0.6055
171.6750,-41.7245,0.6251
171.7250,-41.7245,0.6380
171.7750,-41.7245,0.6396
171.8250,-41.7245,0.6450
171.8750,-41.7245,0.6466
171.9250,-41.7245,0.6493
171.9750,-41.7245,0.6493
172.0250,-41.7245,0.6493
172.0750,-41.7245,0.6431
172.1250,-41.7245,0.6264
172.1750,-41.7245,0.6264
172.2250,-41.7245,0.6045
172.2750,-41.7245,0.5934
172.3250,-41.7245,0.5907
172.3750,-41.7245,0.5601
172.4250,-41.7245,0.4988
172.4750,-41.7245,0.4874
172.5250,-41.7245,0.4478
172.5750,-41.7245,0.4245
172.6250,-41.7245,0.4245
172.6750,-41.7245,0.4086
172.7250,-41.7245,0.4009
172.7750,-41.7245,0.4009
172.8250,-41.7245,0.4025
172.8750,-41.7245,0.4425
172.9250,-41.7245,0.4030
172.9750,-41.7245,0.4241
173.0250,-41.7245,0.4153
173.0750,-41.7245,0.3926
173.1250,-41.7245,0.4071
173.1750,-41.7245,0.4037
173.2250,-41.7245,0.4037
173.2750,-41.7245,0.4057
173.3250,-41.7245,0.4127
173.3750,-41.7245,0.4127
173.4250,-41.7245,0.4218
173.4750,-41.7245,0.4330
173.5250,-41.7245,0.4311
173.5750,-41.7245,0.4413
173.6250,-41.7245,0.4496
173.6750,-41.7245,0.4576
173.7250,-41.7245,0.4579
173.7750,-41.7245,0.4676
173.8250,-41.7245,0.4678
173.8750,-41.7245,0.4852
173.9250,-41.7245,0.4925
173.9750,-41.7245,0.4959
174.0250,-41.7245,0.4962
174.0750,-41.7245,0.5044
174.1250,-41.7245,0.5145
174.1750,-41.7245,0.5145
174.2250,-41.7245,0.5337
174.2750,-41.7245,0.5337
171.4750,-41.7745,0.5968
171.5250,-41.7745,0.5968
171.5750,-41.7745,0.6055
171.6250,-41.7745,0.6055
171.6750,-41.7745,0.6251
171.7250,-41.7745,0.6404
171.7750,-41.7745,0.6381
171.8250,-41.7745,0.6456
171.8750,-41.7745,0.6560
171.9250,-41.7745,0.6494
171.9750,-41.7745,0.6571
172.0250,-41.7745,0.6503
172.0750,-41.7745,0.6503
172.1250,-41.7745,0.6347
172.1750,-41.7745,0.6080
172.2250,-41.7745,0.6080
172.2750,-41.7745,0.5918
172.3250,-41.7745,0.5645
172.3750,-41.7745,0.5596
172.4250,-41.7745,0.4995
172.4750,-41.7745,0.4550
172.5250,-41.7745,0.4478
172.5750,-41.7745,0.4412
172.6250,-41.7745,0.4344
172.6750,-41.7745,0.4344
172.7250,-41.7745,0.4317
172.7750,-41.7745,0.4355
172.8250,-41.7745,0.4355
172.8750,-41.7745,0.4429
172.9250,-41.7745,0.4509
172.9750,-41.7745,0.4287
173.0250,-41.7745,0.4260
173.0750,-41.7745,0.4200
173.1250,-41.7745,0.4107
173.1750,-41.7745,0.4144
173.2250,-41.7745,0.4142
173.2750,-41.7745,0.4142
173.3250,-41.7745,0.4182
173.3750,-41.7745,0.4249
173.4250,-41.7745,0.4250
173.4750,-41.7745,0.4330
173.5250,-41.7745,0.4459
173.5750,-41.7745,0.4525
173.6250,-41.7745,0.4546
173.6750,-41.7745,0.4632
173.7250,-41.7745,0.4831
173.7750,-41.7745,0.4831
173.8250,-41.7745,0.4919
173.8750,-41.7745,0.4931
173.9250,-41.7745,0.4944
173.9750,-41.7745,0.4975
174.0250,-41.7745,0.5189
174.0750,-41.7745,0.5044
174.1250,-41.7745,0.5283
174.1750,-41.7745,0.5474
174.2250,-41.7745,0.5474
174.2750,-41.7745,0.5338
171.4750,-41.8245,0.5935
171.5250,-41.8245,0.5941
171.5750,-41.8245,0.6039
171.6250,-41.8245,0.6239
171.6750,-41.8245,0.6239
171.7250,-41.8245,0.6404
171.7750,-41.8245,0.6437
171.8250,-41.8245,0.6506
171.8750,-41.8245,0.6559
171.9250,-41.8245,0.6531
171.9750,-41.8245,0.6553
172.0250,-41.8245,0.6499
172.0750,-41.8245,0.6379
172.1250,-41.8245,0.6377
172.1750,-41.8245,0.6142
172.2250,-41.8245,0.5946
172.2750,-41.8245,0.5946
172.3250,-41.8245,0.5645
172.3750,-41.8245,0.5165
172.4250,-41.8245,0.5045
172.4750,-41.8245,0.4552
172.5250,-41.8245,0.4518
172.5750,-41.8245,0.4438
172.6250,-41.8245,0.4491
172.6750,-41.8245,0.4507
172.7250,-41.8245,0.4507
172.7750,-41.8245,0.4556
172.8250,-41.8245,0.4600
172.8750,-41.8245,0.4600
172.9250,-41.8245,0.4510
172.9750,-41.8245,0.4390
173.0250,-41.8245,0.4319
173.0750,-41.8245,0.4230
173.1250,-41.8245,0.4217
173.1750,-41.8245,0.4207
173.2250,-41.8245,0.4208
173.2750,-41.8245,0.4239
173.3250,-41.8245,0.4245
173.3750,-41.8245,0.4298
173.4250,-41.8245,0.4374
173.4750,-41.8245,0.4384
173.5250,-41.8245,0.4459
173.5750,-41.8245,0.4576
173.6250,-41.8245,0.4685
173.6750,-41.8245,0.4684
173.7250,-41.8245,0.4846
173.7750,-41.8245,0.4948
173.8250,-41.8245,0.4948
173.8750,-41.8245,0.5032
173.9250,-41.8245,0.5121
173.9750,-41.8245,0.5110
174.0250,-41.8245,0.5190
174.0750,-41.8245,0.5388
174.1250,-41.8245,0.5283
174.1750,-41.8245,0.5568
174.2250,-41.8245,0.5474
171.4250,-41.8745,0.5808
171.4750,-41.8745,0.5935
171.5250,-41.8745,0.6005
171.5750,-41.8745,0.6137
171.6250,-41.8745,0.6145
171.6750,-41.8745,0.6316
171.7250,-41.8745,0.6316
171.7750,-41.8745,0.6430
171.8250,-41.8745,0.6500
171.8750,-41.8745,0.6507
171.9250,-41.8745,0.6531
171.9750,-41.8745,0.6523
172.0250,-41.8745,0.6420
172.0750,-41.8745,0.6418
172.1250,-41.8745,0.6201
172.1750,-41.8745,0.6092
172.2250,-41.8745,0.5956
172.2750,-41.8745,0.5652
172.3250,-41.8745,0.5652
172.3750,-41.8745,0.5174
172.4250,-41.8745,0.4842
172.4750,-41.8745,0.4630
172.5250,-41.8745,0.4519
172.5750,-41.8745,0.4623
172.6250,-41.8745,0.4648
172.6750,-41.8745,0.4651
172.7250,-41.8745,0.4671
172.7750,-41.8745,0.4632
172.8250,-41.8745,0.4575
172.8750,-41.8745,0.4492
172.9250,-41.8745,0.4492
172.9750,-41.8745,0.4390
173.0250,-41.8745,0.4348
173.0750,-41.8745,0.4304
173.1250,-41.8745,0.4236
173.1750,-41.8745,0.4291
173.2250,-41.8745,0.4309
173.2750,-41.8745,0.4309
173.3250,-41.8745,0.4350
173.3750,-41.8745,0.4406
173.4250,-41.8745,0.4412
173.4750,-41.8745,0.4489
173.5250,-41.8745,0.4612
173.5750,-41.8745,0.4576
173.6250,-41.8745,0.4725
173.6750,-41.8745,0.4852
173.7250,-41.8745,0.4852
173.7750,-41.8745,0.4989
173.8250,-41.8745,0.5151
173.8750,-41.8745,0.5151
173.9250,-41.8745,0.5265
173.9750,-41.8745,0.5339
174.0250,-41.8745,0.5324
174.0750,-41.8745,0.5388
174.1250,-41.8745,0.5426
174.1750,-41.8745,0.5568
171.4250,-41.9245,0.5804
171.4750,-41.9245,0.5944
171.5250,-41.9245,0.5944
171.5750,-41.9245,0.6043
171.6250,-41.9245,0.6225
171.6750,-41.9245,0.6225
171.7250,-41.9245,0.6392
171.7750,-41.9245,0.6395
171.8250,-41.9245,0.6502
171.8750,-41.9245,0.6543
171.9250,-41.9245,0.6415
171.9750,-41.9245,0.6523
172.0250,-41.9245,0.6354
172.0750,-41.9245,0.6198
172.1250,-41.9245,0.6198
172.1750,-41.9245,0.5989
172.2250,-41.9245,0.5718
172.2750,-41.9245,0.5716
172.3250,-41.9245,0.5302
172.3750,-41.9245,0.5293
172.4250,-41.9245,0.4902
172.4750,-41.9245,0.4754
172.5250,-41.9245,0.4845
172.5750,-41.9245,0.4624
172.6250,-41.9245,0.4833
172.6750,-41.9245,0.4634
172.7250,-41.9245,0.4634
172.7750,-41.9245,0.4555
172.8250,-41.9245,0.4477
172.8750,-41.9245,0.4476
172.9250,-41.9245,0.4403
172.9750,-41.9245,0.4397
173.0250,-41.9245,0.4349
173.0750,-41.9245,0.4361
173.1250,-41.9245,0.4358
173.1750,-41.9245,0.4299
173.2250,-41.9245,0.4377
173.2750,-41.9245,0.4418
173.3250,-41.9245,0.4418
173.3750,-41.9245,0.4474
173.4250,-41.9245,0.4547
173.4750,-41.9245,0.4548
173.5250,-41.9245,0.4619
173.5750,-41.9245,0.4676
173.6250,-41.9245,0.4725
173.6750,-41.9245,0.4834
173.7250,-41.9245,0.5043
173.7750,-41.9245,0.5045
173.8250,-41.9245,0.5245
173.8750,-41.9245,0.5428
173.9250,-41.9245,0.5428
173.9750,-41.9245,0.5550
174.0250,-41.9245,0.5638
174.0750,-41.9245,0.5626
174.1250,-41.9245,0.5617
171.3750,-41.9745,0.5804
171.4250,-41.9745,0.5804
171.4750,-41.9745,0.5878
171.5250,-41.9745,0.5989
171.5750,-41.9745,0.5989
171.6250,-41.9745,0.6073
171.6750,-41.9745,0.6277
171.7250,-41.9745,0.6277
171.7750,-41.9745,0.6405
171.8250,-41.9745,0.6407
171.8750,-41.9745,0.6444
171.9250,-41.9745,0.6410
171.9750,-41.9745,0.6325
172.0250,-41.9745,0.6354
172.0750,-41.9745,0.6197
172.1250,-41.9745,0.6011
172.1750,-41.9745,0.6011
172.2250,-41.9745,0.5797
172.2750,-41.9745,0.5419
172.3250,-41.9745,0.5419
172.3750,-41.9745,0.5077
172.4250,-41.9745,0.5115
172.4750,-41.9745,0.4889
172.5250,-41.9745,0.4885
172.5750,-41.9745,0.4820
172.6250,-41.9745,0.4833
172.6750,-41.9745,0.4630
172.7250,-41.9745,0.4556
172.7750,-41.9745,0.4556
172.8250,-41.9745,0.4487
172.8750,-41.9745,0.4432
172.9250,-41.9745,0.4432
172.9750,-41.9745,0.4388
173.0250,-41.9745,0.4442
173.0750,-41.9745,0.4362
173.1250,-41.9745,0.4446
173.1750,-41.9745,0.4484
173.2250,-41.9745,0.4388
173.2750,-41.9745,0.4528
173.3250,-41.9745,0.4562
173.3750,-41.9745,0.4562
173.4250,-41.9745,0.4597
173.4750,-41.9745,0.4623
173.5250,-41.9745,0.4623
173.5750,-41.9745,0.4676
173.6250,-41.9745,0.4919
173.6750,-41.9745,0.4835
173.7250,-41.9745,0.5153
173.7750,-41.9745,0.5341
173.8250,-41.9745,0.5454
173.8750,-41.9745,0.5534
173.9250,-41.9745,0.5697
173.9750,-41.9745,0.5697
174.0250,-41.9745,0.5852
174.0750,-41.9745,0.5852
171.3750,-42.0245,0.5763
171.4250,-42.0245,0.5763
171.4750,-42.0245,0.5880
171.5250,-42.0245,0.5901
171.5750,-42.0245,0.5995
171.6250,-42.0245,0.5995
171.6750,-42.0245,0.6096
171.7250,-42.0245,0.6299
171.7750,-42.0245,0.6299
171.8250,-42.0245,0.6402
171.8750,-42.0245,0.6261
171.9250,-42.0245,0.6373
171.9750,-42.0245,0.6324
172.0250,-42.0245,0.6053
172.0750,-42.0245,0.6197
172.1250,-42.0245,0.5966
172.1750,-42.0245,0.5782
172.2250,-42.0245,0.5782
172.2750,-42.0245,0.5487
172.3250,-42.0245,0.5219
172.3750,-42.0245,0.5219
172.4250,-42.0245,0.5143
172.4750,-42.0245,0.5002
172.5250,-42.0245,0.5036
172.5750,-42.0245,0.4818
172.6250,-42.0245,0.4615
172.6750,-42.0245,0.4630
172.7250,-42.0245,0.4561
172.7750,-42.0245,0.4520
172.8250,-42.0245,0.4520
172.8750,-42.0245,0.4481
172.9250,-42.0245,0.4455
172.9750,-42.0245,0.4455
173.0250,-42.0245,0.4444
173.0750,-42.0245,0.4535
173.1250,-42.0245,0.4451
173.1750,-42.0245,0.4563
173.2250,-42.0245,0.4640
173.2750,-42.0245,0.4579
173.3250,-42.0245,0.4746
173.3750,-42.0245,0.4630
173.4250,-42.0245,0.4630
173.4750,-42.0245,0.4622
173.5250,-42.0245,0.4689
173.5750,-42.0245,0.4689
173.6250,-42.0245,0.4919
173.6750,-42.0245,0.5202
173.7250,-42.0245,0.5307
173.7750,-42.0245,0.5453
173.8250,-42.0245,0.5644
173.8750,-42.0245,0.5807
173.9250,-42.0245,0.5809
173.9750,-42.0245,0.5762
174.0250,-42.0245,0.5762
171.3250,-42.0745,0.5662
171.3750,-42.0745,0.5663
171.4250,-42.0745,0.5763
171.4750,-42.0745,0.5818
171.5250,-42.0745,0.5923
171.5750,-42.0745,0.5925
171.6250,-42.0745,0.6005
171.6750,-42.0745,0.6041
171.7250,-42.0745,0.6083
171.7750,-42.0745,0.6199
171.8250,-42.0745,0.6199
171.8750,-42.0745,0.6194
171.9250,-42.0745,0.6126
171.9750,-42.0745,0.6149
172.0250,-42.0745,0.6053
172.0750,-42.0745,0.5927
172.1250,-42.0745,0.5946
172.1750,-42.0745,0.5710
172.2250,-42.0745,0.5426
172.2750,-42.0745,0.5425
172.3250,-42.0745,0.5243
172.3750,-42.0745,0.5250
172.4250,-42.0745,0.5250
172.4750,-42.0745,0.4997
172.5250,-42.0745,0.4764
172.5750,-42.0745,0.4765
172.6250,-42.0745,0.4615
172.6750,-42.0745,0.4602
172.7250,-42.0745,0.4563
172.7750,-42.0745,0.4579
172.8250,-42.0745,0.4556
172.8750,-42.0745,0.4556
172.9250,-42.0745,0.4538
172.9750,-42.0745,0.4527
173.0250,-42.0745,0.4527
173.0750,-42.0745,0.4535
173.1250,-42.0745,0.4631
173.1750,-42.0745,0.4573
173.2250,-42.0745,0.4671
173.2750,-42.0745,0.4825
173.3250,-42.0745,0.4706
173.3750,-42.0745,0.4703
173.4250,-42.0745,0.4638
173.4750,-42.0745,0.4638
173.5250,-42.0745,0.4732
173.5750,-42.0745,0.4952
173.6250,-42.0745,0.4958
173.6750,-42.0745,0.5202
173.7250,-42.0745,0.5558
173.7750,-42.0745,0.5884
173.8250,-42.0745,0.5885
173.8750,-42.0745,0.5824
173.9250,-42.0745,0.5822
173.9750,-42.0745,0.5762
171.3250,-42.1245,0.5502
171.3750,-42.1245,0.5662
171.4250,-42.1245,0.5683
171.4750,-42.1245,0.5818
171.5250,-42.1245,0.5818
171.5750,-42.1245,0.5916
171.6250,-42.1245,0.5916
171.6750,-42.1245,0.5992
171.7250,-42.1245,0.6033
171.7750,-42.1245,0.6034
171.8250,-42.1245,0.6054
171.8750,-42.1245,0.6054
171.9250,-42.1245,0.6056
171.9750,-42.1245,0.6021
172.0250,-42.1245,0.6017
172.0750,-42.1245,0.5927
172.1250,-42.1245,0.5600
172.1750,-42.1245,0.5363
172.2250,-42.1245,0.5322
172.2750,-42.1245,0.5161
172.3250,-42.1245,0.5195
172.3750,-42.1245,0.5226
172.4250,-42.1245,0.5036
172.4750,-42.1245,0.5036
172.5250,-42.1245,0.4764
172.5750,-42.1245,0.4651
172.6250,-42.1245,0.4633
172.6750,-42.1245,0.4602
172.7250,-42.1245,0.4631
172.7750,-42.1245,0.4631
172.8250,-42.1245,0.4635
172.8750,-42.1245,0.4624
172.9250,-42.1245,0.4622
172.9750,-42.1245,0.4604
173.0250,-42.1245,0.4616
173.0750,-42.1245,0.4616
173.1250,-42.1245,0.4631
173.1750,-42.1245,0.4614
173.2250,-42.1245,0.4640
173.2750,-42.1245,0.4686
173.3250,-42.1245,0.4679
173.3750,-42.1245,0.4782
173.4250,-42.1245,0.4782
173.4750,-42.1245,0.4888
173.5250,-42.1245,0.4921
173.5750,-42.1245,0.5035
173.6250,-42.1245,0.5262
173.6750,-42.1245,0.5480
173.7250,-42.1245,0.5558
173.7750,-42.1245,0.5834
173.8250,-42.1245,0.5652
173.8750,-42.1245,0.5652
173.9250,-42.1245,0.5789
171.3250,-42.1745,0.5443
171.3750,-42.1745,0.5502
171.4250,-42.1745,0.5683
171.4750,-42.1745,0.5728
171.5250,-42.1745,0.5818
171.5750,-42.1745,0.5840
171.6250,-42.1745,0.5910
171.6750,-42.1745,0.5910
171.7250,-42.1745,0.5956
171.7750,-42.1745,0.5985
171.8250,-42.1745,0.5985
171.8750,-42.1745,0.5991
171.9250,-42.1745,0.5983
171.9750,-42.1745,0.5953
172.0250,-42.1745,0.5827
172.0750,-42.1745,0.5572
172.1250,-42.1745,0.5600
172.1750,-42.1745,0.5248
172.2250,-42.1745,0.5103
172.2750,-42.1745,0.5103
172.3250,-42.1745,0.5157
172.3750,-42.1745,0.5133
172.4250,-42.1745,0.5133
172.4750,-42.1745,0.4846
172.5250,-42.1745,0.4846
172.5750,-42.1745,0.4661
172.6250,-42.1745,0.4696
172.6750,-42.1745,0.4759
172.7250,-42.1745,0.4631
172.7750,-42.1745,0.4754
172.8250,-42.1745,0.4641
172.8750,-42.1745,0.4641
172.9250,-42.1745,0.4618
172.9750,-42.1745,0.4610
173.0250,-42.1745,0.4609
173.0750,-42.1745,0.4609
173.1250,-42.1745,0.4612
173.1750,-42.1745,0.4613
173.2250,-42.1745,0.4626
173.2750,-42.1745,0.4678
173.3250,-42.1745,0.4678
173.3750,-42.1745,0.4888
173.4250,-42.1745,0.4960
173.4750,-42.1745,0.4960
173.5250,-42.1745,0.5034
173.5750,-42.1745,0.5226
173.6250,-42.1745,0.5237
173.6750,-42.1745,0.5525
173.7250,-42.1745,0.5784
173.7750,-42.1745,0.5834
173.8250,-42.1745,0.5575
173.8750,-42.1745,0.5250
173.9250,-42.1745,0.5250
171.3250,-42.2245,0.5355
171.3750,-42.2245,0.5559
171.4250,-42.2245,0.5572
171.4750,-42.2245,0.5728
171.5250,-42.2245,0.5722
171.5750,-42.2245,0.5840
171.6250,-42.2245,0.5797
171.6750,-42.2245,0.5859
171.7250,-42.2245,0.5860
171.7750,-42.2245,0.5907
171.8250,-42.2245,0.5932
171.8750,-42.2245,0.5932
171.9250,-42.2245,0.5917
171.9750,-42.2245,0.5804
172.0250,-42.2245,0.5803
172.0750,-42.2245,0.5534
172.1250,-42.2245,0.5240
172.1750,-42.2245,0.5248
172.2250,-42.2245,0.5098
172.2750,-42.2245,0.5132
172.3250,-42.2245,0.5132
172.3750,-42.2245,0.5181
172.4250,-42.2245,0.4969
172.4750,-42.2245,0.4969
172.5250,-42.2245,0.4849
172.5750,-42.2245,0.4884
172.6250,-42.2245,0.4815
172.6750,-42.2245,0.4803
172.7250,-42.2245,0.4729
172.7750,-42.2245,0.4754
172.8250,-42.2245,0.4640
172.8750,-42.2245,0.4622
172.9250,-42.2245,0.4622
172.9750,-42.2245,0.4614
173.0250,-42.2245,0.4616
173.0750,-42.2245,0.4616
173.1250,-42.2245,0.4632
173.1750,-42.2245,0.4639
173.2250,-42.2245,0.4626
173.2750,-42.2245,0.4673
173.3250,-42.2245,0.4763
173.3750,-42.2245,0.4827
173.4250,-42.2245,0.4864
173.4750,-42.2245,0.4974
173.5250,-42.2245,0.4974
173.5750,-42.2245,0.5202
173.6250,-42.2245,0.5546
173.6750,-42.2245,0.5545
173.7250,-42.2245,0.5784
173.7750,-42.2245,0.5661
173.8250,-42.2245,0.5575
173.8750,-42.2245,0.5250
171.2750,-42.2744,0.5273
171.3250,-42.2744,0.5285
171.3750,-42.2744,0.5409
171.4250,-42.2744,0.5601
171.4750,-42.2744,0.5602
171.5250,-42.2744,0.5722
171.5750,-42.2744,0.5704
171.6250,-42.2744,0.5796
171.6750,-42.2744,0.5776
171.7250,-42.2744,0.5831
171.7750,-42.2744,0.5833
171.8250,-42.2744,0.5862
171.8750,-42.2744,0.5856
171.9250,-42.2744,0.5856
171.9750,-42.2744,0.5771
172.0250,-42.2744,0.5537
172.0750,-42.2744,0.5531
172.1250,-42.2744,0.5239
172.1750,-42.2744,0.5268
172.2250,-42.2744,0.5098
172.2750,-42.2744,0.5301
172.3250,-42.2744,0.5261
172.3750,-42.2744,0.5261
172.4250,-42.2744,0.5115
172.4750,-42.2744,0.5000
172.5250,-42.2744,0.5000
172.5750,-42.2744,0.4933
172.6250,-42.2744,0.4867
172.6750,-42.2744,0.4824
172.7250,-42.2744,0.4735
172.7750,-42.2744,0.4790
172.8250,-42.2744,0.4641
172.8750,-42.2744,0.4715
172.9250,-42.2744,0.4657
172.9750,-42.2744,0.4657
173.0250,-42.2744,0.4639
173.0750,-42.2744,0.4650
173.1250,-42.2744,0.4650
173.1750,-42.2744,0.4639
173.2250,-42.2744,0.4826
173.2750,-42.2744,0.4673
173.3250,-42.2744,0.4858
173.3750,-42.2744,0.4912
173.4250,-42.2744,0.4895
173.4750,-42.2744,0.5084
173.5250,-42.2744,0.5359
173.5750,-42.2744,0.5359
173.6250,-42.2744,0.5675
173.6750,-42.2744,0.5989
173.7250,-42.2744,0.5986
173.7750,-42.2744,0.5661
173.8250,-42.2744,0.5661
171.2750,-42.3244,0.5072
171.3250,-42.3244,0.5227
171.3750,-42.3244,0.5231
171.4250,-42.3244,0.5461
171.4750,-42.3244,0.5614
171.5250,-42.3244,0.5613
171.5750,-42.3244,0.5704
171.6250,-42.3244,0.5666
171.6750,-42.3244,0.5747
171.7250,-42.3244,0.5735
171.7750,-42.3244,0.5778
171.8250,-42.3244,0.5784
171.8750,-42.3244,0.5783
171.9250,-42.3244,0.5722
171.9750,-42.3244,0.5722
172.0250,-42.3244,0.5560
172.0750,-42.3244,0.5329
172.1250,-42.3244,0.5329
172.1750,-42.3244,0.5268
172.2250,-42.3244,0.5368
172.2750,-42.3244,0.5300
172.3250,-42.3244,0.5216
172.3750,-42.3244,0.5113
172.4250,-42.3244,0.5113
172.4750,-42.3244,0.5046
172.5250,-42.3244,0.4938
172.5750,-42.3244,0.4938
172.6250,-42.3244,0.4869
172.6750,-42.3244,0.4896
172.7250,-42.3244,0.4838
172.7750,-42.3244,0.4794
172.8250,-42.3244,0.4912
172.8750,-42.3244,0.4719
172.9250,-42.3244,0.4811
172.9750,-42.3244,0.4735
173.0250,-42.3244,0.4735
173.0750,-42.3244,0.4691
173.1250,-42.3244,0.4739
173.1750,-42.3244,0.4739
173.2250,-42.3244,0.4826
173.2750,-42.3244,0.5089
173.3250,-42.3244,0.4859
173.3750,-42.3244,0.5200
173.4250,-42.3244,0.5381
173.4750,-42.3244,0.5475
173.5250,-42.3244,0.5598
173.5750,-42.3244,0.5849
173.6250,-42.3244,0.5849
173.6750,-42.3244,0.6532
173.7250,-42.3244,0.5831
173.7750,-42.3244,0.5831
171.2250,-42.3744,0.4734
171.2750,-42.3744,0.5049
171.3250,-42.3744,0.5049
171.3750,-42.3744,0.5293
171.4250,-42.3744,0.5408
171.4750,-42.3744,0.5463
171.5250,-42.3744,0.5577
171.5750,-42.3744,0.5595
171.6250,-42.3744,0.5666
171.6750,-42.3744,0.5672
171.7250,-42.3744,0.5715
171.7750,-42.3744,0.5715
171.8250,-42.3744,0.5715
171.8750,-42.3744,0.5638
171.9250,-42.3744,0.5638
171.9750,-42.3744,0.5475
172.0250,-42.3744,0.5475
172.0750,-42.3744,0.5336
172.1250,-42.3744,0.5329
172.1750,-42.3744,0.5329
172.2250,-42.3744,0.5368
172.2750,-42.3744,0.5037
172.3250,-42.3744,0.5041
172.3750,-42.3744,0.4944
172.4250,-42.3744,0.4906
172.4750,-42.3744,0.4898
172.5250,-42.3744,0.4878
172.5750,-42.3744,0.4873
172.6250,-42.3744,0.4873
172.6750,-42.3744,0.4907
172.7250,-42.3744,0.5122
172.7750,-42.3744,0.4961
172.8250,-42.3744,0.4915
172.8750,-42.3744,0.5043
172.9250,-42.3744,0.4893
172.9750,-42.3744,0.4926
173.0250,-42.3744,0.4897
173.0750,-42.3744,0.4897
173.1250,-42.3744,0.4922
173.1750,-42.3744,0.5003
173.2250,-42.3744,0.5003
173.2750,-42.3744,0.5089
173.3250,-42.3744,0.5579
173.3750,-42.3744,0.5305
173.4250,-42.3744,0.5616
173.4750,-42.3744,0.5559
173.5250,-42.3744,0.5579
173.5750,-42.3744,0.5579
173.6250,-42.3744,0.5751
173.6750,-42.3744,0.5750
171.1750,-42.4244,0.4734
171.2250,-42.4244,0.4791
171.2750,-42.4244,0.4912
171.3250,-42.4244,0.5172
171.3750,-42.4244,0.5172
171.4250,-42.4244,0.5359
171.4750,-42.4244,0.5492
171.5250,-42.4244,0.5494
171.5750,-42.4244,0.5598
171.6250,-42.4244,0.5595
171.6750,-42.4244,0.5672
171.7250,-42.4244,0.5642
171.7750,-42.4244,0.5640
171.8250,-42.4244,0.5641
171.8750,-42.4244,0.5567
171.9250,-42.4244,0.5432
171.9750,-42.4244,0.5432
172.0250,-42.4244,0.5332
172.0750,-42.4244,0.5319
172.1250,-42.4244,0.5256
172.1750,-42.4244,0.5136
172.2250,-42.4244,0.4995
172.2750,-42.4244,0.5037
172.3250,-42.4244,0.4833
172.3750,-42.4244,0.4816
172.4250,-42.4244,0.4816
172.4750,-42.4244,0.4848
172.5250,-42.4244,0.4915
172.5750,-42.4244,0.4917
172.6250,-42.4244,0.5022
172.6750,-42.4244,0.5023
172.7250,-42.4244,0.5174
172.7750,-42.4244,0.5305
172.8250,-42.4244,0.5222
172.8750,-42.4244,0.5044
172.9250,-42.4244,0.5071
172.9750,-42.4244,0.5052
173.0250,-42.4244,0.5052
173.0750,-42.4244,0.5182
173.1250,-42.4244,0.5232
173.1750,-42.4244,0.5324
173.2250,-42.4244,0.5436
173.2750,-42.4244,0.5432
173.3250,-42.4244,0.5579
173.3750,-42.4244,0.5110
173.4250,-42.4244,0.5009
173.4750,-42.4244,0.5012
173.5250,-42.4244,0.5008
173.5750,-42.4244,0.5339
173.6250,-42.4244,0.5710
173.6750,-42.4244,0.5126
173.7250,-42.4244,0.5126
171.1750,-42.4744,0.4855
171.2250,-42.4744,0.4855
171.2750,-42.4744,0.5070
171.3250,-42.4744,0.5101
171.3750,-42.4744,0.5279
171.4250,-42.4744,0.5279
171.4750,-42.4744,0.5412
171.5250,-42.4744,0.5517
171.5750,-42.4744,0.5517
171.6250,-42.4744,0.5595
171.6750,-42.4744,0.5633
171.7250,-42.4744,0.5642
171.7750,-42.4744,0.5635
171.8250,-42.4744,0.5561
171.8750,-42.4744,0.5561
171.9250,-42.4744,0.5427
171.9750,-42.4744,0.5252
172.0250,-42.4744,0.5252
172.0750,-42.4744,0.5061
172.1250,-42.4744,0.4984
172.1750,-42.4744,0.4963
172.2250,-42.4744,0.4891
172.2750,-42.4744,0.5051
172.3250,-42.4744,0.4833
172.3750,-42.4744,0.5025
172.4250,-42.4744,0.5035
172.4750,-42.4744,0.5035
172.5250,-42.4744,0.5082
172.5750,-42.4744,0.5122
172.6250,-42.4744,0.5122
172.6750,-42.4744,0.5265
172.7250,-42.4744,0.5367
172.7750,-42.4744,0.5354
172.8250,-42.4744,0.5429
172.8750,-42.4744,0.5449
172.9250,-42.4744,0.5073
172.9750,-42.4744,0.5365
173.0250,-42.4744,0.5512
173.0750,-42.4744,0.5512
173.1250,-42.4744,0.5615
173.1750,-42.4744,0.5485
173.2250,-42.4744,0.5482
173.2750,-42.4744,0.5294
173.3250,-42.4744,0.4787
173.3750,-42.4744,0.5110
173.4250,-42.4744,0.4611
173.4750,-42.4744,0.4618
173.5250,-42.4744,0.4627
173.5750,-42.4744,0.5007
171.1250,-42.5244,0.4845
171.1750,-42.5244,0.4839
171.2250,-42.5244,0.4839
171.2750,-42.5244,0.5067
171.3250,-42.5244,0.5241
171.3750,-42.5244,0.5241
171.4250,-42.5244,0.5381
171.4750,-42.5244,0.5381
171.5250,-42.5244,0.5495
171.5750,-42.5244,0.5582
171.6250,-42.5244,0.5582
171.6750,-42.5244,0.5633
171.7250,-42.5244,0.5645
171.7750,-42.5244,0.5635
171.8250,-42.5244,0.5590
171.8750,-42.5244,0.5405
171.9250,-42.5244,0.5397
171.9750,-42.5244,0.5152
172.0250,-42.5244,0.5018
172.0750,-42.5244,0.5018
172.1250,-42.5244,0.4997
172.1750,-42.5244,0.5085
172.2250,-42.5244,0.5053
172.2750,-42.5244,0.5052
172.3250,-42.5244,0.5488
172.3750,-42.5244,0.5025
172.4250,-42.5244,0.5398
172.4750,-42.5244,0.5366
172.5250,-42.5244,0.5366
172.5750,-42.5244,0.5422
172.6250,-42.5244,0.5527
172.6750,-42.5244,0.5527
172.7250,-42.5244,0.5810
172.7750,-42.5244,0.6013
172.8250,-42.5244,0.5692
172.8750,-42.5244,0.5547
172.9250,-42.5244,0.5705
172.9750,-42.5244,0.5367
173.0250,-42.5244,0.5664
173.0750,-42.5244,0.5453
173.1250,-42.5244,0.5453
173.1750,-42.5244,0.5172
173.2250,-42.5244,0.4909
173.2750,-42.5244,0.4909
173.3250,-42.5244,0.4673
173.3750,-42.5244,0.4518
173.4250,-42.5244,0.4611
173.4750,-42.5244,0.4505
173.5250,-42.5244,0.4618
171.0750,-42.5744,0.4867
171.1250,-42.5744,0.4920
171.1750,-42.5744,0.4920
171.2250,-42.5744,0.5114
171.2750,-42.5744,0.5108
171.3250,-42.5744,0.5269
171.3750,-42.5744,0.5400
171.4250,-42.5744,0.5400
171.4750,-42.5744,0.5504
171.5250,-42.5744,0.5511
171.5750,-42.5744,0.5582
171.6250,-42.5744,0.5636
171.6750,-42.5744,0.5637
171.7250,-42.5744,0.5645
171.7750,-42.5744,0.5575
171.8250,-42.5744,0.5520
171.8750,-42.5744,0.5375
171.9250,-42.5744,0.5251
171.9750,-42.5744,0.5198
172.0250,-42.5744,0.5189
172.0750,-42.5744,0.5253
172.1250,-42.5744,0.5253
172.1750,-42.5744,0.5441
172.2250,-42.5744,0.5586
172.2750,-42.5744,0.5567
172.3250,-42.5744,0.5488
172.3750,-42.5744,0.5846
172.4250,-42.5744,0.5399
172.4750,-42.5744,0.5821
172.5250,-42.5744,0.5915
172.5750,-42.5744,0.5914
172.6250,-42.5744,0.5814
172.6750,-42.5744,0.5927
172.7250,-42.5744,0.5927
172.7750,-42.5744,0.6044
172.8250,-42.5744,0.5532
172.8750,-42.5744,0.5783
172.9250,-42.5744,0.5642
172.9750,-42.5744,0.5224
173.0250,-42.5744,0.5655
173.0750,-42.5744,0.5071
173.1250,-42.5744,0.4829
173.1750,-42.5744,0.4829
173.2250,-42.5744,0.4639
173.2750,-42.5744,0.4585
173.3250,-42.5744,0.4585
173.3750,-42.5744,0.4517
173.4250,-42.5744,0.4425
173.4750,-42.5744,0.4505
173.5250,-42.5744,0.4505
171.0750,-42.6244,0.4792
171.1250,-42.6244,0.5023
171.1750,-42.6244,0.4920
171.2250,-42.6244,0.5194
171.2750,-42.6244,0.5324
171.3250,-42.6244,0.5297
171.3750,-42.6244,0.5453
171.4250,-42.6244,0.5569
171.4750,-42.6244,0.5569
171.5250,-42.6244,0.5651
171.5750,-42.6244,0.5707
171.6250,-42.6244,0.5712
171.6750,-42.6244,0.5720
171.7250,-42.6244,0.5641
171.7750,-42.6244,0.5575
171.8250,-42.6244,0.5526
171.8750,-42.6244,0.5510
171.9250,-42.6244,0.5511
171.9750,-42.6244,0.5579
172.0250,-42.6244,0.5658
172.0750,-42.6244,0.5659
172.1250,-42.6244,0.5803
172.1750,-42.6244,0.5803
172.2250,-42.6244,0.6382
172.2750,-42.6244,0.6165
172.3250,-42.6244,0.6165
172.3750,-42.6244,0.5846
172.4250,-42.6244,0.5579
172.4750,-42.6244,0.5743
172.5250,-42.6244,0.5516
172.5750,-42.6244,0.5519
172.6250,-42.6244,0.5519
172.6750,-42.6244,0.5490
172.7250,-42.6244,0.5612
172.7750,-42.6244,0.5612
172.8250,-42.6244,0.5520
172.8750,-42.6244,0.4837
172.9250,-42.6244,0.5371
172.9750,-42.6244,0.5150
173.0250,-42.6244,0.4637
173.0750,-42.6244,0.4918
173.1250,-42.6244,0.4628
173.1750,-42.6244,0.4584
173.2250,-42.6244,0.4584
173.2750,-42.6244,0.4538
173.3250,-42.6244,0.4482
173.3750,-42.6244,0.4482
173.4250,-42.6244,0.4424
173.4750,-42.6244,0.4425
170.9750,-42.6744,0.4990
171.0250,-42.6744,0.4792
171.0750,-42.6744,0.4792
171.1250,-42.6744,0.5023
171.1750,-42.6744,0.5360
171.2250,-42.6744,0.5195
171.2750,-42.6744,0.5461
171.3250,-42.6744,0.5572
171.3750,-42.6744,0.5499
171.4250,-42.6744,0.5711
171.4750,-42.6744,0.5801
171.5250,-42.6744,0.5801
171.5750,-42.6744,0.5790
171.6250,-42.6744,0.5681
171.6750,-42.6744,0.5681
171.7250,-42.6744,0.5585
171.7750,-42.6744,0.5953
171.8250,-42.6744,0.5526
171.8750,-42.6744,0.6020
171.9250,-42.6744,0.6003
171.9750,-42.6744,0.5996
172.0250,-42.6744,0.6059
172.0750,-42.6744,0.6000
172.1250,-42.6744,0.6000
172.1750,-42.6744,0.6031
172.2250,-42.6744,0.6025
172.2750,-42.6744,0.6067
172.3250,-42.6744,0.5737
172.3750,-42.6744,0.5601
172.4250,-42.6744,0.5579
172.4750,-42.6744,0.4900
172.5250,-42.6744,0.4879
172.5750,-42.6744,0.4863
172.6250,-42.6744,0.4910
172.6750,-42.6744,0.4943
172.7250,-42.6744,0.4949
172.7750,-42.6744,0.4950
172.8250,-42.6744,0.4950
172.8750,-42.6744,0.4811
172.9250,-42.6744,0.4552
172.9750,-42.6744,0.4668
173.0250,-42.6744,0.4627
173.0750,-42.6744,0.4548
173.1250,-42.6744,0.4539
173.1750,-42.6744,0.4536
173.2250,-42.6744,0.4505
173.2750,-42.6744,0.4505
173.3250,-42.6744,0.4414
173.3750,-42.6744,0.4323
173.4250,-42.6744,0.4323
170.9250,-42.7244,0.5172
170.9750,-42.7244,0.4991
171.0250,-42.7244,0.4990
171.0750,-42.7244,0.5217
171.1250,-42.7244,0.5239
171.1750,-42.7244,0.5360
171.2250,-42.7244,0.5633
171.2750,-42.7244,0.5542
171.3250,-42.7244,0.5694
171.3750,-42.7244,0.5819
171.4250,-42.7244,0.5900
171.4750,-42.7244,0.5949
171.5250,-42.7244,0.5878
171.5750,-42.7244,0.5878
171.6250,-42.7244,0.5764
171.6750,-42.7244,0.5740
171.7250,-42.7244,0.5740
171.7750,-42.7244,0.5956
171.8250,-42.7244,0.6717
171.8750,-42.7244,0.6020
171.9250,-42.7244,0.5946
171.9750,-42.7244,0.5673
172.0250,-42.7244,0.5697
172.0750,-42.7244,0.5567
172.1250,-42.7244,0.5502
172.1750,-42.7244,0.5502
172.2250,-42.7244,0.5475
172.2750,-42.7244,0.5258
172.3250,-42.7244,0.5289
172.3750,-42.7244,0.5036
172.4250,-42.7244,0.4587
172.4750,-42.7244,0.4900
172.5250,-42.7244,0.4562
172.5750,-42.7244,0.4565
172.6250,-42.7244,0.4565
172.6750,-42.7244,0.4586
172.7250,-42.7244,0.4583
172.7750,-42.7244,0.4583
172.8250,-42.7244,0.4563
172.8750,-42.7244,0.4557
172.9250,-42.7244,0.4545
172.9750,-42.7244,0.4456
173.0250,-42.7244,0.4458
173.0750,-42.7244,0.4538
173.1250,-42.7244,0.4449
173.1750,-42.7244,0.4437
173.2250,-42.7244,0.4437
173.2750,-42.7244,0.4362
173.3250,-42.7244,0.4334
173.3750,-42.7244,0.4259
173.4250,-42.7244,0.4260
170.8750,-42.7744,0.5069
170.9250,-42.7744,0.5192
170.9750,-42.7744,0.5173
171.0250,-42.7744,0.5411
171.0750,-42.7744,0.5411
171.1250,-42.7744,0.5560
171.1750,-42.7744,0.5859
171.2250,-42.7744,0.5633
171.2750,-42.7744,0.5938
171.3250,-42.7744,0.5941
171.3750,-42.7744,0.5892
171.4250,-42.7744,0.5917
171.4750,-42.7744,0.5882
171.5250,-42.7744,0.5882
171.5750,-42.7744,0.5895
171.6250,-42.7744,0.5895
171.6750,-42.7744,0.5897
171.7250,-42.7744,0.6049
171.7750,-42.7744,0.6049
171.8250,-42.7744,0.6717
171.8750,-42.7744,0.5568
171.9250,-42.7744,0.5945
171.9750,-42.7744,0.5268
172.0250,-42.7744,0.5020
172.0750,-42.7744,0.5112
172.1250,-42.7744,0.4840
172.1750,-42.7744,0.4746
172.2250,-42.7744,0.4746
172.2750,-42.7744,0.4636
172.3250,-42.7744,0.4585
172.3750,-42.7744,0.4598
172.4250,-42.7744,0.4574
172.4750,-42.7744,0.4486
172.5250,-42.7744,0.4562
172.5750,-42.7744,0.4482
172.6250,-42.7744,0.4481
172.6750,-42.7744,0.4481
172.7250,-42.7744,0.4475
172.7750,-42.7744,0.4461
172.8250,-42.7744,0.4461
172.8750,-42.7744,0.4449
172.9250,-42.7744,0.4401
172.9750,-42.7744,0.4451
173.0250,-42.7744,0.4375
173.0750,-42.7744,0.4372
173.1250,-42.7744,0.4441
173.1750,-42.7744,0.4365
173.2250,-42.7744,0.4282
173.2750,-42.7744,0.4282
173.3250,-42.7744,0.4175
173.3750,-42.7744,0.4175
170.8250,-42.8244,0.5069
170.8750,-42.8244,0.5069
170.9250,-42.8244,0.5324
170.9750,-42.8244,0.5324
171.0250,-42.8244,0.5593
171.0750,-42.8244,0.5842
171.1250,-42.8244,0.5842
171.1750,-42.8244,0.5922
171.2250,-42.8244,0.6430
171.2750,-42.8244,0.5938
171.3250,-42.8244,0.6172
171.3750,-42.8244,0.6025
171.4250,-42.8244,0.5940
171.4750,-42.8244,0.5982
171.5250,-42.8244,0.5899
171.5750,-42.8244,0.5899
171.6250,-42.8244,0.5721
171.6750,-42.8244,0.5711
171.7250,-42.8244,0.5642
171.7750,-42.8244,0.5686
171.8250,-42.8244,0.5684
171.8750,-42.8244,0.5568
171.9250,-42.8244,0.5028
171.9750,-42.8244,0.5230
172.0250,-42.8244,0.4765
172.0750,-42.8244,0.4594
172.1250,-42.8244,0.4608
172.1750,-42.8244,0.4536
172.2250,-42.8244,0.4508
172.2750,-42.8244,0.4508
172.3250,-42.8244,0.4484
172.3750,-42.8244,0.4478
172.4250,-42.8244,0.4482
172.4750,-42.8244,0.4486
172.5250,-42.8244,0.4390
172.5750,-42.8244,0.4482
172.6250,-42.8244,0.4387
172.6750,-42.8244,0.4390
172.7250,-42.8244,0.4390
172.7750,-42.8244,0.4392
172.8250,-42.8244,0.4391
172.8750,-42.8244,0.4391
172.9250,-42.8244,0.4387
172.9750,-42.8244,0.4290
173.0250,-42.8244,0.4370
173.0750,-42.8244,0.4260
173.1250,-42.8244,0.4229
173.1750,-42.8244,0.4348
173.2250,-42.8244,0.4169
173.2750,-42.8244,0.4064
173.3250,-42.8244,0.4064
173.3750,-42.8244,0.4168
170.7750,-42.8744,0.5245
170.8250,-42.8744,0.5245
170.8750,-42.8744,0.5465
170.9250,-42.8744,0.5466
170.9750,-42.8744,0.5716
171.0250,-42.8744,0.5719
171.0750,-42.8744,0.6041
171.1250,-42.8744,0.6777
171.1750,-42.8744,0.6777
171.2250,-42.8744,0.6433
171.2750,-42.8744,0.6120
171.3250,-42.8744,0.6174
171.3750,-42.8744,0.5949
171.4250,-42.8744,0.5859
171.4750,-42.8744,0.5973
171.5250,-42.8744,0.5694
171.5750,-42.8744,0.5500
171.6250,-42.8744,0.5500
171.6750,-42.8744,0.5383
171.7250,-42.8744,0.5327
171.7750,-42.8744,0.5323
171.8250,-42.8744,0.5223
171.8750,-42.8744,0.5163
171.9250,-42.8744,0.5028
171.9750,-42.8744,0.4771
172.0250,-42.8744,0.4612
172.0750,-42.8744,0.4599
172.1250,-42.8744,0.4506
172.1750,-42.8744,0.4447
172.2250,-42.8744,0.4446
172.2750,-42.8744,0.4418
172.3250,-42.8744,0.4418
172.3750,-42.8744,0.4403
172.4250,-42.8744,0.4393
172.4750,-42.8744,0.4394
172.5250,-42.8744,0.4390
172.5750,-42.8744,0.4326
172.6250,-42.8744,0.4384
172.6750,-42.8744,0.4344
172.7250,-42.8744,0.4340
172.7750,-42.8744,0.4340
172.8250,-42.8744,0.4331
172.8750,-42.8744,0.4316
172.9250,-42.8744,0.4316
172.9750,-42.8744,0.4289
173.0250,-42.8744,0.4193
173.0750,-42.8744,0.4251
173.1250,-42.8744,0.4110
173.1750,-42.8744,0.4024
173.2250,-42.8744,0.4126
173.2750,-42.8744,0.3931
173.3250,-42.8744,0.4055
170.6750,-42.9244,0.5178
170.7250,-42.9244,0.5178
170.7750,-42.9244,0.5377
170.8250,-42.9244,0.5245
170.8750,-42.9244,0.5580
170.9250,-42.9244,0.5801
170.9750,-42.9244,0.5801
171.0250,-42.9244,0.6050
171.0750,-42.9244,0.6435
171.1250,-42.9244,0.6706
171.1750,-42.9244,0.6579
171.2250,-42.9244,0.6578
171.2750,-42.9244,0.6120
171.3250,-42.9244,0.5749
171.3750,-42.9244,0.5946
171.4250,-42.9244,0.5688
171.4750,-42.9244,0.5495
171.5250,-42.9244,0.5679
171.5750,-42.9244,0.5388
171.6250,-42.9244,0.5309
171.6750,-42.9244,0.5309
171.7250,-42.9244,0.5231
171.7750,-42.9244,0.5114
171.8250,-42.9244,0.5114
171.8750,-42.9244,0.4960
171.9250,-42.9244,0.4652
171.9750,-42.9244,0.4771
172.0250,-42.9244,0.4583
172.0750,-42.9244,0.4507
172.1250,-42.9244,0.4507
172.1750,-42.9244,0.4428
172.2250,-42.9244,0.4390
172.2750,-42.9244,0.4390
172.3250,-42.9244,0.4369
172.3750,-42.9244,0.4369
172.4250,-42.9244,0.4340
172.4750,-42.9244,0.4326
172.5250,-42.9244,0.4323
172.5750,-42.9244,0.4326
172.6250,-42.9244,0.4251
172.6750,-42.9244,0.4285
172.7250,-42.9244,0.4275
172.7750,-42.9244,0.4269
172.8250,-42.9244,0.4271
172.8750,-42.9244,0.4285
172.9250,-42.9244,0.4282
172.9750,-42.9244,0.4282
173.0250,-42.9244,0.4193
173.0750,-42.9244,0.3999
173.1250,-42.9244,0.4098
173.1750,-42.9244,0.3891
173.2250,-42.9244,0.3785
173.2750,-42.9244,0.3904
170.5750,-42.9744,0.5150
170.6250,-42.9744,0.5161
170.6750,-42.9744,0.5353
170.7250,-42.9744,0.5178
170.7750,-42.9744,0.5397
170.8250,-42.9744,0.5725
170.8750,-42.9744,0.5581
170.9250,-42.9744,0.5912
170.9750,-42.9744,0.6002
171.0250,-42.9744,0.6002
171.0750,-42.9744,0.5949
171.1250,-42.9744,0.5946
171.1750,-42.9744,0.5946
171.2250,-42.9744,0.5857
171.2750,-42.9744,0.5852
171.3250,-42.9744,0.5749
171.3750,-42.9744,0.5488
171.4250,-42.9744,0.5618
171.4750,-42.9744,0.5460
171.5250,-42.9744,0.5343
171.5750,-42.9744,0.5340
171.6250,-42.9744,0.5295
171.6750,-42.9744,0.5191
171.7250,-42.9744,0.5191
171.7750,-42.9744,0.5050
171.8250,-42.9744,0.4846
171.8750,-42.9744,0.4846
171.9250,-42.9744,0.4640
171.9750,-42.9744,0.4557
172.0250,-42.9744,0.4583
172.0750,-42.9744,0.4505
172.1250,-42.9744,0.4442
172.1750,-42.9744,0.4441
172.2250,-42.9744,0.4387
172.2750,-42.9744,0.4352
172.3250,-42.9744,0.4352
172.3750,-42.9744,0.4298
172.4250,-42.9744,0.4282
172.4750,-42.9744,0.4244
172.5250,-42.9744,0.4226
172.5750,-42.9744,0.4173
172.6250,-42.9744,0.4251
172.6750,-42.9744,0.4197
172.7250,-42.9744,0.4224
172.7750,-42.9744,0.4224
172.8250,-42.9744,0.4231
172.8750,-42.9744,0.4251
172.9250,-42.9744,0.4254
172.9750,-42.9744,0.4163
173.0250,-42.9744,0.4161
173.0750,-42.9744,0.3999
173.1250,-42.9744,0.3801
173.1750,-42.9744,0.3880
173.2250,-42.9744,0.3785
170.4250,-43.0244,0.4854
170.4750,-43.0244,0.4912
170.5250,-43.0244,0.4912
170.5750,-43.0244,0.5150
170.6250,-43.0244,0.5154
170.6750,-43.0244,0.5356
170.7250,-43.0244,0.5685
170.7750,-43.0244,0.5546
170.8250,-43.0244,0.5726
170.8750,-43.0244,0.5871
170.9250,-43.0244,0.5908
170.9750,-43.0244,0.5797
171.0250,-43.0244,0.5726
171.0750,-43.0244,0.5726
171.1250,-43.0244,0.5662
171.1750,-43.0244,0.5651
171.2250,-43.0244,0.5651
171.2750,-43.0244,0.5615
171.3250,-43.0244,0.5479
171.3750,-43.0244,0.5487
171.4250,-43.0244,0.5309
171.4750,-43.0244,0.5267
171.5250,-43.0244,0.5333
171.5750,-43.0244,0.5202
171.6250,-43.0244,0.5113
171.6750,-43.0244,0.5110
171.7250,-43.0244,0.5000
171.7750,-43.0244,0.5000
171.8250,-43.0244,0.4813
171.8750,-43.0244,0.4617
171.9250,-43.0244,0.4617
171.9750,-43.0244,0.4557
172.0250,-43.0244,0.4467
172.0750,-43.0244,0.4505
172.1250,-43.0244,0.4422
172.1750,-43.0244,0.4370
172.2250,-43.0244,0.4371
172.2750,-43.0244,0.4322
172.3250,-43.0244,0.4281
172.3750,-43.0244,0.4281
172.4250,-43.0244,0.4204
172.4750,-43.0244,0.4154
172.5250,-43.0244,0.4163
172.5750,-43.0244,0.4164
172.6250,-43.0244,0.4098
172.6750,-43.0244,0.4197
172.7250,-43.0244,0.4151
172.7750,-43.0244,0.4176
172.8250,-43.0244,0.4176
172.8750,-43.0244,0.4122
172.9250,-43.0244,0.4028
172.9750,-43.0244,0.4028
173.0250,-43.0244,0.3932
173.0750,-43.0244,0.3932
173.1250,-43.0244,0.3801
170.3250,-43.0744,0.4844
170.3750,-43.0744,0.4813
170.4250,-43.0744,0.4813
170.4750,-43.0744,0.5078
170.5250,-43.0744,0.5305
170.5750,-43.0744,0.5305
170.6250,-43.0744,0.5510
170.6750,-43.0744,0.5637
170.7250,-43.0744,0.5701
170.7750,-43.0744,0.5886
170.8250,-43.0744,0.5818
170.8750,-43.0744,0.5871
170.9250,-43.0744,0.5631
170.9750,-43.0744,0.5639
171.0250,-43.0744,0.5537
171.0750,-43.0744,0.5469
171.1250,-43.0744,0.5469
171.1750,-43.0744,0.5442
171.2250,-43.0744,0.5430
171.2750,-43.0744,0.5430
171.3250,-43.0744,0.5371
171.3750,-43.0744,0.5275
171.4250,-43.0744,0.5307
171.4750,-43.0744,0.5233
171.5250,-43.0744,0.5164
171.5750,-43.0744,0.5200
171.6250,-43.0744,0.5049
171.6750,-43.0744,0.4869
171.7250,-43.0744,0.4869
171.7750,-43.0744,0.4720
171.8250,-43.0744,0.4711
171.8750,-43.0744,0.4595
171.9250,-43.0744,0.4524
171.9750,-43.0744,0.4524
172.0250,-43.0744,0.4467
172.0750,-43.0744,0.4411
172.1250,-43.0744,0.4421
172.1750,-43.0744,0.4366
172.2250,-43.0744,0.4320
172.2750,-43.0744,0.4313
172.3250,-43.0744,0.4261
172.3750,-43.0744,0.4194
172.4250,-43.0744,0.4194
172.4750,-43.0744,0.4123
172.5250,-43.0744,0.4095
172.5750,-43.0744,0.4095
172.6250,-43.0744,0.4098
172.6750,-43.0744,0.4036
172.7250,-43.0744,0.4151
172.7750,-43.0744,0.4073
172.8250,-43.0744,0.3930
172.8750,-43.0744,0.3930
172.9250,-43.0744,0.3827
172.9750,-43.0744,0.3829
173.0250,-43.0744,0.3933
170.2250,-43.1244,0.4641
170.2750,-43.1244,0.4641
170.3250,-43.1244,0.4951
170.3750,-43.1244,0.4951
170.4250,-43.1244,0.5216
170.4750,-43.1244,0.5219
170.5250,-43.1244,0.5457
170.5750,-43.1244,0.5678
170.6250,-43.1244,0.5678
170.6750,-43.1244,0.5865
170.7250,-43.1244,0.5723
170.7750,-43.1244,0.5915
170.8250,-43.1244,0.5749
170.8750,-43.1244,0.5469
170.9250,-43.1244,0.5631
170.9750,-43.1244,0.5366
171.0250,-43.1244,0.5327
171.0750,-43.1244,0.5325
171.1250,-43.1244,0.5306
171.1750,-43.1244,0.5306
171.2250,-43.1244,0.5303
171.2750,-43.1244,0.5296
171.3250,-43.1244,0.5296
171.3750,-43.1244,0.5272
171.4250,-43.1244,0.5156
171.4750,-43.1244,0.5231
171.5250,-43.1244,0.5103
171.5750,-43.1244,0.4948
171.6250,-43.1244,0.5047
171.6750,-43.1244,0.4750
171.7250,-43.1244,0.4613
171.7750,-43.1244,0.4613
171.8250,-43.1244,0.4565
171.8750,-43.1244,0.4526
171.9250,-43.1244,0.4518
171.9750,-43.1244,0.4466
172.0250,-43.1244,0.4464
172.0750,-43.1244,0.4411
172.1250,-43.1244,0.4381
172.1750,-43.1244,0.4351
172.2250,-43.1244,0.4342
172.2750,-43.1244,0.4267
172.3250,-43.1244,0.4209
172.3750,-43.1244,0.4200
172.4250,-43.1244,0.4145
172.4750,-43.1244,0.4145
172.5250,-43.1244,0.4094
172.5750,-43.1244,0.4050
172.6250,-43.1244,0.4069
172.6750,-43.1244,0.4036
172.7250,-43.1244,0.3833
172.7750,-43.1244,0.4073
172.8250,-43.1244,0.3930
172.8750,-43.1244,0.3930
170.1750,-43.1744,0.4815
170.2250,-43.1744,0.4815
170.2750,-43.1744,0.4641
170.3250,-43.1744,0.5127
170.3750,-43.1744,0.5392
170.4250,-43.1744,0.5393
170.4750,-43.1744,0.5613
170.5250,-43.1744,0.5730
170.5750,-43.1744,0.5805
170.6250,-43.1744,0.5840
170.6750,-43.1744,0.5840
170.7250,-43.1744,0.5703
170.7750,-43.1744,0.5440
170.8250,-43.1744,0.5598
170.8750,-43.1744,0.5464
170.9250,-43.1744,0.5281
170.9750,-43.1744,0.5366
171.0250,-43.1744,0.5254
171.0750,-43.1744,0.5239
171.1250,-43.1744,0.5239
171.1750,-43.1744,0.5232
171.2250,-43.1744,0.5220
171.2750,-43.1744,0.5217
171.3250,-43.1744,0.5195
171.3750,-43.1744,0.5195
171.4250,-43.1744,0.5155
171.4750,-43.1744,0.5019
171.5250,-43.1744,0.5078
171.5750,-43.1744,0.4924
171.6250,-43.1744,0.4693
171.6750,-43.1744,0.4748
171.7250,-43.1744,0.4599
171.7750,-43.1744,0.4541
171.8250,-43.1744,0.4541
171.8750,-43.1744,0.4505
171.9250,-43.1744,0.4464
171.9750,-43.1744,0.4463
172.0250,-43.1744,0.4435
172.0750,-43.1744,0.4460
172.1250,-43.1744,0.4381
172.1750,-43.1744,0.4397
172.2250,-43.1744,0.4322
172.2750,-43.1744,0.4322
172.3250,-43.1744,0.4236
172.3750,-43.1744,0.4135
172.4250,-43.1744,0.4134
172.4750,-43.1744,0.4040
172.5250,-43.1744,0.4040
172.5750,-43.1744,0.3965
172.6250,-43.1744,0.3871
172.6750,-43.1744,0.3887
172.7250,-43.1744,0.3833
172.7750,-43.1744,0.3833
170.1250,-43.2244,0.4630
170.1750,-43.2244,0.4965
170.2250,-43.2244,0.4815
170.2750,-43.2244,0.5284
170.3250,-43.2244,0.5127
170.3750,-43.2244,0.5558
170.4250,-43.2244,0.5736
170.4750,-43.2244,0.5736
170.5250,-43.2244,0.5720
170.5750,-43.2244,0.5630
170.6250,-43.2244,0.5630
170.6750,-43.2244,0.5519
170.7250,-43.2244,0.5519
170.7750,-43.2244,0.5407
170.8250,-43.2244,0.5252
170.8750,-43.2244,0.5328
170.9250,-43.2244,0.5280
170.9750,-43.2244,0.5153
171.0250,-43.2244,0.5253
171.0750,-43.2244,0.5160
171.1250,-43.2244,0.5158
171.1750,-43.2244,0.5158
171.2250,-43.2244,0.5153
171.2750,-43.2244,0.5132
171.3250,-43.2244,0.5132
171.3750,-43.2244,0.5088
171.4250,-43.2244,0.5086
171.4750,-43.2244,0.5018
171.5250,-43.2244,0.4721
171.5750,-43.2244,0.4878
171.6250,-43.2244,0.4686
171.6750,-43.2244,0.4609
171.7250,-43.2244,0.4592
171.7750,-43.2244,0.4560
171.8250,-43.2244,0.4518
171.8750,-43.2244,0.4518
171.9250,-43.2244,0.4488
171.9750,-43.2244,0.4481
172.0250,-43.2244,0.4481
172.0750,-43.2244,0.4465
172.1250,-43.2244,0.4351
172.1750,-43.2244,0.4397
172.2250,-43.2244,0.4271
172.2750,-43.2244,0.4176
172.3250,-43.2244,0.4176
172.3750,-43.2244,0.4071
172.4250,-43.2244,0.3966
172.4750,-43.2244,0.3966
172.5250,-43.2244,0.3865
172.5750,-43.2244,0.3860
172.6250,-43.2244,0.3765
172.6750,-43.2244,0.3677
172.7250,-43.2244,0.3685
172.7750,-43.2244,0.3693
170.0250,-43.2744,0.4811
170.0750,-43.2744,0.4782
170.1250,-43.2744,0.4630
170.1750,-43.2744,0.4970
170.2250,-43.2744,0.4966
170.2750,-43.2744,0.5284
170.3250,-43.2744,0.5710
170.3750,-43.2744,0.5558
170.4250,-43.2744,0.5680
170.4750,-43.2744,0.5517
170.5250,-43.2744,0.5517
170.5750,-43.2744,0.5398
170.6250,-43.2744,0.5300
170.6750,-43.2744,0.5300
170.7250,-43.2744,0.5218
170.7750,-43.2744,0.5217
170.8250,-43.2744,0.5176
170.8750,-43.2744,0.5143
170.9250,-43.2744,0.5155
170.9750,-43.2744,0.5153
171.0250,-43.2744,0.5108
171.0750,-43.2744,0.5160
171.1250,-43.2744,0.5108
171.1750,-43.2744,0.5089
171.2250,-43.2744,0.5089
171.2750,-43.2744,0.5034
171.3250,-43.2744,0.4931
171.3750,-43.2744,0.4931
171.4250,-43.2744,0.4797
171.4750,-43.2744,0.4751
171.5250,-43.2744,0.4717
171.5750,-43.2744,0.4637
171.6250,-43.2744,0.4639
171.6750,-43.2744,0.4610
171.7250,-43.2744,0.4602
171.7750,-43.2744,0.4535
171.8250,-43.2744,0.4532
171.8750,-43.2744,0.4488
171.9250,-43.2744,0.4488
171.9750,-43.2744,0.4466
172.0250,-43.2744,0.4426
172.0750,-43.2744,0.4426
172.1250,-43.2744,0.4351
172.1750,-43.2744,0.4226
172.2250,-43.2744,0.4271
172.2750,-43.2744,0.4148
172.3250,-43.2744,0.4060
172.3750,-43.2744,0.4060
172.4250,-43.2744,0.3964
172.4750,-43.2744,0.3847
172.5250,-43.2744,0.3847
172.5750,-43.2744,0.3707
172.6250,-43.2744,0.3666
172.6750,-43.2744,0.3608
172.7250,-43.2744,0.3573
169.9750,-43.3244,0.4704
170.0250,-43.3244,0.5035
170.0750,-43.3244,0.4811
170.1250,-43.3244,0.5073
170.1750,-43.3244,0.5158
170.2250,-43.3244,0.5476
170.2750,-43.3244,0.5482
170.3250,-43.3244,0.5710
170.3750,-43.3244,0.5397
170.4250,-43.3244,0.5649
170.4750,-43.3244,0.5270
170.5250,-43.3244,0.5144
170.5750,-43.3244,0.5147
170.6250,-43.3244,0.5080
170.6750,-43.3244,0.5061
170.7250,-43.3244,0.5061
170.7750,-43.3244,0.5055
170.8250,-43.3244,0.5033
170.8750,-43.3244,0.5064
170.9250,-43.3244,0.5082
170.9750,-43.3244,0.5070
171.0250,-43.3244,0.5108
171.0750,-43.3244,0.4949
171.1250,-43.3244,0.5054
171.1750,-43.3244,0.4890
171.2250,-43.3244,0.4822
171.2750,-43.3244,0.4822
171.3250,-43.3244,0.4729
171.3750,-43.3244,0.4631
171.4250,-43.3244,0.4631
171.4750,-43.3244,0.4616
171.5250,-43.3244,0.4574
171.5750,-43.3244,0.4637
171.6250,-43.3244,0.4613
171.6750,-43.3244,0.4556
171.7250,-43.3244,0.4601
171.7750,-43.3244,0.4478
171.8250,-43.3244,0.4422
171.8750,-43.3244,0.4422
171.9250,-43.3244,0.4380
171.9750,-43.3244,0.4379
172.0250,-43.3244,0.4344
172.0750,-43.3244,0.4289
172.1250,-43.3244,0.4289
172.1750,-43.3244,0.4226
172.2250,-43.3244,0.4136
172.2750,-43.3244,0.4148
172.3250,-43.3244,0.4094
172.3750,-43.3244,0.4022
172.4250,-43.3244,0.4018
172.4750,-43.3244,0.3904
172.5250,-43.3244,0.3766
172.5750,-43.3244,0.3766
172.6250,-43.3244,0.3637
172.6750,-43.3244,0.3593
172.7250,-43.3244,0.3573
169.8250,-43.3744,0.4638
169.8750,-43.3744,0.4661
169.9250,-43.3744,0.4704
169.9750,-43.3744,0.4704
170.0250,-43.3744,0.5052
170.0750,-43.3744,0.5052
170.1250,-43.3744,0.5340
170.1750,-43.3744,0.5512
170.2250,-43.3744,0.5541
170.2750,-43.3744,0.5518
170.3250,-43.3744,0.5124
170.3750,-43.3744,0.5397
170.4250,-43.3744,0.4991
170.4750,-43.3744,0.4982
170.5250,-43.3744,0.4929
170.5750,-43.3744,0.4901
170.6250,-43.3744,0.4912
170.6750,-43.3744,0.4894
170.7250,-43.3744,0.4907
170.7750,-43.3744,0.4907
170.8250,-43.3744,0.4924
170.8750,-43.3744,0.4874
170.9250,-43.3744,0.4942
170.9750,-43.3744,0.4958
171.0250,-43.3744,0.4829
171.0750,-43.3744,0.4949
171.1250,-43.3744,0.4743
171.1750,-43.3744,0.4630
171.2250,-43.3744,0.4618
171.2750,-43.3744,0.4572
171.3250,-43.3744,0.4571
171.3750,-43.3744,0.4549
171.4250,-43.3744,0.4544
171.4750,-43.3744,0.4544
171.5250,-43.3744,0.4570
171.5750,-43.3744,0.4553
171.6250,-43.3744,0.4607
171.6750,-43.3744,0.4547
171.7250,-43.3744,0.4470
171.7750,-43.3744,0.4478
171.8250,-43.3744,0.4402
171.8750,-43.3744,0.4339
171.9250,-43.3744,0.4339
171.9750,-43.3744,0.4286
172.0250,-43.3744,0.4263
172.0750,-43.3744,0.4225
172.1250,-43.3744,0.4171
172.1750,-43.3744,0.4170
172.2250,-43.3744,0.4136
172.2750,-43.3744,0.4152
172.3250,-43.3744,0.4097
172.3750,-43.3744,0.4111
172.4250,-43.3744,0.4013
172.4750,-43.3744,0.3979
172.5250,-43.3744,0.3873
172.5750,-43.3744,0.3720
172.6250,-43.3744,0.3720
172.6750,-43.3744,0.3595
172.7250,-43.3744,0.3595
169.7750,-43.4244,0.4672
169.8250,-43.4244,0.4638
169.8750,-43.4244,0.4638
169.9250,-43.4244,0.4989
169.9750,-43.4244,0.5307
170.0250,-43.4244,0.5308
170.0750,-43.4244,0.5464
170.1250,-43.4244,0.5464
170.1750,-43.4244,0.5350
170.2250,-43.4244,0.5216
170.2750,-43.4244,0.5223
170.3250,-43.4244,0.5095
170.3750,-43.4244,0.4680
170.4250,-43.4244,0.4991
170.4750,-43.4244,0.4665
170.5250,-43.4244,0.4678
170.5750,-43.4244,0.4678
170.6250,-43.4244,0.4713
170.6750,-43.4244,0.4754
170.7250,-43.4244,0.4753
170.7750,-43.4244,0.4788
170.8250,-43.4244,0.4788
170.8750,-43.4244,0.4809
170.9250,-43.4244,0.4768
170.9750,-43.4244,0.4815
171.0250,-43.4244,0.4820
171.0750,-43.4244,0.4611
171.1250,-43.4244,0.4743
171.1750,-43.4244,0.4573
171.2250,-43.4244,0.4507
171.2750,-43.4244,0.4507
171.3250,-43.4244,0.4479
171.3750,-43.4244,0.4481
171.4250,-43.4244,0.4482
171.4750,-43.4244,0.4511
171.5250,-43.4244,0.4511
171.5750,-43.4244,0.4552
171.6250,-43.4244,0.4579
171.6750,-43.4244,0.4540
171.7250,-43.4244,0.4493
171.7750,-43.4244,0.4472
171.8250,-43.4244,0.4402
171.8750,-43.4244,0.4400
171.9250,-43.4244,0.4332
171.9750,-43.4244,0.4332
172.0250,-43.4244,0.4262
172.0750,-43.4244,0.4193
172.1250,-43.4244,0.4189
172.1750,-43.4244,0.4158
172.2250,-43.4244,0.4155
172.2750,-43.4244,0.4152
172.3250,-43.4244,0.4110
172.3750,-43.4244,0.4037
172.4250,-43.4244,0.4034
172.4750,-43.4244,0.3917
172.5250,-43.4244,0.3786
172.5750,-43.4244,0.3771
172.6250,-43.4244,0.3619
172.6750,-43.4244,0.3619
172.7250,-43.4244,0.3495
169.7250,-43.4744,0.4661
169.7750,-43.4744,0.4961
169.8250,-43.4744,0.4961
169.8750,-43.4744,0.5271
169.9250,-43.4744,0.5244
169.9750,-43.4744,0.5430
170.0250,-43.4744,0.5243
170.0750,-43.4744,0.5243
170.1250,-43.4744,0.5051
170.1750,-43.4744,0.5050
170.2250,-43.4744,0.4877
170.2750,-43.4744,0.4743
170.3250,-43.4744,0.4743
170.3750,-43.4744,0.4680
170.4250,-43.4744,0.4581
170.4750,-43.4744,0.4665
170.5250,-43.4744,0.4599
170.5750,-43.4744,0.4617
170.6250,-43.4744,0.4618
170.6750,-43.4744,0.4630
170.7250,-43.4744,0.4635
170.7750,-43.4744,0.4635
170.8250,-43.4744,0.4633
170.8750,-43.4744,0.4633
170.9250,-43.4744,0.4620
170.9750,-43.4744,0.4605
171.0250,-43.4744,0.4609
171.0750,-43.4744,0.4611
171.1250,-43.4744,0.4575
171.1750,-43.4744,0.4573
171.2250,-43.4744,0.4532
171.2750,-43.4744,0.4486
171.3250,-43.4744,0.4486
171.3750,-43.4744,0.4469
171.4250,-43.4744,0.4482
171.4750,-43.4744,0.4482
171.5250,-43.4744,0.4538
171.5750,-43.4744,0.4538
171.6250,-43.4744,0.4580
171.6750,-43.4744,0.4620
171.7250,-43.4744,0.4542
171.7750,-43.4744,0.4488
171.8250,-43.4744,0.4512
171.8750,-43.4744,0.4403
171.9250,-43.4744,0.4441
171.9750,-43.4744,0.4365
172.0250,-43.4744,0.4365
172.0750,-43.4744,0.4276
172.1250,-43.4744,0.4197
172.1750,-43.4744,0.4197
172.2250,-43.4744,0.4150
172.2750,-43.4744,0.4084
172.3250,-43.4744,0.4110
172.3750,-43.4744,0.3995
172.4250,-43.4744,0.3879
172.4750,-43.4744,0.3879
172.5250,-43.4744,0.3732
172.5750,-43.4744,0.3562
172.6250,-43.4744,0.3562
172.6750,-43.4744,0.3495
172.7250,-43.4744,0.3495
169.6750,-43.5244,0.5029
169.7250,-43.5244,0.4661
169.7750,-43.5244,0.5232
169.8250,-43.5244,0.4988
169.8750,-43.5244,0.5281
169.9250,-43.5244,0.5119
169.9750,-43.5244,0.5262
170.0250,-43.5244,0.4930
170.0750,-43.5244,0.4698
170.1250,-43.5244,0.4698
170.1750,-43.5244,0.4600
170.2250,-43.5244,0.4594
170.2750,-43.5244,0.4575
170.3250,-43.5244,0.4572
170.3750,-43.5244,0.4572
170.4250,-43.5244,0.4581
170.4750,-43.5244,0.4526
170.5250,-43.5244,0.4599
170.5750,-43.5244,0.4553
170.6250,-43.5244,0.4575
170.6750,-43.5244,0.4577
170.7250,-43.5244,0.4582
170.7750,-43.5244,0.4577
170.8250,-43.5244,0.4577
170.8750,-43.5244,0.4566
170.9250,-43.5244,0.4566
170.9750,-43.5244,0.4546
171.0250,-43.5244,0.4556
171.0750,-43.5244,0.4557
171.1250,-43.5244,0.4575
171.1750,-43.5244,0.4618
171.2250,-43.5244,0.4532
171.2750,-43.5244,0.4570
171.3250,-43.5244,0.4536
171.3750,-43.5244,0.4536
171.4250,-43.5244,0.4528
171.4750,-43.5244,0.4550
171.5250,-43.5244,0.4550
171.5750,-43.5244,0.4613
171.6250,-43.5244,0.4612
171.6750,-43.5244,0.4622
171.7250,-43.5244,0.4567
171.7750,-43.5244,0.4564
171.8250,-43.5244,0.4512
171.8750,-43.5244,0.4458
171.9250,-43.5244,0.4411
171.9750,-43.5244,0.4393
172.0250,-43.5244,0.4316
172.0750,-43.5244,0.4316
172.1250,-43.5244,0.4233
172.1750,-43.5244,0.4156
172.2250,-43.5244,0.4156
172.2750,-43.5244,0.4084
172.3250,-43.5244,0.3893
172.3750,-43.5244,0.3995
172.4250,-43.5244,0.3770
172.4750,-43.5244,0.3623
172.5250,-43.5244,0.3623
172.5750,-43.5244,0.3518
172.6250,-43.5244,0.3449
172.6750,-43.5244,0.3449
172.7250,-43.5244,0.3300
172.7750,-43.5244,0.3302
169.5250,-43.5744,0.5028
169.5750,-43.5744,0.5149
169.6250,-43.5744,0.5360
169.6750,-43.5744,0.5029
169.7250,-43.5744,0.5330
169.7750,-43.5744,0.5232
169.8250,-43.5744,0.5044
169.8750,-43.5744,0.4863
169.9250,-43.5744,0.4808
169.9750,-43.5744,0.4610
170.0250,-43.5744,0.4750
170.0750,-43.5744,0.4534
170.1250,-43.5744,0.4492
170.1750,-43.5744,0.4492
170.2250,-43.5744,0.4475
170.2750,-43.5744,0.4476
170.3250,-43.5744,0.4478
170.3750,-43.5744,0.4499
170.4250,-43.5744,0.4498
170.4750,-43.5744,0.4526
170.5250,-43.5744,0.4509
170.5750,-43.5744,0.4553
170.6250,-43.5744,0.4545
170.6750,-43.5744,0.4563
170.7250,-43.5744,0.4567
170.7750,-43.5744,0.4548
170.8250,-43.5744,0.4527
170.8750,-43.5744,0.4527
170.9250,-43.5744,0.4521
170.9750,-43.5744,0.4528
171.0250,-43.5744,0.4548
171.0750,-43.5744,0.4604
171.1250,-43.5744,0.4608
171.1750,-43.5744,0.4618
171.2250,-43.5744,0.4727
171.2750,-43.5744,0.4574
171.3250,-43.5744,0.4639
171.3750,-43.5744,0.4614
171.4250,-43.5744,0.4614
171.4750,-43.5744,0.4603
171.5250,-43.5744,0.4599
171.5750,-43.5744,0.4599
171.6250,-43.5744,0.4597
171.6750,-43.5744,0.4524
171.7250,-43.5744,0.4566
171.7750,-43.5744,0.4462
171.8250,-43.5744,0.4404
171.8750,-43.5744,0.4455
171.9250,-43.5744,0.4337
171.9750,-43.5744,0.4266
172.0250,-43.5744,0.4264
172.0750,-43.5744,0.4180
172.1250,-43.5744,0.4180
172.1750,-43.5744,0.4089
172.2250,-43.5744,0.3996
172.2750,-43.5744,0.3996
172.3250,-43.5744,0.3893
172.3750,-43.5744,0.3634
172.4250,-43.5744,0.3770
172.4750,-43.5744,0.3528
172.5250,-43.5744,0.3462
172.5750,-43.5744,0.3462
172.6250,-43.5744,0.3386
172.6750,-43.5744,0.3300
172.7250,-43.5744,0.3300
172.7750,-43.5744,0.3300
172.8250,-43.5744,0.2859
169.3750,-43.6244,0.5081
169.4250,-43.6244,0.5138
169.4750,-43.6244,0.4906
169.5250,-43.6244,0.4911
169.5750,-43.6244,0.5149
169.6250,-43.6244,0.5360
169.6750,-43.6244,0.5360
169.7250,-43.6244,0.5335
169.7750,-43.6244,0.4788
169.8250,-43.6244,0.5044
169.8750,-43.6244,0.4575
169.9250,-43.6244,0.4478
169.9750,-43.6244,0.4507
170.0250,-43.6244,0.4424
170.0750,-43.6244,0.4401
170.1250,-43.6244,0.4393
170.1750,-43.6244,0.4386
170.2250,-43.6244,0.4386
170.2750,-43.6244,0.4403
170.3250,-43.6244,0.4432
170.3750,-43.6244,0.4432
170.4250,-43.6244,0.4469
170.4750,-43.6244,0.4455
170.5250,-43.6244,0.4509
170.5750,-43.6244,0.4506
170.6250,-43.6244,0.4554
170.6750,-43.6244,0.4561
170.7250,-43.6244,0.4590
170.7750,-43.6244,0.4574
170.8250,-43.6244,0.4588
170.8750,-43.6244,0.4579
170.9250,-43.6244,0.4579
170.9750,-43.6244,0.4593
171.0250,-43.6244,0.4681
171.0750,-43.6244,0.4678
171.1250,-43.6244,0.4799
171.1750,-43.6244,0.4731
171.2250,-43.6244,0.4727
171.2750,-43.6244,0.4656
171.3250,-43.6244,0.4631
171.3750,-43.6244,0.4629
171.4250,-43.6244,0.4604
171.4750,-43.6244,0.4603
171.5250,-43.6244,0.4568
171.5750,-43.6244,0.4535
171.6250,-43.6244,0.4535
171.6750,-43.6244,0.4501
171.7250,-43.6244,0.4333
171.7750,-43.6244,0.4456
171.8250,-43.6244,0.4296
171.8750,-43.6244,0.4209
171.9250,-43.6244,0.4332
171.9750,-43.6244,0.4139
172.0250,-43.6244,0.4062
172.0750,-43.6244,0.4062
172.1250,-43.6244,0.3975
172.1750,-43.6244,0.3973
172.2250,-43.6244,0.3878
172.2750,-43.6244,0.3767
172.3250,-43.6244,0.3767
172.3750,-43.6244,0.3634
172.4250,-43.6244,0.3455
172.4750,-43.6244,0.3524
172.5250,-43.6244,0.3387
172.5750,-43.6244,0.3309
172.6250,-43.6244,0.3309
172.6750,-43.6244,0.3267
172.7250,-43.6244,0.3022
172.7750,-43.6244,0.2886
172.8250,-43.6244,0.2886
172.8750,-43.6244,0.2756
172.9250,-43.6244,0.2691
172.9750,-43.6244,0.2690
173.0250,-43.6244,0.2683
169.2750,-43.6744,0.5277
169.3250,-43.6744,0.5081
169.3750,-43.6744,0.5081
169.4250,-43.6744,0.5245
169.4750,-43.6744,0.5245
169.5250,-43.6744,0.5426
169.5750,-43.6744,0.5388
169.6250,-43.6744,0.5376
169.6750,-43.6744,0.5068
169.7250,-43.6744,0.5068
169.7750,-43.6744,0.4788
169.8250,-43.6744,0.4481
169.8750,-43.6744,0.4575
169.9250,-43.6744,0.4403
169.9750,-43.6744,0.4347
170.0250,-43.6744,0.4404
170.0750,-43.6744,0.4317
170.1250,-43.6744,0.4312
170.1750,-43.6744,0.4312
170.2250,-43.6744,0.4326
170.2750,-43.6744,0.4326
170.3250,-43.6744,0.4358
170.3750,-43.6744,0.4401
170.4250,-43.6744,0.4401
170.4750,-43.6744,0.4450
170.5250,-43.6744,0.4488
170.5750,-43.6744,0.4506
170.6250,-43.6744,0.4564
170.6750,-43.6744,0.4642
170.7250,-43.6744,0.4642
170.7750,-43.6744,0.4794
170.8250,-43.6744,0.4828
170.8750,-43.6744,0.4846
170.9250,-43.6744,0.4773
170.9750,-43.6744,0.4773
171.0250,-43.6744,0.4745
171.0750,-43.6744,0.4734
171.1250,-43.6744,0.4740
171.1750,-43.6744,0.4703
171.2250,-43.6744,0.4596
171.2750,-43.6744,0.4656
171.3250,-43.6744,0.4587
171.3750,-43.6744,0.4562
171.4250,-43.6744,0.4562
171.4750,-43.6744,0.4495
171.5250,-43.6744,0.4465
171.5750,-43.6744,0.4434
171.6250,-43.6744,0.4384
171.6750,-43.6744,0.4384
171.7250,-43.6744,0.4330
171.7750,-43.6744,0.4121
171.8250,-43.6744,0.4272
171.8750,-43.6744,0.4097
171.9250,-43.6744,0.3972
171.9750,-43.6744,0.4134
172.0250,-43.6744,0.3890
172.0750,-43.6744,0.3799
172.1250,-43.6744,0.3799
172.1750,-43.6744,0.3695
172.2250,-43.6744,0.3641
172.2750,-43.6744,0.3576
172.3250,-43.6744,0.3513
172.3750,-43.6744,0.3500
172.4250,-43.6744,0.3455
172.4750,-43.6744,0.3298
172.5250,-43.6744,0.3267
172.5750,-43.6744,0.3216
172.6250,-43.6744,0.3120
172.6750,-43.6744,0.3114
172.7250,-43.6744,0.3009
172.7750,-43.6744,0.2886
172.8250,-43.6744,0.2886
172.8750,-43.6744,0.2756
172.9250,-43.6744,0.2647
172.9750,-43.6744,0.2690
173.0250,-43.6744,0.2607
173.0750,-43.6744,0.2573
173.1250,-43.6744,0.2573
169.1750,-43.7244,0.5139
169.2250,-43.7244,0.5268
169.2750,-43.7244,0.5268
169.3250,-43.7244,0.5422
169.3750,-43.7244,0.5415
169.4250,-43.7244,0.5499
169.4750,-43.7244,0.5368
169.5250,-43.7244,0.5368
169.5750,-43.7244,0.5131
169.6250,-43.7244,0.4841
169.6750,-43.7244,0.4840
169.7250,-43.7244,0.4587
169.7750,-43.7244,0.4585
169.8250,-43.7244,0.4481
169.8750,-43.7244,0.4336
169.9250,-43.7244,0.4403
169.9750,-43.7244,0.4286
170.0250,-43.7244,0.4253
170.0750,-43.7244,0.4314
170.1250,-43.7244,0.4246
170.1750,-43.7244,0.4262
170.2250,-43.7244,0.4262
170.2750,-43.7244,0.4298
170.3250,-43.7244,0.4299
170.3750,-43.7244,0.4353
170.4250,-43.7244,0.4420
170.4750,-43.7244,0.4420
170.5250,-43.7244,0.4488
170.5750,-43.7244,0.4544
170.6250,-43.7244,0.4564
170.6750,-43.7244,0.4621
170.7250,-43.7244,0.4816
170.7750,-43.7244,0.4814
170.8250,-43.7244,0.4946
170.8750,-43.7244,0.4908
170.9250,-43.7244,0.4909
170.9750,-43.7244,0.4757
171.0250,-43.7244,0.4757
171.0750,-43.7244,0.4655
171.1250,-43.7244,0.4615
171.1750,-43.7244,0.4617
171.2250,-43.7244,0.4595
171.2750,-43.7244,0.4468
171.3250,-43.7244,0.4587
171.3750,-43.7244,0.4447
171.4250,-43.7244,0.4380
171.4750,-43.7244,0.4380
171.5250,-43.7244,0.4308
171.5750,-43.7244,0.4248
171.6250,-43.7244,0.4247
171.6750,-43.7244,0.4186
171.7250,-43.7244,0.4186
171.7750,-43.7244,0.4119
171.8250,-43.7244,0.3816
171.8750,-43.7244,0.4048
171.9250,-43.7244,0.3835
171.9750,-43.7244,0.3647
172.0250,-43.7244,0.3879
172.0750,-43.7244,0.3556
172.1250,-43.7244,0.3522
172.1750,-43.7244,0.3522
172.2250,-43.7244,0.3481
172.2750,-43.7244,0.3428
172.3250,-43.7244,0.3430
172.3750,-43.7244,0.3369
172.4250,-43.7244,0.3196
172.4750,-43.7244,0.3298
172.5250,-43.7244,0.3098
172.5750,-43.7244,0.3002
172.6250,-43.7244,0.3001
172.6750,-43.7244,0.2889
172.7250,-43.7244,0.2815
172.7750,-43.7244,0.2765
172.8250,-43.7244,0.2692
172.8750,-43.7244,0.2692
172.9250,-43.7244,0.2647
172.9750,-43.7244,0.2565
173.0250,-43.7244,0.2607
173.0750,-43.7244,0.2533
173.1250,-43.7244,0.2573
169.0750,-43.7743,0.5456
169.1250,-43.7743,0.5456
169.1750,-43.7743,0.5139
169.2250,-43.7743,0.5584
169.2750,-43.7743,0.5686
169.3250,-43.7743,0.5434
169.3750,-43.7743,0.5512
169.4250,-43.7743,0.5206
169.4750,-43.7743,0.5203
169.5250,-43.7743,0.4887
169.5750,-43.7743,0.4887
169.6250,-43.7743,0.4615
169.6750,-43.7743,0.4504
169.7250,-43.7743,0.4504
169.7750,-43.7743,0.4412
169.8250,-43.7743,0.4378
169.8750,-43.7743,0.4336
169.9250,-43.7743,0.4264
169.9750,-43.7743,0.4281
170.0250,-43.7743,0.4241
170.0750,-43.7743,0.4218
170.1250,-43.7743,0.4246
170.1750,-43.7743,0.4227
170.2250,-43.7743,0.4258
170.2750,-43.7743,0.4258
170.3250,-43.7743,0.4310
170.3750,-43.7743,0.4357
170.4250,-43.7743,0.4389
170.4750,-43.7743,0.4475
170.5250,-43.7743,0.4475
170.5750,-43.7743,0.4544
170.6250,-43.7743,0.4589
170.6750,-43.7743,0.4621
170.7250,-43.7743,0.4666
170.7750,-43.7743,0.4813
170.8250,-43.7743,0.4856
170.8750,-43.7743,0.4788
170.9250,-43.7743,0.4623
170.9750,-43.7743,0.4623
171.0250,-43.7743,0.4581
171.0750,-43.7743,0.4581
171.1250,-43.7743,0.4540
171.1750,-43.7743,0.4497
171.2250,-43.7743,0.4497
171.2750,-43.7743,0.4468
171.3250,-43.7743,0.4307
171.3750,-43.7743,0.4447
171.4250,-43.7743,0.4238
171.4750,-43.7743,0.4143
171.5250,-43.7743,0.4143
171.5750,-43.7743,0.4056
171.6250,-43.7743,0.3975
171.6750,-43.7743,0.3975
171.7250,-43.7743,0.3895
171.7750,-43.7743,0.3890
171.8250,-43.7743,0.3813
171.8750,-43.7743,0.3511
171.9250,-43.7743,0.3726
171.9750,-43.7743,0.3566
172.0250,-43.7743,0.3439
172.0750,-43.7743,0.3516
172.1250,-43.7743,0.3402
172.1750,-43.7743,0.3361
172.2250,-43.7743,0.3361
172.2750,-43.7743,0.3313
172.3250,-43.7743,0.3248
172.3750,-43.7743,0.3251
172.4250,-43.7743,0.3180
172.4750,-43.7743,0.2957
172.5250,-43.7743,0.3098
172.5750,-43.7743,0.2862
172.6250,-43.7743,0.2751
172.6750,-43.7743,0.2751
172.7250,-43.7743,0.2689
172.7750,-43.7743,0.2645
172.8250,-43.7743,0.2644
172.8750,-43.7743,0.2601
172.9250,-43.7743,0.2601
172.9750,-43.7743,0.2565
173.0250,-43.7743,0.2493
173.0750,-43.7743,0.2496
173.1250,-43.7743,0.2460
169.0250,-43.8243,0.5617
169.0750,-43.8243,0.5689
169.1250,-43.8243,0.5456
169.1750,-43.8243,0.5749
169.2250,-43.8243,0.5593
169.2750,-43.8243,0.5634
169.3250,-43.8243,0.5327
169.3750,-43.8243,0.5511
169.4250,-43.8243,0.5030
169.4750,-43.8243,0.4671
169.5250,-43.8243,0.4671
169.5750,-43.8243,0.4544
169.6250,-43.8243,0.4543
169.6750,-43.8243,0.4455
169.7250,-43.8243,0.4376
169.7750,-43.8243,0.4376
169.8250,-43.8243,0.4312
169.8750,-43.8243,0.4256
169.9250,-43.8243,0.4264
169.9750,-43.8243,0.4220
170.0250,-43.8243,0.4216
170.0750,-43.8243,0.4217
170.1250,-43.8243,0.4214
170.1750,-43.8243,0.4230
170.2250,-43.8243,0.4246
170.2750,-43.8243,0.4303
170.3250,-43.8243,0.4303
170.3750,-43.8243,0.4373
170.4250,-43.8243,0.4466
170.4750,-43.8243,0.4467
170.5250,-43.8243,0.4542
170.5750,-43.8243,0.4542
170.6250,-43.8243,0.4589
170.6750,-43.8243,0.4565
170.7250,-43.8243,0.4666
170.7750,-43.8243,0.4603
170.8250,-43.8243,0.4620
170.8750,-43.8243,0.4722
170.9250,-43.8243,0.4552
170.9750,-43.8243,0.4488
171.0250,-43.8243,0.4488
171.0750,-43.8243,0.4454
171.1250,-43.8243,0.4446
171.1750,-43.8243,0.4400
171.2250,-43.8243,0.4349
171.2750,-43.8243,0.4348
171.3250,-43.8243,0.4307
171.3750,-43.8243,0.4052
171.4250,-43.8243,0.4235
171.4750,-43.8243,0.3937
171.5250,-43.8243,0.3824
171.5750,-43.8243,0.3824
171.6250,-43.8243,0.3718
171.6750,-43.8243,0.3615
171.7250,-43.8243,0.3615
171.7750,-43.8243,0.3543
171.8250,-43.8243,0.3469
171.8750,-43.8243,0.3508
171.9250,-43.8243,0.3322
171.9750,-43.8243,0.3325
172.0250,-43.8243,0.3377
172.0750,-43.8243,0.3243
172.1250,-43.8243,0.3221
172.1750,-43.8243,0.3204
172.2250,-43.8243,0.3160
172.2750,-43.8243,0.3160
172.3250,-43.8243,0.3106
172.3750,-43.8243,0.3038
172.4250,-43.8243,0.3038
172.4750,-43.8243,0.2957
172.5250,-43.8243,0.2957
172.5750,-43.8243,0.2862
172.6250,-43.8243,0.2751
172.6750,-43.8243,0.2751
172.7250,-43.8243,0.2687
172.7750,-43.8243,0.2594
172.8250,-43.8243,0.2556
172.8750,-43.8243,0.2556
172.9250,-43.8243,0.2480
172.9750,-43.8243,0.2448
173.0250,-43.8243,0.2493
173.0750,-43.8243,0.2460
173.1250,-43.8243,0.2460
168.8750,-43.8743,0.5778
168.9250,-43.8743,0.5837
168.9750,-43.8743,0.5617
169.0250,-43.8743,0.5617
169.0750,-43.8743,0.5689
169.1250,-43.8743,0.5664
169.1750,-43.8743,0.5749
169.2250,-43.8743,0.5461
169.2750,-43.8743,0.5575
169.3250,-43.8743,0.5319
169.3750,-43.8743,0.4854
169.4250,-43.8743,0.5029
169.4750,-43.8743,0.4613
169.5250,-43.8743,0.4517
169.5750,-43.8743,0.4517
169.6250,-43.8743,0.4432
169.6750,-43.8743,0.4390
169.7250,-43.8743,0.4360
169.7750,-43.8743,0.4300
169.8250,-43.8743,0.4300
169.8750,-43.8743,0.4252
169.9250,-43.8743,0.4246
169.9750,-43.8743,0.4220
170.0250,-43.8743,0.4239
170.0750,-43.8743,0.4254
170.1250,-43.8743,0.4214
170.1750,-43.8743,0.4277
170.2250,-43.8743,0.4315
170.2750,-43.8743,0.4326
170.3250,-43.8743,0.4386
170.3750,-43.8743,0.4386
170.4250,-43.8743,0.4446
170.4750,-43.8743,0.4508
170.5250,-43.8743,0.4508
170.5750,-43.8743,0.4549
170.6250,-43.8743,0.4531
170.6750,-43.8743,0.4565
170.7250,-43.8743,0.4530
170.7750,-43.8743,0.4594
170.8250,-43.8743,0.4551
170.8750,-43.8743,0.4481
170.9250,-43.8743,0.4520
170.9750,-43.8743,0.4395
171.0250,-43.8743,0.4326
171.0750,-43.8743,0.4326
171.1250,-43.8743,0.4265
171.1750,-43.8743,0.4196
171.2250,-43.8743,0.4200
171.2750,-43.8743,0.4134
171.3250,-43.8743,0.4056
171.3750,-43.8743,0.4052
171.4250,-43.8743,0.3708
171.4750,-43.8743,0.3802
171.5250,-43.8743,0.3556
171.5750,-43.8743,0.3503
171.6250,-43.8743,0.3503
171.6750,-43.8743,0.3452
171.7250,-43.8743,0.3404
171.7750,-43.8743,0.3404
171.8250,-43.8743,0.3361
171.8750,-43.8743,0.3144
171.9250,-43.8743,0.3320
171.9750,-43.8743,0.3091
172.0250,-43.8743,0.3046
172.0750,-43.8743,0.3174
172.1250,-43.8743,0.3004
172.1750,-43.8743,0.2962
172.2250,-43.8743,0.2962
172.2750,-43.8743,0.3151
172.3250,-43.8743,0.3106
172.3750,-43.8743,0.3053
172.4250,-43.8743,0.3038
172.7250,-43.8743,0.2594
172.7750,-43.8743,0.2577
172.8250,-43.8743,0.2511
172.8750,-43.8743,0.2480
172.9250,-43.8743,0.2480
172.9750,-43.8743,0.2448
173.0250,-43.8743,0.2448
173.0750,-43.8743,0.2463
168.8250,-43.9243,0.5813
168.8750,-43.9243,0.5778
168.9250,-43.9243,0.5824
168.9750,-43.9243,0.5848
169.0250,-43.9243,0.5836
169.0750,-43.9243,0.5836
169.1250,-43.9243,0.5656
169.1750,-43.9243,0.5281
169.2250,-43.9243,0.5457
169.2750,-43.9243,0.5059
169.3250,-43.9243,0.4857
169.3750,-43.9243,0.4853
169.4250,-43.9243,0.4582
169.4750,-43.9243,0.4608
169.5250,-43.9243,0.4501
169.5750,-43.9243,0.4430
169.6250,-43.9243,0.4430
169.6750,-43.9243,0.4365
169.7250,-43.9243,0.4311
169.7750,-43.9243,0.4310
169.8250,-43.9243,0.4268
169.8750,-43.9243,0.4268
169.9250,-43.9243,0.4246
169.9750,-43.9243,0.4263
170.0250,-43.9243,0.4244
170.0750,-43.9243,0.4267
170.1250,-43.9243,0.4323
170.1750,-43.9243,0.4277
170.2250,-43.9243,0.4349
170.2750,-43.9243,0.4396
170.3250,-43.9243,0.4397
170.3750,-43.9243,0.4435
170.4250,-43.9243,0.4435
170.4750,-43.9243,0.4472
170.5250,-43.9243,0.4489
170.5750,-43.9243,0.4489
170.6250,-43.9243,0.4508
170.6750,-43.9243,0.4454
170.7250,-43.9243,0.4530
170.7750,-43.9243,0.4451
170.8250,-43.9243,0.4383
170.8750,-43.9243,0.4386
170.9250,-43.9243,0.4284
170.9750,-43.9243,0.4242
171.0250,-43.9243,0.4200
171.0750,-43.9243,0.4127
171.1250,-43.9243,0.4127
171.1750,-43.9243,0.4051
171.2250,-43.9243,0.3954
171.2750,-43.9243,0.3965
171.3250,-43.9243,0.3852
171.3750,-43.9243,0.3521
171.4250,-43.9243,0.3708
171.4750,-43.9243,0.3443
171.5250,-43.9243,0.3379
171.5750,-43.9243,0.3374
171.6250,-43.9243,0.3307
171.6750,-43.9243,0.3303
171.7250,-43.9243,0.3245
171.7750,-43.9243,0.3187
171.8250,-43.9243,0.3187
171.8750,-43.9243,0.3135
171.9250,-43.9243,0.2855
171.9750,-43.9243,0.3088
172.0250,-43.9243,0.2808
172.0750,-43.9243,0.3045
172.1250,-43.9243,0.3004
172.1750,-43.9243,0.2968
172.2250,-43.9243,0.2962
172.9250,-43.9243,0.2480
168.5250,-43.9743,0.5801
168.5750,-43.9743,0.5828
168.6250,-43.9743,0.5828
168.6750,-43.9743,0.5980
168.7250,-43.9743,0.5912
168.7750,-43.9743,0.5912
168.8250,-43.9743,0.5981
168.8750,-43.9743,0.5981
168.9250,-43.9743,0.5956
168.9750,-43.9743,0.5728
169.0250,-43.9743,0.5727
169.0750,-43.9743,0.5510
169.1250,-43.9743,0.5510
169.1750,-43.9743,0.5273
169.2250,-43.9743,0.4924
169.2750,-43.9743,0.5006
169.3250,-43.9743,0.4720
169.3750,-43.9743,0.4584
169.4250,-43.9743,0.4582
169.4750,-43.9743,0.4516
169.5250,-43.9743,0.4472
169.5750,-43.9743,0.4453
169.6250,-43.9743,0.4395
169.6750,-43.9743,0.4395
169.7250,-43.9743,0.4341
169.7750,-43.9743,0.4293
169.8250,-43.9743,0.4293
169.8750,-43.9743,0.4264
169.9250,-43.9743,0.4265
169.9750,-43.9743,0.4263
170.0250,-43.9743,0.4343
170.0750,-43.9743,0.4288
170.1250,-43.9743,0.4327
170.1750,-43.9743,0.4401
170.2250,-43.9743,0.4349
170.2750,-43.9743,0.4410
170.3250,-43.9743,0.4429
170.3750,-43.9743,0.4429
170.4250,-43.9743,0.4424
170.4750,-43.9743,0.4424
170.5250,-43.9743,0.4418
170.5750,-43.9743,0.4431
170.6250,-43.9743,0.4431
170.6750,-43.9743,0.4452
170.7250,-43.9743,0.4390
170.7750,-43.9743,0.4451
170.8250,-43.9743,0.4287
170.8750,-43.9743,0.4175
170.9250,-43.9743,0.4211
170.9750,-43.9743,0.4075
171.0250,-43.9743,0.3982
171.0750,-43.9743,0.3980
171.1250,-43.9743,0.3878
171.1750,-43.9743,0.3878
171.2250,-43.9743,0.3763
171.2750,-43.9743,0.3605
171.3250,-43.9743,0.3607
171.3750,-43.9743,0.3511
171.4250,-43.9743,0.3323
171.4750,-43.9743,0.3443
171.5250,-43.9743,0.3234
171.5750,-43.9743,0.3144
171.6250,-43.9743,0.3144
171.6750,-43.9743,0.3058
171.7250,-43.9743,0.3001
171.7750,-43.9743,0.2980
171.8250,-43.9743,0.2912
171.8750,-43.9743,0.2912
171.9250,-43.9743,0.2854
171.9750,-43.9743,0.2807
172.0250,-43.9743,0.2805
168.3250,-44.0243,0.5897
168.3750,-44.0243,0.5896
168.4250,-44.0243,0.5782
168.4750,-44.0243,0.5911
168.5250,-44.0243,0.5801
168.5750,-44.0243,0.5842
168.6250,-44.0243,0.6006
168.6750,-44.0243,0.6006
168.7250,-44.0243,0.6042
168.7750,-44.0243,0.5994
168.8250,-44.0243,0.5997
168.8750,-44.0243,0.5832
168.9250,-44.0243,0.5832
168.9750,-44.0243,0.5622
169.0250,-44.0243,0.5374
169.0750,-44.0243,0.5374
169.1250,-44.0243,0.5139
169.1750,-44.0243,0.5138
169.2250,-44.0243,0.4921
169.2750,-44.0243,0.4659
169.3250,-44.0243,0.4689
169.3750,-44.0243,0.4583
169.4250,-44.0243,0.4521
169.4750,-44.0243,0.4516
169.5250,-44.0243,0.4468
169.5750,-44.0243,0.4425
169.6250,-44.0243,0.4425
169.6750,-44.0243,0.4385
169.7250,-44.0243,0.4385
169.7750,-44.0243,0.4341
169.8250,-44.0243,0.4311
169.8750,-44.0243,0.4311
169.9250,-44.0243,0.4314
169.9750,-44.0243,0.4330
170.0250,-44.0243,0.4346
170.0750,-44.0243,0.4438
170.1250,-44.0243,0.4385
170.1750,-44.0243,0.4401
170.2250,-44.0243,0.4430
170.2750,-44.0243,0.4410
170.3250,-44.0243,0.4405
170.3750,-44.0243,0.4372
170.4250,-44.0243,0.4372
170.4750,-44.0243,0.4353
170.5250,-44.0243,0.4361
170.5750,-44.0243,0.4363
170.6250,-44.0243,0.4387
170.6750,-44.0243,0.4387
170.7250,-44.0243,0.4390
170.7750,-44.0243,0.4202
170.8250,-44.0243,0.4287
170.8750,-44.0243,0.4059
170.9250,-44.0243,0.3938
170.9750,-44.0243,0.4019
171.0250,-44.0243,0.3832
171.0750,-44.0243,0.3718
171.1250,-44.0243,0.3718
171.1750,-44.0243,0.3566
171.2250,-44.0243,0.3566
171.2750,-44.0243,0.3489
171.3250,-44.0243,0.3408
171.3750,-44.0243,0.3409
171.4250,-44.0243,0.3323
171.4750,-44.0243,0.3080
171.5250,-44.0243,0.3234
171.5750,-44.0243,0.2965
171.6250,-44.0243,0.2855
171.6750,-44.0243,0.2855
171.7250,-44.0243,0.2757
171.7750,-44.0243,0.2707
171.8250,-44.0243,0.2706
171.8750,-44.0243,0.2771
171.9250,-44.0243,0.2854
168.2750,-44.0743,0.6005
168.3250,-44.0743,0.6004
168.3750,-44.0743,0.5897
168.4250,-44.0743,0.5957
168.4750,-44.0743,0.5912
168.5250,-44.0743,0.6064
168.5750,-44.0743,0.5948
168.6250,-44.0743,0.6007
168.6750,-44.0743,0.6204
168.7250,-44.0743,0.6042
168.7750,-44.0743,0.5903
168.8250,-44.0743,0.5719
168.8750,-44.0743,0.5719
168.9250,-44.0743,0.5518
168.9750,-44.0743,0.5512
169.0250,-44.0743,0.5295
169.0750,-44.0743,0.5083
169.1250,-44.0743,0.5083
169.1750,-44.0743,0.4869
169.2250,-44.0743,0.4856
169.2750,-44.0743,0.4650
169.3250,-44.0743,0.4586
169.3750,-44.0743,0.4582
169.4250,-44.0743,0.4521
169.4750,-44.0743,0.4501
169.5250,-44.0743,0.4468
169.5750,-44.0743,0.4463
169.6250,-44.0743,0.4433
169.6750,-44.0743,0.4433
169.7250,-44.0743,0.4407
169.7750,-44.0743,0.4396
169.8250,-44.0743,0.4374
169.8750,-44.0743,0.4374
169.9250,-44.0743,0.4374
169.9750,-44.0743,0.4412
170.0250,-44.0743,0.4490
170.0750,-44.0743,0.4453
170.1250,-44.0743,0.4472
170.1750,-44.0743,0.4453
170.2250,-44.0743,0.4430
170.2750,-44.0743,0.4400
170.3250,-44.0743,0.4402
170.3750,-44.0743,0.4341
170.4250,-44.0743,0.4302
170.4750,-44.0743,0.4302
170.5250,-44.0743,0.4291
170.5750,-44.0743,0.4311
170.6250,-44.0743,0.4311
170.6750,-44.0743,0.4321
170.7250,-44.0743,0.4321
170.7750,-44.0743,0.4202
170.8250,-44.0743,0.4011
170.8750,-44.0743,0.4058
170.9250,-44.0743,0.3835
170.9750,-44.0743,0.3679
171.0250,-44.0743,0.3796
171.0750,-44.0743,0.3549
171.1250,-44.0743,0.3485
171.1750,-44.0743,0.3485
171.2250,-44.0743,0.3398
171.2750,-44.0743,0.3395
171.3250,-44.0743,0.3299
171.3750,-44.0743,0.3192
171.4250,-44.0743,0.3192
171.4750,-44.0743,0.3080
171.5250,-44.0743,0.2791
171.5750,-44.0743,0.2964
171.6250,-44.0743,0.2698
171.6750,-44.0743,0.2654
171.7250,-44.0743,0.2654
171.7750,-44.0743,0.2736
171.8250,-44.0743,0.2706
168.2750,-44.1243,0.6177
168.3250,-44.1243,0.6004
168.3750,-44.1243,0.6004
168.4250,-44.1243,0.6023
168.4750,-44.1243,0.6283
168.5250,-44.1243,0.6093
168.5750,-44.1243,0.6306
168.6250,-44.1243,0.6295
168.6750,-44.1243,0.6204
168.7250,-44.1243,0.5823
168.7750,-44.1243,0.5903
168.8250,-44.1243,0.5614
168.8750,-44.1243,0.5425
168.9250,-44.1243,0.5425
168.9750,-44.1243,0.5249
169.0250,-44.1243,0.5103
169.0750,-44.1243,0.5064
169.1250,-44.1243,0.4876
169.1750,-44.1243,0.4876
169.2250,-44.1243,0.4691
169.2750,-44.1243,0.4639
169.3250,-44.1243,0.4602
169.3750,-44.1243,0.4549
169.4250,-44.1243,0.4548
169.4750,-44.1243,0.4501
169.5250,-44.1243,0.4488
169.5750,-44.1243,0.4463
169.6250,-44.1243,0.4470
169.6750,-44.1243,0.4459
169.7250,-44.1243,0.4459
169.7750,-44.1243,0.4449
169.8250,-44.1243,0.4447
169.8750,-44.1243,0.4447
169.9250,-44.1243,0.4472
169.9750,-44.1243,0.4472
170.0250,-44.1243,0.4508
170.0750,-44.1243,0.4544
170.1250,-44.1243,0.4522
170.1750,-44.1243,0.4472
170.2250,-44.1243,0.4405
170.2750,-44.1243,0.4400
170.3250,-44.1243,0.4325
170.3750,-44.1243,0.4297
170.4250,-44.1243,0.4268
170.4750,-44.1243,0.4241
170.5250,-44.1243,0.4241
170.5750,-44.1243,0.4254
170.6250,-44.1243,0.4269
170.6750,-44.1243,0.4269
170.7250,-44.1243,0.4187
170.7750,-44.1243,0.4156
170.8250,-44.1243,0.4011
170.8750,-44.1243,0.3767
170.9250,-44.1243,0.3826
170.9750,-44.1243,0.3563
171.0250,-44.1243,0.3483
171.0750,-44.1243,0.3536
171.1250,-44.1243,0.3407
171.1750,-44.1243,0.3314
171.2250,-44.1243,0.3314
171.2750,-44.1243,0.3199
171.3250,-44.1243,0.3134
171.3750,-44.1243,0.3071
171.4250,-44.1243,0.2933
171.4750,-44.1243,0.2922
171.5250,-44.1243,0.2791
171.5750,-44.1243,0.2632
171.6250,-44.1243,0.2698
171.6750,-44.1243,0.2654
168.1750,-44.1743,0.6162
168.2250,-44.1743,0.6158
168.2750,-44.1743,0.6178
168.3250,-44.1743,0.6178
168.3750,-44.1743,0.6236
168.4250,-44.1743,0.6236
168.4750,-44.1743,0.6308
168.5250,-44.1743,0.6083
168.5750,-44.1743,0.6256
168.6250,-44.1743,0.5980
168.6750,-44.1743,0.5793
168.7250,-44.1743,0.5823
168.7750,-44.1743,0.5575
168.8250,-44.1743,0.5612
168.8750,-44.1743,0.5412
168.9250,-44.1743,0.5250
168.9750,-44.1743,0.5250
169.0250,-44.1743,0.5082
169.0750,-44.1743,0.4907
169.1250,-44.1743,0.4907
169.1750,-44.1743,0.4723
169.2250,-44.1743,0.4723
169.2750,-44.1743,0.4612
169.3250,-44.1743,0.4571
169.3750,-44.1743,0.4561
169.4250,-44.1743,0.4519
169.4750,-44.1743,0.4525
169.5250,-44.1743,0.4488
169.5750,-44.1743,0.4530
169.6250,-44.1743,0.4471
169.6750,-44.1743,0.4532
169.7250,-44.1743,0.4532
169.7750,-44.1743,0.4531
169.8250,-44.1743,0.4538
169.8750,-44.1743,0.4538
169.9250,-44.1743,0.4538
169.9750,-44.1743,0.4547
170.0250,-44.1743,0.4547
170.0750,-44.1743,0.4546
170.1250,-44.1743,0.4512
170.1750,-44.1743,0.4488
170.2250,-44.1743,0.4403
170.2750,-44.1743,0.4346
170.3250,-44.1743,0.4325
170.3750,-44.1743,0.4267
170.4250,-44.1743,0.4211
170.4750,-44.1743,0.4210
170.5250,-44.1743,0.4191
170.5750,-44.1743,0.4191
170.6250,-44.1743,0.4205
170.6750,-44.1743,0.4164
170.7250,-44.1743,0.4164
170.7750,-44.1743,0.3985
170.8250,-44.1743,0.3764
170.8750,-44.1743,0.3767
170.9250,-44.1743,0.3532
170.9750,-44.1743,0.3473
171.0250,-44.1743,0.3447
171.0750,-44.1743,0.3344
171.1250,-44.1743,0.3329
171.1750,-44.1743,0.3236
171.2250,-44.1743,0.3107
171.2750,-44.1743,0.3107
171.3250,-44.1743,0.2958
171.3750,-44.1743,0.2791
171.4250,-44.1743,0.2795
171.4750,-44.1743,0.2689
171.5250,-44.1743,0.2689
171.5750,-44.1743,0.2632
168.0750,-44.2243,0.6674
168.1250,-44.2243,0.6436
168.1750,-44.2243,0.6404
168.2250,-44.2243,0.6401
168.2750,-44.2243,0.6435
168.3250,-44.2243,0.6508
168.3750,-44.2243,0.6508
168.4250,-44.2243,0.6376
168.4750,-44.2243,0.6375
168.5250,-44.2243,0.6016
168.5750,-44.2243,0.5866
168.6250,-44.2243,0.5880
168.6750,-44.2243,0.5734
168.7250,-44.2243,0.5521
168.7750,-44.2243,0.5575
168.8250,-44.2243,0.5380
168.8750,-44.2243,0.5370
168.9250,-44.2243,0.5232
168.9750,-44.2243,0.5081
169.0250,-44.2243,0.5081
169.0750,-44.2243,0.4922
169.1250,-44.2243,0.4756
169.1750,-44.2243,0.4756
169.2250,-44.2243,0.4628
169.2750,-44.2243,0.4628
169.3250,-44.2243,0.4584
169.3750,-44.2243,0.4552
169.4250,-44.2243,0.4551
169.4750,-44.2243,0.4534
169.5250,-44.2243,0.4574
169.5750,-44.2243,0.4530
169.6250,-44.2243,0.4599
169.6750,-44.2243,0.4554
169.7250,-44.2243,0.4597
169.7750,-44.2243,0.4599
169.8250,-44.2243,0.4598
169.8750,-44.2243,0.4599
169.9250,-44.2243,0.4593
169.9750,-44.2243,0.4593
170.0250,-44.2243,0.4578
170.0750,-44.2243,0.4578
170.1250,-44.2243,0.4520
170.1750,-44.2243,0.4443
170.2250,-44.2243,0.4434
170.2750,-44.2243,0.4346
170.3250,-44.2243,0.4273
170.3750,-44.2243,0.4267
170.4250,-44.2243,0.4191
170.4750,-44.2243,0.4130
170.5250,-44.2243,0.4130
170.5750,-44.2243,0.4094
170.6250,-44.2243,0.4091
170.6750,-44.2243,0.4054
170.7250,-44.2243,0.3928
170.7750,-44.2243,0.3928
170.8250,-44.2243,0.3733
170.8750,-44.2243,0.3506
170.9250,-44.2243,0.3532
170.9750,-44.2243,0.3404
171.0250,-44.2243,0.3295
171.0750,-44.2243,0.3312
171.1250,-44.2243,0.3172
171.1750,-44.2243,0.3042
171.2250,-44.2243,0.3032
171.2750,-44.2243,0.2869
171.3250,-44.2243,0.2869
171.3750,-44.2243,0.2710
171.4250,-44.2243,0.2642
171.4750,-44.2243,0.2641
168.0750,-44.2743,0.6712
168.1250,-44.2743,0.6681
168.1750,-44.2743,0.6681
168.2250,-44.2743,0.6707
168.2750,-44.2743,0.6641
168.3250,-44.2743,0.6626
168.3750,-44.2743,0.6182
168.4250,-44.2743,0.6182
168.4750,-44.2743,0.5938
168.5250,-44.2743,0.5926
168.5750,-44.2743,0.5786
168.6250,-44.2743,0.5647
168.6750,-44.2743,0.5648
168.7250,-44.2743,0.5519
168.7750,-44.2743,0.5400
168.8250,-44.2743,0.5380
168.8750,-44.2743,0.5266
168.9250,-44.2743,0.5124
168.9750,-44.2743,0.5117
169.0250,-44.2743,0.4960
169.0750,-44.2743,0.4942
169.1250,-44.2743,0.4795
169.1750,-44.2743,0.4640
169.2250,-44.2743,0.4640
169.2750,-44.2743,0.4595
169.3250,-44.2743,0.4595
169.3750,-44.2743,0.4563
169.4250,-44.2743,0.4555
169.4750,-44.2743,0.4554
169.5250,-44.2743,0.4575
169.5750,-44.2743,0.4696
169.6250,-44.2743,0.4599
169.6750,-44.2743,0.4747
169.7250,-44.2743,0.4700
169.7750,-44.2743,0.4704
169.8250,-44.2743,0.4663
169.8750,-44.2743,0.4655
169.9250,-44.2743,0.4637
169.9750,-44.2743,0.4610
170.0250,-44.2743,0.4610
170.0750,-44.2743,0.4552
170.1250,-44.2743,0.4547
170.1750,-44.2743,0.4459
170.2250,-44.2743,0.4371
170.2750,-44.2743,0.4366
170.3250,-44.2743,0.4273
170.3750,-44.2743,0.4213
170.4250,-44.2743,0.4191
170.4750,-44.2743,0.4120
170.5250,-44.2743,0.4041
170.5750,-44.2743,0.4041
170.6250,-44.2743,0.3966
170.6750,-44.2743,0.3862
170.7250,-44.2743,0.3837
170.7750,-44.2743,0.3651
170.8250,-44.2743,0.3651
170.8750,-44.2743,0.3504
170.9250,-44.2743,0.3385
170.9750,-44.2743,0.3404
171.0250,-44.2743,0.3268
171.0750,-44.2743,0.3134
171.1250,-44.2743,0.3155
171.1750,-44.2743,0.2979
171.2250,-44.2743,0.2802
171.2750,-44.2743,0.2802
171.3250,-44.2743,0.2680
171.3750,-44.2743,0.2680
167.9750,-44.3243,0.6751
168.0250,-44.3243,0.6751
168.0750,-44.3243,0.6778
168.1250,-44.3243,0.6778
168.1750,-44.3243,0.6796
168.2250,-44.3243,0.6796
168.2750,-44.3243,0.6436
168.3250,-44.3243,0.6032
168.3750,-44.3243,0.6026
168.4250,-44.3243,0.5878
168.4750,-44.3243,0.5878
168.5250,-44.3243,0.5744
168.5750,-44.3243,0.5652
168.6250,-44.3243,0.5631
168.6750,-44.3243,0.5519
168.7250,-44.3243,0.5519
168.7750,-44.3243,0.5399
168.8250,-44.3243,0.5250
168.8750,-44.3243,0.5266
168.9250,-44.3243,0.5104
168.9750,-44.3243,0.4948
169.0250,-44.3243,0.4948
169.0750,-44.3243,0.4792
169.1250,-44.3243,0.4712
169.1750,-44.3243,0.4643
169.2250,-44.3243,0.4605
169.2750,-44.3243,0.4605
169.3250,-44.3243,0.4581
169.3750,-44.3243,0.4582
169.4250,-44.3243,0.4582
169.4750,-44.3243,0.4614
169.5250,-44.3243,0.4614
169.5750,-44.3243,0.4696
169.6250,-44.3243,0.4854
169.6750,-44.3243,0.4747
169.7250,-44.3243,0.4832
169.7750,-44.3243,0.4764
169.8250,-44.3243,0.4764
169.8750,-44.3243,0.4705
169.9250,-44.3243,0.4654
169.9750,-44.3243,0.4643
170.0250,-44.3243,0.4590
170.0750,-44.3243,0.4590
170.1250,-44.3243,0.4503
170.1750,-44.3243,0.4457
170.2250,-44.3243,0.4409
170.2750,-44.3243,0.4313
170.3250,-44.3243,0.4307
170.3750,-44.3243,0.4213
170.4250,-44.3243,0.4129
170.4750,-44.3243,0.4120
170.5250,-44.3243,0.4026
170.5750,-44.3243,0.3923
170.6250,-44.3243,0.3923
170.6750,-44.3243,0.3784
170.7250,-44.3243,0.3593
170.7750,-44.3243,0.3592
170.8250,-44.3243,0.3486
170.8750,-44.3243,0.3486
170.9250,-44.3243,0.3385
170.9750,-44.3243,0.3251
171.0250,-44.3243,0.3268
171.0750,-44.3243,0.3110
171.1250,-44.3243,0.2948
171.1750,-44.3243,0.2969
171.2250,-44.3243,0.2762
171.2750,-44.3243,0.2799
171.3250,-44.3243,0.2680
167.9250,-44.3743,0.7005
167.9750,-44.3743,0.7004
168.0250,-44.3743,0.6751
168.0750,-44.3743,0.6871
168.1250,-44.3743,0.6710
168.1750,-44.3743,0.6570
168.2250,-44.3743,0.6228
168.2750,-44.3743,0.6260
168.3250,-44.3743,0.5972
168.3750,-44.3743,0.5833
168.4250,-44.3743,0.5833
168.4750,-44.3743,0.5716
168.5250,-44.3743,0.5716
168.5750,-44.3743,0.5603
168.6250,-44.3743,0.5494
168.6750,-44.3743,0.5494
168.7250,-44.3743,0.5381
168.7750,-44.3743,0.5377
168.8250,-44.3743,0.5250
168.8750,-44.3743,0.5136
168.9250,-44.3743,0.5104
168.9750,-44.3743,0.4976
169.0250,-44.3743,0.4817
169.0750,-44.3743,0.4813
169.1250,-44.3743,0.4672
169.1750,-44.3743,0.4618
169.2250,-44.3743,0.4617
169.2750,-44.3743,0.4596
169.3250,-44.3743,0.4596
169.3750,-44.3743,0.4596
169.4250,-44.3743,0.4630
169.4750,-44.3743,0.4630
169.5250,-44.3743,0.4754
169.5750,-44.3743,0.4755
169.6250,-44.3743,0.4854
169.6750,-44.3743,0.4970
169.7250,-44.3743,0.4832
169.7750,-44.3743,0.4898
169.8250,-44.3743,0.4816
169.8750,-44.3743,0.4815
169.9250,-44.3743,0.4731
169.9750,-44.3743,0.4634
170.0250,-44.3743,0.4633
170.0750,-44.3743,0.4543
170.1250,-44.3743,0.4543
170.1750,-44.3743,0.4447
170.2250,-44.3743,0.4372
170.2750,-44.3743,0.4345
170.3250,-44.3743,0.4239
170.3750,-44.3743,0.4185
170.4250,-44.3743,0.4129
170.4750,-44.3743,0.4053
170.5250,-44.3743,0.4002
170.5750,-44.3743,0.3931
170.6250,-44.3743,0.3783
170.6750,-44.3743,0.3783
170.7250,-44.3743,0.3570
170.7750,-44.3743,0.3474
170.8250,-44.3743,0.3474
170.8750,-44.3743,0.3371
170.9250,-44.3743,0.3367
170.9750,-44.3743,0.3251
171.0250,-44.3743,0.3112
171.0750,-44.3743,0.3110
171.1250,-44.3743,0.2945
171.1750,-44.3743,0.2753
171.2250,-44.3743,0.2760
171.2750,-44.3743,0.2761
167.8750,-44.4243,0.7132
167.9250,-44.4243,0.7183
167.9750,-44.4243,0.7004
168.0250,-44.4243,0.6894
168.0750,-44.4243,0.6871
168.1250,-44.4243,0.6396
168.1750,-44.4243,0.6053
168.2250,-44.4243,0.6031
168.2750,-44.4243,0.5909
168.3250,-44.4243,0.5950
168.3750,-44.4243,0.5794
168.4250,-44.4243,0.5688
168.4750,-44.4243,0.5688
168.5250,-44.4243,0.5589
168.5750,-44.4243,0.5589
168.6250,-44.4243,0.5494
168.6750,-44.4243,0.5401
168.7250,-44.4243,0.5401
168.7750,-44.4243,0.5286
168.8250,-44.4243,0.5182
168.8750,-44.4243,0.5136
168.9250,-44.4243,0.4939
168.9750,-44.4243,0.4975
169.0250,-44.4243,0.4782
169.0750,-44.4243,0.4651
169.1250,-44.4243,0.4666
169.1750,-44.4243,0.4622
169.2250,-44.4243,0.4617
169.2750,-44.4243,0.4617
169.3250,-44.4243,0.4624
169.3750,-44.4243,0.4624
169.4250,-44.4243,0.4664
169.4750,-44.4243,0.4801
169.5250,-44.4243,0.4801
169.5750,-44.4243,0.4913
169.6250,-44.4243,0.4920
169.6750,-44.4243,0.4970
169.7250,-44.4243,0.4972
169.7750,-44.4243,0.4898
169.8250,-44.4243,0.4877
169.8750,-44.4243,0.4804
169.9250,-44.4243,0.4799
169.9750,-44.4243,0.4698
170.0250,-44.4243,0.4582
170.0750,-44.4243,0.4582
170.1250,-44.4243,0.4491
170.1750,-44.4243,0.4491
170.2250,-44.4243,0.4395
170.2750,-44.4243,0.4303
170.3250,-44.4243,0.4292
170.3750,-44.4243,0.4175
170.4250,-44.4243,0.4081
170.4750,-44.4243,0.4053
170.5250,-44.4243,0.3941
170.5750,-44.4243,0.3800
170.6250,-44.4243,0.3791
170.6750,-44.4243,0.3587
170.7250,-44.4243,0.3587
170.7750,-44.4243,0.3476
170.8250,-44.4243,0.3374
170.8750,-44.4243,0.3374
170.9250,-44.4243,0.3254
170.9750,-44.4243,0.3171
171.0250,-44.4243,0.3112
171.0750,-44.4243,0.2953
171.1250,-44.4243,0.2902
171.1750,-44.4243,0.2761
171.2250,-44.4243,0.2657
171.2750,-44.4243,0.2657
167.8250,-44.4743,0.7132
167.8750,-44.4743,0.7132
167.9250,-44.4743,0.7183
167.9750,-44.4743,0.7178
168.0250,-44.4743,0.6894
168.0750,-44.4743,0.6437
168.1250,-44.4743,0.6396
168.1750,-44.4743,0.6017
168.2250,-44.4743,0.5891
168.2750,-44.4743,0.5893
168.3250,-44.4743,0.5779
168.3750,-44.4743,0.5756
168.4250,-44.4743,0.5674
168.4750,-44.4743,0.5572
168.5250,-44.4743,0.5572
168.5750,-44.4743,0.5470
168.6250,-44.4743,0.5462
168.6750,-44.4743,0.5370
168.7250,-44.4743,0.5264
168.7750,-44.4743,0.5264
168.8250,-44.4743,0.5111
168.8750,-44.4743,0.4943
168.9250,-44.4743,0.4939
168.9750,-44.4743,0.4792
169.0250,-44.4743,0.4773
169.0750,-44.4743,0.4680
169.1250,-44.4743,0.4637
169.1750,-44.4743,0.4623
169.2250,-44.4743,0.4645
169.2750,-44.4743,0.4714
169.3250,-44.4743,0.4714
169.3750,-44.4743,0.4745
169.4250,-44.4743,0.4745
169.4750,-44.4743,0.4795
169.5250,-44.4743,0.4870
169.5750,-44.4743,0.4870
169.6250,-44.4743,0.4950
169.6750,-44.4743,0.4959
169.7250,-44.4743,0.4972
169.7750,-44.4743,0.4927
169.8250,-44.4743,0.4874
169.8750,-44.4743,0.4847
169.9250,-44.4743,0.4741
169.9750,-44.4743,0.4728
170.0250,-44.4743,0.4618
170.0750,-44.4743,0.4527
170.1250,-44.4743,0.4527
170.1750,-44.4743,0.4433
170.2250,-44.4743,0.4433
170.2750,-44.4743,0.4337
170.3250,-44.4743,0.4223
170.3750,-44.4743,0.4217
170.4250,-44.4743,0.4080
170.4750,-44.4743,0.3982
170.5250,-44.4743,0.3941
170.5750,-44.4743,0.3808
170.6250,-44.4743,0.3607
170.6750,-44.4743,0.3607
170.7250,-44.4743,0.3484
170.7750,-44.4743,0.3481
170.8250,-44.4743,0.3380
170.8750,-44.4743,0.3261
170.9250,-44.4743,0.3261
170.9750,-44.4743,0.3119
171.0250,-44.4743,0.2984
171.0750,-44.4743,0.2953
171.1250,-44.4743,0.2795
171.1750,-44.4743,0.2674
171.2250,-44.4743,0.2669
171.2750,-44.4743,0.2657
167.8250,-44.5243,0.7073
167.8750,-44.5243,0.7191
167.9250,-44.5243,0.7191
167.9750,-44.5243,0.6915
168.0250,-44.5243,0.6713
168.0750,-44.5243,0.6437
168.1250,-44.5243,0.6011
168.1750,-44.5243,0.6017
168.2250,-44.5243,0.5861
168.2750,-44.5243,0.5737
168.3250,-44.5243,0.5771
168.3750,-44.5243,0.5633
168.4250,-44.5243,0.5548
168.4750,-44.5243,0.5533
168.5250,-44.5243,0.5433
168.5750,-44.5243,0.5433
168.6250,-44.5243,0.5338
168.6750,-44.5243,0.5250
168.7250,-44.5243,0.5240
168.7750,-44.5243,0.5098
168.8250,-44.5243,0.5098
168.8750,-44.5243,0.4939
168.9250,-44.5243,0.4736
168.9750,-44.5243,0.4792
169.0250,-44.5243,0.4660
169.0750,-44.5243,0.4653
169.1250,-44.5243,0.4642
169.1750,-44.5243,0.4670
169.2250,-44.5243,0.4650
169.2750,-44.5243,0.4758
169.3250,-44.5243,0.4791
169.3750,-44.5243,0.4791
169.4250,-44.5243,0.4787
169.4750,-44.5243,0.4788
169.5250,-44.5243,0.4820
169.5750,-44.5243,0.4893
169.6250,-44.5243,0.4893
169.6750,-44.5243,0.4960
169.7250,-44.5243,0.4849
169.7750,-44.5243,0.4927
169.8250,-44.5243,0.4796
169.8750,-44.5243,0.4708
169.9250,-44.5243,0.4688
169.9750,-44.5243,0.4610
170.0250,-44.5243,0.4608
170.0750,-44.5243,0.4550
170.1250,-44.5243,0.4468
170.1750,-44.5243,0.4468
170.2250,-44.5243,0.4393
170.2750,-44.5243,0.4389
170.3250,-44.5243,0.4289
170.3750,-44.5243,0.4143
170.4250,-44.5243,0.4142
170.4750,-44.5243,0.3982
170.5250,-44.5243,0.3839
170.5750,-44.5243,0.3808
170.6250,-44.5243,0.3631
170.6750,-44.5243,0.3495
170.7250,-44.5243,0.3495
170.7750,-44.5243,0.3392
170.8250,-44.5243,0.3331
170.8750,-44.5243,0.3276
170.9250,-44.5243,0.3142
170.9750,-44.5243,0.3142
171.0250,-44.5243,0.2981
171.0750,-44.5243,0.2836
171.1250,-44.5243,0.2795
171.1750,-44.5243,0.2689
171.2250,-44.5243,0.2670
167.7250,-44.5743,0.7130
167.7750,-44.5743,0.7128
167.8250,-44.5743,0.7065
167.8750,-44.5743,0.7072
167.9250,-44.5743,0.6850
167.9750,-44.5743,0.6850
168.0250,-44.5743,0.6442
168.0750,-44.5743,0.6068
168.1250,-44.5743,0.6011
168.1750,-44.5743,0.5881
168.2250,-44.5743,0.5860
168.2750,-44.5743,0.5738
168.3250,-44.5743,0.5622
168.3750,-44.5743,0.5633
168.4250,-44.5743,0.5513
168.4750,-44.5743,0.5402
168.5250,-44.5743,0.5401
168.5750,-44.5743,0.5290
168.6250,-44.5743,0.5290
168.6750,-44.5743,0.5184
168.7250,-44.5743,0.5040
168.7750,-44.5743,0.5040
168.8250,-44.5743,0.4876
168.8750,-44.5743,0.4876
168.9250,-44.5743,0.4735
168.9750,-44.5743,0.4683
169.0250,-44.5743,0.4660
169.0750,-44.5743,0.4693
169.1250,-44.5743,0.4729
169.1750,-44.5743,0.4674
169.2250,-44.5743,0.4761
169.2750,-44.5743,0.4761
169.3250,-44.5743,0.4765
169.3750,-44.5743,0.4727
169.4250,-44.5743,0.4727
169.4750,-44.5743,0.4718
169.5250,-44.5743,0.4751
169.5750,-44.5743,0.4762
169.6250,-44.5743,0.4842
169.6750,-44.5743,0.4842
169.7250,-44.5743,0.4849
169.7750,-44.5743,0.4708
169.8250,-44.5743,0.4796
169.8750,-44.5743,0.4633
169.9250,-44.5743,0.4592
169.9750,-44.5743,0.4593
170.0250,-44.5743,0.4551
170.0750,-44.5743,0.4510
170.1250,-44.5743,0.4493
170.1750,-44.5743,0.4422
170.2250,-44.5743,0.4422
170.2750,-44.5743,0.4334
170.3250,-44.5743,0.4271
170.3750,-44.5743,0.4196
170.4250,-44.5743,0.4026
170.4750,-44.5743,0.4024
170.5250,-44.5743,0.3839
170.5750,-44.5743,0.3695
170.6250,-44.5743,0.3630
170.6750,-44.5743,0.3517
170.7250,-44.5743,0.3414
170.7750,-44.5743,0.3414
170.8250,-44.5743,0.3299
170.8750,-44.5743,0.3171
170.9250,-44.5743,0.3168
170.9750,-44.5743,0.3015
171.0250,-44.5743,0.3015
171.0750,-44.5743,0.2836
171.1250,-44.5743,0.2716
171.1750,-44.5743,0.2689
167.6250,-44.6243,0.7193
167.6750,-44.6243,0.7074
167.7250,-44.6243,0.7130
167.7750,-44.6243,0.7130
167.8250,-44.6243,0.6989
167.8750,-44.6243,0.6823
167.9250,-44.6243,0.6819
167.9750,-44.6243,0.6536
168.0250,-44.6243,0.6536
168.0750,-44.6243,0.6048
168.1250,-44.6243,0.5888
168.1750,-44.6243,0.5881
168.2250,-44.6243,0.5712
168.2750,-44.6243,0.5702
168.3250,-44.6243,0.5615
168.3750,-44.6243,0.5451
168.4250,-44.6243,0.5512
168.4750,-44.6243,0.5333
168.5250,-44.6243,0.5218
168.5750,-44.6243,0.5218
168.6250,-44.6243,0.5115
168.6750,-44.6243,0.5115
168.7250,-44.6243,0.4999
168.7750,-44.6243,0.4860
168.8250,-44.6243,0.4860
168.8750,-44.6243,0.4753
168.9250,-44.6243,0.4751
168.9750,-44.6243,0.4683
169.0250,-44.6243,0.4662
169.0750,-44.6243,0.4695
169.1250,-44.6243,0.4681
169.1750,-44.6243,0.4672
169.2250,-44.6243,0.4760
169.2750,-44.6243,0.4656
169.3250,-44.6243,0.4637
169.3750,-44.6243,0.4629
169.4250,-44.6243,0.4623
169.4750,-44.6243,0.4623
169.5250,-44.6243,0.4635
169.5750,-44.6243,0.4708
169.6250,-44.6243,0.4709
169.6750,-44.6243,0.4756
169.7250,-44.6243,0.4755
169.7750,-44.6243,0.4708
169.8250,-44.6243,0.4579
169.8750,-44.6243,0.4633
169.9250,-44.6243,0.4545
169.9750,-44.6243,0.4508
170.0250,-44.6243,0.4516
170.0750,-44.6243,0.4465
170.1250,-44.6243,0.4411
170.1750,-44.6243,0.4409
170.2250,-44.6243,0.4349
170.2750,-44.6243,0.4349
170.3250,-44.6243,0.4256
170.3750,-44.6243,0.4122
170.4250,-44.6243,0.4102
170.4750,-44.6243,0.3910
170.5250,-44.6243,0.3836
170.5750,-44.6243,0.3695
170.6250,-44.6243,0.3540
170.6750,-44.6243,0.3512
170.7250,-44.6243,0.3438
170.7750,-44.6243,0.3326
170.8250,-44.6243,0.3326
170.8750,-44.6243,0.3202
170.9250,-44.6243,0.3060
170.9750,-44.6243,0.3060
171.0250,-44.6243,0.2893
171.0750,-44.6243,0.2893
171.1250,-44.6243,0.2716
171.1750,-44.6243,0.2716
167.5750,-44.6743,0.7193
167.6250,-44.6743,0.7193
167.6750,-44.6743,0.7062
167.7250,-44.6743,0.7062
167.7750,-44.6743,0.6915
167.8250,-44.6743,0.6915
167.8750,-44.6743,0.6759
167.9250,-44.6743,0.6531
167.9750,-44.6743,0.6531
168.0250,-44.6743,0.6087
168.0750,-44.6743,0.6087
168.1250,-44.6743,0.5887
168.1750,-44.6743,0.5735
168.2250,-44.6743,0.5712
168.2750,-44.6743,0.5569
168.3250,-44.6743,0.5436
168.3750,-44.6743,0.5451
168.4250,-44.6743,0.5295
168.4750,-44.6743,0.5331
168.5250,-44.6743,0.5165
168.5750,-44.6743,0.5043
168.6250,-44.6743,0.5043
168.6750,-44.6743,0.4930
168.7250,-44.6743,0.4912
168.7750,-44.6743,0.4799
168.8250,-44.6743,0.4736
168.8750,-44.6743,0.4736
168.9250,-44.6743,0.4698
168.9750,-44.6743,0.4689
169.0250,-44.6743,0.4662
169.0750,-44.6743,0.4638
169.1250,-44.6743,0.4663
169.1750,-44.6743,0.4664
169.2250,-44.6743,0.4601
169.2750,-44.6743,0.4656
169.3250,-44.6743,0.4583
169.3750,-44.6743,0.4575
169.4250,-44.6743,0.4575
169.4750,-44.6743,0.4581
169.5250,-44.6743,0.4581
169.5750,-44.6743,0.4601
169.6250,-44.6743,0.4624
169.6750,-44.6743,0.4624
169.7250,-44.6743,0.4613
169.7750,-44.6743,0.4608
169.8250,-44.6743,0.4579
169.8750,-44.6743,0.4512
169.9250,-44.6743,0.4545
169.9750,-44.6743,0.4475
170.0250,-44.6743,0.4431
170.0750,-44.6743,0.4447
170.1250,-44.6743,0.4377
170.1750,-44.6743,0.4320
170.2250,-44.6743,0.4320
170.2750,-44.6743,0.4259
170.3250,-44.6743,0.4259
170.3750,-44.6743,0.4161
170.4250,-44.6743,0.3987
170.4750,-44.6743,0.3979
170.5250,-44.6743,0.3758
170.5750,-44.6743,0.3601
170.6250,-44.6743,0.3540
170.6750,-44.6743,0.3473
170.7250,-44.6743,0.3385
170.7750,-44.6743,0.3363
170.8250,-44.6743,0.3242
170.8750,-44.6743,0.3242
170.9250,-44.6743,0.3107
170.9750,-44.6743,0.2953
171.0250,-44.6743,0.2953
171.0750,-44.6743,0.2773
171.1250,-44.6743,0.2757
171.1750,-44.6743,0.2701
167.4750,-44.7243,0.7126
167.5250,-44.7243,0.7077
167.5750,-44.7243,0.7077
167.6250,-44.7243,0.7177
167.6750,-44.7243,0.6948
167.7250,-44.7243,0.6827
167.7750,-44.7243,0.6827
167.8250,-44.7243,0.6702
167.8750,-44.7243,0.6697
167.9250,-44.7243,0.6529
167.9750,-44.7243,0.6202
168.0250,-44.7243,0.6202
168.0750,-44.7243,0.5932
168.1250,-44.7243,0.5927
168.1750,-44.7243,0.5735
168.2250,-44.7243,0.5537
168.2750,-44.7243,0.5568
168.3250,-44.7243,0.5419
168.3750,-44.7243,0.5210
168.4250,-44.7243,0.5295
168.4750,-44.7243,0.5067
168.5250,-44.7243,0.5124
168.5750,-44.7243,0.4943
168.6250,-44.7243,0.4836
168.6750,-44.7243,0.4836
168.7250,-44.7243,0.4736
168.7750,-44.7243,0.4696
168.8250,-44.7243,0.4693
168.8750,-44.7243,0.4704
168.9250,-44.7243,0.4704
168.9750,-44.7243,0.4678
169.0250,-44.7243,0.4610
169.0750,-44.7243,0.4637
169.1250,-44.7243,0.4575
169.1750,-44.7243,0.4621
169.2250,-44.7243,0.4600
169.2750,-44.7243,0.4503
169.3250,-44.7243,0.4583
169.3750,-44.7243,0.4499
169.4250,-44.7243,0.4516
169.4750,-44.7243,0.4516
169.5250,-44.7243,0.4540
169.5750,-44.7243,0.4540
169.6250,-44.7243,0.4560
169.6750,-44.7243,0.4569
169.7250,-44.7243,0.4569
169.7750,-44.7243,0.4545
169.8250,-44.7243,0.4487
169.8750,-44.7243,0.4512
169.9250,-44.7243,0.4428
169.9750,-44.7243,0.4472
170.0250,-44.7243,0.4384
170.0750,-44.7243,0.4332
170.1250,-44.7243,0.4365
170.1750,-44.7243,0.4276
170.2250,-44.7243,0.4217
170.2750,-44.7243,0.4217
170.3250,-44.7243,0.4159
170.3750,-44.7243,0.4159
170.4250,-44.7243,0.4041
170.4750,-44.7243,0.3841
170.5250,-44.7243,0.3839
170.5750,-44.7243,0.3599
170.6250,-44.7243,0.3502
170.6750,-44.7243,0.3473
170.7250,-44.7243,0.3398
170.7750,-44.7243,0.3284
170.8250,-44.7243,0.3283
170.8750,-44.7243,0.3156
170.9250,-44.7243,0.3156
170.9750,-44.7243,0.3013
171.0250,-44.7243,0.2850
171.0750,-44.7243,0.2850
171.1250,-44.7243,0.2701
171.1750,-44.7243,0.2701
167.3750,-44.7743,0.7115
167.4250,-44.7743,0.7127
167.4750,-44.7743,0.7127
167.5250,-44.7743,0.7077
167.5750,-44.7743,0.7077
167.6250,-44.7743,0.6906
167.6750,-44.7743,0.6867
167.7250,-44.7743,0.6794
167.7750,-44.7743,0.6662
167.8250,-44.7743,0.6662
167.8750,-44.7743,0.6494
167.9250,-44.7743,0.6275
167.9750,-44.7743,0.6217
168.0250,-44.7743,0.5953
168.0750,-44.7743,0.5953
168.1250,-44.7743,0.5745
168.1750,-44.7743,0.5669
168.2250,-44.7743,0.5536
168.2750,-44.7743,0.5351
168.3250,-44.7743,0.5363
168.3750,-44.7743,0.5209
168.4250,-44.7743,0.5017
168.4750,-44.7743,0.5067
168.5250,-44.7743,0.4888
168.5750,-44.7743,0.4810
168.6250,-44.7743,0.4789
168.6750,-44.7743,0.4678
168.7250,-44.7743,0.4678
168.7750,-44.7743,0.4637
168.8250,-44.7743,0.4630
168.8750,-44.7743,0.4630
168.9250,-44.7743,0.4623
168.9750,-44.7743,0.4623
169.0250,-44.7743,0.4606
169.0750,-44.7743,0.4522
169.1250,-44.7743,0.4568
169.1750,-44.7743,0.4495
169.2250,-44.7743,0.4451
169.2750,-44.7743,0.4503
169.3250,-44.7743,0.4413
169.3750,-44.7743,0.4499
169.4250,-44.7743,0.4423
169.4750,-44.7743,0.4450
169.5250,-44.7743,0.4450
169.5750,-44.7743,0.4461
169.6250,-44.7743,0.4468
169.6750,-44.7743,0.4480
169.7250,-44.7743,0.4494
169.7750,-44.7743,0.4494
169.8250,-44.7743,0.4468
169.8750,-44.7743,0.4402
169.9250,-44.7743,0.4428
169.9750,-44.7743,0.4354
170.0250,-44.7743,0.4335
170.0750,-44.7743,0.4304
170.1250,-44.7743,0.4242
170.1750,-44.7743,0.4267
170.2250,-44.7743,0.4174
170.2750,-44.7743,0.4106
170.3250,-44.7743,0.4106
170.3750,-44.7743,0.4023
170.4250,-44.7743,0.4020
170.4750,-44.7743,0.3879
170.5250,-44.7743,0.3666
170.5750,-44.7743,0.3665
170.6250,-44.7743,0.3502
170.6750,-44.7743,0.3437
170.7250,-44.7743,0.3398
170.7750,-44.7743,0.3329
170.8250,-44.7743,0.3209
170.8750,-44.7743,0.3209
170.9250,-44.7743,0.3073
170.9750,-44.7743,0.3060
171.0250,-44.7743,0.2922
171.0750,-44.7743,0.2751
171.1250,-44.7743,0.2751
171.1750,-44.7743,0.2700
167.3250,-44.8243,0.7176
167.3750,-44.8243,0.7040
167.4250,-44.8243,0.7036
167.4750,-44.8243,0.7124
167.5250,-44.8243,0.6916
167.5750,-44.8243,0.6812
167.6250,-44.8243,0.6906
167.6750,-44.8243,0.6702
167.7250,-44.8243,0.6584
167.7750,-44.8243,0.6577
167.8250,-44.8243,0.6426
167.8750,-44.8243,0.6426
167.9250,-44.8243,0.6204
167.9750,-44.8243,0.5983
168.0250,-44.8243,0.5982
168.0750,-44.8243,0.5782
168.1250,-44.8243,0.5782
168.1750,-44.8243,0.5555
168.2250,-44.8243,0.5328
168.2750,-44.8243,0.5348
168.3250,-44.8243,0.5160
168.3750,-44.8243,0.5171
168.4250,-44.8243,0.5017
168.4750,-44.8243,0.4799
168.5250,-44.8243,0.4888
168.5750,-44.8243,0.4735
168.6250,-44.8243,0.4648
168.6750,-44.8243,0.4648
168.7250,-44.8243,0.4611
168.7750,-44.8243,0.4611
168.8250,-44.8243,0.4592
168.8750,-44.8243,0.4573
168.9250,-44.8243,0.4573
168.9750,-44.8243,0.4559
169.0250,-44.8243,0.4559
169.0750,-44.8243,0.4521
169.1250,-44.8243,0.4360
169.1750,-44.8243,0.4454
169.2250,-44.8243,0.4411
169.2750,-44.8243,0.4291
169.3250,-44.8243,0.4413
169.3750,-44.8243,0.4295
169.4250,-44.8243,0.4403
169.4750,-44.8243,0.4313
169.5250,-44.8243,0.4339
169.5750,-44.8243,0.4339
169.6250,-44.8243,0.4369
169.6750,-44.8243,0.4408
169.7250,-44.8243,0.4410
169.7750,-44.8243,0.4438
169.8250,-44.8243,0.4438
169.8750,-44.8243,0.4401
169.9250,-44.8243,0.4313
169.9750,-44.8243,0.4354
170.0250,-44.8243,0.4265
170.0750,-44.8243,0.4204
170.1250,-44.8243,0.4212
170.1750,-44.8243,0.4134
170.2250,-44.8243,0.4122
170.2750,-44.8243,0.4059
170.3250,-44.8243,0.3979
170.3750,-44.8243,0.3979
170.4250,-44.8243,0.3885
170.4750,-44.8243,0.3827
170.5250,-44.8243,0.3720
170.5750,-44.8243,0.3534
170.6250,-44.8243,0.3534
170.6750,-44.8243,0.3437
170.7250,-44.8243,0.3364
170.7750,-44.8243,0.3329
170.8250,-44.8243,0.3254
170.8750,-44.8243,0.3129
170.9250,-44.8243,0.3129
170.9750,-44.8243,0.2990
171.0250,-44.8243,0.2884
171.0750,-44.8243,0.2836
171.1250,-44.8243,0.2700
171.1750,-44.8243,0.2700
167.2250,-44.8743,0.7177
167.2750,-44.8743,0.7177
167.3250,-44.8743,0.7176
167.3750,-44.8743,0.7034
167.4250,-44.8743,0.7034
167.4750,-44.8743,0.6918
167.5250,-44.8743,0.6883
167.5750,-44.8743,0.6812
167.6250,-44.8743,0.6697
167.6750,-44.8743,0.6702
167.7250,-44.8743,0.6565
167.7750,-44.8743,0.6405
167.8250,-44.8743,0.6405
167.8750,-44.8743,0.6189
167.9250,-44.8743,0.6188
167.9750,-44.8743,0.5996
168.0250,-44.8743,0.5807
168.0750,-44.8743,0.5807
168.1250,-44.8743,0.5557
168.1750,-44.8743,0.5557
168.2250,-44.8743,0.5303
168.2750,-44.8743,0.5081
168.3250,-44.8743,0.5095
168.3750,-44.8743,0.4924
168.4250,-44.8743,0.4903
168.4750,-44.8743,0.4799
168.5250,-44.8743,0.4721
168.5750,-44.8743,0.4735
168.6250,-44.8743,0.4680
168.6750,-44.8743,0.4606
168.7250,-44.8743,0.4606
168.7750,-44.8743,0.4554
168.8250,-44.8743,0.4550
168.8750,-44.8743,0.4509
168.9250,-44.8743,0.4473
168.9750,-44.8743,0.4473
169.0250,-44.8743,0.4425
169.0750,-44.8743,0.4422
169.1250,-44.8743,0.4352
169.1750,-44.8743,0.4222
169.2250,-44.8743,0.4303
169.2750,-44.8743,0.4289
169.3250,-44.8743,0.4155
169.3750,-44.8743,0.4295
169.4250,-44.8743,0.4169
169.4750,-44.8743,0.4214
169.5250,-44.8743,0.4199
169.5750,-44.8743,0.4238
169.6250,-44.8743,0.4238
169.6750,-44.8743,0.4285
169.7250,-44.8743,0.4340
169.7750,-44.8743,0.4340
169.8250,-44.8743,0.4352
169.8750,-44.8743,0.4352
169.9250,-44.8743,0.4313
169.9750,-44.8743,0.4251
170.0250,-44.8743,0.4265
170.0750,-44.8743,0.4190
170.1250,-44.8743,0.4117
170.1750,-44.8743,0.4126
170.2250,-44.8743,0.4036
170.2750,-44.8743,0.3953
170.3250,-44.8743,0.3946
170.3750,-44.8743,0.3847
170.4250,-44.8743,0.3847
170.4750,-44.8743,0.3713
170.5250,-44.8743,0.3559
170.5750,-44.8743,0.3543
170.6250,-44.8743,0.3459
170.6750,-44.8743,0.3450
170.7250,-44.8743,0.3364
170.7750,-44.8743,0.3296
170.8250,-44.8743,0.3254
170.8750,-44.8743,0.3183
170.9250,-44.8743,0.3056
170.9750,-44.8743,0.3056
171.0250,-44.8743,0.2914
171.0750,-44.8743,0.2757
171.1250,-44.8743,0.2754
171.1750,-44.8743,0.2744
167.1750,-44.9243,0.7371
167.2250,-44.9243,0.7182
167.2750,-44.9243,0.7177
167.3250,-44.9243,0.7172
167.3750,-44.9243,0.7034
167.4250,-44.9243,0.6893
167.4750,-44.9243,0.6922
167.5250,-44.9243,0.6813
167.5750,-44.9243,0.6634
167.6250,-44.9243,0.6697
167.6750,-44.9243,0.6477
167.7250,-44.9243,0.6565
167.7750,-44.9243,0.6311
167.8250,-44.9243,0.6110
167.8750,-44.9243,0.6110
167.9250,-44.9243,0.5992
167.9750,-44.9243,0.5959
168.0250,-44.9243,0.5841
168.0750,-44.9243,0.5589
168.1250,-44.9243,0.5589
168.1750,-44.9243,0.5304
168.2250,-44.9243,0.5303
168.2750,-44.9243,0.5074
168.3250,-44.9243,0.4897
168.3750,-44.9243,0.4906
168.4250,-44.9243,0.4782
168.4750,-44.9243,0.4693
168.5250,-44.9243,0.4721
168.5750,-44.9243,0.4629
168.6250,-44.9243,0.4680
168.6750,-44.9243,0.4579
168.7250,-44.9243,0.4510
168.7750,-44.9243,0.4510
168.8250,-44.9243,0.4447
168.8750,-44.9243,0.4399
168.9250,-44.9243,0.4391
168.9750,-44.9243,0.4334
169.0250,-44.9243,0.4334
169.0750,-44.9243,0.4250
169.1250,-44.9243,0.4188
169.1750,-44.9243,0.4187
169.2250,-44.9243,0.4118
169.2750,-44.9243,0.4158
169.3250,-44.9243,0.4155
169.3750,-44.9243,0.3994
169.4250,-44.9243,0.4169
169.4750,-44.9243,0.4029
169.5250,-44.9243,0.4081
169.5750,-44.9243,0.4080
169.6250,-44.9243,0.4142
169.6750,-44.9243,0.4142
169.7250,-44.9243,0.4206
169.7750,-44.9243,0.4253
169.8250,-44.9243,0.4253
169.8750,-44.9243,0.4280
169.9250,-44.9243,0.4277
169.9750,-44.9243,0.4251
170.0250,-44.9243,0.4147
170.0750,-44.9243,0.4190
170.1250,-44.9243,0.4099
170.1750,-44.9243,0.4021
170.2250,-44.9243,0.4032
170.2750,-44.9243,0.3924
170.3250,-44.9243,0.3817
170.3750,-44.9243,0.3817
170.4250,-44.9243,0.3691
170.4750,-44.9243,0.3691
170.5250,-44.9243,0.3548
170.5750,-44.9243,0.3477
170.6250,-44.9243,0.3476
170.6750,-44.9243,0.3392
170.7250,-44.9243,0.3327
170.7750,-44.9243,0.3296
170.8250,-44.9243,0.3221
170.8750,-44.9243,0.3163
170.9250,-44.9243,0.3108
170.9750,-44.9243,0.2981
171.0250,-44.9243,0.2981
171.0750,-44.9243,0.2837
171.1250,-44.9243,0.2835
171.1750,-44.9243,0.2755
167.1250,-44.9743,0.7371
167.1750,-44.9743,0.7371
167.2250,-44.9743,0.7182
167.2750,-44.9743,0.7182
167.3250,-44.9743,0.7022
167.3750,-44.9743,0.6988
167.4250,-44.9743,0.6890
167.4750,-44.9743,0.6769
167.5250,-44.9743,0.6759
167.5750,-44.9743,0.6625
167.6250,-44.9743,0.6490
167.6750,-44.9743,0.6477
167.7250,-44.9743,0.6311
167.7750,-44.9743,0.6305
167.8250,-44.9743,0.6109
167.8750,-44.9743,0.5998
167.9250,-44.9743,0.5998
167.9750,-44.9743,0.5865
168.0250,-44.9743,0.5643
168.0750,-44.9743,0.5629
168.1250,-44.9743,0.5305
168.1750,-44.9743,0.5305
168.2250,-44.9743,0.5030
168.2750,-44.9743,0.5020
168.3250,-44.9743,0.4864
168.3750,-44.9743,0.4769
168.4250,-44.9743,0.4769
168.4750,-44.9743,0.4682
168.5250,-44.9743,0.4621
168.5750,-44.9743,0.4629
168.6250,-44.9743,0.4551
168.6750,-44.9743,0.4570
168.7250,-44.9743,0.4466
168.7750,-44.9743,0.4383
168.8250,-44.9743,0.4384
168.8750,-44.9743,0.4314
168.9250,-44.9743,0.4238
168.9750,-44.9743,0.4237
169.0250,-44.9743,0.4129
169.0750,-44.9743,0.4129
169.1250,-44.9743,0.4045
169.1750,-44.9743,0.3887
169.2250,-44.9743,0.3998
169.2750,-44.9743,0.3974
169.3250,-44.9743,0.3980
169.3750,-44.9743,0.3994
169.4250,-44.9743,0.3851
169.4750,-44.9743,0.4029
169.5250,-44.9743,0.3909
169.5750,-44.9743,0.3978
169.6250,-44.9743,0.3978
169.6750,-44.9743,0.4040
169.7250,-44.9743,0.4043
169.7750,-44.9743,0.4100
169.8250,-44.9743,0.4163
169.8750,-44.9743,0.4163
169.9250,-44.9743,0.4179
169.9750,-44.9743,0.4118
170.0250,-44.9743,0.4147
170.0750,-44.9743,0.4063
170.1250,-44.9743,0.4098
170.1750,-44.9743,0.4035
170.2250,-44.9743,0.3943
170.2750,-44.9743,0.3927
170.3250,-44.9743,0.3818
170.3750,-44.9743,0.3682
170.4250,-44.9743,0.3682
170.4750,-44.9743,0.3547
170.5250,-44.9743,0.3547
170.5750,-44.9743,0.3482
170.6250,-44.9743,0.3408
170.6750,-44.9743,0.3406
170.7250,-44.9743,0.3320
170.7750,-44.9743,0.3257
170.8250,-44.9743,0.3221
170.8750,-44.9743,0.3155
170.9250,-44.9743,0.3044
170.9750,-44.9743,0.3040
171.0250,-44.9743,0.2908
171.0750,-44.9743,0.2908
171.1250,-44.9743,0.2837
167.0750,-45.0243,0.7416
167.1250,-45.0243,0.7416
167.1750,-45.0243,0.7223
167.2250,-45.0243,0.7223
167.2750,-45.0243,0.7068
167.3250,-45.0243,0.7068
167.3750,-45.0243,0.6934
167.4250,-45.0243,0.6807
167.4750,-45.0243,0.6797
167.5250,-45.0243,0.6650
167.5750,-45.0243,0.6650
167.6250,-45.0243,0.6489
167.6750,-45.0243,0.6219
167.7250,-45.0243,0.6311
167.7750,-45.0243,0.6042
167.8250,-45.0243,0.6041
167.8750,-45.0243,0.5972
167.9250,-45.0243,0.5861
167.9750,-45.0243,0.5861
168.0250,-45.0243,0.5668
168.0750,-45.0243,0.5342
168.1250,-45.0243,0.5341
168.1750,-45.0243,0.5035
168.2250,-45.0243,0.5035
168.2750,-45.0243,0.4851
168.3250,-45.0243,0.4792
168.3750,-45.0243,0.4776
168.4250,-45.0243,0.4698
168.4750,-45.0243,0.4698
168.5250,-45.0243,0.4621
168.5750,-45.0243,0.4500
168.6250,-45.0243,0.4551
168.6750,-45.0243,0.4397
168.7250,-45.0243,0.4333
168.7750,-45.0243,0.4296
168.8250,-45.0243,0.4214
168.8750,-45.0243,0.4224
168.9250,-45.0243,0.4138
168.9750,-45.0243,0.4014
169.0250,-45.0243,0.4014
169.0750,-45.0243,0.3905
169.1250,-45.0243,0.3905
169.1750,-45.0243,0.3840
169.2250,-45.0243,0.3693
169.2750,-45.0243,0.3807
169.3250,-45.0243,0.3813
169.3750,-45.0243,0.3738
169.4250,-45.0243,0.3851
169.4750,-45.0243,0.3694
169.5250,-45.0243,0.3908
169.5750,-45.0243,0.3772
169.6250,-45.0243,0.3848
169.6750,-45.0243,0.3848
169.7250,-45.0243,0.3927
169.7750,-45.0243,0.3971
169.8250,-45.0243,0.4006
169.8750,-45.0243,0.4047
169.9250,-45.0243,0.4047
169.9750,-45.0243,0.4052
170.0250,-45.0243,0.3965
170.0750,-45.0243,0.4063
170.1250,-45.0243,0.3997
170.1750,-45.0243,0.4025
170.2250,-45.0243,0.3978
170.2750,-45.0243,0.3841
170.3250,-45.0243,0.3819
170.3750,-45.0243,0.3684
170.4250,-45.0243,0.3548
170.4750,-45.0243,0.3548
170.5250,-45.0243,0.3489
170.5750,-45.0243,0.3489
170.6250,-45.0243,0.3422
170.6750,-45.0243,0.3346
170.7250,-45.0243,0.3345
170.7750,-45.0243,0.3256
170.8250,-45.0243,0.3185
170.8750,-45.0243,0.3155
170.9250,-45.0243,0.3082
170.9750,-45.0243,0.2963
171.0250,-45.0243,0.2963
171.0750,-45.0243,0.2908
171.1250,-45.0243,0.2907
167.0250,-45.0743,0.7449
167.0750,-45.0743,0.7453
167.1250,-45.0743,0.7411
167.1750,-45.0743,0.7270
167.2250,-45.0743,0.7106
167.2750,-45.0743,0.7106
167.3250,-45.0743,0.6951
167.3750,-45.0743,0.6951
167.4250,-45.0743,0.6791
167.4750,-45.0743,0.6627
167.5250,-45.0743,0.6618
167.5750,-45.0743,0.6427
167.6250,-45.0743,0.6425
167.6750,-45.0743,0.6219
167.7250,-45.0743,0.6042
167.7750,-45.0743,0.6042
167.8250,-45.0743,0.5965
167.8750,-45.0743,0.5859
167.9250,-45.0743,0.5856
167.9750,-45.0743,0.5684
168.0250,-45.0743,0.5672
168.0750,-45.0743,0.5401
168.1250,-45.0743,0.5064
168.1750,-45.0743,0.5063
168.2250,-45.0743,0.4839
168.2750,-45.0743,0.4839
168.3250,-45.0743,0.4730
168.3750,-45.0743,0.4638
168.4250,-45.0743,0.4638
168.4750,-45.0743,0.4584
168.5250,-45.0743,0.4584
168.5750,-45.0743,0.4500
168.6250,-45.0743,0.4336
168.6750,-45.0743,0.4397
168.7250,-45.0743,0.4210
168.7750,-45.0743,0.4096
168.8250,-45.0743,0.4095
168.8750,-45.0743,0.4002
168.9250,-45.0743,0.4047
168.9750,-45.0743,0.3886
169.0250,-45.0743,0.3753
169.0750,-45.0743,0.3753
169.1250,-45.0743,0.3656
169.1750,-45.0743,0.3656
169.2250,-45.0743,0.3605
169.2750,-45.0743,0.3572
169.3250,-45.0743,0.3596
169.3750,-45.0743,0.3627
169.4250,-45.0743,0.3523
169.4750,-45.0743,0.3694
169.5250,-45.0743,0.3549
169.5750,-45.0743,0.3764
169.6250,-45.0743,0.3626
169.6750,-45.0743,0.3724
169.7250,-45.0743,0.3724
169.7750,-45.0743,0.3812
169.8250,-45.0743,0.3876
169.8750,-45.0743,0.3877
169.9250,-45.0743,0.3933
169.9750,-45.0743,0.3933
170.0250,-45.0743,0.3961
170.0750,-45.0743,0.3928
170.1250,-45.0743,0.3996
170.1750,-45.0743,0.3943
170.2250,-45.0743,0.3876
170.2750,-45.0743,0.3861
170.3250,-45.0743,0.3700
170.3750,-45.0743,0.3662
170.4250,-45.0743,0.3551
170.4750,-45.0743,0.3493
170.5250,-45.0743,0.3493
170.5750,-45.0743,0.3430
170.6250,-45.0743,0.3423
170.6750,-45.0743,0.3358
170.7250,-45.0743,0.3277
170.7750,-45.0743,0.3277
170.8250,-45.0743,0.3185
170.8750,-45.0743,0.3117
170.9250,-45.0743,0.3082
170.9750,-45.0743,0.3008
171.0250,-45.0743,0.2963
166.9750,-45.1243,0.7386
167.0250,-45.1243,0.7386
167.0750,-45.1243,0.7386
167.1250,-45.1243,0.7272
167.1750,-45.1243,0.7148
167.2250,-45.1243,0.7140
167.2750,-45.1243,0.6994
167.3250,-45.1243,0.6994
167.3750,-45.1243,0.6836
167.4250,-45.1243,0.6834
167.4750,-45.1243,0.6658
167.5250,-45.1243,0.6458
167.5750,-45.1243,0.6458
167.6250,-45.1243,0.6235
167.6750,-45.1243,0.6156
167.7250,-45.1243,0.6042
167.7750,-45.1243,0.5929
167.8250,-45.1243,0.5965
167.8750,-45.1243,0.5817
167.9250,-45.1243,0.5662
167.9750,-45.1243,0.5663
168.0250,-45.1243,0.5436
168.0750,-45.1243,0.5370
168.1250,-45.1243,0.5134
168.1750,-45.1243,0.4870
168.2250,-45.1243,0.4870
168.2750,-45.1243,0.4719
168.3250,-45.1243,0.4719
168.3750,-45.1243,0.4624
168.4250,-45.1243,0.4559
168.4750,-45.1243,0.4559
168.5250,-45.1243,0.4458
168.5750,-45.1243,0.4436
168.6250,-45.1243,0.4336
168.6750,-45.1243,0.4111
168.7250,-45.1243,0.4210
168.7750,-45.1243,0.3966
168.8250,-45.1243,0.3834
168.8750,-45.1243,0.3838
168.9250,-45.1243,0.3712
168.9750,-45.1243,0.3699
169.0250,-45.1243,0.3586
169.0750,-45.1243,0.3525
169.1250,-45.1243,0.3525
169.1750,-45.1243,0.3498
169.2250,-45.1243,0.3496
169.2750,-45.1243,0.3490
169.3250,-45.1243,0.3493
169.3750,-45.1243,0.3498
169.4250,-45.1243,0.3520
169.4750,-45.1243,0.3442
169.5250,-45.1243,0.3549
169.5750,-45.1243,0.3482
169.6250,-45.1243,0.3562
169.6750,-45.1243,0.3529
169.7250,-45.1243,0.3589
169.7750,-45.1243,0.3589
169.8250,-45.1243,0.3685
169.8750,-45.1243,0.3796
169.9250,-45.1243,0.3796
169.9750,-45.1243,0.3896
170.0250,-45.1243,0.3896
170.0750,-45.1243,0.3928
170.1250,-45.1243,0.3838
170.1750,-45.1243,0.3943
170.2250,-45.1243,0.3779
170.2750,-45.1243,0.3652
170.3250,-45.1243,0.3676
170.3750,-45.1243,0.3545
170.4250,-45.1243,0.3505
170.4750,-45.1243,0.3492
170.5250,-45.1243,0.3435
170.5750,-45.1243,0.3435
170.6250,-45.1243,0.3369
170.6750,-45.1243,0.3324
170.7250,-45.1243,0.3296
170.7750,-45.1243,0.3212
170.8250,-45.1243,0.3211
170.8750,-45.1243,0.3117
170.9250,-45.1243,0.3112
170.9750,-45.1243,0.3008
166.8750,-45.1743,0.7463
166.9250,-45.1743,0.7463
166.9750,-45.1743,0.7385
167.0250,-45.1743,0.7385
167.0750,-45.1743,0.7296
167.1250,-45.1743,0.7291
167.1750,-45.1743,0.7179
167.2250,-45.1743,0.7034
167.2750,-45.1743,0.7033
167.3250,-45.1743,0.6861
167.3750,-45.1743,0.6861
167.4250,-45.1743,0.6663
167.4750,-45.1743,0.6587
167.5250,-45.1743,0.6436
167.5750,-45.1743,0.6179
167.6250,-45.1743,0.6179
167.6750,-45.1743,0.6014
167.7250,-45.1743,0.5930
167.7750,-45.1743,0.5929
167.8250,-45.1743,0.5813
167.8750,-45.1743,0.5817
167.9250,-45.1743,0.5657
167.9750,-45.1743,0.5463
168.0250,-45.1743,0.5447
168.0750,-45.1743,0.5216
168.1250,-45.1743,0.5010
168.1750,-45.1743,0.4946
168.2250,-45.1743,0.4723
168.2750,-45.1743,0.4723
168.3250,-45.1743,0.4608
168.3750,-45.1743,0.4604
168.4250,-45.1743,0.4521
168.4750,-45.1743,0.4398
168.5250,-45.1743,0.4398
168.5750,-45.1743,0.4258
168.6250,-45.1743,0.4074
168.6750,-45.1743,0.4111
168.7250,-45.1743,0.3858
168.7750,-45.1743,0.3966
168.8250,-45.1743,0.3692
168.8750,-45.1743,0.3550
168.9250,-45.1743,0.3580
168.9750,-45.1743,0.3499
169.0250,-45.1743,0.3456
169.0750,-45.1743,0.3451
169.1250,-45.1743,0.3415
169.1750,-45.1743,0.3415
169.2250,-45.1743,0.3394
169.2750,-45.1743,0.3375
169.3250,-45.1743,0.3395
169.3750,-45.1743,0.3409
169.4250,-45.1743,0.3410
169.4750,-45.1743,0.3442
169.5250,-45.1743,0.3369
169.5750,-45.1743,0.3482
169.6250,-45.1743,0.3431
169.6750,-45.1743,0.3480
169.7250,-45.1743,0.3479
169.7750,-45.1743,0.3522
169.8250,-45.1743,0.3523
169.8750,-45.1743,0.3595
169.9250,-45.1743,0.3750
169.9750,-45.1743,0.3750
170.0250,-45.1743,0.3851
170.0750,-45.1743,0.3850
170.1250,-45.1743,0.3838
170.1750,-45.1743,0.3629
170.2250,-45.1743,0.3778
170.2750,-45.1743,0.3566
170.3250,-45.1743,0.3526
170.3750,-45.1743,0.3538
170.4250,-45.1743,0.3487
170.4750,-45.1743,0.3437
170.5250,-45.1743,0.3436
170.5750,-45.1743,0.3372
170.6250,-45.1743,0.3372
170.6750,-45.1743,0.3301
170.7250,-45.1743,0.3227
170.7750,-45.1743,0.3222
170.8250,-45.1743,0.3133
170.8750,-45.1743,0.3133
170.9250,-45.1743,0.3129
166.8750,-45.2243,0.7463
166.9250,-45.2243,0.7463
166.9750,-45.2243,0.7334
167.0250,-45.2243,0.7259
167.0750,-45.2243,0.7259
167.1250,-45.2243,0.7160
167.1750,-45.2243,0.7172
167.2250,-45.2243,0.7036
167.2750,-45.2243,0.6879
167.3250,-45.2243,0.6879
167.3750,-45.2243,0.6689
167.4250,-45.2243,0.6689
167.4750,-45.2243,0.6462
167.5250,-45.2243,0.6205
167.5750,-45.2243,0.6200
167.6250,-45.2243,0.6017
167.6750,-45.2243,0.6017
167.7250,-45.2243,0.5925
167.7750,-45.2243,0.5776
167.8250,-45.2243,0.5813
167.8750,-45.2243,0.5611
167.9250,-45.2243,0.5653
167.9750,-45.2243,0.5422
168.0250,-45.2243,0.5196
168.0750,-45.2243,0.5215
168.1250,-45.2243,0.4945
168.1750,-45.2243,0.4701
168.2250,-45.2243,0.4695
168.2750,-45.2243,0.4589
168.3250,-45.2243,0.4589
168.3750,-45.2243,0.4493
168.4250,-45.2243,0.4392
168.4750,-45.2243,0.4352
168.5250,-45.2243,0.4195
168.5750,-45.2243,0.4195
168.6250,-45.2243,0.4029
168.6750,-45.2243,0.3740
168.7250,-45.2243,0.3858
168.7750,-45.2243,0.3551
168.8250,-45.2243,0.3685
168.8750,-45.2243,0.3486
168.9250,-45.2243,0.3424
168.9750,-45.2243,0.3468
169.0250,-45.2243,0.3366
169.0750,-45.2243,0.3322
169.1250,-45.2243,0.3322
169.1750,-45.2243,0.3295
169.2250,-45.2243,0.3295
169.2750,-45.2243,0.3284
169.3250,-45.2243,0.3254
169.3750,-45.2243,0.3291
169.4250,-45.2243,0.3317
169.4750,-45.2243,0.3316
169.5250,-45.2243,0.3369
169.5750,-45.2243,0.3294
169.6250,-45.2243,0.3431
169.6750,-45.2243,0.3372
169.7250,-45.2243,0.3439
169.7750,-45.2243,0.3439
169.8250,-45.2243,0.3494
169.8750,-45.2243,0.3496
169.9250,-45.2243,0.3543
169.9750,-45.2243,0.3639
170.0250,-45.2243,0.3639
170.0750,-45.2243,0.3658
170.1250,-45.2243,0.3625
170.1750,-45.2243,0.3629
170.2250,-45.2243,0.3500
170.2750,-45.2243,0.3565
170.3250,-45.2243,0.3487
170.3750,-45.2243,0.3461
170.4250,-45.2243,0.3481
170.4750,-45.2243,0.3426
170.5250,-45.2243,0.3372
170.5750,-45.2243,0.3372
170.6250,-45.2243,0.3303
170.6750,-45.2243,0.3303
170.7250,-45.2243,0.3227
170.7750,-45.2243,0.3140
170.8250,-45.2243,0.3144
170.8750,-45.2243,0.3042
166.8250,-45.2742,0.7405
166.8750,-45.2742,0.7405
166.9250,-45.2742,0.7334
166.9750,-45.2742,0.7334
167.0250,-45.2742,0.7259
167.0750,-45.2742,0.7193
167.1250,-45.2742,0.7181
167.1750,-45.2742,0.7068
167.2250,-45.2742,0.7010
167.2750,-45.2742,0.6908
167.3250,-45.2742,0.6708
167.3750,-45.2742,0.6708
167.4250,-45.2742,0.6465
167.4750,-45.2742,0.6465
167.5250,-45.2742,0.6177
167.5750,-45.2742,0.6001
167.6250,-45.2742,0.6001
167.6750,-45.2742,0.5897
167.7250,-45.2742,0.5896
167.7750,-45.2742,0.5775
167.8250,-45.2742,0.5600
167.8750,-45.2742,0.5611
167.9250,-45.2742,0.5399
167.9750,-45.2742,0.5308
168.0250,-45.2742,0.5186
168.0750,-45.2742,0.4912
168.1250,-45.2742,0.4945
168.1750,-45.2742,0.4642
168.2250,-45.2742,0.4551
168.2750,-45.2742,0.4551
168.3250,-45.2742,0.4438
168.3750,-45.2742,0.4438
168.4250,-45.2742,0.4294
168.4750,-45.2742,0.4122
168.5250,-45.2742,0.4121
168.5750,-45.2742,0.3933
168.6250,-45.2742,0.3933
168.6750,-45.2742,0.3737
168.7250,-45.2742,0.3506
168.7750,-45.2742,0.3551
168.8250,-45.2742,0.3428
168.8750,-45.2742,0.3404
168.9250,-45.2742,0.3355
168.9750,-45.2742,0.3279
169.0250,-45.2742,0.3353
169.0750,-45.2742,0.3216
169.1250,-45.2742,0.3176
169.1750,-45.2742,0.3175
169.2250,-45.2742,0.3155
169.2750,-45.2742,0.3155
169.3250,-45.2742,0.3147
169.3750,-45.2742,0.3152
169.4250,-45.2742,0.3168
169.4750,-45.2742,0.3220
169.5250,-45.2742,0.3206
169.5750,-45.2742,0.3294
169.6250,-45.2742,0.3233
169.6750,-45.2742,0.3372
169.7250,-45.2742,0.3337
169.7750,-45.2742,0.3429
169.8250,-45.2742,0.3429
169.8750,-45.2742,0.3465
169.9250,-45.2742,0.3476
169.9750,-45.2742,0.3486
170.0250,-45.2742,0.3504
170.0750,-45.2742,0.3504
170.1250,-45.2742,0.3502
170.1750,-45.2742,0.3441
170.2250,-45.2742,0.3500
170.2750,-45.2742,0.3436
170.3250,-45.2742,0.3483
170.3750,-45.2742,0.3424
170.4250,-45.2742,0.3399
170.4750,-45.2742,0.3420
170.5250,-45.2742,0.3361
170.5750,-45.2742,0.3296
170.6250,-45.2742,0.3296
170.6750,-45.2742,0.3218
170.7250,-45.2742,0.3218
170.7750,-45.2742,0.3135
170.8250,-45.2742,0.3036
170.8750,-45.2742,0.3042
166.7750,-45.3242,0.7331
166.8250,-45.3242,0.7405
166.8750,-45.3242,0.7283
166.9250,-45.3242,0.7230
166.9750,-45.3242,0.7222
167.0250,-45.3242,0.7221
167.0750,-45.3242,0.7193
167.1250,-45.3242,0.7025
167.1750,-45.3242,0.7066
167.2250,-45.3242,0.6877
167.2750,-45.3242,0.6737
167.3250,-45.3242,0.6690
167.3750,-45.3242,0.6456
167.4250,-45.3242,0.6456
167.4750,-45.3242,0.6173
167.5250,-45.3242,0.6162
167.5750,-45.3242,0.5999
167.6250,-45.3242,0.5892
167.6750,-45.3242,0.5892
167.7250,-45.3242,0.5766
167.7750,-45.3242,0.5760
167.8250,-45.3242,0.5600
167.8750,-45.3242,0.5340
167.9250,-45.3242,0.5399
167.9750,-45.3242,0.5101
168.0250,-45.3242,0.4833
168.0750,-45.3242,0.4909
168.1250,-45.3242,0.4607
168.1750,-45.3242,0.4641
168.2250,-45.3242,0.4505
168.2750,-45.3242,0.4378
168.3250,-45.3242,0.4378
168.3750,-45.3242,0.4224
168.4250,-45.3242,0.4224
168.4750,-45.3242,0.4047
168.5250,-45.3242,0.3849
168.5750,-45.3242,0.3849
168.6250,-45.3242,0.3634
168.6750,-45.3242,0.3634
168.7250,-45.3242,0.3506
168.7750,-45.3242,0.3365
168.8250,-45.3242,0.3428
168.8750,-45.3242,0.3275
168.9250,-45.3242,0.3187
168.9750,-45.3242,0.3211
169.0250,-45.3242,0.3103
169.0750,-45.3242,0.3202
169.1250,-45.3242,0.3042
169.1750,-45.3242,0.3006
169.2250,-45.3242,0.3006
169.2750,-45.3242,0.2994
169.3250,-45.3242,0.2994
169.3750,-45.3242,0.3007
169.4250,-45.3242,0.3053
169.4750,-45.3242,0.3058
169.5250,-45.3242,0.3138
169.5750,-45.3242,0.3081
169.6250,-45.3242,0.3233
169.6750,-45.3242,0.3197
169.7250,-45.3242,0.3336
169.7750,-45.3242,0.3300
169.8250,-45.3242,0.3372
169.8750,-45.3242,0.3372
169.9250,-45.3242,0.3399
169.9750,-45.3242,0.3412
170.0250,-45.3242,0.3412
170.0750,-45.3242,0.3423
170.1250,-45.3242,0.3423
170.1750,-45.3242,0.3432
170.2250,-45.3242,0.3367
170.2750,-45.3242,0.3436
170.3250,-45.3242,0.3365
170.3750,-45.3242,0.3370
170.4250,-45.3242,0.3355
170.4750,-45.3242,0.3319
170.5250,-45.3242,0.3350
170.5750,-45.3242,0.3269
170.6250,-45.3242,0.3198
170.6750,-45.3242,0.3198
170.7250,-45.3242,0.3118
170.7750,-45.3242,0.3116
170.8250,-45.3242,0.3029
166.7750,-45.3742,0.7331
166.8250,-45.3742,0.7330
166.8750,-45.3742,0.7282
166.9250,-45.3742,0.7216
166.9750,-45.3742,0.7222
167.0250,-45.3742,0.7144
167.0750,-45.3742,0.7118
167.1250,-45.3742,0.7025
167.1750,-45.3742,0.6894
167.2250,-45.3742,0.6877
167.2750,-45.3742,0.6703
167.3250,-45.3742,0.6464
167.3750,-45.3742,0.6461
167.4250,-45.3742,0.6162
167.4750,-45.3742,0.6162
167.5250,-45.3742,0.5989
167.5750,-45.3742,0.5886
167.6250,-45.3742,0.5871
167.6750,-45.3742,0.5738
167.7250,-45.3742,0.5738
167.7750,-45.3742,0.5557
167.8250,-45.3742,0.5462
167.8750,-45.3742,0.5340
167.9250,-45.3742,0.5065
167.9750,-45.3742,0.5096
168.0250,-45.3742,0.4806
168.0750,-45.3742,0.4587
168.1250,-45.3742,0.4607
168.1750,-45.3742,0.4472
168.2250,-45.3742,0.4492
168.2750,-45.3742,0.4327
168.3250,-45.3742,0.4155
168.3750,-45.3742,0.4155
168.4250,-45.3742,0.3961
168.4750,-45.3742,0.3953
168.5250,-45.3742,0.3747
168.5750,-45.3742,0.3542
168.6250,-45.3742,0.3542
168.6750,-45.3742,0.3455
168.7250,-45.3742,0.3444
168.7750,-45.3742,0.3365
168.8250,-45.3742,0.3204
168.8750,-45.3742,0.3275
168.9250,-45.3742,0.3096
168.9750,-45.3742,0.2994
169.0250,-45.3742,0.3071
169.0750,-45.3742,0.2909
169.1250,-45.3742,0.2958
169.1750,-45.3742,0.2849
169.2250,-45.3742,0.2821
169.2750,-45.3742,0.2821
169.3250,-45.3742,0.2830
169.3750,-45.3742,0.2830
169.4250,-45.3742,0.2879
169.4750,-45.3742,0.2963
169.5250,-45.3742,0.2964
169.5750,-45.3742,0.3075
169.6250,-45.3742,0.3044
169.6750,-45.3742,0.3197
169.7250,-45.3742,0.3144
169.7750,-45.3742,0.3274
169.8250,-45.3742,0.3220
169.8750,-45.3742,0.3285
169.9250,-45.3742,0.3285
169.9750,-45.3742,0.3317
170.0250,-45.3742,0.3332
170.0750,-45.3742,0.3332
170.1250,-45.3742,0.3351
170.1750,-45.3742,0.3351
170.2250,-45.3742,0.3367
170.2750,-45.3742,0.3301
170.3250,-45.3742,0.3365
170.3750,-45.3742,0.3292
170.4250,-45.3742,0.3263
170.4750,-45.3742,0.3272
170.5250,-45.3742,0.3217
170.5750,-45.3742,0.3218
170.6250,-45.3742,0.3157
170.6750,-45.3742,0.3082
170.7250,-45.3742,0.3082
170.7750,-45.3742,0.2994
170.8250,-45.3742,0.2994
170.8750,-45.3742,0.3026
166.7250,-45.4242,0.7289
166.7750,-45.4242,0.7289
166.8250,-45.4242,0.7260
166.8750,-45.4242,0.7206
166.9250,-45.4242,0.7216
166.9750,-45.4242,0.7049
167.0250,-45.4242,0.7144
167.0750,-45.4242,0.6948
167.1250,-45.4242,0.6810
167.1750,-45.4242,0.6893
167.2250,-45.4242,0.6629
167.2750,-45.4242,0.6703
167.3250,-45.4242,0.6398
167.3750,-45.4242,0.6108
167.4250,-45.4242,0.6108
167.4750,-45.4242,0.5975
167.5250,-45.4242,0.5975
167.5750,-45.4242,0.5858
167.6250,-45.4242,0.5723
167.6750,-45.4242,0.5723
167.7250,-45.4242,0.5542
167.7750,-45.4242,0.5542
167.8250,-45.4242,0.5319
167.8750,-45.4242,0.5028
167.9250,-45.4242,0.5065
167.9750,-45.4242,0.4704
168.0250,-45.4242,0.4781
168.0750,-45.4242,0.4586
168.1250,-45.4242,0.4425
168.1750,-45.4242,0.4472
168.2250,-45.4242,0.4270
168.2750,-45.4242,0.4183
168.3250,-45.4242,0.4088
168.3750,-45.4242,0.3883
168.4250,-45.4242,0.3883
168.4750,-45.4242,0.3652
168.5250,-45.4242,0.3550
168.5750,-45.4242,0.3502
168.6250,-45.4242,0.3409
168.6750,-45.4242,0.3409
168.7250,-45.4242,0.3309
168.7750,-45.4242,0.3186
168.8250,-45.4242,0.3204
168.8750,-45.4242,0.3003
168.9250,-45.4242,0.3096
168.9750,-45.4242,0.2888
169.0250,-45.4242,0.2774
169.0750,-45.4242,0.2898
169.1250,-45.4242,0.2712
169.1750,-45.4242,0.2706
169.2250,-45.4242,0.2695
169.2750,-45.4242,0.2694
169.3250,-45.4242,0.2694
169.3750,-45.4242,0.2712
169.4250,-45.4242,0.2735
169.4750,-45.4242,0.2788
169.5250,-45.4242,0.2913
169.5750,-45.4242,0.2914
169.6250,-45.4242,0.3044
169.6750,-45.4242,0.2963
169.7250,-45.4242,0.3144
169.7750,-45.4242,0.3047
169.8250,-45.4242,0.3127
169.8750,-45.4242,0.3122
169.9250,-45.4242,0.3186
169.9750,-45.4242,0.3187
170.0250,-45.4242,0.3235
170.0750,-45.4242,0.3265
170.1250,-45.4242,0.3265
170.1750,-45.4242,0.3287
170.2250,-45.4242,0.3287
170.2750,-45.4242,0.3301
170.3250,-45.4242,0.3215
170.3750,-45.4242,0.3291
170.4250,-45.4242,0.3185
170.4750,-45.4242,0.3146
170.5250,-45.4242,0.3162
170.5750,-45.4242,0.3094
170.6250,-45.4242,0.3040
170.6750,-45.4242,0.3031
170.7250,-45.4242,0.2950
170.7750,-45.4242,0.2950
170.8250,-45.4242,0.2794
166.6750,-45.4742,0.7128
166.7250,-45.4742,0.7081
166.7750,-45.4742,0.7160
166.8250,-45.4742,0.7160
166.8750,-45.4742,0.7118
166.9250,-45.4742,0.7013
166.9750,-45.4742,0.7049
167.0250,-45.4742,0.6918
167.0750,-45.4742,0.6948
167.1250,-45.4742,0.6807
167.1750,-45.4742,0.6616
167.2250,-45.4742,0.6629
167.2750,-45.4742,0.6384
167.3250,-45.4742,0.6393
167.3750,-45.4742,0.6088
167.4250,-45.4742,0.5965
167.4750,-45.4742,0.5965
167.5250,-45.4742,0.5842
167.5750,-45.4742,0.5840
167.6250,-45.4742,0.5697
167.6750,-45.4742,0.5511
167.7250,-45.4742,0.5511
167.7750,-45.4742,0.5271
167.8250,-45.4742,0.5271
167.8750,-45.4742,0.5000
167.9250,-45.4742,0.4670
167.9750,-45.4742,0.4698
168.0250,-45.4742,0.4544
168.0750,-45.4742,0.4551
168.1250,-45.4742,0.4425
168.1750,-45.4742,0.4229
168.2250,-45.4742,0.4270
168.2750,-45.4742,0.4040
168.3250,-45.4742,0.3826
168.3750,-45.4742,0.3819
168.4250,-45.4742,0.3568
168.4750,-45.4742,0.3568
168.5250,-45.4742,0.3464
168.5750,-45.4742,0.3360
168.6250,-45.4742,0.3360
168.6750,-45.4742,0.3248
168.7250,-45.4742,0.3248
168.7750,-45.4742,0.3129
168.8250,-45.4742,0.2926
168.8750,-45.4742,0.3003
168.9250,-45.4742,0.2781
168.9750,-45.4742,0.2879
169.0250,-45.4742,0.2722
169.0750,-45.4742,0.2660
169.1250,-45.4742,0.2711
169.1750,-45.4742,0.2634
169.2250,-45.4742,0.2626
169.2750,-45.4742,0.2626
169.3250,-45.4742,0.2638
169.3750,-45.4742,0.2638
169.4250,-45.4742,0.2671
169.4750,-45.4742,0.2718
169.5250,-45.4742,0.2727
169.5750,-45.4742,0.2871
169.6250,-45.4742,0.2871
169.6750,-45.4742,0.2963
169.7250,-45.4742,0.2872
169.7750,-45.4742,0.3047
169.8250,-45.4742,0.2951
169.8750,-45.4742,0.3031
169.9250,-45.4742,0.3031
169.9750,-45.4742,0.3105
170.0250,-45.4742,0.3107
170.0750,-45.4742,0.3168
170.1250,-45.4742,0.3201
170.1750,-45.4742,0.3201
170.2250,-45.4742,0.3216
170.2750,-45.4742,0.3211
170.3250,-45.4742,0.3215
170.3750,-45.4742,0.3116
170.4250,-45.4742,0.3185
170.4750,-45.4742,0.3075
170.5250,-45.4742,0.3029
170.5750,-45.4742,0.3047
170.6250,-45.4742,0.2970
170.6750,-45.4742,0.2895
170.7250,-45.4742,0.2895
170.7750,-45.4742,0.2794
170.8250,-45.4742,0.2794
166.6750,-45.5242,0.6944
166.7250,-45.5242,0.7078
166.7750,-45.5242,0.7078
166.8250,-45.5242,0.7055
166.8750,-45.5242,0.7055
166.9250,-45.5242,0.7003
166.9750,-45.5242,0.6784
167.0250,-45.5242,0.6918
167.0750,-45.5242,0.6687
167.1250,-45.5242,0.6791
167.1750,-45.5242,0.6616
167.2250,-45.5242,0.6255
167.2750,-45.5242,0.6384
167.3250,-45.5242,0.6035
167.3750,-45.5242,0.6059
167.4250,-45.5242,0.5934
167.4750,-45.5242,0.5812
167.5250,-45.5242,0.5812
167.5750,-45.5242,0.5670
167.6250,-45.5242,0.5596
167.6750,-45.5242,0.5487
167.7250,-45.5242,0.5250
167.7750,-45.5242,0.5250
167.8250,-45.5242,0.4977
167.8750,-45.5242,0.4976
167.9250,-45.5242,0.4666
167.9750,-45.5242,0.4509
168.0250,-45.5242,0.4534
168.0750,-45.5242,0.4391
168.1250,-45.5242,0.4314
168.1750,-45.5242,0.4229
168.2250,-45.5242,0.4003
168.2750,-45.5242,0.4040
168.3250,-45.5242,0.3774
168.3750,-45.5242,0.3537
168.4250,-45.5242,0.3537
168.4750,-45.5242,0.3431
168.5250,-45.5242,0.3431
168.5750,-45.5242,0.3318
168.6250,-45.5242,0.3195
168.6750,-45.5242,0.3195
168.7250,-45.5242,0.3063
168.7750,-45.5242,0.3063
168.8250,-45.5242,0.2921
168.8750,-45.5242,0.2712
168.9250,-45.5242,0.2781
168.9750,-45.5242,0.2659
169.0250,-45.5242,0.2668
169.0750,-45.5242,0.2649
169.1250,-45.5242,0.2587
169.1750,-45.5242,0.2634
169.2250,-45.5242,0.2572
169.2750,-45.5242,0.2576
169.3250,-45.5242,0.2576
169.3750,-45.5242,0.2600
169.4250,-45.5242,0.2600
169.4750,-45.5242,0.2644
169.5250,-45.5242,0.2698
169.5750,-45.5242,0.2701
169.6250,-45.5242,0.2787
169.6750,-45.5242,0.2783
169.7250,-45.5242,0.2872
169.7750,-45.5242,0.2775
169.8250,-45.5242,0.2951
169.8750,-45.5242,0.2861
169.9250,-45.5242,0.2950
169.9750,-45.5242,0.2950
170.0250,-45.5242,0.3036
170.0750,-45.5242,0.3050
170.1250,-45.5242,0.3102
170.1750,-45.5242,0.3134
170.2250,-45.5242,0.3134
170.2750,-45.5242,0.3137
170.3250,-45.5242,0.3073
170.3750,-45.5242,0.3116
170.4250,-45.5242,0.3007
170.4750,-45.5242,0.3074
170.5250,-45.5242,0.2962
170.5750,-45.5242,0.2905
170.6250,-45.5242,0.2926
170.6750,-45.5242,0.2835
170.7250,-45.5242,0.2740
170.7750,-45.5242,0.2740
166.6750,-45.5742,0.6943
166.7250,-45.5742,0.6944
166.7750,-45.5742,0.6922
166.8250,-45.5742,0.6922
166.8750,-45.5742,0.6869
166.9250,-45.5742,0.6868
166.9750,-45.5742,0.6782
167.0250,-45.5742,0.6580
167.0750,-45.5742,0.6655
167.1250,-45.5742,0.6477
167.1750,-45.5742,0.6468
167.2250,-45.5742,0.6255
167.2750,-45.5742,0.6019
167.3250,-45.5742,0.6035
167.3750,-45.5742,0.5916
167.4250,-45.5742,0.5812
167.4750,-45.5742,0.5791
167.5250,-45.5742,0.5645
167.5750,-45.5742,0.5645
167.6250,-45.5742,0.5463
167.6750,-45.5742,0.5227
167.7250,-45.5742,0.5220
167.7750,-45.5742,0.4939
167.8250,-45.5742,0.4939
167.8750,-45.5742,0.4635
167.9250,-45.5742,0.4629
167.9750,-45.5742,0.4507
168.0250,-45.5742,0.4361
168.0750,-45.5742,0.4357
168.1250,-45.5742,0.4191
168.1750,-45.5742,0.4017
168.2250,-45.5742,0.4003
168.2750,-45.5742,0.3791
168.3250,-45.5742,0.3773
168.3750,-45.5742,0.3528
168.4250,-45.5742,0.3405
168.4750,-45.5742,0.3405
168.5250,-45.5742,0.3279
168.5750,-45.5742,0.3276
168.6250,-45.5742,0.3144
168.6750,-45.5742,0.2996
168.7250,-45.5742,0.2996
168.7750,-45.5742,0.2842
168.8250,-45.5742,0.2842
168.8750,-45.5742,0.2711
168.9250,-45.5742,0.2629
168.9750,-45.5742,0.2658
169.0250,-45.5742,0.2587
169.0750,-45.5742,0.2556
169.1250,-45.5742,0.2584
169.1750,-45.5742,0.2538
169.2250,-45.5742,0.2571
169.2750,-45.5742,0.2535
169.3250,-45.5742,0.2549
169.3750,-45.5742,0.2549
169.4250,-45.5742,0.2578
169.4750,-45.5742,0.2578
169.5250,-45.5742,0.2620
169.5750,-45.5742,0.2670
169.6250,-45.5742,0.2670
169.6750,-45.5742,0.2712
169.7250,-45.5742,0.2686
169.7750,-45.5742,0.2775
169.8250,-45.5742,0.2713
169.8750,-45.5742,0.2861
169.9250,-45.5742,0.2792
169.9750,-45.5742,0.2886
170.0250,-45.5742,0.2886
170.0750,-45.5742,0.2971
170.1250,-45.5742,0.3021
170.1750,-45.5742,0.3032
170.2250,-45.5742,0.3050
170.2750,-45.5742,0.3050
170.3250,-45.5742,0.3037
170.3750,-45.5742,0.2947
170.4250,-45.5742,0.3007
170.4750,-45.5742,0.2910
170.5250,-45.5742,0.2936
170.5750,-45.5742,0.2858
170.6250,-45.5742,0.2786
170.6750,-45.5742,0.2802
170.7250,-45.5742,0.2711
166.5250,-45.6242,0.6760
166.5750,-45.6242,0.6760
166.6250,-45.6242,0.6760
166.6750,-45.6242,0.6787
166.7250,-45.6242,0.6787
166.7750,-45.6242,0.6787
166.8250,-45.6242,0.6754
166.8750,-45.6242,0.6754
166.9250,-45.6242,0.6686
166.9750,-45.6242,0.6661
167.0250,-45.6242,0.6576
167.0750,-45.6242,0.6312
167.1250,-45.6242,0.6417
167.1750,-45.6242,0.6199
167.2250,-45.6242,0.6045
167.2750,-45.6242,0.6019
167.3250,-45.6242,0.5863
167.3750,-45.6242,0.5916
167.4250,-45.6242,0.5739
167.4750,-45.6242,0.5595
167.5250,-45.6242,0.5594
167.5750,-45.6242,0.5427
167.6250,-45.6242,0.5428
167.6750,-45.6242,0.5187
167.7250,-45.6242,0.4905
167.7750,-45.6242,0.4905
167.8250,-45.6242,0.4626
167.8750,-45.6242,0.4626
167.9250,-45.6242,0.4512
167.9750,-45.6242,0.4466
168.0250,-45.6242,0.4364
168.0750,-45.6242,0.4192
168.1250,-45.6242,0.4190
168.1750,-45.6242,0.4010
168.2250,-45.6242,0.3817
168.2750,-45.6242,0.3791
168.3250,-45.6242,0.3532
168.3750,-45.6242,0.3523
168.4250,-45.6242,0.3388
168.4750,-45.6242,0.3244
168.5250,-45.6242,0.3244
168.5750,-45.6242,0.3097
168.6250,-45.6242,0.3020
168.6750,-45.6242,0.2941
168.7250,-45.6242,0.2775
168.7750,-45.6242,0.2775
168.8250,-45.6242,0.2683
168.8750,-45.6242,0.2679
168.9250,-45.6242,0.2629
168.9750,-45.6242,0.2564
169.0250,-45.6242,0.2585
169.0750,-45.6242,0.2540
169.1250,-45.6242,0.2517
169.1750,-45.6242,0.2537
169.2250,-45.6242,0.2511
169.2750,-45.6242,0.2531
169.3250,-45.6242,0.2516
169.3750,-45.6242,0.2535
169.4250,-45.6242,0.2535
169.4750,-45.6242,0.2565
169.5250,-45.6242,0.2565
169.5750,-45.6242,0.2602
169.6250,-45.6242,0.2639
169.6750,-45.6242,0.2640
169.7250,-45.6242,0.2676
169.7750,-45.6242,0.2645
169.8250,-45.6242,0.2713
169.8750,-45.6242,0.2685
169.9250,-45.6242,0.2786
169.9750,-45.6242,0.2730
170.0250,-45.6242,0.2825
170.0750,-45.6242,0.2825
170.1250,-45.6242,0.2904
170.1750,-45.6242,0.2953
170.2250,-45.6242,0.2954
170.2750,-45.6242,0.2963
170.3250,-45.6242,0.2963
170.3750,-45.6242,0.2945
170.4250,-45.6242,0.2862
170.4750,-45.6242,0.2910
170.5250,-45.6242,0.2817
170.5750,-45.6242,0.2756
170.6250,-45.6242,0.2751
170.6750,-45.6242,0.2786
170.7250,-45.6242,0.2711
166.4750,-45.6742,0.6732
166.5250,-45.6742,0.6757
166.5750,-45.6742,0.6760
166.6250,-45.6742,0.6619
166.6750,-45.6742,0.6624
166.7250,-45.6742,0.6780
166.7750,-45.6742,0.6585
166.8250,-45.6742,0.6585
166.8750,-45.6742,0.6512
166.9250,-45.6742,0.6512
166.9750,-45.6742,0.6394
167.0250,-45.6742,0.6230
167.0750,-45.6742,0.6228
167.1250,-45.6742,0.6044
167.1750,-45.6742,0.6046
167.2250,-45.6742,0.5964
167.2750,-45.6742,0.5834
167.3250,-45.6742,0.5863
167.3750,-45.6742,0.5706
167.4250,-45.6742,0.5739
167.4750,-45.6742,0.5558
167.5250,-45.6742,0.5387
167.5750,-45.6742,0.5387
167.6250,-45.6742,0.5152
167.6750,-45.6742,0.5149
167.7250,-45.6742,0.4834
167.7750,-45.6742,0.4596
167.8250,-45.6742,0.4596
167.8750,-45.6742,0.4503
167.9250,-45.6742,0.4503
167.9750,-45.6742,0.4415
168.0250,-45.6742,0.4265
168.0750,-45.6742,0.4211
168.1250,-45.6742,0.4006
168.1750,-45.6742,0.4006
168.2250,-45.6742,0.3817
168.2750,-45.6742,0.3520
168.3250,-45.6742,0.3532
168.3750,-45.6742,0.3379
168.4250,-45.6742,0.3308
168.4750,-45.6742,0.3221
168.5250,-45.6742,0.3061
168.5750,-45.6742,0.3061
168.6250,-45.6742,0.2894
168.6750,-45.6742,0.2728
168.7250,-45.6742,0.2723
168.7750,-45.6742,0.2661
168.8250,-45.6742,0.2661
168.8750,-45.6742,0.2607
168.9250,-45.6742,0.2578
168.9750,-45.6742,0.2564
169.0250,-45.6742,0.2526
169.0750,-45.6742,0.2534
169.1250,-45.6742,0.2515
169.1750,-45.6742,0.2503
169.2250,-45.6742,0.2511
169.2750,-45.6742,0.2502
169.3250,-45.6742,0.2513
169.3750,-45.6742,0.2513
169.4250,-45.6742,0.2530
169.4750,-45.6742,0.2530
169.5250,-45.6742,0.2553
169.5750,-45.6742,0.2561
169.6250,-45.6742,0.2580
169.6750,-45.6742,0.2610
169.7250,-45.6742,0.2610
169.7750,-45.6742,0.2645
169.8250,-45.6742,0.2623
169.8750,-45.6742,0.2685
169.9250,-45.6742,0.2667
169.9750,-45.6742,0.2714
170.0250,-45.6742,0.2710
170.0750,-45.6742,0.2778
170.1250,-45.6742,0.2778
170.1750,-45.6742,0.2848
170.2250,-45.6742,0.2884
170.2750,-45.6742,0.2884
170.3250,-45.6742,0.2886
170.3750,-45.6742,0.2886
170.4250,-45.6742,0.2862
170.4750,-45.6742,0.2799
170.5250,-45.6742,0.2817
170.5750,-45.6742,0.2738
170.6250,-45.6742,0.2750
170.6750,-45.6742,0.2751
166.4250,-45.7242,0.6065
166.4750,-45.7242,0.6334
166.5250,-45.7242,0.6404
166.5750,-45.7242,0.6404
166.6250,-45.7242,0.6404
166.6750,-45.7242,0.6418
166.7250,-45.7242,0.6418
166.7750,-45.7242,0.6561
166.8250,-45.7242,0.6530
166.8750,-45.7242,0.6269
166.9250,-45.7242,0.6111
166.9750,-45.7242,0.6017
167.0250,-45.7242,0.6093
167.0750,-45.7242,0.5988
167.1250,-45.7242,0.6012
167.1750,-45.7242,0.5933
167.2250,-45.7242,0.5933
167.2750,-45.7242,0.5832
167.3250,-45.7242,0.5634
167.3750,-45.7242,0.5706
167.4250,-45.7242,0.5483
167.4750,-45.7242,0.5556
167.5250,-45.7242,0.5314
167.5750,-45.7242,0.5088
167.6250,-45.7242,0.5090
167.6750,-45.7242,0.4759
167.7250,-45.7242,0.4692
167.7750,-45.7242,0.4561
167.8250,-45.7242,0.4457
167.8750,-45.7242,0.4457
167.9250,-45.7242,0.4395
167.9750,-45.7242,0.4395
168.0250,-45.7242,0.4277
168.0750,-45.7242,0.4015
168.1250,-45.7242,0.4021
168.1750,-45.7242,0.3774
168.2250,-45.7242,0.3770
168.2750,-45.7242,0.3520
168.3250,-45.7242,0.3346
168.3750,-45.7242,0.3379
168.4250,-45.7242,0.3198
168.4750,-45.7242,0.3038
168.5250,-45.7242,0.3033
168.5750,-45.7242,0.2860
168.6250,-45.7242,0.2860
168.6750,-45.7242,0.2710
168.7250,-45.7242,0.2647
168.7750,-45.7242,0.2647
168.8250,-45.7242,0.2593
168.8750,-45.7242,0.2593
168.9250,-45.7242,0.2553
168.9750,-45.7242,0.2524
169.0250,-45.7242,0.2526
169.0750,-45.7242,0.2507
169.1250,-45.7242,0.2510
169.1750,-45.7242,0.2502
169.2250,-45.7242,0.2497
169.2750,-45.7242,0.2502
169.3250,-45.7242,0.2501
169.3750,-45.7242,0.2511
169.4250,-45.7242,0.2511
169.4750,-45.7242,0.2524
169.5250,-45.7242,0.2524
169.5750,-45.7242,0.2539
169.6250,-45.7242,0.2555
169.6750,-45.7242,0.2559
169.7250,-45.7242,0.2586
169.7750,-45.7242,0.2586
169.8250,-45.7242,0.2623
169.8750,-45.7242,0.2608
169.9250,-45.7242,0.2667
169.9750,-45.7242,0.2654
170.0250,-45.7242,0.2698
170.0750,-45.7242,0.2698
170.1250,-45.7242,0.2746
170.1750,-45.7242,0.2746
170.2250,-45.7242,0.2809
170.2750,-45.7242,0.2838
170.3250,-45.7242,0.2838
170.3750,-45.7242,0.2834
170.4250,-45.7242,0.2833
170.4750,-45.7242,0.2799
170.5250,-45.7242,0.2736
170.5750,-45.7242,0.2738
170.6250,-45.7242,0.2693
166.5250,-45.7742,0.6091
166.5750,-45.7742,0.6404
166.6250,-45.7742,0.6404
166.6750,-45.7742,0.6417
166.7250,-45.7742,0.6219
166.7750,-45.7742,0.6150
166.8250,-45.7742,0.6150
166.8750,-45.7742,0.6054
166.9250,-45.7742,0.6054
166.9750,-45.7742,0.6008
167.0250,-45.7742,0.6007
167.0750,-45.7742,0.5945
167.1250,-45.7742,0.5861
167.1750,-45.7742,0.5863
167.2250,-45.7742,0.5760
167.2750,-45.7742,0.5759
167.3250,-45.7742,0.5633
167.3750,-45.7742,0.5442
167.4250,-45.7742,0.5483
167.4750,-45.7742,0.5269
167.5250,-45.7742,0.5262
167.5750,-45.7742,0.5039
167.6250,-45.7742,0.4718
167.6750,-45.7742,0.4730
167.7250,-45.7742,0.4538
167.7750,-45.7742,0.4427
167.8250,-45.7742,0.4418
167.8750,-45.7742,0.4323
167.9250,-45.7742,0.4323
167.9750,-45.7742,0.4238
168.0250,-45.7742,0.4235
168.0750,-45.7742,0.3989
168.1250,-45.7742,0.3690
168.1750,-45.7742,0.3693
168.2250,-45.7742,0.3481
168.2750,-45.7742,0.3426
168.3250,-45.7742,0.3346
168.3750,-45.7742,0.3174
168.4250,-45.7742,0.3198
168.4750,-45.7742,0.3017
168.5250,-45.7742,0.2845
168.5750,-45.7742,0.2845
168.6250,-45.7742,0.2704
168.6750,-45.7742,0.2703
168.7250,-45.7742,0.2641
168.7750,-45.7742,0.2588
168.8250,-45.7742,0.2588
168.8750,-45.7742,0.2549
168.9250,-45.7742,0.2549
168.9750,-45.7742,0.2523
169.0250,-45.7742,0.2512
169.0750,-45.7742,0.2507
169.1250,-45.7742,0.2502
169.1750,-45.7742,0.2499
169.2250,-45.7742,0.2498
169.2750,-45.7742,0.2498
169.3250,-45.7742,0.2501
169.3750,-45.7742,0.2501
169.4250,-45.7742,0.2507
169.4750,-45.7742,0.2507
169.5250,-45.7742,0.2513
169.5750,-45.7742,0.2513
169.6250,-45.7742,0.2522
169.6750,-45.7742,0.2538
169.7250,-45.7742,0.2539
169.7750,-45.7742,0.2568
169.8250,-45.7742,0.2568
169.8750,-45.7742,0.2608
169.9250,-45.7742,0.2604
169.9750,-45.7742,0.2654
170.0250,-45.7742,0.2653
170.0750,-45.7742,0.2697
170.1250,-45.7742,0.2697
170.1750,-45.7742,0.2740
170.2250,-45.7742,0.2741
170.2750,-45.7742,0.2795
170.3250,-45.7742,0.2812
170.3750,-45.7742,0.2812
170.4250,-45.7742,0.2792
170.4750,-45.7742,0.2783
170.5250,-45.7742,0.2736
170.5750,-45.7742,0.2703
170.6250,-45.7742,0.2693
170.6750,-45.7742,0.2693
170.7250,-45.7742,0.2690
166.4250,-45.8242,0.6036
166.4750,-45.8242,0.6052
166.5250,-45.8242,0.6052
166.5750,-45.8242,0.6052
166.6250,-45.8242,0.6052
166.6750,-45.8242,0.6043
166.7250,-45.8242,0.6138
166.7750,-45.8242,0.6024
166.8250,-45.8242,0.5994
166.8750,-45.8242,0.5994
166.9250,-45.8242,0.5950
166.9750,-45.8242,0.5950
167.0250,-45.8242,0.5890
167.0750,-45.8242,0.5883
167.1250,-45.8242,0.5813
167.1750,-45.8242,0.5714
167.2250,-45.8242,0.5714
167.2750,-45.8242,0.5591
167.3250,-45.8242,0.5569
167.3750,-45.8242,0.5442
167.4250,-45.8242,0.5194
167.4750,-45.8242,0.5269
167.5250,-45.8242,0.4968
167.5750,-45.8242,0.4683
167.6250,-45.8242,0.4643
167.6750,-45.8242,0.4508
167.7250,-45.8242,0.4532
167.7750,-45.8242,0.4371
167.8250,-45.8242,0.4253
167.8750,-45.8242,0.4252
167.9250,-45.8242,0.4154
167.9750,-45.8242,0.4154
168.0250,-45.8242,0.3909
168.0750,-45.8242,0.3850
168.1250,-45.8242,0.3596
168.1750,-45.8242,0.3450
168.2250,-45.8242,0.3450
168.2750,-45.8242,0.3317
168.3250,-45.8242,0.3161
168.3750,-45.8242,0.3174
168.4250,-45.8242,0.2999
168.4750,-45.8242,0.3017
168.5250,-45.8242,0.2838
168.5750,-45.8242,0.2703
168.6250,-45.8242,0.2703
168.6750,-45.8242,0.2641
168.7250,-45.8242,0.2631
168.7750,-45.8242,0.2589
168.8250,-45.8242,0.2552
168.8750,-45.8242,0.2552
168.9250,-45.8242,0.2526
168.9750,-45.8242,0.2526
169.0250,-45.8242,0.2512
169.0750,-45.8242,0.2507
169.1250,-45.8242,0.2503
169.1750,-45.8242,0.2499
169.2250,-45.8242,0.2495
169.2750,-45.8242,0.2498
169.3250,-45.8242,0.2494
169.3750,-45.8242,0.2501
169.4250,-45.8242,0.2495
169.4750,-45.8242,0.2497
169.5250,-45.8242,0.2497
169.5750,-45.8242,0.2499
169.6250,-45.8242,0.2499
169.6750,-45.8242,0.2508
169.7250,-45.8242,0.2526
169.7750,-45.8242,0.2526
169.8250,-45.8242,0.2559
169.8750,-45.8242,0.2558
169.9250,-45.8242,0.2604
169.9750,-45.8242,0.2606
170.0250,-45.8242,0.2653
170.0750,-45.8242,0.2657
170.1250,-45.8242,0.2702
170.1750,-45.8242,0.2702
170.2250,-45.8242,0.2752
170.2750,-45.8242,0.2761
170.3250,-45.8242,0.2800
170.3750,-45.8242,0.2801
170.4250,-45.8242,0.2801
170.4750,-45.8242,0.2757
170.5250,-45.8242,0.2717
170.5750,-45.8242,0.2703
170.6250,-45.8242,0.2658
170.6750,-45.8242,0.2658
170.7250,-45.8242,0.2658
170.7750,-45.8242,0.2659
166.4250,-45.8742,0.6025
166.4750,-45.8742,0.6025
166.5250,-45.8742,0.6051
166.5750,-45.8742,0.6019
166.6250,-45.8742,0.6004
166.6750,-45.8742,0.6008
166.7250,-45.8742,0.5979
166.7750,-45.8742,0.6017
166.8250,-45.8742,0.5942
166.8750,-45.8742,0.5891
166.9250,-45.8742,0.5891
166.9750,-45.8742,0.5824
167.0250,-45.8742,0.5824
167.0750,-45.8742,0.5740
167.1250,-45.8742,0.5653
167.1750,-45.8742,0.5636
167.2250,-45.8742,0.5512
167.2750,-45.8742,0.5512
167.3250,-45.8742,0.5365
167.3750,-45.8742,0.5217
167.4250,-45.8742,0.5194
167.4750,-45.8742,0.4937
167.5250,-45.8742,0.4968
167.5750,-45.8742,0.4626
167.6250,-45.8742,0.4488
167.6750,-45.8742,0.4493
167.7250,-45.8742,0.4334
167.7750,-45.8742,0.4367
167.8250,-45.8742,0.4173
167.8750,-45.8742,0.4019
167.9250,-45.8742,0.4019
167.9750,-45.8742,0.3813
168.0250,-45.8742,0.3813
168.0750,-45.8742,0.3540
168.1250,-45.8742,0.3433
168.1750,-45.8742,0.3420
168.2250,-45.8742,0.3291
168.2750,-45.8742,0.3291
168.3250,-45.8742,0.3151
168.3750,-45.8742,0.2999
168.4250,-45.8742,0.2999
168.4750,-45.8742,0.2842
168.5250,-45.8742,0.2836
168.5750,-45.8742,0.2708
168.6250,-45.8742,0.2647
168.6750,-45.8742,0.2647
168.7250,-45.8742,0.2597
168.7750,-45.8742,0.2565
168.8250,-45.8742,0.2560
168.8750,-45.8742,0.2534
168.9250,-45.8742,0.2534
168.9750,-45.8742,0.2517
169.0250,-45.8742,0.2517
169.0750,-45.8742,0.2507
169.1250,-45.8742,0.2505
169.1750,-45.8742,0.2499
169.2250,-45.8742,0.2496
169.2750,-45.8742,0.2492
169.3250,-45.8742,0.2494
169.3750,-45.8742,0.2489
169.4250,-45.8742,0.2494
169.4750,-45.8742,0.2486
169.5250,-45.8742,0.2485
169.5750,-45.8742,0.2485
169.6250,-45.8742,0.2487
169.6750,-45.8742,0.2487
169.7250,-45.8742,0.2497
169.7750,-45.8742,0.2519
169.8250,-45.8742,0.2519
169.8750,-45.8742,0.2557
169.9250,-45.8742,0.2565
169.9750,-45.8742,0.2606
170.0250,-45.8742,0.2619
170.0750,-45.8742,0.2658
170.1250,-45.8742,0.2672
170.1750,-45.8742,0.2717
170.2250,-45.8742,0.2717
170.2750,-45.8742,0.2778
170.3250,-45.8742,0.2801
170.3750,-45.8742,0.2809
170.4250,-45.8742,0.2778
170.4750,-45.8742,0.2778
170.5250,-45.8742,0.2714
170.5750,-45.8742,0.2714
170.6250,-45.8742,0.2658
170.6750,-45.8742,0.2658
170.7250,-45.8742,0.2658
170.7750,-45.8742,0.2658
166.4250,-45.9242,0.6025
166.4750,-45.9242,0.6025
166.5250,-45.9242,0.5970
166.5750,-45.9242,0.6013
166.6250,-45.9242,0.5951
166.6750,-45.9242,0.5922
166.7250,-45.9242,0.5967
166.7750,-45.9242,0.5881
166.8250,-45.9242,0.5901
166.8750,-45.9242,0.5829
166.9250,-45.9242,0.5761
166.9750,-45.9242,0.5761
167.0250,-45.9242,0.5678
167.0750,-45.9242,0.5678
167.1250,-45.9242,0.5579
167.1750,-45.9242,0.5463
167.2250,-45.9242,0.5463
167.2750,-45.9242,0.5327
167.3250,-45.9242,0.5327
167.3750,-45.9242,0.5163
167.4250,-45.9242,0.4858
167.4750,-45.9242,0.4937
167.5250,-45.9242,0.4601
167.5750,-45.9242,0.4625
167.6250,-45.9242,0.4462
167.6750,-45.9242,0.4301
167.7250,-45.9242,0.4328
167.7750,-45.9242,0.4123
167.8250,-45.9242,0.4153
167.8750,-45.9242,0.3929
167.9250,-45.9242,0.3712
167.9750,-45.9242,0.3712
168.0250,-45.9242,0.3517
168.0750,-45.9242,0.3517
168.1250,-45.9242,0.3403
168.1750,-45.9242,0.3278
168.2250,-45.9242,0.3278
168.2750,-45.9242,0.3144
168.3250,-45.9242,0.3144
168.3750,-45.9242,0.2998
168.4250,-45.9242,0.2852
168.4750,-45.9242,0.2842
168.5250,-45.9242,0.2714
168.5750,-45.9242,0.2691
168.6250,-45.9242,0.2656
168.6750,-45.9242,0.2605
168.7250,-45.9242,0.2605
168.7750,-45.9242,0.2569
168.8250,-45.9242,0.2543
168.8750,-45.9242,0.2543
168.9250,-45.9242,0.2526
168.9750,-45.9242,0.2526
169.0250,-45.9242,0.2515
169.0750,-45.9242,0.2513
169.1250,-45.9242,0.2505
169.1750,-45.9242,0.2500
169.2250,-45.9242,0.2498
169.2750,-45.9242,0.2492
169.3250,-45.9242,0.2484
169.3750,-45.9242,0.2489
169.4250,-45.9242,0.2479
169.4750,-45.9242,0.2480
169.5250,-45.9242,0.2476
169.5750,-45.9242,0.2476
169.6250,-45.9242,0.2476
169.6750,-45.9242,0.2480
169.7250,-45.9242,0.2481
169.7750,-45.9242,0.2493
169.8250,-45.9242,0.2521
169.8750,-45.9242,0.2521
169.9250,-45.9242,0.2565
169.9750,-45.9242,0.2578
170.0250,-45.9242,0.2619
170.0750,-45.9242,0.2635
170.1250,-45.9242,0.2679
170.1750,-45.9242,0.2688
170.2250,-45.9242,0.2735
170.2750,-45.9242,0.2735
170.3250,-45.9242,0.2791
170.3750,-45.9242,0.2790
170.4250,-45.9242,0.2790
170.4750,-45.9242,0.2788
170.5250,-45.9242,0.2714
170.5750,-45.9242,0.2712
170.6250,-45.9242,0.2658
170.6750,-45.9242,0.2658
166.4250,-45.9742,0.6018
166.4750,-45.9742,0.5970
166.5250,-45.9742,0.5970
166.5750,-45.9742,0.5951
166.6250,-45.9742,0.5915
166.6750,-45.9742,0.5907
166.7250,-45.9742,0.5855
166.7750,-45.9742,0.5881
166.8250,-45.9742,0.5842
166.8750,-45.9742,0.5729
166.9250,-45.9742,0.5717
166.9750,-45.9742,0.5624
167.0250,-45.9742,0.5624
167.0750,-45.9742,0.5516
167.1250,-45.9742,0.5515
167.1750,-45.9742,0.5397
167.2250,-45.9742,0.5274
167.2750,-45.9742,0.5274
167.3250,-45.9742,0.5110
167.3750,-45.9742,0.5110
167.4250,-45.9742,0.4852
167.4750,-45.9742,0.4589
167.5250,-45.9742,0.4601
167.5750,-45.9742,0.4453
167.6250,-45.9742,0.4460
167.6750,-45.9742,0.4295
167.7250,-45.9742,0.4110
167.7750,-45.9742,0.4122
167.8250,-45.9742,0.3901
167.8750,-45.9742,0.3788
167.9250,-45.9742,0.3667
167.9750,-45.9742,0.3502
168.0250,-45.9742,0.3502
168.0750,-45.9742,0.3395
168.1250,-45.9742,0.3395
168.1750,-45.9742,0.3274
168.2250,-45.9742,0.3142
168.2750,-45.9742,0.3142
168.3250,-45.9742,0.3002
168.3750,-45.9742,0.3001
168.4250,-45.9742,0.2852
168.4750,-45.9742,0.2726
168.5250,-45.9742,0.2714
168.5750,-45.9742,0.2668
168.6250,-45.9742,0.2617
168.6750,-45.9742,0.2615
168.7250,-45.9742,0.2575
168.7750,-45.9742,0.2574
168.8250,-45.9742,0.2550
168.8750,-45.9742,0.2532
168.9250,-45.9742,0.2532
168.9750,-45.9742,0.2521
169.0250,-45.9742,0.2521
169.0750,-45.9742,0.2510
169.1250,-45.9742,0.2505
169.1750,-45.9742,0.2500
169.2250,-45.9742,0.2494
169.2750,-45.9742,0.2491
169.3250,-45.9742,0.2484
169.3750,-45.9742,0.2477
169.4250,-45.9742,0.2479
169.4750,-45.9742,0.2471
169.5250,-45.9742,0.2470
169.5750,-45.9742,0.2469
169.6250,-45.9742,0.2471
169.6750,-45.9742,0.2471
169.7250,-45.9742,0.2478
169.7750,-45.9742,0.2490
169.8250,-45.9742,0.2496
169.8750,-45.9742,0.2529
169.9250,-45.9742,0.2529
169.9750,-45.9742,0.2578
170.0250,-45.9742,0.2598
170.0750,-45.9742,0.2635
170.1250,-45.9742,0.2654
170.1750,-45.9742,0.2700
170.2250,-45.9742,0.2701
170.2750,-45.9742,0.2735
170.3250,-45.9742,0.2791
166.4750,-46.0242,0.5970
166.5750,-46.0242,0.5916
166.6250,-46.0242,0.5903
166.6750,-46.0242,0.5903
166.7250,-46.0242,0.5855
166.7750,-46.0242,0.5750
166.8250,-46.0242,0.5724
166.8750,-46.0242,0.5669
166.9250,-46.0242,0.5575
166.9750,-46.0242,0.5574
167.0250,-46.0242,0.5467
167.0750,-46.0242,0.5467
167.1250,-46.0242,0.5352
167.1750,-46.0242,0.5301
167.2250,-46.0242,0.5237
167.2750,-46.0242,0.5113
167.3250,-46.0242,0.5113
167.3750,-46.0242,0.4841
167.4250,-46.0242,0.4838
167.4750,-46.0242,0.4589
167.5250,-46.0242,0.4435
167.5750,-46.0242,0.4453
167.6250,-46.0242,0.4280
167.6750,-46.0242,0.4254
167.7250,-46.0242,0.4108
167.7750,-46.0242,0.3893
167.8250,-46.0242,0.3901
167.8750,-46.0242,0.3657
167.9250,-46.0242,0.3508
167.9750,-46.0242,0.3500
168.0250,-46.0242,0.3398
168.0750,-46.0242,0.3398
168.1250,-46.0242,0.3283
168.1750,-46.0242,0.3269
168.2250,-46.0242,0.3157
168.2750,-46.0242,0.3022
168.3250,-46.0242,0.3022
168.3750,-46.0242,0.2878
168.4250,-46.0242,0.2847
168.4750,-46.0242,0.2726
168.5250,-46.0242,0.2680
168.5750,-46.0242,0.2668
168.6250,-46.0242,0.2624
168.6750,-46.0242,0.2579
168.7250,-46.0242,0.2579
168.7750,-46.0242,0.2550
168.8250,-46.0242,0.2550
168.8750,-46.0242,0.2535
168.9250,-46.0242,0.2524
168.9750,-46.0242,0.2524
169.0250,-46.0242,0.2514
169.0750,-46.0242,0.2514
169.1250,-46.0242,0.2505
169.1750,-46.0242,0.2497
169.2250,-46.0242,0.2495
169.2750,-46.0242,0.2486
169.3250,-46.0242,0.2484
169.3750,-46.0242,0.2477
169.4250,-46.0242,0.2469
169.4750,-46.0242,0.2471
169.5250,-46.0242,0.2465
169.5750,-46.0242,0.2467
169.6250,-46.0242,0.2467
169.6750,-46.0242,0.2472
169.7250,-46.0242,0.2472
169.7750,-46.0242,0.2484
169.8250,-46.0242,0.2504
169.8750,-46.0242,0.2506
169.9250,-46.0242,0.2544
169.9750,-46.0242,0.2544
170.0250,-46.0242,0.2598
170.0750,-46.0242,0.2612
170.1250,-46.0242,0.2654
170.1750,-46.0242,0.2661
170.2250,-46.0242,0.2701
170.2750,-46.0242,0.2701
166.5750,-46.0742,0.5816
166.6250,-46.0742,0.5866
166.6750,-46.0742,0.5756
166.7250,-46.0742,0.5752
166.7750,-46.0742,0.5750
166.8250,-46.0742,0.5665
166.8750,-46.0742,0.5668
166.9250,-46.0742,0.5564
166.9750,-46.0742,0.5449
167.0250,-46.0742,0.5449
167.0750,-46.0742,0.5327
167.1250,-46.0742,0.5327
167.1750,-46.0742,0.5198
167.2250,-46.0742,0.5025
167.2750,-46.0742,0.5022
167.3250,-46.0742,0.4764
167.3750,-46.0742,0.4764
167.4250,-46.0742,0.4570
167.4750,-46.0742,0.4546
167.5250,-46.0742,0.4435
167.5750,-46.0742,0.4287
167.6250,-46.0742,0.4280
167.6750,-46.0742,0.4114
167.7250,-46.0742,0.3934
167.7750,-46.0742,0.3893
167.8250,-46.0742,0.3689
167.8750,-46.0742,0.3657
167.9250,-46.0742,0.3513
167.9750,-46.0742,0.3413
168.0250,-46.0742,0.3413
168.0750,-46.0742,0.3302
168.1250,-46.0742,0.3302
168.1750,-46.0742,0.3180
168.2250,-46.0742,0.3074
168.2750,-46.0742,0.3049
168.3250,-46.0742,0.2909
168.3750,-46.0742,0.2909
168.4250,-46.0742,0.2761
168.4750,-46.0742,0.2705
168.5250,-46.0742,0.2680
168.5750,-46.0742,0.2640
168.6250,-46.0742,0.2624
168.6750,-46.0742,0.2588
168.7250,-46.0742,0.2551
168.7750,-46.0742,0.2551
168.8250,-46.0742,0.2532
168.8750,-46.0742,0.2530
168.9250,-46.0742,0.2522
168.9750,-46.0742,0.2512
169.0250,-46.0742,0.2512
169.0750,-46.0742,0.2505
169.1250,-46.0742,0.2505
169.1750,-46.0742,0.2497
169.2250,-46.0742,0.2488
169.2750,-46.0742,0.2487
169.3250,-46.0742,0.2478
169.3750,-46.0742,0.2473
169.4250,-46.0742,0.2469
169.4750,-46.0742,0.2468
169.5250,-46.0742,0.2465
169.5750,-46.0742,0.2467
169.6250,-46.0742,0.2471
169.6750,-46.0742,0.2471
169.7250,-46.0742,0.2480
169.7750,-46.0742,0.2480
169.8250,-46.0742,0.2496
169.8750,-46.0742,0.2519
169.9250,-46.0742,0.2520
169.9750,-46.0742,0.2560
170.0250,-46.0742,0.2562
170.0750,-46.0742,0.2612
170.1250,-46.0742,0.2619
170.1750,-46.0742,0.2661
170.2250,-46.0742,0.2661
166.6250,-46.1242,0.5815
166.6750,-46.1242,0.5740
166.7250,-46.1242,0.5752
166.7750,-46.1242,0.5650
166.8250,-46.1242,0.5665
166.8750,-46.1242,0.5547
166.9250,-46.1242,0.5557
166.9750,-46.1242,0.5436
167.0250,-46.1242,0.5319
167.0750,-46.1242,0.5319
167.1250,-46.1242,0.5171
167.1750,-46.1242,0.5171
167.2250,-46.1242,0.4954
167.2750,-46.1242,0.4691
167.3250,-46.1242,0.4691
167.3750,-46.1242,0.4556
167.4250,-46.1242,0.4556
167.4750,-46.1242,0.4434
167.5250,-46.1242,0.4433
167.5750,-46.1242,0.4287
167.6250,-46.1242,0.4126
167.6750,-46.1242,0.4116
167.7250,-46.1242,0.3923
167.7750,-46.1242,0.3721
167.8250,-46.1242,0.3689
167.8750,-46.1242,0.3528
167.9250,-46.1242,0.3513
167.9750,-46.1242,0.3432
168.0250,-46.1242,0.3327
168.0750,-46.1242,0.3327
168.1250,-46.1242,0.3211
168.1750,-46.1242,0.3211
168.2250,-46.1242,0.3086
168.2750,-46.1242,0.2953
168.3250,-46.1242,0.2952
168.3750,-46.1242,0.2809
168.4250,-46.1242,0.2809
168.4750,-46.1242,0.2699
168.5250,-46.1242,0.2657
168.5750,-46.1242,0.2640
168.6250,-46.1242,0.2600
168.6750,-46.1242,0.2587
168.7250,-46.1242,0.2554
168.7750,-46.1242,0.2528
168.8250,-46.1242,0.2528
168.8750,-46.1242,0.2514
168.9250,-46.1242,0.2508
168.9750,-46.1242,0.2505
169.0250,-46.1242,0.2499
169.0750,-46.1242,0.2499
169.1250,-46.1242,0.2494
169.1750,-46.1242,0.2494
169.2250,-46.1242,0.2488
169.2750,-46.1242,0.2477
169.3250,-46.1242,0.2480
169.3750,-46.1242,0.2472
169.4250,-46.1242,0.2469
169.4750,-46.1242,0.2468
169.5250,-46.1242,0.2470
169.5750,-46.1242,0.2467
169.6250,-46.1242,0.2473
169.6750,-46.1242,0.2480
169.7250,-46.1242,0.2480
169.7750,-46.1242,0.2493
169.8250,-46.1242,0.2493
169.8750,-46.1242,0.2513
169.9250,-46.1242,0.2537
169.9750,-46.1242,0.2538
170.0250,-46.1242,0.2577
170.0750,-46.1242,0.2576
170.1250,-46.1242,0.2619
170.1750,-46.1242,0.2619
166.6250,-46.1742,0.5815
166.6750,-46.1742,0.5740
166.7250,-46.1742,0.5728
166.7750,-46.1742,0.5650
166.8250,-46.1742,0.5583
166.8750,-46.1742,0.5547
166.9250,-46.1742,0.5475
166.9750,-46.1742,0.5396
167.0250,-46.1742,0.5353
167.0750,-46.1742,0.5169
167.1250,-46.1742,0.5169
167.1750,-46.1742,0.4928
167.2250,-46.1742,0.4900
167.2750,-46.1742,0.4652
167.3250,-46.1742,0.4544
167.3750,-46.1742,0.4544
167.4250,-46.1742,0.4554
167.4750,-46.1742,0.4434
167.5250,-46.1742,0.4424
167.5750,-46.1742,0.4126
167.6250,-46.1742,0.4126
167.6750,-46.1742,0.3975
167.7250,-46.1742,0.3937
167.7750,-46.1742,0.3722
167.8250,-46.1742,0.3553
167.8750,-46.1742,0.3528
167.9250,-46.1742,0.3462
167.9750,-46.1742,0.3429
168.0250,-46.1742,0.3361
168.0750,-46.1742,0.3249
168.1250,-46.1742,0.3249
168.1750,-46.1742,0.3128
168.2250,-46.1742,0.3128
168.2750,-46.1742,0.2997
168.3250,-46.1742,0.2857
168.3750,-46.1742,0.2857
168.4250,-46.1742,0.2717
168.4750,-46.1742,0.2717
168.5250,-46.1742,0.2657
168.5750,-46.1742,0.2618
168.6250,-46.1742,0.2600
168.6750,-46.1742,0.2565
168.7250,-46.1742,0.2549
168.7750,-46.1742,0.2528
168.8250,-46.1742,0.2508
168.8750,-46.1742,0.2509
168.9250,-46.1742,0.2498
168.9750,-46.1742,0.2491
169.0250,-46.1742,0.2491
169.0750,-46.1742,0.2485
169.1250,-46.1742,0.2485
169.1750,-46.1742,0.2481
169.2250,-46.1742,0.2479
169.2750,-46.1742,0.2477
169.3250,-46.1742,0.2470
169.3750,-46.1742,0.2472
169.4250,-46.1742,0.2469
169.4750,-46.1742,0.2474
169.5250,-46.1742,0.2470
169.5750,-46.1742,0.2481
169.6250,-46.1742,0.2479
169.6750,-46.1742,0.2489
169.7250,-46.1742,0.2498
169.7750,-46.1742,0.2498
169.8250,-46.1742,0.2510
169.8750,-46.1742,0.2510
169.9250,-46.1742,0.2530
169.9750,-46.1742,0.2550
170.0250,-46.1742,0.2550
170.0750,-46.1742,0.2576
170.1250,-46.1742,0.2576
170.1750,-46.1742,0.2588
166.6750,-46.2242,0.5703
166.7250,-46.2242,0.5682
166.7750,-46.2242,0.5682
166.8250,-46.2242,0.5583
166.8750,-46.2242,0.5579
166.9250,-46.2242,0.5475
166.9750,-46.2242,0.5354
167.0250,-46.2242,0.5353
167.0750,-46.2242,0.5169
167.1250,-46.2242,0.4912
167.1750,-46.2242,0.4912
167.2250,-46.2242,0.4650
167.2750,-46.2242,0.4565
167.3250,-46.2242,0.4549
167.3750,-46.2242,0.4545
167.6250,-46.2242,0.3980
167.6750,-46.2242,0.3980
167.7250,-46.2242,0.3778
167.7750,-46.2242,0.3777
167.8250,-46.2242,0.3554
167.8750,-46.2242,0.3488
167.9250,-46.2242,0.3462
167.9750,-46.2242,0.3392
168.0250,-46.2242,0.3324
168.0750,-46.2242,0.3285
168.1250,-46.2242,0.3169
168.1750,-46.2242,0.3169
168.2250,-46.2242,0.3044
168.2750,-46.2242,0.3037
168.3250,-46.2242,0.2908
168.3750,-46.2242,0.2762
168.4250,-46.2242,0.2762
168.4750,-46.2242,0.2679
168.5250,-46.2242,0.2678
168.5750,-46.2242,0.2618
168.6250,-46.2242,0.2578
168.6750,-46.2242,0.2565
168.7250,-46.2242,0.2531
168.7750,-46.2242,0.2506
168.8250,-46.2242,0.2503
168.8750,-46.2242,0.2489
168.9250,-46.2242,0.2492
168.9750,-46.2242,0.2481
169.0250,-46.2242,0.2476
169.0750,-46.2242,0.2476
169.1250,-46.2242,0.2473
169.1750,-46.2242,0.2473
169.2250,-46.2242,0.2471
169.2750,-46.2242,0.2465
169.3250,-46.2242,0.2470
169.3750,-46.2242,0.2467
169.4250,-46.2242,0.2471
169.4750,-46.2242,0.2474
169.5250,-46.2242,0.2484
169.5750,-46.2242,0.2481
169.6250,-46.2242,0.2497
169.6750,-46.2242,0.2507
169.7250,-46.2242,0.2509
169.7750,-46.2242,0.2520
169.8250,-46.2242,0.2520
169.8750,-46.2242,0.2529
169.9250,-46.2242,0.2532
169.9750,-46.2242,0.2540
170.0250,-46.2242,0.2549
170.0750,-46.2242,0.2549
167.0750,-46.2742,0.4917
167.1250,-46.2742,0.4912
167.1750,-46.2742,0.4912
167.2250,-46.2742,0.4650
167.3250,-46.2742,0.4549
167.7250,-46.2742,0.3684
167.7750,-46.2742,0.3612
167.8250,-46.2742,0.3587
167.8750,-46.2742,0.3488
167.9250,-46.2742,0.3429
167.9750,-46.2742,0.3392
168.0250,-46.2742,0.3327
168.0750,-46.2742,0.3217
168.1250,-46.2742,0.3214
168.1750,-46.2742,0.3091
168.2250,-46.2742,0.3091
168.2750,-46.2742,0.2957
168.3250,-46.2742,0.2868
168.3750,-46.2742,0.2813
168.4250,-46.2742,0.2699
168.4750,-46.2742,0.2699
168.5250,-46.2742,0.2636
168.5750,-46.2742,0.2628
168.6250,-46.2742,0.2578
168.6750,-46.2742,0.2541
168.7250,-46.2742,0.2531
168.7750,-46.2742,0.2504
168.8250,-46.2742,0.2484
168.8750,-46.2742,0.2484
168.9250,-46.2742,0.2474
168.9750,-46.2742,0.2478
169.0250,-46.2742,0.2469
169.0750,-46.2742,0.2465
169.1250,-46.2742,0.2465
169.1750,-46.2742,0.2463
169.2250,-46.2742,0.2463
169.2750,-46.2742,0.2463
169.3250,-46.2742,0.2462
169.3750,-46.2742,0.2466
169.4250,-46.2742,0.2471
169.4750,-46.2742,0.2473
169.5250,-46.2742,0.2484
169.5750,-46.2742,0.2504
169.6250,-46.2742,0.2497
169.6750,-46.2742,0.2521
169.7250,-46.2742,0.2533
169.7750,-46.2742,0.2533
169.8250,-46.2742,0.2540
169.8750,-46.2742,0.2540
169.9250,-46.2742,0.2542
169.9750,-46.2742,0.2542
170.0250,-46.2742,0.2548
167.6750,-46.3242,0.3684
167.7250,-46.3242,0.3684
167.7750,-46.3242,0.3684
167.8250,-46.3242,0.3521
167.8750,-46.3242,0.3462
167.9250,-46.3242,0.3429
167.9750,-46.3242,0.3359
168.0250,-46.3242,0.3327
168.0750,-46.3242,0.3214
168.1250,-46.3242,0.3131
168.1750,-46.3242,0.3131
168.2250,-46.3242,0.3001
168.2750,-46.3242,0.3001
168.3250,-46.3242,0.2860
168.3750,-46.3242,0.2721
168.4250,-46.3242,0.2718
168.4750,-46.3242,0.2656
168.5250,-46.3242,0.2656
168.5750,-46.3242,0.2594
168.6250,-46.3242,0.2557
168.6750,-46.3242,0.2541
168.7250,-46.3242,0.2506
168.7750,-46.3242,0.2504
168.8250,-46.3242,0.2480
168.8750,-46.3242,0.2466
168.9250,-46.3242,0.2467
168.9750,-46.3242,0.2460
169.0250,-46.3242,0.2465
169.0750,-46.3242,0.2458
169.1250,-46.3242,0.2457
169.1750,-46.3242,0.2457
169.2250,-46.3242,0.2459
169.2750,-46.3242,0.2459
169.3250,-46.3242,0.2461
169.3750,-46.3242,0.2465
169.4250,-46.3242,0.2471
169.4750,-46.3242,0.2481
169.5250,-46.3242,0.2493
169.5750,-46.3242,0.2504
169.6250,-46.3242,0.2530
169.6750,-46.3242,0.2521
169.7250,-46.3242,0.2547
169.7750,-46.3242,0.2551
169.8250,-46.3242,0.2551
169.8750,-46.3242,0.2540
169.9250,-46.3242,0.2542
167.7250,-46.3742,0.3672
167.7750,-46.3742,0.3545
167.8250,-46.3742,0.3545
167.8750,-46.3742,0.3457
167.9250,-46.3742,0.3457
167.9750,-46.3742,0.3359
168.0250,-46.3742,0.3359
168.1250,-46.3742,0.3131
168.1750,-46.3742,0.3041
168.2250,-46.3742,0.3041
168.2750,-46.3742,0.2901
168.3250,-46.3742,0.2901
168.3750,-46.3742,0.2749
168.4250,-46.3742,0.2671
168.4750,-46.3742,0.2671
168.5250,-46.3742,0.2608
168.5750,-46.3742,0.2608
168.6250,-46.3742,0.2550
168.6750,-46.3742,0.2512
168.7250,-46.3742,0.2506
168.7750,-46.3742,0.2479
168.8250,-46.3742,0.2480
168.8750,-46.3742,0.2463
168.9250,-46.3742,0.2455
168.9750,-46.3742,0.2456
169.0250,-46.3742,0.2452
169.0750,-46.3742,0.2453
169.1250,-46.3742,0.2452
169.1750,-46.3742,0.2455
169.2250,-46.3742,0.2455
169.2750,-46.3742,0.2459
169.3250,-46.3742,0.2459
169.3750,-46.3742,0.2465
169.4250,-46.3742,0.2478
169.4750,-46.3742,0.2479
169.5250,-46.3742,0.2499
169.5750,-46.3742,0.2524
169.6250,-46.3742,0.2530
169.6750,-46.3742,0.2553
169.7250,-46.3742,0.2548
169.7750,-46.3742,0.2560
169.8250,-46.3742,0.2551
167.8250,-46.4242,0.3545
168.2250,-46.4242,0.2930
168.2750,-46.4242,0.2930
168.3250,-46.4242,0.2898
168.3750,-46.4242,0.2705
168.4250,-46.4242,0.2684
168.4750,-46.4242,0.2620
168.5250,-46.4242,0.2620
168.5750,-46.4242,0.2560
168.6250,-46.4242,0.2560
168.6750,-46.4242,0.2511
168.7250,-46.4242,0.2478
168.7750,-46.4242,0.2479
168.8250,-46.4242,0.2458
168.8750,-46.4242,0.2461
168.9250,-46.4242,0.2448
168.9750,-46.4242,0.2445
169.0250,-46.4242,0.2447
169.0750,-46.4242,0.2446
169.1250,-46.4242,0.2450
169.1750,-46.4242,0.2450
169.2250,-46.4242,0.2457
169.2750,-46.4242,0.2457
169.3250,-46.4242,0.2467
169.3750,-46.4242,0.2469
169.4250,-46.4242,0.2478
169.4750,-46.4242,0.2496
169.5250,-46.4242,0.2497
169.5750,-46.4242,0.2521
169.6250,-46.4242,0.2540
169.6750,-46.4242,0.2553
169.7250,-46.4242,0.2549
169.7750,-46.4242,0.2560
169.8250,-46.4242,0.2560
167.8250,-46.4742,0.3543
167.8750,-46.4742,0.3464
168.2250,-46.4742,0.2930
168.2750,-46.4742,0.2801
168.3250,-46.4742,0.2801
168.3750,-46.4742,0.2691
168.4250,-46.4742,0.2676
168.4750,-46.4742,0.2627
168.5250,-46.4742,0.2565
168.5750,-46.4742,0.2565
168.6250,-46.4742,0.2513
168.6750,-46.4742,0.2513
168.7250,-46.4742,0.2478
168.7750,-46.4742,0.2455
168.8250,-46.4742,0.2458
168.8750,-46.4742,0.2445
168.9250,-46.4742,0.2442
168.9750,-46.4742,0.2441
169.0250,-46.4742,0.2441
169.0750,-46.4742,0.2443
169.1250,-46.4742,0.2445
169.1750,-46.4742,0.2453
169.2250,-46.4742,0.2453
169.2750,-46.4742,0.2466
169.3250,-46.4742,0.2466
169.3750,-46.4742,0.2482
169.4250,-46.4742,0.2496
169.4750,-46.4742,0.2496
169.5250,-46.4742,0.2515
169.5750,-46.4742,0.2518
169.6250,-46.4742,0.2535
169.6750,-46.4742,0.2532
169.7250,-46.4742,0.2548
169.7750,-46.4742,0.2549
168.2250,-46.5242,0.2805
168.2750,-46.5242,0.2805
168.3250,-46.5242,0.2693
168.3750,-46.5242,0.2693
168.4250,-46.5242,0.2628
168.4750,-46.5242,0.2575
168.5250,-46.5242,0.2567
168.5750,-46.5242,0.2514
168.6250,-46.5242,0.2514
168.6750,-46.5242,0.2477
168.7250,-46.5242,0.2473
168.7750,-46.5242,0.2455
168.8250,-46.5242,0.2438
168.8750,-46.5242,0.2445
168.9250,-46.5242,0.2434
168.9750,-46.5242,0.2434
169.0250,-46.5242,0.2434
169.0750,-46.5242,0.2437
169.1250,-46.5242,0.2442
169.1750,-46.5242,0.2445
169.2250,-46.5242,0.2459
169.2750,-46.5242,0.2459
169.3250,-46.5242,0.2480
169.3750,-46.5242,0.2480
169.4250,-46.5242,0.2503
169.4750,-46.5242,0.2505
169.5250,-46.5242,0.2515
169.5750,-46.5242,0.2516
169.6250,-46.5242,0.2529
169.6750,-46.5242,0.2532
169.7250,-46.5242,0.2532
166.8250,-46.5742,0.5601
166.8750,-46.5742,0.5563
166.9250,-46.5742,0.5484
168.2250,-46.5742,0.2805
168.2750,-46.5742,0.2690
168.3250,-46.5742,0.2689
168.3750,-46.5742,0.2624
168.4250,-46.5742,0.2624
168.4750,-46.5742,0.2608
168.5250,-46.5742,0.2511
168.5750,-46.5742,0.2511
168.6250,-46.5742,0.2512
168.6750,-46.5742,0.2465
168.7250,-46.5742,0.2450
168.7750,-46.5742,0.2450
168.8250,-46.5742,0.2438
168.8750,-46.5742,0.2430
168.9250,-46.5742,0.2434
168.9750,-46.5742,0.2429
169.0250,-46.5742,0.2431
169.0750,-46.5742,0.2431
169.1250,-46.5742,0.2437
169.1750,-46.5742,0.2443
169.2250,-46.5742,0.2448
169.2750,-46.5742,0.2466
169.3250,-46.5742,0.2466
169.3750,-46.5742,0.2491
169.4250,-46.5742,0.2491
169.4750,-46.5742,0.2504
169.5250,-46.5742,0.2515
169.5750,-46.5742,0.2515
169.6250,-46.5742,0.2515
168.3250,-46.6242,0.2689
168.3750,-46.6242,0.2624
168.4250,-46.6242,0.2624
168.4750,-46.6242,0.2614
168.5250,-46.6242,0.2511
168.8250,-46.6242,0.2430
168.8750,-46.6242,0.2430
168.9250,-46.6242,0.2422
168.9750,-46.6242,0.2429
169.0250,-46.6242,0.2423
169.0750,-46.6242,0.2427
169.1250,-46.6242,0.2428
169.1750,-46.6242,0.2435
169.2250,-46.6242,0.2444
169.2750,-46.6242,0.2466
169.3250,-46.6242,0.2466
169.3750,-46.6242,0.2466
169.4250,-46.6242,0.2489
167.7250,-46.6742,0.3309
167.7750,-46.6742,0.3309
167.8250,-46.6742,0.3268
167.8750,-46.6742,0.3189
167.9250,-46.6742,0.3189
168.4250,-46.6742,0.2624
168.8250,-46.6742,0.2429
168.8750,-46.6742,0.2422
168.9250,-46.6742,0.2422
168.9750,-46.6742,0.2423
169.0250,-46.6742,0.2423
169.0750,-46.6742,0.2427
169.1250,-46.6742,0.2427
169.1750,-46.6742,0.2435
169.2250,-46.6742,0.2435
167.6250,-46.7242,0.3271
167.7250,-46.7242,0.3277
167.7750,-46.7242,0.3309
167.8250,-46.7242,0.3306
167.8750,-46.7242,0.3189
167.9250,-46.7242,0.3004
167.9750,-46.7242,0.3002
168.4750,-46.7242,0.2607
168.5250,-46.7242,0.2511
168.5750,-46.7242,0.2511
167.5750,-46.7741,0.3270
167.6250,-46.7741,0.3271
167.6750,-46.7741,0.3271
167.7250,-46.7741,0.3271
167.7750,-46.7741,0.3271
167.8250,-46.7741,0.3145
167.8750,-46.7741,0.3106
167.9250,-46.7741,0.3002
167.9750,-46.7741,0.2777
168.0250,-46.7741,0.2777
168.3750,-46.7741,0.2556
168.4250,-46.7741,0.2624
168.4750,-46.7741,0.2601
168.5250,-46.7741,0.2515
168.5750,-46.7741,0.2511
167.7250,-46.8241,0.3270
167.7750,-46.8241,0.3088
167.8250,-46.8241,0.3088
167.8750,-46.8241,0.2940
167.9250,-46.8241,0.2794
167.9750,-46.8241,0.2777
168.0250,-46.8241,0.2645
168.0750,-46.8241,0.2582
168.2250,-46.8241,0.2468
168.4250,-46.8241,0.2470
168.4750,-46.8241,0.2526
168.5250,-46.8241,0.2523
167.7250,-46.8741,0.3073
167.7750,-46.8741,0.3084
167.8250,-46.8741,0.2857
167.8750,-46.8741,0.2857
167.9250,-46.8741,0.2711
167.9750,-46.8741,0.2644
168.0250,-46.8741,0.2645
168.0750,-46.8741,0.2582
168.1250,-46.8741,0.2582
168.1750,-46.8741,0.2484
168.2250,-46.8741,0.2468
168.2750,-46.8741,0.2468
167.6750,-46.9241,0.2696
167.7250,-46.9241,0.2706
167.7750,-46.9241,0.2759
167.8250,-46.9241,0.2759
167.8750,-46.9241,0.2673
167.9250,-46.9241,0.2673
167.9750,-46.9241,0.2610
168.0250,-46.9241,0.2526
168.0750,-46.9241,0.2482
168.1250,-46.9241,0.2481
168.1750,-46.9241,0.2468
168.2250,-46.9241,0.2468
168.2750,-46.9241,0.2468
167.6750,-46.9741,0.2662
167.7250,-46.9741,0.2696
167.7750,-46.9741,0.2696
167.8250,-46.9741,0.2632
167.8750,-46.9741,0.2632
167.9250,-46.9741,0.2573
167.9750,-46.9741,0.2569
168.0250,-46.9741,0.2522
168.0750,-46.9741,0.2481
168.1250,-46.9741,0.2481
168.1750,-46.9741,0.2438
168.2250,-46.9741,0.2466
167.6250,-47.0241,0.2716
167.6750,-47.0241,0.2653
167.7250,-47.0241,0.2652
167.7750,-47.0241,0.2591
167.8250,-47.0241,0.2591
167.8750,-47.0241,0.2538
167.9250,-47.0241,0.2538
167.9750,-47.0241,0.2495
168.0250,-47.0241,0.2475
168.0750,-47.0241,0.2462
168.1250,-47.0241,0.2438
168.1750,-47.0241,0.2438
168.2250,-47.0241,0.2412
167.5750,-47.0741,0.2671
167.6250,-47.0741,0.2716
167.6750,-47.0741,0.2607
167.7250,-47.0741,0.2647
167.7750,-47.0741,0.2551
167.8250,-47.0741,0.2505
167.8750,-47.0741,0.2505
167.9250,-47.0741,0.2470
167.9750,-47.0741,0.2470
168.0250,-47.0741,0.2444
168.0750,-47.0741,0.2426
168.1250,-47.0741,0.2425
168.1750,-47.0741,0.2412
168.2250,-47.0741,0.2412
167.3750,-47.1241,0.2536
167.4250,-47.1241,0.2556
167.5250,-47.1241,0.2670
167.5750,-47.1241,0.2671
167.6250,-47.1241,0.2558
167.6750,-47.1241,0.2607
167.7250,-47.1241,0.2508
167.7750,-47.1241,0.2518
167.8250,-47.1241,0.2471
167.8750,-47.1241,0.2444
167.9250,-47.1241,0.2444
167.9750,-47.1241,0.2470
168.0250,-47.1241,0.2444
168.0750,-47.1241,0.2435
168.1250,-47.1241,0.2425
168.1750,-47.1241,0.2412
168.2250,-47.1241,0.2412
167.3750,-47.1741,0.2466
167.4250,-47.1741,0.2547
167.4750,-47.1741,0.2557
167.5250,-47.1741,0.2557
167.5750,-47.1741,0.2497
167.6250,-47.1741,0.2558
167.6750,-47.1741,0.2557
167.7250,-47.1741,0.2508
167.7750,-47.1741,0.2472
167.8250,-47.1741,0.2471
167.8750,-47.1741,0.2444
167.9250,-47.1741,0.2444
167.9750,-47.1741,0.2445
167.3250,-47.2241,0.2453
167.3750,-47.2241,0.2453
167.4250,-47.2241,0.2453
167.4750,-47.2241,0.2543
167.5250,-47.2241,0.2557
167.5750,-47.2241,0.2497
167.6250,-47.2241,0.2363
167.6750,-47.2241,0.2363
167.7250,-47.2241,0.2488
167.3750,-47.2741,0.2453
167.4250,-47.2741,0.2453
167.4750,-47.2741,0.2453
167.5250,-47.2741,0.2394
167.5750,-47.2741,0.2394
167.6250,-47.2741,0.2363
167.6750,-47.2741,0.2363
