lon,lat,pga_g
12.1150,51.0350,0.0371
12.1650,51.0350,0.0435
12.2150,51.0350,0.0374
12.2650,51.0350,0.0391
12.3150,51.0350,0.0376
12.3650,51.0350,0.0376
12.4150,51.0350,0.0366
12.4650,51.0350,0.0324
12.5150,51.0350,0.0351
12.5650,51.0350,0.0308
12.6150,51.0350,0.0330
12.6650,51.0350,0.0297
12.7150,51.0350,0.0281
12.7650,51.0350,0.0281
12.8150,51.0350,0.0261
12.8650,51.0350,0.0261
12.9150,51.0350,0.0238
12.9650,51.0350,0.0211
13.0150,51.0350,0.0211
13.0650,51.0350,0.0188
13.1150,51.0350,0.0188
13.1650,51.0350,0.0175
13.2150,51.0350,0.0159
13.2650,51.0350,0.0165
13.3150,51.0350,0.0148
13.3650,51.0350,0.0148
13.4150,51.0350,0.0142
13.4650,51.0350,0.0137
13.5150,51.0350,0.0137
13.5650,51.0350,0.0132
13.6150,51.0350,0.0130
13.6650,51.0350,0.0124
13.7150,51.0350,0.0119
13.7650,51.0350,0.0119
13.8150,51.0350,0.0115
13.8650,51.0350,0.0114
13.9150,51.0350,0.0111
13.9650,51.0350,0.0104
14.0150,51.0350,0.0110
14.0650,51.0350,0.0101
14.1150,51.0350,0.0098
14.1650,51.0350,0.0098
14.2150,51.0350,0.0093
14.2650,51.0350,0.0093
14.3150,51.0350,0.0084
14.3650,51.0350,0.0081
14.4150,51.0350,0.0081
14.4650,51.0350,0.0079
14.5150,51.0350,0.0079
14.5650,51.0350,0.0076
14.6150,51.0350,0.0072
14.6650,51.0350,0.0075
14.7150,51.0350,0.0072
14.7650,51.0350,0.0072
14.8150,51.0350,0.0072
14.8650,51.0350,0.0071
14.9150,51.0350,0.0074
14.9650,51.0350,0.0073
15.0150,51.0350,0.0077
15.0650,51.0350,0.0076
15.1150,51.0350,0.0080
15.1650,51.0350,0.0080
15.2150,51.0350,0.0084
15.2650,51.0350,0.0084
15.3150,51.0350,0.0083
15.3650,51.0350,0.0089
15.4150,51.0350,0.0089
15.4650,51.0350,0.0096
15.5150,51.0350,0.0096
15.5650,51.0350,0.0103
15.6150,51.0350,0.0098
15.6650,51.0350,0.0098
15.7150,51.0350,0.0103
15.7650,51.0350,0.0103
15.8150,51.0350,0.0107
15.8650,51.0350,0.0101
15.9150,51.0350,0.0111
15.9650,51.0350,0.0105
16.0150,51.0350,0.0108
16.0650,51.0350,0.0108
16.1150,51.0350,0.0109
16.1650,51.0350,0.0111
16.2150,51.0350,0.0104
16.2650,51.0350,0.0106
16.3150,51.0350,0.0106
16.3650,51.0350,0.0106
16.4150,51.0350,0.0106
16.4650,51.0350,0.0107
16.5150,51.0350,0.0099
16.5650,51.0350,0.0099
16.6150,51.0350,0.0099
16.6650,51.0350,0.0099
16.7150,51.0350,0.0099
16.7650,51.0350,0.0092
16.8150,51.0350,0.0099
16.8650,51.0350,0.0092
16.9150,51.0350,0.0092
16.9650,51.0350,0.0092
17.0150,51.0350,0.0085
17.0650,51.0350,0.0092
17.1150,51.0350,0.0085
17.1650,51.0350,0.0088
17.2150,51.0350,0.0085
17.2650,51.0350,0.0084
17.3150,51.0350,0.0085
17.3650,51.0350,0.0081
17.4150,51.0350,0.0085
17.4650,51.0350,0.0081
17.5150,51.0350,0.0081
17.5650,51.0350,0.0081
17.6150,51.0350,0.0078
17.6650,51.0350,0.0081
17.7150,51.0350,0.0077
17.7650,51.0350,0.0076
17.8150,51.0350,0.0076
17.8650,51.0350,0.0076
17.9150,51.0350,0.0076
17.9650,51.0350,0.0073
18.0150,51.0350,0.0072
18.0650,51.0350,0.0072
18.1150,51.0350,0.0072
18.1650,51.0350,0.0071
18.2150,51.0350,0.0070
18.2650,51.0350,0.0068
18.3150,51.0350,0.0068
18.3650,51.0350,0.0067
18.4150,51.0350,0.0065
18.4650,51.0350,0.0067
18.5150,51.0350,0.0064
18.5650,51.0350,0.0064
18.6150,51.0350,0.0064
18.6650,51.0350,0.0063
18.7150,51.0350,0.0064
18.7650,51.0350,0.0062
18.8150,51.0350,0.0063
12.1150,50.9850,0.0480
12.1650,50.9850,0.0435
12.2150,50.9850,0.0562
12.2650,50.9850,0.0450
12.3150,50.9850,0.0427
12.3650,50.9850,0.0427
12.4150,50.9850,0.0412
12.4650,50.9850,0.0412
12.5150,50.9850,0.0392
12.5650,50.9850,0.0331
12.6150,50.9850,0.0362
12.6650,50.9850,0.0312
12.7150,50.9850,0.0312
12.7650,50.9850,0.0293
12.8150,50.9850,0.0268
12.8650,50.9850,0.0270
12.9150,50.9850,0.0238
12.9650,50.9850,0.0242
13.0150,50.9850,0.0216
13.0650,50.9850,0.0192
13.1150,50.9850,0.0192
13.1650,50.9850,0.0180
13.2150,50.9850,0.0180
13.2650,50.9850,0.0170
13.3150,50.9850,0.0155
13.3650,50.9850,0.0157
13.4150,50.9850,0.0146
13.4650,50.9850,0.0146
13.5150,50.9850,0.0142
13.5650,50.9850,0.0133
13.6150,50.9850,0.0138
13.6650,50.9850,0.0128
13.7150,50.9850,0.0133
13.7650,50.9850,0.0125
13.8150,50.9850,0.0123
13.8650,50.9850,0.0123
13.9150,50.9850,0.0121
13.9650,50.9850,0.0120
14.0150,50.9850,0.0110
14.0650,50.9850,0.0107
14.1150,50.9850,0.0107
14.1650,50.9850,0.0103
14.2150,50.9850,0.0102
14.2650,50.9850,0.0098
14.3150,50.9850,0.0088
14.3650,50.9850,0.0092
14.4150,50.9850,0.0083
14.4650,50.9850,0.0081
14.5150,50.9850,0.0081
14.5650,50.9850,0.0078
14.6150,50.9850,0.0078
14.6650,50.9850,0.0075
14.7150,50.9850,0.0075
14.7650,50.9850,0.0075
14.8150,50.9850,0.0076
14.8650,50.9850,0.0076
14.9150,50.9850,0.0078
14.9650,50.9850,0.0077
15.0150,50.9850,0.0078
15.0650,50.9850,0.0081
15.1150,50.9850,0.0081
15.1650,50.9850,0.0085
15.2150,50.9850,0.0084
15.2650,50.9850,0.0094
15.3150,50.9850,0.0092
15.3650,50.9850,0.0100
15.4150,50.9850,0.0099
15.4650,50.9850,0.0106
15.5150,50.9850,0.0106
15.5650,50.9850,0.0103
15.6150,50.9850,0.0111
15.6650,50.9850,0.0108
15.7150,50.9850,0.0112
15.7650,50.9850,0.0112
15.8150,50.9850,0.0119
15.8650,50.9850,0.0119
15.9150,50.9850,0.0114
15.9650,50.9850,0.0116
16.0150,50.9850,0.0116
16.0650,50.9850,0.0120
16.1150,50.9850,0.0120
16.1650,50.9850,0.0124
16.2150,50.9850,0.0114
16.2650,50.9850,0.0121
16.3150,50.9850,0.0116
16.3650,50.9850,0.0116
16.4150,50.9850,0.0117
16.4650,50.9850,0.0107
16.5150,50.9850,0.0117
16.5650,50.9850,0.0107
16.6150,50.9850,0.0107
16.6650,50.9850,0.0107
16.7150,50.9850,0.0107
16.7650,50.9850,0.0107
16.8150,50.9850,0.0100
16.8650,50.9850,0.0100
16.9150,50.9850,0.0100
16.9650,50.9850,0.0100
17.0150,50.9850,0.0100
17.0650,50.9850,0.0099
17.1150,50.9850,0.0093
17.1650,50.9850,0.0093
17.2150,50.9850,0.0092
17.2650,50.9850,0.0092
17.3150,50.9850,0.0092
17.3650,50.9850,0.0085
17.4150,50.9850,0.0086
17.4650,50.9850,0.0085
17.5150,50.9850,0.0085
17.5650,50.9850,0.0085
17.6150,50.9850,0.0081
17.6650,50.9850,0.0084
17.7150,50.9850,0.0081
17.7650,50.9850,0.0081
17.8150,50.9850,0.0080
17.8650,50.9850,0.0077
17.9150,50.9850,0.0080
17.9650,50.9850,0.0076
18.0150,50.9850,0.0077
18.0650,50.9850,0.0076
18.1150,50.9850,0.0075
18.1650,50.9850,0.0076
18.2150,50.9850,0.0072
18.2650,50.9850,0.0072
18.3150,50.9850,0.0072
18.3650,50.9850,0.0071
18.4150,50.9850,0.0071
18.4650,50.9850,0.0067
18.5150,50.9850,0.0067
18.5650,50.9850,0.0067
18.6150,50.9850,0.0067
18.6650,50.9850,0.0067
18.7150,50.9850,0.0067
18.7650,50.9850,0.0064
18.8150,50.9850,0.0064
12.1150,50.9350,0.0591
12.1650,50.9350,0.0591
12.2150,50.9350,0.0657
12.2650,50.9350,0.0535
12.3150,50.9350,0.0561
12.3650,50.9350,0.0514
12.4150,50.9350,0.0511
12.4650,50.9350,0.0495
12.5150,50.9350,0.0400
12.5650,50.9350,0.0440
12.6150,50.9350,0.0363
12.6650,50.9350,0.0329
12.7150,50.9350,0.0325
12.7650,50.9350,0.0302
12.8150,50.9350,0.0302
12.8650,50.9350,0.0276
12.9150,50.9350,0.0246
12.9650,50.9350,0.0245
13.0150,50.9350,0.0220
13.0650,50.9350,0.0220
13.1150,50.9350,0.0198
13.1650,50.9350,0.0184
13.2150,50.9350,0.0184
13.2650,50.9350,0.0170
13.3150,50.9350,0.0175
13.3650,50.9350,0.0161
13.4150,50.9350,0.0153
13.4650,50.9350,0.0153
13.5150,50.9350,0.0147
13.5650,50.9350,0.0147
13.6150,50.9350,0.0144
13.6650,50.9350,0.0135
13.7150,50.9350,0.0137
13.7650,50.9350,0.0133
13.8150,50.9350,0.0133
13.8650,50.9350,0.0132
13.9150,50.9350,0.0122
13.9650,50.9350,0.0132
14.0150,50.9350,0.0119
14.0650,50.9350,0.0129
14.1150,50.9350,0.0114
14.1650,50.9350,0.0108
14.2150,50.9350,0.0108
14.2650,50.9350,0.0102
14.3150,50.9350,0.0101
14.3650,50.9350,0.0092
14.4150,50.9350,0.0085
14.4650,50.9350,0.0085
14.5150,50.9350,0.0082
14.5650,50.9350,0.0082
14.6150,50.9350,0.0080
14.6650,50.9350,0.0077
14.7150,50.9350,0.0079
14.7650,50.9350,0.0077
14.8150,50.9350,0.0078
14.8650,50.9350,0.0079
14.9150,50.9350,0.0078
14.9650,50.9350,0.0081
15.0150,50.9350,0.0081
15.0650,50.9350,0.0085
15.1150,50.9350,0.0085
15.1650,50.9350,0.0094
15.2150,50.9350,0.0094
15.2650,50.9350,0.0101
15.3150,50.9350,0.0101
15.3650,50.9350,0.0101
15.4150,50.9350,0.0108
15.4650,50.9350,0.0108
15.5150,50.9350,0.0115
15.5650,50.9350,0.0111
15.6150,50.9350,0.0122
15.6650,50.9350,0.0118
15.7150,50.9350,0.0119
15.7650,50.9350,0.0124
15.8150,50.9350,0.0123
15.8650,50.9350,0.0129
15.9150,50.9350,0.0123
15.9650,50.9350,0.0132
16.0150,50.9350,0.0127
16.0650,50.9350,0.0131
16.1150,50.9350,0.0131
16.1650,50.9350,0.0132
16.2150,50.9350,0.0133
16.2650,50.9350,0.0126
16.3150,50.9350,0.0127
16.3650,50.9350,0.0127
16.4150,50.9350,0.0128
16.4650,50.9350,0.0127
16.5150,50.9350,0.0127
16.5650,50.9350,0.0117
16.6150,50.9350,0.0117
16.6650,50.9350,0.0117
16.7150,50.9350,0.0114
16.7650,50.9350,0.0117
16.8150,50.9350,0.0107
16.8650,50.9350,0.0114
16.9150,50.9350,0.0107
16.9650,50.9350,0.0106
17.0150,50.9350,0.0107
17.0650,50.9350,0.0100
17.1150,50.9350,0.0107
17.1650,50.9350,0.0100
17.2150,50.9350,0.0099
17.2650,50.9350,0.0099
17.3150,50.9350,0.0097
17.3650,50.9350,0.0099
17.4150,50.9350,0.0092
17.4650,50.9350,0.0091
17.5150,50.9350,0.0091
17.5650,50.9350,0.0090
17.6150,50.9350,0.0090
17.6650,50.9350,0.0084
17.7150,50.9350,0.0084
17.7650,50.9350,0.0084
17.8150,50.9350,0.0084
17.8650,50.9350,0.0084
17.9150,50.9350,0.0083
17.9650,50.9350,0.0080
18.0150,50.9350,0.0080
18.0650,50.9350,0.0079
18.1150,50.9350,0.0079
18.1650,50.9350,0.0079
18.2150,50.9350,0.0075
18.2650,50.9350,0.0076
18.3150,50.9350,0.0075
18.3650,50.9350,0.0075
18.4150,50.9350,0.0075
18.4650,50.9350,0.0071
18.5150,50.9350,0.0075
18.5650,50.9350,0.0071
18.6150,50.9350,0.0070
18.6650,50.9350,0.0070
18.7150,50.9350,0.0067
18.7650,50.9350,0.0070
18.8150,50.9350,0.0067
12.1150,50.8850,0.0635
12.1650,50.8850,0.0672
12.2150,50.8850,0.0657
12.2650,50.8850,0.0720
12.3150,50.8850,0.0644
12.3650,50.8850,0.0627
12.4150,50.8850,0.0627
12.4650,50.8850,0.0575
12.5150,50.8850,0.0575
12.5650,50.8850,0.0472
12.6150,50.8850,0.0385
12.6650,50.8850,0.0392
12.7150,50.8850,0.0339
12.7650,50.8850,0.0334
12.8150,50.8850,0.0308
12.8650,50.8850,0.0280
12.9150,50.8850,0.0281
12.9650,50.8850,0.0245
13.0150,50.8850,0.0229
13.0650,50.8850,0.0223
13.1150,50.8850,0.0204
13.1650,50.8850,0.0204
13.2150,50.8850,0.0188
13.2650,50.8850,0.0180
13.3150,50.8850,0.0180
13.3650,50.8850,0.0168
13.4150,50.8850,0.0169
13.4650,50.8850,0.0161
13.5150,50.8850,0.0157
13.5650,50.8850,0.0157
13.6150,50.8850,0.0144
13.6650,50.8850,0.0155
13.7150,50.8850,0.0142
13.7650,50.8850,0.0142
13.8150,50.8850,0.0142
13.8650,50.8850,0.0143
13.9150,50.8850,0.0143
13.9650,50.8850,0.0144
14.0150,50.8850,0.0131
14.0650,50.8850,0.0131
14.1150,50.8850,0.0125
14.1650,50.8850,0.0125
14.2150,50.8850,0.0114
14.2650,50.8850,0.0102
14.3150,50.8850,0.0105
14.3650,50.8850,0.0095
14.4150,50.8850,0.0095
14.4650,50.8850,0.0088
14.5150,50.8850,0.0083
14.5650,50.8850,0.0083
14.6150,50.8850,0.0081
14.6650,50.8850,0.0081
14.7150,50.8850,0.0079
14.7650,50.8850,0.0079
14.8150,50.8850,0.0079
14.8650,50.8850,0.0081
14.9150,50.8850,0.0081
14.9650,50.8850,0.0084
15.0150,50.8850,0.0085
15.0650,50.8850,0.0085
15.1150,50.8850,0.0093
15.1650,50.8850,0.0095
15.2150,50.8850,0.0100
15.2650,50.8850,0.0101
15.3150,50.8850,0.0107
15.3650,50.8850,0.0108
15.4150,50.8850,0.0116
15.4650,50.8850,0.0116
15.5150,50.8850,0.0123
15.5650,50.8850,0.0123
15.6150,50.8850,0.0122
15.6650,50.8850,0.0128
15.7150,50.8850,0.0128
15.7650,50.8850,0.0132
15.8150,50.8850,0.0132
15.8650,50.8850,0.0136
15.9150,50.8850,0.0133
15.9650,50.8850,0.0134
16.0150,50.8850,0.0136
16.0650,50.8850,0.0136
16.1150,50.8850,0.0138
16.1650,50.8850,0.0133
16.2150,50.8850,0.0140
16.2650,50.8850,0.0135
16.3150,50.8850,0.0137
16.3650,50.8850,0.0136
16.4150,50.8850,0.0136
16.4650,50.8850,0.0137
16.5150,50.8850,0.0128
16.5650,50.8850,0.0131
16.6150,50.8850,0.0128
16.6650,50.8850,0.0128
16.7150,50.8850,0.0128
16.7650,50.8850,0.0128
16.8150,50.8850,0.0118
16.8650,50.8850,0.0117
16.9150,50.8850,0.0117
16.9650,50.8850,0.0117
17.0150,50.8850,0.0117
17.0650,50.8850,0.0108
17.1150,50.8850,0.0114
17.1650,50.8850,0.0107
17.2150,50.8850,0.0107
17.2650,50.8850,0.0106
17.3150,50.8850,0.0099
17.3650,50.8850,0.0106
17.4150,50.8850,0.0098
17.4650,50.8850,0.0099
17.5150,50.8850,0.0098
17.5650,50.8850,0.0094
17.6150,50.8850,0.0097
17.6650,50.8850,0.0090
17.7150,50.8850,0.0096
17.7650,50.8850,0.0090
17.8150,50.8850,0.0089
17.8650,50.8850,0.0089
17.9150,50.8850,0.0083
17.9650,50.8850,0.0087
18.0150,50.8850,0.0083
18.0650,50.8850,0.0083
18.1150,50.8850,0.0083
18.1650,50.8850,0.0082
18.2150,50.8850,0.0080
18.2650,50.8850,0.0079
18.3150,50.8850,0.0079
18.3650,50.8850,0.0079
18.4150,50.8850,0.0078
18.4650,50.8850,0.0075
18.5150,50.8850,0.0075
18.5650,50.8850,0.0074
18.6150,50.8850,0.0074
18.6650,50.8850,0.0074
18.7150,50.8850,0.0071
18.7650,50.8850,0.0074
18.8150,50.8850,0.0071
12.1150,50.8350,0.0563
12.1650,50.8350,0.0710
12.2150,50.8350,0.0720
12.2650,50.8350,0.0749
12.3150,50.8350,0.0727
12.3650,50.8350,0.0723
12.4150,50.8350,0.0675
12.4650,50.8350,0.0561
12.5150,50.8350,0.0560
12.5650,50.8350,0.0471
12.6150,50.8350,0.0455
12.6650,50.8350,0.0393
12.7150,50.8350,0.0346
12.7650,50.8350,0.0346
12.8150,50.8350,0.0312
12.8650,50.8350,0.0312
12.9150,50.8350,0.0284
12.9650,50.8350,0.0247
13.0150,50.8350,0.0250
13.0650,50.8350,0.0227
13.1150,50.8350,0.0224
13.1650,50.8350,0.0209
13.2150,50.8350,0.0194
13.2650,50.8350,0.0195
13.3150,50.8350,0.0180
13.3650,50.8350,0.0181
13.4150,50.8350,0.0174
13.4650,50.8350,0.0170
13.5150,50.8350,0.0170
13.5650,50.8350,0.0169
13.6150,50.8350,0.0163
13.6650,50.8350,0.0170
13.7150,50.8350,0.0156
13.7650,50.8350,0.0160
13.8150,50.8350,0.0159
13.8650,50.8350,0.0160
13.9150,50.8350,0.0162
13.9650,50.8350,0.0144
14.0150,50.8350,0.0163
14.0650,50.8350,0.0142
14.1150,50.8350,0.0133
14.1650,50.8350,0.0133
14.2150,50.8350,0.0119
14.2650,50.8350,0.0119
14.3150,50.8350,0.0106
14.3650,50.8350,0.0096
14.4150,50.8350,0.0096
14.4650,50.8350,0.0089
14.5150,50.8350,0.0089
14.5650,50.8350,0.0084
14.6150,50.8350,0.0081
14.6650,50.8350,0.0082
14.7150,50.8350,0.0080
14.7650,50.8350,0.0081
14.8150,50.8350,0.0081
14.8650,50.8350,0.0083
14.9150,50.8350,0.0083
14.9650,50.8350,0.0084
15.0150,50.8350,0.0087
15.0650,50.8350,0.0090
15.1150,50.8350,0.0097
15.1650,50.8350,0.0097
15.2150,50.8350,0.0104
15.2650,50.8350,0.0105
15.3150,50.8350,0.0110
15.3650,50.8350,0.0114
15.4150,50.8350,0.0114
15.4650,50.8350,0.0122
15.5150,50.8350,0.0123
15.5650,50.8350,0.0129
15.6150,50.8350,0.0129
15.6650,50.8350,0.0134
15.7150,50.8350,0.0134
15.7650,50.8350,0.0137
15.8150,50.8350,0.0137
15.8650,50.8350,0.0137
15.9150,50.8350,0.0141
15.9650,50.8350,0.0139
16.0150,50.8350,0.0141
16.0650,50.8350,0.0141
16.1150,50.8350,0.0143
16.1650,50.8350,0.0143
16.2150,50.8350,0.0143
16.2650,50.8350,0.0142
16.3150,50.8350,0.0142
16.3650,50.8350,0.0143
16.4150,50.8350,0.0143
16.4650,50.8350,0.0143
16.5150,50.8350,0.0137
16.5650,50.8350,0.0142
16.6150,50.8350,0.0137
16.6650,50.8350,0.0137
16.7150,50.8350,0.0138
16.7650,50.8350,0.0128
16.8150,50.8350,0.0138
16.8650,50.8350,0.0128
16.9150,50.8350,0.0129
16.9650,50.8350,0.0129
17.0150,50.8350,0.0127
17.0650,50.8350,0.0128
17.1150,50.8350,0.0116
17.1650,50.8350,0.0115
17.2150,50.8350,0.0115
17.2650,50.8350,0.0114
17.3150,50.8350,0.0114
17.3650,50.8350,0.0109
17.4150,50.8350,0.0105
17.4650,50.8350,0.0105
17.5150,50.8350,0.0104
17.5650,50.8350,0.0104
17.6150,50.8350,0.0103
17.6650,50.8350,0.0096
17.7150,50.8350,0.0096
17.7650,50.8350,0.0096
17.8150,50.8350,0.0096
17.8650,50.8350,0.0095
17.9150,50.8350,0.0088
17.9650,50.8350,0.0094
18.0150,50.8350,0.0087
18.0650,50.8350,0.0087
18.1150,50.8350,0.0087
18.1650,50.8350,0.0082
18.2150,50.8350,0.0086
18.2650,50.8350,0.0082
18.3150,50.8350,0.0082
18.3650,50.8350,0.0082
18.4150,50.8350,0.0080
18.4650,50.8350,0.0082
18.5150,50.8350,0.0078
18.5650,50.8350,0.0078
18.6150,50.8350,0.0078
18.6650,50.8350,0.0078
18.7150,50.8350,0.0078
18.7650,50.8350,0.0074
18.8150,50.8350,0.0074
12.1150,50.7850,0.0612
12.1650,50.7850,0.0715
12.2150,50.7850,0.0719
12.2650,50.7850,0.0749
12.3150,50.7850,0.0713
12.3650,50.7850,0.0711
12.4150,50.7850,0.0609
12.4650,50.7850,0.0609
12.5150,50.7850,0.0508
12.5650,50.7850,0.0465
12.6150,50.7850,0.0432
12.6650,50.7850,0.0389
12.7150,50.7850,0.0388
12.7650,50.7850,0.0348
12.8150,50.7850,0.0314
12.8650,50.7850,0.0314
12.9150,50.7850,0.0286
12.9650,50.7850,0.0287
13.0150,50.7850,0.0250
13.0650,50.7850,0.0231
13.1150,50.7850,0.0231
13.1650,50.7850,0.0216
13.2150,50.7850,0.0216
13.2650,50.7850,0.0205
13.3150,50.7850,0.0187
13.3650,50.7850,0.0198
13.4150,50.7850,0.0183
13.4650,50.7850,0.0185
13.5150,50.7850,0.0182
13.5650,50.7850,0.0182
13.6150,50.7850,0.0183
13.6650,50.7850,0.0170
13.7150,50.7850,0.0181
13.7650,50.7850,0.0174
13.8150,50.7850,0.0179
13.8650,50.7850,0.0179
13.9150,50.7850,0.0181
13.9650,50.7850,0.0173
14.0150,50.7850,0.0175
14.0650,50.7850,0.0155
14.1150,50.7850,0.0155
14.1650,50.7850,0.0137
14.2150,50.7850,0.0123
14.2650,50.7850,0.0119
14.3150,50.7850,0.0106
14.3650,50.7850,0.0105
14.4150,50.7850,0.0097
14.4650,50.7850,0.0090
14.5150,50.7850,0.0090
14.5650,50.7850,0.0085
14.6150,50.7850,0.0085
14.6650,50.7850,0.0083
14.7150,50.7850,0.0082
14.7650,50.7850,0.0082
14.8150,50.7850,0.0082
14.8650,50.7850,0.0082
14.9150,50.7850,0.0084
14.9650,50.7850,0.0086
15.0150,50.7850,0.0089
15.0650,50.7850,0.0093
15.1150,50.7850,0.0094
15.1650,50.7850,0.0099
15.2150,50.7850,0.0105
15.2650,50.7850,0.0106
15.3150,50.7850,0.0110
15.3650,50.7850,0.0117
15.4150,50.7850,0.0119
15.4650,50.7850,0.0126
15.5150,50.7850,0.0126
15.5650,50.7850,0.0132
15.6150,50.7850,0.0134
15.6650,50.7850,0.0134
15.7150,50.7850,0.0138
15.7650,50.7850,0.0138
15.8150,50.7850,0.0141
15.8650,50.7850,0.0141
15.9150,50.7850,0.0144
15.9650,50.7850,0.0143
16.0150,50.7850,0.0144
16.0650,50.7850,0.0145
16.1150,50.7850,0.0147
16.1650,50.7850,0.0148
16.2150,50.7850,0.0145
16.2650,50.7850,0.0151
16.3150,50.7850,0.0147
16.3650,50.7850,0.0149
16.4150,50.7850,0.0149
16.4650,50.7850,0.0150
16.5150,50.7850,0.0150
16.5650,50.7850,0.0144
16.6150,50.7850,0.0144
16.6650,50.7850,0.0144
16.7150,50.7850,0.0145
16.7650,50.7850,0.0144
16.8150,50.7850,0.0144
16.8650,50.7850,0.0138
16.9150,50.7850,0.0138
16.9650,50.7850,0.0138
17.0150,50.7850,0.0136
17.0650,50.7850,0.0138
17.1150,50.7850,0.0127
17.1650,50.7850,0.0132
17.2150,50.7850,0.0126
17.2650,50.7850,0.0123
17.3150,50.7850,0.0125
17.3650,50.7850,0.0113
17.4150,50.7850,0.0123
17.4650,50.7850,0.0111
17.5150,50.7850,0.0110
17.5650,50.7850,0.0110
17.6150,50.7850,0.0104
17.6650,50.7850,0.0109
17.7150,50.7850,0.0102
17.7650,50.7850,0.0102
17.8150,50.7850,0.0102
17.8650,50.7850,0.0101
17.9150,50.7850,0.0101
17.9650,50.7850,0.0094
18.0150,50.7850,0.0093
18.0650,50.7850,0.0093
18.1150,50.7850,0.0092
18.1650,50.7850,0.0092
18.2150,50.7850,0.0091
18.2650,50.7850,0.0086
18.3150,50.7850,0.0086
18.3650,50.7850,0.0085
18.4150,50.7850,0.0084
18.4650,50.7850,0.0085
18.5150,50.7850,0.0081
18.5650,50.7850,0.0082
18.6150,50.7850,0.0081
18.6650,50.7850,0.0079
18.7150,50.7850,0.0081
18.7650,50.7850,0.0078
18.8150,50.7850,0.0080
12.1150,50.7350,0.0618
12.1650,50.7350,0.0618
12.2150,50.7350,0.0680
12.2650,50.7350,0.0736
12.3150,50.7350,0.0675
12.3650,50.7350,0.0670
12.4150,50.7350,0.0625
12.4650,50.7350,0.0559
12.5150,50.7350,0.0493
12.5650,50.7350,0.0492
12.6150,50.7350,0.0432
12.6650,50.7350,0.0400
12.7150,50.7350,0.0388
12.7650,50.7350,0.0352
12.8150,50.7350,0.0352
12.8650,50.7350,0.0317
12.9150,50.7350,0.0299
12.9650,50.7350,0.0290
13.0150,50.7350,0.0254
13.0650,50.7350,0.0261
13.1150,50.7350,0.0236
13.1650,50.7350,0.0224
13.2150,50.7350,0.0224
13.2650,50.7350,0.0217
13.3150,50.7350,0.0217
13.3650,50.7350,0.0198
13.4150,50.7350,0.0197
13.4650,50.7350,0.0197
13.5150,50.7350,0.0200
13.5650,50.7350,0.0200
13.6150,50.7350,0.0205
13.6650,50.7350,0.0186
13.7150,50.7350,0.0210
13.7650,50.7350,0.0192
13.8150,50.7350,0.0196
13.8650,50.7350,0.0197
13.9150,50.7350,0.0188
13.9650,50.7350,0.0189
14.0150,50.7350,0.0175
14.0650,50.7350,0.0163
14.1150,50.7350,0.0155
14.1650,50.7350,0.0134
14.2150,50.7350,0.0134
14.2650,50.7350,0.0115
14.3150,50.7350,0.0109
14.3650,50.7350,0.0103
14.4150,50.7350,0.0096
14.4650,50.7350,0.0096
14.5150,50.7350,0.0090
14.5650,50.7350,0.0086
14.6150,50.7350,0.0085
14.6650,50.7350,0.0083
14.7150,50.7350,0.0084
14.7650,50.7350,0.0083
14.8150,50.7350,0.0084
14.8650,50.7350,0.0084
14.9150,50.7350,0.0085
14.9650,50.7350,0.0085
15.0150,50.7350,0.0089
15.0650,50.7350,0.0094
15.1150,50.7350,0.0094
15.1650,50.7350,0.0100
15.2150,50.7350,0.0100
15.2650,50.7350,0.0106
15.3150,50.7350,0.0112
15.3650,50.7350,0.0112
15.4150,50.7350,0.0120
15.4650,50.7350,0.0121
15.5150,50.7350,0.0128
15.5650,50.7350,0.0132
15.6150,50.7350,0.0134
15.6650,50.7350,0.0137
15.7150,50.7350,0.0141
15.7650,50.7350,0.0141
15.8150,50.7350,0.0144
15.8650,50.7350,0.0144
15.9150,50.7350,0.0144
15.9650,50.7350,0.0147
16.0150,50.7350,0.0147
16.0650,50.7350,0.0150
16.1150,50.7350,0.0150
16.1650,50.7350,0.0153
16.2150,50.7350,0.0151
16.2650,50.7350,0.0153
16.3150,50.7350,0.0153
16.3650,50.7350,0.0153
16.4150,50.7350,0.0155
16.4650,50.7350,0.0150
16.5150,50.7350,0.0156
16.5650,50.7350,0.0151
16.6150,50.7350,0.0154
16.6650,50.7350,0.0152
16.7150,50.7350,0.0152
16.7650,50.7350,0.0153
16.8150,50.7350,0.0145
16.8650,50.7350,0.0149
16.9150,50.7350,0.0145
16.9650,50.7350,0.0145
17.0150,50.7350,0.0145
17.0650,50.7350,0.0144
17.1150,50.7350,0.0138
17.1650,50.7350,0.0137
17.2150,50.7350,0.0136
17.2650,50.7350,0.0136
17.3150,50.7350,0.0134
17.3650,50.7350,0.0123
17.4150,50.7350,0.0125
17.4650,50.7350,0.0122
17.5150,50.7350,0.0122
17.5650,50.7350,0.0120
17.6150,50.7350,0.0109
17.6650,50.7350,0.0118
17.7150,50.7350,0.0108
17.7650,50.7350,0.0109
17.8150,50.7350,0.0107
17.8650,50.7350,0.0101
17.9150,50.7350,0.0107
17.9650,50.7350,0.0100
18.0150,50.7350,0.0103
18.0650,50.7350,0.0099
18.1150,50.7350,0.0098
18.1650,50.7350,0.0098
18.2150,50.7350,0.0092
18.2650,50.7350,0.0092
18.3150,50.7350,0.0091
18.3650,50.7350,0.0091
18.4150,50.7350,0.0091
18.4650,50.7350,0.0086
18.5150,50.7350,0.0085
18.5650,50.7350,0.0085
18.6150,50.7350,0.0085
18.6650,50.7350,0.0085
18.7150,50.7350,0.0084
18.7650,50.7350,0.0081
18.8150,50.7350,0.0081
12.1150,50.6850,0.0587
12.1650,50.6850,0.0588
12.2150,50.6850,0.0662
12.2650,50.6850,0.0636
12.3150,50.6850,0.0675
12.3650,50.6850,0.0622
12.4150,50.6850,0.0622
12.4650,50.6850,0.0549
12.5150,50.6850,0.0549
12.5650,50.6850,0.0492
12.6150,50.6850,0.0426
12.6650,50.6850,0.0430
12.7150,50.6850,0.0389
12.7650,50.6850,0.0377
12.8150,50.6850,0.0356
12.8650,50.6850,0.0321
12.9150,50.6850,0.0321
12.9650,50.6850,0.0293
13.0150,50.6850,0.0277
13.0650,50.6850,0.0261
13.1150,50.6850,0.0243
13.1650,50.6850,0.0243
13.2150,50.6850,0.0236
13.2650,50.6850,0.0226
13.3150,50.6850,0.0234
13.3650,50.6850,0.0216
13.4150,50.6850,0.0235
13.4650,50.6850,0.0220
13.5150,50.6850,0.0226
13.5650,50.6850,0.0226
13.6150,50.6850,0.0227
13.6650,50.6850,0.0228
13.7150,50.6850,0.0210
13.7650,50.6850,0.0211
13.8150,50.6850,0.0211
13.8650,50.6850,0.0202
13.9150,50.6850,0.0202
13.9650,50.6850,0.0181
14.0150,50.6850,0.0173
14.0650,50.6850,0.0157
14.1150,50.6850,0.0145
14.1650,50.6850,0.0142
14.2150,50.6850,0.0127
14.2650,50.6850,0.0111
14.3150,50.6850,0.0110
14.3650,50.6850,0.0103
14.4150,50.6850,0.0097
14.4650,50.6850,0.0096
14.5150,50.6850,0.0090
14.5650,50.6850,0.0090
14.6150,50.6850,0.0086
14.6650,50.6850,0.0084
14.7150,50.6850,0.0084
14.7650,50.6850,0.0084
14.8150,50.6850,0.0084
14.8650,50.6850,0.0085
14.9150,50.6850,0.0085
14.9650,50.6850,0.0087
15.0150,50.6850,0.0090
15.0650,50.6850,0.0090
15.1150,50.6850,0.0095
15.1650,50.6850,0.0100
15.2150,50.6850,0.0100
15.2650,50.6850,0.0106
15.3150,50.6850,0.0106
15.3650,50.6850,0.0112
15.4150,50.6850,0.0121
15.4650,50.6850,0.0121
15.5150,50.6850,0.0129
15.5650,50.6850,0.0129
15.6150,50.6850,0.0135
15.6650,50.6850,0.0139
15.7150,50.6850,0.0139
15.7650,50.6850,0.0143
15.8150,50.6850,0.0143
15.8650,50.6850,0.0146
15.9150,50.6850,0.0147
15.9650,50.6850,0.0150
16.0150,50.6850,0.0151
16.0650,50.6850,0.0154
16.1150,50.6850,0.0154
16.1650,50.6850,0.0155
16.2150,50.6850,0.0157
16.2650,50.6850,0.0156
16.3150,50.6850,0.0158
16.3650,50.6850,0.0158
16.4150,50.6850,0.0159
16.4650,50.6850,0.0159
16.5150,50.6850,0.0159
16.5650,50.6850,0.0157
16.6150,50.6850,0.0157
16.6650,50.6850,0.0158
16.7150,50.6850,0.0158
16.7650,50.6850,0.0159
16.8150,50.6850,0.0153
16.8650,50.6850,0.0157
16.9150,50.6850,0.0154
16.9650,50.6850,0.0154
17.0150,50.6850,0.0154
17.0650,50.6850,0.0145
17.1150,50.6850,0.0154
17.1650,50.6850,0.0144
17.2150,50.6850,0.0144
17.2650,50.6850,0.0144
17.3150,50.6850,0.0141
17.3650,50.6850,0.0143
17.4150,50.6850,0.0133
17.4650,50.6850,0.0132
17.5150,50.6850,0.0132
17.5650,50.6850,0.0130
17.6150,50.6850,0.0130
17.6650,50.6850,0.0119
17.7150,50.6850,0.0117
17.7650,50.6850,0.0117
17.8150,50.6850,0.0116
17.8650,50.6850,0.0116
17.9150,50.6850,0.0114
17.9650,50.6850,0.0106
18.0150,50.6850,0.0106
18.0650,50.6850,0.0105
18.1150,50.6850,0.0105
18.1650,50.6850,0.0104
18.2150,50.6850,0.0097
18.2650,50.6850,0.0101
18.3150,50.6850,0.0097
18.3650,50.6850,0.0097
18.4150,50.6850,0.0097
18.4650,50.6850,0.0090
18.5150,50.6850,0.0096
18.5650,50.6850,0.0090
18.6150,50.6850,0.0090
18.6650,50.6850,0.0090
18.7150,50.6850,0.0084
18.7650,50.6850,0.0090
18.8150,50.6850,0.0084
12.1150,50.6350,0.0502
12.1650,50.6350,0.0586
12.2150,50.6350,0.0609
12.2650,50.6350,0.0631
12.3150,50.6350,0.0640
12.3650,50.6350,0.0642
12.4150,50.6350,0.0611
12.4650,50.6350,0.0551
12.5150,50.6350,0.0551
12.5650,50.6350,0.0497
12.6150,50.6350,0.0497
12.6650,50.6350,0.0430
12.7150,50.6350,0.0395
12.7650,50.6350,0.0395
12.8150,50.6350,0.0363
12.8650,50.6350,0.0363
12.9150,50.6350,0.0328
12.9650,50.6350,0.0295
13.0150,50.6350,0.0303
13.0650,50.6350,0.0271
13.1150,50.6350,0.0273
13.1650,50.6350,0.0258
13.2150,50.6350,0.0256
13.2650,50.6350,0.0256
13.3150,50.6350,0.0256
13.3650,50.6350,0.0245
13.4150,50.6350,0.0236
13.4650,50.6350,0.0241
13.5150,50.6350,0.0241
13.5650,50.6350,0.0243
13.6150,50.6350,0.0233
13.6650,50.6350,0.0235
13.7150,50.6350,0.0222
13.7650,50.6350,0.0214
13.8150,50.6350,0.0207
13.8650,50.6350,0.0185
13.9150,50.6350,0.0185
13.9650,50.6350,0.0165
14.0150,50.6350,0.0163
14.0650,50.6350,0.0157
14.1150,50.6350,0.0135
14.1650,50.6350,0.0135
14.2150,50.6350,0.0118
14.2650,50.6350,0.0118
14.3150,50.6350,0.0106
14.3650,50.6350,0.0101
14.4150,50.6350,0.0099
14.4650,50.6350,0.0094
14.5150,50.6350,0.0094
14.5650,50.6350,0.0090
14.6150,50.6350,0.0086
14.6650,50.6350,0.0087
14.7150,50.6350,0.0085
14.7650,50.6350,0.0085
14.8150,50.6350,0.0085
14.8650,50.6350,0.0085
14.9150,50.6350,0.0085
14.9650,50.6350,0.0088
15.0150,50.6350,0.0090
15.0650,50.6350,0.0090
15.1150,50.6350,0.0095
15.1650,50.6350,0.0095
15.2150,50.6350,0.0100
15.2650,50.6350,0.0106
15.3150,50.6350,0.0105
15.3650,50.6350,0.0111
15.4150,50.6350,0.0111
15.4650,50.6350,0.0120
15.5150,50.6350,0.0128
15.5650,50.6350,0.0128
15.6150,50.6350,0.0135
15.6650,50.6350,0.0134
15.7150,50.6350,0.0139
15.7650,50.6350,0.0143
15.8150,50.6350,0.0143
15.8650,50.6350,0.0147
15.9150,50.6350,0.0148
15.9650,50.6350,0.0150
16.0150,50.6350,0.0154
16.0650,50.6350,0.0154
16.1150,50.6350,0.0157
16.1650,50.6350,0.0157
16.2150,50.6350,0.0159
16.2650,50.6350,0.0159
16.3150,50.6350,0.0160
16.3650,50.6350,0.0161
16.4150,50.6350,0.0161
16.4650,50.6350,0.0162
16.5150,50.6350,0.0160
16.5650,50.6350,0.0164
16.6150,50.6350,0.0161
16.6650,50.6350,0.0163
16.7150,50.6350,0.0163
16.7650,50.6350,0.0163
16.8150,50.6350,0.0164
16.8650,50.6350,0.0160
16.9150,50.6350,0.0160
16.9650,50.6350,0.0160
17.0150,50.6350,0.0160
17.0650,50.6350,0.0160
17.1150,50.6350,0.0158
17.1650,50.6350,0.0153
17.2150,50.6350,0.0153
17.2650,50.6350,0.0152
17.3150,50.6350,0.0149
17.3650,50.6350,0.0152
17.4150,50.6350,0.0142
17.4650,50.6350,0.0143
17.5150,50.6350,0.0141
17.5650,50.6350,0.0136
17.6150,50.6350,0.0139
17.6650,50.6350,0.0129
17.7150,50.6350,0.0138
17.7650,50.6350,0.0127
17.8150,50.6350,0.0126
17.8650,50.6350,0.0126
17.9150,50.6350,0.0114
17.9650,50.6350,0.0124
18.0150,50.6350,0.0112
18.0650,50.6350,0.0111
18.1150,50.6350,0.0111
18.1650,50.6350,0.0110
18.2150,50.6350,0.0109
18.2650,50.6350,0.0103
18.3150,50.6350,0.0103
18.3650,50.6350,0.0103
18.4150,50.6350,0.0102
18.4650,50.6350,0.0097
18.5150,50.6350,0.0096
18.5650,50.6350,0.0096
18.6150,50.6350,0.0096
18.6650,50.6350,0.0096
18.7150,50.6350,0.0090
18.7650,50.6350,0.0096
18.8150,50.6350,0.0090
12.1150,50.5850,0.0524
12.1650,50.5850,0.0612
12.2150,50.5850,0.0613
12.2650,50.5850,0.0637
12.3150,50.5850,0.0654
12.3650,50.5850,0.0642
12.4150,50.5850,0.0625
12.4650,50.5850,0.0625
12.5150,50.5850,0.0565
12.5650,50.5850,0.0542
12.6150,50.5850,0.0509
12.6650,50.5850,0.0438
12.7150,50.5850,0.0455
12.7650,50.5850,0.0401
12.8150,50.5850,0.0373
12.8650,50.5850,0.0373
12.9150,50.5850,0.0343
12.9650,50.5850,0.0343
13.0150,50.5850,0.0308
13.0650,50.5850,0.0287
13.1150,50.5850,0.0287
13.1650,50.5850,0.0283
13.2150,50.5850,0.0283
13.2650,50.5850,0.0286
13.3150,50.5850,0.0258
13.3650,50.5850,0.0283
13.4150,50.5850,0.0260
13.4650,50.5850,0.0265
13.5150,50.5850,0.0259
13.5650,50.5850,0.0245
13.6150,50.5850,0.0245
13.6650,50.5850,0.0222
13.7150,50.5850,0.0216
13.7650,50.5850,0.0214
13.8150,50.5850,0.0186
13.8650,50.5850,0.0186
13.9150,50.5850,0.0166
13.9650,50.5850,0.0164
14.0150,50.5850,0.0144
14.0650,50.5850,0.0141
14.1150,50.5850,0.0131
14.1650,50.5850,0.0125
14.2150,50.5850,0.0111
14.2650,50.5850,0.0111
14.3150,50.5850,0.0105
14.3650,50.5850,0.0103
14.4150,50.5850,0.0099
14.4650,50.5850,0.0094
14.5150,50.5850,0.0094
14.5650,50.5850,0.0090
14.6150,50.5850,0.0090
14.6650,50.5850,0.0087
14.7150,50.5850,0.0085
14.7650,50.5850,0.0086
14.8150,50.5850,0.0085
14.8650,50.5850,0.0085
14.9150,50.5850,0.0086
14.9650,50.5850,0.0088
15.0150,50.5850,0.0089
15.0650,50.5850,0.0091
15.1150,50.5850,0.0095
15.1650,50.5850,0.0095
15.2150,50.5850,0.0100
15.2650,50.5850,0.0100
15.3150,50.5850,0.0105
15.3650,50.5850,0.0110
15.4150,50.5850,0.0110
15.4650,50.5850,0.0118
15.5150,50.5850,0.0118
15.5650,50.5850,0.0126
15.6150,50.5850,0.0134
15.6650,50.5850,0.0133
15.7150,50.5850,0.0139
15.7650,50.5850,0.0139
15.8150,50.5850,0.0143
15.8650,50.5850,0.0147
15.9150,50.5850,0.0148
15.9650,50.5850,0.0152
16.0150,50.5850,0.0155
16.0650,50.5850,0.0155
16.1150,50.5850,0.0159
16.1650,50.5850,0.0159
16.2150,50.5850,0.0160
16.2650,50.5850,0.0162
16.3150,50.5850,0.0162
16.3650,50.5850,0.0163
16.4150,50.5850,0.0163
16.4650,50.5850,0.0165
16.5150,50.5850,0.0164
16.5650,50.5850,0.0165
16.6150,50.5850,0.0165
16.6650,50.5850,0.0165
16.7150,50.5850,0.0166
16.7650,50.5850,0.0164
16.8150,50.5850,0.0167
16.8650,50.5850,0.0164
16.9150,50.5850,0.0165
16.9650,50.5850,0.0165
17.0150,50.5850,0.0164
17.0650,50.5850,0.0165
17.1150,50.5850,0.0160
17.1650,50.5850,0.0162
17.2150,50.5850,0.0160
17.2650,50.5850,0.0160
17.3150,50.5850,0.0160
17.3650,50.5850,0.0155
17.4150,50.5850,0.0151
17.4650,50.5850,0.0151
17.5150,50.5850,0.0150
17.5650,50.5850,0.0150
17.6150,50.5850,0.0148
17.6650,50.5850,0.0138
17.7150,50.5850,0.0138
17.7650,50.5850,0.0137
17.8150,50.5850,0.0137
17.8650,50.5850,0.0135
17.9150,50.5850,0.0124
17.9650,50.5850,0.0134
18.0150,50.5850,0.0123
18.0650,50.5850,0.0123
18.1150,50.5850,0.0121
18.1650,50.5850,0.0110
18.2150,50.5850,0.0120
18.2650,50.5850,0.0109
18.3150,50.5850,0.0109
18.3650,50.5850,0.0108
18.4150,50.5850,0.0106
18.4650,50.5850,0.0108
18.5150,50.5850,0.0102
18.5650,50.5850,0.0102
18.6150,50.5850,0.0102
18.6650,50.5850,0.0102
18.7150,50.5850,0.0102
18.7650,50.5850,0.0096
18.8150,50.5850,0.0096
12.1150,50.5350,0.0569
12.1650,50.5350,0.0569
12.2150,50.5350,0.0664
12.2650,50.5350,0.0658
12.3150,50.5350,0.0713
12.3650,50.5350,0.0674
12.4150,50.5350,0.0722
12.4650,50.5350,0.0664
12.5150,50.5350,0.0604
12.5650,50.5350,0.0604
12.6150,50.5350,0.0528
12.6650,50.5350,0.0511
12.7150,50.5350,0.0455
12.7650,50.5350,0.0412
12.8150,50.5350,0.0412
12.8650,50.5350,0.0388
12.9150,50.5350,0.0371
12.9650,50.5350,0.0367
13.0150,50.5350,0.0317
13.0650,50.5350,0.0344
13.1150,50.5350,0.0307
13.1650,50.5350,0.0306
13.2150,50.5350,0.0306
13.2650,50.5350,0.0302
13.3150,50.5350,0.0302
13.3650,50.5350,0.0288
13.4150,50.5350,0.0275
13.4650,50.5350,0.0275
13.5150,50.5350,0.0257
13.5650,50.5350,0.0257
13.6150,50.5350,0.0231
13.6650,50.5350,0.0222
13.7150,50.5350,0.0197
13.7650,50.5350,0.0189
13.8150,50.5350,0.0169
13.8650,50.5350,0.0168
13.9150,50.5350,0.0147
13.9650,50.5350,0.0147
14.0150,50.5350,0.0135
14.0650,50.5350,0.0130
14.1150,50.5350,0.0130
14.1650,50.5350,0.0116
14.2150,50.5350,0.0116
14.2650,50.5350,0.0107
14.3150,50.5350,0.0103
14.3650,50.5350,0.0101
14.4150,50.5350,0.0097
14.4650,50.5350,0.0097
14.5150,50.5350,0.0093
14.5650,50.5350,0.0090
14.6150,50.5350,0.0090
14.6650,50.5350,0.0087
14.7150,50.5350,0.0088
14.7650,50.5350,0.0086
14.8150,50.5350,0.0086
14.8650,50.5350,0.0086
14.9150,50.5350,0.0087
14.9650,50.5350,0.0087
15.0150,50.5350,0.0090
15.0650,50.5350,0.0092
15.1150,50.5350,0.0092
15.1650,50.5350,0.0095
15.2150,50.5350,0.0096
15.2650,50.5350,0.0099
15.3150,50.5350,0.0104
15.3650,50.5350,0.0103
15.4150,50.5350,0.0109
15.4650,50.5350,0.0115
15.5150,50.5350,0.0115
15.5650,50.5350,0.0123
15.6150,50.5350,0.0123
15.6650,50.5350,0.0132
15.7150,50.5350,0.0138
15.7650,50.5350,0.0138
15.8150,50.5350,0.0143
15.8650,50.5350,0.0143
15.9150,50.5350,0.0148
15.9650,50.5350,0.0152
16.0150,50.5350,0.0152
16.0650,50.5350,0.0156
16.1150,50.5350,0.0156
16.1650,50.5350,0.0160
16.2150,50.5350,0.0161
16.2650,50.5350,0.0162
16.3150,50.5350,0.0163
16.3650,50.5350,0.0165
16.4150,50.5350,0.0165
16.4650,50.5350,0.0166
16.5150,50.5350,0.0167
16.5650,50.5350,0.0166
16.6150,50.5350,0.0167
16.6650,50.5350,0.0167
16.7150,50.5350,0.0168
16.7650,50.5350,0.0168
16.8150,50.5350,0.0168
16.8650,50.5350,0.0167
16.9150,50.5350,0.0167
16.9650,50.5350,0.0168
17.0150,50.5350,0.0168
17.0650,50.5350,0.0169
17.1150,50.5350,0.0165
17.1650,50.5350,0.0166
17.2150,50.5350,0.0166
17.2650,50.5350,0.0166
17.3150,50.5350,0.0166
17.3650,50.5350,0.0160
17.4150,50.5350,0.0166
17.4650,50.5350,0.0159
17.5150,50.5350,0.0158
17.5650,50.5350,0.0159
17.6150,50.5350,0.0150
17.6650,50.5350,0.0158
17.7150,50.5350,0.0146
17.7650,50.5350,0.0145
17.8150,50.5350,0.0145
17.8650,50.5350,0.0144
17.9150,50.5350,0.0144
17.9650,50.5350,0.0134
18.0150,50.5350,0.0132
18.0650,50.5350,0.0132
18.1150,50.5350,0.0131
18.1650,50.5350,0.0131
18.2150,50.5350,0.0129
18.2650,50.5350,0.0118
18.3150,50.5350,0.0118
18.3650,50.5350,0.0116
18.4150,50.5350,0.0115
18.4650,50.5350,0.0115
18.5150,50.5350,0.0107
18.5650,50.5350,0.0108
18.6150,50.5350,0.0107
18.6650,50.5350,0.0103
18.7150,50.5350,0.0107
18.7650,50.5350,0.0102
18.8150,50.5350,0.0106
12.1150,50.4850,0.0641
12.1650,50.4850,0.0642
12.2150,50.4850,0.0741
12.2650,50.4850,0.0741
12.3150,50.4850,0.0724
12.3650,50.4850,0.0745
12.4150,50.4850,0.0745
12.4650,50.4850,0.0725
12.5150,50.4850,0.0725
12.5650,50.4850,0.0658
12.6150,50.4850,0.0528
12.6650,50.4850,0.0550
12.7150,50.4850,0.0471
12.7650,50.4850,0.0471
12.8150,50.4850,0.0421
12.8650,50.4850,0.0404
12.9150,50.4850,0.0404
12.9650,50.4850,0.0386
13.0150,50.4850,0.0371
13.0650,50.4850,0.0347
13.1150,50.4850,0.0327
13.1650,50.4850,0.0327
13.2150,50.4850,0.0316
13.2650,50.4850,0.0307
13.3150,50.4850,0.0298
13.3650,50.4850,0.0288
13.4150,50.4850,0.0270
13.4650,50.4850,0.0266
13.5150,50.4850,0.0236
13.5650,50.4850,0.0236
13.6150,50.4850,0.0205
13.6650,50.4850,0.0205
13.7150,50.4850,0.0179
13.7650,50.4850,0.0173
13.8150,50.4850,0.0173
13.8650,50.4850,0.0151
13.9150,50.4850,0.0151
13.9650,50.4850,0.0137
14.0150,50.4850,0.0134
14.0650,50.4850,0.0125
14.1150,50.4850,0.0121
14.1650,50.4850,0.0110
14.2150,50.4850,0.0110
14.2650,50.4850,0.0104
14.3150,50.4850,0.0104
14.3650,50.4850,0.0100
14.4150,50.4850,0.0096
14.4650,50.4850,0.0096
14.5150,50.4850,0.0093
14.5650,50.4850,0.0093
14.6150,50.4850,0.0090
14.6650,50.4850,0.0088
14.7150,50.4850,0.0088
14.7650,50.4850,0.0087
14.8150,50.4850,0.0087
14.8650,50.4850,0.0087
14.9150,50.4850,0.0088
14.9650,50.4850,0.0088
15.0150,50.4850,0.0090
15.0650,50.4850,0.0091
15.1150,50.4850,0.0092
15.1650,50.4850,0.0095
15.2150,50.4850,0.0095
15.2650,50.4850,0.0099
15.3150,50.4850,0.0102
15.3650,50.4850,0.0103
15.4150,50.4850,0.0107
15.4650,50.4850,0.0107
15.5150,50.4850,0.0113
15.5650,50.4850,0.0122
15.6150,50.4850,0.0120
15.6650,50.4850,0.0130
15.7150,50.4850,0.0128
15.7650,50.4850,0.0136
15.8150,50.4850,0.0142
15.8650,50.4850,0.0142
15.9150,50.4850,0.0148
15.9650,50.4850,0.0146
16.0150,50.4850,0.0152
16.0650,50.4850,0.0156
16.1150,50.4850,0.0156
16.1650,50.4850,0.0160
16.2150,50.4850,0.0160
16.2650,50.4850,0.0162
16.3150,50.4850,0.0164
16.3650,50.4850,0.0164
16.4150,50.4850,0.0166
16.4650,50.4850,0.0167
16.5150,50.4850,0.0168
16.5650,50.4850,0.0168
16.6150,50.4850,0.0168
16.6650,50.4850,0.0169
16.7150,50.4850,0.0170
16.7650,50.4850,0.0170
16.8150,50.4850,0.0169
16.8650,50.4850,0.0171
16.9150,50.4850,0.0170
16.9650,50.4850,0.0171
17.0150,50.4850,0.0171
17.0650,50.4850,0.0171
17.1150,50.4850,0.0172
17.1650,50.4850,0.0169
17.2150,50.4850,0.0170
17.2650,50.4850,0.0170
17.3150,50.4850,0.0170
17.3650,50.4850,0.0169
17.4150,50.4850,0.0166
17.4650,50.4850,0.0166
17.5150,50.4850,0.0166
17.5650,50.4850,0.0165
17.6150,50.4850,0.0159
17.6650,50.4850,0.0165
17.7150,50.4850,0.0157
17.7650,50.4850,0.0157
17.8150,50.4850,0.0156
17.8650,50.4850,0.0145
17.9150,50.4850,0.0155
17.9650,50.4850,0.0143
18.0150,50.4850,0.0151
18.0650,50.4850,0.0141
18.1150,50.4850,0.0140
18.1650,50.4850,0.0140
18.2150,50.4850,0.0129
18.2650,50.4850,0.0131
18.3150,50.4850,0.0127
18.3650,50.4850,0.0126
18.4150,50.4850,0.0126
18.4650,50.4850,0.0117
18.5150,50.4850,0.0114
18.5650,50.4850,0.0114
18.6150,50.4850,0.0114
18.6650,50.4850,0.0114
18.7150,50.4850,0.0114
18.7650,50.4850,0.0107
18.8150,50.4850,0.0107
12.1150,50.4350,0.0585
12.1650,50.4350,0.0736
12.2150,50.4350,0.0736
12.2650,50.4350,0.0901
12.3150,50.4350,0.0855
12.3650,50.4350,0.1065
12.4150,50.4350,0.0898
12.4650,50.4350,0.0873
12.5150,50.4350,0.0872
12.5650,50.4350,0.0709
12.6150,50.4350,0.0709
12.6650,50.4350,0.0568
12.7150,50.4350,0.0488
12.7650,50.4350,0.0488
12.8150,50.4350,0.0442
12.8650,50.4350,0.0442
12.9150,50.4350,0.0413
12.9650,50.4350,0.0386
13.0150,50.4350,0.0390
13.0650,50.4350,0.0362
13.1150,50.4350,0.0349
13.1650,50.4350,0.0337
13.2150,50.4350,0.0310
13.2650,50.4350,0.0310
13.3150,50.4350,0.0276
13.3650,50.4350,0.0272
13.4150,50.4350,0.0253
13.4650,50.4350,0.0238
13.5150,50.4350,0.0238
13.5650,50.4350,0.0209
13.6150,50.4350,0.0200
13.6650,50.4350,0.0181
13.7150,50.4350,0.0177
13.7650,50.4350,0.0161
13.8150,50.4350,0.0156
13.8650,50.4350,0.0140
13.9150,50.4350,0.0140
13.9650,50.4350,0.0129
14.0150,50.4350,0.0129
14.0650,50.4350,0.0121
14.1150,50.4350,0.0114
14.1650,50.4350,0.0114
14.2150,50.4350,0.0107
14.2650,50.4350,0.0107
14.3150,50.4350,0.0102
14.3650,50.4350,0.0099
14.4150,50.4350,0.0098
14.4650,50.4350,0.0095
14.5150,50.4350,0.0092
14.5650,50.4350,0.0092
14.6150,50.4350,0.0090
14.6650,50.4350,0.0090
14.7150,50.4350,0.0088
14.7650,50.4350,0.0088
14.8150,50.4350,0.0088
14.8650,50.4350,0.0088
14.9150,50.4350,0.0088
14.9650,50.4350,0.0089
15.0150,50.4350,0.0090
15.0650,50.4350,0.0091
15.1150,50.4350,0.0093
15.1650,50.4350,0.0093
15.2150,50.4350,0.0096
15.2650,50.4350,0.0099
15.3150,50.4350,0.0099
15.3650,50.4350,0.0103
15.4150,50.4350,0.0106
15.4650,50.4350,0.0106
15.5150,50.4350,0.0111
15.5650,50.4350,0.0111
15.6150,50.4350,0.0117
15.6650,50.4350,0.0127
15.7150,50.4350,0.0127
15.7650,50.4350,0.0134
15.8150,50.4350,0.0134
15.8650,50.4350,0.0139
15.9150,50.4350,0.0146
15.9650,50.4350,0.0144
16.0150,50.4350,0.0151
16.0650,50.4350,0.0151
16.1150,50.4350,0.0156
16.1650,50.4350,0.0160
16.2150,50.4350,0.0159
16.2650,50.4350,0.0162
16.3150,50.4350,0.0164
16.3650,50.4350,0.0165
16.4150,50.4350,0.0167
16.4650,50.4350,0.0167
16.5150,50.4350,0.0168
16.5650,50.4350,0.0169
16.6150,50.4350,0.0169
16.6650,50.4350,0.0170
16.7150,50.4350,0.0170
16.7650,50.4350,0.0171
16.8150,50.4350,0.0171
16.8650,50.4350,0.0171
16.9150,50.4350,0.0172
16.9650,50.4350,0.0172
17.0150,50.4350,0.0173
17.0650,50.4350,0.0172
17.1150,50.4350,0.0174
17.1650,50.4350,0.0172
17.2150,50.4350,0.0173
17.2650,50.4350,0.0173
17.3150,50.4350,0.0172
17.3650,50.4350,0.0173
17.4150,50.4350,0.0170
17.4650,50.4350,0.0170
17.5150,50.4350,0.0170
17.5650,50.4350,0.0171
17.6150,50.4350,0.0171
17.6650,50.4350,0.0165
17.7150,50.4350,0.0165
17.7650,50.4350,0.0165
17.8150,50.4350,0.0165
17.8650,50.4350,0.0165
17.9150,50.4350,0.0165
17.9650,50.4350,0.0154
18.0150,50.4350,0.0154
18.0650,50.4350,0.0152
18.1150,50.4350,0.0152
18.1650,50.4350,0.0150
18.2150,50.4350,0.0138
18.2650,50.4350,0.0144
18.3150,50.4350,0.0137
18.3650,50.4350,0.0137
18.4150,50.4350,0.0136
18.4650,50.4350,0.0125
18.5150,50.4350,0.0135
18.5650,50.4350,0.0124
18.6150,50.4350,0.0124
18.6650,50.4350,0.0124
18.7150,50.4350,0.0114
18.7650,50.4350,0.0124
18.8150,50.4350,0.0114
12.1150,50.3850,0.0680
12.1650,50.3850,0.0879
12.2150,50.3850,0.0879
12.2650,50.3850,0.1071
12.3150,50.3850,0.1071
12.3650,50.3850,0.1067
12.4150,50.3850,0.1079
12.4650,50.3850,0.1079
12.5150,50.3850,0.0939
12.5650,50.3850,0.0913
12.6150,50.3850,0.0718
12.6650,50.3850,0.0568
12.7150,50.3850,0.0571
12.7650,50.3850,0.0495
12.8150,50.3850,0.0451
12.8650,50.3850,0.0451
12.9150,50.3850,0.0412
12.9650,50.3850,0.0412
13.0150,50.3850,0.0382
13.0650,50.3850,0.0360
13.1150,50.3850,0.0359
13.1650,50.3850,0.0323
13.2150,50.3850,0.0322
13.2650,50.3850,0.0288
13.3150,50.3850,0.0274
13.3650,50.3850,0.0243
13.4150,50.3850,0.0239
13.4650,50.3850,0.0212
13.5150,50.3850,0.0211
13.5650,50.3850,0.0185
13.6150,50.3850,0.0185
13.6650,50.3850,0.0166
13.7150,50.3850,0.0162
13.7650,50.3850,0.0154
13.8150,50.3850,0.0143
13.8650,50.3850,0.0143
13.9150,50.3850,0.0133
13.9650,50.3850,0.0128
14.0150,50.3850,0.0123
14.0650,50.3850,0.0119
14.1150,50.3850,0.0113
14.1650,50.3850,0.0110
14.2150,50.3850,0.0105
14.2650,50.3850,0.0105
14.3150,50.3850,0.0101
14.3650,50.3850,0.0101
14.4150,50.3850,0.0098
14.4650,50.3850,0.0095
14.5150,50.3850,0.0095
14.5650,50.3850,0.0092
14.6150,50.3850,0.0092
14.6650,50.3850,0.0090
14.7150,50.3850,0.0089
14.7650,50.3850,0.0089
14.8150,50.3850,0.0088
14.8650,50.3850,0.0089
14.9150,50.3850,0.0089
14.9650,50.3850,0.0090
15.0150,50.3850,0.0090
15.0650,50.3850,0.0091
15.1150,50.3850,0.0093
15.1650,50.3850,0.0093
15.2150,50.3850,0.0096
15.2650,50.3850,0.0096
15.3150,50.3850,0.0099
15.3650,50.3850,0.0102
15.4150,50.3850,0.0102
15.4650,50.3850,0.0106
15.5150,50.3850,0.0106
15.5650,50.3850,0.0109
15.6150,50.3850,0.0117
15.6650,50.3850,0.0114
15.7150,50.3850,0.0124
15.7650,50.3850,0.0130
15.8150,50.3850,0.0130
15.8650,50.3850,0.0136
15.9150,50.3850,0.0136
15.9650,50.3850,0.0144
16.0150,50.3850,0.0149
16.0650,50.3850,0.0149
16.1150,50.3850,0.0154
16.1650,50.3850,0.0154
16.2150,50.3850,0.0158
16.2650,50.3850,0.0162
16.3150,50.3850,0.0162
16.3650,50.3850,0.0165
16.4150,50.3850,0.0165
16.4650,50.3850,0.0167
16.5150,50.3850,0.0168
16.5650,50.3850,0.0168
16.6150,50.3850,0.0170
16.6650,50.3850,0.0171
16.7150,50.3850,0.0171
16.7650,50.3850,0.0172
16.8150,50.3850,0.0172
16.8650,50.3850,0.0172
16.9150,50.3850,0.0173
16.9650,50.3850,0.0173
17.0150,50.3850,0.0174
17.0650,50.3850,0.0174
17.1150,50.3850,0.0174
17.1650,50.3850,0.0174
17.2150,50.3850,0.0174
17.2650,50.3850,0.0175
17.3150,50.3850,0.0175
17.3650,50.3850,0.0176
17.4150,50.3850,0.0174
17.4650,50.3850,0.0174
17.5150,50.3850,0.0175
17.5650,50.3850,0.0174
17.6150,50.3850,0.0175
17.6650,50.3850,0.0171
17.7150,50.3850,0.0176
17.7650,50.3850,0.0172
17.8150,50.3850,0.0172
17.8650,50.3850,0.0172
17.9150,50.3850,0.0165
17.9650,50.3850,0.0172
18.0150,50.3850,0.0164
18.0650,50.3850,0.0163
18.1150,50.3850,0.0163
18.1650,50.3850,0.0161
18.2150,50.3850,0.0161
18.2650,50.3850,0.0148
18.3150,50.3850,0.0145
18.3650,50.3850,0.0145
18.4150,50.3850,0.0144
18.4650,50.3850,0.0136
18.5150,50.3850,0.0135
18.5650,50.3850,0.0134
18.6150,50.3850,0.0134
18.6650,50.3850,0.0134
18.7150,50.3850,0.0124
18.7650,50.3850,0.0133
18.8150,50.3850,0.0124
12.1150,50.3350,0.0834
12.1650,50.3350,0.0834
12.2150,50.3350,0.1069
12.2650,50.3350,0.1072
12.3150,50.3350,0.1179
12.3650,50.3350,0.1157
12.4150,50.3350,0.1181
12.4650,50.3350,0.1131
12.5150,50.3350,0.0923
12.5650,50.3350,0.0923
12.6150,50.3350,0.0697
12.6650,50.3350,0.0690
12.7150,50.3350,0.0563
12.7650,50.3350,0.0498
12.8150,50.3350,0.0498
12.8650,50.3350,0.0444
12.9150,50.3350,0.0426
12.9650,50.3350,0.0402
13.0150,50.3350,0.0381
13.0650,50.3350,0.0362
13.1150,50.3350,0.0343
13.1650,50.3350,0.0300
13.2150,50.3350,0.0300
13.2650,50.3350,0.0252
13.3150,50.3350,0.0252
13.3650,50.3350,0.0220
13.4150,50.3350,0.0214
13.4650,50.3350,0.0209
13.5150,50.3350,0.0187
13.5650,50.3350,0.0187
13.6150,50.3350,0.0170
13.6650,50.3350,0.0165
13.7150,50.3350,0.0153
13.7650,50.3350,0.0148
13.8150,50.3350,0.0137
13.8650,50.3350,0.0136
13.9150,50.3350,0.0127
13.9650,50.3350,0.0127
14.0150,50.3350,0.0117
14.0650,50.3350,0.0113
14.1150,50.3350,0.0112
14.1650,50.3350,0.0108
14.2150,50.3350,0.0108
14.2650,50.3350,0.0103
14.3150,50.3350,0.0101
14.3650,50.3350,0.0099
14.4150,50.3350,0.0097
14.4650,50.3350,0.0095
14.5150,50.3350,0.0094
14.5650,50.3350,0.0092
14.6150,50.3350,0.0092
14.6650,50.3350,0.0091
14.7150,50.3350,0.0090
14.7650,50.3350,0.0089
14.8150,50.3350,0.0090
14.8650,50.3350,0.0090
14.9150,50.3350,0.0090
14.9650,50.3350,0.0090
15.0150,50.3350,0.0091
15.0650,50.3350,0.0092
15.1150,50.3350,0.0092
15.1650,50.3350,0.0094
15.2150,50.3350,0.0096
15.2650,50.3350,0.0096
15.3150,50.3350,0.0099
15.3650,50.3350,0.0098
15.4150,50.3350,0.0102
15.4650,50.3350,0.0105
15.5150,50.3350,0.0105
15.5650,50.3350,0.0108
15.6150,50.3350,0.0109
15.6650,50.3350,0.0112
15.7150,50.3350,0.0120
15.7650,50.3350,0.0120
15.8150,50.3350,0.0127
15.8650,50.3350,0.0133
15.9150,50.3350,0.0132
15.9650,50.3350,0.0141
16.0150,50.3350,0.0138
16.0650,50.3350,0.0145
16.1150,50.3350,0.0151
16.1650,50.3350,0.0151
16.2150,50.3350,0.0158
16.2650,50.3350,0.0155
16.3150,50.3350,0.0161
16.3650,50.3350,0.0163
16.4150,50.3350,0.0163
16.4650,50.3350,0.0165
16.5150,50.3350,0.0166
16.5650,50.3350,0.0168
16.6150,50.3350,0.0170
16.6650,50.3350,0.0170
16.7150,50.3350,0.0171
16.7650,50.3350,0.0172
16.8150,50.3350,0.0173
16.8650,50.3350,0.0173
16.9150,50.3350,0.0173
16.9650,50.3350,0.0174
17.0150,50.3350,0.0175
17.0650,50.3350,0.0175
17.1150,50.3350,0.0175
17.1650,50.3350,0.0176
17.2150,50.3350,0.0176
17.2650,50.3350,0.0177
17.3150,50.3350,0.0177
17.3650,50.3350,0.0176
17.4150,50.3350,0.0177
17.4650,50.3350,0.0177
17.5150,50.3350,0.0178
17.5650,50.3350,0.0178
17.6150,50.3350,0.0178
17.6650,50.3350,0.0176
17.7150,50.3350,0.0176
17.7650,50.3350,0.0176
17.8150,50.3350,0.0176
17.8650,50.3350,0.0177
17.9150,50.3350,0.0172
17.9650,50.3350,0.0177
18.0150,50.3350,0.0172
18.0650,50.3350,0.0172
18.1150,50.3350,0.0171
18.1650,50.3350,0.0161
18.2150,50.3350,0.0171
18.2650,50.3350,0.0160
18.3150,50.3350,0.0159
18.3650,50.3350,0.0159
18.4150,50.3350,0.0153
18.4650,50.3350,0.0158
18.5150,50.3350,0.0143
18.5650,50.3350,0.0143
18.6150,50.3350,0.0143
18.6650,50.3350,0.0143
18.7150,50.3350,0.0143
18.7650,50.3350,0.0133
18.8150,50.3350,0.0133
12.1150,50.2851,0.0938
12.1650,50.2851,0.0943
12.2150,50.2851,0.1125
12.2650,50.2851,0.1125
12.3150,50.2851,0.1175
12.3650,50.2851,0.1183
12.4150,50.2851,0.1183
12.4650,50.2851,0.1113
12.5150,50.2851,0.1113
12.5650,50.2851,0.0855
12.6150,50.2851,0.0694
12.6650,50.2851,0.0653
12.7150,50.2851,0.0562
12.7650,50.2851,0.0524
12.8150,50.2851,0.0487
12.8650,50.2851,0.0421
12.9150,50.2851,0.0421
12.9650,50.2851,0.0380
13.0150,50.2851,0.0375
13.0650,50.2851,0.0322
13.1150,50.2851,0.0312
13.1650,50.2851,0.0310
13.2150,50.2851,0.0265
13.2650,50.2851,0.0233
13.3150,50.2851,0.0227
13.3650,50.2851,0.0220
13.4150,50.2851,0.0199
13.4650,50.2851,0.0191
13.5150,50.2851,0.0175
13.5650,50.2851,0.0175
13.6150,50.2851,0.0158
13.6650,50.2851,0.0158
13.7150,50.2851,0.0143
13.7650,50.2851,0.0140
13.8150,50.2851,0.0139
13.8650,50.2851,0.0131
13.9150,50.2851,0.0129
13.9650,50.2851,0.0121
14.0150,50.2851,0.0117
14.0650,50.2851,0.0113
14.1150,50.2851,0.0110
14.1650,50.2851,0.0105
14.2150,50.2851,0.0105
14.2650,50.2851,0.0101
14.3150,50.2851,0.0101
14.3650,50.2851,0.0098
14.4150,50.2851,0.0096
14.4650,50.2851,0.0096
14.5150,50.2851,0.0093
14.5650,50.2851,0.0093
14.6150,50.2851,0.0092
14.6650,50.2851,0.0091
14.7150,50.2851,0.0091
14.7650,50.2851,0.0090
14.8150,50.2851,0.0090
14.8650,50.2851,0.0090
14.9150,50.2851,0.0091
14.9650,50.2851,0.0091
15.0150,50.2851,0.0091
15.0650,50.2851,0.0092
15.1150,50.2851,0.0092
15.1650,50.2851,0.0094
15.2150,50.2851,0.0094
15.2650,50.2851,0.0096
15.3150,50.2851,0.0098
15.3650,50.2851,0.0098
15.4150,50.2851,0.0101
15.4650,50.2851,0.0101
15.5150,50.2851,0.0104
15.5650,50.2851,0.0107
15.6150,50.2851,0.0106
15.6650,50.2851,0.0111
15.7150,50.2851,0.0115
15.7650,50.2851,0.0117
15.8150,50.2851,0.0123
15.8650,50.2851,0.0123
15.9150,50.2851,0.0128
15.9650,50.2851,0.0137
16.0150,50.2851,0.0138
16.0650,50.2851,0.0142
16.1150,50.2851,0.0142
16.1650,50.2851,0.0146
16.2150,50.2851,0.0155
16.2650,50.2851,0.0151
16.3150,50.2851,0.0159
16.3650,50.2851,0.0159
16.4150,50.2851,0.0161
16.4650,50.2851,0.0165
16.5150,50.2851,0.0164
16.5650,50.2851,0.0167
16.6150,50.2851,0.0169
16.6650,50.2851,0.0169
16.7150,50.2851,0.0171
16.7650,50.2851,0.0171
16.8150,50.2851,0.0173
16.8650,50.2851,0.0174
16.9150,50.2851,0.0174
16.9650,50.2851,0.0175
17.0150,50.2851,0.0175
17.0650,50.2851,0.0176
17.1150,50.2851,0.0176
17.1650,50.2851,0.0176
17.2150,50.2851,0.0177
17.2650,50.2851,0.0177
17.3150,50.2851,0.0179
17.3650,50.2851,0.0178
17.4150,50.2851,0.0179
17.4650,50.2851,0.0179
17.5150,50.2851,0.0180
17.5650,50.2851,0.0180
17.6150,50.2851,0.0179
17.6650,50.2851,0.0181
17.7150,50.2851,0.0179
17.7650,50.2851,0.0180
17.8150,50.2851,0.0180
17.8650,50.2851,0.0181
17.9150,50.2851,0.0181
17.9650,50.2851,0.0177
18.0150,50.2851,0.0178
18.0650,50.2851,0.0178
18.1150,50.2851,0.0178
18.1650,50.2851,0.0178
18.2150,50.2851,0.0178
18.2650,50.2851,0.0171
18.3150,50.2851,0.0171
18.3650,50.2851,0.0170
18.4150,50.2851,0.0168
18.4650,50.2851,0.0170
18.5150,50.2851,0.0157
18.5650,50.2851,0.0158
18.6150,50.2851,0.0157
18.6650,50.2851,0.0146
18.7150,50.2851,0.0156
18.7650,50.2851,0.0142
18.8150,50.2851,0.0152
12.1150,50.2351,0.0726
12.1650,50.2351,0.0998
12.2150,50.2351,0.0999
12.2650,50.2351,0.1095
12.3150,50.2351,0.1175
12.3650,50.2351,0.1103
12.4150,50.2351,0.1140
12.4650,50.2351,0.1016
12.5150,50.2351,0.1016
12.5650,50.2351,0.0744
12.6150,50.2351,0.0744
12.6650,50.2351,0.0585
12.7150,50.2351,0.0529
12.7650,50.2351,0.0503
12.8150,50.2351,0.0455
12.8650,50.2351,0.0455
12.9150,50.2351,0.0396
12.9650,50.2351,0.0360
13.0150,50.2351,0.0338
13.0650,50.2351,0.0321
13.1150,50.2351,0.0282
13.1650,50.2351,0.0277
13.2150,50.2351,0.0235
13.2650,50.2351,0.0235
13.3150,50.2351,0.0206
13.3650,50.2351,0.0200
13.4150,50.2351,0.0183
13.4650,50.2351,0.0179
13.5150,50.2351,0.0177
13.5650,50.2351,0.0163
13.6150,50.2351,0.0148
13.6650,50.2351,0.0147
13.7150,50.2351,0.0143
13.7650,50.2351,0.0137
13.8150,50.2351,0.0134
13.8650,50.2351,0.0125
13.9150,50.2351,0.0125
13.9650,50.2351,0.0117
14.0150,50.2351,0.0117
14.0650,50.2351,0.0110
14.1150,50.2351,0.0108
14.1650,50.2351,0.0107
14.2150,50.2351,0.0103
14.2650,50.2351,0.0101
14.3150,50.2351,0.0100
14.3650,50.2351,0.0098
14.4150,50.2351,0.0097
14.4650,50.2351,0.0095
14.5150,50.2351,0.0093
14.5650,50.2351,0.0093
14.6150,50.2351,0.0092
14.6650,50.2351,0.0092
14.7150,50.2351,0.0091
14.7650,50.2351,0.0090
14.8150,50.2351,0.0090
14.8650,50.2351,0.0090
14.9150,50.2351,0.0090
14.9650,50.2351,0.0091
15.0150,50.2351,0.0091
15.0650,50.2351,0.0092
15.1150,50.2351,0.0093
15.1650,50.2351,0.0094
15.2150,50.2351,0.0094
15.2650,50.2351,0.0096
15.3150,50.2351,0.0096
15.3650,50.2351,0.0098
15.4150,50.2351,0.0100
15.4650,50.2351,0.0100
15.5150,50.2351,0.0103
15.5650,50.2351,0.0103
15.6150,50.2351,0.0105
15.6650,50.2351,0.0109
15.7150,50.2351,0.0109
15.7650,50.2351,0.0113
15.8150,50.2351,0.0114
15.8650,50.2351,0.0119
15.9150,50.2351,0.0128
15.9650,50.2351,0.0124
16.0150,50.2351,0.0133
16.0650,50.2351,0.0138
16.1150,50.2351,0.0138
16.1650,50.2351,0.0142
16.2150,50.2351,0.0142
16.2650,50.2351,0.0151
16.3150,50.2351,0.0154
16.3650,50.2351,0.0154
16.4150,50.2351,0.0158
16.4650,50.2351,0.0158
16.5150,50.2351,0.0161
16.5650,50.2351,0.0166
16.6150,50.2351,0.0166
16.6650,50.2351,0.0168
16.7150,50.2351,0.0168
16.7650,50.2351,0.0170
16.8150,50.2351,0.0172
16.8650,50.2351,0.0172
16.9150,50.2351,0.0174
16.9650,50.2351,0.0175
17.0150,50.2351,0.0175
17.0650,50.2351,0.0176
17.1150,50.2351,0.0176
17.1650,50.2351,0.0177
17.2150,50.2351,0.0178
17.2650,50.2351,0.0178
17.3150,50.2351,0.0180
17.3650,50.2351,0.0180
17.4150,50.2351,0.0179
17.4650,50.2351,0.0181
17.5150,50.2351,0.0181
17.5650,50.2351,0.0182
17.6150,50.2351,0.0182
17.6650,50.2351,0.0184
17.7150,50.2351,0.0182
17.7650,50.2351,0.0182
17.8150,50.2351,0.0184
17.8650,50.2351,0.0182
17.9150,50.2351,0.0185
17.9650,50.2351,0.0182
18.0150,50.2351,0.0185
18.0650,50.2351,0.0183
18.1150,50.2351,0.0184
18.1650,50.2351,0.0184
18.2150,50.2351,0.0178
18.2650,50.2351,0.0182
18.3150,50.2351,0.0179
18.3650,50.2351,0.0180
18.4150,50.2351,0.0180
18.4650,50.2351,0.0171
18.5150,50.2351,0.0170
18.5650,50.2351,0.0170
18.6150,50.2351,0.0170
18.6650,50.2351,0.0170
18.7150,50.2351,0.0170
18.7650,50.2351,0.0156
18.8150,50.2351,0.0156
12.1150,50.1851,0.0711
12.1650,50.1851,0.0877
12.2150,50.1851,0.0877
12.2650,50.1851,0.0885
12.3150,50.1851,0.0885
12.3650,50.1851,0.0855
12.4150,50.1851,0.1001
12.4650,50.1851,0.0999
12.5150,50.1851,0.0822
12.5650,50.1851,0.0797
12.6150,50.1851,0.0615
12.6650,50.1851,0.0584
12.7150,50.1851,0.0503
12.7650,50.1851,0.0481
12.8150,50.1851,0.0404
12.8650,50.1851,0.0404
12.9150,50.1851,0.0345
12.9650,50.1851,0.0345
13.0150,50.1851,0.0294
13.0650,50.1851,0.0286
13.1150,50.1851,0.0249
13.1650,50.1851,0.0242
13.2150,50.1851,0.0238
13.2650,50.1851,0.0214
13.3150,50.1851,0.0191
13.3650,50.1851,0.0188
13.4150,50.1851,0.0183
13.4650,50.1851,0.0169
13.5150,50.1851,0.0168
13.5650,50.1851,0.0152
13.6150,50.1851,0.0152
13.6650,50.1851,0.0141
13.7150,50.1851,0.0138
13.7650,50.1851,0.0132
13.8150,50.1851,0.0129
13.8650,50.1851,0.0128
13.9150,50.1851,0.0120
13.9650,50.1851,0.0113
14.0150,50.1851,0.0112
14.0650,50.1851,0.0110
14.1150,50.1851,0.0107
14.1650,50.1851,0.0106
14.2150,50.1851,0.0102
14.2650,50.1851,0.0102
14.3150,50.1851,0.0099
14.3650,50.1851,0.0098
14.4150,50.1851,0.0096
14.4650,50.1851,0.0095
14.5150,50.1851,0.0095
14.5650,50.1851,0.0093
14.6150,50.1851,0.0092
14.6650,50.1851,0.0091
14.7150,50.1851,0.0091
14.7650,50.1851,0.0091
14.8150,50.1851,0.0090
14.8650,50.1851,0.0091
14.9150,50.1851,0.0091
14.9650,50.1851,0.0091
15.0150,50.1851,0.0091
15.0650,50.1851,0.0092
15.1150,50.1851,0.0093
15.1650,50.1851,0.0093
15.2150,50.1851,0.0095
15.2650,50.1851,0.0095
15.3150,50.1851,0.0096
15.3650,50.1851,0.0098
15.4150,50.1851,0.0098
15.4650,50.1851,0.0100
15.5150,50.1851,0.0102
15.5650,50.1851,0.0102
15.6150,50.1851,0.0105
15.6650,50.1851,0.0105
15.7150,50.1851,0.0108
15.7650,50.1851,0.0111
15.8150,50.1851,0.0111
15.8650,50.1851,0.0115
15.9150,50.1851,0.0116
15.9650,50.1851,0.0120
16.0150,50.1851,0.0129
16.0650,50.1851,0.0129
16.1150,50.1851,0.0133
16.1650,50.1851,0.0139
16.2150,50.1851,0.0137
16.2650,50.1851,0.0145
16.3150,50.1851,0.0141
16.3650,50.1851,0.0149
16.4150,50.1851,0.0154
16.4650,50.1851,0.0154
16.5150,50.1851,0.0161
16.5650,50.1851,0.0158
16.6150,50.1851,0.0165
16.6650,50.1851,0.0167
16.7150,50.1851,0.0167
16.7650,50.1851,0.0169
16.8150,50.1851,0.0171
16.8650,50.1851,0.0172
16.9150,50.1851,0.0174
16.9650,50.1851,0.0174
17.0150,50.1851,0.0175
17.0650,50.1851,0.0176
17.1150,50.1851,0.0177
17.1650,50.1851,0.0178
17.2150,50.1851,0.0178
17.2650,50.1851,0.0179
17.3150,50.1851,0.0180
17.3650,50.1851,0.0181
17.4150,50.1851,0.0181
17.4650,50.1851,0.0183
17.5150,50.1851,0.0183
17.5650,50.1851,0.0184
17.6150,50.1851,0.0184
17.6650,50.1851,0.0184
17.7150,50.1851,0.0185
17.7650,50.1851,0.0185
17.8150,50.1851,0.0187
17.8650,50.1851,0.0187
17.9150,50.1851,0.0188
17.9650,50.1851,0.0186
18.0150,50.1851,0.0186
18.0650,50.1851,0.0188
18.1150,50.1851,0.0188
18.1650,50.1851,0.0189
18.2150,50.1851,0.0185
18.2650,50.1851,0.0187
18.3150,50.1851,0.0186
18.3650,50.1851,0.0186
18.4150,50.1851,0.0188
18.4650,50.1851,0.0180
18.5150,50.1851,0.0189
18.5650,50.1851,0.0181
18.6150,50.1851,0.0182
18.6650,50.1851,0.0182
18.7150,50.1851,0.0170
18.7650,50.1851,0.0182
18.8150,50.1851,0.0171
12.1150,50.1351,0.0610
12.1650,50.1351,0.0610
12.2150,50.1351,0.0661
12.2650,50.1351,0.0851
12.3150,50.1351,0.0651
12.3650,50.1351,0.0839
12.4150,50.1351,0.0603
12.4650,50.1351,0.0727
12.5150,50.1351,0.0602
12.5650,50.1351,0.0602
12.6150,50.1351,0.0499
12.6650,50.1351,0.0499
12.7150,50.1351,0.0414
12.7650,50.1351,0.0408
12.8150,50.1351,0.0393
12.8650,50.1351,0.0343
12.9150,50.1351,0.0302
12.9650,50.1351,0.0295
13.0150,50.1351,0.0287
13.0650,50.1351,0.0253
13.1150,50.1351,0.0247
13.1650,50.1351,0.0221
13.2150,50.1351,0.0221
13.2650,50.1351,0.0193
13.3150,50.1351,0.0193
13.3650,50.1351,0.0177
13.4150,50.1351,0.0173
13.4650,50.1351,0.0163
13.5150,50.1351,0.0157
13.5650,50.1351,0.0147
13.6150,50.1351,0.0144
13.6650,50.1351,0.0136
13.7150,50.1351,0.0135
13.7650,50.1351,0.0132
13.8150,50.1351,0.0124
13.8650,50.1351,0.0124
13.9150,50.1351,0.0116
13.9650,50.1351,0.0116
14.0150,50.1351,0.0110
14.0650,50.1351,0.0108
14.1150,50.1351,0.0106
14.1650,50.1351,0.0104
14.2150,50.1351,0.0103
14.2650,50.1351,0.0101
14.3150,50.1351,0.0098
14.3650,50.1351,0.0098
14.4150,50.1351,0.0096
14.4650,50.1351,0.0094
14.5150,50.1351,0.0094
14.5650,50.1351,0.0092
14.6150,50.1351,0.0092
14.6650,50.1351,0.0091
14.7150,50.1351,0.0091
14.7650,50.1351,0.0091
14.8150,50.1351,0.0091
14.8650,50.1351,0.0091
14.9150,50.1351,0.0091
14.9650,50.1351,0.0091
15.0150,50.1351,0.0092
15.0650,50.1351,0.0092
15.1150,50.1351,0.0093
15.1650,50.1351,0.0094
15.2150,50.1351,0.0095
15.2650,50.1351,0.0095
15.3150,50.1351,0.0097
15.3650,50.1351,0.0098
15.4150,50.1351,0.0098
15.4650,50.1351,0.0100
15.5150,50.1351,0.0100
15.5650,50.1351,0.0102
15.6150,50.1351,0.0105
15.6650,50.1351,0.0104
15.7150,50.1351,0.0107
15.7650,50.1351,0.0107
15.8150,50.1351,0.0109
15.8650,50.1351,0.0112
15.9150,50.1351,0.0111
15.9650,50.1351,0.0120
16.0150,50.1351,0.0123
16.0650,50.1351,0.0124
16.1150,50.1351,0.0128
16.1650,50.1351,0.0128
16.2150,50.1351,0.0132
16.2650,50.1351,0.0140
16.3150,50.1351,0.0140
16.3650,50.1351,0.0144
16.4150,50.1351,0.0144
16.4650,50.1351,0.0148
16.5150,50.1351,0.0158
16.5650,50.1351,0.0154
16.6150,50.1351,0.0162
16.6650,50.1351,0.0162
16.7150,50.1351,0.0165
16.7650,50.1351,0.0169
16.8150,50.1351,0.0168
16.8650,50.1351,0.0171
16.9150,50.1351,0.0173
16.9650,50.1351,0.0173
17.0150,50.1351,0.0175
17.0650,50.1351,0.0175
17.1150,50.1351,0.0177
17.1650,50.1351,0.0178
17.2150,50.1351,0.0178
17.2650,50.1351,0.0180
17.3150,50.1351,0.0180
17.3650,50.1351,0.0182
17.4150,50.1351,0.0183
17.4650,50.1351,0.0183
17.5150,50.1351,0.0184
17.5650,50.1351,0.0184
17.6150,50.1351,0.0186
17.6650,50.1351,0.0186
17.7150,50.1351,0.0188
17.7650,50.1351,0.0188
17.8150,50.1351,0.0189
17.8650,50.1351,0.0189
17.9150,50.1351,0.0188
17.9650,50.1351,0.0193
18.0150,50.1351,0.0190
18.0650,50.1351,0.0193
18.1150,50.1351,0.0193
18.1650,50.1351,0.0197
18.2150,50.1351,0.0197
18.2650,50.1351,0.0191
18.3150,50.1351,0.0194
18.3650,50.1351,0.0194
18.4150,50.1351,0.0197
18.4650,50.1351,0.0190
18.5150,50.1351,0.0189
18.5650,50.1351,0.0190
18.6150,50.1351,0.0190
18.6650,50.1351,0.0192
18.7150,50.1351,0.0182
18.7650,50.1351,0.0193
18.8150,50.1351,0.0183
12.1150,50.0851,0.0473
12.1650,50.0851,0.0488
12.2150,50.0851,0.0504
12.2650,50.0851,0.0504
12.3150,50.0851,0.0493
12.3650,50.0851,0.0601
12.4150,50.0851,0.0510
12.4650,50.0851,0.0530
12.5150,50.0851,0.0529
12.5650,50.0851,0.0459
12.6150,50.0851,0.0427
12.6650,50.0851,0.0397
12.7150,50.0851,0.0414
12.7650,50.0851,0.0340
12.8150,50.0851,0.0344
12.8650,50.0851,0.0295
12.9150,50.0851,0.0295
12.9650,50.0851,0.0255
13.0150,50.0851,0.0254
13.0650,50.0851,0.0228
13.1150,50.0851,0.0226
13.1650,50.0851,0.0211
13.2150,50.0851,0.0199
13.2650,50.0851,0.0181
13.3150,50.0851,0.0181
13.3650,50.0851,0.0171
13.4150,50.0851,0.0166
13.4650,50.0851,0.0163
13.5150,50.0851,0.0147
13.5650,50.0851,0.0147
13.6150,50.0851,0.0138
13.6650,50.0851,0.0138
13.7150,50.0851,0.0130
13.7650,50.0851,0.0127
13.8150,50.0851,0.0123
13.8650,50.0851,0.0119
13.9150,50.0851,0.0112
13.9650,50.0851,0.0112
14.0150,50.0851,0.0108
14.0650,50.0851,0.0108
14.1150,50.0851,0.0106
14.1650,50.0851,0.0102
14.2150,50.0851,0.0102
14.2650,50.0851,0.0099
14.3150,50.0851,0.0099
14.3650,50.0851,0.0097
14.4150,50.0851,0.0095
14.4650,50.0851,0.0095
14.5150,50.0851,0.0093
14.5650,50.0851,0.0093
14.6150,50.0851,0.0092
14.6650,50.0851,0.0091
14.7150,50.0851,0.0092
14.7650,50.0851,0.0091
14.8150,50.0851,0.0091
14.8650,50.0851,0.0091
14.9150,50.0851,0.0092
14.9650,50.0851,0.0092
15.0150,50.0851,0.0092
15.0650,50.0851,0.0093
15.1150,50.0851,0.0093
15.1650,50.0851,0.0094
15.2150,50.0851,0.0094
15.2650,50.0851,0.0096
15.3150,50.0851,0.0097
15.3650,50.0851,0.0097
15.4150,50.0851,0.0098
15.4650,50.0851,0.0100
15.5150,50.0851,0.0100
15.5650,50.0851,0.0102
15.6150,50.0851,0.0102
15.6650,50.0851,0.0104
15.7150,50.0851,0.0106
15.7650,50.0851,0.0106
15.8150,50.0851,0.0108
15.8650,50.0851,0.0108
15.9150,50.0851,0.0110
15.9650,50.0851,0.0116
16.0150,50.0851,0.0114
16.0650,50.0851,0.0119
16.1150,50.0851,0.0120
16.1650,50.0851,0.0123
16.2150,50.0851,0.0132
16.2650,50.0851,0.0127
16.3150,50.0851,0.0136
16.3650,50.0851,0.0140
16.4150,50.0851,0.0140
16.4650,50.0851,0.0144
16.5150,50.0851,0.0144
16.5650,50.0851,0.0154
16.6150,50.0851,0.0159
16.6650,50.0851,0.0159
16.7150,50.0851,0.0163
16.7650,50.0851,0.0163
16.8150,50.0851,0.0166
16.8650,50.0851,0.0170
16.9150,50.0851,0.0170
16.9650,50.0851,0.0172
17.0150,50.0851,0.0173
17.0650,50.0851,0.0175
17.1150,50.0851,0.0177
17.1650,50.0851,0.0177
17.2150,50.0851,0.0179
17.2650,50.0851,0.0181
17.3150,50.0851,0.0181
17.3650,50.0851,0.0182
17.4150,50.0851,0.0183
17.4650,50.0851,0.0184
17.5150,50.0851,0.0186
17.5650,50.0851,0.0186
17.6150,50.0851,0.0188
17.6650,50.0851,0.0188
17.7150,50.0851,0.0188
17.7650,50.0851,0.0191
17.8150,50.0851,0.0191
17.8650,50.0851,0.0195
17.9150,50.0851,0.0193
17.9650,50.0851,0.0198
18.0150,50.0851,0.0196
18.0650,50.0851,0.0196
18.1150,50.0851,0.0201
18.1650,50.0851,0.0197
18.2150,50.0851,0.0204
18.2650,50.0851,0.0200
18.3150,50.0851,0.0203
18.3650,50.0851,0.0204
18.4150,50.0851,0.0201
18.4650,50.0851,0.0207
18.5150,50.0851,0.0200
18.5650,50.0851,0.0203
18.6150,50.0851,0.0203
18.6650,50.0851,0.0206
18.7150,50.0851,0.0206
18.7650,50.0851,0.0194
18.8150,50.0851,0.0196
12.1150,50.0351,0.0383
12.1650,50.0351,0.0400
12.2150,50.0351,0.0401
12.2650,50.0351,0.0403
12.3150,50.0351,0.0491
12.3650,50.0351,0.0393
12.4150,50.0351,0.0459
12.4650,50.0351,0.0412
12.5150,50.0351,0.0412
12.5650,50.0351,0.0371
12.6150,50.0351,0.0371
12.6650,50.0351,0.0322
12.7150,50.0351,0.0340
12.7650,50.0351,0.0290
12.8150,50.0351,0.0294
12.8650,50.0351,0.0288
12.9150,50.0351,0.0255
12.9650,50.0351,0.0231
13.0150,50.0351,0.0230
13.0650,50.0351,0.0228
13.1150,50.0351,0.0205
13.1650,50.0351,0.0205
13.2150,50.0351,0.0184
13.2650,50.0351,0.0184
13.3150,50.0351,0.0170
13.3650,50.0351,0.0167
13.4150,50.0351,0.0155
13.4650,50.0351,0.0151
13.5150,50.0351,0.0144
13.5650,50.0351,0.0141
13.6150,50.0351,0.0132
13.6650,50.0351,0.0132
13.7150,50.0351,0.0126
13.7650,50.0351,0.0125
13.8150,50.0351,0.0122
13.8650,50.0351,0.0115
13.9150,50.0351,0.0115
13.9650,50.0351,0.0109
14.0150,50.0351,0.0108
14.0650,50.0351,0.0105
14.1150,50.0351,0.0104
14.1650,50.0351,0.0102
14.2150,50.0351,0.0101
14.2650,50.0351,0.0098
14.3150,50.0351,0.0098
14.3650,50.0351,0.0096
14.4150,50.0351,0.0096
14.4650,50.0351,0.0095
14.5150,50.0351,0.0093
14.5650,50.0351,0.0093
14.6150,50.0351,0.0092
14.6650,50.0351,0.0092
14.7150,50.0351,0.0092
14.7650,50.0351,0.0091
14.8150,50.0351,0.0091
14.8650,50.0351,0.0092
14.9150,50.0351,0.0092
14.9650,50.0351,0.0092
15.0150,50.0351,0.0092
15.0650,50.0351,0.0093
15.1150,50.0351,0.0093
15.1650,50.0351,0.0095
15.2150,50.0351,0.0095
15.2650,50.0351,0.0096
15.3150,50.0351,0.0096
15.3650,50.0351,0.0097
15.4150,50.0351,0.0098
15.4650,50.0351,0.0098
15.5150,50.0351,0.0100
15.5650,50.0351,0.0100
15.6150,50.0351,0.0101
15.6650,50.0351,0.0103
15.7150,50.0351,0.0103
15.7650,50.0351,0.0105
15.8150,50.0351,0.0107
15.8650,50.0351,0.0107
15.9150,50.0351,0.0110
15.9650,50.0351,0.0109
16.0150,50.0351,0.0112
16.0650,50.0351,0.0116
16.1150,50.0351,0.0116
16.1650,50.0351,0.0120
16.2150,50.0351,0.0122
16.2650,50.0351,0.0124
16.3150,50.0351,0.0131
16.3650,50.0351,0.0131
16.4150,50.0351,0.0136
16.4650,50.0351,0.0143
16.5150,50.0351,0.0140
16.5650,50.0351,0.0149
16.6150,50.0351,0.0145
16.6650,50.0351,0.0154
16.7150,50.0351,0.0159
16.7650,50.0351,0.0159
16.8150,50.0351,0.0166
16.8650,50.0351,0.0166
16.9150,50.0351,0.0169
16.9650,50.0351,0.0171
17.0150,50.0351,0.0171
17.0650,50.0351,0.0174
17.1150,50.0351,0.0177
17.1650,50.0351,0.0177
17.2150,50.0351,0.0179
17.2650,50.0351,0.0179
17.3150,50.0351,0.0181
17.3650,50.0351,0.0183
17.4150,50.0351,0.0183
17.4650,50.0351,0.0185
17.5150,50.0351,0.0185
17.5650,50.0351,0.0187
17.6150,50.0351,0.0188
17.6650,50.0351,0.0189
17.7150,50.0351,0.0190
17.7650,50.0351,0.0195
17.8150,50.0351,0.0195
17.8650,50.0351,0.0200
17.9150,50.0351,0.0200
17.9650,50.0351,0.0199
18.0150,50.0351,0.0203
18.0650,50.0351,0.0203
18.1150,50.0351,0.0207
18.1650,50.0351,0.0207
18.2150,50.0351,0.0207
18.2650,50.0351,0.0208
18.3150,50.0351,0.0208
18.3650,50.0351,0.0212
18.4150,50.0351,0.0211
18.4650,50.0351,0.0216
18.5150,50.0351,0.0210
18.5650,50.0351,0.0210
18.6150,50.0351,0.0214
18.6650,50.0351,0.0207
18.7150,50.0351,0.0217
18.7650,50.0351,0.0208
18.8150,50.0351,0.0214
12.1150,49.9851,0.0328
12.1650,49.9851,0.0338
12.2150,49.9851,0.0338
12.2650,49.9851,0.0337
12.3150,49.9851,0.0337
12.3650,49.9851,0.0324
12.4150,49.9851,0.0372
12.4650,49.9851,0.0356
12.5150,49.9851,0.0339
12.5650,49.9851,0.0329
12.6150,49.9851,0.0309
12.6650,49.9851,0.0305
12.7150,49.9851,0.0281
12.7650,49.9851,0.0290
12.8150,49.9851,0.0253
12.8650,49.9851,0.0253
12.9150,49.9851,0.0230
12.9650,49.9851,0.0230
13.0150,49.9851,0.0208
13.0650,49.9851,0.0207
13.1150,49.9851,0.0186
13.1650,49.9851,0.0186
13.2150,49.9851,0.0175
13.2650,49.9851,0.0172
13.3150,49.9851,0.0158
13.3650,49.9851,0.0158
13.4150,49.9851,0.0154
13.4650,49.9851,0.0143
13.5150,49.9851,0.0143
13.5650,49.9851,0.0135
13.6150,49.9851,0.0135
13.6650,49.9851,0.0127
13.7150,49.9851,0.0125
13.7650,49.9851,0.0120
13.8150,49.9851,0.0118
13.8650,49.9851,0.0113
13.9150,49.9851,0.0111
13.9650,49.9851,0.0107
14.0150,49.9851,0.0107
14.0650,49.9851,0.0104
14.1150,49.9851,0.0102
14.1650,49.9851,0.0102
14.2150,49.9851,0.0099
14.2650,49.9851,0.0099
14.3150,49.9851,0.0097
14.3650,49.9851,0.0096
14.4150,49.9851,0.0095
14.4650,49.9851,0.0094
14.5150,49.9851,0.0094
14.5650,49.9851,0.0093
14.6150,49.9851,0.0092
14.6650,49.9851,0.0092
14.7150,49.9851,0.0092
14.7650,49.9851,0.0092
14.8150,49.9851,0.0092
14.8650,49.9851,0.0092
14.9150,49.9851,0.0092
14.9650,49.9851,0.0093
15.0150,49.9851,0.0093
15.0650,49.9851,0.0094
15.1150,49.9851,0.0094
15.1650,49.9851,0.0094
15.2150,49.9851,0.0095
15.2650,49.9851,0.0096
15.3150,49.9851,0.0096
15.3650,49.9851,0.0097
15.4150,49.9851,0.0098
15.4650,49.9851,0.0098
15.5150,49.9851,0.0100
15.5650,49.9851,0.0100
15.6150,49.9851,0.0101
15.6650,49.9851,0.0103
15.7150,49.9851,0.0103
15.7650,49.9851,0.0105
15.8150,49.9851,0.0105
15.8650,49.9851,0.0106
15.9150,49.9851,0.0109
15.9650,49.9851,0.0108
16.0150,49.9851,0.0110
16.0650,49.9851,0.0111
16.1150,49.9851,0.0113
16.1650,49.9851,0.0117
16.2150,49.9851,0.0117
16.2650,49.9851,0.0123
16.3150,49.9851,0.0127
16.3650,49.9851,0.0127
16.4150,49.9851,0.0132
16.4650,49.9851,0.0132
16.5150,49.9851,0.0136
16.5650,49.9851,0.0144
16.6150,49.9851,0.0144
16.6650,49.9851,0.0150
16.7150,49.9851,0.0150
16.7650,49.9851,0.0155
16.8150,49.9851,0.0163
16.8650,49.9851,0.0160
16.9150,49.9851,0.0167
16.9650,49.9851,0.0168
17.0150,49.9851,0.0170
17.0650,49.9851,0.0174
17.1150,49.9851,0.0172
17.1650,49.9851,0.0176
17.2150,49.9851,0.0178
17.2650,49.9851,0.0178
17.3150,49.9851,0.0181
17.3650,49.9851,0.0181
17.4150,49.9851,0.0183
17.4650,49.9851,0.0186
17.5150,49.9851,0.0186
17.5650,49.9851,0.0188
17.6150,49.9851,0.0188
17.6650,49.9851,0.0192
17.7150,49.9851,0.0194
17.7650,49.9851,0.0194
17.8150,49.9851,0.0199
17.8650,49.9851,0.0200
17.9150,49.9851,0.0204
17.9650,49.9851,0.0204
18.0150,49.9851,0.0206
18.0650,49.9851,0.0209
18.1150,49.9851,0.0213
18.1650,49.9851,0.0214
18.2150,49.9851,0.0211
18.2650,49.9851,0.0217
18.3150,49.9851,0.0216
18.3650,49.9851,0.0220
18.4150,49.9851,0.0220
18.4650,49.9851,0.0216
18.5150,49.9851,0.0220
18.5650,49.9851,0.0220
18.6150,49.9851,0.0224
18.6650,49.9851,0.0224
18.7150,49.9851,0.0227
18.7650,49.9851,0.0220
18.8150,49.9851,0.0220
12.1150,49.9351,0.0294
12.1650,49.9351,0.0294
12.2150,49.9351,0.0297
12.2650,49.9351,0.0310
12.3150,49.9351,0.0294
12.3650,49.9351,0.0324
12.4150,49.9351,0.0286
12.4650,49.9351,0.0311
12.5150,49.9351,0.0292
12.5650,49.9351,0.0292
12.6150,49.9351,0.0269
12.6650,49.9351,0.0269
12.7150,49.9351,0.0243
12.7650,49.9351,0.0248
12.8150,49.9351,0.0227
12.8650,49.9351,0.0228
12.9150,49.9351,0.0208
12.9650,49.9351,0.0208
13.0150,49.9351,0.0188
13.0650,49.9351,0.0187
13.1150,49.9351,0.0186
13.1650,49.9351,0.0174
13.2150,49.9351,0.0174
13.2650,49.9351,0.0160
13.3150,49.9351,0.0160
13.3650,49.9351,0.0146
13.4150,49.9351,0.0145
13.4650,49.9351,0.0138
13.5150,49.9351,0.0137
13.5650,49.9351,0.0130
13.6150,49.9351,0.0130
13.6650,49.9351,0.0122
13.7150,49.9351,0.0122
13.7650,49.9351,0.0119
13.8150,49.9351,0.0113
13.8650,49.9351,0.0113
13.9150,49.9351,0.0108
13.9650,49.9351,0.0108
14.0150,49.9351,0.0105
14.0650,49.9351,0.0104
14.1150,49.9351,0.0102
14.1650,49.9351,0.0101
14.2150,49.9351,0.0098
14.2650,49.9351,0.0098
14.3150,49.9351,0.0096
14.3650,49.9351,0.0096
14.4150,49.9351,0.0095
14.4650,49.9351,0.0094
14.5150,49.9351,0.0094
14.5650,49.9351,0.0093
14.6150,49.9351,0.0093
14.6650,49.9351,0.0092
14.7150,49.9351,0.0092
14.7650,49.9351,0.0092
14.8150,49.9351,0.0092
14.8650,49.9351,0.0093
14.9150,49.9351,0.0093
14.9650,49.9351,0.0093
15.0150,49.9351,0.0093
15.0650,49.9351,0.0094
15.1150,49.9351,0.0095
15.1650,49.9351,0.0095
15.2150,49.9351,0.0096
15.2650,49.9351,0.0096
15.3150,49.9351,0.0097
15.3650,49.9351,0.0098
15.4150,49.9351,0.0098
15.4650,49.9351,0.0099
15.5150,49.9351,0.0099
15.5650,49.9351,0.0100
15.6150,49.9351,0.0101
15.6650,49.9351,0.0102
15.7150,49.9351,0.0103
15.7650,49.9351,0.0104
15.8150,49.9351,0.0104
15.8650,49.9351,0.0106
15.9150,49.9351,0.0106
15.9650,49.9351,0.0108
16.0150,49.9351,0.0110
16.0650,49.9351,0.0110
16.1150,49.9351,0.0111
16.1650,49.9351,0.0111
16.2150,49.9351,0.0115
16.2650,49.9351,0.0120
16.3150,49.9351,0.0119
16.3650,49.9351,0.0124
16.4150,49.9351,0.0126
16.4650,49.9351,0.0128
16.5150,49.9351,0.0136
16.5650,49.9351,0.0133
16.6150,49.9351,0.0140
16.6650,49.9351,0.0145
16.7150,49.9351,0.0145
16.7650,49.9351,0.0151
16.8150,49.9351,0.0151
16.8650,49.9351,0.0160
16.9150,49.9351,0.0164
16.9650,49.9351,0.0164
17.0150,49.9351,0.0167
17.0650,49.9351,0.0169
17.1150,49.9351,0.0170
17.1650,49.9351,0.0175
17.2150,49.9351,0.0175
17.2650,49.9351,0.0177
17.3150,49.9351,0.0181
17.3650,49.9351,0.0181
17.4150,49.9351,0.0184
17.4650,49.9351,0.0184
17.5150,49.9351,0.0186
17.5650,49.9351,0.0189
17.6150,49.9351,0.0189
17.6650,49.9351,0.0192
17.7150,49.9351,0.0197
17.7650,49.9351,0.0197
17.8150,49.9351,0.0203
17.8650,49.9351,0.0203
17.9150,49.9351,0.0208
17.9650,49.9351,0.0209
18.0150,49.9351,0.0209
18.0650,49.9351,0.0214
18.1150,49.9351,0.0214
18.1650,49.9351,0.0219
18.2150,49.9351,0.0218
18.2650,49.9351,0.0218
18.3150,49.9351,0.0223
18.3650,49.9351,0.0223
18.4150,49.9351,0.0227
18.4650,49.9351,0.0224
18.5150,49.9351,0.0232
18.5650,49.9351,0.0228
18.6150,49.9351,0.0232
18.6650,49.9351,0.0232
18.7150,49.9351,0.0227
18.7650,49.9351,0.0236
18.8150,49.9351,0.0230
12.1150,49.8851,0.0245
12.1650,49.8851,0.0261
12.2150,49.8851,0.0262
12.2650,49.8851,0.0262
12.3150,49.8851,0.0258
12.3650,49.8851,0.0283
12.4150,49.8851,0.0248
12.4650,49.8851,0.0272
12.5150,49.8851,0.0269
12.5650,49.8851,0.0253
12.6150,49.8851,0.0238
12.6650,49.8851,0.0237
12.7150,49.8851,0.0242
12.7650,49.8851,0.0221
12.8150,49.8851,0.0225
12.8650,49.8851,0.0206
12.9150,49.8851,0.0206
12.9650,49.8851,0.0186
13.0150,49.8851,0.0186
13.0650,49.8851,0.0174
13.1150,49.8851,0.0175
13.1650,49.8851,0.0162
13.2150,49.8851,0.0162
13.2650,49.8851,0.0148
13.3150,49.8851,0.0148
13.3650,49.8851,0.0140
13.4150,49.8851,0.0140
13.4650,49.8851,0.0138
13.5150,49.8851,0.0131
13.5650,49.8851,0.0131
13.6150,49.8851,0.0124
13.6650,49.8851,0.0124
13.7150,49.8851,0.0117
13.7650,49.8851,0.0115
13.8150,49.8851,0.0111
13.8650,49.8851,0.0110
13.9150,49.8851,0.0106
13.9650,49.8851,0.0106
14.0150,49.8851,0.0103
14.0650,49.8851,0.0103
14.1150,49.8851,0.0102
14.1650,49.8851,0.0099
14.2150,49.8851,0.0099
14.2650,49.8851,0.0097
14.3150,49.8851,0.0097
14.3650,49.8851,0.0095
14.4150,49.8851,0.0095
14.4650,49.8851,0.0094
14.5150,49.8851,0.0093
14.5650,49.8851,0.0093
14.6150,49.8851,0.0093
14.6650,49.8851,0.0093
14.7150,49.8851,0.0093
14.7650,49.8851,0.0092
14.8150,49.8851,0.0093
14.8650,49.8851,0.0093
14.9150,49.8851,0.0093
14.9650,49.8851,0.0093
15.0150,49.8851,0.0094
15.0650,49.8851,0.0094
15.1150,49.8851,0.0095
15.1650,49.8851,0.0095
15.2150,49.8851,0.0096
15.2650,49.8851,0.0096
15.3150,49.8851,0.0097
15.3650,49.8851,0.0097
15.4150,49.8851,0.0098
15.4650,49.8851,0.0099
15.5150,49.8851,0.0099
15.5650,49.8851,0.0101
15.6150,49.8851,0.0101
15.6650,49.8851,0.0102
15.7150,49.8851,0.0103
15.7650,49.8851,0.0103
15.8150,49.8851,0.0104
15.8650,49.8851,0.0105
15.9150,49.8851,0.0106
15.9650,49.8851,0.0107
16.0150,49.8851,0.0107
16.0650,49.8851,0.0109
16.1150,49.8851,0.0111
16.1650,49.8851,0.0111
16.2150,49.8851,0.0114
16.2650,49.8851,0.0113
16.3150,49.8851,0.0118
16.3650,49.8851,0.0122
16.4150,49.8851,0.0122
16.4650,49.8851,0.0126
16.5150,49.8851,0.0132
16.5650,49.8851,0.0130
16.6150,49.8851,0.0137
16.6650,49.8851,0.0137
16.7150,49.8851,0.0142
16.7650,49.8851,0.0150
16.8150,49.8851,0.0145
16.8650,49.8851,0.0156
16.9150,49.8851,0.0156
16.9650,49.8851,0.0160
17.0150,49.8851,0.0163
17.0650,49.8851,0.0163
17.1150,49.8851,0.0170
17.1650,49.8851,0.0173
17.2150,49.8851,0.0173
17.2650,49.8851,0.0176
17.3150,49.8851,0.0176
17.3650,49.8851,0.0179
17.4150,49.8851,0.0184
17.4650,49.8851,0.0184
17.5150,49.8851,0.0187
17.5650,49.8851,0.0187
17.6150,49.8851,0.0190
17.6650,49.8851,0.0195
17.7150,49.8851,0.0196
17.7650,49.8851,0.0200
17.8150,49.8851,0.0204
17.8650,49.8851,0.0206
17.9150,49.8851,0.0208
17.9650,49.8851,0.0212
18.0150,49.8851,0.0214
18.0650,49.8851,0.0220
18.1150,49.8851,0.0220
18.1650,49.8851,0.0222
18.2150,49.8851,0.0225
18.2650,49.8851,0.0224
18.3150,49.8851,0.0230
18.3650,49.8851,0.0230
18.4150,49.8851,0.0234
18.4650,49.8851,0.0232
18.5150,49.8851,0.0232
18.5650,49.8851,0.0236
18.6150,49.8851,0.0236
18.6650,49.8851,0.0240
18.7150,49.8851,0.0236
18.7650,49.8851,0.0242
18.8150,49.8851,0.0239
12.1150,49.8351,0.0233
12.1650,49.8351,0.0236
12.2150,49.8351,0.0236
12.2650,49.8351,0.0236
12.3150,49.8351,0.0251
12.3650,49.8351,0.0233
12.4150,49.8351,0.0248
12.4650,49.8351,0.0239
12.5150,49.8351,0.0240
12.5650,49.8351,0.0229
12.6150,49.8351,0.0229
12.6650,49.8351,0.0215
12.7150,49.8351,0.0221
12.7650,49.8351,0.0198
12.8150,49.8351,0.0202
12.8650,49.8351,0.0189
12.9150,49.8351,0.0184
12.9650,49.8351,0.0173
13.0150,49.8351,0.0173
13.0650,49.8351,0.0163
13.1150,49.8351,0.0162
13.1650,49.8351,0.0162
13.2150,49.8351,0.0149
13.2650,49.8351,0.0149
13.3150,49.8351,0.0140
13.3650,49.8351,0.0140
13.4150,49.8351,0.0133
13.4650,49.8351,0.0133
13.5150,49.8351,0.0126
13.5650,49.8351,0.0125
13.6150,49.8351,0.0118
13.6650,49.8351,0.0118
13.7150,49.8351,0.0111
13.7650,49.8351,0.0111
13.8150,49.8351,0.0111
13.8650,49.8351,0.0107
13.9150,49.8351,0.0107
13.9650,49.8351,0.0104
14.0150,49.8351,0.0103
14.0650,49.8351,0.0101
14.1150,49.8351,0.0100
14.1650,49.8351,0.0099
14.2150,49.8351,0.0098
14.2650,49.8351,0.0096
14.3150,49.8351,0.0096
14.3650,49.8351,0.0095
14.4150,49.8351,0.0094
14.4650,49.8351,0.0094
14.5150,49.8351,0.0093
14.5650,49.8351,0.0093
14.6150,49.8351,0.0093
14.6650,49.8351,0.0093
14.7150,49.8351,0.0093
14.7650,49.8351,0.0093
14.8150,49.8351,0.0093
14.8650,49.8351,0.0093
14.9150,49.8351,0.0094
14.9650,49.8351,0.0094
15.0150,49.8351,0.0094
15.0650,49.8351,0.0095
15.1150,49.8351,0.0095
15.1650,49.8351,0.0096
15.2150,49.8351,0.0096
15.2650,49.8351,0.0097
15.3150,49.8351,0.0097
15.3650,49.8351,0.0098
15.4150,49.8351,0.0099
15.4650,49.8351,0.0099
15.5150,49.8351,0.0100
15.5650,49.8351,0.0101
15.6150,49.8351,0.0101
15.6650,49.8351,0.0102
15.7150,49.8351,0.0103
15.7650,49.8351,0.0103
15.8150,49.8351,0.0105
15.8650,49.8351,0.0105
15.9150,49.8351,0.0106
15.9650,49.8351,0.0107
16.0150,49.8351,0.0107
16.0650,49.8351,0.0108
16.1150,49.8351,0.0108
16.1650,49.8351,0.0110
16.2150,49.8351,0.0113
16.2650,49.8351,0.0112
16.3150,49.8351,0.0116
16.3650,49.8351,0.0118
16.4150,49.8351,0.0120
16.4650,49.8351,0.0124
16.5150,49.8351,0.0124
16.5650,49.8351,0.0130
16.6150,49.8351,0.0134
16.6650,49.8351,0.0134
16.7150,49.8351,0.0138
16.7650,49.8351,0.0138
16.8150,49.8351,0.0142
16.8650,49.8351,0.0151
16.9150,49.8351,0.0151
16.9650,49.8351,0.0155
17.0150,49.8351,0.0155
17.0650,49.8351,0.0158
17.1150,49.8351,0.0166
17.1650,49.8351,0.0163
17.2150,49.8351,0.0169
17.2650,49.8351,0.0173
17.3150,49.8351,0.0173
17.3650,49.8351,0.0179
17.4150,49.8351,0.0177
17.4650,49.8351,0.0183
17.5150,49.8351,0.0187
17.5650,49.8351,0.0187
17.6150,49.8351,0.0190
17.6650,49.8351,0.0191
17.7150,49.8351,0.0196
17.7650,49.8351,0.0202
17.8150,49.8351,0.0202
17.8650,49.8351,0.0208
17.9150,49.8351,0.0212
17.9650,49.8351,0.0213
18.0150,49.8351,0.0218
18.0650,49.8351,0.0218
18.1150,49.8351,0.0224
18.1650,49.8351,0.0225
18.2150,49.8351,0.0230
18.2650,49.8351,0.0230
18.3150,49.8351,0.0232
18.3650,49.8351,0.0235
18.4150,49.8351,0.0235
18.4650,49.8351,0.0240
18.5150,49.8351,0.0239
18.5650,49.8351,0.0243
18.6150,49.8351,0.0243
18.6650,49.8351,0.0247
18.7150,49.8351,0.0247
18.7650,49.8351,0.0244
18.8150,49.8351,0.0248
12.1150,49.7851,0.0216
12.1650,49.7851,0.0218
12.2150,49.7851,0.0218
12.2650,49.7851,0.0217
12.3150,49.7851,0.0217
12.3650,49.7851,0.0213
12.4150,49.7851,0.0227
12.4650,49.7851,0.0209
12.5150,49.7851,0.0219
12.5650,49.7851,0.0211
12.6150,49.7851,0.0208
12.6650,49.7851,0.0192
12.7150,49.7851,0.0191
12.7650,49.7851,0.0198
12.8150,49.7851,0.0183
12.8650,49.7851,0.0183
12.9150,49.7851,0.0172
12.9650,49.7851,0.0172
13.0150,49.7851,0.0160
13.0650,49.7851,0.0161
13.1150,49.7851,0.0148
13.1650,49.7851,0.0149
13.2150,49.7851,0.0141
13.2650,49.7851,0.0141
13.3150,49.7851,0.0134
13.3650,49.7851,0.0134
13.4150,49.7851,0.0127
13.4650,49.7851,0.0126
13.5150,49.7851,0.0126
13.5650,49.7851,0.0120
13.6150,49.7851,0.0120
13.6650,49.7851,0.0113
13.7150,49.7851,0.0111
13.7650,49.7851,0.0109
13.8150,49.7851,0.0108
13.8650,49.7851,0.0105
13.9150,49.7851,0.0105
13.9650,49.7851,0.0102
14.0150,49.7851,0.0102
14.0650,49.7851,0.0100
14.1150,49.7851,0.0099
14.1650,49.7851,0.0099
14.2150,49.7851,0.0097
14.2650,49.7851,0.0097
14.3150,49.7851,0.0095
14.3650,49.7851,0.0095
14.4150,49.7851,0.0094
14.4650,49.7851,0.0094
14.5150,49.7851,0.0093
14.5650,49.7851,0.0093
14.6150,49.7851,0.0093
14.6650,49.7851,0.0093
14.7150,49.7851,0.0093
14.7650,49.7851,0.0093
14.8150,49.7851,0.0093
14.8650,49.7851,0.0093
14.9150,49.7851,0.0093
14.9650,49.7851,0.0094
15.0150,49.7851,0.0094
15.0650,49.7851,0.0095
15.1150,49.7851,0.0096
15.1650,49.7851,0.0097
15.2150,49.7851,0.0097
15.2650,49.7851,0.0098
15.3150,49.7851,0.0098
15.3650,49.7851,0.0098
15.4150,49.7851,0.0099
15.4650,49.7851,0.0099
15.5150,49.7851,0.0100
15.5650,49.7851,0.0100
15.6150,49.7851,0.0102
15.6650,49.7851,0.0102
15.7150,49.7851,0.0103
15.7650,49.7851,0.0104
15.8150,49.7851,0.0104
15.8650,49.7851,0.0105
15.9150,49.7851,0.0106
15.9650,49.7851,0.0107
16.0150,49.7851,0.0107
16.0650,49.7851,0.0109
16.1150,49.7851,0.0109
16.1650,49.7851,0.0110
16.2150,49.7851,0.0110
16.2650,49.7851,0.0112
16.3150,49.7851,0.0116
16.3650,49.7851,0.0116
16.4150,49.7851,0.0119
16.4650,49.7851,0.0119
16.5150,49.7851,0.0123
16.5650,49.7851,0.0128
16.6150,49.7851,0.0128
16.6650,49.7851,0.0132
16.7150,49.7851,0.0136
16.7650,49.7851,0.0136
16.8150,49.7851,0.0142
16.8650,49.7851,0.0139
16.9150,49.7851,0.0145
16.9650,49.7851,0.0149
17.0150,49.7851,0.0149
17.0650,49.7851,0.0153
17.1150,49.7851,0.0157
17.1650,49.7851,0.0162
17.2150,49.7851,0.0165
17.2650,49.7851,0.0165
17.3150,49.7851,0.0170
17.3650,49.7851,0.0177
17.4150,49.7851,0.0176
17.4650,49.7851,0.0182
17.5150,49.7851,0.0182
17.5650,49.7851,0.0186
17.6150,49.7851,0.0190
17.6650,49.7851,0.0190
17.7150,49.7851,0.0197
17.7650,49.7851,0.0203
17.8150,49.7851,0.0204
17.8650,49.7851,0.0210
17.9150,49.7851,0.0210
17.9650,49.7851,0.0215
18.0150,49.7851,0.0222
18.0650,49.7851,0.0222
18.1150,49.7851,0.0228
18.1650,49.7851,0.0228
18.2150,49.7851,0.0230
18.2650,49.7851,0.0236
18.3150,49.7851,0.0236
18.3650,49.7851,0.0241
18.4150,49.7851,0.0241
18.4650,49.7851,0.0247
18.5150,49.7851,0.0246
18.5650,49.7851,0.0246
18.6150,49.7851,0.0253
18.6650,49.7851,0.0248
18.7150,49.7851,0.0261
18.7650,49.7851,0.0255
18.8150,49.7851,0.0260
12.1150,49.7351,0.0196
12.1650,49.7351,0.0196
12.2150,49.7351,0.0197
12.2650,49.7351,0.0197
12.3150,49.7351,0.0195
12.3650,49.7351,0.0212
12.4150,49.7351,0.0189
12.4650,49.7351,0.0207
12.5150,49.7351,0.0196
12.5650,49.7351,0.0196
12.6150,49.7351,0.0186
12.6650,49.7351,0.0186
12.7150,49.7351,0.0178
12.7650,49.7351,0.0181
12.8150,49.7351,0.0169
12.8650,49.7351,0.0170
12.9150,49.7351,0.0159
12.9650,49.7351,0.0159
13.0150,49.7351,0.0147
13.0650,49.7351,0.0147
13.1150,49.7351,0.0147
13.1650,49.7351,0.0141
13.2150,49.7351,0.0141
13.2650,49.7351,0.0134
13.3150,49.7351,0.0134
13.3650,49.7351,0.0128
13.4150,49.7351,0.0127
13.4650,49.7351,0.0121
13.5150,49.7351,0.0121
13.5650,49.7351,0.0114
13.6150,49.7351,0.0114
13.6650,49.7351,0.0110
13.7150,49.7351,0.0110
13.7650,49.7351,0.0107
13.8150,49.7351,0.0106
13.8650,49.7351,0.0106
13.9150,49.7351,0.0103
13.9650,49.7351,0.0103
14.0150,49.7351,0.0101
14.0650,49.7351,0.0100
14.1150,49.7351,0.0099
14.1650,49.7351,0.0098
14.2150,49.7351,0.0096
14.2650,49.7351,0.0096
14.3150,49.7351,0.0095
14.3650,49.7351,0.0095
14.4150,49.7351,0.0095
14.4650,49.7351,0.0094
14.5150,49.7351,0.0094
14.5650,49.7351,0.0094
14.6150,49.7351,0.0094
14.6650,49.7351,0.0094
14.7150,49.7351,0.0093
14.7650,49.7351,0.0095
14.8150,49.7351,0.0094
14.8650,49.7351,0.0094
14.9150,49.7351,0.0094
14.9650,49.7351,0.0096
15.0150,49.7351,0.0096
15.0650,49.7351,0.0096
15.1150,49.7351,0.0097
15.1650,49.7351,0.0097
15.2150,49.7351,0.0098
15.2650,49.7351,0.0098
15.3150,49.7351,0.0099
15.3650,49.7351,0.0099
15.4150,49.7351,0.0100
15.4650,49.7351,0.0100
15.5150,49.7351,0.0102
15.5650,49.7351,0.0102
15.6150,49.7351,0.0102
15.6650,49.7351,0.0103
15.7150,49.7351,0.0103
15.7650,49.7351,0.0105
15.8150,49.7351,0.0105
15.8650,49.7351,0.0106
15.9150,49.7351,0.0106
15.9650,49.7351,0.0107
16.0150,49.7351,0.0108
16.0650,49.7351,0.0108
16.1150,49.7351,0.0109
16.1650,49.7351,0.0110
16.2150,49.7351,0.0111
16.2650,49.7351,0.0113
16.3150,49.7351,0.0115
16.3650,49.7351,0.0116
16.4150,49.7351,0.0120
16.4650,49.7351,0.0120
16.5150,49.7351,0.0123
16.5650,49.7351,0.0127
16.6150,49.7351,0.0127
16.6650,49.7351,0.0131
16.7150,49.7351,0.0131
16.7650,49.7351,0.0135
16.8150,49.7351,0.0139
16.8650,49.7351,0.0139
16.9150,49.7351,0.0142
16.9650,49.7351,0.0142
17.0150,49.7351,0.0145
17.0650,49.7351,0.0153
17.1150,49.7351,0.0150
17.1650,49.7351,0.0157
17.2150,49.7351,0.0162
17.2650,49.7351,0.0162
17.3150,49.7351,0.0168
17.3650,49.7351,0.0168
17.4150,49.7351,0.0175
17.4650,49.7351,0.0180
17.5150,49.7351,0.0180
17.5650,49.7351,0.0185
17.6150,49.7351,0.0185
17.6650,49.7351,0.0189
17.7150,49.7351,0.0196
17.7650,49.7351,0.0196
17.8150,49.7351,0.0203
17.8650,49.7351,0.0206
17.9150,49.7351,0.0210
17.9650,49.7351,0.0217
18.0150,49.7351,0.0217
18.0650,49.7351,0.0225
18.1150,49.7351,0.0230
18.1650,49.7351,0.0232
18.2150,49.7351,0.0235
18.2650,49.7351,0.0240
18.3150,49.7351,0.0241
18.3650,49.7351,0.0246
18.4150,49.7351,0.0246
18.4650,49.7351,0.0247
18.5150,49.7351,0.0255
18.5650,49.7351,0.0255
18.6150,49.7351,0.0265
18.6650,49.7351,0.0265
18.7150,49.7351,0.0273
18.7650,49.7351,0.0270
18.8150,49.7351,0.0270
12.1150,49.6851,0.0171
12.1650,49.6851,0.0181
12.2150,49.6851,0.0182
12.2650,49.6851,0.0182
12.3150,49.6851,0.0181
12.3650,49.6851,0.0186
12.4150,49.6851,0.0178
12.4650,49.6851,0.0186
12.5150,49.6851,0.0180
12.5650,49.6851,0.0181
12.6150,49.6851,0.0175
12.6650,49.6851,0.0175
12.7150,49.6851,0.0168
12.7650,49.6851,0.0167
12.8150,49.6851,0.0169
12.8650,49.6851,0.0158
12.9150,49.6851,0.0158
12.9650,49.6851,0.0147
13.0150,49.6851,0.0147
13.0650,49.6851,0.0140
13.1150,49.6851,0.0140
13.1650,49.6851,0.0134
13.2150,49.6851,0.0134
13.2650,49.6851,0.0128
13.3150,49.6851,0.0128
13.3650,49.6851,0.0122
13.4150,49.6851,0.0122
13.4650,49.6851,0.0117
13.5150,49.6851,0.0115
13.5650,49.6851,0.0115
13.6150,49.6851,0.0110
13.6650,49.6851,0.0109
13.7150,49.6851,0.0107
13.7650,49.6851,0.0107
13.8150,49.6851,0.0105
13.8650,49.6851,0.0104
13.9150,49.6851,0.0102
13.9650,49.6851,0.0102
14.0150,49.6851,0.0100
14.0650,49.6851,0.0100
14.1150,49.6851,0.0098
14.1650,49.6851,0.0097
14.2150,49.6851,0.0097
14.2650,49.6851,0.0096
14.3150,49.6851,0.0096
14.3650,49.6851,0.0096
14.4150,49.6851,0.0095
14.4650,49.6851,0.0095
14.5150,49.6851,0.0095
14.5650,49.6851,0.0095
14.6150,49.6851,0.0095
14.6650,49.6851,0.0095
14.7150,49.6851,0.0095
14.7650,49.6851,0.0095
14.8150,49.6851,0.0095
14.8650,49.6851,0.0095
14.9150,49.6851,0.0096
14.9650,49.6851,0.0096
15.0150,49.6851,0.0097
15.0650,49.6851,0.0097
15.1150,49.6851,0.0098
15.1650,49.6851,0.0098
15.2150,49.6851,0.0099
15.2650,49.6851,0.0099
15.3150,49.6851,0.0100
15.3650,49.6851,0.0100
15.4150,49.6851,0.0100
15.4650,49.6851,0.0101
15.5150,49.6851,0.0101
15.5650,49.6851,0.0103
15.6150,49.6851,0.0103
15.6650,49.6851,0.0104
15.7150,49.6851,0.0104
15.7650,49.6851,0.0105
15.8150,49.6851,0.0106
15.8650,49.6851,0.0107
15.9150,49.6851,0.0107
15.9650,49.6851,0.0107
16.0150,49.6851,0.0109
16.0650,49.6851,0.0109
16.1150,49.6851,0.0110
16.1650,49.6851,0.0110
16.2150,49.6851,0.0113
16.2650,49.6851,0.0115
16.3150,49.6851,0.0115
16.3650,49.6851,0.0118
16.4150,49.6851,0.0118
16.4650,49.6851,0.0122
16.5150,49.6851,0.0124
16.5650,49.6851,0.0125
16.6150,49.6851,0.0127
16.6650,49.6851,0.0131
16.7150,49.6851,0.0131
16.7650,49.6851,0.0135
16.8150,49.6851,0.0135
16.8650,49.6851,0.0138
16.9150,49.6851,0.0141
16.9650,49.6851,0.0141
17.0150,49.6851,0.0144
17.0650,49.6851,0.0144
17.1150,49.6851,0.0150
17.1650,49.6851,0.0155
17.2150,49.6851,0.0155
17.2650,49.6851,0.0161
17.3150,49.6851,0.0165
17.3650,49.6851,0.0167
17.4150,49.6851,0.0174
17.4650,49.6851,0.0173
17.5150,49.6851,0.0179
17.5650,49.6851,0.0184
17.6150,49.6851,0.0183
17.6650,49.6851,0.0188
17.7150,49.6851,0.0192
17.7650,49.6851,0.0194
17.8150,49.6851,0.0202
17.8650,49.6851,0.0202
17.9150,49.6851,0.0210
17.9650,49.6851,0.0219
18.0150,49.6851,0.0219
18.0650,49.6851,0.0228
18.1150,49.6851,0.0228
18.1650,49.6851,0.0236
18.2150,49.6851,0.0240
18.2650,49.6851,0.0240
18.3150,49.6851,0.0246
18.3650,49.6851,0.0246
18.4150,49.6851,0.0256
18.4650,49.6851,0.0257
18.5150,49.6851,0.0265
18.5650,49.6851,0.0268
18.6150,49.6851,0.0277
18.6650,49.6851,0.0278
18.7150,49.6851,0.0274
18.7650,49.6851,0.0288
18.8150,49.6851,0.0284
12.1150,49.6351,0.0167
12.1650,49.6351,0.0171
12.2150,49.6351,0.0171
12.2650,49.6351,0.0171
12.3150,49.6351,0.0172
12.3650,49.6351,0.0170
12.4150,49.6351,0.0178
12.4650,49.6351,0.0174
12.5150,49.6351,0.0175
12.5650,49.6351,0.0170
12.6150,49.6351,0.0170
12.6650,49.6351,0.0163
12.7150,49.6351,0.0167
12.7650,49.6351,0.0155
12.8150,49.6351,0.0156
12.8650,49.6351,0.0146
12.9150,49.6351,0.0145
12.9650,49.6351,0.0139
13.0150,49.6351,0.0139
13.0650,49.6351,0.0133
13.1150,49.6351,0.0134
13.1650,49.6351,0.0134
13.2150,49.6351,0.0128
13.2650,49.6351,0.0128
13.3150,49.6351,0.0122
13.3650,49.6351,0.0121
13.4150,49.6351,0.0116
13.4650,49.6351,0.0115
13.5150,49.6351,0.0111
13.5650,49.6351,0.0110
13.6150,49.6351,0.0108
13.6650,49.6351,0.0108
13.7150,49.6351,0.0105
13.7650,49.6351,0.0105
13.8150,49.6351,0.0103
13.8650,49.6351,0.0102
13.9150,49.6351,0.0102
13.9650,49.6351,0.0101
14.0150,49.6351,0.0099
14.0650,49.6351,0.0099
14.1150,49.6351,0.0098
14.1650,49.6351,0.0097
14.2150,49.6351,0.0097
14.2650,49.6351,0.0096
14.3150,49.6351,0.0096
14.3650,49.6351,0.0096
14.4150,49.6351,0.0095
14.4650,49.6351,0.0096
14.5150,49.6351,0.0096
14.5650,49.6351,0.0096
14.6150,49.6351,0.0096
14.6650,49.6351,0.0095
14.7150,49.6351,0.0096
14.7650,49.6351,0.0096
14.8150,49.6351,0.0097
14.8650,49.6351,0.0097
14.9150,49.6351,0.0098
14.9650,49.6351,0.0098
15.0150,49.6351,0.0099
15.0650,49.6351,0.0098
15.1150,49.6351,0.0098
15.1650,49.6351,0.0099
15.2150,49.6351,0.0099
15.2650,49.6351,0.0101
15.3150,49.6351,0.0100
15.3650,49.6351,0.0102
15.4150,49.6351,0.0102
15.4650,49.6351,0.0103
15.5150,49.6351,0.0103
15.5650,49.6351,0.0105
15.6150,49.6351,0.0105
15.6650,49.6351,0.0104
15.7150,49.6351,0.0106
15.7650,49.6351,0.0106
15.8150,49.6351,0.0107
15.8650,49.6351,0.0107
15.9150,49.6351,0.0109
15.9650,49.6351,0.0109
16.0150,49.6351,0.0110
16.0650,49.6351,0.0110
16.1150,49.6351,0.0112
16.1650,49.6351,0.0112
16.2150,49.6351,0.0113
16.2650,49.6351,0.0116
16.3150,49.6351,0.0117
16.3650,49.6351,0.0120
16.4150,49.6351,0.0120
16.4650,49.6351,0.0124
16.5150,49.6351,0.0124
16.5650,49.6351,0.0125
16.6150,49.6351,0.0129
16.6650,49.6351,0.0129
16.7150,49.6351,0.0133
16.7650,49.6351,0.0134
16.8150,49.6351,0.0136
16.8650,49.6351,0.0138
16.9150,49.6351,0.0138
16.9650,49.6351,0.0142
17.0150,49.6351,0.0145
17.0650,49.6351,0.0145
17.1150,49.6351,0.0149
17.1650,49.6351,0.0155
17.2150,49.6351,0.0156
17.2650,49.6351,0.0162
17.3150,49.6351,0.0162
17.3650,49.6351,0.0168
17.4150,49.6351,0.0173
17.4650,49.6351,0.0173
17.5150,49.6351,0.0178
17.5650,49.6351,0.0178
17.6150,49.6351,0.0184
17.6650,49.6351,0.0188
17.7150,49.6351,0.0188
17.7650,49.6351,0.0194
17.8150,49.6351,0.0195
17.8650,49.6351,0.0204
17.9150,49.6351,0.0211
17.9650,49.6351,0.0215
18.0150,49.6351,0.0221
18.0650,49.6351,0.0231
18.1150,49.6351,0.0231
18.1650,49.6351,0.0236
18.2150,49.6351,0.0240
18.2650,49.6351,0.0243
18.3150,49.6351,0.0251
18.3650,49.6351,0.0251
18.4150,49.6351,0.0264
18.4650,49.6351,0.0267
18.5150,49.6351,0.0267
18.5650,49.6351,0.0277
18.6150,49.6351,0.0277
18.6650,49.6351,0.0289
18.7150,49.6351,0.0289
18.7650,49.6351,0.0291
18.8150,49.6351,0.0299
12.1150,49.5851,0.0160
12.1650,49.5851,0.0160
12.2150,49.5851,0.0160
12.2650,49.5851,0.0160
12.3150,49.5851,0.0160
12.3650,49.5851,0.0158
12.4150,49.5851,0.0167
12.4650,49.5851,0.0156
12.5150,49.5851,0.0164
12.5650,49.5851,0.0159
12.6150,49.5851,0.0159
12.6650,49.5851,0.0152
12.7150,49.5851,0.0152
12.7650,49.5851,0.0152
12.8150,49.5851,0.0145
12.8650,49.5851,0.0145
12.9150,49.5851,0.0139
12.9650,49.5851,0.0139
13.0150,49.5851,0.0133
13.0650,49.5851,0.0133
13.1150,49.5851,0.0127
13.1650,49.5851,0.0127
13.2150,49.5851,0.0122
13.2650,49.5851,0.0122
13.3150,49.5851,0.0117
13.3650,49.5851,0.0117
13.4150,49.5851,0.0111
13.4650,49.5851,0.0111
13.5150,49.5851,0.0111
13.5650,49.5851,0.0108
13.6150,49.5851,0.0108
13.6650,49.5851,0.0106
13.7150,49.5851,0.0105
13.7650,49.5851,0.0104
13.8150,49.5851,0.0103
13.8650,49.5851,0.0102
13.9150,49.5851,0.0102
13.9650,49.5851,0.0100
14.0150,49.5851,0.0100
14.0650,49.5851,0.0099
14.1150,49.5851,0.0098
14.1650,49.5851,0.0098
14.2150,49.5851,0.0098
14.2650,49.5851,0.0098
14.3150,49.5851,0.0097
14.3650,49.5851,0.0096
14.4150,49.5851,0.0098
14.4650,49.5851,0.0097
14.5150,49.5851,0.0097
14.5650,49.5851,0.0097
14.6150,49.5851,0.0098
14.6650,49.5851,0.0098
14.7150,49.5851,0.0098
14.7650,49.5851,0.0097
14.8150,49.5851,0.0097
14.8650,49.5851,0.0098
14.9150,49.5851,0.0098
14.9650,49.5851,0.0100
15.0150,49.5851,0.0099
15.0650,49.5851,0.0101
15.1150,49.5851,0.0100
15.1650,49.5851,0.0101
15.2150,49.5851,0.0101
15.2650,49.5851,0.0103
15.3150,49.5851,0.0103
15.3650,49.5851,0.0103
15.4150,49.5851,0.0103
15.4650,49.5851,0.0103
15.5150,49.5851,0.0105
15.5650,49.5851,0.0105
15.6150,49.5851,0.0106
15.6650,49.5851,0.0106
15.7150,49.5851,0.0108
15.7650,49.5851,0.0107
15.8150,49.5851,0.0109
15.8650,49.5851,0.0109
15.9150,49.5851,0.0110
15.9650,49.5851,0.0111
16.0150,49.5851,0.0110
16.0650,49.5851,0.0112
16.1150,49.5851,0.0112
16.1650,49.5851,0.0116
16.2150,49.5851,0.0116
16.2650,49.5851,0.0120
16.3150,49.5851,0.0120
16.3650,49.5851,0.0120
16.4150,49.5851,0.0123
16.4650,49.5851,0.0124
16.5150,49.5851,0.0127
16.5650,49.5851,0.0128
16.6150,49.5851,0.0131
16.6650,49.5851,0.0131
16.7150,49.5851,0.0135
16.7650,49.5851,0.0135
16.8150,49.5851,0.0136
16.8650,49.5851,0.0140
16.9150,49.5851,0.0140
16.9650,49.5851,0.0144
17.0150,49.5851,0.0144
17.0650,49.5851,0.0150
17.1150,49.5851,0.0152
17.1650,49.5851,0.0152
17.2150,49.5851,0.0159
17.2650,49.5851,0.0159
17.3150,49.5851,0.0166
17.3650,49.5851,0.0169
17.4150,49.5851,0.0172
17.4650,49.5851,0.0175
17.5150,49.5851,0.0181
17.5650,49.5851,0.0181
17.6150,49.5851,0.0184
17.6650,49.5851,0.0187
17.7150,49.5851,0.0189
17.7650,49.5851,0.0200
17.8150,49.5851,0.0200
17.8650,49.5851,0.0211
17.9150,49.5851,0.0215
17.9650,49.5851,0.0215
18.0150,49.5851,0.0226
18.0650,49.5851,0.0226
18.1150,49.5851,0.0235
18.1650,49.5851,0.0239
18.2150,49.5851,0.0244
18.2650,49.5851,0.0247
18.3150,49.5851,0.0249
18.3650,49.5851,0.0260
18.4150,49.5851,0.0264
18.4650,49.5851,0.0274
18.5150,49.5851,0.0276
18.5650,49.5851,0.0288
18.6150,49.5851,0.0288
18.6650,49.5851,0.0301
18.7150,49.5851,0.0302
18.7650,49.5851,0.0302
18.8150,49.5851,0.0314
12.1150,49.5351,0.0151
12.1650,49.5351,0.0150
12.2150,49.5351,0.0150
12.2650,49.5351,0.0149
12.3150,49.5351,0.0148
12.3650,49.5351,0.0154
12.4150,49.5351,0.0146
12.4650,49.5351,0.0156
12.5150,49.5351,0.0152
12.5650,49.5351,0.0152
12.6150,49.5351,0.0147
12.6650,49.5351,0.0147
12.7150,49.5351,0.0142
12.7650,49.5351,0.0144
12.8150,49.5351,0.0138
12.8650,49.5351,0.0138
12.9150,49.5351,0.0132
12.9650,49.5351,0.0132
13.0150,49.5351,0.0127
13.0650,49.5351,0.0127
13.1150,49.5351,0.0122
13.1650,49.5351,0.0121
13.2150,49.5351,0.0121
13.2650,49.5351,0.0117
13.3150,49.5351,0.0116
13.3650,49.5351,0.0111
13.4150,49.5351,0.0111
13.4650,49.5351,0.0109
13.5150,49.5351,0.0109
13.5650,49.5351,0.0107
13.6150,49.5351,0.0107
13.6650,49.5351,0.0105
13.7150,49.5351,0.0105
13.7650,49.5351,0.0103
13.8150,49.5351,0.0102
13.8650,49.5351,0.0102
13.9150,49.5351,0.0101
13.9650,49.5351,0.0101
14.0150,49.5351,0.0100
14.0650,49.5351,0.0099
14.1150,49.5351,0.0100
14.1650,49.5351,0.0099
14.2150,49.5351,0.0099
14.2650,49.5351,0.0099
14.3150,49.5351,0.0099
14.3650,49.5351,0.0099
14.4150,49.5351,0.0100
14.4650,49.5351,0.0098
14.5150,49.5351,0.0099
14.5650,49.5351,0.0099
14.6150,49.5351,0.0100
14.6650,49.5351,0.0100
14.7150,49.5351,0.0098
14.7650,49.5351,0.0101
14.8150,49.5351,0.0100
14.8650,49.5351,0.0101
14.9150,49.5351,0.0101
14.9650,49.5351,0.0102
15.0150,49.5351,0.0102
15.0650,49.5351,0.0103
15.1150,49.5351,0.0102
15.1650,49.5351,0.0102
15.2150,49.5351,0.0104
15.2650,49.5351,0.0103
15.3150,49.5351,0.0105
15.3650,49.5351,0.0104
15.4150,49.5351,0.0106
15.4650,49.5351,0.0105
15.5150,49.5351,0.0107
15.5650,49.5351,0.0107
15.6150,49.5351,0.0108
15.6650,49.5351,0.0108
15.7150,49.5351,0.0108
15.7650,49.5351,0.0109
15.8150,49.5351,0.0109
15.8650,49.5351,0.0111
15.9150,49.5351,0.0111
15.9650,49.5351,0.0114
16.0150,49.5351,0.0113
16.0650,49.5351,0.0115
16.1150,49.5351,0.0117
16.1650,49.5351,0.0120
16.2150,49.5351,0.0120
16.2650,49.5351,0.0120
16.3150,49.5351,0.0123
16.3650,49.5351,0.0123
16.4150,49.5351,0.0127
16.4650,49.5351,0.0127
16.5150,49.5351,0.0131
16.5650,49.5351,0.0131
16.6150,49.5351,0.0131
16.6650,49.5351,0.0135
16.7150,49.5351,0.0135
16.7650,49.5351,0.0139
16.8150,49.5351,0.0139
16.8650,49.5351,0.0143
16.9150,49.5351,0.0143
16.9650,49.5351,0.0148
17.0150,49.5351,0.0148
17.0650,49.5351,0.0150
17.1150,49.5351,0.0156
17.1650,49.5351,0.0157
17.2150,49.5351,0.0164
17.2650,49.5351,0.0164
17.3150,49.5351,0.0171
17.3650,49.5351,0.0172
17.4150,49.5351,0.0172
17.4650,49.5351,0.0179
17.5150,49.5351,0.0179
17.5650,49.5351,0.0185
17.6150,49.5351,0.0186
17.6650,49.5351,0.0193
17.7150,49.5351,0.0196
17.7650,49.5351,0.0200
17.8150,49.5351,0.0207
17.8650,49.5351,0.0212
17.9150,49.5351,0.0218
17.9650,49.5351,0.0221
18.0150,49.5351,0.0231
18.0650,49.5351,0.0231
18.1150,49.5351,0.0242
18.1650,49.5351,0.0242
18.2150,49.5351,0.0244
18.2650,49.5351,0.0257
18.3150,49.5351,0.0257
18.3650,49.5351,0.0273
18.4150,49.5351,0.0273
18.4650,49.5351,0.0288
18.5150,49.5351,0.0288
18.5650,49.5351,0.0288
18.6150,49.5351,0.0304
18.6650,49.5351,0.0302
18.7150,49.5351,0.0320
18.7650,49.5351,0.0317
18.8150,49.5351,0.0327
12.1150,49.4851,0.0140
12.1650,49.4851,0.0143
12.2150,49.4851,0.0142
12.2650,49.4851,0.0142
12.3150,49.4851,0.0142
12.3650,49.4851,0.0144
12.4150,49.4851,0.0141
12.4650,49.4851,0.0145
12.5150,49.4851,0.0140
12.5650,49.4851,0.0143
12.6150,49.4851,0.0140
12.6650,49.4851,0.0140
12.7150,49.4851,0.0137
12.7650,49.4851,0.0137
12.8150,49.4851,0.0138
12.8650,49.4851,0.0132
12.9150,49.4851,0.0132
12.9650,49.4851,0.0127
13.0150,49.4851,0.0126
13.0650,49.4851,0.0122
13.1150,49.4851,0.0121
13.1650,49.4851,0.0117
13.2150,49.4851,0.0116
13.2650,49.4851,0.0112
13.3150,49.4851,0.0112
13.3650,49.4851,0.0110
13.4150,49.4851,0.0110
13.4650,49.4851,0.0108
13.5150,49.4851,0.0107
13.5650,49.4851,0.0107
13.6150,49.4851,0.0106
13.6650,49.4851,0.0104
13.7150,49.4851,0.0104
13.7650,49.4851,0.0103
13.8150,49.4851,0.0103
13.8650,49.4851,0.0102
13.9150,49.4851,0.0102
13.9650,49.4851,0.0102
14.0150,49.4851,0.0102
14.0650,49.4851,0.0101
14.1150,49.4851,0.0102
14.1650,49.4851,0.0100
14.2150,49.4851,0.0100
14.2650,49.4851,0.0101
14.3150,49.4851,0.0101
14.3650,49.4851,0.0101
14.4150,49.4851,0.0100
14.4650,49.4851,0.0101
14.5150,49.4851,0.0100
14.5650,49.4851,0.0101
14.6150,49.4851,0.0101
14.6650,49.4851,0.0103
14.7150,49.4851,0.0101
14.7650,49.4851,0.0104
14.8150,49.4851,0.0102
14.8650,49.4851,0.0102
14.9150,49.4851,0.0103
14.9650,49.4851,0.0104
15.0150,49.4851,0.0105
15.0650,49.4851,0.0103
15.1150,49.4851,0.0105
15.1650,49.4851,0.0105
15.2150,49.4851,0.0106
15.2650,49.4851,0.0106
15.3150,49.4851,0.0107
15.3650,49.4851,0.0106
15.4150,49.4851,0.0106
15.4650,49.4851,0.0108
15.5150,49.4851,0.0108
15.5650,49.4851,0.0109
15.6150,49.4851,0.0108
15.6650,49.4851,0.0111
15.7150,49.4851,0.0110
15.7650,49.4851,0.0112
15.8150,49.4851,0.0112
15.8650,49.4851,0.0115
15.9150,49.4851,0.0115
15.9650,49.4851,0.0114
16.0150,49.4851,0.0117
16.0650,49.4851,0.0117
16.1150,49.4851,0.0121
16.1650,49.4851,0.0121
16.2150,49.4851,0.0125
16.2650,49.4851,0.0124
16.3150,49.4851,0.0126
16.3650,49.4851,0.0128
16.4150,49.4851,0.0131
16.4650,49.4851,0.0131
16.5150,49.4851,0.0131
16.5650,49.4851,0.0135
16.6150,49.4851,0.0135
16.6650,49.4851,0.0139
16.7150,49.4851,0.0139
16.7650,49.4851,0.0143
16.8150,49.4851,0.0143
16.8650,49.4851,0.0143
16.9150,49.4851,0.0148
16.9650,49.4851,0.0148
17.0150,49.4851,0.0156
17.0650,49.4851,0.0156
17.1150,49.4851,0.0163
17.1650,49.4851,0.0163
17.2150,49.4851,0.0165
17.2650,49.4851,0.0170
17.3150,49.4851,0.0172
17.3650,49.4851,0.0177
17.4150,49.4851,0.0177
17.4650,49.4851,0.0184
17.5150,49.4851,0.0184
17.5650,49.4851,0.0192
17.6150,49.4851,0.0192
17.6650,49.4851,0.0193
17.7150,49.4851,0.0205
17.7650,49.4851,0.0205
17.8150,49.4851,0.0217
17.8650,49.4851,0.0217
17.9150,49.4851,0.0229
17.9650,49.4851,0.0230
18.0150,49.4851,0.0230
18.0650,49.4851,0.0240
18.1150,49.4851,0.0242
18.1650,49.4851,0.0254
18.2150,49.4851,0.0255
18.2650,49.4851,0.0271
18.3150,49.4851,0.0274
18.3650,49.4851,0.0292
18.4150,49.4851,0.0292
18.4650,49.4851,0.0289
18.5150,49.4851,0.0307
18.5650,49.4851,0.0306
18.6150,49.4851,0.0327
18.6650,49.4851,0.0327
18.7150,49.4851,0.0324
18.7650,49.4851,0.0350
18.8150,49.4851,0.0350
12.1150,49.4351,0.0137
12.1650,49.4351,0.0139
12.2150,49.4351,0.0139
12.2650,49.4351,0.0138
12.3150,49.4351,0.0137
12.3650,49.4351,0.0137
12.4150,49.4351,0.0140
12.4650,49.4351,0.0139
12.5150,49.4351,0.0139
12.5650,49.4351,0.0138
12.6150,49.4351,0.0138
12.6650,49.4351,0.0135
12.7150,49.4351,0.0137
12.7650,49.4351,0.0132
12.8150,49.4351,0.0133
12.8650,49.4351,0.0128
12.9150,49.4351,0.0128
12.9650,49.4351,0.0123
13.0150,49.4351,0.0123
13.0650,49.4351,0.0118
13.1150,49.4351,0.0117
13.1650,49.4351,0.0116
13.2150,49.4351,0.0112
13.2650,49.4351,0.0112
13.3150,49.4351,0.0110
13.3650,49.4351,0.0109
13.4150,49.4351,0.0108
13.4650,49.4351,0.0108
13.5150,49.4351,0.0106
13.5650,49.4351,0.0106
13.6150,49.4351,0.0105
13.6650,49.4351,0.0105
13.7150,49.4351,0.0104
13.7650,49.4351,0.0103
13.8150,49.4351,0.0104
13.8650,49.4351,0.0103
13.9150,49.4351,0.0103
13.9650,49.4351,0.0103
14.0150,49.4351,0.0103
14.0650,49.4351,0.0103
14.1150,49.4351,0.0102
14.1650,49.4351,0.0102
14.2150,49.4351,0.0102
14.2650,49.4351,0.0103
14.3150,49.4351,0.0103
14.3650,49.4351,0.0104
14.4150,49.4351,0.0102
14.4650,49.4351,0.0105
14.5150,49.4351,0.0103
14.5650,49.4351,0.0104
14.6150,49.4351,0.0104
14.6650,49.4351,0.0105
14.7150,49.4351,0.0106
14.7650,49.4351,0.0104
14.8150,49.4351,0.0105
14.8650,49.4351,0.0105
14.9150,49.4351,0.0106
14.9650,49.4351,0.0106
15.0150,49.4351,0.0108
15.0650,49.4351,0.0106
15.1150,49.4351,0.0107
15.1650,49.4351,0.0107
15.2150,49.4351,0.0108
15.2650,49.4351,0.0109
15.3150,49.4351,0.0107
15.3650,49.4351,0.0110
15.4150,49.4351,0.0109
15.4650,49.4351,0.0110
15.5150,49.4351,0.0110
15.5650,49.4351,0.0112
15.6150,49.4351,0.0112
15.6650,49.4351,0.0115
15.7150,49.4351,0.0113
15.7650,49.4351,0.0113
15.8150,49.4351,0.0117
15.8650,49.4351,0.0116
15.9150,49.4351,0.0120
15.9650,49.4351,0.0119
16.0150,49.4351,0.0124
16.0650,49.4351,0.0122
16.1150,49.4351,0.0126
16.1650,49.4351,0.0126
16.2150,49.4351,0.0127
16.2650,49.4351,0.0129
16.3150,49.4351,0.0128
16.3650,49.4351,0.0132
16.4150,49.4351,0.0132
16.4650,49.4351,0.0136
16.5150,49.4351,0.0135
16.5650,49.4351,0.0140
16.6150,49.4351,0.0140
16.6650,49.4351,0.0140
16.7150,49.4351,0.0144
16.7650,49.4351,0.0143
16.8150,49.4351,0.0150
16.8650,49.4351,0.0149
16.9150,49.4351,0.0156
16.9650,49.4351,0.0156
17.0150,49.4351,0.0164
17.0650,49.4351,0.0164
17.1150,49.4351,0.0163
17.1650,49.4351,0.0170
17.2150,49.4351,0.0170
17.2650,49.4351,0.0178
17.3150,49.4351,0.0178
17.3650,49.4351,0.0185
17.4150,49.4351,0.0184
17.4650,49.4351,0.0184
17.5150,49.4351,0.0192
17.5650,49.4351,0.0194
17.6150,49.4351,0.0205
17.6650,49.4351,0.0205
17.7150,49.4351,0.0216
17.7650,49.4351,0.0216
17.8150,49.4351,0.0228
17.8650,49.4351,0.0228
17.9150,49.4351,0.0229
17.9650,49.4351,0.0240
18.0150,49.4351,0.0240
18.0650,49.4351,0.0253
18.1150,49.4351,0.0253
18.1650,49.4351,0.0275
18.2150,49.4351,0.0274
18.2650,49.4351,0.0274
18.3150,49.4351,0.0295
18.3650,49.4351,0.0295
18.4150,49.4351,0.0315
18.4650,49.4351,0.0311
18.5150,49.4351,0.0318
18.5650,49.4351,0.0339
18.6150,49.4351,0.0370
18.6650,49.4351,0.0383
18.7150,49.4351,0.0365
18.7650,49.4351,0.0414
18.8150,49.4351,0.0402
12.1150,49.3851,0.0137
12.1650,49.3851,0.0135
12.2150,49.3851,0.0135
12.2650,49.3851,0.0133
12.3150,49.3851,0.0133
12.3650,49.3851,0.0132
12.4150,49.3851,0.0135
12.4650,49.3851,0.0131
12.5150,49.3851,0.0134
12.5650,49.3851,0.0133
12.6150,49.3851,0.0133
12.6650,49.3851,0.0131
12.7150,49.3851,0.0131
12.7650,49.3851,0.0128
12.8150,49.3851,0.0128
12.8650,49.3851,0.0128
12.9150,49.3851,0.0123
12.9650,49.3851,0.0123
13.0150,49.3851,0.0119
13.0650,49.3851,0.0118
13.1150,49.3851,0.0116
13.1650,49.3851,0.0114
13.2150,49.3851,0.0111
13.2650,49.3851,0.0111
13.3150,49.3851,0.0109
13.3650,49.3851,0.0109
13.4150,49.3851,0.0108
13.4650,49.3851,0.0107
13.5150,49.3851,0.0107
13.5650,49.3851,0.0106
13.6150,49.3851,0.0105
13.6650,49.3851,0.0105
13.7150,49.3851,0.0105
13.7650,49.3851,0.0105
13.8150,49.3851,0.0104
13.8650,49.3851,0.0104
13.9150,49.3851,0.0104
13.9650,49.3851,0.0105
14.0150,49.3851,0.0105
14.0650,49.3851,0.0105
14.1150,49.3851,0.0104
14.1650,49.3851,0.0106
14.2150,49.3851,0.0104
14.2650,49.3851,0.0106
14.3150,49.3851,0.0106
14.3650,49.3851,0.0107
14.4150,49.3851,0.0107
14.4650,49.3851,0.0105
14.5150,49.3851,0.0106
14.5650,49.3851,0.0106
14.6150,49.3851,0.0108
14.6650,49.3851,0.0108
14.7150,49.3851,0.0109
14.7650,49.3851,0.0107
14.8150,49.3851,0.0109
14.8650,49.3851,0.0108
14.9150,49.3851,0.0109
14.9650,49.3851,0.0109
15.0150,49.3851,0.0108
15.0650,49.3851,0.0111
15.1150,49.3851,0.0109
15.1650,49.3851,0.0110
15.2150,49.3851,0.0110
15.2650,49.3851,0.0112
15.3150,49.3851,0.0111
15.3650,49.3851,0.0115
15.4150,49.3851,0.0112
15.4650,49.3851,0.0112
15.5150,49.3851,0.0115
15.5650,49.3851,0.0116
15.6150,49.3851,0.0118
15.6650,49.3851,0.0115
15.7150,49.3851,0.0119
15.7650,49.3851,0.0119
15.8150,49.3851,0.0122
15.8650,49.3851,0.0122
15.9150,49.3851,0.0126
15.9650,49.3851,0.0124
16.0150,49.3851,0.0124
16.0650,49.3851,0.0127
16.1150,49.3851,0.0127
16.1650,49.3851,0.0131
16.2150,49.3851,0.0129
16.2650,49.3851,0.0135
16.3150,49.3851,0.0134
16.3650,49.3851,0.0138
16.4150,49.3851,0.0138
16.4650,49.3851,0.0141
16.5150,49.3851,0.0142
16.5650,49.3851,0.0140
16.6150,49.3851,0.0144
16.6650,49.3851,0.0144
16.7150,49.3851,0.0152
16.7650,49.3851,0.0152
16.8150,49.3851,0.0159
16.8650,49.3851,0.0158
16.9150,49.3851,0.0158
16.9650,49.3851,0.0166
17.0150,49.3851,0.0165
17.0650,49.3851,0.0173
17.1150,49.3851,0.0172
17.1650,49.3851,0.0179
17.2150,49.3851,0.0179
17.2650,49.3851,0.0186
17.3150,49.3851,0.0186
17.3650,49.3851,0.0185
17.4150,49.3851,0.0193
17.4650,49.3851,0.0193
17.5150,49.3851,0.0206
17.5650,49.3851,0.0206
17.6150,49.3851,0.0219
17.6650,49.3851,0.0217
17.7150,49.3851,0.0217
17.7650,49.3851,0.0229
17.8150,49.3851,0.0229
17.8650,49.3851,0.0241
17.9150,49.3851,0.0240
17.9650,49.3851,0.0253
18.0150,49.3851,0.0254
18.0650,49.3851,0.0276
18.1150,49.3851,0.0276
18.1650,49.3851,0.0276
18.2150,49.3851,0.0299
18.2650,49.3851,0.0297
18.3150,49.3851,0.0320
18.3650,49.3851,0.0320
18.4150,49.3851,0.0355
18.4650,49.3851,0.0349
18.5150,49.3851,0.0349
18.5650,49.3851,0.0395
18.6150,49.3851,0.0395
18.6650,49.3851,0.0480
18.7150,49.3851,0.0431
18.7650,49.3851,0.0432
18.8150,49.3851,0.0497
12.1150,49.3351,0.0134
12.1650,49.3351,0.0133
12.2150,49.3351,0.0132
12.2650,49.3351,0.0130
12.3150,49.3351,0.0130
12.3650,49.3351,0.0129
12.4150,49.3351,0.0128
12.4650,49.3351,0.0131
12.5150,49.3351,0.0130
12.5650,49.3351,0.0130
12.6150,49.3351,0.0129
12.6650,49.3351,0.0129
12.7150,49.3351,0.0127
12.7650,49.3351,0.0128
12.8150,49.3351,0.0125
12.8650,49.3351,0.0124
12.9150,49.3351,0.0121
12.9650,49.3351,0.0121
13.0150,49.3351,0.0118
13.0650,49.3351,0.0118
13.1150,49.3351,0.0115
13.1650,49.3351,0.0112
13.2150,49.3351,0.0112
13.2650,49.3351,0.0111
13.3150,49.3351,0.0110
13.3650,49.3351,0.0110
13.4150,49.3351,0.0108
13.4650,49.3351,0.0109
13.5150,49.3351,0.0107
13.5650,49.3351,0.0107
13.6150,49.3351,0.0107
13.6650,49.3351,0.0107
13.7150,49.3351,0.0107
13.7650,49.3351,0.0107
13.8150,49.3351,0.0105
13.8650,49.3351,0.0108
13.9150,49.3351,0.0106
13.9650,49.3351,0.0107
14.0150,49.3351,0.0107
14.0650,49.3351,0.0107
14.1150,49.3351,0.0108
14.1650,49.3351,0.0106
14.2150,49.3351,0.0107
14.2650,49.3351,0.0107
14.3150,49.3351,0.0109
14.3650,49.3351,0.0107
14.4150,49.3351,0.0110
14.4650,49.3351,0.0108
14.5150,49.3351,0.0112
14.5650,49.3351,0.0110
14.6150,49.3351,0.0111
14.6650,49.3351,0.0111
14.7150,49.3351,0.0110
14.7650,49.3351,0.0111
14.8150,49.3351,0.0110
14.8650,49.3351,0.0111
14.9150,49.3351,0.0111
14.9650,49.3351,0.0114
15.0150,49.3351,0.0111
15.0650,49.3351,0.0117
15.1150,49.3351,0.0113
15.1650,49.3351,0.0114
15.2150,49.3351,0.0116
15.2650,49.3351,0.0118
15.3150,49.3351,0.0118
15.3650,49.3351,0.0115
15.4150,49.3351,0.0118
15.4650,49.3351,0.0118
15.5150,49.3351,0.0120
15.5650,49.3351,0.0120
15.6150,49.3351,0.0123
15.6650,49.3351,0.0121
15.7150,49.3351,0.0122
15.7650,49.3351,0.0124
15.8150,49.3351,0.0125
15.8650,49.3351,0.0128
15.9150,49.3351,0.0126
15.9650,49.3351,0.0132
16.0150,49.3351,0.0129
16.0650,49.3351,0.0133
16.1150,49.3351,0.0133
16.1650,49.3351,0.0137
16.2150,49.3351,0.0137
16.2650,49.3351,0.0135
16.3150,49.3351,0.0139
16.3650,49.3351,0.0139
16.4150,49.3351,0.0143
16.4650,49.3351,0.0142
16.5150,49.3351,0.0150
16.5650,49.3351,0.0146
16.6150,49.3351,0.0149
16.6650,49.3351,0.0154
16.7150,49.3351,0.0162
16.7650,49.3351,0.0162
16.8150,49.3351,0.0160
16.8650,49.3351,0.0168
16.9150,49.3351,0.0167
16.9650,49.3351,0.0175
17.0150,49.3351,0.0175
17.0650,49.3351,0.0183
17.1150,49.3351,0.0181
17.1650,49.3351,0.0181
17.2150,49.3351,0.0188
17.2650,49.3351,0.0188
17.3150,49.3351,0.0199
17.3650,49.3351,0.0195
17.4150,49.3351,0.0210
17.4650,49.3351,0.0208
17.5150,49.3351,0.0221
17.5650,49.3351,0.0221
17.6150,49.3351,0.0219
17.6650,49.3351,0.0234
17.7150,49.3351,0.0231
17.7650,49.3351,0.0243
17.8150,49.3351,0.0243
17.8650,49.3351,0.0261
17.9150,49.3351,0.0256
17.9650,49.3351,0.0256
18.0150,49.3351,0.0278
18.0650,49.3351,0.0278
18.1150,49.3351,0.0302
18.1650,49.3351,0.0299
18.2150,49.3351,0.0314
18.2650,49.3351,0.0326
18.3150,49.3351,0.0328
18.3650,49.3351,0.0379
18.4150,49.3351,0.0364
18.4650,49.3351,0.0438
18.5150,49.3351,0.0408
18.5650,49.3351,0.0484
18.6150,49.3351,0.0484
18.6650,49.3351,0.0490
18.7150,49.3351,0.0591
18.7650,49.3351,0.0559
18.8150,49.3351,0.0632
12.1150,49.2851,0.0133
12.1650,49.2851,0.0132
12.2150,49.2851,0.0129
12.2650,49.2851,0.0129
12.3150,49.2851,0.0127
12.3650,49.2851,0.0127
12.4150,49.2851,0.0125
12.4650,49.2851,0.0127
12.5150,49.2851,0.0124
12.5650,49.2851,0.0126
12.6150,49.2851,0.0125
12.6650,49.2851,0.0125
12.7150,49.2851,0.0124
12.7650,49.2851,0.0124
12.8150,49.2851,0.0125
12.8650,49.2851,0.0122
12.9150,49.2851,0.0122
12.9650,49.2851,0.0120
13.0150,49.2851,0.0118
13.0650,49.2851,0.0118
13.1150,49.2851,0.0115
13.1650,49.2851,0.0116
13.2150,49.2851,0.0113
13.2650,49.2851,0.0111
13.3150,49.2851,0.0111
13.3650,49.2851,0.0111
13.4150,49.2851,0.0109
13.4650,49.2851,0.0110
13.5150,49.2851,0.0109
13.5650,49.2851,0.0109
13.6150,49.2851,0.0109
13.6650,49.2851,0.0109
13.7150,49.2851,0.0109
13.7650,49.2851,0.0108
13.8150,49.2851,0.0109
13.8650,49.2851,0.0108
13.9150,49.2851,0.0109
13.9650,49.2851,0.0109
14.0150,49.2851,0.0110
14.0650,49.2851,0.0108
14.1150,49.2851,0.0113
14.1650,49.2851,0.0109
14.2150,49.2851,0.0113
14.2650,49.2851,0.0111
14.3150,49.2851,0.0114
14.3650,49.2851,0.0114
14.4150,49.2851,0.0112
14.4650,49.2851,0.0113
14.5150,49.2851,0.0113
14.5650,49.2851,0.0116
14.6150,49.2851,0.0116
14.6650,49.2851,0.0118
14.7150,49.2851,0.0114
14.7650,49.2851,0.0121
14.8150,49.2851,0.0116
14.8650,49.2851,0.0119
14.9150,49.2851,0.0119
14.9650,49.2851,0.0122
15.0150,49.2851,0.0122
15.0650,49.2851,0.0117
15.1150,49.2851,0.0120
15.1650,49.2851,0.0120
15.2150,49.2851,0.0122
15.2650,49.2851,0.0122
15.3150,49.2851,0.0125
15.3650,49.2851,0.0121
15.4150,49.2851,0.0126
15.4650,49.2851,0.0124
15.5150,49.2851,0.0127
15.5650,49.2851,0.0127
15.6150,49.2851,0.0124
15.6650,49.2851,0.0130
15.7150,49.2851,0.0127
15.7650,49.2851,0.0130
15.8150,49.2851,0.0130
15.8650,49.2851,0.0134
15.9150,49.2851,0.0133
15.9650,49.2851,0.0137
16.0150,49.2851,0.0135
16.0650,49.2851,0.0135
16.1150,49.2851,0.0139
16.1650,49.2851,0.0137
16.2150,49.2851,0.0143
16.2650,49.2851,0.0141
16.3150,49.2851,0.0146
16.3650,49.2851,0.0145
16.4150,49.2851,0.0153
16.4650,49.2851,0.0153
16.5150,49.2851,0.0151
16.5650,49.2851,0.0158
16.6150,49.2851,0.0158
16.6650,49.2851,0.0165
16.7150,49.2851,0.0165
16.7650,49.2851,0.0173
16.8150,49.2851,0.0170
16.8650,49.2851,0.0174
16.9150,49.2851,0.0178
16.9650,49.2851,0.0183
17.0150,49.2851,0.0185
17.0650,49.2851,0.0183
17.1150,49.2851,0.0195
17.1650,49.2851,0.0190
17.2150,49.2851,0.0203
17.2650,49.2851,0.0203
17.3150,49.2851,0.0216
17.3650,49.2851,0.0214
17.4150,49.2851,0.0212
17.4650,49.2851,0.0226
17.5150,49.2851,0.0226
17.5650,49.2851,0.0238
17.6150,49.2851,0.0234
17.6650,49.2851,0.0249
17.7150,49.2851,0.0246
17.7650,49.2851,0.0246
17.8150,49.2851,0.0266
17.8650,49.2851,0.0261
17.9150,49.2851,0.0288
17.9650,49.2851,0.0283
18.0150,49.2851,0.0306
18.0650,49.2851,0.0306
18.1150,49.2851,0.0334
18.1650,49.2851,0.0336
18.2150,49.2851,0.0330
18.2650,49.2851,0.0384
18.3150,49.2851,0.0384
18.3650,49.2851,0.0474
18.4150,49.2851,0.0442
18.4650,49.2851,0.0443
18.5150,49.2851,0.0512
18.5650,49.2851,0.0512
18.6150,49.2851,0.0589
18.6650,49.2851,0.0594
18.7150,49.2851,0.0671
18.7650,49.2851,0.0632
18.8150,49.2851,0.0644
12.1150,49.2351,0.0132
12.1650,49.2351,0.0130
12.2150,49.2351,0.0130
12.2650,49.2351,0.0127
12.3150,49.2351,0.0125
12.3650,49.2351,0.0124
12.4150,49.2351,0.0125
12.4650,49.2351,0.0123
12.5150,49.2351,0.0124
12.5650,49.2351,0.0123
12.6150,49.2351,0.0123
12.6650,49.2351,0.0122
12.7150,49.2351,0.0124
12.7650,49.2351,0.0123
12.8150,49.2351,0.0123
12.8650,49.2351,0.0122
12.9150,49.2351,0.0122
12.9650,49.2351,0.0121
13.0150,49.2351,0.0121
13.0650,49.2351,0.0120
13.1150,49.2351,0.0116
13.1650,49.2351,0.0119
13.2150,49.2351,0.0115
13.2650,49.2351,0.0115
13.3150,49.2351,0.0114
13.3650,49.2351,0.0114
13.4150,49.2351,0.0115
13.4650,49.2351,0.0110
13.5150,49.2351,0.0111
13.5650,49.2351,0.0111
13.6150,49.2351,0.0112
13.6650,49.2351,0.0112
13.7150,49.2351,0.0114
13.7650,49.2351,0.0110
13.8150,49.2351,0.0116
13.8650,49.2351,0.0111
13.9150,49.2351,0.0114
13.9650,49.2351,0.0114
14.0150,49.2351,0.0118
14.0650,49.2351,0.0118
14.1150,49.2351,0.0113
14.1650,49.2351,0.0116
14.2150,49.2351,0.0116
14.2650,49.2351,0.0119
14.3150,49.2351,0.0119
14.3650,49.2351,0.0122
14.4150,49.2351,0.0118
14.4650,49.2351,0.0126
14.5150,49.2351,0.0120
14.5650,49.2351,0.0123
14.6150,49.2351,0.0123
14.6650,49.2351,0.0126
14.7150,49.2351,0.0126
14.7650,49.2351,0.0121
14.8150,49.2351,0.0124
14.8650,49.2351,0.0124
14.9150,49.2351,0.0126
14.9650,49.2351,0.0126
15.0150,49.2351,0.0129
15.0650,49.2351,0.0124
15.1150,49.2351,0.0131
15.1650,49.2351,0.0126
15.2150,49.2351,0.0129
15.2650,49.2351,0.0129
15.3150,49.2351,0.0128
15.3650,49.2351,0.0130
15.4150,49.2351,0.0127
15.4650,49.2351,0.0130
15.5150,49.2351,0.0130
15.5650,49.2351,0.0133
15.6150,49.2351,0.0130
15.6650,49.2351,0.0136
15.7150,49.2351,0.0133
15.7650,49.2351,0.0134
15.8150,49.2351,0.0137
15.8650,49.2351,0.0138
15.9150,49.2351,0.0140
15.9650,49.2351,0.0138
16.0150,49.2351,0.0142
16.0650,49.2351,0.0142
16.1150,49.2351,0.0146
16.1650,49.2351,0.0146
16.2150,49.2351,0.0153
16.2650,49.2351,0.0149
16.3150,49.2351,0.0149
16.3650,49.2351,0.0157
16.4150,49.2351,0.0157
16.4650,49.2351,0.0165
16.5150,49.2351,0.0161
16.5650,49.2351,0.0172
16.6150,49.2351,0.0169
16.6650,49.2351,0.0177
16.7150,49.2351,0.0177
16.7650,49.2351,0.0179
16.8150,49.2351,0.0184
16.8650,49.2351,0.0181
16.9150,49.2351,0.0188
16.9650,49.2351,0.0188
17.0150,49.2351,0.0202
17.0650,49.2351,0.0195
17.1150,49.2351,0.0206
17.1650,49.2351,0.0209
17.2150,49.2351,0.0209
17.2650,49.2351,0.0223
17.3150,49.2351,0.0216
17.3650,49.2351,0.0235
17.4150,49.2351,0.0229
17.4650,49.2351,0.0241
17.5150,49.2351,0.0241
17.5650,49.2351,0.0257
17.6150,49.2351,0.0258
17.6650,49.2351,0.0251
17.7150,49.2351,0.0272
17.7650,49.2351,0.0272
17.8150,49.2351,0.0294
17.8650,49.2351,0.0293
17.9150,49.2351,0.0307
17.9650,49.2351,0.0310
18.0150,49.2351,0.0310
18.0650,49.2351,0.0343
18.1150,49.2351,0.0336
18.1650,49.2351,0.0391
18.2150,49.2351,0.0388
18.2650,49.2351,0.0429
18.3150,49.2351,0.0467
18.3650,49.2351,0.0531
18.4150,49.2351,0.0579
18.4650,49.2351,0.0573
18.5150,49.2351,0.0649
18.5650,49.2351,0.0649
18.6150,49.2351,0.0665
18.6650,49.2351,0.0665
18.7150,49.2351,0.0671
18.7650,49.2351,0.0683
18.8150,49.2351,0.0683
12.1150,49.1851,0.0132
12.1650,49.1851,0.0129
12.2150,49.1851,0.0129
12.2650,49.1851,0.0126
12.3150,49.1851,0.0126
12.3650,49.1851,0.0122
12.4150,49.1851,0.0123
12.4650,49.1851,0.0121
12.5150,49.1851,0.0121
12.5650,49.1851,0.0121
12.6150,49.1851,0.0121
12.6650,49.1851,0.0121
12.7150,49.1851,0.0121
12.7650,49.1851,0.0123
12.8150,49.1851,0.0123
12.8650,49.1851,0.0123
12.9150,49.1851,0.0124
12.9650,49.1851,0.0124
13.0150,49.1851,0.0125
13.0650,49.1851,0.0121
13.1150,49.1851,0.0125
13.1650,49.1851,0.0120
13.2150,49.1851,0.0119
13.2650,49.1851,0.0119
13.3150,49.1851,0.0120
13.3650,49.1851,0.0120
13.4150,49.1851,0.0120
13.4650,49.1851,0.0115
13.5150,49.1851,0.0121
13.5650,49.1851,0.0116
13.6150,49.1851,0.0118
13.6650,49.1851,0.0118
13.7150,49.1851,0.0120
13.7650,49.1851,0.0120
13.8150,49.1851,0.0116
13.8650,49.1851,0.0119
13.9150,49.1851,0.0119
13.9650,49.1851,0.0122
14.0150,49.1851,0.0122
14.0650,49.1851,0.0125
14.1150,49.1851,0.0121
14.1650,49.1851,0.0129
14.2150,49.1851,0.0124
14.2650,49.1851,0.0128
14.3150,49.1851,0.0128
14.3650,49.1851,0.0131
14.4150,49.1851,0.0131
14.4650,49.1851,0.0126
14.5150,49.1851,0.0129
14.5650,49.1851,0.0129
14.6150,49.1851,0.0132
14.6650,49.1851,0.0127
14.7150,49.1851,0.0134
14.7650,49.1851,0.0129
14.8150,49.1851,0.0136
14.8650,49.1851,0.0131
14.9150,49.1851,0.0134
14.9650,49.1851,0.0134
15.0150,49.1851,0.0135
15.0650,49.1851,0.0131
15.1150,49.1851,0.0131
15.1650,49.1851,0.0133
15.2150,49.1851,0.0133
15.2650,49.1851,0.0135
15.3150,49.1851,0.0131
15.3650,49.1851,0.0138
15.4150,49.1851,0.0134
15.4650,49.1851,0.0137
15.5150,49.1851,0.0137
15.5650,49.1851,0.0139
15.6150,49.1851,0.0139
15.6650,49.1851,0.0136
15.7150,49.1851,0.0140
15.7650,49.1851,0.0140
15.8150,49.1851,0.0143
15.8650,49.1851,0.0143
15.9150,49.1851,0.0148
15.9650,49.1851,0.0144
16.0150,49.1851,0.0146
16.0650,49.1851,0.0150
16.1150,49.1851,0.0157
16.1650,49.1851,0.0158
16.2150,49.1851,0.0153
16.2650,49.1851,0.0165
16.3150,49.1851,0.0161
16.3650,49.1851,0.0169
16.4150,49.1851,0.0169
16.4650,49.1851,0.0176
16.5150,49.1851,0.0173
16.5650,49.1851,0.0172
16.6150,49.1851,0.0180
16.6650,49.1851,0.0180
16.7150,49.1851,0.0187
16.7650,49.1851,0.0184
16.8150,49.1851,0.0200
16.8650,49.1851,0.0194
16.9150,49.1851,0.0206
16.9650,49.1851,0.0208
17.0150,49.1851,0.0216
17.0650,49.1851,0.0221
17.1150,49.1851,0.0215
17.1650,49.1851,0.0228
17.2150,49.1851,0.0228
17.2650,49.1851,0.0240
17.3150,49.1851,0.0240
17.3650,49.1851,0.0246
17.4150,49.1851,0.0246
17.4650,49.1851,0.0246
17.5150,49.1851,0.0268
17.5650,49.1851,0.0259
17.6150,49.1851,0.0290
17.6650,49.1851,0.0280
17.7150,49.1851,0.0289
17.7650,49.1851,0.0302
17.8150,49.1851,0.0323
17.8650,49.1851,0.0326
17.9150,49.1851,0.0317
17.9650,49.1851,0.0356
18.0150,49.1851,0.0356
18.0650,49.1851,0.0400
18.1150,49.1851,0.0400
18.1650,49.1851,0.0401
18.2150,49.1851,0.0473
18.2650,49.1851,0.0473
18.3150,49.1851,0.0574
18.3650,49.1851,0.0575
18.4150,49.1851,0.0668
18.4650,49.1851,0.0638
18.5150,49.1851,0.0639
18.5650,49.1851,0.0679
18.6150,49.1851,0.0668
18.6650,49.1851,0.0693
18.7150,49.1851,0.0683
18.7650,49.1851,0.0686
18.8150,49.1851,0.0685
12.1150,49.1351,0.0131
12.1650,49.1351,0.0131
12.2150,49.1351,0.0127
12.2650,49.1351,0.0124
12.3150,49.1351,0.0124
12.3650,49.1351,0.0121
12.4150,49.1351,0.0121
12.4650,49.1351,0.0121
12.5150,49.1351,0.0120
12.5650,49.1351,0.0120
12.6150,49.1351,0.0120
12.6650,49.1351,0.0120
12.7150,49.1351,0.0121
12.7650,49.1351,0.0123
12.8150,49.1351,0.0124
12.8650,49.1351,0.0125
12.9150,49.1351,0.0128
12.9650,49.1351,0.0128
13.0150,49.1351,0.0131
13.0650,49.1351,0.0130
13.1150,49.1351,0.0132
13.1650,49.1351,0.0125
13.2150,49.1351,0.0128
13.2650,49.1351,0.0126
13.3150,49.1351,0.0126
13.3650,49.1351,0.0126
13.4150,49.1351,0.0123
13.4650,49.1351,0.0127
13.5150,49.1351,0.0121
13.5650,49.1351,0.0123
13.6150,49.1351,0.0123
13.6650,49.1351,0.0125
13.7150,49.1351,0.0122
13.7650,49.1351,0.0127
13.8150,49.1351,0.0123
13.8650,49.1351,0.0130
13.9150,49.1351,0.0126
13.9650,49.1351,0.0130
14.0150,49.1351,0.0130
14.0650,49.1351,0.0133
14.1150,49.1351,0.0130
14.1650,49.1351,0.0129
14.2150,49.1351,0.0132
14.2650,49.1351,0.0132
14.3150,49.1351,0.0135
14.3650,49.1351,0.0131
14.4150,49.1351,0.0139
14.4650,49.1351,0.0134
14.5150,49.1351,0.0138
14.5650,49.1351,0.0137
14.6150,49.1351,0.0139
14.6650,49.1351,0.0139
14.7150,49.1351,0.0141
14.7650,49.1351,0.0136
14.8150,49.1351,0.0136
14.8650,49.1351,0.0139
14.9150,49.1351,0.0139
14.9650,49.1351,0.0141
15.0150,49.1351,0.0136
15.0650,49.1351,0.0143
15.1150,49.1351,0.0138
15.1650,49.1351,0.0140
15.2150,49.1351,0.0140
15.2650,49.1351,0.0142
15.3150,49.1351,0.0142
15.3650,49.1351,0.0138
15.4150,49.1351,0.0140
15.4650,49.1351,0.0140
15.5150,49.1351,0.0143
15.5650,49.1351,0.0143
15.6150,49.1351,0.0146
15.6650,49.1351,0.0143
15.7150,49.1351,0.0151
15.7650,49.1351,0.0146
15.8150,49.1351,0.0153
15.8650,49.1351,0.0154
15.9150,49.1351,0.0149
15.9650,49.1351,0.0158
16.0150,49.1351,0.0155
16.0650,49.1351,0.0163
16.1150,49.1351,0.0163
16.1650,49.1351,0.0170
16.2150,49.1351,0.0166
16.2650,49.1351,0.0175
16.3150,49.1351,0.0173
16.3650,49.1351,0.0173
16.4150,49.1351,0.0180
16.4650,49.1351,0.0176
16.5150,49.1351,0.0188
16.5650,49.1351,0.0184
16.6150,49.1351,0.0193
16.6650,49.1351,0.0193
16.7150,49.1351,0.0206
16.7650,49.1351,0.0206
16.8150,49.1351,0.0200
16.8650,49.1351,0.0214
16.9150,49.1351,0.0214
16.9650,49.1351,0.0226
17.0150,49.1351,0.0224
17.0650,49.1351,0.0239
17.1150,49.1351,0.0233
17.1650,49.1351,0.0235
17.2150,49.1351,0.0245
17.2650,49.1351,0.0259
17.3150,49.1351,0.0265
17.3650,49.1351,0.0255
17.4150,49.1351,0.0277
17.4650,49.1351,0.0277
17.5150,49.1351,0.0299
17.5650,49.1351,0.0299
17.6150,49.1351,0.0302
17.6650,49.1351,0.0312
17.7150,49.1351,0.0312
17.7650,49.1351,0.0343
17.8150,49.1351,0.0343
17.8650,49.1351,0.0387
17.9150,49.1351,0.0373
17.9650,49.1351,0.0378
18.0150,49.1351,0.0423
18.0650,49.1351,0.0463
18.1150,49.1351,0.0497
18.1650,49.1351,0.0471
18.2150,49.1351,0.0574
18.2650,49.1351,0.0591
18.3150,49.1351,0.0652
18.3650,49.1351,0.0652
18.4150,49.1351,0.0668
18.4650,49.1351,0.0685
18.5150,49.1351,0.0685
18.5650,49.1351,0.0703
18.6150,49.1351,0.0703
18.6650,49.1351,0.0698
18.7150,49.1351,0.0707
18.7650,49.1351,0.0707
18.8150,49.1351,0.0706
12.1150,49.0851,0.0135
12.1650,49.0851,0.0131
12.2150,49.0851,0.0127
12.2650,49.0851,0.0127
12.3150,49.0851,0.0124
12.3650,49.0851,0.0123
12.4150,49.0851,0.0120
12.4650,49.0851,0.0119
12.5150,49.0851,0.0119
12.5650,49.0851,0.0119
12.6150,49.0851,0.0120
12.6650,49.0851,0.0120
12.7150,49.0851,0.0123
12.7650,49.0851,0.0123
12.8150,49.0851,0.0127
12.8650,49.0851,0.0129
12.9150,49.0851,0.0129
12.9650,49.0851,0.0134
13.0150,49.0851,0.0137
13.0650,49.0851,0.0138
13.1150,49.0851,0.0132
13.1650,49.0851,0.0140
13.2150,49.0851,0.0134
13.2650,49.0851,0.0134
13.3150,49.0851,0.0134
13.3650,49.0851,0.0135
13.4150,49.0851,0.0127
13.4650,49.0851,0.0135
13.5150,49.0851,0.0128
13.5650,49.0851,0.0133
13.6150,49.0851,0.0130
13.6650,49.0851,0.0132
13.7150,49.0851,0.0133
13.7650,49.0851,0.0133
13.8150,49.0851,0.0131
13.8650,49.0851,0.0130
13.9150,49.0851,0.0134
13.9650,49.0851,0.0134
14.0150,49.0851,0.0137
14.0650,49.0851,0.0133
14.1150,49.0851,0.0141
14.1650,49.0851,0.0137
14.2150,49.0851,0.0140
14.2650,49.0851,0.0140
14.3150,49.0851,0.0143
14.3650,49.0851,0.0143
14.4150,49.0851,0.0147
14.4650,49.0851,0.0142
14.5150,49.0851,0.0142
14.5650,49.0851,0.0144
14.6150,49.0851,0.0144
14.6650,49.0851,0.0148
14.7150,49.0851,0.0142
14.7650,49.0851,0.0153
14.8150,49.0851,0.0144
14.8650,49.0851,0.0147
14.9150,49.0851,0.0147
14.9650,49.0851,0.0150
15.0150,49.0851,0.0150
15.0650,49.0851,0.0144
15.1150,49.0851,0.0145
15.1650,49.0851,0.0145
15.2150,49.0851,0.0148
15.2650,49.0851,0.0144
15.3150,49.0851,0.0152
15.3650,49.0851,0.0144
15.4150,49.0851,0.0155
15.4650,49.0851,0.0148
15.5150,49.0851,0.0154
15.5650,49.0851,0.0154
15.6150,49.0851,0.0157
15.6650,49.0851,0.0153
15.7150,49.0851,0.0153
15.7650,49.0851,0.0159
15.8150,49.0851,0.0159
15.8650,49.0851,0.0166
15.9150,49.0851,0.0161
15.9650,49.0851,0.0173
16.0150,49.0851,0.0168
16.0650,49.0851,0.0174
16.1150,49.0851,0.0175
16.1650,49.0851,0.0178
16.2150,49.0851,0.0182
16.2650,49.0851,0.0178
16.3150,49.0851,0.0185
16.3650,49.0851,0.0185
16.4150,49.0851,0.0194
16.4650,49.0851,0.0194
16.5150,49.0851,0.0207
16.5650,49.0851,0.0200
16.6150,49.0851,0.0200
16.6650,49.0851,0.0213
16.7150,49.0851,0.0209
16.7650,49.0851,0.0226
16.8150,49.0851,0.0220
16.8650,49.0851,0.0235
16.9150,49.0851,0.0233
16.9650,49.0851,0.0245
17.0150,49.0851,0.0245
17.0650,49.0851,0.0240
17.1150,49.0851,0.0254
17.1650,49.0851,0.0254
17.2150,49.0851,0.0275
17.2650,49.0851,0.0275
17.3150,49.0851,0.0295
17.3650,49.0851,0.0285
17.4150,49.0851,0.0286
17.4650,49.0851,0.0307
17.5150,49.0851,0.0315
17.5650,49.0851,0.0335
17.6150,49.0851,0.0321
17.6650,49.0851,0.0382
17.7150,49.0851,0.0363
17.7650,49.0851,0.0405
17.8150,49.0851,0.0405
17.8650,49.0851,0.0398
17.9150,49.0851,0.0459
17.9650,49.0851,0.0459
18.0150,49.0851,0.0548
18.0650,49.0851,0.0548
18.1150,49.0851,0.0631
18.1650,49.0851,0.0569
18.2150,49.0851,0.0570
18.2650,49.0851,0.0661
18.3150,49.0851,0.0661
18.3650,49.0851,0.0686
18.4150,49.0851,0.0684
18.4650,49.0851,0.0709
18.5150,49.0851,0.0692
18.5650,49.0851,0.0704
18.6150,49.0851,0.0704
18.6650,49.0851,0.0698
18.7150,49.0851,0.0700
18.7650,49.0851,0.0690
18.8150,49.0851,0.0699
12.1150,49.0351,0.0135
12.1650,49.0351,0.0130
12.2150,49.0351,0.0131
12.2650,49.0351,0.0126
12.3150,49.0351,0.0123
12.3650,49.0351,0.0123
12.4150,49.0351,0.0121
12.4650,49.0351,0.0120
12.5150,49.0351,0.0119
12.5650,49.0351,0.0119
12.6150,49.0351,0.0119
12.6650,49.0351,0.0122
12.7150,49.0351,0.0123
12.7650,49.0351,0.0127
12.8150,49.0351,0.0128
12.8650,49.0351,0.0134
12.9150,49.0351,0.0134
12.9650,49.0351,0.0141
13.0150,49.0351,0.0141
13.0650,49.0351,0.0148
13.1150,49.0351,0.0141
13.1650,49.0351,0.0153
13.2150,49.0351,0.0142
13.2650,49.0351,0.0143
13.3150,49.0351,0.0143
13.3650,49.0351,0.0144
13.4150,49.0351,0.0144
13.4650,49.0351,0.0136
13.5150,49.0351,0.0137
13.5650,49.0351,0.0137
13.6150,49.0351,0.0139
13.6650,49.0351,0.0139
13.7150,49.0351,0.0141
13.7650,49.0351,0.0135
13.8150,49.0351,0.0144
13.8650,49.0351,0.0138
13.9150,49.0351,0.0142
13.9650,49.0351,0.0142
14.0150,49.0351,0.0146
14.0650,49.0351,0.0146
14.1150,49.0351,0.0147
14.1650,49.0351,0.0144
14.2150,49.0351,0.0144
14.2650,49.0351,0.0150
14.3150,49.0351,0.0150
14.3650,49.0351,0.0156
14.4150,49.0351,0.0148
14.4650,49.0351,0.0162
14.5150,49.0351,0.0153
14.5650,49.0351,0.0158
14.6150,49.0351,0.0158
14.6650,49.0351,0.0162
14.7150,49.0351,0.0159
14.7650,49.0351,0.0155
14.8150,49.0351,0.0156
14.8650,49.0351,0.0156
14.9150,49.0351,0.0160
14.9650,49.0351,0.0151
15.0150,49.0351,0.0163
15.0650,49.0351,0.0154
15.1150,49.0351,0.0159
15.1650,49.0351,0.0157
15.2150,49.0351,0.0161
15.2650,49.0351,0.0161
15.3150,49.0351,0.0164
15.3650,49.0351,0.0156
15.4150,49.0351,0.0156
15.4650,49.0351,0.0160
15.5150,49.0351,0.0160
15.5650,49.0351,0.0165
15.6150,49.0351,0.0159
15.6650,49.0351,0.0171
15.7150,49.0351,0.0165
15.7650,49.0351,0.0171
15.8150,49.0351,0.0171
15.8650,49.0351,0.0178
15.9150,49.0351,0.0178
15.9650,49.0351,0.0173
16.0150,49.0351,0.0180
16.0650,49.0351,0.0180
16.1150,49.0351,0.0188
16.1650,49.0351,0.0185
16.2150,49.0351,0.0200
16.2650,49.0351,0.0190
16.3150,49.0351,0.0193
16.3650,49.0351,0.0203
16.4150,49.0351,0.0214
16.4650,49.0351,0.0216
16.5150,49.0351,0.0208
16.5650,49.0351,0.0221
16.6150,49.0351,0.0220
16.6650,49.0351,0.0233
16.7150,49.0351,0.0233
16.7650,49.0351,0.0244
16.8150,49.0351,0.0239
16.8650,49.0351,0.0239
16.9150,49.0351,0.0253
16.9650,49.0351,0.0253
17.0150,49.0351,0.0275
17.0650,49.0351,0.0265
17.1150,49.0351,0.0295
17.1650,49.0351,0.0286
17.2150,49.0351,0.0305
17.2650,49.0351,0.0305
17.3150,49.0351,0.0297
17.3650,49.0351,0.0324
17.4150,49.0351,0.0315
17.4650,49.0351,0.0350
17.5150,49.0351,0.0350
17.5650,49.0351,0.0395
17.6150,49.0351,0.0383
17.6650,49.0351,0.0383
17.7150,49.0351,0.0442
17.7650,49.0351,0.0442
17.8150,49.0351,0.0512
17.8650,49.0351,0.0471
17.9150,49.0351,0.0584
17.9650,49.0351,0.0573
18.0150,49.0351,0.0642
18.0650,49.0351,0.0642
18.1150,49.0351,0.0632
18.1650,49.0351,0.0677
18.2150,49.0351,0.0666
18.2650,49.0351,0.0696
18.3150,49.0351,0.0696
18.3650,49.0351,0.0695
18.4150,49.0351,0.0711
18.4650,49.0351,0.0711
18.5150,49.0351,0.0710
18.5650,49.0351,0.0710
18.6150,49.0351,0.0694
18.6650,49.0351,0.0719
18.7150,49.0351,0.0706
18.7650,49.0351,0.0694
18.8150,49.0351,0.0682
12.1150,48.9851,0.0135
12.1650,48.9851,0.0131
12.2150,48.9851,0.0131
12.2650,48.9851,0.0127
12.3150,48.9851,0.0127
12.3650,48.9851,0.0124
12.4150,48.9851,0.0121
12.4650,48.9851,0.0123
12.5150,48.9851,0.0121
12.5650,48.9851,0.0122
12.6150,48.9851,0.0122
12.6650,48.9851,0.0125
12.7150,48.9851,0.0125
12.7650,48.9851,0.0130
12.8150,48.9851,0.0133
12.8650,48.9851,0.0133
12.9150,48.9851,0.0141
12.9650,48.9851,0.0142
13.0150,48.9851,0.0150
13.0650,48.9851,0.0151
13.1150,48.9851,0.0160
13.1650,48.9851,0.0153
13.2150,48.9851,0.0156
13.2650,48.9851,0.0156
13.3150,48.9851,0.0159
13.3650,48.9851,0.0159
13.4150,48.9851,0.0160
13.4650,48.9851,0.0145
13.5150,48.9851,0.0162
13.5650,48.9851,0.0147
13.6150,48.9851,0.0151
13.6650,48.9851,0.0151
13.7150,48.9851,0.0155
13.7650,48.9851,0.0155
13.8150,48.9851,0.0145
13.8650,48.9851,0.0149
13.9150,48.9851,0.0149
13.9650,48.9851,0.0155
14.0150,48.9851,0.0149
14.0650,48.9851,0.0161
14.1150,48.9851,0.0152
14.1650,48.9851,0.0167
14.2150,48.9851,0.0159
14.2650,48.9851,0.0165
14.3150,48.9851,0.0165
14.3650,48.9851,0.0170
14.4150,48.9851,0.0162
14.4650,48.9851,0.0163
14.5150,48.9851,0.0167
14.5650,48.9851,0.0167
14.6150,48.9851,0.0171
14.6650,48.9851,0.0163
14.7150,48.9851,0.0174
14.7650,48.9851,0.0166
14.8150,48.9851,0.0169
14.8650,48.9851,0.0169
14.9150,48.9851,0.0172
14.9650,48.9851,0.0172
15.0150,48.9851,0.0174
15.0650,48.9851,0.0166
15.1150,48.9851,0.0166
15.1650,48.9851,0.0169
15.2150,48.9851,0.0169
15.2650,48.9851,0.0172
15.3150,48.9851,0.0164
15.3650,48.9851,0.0175
15.4150,48.9851,0.0168
15.4650,48.9851,0.0172
15.5150,48.9851,0.0172
15.5650,48.9851,0.0177
15.6150,48.9851,0.0177
15.6650,48.9851,0.0171
15.7150,48.9851,0.0177
15.7650,48.9851,0.0177
15.8150,48.9851,0.0183
15.8650,48.9851,0.0179
15.9150,48.9851,0.0191
15.9650,48.9851,0.0185
16.0150,48.9851,0.0198
16.0650,48.9851,0.0196
16.1150,48.9851,0.0210
16.1650,48.9851,0.0210
16.2150,48.9851,0.0200
16.2650,48.9851,0.0213
16.3150,48.9851,0.0213
16.3650,48.9851,0.0225
16.4150,48.9851,0.0225
16.4650,48.9851,0.0237
16.5150,48.9851,0.0228
16.5650,48.9851,0.0234
16.6150,48.9851,0.0239
16.6650,48.9851,0.0250
16.7150,48.9851,0.0254
16.7650,48.9851,0.0244
16.8150,48.9851,0.0274
16.8650,48.9851,0.0264
16.9150,48.9851,0.0286
16.9650,48.9851,0.0286
17.0150,48.9851,0.0306
17.0650,48.9851,0.0297
17.1150,48.9851,0.0296
17.1650,48.9851,0.0316
17.2150,48.9851,0.0316
17.2650,48.9851,0.0345
17.3150,48.9851,0.0326
17.3650,48.9851,0.0381
17.4150,48.9851,0.0364
17.4650,48.9851,0.0396
17.5150,48.9851,0.0406
17.5650,48.9851,0.0400
17.6150,48.9851,0.0482
17.6650,48.9851,0.0473
17.7150,48.9851,0.0580
17.7650,48.9851,0.0580
17.8150,48.9851,0.0645
17.8650,48.9851,0.0629
17.9150,48.9851,0.0585
17.9650,48.9851,0.0664
18.0150,48.9851,0.0664
18.0650,48.9851,0.0685
18.1150,48.9851,0.0677
18.1650,48.9851,0.0710
18.2150,48.9851,0.0687
18.2650,48.9851,0.0690
18.3150,48.9851,0.0709
18.3650,48.9851,0.0695
18.4150,48.9851,0.0717
18.4650,48.9851,0.0700
18.5150,48.9851,0.0713
18.5650,48.9851,0.0713
18.6150,48.9851,0.0685
18.6650,48.9851,0.0686
18.7150,48.9851,0.0693
18.7650,48.9851,0.0670
18.8150,48.9851,0.0670
12.1150,48.9351,0.0135
12.1650,48.9351,0.0135
12.2150,48.9351,0.0131
12.2650,48.9351,0.0128
12.3150,48.9351,0.0128
12.3650,48.9351,0.0125
12.4150,48.9351,0.0125
12.4650,48.9351,0.0123
12.5150,48.9351,0.0123
12.5650,48.9351,0.0123
12.6150,48.9351,0.0124
12.6650,48.9351,0.0124
12.7150,48.9351,0.0127
12.7650,48.9351,0.0130
12.8150,48.9351,0.0132
12.8650,48.9351,0.0137
12.9150,48.9351,0.0145
12.9650,48.9351,0.0145
13.0150,48.9351,0.0158
13.0650,48.9351,0.0158
13.1150,48.9351,0.0167
13.1650,48.9351,0.0165
13.2150,48.9351,0.0170
13.2650,48.9351,0.0169
13.3150,48.9351,0.0172
13.3650,48.9351,0.0172
13.4150,48.9351,0.0172
13.4650,48.9351,0.0173
13.5150,48.9351,0.0162
13.5650,48.9351,0.0165
13.6150,48.9351,0.0165
13.6650,48.9351,0.0168
13.7150,48.9351,0.0156
13.7650,48.9351,0.0172
13.8150,48.9351,0.0160
13.8650,48.9351,0.0171
13.9150,48.9351,0.0165
13.9650,48.9351,0.0170
14.0150,48.9351,0.0170
14.0650,48.9351,0.0175
14.1150,48.9351,0.0167
14.1650,48.9351,0.0167
14.2150,48.9351,0.0172
14.2650,48.9351,0.0172
14.3150,48.9351,0.0178
14.3650,48.9351,0.0170
14.4150,48.9351,0.0183
14.4650,48.9351,0.0175
14.5150,48.9351,0.0179
14.5650,48.9351,0.0179
14.6150,48.9351,0.0183
14.6650,48.9351,0.0183
14.7150,48.9351,0.0186
14.7650,48.9351,0.0178
14.8150,48.9351,0.0178
14.8650,48.9351,0.0180
14.9150,48.9351,0.0180
14.9650,48.9351,0.0183
15.0150,48.9351,0.0174
15.0650,48.9351,0.0185
15.1150,48.9351,0.0177
15.1650,48.9351,0.0180
15.2150,48.9351,0.0180
15.2650,48.9351,0.0183
15.3150,48.9351,0.0178
15.3650,48.9351,0.0180
15.4150,48.9351,0.0179
15.4650,48.9351,0.0179
15.5150,48.9351,0.0183
15.5650,48.9351,0.0178
15.6150,48.9351,0.0188
15.6650,48.9351,0.0182
15.7150,48.9351,0.0189
15.7650,48.9351,0.0188
15.8150,48.9351,0.0200
15.8650,48.9351,0.0200
15.9150,48.9351,0.0210
15.9650,48.9351,0.0205
16.0150,48.9351,0.0205
16.0650,48.9351,0.0220
16.1150,48.9351,0.0220
16.1650,48.9351,0.0234
16.2150,48.9351,0.0223
16.2650,48.9351,0.0246
16.3150,48.9351,0.0236
16.3650,48.9351,0.0247
16.4150,48.9351,0.0247
16.4650,48.9351,0.0245
16.5150,48.9351,0.0262
16.5650,48.9351,0.0247
16.6150,48.9351,0.0266
16.6650,48.9351,0.0266
16.7150,48.9351,0.0286
16.7650,48.9351,0.0275
16.8150,48.9351,0.0295
16.8650,48.9351,0.0296
16.9150,48.9351,0.0296
16.9650,48.9351,0.0316
17.0150,48.9351,0.0306
17.0650,48.9351,0.0346
17.1150,48.9351,0.0328
17.1650,48.9351,0.0365
17.2150,48.9351,0.0365
17.2650,48.9351,0.0401
17.3150,48.9351,0.0401
17.3650,48.9351,0.0381
17.4150,48.9351,0.0419
17.4650,48.9351,0.0419
17.5150,48.9351,0.0502
17.5650,48.9351,0.0484
17.6150,48.9351,0.0613
17.6650,48.9351,0.0587
17.7150,48.9351,0.0588
17.7650,48.9351,0.0665
17.8150,48.9351,0.0648
17.8650,48.9351,0.0694
17.9150,48.9351,0.0676
17.9650,48.9351,0.0699
18.0150,48.9351,0.0699
18.0650,48.9351,0.0698
18.1150,48.9351,0.0698
18.1650,48.9351,0.0711
18.2150,48.9351,0.0706
18.2650,48.9351,0.0706
18.3150,48.9351,0.0702
18.3650,48.9351,0.0712
18.4150,48.9351,0.0709
18.4650,48.9351,0.0699
18.5150,48.9351,0.0699
18.5650,48.9351,0.0685
18.6150,48.9351,0.0685
18.6650,48.9351,0.0608
18.7150,48.9351,0.0654
18.7650,48.9351,0.0594
18.8150,48.9351,0.0593
12.1150,48.8851,0.0140
12.1650,48.8851,0.0135
12.2150,48.8851,0.0131
12.2650,48.8851,0.0131
12.3150,48.8851,0.0128
12.3650,48.8851,0.0127
12.4150,48.8851,0.0126
12.4650,48.8851,0.0124
12.5150,48.8851,0.0125
12.5650,48.8851,0.0124
12.6150,48.8851,0.0125
12.6650,48.8851,0.0125
12.7150,48.8851,0.0129
12.7650,48.8851,0.0130
12.8150,48.8851,0.0134
12.8650,48.8851,0.0140
12.9150,48.8851,0.0140
12.9650,48.8851,0.0149
13.0150,48.8851,0.0162
13.0650,48.8851,0.0162
13.1150,48.8851,0.0167
13.1650,48.8851,0.0173
13.2150,48.8851,0.0174
13.2650,48.8851,0.0179
13.3150,48.8851,0.0179
13.3650,48.8851,0.0182
13.4150,48.8851,0.0175
13.4650,48.8851,0.0186
13.5150,48.8851,0.0177
13.5650,48.8851,0.0181
13.6150,48.8851,0.0181
13.6650,48.8851,0.0184
13.7150,48.8851,0.0184
13.7650,48.8851,0.0187
13.8150,48.8851,0.0176
13.8650,48.8851,0.0176
13.9150,48.8851,0.0181
13.9650,48.8851,0.0181
14.0150,48.8851,0.0185
14.0650,48.8851,0.0175
14.1150,48.8851,0.0189
14.1650,48.8851,0.0180
14.2150,48.8851,0.0185
14.2650,48.8851,0.0185
14.3150,48.8851,0.0191
14.3650,48.8851,0.0190
14.4150,48.8851,0.0199
14.4650,48.8851,0.0187
14.5150,48.8851,0.0187
14.5650,48.8851,0.0192
14.6150,48.8851,0.0195
14.6650,48.8851,0.0198
14.7150,48.8851,0.0186
14.7650,48.8851,0.0202
14.8150,48.8851,0.0188
14.8650,48.8851,0.0191
14.9150,48.8851,0.0191
14.9650,48.8851,0.0195
15.0150,48.8851,0.0185
15.0650,48.8851,0.0197
15.1150,48.8851,0.0187
15.1650,48.8851,0.0187
15.2150,48.8851,0.0190
15.2650,48.8851,0.0185
15.3150,48.8851,0.0196
15.3650,48.8851,0.0186
15.4150,48.8851,0.0189
15.4650,48.8851,0.0189
15.5150,48.8851,0.0197
15.5650,48.8851,0.0197
15.6150,48.8851,0.0206
15.6650,48.8851,0.0197
15.7150,48.8851,0.0197
15.7650,48.8851,0.0209
15.8150,48.8851,0.0209
15.8650,48.8851,0.0221
15.9150,48.8851,0.0214
15.9650,48.8851,0.0236
16.0150,48.8851,0.0228
16.0650,48.8851,0.0243
16.1150,48.8851,0.0243
16.1650,48.8851,0.0265
16.2150,48.8851,0.0251
16.2650,48.8851,0.0247
16.3150,48.8851,0.0268
16.3650,48.8851,0.0268
16.4150,48.8851,0.0284
16.4650,48.8851,0.0264
16.5150,48.8851,0.0298
16.5650,48.8851,0.0281
16.6150,48.8851,0.0295
16.6650,48.8851,0.0298
16.7150,48.8851,0.0308
16.7650,48.8851,0.0316
16.8150,48.8851,0.0305
16.8650,48.8851,0.0326
16.9150,48.8851,0.0326
16.9650,48.8851,0.0364
17.0150,48.8851,0.0363
17.0650,48.8851,0.0395
17.1150,48.8851,0.0382
17.1650,48.8851,0.0382
17.2150,48.8851,0.0420
17.2650,48.8851,0.0403
17.3150,48.8851,0.0495
17.3650,48.8851,0.0447
17.4150,48.8851,0.0513
17.4650,48.8851,0.0513
17.5150,48.8851,0.0627
17.5650,48.8851,0.0627
17.6150,48.8851,0.0614
17.6650,48.8851,0.0686
17.7150,48.8851,0.0686
17.7650,48.8851,0.0709
17.8150,48.8851,0.0709
17.8650,48.8851,0.0735
17.9150,48.8851,0.0701
17.9650,48.8851,0.0701
18.0150,48.8851,0.0727
18.0650,48.8851,0.0700
18.1150,48.8851,0.0717
18.1650,48.8851,0.0710
18.2150,48.8851,0.0715
18.2650,48.8851,0.0719
18.3150,48.8851,0.0702
18.3650,48.8851,0.0702
18.4150,48.8851,0.0708
18.4650,48.8851,0.0684
18.5150,48.8851,0.0684
18.5650,48.8851,0.0639
18.6150,48.8851,0.0638
18.6650,48.8851,0.0601
18.7150,48.8851,0.0541
18.7650,48.8851,0.0541
18.8150,48.8851,0.0510
12.1150,48.8351,0.0139
12.1650,48.8351,0.0135
12.2150,48.8351,0.0135
12.2650,48.8351,0.0131
12.3150,48.8351,0.0128
12.3650,48.8351,0.0128
12.4150,48.8351,0.0126
12.4650,48.8351,0.0125
12.5150,48.8351,0.0125
12.5650,48.8351,0.0125
12.6150,48.8351,0.0125
12.6650,48.8351,0.0127
12.7150,48.8351,0.0129
12.7650,48.8351,0.0130
12.8150,48.8351,0.0134
12.8650,48.8351,0.0141
12.9150,48.8351,0.0141
12.9650,48.8351,0.0151
13.0150,48.8351,0.0151
13.0650,48.8351,0.0164
13.1150,48.8351,0.0172
13.1650,48.8351,0.0174
13.2150,48.8351,0.0179
13.2650,48.8351,0.0184
13.3150,48.8351,0.0185
13.3650,48.8351,0.0189
13.4150,48.8351,0.0189
13.4650,48.8351,0.0186
13.5150,48.8351,0.0189
13.5650,48.8351,0.0189
13.6150,48.8351,0.0197
13.6650,48.8351,0.0196
13.7150,48.8351,0.0203
13.7650,48.8351,0.0187
13.8150,48.8351,0.0210
13.8650,48.8351,0.0192
13.9150,48.8351,0.0199
13.9650,48.8351,0.0199
14.0150,48.8351,0.0205
14.0650,48.8351,0.0205
14.1150,48.8351,0.0210
14.1650,48.8351,0.0197
14.2150,48.8351,0.0197
14.2650,48.8351,0.0204
14.3150,48.8351,0.0205
14.3650,48.8351,0.0212
14.4150,48.8351,0.0199
14.4650,48.8351,0.0214
14.5150,48.8351,0.0206
14.5650,48.8351,0.0211
14.6150,48.8351,0.0211
14.6650,48.8351,0.0216
14.7150,48.8351,0.0203
14.7650,48.8351,0.0217
14.8150,48.8351,0.0206
14.8650,48.8351,0.0207
14.9150,48.8351,0.0211
14.9650,48.8351,0.0201
15.0150,48.8351,0.0215
15.0650,48.8351,0.0200
15.1150,48.8351,0.0204
15.1650,48.8351,0.0204
15.2150,48.8351,0.0209
15.2650,48.8351,0.0209
15.3150,48.8351,0.0214
15.3650,48.8351,0.0202
15.4150,48.8351,0.0202
15.4650,48.8351,0.0209
15.5150,48.8351,0.0214
15.5650,48.8351,0.0217
15.6150,48.8351,0.0206
15.6650,48.8351,0.0226
15.7150,48.8351,0.0218
15.7650,48.8351,0.0229
15.8150,48.8351,0.0229
15.8650,48.8351,0.0243
15.9150,48.8351,0.0236
15.9650,48.8351,0.0237
16.0150,48.8351,0.0254
16.0650,48.8351,0.0254
16.1150,48.8351,0.0280
16.1650,48.8351,0.0265
16.2150,48.8351,0.0300
16.2650,48.8351,0.0286
16.3150,48.8351,0.0303
16.3650,48.8351,0.0303
16.4150,48.8351,0.0316
16.4650,48.8351,0.0316
16.5150,48.8351,0.0298
16.5650,48.8351,0.0313
16.6150,48.8351,0.0313
16.6650,48.8351,0.0335
16.7150,48.8351,0.0325
16.7650,48.8351,0.0363
16.8150,48.8351,0.0344
16.8650,48.8351,0.0349
16.9150,48.8351,0.0380
16.9650,48.8351,0.0410
17.0150,48.8351,0.0417
17.0650,48.8351,0.0400
17.1150,48.8351,0.0450
17.1650,48.8351,0.0450
17.2150,48.8351,0.0528
17.2650,48.8351,0.0528
17.3150,48.8351,0.0649
17.3650,48.8351,0.0560
17.4150,48.8351,0.0560
17.4650,48.8351,0.0656
17.5150,48.8351,0.0653
17.5650,48.8351,0.0726
17.6150,48.8351,0.0702
17.6650,48.8351,0.0732
17.7150,48.8351,0.0732
17.7650,48.8351,0.0733
17.8150,48.8351,0.0733
17.8650,48.8351,0.0735
17.9150,48.8351,0.0719
17.9650,48.8351,0.0718
18.0150,48.8351,0.0722
18.0650,48.8351,0.0722
18.1150,48.8351,0.0728
18.1650,48.8351,0.0708
18.2150,48.8351,0.0708
18.2650,48.8351,0.0707
18.3150,48.8351,0.0707
18.3650,48.8351,0.0685
18.4150,48.8351,0.0692
18.4650,48.8351,0.0687
18.5150,48.8351,0.0625
18.5650,48.8351,0.0567
18.6150,48.8351,0.0542
18.6650,48.8351,0.0538
18.7150,48.8351,0.0505
18.7650,48.8351,0.0505
18.8150,48.8351,0.0483
12.1150,48.7852,0.0139
12.1650,48.7852,0.0135
12.2150,48.7852,0.0135
12.2650,48.7852,0.0132
12.3150,48.7852,0.0132
12.3650,48.7852,0.0129
12.4150,48.7852,0.0127
12.4650,48.7852,0.0128
12.5150,48.7852,0.0126
12.5650,48.7852,0.0127
12.6150,48.7852,0.0127
12.6650,48.7852,0.0129
12.7150,48.7852,0.0129
12.7650,48.7852,0.0132
12.8150,48.7852,0.0136
12.8650,48.7852,0.0136
12.9150,48.7852,0.0142
12.9650,48.7852,0.0148
13.0150,48.7852,0.0151
13.0650,48.7852,0.0163
13.1150,48.7852,0.0163
13.1650,48.7852,0.0174
13.2150,48.7852,0.0182
13.2650,48.7852,0.0182
13.3150,48.7852,0.0188
13.3650,48.7852,0.0188
13.4150,48.7852,0.0197
13.4650,48.7852,0.0197
13.5150,48.7852,0.0207
13.5650,48.7852,0.0206
13.6150,48.7852,0.0214
13.6650,48.7852,0.0214
13.7150,48.7852,0.0222
13.7650,48.7852,0.0218
13.8150,48.7852,0.0213
13.8650,48.7852,0.0217
13.9150,48.7852,0.0217
13.9650,48.7852,0.0224
14.0150,48.7852,0.0211
14.0650,48.7852,0.0229
14.1150,48.7852,0.0212
14.1650,48.7852,0.0220
14.2150,48.7852,0.0219
14.2650,48.7852,0.0226
14.3150,48.7852,0.0226
14.3650,48.7852,0.0232
14.4150,48.7852,0.0219
14.4650,48.7852,0.0229
14.5150,48.7852,0.0225
14.5650,48.7852,0.0226
14.6150,48.7852,0.0230
14.6650,48.7852,0.0221
14.7150,48.7852,0.0234
14.7650,48.7852,0.0221
14.8150,48.7852,0.0225
14.8650,48.7852,0.0225
14.9150,48.7852,0.0228
14.9650,48.7852,0.0227
15.0150,48.7852,0.0230
15.0650,48.7852,0.0218
15.1150,48.7852,0.0219
15.1650,48.7852,0.0221
15.2150,48.7852,0.0224
15.2650,48.7852,0.0225
15.3150,48.7852,0.0214
15.3650,48.7852,0.0227
15.4150,48.7852,0.0219
15.4650,48.7852,0.0227
15.5150,48.7852,0.0227
15.5650,48.7852,0.0235
15.6150,48.7852,0.0227
15.6650,48.7852,0.0237
15.7150,48.7852,0.0237
15.7650,48.7852,0.0237
15.8150,48.7852,0.0250
15.8650,48.7852,0.0244
15.9150,48.7852,0.0275
15.9650,48.7852,0.0265
16.0150,48.7852,0.0291
16.0650,48.7852,0.0291
16.1150,48.7852,0.0310
16.1650,48.7852,0.0310
16.2150,48.7852,0.0315
16.2650,48.7852,0.0316
16.3150,48.7852,0.0316
16.3650,48.7852,0.0335
16.4150,48.7852,0.0319
16.4650,48.7852,0.0358
16.5150,48.7852,0.0333
16.5650,48.7852,0.0369
16.6150,48.7852,0.0361
16.6650,48.7852,0.0386
16.7150,48.7852,0.0386
16.7650,48.7852,0.0364
16.8150,48.7852,0.0394
16.8650,48.7852,0.0394
16.9150,48.7852,0.0440
16.9650,48.7852,0.0440
17.0150,48.7852,0.0520
17.0650,48.7852,0.0480
17.1150,48.7852,0.0491
17.1650,48.7852,0.0543
17.2150,48.7852,0.0636
17.2650,48.7852,0.0665
17.3150,48.7852,0.0659
17.3650,48.7852,0.0764
17.4150,48.7852,0.0714
17.4650,48.7852,0.0772
17.5150,48.7852,0.0772
17.5650,48.7852,0.0798
17.6150,48.7852,0.0761
17.6650,48.7852,0.0761
17.7150,48.7852,0.0794
17.7650,48.7852,0.0794
17.8150,48.7852,0.0765
17.8650,48.7852,0.0760
17.9150,48.7852,0.0760
17.9650,48.7852,0.0752
18.0150,48.7852,0.0725
18.0650,48.7852,0.0723
18.1150,48.7852,0.0728
18.1650,48.7852,0.0709
18.2150,48.7852,0.0698
18.2650,48.7852,0.0677
18.3150,48.7852,0.0677
18.3650,48.7852,0.0666
18.4150,48.7852,0.0644
18.4650,48.7852,0.0644
18.5150,48.7852,0.0541
18.5650,48.7852,0.0541
18.6150,48.7852,0.0506
18.6650,48.7852,0.0502
18.7150,48.7852,0.0502
18.7650,48.7852,0.0481
18.8150,48.7852,0.0480
12.1150,48.7352,0.0139
12.1650,48.7352,0.0139
12.2150,48.7352,0.0135
12.2650,48.7352,0.0133
12.3150,48.7352,0.0132
12.3650,48.7352,0.0130
12.4150,48.7352,0.0130
12.4650,48.7352,0.0128
12.5150,48.7352,0.0128
12.5650,48.7352,0.0128
12.6150,48.7352,0.0129
12.6650,48.7352,0.0129
12.7150,48.7352,0.0131
12.7650,48.7352,0.0132
12.8150,48.7352,0.0134
12.8650,48.7352,0.0137
12.9150,48.7352,0.0142
12.9650,48.7352,0.0142
13.0150,48.7352,0.0151
13.0650,48.7352,0.0154
13.1150,48.7352,0.0162
13.1650,48.7352,0.0173
13.2150,48.7352,0.0173
13.2650,48.7352,0.0182
13.3150,48.7352,0.0190
13.3650,48.7352,0.0190
13.4150,48.7352,0.0202
13.4650,48.7352,0.0206
13.5150,48.7352,0.0207
13.5650,48.7352,0.0217
13.6150,48.7352,0.0217
13.6650,48.7352,0.0226
13.7150,48.7352,0.0222
13.7650,48.7352,0.0236
13.8150,48.7352,0.0230
13.8650,48.7352,0.0237
13.9150,48.7352,0.0237
13.9650,48.7352,0.0243
14.0150,48.7352,0.0243
14.0650,48.7352,0.0248
14.1150,48.7352,0.0233
14.1650,48.7352,0.0236
14.2150,48.7352,0.0239
14.2650,48.7352,0.0240
14.3150,48.7352,0.0244
14.3650,48.7352,0.0233
14.4150,48.7352,0.0250
14.4650,48.7352,0.0237
14.5150,48.7352,0.0241
14.5650,48.7352,0.0241
14.6150,48.7352,0.0246
14.6650,48.7352,0.0245
14.7150,48.7352,0.0250
14.7650,48.7352,0.0238
14.8150,48.7352,0.0240
14.8650,48.7352,0.0240
14.9150,48.7352,0.0241
14.9650,48.7352,0.0241
15.0150,48.7352,0.0230
15.0650,48.7352,0.0235
15.1150,48.7352,0.0233
15.1650,48.7352,0.0236
15.2150,48.7352,0.0236
15.2650,48.7352,0.0241
15.3150,48.7352,0.0230
15.3650,48.7352,0.0244
15.4150,48.7352,0.0236
15.4650,48.7352,0.0240
15.5150,48.7352,0.0243
15.5650,48.7352,0.0240
15.6150,48.7352,0.0255
15.6650,48.7352,0.0244
15.7150,48.7352,0.0262
15.7650,48.7352,0.0262
15.8150,48.7352,0.0285
15.8650,48.7352,0.0285
15.9150,48.7352,0.0308
15.9650,48.7352,0.0300
16.0150,48.7352,0.0300
16.0650,48.7352,0.0318
16.1150,48.7352,0.0324
16.1650,48.7352,0.0342
16.2150,48.7352,0.0327
16.2650,48.7352,0.0355
16.3150,48.7352,0.0353
16.3650,48.7352,0.0376
16.4150,48.7352,0.0376
16.4650,48.7352,0.0397
16.5150,48.7352,0.0382
16.5650,48.7352,0.0382
16.6150,48.7352,0.0405
16.6650,48.7352,0.0405
16.7150,48.7352,0.0431
16.7650,48.7352,0.0411
16.8150,48.7352,0.0474
16.8650,48.7352,0.0460
16.9150,48.7352,0.0537
16.9650,48.7352,0.0537
17.0150,48.7352,0.0531
17.0650,48.7352,0.0646
17.1150,48.7352,0.0613
17.1650,48.7352,0.0711
17.2150,48.7352,0.0711
17.2650,48.7352,0.0809
17.3150,48.7352,0.0770
17.3650,48.7352,0.0776
17.4150,48.7352,0.0818
17.4650,48.7352,0.0818
17.5150,48.7352,0.0833
17.5650,48.7352,0.0806
17.6150,48.7352,0.0864
17.6650,48.7352,0.0797
17.7150,48.7352,0.0811
17.7650,48.7352,0.0811
17.8150,48.7352,0.0791
17.8650,48.7352,0.0781
17.9150,48.7352,0.0758
17.9650,48.7352,0.0757
18.0150,48.7352,0.0757
18.0650,48.7352,0.0716
18.1150,48.7352,0.0710
18.1650,48.7352,0.0708
18.2150,48.7352,0.0644
18.2650,48.7352,0.0643
18.3150,48.7352,0.0575
18.3650,48.7352,0.0629
18.4150,48.7352,0.0538
18.4650,48.7352,0.0553
18.5150,48.7352,0.0513
18.5650,48.7352,0.0513
18.6150,48.7352,0.0506
18.6650,48.7352,0.0489
18.7150,48.7352,0.0488
18.7650,48.7352,0.0476
18.8150,48.7352,0.0476
12.1150,48.6852,0.0142
12.1650,48.6852,0.0139
12.2150,48.6852,0.0135
12.2650,48.6852,0.0135
12.3150,48.6852,0.0133
12.3650,48.6852,0.0132
12.4150,48.6852,0.0131
12.4650,48.6852,0.0129
12.5150,48.6852,0.0131
12.5650,48.6852,0.0130
12.6150,48.6852,0.0131
12.6650,48.6852,0.0131
12.7150,48.6852,0.0133
12.7650,48.6852,0.0134
12.8150,48.6852,0.0135
12.8650,48.6852,0.0138
12.9150,48.6852,0.0138
12.9650,48.6852,0.0143
13.0150,48.6852,0.0150
13.0650,48.6852,0.0150
13.1150,48.6852,0.0162
13.1650,48.6852,0.0172
13.2150,48.6852,0.0172
13.2650,48.6852,0.0181
13.3150,48.6852,0.0181
13.3650,48.6852,0.0189
13.4150,48.6852,0.0202
13.4650,48.6852,0.0204
13.5150,48.6852,0.0214
13.5650,48.6852,0.0226
13.6150,48.6852,0.0226
13.6650,48.6852,0.0236
13.7150,48.6852,0.0236
13.7650,48.6852,0.0246
13.8150,48.6852,0.0244
13.8650,48.6852,0.0244
13.9150,48.6852,0.0256
13.9650,48.6852,0.0260
14.0150,48.6852,0.0268
14.0650,48.6852,0.0248
14.1150,48.6852,0.0277
14.1650,48.6852,0.0255
14.2150,48.6852,0.0264
14.2650,48.6852,0.0264
14.3150,48.6852,0.0273
14.3650,48.6852,0.0260
14.4150,48.6852,0.0280
14.4650,48.6852,0.0258
14.5150,48.6852,0.0260
14.5650,48.6852,0.0266
14.6150,48.6852,0.0270
14.6650,48.6852,0.0271
14.7150,48.6852,0.0250
14.7650,48.6852,0.0255
14.8150,48.6852,0.0254
14.8650,48.6852,0.0259
14.9150,48.6852,0.0259
14.9650,48.6852,0.0262
15.0150,48.6852,0.0244
15.0650,48.6852,0.0266
15.1150,48.6852,0.0247
15.1650,48.6852,0.0254
15.2150,48.6852,0.0255
15.2650,48.6852,0.0256
15.3150,48.6852,0.0263
15.3650,48.6852,0.0246
15.4150,48.6852,0.0255
15.4650,48.6852,0.0255
15.5150,48.6852,0.0269
15.5650,48.6852,0.0263
15.6150,48.6852,0.0286
15.6650,48.6852,0.0274
15.7150,48.6852,0.0276
15.7650,48.6852,0.0295
15.8150,48.6852,0.0314
15.8650,48.6852,0.0316
15.9150,48.6852,0.0308
15.9650,48.6852,0.0327
16.0150,48.6852,0.0327
16.0650,48.6852,0.0355
16.1150,48.6852,0.0355
16.1650,48.6852,0.0378
16.2150,48.6852,0.0367
16.2650,48.6852,0.0367
16.3150,48.6852,0.0388
16.3650,48.6852,0.0392
16.4150,48.6852,0.0410
16.4650,48.6852,0.0397
16.5150,48.6852,0.0438
16.5650,48.6852,0.0418
16.6150,48.6852,0.0454
16.6650,48.6852,0.0454
16.7150,48.6852,0.0495
16.7650,48.6852,0.0478
16.8150,48.6852,0.0477
16.8650,48.6852,0.0532
16.9150,48.6852,0.0532
16.9650,48.6852,0.0649
17.0150,48.6852,0.0687
17.0650,48.6852,0.0789
17.1150,48.6852,0.0762
17.1650,48.6852,0.0841
17.2150,48.6852,0.0845
17.2650,48.6852,0.0821
17.3150,48.6852,0.0886
17.3650,48.6852,0.0863
17.4150,48.6852,0.0888
17.4650,48.6852,0.0888
17.5150,48.6852,0.0857
17.5650,48.6852,0.0864
17.6150,48.6852,0.0864
17.6650,48.6852,0.0830
17.7150,48.6852,0.0830
17.7650,48.6852,0.0809
17.8150,48.6852,0.0801
17.8650,48.6852,0.0796
17.9150,48.6852,0.0764
17.9650,48.6852,0.0745
18.0150,48.6852,0.0745
18.0650,48.6852,0.0704
18.1150,48.6852,0.0676
18.1650,48.6852,0.0682
18.2150,48.6852,0.0569
18.2650,48.6852,0.0569
18.3150,48.6852,0.0530
18.3650,48.6852,0.0537
18.4150,48.6852,0.0537
18.4650,48.6852,0.0513
18.5150,48.6852,0.0513
18.5650,48.6852,0.0497
18.6150,48.6852,0.0492
18.6650,48.6852,0.0490
18.7150,48.6852,0.0479
18.7650,48.6852,0.0473
18.8150,48.6852,0.0473
12.1150,48.6352,0.0142
12.1650,48.6352,0.0139
12.2150,48.6352,0.0139
12.2650,48.6352,0.0137
12.3150,48.6352,0.0135
12.3650,48.6352,0.0135
12.4150,48.6352,0.0133
12.4650,48.6352,0.0131
12.5150,48.6352,0.0131
12.5650,48.6352,0.0132
12.6150,48.6352,0.0132
12.6650,48.6352,0.0133
12.7150,48.6352,0.0133
12.7650,48.6352,0.0135
12.8150,48.6352,0.0136
12.8650,48.6352,0.0140
12.9150,48.6352,0.0140
12.9650,48.6352,0.0144
13.0150,48.6352,0.0144
13.0650,48.6352,0.0151
13.1150,48.6352,0.0161
13.1650,48.6352,0.0160
13.2150,48.6352,0.0171
13.2650,48.6352,0.0180
13.3150,48.6352,0.0180
13.3650,48.6352,0.0188
13.4150,48.6352,0.0188
13.4650,48.6352,0.0204
13.5150,48.6352,0.0219
13.5650,48.6352,0.0219
13.6150,48.6352,0.0232
13.6650,48.6352,0.0235
13.7150,48.6352,0.0243
13.7650,48.6352,0.0246
13.8150,48.6352,0.0260
13.8650,48.6352,0.0262
13.9150,48.6352,0.0276
13.9650,48.6352,0.0276
14.0150,48.6352,0.0289
14.0650,48.6352,0.0278
14.1150,48.6352,0.0299
14.1650,48.6352,0.0285
14.2150,48.6352,0.0286
14.2650,48.6352,0.0294
14.3150,48.6352,0.0298
14.3650,48.6352,0.0301
14.4150,48.6352,0.0280
14.4650,48.6352,0.0286
14.5150,48.6352,0.0286
14.5650,48.6352,0.0290
14.6150,48.6352,0.0290
14.6650,48.6352,0.0294
14.7150,48.6352,0.0275
14.7650,48.6352,0.0295
14.8150,48.6352,0.0278
14.8650,48.6352,0.0281
14.9150,48.6352,0.0281
14.9650,48.6352,0.0280
15.0150,48.6352,0.0285
15.0650,48.6352,0.0267
15.1150,48.6352,0.0272
15.1650,48.6352,0.0272
15.2150,48.6352,0.0280
15.2650,48.6352,0.0266
15.3150,48.6352,0.0289
15.3650,48.6352,0.0272
15.4150,48.6352,0.0279
15.4650,48.6352,0.0284
15.5150,48.6352,0.0297
15.5650,48.6352,0.0297
15.6150,48.6352,0.0286
15.6650,48.6352,0.0304
15.7150,48.6352,0.0304
15.7650,48.6352,0.0324
15.8150,48.6352,0.0324
15.8650,48.6352,0.0354
15.9150,48.6352,0.0341
15.9650,48.6352,0.0358
16.0150,48.6352,0.0367
16.0650,48.6352,0.0387
16.1150,48.6352,0.0389
16.1650,48.6352,0.0378
16.2150,48.6352,0.0408
16.2650,48.6352,0.0400
16.3150,48.6352,0.0420
16.3650,48.6352,0.0420
16.4150,48.6352,0.0453
16.4650,48.6352,0.0438
16.5150,48.6352,0.0443
16.5650,48.6352,0.0474
16.6150,48.6352,0.0474
16.6650,48.6352,0.0510
16.7150,48.6352,0.0495
16.7650,48.6352,0.0547
16.8150,48.6352,0.0540
16.8650,48.6352,0.0621
16.9150,48.6352,0.0621
16.9650,48.6352,0.0750
17.0150,48.6352,0.0750
17.0650,48.6352,0.0790
17.1150,48.6352,0.0868
17.1650,48.6352,0.0868
17.2150,48.6352,0.0923
17.2650,48.6352,0.0887
17.3150,48.6352,0.0978
17.3650,48.6352,0.0899
17.4150,48.6352,0.0901
17.4650,48.6352,0.0927
17.5150,48.6352,0.0864
17.5650,48.6352,0.0895
17.6150,48.6352,0.0860
17.6650,48.6352,0.0852
17.7150,48.6352,0.0852
17.7650,48.6352,0.0817
17.8150,48.6352,0.0817
17.8650,48.6352,0.0796
17.9150,48.6352,0.0757
17.9650,48.6352,0.0757
18.0150,48.6352,0.0713
18.0650,48.6352,0.0677
18.1150,48.6352,0.0612
18.1650,48.6352,0.0603
18.2150,48.6352,0.0592
18.2650,48.6352,0.0540
18.3150,48.6352,0.0529
18.3650,48.6352,0.0520
18.4150,48.6352,0.0517
18.4650,48.6352,0.0506
18.5150,48.6352,0.0506
18.5650,48.6352,0.0497
18.6150,48.6352,0.0496
18.6650,48.6352,0.0490
18.7150,48.6352,0.0485
18.7650,48.6352,0.0485
18.8150,48.6352,0.0479
12.1150,48.5852,0.0142
12.1650,48.5852,0.0139
12.2150,48.5852,0.0139
12.2650,48.5852,0.0138
12.3150,48.5852,0.0138
12.3650,48.5852,0.0137
12.4150,48.5852,0.0134
12.4650,48.5852,0.0136
12.5150,48.5852,0.0134
12.5650,48.5852,0.0135
12.6150,48.5852,0.0135
12.6650,48.5852,0.0136
12.7150,48.5852,0.0136
12.7650,48.5852,0.0138
12.8150,48.5852,0.0138
12.8650,48.5852,0.0138
12.9150,48.5852,0.0141
12.9650,48.5852,0.0145
13.0150,48.5852,0.0145
13.0650,48.5852,0.0152
13.1150,48.5852,0.0153
13.1650,48.5852,0.0160
13.2150,48.5852,0.0170
13.2650,48.5852,0.0170
13.3150,48.5852,0.0179
13.3650,48.5852,0.0184
13.4150,48.5852,0.0188
13.4650,48.5852,0.0205
13.5150,48.5852,0.0206
13.5650,48.5852,0.0222
13.6150,48.5852,0.0236
13.6650,48.5852,0.0236
13.7150,48.5852,0.0250
13.7650,48.5852,0.0260
13.8150,48.5852,0.0264
13.8650,48.5852,0.0277
13.9150,48.5852,0.0277
13.9650,48.5852,0.0292
14.0150,48.5852,0.0296
14.0650,48.5852,0.0305
14.1150,48.5852,0.0299
14.1650,48.5852,0.0309
14.2150,48.5852,0.0309
14.2650,48.5852,0.0317
14.3150,48.5852,0.0317
14.3650,48.5852,0.0323
14.4150,48.5852,0.0306
14.4650,48.5852,0.0326
14.5150,48.5852,0.0309
14.5650,48.5852,0.0313
14.6150,48.5852,0.0313
14.6650,48.5852,0.0306
14.7150,48.5852,0.0314
14.7650,48.5852,0.0296
14.8150,48.5852,0.0298
14.8650,48.5852,0.0298
14.9150,48.5852,0.0301
14.9650,48.5852,0.0285
15.0150,48.5852,0.0305
15.0650,48.5852,0.0289
15.1150,48.5852,0.0297
15.1650,48.5852,0.0297
15.2150,48.5852,0.0305
15.2650,48.5852,0.0305
15.3150,48.5852,0.0289
15.3650,48.5852,0.0299
15.4150,48.5852,0.0299
15.4650,48.5852,0.0310
15.5150,48.5852,0.0310
15.5650,48.5852,0.0324
15.6150,48.5852,0.0314
15.6650,48.5852,0.0349
15.7150,48.5852,0.0339
15.7650,48.5852,0.0366
15.8150,48.5852,0.0366
15.8650,48.5852,0.0360
15.9150,48.5852,0.0388
15.9650,48.5852,0.0378
16.0150,48.5852,0.0398
16.0650,48.5852,0.0398
16.1150,48.5852,0.0418
16.1650,48.5852,0.0409
16.2150,48.5852,0.0450
16.2650,48.5852,0.0434
16.3150,48.5852,0.0438
16.3650,48.5852,0.0470
16.4150,48.5852,0.0460
16.4650,48.5852,0.0502
16.5150,48.5852,0.0487
16.5650,48.5852,0.0521
16.6150,48.5852,0.0521
16.6650,48.5852,0.0563
16.7150,48.5852,0.0562
16.7650,48.5852,0.0589
16.8150,48.5852,0.0623
16.8650,48.5852,0.0623
16.9150,48.5852,0.0714
16.9650,48.5852,0.0751
17.0150,48.5852,0.0863
17.0650,48.5852,0.0888
17.1150,48.5852,0.0932
17.1650,48.5852,0.0933
17.2150,48.5852,0.0941
17.2650,48.5852,0.0941
17.3150,48.5852,0.0979
17.3650,48.5852,0.0919
17.4150,48.5852,0.0919
17.4650,48.5852,0.0902
17.5150,48.5852,0.0901
17.5650,48.5852,0.0879
17.6150,48.5852,0.0859
17.6650,48.5852,0.0859
17.7150,48.5852,0.0833
17.7650,48.5852,0.0813
17.8150,48.5852,0.0785
17.8650,48.5852,0.0802
17.9150,48.5852,0.0713
17.9650,48.5852,0.0712
18.0150,48.5852,0.0643
18.0650,48.5852,0.0643
18.1150,48.5852,0.0611
18.1650,48.5852,0.0546
18.2150,48.5852,0.0546
18.2650,48.5852,0.0529
18.3150,48.5852,0.0524
18.3650,48.5852,0.0522
18.4150,48.5852,0.0510
18.4650,48.5852,0.0510
18.5150,48.5852,0.0505
18.5650,48.5852,0.0497
18.6150,48.5852,0.0503
18.6650,48.5852,0.0490
18.7150,48.5852,0.0487
18.7650,48.5852,0.0487
18.8150,48.5852,0.0485
