lon,lat,pga_g
9.5250,49.4750,0.0271
9.5750,49.4750,0.0245
9.6250,49.4750,0.0244
9.6750,49.4750,0.0229
9.7250,49.4750,0.0215
9.7750,49.4750,0.0213
9.8250,49.4750,0.0198
9.8750,49.4750,0.0186
9.9250,49.4750,0.0186
9.9750,49.4750,0.0177
10.0250,49.4750,0.0177
10.0750,49.4750,0.0170
10.1250,49.4750,0.0161
10.1750,49.4750,0.0163
10.2250,49.4750,0.0154
10.2750,49.4750,0.0149
10.3250,49.4750,0.0149
10.3750,49.4750,0.0145
10.4250,49.4750,0.0145
10.4750,49.4750,0.0144
10.5250,49.4750,0.0140
10.5750,49.4750,0.0143
10.6250,49.4750,0.0140
10.6750,49.4750,0.0140
10.7250,49.4750,0.0140
10.7750,49.4750,0.0140
10.8250,49.4750,0.0140
10.8750,49.4750,0.0141
10.9250,49.4750,0.0138
10.9750,49.4750,0.0142
11.0250,49.4750,0.0139
11.0750,49.4750,0.0142
11.1250,49.4750,0.0140
11.1750,49.4750,0.0141
11.2250,49.4750,0.0141
11.2750,49.4750,0.0142
11.3250,49.4750,0.0140
11.3750,49.4750,0.0142
11.4250,49.4750,0.0141
11.4750,49.4750,0.0141
11.5250,49.4750,0.0142
11.5750,49.4750,0.0142
11.6250,49.4750,0.0142
11.6750,49.4750,0.0142
11.7250,49.4750,0.0142
11.7750,49.4750,0.0142
11.8250,49.4750,0.0142
11.8750,49.4750,0.0142
11.9250,49.4750,0.0142
11.9750,49.4750,0.0143
12.0250,49.4750,0.0141
12.0750,49.4750,0.0144
12.1250,49.4750,0.0140
12.1750,49.4750,0.0143
12.2250,49.4750,0.0142
12.2750,49.4750,0.0142
12.3250,49.4750,0.0142
12.3750,49.4750,0.0144
12.4250,49.4750,0.0141
12.4750,49.4750,0.0145
12.5250,49.4750,0.0140
12.5750,49.4750,0.0143
12.6250,49.4750,0.0140
12.6750,49.4750,0.0140
12.7250,49.4750,0.0137
12.7750,49.4750,0.0137
12.8250,49.4750,0.0138
12.8750,49.4750,0.0132
12.9250,49.4750,0.0132
12.9750,49.4750,0.0127
13.0250,49.4750,0.0126
13.0750,49.4750,0.0122
13.1250,49.4750,0.0121
13.1750,49.4750,0.0117
13.2250,49.4750,0.0116
13.2750,49.4750,0.0112
13.3250,49.4750,0.0112
13.3750,49.4750,0.0110
13.4250,49.4750,0.0110
13.4750,49.4750,0.0108
13.5250,49.4750,0.0107
13.5750,49.4750,0.0107
13.6250,49.4750,0.0106
13.6750,49.4750,0.0104
13.7250,49.4750,0.0104
13.7750,49.4750,0.0103
13.8250,49.4750,0.0103
13.8750,49.4750,0.0102
13.9250,49.4750,0.0102
13.9750,49.4750,0.0102
14.0250,49.4750,0.0102
14.0750,49.4750,0.0101
14.1250,49.4750,0.0102
14.1750,49.4750,0.0100
14.2250,49.4750,0.0100
14.2750,49.4750,0.0101
14.3250,49.4750,0.0101
14.3750,49.4750,0.0101
14.4250,49.4750,0.0100
14.4750,49.4750,0.0101
14.5250,49.4750,0.0100
14.5750,49.4750,0.0101
14.6250,49.4750,0.0101
14.6750,49.4750,0.0103
14.7250,49.4750,0.0101
14.7750,49.4750,0.0104
14.8250,49.4750,0.0102
14.8750,49.4750,0.0102
14.9250,49.4750,0.0103
14.9750,49.4750,0.0104
15.0250,49.4750,0.0105
15.0750,49.4750,0.0103
15.1250,49.4750,0.0105
15.1750,49.4750,0.0105
15.2250,49.4750,0.0106
15.2750,49.4750,0.0106
15.3250,49.4750,0.0107
15.3750,49.4750,0.0106
15.4250,49.4750,0.0106
15.4750,49.4750,0.0108
15.5250,49.4750,0.0108
15.5750,49.4750,0.0109
15.6250,49.4750,0.0108
15.6750,49.4750,0.0111
15.7250,49.4750,0.0110
15.7750,49.4750,0.0112
15.8250,49.4750,0.0112
15.8750,49.4750,0.0115
15.9250,49.4750,0.0115
15.9750,49.4750,0.0114
16.0250,49.4750,0.0117
16.0750,49.4750,0.0117
16.1250,49.4750,0.0121
16.1750,49.4750,0.0121
16.2250,49.4750,0.0125
16.2750,49.4750,0.0124
16.3250,49.4750,0.0126
16.3750,49.4750,0.0128
16.4250,49.4750,0.0131
16.4750,49.4750,0.0131
16.5250,49.4750,0.0131
16.5750,49.4750,0.0135
16.6250,49.4750,0.0135
16.6750,49.4750,0.0139
16.7250,49.4750,0.0139
16.7750,49.4750,0.0143
16.8250,49.4750,0.0143
16.8750,49.4750,0.0143
16.9250,49.4750,0.0148
16.9750,49.4750,0.0148
17.0250,49.4750,0.0156
17.0750,49.4750,0.0156
17.1250,49.4750,0.0163
17.1750,49.4750,0.0163
17.2250,49.4750,0.0165
17.2750,49.4750,0.0170
17.3250,49.4750,0.0172
17.3750,49.4750,0.0177
17.4250,49.4750,0.0177
17.4750,49.4750,0.0184
9.5250,49.4250,0.0265
9.5750,49.4250,0.0242
9.6250,49.4250,0.0242
9.6750,49.4250,0.0227
9.7250,49.4250,0.0227
9.7750,49.4250,0.0212
9.8250,49.4250,0.0197
9.8750,49.4250,0.0197
9.9250,49.4250,0.0185
9.9750,49.4250,0.0178
10.0250,49.4250,0.0178
10.0750,49.4250,0.0172
10.1250,49.4250,0.0172
10.1750,49.4250,0.0166
10.2250,49.4250,0.0157
10.2750,49.4250,0.0158
10.3250,49.4250,0.0153
10.3750,49.4250,0.0151
10.4250,49.4250,0.0151
10.4750,49.4250,0.0149
10.5250,49.4250,0.0149
10.5750,49.4250,0.0147
10.6250,49.4250,0.0143
10.6750,49.4250,0.0143
10.7250,49.4250,0.0144
10.7750,49.4250,0.0144
10.8250,49.4250,0.0144
10.8750,49.4250,0.0144
10.9250,49.4250,0.0145
10.9750,49.4250,0.0142
11.0250,49.4250,0.0143
11.0750,49.4250,0.0143
11.1250,49.4250,0.0144
11.1750,49.4250,0.0144
11.2250,49.4250,0.0144
11.2750,49.4250,0.0142
11.3250,49.4250,0.0145
11.3750,49.4250,0.0142
11.4250,49.4250,0.0143
11.4750,49.4250,0.0143
11.5250,49.4250,0.0143
11.5750,49.4250,0.0143
11.6250,49.4250,0.0142
11.6750,49.4250,0.0142
11.7250,49.4250,0.0142
11.7750,49.4250,0.0141
11.8250,49.4250,0.0141
11.8750,49.4250,0.0140
11.9250,49.4250,0.0140
11.9750,49.4250,0.0140
12.0250,49.4250,0.0138
12.0750,49.4250,0.0140
12.1250,49.4250,0.0137
12.1750,49.4250,0.0139
12.2250,49.4250,0.0139
12.2750,49.4250,0.0138
12.3250,49.4250,0.0137
12.3750,49.4250,0.0137
12.4250,49.4250,0.0140
12.4750,49.4250,0.0139
12.5250,49.4250,0.0139
12.5750,49.4250,0.0138
12.6250,49.4250,0.0138
12.6750,49.4250,0.0135
12.7250,49.4250,0.0137
12.7750,49.4250,0.0132
12.8250,49.4250,0.0133
12.8750,49.4250,0.0128
12.9250,49.4250,0.0128
12.9750,49.4250,0.0123
13.0250,49.4250,0.0123
13.0750,49.4250,0.0118
13.1250,49.4250,0.0117
13.1750,49.4250,0.0116
13.2250,49.4250,0.0112
13.2750,49.4250,0.0112
13.3250,49.4250,0.0110
13.3750,49.4250,0.0109
13.4250,49.4250,0.0108
13.4750,49.4250,0.0108
13.5250,49.4250,0.0106
13.5750,49.4250,0.0106
13.6250,49.4250,0.0105
13.6750,49.4250,0.0105
13.7250,49.4250,0.0104
13.7750,49.4250,0.0103
13.8250,49.4250,0.0104
13.8750,49.4250,0.0103
13.9250,49.4250,0.0103
13.9750,49.4250,0.0103
14.0250,49.4250,0.0103
14.0750,49.4250,0.0103
14.1250,49.4250,0.0102
14.1750,49.4250,0.0102
14.2250,49.4250,0.0102
14.2750,49.4250,0.0103
14.3250,49.4250,0.0103
14.3750,49.4250,0.0104
14.4250,49.4250,0.0102
14.4750,49.4250,0.0105
14.5250,49.4250,0.0103
14.5750,49.4250,0.0104
14.6250,49.4250,0.0104
14.6750,49.4250,0.0105
14.7250,49.4250,0.0106
14.7750,49.4250,0.0104
14.8250,49.4250,0.0105
14.8750,49.4250,0.0105
14.9250,49.4250,0.0106
14.9750,49.4250,0.0106
15.0250,49.4250,0.0108
15.0750,49.4250,0.0106
15.1250,49.4250,0.0107
15.1750,49.4250,0.0107
15.2250,49.4250,0.0108
15.2750,49.4250,0.0109
15.3250,49.4250,0.0107
15.3750,49.4250,0.0110
15.4250,49.4250,0.0109
15.4750,49.4250,0.0110
15.5250,49.4250,0.0110
15.5750,49.4250,0.0112
15.6250,49.4250,0.0112
15.6750,49.4250,0.0115
15.7250,49.4250,0.0113
15.7750,49.4250,0.0113
15.8250,49.4250,0.0117
15.8750,49.4250,0.0116
15.9250,49.4250,0.0120
15.9750,49.4250,0.0119
16.0250,49.4250,0.0124
16.0750,49.4250,0.0122
16.1250,49.4250,0.0126
16.1750,49.4250,0.0126
16.2250,49.4250,0.0127
16.2750,49.4250,0.0129
16.3250,49.4250,0.0128
16.3750,49.4250,0.0132
16.4250,49.4250,0.0132
16.4750,49.4250,0.0136
16.5250,49.4250,0.0135
16.5750,49.4250,0.0140
16.6250,49.4250,0.0140
16.6750,49.4250,0.0140
16.7250,49.4250,0.0144
16.7750,49.4250,0.0143
16.8250,49.4250,0.0150
16.8750,49.4250,0.0149
16.9250,49.4250,0.0156
16.9750,49.4250,0.0156
17.0250,49.4250,0.0164
17.0750,49.4250,0.0164
17.1250,49.4250,0.0163
17.1750,49.4250,0.0170
17.2250,49.4250,0.0170
17.2750,49.4250,0.0178
17.3250,49.4250,0.0178
17.3750,49.4250,0.0185
17.4250,49.4250,0.0184
17.4750,49.4250,0.0184
9.5250,49.3750,0.0260
9.5750,49.3750,0.0260
9.6250,49.3750,0.0240
9.6750,49.3750,0.0230
9.7250,49.3750,0.0225
9.7750,49.3750,0.0212
9.8250,49.3750,0.0212
9.8750,49.3750,0.0197
9.9250,49.3750,0.0186
9.9750,49.3750,0.0186
10.0250,49.3750,0.0180
10.0750,49.3750,0.0179
10.1250,49.3750,0.0174
10.1750,49.3750,0.0166
10.2250,49.3750,0.0170
10.2750,49.3750,0.0162
10.3250,49.3750,0.0158
10.3750,49.3750,0.0158
10.4250,49.3750,0.0157
10.4750,49.3750,0.0157
10.5250,49.3750,0.0157
10.5750,49.3750,0.0149
10.6250,49.3750,0.0157
10.6750,49.3750,0.0150
10.7250,49.3750,0.0151
10.7750,49.3750,0.0151
10.8250,49.3750,0.0153
10.8750,49.3750,0.0153
10.9250,49.3750,0.0154
10.9750,49.3750,0.0147
11.0250,49.3750,0.0156
11.0750,49.3750,0.0149
11.1250,49.3750,0.0150
11.1750,49.3750,0.0150
11.2250,49.3750,0.0151
11.2750,49.3750,0.0151
11.3250,49.3750,0.0152
11.3750,49.3750,0.0145
11.4250,49.3750,0.0149
11.4750,49.3750,0.0145
11.5250,49.3750,0.0145
11.5750,49.3750,0.0144
11.6250,49.3750,0.0143
11.6750,49.3750,0.0143
11.7250,49.3750,0.0142
11.7750,49.3750,0.0141
11.8250,49.3750,0.0141
11.8750,49.3750,0.0139
11.9250,49.3750,0.0139
11.9750,49.3750,0.0138
12.0250,49.3750,0.0138
12.0750,49.3750,0.0136
12.1250,49.3750,0.0137
12.1750,49.3750,0.0135
12.2250,49.3750,0.0135
12.2750,49.3750,0.0133
12.3250,49.3750,0.0133
12.3750,49.3750,0.0132
12.4250,49.3750,0.0135
12.4750,49.3750,0.0131
12.5250,49.3750,0.0134
12.5750,49.3750,0.0133
12.6250,49.3750,0.0133
12.6750,49.3750,0.0131
12.7250,49.3750,0.0131
12.7750,49.3750,0.0128
12.8250,49.3750,0.0128
12.8750,49.3750,0.0128
12.9250,49.3750,0.0123
12.9750,49.3750,0.0123
13.0250,49.3750,0.0119
13.0750,49.3750,0.0118
13.1250,49.3750,0.0116
13.1750,49.3750,0.0114
13.2250,49.3750,0.0111
13.2750,49.3750,0.0111
13.3250,49.3750,0.0109
13.3750,49.3750,0.0109
13.4250,49.3750,0.0108
13.4750,49.3750,0.0107
13.5250,49.3750,0.0107
13.5750,49.3750,0.0106
13.6250,49.3750,0.0105
13.6750,49.3750,0.0105
13.7250,49.3750,0.0105
13.7750,49.3750,0.0105
13.8250,49.3750,0.0104
13.8750,49.3750,0.0104
13.9250,49.3750,0.0104
13.9750,49.3750,0.0105
14.0250,49.3750,0.0105
14.0750,49.3750,0.0105
14.1250,49.3750,0.0104
14.1750,49.3750,0.0106
14.2250,49.3750,0.0104
14.2750,49.3750,0.0106
14.3250,49.3750,0.0106
14.3750,49.3750,0.0107
14.4250,49.3750,0.0107
14.4750,49.3750,0.0105
14.5250,49.3750,0.0106
14.5750,49.3750,0.0106
14.6250,49.3750,0.0108
14.6750,49.3750,0.0108
14.7250,49.3750,0.0109
14.7750,49.3750,0.0107
14.8250,49.3750,0.0109
14.8750,49.3750,0.0108
14.9250,49.3750,0.0109
14.9750,49.3750,0.0109
15.0250,49.3750,0.0108
15.0750,49.3750,0.0111
15.1250,49.3750,0.0109
15.1750,49.3750,0.0110
15.2250,49.3750,0.0110
15.2750,49.3750,0.0112
15.3250,49.3750,0.0111
15.3750,49.3750,0.0115
15.4250,49.3750,0.0112
15.4750,49.3750,0.0112
15.5250,49.3750,0.0115
15.5750,49.3750,0.0116
15.6250,49.3750,0.0118
15.6750,49.3750,0.0115
15.7250,49.3750,0.0119
15.7750,49.3750,0.0119
15.8250,49.3750,0.0122
15.8750,49.3750,0.0122
15.9250,49.3750,0.0126
15.9750,49.3750,0.0124
16.0250,49.3750,0.0124
16.0750,49.3750,0.0127
16.1250,49.3750,0.0127
16.1750,49.3750,0.0131
16.2250,49.3750,0.0129
16.2750,49.3750,0.0135
16.3250,49.3750,0.0134
16.3750,49.3750,0.0138
16.4250,49.3750,0.0138
16.4750,49.3750,0.0141
16.5250,49.3750,0.0142
16.5750,49.3750,0.0140
16.6250,49.3750,0.0144
16.6750,49.3750,0.0144
16.7250,49.3750,0.0152
16.7750,49.3750,0.0152
16.8250,49.3750,0.0159
16.8750,49.3750,0.0158
16.9250,49.3750,0.0158
16.9750,49.3750,0.0166
17.0250,49.3750,0.0165
17.0750,49.3750,0.0173
17.1250,49.3750,0.0172
17.1750,49.3750,0.0179
17.2250,49.3750,0.0179
17.2750,49.3750,0.0186
17.3250,49.3750,0.0186
17.3750,49.3750,0.0185
17.4250,49.3750,0.0193
17.4750,49.3750,0.0193
9.5250,49.3250,0.0281
9.5750,49.3250,0.0257
9.6250,49.3250,0.0239
9.6750,49.3250,0.0239
9.7250,49.3250,0.0226
9.7750,49.3250,0.0214
9.8250,49.3250,0.0213
9.8750,49.3250,0.0198
9.9250,49.3250,0.0198
9.9750,49.3250,0.0188
10.0250,49.3250,0.0182
10.0750,49.3250,0.0182
10.1250,49.3250,0.0178
10.1750,49.3250,0.0177
10.2250,49.3250,0.0173
10.2750,49.3250,0.0166
10.3250,49.3250,0.0166
10.3750,49.3250,0.0164
10.4250,49.3250,0.0164
10.4750,49.3250,0.0164
10.5250,49.3250,0.0165
10.5750,49.3250,0.0165
10.6250,49.3250,0.0158
10.6750,49.3250,0.0159
10.7250,49.3250,0.0159
10.7750,49.3250,0.0161
10.8250,49.3250,0.0162
10.8750,49.3250,0.0163
10.9250,49.3250,0.0158
10.9750,49.3250,0.0165
11.0250,49.3250,0.0156
11.0750,49.3250,0.0158
11.1250,49.3250,0.0158
11.1750,49.3250,0.0159
11.2250,49.3250,0.0159
11.2750,49.3250,0.0160
11.3250,49.3250,0.0152
11.3750,49.3250,0.0159
11.4250,49.3250,0.0151
11.4750,49.3250,0.0150
11.5250,49.3250,0.0150
11.5750,49.3250,0.0148
11.6250,49.3250,0.0148
11.6750,49.3250,0.0145
11.7250,49.3250,0.0142
11.7750,49.3250,0.0143
11.8250,49.3250,0.0141
11.8750,49.3250,0.0139
11.9250,49.3250,0.0139
11.9750,49.3250,0.0137
12.0250,49.3250,0.0137
12.0750,49.3250,0.0134
12.1250,49.3250,0.0134
12.1750,49.3250,0.0133
12.2250,49.3250,0.0132
12.2750,49.3250,0.0130
12.3250,49.3250,0.0130
12.3750,49.3250,0.0129
12.4250,49.3250,0.0128
12.4750,49.3250,0.0131
12.5250,49.3250,0.0130
12.5750,49.3250,0.0130
12.6250,49.3250,0.0129
12.6750,49.3250,0.0129
12.7250,49.3250,0.0127
12.7750,49.3250,0.0128
12.8250,49.3250,0.0125
12.8750,49.3250,0.0124
12.9250,49.3250,0.0121
12.9750,49.3250,0.0121
13.0250,49.3250,0.0118
13.0750,49.3250,0.0118
13.1250,49.3250,0.0115
13.1750,49.3250,0.0112
13.2250,49.3250,0.0112
13.2750,49.3250,0.0111
13.3250,49.3250,0.0110
13.3750,49.3250,0.0110
13.4250,49.3250,0.0108
13.4750,49.3250,0.0109
13.5250,49.3250,0.0107
13.5750,49.3250,0.0107
13.6250,49.3250,0.0107
13.6750,49.3250,0.0107
13.7250,49.3250,0.0107
13.7750,49.3250,0.0107
13.8250,49.3250,0.0105
13.8750,49.3250,0.0108
13.9250,49.3250,0.0106
13.9750,49.3250,0.0107
14.0250,49.3250,0.0107
14.0750,49.3250,0.0107
14.1250,49.3250,0.0108
14.1750,49.3250,0.0106
14.2250,49.3250,0.0107
14.2750,49.3250,0.0107
14.3250,49.3250,0.0109
14.3750,49.3250,0.0107
14.4250,49.3250,0.0110
14.4750,49.3250,0.0108
14.5250,49.3250,0.0112
14.5750,49.3250,0.0110
14.6250,49.3250,0.0111
14.6750,49.3250,0.0111
14.7250,49.3250,0.0110
14.7750,49.3250,0.0111
14.8250,49.3250,0.0110
14.8750,49.3250,0.0111
14.9250,49.3250,0.0111
14.9750,49.3250,0.0114
15.0250,49.3250,0.0111
15.0750,49.3250,0.0117
15.1250,49.3250,0.0113
15.1750,49.3250,0.0114
15.2250,49.3250,0.0116
15.2750,49.3250,0.0118
15.3250,49.3250,0.0118
15.3750,49.3250,0.0115
15.4250,49.3250,0.0118
15.4750,49.3250,0.0118
15.5250,49.3250,0.0120
15.5750,49.3250,0.0120
15.6250,49.3250,0.0123
15.6750,49.3250,0.0121
15.7250,49.3250,0.0122
15.7750,49.3250,0.0124
15.8250,49.3250,0.0125
15.8750,49.3250,0.0128
15.9250,49.3250,0.0126
15.9750,49.3250,0.0132
16.0250,49.3250,0.0129
16.0750,49.3250,0.0133
16.1250,49.3250,0.0133
16.1750,49.3250,0.0137
16.2250,49.3250,0.0137
16.2750,49.3250,0.0135
16.3250,49.3250,0.0139
16.3750,49.3250,0.0139
16.4250,49.3250,0.0143
16.4750,49.3250,0.0142
16.5250,49.3250,0.0150
16.5750,49.3250,0.0146
16.6250,49.3250,0.0149
16.6750,49.3250,0.0154
16.7250,49.3250,0.0162
16.7750,49.3250,0.0162
16.8250,49.3250,0.0160
16.8750,49.3250,0.0168
16.9250,49.3250,0.0167
16.9750,49.3250,0.0175
17.0250,49.3250,0.0175
17.0750,49.3250,0.0183
17.1250,49.3250,0.0181
17.1750,49.3250,0.0181
17.2250,49.3250,0.0188
17.2750,49.3250,0.0188
17.3250,49.3250,0.0199
17.3750,49.3250,0.0195
17.4250,49.3250,0.0210
17.4750,49.3250,0.0208
9.5250,49.2750,0.0280
9.5750,49.2750,0.0257
9.6250,49.2750,0.0257
9.6750,49.2750,0.0240
9.7250,49.2750,0.0226
9.7750,49.2750,0.0228
9.8250,49.2750,0.0213
9.8750,49.2750,0.0204
9.9250,49.2750,0.0201
9.9750,49.2750,0.0191
10.0250,49.2750,0.0191
10.0750,49.2750,0.0186
10.1250,49.2750,0.0178
10.1750,49.2750,0.0182
10.2250,49.2750,0.0175
10.2750,49.2750,0.0178
10.3250,49.2750,0.0172
10.3750,49.2750,0.0172
10.4250,49.2750,0.0172
10.4750,49.2750,0.0173
10.5250,49.2750,0.0165
10.5750,49.2750,0.0174
10.6250,49.2750,0.0167
10.6750,49.2750,0.0176
10.7250,49.2750,0.0169
10.7750,49.2750,0.0171
10.8250,49.2750,0.0171
10.8750,49.2750,0.0174
10.9250,49.2750,0.0168
10.9750,49.2750,0.0176
11.0250,49.2750,0.0167
11.0750,49.2750,0.0177
11.1250,49.2750,0.0168
11.1750,49.2750,0.0169
11.2250,49.2750,0.0169
11.2750,49.2750,0.0169
11.3250,49.2750,0.0168
11.3750,49.2750,0.0168
11.4250,49.2750,0.0158
11.4750,49.2750,0.0159
11.5250,49.2750,0.0156
11.5750,49.2750,0.0153
11.6250,49.2750,0.0153
11.6750,49.2750,0.0148
11.7250,49.2750,0.0149
11.7750,49.2750,0.0143
11.8250,49.2750,0.0141
11.8750,49.2750,0.0141
11.9250,49.2750,0.0139
11.9750,49.2750,0.0137
12.0250,49.2750,0.0136
12.0750,49.2750,0.0134
12.1250,49.2750,0.0133
12.1750,49.2750,0.0132
12.2250,49.2750,0.0129
12.2750,49.2750,0.0129
12.3250,49.2750,0.0127
12.3750,49.2750,0.0127
12.4250,49.2750,0.0125
12.4750,49.2750,0.0127
12.5250,49.2750,0.0124
12.5750,49.2750,0.0126
12.6250,49.2750,0.0125
12.6750,49.2750,0.0125
12.7250,49.2750,0.0124
12.7750,49.2750,0.0124
12.8250,49.2750,0.0125
12.8750,49.2750,0.0122
12.9250,49.2750,0.0122
12.9750,49.2750,0.0120
13.0250,49.2750,0.0118
13.0750,49.2750,0.0118
13.1250,49.2750,0.0115
13.1750,49.2750,0.0116
13.2250,49.2750,0.0113
13.2750,49.2750,0.0111
13.3250,49.2750,0.0111
13.3750,49.2750,0.0111
13.4250,49.2750,0.0109
13.4750,49.2750,0.0110
13.5250,49.2750,0.0109
13.5750,49.2750,0.0109
13.6250,49.2750,0.0109
13.6750,49.2750,0.0109
13.7250,49.2750,0.0109
13.7750,49.2750,0.0108
13.8250,49.2750,0.0109
13.8750,49.2750,0.0108
13.9250,49.2750,0.0109
13.9750,49.2750,0.0109
14.0250,49.2750,0.0110
14.0750,49.2750,0.0108
14.1250,49.2750,0.0113
14.1750,49.2750,0.0109
14.2250,49.2750,0.0113
14.2750,49.2750,0.0111
14.3250,49.2750,0.0114
14.3750,49.2750,0.0114
14.4250,49.2750,0.0112
14.4750,49.2750,0.0113
14.5250,49.2750,0.0113
14.5750,49.2750,0.0116
14.6250,49.2750,0.0116
14.6750,49.2750,0.0118
14.7250,49.2750,0.0114
14.7750,49.2750,0.0121
14.8250,49.2750,0.0116
14.8750,49.2750,0.0119
14.9250,49.2750,0.0119
14.9750,49.2750,0.0122
15.0250,49.2750,0.0122
15.0750,49.2750,0.0117
15.1250,49.2750,0.0120
15.1750,49.2750,0.0120
15.2250,49.2750,0.0122
15.2750,49.2750,0.0122
15.3250,49.2750,0.0125
15.3750,49.2750,0.0121
15.4250,49.2750,0.0126
15.4750,49.2750,0.0124
15.5250,49.2750,0.0127
15.5750,49.2750,0.0127
15.6250,49.2750,0.0124
15.6750,49.2750,0.0130
15.7250,49.2750,0.0127
15.7750,49.2750,0.0130
15.8250,49.2750,0.0130
15.8750,49.2750,0.0134
15.9250,49.2750,0.0133
15.9750,49.2750,0.0137
16.0250,49.2750,0.0135
16.0750,49.2750,0.0135
16.1250,49.2750,0.0139
16.1750,49.2750,0.0137
16.2250,49.2750,0.0143
16.2750,49.2750,0.0141
16.3250,49.2750,0.0146
16.3750,49.2750,0.0145
16.4250,49.2750,0.0153
16.4750,49.2750,0.0153
16.5250,49.2750,0.0151
16.5750,49.2750,0.0158
16.6250,49.2750,0.0158
16.6750,49.2750,0.0165
16.7250,49.2750,0.0165
16.7750,49.2750,0.0173
16.8250,49.2750,0.0170
16.8750,49.2750,0.0174
16.9250,49.2750,0.0178
16.9750,49.2750,0.0183
17.0250,49.2750,0.0185
17.0750,49.2750,0.0183
17.1250,49.2750,0.0195
17.1750,49.2750,0.0190
17.2250,49.2750,0.0203
17.2750,49.2750,0.0203
17.3250,49.2750,0.0216
17.3750,49.2750,0.0214
17.4250,49.2750,0.0212
17.4750,49.2750,0.0226
9.5250,49.2250,0.0280
9.5750,49.2250,0.0268
9.6250,49.2250,0.0257
9.6750,49.2250,0.0241
9.7250,49.2250,0.0241
9.7750,49.2250,0.0230
9.8250,49.2250,0.0216
9.8750,49.2250,0.0217
9.9250,49.2250,0.0205
9.9750,49.2250,0.0204
10.0250,49.2250,0.0196
10.0750,49.2250,0.0190
10.1250,49.2250,0.0190
10.1750,49.2250,0.0187
10.2250,49.2250,0.0180
10.2750,49.2250,0.0181
10.3250,49.2250,0.0179
10.3750,49.2250,0.0179
10.4250,49.2250,0.0180
10.4750,49.2250,0.0182
10.5250,49.2250,0.0182
10.5750,49.2250,0.0182
10.6250,49.2250,0.0177
10.6750,49.2250,0.0177
10.7250,49.2250,0.0179
10.7750,49.2250,0.0179
10.8250,49.2250,0.0182
10.8750,49.2250,0.0183
10.9250,49.2250,0.0185
10.9750,49.2250,0.0176
11.0250,49.2250,0.0179
11.0750,49.2250,0.0177
11.1250,49.2250,0.0179
11.1750,49.2250,0.0179
11.2250,49.2250,0.0179
11.2750,49.2250,0.0170
11.3250,49.2250,0.0179
11.3750,49.2250,0.0168
11.4250,49.2250,0.0172
11.4750,49.2250,0.0166
11.5250,49.2250,0.0163
11.5750,49.2250,0.0163
11.6250,49.2250,0.0159
11.6750,49.2250,0.0149
11.7250,49.2250,0.0153
11.7750,49.2250,0.0145
11.8250,49.2250,0.0146
11.8750,49.2250,0.0142
11.9250,49.2250,0.0139
11.9750,49.2250,0.0139
12.0250,49.2250,0.0135
12.0750,49.2250,0.0133
12.1250,49.2250,0.0132
12.1750,49.2250,0.0130
12.2250,49.2250,0.0130
12.2750,49.2250,0.0127
12.3250,49.2250,0.0125
12.3750,49.2250,0.0124
12.4250,49.2250,0.0125
12.4750,49.2250,0.0123
12.5250,49.2250,0.0124
12.5750,49.2250,0.0123
12.6250,49.2250,0.0123
12.6750,49.2250,0.0122
12.7250,49.2250,0.0124
12.7750,49.2250,0.0123
12.8250,49.2250,0.0123
12.8750,49.2250,0.0122
12.9250,49.2250,0.0122
12.9750,49.2250,0.0121
13.0250,49.2250,0.0121
13.0750,49.2250,0.0120
13.1250,49.2250,0.0116
13.1750,49.2250,0.0119
13.2250,49.2250,0.0115
13.2750,49.2250,0.0115
13.3250,49.2250,0.0114
13.3750,49.2250,0.0114
13.4250,49.2250,0.0115
13.4750,49.2250,0.0110
13.5250,49.2250,0.0111
13.5750,49.2250,0.0111
13.6250,49.2250,0.0112
13.6750,49.2250,0.0112
13.7250,49.2250,0.0114
13.7750,49.2250,0.0110
13.8250,49.2250,0.0116
13.8750,49.2250,0.0111
13.9250,49.2250,0.0114
13.9750,49.2250,0.0114
14.0250,49.2250,0.0118
14.0750,49.2250,0.0118
14.1250,49.2250,0.0113
14.1750,49.2250,0.0116
14.2250,49.2250,0.0116
14.2750,49.2250,0.0119
14.3250,49.2250,0.0119
14.3750,49.2250,0.0122
14.4250,49.2250,0.0118
14.4750,49.2250,0.0126
14.5250,49.2250,0.0120
14.5750,49.2250,0.0123
14.6250,49.2250,0.0123
14.6750,49.2250,0.0126
14.7250,49.2250,0.0126
14.7750,49.2250,0.0121
14.8250,49.2250,0.0124
14.8750,49.2250,0.0124
14.9250,49.2250,0.0126
14.9750,49.2250,0.0126
15.0250,49.2250,0.0129
15.0750,49.2250,0.0124
15.1250,49.2250,0.0131
15.1750,49.2250,0.0126
15.2250,49.2250,0.0129
15.2750,49.2250,0.0129
15.3250,49.2250,0.0128
15.3750,49.2250,0.0130
15.4250,49.2250,0.0127
15.4750,49.2250,0.0130
15.5250,49.2250,0.0130
15.5750,49.2250,0.0133
15.6250,49.2250,0.0130
15.6750,49.2250,0.0136
15.7250,49.2250,0.0133
15.7750,49.2250,0.0134
15.8250,49.2250,0.0137
15.8750,49.2250,0.0138
15.9250,49.2250,0.0140
15.9750,49.2250,0.0138
16.0250,49.2250,0.0142
16.0750,49.2250,0.0142
16.1250,49.2250,0.0146
16.1750,49.2250,0.0146
16.2250,49.2250,0.0153
16.2750,49.2250,0.0149
16.3250,49.2250,0.0149
16.3750,49.2250,0.0157
16.4250,49.2250,0.0157
16.4750,49.2250,0.0165
16.5250,49.2250,0.0161
16.5750,49.2250,0.0172
16.6250,49.2250,0.0169
16.6750,49.2250,0.0177
16.7250,49.2250,0.0177
16.7750,49.2250,0.0179
16.8250,49.2250,0.0184
16.8750,49.2250,0.0181
16.9250,49.2250,0.0188
16.9750,49.2250,0.0188
17.0250,49.2250,0.0202
17.0750,49.2250,0.0195
17.1250,49.2250,0.0206
17.1750,49.2250,0.0209
17.2250,49.2250,0.0209
17.2750,49.2250,0.0223
17.3250,49.2250,0.0216
17.3750,49.2250,0.0235
17.4250,49.2250,0.0229
17.4750,49.2250,0.0241
9.5250,49.1750,0.0282
9.5750,49.1750,0.0282
9.6250,49.1750,0.0262
9.6750,49.1750,0.0262
9.7250,49.1750,0.0245
9.7750,49.1750,0.0230
9.8250,49.1750,0.0235
9.8750,49.1750,0.0220
9.9250,49.1750,0.0211
9.9750,49.1750,0.0211
10.0250,49.1750,0.0204
10.0750,49.1750,0.0204
10.1250,49.1750,0.0199
10.1750,49.1750,0.0187
10.2250,49.1750,0.0196
10.2750,49.1750,0.0186
10.3250,49.1750,0.0186
10.3750,49.1750,0.0186
10.4250,49.1750,0.0188
10.4750,49.1750,0.0188
10.5250,49.1750,0.0194
10.5750,49.1750,0.0184
10.6250,49.1750,0.0202
10.6750,49.1750,0.0188
10.7250,49.1750,0.0194
10.7750,49.1750,0.0193
10.8250,49.1750,0.0199
10.8750,49.1750,0.0199
10.9250,49.1750,0.0205
10.9750,49.1750,0.0188
11.0250,49.1750,0.0209
11.0750,49.1750,0.0189
11.1250,49.1750,0.0192
11.1750,49.1750,0.0191
11.2250,49.1750,0.0192
11.2750,49.1750,0.0192
11.3250,49.1750,0.0191
11.3750,49.1750,0.0178
11.4250,49.1750,0.0186
11.4750,49.1750,0.0175
11.5250,49.1750,0.0175
11.5750,49.1750,0.0171
11.6250,49.1750,0.0165
11.6750,49.1750,0.0165
11.7250,49.1750,0.0155
11.7750,49.1750,0.0147
11.8250,49.1750,0.0147
11.8750,49.1750,0.0143
11.9250,49.1750,0.0143
11.9750,49.1750,0.0139
12.0250,49.1750,0.0135
12.0750,49.1750,0.0135
12.1250,49.1750,0.0132
12.1750,49.1750,0.0129
12.2250,49.1750,0.0129
12.2750,49.1750,0.0126
12.3250,49.1750,0.0126
12.3750,49.1750,0.0122
12.4250,49.1750,0.0123
12.4750,49.1750,0.0121
12.5250,49.1750,0.0121
12.5750,49.1750,0.0121
12.6250,49.1750,0.0121
12.6750,49.1750,0.0121
12.7250,49.1750,0.0121
12.7750,49.1750,0.0123
12.8250,49.1750,0.0123
12.8750,49.1750,0.0123
12.9250,49.1750,0.0124
12.9750,49.1750,0.0124
13.0250,49.1750,0.0125
13.0750,49.1750,0.0121
13.1250,49.1750,0.0125
13.1750,49.1750,0.0120
13.2250,49.1750,0.0119
13.2750,49.1750,0.0119
13.3250,49.1750,0.0120
13.3750,49.1750,0.0120
13.4250,49.1750,0.0120
13.4750,49.1750,0.0115
13.5250,49.1750,0.0121
13.5750,49.1750,0.0116
13.6250,49.1750,0.0118
13.6750,49.1750,0.0118
13.7250,49.1750,0.0120
13.7750,49.1750,0.0120
13.8250,49.1750,0.0116
13.8750,49.1750,0.0119
13.9250,49.1750,0.0119
13.9750,49.1750,0.0122
14.0250,49.1750,0.0122
14.0750,49.1750,0.0125
14.1250,49.1750,0.0121
14.1750,49.1750,0.0129
14.2250,49.1750,0.0124
14.2750,49.1750,0.0128
14.3250,49.1750,0.0128
14.3750,49.1750,0.0131
14.4250,49.1750,0.0131
14.4750,49.1750,0.0126
14.5250,49.1750,0.0129
14.5750,49.1750,0.0129
14.6250,49.1750,0.0132
14.6750,49.1750,0.0127
14.7250,49.1750,0.0134
14.7750,49.1750,0.0129
14.8250,49.1750,0.0136
14.8750,49.1750,0.0131
14.9250,49.1750,0.0134
14.9750,49.1750,0.0134
15.0250,49.1750,0.0135
15.0750,49.1750,0.0131
15.1250,49.1750,0.0131
15.1750,49.1750,0.0133
15.2250,49.1750,0.0133
15.2750,49.1750,0.0135
15.3250,49.1750,0.0131
15.3750,49.1750,0.0138
15.4250,49.1750,0.0134
15.4750,49.1750,0.0137
15.5250,49.1750,0.0137
15.5750,49.1750,0.0139
15.6250,49.1750,0.0139
15.6750,49.1750,0.0136
15.7250,49.1750,0.0140
15.7750,49.1750,0.0140
15.8250,49.1750,0.0143
15.8750,49.1750,0.0143
15.9250,49.1750,0.0148
15.9750,49.1750,0.0144
16.0250,49.1750,0.0146
16.0750,49.1750,0.0150
16.1250,49.1750,0.0157
16.1750,49.1750,0.0158
16.2250,49.1750,0.0153
16.2750,49.1750,0.0165
16.3250,49.1750,0.0161
16.3750,49.1750,0.0169
16.4250,49.1750,0.0169
16.4750,49.1750,0.0176
16.5250,49.1750,0.0173
16.5750,49.1750,0.0172
16.6250,49.1750,0.0180
16.6750,49.1750,0.0180
16.7250,49.1750,0.0187
16.7750,49.1750,0.0184
16.8250,49.1750,0.0200
16.8750,49.1750,0.0194
16.9250,49.1750,0.0206
16.9750,49.1750,0.0208
17.0250,49.1750,0.0216
17.0750,49.1750,0.0221
17.1250,49.1750,0.0215
17.1750,49.1750,0.0228
17.2250,49.1750,0.0228
17.2750,49.1750,0.0240
17.3250,49.1750,0.0240
17.3750,49.1750,0.0246
17.4250,49.1750,0.0246
17.4750,49.1750,0.0246
9.5250,49.1250,0.0304
9.5750,49.1250,0.0287
9.6250,49.1250,0.0269
9.6750,49.1250,0.0269
9.7250,49.1250,0.0250
9.7750,49.1250,0.0250
9.8250,49.1250,0.0239
9.8750,49.1250,0.0226
9.9250,49.1250,0.0227
9.9750,49.1250,0.0219
10.0250,49.1250,0.0213
10.0750,49.1250,0.0213
10.1250,49.1250,0.0209
10.1750,49.1250,0.0209
10.2250,49.1250,0.0205
10.2750,49.1250,0.0196
10.3250,49.1250,0.0197
10.3750,49.1250,0.0199
10.4250,49.1250,0.0205
10.4750,49.1250,0.0206
10.5250,49.1250,0.0215
10.5750,49.1250,0.0216
10.6250,49.1250,0.0204
10.6750,49.1250,0.0210
10.7250,49.1250,0.0210
10.7750,49.1250,0.0218
10.8250,49.1250,0.0218
10.8750,49.1250,0.0225
10.9250,49.1250,0.0215
10.9750,49.1250,0.0230
11.0250,49.1250,0.0209
11.0750,49.1250,0.0213
11.1250,49.1250,0.0213
11.1750,49.1250,0.0215
11.2250,49.1250,0.0215
11.2750,49.1250,0.0215
11.3250,49.1250,0.0191
11.3750,49.1250,0.0214
11.4250,49.1250,0.0188
11.4750,49.1250,0.0185
11.5250,49.1250,0.0185
11.5750,49.1250,0.0180
11.6250,49.1250,0.0180
11.6750,49.1250,0.0173
11.7250,49.1250,0.0158
11.7750,49.1250,0.0164
11.8250,49.1250,0.0150
11.8750,49.1250,0.0144
11.9250,49.1250,0.0144
11.9750,49.1250,0.0139
12.0250,49.1250,0.0139
12.0750,49.1250,0.0135
12.1250,49.1250,0.0131
12.1750,49.1250,0.0131
12.2250,49.1250,0.0127
12.2750,49.1250,0.0124
12.3250,49.1250,0.0124
12.3750,49.1250,0.0121
12.4250,49.1250,0.0121
12.4750,49.1250,0.0121
12.5250,49.1250,0.0120
12.5750,49.1250,0.0120
12.6250,49.1250,0.0120
12.6750,49.1250,0.0120
12.7250,49.1250,0.0121
12.7750,49.1250,0.0123
12.8250,49.1250,0.0124
12.8750,49.1250,0.0125
12.9250,49.1250,0.0128
12.9750,49.1250,0.0128
13.0250,49.1250,0.0131
13.0750,49.1250,0.0130
13.1250,49.1250,0.0132
13.1750,49.1250,0.0125
13.2250,49.1250,0.0128
13.2750,49.1250,0.0126
13.3250,49.1250,0.0126
13.3750,49.1250,0.0126
13.4250,49.1250,0.0123
13.4750,49.1250,0.0127
13.5250,49.1250,0.0121
13.5750,49.1250,0.0123
13.6250,49.1250,0.0123
13.6750,49.1250,0.0125
13.7250,49.1250,0.0122
13.7750,49.1250,0.0127
13.8250,49.1250,0.0123
13.8750,49.1250,0.0130
13.9250,49.1250,0.0126
13.9750,49.1250,0.0130
14.0250,49.1250,0.0130
14.0750,49.1250,0.0133
14.1250,49.1250,0.0130
14.1750,49.1250,0.0129
14.2250,49.1250,0.0132
14.2750,49.1250,0.0132
14.3250,49.1250,0.0135
14.3750,49.1250,0.0131
14.4250,49.1250,0.0139
14.4750,49.1250,0.0134
14.5250,49.1250,0.0138
14.5750,49.1250,0.0137
14.6250,49.1250,0.0139
14.6750,49.1250,0.0139
14.7250,49.1250,0.0141
14.7750,49.1250,0.0136
14.8250,49.1250,0.0136
14.8750,49.1250,0.0139
14.9250,49.1250,0.0139
14.9750,49.1250,0.0141
15.0250,49.1250,0.0136
15.0750,49.1250,0.0143
15.1250,49.1250,0.0138
15.1750,49.1250,0.0140
15.2250,49.1250,0.0140
15.2750,49.1250,0.0142
15.3250,49.1250,0.0142
15.3750,49.1250,0.0138
15.4250,49.1250,0.0140
15.4750,49.1250,0.0140
15.5250,49.1250,0.0143
15.5750,49.1250,0.0143
15.6250,49.1250,0.0146
15.6750,49.1250,0.0143
15.7250,49.1250,0.0151
15.7750,49.1250,0.0146
15.8250,49.1250,0.0153
15.8750,49.1250,0.0154
15.9250,49.1250,0.0149
15.9750,49.1250,0.0158
16.0250,49.1250,0.0155
16.0750,49.1250,0.0163
16.1250,49.1250,0.0163
16.1750,49.1250,0.0170
16.2250,49.1250,0.0166
16.2750,49.1250,0.0175
16.3250,49.1250,0.0173
16.3750,49.1250,0.0173
16.4250,49.1250,0.0180
16.4750,49.1250,0.0176
16.5250,49.1250,0.0188
16.5750,49.1250,0.0184
16.6250,49.1250,0.0193
16.6750,49.1250,0.0193
16.7250,49.1250,0.0206
16.7750,49.1250,0.0206
16.8250,49.1250,0.0200
16.8750,49.1250,0.0214
16.9250,49.1250,0.0214
16.9750,49.1250,0.0226
17.0250,49.1250,0.0224
17.0750,49.1250,0.0239
17.1250,49.1250,0.0233
17.1750,49.1250,0.0235
17.2250,49.1250,0.0245
17.2750,49.1250,0.0259
17.3250,49.1250,0.0265
17.3750,49.1250,0.0255
17.4250,49.1250,0.0277
17.4750,49.1250,0.0277
9.5250,49.0750,0.0310
9.5750,49.0750,0.0294
9.6250,49.0750,0.0294
9.6750,49.0750,0.0278
9.7250,49.0750,0.0269
9.7750,49.0750,0.0262
9.8250,49.0750,0.0240
9.8750,49.0750,0.0247
9.9250,49.0750,0.0233
9.9750,49.0750,0.0227
10.0250,49.0750,0.0227
10.0750,49.0750,0.0223
10.1250,49.0750,0.0222
10.1750,49.0750,0.0221
10.2250,49.0750,0.0209
10.2750,49.0750,0.0222
10.3250,49.0750,0.0211
10.3750,49.0750,0.0218
10.4250,49.0750,0.0218
10.4750,49.0750,0.0228
10.5250,49.0750,0.0228
10.5750,49.0750,0.0241
10.6250,49.0750,0.0226
10.6750,49.0750,0.0259
10.7250,49.0750,0.0236
10.7750,49.0750,0.0244
10.8250,49.0750,0.0244
10.8750,49.0750,0.0256
10.9250,49.0750,0.0255
10.9750,49.0750,0.0266
11.0250,49.0750,0.0235
11.0750,49.0750,0.0275
11.1250,49.0750,0.0239
11.1750,49.0750,0.0241
11.2250,49.0750,0.0241
11.2750,49.0750,0.0242
11.3250,49.0750,0.0242
11.3750,49.0750,0.0241
11.4250,49.0750,0.0211
11.4750,49.0750,0.0217
11.5250,49.0750,0.0203
11.5750,49.0750,0.0191
11.6250,49.0750,0.0191
11.6750,49.0750,0.0180
11.7250,49.0750,0.0181
11.7750,49.0750,0.0164
11.8250,49.0750,0.0154
11.8750,49.0750,0.0154
11.9250,49.0750,0.0145
11.9750,49.0750,0.0142
12.0250,49.0750,0.0140
12.0750,49.0750,0.0135
12.1250,49.0750,0.0135
12.1750,49.0750,0.0131
12.2250,49.0750,0.0127
12.2750,49.0750,0.0127
12.3250,49.0750,0.0124
12.3750,49.0750,0.0123
12.4250,49.0750,0.0120
12.4750,49.0750,0.0119
12.5250,49.0750,0.0119
12.5750,49.0750,0.0119
12.6250,49.0750,0.0120
12.6750,49.0750,0.0120
12.7250,49.0750,0.0123
12.7750,49.0750,0.0123
12.8250,49.0750,0.0127
12.8750,49.0750,0.0129
12.9250,49.0750,0.0129
12.9750,49.0750,0.0134
13.0250,49.0750,0.0137
13.0750,49.0750,0.0138
13.1250,49.0750,0.0132
13.1750,49.0750,0.0140
13.2250,49.0750,0.0134
13.2750,49.0750,0.0134
13.3250,49.0750,0.0134
13.3750,49.0750,0.0135
13.4250,49.0750,0.0127
13.4750,49.0750,0.0135
13.5250,49.0750,0.0128
13.5750,49.0750,0.0133
13.6250,49.0750,0.0130
13.6750,49.0750,0.0132
13.7250,49.0750,0.0133
13.7750,49.0750,0.0133
13.8250,49.0750,0.0131
13.8750,49.0750,0.0130
13.9250,49.0750,0.0134
13.9750,49.0750,0.0134
14.0250,49.0750,0.0137
14.0750,49.0750,0.0133
14.1250,49.0750,0.0141
14.1750,49.0750,0.0137
14.2250,49.0750,0.0140
14.2750,49.0750,0.0140
14.3250,49.0750,0.0143
14.3750,49.0750,0.0143
14.4250,49.0750,0.0147
14.4750,49.0750,0.0142
14.5250,49.0750,0.0142
14.5750,49.0750,0.0144
14.6250,49.0750,0.0144
14.6750,49.0750,0.0148
14.7250,49.0750,0.0142
14.7750,49.0750,0.0153
14.8250,49.0750,0.0144
14.8750,49.0750,0.0147
14.9250,49.0750,0.0147
14.9750,49.0750,0.0150
15.0250,49.0750,0.0150
15.0750,49.0750,0.0144
15.1250,49.0750,0.0145
15.1750,49.0750,0.0145
15.2250,49.0750,0.0148
15.2750,49.0750,0.0144
15.3250,49.0750,0.0152
15.3750,49.0750,0.0144
15.4250,49.0750,0.0155
15.4750,49.0750,0.0148
15.5250,49.0750,0.0154
15.5750,49.0750,0.0154
15.6250,49.0750,0.0157
15.6750,49.0750,0.0153
15.7250,49.0750,0.0153
15.7750,49.0750,0.0159
15.8250,49.0750,0.0159
15.8750,49.0750,0.0166
15.9250,49.0750,0.0161
15.9750,49.0750,0.0173
16.0250,49.0750,0.0168
16.0750,49.0750,0.0174
16.1250,49.0750,0.0175
16.1750,49.0750,0.0178
16.2250,49.0750,0.0182
16.2750,49.0750,0.0178
16.3250,49.0750,0.0185
16.3750,49.0750,0.0185
16.4250,49.0750,0.0194
16.4750,49.0750,0.0194
16.5250,49.0750,0.0207
16.5750,49.0750,0.0200
16.6250,49.0750,0.0200
16.6750,49.0750,0.0213
16.7250,49.0750,0.0209
16.7750,49.0750,0.0226
16.8250,49.0750,0.0220
16.8750,49.0750,0.0235
16.9250,49.0750,0.0233
16.9750,49.0750,0.0245
17.0250,49.0750,0.0245
17.0750,49.0750,0.0240
17.1250,49.0750,0.0254
17.1750,49.0750,0.0254
17.2250,49.0750,0.0275
17.2750,49.0750,0.0275
17.3250,49.0750,0.0295
17.3750,49.0750,0.0285
17.4250,49.0750,0.0286
17.4750,49.0750,0.0307
9.5250,49.0250,0.0319
9.5750,49.0250,0.0319
9.6250,49.0250,0.0304
9.6750,49.0250,0.0289
9.7250,49.0250,0.0289
9.7750,49.0250,0.0274
9.8250,49.0250,0.0260
9.8750,49.0250,0.0249
9.9250,49.0250,0.0241
9.9750,49.0250,0.0241
10.0250,49.0250,0.0237
10.0750,49.0250,0.0235
10.1250,49.0250,0.0235
10.1750,49.0250,0.0234
10.2250,49.0250,0.0231
10.2750,49.0250,0.0223
10.3250,49.0250,0.0228
10.3750,49.0250,0.0228
10.4250,49.0250,0.0238
10.4750,49.0250,0.0257
10.5250,49.0250,0.0258
10.5750,49.0250,0.0275
10.6250,49.0250,0.0287
10.6750,49.0250,0.0259
10.7250,49.0250,0.0280
10.7750,49.0250,0.0280
10.8250,49.0250,0.0297
10.8750,49.0250,0.0300
10.9250,49.0250,0.0310
10.9750,49.0250,0.0268
11.0250,49.0250,0.0320
11.0750,49.0250,0.0276
11.1250,49.0250,0.0284
11.1750,49.0250,0.0284
11.2250,49.0250,0.0290
11.2750,49.0250,0.0254
11.3250,49.0250,0.0293
11.3750,49.0250,0.0241
11.4250,49.0250,0.0291
11.4750,49.0250,0.0237
11.5250,49.0250,0.0229
11.5750,49.0250,0.0229
11.6250,49.0250,0.0212
11.6750,49.0250,0.0185
11.7250,49.0250,0.0188
11.7750,49.0250,0.0169
11.8250,49.0250,0.0173
11.8750,49.0250,0.0157
11.9250,49.0250,0.0146
11.9750,49.0250,0.0146
12.0250,49.0250,0.0140
12.0750,49.0250,0.0136
12.1250,49.0250,0.0135
12.1750,49.0250,0.0130
12.2250,49.0250,0.0131
12.2750,49.0250,0.0126
12.3250,49.0250,0.0123
12.3750,49.0250,0.0123
12.4250,49.0250,0.0121
12.4750,49.0250,0.0120
12.5250,49.0250,0.0119
12.5750,49.0250,0.0119
12.6250,49.0250,0.0119
12.6750,49.0250,0.0122
12.7250,49.0250,0.0123
12.7750,49.0250,0.0127
12.8250,49.0250,0.0128
12.8750,49.0250,0.0134
12.9250,49.0250,0.0134
12.9750,49.0250,0.0141
13.0250,49.0250,0.0141
13.0750,49.0250,0.0148
13.1250,49.0250,0.0141
13.1750,49.0250,0.0153
13.2250,49.0250,0.0142
13.2750,49.0250,0.0143
13.3250,49.0250,0.0143
13.3750,49.0250,0.0144
13.4250,49.0250,0.0144
13.4750,49.0250,0.0136
13.5250,49.0250,0.0137
13.5750,49.0250,0.0137
13.6250,49.0250,0.0139
13.6750,49.0250,0.0139
13.7250,49.0250,0.0141
13.7750,49.0250,0.0135
13.8250,49.0250,0.0144
13.8750,49.0250,0.0138
13.9250,49.0250,0.0142
13.9750,49.0250,0.0142
14.0250,49.0250,0.0146
14.0750,49.0250,0.0146
14.1250,49.0250,0.0147
14.1750,49.0250,0.0144
14.2250,49.0250,0.0144
14.2750,49.0250,0.0150
14.3250,49.0250,0.0150
14.3750,49.0250,0.0156
14.4250,49.0250,0.0148
14.4750,49.0250,0.0162
14.5250,49.0250,0.0153
14.5750,49.0250,0.0158
14.6250,49.0250,0.0158
14.6750,49.0250,0.0162
14.7250,49.0250,0.0159
14.7750,49.0250,0.0155
14.8250,49.0250,0.0156
14.8750,49.0250,0.0156
14.9250,49.0250,0.0160
14.9750,49.0250,0.0151
15.0250,49.0250,0.0163
15.0750,49.0250,0.0154
15.1250,49.0250,0.0159
15.1750,49.0250,0.0157
15.2250,49.0250,0.0161
15.2750,49.0250,0.0161
15.3250,49.0250,0.0164
15.3750,49.0250,0.0156
15.4250,49.0250,0.0156
15.4750,49.0250,0.0160
15.5250,49.0250,0.0160
15.5750,49.0250,0.0165
15.6250,49.0250,0.0159
15.6750,49.0250,0.0171
15.7250,49.0250,0.0165
15.7750,49.0250,0.0171
15.8250,49.0250,0.0171
15.8750,49.0250,0.0178
15.9250,49.0250,0.0178
15.9750,49.0250,0.0173
16.0250,49.0250,0.0180
16.0750,49.0250,0.0180
16.1250,49.0250,0.0188
16.1750,49.0250,0.0185
16.2250,49.0250,0.0200
16.2750,49.0250,0.0190
16.3250,49.0250,0.0193
16.3750,49.0250,0.0203
16.4250,49.0250,0.0214
16.4750,49.0250,0.0216
16.5250,49.0250,0.0208
16.5750,49.0250,0.0221
16.6250,49.0250,0.0220
16.6750,49.0250,0.0233
16.7250,49.0250,0.0233
16.7750,49.0250,0.0244
16.8250,49.0250,0.0239
16.8750,49.0250,0.0239
16.9250,49.0250,0.0253
16.9750,49.0250,0.0253
17.0250,49.0250,0.0275
17.0750,49.0250,0.0265
17.1250,49.0250,0.0295
17.1750,49.0250,0.0286
17.2250,49.0250,0.0305
17.2750,49.0250,0.0305
17.3250,49.0250,0.0297
17.3750,49.0250,0.0324
17.4250,49.0250,0.0315
17.4750,49.0250,0.0350
9.5250,48.9750,0.0338
9.5750,48.9750,0.0333
9.6250,48.9750,0.0315
9.6750,48.9750,0.0315
9.7250,48.9750,0.0301
9.7750,48.9750,0.0275
9.8250,48.9750,0.0290
9.8750,48.9750,0.0263
9.9250,48.9750,0.0261
9.9750,48.9750,0.0254
10.0250,48.9750,0.0248
10.0750,48.9750,0.0248
10.1250,48.9750,0.0247
10.1750,48.9750,0.0235
10.2250,48.9750,0.0251
10.2750,48.9750,0.0238
10.3250,48.9750,0.0251
10.3750,48.9750,0.0246
10.4250,48.9750,0.0272
10.4750,48.9750,0.0272
10.5250,48.9750,0.0313
10.5750,48.9750,0.0290
10.6250,48.9750,0.0379
10.6750,48.9750,0.0318
10.7250,48.9750,0.0392
10.7750,48.9750,0.0351
10.8250,48.9750,0.0380
10.8750,48.9750,0.0380
10.9250,48.9750,0.0403
10.9750,48.9750,0.0323
11.0250,48.9750,0.0426
11.0750,48.9750,0.0339
11.1250,48.9750,0.0402
11.1750,48.9750,0.0355
11.2250,48.9750,0.0368
11.2750,48.9750,0.0368
11.3250,48.9750,0.0378
11.3750,48.9750,0.0294
11.4250,48.9750,0.0369
11.4750,48.9750,0.0287
11.5250,48.9750,0.0291
11.5750,48.9750,0.0266
11.6250,48.9750,0.0231
11.6750,48.9750,0.0231
11.7250,48.9750,0.0193
11.7750,48.9750,0.0174
11.8250,48.9750,0.0173
11.8750,48.9750,0.0159
11.9250,48.9750,0.0159
11.9750,48.9750,0.0147
12.0250,48.9750,0.0140
12.0750,48.9750,0.0140
12.1250,48.9750,0.0135
12.1750,48.9750,0.0131
12.2250,48.9750,0.0131
12.2750,48.9750,0.0127
12.3250,48.9750,0.0127
12.3750,48.9750,0.0124
12.4250,48.9750,0.0121
12.4750,48.9750,0.0123
12.5250,48.9750,0.0121
12.5750,48.9750,0.0122
12.6250,48.9750,0.0122
12.6750,48.9750,0.0125
12.7250,48.9750,0.0125
12.7750,48.9750,0.0130
12.8250,48.9750,0.0133
12.8750,48.9750,0.0133
12.9250,48.9750,0.0141
12.9750,48.9750,0.0142
13.0250,48.9750,0.0150
13.0750,48.9750,0.0151
13.1250,48.9750,0.0160
13.1750,48.9750,0.0153
13.2250,48.9750,0.0156
13.2750,48.9750,0.0156
13.3250,48.9750,0.0159
13.3750,48.9750,0.0159
13.4250,48.9750,0.0160
13.4750,48.9750,0.0145
13.5250,48.9750,0.0162
13.5750,48.9750,0.0147
13.6250,48.9750,0.0151
13.6750,48.9750,0.0151
13.7250,48.9750,0.0155
13.7750,48.9750,0.0155
13.8250,48.9750,0.0145
13.8750,48.9750,0.0149
13.9250,48.9750,0.0149
13.9750,48.9750,0.0155
14.0250,48.9750,0.0149
14.0750,48.9750,0.0161
14.1250,48.9750,0.0152
14.1750,48.9750,0.0167
14.2250,48.9750,0.0159
14.2750,48.9750,0.0165
14.3250,48.9750,0.0165
14.3750,48.9750,0.0170
14.4250,48.9750,0.0162
14.4750,48.9750,0.0163
14.5250,48.9750,0.0167
14.5750,48.9750,0.0167
14.6250,48.9750,0.0171
14.6750,48.9750,0.0163
14.7250,48.9750,0.0174
14.7750,48.9750,0.0166
14.8250,48.9750,0.0169
14.8750,48.9750,0.0169
14.9250,48.9750,0.0172
14.9750,48.9750,0.0172
15.0250,48.9750,0.0174
15.0750,48.9750,0.0166
15.1250,48.9750,0.0166
15.1750,48.9750,0.0169
15.2250,48.9750,0.0169
15.2750,48.9750,0.0172
15.3250,48.9750,0.0164
15.3750,48.9750,0.0175
15.4250,48.9750,0.0168
15.4750,48.9750,0.0172
15.5250,48.9750,0.0172
15.5750,48.9750,0.0177
15.6250,48.9750,0.0177
15.6750,48.9750,0.0171
15.7250,48.9750,0.0177
15.7750,48.9750,0.0177
15.8250,48.9750,0.0183
15.8750,48.9750,0.0179
15.9250,48.9750,0.0191
15.9750,48.9750,0.0185
16.0250,48.9750,0.0198
16.0750,48.9750,0.0196
16.1250,48.9750,0.0210
16.1750,48.9750,0.0210
16.2250,48.9750,0.0200
16.2750,48.9750,0.0213
16.3250,48.9750,0.0213
16.3750,48.9750,0.0225
16.4250,48.9750,0.0225
16.4750,48.9750,0.0237
16.5250,48.9750,0.0228
16.5750,48.9750,0.0234
16.6250,48.9750,0.0239
16.6750,48.9750,0.0250
16.7250,48.9750,0.0254
16.7750,48.9750,0.0244
16.8250,48.9750,0.0274
16.8750,48.9750,0.0264
16.9250,48.9750,0.0286
16.9750,48.9750,0.0286
17.0250,48.9750,0.0306
17.0750,48.9750,0.0297
17.1250,48.9750,0.0296
17.1750,48.9750,0.0316
17.2250,48.9750,0.0316
17.2750,48.9750,0.0345
17.3250,48.9750,0.0326
17.3750,48.9750,0.0381
17.4250,48.9750,0.0364
17.4750,48.9750,0.0396
9.5250,48.9250,0.0372
9.5750,48.9250,0.0350
9.6250,48.9250,0.0349
9.6750,48.9250,0.0327
9.7250,48.9250,0.0313
9.7750,48.9250,0.0314
9.8250,48.9250,0.0296
9.8750,48.9250,0.0280
9.9250,48.9250,0.0280
9.9750,48.9250,0.0274
10.0250,48.9250,0.0274
10.0750,48.9250,0.0271
10.1250,48.9250,0.0273
10.1750,48.9250,0.0274
10.2250,48.9250,0.0263
10.2750,48.9250,0.0260
10.3250,48.9250,0.0260
10.3750,48.9250,0.0281
10.4250,48.9250,0.0281
10.4750,48.9250,0.0317
10.5250,48.9250,0.0401
10.5750,48.9250,0.0408
10.6250,48.9250,0.0385
10.6750,48.9250,0.0429
10.7250,48.9250,0.0429
10.7750,48.9250,0.0479
10.8250,48.9250,0.0479
10.8750,48.9250,0.0518
10.9250,48.9250,0.0453
10.9750,48.9250,0.0535
11.0250,48.9250,0.0426
11.0750,48.9250,0.0453
11.1250,48.9250,0.0453
11.1750,48.9250,0.0477
11.2250,48.9250,0.0477
11.2750,48.9250,0.0495
11.3250,48.9250,0.0379
11.3750,48.9250,0.0491
11.4250,48.9250,0.0381
11.4750,48.9250,0.0364
11.5250,48.9250,0.0364
11.5750,48.9250,0.0307
11.6250,48.9250,0.0307
11.6750,48.9250,0.0237
11.7250,48.9250,0.0196
11.7750,48.9250,0.0195
11.8250,48.9250,0.0175
11.8750,48.9250,0.0160
11.9250,48.9250,0.0160
11.9750,48.9250,0.0147
12.0250,48.9250,0.0147
12.0750,48.9250,0.0140
12.1250,48.9250,0.0135
12.1750,48.9250,0.0135
12.2250,48.9250,0.0131
12.2750,48.9250,0.0128
12.3250,48.9250,0.0128
12.3750,48.9250,0.0125
12.4250,48.9250,0.0125
12.4750,48.9250,0.0123
12.5250,48.9250,0.0123
12.5750,48.9250,0.0123
12.6250,48.9250,0.0124
12.6750,48.9250,0.0124
12.7250,48.9250,0.0127
12.7750,48.9250,0.0130
12.8250,48.9250,0.0132
12.8750,48.9250,0.0137
12.9250,48.9250,0.0145
12.9750,48.9250,0.0145
13.0250,48.9250,0.0158
13.0750,48.9250,0.0158
13.1250,48.9250,0.0167
13.1750,48.9250,0.0165
13.2250,48.9250,0.0170
13.2750,48.9250,0.0169
13.3250,48.9250,0.0172
13.3750,48.9250,0.0172
13.4250,48.9250,0.0172
13.4750,48.9250,0.0173
13.5250,48.9250,0.0162
13.5750,48.9250,0.0165
13.6250,48.9250,0.0165
13.6750,48.9250,0.0168
13.7250,48.9250,0.0156
13.7750,48.9250,0.0172
13.8250,48.9250,0.0160
13.8750,48.9250,0.0171
13.9250,48.9250,0.0165
13.9750,48.9250,0.0170
14.0250,48.9250,0.0170
14.0750,48.9250,0.0175
14.1250,48.9250,0.0167
14.1750,48.9250,0.0167
14.2250,48.9250,0.0172
14.2750,48.9250,0.0172
14.3250,48.9250,0.0178
14.3750,48.9250,0.0170
14.4250,48.9250,0.0183
14.4750,48.9250,0.0175
14.5250,48.9250,0.0179
14.5750,48.9250,0.0179
14.6250,48.9250,0.0183
14.6750,48.9250,0.0183
14.7250,48.9250,0.0186
14.7750,48.9250,0.0178
14.8250,48.9250,0.0178
14.8750,48.9250,0.0180
14.9250,48.9250,0.0180
14.9750,48.9250,0.0183
15.0250,48.9250,0.0174
15.0750,48.9250,0.0185
15.1250,48.9250,0.0177
15.1750,48.9250,0.0180
15.2250,48.9250,0.0180
15.2750,48.9250,0.0183
15.3250,48.9250,0.0178
15.3750,48.9250,0.0180
15.4250,48.9250,0.0179
15.4750,48.9250,0.0179
15.5250,48.9250,0.0183
15.5750,48.9250,0.0178
15.6250,48.9250,0.0188
15.6750,48.9250,0.0182
15.7250,48.9250,0.0189
15.7750,48.9250,0.0188
15.8250,48.9250,0.0200
15.8750,48.9250,0.0200
15.9250,48.9250,0.0210
15.9750,48.9250,0.0205
16.0250,48.9250,0.0205
16.0750,48.9250,0.0220
16.1250,48.9250,0.0220
16.1750,48.9250,0.0234
16.2250,48.9250,0.0223
16.2750,48.9250,0.0246
16.3250,48.9250,0.0236
16.3750,48.9250,0.0247
16.4250,48.9250,0.0247
16.4750,48.9250,0.0245
16.5250,48.9250,0.0262
16.5750,48.9250,0.0247
16.6250,48.9250,0.0266
16.6750,48.9250,0.0266
16.7250,48.9250,0.0286
16.7750,48.9250,0.0275
16.8250,48.9250,0.0295
16.8750,48.9250,0.0296
16.9250,48.9250,0.0296
16.9750,48.9250,0.0316
17.0250,48.9250,0.0306
17.0750,48.9250,0.0346
17.1250,48.9250,0.0328
17.1750,48.9250,0.0365
17.2250,48.9250,0.0365
17.2750,48.9250,0.0401
17.3250,48.9250,0.0401
17.3750,48.9250,0.0381
17.4250,48.9250,0.0419
17.4750,48.9250,0.0419
9.5250,48.8750,0.0387
9.5750,48.8750,0.0368
9.6250,48.8750,0.0368
9.6750,48.8750,0.0348
9.7250,48.8750,0.0348
9.7750,48.8750,0.0332
9.8250,48.8750,0.0305
9.8750,48.8750,0.0320
9.9250,48.8750,0.0298
9.9750,48.8750,0.0294
10.0250,48.8750,0.0294
10.0750,48.8750,0.0295
10.1250,48.8750,0.0295
10.1750,48.8750,0.0302
10.2250,48.8750,0.0280
10.2750,48.8750,0.0312
10.3250,48.8750,0.0292
10.3750,48.8750,0.0317
10.4250,48.8750,0.0317
10.4750,48.8750,0.0385
10.5250,48.8750,0.0385
10.5750,48.8750,0.0503
10.6250,48.8750,0.0510
10.6750,48.8750,0.0567
10.7250,48.8750,0.0558
10.7750,48.8750,0.0575
10.8250,48.8750,0.0574
10.8750,48.8750,0.0597
10.9250,48.8750,0.0597
10.9750,48.8750,0.0597
11.0250,48.8750,0.0553
11.0750,48.8750,0.0587
11.1250,48.8750,0.0558
11.1750,48.8750,0.0545
11.2250,48.8750,0.0545
11.2750,48.8750,0.0540
11.3250,48.8750,0.0540
11.3750,48.8750,0.0511
11.4250,48.8750,0.0470
11.4750,48.8750,0.0463
11.5250,48.8750,0.0395
11.5750,48.8750,0.0299
11.6250,48.8750,0.0296
11.6750,48.8750,0.0226
11.7250,48.8750,0.0226
11.7750,48.8750,0.0195
11.8250,48.8750,0.0173
11.8750,48.8750,0.0173
11.9250,48.8750,0.0158
11.9750,48.8750,0.0155
12.0250,48.8750,0.0146
12.0750,48.8750,0.0140
12.1250,48.8750,0.0140
12.1750,48.8750,0.0135
12.2250,48.8750,0.0131
12.2750,48.8750,0.0131
12.3250,48.8750,0.0128
12.3750,48.8750,0.0127
12.4250,48.8750,0.0126
12.4750,48.8750,0.0124
12.5250,48.8750,0.0125
12.5750,48.8750,0.0124
12.6250,48.8750,0.0125
12.6750,48.8750,0.0125
12.7250,48.8750,0.0129
12.7750,48.8750,0.0130
12.8250,48.8750,0.0134
12.8750,48.8750,0.0140
12.9250,48.8750,0.0140
12.9750,48.8750,0.0149
13.0250,48.8750,0.0162
13.0750,48.8750,0.0162
13.1250,48.8750,0.0167
13.1750,48.8750,0.0173
13.2250,48.8750,0.0174
13.2750,48.8750,0.0179
13.3250,48.8750,0.0179
13.3750,48.8750,0.0182
13.4250,48.8750,0.0175
13.4750,48.8750,0.0186
13.5250,48.8750,0.0177
13.5750,48.8750,0.0181
13.6250,48.8750,0.0181
13.6750,48.8750,0.0184
13.7250,48.8750,0.0184
13.7750,48.8750,0.0187
13.8250,48.8750,0.0176
13.8750,48.8750,0.0176
13.9250,48.8750,0.0181
13.9750,48.8750,0.0181
14.0250,48.8750,0.0185
14.0750,48.8750,0.0175
14.1250,48.8750,0.0189
14.1750,48.8750,0.0180
14.2250,48.8750,0.0185
14.2750,48.8750,0.0185
14.3250,48.8750,0.0191
14.3750,48.8750,0.0190
14.4250,48.8750,0.0199
14.4750,48.8750,0.0187
14.5250,48.8750,0.0187
14.5750,48.8750,0.0192
14.6250,48.8750,0.0195
14.6750,48.8750,0.0198
14.7250,48.8750,0.0186
14.7750,48.8750,0.0202
14.8250,48.8750,0.0188
14.8750,48.8750,0.0191
14.9250,48.8750,0.0191
14.9750,48.8750,0.0195
15.0250,48.8750,0.0185
15.0750,48.8750,0.0197
15.1250,48.8750,0.0187
15.1750,48.8750,0.0187
15.2250,48.8750,0.0190
15.2750,48.8750,0.0185
15.3250,48.8750,0.0196
15.3750,48.8750,0.0186
15.4250,48.8750,0.0189
15.4750,48.8750,0.0189
15.5250,48.8750,0.0197
15.5750,48.8750,0.0197
15.6250,48.8750,0.0206
15.6750,48.8750,0.0197
15.7250,48.8750,0.0197
15.7750,48.8750,0.0209
15.8250,48.8750,0.0209
15.8750,48.8750,0.0221
15.9250,48.8750,0.0214
15.9750,48.8750,0.0236
16.0250,48.8750,0.0228
16.0750,48.8750,0.0243
16.1250,48.8750,0.0243
16.1750,48.8750,0.0265
16.2250,48.8750,0.0251
16.2750,48.8750,0.0247
16.3250,48.8750,0.0268
16.3750,48.8750,0.0268
16.4250,48.8750,0.0284
16.4750,48.8750,0.0264
16.5250,48.8750,0.0298
16.5750,48.8750,0.0281
16.6250,48.8750,0.0295
16.6750,48.8750,0.0298
16.7250,48.8750,0.0308
16.7750,48.8750,0.0316
16.8250,48.8750,0.0305
16.8750,48.8750,0.0326
16.9250,48.8750,0.0326
16.9750,48.8750,0.0364
17.0250,48.8750,0.0363
17.0750,48.8750,0.0395
17.1250,48.8750,0.0382
17.1750,48.8750,0.0382
17.2250,48.8750,0.0420
17.2750,48.8750,0.0403
17.3250,48.8750,0.0495
17.3750,48.8750,0.0447
17.4250,48.8750,0.0513
17.4750,48.8750,0.0513
9.5250,48.8250,0.0404
9.5750,48.8250,0.0404
9.6250,48.8250,0.0389
9.6750,48.8250,0.0377
9.7250,48.8250,0.0374
9.7750,48.8250,0.0354
9.8250,48.8250,0.0362
9.8750,48.8250,0.0321
9.9250,48.8250,0.0315
9.9750,48.8250,0.0315
10.0250,48.8250,0.0314
10.0750,48.8250,0.0318
10.1250,48.8250,0.0320
10.1750,48.8250,0.0334
10.2250,48.8250,0.0341
10.2750,48.8250,0.0313
10.3250,48.8250,0.0330
10.3750,48.8250,0.0330
10.4250,48.8250,0.0375
10.4750,48.8250,0.0432
10.5250,48.8250,0.0454
10.5750,48.8250,0.0533
10.6250,48.8250,0.0567
10.6750,48.8250,0.0567
10.7250,48.8250,0.0617
10.7750,48.8250,0.0617
10.8250,48.8250,0.0624
10.8750,48.8250,0.0622
10.9250,48.8250,0.0627
10.9750,48.8250,0.0597
11.0250,48.8250,0.0620
11.0750,48.8250,0.0587
11.1250,48.8250,0.0581
11.1750,48.8250,0.0581
11.2250,48.8250,0.0544
11.2750,48.8250,0.0542
11.3250,48.8250,0.0517
11.3750,48.8250,0.0511
11.4250,48.8250,0.0455
11.4750,48.8250,0.0436
11.5250,48.8250,0.0326
11.5750,48.8250,0.0326
11.6250,48.8250,0.0249
11.6750,48.8250,0.0239
11.7250,48.8250,0.0207
11.7750,48.8250,0.0187
11.8250,48.8250,0.0180
11.8750,48.8250,0.0169
11.9250,48.8250,0.0155
11.9750,48.8250,0.0155
12.0250,48.8250,0.0144
12.0750,48.8250,0.0141
12.1250,48.8250,0.0139
12.1750,48.8250,0.0135
12.2250,48.8250,0.0135
12.2750,48.8250,0.0131
12.3250,48.8250,0.0128
12.3750,48.8250,0.0128
12.4250,48.8250,0.0126
12.4750,48.8250,0.0125
12.5250,48.8250,0.0125
12.5750,48.8250,0.0125
12.6250,48.8250,0.0125
12.6750,48.8250,0.0127
12.7250,48.8250,0.0129
12.7750,48.8250,0.0130
12.8250,48.8250,0.0134
12.8750,48.8250,0.0141
12.9250,48.8250,0.0141
12.9750,48.8250,0.0151
13.0250,48.8250,0.0151
13.0750,48.8250,0.0164
13.1250,48.8250,0.0172
13.1750,48.8250,0.0174
13.2250,48.8250,0.0179
13.2750,48.8250,0.0184
13.3250,48.8250,0.0185
13.3750,48.8250,0.0189
13.4250,48.8250,0.0189
13.4750,48.8250,0.0186
13.5250,48.8250,0.0189
13.5750,48.8250,0.0189
13.6250,48.8250,0.0197
13.6750,48.8250,0.0196
13.7250,48.8250,0.0203
13.7750,48.8250,0.0187
13.8250,48.8250,0.0210
13.8750,48.8250,0.0192
13.9250,48.8250,0.0199
13.9750,48.8250,0.0199
14.0250,48.8250,0.0205
14.0750,48.8250,0.0205
14.1250,48.8250,0.0210
14.1750,48.8250,0.0197
14.2250,48.8250,0.0197
14.2750,48.8250,0.0204
14.3250,48.8250,0.0205
14.3750,48.8250,0.0212
14.4250,48.8250,0.0199
14.4750,48.8250,0.0214
14.5250,48.8250,0.0206
14.5750,48.8250,0.0211
14.6250,48.8250,0.0211
14.6750,48.8250,0.0216
14.7250,48.8250,0.0203
14.7750,48.8250,0.0217
14.8250,48.8250,0.0206
14.8750,48.8250,0.0207
14.9250,48.8250,0.0211
14.9750,48.8250,0.0201
15.0250,48.8250,0.0215
15.0750,48.8250,0.0200
15.1250,48.8250,0.0204
15.1750,48.8250,0.0204
15.2250,48.8250,0.0209
15.2750,48.8250,0.0209
15.3250,48.8250,0.0214
15.3750,48.8250,0.0202
15.4250,48.8250,0.0202
15.4750,48.8250,0.0209
15.5250,48.8250,0.0214
15.5750,48.8250,0.0217
15.6250,48.8250,0.0206
15.6750,48.8250,0.0226
15.7250,48.8250,0.0218
15.7750,48.8250,0.0229
15.8250,48.8250,0.0229
15.8750,48.8250,0.0243
15.9250,48.8250,0.0236
15.9750,48.8250,0.0237
16.0250,48.8250,0.0254
16.0750,48.8250,0.0254
16.1250,48.8250,0.0280
16.1750,48.8250,0.0265
16.2250,48.8250,0.0300
16.2750,48.8250,0.0286
16.3250,48.8250,0.0303
16.3750,48.8250,0.0303
16.4250,48.8250,0.0316
16.4750,48.8250,0.0316
16.5250,48.8250,0.0298
16.5750,48.8250,0.0313
16.6250,48.8250,0.0313
16.6750,48.8250,0.0335
16.7250,48.8250,0.0325
16.7750,48.8250,0.0363
16.8250,48.8250,0.0344
16.8750,48.8250,0.0349
16.9250,48.8250,0.0380
16.9750,48.8250,0.0410
17.0250,48.8250,0.0417
17.0750,48.8250,0.0400
17.1250,48.8250,0.0450
17.1750,48.8250,0.0450
17.2250,48.8250,0.0528
17.2750,48.8250,0.0528
17.3250,48.8250,0.0649
17.3750,48.8250,0.0560
17.4250,48.8250,0.0560
17.4750,48.8250,0.0656
9.5250,48.7750,0.0482
9.5750,48.7750,0.0421
9.6250,48.7750,0.0409
9.6750,48.7750,0.0409
9.7250,48.7750,0.0401
9.7750,48.7750,0.0394
9.8250,48.7750,0.0397
9.8750,48.7750,0.0351
9.9250,48.7750,0.0389
9.9750,48.7750,0.0343
10.0250,48.7750,0.0346
10.0750,48.7750,0.0346
10.1250,48.7750,0.0363
10.1750,48.7750,0.0356
10.2250,48.7750,0.0380
10.2750,48.7750,0.0360
10.3250,48.7750,0.0392
10.3750,48.7750,0.0383
10.4250,48.7750,0.0420
10.4750,48.7750,0.0420
10.5250,48.7750,0.0503
10.5750,48.7750,0.0531
10.6250,48.7750,0.0575
10.6750,48.7750,0.0604
10.7250,48.7750,0.0597
10.7750,48.7750,0.0618
10.8250,48.7750,0.0613
10.8750,48.7750,0.0613
10.9250,48.7750,0.0586
10.9750,48.7750,0.0608
11.0250,48.7750,0.0549
11.0750,48.7750,0.0555
11.1250,48.7750,0.0487
11.1750,48.7750,0.0505
11.2250,48.7750,0.0446
11.2750,48.7750,0.0446
11.3250,48.7750,0.0394
11.3750,48.7750,0.0445
11.4250,48.7750,0.0354
11.4750,48.7750,0.0349
11.5250,48.7750,0.0346
11.5750,48.7750,0.0268
11.6250,48.7750,0.0222
11.6750,48.7750,0.0222
11.7250,48.7750,0.0197
11.7750,48.7750,0.0180
11.8250,48.7750,0.0180
11.8750,48.7750,0.0165
11.9250,48.7750,0.0165
11.9750,48.7750,0.0152
12.0250,48.7750,0.0144
12.0750,48.7750,0.0143
12.1250,48.7750,0.0139
12.1750,48.7750,0.0135
12.2250,48.7750,0.0135
12.2750,48.7750,0.0132
12.3250,48.7750,0.0132
12.3750,48.7750,0.0129
12.4250,48.7750,0.0127
12.4750,48.7750,0.0128
12.5250,48.7750,0.0126
12.5750,48.7750,0.0127
12.6250,48.7750,0.0127
12.6750,48.7750,0.0129
12.7250,48.7750,0.0129
12.7750,48.7750,0.0132
12.8250,48.7750,0.0136
12.8750,48.7750,0.0136
12.9250,48.7750,0.0142
12.9750,48.7750,0.0148
13.0250,48.7750,0.0151
13.0750,48.7750,0.0163
13.1250,48.7750,0.0163
13.1750,48.7750,0.0174
13.2250,48.7750,0.0182
13.2750,48.7750,0.0182
13.3250,48.7750,0.0188
13.3750,48.7750,0.0188
13.4250,48.7750,0.0197
13.4750,48.7750,0.0197
13.5250,48.7750,0.0207
13.5750,48.7750,0.0206
13.6250,48.7750,0.0214
13.6750,48.7750,0.0214
13.7250,48.7750,0.0222
13.7750,48.7750,0.0218
13.8250,48.7750,0.0213
13.8750,48.7750,0.0217
13.9250,48.7750,0.0217
13.9750,48.7750,0.0224
14.0250,48.7750,0.0211
14.0750,48.7750,0.0229
14.1250,48.7750,0.0212
14.1750,48.7750,0.0220
14.2250,48.7750,0.0219
14.2750,48.7750,0.0226
14.3250,48.7750,0.0226
14.3750,48.7750,0.0232
14.4250,48.7750,0.0219
14.4750,48.7750,0.0229
14.5250,48.7750,0.0225
14.5750,48.7750,0.0226
14.6250,48.7750,0.0230
14.6750,48.7750,0.0221
14.7250,48.7750,0.0234
14.7750,48.7750,0.0221
14.8250,48.7750,0.0225
14.8750,48.7750,0.0225
14.9250,48.7750,0.0228
14.9750,48.7750,0.0227
15.0250,48.7750,0.0230
15.0750,48.7750,0.0218
15.1250,48.7750,0.0219
15.1750,48.7750,0.0221
15.2250,48.7750,0.0224
15.2750,48.7750,0.0225
15.3250,48.7750,0.0214
15.3750,48.7750,0.0227
15.4250,48.7750,0.0219
15.4750,48.7750,0.0227
15.5250,48.7750,0.0227
15.5750,48.7750,0.0235
15.6250,48.7750,0.0227
15.6750,48.7750,0.0237
15.7250,48.7750,0.0237
15.7750,48.7750,0.0237
15.8250,48.7750,0.0250
15.8750,48.7750,0.0244
15.9250,48.7750,0.0275
15.9750,48.7750,0.0265
16.0250,48.7750,0.0291
16.0750,48.7750,0.0291
16.1250,48.7750,0.0310
16.1750,48.7750,0.0310
16.2250,48.7750,0.0315
16.2750,48.7750,0.0316
16.3250,48.7750,0.0316
16.3750,48.7750,0.0335
16.4250,48.7750,0.0319
16.4750,48.7750,0.0358
16.5250,48.7750,0.0333
16.5750,48.7750,0.0369
16.6250,48.7750,0.0361
16.6750,48.7750,0.0386
16.7250,48.7750,0.0386
16.7750,48.7750,0.0364
16.8250,48.7750,0.0394
16.8750,48.7750,0.0394
16.9250,48.7750,0.0440
16.9750,48.7750,0.0440
17.0250,48.7750,0.0520
17.0750,48.7750,0.0480
17.1250,48.7750,0.0491
17.1750,48.7750,0.0543
17.2250,48.7750,0.0636
17.2750,48.7750,0.0665
17.3250,48.7750,0.0659
17.3750,48.7750,0.0764
17.4250,48.7750,0.0714
17.4750,48.7750,0.0772
9.5250,48.7251,0.0482
9.5750,48.7251,0.0461
9.6250,48.7251,0.0461
9.6750,48.7251,0.0447
9.7250,48.7251,0.0438
9.7750,48.7251,0.0447
9.8250,48.7251,0.0400
9.8750,48.7251,0.0413
9.9250,48.7251,0.0390
9.9750,48.7251,0.0385
10.0250,48.7251,0.0385
10.0750,48.7251,0.0387
10.1250,48.7251,0.0390
10.1750,48.7251,0.0393
10.2250,48.7251,0.0382
10.2750,48.7251,0.0393
10.3250,48.7251,0.0392
10.3750,48.7251,0.0408
10.4250,48.7251,0.0408
10.4750,48.7251,0.0452
10.5250,48.7251,0.0521
10.5750,48.7251,0.0525
10.6250,48.7251,0.0575
10.6750,48.7251,0.0591
10.7250,48.7251,0.0596
10.7750,48.7251,0.0583
10.8250,48.7251,0.0583
10.8750,48.7251,0.0569
10.9250,48.7251,0.0569
10.9750,48.7251,0.0521
11.0250,48.7251,0.0549
11.0750,48.7251,0.0457
11.1250,48.7251,0.0457
11.1750,48.7251,0.0386
11.2250,48.7251,0.0386
11.2750,48.7251,0.0338
11.3250,48.7251,0.0393
11.3750,48.7251,0.0301
11.4250,48.7251,0.0331
11.4750,48.7251,0.0273
11.5250,48.7251,0.0273
11.5750,48.7251,0.0229
11.6250,48.7251,0.0229
11.6750,48.7251,0.0198
11.7250,48.7251,0.0189
11.7750,48.7251,0.0180
11.8250,48.7251,0.0173
11.8750,48.7251,0.0160
11.9250,48.7251,0.0160
11.9750,48.7251,0.0149
12.0250,48.7251,0.0149
12.0750,48.7251,0.0142
12.1250,48.7251,0.0139
12.1750,48.7251,0.0139
12.2250,48.7251,0.0135
12.2750,48.7251,0.0133
12.3250,48.7251,0.0132
12.3750,48.7251,0.0130
12.4250,48.7251,0.0130
12.4750,48.7251,0.0128
12.5250,48.7251,0.0128
12.5750,48.7251,0.0128
12.6250,48.7251,0.0129
12.6750,48.7251,0.0129
12.7250,48.7251,0.0131
12.7750,48.7251,0.0132
12.8250,48.7251,0.0134
12.8750,48.7251,0.0137
12.9250,48.7251,0.0142
12.9750,48.7251,0.0142
13.0250,48.7251,0.0151
13.0750,48.7251,0.0154
13.1250,48.7251,0.0162
13.1750,48.7251,0.0173
13.2250,48.7251,0.0173
13.2750,48.7251,0.0182
13.3250,48.7251,0.0190
13.3750,48.7251,0.0190
13.4250,48.7251,0.0202
13.4750,48.7251,0.0206
13.5250,48.7251,0.0207
13.5750,48.7251,0.0217
13.6250,48.7251,0.0217
13.6750,48.7251,0.0226
13.7250,48.7251,0.0222
13.7750,48.7251,0.0236
13.8250,48.7251,0.0230
13.8750,48.7251,0.0237
13.9250,48.7251,0.0237
13.9750,48.7251,0.0243
14.0250,48.7251,0.0243
14.0750,48.7251,0.0248
14.1250,48.7251,0.0233
14.1750,48.7251,0.0236
14.2250,48.7251,0.0239
14.2750,48.7251,0.0240
14.3250,48.7251,0.0244
14.3750,48.7251,0.0233
14.4250,48.7251,0.0250
14.4750,48.7251,0.0237
14.5250,48.7251,0.0241
14.5750,48.7251,0.0241
14.6250,48.7251,0.0246
14.6750,48.7251,0.0245
14.7250,48.7251,0.0250
14.7750,48.7251,0.0238
14.8250,48.7251,0.0240
14.8750,48.7251,0.0240
14.9250,48.7251,0.0241
14.9750,48.7251,0.0241
15.0250,48.7251,0.0230
15.0750,48.7251,0.0235
15.1250,48.7251,0.0233
15.1750,48.7251,0.0236
15.2250,48.7251,0.0236
15.2750,48.7251,0.0241
15.3250,48.7251,0.0230
15.3750,48.7251,0.0244
15.4250,48.7251,0.0236
15.4750,48.7251,0.0240
15.5250,48.7251,0.0243
15.5750,48.7251,0.0240
15.6250,48.7251,0.0255
15.6750,48.7251,0.0244
15.7250,48.7251,0.0262
15.7750,48.7251,0.0262
15.8250,48.7251,0.0285
15.8750,48.7251,0.0285
15.9250,48.7251,0.0308
15.9750,48.7251,0.0300
16.0250,48.7251,0.0300
16.0750,48.7251,0.0318
16.1250,48.7251,0.0324
16.1750,48.7251,0.0342
16.2250,48.7251,0.0327
16.2750,48.7251,0.0355
16.3250,48.7251,0.0353
16.3750,48.7251,0.0376
16.4250,48.7251,0.0376
16.4750,48.7251,0.0397
16.5250,48.7251,0.0382
16.5750,48.7251,0.0382
16.6250,48.7251,0.0405
16.6750,48.7251,0.0405
16.7250,48.7251,0.0431
16.7750,48.7251,0.0411
16.8250,48.7251,0.0474
16.8750,48.7251,0.0460
16.9250,48.7251,0.0537
16.9750,48.7251,0.0537
17.0250,48.7251,0.0531
17.0750,48.7251,0.0646
17.1250,48.7251,0.0613
17.1750,48.7251,0.0711
17.2250,48.7251,0.0711
17.2750,48.7251,0.0809
17.3250,48.7251,0.0770
17.3750,48.7251,0.0776
17.4250,48.7251,0.0818
17.4750,48.7251,0.0818
9.5250,48.6751,0.0513
9.5750,48.6751,0.0518
9.6250,48.6751,0.0496
9.6750,48.6751,0.0490
9.7250,48.6751,0.0490
9.7750,48.6751,0.0492
9.8250,48.6751,0.0440
9.8750,48.6751,0.0478
9.9250,48.6751,0.0427
9.9750,48.6751,0.0424
10.0250,48.6751,0.0418
10.0750,48.6751,0.0411
10.1250,48.6751,0.0411
10.1750,48.6751,0.0405
10.2250,48.6751,0.0398
10.2750,48.6751,0.0400
10.3250,48.6751,0.0403
10.3750,48.6751,0.0413
10.4250,48.6751,0.0414
10.4750,48.6751,0.0452
10.5250,48.6751,0.0452
10.5750,48.6751,0.0504
10.6250,48.6751,0.0547
10.6750,48.6751,0.0466
10.7250,48.6751,0.0519
10.7750,48.6751,0.0472
10.8250,48.6751,0.0473
10.8750,48.6751,0.0428
10.9250,48.6751,0.0428
10.9750,48.6751,0.0388
11.0250,48.6751,0.0445
11.0750,48.6751,0.0336
11.1250,48.6751,0.0359
11.1750,48.6751,0.0309
11.2250,48.6751,0.0308
11.2750,48.6751,0.0278
11.3250,48.6751,0.0278
11.3750,48.6751,0.0247
11.4250,48.6751,0.0262
11.4750,48.6751,0.0258
11.5250,48.6751,0.0230
11.5750,48.6751,0.0210
11.6250,48.6751,0.0204
11.6750,48.6751,0.0185
11.7250,48.6751,0.0184
11.7750,48.6751,0.0180
11.8250,48.6751,0.0167
11.8750,48.6751,0.0167
11.9250,48.6751,0.0156
11.9750,48.6751,0.0155
12.0250,48.6751,0.0147
12.0750,48.6751,0.0142
12.1250,48.6751,0.0142
12.1750,48.6751,0.0139
12.2250,48.6751,0.0135
12.2750,48.6751,0.0135
12.3250,48.6751,0.0133
12.3750,48.6751,0.0132
12.4250,48.6751,0.0131
12.4750,48.6751,0.0129
12.5250,48.6751,0.0131
12.5750,48.6751,0.0130
12.6250,48.6751,0.0131
12.6750,48.6751,0.0131
12.7250,48.6751,0.0133
12.7750,48.6751,0.0134
12.8250,48.6751,0.0135
12.8750,48.6751,0.0138
12.9250,48.6751,0.0138
12.9750,48.6751,0.0143
13.0250,48.6751,0.0150
13.0750,48.6751,0.0150
13.1250,48.6751,0.0162
13.1750,48.6751,0.0172
13.2250,48.6751,0.0172
13.2750,48.6751,0.0181
13.3250,48.6751,0.0181
13.3750,48.6751,0.0189
13.4250,48.6751,0.0202
13.4750,48.6751,0.0204
13.5250,48.6751,0.0214
13.5750,48.6751,0.0226
13.6250,48.6751,0.0226
13.6750,48.6751,0.0236
13.7250,48.6751,0.0236
13.7750,48.6751,0.0246
13.8250,48.6751,0.0244
13.8750,48.6751,0.0244
13.9250,48.6751,0.0256
13.9750,48.6751,0.0260
14.0250,48.6751,0.0268
14.0750,48.6751,0.0248
14.1250,48.6751,0.0277
14.1750,48.6751,0.0255
14.2250,48.6751,0.0264
14.2750,48.6751,0.0264
14.3250,48.6751,0.0273
14.3750,48.6751,0.0260
14.4250,48.6751,0.0280
14.4750,48.6751,0.0258
14.5250,48.6751,0.0260
14.5750,48.6751,0.0266
14.6250,48.6751,0.0270
14.6750,48.6751,0.0271
14.7250,48.6751,0.0250
14.7750,48.6751,0.0255
14.8250,48.6751,0.0254
14.8750,48.6751,0.0259
14.9250,48.6751,0.0259
14.9750,48.6751,0.0262
15.0250,48.6751,0.0244
15.0750,48.6751,0.0266
15.1250,48.6751,0.0247
15.1750,48.6751,0.0254
15.2250,48.6751,0.0255
15.2750,48.6751,0.0256
15.3250,48.6751,0.0263
15.3750,48.6751,0.0246
15.4250,48.6751,0.0255
15.4750,48.6751,0.0255
15.5250,48.6751,0.0269
15.5750,48.6751,0.0263
15.6250,48.6751,0.0286
15.6750,48.6751,0.0274
15.7250,48.6751,0.0276
15.7750,48.6751,0.0295
15.8250,48.6751,0.0314
15.8750,48.6751,0.0316
15.9250,48.6751,0.0308
15.9750,48.6751,0.0327
16.0250,48.6751,0.0327
16.0750,48.6751,0.0355
16.1250,48.6751,0.0355
16.1750,48.6751,0.0378
16.2250,48.6751,0.0367
16.2750,48.6751,0.0367
16.3250,48.6751,0.0388
16.3750,48.6751,0.0392
16.4250,48.6751,0.0410
16.4750,48.6751,0.0397
16.5250,48.6751,0.0438
16.5750,48.6751,0.0418
16.6250,48.6751,0.0454
16.6750,48.6751,0.0454
16.7250,48.6751,0.0495
16.7750,48.6751,0.0478
16.8250,48.6751,0.0477
16.8750,48.6751,0.0532
16.9250,48.6751,0.0532
16.9750,48.6751,0.0649
17.0250,48.6751,0.0687
17.0750,48.6751,0.0789
17.1250,48.6751,0.0762
17.1750,48.6751,0.0841
17.2250,48.6751,0.0845
17.2750,48.6751,0.0821
17.3250,48.6751,0.0886
17.3750,48.6751,0.0863
17.4250,48.6751,0.0888
17.4750,48.6751,0.0888
9.5250,48.6251,0.0568
9.5750,48.6251,0.0568
9.6250,48.6251,0.0546
9.6750,48.6251,0.0546
9.7250,48.6251,0.0533
9.7750,48.6251,0.0501
9.8250,48.6251,0.0520
9.8750,48.6251,0.0478
9.9250,48.6251,0.0461
9.9750,48.6251,0.0461
10.0250,48.6251,0.0441
10.0750,48.6251,0.0440
10.1250,48.6251,0.0418
10.1750,48.6251,0.0403
10.2250,48.6251,0.0400
10.2750,48.6251,0.0399
10.3250,48.6251,0.0398
10.3750,48.6251,0.0398
10.4250,48.6251,0.0404
10.4750,48.6251,0.0404
10.5250,48.6251,0.0420
10.5750,48.6251,0.0487
10.6250,48.6251,0.0421
10.6750,48.6251,0.0466
10.7250,48.6251,0.0401
10.7750,48.6251,0.0401
10.8250,48.6251,0.0364
10.8750,48.6251,0.0364
10.9250,48.6251,0.0329
10.9750,48.6251,0.0387
11.0250,48.6251,0.0304
11.0750,48.6251,0.0332
11.1250,48.6251,0.0293
11.1750,48.6251,0.0293
11.2250,48.6251,0.0261
11.2750,48.6251,0.0261
11.3250,48.6251,0.0239
11.3750,48.6251,0.0247
11.4250,48.6251,0.0223
11.4750,48.6251,0.0227
11.5250,48.6251,0.0206
11.5750,48.6251,0.0206
11.6250,48.6251,0.0187
11.6750,48.6251,0.0187
11.7250,48.6251,0.0177
11.7750,48.6251,0.0172
11.8250,48.6251,0.0167
11.8750,48.6251,0.0162
11.9250,48.6251,0.0153
11.9750,48.6251,0.0153
12.0250,48.6251,0.0145
12.0750,48.6251,0.0144
12.1250,48.6251,0.0142
12.1750,48.6251,0.0139
12.2250,48.6251,0.0139
12.2750,48.6251,0.0137
12.3250,48.6251,0.0135
12.3750,48.6251,0.0135
12.4250,48.6251,0.0133
12.4750,48.6251,0.0131
12.5250,48.6251,0.0131
12.5750,48.6251,0.0132
12.6250,48.6251,0.0132
12.6750,48.6251,0.0133
12.7250,48.6251,0.0133
12.7750,48.6251,0.0135
12.8250,48.6251,0.0136
12.8750,48.6251,0.0140
12.9250,48.6251,0.0140
12.9750,48.6251,0.0144
13.0250,48.6251,0.0144
13.0750,48.6251,0.0151
13.1250,48.6251,0.0161
13.1750,48.6251,0.0160
13.2250,48.6251,0.0171
13.2750,48.6251,0.0180
13.3250,48.6251,0.0180
13.3750,48.6251,0.0188
13.4250,48.6251,0.0188
13.4750,48.6251,0.0204
13.5250,48.6251,0.0219
13.5750,48.6251,0.0219
13.6250,48.6251,0.0232
13.6750,48.6251,0.0235
13.7250,48.6251,0.0243
13.7750,48.6251,0.0246
13.8250,48.6251,0.0260
13.8750,48.6251,0.0262
13.9250,48.6251,0.0276
13.9750,48.6251,0.0276
14.0250,48.6251,0.0289
14.0750,48.6251,0.0278
14.1250,48.6251,0.0299
14.1750,48.6251,0.0285
14.2250,48.6251,0.0286
14.2750,48.6251,0.0294
14.3250,48.6251,0.0298
14.3750,48.6251,0.0301
14.4250,48.6251,0.0280
14.4750,48.6251,0.0286
14.5250,48.6251,0.0286
14.5750,48.6251,0.0290
14.6250,48.6251,0.0290
14.6750,48.6251,0.0294
14.7250,48.6251,0.0275
14.7750,48.6251,0.0295
14.8250,48.6251,0.0278
14.8750,48.6251,0.0281
14.9250,48.6251,0.0281
14.9750,48.6251,0.0280
15.0250,48.6251,0.0285
15.0750,48.6251,0.0267
15.1250,48.6251,0.0272
15.1750,48.6251,0.0272
15.2250,48.6251,0.0280
15.2750,48.6251,0.0266
15.3250,48.6251,0.0289
15.3750,48.6251,0.0272
15.4250,48.6251,0.0279
15.4750,48.6251,0.0284
15.5250,48.6251,0.0297
15.5750,48.6251,0.0297
15.6250,48.6251,0.0286
15.6750,48.6251,0.0304
15.7250,48.6251,0.0304
15.7750,48.6251,0.0324
15.8250,48.6251,0.0324
15.8750,48.6251,0.0354
15.9250,48.6251,0.0341
15.9750,48.6251,0.0358
16.0250,48.6251,0.0367
16.0750,48.6251,0.0387
16.1250,48.6251,0.0389
16.1750,48.6251,0.0378
16.2250,48.6251,0.0408
16.2750,48.6251,0.0400
16.3250,48.6251,0.0420
16.3750,48.6251,0.0420
16.4250,48.6251,0.0453
16.4750,48.6251,0.0438
16.5250,48.6251,0.0443
16.5750,48.6251,0.0474
16.6250,48.6251,0.0474
16.6750,48.6251,0.0510
16.7250,48.6251,0.0495
16.7750,48.6251,0.0547
16.8250,48.6251,0.0540
16.8750,48.6251,0.0621
16.9250,48.6251,0.0621
16.9750,48.6251,0.0750
17.0250,48.6251,0.0750
17.0750,48.6251,0.0790
17.1250,48.6251,0.0868
17.1750,48.6251,0.0868
17.2250,48.6251,0.0923
17.2750,48.6251,0.0887
17.3250,48.6251,0.0978
17.3750,48.6251,0.0899
17.4250,48.6251,0.0901
17.4750,48.6251,0.0927
9.5250,48.5751,0.0682
9.5750,48.5751,0.0614
9.6250,48.5751,0.0585
9.6750,48.5751,0.0585
9.7250,48.5751,0.0551
9.7750,48.5751,0.0551
9.8250,48.5751,0.0532
9.8750,48.5751,0.0499
9.9250,48.5751,0.0510
9.9750,48.5751,0.0473
10.0250,48.5751,0.0442
10.0750,48.5751,0.0442
10.1250,48.5751,0.0406
10.1750,48.5751,0.0406
10.2250,48.5751,0.0374
10.2750,48.5751,0.0385
10.3250,48.5751,0.0347
10.3750,48.5751,0.0373
10.4250,48.5751,0.0365
10.4750,48.5751,0.0365
10.5250,48.5751,0.0356
10.5750,48.5751,0.0356
10.6250,48.5751,0.0327
10.6750,48.5751,0.0369
10.7250,48.5751,0.0304
10.7750,48.5751,0.0320
10.8250,48.5751,0.0299
10.8750,48.5751,0.0299
10.9250,48.5751,0.0280
10.9750,48.5751,0.0280
11.0250,48.5751,0.0258
11.0750,48.5751,0.0277
11.1250,48.5751,0.0259
11.1750,48.5751,0.0248
11.2250,48.5751,0.0233
11.2750,48.5751,0.0233
11.3250,48.5751,0.0219
11.3750,48.5751,0.0220
11.4250,48.5751,0.0212
11.4750,48.5751,0.0206
11.5250,48.5751,0.0206
11.5750,48.5751,0.0189
11.6250,48.5751,0.0180
11.6750,48.5751,0.0180
11.7250,48.5751,0.0175
11.7750,48.5751,0.0168
11.8250,48.5751,0.0167
11.8750,48.5751,0.0159
11.9250,48.5751,0.0159
11.9750,48.5751,0.0152
12.0250,48.5751,0.0145
12.0750,48.5751,0.0145
12.1250,48.5751,0.0142
12.1750,48.5751,0.0139
12.2250,48.5751,0.0139
12.2750,48.5751,0.0138
12.3250,48.5751,0.0138
12.3750,48.5751,0.0137
12.4250,48.5751,0.0134
12.4750,48.5751,0.0136
12.5250,48.5751,0.0134
12.5750,48.5751,0.0135
12.6250,48.5751,0.0135
12.6750,48.5751,0.0136
12.7250,48.5751,0.0136
12.7750,48.5751,0.0138
12.8250,48.5751,0.0138
12.8750,48.5751,0.0138
12.9250,48.5751,0.0141
12.9750,48.5751,0.0145
13.0250,48.5751,0.0145
13.0750,48.5751,0.0152
13.1250,48.5751,0.0153
13.1750,48.5751,0.0160
13.2250,48.5751,0.0170
13.2750,48.5751,0.0170
13.3250,48.5751,0.0179
13.3750,48.5751,0.0184
13.4250,48.5751,0.0188
13.4750,48.5751,0.0205
13.5250,48.5751,0.0206
13.5750,48.5751,0.0222
13.6250,48.5751,0.0236
13.6750,48.5751,0.0236
13.7250,48.5751,0.0250
13.7750,48.5751,0.0260
13.8250,48.5751,0.0264
13.8750,48.5751,0.0277
13.9250,48.5751,0.0277
13.9750,48.5751,0.0292
14.0250,48.5751,0.0296
14.0750,48.5751,0.0305
14.1250,48.5751,0.0299
14.1750,48.5751,0.0309
14.2250,48.5751,0.0309
14.2750,48.5751,0.0317
14.3250,48.5751,0.0317
14.3750,48.5751,0.0323
14.4250,48.5751,0.0306
14.4750,48.5751,0.0326
14.5250,48.5751,0.0309
14.5750,48.5751,0.0313
14.6250,48.5751,0.0313
14.6750,48.5751,0.0306
14.7250,48.5751,0.0314
14.7750,48.5751,0.0296
14.8250,48.5751,0.0298
14.8750,48.5751,0.0298
14.9250,48.5751,0.0301
14.9750,48.5751,0.0285
15.0250,48.5751,0.0305
15.0750,48.5751,0.0289
15.1250,48.5751,0.0297
15.1750,48.5751,0.0297
15.2250,48.5751,0.0305
15.2750,48.5751,0.0305
15.3250,48.5751,0.0289
15.3750,48.5751,0.0299
15.4250,48.5751,0.0299
15.4750,48.5751,0.0310
15.5250,48.5751,0.0310
15.5750,48.5751,0.0324
15.6250,48.5751,0.0314
15.6750,48.5751,0.0349
15.7250,48.5751,0.0339
15.7750,48.5751,0.0366
15.8250,48.5751,0.0366
15.8750,48.5751,0.0360
15.9250,48.5751,0.0388
15.9750,48.5751,0.0378
16.0250,48.5751,0.0398
16.0750,48.5751,0.0398
16.1250,48.5751,0.0418
16.1750,48.5751,0.0409
16.2250,48.5751,0.0450
16.2750,48.5751,0.0434
16.3250,48.5751,0.0438
16.3750,48.5751,0.0470
16.4250,48.5751,0.0460
16.4750,48.5751,0.0502
16.5250,48.5751,0.0487
16.5750,48.5751,0.0521
16.6250,48.5751,0.0521
16.6750,48.5751,0.0563
16.7250,48.5751,0.0562
16.7750,48.5751,0.0589
16.8250,48.5751,0.0623
16.8750,48.5751,0.0623
16.9250,48.5751,0.0714
16.9750,48.5751,0.0751
17.0250,48.5751,0.0863
17.0750,48.5751,0.0888
17.1250,48.5751,0.0932
17.1750,48.5751,0.0933
17.2250,48.5751,0.0941
17.2750,48.5751,0.0941
17.3250,48.5751,0.0979
17.3750,48.5751,0.0919
17.4250,48.5751,0.0919
17.4750,48.5751,0.0902
9.5250,48.5251,0.0683
9.5750,48.5251,0.0653
9.6250,48.5251,0.0653
9.6750,48.5251,0.0621
9.7250,48.5251,0.0613
9.7750,48.5251,0.0585
9.8250,48.5251,0.0532
9.8750,48.5251,0.0542
9.9250,48.5251,0.0511
9.9750,48.5251,0.0478
10.0250,48.5251,0.0478
10.0750,48.5251,0.0429
10.1250,48.5251,0.0406
10.1750,48.5251,0.0381
10.2250,48.5251,0.0373
10.2750,48.5251,0.0339
10.3250,48.5251,0.0346
10.3750,48.5251,0.0323
10.4250,48.5251,0.0323
10.4750,48.5251,0.0312
10.5250,48.5251,0.0324
10.5750,48.5251,0.0299
10.6250,48.5251,0.0327
10.6750,48.5251,0.0283
10.7250,48.5251,0.0301
10.7750,48.5251,0.0279
10.8250,48.5251,0.0279
10.8750,48.5251,0.0259
10.9250,48.5251,0.0274
10.9750,48.5251,0.0244
11.0250,48.5251,0.0258
11.0750,48.5251,0.0237
11.1250,48.5251,0.0241
11.1750,48.5251,0.0228
11.2250,48.5251,0.0228
11.2750,48.5251,0.0216
11.3250,48.5251,0.0219
11.3750,48.5251,0.0203
11.4250,48.5251,0.0205
11.4750,48.5251,0.0190
11.5250,48.5251,0.0190
11.5750,48.5251,0.0182
11.6250,48.5251,0.0182
11.6750,48.5251,0.0175
11.7250,48.5251,0.0172
11.7750,48.5251,0.0168
11.8250,48.5251,0.0164
11.8750,48.5251,0.0157
11.9250,48.5251,0.0157
11.9750,48.5251,0.0151
12.0250,48.5251,0.0151
12.0750,48.5251,0.0146
12.1250,48.5251,0.0143
12.1750,48.5251,0.0143
12.2250,48.5251,0.0141
12.2750,48.5251,0.0139
12.3250,48.5251,0.0139
12.3750,48.5251,0.0139
12.4250,48.5251,0.0139
12.4750,48.5251,0.0136
12.5250,48.5251,0.0137
12.5750,48.5251,0.0137
12.6250,48.5251,0.0137
12.6750,48.5251,0.0138
12.7250,48.5251,0.0139
12.7750,48.5251,0.0138
12.8250,48.5251,0.0141
12.8750,48.5251,0.0141
12.9250,48.5251,0.0144
12.9750,48.5251,0.0144
13.0250,48.5251,0.0149
13.0750,48.5251,0.0152
13.1250,48.5251,0.0157
13.1750,48.5251,0.0161
13.2250,48.5251,0.0165
13.2750,48.5251,0.0170
13.3250,48.5251,0.0179
13.3750,48.5251,0.0179
13.4250,48.5251,0.0188
13.4750,48.5251,0.0205
13.5250,48.5251,0.0205
13.5750,48.5251,0.0223
13.6250,48.5251,0.0223
13.6750,48.5251,0.0239
13.7250,48.5251,0.0251
13.7750,48.5251,0.0256
13.8250,48.5251,0.0270
13.8750,48.5251,0.0288
13.9250,48.5251,0.0288
13.9750,48.5251,0.0304
14.0250,48.5251,0.0304
14.0750,48.5251,0.0318
14.1250,48.5251,0.0316
14.1750,48.5251,0.0322
14.2250,48.5251,0.0329
14.2750,48.5251,0.0343
14.3250,48.5251,0.0344
14.3750,48.5251,0.0328
14.4250,48.5251,0.0353
14.4750,48.5251,0.0331
14.5250,48.5251,0.0338
14.5750,48.5251,0.0338
14.6250,48.5251,0.0341
14.6750,48.5251,0.0314
14.7250,48.5251,0.0340
14.7750,48.5251,0.0315
14.8250,48.5251,0.0319
14.8750,48.5251,0.0317
14.9250,48.5251,0.0320
14.9750,48.5251,0.0320
15.0250,48.5251,0.0306
15.0750,48.5251,0.0311
15.1250,48.5251,0.0311
15.1750,48.5251,0.0319
15.2250,48.5251,0.0319
15.2750,48.5251,0.0335
15.3250,48.5251,0.0315
15.3750,48.5251,0.0351
15.4250,48.5251,0.0327
15.4750,48.5251,0.0347
15.5250,48.5251,0.0347
15.5750,48.5251,0.0360
15.6250,48.5251,0.0362
15.6750,48.5251,0.0353
15.7250,48.5251,0.0378
15.7750,48.5251,0.0378
15.8250,48.5251,0.0399
15.8750,48.5251,0.0389
15.9250,48.5251,0.0417
15.9750,48.5251,0.0409
16.0250,48.5251,0.0429
16.0750,48.5251,0.0431
16.1250,48.5251,0.0459
16.1750,48.5251,0.0464
16.2250,48.5251,0.0451
16.2750,48.5251,0.0485
16.3250,48.5251,0.0485
16.3750,48.5251,0.0517
16.4250,48.5251,0.0514
16.4750,48.5251,0.0545
16.5250,48.5251,0.0536
16.5750,48.5251,0.0537
16.6250,48.5251,0.0583
16.6750,48.5251,0.0603
16.7250,48.5251,0.0641
16.7750,48.5251,0.0638
16.8250,48.5251,0.0754
16.8750,48.5251,0.0755
16.9250,48.5251,0.0901
16.9750,48.5251,0.0901
17.0250,48.5251,0.0963
17.0750,48.5251,0.0951
17.1250,48.5251,0.0951
17.1750,48.5251,0.1062
17.2250,48.5251,0.1024
17.2750,48.5251,0.1008
17.3250,48.5251,0.0982
17.3750,48.5251,0.0968
17.4250,48.5251,0.0943
17.4750,48.5251,0.0904
9.5250,48.4751,0.0693
9.5750,48.4751,0.0705
9.6250,48.4751,0.0657
9.6750,48.4751,0.0621
9.7250,48.4751,0.0621
9.7750,48.4751,0.0586
9.8250,48.4751,0.0572
9.8750,48.4751,0.0540
9.9250,48.4751,0.0513
9.9750,48.4751,0.0501
10.0250,48.4751,0.0468
10.0750,48.4751,0.0406
10.1250,48.4751,0.0406
10.1750,48.4751,0.0352
10.2250,48.4751,0.0341
10.2750,48.4751,0.0314
10.3250,48.4751,0.0311
10.3750,48.4751,0.0296
10.4250,48.4751,0.0296
10.4750,48.4751,0.0282
10.5250,48.4751,0.0282
10.5750,48.4751,0.0266
10.6250,48.4751,0.0282
10.6750,48.4751,0.0250
10.7250,48.4751,0.0263
10.7750,48.4751,0.0248
10.8250,48.4751,0.0246
10.8750,48.4751,0.0237
10.9250,48.4751,0.0237
10.9750,48.4751,0.0228
11.0250,48.4751,0.0234
11.0750,48.4751,0.0220
11.1250,48.4751,0.0224
11.1750,48.4751,0.0217
11.2250,48.4751,0.0213
11.2750,48.4751,0.0202
11.3250,48.4751,0.0202
11.3750,48.4751,0.0191
11.4250,48.4751,0.0191
11.4750,48.4751,0.0190
11.5250,48.4751,0.0184
11.5750,48.4751,0.0182
11.6250,48.4751,0.0177
11.6750,48.4751,0.0172
11.7250,48.4751,0.0171
11.7750,48.4751,0.0168
11.8250,48.4751,0.0162
11.8750,48.4751,0.0162
11.9250,48.4751,0.0157
11.9750,48.4751,0.0156
12.0250,48.4751,0.0152
12.0750,48.4751,0.0146
12.1250,48.4751,0.0148
12.1750,48.4751,0.0144
12.2250,48.4751,0.0142
12.2750,48.4751,0.0142
12.3250,48.4751,0.0141
12.3750,48.4751,0.0140
12.4250,48.4751,0.0141
12.4750,48.4751,0.0139
12.5250,48.4751,0.0142
12.5750,48.4751,0.0140
12.6250,48.4751,0.0141
12.6750,48.4751,0.0141
12.7250,48.4751,0.0142
12.7750,48.4751,0.0141
12.8250,48.4751,0.0144
12.8750,48.4751,0.0143
12.9250,48.4751,0.0144
12.9750,48.4751,0.0147
13.0250,48.4751,0.0154
13.0750,48.4751,0.0154
13.1250,48.4751,0.0157
13.1750,48.4751,0.0164
13.2250,48.4751,0.0164
13.2750,48.4751,0.0173
13.3250,48.4751,0.0173
13.3750,48.4751,0.0182
13.4250,48.4751,0.0188
13.4750,48.4751,0.0191
13.5250,48.4751,0.0206
13.5750,48.4751,0.0224
13.6250,48.4751,0.0224
13.6750,48.4751,0.0240
13.7250,48.4751,0.0240
13.7750,48.4751,0.0258
13.8250,48.4751,0.0277
13.8750,48.4751,0.0277
13.9250,48.4751,0.0297
13.9750,48.4751,0.0313
14.0250,48.4751,0.0314
14.0750,48.4751,0.0318
14.1250,48.4751,0.0333
14.1750,48.4751,0.0334
14.2250,48.4751,0.0352
14.2750,48.4751,0.0352
14.3250,48.4751,0.0367
14.3750,48.4751,0.0355
14.4250,48.4751,0.0379
14.4750,48.4751,0.0363
14.5250,48.4751,0.0368
14.5750,48.4751,0.0368
14.6250,48.4751,0.0370
14.6750,48.4751,0.0370
14.7250,48.4751,0.0340
14.7750,48.4751,0.0341
14.8250,48.4751,0.0341
14.8750,48.4751,0.0346
14.9250,48.4751,0.0345
14.9750,48.4751,0.0354
15.0250,48.4751,0.0327
15.0750,48.4751,0.0364
15.1250,48.4751,0.0338
15.1750,48.4751,0.0355
15.2250,48.4751,0.0355
15.2750,48.4751,0.0372
15.3250,48.4751,0.0357
15.3750,48.4751,0.0353
15.4250,48.4751,0.0369
15.4750,48.4751,0.0369
15.5250,48.4751,0.0385
15.5750,48.4751,0.0368
15.6250,48.4751,0.0401
15.6750,48.4751,0.0389
15.7250,48.4751,0.0408
15.7750,48.4751,0.0408
15.8250,48.4751,0.0429
15.8750,48.4751,0.0429
15.9250,48.4751,0.0417
15.9750,48.4751,0.0445
16.0250,48.4751,0.0445
16.0750,48.4751,0.0478
16.1250,48.4751,0.0470
16.1750,48.4751,0.0509
16.2250,48.4751,0.0497
16.2750,48.4751,0.0508
16.3250,48.4751,0.0527
16.3750,48.4751,0.0562
16.4250,48.4751,0.0563
16.4750,48.4751,0.0546
16.5250,48.4751,0.0595
16.5750,48.4751,0.0595
16.6250,48.4751,0.0652
16.6750,48.4751,0.0652
16.7250,48.4751,0.0711
16.7750,48.4751,0.0712
16.8250,48.4751,0.0714
16.8750,48.4751,0.0863
16.9250,48.4751,0.0929
16.9750,48.4751,0.0956
17.0250,48.4751,0.0986
17.0750,48.4751,0.1059
17.1250,48.4751,0.0994
17.1750,48.4751,0.1020
17.2250,48.4751,0.1020
17.2750,48.4751,0.0995
17.3250,48.4751,0.0961
17.3750,48.4751,0.0961
17.4250,48.4751,0.0906
17.4750,48.4751,0.0906
9.5250,48.4251,0.0757
9.5750,48.4251,0.0714
9.6250,48.4251,0.0685
9.6750,48.4251,0.0685
9.7250,48.4251,0.0632
9.7750,48.4251,0.0585
9.8250,48.4251,0.0570
9.8750,48.4251,0.0540
9.9250,48.4251,0.0503
9.9750,48.4251,0.0499
10.0250,48.4251,0.0437
10.0750,48.4251,0.0437
10.1250,48.4251,0.0378
10.1750,48.4251,0.0348
10.2250,48.4251,0.0324
10.2750,48.4251,0.0314
10.3250,48.4251,0.0293
10.3750,48.4251,0.0293
10.4250,48.4251,0.0274
10.4750,48.4251,0.0274
10.5250,48.4251,0.0258
10.5750,48.4251,0.0265
10.6250,48.4251,0.0244
10.6750,48.4251,0.0250
10.7250,48.4251,0.0240
10.7750,48.4251,0.0240
10.8250,48.4251,0.0232
10.8750,48.4251,0.0232
10.9250,48.4251,0.0224
10.9750,48.4251,0.0228
11.0250,48.4251,0.0216
11.0750,48.4251,0.0219
11.1250,48.4251,0.0209
11.1750,48.4251,0.0209
11.2250,48.4251,0.0200
11.2750,48.4251,0.0200
11.3250,48.4251,0.0191
11.3750,48.4251,0.0191
11.4250,48.4251,0.0186
11.4750,48.4251,0.0185
11.5250,48.4251,0.0179
11.5750,48.4251,0.0179
11.6250,48.4251,0.0174
11.6750,48.4251,0.0174
11.7250,48.4251,0.0170
11.7750,48.4251,0.0166
11.8250,48.4251,0.0166
11.8750,48.4251,0.0161
11.9250,48.4251,0.0157
11.9750,48.4251,0.0157
12.0250,48.4251,0.0154
12.0750,48.4251,0.0151
12.1250,48.4251,0.0151
12.1750,48.4251,0.0145
12.2250,48.4251,0.0145
12.2750,48.4251,0.0144
12.3250,48.4251,0.0144
12.3750,48.4251,0.0144
12.4250,48.4251,0.0143
12.4750,48.4251,0.0142
12.5250,48.4251,0.0142
12.5750,48.4251,0.0143
12.6250,48.4251,0.0143
12.6750,48.4251,0.0144
12.7250,48.4251,0.0142
12.7750,48.4251,0.0146
12.8250,48.4251,0.0144
12.8750,48.4251,0.0147
12.9250,48.4251,0.0147
12.9750,48.4251,0.0153
13.0250,48.4251,0.0153
13.0750,48.4251,0.0159
13.1250,48.4251,0.0161
13.1750,48.4251,0.0166
13.2250,48.4251,0.0169
13.2750,48.4251,0.0177
13.3250,48.4251,0.0177
13.3750,48.4251,0.0185
13.4250,48.4251,0.0185
13.4750,48.4251,0.0192
13.5250,48.4251,0.0209
13.5750,48.4251,0.0209
13.6250,48.4251,0.0226
13.6750,48.4251,0.0240
13.7250,48.4251,0.0241
13.7750,48.4251,0.0258
13.8250,48.4251,0.0273
13.8750,48.4251,0.0282
13.9250,48.4251,0.0304
13.9750,48.4251,0.0304
14.0250,48.4251,0.0322
14.0750,48.4251,0.0332
14.1250,48.4251,0.0349
14.1750,48.4251,0.0354
14.2250,48.4251,0.0368
14.2750,48.4251,0.0372
14.3250,48.4251,0.0387
14.3750,48.4251,0.0387
14.4250,48.4251,0.0379
14.4750,48.4251,0.0387
14.5250,48.4251,0.0387
14.5750,48.4251,0.0392
14.6250,48.4251,0.0391
14.6750,48.4251,0.0394
14.7250,48.4251,0.0371
14.7750,48.4251,0.0395
14.8250,48.4251,0.0375
14.8750,48.4251,0.0380
14.9250,48.4251,0.0380
14.9750,48.4251,0.0387
15.0250,48.4251,0.0366
15.0750,48.4251,0.0365
15.1250,48.4251,0.0377
15.1750,48.4251,0.0377
15.2250,48.4251,0.0390
15.2750,48.4251,0.0373
15.3250,48.4251,0.0402
15.3750,48.4251,0.0387
15.4250,48.4251,0.0400
15.4750,48.4251,0.0400
15.5250,48.4251,0.0412
15.5750,48.4251,0.0412
15.6250,48.4251,0.0402
15.6750,48.4251,0.0418
15.7250,48.4251,0.0418
15.7750,48.4251,0.0445
15.8250,48.4251,0.0433
15.8750,48.4251,0.0476
15.9250,48.4251,0.0461
15.9750,48.4251,0.0492
16.0250,48.4251,0.0493
16.0750,48.4251,0.0522
16.1250,48.4251,0.0522
16.1750,48.4251,0.0510
16.2250,48.4251,0.0542
16.2750,48.4251,0.0542
16.3250,48.4251,0.0587
16.3750,48.4251,0.0587
16.4250,48.4251,0.0633
16.4750,48.4251,0.0619
16.5250,48.4251,0.0655
16.5750,48.4251,0.0673
16.6250,48.4251,0.0732
16.6750,48.4251,0.0733
16.7250,48.4251,0.0712
16.7750,48.4251,0.0834
16.8250,48.4251,0.0835
16.8750,48.4251,0.1030
16.9250,48.4251,0.1030
16.9750,48.4251,0.1063
17.0250,48.4251,0.1080
17.0750,48.4251,0.1080
17.1250,48.4251,0.1074
17.1750,48.4251,0.1073
17.2250,48.4251,0.1050
17.2750,48.4251,0.0994
17.3250,48.4251,0.0966
17.3750,48.4251,0.0949
17.4250,48.4251,0.0926
17.4750,48.4251,0.0926
9.5250,48.3751,0.0775
9.5750,48.3751,0.0706
9.6250,48.3751,0.0696
9.6750,48.3751,0.0667
9.7250,48.3751,0.0613
9.7750,48.3751,0.0613
9.8250,48.3751,0.0547
9.8750,48.3751,0.0520
9.9250,48.3751,0.0498
9.9750,48.3751,0.0458
10.0250,48.3751,0.0401
10.0750,48.3751,0.0397
10.1250,48.3751,0.0347
10.1750,48.3751,0.0347
10.2250,48.3751,0.0310
10.2750,48.3751,0.0299
10.3250,48.3751,0.0287
10.3750,48.3751,0.0277
10.4250,48.3751,0.0257
10.4750,48.3751,0.0257
10.5250,48.3751,0.0243
10.5750,48.3751,0.0243
10.6250,48.3751,0.0235
10.6750,48.3751,0.0236
10.7250,48.3751,0.0229
10.7750,48.3751,0.0229
10.8250,48.3751,0.0221
10.8750,48.3751,0.0221
10.9250,48.3751,0.0214
10.9750,48.3751,0.0214
11.0250,48.3751,0.0207
11.0750,48.3751,0.0208
11.1250,48.3751,0.0206
11.1750,48.3751,0.0200
11.2250,48.3751,0.0192
11.2750,48.3751,0.0192
11.3250,48.3751,0.0187
11.3750,48.3751,0.0187
11.4250,48.3751,0.0186
11.4750,48.3751,0.0182
11.5250,48.3751,0.0182
11.5750,48.3751,0.0178
11.6250,48.3751,0.0174
11.6750,48.3751,0.0174
11.7250,48.3751,0.0170
11.7750,48.3751,0.0167
11.8250,48.3751,0.0166
11.8750,48.3751,0.0162
11.9250,48.3751,0.0162
11.9750,48.3751,0.0160
12.0250,48.3751,0.0154
12.0750,48.3751,0.0157
12.1250,48.3751,0.0151
12.1750,48.3751,0.0149
12.2250,48.3751,0.0149
12.2750,48.3751,0.0148
12.3250,48.3751,0.0148
12.3750,48.3751,0.0148
12.4250,48.3751,0.0144
12.4750,48.3751,0.0149
12.5250,48.3751,0.0145
12.5750,48.3751,0.0146
12.6250,48.3751,0.0146
12.6750,48.3751,0.0149
12.7250,48.3751,0.0149
12.7750,48.3751,0.0152
12.8250,48.3751,0.0149
12.8750,48.3751,0.0150
12.9250,48.3751,0.0154
12.9750,48.3751,0.0160
13.0250,48.3751,0.0160
13.0750,48.3751,0.0163
13.1250,48.3751,0.0165
13.1750,48.3751,0.0166
13.2250,48.3751,0.0173
13.2750,48.3751,0.0173
13.3250,48.3751,0.0181
13.3750,48.3751,0.0185
13.4250,48.3751,0.0189
13.4750,48.3751,0.0197
13.5250,48.3751,0.0211
13.5750,48.3751,0.0214
13.6250,48.3751,0.0230
13.6750,48.3751,0.0230
13.7250,48.3751,0.0244
13.7750,48.3751,0.0261
13.8250,48.3751,0.0264
13.8750,48.3751,0.0287
13.9250,48.3751,0.0296
13.9750,48.3751,0.0310
14.0250,48.3751,0.0330
14.0750,48.3751,0.0336
14.1250,48.3751,0.0349
14.1750,48.3751,0.0371
14.2250,48.3751,0.0371
14.2750,48.3751,0.0390
14.3250,48.3751,0.0390
14.3750,48.3751,0.0406
14.4250,48.3751,0.0397
14.4750,48.3751,0.0414
14.5250,48.3751,0.0404
14.5750,48.3751,0.0408
14.6250,48.3751,0.0408
14.6750,48.3751,0.0409
14.7250,48.3751,0.0397
14.7750,48.3751,0.0397
14.8250,48.3751,0.0400
14.8750,48.3751,0.0400
14.9250,48.3751,0.0406
14.9750,48.3751,0.0388
15.0250,48.3751,0.0412
15.0750,48.3751,0.0396
15.1250,48.3751,0.0404
15.1750,48.3751,0.0404
15.2250,48.3751,0.0414
15.2750,48.3751,0.0414
15.3250,48.3751,0.0403
15.3750,48.3751,0.0411
15.4250,48.3751,0.0411
15.4750,48.3751,0.0424
15.5250,48.3751,0.0415
15.5750,48.3751,0.0451
15.6250,48.3751,0.0430
15.6750,48.3751,0.0464
15.7250,48.3751,0.0459
15.7750,48.3751,0.0487
15.8250,48.3751,0.0487
15.8750,48.3751,0.0504
15.9250,48.3751,0.0503
15.9750,48.3751,0.0503
16.0250,48.3751,0.0530
16.0750,48.3751,0.0530
16.1250,48.3751,0.0569
16.1750,48.3751,0.0549
16.2250,48.3751,0.0622
16.2750,48.3751,0.0599
16.3250,48.3751,0.0647
16.3750,48.3751,0.0647
16.4250,48.3751,0.0668
16.4750,48.3751,0.0683
16.5250,48.3751,0.0679
16.5750,48.3751,0.0731
16.6250,48.3751,0.0731
16.6750,48.3751,0.0840
16.7250,48.3751,0.0833
16.7750,48.3751,0.1022
16.8250,48.3751,0.0933
16.8750,48.3751,0.1052
16.9250,48.3751,0.1079
16.9750,48.3751,0.1064
17.0250,48.3751,0.1105
17.0750,48.3751,0.1077
17.1250,48.3751,0.1030
17.1750,48.3751,0.1030
17.2250,48.3751,0.0978
17.2750,48.3751,0.0966
17.3250,48.3751,0.0966
17.3750,48.3751,0.0891
17.4250,48.3751,0.0890
17.4750,48.3751,0.0857
9.5250,48.3251,0.0776
9.5750,48.3251,0.0711
9.6250,48.3251,0.0711
9.6750,48.3251,0.0661
9.7250,48.3251,0.0661
9.7750,48.3251,0.0596
9.8250,48.3251,0.0547
9.8750,48.3251,0.0520
9.9250,48.3251,0.0497
9.9750,48.3251,0.0418
10.0250,48.3251,0.0418
10.0750,48.3251,0.0370
10.1250,48.3251,0.0370
10.1750,48.3251,0.0322
10.2250,48.3251,0.0310
10.2750,48.3251,0.0298
10.3250,48.3251,0.0287
10.3750,48.3251,0.0264
10.4250,48.3251,0.0264
10.4750,48.3251,0.0245
10.5250,48.3251,0.0245
10.5750,48.3251,0.0236
10.6250,48.3251,0.0235
10.6750,48.3251,0.0228
10.7250,48.3251,0.0227
10.7750,48.3251,0.0220
10.8250,48.3251,0.0220
10.8750,48.3251,0.0213
10.9250,48.3251,0.0213
10.9750,48.3251,0.0207
11.0250,48.3251,0.0207
11.0750,48.3251,0.0201
11.1250,48.3251,0.0200
11.1750,48.3251,0.0193
11.2250,48.3251,0.0193
11.2750,48.3251,0.0188
11.3250,48.3251,0.0187
11.3750,48.3251,0.0186
11.4250,48.3251,0.0184
11.4750,48.3251,0.0182
11.5250,48.3251,0.0181
11.5750,48.3251,0.0177
11.6250,48.3251,0.0177
11.6750,48.3251,0.0175
11.7250,48.3251,0.0170
11.7750,48.3251,0.0172
11.8250,48.3251,0.0167
11.8750,48.3251,0.0165
11.9250,48.3251,0.0165
11.9750,48.3251,0.0163
12.0250,48.3251,0.0163
12.0750,48.3251,0.0162
12.1250,48.3251,0.0155
12.1750,48.3251,0.0157
12.2250,48.3251,0.0155
12.2750,48.3251,0.0155
12.3250,48.3251,0.0155
12.3750,48.3251,0.0155
12.4250,48.3251,0.0155
12.4750,48.3251,0.0149
12.5250,48.3251,0.0151
12.5750,48.3251,0.0151
12.6250,48.3251,0.0153
12.6750,48.3251,0.0153
12.7250,48.3251,0.0156
12.7750,48.3251,0.0152
12.8250,48.3251,0.0160
12.8750,48.3251,0.0157
12.9250,48.3251,0.0161
12.9750,48.3251,0.0161
13.0250,48.3251,0.0166
13.0750,48.3251,0.0165
13.1250,48.3251,0.0172
13.1750,48.3251,0.0172
13.2250,48.3251,0.0178
13.2750,48.3251,0.0179
13.3250,48.3251,0.0186
13.3750,48.3251,0.0186
13.4250,48.3251,0.0198
13.4750,48.3251,0.0205
13.5250,48.3251,0.0205
13.5750,48.3251,0.0220
13.6250,48.3251,0.0221
13.6750,48.3251,0.0235
13.7250,48.3251,0.0244
13.7750,48.3251,0.0251
13.8250,48.3251,0.0268
13.8750,48.3251,0.0293
13.9250,48.3251,0.0293
13.9750,48.3251,0.0317
14.0250,48.3251,0.0321
14.0750,48.3251,0.0352
14.1250,48.3251,0.0367
14.1750,48.3251,0.0374
14.2250,48.3251,0.0392
14.2750,48.3251,0.0413
14.3250,48.3251,0.0413
14.3750,48.3251,0.0413
14.4250,48.3251,0.0417
14.4750,48.3251,0.0417
14.5250,48.3251,0.0424
14.5750,48.3251,0.0424
14.6250,48.3251,0.0427
14.6750,48.3251,0.0412
14.7250,48.3251,0.0432
14.7750,48.3251,0.0417
14.8250,48.3251,0.0420
14.8750,48.3251,0.0420
14.9250,48.3251,0.0427
14.9750,48.3251,0.0426
15.0250,48.3251,0.0413
15.0750,48.3251,0.0419
15.1250,48.3251,0.0419
15.1750,48.3251,0.0430
15.2250,48.3251,0.0416
15.2750,48.3251,0.0447
15.3250,48.3251,0.0426
15.3750,48.3251,0.0450
15.4250,48.3251,0.0447
15.4750,48.3251,0.0468
15.5250,48.3251,0.0468
15.5750,48.3251,0.0488
15.6250,48.3251,0.0476
15.6750,48.3251,0.0476
15.7250,48.3251,0.0503
15.7750,48.3251,0.0503
15.8250,48.3251,0.0527
15.8750,48.3251,0.0516
15.9250,48.3251,0.0549
15.9750,48.3251,0.0545
16.0250,48.3251,0.0588
16.0750,48.3251,0.0588
16.1250,48.3251,0.0634
16.1750,48.3251,0.0625
16.2250,48.3251,0.0624
16.2750,48.3251,0.0675
16.3250,48.3251,0.0675
16.3750,48.3251,0.0717
16.4250,48.3251,0.0694
16.4750,48.3251,0.0772
16.5250,48.3251,0.0767
16.5750,48.3251,0.0846
16.6250,48.3251,0.0846
16.6750,48.3251,0.0929
16.7250,48.3251,0.0936
16.7750,48.3251,0.1043
16.8250,48.3251,0.1119
16.8750,48.3251,0.1119
16.9250,48.3251,0.1155
16.9750,48.3251,0.1106
17.0250,48.3251,0.1086
17.0750,48.3251,0.1114
17.1250,48.3251,0.1111
17.1750,48.3251,0.1062
17.2250,48.3251,0.0974
17.2750,48.3251,0.0934
17.3250,48.3251,0.0967
17.3750,48.3251,0.0889
17.4250,48.3251,0.0889
17.4750,48.3251,0.0802
9.5250,48.2751,0.0733
9.5750,48.2751,0.0733
9.6250,48.2751,0.0684
9.6750,48.2751,0.0629
9.7250,48.2751,0.0627
9.7750,48.2751,0.0551
9.8250,48.2751,0.0551
9.8750,48.2751,0.0483
9.9250,48.2751,0.0448
9.9750,48.2751,0.0435
10.0250,48.2751,0.0391
10.0750,48.2751,0.0347
10.1250,48.2751,0.0347
10.1750,48.2751,0.0311
10.2250,48.2751,0.0311
10.2750,48.2751,0.0288
10.3250,48.2751,0.0275
10.3750,48.2751,0.0270
10.4250,48.2751,0.0252
10.4750,48.2751,0.0240
10.5250,48.2751,0.0240
10.5750,48.2751,0.0231
10.6250,48.2751,0.0230
10.6750,48.2751,0.0224
10.7250,48.2751,0.0221
10.7750,48.2751,0.0220
10.8250,48.2751,0.0214
10.8750,48.2751,0.0208
10.9250,48.2751,0.0208
10.9750,48.2751,0.0203
11.0250,48.2751,0.0201
11.0750,48.2751,0.0200
11.1250,48.2751,0.0196
11.1750,48.2751,0.0195
11.2250,48.2751,0.0191
11.2750,48.2751,0.0188
11.3250,48.2751,0.0188
11.3750,48.2751,0.0186
11.4250,48.2751,0.0184
11.4750,48.2751,0.0184
11.5250,48.2751,0.0181
11.5750,48.2751,0.0181
11.6250,48.2751,0.0179
11.6750,48.2751,0.0176
11.7250,48.2751,0.0177
11.7750,48.2751,0.0172
11.8250,48.2751,0.0171
11.8750,48.2751,0.0171
11.9250,48.2751,0.0169
11.9750,48.2751,0.0169
12.0250,48.2751,0.0168
12.0750,48.2751,0.0162
12.1250,48.2751,0.0167
12.1750,48.2751,0.0161
12.2250,48.2751,0.0161
12.2750,48.2751,0.0161
12.3250,48.2751,0.0161
12.3750,48.2751,0.0158
12.4250,48.2751,0.0163
12.4750,48.2751,0.0157
12.5250,48.2751,0.0163
12.5750,48.2751,0.0158
12.6250,48.2751,0.0161
12.6750,48.2751,0.0161
12.7250,48.2751,0.0164
12.7750,48.2751,0.0160
12.8250,48.2751,0.0166
12.8750,48.2751,0.0164
12.9250,48.2751,0.0164
12.9750,48.2751,0.0168
13.0250,48.2751,0.0173
13.0750,48.2751,0.0173
13.1250,48.2751,0.0172
13.1750,48.2751,0.0178
13.2250,48.2751,0.0178
13.2750,48.2751,0.0185
13.3250,48.2751,0.0185
13.3750,48.2751,0.0193
13.4250,48.2751,0.0198
13.4750,48.2751,0.0207
13.5250,48.2751,0.0213
13.5750,48.2751,0.0228
13.6250,48.2751,0.0228
13.6750,48.2751,0.0242
13.7250,48.2751,0.0245
13.7750,48.2751,0.0263
13.8250,48.2751,0.0277
13.8750,48.2751,0.0278
13.9250,48.2751,0.0302
13.9750,48.2751,0.0329
14.0250,48.2751,0.0329
14.0750,48.2751,0.0352
14.1250,48.2751,0.0383
14.1750,48.2751,0.0383
14.2250,48.2751,0.0413
14.2750,48.2751,0.0413
14.3250,48.2751,0.0457
14.3750,48.2751,0.0433
14.4250,48.2751,0.0490
14.4750,48.2751,0.0448
14.5250,48.2751,0.0452
14.5750,48.2751,0.0452
14.6250,48.2751,0.0455
14.6750,48.2751,0.0455
14.7250,48.2751,0.0433
14.7750,48.2751,0.0437
14.8250,48.2751,0.0437
14.8750,48.2751,0.0444
14.9250,48.2751,0.0428
14.9750,48.2751,0.0456
15.0250,48.2751,0.0436
15.0750,48.2751,0.0450
15.1250,48.2751,0.0447
15.1750,48.2751,0.0463
15.2250,48.2751,0.0463
15.2750,48.2751,0.0482
15.3250,48.2751,0.0463
15.3750,48.2751,0.0463
15.4250,48.2751,0.0482
15.4750,48.2751,0.0482
15.5250,48.2751,0.0503
15.5750,48.2751,0.0489
15.6250,48.2751,0.0526
15.6750,48.2751,0.0511
15.7250,48.2751,0.0534
15.7750,48.2751,0.0534
15.8250,48.2751,0.0569
15.8750,48.2751,0.0550
15.9250,48.2751,0.0549
15.9750,48.2751,0.0594
16.0250,48.2751,0.0594
16.0750,48.2751,0.0643
16.1250,48.2751,0.0635
16.1750,48.2751,0.0693
16.2250,48.2751,0.0677
16.2750,48.2751,0.0716
16.3250,48.2751,0.0716
16.3750,48.2751,0.0795
16.4250,48.2751,0.0795
16.4750,48.2751,0.0772
16.5250,48.2751,0.0835
16.5750,48.2751,0.0835
16.6250,48.2751,0.0906
16.6750,48.2751,0.0935
16.7250,48.2751,0.1060
16.7750,48.2751,0.1095
16.8250,48.2751,0.1121
16.8750,48.2751,0.1123
16.9250,48.2751,0.1134
16.9750,48.2751,0.1133
17.0250,48.2751,0.1086
17.0750,48.2751,0.1006
17.1250,48.2751,0.1006
17.1750,48.2751,0.0981
17.2250,48.2751,0.0973
17.2750,48.2751,0.0919
17.3250,48.2751,0.0884
17.3750,48.2751,0.0884
17.4250,48.2751,0.0782
17.4750,48.2751,0.0790
9.5250,48.2251,0.0778
9.5750,48.2251,0.0736
9.6250,48.2251,0.0681
9.6750,48.2251,0.0681
9.7250,48.2251,0.0599
9.7750,48.2251,0.0590
9.8250,48.2251,0.0516
9.8750,48.2251,0.0482
9.9250,48.2251,0.0444
9.9750,48.2251,0.0414
10.0250,48.2251,0.0372
10.0750,48.2251,0.0372
10.1250,48.2251,0.0327
10.1750,48.2251,0.0313
10.2250,48.2251,0.0302
10.2750,48.2251,0.0288
10.3250,48.2251,0.0274
10.3750,48.2251,0.0264
10.4250,48.2251,0.0245
10.4750,48.2251,0.0245
10.5250,48.2251,0.0236
10.5750,48.2251,0.0231
10.6250,48.2251,0.0228
10.6750,48.2251,0.0223
10.7250,48.2251,0.0217
10.7750,48.2251,0.0217
10.8250,48.2251,0.0211
10.8750,48.2251,0.0211
10.9250,48.2251,0.0207
10.9750,48.2251,0.0203
11.0250,48.2251,0.0203
11.0750,48.2251,0.0199
11.1250,48.2251,0.0195
11.1750,48.2251,0.0195
11.2250,48.2251,0.0192
11.2750,48.2251,0.0192
11.3250,48.2251,0.0190
11.3750,48.2251,0.0186
11.4250,48.2251,0.0189
11.4750,48.2251,0.0185
11.5250,48.2251,0.0183
11.5750,48.2251,0.0183
11.6250,48.2251,0.0182
11.6750,48.2251,0.0182
11.7250,48.2251,0.0181
11.7750,48.2251,0.0176
11.8250,48.2251,0.0181
11.8750,48.2251,0.0175
11.9250,48.2251,0.0174
11.9750,48.2251,0.0174
12.0250,48.2251,0.0174
12.0750,48.2251,0.0171
12.1250,48.2251,0.0174
12.1750,48.2251,0.0167
12.2250,48.2251,0.0168
12.2750,48.2251,0.0168
12.3250,48.2251,0.0169
12.3750,48.2251,0.0169
12.4250,48.2251,0.0165
12.4750,48.2251,0.0164
12.5250,48.2251,0.0164
12.5750,48.2251,0.0166
12.6250,48.2251,0.0166
12.6750,48.2251,0.0168
12.7250,48.2251,0.0164
12.7750,48.2251,0.0171
12.8250,48.2251,0.0167
12.8750,48.2251,0.0171
12.9250,48.2251,0.0171
12.9750,48.2251,0.0175
13.0250,48.2251,0.0175
13.0750,48.2251,0.0180
13.1250,48.2251,0.0178
13.1750,48.2251,0.0184
13.2250,48.2251,0.0184
13.2750,48.2251,0.0191
13.3250,48.2251,0.0191
13.3750,48.2251,0.0204
13.4250,48.2251,0.0205
13.4750,48.2251,0.0209
13.5250,48.2251,0.0222
13.5750,48.2251,0.0222
13.6250,48.2251,0.0236
13.6750,48.2251,0.0246
13.7250,48.2251,0.0251
13.7750,48.2251,0.0263
13.8250,48.2251,0.0290
13.8750,48.2251,0.0290
13.9250,48.2251,0.0315
13.9750,48.2251,0.0315
14.0250,48.2251,0.0354
14.0750,48.2251,0.0370
14.1250,48.2251,0.0398
14.1750,48.2251,0.0409
14.2250,48.2251,0.0480
14.2750,48.2251,0.0480
14.3250,48.2251,0.0542
14.3750,48.2251,0.0542
14.4250,48.2251,0.0491
14.4750,48.2251,0.0501
14.5250,48.2251,0.0501
14.5750,48.2251,0.0494
14.6250,48.2251,0.0456
14.6750,48.2251,0.0483
14.7250,48.2251,0.0460
14.7750,48.2251,0.0467
14.8250,48.2251,0.0466
14.8750,48.2251,0.0475
14.9250,48.2251,0.0475
14.9750,48.2251,0.0482
15.0250,48.2251,0.0468
15.0750,48.2251,0.0468
15.1250,48.2251,0.0483
15.1750,48.2251,0.0484
15.2250,48.2251,0.0497
15.2750,48.2251,0.0482
15.3250,48.2251,0.0512
15.3750,48.2251,0.0500
15.4250,48.2251,0.0520
15.4750,48.2251,0.0520
15.5250,48.2251,0.0538
15.5750,48.2251,0.0527
15.6250,48.2251,0.0529
15.6750,48.2251,0.0551
15.7250,48.2251,0.0551
15.7750,48.2251,0.0591
15.8250,48.2251,0.0570
15.8750,48.2251,0.0631
15.9250,48.2251,0.0617
15.9750,48.2251,0.0663
16.0250,48.2251,0.0663
16.0750,48.2251,0.0704
16.1250,48.2251,0.0703
16.1750,48.2251,0.0707
16.2250,48.2251,0.0762
16.2750,48.2251,0.0762
16.3250,48.2251,0.0827
16.3750,48.2251,0.0797
16.4250,48.2251,0.0880
16.4750,48.2251,0.0882
16.5250,48.2251,0.0943
16.5750,48.2251,0.0944
16.6250,48.2251,0.1025
16.6750,48.2251,0.1025
16.7250,48.2251,0.1061
16.7750,48.2251,0.1210
16.8250,48.2251,0.1210
16.8750,48.2251,0.1176
16.9250,48.2251,0.1165
16.9750,48.2251,0.1073
17.0250,48.2251,0.1112
17.0750,48.2251,0.1083
17.1250,48.2251,0.0998
17.1750,48.2251,0.0927
17.2250,48.2251,0.0926
17.2750,48.2251,0.0919
17.3250,48.2251,0.0857
17.3750,48.2251,0.0857
17.4250,48.2251,0.0721
17.4750,48.2251,0.0721
9.5250,48.1751,0.0778
9.5750,48.1751,0.0704
9.6250,48.1751,0.0704
9.6750,48.1751,0.0639
9.7250,48.1751,0.0542
9.7750,48.1751,0.0541
9.8250,48.1751,0.0480
9.8750,48.1751,0.0452
9.9250,48.1751,0.0431
9.9750,48.1751,0.0394
10.0250,48.1751,0.0393
10.0750,48.1751,0.0352
10.1250,48.1751,0.0316
10.1750,48.1751,0.0316
10.2250,48.1751,0.0293
10.2750,48.1751,0.0279
10.3250,48.1751,0.0274
10.3750,48.1751,0.0256
10.4250,48.1751,0.0251
10.4750,48.1751,0.0242
10.5250,48.1751,0.0233
10.5750,48.1751,0.0233
10.6250,48.1751,0.0226
10.6750,48.1751,0.0221
10.7250,48.1751,0.0221
10.7750,48.1751,0.0215
10.8250,48.1751,0.0212
10.8750,48.1751,0.0211
10.9250,48.1751,0.0208
10.9750,48.1751,0.0208
11.0250,48.1751,0.0205
11.0750,48.1751,0.0200
11.1250,48.1751,0.0200
11.1750,48.1751,0.0198
11.2250,48.1751,0.0197
11.2750,48.1751,0.0197
11.3250,48.1751,0.0195
11.3750,48.1751,0.0196
11.4250,48.1751,0.0189
11.4750,48.1751,0.0188
11.5250,48.1751,0.0188
11.5750,48.1751,0.0187
11.6250,48.1751,0.0186
11.6750,48.1751,0.0187
11.7250,48.1751,0.0182
11.7750,48.1751,0.0184
11.8250,48.1751,0.0181
11.8750,48.1751,0.0181
11.9250,48.1751,0.0181
11.9750,48.1751,0.0181
12.0250,48.1751,0.0174
12.0750,48.1751,0.0181
12.1250,48.1751,0.0174
12.1750,48.1751,0.0175
12.2250,48.1751,0.0175
12.2750,48.1751,0.0175
12.3250,48.1751,0.0175
12.3750,48.1751,0.0176
12.4250,48.1751,0.0170
12.4750,48.1751,0.0178
12.5250,48.1751,0.0172
12.5750,48.1751,0.0174
12.6250,48.1751,0.0174
12.6750,48.1751,0.0176
12.7250,48.1751,0.0176
12.7750,48.1751,0.0178
12.8250,48.1751,0.0174
12.8750,48.1751,0.0175
12.9250,48.1751,0.0178
12.9750,48.1751,0.0182
13.0250,48.1751,0.0182
13.0750,48.1751,0.0182
13.1250,48.1751,0.0185
13.1750,48.1751,0.0185
13.2250,48.1751,0.0191
13.2750,48.1751,0.0191
13.3250,48.1751,0.0203
13.3750,48.1751,0.0204
13.4250,48.1751,0.0215
13.4750,48.1751,0.0218
13.5250,48.1751,0.0231
13.5750,48.1751,0.0231
13.6250,48.1751,0.0244
13.6750,48.1751,0.0244
13.7250,48.1751,0.0268
13.7750,48.1751,0.0278
13.8250,48.1751,0.0285
13.8750,48.1751,0.0305
13.9250,48.1751,0.0335
13.9750,48.1751,0.0336
14.0250,48.1751,0.0373
14.0750,48.1751,0.0388
14.1250,48.1751,0.0399
14.1750,48.1751,0.0474
14.2250,48.1751,0.0474
14.2750,48.1751,0.0611
14.3250,48.1751,0.0544
14.3750,48.1751,0.0696
14.4250,48.1751,0.0587
14.4750,48.1751,0.0569
14.5250,48.1751,0.0556
14.5750,48.1751,0.0518
14.6250,48.1751,0.0518
14.6750,48.1751,0.0504
14.7250,48.1751,0.0481
14.7750,48.1751,0.0482
14.8250,48.1751,0.0485
14.8750,48.1751,0.0485
14.9250,48.1751,0.0496
14.9750,48.1751,0.0482
15.0250,48.1751,0.0510
15.0750,48.1751,0.0493
15.1250,48.1751,0.0508
15.1750,48.1751,0.0508
15.2250,48.1751,0.0525
15.2750,48.1751,0.0513
15.3250,48.1751,0.0518
15.3750,48.1751,0.0528
15.4250,48.1751,0.0528
15.4750,48.1751,0.0548
15.5250,48.1751,0.0540
15.5750,48.1751,0.0593
15.6250,48.1751,0.0561
15.6750,48.1751,0.0603
15.7250,48.1751,0.0603
15.7750,48.1751,0.0644
15.8250,48.1751,0.0644
15.8750,48.1751,0.0684
15.9250,48.1751,0.0665
15.9750,48.1751,0.0665
16.0250,48.1751,0.0703
16.0750,48.1751,0.0719
16.1250,48.1751,0.0775
16.1750,48.1751,0.0754
16.2250,48.1751,0.0822
16.2750,48.1751,0.0821
16.3250,48.1751,0.0892
16.3750,48.1751,0.0892
16.4250,48.1751,0.0983
16.4750,48.1751,0.0934
16.5250,48.1751,0.0934
16.5750,48.1751,0.1026
16.6250,48.1751,0.1030
16.6750,48.1751,0.1108
16.7250,48.1751,0.1121
16.7750,48.1751,0.1210
16.8250,48.1751,0.1151
16.8750,48.1751,0.1141
16.9250,48.1751,0.1141
16.9750,48.1751,0.1069
17.0250,48.1751,0.1003
17.0750,48.1751,0.1003
17.1250,48.1751,0.0926
17.1750,48.1751,0.0926
17.2250,48.1751,0.0873
17.2750,48.1751,0.0829
17.3250,48.1751,0.0811
17.3750,48.1751,0.0726
17.4250,48.1751,0.0690
17.4750,48.1751,0.0689
9.5250,48.1251,0.0782
9.5750,48.1251,0.0772
9.6250,48.1251,0.0706
9.6750,48.1251,0.0613
9.7250,48.1251,0.0613
9.7750,48.1251,0.0518
9.8250,48.1251,0.0480
9.8750,48.1251,0.0450
9.9250,48.1251,0.0417
9.9750,48.1251,0.0378
10.0250,48.1251,0.0378
10.0750,48.1251,0.0336
10.1250,48.1251,0.0336
10.1750,48.1251,0.0308
10.2250,48.1251,0.0293
10.2750,48.1251,0.0286
10.3250,48.1251,0.0271
10.3750,48.1251,0.0250
10.4250,48.1251,0.0250
10.4750,48.1251,0.0240
10.5250,48.1251,0.0240
10.5750,48.1251,0.0233
10.6250,48.1251,0.0226
10.6750,48.1251,0.0227
10.7250,48.1251,0.0221
10.7750,48.1251,0.0216
10.8250,48.1251,0.0216
10.8750,48.1251,0.0213
10.9250,48.1251,0.0213
10.9750,48.1251,0.0212
11.0250,48.1251,0.0206
11.0750,48.1251,0.0211
11.1250,48.1251,0.0204
11.1750,48.1251,0.0204
11.2250,48.1251,0.0204
11.2750,48.1251,0.0204
11.3250,48.1251,0.0197
11.3750,48.1251,0.0204
11.4250,48.1251,0.0195
11.4750,48.1251,0.0202
11.5250,48.1251,0.0195
11.5750,48.1251,0.0196
11.6250,48.1251,0.0196
11.6750,48.1251,0.0196
11.7250,48.1251,0.0187
11.7750,48.1251,0.0198
11.8250,48.1251,0.0187
11.8750,48.1251,0.0188
11.9250,48.1251,0.0187
11.9750,48.1251,0.0188
12.0250,48.1251,0.0188
12.0750,48.1251,0.0188
12.1250,48.1251,0.0181
12.1750,48.1251,0.0182
12.2250,48.1251,0.0182
12.2750,48.1251,0.0183
12.3250,48.1251,0.0183
12.3750,48.1251,0.0184
12.4250,48.1251,0.0184
12.4750,48.1251,0.0178
12.5250,48.1251,0.0179
12.5750,48.1251,0.0179
12.6250,48.1251,0.0181
12.6750,48.1251,0.0179
12.7250,48.1251,0.0183
12.7750,48.1251,0.0178
12.8250,48.1251,0.0184
12.8750,48.1251,0.0181
12.9250,48.1251,0.0185
12.9750,48.1251,0.0185
13.0250,48.1251,0.0189
13.0750,48.1251,0.0186
13.1250,48.1251,0.0196
13.1750,48.1251,0.0192
13.2250,48.1251,0.0203
13.2750,48.1251,0.0203
13.3250,48.1251,0.0215
13.3750,48.1251,0.0215
13.4250,48.1251,0.0226
13.4750,48.1251,0.0228
13.5250,48.1251,0.0228
13.5750,48.1251,0.0241
13.6250,48.1251,0.0254
13.6750,48.1251,0.0259
13.7250,48.1251,0.0268
13.7750,48.1251,0.0285
13.8250,48.1251,0.0295
13.8750,48.1251,0.0320
13.9250,48.1251,0.0320
13.9750,48.1251,0.0370
14.0250,48.1251,0.0387
14.0750,48.1251,0.0438
14.1250,48.1251,0.0463
14.1750,48.1251,0.0566
14.2250,48.1251,0.0578
14.2750,48.1251,0.0718
14.3250,48.1251,0.0718
14.3750,48.1251,0.0707
14.4250,48.1251,0.0727
14.4750,48.1251,0.0727
14.5250,48.1251,0.0607
14.5750,48.1251,0.0602
14.6250,48.1251,0.0538
14.6750,48.1251,0.0505
14.7250,48.1251,0.0524
14.7750,48.1251,0.0507
14.8250,48.1251,0.0513
14.8750,48.1251,0.0513
14.9250,48.1251,0.0525
14.9750,48.1251,0.0511
15.0250,48.1251,0.0513
15.0750,48.1251,0.0529
15.1250,48.1251,0.0529
15.1750,48.1251,0.0545
15.2250,48.1251,0.0527
15.2750,48.1251,0.0564
15.3250,48.1251,0.0549
15.3750,48.1251,0.0584
15.4250,48.1251,0.0584
15.4750,48.1251,0.0614
15.5250,48.1251,0.0614
15.5750,48.1251,0.0644
15.6250,48.1251,0.0633
15.6750,48.1251,0.0633
15.7250,48.1251,0.0669
15.7750,48.1251,0.0678
15.8250,48.1251,0.0700
15.8750,48.1251,0.0688
15.9250,48.1251,0.0743
15.9750,48.1251,0.0743
16.0250,48.1251,0.0806
16.0750,48.1251,0.0806
16.1250,48.1251,0.0862
16.1750,48.1251,0.0857
16.2250,48.1251,0.0857
16.2750,48.1251,0.0929
16.3250,48.1251,0.0967
16.3750,48.1251,0.1032
16.4250,48.1251,0.0990
16.4750,48.1251,0.1142
16.5250,48.1251,0.1130
16.5750,48.1251,0.1209
16.6250,48.1251,0.1209
16.6750,48.1251,0.1202
16.7250,48.1251,0.1228
16.7750,48.1251,0.1228
16.8250,48.1251,0.1163
16.8750,48.1251,0.1162
16.9250,48.1251,0.1072
16.9750,48.1251,0.1042
17.0250,48.1251,0.0912
17.0750,48.1251,0.0968
17.1250,48.1251,0.0876
17.1750,48.1251,0.0876
17.2250,48.1251,0.0842
17.2750,48.1251,0.0758
17.3250,48.1251,0.0758
17.3750,48.1251,0.0704
17.4250,48.1251,0.0704
17.4750,48.1251,0.0682
9.5250,48.0751,0.0832
9.5750,48.0751,0.0832
9.6250,48.0751,0.0704
9.6750,48.0751,0.0702
9.7250,48.0751,0.0560
9.7750,48.0751,0.0486
9.8250,48.0751,0.0485
9.8750,48.0751,0.0433
9.9250,48.0751,0.0399
9.9750,48.0751,0.0399
10.0250,48.0751,0.0360
10.0750,48.0751,0.0331
10.1250,48.0751,0.0321
10.1750,48.0751,0.0301
10.2250,48.0751,0.0301
10.2750,48.0751,0.0282
10.3250,48.0751,0.0264
10.3750,48.0751,0.0264
10.4250,48.0751,0.0247
10.4750,48.0751,0.0240
10.5250,48.0751,0.0239
10.5750,48.0751,0.0234
10.6250,48.0751,0.0234
10.6750,48.0751,0.0229
10.7250,48.0751,0.0223
10.7750,48.0751,0.0223
10.8250,48.0751,0.0220
10.8750,48.0751,0.0219
10.9250,48.0751,0.0219
10.9750,48.0751,0.0218
11.0250,48.0751,0.0213
11.0750,48.0751,0.0211
11.1250,48.0751,0.0211
11.1750,48.0751,0.0211
11.2250,48.0751,0.0212
11.2750,48.0751,0.0213
11.3250,48.0751,0.0214
11.3750,48.0751,0.0206
11.4250,48.0751,0.0206
11.4750,48.0751,0.0206
11.5250,48.0751,0.0207
11.5750,48.0751,0.0207
11.6250,48.0751,0.0209
11.6750,48.0751,0.0200
11.7250,48.0751,0.0211
11.7750,48.0751,0.0198
11.8250,48.0751,0.0199
11.8750,48.0751,0.0199
11.9250,48.0751,0.0201
11.9750,48.0751,0.0200
12.0250,48.0751,0.0202
12.0750,48.0751,0.0188
12.1250,48.0751,0.0204
12.1750,48.0751,0.0189
12.2250,48.0751,0.0190
12.2750,48.0751,0.0190
12.3250,48.0751,0.0192
12.3750,48.0751,0.0186
12.4250,48.0751,0.0195
12.4750,48.0751,0.0185
12.5250,48.0751,0.0193
12.5750,48.0751,0.0187
12.6250,48.0751,0.0189
12.6750,48.0751,0.0189
12.7250,48.0751,0.0193
12.7750,48.0751,0.0186
12.8250,48.0751,0.0192
12.8750,48.0751,0.0189
12.9250,48.0751,0.0191
12.9750,48.0751,0.0195
13.0250,48.0751,0.0202
13.0750,48.0751,0.0202
13.1250,48.0751,0.0196
13.1750,48.0751,0.0206
13.2250,48.0751,0.0206
13.2750,48.0751,0.0216
13.3250,48.0751,0.0216
13.3750,48.0751,0.0226
13.4250,48.0751,0.0226
13.4750,48.0751,0.0237
13.5250,48.0751,0.0238
13.5750,48.0751,0.0252
13.6250,48.0751,0.0252
13.6750,48.0751,0.0277
13.7250,48.0751,0.0285
13.7750,48.0751,0.0301
13.8250,48.0751,0.0310
13.8750,48.0751,0.0321
13.9250,48.0751,0.0348
13.9750,48.0751,0.0404
14.0250,48.0751,0.0405
14.0750,48.0751,0.0439
14.1250,48.0751,0.0583
14.1750,48.0751,0.0583
14.2250,48.0751,0.0705
14.2750,48.0751,0.0706
14.3250,48.0751,0.0806
14.3750,48.0751,0.0739
14.4250,48.0751,0.0790
14.4750,48.0751,0.0710
14.5250,48.0751,0.0602
14.5750,48.0751,0.0602
14.6250,48.0751,0.0550
14.6750,48.0751,0.0525
14.7250,48.0751,0.0525
14.7750,48.0751,0.0525
14.8250,48.0751,0.0525
14.8750,48.0751,0.0534
14.9250,48.0751,0.0525
14.9750,48.0751,0.0549
15.0250,48.0751,0.0536
15.0750,48.0751,0.0549
15.1250,48.0751,0.0549
15.1750,48.0751,0.0584
15.2250,48.0751,0.0583
15.2750,48.0751,0.0624
15.3250,48.0751,0.0592
15.3750,48.0751,0.0592
15.4250,48.0751,0.0626
15.4750,48.0751,0.0653
15.5250,48.0751,0.0663
15.5750,48.0751,0.0645
15.6250,48.0751,0.0675
15.6750,48.0751,0.0674
15.7250,48.0751,0.0709
15.7750,48.0751,0.0709
15.8250,48.0751,0.0781
15.8750,48.0751,0.0739
15.9250,48.0751,0.0744
15.9750,48.0751,0.0807
16.0250,48.0751,0.0874
16.0750,48.0751,0.0888
16.1250,48.0751,0.0862
16.1750,48.0751,0.0993
16.2250,48.0751,0.0919
16.2750,48.0751,0.1024
16.3250,48.0751,0.1024
16.3750,48.0751,0.1170
16.4250,48.0751,0.1145
16.4750,48.0751,0.1153
16.5250,48.0751,0.1428
16.5750,48.0751,0.1427
16.6250,48.0751,0.1442
16.6750,48.0751,0.1203
16.7250,48.0751,0.1241
16.7750,48.0751,0.1190
16.8250,48.0751,0.1093
16.8750,48.0751,0.1093
16.9250,48.0751,0.1008
16.9750,48.0751,0.0912
17.0250,48.0751,0.0909
17.0750,48.0751,0.0820
17.1250,48.0751,0.0820
17.1750,48.0751,0.0761
17.2250,48.0751,0.0770
17.2750,48.0751,0.0716
17.3250,48.0751,0.0700
17.3750,48.0751,0.0680
17.4250,48.0751,0.0680
17.4750,48.0751,0.0681
9.5250,48.0251,0.0809
9.5750,48.0251,0.0967
9.6250,48.0251,0.0674
9.6750,48.0251,0.0674
9.7250,48.0251,0.0526
9.7750,48.0251,0.0526
9.8250,48.0251,0.0453
9.8750,48.0251,0.0419
9.9250,48.0251,0.0402
9.9750,48.0251,0.0383
10.0250,48.0251,0.0345
10.0750,48.0251,0.0345
10.1250,48.0251,0.0314
10.1750,48.0251,0.0314
10.2250,48.0251,0.0296
10.2750,48.0251,0.0281
10.3250,48.0251,0.0277
10.3750,48.0251,0.0261
10.4250,48.0251,0.0247
10.4750,48.0251,0.0247
10.5250,48.0251,0.0241
10.5750,48.0251,0.0235
10.6250,48.0251,0.0237
10.6750,48.0251,0.0230
10.7250,48.0251,0.0231
10.7750,48.0251,0.0227
10.8250,48.0251,0.0226
10.8750,48.0251,0.0226
10.9250,48.0251,0.0226
10.9750,48.0251,0.0218
11.0250,48.0251,0.0227
11.0750,48.0251,0.0219
11.1250,48.0251,0.0221
11.1750,48.0251,0.0221
11.2250,48.0251,0.0223
11.2750,48.0251,0.0223
11.3250,48.0251,0.0226
11.3750,48.0251,0.0216
11.4250,48.0251,0.0229
11.4750,48.0251,0.0218
11.5250,48.0251,0.0221
11.5750,48.0251,0.0221
11.6250,48.0251,0.0223
11.6750,48.0251,0.0223
11.7250,48.0251,0.0227
11.7750,48.0251,0.0213
11.8250,48.0251,0.0226
11.8750,48.0251,0.0215
11.9250,48.0251,0.0218
11.9750,48.0251,0.0218
12.0250,48.0251,0.0220
12.0750,48.0251,0.0209
12.1250,48.0251,0.0213
12.1750,48.0251,0.0205
12.2250,48.0251,0.0206
12.2750,48.0251,0.0207
12.3250,48.0251,0.0208
12.3750,48.0251,0.0209
12.4250,48.0251,0.0195
12.4750,48.0251,0.0198
12.5250,48.0251,0.0198
12.5750,48.0251,0.0201
12.6250,48.0251,0.0201
12.6750,48.0251,0.0204
12.7250,48.0251,0.0193
12.7750,48.0251,0.0209
12.8250,48.0251,0.0198
12.8750,48.0251,0.0204
12.9250,48.0251,0.0204
12.9750,48.0251,0.0210
13.0250,48.0251,0.0210
13.0750,48.0251,0.0217
13.1250,48.0251,0.0210
13.1750,48.0251,0.0224
13.2250,48.0251,0.0219
13.2750,48.0251,0.0228
13.3250,48.0251,0.0228
13.3750,48.0251,0.0247
13.4250,48.0251,0.0237
13.4750,48.0251,0.0238
13.5250,48.0251,0.0248
13.5750,48.0251,0.0248
13.6250,48.0251,0.0285
13.6750,48.0251,0.0286
13.7250,48.0251,0.0305
13.7750,48.0251,0.0302
13.8250,48.0251,0.0329
13.8750,48.0251,0.0329
13.9250,48.0251,0.0386
13.9750,48.0251,0.0386
14.0250,48.0251,0.0452
14.0750,48.0251,0.0518
14.1250,48.0251,0.0576
14.1750,48.0251,0.0700
14.2250,48.0251,0.0756
14.2750,48.0251,0.0756
14.3250,48.0251,0.0800
14.3750,48.0251,0.0791
14.4250,48.0251,0.0791
14.4750,48.0251,0.0716
14.5250,48.0251,0.0716
14.5750,48.0251,0.0617
14.6250,48.0251,0.0550
14.6750,48.0251,0.0574
14.7250,48.0251,0.0546
14.7750,48.0251,0.0551
14.8250,48.0251,0.0551
14.8750,48.0251,0.0569
14.9250,48.0251,0.0569
14.9750,48.0251,0.0591
15.0250,48.0251,0.0582
15.0750,48.0251,0.0582
15.1250,48.0251,0.0612
15.1750,48.0251,0.0627
15.2250,48.0251,0.0639
15.2750,48.0251,0.0624
15.3250,48.0251,0.0659
15.3750,48.0251,0.0659
15.4250,48.0251,0.0691
15.4750,48.0251,0.0691
15.5250,48.0251,0.0715
15.5750,48.0251,0.0704
15.6250,48.0251,0.0714
15.6750,48.0251,0.0764
15.7250,48.0251,0.0814
15.7750,48.0251,0.0818
15.8250,48.0251,0.0782
15.8750,48.0251,0.0869
15.9250,48.0251,0.0854
15.9750,48.0251,0.0928
16.0250,48.0251,0.0928
16.0750,48.0251,0.1092
16.1250,48.0251,0.1005
16.1750,48.0251,0.1130
16.2250,48.0251,0.1140
16.2750,48.0251,0.1166
16.3250,48.0251,0.1250
16.3750,48.0251,0.1175
16.4250,48.0251,0.1437
16.4750,48.0251,0.1463
16.5250,48.0251,0.1767
16.5750,48.0251,0.1767
16.6250,48.0251,0.1342
16.6750,48.0251,0.1246
16.7250,48.0251,0.1230
16.7750,48.0251,0.1173
16.8250,48.0251,0.1172
16.8750,48.0251,0.1019
16.9250,48.0251,0.1008
16.9750,48.0251,0.0876
17.0250,48.0251,0.0855
17.0750,48.0251,0.0782
17.1250,48.0251,0.0782
17.1750,48.0251,0.0720
17.2250,48.0251,0.0719
17.2750,48.0251,0.0715
17.3250,48.0251,0.0697
17.3750,48.0251,0.0697
17.4250,48.0251,0.0683
17.4750,48.0251,0.0679
9.5250,47.9751,0.0809
9.5750,47.9751,0.0685
9.6250,47.9751,0.0685
9.6750,47.9751,0.0548
9.7250,47.9751,0.0505
9.7750,47.9751,0.0480
9.8250,47.9751,0.0434
9.8750,47.9751,0.0419
9.9250,47.9751,0.0402
9.9750,47.9751,0.0366
10.0250,47.9751,0.0366
10.0750,47.9751,0.0330
10.1250,47.9751,0.0309
10.1750,47.9751,0.0309
10.2250,47.9751,0.0293
10.2750,47.9751,0.0282
10.3250,47.9751,0.0277
10.3750,47.9751,0.0262
10.4250,47.9751,0.0262
10.4750,47.9751,0.0250
10.5250,47.9751,0.0245
10.5750,47.9751,0.0245
10.6250,47.9751,0.0242
10.6750,47.9751,0.0235
10.7250,47.9751,0.0235
10.7750,47.9751,0.0234
10.8250,47.9751,0.0234
10.8750,47.9751,0.0234
10.9250,47.9751,0.0235
10.9750,47.9751,0.0236
11.0250,47.9751,0.0229
11.0750,47.9751,0.0229
11.1250,47.9751,0.0229
11.1750,47.9751,0.0233
11.2250,47.9751,0.0234
11.2750,47.9751,0.0236
11.3250,47.9751,0.0233
11.3750,47.9751,0.0239
11.4250,47.9751,0.0229
11.4750,47.9751,0.0233
11.5250,47.9751,0.0233
11.5750,47.9751,0.0237
11.6250,47.9751,0.0234
11.6750,47.9751,0.0241
11.7250,47.9751,0.0227
11.7750,47.9751,0.0238
11.8250,47.9751,0.0230
11.8750,47.9751,0.0233
11.9250,47.9751,0.0233
11.9750,47.9751,0.0235
12.0250,47.9751,0.0220
12.0750,47.9751,0.0237
12.1250,47.9751,0.0221
12.1750,47.9751,0.0223
12.2250,47.9751,0.0223
12.2750,47.9751,0.0224
12.3250,47.9751,0.0224
12.3750,47.9751,0.0226
12.4250,47.9751,0.0211
12.4750,47.9751,0.0227
12.5250,47.9751,0.0214
12.5750,47.9751,0.0217
12.6250,47.9751,0.0217
12.6750,47.9751,0.0221
12.7250,47.9751,0.0220
12.7750,47.9751,0.0224
12.8250,47.9751,0.0214
12.8750,47.9751,0.0215
12.9250,47.9751,0.0219
12.9750,47.9751,0.0237
13.0250,47.9751,0.0237
13.0750,47.9751,0.0220
13.1250,47.9751,0.0225
13.1750,47.9751,0.0225
13.2250,47.9751,0.0243
13.2750,47.9751,0.0243
13.3250,47.9751,0.0254
13.3750,47.9751,0.0247
13.4250,47.9751,0.0270
13.4750,47.9751,0.0265
13.5250,47.9751,0.0284
13.5750,47.9751,0.0284
13.6250,47.9751,0.0302
13.6750,47.9751,0.0302
13.7250,47.9751,0.0322
13.7750,47.9751,0.0327
13.8250,47.9751,0.0335
13.8750,47.9751,0.0368
13.9250,47.9751,0.0412
13.9750,47.9751,0.0412
14.0250,47.9751,0.0469
14.0750,47.9751,0.0576
14.1250,47.9751,0.0580
14.1750,47.9751,0.0759
14.2250,47.9751,0.0759
14.2750,47.9751,0.0819
14.3250,47.9751,0.0800
14.3750,47.9751,0.0834
14.4250,47.9751,0.0801
14.4750,47.9751,0.0701
14.5250,47.9751,0.0700
14.5750,47.9751,0.0626
14.6250,47.9751,0.0626
14.6750,47.9751,0.0606
14.7250,47.9751,0.0568
14.7750,47.9751,0.0568
14.8250,47.9751,0.0581
14.8750,47.9751,0.0595
14.9250,47.9751,0.0611
14.9750,47.9751,0.0591
15.0250,47.9751,0.0618
15.0750,47.9751,0.0618
15.1250,47.9751,0.0652
15.1750,47.9751,0.0652
15.2250,47.9751,0.0687
15.2750,47.9751,0.0666
15.3250,47.9751,0.0682
15.3750,47.9751,0.0694
15.4250,47.9751,0.0737
15.4750,47.9751,0.0740
15.5250,47.9751,0.0717
15.5750,47.9751,0.0811
15.6250,47.9751,0.0761
15.6750,47.9751,0.0827
15.7250,47.9751,0.0827
15.7750,47.9751,0.0908
15.8250,47.9751,0.0871
15.8750,47.9751,0.1039
15.9250,47.9751,0.0926
15.9750,47.9751,0.1008
16.0250,47.9751,0.1073
16.0750,47.9751,0.1202
16.1250,47.9751,0.1490
16.1750,47.9751,0.1254
16.2250,47.9751,0.1502
16.2750,47.9751,0.1502
16.3250,47.9751,0.1570
16.3750,47.9751,0.1448
16.4250,47.9751,0.1819
16.4750,47.9751,0.1535
16.5250,47.9751,0.1536
16.5750,47.9751,0.1547
16.6250,47.9751,0.1333
16.6750,47.9751,0.1293
16.7250,47.9751,0.1161
16.7750,47.9751,0.1063
16.8250,47.9751,0.1063
16.8750,47.9751,0.0893
16.9250,47.9751,0.0891
16.9750,47.9751,0.0852
17.0250,47.9751,0.0780
17.0750,47.9751,0.0780
17.1250,47.9751,0.0720
17.1750,47.9751,0.0719
17.2250,47.9751,0.0701
17.2750,47.9751,0.0691
17.3250,47.9751,0.0675
17.3750,47.9751,0.0675
17.4250,47.9751,0.0676
17.4750,47.9751,0.0676
9.5250,47.9251,0.0647
9.5750,47.9251,0.0558
9.6250,47.9251,0.0564
9.6750,47.9251,0.0504
9.7250,47.9251,0.0504
9.7750,47.9251,0.0448
9.8250,47.9251,0.0428
9.8750,47.9251,0.0404
9.9250,47.9251,0.0387
9.9750,47.9251,0.0370
10.0250,47.9251,0.0354
10.0750,47.9251,0.0322
10.1250,47.9251,0.0322
10.1750,47.9251,0.0307
10.2250,47.9251,0.0293
10.2750,47.9251,0.0293
10.3250,47.9251,0.0278
10.3750,47.9251,0.0266
10.4250,47.9251,0.0266
10.4750,47.9251,0.0258
10.5250,47.9251,0.0258
10.5750,47.9251,0.0254
10.6250,47.9251,0.0243
10.6750,47.9251,0.0253
10.7250,47.9251,0.0242
10.7750,47.9251,0.0242
10.8250,47.9251,0.0242
10.8750,47.9251,0.0244
10.9250,47.9251,0.0244
10.9750,47.9251,0.0247
11.0250,47.9251,0.0238
11.0750,47.9251,0.0254
11.1250,47.9251,0.0241
11.1750,47.9251,0.0245
11.2250,47.9251,0.0245
11.2750,47.9251,0.0251
11.3250,47.9251,0.0245
11.3750,47.9251,0.0261
11.4250,47.9251,0.0243
11.4750,47.9251,0.0265
11.5250,47.9251,0.0250
11.5750,47.9251,0.0258
11.6250,47.9251,0.0258
11.6750,47.9251,0.0265
11.7250,47.9251,0.0243
11.7750,47.9251,0.0272
11.8250,47.9251,0.0246
11.8750,47.9251,0.0251
11.9250,47.9251,0.0251
11.9750,47.9251,0.0255
12.0250,47.9251,0.0255
12.0750,47.9251,0.0258
12.1250,47.9251,0.0238
12.1750,47.9251,0.0239
12.2250,47.9251,0.0239
12.2750,47.9251,0.0240
12.3250,47.9251,0.0240
12.3750,47.9251,0.0235
12.4250,47.9251,0.0241
12.4750,47.9251,0.0227
12.5250,47.9251,0.0230
12.5750,47.9251,0.0230
12.6250,47.9251,0.0233
12.6750,47.9251,0.0223
12.7250,47.9251,0.0236
12.7750,47.9251,0.0225
12.8250,47.9251,0.0241
12.8750,47.9251,0.0240
12.9250,47.9251,0.0245
12.9750,47.9251,0.0245
13.0250,47.9251,0.0256
13.0750,47.9251,0.0243
13.1250,47.9251,0.0269
13.1750,47.9251,0.0252
13.2250,47.9251,0.0266
13.2750,47.9251,0.0266
13.3250,47.9251,0.0280
13.3750,47.9251,0.0280
13.4250,47.9251,0.0290
13.4750,47.9251,0.0287
13.5250,47.9251,0.0287
13.5750,47.9251,0.0304
13.6250,47.9251,0.0320
13.6750,47.9251,0.0322
13.7250,47.9251,0.0322
13.7750,47.9251,0.0359
13.8250,47.9251,0.0359
13.8750,47.9251,0.0398
13.9250,47.9251,0.0398
13.9750,47.9251,0.0452
14.0250,47.9251,0.0499
14.0750,47.9251,0.0539
14.1250,47.9251,0.0656
14.1750,47.9251,0.0779
14.2250,47.9251,0.0780
14.2750,47.9251,0.0839
14.3250,47.9251,0.0839
14.3750,47.9251,0.0834
14.4250,47.9251,0.0829
14.4750,47.9251,0.0829
14.5250,47.9251,0.0699
14.5750,47.9251,0.0633
14.6250,47.9251,0.0646
14.6750,47.9251,0.0609
14.7250,47.9251,0.0621
14.7750,47.9251,0.0621
14.8250,47.9251,0.0636
14.8750,47.9251,0.0636
14.9250,47.9251,0.0656
14.9750,47.9251,0.0647
15.0250,47.9251,0.0652
15.0750,47.9251,0.0680
15.1250,47.9251,0.0706
15.1750,47.9251,0.0709
15.2250,47.9251,0.0688
15.2750,47.9251,0.0743
15.3250,47.9251,0.0732
15.3750,47.9251,0.0793
15.4250,47.9251,0.0793
15.4750,47.9251,0.0838
15.5250,47.9251,0.0814
15.5750,47.9251,0.0881
15.6250,47.9251,0.0877
15.6750,47.9251,0.0923
15.7250,47.9251,0.0947
15.7750,47.9251,0.1068
15.8250,47.9251,0.1123
15.8750,47.9251,0.1053
15.9250,47.9251,0.1175
15.9750,47.9251,0.1175
16.0250,47.9251,0.1326
16.0750,47.9251,0.1463
16.1250,47.9251,0.1541
16.1750,47.9251,0.1568
16.2250,47.9251,0.1581
16.2750,47.9251,0.1757
16.3250,47.9251,0.1609
16.3750,47.9251,0.1614
16.4250,47.9251,0.1833
16.4750,47.9251,0.1648
16.5250,47.9251,0.1648
16.5750,47.9251,0.1414
16.6250,47.9251,0.1408
16.6750,47.9251,0.1166
16.7250,47.9251,0.1106
16.7750,47.9251,0.1105
16.8250,47.9251,0.0939
16.8750,47.9251,0.0866
16.9250,47.9251,0.0840
16.9750,47.9251,0.0825
17.0250,47.9251,0.0769
17.0750,47.9251,0.0769
17.1250,47.9251,0.0713
17.1750,47.9251,0.0713
17.2250,47.9251,0.0690
17.2750,47.9251,0.0691
17.3250,47.9251,0.0691
17.3750,47.9251,0.0684
17.4250,47.9251,0.0676
17.4750,47.9251,0.0679
9.5250,47.8751,0.0558
9.5750,47.8751,0.0552
9.6250,47.8751,0.0510
9.6750,47.8751,0.0510
9.7250,47.8751,0.0466
9.7750,47.8751,0.0433
9.8250,47.8751,0.0420
9.8750,47.8751,0.0404
9.9250,47.8751,0.0375
9.9750,47.8751,0.0375
10.0250,47.8751,0.0346
10.0750,47.8751,0.0346
10.1250,47.8751,0.0321
10.1750,47.8751,0.0308
10.2250,47.8751,0.0308
10.2750,47.8751,0.0294
10.3250,47.8751,0.0282
10.3750,47.8751,0.0282
10.4250,47.8751,0.0275
10.4750,47.8751,0.0273
10.5250,47.8751,0.0271
10.5750,47.8751,0.0267
10.6250,47.8751,0.0269
10.6750,47.8751,0.0253
10.7250,47.8751,0.0254
10.7750,47.8751,0.0254
10.8250,47.8751,0.0258
10.8750,47.8751,0.0263
10.9250,47.8751,0.0264
10.9750,47.8751,0.0257
11.0250,47.8751,0.0268
11.0750,47.8751,0.0254
11.1250,47.8751,0.0262
11.1750,47.8751,0.0262
11.2250,47.8751,0.0271
11.2750,47.8751,0.0274
11.3250,47.8751,0.0280
11.3750,47.8751,0.0261
11.4250,47.8751,0.0271
11.4750,47.8751,0.0271
11.5250,47.8751,0.0280
11.5750,47.8751,0.0280
11.6250,47.8751,0.0288
11.6750,47.8751,0.0266
11.7250,47.8751,0.0296
11.7750,47.8751,0.0272
11.8250,47.8751,0.0279
11.8750,47.8751,0.0279
11.9250,47.8751,0.0283
11.9750,47.8751,0.0282
12.0250,47.8751,0.0287
12.0750,47.8751,0.0258
12.1250,47.8751,0.0298
12.1750,47.8751,0.0260
12.2250,47.8751,0.0261
12.2750,47.8751,0.0261
12.3250,47.8751,0.0275
12.3750,47.8751,0.0243
12.4250,47.8751,0.0278
12.4750,47.8751,0.0243
12.5250,47.8751,0.0263
12.5750,47.8751,0.0259
12.6250,47.8751,0.0265
12.6750,47.8751,0.0265
12.7250,47.8751,0.0272
12.7750,47.8751,0.0251
12.8250,47.8751,0.0254
12.8750,47.8751,0.0261
12.9250,47.8751,0.0272
12.9750,47.8751,0.0275
13.0250,47.8751,0.0282
13.0750,47.8751,0.0288
13.1250,47.8751,0.0269
13.1750,47.8751,0.0282
13.2250,47.8751,0.0282
13.2750,47.8751,0.0294
13.3250,47.8751,0.0284
13.3750,47.8751,0.0306
13.4250,47.8751,0.0295
13.4750,47.8751,0.0313
13.5250,47.8751,0.0311
13.5750,47.8751,0.0330
13.6250,47.8751,0.0330
13.6750,47.8751,0.0362
13.7250,47.8751,0.0357
13.7750,47.8751,0.0389
13.8250,47.8751,0.0392
13.8750,47.8751,0.0429
13.9250,47.8751,0.0430
13.9750,47.8751,0.0496
14.0250,47.8751,0.0497
14.0750,47.8751,0.0539
14.1250,47.8751,0.0716
14.1750,47.8751,0.0716
14.2250,47.8751,0.0820
14.2750,47.8751,0.0840
14.3250,47.8751,0.0880
14.3750,47.8751,0.0839
14.4250,47.8751,0.0844
14.4750,47.8751,0.0842
14.5250,47.8751,0.0697
14.5750,47.8751,0.0697
14.6250,47.8751,0.0672
14.6750,47.8751,0.0634
14.7250,47.8751,0.0635
14.7750,47.8751,0.0646
14.8250,47.8751,0.0662
14.8750,47.8751,0.0671
14.9250,47.8751,0.0657
14.9750,47.8751,0.0703
15.0250,47.8751,0.0682
15.0750,47.8751,0.0711
15.1250,47.8751,0.0711
15.1750,47.8751,0.0775
15.2250,47.8751,0.0743
15.2750,47.8751,0.0845
15.3250,47.8751,0.0790
15.3750,47.8751,0.0824
15.4250,47.8751,0.0849
15.4750,47.8751,0.0902
15.5250,47.8751,0.0911
15.5750,47.8751,0.0882
15.6250,47.8751,0.0937
15.6750,47.8751,0.0937
15.7250,47.8751,0.1099
15.7750,47.8751,0.1116
15.8250,47.8751,0.1454
15.8750,47.8751,0.1370
15.9250,47.8751,0.1408
15.9750,47.8751,0.1529
16.0250,47.8751,0.1548
16.0750,47.8751,0.1551
16.1250,47.8751,0.1541
16.1750,47.8751,0.1575
16.2250,47.8751,0.1575
16.2750,47.8751,0.1797
16.3250,47.8751,0.1794
16.3750,47.8751,0.1754
16.4250,47.8751,0.1560
16.4750,47.8751,0.1554
16.5250,47.8751,0.1583
16.5750,47.8751,0.1241
16.6250,47.8751,0.1237
16.6750,47.8751,0.1166
16.7250,47.8751,0.0933
16.7750,47.8751,0.0933
16.8250,47.8751,0.0847
16.8750,47.8751,0.0847
16.9250,47.8751,0.0788
16.9750,47.8751,0.0761
17.0250,47.8751,0.0761
17.0750,47.8751,0.0710
17.1250,47.8751,0.0698
17.1750,47.8751,0.0691
17.2250,47.8751,0.0686
17.2750,47.8751,0.0670
17.3250,47.8751,0.0670
17.3750,47.8751,0.0669
17.4250,47.8751,0.0669
17.4750,47.8751,0.0683
9.5250,47.8251,0.0540
9.5750,47.8251,0.0524
9.6250,47.8251,0.0498
9.6750,47.8251,0.0489
9.7250,47.8251,0.0450
9.7750,47.8251,0.0450
9.8250,47.8251,0.0414
9.8750,47.8251,0.0395
9.9250,47.8251,0.0392
9.9750,47.8251,0.0370
10.0250,47.8251,0.0345
10.0750,47.8251,0.0345
10.1250,47.8251,0.0322
10.1750,47.8251,0.0322
10.2250,47.8251,0.0313
10.2750,47.8251,0.0298
10.3250,47.8251,0.0306
10.3750,47.8251,0.0291
10.4250,47.8251,0.0286
10.4750,47.8251,0.0286
10.5250,47.8251,0.0285
10.5750,47.8251,0.0282
10.6250,47.8251,0.0286
10.6750,47.8251,0.0270
10.7250,47.8251,0.0289
10.7750,47.8251,0.0275
10.8250,47.8251,0.0280
10.8750,47.8251,0.0280
10.9250,47.8251,0.0287
10.9750,47.8251,0.0271
11.0250,47.8251,0.0295
11.0750,47.8251,0.0279
11.1250,47.8251,0.0289
11.1750,47.8251,0.0288
11.2250,47.8251,0.0299
11.2750,47.8251,0.0299
11.3250,47.8251,0.0314
11.3750,47.8251,0.0290
11.4250,47.8251,0.0321
11.4750,47.8251,0.0299
11.5250,47.8251,0.0314
11.5750,47.8251,0.0314
11.6250,47.8251,0.0321
11.6750,47.8251,0.0321
11.7250,47.8251,0.0334
11.7750,47.8251,0.0310
11.8250,47.8251,0.0320
11.8750,47.8251,0.0316
11.9250,47.8251,0.0321
11.9750,47.8251,0.0321
12.0250,47.8251,0.0325
12.0750,47.8251,0.0302
12.1250,47.8251,0.0299
12.1750,47.8251,0.0299
12.2250,47.8251,0.0299
12.2750,47.8251,0.0299
12.3250,47.8251,0.0298
12.3750,47.8251,0.0300
12.4250,47.8251,0.0278
12.4750,47.8251,0.0282
12.5250,47.8251,0.0282
12.5750,47.8251,0.0288
12.6250,47.8251,0.0288
12.6750,47.8251,0.0294
12.7250,47.8251,0.0272
12.7750,47.8251,0.0300
12.8250,47.8251,0.0280
12.8750,47.8251,0.0290
12.9250,47.8251,0.0290
12.9750,47.8251,0.0302
13.0250,47.8251,0.0292
13.0750,47.8251,0.0310
13.1250,47.8251,0.0298
13.1750,47.8251,0.0310
13.2250,47.8251,0.0307
13.2750,47.8251,0.0315
13.3250,47.8251,0.0315
13.3750,47.8251,0.0327
13.4250,47.8251,0.0318
13.4750,47.8251,0.0319
13.5250,47.8251,0.0339
13.5750,47.8251,0.0345
13.6250,47.8251,0.0366
13.6750,47.8251,0.0365
13.7250,47.8251,0.0391
13.7750,47.8251,0.0393
13.8250,47.8251,0.0421
13.8750,47.8251,0.0421
13.9250,47.8251,0.0477
13.9750,47.8251,0.0494
14.0250,47.8251,0.0531
14.0750,47.8251,0.0601
14.1250,47.8251,0.0735
14.1750,47.8251,0.0778
14.2250,47.8251,0.0846
14.2750,47.8251,0.0846
14.3250,47.8251,0.0900
14.3750,47.8251,0.0863
14.4250,47.8251,0.0863
14.4750,47.8251,0.0829
14.5250,47.8251,0.0811
14.5750,47.8251,0.0715
14.6250,47.8251,0.0672
14.6750,47.8251,0.0694
14.7250,47.8251,0.0677
14.7750,47.8251,0.0695
14.8250,47.8251,0.0695
14.8750,47.8251,0.0717
14.9250,47.8251,0.0704
14.9750,47.8251,0.0753
15.0250,47.8251,0.0757
15.0750,47.8251,0.0771
15.1250,47.8251,0.0810
15.1750,47.8251,0.0840
15.2250,47.8251,0.0854
15.2750,47.8251,0.0846
15.3250,47.8251,0.0904
15.3750,47.8251,0.0904
15.4250,47.8251,0.0957
15.4750,47.8251,0.0938
15.5250,47.8251,0.1028
15.5750,47.8251,0.1026
15.6250,47.8251,0.1064
15.6750,47.8251,0.1182
15.7250,47.8251,0.1394
15.7750,47.8251,0.1395
15.8250,47.8251,0.1454
15.8750,47.8251,0.1536
15.9250,47.8251,0.1536
15.9750,47.8251,0.1595
16.0250,47.8251,0.1595
16.0750,47.8251,0.1577
16.1250,47.8251,0.1783
16.1750,47.8251,0.1726
16.2250,47.8251,0.1651
16.2750,47.8251,0.1574
16.3250,47.8251,0.1574
16.3750,47.8251,0.1753
16.4250,47.8251,0.1503
16.4750,47.8251,0.1503
16.5250,47.8251,0.1309
16.5750,47.8251,0.1309
16.6250,47.8251,0.1043
16.6750,47.8251,0.1036
16.7250,47.8251,0.0985
16.7750,47.8251,0.0899
16.8250,47.8251,0.0818
16.8750,47.8251,0.0818
16.9250,47.8251,0.0788
16.9750,47.8251,0.0741
17.0250,47.8251,0.0741
17.0750,47.8251,0.0705
17.1250,47.8251,0.0705
17.1750,47.8251,0.0680
17.2250,47.8251,0.0681
17.2750,47.8251,0.0681
17.3250,47.8251,0.0676
17.3750,47.8251,0.0673
17.4250,47.8251,0.0673
17.4750,47.8251,0.0684
9.5250,47.7751,0.0539
9.5750,47.7751,0.0509
9.6250,47.7751,0.0509
9.6750,47.7751,0.0478
9.7250,47.7751,0.0478
9.7750,47.7751,0.0443
9.8250,47.7751,0.0414
9.8750,47.7751,0.0414
9.9250,47.7751,0.0392
9.9750,47.7751,0.0370
10.0250,47.7751,0.0370
10.0750,47.7751,0.0349
10.1250,47.7751,0.0340
10.1750,47.7751,0.0332
10.2250,47.7751,0.0314
10.2750,47.7751,0.0321
10.3250,47.7751,0.0306
10.3750,47.7751,0.0302
10.4250,47.7751,0.0302
10.4750,47.7751,0.0300
10.5250,47.7751,0.0299
10.5750,47.7751,0.0301
10.6250,47.7751,0.0287
10.6750,47.7751,0.0291
10.7250,47.7751,0.0290
10.7750,47.7751,0.0295
10.8250,47.7751,0.0295
10.8750,47.7751,0.0310
10.9250,47.7751,0.0306
10.9750,47.7751,0.0316
11.0250,47.7751,0.0295
11.0750,47.7751,0.0311
11.1250,47.7751,0.0311
11.1750,47.7751,0.0320
11.2250,47.7751,0.0320
11.2750,47.7751,0.0333
11.3250,47.7751,0.0316
11.3750,47.7751,0.0349
11.4250,47.7751,0.0321
11.4750,47.7751,0.0336
11.5250,47.7751,0.0336
11.5750,47.7751,0.0351
11.6250,47.7751,0.0335
11.6750,47.7751,0.0367
11.7250,47.7751,0.0334
11.7750,47.7751,0.0368
11.8250,47.7751,0.0348
11.8750,47.7751,0.0363
11.9250,47.7751,0.0363
11.9750,47.7751,0.0375
12.0250,47.7751,0.0325
12.0750,47.7751,0.0382
12.1250,47.7751,0.0326
12.1750,47.7751,0.0325
12.2250,47.7751,0.0325
12.2750,47.7751,0.0323
12.3250,47.7751,0.0323
12.3750,47.7751,0.0323
12.4250,47.7751,0.0302
12.4750,47.7751,0.0327
12.5250,47.7751,0.0308
12.5750,47.7751,0.0315
12.6250,47.7751,0.0315
12.6750,47.7751,0.0320
12.7250,47.7751,0.0313
12.7750,47.7751,0.0317
12.8250,47.7751,0.0306
12.8750,47.7751,0.0307
12.9250,47.7751,0.0314
12.9750,47.7751,0.0320
13.0250,47.7751,0.0320
13.0750,47.7751,0.0310
13.1250,47.7751,0.0317
13.1750,47.7751,0.0317
13.2250,47.7751,0.0324
13.2750,47.7751,0.0324
13.3250,47.7751,0.0338
13.3750,47.7751,0.0327
13.4250,47.7751,0.0353
13.4750,47.7751,0.0347
13.5250,47.7751,0.0367
13.5750,47.7751,0.0367
13.6250,47.7751,0.0389
13.6750,47.7751,0.0390
13.7250,47.7751,0.0411
13.7750,47.7751,0.0415
13.8250,47.7751,0.0423
13.8750,47.7751,0.0457
13.9250,47.7751,0.0508
13.9750,47.7751,0.0508
14.0250,47.7751,0.0535
14.0750,47.7751,0.0660
14.1250,47.7751,0.0660
14.1750,47.7751,0.0847
14.2250,47.7751,0.0847
14.2750,47.7751,0.0879
14.3250,47.7751,0.0900
14.3750,47.7751,0.0903
14.4250,47.7751,0.0902
14.4750,47.7751,0.0820
14.5250,47.7751,0.0820
14.5750,47.7751,0.0738
14.6250,47.7751,0.0695
14.6750,47.7751,0.0727
14.7250,47.7751,0.0701
14.7750,47.7751,0.0702
14.8250,47.7751,0.0722
14.8750,47.7751,0.0753
14.9250,47.7751,0.0785
14.9750,47.7751,0.0755
15.0250,47.7751,0.0806
15.0750,47.7751,0.0806
15.1250,47.7751,0.0868
15.1750,47.7751,0.0866
15.2250,47.7751,0.0929
15.2750,47.7751,0.0899
15.3250,47.7751,0.0936
15.3750,47.7751,0.0966
15.4250,47.7751,0.1103
15.4750,47.7751,0.1104
15.5250,47.7751,0.1029
15.5750,47.7751,0.1129
15.6250,47.7751,0.1129
15.6750,47.7751,0.1475
15.7250,47.7751,0.1474
15.7750,47.7751,0.1559
15.8250,47.7751,0.1559
15.8750,47.7751,0.1665
15.9250,47.7751,0.1554
15.9750,47.7751,0.1783
16.0250,47.7751,0.1783
16.0750,47.7751,0.1598
16.1250,47.7751,0.1680
16.1750,47.7751,0.1680
16.2250,47.7751,0.1740
16.2750,47.7751,0.1740
16.3250,47.7751,0.1491
16.3750,47.7751,0.1558
16.4250,47.7751,0.1396
16.4750,47.7751,0.1201
16.5250,47.7751,0.0995
16.5750,47.7751,0.0995
16.6250,47.7751,0.1016
16.6750,47.7751,0.0888
16.7250,47.7751,0.0885
16.7750,47.7751,0.0805
16.8250,47.7751,0.0805
16.8750,47.7751,0.0750
16.9250,47.7751,0.0737
16.9750,47.7751,0.0721
17.0250,47.7751,0.0694
17.0750,47.7751,0.0674
17.1250,47.7751,0.0673
17.1750,47.7751,0.0680
17.2250,47.7751,0.0663
17.2750,47.7751,0.0660
17.3250,47.7751,0.0655
17.3750,47.7751,0.0655
17.4250,47.7751,0.0667
17.4750,47.7751,0.0678
9.5250,47.7251,0.0546
9.5750,47.7251,0.0554
9.6250,47.7251,0.0520
9.6750,47.7251,0.0489
9.7250,47.7251,0.0489
9.7750,47.7251,0.0457
9.8250,47.7251,0.0457
9.8750,47.7251,0.0424
9.9250,47.7251,0.0396
9.9750,47.7251,0.0403
10.0250,47.7251,0.0377
10.0750,47.7251,0.0362
10.1250,47.7251,0.0362
10.1750,47.7251,0.0350
10.2250,47.7251,0.0325
10.2750,47.7251,0.0341
10.3250,47.7251,0.0317
10.3750,47.7251,0.0332
10.4250,47.7251,0.0323
10.4750,47.7251,0.0324
10.5250,47.7251,0.0324
10.5750,47.7251,0.0329
10.6250,47.7251,0.0313
10.6750,47.7251,0.0337
10.7250,47.7251,0.0317
10.7750,47.7251,0.0323
10.8250,47.7251,0.0323
10.8750,47.7251,0.0335
10.9250,47.7251,0.0335
10.9750,47.7251,0.0348
11.0250,47.7251,0.0324
11.0750,47.7251,0.0361
11.1250,47.7251,0.0340
11.1750,47.7251,0.0358
11.2250,47.7251,0.0358
11.2750,47.7251,0.0373
11.3250,47.7251,0.0367
11.3750,47.7251,0.0388
11.4250,47.7251,0.0365
11.4750,47.7251,0.0384
11.5250,47.7251,0.0380
11.5750,47.7251,0.0394
11.6250,47.7251,0.0394
11.6750,47.7251,0.0409
11.7250,47.7251,0.0383
11.7750,47.7251,0.0414
11.8250,47.7251,0.0401
11.8750,47.7251,0.0414
11.9250,47.7251,0.0420
11.9750,47.7251,0.0447
12.0250,47.7251,0.0447
12.0750,47.7251,0.0410
12.1250,47.7251,0.0381
12.1750,47.7251,0.0381
12.2250,47.7251,0.0374
12.2750,47.7251,0.0368
12.3250,47.7251,0.0369
12.3750,47.7251,0.0326
12.4250,47.7251,0.0364
12.4750,47.7251,0.0328
12.5250,47.7251,0.0339
12.5750,47.7251,0.0339
12.6250,47.7251,0.0349
12.6750,47.7251,0.0320
12.7250,47.7251,0.0353
12.7750,47.7251,0.0324
12.8250,47.7251,0.0331
12.8750,47.7251,0.0331
12.9250,47.7251,0.0338
12.9750,47.7251,0.0338
13.0250,47.7251,0.0345
13.0750,47.7251,0.0328
13.1250,47.7251,0.0352
13.1750,47.7251,0.0338
13.2250,47.7251,0.0349
13.2750,47.7251,0.0349
13.3250,47.7251,0.0361
13.3750,47.7251,0.0359
13.4250,47.7251,0.0359
13.4750,47.7251,0.0370
13.5250,47.7251,0.0370
13.5750,47.7251,0.0388
13.6250,47.7251,0.0403
13.6750,47.7251,0.0407
13.7250,47.7251,0.0411
13.7750,47.7251,0.0445
13.8250,47.7251,0.0445
13.8750,47.7251,0.0491
13.9250,47.7251,0.0491
13.9750,47.7251,0.0538
14.0250,47.7251,0.0575
14.0750,47.7251,0.0634
14.1250,47.7251,0.0716
14.1750,47.7251,0.0875
14.2250,47.7251,0.0875
14.2750,47.7251,0.0934
14.3250,47.7251,0.0906
14.3750,47.7251,0.0904
14.4250,47.7251,0.0918
14.4750,47.7251,0.0918
14.5250,47.7251,0.0836
14.5750,47.7251,0.0742
14.6250,47.7251,0.0779
14.6750,47.7251,0.0742
14.7250,47.7251,0.0778
14.7750,47.7251,0.0778
14.8250,47.7251,0.0809
14.8750,47.7251,0.0808
14.9250,47.7251,0.0846
14.9750,47.7251,0.0850
15.0250,47.7251,0.0856
15.0750,47.7251,0.0911
15.1250,47.7251,0.0980
15.1750,47.7251,0.0980
15.2250,47.7251,0.0930
15.2750,47.7251,0.1048
15.3250,47.7251,0.1048
15.3750,47.7251,0.1201
15.4250,47.7251,0.1201
15.4750,47.7251,0.1492
15.5250,47.7251,0.1217
15.5750,47.7251,0.1548
15.6250,47.7251,0.1405
15.6750,47.7251,0.1590
15.7250,47.7251,0.1590
15.7750,47.7251,0.1585
15.8250,47.7251,0.1681
15.8750,47.7251,0.1684
15.9250,47.7251,0.1598
15.9750,47.7251,0.1598
16.0250,47.7251,0.1617
16.0750,47.7251,0.1656
16.1250,47.7251,0.1675
16.1750,47.7251,0.1581
16.2250,47.7251,0.1553
16.2750,47.7251,0.1553
16.3250,47.7251,0.1233
16.3750,47.7251,0.1295
16.4250,47.7251,0.1383
16.4750,47.7251,0.1057
16.5250,47.7251,0.1057
16.5750,47.7251,0.0913
16.6250,47.7251,0.0903
16.6750,47.7251,0.0828
16.7250,47.7251,0.0841
16.7750,47.7251,0.0776
16.8250,47.7251,0.0775
16.8750,47.7251,0.0722
16.9250,47.7251,0.0710
16.9750,47.7251,0.0711
17.0250,47.7251,0.0687
17.0750,47.7251,0.0687
17.1250,47.7251,0.0661
17.1750,47.7251,0.0663
17.2250,47.7251,0.0645
17.2750,47.7251,0.0661
17.3250,47.7251,0.0661
17.3750,47.7251,0.0661
17.4250,47.7251,0.0667
17.4750,47.7251,0.0664
9.5250,47.6751,0.0660
9.5750,47.6751,0.0580
9.6250,47.6751,0.0536
9.6750,47.6751,0.0536
9.7250,47.6751,0.0509
9.7750,47.6751,0.0477
9.8250,47.6751,0.0484
9.8750,47.6751,0.0424
9.9250,47.6751,0.0439
9.9750,47.6751,0.0404
10.0250,47.6751,0.0390
10.0750,47.6751,0.0390
10.1250,47.6751,0.0379
10.1750,47.6751,0.0355
10.2250,47.6751,0.0380
10.2750,47.6751,0.0341
10.3250,47.6751,0.0350
10.3750,47.6751,0.0350
10.4250,47.6751,0.0350
10.4750,47.6751,0.0350
10.5250,47.6751,0.0355
10.5750,47.6751,0.0334
10.6250,47.6751,0.0362
10.6750,47.6751,0.0337
10.7250,47.6751,0.0347
10.7750,47.6751,0.0347
10.8250,47.6751,0.0358
10.8750,47.6751,0.0359
10.9250,47.6751,0.0371
10.9750,47.6751,0.0349
11.0250,47.6751,0.0384
11.0750,47.6751,0.0362
11.1250,47.6751,0.0378
11.1750,47.6751,0.0378
11.2250,47.6751,0.0393
11.2750,47.6751,0.0381
11.3250,47.6751,0.0408
11.3750,47.6751,0.0388
11.4250,47.6751,0.0402
11.4750,47.6751,0.0402
11.5250,47.6751,0.0416
11.5750,47.6751,0.0416
11.6250,47.6751,0.0441
11.6750,47.6751,0.0410
11.7250,47.6751,0.0477
11.7750,47.6751,0.0434
11.8250,47.6751,0.0481
11.8750,47.6751,0.0481
11.9250,47.6751,0.0540
11.9750,47.6751,0.0536
12.0250,47.6751,0.0598
12.0750,47.6751,0.0458
12.1250,47.6751,0.0614
12.1750,47.6751,0.0441
12.2250,47.6751,0.0416
12.2750,47.6751,0.0416
12.3250,47.6751,0.0406
12.3750,47.6751,0.0368
12.4250,47.6751,0.0401
12.4750,47.6751,0.0369
12.5250,47.6751,0.0374
12.5750,47.6751,0.0373
12.6250,47.6751,0.0376
12.6750,47.6751,0.0376
12.7250,47.6751,0.0377
12.7750,47.6751,0.0355
12.8250,47.6751,0.0355
12.8750,47.6751,0.0358
12.9250,47.6751,0.0361
12.9750,47.6751,0.0362
13.0250,47.6751,0.0351
13.0750,47.6751,0.0366
13.1250,47.6751,0.0352
13.1750,47.6751,0.0360
13.2250,47.6751,0.0360
13.2750,47.6751,0.0369
13.3250,47.6751,0.0361
13.3750,47.6751,0.0380
13.4250,47.6751,0.0374
13.4750,47.6751,0.0389
13.5250,47.6751,0.0389
13.5750,47.6751,0.0405
13.6250,47.6751,0.0405
13.6750,47.6751,0.0423
13.7250,47.6751,0.0431
13.7750,47.6751,0.0450
13.8250,47.6751,0.0473
13.8750,47.6751,0.0518
13.9250,47.6751,0.0519
13.9750,47.6751,0.0576
14.0250,47.6751,0.0613
14.0750,47.6751,0.0635
14.1250,47.6751,0.0806
14.1750,47.6751,0.0806
14.2250,47.6751,0.0886
14.2750,47.6751,0.0934
14.3250,47.6751,0.0938
14.3750,47.6751,0.0928
14.4250,47.6751,0.0936
14.4750,47.6751,0.0936
14.5250,47.6751,0.0839
14.5750,47.6751,0.0839
14.6250,47.6751,0.0829
14.6750,47.6751,0.0779
14.7250,47.6751,0.0780
14.7750,47.6751,0.0811
14.8250,47.6751,0.0859
14.8750,47.6751,0.0861
14.9250,47.6751,0.0846
14.9750,47.6751,0.0894
15.0250,47.6751,0.0894
15.0750,47.6751,0.0973
15.1250,47.6751,0.0973
15.1750,47.6751,0.1145
15.2250,47.6751,0.1053
15.2750,47.6751,0.1284
15.3250,47.6751,0.1151
15.3750,47.6751,0.1439
15.4250,47.6751,0.1439
15.4750,47.6751,0.1566
15.5250,47.6751,0.1576
15.5750,47.6751,0.1576
15.6250,47.6751,0.1591
15.6750,47.6751,0.1591
15.7250,47.6751,0.1781
15.7750,47.6751,0.1593
15.8250,47.6751,0.1625
15.8750,47.6751,0.1796
15.9250,47.6751,0.1678
15.9750,47.6751,0.1678
16.0250,47.6751,0.1513
16.0750,47.6751,0.1532
16.1250,47.6751,0.1675
16.1750,47.6751,0.1465
16.2250,47.6751,0.1465
16.2750,47.6751,0.1413
16.3250,47.6751,0.1221
16.3750,47.6751,0.1040
16.4250,47.6751,0.1003
16.4750,47.6751,0.0875
16.5250,47.6751,0.0875
16.5750,47.6751,0.0823
16.6250,47.6751,0.0822
16.6750,47.6751,0.0827
16.7250,47.6751,0.0750
16.7750,47.6751,0.0750
16.8250,47.6751,0.0703
16.8750,47.6751,0.0710
16.9250,47.6751,0.0678
16.9750,47.6751,0.0673
17.0250,47.6751,0.0648
17.0750,47.6751,0.0648
17.1250,47.6751,0.0637
17.1750,47.6751,0.0634
17.2250,47.6751,0.0641
17.2750,47.6751,0.0634
17.3250,47.6751,0.0634
17.3750,47.6751,0.0642
17.4250,47.6751,0.0664
17.4750,47.6751,0.0666
9.5250,47.6251,0.0662
9.5750,47.6251,0.0629
9.6250,47.6251,0.0630
9.6750,47.6251,0.0586
9.7250,47.6251,0.0550
9.7750,47.6251,0.0550
9.8250,47.6251,0.0525
9.8750,47.6251,0.0454
9.9250,47.6251,0.0484
9.9750,47.6251,0.0421
10.0250,47.6251,0.0418
10.0750,47.6251,0.0414
10.1250,47.6251,0.0407
10.1750,47.6251,0.0407
10.2250,47.6251,0.0403
10.2750,47.6251,0.0377
10.3250,47.6251,0.0401
10.3750,47.6251,0.0378
10.4250,47.6251,0.0381
10.4750,47.6251,0.0381
10.5250,47.6251,0.0387
10.5750,47.6251,0.0387
10.6250,47.6251,0.0394
10.6750,47.6251,0.0372
10.7250,47.6251,0.0398
10.7750,47.6251,0.0382
10.8250,47.6251,0.0393
10.8750,47.6251,0.0393
10.9250,47.6251,0.0404
10.9750,47.6251,0.0385
11.0250,47.6251,0.0416
11.0750,47.6251,0.0399
11.1250,47.6251,0.0414
11.1750,47.6251,0.0413
11.2250,47.6251,0.0431
11.2750,47.6251,0.0431
11.3250,47.6251,0.0456
11.3750,47.6251,0.0424
11.4250,47.6251,0.0467
11.4750,47.6251,0.0452
11.5250,47.6251,0.0480
11.5750,47.6251,0.0480
11.6250,47.6251,0.0509
11.6750,47.6251,0.0509
11.7250,47.6251,0.0544
11.7750,47.6251,0.0524
11.8250,47.6251,0.0528
11.8750,47.6251,0.0633
11.9250,47.6251,0.0854
11.9750,47.6251,0.0855
12.0250,47.6251,0.0818
12.0750,47.6251,0.0629
12.1250,47.6251,0.0617
12.1750,47.6251,0.0527
12.2250,47.6251,0.0527
12.2750,47.6251,0.0467
12.3250,47.6251,0.0420
12.3750,47.6251,0.0434
12.4250,47.6251,0.0401
12.4750,47.6251,0.0398
12.5250,47.6251,0.0398
12.5750,47.6251,0.0396
12.6250,47.6251,0.0396
12.6750,47.6251,0.0395
12.7250,47.6251,0.0377
12.7750,47.6251,0.0394
12.8250,47.6251,0.0377
12.8750,47.6251,0.0378
12.9250,47.6251,0.0378
12.9750,47.6251,0.0380
13.0250,47.6251,0.0366
13.0750,47.6251,0.0383
13.1250,47.6251,0.0372
13.1750,47.6251,0.0379
13.2250,47.6251,0.0379
13.2750,47.6251,0.0387
13.3250,47.6251,0.0387
13.3750,47.6251,0.0396
13.4250,47.6251,0.0392
13.4750,47.6251,0.0392
13.5250,47.6251,0.0406
13.5750,47.6251,0.0418
13.6250,47.6251,0.0420
13.6750,47.6251,0.0424
13.7250,47.6251,0.0453
13.7750,47.6251,0.0463
13.8250,47.6251,0.0503
13.8750,47.6251,0.0503
13.9250,47.6251,0.0543
13.9750,47.6251,0.0579
14.0250,47.6251,0.0622
14.0750,47.6251,0.0692
14.1250,47.6251,0.0885
14.1750,47.6251,0.0885
14.2250,47.6251,0.0932
14.2750,47.6251,0.0932
14.3250,47.6251,0.1006
14.3750,47.6251,0.0964
14.4250,47.6251,0.0964
14.4750,47.6251,0.0983
14.5250,47.6251,0.0878
14.5750,47.6251,0.0888
14.6250,47.6251,0.0830
14.6750,47.6251,0.0855
14.7250,47.6251,0.0855
14.7750,47.6251,0.0891
14.8250,47.6251,0.0891
14.8750,47.6251,0.0928
14.9250,47.6251,0.0921
14.9750,47.6251,0.0988
15.0250,47.6251,0.1030
15.0750,47.6251,0.1188
15.1250,47.6251,0.1189
15.1750,47.6251,0.1457
15.2250,47.6251,0.1472
15.2750,47.6251,0.1303
15.3250,47.6251,0.1510
15.3750,47.6251,0.1510
15.4250,47.6251,0.1680
15.4750,47.6251,0.1579
15.5250,47.6251,0.1697
15.5750,47.6251,0.1729
15.6250,47.6251,0.1733
15.6750,47.6251,0.1733
15.7250,47.6251,0.1820
15.7750,47.6251,0.1817
15.8250,47.6251,0.1625
15.8750,47.6251,0.1615
15.9250,47.6251,0.1615
15.9750,47.6251,0.1634
16.0250,47.6251,0.1512
16.0750,47.6251,0.1288
16.1250,47.6251,0.1383
16.1750,47.6251,0.1178
16.2250,47.6251,0.1178
16.2750,47.6251,0.1020
16.3250,47.6251,0.1020
16.3750,47.6251,0.1038
16.4250,47.6251,0.0900
16.4750,47.6251,0.0900
16.5250,47.6251,0.0828
16.5750,47.6251,0.0822
16.6250,47.6251,0.0752
16.6750,47.6251,0.0776
16.7250,47.6251,0.0719
16.7750,47.6251,0.0718
16.8250,47.6251,0.0678
16.8750,47.6251,0.0678
16.9250,47.6251,0.0678
16.9750,47.6251,0.0655
17.0250,47.6251,0.0655
17.0750,47.6251,0.0632
17.1250,47.6251,0.0634
17.1750,47.6251,0.0611
17.2250,47.6251,0.0630
17.2750,47.6251,0.0632
17.3250,47.6251,0.0633
17.3750,47.6251,0.0639
17.4250,47.6251,0.0639
17.4750,47.6251,0.0666
9.5250,47.5751,0.0683
9.5750,47.5751,0.0671
9.6250,47.5751,0.0660
9.6750,47.5751,0.0641
9.7250,47.5751,0.0641
9.7750,47.5751,0.0619
9.8250,47.5751,0.0525
9.8750,47.5751,0.0563
9.9250,47.5751,0.0490
9.9750,47.5751,0.0460
10.0250,47.5751,0.0460
10.0750,47.5751,0.0442
10.1250,47.5751,0.0442
10.1750,47.5751,0.0435
10.2250,47.5751,0.0403
10.2750,47.5751,0.0437
10.3250,47.5751,0.0402
10.3750,47.5751,0.0405
10.4250,47.5751,0.0405
10.4750,47.5751,0.0411
10.5250,47.5751,0.0398
10.5750,47.5751,0.0418
10.6250,47.5751,0.0394
10.6750,47.5751,0.0417
10.7250,47.5751,0.0403
10.7750,47.5751,0.0412
10.8250,47.5751,0.0412
10.8750,47.5751,0.0423
10.9250,47.5751,0.0407
10.9750,47.5751,0.0445
11.0250,47.5751,0.0416
11.0750,47.5751,0.0434
11.1250,47.5751,0.0434
11.1750,47.5751,0.0459
11.2250,47.5751,0.0459
11.2750,47.5751,0.0485
11.3250,47.5751,0.0456
11.3750,47.5751,0.0511
11.4250,47.5751,0.0479
11.4750,47.5751,0.0504
11.5250,47.5751,0.0504
11.5750,47.5751,0.0533
11.6250,47.5751,0.0518
11.6750,47.5751,0.0593
11.7250,47.5751,0.0549
11.7750,47.5751,0.0677
11.8250,47.5751,0.0654
11.8750,47.5751,0.0825
11.9250,47.5751,0.0825
11.9750,47.5751,0.0930
12.0250,47.5751,0.0853
12.0750,47.5751,0.0811
12.1250,47.5751,0.0785
12.1750,47.5751,0.0549
12.2250,47.5751,0.0549
12.2750,47.5751,0.0489
12.3250,47.5751,0.0489
12.3750,47.5751,0.0461
12.4250,47.5751,0.0419
12.4750,47.5751,0.0436
12.5250,47.5751,0.0414
12.5750,47.5751,0.0411
12.6250,47.5751,0.0411
12.6750,47.5751,0.0409
12.7250,47.5751,0.0395
12.7750,47.5751,0.0395
12.8250,47.5751,0.0394
12.8750,47.5751,0.0394
12.9250,47.5751,0.0394
12.9750,47.5751,0.0394
13.0250,47.5751,0.0396
13.0750,47.5751,0.0383
13.1250,47.5751,0.0389
13.1750,47.5751,0.0389
13.2250,47.5751,0.0396
13.2750,47.5751,0.0395
13.3250,47.5751,0.0403
13.3750,47.5751,0.0397
13.4250,47.5751,0.0412
13.4750,47.5751,0.0408
13.5250,47.5751,0.0420
13.5750,47.5751,0.0420
13.6250,47.5751,0.0448
13.6750,47.5751,0.0451
13.7250,47.5751,0.0479
13.7750,47.5751,0.0487
13.8250,47.5751,0.0521
13.8750,47.5751,0.0525
13.9250,47.5751,0.0578
13.9750,47.5751,0.0578
14.0250,47.5751,0.0622
14.0750,47.5751,0.0733
14.1250,47.5751,0.0733
14.1750,47.5751,0.0897
14.2250,47.5751,0.0927
14.2750,47.5751,0.0940
14.3250,47.5751,0.1018
14.3750,47.5751,0.1006
14.4250,47.5751,0.1001
14.4750,47.5751,0.0962
14.5250,47.5751,0.0962
14.5750,47.5751,0.0987
14.6250,47.5751,0.0878
14.6750,47.5751,0.0908
14.7250,47.5751,0.0888
14.7750,47.5751,0.0921
14.8250,47.5751,0.0922
14.8750,47.5751,0.0950
14.9250,47.5751,0.1027
14.9750,47.5751,0.1003
15.0250,47.5751,0.1141
15.0750,47.5751,0.1141
15.1250,47.5751,0.1381
15.1750,47.5751,0.1585
15.2250,47.5751,0.1569
15.2750,47.5751,0.1570
15.3250,47.5751,0.1627
15.3750,47.5751,0.1627
15.4250,47.5751,0.1745
15.4750,47.5751,0.1745
15.5250,47.5751,0.1697
15.5750,47.5751,0.1898
15.6250,47.5751,0.1898
15.6750,47.5751,0.1658
15.7250,47.5751,0.1816
15.7750,47.5751,0.1542
15.8250,47.5751,0.1709
15.8750,47.5751,0.1460
15.9250,47.5751,0.1460
15.9750,47.5751,0.1357
16.0250,47.5751,0.1357
16.0750,47.5751,0.1255
16.1250,47.5751,0.1048
16.1750,47.5751,0.1048
16.2250,47.5751,0.0918
16.2750,47.5751,0.1008
16.3250,47.5751,0.0853
16.3750,47.5751,0.0872
16.4250,47.5751,0.0783
16.4750,47.5751,0.0783
16.5250,47.5751,0.0722
16.5750,47.5751,0.0722
16.6250,47.5751,0.0743
16.6750,47.5751,0.0696
16.7250,47.5751,0.0696
16.7750,47.5751,0.0662
16.8250,47.5751,0.0674
16.8750,47.5751,0.0632
16.9250,47.5751,0.0639
16.9750,47.5751,0.0610
17.0250,47.5751,0.0608
17.0750,47.5751,0.0592
17.1250,47.5751,0.0592
17.1750,47.5751,0.0611
17.2250,47.5751,0.0600
17.2750,47.5751,0.0600
17.3250,47.5751,0.0606
17.3750,47.5751,0.0631
17.4250,47.5751,0.0628
17.4750,47.5751,0.0654
9.5250,47.5251,0.0714
9.5750,47.5251,0.0714
9.6250,47.5251,0.0704
9.6750,47.5251,0.0701
9.7250,47.5251,0.0685
9.7750,47.5251,0.0657
9.8250,47.5251,0.0658
9.8750,47.5251,0.0590
9.9250,47.5251,0.0520
9.9750,47.5251,0.0521
10.0250,47.5251,0.0498
10.0750,47.5251,0.0490
10.1250,47.5251,0.0490
10.1750,47.5251,0.0491
10.2250,47.5251,0.0487
10.2750,47.5251,0.0496
10.3250,47.5251,0.0444
10.3750,47.5251,0.0457
10.4250,47.5251,0.0455
10.4750,47.5251,0.0468
10.5250,47.5251,0.0468
10.5750,47.5251,0.0482
10.6250,47.5251,0.0432
10.6750,47.5251,0.0490
10.7250,47.5251,0.0448
10.7750,47.5251,0.0465
10.8250,47.5251,0.0465
10.8750,47.5251,0.0482
10.9250,47.5251,0.0482
10.9750,47.5251,0.0500
11.0250,47.5251,0.0470
11.0750,47.5251,0.0499
11.1250,47.5251,0.0494
11.1750,47.5251,0.0516
11.2250,47.5251,0.0516
11.2750,47.5251,0.0536
11.3250,47.5251,0.0534
11.3750,47.5251,0.0559
11.4250,47.5251,0.0536
11.4750,47.5251,0.0541
11.5250,47.5251,0.0572
11.5750,47.5251,0.0632
11.6250,47.5251,0.0632
11.6750,47.5251,0.0711
11.7250,47.5251,0.0706
11.7750,47.5251,0.0712
11.8250,47.5251,0.0925
11.8750,47.5251,0.0950
11.9250,47.5251,0.1015
11.9750,47.5251,0.0936
12.0250,47.5251,0.0936
12.0750,47.5251,0.0811
12.1250,47.5251,0.0654
12.1750,47.5251,0.0654
12.2250,47.5251,0.0539
12.2750,47.5251,0.0503
12.3250,47.5251,0.0500
12.3750,47.5251,0.0461
12.4250,47.5251,0.0459
12.4750,47.5251,0.0444
12.5250,47.5251,0.0433
12.5750,47.5251,0.0433
12.6250,47.5251,0.0426
12.6750,47.5251,0.0410
12.7250,47.5251,0.0422
12.7750,47.5251,0.0408
12.8250,47.5251,0.0408
12.8750,47.5251,0.0408
12.9250,47.5251,0.0408
12.9750,47.5251,0.0408
13.0250,47.5251,0.0411
13.0750,47.5251,0.0400
13.1250,47.5251,0.0412
13.1750,47.5251,0.0405
13.2250,47.5251,0.0411
13.2750,47.5251,0.0411
13.3250,47.5251,0.0419
13.3750,47.5251,0.0413
13.4250,47.5251,0.0413
13.4750,47.5251,0.0424
13.5250,47.5251,0.0424
13.5750,47.5251,0.0448
13.6250,47.5251,0.0457
13.6750,47.5251,0.0477
13.7250,47.5251,0.0479
13.7750,47.5251,0.0514
13.8250,47.5251,0.0514
13.8750,47.5251,0.0547
13.9250,47.5251,0.0559
13.9750,47.5251,0.0615
14.0250,47.5251,0.0664
14.0750,47.5251,0.0737
14.1250,47.5251,0.0815
14.1750,47.5251,0.0974
14.2250,47.5251,0.0974
14.2750,47.5251,0.1033
14.3250,47.5251,0.1026
14.3750,47.5251,0.1026
14.4250,47.5251,0.1105
14.4750,47.5251,0.1093
14.5250,47.5251,0.1082
14.5750,47.5251,0.0988
14.6250,47.5251,0.1107
14.6750,47.5251,0.0972
14.7250,47.5251,0.1004
14.7750,47.5251,0.1004
14.8250,47.5251,0.1067
14.8750,47.5251,0.1029
14.9250,47.5251,0.1159
14.9750,47.5251,0.1206
15.0250,47.5251,0.1568
15.0750,47.5251,0.1587
15.1250,47.5251,0.1675
15.1750,47.5251,0.1676
15.2250,47.5251,0.1569
15.2750,47.5251,0.1738
15.3250,47.5251,0.1738
15.3750,47.5251,0.1775
15.4250,47.5251,0.1748
15.4750,47.5251,0.1925
15.5250,47.5251,0.1679
15.5750,47.5251,0.1735
15.6250,47.5251,0.1740
15.6750,47.5251,0.1709
15.7250,47.5251,0.1709
15.7750,47.5251,0.1434
15.8250,47.5251,0.1351
15.8750,47.5251,0.1351
15.9250,47.5251,0.1159
15.9750,47.5251,0.1262
16.0250,47.5251,0.1007
16.0750,47.5251,0.1067
16.1250,47.5251,0.0919
16.1750,47.5251,0.0926
16.2250,47.5251,0.0846
16.2750,47.5251,0.0846
16.3250,47.5251,0.0762
16.3750,47.5251,0.0792
16.4250,47.5251,0.0792
16.4750,47.5251,0.0727
16.5250,47.5251,0.0720
16.5750,47.5251,0.0681
16.6250,47.5251,0.0694
16.6750,47.5251,0.0653
16.7250,47.5251,0.0663
16.7750,47.5251,0.0627
16.8250,47.5251,0.0627
16.8750,47.5251,0.0600
16.9250,47.5251,0.0607
16.9750,47.5251,0.0607
17.0250,47.5251,0.0583
17.0750,47.5251,0.0585
17.1250,47.5251,0.0563
17.1750,47.5251,0.0588
17.2250,47.5251,0.0575
17.2750,47.5251,0.0591
17.3250,47.5251,0.0600
17.3750,47.5251,0.0600
17.4250,47.5251,0.0628
17.4750,47.5251,0.0661
9.5250,47.4751,0.0769
9.5750,47.4751,0.0739
9.6250,47.4751,0.0723
9.6750,47.4751,0.0723
9.7250,47.4751,0.0708
9.7750,47.4751,0.0708
9.8250,47.4751,0.0687
9.8750,47.4751,0.0597
9.9250,47.4751,0.0649
9.9750,47.4751,0.0548
10.0250,47.4751,0.0539
10.0750,47.4751,0.0539
10.1250,47.4751,0.0545
10.1750,47.4751,0.0494
10.2250,47.4751,0.0563
10.2750,47.4751,0.0497
10.3250,47.4751,0.0513
10.3750,47.4751,0.0508
10.4250,47.4751,0.0521
10.4750,47.4751,0.0521
10.5250,47.4751,0.0536
10.5750,47.4751,0.0482
10.6250,47.4751,0.0552
10.6750,47.4751,0.0494
10.7250,47.4751,0.0505
10.7750,47.4751,0.0505
10.8250,47.4751,0.0519
10.8750,47.4751,0.0519
10.9250,47.4751,0.0537
10.9750,47.4751,0.0500
11.0250,47.4751,0.0564
11.0750,47.4751,0.0520
11.1250,47.4751,0.0539
11.1750,47.4751,0.0539
11.2250,47.4751,0.0570
11.2750,47.4751,0.0539
11.3250,47.4751,0.0614
11.3750,47.4751,0.0561
11.4250,47.4751,0.0603
11.4750,47.4751,0.0602
11.5250,47.4751,0.0656
11.5750,47.4751,0.0656
11.6250,47.4751,0.0764
11.6750,47.4751,0.0712
11.7250,47.4751,0.0944
11.7750,47.4751,0.0913
11.8250,47.4751,0.1046
11.8750,47.4751,0.1046
11.9250,47.4751,0.1022
11.9750,47.4751,0.1014
12.0250,47.4751,0.0847
12.0750,47.4751,0.0699
12.1250,47.4751,0.0660
12.1750,47.4751,0.0594
12.2250,47.4751,0.0532
12.2750,47.4751,0.0532
12.3250,47.4751,0.0508
12.3750,47.4751,0.0476
12.4250,47.4751,0.0491
12.4750,47.4751,0.0461
12.5250,47.4751,0.0453
12.5750,47.4751,0.0452
12.6250,47.4751,0.0447
12.6750,47.4751,0.0447
12.7250,47.4751,0.0435
12.7750,47.4751,0.0420
12.8250,47.4751,0.0420
12.8750,47.4751,0.0421
12.9250,47.4751,0.0422
12.9750,47.4751,0.0422
13.0250,47.4751,0.0411
13.0750,47.4751,0.0417
13.1250,47.4751,0.0415
13.1750,47.4751,0.0420
13.2250,47.4751,0.0420
13.2750,47.4751,0.0434
13.3250,47.4751,0.0419
13.3750,47.4751,0.0450
13.4250,47.4751,0.0435
13.4750,47.4751,0.0456
13.5250,47.4751,0.0456
13.5750,47.4751,0.0479
13.6250,47.4751,0.0479
13.6750,47.4751,0.0507
13.7250,47.4751,0.0505
13.7750,47.4751,0.0513
13.8250,47.4751,0.0538
13.8750,47.4751,0.0589
13.9250,47.4751,0.0589
13.9750,47.4751,0.0634
14.0250,47.4751,0.0698
14.0750,47.4751,0.0698
14.1250,47.4751,0.0854
14.1750,47.4751,0.0855
14.2250,47.4751,0.0941
14.2750,47.4751,0.1033
14.3250,47.4751,0.1072
14.3750,47.4751,0.1033
14.4250,47.4751,0.1082
14.4750,47.4751,0.1082
14.5250,47.4751,0.1105
14.5750,47.4751,0.1108
14.6250,47.4751,0.1133
14.6750,47.4751,0.1022
14.7250,47.4751,0.1060
14.7750,47.4751,0.1132
14.8250,47.4751,0.1250
14.8750,47.4751,0.1259
14.9250,47.4751,0.1159
14.9750,47.4751,0.1408
15.0250,47.4751,0.1408
15.0750,47.4751,0.1575
15.1250,47.4751,0.1646
15.1750,47.4751,0.1703
15.2250,47.4751,0.1706
15.2750,47.4751,0.1760
15.3250,47.4751,0.1779
15.3750,47.4751,0.1532
15.4250,47.4751,0.1532
15.4750,47.4751,0.1626
15.5250,47.4751,0.1598
15.5750,47.4751,0.1598
15.6250,47.4751,0.1423
15.6750,47.4751,0.1469
15.7250,47.4751,0.1259
15.7750,47.4751,0.1336
15.8250,47.4751,0.1063
15.8750,47.4751,0.1050
15.9250,47.4751,0.0921
15.9750,47.4751,0.0921
16.0250,47.4751,0.0860
16.0750,47.4751,0.0878
16.1250,47.4751,0.0878
16.1750,47.4751,0.0795
16.2250,47.4751,0.0789
16.2750,47.4751,0.0725
16.3250,47.4751,0.0757
16.3750,47.4751,0.0690
16.4250,47.4751,0.0693
16.4750,47.4751,0.0652
16.5250,47.4751,0.0652
16.5750,47.4751,0.0617
16.6250,47.4751,0.0636
16.6750,47.4751,0.0636
16.7250,47.4751,0.0597
16.7750,47.4751,0.0596
16.8250,47.4751,0.0565
16.8750,47.4751,0.0587
16.9250,47.4751,0.0546
16.9750,47.4751,0.0553
17.0250,47.4751,0.0542
17.0750,47.4751,0.0542
17.1250,47.4751,0.0541
17.1750,47.4751,0.0553
17.2250,47.4751,0.0553
17.2750,47.4751,0.0557
17.3250,47.4751,0.0559
17.3750,47.4751,0.0580
17.4250,47.4751,0.0617
17.4750,47.4751,0.0618
9.5250,47.4251,0.0769
9.5750,47.4251,0.0794
9.6250,47.4251,0.0794
9.6750,47.4251,0.0784
9.7250,47.4251,0.0768
9.7750,47.4251,0.0770
9.8250,47.4251,0.0714
9.8750,47.4251,0.0696
9.9250,47.4251,0.0650
9.9750,47.4251,0.0638
10.0250,47.4251,0.0639
10.0750,47.4251,0.0645
10.1250,47.4251,0.0682
10.1750,47.4251,0.0682
10.2250,47.4251,0.0711
10.2750,47.4251,0.0591
10.3250,47.4251,0.0610
10.3750,47.4251,0.0624
10.4250,47.4251,0.0652
10.4750,47.4251,0.0655
10.5250,47.4251,0.0684
10.5750,47.4251,0.0684
10.6250,47.4251,0.0707
10.6750,47.4251,0.0575
10.7250,47.4251,0.0590
10.7750,47.4251,0.0592
10.8250,47.4251,0.0618
10.8750,47.4251,0.0618
10.9250,47.4251,0.0649
10.9750,47.4251,0.0582
11.0250,47.4251,0.0652
11.0750,47.4251,0.0605
11.1250,47.4251,0.0613
11.1750,47.4251,0.0645
11.2250,47.4251,0.0680
11.2750,47.4251,0.0680
11.3250,47.4251,0.0714
11.3750,47.4251,0.0659
11.4250,47.4251,0.0666
11.4750,47.4251,0.0707
11.5250,47.4251,0.0797
11.5750,47.4251,0.0804
11.6250,47.4251,0.1018
11.6750,47.4251,0.1019
11.7250,47.4251,0.0954
11.7750,47.4251,0.1098
11.8250,47.4251,0.1098
11.8750,47.4251,0.1096
11.9250,47.4251,0.1107
11.9750,47.4251,0.1110
12.0250,47.4251,0.0843
12.0750,47.4251,0.0666
12.1250,47.4251,0.0664
12.1750,47.4251,0.0582
12.2250,47.4251,0.0582
12.2750,47.4251,0.0537
12.3250,47.4251,0.0508
12.3750,47.4251,0.0517
12.4250,47.4251,0.0491
12.4750,47.4251,0.0480
12.5250,47.4251,0.0480
12.5750,47.4251,0.0472
12.6250,47.4251,0.0466
12.6750,47.4251,0.0467
12.7250,47.4251,0.0445
12.7750,47.4251,0.0460
12.8250,47.4251,0.0444
12.8750,47.4251,0.0446
12.9250,47.4251,0.0446
12.9750,47.4251,0.0451
13.0250,47.4251,0.0428
13.0750,47.4251,0.0458
13.1250,47.4251,0.0438
13.1750,47.4251,0.0451
13.2250,47.4251,0.0451
13.2750,47.4251,0.0467
13.3250,47.4251,0.0467
13.3750,47.4251,0.0462
13.4250,47.4251,0.0468
13.4750,47.4251,0.0468
13.5250,47.4251,0.0489
13.5750,47.4251,0.0506
13.6250,47.4251,0.0511
13.6750,47.4251,0.0507
13.7250,47.4251,0.0539
13.7750,47.4251,0.0539
13.8250,47.4251,0.0587
13.8750,47.4251,0.0587
13.9250,47.4251,0.0647
13.9750,47.4251,0.0655
14.0250,47.4251,0.0703
14.0750,47.4251,0.0756
14.1250,47.4251,0.0955
14.1750,47.4251,0.0955
14.2250,47.4251,0.1004
14.2750,47.4251,0.1058
14.3250,47.4251,0.1074
14.3750,47.4251,0.1120
14.4250,47.4251,0.1120
14.4750,47.4251,0.1191
14.5250,47.4251,0.1145
14.5750,47.4251,0.1191
14.6250,47.4251,0.1134
14.6750,47.4251,0.1187
14.7250,47.4251,0.1187
14.7750,47.4251,0.1633
14.8250,47.4251,0.1577
14.8750,47.4251,0.1550
14.9250,47.4251,0.1513
14.9750,47.4251,0.1578
15.0250,47.4251,0.1696
15.0750,47.4251,0.1760
15.1250,47.4251,0.1760
15.1750,47.4251,0.1745
15.2250,47.4251,0.1713
15.2750,47.4251,0.1713
15.3250,47.4251,0.1814
15.3750,47.4251,0.1801
15.4250,47.4251,0.1296
15.4750,47.4251,0.1404
15.5250,47.4251,0.1119
15.5750,47.4251,0.1264
15.6250,47.4251,0.1135
15.6750,47.4251,0.1135
15.7250,47.4251,0.0986
15.7750,47.4251,0.1065
15.8250,47.4251,0.1064
15.8750,47.4251,0.0929
15.9250,47.4251,0.0926
15.9750,47.4251,0.0851
16.0250,47.4251,0.0860
16.0750,47.4251,0.0760
16.1250,47.4251,0.0797
16.1750,47.4251,0.0722
16.2250,47.4251,0.0722
16.2750,47.4251,0.0674
16.3250,47.4251,0.0689
16.3750,47.4251,0.0689
16.4250,47.4251,0.0649
16.4750,47.4251,0.0647
16.5250,47.4251,0.0602
16.5750,47.4251,0.0617
16.6250,47.4251,0.0552
16.6750,47.4251,0.0583
16.7250,47.4251,0.0550
16.7750,47.4251,0.0550
16.8250,47.4251,0.0532
16.8750,47.4251,0.0545
16.9250,47.4251,0.0545
16.9750,47.4251,0.0533
17.0250,47.4251,0.0533
17.0750,47.4251,0.0525
17.1250,47.4251,0.0539
17.1750,47.4251,0.0520
17.2250,47.4251,0.0541
17.2750,47.4251,0.0548
17.3250,47.4251,0.0548
17.3750,47.4251,0.0567
17.4250,47.4251,0.0615
17.4750,47.4251,0.0615
9.5250,47.3751,0.0760
9.5750,47.3751,0.0793
9.6250,47.3751,0.0791
9.6750,47.3751,0.0774
9.7250,47.3751,0.0774
9.7750,47.3751,0.0758
9.8250,47.3751,0.0729
9.8750,47.3751,0.0758
9.9250,47.3751,0.0701
9.9750,47.3751,0.0707
10.0250,47.3751,0.0706
10.0750,47.3751,0.0715
10.1250,47.3751,0.0715
10.1750,47.3751,0.0841
10.2250,47.3751,0.0715
10.2750,47.3751,0.1046
10.3250,47.3751,0.0770
10.3750,47.3751,0.0840
10.4250,47.3751,0.0840
10.4750,47.3751,0.0903
10.5250,47.3751,0.0875
10.5750,47.3751,0.0913
10.6250,47.3751,0.0710
10.6750,47.3751,0.0993
10.7250,47.3751,0.0703
10.7750,47.3751,0.0719
10.8250,47.3751,0.0719
10.8750,47.3751,0.0773
10.9250,47.3751,0.0650
10.9750,47.3751,0.0846
11.0250,47.3751,0.0680
11.0750,47.3751,0.0715
11.1250,47.3751,0.0715
11.1750,47.3751,0.0793
11.2250,47.3751,0.0793
11.2750,47.3751,0.0857
11.3250,47.3751,0.0715
11.3750,47.3751,0.0944
11.4250,47.3751,0.0784
11.4750,47.3751,0.0879
11.5250,47.3751,0.0879
11.5750,47.3751,0.0986
11.6250,47.3751,0.1012
11.6750,47.3751,0.1130
11.7250,47.3751,0.1103
11.7750,47.3751,0.1113
11.8250,47.3751,0.1110
11.8750,47.3751,0.0943
11.9250,47.3751,0.0943
11.9750,47.3751,0.0820
12.0250,47.3751,0.0771
12.0750,47.3751,0.0683
12.1250,47.3751,0.0631
12.1750,47.3751,0.0569
12.2250,47.3751,0.0569
12.2750,47.3751,0.0539
12.3250,47.3751,0.0538
12.3750,47.3751,0.0524
12.4250,47.3751,0.0503
12.4750,47.3751,0.0505
12.5250,47.3751,0.0492
12.5750,47.3751,0.0488
12.6250,47.3751,0.0488
12.6750,47.3751,0.0484
12.7250,47.3751,0.0466
12.7750,47.3751,0.0466
12.8250,47.3751,0.0467
12.8750,47.3751,0.0467
12.9250,47.3751,0.0470
12.9750,47.3751,0.0458
13.0250,47.3751,0.0478
13.0750,47.3751,0.0458
13.1250,47.3751,0.0469
13.1750,47.3751,0.0469
13.2250,47.3751,0.0485
13.2750,47.3751,0.0471
13.3250,47.3751,0.0507
13.3750,47.3751,0.0488
13.4250,47.3751,0.0509
13.4750,47.3751,0.0506
13.5250,47.3751,0.0524
13.5750,47.3751,0.0524
13.6250,47.3751,0.0545
13.6750,47.3751,0.0541
13.7250,47.3751,0.0581
13.7750,47.3751,0.0607
13.8250,47.3751,0.0647
13.8750,47.3751,0.0647
13.9250,47.3751,0.0686
13.9750,47.3751,0.0690
14.0250,47.3751,0.0703
14.0750,47.3751,0.0801
14.1250,47.3751,0.0801
14.1750,47.3751,0.0908
14.2250,47.3751,0.1004
14.2750,47.3751,0.1009
14.3250,47.3751,0.1080
14.3750,47.3751,0.1115
14.4250,47.3751,0.1115
14.4750,47.3751,0.1168
14.5250,47.3751,0.1168
14.5750,47.3751,0.1279
14.6250,47.3751,0.1145
14.6750,47.3751,0.1157
14.7250,47.3751,0.1268
14.7750,47.3751,0.1514
14.8250,47.3751,0.1514
14.8750,47.3751,0.1552
14.9250,47.3751,0.1599
14.9750,47.3751,0.1599
15.0250,47.3751,0.1635
15.0750,47.3751,0.1636
15.1250,47.3751,0.1574
15.1750,47.3751,0.1872
15.2250,47.3751,0.1617
15.2750,47.3751,0.1517
15.3250,47.3751,0.1282
15.3750,47.3751,0.1282
15.4250,47.3751,0.1079
15.4750,47.3751,0.1108
15.5250,47.3751,0.1108
15.5750,47.3751,0.0990
15.6250,47.3751,0.0990
15.6750,47.3751,0.0912
15.7250,47.3751,0.0986
15.7750,47.3751,0.0862
15.8250,47.3751,0.0875
15.8750,47.3751,0.0797
15.9250,47.3751,0.0797
15.9750,47.3751,0.0730
16.0250,47.3751,0.0759
16.0750,47.3751,0.0755
16.1250,47.3751,0.0693
16.1750,47.3751,0.0692
16.2250,47.3751,0.0650
16.2750,47.3751,0.0674
16.3250,47.3751,0.0610
16.3750,47.3751,0.0624
16.4250,47.3751,0.0569
16.4750,47.3751,0.0569
16.5250,47.3751,0.0537
16.5750,47.3751,0.0551
16.6250,47.3751,0.0548
16.6750,47.3751,0.0530
16.7250,47.3751,0.0530
16.7750,47.3751,0.0515
16.8250,47.3751,0.0532
16.8750,47.3751,0.0502
16.9250,47.3751,0.0516
16.9750,47.3751,0.0505
17.0250,47.3751,0.0505
17.0750,47.3751,0.0502
17.1250,47.3751,0.0520
17.1750,47.3751,0.0520
17.2250,47.3751,0.0524
17.2750,47.3751,0.0524
17.3250,47.3751,0.0534
17.3750,47.3751,0.0567
17.4250,47.3751,0.0554
17.4750,47.3751,0.0597
9.5250,47.3251,0.0804
9.5750,47.3251,0.0799
9.6250,47.3251,0.0810
9.6750,47.3251,0.0810
9.7250,47.3251,0.0814
9.7750,47.3251,0.0773
9.8250,47.3251,0.0792
9.8750,47.3251,0.0758
9.9250,47.3251,0.0755
9.9750,47.3251,0.0755
10.0250,47.3251,0.0790
10.0750,47.3251,0.0809
10.1250,47.3251,0.0839
10.1750,47.3251,0.0951
10.2250,47.3251,0.0960
10.2750,47.3251,0.1045
10.3250,47.3251,0.1061
10.3750,47.3251,0.1061
10.4250,47.3251,0.1007
10.4750,47.3251,0.1001
10.5250,47.3251,0.1001
10.5750,47.3251,0.0923
10.6250,47.3251,0.1018
10.6750,47.3251,0.1014
10.7250,47.3251,0.0884
10.7750,47.3251,0.0892
10.8250,47.3251,0.0966
10.8750,47.3251,0.0971
10.9250,47.3251,0.0971
10.9750,47.3251,0.0919
11.0250,47.3251,0.0923
11.0750,47.3251,0.0924
11.1250,47.3251,0.0930
11.1750,47.3251,0.1040
11.2250,47.3251,0.1041
11.2750,47.3251,0.1043
11.3250,47.3251,0.1038
11.3750,47.3251,0.0951
11.4250,47.3251,0.1090
11.4750,47.3251,0.1090
11.5250,47.3251,0.1206
11.5750,47.3251,0.1159
11.6250,47.3251,0.1161
11.6750,47.3251,0.1140
11.7250,47.3251,0.1122
11.7750,47.3251,0.1122
11.8250,47.3251,0.1158
11.8750,47.3251,0.1138
11.9250,47.3251,0.0853
11.9750,47.3251,0.0787
12.0250,47.3251,0.0705
12.0750,47.3251,0.0683
12.1250,47.3251,0.0618
12.1750,47.3251,0.0618
12.2250,47.3251,0.0573
12.2750,47.3251,0.0543
12.3250,47.3251,0.0546
12.3750,47.3251,0.0524
12.4250,47.3251,0.0516
12.4750,47.3251,0.0516
12.5250,47.3251,0.0508
12.5750,47.3251,0.0508
12.6250,47.3251,0.0505
12.6750,47.3251,0.0485
12.7250,47.3251,0.0506
12.7750,47.3251,0.0486
12.8250,47.3251,0.0492
12.8750,47.3251,0.0492
12.9250,47.3251,0.0499
12.9750,47.3251,0.0495
13.0250,47.3251,0.0507
13.0750,47.3251,0.0487
13.1250,47.3251,0.0496
13.1750,47.3251,0.0500
13.2250,47.3251,0.0522
13.2750,47.3251,0.0522
13.3250,47.3251,0.0562
13.3750,47.3251,0.0534
13.4250,47.3251,0.0534
13.4750,47.3251,0.0550
13.5250,47.3251,0.0556
13.5750,47.3251,0.0578
13.6250,47.3251,0.0547
13.6750,47.3251,0.0619
13.7250,47.3251,0.0596
13.7750,47.3251,0.0644
13.8250,47.3251,0.0644
13.8750,47.3251,0.0677
13.9250,47.3251,0.0687
13.9750,47.3251,0.0706
14.0250,47.3251,0.0739
14.0750,47.3251,0.0811
14.1250,47.3251,0.0811
14.1750,47.3251,0.0897
14.2250,47.3251,0.0897
14.2750,47.3251,0.1029
14.3250,47.3251,0.1158
14.3750,47.3251,0.1158
14.4250,47.3251,0.1240
14.4750,47.3251,0.1223
14.5250,47.3251,0.1227
14.5750,47.3251,0.1279
14.6250,47.3251,0.1242
14.6750,47.3251,0.1242
14.7250,47.3251,0.1519
14.7750,47.3251,0.1519
14.8250,47.3251,0.1618
14.8750,47.3251,0.1636
14.9250,47.3251,0.1631
14.9750,47.3251,0.1724
15.0250,47.3251,0.1900
15.0750,47.3251,0.1900
15.1250,47.3251,0.1527
15.1750,47.3251,0.1610
15.2250,47.3251,0.1614
15.2750,47.3251,0.1260
15.3250,47.3251,0.1260
15.3750,47.3251,0.1081
15.4250,47.3251,0.1078
15.4750,47.3251,0.0926
15.5250,47.3251,0.0973
15.5750,47.3251,0.0904
15.6250,47.3251,0.0904
15.6750,47.3251,0.0837
15.7250,47.3251,0.0858
15.7750,47.3251,0.0844
15.8250,47.3251,0.0799
15.8750,47.3251,0.0799
15.9250,47.3251,0.0720
15.9750,47.3251,0.0728
16.0250,47.3251,0.0672
16.0750,47.3251,0.0691
16.1250,47.3251,0.0649
16.1750,47.3251,0.0649
16.2250,47.3251,0.0597
16.2750,47.3251,0.0607
16.3250,47.3251,0.0562
16.3750,47.3251,0.0558
16.4250,47.3251,0.0557
16.4750,47.3251,0.0528
16.5250,47.3251,0.0534
16.5750,47.3251,0.0502
16.6250,47.3251,0.0517
16.6750,47.3251,0.0500
16.7250,47.3251,0.0500
16.7750,47.3251,0.0486
16.8250,47.3251,0.0500
16.8750,47.3251,0.0488
16.9250,47.3251,0.0492
16.9750,47.3251,0.0492
17.0250,47.3251,0.0485
17.0750,47.3251,0.0502
17.1250,47.3251,0.0482
17.1750,47.3251,0.0505
17.2250,47.3251,0.0514
17.2750,47.3251,0.0514
17.3250,47.3251,0.0527
17.3750,47.3251,0.0553
17.4250,47.3251,0.0554
17.4750,47.3251,0.0593
9.5250,47.2751,0.0829
9.5750,47.2751,0.0814
9.6250,47.2751,0.0803
9.6750,47.2751,0.0802
9.7250,47.2751,0.0810
9.7750,47.2751,0.0810
9.8250,47.2751,0.0815
9.8750,47.2751,0.0799
9.9250,47.2751,0.0835
9.9750,47.2751,0.0815
10.0250,47.2751,0.0908
10.0750,47.2751,0.0908
10.1250,47.2751,0.1054
10.1750,47.2751,0.1019
10.2250,47.2751,0.1130
10.2750,47.2751,0.1021
10.3250,47.2751,0.1055
10.3750,47.2751,0.1064
10.4250,47.2751,0.0928
10.4750,47.2751,0.0928
10.5250,47.2751,0.0877
10.5750,47.2751,0.0923
10.6250,47.2751,0.0956
10.6750,47.2751,0.0921
10.7250,47.2751,0.0926
10.7750,47.2751,0.0926
10.8250,47.2751,0.0933
10.8750,47.2751,0.0933
10.9250,47.2751,0.0990
10.9750,47.2751,0.0931
11.0250,47.2751,0.0955
11.0750,47.2751,0.0967
11.1250,47.2751,0.0949
11.1750,47.2751,0.0949
11.2250,47.2751,0.0995
11.2750,47.2751,0.1043
11.3250,47.2751,0.1122
11.3750,47.2751,0.1065
11.4250,47.2751,0.1129
11.4750,47.2751,0.1126
11.5250,47.2751,0.1166
11.5750,47.2751,0.1166
11.6250,47.2751,0.1128
11.6750,47.2751,0.1178
11.7250,47.2751,0.1149
11.7750,47.2751,0.1012
11.8250,47.2751,0.0873
11.8750,47.2751,0.0873
11.9250,47.2751,0.0726
11.9750,47.2751,0.0720
12.0250,47.2751,0.0673
12.0750,47.2751,0.0647
12.1250,47.2751,0.0633
12.1750,47.2751,0.0604
12.2250,47.2751,0.0571
12.2750,47.2751,0.0571
12.3250,47.2751,0.0551
12.3750,47.2751,0.0533
12.4250,47.2751,0.0536
12.4750,47.2751,0.0525
12.5250,47.2751,0.0521
12.5750,47.2751,0.0521
12.6250,47.2751,0.0520
12.6750,47.2751,0.0520
12.7250,47.2751,0.0506
12.7750,47.2751,0.0509
12.8250,47.2751,0.0509
12.8750,47.2751,0.0520
12.9250,47.2751,0.0521
12.9750,47.2751,0.0531
13.0250,47.2751,0.0508
13.0750,47.2751,0.0517
13.1250,47.2751,0.0517
13.1750,47.2751,0.0531
13.2250,47.2751,0.0531
13.2750,47.2751,0.0561
13.3250,47.2751,0.0565
13.3750,47.2751,0.0626
13.4250,47.2751,0.0610
13.4750,47.2751,0.0627
13.5250,47.2751,0.0627
13.5750,47.2751,0.0636
13.6250,47.2751,0.0619
13.6750,47.2751,0.0657
13.7250,47.2751,0.0647
13.7750,47.2751,0.0660
13.8250,47.2751,0.0672
13.8750,47.2751,0.0698
13.9250,47.2751,0.0698
13.9750,47.2751,0.0706
14.0250,47.2751,0.0768
14.0750,47.2751,0.0768
14.1250,47.2751,0.0821
14.1750,47.2751,0.0872
14.2250,47.2751,0.0888
14.2750,47.2751,0.1029
14.3250,47.2751,0.1068
14.3750,47.2751,0.1090
14.4250,47.2751,0.1215
14.4750,47.2751,0.1215
14.5250,47.2751,0.1308
14.5750,47.2751,0.1265
14.6250,47.2751,0.1348
14.6750,47.2751,0.1244
14.7250,47.2751,0.1508
14.7750,47.2751,0.1508
14.8250,47.2751,0.1571
14.8750,47.2751,0.1585
14.9250,47.2751,0.1631
14.9750,47.2751,0.1512
15.0250,47.2751,0.1512
15.0750,47.2751,0.1492
15.1250,47.2751,0.1527
15.1750,47.2751,0.1193
15.2250,47.2751,0.1261
15.2750,47.2751,0.1003
15.3250,47.2751,0.1003
15.3750,47.2751,0.0900
15.4250,47.2751,0.0904
15.4750,47.2751,0.0917
15.5250,47.2751,0.0850
15.5750,47.2751,0.0850
15.6250,47.2751,0.0783
15.6750,47.2751,0.0829
15.7250,47.2751,0.0722
15.7750,47.2751,0.0752
15.8250,47.2751,0.0692
15.8750,47.2751,0.0692
15.9250,47.2751,0.0651
15.9750,47.2751,0.0654
16.0250,47.2751,0.0612
16.0750,47.2751,0.0622
16.1250,47.2751,0.0621
16.1750,47.2751,0.0570
16.2250,47.2751,0.0568
16.2750,47.2751,0.0537
16.3250,47.2751,0.0546
16.3750,47.2751,0.0512
16.4250,47.2751,0.0512
16.4750,47.2751,0.0486
16.5250,47.2751,0.0488
16.5750,47.2751,0.0463
16.6250,47.2751,0.0478
16.6750,47.2751,0.0478
16.7250,47.2751,0.0462
16.7750,47.2751,0.0471
16.8250,47.2751,0.0450
16.8750,47.2751,0.0472
16.9250,47.2751,0.0460
16.9750,47.2751,0.0460
17.0250,47.2751,0.0459
17.0750,47.2751,0.0469
17.1250,47.2751,0.0466
17.1750,47.2751,0.0486
17.2250,47.2751,0.0486
17.2750,47.2751,0.0498
17.3250,47.2751,0.0526
17.3750,47.2751,0.0515
17.4250,47.2751,0.0542
17.4750,47.2751,0.0565
9.5250,47.2252,0.0832
9.5750,47.2252,0.0857
9.6250,47.2252,0.0857
9.6750,47.2252,0.0851
9.7250,47.2252,0.0850
9.7750,47.2252,0.0852
9.8250,47.2252,0.0815
9.8750,47.2252,0.0860
9.9250,47.2252,0.0836
9.9750,47.2252,0.0894
10.0250,47.2252,0.0894
10.0750,47.2252,0.0989
10.1250,47.2252,0.0965
10.1750,47.2252,0.0940
10.2250,47.2252,0.1125
10.2750,47.2252,0.1049
10.3250,47.2252,0.1050
10.3750,47.2252,0.1064
10.4250,47.2252,0.1061
10.4750,47.2252,0.0889
10.5250,47.2252,0.0868
10.5750,47.2252,0.0867
10.6250,47.2252,0.0956
10.6750,47.2252,0.1042
10.7250,47.2252,0.1042
10.7750,47.2252,0.1062
10.8250,47.2252,0.0939
10.8750,47.2252,0.0937
10.9250,47.2252,0.0914
10.9750,47.2252,0.0926
11.0250,47.2252,0.0954
11.0750,47.2252,0.1015
11.1250,47.2252,0.1015
11.1750,47.2252,0.1024
11.2250,47.2252,0.0960
11.2750,47.2252,0.0959
11.3250,47.2252,0.1115
11.3750,47.2252,0.1249
11.4250,47.2252,0.1249
11.4750,47.2252,0.1195
11.5250,47.2252,0.1214
11.5750,47.2252,0.1237
11.6250,47.2252,0.1104
11.6750,47.2252,0.1078
11.7250,47.2252,0.1149
11.7750,47.2252,0.0887
11.8250,47.2252,0.0887
11.8750,47.2252,0.0769
11.9250,47.2252,0.0710
11.9750,47.2252,0.0698
12.0250,47.2252,0.0673
12.0750,47.2252,0.0640
12.1250,47.2252,0.0640
12.1750,47.2252,0.0616
12.2250,47.2252,0.0616
12.2750,47.2252,0.0591
12.3250,47.2252,0.0551
12.3750,47.2252,0.0575
12.4250,47.2252,0.0544
12.4750,47.2252,0.0540
12.5250,47.2252,0.0540
12.5750,47.2252,0.0540
12.6250,47.2252,0.0522
12.6750,47.2252,0.0541
12.7250,47.2252,0.0526
12.7750,47.2252,0.0540
12.8250,47.2252,0.0540
12.8750,47.2252,0.0572
12.9250,47.2252,0.0572
12.9750,47.2252,0.0602
13.0250,47.2252,0.0541
13.0750,47.2252,0.0593
13.1250,47.2252,0.0552
13.1750,47.2252,0.0589
13.2250,47.2252,0.0589
13.2750,47.2252,0.0641
13.3250,47.2252,0.0635
13.3750,47.2252,0.0627
13.4250,47.2252,0.0647
13.4750,47.2252,0.0647
13.5250,47.2252,0.0667
13.5750,47.2252,0.0650
13.6250,47.2252,0.0678
13.6750,47.2252,0.0657
13.7250,47.2252,0.0678
13.7750,47.2252,0.0678
13.8250,47.2252,0.0694
13.8750,47.2252,0.0694
13.9250,47.2252,0.0722
13.9750,47.2252,0.0722
14.0250,47.2252,0.0762
14.0750,47.2252,0.0790
14.1250,47.2252,0.0855
14.1750,47.2252,0.0855
14.2250,47.2252,0.0901
14.2750,47.2252,0.0987
14.3250,47.2252,0.0987
14.3750,47.2252,0.1142
14.4250,47.2252,0.1232
14.4750,47.2252,0.1290
14.5250,47.2252,0.1309
14.5750,47.2252,0.1325
14.6250,47.2252,0.1389
14.6750,47.2252,0.1413
14.7250,47.2252,0.1413
14.7750,47.2252,0.1660
14.8250,47.2252,0.1557
14.8750,47.2252,0.1417
14.9250,47.2252,0.1759
14.9750,47.2252,0.1530
15.0250,47.2252,0.1529
15.0750,47.2252,0.1292
15.1250,47.2252,0.1291
15.1750,47.2252,0.1189
15.2250,47.2252,0.1028
15.2750,47.2252,0.1028
15.3250,47.2252,0.0901
15.3750,47.2252,0.0896
15.4250,47.2252,0.0821
15.4750,47.2252,0.0849
15.5250,47.2252,0.0790
15.5750,47.2252,0.0790
15.6250,47.2252,0.0715
15.6750,47.2252,0.0715
15.7250,47.2252,0.0670
15.7750,47.2252,0.0689
15.8250,47.2252,0.0689
15.8750,47.2252,0.0649
15.9250,47.2252,0.0614
15.9750,47.2252,0.0599
16.0250,47.2252,0.0610
16.0750,47.2252,0.0565
16.1250,47.2252,0.0565
16.1750,47.2252,0.0533
16.2250,47.2252,0.0533
16.2750,47.2252,0.0507
16.3250,47.2252,0.0504
16.3750,47.2252,0.0504
16.4250,47.2252,0.0478
16.4750,47.2252,0.0454
16.5250,47.2252,0.0450
16.5750,47.2252,0.0462
16.6250,47.2252,0.0442
16.6750,47.2252,0.0442
16.7250,47.2252,0.0427
16.7750,47.2252,0.0428
16.8250,47.2252,0.0418
16.8750,47.2252,0.0440
16.9250,47.2252,0.0440
16.9750,47.2252,0.0437
17.0250,47.2252,0.0443
17.0750,47.2252,0.0437
17.1250,47.2252,0.0462
17.1750,47.2252,0.0472
17.2250,47.2252,0.0472
17.2750,47.2252,0.0486
17.3250,47.2252,0.0490
17.3750,47.2252,0.0501
17.4250,47.2252,0.0532
17.4750,47.2252,0.0532
9.5250,47.1752,0.0835
9.5750,47.1752,0.0837
9.6250,47.1752,0.0838
9.6750,47.1752,0.0843
9.7250,47.1752,0.0843
9.7750,47.1752,0.0852
9.8250,47.1752,0.0856
9.8750,47.1752,0.0894
9.9250,47.1752,0.0865
9.9750,47.1752,0.0882
10.0250,47.1752,0.0882
10.0750,47.1752,0.0884
10.1250,47.1752,0.0884
10.1750,47.1752,0.0872
10.2250,47.1752,0.0920
10.2750,47.1752,0.0856
10.3250,47.1752,0.0883
10.3750,47.1752,0.0852
10.4250,47.1752,0.0852
10.4750,47.1752,0.0827
10.5250,47.1752,0.0828
10.5750,47.1752,0.0843
10.6250,47.1752,0.0956
10.6750,47.1752,0.1003
10.7250,47.1752,0.0936
10.7750,47.1752,0.0941
10.8250,47.1752,0.0941
10.8750,47.1752,0.0809
10.9250,47.1752,0.0902
10.9750,47.1752,0.0715
11.0250,47.1752,0.0839
11.0750,47.1752,0.0798
11.1250,47.1752,0.0799
11.1750,47.1752,0.0793
11.2250,47.1752,0.0793
11.2750,47.1752,0.0829
11.3250,47.1752,0.1054
11.3750,47.1752,0.0994
11.4250,47.1752,0.1145
11.4750,47.1752,0.1124
11.5250,47.1752,0.1124
11.5750,47.1752,0.1121
11.6250,47.1752,0.1084
11.6750,47.1752,0.0898
11.7250,47.1752,0.0908
11.7750,47.1752,0.0782
11.8250,47.1752,0.0771
11.8750,47.1752,0.0707
11.9250,47.1752,0.0707
11.9750,47.1752,0.0687
12.0250,47.1752,0.0663
12.0750,47.1752,0.0675
12.1250,47.1752,0.0636
12.1750,47.1752,0.0621
12.2250,47.1752,0.0621
12.2750,47.1752,0.0612
12.3250,47.1752,0.0606
12.3750,47.1752,0.0599
12.4250,47.1752,0.0564
12.4750,47.1752,0.0565
12.5250,47.1752,0.0559
12.5750,47.1752,0.0565
12.6250,47.1752,0.0565
12.6750,47.1752,0.0544
12.7250,47.1752,0.0550
12.7750,47.1752,0.0550
12.8250,47.1752,0.0599
12.8750,47.1752,0.0603
12.9250,47.1752,0.0640
12.9750,47.1752,0.0602
13.0250,47.1752,0.0657
13.0750,47.1752,0.0618
13.1250,47.1752,0.0646
13.1750,47.1752,0.0646
13.2250,47.1752,0.0667
13.2750,47.1752,0.0641
13.3250,47.1752,0.0698
13.3750,47.1752,0.0679
13.4250,47.1752,0.0684
13.4750,47.1752,0.0684
13.5250,47.1752,0.0699
13.5750,47.1752,0.0699
13.6250,47.1752,0.0711
13.6750,47.1752,0.0689
13.7250,47.1752,0.0694
13.7750,47.1752,0.0706
13.8250,47.1752,0.0715
13.8750,47.1752,0.0715
13.9250,47.1752,0.0737
13.9750,47.1752,0.0760
14.0250,47.1752,0.0760
14.0750,47.1752,0.0804
14.1250,47.1752,0.0804
14.1750,47.1752,0.0865
14.2250,47.1752,0.0901
14.2750,47.1752,0.0919
14.3250,47.1752,0.0985
14.3750,47.1752,0.1075
14.4250,47.1752,0.1075
14.4750,47.1752,0.1171
14.5250,47.1752,0.1323
14.5750,47.1752,0.1423
14.6250,47.1752,0.1339
14.6750,47.1752,0.1411
14.7250,47.1752,0.1432
14.7750,47.1752,0.1292
14.8250,47.1752,0.1290
14.8750,47.1752,0.1417
14.9250,47.1752,0.1253
14.9750,47.1752,0.1253
15.0250,47.1752,0.1122
15.0750,47.1752,0.1279
15.1250,47.1752,0.0967
15.1750,47.1752,0.0981
15.2250,47.1752,0.0865
15.2750,47.1752,0.0865
15.3250,47.1752,0.0790
15.3750,47.1752,0.0790
15.4250,47.1752,0.0728
15.4750,47.1752,0.0740
15.5250,47.1752,0.0740
15.5750,47.1752,0.0691
15.6250,47.1752,0.0672
15.6750,47.1752,0.0656
15.7250,47.1752,0.0670
15.7750,47.1752,0.0624
15.8250,47.1752,0.0624
15.8750,47.1752,0.0580
15.9250,47.1752,0.0580
15.9750,47.1752,0.0544
16.0250,47.1752,0.0548
16.0750,47.1752,0.0547
16.1250,47.1752,0.0523
16.1750,47.1752,0.0501
16.2250,47.1752,0.0500
16.2750,47.1752,0.0507
16.3250,47.1752,0.0467
16.3750,47.1752,0.0467
16.4250,47.1752,0.0441
16.4750,47.1752,0.0441
16.5250,47.1752,0.0419
16.5750,47.1752,0.0426
16.6250,47.1752,0.0425
16.6750,47.1752,0.0414
16.7250,47.1752,0.0408
16.7750,47.1752,0.0408
16.8250,47.1752,0.0418
16.8750,47.1752,0.0417
16.9250,47.1752,0.0417
16.9750,47.1752,0.0417
17.0250,47.1752,0.0417
17.0750,47.1752,0.0419
17.1250,47.1752,0.0442
17.1750,47.1752,0.0441
17.2250,47.1752,0.0451
17.2750,47.1752,0.0469
17.3250,47.1752,0.0466
17.3750,47.1752,0.0499
17.4250,47.1752,0.0515
17.4750,47.1752,0.0515
9.5250,47.1252,0.0860
9.5750,47.1252,0.0884
9.6250,47.1252,0.0881
9.6750,47.1252,0.0881
9.7250,47.1252,0.0886
9.7750,47.1252,0.0852
9.8250,47.1252,0.0866
9.8750,47.1252,0.0895
9.9250,47.1252,0.0900
9.9750,47.1252,0.0900
10.0250,47.1252,0.0890
10.0750,47.1252,0.0890
10.1250,47.1252,0.0870
10.1750,47.1252,0.0870
10.2250,47.1252,0.0827
10.2750,47.1252,0.0856
10.3250,47.1252,0.0834
10.3750,47.1252,0.0834
10.4250,47.1252,0.0799
10.4750,47.1252,0.0779
10.5250,47.1252,0.0766
10.5750,47.1252,0.0840
10.6250,47.1252,0.0956
10.6750,47.1252,0.1005
10.7250,47.1252,0.0916
10.7750,47.1252,0.0916
10.8250,47.1252,0.0859
10.8750,47.1252,0.0717
10.9250,47.1252,0.0695
10.9750,47.1252,0.0715
11.0250,47.1252,0.0697
11.0750,47.1252,0.0697
11.1250,47.1252,0.0696
11.1750,47.1252,0.0708
11.2250,47.1252,0.0711
11.2750,47.1252,0.0821
11.3250,47.1252,0.0806
11.3750,47.1252,0.0993
11.4250,47.1252,0.1207
11.4750,47.1252,0.1207
11.5250,47.1252,0.1136
11.5750,47.1252,0.1026
11.6250,47.1252,0.0971
11.6750,47.1252,0.0898
11.7250,47.1252,0.0813
11.7750,47.1252,0.0813
11.8250,47.1252,0.0766
11.8750,47.1252,0.0765
11.9250,47.1252,0.0737
11.9750,47.1252,0.0688
12.0250,47.1252,0.0724
12.0750,47.1252,0.0678
12.1250,47.1252,0.0671
12.1750,47.1252,0.0671
12.2250,47.1252,0.0671
12.2750,47.1252,0.0613
12.3250,47.1252,0.0670
12.3750,47.1252,0.0611
12.4250,47.1252,0.0615
12.4750,47.1252,0.0615
12.5250,47.1252,0.0623
12.5750,47.1252,0.0623
12.6250,47.1252,0.0640
12.6750,47.1252,0.0579
12.7250,47.1252,0.0652
12.7750,47.1252,0.0607
12.8250,47.1252,0.0647
12.8750,47.1252,0.0647
12.9250,47.1252,0.0668
12.9750,47.1252,0.0658
13.0250,47.1252,0.0691
13.0750,47.1252,0.0667
13.1250,47.1252,0.0680
13.1750,47.1252,0.0690
13.2250,47.1252,0.0710
13.2750,47.1252,0.0710
13.3250,47.1252,0.0702
13.3750,47.1252,0.0704
13.4250,47.1252,0.0705
13.4750,47.1252,0.0742
13.5250,47.1252,0.0741
13.5750,47.1252,0.0754
13.6250,47.1252,0.0711
13.6750,47.1252,0.0725
13.7250,47.1252,0.0719
13.7750,47.1252,0.0755
13.8250,47.1252,0.0755
13.8750,47.1252,0.0775
13.9250,47.1252,0.0750
13.9750,47.1252,0.0793
14.0250,47.1252,0.0802
14.0750,47.1252,0.0846
14.1250,47.1252,0.0846
14.1750,47.1252,0.0904
14.2250,47.1252,0.0914
14.2750,47.1252,0.0926
14.3250,47.1252,0.1019
14.3750,47.1252,0.1019
14.4250,47.1252,0.1114
14.4750,47.1252,0.1160
14.5250,47.1252,0.1154
14.5750,47.1252,0.1424
14.6250,47.1252,0.1438
14.6750,47.1252,0.1438
14.7250,47.1252,0.1406
14.7750,47.1252,0.1351
14.8250,47.1252,0.1253
14.8750,47.1252,0.1194
14.9250,47.1252,0.1113
14.9750,47.1252,0.1102
15.0250,47.1252,0.0962
15.0750,47.1252,0.0962
15.1250,47.1252,0.0883
15.1750,47.1252,0.0876
15.2250,47.1252,0.0876
15.2750,47.1252,0.0805
15.3250,47.1252,0.0771
15.3750,47.1252,0.0723
15.4250,47.1252,0.0726
15.4750,47.1252,0.0688
15.5250,47.1252,0.0690
15.5750,47.1252,0.0654
15.6250,47.1252,0.0654
15.6750,47.1252,0.0613
15.7250,47.1252,0.0620
15.7750,47.1252,0.0617
15.8250,47.1252,0.0581
15.8750,47.1252,0.0546
15.9250,47.1252,0.0544
15.9750,47.1252,0.0544
16.0250,47.1252,0.0524
16.0750,47.1252,0.0524
16.1250,47.1252,0.0502
16.1750,47.1252,0.0502
16.2250,47.1252,0.0480
16.2750,47.1252,0.0463
16.3250,47.1252,0.0455
16.3750,47.1252,0.0439
16.4250,47.1252,0.0420
16.4750,47.1252,0.0420
16.5250,47.1252,0.0419
16.5750,47.1252,0.0410
16.6250,47.1252,0.0410
16.6750,47.1252,0.0404
16.7250,47.1252,0.0404
16.7750,47.1252,0.0399
16.8250,47.1252,0.0406
16.8750,47.1252,0.0404
16.9250,47.1252,0.0408
16.9750,47.1252,0.0408
17.0250,47.1252,0.0408
17.0750,47.1252,0.0419
17.1250,47.1252,0.0421
17.1750,47.1252,0.0421
17.2250,47.1252,0.0431
17.2750,47.1252,0.0431
17.3250,47.1252,0.0445
17.3750,47.1252,0.0481
17.4250,47.1252,0.0481
17.4750,47.1252,0.0503
9.5250,47.0752,0.0860
9.5750,47.0752,0.0867
9.6250,47.0752,0.0867
9.6750,47.0752,0.0865
9.7250,47.0752,0.0871
9.7750,47.0752,0.0871
9.8250,47.0752,0.0854
9.8750,47.0752,0.0877
9.9250,47.0752,0.0879
9.9750,47.0752,0.0880
10.0250,47.0752,0.0875
10.0750,47.0752,0.0875
10.1250,47.0752,0.0842
10.1750,47.0752,0.0841
10.2250,47.0752,0.0793
10.2750,47.0752,0.0781
10.3250,47.0752,0.0764
10.3750,47.0752,0.0743
10.4250,47.0752,0.0713
10.4750,47.0752,0.0713
10.5250,47.0752,0.0701
10.5750,47.0752,0.0774
10.6250,47.0752,0.0695
10.6750,47.0752,0.0778
10.7250,47.0752,0.0720
10.7750,47.0752,0.0720
10.8250,47.0752,0.0677
10.8750,47.0752,0.0677
10.9250,47.0752,0.0640
10.9750,47.0752,0.0654
11.0250,47.0752,0.0628
11.0750,47.0752,0.0645
11.1250,47.0752,0.0657
11.1750,47.0752,0.0657
11.2250,47.0752,0.0695
11.2750,47.0752,0.0792
11.3250,47.0752,0.0815
11.3750,47.0752,0.0977
11.4250,47.0752,0.1058
11.4750,47.0752,0.1059
11.5250,47.0752,0.0932
11.5750,47.0752,0.0932
11.6250,47.0752,0.0862
11.6750,47.0752,0.0859
11.7250,47.0752,0.0839
11.7750,47.0752,0.0803
11.8250,47.0752,0.0792
11.8750,47.0752,0.0792
11.9250,47.0752,0.0781
11.9750,47.0752,0.0739
12.0250,47.0752,0.0765
12.0750,47.0752,0.0726
12.1250,47.0752,0.0725
12.1750,47.0752,0.0712
12.2250,47.0752,0.0716
12.2750,47.0752,0.0716
12.3250,47.0752,0.0712
12.3750,47.0752,0.0675
12.4250,47.0752,0.0675
12.4750,47.0752,0.0684
12.5250,47.0752,0.0681
12.5750,47.0752,0.0681
12.6250,47.0752,0.0667
12.6750,47.0752,0.0682
12.7250,47.0752,0.0652
12.7750,47.0752,0.0672
12.8250,47.0752,0.0672
12.8750,47.0752,0.0692
12.9250,47.0752,0.0671
12.9750,47.0752,0.0701
13.0250,47.0752,0.0692
13.0750,47.0752,0.0707
13.1250,47.0752,0.0707
13.1750,47.0752,0.0742
13.2250,47.0752,0.0741
13.2750,47.0752,0.0789
13.3250,47.0752,0.0737
13.3750,47.0752,0.0814
13.4250,47.0752,0.0788
13.4750,47.0752,0.0798
13.5250,47.0752,0.0798
13.5750,47.0752,0.0815
13.6250,47.0752,0.0778
13.6750,47.0752,0.0816
13.7250,47.0752,0.0776
13.7750,47.0752,0.0789
13.8250,47.0752,0.0790
13.8750,47.0752,0.0815
13.9250,47.0752,0.0816
13.9750,47.0752,0.0793
14.0250,47.0752,0.0833
14.0750,47.0752,0.0833
14.1250,47.0752,0.0866
14.1750,47.0752,0.0904
14.2250,47.0752,0.0915
14.2750,47.0752,0.0938
14.3250,47.0752,0.0994
14.3750,47.0752,0.0994
14.4250,47.0752,0.1071
14.4750,47.0752,0.1072
14.5250,47.0752,0.1133
14.5750,47.0752,0.1199
14.6250,47.0752,0.1206
14.6750,47.0752,0.1355
14.7250,47.0752,0.1357
14.7750,47.0752,0.1357
14.8250,47.0752,0.1257
14.8750,47.0752,0.1111
14.9250,47.0752,0.1111
14.9750,47.0752,0.0944
15.0250,47.0752,0.0944
15.0750,47.0752,0.0875
15.1250,47.0752,0.0865
15.1750,47.0752,0.0807
15.2250,47.0752,0.0781
15.2750,47.0752,0.0712
15.3250,47.0752,0.0712
15.3750,47.0752,0.0679
15.4250,47.0752,0.0678
15.4750,47.0752,0.0678
15.5250,47.0752,0.0638
15.5750,47.0752,0.0616
15.6250,47.0752,0.0603
15.6750,47.0752,0.0613
15.7250,47.0752,0.0574
15.7750,47.0752,0.0571
15.8250,47.0752,0.0542
15.8750,47.0752,0.0542
15.9250,47.0752,0.0528
15.9750,47.0752,0.0523
16.0250,47.0752,0.0517
16.0750,47.0752,0.0503
16.1250,47.0752,0.0485
16.1750,47.0752,0.0485
16.2250,47.0752,0.0479
16.2750,47.0752,0.0456
16.3250,47.0752,0.0441
16.3750,47.0752,0.0423
16.4250,47.0752,0.0423
16.4750,47.0752,0.0416
16.5250,47.0752,0.0410
16.5750,47.0752,0.0411
16.6250,47.0752,0.0404
16.6750,47.0752,0.0400
16.7250,47.0752,0.0400
16.7750,47.0752,0.0399
16.8250,47.0752,0.0400
16.8750,47.0752,0.0400
16.9250,47.0752,0.0401
16.9750,47.0752,0.0401
17.0250,47.0752,0.0399
17.0750,47.0752,0.0408
17.1250,47.0752,0.0404
17.1750,47.0752,0.0410
17.2250,47.0752,0.0416
17.2750,47.0752,0.0416
17.3250,47.0752,0.0445
17.3750,47.0752,0.0463
17.4250,47.0752,0.0463
17.4750,47.0752,0.0488
9.5250,47.0252,0.0892
9.5750,47.0252,0.0914
9.6250,47.0252,0.0914
9.6750,47.0252,0.0907
9.7250,47.0252,0.0907
9.7750,47.0252,0.0883
9.8250,47.0252,0.0854
9.8750,47.0252,0.0868
9.9250,47.0252,0.0882
9.9750,47.0252,0.0893
10.0250,47.0252,0.0893
10.0750,47.0252,0.0882
10.1250,47.0252,0.0851
10.1750,47.0252,0.0841
10.2250,47.0252,0.0793
10.2750,47.0252,0.0761
10.3250,47.0252,0.0757
10.3750,47.0252,0.0726
10.4250,47.0252,0.0726
10.4750,47.0252,0.0705
10.5250,47.0252,0.0700
10.5750,47.0252,0.0685
10.6250,47.0252,0.0695
10.6750,47.0252,0.0683
10.7250,47.0252,0.0683
10.7750,47.0252,0.0661
10.8250,47.0252,0.0655
10.8750,47.0252,0.0635
10.9250,47.0252,0.0640
10.9750,47.0252,0.0618
11.0250,47.0252,0.0627
11.0750,47.0252,0.0633
11.1250,47.0252,0.0633
11.1750,47.0252,0.0658
11.2250,47.0252,0.0702
11.2750,47.0252,0.0716
11.3250,47.0252,0.0815
11.3750,47.0252,0.1068
11.4250,47.0252,0.1068
11.4750,47.0252,0.0948
11.5250,47.0252,0.0944
11.5750,47.0252,0.0878
11.6250,47.0252,0.0862
11.6750,47.0252,0.0839
11.7250,47.0252,0.0837
11.7750,47.0252,0.0820
11.8250,47.0252,0.0820
11.8750,47.0252,0.0814
11.9250,47.0252,0.0783
11.9750,47.0252,0.0821
12.0250,47.0252,0.0767
12.0750,47.0252,0.0773
12.1250,47.0252,0.0773
12.1750,47.0252,0.0769
12.2250,47.0252,0.0769
12.2750,47.0252,0.0768
12.3250,47.0252,0.0715
12.3750,47.0252,0.0783
12.4250,47.0252,0.0712
12.4750,47.0252,0.0722
12.5250,47.0252,0.0722
12.5750,47.0252,0.0725
12.6250,47.0252,0.0692
12.6750,47.0252,0.0734
12.7250,47.0252,0.0699
12.7750,47.0252,0.0706
12.8250,47.0252,0.0706
12.8750,47.0252,0.0736
12.9250,47.0252,0.0736
12.9750,47.0252,0.0765
13.0250,47.0252,0.0728
13.0750,47.0252,0.0733
13.1250,47.0252,0.0769
13.1750,47.0252,0.0808
13.2250,47.0252,0.0808
13.2750,47.0252,0.0839
13.3250,47.0252,0.0820
13.3750,47.0252,0.0820
13.4250,47.0252,0.0857
13.4750,47.0252,0.0857
13.5250,47.0252,0.0877
13.5750,47.0252,0.0816
13.6250,47.0252,0.0895
13.6750,47.0252,0.0844
13.7250,47.0252,0.0856
13.7750,47.0252,0.0856
13.8250,47.0252,0.0854
13.8750,47.0252,0.0817
13.9250,47.0252,0.0870
13.9750,47.0252,0.0844
14.0250,47.0252,0.0891
14.0750,47.0252,0.0891
14.1250,47.0252,0.0926
14.1750,47.0252,0.0926
14.2250,47.0252,0.0949
14.2750,47.0252,0.1010
14.3250,47.0252,0.1010
14.3750,47.0252,0.1082
14.4250,47.0252,0.1125
14.4750,47.0252,0.1128
14.5250,47.0252,0.1133
14.5750,47.0252,0.1220
14.6250,47.0252,0.1220
14.6750,47.0252,0.1378
14.7250,47.0252,0.1378
14.7750,47.0252,0.1328
14.8250,47.0252,0.1305
14.8750,47.0252,0.1230
14.9250,47.0252,0.1079
14.9750,47.0252,0.0924
15.0250,47.0252,0.0924
15.0750,47.0252,0.0843
15.1250,47.0252,0.0809
15.1750,47.0252,0.0809
15.2250,47.0252,0.0737
15.2750,47.0252,0.0736
15.3250,47.0252,0.0691
15.3750,47.0252,0.0679
15.4250,47.0252,0.0655
15.4750,47.0252,0.0648
15.5250,47.0252,0.0616
15.5750,47.0252,0.0616
15.6250,47.0252,0.0584
15.6750,47.0252,0.0574
15.7250,47.0252,0.0563
15.7750,47.0252,0.0549
15.8250,47.0252,0.0540
15.8750,47.0252,0.0537
15.9250,47.0252,0.0527
15.9750,47.0252,0.0526
16.0250,47.0252,0.0513
16.0750,47.0252,0.0499
16.1250,47.0252,0.0499
16.1750,47.0252,0.0488
16.2250,47.0252,0.0471
16.2750,47.0252,0.0462
16.3250,47.0252,0.0439
16.3750,47.0252,0.0431
16.4250,47.0252,0.0431
16.4750,47.0252,0.0425
16.5250,47.0252,0.0425
16.5750,47.0252,0.0411
16.6250,47.0252,0.0408
16.6750,47.0252,0.0408
16.7250,47.0252,0.0406
16.7750,47.0252,0.0398
16.8250,47.0252,0.0405
16.8750,47.0252,0.0399
16.9250,47.0252,0.0397
16.9750,47.0252,0.0397
17.0250,47.0252,0.0397
17.0750,47.0252,0.0399
17.1250,47.0252,0.0400
17.1750,47.0252,0.0403
17.2250,47.0252,0.0403
17.2750,47.0252,0.0410
17.3250,47.0252,0.0428
17.3750,47.0252,0.0423
17.4250,47.0252,0.0451
17.4750,47.0252,0.0479
9.5250,46.9752,0.0880
9.5750,46.9752,0.0880
9.6250,46.9752,0.0890
9.6750,46.9752,0.0896
9.7250,46.9752,0.0903
9.7750,46.9752,0.0927
9.8250,46.9752,0.0931
9.8750,46.9752,0.0874
9.9250,46.9752,0.0882
9.9750,46.9752,0.0883
10.0250,46.9752,0.0892
10.0750,46.9752,0.0898
10.1250,46.9752,0.0898
10.1750,46.9752,0.0904
10.2250,46.9752,0.0790
10.2750,46.9752,0.0823
10.3250,46.9752,0.0741
10.3750,46.9752,0.0713
10.4250,46.9752,0.0712
10.4750,46.9752,0.0699
10.5250,46.9752,0.0699
10.5750,46.9752,0.0688
10.6250,46.9752,0.0665
10.6750,46.9752,0.0671
10.7250,46.9752,0.0646
10.7750,46.9752,0.0629
10.8250,46.9752,0.0629
10.8750,46.9752,0.0617
10.9250,46.9752,0.0615
10.9750,46.9752,0.0612
11.0250,46.9752,0.0609
11.0750,46.9752,0.0618
11.1250,46.9752,0.0618
11.1750,46.9752,0.0655
11.2250,46.9752,0.0655
11.2750,46.9752,0.0720
11.3250,46.9752,0.0822
11.3750,46.9752,0.0788
11.4250,46.9752,0.0876
11.4750,46.9752,0.0837
11.5250,46.9752,0.0837
11.5750,46.9752,0.0830
11.6250,46.9752,0.0839
11.6750,46.9752,0.0834
11.7250,46.9752,0.0829
11.7750,46.9752,0.0832
11.8250,46.9752,0.0832
11.8750,46.9752,0.0824
11.9250,46.9752,0.0824
11.9750,46.9752,0.0843
12.0250,46.9752,0.0806
12.0750,46.9752,0.0809
12.1250,46.9752,0.0809
12.1750,46.9752,0.0819
12.2250,46.9752,0.0819
12.2750,46.9752,0.0818
12.3250,46.9752,0.0790
12.3750,46.9752,0.0784
12.4250,46.9752,0.0774
12.4750,46.9752,0.0774
12.5250,46.9752,0.0783
12.5750,46.9752,0.0778
12.6250,46.9752,0.0791
12.6750,46.9752,0.0734
12.7250,46.9752,0.0765
12.7750,46.9752,0.0765
12.8250,46.9752,0.0770
12.8750,46.9752,0.0763
12.9250,46.9752,0.0800
12.9750,46.9752,0.0765
13.0250,46.9752,0.0810
13.0750,46.9752,0.0801
13.1250,46.9752,0.0847
13.1750,46.9752,0.0847
13.2250,46.9752,0.0873
13.2750,46.9752,0.0861
13.3250,46.9752,0.0916
13.3750,46.9752,0.0887
13.4250,46.9752,0.0910
13.4750,46.9752,0.0910
13.5250,46.9752,0.0938
13.5750,46.9752,0.0916
13.6250,46.9752,0.0945
13.6750,46.9752,0.0881
13.7250,46.9752,0.0884
13.7750,46.9752,0.0892
13.8250,46.9752,0.0899
13.8750,46.9752,0.0899
13.9250,46.9752,0.0871
13.9750,46.9752,0.0880
14.0250,46.9752,0.0880
14.0750,46.9752,0.0906
14.1250,46.9752,0.0922
14.1750,46.9752,0.0970
14.2250,46.9752,0.0950
14.2750,46.9752,0.1014
14.3250,46.9752,0.1005
14.3750,46.9752,0.1047
14.4250,46.9752,0.1047
14.4750,46.9752,0.1103
14.5250,46.9752,0.1139
14.5750,46.9752,0.1160
14.6250,46.9752,0.1169
14.6750,46.9752,0.1323
14.7250,46.9752,0.1323
14.7750,46.9752,0.1276
14.8250,46.9752,0.1234
14.8750,46.9752,0.1229
14.9250,46.9752,0.1010
14.9750,46.9752,0.1010
15.0250,46.9752,0.0895
15.0750,46.9752,0.0843
15.1250,46.9752,0.0823
15.1750,46.9752,0.0760
15.2250,46.9752,0.0702
15.2750,46.9752,0.0702
15.3250,46.9752,0.0671
15.3750,46.9752,0.0656
15.4250,46.9752,0.0651
15.4750,46.9752,0.0624
15.5250,46.9752,0.0622
15.5750,46.9752,0.0599
15.6250,46.9752,0.0584
15.6750,46.9752,0.0581
15.7250,46.9752,0.0558
15.7750,46.9752,0.0545
15.8250,46.9752,0.0545
15.8750,46.9752,0.0540
15.9250,46.9752,0.0526
15.9750,46.9752,0.0537
16.0250,46.9752,0.0515
16.0750,46.9752,0.0509
16.1250,46.9752,0.0508
16.1750,46.9752,0.0504
16.2250,46.9752,0.0504
16.2750,46.9752,0.0462
16.3250,46.9752,0.0460
16.3750,46.9752,0.0460
16.4250,46.9752,0.0463
16.4750,46.9752,0.0427
16.5250,46.9752,0.0471
16.5750,46.9752,0.0426
16.6250,46.9752,0.0425
16.6750,46.9752,0.0425
16.7250,46.9752,0.0427
16.7750,46.9752,0.0427
16.8250,46.9752,0.0406
16.8750,46.9752,0.0404
16.9250,46.9752,0.0404
16.9750,46.9752,0.0398
17.0250,46.9752,0.0395
17.0750,46.9752,0.0394
17.1250,46.9752,0.0396
17.1750,46.9752,0.0399
17.2250,46.9752,0.0399
17.2750,46.9752,0.0407
17.3250,46.9752,0.0415
17.3750,46.9752,0.0419
17.4250,46.9752,0.0438
17.4750,46.9752,0.0438
9.5250,46.9252,0.1014
9.5750,46.9252,0.0998
9.6250,46.9252,0.1076
9.6750,46.9252,0.1076
9.7250,46.9252,0.1048
9.7750,46.9252,0.0968
9.8250,46.9252,0.1048
9.8750,46.9252,0.0987
9.9250,46.9252,0.1035
9.9750,46.9252,0.1029
10.0250,46.9252,0.1091
10.0750,46.9252,0.1091
10.1250,46.9252,0.1034
10.1750,46.9252,0.0904
10.2250,46.9252,0.0975
10.2750,46.9252,0.0849
10.3250,46.9252,0.0798
10.3750,46.9252,0.0798
10.4250,46.9252,0.0753
10.4750,46.9252,0.0742
10.5250,46.9252,0.0715
10.5750,46.9252,0.0688
10.6250,46.9252,0.0687
10.6750,46.9252,0.0674
10.7250,46.9252,0.0654
10.7750,46.9252,0.0654
10.8250,46.9252,0.0635
10.8750,46.9252,0.0617
10.9250,46.9252,0.0619
10.9750,46.9252,0.0612
11.0250,46.9252,0.0613
11.0750,46.9252,0.0613
11.1250,46.9252,0.0626
11.1750,46.9252,0.0629
11.2250,46.9252,0.0663
11.2750,46.9252,0.0720
11.3250,46.9252,0.0724
11.3750,46.9252,0.0779
11.4250,46.9252,0.0816
11.4750,46.9252,0.0816
11.5250,46.9252,0.0819
11.5750,46.9252,0.0830
11.6250,46.9252,0.0823
11.6750,46.9252,0.0834
11.7250,46.9252,0.0840
11.7750,46.9252,0.0840
11.8250,46.9252,0.0866
11.8750,46.9252,0.0865
11.9250,46.9252,0.0871
11.9750,46.9252,0.0843
12.0250,46.9252,0.0878
12.0750,46.9252,0.0855
12.1250,46.9252,0.0863
12.1750,46.9252,0.0863
12.2250,46.9252,0.0884
12.2750,46.9252,0.0819
12.3250,46.9252,0.0883
12.3750,46.9252,0.0837
12.4250,46.9252,0.0847
12.4750,46.9252,0.0847
12.5250,46.9252,0.0848
12.5750,46.9252,0.0847
12.6250,46.9252,0.0870
12.6750,46.9252,0.0799
12.7250,46.9252,0.0853
12.7750,46.9252,0.0824
12.8250,46.9252,0.0850
12.8750,46.9252,0.0850
12.9250,46.9252,0.0873
12.9750,46.9252,0.0835
13.0250,46.9252,0.0848
13.0750,46.9252,0.0868
13.1250,46.9252,0.0911
13.1750,46.9252,0.0917
13.2250,46.9252,0.0960
13.2750,46.9252,0.0964
13.3250,46.9252,0.0916
13.3750,46.9252,0.0979
13.4250,46.9252,0.0979
13.4750,46.9252,0.1026
13.5250,46.9252,0.0957
13.5750,46.9252,0.1069
13.6250,46.9252,0.0947
13.6750,46.9252,0.0985
13.7250,46.9252,0.0985
13.7750,46.9252,0.1001
13.8250,46.9252,0.1000
13.8750,46.9252,0.0982
13.9250,46.9252,0.0923
13.9750,46.9252,0.0977
14.0250,46.9252,0.0966
14.0750,46.9252,0.1000
14.1250,46.9252,0.1000
14.1750,46.9252,0.1047
14.2250,46.9252,0.1044
14.2750,46.9252,0.1045
14.3250,46.9252,0.1103
14.3750,46.9252,0.1117
14.4250,46.9252,0.1126
14.4750,46.9252,0.1103
14.5250,46.9252,0.1111
14.5750,46.9252,0.1168
14.6250,46.9252,0.1173
14.6750,46.9252,0.1173
14.7250,46.9252,0.1184
14.7750,46.9252,0.1271
14.8250,46.9252,0.1284
14.8750,46.9252,0.1197
14.9250,46.9252,0.1096
14.9750,46.9252,0.1096
15.0250,46.9252,0.0924
15.0750,46.9252,0.0910
15.1250,46.9252,0.0823
15.1750,46.9252,0.0753
15.2250,46.9252,0.0753
15.2750,46.9252,0.0704
15.3250,46.9252,0.0672
15.3750,46.9252,0.0677
15.4250,46.9252,0.0647
15.4750,46.9252,0.0628
15.5250,46.9252,0.0628
15.5750,46.9252,0.0612
15.6250,46.9252,0.0596
15.6750,46.9252,0.0603
15.7250,46.9252,0.0572
15.7750,46.9252,0.0573
15.8250,46.9252,0.0569
15.8750,46.9252,0.0567
15.9250,46.9252,0.0568
15.9750,46.9252,0.0537
16.0250,46.9252,0.0534
16.0750,46.9252,0.0534
16.1250,46.9252,0.0532
16.1750,46.9252,0.0506
16.2250,46.9252,0.0533
16.2750,46.9252,0.0491
16.3250,46.9252,0.0503
16.3750,46.9252,0.0504
16.4250,46.9252,0.0521
16.4750,46.9252,0.0521
16.5250,46.9252,0.0471
16.5750,46.9252,0.0477
16.6250,46.9252,0.0477
16.6750,46.9252,0.0484
16.7250,46.9252,0.0428
16.7750,46.9252,0.0483
16.8250,46.9252,0.0425
16.8750,46.9252,0.0414
16.9250,46.9252,0.0414
16.9750,46.9252,0.0404
17.0250,46.9252,0.0404
17.0750,46.9252,0.0394
17.1250,46.9252,0.0394
17.1750,46.9252,0.0394
17.2250,46.9252,0.0398
17.2750,46.9252,0.0406
17.3250,46.9252,0.0403
17.3750,46.9252,0.0414
17.4250,46.9252,0.0426
17.4750,46.9252,0.0426
9.5250,46.8752,0.1021
9.5750,46.8752,0.0997
9.6250,46.8752,0.0997
9.6750,46.8752,0.1026
9.7250,46.8752,0.1055
9.7750,46.8752,0.1059
9.8250,46.8752,0.1048
9.8750,46.8752,0.1063
9.9250,46.8752,0.1063
9.9750,46.8752,0.1035
10.0250,46.8752,0.1041
10.0750,46.8752,0.1070
10.1250,46.8752,0.1056
10.1750,46.8752,0.1057
10.2250,46.8752,0.0988
10.2750,46.8752,0.0864
10.3250,46.8752,0.0865
10.3750,46.8752,0.0805
10.4250,46.8752,0.0771
10.4750,46.8752,0.0771
10.5250,46.8752,0.0747
10.5750,46.8752,0.0693
10.6250,46.8752,0.0705
10.6750,46.8752,0.0671
10.7250,46.8752,0.0656
10.7750,46.8752,0.0653
10.8250,46.8752,0.0638
10.8750,46.8752,0.0638
10.9250,46.8752,0.0630
10.9750,46.8752,0.0610
11.0250,46.8752,0.0614
11.0750,46.8752,0.0607
11.1250,46.8752,0.0620
11.1750,46.8752,0.0620
11.2250,46.8752,0.0653
11.2750,46.8752,0.0718
11.3250,46.8752,0.0689
11.3750,46.8752,0.0741
11.4250,46.8752,0.0761
11.4750,46.8752,0.0767
11.5250,46.8752,0.0785
11.5750,46.8752,0.0785
11.6250,46.8752,0.0796
11.6750,46.8752,0.0843
11.7250,46.8752,0.0843
11.7750,46.8752,0.0841
11.8250,46.8752,0.0863
11.8750,46.8752,0.0863
11.9250,46.8752,0.0889
11.9750,46.8752,0.0879
12.0250,46.8752,0.0881
12.0750,46.8752,0.0898
12.1250,46.8752,0.0898
12.1750,46.8752,0.0898
12.2250,46.8752,0.0921
12.2750,46.8752,0.0922
12.3250,46.8752,0.0884
12.3750,46.8752,0.0889
12.4250,46.8752,0.0889
12.4750,46.8752,0.0903
12.5250,46.8752,0.0900
12.5750,46.8752,0.0907
12.6250,46.8752,0.0870
12.6750,46.8752,0.0873
12.7250,46.8752,0.0872
12.7750,46.8752,0.0891
12.8250,46.8752,0.0891
12.8750,46.8752,0.0920
12.9250,46.8752,0.0873
12.9750,46.8752,0.0953
13.0250,46.8752,0.0914
13.0750,46.8752,0.0935
13.1250,46.8752,0.0935
13.1750,46.8752,0.0995
13.2250,46.8752,0.0967
13.2750,46.8752,0.1070
13.3250,46.8752,0.1004
13.3750,46.8752,0.1066
13.4250,46.8752,0.1065
13.4750,46.8752,0.1099
13.5250,46.8752,0.1099
13.5750,46.8752,0.1147
13.6250,46.8752,0.1068
13.6750,46.8752,0.1073
13.7250,46.8752,0.1056
13.7750,46.8752,0.1058
13.8250,46.8752,0.1059
13.8750,46.8752,0.1008
13.9250,46.8752,0.0984
13.9750,46.8752,0.0983
14.0250,46.8752,0.1018
14.0750,46.8752,0.1018
14.1250,46.8752,0.1058
14.1750,46.8752,0.1047
14.2250,46.8752,0.1119
14.2750,46.8752,0.1063
14.3250,46.8752,0.1081
14.3750,46.8752,0.1081
14.4250,46.8752,0.1120
14.4750,46.8752,0.1108
14.5250,46.8752,0.1138
14.5750,46.8752,0.1110
14.6250,46.8752,0.1121
14.6750,46.8752,0.1122
14.7250,46.8752,0.1175
14.7750,46.8752,0.1175
14.8250,46.8752,0.1284
14.8750,46.8752,0.1198
14.9250,46.8752,0.1198
14.9750,46.8752,0.1147
15.0250,46.8752,0.0925
15.0750,46.8752,0.0933
15.1250,46.8752,0.0826
15.1750,46.8752,0.0757
15.2250,46.8752,0.0757
15.2750,46.8752,0.0712
15.3250,46.8752,0.0712
15.3750,46.8752,0.0695
15.4250,46.8752,0.0654
15.4750,46.8752,0.0654
15.5250,46.8752,0.0641
15.5750,46.8752,0.0637
15.6250,46.8752,0.0639
15.6750,46.8752,0.0603
15.7250,46.8752,0.0604
15.7750,46.8752,0.0604
15.8250,46.8752,0.0616
15.8750,46.8752,0.0611
15.9250,46.8752,0.0634
15.9750,46.8752,0.0570
16.0250,46.8752,0.0585
16.0750,46.8752,0.0576
16.1250,46.8752,0.0584
16.1750,46.8752,0.0584
16.2250,46.8752,0.0533
16.2750,46.8752,0.0534
16.3250,46.8752,0.0534
16.3750,46.8752,0.0566
16.4250,46.8752,0.0532
16.4750,46.8752,0.0594
16.5250,46.8752,0.0531
16.5750,46.8752,0.0537
16.6250,46.8752,0.0536
16.6750,46.8752,0.0535
16.7250,46.8752,0.0535
16.7750,46.8752,0.0483
16.8250,46.8752,0.0466
16.8750,46.8752,0.0466
16.9250,46.8752,0.0424
16.9750,46.8752,0.0404
17.0250,46.8752,0.0409
17.0750,46.8752,0.0396
17.1250,46.8752,0.0395
17.1750,46.8752,0.0395
17.2250,46.8752,0.0396
17.2750,46.8752,0.0396
17.3250,46.8752,0.0403
17.3750,46.8752,0.0409
17.4250,46.8752,0.0409
17.4750,46.8752,0.0417
9.5250,46.8252,0.1078
9.5750,46.8252,0.1074
9.6250,46.8252,0.1096
9.6750,46.8252,0.1090
9.7250,46.8252,0.1090
9.7750,46.8252,0.1123
9.8250,46.8252,0.1073
9.8750,46.8252,0.1083
9.9250,46.8252,0.1137
9.9750,46.8252,0.1143
10.0250,46.8252,0.1143
10.0750,46.8252,0.1160
10.1250,46.8252,0.1148
10.1750,46.8252,0.1065
10.2250,46.8252,0.1024
10.2750,46.8252,0.0993
10.3250,46.8252,0.0935
10.3750,46.8252,0.0876
10.4250,46.8252,0.0876
10.4750,46.8252,0.0845
10.5250,46.8252,0.0747
10.5750,46.8252,0.0801
10.6250,46.8252,0.0716
10.6750,46.8252,0.0696
10.7250,46.8252,0.0696
10.7750,46.8252,0.0675
10.8250,46.8252,0.0673
10.8750,46.8252,0.0658
10.9250,46.8252,0.0630
10.9750,46.8252,0.0639
11.0250,46.8252,0.0625
11.0750,46.8252,0.0624
11.1250,46.8252,0.0624
11.1750,46.8252,0.0631
11.2250,46.8252,0.0653
11.2750,46.8252,0.0641
11.3250,46.8252,0.0685
11.3750,46.8252,0.0727
11.4250,46.8252,0.0727
11.4750,46.8252,0.0755
11.5250,46.8252,0.0756
11.5750,46.8252,0.0783
11.6250,46.8252,0.0796
11.6750,46.8252,0.0793
11.7250,46.8252,0.0836
11.7750,46.8252,0.0867
11.8250,46.8252,0.0867
11.8750,46.8252,0.0887
11.9250,46.8252,0.0889
11.9750,46.8252,0.0921
12.0250,46.8252,0.0911
12.0750,46.8252,0.0957
12.1250,46.8252,0.0957
12.1750,46.8252,0.0995
12.2250,46.8252,0.0993
12.2750,46.8252,0.1007
12.3250,46.8252,0.0947
12.3750,46.8252,0.1023
12.4250,46.8252,0.0969
12.4750,46.8252,0.1019
12.5250,46.8252,0.1019
12.5750,46.8252,0.1028
12.6250,46.8252,0.0926
12.6750,46.8252,0.1036
12.7250,46.8252,0.0964
12.7750,46.8252,0.1002
12.8250,46.8252,0.1002
12.8750,46.8252,0.1074
12.9250,46.8252,0.1066
12.9750,46.8252,0.1034
13.0250,46.8252,0.1026
13.0750,46.8252,0.1027
13.1250,46.8252,0.1091
13.1750,46.8252,0.1123
13.2250,46.8252,0.1126
13.2750,46.8252,0.1071
13.3250,46.8252,0.1128
13.3750,46.8252,0.1128
13.4250,46.8252,0.1183
13.4750,46.8252,0.1177
13.5250,46.8252,0.1221
13.5750,46.8252,0.1147
13.6250,46.8252,0.1218
13.6750,46.8252,0.1197
13.7250,46.8252,0.1199
13.7750,46.8252,0.1199
13.8250,46.8252,0.1203
13.8750,46.8252,0.1115
13.9250,46.8252,0.1176
13.9750,46.8252,0.1131
14.0250,46.8252,0.1160
14.0750,46.8252,0.1160
14.1250,46.8252,0.1155
14.1750,46.8252,0.1134
14.2250,46.8252,0.1123
14.2750,46.8252,0.1183
14.3250,46.8252,0.1183
14.3750,46.8252,0.1181
14.4250,46.8252,0.1142
14.4750,46.8252,0.1158
14.5250,46.8252,0.1139
14.5750,46.8252,0.1162
14.6250,46.8252,0.1162
14.6750,46.8252,0.1186
14.7250,46.8252,0.1177
14.7750,46.8252,0.1216
14.8250,46.8252,0.1268
14.8750,46.8252,0.1297
14.9250,46.8252,0.1289
14.9750,46.8252,0.1180
15.0250,46.8252,0.1180
15.0750,46.8252,0.0983
15.1250,46.8252,0.0862
15.1750,46.8252,0.0862
15.2250,46.8252,0.0811
15.2750,46.8252,0.0750
15.3250,46.8252,0.0764
15.3750,46.8252,0.0695
15.4250,46.8252,0.0684
15.4750,46.8252,0.0684
15.5250,46.8252,0.0681
15.5750,46.8252,0.0681
15.6250,46.8252,0.0684
15.6750,46.8252,0.0647
15.7250,46.8252,0.0656
15.7750,46.8252,0.0665
15.8250,46.8252,0.0688
15.8750,46.8252,0.0688
15.9250,46.8252,0.0634
15.9750,46.8252,0.0650
16.0250,46.8252,0.0650
16.0750,46.8252,0.0661
16.1250,46.8252,0.0659
16.1750,46.8252,0.0671
16.2250,46.8252,0.0587
16.2750,46.8252,0.0642
16.3250,46.8252,0.0616
16.3750,46.8252,0.0644
16.4250,46.8252,0.0644
16.4750,46.8252,0.0600
16.5250,46.8252,0.0601
16.5750,46.8252,0.0601
16.6250,46.8252,0.0588
16.6750,46.8252,0.0557
16.7250,46.8252,0.0550
16.7750,46.8252,0.0517
16.8250,46.8252,0.0478
16.8750,46.8252,0.0476
16.9250,46.8252,0.0431
16.9750,46.8252,0.0431
17.0250,46.8252,0.0409
17.0750,46.8252,0.0402
17.1250,46.8252,0.0402
17.1750,46.8252,0.0397
17.2250,46.8252,0.0396
17.2750,46.8252,0.0397
17.3250,46.8252,0.0401
17.3750,46.8252,0.0406
17.4250,46.8252,0.0406
17.4750,46.8252,0.0410
9.5250,46.7752,0.1013
9.5750,46.7752,0.1012
9.6250,46.7752,0.1044
9.6750,46.7752,0.1044
9.7250,46.7752,0.1051
9.7750,46.7752,0.1123
9.8250,46.7752,0.1112
9.8750,46.7752,0.1083
9.9250,46.7752,0.1093
9.9750,46.7752,0.1093
10.0250,46.7752,0.1082
10.0750,46.7752,0.1095
10.1250,46.7752,0.1086
10.1750,46.7752,0.1066
10.2250,46.7752,0.1019
10.2750,46.7752,0.1019
10.3250,46.7752,0.0933
10.3750,46.7752,0.0932
10.4250,46.7752,0.0922
10.4750,46.7752,0.0925
10.5250,46.7752,0.0926
10.5750,46.7752,0.0821
10.6250,46.7752,0.0730
10.6750,46.7752,0.0730
10.7250,46.7752,0.0695
10.7750,46.7752,0.0678
10.8250,46.7752,0.0678
10.8750,46.7752,0.0671
10.9250,46.7752,0.0642
10.9750,46.7752,0.0644
11.0250,46.7752,0.0630
11.0750,46.7752,0.0627
11.1250,46.7752,0.0624
11.1750,46.7752,0.0626
11.2250,46.7752,0.0626
11.2750,46.7752,0.0634
11.3250,46.7752,0.0662
11.3750,46.7752,0.0662
11.4250,46.7752,0.0693
11.4750,46.7752,0.0691
11.5250,46.7752,0.0691
11.5750,46.7752,0.0704
11.6250,46.7752,0.0787
11.6750,46.7752,0.0787
11.7250,46.7752,0.0811
11.7750,46.7752,0.0817
11.8250,46.7752,0.0840
11.8750,46.7752,0.0865
11.9250,46.7752,0.0865
11.9750,46.7752,0.0920
12.0250,46.7752,0.0923
12.0750,46.7752,0.0923
12.1250,46.7752,0.0948
12.1750,46.7752,0.1006
12.2250,46.7752,0.1006
12.2750,46.7752,0.1010
12.3250,46.7752,0.1037
12.3750,46.7752,0.1037
12.4250,46.7752,0.1039
12.4750,46.7752,0.1039
12.5250,46.7752,0.1073
12.5750,46.7752,0.1031
12.6250,46.7752,0.1131
12.6750,46.7752,0.1043
12.7250,46.7752,0.1095
12.7750,46.7752,0.1095
12.8250,46.7752,0.1141
12.8750,46.7752,0.1077
12.9250,46.7752,0.1210
12.9750,46.7752,0.1115
13.0250,46.7752,0.1156
13.0750,46.7752,0.1156
13.1250,46.7752,0.1208
13.1750,46.7752,0.1208
13.2250,46.7752,0.1266
13.2750,46.7752,0.1178
13.3250,46.7752,0.1333
13.3750,46.7752,0.1203
13.4250,46.7752,0.1247
13.4750,46.7752,0.1247
13.5250,46.7752,0.1343
13.5750,46.7752,0.1231
13.6250,46.7752,0.1258
13.6750,46.7752,0.1286
13.7250,46.7752,0.1310
13.7750,46.7752,0.1321
13.8250,46.7752,0.1334
13.8750,46.7752,0.1364
13.9250,46.7752,0.1176
13.9750,46.7752,0.1179
14.0250,46.7752,0.1179
14.0750,46.7752,0.1198
14.1250,46.7752,0.1156
14.1750,46.7752,0.1255
14.2250,46.7752,0.1144
14.2750,46.7752,0.1156
14.3250,46.7752,0.1156
14.3750,46.7752,0.1171
14.4250,46.7752,0.1170
14.4750,46.7752,0.1197
14.5250,46.7752,0.1136
14.5750,46.7752,0.1148
14.6250,46.7752,0.1140
14.6750,46.7752,0.1198
14.7250,46.7752,0.1198
14.7750,46.7752,0.1226
14.8250,46.7752,0.1594
14.8750,46.7752,0.1594
14.9250,46.7752,0.1450
14.9750,46.7752,0.1366
15.0250,46.7752,0.1208
15.0750,46.7752,0.0989
15.1250,46.7752,0.0967
15.1750,46.7752,0.0912
15.2250,46.7752,0.0868
15.2750,46.7752,0.0868
15.3250,46.7752,0.0833
15.3750,46.7752,0.0727
15.4250,46.7752,0.0733
15.4750,46.7752,0.0721
15.5250,46.7752,0.0737
15.5750,46.7752,0.0738
15.6250,46.7752,0.0685
15.6750,46.7752,0.0697
15.7250,46.7752,0.0696
15.7750,46.7752,0.0722
15.8250,46.7752,0.0722
15.8750,46.7752,0.0792
15.9250,46.7752,0.0707
15.9750,46.7752,0.0805
16.0250,46.7752,0.0724
16.0750,46.7752,0.0743
16.1250,46.7752,0.0743
16.1750,46.7752,0.0717
16.2250,46.7752,0.0677
16.2750,46.7752,0.0677
16.3250,46.7752,0.0688
16.3750,46.7752,0.0687
16.4250,46.7752,0.0695
16.4750,46.7752,0.0648
16.5250,46.7752,0.0676
16.5750,46.7752,0.0640
16.6250,46.7752,0.0611
16.6750,46.7752,0.0611
16.7250,46.7752,0.0548
16.7750,46.7752,0.0512
16.8250,46.7752,0.0512
16.8750,46.7752,0.0471
16.9250,46.7752,0.0450
16.9750,46.7752,0.0440
17.0250,46.7752,0.0414
17.0750,46.7752,0.0408
17.1250,46.7752,0.0408
17.1750,46.7752,0.0403
17.2250,46.7752,0.0403
17.2750,46.7752,0.0397
17.3250,46.7752,0.0399
17.3750,46.7752,0.0399
17.4250,46.7752,0.0403
17.4750,46.7752,0.0410
9.5250,46.7252,0.1066
9.5750,46.7252,0.1073
9.6250,46.7252,0.1126
9.6750,46.7252,0.1127
9.7250,46.7252,0.1099
9.7750,46.7252,0.1100
9.8250,46.7252,0.1089
9.8750,46.7252,0.1163
9.9250,46.7252,0.1129
9.9750,46.7252,0.1185
10.0250,46.7252,0.1109
10.0750,46.7252,0.1109
10.1250,46.7252,0.1092
10.1750,46.7252,0.1073
10.2250,46.7252,0.1052
10.2750,46.7252,0.1118
10.3250,46.7252,0.1092
10.3750,46.7252,0.1092
10.4250,46.7252,0.1025
10.4750,46.7252,0.1023
10.5250,46.7252,0.0961
10.5750,46.7252,0.0871
10.6250,46.7252,0.0840
10.6750,46.7252,0.0783
10.7250,46.7252,0.0724
10.7750,46.7252,0.0724
10.8250,46.7252,0.0698
10.8750,46.7252,0.0672
10.9250,46.7252,0.0677
10.9750,46.7252,0.0660
11.0250,46.7252,0.0648
11.0750,46.7252,0.0648
11.1250,46.7252,0.0634
11.1750,46.7252,0.0634
11.2250,46.7252,0.0624
11.2750,46.7252,0.0634
11.3250,46.7252,0.0625
11.3750,46.7252,0.0645
11.4250,46.7252,0.0653
11.4750,46.7252,0.0653
11.5250,46.7252,0.0659
11.5750,46.7252,0.0704
11.6250,46.7252,0.0681
11.6750,46.7252,0.0767
11.7250,46.7252,0.0802
11.7750,46.7252,0.0802
11.8250,46.7252,0.0842
11.8750,46.7252,0.0844
11.9250,46.7252,0.0853
11.9750,46.7252,0.0913
12.0250,46.7252,0.0914
12.0750,46.7252,0.0978
12.1250,46.7252,0.1016
12.1750,46.7252,0.1016
12.2250,46.7252,0.1068
12.2750,46.7252,0.1057
12.3250,46.7252,0.1078
12.3750,46.7252,0.1129
12.4250,46.7252,0.1167
12.4750,46.7252,0.1167
12.5250,46.7252,0.1171
12.5750,46.7252,0.1160
12.6250,46.7252,0.1211
12.6750,46.7252,0.1182
12.7250,46.7252,0.1205
12.7750,46.7252,0.1279
12.8250,46.7252,0.1367
12.8750,46.7252,0.1367
12.9250,46.7252,0.1398
12.9750,46.7252,0.1347
13.0250,46.7252,0.1347
13.0750,46.7252,0.1432
13.1250,46.7252,0.1485
13.1750,46.7252,0.1491
13.2250,46.7252,0.1280
13.2750,46.7252,0.1371
13.3250,46.7252,0.1348
13.3750,46.7252,0.1434
13.4250,46.7252,0.1434
13.4750,46.7252,0.1454
13.5250,46.7252,0.1343
13.5750,46.7252,0.1492
13.6250,46.7252,0.1421
13.6750,46.7252,0.1506
13.7250,46.7252,0.1506
13.7750,46.7252,0.1571
13.8250,46.7252,0.1378
13.8750,46.7252,0.1528
13.9250,46.7252,0.1406
13.9750,46.7252,0.1404
14.0250,46.7252,0.1403
14.0750,46.7252,0.1357
14.1250,46.7252,0.1357
14.1750,46.7252,0.1315
14.2250,46.7252,0.1266
14.2750,46.7252,0.1266
14.3250,46.7252,0.1263
14.3750,46.7252,0.1228
14.4250,46.7252,0.1233
14.4750,46.7252,0.1197
14.5250,46.7252,0.1232
14.5750,46.7252,0.1232
14.6250,46.7252,0.1218
14.6750,46.7252,0.1218
14.7250,46.7252,0.1240
14.7750,46.7252,0.1362
14.8250,46.7252,0.1328
14.8750,46.7252,0.1534
14.9250,46.7252,0.1475
14.9750,46.7252,0.1475
15.0250,46.7252,0.1520
15.0750,46.7252,0.1161
15.1250,46.7252,0.1162
15.1750,46.7252,0.1111
15.2250,46.7252,0.1027
15.2750,46.7252,0.0951
15.3250,46.7252,0.0833
15.3750,46.7252,0.0881
15.4250,46.7252,0.0824
15.4750,46.7252,0.0839
15.5250,46.7252,0.0839
15.5750,46.7252,0.0856
15.6250,46.7252,0.0774
15.6750,46.7252,0.0857
15.7250,46.7252,0.0813
15.7750,46.7252,0.0848
15.8250,46.7252,0.0848
15.8750,46.7252,0.0842
15.9250,46.7252,0.0827
15.9750,46.7252,0.0825
16.0250,46.7252,0.0837
16.0750,46.7252,0.0837
16.1250,46.7252,0.0834
16.1750,46.7252,0.0757
16.2250,46.7252,0.0828
16.2750,46.7252,0.0760
16.3250,46.7252,0.0752
16.3750,46.7252,0.0752
16.4250,46.7252,0.0742
16.4750,46.7252,0.0686
16.5250,46.7252,0.0686
16.5750,46.7252,0.0661
16.6250,46.7252,0.0660
16.6750,46.7252,0.0608
16.7250,46.7252,0.0547
16.7750,46.7252,0.0542
16.8250,46.7252,0.0508
16.8750,46.7252,0.0479
16.9250,46.7252,0.0479
16.9750,46.7252,0.0458
17.0250,46.7252,0.0422
17.0750,46.7252,0.0422
17.1250,46.7252,0.0415
17.1750,46.7252,0.0409
17.2250,46.7252,0.0410
17.2750,46.7252,0.0399
17.3250,46.7252,0.0399
17.3750,46.7252,0.0399
17.4250,46.7252,0.0398
17.4750,46.7252,0.0398
9.5250,46.6752,0.0996
9.5750,46.6752,0.1008
9.6250,46.6752,0.1008
9.6750,46.6752,0.1053
9.7250,46.6752,0.1090
9.7750,46.6752,0.1127
9.8250,46.6752,0.1089
9.8750,46.6752,0.1080
9.9250,46.6752,0.1078
9.9750,46.6752,0.1073
10.0250,46.6752,0.1073
10.0750,46.6752,0.1060
10.1250,46.6752,0.1093
10.1750,46.6752,0.1100
10.2250,46.6752,0.1052
10.2750,46.6752,0.1036
10.3250,46.6752,0.1036
10.3750,46.6752,0.1046
10.4250,46.6752,0.1016
10.4750,46.6752,0.1014
10.5250,46.6752,0.0964
10.5750,46.6752,0.0852
10.6250,46.6752,0.0848
10.6750,46.6752,0.0765
10.7250,46.6752,0.0764
10.7750,46.6752,0.0720
10.8250,46.6752,0.0701
10.8750,46.6752,0.0701
10.9250,46.6752,0.0677
10.9750,46.6752,0.0654
11.0250,46.6752,0.0654
11.0750,46.6752,0.0636
11.1250,46.6752,0.0625
11.1750,46.6752,0.0625
11.2250,46.6752,0.0619
11.2750,46.6752,0.0621
11.3250,46.6752,0.0621
11.3750,46.6752,0.0621
11.4250,46.6752,0.0621
11.4750,46.6752,0.0627
11.5250,46.6752,0.0640
11.5750,46.6752,0.0639
11.6250,46.6752,0.0681
11.6750,46.6752,0.0714
11.7250,46.6752,0.0714
11.7750,46.6752,0.0720
11.8250,46.6752,0.0752
11.8750,46.6752,0.0751
11.9250,46.6752,0.0846
11.9750,46.6752,0.0880
12.0250,46.6752,0.0880
12.0750,46.6752,0.0925
12.1250,46.6752,0.0926
12.1750,46.6752,0.0973
12.2250,46.6752,0.1066
12.2750,46.6752,0.1056
12.3250,46.6752,0.1078
12.3750,46.6752,0.1110
12.4250,46.6752,0.1110
12.4750,46.6752,0.1169
12.5250,46.6752,0.1180
12.5750,46.6752,0.1233
12.6250,46.6752,0.1211
12.6750,46.6752,0.1272
12.7250,46.6752,0.1272
12.7750,46.6752,0.1401
12.8250,46.6752,0.1401
12.8750,46.6752,0.1565
12.9250,46.6752,0.1423
12.9750,46.6752,0.1771
13.0250,46.6752,0.1514
13.0750,46.6752,0.1592
13.1250,46.6752,0.1592
13.1750,46.6752,0.1752
13.2250,46.6752,0.1499
13.2750,46.6752,0.1886
13.3250,46.6752,0.1502
13.3750,46.6752,0.1541
13.4250,46.6752,0.1541
13.4750,46.6752,0.1591
13.5250,46.6752,0.1586
13.5750,46.6752,0.1621
13.6250,46.6752,0.1522
13.6750,46.6752,0.1523
13.7250,46.6752,0.1568
13.7750,46.6752,0.1684
13.8250,46.6752,0.1689
13.8750,46.6752,0.1528
13.9250,46.6752,0.1496
13.9750,46.6752,0.1496
14.0250,46.6752,0.1500
14.0750,46.6752,0.1461
14.1250,46.6752,0.1481
14.1750,46.6752,0.1325
14.2250,46.6752,0.1335
14.2750,46.6752,0.1298
14.3250,46.6752,0.1298
14.3750,46.6752,0.1298
14.4250,46.6752,0.1349
14.4750,46.6752,0.1212
14.5250,46.6752,0.1292
14.5750,46.6752,0.1234
14.6250,46.6752,0.1315
14.6750,46.6752,0.1315
14.7250,46.6752,0.1365
14.7750,46.6752,0.1321
14.8250,46.6752,0.1321
14.8750,46.6752,0.1400
14.9250,46.6752,0.1400
14.9750,46.6752,0.1705
15.0250,46.6752,0.1521
15.0750,46.6752,0.1598
15.1250,46.6752,0.1594
15.1750,46.6752,0.1207
15.2250,46.6752,0.1207
15.2750,46.6752,0.1056
15.3250,46.6752,0.0902
15.3750,46.6752,0.0985
15.4250,46.6752,0.0903
15.4750,46.6752,0.0921
15.5250,46.6752,0.0923
15.5750,46.6752,0.0892
15.6250,46.6752,0.0946
15.6750,46.6752,0.0874
15.7250,46.6752,0.0894
15.7750,46.6752,0.0894
15.8250,46.6752,0.0914
15.8750,46.6752,0.0871
15.9250,46.6752,0.0940
15.9750,46.6752,0.0880
16.0250,46.6752,0.0891
16.0750,46.6752,0.0891
16.1250,46.6752,0.0904
16.1750,46.6752,0.0838
16.2250,46.6752,0.0829
16.2750,46.6752,0.0833
16.3250,46.6752,0.0833
16.3750,46.6752,0.0830
16.4250,46.6752,0.0743
16.4750,46.6752,0.0820
16.5250,46.6752,0.0717
16.5750,46.6752,0.0680
16.6250,46.6752,0.0680
16.6750,46.6752,0.0626
16.7250,46.6752,0.0547
16.7750,46.6752,0.0547
16.8250,46.6752,0.0520
16.8750,46.6752,0.0519
16.9250,46.6752,0.0501
16.9750,46.6752,0.0459
17.0250,46.6752,0.0480
17.0750,46.6752,0.0443
17.1250,46.6752,0.0429
17.1750,46.6752,0.0429
17.2250,46.6752,0.0420
17.2750,46.6752,0.0404
17.3250,46.6752,0.0404
17.3750,46.6752,0.0401
17.4250,46.6752,0.0399
17.4750,46.6752,0.0400
9.5250,46.6252,0.1047
9.5750,46.6252,0.1047
9.6250,46.6252,0.1071
9.6750,46.6252,0.1064
9.7250,46.6252,0.1064
9.7750,46.6252,0.1068
9.8250,46.6252,0.1142
9.8750,46.6252,0.1128
9.9250,46.6252,0.1080
9.9750,46.6252,0.1091
10.0250,46.6252,0.1091
10.0750,46.6252,0.1080
10.1250,46.6252,0.1080
10.1750,46.6252,0.1063
10.2250,46.6252,0.1123
10.2750,46.6252,0.1086
10.3250,46.6252,0.1092
10.3750,46.6252,0.1093
10.4250,46.6252,0.1093
10.4750,46.6252,0.1035
10.5250,46.6252,0.0989
10.5750,46.6252,0.0927
10.6250,46.6252,0.0866
10.6750,46.6252,0.0805
10.7250,46.6252,0.0805
10.7750,46.6252,0.0751
10.8250,46.6252,0.0750
10.8750,46.6252,0.0705
10.9250,46.6252,0.0682
10.9750,46.6252,0.0674
11.0250,46.6252,0.0662
11.0750,46.6252,0.0643
11.1250,46.6252,0.0643
11.1750,46.6252,0.0627
11.2250,46.6252,0.0618
11.2750,46.6252,0.0615
11.3250,46.6252,0.0615
11.3750,46.6252,0.0616
11.4250,46.6252,0.0616
11.4750,46.6252,0.0622
11.5250,46.6252,0.0623
11.5750,46.6252,0.0633
11.6250,46.6252,0.0660
11.6750,46.6252,0.0662
11.7250,46.6252,0.0680
11.7750,46.6252,0.0701
11.8250,46.6252,0.0701
11.8750,46.6252,0.0729
11.9250,46.6252,0.0799
11.9750,46.6252,0.0794
12.0250,46.6252,0.0873
12.0750,46.6252,0.0948
12.1250,46.6252,0.0948
12.1750,46.6252,0.1007
12.2250,46.6252,0.1030
12.2750,46.6252,0.1058
12.3250,46.6252,0.1136
12.3750,46.6252,0.1164
12.4250,46.6252,0.1180
12.4750,46.6252,0.1259
12.5250,46.6252,0.1259
12.5750,46.6252,0.1343
12.6250,46.6252,0.1384
12.6750,46.6252,0.1389
12.7250,46.6252,0.1511
12.7750,46.6252,0.1591
12.8250,46.6252,0.1591
12.8750,46.6252,0.1756
12.9250,46.6252,0.1778
12.9750,46.6252,0.1778
13.0250,46.6252,0.1924
13.0750,46.6252,0.1925
13.1250,46.6252,0.1992
13.1750,46.6252,0.1838
13.2250,46.6252,0.1995
13.2750,46.6252,0.1890
13.3250,46.6252,0.1882
13.3750,46.6252,0.1882
13.4250,46.6252,0.1860
13.4750,46.6252,0.1604
13.5250,46.6252,0.1854
13.5750,46.6252,0.1720
13.6250,46.6252,0.1874
13.6750,46.6252,0.1874
13.7250,46.6252,0.1878
13.7750,46.6252,0.1877
13.8250,46.6252,0.1857
13.8750,46.6252,0.1814
13.9250,46.6252,0.1818
13.9750,46.6252,0.1850
14.0250,46.6252,0.1772
14.0750,46.6252,0.1772
14.1250,46.6252,0.1589
14.1750,46.6252,0.1498
14.2250,46.6252,0.1498
14.2750,46.6252,0.1527
14.3250,46.6252,0.1497
14.3750,46.6252,0.1477
14.4250,46.6252,0.1350
14.4750,46.6252,0.1412
14.5250,46.6252,0.1377
14.5750,46.6252,0.1440
14.6250,46.6252,0.1440
14.6750,46.6252,0.1475
14.7250,46.6252,0.1395
14.7750,46.6252,0.1483
14.8250,46.6252,0.1480
14.8750,46.6252,0.1549
14.9250,46.6252,0.1549
14.9750,46.6252,0.1946
15.0250,46.6252,0.1642
15.0750,46.6252,0.1608
15.1250,46.6252,0.1578
15.1750,46.6252,0.1575
15.2250,46.6252,0.1287
15.2750,46.6252,0.1066
15.3250,46.6252,0.1168
15.3750,46.6252,0.1047
15.4250,46.6252,0.1062
15.4750,46.6252,0.1062
15.5250,46.6252,0.1056
15.5750,46.6252,0.0951
15.6250,46.6252,0.1049
15.6750,46.6252,0.0991
15.7250,46.6252,0.1016
15.7750,46.6252,0.1016
15.8250,46.6252,0.1009
15.8750,46.6252,0.1009
15.9250,46.6252,0.0940
15.9750,46.6252,0.0978
16.0250,46.6252,0.0978
16.0750,46.6252,0.0988
16.1250,46.6252,0.0904
16.1750,46.6252,0.0986
16.2250,46.6252,0.0907
16.2750,46.6252,0.0908
16.3250,46.6252,0.0908
16.3750,46.6252,0.0907
16.4250,46.6252,0.0836
16.4750,46.6252,0.0820
16.5250,46.6252,0.0790
16.5750,46.6252,0.0790
16.6250,46.6252,0.0713
16.6750,46.6252,0.0626
16.7250,46.6252,0.0668
16.7750,46.6252,0.0581
16.8250,46.6252,0.0546
16.8750,46.6252,0.0546
16.9250,46.6252,0.0532
16.9750,46.6252,0.0486
17.0250,46.6252,0.0487
17.0750,46.6252,0.0472
17.1250,46.6252,0.0470
17.1750,46.6252,0.0459
17.2250,46.6252,0.0420
17.2750,46.6252,0.0437
17.3250,46.6252,0.0415
17.3750,46.6252,0.0409
17.4250,46.6252,0.0409
17.4750,46.6252,0.0406
9.5250,46.5752,0.0954
9.5750,46.5752,0.0960
9.6250,46.5752,0.1058
9.6750,46.5752,0.1058
9.7250,46.5752,0.1067
9.7750,46.5752,0.1065
9.8250,46.5752,0.1020
9.8750,46.5752,0.1042
9.9250,46.5752,0.1021
9.9750,46.5752,0.1021
10.0250,46.5752,0.1035
10.0750,46.5752,0.1058
10.1250,46.5752,0.1082
10.1750,46.5752,0.1063
10.2250,46.5752,0.1068
10.2750,46.5752,0.1067
10.3250,46.5752,0.1044
10.3750,46.5752,0.1044
10.4250,46.5752,0.1043
10.4750,46.5752,0.1035
10.5250,46.5752,0.1042
10.5750,46.5752,0.0927
10.6250,46.5752,0.0835
10.6750,46.5752,0.0835
10.7250,46.5752,0.0774
10.7750,46.5752,0.0734
10.8250,46.5752,0.0729
10.8750,46.5752,0.0705
10.9250,46.5752,0.0676
10.9750,46.5752,0.0675
11.0250,46.5752,0.0651
11.0750,46.5752,0.0651
11.1250,46.5752,0.0633
11.1750,46.5752,0.0624
11.2250,46.5752,0.0623
11.2750,46.5752,0.0615
11.3250,46.5752,0.0608
11.3750,46.5752,0.0608
11.4250,46.5752,0.0610
11.4750,46.5752,0.0620
11.5250,46.5752,0.0620
11.5750,46.5752,0.0634
11.6250,46.5752,0.0650
11.6750,46.5752,0.0650
11.7250,46.5752,0.0670
11.7750,46.5752,0.0671
11.8250,46.5752,0.0699
11.8750,46.5752,0.0732
11.9250,46.5752,0.0742
11.9750,46.5752,0.0794
12.0250,46.5752,0.0859
12.0750,46.5752,0.0859
12.1250,46.5752,0.0908
12.1750,46.5752,0.0997
12.2250,46.5752,0.0978
12.2750,46.5752,0.1058
12.3250,46.5752,0.1131
12.3750,46.5752,0.1131
12.4250,46.5752,0.1199
12.4750,46.5752,0.1200
12.5250,46.5752,0.1341
12.5750,46.5752,0.1344
12.6250,46.5752,0.1526
12.6750,46.5752,0.1441
12.7250,46.5752,0.1579
12.7750,46.5752,0.1579
12.8250,46.5752,0.1838
12.8750,46.5752,0.1762
12.9250,46.5752,0.2071
12.9750,46.5752,0.1869
13.0250,46.5752,0.2004
13.0750,46.5752,0.2004
13.1250,46.5752,0.2217
13.1750,46.5752,0.2179
13.2250,46.5752,0.2366
13.2750,46.5752,0.1998
13.3250,46.5752,0.2064
13.3750,46.5752,0.1997
13.4250,46.5752,0.2009
13.4750,46.5752,0.2009
13.5250,46.5752,0.2038
13.5750,46.5752,0.1842
13.6250,46.5752,0.1843
13.6750,46.5752,0.1878
13.7250,46.5752,0.1935
13.7750,46.5752,0.1938
13.8250,46.5752,0.1858
13.8750,46.5752,0.1822
13.9250,46.5752,0.1818
13.9750,46.5752,0.1771
14.0250,46.5752,0.1771
14.0750,46.5752,0.1819
14.1250,46.5752,0.1589
14.1750,46.5752,0.1925
14.2250,46.5752,0.1551
14.2750,46.5752,0.1577
14.3250,46.5752,0.1577
14.3750,46.5752,0.1579
14.4250,46.5752,0.1419
14.4750,46.5752,0.1642
14.5250,46.5752,0.1417
14.5750,46.5752,0.1478
14.6250,46.5752,0.1480
14.6750,46.5752,0.1586
14.7250,46.5752,0.1586
14.7750,46.5752,0.1484
14.8250,46.5752,0.1536
14.8750,46.5752,0.1536
14.9250,46.5752,0.1689
14.9750,46.5752,0.1945
15.0250,46.5752,0.1820
15.0750,46.5752,0.1767
15.1250,46.5752,0.1719
15.1750,46.5752,0.1719
15.2250,46.5752,0.1431
15.2750,46.5752,0.1304
15.3250,46.5752,0.1380
15.3750,46.5752,0.1146
15.4250,46.5752,0.1148
15.4750,46.5752,0.1145
15.5250,46.5752,0.1152
15.5750,46.5752,0.1156
15.6250,46.5752,0.1050
15.6750,46.5752,0.1046
15.7250,46.5752,0.1046
15.7750,46.5752,0.1066
15.8250,46.5752,0.1011
15.8750,46.5752,0.1105
15.9250,46.5752,0.1013
15.9750,46.5752,0.1039
16.0250,46.5752,0.1039
16.0750,46.5752,0.1079
16.1250,46.5752,0.1078
16.1750,46.5752,0.0988
16.2250,46.5752,0.0989
16.2750,46.5752,0.0989
16.3250,46.5752,0.1011
16.3750,46.5752,0.0909
16.4250,46.5752,0.1060
16.4750,46.5752,0.0894
16.5250,46.5752,0.0862
16.5750,46.5752,0.0862
16.6250,46.5752,0.0793
16.6750,46.5752,0.0690
16.7250,46.5752,0.0673
16.7750,46.5752,0.0634
16.8250,46.5752,0.0634
16.8750,46.5752,0.0605
16.9250,46.5752,0.0532
16.9750,46.5752,0.0584
17.0250,46.5752,0.0519
17.0750,46.5752,0.0507
17.1250,46.5752,0.0507
17.1750,46.5752,0.0495
17.2250,46.5752,0.0445
17.2750,46.5752,0.0446
17.3250,46.5752,0.0432
17.3750,46.5752,0.0427
17.4250,46.5752,0.0420
17.4750,46.5752,0.0406
9.5250,46.5252,0.0948
9.5750,46.5252,0.0992
9.6250,46.5252,0.0993
9.6750,46.5252,0.1026
9.7250,46.5252,0.1018
9.7750,46.5252,0.0992
9.8250,46.5252,0.1020
9.8750,46.5252,0.1043
9.9250,46.5252,0.1043
9.9750,46.5252,0.1059
10.0250,46.5252,0.1043
10.0750,46.5252,0.1043
10.1250,46.5252,0.1047
10.1750,46.5252,0.1073
10.2250,46.5252,0.1059
10.2750,46.5252,0.1108
10.3250,46.5252,0.1098
10.3750,46.5252,0.1098
10.4250,46.5252,0.1040
10.4750,46.5252,0.1040
10.5250,46.5252,0.0983
10.5750,46.5252,0.0923
10.6250,46.5252,0.0891
10.6750,46.5252,0.0858
10.7250,46.5252,0.0799
10.7750,46.5252,0.0799
10.8250,46.5252,0.0739
10.8750,46.5252,0.0705
10.9250,46.5252,0.0702
10.9750,46.5252,0.0685
11.0250,46.5252,0.0664
11.0750,46.5252,0.0664
11.1250,46.5252,0.0645
11.1750,46.5252,0.0644
11.2250,46.5252,0.0631
11.2750,46.5252,0.0617
11.3250,46.5252,0.0622
11.3750,46.5252,0.0617
11.4250,46.5252,0.0621
11.4750,46.5252,0.0621
11.5250,46.5252,0.0634
11.5750,46.5252,0.0637
11.6250,46.5252,0.0654
11.6750,46.5252,0.0662
11.7250,46.5252,0.0688
11.7750,46.5252,0.0688
11.8250,46.5252,0.0717
11.8750,46.5252,0.0728
11.9250,46.5252,0.0778
11.9750,46.5252,0.0813
12.0250,46.5252,0.0868
12.0750,46.5252,0.0881
12.1250,46.5252,0.0937
12.1750,46.5252,0.0937
12.2250,46.5252,0.1048
12.2750,46.5252,0.1117
12.3250,46.5252,0.1132
12.3750,46.5252,0.1250
12.4250,46.5252,0.1402
12.4750,46.5252,0.1402
12.5250,46.5252,0.1489
12.5750,46.5252,0.1529
12.6250,46.5252,0.1538
12.6750,46.5252,0.1772
12.7250,46.5252,0.1840
12.7750,46.5252,0.2039
12.8250,46.5252,0.2338
12.8750,46.5252,0.2347
12.9250,46.5252,0.2072
12.9750,46.5252,0.2442
13.0250,46.5252,0.2442
13.0750,46.5252,0.2700
13.1250,46.5252,0.2517
13.1750,46.5252,0.2680
13.2250,46.5252,0.2367
13.2750,46.5252,0.2446
13.3250,46.5252,0.2446
13.3750,46.5252,0.2386
13.4250,46.5252,0.2383
13.4750,46.5252,0.2128
13.5250,46.5252,0.2049
13.5750,46.5252,0.1982
13.6250,46.5252,0.2039
13.6750,46.5252,0.2031
13.7250,46.5252,0.2031
13.7750,46.5252,0.1987
13.8250,46.5252,0.1969
13.8750,46.5252,0.1876
13.9250,46.5252,0.1987
13.9750,46.5252,0.1967
14.0250,46.5252,0.1967
14.0750,46.5252,0.1998
14.1250,46.5252,0.1957
14.1750,46.5252,0.1927
14.2250,46.5252,0.1945
14.2750,46.5252,0.1945
14.3250,46.5252,0.1882
14.3750,46.5252,0.1626
14.4250,46.5252,0.1799
14.4750,46.5252,0.1658
14.5250,46.5252,0.1757
14.5750,46.5252,0.1757
14.6250,46.5252,0.1770
14.6750,46.5252,0.1592
14.7250,46.5252,0.1753
14.7750,46.5252,0.1825
14.8250,46.5252,0.1853
14.8750,46.5252,0.1853
14.9250,46.5252,0.1770
14.9750,46.5252,0.1770
15.0250,46.5252,0.1767
15.0750,46.5252,0.1858
15.1250,46.5252,0.1858
15.1750,46.5252,0.1840
15.2250,46.5252,0.1782
15.2750,46.5252,0.1946
15.3250,46.5252,0.1383
15.3750,46.5252,0.1325
15.4250,46.5252,0.1325
15.4750,46.5252,0.1304
15.5250,46.5252,0.1274
15.5750,46.5252,0.1234
15.6250,46.5252,0.1166
15.6750,46.5252,0.1168
15.7250,46.5252,0.1163
15.7750,46.5252,0.1160
15.8250,46.5252,0.1161
15.8750,46.5252,0.1106
15.9250,46.5252,0.1143
15.9750,46.5252,0.1143
16.0250,46.5252,0.1166
16.0750,46.5252,0.1084
16.1250,46.5252,0.1183
16.1750,46.5252,0.1128
16.2250,46.5252,0.1159
16.2750,46.5252,0.1159
16.3250,46.5252,0.1184
16.3750,46.5252,0.1184
16.4250,46.5252,0.1188
16.4750,46.5252,0.1063
16.5250,46.5252,0.1063
16.5750,46.5252,0.0974
16.6250,46.5252,0.0801
16.6750,46.5252,0.0892
16.7250,46.5252,0.0729
16.7750,46.5252,0.0696
16.8250,46.5252,0.0696
16.8750,46.5252,0.0670
16.9250,46.5252,0.0593
16.9750,46.5252,0.0609
17.0250,46.5252,0.0563
17.0750,46.5252,0.0563
17.1250,46.5252,0.0547
17.1750,46.5252,0.0496
17.2250,46.5252,0.0530
17.2750,46.5252,0.0481
17.3250,46.5252,0.0466
17.3750,46.5252,0.0466
17.4250,46.5252,0.0449
17.4750,46.5252,0.0417
9.5250,46.4752,0.0931
9.5750,46.4752,0.0959
9.6250,46.4752,0.0959
9.6750,46.4752,0.0940
9.7250,46.4752,0.0944
9.7750,46.4752,0.0957
9.8250,46.4752,0.0977
9.8750,46.4752,0.0983
9.9250,46.4752,0.0971
9.9750,46.4752,0.1021
10.0250,46.4752,0.1021
10.0750,46.4752,0.1014
10.1250,46.4752,0.1047
10.1750,46.4752,0.1038
10.2250,46.4752,0.1037
10.2750,46.4752,0.1028
10.3250,46.4752,0.1028
10.3750,46.4752,0.1056
10.4250,46.4752,0.1047
10.4750,46.4752,0.1002
10.5250,46.4752,0.0983
10.5750,46.4752,0.0881
10.6250,46.4752,0.0874
10.6750,46.4752,0.0813
10.7250,46.4752,0.0813
10.7750,46.4752,0.0775
10.8250,46.4752,0.0739
10.8750,46.4752,0.0740
10.9250,46.4752,0.0702
10.9750,46.4752,0.0680
11.0250,46.4752,0.0680
11.0750,46.4752,0.0662
11.1250,46.4752,0.0649
11.1750,46.4752,0.0651
11.2250,46.4752,0.0631
11.2750,46.4752,0.0625
11.3250,46.4752,0.0625
11.3750,46.4752,0.0627
11.4250,46.4752,0.0627
11.4750,46.4752,0.0636
11.5250,46.4752,0.0635
11.5750,46.4752,0.0657
11.6250,46.4752,0.0654
11.6750,46.4752,0.0677
11.7250,46.4752,0.0677
11.7750,46.4752,0.0707
11.8250,46.4752,0.0732
11.8750,46.4752,0.0764
11.9250,46.4752,0.0778
11.9750,46.4752,0.0843
12.0250,46.4752,0.0843
12.0750,46.4752,0.0909
12.1250,46.4752,0.0910
12.1750,46.4752,0.1019
12.2250,46.4752,0.1048
12.2750,46.4752,0.1158
12.3250,46.4752,0.1156
12.3750,46.4752,0.1270
12.4250,46.4752,0.1270
12.4750,46.4752,0.1469
12.5250,46.4752,0.1490
12.5750,46.4752,0.1758
12.6250,46.4752,0.1594
12.6750,46.4752,0.1824
12.7250,46.4752,0.1824
12.7750,46.4752,0.2124
12.8250,46.4752,0.2187
12.8750,46.4752,0.2695
12.9250,46.4752,0.2413
12.9750,46.4752,0.2706
13.0250,46.4752,0.2660
13.0750,46.4752,0.2710
13.1250,46.4752,0.2710
13.1750,46.4752,0.2807
13.2250,46.4752,0.2621
13.2750,46.4752,0.2741
13.3250,46.4752,0.2349
13.3750,46.4752,0.2169
13.4250,46.4752,0.2169
13.4750,46.4752,0.2098
13.5250,46.4752,0.1978
13.5750,46.4752,0.1978
13.6250,46.4752,0.1880
13.6750,46.4752,0.1877
13.7250,46.4752,0.1836
13.7750,46.4752,0.1966
13.8250,46.4752,0.1855
13.8750,46.4752,0.1871
13.9250,46.4752,0.1822
13.9750,46.4752,0.1822
14.0250,46.4752,0.1904
14.0750,46.4752,0.1999
14.1250,46.4752,0.2078
14.1750,46.4752,0.1997
14.2250,46.4752,0.1971
14.2750,46.4752,0.1971
14.3250,46.4752,0.1922
14.3750,46.4752,0.1912
14.4250,46.4752,0.1883
14.4750,46.4752,0.1708
14.5250,46.4752,0.1714
14.5750,46.4752,0.1695
14.6250,46.4752,0.1783
14.6750,46.4752,0.1784
14.7250,46.4752,0.1754
14.7750,46.4752,0.1755
14.8250,46.4752,0.1755
14.8750,46.4752,0.1746
14.9250,46.4752,0.1764
14.9750,46.4752,0.1750
15.0250,46.4752,0.1746
15.0750,46.4752,0.1946
15.1250,46.4752,0.1947
15.1750,46.4752,0.1820
15.2250,46.4752,0.1821
15.2750,46.4752,0.1905
15.3250,46.4752,0.1509
15.3750,46.4752,0.1520
15.4250,46.4752,0.1389
15.4750,46.4752,0.1376
15.5250,46.4752,0.1376
15.5750,46.4752,0.1234
15.6250,46.4752,0.1199
15.6750,46.4752,0.1199
15.7250,46.4752,0.1193
15.7750,46.4752,0.1190
15.8250,46.4752,0.1216
15.8750,46.4752,0.1165
15.9250,46.4752,0.1210
15.9750,46.4752,0.1188
16.0250,46.4752,0.1253
16.0750,46.4752,0.1253
16.1250,46.4752,0.1320
16.1750,46.4752,0.1209
16.2250,46.4752,0.1209
16.2750,46.4752,0.1299
16.3250,46.4752,0.1271
16.3750,46.4752,0.1496
16.4250,46.4752,0.1338
16.4750,46.4752,0.1408
16.5250,46.4752,0.1408
16.5750,46.4752,0.1164
16.6250,46.4752,0.1161
16.6750,46.4752,0.1034
16.7250,46.4752,0.0830
16.7750,46.4752,0.0830
16.8250,46.4752,0.0770
16.8750,46.4752,0.0686
16.9250,46.4752,0.0719
16.9750,46.4752,0.0646
17.0250,46.4752,0.0626
17.0750,46.4752,0.0626
17.1250,46.4752,0.0607
17.1750,46.4752,0.0533
17.2250,46.4752,0.0566
17.2750,46.4752,0.0514
17.3250,46.4752,0.0512
17.3750,46.4752,0.0499
17.4250,46.4752,0.0450
17.4750,46.4752,0.0481
9.5250,46.4252,0.0907
9.5750,46.4252,0.0907
9.6250,46.4252,0.0911
9.6750,46.4252,0.0934
9.7250,46.4252,0.0927
9.7750,46.4252,0.0957
9.8250,46.4252,0.0994
9.8750,46.4252,0.0994
9.9250,46.4252,0.0980
9.9750,46.4252,0.0981
10.0250,46.4252,0.0997
10.0750,46.4252,0.1010
10.1250,46.4252,0.1009
10.1750,46.4252,0.1035
10.2250,46.4252,0.1058
10.2750,46.4252,0.1058
10.3250,46.4252,0.1033
10.3750,46.4252,0.1020
10.4250,46.4252,0.1019
10.4750,46.4252,0.0926
10.5250,46.4252,0.0945
10.5750,46.4252,0.0919
10.6250,46.4252,0.0875
10.6750,46.4252,0.0837
10.7250,46.4252,0.0837
10.7750,46.4252,0.0799
10.8250,46.4252,0.0799
10.8750,46.4252,0.0760
10.9250,46.4252,0.0712
10.9750,46.4252,0.0715
11.0250,46.4252,0.0696
11.0750,46.4252,0.0681
11.1250,46.4252,0.0681
11.1750,46.4252,0.0670
11.2250,46.4252,0.0644
11.2750,46.4252,0.0665
11.3250,46.4252,0.0646
11.3750,46.4252,0.0655
11.4250,46.4252,0.0655
11.4750,46.4252,0.0669
11.5250,46.4252,0.0666
11.5750,46.4252,0.0688
11.6250,46.4252,0.0680
11.6750,46.4252,0.0701
11.7250,46.4252,0.0709
11.7750,46.4252,0.0762
11.8250,46.4252,0.0762
11.8750,46.4252,0.0833
11.9250,46.4252,0.0837
11.9750,46.4252,0.0867
12.0250,46.4252,0.0907
12.0750,46.4252,0.1013
12.1250,46.4252,0.1013
12.1750,46.4252,0.1143
12.2250,46.4252,0.1157
12.2750,46.4252,0.1223
12.3250,46.4252,0.1326
12.3750,46.4252,0.1434
12.4250,46.4252,0.1503
12.4750,46.4252,0.1729
12.5250,46.4252,0.1729
12.5750,46.4252,0.1843
12.6250,46.4252,0.2052
12.6750,46.4252,0.2053
12.7250,46.4252,0.2388
12.7750,46.4252,0.2562
12.8250,46.4252,0.2572
12.8750,46.4252,0.2697
12.9250,46.4252,0.2992
12.9750,46.4252,0.2992
13.0250,46.4252,0.3057
13.0750,46.4252,0.3049
13.1250,46.4252,0.3021
13.1750,46.4252,0.2807
13.2250,46.4252,0.2787
13.2750,46.4252,0.2933
13.3250,46.4252,0.2626
13.3750,46.4252,0.2626
13.4250,46.4252,0.2407
13.4750,46.4252,0.2098
13.5250,46.4252,0.2228
13.5750,46.4252,0.2057
13.6250,46.4252,0.2022
13.6750,46.4252,0.2022
13.7250,46.4252,0.1956
13.7750,46.4252,0.1876
13.8250,46.4252,0.2008
13.8750,46.4252,0.1926
13.9250,46.4252,0.1993
13.9750,46.4252,0.2012
14.0250,46.4252,0.2178
14.0750,46.4252,0.2178
14.1250,46.4252,0.2110
14.1750,46.4252,0.2355
14.2250,46.4252,0.2355
14.2750,46.4252,0.2401
14.3250,46.4252,0.2027
14.3750,46.4252,0.2074
14.4250,46.4252,0.1883
14.4750,46.4252,0.1867
14.5250,46.4252,0.1867
14.5750,46.4252,0.1896
14.6250,46.4252,0.1894
14.6750,46.4252,0.1914
14.7250,46.4252,0.1860
14.7750,46.4252,0.1878
14.8250,46.4252,0.1890
14.8750,46.4252,0.1877
14.9250,46.4252,0.1877
14.9750,46.4252,0.1805
15.0250,46.4252,0.1788
15.0750,46.4252,0.1788
15.1250,46.4252,0.1834
15.1750,46.4252,0.1999
15.2250,46.4252,0.2019
15.2750,46.4252,0.1905
15.3250,46.4252,0.1728
15.3750,46.4252,0.1724
15.4250,46.4252,0.1587
15.4750,46.4252,0.1587
15.5250,46.4252,0.1507
15.5750,46.4252,0.1388
15.6250,46.4252,0.1427
15.6750,46.4252,0.1385
15.7250,46.4252,0.1364
15.7750,46.4252,0.1364
15.8250,46.4252,0.1310
15.8750,46.4252,0.1313
15.9250,46.4252,0.1313
15.9750,46.4252,0.1426
16.0250,46.4252,0.1413
16.0750,46.4252,0.1489
16.1250,46.4252,0.1373
16.1750,46.4252,0.1485
16.2250,46.4252,0.1476
16.2750,46.4252,0.1614
16.3250,46.4252,0.1614
16.3750,46.4252,0.1870
16.4250,46.4252,0.2368
16.4750,46.4252,0.2368
16.5250,46.4252,0.1708
16.5750,46.4252,0.1388
16.6250,46.4252,0.1460
16.6750,46.4252,0.1040
16.7250,46.4252,0.0921
16.7750,46.4252,0.0921
16.8250,46.4252,0.0851
16.8750,46.4252,0.0848
16.9250,46.4252,0.0789
16.9750,46.4252,0.0699
17.0250,46.4252,0.0699
17.0750,46.4252,0.0678
17.1250,46.4252,0.0639
17.1750,46.4252,0.0657
17.2250,46.4252,0.0582
17.2750,46.4252,0.0550
17.3250,46.4252,0.0550
17.3750,46.4252,0.0532
17.4250,46.4252,0.0481
17.4750,46.4252,0.0505
9.5250,46.3752,0.0750
9.5750,46.3752,0.0857
9.6250,46.3752,0.0886
9.6750,46.3752,0.0886
9.7250,46.3752,0.0922
9.7750,46.3752,0.0927
9.8250,46.3752,0.0925
9.8750,46.3752,0.0963
9.9250,46.3752,0.0961
9.9750,46.3752,0.0961
10.0250,46.3752,0.0955
10.0750,46.3752,0.0959
10.1250,46.3752,0.0987
10.1750,46.3752,0.0996
10.2250,46.3752,0.1004
10.2750,46.3752,0.1027
10.3250,46.3752,0.1000
10.3750,46.3752,0.1000
10.4250,46.3752,0.0949
10.4750,46.3752,0.0926
10.5250,46.3752,0.0902
10.5750,46.3752,0.0879
10.6250,46.3752,0.0847
10.6750,46.3752,0.0847
10.7250,46.3752,0.0828
10.7750,46.3752,0.0809
10.8250,46.3752,0.0816
10.8750,46.3752,0.0760
10.9250,46.3752,0.0726
10.9750,46.3752,0.0724
11.0250,46.3752,0.0708
11.0750,46.3752,0.0708
11.1250,46.3752,0.0699
11.1750,46.3752,0.0670
11.2250,46.3752,0.0695
11.2750,46.3752,0.0667
11.3250,46.3752,0.0671
11.3750,46.3752,0.0671
11.4250,46.3752,0.0683
11.4750,46.3752,0.0673
11.5250,46.3752,0.0703
11.5750,46.3752,0.0688
11.6250,46.3752,0.0713
11.6750,46.3752,0.0713
11.7250,46.3752,0.0771
11.7750,46.3752,0.0771
11.8250,46.3752,0.0842
11.8750,46.3752,0.0833
11.9250,46.3752,0.0912
11.9750,46.3752,0.0899
12.0250,46.3752,0.0998
12.0750,46.3752,0.0998
12.1250,46.3752,0.1138
12.1750,46.3752,0.1143
12.2250,46.3752,0.1329
12.2750,46.3752,0.1292
12.3250,46.3752,0.1493
12.3750,46.3752,0.1493
12.4250,46.3752,0.1710
12.4750,46.3752,0.1716
12.5250,46.3752,0.2011
12.5750,46.3752,0.2209
12.6250,46.3752,0.2338
12.6750,46.3752,0.2317
12.7250,46.3752,0.2611
12.7750,46.3752,0.2611
12.8250,46.3752,0.2706
12.8750,46.3752,0.2814
12.9250,46.3752,0.3022
12.9750,46.3752,0.2958
13.0250,46.3752,0.2868
13.0750,46.3752,0.2868
13.1250,46.3752,0.3000
13.1750,46.3752,0.2768
13.2250,46.3752,0.2900
13.2750,46.3752,0.2715
13.3250,46.3752,0.2628
13.3750,46.3752,0.2613
13.4250,46.3752,0.2366
13.4750,46.3752,0.2366
13.5250,46.3752,0.2230
13.5750,46.3752,0.2075
13.6250,46.3752,0.2075
13.6750,46.3752,0.2317
13.7250,46.3752,0.2011
13.7750,46.3752,0.2060
13.8250,46.3752,0.2008
13.8750,46.3752,0.2077
13.9250,46.3752,0.2077
13.9750,46.3752,0.2042
14.0250,46.3752,0.2073
14.0750,46.3752,0.2365
14.1250,46.3752,0.2316
14.1750,46.3752,0.2461
14.2250,46.3752,0.2483
14.2750,46.3752,0.2056
14.3250,46.3752,0.2056
14.3750,46.3752,0.2033
14.4250,46.3752,0.1899
14.4750,46.3752,0.1916
14.5250,46.3752,0.1854
14.5750,46.3752,0.1927
14.6250,46.3752,0.1927
14.6750,46.3752,0.1947
14.7250,46.3752,0.1876
14.7750,46.3752,0.1876
14.8250,46.3752,0.1851
14.8750,46.3752,0.1851
14.9250,46.3752,0.1861
14.9750,46.3752,0.1806
15.0250,46.3752,0.1886
15.0750,46.3752,0.1801
15.1250,46.3752,0.1882
15.1750,46.3752,0.1882
15.2250,46.3752,0.2007
15.2750,46.3752,0.1993
15.3250,46.3752,0.2012
15.3750,46.3752,0.1745
15.4250,46.3752,0.1697
15.4750,46.3752,0.1697
15.5250,46.3752,0.1532
15.5750,46.3752,0.1446
15.6250,46.3752,0.1442
15.6750,46.3752,0.1417
15.7250,46.3752,0.1417
15.7750,46.3752,0.1465
15.8250,46.3752,0.1367
15.8750,46.3752,0.1565
15.9250,46.3752,0.1429
15.9750,46.3752,0.1529
16.0250,46.3752,0.1529
16.0750,46.3752,0.1668
16.1250,46.3752,0.1527
16.1750,46.3752,0.1527
16.2250,46.3752,0.1676
16.2750,46.3752,0.1993
16.3250,46.3752,0.2454
16.3750,46.3752,0.1871
16.4250,46.3752,0.2164
16.4750,46.3752,0.2141
16.5250,46.3752,0.2041
16.5750,46.3752,0.2041
16.6250,46.3752,0.2019
16.6750,46.3752,0.1181
16.7250,46.3752,0.1182
16.7750,46.3752,0.0996
16.8250,46.3752,0.0900
16.8750,46.3752,0.0902
16.9250,46.3752,0.0789
16.9750,46.3752,0.0743
17.0250,46.3752,0.0743
17.0750,46.3752,0.0714
17.1250,46.3752,0.0708
17.1750,46.3752,0.0700
17.2250,46.3752,0.0632
17.2750,46.3752,0.0631
17.3250,46.3752,0.0603
17.3750,46.3752,0.0567
17.4250,46.3752,0.0576
17.4750,46.3752,0.0511
9.5250,46.3252,0.0743
9.5750,46.3252,0.0860
9.6250,46.3252,0.0860
9.6750,46.3252,0.0892
9.7250,46.3252,0.0922
9.7750,46.3252,0.0923
9.8250,46.3252,0.0924
9.8750,46.3252,0.0941
9.9250,46.3252,0.0941
9.9750,46.3252,0.0974
10.0250,46.3252,0.0957
10.0750,46.3252,0.0956
10.1250,46.3252,0.0987
10.1750,46.3252,0.0982
10.2250,46.3252,0.0982
10.2750,46.3252,0.1008
10.3250,46.3252,0.1009
10.3750,46.3252,0.1023
10.4250,46.3252,0.0939
10.4750,46.3252,0.0938
10.5250,46.3252,0.0902
10.5750,46.3252,0.0897
10.6250,46.3252,0.0897
10.6750,46.3252,0.0894
10.7250,46.3252,0.0884
10.7750,46.3252,0.0884
10.8250,46.3252,0.0869
10.8750,46.3252,0.0806
10.9250,46.3252,0.0813
10.9750,46.3252,0.0790
11.0250,46.3252,0.0768
11.0750,46.3252,0.0768
11.1250,46.3252,0.0749
11.1750,46.3252,0.0745
11.2250,46.3252,0.0737
11.2750,46.3252,0.0699
11.3250,46.3252,0.0703
11.3750,46.3252,0.0708
11.4250,46.3252,0.0727
11.4750,46.3252,0.0727
11.5250,46.3252,0.0771
11.5750,46.3252,0.0737
11.6250,46.3252,0.0755
11.6750,46.3252,0.0800
11.7250,46.3252,0.0864
11.7750,46.3252,0.0864
11.8250,46.3252,0.0926
11.8750,46.3252,0.0913
11.9250,46.3252,0.0971
11.9750,46.3252,0.1032
12.0250,46.3252,0.1105
12.0750,46.3252,0.1169
12.1250,46.3252,0.1353
12.1750,46.3252,0.1353
12.2250,46.3252,0.1463
12.2750,46.3252,0.1644
12.3250,46.3252,0.1645
12.3750,46.3252,0.2032
12.4250,46.3252,0.2365
12.4750,46.3252,0.2368
12.5250,46.3252,0.2141
12.5750,46.3252,0.2467
12.6250,46.3252,0.2467
12.6750,46.3252,0.2719
12.7250,46.3252,0.2847
12.7750,46.3252,0.3118
12.8250,46.3252,0.2747
12.8750,46.3252,0.3282
12.9250,46.3252,0.3031
12.9750,46.3252,0.3407
13.0250,46.3252,0.3407
13.0750,46.3252,0.3427
13.1250,46.3252,0.3003
13.1750,46.3252,0.3256
13.2250,46.3252,0.2965
13.2750,46.3252,0.2950
13.3250,46.3252,0.2950
13.3750,46.3252,0.2910
13.4250,46.3252,0.2458
13.4750,46.3252,0.2371
13.5250,46.3252,0.2379
13.5750,46.3252,0.2136
13.6250,46.3252,0.2136
13.6750,46.3252,0.2130
13.7250,46.3252,0.2130
13.7750,46.3252,0.2135
13.8250,46.3252,0.2007
13.8750,46.3252,0.2005
13.9250,46.3252,0.2025
13.9750,46.3252,0.2004
14.0250,46.3252,0.2004
14.0750,46.3252,0.2210
14.1250,46.3252,0.2324
14.1750,46.3252,0.2324
14.2250,46.3252,0.2272
14.2750,46.3252,0.2274
14.3250,46.3252,0.2310
14.3750,46.3252,0.2033
14.4250,46.3252,0.2076
14.4750,46.3252,0.2045
14.5250,46.3252,0.2143
14.5750,46.3252,0.2143
14.6250,46.3252,0.2177
14.6750,46.3252,0.2056
14.7250,46.3252,0.2121
14.7750,46.3252,0.2269
14.8250,46.3252,0.2096
14.8750,46.3252,0.2096
14.9250,46.3252,0.1978
14.9750,46.3252,0.1895
15.0250,46.3252,0.1896
15.0750,46.3252,0.1984
15.1250,46.3252,0.1998
15.1750,46.3252,0.2076
15.2250,46.3252,0.2008
15.2750,46.3252,0.2076
15.3250,46.3252,0.2051
15.3750,46.3252,0.2067
15.4250,46.3252,0.2067
15.4750,46.3252,0.1972
15.5250,46.3252,0.1631
15.5750,46.3252,0.1806
15.6250,46.3252,0.1597
15.6750,46.3252,0.1595
15.7250,46.3252,0.1595
15.7750,46.3252,0.1631
15.8250,46.3252,0.1571
15.8750,46.3252,0.1569
15.9250,46.3252,0.1691
15.9750,46.3252,0.1691
16.0250,46.3252,0.1747
16.0750,46.3252,0.1669
16.1250,46.3252,0.1834
16.1750,46.3252,0.1881
16.2250,46.3252,0.2063
16.2750,46.3252,0.2063
16.3250,46.3252,0.2388
16.3750,46.3252,0.2344
16.4250,46.3252,0.2344
16.4750,46.3252,0.2542
16.5250,46.3252,0.2269
16.5750,46.3252,0.2252
16.6250,46.3252,0.2019
16.6750,46.3252,0.1319
16.7250,46.3252,0.1300
16.7750,46.3252,0.1079
16.8250,46.3252,0.1079
16.8750,46.3252,0.0940
16.9250,46.3252,0.0856
16.9750,46.3252,0.0857
17.0250,46.3252,0.0818
17.0750,46.3252,0.0777
17.1250,46.3252,0.0778
17.1750,46.3252,0.0700
17.2250,46.3252,0.0684
17.2750,46.3252,0.0684
17.3250,46.3252,0.0658
17.3750,46.3252,0.0618
17.4250,46.3252,0.0627
17.4750,46.3252,0.0545
9.5250,46.2752,0.0751
9.5750,46.2752,0.0778
9.6250,46.2752,0.0851
9.6750,46.2752,0.0884
9.7250,46.2752,0.0884
9.7750,46.2752,0.0912
9.8250,46.2752,0.0934
9.8750,46.2752,0.0934
9.9250,46.2752,0.0923
9.9750,46.2752,0.0936
10.0250,46.2752,0.0936
10.0750,46.2752,0.0917
10.1250,46.2752,0.0971
10.1750,46.2752,0.0912
10.2250,46.2752,0.0966
10.2750,46.2752,0.0946
10.3250,46.2752,0.0946
10.3750,46.2752,0.0970
10.4250,46.2752,0.0965
10.4750,46.2752,0.0933
10.5250,46.2752,0.0902
10.5750,46.2752,0.0912
10.6250,46.2752,0.0898
10.6750,46.2752,0.0911
10.7250,46.2752,0.0911
10.7750,46.2752,0.0932
10.8250,46.2752,0.0869
10.8750,46.2752,0.0963
10.9250,46.2752,0.0856
10.9750,46.2752,0.0846
11.0250,46.2752,0.0846
11.0750,46.2752,0.0838
11.1250,46.2752,0.0755
11.1750,46.2752,0.0836
11.2250,46.2752,0.0740
11.2750,46.2752,0.0750
11.3250,46.2752,0.0750
11.3750,46.2752,0.0774
11.4250,46.2752,0.0774
11.4750,46.2752,0.0815
11.5250,46.2752,0.0771
11.5750,46.2752,0.0868
11.6250,46.2752,0.0824
11.6750,46.2752,0.0884
11.7250,46.2752,0.0884
11.7750,46.2752,0.0963
11.8250,46.2752,0.0927
11.8750,46.2752,0.1102
11.9250,46.2752,0.1039
11.9750,46.2752,0.1162
12.0250,46.2752,0.1162
12.0750,46.2752,0.1355
12.1250,46.2752,0.1356
12.1750,46.2752,0.1674
12.2250,46.2752,0.1566
12.2750,46.2752,0.2033
12.3250,46.2752,0.2031
12.3750,46.2752,0.2126
12.4250,46.2752,0.2126
12.4750,46.2752,0.2435
12.5250,46.2752,0.2406
12.5750,46.2752,0.2676
12.6250,46.2752,0.2690
12.6750,46.2752,0.2857
12.7250,46.2752,0.2857
12.7750,46.2752,0.3020
12.8250,46.2752,0.3310
12.8750,46.2752,0.3322
12.9250,46.2752,0.3105
12.9750,46.2752,0.3090
13.0250,46.2752,0.3089
13.0750,46.2752,0.3001
13.1250,46.2752,0.3001
13.1750,46.2752,0.3132
13.2250,46.2752,0.3120
13.2750,46.2752,0.3120
13.3250,46.2752,0.2690
13.3750,46.2752,0.2557
13.4250,46.2752,0.2556
13.4750,46.2752,0.2369
13.5250,46.2752,0.2125
13.5750,46.2752,0.2125
13.6250,46.2752,0.2255
13.6750,46.2752,0.2153
13.7250,46.2752,0.2076
13.7750,46.2752,0.2135
13.8250,46.2752,0.2001
13.8750,46.2752,0.1995
13.9250,46.2752,0.2148
13.9750,46.2752,0.2148
14.0250,46.2752,0.2010
14.0750,46.2752,0.2142
14.1250,46.2752,0.1975
14.1750,46.2752,0.2351
14.2250,46.2752,0.2147
14.2750,46.2752,0.2147
14.3250,46.2752,0.2390
14.3750,46.2752,0.2108
14.4250,46.2752,0.2232
14.4750,46.2752,0.2109
14.5250,46.2752,0.2357
14.5750,46.2752,0.2368
14.6250,46.2752,0.2488
14.6750,46.2752,0.2466
14.7250,46.2752,0.2122
14.7750,46.2752,0.2131
14.8250,46.2752,0.2131
14.8750,46.2752,0.2207
14.9250,46.2752,0.1978
14.9750,46.2752,0.2326
15.0250,46.2752,0.1962
15.0750,46.2752,0.2021
15.1250,46.2752,0.2021
15.1750,46.2752,0.2230
15.2250,46.2752,0.2077
15.2750,46.2752,0.2487
15.3250,46.2752,0.2062
15.3750,46.2752,0.2052
15.4250,46.2752,0.2050
15.4750,46.2752,0.2018
15.5250,46.2752,0.2018
15.5750,46.2752,0.1810
15.6250,46.2752,0.1753
15.6750,46.2752,0.1753
15.7250,46.2752,0.1780
15.7750,46.2752,0.1632
15.8250,46.2752,0.1853
15.8750,46.2752,0.1677
15.9250,46.2752,0.1726
15.9750,46.2752,0.1726
16.0250,46.2752,0.1857
16.0750,46.2752,0.1834
16.1250,46.2752,0.1838
16.1750,46.2752,0.2367
16.2250,46.2752,0.2368
16.2750,46.2752,0.2421
16.3250,46.2752,0.2389
16.3750,46.2752,0.2686
16.4250,46.2752,0.2323
16.4750,46.2752,0.2371
16.5250,46.2752,0.2371
16.5750,46.2752,0.2673
16.6250,46.2752,0.1739
16.6750,46.2752,0.1739
16.7250,46.2752,0.1250
16.7750,46.2752,0.1095
16.8250,46.2752,0.1094
16.8750,46.2752,0.0941
16.9250,46.2752,0.0887
16.9750,46.2752,0.0886
17.0250,46.2752,0.0852
17.0750,46.2752,0.0852
17.1250,46.2752,0.0829
17.1750,46.2752,0.0737
17.2250,46.2752,0.0745
17.2750,46.2752,0.0711
17.3250,46.2752,0.0693
17.3750,46.2752,0.0694
17.4250,46.2752,0.0627
17.4750,46.2752,0.0589
9.5250,46.2252,0.0772
9.5750,46.2252,0.0772
9.6250,46.2252,0.0825
9.6750,46.2252,0.0837
9.7250,46.2252,0.0908
9.7750,46.2252,0.0910
9.8250,46.2252,0.0935
9.8750,46.2252,0.0940
9.9250,46.2252,0.0936
9.9750,46.2252,0.0936
10.0250,46.2252,0.0929
10.0750,46.2252,0.0917
10.1250,46.2252,0.0881
10.1750,46.2252,0.0911
10.2250,46.2252,0.0919
10.2750,46.2252,0.0919
10.3250,46.2252,0.0928
10.3750,46.2252,0.0947
10.4250,46.2252,0.0940
10.4750,46.2252,0.0934
10.5250,46.2252,0.0955
10.5750,46.2252,0.0955
10.6250,46.2252,0.0997
10.6750,46.2252,0.1007
10.7250,46.2252,0.1039
10.7750,46.2252,0.1083
10.8250,46.2252,0.1092
10.8750,46.2252,0.0966
10.9250,46.2252,0.0972
10.9750,46.2252,0.0972
11.0250,46.2252,0.0967
11.0750,46.2252,0.0956
11.1250,46.2252,0.0957
11.1750,46.2252,0.0918
11.2250,46.2252,0.0834
11.2750,46.2252,0.0835
11.3250,46.2252,0.0840
11.3750,46.2252,0.0864
11.4250,46.2252,0.0865
11.4750,46.2252,0.0904
11.5250,46.2252,0.0877
11.5750,46.2252,0.0877
11.6250,46.2252,0.0925
11.6750,46.2252,0.0937
11.7250,46.2252,0.1027
11.7750,46.2252,0.1143
11.8250,46.2252,0.1144
11.8750,46.2252,0.1178
11.9250,46.2252,0.1224
11.9750,46.2252,0.1224
12.0250,46.2252,0.1430
12.0750,46.2252,0.1661
12.1250,46.2252,0.1662
12.1750,46.2252,0.2020
12.2250,46.2252,0.2047
12.2750,46.2252,0.2047
12.3250,46.2252,0.2440
12.3750,46.2252,0.2451
12.4250,46.2252,0.2470
12.4750,46.2252,0.2550
12.5250,46.2252,0.2684
12.5750,46.2252,0.2677
12.6250,46.2252,0.3037
12.6750,46.2252,0.3037
12.7250,46.2252,0.3291
12.7750,46.2252,0.3044
12.8250,46.2252,0.3141
12.8750,46.2252,0.3322
12.9250,46.2252,0.3393
12.9750,46.2252,0.3393
13.0250,46.2252,0.3245
13.0750,46.2252,0.3065
13.1250,46.2252,0.3209
13.1750,46.2252,0.3119
13.2250,46.2252,0.3240
13.2750,46.2252,0.3244
13.3250,46.2252,0.2862
13.3750,46.2252,0.2862
13.4250,46.2252,0.2472
13.4750,46.2252,0.2304
13.5250,46.2252,0.2082
13.5750,46.2252,0.2182
13.6250,46.2252,0.2054
13.6750,46.2252,0.2054
13.7250,46.2252,0.2044
13.7750,46.2252,0.2079
13.8250,46.2252,0.2153
13.8750,46.2252,0.1973
13.9250,46.2252,0.1990
13.9750,46.2252,0.1990
14.0250,46.2252,0.2115
14.0750,46.2252,0.2028
14.1250,46.2252,0.1973
14.1750,46.2252,0.2088
14.2250,46.2252,0.2088
14.2750,46.2252,0.2236
14.3250,46.2252,0.2391
14.3750,46.2252,0.2477
14.4250,46.2252,0.2407
14.4750,46.2252,0.2688
14.5250,46.2252,0.2688
14.5750,46.2252,0.3058
14.6250,46.2252,0.2541
14.6750,46.2252,0.2633
14.7250,46.2252,0.2595
14.7750,46.2252,0.2620
14.8250,46.2252,0.2620
14.8750,46.2252,0.2583
14.9250,46.2252,0.2565
14.9750,46.2252,0.2349
15.0250,46.2252,0.2402
15.0750,46.2252,0.2402
15.1250,46.2252,0.2439
15.1750,46.2252,0.2307
15.2250,46.2252,0.2473
15.2750,46.2252,0.2531
15.3250,46.2252,0.2492
15.3750,46.2252,0.2492
15.4250,46.2252,0.2273
15.4750,46.2252,0.2025
15.5250,46.2252,0.2179
15.5750,46.2252,0.2014
15.6250,46.2252,0.2013
15.6750,46.2252,0.2013
15.7250,46.2252,0.2010
15.7750,46.2252,0.2006
15.8250,46.2252,0.1854
15.8750,46.2252,0.1894
15.9250,46.2252,0.1894
15.9750,46.2252,0.1972
16.0250,46.2252,0.1861
16.0750,46.2252,0.2302
16.1250,46.2252,0.2117
16.1750,46.2252,0.2585
16.2250,46.2252,0.2585
16.2750,46.2252,0.2482
16.3250,46.2252,0.2691
16.3750,46.2252,0.2585
16.4250,46.2252,0.2594
16.4750,46.2252,0.2446
16.5250,46.2252,0.2278
16.5750,46.2252,0.2648
16.6250,46.2252,0.2170
16.6750,46.2252,0.1739
16.7250,46.2252,0.1298
16.7750,46.2252,0.1298
16.8250,46.2252,0.1122
16.8750,46.2252,0.1006
16.9250,46.2252,0.1014
16.9750,46.2252,0.0946
17.0250,46.2252,0.0906
17.0750,46.2252,0.0906
17.1250,46.2252,0.0830
17.1750,46.2252,0.0808
17.2250,46.2252,0.0808
17.2750,46.2252,0.0778
17.3250,46.2252,0.0778
17.3750,46.2252,0.0731
17.4250,46.2252,0.0671
17.4750,46.2252,0.0670
9.5250,46.1752,0.0695
9.5750,46.1752,0.0749
9.6250,46.1752,0.0823
9.6750,46.1752,0.0823
9.7250,46.1752,0.0902
9.7750,46.1752,0.0910
9.8250,46.1752,0.0910
9.8750,46.1752,0.0924
9.9250,46.1752,0.0919
9.9750,46.1752,0.0917
10.0250,46.1752,0.0897
10.0750,46.1752,0.0897
10.1250,46.1752,0.0895
10.1750,46.1752,0.0879
10.2250,46.1752,0.0890
10.2750,46.1752,0.0900
10.3250,46.1752,0.0933
10.3750,46.1752,0.0933
10.4250,46.1752,0.1009
10.4750,46.1752,0.0969
10.5250,46.1752,0.1094
10.5750,46.1752,0.1019
10.6250,46.1752,0.1088
10.6750,46.1752,0.1088
10.7250,46.1752,0.1175
10.7750,46.1752,0.1122
10.8250,46.1752,0.1398
10.8750,46.1752,0.1152
10.9250,46.1752,0.1192
10.9750,46.1752,0.1179
11.0250,46.1752,0.1208
11.0750,46.1752,0.1208
11.1250,46.1752,0.1286
11.1750,46.1752,0.0934
11.2250,46.1752,0.1130
11.2750,46.1752,0.0908
11.3250,46.1752,0.0912
11.3750,46.1752,0.0912
11.4250,46.1752,0.0956
11.4750,46.1752,0.0905
11.5250,46.1752,0.1064
11.5750,46.1752,0.0971
11.6250,46.1752,0.1082
11.6750,46.1752,0.1082
11.7250,46.1752,0.1190
11.7750,46.1752,0.1189
11.8250,46.1752,0.1389
11.8750,46.1752,0.1295
11.9250,46.1752,0.1636
11.9750,46.1752,0.1508
12.0250,46.1752,0.1745
12.0750,46.1752,0.1745
12.1250,46.1752,0.2033
12.1750,46.1752,0.2249
12.2250,46.1752,0.2502
12.2750,46.1752,0.2295
12.3250,46.1752,0.2459
12.3750,46.1752,0.2459
12.4250,46.1752,0.2569
12.4750,46.1752,0.2682
12.5250,46.1752,0.2742
12.5750,46.1752,0.2847
12.6250,46.1752,0.2817
12.6750,46.1752,0.2816
12.7250,46.1752,0.2870
12.7750,46.1752,0.2871
12.8250,46.1752,0.2713
12.8750,46.1752,0.3079
12.9250,46.1752,0.3019
12.9750,46.1752,0.2819
13.0250,46.1752,0.2619
13.0750,46.1752,0.2619
13.1250,46.1752,0.2657
13.1750,46.1752,0.2839
13.2250,46.1752,0.2838
13.2750,46.1752,0.2664
13.3250,46.1752,0.2488
13.3750,46.1752,0.2481
13.4250,46.1752,0.2396
13.4750,46.1752,0.2073
13.5250,46.1752,0.2070
13.5750,46.1752,0.1951
13.6250,46.1752,0.1951
13.6750,46.1752,0.2011
13.7250,46.1752,0.2044
13.7750,46.1752,0.1995
13.8250,46.1752,0.2318
13.8750,46.1752,0.2114
13.9250,46.1752,0.2114
13.9750,46.1752,0.1964
14.0250,46.1752,0.2121
14.0750,46.1752,0.2009
14.1250,46.1752,0.1997
14.1750,46.1752,0.2162
14.2250,46.1752,0.2162
14.2750,46.1752,0.2296
14.3250,46.1752,0.2339
14.3750,46.1752,0.2687
14.4250,46.1752,0.2770
14.4750,46.1752,0.2773
14.5250,46.1752,0.2721
14.5750,46.1752,0.2939
14.6250,46.1752,0.2935
14.6750,46.1752,0.2633
14.7250,46.1752,0.2661
14.7750,46.1752,0.2661
14.8250,46.1752,0.2759
14.8750,46.1752,0.2599
14.9250,46.1752,0.3116
14.9750,46.1752,0.2508
15.0250,46.1752,0.2529
15.0750,46.1752,0.2529
15.1250,46.1752,0.2895
15.1750,46.1752,0.2875
15.2250,46.1752,0.2898
15.2750,46.1752,0.2526
15.3250,46.1752,0.2539
15.3750,46.1752,0.2576
15.4250,46.1752,0.2577
15.4750,46.1752,0.2580
15.5250,46.1752,0.2179
15.5750,46.1752,0.2188
15.6250,46.1752,0.2188
15.6750,46.1752,0.2449
15.7250,46.1752,0.2022
15.7750,46.1752,0.2668
15.8250,46.1752,0.2002
15.8750,46.1752,0.1904
15.9250,46.1752,0.1904
15.9750,46.1752,0.2158
16.0250,46.1752,0.2165
16.0750,46.1752,0.2515
16.1250,46.1752,0.2411
16.1750,46.1752,0.2412
16.2250,46.1752,0.2673
16.2750,46.1752,0.2527
16.3250,46.1752,0.2744
16.3750,46.1752,0.2441
16.4250,46.1752,0.2712
16.4750,46.1752,0.2712
16.5250,46.1752,0.2359
16.5750,46.1752,0.2196
16.6250,46.1752,0.2075
16.6750,46.1752,0.1540
16.7250,46.1752,0.1246
16.7750,46.1752,0.1231
16.8250,46.1752,0.1131
16.8750,46.1752,0.1109
16.9250,46.1752,0.1020
16.9750,46.1752,0.0958
17.0250,46.1752,0.0958
17.0750,46.1752,0.0934
17.1250,46.1752,0.0867
17.1750,46.1752,0.0911
17.2250,46.1752,0.0835
17.2750,46.1752,0.0813
17.3250,46.1752,0.0813
17.3750,46.1752,0.0733
17.4250,46.1752,0.0697
17.4750,46.1752,0.0697
9.5250,46.1252,0.0731
9.5750,46.1252,0.0801
9.6250,46.1252,0.0801
9.6750,46.1252,0.0848
9.7250,46.1252,0.0879
9.7750,46.1252,0.0874
9.8250,46.1252,0.0895
9.8750,46.1252,0.0904
9.9250,46.1252,0.0904
9.9750,46.1252,0.0910
10.0250,46.1252,0.0904
10.0750,46.1252,0.0911
10.1250,46.1252,0.0895
10.1750,46.1252,0.0924
10.2250,46.1252,0.0924
10.2750,46.1252,0.0987
10.3250,46.1252,0.0987
10.3750,46.1252,0.1065
10.4250,46.1252,0.1010
10.4750,46.1252,0.1128
10.5250,46.1252,0.1096
10.5750,46.1252,0.1190
10.6250,46.1252,0.1190
10.6750,46.1252,0.1333
10.7250,46.1252,0.1384
10.7750,46.1252,0.1470
10.8250,46.1252,0.1399
10.8750,46.1252,0.1625
10.9250,46.1252,0.1625
10.9750,46.1252,0.1713
11.0250,46.1252,0.1598
11.0750,46.1252,0.1507
11.1250,46.1252,0.1395
11.1750,46.1252,0.1405
11.2250,46.1252,0.1130
11.2750,46.1252,0.1039
11.3250,46.1252,0.1039
11.3750,46.1252,0.1061
11.4250,46.1252,0.1131
11.4750,46.1252,0.1136
11.5250,46.1252,0.1069
11.5750,46.1252,0.1176
11.6250,46.1252,0.1176
11.6750,46.1252,0.1338
11.7250,46.1252,0.1495
11.7750,46.1252,0.1499
11.8250,46.1252,0.1485
11.8750,46.1252,0.1757
11.9250,46.1252,0.1757
11.9750,46.1252,0.2121
12.0250,46.1252,0.2186
12.0750,46.1252,0.2550
12.1250,46.1252,0.2311
12.1750,46.1252,0.2519
12.2250,46.1252,0.2503
12.2750,46.1252,0.2663
12.3250,46.1252,0.2663
12.3750,46.1252,0.2937
12.4250,46.1252,0.2879
12.4750,46.1252,0.3161
12.5250,46.1252,0.2742
12.5750,46.1252,0.3087
12.6250,46.1252,0.3087
12.6750,46.1252,0.2998
12.7250,46.1252,0.2869
12.7750,46.1252,0.2661
12.8250,46.1252,0.2713
12.8750,46.1252,0.2643
12.9250,46.1252,0.2646
12.9750,46.1252,0.2817
13.0250,46.1252,0.2817
13.0750,46.1252,0.2605
13.1250,46.1252,0.2643
13.1750,46.1252,0.2446
13.2250,46.1252,0.2653
13.2750,46.1252,0.2550
13.3250,46.1252,0.2550
13.3750,46.1252,0.2528
13.4250,46.1252,0.2106
13.4750,46.1252,0.1940
13.5250,46.1252,0.1958
13.5750,46.1252,0.1867
13.6250,46.1252,0.1867
13.6750,46.1252,0.1910
13.7250,46.1252,0.1957
13.7750,46.1252,0.1985
13.8250,46.1252,0.1981
13.8750,46.1252,0.2009
13.9250,46.1252,0.2241
13.9750,46.1252,0.2061
14.0250,46.1252,0.2062
14.0750,46.1252,0.2009
14.1250,46.1252,0.2025
14.1750,46.1252,0.2025
14.2250,46.1252,0.2179
14.2750,46.1252,0.2335
14.3250,46.1252,0.2610
14.3750,46.1252,0.2714
14.4250,46.1252,0.3582
14.4750,46.1252,0.3582
14.5250,46.1252,0.3383
14.5750,46.1252,0.3336
14.6250,46.1252,0.2989
14.6750,46.1252,0.3144
14.7250,46.1252,0.3458
14.7750,46.1252,0.3608
14.8250,46.1252,0.3325
14.8750,46.1252,0.3325
14.9250,46.1252,0.2873
14.9750,46.1252,0.3432
15.0250,46.1252,0.3432
15.0750,46.1252,0.3107
15.1250,46.1252,0.2976
15.1750,46.1252,0.2995
15.2250,46.1252,0.2899
15.2750,46.1252,0.3022
15.3250,46.1252,0.3022
15.3750,46.1252,0.3036
15.4250,46.1252,0.3009
15.4750,46.1252,0.2652
15.5250,46.1252,0.3000
15.5750,46.1252,0.2716
15.6250,46.1252,0.2640
15.6750,46.1252,0.2533
15.7250,46.1252,0.2533
15.7750,46.1252,0.2677
15.8250,46.1252,0.2406
15.8750,46.1252,0.2406
15.9250,46.1252,0.2344
15.9750,46.1252,0.2221
16.0250,46.1252,0.2483
16.0750,46.1252,0.2753
16.1250,46.1252,0.2636
16.1750,46.1252,0.2636
16.2250,46.1252,0.2526
16.2750,46.1252,0.2558
16.3250,46.1252,0.2670
16.3750,46.1252,0.2487
16.4250,46.1252,0.2484
16.4750,46.1252,0.2445
16.5250,46.1252,0.2015
16.5750,46.1252,0.1920
16.6250,46.1252,0.2065
16.6750,46.1252,0.1468
16.7250,46.1252,0.1468
16.7750,46.1252,0.1256
16.8250,46.1252,0.1145
16.8750,46.1252,0.1151
16.9250,46.1252,0.1080
16.9750,46.1252,0.1040
17.0250,46.1252,0.1040
17.0750,46.1252,0.0988
17.1250,46.1252,0.0936
17.1750,46.1252,0.0924
17.2250,46.1252,0.0898
17.2750,46.1252,0.0898
17.3250,46.1252,0.0860
17.3750,46.1252,0.0791
17.4250,46.1252,0.0816
17.4750,46.1252,0.0759
9.5250,46.0752,0.0787
9.5750,46.0752,0.0787
9.6250,46.0752,0.0846
9.6750,46.0752,0.0850
9.7250,46.0752,0.0895
9.7750,46.0752,0.0874
9.8250,46.0752,0.0890
9.8750,46.0752,0.0890
9.9250,46.0752,0.0906
9.9750,46.0752,0.0927
10.0250,46.0752,0.0927
10.0750,46.0752,0.0965
10.1250,46.0752,0.0926
10.1750,46.0752,0.0929
10.2250,46.0752,0.0977
10.2750,46.0752,0.1067
10.3250,46.0752,0.1069
10.3750,46.0752,0.1174
10.4250,46.0752,0.1171
10.4750,46.0752,0.1335
10.5250,46.0752,0.1194
10.5750,46.0752,0.1285
10.6250,46.0752,0.1333
10.6750,46.0752,0.1596
10.7250,46.0752,0.1596
10.7750,46.0752,0.1888
10.8250,46.0752,0.1634
10.8750,46.0752,0.2067
10.9250,46.0752,0.1592
10.9750,46.0752,0.1622
11.0250,46.0752,0.1622
11.0750,46.0752,0.1560
11.1250,46.0752,0.1479
11.1750,46.0752,0.1540
11.2250,46.0752,0.1174
11.2750,46.0752,0.1134
11.3250,46.0752,0.1134
11.3750,46.0752,0.1190
11.4250,46.0752,0.1190
11.4750,46.0752,0.1405
11.5250,46.0752,0.1276
11.5750,46.0752,0.1847
11.6250,46.0752,0.1466
11.6750,46.0752,0.1690
11.7250,46.0752,0.1690
11.7750,46.0752,0.1956
11.8250,46.0752,0.1713
11.8750,46.0752,0.2297
11.9250,46.0752,0.2087
11.9750,46.0752,0.2327
12.0250,46.0752,0.2327
12.0750,46.0752,0.2621
12.1250,46.0752,0.2532
12.1750,46.0752,0.2808
12.2250,46.0752,0.2640
12.2750,46.0752,0.2698
12.3250,46.0752,0.2696
12.3750,46.0752,0.2870
12.4250,46.0752,0.2871
12.4750,46.0752,0.3051
12.5250,46.0752,0.2721
12.5750,46.0752,0.2817
12.6250,46.0752,0.2608
12.6750,46.0752,0.2242
12.7250,46.0752,0.2242
12.7750,46.0752,0.2030
12.8250,46.0752,0.2442
12.8750,46.0752,0.2390
12.9250,46.0752,0.2161
12.9750,46.0752,0.2179
13.0250,46.0752,0.2179
13.0750,46.0752,0.2271
13.1250,46.0752,0.2413
13.1750,46.0752,0.2444
13.2250,46.0752,0.2312
13.2750,46.0752,0.2309
13.3250,46.0752,0.2080
13.3750,46.0752,0.2284
13.4250,46.0752,0.2025
13.4750,46.0752,0.1939
13.5250,46.0752,0.1865
13.5750,46.0752,0.1865
13.6250,46.0752,0.1778
13.6750,46.0752,0.1907
13.7250,46.0752,0.1805
13.7750,46.0752,0.1979
13.8250,46.0752,0.2003
13.8750,46.0752,0.2003
13.9250,46.0752,0.2080
13.9750,46.0752,0.2077
14.0250,46.0752,0.2085
14.0750,46.0752,0.2188
14.1250,46.0752,0.2168
14.1750,46.0752,0.2166
14.2250,46.0752,0.2119
14.2750,46.0752,0.2119
14.3250,46.0752,0.2484
14.3750,46.0752,0.2646
14.4250,46.0752,0.2648
14.4750,46.0752,0.2918
14.5250,46.0752,0.2989
14.5750,46.0752,0.2985
14.6250,46.0752,0.2988
14.6750,46.0752,0.2914
14.7250,46.0752,0.2914
14.7750,46.0752,0.2612
14.8250,46.0752,0.2680
14.8750,46.0752,0.3288
14.9250,46.0752,0.2803
14.9750,46.0752,0.2807
15.0250,46.0752,0.2785
15.0750,46.0752,0.2773
15.1250,46.0752,0.2773
15.1750,46.0752,0.3079
15.2250,46.0752,0.2735
15.2750,46.0752,0.2785
15.3250,46.0752,0.2675
15.3750,46.0752,0.3191
15.4250,46.0752,0.3191
15.4750,46.0752,0.2662
15.5250,46.0752,0.2682
15.5750,46.0752,0.2682
15.6250,46.0752,0.2913
15.6750,46.0752,0.2868
15.7250,46.0752,0.2693
15.7750,46.0752,0.2716
15.8250,46.0752,0.2577
15.8750,46.0752,0.2551
15.9250,46.0752,0.2896
15.9750,46.0752,0.2896
16.0250,46.0752,0.2713
16.0750,46.0752,0.2678
16.1250,46.0752,0.2678
16.1750,46.0752,0.2941
16.2250,46.0752,0.2552
16.2750,46.0752,0.2558
16.3250,46.0752,0.2669
16.3750,46.0752,0.2488
16.4250,46.0752,0.2488
16.4750,46.0752,0.2333
16.5250,46.0752,0.2123
16.5750,46.0752,0.1623
16.6250,46.0752,0.1521
16.6750,46.0752,0.1387
16.7250,46.0752,0.1310
16.7750,46.0752,0.1211
16.8250,46.0752,0.1210
16.8750,46.0752,0.1151
16.9250,46.0752,0.1093
16.9750,46.0752,0.1093
17.0250,46.0752,0.1074
17.0750,46.0752,0.1001
17.1250,46.0752,0.1060
17.1750,46.0752,0.0939
17.2250,46.0752,0.0916
17.2750,46.0752,0.0916
17.3250,46.0752,0.0900
17.3750,46.0752,0.0824
17.4250,46.0752,0.0823
17.4750,46.0752,0.0789
9.5250,46.0252,0.0885
9.5750,46.0252,0.0892
9.6250,46.0252,0.0932
9.6750,46.0252,0.0931
9.7250,46.0252,0.0978
9.7750,46.0252,0.0935
9.8250,46.0252,0.0989
9.8750,46.0252,0.0987
9.9250,46.0252,0.1015
9.9750,46.0252,0.1015
10.0250,46.0252,0.1039
10.0750,46.0252,0.0982
10.1250,46.0252,0.1080
10.1750,46.0252,0.1064
10.2250,46.0252,0.1155
10.2750,46.0252,0.1155
10.3250,46.0252,0.1279
10.3750,46.0252,0.1189
10.4250,46.0252,0.1422
10.4750,46.0252,0.1338
10.5250,46.0252,0.1517
10.5750,46.0252,0.1517
10.6250,46.0252,0.1699
10.6750,46.0252,0.1699
10.7250,46.0252,0.1994
10.7750,46.0252,0.1888
10.8250,46.0252,0.1933
10.8750,46.0252,0.2090
10.9250,46.0252,0.1865
10.9750,46.0252,0.1865
11.0250,46.0252,0.1800
11.0750,46.0252,0.1586
11.1250,46.0252,0.1642
11.1750,46.0252,0.1540
11.2250,46.0252,0.1320
11.2750,46.0252,0.1320
11.3250,46.0252,0.1341
11.3750,46.0252,0.1411
11.4250,46.0252,0.1460
11.4750,46.0252,0.1409
11.5250,46.0252,0.1917
11.5750,46.0252,0.1923
11.6250,46.0252,0.1984
11.6750,46.0252,0.1985
11.7250,46.0252,0.2219
11.7750,46.0252,0.2070
11.8250,46.0252,0.2451
11.8750,46.0252,0.2298
11.9250,46.0252,0.2799
11.9750,46.0252,0.2799
12.0250,46.0252,0.2752
12.0750,46.0252,0.2752
12.1250,46.0252,0.2878
12.1750,46.0252,0.2809
12.2250,46.0252,0.3057
12.2750,46.0252,0.3057
12.3250,46.0252,0.3379
12.3750,46.0252,0.3205
12.4250,46.0252,0.2986
12.4750,46.0252,0.3051
12.5250,46.0252,0.2946
12.5750,46.0252,0.2962
12.6250,46.0252,0.2462
12.6750,46.0252,0.2462
12.7250,46.0252,0.1934
12.7750,46.0252,0.2030
12.8250,46.0252,0.1698
12.8750,46.0252,0.1982
12.9250,46.0252,0.2130
12.9750,46.0252,0.2130
13.0250,46.0252,0.2045
13.0750,46.0252,0.2266
13.1250,46.0252,0.2067
13.1750,46.0252,0.2237
13.2250,46.0252,0.2391
13.2750,46.0252,0.2391
13.3250,46.0252,0.2082
13.3750,46.0252,0.2064
13.4250,46.0252,0.1822
13.4750,46.0252,0.1775
13.5250,46.0252,0.1724
13.5750,46.0252,0.1718
13.6250,46.0252,0.1753
13.6750,46.0252,0.1753
13.7250,46.0252,0.1765
13.7750,46.0252,0.1895
13.8250,46.0252,0.1895
13.8750,46.0252,0.1944
13.9250,46.0252,0.2034
13.9750,46.0252,0.2033
14.0250,46.0252,0.2086
14.0750,46.0252,0.2183
14.1250,46.0252,0.2183
14.1750,46.0252,0.2517
14.2250,46.0252,0.2473
14.2750,46.0252,0.2395
14.3250,46.0252,0.2483
14.3750,46.0252,0.2837
14.4250,46.0252,0.2889
14.4750,46.0252,0.3332
14.5250,46.0252,0.3332
14.5750,46.0252,0.3312
14.6250,46.0252,0.2732
14.6750,46.0252,0.2643
14.7250,46.0252,0.2795
14.7750,46.0252,0.2906
14.8250,46.0252,0.2906
14.8750,46.0252,0.2709
14.9250,46.0252,0.2934
14.9750,46.0252,0.2934
15.0250,46.0252,0.2951
15.0750,46.0252,0.2882
15.1250,46.0252,0.2846
15.1750,46.0252,0.3079
15.2250,46.0252,0.3379
15.2750,46.0252,0.3457
15.3250,46.0252,0.3177
15.3750,46.0252,0.3177
15.4250,46.0252,0.3111
15.4750,46.0252,0.3397
15.5250,46.0252,0.3313
15.5750,46.0252,0.3681
15.6250,46.0252,0.3432
15.6750,46.0252,0.3432
15.7250,46.0252,0.2857
15.7750,46.0252,0.2854
15.8250,46.0252,0.2854
15.8750,46.0252,0.2778
15.9250,46.0252,0.2839
15.9750,46.0252,0.2891
16.0250,46.0252,0.2716
16.0750,46.0252,0.2689
16.1250,46.0252,0.2681
16.1750,46.0252,0.2804
16.2250,46.0252,0.2804
16.2750,46.0252,0.2602
16.3250,46.0252,0.2554
16.3750,46.0252,0.2551
16.4250,46.0252,0.2381
16.4750,46.0252,0.1988
16.5250,46.0252,0.1983
16.5750,46.0252,0.1623
16.6250,46.0252,0.1429
16.6750,46.0252,0.1429
16.7250,46.0252,0.1277
16.7750,46.0252,0.1217
16.8250,46.0252,0.1193
16.8750,46.0252,0.1186
16.9250,46.0252,0.1165
16.9750,46.0252,0.1164
17.0250,46.0252,0.1123
17.0750,46.0252,0.1122
17.1250,46.0252,0.1060
17.1750,46.0252,0.1030
17.2250,46.0252,0.1030
17.2750,46.0252,0.1002
17.3250,46.0252,0.0903
17.3750,46.0252,0.0945
17.4250,46.0252,0.0882
17.4750,46.0252,0.0849
