lon,lat,pga_g
20.5250,70.0750,0.0080
20.5750,70.0750,0.0078
20.6250,70.0750,0.0079
20.6750,70.0750,0.0079
20.7250,70.0750,0.0077
20.7750,70.0750,0.0079
20.8250,70.0750,0.0078
20.8750,70.0750,0.0076
20.9250,70.0750,0.0076
20.9750,70.0750,0.0076
21.0250,70.0750,0.0076
21.1750,70.0750,0.0064
21.2250,70.0750,0.0063
21.2750,70.0750,0.0064
21.5250,70.0750,0.0060
21.5750,70.0750,0.0060
21.6250,70.0750,0.0056
21.6750,70.0750,0.0056
21.7250,70.0750,0.0055
21.7750,70.0750,0.0052
21.8250,70.0750,0.0052
21.8750,70.0750,0.0002
21.9250,70.0750,0.0000
21.9750,70.0750,0.0000
22.0250,70.0750,0.0000
22.0750,70.0750,0.0000
22.1250,70.0750,0.0000
22.1750,70.0750,0.0000
22.2250,70.0750,0.0000
22.2750,70.0750,0.0000
22.3250,70.0750,0.0000
22.3750,70.0750,0.0000
22.4250,70.0750,0.0000
22.4750,70.0750,0.0000
22.5250,70.0750,0.0000
22.5750,70.0750,0.0000
22.6250,70.0750,0.0000
22.6750,70.0750,0.0000
22.7250,70.0750,0.0000
22.7750,70.0750,0.0000
22.8250,70.0750,0.0000
22.8750,70.0750,0.0000
22.9250,70.0750,0.0000
22.9750,70.0750,0.0000
23.0250,70.0750,0.0000
23.0750,70.0750,0.0000
23.1250,70.0750,0.0000
23.1750,70.0750,0.0000
23.2250,70.0750,0.0000
23.2750,70.0750,0.0000
23.3250,70.0750,0.0000
23.3750,70.0750,0.0000
23.4250,70.0750,0.0000
23.4750,70.0750,0.0000
23.5250,70.0750,0.0000
23.5750,70.0750,0.0000
23.6250,70.0750,0.0000
23.6750,70.0750,0.0000
23.7250,70.0750,0.0000
23.7750,70.0750,0.0000
23.8250,70.0750,0.0000
23.8750,70.0750,0.0000
23.9250,70.0750,0.0000
23.9750,70.0750,0.0000
24.0250,70.0750,0.0000
24.0750,70.0750,0.0000
24.1250,70.0750,0.0000
24.1750,70.0750,0.0000
24.2250,70.0750,0.0000
24.2750,70.0750,0.0000
24.3250,70.0750,0.0000
24.3750,70.0750,0.0000
24.4250,70.0750,0.0000
24.4750,70.0750,0.0000
24.5250,70.0750,0.0000
24.5750,70.0750,0.0000
24.6250,70.0750,0.0000
24.6750,70.0750,0.0000
24.7250,70.0750,0.0000
24.7750,70.0750,0.0000
24.8250,70.0750,0.0000
24.8750,70.0750,0.0000
24.9250,70.0750,0.0000
24.9750,70.0750,0.0000
25.0250,70.0750,0.0000
25.0750,70.0750,0.0000
25.1250,70.0750,0.0000
25.1750,70.0750,0.0000
25.2250,70.0750,0.0000
25.2750,70.0750,0.0000
25.3250,70.0750,0.0000
25.3750,70.0750,0.0000
25.4250,70.0750,0.0000
25.4750,70.0750,0.0000
25.5250,70.0750,0.0000
25.5750,70.0750,0.0000
25.6250,70.0750,0.0000
25.6750,70.0750,0.0000
25.7250,70.0750,0.0000
25.7750,70.0750,0.0000
25.8250,70.0750,0.0000
25.8750,70.0750,0.0000
25.9250,70.0750,0.0000
25.9750,70.0750,0.0000
26.0250,70.0750,0.0000
26.0750,70.0750,0.0000
26.1250,70.0750,0.0000
26.1750,70.0750,0.0000
26.2250,70.0750,0.0000
26.2750,70.0750,0.0000
26.3250,70.0750,0.0000
26.3750,70.0750,0.0000
26.4250,70.0750,0.0000
26.4750,70.0750,0.0000
26.5250,70.0750,0.0000
26.5750,70.0750,0.0000
26.6250,70.0750,0.0000
26.6750,70.0750,0.0000
26.7250,70.0750,0.0000
26.7750,70.0750,0.0000
26.8250,70.0750,0.0000
26.8750,70.0750,0.0000
26.9250,70.0750,0.0000
26.9750,70.0750,0.0000
27.0250,70.0750,0.0000
27.0750,70.0750,0.0000
27.1250,70.0750,0.0000
27.1750,70.0750,0.0000
27.2250,70.0750,0.0000
27.2750,70.0750,0.0000
27.3250,70.0750,0.0000
27.3750,70.0750,0.0000
27.4250,70.0750,0.0000
27.4750,70.0750,0.0000
27.5250,70.0750,0.0000
27.5750,70.0750,0.0000
27.6250,70.0750,0.0000
27.6750,70.0750,0.0000
27.7250,70.0750,0.0000
27.7750,70.0750,0.0000
27.8250,70.0750,0.0000
27.8750,70.0750,0.0000
27.9250,70.0750,0.0000
27.9750,70.0750,0.0000
28.0250,70.0750,0.0000
28.0750,70.0750,0.0000
28.1250,70.0750,0.0000
28.1750,70.0750,0.0000
28.2250,70.0750,0.0000
28.2750,70.0750,0.0000
28.3250,70.0750,0.0000
28.3750,70.0750,0.0000
28.4250,70.0750,0.0000
28.4750,70.0750,0.0000
28.5250,70.0750,0.0000
28.5750,70.0750,0.0000
28.6250,70.0750,0.0000
28.6750,70.0750,0.0000
28.7250,70.0750,0.0000
28.7750,70.0750,0.0000
28.8250,70.0750,0.0000
28.8750,70.0750,0.0000
28.9250,70.0750,0.0000
28.9750,70.0750,0.0000
29.0250,70.0750,0.0000
29.0750,70.0750,0.0000
29.1250,70.0750,0.0000
29.1750,70.0750,0.0000
29.5750,70.0750,0.0000
29.6250,70.0750,0.0000
29.6750,70.0750,0.0000
29.7250,70.0750,0.0000
29.7750,70.0750,0.0000
29.8250,70.0750,0.0000
29.8750,70.0750,0.0000
29.9250,70.0750,0.0000
29.9750,70.0750,0.0000
30.0250,70.0750,0.0000
30.0750,70.0750,0.0000
30.1250,70.0750,0.0000
30.1750,70.0750,0.0000
30.2250,70.0750,0.0000
30.2750,70.0750,0.0000
20.5250,70.0250,0.0080
20.5750,70.0250,0.0080
20.6250,70.0250,0.0079
20.7250,70.0250,0.0079
20.7750,70.0250,0.0079
20.8250,70.0250,0.0077
20.8750,70.0250,0.0077
20.9250,70.0250,0.0077
20.9750,70.0250,0.0076
21.0250,70.0250,0.0075
21.0750,70.0250,0.0065
21.1750,70.0250,0.0064
21.2250,70.0250,0.0064
21.2750,70.0250,0.0063
21.3250,70.0250,0.0063
21.3750,70.0250,0.0062
21.4250,70.0250,0.0062
21.4750,70.0250,0.0058
21.5250,70.0250,0.0059
21.5750,70.0250,0.0055
21.6250,70.0250,0.0053
21.6750,70.0250,0.0053
21.7250,70.0250,0.0053
21.7750,70.0250,0.0022
21.8250,70.0250,0.0000
21.8750,70.0250,0.0000
21.9250,70.0250,0.0000
21.9750,70.0250,0.0000
22.0250,70.0250,0.0000
22.0750,70.0250,0.0000
22.1250,70.0250,0.0000
22.1750,70.0250,0.0000
22.2250,70.0250,0.0000
22.2750,70.0250,0.0000
22.3250,70.0250,0.0000
22.3750,70.0250,0.0000
22.4250,70.0250,0.0000
22.4750,70.0250,0.0000
22.5250,70.0250,0.0000
22.5750,70.0250,0.0000
22.6250,70.0250,0.0000
22.6750,70.0250,0.0000
22.7250,70.0250,0.0000
22.7750,70.0250,0.0000
22.8250,70.0250,0.0000
22.8750,70.0250,0.0000
22.9250,70.0250,0.0000
22.9750,70.0250,0.0000
23.0250,70.0250,0.0000
23.0750,70.0250,0.0000
23.1250,70.0250,0.0000
23.2750,70.0250,0.0000
23.3250,70.0250,0.0000
23.3750,70.0250,0.0000
23.4250,70.0250,0.0000
23.4750,70.0250,0.0000
23.5250,70.0250,0.0000
23.5750,70.0250,0.0000
23.6250,70.0250,0.0000
23.6750,70.0250,0.0000
23.7250,70.0250,0.0000
23.7750,70.0250,0.0000
23.8250,70.0250,0.0000
23.8750,70.0250,0.0000
23.9250,70.0250,0.0000
23.9750,70.0250,0.0000
24.0250,70.0250,0.0000
24.0750,70.0250,0.0000
24.1250,70.0250,0.0000
24.1750,70.0250,0.0000
24.2250,70.0250,0.0000
24.2750,70.0250,0.0000
24.3250,70.0250,0.0000
24.3750,70.0250,0.0000
24.4250,70.0250,0.0000
24.4750,70.0250,0.0000
24.5250,70.0250,0.0000
24.5750,70.0250,0.0000
24.6250,70.0250,0.0000
24.6750,70.0250,0.0000
24.7250,70.0250,0.0000
24.7750,70.0250,0.0000
24.8250,70.0250,0.0000
24.8750,70.0250,0.0000
24.9250,70.0250,0.0000
24.9750,70.0250,0.0000
25.0250,70.0250,0.0000
25.0750,70.0250,0.0000
25.1250,70.0250,0.0000
25.1750,70.0250,0.0000
25.2250,70.0250,0.0000
25.2750,70.0250,0.0000
25.3250,70.0250,0.0000
25.3750,70.0250,0.0000
25.4250,70.0250,0.0000
25.4750,70.0250,0.0000
25.5250,70.0250,0.0000
25.5750,70.0250,0.0000
25.6250,70.0250,0.0000
25.6750,70.0250,0.0000
25.7250,70.0250,0.0000
25.7750,70.0250,0.0000
25.8250,70.0250,0.0000
25.8750,70.0250,0.0000
25.9250,70.0250,0.0000
25.9750,70.0250,0.0000
26.0250,70.0250,0.0000
26.0750,70.0250,0.0000
26.1250,70.0250,0.0000
26.1750,70.0250,0.0000
26.2250,70.0250,0.0000
26.2750,70.0250,0.0000
26.3250,70.0250,0.0000
26.3750,70.0250,0.0000
26.4250,70.0250,0.0000
26.4750,70.0250,0.0000
26.5250,70.0250,0.0000
26.5750,70.0250,0.0000
26.6250,70.0250,0.0000
26.6750,70.0250,0.0000
26.7250,70.0250,0.0000
26.7750,70.0250,0.0000
26.8250,70.0250,0.0000
26.8750,70.0250,0.0000
26.9250,70.0250,0.0000
26.9750,70.0250,0.0000
27.0250,70.0250,0.0000
27.0750,70.0250,0.0000
27.1250,70.0250,0.0000
27.1750,70.0250,0.0000
27.2250,70.0250,0.0000
27.2750,70.0250,0.0000
27.3250,70.0250,0.0000
27.3750,70.0250,0.0000
27.4250,70.0250,0.0000
27.4750,70.0250,0.0000
27.5250,70.0250,0.0000
27.5750,70.0250,0.0000
27.6250,70.0250,0.0000
27.6750,70.0250,0.0000
27.7250,70.0250,0.0000
27.7750,70.0250,0.0000
27.8250,70.0250,0.0000
27.8750,70.0250,0.0000
27.9250,70.0250,0.0000
27.9750,70.0250,0.0000
28.0250,70.0250,0.0000
28.0750,70.0250,0.0000
28.1250,70.0250,0.0000
28.1750,70.0250,0.0000
28.2250,70.0250,0.0000
28.2750,70.0250,0.0000
28.3250,70.0250,0.0000
28.3750,70.0250,0.0000
28.4250,70.0250,0.0000
28.4750,70.0250,0.0000
28.5250,70.0250,0.0000
28.5750,70.0250,0.0000
28.6250,70.0250,0.0000
28.6750,70.0250,0.0000
28.7250,70.0250,0.0000
28.7750,70.0250,0.0000
28.8250,70.0250,0.0000
28.8750,70.0250,0.0000
28.9250,70.0250,0.0000
28.9750,70.0250,0.0000
29.0250,70.0250,0.0000
29.0750,70.0250,0.0000
29.1250,70.0250,0.0000
29.1750,70.0250,0.0000
29.2250,70.0250,0.0000
29.2750,70.0250,0.0000
29.3250,70.0250,0.0000
29.3750,70.0250,0.0000
29.4250,70.0250,0.0000
29.4750,70.0250,0.0000
29.5250,70.0250,0.0000
20.6250,69.9750,0.0079
20.6750,69.9750,0.0079
20.7250,69.9750,0.0079
20.7750,69.9750,0.0078
20.8250,69.9750,0.0077
20.8750,69.9750,0.0077
20.9250,69.9750,0.0077
20.9750,69.9750,0.0076
21.0250,69.9750,0.0065
21.0750,69.9750,0.0065
21.1750,69.9750,0.0064
21.2250,69.9750,0.0064
21.2750,69.9750,0.0064
21.3250,69.9750,0.0063
21.3750,69.9750,0.0059
21.4250,69.9750,0.0059
21.4750,69.9750,0.0058
21.5250,69.9750,0.0056
21.5750,69.9750,0.0055
21.6750,69.9750,0.0053
21.7250,69.9750,0.0050
21.7750,69.9750,0.0050
21.8250,69.9750,0.0000
21.8750,69.9750,0.0000
21.9250,69.9750,0.0000
21.9750,69.9750,0.0000
22.0250,69.9750,0.0000
22.0750,69.9750,0.0000
22.1250,69.9750,0.0000
22.1750,69.9750,0.0000
22.2250,69.9750,0.0000
22.2750,69.9750,0.0000
22.3250,69.9750,0.0000
22.3750,69.9750,0.0000
22.4250,69.9750,0.0000
22.4750,69.9750,0.0000
22.5250,69.9750,0.0000
22.5750,69.9750,0.0000
22.6250,69.9750,0.0000
22.6750,69.9750,0.0000
22.7250,69.9750,0.0000
22.7750,69.9750,0.0000
22.8250,69.9750,0.0000
22.8750,69.9750,0.0000
22.9250,69.9750,0.0000
22.9750,69.9750,0.0000
23.0250,69.9750,0.0000
23.0750,69.9750,0.0000
23.1250,69.9750,0.0000
23.1750,69.9750,0.0000
23.2250,69.9750,0.0000
23.2750,69.9750,0.0000
23.3250,69.9750,0.0000
23.3750,69.9750,0.0000
23.4250,69.9750,0.0000
23.4750,69.9750,0.0000
23.5250,69.9750,0.0000
23.5750,69.9750,0.0000
23.6250,69.9750,0.0000
23.6750,69.9750,0.0000
23.7250,69.9750,0.0000
23.7750,69.9750,0.0000
23.8250,69.9750,0.0000
23.8750,69.9750,0.0000
23.9250,69.9750,0.0000
23.9750,69.9750,0.0000
24.0250,69.9750,0.0000
24.0750,69.9750,0.0000
24.1250,69.9750,0.0000
24.1750,69.9750,0.0000
24.2250,69.9750,0.0000
24.2750,69.9750,0.0000
24.3250,69.9750,0.0000
24.3750,69.9750,0.0000
24.4250,69.9750,0.0000
24.4750,69.9750,0.0000
24.5250,69.9750,0.0000
24.5750,69.9750,0.0000
24.6250,69.9750,0.0000
24.6750,69.9750,0.0000
24.7250,69.9750,0.0000
24.7750,69.9750,0.0000
24.8250,69.9750,0.0000
24.8750,69.9750,0.0000
24.9250,69.9750,0.0000
24.9750,69.9750,0.0000
25.0250,69.9750,0.0000
25.0750,69.9750,0.0000
25.1250,69.9750,0.0000
25.1750,69.9750,0.0000
25.2250,69.9750,0.0000
25.2750,69.9750,0.0000
25.3250,69.9750,0.0000
25.3750,69.9750,0.0000
25.4250,69.9750,0.0000
25.4750,69.9750,0.0000
25.5250,69.9750,0.0000
25.5750,69.9750,0.0000
25.6250,69.9750,0.0000
25.6750,69.9750,0.0000
25.7250,69.9750,0.0000
25.7750,69.9750,0.0000
25.8250,69.9750,0.0000
25.8750,69.9750,0.0000
25.9250,69.9750,0.0000
25.9750,69.9750,0.0000
26.0250,69.9750,0.0000
26.0750,69.9750,0.0000
26.1250,69.9750,0.0000
26.1750,69.9750,0.0000
26.2250,69.9750,0.0000
26.2750,69.9750,0.0000
26.3250,69.9750,0.0000
26.3750,69.9750,0.0000
26.4250,69.9750,0.0000
26.4750,69.9750,0.0000
26.5250,69.9750,0.0000
26.5750,69.9750,0.0000
26.6250,69.9750,0.0000
26.6750,69.9750,0.0000
26.7250,69.9750,0.0000
26.7750,69.9750,0.0000
26.8250,69.9750,0.0000
26.8750,69.9750,0.0000
26.9250,69.9750,0.0000
26.9750,69.9750,0.0000
27.0250,69.9750,0.0000
27.0750,69.9750,0.0000
27.1250,69.9750,0.0000
27.1750,69.9750,0.0000
27.2250,69.9750,0.0000
27.2750,69.9750,0.0000
27.3250,69.9750,0.0000
27.3750,69.9750,0.0000
27.4250,69.9750,0.0000
27.4750,69.9750,0.0000
27.5250,69.9750,0.0000
27.5750,69.9750,0.0000
27.6250,69.9750,0.0000
27.6750,69.9750,0.0000
27.7250,69.9750,0.0000
27.7750,69.9750,0.0000
27.8250,69.9750,0.0000
27.8750,69.9750,0.0000
27.9250,69.9750,0.0000
27.9750,69.9750,0.0000
28.0250,69.9750,0.0000
28.0750,69.9750,0.0000
28.1250,69.9750,0.0000
28.1750,69.9750,0.0000
28.2250,69.9750,0.0000
28.2750,69.9750,0.0000
28.3250,69.9750,0.0000
28.3750,69.9750,0.0000
28.4250,69.9750,0.0000
28.4750,69.9750,0.0000
28.5250,69.9750,0.0000
28.5750,69.9750,0.0000
28.6250,69.9750,0.0000
28.6750,69.9750,0.0000
28.7250,69.9750,0.0000
28.7750,69.9750,0.0000
28.8250,69.9750,0.0000
28.8750,69.9750,0.0000
28.9250,69.9750,0.0000
28.9750,69.9750,0.0000
29.0250,69.9750,0.0000
29.0750,69.9750,0.0000
29.1250,69.9750,0.0000
29.1750,69.9750,0.0000
29.2250,69.9750,0.0000
29.2750,69.9750,0.0000
29.3250,69.9750,0.0000
29.3750,69.9750,0.0000
29.4250,69.9750,0.0000
29.4750,69.9750,0.0000
29.5250,69.9750,0.0000
29.5750,69.9750,0.0000
29.6250,69.9750,0.0000
29.6750,69.9750,0.0000
20.5750,69.9250,0.0080
20.6250,69.9250,0.0080
20.6750,69.9250,0.0079
20.7250,69.9250,0.0079
20.7750,69.9250,0.0078
20.8250,69.9250,0.0078
20.8750,69.9250,0.0075
20.9250,69.9250,0.0075
20.9750,69.9250,0.0075
21.0250,69.9250,0.0065
21.0750,69.9250,0.0065
21.1750,69.9250,0.0064
21.2250,69.9250,0.0064
21.2750,69.9250,0.0064
21.3250,69.9250,0.0060
21.3750,69.9250,0.0059
21.4250,69.9250,0.0059
21.4750,69.9250,0.0055
21.5250,69.9250,0.0055
21.5750,69.9250,0.0055
21.6250,69.9250,0.0051
21.6750,69.9250,0.0051
21.7250,69.9250,0.0050
21.7750,69.9250,0.0050
21.8250,69.9250,0.0000
21.8750,69.9250,0.0000
21.9250,69.9250,0.0000
21.9750,69.9250,0.0000
22.0250,69.9250,0.0000
22.0750,69.9250,0.0000
22.1250,69.9250,0.0000
22.1750,69.9250,0.0000
22.2250,69.9250,0.0000
22.2750,69.9250,0.0000
22.3250,69.9250,0.0000
22.3750,69.9250,0.0000
22.4250,69.9250,0.0000
22.4750,69.9250,0.0000
22.5250,69.9250,0.0000
22.5750,69.9250,0.0000
22.6250,69.9250,0.0000
22.6750,69.9250,0.0000
22.7250,69.9250,0.0000
22.7750,69.9250,0.0000
22.8250,69.9250,0.0000
22.8750,69.9250,0.0000
22.9250,69.9250,0.0000
22.9750,69.9250,0.0000
23.0250,69.9250,0.0000
23.0750,69.9250,0.0000
23.1250,69.9250,0.0000
23.1750,69.9250,0.0000
23.2250,69.9250,0.0000
23.2750,69.9250,0.0000
23.3250,69.9250,0.0000
23.3750,69.9250,0.0000
23.4250,69.9250,0.0000
23.4750,69.9250,0.0000
23.5250,69.9250,0.0000
23.5750,69.9250,0.0000
23.6250,69.9250,0.0000
23.6750,69.9250,0.0000
23.7250,69.9250,0.0000
23.7750,69.9250,0.0000
23.8250,69.9250,0.0000
23.8750,69.9250,0.0000
23.9250,69.9250,0.0000
23.9750,69.9250,0.0000
24.0250,69.9250,0.0000
24.0750,69.9250,0.0000
24.1250,69.9250,0.0000
24.1750,69.9250,0.0000
24.2250,69.9250,0.0000
24.2750,69.9250,0.0000
24.3250,69.9250,0.0000
24.3750,69.9250,0.0000
24.4250,69.9250,0.0000
24.4750,69.9250,0.0000
24.5250,69.9250,0.0000
24.5750,69.9250,0.0000
24.6250,69.9250,0.0000
24.6750,69.9250,0.0000
24.7250,69.9250,0.0000
24.7750,69.9250,0.0000
24.8250,69.9250,0.0000
24.8750,69.9250,0.0000
24.9250,69.9250,0.0000
24.9750,69.9250,0.0000
25.0250,69.9250,0.0000
25.0750,69.9250,0.0000
25.1250,69.9250,0.0000
25.1750,69.9250,0.0000
25.2250,69.9250,0.0000
25.2750,69.9250,0.0000
25.3250,69.9250,0.0000
25.3750,69.9250,0.0000
25.4250,69.9250,0.0000
25.4750,69.9250,0.0000
25.5250,69.9250,0.0000
25.5750,69.9250,0.0000
25.6250,69.9250,0.0000
25.6750,69.9250,0.0000
25.7250,69.9250,0.0000
25.7750,69.9250,0.0000
25.8250,69.9250,0.0000
25.8750,69.9250,0.0000
25.9250,69.9250,0.0000
25.9750,69.9250,0.0000
26.0250,69.9250,0.0000
26.0750,69.9250,0.0000
26.1250,69.9250,0.0000
26.1750,69.9250,0.0000
26.2250,69.9250,0.0000
26.2750,69.9250,0.0000
26.3250,69.9250,0.0000
26.3750,69.9250,0.0000
26.4250,69.9250,0.0000
26.4750,69.9250,0.0000
26.5250,69.9250,0.0000
26.5750,69.9250,0.0000
26.6250,69.9250,0.0000
26.6750,69.9250,0.0000
26.7250,69.9250,0.0000
26.7750,69.9250,0.0000
26.8250,69.9250,0.0000
26.8750,69.9250,0.0000
26.9250,69.9250,0.0000
26.9750,69.9250,0.0000
27.0250,69.9250,0.0000
27.0750,69.9250,0.0000
27.1250,69.9250,0.0000
27.1750,69.9250,0.0000
27.2250,69.9250,0.0000
27.2750,69.9250,0.0000
27.3250,69.9250,0.0000
27.3750,69.9250,0.0000
27.4250,69.9250,0.0000
27.4750,69.9250,0.0000
27.5250,69.9250,0.0000
27.5750,69.9250,0.0000
27.6250,69.9250,0.0000
27.6750,69.9250,0.0000
27.7250,69.9250,0.0000
27.7750,69.9250,0.0000
27.8250,69.9250,0.0000
27.8750,69.9250,0.0000
27.9250,69.9250,0.0000
27.9750,69.9250,0.0000
28.0250,69.9250,0.0000
28.0750,69.9250,0.0000
28.1250,69.9250,0.0000
28.1750,69.9250,0.0000
28.2250,69.9250,0.0000
28.2750,69.9250,0.0000
28.3250,69.9250,0.0000
28.3750,69.9250,0.0000
28.4250,69.9250,0.0000
28.4750,69.9250,0.0000
28.5250,69.9250,0.0000
28.5750,69.9250,0.0000
28.6250,69.9250,0.0000
28.6750,69.9250,0.0000
28.7250,69.9250,0.0000
28.7750,69.9250,0.0000
28.8250,69.9250,0.0000
28.8750,69.9250,0.0000
28.9250,69.9250,0.0000
28.9750,69.9250,0.0000
29.0250,69.9250,0.0000
29.0750,69.9250,0.0000
29.1250,69.9250,0.0000
29.1750,69.9250,0.0000
29.2250,69.9250,0.0000
29.2750,69.9250,0.0000
29.3250,69.9250,0.0000
29.3750,69.9250,0.0000
29.4250,69.9250,0.0000
29.4750,69.9250,0.0000
29.5250,69.9250,0.0000
29.5750,69.9250,0.0000
29.6250,69.9250,0.0000
29.6750,69.9250,0.0000
29.7250,69.9250,0.0000
29.7750,69.9250,0.0000
29.8250,69.9250,0.0000
29.8750,69.9250,0.0000
29.9250,69.9250,0.0000
29.9750,69.9250,0.0000
20.5250,69.8750,0.0080
20.5750,69.8750,0.0080
20.6250,69.8750,0.0080
20.6750,69.8750,0.0080
20.7250,69.8750,0.0079
20.7750,69.8750,0.0076
20.8250,69.8750,0.0076
20.8750,69.8750,0.0075
20.9250,69.8750,0.0073
20.9750,69.8750,0.0070
21.0250,69.8750,0.0065
21.0750,69.8750,0.0065
21.1250,69.8750,0.0065
21.1750,69.8750,0.0065
21.2250,69.8750,0.0060
21.2750,69.8750,0.0060
21.3250,69.8750,0.0060
21.3750,69.8750,0.0060
21.4250,69.8750,0.0056
21.4750,69.8750,0.0055
21.5250,69.8750,0.0055
21.5750,69.8750,0.0051
21.6250,69.8750,0.0051
21.6750,69.8750,0.0051
21.7250,69.8750,0.0000
21.7750,69.8750,0.0000
21.8250,69.8750,0.0000
21.8750,69.8750,0.0000
21.9250,69.8750,0.0000
21.9750,69.8750,0.0000
22.0250,69.8750,0.0000
22.0750,69.8750,0.0000
22.1250,69.8750,0.0000
22.1750,69.8750,0.0000
22.2250,69.8750,0.0000
22.2750,69.8750,0.0000
22.3250,69.8750,0.0000
22.3750,69.8750,0.0000
22.4250,69.8750,0.0000
22.4750,69.8750,0.0000
22.5250,69.8750,0.0000
22.5750,69.8750,0.0000
22.6250,69.8750,0.0000
22.6750,69.8750,0.0000
22.7250,69.8750,0.0000
22.7750,69.8750,0.0000
22.8250,69.8750,0.0000
22.8750,69.8750,0.0000
22.9250,69.8750,0.0000
22.9750,69.8750,0.0000
23.0250,69.8750,0.0000
23.0750,69.8750,0.0000
23.1250,69.8750,0.0000
23.1750,69.8750,0.0000
23.2250,69.8750,0.0000
23.2750,69.8750,0.0000
23.3250,69.8750,0.0000
23.3750,69.8750,0.0000
23.4250,69.8750,0.0000
23.4750,69.8750,0.0000
23.5250,69.8750,0.0000
23.5750,69.8750,0.0000
23.6250,69.8750,0.0000
23.6750,69.8750,0.0000
23.7250,69.8750,0.0000
23.7750,69.8750,0.0000
23.8250,69.8750,0.0000
23.8750,69.8750,0.0000
23.9250,69.8750,0.0000
23.9750,69.8750,0.0000
24.0250,69.8750,0.0000
24.0750,69.8750,0.0000
24.1250,69.8750,0.0000
24.1750,69.8750,0.0000
24.2250,69.8750,0.0000
24.2750,69.8750,0.0000
24.3250,69.8750,0.0000
24.3750,69.8750,0.0000
24.4250,69.8750,0.0000
24.4750,69.8750,0.0000
24.5250,69.8750,0.0000
24.5750,69.8750,0.0000
24.6250,69.8750,0.0000
24.6750,69.8750,0.0000
24.7250,69.8750,0.0000
24.7750,69.8750,0.0000
24.8250,69.8750,0.0000
24.8750,69.8750,0.0000
24.9250,69.8750,0.0000
24.9750,69.8750,0.0000
25.0250,69.8750,0.0000
25.0750,69.8750,0.0000
25.1250,69.8750,0.0000
25.1750,69.8750,0.0000
25.2250,69.8750,0.0000
25.2750,69.8750,0.0000
25.3250,69.8750,0.0000
25.3750,69.8750,0.0000
25.4250,69.8750,0.0000
25.4750,69.8750,0.0000
25.5250,69.8750,0.0000
25.5750,69.8750,0.0000
25.6250,69.8750,0.0000
25.6750,69.8750,0.0000
25.7250,69.8750,0.0000
25.7750,69.8750,0.0000
25.8250,69.8750,0.0000
25.8750,69.8750,0.0000
25.9250,69.8750,0.0000
25.9750,69.8750,0.0000
26.0250,69.8750,0.0000
26.0750,69.8750,0.0000
26.1250,69.8750,0.0000
26.1750,69.8750,0.0000
26.2250,69.8750,0.0000
26.2750,69.8750,0.0000
26.3250,69.8750,0.0000
26.3750,69.8750,0.0000
26.4250,69.8750,0.0000
26.4750,69.8750,0.0000
26.5250,69.8750,0.0000
26.5750,69.8750,0.0000
26.6250,69.8750,0.0000
26.6750,69.8750,0.0000
26.7250,69.8750,0.0000
26.7750,69.8750,0.0000
26.8250,69.8750,0.0000
26.8750,69.8750,0.0000
26.9250,69.8750,0.0000
26.9750,69.8750,0.0000
27.0250,69.8750,0.0000
27.0750,69.8750,0.0000
27.1250,69.8750,0.0000
27.1750,69.8750,0.0000
27.2250,69.8750,0.0000
27.2750,69.8750,0.0000
27.3250,69.8750,0.0000
27.3750,69.8750,0.0000
27.4250,69.8750,0.0000
27.4750,69.8750,0.0000
27.5250,69.8750,0.0000
27.5750,69.8750,0.0000
27.6250,69.8750,0.0000
27.6750,69.8750,0.0000
27.7250,69.8750,0.0000
27.7750,69.8750,0.0000
27.8250,69.8750,0.0000
27.8750,69.8750,0.0000
27.9250,69.8750,0.0000
27.9750,69.8750,0.0000
28.0250,69.8750,0.0000
28.0750,69.8750,0.0000
28.1250,69.8750,0.0000
28.1750,69.8750,0.0000
28.2250,69.8750,0.0000
28.2750,69.8750,0.0000
28.3250,69.8750,0.0000
28.3750,69.8750,0.0000
28.4250,69.8750,0.0000
28.4750,69.8750,0.0000
28.5250,69.8750,0.0000
28.5750,69.8750,0.0000
28.6250,69.8750,0.0000
28.6750,69.8750,0.0000
28.7250,69.8750,0.0000
28.7750,69.8750,0.0000
28.8250,69.8750,0.0000
28.8750,69.8750,0.0000
28.9250,69.8750,0.0000
28.9750,69.8750,0.0000
29.0250,69.8750,0.0000
29.0750,69.8750,0.0000
29.1250,69.8750,0.0000
29.1750,69.8750,0.0000
29.2250,69.8750,0.0000
29.2750,69.8750,0.0000
29.3250,69.8750,0.0000
29.3750,69.8750,0.0000
29.4250,69.8750,0.0000
29.4750,69.8750,0.0000
29.5250,69.8750,0.0000
29.5750,69.8750,0.0000
29.6250,69.8750,0.0000
29.6750,69.8750,0.0000
29.7250,69.8750,0.0000
29.7750,69.8750,0.0000
29.8250,69.8750,0.0000
29.8750,69.8750,0.0000
29.9250,69.8750,0.0000
29.9750,69.8750,0.0000
30.0250,69.8750,0.0000
30.0750,69.8750,0.0000
30.1250,69.8750,0.0000
30.1750,69.8750,0.0000
30.2250,69.8750,0.0000
30.2750,69.8750,0.0000
30.3250,69.8750,0.0000
30.3750,69.8750,0.0000
20.5250,69.8250,0.0080
20.5750,69.8250,0.0080
20.6250,69.8250,0.0080
20.6750,69.8250,0.0078
20.7250,69.8250,0.0077
20.7750,69.8250,0.0076
20.8250,69.8250,0.0075
20.8750,69.8250,0.0071
20.9250,69.8250,0.0071
20.9750,69.8250,0.0065
21.0250,69.8250,0.0065
21.0750,69.8250,0.0065
21.1250,69.8250,0.0065
21.1750,69.8250,0.0061
21.2250,69.8250,0.0061
21.2750,69.8250,0.0060
21.3250,69.8250,0.0056
21.3750,69.8250,0.0056
21.4250,69.8250,0.0056
21.4750,69.8250,0.0051
21.5250,69.8250,0.0051
21.5750,69.8250,0.0051
21.6250,69.8250,0.0007
21.6750,69.8250,0.0000
21.7250,69.8250,0.0000
21.7750,69.8250,0.0000
21.8250,69.8250,0.0000
21.8750,69.8250,0.0000
21.9250,69.8250,0.0000
21.9750,69.8250,0.0000
22.0250,69.8250,0.0000
22.0750,69.8250,0.0000
22.1250,69.8250,0.0000
22.1750,69.8250,0.0000
22.2250,69.8250,0.0000
22.2750,69.8250,0.0000
22.3250,69.8250,0.0000
22.3750,69.8250,0.0000
22.4250,69.8250,0.0000
22.4750,69.8250,0.0000
22.5250,69.8250,0.0000
22.5750,69.8250,0.0000
22.6250,69.8250,0.0000
22.6750,69.8250,0.0000
22.7250,69.8250,0.0000
22.7750,69.8250,0.0000
22.8250,69.8250,0.0000
22.8750,69.8250,0.0000
22.9250,69.8250,0.0000
22.9750,69.8250,0.0000
23.0250,69.8250,0.0000
23.0750,69.8250,0.0000
23.1250,69.8250,0.0000
23.1750,69.8250,0.0000
23.2250,69.8250,0.0000
23.2750,69.8250,0.0000
23.3250,69.8250,0.0000
23.3750,69.8250,0.0000
23.4250,69.8250,0.0000
23.4750,69.8250,0.0000
23.5250,69.8250,0.0000
23.5750,69.8250,0.0000
23.6250,69.8250,0.0000
23.6750,69.8250,0.0000
23.7250,69.8250,0.0000
23.7750,69.8250,0.0000
23.8250,69.8250,0.0000
23.8750,69.8250,0.0000
23.9250,69.8250,0.0000
23.9750,69.8250,0.0000
24.0250,69.8250,0.0000
24.0750,69.8250,0.0000
24.1250,69.8250,0.0000
24.1750,69.8250,0.0000
24.2250,69.8250,0.0000
24.2750,69.8250,0.0000
24.3250,69.8250,0.0000
24.3750,69.8250,0.0000
24.4250,69.8250,0.0000
24.4750,69.8250,0.0000
24.5250,69.8250,0.0000
24.5750,69.8250,0.0000
24.6250,69.8250,0.0000
24.6750,69.8250,0.0000
24.7250,69.8250,0.0000
24.7750,69.8250,0.0000
24.8250,69.8250,0.0000
24.8750,69.8250,0.0000
24.9250,69.8250,0.0000
24.9750,69.8250,0.0000
25.0250,69.8250,0.0000
25.0750,69.8250,0.0000
25.1250,69.8250,0.0000
25.1750,69.8250,0.0000
25.2250,69.8250,0.0000
25.2750,69.8250,0.0000
25.3250,69.8250,0.0000
25.3750,69.8250,0.0000
25.4250,69.8250,0.0000
25.4750,69.8250,0.0000
25.5250,69.8250,0.0000
25.5750,69.8250,0.0000
25.6250,69.8250,0.0000
25.6750,69.8250,0.0000
25.7250,69.8250,0.0000
25.7750,69.8250,0.0000
25.8250,69.8250,0.0000
25.8750,69.8250,0.0000
25.9250,69.8250,0.0000
25.9750,69.8250,0.0000
26.0250,69.8250,0.0000
26.0750,69.8250,0.0000
26.1250,69.8250,0.0000
26.1750,69.8250,0.0000
26.2250,69.8250,0.0000
26.2750,69.8250,0.0000
26.3250,69.8250,0.0000
26.3750,69.8250,0.0000
26.4250,69.8250,0.0000
26.4750,69.8250,0.0000
26.5250,69.8250,0.0000
26.5750,69.8250,0.0000
26.6250,69.8250,0.0000
26.6750,69.8250,0.0000
26.7250,69.8250,0.0000
26.7750,69.8250,0.0000
26.8250,69.8250,0.0000
26.8750,69.8250,0.0000
26.9250,69.8250,0.0000
26.9750,69.8250,0.0000
27.0250,69.8250,0.0000
27.0750,69.8250,0.0000
27.1250,69.8250,0.0000
27.1750,69.8250,0.0000
27.2250,69.8250,0.0000
27.2750,69.8250,0.0000
27.3250,69.8250,0.0000
27.3750,69.8250,0.0000
27.4250,69.8250,0.0000
27.4750,69.8250,0.0000
27.5250,69.8250,0.0000
27.5750,69.8250,0.0000
27.6250,69.8250,0.0000
27.6750,69.8250,0.0000
27.7250,69.8250,0.0000
27.7750,69.8250,0.0000
27.8250,69.8250,0.0000
27.8750,69.8250,0.0000
27.9250,69.8250,0.0000
27.9750,69.8250,0.0000
28.0250,69.8250,0.0000
28.0750,69.8250,0.0000
28.1250,69.8250,0.0000
28.1750,69.8250,0.0000
28.2250,69.8250,0.0000
28.2750,69.8250,0.0000
28.3250,69.8250,0.0000
28.3750,69.8250,0.0000
28.4250,69.8250,0.0000
28.4750,69.8250,0.0000
28.5250,69.8250,0.0000
28.5750,69.8250,0.0000
28.6250,69.8250,0.0000
28.6750,69.8250,0.0000
28.7250,69.8250,0.0000
28.7750,69.8250,0.0000
28.8250,69.8250,0.0000
28.8750,69.8250,0.0000
28.9250,69.8250,0.0000
28.9750,69.8250,0.0000
29.0250,69.8250,0.0000
29.0750,69.8250,0.0000
29.1250,69.8250,0.0000
29.1750,69.8250,0.0000
29.2250,69.8250,0.0000
29.2750,69.8250,0.0000
29.3250,69.8250,0.0000
29.3750,69.8250,0.0000
29.4250,69.8250,0.0000
29.4750,69.8250,0.0000
29.5250,69.8250,0.0000
29.5750,69.8250,0.0000
29.6250,69.8250,0.0000
29.6750,69.8250,0.0000
29.7250,69.8250,0.0000
29.7750,69.8250,0.0000
29.8250,69.8250,0.0000
29.8750,69.8250,0.0000
29.9250,69.8250,0.0000
29.9750,69.8250,0.0000
30.0250,69.8250,0.0000
30.0750,69.8250,0.0000
30.1250,69.8250,0.0000
30.1750,69.8250,0.0000
30.2250,69.8250,0.0000
30.2750,69.8250,0.0000
30.3250,69.8250,0.0000
30.3750,69.8250,0.0000
30.4250,69.8250,0.0000
30.4750,69.8250,0.0000
30.5250,69.8250,0.0000
30.5750,69.8250,0.0000
30.6250,69.8250,0.0000
30.6750,69.8250,0.0000
30.7250,69.8250,0.0000
30.7750,69.8250,0.0000
30.8250,69.8250,0.0000
30.8750,69.8250,0.0000
20.5250,69.7750,0.0080
20.5750,69.7750,0.0080
20.6250,69.7750,0.0077
20.6750,69.7750,0.0077
20.7250,69.7750,0.0077
20.7750,69.7750,0.0072
20.8250,69.7750,0.0071
20.8750,69.7750,0.0071
20.9250,69.7750,0.0066
20.9750,69.7750,0.0065
21.0250,69.7750,0.0065
21.0750,69.7750,0.0061
21.1250,69.7750,0.0061
21.1750,69.7750,0.0061
21.2250,69.7750,0.0057
21.2750,69.7750,0.0056
21.3250,69.7750,0.0056
21.3750,69.7750,0.0052
21.4250,69.7750,0.0052
21.4750,69.7750,0.0052
21.5250,69.7750,0.0038
21.5750,69.7750,0.0000
21.6250,69.7750,0.0000
21.6750,69.7750,0.0000
21.7250,69.7750,0.0000
21.7750,69.7750,0.0000
21.8250,69.7750,0.0000
21.8750,69.7750,0.0000
21.9250,69.7750,0.0000
21.9750,69.7750,0.0000
22.0250,69.7750,0.0000
22.0750,69.7750,0.0000
22.1250,69.7750,0.0000
22.1750,69.7750,0.0000
22.2250,69.7750,0.0000
22.2750,69.7750,0.0000
22.3250,69.7750,0.0000
22.3750,69.7750,0.0000
22.4250,69.7750,0.0000
22.4750,69.7750,0.0000
22.5250,69.7750,0.0000
22.5750,69.7750,0.0000
22.6250,69.7750,0.0000
22.6750,69.7750,0.0000
22.7250,69.7750,0.0000
22.7750,69.7750,0.0000
22.8250,69.7750,0.0000
22.8750,69.7750,0.0000
22.9250,69.7750,0.0000
22.9750,69.7750,0.0000
23.0250,69.7750,0.0000
23.0750,69.7750,0.0000
23.1250,69.7750,0.0000
23.1750,69.7750,0.0000
23.2250,69.7750,0.0000
23.2750,69.7750,0.0000
23.3250,69.7750,0.0000
23.3750,69.7750,0.0000
23.4250,69.7750,0.0000
23.4750,69.7750,0.0000
23.5250,69.7750,0.0000
23.5750,69.7750,0.0000
23.6250,69.7750,0.0000
23.6750,69.7750,0.0000
23.7250,69.7750,0.0000
23.7750,69.7750,0.0000
23.8250,69.7750,0.0000
23.8750,69.7750,0.0000
23.9250,69.7750,0.0000
23.9750,69.7750,0.0000
24.0250,69.7750,0.0000
24.0750,69.7750,0.0000
24.1250,69.7750,0.0000
24.1750,69.7750,0.0000
24.2250,69.7750,0.0000
24.2750,69.7750,0.0000
24.3250,69.7750,0.0000
24.3750,69.7750,0.0000
24.4250,69.7750,0.0000
24.4750,69.7750,0.0000
24.5250,69.7750,0.0000
24.5750,69.7750,0.0000
24.6250,69.7750,0.0000
24.6750,69.7750,0.0000
24.7250,69.7750,0.0000
24.7750,69.7750,0.0000
24.8250,69.7750,0.0000
24.8750,69.7750,0.0000
24.9250,69.7750,0.0000
24.9750,69.7750,0.0000
25.0250,69.7750,0.0000
25.0750,69.7750,0.0000
25.1250,69.7750,0.0000
25.1750,69.7750,0.0000
25.2250,69.7750,0.0000
25.2750,69.7750,0.0000
25.3250,69.7750,0.0000
25.3750,69.7750,0.0000
25.4250,69.7750,0.0000
25.4750,69.7750,0.0000
25.5250,69.7750,0.0000
25.5750,69.7750,0.0000
25.6250,69.7750,0.0000
25.6750,69.7750,0.0000
25.7250,69.7750,0.0000
25.7750,69.7750,0.0000
25.8250,69.7750,0.0000
25.8750,69.7750,0.0000
25.9250,69.7750,0.0000
25.9750,69.7750,0.0000
26.0250,69.7750,0.0000
26.0750,69.7750,0.0000
26.1250,69.7750,0.0000
26.1750,69.7750,0.0000
26.2250,69.7750,0.0000
26.2750,69.7750,0.0000
26.3250,69.7750,0.0000
26.3750,69.7750,0.0000
26.4250,69.7750,0.0000
26.4750,69.7750,0.0000
26.5250,69.7750,0.0000
26.5750,69.7750,0.0000
26.6250,69.7750,0.0000
26.6750,69.7750,0.0000
26.7250,69.7750,0.0000
26.7750,69.7750,0.0000
26.8250,69.7750,0.0000
26.8750,69.7750,0.0000
26.9250,69.7750,0.0000
26.9750,69.7750,0.0000
27.0250,69.7750,0.0000
27.0750,69.7750,0.0000
27.1250,69.7750,0.0000
27.1750,69.7750,0.0000
27.2250,69.7750,0.0000
27.2750,69.7750,0.0000
27.3250,69.7750,0.0000
27.3750,69.7750,0.0000
27.4250,69.7750,0.0000
27.4750,69.7750,0.0000
27.5250,69.7750,0.0000
27.5750,69.7750,0.0000
27.6250,69.7750,0.0000
27.6750,69.7750,0.0000
27.7250,69.7750,0.0000
27.7750,69.7750,0.0000
27.8250,69.7750,0.0000
27.8750,69.7750,0.0000
27.9250,69.7750,0.0000
27.9750,69.7750,0.0000
28.0250,69.7750,0.0000
28.0750,69.7750,0.0000
28.1250,69.7750,0.0000
28.1750,69.7750,0.0000
28.2250,69.7750,0.0000
28.2750,69.7750,0.0000
28.3250,69.7750,0.0000
28.3750,69.7750,0.0000
28.4250,69.7750,0.0000
28.4750,69.7750,0.0000
28.5250,69.7750,0.0000
28.5750,69.7750,0.0000
28.6250,69.7750,0.0000
28.6750,69.7750,0.0000
28.7250,69.7750,0.0000
28.7750,69.7750,0.0000
28.8250,69.7750,0.0000
28.8750,69.7750,0.0000
28.9250,69.7750,0.0000
28.9750,69.7750,0.0000
29.0250,69.7750,0.0000
29.0750,69.7750,0.0000
29.1250,69.7750,0.0000
29.1750,69.7750,0.0000
29.2250,69.7750,0.0000
29.2750,69.7750,0.0000
29.3250,69.7750,0.0000
29.3750,69.7750,0.0000
29.4250,69.7750,0.0000
29.4750,69.7750,0.0000
29.5250,69.7750,0.0000
29.5750,69.7750,0.0000
29.6250,69.7750,0.0000
29.6750,69.7750,0.0000
29.7250,69.7750,0.0000
29.7750,69.7750,0.0000
29.8250,69.7750,0.0000
29.8750,69.7750,0.0000
29.9250,69.7750,0.0000
29.9750,69.7750,0.0000
30.0250,69.7750,0.0000
30.0750,69.7750,0.0000
30.1250,69.7750,0.0000
30.1750,69.7750,0.0000
30.2250,69.7750,0.0000
30.2750,69.7750,0.0000
30.3250,69.7750,0.0000
30.3750,69.7750,0.0000
30.4250,69.7750,0.0000
30.4750,69.7750,0.0000
30.5250,69.7750,0.0000
30.5750,69.7750,0.0000
30.6250,69.7750,0.0000
30.6750,69.7750,0.0000
30.7250,69.7750,0.0000
30.7750,69.7750,0.0000
30.8250,69.7750,0.0000
30.8750,69.7750,0.0000
30.9250,69.7750,0.0000
30.9750,69.7750,0.0000
31.0250,69.7750,0.0000
31.0750,69.7750,0.0000
31.1250,69.7750,0.0000
31.1750,69.7750,0.0000
31.2250,69.7750,0.0000
31.2750,69.7750,0.0000
20.5250,69.7250,0.0077
20.5750,69.7250,0.0077
20.6250,69.7250,0.0077
20.6750,69.7250,0.0072
20.7250,69.7250,0.0072
20.7750,69.7250,0.0072
20.8250,69.7250,0.0066
20.8750,69.7250,0.0066
20.9250,69.7250,0.0066
20.9750,69.7250,0.0064
21.0250,69.7250,0.0062
21.0750,69.7250,0.0061
21.1250,69.7250,0.0061
21.1750,69.7250,0.0057
21.2250,69.7250,0.0057
21.2750,69.7250,0.0057
21.3250,69.7250,0.0052
21.3750,69.7250,0.0052
21.4250,69.7250,0.0052
21.4750,69.7250,0.0000
21.5250,69.7250,0.0000
21.5750,69.7250,0.0000
21.6250,69.7250,0.0000
21.6750,69.7250,0.0000
21.7250,69.7250,0.0000
21.7750,69.7250,0.0000
21.8250,69.7250,0.0000
21.8750,69.7250,0.0000
21.9250,69.7250,0.0000
21.9750,69.7250,0.0000
22.0250,69.7250,0.0000
22.0750,69.7250,0.0000
22.1250,69.7250,0.0000
22.1750,69.7250,0.0000
22.2250,69.7250,0.0000
22.2750,69.7250,0.0000
22.3250,69.7250,0.0000
22.3750,69.7250,0.0000
22.4250,69.7250,0.0000
22.4750,69.7250,0.0000
22.5250,69.7250,0.0000
22.5750,69.7250,0.0000
22.6250,69.7250,0.0000
22.6750,69.7250,0.0000
22.7250,69.7250,0.0000
22.7750,69.7250,0.0000
22.8250,69.7250,0.0000
22.8750,69.7250,0.0000
22.9250,69.7250,0.0000
22.9750,69.7250,0.0000
23.0250,69.7250,0.0000
23.0750,69.7250,0.0000
23.1250,69.7250,0.0000
23.1750,69.7250,0.0000
23.2250,69.7250,0.0000
23.2750,69.7250,0.0000
23.3250,69.7250,0.0000
23.3750,69.7250,0.0000
23.4250,69.7250,0.0000
23.4750,69.7250,0.0000
23.5250,69.7250,0.0000
23.5750,69.7250,0.0000
23.6250,69.7250,0.0000
23.6750,69.7250,0.0000
23.7250,69.7250,0.0000
23.7750,69.7250,0.0000
23.8250,69.7250,0.0000
23.8750,69.7250,0.0000
23.9250,69.7250,0.0000
23.9750,69.7250,0.0000
24.0250,69.7250,0.0000
24.0750,69.7250,0.0000
24.1250,69.7250,0.0000
24.1750,69.7250,0.0000
24.2250,69.7250,0.0000
24.2750,69.7250,0.0000
24.3250,69.7250,0.0000
24.3750,69.7250,0.0000
24.4250,69.7250,0.0000
24.4750,69.7250,0.0000
24.5250,69.7250,0.0000
24.5750,69.7250,0.0000
24.6250,69.7250,0.0000
24.6750,69.7250,0.0000
24.7250,69.7250,0.0000
24.7750,69.7250,0.0000
24.8250,69.7250,0.0000
24.8750,69.7250,0.0000
24.9250,69.7250,0.0000
24.9750,69.7250,0.0000
25.0250,69.7250,0.0000
25.0750,69.7250,0.0000
25.1250,69.7250,0.0000
25.1750,69.7250,0.0000
25.2250,69.7250,0.0000
25.2750,69.7250,0.0000
25.3250,69.7250,0.0000
25.3750,69.7250,0.0000
25.4250,69.7250,0.0000
25.4750,69.7250,0.0000
25.5250,69.7250,0.0000
25.5750,69.7250,0.0000
25.6250,69.7250,0.0000
25.6750,69.7250,0.0000
25.7250,69.7250,0.0000
25.7750,69.7250,0.0000
25.8250,69.7250,0.0000
25.8750,69.7250,0.0000
25.9250,69.7250,0.0000
25.9750,69.7250,0.0000
26.0250,69.7250,0.0000
26.0750,69.7250,0.0000
26.1250,69.7250,0.0000
26.1750,69.7250,0.0000
26.2250,69.7250,0.0000
26.2750,69.7250,0.0000
26.3250,69.7250,0.0000
26.3750,69.7250,0.0000
26.4250,69.7250,0.0000
26.4750,69.7250,0.0000
26.5250,69.7250,0.0000
26.5750,69.7250,0.0000
26.6250,69.7250,0.0000
26.6750,69.7250,0.0000
26.7250,69.7250,0.0000
26.7750,69.7250,0.0000
26.8250,69.7250,0.0000
26.8750,69.7250,0.0000
26.9250,69.7250,0.0000
26.9750,69.7250,0.0000
27.0250,69.7250,0.0000
27.0750,69.7250,0.0000
27.1250,69.7250,0.0000
27.1750,69.7250,0.0000
27.2250,69.7250,0.0000
27.2750,69.7250,0.0000
27.3250,69.7250,0.0000
27.3750,69.7250,0.0000
27.4250,69.7250,0.0000
27.4750,69.7250,0.0000
27.5250,69.7250,0.0000
27.5750,69.7250,0.0000
27.6250,69.7250,0.0000
27.6750,69.7250,0.0000
27.7250,69.7250,0.0000
27.7750,69.7250,0.0000
27.8250,69.7250,0.0000
27.8750,69.7250,0.0000
27.9250,69.7250,0.0000
27.9750,69.7250,0.0000
28.0250,69.7250,0.0000
28.0750,69.7250,0.0000
28.1250,69.7250,0.0000
28.1750,69.7250,0.0000
28.2250,69.7250,0.0000
28.2750,69.7250,0.0000
28.3250,69.7250,0.0000
28.3750,69.7250,0.0000
28.4250,69.7250,0.0000
28.4750,69.7250,0.0000
28.5250,69.7250,0.0000
28.5750,69.7250,0.0000
28.6250,69.7250,0.0000
28.6750,69.7250,0.0000
28.7250,69.7250,0.0000
28.7750,69.7250,0.0000
28.8250,69.7250,0.0000
28.8750,69.7250,0.0000
28.9250,69.7250,0.0000
28.9750,69.7250,0.0000
29.0250,69.7250,0.0000
29.0750,69.7250,0.0000
29.1250,69.7250,0.0000
29.1750,69.7250,0.0000
29.2250,69.7250,0.0000
29.2750,69.7250,0.0000
29.3250,69.7250,0.0000
29.3750,69.7250,0.0000
29.4250,69.7250,0.0000
29.4750,69.7250,0.0000
29.5250,69.7250,0.0000
29.5750,69.7250,0.0000
29.6250,69.7250,0.0000
29.6750,69.7250,0.0000
29.7250,69.7250,0.0000
29.7750,69.7250,0.0000
29.8250,69.7250,0.0000
29.8750,69.7250,0.0000
29.9250,69.7250,0.0000
29.9750,69.7250,0.0000
30.0250,69.7250,0.0000
30.0750,69.7250,0.0000
30.1250,69.7250,0.0000
30.1750,69.7250,0.0000
30.2250,69.7250,0.0000
30.2750,69.7250,0.0000
30.3250,69.7250,0.0000
30.3750,69.7250,0.0000
30.4250,69.7250,0.0000
30.4750,69.7250,0.0000
30.5250,69.7250,0.0000
30.5750,69.7250,0.0000
30.6250,69.7250,0.0000
30.6750,69.7250,0.0000
30.7250,69.7250,0.0000
30.7750,69.7250,0.0000
30.8250,69.7250,0.0000
30.8750,69.7250,0.0000
30.9250,69.7250,0.0000
30.9750,69.7250,0.0000
31.0250,69.7250,0.0000
31.0750,69.7250,0.0000
31.1250,69.7250,0.0000
31.1750,69.7250,0.0000
31.2250,69.7250,0.0000
31.2750,69.7250,0.0000
31.3250,69.7250,0.0000
31.3750,69.7250,0.0000
31.4250,69.7250,0.0006
20.5250,69.6750,0.0078
20.5750,69.6750,0.0077
20.6250,69.6750,0.0073
20.6750,69.6750,0.0073
20.7250,69.6750,0.0072
20.7750,69.6750,0.0066
20.8250,69.6750,0.0066
20.8750,69.6750,0.0066
20.9250,69.6750,0.0062
20.9750,69.6750,0.0062
21.0250,69.6750,0.0062
21.0750,69.6750,0.0057
21.1250,69.6750,0.0057
21.1750,69.6750,0.0057
21.2250,69.6750,0.0052
21.2750,69.6750,0.0052
21.3250,69.6750,0.0052
21.3750,69.6750,0.0000
21.4250,69.6750,0.0000
21.4750,69.6750,0.0000
21.5250,69.6750,0.0000
21.5750,69.6750,0.0000
21.6250,69.6750,0.0000
21.6750,69.6750,0.0000
21.7250,69.6750,0.0000
21.7750,69.6750,0.0000
21.8250,69.6750,0.0000
21.8750,69.6750,0.0000
21.9250,69.6750,0.0000
21.9750,69.6750,0.0000
22.0250,69.6750,0.0000
22.0750,69.6750,0.0000
22.1250,69.6750,0.0000
22.1750,69.6750,0.0000
22.2250,69.6750,0.0000
22.2750,69.6750,0.0000
22.3250,69.6750,0.0000
22.3750,69.6750,0.0000
22.4250,69.6750,0.0000
22.4750,69.6750,0.0000
22.5250,69.6750,0.0000
22.5750,69.6750,0.0000
22.6250,69.6750,0.0000
22.6750,69.6750,0.0000
22.7250,69.6750,0.0000
22.7750,69.6750,0.0000
22.8250,69.6750,0.0000
22.8750,69.6750,0.0000
22.9250,69.6750,0.0000
22.9750,69.6750,0.0000
23.0250,69.6750,0.0000
23.0750,69.6750,0.0000
23.1250,69.6750,0.0000
23.1750,69.6750,0.0000
23.2250,69.6750,0.0000
23.2750,69.6750,0.0000
23.3250,69.6750,0.0000
23.3750,69.6750,0.0000
23.4250,69.6750,0.0000
23.4750,69.6750,0.0000
23.5250,69.6750,0.0000
23.5750,69.6750,0.0000
23.6250,69.6750,0.0000
23.6750,69.6750,0.0000
23.7250,69.6750,0.0000
23.7750,69.6750,0.0000
23.8250,69.6750,0.0000
23.8750,69.6750,0.0000
23.9250,69.6750,0.0000
23.9750,69.6750,0.0000
24.0250,69.6750,0.0000
24.0750,69.6750,0.0000
24.1250,69.6750,0.0000
24.1750,69.6750,0.0000
24.2250,69.6750,0.0000
24.2750,69.6750,0.0000
24.3250,69.6750,0.0000
24.3750,69.6750,0.0000
24.4250,69.6750,0.0000
24.4750,69.6750,0.0000
24.5250,69.6750,0.0000
24.5750,69.6750,0.0000
24.6250,69.6750,0.0000
24.6750,69.6750,0.0000
24.7250,69.6750,0.0000
24.7750,69.6750,0.0000
24.8250,69.6750,0.0000
24.8750,69.6750,0.0000
24.9250,69.6750,0.0000
24.9750,69.6750,0.0000
25.0250,69.6750,0.0000
25.0750,69.6750,0.0000
25.1250,69.6750,0.0000
25.1750,69.6750,0.0000
25.2250,69.6750,0.0000
25.2750,69.6750,0.0000
25.3250,69.6750,0.0000
25.3750,69.6750,0.0000
25.4250,69.6750,0.0000
25.4750,69.6750,0.0000
25.5250,69.6750,0.0000
25.5750,69.6750,0.0000
25.6250,69.6750,0.0000
25.6750,69.6750,0.0000
25.7250,69.6750,0.0000
25.7750,69.6750,0.0000
25.8250,69.6750,0.0000
25.8750,69.6750,0.0000
25.9250,69.6750,0.0000
25.9750,69.6750,0.0000
26.0250,69.6750,0.0000
26.0750,69.6750,0.0000
26.1250,69.6750,0.0000
26.1750,69.6750,0.0000
26.2250,69.6750,0.0000
26.2750,69.6750,0.0000
26.3250,69.6750,0.0000
26.3750,69.6750,0.0000
26.4250,69.6750,0.0000
26.4750,69.6750,0.0000
26.5250,69.6750,0.0000
26.5750,69.6750,0.0000
26.6250,69.6750,0.0000
26.6750,69.6750,0.0000
26.7250,69.6750,0.0000
26.7750,69.6750,0.0000
26.8250,69.6750,0.0000
26.8750,69.6750,0.0000
26.9250,69.6750,0.0000
26.9750,69.6750,0.0000
27.0250,69.6750,0.0000
27.0750,69.6750,0.0000
27.1250,69.6750,0.0000
27.1750,69.6750,0.0000
27.2250,69.6750,0.0000
27.2750,69.6750,0.0000
27.3250,69.6750,0.0000
27.3750,69.6750,0.0000
27.4250,69.6750,0.0000
27.4750,69.6750,0.0000
27.5250,69.6750,0.0000
27.5750,69.6750,0.0000
27.6250,69.6750,0.0000
27.6750,69.6750,0.0000
27.7250,69.6750,0.0000
27.7750,69.6750,0.0000
27.8250,69.6750,0.0000
27.8750,69.6750,0.0000
27.9250,69.6750,0.0000
27.9750,69.6750,0.0000
28.0250,69.6750,0.0000
28.0750,69.6750,0.0000
28.1250,69.6750,0.0000
28.1750,69.6750,0.0000
28.2250,69.6750,0.0000
28.2750,69.6750,0.0000
28.3250,69.6750,0.0000
28.3750,69.6750,0.0000
28.4250,69.6750,0.0000
28.4750,69.6750,0.0000
28.5250,69.6750,0.0000
28.5750,69.6750,0.0000
28.6250,69.6750,0.0000
28.6750,69.6750,0.0000
28.7250,69.6750,0.0000
28.7750,69.6750,0.0000
28.8250,69.6750,0.0000
28.8750,69.6750,0.0000
28.9250,69.6750,0.0000
28.9750,69.6750,0.0000
29.0250,69.6750,0.0000
29.0750,69.6750,0.0000
29.1250,69.6750,0.0000
29.1750,69.6750,0.0000
29.2250,69.6750,0.0000
29.2750,69.6750,0.0000
29.3250,69.6750,0.0000
29.3750,69.6750,0.0000
29.4250,69.6750,0.0000
29.4750,69.6750,0.0000
29.5250,69.6750,0.0000
29.5750,69.6750,0.0000
29.6250,69.6750,0.0000
29.6750,69.6750,0.0000
29.7250,69.6750,0.0000
29.7750,69.6750,0.0000
29.8250,69.6750,0.0000
29.8750,69.6750,0.0000
29.9250,69.6750,0.0000
29.9750,69.6750,0.0000
30.0250,69.6750,0.0000
30.0750,69.6750,0.0000
30.1250,69.6750,0.0000
30.1750,69.6750,0.0000
30.2250,69.6750,0.0000
30.2750,69.6750,0.0000
30.3250,69.6750,0.0000
30.3750,69.6750,0.0000
30.4250,69.6750,0.0000
30.4750,69.6750,0.0000
30.5250,69.6750,0.0000
30.5750,69.6750,0.0000
30.6250,69.6750,0.0000
30.6750,69.6750,0.0000
30.7250,69.6750,0.0000
30.7750,69.6750,0.0000
30.8250,69.6750,0.0000
30.8750,69.6750,0.0000
30.9250,69.6750,0.0000
30.9750,69.6750,0.0000
31.0250,69.6750,0.0000
31.0750,69.6750,0.0000
31.1250,69.6750,0.0000
31.1750,69.6750,0.0000
31.2250,69.6750,0.0000
31.2750,69.6750,0.0000
31.3250,69.6750,0.0000
31.3750,69.6750,0.0000
31.4250,69.6750,0.0040
31.4750,69.6750,0.0058
31.5250,69.6750,0.0058
31.5750,69.6750,0.0055
20.5250,69.6250,0.0077
20.5750,69.6250,0.0073
20.6250,69.6250,0.0073
20.6750,69.6250,0.0073
20.7250,69.6250,0.0067
20.7750,69.6250,0.0067
20.8250,69.6250,0.0066
20.8750,69.6250,0.0062
20.9250,69.6250,0.0062
20.9750,69.6250,0.0062
21.0250,69.6250,0.0057
21.0750,69.6250,0.0057
21.1250,69.6250,0.0057
21.1750,69.6250,0.0053
21.2250,69.6250,0.0053
21.2750,69.6250,0.0052
21.3250,69.6250,0.0000
21.3750,69.6250,0.0000
21.4250,69.6250,0.0000
21.4750,69.6250,0.0000
21.5250,69.6250,0.0000
21.5750,69.6250,0.0000
21.6250,69.6250,0.0000
21.6750,69.6250,0.0000
21.7250,69.6250,0.0000
21.7750,69.6250,0.0000
21.8250,69.6250,0.0000
21.8750,69.6250,0.0000
21.9250,69.6250,0.0000
21.9750,69.6250,0.0000
22.0250,69.6250,0.0000
22.0750,69.6250,0.0000
22.1250,69.6250,0.0000
22.1750,69.6250,0.0000
22.2250,69.6250,0.0000
22.2750,69.6250,0.0000
22.3250,69.6250,0.0000
22.3750,69.6250,0.0000
22.4250,69.6250,0.0000
22.4750,69.6250,0.0000
22.5250,69.6250,0.0000
22.5750,69.6250,0.0000
22.6250,69.6250,0.0000
22.6750,69.6250,0.0000
22.7250,69.6250,0.0000
22.7750,69.6250,0.0000
22.8250,69.6250,0.0000
22.8750,69.6250,0.0000
22.9250,69.6250,0.0000
22.9750,69.6250,0.0000
23.0250,69.6250,0.0000
23.0750,69.6250,0.0000
23.1250,69.6250,0.0000
23.1750,69.6250,0.0000
23.2250,69.6250,0.0000
23.2750,69.6250,0.0000
23.3250,69.6250,0.0000
23.3750,69.6250,0.0000
23.4250,69.6250,0.0000
23.4750,69.6250,0.0000
23.5250,69.6250,0.0000
23.5750,69.6250,0.0000
23.6250,69.6250,0.0000
23.6750,69.6250,0.0000
23.7250,69.6250,0.0000
23.7750,69.6250,0.0000
23.8250,69.6250,0.0000
23.8750,69.6250,0.0000
23.9250,69.6250,0.0000
23.9750,69.6250,0.0000
24.0250,69.6250,0.0000
24.0750,69.6250,0.0000
24.1250,69.6250,0.0000
24.1750,69.6250,0.0000
24.2250,69.6250,0.0000
24.2750,69.6250,0.0000
24.3250,69.6250,0.0000
24.3750,69.6250,0.0000
24.4250,69.6250,0.0000
24.4750,69.6250,0.0000
24.5250,69.6250,0.0000
24.5750,69.6250,0.0000
24.6250,69.6250,0.0000
24.6750,69.6250,0.0000
24.7250,69.6250,0.0000
24.7750,69.6250,0.0000
24.8250,69.6250,0.0000
24.8750,69.6250,0.0000
24.9250,69.6250,0.0000
24.9750,69.6250,0.0000
25.0250,69.6250,0.0000
25.0750,69.6250,0.0000
25.1250,69.6250,0.0000
25.1750,69.6250,0.0000
25.2250,69.6250,0.0000
25.2750,69.6250,0.0000
25.3250,69.6250,0.0000
25.3750,69.6250,0.0000
25.4250,69.6250,0.0000
25.4750,69.6250,0.0000
25.5250,69.6250,0.0000
25.5750,69.6250,0.0000
25.6250,69.6250,0.0000
25.6750,69.6250,0.0000
25.7250,69.6250,0.0000
25.7750,69.6250,0.0000
25.8250,69.6250,0.0000
25.8750,69.6250,0.0000
25.9250,69.6250,0.0000
25.9750,69.6250,0.0000
26.0250,69.6250,0.0000
26.0750,69.6250,0.0000
26.1250,69.6250,0.0000
26.1750,69.6250,0.0000
26.2250,69.6250,0.0000
26.2750,69.6250,0.0000
26.3250,69.6250,0.0000
26.3750,69.6250,0.0000
26.4250,69.6250,0.0000
26.4750,69.6250,0.0000
26.5250,69.6250,0.0000
26.5750,69.6250,0.0000
26.6250,69.6250,0.0000
26.6750,69.6250,0.0000
26.7250,69.6250,0.0000
26.7750,69.6250,0.0000
26.8250,69.6250,0.0000
26.8750,69.6250,0.0000
26.9250,69.6250,0.0000
26.9750,69.6250,0.0000
27.0250,69.6250,0.0000
27.0750,69.6250,0.0000
27.1250,69.6250,0.0000
27.1750,69.6250,0.0000
27.2250,69.6250,0.0000
27.2750,69.6250,0.0000
27.3250,69.6250,0.0000
27.3750,69.6250,0.0000
27.4250,69.6250,0.0000
27.4750,69.6250,0.0000
27.5250,69.6250,0.0000
27.5750,69.6250,0.0000
27.6250,69.6250,0.0000
27.6750,69.6250,0.0000
27.7250,69.6250,0.0000
27.7750,69.6250,0.0000
27.8250,69.6250,0.0000
27.8750,69.6250,0.0000
27.9250,69.6250,0.0000
27.9750,69.6250,0.0000
28.0250,69.6250,0.0000
28.0750,69.6250,0.0000
28.1250,69.6250,0.0000
28.1750,69.6250,0.0000
28.2250,69.6250,0.0000
28.2750,69.6250,0.0000
28.3250,69.6250,0.0000
28.3750,69.6250,0.0000
28.4250,69.6250,0.0000
28.4750,69.6250,0.0000
28.5250,69.6250,0.0000
28.5750,69.6250,0.0000
28.6250,69.6250,0.0000
28.6750,69.6250,0.0000
28.7250,69.6250,0.0000
28.7750,69.6250,0.0000
28.8250,69.6250,0.0000
28.8750,69.6250,0.0000
28.9250,69.6250,0.0000
28.9750,69.6250,0.0000
29.0250,69.6250,0.0000
29.0750,69.6250,0.0000
29.1250,69.6250,0.0000
29.1750,69.6250,0.0000
29.2250,69.6250,0.0000
29.2750,69.6250,0.0000
29.3250,69.6250,0.0000
29.3750,69.6250,0.0000
29.4250,69.6250,0.0000
29.4750,69.6250,0.0000
29.5250,69.6250,0.0000
29.5750,69.6250,0.0000
29.6250,69.6250,0.0000
29.6750,69.6250,0.0000
29.7250,69.6250,0.0000
29.7750,69.6250,0.0000
29.8250,69.6250,0.0000
29.8750,69.6250,0.0000
29.9250,69.6250,0.0000
29.9750,69.6250,0.0000
30.0250,69.6250,0.0000
30.0750,69.6250,0.0000
30.1250,69.6250,0.0000
30.1750,69.6250,0.0000
30.2250,69.6250,0.0000
30.2750,69.6250,0.0000
30.3250,69.6250,0.0000
30.3750,69.6250,0.0000
30.4250,69.6250,0.0000
30.4750,69.6250,0.0000
30.5250,69.6250,0.0000
30.5750,69.6250,0.0000
30.6250,69.6250,0.0000
30.6750,69.6250,0.0000
30.7250,69.6250,0.0000
30.7750,69.6250,0.0000
30.8250,69.6250,0.0000
30.8750,69.6250,0.0000
30.9250,69.6250,0.0000
30.9750,69.6250,0.0000
31.0250,69.6250,0.0000
31.0750,69.6250,0.0000
31.1250,69.6250,0.0000
31.1750,69.6250,0.0000
31.2250,69.6250,0.0000
31.2750,69.6250,0.0000
31.3250,69.6250,0.0000
31.3750,69.6250,0.0000
31.4250,69.6250,0.0060
31.4750,69.6250,0.0058
31.5250,69.6250,0.0058
31.5750,69.6250,0.0060
20.5250,69.5750,0.0073
20.5750,69.5750,0.0073
20.6250,69.5750,0.0067
20.6750,69.5750,0.0067
20.7250,69.5750,0.0067
20.7750,69.5750,0.0062
20.8250,69.5750,0.0062
20.8750,69.5750,0.0062
20.9250,69.5750,0.0058
20.9750,69.5750,0.0058
21.0250,69.5750,0.0057
21.0750,69.5750,0.0053
21.1250,69.5750,0.0053
21.1750,69.5750,0.0053
21.2250,69.5750,0.0008
21.2750,69.5750,0.0000
21.3250,69.5750,0.0000
21.3750,69.5750,0.0000
21.4250,69.5750,0.0000
21.4750,69.5750,0.0000
21.5250,69.5750,0.0000
21.5750,69.5750,0.0000
21.6250,69.5750,0.0000
21.6750,69.5750,0.0000
21.7250,69.5750,0.0000
21.7750,69.5750,0.0000
21.8250,69.5750,0.0000
21.8750,69.5750,0.0000
21.9250,69.5750,0.0000
21.9750,69.5750,0.0000
22.0250,69.5750,0.0000
22.0750,69.5750,0.0000
22.1250,69.5750,0.0000
22.1750,69.5750,0.0000
22.2250,69.5750,0.0000
22.2750,69.5750,0.0000
22.3250,69.5750,0.0000
22.3750,69.5750,0.0000
22.4250,69.5750,0.0000
22.4750,69.5750,0.0000
22.5250,69.5750,0.0000
22.5750,69.5750,0.0000
22.6250,69.5750,0.0000
22.6750,69.5750,0.0000
22.7250,69.5750,0.0000
22.7750,69.5750,0.0000
22.8250,69.5750,0.0000
22.8750,69.5750,0.0000
22.9250,69.5750,0.0000
22.9750,69.5750,0.0000
23.0250,69.5750,0.0000
23.0750,69.5750,0.0000
23.1250,69.5750,0.0000
23.1750,69.5750,0.0000
23.2250,69.5750,0.0000
23.2750,69.5750,0.0000
23.3250,69.5750,0.0000
23.3750,69.5750,0.0000
23.4250,69.5750,0.0000
23.4750,69.5750,0.0000
23.5250,69.5750,0.0000
23.5750,69.5750,0.0000
23.6250,69.5750,0.0000
23.6750,69.5750,0.0000
23.7250,69.5750,0.0000
23.7750,69.5750,0.0000
23.8250,69.5750,0.0000
23.8750,69.5750,0.0000
23.9250,69.5750,0.0000
23.9750,69.5750,0.0000
24.0250,69.5750,0.0000
24.0750,69.5750,0.0000
24.1250,69.5750,0.0000
24.1750,69.5750,0.0000
24.2250,69.5750,0.0000
24.2750,69.5750,0.0000
24.3250,69.5750,0.0000
24.3750,69.5750,0.0000
24.4250,69.5750,0.0000
24.4750,69.5750,0.0000
24.5250,69.5750,0.0000
24.5750,69.5750,0.0000
24.6250,69.5750,0.0000
24.6750,69.5750,0.0000
24.7250,69.5750,0.0000
24.7750,69.5750,0.0000
24.8250,69.5750,0.0000
24.8750,69.5750,0.0000
24.9250,69.5750,0.0000
24.9750,69.5750,0.0000
25.0250,69.5750,0.0000
25.0750,69.5750,0.0000
25.1250,69.5750,0.0000
25.1750,69.5750,0.0000
25.2250,69.5750,0.0000
25.2750,69.5750,0.0000
25.3250,69.5750,0.0000
25.3750,69.5750,0.0000
25.4250,69.5750,0.0000
25.4750,69.5750,0.0000
25.5250,69.5750,0.0000
25.5750,69.5750,0.0000
25.6250,69.5750,0.0000
25.6750,69.5750,0.0000
25.7250,69.5750,0.0000
25.7750,69.5750,0.0000
25.8250,69.5750,0.0000
25.8750,69.5750,0.0000
25.9250,69.5750,0.0000
25.9750,69.5750,0.0000
26.0250,69.5750,0.0000
26.0750,69.5750,0.0000
26.1250,69.5750,0.0000
26.1750,69.5750,0.0000
26.2250,69.5750,0.0000
26.2750,69.5750,0.0000
26.3250,69.5750,0.0000
26.3750,69.5750,0.0000
26.4250,69.5750,0.0000
26.4750,69.5750,0.0000
26.5250,69.5750,0.0000
26.5750,69.5750,0.0000
26.6250,69.5750,0.0000
26.6750,69.5750,0.0000
26.7250,69.5750,0.0000
26.7750,69.5750,0.0000
26.8250,69.5750,0.0000
26.8750,69.5750,0.0000
26.9250,69.5750,0.0000
26.9750,69.5750,0.0000
27.0250,69.5750,0.0000
27.0750,69.5750,0.0000
27.1250,69.5750,0.0000
27.1750,69.5750,0.0000
27.2250,69.5750,0.0000
27.2750,69.5750,0.0000
27.3250,69.5750,0.0000
27.3750,69.5750,0.0000
27.4250,69.5750,0.0000
27.4750,69.5750,0.0000
27.5250,69.5750,0.0000
27.5750,69.5750,0.0000
27.6250,69.5750,0.0000
27.6750,69.5750,0.0000
27.7250,69.5750,0.0000
27.7750,69.5750,0.0000
27.8250,69.5750,0.0000
27.8750,69.5750,0.0000
27.9250,69.5750,0.0000
27.9750,69.5750,0.0000
28.0250,69.5750,0.0000
28.0750,69.5750,0.0000
28.1250,69.5750,0.0000
28.1750,69.5750,0.0000
28.2250,69.5750,0.0000
28.2750,69.5750,0.0000
28.3250,69.5750,0.0000
28.3750,69.5750,0.0000
28.4250,69.5750,0.0000
28.4750,69.5750,0.0000
28.5250,69.5750,0.0000
28.5750,69.5750,0.0000
28.6250,69.5750,0.0000
28.6750,69.5750,0.0000
28.7250,69.5750,0.0000
28.7750,69.5750,0.0000
28.8250,69.5750,0.0000
28.8750,69.5750,0.0000
28.9250,69.5750,0.0000
28.9750,69.5750,0.0000
29.0250,69.5750,0.0000
29.0750,69.5750,0.0000
29.1250,69.5750,0.0000
29.1750,69.5750,0.0000
29.2250,69.5750,0.0000
29.2750,69.5750,0.0000
29.3250,69.5750,0.0000
29.3750,69.5750,0.0000
29.4250,69.5750,0.0000
29.4750,69.5750,0.0000
29.5250,69.5750,0.0000
29.5750,69.5750,0.0000
29.6250,69.5750,0.0000
29.6750,69.5750,0.0000
29.7250,69.5750,0.0000
29.7750,69.5750,0.0000
29.8250,69.5750,0.0000
29.8750,69.5750,0.0000
29.9250,69.5750,0.0000
29.9750,69.5750,0.0000
30.0250,69.5750,0.0000
30.0750,69.5750,0.0000
30.1250,69.5750,0.0000
30.1750,69.5750,0.0000
30.2250,69.5750,0.0000
30.2750,69.5750,0.0000
30.3250,69.5750,0.0000
30.3750,69.5750,0.0000
30.4250,69.5750,0.0000
30.4750,69.5750,0.0000
30.5250,69.5750,0.0000
30.5750,69.5750,0.0000
30.6250,69.5750,0.0000
30.6750,69.5750,0.0000
30.7250,69.5750,0.0000
30.7750,69.5750,0.0000
30.8250,69.5750,0.0000
30.8750,69.5750,0.0000
30.9250,69.5750,0.0000
30.9750,69.5750,0.0000
31.0250,69.5750,0.0000
31.0750,69.5750,0.0000
31.1250,69.5750,0.0000
31.1750,69.5750,0.0000
31.2250,69.5750,0.0000
31.2750,69.5750,0.0000
31.3250,69.5750,0.0000
31.3750,69.5750,0.0058
31.4250,69.5750,0.0060
31.4750,69.5750,0.0062
31.5250,69.5750,0.0060
31.5750,69.5750,0.0060
20.5250,69.5250,0.0067
20.5750,69.5250,0.0067
20.6250,69.5250,0.0066
20.6750,69.5250,0.0062
20.7250,69.5250,0.0062
20.7750,69.5250,0.0062
20.8250,69.5250,0.0062
20.8750,69.5250,0.0058
20.9250,69.5250,0.0058
20.9750,69.5250,0.0053
21.0250,69.5250,0.0053
21.0750,69.5250,0.0053
21.1250,69.5250,0.0014
21.1750,69.5250,0.0000
21.2250,69.5250,0.0000
21.2750,69.5250,0.0000
21.3250,69.5250,0.0000
21.3750,69.5250,0.0000
21.4250,69.5250,0.0000
21.4750,69.5250,0.0000
21.5250,69.5250,0.0000
21.5750,69.5250,0.0000
21.6250,69.5250,0.0000
21.6750,69.5250,0.0000
21.7250,69.5250,0.0000
21.7750,69.5250,0.0000
21.8250,69.5250,0.0000
21.8750,69.5250,0.0000
21.9250,69.5250,0.0000
21.9750,69.5250,0.0000
22.0250,69.5250,0.0000
22.0750,69.5250,0.0000
22.1250,69.5250,0.0000
22.1750,69.5250,0.0000
22.2250,69.5250,0.0000
22.2750,69.5250,0.0000
22.3250,69.5250,0.0000
22.3750,69.5250,0.0000
22.4250,69.5250,0.0000
22.4750,69.5250,0.0000
22.5250,69.5250,0.0000
22.5750,69.5250,0.0000
22.6250,69.5250,0.0000
22.6750,69.5250,0.0000
22.7250,69.5250,0.0000
22.7750,69.5250,0.0000
22.8250,69.5250,0.0000
22.8750,69.5250,0.0000
22.9250,69.5250,0.0000
22.9750,69.5250,0.0000
23.0250,69.5250,0.0000
23.0750,69.5250,0.0000
23.1250,69.5250,0.0000
23.1750,69.5250,0.0000
23.2250,69.5250,0.0000
23.2750,69.5250,0.0000
23.3250,69.5250,0.0000
23.3750,69.5250,0.0000
23.4250,69.5250,0.0000
23.4750,69.5250,0.0000
23.5250,69.5250,0.0000
23.5750,69.5250,0.0000
23.6250,69.5250,0.0000
23.6750,69.5250,0.0000
23.7250,69.5250,0.0000
23.7750,69.5250,0.0000
23.8250,69.5250,0.0000
23.8750,69.5250,0.0000
23.9250,69.5250,0.0000
23.9750,69.5250,0.0000
24.0250,69.5250,0.0000
24.0750,69.5250,0.0000
24.1250,69.5250,0.0000
24.1750,69.5250,0.0000
24.2250,69.5250,0.0000
24.2750,69.5250,0.0000
24.3250,69.5250,0.0000
24.3750,69.5250,0.0000
24.4250,69.5250,0.0000
24.4750,69.5250,0.0000
24.5250,69.5250,0.0000
24.5750,69.5250,0.0000
24.6250,69.5250,0.0000
24.6750,69.5250,0.0000
24.7250,69.5250,0.0000
24.7750,69.5250,0.0000
24.8250,69.5250,0.0000
24.8750,69.5250,0.0000
24.9250,69.5250,0.0000
24.9750,69.5250,0.0000
25.0250,69.5250,0.0000
25.0750,69.5250,0.0000
25.1250,69.5250,0.0000
25.1750,69.5250,0.0000
25.2250,69.5250,0.0000
25.2750,69.5250,0.0000
25.3250,69.5250,0.0000
25.3750,69.5250,0.0000
25.4250,69.5250,0.0000
25.4750,69.5250,0.0000
25.5250,69.5250,0.0000
25.5750,69.5250,0.0000
25.6250,69.5250,0.0000
25.6750,69.5250,0.0000
25.7250,69.5250,0.0000
25.7750,69.5250,0.0000
25.8250,69.5250,0.0000
25.8750,69.5250,0.0000
25.9250,69.5250,0.0000
25.9750,69.5250,0.0000
26.0250,69.5250,0.0000
26.0750,69.5250,0.0000
26.1250,69.5250,0.0000
26.1750,69.5250,0.0000
26.2250,69.5250,0.0000
26.2750,69.5250,0.0000
26.3250,69.5250,0.0000
26.3750,69.5250,0.0000
26.4250,69.5250,0.0000
26.4750,69.5250,0.0000
26.5250,69.5250,0.0000
26.5750,69.5250,0.0000
26.6250,69.5250,0.0000
26.6750,69.5250,0.0000
26.7250,69.5250,0.0000
26.7750,69.5250,0.0000
26.8250,69.5250,0.0000
26.8750,69.5250,0.0000
26.9250,69.5250,0.0000
26.9750,69.5250,0.0000
27.0250,69.5250,0.0000
27.0750,69.5250,0.0000
27.1250,69.5250,0.0000
27.1750,69.5250,0.0000
27.2250,69.5250,0.0000
27.2750,69.5250,0.0000
27.3250,69.5250,0.0000
27.3750,69.5250,0.0000
27.4250,69.5250,0.0000
27.4750,69.5250,0.0000
27.5250,69.5250,0.0000
27.5750,69.5250,0.0000
27.6250,69.5250,0.0000
27.6750,69.5250,0.0000
27.7250,69.5250,0.0000
27.7750,69.5250,0.0000
27.8250,69.5250,0.0000
27.8750,69.5250,0.0000
27.9250,69.5250,0.0000
27.9750,69.5250,0.0000
28.0250,69.5250,0.0000
28.0750,69.5250,0.0000
28.1250,69.5250,0.0000
28.1750,69.5250,0.0000
28.2250,69.5250,0.0000
28.2750,69.5250,0.0000
28.3250,69.5250,0.0000
28.3750,69.5250,0.0000
28.4250,69.5250,0.0000
28.4750,69.5250,0.0000
28.5250,69.5250,0.0000
28.5750,69.5250,0.0000
28.6250,69.5250,0.0000
28.6750,69.5250,0.0000
28.7250,69.5250,0.0000
28.7750,69.5250,0.0000
28.8250,69.5250,0.0000
28.8750,69.5250,0.0000
28.9250,69.5250,0.0000
28.9750,69.5250,0.0000
29.0250,69.5250,0.0000
29.0750,69.5250,0.0000
29.1250,69.5250,0.0000
29.1750,69.5250,0.0000
29.2250,69.5250,0.0000
29.2750,69.5250,0.0000
29.3250,69.5250,0.0000
29.3750,69.5250,0.0000
29.4250,69.5250,0.0000
29.4750,69.5250,0.0000
29.5250,69.5250,0.0000
29.5750,69.5250,0.0000
29.6250,69.5250,0.0000
29.6750,69.5250,0.0000
29.7250,69.5250,0.0000
29.7750,69.5250,0.0000
29.8250,69.5250,0.0000
29.8750,69.5250,0.0000
29.9250,69.5250,0.0000
29.9750,69.5250,0.0000
30.0250,69.5250,0.0000
30.0750,69.5250,0.0000
30.1250,69.5250,0.0000
30.1750,69.5250,0.0000
30.2250,69.5250,0.0000
30.2750,69.5250,0.0000
30.3250,69.5250,0.0000
30.3750,69.5250,0.0000
30.4250,69.5250,0.0000
30.4750,69.5250,0.0000
30.5250,69.5250,0.0000
30.5750,69.5250,0.0000
30.6250,69.5250,0.0000
30.6750,69.5250,0.0000
30.7250,69.5250,0.0000
30.7750,69.5250,0.0000
30.8250,69.5250,0.0000
30.8750,69.5250,0.0000
30.9250,69.5250,0.0000
30.9750,69.5250,0.0000
31.0250,69.5250,0.0000
31.0750,69.5250,0.0000
31.1250,69.5250,0.0000
31.1750,69.5250,0.0000
31.2250,69.5250,0.0000
31.2750,69.5250,0.0000
31.3250,69.5250,0.0000
31.3750,69.5250,0.0064
31.4250,69.5250,0.0064
31.4750,69.5250,0.0062
31.5250,69.5250,0.0064
31.5750,69.5250,0.0064
20.5250,69.4750,0.0067
20.5750,69.4750,0.0067
20.6250,69.4750,0.0062
20.6750,69.4750,0.0062
20.7250,69.4750,0.0062
20.7750,69.4750,0.0058
20.8250,69.4750,0.0058
20.8750,69.4750,0.0054
20.9250,69.4750,0.0053
20.9750,69.4750,0.0053
21.0250,69.4750,0.0053
21.0750,69.4750,0.0000
21.1250,69.4750,0.0000
21.1750,69.4750,0.0000
21.2250,69.4750,0.0000
21.2750,69.4750,0.0000
21.3250,69.4750,0.0000
21.3750,69.4750,0.0000
21.4250,69.4750,0.0000
21.4750,69.4750,0.0000
21.5250,69.4750,0.0000
21.5750,69.4750,0.0000
21.6250,69.4750,0.0000
21.6750,69.4750,0.0000
21.7250,69.4750,0.0000
21.7750,69.4750,0.0000
21.8250,69.4750,0.0000
21.8750,69.4750,0.0000
21.9250,69.4750,0.0000
21.9750,69.4750,0.0000
22.0250,69.4750,0.0000
22.0750,69.4750,0.0000
22.1250,69.4750,0.0000
22.1750,69.4750,0.0000
22.2250,69.4750,0.0000
22.2750,69.4750,0.0000
22.3250,69.4750,0.0000
22.3750,69.4750,0.0000
22.4250,69.4750,0.0000
22.4750,69.4750,0.0000
22.5250,69.4750,0.0000
22.5750,69.4750,0.0000
22.6250,69.4750,0.0000
22.6750,69.4750,0.0000
22.7250,69.4750,0.0000
22.7750,69.4750,0.0000
22.8250,69.4750,0.0000
22.8750,69.4750,0.0000
22.9250,69.4750,0.0000
22.9750,69.4750,0.0000
23.0250,69.4750,0.0000
23.0750,69.4750,0.0000
23.1250,69.4750,0.0000
23.1750,69.4750,0.0000
23.2250,69.4750,0.0000
23.2750,69.4750,0.0000
23.3250,69.4750,0.0000
23.3750,69.4750,0.0000
23.4250,69.4750,0.0000
23.4750,69.4750,0.0000
23.5250,69.4750,0.0000
23.5750,69.4750,0.0000
23.6250,69.4750,0.0000
23.6750,69.4750,0.0000
23.7250,69.4750,0.0000
23.7750,69.4750,0.0000
23.8250,69.4750,0.0000
23.8750,69.4750,0.0000
23.9250,69.4750,0.0000
23.9750,69.4750,0.0000
24.0250,69.4750,0.0000
24.0750,69.4750,0.0000
24.1250,69.4750,0.0000
24.1750,69.4750,0.0000
24.2250,69.4750,0.0000
24.2750,69.4750,0.0000
24.3250,69.4750,0.0000
24.3750,69.4750,0.0000
24.4250,69.4750,0.0000
24.4750,69.4750,0.0000
24.5250,69.4750,0.0000
24.5750,69.4750,0.0000
24.6250,69.4750,0.0000
24.6750,69.4750,0.0000
24.7250,69.4750,0.0000
24.7750,69.4750,0.0000
24.8250,69.4750,0.0000
24.8750,69.4750,0.0000
24.9250,69.4750,0.0000
24.9750,69.4750,0.0000
25.0250,69.4750,0.0000
25.0750,69.4750,0.0000
25.1250,69.4750,0.0000
25.1750,69.4750,0.0000
25.2250,69.4750,0.0000
25.2750,69.4750,0.0000
25.3250,69.4750,0.0000
25.3750,69.4750,0.0000
25.4250,69.4750,0.0000
25.4750,69.4750,0.0000
25.5250,69.4750,0.0000
25.5750,69.4750,0.0000
25.6250,69.4750,0.0000
25.6750,69.4750,0.0000
25.7250,69.4750,0.0000
25.7750,69.4750,0.0000
25.8250,69.4750,0.0000
25.8750,69.4750,0.0000
25.9250,69.4750,0.0000
25.9750,69.4750,0.0000
26.0250,69.4750,0.0000
26.0750,69.4750,0.0000
26.1250,69.4750,0.0000
26.1750,69.4750,0.0000
26.2250,69.4750,0.0000
26.2750,69.4750,0.0000
26.3250,69.4750,0.0000
26.3750,69.4750,0.0000
26.4250,69.4750,0.0000
26.4750,69.4750,0.0000
26.5250,69.4750,0.0000
26.5750,69.4750,0.0000
26.6250,69.4750,0.0000
26.6750,69.4750,0.0000
26.7250,69.4750,0.0000
26.7750,69.4750,0.0000
26.8250,69.4750,0.0000
26.8750,69.4750,0.0000
26.9250,69.4750,0.0000
26.9750,69.4750,0.0000
27.0250,69.4750,0.0000
27.0750,69.4750,0.0000
27.1250,69.4750,0.0000
27.1750,69.4750,0.0000
27.2250,69.4750,0.0000
27.2750,69.4750,0.0000
27.3250,69.4750,0.0000
27.3750,69.4750,0.0000
27.4250,69.4750,0.0000
27.4750,69.4750,0.0000
27.5250,69.4750,0.0000
27.5750,69.4750,0.0000
27.6250,69.4750,0.0000
27.6750,69.4750,0.0000
27.7250,69.4750,0.0000
27.7750,69.4750,0.0000
27.8250,69.4750,0.0000
27.8750,69.4750,0.0000
27.9250,69.4750,0.0000
27.9750,69.4750,0.0000
28.0250,69.4750,0.0000
28.0750,69.4750,0.0000
28.1250,69.4750,0.0000
28.1750,69.4750,0.0000
28.2250,69.4750,0.0000
28.2750,69.4750,0.0000
28.3250,69.4750,0.0000
28.3750,69.4750,0.0000
28.4250,69.4750,0.0000
28.4750,69.4750,0.0000
28.5250,69.4750,0.0000
28.5750,69.4750,0.0000
28.6250,69.4750,0.0000
28.6750,69.4750,0.0000
28.7250,69.4750,0.0000
28.7750,69.4750,0.0000
28.8250,69.4750,0.0000
28.8750,69.4750,0.0000
28.9250,69.4750,0.0000
28.9750,69.4750,0.0000
29.0250,69.4750,0.0000
29.0750,69.4750,0.0000
29.1250,69.4750,0.0000
29.1750,69.4750,0.0000
29.2250,69.4750,0.0000
29.2750,69.4750,0.0000
29.3250,69.4750,0.0000
29.3750,69.4750,0.0000
29.4250,69.4750,0.0000
29.4750,69.4750,0.0000
29.5250,69.4750,0.0000
29.5750,69.4750,0.0000
29.6250,69.4750,0.0000
29.6750,69.4750,0.0000
29.7250,69.4750,0.0000
29.7750,69.4750,0.0000
29.8250,69.4750,0.0000
29.8750,69.4750,0.0000
29.9250,69.4750,0.0000
29.9750,69.4750,0.0000
30.0250,69.4750,0.0000
30.0750,69.4750,0.0000
30.1250,69.4750,0.0000
30.1750,69.4750,0.0000
30.2250,69.4750,0.0000
30.2750,69.4750,0.0000
30.3250,69.4750,0.0000
30.3750,69.4750,0.0000
30.4250,69.4750,0.0000
30.4750,69.4750,0.0000
30.5250,69.4750,0.0000
30.5750,69.4750,0.0000
30.6250,69.4750,0.0000
30.6750,69.4750,0.0000
30.7250,69.4750,0.0000
30.7750,69.4750,0.0000
30.8250,69.4750,0.0000
30.8750,69.4750,0.0000
30.9250,69.4750,0.0000
30.9750,69.4750,0.0000
31.0250,69.4750,0.0000
31.0750,69.4750,0.0000
31.1250,69.4750,0.0000
31.1750,69.4750,0.0000
31.2250,69.4750,0.0070
31.2750,69.4750,0.0067
31.3250,69.4750,0.0067
31.3750,69.4750,0.0064
31.4250,69.4750,0.0066
31.4750,69.4750,0.0066
31.5250,69.4750,0.0064
31.5750,69.4750,0.0065
20.5250,69.4250,0.0065
20.5750,69.4250,0.0061
20.6250,69.4250,0.0062
20.6750,69.4250,0.0061
20.7250,69.4250,0.0057
20.7750,69.4250,0.0058
20.8250,69.4250,0.0057
20.8750,69.4250,0.0053
20.9250,69.4250,0.0053
20.9750,69.4250,0.0052
21.0250,69.4250,0.0000
21.0750,69.4250,0.0000
21.1250,69.4250,0.0000
21.1750,69.4250,0.0000
21.2250,69.4250,0.0000
21.2750,69.4250,0.0000
21.3250,69.4250,0.0000
21.3750,69.4250,0.0000
21.4250,69.4250,0.0000
21.4750,69.4250,0.0000
21.5250,69.4250,0.0000
21.5750,69.4250,0.0000
21.6250,69.4250,0.0000
21.6750,69.4250,0.0000
21.7250,69.4250,0.0000
21.7750,69.4250,0.0000
21.8250,69.4250,0.0000
21.8750,69.4250,0.0000
21.9250,69.4250,0.0000
21.9750,69.4250,0.0000
22.0250,69.4250,0.0000
22.0750,69.4250,0.0000
22.1250,69.4250,0.0000
22.1750,69.4250,0.0000
22.2250,69.4250,0.0000
22.2750,69.4250,0.0000
22.3250,69.4250,0.0000
22.3750,69.4250,0.0000
22.4250,69.4250,0.0000
22.4750,69.4250,0.0000
22.5250,69.4250,0.0000
22.5750,69.4250,0.0000
22.6250,69.4250,0.0000
22.6750,69.4250,0.0000
22.7250,69.4250,0.0000
22.7750,69.4250,0.0000
22.8250,69.4250,0.0000
22.8750,69.4250,0.0000
22.9250,69.4250,0.0000
22.9750,69.4250,0.0000
23.0250,69.4250,0.0000
23.0750,69.4250,0.0000
23.1250,69.4250,0.0000
23.1750,69.4250,0.0000
23.2250,69.4250,0.0000
23.2750,69.4250,0.0000
23.3250,69.4250,0.0000
23.3750,69.4250,0.0000
23.4250,69.4250,0.0000
23.4750,69.4250,0.0000
23.5250,69.4250,0.0000
23.5750,69.4250,0.0000
23.6250,69.4250,0.0000
23.6750,69.4250,0.0000
23.7250,69.4250,0.0000
23.7750,69.4250,0.0000
23.8250,69.4250,0.0000
23.8750,69.4250,0.0000
23.9250,69.4250,0.0000
23.9750,69.4250,0.0000
24.0250,69.4250,0.0000
24.0750,69.4250,0.0000
24.1250,69.4250,0.0000
24.1750,69.4250,0.0000
24.2250,69.4250,0.0000
24.2750,69.4250,0.0000
24.3250,69.4250,0.0000
24.3750,69.4250,0.0000
24.4250,69.4250,0.0000
24.4750,69.4250,0.0000
24.5250,69.4250,0.0000
24.5750,69.4250,0.0000
24.6250,69.4250,0.0000
24.6750,69.4250,0.0000
24.7250,69.4250,0.0000
24.7750,69.4250,0.0000
24.8250,69.4250,0.0000
24.8750,69.4250,0.0000
24.9250,69.4250,0.0000
24.9750,69.4250,0.0000
25.0250,69.4250,0.0000
25.0750,69.4250,0.0000
25.1250,69.4250,0.0000
25.1750,69.4250,0.0000
25.2250,69.4250,0.0000
25.2750,69.4250,0.0000
25.3250,69.4250,0.0000
25.3750,69.4250,0.0000
25.4250,69.4250,0.0000
25.4750,69.4250,0.0000
25.5250,69.4250,0.0000
25.5750,69.4250,0.0000
25.6250,69.4250,0.0000
25.6750,69.4250,0.0000
25.7250,69.4250,0.0000
25.7750,69.4250,0.0000
25.8250,69.4250,0.0000
25.8750,69.4250,0.0000
25.9250,69.4250,0.0000
25.9750,69.4250,0.0000
26.0250,69.4250,0.0000
26.0750,69.4250,0.0000
26.1250,69.4250,0.0000
26.1750,69.4250,0.0000
26.2250,69.4250,0.0000
26.2750,69.4250,0.0000
26.3250,69.4250,0.0000
26.3750,69.4250,0.0000
26.4250,69.4250,0.0000
26.4750,69.4250,0.0000
26.5250,69.4250,0.0000
26.5750,69.4250,0.0000
26.6250,69.4250,0.0000
26.6750,69.4250,0.0000
26.7250,69.4250,0.0000
26.7750,69.4250,0.0000
26.8250,69.4250,0.0000
26.8750,69.4250,0.0000
26.9250,69.4250,0.0000
26.9750,69.4250,0.0000
27.0250,69.4250,0.0000
27.0750,69.4250,0.0000
27.1250,69.4250,0.0000
27.1750,69.4250,0.0000
27.2250,69.4250,0.0000
27.2750,69.4250,0.0000
27.3250,69.4250,0.0000
27.3750,69.4250,0.0000
27.4250,69.4250,0.0000
27.4750,69.4250,0.0000
27.5250,69.4250,0.0000
27.5750,69.4250,0.0000
27.6250,69.4250,0.0000
27.6750,69.4250,0.0000
27.7250,69.4250,0.0000
27.7750,69.4250,0.0000
27.8250,69.4250,0.0000
27.8750,69.4250,0.0000
27.9250,69.4250,0.0000
27.9750,69.4250,0.0000
28.0250,69.4250,0.0000
28.0750,69.4250,0.0000
28.1250,69.4250,0.0000
28.1750,69.4250,0.0000
28.2250,69.4250,0.0000
28.2750,69.4250,0.0000
28.3250,69.4250,0.0000
28.3750,69.4250,0.0000
28.4250,69.4250,0.0000
28.4750,69.4250,0.0000
28.5250,69.4250,0.0000
28.5750,69.4250,0.0000
28.6250,69.4250,0.0000
28.6750,69.4250,0.0000
28.7250,69.4250,0.0000
28.7750,69.4250,0.0000
28.8250,69.4250,0.0000
28.8750,69.4250,0.0000
28.9250,69.4250,0.0000
28.9750,69.4250,0.0000
29.0250,69.4250,0.0000
29.0750,69.4250,0.0000
29.1250,69.4250,0.0000
29.1750,69.4250,0.0000
29.2250,69.4250,0.0000
29.2750,69.4250,0.0000
29.3250,69.4250,0.0000
29.3750,69.4250,0.0000
29.4250,69.4250,0.0000
29.4750,69.4250,0.0000
29.5250,69.4250,0.0000
29.5750,69.4250,0.0000
29.6250,69.4250,0.0000
29.6750,69.4250,0.0000
29.7250,69.4250,0.0000
29.7750,69.4250,0.0000
29.8250,69.4250,0.0000
29.8750,69.4250,0.0000
29.9250,69.4250,0.0000
29.9750,69.4250,0.0000
30.0250,69.4250,0.0000
30.0750,69.4250,0.0000
30.1250,69.4250,0.0000
30.1750,69.4250,0.0000
30.2250,69.4250,0.0000
30.2750,69.4250,0.0000
30.3250,69.4250,0.0000
30.3750,69.4250,0.0000
30.4250,69.4250,0.0000
30.4750,69.4250,0.0000
30.5250,69.4250,0.0000
30.5750,69.4250,0.0000
30.6250,69.4250,0.0000
30.6750,69.4250,0.0000
30.7250,69.4250,0.0075
30.7750,69.4250,0.0000
30.8250,69.4250,0.0000
30.8750,69.4250,0.0009
30.9250,69.4250,0.0000
30.9750,69.4250,0.0000
31.0250,69.4250,0.0000
31.0750,69.4250,0.0000
31.1250,69.4250,0.0072
31.1750,69.4250,0.0070
31.2250,69.4250,0.0070
31.2750,69.4250,0.0072
31.3250,69.4250,0.0069
31.3750,69.4250,0.0069
31.4250,69.4250,0.0070
31.4750,69.4250,0.0067
31.5250,69.4250,0.0068
31.5750,69.4250,0.0065
20.5250,69.3750,0.0061
20.5750,69.3750,0.0061
20.6250,69.3750,0.0057
20.6750,69.3750,0.0057
20.7250,69.3750,0.0057
20.7750,69.3750,0.0052
20.8250,69.3750,0.0052
20.8750,69.3750,0.0053
20.9250,69.3750,0.0000
20.9750,69.3750,0.0000
21.0250,69.3750,0.0000
21.0750,69.3750,0.0000
21.1250,69.3750,0.0000
21.1750,69.3750,0.0000
21.2250,69.3750,0.0000
21.2750,69.3750,0.0000
21.3250,69.3750,0.0000
21.3750,69.3750,0.0000
21.4250,69.3750,0.0000
21.4750,69.3750,0.0000
21.5250,69.3750,0.0000
21.5750,69.3750,0.0000
21.6250,69.3750,0.0000
21.6750,69.3750,0.0000
21.7250,69.3750,0.0000
21.7750,69.3750,0.0000
21.8250,69.3750,0.0000
21.8750,69.3750,0.0000
21.9250,69.3750,0.0000
21.9750,69.3750,0.0000
22.0250,69.3750,0.0000
22.0750,69.3750,0.0000
22.1250,69.3750,0.0000
22.1750,69.3750,0.0000
22.2250,69.3750,0.0000
22.2750,69.3750,0.0000
22.3250,69.3750,0.0000
22.3750,69.3750,0.0000
22.4250,69.3750,0.0000
22.4750,69.3750,0.0000
22.5250,69.3750,0.0000
22.5750,69.3750,0.0000
22.6250,69.3750,0.0000
22.6750,69.3750,0.0000
22.7250,69.3750,0.0000
22.7750,69.3750,0.0000
22.8250,69.3750,0.0000
22.8750,69.3750,0.0000
22.9250,69.3750,0.0000
22.9750,69.3750,0.0000
23.0250,69.3750,0.0000
23.0750,69.3750,0.0000
23.1250,69.3750,0.0000
23.1750,69.3750,0.0000
23.2250,69.3750,0.0000
23.2750,69.3750,0.0000
23.3250,69.3750,0.0000
23.3750,69.3750,0.0000
23.4250,69.3750,0.0000
23.4750,69.3750,0.0000
23.5250,69.3750,0.0000
23.5750,69.3750,0.0000
23.6250,69.3750,0.0000
23.6750,69.3750,0.0000
23.7250,69.3750,0.0000
23.7750,69.3750,0.0000
23.8250,69.3750,0.0000
23.8750,69.3750,0.0000
23.9250,69.3750,0.0000
23.9750,69.3750,0.0000
24.0250,69.3750,0.0000
24.0750,69.3750,0.0000
24.1250,69.3750,0.0000
24.1750,69.3750,0.0000
24.2250,69.3750,0.0000
24.2750,69.3750,0.0000
24.3250,69.3750,0.0000
24.3750,69.3750,0.0000
24.4250,69.3750,0.0000
24.4750,69.3750,0.0000
24.5250,69.3750,0.0000
24.5750,69.3750,0.0000
24.6250,69.3750,0.0000
24.6750,69.3750,0.0000
24.7250,69.3750,0.0000
24.7750,69.3750,0.0000
24.8250,69.3750,0.0000
24.8750,69.3750,0.0000
24.9250,69.3750,0.0000
24.9750,69.3750,0.0000
25.0250,69.3750,0.0000
25.0750,69.3750,0.0000
25.1250,69.3750,0.0000
25.1750,69.3750,0.0000
25.2250,69.3750,0.0000
25.2750,69.3750,0.0000
25.3250,69.3750,0.0000
25.3750,69.3750,0.0000
25.4250,69.3750,0.0000
25.4750,69.3750,0.0000
25.5250,69.3750,0.0000
25.5750,69.3750,0.0000
25.6250,69.3750,0.0000
25.6750,69.3750,0.0000
25.7250,69.3750,0.0000
25.7750,69.3750,0.0000
25.8250,69.3750,0.0000
25.8750,69.3750,0.0000
25.9250,69.3750,0.0000
25.9750,69.3750,0.0000
26.0250,69.3750,0.0000
26.0750,69.3750,0.0000
26.1250,69.3750,0.0000
26.1750,69.3750,0.0000
26.2250,69.3750,0.0000
26.2750,69.3750,0.0000
26.3250,69.3750,0.0000
26.3750,69.3750,0.0000
26.4250,69.3750,0.0000
26.4750,69.3750,0.0000
26.5250,69.3750,0.0000
26.5750,69.3750,0.0000
26.6250,69.3750,0.0000
26.6750,69.3750,0.0000
26.7250,69.3750,0.0000
26.7750,69.3750,0.0000
26.8250,69.3750,0.0000
26.8750,69.3750,0.0000
26.9250,69.3750,0.0000
26.9750,69.3750,0.0000
27.0250,69.3750,0.0000
27.0750,69.3750,0.0000
27.1250,69.3750,0.0000
27.1750,69.3750,0.0000
27.2250,69.3750,0.0000
27.2750,69.3750,0.0000
27.3250,69.3750,0.0000
27.3750,69.3750,0.0000
27.4250,69.3750,0.0000
27.4750,69.3750,0.0000
27.5250,69.3750,0.0000
27.5750,69.3750,0.0000
27.6250,69.3750,0.0000
27.6750,69.3750,0.0000
27.7250,69.3750,0.0000
27.7750,69.3750,0.0000
27.8250,69.3750,0.0000
27.8750,69.3750,0.0000
27.9250,69.3750,0.0000
27.9750,69.3750,0.0000
28.0250,69.3750,0.0000
28.0750,69.3750,0.0000
28.1250,69.3750,0.0000
28.1750,69.3750,0.0000
28.2250,69.3750,0.0000
28.2750,69.3750,0.0000
28.3250,69.3750,0.0000
28.3750,69.3750,0.0000
28.4250,69.3750,0.0000
28.4750,69.3750,0.0000
28.5250,69.3750,0.0000
28.5750,69.3750,0.0000
28.6250,69.3750,0.0000
28.6750,69.3750,0.0000
28.7250,69.3750,0.0000
28.7750,69.3750,0.0000
28.8250,69.3750,0.0000
28.8750,69.3750,0.0000
28.9250,69.3750,0.0000
28.9750,69.3750,0.0000
29.0250,69.3750,0.0000
29.0750,69.3750,0.0000
29.1250,69.3750,0.0000
29.1750,69.3750,0.0000
29.2250,69.3750,0.0000
29.2750,69.3750,0.0000
29.3250,69.3750,0.0000
29.3750,69.3750,0.0000
29.4250,69.3750,0.0000
29.4750,69.3750,0.0000
29.5250,69.3750,0.0000
29.5750,69.3750,0.0000
29.6250,69.3750,0.0000
29.6750,69.3750,0.0000
29.7250,69.3750,0.0000
29.7750,69.3750,0.0000
29.8250,69.3750,0.0000
29.8750,69.3750,0.0000
29.9250,69.3750,0.0000
29.9750,69.3750,0.0000
30.0250,69.3750,0.0000
30.0750,69.3750,0.0000
30.1250,69.3750,0.0000
30.1750,69.3750,0.0000
30.2250,69.3750,0.0000
30.2750,69.3750,0.0000
30.3250,69.3750,0.0000
30.3750,69.3750,0.0000
30.4250,69.3750,0.0000
30.4750,69.3750,0.0076
30.5250,69.3750,0.0076
30.5750,69.3750,0.0000
30.6250,69.3750,0.0076
30.6750,69.3750,0.0076
30.7250,69.3750,0.0075
30.7750,69.3750,0.0075
30.8250,69.3750,0.0057
30.8750,69.3750,0.0075
30.9250,69.3750,0.0075
30.9750,69.3750,0.0000
31.0250,69.3750,0.0075
31.0750,69.3750,0.0075
31.1250,69.3750,0.0072
31.1750,69.3750,0.0074
31.2250,69.3750,0.0074
31.2750,69.3750,0.0072
31.3250,69.3750,0.0073
31.3750,69.3750,0.0073
31.4250,69.3750,0.0071
31.4750,69.3750,0.0072
31.5250,69.3750,0.0068
31.5750,69.3750,0.0070
20.5250,69.3251,0.0055
20.5750,69.3251,0.0056
20.6250,69.3251,0.0056
20.6750,69.3251,0.0051
20.7250,69.3251,0.0052
20.7750,69.3251,0.0052
20.8250,69.3251,0.0005
20.8750,69.3251,0.0000
20.9250,69.3251,0.0000
20.9750,69.3251,0.0000
21.0250,69.3251,0.0000
21.0750,69.3251,0.0000
21.1250,69.3251,0.0000
21.1750,69.3251,0.0000
21.2250,69.3251,0.0000
21.2750,69.3251,0.0000
21.3250,69.3251,0.0000
21.3750,69.3251,0.0000
21.4250,69.3251,0.0000
21.4750,69.3251,0.0000
21.5250,69.3251,0.0000
21.5750,69.3251,0.0000
21.6250,69.3251,0.0000
21.6750,69.3251,0.0000
21.7250,69.3251,0.0000
21.7750,69.3251,0.0000
21.8250,69.3251,0.0000
21.8750,69.3251,0.0000
21.9250,69.3251,0.0000
21.9750,69.3251,0.0000
22.0250,69.3251,0.0000
22.0750,69.3251,0.0000
22.1250,69.3251,0.0000
22.1750,69.3251,0.0000
22.2250,69.3251,0.0000
22.2750,69.3251,0.0000
22.3250,69.3251,0.0000
22.3750,69.3251,0.0000
22.4250,69.3251,0.0000
22.4750,69.3251,0.0000
22.5250,69.3251,0.0000
22.5750,69.3251,0.0000
22.6250,69.3251,0.0000
22.6750,69.3251,0.0000
22.7250,69.3251,0.0000
22.7750,69.3251,0.0000
22.8250,69.3251,0.0000
22.8750,69.3251,0.0000
22.9250,69.3251,0.0000
22.9750,69.3251,0.0000
23.0250,69.3251,0.0000
23.0750,69.3251,0.0000
23.1250,69.3251,0.0000
23.1750,69.3251,0.0000
23.2250,69.3251,0.0000
23.2750,69.3251,0.0000
23.3250,69.3251,0.0000
23.3750,69.3251,0.0000
23.4250,69.3251,0.0000
23.4750,69.3251,0.0000
23.5250,69.3251,0.0000
23.5750,69.3251,0.0000
23.6250,69.3251,0.0000
23.6750,69.3251,0.0000
23.7250,69.3251,0.0000
23.7750,69.3251,0.0000
23.8250,69.3251,0.0000
23.8750,69.3251,0.0000
23.9250,69.3251,0.0000
23.9750,69.3251,0.0000
24.0250,69.3251,0.0000
24.0750,69.3251,0.0000
24.1250,69.3251,0.0000
24.1750,69.3251,0.0000
24.2250,69.3251,0.0000
24.2750,69.3251,0.0000
24.3250,69.3251,0.0000
24.3750,69.3251,0.0000
24.4250,69.3251,0.0000
24.4750,69.3251,0.0000
24.5250,69.3251,0.0000
24.5750,69.3251,0.0000
24.6250,69.3251,0.0000
24.6750,69.3251,0.0000
24.7250,69.3251,0.0000
24.7750,69.3251,0.0000
24.8250,69.3251,0.0000
24.8750,69.3251,0.0000
24.9250,69.3251,0.0000
24.9750,69.3251,0.0000
25.0250,69.3251,0.0000
25.0750,69.3251,0.0000
25.1250,69.3251,0.0000
25.1750,69.3251,0.0000
25.2250,69.3251,0.0000
25.2750,69.3251,0.0000
25.3250,69.3251,0.0000
25.3750,69.3251,0.0000
25.4250,69.3251,0.0000
25.4750,69.3251,0.0000
25.5250,69.3251,0.0000
25.5750,69.3251,0.0000
25.6250,69.3251,0.0000
25.6750,69.3251,0.0000
25.7250,69.3251,0.0000
25.7750,69.3251,0.0000
25.8250,69.3251,0.0000
25.8750,69.3251,0.0000
25.9250,69.3251,0.0000
25.9750,69.3251,0.0000
26.0250,69.3251,0.0000
26.0750,69.3251,0.0000
26.1250,69.3251,0.0000
26.1750,69.3251,0.0000
26.2250,69.3251,0.0000
26.2750,69.3251,0.0000
26.3250,69.3251,0.0000
26.3750,69.3251,0.0000
26.4250,69.3251,0.0000
26.4750,69.3251,0.0000
26.5250,69.3251,0.0000
26.5750,69.3251,0.0000
26.6250,69.3251,0.0000
26.6750,69.3251,0.0000
26.7250,69.3251,0.0000
26.7750,69.3251,0.0000
26.8250,69.3251,0.0000
26.8750,69.3251,0.0000
26.9250,69.3251,0.0000
26.9750,69.3251,0.0000
27.0250,69.3251,0.0000
27.0750,69.3251,0.0000
27.1250,69.3251,0.0000
27.1750,69.3251,0.0000
27.2250,69.3251,0.0000
27.2750,69.3251,0.0000
27.3250,69.3251,0.0000
27.3750,69.3251,0.0000
27.4250,69.3251,0.0000
27.4750,69.3251,0.0000
27.5250,69.3251,0.0000
27.5750,69.3251,0.0000
27.6250,69.3251,0.0000
27.6750,69.3251,0.0000
27.7250,69.3251,0.0000
27.7750,69.3251,0.0000
27.8250,69.3251,0.0000
27.8750,69.3251,0.0000
27.9250,69.3251,0.0000
27.9750,69.3251,0.0000
28.0250,69.3251,0.0000
28.0750,69.3251,0.0000
28.1250,69.3251,0.0000
28.1750,69.3251,0.0000
28.2250,69.3251,0.0000
28.2750,69.3251,0.0000
28.3250,69.3251,0.0000
28.3750,69.3251,0.0000
28.4250,69.3251,0.0000
28.4750,69.3251,0.0000
28.5250,69.3251,0.0000
28.5750,69.3251,0.0000
28.6250,69.3251,0.0000
28.6750,69.3251,0.0000
28.7250,69.3251,0.0000
28.7750,69.3251,0.0000
28.8250,69.3251,0.0000
28.8750,69.3251,0.0000
28.9250,69.3251,0.0000
28.9750,69.3251,0.0000
29.0250,69.3251,0.0000
29.0750,69.3251,0.0000
29.1250,69.3251,0.0000
29.1750,69.3251,0.0000
29.2250,69.3251,0.0000
29.2750,69.3251,0.0000
29.3250,69.3251,0.0000
29.3750,69.3251,0.0000
29.4250,69.3251,0.0000
29.4750,69.3251,0.0000
29.5250,69.3251,0.0000
29.5750,69.3251,0.0000
29.6250,69.3251,0.0000
29.6750,69.3251,0.0000
29.7250,69.3251,0.0000
29.7750,69.3251,0.0000
29.8250,69.3251,0.0000
29.8750,69.3251,0.0000
29.9250,69.3251,0.0000
29.9750,69.3251,0.0000
30.0250,69.3251,0.0000
30.0750,69.3251,0.0000
30.1250,69.3251,0.0000
30.1750,69.3251,0.0000
30.2250,69.3251,0.0000
30.2750,69.3251,0.0000
30.3250,69.3251,0.0071
30.3750,69.3251,0.0076
30.4250,69.3251,0.0076
30.4750,69.3251,0.0076
30.5250,69.3251,0.0077
30.5750,69.3251,0.0078
30.6250,69.3251,0.0076
30.6750,69.3251,0.0076
30.7250,69.3251,0.0078
30.7750,69.3251,0.0077
30.8250,69.3251,0.0077
30.8750,69.3251,0.0078
30.9250,69.3251,0.0077
30.9750,69.3251,0.0077
31.0250,69.3251,0.0075
31.0750,69.3251,0.0076
31.1250,69.3251,0.0076
31.1750,69.3251,0.0074
31.2250,69.3251,0.0076
31.2750,69.3251,0.0076
31.3250,69.3251,0.0073
31.3750,69.3251,0.0074
31.4250,69.3251,0.0075
31.4750,69.3251,0.0072
31.5250,69.3251,0.0072
31.5750,69.3251,0.0073
20.5250,69.2751,0.0054
20.5750,69.2751,0.0054
20.6250,69.2751,0.0000
20.6750,69.2751,0.0051
20.7250,69.2751,0.0051
20.7750,69.2751,0.0000
20.8250,69.2751,0.0000
20.8750,69.2751,0.0000
20.9250,69.2751,0.0000
20.9750,69.2751,0.0000
21.0250,69.2751,0.0000
21.0750,69.2751,0.0000
21.1250,69.2751,0.0000
21.1750,69.2751,0.0000
21.2250,69.2751,0.0000
21.2750,69.2751,0.0000
21.3250,69.2751,0.0000
21.3750,69.2751,0.0000
21.4250,69.2751,0.0000
21.4750,69.2751,0.0000
21.5250,69.2751,0.0000
21.5750,69.2751,0.0000
21.6250,69.2751,0.0000
21.6750,69.2751,0.0000
21.7250,69.2751,0.0000
21.7750,69.2751,0.0000
21.8250,69.2751,0.0000
21.8750,69.2751,0.0000
21.9250,69.2751,0.0000
21.9750,69.2751,0.0000
22.0250,69.2751,0.0000
22.0750,69.2751,0.0000
22.1250,69.2751,0.0000
22.1750,69.2751,0.0000
22.2250,69.2751,0.0000
22.2750,69.2751,0.0000
22.3250,69.2751,0.0000
22.3750,69.2751,0.0000
22.4250,69.2751,0.0000
22.4750,69.2751,0.0000
22.5250,69.2751,0.0000
22.5750,69.2751,0.0000
22.6250,69.2751,0.0000
22.6750,69.2751,0.0000
22.7250,69.2751,0.0000
22.7750,69.2751,0.0000
22.8250,69.2751,0.0000
22.8750,69.2751,0.0000
22.9250,69.2751,0.0000
22.9750,69.2751,0.0000
23.0250,69.2751,0.0000
23.0750,69.2751,0.0000
23.1250,69.2751,0.0000
23.1750,69.2751,0.0000
23.2250,69.2751,0.0000
23.2750,69.2751,0.0000
23.3250,69.2751,0.0000
23.3750,69.2751,0.0000
23.4250,69.2751,0.0000
23.4750,69.2751,0.0000
23.5250,69.2751,0.0000
23.5750,69.2751,0.0000
23.6250,69.2751,0.0000
23.6750,69.2751,0.0000
23.7250,69.2751,0.0000
23.7750,69.2751,0.0000
23.8250,69.2751,0.0000
23.8750,69.2751,0.0000
23.9250,69.2751,0.0000
23.9750,69.2751,0.0000
24.0250,69.2751,0.0000
24.0750,69.2751,0.0000
24.1250,69.2751,0.0000
24.1750,69.2751,0.0000
24.2250,69.2751,0.0000
24.2750,69.2751,0.0000
24.3250,69.2751,0.0000
24.3750,69.2751,0.0000
24.4250,69.2751,0.0000
24.4750,69.2751,0.0000
24.5250,69.2751,0.0000
24.5750,69.2751,0.0000
24.6250,69.2751,0.0000
24.6750,69.2751,0.0000
24.7250,69.2751,0.0000
24.7750,69.2751,0.0000
24.8250,69.2751,0.0000
24.8750,69.2751,0.0000
24.9250,69.2751,0.0000
24.9750,69.2751,0.0000
25.0250,69.2751,0.0000
25.0750,69.2751,0.0000
25.1250,69.2751,0.0000
25.1750,69.2751,0.0000
25.2250,69.2751,0.0000
25.2750,69.2751,0.0000
25.3250,69.2751,0.0000
25.3750,69.2751,0.0000
25.4250,69.2751,0.0000
25.4750,69.2751,0.0000
25.5250,69.2751,0.0000
25.5750,69.2751,0.0000
25.6250,69.2751,0.0000
25.6750,69.2751,0.0000
25.7250,69.2751,0.0000
25.7750,69.2751,0.0000
25.8250,69.2751,0.0000
25.8750,69.2751,0.0000
25.9250,69.2751,0.0000
25.9750,69.2751,0.0000
26.0250,69.2751,0.0000
26.0750,69.2751,0.0000
26.1250,69.2751,0.0000
26.1750,69.2751,0.0000
26.2250,69.2751,0.0000
26.2750,69.2751,0.0000
26.3250,69.2751,0.0000
26.3750,69.2751,0.0000
26.4250,69.2751,0.0000
26.4750,69.2751,0.0000
26.5250,69.2751,0.0000
26.5750,69.2751,0.0000
26.6250,69.2751,0.0000
26.6750,69.2751,0.0000
26.7250,69.2751,0.0000
26.7750,69.2751,0.0000
26.8250,69.2751,0.0000
26.8750,69.2751,0.0000
26.9250,69.2751,0.0000
26.9750,69.2751,0.0000
27.0250,69.2751,0.0000
27.0750,69.2751,0.0000
27.1250,69.2751,0.0000
27.1750,69.2751,0.0000
27.2250,69.2751,0.0000
27.2750,69.2751,0.0000
27.3250,69.2751,0.0000
27.3750,69.2751,0.0000
27.4250,69.2751,0.0000
27.4750,69.2751,0.0000
27.5250,69.2751,0.0000
27.5750,69.2751,0.0000
27.6250,69.2751,0.0000
27.6750,69.2751,0.0000
27.7250,69.2751,0.0000
27.7750,69.2751,0.0000
27.8250,69.2751,0.0000
27.8750,69.2751,0.0000
27.9250,69.2751,0.0000
27.9750,69.2751,0.0000
28.0250,69.2751,0.0000
28.0750,69.2751,0.0000
28.1250,69.2751,0.0000
28.1750,69.2751,0.0000
28.2250,69.2751,0.0000
28.2750,69.2751,0.0000
28.3250,69.2751,0.0000
28.3750,69.2751,0.0000
28.4250,69.2751,0.0000
28.4750,69.2751,0.0000
28.5250,69.2751,0.0000
28.5750,69.2751,0.0000
28.6250,69.2751,0.0000
28.6750,69.2751,0.0000
28.7250,69.2751,0.0000
28.7750,69.2751,0.0000
28.8250,69.2751,0.0000
28.8750,69.2751,0.0000
28.9250,69.2751,0.0000
28.9750,69.2751,0.0000
29.0250,69.2751,0.0000
29.0750,69.2751,0.0000
29.1250,69.2751,0.0000
29.1750,69.2751,0.0000
29.2250,69.2751,0.0000
29.2750,69.2751,0.0000
29.3250,69.2751,0.0000
29.3750,69.2751,0.0000
29.4250,69.2751,0.0000
29.4750,69.2751,0.0000
29.5250,69.2751,0.0000
29.5750,69.2751,0.0000
29.6250,69.2751,0.0000
29.6750,69.2751,0.0000
29.7250,69.2751,0.0000
29.7750,69.2751,0.0000
29.8250,69.2751,0.0000
29.8750,69.2751,0.0000
29.9250,69.2751,0.0000
29.9750,69.2751,0.0000
30.0250,69.2751,0.0000
30.0750,69.2751,0.0075
30.1250,69.2751,0.0075
30.1750,69.2751,0.0000
30.2250,69.2751,0.0077
30.2750,69.2751,0.0077
30.3250,69.2751,0.0077
30.3750,69.2751,0.0079
30.4250,69.2751,0.0077
30.4750,69.2751,0.0078
30.5250,69.2751,0.0078
30.5750,69.2751,0.0078
30.6250,69.2751,0.0079
30.6750,69.2751,0.0078
30.7250,69.2751,0.0078
30.7750,69.2751,0.0079
30.8250,69.2751,0.0078
30.8750,69.2751,0.0078
30.9250,69.2751,0.0079
30.9750,69.2751,0.0078
31.0250,69.2751,0.0078
31.0750,69.2751,0.0079
31.1250,69.2751,0.0077
31.1750,69.2751,0.0077
31.2250,69.2751,0.0076
31.2750,69.2751,0.0076
31.3250,69.2751,0.0077
31.3750,69.2751,0.0075
31.4250,69.2751,0.0075
31.4750,69.2751,0.0076
31.5250,69.2751,0.0074
31.5750,69.2751,0.0074
20.5250,69.2251,0.0000
20.5750,69.2251,0.0000
20.6250,69.2251,0.0000
20.6750,69.2251,0.0000
20.7250,69.2251,0.0000
20.7750,69.2251,0.0000
20.8250,69.2251,0.0000
20.8750,69.2251,0.0000
20.9250,69.2251,0.0000
20.9750,69.2251,0.0000
21.0250,69.2251,0.0000
21.0750,69.2251,0.0000
21.1250,69.2251,0.0000
21.1750,69.2251,0.0000
21.2250,69.2251,0.0000
21.2750,69.2251,0.0000
21.3250,69.2251,0.0000
21.3750,69.2251,0.0000
21.4250,69.2251,0.0000
21.4750,69.2251,0.0000
21.5250,69.2251,0.0000
21.5750,69.2251,0.0000
21.6250,69.2251,0.0000
21.6750,69.2251,0.0000
21.7250,69.2251,0.0000
21.7750,69.2251,0.0000
21.8250,69.2251,0.0000
21.8750,69.2251,0.0000
21.9250,69.2251,0.0000
21.9750,69.2251,0.0000
22.0250,69.2251,0.0000
22.0750,69.2251,0.0000
22.1250,69.2251,0.0000
22.1750,69.2251,0.0000
22.2250,69.2251,0.0000
22.2750,69.2251,0.0000
22.3250,69.2251,0.0000
22.3750,69.2251,0.0000
22.4250,69.2251,0.0000
22.4750,69.2251,0.0000
22.5250,69.2251,0.0000
22.5750,69.2251,0.0000
22.6250,69.2251,0.0000
22.6750,69.2251,0.0000
22.7250,69.2251,0.0000
22.7750,69.2251,0.0000
22.8250,69.2251,0.0000
22.8750,69.2251,0.0000
22.9250,69.2251,0.0000
22.9750,69.2251,0.0000
23.0250,69.2251,0.0000
23.0750,69.2251,0.0000
23.1250,69.2251,0.0000
23.1750,69.2251,0.0000
23.2250,69.2251,0.0000
23.2750,69.2251,0.0000
23.3250,69.2251,0.0000
23.3750,69.2251,0.0000
23.4250,69.2251,0.0000
23.4750,69.2251,0.0000
23.5250,69.2251,0.0000
23.5750,69.2251,0.0000
23.6250,69.2251,0.0000
23.6750,69.2251,0.0000
23.7250,69.2251,0.0000
23.7750,69.2251,0.0000
23.8250,69.2251,0.0000
23.8750,69.2251,0.0000
23.9250,69.2251,0.0000
23.9750,69.2251,0.0000
24.0250,69.2251,0.0000
24.0750,69.2251,0.0000
24.1250,69.2251,0.0000
24.1750,69.2251,0.0000
24.2250,69.2251,0.0000
24.2750,69.2251,0.0000
24.3250,69.2251,0.0000
24.3750,69.2251,0.0000
24.4250,69.2251,0.0000
24.4750,69.2251,0.0000
24.5250,69.2251,0.0000
24.5750,69.2251,0.0000
24.6250,69.2251,0.0000
24.6750,69.2251,0.0000
24.7250,69.2251,0.0000
24.7750,69.2251,0.0000
24.8250,69.2251,0.0000
24.8750,69.2251,0.0000
24.9250,69.2251,0.0000
24.9750,69.2251,0.0000
25.0250,69.2251,0.0000
25.0750,69.2251,0.0000
25.1250,69.2251,0.0000
25.1750,69.2251,0.0000
25.2250,69.2251,0.0000
25.2750,69.2251,0.0000
25.3250,69.2251,0.0000
25.3750,69.2251,0.0000
25.4250,69.2251,0.0000
25.4750,69.2251,0.0000
25.5250,69.2251,0.0000
25.5750,69.2251,0.0000
25.6250,69.2251,0.0000
25.6750,69.2251,0.0000
25.7250,69.2251,0.0000
25.7750,69.2251,0.0000
25.8250,69.2251,0.0000
25.8750,69.2251,0.0000
25.9250,69.2251,0.0000
25.9750,69.2251,0.0000
26.0250,69.2251,0.0000
26.0750,69.2251,0.0000
26.1250,69.2251,0.0000
26.1750,69.2251,0.0000
26.2250,69.2251,0.0000
26.2750,69.2251,0.0000
26.3250,69.2251,0.0000
26.3750,69.2251,0.0000
26.4250,69.2251,0.0000
26.4750,69.2251,0.0000
26.5250,69.2251,0.0000
26.5750,69.2251,0.0000
26.6250,69.2251,0.0000
26.6750,69.2251,0.0000
26.7250,69.2251,0.0000
26.7750,69.2251,0.0000
26.8250,69.2251,0.0000
26.8750,69.2251,0.0000
26.9250,69.2251,0.0000
26.9750,69.2251,0.0000
27.0250,69.2251,0.0000
27.0750,69.2251,0.0000
27.1250,69.2251,0.0000
27.1750,69.2251,0.0000
27.2250,69.2251,0.0000
27.2750,69.2251,0.0000
27.3250,69.2251,0.0000
27.3750,69.2251,0.0000
27.4250,69.2251,0.0000
27.4750,69.2251,0.0000
27.5250,69.2251,0.0000
27.5750,69.2251,0.0000
27.6250,69.2251,0.0000
27.6750,69.2251,0.0000
27.7250,69.2251,0.0000
27.7750,69.2251,0.0000
27.8250,69.2251,0.0000
27.8750,69.2251,0.0000
27.9250,69.2251,0.0000
27.9750,69.2251,0.0000
28.0250,69.2251,0.0000
28.0750,69.2251,0.0000
28.1250,69.2251,0.0000
28.1750,69.2251,0.0000
28.2250,69.2251,0.0000
28.2750,69.2251,0.0000
28.3250,69.2251,0.0000
28.3750,69.2251,0.0000
28.4250,69.2251,0.0000
28.4750,69.2251,0.0000
28.5250,69.2251,0.0000
28.5750,69.2251,0.0000
28.6250,69.2251,0.0000
28.6750,69.2251,0.0000
28.7250,69.2251,0.0000
28.7750,69.2251,0.0000
28.8250,69.2251,0.0000
28.8750,69.2251,0.0000
28.9250,69.2251,0.0000
28.9750,69.2251,0.0000
29.0250,69.2251,0.0000
29.0750,69.2251,0.0000
29.1250,69.2251,0.0000
29.1750,69.2251,0.0000
29.2250,69.2251,0.0000
29.2750,69.2251,0.0000
29.3250,69.2251,0.0000
29.3750,69.2251,0.0000
29.4250,69.2251,0.0000
29.4750,69.2251,0.0000
29.5250,69.2251,0.0000
29.5750,69.2251,0.0000
29.6250,69.2251,0.0000
29.6750,69.2251,0.0000
29.7250,69.2251,0.0000
29.7750,69.2251,0.0000
29.8250,69.2251,0.0000
29.8750,69.2251,0.0000
29.9250,69.2251,0.0014
29.9750,69.2251,0.0074
30.0250,69.2251,0.0074
30.0750,69.2251,0.0075
30.1250,69.2251,0.0077
30.1750,69.2251,0.0077
30.2250,69.2251,0.0077
30.2750,69.2251,0.0078
30.3250,69.2251,0.0079
30.3750,69.2251,0.0079
30.4250,69.2251,0.0079
30.4750,69.2251,0.0080
30.5250,69.2251,0.0080
30.5750,69.2251,0.0080
30.6250,69.2251,0.0079
30.6750,69.2251,0.0080
30.7250,69.2251,0.0080
30.7750,69.2251,0.0079
30.8250,69.2251,0.0080
30.8750,69.2251,0.0080
30.9250,69.2251,0.0079
30.9750,69.2251,0.0080
31.0250,69.2251,0.0080
31.0750,69.2251,0.0079
31.1250,69.2251,0.0080
31.1750,69.2251,0.0078
31.2250,69.2251,0.0078
31.2750,69.2251,0.0078
31.3250,69.2251,0.0077
31.3750,69.2251,0.0078
31.4250,69.2251,0.0077
31.4750,69.2251,0.0076
31.5250,69.2251,0.0077
31.5750,69.2251,0.0075
20.5250,69.1751,0.0000
20.5750,69.1751,0.0000
20.6250,69.1751,0.0000
20.6750,69.1751,0.0000
20.7250,69.1751,0.0000
20.7750,69.1751,0.0000
20.8250,69.1751,0.0000
20.8750,69.1751,0.0000
20.9250,69.1751,0.0000
20.9750,69.1751,0.0000
21.0250,69.1751,0.0000
21.0750,69.1751,0.0000
21.1250,69.1751,0.0000
21.1750,69.1751,0.0000
21.2250,69.1751,0.0000
21.2750,69.1751,0.0000
21.3250,69.1751,0.0000
21.3750,69.1751,0.0000
21.4250,69.1751,0.0000
21.4750,69.1751,0.0000
21.5250,69.1751,0.0000
21.5750,69.1751,0.0000
21.6250,69.1751,0.0000
21.6750,69.1751,0.0000
21.7250,69.1751,0.0000
21.7750,69.1751,0.0000
21.8250,69.1751,0.0000
21.8750,69.1751,0.0000
21.9250,69.1751,0.0000
21.9750,69.1751,0.0000
22.0250,69.1751,0.0000
22.0750,69.1751,0.0000
22.1250,69.1751,0.0000
22.1750,69.1751,0.0000
22.2250,69.1751,0.0000
22.2750,69.1751,0.0000
22.3250,69.1751,0.0000
22.3750,69.1751,0.0000
22.4250,69.1751,0.0000
22.4750,69.1751,0.0000
22.5250,69.1751,0.0000
22.5750,69.1751,0.0000
22.6250,69.1751,0.0000
22.6750,69.1751,0.0000
22.7250,69.1751,0.0000
22.7750,69.1751,0.0000
22.8250,69.1751,0.0000
22.8750,69.1751,0.0000
22.9250,69.1751,0.0000
22.9750,69.1751,0.0000
23.0250,69.1751,0.0000
23.0750,69.1751,0.0000
23.1250,69.1751,0.0000
23.1750,69.1751,0.0000
23.2250,69.1751,0.0000
23.2750,69.1751,0.0000
23.3250,69.1751,0.0000
23.3750,69.1751,0.0000
23.4250,69.1751,0.0000
23.4750,69.1751,0.0000
23.5250,69.1751,0.0000
23.5750,69.1751,0.0000
23.6250,69.1751,0.0000
23.6750,69.1751,0.0000
23.7250,69.1751,0.0000
23.7750,69.1751,0.0000
23.8250,69.1751,0.0000
23.8750,69.1751,0.0000
23.9250,69.1751,0.0000
23.9750,69.1751,0.0000
24.0250,69.1751,0.0000
24.0750,69.1751,0.0000
24.1250,69.1751,0.0000
24.1750,69.1751,0.0000
24.2250,69.1751,0.0000
24.2750,69.1751,0.0000
24.3250,69.1751,0.0000
24.3750,69.1751,0.0000
24.4250,69.1751,0.0000
24.4750,69.1751,0.0000
24.5250,69.1751,0.0000
24.5750,69.1751,0.0000
24.6250,69.1751,0.0000
24.6750,69.1751,0.0000
24.7250,69.1751,0.0000
24.7750,69.1751,0.0000
24.8250,69.1751,0.0000
24.8750,69.1751,0.0000
24.9250,69.1751,0.0000
24.9750,69.1751,0.0000
25.0250,69.1751,0.0000
25.0750,69.1751,0.0000
25.1250,69.1751,0.0000
25.1750,69.1751,0.0000
25.2250,69.1751,0.0000
25.2750,69.1751,0.0000
25.3250,69.1751,0.0000
25.3750,69.1751,0.0000
25.4250,69.1751,0.0000
25.4750,69.1751,0.0000
25.5250,69.1751,0.0000
25.5750,69.1751,0.0000
25.6250,69.1751,0.0000
25.6750,69.1751,0.0000
25.7250,69.1751,0.0000
25.7750,69.1751,0.0000
25.8250,69.1751,0.0000
25.8750,69.1751,0.0000
25.9250,69.1751,0.0000
25.9750,69.1751,0.0000
26.0250,69.1751,0.0000
26.0750,69.1751,0.0000
26.1250,69.1751,0.0000
26.1750,69.1751,0.0000
26.2250,69.1751,0.0000
26.2750,69.1751,0.0000
26.3250,69.1751,0.0000
26.3750,69.1751,0.0000
26.4250,69.1751,0.0000
26.4750,69.1751,0.0000
26.5250,69.1751,0.0000
26.5750,69.1751,0.0000
26.6250,69.1751,0.0000
26.6750,69.1751,0.0000
26.7250,69.1751,0.0000
26.7750,69.1751,0.0000
26.8250,69.1751,0.0000
26.8750,69.1751,0.0000
26.9250,69.1751,0.0000
26.9750,69.1751,0.0000
27.0250,69.1751,0.0000
27.0750,69.1751,0.0000
27.1250,69.1751,0.0000
27.1750,69.1751,0.0000
27.2250,69.1751,0.0000
27.2750,69.1751,0.0000
27.3250,69.1751,0.0000
27.3750,69.1751,0.0000
27.4250,69.1751,0.0000
27.4750,69.1751,0.0000
27.5250,69.1751,0.0000
27.5750,69.1751,0.0000
27.6250,69.1751,0.0000
27.6750,69.1751,0.0000
27.7250,69.1751,0.0000
27.7750,69.1751,0.0000
27.8250,69.1751,0.0000
27.8750,69.1751,0.0000
27.9250,69.1751,0.0000
27.9750,69.1751,0.0000
28.0250,69.1751,0.0000
28.0750,69.1751,0.0000
28.1250,69.1751,0.0000
28.1750,69.1751,0.0000
28.2250,69.1751,0.0000
28.2750,69.1751,0.0000
28.3250,69.1751,0.0000
28.3750,69.1751,0.0000
28.4250,69.1751,0.0000
28.4750,69.1751,0.0000
28.5250,69.1751,0.0000
28.5750,69.1751,0.0000
28.6250,69.1751,0.0000
28.6750,69.1751,0.0000
28.7250,69.1751,0.0000
28.7750,69.1751,0.0000
28.8250,69.1751,0.0000
28.8750,69.1751,0.0000
28.9250,69.1751,0.0000
28.9750,69.1751,0.0000
29.0250,69.1751,0.0000
29.0750,69.1751,0.0000
29.1250,69.1751,0.0000
29.1750,69.1751,0.0000
29.2250,69.1751,0.0000
29.2750,69.1751,0.0000
29.3250,69.1751,0.0000
29.3750,69.1751,0.0000
29.4250,69.1751,0.0000
29.4750,69.1751,0.0000
29.5250,69.1751,0.0000
29.5750,69.1751,0.0000
29.6250,69.1751,0.0000
29.6750,69.1751,0.0000
29.7250,69.1751,0.0000
29.7750,69.1751,0.0000
29.8250,69.1751,0.0072
29.8750,69.1751,0.0073
29.9250,69.1751,0.0073
29.9750,69.1751,0.0075
30.0250,69.1751,0.0075
30.0750,69.1751,0.0076
30.1250,69.1751,0.0077
30.1750,69.1751,0.0077
30.2250,69.1751,0.0078
30.2750,69.1751,0.0079
30.3250,69.1751,0.0079
30.3750,69.1751,0.0080
30.4250,69.1751,0.0080
30.4750,69.1751,0.0080
30.5250,69.1751,0.0081
30.5750,69.1751,0.0081
30.6250,69.1751,0.0081
30.6750,69.1751,0.0081
30.7250,69.1751,0.0081
30.7750,69.1751,0.0081
30.8250,69.1751,0.0080
30.8750,69.1751,0.0081
30.9250,69.1751,0.0081
30.9750,69.1751,0.0080
31.0250,69.1751,0.0080
31.0750,69.1751,0.0081
31.1250,69.1751,0.0080
31.1750,69.1751,0.0080
31.2250,69.1751,0.0081
31.2750,69.1751,0.0079
31.3250,69.1751,0.0079
31.3750,69.1751,0.0078
31.4250,69.1751,0.0079
31.4750,69.1751,0.0079
31.5250,69.1751,0.0077
31.5750,69.1751,0.0079
20.5250,69.1251,0.0000
20.5750,69.1251,0.0000
20.6250,69.1251,0.0000
20.6750,69.1251,0.0000
20.7250,69.1251,0.0000
20.7750,69.1251,0.0000
20.8250,69.1251,0.0000
20.8750,69.1251,0.0000
20.9250,69.1251,0.0000
20.9750,69.1251,0.0000
21.0250,69.1251,0.0000
21.0750,69.1251,0.0000
21.1250,69.1251,0.0000
21.1750,69.1251,0.0000
21.2250,69.1251,0.0000
21.2750,69.1251,0.0000
21.3250,69.1251,0.0000
21.3750,69.1251,0.0000
21.4250,69.1251,0.0000
21.4750,69.1251,0.0000
21.5250,69.1251,0.0000
21.5750,69.1251,0.0000
21.6250,69.1251,0.0000
21.6750,69.1251,0.0000
21.7250,69.1251,0.0000
21.7750,69.1251,0.0000
21.8250,69.1251,0.0000
21.8750,69.1251,0.0000
21.9250,69.1251,0.0000
21.9750,69.1251,0.0000
22.0250,69.1251,0.0000
22.0750,69.1251,0.0000
22.1250,69.1251,0.0000
22.1750,69.1251,0.0000
22.2250,69.1251,0.0000
22.2750,69.1251,0.0000
22.3250,69.1251,0.0000
22.3750,69.1251,0.0000
22.4250,69.1251,0.0000
22.4750,69.1251,0.0000
22.5250,69.1251,0.0000
22.5750,69.1251,0.0000
22.6250,69.1251,0.0000
22.6750,69.1251,0.0000
22.7250,69.1251,0.0000
22.7750,69.1251,0.0000
22.8250,69.1251,0.0000
22.8750,69.1251,0.0000
22.9250,69.1251,0.0000
22.9750,69.1251,0.0000
23.0250,69.1251,0.0000
23.0750,69.1251,0.0000
23.1250,69.1251,0.0000
23.1750,69.1251,0.0000
23.2250,69.1251,0.0000
23.2750,69.1251,0.0000
23.3250,69.1251,0.0000
23.3750,69.1251,0.0000
23.4250,69.1251,0.0000
23.4750,69.1251,0.0000
23.5250,69.1251,0.0000
23.5750,69.1251,0.0000
23.6250,69.1251,0.0000
23.6750,69.1251,0.0000
23.7250,69.1251,0.0000
23.7750,69.1251,0.0000
23.8250,69.1251,0.0000
23.8750,69.1251,0.0000
23.9250,69.1251,0.0000
23.9750,69.1251,0.0000
24.0250,69.1251,0.0000
24.0750,69.1251,0.0000
24.1250,69.1251,0.0000
24.1750,69.1251,0.0000
24.2250,69.1251,0.0000
24.2750,69.1251,0.0000
24.3250,69.1251,0.0000
24.3750,69.1251,0.0000
24.4250,69.1251,0.0000
24.4750,69.1251,0.0000
24.5250,69.1251,0.0000
24.5750,69.1251,0.0000
24.6250,69.1251,0.0000
24.6750,69.1251,0.0000
24.7250,69.1251,0.0000
24.7750,69.1251,0.0000
24.8250,69.1251,0.0000
24.8750,69.1251,0.0000
24.9250,69.1251,0.0000
24.9750,69.1251,0.0000
25.0250,69.1251,0.0000
25.0750,69.1251,0.0000
25.1250,69.1251,0.0000
25.1750,69.1251,0.0000
25.2250,69.1251,0.0000
25.2750,69.1251,0.0000
25.3250,69.1251,0.0000
25.3750,69.1251,0.0000
25.4250,69.1251,0.0000
25.4750,69.1251,0.0000
25.5250,69.1251,0.0000
25.5750,69.1251,0.0000
25.6250,69.1251,0.0000
25.6750,69.1251,0.0000
25.7250,69.1251,0.0000
25.7750,69.1251,0.0000
25.8250,69.1251,0.0000
25.8750,69.1251,0.0000
25.9250,69.1251,0.0000
25.9750,69.1251,0.0000
26.0250,69.1251,0.0000
26.0750,69.1251,0.0000
26.1250,69.1251,0.0000
26.1750,69.1251,0.0000
26.2250,69.1251,0.0000
26.2750,69.1251,0.0000
26.3250,69.1251,0.0000
26.3750,69.1251,0.0000
26.4250,69.1251,0.0000
26.4750,69.1251,0.0000
26.5250,69.1251,0.0000
26.5750,69.1251,0.0000
26.6250,69.1251,0.0000
26.6750,69.1251,0.0000
26.7250,69.1251,0.0000
26.7750,69.1251,0.0000
26.8250,69.1251,0.0000
26.8750,69.1251,0.0000
26.9250,69.1251,0.0000
26.9750,69.1251,0.0000
27.0250,69.1251,0.0000
27.0750,69.1251,0.0000
27.1250,69.1251,0.0000
27.1750,69.1251,0.0000
27.2250,69.1251,0.0000
27.2750,69.1251,0.0000
27.3250,69.1251,0.0000
27.3750,69.1251,0.0000
27.4250,69.1251,0.0000
27.4750,69.1251,0.0000
27.5250,69.1251,0.0000
27.5750,69.1251,0.0000
27.6250,69.1251,0.0000
27.6750,69.1251,0.0000
27.7250,69.1251,0.0000
27.7750,69.1251,0.0000
27.8250,69.1251,0.0000
27.8750,69.1251,0.0000
27.9250,69.1251,0.0000
27.9750,69.1251,0.0000
28.0250,69.1251,0.0000
28.0750,69.1251,0.0000
28.1250,69.1251,0.0000
28.1750,69.1251,0.0000
28.2250,69.1251,0.0000
28.2750,69.1251,0.0000
28.3250,69.1251,0.0000
28.3750,69.1251,0.0000
28.4250,69.1251,0.0000
28.4750,69.1251,0.0000
28.5250,69.1251,0.0000
28.5750,69.1251,0.0000
28.6250,69.1251,0.0000
28.6750,69.1251,0.0000
28.7250,69.1251,0.0000
28.7750,69.1251,0.0000
28.8250,69.1251,0.0000
28.8750,69.1251,0.0000
28.9250,69.1251,0.0000
28.9750,69.1251,0.0000
29.0250,69.1251,0.0000
29.0750,69.1251,0.0000
29.1250,69.1251,0.0000
29.1750,69.1251,0.0000
29.2250,69.1251,0.0000
29.2750,69.1251,0.0000
29.3250,69.1251,0.0000
29.3750,69.1251,0.0000
29.4250,69.1251,0.0000
29.4750,69.1251,0.0000
29.5250,69.1251,0.0000
29.5750,69.1251,0.0000
29.6250,69.1251,0.0000
29.6750,69.1251,0.0000
29.7250,69.1251,0.0071
29.7750,69.1251,0.0071
29.8250,69.1251,0.0072
29.8750,69.1251,0.0074
29.9250,69.1251,0.0074
29.9750,69.1251,0.0075
30.0250,69.1251,0.0075
30.0750,69.1251,0.0077
30.1250,69.1251,0.0078
30.1750,69.1251,0.0078
30.2250,69.1251,0.0078
30.2750,69.1251,0.0079
30.3250,69.1251,0.0079
30.3750,69.1251,0.0080
30.4250,69.1251,0.0081
30.4750,69.1251,0.0081
30.5250,69.1251,0.0081
30.5750,69.1251,0.0081
30.6250,69.1251,0.0081
30.6750,69.1251,0.0081
30.7250,69.1251,0.0082
30.7750,69.1251,0.0081
30.8250,69.1251,0.0082
30.8750,69.1251,0.0081
30.9250,69.1251,0.0081
30.9750,69.1251,0.0082
31.0250,69.1251,0.0081
31.0750,69.1251,0.0081
31.1250,69.1251,0.0082
31.1750,69.1251,0.0081
31.2250,69.1251,0.0081
31.2750,69.1251,0.0081
31.3250,69.1251,0.0080
31.3750,69.1251,0.0080
31.4250,69.1251,0.0081
31.4750,69.1251,0.0080
31.5250,69.1251,0.0080
31.5750,69.1251,0.0079
20.5250,69.0751,0.0000
20.5750,69.0751,0.0000
20.6250,69.0751,0.0000
20.6750,69.0751,0.0000
20.7250,69.0751,0.0000
20.7750,69.0751,0.0000
20.8250,69.0751,0.0000
20.8750,69.0751,0.0000
20.9250,69.0751,0.0000
20.9750,69.0751,0.0000
21.0250,69.0751,0.0000
21.0750,69.0751,0.0000
21.1250,69.0751,0.0000
21.1750,69.0751,0.0000
21.2250,69.0751,0.0000
21.2750,69.0751,0.0000
21.3250,69.0751,0.0000
21.3750,69.0751,0.0000
21.4250,69.0751,0.0000
21.4750,69.0751,0.0000
21.5250,69.0751,0.0000
21.5750,69.0751,0.0000
21.6250,69.0751,0.0000
21.6750,69.0751,0.0000
21.7250,69.0751,0.0000
21.7750,69.0751,0.0000
21.8250,69.0751,0.0000
21.8750,69.0751,0.0000
21.9250,69.0751,0.0000
21.9750,69.0751,0.0000
22.0250,69.0751,0.0000
22.0750,69.0751,0.0000
22.1250,69.0751,0.0000
22.1750,69.0751,0.0000
22.2250,69.0751,0.0000
22.2750,69.0751,0.0000
22.3250,69.0751,0.0000
22.3750,69.0751,0.0000
22.4250,69.0751,0.0000
22.4750,69.0751,0.0000
22.5250,69.0751,0.0000
22.5750,69.0751,0.0000
22.6250,69.0751,0.0000
22.6750,69.0751,0.0000
22.7250,69.0751,0.0000
22.7750,69.0751,0.0000
22.8250,69.0751,0.0000
22.8750,69.0751,0.0000
22.9250,69.0751,0.0000
22.9750,69.0751,0.0000
23.0250,69.0751,0.0000
23.0750,69.0751,0.0000
23.1250,69.0751,0.0000
23.1750,69.0751,0.0000
23.2250,69.0751,0.0000
23.2750,69.0751,0.0000
23.3250,69.0751,0.0000
23.3750,69.0751,0.0000
23.4250,69.0751,0.0000
23.4750,69.0751,0.0000
23.5250,69.0751,0.0000
23.5750,69.0751,0.0000
23.6250,69.0751,0.0000
23.6750,69.0751,0.0000
23.7250,69.0751,0.0000
23.7750,69.0751,0.0000
23.8250,69.0751,0.0000
23.8750,69.0751,0.0000
23.9250,69.0751,0.0000
23.9750,69.0751,0.0000
24.0250,69.0751,0.0000
24.0750,69.0751,0.0000
24.1250,69.0751,0.0000
24.1750,69.0751,0.0000
24.2250,69.0751,0.0000
24.2750,69.0751,0.0000
24.3250,69.0751,0.0000
24.3750,69.0751,0.0000
24.4250,69.0751,0.0000
24.4750,69.0751,0.0000
24.5250,69.0751,0.0000
24.5750,69.0751,0.0000
24.6250,69.0751,0.0000
24.6750,69.0751,0.0000
24.7250,69.0751,0.0000
24.7750,69.0751,0.0000
24.8250,69.0751,0.0000
24.8750,69.0751,0.0000
24.9250,69.0751,0.0000
24.9750,69.0751,0.0000
25.0250,69.0751,0.0000
25.0750,69.0751,0.0000
25.1250,69.0751,0.0000
25.1750,69.0751,0.0000
25.2250,69.0751,0.0000
25.2750,69.0751,0.0000
25.3250,69.0751,0.0000
25.3750,69.0751,0.0000
25.4250,69.0751,0.0000
25.4750,69.0751,0.0000
25.5250,69.0751,0.0000
25.5750,69.0751,0.0000
25.6250,69.0751,0.0000
25.6750,69.0751,0.0000
25.7250,69.0751,0.0000
25.7750,69.0751,0.0000
25.8250,69.0751,0.0000
25.8750,69.0751,0.0000
25.9250,69.0751,0.0000
25.9750,69.0751,0.0000
26.0250,69.0751,0.0000
26.0750,69.0751,0.0000
26.1250,69.0751,0.0000
26.1750,69.0751,0.0000
26.2250,69.0751,0.0000
26.2750,69.0751,0.0000
26.3250,69.0751,0.0000
26.3750,69.0751,0.0000
26.4250,69.0751,0.0000
26.4750,69.0751,0.0000
26.5250,69.0751,0.0000
26.5750,69.0751,0.0000
26.6250,69.0751,0.0000
26.6750,69.0751,0.0000
26.7250,69.0751,0.0000
26.7750,69.0751,0.0000
26.8250,69.0751,0.0000
26.8750,69.0751,0.0000
26.9250,69.0751,0.0000
26.9750,69.0751,0.0000
27.0250,69.0751,0.0000
27.0750,69.0751,0.0000
27.1250,69.0751,0.0000
27.1750,69.0751,0.0000
27.2250,69.0751,0.0000
27.2750,69.0751,0.0000
27.3250,69.0751,0.0000
27.3750,69.0751,0.0000
27.4250,69.0751,0.0000
27.4750,69.0751,0.0000
27.5250,69.0751,0.0000
27.5750,69.0751,0.0000
27.6250,69.0751,0.0000
27.6750,69.0751,0.0000
27.7250,69.0751,0.0000
27.7750,69.0751,0.0000
27.8250,69.0751,0.0000
27.8750,69.0751,0.0000
27.9250,69.0751,0.0000
27.9750,69.0751,0.0000
28.0250,69.0751,0.0000
28.0750,69.0751,0.0000
28.1250,69.0751,0.0000
28.1750,69.0751,0.0000
28.2250,69.0751,0.0000
28.2750,69.0751,0.0000
28.3250,69.0751,0.0000
28.3750,69.0751,0.0000
28.4250,69.0751,0.0000
28.4750,69.0751,0.0000
28.5250,69.0751,0.0000
28.5750,69.0751,0.0000
28.6250,69.0751,0.0000
28.6750,69.0751,0.0000
28.7250,69.0751,0.0000
28.7750,69.0751,0.0000
28.8250,69.0751,0.0000
28.8750,69.0751,0.0000
28.9250,69.0751,0.0000
28.9750,69.0751,0.0000
29.0250,69.0751,0.0000
29.0750,69.0751,0.0000
29.1250,69.0751,0.0000
29.1750,69.0751,0.0000
29.2250,69.0751,0.0000
29.2750,69.0751,0.0000
29.3250,69.0751,0.0000
29.3750,69.0751,0.0000
29.4250,69.0751,0.0000
29.4750,69.0751,0.0000
29.5250,69.0751,0.0000
29.5750,69.0751,0.0000
29.6250,69.0751,0.0000
29.6750,69.0751,0.0000
29.7250,69.0751,0.0071
29.7750,69.0751,0.0071
29.8250,69.0751,0.0073
29.8750,69.0751,0.0074
29.9250,69.0751,0.0074
29.9750,69.0751,0.0076
30.0250,69.0751,0.0077
30.0750,69.0751,0.0077
30.1250,69.0751,0.0078
30.1750,69.0751,0.0079
30.2250,69.0751,0.0079
30.2750,69.0751,0.0079
30.3250,69.0751,0.0080
30.3750,69.0751,0.0080
30.4250,69.0751,0.0081
30.4750,69.0751,0.0081
30.5250,69.0751,0.0081
30.5750,69.0751,0.0081
30.6250,69.0751,0.0082
30.6750,69.0751,0.0082
30.7250,69.0751,0.0082
30.7750,69.0751,0.0082
30.8250,69.0751,0.0082
30.8750,69.0751,0.0082
30.9250,69.0751,0.0082
30.9750,69.0751,0.0082
31.0250,69.0751,0.0082
31.0750,69.0751,0.0082
31.1250,69.0751,0.0082
31.1750,69.0751,0.0082
31.2250,69.0751,0.0082
31.2750,69.0751,0.0081
31.3250,69.0751,0.0083
31.3750,69.0751,0.0081
31.4250,69.0751,0.0081
31.4750,69.0751,0.0083
31.5250,69.0751,0.0081
31.5750,69.0751,0.0081
20.5250,69.0251,0.0000
20.5750,69.0251,0.0000
20.6250,69.0251,0.0000
20.6750,69.0251,0.0000
20.7250,69.0251,0.0000
20.7750,69.0251,0.0000
20.8250,69.0251,0.0000
20.8750,69.0251,0.0000
20.9250,69.0251,0.0000
20.9750,69.0251,0.0000
21.0250,69.0251,0.0000
21.0750,69.0251,0.0000
21.1250,69.0251,0.0000
21.1750,69.0251,0.0000
21.2250,69.0251,0.0000
21.2750,69.0251,0.0000
21.3250,69.0251,0.0000
21.3750,69.0251,0.0000
21.4250,69.0251,0.0000
21.4750,69.0251,0.0000
21.5250,69.0251,0.0000
21.5750,69.0251,0.0000
21.6250,69.0251,0.0000
21.6750,69.0251,0.0000
21.7250,69.0251,0.0000
21.7750,69.0251,0.0000
21.8250,69.0251,0.0000
21.8750,69.0251,0.0000
21.9250,69.0251,0.0000
21.9750,69.0251,0.0000
22.0250,69.0251,0.0000
22.0750,69.0251,0.0000
22.1250,69.0251,0.0000
22.1750,69.0251,0.0000
22.2250,69.0251,0.0000
22.2750,69.0251,0.0000
22.3250,69.0251,0.0000
22.3750,69.0251,0.0000
22.4250,69.0251,0.0000
22.4750,69.0251,0.0000
22.5250,69.0251,0.0000
22.5750,69.0251,0.0000
22.6250,69.0251,0.0000
22.6750,69.0251,0.0000
22.7250,69.0251,0.0000
22.7750,69.0251,0.0000
22.8250,69.0251,0.0000
22.8750,69.0251,0.0000
22.9250,69.0251,0.0000
22.9750,69.0251,0.0000
23.0250,69.0251,0.0000
23.0750,69.0251,0.0000
23.1250,69.0251,0.0000
23.1750,69.0251,0.0000
23.2250,69.0251,0.0000
23.2750,69.0251,0.0000
23.3250,69.0251,0.0000
23.3750,69.0251,0.0000
23.4250,69.0251,0.0000
23.4750,69.0251,0.0000
23.5250,69.0251,0.0000
23.5750,69.0251,0.0000
23.6250,69.0251,0.0000
23.6750,69.0251,0.0000
23.7250,69.0251,0.0000
23.7750,69.0251,0.0000
23.8250,69.0251,0.0000
23.8750,69.0251,0.0000
23.9250,69.0251,0.0000
23.9750,69.0251,0.0000
24.0250,69.0251,0.0000
24.0750,69.0251,0.0000
24.1250,69.0251,0.0000
24.1750,69.0251,0.0000
24.2250,69.0251,0.0000
24.2750,69.0251,0.0000
24.3250,69.0251,0.0000
24.3750,69.0251,0.0000
24.4250,69.0251,0.0000
24.4750,69.0251,0.0000
24.5250,69.0251,0.0000
24.5750,69.0251,0.0000
24.6250,69.0251,0.0000
24.6750,69.0251,0.0000
24.7250,69.0251,0.0000
24.7750,69.0251,0.0000
24.8250,69.0251,0.0000
24.8750,69.0251,0.0000
24.9250,69.0251,0.0000
24.9750,69.0251,0.0000
25.0250,69.0251,0.0000
25.0750,69.0251,0.0000
25.1250,69.0251,0.0000
25.1750,69.0251,0.0000
25.2250,69.0251,0.0000
25.2750,69.0251,0.0000
25.3250,69.0251,0.0000
25.3750,69.0251,0.0000
25.4250,69.0251,0.0000
25.4750,69.0251,0.0000
25.5250,69.0251,0.0000
25.5750,69.0251,0.0000
25.6250,69.0251,0.0000
25.6750,69.0251,0.0000
25.7250,69.0251,0.0000
25.7750,69.0251,0.0000
25.8250,69.0251,0.0000
25.8750,69.0251,0.0000
25.9250,69.0251,0.0000
25.9750,69.0251,0.0000
26.0250,69.0251,0.0000
26.0750,69.0251,0.0000
26.1250,69.0251,0.0000
26.1750,69.0251,0.0000
26.2250,69.0251,0.0000
26.2750,69.0251,0.0000
26.3250,69.0251,0.0000
26.3750,69.0251,0.0000
26.4250,69.0251,0.0000
26.4750,69.0251,0.0000
26.5250,69.0251,0.0000
26.5750,69.0251,0.0000
26.6250,69.0251,0.0000
26.6750,69.0251,0.0000
26.7250,69.0251,0.0000
26.7750,69.0251,0.0000
26.8250,69.0251,0.0000
26.8750,69.0251,0.0000
26.9250,69.0251,0.0000
26.9750,69.0251,0.0000
27.0250,69.0251,0.0000
27.0750,69.0251,0.0000
27.1250,69.0251,0.0000
27.1750,69.0251,0.0000
27.2250,69.0251,0.0000
27.2750,69.0251,0.0000
27.3250,69.0251,0.0000
27.3750,69.0251,0.0000
27.4250,69.0251,0.0000
27.4750,69.0251,0.0000
27.5250,69.0251,0.0000
27.5750,69.0251,0.0000
27.6250,69.0251,0.0000
27.6750,69.0251,0.0000
27.7250,69.0251,0.0000
27.7750,69.0251,0.0000
27.8250,69.0251,0.0000
27.8750,69.0251,0.0000
27.9250,69.0251,0.0000
27.9750,69.0251,0.0000
28.0250,69.0251,0.0000
28.0750,69.0251,0.0000
28.1250,69.0251,0.0000
28.1750,69.0251,0.0000
28.2250,69.0251,0.0000
28.2750,69.0251,0.0000
28.3250,69.0251,0.0000
28.3750,69.0251,0.0000
28.4250,69.0251,0.0000
28.4750,69.0251,0.0000
28.5250,69.0251,0.0000
28.5750,69.0251,0.0000
28.6250,69.0251,0.0000
28.6750,69.0251,0.0000
28.7250,69.0251,0.0000
28.7750,69.0251,0.0000
28.8250,69.0251,0.0000
28.8750,69.0251,0.0000
28.9250,69.0251,0.0000
28.9750,69.0251,0.0000
29.0250,69.0251,0.0000
29.0750,69.0251,0.0000
29.1250,69.0251,0.0000
29.1750,69.0251,0.0000
29.2250,69.0251,0.0000
29.2750,69.0251,0.0000
29.3250,69.0251,0.0000
29.3750,69.0251,0.0000
29.4250,69.0251,0.0000
29.4750,69.0251,0.0000
29.5250,69.0251,0.0000
29.5750,69.0251,0.0000
29.6250,69.0251,0.0000
29.6750,69.0251,0.0033
29.7250,69.0251,0.0071
29.7750,69.0251,0.0071
29.8250,69.0251,0.0073
29.8750,69.0251,0.0074
29.9250,69.0251,0.0074
29.9750,69.0251,0.0076
30.0250,69.0251,0.0077
30.0750,69.0251,0.0077
30.1250,69.0251,0.0078
30.1750,69.0251,0.0079
30.2250,69.0251,0.0079
30.2750,69.0251,0.0079
30.3250,69.0251,0.0080
30.3750,69.0251,0.0081
30.4250,69.0251,0.0081
30.4750,69.0251,0.0081
30.5250,69.0251,0.0081
30.5750,69.0251,0.0082
30.6250,69.0251,0.0082
30.6750,69.0251,0.0082
30.7250,69.0251,0.0083
30.7750,69.0251,0.0082
30.8250,69.0251,0.0082
30.8750,69.0251,0.0083
30.9250,69.0251,0.0083
30.9750,69.0251,0.0083
31.0250,69.0251,0.0083
31.0750,69.0251,0.0083
31.1250,69.0251,0.0083
31.1750,69.0251,0.0082
31.2250,69.0251,0.0083
31.2750,69.0251,0.0083
31.3250,69.0251,0.0083
31.3750,69.0251,0.0084
31.4250,69.0251,0.0084
31.4750,69.0251,0.0083
31.5250,69.0251,0.0084
31.5750,69.0251,0.0082
20.5250,68.9751,0.0000
20.5750,68.9751,0.0000
20.6250,68.9751,0.0000
20.6750,68.9751,0.0000
20.7250,68.9751,0.0000
20.7750,68.9751,0.0000
20.8250,68.9751,0.0000
20.8750,68.9751,0.0000
20.9250,68.9751,0.0000
20.9750,68.9751,0.0000
21.0250,68.9751,0.0000
21.0750,68.9751,0.0000
21.1250,68.9751,0.0000
21.1750,68.9751,0.0000
21.2250,68.9751,0.0000
21.2750,68.9751,0.0000
21.3250,68.9751,0.0000
21.3750,68.9751,0.0000
21.4250,68.9751,0.0000
21.4750,68.9751,0.0000
21.5250,68.9751,0.0000
21.5750,68.9751,0.0000
21.6250,68.9751,0.0000
21.6750,68.9751,0.0000
21.7250,68.9751,0.0000
21.7750,68.9751,0.0000
21.8250,68.9751,0.0000
21.8750,68.9751,0.0000
21.9250,68.9751,0.0000
21.9750,68.9751,0.0000
22.0250,68.9751,0.0000
22.0750,68.9751,0.0000
22.1250,68.9751,0.0000
22.1750,68.9751,0.0000
22.2250,68.9751,0.0000
22.2750,68.9751,0.0000
22.3250,68.9751,0.0000
22.3750,68.9751,0.0000
22.4250,68.9751,0.0000
22.4750,68.9751,0.0000
22.5250,68.9751,0.0000
22.5750,68.9751,0.0000
22.6250,68.9751,0.0000
22.6750,68.9751,0.0000
22.7250,68.9751,0.0000
22.7750,68.9751,0.0000
22.8250,68.9751,0.0000
22.8750,68.9751,0.0000
22.9250,68.9751,0.0000
22.9750,68.9751,0.0000
23.0250,68.9751,0.0000
23.0750,68.9751,0.0000
23.1250,68.9751,0.0000
23.1750,68.9751,0.0000
23.2250,68.9751,0.0000
23.2750,68.9751,0.0000
23.3250,68.9751,0.0000
23.3750,68.9751,0.0000
23.4250,68.9751,0.0000
23.4750,68.9751,0.0000
23.5250,68.9751,0.0000
23.5750,68.9751,0.0000
23.6250,68.9751,0.0000
23.6750,68.9751,0.0000
23.7250,68.9751,0.0000
23.7750,68.9751,0.0000
23.8250,68.9751,0.0000
23.8750,68.9751,0.0000
23.9250,68.9751,0.0000
23.9750,68.9751,0.0000
24.0250,68.9751,0.0000
24.0750,68.9751,0.0000
24.1250,68.9751,0.0000
24.1750,68.9751,0.0000
24.2250,68.9751,0.0000
24.2750,68.9751,0.0000
24.3250,68.9751,0.0000
24.3750,68.9751,0.0000
24.4250,68.9751,0.0000
24.4750,68.9751,0.0000
24.5250,68.9751,0.0000
24.5750,68.9751,0.0000
24.6250,68.9751,0.0000
24.6750,68.9751,0.0000
24.7250,68.9751,0.0000
24.7750,68.9751,0.0000
24.8250,68.9751,0.0000
24.8750,68.9751,0.0000
24.9250,68.9751,0.0000
24.9750,68.9751,0.0000
25.0250,68.9751,0.0000
25.0750,68.9751,0.0000
25.1250,68.9751,0.0000
25.1750,68.9751,0.0000
25.2250,68.9751,0.0000
25.2750,68.9751,0.0000
25.3250,68.9751,0.0000
25.3750,68.9751,0.0000
25.4250,68.9751,0.0000
25.4750,68.9751,0.0000
25.5250,68.9751,0.0000
25.5750,68.9751,0.0000
25.6250,68.9751,0.0000
25.6750,68.9751,0.0000
25.7250,68.9751,0.0000
25.7750,68.9751,0.0000
25.8250,68.9751,0.0000
25.8750,68.9751,0.0000
25.9250,68.9751,0.0000
25.9750,68.9751,0.0000
26.0250,68.9751,0.0000
26.0750,68.9751,0.0000
26.1250,68.9751,0.0000
26.1750,68.9751,0.0000
26.2250,68.9751,0.0000
26.2750,68.9751,0.0000
26.3250,68.9751,0.0000
26.3750,68.9751,0.0000
26.4250,68.9751,0.0000
26.4750,68.9751,0.0000
26.5250,68.9751,0.0000
26.5750,68.9751,0.0000
26.6250,68.9751,0.0000
26.6750,68.9751,0.0000
26.7250,68.9751,0.0000
26.7750,68.9751,0.0000
26.8250,68.9751,0.0000
26.8750,68.9751,0.0000
26.9250,68.9751,0.0000
26.9750,68.9751,0.0000
27.0250,68.9751,0.0000
27.0750,68.9751,0.0000
27.1250,68.9751,0.0000
27.1750,68.9751,0.0000
27.2250,68.9751,0.0000
27.2750,68.9751,0.0000
27.3250,68.9751,0.0000
27.3750,68.9751,0.0000
27.4250,68.9751,0.0000
27.4750,68.9751,0.0000
27.5250,68.9751,0.0000
27.5750,68.9751,0.0000
27.6250,68.9751,0.0000
27.6750,68.9751,0.0000
27.7250,68.9751,0.0000
27.7750,68.9751,0.0000
27.8250,68.9751,0.0000
27.8750,68.9751,0.0000
27.9250,68.9751,0.0000
27.9750,68.9751,0.0000
28.0250,68.9751,0.0000
28.0750,68.9751,0.0000
28.1250,68.9751,0.0000
28.1750,68.9751,0.0000
28.2250,68.9751,0.0000
28.2750,68.9751,0.0000
28.3250,68.9751,0.0000
28.3750,68.9751,0.0000
28.4250,68.9751,0.0000
28.4750,68.9751,0.0000
28.5250,68.9751,0.0000
28.5750,68.9751,0.0000
28.6250,68.9751,0.0000
28.6750,68.9751,0.0000
28.7250,68.9751,0.0000
28.7750,68.9751,0.0000
28.8250,68.9751,0.0000
28.8750,68.9751,0.0000
28.9250,68.9751,0.0000
28.9750,68.9751,0.0000
29.0250,68.9751,0.0000
29.0750,68.9751,0.0000
29.1250,68.9751,0.0000
29.1750,68.9751,0.0000
29.2250,68.9751,0.0000
29.2750,68.9751,0.0000
29.3250,68.9751,0.0000
29.3750,68.9751,0.0000
29.4250,68.9751,0.0000
29.4750,68.9751,0.0000
29.5250,68.9751,0.0000
29.5750,68.9751,0.0068
29.6250,68.9751,0.0070
29.6750,68.9751,0.0070
29.7250,68.9751,0.0071
29.7750,68.9751,0.0073
29.8250,68.9751,0.0073
29.8750,68.9751,0.0074
29.9250,68.9751,0.0075
29.9750,68.9751,0.0075
30.0250,68.9751,0.0077
30.0750,68.9751,0.0078
30.1250,68.9751,0.0078
30.1750,68.9751,0.0079
30.2250,68.9751,0.0080
30.2750,68.9751,0.0080
30.3250,68.9751,0.0080
30.3750,68.9751,0.0081
30.4250,68.9751,0.0081
30.4750,68.9751,0.0081
30.5250,68.9751,0.0082
30.5750,68.9751,0.0082
30.6250,68.9751,0.0082
30.6750,68.9751,0.0083
30.7250,68.9751,0.0083
30.7750,68.9751,0.0083
30.8250,68.9751,0.0083
30.8750,68.9751,0.0083
30.9250,68.9751,0.0084
30.9750,68.9751,0.0084
31.0250,68.9751,0.0084
31.0750,68.9751,0.0085
31.1250,68.9751,0.0084
31.1750,68.9751,0.0084
31.2250,68.9751,0.0083
31.2750,68.9751,0.0085
31.3250,68.9751,0.0085
31.3750,68.9751,0.0084
31.4250,68.9751,0.0084
31.4750,68.9751,0.0085
31.5250,68.9751,0.0084
31.5750,68.9751,0.0084
20.5250,68.9251,0.0000
20.5750,68.9251,0.0000
20.6250,68.9251,0.0000
20.6750,68.9251,0.0000
20.7250,68.9251,0.0000
20.7750,68.9251,0.0000
20.8250,68.9251,0.0000
20.8750,68.9251,0.0000
20.9250,68.9251,0.0000
20.9750,68.9251,0.0000
21.0250,68.9251,0.0000
21.0750,68.9251,0.0000
21.1250,68.9251,0.0000
21.1750,68.9251,0.0000
21.2250,68.9251,0.0000
21.2750,68.9251,0.0000
21.3250,68.9251,0.0000
21.3750,68.9251,0.0000
21.4250,68.9251,0.0000
21.4750,68.9251,0.0000
21.5250,68.9251,0.0000
21.5750,68.9251,0.0000
21.6250,68.9251,0.0000
21.6750,68.9251,0.0000
21.7250,68.9251,0.0000
21.7750,68.9251,0.0000
21.8250,68.9251,0.0000
21.8750,68.9251,0.0000
21.9250,68.9251,0.0000
21.9750,68.9251,0.0000
22.0250,68.9251,0.0000
22.0750,68.9251,0.0000
22.1250,68.9251,0.0000
22.1750,68.9251,0.0000
22.2250,68.9251,0.0000
22.2750,68.9251,0.0000
22.3250,68.9251,0.0000
22.3750,68.9251,0.0000
22.4250,68.9251,0.0000
22.4750,68.9251,0.0000
22.5250,68.9251,0.0000
22.5750,68.9251,0.0000
22.6250,68.9251,0.0000
22.6750,68.9251,0.0000
22.7250,68.9251,0.0000
22.7750,68.9251,0.0000
22.8250,68.9251,0.0000
22.8750,68.9251,0.0000
22.9250,68.9251,0.0000
22.9750,68.9251,0.0000
23.0250,68.9251,0.0000
23.0750,68.9251,0.0000
23.1250,68.9251,0.0000
23.1750,68.9251,0.0000
23.2250,68.9251,0.0000
23.2750,68.9251,0.0000
23.3250,68.9251,0.0000
23.3750,68.9251,0.0000
23.4250,68.9251,0.0000
23.4750,68.9251,0.0000
23.5250,68.9251,0.0000
23.5750,68.9251,0.0000
23.6250,68.9251,0.0000
23.6750,68.9251,0.0000
23.7250,68.9251,0.0000
23.7750,68.9251,0.0000
23.8250,68.9251,0.0000
23.8750,68.9251,0.0000
23.9250,68.9251,0.0000
23.9750,68.9251,0.0000
24.0250,68.9251,0.0000
24.0750,68.9251,0.0000
24.1250,68.9251,0.0000
24.1750,68.9251,0.0000
24.2250,68.9251,0.0000
24.2750,68.9251,0.0000
24.3250,68.9251,0.0000
24.3750,68.9251,0.0000
24.4250,68.9251,0.0000
24.4750,68.9251,0.0000
24.5250,68.9251,0.0000
24.5750,68.9251,0.0000
24.6250,68.9251,0.0000
24.6750,68.9251,0.0000
24.7250,68.9251,0.0000
24.7750,68.9251,0.0000
24.8250,68.9251,0.0000
24.8750,68.9251,0.0000
24.9250,68.9251,0.0000
24.9750,68.9251,0.0000
25.0250,68.9251,0.0000
25.0750,68.9251,0.0000
25.1250,68.9251,0.0000
25.1750,68.9251,0.0000
25.2250,68.9251,0.0000
25.2750,68.9251,0.0000
25.3250,68.9251,0.0000
25.3750,68.9251,0.0000
25.4250,68.9251,0.0000
25.4750,68.9251,0.0000
25.5250,68.9251,0.0000
25.5750,68.9251,0.0000
25.6250,68.9251,0.0000
25.6750,68.9251,0.0000
25.7250,68.9251,0.0000
25.7750,68.9251,0.0000
25.8250,68.9251,0.0000
25.8750,68.9251,0.0000
25.9250,68.9251,0.0000
25.9750,68.9251,0.0000
26.0250,68.9251,0.0000
26.0750,68.9251,0.0000
26.1250,68.9251,0.0000
26.1750,68.9251,0.0000
26.2250,68.9251,0.0000
26.2750,68.9251,0.0000
26.3250,68.9251,0.0000
26.3750,68.9251,0.0000
26.4250,68.9251,0.0000
26.4750,68.9251,0.0000
26.5250,68.9251,0.0000
26.5750,68.9251,0.0000
26.6250,68.9251,0.0000
26.6750,68.9251,0.0000
26.7250,68.9251,0.0000
26.7750,68.9251,0.0000
26.8250,68.9251,0.0000
26.8750,68.9251,0.0000
26.9250,68.9251,0.0000
26.9750,68.9251,0.0000
27.0250,68.9251,0.0000
27.0750,68.9251,0.0000
27.1250,68.9251,0.0000
27.1750,68.9251,0.0000
27.2250,68.9251,0.0000
27.2750,68.9251,0.0000
27.3250,68.9251,0.0000
27.3750,68.9251,0.0000
27.4250,68.9251,0.0000
27.4750,68.9251,0.0000
27.5250,68.9251,0.0000
27.5750,68.9251,0.0000
27.6250,68.9251,0.0000
27.6750,68.9251,0.0000
27.7250,68.9251,0.0000
27.7750,68.9251,0.0000
27.8250,68.9251,0.0000
27.8750,68.9251,0.0000
27.9250,68.9251,0.0000
27.9750,68.9251,0.0000
28.0250,68.9251,0.0000
28.0750,68.9251,0.0000
28.1250,68.9251,0.0000
28.1750,68.9251,0.0000
28.2250,68.9251,0.0000
28.2750,68.9251,0.0000
28.3250,68.9251,0.0000
28.3750,68.9251,0.0000
28.4250,68.9251,0.0000
28.4750,68.9251,0.0000
28.5250,68.9251,0.0000
28.5750,68.9251,0.0000
28.6250,68.9251,0.0000
28.6750,68.9251,0.0000
28.7250,68.9251,0.0000
28.7750,68.9251,0.0000
28.8250,68.9251,0.0000
28.8750,68.9251,0.0000
28.9250,68.9251,0.0000
28.9750,68.9251,0.0000
29.0250,68.9251,0.0000
29.0750,68.9251,0.0000
29.1250,68.9251,0.0000
29.1750,68.9251,0.0000
29.2250,68.9251,0.0000
29.2750,68.9251,0.0006
29.3250,68.9251,0.0000
29.3750,68.9251,0.0000
29.4250,68.9251,0.0000
29.4750,68.9251,0.0066
29.5250,68.9251,0.0066
29.5750,68.9251,0.0068
29.6250,68.9251,0.0070
29.6750,68.9251,0.0070
29.7250,68.9251,0.0071
29.7750,68.9251,0.0073
29.8250,68.9251,0.0074
29.8750,68.9251,0.0074
29.9250,68.9251,0.0075
29.9750,68.9251,0.0077
30.0250,68.9251,0.0077
30.0750,68.9251,0.0078
30.1250,68.9251,0.0078
30.1750,68.9251,0.0079
30.2250,68.9251,0.0080
30.2750,68.9251,0.0080
30.3250,68.9251,0.0080
30.3750,68.9251,0.0081
30.4250,68.9251,0.0081
30.4750,68.9251,0.0082
30.5250,68.9251,0.0082
30.5750,68.9251,0.0082
30.6250,68.9251,0.0083
30.6750,68.9251,0.0083
30.7250,68.9251,0.0083
30.7750,68.9251,0.0083
30.8250,68.9251,0.0084
30.8750,68.9251,0.0084
30.9250,68.9251,0.0084
30.9750,68.9251,0.0085
31.0250,68.9251,0.0085
31.0750,68.9251,0.0085
31.1250,68.9251,0.0087
31.1750,68.9251,0.0085
31.2250,68.9251,0.0086
31.2750,68.9251,0.0088
31.3250,68.9251,0.0085
31.3750,68.9251,0.0087
31.4250,68.9251,0.0085
31.4750,68.9251,0.0085
31.5250,68.9251,0.0089
31.5750,68.9251,0.0087
20.5250,68.8751,0.0000
20.5750,68.8751,0.0000
20.6250,68.8751,0.0000
20.6750,68.8751,0.0000
20.7250,68.8751,0.0000
20.7750,68.8751,0.0000
20.8250,68.8751,0.0000
20.8750,68.8751,0.0000
20.9250,68.8751,0.0000
20.9750,68.8751,0.0000
21.0250,68.8751,0.0000
21.0750,68.8751,0.0000
21.1250,68.8751,0.0000
21.1750,68.8751,0.0000
21.2250,68.8751,0.0000
21.2750,68.8751,0.0000
21.3250,68.8751,0.0000
21.3750,68.8751,0.0000
21.4250,68.8751,0.0000
21.4750,68.8751,0.0000
21.5250,68.8751,0.0000
21.5750,68.8751,0.0000
21.6250,68.8751,0.0000
21.6750,68.8751,0.0000
21.7250,68.8751,0.0000
21.7750,68.8751,0.0000
21.8250,68.8751,0.0000
21.8750,68.8751,0.0000
21.9250,68.8751,0.0000
21.9750,68.8751,0.0000
22.0250,68.8751,0.0000
22.0750,68.8751,0.0000
22.1250,68.8751,0.0000
22.1750,68.8751,0.0000
22.2250,68.8751,0.0000
22.2750,68.8751,0.0000
22.3250,68.8751,0.0000
22.3750,68.8751,0.0000
22.4250,68.8751,0.0000
22.4750,68.8751,0.0000
22.5250,68.8751,0.0000
22.5750,68.8751,0.0000
22.6250,68.8751,0.0000
22.6750,68.8751,0.0000
22.7250,68.8751,0.0000
22.7750,68.8751,0.0000
22.8250,68.8751,0.0000
22.8750,68.8751,0.0000
22.9250,68.8751,0.0000
22.9750,68.8751,0.0000
23.0250,68.8751,0.0000
23.0750,68.8751,0.0000
23.1250,68.8751,0.0000
23.1750,68.8751,0.0000
23.2250,68.8751,0.0000
23.2750,68.8751,0.0000
23.3250,68.8751,0.0000
23.3750,68.8751,0.0000
23.4250,68.8751,0.0000
23.4750,68.8751,0.0000
23.5250,68.8751,0.0000
23.5750,68.8751,0.0000
23.6250,68.8751,0.0000
23.6750,68.8751,0.0000
23.7250,68.8751,0.0000
23.7750,68.8751,0.0000
23.8250,68.8751,0.0000
23.8750,68.8751,0.0000
23.9250,68.8751,0.0000
23.9750,68.8751,0.0000
24.0250,68.8751,0.0000
24.0750,68.8751,0.0000
24.1250,68.8751,0.0000
24.1750,68.8751,0.0000
24.2250,68.8751,0.0000
24.2750,68.8751,0.0000
24.3250,68.8751,0.0000
24.3750,68.8751,0.0000
24.4250,68.8751,0.0000
24.4750,68.8751,0.0000
24.5250,68.8751,0.0000
24.5750,68.8751,0.0000
24.6250,68.8751,0.0000
24.6750,68.8751,0.0000
24.7250,68.8751,0.0000
24.7750,68.8751,0.0000
24.8250,68.8751,0.0000
24.8750,68.8751,0.0000
24.9250,68.8751,0.0000
24.9750,68.8751,0.0000
25.0250,68.8751,0.0000
25.0750,68.8751,0.0000
25.1250,68.8751,0.0000
25.1750,68.8751,0.0000
25.2250,68.8751,0.0000
25.2750,68.8751,0.0000
25.3250,68.8751,0.0000
25.3750,68.8751,0.0000
25.4250,68.8751,0.0000
25.4750,68.8751,0.0000
25.5250,68.8751,0.0000
25.5750,68.8751,0.0000
25.6250,68.8751,0.0000
25.6750,68.8751,0.0000
25.7250,68.8751,0.0000
25.7750,68.8751,0.0000
25.8250,68.8751,0.0000
25.8750,68.8751,0.0000
25.9250,68.8751,0.0000
25.9750,68.8751,0.0000
26.0250,68.8751,0.0000
26.0750,68.8751,0.0000
26.1250,68.8751,0.0000
26.1750,68.8751,0.0000
26.2250,68.8751,0.0000
26.2750,68.8751,0.0000
26.3250,68.8751,0.0000
26.3750,68.8751,0.0000
26.4250,68.8751,0.0000
26.4750,68.8751,0.0000
26.5250,68.8751,0.0000
26.5750,68.8751,0.0000
26.6250,68.8751,0.0000
26.6750,68.8751,0.0000
26.7250,68.8751,0.0000
26.7750,68.8751,0.0000
26.8250,68.8751,0.0000
26.8750,68.8751,0.0000
26.9250,68.8751,0.0000
26.9750,68.8751,0.0000
27.0250,68.8751,0.0000
27.0750,68.8751,0.0000
27.1250,68.8751,0.0000
27.1750,68.8751,0.0000
27.2250,68.8751,0.0000
27.2750,68.8751,0.0000
27.3250,68.8751,0.0000
27.3750,68.8751,0.0000
27.4250,68.8751,0.0000
27.4750,68.8751,0.0000
27.5250,68.8751,0.0000
27.5750,68.8751,0.0000
27.6250,68.8751,0.0000
27.6750,68.8751,0.0000
27.7250,68.8751,0.0000
27.7750,68.8751,0.0000
27.8250,68.8751,0.0000
27.8750,68.8751,0.0000
27.9250,68.8751,0.0000
27.9750,68.8751,0.0000
28.0250,68.8751,0.0000
28.0750,68.8751,0.0000
28.1250,68.8751,0.0000
28.1750,68.8751,0.0000
28.2250,68.8751,0.0000
28.2750,68.8751,0.0000
28.3250,68.8751,0.0000
28.3750,68.8751,0.0000
28.4250,68.8751,0.0000
28.4750,68.8751,0.0000
28.5250,68.8751,0.0000
28.5750,68.8751,0.0000
28.6250,68.8751,0.0000
28.6750,68.8751,0.0000
28.7250,68.8751,0.0000
28.7750,68.8751,0.0000
28.8250,68.8751,0.0000
28.8750,68.8751,0.0000
28.9250,68.8751,0.0000
28.9750,68.8751,0.0000
29.0250,68.8751,0.0000
29.0750,68.8751,0.0000
29.1250,68.8751,0.0000
29.1750,68.8751,0.0000
29.2250,68.8751,0.0062
29.2750,68.8751,0.0062
29.3250,68.8751,0.0063
29.3750,68.8751,0.0065
29.4250,68.8751,0.0065
29.4750,68.8751,0.0066
29.5250,68.8751,0.0068
29.5750,68.8751,0.0068
29.6250,68.8751,0.0070
29.6750,68.8751,0.0071
29.7250,68.8751,0.0071
29.7750,68.8751,0.0073
29.8250,68.8751,0.0074
29.8750,68.8751,0.0074
29.9250,68.8751,0.0075
29.9750,68.8751,0.0076
30.0250,68.8751,0.0077
30.0750,68.8751,0.0078
30.1250,68.8751,0.0078
30.1750,68.8751,0.0079
30.2250,68.8751,0.0080
30.2750,68.8751,0.0080
30.3250,68.8751,0.0080
30.3750,68.8751,0.0081
30.4250,68.8751,0.0082
30.4750,68.8751,0.0082
30.5250,68.8751,0.0083
30.5750,68.8751,0.0083
30.6250,68.8751,0.0083
30.6750,68.8751,0.0084
30.7250,68.8751,0.0084
30.7750,68.8751,0.0084
30.8250,68.8751,0.0084
30.8750,68.8751,0.0086
30.9250,68.8751,0.0086
30.9750,68.8751,0.0085
31.0250,68.8751,0.0088
31.0750,68.8751,0.0088
31.1250,68.8751,0.0087
31.1750,68.8751,0.0090
31.2250,68.8751,0.0086
31.2750,68.8751,0.0089
31.3250,68.8751,0.0089
31.3750,68.8751,0.0090
31.4250,68.8751,0.0091
31.4750,68.8751,0.0089
31.5250,68.8751,0.0093
31.5750,68.8751,0.0093
20.5250,68.8251,0.0000
20.5750,68.8251,0.0000
20.6250,68.8251,0.0000
20.6750,68.8251,0.0000
20.7250,68.8251,0.0000
20.7750,68.8251,0.0000
20.8250,68.8251,0.0000
20.8750,68.8251,0.0000
20.9250,68.8251,0.0000
20.9750,68.8251,0.0000
21.0250,68.8251,0.0000
21.0750,68.8251,0.0000
21.1250,68.8251,0.0000
21.1750,68.8251,0.0000
21.2250,68.8251,0.0000
21.2750,68.8251,0.0000
21.3250,68.8251,0.0000
21.3750,68.8251,0.0000
21.4250,68.8251,0.0000
21.4750,68.8251,0.0000
21.5250,68.8251,0.0000
21.5750,68.8251,0.0000
21.6250,68.8251,0.0000
21.6750,68.8251,0.0000
21.7250,68.8251,0.0000
21.7750,68.8251,0.0000
21.8250,68.8251,0.0000
21.8750,68.8251,0.0000
21.9250,68.8251,0.0000
21.9750,68.8251,0.0000
22.0250,68.8251,0.0000
22.0750,68.8251,0.0000
22.1250,68.8251,0.0000
22.1750,68.8251,0.0000
22.2250,68.8251,0.0000
22.2750,68.8251,0.0000
22.3250,68.8251,0.0000
22.3750,68.8251,0.0000
22.4250,68.8251,0.0000
22.4750,68.8251,0.0000
22.5250,68.8251,0.0000
22.5750,68.8251,0.0000
22.6250,68.8251,0.0000
22.6750,68.8251,0.0000
22.7250,68.8251,0.0000
22.7750,68.8251,0.0000
22.8250,68.8251,0.0000
22.8750,68.8251,0.0000
22.9250,68.8251,0.0000
22.9750,68.8251,0.0000
23.0250,68.8251,0.0000
23.0750,68.8251,0.0000
23.1250,68.8251,0.0000
23.1750,68.8251,0.0000
23.2250,68.8251,0.0000
23.2750,68.8251,0.0000
23.3250,68.8251,0.0000
23.3750,68.8251,0.0000
23.4250,68.8251,0.0000
23.4750,68.8251,0.0000
23.5250,68.8251,0.0000
23.5750,68.8251,0.0000
23.6250,68.8251,0.0000
23.6750,68.8251,0.0000
23.7250,68.8251,0.0000
23.7750,68.8251,0.0000
23.8250,68.8251,0.0000
23.8750,68.8251,0.0000
23.9250,68.8251,0.0000
23.9750,68.8251,0.0000
24.0250,68.8251,0.0000
24.0750,68.8251,0.0000
24.1250,68.8251,0.0000
24.1750,68.8251,0.0000
24.2250,68.8251,0.0000
24.2750,68.8251,0.0000
24.3250,68.8251,0.0000
24.3750,68.8251,0.0000
24.4250,68.8251,0.0000
24.4750,68.8251,0.0000
24.5250,68.8251,0.0000
24.5750,68.8251,0.0000
24.6250,68.8251,0.0000
24.6750,68.8251,0.0000
24.7250,68.8251,0.0000
24.7750,68.8251,0.0000
24.8250,68.8251,0.0000
24.8750,68.8251,0.0000
24.9250,68.8251,0.0000
24.9750,68.8251,0.0000
25.0250,68.8251,0.0000
25.0750,68.8251,0.0000
25.1250,68.8251,0.0000
25.1750,68.8251,0.0000
25.2250,68.8251,0.0000
25.2750,68.8251,0.0000
25.3250,68.8251,0.0000
25.3750,68.8251,0.0000
25.4250,68.8251,0.0000
25.4750,68.8251,0.0000
25.5250,68.8251,0.0000
25.5750,68.8251,0.0000
25.6250,68.8251,0.0000
25.6750,68.8251,0.0000
25.7250,68.8251,0.0000
25.7750,68.8251,0.0000
25.8250,68.8251,0.0000
25.8750,68.8251,0.0000
25.9250,68.8251,0.0000
25.9750,68.8251,0.0000
26.0250,68.8251,0.0000
26.0750,68.8251,0.0000
26.1250,68.8251,0.0000
26.1750,68.8251,0.0000
26.2250,68.8251,0.0000
26.2750,68.8251,0.0000
26.3250,68.8251,0.0000
26.3750,68.8251,0.0000
26.4250,68.8251,0.0000
26.4750,68.8251,0.0000
26.5250,68.8251,0.0000
26.5750,68.8251,0.0000
26.6250,68.8251,0.0000
26.6750,68.8251,0.0000
26.7250,68.8251,0.0000
26.7750,68.8251,0.0000
26.8250,68.8251,0.0000
26.8750,68.8251,0.0000
26.9250,68.8251,0.0000
26.9750,68.8251,0.0000
27.0250,68.8251,0.0000
27.0750,68.8251,0.0000
27.1250,68.8251,0.0000
27.1750,68.8251,0.0000
27.2250,68.8251,0.0000
27.2750,68.8251,0.0000
27.3250,68.8251,0.0000
27.3750,68.8251,0.0000
27.4250,68.8251,0.0000
27.4750,68.8251,0.0000
27.5250,68.8251,0.0000
27.5750,68.8251,0.0000
27.6250,68.8251,0.0000
27.6750,68.8251,0.0000
27.7250,68.8251,0.0000
27.7750,68.8251,0.0000
27.8250,68.8251,0.0000
27.8750,68.8251,0.0000
27.9250,68.8251,0.0000
27.9750,68.8251,0.0000
28.0250,68.8251,0.0000
28.0750,68.8251,0.0000
28.1250,68.8251,0.0000
28.1750,68.8251,0.0000
28.2250,68.8251,0.0000
28.2750,68.8251,0.0000
28.3250,68.8251,0.0000
28.3750,68.8251,0.0000
28.4250,68.8251,0.0000
28.4750,68.8251,0.0000
28.5250,68.8251,0.0000
28.5750,68.8251,0.0000
28.6250,68.8251,0.0000
28.6750,68.8251,0.0000
28.7250,68.8251,0.0000
28.7750,68.8251,0.0000
28.8250,68.8251,0.0000
28.8750,68.8251,0.0000
28.9250,68.8251,0.0000
28.9750,68.8251,0.0000
29.0250,68.8251,0.0000
29.0750,68.8251,0.0000
29.1250,68.8251,0.0000
29.1750,68.8251,0.0000
29.2250,68.8251,0.0063
29.2750,68.8251,0.0063
29.3250,68.8251,0.0064
29.3750,68.8251,0.0065
29.4250,68.8251,0.0065
29.4750,68.8251,0.0066
29.5250,68.8251,0.0068
29.5750,68.8251,0.0068
29.6250,68.8251,0.0070
29.6750,68.8251,0.0071
29.7250,68.8251,0.0071
29.7750,68.8251,0.0073
29.8250,68.8251,0.0074
29.8750,68.8251,0.0074
29.9250,68.8251,0.0076
29.9750,68.8251,0.0077
30.0250,68.8251,0.0077
30.0750,68.8251,0.0078
30.1250,68.8251,0.0079
30.1750,68.8251,0.0079
30.2250,68.8251,0.0080
30.2750,68.8251,0.0081
30.3250,68.8251,0.0081
30.3750,68.8251,0.0081
30.4250,68.8251,0.0083
30.4750,68.8251,0.0083
30.5250,68.8251,0.0083
30.5750,68.8251,0.0084
30.6250,68.8251,0.0084
30.6750,68.8251,0.0084
30.7250,68.8251,0.0086
30.7750,68.8251,0.0086
30.8250,68.8251,0.0086
30.8750,68.8251,0.0086
30.9250,68.8251,0.0089
30.9750,68.8251,0.0089
31.0250,68.8251,0.0088
31.0750,68.8251,0.0091
31.1250,68.8251,0.0091
31.1750,68.8251,0.0090
31.2250,68.8251,0.0094
31.2750,68.8251,0.0093
31.3250,68.8251,0.0093
31.3750,68.8251,0.0092
31.4250,68.8251,0.0095
31.4750,68.8251,0.0095
31.5250,68.8251,0.0093
31.5750,68.8251,0.0098
20.5250,68.7751,0.0000
20.5750,68.7751,0.0000
20.6250,68.7751,0.0000
20.6750,68.7751,0.0000
20.7250,68.7751,0.0000
20.7750,68.7751,0.0000
20.8250,68.7751,0.0000
20.8750,68.7751,0.0000
20.9250,68.7751,0.0000
20.9750,68.7751,0.0000
21.0250,68.7751,0.0000
21.0750,68.7751,0.0000
21.1250,68.7751,0.0000
21.1750,68.7751,0.0000
21.2250,68.7751,0.0000
21.2750,68.7751,0.0000
21.3250,68.7751,0.0000
21.3750,68.7751,0.0000
21.4250,68.7751,0.0000
21.4750,68.7751,0.0000
21.5250,68.7751,0.0000
21.5750,68.7751,0.0000
21.6250,68.7751,0.0000
21.6750,68.7751,0.0000
21.7250,68.7751,0.0000
21.7750,68.7751,0.0000
21.8250,68.7751,0.0000
21.8750,68.7751,0.0000
21.9250,68.7751,0.0000
21.9750,68.7751,0.0000
22.0250,68.7751,0.0000
22.0750,68.7751,0.0000
22.1250,68.7751,0.0000
22.1750,68.7751,0.0000
22.2250,68.7751,0.0000
22.2750,68.7751,0.0000
22.3250,68.7751,0.0000
22.3750,68.7751,0.0000
22.4250,68.7751,0.0000
22.4750,68.7751,0.0000
22.5250,68.7751,0.0000
22.5750,68.7751,0.0000
22.6250,68.7751,0.0000
22.6750,68.7751,0.0000
22.7250,68.7751,0.0000
22.7750,68.7751,0.0000
22.8250,68.7751,0.0000
22.8750,68.7751,0.0000
22.9250,68.7751,0.0000
22.9750,68.7751,0.0000
23.0250,68.7751,0.0000
23.0750,68.7751,0.0000
23.1250,68.7751,0.0000
23.1750,68.7751,0.0000
23.2250,68.7751,0.0000
23.2750,68.7751,0.0000
23.3250,68.7751,0.0000
23.3750,68.7751,0.0000
23.4250,68.7751,0.0000
23.4750,68.7751,0.0000
23.5250,68.7751,0.0000
23.5750,68.7751,0.0000
23.6250,68.7751,0.0000
23.6750,68.7751,0.0000
23.7250,68.7751,0.0000
23.7750,68.7751,0.0000
23.8250,68.7751,0.0000
23.8750,68.7751,0.0000
23.9250,68.7751,0.0000
23.9750,68.7751,0.0000
24.0250,68.7751,0.0000
24.0750,68.7751,0.0000
24.1250,68.7751,0.0000
24.1750,68.7751,0.0000
24.2250,68.7751,0.0000
24.2750,68.7751,0.0000
24.3250,68.7751,0.0000
24.3750,68.7751,0.0000
24.4250,68.7751,0.0000
24.4750,68.7751,0.0000
24.5250,68.7751,0.0000
24.5750,68.7751,0.0000
24.6250,68.7751,0.0000
24.6750,68.7751,0.0000
24.7250,68.7751,0.0000
24.7750,68.7751,0.0000
24.8250,68.7751,0.0000
24.8750,68.7751,0.0000
24.9250,68.7751,0.0000
24.9750,68.7751,0.0000
25.0250,68.7751,0.0000
25.0750,68.7751,0.0000
25.1250,68.7751,0.0000
25.1750,68.7751,0.0000
25.2250,68.7751,0.0000
25.2750,68.7751,0.0000
25.3250,68.7751,0.0000
25.3750,68.7751,0.0000
25.4250,68.7751,0.0000
25.4750,68.7751,0.0000
25.5250,68.7751,0.0000
25.5750,68.7751,0.0000
25.6250,68.7751,0.0000
25.6750,68.7751,0.0000
25.7250,68.7751,0.0000
25.7750,68.7751,0.0000
25.8250,68.7751,0.0000
25.8750,68.7751,0.0000
25.9250,68.7751,0.0000
25.9750,68.7751,0.0000
26.0250,68.7751,0.0000
26.0750,68.7751,0.0000
26.1250,68.7751,0.0000
26.1750,68.7751,0.0000
26.2250,68.7751,0.0000
26.2750,68.7751,0.0000
26.3250,68.7751,0.0000
26.3750,68.7751,0.0000
26.4250,68.7751,0.0000
26.4750,68.7751,0.0000
26.5250,68.7751,0.0000
26.5750,68.7751,0.0000
26.6250,68.7751,0.0000
26.6750,68.7751,0.0000
26.7250,68.7751,0.0000
26.7750,68.7751,0.0000
26.8250,68.7751,0.0000
26.8750,68.7751,0.0000
26.9250,68.7751,0.0000
26.9750,68.7751,0.0000
27.0250,68.7751,0.0000
27.0750,68.7751,0.0000
27.1250,68.7751,0.0000
27.1750,68.7751,0.0000
27.2250,68.7751,0.0000
27.2750,68.7751,0.0000
27.3250,68.7751,0.0000
27.3750,68.7751,0.0000
27.4250,68.7751,0.0000
27.4750,68.7751,0.0000
27.5250,68.7751,0.0000
27.5750,68.7751,0.0000
27.6250,68.7751,0.0000
27.6750,68.7751,0.0000
27.7250,68.7751,0.0000
27.7750,68.7751,0.0000
27.8250,68.7751,0.0000
27.8750,68.7751,0.0000
27.9250,68.7751,0.0000
27.9750,68.7751,0.0000
28.0250,68.7751,0.0000
28.0750,68.7751,0.0000
28.1250,68.7751,0.0000
28.1750,68.7751,0.0000
28.2250,68.7751,0.0000
28.2750,68.7751,0.0000
28.3250,68.7751,0.0000
28.3750,68.7751,0.0000
28.4250,68.7751,0.0000
28.4750,68.7751,0.0000
28.5250,68.7751,0.0000
28.5750,68.7751,0.0000
28.6250,68.7751,0.0000
28.6750,68.7751,0.0000
28.7250,68.7751,0.0000
28.7750,68.7751,0.0000
28.8250,68.7751,0.0000
28.8750,68.7751,0.0000
28.9250,68.7751,0.0000
28.9750,68.7751,0.0000
29.0250,68.7751,0.0000
29.0750,68.7751,0.0000
29.1250,68.7751,0.0000
29.1750,68.7751,0.0000
29.2250,68.7751,0.0063
29.2750,68.7751,0.0063
29.3250,68.7751,0.0064
29.3750,68.7751,0.0065
29.4250,68.7751,0.0065
29.4750,68.7751,0.0067
29.5250,68.7751,0.0068
29.5750,68.7751,0.0068
29.6250,68.7751,0.0070
29.6750,68.7751,0.0072
29.7250,68.7751,0.0072
29.7750,68.7751,0.0073
29.8250,68.7751,0.0075
29.8750,68.7751,0.0075
29.9250,68.7751,0.0076
29.9750,68.7751,0.0077
30.0250,68.7751,0.0078
30.0750,68.7751,0.0078
30.1250,68.7751,0.0080
30.1750,68.7751,0.0080
30.2250,68.7751,0.0080
30.2750,68.7751,0.0082
30.3250,68.7751,0.0082
30.3750,68.7751,0.0082
30.4250,68.7751,0.0083
30.4750,68.7751,0.0084
30.5250,68.7751,0.0084
30.5750,68.7751,0.0084
30.6250,68.7751,0.0086
30.6750,68.7751,0.0086
30.7250,68.7751,0.0086
30.7750,68.7751,0.0089
30.8250,68.7751,0.0089
30.8750,68.7751,0.0089
30.9250,68.7751,0.0090
30.9750,68.7751,0.0092
31.0250,68.7751,0.0092
31.0750,68.7751,0.0091
31.1250,68.7751,0.0095
31.1750,68.7751,0.0094
31.2250,68.7751,0.0094
31.2750,68.7751,0.0097
31.3250,68.7751,0.0097
31.3750,68.7751,0.0097
31.4250,68.7751,0.0100
31.4750,68.7751,0.0100
31.5250,68.7751,0.0098
31.5750,68.7751,0.0102
20.5250,68.7251,0.0000
20.5750,68.7251,0.0000
20.6250,68.7251,0.0000
20.6750,68.7251,0.0000
20.7250,68.7251,0.0000
20.7750,68.7251,0.0000
20.8250,68.7251,0.0000
20.8750,68.7251,0.0000
20.9250,68.7251,0.0000
20.9750,68.7251,0.0000
21.0250,68.7251,0.0000
21.0750,68.7251,0.0000
21.1250,68.7251,0.0000
21.1750,68.7251,0.0000
21.2250,68.7251,0.0000
21.2750,68.7251,0.0000
21.3250,68.7251,0.0000
21.3750,68.7251,0.0000
21.4250,68.7251,0.0000
21.4750,68.7251,0.0000
21.5250,68.7251,0.0000
21.5750,68.7251,0.0000
21.6250,68.7251,0.0000
21.6750,68.7251,0.0000
21.7250,68.7251,0.0000
21.7750,68.7251,0.0000
21.8250,68.7251,0.0000
21.8750,68.7251,0.0000
21.9250,68.7251,0.0000
21.9750,68.7251,0.0000
22.0250,68.7251,0.0000
22.0750,68.7251,0.0000
22.1250,68.7251,0.0000
22.1750,68.7251,0.0000
22.2250,68.7251,0.0000
22.2750,68.7251,0.0000
22.3250,68.7251,0.0000
22.3750,68.7251,0.0000
22.4250,68.7251,0.0000
22.4750,68.7251,0.0000
22.5250,68.7251,0.0000
22.5750,68.7251,0.0000
22.6250,68.7251,0.0000
22.6750,68.7251,0.0000
22.7250,68.7251,0.0000
22.7750,68.7251,0.0000
22.8250,68.7251,0.0000
22.8750,68.7251,0.0000
22.9250,68.7251,0.0000
22.9750,68.7251,0.0000
23.0250,68.7251,0.0000
23.0750,68.7251,0.0000
23.1250,68.7251,0.0000
23.1750,68.7251,0.0000
23.2250,68.7251,0.0000
23.2750,68.7251,0.0000
23.3250,68.7251,0.0000
23.3750,68.7251,0.0000
23.4250,68.7251,0.0000
23.4750,68.7251,0.0000
23.5250,68.7251,0.0000
23.5750,68.7251,0.0000
23.6250,68.7251,0.0000
23.6750,68.7251,0.0000
23.7250,68.7251,0.0000
23.7750,68.7251,0.0000
23.8250,68.7251,0.0000
23.8750,68.7251,0.0000
23.9250,68.7251,0.0000
23.9750,68.7251,0.0000
24.0250,68.7251,0.0000
24.0750,68.7251,0.0000
24.1250,68.7251,0.0000
24.1750,68.7251,0.0000
24.2250,68.7251,0.0000
24.2750,68.7251,0.0000
24.3250,68.7251,0.0000
24.3750,68.7251,0.0000
24.4250,68.7251,0.0000
24.4750,68.7251,0.0000
24.5250,68.7251,0.0000
24.5750,68.7251,0.0000
24.6250,68.7251,0.0000
24.6750,68.7251,0.0000
24.7250,68.7251,0.0000
24.7750,68.7251,0.0000
24.8250,68.7251,0.0000
24.8750,68.7251,0.0000
24.9250,68.7251,0.0000
24.9750,68.7251,0.0000
25.0250,68.7251,0.0000
25.0750,68.7251,0.0000
25.1250,68.7251,0.0000
25.1750,68.7251,0.0000
25.2250,68.7251,0.0000
25.2750,68.7251,0.0000
25.3250,68.7251,0.0000
25.3750,68.7251,0.0000
25.4250,68.7251,0.0000
25.4750,68.7251,0.0000
25.5250,68.7251,0.0000
25.5750,68.7251,0.0000
25.6250,68.7251,0.0000
25.6750,68.7251,0.0000
25.7250,68.7251,0.0000
25.7750,68.7251,0.0000
25.8250,68.7251,0.0000
25.8750,68.7251,0.0000
25.9250,68.7251,0.0000
25.9750,68.7251,0.0000
26.0250,68.7251,0.0000
26.0750,68.7251,0.0000
26.1250,68.7251,0.0000
26.1750,68.7251,0.0000
26.2250,68.7251,0.0000
26.2750,68.7251,0.0000
26.3250,68.7251,0.0000
26.3750,68.7251,0.0000
26.4250,68.7251,0.0000
26.4750,68.7251,0.0000
26.5250,68.7251,0.0000
26.5750,68.7251,0.0000
26.6250,68.7251,0.0000
26.6750,68.7251,0.0000
26.7250,68.7251,0.0000
26.7750,68.7251,0.0000
26.8250,68.7251,0.0000
26.8750,68.7251,0.0000
26.9250,68.7251,0.0000
26.9750,68.7251,0.0000
27.0250,68.7251,0.0000
27.0750,68.7251,0.0000
27.1250,68.7251,0.0000
27.1750,68.7251,0.0000
27.2250,68.7251,0.0000
27.2750,68.7251,0.0000
27.3250,68.7251,0.0000
27.3750,68.7251,0.0000
27.4250,68.7251,0.0000
27.4750,68.7251,0.0000
27.5250,68.7251,0.0000
27.5750,68.7251,0.0000
27.6250,68.7251,0.0000
27.6750,68.7251,0.0000
27.7250,68.7251,0.0000
27.7750,68.7251,0.0000
27.8250,68.7251,0.0000
27.8750,68.7251,0.0000
27.9250,68.7251,0.0000
27.9750,68.7251,0.0000
28.0250,68.7251,0.0000
28.0750,68.7251,0.0000
28.1250,68.7251,0.0000
28.1750,68.7251,0.0000
28.2250,68.7251,0.0000
28.2750,68.7251,0.0000
28.3250,68.7251,0.0000
28.3750,68.7251,0.0000
28.4250,68.7251,0.0000
28.4750,68.7251,0.0000
28.5250,68.7251,0.0000
28.5750,68.7251,0.0000
28.6250,68.7251,0.0000
28.6750,68.7251,0.0000
28.7250,68.7251,0.0000
28.7750,68.7251,0.0000
28.8250,68.7251,0.0000
28.8750,68.7251,0.0000
28.9250,68.7251,0.0000
28.9750,68.7251,0.0000
29.0250,68.7251,0.0000
29.0750,68.7251,0.0000
29.1250,68.7251,0.0000
29.1750,68.7251,0.0000
29.2250,68.7251,0.0063
29.2750,68.7251,0.0063
29.3250,68.7251,0.0064
29.3750,68.7251,0.0065
29.4250,68.7251,0.0066
29.4750,68.7251,0.0067
29.5250,68.7251,0.0069
29.5750,68.7251,0.0070
29.6250,68.7251,0.0070
29.6750,68.7251,0.0072
29.7250,68.7251,0.0073
29.7750,68.7251,0.0073
29.8250,68.7251,0.0075
29.8750,68.7251,0.0076
29.9250,68.7251,0.0076
29.9750,68.7251,0.0077
30.0250,68.7251,0.0079
30.0750,68.7251,0.0079
30.1250,68.7251,0.0080
30.1750,68.7251,0.0081
30.2250,68.7251,0.0082
30.2750,68.7251,0.0082
30.3250,68.7251,0.0083
30.3750,68.7251,0.0084
30.4250,68.7251,0.0084
30.4750,68.7251,0.0085
30.5250,68.7251,0.0086
30.5750,68.7251,0.0086
30.6250,68.7251,0.0086
30.6750,68.7251,0.0089
30.7250,68.7251,0.0089
30.7750,68.7251,0.0089
30.8250,68.7251,0.0093
30.8750,68.7251,0.0093
30.9250,68.7251,0.0093
30.9750,68.7251,0.0096
31.0250,68.7251,0.0096
31.0750,68.7251,0.0095
31.1250,68.7251,0.0099
31.1750,68.7251,0.0098
31.2250,68.7251,0.0098
31.2750,68.7251,0.0102
31.3250,68.7251,0.0101
31.3750,68.7251,0.0101
31.4250,68.7251,0.0100
31.4750,68.7251,0.0104
31.5250,68.7251,0.0104
31.5750,68.7251,0.0103
20.5250,68.6751,0.0000
20.5750,68.6751,0.0000
20.6250,68.6751,0.0000
20.6750,68.6751,0.0000
20.7250,68.6751,0.0000
20.7750,68.6751,0.0000
20.8250,68.6751,0.0000
20.8750,68.6751,0.0000
20.9250,68.6751,0.0000
20.9750,68.6751,0.0000
21.0250,68.6751,0.0000
21.0750,68.6751,0.0000
21.1250,68.6751,0.0000
21.1750,68.6751,0.0000
21.2250,68.6751,0.0000
21.2750,68.6751,0.0000
21.3250,68.6751,0.0000
21.3750,68.6751,0.0000
21.4250,68.6751,0.0000
21.4750,68.6751,0.0000
21.5250,68.6751,0.0000
21.5750,68.6751,0.0000
21.6250,68.6751,0.0000
21.6750,68.6751,0.0000
21.7250,68.6751,0.0000
21.7750,68.6751,0.0000
21.8250,68.6751,0.0000
21.8750,68.6751,0.0000
21.9250,68.6751,0.0000
21.9750,68.6751,0.0000
22.0250,68.6751,0.0000
22.0750,68.6751,0.0000
22.1250,68.6751,0.0000
22.1750,68.6751,0.0000
22.2250,68.6751,0.0000
22.2750,68.6751,0.0000
22.3250,68.6751,0.0000
22.3750,68.6751,0.0000
22.4250,68.6751,0.0000
22.4750,68.6751,0.0000
22.5250,68.6751,0.0000
22.5750,68.6751,0.0000
22.6250,68.6751,0.0000
22.6750,68.6751,0.0000
22.7250,68.6751,0.0000
22.7750,68.6751,0.0000
22.8250,68.6751,0.0000
22.8750,68.6751,0.0000
22.9250,68.6751,0.0000
22.9750,68.6751,0.0000
23.0250,68.6751,0.0000
23.0750,68.6751,0.0000
23.1250,68.6751,0.0000
23.1750,68.6751,0.0000
23.2250,68.6751,0.0000
23.2750,68.6751,0.0000
23.3250,68.6751,0.0000
23.3750,68.6751,0.0000
23.4250,68.6751,0.0000
23.4750,68.6751,0.0000
23.5250,68.6751,0.0000
23.5750,68.6751,0.0000
23.6250,68.6751,0.0000
23.6750,68.6751,0.0000
23.7250,68.6751,0.0000
23.7750,68.6751,0.0000
23.8250,68.6751,0.0000
23.8750,68.6751,0.0000
23.9250,68.6751,0.0000
23.9750,68.6751,0.0000
24.0250,68.6751,0.0000
24.0750,68.6751,0.0000
24.1250,68.6751,0.0000
24.1750,68.6751,0.0000
24.2250,68.6751,0.0000
24.2750,68.6751,0.0000
24.3250,68.6751,0.0000
24.3750,68.6751,0.0000
24.4250,68.6751,0.0000
24.4750,68.6751,0.0000
24.5250,68.6751,0.0000
24.5750,68.6751,0.0000
24.6250,68.6751,0.0000
24.6750,68.6751,0.0000
24.7250,68.6751,0.0000
24.7750,68.6751,0.0000
24.8250,68.6751,0.0000
24.8750,68.6751,0.0000
24.9250,68.6751,0.0000
24.9750,68.6751,0.0000
25.0250,68.6751,0.0000
25.0750,68.6751,0.0000
25.1250,68.6751,0.0000
25.1750,68.6751,0.0000
25.2250,68.6751,0.0000
25.2750,68.6751,0.0000
25.3250,68.6751,0.0000
25.3750,68.6751,0.0000
25.4250,68.6751,0.0000
25.4750,68.6751,0.0000
25.5250,68.6751,0.0000
25.5750,68.6751,0.0000
25.6250,68.6751,0.0000
25.6750,68.6751,0.0000
25.7250,68.6751,0.0000
25.7750,68.6751,0.0000
25.8250,68.6751,0.0000
25.8750,68.6751,0.0000
25.9250,68.6751,0.0000
25.9750,68.6751,0.0000
26.0250,68.6751,0.0000
26.0750,68.6751,0.0000
26.1250,68.6751,0.0000
26.1750,68.6751,0.0000
26.2250,68.6751,0.0000
26.2750,68.6751,0.0000
26.3250,68.6751,0.0000
26.3750,68.6751,0.0000
26.4250,68.6751,0.0000
26.4750,68.6751,0.0000
26.5250,68.6751,0.0000
26.5750,68.6751,0.0000
26.6250,68.6751,0.0000
26.6750,68.6751,0.0000
26.7250,68.6751,0.0000
26.7750,68.6751,0.0000
26.8250,68.6751,0.0000
26.8750,68.6751,0.0000
26.9250,68.6751,0.0000
26.9750,68.6751,0.0000
27.0250,68.6751,0.0000
27.0750,68.6751,0.0000
27.1250,68.6751,0.0000
27.1750,68.6751,0.0000
27.2250,68.6751,0.0000
27.2750,68.6751,0.0000
27.3250,68.6751,0.0000
27.3750,68.6751,0.0000
27.4250,68.6751,0.0000
27.4750,68.6751,0.0000
27.5250,68.6751,0.0000
27.5750,68.6751,0.0000
27.6250,68.6751,0.0000
27.6750,68.6751,0.0000
27.7250,68.6751,0.0000
27.7750,68.6751,0.0000
27.8250,68.6751,0.0000
27.8750,68.6751,0.0000
27.9250,68.6751,0.0000
27.9750,68.6751,0.0000
28.0250,68.6751,0.0000
28.0750,68.6751,0.0000
28.1250,68.6751,0.0000
28.1750,68.6751,0.0000
28.2250,68.6751,0.0000
28.2750,68.6751,0.0000
28.3250,68.6751,0.0000
28.3750,68.6751,0.0000
28.4250,68.6751,0.0000
28.4750,68.6751,0.0000
28.5250,68.6751,0.0000
28.5750,68.6751,0.0000
28.6250,68.6751,0.0000
28.6750,68.6751,0.0000
28.7250,68.6751,0.0000
28.7750,68.6751,0.0000
28.8250,68.6751,0.0000
28.8750,68.6751,0.0000
28.9250,68.6751,0.0000
28.9750,68.6751,0.0000
29.0250,68.6751,0.0000
29.0750,68.6751,0.0000
29.1250,68.6751,0.0062
29.1750,68.6751,0.0062
29.2250,68.6751,0.0063
29.2750,68.6751,0.0064
29.3250,68.6751,0.0064
29.3750,68.6751,0.0065
29.4250,68.6751,0.0067
29.4750,68.6751,0.0067
29.5250,68.6751,0.0069
29.5750,68.6751,0.0071
29.6250,68.6751,0.0072
29.6750,68.6751,0.0072
29.7250,68.6751,0.0074
29.7750,68.6751,0.0075
29.8250,68.6751,0.0075
29.8750,68.6751,0.0077
29.9250,68.6751,0.0078
29.9750,68.6751,0.0078
30.0250,68.6751,0.0079
30.0750,68.6751,0.0080
30.1250,68.6751,0.0081
30.1750,68.6751,0.0081
30.2250,68.6751,0.0083
30.2750,68.6751,0.0083
30.3250,68.6751,0.0083
30.3750,68.6751,0.0085
30.4250,68.6751,0.0085
30.4750,68.6751,0.0086
30.5250,68.6751,0.0089
30.5750,68.6751,0.0089
30.6250,68.6751,0.0089
30.6750,68.6751,0.0093
30.7250,68.6751,0.0093
30.7750,68.6751,0.0093
30.8250,68.6751,0.0096
30.8750,68.6751,0.0096
30.9250,68.6751,0.0096
30.9750,68.6751,0.0096
31.0250,68.6751,0.0100
31.0750,68.6751,0.0099
31.1250,68.6751,0.0099
31.1750,68.6751,0.0103
31.2250,68.6751,0.0102
31.2750,68.6751,0.0102
31.3250,68.6751,0.0106
31.3750,68.6751,0.0106
31.4250,68.6751,0.0106
31.4750,68.6751,0.0109
31.5250,68.6751,0.0109
31.5750,68.6751,0.0107
20.5250,68.6251,0.0000
20.5750,68.6251,0.0000
20.6250,68.6251,0.0000
20.6750,68.6251,0.0000
20.7250,68.6251,0.0000
20.7750,68.6251,0.0000
20.8250,68.6251,0.0000
20.8750,68.6251,0.0000
20.9250,68.6251,0.0000
20.9750,68.6251,0.0000
21.0250,68.6251,0.0000
21.0750,68.6251,0.0000
21.1250,68.6251,0.0000
21.1750,68.6251,0.0000
21.2250,68.6251,0.0000
21.2750,68.6251,0.0000
21.3250,68.6251,0.0000
21.3750,68.6251,0.0000
21.4250,68.6251,0.0000
21.4750,68.6251,0.0000
21.5250,68.6251,0.0000
21.5750,68.6251,0.0000
21.6250,68.6251,0.0000
21.6750,68.6251,0.0000
21.7250,68.6251,0.0000
21.7750,68.6251,0.0000
21.8250,68.6251,0.0000
21.8750,68.6251,0.0000
21.9250,68.6251,0.0000
21.9750,68.6251,0.0000
22.0250,68.6251,0.0000
22.0750,68.6251,0.0000
22.1250,68.6251,0.0000
22.1750,68.6251,0.0000
22.2250,68.6251,0.0000
22.2750,68.6251,0.0000
22.3250,68.6251,0.0000
22.3750,68.6251,0.0000
22.4250,68.6251,0.0000
22.4750,68.6251,0.0000
22.5250,68.6251,0.0000
22.5750,68.6251,0.0000
22.6250,68.6251,0.0000
22.6750,68.6251,0.0000
22.7250,68.6251,0.0000
22.7750,68.6251,0.0000
22.8250,68.6251,0.0000
22.8750,68.6251,0.0000
22.9250,68.6251,0.0000
22.9750,68.6251,0.0000
23.0250,68.6251,0.0000
23.0750,68.6251,0.0000
23.1250,68.6251,0.0000
23.1750,68.6251,0.0000
23.2250,68.6251,0.0000
23.2750,68.6251,0.0000
23.3250,68.6251,0.0000
23.3750,68.6251,0.0000
23.4250,68.6251,0.0000
23.4750,68.6251,0.0000
23.5250,68.6251,0.0000
23.5750,68.6251,0.0000
23.6250,68.6251,0.0000
23.6750,68.6251,0.0000
23.7250,68.6251,0.0000
23.7750,68.6251,0.0000
23.8250,68.6251,0.0000
23.8750,68.6251,0.0000
23.9250,68.6251,0.0000
23.9750,68.6251,0.0000
24.0250,68.6251,0.0000
24.0750,68.6251,0.0000
24.1250,68.6251,0.0000
24.1750,68.6251,0.0000
24.2250,68.6251,0.0000
24.2750,68.6251,0.0000
24.3250,68.6251,0.0000
24.3750,68.6251,0.0000
24.4250,68.6251,0.0000
24.4750,68.6251,0.0000
24.5250,68.6251,0.0000
24.5750,68.6251,0.0000
24.6250,68.6251,0.0000
24.6750,68.6251,0.0000
24.7250,68.6251,0.0000
24.7750,68.6251,0.0000
24.8250,68.6251,0.0000
24.8750,68.6251,0.0000
24.9250,68.6251,0.0000
24.9750,68.6251,0.0000
25.0250,68.6251,0.0000
25.0750,68.6251,0.0000
25.1250,68.6251,0.0000
25.1750,68.6251,0.0000
25.2250,68.6251,0.0000
25.2750,68.6251,0.0000
25.3250,68.6251,0.0000
25.3750,68.6251,0.0000
25.4250,68.6251,0.0000
25.4750,68.6251,0.0000
25.5250,68.6251,0.0000
25.5750,68.6251,0.0000
25.6250,68.6251,0.0000
25.6750,68.6251,0.0000
25.7250,68.6251,0.0000
25.7750,68.6251,0.0000
25.8250,68.6251,0.0000
25.8750,68.6251,0.0000
25.9250,68.6251,0.0000
25.9750,68.6251,0.0000
26.0250,68.6251,0.0000
26.0750,68.6251,0.0000
26.1250,68.6251,0.0000
26.1750,68.6251,0.0000
26.2250,68.6251,0.0000
26.2750,68.6251,0.0000
26.3250,68.6251,0.0000
26.3750,68.6251,0.0000
26.4250,68.6251,0.0000
26.4750,68.6251,0.0000
26.5250,68.6251,0.0000
26.5750,68.6251,0.0000
26.6250,68.6251,0.0000
26.6750,68.6251,0.0000
26.7250,68.6251,0.0000
26.7750,68.6251,0.0000
26.8250,68.6251,0.0000
26.8750,68.6251,0.0000
26.9250,68.6251,0.0000
26.9750,68.6251,0.0000
27.0250,68.6251,0.0000
27.0750,68.6251,0.0000
27.1250,68.6251,0.0000
27.1750,68.6251,0.0000
27.2250,68.6251,0.0000
27.2750,68.6251,0.0000
27.3250,68.6251,0.0000
27.3750,68.6251,0.0000
27.4250,68.6251,0.0000
27.4750,68.6251,0.0000
27.5250,68.6251,0.0000
27.5750,68.6251,0.0000
27.6250,68.6251,0.0000
27.6750,68.6251,0.0000
27.7250,68.6251,0.0000
27.7750,68.6251,0.0000
27.8250,68.6251,0.0000
27.8750,68.6251,0.0000
27.9250,68.6251,0.0000
27.9750,68.6251,0.0000
28.0250,68.6251,0.0000
28.0750,68.6251,0.0000
28.1250,68.6251,0.0000
28.1750,68.6251,0.0000
28.2250,68.6251,0.0000
28.2750,68.6251,0.0000
28.3250,68.6251,0.0000
28.3750,68.6251,0.0000
28.4250,68.6251,0.0000
28.4750,68.6251,0.0000
28.5250,68.6251,0.0000
28.5750,68.6251,0.0000
28.6250,68.6251,0.0000
28.6750,68.6251,0.0000
28.7250,68.6251,0.0000
28.7750,68.6251,0.0000
28.8250,68.6251,0.0000
28.8750,68.6251,0.0000
28.9250,68.6251,0.0000
28.9750,68.6251,0.0000
29.0250,68.6251,0.0000
29.0750,68.6251,0.0000
29.1250,68.6251,0.0062
29.1750,68.6251,0.0063
29.2250,68.6251,0.0063
29.2750,68.6251,0.0064
29.3250,68.6251,0.0065
29.3750,68.6251,0.0065
29.4250,68.6251,0.0067
29.4750,68.6251,0.0069
29.5250,68.6251,0.0070
29.5750,68.6251,0.0071
29.6250,68.6251,0.0072
29.6750,68.6251,0.0074
29.7250,68.6251,0.0074
29.7750,68.6251,0.0077
29.8250,68.6251,0.0077
29.8750,68.6251,0.0077
29.9250,68.6251,0.0079
29.9750,68.6251,0.0079
30.0250,68.6251,0.0080
30.0750,68.6251,0.0082
30.1250,68.6251,0.0082
30.1750,68.6251,0.0082
30.2250,68.6251,0.0084
30.2750,68.6251,0.0085
30.3250,68.6251,0.0085
30.3750,68.6251,0.0087
30.4250,68.6251,0.0088
30.4750,68.6251,0.0088
30.5250,68.6251,0.0089
30.5750,68.6251,0.0093
30.6250,68.6251,0.0093
30.6750,68.6251,0.0093
30.7250,68.6251,0.0097
30.7750,68.6251,0.0097
30.8250,68.6251,0.0097
30.8750,68.6251,0.0100
30.9250,68.6251,0.0100
30.9750,68.6251,0.0100
31.0250,68.6251,0.0104
31.0750,68.6251,0.0104
31.1250,68.6251,0.0103
31.1750,68.6251,0.0108
31.2250,68.6251,0.0107
31.2750,68.6251,0.0107
31.3250,68.6251,0.0110
31.3750,68.6251,0.0110
31.4250,68.6251,0.0110
31.4750,68.6251,0.0109
31.5250,68.6251,0.0116
31.5750,68.6251,0.0114
20.5250,68.5751,0.0000
20.5750,68.5751,0.0000
20.6250,68.5751,0.0000
20.6750,68.5751,0.0000
20.7250,68.5751,0.0000
20.7750,68.5751,0.0000
20.8250,68.5751,0.0000
20.8750,68.5751,0.0000
20.9250,68.5751,0.0000
20.9750,68.5751,0.0000
21.0250,68.5751,0.0000
21.0750,68.5751,0.0000
21.1250,68.5751,0.0000
21.1750,68.5751,0.0000
21.2250,68.5751,0.0000
21.2750,68.5751,0.0000
21.3250,68.5751,0.0000
21.3750,68.5751,0.0000
21.4250,68.5751,0.0000
21.4750,68.5751,0.0000
21.5250,68.5751,0.0000
21.5750,68.5751,0.0000
21.6250,68.5751,0.0000
21.6750,68.5751,0.0000
21.7250,68.5751,0.0000
21.7750,68.5751,0.0000
21.8250,68.5751,0.0000
21.8750,68.5751,0.0000
21.9250,68.5751,0.0000
21.9750,68.5751,0.0000
22.0250,68.5751,0.0000
22.0750,68.5751,0.0000
22.1250,68.5751,0.0000
22.1750,68.5751,0.0000
22.2250,68.5751,0.0000
22.2750,68.5751,0.0000
22.3250,68.5751,0.0000
22.3750,68.5751,0.0000
22.4250,68.5751,0.0000
22.4750,68.5751,0.0000
22.5250,68.5751,0.0000
22.5750,68.5751,0.0000
22.6250,68.5751,0.0000
22.6750,68.5751,0.0000
22.7250,68.5751,0.0000
22.7750,68.5751,0.0000
22.8250,68.5751,0.0000
22.8750,68.5751,0.0000
22.9250,68.5751,0.0000
22.9750,68.5751,0.0000
23.0250,68.5751,0.0000
23.0750,68.5751,0.0000
23.1250,68.5751,0.0000
23.1750,68.5751,0.0000
23.2250,68.5751,0.0000
23.2750,68.5751,0.0000
23.3250,68.5751,0.0000
23.3750,68.5751,0.0000
23.4250,68.5751,0.0000
23.4750,68.5751,0.0000
23.5250,68.5751,0.0000
23.5750,68.5751,0.0000
23.6250,68.5751,0.0000
23.6750,68.5751,0.0000
23.7250,68.5751,0.0000
23.7750,68.5751,0.0000
23.8250,68.5751,0.0000
23.8750,68.5751,0.0000
23.9250,68.5751,0.0000
23.9750,68.5751,0.0000
24.0250,68.5751,0.0000
24.0750,68.5751,0.0000
24.1250,68.5751,0.0000
24.1750,68.5751,0.0000
24.2250,68.5751,0.0000
24.2750,68.5751,0.0000
24.3250,68.5751,0.0000
24.3750,68.5751,0.0000
24.4250,68.5751,0.0000
24.4750,68.5751,0.0000
24.5250,68.5751,0.0000
24.5750,68.5751,0.0000
24.6250,68.5751,0.0000
24.6750,68.5751,0.0000
24.7250,68.5751,0.0000
24.7750,68.5751,0.0000
24.8250,68.5751,0.0000
24.8750,68.5751,0.0000
24.9250,68.5751,0.0000
24.9750,68.5751,0.0000
25.0250,68.5751,0.0000
25.0750,68.5751,0.0000
25.1250,68.5751,0.0000
25.1750,68.5751,0.0000
25.2250,68.5751,0.0000
25.2750,68.5751,0.0000
25.3250,68.5751,0.0000
25.3750,68.5751,0.0000
25.4250,68.5751,0.0000
25.4750,68.5751,0.0000
25.5250,68.5751,0.0000
25.5750,68.5751,0.0000
25.6250,68.5751,0.0000
25.6750,68.5751,0.0000
25.7250,68.5751,0.0000
25.7750,68.5751,0.0000
25.8250,68.5751,0.0000
25.8750,68.5751,0.0000
25.9250,68.5751,0.0000
25.9750,68.5751,0.0000
26.0250,68.5751,0.0000
26.0750,68.5751,0.0000
26.1250,68.5751,0.0000
26.1750,68.5751,0.0000
26.2250,68.5751,0.0000
26.2750,68.5751,0.0000
26.3250,68.5751,0.0000
26.3750,68.5751,0.0000
26.4250,68.5751,0.0000
26.4750,68.5751,0.0000
26.5250,68.5751,0.0000
26.5750,68.5751,0.0000
26.6250,68.5751,0.0000
26.6750,68.5751,0.0000
26.7250,68.5751,0.0000
26.7750,68.5751,0.0000
26.8250,68.5751,0.0000
26.8750,68.5751,0.0000
26.9250,68.5751,0.0000
26.9750,68.5751,0.0000
27.0250,68.5751,0.0000
27.0750,68.5751,0.0000
27.1250,68.5751,0.0000
27.1750,68.5751,0.0000
27.2250,68.5751,0.0000
27.2750,68.5751,0.0000
27.3250,68.5751,0.0000
27.3750,68.5751,0.0000
27.4250,68.5751,0.0000
27.4750,68.5751,0.0000
27.5250,68.5751,0.0000
27.5750,68.5751,0.0000
27.6250,68.5751,0.0000
27.6750,68.5751,0.0000
27.7250,68.5751,0.0000
27.7750,68.5751,0.0000
27.8250,68.5751,0.0000
27.8750,68.5751,0.0000
27.9250,68.5751,0.0000
27.9750,68.5751,0.0000
28.0250,68.5751,0.0000
28.0750,68.5751,0.0000
28.1250,68.5751,0.0000
28.1750,68.5751,0.0000
28.2250,68.5751,0.0000
28.2750,68.5751,0.0000
28.3250,68.5751,0.0000
28.3750,68.5751,0.0000
28.4250,68.5751,0.0000
28.4750,68.5751,0.0000
28.5250,68.5751,0.0000
28.5750,68.5751,0.0000
28.6250,68.5751,0.0000
28.6750,68.5751,0.0000
28.7250,68.5751,0.0000
28.7750,68.5751,0.0000
28.8250,68.5751,0.0000
28.8750,68.5751,0.0000
28.9250,68.5751,0.0000
28.9750,68.5751,0.0000
29.0250,68.5751,0.0061
29.0750,68.5751,0.0062
29.1250,68.5751,0.0062
29.1750,68.5751,0.0063
29.2250,68.5751,0.0064
29.2750,68.5751,0.0064
29.3250,68.5751,0.0067
29.3750,68.5751,0.0067
29.4250,68.5751,0.0067
29.4750,68.5751,0.0071
29.5250,68.5751,0.0071
29.5750,68.5751,0.0072
29.6250,68.5751,0.0074
29.6750,68.5751,0.0075
29.7250,68.5751,0.0075
29.7750,68.5751,0.0077
29.8250,68.5751,0.0078
29.8750,68.5751,0.0078
29.9250,68.5751,0.0079
29.9750,68.5751,0.0081
30.0250,68.5751,0.0081
30.0750,68.5751,0.0082
30.1250,68.5751,0.0083
30.1750,68.5751,0.0084
30.2250,68.5751,0.0084
30.2750,68.5751,0.0088
30.3250,68.5751,0.0088
30.3750,68.5751,0.0088
30.4250,68.5751,0.0092
30.4750,68.5751,0.0092
30.5250,68.5751,0.0093
30.5750,68.5751,0.0097
30.6250,68.5751,0.0097
30.6750,68.5751,0.0097
30.7250,68.5751,0.0101
30.7750,68.5751,0.0101
30.8250,68.5751,0.0101
30.8750,68.5751,0.0102
30.9250,68.5751,0.0105
30.9750,68.5751,0.0105
31.0250,68.5751,0.0104
31.0750,68.5751,0.0108
31.1250,68.5751,0.0108
31.1750,68.5751,0.0108
31.2250,68.5751,0.0113
31.2750,68.5751,0.0111
31.3250,68.5751,0.0111
31.3750,68.5751,0.0118
31.4250,68.5751,0.0119
31.4750,68.5751,0.0117
31.5250,68.5751,0.0125
31.5750,68.5751,0.0125
20.5250,68.5251,0.0000
20.5750,68.5251,0.0000
20.6250,68.5251,0.0000
20.6750,68.5251,0.0000
20.7250,68.5251,0.0000
20.7750,68.5251,0.0000
20.8250,68.5251,0.0000
20.8750,68.5251,0.0000
20.9250,68.5251,0.0000
20.9750,68.5251,0.0000
21.0250,68.5251,0.0000
21.0750,68.5251,0.0000
21.1250,68.5251,0.0000
21.1750,68.5251,0.0000
21.2250,68.5251,0.0000
21.2750,68.5251,0.0000
21.3250,68.5251,0.0000
21.3750,68.5251,0.0000
21.4250,68.5251,0.0000
21.4750,68.5251,0.0000
21.5250,68.5251,0.0000
21.5750,68.5251,0.0000
21.6250,68.5251,0.0000
21.6750,68.5251,0.0000
21.7250,68.5251,0.0000
21.7750,68.5251,0.0000
21.8250,68.5251,0.0000
21.8750,68.5251,0.0000
21.9250,68.5251,0.0000
21.9750,68.5251,0.0000
22.0250,68.5251,0.0000
22.0750,68.5251,0.0000
22.1250,68.5251,0.0000
22.1750,68.5251,0.0000
22.2250,68.5251,0.0000
22.2750,68.5251,0.0000
22.3250,68.5251,0.0000
22.3750,68.5251,0.0000
22.4250,68.5251,0.0000
22.4750,68.5251,0.0000
22.5250,68.5251,0.0000
22.5750,68.5251,0.0000
22.6250,68.5251,0.0000
22.6750,68.5251,0.0000
22.7250,68.5251,0.0000
22.7750,68.5251,0.0000
22.8250,68.5251,0.0000
22.8750,68.5251,0.0000
22.9250,68.5251,0.0000
22.9750,68.5251,0.0000
23.0250,68.5251,0.0000
23.0750,68.5251,0.0000
23.1250,68.5251,0.0000
23.1750,68.5251,0.0000
23.2250,68.5251,0.0000
23.2750,68.5251,0.0000
23.3250,68.5251,0.0000
23.3750,68.5251,0.0000
23.4250,68.5251,0.0000
23.4750,68.5251,0.0000
23.5250,68.5251,0.0000
23.5750,68.5251,0.0000
23.6250,68.5251,0.0000
23.6750,68.5251,0.0000
23.7250,68.5251,0.0000
23.7750,68.5251,0.0000
23.8250,68.5251,0.0000
23.8750,68.5251,0.0000
23.9250,68.5251,0.0000
23.9750,68.5251,0.0000
24.0250,68.5251,0.0000
24.0750,68.5251,0.0000
24.1250,68.5251,0.0000
24.1750,68.5251,0.0000
24.2250,68.5251,0.0000
24.2750,68.5251,0.0000
24.3250,68.5251,0.0000
24.3750,68.5251,0.0000
24.4250,68.5251,0.0000
24.4750,68.5251,0.0000
24.5250,68.5251,0.0000
24.5750,68.5251,0.0000
24.6250,68.5251,0.0000
24.6750,68.5251,0.0000
24.7250,68.5251,0.0000
24.7750,68.5251,0.0000
24.8250,68.5251,0.0000
24.8750,68.5251,0.0000
24.9250,68.5251,0.0000
24.9750,68.5251,0.0000
25.0250,68.5251,0.0000
25.0750,68.5251,0.0000
25.1250,68.5251,0.0000
25.1750,68.5251,0.0000
25.2250,68.5251,0.0000
25.2750,68.5251,0.0000
25.3250,68.5251,0.0000
25.3750,68.5251,0.0000
25.4250,68.5251,0.0000
25.4750,68.5251,0.0000
25.5250,68.5251,0.0000
25.5750,68.5251,0.0000
25.6250,68.5251,0.0000
25.6750,68.5251,0.0000
25.7250,68.5251,0.0000
25.7750,68.5251,0.0000
25.8250,68.5251,0.0000
25.8750,68.5251,0.0000
25.9250,68.5251,0.0000
25.9750,68.5251,0.0000
26.0250,68.5251,0.0000
26.0750,68.5251,0.0000
26.1250,68.5251,0.0000
26.1750,68.5251,0.0000
26.2250,68.5251,0.0000
26.2750,68.5251,0.0000
26.3250,68.5251,0.0000
26.3750,68.5251,0.0000
26.4250,68.5251,0.0000
26.4750,68.5251,0.0000
26.5250,68.5251,0.0000
26.5750,68.5251,0.0000
26.6250,68.5251,0.0000
26.6750,68.5251,0.0000
26.7250,68.5251,0.0000
26.7750,68.5251,0.0000
26.8250,68.5251,0.0000
26.8750,68.5251,0.0000
26.9250,68.5251,0.0000
26.9750,68.5251,0.0000
27.0250,68.5251,0.0000
27.0750,68.5251,0.0000
27.1250,68.5251,0.0000
27.1750,68.5251,0.0000
27.2250,68.5251,0.0000
27.2750,68.5251,0.0000
27.3250,68.5251,0.0000
27.3750,68.5251,0.0000
27.4250,68.5251,0.0000
27.4750,68.5251,0.0000
27.5250,68.5251,0.0000
27.5750,68.5251,0.0000
27.6250,68.5251,0.0000
27.6750,68.5251,0.0000
27.7250,68.5251,0.0000
27.7750,68.5251,0.0000
27.8250,68.5251,0.0000
27.8750,68.5251,0.0000
27.9250,68.5251,0.0000
27.9750,68.5251,0.0000
28.0250,68.5251,0.0000
28.0750,68.5251,0.0000
28.1250,68.5251,0.0000
28.1750,68.5251,0.0000
28.2250,68.5251,0.0000
28.2750,68.5251,0.0000
28.3250,68.5251,0.0000
28.3750,68.5251,0.0000
28.4250,68.5251,0.0000
28.4750,68.5251,0.0000
28.5250,68.5251,0.0000
28.5750,68.5251,0.0000
28.6250,68.5251,0.0000
28.6750,68.5251,0.0000
28.7250,68.5251,0.0000
28.7750,68.5251,0.0000
28.8250,68.5251,0.0000
28.8750,68.5251,0.0005
28.9250,68.5251,0.0051
28.9750,68.5251,0.0053
29.0250,68.5251,0.0061
29.0750,68.5251,0.0062
29.1250,68.5251,0.0063
29.1750,68.5251,0.0064
29.2250,68.5251,0.0065
29.2750,68.5251,0.0065
29.3250,68.5251,0.0066
29.3750,68.5251,0.0069
29.4250,68.5251,0.0069
29.4750,68.5251,0.0071
29.5250,68.5251,0.0073
29.5750,68.5251,0.0074
29.6250,68.5251,0.0074
29.6750,68.5251,0.0076
29.7250,68.5251,0.0077
29.7750,68.5251,0.0077
29.8250,68.5251,0.0080
29.8750,68.5251,0.0080
29.9250,68.5251,0.0080
29.9750,68.5251,0.0083
30.0250,68.5251,0.0083
30.0750,68.5251,0.0083
30.1250,68.5251,0.0086
30.1750,68.5251,0.0086
30.2250,68.5251,0.0087
30.2750,68.5251,0.0091
30.3250,68.5251,0.0092
30.3750,68.5251,0.0092
30.4250,68.5251,0.0094
30.4750,68.5251,0.0096
30.5250,68.5251,0.0096
30.5750,68.5251,0.0097
30.6250,68.5251,0.0101
30.6750,68.5251,0.0101
30.7250,68.5251,0.0101
30.7750,68.5251,0.0105
30.8250,68.5251,0.0105
30.8750,68.5251,0.0105
30.9250,68.5251,0.0109
30.9750,68.5251,0.0109
31.0250,68.5251,0.0108
31.0750,68.5251,0.0115
31.1250,68.5251,0.0115
31.1750,68.5251,0.0113
31.2250,68.5251,0.0122
31.2750,68.5251,0.0121
31.3250,68.5251,0.0121
31.3750,68.5251,0.0123
31.4250,68.5251,0.0128
31.4750,68.5251,0.0128
31.5250,68.5251,0.0126
31.5750,68.5251,0.0135
20.5250,68.4751,0.0000
20.5750,68.4751,0.0000
20.6250,68.4751,0.0000
20.6750,68.4751,0.0000
20.7250,68.4751,0.0000
20.7750,68.4751,0.0000
20.8250,68.4751,0.0000
20.8750,68.4751,0.0000
20.9250,68.4751,0.0000
20.9750,68.4751,0.0000
21.0250,68.4751,0.0000
21.0750,68.4751,0.0000
21.1250,68.4751,0.0000
21.1750,68.4751,0.0000
21.2250,68.4751,0.0000
21.2750,68.4751,0.0000
21.3250,68.4751,0.0000
21.3750,68.4751,0.0000
21.4250,68.4751,0.0000
21.4750,68.4751,0.0000
21.5250,68.4751,0.0000
21.5750,68.4751,0.0000
21.6250,68.4751,0.0000
21.6750,68.4751,0.0000
21.7250,68.4751,0.0000
21.7750,68.4751,0.0000
21.8250,68.4751,0.0000
21.8750,68.4751,0.0000
21.9250,68.4751,0.0000
21.9750,68.4751,0.0000
22.0250,68.4751,0.0000
22.0750,68.4751,0.0000
22.1250,68.4751,0.0000
22.1750,68.4751,0.0000
22.2250,68.4751,0.0000
22.2750,68.4751,0.0000
22.3250,68.4751,0.0000
22.3750,68.4751,0.0000
22.4250,68.4751,0.0000
22.4750,68.4751,0.0000
22.5250,68.4751,0.0000
22.5750,68.4751,0.0000
22.6250,68.4751,0.0000
22.6750,68.4751,0.0000
22.7250,68.4751,0.0000
22.7750,68.4751,0.0000
22.8250,68.4751,0.0000
22.8750,68.4751,0.0000
22.9250,68.4751,0.0000
22.9750,68.4751,0.0000
23.0250,68.4751,0.0000
23.0750,68.4751,0.0000
23.1250,68.4751,0.0000
23.1750,68.4751,0.0000
23.2250,68.4751,0.0000
23.2750,68.4751,0.0000
23.3250,68.4751,0.0000
23.3750,68.4751,0.0000
23.4250,68.4751,0.0000
23.4750,68.4751,0.0000
23.5250,68.4751,0.0000
23.5750,68.4751,0.0000
23.6250,68.4751,0.0000
23.6750,68.4751,0.0000
23.7250,68.4751,0.0000
23.7750,68.4751,0.0000
23.8250,68.4751,0.0000
23.8750,68.4751,0.0000
23.9250,68.4751,0.0000
23.9750,68.4751,0.0000
24.0250,68.4751,0.0000
24.0750,68.4751,0.0000
24.1250,68.4751,0.0000
24.1750,68.4751,0.0000
24.2250,68.4751,0.0000
24.2750,68.4751,0.0000
24.3250,68.4751,0.0000
24.3750,68.4751,0.0000
24.4250,68.4751,0.0000
24.4750,68.4751,0.0000
24.5250,68.4751,0.0000
24.5750,68.4751,0.0000
24.6250,68.4751,0.0000
24.6750,68.4751,0.0000
24.7250,68.4751,0.0000
24.7750,68.4751,0.0000
24.8250,68.4751,0.0000
24.8750,68.4751,0.0000
24.9250,68.4751,0.0000
24.9750,68.4751,0.0000
25.0250,68.4751,0.0000
25.0750,68.4751,0.0000
25.1250,68.4751,0.0000
25.1750,68.4751,0.0000
25.2250,68.4751,0.0000
25.2750,68.4751,0.0000
25.3250,68.4751,0.0000
25.3750,68.4751,0.0000
25.4250,68.4751,0.0000
25.4750,68.4751,0.0000
25.5250,68.4751,0.0000
25.5750,68.4751,0.0000
25.6250,68.4751,0.0000
25.6750,68.4751,0.0000
25.7250,68.4751,0.0000
25.7750,68.4751,0.0000
25.8250,68.4751,0.0000
25.8750,68.4751,0.0000
25.9250,68.4751,0.0000
25.9750,68.4751,0.0000
26.0250,68.4751,0.0000
26.0750,68.4751,0.0000
26.1250,68.4751,0.0000
26.1750,68.4751,0.0000
26.2250,68.4751,0.0000
26.2750,68.4751,0.0000
26.3250,68.4751,0.0000
26.3750,68.4751,0.0000
26.4250,68.4751,0.0000
26.4750,68.4751,0.0000
26.5250,68.4751,0.0000
26.5750,68.4751,0.0000
26.6250,68.4751,0.0000
26.6750,68.4751,0.0000
26.7250,68.4751,0.0000
26.7750,68.4751,0.0000
26.8250,68.4751,0.0000
26.8750,68.4751,0.0000
26.9250,68.4751,0.0000
26.9750,68.4751,0.0000
27.0250,68.4751,0.0000
27.0750,68.4751,0.0000
27.1250,68.4751,0.0000
27.1750,68.4751,0.0000
27.2250,68.4751,0.0000
27.2750,68.4751,0.0000
27.3250,68.4751,0.0000
27.3750,68.4751,0.0000
27.4250,68.4751,0.0000
27.4750,68.4751,0.0000
27.5250,68.4751,0.0000
27.5750,68.4751,0.0000
27.6250,68.4751,0.0000
27.6750,68.4751,0.0000
27.7250,68.4751,0.0000
27.7750,68.4751,0.0000
27.8250,68.4751,0.0000
27.8750,68.4751,0.0000
27.9250,68.4751,0.0000
27.9750,68.4751,0.0000
28.0250,68.4751,0.0000
28.0750,68.4751,0.0000
28.1250,68.4751,0.0000
28.1750,68.4751,0.0000
28.2250,68.4751,0.0000
28.2750,68.4751,0.0000
28.3250,68.4751,0.0000
28.3750,68.4751,0.0000
28.4250,68.4751,0.0000
28.4750,68.4751,0.0000
28.5250,68.4751,0.0000
28.5750,68.4751,0.0000
28.6250,68.4751,0.0000
28.6750,68.4751,0.0000
28.7250,68.4751,0.0000
28.7750,68.4751,0.0046
28.8250,68.4751,0.0050
28.8750,68.4751,0.0050
28.9250,68.4751,0.0053
28.9750,68.4751,0.0053
29.0250,68.4751,0.0062
29.0750,68.4751,0.0063
29.1250,68.4751,0.0064
29.1750,68.4751,0.0064
29.2250,68.4751,0.0066
29.2750,68.4751,0.0067
29.3250,68.4751,0.0067
29.3750,68.4751,0.0071
29.4250,68.4751,0.0071
29.4750,68.4751,0.0071
29.5250,68.4751,0.0075
29.5750,68.4751,0.0075
29.6250,68.4751,0.0076
29.6750,68.4751,0.0078
29.7250,68.4751,0.0079
29.7750,68.4751,0.0079
29.8250,68.4751,0.0081
29.8750,68.4751,0.0082
29.9250,68.4751,0.0082
29.9750,68.4751,0.0083
30.0250,68.4751,0.0085
30.0750,68.4751,0.0085
30.1250,68.4751,0.0086
30.1750,68.4751,0.0090
30.2250,68.4751,0.0091
30.2750,68.4751,0.0091
30.3250,68.4751,0.0096
30.3750,68.4751,0.0096
30.4250,68.4751,0.0096
30.4750,68.4751,0.0101
30.5250,68.4751,0.0101
30.5750,68.4751,0.0101
30.6250,68.4751,0.0105
30.6750,68.4751,0.0105
30.7250,68.4751,0.0105
30.7750,68.4751,0.0109
30.8250,68.4751,0.0109
30.8750,68.4751,0.0109
30.9250,68.4751,0.0111
30.9750,68.4751,0.0116
31.0250,68.4751,0.0116
31.0750,68.4751,0.0115
31.1250,68.4751,0.0124
31.1750,68.4751,0.0122
31.2250,68.4751,0.0122
31.2750,68.4751,0.0131
31.3250,68.4751,0.0130
31.3750,68.4751,0.0130
31.4250,68.4751,0.0137
31.4750,68.4751,0.0137
31.5250,68.4751,0.0135
31.5750,68.4751,0.0143
20.5250,68.4251,0.0000
20.5750,68.4251,0.0000
20.6250,68.4251,0.0000
20.6750,68.4251,0.0000
20.7250,68.4251,0.0000
20.7750,68.4251,0.0000
20.8250,68.4251,0.0000
20.8750,68.4251,0.0000
20.9250,68.4251,0.0000
20.9750,68.4251,0.0000
21.0250,68.4251,0.0000
21.0750,68.4251,0.0000
21.1250,68.4251,0.0000
21.1750,68.4251,0.0000
21.2250,68.4251,0.0000
21.2750,68.4251,0.0000
21.3250,68.4251,0.0000
21.3750,68.4251,0.0000
21.4250,68.4251,0.0000
21.4750,68.4251,0.0000
21.5250,68.4251,0.0000
21.5750,68.4251,0.0000
21.6250,68.4251,0.0000
21.6750,68.4251,0.0000
21.7250,68.4251,0.0000
21.7750,68.4251,0.0000
21.8250,68.4251,0.0000
21.8750,68.4251,0.0000
21.9250,68.4251,0.0000
21.9750,68.4251,0.0000
22.0250,68.4251,0.0000
22.0750,68.4251,0.0000
22.1250,68.4251,0.0000
22.1750,68.4251,0.0000
22.2250,68.4251,0.0000
22.2750,68.4251,0.0000
22.3250,68.4251,0.0000
22.3750,68.4251,0.0000
22.4250,68.4251,0.0000
22.4750,68.4251,0.0000
22.5250,68.4251,0.0000
22.5750,68.4251,0.0000
22.6250,68.4251,0.0000
22.6750,68.4251,0.0000
22.7250,68.4251,0.0000
22.7750,68.4251,0.0000
22.8250,68.4251,0.0000
22.8750,68.4251,0.0000
22.9250,68.4251,0.0000
22.9750,68.4251,0.0000
23.0250,68.4251,0.0000
23.0750,68.4251,0.0000
23.1250,68.4251,0.0000
23.1750,68.4251,0.0000
23.2250,68.4251,0.0000
23.2750,68.4251,0.0000
23.3250,68.4251,0.0000
23.3750,68.4251,0.0000
23.4250,68.4251,0.0000
23.4750,68.4251,0.0000
23.5250,68.4251,0.0000
23.5750,68.4251,0.0000
23.6250,68.4251,0.0000
23.6750,68.4251,0.0000
23.7250,68.4251,0.0000
23.7750,68.4251,0.0000
23.8250,68.4251,0.0000
23.8750,68.4251,0.0000
23.9250,68.4251,0.0000
23.9750,68.4251,0.0000
24.0250,68.4251,0.0000
24.0750,68.4251,0.0000
24.1250,68.4251,0.0000
24.1750,68.4251,0.0000
24.2250,68.4251,0.0000
24.2750,68.4251,0.0000
24.3250,68.4251,0.0000
24.3750,68.4251,0.0000
24.4250,68.4251,0.0000
24.4750,68.4251,0.0000
24.5250,68.4251,0.0000
24.5750,68.4251,0.0000
24.6250,68.4251,0.0000
24.6750,68.4251,0.0000
24.7250,68.4251,0.0000
24.7750,68.4251,0.0000
24.8250,68.4251,0.0000
24.8750,68.4251,0.0000
24.9250,68.4251,0.0000
24.9750,68.4251,0.0000
25.0250,68.4251,0.0000
25.0750,68.4251,0.0000
25.1250,68.4251,0.0000
25.1750,68.4251,0.0000
25.2250,68.4251,0.0000
25.2750,68.4251,0.0000
25.3250,68.4251,0.0000
25.3750,68.4251,0.0000
25.4250,68.4251,0.0000
25.4750,68.4251,0.0000
25.5250,68.4251,0.0000
25.5750,68.4251,0.0000
25.6250,68.4251,0.0000
25.6750,68.4251,0.0000
25.7250,68.4251,0.0000
25.7750,68.4251,0.0000
25.8250,68.4251,0.0000
25.8750,68.4251,0.0000
25.9250,68.4251,0.0000
25.9750,68.4251,0.0000
26.0250,68.4251,0.0000
26.0750,68.4251,0.0000
26.1250,68.4251,0.0000
26.1750,68.4251,0.0000
26.2250,68.4251,0.0000
26.2750,68.4251,0.0000
26.3250,68.4251,0.0000
26.3750,68.4251,0.0000
26.4250,68.4251,0.0000
26.4750,68.4251,0.0000
26.5250,68.4251,0.0000
26.5750,68.4251,0.0000
26.6250,68.4251,0.0000
26.6750,68.4251,0.0000
26.7250,68.4251,0.0000
26.7750,68.4251,0.0000
26.8250,68.4251,0.0000
26.8750,68.4251,0.0000
26.9250,68.4251,0.0000
26.9750,68.4251,0.0000
27.0250,68.4251,0.0000
27.0750,68.4251,0.0000
27.1250,68.4251,0.0000
27.1750,68.4251,0.0000
27.2250,68.4251,0.0000
27.2750,68.4251,0.0000
27.3250,68.4251,0.0000
27.3750,68.4251,0.0000
27.4250,68.4251,0.0000
27.4750,68.4251,0.0000
27.5250,68.4251,0.0000
27.5750,68.4251,0.0000
27.6250,68.4251,0.0000
27.6750,68.4251,0.0000
27.7250,68.4251,0.0000
27.7750,68.4251,0.0000
27.8250,68.4251,0.0000
27.8750,68.4251,0.0000
27.9250,68.4251,0.0000
27.9750,68.4251,0.0000
28.0250,68.4251,0.0000
28.0750,68.4251,0.0000
28.1250,68.4251,0.0000
28.1750,68.4251,0.0000
28.2250,68.4251,0.0000
28.2750,68.4251,0.0000
28.3250,68.4251,0.0000
28.3750,68.4251,0.0000
28.4250,68.4251,0.0000
28.4750,68.4251,0.0000
28.5250,68.4251,0.0000
28.5750,68.4251,0.0000
28.6250,68.4251,0.0000
28.6750,68.4251,0.0000
28.7250,68.4251,0.0000
28.7750,68.4251,0.0040
28.8250,68.4251,0.0052
28.8750,68.4251,0.0052
28.9250,68.4251,0.0053
28.9750,68.4251,0.0055
29.0250,68.4251,0.0055
29.0750,68.4251,0.0063
29.1250,68.4251,0.0065
29.1750,68.4251,0.0066
29.2250,68.4251,0.0066
29.2750,68.4251,0.0070
29.3250,68.4251,0.0070
29.3750,68.4251,0.0070
29.4250,68.4251,0.0073
29.4750,68.4251,0.0073
29.5250,68.4251,0.0075
29.5750,68.4251,0.0077
29.6250,68.4251,0.0078
29.6750,68.4251,0.0078
29.7250,68.4251,0.0080
29.7750,68.4251,0.0081
29.8250,68.4251,0.0081
29.8750,68.4251,0.0084
29.9250,68.4251,0.0084
29.9750,68.4251,0.0084
30.0250,68.4251,0.0089
30.0750,68.4251,0.0089
30.1250,68.4251,0.0090
30.1750,68.4251,0.0094
30.2250,68.4251,0.0095
30.2750,68.4251,0.0095
30.3250,68.4251,0.0099
30.3750,68.4251,0.0100
30.4250,68.4251,0.0100
30.4750,68.4251,0.0102
30.5250,68.4251,0.0105
30.5750,68.4251,0.0105
30.6250,68.4251,0.0105
30.6750,68.4251,0.0109
30.7250,68.4251,0.0109
30.7750,68.4251,0.0110
30.8250,68.4251,0.0116
30.8750,68.4251,0.0116
30.9250,68.4251,0.0117
30.9750,68.4251,0.0125
31.0250,68.4251,0.0125
31.0750,68.4251,0.0124
31.1250,68.4251,0.0132
31.1750,68.4251,0.0132
31.2250,68.4251,0.0131
31.2750,68.4251,0.0139
31.3250,68.4251,0.0138
31.3750,68.4251,0.0138
31.4250,68.4251,0.0138
31.4750,68.4251,0.0145
31.5250,68.4251,0.0145
31.5750,68.4251,0.0143
20.5250,68.3751,0.0000
20.5750,68.3751,0.0000
20.6250,68.3751,0.0000
20.6750,68.3751,0.0000
20.7250,68.3751,0.0000
20.7750,68.3751,0.0000
20.8250,68.3751,0.0000
20.8750,68.3751,0.0000
20.9250,68.3751,0.0000
20.9750,68.3751,0.0000
21.0250,68.3751,0.0000
21.0750,68.3751,0.0000
21.1250,68.3751,0.0000
21.1750,68.3751,0.0000
21.2250,68.3751,0.0000
21.2750,68.3751,0.0000
21.3250,68.3751,0.0000
21.3750,68.3751,0.0000
21.4250,68.3751,0.0000
21.4750,68.3751,0.0000
21.5250,68.3751,0.0000
21.5750,68.3751,0.0000
21.6250,68.3751,0.0000
21.6750,68.3751,0.0000
21.7250,68.3751,0.0000
21.7750,68.3751,0.0000
21.8250,68.3751,0.0000
21.8750,68.3751,0.0000
21.9250,68.3751,0.0000
21.9750,68.3751,0.0000
22.0250,68.3751,0.0000
22.0750,68.3751,0.0000
22.1250,68.3751,0.0000
22.1750,68.3751,0.0000
22.2250,68.3751,0.0000
22.2750,68.3751,0.0000
22.3250,68.3751,0.0000
22.3750,68.3751,0.0000
22.4250,68.3751,0.0000
22.4750,68.3751,0.0000
22.5250,68.3751,0.0000
22.5750,68.3751,0.0000
22.6250,68.3751,0.0000
22.6750,68.3751,0.0000
22.7250,68.3751,0.0000
22.7750,68.3751,0.0000
22.8250,68.3751,0.0000
22.8750,68.3751,0.0000
22.9250,68.3751,0.0000
22.9750,68.3751,0.0000
23.0250,68.3751,0.0000
23.0750,68.3751,0.0000
23.1250,68.3751,0.0000
23.1750,68.3751,0.0000
23.2250,68.3751,0.0000
23.2750,68.3751,0.0000
23.3250,68.3751,0.0000
23.3750,68.3751,0.0000
23.4250,68.3751,0.0000
23.4750,68.3751,0.0000
23.5250,68.3751,0.0000
23.5750,68.3751,0.0000
23.6250,68.3751,0.0000
23.6750,68.3751,0.0000
23.7250,68.3751,0.0000
23.7750,68.3751,0.0000
23.8250,68.3751,0.0000
23.8750,68.3751,0.0000
23.9250,68.3751,0.0000
23.9750,68.3751,0.0000
24.0250,68.3751,0.0000
24.0750,68.3751,0.0000
24.1250,68.3751,0.0000
24.1750,68.3751,0.0000
24.2250,68.3751,0.0000
24.2750,68.3751,0.0000
24.3250,68.3751,0.0000
24.3750,68.3751,0.0000
24.4250,68.3751,0.0000
24.4750,68.3751,0.0000
24.5250,68.3751,0.0000
24.5750,68.3751,0.0000
24.6250,68.3751,0.0000
24.6750,68.3751,0.0000
24.7250,68.3751,0.0000
24.7750,68.3751,0.0000
24.8250,68.3751,0.0000
24.8750,68.3751,0.0000
24.9250,68.3751,0.0000
24.9750,68.3751,0.0000
25.0250,68.3751,0.0000
25.0750,68.3751,0.0000
25.1250,68.3751,0.0000
25.1750,68.3751,0.0000
25.2250,68.3751,0.0000
25.2750,68.3751,0.0000
25.3250,68.3751,0.0000
25.3750,68.3751,0.0000
25.4250,68.3751,0.0000
25.4750,68.3751,0.0000
25.5250,68.3751,0.0000
25.5750,68.3751,0.0000
25.6250,68.3751,0.0000
25.6750,68.3751,0.0000
25.7250,68.3751,0.0000
25.7750,68.3751,0.0000
25.8250,68.3751,0.0000
25.8750,68.3751,0.0000
25.9250,68.3751,0.0000
25.9750,68.3751,0.0000
26.0250,68.3751,0.0000
26.0750,68.3751,0.0000
26.1250,68.3751,0.0000
26.1750,68.3751,0.0000
26.2250,68.3751,0.0000
26.2750,68.3751,0.0000
26.3250,68.3751,0.0000
26.3750,68.3751,0.0000
26.4250,68.3751,0.0000
26.4750,68.3751,0.0000
26.5250,68.3751,0.0000
26.5750,68.3751,0.0000
26.6250,68.3751,0.0000
26.6750,68.3751,0.0000
26.7250,68.3751,0.0000
26.7750,68.3751,0.0000
26.8250,68.3751,0.0000
26.8750,68.3751,0.0000
26.9250,68.3751,0.0000
26.9750,68.3751,0.0000
27.0250,68.3751,0.0000
27.0750,68.3751,0.0000
27.1250,68.3751,0.0000
27.1750,68.3751,0.0000
27.2250,68.3751,0.0000
27.2750,68.3751,0.0000
27.3250,68.3751,0.0000
27.3750,68.3751,0.0000
27.4250,68.3751,0.0000
27.4750,68.3751,0.0000
27.5250,68.3751,0.0000
27.5750,68.3751,0.0000
27.6250,68.3751,0.0000
27.6750,68.3751,0.0000
27.7250,68.3751,0.0000
27.7750,68.3751,0.0000
27.8250,68.3751,0.0000
27.8750,68.3751,0.0000
27.9250,68.3751,0.0000
27.9750,68.3751,0.0000
28.0250,68.3751,0.0000
28.0750,68.3751,0.0000
28.1250,68.3751,0.0000
28.1750,68.3751,0.0000
28.2250,68.3751,0.0000
28.2750,68.3751,0.0000
28.3250,68.3751,0.0000
28.3750,68.3751,0.0000
28.4250,68.3751,0.0000
28.4750,68.3751,0.0000
28.5250,68.3751,0.0000
28.5750,68.3751,0.0000
28.6250,68.3751,0.0000
28.6750,68.3751,0.0051
28.7250,68.3751,0.0052
28.7750,68.3751,0.0052
28.8250,68.3751,0.0054
28.8750,68.3751,0.0054
28.9250,68.3751,0.0054
28.9750,68.3751,0.0056
29.0250,68.3751,0.0056
29.0750,68.3751,0.0065
29.1250,68.3751,0.0066
29.1750,68.3751,0.0068
29.2250,68.3751,0.0068
29.2750,68.3751,0.0070
29.3250,68.3751,0.0072
29.3750,68.3751,0.0072
29.4250,68.3751,0.0075
29.4750,68.3751,0.0076
29.5250,68.3751,0.0076
29.5750,68.3751,0.0079
29.6250,68.3751,0.0079
29.6750,68.3751,0.0080
29.7250,68.3751,0.0082
29.7750,68.3751,0.0083
29.8250,68.3751,0.0083
29.8750,68.3751,0.0085
29.9250,68.3751,0.0088
29.9750,68.3751,0.0088
30.0250,68.3751,0.0089
30.0750,68.3751,0.0093
30.1250,68.3751,0.0094
30.1750,68.3751,0.0094
30.2250,68.3751,0.0099
30.2750,68.3751,0.0100
30.3250,68.3751,0.0100
30.3750,68.3751,0.0105
30.4250,68.3751,0.0105
30.4750,68.3751,0.0105
30.5250,68.3751,0.0109
30.5750,68.3751,0.0109
30.6250,68.3751,0.0109
30.6750,68.3751,0.0117
30.7250,68.3751,0.0117
30.7750,68.3751,0.0117
30.8250,68.3751,0.0125
30.8750,68.3751,0.0125
30.9250,68.3751,0.0125
30.9750,68.3751,0.0127
31.0250,68.3751,0.0133
31.0750,68.3751,0.0133
31.1250,68.3751,0.0132
31.1750,68.3751,0.0140
31.2250,68.3751,0.0139
31.2750,68.3751,0.0139
31.3250,68.3751,0.0147
31.3750,68.3751,0.0147
31.4250,68.3751,0.0147
31.4750,68.3751,0.0161
31.5250,68.3751,0.0161
31.5750,68.3751,0.0157
20.5250,68.3251,0.0000
20.5750,68.3251,0.0000
20.6250,68.3251,0.0000
20.6750,68.3251,0.0000
20.7250,68.3251,0.0000
20.7750,68.3251,0.0000
20.8250,68.3251,0.0000
20.8750,68.3251,0.0000
20.9250,68.3251,0.0000
20.9750,68.3251,0.0000
21.0250,68.3251,0.0000
21.0750,68.3251,0.0000
21.1250,68.3251,0.0000
21.1750,68.3251,0.0000
21.2250,68.3251,0.0000
21.2750,68.3251,0.0000
21.3250,68.3251,0.0000
21.3750,68.3251,0.0000
21.4250,68.3251,0.0000
21.4750,68.3251,0.0000
21.5250,68.3251,0.0000
21.5750,68.3251,0.0000
21.6250,68.3251,0.0000
21.6750,68.3251,0.0000
21.7250,68.3251,0.0000
21.7750,68.3251,0.0000
21.8250,68.3251,0.0000
21.8750,68.3251,0.0000
21.9250,68.3251,0.0000
21.9750,68.3251,0.0000
22.0250,68.3251,0.0000
22.0750,68.3251,0.0000
22.1250,68.3251,0.0000
22.1750,68.3251,0.0000
22.2250,68.3251,0.0000
22.2750,68.3251,0.0000
22.3250,68.3251,0.0000
22.3750,68.3251,0.0000
22.4250,68.3251,0.0000
22.4750,68.3251,0.0000
22.5250,68.3251,0.0000
22.5750,68.3251,0.0000
22.6250,68.3251,0.0000
22.6750,68.3251,0.0000
22.7250,68.3251,0.0000
22.7750,68.3251,0.0000
22.8250,68.3251,0.0000
22.8750,68.3251,0.0000
22.9250,68.3251,0.0000
22.9750,68.3251,0.0000
23.0250,68.3251,0.0000
23.0750,68.3251,0.0000
23.1250,68.3251,0.0000
23.1750,68.3251,0.0000
23.2250,68.3251,0.0000
23.2750,68.3251,0.0000
23.3250,68.3251,0.0000
23.3750,68.3251,0.0000
23.4250,68.3251,0.0000
23.4750,68.3251,0.0000
23.5250,68.3251,0.0000
23.5750,68.3251,0.0000
23.6250,68.3251,0.0000
23.6750,68.3251,0.0000
23.7250,68.3251,0.0000
23.7750,68.3251,0.0000
23.8250,68.3251,0.0000
23.8750,68.3251,0.0000
23.9250,68.3251,0.0000
23.9750,68.3251,0.0000
24.0250,68.3251,0.0000
24.0750,68.3251,0.0000
24.1250,68.3251,0.0000
24.1750,68.3251,0.0000
24.2250,68.3251,0.0000
24.2750,68.3251,0.0000
24.3250,68.3251,0.0000
24.3750,68.3251,0.0000
24.4250,68.3251,0.0000
24.4750,68.3251,0.0000
24.5250,68.3251,0.0000
24.5750,68.3251,0.0000
24.6250,68.3251,0.0000
24.6750,68.3251,0.0000
24.7250,68.3251,0.0000
24.7750,68.3251,0.0000
24.8250,68.3251,0.0000
24.8750,68.3251,0.0000
24.9250,68.3251,0.0000
24.9750,68.3251,0.0000
25.0250,68.3251,0.0000
25.0750,68.3251,0.0000
25.1250,68.3251,0.0000
25.1750,68.3251,0.0000
25.2250,68.3251,0.0000
25.2750,68.3251,0.0000
25.3250,68.3251,0.0000
25.3750,68.3251,0.0000
25.4250,68.3251,0.0000
25.4750,68.3251,0.0000
25.5250,68.3251,0.0000
25.5750,68.3251,0.0000
25.6250,68.3251,0.0000
25.6750,68.3251,0.0000
25.7250,68.3251,0.0000
25.7750,68.3251,0.0000
25.8250,68.3251,0.0000
25.8750,68.3251,0.0000
25.9250,68.3251,0.0000
25.9750,68.3251,0.0000
26.0250,68.3251,0.0000
26.0750,68.3251,0.0000
26.1250,68.3251,0.0000
26.1750,68.3251,0.0000
26.2250,68.3251,0.0000
26.2750,68.3251,0.0000
26.3250,68.3251,0.0000
26.3750,68.3251,0.0000
26.4250,68.3251,0.0000
26.4750,68.3251,0.0000
26.5250,68.3251,0.0000
26.5750,68.3251,0.0000
26.6250,68.3251,0.0000
26.6750,68.3251,0.0000
26.7250,68.3251,0.0000
26.7750,68.3251,0.0000
26.8250,68.3251,0.0000
26.8750,68.3251,0.0000
26.9250,68.3251,0.0000
26.9750,68.3251,0.0000
27.0250,68.3251,0.0000
27.0750,68.3251,0.0000
27.1250,68.3251,0.0000
27.1750,68.3251,0.0000
27.2250,68.3251,0.0000
27.2750,68.3251,0.0000
27.3250,68.3251,0.0000
27.3750,68.3251,0.0000
27.4250,68.3251,0.0000
27.4750,68.3251,0.0000
27.5250,68.3251,0.0000
27.5750,68.3251,0.0000
27.6250,68.3251,0.0000
27.6750,68.3251,0.0000
27.7250,68.3251,0.0000
27.7750,68.3251,0.0000
27.8250,68.3251,0.0000
27.8750,68.3251,0.0000
27.9250,68.3251,0.0000
27.9750,68.3251,0.0000
28.0250,68.3251,0.0000
28.0750,68.3251,0.0000
28.1250,68.3251,0.0000
28.1750,68.3251,0.0000
28.2250,68.3251,0.0000
28.2750,68.3251,0.0000
28.3250,68.3251,0.0000
28.3750,68.3251,0.0000
28.4250,68.3251,0.0000
28.4750,68.3251,0.0000
28.5250,68.3251,0.0000
28.5750,68.3251,0.0000
28.6250,68.3251,0.0051
28.6750,68.3251,0.0051
28.7250,68.3251,0.0053
28.7750,68.3251,0.0053
28.8250,68.3251,0.0054
28.8750,68.3251,0.0056
28.9250,68.3251,0.0056
28.9750,68.3251,0.0056
29.0250,68.3251,0.0058
29.0750,68.3251,0.0059
29.1250,68.3251,0.0066
29.1750,68.3251,0.0061
29.2250,68.3251,0.0071
29.2750,68.3251,0.0071
29.3250,68.3251,0.0074
29.3750,68.3251,0.0074
29.4250,68.3251,0.0075
29.4750,68.3251,0.0078
29.5250,68.3251,0.0078
29.5750,68.3251,0.0079
29.6250,68.3251,0.0082
29.6750,68.3251,0.0082
29.7250,68.3251,0.0083
29.7750,68.3251,0.0085
29.8250,68.3251,0.0086
29.8750,68.3251,0.0086
29.9250,68.3251,0.0092
29.9750,68.3251,0.0092
30.0250,68.3251,0.0093
30.0750,68.3251,0.0098
30.1250,68.3251,0.0098
30.1750,68.3251,0.0099
30.2250,68.3251,0.0103
30.2750,68.3251,0.0104
30.3250,68.3251,0.0104
30.3750,68.3251,0.0108
30.4250,68.3251,0.0109
30.4750,68.3251,0.0109
30.5250,68.3251,0.0110
30.5750,68.3251,0.0116
30.6250,68.3251,0.0117
30.6750,68.3251,0.0117
30.7250,68.3251,0.0125
30.7750,68.3251,0.0125
30.8250,68.3251,0.0125
30.8750,68.3251,0.0133
30.9250,68.3251,0.0134
30.9750,68.3251,0.0134
31.0250,68.3251,0.0141
31.0750,68.3251,0.0141
31.1250,68.3251,0.0140
31.1750,68.3251,0.0151
31.2250,68.3251,0.0150
31.2750,68.3251,0.0150
31.3250,68.3251,0.0163
31.3750,68.3251,0.0163
31.4250,68.3251,0.0163
31.4750,68.3251,0.0163
31.5250,68.3251,0.0175
31.5750,68.3251,0.0175
20.5250,68.2751,0.0000
20.5750,68.2751,0.0000
20.6250,68.2751,0.0000
20.6750,68.2751,0.0000
20.7250,68.2751,0.0000
20.7750,68.2751,0.0000
20.8250,68.2751,0.0000
20.8750,68.2751,0.0000
20.9250,68.2751,0.0000
20.9750,68.2751,0.0000
21.0250,68.2751,0.0000
21.0750,68.2751,0.0000
21.1250,68.2751,0.0000
21.1750,68.2751,0.0000
21.2250,68.2751,0.0000
21.2750,68.2751,0.0000
21.3250,68.2751,0.0000
21.3750,68.2751,0.0000
21.4250,68.2751,0.0000
21.4750,68.2751,0.0000
21.5250,68.2751,0.0000
21.5750,68.2751,0.0000
21.6250,68.2751,0.0000
21.6750,68.2751,0.0000
21.7250,68.2751,0.0000
21.7750,68.2751,0.0000
21.8250,68.2751,0.0000
21.8750,68.2751,0.0000
21.9250,68.2751,0.0000
21.9750,68.2751,0.0000
22.0250,68.2751,0.0000
22.0750,68.2751,0.0000
22.1250,68.2751,0.0000
22.1750,68.2751,0.0000
22.2250,68.2751,0.0000
22.2750,68.2751,0.0000
22.3250,68.2751,0.0000
22.3750,68.2751,0.0000
22.4250,68.2751,0.0000
22.4750,68.2751,0.0000
22.5250,68.2751,0.0000
22.5750,68.2751,0.0000
22.6250,68.2751,0.0000
22.6750,68.2751,0.0000
22.7250,68.2751,0.0000
22.7750,68.2751,0.0000
22.8250,68.2751,0.0000
22.8750,68.2751,0.0000
22.9250,68.2751,0.0000
22.9750,68.2751,0.0000
23.0250,68.2751,0.0000
23.0750,68.2751,0.0000
23.1250,68.2751,0.0000
23.1750,68.2751,0.0000
23.2250,68.2751,0.0000
23.2750,68.2751,0.0000
23.3250,68.2751,0.0000
23.3750,68.2751,0.0000
23.4250,68.2751,0.0000
23.4750,68.2751,0.0000
23.5250,68.2751,0.0000
23.5750,68.2751,0.0000
23.6250,68.2751,0.0000
23.6750,68.2751,0.0000
23.7250,68.2751,0.0000
23.7750,68.2751,0.0000
23.8250,68.2751,0.0000
23.8750,68.2751,0.0000
23.9250,68.2751,0.0000
23.9750,68.2751,0.0000
24.0250,68.2751,0.0000
24.0750,68.2751,0.0000
24.1250,68.2751,0.0000
24.1750,68.2751,0.0000
24.2250,68.2751,0.0000
24.2750,68.2751,0.0000
24.3250,68.2751,0.0000
24.3750,68.2751,0.0000
24.4250,68.2751,0.0000
24.4750,68.2751,0.0000
24.5250,68.2751,0.0000
24.5750,68.2751,0.0000
24.6250,68.2751,0.0000
24.6750,68.2751,0.0000
24.7250,68.2751,0.0000
24.7750,68.2751,0.0000
24.8250,68.2751,0.0000
24.8750,68.2751,0.0000
24.9250,68.2751,0.0000
24.9750,68.2751,0.0000
25.0250,68.2751,0.0000
25.0750,68.2751,0.0000
25.1250,68.2751,0.0000
25.1750,68.2751,0.0000
25.2250,68.2751,0.0000
25.2750,68.2751,0.0000
25.3250,68.2751,0.0000
25.3750,68.2751,0.0000
25.4250,68.2751,0.0000
25.4750,68.2751,0.0000
25.5250,68.2751,0.0000
25.5750,68.2751,0.0000
25.6250,68.2751,0.0000
25.6750,68.2751,0.0000
25.7250,68.2751,0.0000
25.7750,68.2751,0.0000
25.8250,68.2751,0.0000
25.8750,68.2751,0.0000
25.9250,68.2751,0.0000
25.9750,68.2751,0.0000
26.0250,68.2751,0.0000
26.0750,68.2751,0.0000
26.1250,68.2751,0.0000
26.1750,68.2751,0.0000
26.2250,68.2751,0.0000
26.2750,68.2751,0.0000
26.3250,68.2751,0.0000
26.3750,68.2751,0.0000
26.4250,68.2751,0.0000
26.4750,68.2751,0.0000
26.5250,68.2751,0.0000
26.5750,68.2751,0.0000
26.6250,68.2751,0.0000
26.6750,68.2751,0.0000
26.7250,68.2751,0.0000
26.7750,68.2751,0.0000
26.8250,68.2751,0.0000
26.8750,68.2751,0.0000
26.9250,68.2751,0.0000
26.9750,68.2751,0.0000
27.0250,68.2751,0.0000
27.0750,68.2751,0.0000
27.1250,68.2751,0.0000
27.1750,68.2751,0.0000
27.2250,68.2751,0.0000
27.2750,68.2751,0.0000
27.3250,68.2751,0.0000
27.3750,68.2751,0.0000
27.4250,68.2751,0.0000
27.4750,68.2751,0.0000
27.5250,68.2751,0.0000
27.5750,68.2751,0.0000
27.6250,68.2751,0.0000
27.6750,68.2751,0.0000
27.7250,68.2751,0.0000
27.7750,68.2751,0.0000
27.8250,68.2751,0.0000
27.8750,68.2751,0.0000
27.9250,68.2751,0.0000
27.9750,68.2751,0.0000
28.0250,68.2751,0.0000
28.0750,68.2751,0.0000
28.1250,68.2751,0.0000
28.1750,68.2751,0.0000
28.2250,68.2751,0.0000
28.2750,68.2751,0.0000
28.3250,68.2751,0.0000
28.3750,68.2751,0.0000
28.4250,68.2751,0.0000
28.4750,68.2751,0.0000
28.5250,68.2751,0.0000
28.5750,68.2751,0.0052
28.6250,68.2751,0.0052
28.6750,68.2751,0.0053
28.7250,68.2751,0.0055
28.7750,68.2751,0.0055
28.8250,68.2751,0.0055
28.8750,68.2751,0.0057
28.9250,68.2751,0.0058
28.9750,68.2751,0.0058
29.0250,68.2751,0.0060
29.0750,68.2751,0.0060
29.1250,68.2751,0.0061
29.1750,68.2751,0.0062
29.2250,68.2751,0.0071
29.2750,68.2751,0.0073
29.3250,68.2751,0.0065
29.3750,68.2751,0.0077
29.4250,68.2751,0.0077
29.4750,68.2751,0.0079
29.5250,68.2751,0.0081
29.5750,68.2751,0.0081
29.6250,68.2751,0.0082
29.6750,68.2751,0.0084
29.7250,68.2751,0.0085
29.7750,68.2751,0.0087
29.8250,68.2751,0.0091
29.8750,68.2751,0.0091
29.9250,68.2751,0.0093
29.9750,68.2751,0.0097
30.0250,68.2751,0.0097
30.0750,68.2751,0.0098
30.1250,68.2751,0.0103
30.1750,68.2751,0.0103
30.2250,68.2751,0.0103
30.2750,68.2751,0.0108
30.3250,68.2751,0.0109
30.3750,68.2751,0.0109
30.4250,68.2751,0.0115
30.4750,68.2751,0.0116
30.5250,68.2751,0.0116
30.5750,68.2751,0.0125
30.6250,68.2751,0.0125
30.6750,68.2751,0.0125
30.7250,68.2751,0.0133
30.7750,68.2751,0.0134
30.8250,68.2751,0.0134
30.8750,68.2751,0.0140
30.9250,68.2751,0.0141
30.9750,68.2751,0.0141
31.0250,68.2751,0.0143
31.0750,68.2751,0.0152
31.1250,68.2751,0.0151
31.1750,68.2751,0.0151
31.2250,68.2751,0.0166
31.2750,68.2751,0.0165
31.3250,68.2751,0.0165
31.3750,68.2751,0.0177
31.4250,68.2751,0.0177
31.4750,68.2751,0.0177
31.5250,68.2751,0.0188
31.5750,68.2751,0.0188
20.5250,68.2251,0.0000
20.5750,68.2251,0.0000
20.6250,68.2251,0.0000
20.6750,68.2251,0.0000
20.7250,68.2251,0.0000
20.7750,68.2251,0.0000
20.8250,68.2251,0.0000
20.8750,68.2251,0.0000
20.9250,68.2251,0.0000
20.9750,68.2251,0.0000
21.0250,68.2251,0.0000
21.0750,68.2251,0.0000
21.1250,68.2251,0.0000
21.1750,68.2251,0.0000
21.2250,68.2251,0.0000
21.2750,68.2251,0.0000
21.3250,68.2251,0.0000
21.3750,68.2251,0.0000
21.4250,68.2251,0.0000
21.4750,68.2251,0.0000
21.5250,68.2251,0.0000
21.5750,68.2251,0.0000
21.6250,68.2251,0.0000
21.6750,68.2251,0.0000
21.7250,68.2251,0.0000
21.7750,68.2251,0.0000
21.8250,68.2251,0.0000
21.8750,68.2251,0.0000
21.9250,68.2251,0.0000
21.9750,68.2251,0.0000
22.0250,68.2251,0.0000
22.0750,68.2251,0.0000
22.1250,68.2251,0.0000
22.1750,68.2251,0.0000
22.2250,68.2251,0.0000
22.2750,68.2251,0.0000
22.3250,68.2251,0.0000
22.3750,68.2251,0.0000
22.4250,68.2251,0.0000
22.4750,68.2251,0.0000
22.5250,68.2251,0.0000
22.5750,68.2251,0.0000
22.6250,68.2251,0.0000
22.6750,68.2251,0.0000
22.7250,68.2251,0.0000
22.7750,68.2251,0.0000
22.8250,68.2251,0.0000
22.8750,68.2251,0.0000
22.9250,68.2251,0.0000
22.9750,68.2251,0.0000
23.0250,68.2251,0.0000
23.0750,68.2251,0.0000
23.1250,68.2251,0.0000
23.1750,68.2251,0.0000
23.2250,68.2251,0.0000
23.2750,68.2251,0.0000
23.3250,68.2251,0.0000
23.3750,68.2251,0.0000
23.4250,68.2251,0.0000
23.4750,68.2251,0.0000
23.5250,68.2251,0.0000
23.5750,68.2251,0.0000
23.6250,68.2251,0.0000
23.6750,68.2251,0.0000
23.7250,68.2251,0.0000
23.7750,68.2251,0.0000
23.8250,68.2251,0.0000
23.8750,68.2251,0.0000
23.9250,68.2251,0.0000
23.9750,68.2251,0.0000
24.0250,68.2251,0.0000
24.0750,68.2251,0.0000
24.1250,68.2251,0.0000
24.1750,68.2251,0.0000
24.2250,68.2251,0.0000
24.2750,68.2251,0.0000
24.3250,68.2251,0.0000
24.3750,68.2251,0.0000
24.4250,68.2251,0.0000
24.4750,68.2251,0.0000
24.5250,68.2251,0.0000
24.5750,68.2251,0.0000
24.6250,68.2251,0.0000
24.6750,68.2251,0.0000
24.7250,68.2251,0.0000
24.7750,68.2251,0.0000
24.8250,68.2251,0.0000
24.8750,68.2251,0.0000
24.9250,68.2251,0.0000
24.9750,68.2251,0.0000
25.0250,68.2251,0.0000
25.0750,68.2251,0.0000
25.1250,68.2251,0.0000
25.1750,68.2251,0.0000
25.2250,68.2251,0.0000
25.2750,68.2251,0.0000
25.3250,68.2251,0.0000
25.3750,68.2251,0.0000
25.4250,68.2251,0.0000
25.4750,68.2251,0.0000
25.5250,68.2251,0.0000
25.5750,68.2251,0.0000
25.6250,68.2251,0.0000
25.6750,68.2251,0.0000
25.7250,68.2251,0.0000
25.7750,68.2251,0.0000
25.8250,68.2251,0.0000
25.8750,68.2251,0.0000
25.9250,68.2251,0.0000
25.9750,68.2251,0.0000
26.0250,68.2251,0.0000
26.0750,68.2251,0.0000
26.1250,68.2251,0.0000
26.1750,68.2251,0.0000
26.2250,68.2251,0.0000
26.2750,68.2251,0.0000
26.3250,68.2251,0.0000
26.3750,68.2251,0.0000
26.4250,68.2251,0.0000
26.4750,68.2251,0.0000
26.5250,68.2251,0.0000
26.5750,68.2251,0.0000
26.6250,68.2251,0.0000
26.6750,68.2251,0.0000
26.7250,68.2251,0.0000
26.7750,68.2251,0.0000
26.8250,68.2251,0.0000
26.8750,68.2251,0.0000
26.9250,68.2251,0.0000
26.9750,68.2251,0.0000
27.0250,68.2251,0.0000
27.0750,68.2251,0.0000
27.1250,68.2251,0.0000
27.1750,68.2251,0.0000
27.2250,68.2251,0.0000
27.2750,68.2251,0.0000
27.3250,68.2251,0.0000
27.3750,68.2251,0.0000
27.4250,68.2251,0.0000
27.4750,68.2251,0.0000
27.5250,68.2251,0.0000
27.5750,68.2251,0.0000
27.6250,68.2251,0.0000
27.6750,68.2251,0.0000
27.7250,68.2251,0.0000
27.7750,68.2251,0.0000
27.8250,68.2251,0.0000
27.8750,68.2251,0.0000
27.9250,68.2251,0.0000
27.9750,68.2251,0.0000
28.0250,68.2251,0.0000
28.0750,68.2251,0.0000
28.1250,68.2251,0.0000
28.1750,68.2251,0.0000
28.2250,68.2251,0.0000
28.2750,68.2251,0.0000
28.3250,68.2251,0.0000
28.3750,68.2251,0.0000
28.4250,68.2251,0.0000
28.4750,68.2251,0.0050
28.5250,68.2251,0.0050
28.5750,68.2251,0.0052
28.6250,68.2251,0.0054
28.6750,68.2251,0.0055
28.7250,68.2251,0.0055
28.7750,68.2251,0.0057
28.8250,68.2251,0.0057
28.8750,68.2251,0.0057
28.9250,68.2251,0.0060
28.9750,68.2251,0.0060
29.0250,68.2251,0.0060
29.0750,68.2251,0.0062
29.1250,68.2251,0.0062
29.1750,68.2251,0.0062
29.2250,68.2251,0.0064
29.2750,68.2251,0.0064
29.3250,68.2251,0.0064
29.3750,68.2251,0.0068
29.4250,68.2251,0.0068
29.4750,68.2251,0.0068
29.5250,68.2251,0.0072
29.5750,68.2251,0.0072
29.6250,68.2251,0.0084
29.6750,68.2251,0.0088
29.7250,68.2251,0.0089
29.7750,68.2251,0.0089
29.8250,68.2251,0.0094
29.8750,68.2251,0.0096
29.9250,68.2251,0.0096
29.9750,68.2251,0.0101
30.0250,68.2251,0.0102
30.0750,68.2251,0.0102
30.1250,68.2251,0.0107
30.1750,68.2251,0.0107
30.2250,68.2251,0.0108
30.2750,68.2251,0.0113
30.3250,68.2251,0.0114
30.3750,68.2251,0.0114
30.4250,68.2251,0.0121
30.4750,68.2251,0.0124
30.5250,68.2251,0.0124
30.5750,68.2251,0.0125
30.6250,68.2251,0.0133
30.6750,68.2251,0.0133
30.7250,68.2251,0.0133
30.7750,68.2251,0.0141
30.8250,68.2251,0.0141
30.8750,68.2251,0.0141
30.9250,68.2251,0.0153
30.9750,68.2251,0.0153
31.0250,68.2251,0.0153
31.0750,68.2251,0.0167
31.1250,68.2251,0.0167
31.1750,68.2251,0.0166
31.2250,68.2251,0.0180
31.2750,68.2251,0.0179
31.3250,68.2251,0.0179
31.3750,68.2251,0.0190
31.4250,68.2251,0.0191
31.4750,68.2251,0.0191
31.5250,68.2251,0.0191
31.5750,68.2251,0.0212
20.5250,68.1751,0.0000
20.5750,68.1751,0.0000
20.6250,68.1751,0.0000
20.6750,68.1751,0.0000
20.7250,68.1751,0.0000
20.7750,68.1751,0.0000
20.8250,68.1751,0.0000
20.8750,68.1751,0.0000
20.9250,68.1751,0.0000
20.9750,68.1751,0.0000
21.0250,68.1751,0.0000
21.0750,68.1751,0.0000
21.1250,68.1751,0.0000
21.1750,68.1751,0.0000
21.2250,68.1751,0.0000
21.2750,68.1751,0.0000
21.3250,68.1751,0.0000
21.3750,68.1751,0.0000
21.4250,68.1751,0.0000
21.4750,68.1751,0.0000
21.5250,68.1751,0.0000
21.5750,68.1751,0.0000
21.6250,68.1751,0.0000
21.6750,68.1751,0.0000
21.7250,68.1751,0.0000
21.7750,68.1751,0.0000
21.8250,68.1751,0.0000
21.8750,68.1751,0.0000
21.9250,68.1751,0.0000
21.9750,68.1751,0.0000
22.0250,68.1751,0.0000
22.0750,68.1751,0.0000
22.1250,68.1751,0.0000
22.1750,68.1751,0.0000
22.2250,68.1751,0.0000
22.2750,68.1751,0.0000
22.3250,68.1751,0.0000
22.3750,68.1751,0.0000
22.4250,68.1751,0.0000
22.4750,68.1751,0.0000
22.5250,68.1751,0.0000
22.5750,68.1751,0.0000
22.6250,68.1751,0.0000
22.6750,68.1751,0.0000
22.7250,68.1751,0.0000
22.7750,68.1751,0.0000
22.8250,68.1751,0.0000
22.8750,68.1751,0.0000
22.9250,68.1751,0.0000
22.9750,68.1751,0.0000
23.0250,68.1751,0.0000
23.0750,68.1751,0.0000
23.1250,68.1751,0.0000
23.1750,68.1751,0.0000
23.2250,68.1751,0.0000
23.2750,68.1751,0.0000
23.3250,68.1751,0.0000
23.3750,68.1751,0.0000
23.4250,68.1751,0.0000
23.4750,68.1751,0.0000
23.5250,68.1751,0.0000
23.5750,68.1751,0.0000
23.6250,68.1751,0.0000
23.6750,68.1751,0.0000
23.7250,68.1751,0.0000
23.7750,68.1751,0.0000
23.8250,68.1751,0.0000
23.8750,68.1751,0.0000
23.9250,68.1751,0.0000
23.9750,68.1751,0.0000
24.0250,68.1751,0.0000
24.0750,68.1751,0.0000
24.1250,68.1751,0.0000
24.1750,68.1751,0.0000
24.2250,68.1751,0.0000
24.2750,68.1751,0.0000
24.3250,68.1751,0.0000
24.3750,68.1751,0.0000
24.4250,68.1751,0.0000
24.4750,68.1751,0.0000
24.5250,68.1751,0.0000
24.5750,68.1751,0.0000
24.6250,68.1751,0.0000
24.6750,68.1751,0.0000
24.7250,68.1751,0.0000
24.7750,68.1751,0.0000
24.8250,68.1751,0.0000
24.8750,68.1751,0.0000
24.9250,68.1751,0.0000
24.9750,68.1751,0.0000
25.0250,68.1751,0.0000
25.0750,68.1751,0.0000
25.1250,68.1751,0.0000
25.1750,68.1751,0.0000
25.2250,68.1751,0.0000
25.2750,68.1751,0.0000
25.3250,68.1751,0.0000
25.3750,68.1751,0.0000
25.4250,68.1751,0.0000
25.4750,68.1751,0.0000
25.5250,68.1751,0.0000
25.5750,68.1751,0.0000
25.6250,68.1751,0.0000
25.6750,68.1751,0.0000
25.7250,68.1751,0.0000
25.7750,68.1751,0.0000
25.8250,68.1751,0.0000
25.8750,68.1751,0.0000
25.9250,68.1751,0.0000
25.9750,68.1751,0.0000
26.0250,68.1751,0.0000
26.0750,68.1751,0.0000
26.1250,68.1751,0.0000
26.1750,68.1751,0.0000
26.2250,68.1751,0.0000
26.2750,68.1751,0.0000
26.3250,68.1751,0.0000
26.3750,68.1751,0.0000
26.4250,68.1751,0.0000
26.4750,68.1751,0.0000
26.5250,68.1751,0.0000
26.5750,68.1751,0.0000
26.6250,68.1751,0.0000
26.6750,68.1751,0.0000
26.7250,68.1751,0.0000
26.7750,68.1751,0.0000
26.8250,68.1751,0.0000
26.8750,68.1751,0.0000
26.9250,68.1751,0.0000
26.9750,68.1751,0.0000
27.0250,68.1751,0.0000
27.0750,68.1751,0.0000
27.1250,68.1751,0.0000
27.1750,68.1751,0.0000
27.2250,68.1751,0.0000
27.2750,68.1751,0.0000
27.3250,68.1751,0.0000
27.3750,68.1751,0.0000
27.4250,68.1751,0.0000
27.4750,68.1751,0.0000
27.5250,68.1751,0.0000
27.5750,68.1751,0.0000
27.6250,68.1751,0.0000
27.6750,68.1751,0.0000
27.7250,68.1751,0.0000
27.7750,68.1751,0.0000
27.8250,68.1751,0.0000
27.8750,68.1751,0.0000
27.9250,68.1751,0.0000
27.9750,68.1751,0.0000
28.0250,68.1751,0.0000
28.0750,68.1751,0.0000
28.1250,68.1751,0.0000
28.1750,68.1751,0.0000
28.2250,68.1751,0.0000
28.2750,68.1751,0.0000
28.3250,68.1751,0.0000
28.3750,68.1751,0.0000
28.4250,68.1751,0.0000
28.4750,68.1751,0.0051
28.5250,68.1751,0.0052
28.5750,68.1751,0.0054
28.6250,68.1751,0.0055
28.6750,68.1751,0.0055
28.7250,68.1751,0.0057
28.7750,68.1751,0.0058
28.8250,68.1751,0.0059
28.8750,68.1751,0.0059
28.9250,68.1751,0.0060
28.9750,68.1751,0.0061
29.0250,68.1751,0.0061
29.0750,68.1751,0.0063
29.1250,68.1751,0.0064
29.1750,68.1751,0.0064
29.2250,68.1751,0.0066
29.2750,68.1751,0.0067
29.3250,68.1751,0.0067
29.3750,68.1751,0.0070
29.4250,68.1751,0.0071
29.4750,68.1751,0.0071
29.5250,68.1751,0.0072
29.5750,68.1751,0.0075
29.6250,68.1751,0.0080
29.6750,68.1751,0.0088
29.7250,68.1751,0.0079
29.7750,68.1751,0.0094
29.8250,68.1751,0.0095
29.8750,68.1751,0.0100
29.9250,68.1751,0.0100
29.9750,68.1751,0.0102
30.0250,68.1751,0.0106
30.0750,68.1751,0.0106
30.1250,68.1751,0.0107
30.1750,68.1751,0.0111
30.2250,68.1751,0.0113
30.2750,68.1751,0.0113
30.3250,68.1751,0.0122
30.3750,68.1751,0.0123
30.4250,68.1751,0.0123
30.4750,68.1751,0.0132
30.5250,68.1751,0.0132
30.5750,68.1751,0.0133
30.6250,68.1751,0.0141
30.6750,68.1751,0.0141
30.7250,68.1751,0.0141
30.7750,68.1751,0.0152
30.8250,68.1751,0.0153
30.8750,68.1751,0.0153
30.9250,68.1751,0.0162
30.9750,68.1751,0.0167
31.0250,68.1751,0.0167
31.0750,68.1751,0.0168
31.1250,68.1751,0.0180
31.1750,68.1751,0.0180
31.2250,68.1751,0.0180
31.2750,68.1751,0.0194
31.3250,68.1751,0.0193
31.3750,68.1751,0.0193
31.4250,68.1751,0.0215
31.4750,68.1751,0.0215
31.5250,68.1751,0.0213
31.5750,68.1751,0.0234
20.5250,68.1251,0.0000
20.5750,68.1251,0.0000
20.6250,68.1251,0.0000
20.6750,68.1251,0.0000
20.7250,68.1251,0.0000
20.7750,68.1251,0.0000
20.8250,68.1251,0.0000
20.8750,68.1251,0.0000
20.9250,68.1251,0.0000
20.9750,68.1251,0.0000
21.0250,68.1251,0.0000
21.0750,68.1251,0.0000
21.1250,68.1251,0.0000
21.1750,68.1251,0.0000
21.2250,68.1251,0.0000
21.2750,68.1251,0.0000
21.3250,68.1251,0.0000
21.3750,68.1251,0.0000
21.4250,68.1251,0.0000
21.4750,68.1251,0.0000
21.5250,68.1251,0.0000
21.5750,68.1251,0.0000
21.6250,68.1251,0.0000
21.6750,68.1251,0.0000
21.7250,68.1251,0.0000
21.7750,68.1251,0.0000
21.8250,68.1251,0.0000
21.8750,68.1251,0.0000
21.9250,68.1251,0.0000
21.9750,68.1251,0.0000
22.0250,68.1251,0.0000
22.0750,68.1251,0.0000
22.1250,68.1251,0.0000
22.1750,68.1251,0.0000
22.2250,68.1251,0.0000
22.2750,68.1251,0.0000
22.3250,68.1251,0.0000
22.3750,68.1251,0.0000
22.4250,68.1251,0.0000
22.4750,68.1251,0.0000
22.5250,68.1251,0.0000
22.5750,68.1251,0.0000
22.6250,68.1251,0.0000
22.6750,68.1251,0.0000
22.7250,68.1251,0.0000
22.7750,68.1251,0.0000
22.8250,68.1251,0.0000
22.8750,68.1251,0.0000
22.9250,68.1251,0.0000
22.9750,68.1251,0.0000
23.0250,68.1251,0.0000
23.0750,68.1251,0.0000
23.1250,68.1251,0.0000
23.1750,68.1251,0.0000
23.2250,68.1251,0.0000
23.2750,68.1251,0.0000
23.3250,68.1251,0.0000
23.3750,68.1251,0.0000
23.4250,68.1251,0.0000
23.4750,68.1251,0.0000
23.5250,68.1251,0.0000
23.5750,68.1251,0.0000
23.6250,68.1251,0.0000
23.6750,68.1251,0.0000
23.7250,68.1251,0.0000
23.7750,68.1251,0.0000
23.8250,68.1251,0.0000
23.8750,68.1251,0.0000
23.9250,68.1251,0.0000
23.9750,68.1251,0.0000
24.0250,68.1251,0.0000
24.0750,68.1251,0.0000
24.1250,68.1251,0.0000
24.1750,68.1251,0.0000
24.2250,68.1251,0.0000
24.2750,68.1251,0.0000
24.3250,68.1251,0.0000
24.3750,68.1251,0.0000
24.4250,68.1251,0.0000
24.4750,68.1251,0.0000
24.5250,68.1251,0.0000
24.5750,68.1251,0.0000
24.6250,68.1251,0.0000
24.6750,68.1251,0.0000
24.7250,68.1251,0.0000
24.7750,68.1251,0.0000
24.8250,68.1251,0.0000
24.8750,68.1251,0.0000
24.9250,68.1251,0.0000
24.9750,68.1251,0.0000
25.0250,68.1251,0.0000
25.0750,68.1251,0.0000
25.1250,68.1251,0.0000
25.1750,68.1251,0.0000
25.2250,68.1251,0.0000
25.2750,68.1251,0.0000
25.3250,68.1251,0.0000
25.3750,68.1251,0.0000
25.4250,68.1251,0.0000
25.4750,68.1251,0.0000
25.5250,68.1251,0.0000
25.5750,68.1251,0.0000
25.6250,68.1251,0.0000
25.6750,68.1251,0.0000
25.7250,68.1251,0.0000
25.7750,68.1251,0.0000
25.8250,68.1251,0.0000
25.8750,68.1251,0.0000
25.9250,68.1251,0.0000
25.9750,68.1251,0.0000
26.0250,68.1251,0.0000
26.0750,68.1251,0.0000
26.1250,68.1251,0.0000
26.1750,68.1251,0.0000
26.2250,68.1251,0.0000
26.2750,68.1251,0.0000
26.3250,68.1251,0.0000
26.3750,68.1251,0.0000
26.4250,68.1251,0.0000
26.4750,68.1251,0.0000
26.5250,68.1251,0.0000
26.5750,68.1251,0.0000
26.6250,68.1251,0.0000
26.6750,68.1251,0.0000
26.7250,68.1251,0.0000
26.7750,68.1251,0.0000
26.8250,68.1251,0.0000
26.8750,68.1251,0.0000
26.9250,68.1251,0.0000
26.9750,68.1251,0.0000
27.0250,68.1251,0.0000
27.0750,68.1251,0.0000
27.1250,68.1251,0.0000
27.1750,68.1251,0.0000
27.2250,68.1251,0.0000
27.2750,68.1251,0.0000
27.3250,68.1251,0.0000
27.3750,68.1251,0.0000
27.4250,68.1251,0.0000
27.4750,68.1251,0.0000
27.5250,68.1251,0.0000
27.5750,68.1251,0.0000
27.6250,68.1251,0.0000
27.6750,68.1251,0.0000
27.7250,68.1251,0.0000
27.7750,68.1251,0.0000
27.8250,68.1251,0.0000
27.8750,68.1251,0.0000
27.9250,68.1251,0.0000
27.9750,68.1251,0.0000
28.0250,68.1251,0.0000
28.0750,68.1251,0.0000
28.1250,68.1251,0.0000
28.1750,68.1251,0.0000
28.2250,68.1251,0.0000
28.2750,68.1251,0.0000
28.3250,68.1251,0.0000
28.3750,68.1251,0.0050
28.4250,68.1251,0.0051
28.4750,68.1251,0.0052
28.5250,68.1251,0.0054
28.5750,68.1251,0.0054
28.6250,68.1251,0.0055
28.6750,68.1251,0.0057
28.7250,68.1251,0.0058
28.7750,68.1251,0.0058
28.8250,68.1251,0.0059
28.8750,68.1251,0.0060
28.9250,68.1251,0.0060
28.9750,68.1251,0.0063
29.0250,68.1251,0.0063
29.0750,68.1251,0.0064
29.1250,68.1251,0.0065
29.1750,68.1251,0.0065
29.2250,68.1251,0.0066
29.2750,68.1251,0.0070
29.3250,68.1251,0.0071
29.3750,68.1251,0.0071
29.4250,68.1251,0.0074
29.4750,68.1251,0.0075
29.5250,68.1251,0.0075
29.5750,68.1251,0.0078
29.6250,68.1251,0.0078
29.6750,68.1251,0.0079
29.7250,68.1251,0.0082
29.7750,68.1251,0.0099
29.8250,68.1251,0.0099
29.8750,68.1251,0.0104
29.9250,68.1251,0.0105
29.9750,68.1251,0.0105
30.0250,68.1251,0.0109
30.0750,68.1251,0.0110
30.1250,68.1251,0.0111
30.1750,68.1251,0.0120
30.2250,68.1251,0.0120
30.2750,68.1251,0.0122
30.3250,68.1251,0.0129
30.3750,68.1251,0.0131
30.4250,68.1251,0.0131
30.4750,68.1251,0.0134
30.5250,68.1251,0.0140
30.5750,68.1251,0.0140
30.6250,68.1251,0.0141
30.6750,68.1251,0.0151
30.7250,68.1251,0.0152
30.7750,68.1251,0.0152
30.8250,68.1251,0.0166
30.8750,68.1251,0.0167
30.9250,68.1251,0.0167
30.9750,68.1251,0.0180
31.0250,68.1251,0.0180
31.0750,68.1251,0.0180
31.1250,68.1251,0.0195
31.1750,68.1251,0.0195
31.2250,68.1251,0.0194
31.2750,68.1251,0.0217
31.3250,68.1251,0.0217
31.3750,68.1251,0.0217
31.4250,68.1251,0.0225
31.4750,68.1251,0.0236
31.5250,68.1251,0.0236
31.5750,68.1251,0.0235
20.5250,68.0751,0.0000
20.5750,68.0751,0.0000
20.6250,68.0751,0.0000
20.6750,68.0751,0.0000
20.7250,68.0751,0.0000
20.7750,68.0751,0.0000
20.8250,68.0751,0.0000
20.8750,68.0751,0.0000
20.9250,68.0751,0.0000
20.9750,68.0751,0.0000
21.0250,68.0751,0.0000
21.0750,68.0751,0.0000
21.1250,68.0751,0.0000
21.1750,68.0751,0.0000
21.2250,68.0751,0.0000
21.2750,68.0751,0.0000
21.3250,68.0751,0.0000
21.3750,68.0751,0.0000
21.4250,68.0751,0.0000
21.4750,68.0751,0.0000
21.5250,68.0751,0.0000
21.5750,68.0751,0.0000
21.6250,68.0751,0.0000
21.6750,68.0751,0.0000
21.7250,68.0751,0.0000
21.7750,68.0751,0.0000
21.8250,68.0751,0.0000
21.8750,68.0751,0.0000
21.9250,68.0751,0.0000
21.9750,68.0751,0.0000
22.0250,68.0751,0.0000
22.0750,68.0751,0.0000
22.1250,68.0751,0.0000
22.1750,68.0751,0.0000
22.2250,68.0751,0.0000
22.2750,68.0751,0.0000
22.3250,68.0751,0.0000
22.3750,68.0751,0.0000
22.4250,68.0751,0.0000
22.4750,68.0751,0.0000
22.5250,68.0751,0.0000
22.5750,68.0751,0.0000
22.6250,68.0751,0.0000
22.6750,68.0751,0.0000
22.7250,68.0751,0.0000
22.7750,68.0751,0.0000
22.8250,68.0751,0.0000
22.8750,68.0751,0.0000
22.9250,68.0751,0.0000
22.9750,68.0751,0.0000
23.0250,68.0751,0.0000
23.0750,68.0751,0.0000
23.1250,68.0751,0.0000
23.1750,68.0751,0.0000
23.2250,68.0751,0.0000
23.2750,68.0751,0.0000
23.3250,68.0751,0.0000
23.3750,68.0751,0.0000
23.4250,68.0751,0.0000
23.4750,68.0751,0.0000
23.5250,68.0751,0.0000
23.5750,68.0751,0.0000
23.6250,68.0751,0.0000
23.6750,68.0751,0.0000
23.7250,68.0751,0.0000
23.7750,68.0751,0.0000
23.8250,68.0751,0.0000
23.8750,68.0751,0.0000
23.9250,68.0751,0.0000
23.9750,68.0751,0.0000
24.0250,68.0751,0.0000
24.0750,68.0751,0.0000
24.1250,68.0751,0.0000
24.1750,68.0751,0.0000
24.2250,68.0751,0.0000
24.2750,68.0751,0.0000
24.3250,68.0751,0.0000
24.3750,68.0751,0.0000
24.4250,68.0751,0.0000
24.4750,68.0751,0.0000
24.5250,68.0751,0.0000
24.5750,68.0751,0.0000
24.6250,68.0751,0.0000
24.6750,68.0751,0.0000
24.7250,68.0751,0.0000
24.7750,68.0751,0.0000
24.8250,68.0751,0.0000
24.8750,68.0751,0.0000
24.9250,68.0751,0.0000
24.9750,68.0751,0.0000
25.0250,68.0751,0.0000
25.0750,68.0751,0.0000
25.1250,68.0751,0.0000
25.1750,68.0751,0.0000
25.2250,68.0751,0.0000
25.2750,68.0751,0.0000
25.3250,68.0751,0.0000
25.3750,68.0751,0.0000
25.4250,68.0751,0.0000
25.4750,68.0751,0.0000
25.5250,68.0751,0.0000
25.5750,68.0751,0.0000
25.6250,68.0751,0.0000
25.6750,68.0751,0.0000
25.7250,68.0751,0.0000
25.7750,68.0751,0.0000
25.8250,68.0751,0.0000
25.8750,68.0751,0.0000
25.9250,68.0751,0.0000
25.9750,68.0751,0.0000
26.0250,68.0751,0.0000
26.0750,68.0751,0.0000
26.1250,68.0751,0.0000
26.1750,68.0751,0.0000
26.2250,68.0751,0.0000
26.2750,68.0751,0.0000
26.3250,68.0751,0.0000
26.3750,68.0751,0.0000
26.4250,68.0751,0.0000
26.4750,68.0751,0.0000
26.5250,68.0751,0.0000
26.5750,68.0751,0.0000
26.6250,68.0751,0.0000
26.6750,68.0751,0.0000
26.7250,68.0751,0.0000
26.7750,68.0751,0.0000
26.8250,68.0751,0.0000
26.8750,68.0751,0.0000
26.9250,68.0751,0.0000
26.9750,68.0751,0.0000
27.0250,68.0751,0.0000
27.0750,68.0751,0.0000
27.1250,68.0751,0.0000
27.1750,68.0751,0.0000
27.2250,68.0751,0.0000
27.2750,68.0751,0.0000
27.3250,68.0751,0.0000
27.3750,68.0751,0.0000
27.4250,68.0751,0.0000
27.4750,68.0751,0.0000
27.5250,68.0751,0.0000
27.5750,68.0751,0.0000
27.6250,68.0751,0.0000
27.6750,68.0751,0.0000
27.7250,68.0751,0.0000
27.7750,68.0751,0.0000
27.8250,68.0751,0.0000
27.8750,68.0751,0.0000
27.9250,68.0751,0.0000
27.9750,68.0751,0.0000
28.0250,68.0751,0.0000
28.0750,68.0751,0.0000
28.1250,68.0751,0.0000
28.1750,68.0751,0.0000
28.2250,68.0751,0.0000
28.2750,68.0751,0.0000
28.3250,68.0751,0.0000
28.3750,68.0751,0.0000
28.4250,68.0751,0.0053
28.4750,68.0751,0.0053
28.5250,68.0751,0.0054
28.5750,68.0751,0.0055
28.6250,68.0751,0.0057
28.6750,68.0751,0.0057
28.7250,68.0751,0.0058
28.7750,68.0751,0.0059
28.8250,68.0751,0.0060
28.8750,68.0751,0.0062
28.9250,68.0751,0.0062
28.9750,68.0751,0.0063
29.0250,68.0751,0.0064
29.0750,68.0751,0.0064
29.1250,68.0751,0.0065
29.1750,68.0751,0.0067
29.2250,68.0751,0.0070
29.2750,68.0751,0.0070
29.3250,68.0751,0.0074
29.3750,68.0751,0.0074
29.4250,68.0751,0.0076
29.4750,68.0751,0.0078
29.5250,68.0751,0.0078
29.5750,68.0751,0.0078
29.6250,68.0751,0.0082
29.6750,68.0751,0.0082
29.7250,68.0751,0.0082
29.7750,68.0751,0.0085
29.8250,68.0751,0.0104
29.8750,68.0751,0.0103
29.9250,68.0751,0.0109
29.9750,68.0751,0.0109
30.0250,68.0751,0.0111
30.0750,68.0751,0.0118
30.1250,68.0751,0.0118
30.1750,68.0751,0.0120
30.2250,68.0751,0.0128
30.2750,68.0751,0.0130
30.3250,68.0751,0.0130
30.3750,68.0751,0.0137
30.4250,68.0751,0.0139
30.4750,68.0751,0.0139
30.5250,68.0751,0.0149
30.5750,68.0751,0.0149
30.6250,68.0751,0.0151
30.6750,68.0751,0.0165
30.7250,68.0751,0.0165
30.7750,68.0751,0.0166
30.8250,68.0751,0.0178
30.8750,68.0751,0.0179
30.9250,68.0751,0.0179
30.9750,68.0751,0.0184
31.0250,68.0751,0.0194
31.0750,68.0751,0.0194
31.1250,68.0751,0.0195
31.1750,68.0751,0.0217
31.2250,68.0751,0.0217
31.2750,68.0751,0.0217
31.3250,68.0751,0.0237
31.3750,68.0751,0.0237
31.4250,68.0751,0.0238
31.4750,68.0751,0.0263
31.5250,68.0751,0.0263
31.5750,68.0751,0.0260
20.5250,68.0251,0.0000
20.5750,68.0251,0.0000
20.6250,68.0251,0.0000
20.6750,68.0251,0.0000
20.7250,68.0251,0.0000
20.7750,68.0251,0.0000
20.8250,68.0251,0.0000
20.8750,68.0251,0.0000
20.9250,68.0251,0.0000
20.9750,68.0251,0.0000
21.0250,68.0251,0.0000
21.0750,68.0251,0.0000
21.1250,68.0251,0.0000
21.1750,68.0251,0.0000
21.2250,68.0251,0.0000
21.2750,68.0251,0.0000
21.3250,68.0251,0.0000
21.3750,68.0251,0.0000
21.4250,68.0251,0.0000
21.4750,68.0251,0.0000
21.5250,68.0251,0.0000
21.5750,68.0251,0.0000
21.6250,68.0251,0.0000
21.6750,68.0251,0.0000
21.7250,68.0251,0.0000
21.7750,68.0251,0.0000
21.8250,68.0251,0.0000
21.8750,68.0251,0.0000
21.9250,68.0251,0.0000
21.9750,68.0251,0.0000
22.0250,68.0251,0.0000
22.0750,68.0251,0.0000
22.1250,68.0251,0.0000
22.1750,68.0251,0.0000
22.2250,68.0251,0.0000
22.2750,68.0251,0.0000
22.3250,68.0251,0.0000
22.3750,68.0251,0.0000
22.4250,68.0251,0.0000
22.4750,68.0251,0.0000
22.5250,68.0251,0.0000
22.5750,68.0251,0.0000
22.6250,68.0251,0.0000
22.6750,68.0251,0.0000
22.7250,68.0251,0.0000
22.7750,68.0251,0.0000
22.8250,68.0251,0.0000
22.8750,68.0251,0.0000
22.9250,68.0251,0.0000
22.9750,68.0251,0.0000
23.0250,68.0251,0.0000
23.0750,68.0251,0.0000
23.1250,68.0251,0.0000
23.1750,68.0251,0.0000
23.2250,68.0251,0.0000
23.2750,68.0251,0.0000
23.3250,68.0251,0.0000
23.3750,68.0251,0.0000
23.4250,68.0251,0.0000
23.4750,68.0251,0.0000
23.5250,68.0251,0.0000
23.5750,68.0251,0.0000
23.6250,68.0251,0.0000
23.6750,68.0251,0.0000
23.7250,68.0251,0.0000
23.7750,68.0251,0.0000
23.8250,68.0251,0.0000
23.8750,68.0251,0.0000
23.9250,68.0251,0.0000
23.9750,68.0251,0.0000
24.0250,68.0251,0.0000
24.0750,68.0251,0.0000
24.1250,68.0251,0.0000
24.1750,68.0251,0.0000
24.2250,68.0251,0.0000
24.2750,68.0251,0.0000
24.3250,68.0251,0.0000
24.3750,68.0251,0.0000
24.4250,68.0251,0.0000
24.4750,68.0251,0.0000
24.5250,68.0251,0.0000
24.5750,68.0251,0.0000
24.6250,68.0251,0.0000
24.6750,68.0251,0.0000
24.7250,68.0251,0.0000
24.7750,68.0251,0.0000
24.8250,68.0251,0.0000
24.8750,68.0251,0.0000
24.9250,68.0251,0.0000
24.9750,68.0251,0.0000
25.0250,68.0251,0.0000
25.0750,68.0251,0.0000
25.1250,68.0251,0.0000
25.1750,68.0251,0.0000
25.2250,68.0251,0.0000
25.2750,68.0251,0.0000
25.3250,68.0251,0.0000
25.3750,68.0251,0.0000
25.4250,68.0251,0.0000
25.4750,68.0251,0.0000
25.5250,68.0251,0.0000
25.5750,68.0251,0.0000
25.6250,68.0251,0.0000
25.6750,68.0251,0.0000
25.7250,68.0251,0.0000
25.7750,68.0251,0.0000
25.8250,68.0251,0.0000
25.8750,68.0251,0.0000
25.9250,68.0251,0.0000
25.9750,68.0251,0.0000
26.0250,68.0251,0.0000
26.0750,68.0251,0.0000
26.1250,68.0251,0.0000
26.1750,68.0251,0.0000
26.2250,68.0251,0.0000
26.2750,68.0251,0.0000
26.3250,68.0251,0.0000
26.3750,68.0251,0.0000
26.4250,68.0251,0.0000
26.4750,68.0251,0.0000
26.5250,68.0251,0.0000
26.5750,68.0251,0.0000
26.6250,68.0251,0.0000
26.6750,68.0251,0.0000
26.7250,68.0251,0.0000
26.7750,68.0251,0.0000
26.8250,68.0251,0.0000
26.8750,68.0251,0.0000
26.9250,68.0251,0.0000
26.9750,68.0251,0.0000
27.0250,68.0251,0.0000
27.0750,68.0251,0.0000
27.1250,68.0251,0.0000
27.1750,68.0251,0.0000
27.2250,68.0251,0.0000
27.2750,68.0251,0.0000
27.3250,68.0251,0.0000
27.3750,68.0251,0.0000
27.4250,68.0251,0.0000
27.4750,68.0251,0.0000
27.5250,68.0251,0.0000
27.5750,68.0251,0.0000
27.6250,68.0251,0.0000
27.6750,68.0251,0.0000
27.7250,68.0251,0.0000
27.7750,68.0251,0.0000
27.8250,68.0251,0.0000
27.8750,68.0251,0.0000
27.9250,68.0251,0.0000
27.9750,68.0251,0.0000
28.0250,68.0251,0.0000
28.0750,68.0251,0.0000
28.1250,68.0251,0.0000
28.1750,68.0251,0.0000
28.2250,68.0251,0.0000
28.2750,68.0251,0.0000
28.3250,68.0251,0.0000
28.3750,68.0251,0.0000
28.4250,68.0251,0.0009
28.4750,68.0251,0.0000
28.5250,68.0251,0.0012
28.5750,68.0251,0.0000
28.6250,68.0251,0.0000
28.6750,68.0251,0.0058
28.7250,68.0251,0.0000
28.7750,68.0251,0.0060
28.8250,68.0251,0.0060
28.8750,68.0251,0.0061
28.9250,68.0251,0.0063
28.9750,68.0251,0.0063
29.0250,68.0251,0.0065
29.0750,68.0251,0.0065
29.1250,68.0251,0.0067
29.1750,68.0251,0.0069
29.2250,68.0251,0.0069
29.2750,68.0251,0.0072
29.3250,68.0251,0.0074
29.3750,68.0251,0.0077
29.4250,68.0251,0.0077
29.4750,68.0251,0.0080
29.5250,68.0251,0.0081
29.5750,68.0251,0.0081
29.6250,68.0251,0.0084
29.6750,68.0251,0.0084
29.7250,68.0251,0.0085
29.7750,68.0251,0.0090
29.8250,68.0251,0.0091
29.8750,68.0251,0.0091
29.9250,68.0251,0.0096
29.9750,68.0251,0.0116
30.0250,68.0251,0.0116
30.0750,68.0251,0.0123
30.1250,68.0251,0.0127
30.1750,68.0251,0.0128
30.2250,68.0251,0.0134
30.2750,68.0251,0.0136
30.3250,68.0251,0.0138
30.3750,68.0251,0.0141
30.4250,68.0251,0.0147
30.4750,68.0251,0.0147
30.5250,68.0251,0.0150
30.5750,68.0251,0.0163
30.6250,68.0251,0.0163
30.6750,68.0251,0.0165
30.7250,68.0251,0.0177
30.7750,68.0251,0.0179
30.8250,68.0251,0.0179
30.8750,68.0251,0.0192
30.9250,68.0251,0.0193
30.9750,68.0251,0.0193
31.0250,68.0251,0.0216
31.0750,68.0251,0.0216
31.1250,68.0251,0.0217
31.1750,68.0251,0.0237
31.2250,68.0251,0.0237
31.2750,68.0251,0.0238
31.3250,68.0251,0.0262
31.3750,68.0251,0.0265
31.4250,68.0251,0.0265
31.4750,68.0251,0.0275
31.5250,68.0251,0.0297
31.5750,68.0251,0.0297
20.5250,67.9751,0.0000
20.5750,67.9751,0.0000
20.6250,67.9751,0.0000
20.6750,67.9751,0.0000
20.7250,67.9751,0.0000
20.7750,67.9751,0.0000
20.8250,67.9751,0.0000
20.8750,67.9751,0.0000
20.9250,67.9751,0.0000
20.9750,67.9751,0.0000
21.0250,67.9751,0.0000
21.0750,67.9751,0.0000
21.1250,67.9751,0.0000
21.1750,67.9751,0.0000
21.2250,67.9751,0.0000
21.2750,67.9751,0.0000
21.3250,67.9751,0.0000
21.3750,67.9751,0.0000
21.4250,67.9751,0.0000
21.4750,67.9751,0.0000
21.5250,67.9751,0.0000
21.5750,67.9751,0.0000
21.6250,67.9751,0.0000
21.6750,67.9751,0.0000
21.7250,67.9751,0.0000
21.7750,67.9751,0.0000
21.8250,67.9751,0.0000
21.8750,67.9751,0.0000
21.9250,67.9751,0.0000
21.9750,67.9751,0.0000
22.0250,67.9751,0.0000
22.0750,67.9751,0.0000
22.1250,67.9751,0.0000
22.1750,67.9751,0.0000
22.2250,67.9751,0.0000
22.2750,67.9751,0.0000
22.3250,67.9751,0.0000
22.3750,67.9751,0.0000
22.4250,67.9751,0.0000
22.4750,67.9751,0.0000
22.5250,67.9751,0.0000
22.5750,67.9751,0.0000
22.6250,67.9751,0.0000
22.6750,67.9751,0.0000
22.7250,67.9751,0.0000
22.7750,67.9751,0.0000
22.8250,67.9751,0.0000
22.8750,67.9751,0.0000
22.9250,67.9751,0.0000
22.9750,67.9751,0.0000
23.0250,67.9751,0.0000
23.0750,67.9751,0.0000
23.1250,67.9751,0.0000
23.1750,67.9751,0.0000
23.2250,67.9751,0.0000
23.2750,67.9751,0.0000
23.3250,67.9751,0.0000
23.3750,67.9751,0.0000
23.4250,67.9751,0.0000
23.4750,67.9751,0.0000
23.5250,67.9751,0.0000
23.5750,67.9751,0.0000
23.6250,67.9751,0.0000
23.6750,67.9751,0.0000
23.7250,67.9751,0.0000
23.7750,67.9751,0.0000
23.8250,67.9751,0.0000
23.8750,67.9751,0.0000
23.9250,67.9751,0.0000
23.9750,67.9751,0.0000
24.0250,67.9751,0.0000
24.0750,67.9751,0.0000
24.1250,67.9751,0.0000
24.1750,67.9751,0.0000
24.2250,67.9751,0.0000
24.2750,67.9751,0.0000
24.3250,67.9751,0.0000
24.3750,67.9751,0.0000
24.4250,67.9751,0.0000
24.4750,67.9751,0.0000
24.5250,67.9751,0.0000
24.5750,67.9751,0.0000
24.6250,67.9751,0.0000
24.6750,67.9751,0.0000
24.7250,67.9751,0.0000
24.7750,67.9751,0.0000
24.8250,67.9751,0.0000
24.8750,67.9751,0.0000
24.9250,67.9751,0.0000
24.9750,67.9751,0.0000
25.0250,67.9751,0.0000
25.0750,67.9751,0.0000
25.1250,67.9751,0.0000
25.1750,67.9751,0.0000
25.2250,67.9751,0.0000
25.2750,67.9751,0.0000
25.3250,67.9751,0.0000
25.3750,67.9751,0.0000
25.4250,67.9751,0.0000
25.4750,67.9751,0.0000
25.5250,67.9751,0.0000
25.5750,67.9751,0.0000
25.6250,67.9751,0.0000
25.6750,67.9751,0.0000
25.7250,67.9751,0.0000
25.7750,67.9751,0.0000
25.8250,67.9751,0.0000
25.8750,67.9751,0.0000
25.9250,67.9751,0.0000
25.9750,67.9751,0.0000
26.0250,67.9751,0.0000
26.0750,67.9751,0.0000
26.1250,67.9751,0.0000
26.1750,67.9751,0.0000
26.2250,67.9751,0.0000
26.2750,67.9751,0.0000
26.3250,67.9751,0.0000
26.3750,67.9751,0.0000
26.4250,67.9751,0.0000
26.4750,67.9751,0.0000
26.5250,67.9751,0.0000
26.5750,67.9751,0.0000
26.6250,67.9751,0.0000
26.6750,67.9751,0.0000
26.7250,67.9751,0.0000
26.7750,67.9751,0.0000
26.8250,67.9751,0.0000
26.8750,67.9751,0.0000
26.9250,67.9751,0.0000
26.9750,67.9751,0.0000
27.0250,67.9751,0.0000
27.0750,67.9751,0.0000
27.1250,67.9751,0.0000
27.1750,67.9751,0.0000
27.2250,67.9751,0.0000
27.2750,67.9751,0.0000
27.3250,67.9751,0.0000
27.3750,67.9751,0.0000
27.4250,67.9751,0.0000
27.4750,67.9751,0.0000
27.5250,67.9751,0.0000
27.5750,67.9751,0.0000
27.6250,67.9751,0.0000
27.6750,67.9751,0.0000
27.7250,67.9751,0.0000
27.7750,67.9751,0.0000
27.8250,67.9751,0.0000
27.8750,67.9751,0.0000
27.9250,67.9751,0.0000
27.9750,67.9751,0.0000
28.0250,67.9751,0.0000
28.0750,67.9751,0.0000
28.1250,67.9751,0.0000
28.1750,67.9751,0.0000
28.2250,67.9751,0.0000
28.2750,67.9751,0.0000
28.3250,67.9751,0.0008
28.3750,67.9751,0.0000
28.4250,67.9751,0.0015
28.4750,67.9751,0.0051
28.5250,67.9751,0.0051
28.5750,67.9751,0.0000
28.6250,67.9751,0.0051
28.6750,67.9751,0.0001
28.7250,67.9751,0.0000
28.7750,67.9751,0.0052
28.8250,67.9751,0.0061
28.8750,67.9751,0.0060
28.9250,67.9751,0.0064
28.9750,67.9751,0.0064
29.0250,67.9751,0.0065
29.0750,67.9751,0.0067
29.1250,67.9751,0.0067
29.1750,67.9751,0.0069
29.2250,67.9751,0.0072
29.2750,67.9751,0.0074
29.3250,67.9751,0.0074
29.3750,67.9751,0.0079
29.4250,67.9751,0.0079
29.4750,67.9751,0.0080
29.5250,67.9751,0.0084
29.5750,67.9751,0.0084
29.6250,67.9751,0.0084
29.6750,67.9751,0.0089
29.7250,67.9751,0.0090
29.7750,67.9751,0.0090
29.8250,67.9751,0.0096
29.8750,67.9751,0.0097
29.9250,67.9751,0.0097
29.9750,67.9751,0.0124
30.0250,67.9751,0.0124
30.0750,67.9751,0.0126
30.1250,67.9751,0.0134
30.1750,67.9751,0.0134
30.2250,67.9751,0.0136
30.2750,67.9751,0.0143
30.3250,67.9751,0.0145
30.3750,67.9751,0.0145
30.4250,67.9751,0.0158
30.4750,67.9751,0.0161
30.5250,67.9751,0.0161
30.5750,67.9751,0.0175
30.6250,67.9751,0.0175
30.6750,67.9751,0.0177
30.7250,67.9751,0.0189
30.7750,67.9751,0.0189
30.8250,67.9751,0.0191
30.8750,67.9751,0.0209
30.9250,67.9751,0.0215
30.9750,67.9751,0.0215
31.0250,67.9751,0.0220
31.0750,67.9751,0.0236
31.1250,67.9751,0.0236
31.1750,67.9751,0.0237
31.2250,67.9751,0.0263
31.2750,67.9751,0.0264
31.3250,67.9751,0.0264
31.3750,67.9751,0.0297
31.4250,67.9751,0.0298
31.4750,67.9751,0.0298
31.5250,67.9751,0.0331
31.5750,67.9751,0.0331
20.5250,67.9251,0.0051
20.5750,67.9251,0.0000
20.6250,67.9251,0.0000
20.6750,67.9251,0.0000
20.7250,67.9251,0.0000
20.7750,67.9251,0.0000
20.8250,67.9251,0.0000
20.8750,67.9251,0.0000
20.9250,67.9251,0.0000
20.9750,67.9251,0.0000
21.0250,67.9251,0.0000
21.0750,67.9251,0.0000
21.1250,67.9251,0.0000
21.1750,67.9251,0.0000
21.2250,67.9251,0.0000
21.2750,67.9251,0.0000
21.3250,67.9251,0.0000
21.3750,67.9251,0.0000
21.4250,67.9251,0.0000
21.4750,67.9251,0.0000
21.5250,67.9251,0.0000
21.5750,67.9251,0.0000
21.6250,67.9251,0.0000
21.6750,67.9251,0.0000
21.7250,67.9251,0.0000
21.7750,67.9251,0.0000
21.8250,67.9251,0.0000
21.8750,67.9251,0.0000
21.9250,67.9251,0.0000
21.9750,67.9251,0.0000
22.0250,67.9251,0.0000
22.0750,67.9251,0.0000
22.1250,67.9251,0.0000
22.1750,67.9251,0.0000
22.2250,67.9251,0.0000
22.2750,67.9251,0.0000
22.3250,67.9251,0.0000
22.3750,67.9251,0.0000
22.4250,67.9251,0.0000
22.4750,67.9251,0.0000
22.5250,67.9251,0.0000
22.5750,67.9251,0.0000
22.6250,67.9251,0.0000
22.6750,67.9251,0.0000
22.7250,67.9251,0.0000
22.7750,67.9251,0.0000
22.8250,67.9251,0.0000
22.8750,67.9251,0.0000
22.9250,67.9251,0.0000
22.9750,67.9251,0.0000
23.0250,67.9251,0.0000
23.0750,67.9251,0.0000
23.1250,67.9251,0.0000
23.1750,67.9251,0.0000
23.2250,67.9251,0.0000
23.2750,67.9251,0.0000
23.3250,67.9251,0.0000
23.3750,67.9251,0.0000
23.4250,67.9251,0.0000
23.4750,67.9251,0.0000
23.5250,67.9251,0.0000
23.5750,67.9251,0.0000
23.6250,67.9251,0.0000
23.6750,67.9251,0.0000
23.7250,67.9251,0.0000
23.7750,67.9251,0.0000
23.8250,67.9251,0.0000
23.8750,67.9251,0.0000
23.9250,67.9251,0.0000
23.9750,67.9251,0.0000
24.0250,67.9251,0.0000
24.0750,67.9251,0.0000
24.1250,67.9251,0.0000
24.1750,67.9251,0.0000
24.2250,67.9251,0.0000
24.2750,67.9251,0.0000
24.3250,67.9251,0.0000
24.3750,67.9251,0.0000
24.4250,67.9251,0.0000
24.4750,67.9251,0.0000
24.5250,67.9251,0.0000
24.5750,67.9251,0.0000
24.6250,67.9251,0.0000
24.6750,67.9251,0.0000
24.7250,67.9251,0.0000
24.7750,67.9251,0.0000
24.8250,67.9251,0.0000
24.8750,67.9251,0.0000
24.9250,67.9251,0.0000
24.9750,67.9251,0.0000
25.0250,67.9251,0.0000
25.0750,67.9251,0.0000
25.1250,67.9251,0.0000
25.1750,67.9251,0.0000
25.2250,67.9251,0.0000
25.2750,67.9251,0.0000
25.3250,67.9251,0.0000
25.3750,67.9251,0.0000
25.4250,67.9251,0.0000
25.4750,67.9251,0.0000
25.5250,67.9251,0.0000
25.5750,67.9251,0.0000
25.6250,67.9251,0.0000
25.6750,67.9251,0.0000
25.7250,67.9251,0.0000
25.7750,67.9251,0.0000
25.8250,67.9251,0.0000
25.8750,67.9251,0.0000
25.9250,67.9251,0.0000
25.9750,67.9251,0.0000
26.0250,67.9251,0.0000
26.0750,67.9251,0.0000
26.1250,67.9251,0.0000
26.1750,67.9251,0.0000
26.2250,67.9251,0.0000
26.2750,67.9251,0.0000
26.3250,67.9251,0.0000
26.3750,67.9251,0.0000
26.4250,67.9251,0.0000
26.4750,67.9251,0.0000
26.5250,67.9251,0.0000
26.5750,67.9251,0.0000
26.6250,67.9251,0.0000
26.6750,67.9251,0.0000
26.7250,67.9251,0.0000
26.7750,67.9251,0.0000
26.8250,67.9251,0.0000
26.8750,67.9251,0.0000
26.9250,67.9251,0.0000
26.9750,67.9251,0.0000
27.0250,67.9251,0.0000
27.0750,67.9251,0.0000
27.1250,67.9251,0.0000
27.1750,67.9251,0.0000
27.2250,67.9251,0.0000
27.2750,67.9251,0.0000
27.3250,67.9251,0.0000
27.3750,67.9251,0.0000
27.4250,67.9251,0.0000
27.4750,67.9251,0.0000
27.5250,67.9251,0.0000
27.5750,67.9251,0.0000
27.6250,67.9251,0.0000
27.6750,67.9251,0.0000
27.7250,67.9251,0.0000
27.7750,67.9251,0.0000
27.8250,67.9251,0.0000
27.8750,67.9251,0.0041
27.9250,67.9251,0.0050
27.9750,67.9251,0.0050
28.0250,67.9251,0.0005
28.0750,67.9251,0.0051
28.1250,67.9251,0.0000
28.1750,67.9251,0.0048
28.2250,67.9251,0.0052
28.2750,67.9251,0.0050
28.3250,67.9251,0.0052
28.3750,67.9251,0.0051
28.4250,67.9251,0.0051
28.4750,67.9251,0.0051
28.5250,67.9251,0.0052
28.5750,67.9251,0.0052
28.6250,67.9251,0.0053
28.6750,67.9251,0.0053
28.7250,67.9251,0.0052
28.7750,67.9251,0.0054
28.8250,67.9251,0.0053
28.8750,67.9251,0.0053
28.9250,67.9251,0.0055
28.9750,67.9251,0.0053
29.0250,67.9251,0.0053
29.0750,67.9251,0.0069
29.1250,67.9251,0.0069
29.1750,67.9251,0.0072
29.2250,67.9251,0.0075
29.2750,67.9251,0.0075
29.3250,67.9251,0.0077
29.3750,67.9251,0.0079
29.4250,67.9251,0.0082
29.4750,67.9251,0.0082
29.5250,67.9251,0.0087
29.5750,67.9251,0.0088
29.6250,67.9251,0.0088
29.6750,67.9251,0.0094
29.7250,67.9251,0.0094
29.7750,67.9251,0.0096
29.8250,67.9251,0.0100
29.8750,67.9251,0.0102
29.9250,67.9251,0.0102
29.9750,67.9251,0.0106
30.0250,67.9251,0.0107
30.0750,67.9251,0.0107
30.1250,67.9251,0.0136
30.1750,67.9251,0.0141
30.2250,67.9251,0.0143
30.2750,67.9251,0.0145
30.3250,67.9251,0.0154
30.3750,67.9251,0.0158
30.4250,67.9251,0.0162
30.4750,67.9251,0.0173
30.5250,67.9251,0.0173
30.5750,67.9251,0.0176
30.6250,67.9251,0.0187
30.6750,67.9251,0.0187
30.7250,67.9251,0.0189
30.7750,67.9251,0.0209
30.8250,67.9251,0.0212
30.8750,67.9251,0.0212
30.9250,67.9251,0.0234
30.9750,67.9251,0.0234
31.0250,67.9251,0.0234
31.0750,67.9251,0.0260
31.1250,67.9251,0.0260
31.1750,67.9251,0.0263
31.2250,67.9251,0.0294
31.2750,67.9251,0.0297
31.3250,67.9251,0.0297
31.3750,67.9251,0.0322
31.4250,67.9251,0.0330
31.4750,67.9251,0.0330
31.5250,67.9251,0.0343
31.5750,67.9251,0.0382
20.5250,67.8751,0.0051
20.5750,67.8751,0.0051
20.6250,67.8751,0.0051
20.6750,67.8751,0.0000
20.7250,67.8751,0.0051
20.7750,67.8751,0.0051
20.8250,67.8751,0.0000
20.8750,67.8751,0.0000
20.9250,67.8751,0.0000
20.9750,67.8751,0.0000
21.0250,67.8751,0.0000
21.0750,67.8751,0.0000
21.1250,67.8751,0.0000
21.1750,67.8751,0.0000
21.2250,67.8751,0.0000
21.2750,67.8751,0.0000
21.3250,67.8751,0.0000
21.3750,67.8751,0.0000
21.4250,67.8751,0.0000
21.4750,67.8751,0.0000
21.5250,67.8751,0.0000
21.5750,67.8751,0.0000
21.6250,67.8751,0.0000
21.6750,67.8751,0.0000
21.7250,67.8751,0.0000
21.7750,67.8751,0.0000
21.8250,67.8751,0.0000
21.8750,67.8751,0.0000
21.9250,67.8751,0.0000
21.9750,67.8751,0.0000
22.0250,67.8751,0.0000
22.0750,67.8751,0.0000
22.1250,67.8751,0.0000
22.1750,67.8751,0.0000
22.2250,67.8751,0.0000
22.2750,67.8751,0.0000
22.3250,67.8751,0.0000
22.3750,67.8751,0.0000
22.4250,67.8751,0.0000
22.4750,67.8751,0.0000
22.5250,67.8751,0.0000
22.5750,67.8751,0.0000
22.6250,67.8751,0.0000
22.6750,67.8751,0.0000
22.7250,67.8751,0.0000
22.7750,67.8751,0.0000
22.8250,67.8751,0.0000
22.8750,67.8751,0.0000
22.9250,67.8751,0.0000
22.9750,67.8751,0.0000
23.0250,67.8751,0.0000
23.0750,67.8751,0.0000
23.1250,67.8751,0.0000
23.1750,67.8751,0.0000
23.2250,67.8751,0.0000
23.2750,67.8751,0.0000
23.3250,67.8751,0.0000
23.3750,67.8751,0.0000
23.4250,67.8751,0.0000
23.4750,67.8751,0.0000
23.5250,67.8751,0.0000
23.5750,67.8751,0.0000
23.6250,67.8751,0.0000
23.6750,67.8751,0.0000
23.7250,67.8751,0.0000
23.7750,67.8751,0.0000
23.8250,67.8751,0.0000
23.8750,67.8751,0.0000
23.9250,67.8751,0.0000
23.9750,67.8751,0.0000
24.0250,67.8751,0.0000
24.0750,67.8751,0.0000
24.1250,67.8751,0.0000
24.1750,67.8751,0.0000
24.2250,67.8751,0.0000
24.2750,67.8751,0.0000
24.3250,67.8751,0.0000
24.3750,67.8751,0.0000
24.4250,67.8751,0.0000
24.4750,67.8751,0.0000
24.5250,67.8751,0.0000
24.5750,67.8751,0.0000
24.6250,67.8751,0.0000
24.6750,67.8751,0.0000
24.7250,67.8751,0.0000
24.7750,67.8751,0.0000
24.8250,67.8751,0.0000
24.8750,67.8751,0.0000
24.9250,67.8751,0.0000
24.9750,67.8751,0.0000
25.0250,67.8751,0.0000
25.0750,67.8751,0.0000
25.1250,67.8751,0.0000
25.1750,67.8751,0.0000
25.2250,67.8751,0.0000
25.2750,67.8751,0.0000
25.3250,67.8751,0.0000
25.3750,67.8751,0.0000
25.4250,67.8751,0.0000
25.4750,67.8751,0.0000
25.5250,67.8751,0.0000
25.5750,67.8751,0.0000
25.6250,67.8751,0.0000
25.6750,67.8751,0.0000
25.7250,67.8751,0.0000
25.7750,67.8751,0.0000
25.8250,67.8751,0.0000
25.8750,67.8751,0.0000
25.9250,67.8751,0.0000
25.9750,67.8751,0.0000
26.0250,67.8751,0.0000
26.0750,67.8751,0.0000
26.1250,67.8751,0.0000
26.1750,67.8751,0.0000
26.2250,67.8751,0.0000
26.2750,67.8751,0.0000
26.3250,67.8751,0.0000
26.3750,67.8751,0.0000
26.4250,67.8751,0.0000
26.4750,67.8751,0.0000
26.5250,67.8751,0.0000
26.5750,67.8751,0.0000
26.6250,67.8751,0.0000
26.6750,67.8751,0.0000
26.7250,67.8751,0.0000
26.7750,67.8751,0.0000
26.8250,67.8751,0.0000
26.8750,67.8751,0.0000
26.9250,67.8751,0.0000
26.9750,67.8751,0.0000
27.0250,67.8751,0.0000
27.0750,67.8751,0.0000
27.1250,67.8751,0.0000
27.1750,67.8751,0.0000
27.2250,67.8751,0.0000
27.2750,67.8751,0.0000
27.3250,67.8751,0.0043
27.3750,67.8751,0.0000
27.4250,67.8751,0.0000
27.4750,67.8751,0.0000
27.5250,67.8751,0.0000
27.5750,67.8751,0.0000
27.6250,67.8751,0.0050
27.6750,67.8751,0.0050
27.7250,67.8751,0.0000
27.7750,67.8751,0.0051
27.8250,67.8751,0.0051
27.8750,67.8751,0.0051
27.9250,67.8751,0.0052
27.9750,67.8751,0.0052
28.0250,67.8751,0.0051
28.0750,67.8751,0.0053
28.1250,67.8751,0.0053
28.1750,67.8751,0.0052
28.2250,67.8751,0.0053
28.2750,67.8751,0.0052
28.3250,67.8751,0.0052
28.3750,67.8751,0.0054
28.4250,67.8751,0.0053
28.4750,67.8751,0.0053
28.5250,67.8751,0.0054
28.5750,67.8751,0.0054
28.6250,67.8751,0.0053
28.6750,67.8751,0.0055
28.7250,67.8751,0.0054
28.7750,67.8751,0.0054
28.8250,67.8751,0.0056
28.8750,67.8751,0.0055
28.9250,67.8751,0.0055
28.9750,67.8751,0.0055
29.0250,67.8751,0.0055
29.0750,67.8751,0.0069
29.1250,67.8751,0.0072
29.1750,67.8751,0.0072
29.2250,67.8751,0.0075
29.2750,67.8751,0.0077
29.3250,67.8751,0.0080
29.3750,67.8751,0.0080
29.4250,67.8751,0.0084
29.4750,67.8751,0.0084
29.5250,67.8751,0.0085
29.5750,67.8751,0.0092
29.6250,67.8751,0.0092
29.6750,67.8751,0.0094
29.7250,67.8751,0.0099
29.7750,67.8751,0.0100
29.8250,67.8751,0.0100
29.8750,67.8751,0.0105
29.9250,67.8751,0.0106
29.9750,67.8751,0.0106
30.0250,67.8751,0.0112
30.0750,67.8751,0.0112
30.1250,67.8751,0.0141
30.1750,67.8751,0.0122
30.2250,67.8751,0.0122
30.2750,67.8751,0.0154
30.3250,67.8751,0.0167
30.3750,67.8751,0.0170
30.4250,67.8751,0.0170
30.4750,67.8751,0.0183
30.5250,67.8751,0.0184
30.5750,67.8751,0.0184
30.6250,67.8751,0.0205
30.6750,67.8751,0.0205
30.7250,67.8751,0.0209
30.7750,67.8751,0.0227
30.8250,67.8751,0.0231
30.8750,67.8751,0.0231
30.9250,67.8751,0.0244
30.9750,67.8751,0.0256
31.0250,67.8751,0.0256
31.0750,67.8751,0.0263
31.1250,67.8751,0.0291
31.1750,67.8751,0.0294
31.2250,67.8751,0.0294
31.2750,67.8751,0.0322
31.3250,67.8751,0.0327
31.3750,67.8751,0.0327
31.4250,67.8751,0.0380
31.4750,67.8751,0.0380
31.5250,67.8751,0.0382
31.5750,67.8751,0.0429
20.5250,67.8252,0.0054
20.5750,67.8252,0.0054
20.6250,67.8252,0.0054
20.6750,67.8252,0.0052
20.7250,67.8252,0.0052
20.7750,67.8252,0.0052
20.8250,67.8252,0.0051
20.8750,67.8252,0.0009
20.9250,67.8252,0.0028
20.9750,67.8252,0.0000
21.0250,67.8252,0.0000
21.0750,67.8252,0.0000
21.1250,67.8252,0.0000
21.1750,67.8252,0.0000
21.2250,67.8252,0.0000
21.2750,67.8252,0.0000
21.3250,67.8252,0.0000
21.3750,67.8252,0.0000
21.4250,67.8252,0.0000
21.4750,67.8252,0.0000
21.5250,67.8252,0.0000
21.5750,67.8252,0.0000
21.6250,67.8252,0.0000
21.6750,67.8252,0.0000
21.7250,67.8252,0.0000
21.7750,67.8252,0.0000
21.8250,67.8252,0.0000
21.8750,67.8252,0.0000
21.9250,67.8252,0.0000
21.9750,67.8252,0.0000
22.0250,67.8252,0.0000
22.0750,67.8252,0.0000
22.1250,67.8252,0.0000
22.1750,67.8252,0.0000
22.2250,67.8252,0.0000
22.2750,67.8252,0.0000
22.3250,67.8252,0.0000
22.3750,67.8252,0.0000
22.4250,67.8252,0.0000
22.4750,67.8252,0.0000
22.5250,67.8252,0.0000
22.5750,67.8252,0.0000
22.6250,67.8252,0.0000
22.6750,67.8252,0.0000
22.7250,67.8252,0.0000
22.7750,67.8252,0.0000
22.8250,67.8252,0.0000
22.8750,67.8252,0.0000
22.9250,67.8252,0.0000
22.9750,67.8252,0.0000
23.0250,67.8252,0.0000
23.0750,67.8252,0.0000
23.1250,67.8252,0.0000
23.1750,67.8252,0.0000
23.2250,67.8252,0.0000
23.2750,67.8252,0.0000
23.3250,67.8252,0.0000
23.3750,67.8252,0.0000
23.4250,67.8252,0.0000
23.4750,67.8252,0.0000
23.5250,67.8252,0.0000
23.5750,67.8252,0.0000
23.6250,67.8252,0.0000
23.6750,67.8252,0.0000
23.7250,67.8252,0.0000
23.7750,67.8252,0.0000
23.8250,67.8252,0.0000
23.8750,67.8252,0.0000
23.9250,67.8252,0.0000
23.9750,67.8252,0.0000
24.0250,67.8252,0.0000
24.0750,67.8252,0.0000
24.1250,67.8252,0.0000
24.1750,67.8252,0.0000
24.2250,67.8252,0.0000
24.2750,67.8252,0.0000
24.3250,67.8252,0.0000
24.3750,67.8252,0.0000
24.4250,67.8252,0.0000
24.4750,67.8252,0.0000
24.5250,67.8252,0.0000
24.5750,67.8252,0.0000
24.6250,67.8252,0.0000
24.6750,67.8252,0.0000
24.7250,67.8252,0.0000
24.7750,67.8252,0.0000
24.8250,67.8252,0.0000
24.8750,67.8252,0.0000
24.9250,67.8252,0.0000
24.9750,67.8252,0.0000
25.0250,67.8252,0.0000
25.0750,67.8252,0.0000
25.1250,67.8252,0.0000
25.1750,67.8252,0.0000
25.2250,67.8252,0.0000
25.2750,67.8252,0.0000
25.3250,67.8252,0.0000
25.3750,67.8252,0.0000
25.4250,67.8252,0.0000
25.4750,67.8252,0.0000
25.5250,67.8252,0.0000
25.5750,67.8252,0.0000
25.6250,67.8252,0.0000
25.6750,67.8252,0.0000
25.7250,67.8252,0.0000
25.7750,67.8252,0.0000
25.8250,67.8252,0.0000
25.8750,67.8252,0.0000
25.9250,67.8252,0.0000
25.9750,67.8252,0.0000
26.0250,67.8252,0.0000
26.0750,67.8252,0.0000
26.1250,67.8252,0.0000
26.1750,67.8252,0.0000
26.2250,67.8252,0.0000
26.2750,67.8252,0.0000
26.3250,67.8252,0.0000
26.3750,67.8252,0.0000
26.4250,67.8252,0.0000
26.4750,67.8252,0.0000
26.5250,67.8252,0.0000
26.5750,67.8252,0.0000
26.6250,67.8252,0.0000
26.6750,67.8252,0.0000
26.7250,67.8252,0.0000
26.7750,67.8252,0.0000
26.8250,67.8252,0.0000
26.8750,67.8252,0.0000
26.9250,67.8252,0.0000
26.9750,67.8252,0.0000
27.0250,67.8252,0.0000
27.0750,67.8252,0.0000
27.1250,67.8252,0.0000
27.1750,67.8252,0.0000
27.2250,67.8252,0.0050
27.2750,67.8252,0.0050
27.3250,67.8252,0.0050
27.3750,67.8252,0.0045
27.4250,67.8252,0.0051
27.4750,67.8252,0.0021
27.5250,67.8252,0.0052
27.5750,67.8252,0.0052
27.6250,67.8252,0.0051
27.6750,67.8252,0.0053
27.7250,67.8252,0.0052
27.7750,67.8252,0.0052
27.8250,67.8252,0.0053
27.8750,67.8252,0.0052
27.9250,67.8252,0.0053
27.9750,67.8252,0.0054
28.0250,67.8252,0.0054
28.0750,67.8252,0.0053
28.1250,67.8252,0.0055
28.1750,67.8252,0.0053
28.2250,67.8252,0.0054
28.2750,67.8252,0.0056
28.3250,67.8252,0.0054
28.3750,67.8252,0.0056
28.4250,67.8252,0.0056
28.4750,67.8252,0.0056
28.5250,67.8252,0.0055
28.5750,67.8252,0.0056
28.6250,67.8252,0.0056
28.6750,67.8252,0.0056
28.7250,67.8252,0.0057
28.7750,67.8252,0.0056
28.8250,67.8252,0.0058
28.8750,67.8252,0.0057
28.9250,67.8252,0.0057
28.9750,67.8252,0.0058
29.0250,67.8252,0.0058
29.0750,67.8252,0.0058
29.1250,67.8252,0.0063
29.1750,67.8252,0.0058
29.2250,67.8252,0.0077
29.2750,67.8252,0.0079
29.3250,67.8252,0.0079
29.3750,67.8252,0.0082
29.4250,67.8252,0.0084
29.4750,67.8252,0.0088
29.5250,67.8252,0.0088
29.5750,67.8252,0.0094
29.6250,67.8252,0.0096
29.6750,67.8252,0.0098
29.7250,67.8252,0.0103
29.7750,67.8252,0.0103
29.8250,67.8252,0.0105
29.8750,67.8252,0.0109
29.9250,67.8252,0.0111
29.9750,67.8252,0.0111
30.0250,67.8252,0.0115
30.0750,67.8252,0.0120
30.1250,67.8252,0.0120
30.1750,67.8252,0.0123
30.2250,67.8252,0.0130
30.2750,67.8252,0.0167
30.3250,67.8252,0.0166
30.3750,67.8252,0.0162
30.4250,67.8252,0.0181
30.4750,67.8252,0.0184
30.5250,67.8252,0.0200
30.5750,67.8252,0.0200
30.6250,67.8252,0.0205
30.6750,67.8252,0.0223
30.7250,67.8252,0.0226
30.7750,67.8252,0.0228
30.8250,67.8252,0.0245
30.8750,67.8252,0.0250
30.9250,67.8252,0.0250
30.9750,67.8252,0.0286
31.0250,67.8252,0.0286
31.0750,67.8252,0.0289
31.1250,67.8252,0.0318
31.1750,67.8252,0.0318
31.2250,67.8252,0.0322
31.2750,67.8252,0.0368
31.3250,67.8252,0.0375
31.3750,67.8252,0.0375
31.4250,67.8252,0.0408
31.4750,67.8252,0.0422
31.5250,67.8252,0.0422
31.5750,67.8252,0.0438
20.5250,67.7752,0.0055
20.5750,67.7752,0.0055
20.6250,67.7752,0.0054
20.6750,67.7752,0.0054
20.7250,67.7752,0.0054
20.7750,67.7752,0.0052
20.8250,67.7752,0.0052
20.8750,67.7752,0.0052
20.9250,67.7752,0.0051
20.9750,67.7752,0.0051
21.0250,67.7752,0.0000
21.0750,67.7752,0.0000
21.1250,67.7752,0.0000
21.1750,67.7752,0.0000
21.2250,67.7752,0.0000
21.2750,67.7752,0.0000
21.3250,67.7752,0.0000
21.3750,67.7752,0.0000
21.4250,67.7752,0.0000
21.4750,67.7752,0.0000
21.5250,67.7752,0.0000
21.5750,67.7752,0.0000
21.6250,67.7752,0.0000
21.6750,67.7752,0.0000
21.7250,67.7752,0.0000
21.7750,67.7752,0.0000
21.8250,67.7752,0.0000
21.8750,67.7752,0.0000
21.9250,67.7752,0.0000
21.9750,67.7752,0.0000
22.0250,67.7752,0.0000
22.0750,67.7752,0.0000
22.1250,67.7752,0.0000
22.1750,67.7752,0.0000
22.2250,67.7752,0.0000
22.2750,67.7752,0.0000
22.3250,67.7752,0.0000
22.3750,67.7752,0.0000
22.4250,67.7752,0.0000
22.4750,67.7752,0.0000
22.5250,67.7752,0.0000
22.5750,67.7752,0.0000
22.6250,67.7752,0.0000
22.6750,67.7752,0.0000
22.7250,67.7752,0.0000
22.7750,67.7752,0.0000
22.8250,67.7752,0.0000
22.8750,67.7752,0.0000
22.9250,67.7752,0.0000
22.9750,67.7752,0.0000
23.0250,67.7752,0.0000
23.0750,67.7752,0.0000
23.1250,67.7752,0.0000
23.1750,67.7752,0.0000
23.2250,67.7752,0.0000
23.2750,67.7752,0.0000
23.3250,67.7752,0.0000
23.3750,67.7752,0.0000
23.4250,67.7752,0.0000
23.4750,67.7752,0.0000
23.5250,67.7752,0.0000
23.5750,67.7752,0.0000
23.6250,67.7752,0.0000
23.6750,67.7752,0.0000
23.7250,67.7752,0.0000
23.7750,67.7752,0.0000
23.8250,67.7752,0.0000
23.8750,67.7752,0.0000
23.9250,67.7752,0.0000
23.9750,67.7752,0.0000
24.0250,67.7752,0.0000
24.0750,67.7752,0.0000
24.1250,67.7752,0.0000
24.1750,67.7752,0.0000
24.2250,67.7752,0.0000
24.2750,67.7752,0.0000
24.3250,67.7752,0.0000
24.3750,67.7752,0.0000
24.4250,67.7752,0.0000
24.4750,67.7752,0.0000
24.5250,67.7752,0.0000
24.5750,67.7752,0.0000
24.6250,67.7752,0.0000
24.6750,67.7752,0.0000
24.7250,67.7752,0.0000
24.7750,67.7752,0.0000
24.8250,67.7752,0.0000
24.8750,67.7752,0.0000
24.9250,67.7752,0.0000
24.9750,67.7752,0.0000
25.0250,67.7752,0.0000
25.0750,67.7752,0.0000
25.1250,67.7752,0.0000
25.1750,67.7752,0.0000
25.2250,67.7752,0.0000
25.2750,67.7752,0.0000
25.3250,67.7752,0.0000
25.3750,67.7752,0.0000
25.4250,67.7752,0.0000
25.4750,67.7752,0.0000
25.5250,67.7752,0.0000
25.5750,67.7752,0.0000
25.6250,67.7752,0.0000
25.6750,67.7752,0.0000
25.7250,67.7752,0.0000
25.7750,67.7752,0.0000
25.8250,67.7752,0.0000
25.8750,67.7752,0.0000
25.9250,67.7752,0.0000
25.9750,67.7752,0.0000
26.0250,67.7752,0.0000
26.0750,67.7752,0.0000
26.1250,67.7752,0.0000
26.1750,67.7752,0.0000
26.2250,67.7752,0.0000
26.2750,67.7752,0.0000
26.3250,67.7752,0.0000
26.3750,67.7752,0.0000
26.4250,67.7752,0.0000
26.4750,67.7752,0.0000
26.5250,67.7752,0.0000
26.5750,67.7752,0.0000
26.6250,67.7752,0.0000
26.6750,67.7752,0.0000
26.7250,67.7752,0.0000
26.7750,67.7752,0.0000
26.8250,67.7752,0.0000
26.8750,67.7752,0.0000
26.9250,67.7752,0.0001
26.9750,67.7752,0.0050
27.0250,67.7752,0.0050
27.0750,67.7752,0.0000
27.1250,67.7752,0.0052
27.1750,67.7752,0.0051
27.2250,67.7752,0.0051
27.2750,67.7752,0.0052
27.3250,67.7752,0.0052
27.3750,67.7752,0.0052
27.4250,67.7752,0.0053
27.4750,67.7752,0.0053
27.5250,67.7752,0.0052
27.5750,67.7752,0.0053
27.6250,67.7752,0.0053
27.6750,67.7752,0.0053
27.7250,67.7752,0.0054
27.7750,67.7752,0.0054
27.8250,67.7752,0.0055
27.8750,67.7752,0.0054
27.9250,67.7752,0.0054
27.9750,67.7752,0.0054
28.0250,67.7752,0.0055
28.0750,67.7752,0.0055
28.1250,67.7752,0.0056
28.1750,67.7752,0.0056
28.2250,67.7752,0.0056
28.2750,67.7752,0.0057
28.3250,67.7752,0.0056
28.3750,67.7752,0.0056
28.4250,67.7752,0.0058
28.4750,67.7752,0.0057
28.5250,67.7752,0.0057
28.5750,67.7752,0.0058
28.6250,67.7752,0.0058
28.6750,67.7752,0.0057
28.7250,67.7752,0.0059
28.7750,67.7752,0.0058
28.8250,67.7752,0.0058
28.8750,67.7752,0.0060
28.9250,67.7752,0.0059
28.9750,67.7752,0.0059
29.0250,67.7752,0.0060
29.0750,67.7752,0.0060
29.1250,67.7752,0.0058
29.1750,67.7752,0.0060
29.2250,67.7752,0.0060
29.2750,67.7752,0.0079
29.3250,67.7752,0.0081
29.3750,67.7752,0.0084
29.4250,67.7752,0.0084
29.4750,67.7752,0.0091
29.5250,67.7752,0.0091
29.5750,67.7752,0.0092
29.6250,67.7752,0.0099
29.6750,67.7752,0.0099
29.7250,67.7752,0.0103
29.7750,67.7752,0.0106
29.8250,67.7752,0.0109
29.8750,67.7752,0.0109
29.9250,67.7752,0.0115
29.9750,67.7752,0.0118
30.0250,67.7752,0.0118
30.0750,67.7752,0.0127
30.1250,67.7752,0.0127
30.1750,67.7752,0.0130
30.2250,67.7752,0.0137
30.2750,67.7752,0.0137
30.3250,67.7752,0.0139
30.3750,67.7752,0.0145
30.4250,67.7752,0.0194
30.4750,67.7752,0.0194
30.5250,67.7752,0.0215
30.5750,67.7752,0.0218
30.6250,67.7752,0.0219
30.6750,67.7752,0.0240
30.7250,67.7752,0.0240
30.7750,67.7752,0.0245
30.8250,67.7752,0.0268
30.8750,67.7752,0.0280
30.9250,67.7752,0.0280
30.9750,67.7752,0.0293
31.0250,67.7752,0.0312
31.0750,67.7752,0.0312
31.1250,67.7752,0.0319
31.1750,67.7752,0.0359
31.2250,67.7752,0.0368
31.2750,67.7752,0.0368
31.3250,67.7752,0.0408
31.3750,67.7752,0.0416
31.4250,67.7752,0.0417
31.4750,67.7752,0.0490
31.5250,67.7752,0.0490
31.5750,67.7752,0.0500
20.5250,67.7252,0.0057
20.5750,67.7252,0.0055
20.6250,67.7252,0.0056
20.6750,67.7252,0.0056
20.7250,67.7252,0.0054
20.7750,67.7252,0.0054
20.8250,67.7252,0.0053
20.8750,67.7252,0.0052
20.9250,67.7252,0.0053
20.9750,67.7252,0.0051
21.0250,67.7252,0.0051
21.0750,67.7252,0.0051
21.1250,67.7252,0.0000
21.1750,67.7252,0.0000
21.2250,67.7252,0.0000
21.2750,67.7252,0.0000
21.3250,67.7252,0.0000
21.3750,67.7252,0.0000
21.4250,67.7252,0.0000
21.4750,67.7252,0.0000
21.5250,67.7252,0.0000
21.5750,67.7252,0.0000
21.6250,67.7252,0.0000
21.6750,67.7252,0.0000
21.7250,67.7252,0.0000
21.7750,67.7252,0.0000
21.8250,67.7252,0.0000
21.8750,67.7252,0.0000
21.9250,67.7252,0.0000
21.9750,67.7252,0.0000
22.0250,67.7252,0.0000
22.0750,67.7252,0.0000
22.1250,67.7252,0.0000
22.1750,67.7252,0.0000
22.2250,67.7252,0.0000
22.2750,67.7252,0.0000
22.3250,67.7252,0.0000
22.3750,67.7252,0.0000
22.4250,67.7252,0.0000
22.4750,67.7252,0.0000
22.5250,67.7252,0.0000
22.5750,67.7252,0.0000
22.6250,67.7252,0.0000
22.6750,67.7252,0.0000
22.7250,67.7252,0.0000
22.7750,67.7252,0.0000
22.8250,67.7252,0.0000
22.8750,67.7252,0.0000
22.9250,67.7252,0.0000
22.9750,67.7252,0.0000
23.0250,67.7252,0.0000
23.0750,67.7252,0.0000
23.1250,67.7252,0.0000
23.1750,67.7252,0.0000
23.2250,67.7252,0.0000
23.2750,67.7252,0.0000
23.3250,67.7252,0.0000
23.3750,67.7252,0.0000
23.4250,67.7252,0.0000
23.4750,67.7252,0.0000
23.5250,67.7252,0.0000
23.5750,67.7252,0.0000
23.6250,67.7252,0.0000
23.6750,67.7252,0.0000
23.7250,67.7252,0.0000
23.7750,67.7252,0.0000
23.8250,67.7252,0.0000
23.8750,67.7252,0.0000
23.9250,67.7252,0.0000
23.9750,67.7252,0.0000
24.0250,67.7252,0.0000
24.0750,67.7252,0.0000
24.1250,67.7252,0.0000
24.1750,67.7252,0.0000
24.2250,67.7252,0.0000
24.2750,67.7252,0.0000
24.3250,67.7252,0.0000
24.3750,67.7252,0.0000
24.4250,67.7252,0.0000
24.4750,67.7252,0.0000
24.5250,67.7252,0.0000
24.5750,67.7252,0.0000
24.6250,67.7252,0.0000
24.6750,67.7252,0.0000
24.7250,67.7252,0.0000
24.7750,67.7252,0.0000
24.8250,67.7252,0.0000
24.8750,67.7252,0.0000
24.9250,67.7252,0.0000
24.9750,67.7252,0.0000
25.0250,67.7252,0.0000
25.0750,67.7252,0.0000
25.1250,67.7252,0.0000
25.1750,67.7252,0.0000
25.2250,67.7252,0.0000
25.2750,67.7252,0.0000
25.3250,67.7252,0.0000
25.3750,67.7252,0.0000
25.4250,67.7252,0.0000
25.4750,67.7252,0.0000
25.5250,67.7252,0.0000
25.5750,67.7252,0.0000
25.6250,67.7252,0.0000
25.6750,67.7252,0.0000
25.7250,67.7252,0.0000
25.7750,67.7252,0.0000
25.8250,67.7252,0.0000
25.8750,67.7252,0.0000
25.9250,67.7252,0.0000
25.9750,67.7252,0.0000
26.0250,67.7252,0.0000
26.0750,67.7252,0.0000
26.1250,67.7252,0.0000
26.1750,67.7252,0.0000
26.2250,67.7252,0.0000
26.2750,67.7252,0.0000
26.3250,67.7252,0.0000
26.3750,67.7252,0.0000
26.4250,67.7252,0.0000
26.4750,67.7252,0.0000
26.5250,67.7252,0.0000
26.5750,67.7252,0.0000
26.6250,67.7252,0.0000
26.6750,67.7252,0.0000
26.7250,67.7252,0.0051
26.7750,67.7252,0.0000
26.8250,67.7252,0.0001
26.8750,67.7252,0.0051
26.9250,67.7252,0.0051
26.9750,67.7252,0.0050
27.0250,67.7252,0.0052
27.0750,67.7252,0.0052
27.1250,67.7252,0.0052
27.1750,67.7252,0.0053
27.2250,67.7252,0.0052
27.2750,67.7252,0.0054
27.3250,67.7252,0.0053
27.3750,67.7252,0.0053
27.4250,67.7252,0.0053
27.4750,67.7252,0.0054
27.5250,67.7252,0.0054
27.5750,67.7252,0.0055
27.6250,67.7252,0.0055
27.6750,67.7252,0.0054
27.7250,67.7252,0.0056
27.7750,67.7252,0.0055
27.8250,67.7252,0.0055
27.8750,67.7252,0.0057
27.9250,67.7252,0.0056
27.9750,67.7252,0.0056
28.0250,67.7252,0.0057
28.0750,67.7252,0.0057
28.1250,67.7252,0.0056
28.1750,67.7252,0.0058
28.2250,67.7252,0.0057
28.2750,67.7252,0.0057
28.3250,67.7252,0.0059
28.3750,67.7252,0.0058
28.4250,67.7252,0.0059
28.4750,67.7252,0.0059
28.5250,67.7252,0.0059
28.5750,67.7252,0.0058
28.6250,67.7252,0.0060
28.6750,67.7252,0.0060
28.7250,67.7252,0.0059
28.7750,67.7252,0.0061
28.8250,67.7252,0.0060
28.8750,67.7252,0.0061
28.9250,67.7252,0.0060
28.9750,67.7252,0.0060
29.0250,67.7252,0.0062
29.0750,67.7252,0.0061
29.1250,67.7252,0.0061
29.1750,67.7252,0.0061
29.2250,67.7252,0.0062
29.2750,67.7252,0.0081
29.3250,67.7252,0.0069
29.3750,67.7252,0.0071
29.4250,67.7252,0.0086
29.4750,67.7252,0.0088
29.5250,67.7252,0.0094
29.5750,67.7252,0.0094
29.6250,67.7252,0.0099
29.6750,67.7252,0.0101
29.7250,67.7252,0.0106
29.7750,67.7252,0.0106
29.8250,67.7252,0.0108
29.8750,67.7252,0.0115
29.9250,67.7252,0.0116
29.9750,67.7252,0.0125
30.0250,67.7252,0.0125
30.0750,67.7252,0.0128
30.1250,67.7252,0.0134
30.1750,67.7252,0.0134
30.2250,67.7252,0.0137
30.2750,67.7252,0.0143
30.3250,67.7252,0.0145
30.3750,67.7252,0.0145
30.4250,67.7252,0.0212
30.4750,67.7252,0.0212
30.5250,67.7252,0.0214
30.5750,67.7252,0.0235
30.6250,67.7252,0.0235
30.6750,67.7252,0.0240
30.7250,67.7252,0.0262
30.7750,67.7252,0.0271
30.8250,67.7252,0.0271
30.8750,67.7252,0.0297
30.9250,67.7252,0.0305
30.9750,67.7252,0.0305
31.0250,67.7252,0.0347
31.0750,67.7252,0.0347
31.1250,67.7252,0.0359
31.1750,67.7252,0.0397
31.2250,67.7252,0.0397
31.2750,67.7252,0.0408
31.3250,67.7252,0.0456
31.3750,67.7252,0.0477
31.4250,67.7252,0.0477
31.4750,67.7252,0.0516
31.5250,67.7252,0.0546
31.5750,67.7252,0.0546
20.5250,67.6752,0.0057
20.5750,67.6752,0.0058
20.6250,67.6752,0.0058
20.6750,67.6752,0.0056
20.7250,67.6752,0.0056
20.7750,67.6752,0.0055
20.8250,67.6752,0.0054
20.8750,67.6752,0.0055
20.9250,67.6752,0.0053
20.9750,67.6752,0.0053
21.0250,67.6752,0.0053
21.0750,67.6752,0.0051
21.1250,67.6752,0.0052
21.1750,67.6752,0.0052
21.2250,67.6752,0.0000
21.2750,67.6752,0.0052
21.3250,67.6752,0.0000
21.3750,67.6752,0.0000
21.4250,67.6752,0.0051
21.4750,67.6752,0.0000
21.5250,67.6752,0.0000
21.5750,67.6752,0.0000
21.6250,67.6752,0.0000
21.6750,67.6752,0.0000
21.7250,67.6752,0.0000
21.7750,67.6752,0.0000
21.8250,67.6752,0.0000
21.8750,67.6752,0.0000
21.9250,67.6752,0.0000
21.9750,67.6752,0.0000
22.0250,67.6752,0.0000
22.0750,67.6752,0.0000
22.1250,67.6752,0.0000
22.1750,67.6752,0.0000
22.2250,67.6752,0.0000
22.2750,67.6752,0.0000
22.3250,67.6752,0.0000
22.3750,67.6752,0.0000
22.4250,67.6752,0.0000
22.4750,67.6752,0.0000
22.5250,67.6752,0.0000
22.5750,67.6752,0.0000
22.6250,67.6752,0.0000
22.6750,67.6752,0.0000
22.7250,67.6752,0.0000
22.7750,67.6752,0.0000
22.8250,67.6752,0.0000
22.8750,67.6752,0.0000
22.9250,67.6752,0.0000
22.9750,67.6752,0.0000
23.0250,67.6752,0.0000
23.0750,67.6752,0.0000
23.1250,67.6752,0.0000
23.1750,67.6752,0.0000
23.2250,67.6752,0.0000
23.2750,67.6752,0.0000
23.3250,67.6752,0.0000
23.3750,67.6752,0.0000
23.4250,67.6752,0.0000
23.4750,67.6752,0.0000
23.5250,67.6752,0.0000
23.5750,67.6752,0.0000
23.6250,67.6752,0.0000
23.6750,67.6752,0.0000
23.7250,67.6752,0.0000
23.7750,67.6752,0.0000
23.8250,67.6752,0.0000
23.8750,67.6752,0.0000
23.9250,67.6752,0.0000
23.9750,67.6752,0.0000
24.0250,67.6752,0.0000
24.0750,67.6752,0.0000
24.1250,67.6752,0.0000
24.1750,67.6752,0.0000
24.2250,67.6752,0.0000
24.2750,67.6752,0.0000
24.3250,67.6752,0.0000
24.3750,67.6752,0.0000
24.4250,67.6752,0.0000
24.4750,67.6752,0.0000
24.5250,67.6752,0.0000
24.5750,67.6752,0.0000
24.6250,67.6752,0.0000
24.6750,67.6752,0.0000
24.7250,67.6752,0.0000
24.7750,67.6752,0.0000
24.8250,67.6752,0.0000
24.8750,67.6752,0.0000
24.9250,67.6752,0.0000
24.9750,67.6752,0.0000
25.0250,67.6752,0.0000
25.0750,67.6752,0.0000
25.1250,67.6752,0.0000
25.1750,67.6752,0.0000
25.2250,67.6752,0.0000
25.2750,67.6752,0.0000
25.3250,67.6752,0.0000
25.3750,67.6752,0.0000
25.4250,67.6752,0.0000
25.4750,67.6752,0.0000
25.5250,67.6752,0.0000
25.5750,67.6752,0.0000
25.6250,67.6752,0.0000
25.6750,67.6752,0.0000
25.7250,67.6752,0.0000
25.7750,67.6752,0.0000
25.8250,67.6752,0.0000
25.8750,67.6752,0.0000
25.9250,67.6752,0.0000
25.9750,67.6752,0.0000
26.0250,67.6752,0.0000
26.0750,67.6752,0.0000
26.1250,67.6752,0.0000
26.1750,67.6752,0.0049
26.2250,67.6752,0.0000
26.2750,67.6752,0.0000
26.3250,67.6752,0.0000
26.3750,67.6752,0.0000
26.4250,67.6752,0.0000
26.4750,67.6752,0.0051
26.5250,67.6752,0.0051
26.5750,67.6752,0.0000
26.6250,67.6752,0.0052
26.6750,67.6752,0.0051
26.7250,67.6752,0.0051
26.7750,67.6752,0.0052
26.8250,67.6752,0.0052
26.8750,67.6752,0.0052
26.9250,67.6752,0.0053
26.9750,67.6752,0.0053
27.0250,67.6752,0.0054
27.0750,67.6752,0.0054
27.1250,67.6752,0.0053
27.1750,67.6752,0.0055
27.2250,67.6752,0.0054
27.2750,67.6752,0.0054
27.3250,67.6752,0.0056
27.3750,67.6752,0.0055
27.4250,67.6752,0.0055
27.4750,67.6752,0.0056
27.5250,67.6752,0.0056
27.5750,67.6752,0.0055
27.6250,67.6752,0.0058
27.6750,67.6752,0.0056
27.7250,67.6752,0.0056
27.7750,67.6752,0.0059
27.8250,67.6752,0.0057
27.8750,67.6752,0.0058
27.9250,67.6752,0.0058
27.9750,67.6752,0.0058
28.0250,67.6752,0.0058
28.0750,67.6752,0.0059
28.1250,67.6752,0.0059
28.1750,67.6752,0.0060
28.2250,67.6752,0.0060
28.2750,67.6752,0.0059
28.3250,67.6752,0.0061
28.3750,67.6752,0.0060
28.4250,67.6752,0.0060
28.4750,67.6752,0.0062
28.5250,67.6752,0.0061
28.5750,67.6752,0.0061
28.6250,67.6752,0.0062
28.6750,67.6752,0.0062
28.7250,67.6752,0.0061
28.7750,67.6752,0.0063
28.8250,67.6752,0.0062
28.8750,67.6752,0.0062
28.9250,67.6752,0.0064
28.9750,67.6752,0.0063
29.0250,67.6752,0.0063
29.0750,67.6752,0.0063
29.1250,67.6752,0.0063
29.1750,67.6752,0.0062
29.2250,67.6752,0.0064
29.2750,67.6752,0.0064
29.3250,67.6752,0.0063
29.3750,67.6752,0.0065
29.4250,67.6752,0.0089
29.4750,67.6752,0.0089
29.5250,67.6752,0.0096
29.5750,67.6752,0.0096
29.6250,67.6752,0.0096
29.6750,67.6752,0.0103
29.7250,67.6752,0.0103
29.7750,67.6752,0.0108
29.8250,67.6752,0.0111
29.8750,67.6752,0.0118
29.9250,67.6752,0.0118
29.9750,67.6752,0.0126
30.0250,67.6752,0.0131
30.0750,67.6752,0.0131
30.1250,67.6752,0.0140
30.1750,67.6752,0.0140
30.2250,67.6752,0.0143
30.2750,67.6752,0.0151
30.3250,67.6752,0.0154
30.3750,67.6752,0.0156
30.4250,67.6752,0.0165
30.4750,67.6752,0.0228
30.5250,67.6752,0.0228
30.5750,67.6752,0.0247
30.6250,67.6752,0.0251
30.6750,67.6752,0.0261
30.7250,67.6752,0.0284
30.7750,67.6752,0.0287
30.8250,67.6752,0.0297
30.8750,67.6752,0.0310
30.9250,67.6752,0.0332
30.9750,67.6752,0.0332
31.0250,67.6752,0.0353
31.0750,67.6752,0.0384
31.1250,67.6752,0.0384
31.1750,67.6752,0.0397
31.2250,67.6752,0.0437
31.2750,67.6752,0.0459
31.3250,67.6752,0.0459
31.3750,67.6752,0.0529
31.4250,67.6752,0.0530
31.4750,67.6752,0.0531
31.5250,67.6752,0.0627
31.5750,67.6752,0.0627
20.5250,67.6252,0.0060
20.5750,67.6252,0.0060
20.6250,67.6252,0.0060
20.6750,67.6252,0.0059
20.7250,67.6252,0.0058
20.7750,67.6252,0.0059
20.8250,67.6252,0.0057
20.8750,67.6252,0.0055
20.9250,67.6252,0.0056
20.9750,67.6252,0.0056
21.0250,67.6252,0.0054
21.0750,67.6252,0.0054
21.1250,67.6252,0.0054
21.1750,67.6252,0.0055
21.2250,67.6252,0.0053
21.2750,67.6252,0.0052
21.3250,67.6252,0.0052
21.3750,67.6252,0.0052
21.4250,67.6252,0.0051
21.4750,67.6252,0.0051
21.5250,67.6252,0.0051
21.5750,67.6252,0.0000
21.6250,67.6252,0.0050
21.6750,67.6252,0.0004
21.7250,67.6252,0.0000
21.7750,67.6252,0.0000
21.8250,67.6252,0.0000
21.8750,67.6252,0.0000
21.9250,67.6252,0.0000
21.9750,67.6252,0.0000
22.0250,67.6252,0.0000
22.0750,67.6252,0.0000
22.1250,67.6252,0.0000
22.1750,67.6252,0.0000
22.2250,67.6252,0.0000
22.2750,67.6252,0.0000
22.3250,67.6252,0.0000
22.3750,67.6252,0.0000
22.4250,67.6252,0.0000
22.4750,67.6252,0.0000
22.5250,67.6252,0.0000
22.5750,67.6252,0.0000
22.6250,67.6252,0.0000
22.6750,67.6252,0.0000
22.7250,67.6252,0.0000
22.7750,67.6252,0.0000
22.8250,67.6252,0.0000
22.8750,67.6252,0.0000
22.9250,67.6252,0.0000
22.9750,67.6252,0.0000
23.0250,67.6252,0.0000
23.0750,67.6252,0.0000
23.1250,67.6252,0.0000
23.1750,67.6252,0.0000
23.2250,67.6252,0.0000
23.2750,67.6252,0.0000
23.3250,67.6252,0.0000
23.3750,67.6252,0.0000
23.4250,67.6252,0.0000
23.4750,67.6252,0.0000
23.5250,67.6252,0.0000
23.5750,67.6252,0.0000
23.6250,67.6252,0.0000
23.6750,67.6252,0.0000
23.7250,67.6252,0.0000
23.7750,67.6252,0.0000
23.8250,67.6252,0.0000
23.8750,67.6252,0.0000
23.9250,67.6252,0.0000
23.9750,67.6252,0.0000
24.0250,67.6252,0.0000
24.0750,67.6252,0.0000
24.1250,67.6252,0.0000
24.1750,67.6252,0.0000
24.2250,67.6252,0.0000
24.2750,67.6252,0.0000
24.3250,67.6252,0.0000
24.3750,67.6252,0.0000
24.4250,67.6252,0.0000
24.4750,67.6252,0.0000
24.5250,67.6252,0.0000
24.5750,67.6252,0.0000
24.6250,67.6252,0.0000
24.6750,67.6252,0.0000
24.7250,67.6252,0.0000
24.7750,67.6252,0.0000
24.8250,67.6252,0.0000
24.8750,67.6252,0.0000
24.9250,67.6252,0.0000
24.9750,67.6252,0.0000
25.0250,67.6252,0.0000
25.0750,67.6252,0.0000
25.1250,67.6252,0.0000
25.1750,67.6252,0.0000
25.2250,67.6252,0.0000
25.2750,67.6252,0.0000
25.3250,67.6252,0.0000
25.3750,67.6252,0.0000
25.4250,67.6252,0.0000
25.4750,67.6252,0.0000
25.5250,67.6252,0.0000
25.5750,67.6252,0.0000
25.6250,67.6252,0.0000
25.6750,67.6252,0.0000
25.7250,67.6252,0.0000
25.7750,67.6252,0.0000
25.8250,67.6252,0.0000
25.8750,67.6252,0.0000
25.9250,67.6252,0.0000
25.9750,67.6252,0.0000
26.0250,67.6252,0.0000
26.0750,67.6252,0.0051
26.1250,67.6252,0.0050
26.1750,67.6252,0.0050
26.2250,67.6252,0.0048
26.2750,67.6252,0.0051
26.3250,67.6252,0.0050
26.3750,67.6252,0.0052
26.4250,67.6252,0.0052
26.4750,67.6252,0.0051
26.5250,67.6252,0.0053
26.5750,67.6252,0.0052
26.6250,67.6252,0.0054
26.6750,67.6252,0.0054
26.7250,67.6252,0.0053
26.7750,67.6252,0.0055
26.8250,67.6252,0.0054
26.8750,67.6252,0.0054
26.9250,67.6252,0.0055
26.9750,67.6252,0.0055
27.0250,67.6252,0.0054
27.0750,67.6252,0.0056
27.1250,67.6252,0.0056
27.1750,67.6252,0.0055
27.2250,67.6252,0.0057
27.2750,67.6252,0.0056
27.3250,67.6252,0.0057
27.3750,67.6252,0.0058
27.4250,67.6252,0.0058
27.4750,67.6252,0.0056
27.5250,67.6252,0.0059
27.5750,67.6252,0.0059
27.6250,67.6252,0.0059
27.6750,67.6252,0.0060
27.7250,67.6252,0.0059
27.7750,67.6252,0.0060
27.8250,67.6252,0.0059
27.8750,67.6252,0.0059
27.9250,67.6252,0.0061
27.9750,67.6252,0.0060
28.0250,67.6252,0.0060
28.0750,67.6252,0.0061
28.1250,67.6252,0.0061
28.1750,67.6252,0.0060
28.2250,67.6252,0.0062
28.2750,67.6252,0.0062
28.3250,67.6252,0.0061
28.3750,67.6252,0.0063
28.4250,67.6252,0.0062
28.4750,67.6252,0.0062
28.5250,67.6252,0.0063
28.5750,67.6252,0.0063
28.6250,67.6252,0.0062
28.6750,67.6252,0.0064
28.7250,67.6252,0.0064
28.7750,67.6252,0.0063
28.8250,67.6252,0.0065
28.8750,67.6252,0.0064
28.9250,67.6252,0.0064
28.9750,67.6252,0.0064
29.0250,67.6252,0.0064
29.0750,67.6252,0.0065
29.1250,67.6252,0.0065
29.1750,67.6252,0.0065
29.2250,67.6252,0.0064
29.2750,67.6252,0.0066
29.3250,67.6252,0.0065
29.3750,67.6252,0.0065
29.4250,67.6252,0.0066
29.4750,67.6252,0.0065
29.5250,67.6252,0.0081
29.5750,67.6252,0.0099
29.6250,67.6252,0.0099
29.6750,67.6252,0.0103
29.7250,67.6252,0.0108
29.7750,67.6252,0.0111
29.8250,67.6252,0.0111
29.8750,67.6252,0.0119
29.9250,67.6252,0.0126
29.9750,67.6252,0.0127
30.0250,67.6252,0.0137
30.0750,67.6252,0.0137
30.1250,67.6252,0.0140
30.1750,67.6252,0.0145
30.2250,67.6252,0.0145
30.2750,67.6252,0.0151
30.3250,67.6252,0.0160
30.3750,67.6252,0.0166
30.4250,67.6252,0.0166
30.4750,67.6252,0.0242
30.5250,67.6252,0.0242
30.5750,67.6252,0.0245
30.6250,67.6252,0.0275
30.6750,67.6252,0.0275
30.7250,67.6252,0.0287
30.7750,67.6252,0.0308
30.8250,67.6252,0.0319
30.8750,67.6252,0.0319
30.9250,67.6252,0.0355
30.9750,67.6252,0.0368
31.0250,67.6252,0.0368
31.0750,67.6252,0.0415
31.1250,67.6252,0.0415
31.1750,67.6252,0.0437
31.2250,67.6252,0.0486
31.2750,67.6252,0.0503
31.3250,67.6252,0.0510
31.3750,67.6252,0.0545
31.4250,67.6252,0.0593
31.4750,67.6252,0.0593
31.5250,67.6252,0.0649
31.5750,67.6252,0.0690
20.5250,67.5752,0.0062
20.5750,67.5752,0.0062
20.6250,67.5752,0.0060
20.6750,67.5752,0.0061
20.7250,67.5752,0.0061
20.7750,67.5752,0.0059
20.8250,67.5752,0.0059
20.8750,67.5752,0.0057
20.9250,67.5752,0.0057
20.9750,67.5752,0.0058
21.0250,67.5752,0.0056
21.0750,67.5752,0.0056
21.1250,67.5752,0.0057
21.1750,67.5752,0.0055
21.2250,67.5752,0.0055
21.2750,67.5752,0.0054
21.3250,67.5752,0.0054
21.3750,67.5752,0.0055
21.4250,67.5752,0.0053
21.4750,67.5752,0.0053
21.5250,67.5752,0.0053
21.5750,67.5752,0.0052
21.6250,67.5752,0.0050
21.6750,67.5752,0.0051
21.7250,67.5752,0.0051
21.7750,67.5752,0.0000
21.8250,67.5752,0.0000
21.8750,67.5752,0.0000
21.9250,67.5752,0.0001
21.9750,67.5752,0.0000
22.0250,67.5752,0.0000
22.0750,67.5752,0.0000
22.1250,67.5752,0.0000
22.1750,67.5752,0.0000
22.2250,67.5752,0.0000
22.2750,67.5752,0.0000
22.3250,67.5752,0.0000
22.3750,67.5752,0.0000
22.4250,67.5752,0.0000
22.4750,67.5752,0.0000
22.5250,67.5752,0.0000
22.5750,67.5752,0.0000
22.6250,67.5752,0.0000
22.6750,67.5752,0.0000
22.7250,67.5752,0.0000
22.7750,67.5752,0.0000
22.8250,67.5752,0.0000
22.8750,67.5752,0.0000
22.9250,67.5752,0.0000
22.9750,67.5752,0.0000
23.0250,67.5752,0.0000
23.0750,67.5752,0.0000
23.1250,67.5752,0.0000
23.1750,67.5752,0.0000
23.2250,67.5752,0.0000
23.2750,67.5752,0.0000
23.3250,67.5752,0.0000
23.3750,67.5752,0.0000
23.4250,67.5752,0.0000
23.4750,67.5752,0.0000
23.5250,67.5752,0.0000
23.5750,67.5752,0.0000
23.6250,67.5752,0.0000
23.6750,67.5752,0.0000
23.7250,67.5752,0.0000
23.7750,67.5752,0.0000
23.8250,67.5752,0.0000
23.8750,67.5752,0.0000
23.9250,67.5752,0.0000
23.9750,67.5752,0.0000
24.0250,67.5752,0.0000
24.0750,67.5752,0.0000
24.1250,67.5752,0.0000
24.1750,67.5752,0.0000
24.2250,67.5752,0.0000
24.2750,67.5752,0.0000
24.3250,67.5752,0.0000
24.3750,67.5752,0.0000
24.4250,67.5752,0.0000
24.4750,67.5752,0.0000
24.5250,67.5752,0.0000
24.5750,67.5752,0.0000
24.6250,67.5752,0.0000
24.6750,67.5752,0.0000
24.7250,67.5752,0.0000
24.7750,67.5752,0.0000
24.8250,67.5752,0.0000
24.8750,67.5752,0.0000
24.9250,67.5752,0.0000
24.9750,67.5752,0.0000
25.0250,67.5752,0.0000
25.0750,67.5752,0.0000
25.1250,67.5752,0.0000
25.1750,67.5752,0.0000
25.2250,67.5752,0.0000
25.2750,67.5752,0.0000
25.3250,67.5752,0.0000
25.3750,67.5752,0.0000
25.4250,67.5752,0.0000
25.4750,67.5752,0.0000
25.5250,67.5752,0.0000
25.5750,67.5752,0.0000
25.6250,67.5752,0.0000
25.6750,67.5752,0.0045
25.7250,67.5752,0.0000
25.7750,67.5752,0.0000
25.8250,67.5752,0.0042
25.8750,67.5752,0.0051
25.9250,67.5752,0.0000
25.9750,67.5752,0.0051
26.0250,67.5752,0.0051
26.0750,67.5752,0.0051
26.1250,67.5752,0.0052
26.1750,67.5752,0.0052
26.2250,67.5752,0.0053
26.2750,67.5752,0.0053
26.3250,67.5752,0.0053
26.3750,67.5752,0.0052
26.4250,67.5752,0.0054
26.4750,67.5752,0.0054
26.5250,67.5752,0.0055
26.5750,67.5752,0.0055
26.6250,67.5752,0.0055
26.6750,67.5752,0.0056
26.7250,67.5752,0.0055
26.7750,67.5752,0.0055
26.8250,67.5752,0.0056
26.8750,67.5752,0.0056
26.9250,67.5752,0.0057
26.9750,67.5752,0.0057
27.0250,67.5752,0.0057
27.0750,67.5752,0.0056
27.1250,67.5752,0.0057
27.1750,67.5752,0.0057
27.2250,67.5752,0.0058
27.2750,67.5752,0.0058
27.3250,67.5752,0.0058
27.3750,67.5752,0.0060
27.4250,67.5752,0.0059
27.4750,67.5752,0.0059
27.5250,67.5752,0.0060
27.5750,67.5752,0.0060
27.6250,67.5752,0.0060
27.6750,67.5752,0.0061
27.7250,67.5752,0.0061
27.7750,67.5752,0.0060
27.8250,67.5752,0.0062
27.8750,67.5752,0.0061
27.9250,67.5752,0.0061
27.9750,67.5752,0.0062
28.0250,67.5752,0.0062
28.0750,67.5752,0.0061
28.1250,67.5752,0.0063
28.1750,67.5752,0.0063
28.2250,67.5752,0.0062
28.2750,67.5752,0.0064
28.3250,67.5752,0.0063
28.3750,67.5752,0.0065
28.4250,67.5752,0.0064
28.4750,67.5752,0.0064
28.5250,67.5752,0.0066
28.5750,67.5752,0.0065
28.6250,67.5752,0.0065
28.6750,67.5752,0.0066
28.7250,67.5752,0.0066
28.7750,67.5752,0.0065
28.8250,67.5752,0.0067
28.8750,67.5752,0.0066
28.9250,67.5752,0.0066
28.9750,67.5752,0.0068
29.0250,67.5752,0.0067
29.0750,67.5752,0.0067
29.1250,67.5752,0.0068
29.1750,67.5752,0.0068
29.2250,67.5752,0.0066
29.2750,67.5752,0.0069
29.3250,67.5752,0.0069
29.3750,67.5752,0.0068
29.4250,67.5752,0.0070
29.4750,67.5752,0.0096
29.5250,67.5752,0.0096
29.5750,67.5752,0.0104
29.6250,67.5752,0.0104
29.6750,67.5752,0.0105
29.7250,67.5752,0.0113
29.7750,67.5752,0.0113
29.8250,67.5752,0.0119
29.8750,67.5752,0.0127
29.9250,67.5752,0.0133
29.9750,67.5752,0.0133
30.0250,67.5752,0.0140
30.0750,67.5752,0.0142
30.1250,67.5752,0.0142
30.1750,67.5752,0.0154
30.2250,67.5752,0.0154
30.2750,67.5752,0.0160
30.3250,67.5752,0.0168
30.3750,67.5752,0.0174
30.4250,67.5752,0.0174
30.4750,67.5752,0.0239
30.5250,67.5752,0.0262
30.5750,67.5752,0.0262
30.6250,67.5752,0.0288
30.6750,67.5752,0.0296
30.7250,67.5752,0.0308
30.7750,67.5752,0.0319
30.8250,67.5752,0.0329
30.8750,67.5752,0.0350
30.9250,67.5752,0.0361
30.9750,67.5752,0.0399
31.0250,67.5752,0.0399
31.0750,67.5752,0.0419
31.1250,67.5752,0.0457
31.1750,67.5752,0.0459
31.2250,67.5752,0.0486
31.2750,67.5752,0.0525
31.3250,67.5752,0.0552
31.3750,67.5752,0.0552
31.4250,67.5752,0.0652
31.4750,67.5752,0.0652
31.5250,67.5752,0.0666
31.5750,67.5752,0.0743
20.5250,67.5252,0.0064
20.5750,67.5252,0.0062
20.6250,67.5252,0.0062
20.6750,67.5252,0.0062
20.7250,67.5252,0.0061
20.7750,67.5252,0.0061
20.8250,67.5252,0.0059
20.8750,67.5252,0.0059
20.9250,67.5252,0.0059
20.9750,67.5252,0.0058
21.0250,67.5252,0.0058
21.0750,67.5252,0.0058
21.1250,67.5252,0.0057
21.1750,67.5252,0.0057
21.2250,67.5252,0.0055
21.2750,67.5252,0.0055
21.3250,67.5252,0.0056
21.3750,67.5252,0.0055
21.4250,67.5252,0.0055
21.4750,67.5252,0.0055
21.5250,67.5252,0.0053
21.5750,67.5252,0.0054
21.6250,67.5252,0.0053
21.6750,67.5252,0.0052
21.7250,67.5252,0.0053
21.7750,67.5252,0.0052
21.8250,67.5252,0.0052
21.8750,67.5252,0.0052
21.9250,67.5252,0.0051
21.9750,67.5252,0.0048
22.0250,67.5252,0.0000
22.0750,67.5252,0.0000
22.1250,67.5252,0.0000
22.1750,67.5252,0.0000
22.2250,67.5252,0.0001
22.2750,67.5252,0.0000
22.3250,67.5252,0.0000
22.3750,67.5252,0.0000
22.4250,67.5252,0.0000
22.4750,67.5252,0.0000
22.5250,67.5252,0.0000
22.5750,67.5252,0.0000
22.6250,67.5252,0.0000
22.6750,67.5252,0.0000
22.7250,67.5252,0.0000
22.7750,67.5252,0.0000
22.8250,67.5252,0.0000
22.8750,67.5252,0.0000
22.9250,67.5252,0.0000
22.9750,67.5252,0.0000
23.0250,67.5252,0.0000
23.0750,67.5252,0.0000
23.1250,67.5252,0.0000
23.1750,67.5252,0.0000
23.2250,67.5252,0.0000
23.2750,67.5252,0.0000
23.3250,67.5252,0.0000
23.3750,67.5252,0.0000
23.4250,67.5252,0.0000
23.4750,67.5252,0.0000
23.5250,67.5252,0.0000
23.5750,67.5252,0.0000
23.6250,67.5252,0.0000
23.6750,67.5252,0.0000
23.7250,67.5252,0.0000
23.7750,67.5252,0.0000
23.8250,67.5252,0.0000
23.8750,67.5252,0.0000
23.9250,67.5252,0.0000
23.9750,67.5252,0.0000
24.0250,67.5252,0.0000
24.0750,67.5252,0.0000
24.1250,67.5252,0.0000
24.1750,67.5252,0.0000
24.2250,67.5252,0.0000
24.2750,67.5252,0.0000
24.3250,67.5252,0.0000
24.3750,67.5252,0.0000
24.4250,67.5252,0.0000
24.4750,67.5252,0.0000
24.5250,67.5252,0.0000
24.5750,67.5252,0.0000
24.6250,67.5252,0.0000
24.6750,67.5252,0.0000
24.7250,67.5252,0.0000
24.7750,67.5252,0.0000
24.8250,67.5252,0.0000
24.8750,67.5252,0.0000
24.9250,67.5252,0.0000
24.9750,67.5252,0.0000
25.0250,67.5252,0.0000
25.0750,67.5252,0.0000
25.1250,67.5252,0.0000
25.1750,67.5252,0.0000
25.2250,67.5252,0.0000
25.2750,67.5252,0.0000
25.3250,67.5252,0.0000
25.3750,67.5252,0.0000
25.4250,67.5252,0.0000
25.4750,67.5252,0.0050
25.5250,67.5252,0.0000
25.5750,67.5252,0.0051
25.6250,67.5252,0.0051
25.6750,67.5252,0.0051
25.7250,67.5252,0.0044
25.7750,67.5252,0.0052
25.8250,67.5252,0.0051
25.8750,67.5252,0.0052
25.9250,67.5252,0.0052
25.9750,67.5252,0.0051
26.0250,67.5252,0.0054
26.0750,67.5252,0.0052
26.1250,67.5252,0.0054
26.1750,67.5252,0.0053
26.2250,67.5252,0.0053
26.2750,67.5252,0.0055
26.3250,67.5252,0.0054
26.3750,67.5252,0.0054
26.4250,67.5252,0.0056
26.4750,67.5252,0.0056
26.5250,67.5252,0.0055
26.5750,67.5252,0.0056
26.6250,67.5252,0.0056
26.6750,67.5252,0.0056
26.7250,67.5252,0.0057
26.7750,67.5252,0.0057
26.8250,67.5252,0.0058
26.8750,67.5252,0.0058
26.9250,67.5252,0.0058
26.9750,67.5252,0.0058
27.0250,67.5252,0.0058
27.0750,67.5252,0.0057
27.1250,67.5252,0.0059
27.1750,67.5252,0.0059
27.2250,67.5252,0.0058
27.2750,67.5252,0.0060
27.3250,67.5252,0.0060
27.3750,67.5252,0.0060
27.4250,67.5252,0.0061
27.4750,67.5252,0.0061
27.5250,67.5252,0.0061
27.5750,67.5252,0.0062
27.6250,67.5252,0.0062
27.6750,67.5252,0.0061
27.7250,67.5252,0.0063
27.7750,67.5252,0.0062
27.8250,67.5252,0.0064
27.8750,67.5252,0.0063
27.9250,67.5252,0.0063
27.9750,67.5252,0.0065
28.0250,67.5252,0.0063
28.0750,67.5252,0.0063
28.1250,67.5252,0.0064
28.1750,67.5252,0.0064
28.2250,67.5252,0.0064
28.2750,67.5252,0.0066
28.3250,67.5252,0.0065
28.3750,67.5252,0.0065
28.4250,67.5252,0.0067
28.4750,67.5252,0.0066
28.5250,67.5252,0.0066
28.5750,67.5252,0.0068
28.6250,67.5252,0.0068
28.6750,67.5252,0.0066
28.7250,67.5252,0.0069
28.7750,67.5252,0.0069
28.8250,67.5252,0.0067
28.8750,67.5252,0.0070
28.9250,67.5252,0.0068
28.9750,67.5252,0.0068
29.0250,67.5252,0.0069
29.0750,67.5252,0.0069
29.1250,67.5252,0.0069
29.1750,67.5252,0.0070
29.2250,67.5252,0.0070
29.2750,67.5252,0.0069
29.3250,67.5252,0.0072
29.3750,67.5252,0.0070
29.4250,67.5252,0.0070
29.4750,67.5252,0.0102
29.5250,67.5252,0.0102
29.5750,67.5252,0.0104
29.6250,67.5252,0.0110
29.6750,67.5252,0.0110
29.7250,67.5252,0.0113
29.7750,67.5252,0.0122
29.8250,67.5252,0.0127
29.8750,67.5252,0.0127
29.9250,67.5252,0.0135
29.9750,67.5252,0.0139
30.0250,67.5252,0.0139
30.0750,67.5252,0.0148
30.1250,67.5252,0.0148
30.1750,67.5252,0.0154
30.2250,67.5252,0.0162
30.2750,67.5252,0.0165
30.3250,67.5252,0.0168
30.3750,67.5252,0.0176
30.4250,67.5252,0.0247
30.4750,67.5252,0.0247
30.5250,67.5252,0.0282
30.5750,67.5252,0.0282
30.6250,67.5252,0.0296
30.6750,67.5252,0.0314
30.7250,67.5252,0.0314
30.7750,67.5252,0.0329
30.8250,67.5252,0.0357
30.8750,67.5252,0.0379
30.9250,67.5252,0.0379
30.9750,67.5252,0.0423
31.0250,67.5252,0.0424
31.0750,67.5252,0.0425
31.1250,67.5252,0.0494
31.1750,67.5252,0.0494
31.2250,67.5252,0.0525
31.2750,67.5252,0.0554
31.3250,67.5252,0.0607
31.3750,67.5252,0.0607
31.4250,67.5252,0.0630
31.4750,67.5252,0.0690
31.5250,67.5252,0.0690
31.5750,67.5252,0.0751
20.5250,67.4752,0.0064
20.5750,67.4752,0.0064
20.6250,67.4752,0.0064
20.6750,67.4752,0.0062
20.7250,67.4752,0.0062
20.7750,67.4752,0.0061
20.8250,67.4752,0.0061
20.8750,67.4752,0.0061
20.9250,67.4752,0.0059
20.9750,67.4752,0.0060
21.0250,67.4752,0.0060
21.0750,67.4752,0.0058
21.1250,67.4752,0.0058
21.1750,67.4752,0.0057
21.2250,67.4752,0.0057
21.2750,67.4752,0.0057
21.3250,67.4752,0.0056
21.3750,67.4752,0.0056
21.4250,67.4752,0.0056
21.4750,67.4752,0.0055
21.5250,67.4752,0.0055
21.5750,67.4752,0.0054
21.6250,67.4752,0.0054
21.6750,67.4752,0.0054
21.7250,67.4752,0.0053
21.7750,67.4752,0.0053
21.8250,67.4752,0.0053
21.8750,67.4752,0.0052
21.9250,67.4752,0.0053
21.9750,67.4752,0.0051
22.0250,67.4752,0.0052
22.0750,67.4752,0.0051
22.1250,67.4752,0.0051
22.1750,67.4752,0.0047
22.2250,67.4752,0.0050
22.2750,67.4752,0.0000
22.3250,67.4752,0.0000
22.3750,67.4752,0.0000
22.4250,67.4752,0.0000
22.4750,67.4752,0.0000
22.5250,67.4752,0.0000
22.5750,67.4752,0.0000
22.6250,67.4752,0.0000
22.6750,67.4752,0.0000
22.7250,67.4752,0.0000
22.7750,67.4752,0.0000
22.8250,67.4752,0.0000
22.8750,67.4752,0.0000
22.9250,67.4752,0.0000
22.9750,67.4752,0.0000
23.0250,67.4752,0.0000
23.0750,67.4752,0.0000
23.1250,67.4752,0.0000
23.1750,67.4752,0.0000
23.2250,67.4752,0.0000
23.2750,67.4752,0.0000
23.3250,67.4752,0.0000
23.3750,67.4752,0.0000
23.4250,67.4752,0.0000
23.4750,67.4752,0.0000
23.5250,67.4752,0.0000
23.5750,67.4752,0.0000
23.6250,67.4752,0.0000
23.6750,67.4752,0.0000
23.7250,67.4752,0.0000
23.7750,67.4752,0.0000
23.8250,67.4752,0.0000
23.8750,67.4752,0.0000
23.9250,67.4752,0.0000
23.9750,67.4752,0.0000
24.0250,67.4752,0.0000
24.0750,67.4752,0.0000
24.1250,67.4752,0.0000
24.1750,67.4752,0.0000
24.2250,67.4752,0.0000
24.2750,67.4752,0.0000
24.3250,67.4752,0.0000
24.3750,67.4752,0.0000
24.4250,67.4752,0.0000
24.4750,67.4752,0.0000
24.5250,67.4752,0.0000
24.5750,67.4752,0.0000
24.6250,67.4752,0.0000
24.6750,67.4752,0.0000
24.7250,67.4752,0.0000
24.7750,67.4752,0.0000
24.8250,67.4752,0.0000
24.8750,67.4752,0.0000
24.9250,67.4752,0.0050
24.9750,67.4752,0.0000
25.0250,67.4752,0.0000
25.0750,67.4752,0.0044
25.1250,67.4752,0.0050
25.1750,67.4752,0.0042
25.2250,67.4752,0.0051
25.2750,67.4752,0.0051
25.3250,67.4752,0.0001
25.3750,67.4752,0.0051
25.4250,67.4752,0.0050
25.4750,67.4752,0.0052
25.5250,67.4752,0.0052
25.5750,67.4752,0.0052
25.6250,67.4752,0.0053
25.6750,67.4752,0.0052
25.7250,67.4752,0.0053
25.7750,67.4752,0.0053
25.8250,67.4752,0.0053
25.8750,67.4752,0.0052
25.9250,67.4752,0.0054
25.9750,67.4752,0.0054
26.0250,67.4752,0.0055
26.0750,67.4752,0.0055
26.1250,67.4752,0.0054
26.1750,67.4752,0.0056
26.2250,67.4752,0.0055
26.2750,67.4752,0.0055
26.3250,67.4752,0.0056
26.3750,67.4752,0.0056
26.4250,67.4752,0.0056
26.4750,67.4752,0.0057
26.5250,67.4752,0.0057
26.5750,67.4752,0.0057
26.6250,67.4752,0.0058
26.6750,67.4752,0.0057
26.7250,67.4752,0.0059
26.7750,67.4752,0.0058
26.8250,67.4752,0.0058
26.8750,67.4752,0.0059
26.9250,67.4752,0.0059
26.9750,67.4752,0.0059
27.0250,67.4752,0.0060
27.0750,67.4752,0.0060
27.1250,67.4752,0.0059
27.1750,67.4752,0.0061
27.2250,67.4752,0.0060
27.2750,67.4752,0.0060
27.3250,67.4752,0.0062
27.3750,67.4752,0.0061
27.4250,67.4752,0.0063
27.4750,67.4752,0.0062
27.5250,67.4752,0.0062
27.5750,67.4752,0.0063
27.6250,67.4752,0.0063
27.6750,67.4752,0.0063
27.7250,67.4752,0.0064
27.7750,67.4752,0.0064
27.8250,67.4752,0.0064
27.8750,67.4752,0.0065
27.9250,67.4752,0.0065
27.9750,67.4752,0.0065
28.0250,67.4752,0.0066
28.0750,67.4752,0.0066
28.1250,67.4752,0.0065
28.1750,67.4752,0.0066
28.2250,67.4752,0.0066
28.2750,67.4752,0.0066
28.3250,67.4752,0.0068
28.3750,67.4752,0.0067
28.4250,67.4752,0.0067
28.4750,67.4752,0.0069
28.5250,67.4752,0.0069
28.5750,67.4752,0.0070
28.6250,67.4752,0.0070
28.6750,67.4752,0.0070
28.7250,67.4752,0.0069
28.7750,67.4752,0.0071
28.8250,67.4752,0.0070
28.8750,67.4752,0.0072
28.9250,67.4752,0.0071
28.9750,67.4752,0.0071
29.0250,67.4752,0.0073
29.0750,67.4752,0.0071
29.1250,67.4752,0.0071
29.1750,67.4752,0.0072
29.2250,67.4752,0.0073
29.2750,67.4752,0.0072
29.3250,67.4752,0.0098
29.3750,67.4752,0.0098
29.4250,67.4752,0.0100
29.4750,67.4752,0.0106
29.5250,67.4752,0.0108
29.5750,67.4752,0.0108
29.6250,67.4752,0.0117
29.6750,67.4752,0.0119
29.7250,67.4752,0.0122
29.7750,67.4752,0.0131
29.8250,67.4752,0.0131
29.8750,67.4752,0.0135
29.9250,67.4752,0.0139
29.9750,67.4752,0.0143
30.0250,67.4752,0.0143
30.0750,67.4752,0.0153
30.1250,67.4752,0.0156
30.1750,67.4752,0.0156
30.2250,67.4752,0.0169
30.2750,67.4752,0.0169
30.3250,67.4752,0.0176
30.3750,67.4752,0.0247
30.4250,67.4752,0.0267
30.4750,67.4752,0.0267
30.5250,67.4752,0.0280
30.5750,67.4752,0.0299
30.6250,67.4752,0.0299
30.6750,67.4752,0.0320
30.7250,67.4752,0.0333
30.7750,67.4752,0.0357
30.8250,67.4752,0.0361
30.8750,67.4752,0.0399
30.9250,67.4752,0.0403
30.9750,67.4752,0.0407
31.0250,67.4752,0.0459
31.0750,67.4752,0.0459
31.1250,67.4752,0.0495
31.1750,67.4752,0.0519
31.2250,67.4752,0.0554
31.2750,67.4752,0.0554
31.3250,67.4752,0.0583
31.3750,67.4752,0.0640
31.4250,67.4752,0.0640
31.4750,67.4752,0.0708
31.5250,67.4752,0.0708
31.5750,67.4752,0.0782
20.5250,67.4252,0.0065
20.5750,67.4252,0.0065
20.6250,67.4252,0.0065
20.6750,67.4252,0.0064
20.7250,67.4252,0.0063
20.7750,67.4252,0.0063
20.8250,67.4252,0.0063
20.8750,67.4252,0.0062
20.9250,67.4252,0.0061
20.9750,67.4252,0.0061
21.0250,67.4252,0.0061
21.0750,67.4252,0.0060
21.1250,67.4252,0.0058
21.1750,67.4252,0.0059
21.2250,67.4252,0.0059
21.2750,67.4252,0.0057
21.3250,67.4252,0.0057
21.3750,67.4252,0.0057
21.4250,67.4252,0.0056
21.4750,67.4252,0.0056
21.5250,67.4252,0.0055
21.5750,67.4252,0.0055
21.6250,67.4252,0.0055
21.6750,67.4252,0.0054
21.7250,67.4252,0.0055
21.7750,67.4252,0.0053
21.8250,67.4252,0.0054
21.8750,67.4252,0.0053
21.9250,67.4252,0.0053
21.9750,67.4252,0.0053
22.0250,67.4252,0.0052
22.0750,67.4252,0.0053
22.1250,67.4252,0.0052
22.1750,67.4252,0.0052
22.2250,67.4252,0.0051
22.2750,67.4252,0.0051
22.3250,67.4252,0.0008
22.3750,67.4252,0.0051
22.4250,67.4252,0.0000
22.4750,67.4252,0.0050
22.5250,67.4252,0.0049
22.5750,67.4252,0.0002
22.6250,67.4252,0.0050
22.6750,67.4252,0.0000
22.7250,67.4252,0.0050
22.7750,67.4252,0.0000
22.8250,67.4252,0.0001
22.8750,67.4252,0.0000
22.9250,67.4252,0.0000
22.9750,67.4252,0.0000
23.0250,67.4252,0.0000
23.0750,67.4252,0.0000
23.1250,67.4252,0.0000
23.1750,67.4252,0.0000
23.2250,67.4252,0.0000
23.2750,67.4252,0.0000
23.3250,67.4252,0.0000
23.3750,67.4252,0.0000
23.4250,67.4252,0.0000
23.4750,67.4252,0.0000
23.5250,67.4252,0.0000
23.5750,67.4252,0.0000
23.6250,67.4252,0.0000
23.6750,67.4252,0.0000
23.7250,67.4252,0.0000
23.7750,67.4252,0.0000
23.8250,67.4252,0.0000
23.8750,67.4252,0.0000
23.9250,67.4252,0.0000
23.9750,67.4252,0.0000
24.0250,67.4252,0.0000
24.0750,67.4252,0.0000
24.1250,67.4252,0.0000
24.1750,67.4252,0.0000
24.2250,67.4252,0.0000
24.2750,67.4252,0.0000
24.3250,67.4252,0.0000
24.3750,67.4252,0.0000
24.4250,67.4252,0.0047
24.4750,67.4252,0.0000
24.5250,67.4252,0.0001
24.5750,67.4252,0.0050
24.6250,67.4252,0.0050
24.6750,67.4252,0.0000
24.7250,67.4252,0.0051
24.7750,67.4252,0.0000
24.8250,67.4252,0.0051
24.8750,67.4252,0.0051
24.9250,67.4252,0.0050
24.9750,67.4252,0.0051
25.0250,67.4252,0.0051
25.0750,67.4252,0.0051
25.1250,67.4252,0.0052
25.1750,67.4252,0.0052
25.2250,67.4252,0.0051
25.2750,67.4252,0.0052
25.3250,67.4252,0.0051
25.3750,67.4252,0.0053
25.4250,67.4252,0.0053
25.4750,67.4252,0.0052
25.5250,67.4252,0.0054
25.5750,67.4252,0.0053
25.6250,67.4252,0.0053
25.6750,67.4252,0.0054
25.7250,67.4252,0.0054
25.7750,67.4252,0.0054
25.8250,67.4252,0.0055
25.8750,67.4252,0.0055
25.9250,67.4252,0.0055
25.9750,67.4252,0.0055
26.0250,67.4252,0.0055
26.0750,67.4252,0.0057
26.1250,67.4252,0.0056
26.1750,67.4252,0.0056
26.2250,67.4252,0.0057
26.2750,67.4252,0.0057
26.3250,67.4252,0.0058
26.3750,67.4252,0.0058
26.4250,67.4252,0.0058
26.4750,67.4252,0.0058
26.5250,67.4252,0.0058
26.5750,67.4252,0.0058
26.6250,67.4252,0.0059
26.6750,67.4252,0.0059
26.7250,67.4252,0.0059
26.7750,67.4252,0.0060
26.8250,67.4252,0.0060
26.8750,67.4252,0.0060
26.9250,67.4252,0.0061
26.9750,67.4252,0.0061
27.0250,67.4252,0.0060
27.0750,67.4252,0.0062
27.1250,67.4252,0.0062
27.1750,67.4252,0.0063
27.2250,67.4252,0.0063
27.2750,67.4252,0.0062
27.3250,67.4252,0.0064
27.3750,67.4252,0.0063
27.4250,67.4252,0.0063
27.4750,67.4252,0.0064
27.5250,67.4252,0.0064
27.5750,67.4252,0.0064
27.6250,67.4252,0.0065
27.6750,67.4252,0.0065
27.7250,67.4252,0.0064
27.7750,67.4252,0.0066
27.8250,67.4252,0.0065
27.8750,67.4252,0.0065
27.9250,67.4252,0.0067
27.9750,67.4252,0.0067
28.0250,67.4252,0.0068
28.0750,67.4252,0.0068
28.1250,67.4252,0.0068
28.1750,67.4252,0.0068
28.2250,67.4252,0.0069
28.2750,67.4252,0.0068
28.3250,67.4252,0.0070
28.3750,67.4252,0.0070
28.4250,67.4252,0.0069
28.4750,67.4252,0.0071
28.5250,67.4252,0.0071
28.5750,67.4252,0.0071
28.6250,67.4252,0.0072
28.6750,67.4252,0.0072
28.7250,67.4252,0.0071
28.7750,67.4252,0.0073
28.8250,67.4252,0.0073
28.8750,67.4252,0.0072
28.9250,67.4252,0.0074
28.9750,67.4252,0.0073
29.0250,67.4252,0.0073
29.0750,67.4252,0.0074
29.1250,67.4252,0.0074
29.1750,67.4252,0.0074
29.2250,67.4252,0.0096
29.2750,67.4252,0.0096
29.3250,67.4252,0.0098
29.3750,67.4252,0.0104
29.4250,67.4252,0.0106
29.4750,67.4252,0.0106
29.5250,67.4252,0.0114
29.5750,67.4252,0.0114
29.6250,67.4252,0.0115
29.6750,67.4252,0.0127
29.7250,67.4252,0.0127
29.7750,67.4252,0.0131
29.8250,67.4252,0.0136
29.8750,67.4252,0.0139
29.9250,67.4252,0.0139
29.9750,67.4252,0.0145
30.0250,67.4252,0.0149
30.0750,67.4252,0.0149
30.1250,67.4252,0.0163
30.1750,67.4252,0.0163
30.2250,67.4252,0.0169
30.2750,67.4252,0.0176
30.3250,67.4252,0.0249
30.3750,67.4252,0.0250
30.4250,67.4252,0.0266
30.4750,67.4252,0.0284
30.5250,67.4252,0.0284
30.5750,67.4252,0.0314
30.6250,67.4252,0.0314
30.6750,67.4252,0.0333
30.7250,67.4252,0.0355
30.7750,67.4252,0.0355
30.8250,67.4252,0.0380
30.8750,67.4252,0.0397
30.9250,67.4252,0.0421
30.9750,67.4252,0.0421
31.0250,67.4252,0.0481
31.0750,67.4252,0.0482
31.1250,67.4252,0.0510
31.1750,67.4252,0.0533
31.2250,67.4252,0.0533
31.2750,67.4252,0.0583
31.3250,67.4252,0.0594
31.3750,67.4252,0.0654
31.4250,67.4252,0.0654
31.4750,67.4252,0.0709
31.5250,67.4252,0.0712
31.5750,67.4252,0.0712
20.5250,67.3752,0.0068
20.5750,67.3752,0.0068
20.6250,67.3752,0.0065
20.6750,67.3752,0.0065
20.7250,67.3752,0.0064
20.7750,67.3752,0.0064
20.8250,67.3752,0.0064
20.8750,67.3752,0.0063
20.9250,67.3752,0.0063
20.9750,67.3752,0.0063
21.0250,67.3752,0.0061
21.0750,67.3752,0.0061
21.1250,67.3752,0.0060
21.1750,67.3752,0.0060
21.2250,67.3752,0.0060
21.2750,67.3752,0.0059
21.3250,67.3752,0.0059
21.3750,67.3752,0.0058
21.4250,67.3752,0.0058
21.4750,67.3752,0.0057
21.5250,67.3752,0.0057
21.5750,67.3752,0.0056
21.6250,67.3752,0.0056
21.6750,67.3752,0.0056
21.7250,67.3752,0.0056
21.7750,67.3752,0.0056
21.8250,67.3752,0.0054
21.8750,67.3752,0.0055
21.9250,67.3752,0.0054
21.9750,67.3752,0.0054
22.0250,67.3752,0.0053
22.0750,67.3752,0.0053
22.1250,67.3752,0.0054
22.1750,67.3752,0.0053
22.2250,67.3752,0.0053
22.2750,67.3752,0.0052
22.3250,67.3752,0.0052
22.3750,67.3752,0.0051
22.4250,67.3752,0.0051
22.4750,67.3752,0.0050
22.5250,67.3752,0.0051
22.5750,67.3752,0.0050
22.6250,67.3752,0.0051
22.6750,67.3752,0.0051
22.7250,67.3752,0.0050
22.7750,67.3752,0.0051
22.8250,67.3752,0.0050
22.8750,67.3752,0.0051
22.9250,67.3752,0.0000
22.9750,67.3752,0.0000
23.0250,67.3752,0.0000
23.0750,67.3752,0.0000
23.1250,67.3752,0.0004
23.1750,67.3752,0.0000
23.2250,67.3752,0.0000
23.2750,67.3752,0.0000
23.3250,67.3752,0.0000
23.3750,67.3752,0.0000
23.4250,67.3752,0.0000
23.4750,67.3752,0.0000
23.5250,67.3752,0.0050
23.5750,67.3752,0.0000
23.6250,67.3752,0.0000
23.6750,67.3752,0.0050
23.7250,67.3752,0.0000
23.7750,67.3752,0.0034
23.8250,67.3752,0.0000
23.8750,67.3752,0.0000
23.9250,67.3752,0.0000
23.9750,67.3752,0.0000
24.0250,67.3752,0.0000
24.0750,67.3752,0.0050
24.1250,67.3752,0.0013
24.1750,67.3752,0.0001
24.2250,67.3752,0.0051
24.2750,67.3752,0.0000
24.3250,67.3752,0.0051
24.3750,67.3752,0.0050
24.4250,67.3752,0.0050
24.4750,67.3752,0.0051
24.5250,67.3752,0.0051
24.5750,67.3752,0.0051
24.6250,67.3752,0.0052
24.6750,67.3752,0.0052
24.7250,67.3752,0.0052
24.7750,67.3752,0.0052
24.8250,67.3752,0.0051
24.8750,67.3752,0.0053
24.9250,67.3752,0.0051
24.9750,67.3752,0.0051
25.0250,67.3752,0.0052
25.0750,67.3752,0.0052
25.1250,67.3752,0.0054
25.1750,67.3752,0.0053
25.2250,67.3752,0.0053
25.2750,67.3752,0.0054
25.3250,67.3752,0.0054
25.3750,67.3752,0.0053
25.4250,67.3752,0.0054
25.4750,67.3752,0.0054
25.5250,67.3752,0.0054
25.5750,67.3752,0.0055
25.6250,67.3752,0.0055
25.6750,67.3752,0.0056
25.7250,67.3752,0.0055
25.7750,67.3752,0.0055
25.8250,67.3752,0.0056
25.8750,67.3752,0.0056
25.9250,67.3752,0.0055
25.9750,67.3752,0.0057
26.0250,67.3752,0.0057
26.0750,67.3752,0.0057
26.1250,67.3752,0.0058
26.1750,67.3752,0.0058
26.2250,67.3752,0.0059
26.2750,67.3752,0.0059
26.3250,67.3752,0.0059
26.3750,67.3752,0.0059
26.4250,67.3752,0.0059
26.4750,67.3752,0.0059
26.5250,67.3752,0.0060
26.5750,67.3752,0.0060
26.6250,67.3752,0.0059
26.6750,67.3752,0.0061
26.7250,67.3752,0.0060
26.7750,67.3752,0.0061
26.8250,67.3752,0.0061
26.8750,67.3752,0.0061
26.9250,67.3752,0.0062
26.9750,67.3752,0.0062
27.0250,67.3752,0.0062
27.0750,67.3752,0.0063
27.1250,67.3752,0.0063
27.1750,67.3752,0.0063
27.2250,67.3752,0.0064
27.2750,67.3752,0.0064
27.3250,67.3752,0.0064
27.3750,67.3752,0.0065
27.4250,67.3752,0.0064
27.4750,67.3752,0.0065
27.5250,67.3752,0.0065
27.5750,67.3752,0.0065
27.6250,67.3752,0.0065
27.6750,67.3752,0.0067
27.7250,67.3752,0.0066
27.7750,67.3752,0.0068
27.8250,67.3752,0.0068
27.8750,67.3752,0.0067
27.9250,67.3752,0.0070
27.9750,67.3752,0.0069
28.0250,67.3752,0.0069
28.0750,67.3752,0.0070
28.1250,67.3752,0.0070
28.1750,67.3752,0.0070
28.2250,67.3752,0.0072
28.2750,67.3752,0.0072
28.3250,67.3752,0.0070
28.3750,67.3752,0.0072
28.4250,67.3752,0.0071
28.4750,67.3752,0.0071
28.5250,67.3752,0.0073
28.5750,67.3752,0.0073
28.6250,67.3752,0.0073
28.6750,67.3752,0.0074
28.7250,67.3752,0.0074
28.7750,67.3752,0.0073
28.8250,67.3752,0.0075
28.8750,67.3752,0.0074
28.9250,67.3752,0.0075
28.9750,67.3752,0.0075
29.0250,67.3752,0.0075
29.0750,67.3752,0.0077
29.1250,67.3752,0.0095
29.1750,67.3752,0.0095
29.2250,67.3752,0.0098
29.2750,67.3752,0.0101
29.3250,67.3752,0.0104
29.3750,67.3752,0.0108
29.4250,67.3752,0.0109
29.4750,67.3752,0.0111
29.5250,67.3752,0.0117
29.5750,67.3752,0.0122
29.6250,67.3752,0.0122
29.6750,67.3752,0.0130
29.7250,67.3752,0.0132
29.7750,67.3752,0.0136
29.8250,67.3752,0.0140
29.8750,67.3752,0.0140
29.9250,67.3752,0.0144
29.9750,67.3752,0.0149
30.0250,67.3752,0.0156
30.0750,67.3752,0.0156
30.1250,67.3752,0.0166
30.1750,67.3752,0.0169
30.2250,67.3752,0.0171
30.2750,67.3752,0.0235
30.3250,67.3752,0.0247
30.3750,67.3752,0.0266
30.4250,67.3752,0.0277
30.4750,67.3752,0.0297
30.5250,67.3752,0.0297
30.5750,67.3752,0.0318
30.6250,67.3752,0.0326
30.6750,67.3752,0.0326
30.7250,67.3752,0.0356
30.7750,67.3752,0.0370
30.8250,67.3752,0.0397
30.8750,67.3752,0.0397
30.9250,67.3752,0.0441
30.9750,67.3752,0.0441
31.0250,67.3752,0.0445
31.0750,67.3752,0.0494
31.1250,67.3752,0.0494
31.1750,67.3752,0.0533
31.2250,67.3752,0.0538
31.2750,67.3752,0.0595
31.3250,67.3752,0.0595
31.3750,67.3752,0.0632
31.4250,67.3752,0.0656
31.4750,67.3752,0.0656
31.5250,67.3752,0.0708
31.5750,67.3752,0.0708
20.5250,67.3252,0.0070
20.5750,67.3252,0.0068
20.6250,67.3252,0.0067
20.6750,67.3252,0.0065
20.7250,67.3252,0.0065
20.7750,67.3252,0.0065
20.8250,67.3252,0.0064
20.8750,67.3252,0.0064
20.9250,67.3252,0.0064
20.9750,67.3252,0.0063
21.0250,67.3252,0.0063
21.0750,67.3252,0.0061
21.1250,67.3252,0.0062
21.1750,67.3252,0.0060
21.2250,67.3252,0.0060
21.2750,67.3252,0.0061
21.3250,67.3252,0.0059
21.3750,67.3252,0.0060
21.4250,67.3252,0.0058
21.4750,67.3252,0.0058
21.5250,67.3252,0.0058
21.5750,67.3252,0.0058
21.6250,67.3252,0.0056
21.6750,67.3252,0.0057
21.7250,67.3252,0.0056
21.7750,67.3252,0.0056
21.8250,67.3252,0.0056
21.8750,67.3252,0.0055
21.9250,67.3252,0.0056
21.9750,67.3252,0.0054
22.0250,67.3252,0.0055
22.0750,67.3252,0.0054
22.1250,67.3252,0.0054
22.1750,67.3252,0.0053
22.2250,67.3252,0.0053
22.2750,67.3252,0.0053
22.3250,67.3252,0.0053
22.3750,67.3252,0.0053
22.4250,67.3252,0.0052
22.4750,67.3252,0.0052
22.5250,67.3252,0.0052
22.5750,67.3252,0.0052
22.6250,67.3252,0.0051
22.6750,67.3252,0.0052
22.7250,67.3252,0.0051
22.7750,67.3252,0.0052
22.8250,67.3252,0.0052
22.8750,67.3252,0.0051
22.9250,67.3252,0.0052
22.9750,67.3252,0.0051
23.0250,67.3252,0.0052
23.0750,67.3252,0.0051
23.1250,67.3252,0.0051
23.1750,67.3252,0.0042
23.2250,67.3252,0.0051
23.2750,67.3252,0.0000
23.3250,67.3252,0.0051
23.3750,67.3252,0.0048
23.4250,67.3252,0.0032
23.4750,67.3252,0.0051
23.5250,67.3252,0.0050
23.5750,67.3252,0.0052
23.6250,67.3252,0.0051
23.6750,67.3252,0.0051
23.7250,67.3252,0.0051
23.7750,67.3252,0.0051
23.8250,67.3252,0.0043
23.8750,67.3252,0.0051
23.9250,67.3252,0.0051
23.9750,67.3252,0.0051
24.0250,67.3252,0.0051
24.0750,67.3252,0.0050
24.1250,67.3252,0.0052
24.1750,67.3252,0.0051
24.2250,67.3252,0.0052
24.2750,67.3252,0.0051
24.3250,67.3252,0.0051
24.3750,67.3252,0.0053
24.4250,67.3252,0.0052
24.4750,67.3252,0.0053
24.5250,67.3252,0.0052
24.5750,67.3252,0.0052
24.6250,67.3252,0.0053
24.6750,67.3252,0.0053
24.7250,67.3252,0.0052
24.7750,67.3252,0.0053
24.8250,67.3252,0.0053
24.8750,67.3252,0.0053
24.9250,67.3252,0.0054
24.9750,67.3252,0.0053
25.0250,67.3252,0.0055
25.0750,67.3252,0.0054
25.1250,67.3252,0.0054
25.1750,67.3252,0.0055
25.2250,67.3252,0.0055
25.2750,67.3252,0.0054
25.3250,67.3252,0.0055
25.3750,67.3252,0.0055
25.4250,67.3252,0.0055
25.4750,67.3252,0.0056
25.5250,67.3252,0.0055
25.5750,67.3252,0.0057
25.6250,67.3252,0.0056
25.6750,67.3252,0.0056
25.7250,67.3252,0.0057
25.7750,67.3252,0.0057
25.8250,67.3252,0.0058
25.8750,67.3252,0.0058
25.9250,67.3252,0.0058
25.9750,67.3252,0.0058
26.0250,67.3252,0.0059
26.0750,67.3252,0.0058
26.1250,67.3252,0.0059
26.1750,67.3252,0.0059
26.2250,67.3252,0.0059
26.2750,67.3252,0.0060
26.3250,67.3252,0.0060
26.3750,67.3252,0.0060
26.4250,67.3252,0.0061
26.4750,67.3252,0.0061
26.5250,67.3252,0.0060
26.5750,67.3252,0.0061
26.6250,67.3252,0.0061
26.6750,67.3252,0.0062
26.7250,67.3252,0.0062
26.7750,67.3252,0.0061
26.8250,67.3252,0.0063
26.8750,67.3252,0.0062
26.9250,67.3252,0.0062
26.9750,67.3252,0.0063
27.0250,67.3252,0.0063
27.0750,67.3252,0.0063
27.1250,67.3252,0.0064
27.1750,67.3252,0.0064
27.2250,67.3252,0.0064
27.2750,67.3252,0.0065
27.3250,67.3252,0.0065
27.3750,67.3252,0.0067
27.4250,67.3252,0.0066
27.4750,67.3252,0.0066
27.5250,67.3252,0.0067
27.5750,67.3252,0.0067
27.6250,67.3252,0.0067
27.6750,67.3252,0.0069
27.7250,67.3252,0.0069
27.7750,67.3252,0.0068
27.8250,67.3252,0.0070
27.8750,67.3252,0.0070
27.9250,67.3252,0.0070
27.9750,67.3252,0.0071
28.0250,67.3252,0.0071
28.0750,67.3252,0.0072
28.1250,67.3252,0.0072
28.1750,67.3252,0.0072
28.2250,67.3252,0.0072
28.2750,67.3252,0.0073
28.3250,67.3252,0.0072
28.3750,67.3252,0.0075
28.4250,67.3252,0.0075
28.4750,67.3252,0.0073
28.5250,67.3252,0.0076
28.5750,67.3252,0.0075
28.6250,67.3252,0.0075
28.6750,67.3252,0.0076
28.7250,67.3252,0.0076
28.7750,67.3252,0.0075
28.8250,67.3252,0.0077
28.8750,67.3252,0.0077
28.9250,67.3252,0.0076
28.9750,67.3252,0.0078
29.0250,67.3252,0.0077
29.0750,67.3252,0.0077
29.1250,67.3252,0.0099
29.1750,67.3252,0.0099
29.2250,67.3252,0.0101
29.2750,67.3252,0.0106
29.3250,67.3252,0.0106
29.3750,67.3252,0.0108
29.4250,67.3252,0.0114
29.4750,67.3252,0.0118
29.5250,67.3252,0.0118
29.5750,67.3252,0.0128
29.6250,67.3252,0.0128
29.6750,67.3252,0.0129
29.7250,67.3252,0.0136
29.7750,67.3252,0.0136
29.8250,67.3252,0.0140
29.8750,67.3252,0.0143
29.9250,67.3252,0.0149
29.9750,67.3252,0.0149
30.0250,67.3252,0.0162
30.0750,67.3252,0.0162
30.1250,67.3252,0.0163
30.1750,67.3252,0.0237
30.2250,67.3252,0.0237
30.2750,67.3252,0.0247
30.3250,67.3252,0.0260
30.3750,67.3252,0.0280
30.4250,67.3252,0.0280
30.4750,67.3252,0.0292
30.5250,67.3252,0.0308
30.5750,67.3252,0.0308
30.6250,67.3252,0.0341
30.6750,67.3252,0.0341
30.7250,67.3252,0.0370
30.7750,67.3252,0.0380
30.8250,67.3252,0.0407
30.8750,67.3252,0.0407
30.9250,67.3252,0.0412
30.9750,67.3252,0.0451
31.0250,67.3252,0.0451
31.0750,67.3252,0.0498
31.1250,67.3252,0.0498
31.1750,67.3252,0.0538
31.2250,67.3252,0.0537
31.2750,67.3252,0.0538
31.3250,67.3252,0.0594
31.3750,67.3252,0.0588
31.4250,67.3252,0.0649
31.4750,67.3252,0.0649
31.5250,67.3252,0.0704
31.5750,67.3252,0.0697
20.5250,67.2752,0.0071
20.5750,67.2752,0.0070
20.6250,67.2752,0.0068
20.6750,67.2752,0.0067
20.7250,67.2752,0.0067
20.7750,67.2752,0.0065
20.8250,67.2752,0.0065
20.8750,67.2752,0.0065
20.9250,67.2752,0.0064
20.9750,67.2752,0.0064
21.0250,67.2752,0.0063
21.0750,67.2752,0.0063
21.1250,67.2752,0.0062
21.1750,67.2752,0.0062
21.2250,67.2752,0.0061
21.2750,67.2752,0.0061
21.3250,67.2752,0.0060
21.3750,67.2752,0.0060
21.4250,67.2752,0.0060
21.4750,67.2752,0.0059
21.5250,67.2752,0.0059
21.5750,67.2752,0.0058
21.6250,67.2752,0.0058
21.6750,67.2752,0.0058
21.7250,67.2752,0.0058
21.7750,67.2752,0.0056
21.8250,67.2752,0.0057
21.8750,67.2752,0.0056
21.9250,67.2752,0.0056
21.9750,67.2752,0.0056
22.0250,67.2752,0.0055
22.0750,67.2752,0.0056
22.1250,67.2752,0.0055
22.1750,67.2752,0.0056
22.2250,67.2752,0.0054
22.2750,67.2752,0.0054
22.3250,67.2752,0.0054
22.3750,67.2752,0.0054
22.4250,67.2752,0.0053
22.4750,67.2752,0.0054
22.5250,67.2752,0.0053
22.5750,67.2752,0.0054
22.6250,67.2752,0.0054
22.6750,67.2752,0.0052
22.7250,67.2752,0.0054
22.7750,67.2752,0.0052
22.8250,67.2752,0.0054
22.8750,67.2752,0.0052
22.9250,67.2752,0.0052
22.9750,67.2752,0.0052
23.0250,67.2752,0.0052
23.0750,67.2752,0.0054
23.1250,67.2752,0.0052
23.1750,67.2752,0.0052
23.2250,67.2752,0.0052
23.2750,67.2752,0.0052
23.3250,67.2752,0.0051
23.3750,67.2752,0.0053
23.4250,67.2752,0.0051
23.4750,67.2752,0.0053
23.5250,67.2752,0.0052
23.5750,67.2752,0.0052
23.6250,67.2752,0.0053
23.6750,67.2752,0.0052
23.7250,67.2752,0.0053
23.7750,67.2752,0.0052
23.8250,67.2752,0.0052
23.8750,67.2752,0.0052
23.9250,67.2752,0.0052
23.9750,67.2752,0.0051
24.0250,67.2752,0.0053
24.0750,67.2752,0.0053
24.1250,67.2752,0.0053
24.1750,67.2752,0.0053
24.2250,67.2752,0.0052
24.2750,67.2752,0.0054
24.3250,67.2752,0.0053
24.3750,67.2752,0.0054
24.4250,67.2752,0.0053
24.4750,67.2752,0.0053
24.5250,67.2752,0.0055
24.5750,67.2752,0.0054
24.6250,67.2752,0.0054
24.6750,67.2752,0.0054
24.7250,67.2752,0.0054
24.7750,67.2752,0.0053
24.8250,67.2752,0.0054
24.8750,67.2752,0.0054
24.9250,67.2752,0.0056
24.9750,67.2752,0.0055
25.0250,67.2752,0.0055
25.0750,67.2752,0.0056
25.1250,67.2752,0.0056
25.1750,67.2752,0.0056
25.2250,67.2752,0.0056
25.2750,67.2752,0.0056
25.3250,67.2752,0.0056
25.3750,67.2752,0.0057
25.4250,67.2752,0.0056
25.4750,67.2752,0.0057
25.5250,67.2752,0.0057
25.5750,67.2752,0.0057
25.6250,67.2752,0.0058
25.6750,67.2752,0.0057
25.7250,67.2752,0.0059
25.7750,67.2752,0.0058
25.8250,67.2752,0.0058
25.8750,67.2752,0.0059
25.9250,67.2752,0.0059
25.9750,67.2752,0.0059
26.0250,67.2752,0.0060
26.0750,67.2752,0.0060
26.1250,67.2752,0.0059
26.1750,67.2752,0.0061
26.2250,67.2752,0.0060
26.2750,67.2752,0.0061
26.3250,67.2752,0.0061
26.3750,67.2752,0.0061
26.4250,67.2752,0.0062
26.4750,67.2752,0.0062
26.5250,67.2752,0.0062
26.5750,67.2752,0.0063
26.6250,67.2752,0.0063
26.6750,67.2752,0.0062
26.7250,67.2752,0.0063
26.7750,67.2752,0.0063
26.8250,67.2752,0.0063
26.8750,67.2752,0.0064
26.9250,67.2752,0.0064
26.9750,67.2752,0.0065
27.0250,67.2752,0.0065
27.0750,67.2752,0.0065
27.1250,67.2752,0.0066
27.1750,67.2752,0.0066
27.2250,67.2752,0.0065
27.2750,67.2752,0.0068
27.3250,67.2752,0.0067
27.3750,67.2752,0.0067
27.4250,67.2752,0.0069
27.4750,67.2752,0.0069
27.5250,67.2752,0.0069
27.5750,67.2752,0.0070
27.6250,67.2752,0.0070
27.6750,67.2752,0.0069
27.7250,67.2752,0.0071
27.7750,67.2752,0.0070
27.8250,67.2752,0.0071
27.8750,67.2752,0.0072
27.9250,67.2752,0.0072
27.9750,67.2752,0.0073
28.0250,67.2752,0.0073
28.0750,67.2752,0.0073
28.1250,67.2752,0.0074
28.1750,67.2752,0.0074
28.2250,67.2752,0.0074
28.2750,67.2752,0.0076
28.3250,67.2752,0.0076
28.3750,67.2752,0.0075
28.4250,67.2752,0.0077
28.4750,67.2752,0.0076
28.5250,67.2752,0.0076
28.5750,67.2752,0.0077
28.6250,67.2752,0.0077
28.6750,67.2752,0.0077
28.7250,67.2752,0.0078
28.7750,67.2752,0.0078
28.8250,67.2752,0.0077
28.8750,67.2752,0.0079
28.9250,67.2752,0.0078
28.9750,67.2752,0.0078
29.0250,67.2752,0.0097
29.0750,67.2752,0.0097
29.1250,67.2752,0.0099
29.1750,67.2752,0.0104
29.2250,67.2752,0.0104
29.2750,67.2752,0.0106
29.3250,67.2752,0.0110
29.3750,67.2752,0.0114
29.4250,67.2752,0.0115
29.4750,67.2752,0.0123
29.5250,67.2752,0.0125
29.5750,67.2752,0.0127
29.6250,67.2752,0.0132
29.6750,67.2752,0.0132
29.7250,67.2752,0.0137
29.7750,67.2752,0.0140
29.8250,67.2752,0.0143
29.8750,67.2752,0.0146
29.9250,67.2752,0.0148
29.9750,67.2752,0.0155
30.0250,67.2752,0.0195
30.0750,67.2752,0.0225
30.1250,67.2752,0.0225
30.1750,67.2752,0.0239
30.2250,67.2752,0.0243
30.2750,67.2752,0.0260
30.3250,67.2752,0.0263
30.3750,67.2752,0.0270
30.4250,67.2752,0.0290
30.4750,67.2752,0.0293
30.5250,67.2752,0.0316
30.5750,67.2752,0.0316
30.6250,67.2752,0.0343
30.6750,67.2752,0.0349
30.7250,67.2752,0.0354
30.7750,67.2752,0.0380
30.8250,67.2752,0.0383
30.8750,67.2752,0.0412
30.9250,67.2752,0.0412
30.9750,67.2752,0.0453
31.0250,67.2752,0.0453
31.0750,67.2752,0.0497
31.1250,67.2752,0.0495
31.1750,67.2752,0.0495
31.2250,67.2752,0.0537
31.2750,67.2752,0.0530
31.3250,67.2752,0.0585
31.3750,67.2752,0.0585
31.4250,67.2752,0.0636
31.4750,67.2752,0.0636
31.5250,67.2752,0.0639
31.5750,67.2752,0.0680
20.5250,67.2252,0.0072
20.5750,67.2252,0.0073
20.6250,67.2252,0.0070
20.6750,67.2252,0.0070
20.7250,67.2252,0.0068
20.7750,67.2252,0.0068
20.8250,67.2252,0.0065
20.8750,67.2252,0.0066
20.9250,67.2252,0.0064
20.9750,67.2252,0.0065
21.0250,67.2252,0.0064
21.0750,67.2252,0.0064
21.1250,67.2252,0.0064
21.1750,67.2252,0.0062
21.2250,67.2252,0.0063
21.2750,67.2252,0.0061
21.3250,67.2252,0.0063
21.3750,67.2252,0.0060
21.4250,67.2252,0.0060
21.4750,67.2252,0.0060
21.5250,67.2252,0.0060
21.5750,67.2252,0.0061
21.6250,67.2252,0.0059
21.6750,67.2252,0.0059
21.7250,67.2252,0.0059
21.7750,67.2252,0.0059
21.8250,67.2252,0.0057
21.8750,67.2252,0.0058
21.9250,67.2252,0.0056
21.9750,67.2252,0.0058
22.0250,67.2252,0.0056
22.0750,67.2252,0.0057
22.1250,67.2252,0.0057
22.1750,67.2252,0.0056
22.2250,67.2252,0.0057
22.2750,67.2252,0.0055
22.3250,67.2252,0.0057
22.3750,67.2252,0.0055
22.4250,67.2252,0.0055
22.4750,67.2252,0.0055
22.5250,67.2252,0.0055
22.5750,67.2252,0.0054
22.6250,67.2252,0.0055
22.6750,67.2252,0.0054
22.7250,67.2252,0.0055
22.7750,67.2252,0.0055
22.8250,67.2252,0.0054
22.8750,67.2252,0.0055
22.9250,67.2252,0.0053
22.9750,67.2252,0.0054
23.0250,67.2252,0.0054
23.0750,67.2252,0.0054
23.1250,67.2252,0.0054
23.1750,67.2252,0.0054
23.2250,67.2252,0.0054
23.2750,67.2252,0.0054
23.3250,67.2252,0.0054
23.3750,67.2252,0.0054
23.4250,67.2252,0.0054
23.4750,67.2252,0.0053
23.5250,67.2252,0.0055
23.5750,67.2252,0.0053
23.6250,67.2252,0.0055
23.6750,67.2252,0.0053
23.7250,67.2252,0.0053
23.7750,67.2252,0.0055
23.8250,67.2252,0.0053
23.8750,67.2252,0.0054
23.9250,67.2252,0.0053
23.9750,67.2252,0.0053
24.0250,67.2252,0.0054
24.0750,67.2252,0.0054
24.1250,67.2252,0.0053
24.1750,67.2252,0.0055
24.2250,67.2252,0.0054
24.2750,67.2252,0.0054
24.3250,67.2252,0.0055
24.3750,67.2252,0.0054
24.4250,67.2252,0.0056
24.4750,67.2252,0.0055
24.5250,67.2252,0.0055
24.5750,67.2252,0.0055
24.6250,67.2252,0.0055
24.6750,67.2252,0.0054
24.7250,67.2252,0.0055
24.7750,67.2252,0.0055
24.8250,67.2252,0.0056
24.8750,67.2252,0.0056
24.9250,67.2252,0.0056
24.9750,67.2252,0.0057
25.0250,67.2252,0.0056
25.0750,67.2252,0.0057
25.1250,67.2252,0.0057
25.1750,67.2252,0.0057
25.2250,67.2252,0.0058
25.2750,67.2252,0.0058
25.3250,67.2252,0.0058
25.3750,67.2252,0.0058
25.4250,67.2252,0.0058
25.4750,67.2252,0.0057
25.5250,67.2252,0.0059
25.5750,67.2252,0.0058
25.6250,67.2252,0.0059
25.6750,67.2252,0.0059
25.7250,67.2252,0.0059
25.7750,67.2252,0.0060
25.8250,67.2252,0.0060
25.8750,67.2252,0.0060
25.9250,67.2252,0.0061
25.9750,67.2252,0.0061
26.0250,67.2252,0.0060
26.0750,67.2252,0.0061
26.1250,67.2252,0.0061
26.1750,67.2252,0.0062
26.2250,67.2252,0.0062
26.2750,67.2252,0.0062
26.3250,67.2252,0.0063
26.3750,67.2252,0.0062
26.4250,67.2252,0.0062
26.4750,67.2252,0.0063
26.5250,67.2252,0.0063
26.5750,67.2252,0.0063
26.6250,67.2252,0.0065
26.6750,67.2252,0.0064
26.7250,67.2252,0.0064
26.7750,67.2252,0.0066
26.8250,67.2252,0.0065
26.8750,67.2252,0.0067
26.9250,67.2252,0.0066
26.9750,67.2252,0.0066
27.0250,67.2252,0.0067
27.0750,67.2252,0.0067
27.1250,67.2252,0.0067
27.1750,67.2252,0.0069
27.2250,67.2252,0.0069
27.2750,67.2252,0.0068
27.3250,67.2252,0.0070
27.3750,67.2252,0.0069
27.4250,67.2252,0.0070
27.4750,67.2252,0.0071
27.5250,67.2252,0.0071
27.5750,67.2252,0.0072
27.6250,67.2252,0.0072
27.6750,67.2252,0.0072
27.7250,67.2252,0.0073
27.7750,67.2252,0.0073
27.8250,67.2252,0.0072
27.8750,67.2252,0.0074
27.9250,67.2252,0.0073
27.9750,67.2252,0.0073
28.0250,67.2252,0.0076
28.0750,67.2252,0.0075
28.1250,67.2252,0.0075
28.1750,67.2252,0.0076
28.2250,67.2252,0.0076
28.2750,67.2252,0.0076
28.3250,67.2252,0.0077
28.3750,67.2252,0.0077
28.4250,67.2252,0.0077
28.4750,67.2252,0.0079
28.5250,67.2252,0.0078
28.5750,67.2252,0.0079
28.6250,67.2252,0.0079
28.6750,67.2252,0.0079
28.7250,67.2252,0.0079
28.7750,67.2252,0.0080
28.8250,67.2252,0.0079
28.8750,67.2252,0.0094
28.9250,67.2252,0.0094
28.9750,67.2252,0.0095
29.0250,67.2252,0.0100
29.0750,67.2252,0.0102
29.1250,67.2252,0.0102
29.1750,67.2252,0.0108
29.2250,67.2252,0.0108
29.2750,67.2252,0.0110
29.3250,67.2252,0.0116
29.3750,67.2252,0.0116
29.4250,67.2252,0.0121
29.4750,67.2252,0.0125
29.5250,67.2252,0.0129
29.5750,67.2252,0.0129
29.6250,67.2252,0.0136
29.6750,67.2252,0.0136
29.7250,67.2252,0.0139
29.7750,67.2252,0.0143
29.8250,67.2252,0.0143
29.8750,67.2252,0.0148
29.9250,67.2252,0.0153
29.9750,67.2252,0.0212
30.0250,67.2252,0.0212
30.0750,67.2252,0.0231
30.1250,67.2252,0.0231
30.1750,67.2252,0.0232
30.2250,67.2252,0.0249
30.2750,67.2252,0.0249
30.3250,67.2252,0.0270
30.3750,67.2252,0.0276
30.4250,67.2252,0.0297
30.4750,67.2252,0.0297
30.5250,67.2252,0.0319
30.5750,67.2252,0.0320
30.6250,67.2252,0.0320
30.6750,67.2252,0.0352
30.7250,67.2252,0.0352
30.7750,67.2252,0.0383
30.8250,67.2252,0.0383
30.8750,67.2252,0.0412
30.9250,67.2252,0.0412
30.9750,67.2252,0.0418
31.0250,67.2252,0.0449
31.0750,67.2252,0.0449
31.1250,67.2252,0.0487
31.1750,67.2252,0.0487
31.2250,67.2252,0.0530
31.2750,67.2252,0.0520
31.3250,67.2252,0.0568
31.3750,67.2252,0.0569
31.4250,67.2252,0.0558
31.4750,67.2252,0.0616
31.5250,67.2252,0.0616
31.5750,67.2252,0.0676
20.5250,67.1752,0.0073
20.5750,67.1752,0.0073
20.6250,67.1752,0.0074
20.6750,67.1752,0.0071
20.7250,67.1752,0.0072
20.7750,67.1752,0.0070
20.8250,67.1752,0.0070
20.8750,67.1752,0.0068
20.9250,67.1752,0.0068
20.9750,67.1752,0.0065
21.0250,67.1752,0.0066
21.0750,67.1752,0.0064
21.1250,67.1752,0.0065
21.1750,67.1752,0.0064
21.2250,67.1752,0.0063
21.2750,67.1752,0.0064
21.3250,67.1752,0.0063
21.3750,67.1752,0.0064
21.4250,67.1752,0.0062
21.4750,67.1752,0.0063
21.5250,67.1752,0.0061
21.5750,67.1752,0.0061
21.6250,67.1752,0.0061
21.6750,67.1752,0.0061
21.7250,67.1752,0.0059
21.7750,67.1752,0.0060
21.8250,67.1752,0.0060
21.8750,67.1752,0.0059
21.9250,67.1752,0.0059
21.9750,67.1752,0.0058
22.0250,67.1752,0.0059
22.0750,67.1752,0.0057
22.1250,67.1752,0.0059
22.1750,67.1752,0.0057
22.2250,67.1752,0.0057
22.2750,67.1752,0.0058
22.3250,67.1752,0.0057
22.3750,67.1752,0.0058
22.4250,67.1752,0.0057
22.4750,67.1752,0.0057
22.5250,67.1752,0.0056
22.5750,67.1752,0.0056
22.6250,67.1752,0.0056
22.6750,67.1752,0.0056
22.7250,67.1752,0.0055
22.7750,67.1752,0.0056
22.8250,67.1752,0.0055
22.8750,67.1752,0.0055
22.9250,67.1752,0.0056
22.9750,67.1752,0.0054
23.0250,67.1752,0.0056
23.0750,67.1752,0.0055
23.1250,67.1752,0.0056
23.1750,67.1752,0.0055
23.2250,67.1752,0.0055
23.2750,67.1752,0.0055
23.3250,67.1752,0.0055
23.3750,67.1752,0.0054
23.4250,67.1752,0.0056
23.4750,67.1752,0.0056
23.5250,67.1752,0.0055
23.5750,67.1752,0.0056
23.6250,67.1752,0.0055
23.6750,67.1752,0.0056
23.7250,67.1752,0.0055
23.7750,67.1752,0.0055
23.8250,67.1752,0.0055
23.8750,67.1752,0.0055
23.9250,67.1752,0.0056
23.9750,67.1752,0.0055
24.0250,67.1752,0.0055
24.0750,67.1752,0.0056
24.1250,67.1752,0.0056
24.1750,67.1752,0.0055
24.2250,67.1752,0.0056
24.2750,67.1752,0.0055
24.3250,67.1752,0.0057
24.3750,67.1752,0.0056
24.4250,67.1752,0.0056
24.4750,67.1752,0.0057
24.5250,67.1752,0.0056
24.5750,67.1752,0.0058
24.6250,67.1752,0.0057
24.6750,67.1752,0.0057
24.7250,67.1752,0.0057
24.7750,67.1752,0.0057
24.8250,67.1752,0.0056
24.8750,67.1752,0.0058
24.9250,67.1752,0.0057
24.9750,67.1752,0.0057
25.0250,67.1752,0.0059
25.0750,67.1752,0.0058
25.1250,67.1752,0.0059
25.1750,67.1752,0.0058
25.2250,67.1752,0.0058
25.2750,67.1752,0.0059
25.3250,67.1752,0.0059
25.3750,67.1752,0.0058
25.4250,67.1752,0.0060
25.4750,67.1752,0.0059
25.5250,67.1752,0.0060
25.5750,67.1752,0.0060
25.6250,67.1752,0.0059
25.6750,67.1752,0.0061
25.7250,67.1752,0.0060
25.7750,67.1752,0.0060
25.8250,67.1752,0.0061
25.8750,67.1752,0.0061
25.9250,67.1752,0.0062
25.9750,67.1752,0.0062
26.0250,67.1752,0.0062
26.0750,67.1752,0.0063
26.1250,67.1752,0.0063
26.1750,67.1752,0.0062
26.2250,67.1752,0.0064
26.2750,67.1752,0.0063
26.3250,67.1752,0.0063
26.3750,67.1752,0.0064
26.4250,67.1752,0.0064
26.4750,67.1752,0.0065
26.5250,67.1752,0.0065
26.5750,67.1752,0.0065
26.6250,67.1752,0.0066
26.6750,67.1752,0.0066
26.7250,67.1752,0.0066
26.7750,67.1752,0.0068
26.8250,67.1752,0.0067
26.8750,67.1752,0.0067
26.9250,67.1752,0.0069
26.9750,67.1752,0.0068
27.0250,67.1752,0.0068
27.0750,67.1752,0.0069
27.1250,67.1752,0.0069
27.1750,67.1752,0.0069
27.2250,67.1752,0.0071
27.2750,67.1752,0.0070
27.3250,67.1752,0.0072
27.3750,67.1752,0.0072
27.4250,67.1752,0.0071
27.4750,67.1752,0.0074
27.5250,67.1752,0.0073
27.5750,67.1752,0.0073
27.6250,67.1752,0.0074
27.6750,67.1752,0.0074
27.7250,67.1752,0.0073
27.7750,67.1752,0.0075
27.8250,67.1752,0.0075
27.8750,67.1752,0.0074
27.9250,67.1752,0.0077
27.9750,67.1752,0.0076
28.0250,67.1752,0.0077
28.0750,67.1752,0.0077
28.1250,67.1752,0.0077
28.1750,67.1752,0.0077
28.2250,67.1752,0.0078
28.2750,67.1752,0.0078
28.3250,67.1752,0.0080
28.3750,67.1752,0.0080
28.4250,67.1752,0.0079
28.4750,67.1752,0.0081
28.5250,67.1752,0.0080
28.5750,67.1752,0.0080
28.6250,67.1752,0.0080
28.6750,67.1752,0.0080
28.7250,67.1752,0.0080
28.7750,67.1752,0.0082
28.8250,67.1752,0.0082
28.8750,67.1752,0.0094
28.9250,67.1752,0.0098
28.9750,67.1752,0.0100
29.0250,67.1752,0.0100
29.0750,67.1752,0.0106
29.1250,67.1752,0.0106
29.1750,67.1752,0.0107
29.2250,67.1752,0.0112
29.2750,67.1752,0.0112
29.3250,67.1752,0.0116
29.3750,67.1752,0.0122
29.4250,67.1752,0.0125
29.4750,67.1752,0.0125
29.5250,67.1752,0.0132
29.5750,67.1752,0.0132
29.6250,67.1752,0.0133
29.6750,67.1752,0.0139
29.7250,67.1752,0.0139
29.7750,67.1752,0.0143
29.8250,67.1752,0.0146
29.8750,67.1752,0.0153
29.9250,67.1752,0.0156
29.9750,67.1752,0.0216
30.0250,67.1752,0.0219
30.0750,67.1752,0.0221
30.1250,67.1752,0.0236
30.1750,67.1752,0.0236
30.2250,67.1752,0.0249
30.2750,67.1752,0.0255
30.3250,67.1752,0.0276
30.3750,67.1752,0.0276
30.4250,67.1752,0.0281
30.4750,67.1752,0.0300
30.5250,67.1752,0.0300
30.5750,67.1752,0.0321
30.6250,67.1752,0.0321
30.6750,67.1752,0.0352
30.7250,67.1752,0.0351
30.7750,67.1752,0.0383
30.8250,67.1752,0.0383
30.8750,67.1752,0.0379
30.9250,67.1752,0.0409
30.9750,67.1752,0.0409
31.0250,67.1752,0.0439
31.0750,67.1752,0.0439
31.1250,67.1752,0.0486
31.1750,67.1752,0.0474
31.2250,67.1752,0.0499
31.2750,67.1752,0.0519
31.3250,67.1752,0.0505
31.3750,67.1752,0.0548
31.4250,67.1752,0.0548
31.4750,67.1752,0.0591
31.5250,67.1752,0.0591
31.5750,67.1752,0.0658
20.5250,67.1252,0.0077
20.5750,67.1252,0.0074
20.6250,67.1252,0.0074
20.6750,67.1252,0.0073
20.7250,67.1252,0.0072
20.7750,67.1252,0.0073
20.8250,67.1252,0.0071
20.8750,67.1252,0.0071
20.9250,67.1252,0.0069
20.9750,67.1252,0.0069
21.0250,67.1252,0.0067
21.0750,67.1252,0.0067
21.1250,67.1252,0.0065
21.1750,67.1252,0.0066
21.2250,67.1252,0.0064
21.2750,67.1252,0.0065
21.3250,67.1252,0.0064
21.3750,67.1252,0.0064
21.4250,67.1252,0.0064
21.4750,67.1252,0.0063
21.5250,67.1252,0.0063
21.5750,67.1252,0.0062
21.6250,67.1252,0.0062
21.6750,67.1252,0.0062
21.7250,67.1252,0.0062
21.7750,67.1252,0.0061
21.8250,67.1252,0.0061
21.8750,67.1252,0.0059
21.9250,67.1252,0.0060
21.9750,67.1252,0.0060
22.0250,67.1252,0.0060
22.0750,67.1252,0.0060
22.1250,67.1252,0.0059
22.1750,67.1252,0.0059
22.2250,67.1252,0.0059
22.2750,67.1252,0.0060
22.3250,67.1252,0.0058
22.3750,67.1252,0.0058
22.4250,67.1252,0.0058
22.4750,67.1252,0.0058
22.5250,67.1252,0.0059
22.5750,67.1252,0.0058
22.6250,67.1252,0.0058
22.6750,67.1252,0.0058
22.7250,67.1252,0.0058
22.7750,67.1252,0.0056
22.8250,67.1252,0.0057
22.8750,67.1252,0.0056
22.9250,67.1252,0.0057
22.9750,67.1252,0.0056
23.0250,67.1252,0.0056
23.0750,67.1252,0.0057
23.1250,67.1252,0.0057
23.1750,67.1252,0.0058
23.2250,67.1252,0.0057
23.2750,67.1252,0.0057
23.3250,67.1252,0.0057
23.3750,67.1252,0.0057
23.4250,67.1252,0.0056
23.4750,67.1252,0.0057
23.5250,67.1252,0.0056
23.5750,67.1252,0.0057
23.6250,67.1252,0.0057
23.6750,67.1252,0.0056
23.7250,67.1252,0.0057
23.7750,67.1252,0.0056
23.8250,67.1252,0.0057
23.8750,67.1252,0.0056
23.9250,67.1252,0.0056
23.9750,67.1252,0.0057
24.0250,67.1252,0.0057
24.0750,67.1252,0.0056
24.1250,67.1252,0.0057
24.1750,67.1252,0.0057
24.2250,67.1252,0.0058
24.2750,67.1252,0.0058
24.3250,67.1252,0.0057
24.3750,67.1252,0.0058
24.4250,67.1252,0.0057
24.4750,67.1252,0.0058
24.5250,67.1252,0.0058
24.5750,67.1252,0.0058
24.6250,67.1252,0.0058
24.6750,67.1252,0.0058
24.7250,67.1252,0.0058
24.7750,67.1252,0.0058
24.8250,67.1252,0.0058
24.8750,67.1252,0.0058
24.9250,67.1252,0.0059
24.9750,67.1252,0.0059
25.0250,67.1252,0.0060
25.0750,67.1252,0.0059
25.1250,67.1252,0.0059
25.1750,67.1252,0.0060
25.2250,67.1252,0.0059
25.2750,67.1252,0.0061
25.3250,67.1252,0.0060
25.3750,67.1252,0.0060
25.4250,67.1252,0.0061
25.4750,67.1252,0.0061
25.5250,67.1252,0.0060
25.5750,67.1252,0.0062
25.6250,67.1252,0.0061
25.6750,67.1252,0.0061
25.7250,67.1252,0.0063
25.7750,67.1252,0.0062
25.8250,67.1252,0.0063
25.8750,67.1252,0.0063
25.9250,67.1252,0.0063
25.9750,67.1252,0.0063
26.0250,67.1252,0.0063
26.0750,67.1252,0.0063
26.1250,67.1252,0.0064
26.1750,67.1252,0.0064
26.2250,67.1252,0.0064
26.2750,67.1252,0.0065
26.3250,67.1252,0.0065
26.3750,67.1252,0.0066
26.4250,67.1252,0.0066
26.4750,67.1252,0.0066
26.5250,67.1252,0.0067
26.5750,67.1252,0.0067
26.6250,67.1252,0.0066
26.6750,67.1252,0.0069
26.7250,67.1252,0.0069
26.7750,67.1252,0.0068
26.8250,67.1252,0.0070
26.8750,67.1252,0.0069
26.9250,67.1252,0.0071
26.9750,67.1252,0.0070
27.0250,67.1252,0.0070
27.0750,67.1252,0.0071
27.1250,67.1252,0.0071
27.1750,67.1252,0.0071
27.2250,67.1252,0.0073
27.2750,67.1252,0.0073
27.3250,67.1252,0.0072
27.3750,67.1252,0.0074
27.4250,67.1252,0.0074
27.4750,67.1252,0.0074
27.5250,67.1252,0.0075
27.5750,67.1252,0.0075
27.6250,67.1252,0.0076
27.6750,67.1252,0.0076
27.7250,67.1252,0.0076
27.7750,67.1252,0.0076
27.8250,67.1252,0.0077
27.8750,67.1252,0.0077
27.9250,67.1252,0.0078
27.9750,67.1252,0.0077
28.0250,67.1252,0.0077
28.0750,67.1252,0.0079
28.1250,67.1252,0.0079
28.1750,67.1252,0.0079
28.2250,67.1252,0.0080
28.2750,67.1252,0.0080
28.3250,67.1252,0.0080
28.3750,67.1252,0.0081
28.4250,67.1252,0.0081
28.4750,67.1252,0.0081
28.5250,67.1252,0.0082
28.5750,67.1252,0.0082
28.6250,67.1252,0.0082
28.6750,67.1252,0.0083
28.7250,67.1252,0.0083
28.7750,67.1252,0.0083
28.8250,67.1252,0.0097
28.8750,67.1252,0.0098
28.9250,67.1252,0.0101
28.9750,67.1252,0.0102
29.0250,67.1252,0.0104
29.0750,67.1252,0.0107
29.1250,67.1252,0.0110
29.1750,67.1252,0.0110
29.2250,67.1252,0.0117
29.2750,67.1252,0.0119
29.3250,67.1252,0.0122
29.3750,67.1252,0.0125
29.4250,67.1252,0.0125
29.4750,67.1252,0.0129
29.5250,67.1252,0.0132
29.5750,67.1252,0.0135
29.6250,67.1252,0.0135
29.6750,67.1252,0.0142
29.7250,67.1252,0.0142
29.7750,67.1252,0.0146
29.8250,67.1252,0.0193
29.8750,67.1252,0.0193
29.9250,67.1252,0.0206
29.9750,67.1252,0.0210
30.0250,67.1252,0.0223
30.0750,67.1252,0.0223
30.1250,67.1252,0.0239
30.1750,67.1252,0.0239
30.2250,67.1252,0.0253
30.2750,67.1252,0.0257
30.3250,67.1252,0.0257
30.3750,67.1252,0.0279
30.4250,67.1252,0.0279
30.4750,67.1252,0.0301
30.5250,67.1252,0.0301
30.5750,67.1252,0.0319
30.6250,67.1252,0.0319
30.6750,67.1252,0.0330
30.7250,67.1252,0.0346
30.7750,67.1252,0.0346
30.8250,67.1252,0.0379
30.8750,67.1252,0.0371
30.9250,67.1252,0.0403
30.9750,67.1252,0.0403
31.0250,67.1252,0.0428
31.0750,67.1252,0.0425
31.1250,67.1252,0.0425
31.1750,67.1252,0.0459
31.2250,67.1252,0.0458
31.2750,67.1252,0.0505
31.3250,67.1252,0.0492
31.3750,67.1252,0.0532
31.4250,67.1252,0.0532
31.4750,67.1252,0.0574
31.5250,67.1252,0.0560
31.5750,67.1252,0.0560
20.5250,67.0752,0.0077
20.5750,67.0752,0.0077
20.6250,67.0752,0.0075
20.6750,67.0752,0.0075
20.7250,67.0752,0.0073
20.7750,67.0752,0.0073
20.8250,67.0752,0.0071
20.8750,67.0752,0.0071
20.9250,67.0752,0.0071
20.9750,67.0752,0.0069
21.0250,67.0752,0.0069
21.0750,67.0752,0.0068
21.1250,67.0752,0.0068
21.1750,67.0752,0.0066
21.2250,67.0752,0.0067
21.2750,67.0752,0.0065
21.3250,67.0752,0.0066
21.3750,67.0752,0.0064
21.4250,67.0752,0.0065
21.4750,67.0752,0.0064
21.5250,67.0752,0.0063
21.5750,67.0752,0.0064
21.6250,67.0752,0.0063
21.6750,67.0752,0.0064
21.7250,67.0752,0.0062
21.7750,67.0752,0.0062
21.8250,67.0752,0.0062
21.8750,67.0752,0.0062
21.9250,67.0752,0.0060
21.9750,67.0752,0.0061
22.0250,67.0752,0.0060
22.0750,67.0752,0.0061
22.1250,67.0752,0.0060
22.1750,67.0752,0.0060
22.2250,67.0752,0.0061
22.2750,67.0752,0.0060
22.3250,67.0752,0.0061
22.3750,67.0752,0.0059
22.4250,67.0752,0.0060
22.4750,67.0752,0.0059
22.5250,67.0752,0.0059
22.5750,67.0752,0.0059
22.6250,67.0752,0.0059
22.6750,67.0752,0.0058
22.7250,67.0752,0.0058
22.7750,67.0752,0.0058
22.8250,67.0752,0.0059
22.8750,67.0752,0.0059
22.9250,67.0752,0.0057
22.9750,67.0752,0.0058
23.0250,67.0752,0.0057
23.0750,67.0752,0.0059
23.1250,67.0752,0.0058
23.1750,67.0752,0.0058
23.2250,67.0752,0.0059
23.2750,67.0752,0.0058
23.3250,67.0752,0.0059
23.3750,67.0752,0.0058
23.4250,67.0752,0.0058
23.4750,67.0752,0.0058
23.5250,67.0752,0.0058
23.5750,67.0752,0.0057
23.6250,67.0752,0.0058
23.6750,67.0752,0.0057
23.7250,67.0752,0.0058
23.7750,67.0752,0.0057
23.8250,67.0752,0.0057
23.8750,67.0752,0.0059
23.9250,67.0752,0.0057
23.9750,67.0752,0.0059
24.0250,67.0752,0.0058
24.0750,67.0752,0.0058
24.1250,67.0752,0.0059
24.1750,67.0752,0.0059
24.2250,67.0752,0.0058
24.2750,67.0752,0.0059
24.3250,67.0752,0.0058
24.3750,67.0752,0.0059
24.4250,67.0752,0.0059
24.4750,67.0752,0.0058
24.5250,67.0752,0.0059
24.5750,67.0752,0.0059
24.6250,67.0752,0.0059
24.6750,67.0752,0.0060
24.7250,67.0752,0.0060
24.7750,67.0752,0.0059
24.8250,67.0752,0.0060
24.8750,67.0752,0.0059
24.9250,67.0752,0.0061
24.9750,67.0752,0.0061
25.0250,67.0752,0.0060
25.0750,67.0752,0.0062
25.1250,67.0752,0.0060
25.1750,67.0752,0.0062
25.2250,67.0752,0.0061
25.2750,67.0752,0.0061
25.3250,67.0752,0.0061
25.3750,67.0752,0.0062
25.4250,67.0752,0.0062
25.4750,67.0752,0.0062
25.5250,67.0752,0.0062
25.5750,67.0752,0.0062
25.6250,67.0752,0.0063
25.6750,67.0752,0.0063
25.7250,67.0752,0.0064
25.7750,67.0752,0.0063
25.8250,67.0752,0.0063
25.8750,67.0752,0.0064
25.9250,67.0752,0.0064
25.9750,67.0752,0.0065
26.0250,67.0752,0.0065
26.0750,67.0752,0.0065
26.1250,67.0752,0.0064
26.1750,67.0752,0.0065
26.2250,67.0752,0.0065
26.2750,67.0752,0.0067
26.3250,67.0752,0.0066
26.3750,67.0752,0.0066
26.4250,67.0752,0.0068
26.4750,67.0752,0.0068
26.5250,67.0752,0.0068
26.5750,67.0752,0.0069
26.6250,67.0752,0.0069
26.6750,67.0752,0.0069
26.7250,67.0752,0.0071
26.7750,67.0752,0.0070
26.8250,67.0752,0.0072
26.8750,67.0752,0.0071
26.9250,67.0752,0.0071
26.9750,67.0752,0.0073
27.0250,67.0752,0.0072
27.0750,67.0752,0.0072
27.1250,67.0752,0.0073
27.1750,67.0752,0.0073
27.2250,67.0752,0.0073
27.2750,67.0752,0.0075
27.3250,67.0752,0.0074
27.3750,67.0752,0.0075
27.4250,67.0752,0.0076
27.4750,67.0752,0.0076
27.5250,67.0752,0.0077
27.5750,67.0752,0.0077
27.6250,67.0752,0.0077
27.6750,67.0752,0.0078
27.7250,67.0752,0.0078
27.7750,67.0752,0.0077
27.8250,67.0752,0.0079
27.8750,67.0752,0.0079
27.9250,67.0752,0.0078
27.9750,67.0752,0.0080
28.0250,67.0752,0.0079
28.0750,67.0752,0.0079
28.1250,67.0752,0.0080
28.1750,67.0752,0.0080
28.2250,67.0752,0.0080
28.2750,67.0752,0.0082
28.3250,67.0752,0.0082
28.3750,67.0752,0.0082
28.4250,67.0752,0.0083
28.4750,67.0752,0.0082
28.5250,67.0752,0.0084
28.5750,67.0752,0.0083
28.6250,67.0752,0.0083
28.6750,67.0752,0.0094
28.7250,67.0752,0.0095
28.7750,67.0752,0.0096
28.8250,67.0752,0.0101
28.8750,67.0752,0.0101
28.9250,67.0752,0.0102
28.9750,67.0752,0.0106
29.0250,67.0752,0.0108
29.0750,67.0752,0.0108
29.1250,67.0752,0.0115
29.1750,67.0752,0.0115
29.2250,67.0752,0.0116
29.2750,67.0752,0.0122
29.3250,67.0752,0.0122
29.3750,67.0752,0.0125
29.4250,67.0752,0.0129
29.4750,67.0752,0.0132
29.5250,67.0752,0.0132
29.5750,67.0752,0.0138
29.6250,67.0752,0.0138
29.6750,67.0752,0.0145
29.7250,67.0752,0.0184
29.7750,67.0752,0.0184
29.8250,67.0752,0.0193
29.8750,67.0752,0.0197
29.9250,67.0752,0.0210
29.9750,67.0752,0.0210
30.0250,67.0752,0.0226
30.0750,67.0752,0.0226
30.1250,67.0752,0.0226
30.1750,67.0752,0.0240
30.2250,67.0752,0.0240
30.2750,67.0752,0.0257
30.3250,67.0752,0.0257
30.3750,67.0752,0.0279
30.4250,67.0752,0.0279
30.4750,67.0752,0.0298
30.5250,67.0752,0.0299
30.5750,67.0752,0.0298
30.6250,67.0752,0.0316
30.6750,67.0752,0.0316
30.7250,67.0752,0.0346
30.7750,67.0752,0.0337
30.8250,67.0752,0.0371
30.8750,67.0752,0.0371
30.9250,67.0752,0.0384
30.9750,67.0752,0.0394
31.0250,67.0752,0.0393
31.0750,67.0752,0.0413
31.1250,67.0752,0.0413
31.1750,67.0752,0.0458
31.2250,67.0752,0.0438
31.2750,67.0752,0.0487
31.3250,67.0752,0.0487
31.3750,67.0752,0.0469
31.4250,67.0752,0.0513
31.4750,67.0752,0.0513
31.5250,67.0752,0.0535
31.5750,67.0752,0.0535
20.5250,67.0252,0.0079
20.5750,67.0252,0.0077
20.6250,67.0252,0.0077
20.6750,67.0252,0.0075
20.7250,67.0252,0.0076
20.7750,67.0252,0.0073
20.8250,67.0252,0.0073
20.8750,67.0252,0.0072
20.9250,67.0252,0.0072
20.9750,67.0252,0.0070
21.0250,67.0252,0.0070
21.0750,67.0252,0.0068
21.1250,67.0252,0.0069
21.1750,67.0252,0.0069
21.2250,67.0252,0.0068
21.2750,67.0252,0.0068
21.3250,67.0252,0.0066
21.3750,67.0252,0.0066
21.4250,67.0252,0.0065
21.4750,67.0252,0.0065
21.5250,67.0252,0.0064
21.5750,67.0252,0.0064
21.6250,67.0252,0.0064
21.6750,67.0252,0.0064
21.7250,67.0252,0.0064
21.7750,67.0252,0.0063
21.8250,67.0252,0.0064
21.8750,67.0252,0.0063
21.9250,67.0252,0.0063
21.9750,67.0252,0.0062
22.0250,67.0252,0.0062
22.0750,67.0252,0.0061
22.1250,67.0252,0.0062
22.1750,67.0252,0.0061
22.2250,67.0252,0.0062
22.2750,67.0252,0.0061
22.3250,67.0252,0.0061
22.3750,67.0252,0.0062
22.4250,67.0252,0.0060
22.4750,67.0252,0.0062
22.5250,67.0252,0.0060
22.5750,67.0252,0.0060
22.6250,67.0252,0.0060
22.6750,67.0252,0.0060
22.7250,67.0252,0.0059
22.7750,67.0252,0.0060
22.8250,67.0252,0.0059
22.8750,67.0252,0.0060
22.9250,67.0252,0.0060
22.9750,67.0252,0.0059
23.0250,67.0252,0.0060
23.0750,67.0252,0.0059
23.1250,67.0252,0.0060
23.1750,67.0252,0.0059
23.2250,67.0252,0.0060
23.2750,67.0252,0.0059
23.3250,67.0252,0.0059
23.3750,67.0252,0.0059
23.4250,67.0252,0.0059
23.4750,67.0252,0.0059
23.5250,67.0252,0.0059
23.5750,67.0252,0.0059
23.6250,67.0252,0.0059
23.6750,67.0252,0.0059
23.7250,67.0252,0.0058
23.7750,67.0252,0.0060
23.8250,67.0252,0.0059
23.8750,67.0252,0.0059
23.9250,67.0252,0.0059
23.9750,67.0252,0.0059
24.0250,67.0252,0.0060
24.0750,67.0252,0.0060
24.1250,67.0252,0.0060
24.1750,67.0252,0.0060
24.2250,67.0252,0.0060
24.2750,67.0252,0.0059
24.3250,67.0252,0.0060
24.3750,67.0252,0.0059
24.4250,67.0252,0.0060
24.4750,67.0252,0.0060
24.5250,67.0252,0.0059
24.5750,67.0252,0.0061
24.6250,67.0252,0.0060
24.6750,67.0252,0.0062
24.7250,67.0252,0.0061
24.7750,67.0252,0.0061
24.8250,67.0252,0.0061
24.8750,67.0252,0.0061
24.9250,67.0252,0.0061
24.9750,67.0252,0.0062
25.0250,67.0252,0.0062
25.0750,67.0252,0.0063
25.1250,67.0252,0.0063
25.1750,67.0252,0.0062
25.2250,67.0252,0.0064
25.2750,67.0252,0.0063
25.3250,67.0252,0.0063
25.3750,67.0252,0.0063
25.4250,67.0252,0.0063
25.4750,67.0252,0.0062
25.5250,67.0252,0.0064
25.5750,67.0252,0.0063
25.6250,67.0252,0.0064
25.6750,67.0252,0.0064
25.7250,67.0252,0.0064
25.7750,67.0252,0.0065
25.8250,67.0252,0.0065
25.8750,67.0252,0.0065
25.9250,67.0252,0.0066
25.9750,67.0252,0.0066
26.0250,67.0252,0.0066
26.0750,67.0252,0.0067
26.1250,67.0252,0.0066
26.1750,67.0252,0.0068
26.2250,67.0252,0.0068
26.2750,67.0252,0.0067
26.3250,67.0252,0.0069
26.3750,67.0252,0.0068
26.4250,67.0252,0.0069
26.4750,67.0252,0.0070
26.5250,67.0252,0.0070
26.5750,67.0252,0.0070
26.6250,67.0252,0.0071
26.6750,67.0252,0.0071
26.7250,67.0252,0.0072
26.7750,67.0252,0.0072
26.8250,67.0252,0.0072
26.8750,67.0252,0.0074
26.9250,67.0252,0.0073
26.9750,67.0252,0.0073
27.0250,67.0252,0.0074
27.0750,67.0252,0.0074
27.1250,67.0252,0.0075
27.1750,67.0252,0.0075
27.2250,67.0252,0.0075
27.2750,67.0252,0.0076
27.3250,67.0252,0.0077
27.3750,67.0252,0.0076
27.4250,67.0252,0.0078
27.4750,67.0252,0.0077
27.5250,67.0252,0.0077
27.5750,67.0252,0.0079
27.6250,67.0252,0.0079
27.6750,67.0252,0.0079
27.7250,67.0252,0.0080
27.7750,67.0252,0.0080
27.8250,67.0252,0.0079
27.8750,67.0252,0.0081
27.9250,67.0252,0.0080
27.9750,67.0252,0.0081
28.0250,67.0252,0.0081
28.0750,67.0252,0.0081
28.1250,67.0252,0.0083
28.1750,67.0252,0.0082
28.2250,67.0252,0.0082
28.2750,67.0252,0.0083
28.3250,67.0252,0.0083
28.3750,67.0252,0.0083
28.4250,67.0252,0.0084
28.4750,67.0252,0.0084
28.5250,67.0252,0.0084
28.5750,67.0252,0.0086
28.6250,67.0252,0.0094
28.6750,67.0252,0.0094
28.7250,67.0252,0.0099
28.7750,67.0252,0.0099
28.8250,67.0252,0.0101
28.8750,67.0252,0.0104
28.9250,67.0252,0.0106
28.9750,67.0252,0.0106
29.0250,67.0252,0.0110
29.0750,67.0252,0.0111
29.1250,67.0252,0.0115
29.1750,67.0252,0.0119
29.2250,67.0252,0.0119
29.2750,67.0252,0.0124
29.3250,67.0252,0.0126
29.3750,67.0252,0.0129
29.4250,67.0252,0.0132
29.4750,67.0252,0.0132
29.5250,67.0252,0.0135
29.5750,67.0252,0.0137
29.6250,67.0252,0.0177
29.6750,67.0252,0.0177
29.7250,67.0252,0.0186
29.7750,67.0252,0.0186
29.8250,67.0252,0.0197
29.8750,67.0252,0.0200
29.9250,67.0252,0.0201
29.9750,67.0252,0.0213
30.0250,67.0252,0.0214
30.0750,67.0252,0.0227
30.1250,67.0252,0.0227
30.1750,67.0252,0.0240
30.2250,67.0252,0.0240
30.2750,67.0252,0.0257
30.3250,67.0252,0.0254
30.3750,67.0252,0.0255
30.4250,67.0252,0.0277
30.4750,67.0252,0.0273
30.5250,67.0252,0.0295
30.5750,67.0252,0.0295
30.6250,67.0252,0.0311
30.6750,67.0252,0.0311
30.7250,67.0252,0.0337
30.7750,67.0252,0.0326
30.8250,67.0252,0.0326
30.8750,67.0252,0.0361
30.9250,67.0252,0.0350
30.9750,67.0252,0.0382
31.0250,67.0252,0.0382
31.0750,67.0252,0.0404
31.1250,67.0252,0.0401
31.1750,67.0252,0.0437
31.2250,67.0252,0.0420
31.2750,67.0252,0.0417
31.3250,67.0252,0.0465
31.3750,67.0252,0.0454
31.4250,67.0252,0.0490
31.4750,67.0252,0.0490
31.5250,67.0252,0.0528
31.5750,67.0252,0.0511
20.5250,66.9752,0.0079
20.5750,66.9752,0.0077
20.6250,66.9752,0.0077
20.6750,66.9752,0.0078
20.7250,66.9752,0.0076
20.7750,66.9752,0.0076
20.8250,66.9752,0.0074
20.8750,66.9752,0.0074
20.9250,66.9752,0.0072
20.9750,66.9752,0.0072
21.0250,66.9752,0.0071
21.0750,66.9752,0.0071
21.1250,66.9752,0.0069
21.1750,66.9752,0.0069
21.2250,66.9752,0.0068
21.2750,66.9752,0.0068
21.3250,66.9752,0.0068
21.3750,66.9752,0.0067
21.4250,66.9752,0.0067
21.4750,66.9752,0.0065
21.5250,66.9752,0.0066
21.5750,66.9752,0.0065
21.6250,66.9752,0.0066
21.6750,66.9752,0.0064
21.7250,66.9752,0.0064
21.7750,66.9752,0.0064
21.8250,66.9752,0.0064
21.8750,66.9752,0.0064
21.9250,66.9752,0.0064
21.9750,66.9752,0.0064
22.0250,66.9752,0.0063
22.0750,66.9752,0.0063
22.1250,66.9752,0.0063
22.1750,66.9752,0.0063
22.2250,66.9752,0.0062
22.2750,66.9752,0.0063
22.3250,66.9752,0.0062
22.3750,66.9752,0.0062
22.4250,66.9752,0.0062
22.4750,66.9752,0.0062
22.5250,66.9752,0.0062
22.5750,66.9752,0.0061
22.6250,66.9752,0.0062
22.6750,66.9752,0.0061
22.7250,66.9752,0.0061
22.7750,66.9752,0.0061
22.8250,66.9752,0.0061
22.8750,66.9752,0.0060
22.9250,66.9752,0.0061
22.9750,66.9752,0.0060
23.0250,66.9752,0.0061
23.0750,66.9752,0.0060
23.1250,66.9752,0.0060
23.1750,66.9752,0.0061
23.2250,66.9752,0.0060
23.2750,66.9752,0.0061
23.3250,66.9752,0.0061
23.3750,66.9752,0.0061
23.4250,66.9752,0.0061
23.4750,66.9752,0.0061
23.5250,66.9752,0.0059
23.5750,66.9752,0.0061
23.6250,66.9752,0.0059
23.6750,66.9752,0.0061
23.7250,66.9752,0.0061
23.7750,66.9752,0.0060
23.8250,66.9752,0.0061
23.8750,66.9752,0.0060
23.9250,66.9752,0.0061
23.9750,66.9752,0.0060
24.0250,66.9752,0.0060
24.0750,66.9752,0.0061
24.1250,66.9752,0.0061
24.1750,66.9752,0.0060
24.2250,66.9752,0.0061
24.2750,66.9752,0.0061
24.3250,66.9752,0.0062
24.3750,66.9752,0.0062
24.4250,66.9752,0.0060
24.4750,66.9752,0.0063
24.5250,66.9752,0.0061
24.5750,66.9752,0.0063
24.6250,66.9752,0.0062
24.6750,66.9752,0.0062
24.7250,66.9752,0.0062
24.7750,66.9752,0.0062
24.8250,66.9752,0.0063
24.8750,66.9752,0.0063
24.9250,66.9752,0.0063
24.9750,66.9752,0.0063
25.0250,66.9752,0.0064
25.0750,66.9752,0.0063
25.1250,66.9752,0.0064
25.1750,66.9752,0.0064
25.2250,66.9752,0.0064
25.2750,66.9752,0.0064
25.3250,66.9752,0.0064
25.3750,66.9752,0.0065
25.4250,66.9752,0.0065
25.4750,66.9752,0.0065
25.5250,66.9752,0.0065
25.5750,66.9752,0.0065
25.6250,66.9752,0.0064
25.6750,66.9752,0.0066
25.7250,66.9752,0.0065
25.7750,66.9752,0.0066
25.8250,66.9752,0.0066
25.8750,66.9752,0.0066
25.9250,66.9752,0.0068
25.9750,66.9752,0.0068
26.0250,66.9752,0.0068
26.0750,66.9752,0.0069
26.1250,66.9752,0.0069
26.1750,66.9752,0.0068
26.2250,66.9752,0.0070
26.2750,66.9752,0.0069
26.3250,66.9752,0.0071
26.3750,66.9752,0.0071
26.4250,66.9752,0.0070
26.4750,66.9752,0.0072
26.5250,66.9752,0.0072
26.5750,66.9752,0.0072
26.6250,66.9752,0.0073
26.6750,66.9752,0.0073
26.7250,66.9752,0.0072
26.7750,66.9752,0.0074
26.8250,66.9752,0.0074
26.8750,66.9752,0.0075
26.9250,66.9752,0.0076
26.9750,66.9752,0.0075
27.0250,66.9752,0.0077
27.0750,66.9752,0.0076
27.1250,66.9752,0.0076
27.1750,66.9752,0.0077
27.2250,66.9752,0.0077
27.2750,66.9752,0.0077
27.3250,66.9752,0.0078
27.3750,66.9752,0.0078
27.4250,66.9752,0.0078
27.4750,66.9752,0.0080
27.5250,66.9752,0.0079
27.5750,66.9752,0.0080
27.6250,66.9752,0.0080
27.6750,66.9752,0.0080
27.7250,66.9752,0.0081
27.7750,66.9752,0.0081
27.8250,66.9752,0.0081
27.8750,66.9752,0.0082
27.9250,66.9752,0.0082
27.9750,66.9752,0.0082
28.0250,66.9752,0.0083
28.0750,66.9752,0.0083
28.1250,66.9752,0.0083
28.1750,66.9752,0.0084
28.2250,66.9752,0.0084
28.2750,66.9752,0.0083
28.3250,66.9752,0.0085
28.3750,66.9752,0.0085
28.4250,66.9752,0.0084
28.4750,66.9752,0.0086
28.5250,66.9752,0.0086
28.5750,66.9752,0.0087
28.6250,66.9752,0.0098
28.6750,66.9752,0.0098
28.7250,66.9752,0.0101
28.7750,66.9752,0.0103
28.8250,66.9752,0.0103
28.8750,66.9752,0.0107
28.9250,66.9752,0.0107
28.9750,66.9752,0.0110
29.0250,66.9752,0.0113
29.0750,66.9752,0.0117
29.1250,66.9752,0.0117
29.1750,66.9752,0.0123
29.2250,66.9752,0.0123
29.2750,66.9752,0.0125
29.3250,66.9752,0.0129
29.3750,66.9752,0.0129
29.4250,66.9752,0.0132
29.4750,66.9752,0.0134
29.5250,66.9752,0.0137
29.5750,66.9752,0.0137
29.6250,66.9752,0.0180
29.6750,66.9752,0.0180
29.7250,66.9752,0.0185
29.7750,66.9752,0.0188
29.8250,66.9752,0.0188
29.8750,66.9752,0.0200
29.9250,66.9752,0.0201
29.9750,66.9752,0.0214
30.0250,66.9752,0.0214
30.0750,66.9752,0.0227
30.1250,66.9752,0.0227
30.1750,66.9752,0.0235
30.2250,66.9752,0.0238
30.2750,66.9752,0.0238
30.3250,66.9752,0.0254
30.3750,66.9752,0.0249
30.4250,66.9752,0.0273
30.4750,66.9752,0.0273
30.5250,66.9752,0.0289
30.5750,66.9752,0.0289
30.6250,66.9752,0.0298
30.6750,66.9752,0.0304
30.7250,66.9752,0.0304
30.7750,66.9752,0.0326
30.8250,66.9752,0.0317
30.8750,66.9752,0.0348
30.9250,66.9752,0.0348
30.9750,66.9752,0.0368
31.0250,66.9752,0.0368
31.0750,66.9752,0.0372
31.1250,66.9752,0.0386
31.1750,66.9752,0.0386
31.2250,66.9752,0.0417
31.2750,66.9752,0.0401
31.3250,66.9752,0.0440
31.3750,66.9752,0.0440
31.4250,66.9752,0.0463
31.4750,66.9752,0.0463
31.5250,66.9752,0.0463
31.5750,66.9752,0.0483
20.5250,66.9252,0.0079
20.5750,66.9252,0.0080
20.6250,66.9252,0.0078
20.6750,66.9252,0.0078
20.7250,66.9252,0.0076
20.7750,66.9252,0.0076
20.8250,66.9252,0.0076
20.8750,66.9252,0.0074
20.9250,66.9252,0.0075
20.9750,66.9252,0.0073
21.0250,66.9252,0.0073
21.0750,66.9252,0.0072
21.1250,66.9252,0.0072
21.1750,66.9252,0.0070
21.2250,66.9252,0.0070
21.2750,66.9252,0.0068
21.3250,66.9252,0.0069
21.3750,66.9252,0.0067
21.4250,66.9252,0.0068
21.4750,66.9252,0.0068
21.5250,66.9252,0.0066
21.5750,66.9252,0.0067
21.6250,66.9252,0.0066
21.6750,66.9252,0.0067
21.7250,66.9252,0.0065
21.7750,66.9252,0.0066
21.8250,66.9252,0.0065
21.8750,66.9252,0.0065
21.9250,66.9252,0.0064
21.9750,66.9252,0.0064
22.0250,66.9252,0.0063
22.0750,66.9252,0.0064
22.1250,66.9252,0.0064
22.1750,66.9252,0.0064
22.2250,66.9252,0.0064
22.2750,66.9252,0.0063
22.3250,66.9252,0.0064
22.3750,66.9252,0.0062
22.4250,66.9252,0.0064
22.4750,66.9252,0.0062
22.5250,66.9252,0.0063
22.5750,66.9252,0.0062
22.6250,66.9252,0.0062
22.6750,66.9252,0.0063
22.7250,66.9252,0.0063
22.7750,66.9252,0.0063
22.8250,66.9252,0.0063
22.8750,66.9252,0.0063
22.9250,66.9252,0.0062
22.9750,66.9252,0.0063
23.0250,66.9252,0.0061
23.0750,66.9252,0.0063
23.1250,66.9252,0.0061
23.1750,66.9252,0.0063
23.2250,66.9252,0.0061
23.2750,66.9252,0.0061
23.3250,66.9252,0.0063
23.3750,66.9252,0.0062
23.4250,66.9252,0.0063
23.4750,66.9252,0.0062
23.5250,66.9252,0.0062
23.5750,66.9252,0.0062
23.6250,66.9252,0.0062
23.6750,66.9252,0.0061
23.7250,66.9252,0.0062
23.7750,66.9252,0.0061
23.8250,66.9252,0.0063
23.8750,66.9252,0.0062
23.9250,66.9252,0.0061
23.9750,66.9252,0.0063
24.0250,66.9252,0.0062
24.0750,66.9252,0.0063
24.1250,66.9252,0.0062
24.1750,66.9252,0.0062
24.2250,66.9252,0.0063
24.2750,66.9252,0.0063
24.3250,66.9252,0.0062
24.3750,66.9252,0.0064
24.4250,66.9252,0.0063
24.4750,66.9252,0.0064
24.5250,66.9252,0.0064
24.5750,66.9252,0.0063
24.6250,66.9252,0.0064
24.6750,66.9252,0.0063
24.7250,66.9252,0.0063
24.7750,66.9252,0.0064
24.8250,66.9252,0.0064
24.8750,66.9252,0.0063
24.9250,66.9252,0.0064
24.9750,66.9252,0.0064
25.0250,66.9252,0.0065
25.0750,66.9252,0.0065
25.1250,66.9252,0.0064
25.1750,66.9252,0.0066
25.2250,66.9252,0.0065
25.2750,66.9252,0.0067
25.3250,66.9252,0.0066
25.3750,66.9252,0.0066
25.4250,66.9252,0.0066
25.4750,66.9252,0.0066
25.5250,66.9252,0.0065
25.5750,66.9252,0.0067
25.6250,66.9252,0.0067
25.6750,66.9252,0.0067
25.7250,66.9252,0.0068
25.7750,66.9252,0.0067
25.8250,66.9252,0.0069
25.8750,66.9252,0.0068
25.9250,66.9252,0.0068
25.9750,66.9252,0.0070
26.0250,66.9252,0.0070
26.0750,66.9252,0.0069
26.1250,66.9252,0.0071
26.1750,66.9252,0.0071
26.2250,66.9252,0.0072
26.2750,66.9252,0.0072
26.3250,66.9252,0.0071
26.3750,66.9252,0.0073
26.4250,66.9252,0.0072
26.4750,66.9252,0.0072
26.5250,66.9252,0.0074
26.5750,66.9252,0.0074
26.6250,66.9252,0.0074
26.6750,66.9252,0.0075
26.7250,66.9252,0.0075
26.7750,66.9252,0.0076
26.8250,66.9252,0.0076
26.8750,66.9252,0.0076
26.9250,66.9252,0.0077
26.9750,66.9252,0.0077
27.0250,66.9252,0.0077
27.0750,66.9252,0.0078
27.1250,66.9252,0.0078
27.1750,66.9252,0.0079
27.2250,66.9252,0.0079
27.2750,66.9252,0.0079
27.3250,66.9252,0.0079
27.3750,66.9252,0.0080
27.4250,66.9252,0.0080
27.4750,66.9252,0.0081
27.5250,66.9252,0.0081
27.5750,66.9252,0.0081
27.6250,66.9252,0.0082
27.6750,66.9252,0.0082
27.7250,66.9252,0.0082
27.7750,66.9252,0.0083
27.8250,66.9252,0.0083
27.8750,66.9252,0.0082
27.9250,66.9252,0.0084
27.9750,66.9252,0.0083
28.0250,66.9252,0.0084
28.0750,66.9252,0.0085
28.1250,66.9252,0.0085
28.1750,66.9252,0.0086
28.2250,66.9252,0.0086
28.2750,66.9252,0.0086
28.3250,66.9252,0.0087
28.3750,66.9252,0.0087
28.4250,66.9252,0.0086
28.4750,66.9252,0.0089
28.5250,66.9252,0.0088
28.5750,66.9252,0.0088
28.6250,66.9252,0.0099
28.6750,66.9252,0.0101
28.7250,66.9252,0.0101
28.7750,66.9252,0.0106
28.8250,66.9252,0.0106
28.8750,66.9252,0.0107
28.9250,66.9252,0.0110
28.9750,66.9252,0.0113
29.0250,66.9252,0.0113
29.0750,66.9252,0.0119
29.1250,66.9252,0.0121
29.1750,66.9252,0.0122
29.2250,66.9252,0.0126
29.2750,66.9252,0.0126
29.3250,66.9252,0.0129
29.3750,66.9252,0.0132
29.4250,66.9252,0.0134
29.4750,66.9252,0.0135
29.5250,66.9252,0.0169
29.5750,66.9252,0.0173
29.6250,66.9252,0.0174
29.6750,66.9252,0.0181
29.7250,66.9252,0.0181
29.7750,66.9252,0.0189
29.8250,66.9252,0.0189
29.8750,66.9252,0.0201
29.9250,66.9252,0.0201
29.9750,66.9252,0.0213
30.0250,66.9252,0.0213
30.0750,66.9252,0.0212
30.1250,66.9252,0.0225
30.1750,66.9252,0.0225
30.2250,66.9252,0.0236
30.2750,66.9252,0.0236
30.3250,66.9252,0.0249
30.3750,66.9252,0.0245
30.4250,66.9252,0.0266
30.4750,66.9252,0.0266
30.5250,66.9252,0.0260
30.5750,66.9252,0.0282
30.6250,66.9252,0.0282
30.6750,66.9252,0.0296
30.7250,66.9252,0.0296
30.7750,66.9252,0.0317
30.8250,66.9252,0.0308
30.8750,66.9252,0.0332
30.9250,66.9252,0.0333
30.9750,66.9252,0.0323
31.0250,66.9252,0.0352
31.0750,66.9252,0.0352
31.1250,66.9252,0.0374
31.1750,66.9252,0.0369
31.2250,66.9252,0.0401
31.2750,66.9252,0.0394
31.3250,66.9252,0.0408
31.3750,66.9252,0.0415
31.4250,66.9252,0.0410
31.4750,66.9252,0.0432
31.5250,66.9252,0.0432
31.5750,66.9252,0.0480
20.5250,66.8752,0.0082
20.5750,66.8752,0.0080
20.6250,66.8752,0.0080
20.6750,66.8752,0.0078
20.7250,66.8752,0.0078
20.7750,66.8752,0.0076
20.8250,66.8752,0.0077
20.8750,66.8752,0.0075
20.9250,66.8752,0.0075
20.9750,66.8752,0.0075
21.0250,66.8752,0.0074
21.0750,66.8752,0.0074
21.1250,66.8752,0.0072
21.1750,66.8752,0.0072
21.2250,66.8752,0.0071
21.2750,66.8752,0.0071
21.3250,66.8752,0.0070
21.3750,66.8752,0.0070
21.4250,66.8752,0.0068
21.4750,66.8752,0.0069
21.5250,66.8752,0.0067
21.5750,66.8752,0.0068
21.6250,66.8752,0.0067
21.6750,66.8752,0.0067
21.7250,66.8752,0.0068
21.7750,66.8752,0.0066
21.8250,66.8752,0.0067
21.8750,66.8752,0.0066
21.9250,66.8752,0.0066
21.9750,66.8752,0.0065
22.0250,66.8752,0.0065
22.0750,66.8752,0.0065
22.1250,66.8752,0.0065
22.1750,66.8752,0.0064
22.2250,66.8752,0.0065
22.2750,66.8752,0.0064
22.3250,66.8752,0.0064
22.3750,66.8752,0.0064
22.4250,66.8752,0.0064
22.4750,66.8752,0.0065
22.5250,66.8752,0.0063
22.5750,66.8752,0.0065
22.6250,66.8752,0.0064
22.6750,66.8752,0.0064
22.7250,66.8752,0.0064
22.7750,66.8752,0.0064
22.8250,66.8752,0.0063
22.8750,66.8752,0.0064
22.9250,66.8752,0.0063
22.9750,66.8752,0.0064
23.0250,66.8752,0.0064
23.0750,66.8752,0.0063
23.1250,66.8752,0.0064
23.1750,66.8752,0.0063
23.2250,66.8752,0.0064
23.2750,66.8752,0.0063
23.3250,66.8752,0.0063
23.3750,66.8752,0.0063
23.4250,66.8752,0.0063
23.4750,66.8752,0.0063
23.5250,66.8752,0.0063
23.5750,66.8752,0.0063
23.6250,66.8752,0.0063
23.6750,66.8752,0.0063
23.7250,66.8752,0.0063
23.7750,66.8752,0.0064
23.8250,66.8752,0.0063
23.8750,66.8752,0.0064
23.9250,66.8752,0.0063
23.9750,66.8752,0.0064
24.0250,66.8752,0.0064
24.0750,66.8752,0.0064
24.1250,66.8752,0.0065
24.1750,66.8752,0.0064
24.2250,66.8752,0.0064
24.2750,66.8752,0.0064
24.3250,66.8752,0.0064
24.3750,66.8752,0.0064
24.4250,66.8752,0.0065
24.4750,66.8752,0.0064
24.5250,66.8752,0.0065
24.5750,66.8752,0.0064
24.6250,66.8752,0.0064
24.6750,66.8752,0.0065
24.7250,66.8752,0.0065
24.7750,66.8752,0.0066
24.8250,66.8752,0.0065
24.8750,66.8752,0.0065
24.9250,66.8752,0.0066
24.9750,66.8752,0.0066
25.0250,66.8752,0.0065
25.0750,66.8752,0.0066
25.1250,66.8752,0.0066
25.1750,66.8752,0.0068
25.2250,66.8752,0.0067
25.2750,66.8752,0.0067
25.3250,66.8752,0.0068
25.3750,66.8752,0.0067
25.4250,66.8752,0.0068
25.4750,66.8752,0.0068
25.5250,66.8752,0.0068
25.5750,66.8752,0.0068
25.6250,66.8752,0.0069
25.6750,66.8752,0.0068
25.7250,66.8752,0.0070
25.7750,66.8752,0.0069
25.8250,66.8752,0.0069
25.8750,66.8752,0.0071
25.9250,66.8752,0.0071
25.9750,66.8752,0.0072
26.0250,66.8752,0.0072
26.0750,66.8752,0.0072
26.1250,66.8752,0.0073
26.1750,66.8752,0.0073
26.2250,66.8752,0.0072
26.2750,66.8752,0.0074
26.3250,66.8752,0.0073
26.3750,66.8752,0.0073
26.4250,66.8752,0.0075
26.4750,66.8752,0.0074
26.5250,66.8752,0.0076
26.5750,66.8752,0.0075
26.6250,66.8752,0.0075
26.6750,66.8752,0.0077
26.7250,66.8752,0.0077
26.7750,66.8752,0.0076
26.8250,66.8752,0.0078
26.8750,66.8752,0.0078
26.9250,66.8752,0.0077
26.9750,66.8752,0.0079
27.0250,66.8752,0.0079
27.0750,66.8752,0.0080
27.1250,66.8752,0.0080
27.1750,66.8752,0.0080
27.2250,66.8752,0.0081
27.2750,66.8752,0.0081
27.3250,66.8752,0.0080
27.3750,66.8752,0.0082
27.4250,66.8752,0.0082
27.4750,66.8752,0.0081
27.5250,66.8752,0.0083
27.5750,66.8752,0.0082
27.6250,66.8752,0.0082
27.6750,66.8752,0.0083
27.7250,66.8752,0.0083
27.7750,66.8752,0.0083
27.8250,66.8752,0.0084
27.8750,66.8752,0.0084
27.9250,66.8752,0.0086
27.9750,66.8752,0.0086
28.0250,66.8752,0.0085
28.0750,66.8752,0.0087
28.1250,66.8752,0.0086
28.1750,66.8752,0.0086
28.2250,66.8752,0.0088
28.2750,66.8752,0.0088
28.3250,66.8752,0.0087
28.3750,66.8752,0.0090
28.4250,66.8752,0.0090
28.4750,66.8752,0.0089
28.5250,66.8752,0.0091
28.5750,66.8752,0.0099
28.6250,66.8752,0.0098
28.6750,66.8752,0.0104
28.7250,66.8752,0.0104
28.7750,66.8752,0.0106
28.8250,66.8752,0.0108
28.8750,66.8752,0.0110
28.9250,66.8752,0.0113
28.9750,66.8752,0.0114
29.0250,66.8752,0.0118
29.0750,66.8752,0.0121
29.1250,66.8752,0.0124
29.1750,66.8752,0.0124
29.2250,66.8752,0.0129
29.2750,66.8752,0.0129
29.3250,66.8752,0.0132
29.3750,66.8752,0.0134
29.4250,66.8752,0.0134
29.4750,66.8752,0.0137
29.5250,66.8752,0.0139
29.5750,66.8752,0.0175
29.6250,66.8752,0.0175
29.6750,66.8752,0.0182
29.7250,66.8752,0.0182
29.7750,66.8752,0.0189
29.8250,66.8752,0.0189
29.8750,66.8752,0.0189
29.9250,66.8752,0.0201
29.9750,66.8752,0.0200
30.0250,66.8752,0.0212
30.0750,66.8752,0.0212
30.1250,66.8752,0.0223
30.1750,66.8752,0.0223
30.2250,66.8752,0.0235
30.2750,66.8752,0.0232
30.3250,66.8752,0.0232
30.3750,66.8752,0.0245
30.4250,66.8752,0.0241
30.4750,66.8752,0.0259
30.5250,66.8752,0.0259
30.5750,66.8752,0.0273
30.6250,66.8752,0.0273
30.6750,66.8752,0.0295
30.7250,66.8752,0.0286
30.7750,66.8752,0.0286
30.8250,66.8752,0.0308
30.8750,66.8752,0.0298
30.9250,66.8752,0.0319
30.9750,66.8752,0.0319
31.0250,66.8752,0.0333
31.0750,66.8752,0.0333
31.1250,66.8752,0.0368
31.1750,66.8752,0.0349
31.2250,66.8752,0.0349
31.2750,66.8752,0.0383
31.3250,66.8752,0.0363
31.3750,66.8752,0.0396
31.4250,66.8752,0.0396
31.4750,66.8752,0.0408
31.5250,66.8752,0.0408
31.5750,66.8752,0.0450
20.5250,66.8252,0.0082
20.5750,66.8252,0.0082
20.6250,66.8252,0.0080
20.6750,66.8252,0.0080
20.7250,66.8252,0.0078
20.7750,66.8252,0.0079
20.8250,66.8252,0.0077
20.8750,66.8252,0.0077
20.9250,66.8252,0.0076
20.9750,66.8252,0.0076
21.0250,66.8252,0.0074
21.0750,66.8252,0.0074
21.1250,66.8252,0.0074
21.1750,66.8252,0.0073
21.2250,66.8252,0.0074
21.2750,66.8252,0.0072
21.3250,66.8252,0.0072
21.3750,66.8252,0.0071
21.4250,66.8252,0.0071
21.4750,66.8252,0.0070
21.5250,66.8252,0.0070
21.5750,66.8252,0.0068
21.6250,66.8252,0.0070
21.6750,66.8252,0.0068
21.7250,66.8252,0.0070
21.7750,66.8252,0.0067
21.8250,66.8252,0.0067
21.8750,66.8252,0.0069
21.9250,66.8252,0.0067
21.9750,66.8252,0.0069
22.0250,66.8252,0.0067
22.0750,66.8252,0.0067
22.1250,66.8252,0.0066
22.1750,66.8252,0.0066
22.2250,66.8252,0.0065
22.2750,66.8252,0.0066
22.3250,66.8252,0.0064
22.3750,66.8252,0.0066
22.4250,66.8252,0.0065
22.4750,66.8252,0.0066
22.5250,66.8252,0.0066
22.5750,66.8252,0.0065
22.6250,66.8252,0.0066
22.6750,66.8252,0.0065
22.7250,66.8252,0.0066
22.7750,66.8252,0.0065
22.8250,66.8252,0.0065
22.8750,66.8252,0.0065
22.9250,66.8252,0.0065
22.9750,66.8252,0.0064
23.0250,66.8252,0.0065
23.0750,66.8252,0.0064
23.1250,66.8252,0.0065
23.1750,66.8252,0.0065
23.2250,66.8252,0.0064
23.2750,66.8252,0.0065
23.3250,66.8252,0.0064
23.3750,66.8252,0.0066
23.4250,66.8252,0.0065
23.4750,66.8252,0.0065
23.5250,66.8252,0.0064
23.5750,66.8252,0.0064
23.6250,66.8252,0.0064
23.6750,66.8252,0.0065
23.7250,66.8252,0.0064
23.7750,66.8252,0.0065
23.8250,66.8252,0.0065
23.8750,66.8252,0.0064
23.9250,66.8252,0.0065
23.9750,66.8252,0.0064
24.0250,66.8252,0.0066
24.0750,66.8252,0.0065
24.1250,66.8252,0.0065
24.1750,66.8252,0.0066
24.2250,66.8252,0.0066
24.2750,66.8252,0.0065
24.3250,66.8252,0.0066
24.3750,66.8252,0.0065
24.4250,66.8252,0.0066
24.4750,66.8252,0.0066
24.5250,66.8252,0.0065
24.5750,66.8252,0.0067
24.6250,66.8252,0.0066
24.6750,66.8252,0.0068
24.7250,66.8252,0.0066
24.7750,66.8252,0.0066
24.8250,66.8252,0.0067
24.8750,66.8252,0.0067
24.9250,66.8252,0.0066
24.9750,66.8252,0.0068
25.0250,66.8252,0.0068
25.0750,66.8252,0.0069
25.1250,66.8252,0.0069
25.1750,66.8252,0.0068
25.2250,66.8252,0.0070
25.2750,66.8252,0.0068
25.3250,66.8252,0.0069
25.3750,66.8252,0.0069
25.4250,66.8252,0.0069
25.4750,66.8252,0.0070
25.5250,66.8252,0.0070
25.5750,66.8252,0.0070
25.6250,66.8252,0.0071
25.6750,66.8252,0.0071
25.7250,66.8252,0.0070
25.7750,66.8252,0.0072
25.8250,66.8252,0.0071
25.8750,66.8252,0.0073
25.9250,66.8252,0.0073
25.9750,66.8252,0.0073
26.0250,66.8252,0.0074
26.0750,66.8252,0.0074
26.1250,66.8252,0.0074
26.1750,66.8252,0.0075
26.2250,66.8252,0.0075
26.2750,66.8252,0.0074
26.3250,66.8252,0.0076
26.3750,66.8252,0.0075
26.4250,66.8252,0.0077
26.4750,66.8252,0.0076
26.5250,66.8252,0.0076
26.5750,66.8252,0.0078
26.6250,66.8252,0.0078
26.6750,66.8252,0.0078
26.7250,66.8252,0.0078
26.7750,66.8252,0.0078
26.8250,66.8252,0.0078
26.8750,66.8252,0.0080
26.9250,66.8252,0.0079
26.9750,66.8252,0.0081
27.0250,66.8252,0.0080
27.0750,66.8252,0.0080
27.1250,66.8252,0.0082
27.1750,66.8252,0.0081
27.2250,66.8252,0.0082
27.2750,66.8252,0.0083
27.3250,66.8252,0.0083
27.3750,66.8252,0.0082
27.4250,66.8252,0.0084
27.4750,66.8252,0.0083
27.5250,66.8252,0.0084
27.5750,66.8252,0.0084
27.6250,66.8252,0.0084
27.6750,66.8252,0.0085
27.7250,66.8252,0.0085
27.7750,66.8252,0.0085
27.8250,66.8252,0.0086
27.8750,66.8252,0.0086
27.9250,66.8252,0.0086
27.9750,66.8252,0.0088
28.0250,66.8252,0.0087
28.0750,66.8252,0.0087
28.1250,66.8252,0.0089
28.1750,66.8252,0.0089
28.2250,66.8252,0.0090
28.2750,66.8252,0.0090
28.3250,66.8252,0.0090
28.3750,66.8252,0.0091
28.4250,66.8252,0.0092
28.4750,66.8252,0.0091
28.5250,66.8252,0.0093
28.5750,66.8252,0.0093
28.6250,66.8252,0.0093
28.6750,66.8252,0.0097
28.7250,66.8252,0.0106
28.7750,66.8252,0.0106
28.8250,66.8252,0.0110
28.8750,66.8252,0.0110
28.9250,66.8252,0.0114
28.9750,66.8252,0.0117
29.0250,66.8252,0.0121
29.0750,66.8252,0.0121
29.1250,66.8252,0.0127
29.1750,66.8252,0.0127
29.2250,66.8252,0.0128
29.2750,66.8252,0.0132
29.3250,66.8252,0.0132
29.3750,66.8252,0.0134
29.4250,66.8252,0.0136
29.4750,66.8252,0.0139
29.5250,66.8252,0.0139
29.5750,66.8252,0.0176
29.6250,66.8252,0.0176
29.6750,66.8252,0.0163
29.7250,66.8252,0.0183
29.7750,66.8252,0.0183
29.8250,66.8252,0.0189
29.8750,66.8252,0.0189
29.9250,66.8252,0.0200
29.9750,66.8252,0.0198
30.0250,66.8252,0.0210
30.0750,66.8252,0.0210
30.1250,66.8252,0.0210
30.1750,66.8252,0.0219
30.2250,66.8252,0.0219
30.2750,66.8252,0.0229
30.3250,66.8252,0.0228
30.3750,66.8252,0.0241
30.4250,66.8252,0.0237
30.4750,66.8252,0.0250
30.5250,66.8252,0.0250
30.5750,66.8252,0.0251
30.6250,66.8252,0.0263
30.6750,66.8252,0.0263
30.7250,66.8252,0.0277
30.7750,66.8252,0.0275
30.8250,66.8252,0.0298
30.8750,66.8252,0.0289
30.9250,66.8252,0.0308
30.9750,66.8252,0.0308
31.0250,66.8252,0.0315
31.0750,66.8252,0.0317
31.1250,66.8252,0.0317
31.1750,66.8252,0.0341
31.2250,66.8252,0.0327
31.2750,66.8252,0.0363
31.3250,66.8252,0.0360
31.3750,66.8252,0.0375
31.4250,66.8252,0.0375
31.4750,66.8252,0.0388
31.5250,66.8252,0.0385
31.5750,66.8252,0.0385
20.5250,66.7752,0.0082
20.5750,66.7752,0.0082
20.6250,66.7752,0.0080
20.6750,66.7752,0.0081
20.7250,66.7752,0.0081
20.7750,66.7752,0.0080
20.8250,66.7752,0.0080
20.8750,66.7752,0.0077
20.9250,66.7752,0.0079
20.9750,66.7752,0.0076
21.0250,66.7752,0.0078
21.0750,66.7752,0.0075
21.1250,66.7752,0.0075
21.1750,66.7752,0.0074
21.2250,66.7752,0.0074
21.2750,66.7752,0.0073
21.3250,66.7752,0.0073
21.3750,66.7752,0.0072
21.4250,66.7752,0.0073
21.4750,66.7752,0.0073
21.5250,66.7752,0.0072
21.5750,66.7752,0.0072
21.6250,66.7752,0.0070
21.6750,66.7752,0.0071
21.7250,66.7752,0.0070
21.7750,66.7752,0.0071
21.8250,66.7752,0.0069
21.8750,66.7752,0.0070
21.9250,66.7752,0.0069
21.9750,66.7752,0.0069
22.0250,66.7752,0.0069
22.0750,66.7752,0.0069
22.1250,66.7752,0.0070
22.1750,66.7752,0.0068
22.2250,66.7752,0.0068
22.2750,66.7752,0.0068
22.3250,66.7752,0.0068
22.3750,66.7752,0.0066
22.4250,66.7752,0.0068
22.4750,66.7752,0.0066
22.5250,66.7752,0.0068
22.5750,66.7752,0.0066
22.6250,66.7752,0.0066
22.6750,66.7752,0.0066
22.7250,66.7752,0.0066
22.7750,66.7752,0.0069
22.8250,66.7752,0.0066
22.8750,66.7752,0.0067
22.9250,66.7752,0.0066
22.9750,66.7752,0.0066
23.0250,66.7752,0.0066
23.0750,66.7752,0.0066
23.1250,66.7752,0.0065
23.1750,66.7752,0.0067
23.2250,66.7752,0.0065
23.2750,66.7752,0.0067
23.3250,66.7752,0.0066
23.3750,66.7752,0.0066
23.4250,66.7752,0.0068
23.4750,66.7752,0.0066
23.5250,66.7752,0.0068
23.5750,66.7752,0.0066
23.6250,66.7752,0.0066
23.6750,66.7752,0.0067
23.7250,66.7752,0.0067
23.7750,66.7752,0.0065
23.8250,66.7752,0.0067
23.8750,66.7752,0.0065
23.9250,66.7752,0.0067
23.9750,66.7752,0.0066
24.0250,66.7752,0.0066
24.0750,66.7752,0.0068
24.1250,66.7752,0.0066
24.1750,66.7752,0.0069
24.2250,66.7752,0.0068
24.2750,66.7752,0.0068
24.3250,66.7752,0.0068
24.3750,66.7752,0.0068
24.4250,66.7752,0.0066
24.4750,66.7752,0.0069
24.5250,66.7752,0.0067
24.5750,66.7752,0.0070
24.6250,66.7752,0.0069
24.6750,66.7752,0.0068
24.7250,66.7752,0.0070
24.7750,66.7752,0.0068
24.8250,66.7752,0.0070
24.8750,66.7752,0.0069
24.9250,66.7752,0.0069
24.9750,66.7752,0.0070
25.0250,66.7752,0.0070
25.0750,66.7752,0.0069
25.1250,66.7752,0.0071
25.1750,66.7752,0.0070
25.2250,66.7752,0.0070
25.2750,66.7752,0.0072
25.3250,66.7752,0.0070
25.3750,66.7752,0.0073
25.4250,66.7752,0.0071
25.4750,66.7752,0.0071
25.5250,66.7752,0.0072
25.5750,66.7752,0.0072
25.6250,66.7752,0.0071
25.6750,66.7752,0.0073
25.7250,66.7752,0.0072
25.7750,66.7752,0.0074
25.8250,66.7752,0.0074
25.8750,66.7752,0.0073
25.9250,66.7752,0.0076
25.9750,66.7752,0.0075
26.0250,66.7752,0.0075
26.0750,66.7752,0.0076
26.1250,66.7752,0.0076
26.1750,66.7752,0.0076
26.2250,66.7752,0.0077
26.2750,66.7752,0.0076
26.3250,66.7752,0.0078
26.3750,66.7752,0.0078
26.4250,66.7752,0.0077
26.4750,66.7752,0.0079
26.5250,66.7752,0.0078
26.5750,66.7752,0.0079
26.6250,66.7752,0.0079
26.6750,66.7752,0.0079
26.7250,66.7752,0.0079
26.7750,66.7752,0.0080
26.8250,66.7752,0.0080
26.8750,66.7752,0.0081
26.9250,66.7752,0.0081
26.9750,66.7752,0.0081
27.0250,66.7752,0.0082
27.0750,66.7752,0.0082
27.1250,66.7752,0.0082
27.1750,66.7752,0.0083
27.2250,66.7752,0.0083
27.2750,66.7752,0.0083
27.3250,66.7752,0.0084
27.3750,66.7752,0.0084
27.4250,66.7752,0.0085
27.4750,66.7752,0.0085
27.5250,66.7752,0.0084
27.5750,66.7752,0.0087
27.6250,66.7752,0.0085
27.6750,66.7752,0.0085
27.7250,66.7752,0.0087
27.7750,66.7752,0.0087
27.8250,66.7752,0.0086
27.8750,66.7752,0.0088
27.9250,66.7752,0.0088
27.9750,66.7752,0.0089
28.0250,66.7752,0.0090
28.0750,66.7752,0.0090
28.1250,66.7752,0.0092
28.1750,66.7752,0.0091
28.2250,66.7752,0.0091
28.2750,66.7752,0.0093
28.3250,66.7752,0.0093
28.3750,66.7752,0.0092
28.4250,66.7752,0.0094
28.4750,66.7752,0.0094
28.5250,66.7752,0.0093
28.5750,66.7752,0.0095
28.6250,66.7752,0.0095
28.6750,66.7752,0.0095
28.7250,66.7752,0.0108
28.7750,66.7752,0.0108
28.8250,66.7752,0.0111
28.8750,66.7752,0.0113
28.9250,66.7752,0.0117
28.9750,66.7752,0.0117
29.0250,66.7752,0.0119
29.0750,66.7752,0.0123
29.1250,66.7752,0.0125
29.1750,66.7752,0.0130
29.2250,66.7752,0.0130
29.2750,66.7752,0.0134
29.3250,66.7752,0.0134
29.3750,66.7752,0.0136
29.4250,66.7752,0.0139
29.4750,66.7752,0.0139
29.5250,66.7752,0.0141
29.5750,66.7752,0.0142
29.6250,66.7752,0.0145
29.6750,66.7752,0.0145
29.7250,66.7752,0.0183
29.7750,66.7752,0.0183
29.8250,66.7752,0.0189
29.8750,66.7752,0.0188
29.9250,66.7752,0.0192
29.9750,66.7752,0.0198
30.0250,66.7752,0.0195
30.0750,66.7752,0.0207
30.1250,66.7752,0.0207
30.1750,66.7752,0.0216
30.2250,66.7752,0.0216
30.2750,66.7752,0.0228
30.3250,66.7752,0.0224
30.3750,66.7752,0.0235
30.4250,66.7752,0.0236
30.4750,66.7752,0.0231
30.5250,66.7752,0.0243
30.5750,66.7752,0.0243
30.6250,66.7752,0.0252
30.6750,66.7752,0.0252
30.7250,66.7752,0.0275
30.7750,66.7752,0.0264
30.8250,66.7752,0.0286
30.8750,66.7752,0.0286
30.9250,66.7752,0.0274
30.9750,66.7752,0.0296
31.0250,66.7752,0.0296
31.0750,66.7752,0.0304
31.1250,66.7752,0.0304
31.1750,66.7752,0.0327
31.2250,66.7752,0.0312
31.2750,66.7752,0.0340
31.3250,66.7752,0.0340
31.3750,66.7752,0.0319
31.4250,66.7752,0.0351
31.4750,66.7752,0.0351
31.5250,66.7752,0.0361
31.5750,66.7752,0.0361
20.5250,66.7252,0.0084
20.5750,66.7252,0.0083
20.6250,66.7252,0.0083
20.6750,66.7252,0.0081
20.7250,66.7252,0.0082
20.7750,66.7252,0.0080
20.8250,66.7252,0.0081
20.8750,66.7252,0.0080
20.9250,66.7252,0.0079
20.9750,66.7252,0.0079
21.0250,66.7252,0.0078
21.0750,66.7252,0.0078
21.1250,66.7252,0.0076
21.1750,66.7252,0.0077
21.2250,66.7252,0.0075
21.2750,66.7252,0.0075
21.3250,66.7252,0.0075
21.3750,66.7252,0.0075
21.4250,66.7252,0.0074
21.4750,66.7252,0.0074
21.5250,66.7252,0.0072
21.5750,66.7252,0.0074
21.6250,66.7252,0.0073
21.6750,66.7252,0.0073
21.7250,66.7252,0.0073
21.7750,66.7252,0.0071
21.8250,66.7252,0.0073
21.8750,66.7252,0.0071
21.9250,66.7252,0.0073
21.9750,66.7252,0.0070
22.0250,66.7252,0.0070
22.0750,66.7252,0.0070
22.1250,66.7252,0.0070
22.1750,66.7252,0.0070
22.2250,66.7252,0.0070
22.2750,66.7252,0.0068
22.3250,66.7252,0.0070
22.3750,66.7252,0.0070
22.4250,66.7252,0.0070
22.4750,66.7252,0.0070
22.5250,66.7252,0.0068
22.5750,66.7252,0.0070
22.6250,66.7252,0.0069
22.6750,66.7252,0.0070
22.7250,66.7252,0.0069
22.7750,66.7252,0.0069
22.8250,66.7252,0.0069
22.8750,66.7252,0.0069
22.9250,66.7252,0.0068
22.9750,66.7252,0.0069
23.0250,66.7252,0.0068
23.0750,66.7252,0.0069
23.1250,66.7252,0.0069
23.1750,66.7252,0.0068
23.2250,66.7252,0.0069
23.2750,66.7252,0.0067
23.3250,66.7252,0.0070
23.3750,66.7252,0.0068
23.4250,66.7252,0.0069
23.4750,66.7252,0.0068
23.5250,66.7252,0.0068
23.5750,66.7252,0.0069
23.6250,66.7252,0.0069
23.6750,66.7252,0.0069
23.7250,66.7252,0.0069
23.7750,66.7252,0.0069
23.8250,66.7252,0.0069
23.8750,66.7252,0.0069
23.9250,66.7252,0.0067
23.9750,66.7252,0.0069
24.0250,66.7252,0.0068
24.0750,66.7252,0.0070
24.1250,66.7252,0.0069
24.1750,66.7252,0.0069
24.2250,66.7252,0.0071
24.2750,66.7252,0.0070
24.3250,66.7252,0.0070
24.3750,66.7252,0.0070
24.4250,66.7252,0.0070
24.4750,66.7252,0.0070
24.5250,66.7252,0.0071
24.5750,66.7252,0.0070
24.6250,66.7252,0.0071
24.6750,66.7252,0.0070
24.7250,66.7252,0.0070
24.7750,66.7252,0.0070
24.8250,66.7252,0.0070
24.8750,66.7252,0.0072
24.9250,66.7252,0.0071
24.9750,66.7252,0.0071
25.0250,66.7252,0.0072
25.0750,66.7252,0.0072
25.1250,66.7252,0.0071
25.1750,66.7252,0.0073
25.2250,66.7252,0.0072
25.2750,66.7252,0.0074
25.3250,66.7252,0.0073
25.3750,66.7252,0.0073
25.4250,66.7252,0.0074
25.4750,66.7252,0.0074
25.5250,66.7252,0.0075
25.5750,66.7252,0.0074
25.6250,66.7252,0.0074
25.6750,66.7252,0.0075
25.7250,66.7252,0.0075
25.7750,66.7252,0.0074
25.8250,66.7252,0.0076
25.8750,66.7252,0.0076
25.9250,66.7252,0.0076
25.9750,66.7252,0.0076
26.0250,66.7252,0.0076
26.0750,66.7252,0.0078
26.1250,66.7252,0.0077
26.1750,66.7252,0.0077
26.2250,66.7252,0.0079
26.2750,66.7252,0.0079
26.3250,66.7252,0.0078
26.3750,66.7252,0.0080
26.4250,66.7252,0.0079
26.4750,66.7252,0.0080
26.5250,66.7252,0.0080
26.5750,66.7252,0.0080
26.6250,66.7252,0.0082
26.6750,66.7252,0.0081
26.7250,66.7252,0.0081
26.7750,66.7252,0.0082
26.8250,66.7252,0.0082
26.8750,66.7252,0.0081
26.9250,66.7252,0.0083
26.9750,66.7252,0.0082
27.0250,66.7252,0.0083
27.0750,66.7252,0.0083
27.1250,66.7252,0.0083
27.1750,66.7252,0.0085
27.2250,66.7252,0.0084
27.2750,66.7252,0.0084
27.3250,66.7252,0.0086
27.3750,66.7252,0.0086
27.4250,66.7252,0.0085
27.4750,66.7252,0.0087
27.5250,66.7252,0.0087
27.5750,66.7252,0.0087
27.6250,66.7252,0.0088
27.6750,66.7252,0.0088
27.7250,66.7252,0.0089
27.7750,66.7252,0.0089
27.8250,66.7252,0.0089
27.8750,66.7252,0.0091
27.9250,66.7252,0.0091
27.9750,66.7252,0.0090
28.0250,66.7252,0.0092
28.0750,66.7252,0.0092
28.1250,66.7252,0.0092
28.1750,66.7252,0.0093
28.2250,66.7252,0.0093
28.2750,66.7252,0.0094
28.3250,66.7252,0.0095
28.3750,66.7252,0.0095
28.4250,66.7252,0.0094
28.4750,66.7252,0.0097
28.5250,66.7252,0.0095
28.5750,66.7252,0.0098
28.6250,66.7252,0.0097
28.6750,66.7252,0.0097
28.7250,66.7252,0.0105
28.7750,66.7252,0.0110
28.8250,66.7252,0.0110
28.8750,66.7252,0.0115
28.9250,66.7252,0.0115
28.9750,66.7252,0.0119
29.0250,66.7252,0.0121
29.0750,66.7252,0.0125
29.1250,66.7252,0.0125
29.1750,66.7252,0.0131
29.2250,66.7252,0.0131
29.2750,66.7252,0.0131
29.3250,66.7252,0.0137
29.3750,66.7252,0.0137
29.4250,66.7252,0.0139
29.4750,66.7252,0.0140
29.5250,66.7252,0.0142
29.5750,66.7252,0.0142
29.6250,66.7252,0.0146
29.6750,66.7252,0.0146
29.7250,66.7252,0.0174
29.7750,66.7252,0.0182
29.8250,66.7252,0.0182
29.8750,66.7252,0.0188
29.9250,66.7252,0.0187
29.9750,66.7252,0.0195
30.0250,66.7252,0.0195
30.0750,66.7252,0.0204
30.1250,66.7252,0.0204
30.1750,66.7252,0.0214
30.2250,66.7252,0.0211
30.2750,66.7252,0.0211
30.3250,66.7252,0.0222
30.3750,66.7252,0.0219
30.4250,66.7252,0.0231
30.4750,66.7252,0.0228
30.5250,66.7252,0.0238
30.5750,66.7252,0.0238
30.6250,66.7252,0.0249
30.6750,66.7252,0.0244
30.7250,66.7252,0.0244
30.7750,66.7252,0.0259
30.8250,66.7252,0.0251
30.8750,66.7252,0.0274
30.9250,66.7252,0.0269
30.9750,66.7252,0.0283
31.0250,66.7252,0.0283
31.0750,66.7252,0.0299
31.1250,66.7252,0.0291
31.1750,66.7252,0.0294
31.2250,66.7252,0.0311
31.2750,66.7252,0.0297
31.3250,66.7252,0.0318
31.3750,66.7252,0.0317
31.4250,66.7252,0.0325
31.4750,66.7252,0.0325
31.5250,66.7252,0.0356
31.5750,66.7252,0.0333
20.5250,66.6752,0.0085
20.5750,66.6752,0.0085
20.6250,66.6752,0.0084
20.6750,66.6752,0.0084
20.7250,66.6752,0.0082
20.7750,66.6752,0.0082
20.8250,66.6752,0.0081
20.8750,66.6752,0.0081
20.9250,66.6752,0.0079
20.9750,66.6752,0.0080
21.0250,66.6752,0.0078
21.0750,66.6752,0.0078
21.1250,66.6752,0.0079
21.1750,66.6752,0.0077
21.2250,66.6752,0.0078
21.2750,66.6752,0.0077
21.3250,66.6752,0.0078
21.3750,66.6752,0.0076
21.4250,66.6752,0.0076
21.4750,66.6752,0.0076
21.5250,66.6752,0.0076
21.5750,66.6752,0.0074
21.6250,66.6752,0.0075
21.6750,66.6752,0.0073
21.7250,66.6752,0.0075
21.7750,66.6752,0.0073
21.8250,66.6752,0.0075
21.8750,66.6752,0.0075
21.9250,66.6752,0.0073
21.9750,66.6752,0.0074
22.0250,66.6752,0.0072
22.0750,66.6752,0.0074
22.1250,66.6752,0.0072
22.1750,66.6752,0.0072
22.2250,66.6752,0.0072
22.2750,66.6752,0.0072
22.3250,66.6752,0.0071
22.3750,66.6752,0.0072
22.4250,66.6752,0.0070
22.4750,66.6752,0.0073
22.5250,66.6752,0.0071
22.5750,66.6752,0.0072
22.6250,66.6752,0.0072
22.6750,66.6752,0.0070
22.7250,66.6752,0.0073
22.7750,66.6752,0.0070
22.8250,66.6752,0.0073
22.8750,66.6752,0.0071
22.9250,66.6752,0.0071
22.9750,66.6752,0.0071
23.0250,66.6752,0.0071
23.0750,66.6752,0.0069
23.1250,66.6752,0.0071
23.1750,66.6752,0.0069
23.2250,66.6752,0.0072
23.2750,66.6752,0.0072
23.3250,66.6752,0.0070
23.3750,66.6752,0.0072
23.4250,66.6752,0.0071
23.4750,66.6752,0.0073
23.5250,66.6752,0.0071
23.5750,66.6752,0.0071
23.6250,66.6752,0.0071
23.6750,66.6752,0.0071
23.7250,66.6752,0.0070
23.7750,66.6752,0.0072
23.8250,66.6752,0.0069
23.8750,66.6752,0.0072
23.9250,66.6752,0.0072
23.9750,66.6752,0.0070
24.0250,66.6752,0.0072
24.0750,66.6752,0.0071
24.1250,66.6752,0.0073
24.1750,66.6752,0.0071
24.2250,66.6752,0.0071
24.2750,66.6752,0.0072
24.3250,66.6752,0.0072
24.3750,66.6752,0.0071
24.4250,66.6752,0.0072
24.4750,66.6752,0.0071
24.5250,66.6752,0.0073
24.5750,66.6752,0.0073
24.6250,66.6752,0.0071
24.6750,66.6752,0.0073
24.7250,66.6752,0.0072
24.7750,66.6752,0.0074
24.8250,66.6752,0.0072
24.8750,66.6752,0.0072
24.9250,66.6752,0.0073
24.9750,66.6752,0.0073
25.0250,66.6752,0.0072
25.0750,66.6752,0.0074
25.1250,66.6752,0.0073
25.1750,66.6752,0.0075
25.2250,66.6752,0.0075
25.2750,66.6752,0.0074
25.3250,66.6752,0.0076
25.3750,66.6752,0.0075
25.4250,66.6752,0.0076
25.4750,66.6752,0.0075
25.5250,66.6752,0.0075
25.5750,66.6752,0.0076
25.6250,66.6752,0.0076
25.6750,66.6752,0.0075
25.7250,66.6752,0.0077
25.7750,66.6752,0.0077
25.8250,66.6752,0.0076
25.8750,66.6752,0.0078
25.9250,66.6752,0.0078
25.9750,66.6752,0.0079
26.0250,66.6752,0.0078
26.0750,66.6752,0.0078
26.1250,66.6752,0.0079
26.1750,66.6752,0.0079
26.2250,66.6752,0.0079
26.2750,66.6752,0.0080
26.3250,66.6752,0.0080
26.3750,66.6752,0.0081
26.4250,66.6752,0.0081
26.4750,66.6752,0.0081
26.5250,66.6752,0.0082
26.5750,66.6752,0.0082
26.6250,66.6752,0.0082
26.6750,66.6752,0.0083
26.7250,66.6752,0.0083
26.7750,66.6752,0.0082
26.8250,66.6752,0.0084
26.8750,66.6752,0.0083
26.9250,66.6752,0.0084
26.9750,66.6752,0.0084
27.0250,66.6752,0.0084
27.0750,66.6752,0.0085
27.1250,66.6752,0.0085
27.1750,66.6752,0.0085
27.2250,66.6752,0.0086
27.2750,66.6752,0.0086
27.3250,66.6752,0.0086
27.3750,66.6752,0.0088
27.4250,66.6752,0.0087
27.4750,66.6752,0.0089
27.5250,66.6752,0.0089
27.5750,66.6752,0.0089
27.6250,66.6752,0.0091
27.6750,66.6752,0.0090
27.7250,66.6752,0.0090
27.7750,66.6752,0.0092
27.8250,66.6752,0.0092
27.8750,66.6752,0.0091
27.9250,66.6752,0.0093
27.9750,66.6752,0.0093
28.0250,66.6752,0.0092
28.0750,66.6752,0.0094
28.1250,66.6752,0.0094
28.1750,66.6752,0.0095
28.2250,66.6752,0.0095
28.2750,66.6752,0.0095
28.3250,66.6752,0.0097
28.3750,66.6752,0.0097
28.4250,66.6752,0.0097
28.4750,66.6752,0.0099
28.5250,66.6752,0.0099
28.5750,66.6752,0.0098
28.6250,66.6752,0.0100
28.6750,66.6752,0.0099
28.7250,66.6752,0.0099
28.7750,66.6752,0.0112
28.8250,66.6752,0.0112
28.8750,66.6752,0.0115
28.9250,66.6752,0.0118
28.9750,66.6752,0.0121
29.0250,66.6752,0.0121
29.0750,66.6752,0.0124
29.1250,66.6752,0.0127
29.1750,66.6752,0.0128
29.2250,66.6752,0.0133
29.2750,66.6752,0.0133
29.3250,66.6752,0.0138
29.3750,66.6752,0.0139
29.4250,66.6752,0.0140
29.4750,66.6752,0.0142
29.5250,66.6752,0.0143
29.5750,66.6752,0.0144
29.6250,66.6752,0.0145
29.6750,66.6752,0.0148
29.7250,66.6752,0.0148
29.7750,66.6752,0.0154
29.8250,66.6752,0.0154
29.8750,66.6752,0.0187
29.9250,66.6752,0.0186
29.9750,66.6752,0.0193
30.0250,66.6752,0.0193
30.0750,66.6752,0.0190
30.1250,66.6752,0.0200
30.1750,66.6752,0.0200
30.2250,66.6752,0.0207
30.2750,66.6752,0.0207
30.3250,66.6752,0.0219
30.3750,66.6752,0.0214
30.4250,66.6752,0.0225
30.4750,66.6752,0.0225
30.5250,66.6752,0.0223
30.5750,66.6752,0.0231
30.6250,66.6752,0.0231
30.6750,66.6752,0.0237
30.7250,66.6752,0.0237
30.7750,66.6752,0.0251
30.8250,66.6752,0.0242
30.8750,66.6752,0.0260
30.9250,66.6752,0.0260
30.9750,66.6752,0.0266
31.0250,66.6752,0.0269
31.0750,66.6752,0.0268
31.1250,66.6752,0.0276
31.1750,66.6752,0.0276
31.2250,66.6752,0.0297
31.2750,66.6752,0.0282
31.3250,66.6752,0.0303
31.3750,66.6752,0.0303
31.4250,66.6752,0.0308
31.4750,66.6752,0.0308
31.5250,66.6752,0.0308
31.5750,66.6752,0.0311
20.5250,66.6252,0.0088
20.5750,66.6252,0.0085
20.6250,66.6252,0.0086
20.6750,66.6252,0.0084
20.7250,66.6252,0.0084
20.7750,66.6252,0.0083
20.8250,66.6252,0.0083
20.8750,66.6252,0.0081
20.9250,66.6252,0.0082
20.9750,66.6252,0.0080
21.0250,66.6252,0.0081
21.0750,66.6252,0.0079
21.1250,66.6252,0.0080
21.1750,66.6252,0.0078
21.2250,66.6252,0.0078
21.2750,66.6252,0.0079
21.3250,66.6252,0.0078
21.3750,66.6252,0.0079
21.4250,66.6252,0.0078
21.4750,66.6252,0.0078
21.5250,66.6252,0.0077
21.5750,66.6252,0.0077
21.6250,66.6252,0.0077
21.6750,66.6252,0.0077
21.7250,66.6252,0.0075
21.7750,66.6252,0.0076
21.8250,66.6252,0.0075
21.8750,66.6252,0.0076
21.9250,66.6252,0.0074
21.9750,66.6252,0.0074
22.0250,66.6252,0.0075
22.0750,66.6252,0.0074
22.1250,66.6252,0.0076
22.1750,66.6252,0.0074
22.2250,66.6252,0.0076
22.2750,66.6252,0.0074
22.3250,66.6252,0.0074
22.3750,66.6252,0.0074
22.4250,66.6252,0.0074
22.4750,66.6252,0.0073
22.5250,66.6252,0.0074
22.5750,66.6252,0.0072
22.6250,66.6252,0.0075
22.6750,66.6252,0.0073
22.7250,66.6252,0.0073
22.7750,66.6252,0.0075
22.8250,66.6252,0.0073
22.8750,66.6252,0.0075
22.9250,66.6252,0.0073
22.9750,66.6252,0.0074
23.0250,66.6252,0.0073
23.0750,66.6252,0.0073
23.1250,66.6252,0.0074
23.1750,66.6252,0.0074
23.2250,66.6252,0.0072
23.2750,66.6252,0.0074
23.3250,66.6252,0.0072
23.3750,66.6252,0.0075
23.4250,66.6252,0.0073
23.4750,66.6252,0.0073
23.5250,66.6252,0.0075
23.5750,66.6252,0.0073
23.6250,66.6252,0.0075
23.6750,66.6252,0.0073
23.7250,66.6252,0.0073
23.7750,66.6252,0.0074
23.8250,66.6252,0.0074
23.8750,66.6252,0.0072
23.9250,66.6252,0.0074
23.9750,66.6252,0.0072
24.0250,66.6252,0.0075
24.0750,66.6252,0.0073
24.1250,66.6252,0.0073
24.1750,66.6252,0.0075
24.2250,66.6252,0.0073
24.2750,66.6252,0.0076
24.3250,66.6252,0.0074
24.3750,66.6252,0.0074
24.4250,66.6252,0.0074
24.4750,66.6252,0.0074
24.5250,66.6252,0.0073
24.5750,66.6252,0.0075
24.6250,66.6252,0.0073
24.6750,66.6252,0.0075
24.7250,66.6252,0.0074
24.7750,66.6252,0.0074
24.8250,66.6252,0.0076
24.8750,66.6252,0.0075
24.9250,66.6252,0.0077
24.9750,66.6252,0.0076
25.0250,66.6252,0.0076
25.0750,66.6252,0.0076
25.1250,66.6252,0.0076
25.1750,66.6252,0.0075
25.2250,66.6252,0.0077
25.2750,66.6252,0.0076
25.3250,66.6252,0.0077
25.3750,66.6252,0.0077
25.4250,66.6252,0.0076
25.4750,66.6252,0.0078
25.5250,66.6252,0.0077
25.5750,66.6252,0.0077
25.6250,66.6252,0.0078
25.6750,66.6252,0.0078
25.7250,66.6252,0.0078
25.7750,66.6252,0.0079
25.8250,66.6252,0.0078
25.8750,66.6252,0.0080
25.9250,66.6252,0.0079
25.9750,66.6252,0.0079
26.0250,66.6252,0.0081
26.0750,66.6252,0.0080
26.1250,66.6252,0.0081
26.1750,66.6252,0.0081
26.2250,66.6252,0.0081
26.2750,66.6252,0.0082
26.3250,66.6252,0.0082
26.3750,66.6252,0.0081
26.4250,66.6252,0.0083
26.4750,66.6252,0.0082
26.5250,66.6252,0.0082
26.5750,66.6252,0.0084
26.6250,66.6252,0.0083
26.6750,66.6252,0.0085
26.7250,66.6252,0.0084
26.7750,66.6252,0.0084
26.8250,66.6252,0.0085
26.8750,66.6252,0.0085
26.9250,66.6252,0.0084
26.9750,66.6252,0.0086
27.0250,66.6252,0.0085
27.0750,66.6252,0.0085
27.1250,66.6252,0.0087
27.1750,66.6252,0.0087
27.2250,66.6252,0.0089
27.2750,66.6252,0.0088
27.3250,66.6252,0.0088
27.3750,66.6252,0.0090
27.4250,66.6252,0.0090
27.4750,66.6252,0.0089
27.5250,66.6252,0.0091
27.5750,66.6252,0.0091
27.6250,66.6252,0.0091
27.6750,66.6252,0.0092
27.7250,66.6252,0.0092
27.7750,66.6252,0.0093
27.8250,66.6252,0.0094
27.8750,66.6252,0.0094
27.9250,66.6252,0.0094
27.9750,66.6252,0.0095
28.0250,66.6252,0.0094
28.0750,66.6252,0.0096
28.1250,66.6252,0.0096
28.1750,66.6252,0.0096
28.2250,66.6252,0.0097
28.2750,66.6252,0.0097
28.3250,66.6252,0.0098
28.3750,66.6252,0.0099
28.4250,66.6252,0.0099
28.4750,66.6252,0.0099
28.5250,66.6252,0.0101
28.5750,66.6252,0.0100
28.6250,66.6252,0.0101
28.6750,66.6252,0.0102
28.7250,66.6252,0.0102
28.7750,66.6252,0.0109
28.8250,66.6252,0.0103
28.8750,66.6252,0.0103
28.9250,66.6252,0.0120
28.9750,66.6252,0.0120
29.0250,66.6252,0.0124
29.0750,66.6252,0.0126
29.1250,66.6252,0.0129
29.1750,66.6252,0.0129
29.2250,66.6252,0.0135
29.2750,66.6252,0.0135
29.3250,66.6252,0.0137
29.3750,66.6252,0.0141
29.4250,66.6252,0.0141
29.4750,66.6252,0.0142
29.5250,66.6252,0.0144
29.5750,66.6252,0.0146
29.6250,66.6252,0.0146
29.6750,66.6252,0.0150
29.7250,66.6252,0.0150
29.7750,66.6252,0.0154
29.8250,66.6252,0.0155
29.8750,66.6252,0.0156
29.9250,66.6252,0.0186
29.9750,66.6252,0.0185
30.0250,66.6252,0.0190
30.0750,66.6252,0.0190
30.1250,66.6252,0.0197
30.1750,66.6252,0.0197
30.2250,66.6252,0.0207
30.2750,66.6252,0.0203
30.3250,66.6252,0.0210
30.3750,66.6252,0.0214
30.4250,66.6252,0.0209
30.4750,66.6252,0.0220
30.5250,66.6252,0.0219
30.5750,66.6252,0.0225
30.6250,66.6252,0.0225
30.6750,66.6252,0.0236
30.7250,66.6252,0.0230
30.7750,66.6252,0.0242
30.8250,66.6252,0.0242
30.8750,66.6252,0.0235
30.9250,66.6252,0.0247
30.9750,66.6252,0.0245
31.0250,66.6252,0.0254
31.0750,66.6252,0.0254
31.1250,66.6252,0.0273
31.1750,66.6252,0.0260
31.2250,66.6252,0.0282
31.2750,66.6252,0.0282
31.3250,66.6252,0.0267
31.3750,66.6252,0.0287
31.4250,66.6252,0.0286
31.4750,66.6252,0.0291
31.5250,66.6252,0.0291
31.5750,66.6252,0.0311
20.5250,66.5752,0.0088
20.5750,66.5752,0.0086
20.6250,66.5752,0.0086
20.6750,66.5752,0.0085
20.7250,66.5752,0.0085
20.7750,66.5752,0.0084
20.8250,66.5752,0.0084
20.8750,66.5752,0.0084
20.9250,66.5752,0.0083
20.9750,66.5752,0.0083
21.0250,66.5752,0.0081
21.0750,66.5752,0.0082
21.1250,66.5752,0.0080
21.1750,66.5752,0.0081
21.2250,66.5752,0.0080
21.2750,66.5752,0.0081
21.3250,66.5752,0.0079
21.3750,66.5752,0.0079
21.4250,66.5752,0.0079
21.4750,66.5752,0.0079
21.5250,66.5752,0.0080
21.5750,66.5752,0.0078
21.6250,66.5752,0.0078
21.6750,66.5752,0.0078
21.7250,66.5752,0.0078
21.7750,66.5752,0.0078
21.8250,66.5752,0.0078
21.8750,66.5752,0.0076
21.9250,66.5752,0.0078
21.9750,66.5752,0.0076
22.0250,66.5752,0.0078
22.0750,66.5752,0.0076
22.1250,66.5752,0.0076
22.1750,66.5752,0.0076
22.2250,66.5752,0.0076
22.2750,66.5752,0.0078
22.3250,66.5752,0.0077
22.3750,66.5752,0.0077
22.4250,66.5752,0.0077
22.4750,66.5752,0.0077
22.5250,66.5752,0.0076
22.5750,66.5752,0.0076
22.6250,66.5752,0.0075
22.6750,66.5752,0.0077
22.7250,66.5752,0.0075
22.7750,66.5752,0.0077
22.8250,66.5752,0.0075
22.8750,66.5752,0.0075
22.9250,66.5752,0.0075
22.9750,66.5752,0.0075
23.0250,66.5752,0.0077
23.0750,66.5752,0.0076
23.1250,66.5752,0.0076
23.1750,66.5752,0.0076
23.2250,66.5752,0.0076
23.2750,66.5752,0.0076
23.3250,66.5752,0.0077
23.3750,66.5752,0.0075
23.4250,66.5752,0.0077
23.4750,66.5752,0.0075
23.5250,66.5752,0.0076
23.5750,66.5752,0.0075
23.6250,66.5752,0.0075
23.6750,66.5752,0.0076
23.7250,66.5752,0.0076
23.7750,66.5752,0.0077
23.8250,66.5752,0.0076
23.8750,66.5752,0.0076
23.9250,66.5752,0.0077
23.9750,66.5752,0.0077
24.0250,66.5752,0.0075
24.0750,66.5752,0.0077
24.1250,66.5752,0.0076
24.1750,66.5752,0.0078
24.2250,66.5752,0.0076
24.2750,66.5752,0.0076
24.3250,66.5752,0.0076
24.3750,66.5752,0.0076
24.4250,66.5752,0.0077
24.4750,66.5752,0.0076
24.5250,66.5752,0.0076
24.5750,66.5752,0.0077
24.6250,66.5752,0.0077
24.6750,66.5752,0.0075
24.7250,66.5752,0.0077
24.7750,66.5752,0.0076
24.8250,66.5752,0.0078
24.8750,66.5752,0.0077
24.9250,66.5752,0.0077
24.9750,66.5752,0.0077
25.0250,66.5752,0.0077
25.0750,66.5752,0.0077
25.1250,66.5752,0.0079
25.1750,66.5752,0.0079
25.2250,66.5752,0.0078
25.2750,66.5752,0.0079
25.3250,66.5752,0.0077
25.3750,66.5752,0.0080
25.4250,66.5752,0.0078
25.4750,66.5752,0.0078
25.5250,66.5752,0.0079
25.5750,66.5752,0.0079
25.6250,66.5752,0.0079
25.6750,66.5752,0.0080
25.7250,66.5752,0.0080
25.7750,66.5752,0.0081
25.8250,66.5752,0.0081
25.8750,66.5752,0.0080
25.9250,66.5752,0.0082
25.9750,66.5752,0.0081
26.0250,66.5752,0.0083
26.0750,66.5752,0.0082
26.1250,66.5752,0.0082
26.1750,66.5752,0.0083
26.2250,66.5752,0.0083
26.2750,66.5752,0.0082
26.3250,66.5752,0.0083
26.3750,66.5752,0.0083
26.4250,66.5752,0.0083
26.4750,66.5752,0.0084
26.5250,66.5752,0.0084
26.5750,66.5752,0.0085
26.6250,66.5752,0.0085
26.6750,66.5752,0.0085
26.7250,66.5752,0.0086
26.7750,66.5752,0.0086
26.8250,66.5752,0.0085
26.8750,66.5752,0.0087
26.9250,66.5752,0.0087
26.9750,66.5752,0.0086
27.0250,66.5752,0.0089
27.0750,66.5752,0.0088
27.1250,66.5752,0.0090
27.1750,66.5752,0.0089
27.2250,66.5752,0.0089
27.2750,66.5752,0.0090
27.3250,66.5752,0.0090
27.3750,66.5752,0.0090
27.4250,66.5752,0.0092
27.4750,66.5752,0.0092
27.5250,66.5752,0.0091
27.5750,66.5752,0.0094
27.6250,66.5752,0.0093
27.6750,66.5752,0.0095
27.7250,66.5752,0.0094
27.7750,66.5752,0.0094
27.8250,66.5752,0.0096
27.8750,66.5752,0.0096
27.9250,66.5752,0.0095
27.9750,66.5752,0.0097
28.0250,66.5752,0.0097
28.0750,66.5752,0.0096
28.1250,66.5752,0.0098
28.1750,66.5752,0.0098
28.2250,66.5752,0.0098
28.2750,66.5752,0.0100
28.3250,66.5752,0.0100
28.3750,66.5752,0.0100
28.4250,66.5752,0.0101
28.4750,66.5752,0.0101
28.5250,66.5752,0.0103
28.5750,66.5752,0.0103
28.6250,66.5752,0.0103
28.6750,66.5752,0.0105
28.7250,66.5752,0.0104
28.7750,66.5752,0.0104
28.8250,66.5752,0.0106
28.8750,66.5752,0.0106
28.9250,66.5752,0.0120
28.9750,66.5752,0.0124
29.0250,66.5752,0.0126
29.0750,66.5752,0.0126
29.1250,66.5752,0.0129
29.1750,66.5752,0.0132
29.2250,66.5752,0.0132
29.2750,66.5752,0.0137
29.3250,66.5752,0.0137
29.3750,66.5752,0.0141
29.4250,66.5752,0.0142
29.4750,66.5752,0.0144
29.5250,66.5752,0.0145
29.5750,66.5752,0.0148
29.6250,66.5752,0.0148
29.6750,66.5752,0.0150
29.7250,66.5752,0.0152
29.7750,66.5752,0.0152
29.8250,66.5752,0.0156
29.8750,66.5752,0.0156
29.9250,66.5752,0.0185
29.9750,66.5752,0.0185
30.0250,66.5752,0.0189
30.0750,66.5752,0.0189
30.1250,66.5752,0.0193
30.1750,66.5752,0.0193
30.2250,66.5752,0.0193
30.2750,66.5752,0.0199
30.3250,66.5752,0.0199
30.3750,66.5752,0.0209
30.4250,66.5752,0.0204
30.4750,66.5752,0.0214
30.5250,66.5752,0.0214
30.5750,66.5752,0.0219
30.6250,66.5752,0.0219
30.6750,66.5752,0.0219
30.7250,66.5752,0.0223
30.7750,66.5752,0.0223
30.8250,66.5752,0.0235
30.8750,66.5752,0.0227
30.9250,66.5752,0.0239
30.9750,66.5752,0.0239
31.0250,66.5752,0.0243
31.0750,66.5752,0.0242
31.1250,66.5752,0.0254
31.1750,66.5752,0.0245
31.2250,66.5752,0.0245
31.2750,66.5752,0.0265
31.3250,66.5752,0.0248
31.3750,66.5752,0.0269
31.4250,66.5752,0.0269
31.4750,66.5752,0.0272
31.5250,66.5752,0.0272
31.5750,66.5752,0.0292
20.5250,66.5252,0.0088
20.5750,66.5252,0.0088
20.6250,66.5252,0.0086
20.6750,66.5252,0.0086
20.7250,66.5252,0.0085
20.7750,66.5252,0.0085
20.8250,66.5252,0.0084
20.8750,66.5252,0.0084
20.9250,66.5252,0.0083
20.9750,66.5252,0.0084
21.0250,66.5252,0.0083
21.0750,66.5252,0.0083
21.1250,66.5252,0.0083
21.1750,66.5252,0.0081
21.2250,66.5252,0.0083
21.2750,66.5252,0.0081
21.3250,66.5252,0.0082
21.3750,66.5252,0.0081
21.4250,66.5252,0.0081
21.4750,66.5252,0.0080
21.5250,66.5252,0.0080
21.5750,66.5252,0.0080
21.6250,66.5252,0.0080
21.6750,66.5252,0.0078
21.7250,66.5252,0.0080
21.7750,66.5252,0.0078
21.8250,66.5252,0.0080
21.8750,66.5252,0.0080
21.9250,66.5252,0.0079
21.9750,66.5252,0.0080
22.0250,66.5252,0.0078
22.0750,66.5252,0.0080
22.1250,66.5252,0.0078
22.1750,66.5252,0.0080
22.2250,66.5252,0.0078
22.2750,66.5252,0.0078
22.3250,66.5252,0.0079
22.3750,66.5252,0.0079
22.4250,66.5252,0.0077
22.4750,66.5252,0.0078
22.5250,66.5252,0.0077
22.5750,66.5252,0.0079
22.6250,66.5252,0.0079
22.6750,66.5252,0.0079
22.7250,66.5252,0.0079
22.7750,66.5252,0.0077
22.8250,66.5252,0.0080
22.8750,66.5252,0.0077
22.9250,66.5252,0.0080
22.9750,66.5252,0.0078
23.0250,66.5252,0.0078
23.0750,66.5252,0.0078
23.1250,66.5252,0.0078
23.1750,66.5252,0.0076
23.2250,66.5252,0.0078
23.2750,66.5252,0.0077
23.3250,66.5252,0.0079
23.3750,66.5252,0.0079
23.4250,66.5252,0.0077
23.4750,66.5252,0.0079
23.5250,66.5252,0.0077
23.5750,66.5252,0.0080
23.6250,66.5252,0.0078
23.6750,66.5252,0.0078
23.7250,66.5252,0.0078
23.7750,66.5252,0.0078
23.8250,66.5252,0.0077
23.8750,66.5252,0.0078
23.9250,66.5252,0.0077
23.9750,66.5252,0.0079
24.0250,66.5252,0.0078
24.0750,66.5252,0.0078
24.1250,66.5252,0.0079
24.1750,66.5252,0.0078
24.2250,66.5252,0.0080
24.2750,66.5252,0.0078
24.3250,66.5252,0.0078
24.3750,66.5252,0.0079
24.4250,66.5252,0.0079
24.4750,66.5252,0.0078
24.5250,66.5252,0.0079
24.5750,66.5252,0.0077
24.6250,66.5252,0.0079
24.6750,66.5252,0.0078
24.7250,66.5252,0.0078
24.7750,66.5252,0.0080
24.8250,66.5252,0.0078
24.8750,66.5252,0.0080
24.9250,66.5252,0.0079
24.9750,66.5252,0.0079
25.0250,66.5252,0.0080
25.0750,66.5252,0.0080
25.1250,66.5252,0.0079
25.1750,66.5252,0.0080
25.2250,66.5252,0.0079
25.2750,66.5252,0.0081
25.3250,66.5252,0.0080
25.3750,66.5252,0.0080
25.4250,66.5252,0.0081
25.4750,66.5252,0.0080
25.5250,66.5252,0.0082
25.5750,66.5252,0.0081
25.6250,66.5252,0.0081
25.6750,66.5252,0.0082
25.7250,66.5252,0.0082
25.7750,66.5252,0.0081
25.8250,66.5252,0.0082
25.8750,66.5252,0.0082
25.9250,66.5252,0.0084
25.9750,66.5252,0.0084
26.0250,66.5252,0.0083
26.0750,66.5252,0.0085
26.1250,66.5252,0.0083
26.1750,66.5252,0.0084
26.2250,66.5252,0.0084
26.2750,66.5252,0.0084
26.3250,66.5252,0.0084
26.3750,66.5252,0.0085
26.4250,66.5252,0.0084
26.4750,66.5252,0.0086
26.5250,66.5252,0.0085
26.5750,66.5252,0.0085
26.6250,66.5252,0.0087
26.6750,66.5252,0.0087
26.7250,66.5252,0.0088
26.7750,66.5252,0.0088
26.8250,66.5252,0.0088
26.8750,66.5252,0.0089
26.9250,66.5252,0.0089
26.9750,66.5252,0.0089
27.0250,66.5252,0.0091
27.0750,66.5252,0.0090
27.1250,66.5252,0.0090
27.1750,66.5252,0.0092
27.2250,66.5252,0.0091
27.2750,66.5252,0.0092
27.3250,66.5252,0.0093
27.3750,66.5252,0.0093
27.4250,66.5252,0.0093
27.4750,66.5252,0.0094
27.5250,66.5252,0.0094
27.5750,66.5252,0.0095
27.6250,66.5252,0.0095
27.6750,66.5252,0.0095
27.7250,66.5252,0.0096
27.7750,66.5252,0.0096
27.8250,66.5252,0.0097
27.8750,66.5252,0.0098
27.9250,66.5252,0.0098
27.9750,66.5252,0.0097
28.0250,66.5252,0.0099
28.0750,66.5252,0.0098
28.1250,66.5252,0.0101
28.1750,66.5252,0.0100
28.2250,66.5252,0.0100
28.2750,66.5252,0.0101
28.3250,66.5252,0.0102
28.3750,66.5252,0.0102
28.4250,66.5252,0.0103
28.4750,66.5252,0.0103
28.5250,66.5252,0.0103
28.5750,66.5252,0.0105
28.6250,66.5252,0.0105
28.6750,66.5252,0.0105
28.7250,66.5252,0.0107
28.7750,66.5252,0.0107
28.8250,66.5252,0.0106
28.8750,66.5252,0.0108
28.9250,66.5252,0.0108
28.9750,66.5252,0.0119
29.0250,66.5252,0.0110
29.0750,66.5252,0.0129
29.1250,66.5252,0.0132
29.1750,66.5252,0.0134
29.2250,66.5252,0.0134
29.2750,66.5252,0.0139
29.3250,66.5252,0.0139
29.3750,66.5252,0.0142
29.4250,66.5252,0.0144
29.4750,66.5252,0.0144
29.5250,66.5252,0.0146
29.5750,66.5252,0.0149
29.6250,66.5252,0.0150
29.6750,66.5252,0.0150
29.7250,66.5252,0.0154
29.7750,66.5252,0.0154
29.8250,66.5252,0.0156
29.8750,66.5252,0.0158
29.9250,66.5252,0.0180
29.9750,66.5252,0.0185
30.0250,66.5252,0.0161
30.0750,66.5252,0.0187
30.1250,66.5252,0.0187
30.1750,66.5252,0.0191
30.2250,66.5252,0.0191
30.2750,66.5252,0.0199
30.3250,66.5252,0.0195
30.3750,66.5252,0.0204
30.4250,66.5252,0.0204
30.4750,66.5252,0.0201
30.5250,66.5252,0.0209
30.5750,66.5252,0.0208
30.6250,66.5252,0.0213
30.6750,66.5252,0.0213
30.7250,66.5252,0.0223
30.7750,66.5252,0.0217
30.8250,66.5252,0.0227
30.8750,66.5252,0.0227
30.9250,66.5252,0.0231
30.9750,66.5252,0.0231
31.0250,66.5252,0.0230
31.0750,66.5252,0.0234
31.1250,66.5252,0.0234
31.1750,66.5252,0.0245
31.2250,66.5252,0.0236
31.2750,66.5252,0.0248
31.3250,66.5252,0.0248
31.3750,66.5252,0.0251
31.4250,66.5252,0.0251
31.4750,66.5252,0.0252
31.5250,66.5252,0.0252
31.5750,66.5252,0.0252
20.5250,66.4752,0.0091
20.5750,66.4752,0.0089
20.6250,66.4752,0.0089
20.6750,66.4752,0.0087
20.7250,66.4752,0.0087
20.7750,66.4752,0.0086
20.8250,66.4752,0.0086
20.8750,66.4752,0.0085
20.9250,66.4752,0.0085
20.9750,66.4752,0.0084
21.0250,66.4752,0.0084
21.0750,66.4752,0.0083
21.1250,66.4752,0.0084
21.1750,66.4752,0.0083
21.2250,66.4752,0.0084
21.2750,66.4752,0.0084
21.3250,66.4752,0.0082
21.3750,66.4752,0.0083
21.4250,66.4752,0.0082
21.4750,66.4752,0.0083
21.5250,66.4752,0.0082
21.5750,66.4752,0.0082
21.6250,66.4752,0.0082
21.6750,66.4752,0.0082
21.7250,66.4752,0.0082
21.7750,66.4752,0.0082
21.8250,66.4752,0.0080
21.8750,66.4752,0.0082
21.9250,66.4752,0.0080
21.9750,66.4752,0.0082
22.0250,66.4752,0.0081
22.0750,66.4752,0.0080
22.1250,66.4752,0.0082
22.1750,66.4752,0.0080
22.2250,66.4752,0.0082
22.2750,66.4752,0.0080
22.3250,66.4752,0.0082
22.3750,66.4752,0.0081
22.4250,66.4752,0.0081
22.4750,66.4752,0.0081
22.5250,66.4752,0.0081
22.5750,66.4752,0.0079
22.6250,66.4752,0.0081
22.6750,66.4752,0.0079
22.7250,66.4752,0.0082
22.7750,66.4752,0.0080
22.8250,66.4752,0.0080
22.8750,66.4752,0.0082
22.9250,66.4752,0.0080
22.9750,66.4752,0.0082
23.0250,66.4752,0.0080
23.0750,66.4752,0.0081
23.1250,66.4752,0.0080
23.1750,66.4752,0.0080
23.2250,66.4752,0.0081
23.2750,66.4752,0.0081
23.3250,66.4752,0.0079
23.3750,66.4752,0.0081
23.4250,66.4752,0.0079
23.4750,66.4752,0.0082
23.5250,66.4752,0.0080
23.5750,66.4752,0.0080
23.6250,66.4752,0.0082
23.6750,66.4752,0.0080
23.7250,66.4752,0.0082
23.7750,66.4752,0.0080
23.8250,66.4752,0.0080
23.8750,66.4752,0.0081
23.9250,66.4752,0.0081
23.9750,66.4752,0.0079
24.0250,66.4752,0.0081
24.0750,66.4752,0.0079
24.1250,66.4752,0.0082
24.1750,66.4752,0.0080
24.2250,66.4752,0.0080
24.2750,66.4752,0.0082
24.3250,66.4752,0.0080
24.3750,66.4752,0.0082
24.4250,66.4752,0.0081
24.4750,66.4752,0.0081
24.5250,66.4752,0.0081
24.5750,66.4752,0.0081
24.6250,66.4752,0.0079
24.6750,66.4752,0.0081
24.7250,66.4752,0.0080
24.7750,66.4752,0.0082
24.8250,66.4752,0.0080
24.8750,66.4752,0.0080
24.9250,66.4752,0.0081
24.9750,66.4752,0.0080
25.0250,66.4752,0.0083
25.0750,66.4752,0.0081
25.1250,66.4752,0.0081
25.1750,66.4752,0.0082
25.2250,66.4752,0.0082
25.2750,66.4752,0.0081
25.3250,66.4752,0.0083
25.3750,66.4752,0.0081
25.4250,66.4752,0.0083
25.4750,66.4752,0.0082
25.5250,66.4752,0.0082
25.5750,66.4752,0.0083
25.6250,66.4752,0.0083
25.6750,66.4752,0.0083
25.7250,66.4752,0.0083
25.7750,66.4752,0.0083
25.8250,66.4752,0.0084
25.8750,66.4752,0.0084
25.9250,66.4752,0.0084
25.9750,66.4752,0.0085
26.0250,66.4752,0.0085
26.0750,66.4752,0.0085
26.1250,66.4752,0.0085
26.1750,66.4752,0.0085
26.2250,66.4752,0.0086
26.2750,66.4752,0.0086
26.3250,66.4752,0.0086
26.3750,66.4752,0.0088
26.4250,66.4752,0.0088
26.4750,66.4752,0.0086
26.5250,66.4752,0.0088
26.5750,66.4752,0.0087
26.6250,66.4752,0.0089
26.6750,66.4752,0.0089
26.7250,66.4752,0.0089
26.7750,66.4752,0.0090
26.8250,66.4752,0.0090
26.8750,66.4752,0.0090
26.9250,66.4752,0.0092
26.9750,66.4752,0.0092
27.0250,66.4752,0.0091
27.0750,66.4752,0.0093
27.1250,66.4752,0.0092
27.1750,66.4752,0.0094
27.2250,66.4752,0.0094
27.2750,66.4752,0.0094
27.3250,66.4752,0.0094
27.3750,66.4752,0.0095
27.4250,66.4752,0.0094
27.4750,66.4752,0.0096
27.5250,66.4752,0.0096
27.5750,66.4752,0.0095
27.6250,66.4752,0.0097
27.6750,66.4752,0.0097
27.7250,66.4752,0.0098
27.7750,66.4752,0.0099
27.8250,66.4752,0.0099
27.8750,66.4752,0.0099
27.9250,66.4752,0.0100
27.9750,66.4752,0.0099
28.0250,66.4752,0.0101
28.0750,66.4752,0.0101
28.1250,66.4752,0.0101
28.1750,66.4752,0.0103
28.2250,66.4752,0.0102
28.2750,66.4752,0.0102
28.3250,66.4752,0.0104
28.3750,66.4752,0.0104
28.4250,66.4752,0.0103
28.4750,66.4752,0.0106
28.5250,66.4752,0.0105
28.5750,66.4752,0.0106
28.6250,66.4752,0.0107
28.6750,66.4752,0.0107
28.7250,66.4752,0.0109
28.7750,66.4752,0.0109
28.8250,66.4752,0.0109
28.8750,66.4752,0.0110
28.9250,66.4752,0.0110
28.9750,66.4752,0.0110
29.0250,66.4752,0.0113
29.0750,66.4752,0.0132
29.1250,66.4752,0.0132
29.1750,66.4752,0.0136
29.2250,66.4752,0.0137
29.2750,66.4752,0.0137
29.3250,66.4752,0.0141
29.3750,66.4752,0.0141
29.4250,66.4752,0.0144
29.4750,66.4752,0.0146
29.5250,66.4752,0.0149
29.5750,66.4752,0.0149
29.6250,66.4752,0.0153
29.6750,66.4752,0.0153
29.7250,66.4752,0.0155
29.7750,66.4752,0.0156
29.8250,66.4752,0.0156
29.8750,66.4752,0.0159
29.9250,66.4752,0.0159
29.9750,66.4752,0.0161
30.0250,66.4752,0.0162
30.0750,66.4752,0.0187
30.1250,66.4752,0.0187
30.1750,66.4752,0.0189
30.2250,66.4752,0.0189
30.2750,66.4752,0.0191
30.3250,66.4752,0.0192
30.3750,66.4752,0.0192
30.4250,66.4752,0.0200
30.4750,66.4752,0.0196
30.5250,66.4752,0.0204
30.5750,66.4752,0.0204
30.6250,66.4752,0.0208
30.6750,66.4752,0.0207
30.7250,66.4752,0.0217
30.7750,66.4752,0.0211
30.8250,66.4752,0.0211
30.8750,66.4752,0.0220
30.9250,66.4752,0.0214
30.9750,66.4752,0.0223
31.0250,66.4752,0.0223
31.0750,66.4752,0.0225
31.1250,66.4752,0.0225
31.1750,66.4752,0.0236
31.2250,66.4752,0.0227
31.2750,66.4752,0.0235
31.3250,66.4752,0.0238
31.3750,66.4752,0.0229
31.4250,66.4752,0.0238
31.4750,66.4752,0.0238
31.5250,66.4752,0.0238
31.5750,66.4752,0.0238
20.5250,66.4252,0.0091
20.5750,66.4252,0.0091
20.6250,66.4252,0.0089
20.6750,66.4252,0.0090
20.7250,66.4252,0.0088
20.7750,66.4252,0.0089
20.8250,66.4252,0.0087
20.8750,66.4252,0.0087
20.9250,66.4252,0.0086
20.9750,66.4252,0.0086
21.0250,66.4252,0.0086
21.0750,66.4252,0.0086
21.1250,66.4252,0.0084
21.1750,66.4252,0.0085
21.2250,66.4252,0.0084
21.2750,66.4252,0.0085
21.3250,66.4252,0.0083
21.3750,66.4252,0.0084
21.4250,66.4252,0.0084
21.4750,66.4252,0.0083
21.5250,66.4252,0.0085
21.5750,66.4252,0.0083
21.6250,66.4252,0.0085
21.6750,66.4252,0.0083
21.7250,66.4252,0.0083
21.7750,66.4252,0.0084
21.8250,66.4252,0.0084
21.8750,66.4252,0.0083
21.9250,66.4252,0.0084
21.9750,66.4252,0.0082
22.0250,66.4252,0.0084
22.0750,66.4252,0.0082
22.1250,66.4252,0.0084
22.1750,66.4252,0.0082
22.2250,66.4252,0.0082
22.2750,66.4252,0.0084
22.3250,66.4252,0.0083
22.3750,66.4252,0.0085
22.4250,66.4252,0.0083
22.4750,66.4252,0.0083
22.5250,66.4252,0.0083
22.5750,66.4252,0.0083
22.6250,66.4252,0.0084
22.6750,66.4252,0.0084
22.7250,66.4252,0.0082
22.7750,66.4252,0.0084
22.8250,66.4252,0.0082
22.8750,66.4252,0.0084
22.9250,66.4252,0.0082
22.9750,66.4252,0.0082
23.0250,66.4252,0.0083
23.0750,66.4252,0.0083
23.1250,66.4252,0.0085
23.1750,66.4252,0.0083
23.2250,66.4252,0.0083
23.2750,66.4252,0.0083
23.3250,66.4252,0.0083
23.3750,66.4252,0.0083
23.4250,66.4252,0.0084
23.4750,66.4252,0.0082
23.5250,66.4252,0.0084
23.5750,66.4252,0.0082
23.6250,66.4252,0.0084
23.6750,66.4252,0.0082
23.7250,66.4252,0.0082
23.7750,66.4252,0.0083
23.8250,66.4252,0.0083
23.8750,66.4252,0.0084
23.9250,66.4252,0.0083
23.9750,66.4252,0.0083
24.0250,66.4252,0.0083
24.0750,66.4252,0.0083
24.1250,66.4252,0.0082
24.1750,66.4252,0.0084
24.2250,66.4252,0.0082
24.2750,66.4252,0.0084
24.3250,66.4252,0.0082
24.3750,66.4252,0.0082
24.4250,66.4252,0.0083
24.4750,66.4252,0.0083
24.5250,66.4252,0.0082
24.5750,66.4252,0.0083
24.6250,66.4252,0.0083
24.6750,66.4252,0.0084
24.7250,66.4252,0.0084
24.7750,66.4252,0.0082
24.8250,66.4252,0.0084
24.8750,66.4252,0.0082
24.9250,66.4252,0.0084
24.9750,66.4252,0.0083
25.0250,66.4252,0.0083
25.0750,66.4252,0.0083
25.1250,66.4252,0.0083
25.1750,66.4252,0.0082
25.2250,66.4252,0.0084
25.2750,66.4252,0.0084
25.3250,66.4252,0.0085
25.3750,66.4252,0.0085
25.4250,66.4252,0.0083
25.4750,66.4252,0.0085
25.5250,66.4252,0.0084
25.5750,66.4252,0.0085
25.6250,66.4252,0.0084
25.6750,66.4252,0.0084
25.7250,66.4252,0.0085
25.7750,66.4252,0.0085
25.8250,66.4252,0.0084
25.8750,66.4252,0.0086
25.9250,66.4252,0.0086
25.9750,66.4252,0.0085
26.0250,66.4252,0.0088
26.0750,66.4252,0.0087
26.1250,66.4252,0.0089
26.1750,66.4252,0.0088
26.2250,66.4252,0.0088
26.2750,66.4252,0.0089
26.3250,66.4252,0.0089
26.3750,66.4252,0.0088
26.4250,66.4252,0.0090
26.4750,66.4252,0.0088
26.5250,66.4252,0.0090
26.5750,66.4252,0.0090
26.6250,66.4252,0.0090
26.6750,66.4252,0.0092
26.7250,66.4252,0.0091
26.7750,66.4252,0.0091
26.8250,66.4252,0.0092
26.8750,66.4252,0.0092
26.9250,66.4252,0.0092
26.9750,66.4252,0.0093
27.0250,66.4252,0.0093
27.0750,66.4252,0.0095
27.1250,66.4252,0.0094
27.1750,66.4252,0.0094
27.2250,66.4252,0.0096
27.2750,66.4252,0.0096
27.3250,66.4252,0.0096
27.3750,66.4252,0.0097
27.4250,66.4252,0.0097
27.4750,66.4252,0.0096
27.5250,66.4252,0.0098
27.5750,66.4252,0.0097
27.6250,66.4252,0.0099
27.6750,66.4252,0.0099
27.7250,66.4252,0.0099
27.7750,66.4252,0.0100
27.8250,66.4252,0.0100
27.8750,66.4252,0.0100
27.9250,66.4252,0.0102
27.9750,66.4252,0.0102
28.0250,66.4252,0.0101
28.0750,66.4252,0.0103
28.1250,66.4252,0.0103
28.1750,66.4252,0.0103
28.2250,66.4252,0.0105
28.2750,66.4252,0.0105
28.3250,66.4252,0.0105
28.3750,66.4252,0.0106
28.4250,66.4252,0.0106
28.4750,66.4252,0.0108
28.5250,66.4252,0.0108
28.5750,66.4252,0.0107
28.6250,66.4252,0.0110
28.6750,66.4252,0.0109
28.7250,66.4252,0.0109
28.7750,66.4252,0.0111
28.8250,66.4252,0.0111
28.8750,66.4252,0.0110
28.9250,66.4252,0.0113
28.9750,66.4252,0.0113
29.0250,66.4252,0.0113
29.0750,66.4252,0.0116
29.1250,66.4252,0.0134
29.1750,66.4252,0.0136
29.2250,66.4252,0.0139
29.2750,66.4252,0.0139
29.3250,66.4252,0.0143
29.3750,66.4252,0.0144
29.4250,66.4252,0.0146
29.4750,66.4252,0.0150
29.5250,66.4252,0.0150
29.5750,66.4252,0.0152
29.6250,66.4252,0.0155
29.6750,66.4252,0.0156
29.7250,66.4252,0.0156
29.7750,66.4252,0.0158
29.8250,66.4252,0.0158
29.8750,66.4252,0.0159
29.9250,66.4252,0.0161
29.9750,66.4252,0.0162
30.0250,66.4252,0.0162
30.0750,66.4252,0.0168
30.1250,66.4252,0.0186
30.1750,66.4252,0.0186
30.2250,66.4252,0.0188
30.2750,66.4252,0.0188
30.3250,66.4252,0.0192
30.3750,66.4252,0.0190
30.4250,66.4252,0.0196
30.4750,66.4252,0.0196
30.5250,66.4252,0.0199
30.5750,66.4252,0.0200
30.6250,66.4252,0.0200
30.6750,66.4252,0.0202
30.7250,66.4252,0.0202
30.7750,66.4252,0.0211
30.8250,66.4252,0.0205
30.8750,66.4252,0.0213
30.9250,66.4252,0.0213
30.9750,66.4252,0.0215
31.0250,66.4252,0.0215
31.0750,66.4252,0.0224
31.1250,66.4252,0.0217
31.1750,66.4252,0.0217
31.2250,66.4252,0.0227
31.2750,66.4252,0.0218
31.3250,66.4252,0.0228
31.3750,66.4252,0.0228
31.4250,66.4252,0.0227
31.4750,66.4252,0.0227
31.5250,66.4252,0.0237
31.5750,66.4252,0.0225
20.5250,66.3752,0.0092
20.5750,66.3752,0.0092
20.6250,66.3752,0.0090
20.6750,66.3752,0.0090
20.7250,66.3752,0.0089
20.7750,66.3752,0.0089
20.8250,66.3752,0.0091
20.8750,66.3752,0.0089
20.9250,66.3752,0.0090
20.9750,66.3752,0.0088
21.0250,66.3752,0.0088
21.0750,66.3752,0.0088
21.1250,66.3752,0.0088
21.1750,66.3752,0.0087
21.2250,66.3752,0.0087
21.2750,66.3752,0.0085
21.3250,66.3752,0.0087
21.3750,66.3752,0.0085
21.4250,66.3752,0.0087
21.4750,66.3752,0.0085
21.5250,66.3752,0.0085
21.5750,66.3752,0.0085
21.6250,66.3752,0.0085
21.6750,66.3752,0.0087
21.7250,66.3752,0.0085
21.7750,66.3752,0.0088
21.8250,66.3752,0.0086
21.8750,66.3752,0.0086
21.9250,66.3752,0.0086
21.9750,66.3752,0.0086
22.0250,66.3752,0.0084
22.0750,66.3752,0.0087
22.1250,66.3752,0.0084
22.1750,66.3752,0.0087
22.2250,66.3752,0.0084
22.2750,66.3752,0.0088
22.3250,66.3752,0.0085
22.3750,66.3752,0.0085
22.4250,66.3752,0.0085
22.4750,66.3752,0.0085
22.5250,66.3752,0.0086
22.5750,66.3752,0.0086
22.6250,66.3752,0.0086
22.6750,66.3752,0.0087
22.7250,66.3752,0.0087
22.7750,66.3752,0.0086
22.8250,66.3752,0.0087
22.8750,66.3752,0.0084
22.9250,66.3752,0.0088
22.9750,66.3752,0.0085
23.0250,66.3752,0.0088
23.0750,66.3752,0.0085
23.1250,66.3752,0.0085
23.1750,66.3752,0.0086
23.2250,66.3752,0.0086
23.2750,66.3752,0.0084
23.3250,66.3752,0.0087
23.3750,66.3752,0.0085
23.4250,66.3752,0.0087
23.4750,66.3752,0.0087
23.5250,66.3752,0.0084
23.5750,66.3752,0.0087
23.6250,66.3752,0.0084
23.6750,66.3752,0.0088
23.7250,66.3752,0.0085
23.7750,66.3752,0.0085
23.8250,66.3752,0.0085
23.8750,66.3752,0.0085
23.9250,66.3752,0.0085
23.9750,66.3752,0.0086
24.0250,66.3752,0.0083
24.0750,66.3752,0.0086
24.1250,66.3752,0.0084
24.1750,66.3752,0.0087
24.2250,66.3752,0.0087
24.2750,66.3752,0.0084
24.3250,66.3752,0.0087
24.3750,66.3752,0.0085
24.4250,66.3752,0.0087
24.4750,66.3752,0.0085
24.5250,66.3752,0.0085
24.5750,66.3752,0.0085
24.6250,66.3752,0.0085
24.6750,66.3752,0.0084
24.7250,66.3752,0.0086
24.7750,66.3752,0.0084
24.8250,66.3752,0.0086
24.8750,66.3752,0.0086
24.9250,66.3752,0.0084
24.9750,66.3752,0.0087
25.0250,66.3752,0.0085
25.0750,66.3752,0.0086
25.1250,66.3752,0.0086
25.1750,66.3752,0.0086
25.2250,66.3752,0.0086
25.2750,66.3752,0.0087
25.3250,66.3752,0.0085
25.3750,66.3752,0.0087
25.4250,66.3752,0.0085
25.4750,66.3752,0.0086
25.5250,66.3752,0.0086
25.5750,66.3752,0.0086
25.6250,66.3752,0.0089
25.6750,66.3752,0.0087
25.7250,66.3752,0.0087
25.7750,66.3752,0.0088
25.8250,66.3752,0.0088
25.8750,66.3752,0.0086
25.9250,66.3752,0.0089
25.9750,66.3752,0.0088
26.0250,66.3752,0.0090
26.0750,66.3752,0.0089
26.1250,66.3752,0.0089
26.1750,66.3752,0.0090
26.2250,66.3752,0.0090
26.2750,66.3752,0.0091
26.3250,66.3752,0.0091
26.3750,66.3752,0.0091
26.4250,66.3752,0.0092
26.4750,66.3752,0.0092
26.5250,66.3752,0.0091
26.5750,66.3752,0.0093
26.6250,66.3752,0.0092
26.6750,66.3752,0.0092
26.7250,66.3752,0.0093
26.7750,66.3752,0.0093
26.8250,66.3752,0.0093
26.8750,66.3752,0.0094
26.9250,66.3752,0.0094
26.9750,66.3752,0.0096
27.0250,66.3752,0.0096
27.0750,66.3752,0.0095
27.1250,66.3752,0.0097
27.1750,66.3752,0.0096
27.2250,66.3752,0.0096
27.2750,66.3752,0.0098
27.3250,66.3752,0.0098
27.3750,66.3752,0.0098
27.4250,66.3752,0.0099
27.4750,66.3752,0.0098
27.5250,66.3752,0.0100
27.5750,66.3752,0.0100
27.6250,66.3752,0.0099
27.6750,66.3752,0.0101
27.7250,66.3752,0.0101
27.7750,66.3752,0.0101
27.8250,66.3752,0.0102
27.8750,66.3752,0.0102
27.9250,66.3752,0.0102
27.9750,66.3752,0.0104
28.0250,66.3752,0.0103
28.0750,66.3752,0.0105
28.1250,66.3752,0.0105
28.1750,66.3752,0.0105
28.2250,66.3752,0.0107
28.2750,66.3752,0.0107
28.3250,66.3752,0.0107
28.3750,66.3752,0.0108
28.4250,66.3752,0.0108
28.4750,66.3752,0.0108
28.5250,66.3752,0.0110
28.5750,66.3752,0.0110
28.6250,66.3752,0.0110
28.6750,66.3752,0.0112
28.7250,66.3752,0.0112
28.7750,66.3752,0.0114
28.8250,66.3752,0.0114
28.8750,66.3752,0.0114
28.9250,66.3752,0.0117
28.9750,66.3752,0.0117
29.0250,66.3752,0.0116
29.0750,66.3752,0.0119
29.1250,66.3752,0.0137
29.1750,66.3752,0.0137
29.2250,66.3752,0.0142
29.2750,66.3752,0.0142
29.3250,66.3752,0.0142
29.3750,66.3752,0.0147
29.4250,66.3752,0.0147
29.4750,66.3752,0.0150
29.5250,66.3752,0.0153
29.5750,66.3752,0.0155
29.6250,66.3752,0.0156
29.6750,66.3752,0.0158
29.7250,66.3752,0.0158
29.7750,66.3752,0.0159
29.8250,66.3752,0.0161
29.8750,66.3752,0.0161
29.9250,66.3752,0.0161
29.9750,66.3752,0.0163
30.0250,66.3752,0.0163
30.0750,66.3752,0.0164
30.1250,66.3752,0.0187
30.1750,66.3752,0.0187
30.2250,66.3752,0.0188
30.2750,66.3752,0.0188
30.3250,66.3752,0.0190
30.3750,66.3752,0.0190
30.4250,66.3752,0.0190
30.4750,66.3752,0.0194
30.5250,66.3752,0.0192
30.5750,66.3752,0.0196
30.6250,66.3752,0.0196
30.6750,66.3752,0.0199
30.7250,66.3752,0.0198
30.7750,66.3752,0.0205
30.8250,66.3752,0.0200
30.8750,66.3752,0.0207
30.9250,66.3752,0.0207
30.9750,66.3752,0.0202
31.0250,66.3752,0.0208
31.0750,66.3752,0.0208
31.1250,66.3752,0.0209
31.1750,66.3752,0.0209
31.2250,66.3752,0.0218
31.2750,66.3752,0.0209
31.3250,66.3752,0.0217
31.3750,66.3752,0.0217
31.4250,66.3752,0.0216
31.4750,66.3752,0.0216
31.5250,66.3752,0.0216
31.5750,66.3752,0.0213
20.5250,66.3253,0.0095
20.5750,66.3253,0.0092
20.6250,66.3253,0.0094
20.6750,66.3253,0.0092
20.7250,66.3253,0.0093
20.7750,66.3253,0.0091
20.8250,66.3253,0.0091
20.8750,66.3253,0.0090
20.9250,66.3253,0.0090
20.9750,66.3253,0.0090
21.0250,66.3253,0.0090
21.0750,66.3253,0.0089
21.1250,66.3253,0.0090
21.1750,66.3253,0.0090
21.2250,66.3253,0.0090
21.2750,66.3253,0.0090
21.3250,66.3253,0.0088
21.3750,66.3253,0.0090
21.4250,66.3253,0.0087
21.4750,66.3253,0.0090
21.5250,66.3253,0.0087
21.5750,66.3253,0.0091
21.6250,66.3253,0.0088
21.6750,66.3253,0.0088
21.7250,66.3253,0.0089
21.7750,66.3253,0.0089
21.8250,66.3253,0.0088
21.8750,66.3253,0.0089
21.9250,66.3253,0.0086
21.9750,66.3253,0.0090
22.0250,66.3253,0.0089
22.0750,66.3253,0.0090
22.1250,66.3253,0.0090
22.1750,66.3253,0.0087
22.2250,66.3253,0.0091
22.2750,66.3253,0.0088
22.3250,66.3253,0.0091
22.3750,66.3253,0.0088
22.4250,66.3253,0.0090
22.4750,66.3253,0.0089
22.5250,66.3253,0.0089
22.5750,66.3253,0.0090
22.6250,66.3253,0.0090
22.6750,66.3253,0.0087
22.7250,66.3253,0.0091
22.7750,66.3253,0.0087
22.8250,66.3253,0.0091
22.8750,66.3253,0.0091
22.9250,66.3253,0.0088
22.9750,66.3253,0.0092
23.0250,66.3253,0.0088
23.0750,66.3253,0.0093
23.1250,66.3253,0.0089
23.1750,66.3253,0.0091
23.2250,66.3253,0.0090
23.2750,66.3253,0.0090
23.3250,66.3253,0.0091
23.3750,66.3253,0.0091
23.4250,66.3253,0.0087
23.4750,66.3253,0.0092
23.5250,66.3253,0.0087
23.5750,66.3253,0.0092
23.6250,66.3253,0.0088
23.6750,66.3253,0.0088
23.7250,66.3253,0.0092
23.7750,66.3253,0.0089
23.8250,66.3253,0.0093
23.8750,66.3253,0.0089
23.9250,66.3253,0.0089
23.9750,66.3253,0.0089
24.0250,66.3253,0.0089
24.0750,66.3253,0.0087
24.1250,66.3253,0.0090
24.1750,66.3253,0.0087
24.2250,66.3253,0.0091
24.2750,66.3253,0.0087
24.3250,66.3253,0.0088
24.3750,66.3253,0.0088
24.4250,66.3253,0.0088
24.4750,66.3253,0.0091
24.5250,66.3253,0.0088
24.5750,66.3253,0.0089
24.6250,66.3253,0.0089
24.6750,66.3253,0.0089
24.7250,66.3253,0.0088
24.7750,66.3253,0.0089
24.8250,66.3253,0.0086
24.8750,66.3253,0.0089
24.9250,66.3253,0.0087
24.9750,66.3253,0.0087
25.0250,66.3253,0.0088
25.0750,66.3253,0.0088
25.1250,66.3253,0.0089
25.1750,66.3253,0.0089
25.2250,66.3253,0.0089
25.2750,66.3253,0.0089
25.3250,66.3253,0.0089
25.3750,66.3253,0.0087
25.4250,66.3253,0.0090
25.4750,66.3253,0.0088
25.5250,66.3253,0.0091
25.5750,66.3253,0.0089
25.6250,66.3253,0.0089
25.6750,66.3253,0.0090
25.7250,66.3253,0.0090
25.7750,66.3253,0.0088
25.8250,66.3253,0.0090
25.8750,66.3253,0.0089
25.9250,66.3253,0.0091
25.9750,66.3253,0.0091
26.0250,66.3253,0.0090
26.0750,66.3253,0.0092
26.1250,66.3253,0.0091
26.1750,66.3253,0.0093
26.2250,66.3253,0.0092
26.2750,66.3253,0.0092
26.3250,66.3253,0.0093
26.3750,66.3253,0.0093
26.4250,66.3253,0.0092
26.4750,66.3253,0.0094
26.5250,66.3253,0.0093
26.5750,66.3253,0.0093
26.6250,66.3253,0.0095
26.6750,66.3253,0.0094
26.7250,66.3253,0.0095
26.7750,66.3253,0.0095
26.8250,66.3253,0.0095
26.8750,66.3253,0.0096
26.9250,66.3253,0.0096
26.9750,66.3253,0.0096
27.0250,66.3253,0.0097
27.0750,66.3253,0.0097
27.1250,66.3253,0.0097
27.1750,66.3253,0.0098
27.2250,66.3253,0.0098
27.2750,66.3253,0.0100
27.3250,66.3253,0.0100
27.3750,66.3253,0.0100
27.4250,66.3253,0.0101
27.4750,66.3253,0.0101
27.5250,66.3253,0.0100
27.5750,66.3253,0.0102
27.6250,66.3253,0.0101
27.6750,66.3253,0.0102
27.7250,66.3253,0.0103
27.7750,66.3253,0.0103
27.8250,66.3253,0.0104
27.8750,66.3253,0.0104
27.9250,66.3253,0.0104
27.9750,66.3253,0.0106
28.0250,66.3253,0.0106
28.0750,66.3253,0.0105
28.1250,66.3253,0.0108
28.1750,66.3253,0.0107
28.2250,66.3253,0.0107
28.2750,66.3253,0.0109
28.3250,66.3253,0.0109
28.3750,66.3253,0.0109
28.4250,66.3253,0.0110
28.4750,66.3253,0.0110
28.5250,66.3253,0.0112
28.5750,66.3253,0.0112
28.6250,66.3253,0.0112
28.6750,66.3253,0.0115
28.7250,66.3253,0.0115
28.7750,66.3253,0.0115
28.8250,66.3253,0.0118
28.8750,66.3253,0.0118
28.9250,66.3253,0.0117
28.9750,66.3253,0.0120
29.0250,66.3253,0.0120
29.0750,66.3253,0.0119
29.1250,66.3253,0.0122
29.1750,66.3253,0.0122
29.2250,66.3253,0.0122
29.2750,66.3253,0.0145
29.3250,66.3253,0.0145
29.3750,66.3253,0.0148
29.4250,66.3253,0.0151
29.4750,66.3253,0.0153
29.5250,66.3253,0.0156
29.5750,66.3253,0.0159
29.6250,66.3253,0.0159
29.6750,66.3253,0.0161
29.7250,66.3253,0.0161
29.7750,66.3253,0.0161
29.8250,66.3253,0.0163
29.8750,66.3253,0.0163
29.9250,66.3253,0.0163
29.9750,66.3253,0.0165
30.0250,66.3253,0.0165
30.0750,66.3253,0.0165
30.1250,66.3253,0.0187
30.1750,66.3253,0.0187
30.2250,66.3253,0.0187
30.2750,66.3253,0.0189
30.3250,66.3253,0.0189
30.3750,66.3253,0.0190
30.4250,66.3253,0.0190
30.4750,66.3253,0.0192
30.5250,66.3253,0.0192
30.5750,66.3253,0.0194
30.6250,66.3253,0.0194
30.6750,66.3253,0.0198
30.7250,66.3253,0.0195
30.7750,66.3253,0.0195
30.8250,66.3253,0.0200
30.8750,66.3253,0.0196
30.9250,66.3253,0.0201
30.9750,66.3253,0.0201
31.0250,66.3253,0.0202
31.0750,66.3253,0.0202
31.1250,66.3253,0.0209
31.1750,66.3253,0.0201
31.2250,66.3253,0.0208
31.2750,66.3253,0.0209
31.3250,66.3253,0.0200
31.3750,66.3253,0.0207
31.4250,66.3253,0.0207
31.4750,66.3253,0.0204
31.5250,66.3253,0.0204
31.5750,66.3253,0.0212
20.5250,66.2753,0.0096
20.5750,66.2753,0.0096
20.6250,66.2753,0.0094
20.6750,66.2753,0.0095
20.7250,66.2753,0.0093
20.7750,66.2753,0.0095
20.8250,66.2753,0.0093
20.8750,66.2753,0.0094
20.9250,66.2753,0.0093
20.9750,66.2753,0.0093
21.0250,66.2753,0.0092
21.0750,66.2753,0.0092
21.1250,66.2753,0.0091
21.1750,66.2753,0.0092
21.2250,66.2753,0.0090
21.2750,66.2753,0.0092
21.3250,66.2753,0.0090
21.3750,66.2753,0.0093
21.4250,66.2753,0.0093
21.4750,66.2753,0.0090
21.5250,66.2753,0.0093
21.5750,66.2753,0.0091
21.6250,66.2753,0.0094
21.6750,66.2753,0.0092
21.7250,66.2753,0.0095
21.7750,66.2753,0.0092
21.8250,66.2753,0.0092
21.8750,66.2753,0.0093
21.9250,66.2753,0.0093
21.9750,66.2753,0.0091
22.0250,66.2753,0.0094
22.0750,66.2753,0.0090
22.1250,66.2753,0.0094
22.1750,66.2753,0.0091
22.2250,66.2753,0.0095
22.2750,66.2753,0.0093
22.3250,66.2753,0.0091
22.3750,66.2753,0.0096
22.4250,66.2753,0.0093
22.4750,66.2753,0.0097
22.5250,66.2753,0.0094
22.5750,66.2753,0.0094
22.6250,66.2753,0.0094
22.6750,66.2753,0.0094
22.7250,66.2753,0.0095
22.7750,66.2753,0.0095
22.8250,66.2753,0.0091
22.8750,66.2753,0.0096
22.9250,66.2753,0.0092
22.9750,66.2753,0.0096
23.0250,66.2753,0.0093
23.0750,66.2753,0.0093
23.1250,66.2753,0.0095
23.1750,66.2753,0.0093
23.2250,66.2753,0.0098
23.2750,66.2753,0.0094
23.3250,66.2753,0.0094
23.3750,66.2753,0.0095
23.4250,66.2753,0.0095
23.4750,66.2753,0.0095
23.5250,66.2753,0.0095
23.5750,66.2753,0.0092
23.6250,66.2753,0.0096
23.6750,66.2753,0.0092
23.7250,66.2753,0.0096
23.7750,66.2753,0.0093
23.8250,66.2753,0.0093
23.8750,66.2753,0.0093
23.9250,66.2753,0.0093
23.9750,66.2753,0.0093
24.0250,66.2753,0.0093
24.0750,66.2753,0.0093
24.1250,66.2753,0.0094
24.1750,66.2753,0.0094
24.2250,66.2753,0.0091
24.2750,66.2753,0.0094
24.3250,66.2753,0.0091
24.3750,66.2753,0.0095
24.4250,66.2753,0.0092
24.4750,66.2753,0.0092
24.5250,66.2753,0.0092
24.5750,66.2753,0.0092
24.6250,66.2753,0.0089
24.6750,66.2753,0.0092
24.7250,66.2753,0.0089
24.7750,66.2753,0.0092
24.8250,66.2753,0.0092
24.8750,66.2753,0.0089
24.9250,66.2753,0.0092
24.9750,66.2753,0.0090
25.0250,66.2753,0.0093
25.0750,66.2753,0.0090
25.1250,66.2753,0.0090
25.1750,66.2753,0.0091
25.2250,66.2753,0.0091
25.2750,66.2753,0.0090
25.3250,66.2753,0.0092
25.3750,66.2753,0.0090
25.4250,66.2753,0.0093
25.4750,66.2753,0.0091
25.5250,66.2753,0.0091
25.5750,66.2753,0.0093
25.6250,66.2753,0.0091
25.6750,66.2753,0.0094
25.7250,66.2753,0.0092
25.7750,66.2753,0.0092
25.8250,66.2753,0.0092
25.8750,66.2753,0.0092
25.9250,66.2753,0.0091
25.9750,66.2753,0.0093
26.0250,66.2753,0.0092
26.0750,66.2753,0.0094
26.1250,66.2753,0.0093
26.1750,66.2753,0.0093
26.2250,66.2753,0.0095
26.2750,66.2753,0.0094
26.3250,66.2753,0.0094
26.3750,66.2753,0.0095
26.4250,66.2753,0.0095
26.4750,66.2753,0.0094
26.5250,66.2753,0.0096
26.5750,66.2753,0.0095
26.6250,66.2753,0.0097
26.6750,66.2753,0.0096
26.7250,66.2753,0.0096
26.7750,66.2753,0.0097
26.8250,66.2753,0.0097
26.8750,66.2753,0.0096
26.9250,66.2753,0.0098
26.9750,66.2753,0.0098
27.0250,66.2753,0.0099
27.0750,66.2753,0.0099
27.1250,66.2753,0.0099
27.1750,66.2753,0.0100
27.2250,66.2753,0.0100
27.2750,66.2753,0.0100
27.3250,66.2753,0.0101
27.3750,66.2753,0.0101
27.4250,66.2753,0.0101
27.4750,66.2753,0.0103
27.5250,66.2753,0.0102
27.5750,66.2753,0.0104
27.6250,66.2753,0.0104
27.6750,66.2753,0.0103
27.7250,66.2753,0.0105
27.7750,66.2753,0.0105
27.8250,66.2753,0.0105
27.8750,66.2753,0.0106
27.9250,66.2753,0.0106
27.9750,66.2753,0.0106
28.0250,66.2753,0.0108
28.0750,66.2753,0.0108
28.1250,66.2753,0.0108
28.1750,66.2753,0.0109
28.2250,66.2753,0.0109
28.2750,66.2753,0.0111
28.3250,66.2753,0.0111
28.3750,66.2753,0.0111
28.4250,66.2753,0.0113
28.4750,66.2753,0.0113
28.5250,66.2753,0.0112
28.5750,66.2753,0.0116
28.6250,66.2753,0.0115
28.6750,66.2753,0.0115
28.7250,66.2753,0.0118
28.7750,66.2753,0.0118
28.8250,66.2753,0.0119
28.8750,66.2753,0.0121
28.9250,66.2753,0.0121
28.9750,66.2753,0.0121
29.0250,66.2753,0.0123
29.0750,66.2753,0.0122
29.1250,66.2753,0.0125
29.1750,66.2753,0.0125
29.2250,66.2753,0.0125
29.2750,66.2753,0.0148
29.3250,66.2753,0.0148
29.3750,66.2753,0.0150
29.4250,66.2753,0.0154
29.4750,66.2753,0.0154
29.5250,66.2753,0.0156
29.5750,66.2753,0.0159
29.6250,66.2753,0.0161
29.6750,66.2753,0.0161
29.7250,66.2753,0.0164
29.7750,66.2753,0.0164
29.8250,66.2753,0.0163
29.8750,66.2753,0.0166
29.9250,66.2753,0.0165
29.9750,66.2753,0.0165
30.0250,66.2753,0.0167
30.0750,66.2753,0.0166
30.1250,66.2753,0.0167
30.1750,66.2753,0.0167
30.2250,66.2753,0.0167
30.2750,66.2753,0.0189
30.3250,66.2753,0.0190
30.3750,66.2753,0.0190
30.4250,66.2753,0.0190
30.4750,66.2753,0.0191
30.5250,66.2753,0.0191
30.5750,66.2753,0.0192
30.6250,66.2753,0.0193
30.6750,66.2753,0.0193
30.7250,66.2753,0.0194
30.7750,66.2753,0.0193
30.8250,66.2753,0.0196
30.8750,66.2753,0.0194
30.9250,66.2753,0.0197
30.9750,66.2753,0.0197
31.0250,66.2753,0.0197
31.0750,66.2753,0.0196
31.1250,66.2753,0.0196
31.1750,66.2753,0.0194
31.2250,66.2753,0.0194
31.2750,66.2753,0.0200
31.3250,66.2753,0.0192
31.3750,66.2753,0.0197
31.4250,66.2753,0.0197
31.4750,66.2753,0.0193
31.5250,66.2753,0.0192
31.5750,66.2753,0.0199
20.5250,66.2253,0.0096
20.5750,66.2253,0.0097
20.6250,66.2253,0.0096
20.6750,66.2253,0.0097
20.7250,66.2253,0.0097
20.7750,66.2253,0.0095
20.8250,66.2253,0.0097
20.8750,66.2253,0.0094
20.9250,66.2253,0.0097
20.9750,66.2253,0.0095
21.0250,66.2253,0.0096
21.0750,66.2253,0.0095
21.1250,66.2253,0.0095
21.1750,66.2253,0.0095
21.2250,66.2253,0.0095
21.2750,66.2253,0.0093
21.3250,66.2253,0.0095
21.3750,66.2253,0.0093
21.4250,66.2253,0.0096
21.4750,66.2253,0.0093
21.5250,66.2253,0.0097
21.5750,66.2253,0.0094
21.6250,66.2253,0.0094
21.6750,66.2253,0.0098
21.7250,66.2253,0.0095
21.7750,66.2253,0.0099
21.8250,66.2253,0.0096
21.8750,66.2253,0.0098
21.9250,66.2253,0.0097
21.9750,66.2253,0.0097
22.0250,66.2253,0.0097
22.0750,66.2253,0.0097
22.1250,66.2253,0.0094
22.1750,66.2253,0.0098
22.2250,66.2253,0.0095
22.2750,66.2253,0.0099
22.3250,66.2253,0.0096
22.3750,66.2253,0.0100
22.4250,66.2253,0.0097
22.4750,66.2253,0.0097
22.5250,66.2253,0.0099
22.5750,66.2253,0.0098
22.6250,66.2253,0.0102
22.6750,66.2253,0.0099
22.7250,66.2253,0.0099
22.7750,66.2253,0.0099
22.8250,66.2253,0.0099
22.8750,66.2253,0.0099
22.9250,66.2253,0.0100
22.9750,66.2253,0.0096
23.0250,66.2253,0.0101
23.0750,66.2253,0.0097
23.1250,66.2253,0.0101
23.1750,66.2253,0.0098
23.2250,66.2253,0.0098
23.2750,66.2253,0.0098
23.3250,66.2253,0.0098
23.3750,66.2253,0.0096
23.4250,66.2253,0.0099
23.4750,66.2253,0.0096
23.5250,66.2253,0.0099
23.5750,66.2253,0.0099
23.6250,66.2253,0.0096
23.6750,66.2253,0.0100
23.7250,66.2253,0.0096
23.7750,66.2253,0.0100
23.8250,66.2253,0.0097
23.8750,66.2253,0.0098
23.9250,66.2253,0.0097
23.9750,66.2253,0.0097
24.0250,66.2253,0.0097
24.0750,66.2253,0.0097
24.1250,66.2253,0.0094
24.1750,66.2253,0.0098
24.2250,66.2253,0.0094
24.2750,66.2253,0.0098
24.3250,66.2253,0.0098
24.3750,66.2253,0.0095
24.4250,66.2253,0.0098
24.4750,66.2253,0.0095
24.5250,66.2253,0.0098
24.5750,66.2253,0.0095
24.6250,66.2253,0.0095
24.6750,66.2253,0.0096
24.7250,66.2253,0.0096
24.7750,66.2253,0.0092
24.8250,66.2253,0.0096
24.8750,66.2253,0.0092
24.9250,66.2253,0.0096
24.9750,66.2253,0.0093
25.0250,66.2253,0.0093
25.0750,66.2253,0.0095
25.1250,66.2253,0.0094
25.1750,66.2253,0.0096
25.2250,66.2253,0.0094
25.2750,66.2253,0.0094
25.3250,66.2253,0.0095
25.3750,66.2253,0.0095
25.4250,66.2253,0.0093
25.4750,66.2253,0.0095
25.5250,66.2253,0.0093
25.5750,66.2253,0.0096
25.6250,66.2253,0.0094
25.6750,66.2253,0.0094
25.7250,66.2253,0.0095
25.7750,66.2253,0.0095
25.8250,66.2253,0.0093
25.8750,66.2253,0.0095
25.9250,66.2253,0.0095
25.9750,66.2253,0.0095
26.0250,66.2253,0.0095
26.0750,66.2253,0.0094
26.1250,66.2253,0.0096
26.1750,66.2253,0.0095
26.2250,66.2253,0.0095
26.2750,66.2253,0.0096
26.3250,66.2253,0.0096
26.3750,66.2253,0.0096
26.4250,66.2253,0.0097
26.4750,66.2253,0.0096
26.5250,66.2253,0.0098
26.5750,66.2253,0.0098
26.6250,66.2253,0.0097
26.6750,66.2253,0.0099
26.7250,66.2253,0.0098
26.7750,66.2253,0.0099
26.8250,66.2253,0.0099
26.8750,66.2253,0.0099
26.9250,66.2253,0.0100
26.9750,66.2253,0.0100
27.0250,66.2253,0.0099
27.0750,66.2253,0.0101
27.1250,66.2253,0.0100
27.1750,66.2253,0.0100
27.2250,66.2253,0.0102
27.2750,66.2253,0.0102
27.3250,66.2253,0.0103
27.3750,66.2253,0.0103
27.4250,66.2253,0.0103
27.4750,66.2253,0.0104
27.5250,66.2253,0.0104
27.5750,66.2253,0.0104
27.6250,66.2253,0.0106
27.6750,66.2253,0.0105
27.7250,66.2253,0.0105
27.7750,66.2253,0.0107
27.8250,66.2253,0.0107
27.8750,66.2253,0.0107
27.9250,66.2253,0.0108
27.9750,66.2253,0.0108
28.0250,66.2253,0.0110
28.0750,66.2253,0.0110
28.1250,66.2253,0.0110
28.1750,66.2253,0.0112
28.2250,66.2253,0.0111
28.2750,66.2253,0.0111
28.3250,66.2253,0.0114
28.3750,66.2253,0.0114
28.4250,66.2253,0.0113
28.4750,66.2253,0.0117
28.5250,66.2253,0.0116
28.5750,66.2253,0.0116
28.6250,66.2253,0.0119
28.6750,66.2253,0.0118
28.7250,66.2253,0.0121
28.7750,66.2253,0.0121
28.8250,66.2253,0.0121
28.8750,66.2253,0.0123
28.9250,66.2253,0.0123
28.9750,66.2253,0.0123
29.0250,66.2253,0.0126
29.0750,66.2253,0.0125
29.1250,66.2253,0.0125
29.1750,66.2253,0.0127
29.2250,66.2253,0.0127
29.2750,66.2253,0.0127
29.3250,66.2253,0.0151
29.3750,66.2253,0.0151
29.4250,66.2253,0.0154
29.4750,66.2253,0.0157
29.5250,66.2253,0.0159
29.5750,66.2253,0.0160
29.6250,66.2253,0.0164
29.6750,66.2253,0.0164
29.7250,66.2253,0.0166
29.7750,66.2253,0.0167
29.8250,66.2253,0.0167
29.8750,66.2253,0.0169
29.9250,66.2253,0.0169
29.9750,66.2253,0.0167
30.0250,66.2253,0.0170
30.0750,66.2253,0.0168
30.1250,66.2253,0.0168
30.1750,66.2253,0.0169
30.2250,66.2253,0.0169
30.2750,66.2253,0.0189
30.3250,66.2253,0.0169
30.3750,66.2253,0.0169
30.4250,66.2253,0.0191
30.4750,66.2253,0.0194
30.5250,66.2253,0.0192
30.5750,66.2253,0.0192
30.6250,66.2253,0.0193
30.6750,66.2253,0.0193
30.7250,66.2253,0.0193
30.7750,66.2253,0.0192
30.8250,66.2253,0.0193
30.8750,66.2253,0.0193
30.9250,66.2253,0.0192
30.9750,66.2253,0.0193
31.0250,66.2253,0.0193
31.0750,66.2253,0.0191
31.1250,66.2253,0.0191
31.1750,66.2253,0.0194
31.2250,66.2253,0.0188
31.2750,66.2253,0.0191
31.3250,66.2253,0.0191
31.3750,66.2253,0.0188
31.4250,66.2253,0.0188
31.4750,66.2253,0.0188
31.5250,66.2253,0.0184
31.5750,66.2253,0.0184
20.5250,66.1753,0.0099
20.5750,66.1753,0.0097
20.6250,66.1753,0.0098
20.6750,66.1753,0.0097
20.7250,66.1753,0.0098
20.7750,66.1753,0.0097
20.8250,66.1753,0.0098
20.8750,66.1753,0.0097
20.9250,66.1753,0.0097
20.9750,66.1753,0.0099
21.0250,66.1753,0.0097
21.0750,66.1753,0.0099
21.1250,66.1753,0.0097
21.1750,66.1753,0.0098
21.2250,66.1753,0.0098
21.2750,66.1753,0.0098
21.3250,66.1753,0.0098
21.3750,66.1753,0.0098
21.4250,66.1753,0.0096
21.4750,66.1753,0.0099
21.5250,66.1753,0.0097
21.5750,66.1753,0.0100
21.6250,66.1753,0.0098
21.6750,66.1753,0.0101
21.7250,66.1753,0.0099
21.7750,66.1753,0.0099
21.8250,66.1753,0.0100
21.8750,66.1753,0.0100
21.9250,66.1753,0.0102
21.9750,66.1753,0.0101
22.0250,66.1753,0.0101
22.0750,66.1753,0.0102
22.1250,66.1753,0.0102
22.1750,66.1753,0.0103
22.2250,66.1753,0.0103
22.2750,66.1753,0.0099
22.3250,66.1753,0.0103
22.3750,66.1753,0.0100
22.4250,66.1753,0.0105
22.4750,66.1753,0.0101
22.5250,66.1753,0.0103
22.5750,66.1753,0.0102
22.6250,66.1753,0.0102
22.6750,66.1753,0.0103
22.7250,66.1753,0.0103
22.7750,66.1753,0.0099
22.8250,66.1753,0.0104
22.8750,66.1753,0.0101
22.9250,66.1753,0.0105
22.9750,66.1753,0.0105
23.0250,66.1753,0.0101
23.0750,66.1753,0.0105
23.1250,66.1753,0.0102
23.1750,66.1753,0.0106
23.2250,66.1753,0.0102
23.2750,66.1753,0.0105
23.3250,66.1753,0.0102
23.3750,66.1753,0.0102
23.4250,66.1753,0.0103
23.4750,66.1753,0.0103
23.5250,66.1753,0.0100
23.5750,66.1753,0.0104
23.6250,66.1753,0.0100
23.6750,66.1753,0.0104
23.7250,66.1753,0.0101
23.7750,66.1753,0.0100
23.8250,66.1753,0.0104
23.8750,66.1753,0.0101
23.9250,66.1753,0.0105
23.9750,66.1753,0.0101
24.0250,66.1753,0.0101
24.0750,66.1753,0.0101
24.1250,66.1753,0.0101
24.1750,66.1753,0.0100
24.2250,66.1753,0.0101
24.2750,66.1753,0.0098
24.3250,66.1753,0.0102
24.3750,66.1753,0.0098
24.4250,66.1753,0.0100
24.4750,66.1753,0.0099
24.5250,66.1753,0.0099
24.5750,66.1753,0.0099
24.6250,66.1753,0.0099
24.6750,66.1753,0.0099
24.7250,66.1753,0.0099
24.7750,66.1753,0.0099
24.8250,66.1753,0.0099
24.8750,66.1753,0.0099
24.9250,66.1753,0.0096
24.9750,66.1753,0.0099
25.0250,66.1753,0.0096
25.0750,66.1753,0.0098
25.1250,66.1753,0.0097
25.1750,66.1753,0.0097
25.2250,66.1753,0.0097
25.2750,66.1753,0.0097
25.3250,66.1753,0.0095
25.3750,66.1753,0.0097
25.4250,66.1753,0.0096
25.4750,66.1753,0.0097
25.5250,66.1753,0.0097
25.5750,66.1753,0.0096
25.6250,66.1753,0.0098
25.6750,66.1753,0.0096
25.7250,66.1753,0.0097
25.7750,66.1753,0.0097
25.8250,66.1753,0.0097
25.8750,66.1753,0.0097
25.9250,66.1753,0.0097
25.9750,66.1753,0.0095
26.0250,66.1753,0.0098
26.0750,66.1753,0.0096
26.1250,66.1753,0.0096
26.1750,66.1753,0.0098
26.2250,66.1753,0.0097
26.2750,66.1753,0.0099
26.3250,66.1753,0.0098
26.3750,66.1753,0.0098
26.4250,66.1753,0.0099
26.4750,66.1753,0.0099
26.5250,66.1753,0.0098
26.5750,66.1753,0.0100
26.6250,66.1753,0.0099
26.6750,66.1753,0.0100
26.7250,66.1753,0.0100
26.7750,66.1753,0.0100
26.8250,66.1753,0.0101
26.8750,66.1753,0.0101
26.9250,66.1753,0.0101
26.9750,66.1753,0.0101
27.0250,66.1753,0.0101
27.0750,66.1753,0.0101
27.1250,66.1753,0.0103
27.1750,66.1753,0.0102
27.2250,66.1753,0.0104
27.2750,66.1753,0.0103
27.3250,66.1753,0.0103
27.3750,66.1753,0.0105
27.4250,66.1753,0.0105
27.4750,66.1753,0.0105
27.5250,66.1753,0.0106
27.5750,66.1753,0.0106
27.6250,66.1753,0.0106
27.6750,66.1753,0.0108
27.7250,66.1753,0.0107
27.7750,66.1753,0.0109
27.8250,66.1753,0.0109
27.8750,66.1753,0.0109
27.9250,66.1753,0.0110
27.9750,66.1753,0.0110
28.0250,66.1753,0.0110
28.0750,66.1753,0.0112
28.1250,66.1753,0.0112
28.1750,66.1753,0.0112
28.2250,66.1753,0.0115
28.2750,66.1753,0.0114
28.3250,66.1753,0.0116
28.3750,66.1753,0.0117
28.4250,66.1753,0.0117
28.4750,66.1753,0.0119
28.5250,66.1753,0.0119
28.5750,66.1753,0.0119
28.6250,66.1753,0.0122
28.6750,66.1753,0.0121
28.7250,66.1753,0.0121
28.7750,66.1753,0.0124
28.8250,66.1753,0.0124
28.8750,66.1753,0.0124
28.9250,66.1753,0.0126
28.9750,66.1753,0.0126
29.0250,66.1753,0.0126
29.0750,66.1753,0.0128
29.1250,66.1753,0.0127
29.1750,66.1753,0.0128
29.2250,66.1753,0.0129
29.2750,66.1753,0.0129
29.3250,66.1753,0.0154
29.3750,66.1753,0.0154
29.4250,66.1753,0.0157
29.4750,66.1753,0.0160
29.5250,66.1753,0.0160
29.5750,66.1753,0.0162
29.6250,66.1753,0.0164
29.6750,66.1753,0.0166
29.7250,66.1753,0.0166
29.7750,66.1753,0.0170
29.8250,66.1753,0.0170
29.8750,66.1753,0.0169
29.9250,66.1753,0.0172
29.9750,66.1753,0.0170
30.0250,66.1753,0.0170
30.0750,66.1753,0.0171
30.1250,66.1753,0.0170
30.1750,66.1753,0.0171
30.2250,66.1753,0.0171
30.2750,66.1753,0.0171
30.3250,66.1753,0.0169
30.3750,66.1753,0.0171
30.4250,66.1753,0.0194
30.4750,66.1753,0.0194
30.5250,66.1753,0.0194
30.5750,66.1753,0.0194
30.6250,66.1753,0.0193
30.6750,66.1753,0.0194
30.7250,66.1753,0.0194
30.7750,66.1753,0.0193
30.8250,66.1753,0.0193
30.8750,66.1753,0.0191
30.9250,66.1753,0.0191
30.9750,66.1753,0.0189
31.0250,66.1753,0.0189
31.0750,66.1753,0.0188
31.1250,66.1753,0.0188
31.1750,66.1753,0.0188
31.2250,66.1753,0.0185
31.2750,66.1753,0.0185
31.3250,66.1753,0.0186
31.3750,66.1753,0.0183
31.4250,66.1753,0.0182
31.4750,66.1753,0.0182
31.5250,66.1753,0.0178
31.5750,66.1753,0.0177
20.5250,66.1253,0.0100
20.5750,66.1253,0.0100
20.6250,66.1253,0.0099
20.6750,66.1253,0.0100
20.7250,66.1253,0.0098
20.7750,66.1253,0.0100
20.8250,66.1253,0.0098
20.8750,66.1253,0.0100
20.9250,66.1253,0.0099
20.9750,66.1253,0.0099
21.0250,66.1253,0.0099
21.0750,66.1253,0.0099
21.1250,66.1253,0.0100
21.1750,66.1253,0.0100
21.2250,66.1253,0.0102
21.2750,66.1253,0.0101
21.3250,66.1253,0.0100
21.3750,66.1253,0.0102
21.4250,66.1253,0.0102
21.4750,66.1253,0.0103
21.5250,66.1253,0.0103
21.5750,66.1253,0.0100
21.6250,66.1253,0.0104
21.6750,66.1253,0.0101
21.7250,66.1253,0.0105
21.7750,66.1253,0.0102
21.8250,66.1253,0.0106
21.8750,66.1253,0.0104
21.9250,66.1253,0.0104
21.9750,66.1253,0.0105
22.0250,66.1253,0.0105
22.0750,66.1253,0.0103
22.1250,66.1253,0.0106
22.1750,66.1253,0.0103
22.2250,66.1253,0.0107
22.2750,66.1253,0.0104
22.3250,66.1253,0.0108
22.3750,66.1253,0.0108
22.4250,66.1253,0.0105
22.4750,66.1253,0.0109
22.5250,66.1253,0.0106
22.5750,66.1253,0.0110
22.6250,66.1253,0.0106
22.6750,66.1253,0.0107
22.7250,66.1253,0.0107
22.7750,66.1253,0.0107
22.8250,66.1253,0.0108
22.8750,66.1253,0.0108
22.9250,66.1253,0.0105
22.9750,66.1253,0.0109
23.0250,66.1253,0.0105
23.0750,66.1253,0.0110
23.1250,66.1253,0.0106
23.1750,66.1253,0.0106
23.2250,66.1253,0.0109
23.2750,66.1253,0.0107
23.3250,66.1253,0.0111
23.3750,66.1253,0.0107
23.4250,66.1253,0.0107
23.4750,66.1253,0.0107
23.5250,66.1253,0.0107
23.5750,66.1253,0.0108
23.6250,66.1253,0.0108
23.6750,66.1253,0.0104
23.7250,66.1253,0.0108
23.7750,66.1253,0.0104
23.8250,66.1253,0.0109
23.8750,66.1253,0.0105
23.9250,66.1253,0.0105
23.9750,66.1253,0.0105
24.0250,66.1253,0.0105
24.0750,66.1253,0.0102
24.1250,66.1253,0.0105
24.1750,66.1253,0.0104
24.2250,66.1253,0.0105
24.2750,66.1253,0.0105
24.3250,66.1253,0.0102
24.3750,66.1253,0.0105
24.4250,66.1253,0.0102
24.4750,66.1253,0.0106
24.5250,66.1253,0.0102
24.5750,66.1253,0.0102
24.6250,66.1253,0.0102
24.6750,66.1253,0.0102
24.7250,66.1253,0.0101
24.7750,66.1253,0.0102
24.8250,66.1253,0.0099
24.8750,66.1253,0.0102
24.9250,66.1253,0.0099
24.9750,66.1253,0.0100
25.0250,66.1253,0.0102
25.0750,66.1253,0.0099
25.1250,66.1253,0.0102
25.1750,66.1253,0.0099
25.2250,66.1253,0.0099
25.2750,66.1253,0.0099
25.3250,66.1253,0.0099
25.3750,66.1253,0.0099
25.4250,66.1253,0.0100
25.4750,66.1253,0.0097
25.5250,66.1253,0.0100
25.5750,66.1253,0.0098
25.6250,66.1253,0.0098
25.6750,66.1253,0.0098
25.7250,66.1253,0.0098
25.7750,66.1253,0.0100
25.8250,66.1253,0.0099
25.8750,66.1253,0.0099
25.9250,66.1253,0.0099
25.9750,66.1253,0.0099
26.0250,66.1253,0.0098
26.0750,66.1253,0.0100
26.1250,66.1253,0.0098
26.1750,66.1253,0.0100
26.2250,66.1253,0.0099
26.2750,66.1253,0.0099
26.3250,66.1253,0.0099
26.3750,66.1253,0.0099
26.4250,66.1253,0.0099
26.4750,66.1253,0.0100
26.5250,66.1253,0.0100
26.5750,66.1253,0.0101
26.6250,66.1253,0.0101
26.6750,66.1253,0.0100
26.7250,66.1253,0.0102
26.7750,66.1253,0.0101
26.8250,66.1253,0.0102
26.8750,66.1253,0.0102
26.9250,66.1253,0.0102
26.9750,66.1253,0.0102
27.0250,66.1253,0.0103
27.0750,66.1253,0.0103
27.1250,66.1253,0.0104
27.1750,66.1253,0.0104
27.2250,66.1253,0.0104
27.2750,66.1253,0.0106
27.3250,66.1253,0.0105
27.3750,66.1253,0.0106
27.4250,66.1253,0.0107
27.4750,66.1253,0.0107
27.5250,66.1253,0.0108
27.5750,66.1253,0.0108
27.6250,66.1253,0.0108
27.6750,66.1253,0.0110
27.7250,66.1253,0.0109
27.7750,66.1253,0.0109
27.8250,66.1253,0.0111
27.8750,66.1253,0.0111
27.9250,66.1253,0.0111
27.9750,66.1253,0.0113
28.0250,66.1253,0.0113
28.0750,66.1253,0.0114
28.1250,66.1253,0.0116
28.1750,66.1253,0.0115
28.2250,66.1253,0.0118
28.2750,66.1253,0.0117
28.3250,66.1253,0.0117
28.3750,66.1253,0.0120
28.4250,66.1253,0.0120
28.4750,66.1253,0.0119
28.5250,66.1253,0.0122
28.5750,66.1253,0.0122
28.6250,66.1253,0.0122
28.6750,66.1253,0.0124
28.7250,66.1253,0.0124
28.7750,66.1253,0.0125
28.8250,66.1253,0.0126
28.8750,66.1253,0.0126
28.9250,66.1253,0.0128
28.9750,66.1253,0.0128
29.0250,66.1253,0.0128
29.0750,66.1253,0.0130
29.1250,66.1253,0.0129
29.1750,66.1253,0.0129
29.2250,66.1253,0.0130
29.2750,66.1253,0.0130
29.3250,66.1253,0.0131
29.3750,66.1253,0.0131
29.4250,66.1253,0.0131
29.4750,66.1253,0.0160
29.5250,66.1253,0.0162
29.5750,66.1253,0.0164
29.6250,66.1253,0.0164
29.6750,66.1253,0.0168
29.7250,66.1253,0.0168
29.7750,66.1253,0.0171
29.8250,66.1253,0.0172
29.8750,66.1253,0.0172
29.9250,66.1253,0.0175
29.9750,66.1253,0.0176
30.0250,66.1253,0.0173
30.0750,66.1253,0.0176
30.1250,66.1253,0.0173
30.1750,66.1253,0.0173
30.2250,66.1253,0.0173
30.2750,66.1253,0.0173
30.3250,66.1253,0.0171
30.3750,66.1253,0.0173
30.4250,66.1253,0.0197
30.4750,66.1253,0.0198
30.5250,66.1253,0.0202
30.5750,66.1253,0.0197
30.6250,66.1253,0.0197
30.6750,66.1253,0.0196
30.7250,66.1253,0.0196
30.7750,66.1253,0.0193
30.8250,66.1253,0.0193
30.8750,66.1253,0.0190
30.9250,66.1253,0.0190
30.9750,66.1253,0.0188
31.0250,66.1253,0.0188
31.0750,66.1253,0.0188
31.1250,66.1253,0.0185
31.1750,66.1253,0.0185
31.2250,66.1253,0.0185
31.2750,66.1253,0.0181
31.3250,66.1253,0.0181
31.3750,66.1253,0.0181
31.4250,66.1253,0.0176
31.4750,66.1253,0.0176
31.5250,66.1253,0.0177
31.5750,66.1253,0.0170
20.5250,66.0753,0.0102
20.5750,66.0753,0.0101
20.6250,66.0753,0.0101
20.6750,66.0753,0.0102
20.7250,66.0753,0.0102
20.7750,66.0753,0.0101
20.8250,66.0753,0.0102
20.8750,66.0753,0.0100
20.9250,66.0753,0.0103
20.9750,66.0753,0.0101
21.0250,66.0753,0.0104
21.0750,66.0753,0.0102
21.1250,66.0753,0.0102
21.1750,66.0753,0.0103
21.2250,66.0753,0.0103
21.2750,66.0753,0.0104
21.3250,66.0753,0.0104
21.3750,66.0753,0.0102
21.4250,66.0753,0.0105
21.4750,66.0753,0.0103
21.5250,66.0753,0.0107
21.5750,66.0753,0.0105
21.6250,66.0753,0.0108
21.6750,66.0753,0.0108
21.7250,66.0753,0.0105
21.7750,66.0753,0.0109
21.8250,66.0753,0.0106
21.8750,66.0753,0.0111
21.9250,66.0753,0.0108
21.9750,66.0753,0.0110
22.0250,66.0753,0.0109
22.0750,66.0753,0.0109
22.1250,66.0753,0.0110
22.1750,66.0753,0.0110
22.2250,66.0753,0.0107
22.2750,66.0753,0.0112
22.3250,66.0753,0.0108
22.3750,66.0753,0.0113
22.4250,66.0753,0.0109
22.4750,66.0753,0.0115
22.5250,66.0753,0.0110
22.5750,66.0753,0.0110
22.6250,66.0753,0.0116
22.6750,66.0753,0.0111
22.7250,66.0753,0.0118
22.7750,66.0753,0.0113
22.8250,66.0753,0.0113
22.8750,66.0753,0.0114
22.9250,66.0753,0.0114
22.9750,66.0753,0.0114
23.0250,66.0753,0.0115
23.0750,66.0753,0.0110
23.1250,66.0753,0.0116
23.1750,66.0753,0.0110
23.2250,66.0753,0.0117
23.2750,66.0753,0.0111
23.3250,66.0753,0.0111
23.3750,66.0753,0.0112
23.4250,66.0753,0.0112
23.4750,66.0753,0.0109
23.5250,66.0753,0.0113
23.5750,66.0753,0.0109
23.6250,66.0753,0.0113
23.6750,66.0753,0.0113
23.7250,66.0753,0.0111
23.7750,66.0753,0.0114
23.8250,66.0753,0.0109
23.8750,66.0753,0.0114
23.9250,66.0753,0.0109
23.9750,66.0753,0.0113
24.0250,66.0753,0.0109
24.0750,66.0753,0.0109
24.1250,66.0753,0.0109
24.1750,66.0753,0.0109
24.2250,66.0753,0.0105
24.2750,66.0753,0.0109
24.3250,66.0753,0.0105
24.3750,66.0753,0.0109
24.4250,66.0753,0.0106
24.4750,66.0753,0.0106
24.5250,66.0753,0.0109
24.5750,66.0753,0.0106
24.6250,66.0753,0.0109
24.6750,66.0753,0.0105
24.7250,66.0753,0.0105
24.7750,66.0753,0.0105
24.8250,66.0753,0.0105
24.8750,66.0753,0.0102
24.9250,66.0753,0.0105
24.9750,66.0753,0.0102
25.0250,66.0753,0.0105
25.0750,66.0753,0.0102
25.1250,66.0753,0.0102
25.1750,66.0753,0.0102
25.2250,66.0753,0.0102
25.2750,66.0753,0.0101
25.3250,66.0753,0.0102
25.3750,66.0753,0.0101
25.4250,66.0753,0.0102
25.4750,66.0753,0.0102
25.5250,66.0753,0.0100
25.5750,66.0753,0.0102
25.6250,66.0753,0.0100
25.6750,66.0753,0.0102
25.7250,66.0753,0.0100
25.7750,66.0753,0.0100
25.8250,66.0753,0.0101
25.8750,66.0753,0.0101
25.9250,66.0753,0.0099
25.9750,66.0753,0.0101
26.0250,66.0753,0.0100
26.0750,66.0753,0.0101
26.1250,66.0753,0.0100
26.1750,66.0753,0.0100
26.2250,66.0753,0.0102
26.2750,66.0753,0.0100
26.3250,66.0753,0.0101
26.3750,66.0753,0.0101
26.4250,66.0753,0.0101
26.4750,66.0753,0.0102
26.5250,66.0753,0.0102
26.5750,66.0753,0.0101
26.6250,66.0753,0.0103
26.6750,66.0753,0.0102
26.7250,66.0753,0.0102
26.7750,66.0753,0.0103
26.8250,66.0753,0.0103
26.8750,66.0753,0.0104
26.9250,66.0753,0.0104
26.9750,66.0753,0.0104
27.0250,66.0753,0.0105
27.0750,66.0753,0.0105
27.1250,66.0753,0.0104
27.1750,66.0753,0.0106
27.2250,66.0753,0.0106
27.2750,66.0753,0.0107
27.3250,66.0753,0.0107
27.3750,66.0753,0.0107
27.4250,66.0753,0.0108
27.4750,66.0753,0.0108
27.5250,66.0753,0.0108
27.5750,66.0753,0.0110
27.6250,66.0753,0.0110
27.6750,66.0753,0.0110
27.7250,66.0753,0.0112
27.7750,66.0753,0.0111
27.8250,66.0753,0.0114
27.8750,66.0753,0.0114
27.9250,66.0753,0.0114
27.9750,66.0753,0.0116
28.0250,66.0753,0.0116
28.0750,66.0753,0.0116
28.1250,66.0753,0.0119
28.1750,66.0753,0.0118
28.2250,66.0753,0.0118
28.2750,66.0753,0.0121
28.3250,66.0753,0.0121
28.3750,66.0753,0.0121
28.4250,66.0753,0.0123
28.4750,66.0753,0.0123
28.5250,66.0753,0.0124
28.5750,66.0753,0.0125
28.6250,66.0753,0.0124
28.6750,66.0753,0.0127
28.7250,66.0753,0.0126
28.7750,66.0753,0.0126
28.8250,66.0753,0.0128
28.8750,66.0753,0.0128
28.9250,66.0753,0.0128
28.9750,66.0753,0.0130
29.0250,66.0753,0.0130
29.0750,66.0753,0.0130
29.1250,66.0753,0.0131
29.1750,66.0753,0.0131
29.2250,66.0753,0.0131
29.2750,66.0753,0.0132
29.3250,66.0753,0.0132
29.3750,66.0753,0.0132
29.4250,66.0753,0.0132
29.4750,66.0753,0.0162
29.5250,66.0753,0.0165
29.5750,66.0753,0.0166
29.6250,66.0753,0.0166
29.6750,66.0753,0.0170
29.7250,66.0753,0.0171
29.7750,66.0753,0.0171
29.8250,66.0753,0.0176
29.8750,66.0753,0.0176
29.9250,66.0753,0.0176
29.9750,66.0753,0.0179
30.0250,66.0753,0.0176
30.0750,66.0753,0.0176
30.1250,66.0753,0.0176
30.1750,66.0753,0.0176
30.2250,66.0753,0.0174
30.2750,66.0753,0.0176
30.3250,66.0753,0.0176
30.3750,66.0753,0.0173
30.4250,66.0753,0.0175
30.4750,66.0753,0.0202
30.5250,66.0753,0.0202
30.5750,66.0753,0.0201
30.6250,66.0753,0.0201
30.6750,66.0753,0.0196
30.7250,66.0753,0.0199
30.7750,66.0753,0.0193
30.8250,66.0753,0.0193
30.8750,66.0753,0.0195
30.9250,66.0753,0.0190
30.9750,66.0753,0.0190
31.0250,66.0753,0.0187
31.0750,66.0753,0.0187
31.1250,66.0753,0.0184
31.1750,66.0753,0.0183
31.2250,66.0753,0.0181
31.2750,66.0753,0.0181
31.3250,66.0753,0.0177
31.3750,66.0753,0.0177
31.4250,66.0753,0.0174
31.4750,66.0753,0.0171
31.5250,66.0753,0.0171
31.5750,66.0753,0.0167
20.5250,66.0253,0.0103
20.5750,66.0253,0.0102
20.6250,66.0253,0.0103
20.6750,66.0253,0.0102
20.7250,66.0253,0.0104
20.7750,66.0253,0.0103
20.8250,66.0253,0.0104
20.8750,66.0253,0.0104
20.9250,66.0253,0.0103
20.9750,66.0253,0.0105
21.0250,66.0253,0.0104
21.0750,66.0253,0.0106
21.1250,66.0253,0.0104
21.1750,66.0253,0.0108
21.2250,66.0253,0.0106
21.2750,66.0253,0.0106
21.3250,66.0253,0.0107
21.3750,66.0253,0.0107
21.4250,66.0253,0.0109
21.4750,66.0253,0.0109
21.5250,66.0253,0.0107
21.5750,66.0253,0.0110
21.6250,66.0253,0.0108
21.6750,66.0253,0.0112
21.7250,66.0253,0.0109
21.7750,66.0253,0.0115
21.8250,66.0253,0.0111
21.8750,66.0253,0.0111
21.9250,66.0253,0.0117
21.9750,66.0253,0.0113
22.0250,66.0253,0.0120
22.0750,66.0253,0.0115
22.1250,66.0253,0.0116
22.1750,66.0253,0.0117
22.2250,66.0253,0.0117
22.2750,66.0253,0.0119
22.3250,66.0253,0.0119
22.3750,66.0253,0.0113
22.4250,66.0253,0.0121
22.4750,66.0253,0.0115
22.5250,66.0253,0.0122
22.5750,66.0253,0.0117
22.6250,66.0253,0.0118
22.6750,66.0253,0.0118
22.7250,66.0253,0.0118
22.7750,66.0253,0.0120
22.8250,66.0253,0.0120
22.8750,66.0253,0.0114
22.9250,66.0253,0.0121
22.9750,66.0253,0.0116
23.0250,66.0253,0.0122
23.0750,66.0253,0.0122
23.1250,66.0253,0.0117
23.1750,66.0253,0.0123
23.2250,66.0253,0.0117
23.2750,66.0253,0.0124
23.3250,66.0253,0.0118
23.3750,66.0253,0.0123
23.4250,66.0253,0.0119
23.4750,66.0253,0.0119
23.5250,66.0253,0.0120
23.5750,66.0253,0.0120
23.6250,66.0253,0.0114
23.6750,66.0253,0.0120
23.7250,66.0253,0.0114
23.7750,66.0253,0.0120
23.8250,66.0253,0.0114
23.8750,66.0253,0.0114
23.9250,66.0253,0.0117
23.9750,66.0253,0.0114
24.0250,66.0253,0.0121
24.0750,66.0253,0.0114
24.1250,66.0253,0.0115
24.1750,66.0253,0.0114
24.2250,66.0253,0.0114
24.2750,66.0253,0.0114
24.3250,66.0253,0.0114
24.3750,66.0253,0.0109
24.4250,66.0253,0.0114
24.4750,66.0253,0.0109
24.5250,66.0253,0.0113
24.5750,66.0253,0.0109
24.6250,66.0253,0.0109
24.6750,66.0253,0.0109
24.7250,66.0253,0.0109
24.7750,66.0253,0.0105
24.8250,66.0253,0.0108
24.8750,66.0253,0.0107
24.9250,66.0253,0.0108
24.9750,66.0253,0.0108
25.0250,66.0253,0.0105
25.0750,66.0253,0.0108
25.1250,66.0253,0.0105
25.1750,66.0253,0.0107
25.2250,66.0253,0.0104
25.2750,66.0253,0.0104
25.3250,66.0253,0.0104
25.3750,66.0253,0.0104
25.4250,66.0253,0.0102
25.4750,66.0253,0.0104
25.5250,66.0253,0.0102
25.5750,66.0253,0.0104
25.6250,66.0253,0.0102
25.6750,66.0253,0.0102
25.7250,66.0253,0.0104
25.7750,66.0253,0.0102
25.8250,66.0253,0.0103
25.8750,66.0253,0.0102
25.9250,66.0253,0.0102
25.9750,66.0253,0.0103
26.0250,66.0253,0.0103
26.0750,66.0253,0.0101
26.1250,66.0253,0.0103
26.1750,66.0253,0.0102
26.2250,66.0253,0.0103
26.2750,66.0253,0.0102
26.3250,66.0253,0.0102
26.3750,66.0253,0.0103
26.4250,66.0253,0.0103
26.4750,66.0253,0.0102
26.5250,66.0253,0.0104
26.5750,66.0253,0.0104
26.6250,66.0253,0.0103
26.6750,66.0253,0.0104
26.7250,66.0253,0.0104
26.7750,66.0253,0.0105
26.8250,66.0253,0.0105
26.8750,66.0253,0.0105
26.9250,66.0253,0.0106
26.9750,66.0253,0.0106
27.0250,66.0253,0.0105
27.0750,66.0253,0.0107
27.1250,66.0253,0.0106
27.1750,66.0253,0.0108
27.2250,66.0253,0.0107
27.2750,66.0253,0.0107
27.3250,66.0253,0.0109
27.3750,66.0253,0.0109
27.4250,66.0253,0.0109
27.4750,66.0253,0.0110
27.5250,66.0253,0.0110
27.5750,66.0253,0.0110
27.6250,66.0253,0.0113
27.6750,66.0253,0.0112
27.7250,66.0253,0.0115
27.7750,66.0253,0.0115
27.8250,66.0253,0.0115
27.8750,66.0253,0.0117
27.9250,66.0253,0.0117
27.9750,66.0253,0.0116
28.0250,66.0253,0.0119
28.0750,66.0253,0.0119
28.1250,66.0253,0.0119
28.1750,66.0253,0.0122
28.2250,66.0253,0.0121
28.2750,66.0253,0.0123
28.3250,66.0253,0.0123
28.3750,66.0253,0.0123
28.4250,66.0253,0.0125
28.4750,66.0253,0.0126
28.5250,66.0253,0.0125
28.5750,66.0253,0.0128
28.6250,66.0253,0.0127
28.6750,66.0253,0.0127
28.7250,66.0253,0.0129
28.7750,66.0253,0.0129
28.8250,66.0253,0.0129
28.8750,66.0253,0.0130
28.9250,66.0253,0.0130
28.9750,66.0253,0.0131
29.0250,66.0253,0.0132
29.0750,66.0253,0.0131
29.1250,66.0253,0.0132
29.1750,66.0253,0.0132
29.2250,66.0253,0.0132
29.2750,66.0253,0.0133
29.3250,66.0253,0.0133
29.3750,66.0253,0.0133
29.4250,66.0253,0.0133
29.4750,66.0253,0.0133
29.5250,66.0253,0.0165
29.5750,66.0253,0.0168
29.6250,66.0253,0.0170
29.6750,66.0253,0.0170
29.7250,66.0253,0.0175
29.7750,66.0253,0.0175
29.8250,66.0253,0.0176
29.8750,66.0253,0.0180
29.9250,66.0253,0.0179
29.9750,66.0253,0.0180
30.0250,66.0253,0.0183
30.0750,66.0253,0.0179
30.1250,66.0253,0.0182
30.1750,66.0253,0.0179
30.2250,66.0253,0.0179
30.2750,66.0253,0.0178
30.3250,66.0253,0.0178
30.3750,66.0253,0.0175
30.4250,66.0253,0.0177
30.4750,66.0253,0.0208
30.5250,66.0253,0.0208
30.5750,66.0253,0.0205
30.6250,66.0253,0.0205
30.6750,66.0253,0.0205
30.7250,66.0253,0.0202
30.7750,66.0253,0.0202
30.8250,66.0253,0.0195
30.8750,66.0253,0.0197
30.9250,66.0253,0.0190
30.9750,66.0253,0.0190
31.0250,66.0253,0.0186
31.0750,66.0253,0.0186
31.1250,66.0253,0.0183
31.1750,66.0253,0.0181
31.2250,66.0253,0.0180
31.2750,66.0253,0.0178
31.3250,66.0253,0.0175
31.3750,66.0253,0.0172
31.4250,66.0253,0.0172
31.4750,66.0253,0.0165
31.5250,66.0253,0.0165
31.5750,66.0253,0.0164
20.5250,65.9753,0.0104
20.5750,65.9753,0.0104
20.6250,65.9753,0.0105
20.6750,65.9753,0.0105
20.7250,65.9753,0.0104
20.7750,65.9753,0.0106
20.8250,65.9753,0.0104
20.8750,65.9753,0.0107
20.9250,65.9753,0.0105
20.9750,65.9753,0.0108
21.0250,65.9753,0.0107
21.0750,65.9753,0.0106
21.1250,65.9753,0.0109
21.1750,65.9753,0.0108
21.2250,65.9753,0.0111
21.2750,65.9753,0.0109
21.3250,65.9753,0.0113
21.3750,65.9753,0.0111
21.4250,65.9753,0.0111
21.4750,65.9753,0.0113
21.5250,65.9753,0.0113
21.5750,65.9753,0.0116
21.6250,65.9753,0.0116
21.6750,65.9753,0.0112
21.7250,65.9753,0.0118
21.7750,65.9753,0.0115
21.8250,65.9753,0.0122
21.8750,65.9753,0.0118
21.9250,65.9753,0.0122
21.9750,65.9753,0.0120
22.0250,65.9753,0.0120
22.0750,65.9753,0.0122
22.1250,65.9753,0.0122
22.1750,65.9753,0.0120
22.2250,65.9753,0.0124
22.2750,65.9753,0.0120
22.3250,65.9753,0.0126
22.3750,65.9753,0.0125
22.4250,65.9753,0.0127
22.4750,65.9753,0.0127
22.5250,65.9753,0.0122
22.5750,65.9753,0.0129
22.6250,65.9753,0.0124
22.6750,65.9753,0.0131
22.7250,65.9753,0.0126
22.7750,65.9753,0.0126
22.8250,65.9753,0.0127
22.8750,65.9753,0.0127
22.9250,65.9753,0.0128
22.9750,65.9753,0.0128
23.0250,65.9753,0.0122
23.0750,65.9753,0.0129
23.1250,65.9753,0.0123
23.1750,65.9753,0.0129
23.2250,65.9753,0.0124
23.2750,65.9753,0.0124
23.3250,65.9753,0.0127
23.3750,65.9753,0.0125
23.4250,65.9753,0.0131
23.4750,65.9753,0.0125
23.5250,65.9753,0.0127
23.5750,65.9753,0.0126
23.6250,65.9753,0.0126
23.6750,65.9753,0.0127
23.7250,65.9753,0.0127
23.7750,65.9753,0.0120
23.8250,65.9753,0.0126
23.8750,65.9753,0.0121
23.9250,65.9753,0.0126
23.9750,65.9753,0.0121
24.0250,65.9753,0.0121
24.0750,65.9753,0.0120
24.1250,65.9753,0.0120
24.1750,65.9753,0.0117
24.2250,65.9753,0.0120
24.2750,65.9753,0.0114
24.3250,65.9753,0.0120
24.3750,65.9753,0.0119
24.4250,65.9753,0.0115
24.4750,65.9753,0.0119
24.5250,65.9753,0.0113
24.5750,65.9753,0.0119
24.6250,65.9753,0.0112
24.6750,65.9753,0.0114
24.7250,65.9753,0.0112
24.7750,65.9753,0.0112
24.8250,65.9753,0.0111
24.8750,65.9753,0.0111
24.9250,65.9753,0.0108
24.9750,65.9753,0.0111
25.0250,65.9753,0.0108
25.0750,65.9753,0.0110
25.1250,65.9753,0.0107
25.1750,65.9753,0.0107
25.2250,65.9753,0.0108
25.2750,65.9753,0.0107
25.3250,65.9753,0.0108
25.3750,65.9753,0.0107
25.4250,65.9753,0.0107
25.4750,65.9753,0.0106
25.5250,65.9753,0.0106
25.5750,65.9753,0.0104
25.6250,65.9753,0.0106
25.6750,65.9753,0.0104
25.7250,65.9753,0.0105
25.7750,65.9753,0.0104
25.8250,65.9753,0.0104
25.8750,65.9753,0.0104
25.9250,65.9753,0.0104
25.9750,65.9753,0.0103
26.0250,65.9753,0.0104
26.0750,65.9753,0.0103
26.1250,65.9753,0.0104
26.1750,65.9753,0.0104
26.2250,65.9753,0.0103
26.2750,65.9753,0.0105
26.3250,65.9753,0.0104
26.3750,65.9753,0.0104
26.4250,65.9753,0.0104
26.4750,65.9753,0.0104
26.5250,65.9753,0.0104
26.5750,65.9753,0.0105
26.6250,65.9753,0.0104
26.6750,65.9753,0.0106
26.7250,65.9753,0.0105
26.7750,65.9753,0.0105
26.8250,65.9753,0.0106
26.8750,65.9753,0.0106
26.9250,65.9753,0.0107
26.9750,65.9753,0.0108
27.0250,65.9753,0.0108
27.0750,65.9753,0.0109
27.1250,65.9753,0.0109
27.1750,65.9753,0.0108
27.2250,65.9753,0.0110
27.2750,65.9753,0.0109
27.3250,65.9753,0.0109
27.3750,65.9753,0.0111
27.4250,65.9753,0.0111
27.4750,65.9753,0.0112
27.5250,65.9753,0.0113
27.5750,65.9753,0.0113
27.6250,65.9753,0.0115
27.6750,65.9753,0.0115
27.7250,65.9753,0.0115
27.7750,65.9753,0.0118
27.8250,65.9753,0.0118
27.8750,65.9753,0.0118
27.9250,65.9753,0.0120
27.9750,65.9753,0.0120
28.0250,65.9753,0.0121
28.0750,65.9753,0.0122
28.1250,65.9753,0.0122
28.1750,65.9753,0.0125
28.2250,65.9753,0.0124
28.2750,65.9753,0.0124
28.3250,65.9753,0.0126
28.3750,65.9753,0.0126
28.4250,65.9753,0.0126
28.4750,65.9753,0.0128
28.5250,65.9753,0.0128
28.5750,65.9753,0.0128
28.6250,65.9753,0.0129
28.6750,65.9753,0.0129
28.7250,65.9753,0.0131
28.7750,65.9753,0.0131
28.8250,65.9753,0.0131
28.8750,65.9753,0.0132
28.9250,65.9753,0.0132
28.9750,65.9753,0.0132
29.0250,65.9753,0.0133
29.0750,65.9753,0.0133
29.1250,65.9753,0.0132
29.1750,65.9753,0.0133
29.2250,65.9753,0.0133
29.2750,65.9753,0.0133
29.3250,65.9753,0.0133
29.3750,65.9753,0.0133
29.4250,65.9753,0.0133
29.4750,65.9753,0.0133
29.5250,65.9753,0.0168
29.5750,65.9753,0.0143
29.6250,65.9753,0.0174
29.6750,65.9753,0.0174
29.7250,65.9753,0.0178
29.7750,65.9753,0.0179
29.8250,65.9753,0.0179
29.8750,65.9753,0.0183
29.9250,65.9753,0.0183
29.9750,65.9753,0.0183
30.0250,65.9753,0.0187
30.0750,65.9753,0.0183
30.1250,65.9753,0.0183
30.1750,65.9753,0.0182
30.2250,65.9753,0.0182
30.2750,65.9753,0.0178
30.3250,65.9753,0.0181
30.3750,65.9753,0.0178
30.4250,65.9753,0.0177
30.4750,65.9753,0.0180
30.5250,65.9753,0.0214
30.5750,65.9753,0.0214
30.6250,65.9753,0.0210
30.6750,65.9753,0.0210
30.7250,65.9753,0.0202
30.7750,65.9753,0.0206
30.8250,65.9753,0.0197
30.8750,65.9753,0.0197
30.9250,65.9753,0.0190
30.9750,65.9753,0.0190
31.0250,65.9753,0.0190
31.0750,65.9753,0.0185
31.1250,65.9753,0.0185
31.1750,65.9753,0.0181
31.2250,65.9753,0.0179
31.2750,65.9753,0.0175
31.3250,65.9753,0.0175
31.3750,65.9753,0.0168
31.4250,65.9753,0.0168
31.4750,65.9753,0.0163
31.5250,65.9753,0.0160
31.5750,65.9753,0.0157
20.5250,65.9253,0.0107
20.5750,65.9253,0.0106
20.6250,65.9253,0.0106
20.6750,65.9253,0.0107
20.7250,65.9253,0.0107
20.7750,65.9253,0.0108
20.8250,65.9253,0.0108
20.8750,65.9253,0.0107
20.9250,65.9253,0.0109
20.9750,65.9253,0.0108
21.0250,65.9253,0.0111
21.0750,65.9253,0.0109
21.1250,65.9253,0.0113
21.1750,65.9253,0.0111
21.2250,65.9253,0.0111
21.2750,65.9253,0.0113
21.3250,65.9253,0.0113
21.3750,65.9253,0.0117
21.4250,65.9253,0.0116
21.4750,65.9253,0.0118
21.5250,65.9253,0.0119
21.5750,65.9253,0.0118
21.6250,65.9253,0.0122
21.6750,65.9253,0.0122
21.7250,65.9253,0.0125
21.7750,65.9253,0.0125
21.8250,65.9253,0.0122
21.8750,65.9253,0.0128
21.9250,65.9253,0.0124
21.9750,65.9253,0.0130
22.0250,65.9253,0.0126
22.0750,65.9253,0.0127
22.1250,65.9253,0.0129
22.1750,65.9253,0.0129
22.2250,65.9253,0.0130
22.2750,65.9253,0.0130
22.3250,65.9253,0.0126
22.3750,65.9253,0.0132
22.4250,65.9253,0.0127
22.4750,65.9253,0.0134
22.5250,65.9253,0.0129
22.5750,65.9253,0.0135
22.6250,65.9253,0.0132
22.6750,65.9253,0.0131
22.7250,65.9253,0.0132
22.7750,65.9253,0.0132
22.8250,65.9253,0.0138
22.8750,65.9253,0.0133
22.9250,65.9253,0.0133
22.9750,65.9253,0.0134
23.0250,65.9253,0.0134
23.0750,65.9253,0.0134
23.1250,65.9253,0.0135
23.1750,65.9253,0.0129
23.2250,65.9253,0.0135
23.2750,65.9253,0.0130
23.3250,65.9253,0.0136
23.3750,65.9253,0.0131
23.4250,65.9253,0.0131
23.4750,65.9253,0.0132
23.5250,65.9253,0.0132
23.5750,65.9253,0.0129
23.6250,65.9253,0.0132
23.6750,65.9253,0.0127
23.7250,65.9253,0.0132
23.7750,65.9253,0.0131
23.8250,65.9253,0.0132
23.8750,65.9253,0.0132
23.9250,65.9253,0.0126
23.9750,65.9253,0.0132
24.0250,65.9253,0.0126
24.0750,65.9253,0.0131
24.1250,65.9253,0.0126
24.1750,65.9253,0.0126
24.2250,65.9253,0.0126
24.2750,65.9253,0.0126
24.3250,65.9253,0.0120
24.3750,65.9253,0.0125
24.4250,65.9253,0.0119
24.4750,65.9253,0.0124
24.5250,65.9253,0.0119
24.5750,65.9253,0.0119
24.6250,65.9253,0.0118
24.6750,65.9253,0.0117
24.7250,65.9253,0.0120
24.7750,65.9253,0.0116
24.8250,65.9253,0.0116
24.8750,65.9253,0.0115
24.9250,65.9253,0.0115
24.9750,65.9253,0.0112
25.0250,65.9253,0.0114
25.0750,65.9253,0.0110
25.1250,65.9253,0.0113
25.1750,65.9253,0.0110
25.2250,65.9253,0.0110
25.2750,65.9253,0.0109
25.3250,65.9253,0.0109
25.3750,65.9253,0.0109
25.4250,65.9253,0.0109
25.4750,65.9253,0.0106
25.5250,65.9253,0.0108
25.5750,65.9253,0.0106
25.6250,65.9253,0.0107
25.6750,65.9253,0.0107
25.7250,65.9253,0.0105
25.7750,65.9253,0.0107
25.8250,65.9253,0.0105
25.8750,65.9253,0.0105
25.9250,65.9253,0.0106
25.9750,65.9253,0.0106
26.0250,65.9253,0.0105
26.0750,65.9253,0.0106
26.1250,65.9253,0.0104
26.1750,65.9253,0.0106
26.2250,65.9253,0.0105
26.2750,65.9253,0.0105
26.3250,65.9253,0.0106
26.3750,65.9253,0.0106
26.4250,65.9253,0.0105
26.4750,65.9253,0.0106
26.5250,65.9253,0.0106
26.5750,65.9253,0.0106
26.6250,65.9253,0.0106
26.6750,65.9253,0.0106
26.7250,65.9253,0.0107
26.7750,65.9253,0.0107
26.8250,65.9253,0.0108
26.8750,65.9253,0.0108
26.9250,65.9253,0.0108
26.9750,65.9253,0.0109
27.0250,65.9253,0.0109
27.0750,65.9253,0.0109
27.1250,65.9253,0.0110
27.1750,65.9253,0.0110
27.2250,65.9253,0.0110
27.2750,65.9253,0.0111
27.3250,65.9253,0.0111
27.3750,65.9253,0.0114
27.4250,65.9253,0.0113
27.4750,65.9253,0.0113
27.5250,65.9253,0.0116
27.5750,65.9253,0.0116
27.6250,65.9253,0.0115
27.6750,65.9253,0.0118
27.7250,65.9253,0.0118
27.7750,65.9253,0.0120
27.8250,65.9253,0.0120
27.8750,65.9253,0.0120
27.9250,65.9253,0.0122
27.9750,65.9253,0.0123
28.0250,65.9253,0.0122
28.0750,65.9253,0.0125
28.1250,65.9253,0.0125
28.1750,65.9253,0.0125
28.2250,65.9253,0.0127
28.2750,65.9253,0.0126
28.3250,65.9253,0.0127
28.3750,65.9253,0.0128
28.4250,65.9253,0.0128
28.4750,65.9253,0.0129
28.5250,65.9253,0.0130
28.5750,65.9253,0.0129
28.6250,65.9253,0.0131
28.6750,65.9253,0.0131
28.7250,65.9253,0.0131
28.7750,65.9253,0.0132
28.8250,65.9253,0.0132
28.8750,65.9253,0.0132
28.9250,65.9253,0.0133
28.9750,65.9253,0.0133
29.0250,65.9253,0.0133
29.0750,65.9253,0.0134
29.1250,65.9253,0.0133
29.1750,65.9253,0.0134
29.2250,65.9253,0.0134
29.2750,65.9253,0.0134
29.3250,65.9253,0.0133
29.3750,65.9253,0.0133
29.4250,65.9253,0.0133
29.4750,65.9253,0.0133
29.5250,65.9253,0.0133
29.5750,65.9253,0.0133
29.6250,65.9253,0.0133
29.6750,65.9253,0.0177
29.7250,65.9253,0.0177
29.7750,65.9253,0.0183
29.8250,65.9253,0.0183
29.8750,65.9253,0.0183
29.9250,65.9253,0.0187
29.9750,65.9253,0.0187
30.0250,65.9253,0.0187
30.0750,65.9253,0.0187
30.1250,65.9253,0.0187
30.1750,65.9253,0.0188
30.2250,65.9253,0.0186
30.2750,65.9253,0.0186
30.3250,65.9253,0.0183
30.3750,65.9253,0.0184
30.4250,65.9253,0.0179
30.4750,65.9253,0.0181
30.5250,65.9253,0.0220
30.5750,65.9253,0.0220
30.6250,65.9253,0.0215
30.6750,65.9253,0.0215
30.7250,65.9253,0.0206
30.7750,65.9253,0.0209
30.8250,65.9253,0.0209
30.8750,65.9253,0.0199
30.9250,65.9253,0.0201
30.9750,65.9253,0.0191
31.0250,65.9253,0.0191
31.0750,65.9253,0.0184
31.1250,65.9253,0.0184
31.1750,65.9253,0.0179
31.2250,65.9253,0.0178
31.2750,65.9253,0.0172
31.3250,65.9253,0.0172
31.3750,65.9253,0.0165
31.4250,65.9253,0.0165
31.4750,65.9253,0.0164
31.5250,65.9253,0.0156
31.5750,65.9253,0.0156
20.5250,65.8753,0.0107
20.5750,65.8753,0.0110
20.6250,65.8753,0.0108
20.6750,65.8753,0.0110
20.7250,65.8753,0.0109
20.7750,65.8753,0.0109
20.8250,65.8753,0.0111
20.8750,65.8753,0.0111
20.9250,65.8753,0.0112
20.9750,65.8753,0.0112
21.0250,65.8753,0.0111
21.0750,65.8753,0.0115
21.1250,65.8753,0.0113
21.1750,65.8753,0.0118
21.2250,65.8753,0.0116
21.2750,65.8753,0.0121
21.3250,65.8753,0.0119
21.3750,65.8753,0.0119
21.4250,65.8753,0.0122
21.4750,65.8753,0.0122
21.5250,65.8753,0.0125
21.5750,65.8753,0.0125
21.6250,65.8753,0.0122
21.6750,65.8753,0.0128
21.7250,65.8753,0.0125
21.7750,65.8753,0.0131
21.8250,65.8753,0.0128
21.8750,65.8753,0.0133
21.9250,65.8753,0.0134
21.9750,65.8753,0.0130
22.0250,65.8753,0.0136
22.0750,65.8753,0.0132
22.1250,65.8753,0.0138
22.1750,65.8753,0.0134
22.2250,65.8753,0.0135
22.2750,65.8753,0.0136
22.3250,65.8753,0.0136
22.3750,65.8753,0.0132
22.4250,65.8753,0.0134
22.4750,65.8753,0.0134
22.5250,65.8753,0.0140
22.5750,65.8753,0.0135
22.6250,65.8753,0.0141
22.6750,65.8753,0.0141
22.7250,65.8753,0.0133
22.7750,65.8753,0.0138
22.8250,65.8753,0.0138
22.8750,65.8753,0.0139
22.9250,65.8753,0.0139
22.9750,65.8753,0.0135
23.0250,65.8753,0.0140
23.0750,65.8753,0.0136
23.1250,65.8753,0.0140
23.1750,65.8753,0.0140
23.2250,65.8753,0.0137
23.2750,65.8753,0.0141
23.3250,65.8753,0.0136
23.3750,65.8753,0.0141
23.4250,65.8753,0.0136
23.4750,65.8753,0.0141
23.5250,65.8753,0.0137
23.5750,65.8753,0.0137
23.6250,65.8753,0.0137
23.6750,65.8753,0.0137
23.7250,65.8753,0.0133
23.7750,65.8753,0.0137
23.8250,65.8753,0.0132
23.8750,65.8753,0.0137
23.9250,65.8753,0.0132
23.9750,65.8753,0.0132
24.0250,65.8753,0.0132
24.0750,65.8753,0.0132
24.1250,65.8753,0.0134
24.1750,65.8753,0.0131
24.2250,65.8753,0.0132
24.2750,65.8753,0.0130
24.3250,65.8753,0.0130
24.3750,65.8753,0.0130
24.4250,65.8753,0.0130
24.4750,65.8753,0.0124
24.5250,65.8753,0.0129
24.5750,65.8753,0.0123
24.6250,65.8753,0.0127
24.6750,65.8753,0.0122
24.7250,65.8753,0.0122
24.7750,65.8753,0.0120
24.8250,65.8753,0.0120
24.8750,65.8753,0.0116
24.9250,65.8753,0.0119
24.9750,65.8753,0.0114
25.0250,65.8753,0.0117
25.0750,65.8753,0.0113
25.1250,65.8753,0.0113
25.1750,65.8753,0.0116
25.2250,65.8753,0.0112
25.2750,65.8753,0.0115
25.3250,65.8753,0.0111
25.3750,65.8753,0.0111
25.4250,65.8753,0.0110
25.4750,65.8753,0.0110
25.5250,65.8753,0.0109
25.5750,65.8753,0.0110
25.6250,65.8753,0.0107
25.6750,65.8753,0.0109
25.7250,65.8753,0.0107
25.7750,65.8753,0.0107
25.8250,65.8753,0.0107
25.8750,65.8753,0.0107
25.9250,65.8753,0.0106
25.9750,65.8753,0.0107
26.0250,65.8753,0.0106
26.0750,65.8753,0.0107
26.1250,65.8753,0.0107
26.1750,65.8753,0.0106
26.2250,65.8753,0.0107
26.2750,65.8753,0.0106
26.3250,65.8753,0.0108
26.3750,65.8753,0.0107
26.4250,65.8753,0.0107
26.4750,65.8753,0.0107
26.5250,65.8753,0.0107
26.5750,65.8753,0.0106
26.6250,65.8753,0.0108
26.6750,65.8753,0.0107
26.7250,65.8753,0.0109
26.7750,65.8753,0.0108
26.8250,65.8753,0.0108
26.8750,65.8753,0.0110
26.9250,65.8753,0.0110
26.9750,65.8753,0.0110
27.0250,65.8753,0.0111
27.0750,65.8753,0.0111
27.1250,65.8753,0.0112
27.1750,65.8753,0.0113
27.2250,65.8753,0.0112
27.2750,65.8753,0.0115
27.3250,65.8753,0.0114
27.3750,65.8753,0.0114
27.4250,65.8753,0.0116
27.4750,65.8753,0.0116
27.5250,65.8753,0.0116
27.5750,65.8753,0.0118
27.6250,65.8753,0.0118
27.6750,65.8753,0.0121
27.7250,65.8753,0.0121
27.7750,65.8753,0.0121
27.8250,65.8753,0.0123
27.8750,65.8753,0.0123
27.9250,65.8753,0.0123
27.9750,65.8753,0.0125
28.0250,65.8753,0.0125
28.0750,65.8753,0.0125
28.1250,65.8753,0.0127
28.1750,65.8753,0.0127
28.2250,65.8753,0.0129
28.2750,65.8753,0.0128
28.3250,65.8753,0.0128
28.3750,65.8753,0.0130
28.4250,65.8753,0.0130
28.4750,65.8753,0.0130
28.5250,65.8753,0.0131
28.5750,65.8753,0.0131
28.6250,65.8753,0.0131
28.6750,65.8753,0.0132
28.7250,65.8753,0.0132
28.7750,65.8753,0.0133
28.8250,65.8753,0.0133
28.8750,65.8753,0.0133
28.9250,65.8753,0.0134
28.9750,65.8753,0.0134
29.0250,65.8753,0.0134
29.0750,65.8753,0.0134
29.1250,65.8753,0.0134
29.1750,65.8753,0.0134
29.2250,65.8753,0.0134
29.2750,65.8753,0.0134
29.3250,65.8753,0.0134
29.3750,65.8753,0.0133
29.4250,65.8753,0.0133
29.4750,65.8753,0.0133
29.5250,65.8753,0.0133
29.5750,65.8753,0.0133
29.6250,65.8753,0.0133
29.6750,65.8753,0.0181
29.7250,65.8753,0.0181
29.7750,65.8753,0.0185
29.8250,65.8753,0.0186
29.8750,65.8753,0.0187
29.9250,65.8753,0.0191
29.9750,65.8753,0.0191
30.0250,65.8753,0.0192
30.0750,65.8753,0.0197
30.1250,65.8753,0.0192
30.1750,65.8753,0.0192
30.2250,65.8753,0.0190
30.2750,65.8753,0.0190
30.3250,65.8753,0.0184
30.3750,65.8753,0.0187
30.4250,65.8753,0.0182
30.4750,65.8753,0.0182
30.5250,65.8753,0.0222
30.5750,65.8753,0.0226
30.6250,65.8753,0.0226
30.6750,65.8753,0.0220
30.7250,65.8753,0.0220
30.7750,65.8753,0.0209
30.8250,65.8753,0.0213
30.8750,65.8753,0.0201
30.9250,65.8753,0.0201
30.9750,65.8753,0.0191
31.0250,65.8753,0.0191
31.0750,65.8753,0.0184
31.1250,65.8753,0.0184
31.1750,65.8753,0.0179
31.2250,65.8753,0.0178
31.2750,65.8753,0.0176
31.3250,65.8753,0.0170
31.3750,65.8753,0.0170
31.4250,65.8753,0.0161
31.4750,65.8753,0.0161
31.5250,65.8753,0.0155
31.5750,65.8753,0.0151
20.5250,65.8253,0.0110
20.5750,65.8253,0.0110
20.6250,65.8253,0.0111
20.6750,65.8253,0.0111
20.7250,65.8253,0.0112
20.7750,65.8253,0.0112
20.8250,65.8253,0.0112
20.8750,65.8253,0.0115
20.9250,65.8253,0.0113
20.9750,65.8253,0.0117
21.0250,65.8253,0.0117
21.0750,65.8253,0.0120
21.1250,65.8253,0.0120
21.1750,65.8253,0.0118
21.2250,65.8253,0.0123
21.2750,65.8253,0.0121
21.3250,65.8253,0.0126
21.3750,65.8253,0.0124
21.4250,65.8253,0.0129
21.4750,65.8253,0.0127
21.5250,65.8253,0.0127
21.5750,65.8253,0.0131
21.6250,65.8253,0.0131
21.6750,65.8253,0.0133
21.7250,65.8253,0.0134
21.7750,65.8253,0.0131
21.8250,65.8253,0.0136
21.8750,65.8253,0.0134
21.9250,65.8253,0.0139
21.9750,65.8253,0.0136
22.0250,65.8253,0.0138
22.0750,65.8253,0.0138
22.1250,65.8253,0.0138
22.1750,65.8253,0.0140
22.2250,65.8253,0.0140
22.2750,65.8253,0.0142
22.3250,65.8253,0.0142
22.3750,65.8253,0.0142
22.4250,65.8253,0.0139
22.4750,65.8253,0.0140
22.5250,65.8253,0.0145
22.5750,65.8253,0.0145
22.6250,65.8253,0.0141
22.6750,65.8253,0.0146
22.7250,65.8253,0.0146
22.7750,65.8253,0.0141
22.8250,65.8253,0.0143
22.8750,65.8253,0.0143
22.9250,65.8253,0.0144
22.9750,65.8253,0.0144
23.0250,65.8253,0.0144
23.0750,65.8253,0.0144
23.1250,65.8253,0.0140
23.1750,65.8253,0.0145
23.2250,65.8253,0.0141
23.2750,65.8253,0.0145
23.3250,65.8253,0.0141
23.3750,65.8253,0.0141
23.4250,65.8253,0.0142
23.4750,65.8253,0.0142
23.5250,65.8253,0.0142
23.5750,65.8253,0.0142
23.6250,65.8253,0.0142
23.6750,65.8253,0.0137
23.7250,65.8253,0.0137
23.7750,65.8253,0.0142
23.8250,65.8253,0.0142
23.8750,65.8253,0.0137
23.9250,65.8253,0.0141
23.9750,65.8253,0.0137
24.0250,65.8253,0.0137
24.0750,65.8253,0.0136
24.1250,65.8253,0.0136
24.1750,65.8253,0.0135
24.2250,65.8253,0.0135
24.2750,65.8253,0.0134
24.3250,65.8253,0.0134
24.3750,65.8253,0.0130
24.4250,65.8253,0.0134
24.4750,65.8253,0.0129
24.5250,65.8253,0.0132
24.5750,65.8253,0.0130
24.6250,65.8253,0.0127
24.6750,65.8253,0.0131
24.7250,65.8253,0.0126
24.7750,65.8253,0.0128
24.8250,65.8253,0.0124
24.8750,65.8253,0.0124
24.9250,65.8253,0.0122
24.9750,65.8253,0.0122
25.0250,65.8253,0.0117
25.0750,65.8253,0.0120
25.1250,65.8253,0.0116
25.1750,65.8253,0.0119
25.2250,65.8253,0.0115
25.2750,65.8253,0.0115
25.3250,65.8253,0.0113
25.3750,65.8253,0.0113
25.4250,65.8253,0.0111
25.4750,65.8253,0.0112
25.5250,65.8253,0.0110
25.5750,65.8253,0.0111
25.6250,65.8253,0.0111
25.6750,65.8253,0.0109
25.7250,65.8253,0.0111
25.7750,65.8253,0.0108
25.8250,65.8253,0.0110
25.8750,65.8253,0.0108
25.9250,65.8253,0.0108
25.9750,65.8253,0.0108
26.0250,65.8253,0.0108
26.0750,65.8253,0.0107
26.1250,65.8253,0.0108
26.1750,65.8253,0.0107
26.2250,65.8253,0.0109
26.2750,65.8253,0.0108
26.3250,65.8253,0.0108
26.3750,65.8253,0.0108
26.4250,65.8253,0.0108
26.4750,65.8253,0.0108
26.5250,65.8253,0.0109
26.5750,65.8253,0.0109
26.6250,65.8253,0.0109
26.6750,65.8253,0.0109
26.7250,65.8253,0.0109
26.7750,65.8253,0.0110
26.8250,65.8253,0.0110
26.8750,65.8253,0.0110
26.9250,65.8253,0.0111
26.9750,65.8253,0.0111
27.0250,65.8253,0.0113
27.0750,65.8253,0.0113
27.1250,65.8253,0.0113
27.1750,65.8253,0.0115
27.2250,65.8253,0.0115
27.2750,65.8253,0.0115
27.3250,65.8253,0.0117
27.3750,65.8253,0.0117
27.4250,65.8253,0.0119
27.4750,65.8253,0.0119
27.5250,65.8253,0.0119
27.5750,65.8253,0.0121
27.6250,65.8253,0.0121
27.6750,65.8253,0.0121
27.7250,65.8253,0.0123
27.7750,65.8253,0.0123
27.8250,65.8253,0.0123
27.8750,65.8253,0.0126
27.9250,65.8253,0.0126
27.9750,65.8253,0.0126
28.0250,65.8253,0.0127
28.0750,65.8253,0.0127
28.1250,65.8253,0.0129
28.1750,65.8253,0.0129
28.2250,65.8253,0.0129
28.2750,65.8253,0.0130
28.3250,65.8253,0.0130
28.3750,65.8253,0.0130
28.4250,65.8253,0.0131
28.4750,65.8253,0.0131
28.5250,65.8253,0.0131
28.5750,65.8253,0.0132
28.6250,65.8253,0.0132
28.6750,65.8253,0.0133
28.7250,65.8253,0.0133
28.7750,65.8253,0.0133
28.8250,65.8253,0.0134
28.8750,65.8253,0.0134
28.9250,65.8253,0.0134
28.9750,65.8253,0.0134
29.0250,65.8253,0.0134
29.0750,65.8253,0.0134
29.1250,65.8253,0.0134
29.1750,65.8253,0.0134
29.2250,65.8253,0.0134
29.2750,65.8253,0.0133
29.3250,65.8253,0.0133
29.3750,65.8253,0.0133
29.4250,65.8253,0.0133
29.4750,65.8253,0.0133
29.5250,65.8253,0.0182
29.5750,65.8253,0.0136
29.6250,65.8253,0.0132
29.6750,65.8253,0.0187
29.7250,65.8253,0.0184
29.7750,65.8253,0.0184
29.8250,65.8253,0.0190
29.8750,65.8253,0.0190
29.9250,65.8253,0.0191
29.9750,65.8253,0.0198
30.0250,65.8253,0.0198
30.0750,65.8253,0.0198
30.1250,65.8253,0.0199
30.1750,65.8253,0.0199
30.2250,65.8253,0.0191
30.2750,65.8253,0.0195
30.3250,65.8253,0.0194
30.3750,65.8253,0.0188
30.4250,65.8253,0.0191
30.4750,65.8253,0.0184
30.5250,65.8253,0.0185
30.5750,65.8253,0.0232
30.6250,65.8253,0.0232
30.6750,65.8253,0.0225
30.7250,65.8253,0.0225
30.7750,65.8253,0.0213
30.8250,65.8253,0.0216
30.8750,65.8253,0.0203
30.9250,65.8253,0.0203
30.9750,65.8253,0.0199
31.0250,65.8253,0.0192
31.0750,65.8253,0.0192
31.1250,65.8253,0.0183
31.1750,65.8253,0.0183
31.2250,65.8253,0.0176
31.2750,65.8253,0.0175
31.3250,65.8253,0.0168
31.3750,65.8253,0.0168
31.4250,65.8253,0.0158
31.4750,65.8253,0.0158
31.5250,65.8253,0.0151
31.5750,65.8253,0.0147
20.5250,65.7753,0.0114
20.5750,65.7753,0.0112
20.6250,65.7753,0.0116
20.6750,65.7753,0.0114
20.7250,65.7753,0.0114
20.7750,65.7753,0.0116
20.8250,65.7753,0.0116
20.8750,65.7753,0.0119
20.9250,65.7753,0.0119
20.9750,65.7753,0.0117
21.0250,65.7753,0.0122
21.0750,65.7753,0.0120
21.1250,65.7753,0.0125
21.1750,65.7753,0.0123
21.2250,65.7753,0.0128
21.2750,65.7753,0.0127
21.3250,65.7753,0.0126
21.3750,65.7753,0.0131
21.4250,65.7753,0.0129
21.4750,65.7753,0.0134
21.5250,65.7753,0.0133
21.5750,65.7753,0.0137
21.6250,65.7753,0.0136
21.6750,65.7753,0.0136
21.7250,65.7753,0.0139
21.7750,65.7753,0.0139
21.8250,65.7753,0.0141
21.8750,65.7753,0.0141
21.9250,65.7753,0.0139
21.9750,65.7753,0.0144
22.0250,65.7753,0.0141
22.0750,65.7753,0.0146
22.1250,65.7753,0.0143
22.1750,65.7753,0.0143
22.2250,65.7753,0.0145
22.2750,65.7753,0.0145
22.3250,65.7753,0.0142
22.3750,65.7753,0.0153
22.4250,65.7753,0.0153
22.4750,65.7753,0.0145
22.5250,65.7753,0.0145
22.5750,65.7753,0.0145
22.6250,65.7753,0.0146
22.6750,65.7753,0.0146
22.7250,65.7753,0.0146
22.7750,65.7753,0.0143
22.8250,65.7753,0.0143
22.8750,65.7753,0.0155
22.9250,65.7753,0.0155
22.9750,65.7753,0.0150
23.0250,65.7753,0.0150
23.0750,65.7753,0.0150
23.1250,65.7753,0.0150
23.1750,65.7753,0.0151
23.2250,65.7753,0.0151
23.2750,65.7753,0.0145
23.3250,65.7753,0.0145
23.3750,65.7753,0.0146
23.4250,65.7753,0.0146
23.4750,65.7753,0.0142
23.5250,65.7753,0.0142
23.5750,65.7753,0.0142
23.6250,65.7753,0.0142
23.6750,65.7753,0.0147
23.7250,65.7753,0.0151
23.7750,65.7753,0.0142
23.8250,65.7753,0.0142
23.8750,65.7753,0.0141
23.9250,65.7753,0.0141
23.9750,65.7753,0.0141
24.0250,65.7753,0.0137
24.0750,65.7753,0.0136
24.1250,65.7753,0.0136
24.1750,65.7753,0.0135
24.2250,65.7753,0.0135
24.2750,65.7753,0.0134
24.3250,65.7753,0.0134
24.3750,65.7753,0.0134
24.4250,65.7753,0.0134
24.4750,65.7753,0.0137
24.5250,65.7753,0.0132
24.5750,65.7753,0.0135
24.6250,65.7753,0.0131
24.6750,65.7753,0.0131
24.7250,65.7753,0.0129
24.7750,65.7753,0.0129
24.8250,65.7753,0.0127
24.8750,65.7753,0.0127
24.9250,65.7753,0.0122
24.9750,65.7753,0.0125
25.0250,65.7753,0.0122
25.0750,65.7753,0.0123
25.1250,65.7753,0.0123
25.1750,65.7753,0.0119
25.2250,65.7753,0.0121
25.2750,65.7753,0.0117
25.3250,65.7753,0.0119
25.3750,65.7753,0.0116
25.4250,65.7753,0.0116
25.4750,65.7753,0.0114
25.5250,65.7753,0.0114
25.5750,65.7753,0.0111
25.6250,65.7753,0.0113
25.6750,65.7753,0.0111
25.7250,65.7753,0.0112
25.7750,65.7753,0.0110
25.8250,65.7753,0.0110
25.8750,65.7753,0.0109
25.9250,65.7753,0.0109
25.9750,65.7753,0.0109
26.0250,65.7753,0.0109
26.0750,65.7753,0.0109
26.1250,65.7753,0.0110
26.1750,65.7753,0.0110
26.2250,65.7753,0.0109
26.2750,65.7753,0.0110
26.3250,65.7753,0.0109
26.3750,65.7753,0.0110
26.4250,65.7753,0.0109
26.4750,65.7753,0.0109
26.5250,65.7753,0.0110
26.5750,65.7753,0.0110
26.6250,65.7753,0.0109
26.6750,65.7753,0.0111
26.7250,65.7753,0.0110
26.7750,65.7753,0.0111
26.8250,65.7753,0.0112
26.8750,65.7753,0.0112
26.9250,65.7753,0.0114
26.9750,65.7753,0.0114
27.0250,65.7753,0.0114
27.0750,65.7753,0.0116
27.1250,65.7753,0.0116
27.1750,65.7753,0.0115
27.2250,65.7753,0.0118
27.2750,65.7753,0.0117
27.3250,65.7753,0.0120
27.3750,65.7753,0.0119
27.4250,65.7753,0.0119
27.4750,65.7753,0.0121
27.5250,65.7753,0.0121
27.5750,65.7753,0.0121
27.6250,65.7753,0.0124
27.6750,65.7753,0.0123
27.7250,65.7753,0.0124
27.7750,65.7753,0.0126
27.8250,65.7753,0.0126
27.8750,65.7753,0.0128
27.9250,65.7753,0.0128
27.9750,65.7753,0.0128
28.0250,65.7753,0.0129
28.0750,65.7753,0.0129
28.1250,65.7753,0.0129
28.1750,65.7753,0.0131
28.2250,65.7753,0.0130
28.2750,65.7753,0.0131
28.3250,65.7753,0.0132
28.3750,65.7753,0.0132
28.4250,65.7753,0.0132
28.4750,65.7753,0.0132
28.5250,65.7753,0.0132
28.5750,65.7753,0.0133
28.6250,65.7753,0.0133
28.6750,65.7753,0.0133
28.7250,65.7753,0.0134
28.7750,65.7753,0.0134
28.8250,65.7753,0.0134
28.8750,65.7753,0.0134
28.9250,65.7753,0.0134
28.9750,65.7753,0.0134
29.0250,65.7753,0.0134
29.0750,65.7753,0.0134
29.1250,65.7753,0.0134
29.1750,65.7753,0.0134
29.2250,65.7753,0.0134
29.2750,65.7753,0.0133
29.3250,65.7753,0.0133
29.3750,65.7753,0.0133
29.4250,65.7753,0.0185
29.4750,65.7753,0.0185
29.5250,65.7753,0.0182
29.5750,65.7753,0.0195
29.6250,65.7753,0.0189
29.6750,65.7753,0.0189
29.7250,65.7753,0.0195
29.7750,65.7753,0.0195
29.8250,65.7753,0.0193
29.8750,65.7753,0.0202
29.9250,65.7753,0.0198
29.9750,65.7753,0.0205
30.0250,65.7753,0.0205
30.0750,65.7753,0.0205
30.1250,65.7753,0.0211
30.1750,65.7753,0.0205
30.2250,65.7753,0.0205
30.2750,65.7753,0.0201
30.3250,65.7753,0.0201
30.3750,65.7753,0.0191
30.4250,65.7753,0.0195
30.4750,65.7753,0.0186
30.5250,65.7753,0.0186
30.5750,65.7753,0.0238
30.6250,65.7753,0.0238
30.6750,65.7753,0.0226
30.7250,65.7753,0.0230
30.7750,65.7753,0.0229
30.8250,65.7753,0.0216
30.8750,65.7753,0.0219
30.9250,65.7753,0.0205
30.9750,65.7753,0.0205
31.0250,65.7753,0.0193
31.0750,65.7753,0.0193
31.1250,65.7753,0.0183
31.1750,65.7753,0.0183
31.2250,65.7753,0.0175
31.2750,65.7753,0.0175
31.3250,65.7753,0.0166
31.3750,65.7753,0.0166
31.4250,65.7753,0.0165
31.4750,65.7753,0.0155
31.5250,65.7753,0.0155
31.5750,65.7753,0.0147
20.5250,65.7253,0.0114
20.5750,65.7253,0.0118
20.6250,65.7253,0.0116
20.6750,65.7253,0.0120
20.7250,65.7253,0.0118
20.7750,65.7253,0.0121
20.8250,65.7253,0.0121
20.8750,65.7253,0.0121
20.9250,65.7253,0.0123
20.9750,65.7253,0.0123
21.0250,65.7253,0.0126
21.0750,65.7253,0.0127
21.1250,65.7253,0.0125
21.1750,65.7253,0.0130
21.2250,65.7253,0.0128
21.2750,65.7253,0.0133
21.3250,65.7253,0.0131
21.3750,65.7253,0.0136
21.4250,65.7253,0.0134
21.4750,65.7253,0.0134
21.5250,65.7253,0.0138
21.5750,65.7253,0.0138
21.6250,65.7253,0.0140
21.6750,65.7253,0.0141
21.7250,65.7253,0.0139
21.7750,65.7253,0.0144
21.8250,65.7253,0.0142
21.8750,65.7253,0.0146
21.9250,65.7253,0.0146
21.9750,65.7253,0.0148
22.0250,65.7253,0.0150
22.0750,65.7253,0.0146
22.1250,65.7253,0.0153
22.1750,65.7253,0.0149
22.2250,65.7253,0.0155
22.2750,65.7253,0.0151
22.3250,65.7253,0.0151
22.3750,65.7253,0.0153
22.4250,65.7253,0.0153
22.5750,65.7253,0.0145
22.7250,65.7253,0.0146
22.7750,65.7253,0.0146
22.8250,65.7253,0.0155
22.8750,65.7253,0.0155
22.9250,65.7253,0.0155
22.9750,65.7253,0.0156
23.0750,65.7253,0.0150
23.1250,65.7253,0.0150
23.1750,65.7253,0.0151
23.2250,65.7253,0.0151
23.2750,65.7253,0.0147
23.3250,65.7253,0.0145
23.4750,65.7253,0.0144
23.5250,65.7253,0.0142
23.5750,65.7253,0.0142
23.6750,65.7253,0.0151
23.7250,65.7253,0.0151
23.7750,65.7253,0.0151
23.8250,65.7253,0.0151
23.9750,65.7253,0.0149
24.0750,65.7253,0.0146
24.1250,65.7253,0.0136
24.1750,65.7253,0.0135
24.2250,65.7253,0.0135
24.2750,65.7253,0.0134
24.4250,65.7253,0.0137
24.4750,65.7253,0.0137
24.5250,65.7253,0.0135
24.5750,65.7253,0.0135
24.6250,65.7253,0.0138
24.6750,65.7253,0.0134
24.7250,65.7253,0.0136
24.7750,65.7253,0.0132
24.8250,65.7253,0.0132
24.8750,65.7253,0.0130
24.9250,65.7253,0.0130
24.9750,65.7253,0.0127
25.0250,65.7253,0.0127
25.0750,65.7253,0.0123
25.1250,65.7253,0.0125
25.1750,65.7253,0.0121
25.2250,65.7253,0.0122
25.2750,65.7253,0.0119
25.3250,65.7253,0.0119
25.3750,65.7253,0.0118
25.4250,65.7253,0.0118
25.4750,65.7253,0.0115
25.5250,65.7253,0.0116
25.5750,65.7253,0.0116
25.6250,65.7253,0.0115
25.6750,65.7253,0.0115
25.7250,65.7253,0.0112
25.7750,65.7253,0.0114
25.8250,65.7253,0.0111
25.8750,65.7253,0.0112
25.9250,65.7253,0.0111
25.9750,65.7253,0.0111
26.0250,65.7253,0.0110
26.0750,65.7253,0.0110
26.1250,65.7253,0.0110
26.1750,65.7253,0.0110
26.2250,65.7253,0.0110
26.2750,65.7253,0.0111
26.3250,65.7253,0.0110
26.3750,65.7253,0.0110
26.4250,65.7253,0.0111
26.4750,65.7253,0.0111
26.5250,65.7253,0.0111
26.5750,65.7253,0.0112
26.6250,65.7253,0.0112
26.6750,65.7253,0.0112
26.7250,65.7253,0.0113
26.7750,65.7253,0.0112
26.8250,65.7253,0.0115
26.8750,65.7253,0.0114
26.9250,65.7253,0.0114
26.9750,65.7253,0.0116
27.0250,65.7253,0.0116
27.0750,65.7253,0.0116
27.1250,65.7253,0.0118
27.1750,65.7253,0.0118
27.2250,65.7253,0.0120
27.2750,65.7253,0.0120
27.3250,65.7253,0.0120
27.3750,65.7253,0.0122
27.4250,65.7253,0.0122
27.4750,65.7253,0.0122
27.5250,65.7253,0.0124
27.5750,65.7253,0.0124
27.6250,65.7253,0.0126
27.6750,65.7253,0.0126
27.7250,65.7253,0.0126
27.7750,65.7253,0.0128
27.8250,65.7253,0.0128
27.8750,65.7253,0.0128
27.9250,65.7253,0.0129
27.9750,65.7253,0.0129
28.0250,65.7253,0.0129
28.0750,65.7253,0.0131
28.1250,65.7253,0.0131
28.1750,65.7253,0.0132
28.2250,65.7253,0.0132
28.2750,65.7253,0.0132
28.3250,65.7253,0.0132
28.3750,65.7253,0.0133
28.4250,65.7253,0.0133
28.4750,65.7253,0.0133
28.5250,65.7253,0.0133
28.5750,65.7253,0.0133
28.6250,65.7253,0.0134
28.6750,65.7253,0.0134
28.7250,65.7253,0.0134
28.7750,65.7253,0.0134
28.8250,65.7253,0.0134
28.8750,65.7253,0.0134
28.9250,65.7253,0.0134
28.9750,65.7253,0.0134
29.0250,65.7253,0.0134
29.0750,65.7253,0.0134
29.1250,65.7253,0.0134
29.1750,65.7253,0.0133
29.2250,65.7253,0.0133
29.2750,65.7253,0.0133
29.3250,65.7253,0.0185
29.3750,65.7253,0.0185
29.4250,65.7253,0.0188
29.4750,65.7253,0.0198
29.5250,65.7253,0.0195
29.5750,65.7253,0.0210
29.6250,65.7253,0.0206
29.6750,65.7253,0.0206
29.7250,65.7253,0.0213
29.7750,65.7253,0.0214
29.8250,65.7253,0.0214
29.8750,65.7253,0.0220
29.9250,65.7253,0.0220
29.9750,65.7253,0.0207
30.0250,65.7253,0.0224
30.0750,65.7253,0.0212
30.1250,65.7253,0.0212
30.1750,65.7253,0.0211
30.2250,65.7253,0.0211
30.2750,65.7253,0.0201
30.3250,65.7253,0.0206
30.3750,65.7253,0.0195
30.4250,65.7253,0.0195
30.4750,65.7253,0.0192
30.5250,65.7253,0.0188
30.5750,65.7253,0.0189
30.6250,65.7253,0.0243
30.6750,65.7253,0.0243
30.7250,65.7253,0.0232
30.7750,65.7253,0.0233
30.8250,65.7253,0.0219
30.8750,65.7253,0.0221
30.9250,65.7253,0.0207
30.9750,65.7253,0.0207
31.0250,65.7253,0.0193
31.0750,65.7253,0.0193
31.1250,65.7253,0.0184
31.1750,65.7253,0.0183
31.2250,65.7253,0.0182
31.2750,65.7253,0.0174
31.3250,65.7253,0.0173
31.3750,65.7253,0.0164
31.4250,65.7253,0.0164
31.4750,65.7253,0.0153
31.5250,65.7253,0.0153
31.5750,65.7253,0.0144
20.5250,65.6753,0.0118
20.5750,65.6753,0.0119
20.6250,65.6753,0.0122
20.6750,65.6753,0.0120
20.7250,65.6753,0.0124
20.7750,65.6753,0.0122
20.8250,65.6753,0.0127
20.8750,65.6753,0.0125
20.9250,65.6753,0.0128
20.9750,65.6753,0.0128
21.0250,65.6753,0.0128
21.0750,65.6753,0.0131
21.1250,65.6753,0.0131
21.1750,65.6753,0.0134
21.2250,65.6753,0.0134
21.2750,65.6753,0.0133
21.3250,65.6753,0.0138
21.3750,65.6753,0.0136
21.4250,65.6753,0.0141
21.4750,65.6753,0.0139
21.5250,65.6753,0.0143
21.5750,65.6753,0.0142
21.6250,65.6753,0.0142
21.6750,65.6753,0.0145
21.7250,65.6753,0.0145
21.7750,65.6753,0.0148
21.8250,65.6753,0.0149
21.8750,65.6753,0.0146
21.9250,65.6753,0.0152
21.9750,65.6753,0.0150
22.0250,65.6753,0.0156
22.0750,65.6753,0.0153
22.1250,65.6753,0.0154
22.1750,65.6753,0.0156
22.2250,65.6753,0.0155
22.2750,65.6753,0.0160
22.3250,65.6753,0.0157
22.3750,65.6753,0.0162
22.4250,65.6753,0.0153
22.4750,65.6753,0.0153
22.6250,65.6753,0.0165
22.6750,65.6753,0.0163
22.7250,65.6753,0.0148
22.7750,65.6753,0.0155
22.8250,65.6753,0.0155
22.8750,65.6753,0.0158
22.9250,65.6753,0.0160
22.9750,65.6753,0.0160
23.0250,65.6753,0.0160
23.0750,65.6753,0.0150
23.7750,65.6753,0.0151
23.8250,65.6753,0.0151
23.9750,65.6753,0.0149
24.0250,65.6753,0.0149
24.0750,65.6753,0.0149
24.1250,65.6753,0.0145
24.1750,65.6753,0.0135
24.2250,65.6753,0.0135
24.2750,65.6753,0.0134
24.3250,65.6753,0.0135
24.4750,65.6753,0.0137
24.5250,65.6753,0.0138
24.5750,65.6753,0.0138
24.6250,65.6753,0.0138
24.6750,65.6753,0.0136
24.7250,65.6753,0.0136
24.7750,65.6753,0.0134
24.8250,65.6753,0.0134
24.8750,65.6753,0.0131
24.9250,65.6753,0.0132
24.9750,65.6753,0.0132
25.0250,65.6753,0.0129
25.0750,65.6753,0.0129
25.1250,65.6753,0.0125
25.1750,65.6753,0.0127
25.2250,65.6753,0.0123
25.2750,65.6753,0.0124
25.3250,65.6753,0.0121
25.3750,65.6753,0.0121
25.4250,65.6753,0.0119
25.4750,65.6753,0.0119
25.5250,65.6753,0.0117
25.5750,65.6753,0.0117
25.6250,65.6753,0.0115
25.6750,65.6753,0.0116
25.7250,65.6753,0.0114
25.7750,65.6753,0.0114
25.8250,65.6753,0.0112
25.8750,65.6753,0.0112
25.9250,65.6753,0.0113
25.9750,65.6753,0.0112
26.0250,65.6753,0.0112
26.0750,65.6753,0.0111
26.1250,65.6753,0.0111
26.1750,65.6753,0.0111
26.2250,65.6753,0.0112
26.2750,65.6753,0.0111
26.3250,65.6753,0.0112
26.3750,65.6753,0.0111
26.4250,65.6753,0.0111
26.4750,65.6753,0.0112
26.5250,65.6753,0.0112
26.5750,65.6753,0.0113
26.6250,65.6753,0.0114
26.6750,65.6753,0.0113
26.7250,65.6753,0.0115
26.7750,65.6753,0.0115
26.8250,65.6753,0.0115
26.8750,65.6753,0.0116
26.9250,65.6753,0.0116
26.9750,65.6753,0.0118
27.0250,65.6753,0.0118
27.0750,65.6753,0.0118
27.1250,65.6753,0.0120
27.1750,65.6753,0.0120
27.2250,65.6753,0.0120
27.2750,65.6753,0.0122
27.3250,65.6753,0.0122
27.3750,65.6753,0.0123
27.4250,65.6753,0.0124
27.4750,65.6753,0.0124
27.5250,65.6753,0.0126
27.5750,65.6753,0.0126
27.6250,65.6753,0.0126
27.6750,65.6753,0.0128
27.7250,65.6753,0.0128
27.7750,65.6753,0.0128
27.8250,65.6753,0.0130
27.8750,65.6753,0.0129
27.9250,65.6753,0.0131
27.9750,65.6753,0.0131
28.0250,65.6753,0.0131
28.0750,65.6753,0.0132
28.1250,65.6753,0.0132
28.1750,65.6753,0.0132
28.2250,65.6753,0.0133
28.2750,65.6753,0.0132
28.3250,65.6753,0.0132
28.3750,65.6753,0.0133
28.4250,65.6753,0.0133
28.4750,65.6753,0.0133
28.5250,65.6753,0.0134
28.5750,65.6753,0.0134
28.6250,65.6753,0.0134
28.6750,65.6753,0.0134
28.7250,65.6753,0.0134
28.7750,65.6753,0.0134
28.8250,65.6753,0.0134
28.8750,65.6753,0.0134
28.9250,65.6753,0.0133
28.9750,65.6753,0.0133
29.0250,65.6753,0.0134
29.0750,65.6753,0.0133
29.1250,65.6753,0.0133
29.1750,65.6753,0.0132
29.2250,65.6753,0.0132
29.2750,65.6753,0.0132
29.3250,65.6753,0.0194
29.3750,65.6753,0.0195
29.4250,65.6753,0.0197
29.4750,65.6753,0.0209
29.5250,65.6753,0.0209
29.5750,65.6753,0.0211
29.6250,65.6753,0.0222
29.6750,65.6753,0.0223
29.7250,65.6753,0.0223
29.7750,65.6753,0.0232
29.8250,65.6753,0.0232
29.8750,65.6753,0.0220
29.9250,65.6753,0.0234
29.9750,65.6753,0.0224
30.0250,65.6753,0.0225
30.0750,65.6753,0.0221
30.1250,65.6753,0.0221
30.1750,65.6753,0.0216
30.2250,65.6753,0.0217
30.2750,65.6753,0.0217
30.3250,65.6753,0.0210
30.3750,65.6753,0.0210
30.4250,65.6753,0.0199
30.4750,65.6753,0.0202
30.5250,65.6753,0.0190
30.5750,65.6753,0.0190
30.6250,65.6753,0.0248
30.6750,65.6753,0.0248
30.7250,65.6753,0.0233
30.7750,65.6753,0.0237
30.8250,65.6753,0.0222
30.8750,65.6753,0.0222
30.9250,65.6753,0.0215
30.9750,65.6753,0.0208
31.0250,65.6753,0.0208
31.0750,65.6753,0.0193
31.1250,65.6753,0.0193
31.1750,65.6753,0.0183
31.2250,65.6753,0.0182
31.2750,65.6753,0.0173
31.3250,65.6753,0.0173
31.3750,65.6753,0.0162
31.4250,65.6753,0.0162
31.4750,65.6753,0.0152
31.5250,65.6753,0.0150
31.5750,65.6753,0.0143
20.5250,65.6253,0.0124
20.5750,65.6253,0.0122
20.6250,65.6253,0.0126
20.6750,65.6253,0.0124
20.7250,65.6253,0.0125
20.7750,65.6253,0.0127
20.8250,65.6253,0.0127
20.8750,65.6253,0.0130
20.9250,65.6253,0.0130
20.9750,65.6253,0.0133
21.0250,65.6253,0.0133
21.0750,65.6253,0.0132
21.1250,65.6253,0.0136
21.1750,65.6253,0.0135
21.2250,65.6253,0.0139
21.2750,65.6253,0.0139
21.3250,65.6253,0.0142
21.3750,65.6253,0.0142
21.4250,65.6253,0.0141
21.4750,65.6253,0.0146
21.5250,65.6253,0.0144
21.5750,65.6253,0.0150
21.6250,65.6253,0.0148
21.6750,65.6253,0.0152
21.7250,65.6253,0.0152
21.7750,65.6253,0.0152
21.8250,65.6253,0.0155
21.8750,65.6253,0.0155
21.9250,65.6253,0.0157
21.9750,65.6253,0.0158
22.0250,65.6253,0.0156
22.0750,65.6253,0.0161
22.1250,65.6253,0.0158
22.1750,65.6253,0.0164
22.2250,65.6253,0.0161
22.2750,65.6253,0.0161
22.3250,65.6253,0.0162
22.3750,65.6253,0.0162
22.4250,65.6253,0.0162
22.4750,65.6253,0.0165
22.5250,65.6253,0.0165
22.5750,65.6253,0.0165
22.6250,65.6253,0.0165
22.6750,65.6253,0.0168
22.7750,65.6253,0.0159
22.8250,65.6253,0.0159
22.9750,65.6253,0.0160
23.0250,65.6253,0.0160
23.7250,65.6253,0.0151
23.7750,65.6253,0.0151
23.8250,65.6253,0.0151
23.9250,65.6253,0.0149
24.0250,65.6253,0.0149
24.0750,65.6253,0.0149
24.1250,65.6253,0.0149
24.1750,65.6253,0.0137
24.2250,65.6253,0.0135
24.5750,65.6253,0.0138
24.6250,65.6253,0.0138
24.6750,65.6253,0.0136
24.7250,65.6253,0.0136
24.8250,65.6253,0.0134
24.8750,65.6253,0.0132
24.9250,65.6253,0.0132
24.9750,65.6253,0.0132
25.0250,65.6253,0.0129
25.0750,65.6253,0.0129
25.1250,65.6253,0.0127
25.1750,65.6253,0.0128
25.2250,65.6253,0.0124
25.2750,65.6253,0.0124
25.3250,65.6253,0.0123
25.3750,65.6253,0.0122
25.4250,65.6253,0.0123
25.4750,65.6253,0.0120
25.5250,65.6253,0.0120
25.5750,65.6253,0.0118
25.6250,65.6253,0.0118
25.6750,65.6253,0.0116
25.7250,65.6253,0.0117
25.7750,65.6253,0.0115
25.8250,65.6253,0.0116
25.8750,65.6253,0.0114
25.9250,65.6253,0.0114
25.9750,65.6253,0.0113
26.0250,65.6253,0.0113
26.0750,65.6253,0.0112
26.1250,65.6253,0.0113
26.1750,65.6253,0.0112
26.2250,65.6253,0.0113
26.2750,65.6253,0.0112
26.3250,65.6253,0.0112
26.3750,65.6253,0.0113
26.4250,65.6253,0.0113
26.4750,65.6253,0.0114
26.5250,65.6253,0.0114
26.5750,65.6253,0.0114
26.6250,65.6253,0.0116
26.6750,65.6253,0.0116
26.7250,65.6253,0.0115
26.7750,65.6253,0.0118
26.8250,65.6253,0.0117
26.8750,65.6253,0.0119
26.9250,65.6253,0.0119
26.9750,65.6253,0.0119
27.0250,65.6253,0.0121
27.0750,65.6253,0.0121
27.1250,65.6253,0.0120
27.1750,65.6253,0.0123
27.2250,65.6253,0.0122
27.2750,65.6253,0.0124
27.3250,65.6253,0.0124
27.3750,65.6253,0.0124
27.4250,65.6253,0.0126
27.4750,65.6253,0.0126
27.5250,65.6253,0.0126
27.5750,65.6253,0.0128
27.6250,65.6253,0.0128
27.6750,65.6253,0.0128
27.7250,65.6253,0.0130
27.7750,65.6253,0.0130
27.8250,65.6253,0.0131
27.8750,65.6253,0.0131
27.9250,65.6253,0.0131
27.9750,65.6253,0.0132
28.0250,65.6253,0.0132
28.0750,65.6253,0.0132
28.1250,65.6253,0.0133
28.1750,65.6253,0.0133
28.2250,65.6253,0.0133
28.2750,65.6253,0.0133
28.3250,65.6253,0.0133
28.3750,65.6253,0.0134
28.4250,65.6253,0.0134
28.4750,65.6253,0.0134
28.5250,65.6253,0.0134
28.5750,65.6253,0.0134
28.6250,65.6253,0.0134
28.6750,65.6253,0.0134
28.7250,65.6253,0.0134
28.7750,65.6253,0.0134
28.8250,65.6253,0.0133
28.8750,65.6253,0.0133
28.9250,65.6253,0.0133
28.9750,65.6253,0.0133
29.0250,65.6253,0.0133
29.0750,65.6253,0.0132
29.1250,65.6253,0.0132
29.1750,65.6253,0.0132
29.2250,65.6253,0.0131
29.2750,65.6253,0.0131
29.3250,65.6253,0.0131
29.3750,65.6253,0.0205
29.4250,65.6253,0.0205
29.4750,65.6253,0.0209
29.5250,65.6253,0.0220
29.5750,65.6253,0.0222
29.6250,65.6253,0.0225
29.6750,65.6253,0.0233
29.7250,65.6253,0.0233
29.7750,65.6253,0.0241
29.8250,65.6253,0.0243
29.8750,65.6253,0.0235
29.9250,65.6253,0.0242
29.9750,65.6253,0.0241
30.0250,65.6253,0.0232
30.0750,65.6253,0.0238
30.1250,65.6253,0.0228
30.1750,65.6253,0.0228
30.2250,65.6253,0.0222
30.2750,65.6253,0.0222
30.3250,65.6253,0.0210
30.3750,65.6253,0.0214
30.4250,65.6253,0.0202
30.4750,65.6253,0.0202
30.5250,65.6253,0.0272
30.5750,65.6253,0.0272
30.6250,65.6253,0.0252
30.6750,65.6253,0.0254
30.7250,65.6253,0.0254
30.7750,65.6253,0.0237
30.8250,65.6253,0.0239
30.8750,65.6253,0.0224
30.9250,65.6253,0.0224
30.9750,65.6253,0.0209
31.0250,65.6253,0.0209
31.0750,65.6253,0.0193
31.1250,65.6253,0.0193
31.1750,65.6253,0.0182
31.2250,65.6253,0.0181
31.2750,65.6253,0.0172
31.3250,65.6253,0.0172
31.3750,65.6253,0.0164
31.4250,65.6253,0.0160
31.4750,65.6253,0.0160
31.5250,65.6253,0.0147
31.5750,65.6253,0.0147
20.5250,65.5753,0.0124
20.5750,65.5753,0.0128
20.6250,65.5753,0.0126
20.6750,65.5753,0.0131
20.7250,65.5753,0.0129
20.7750,65.5753,0.0133
20.8250,65.5753,0.0132
20.8750,65.5753,0.0132
20.9250,65.5753,0.0134
20.9750,65.5753,0.0134
21.0250,65.5753,0.0137
21.0750,65.5753,0.0137
21.1250,65.5753,0.0140
21.1750,65.5753,0.0141
21.2250,65.5753,0.0139
21.2750,65.5753,0.0144
21.3250,65.5753,0.0142
21.3750,65.5753,0.0148
21.4250,65.5753,0.0146
21.4750,65.5753,0.0151
21.5250,65.5753,0.0150
21.5750,65.5753,0.0150
21.6250,65.5753,0.0155
21.6750,65.5753,0.0154
21.7250,65.5753,0.0159
21.7750,65.5753,0.0157
21.8250,65.5753,0.0159
21.8750,65.5753,0.0161
21.9250,65.5753,0.0161
21.9750,65.5753,0.0163
22.0250,65.5753,0.0163
22.0750,65.5753,0.0164
22.1250,65.5753,0.0166
22.1750,65.5753,0.0164
22.2250,65.5753,0.0168
22.2750,65.5753,0.0165
22.3250,65.5753,0.0165
22.3750,65.5753,0.0162
22.4250,65.5753,0.0162
22.5250,65.5753,0.0165
22.5750,65.5753,0.0168
22.6250,65.5753,0.0168
22.6750,65.5753,0.0168
22.7250,65.5753,0.0168
22.7750,65.5753,0.0168
22.8250,65.5753,0.0160
23.7250,65.5753,0.0151
23.7750,65.5753,0.0151
24.8250,65.5753,0.0134
25.0250,65.5753,0.0129
25.0750,65.5753,0.0129
25.1250,65.5753,0.0128
25.1750,65.5753,0.0128
25.2250,65.5753,0.0128
25.2750,65.5753,0.0125
25.3250,65.5753,0.0126
25.3750,65.5753,0.0123
25.4250,65.5753,0.0123
25.4750,65.5753,0.0121
25.5250,65.5753,0.0121
25.5750,65.5753,0.0118
25.6250,65.5753,0.0119
25.6750,65.5753,0.0117
25.7250,65.5753,0.0117
25.7750,65.5753,0.0116
25.8250,65.5753,0.0116
25.8750,65.5753,0.0116
25.9250,65.5753,0.0115
25.9750,65.5753,0.0116
26.0250,65.5753,0.0114
26.0750,65.5753,0.0114
26.1250,65.5753,0.0114
26.1750,65.5753,0.0114
26.2250,65.5753,0.0113
26.2750,65.5753,0.0114
26.3250,65.5753,0.0114
26.3750,65.5753,0.0115
26.4250,65.5753,0.0114
26.4750,65.5753,0.0114
26.5250,65.5753,0.0116
26.5750,65.5753,0.0116
26.6250,65.5753,0.0116
26.6750,65.5753,0.0117
26.7250,65.5753,0.0118
26.7750,65.5753,0.0119
26.8250,65.5753,0.0119
26.8750,65.5753,0.0119
26.9250,65.5753,0.0121
26.9750,65.5753,0.0121
27.0250,65.5753,0.0121
27.0750,65.5753,0.0123
27.1250,65.5753,0.0123
27.1750,65.5753,0.0125
27.2250,65.5753,0.0125
27.2750,65.5753,0.0124
27.3250,65.5753,0.0126
27.3750,65.5753,0.0126
27.4250,65.5753,0.0126
27.4750,65.5753,0.0128
27.5250,65.5753,0.0128
27.5750,65.5753,0.0129
27.6250,65.5753,0.0130
27.6750,65.5753,0.0130
27.7250,65.5753,0.0131
27.7750,65.5753,0.0131
27.8250,65.5753,0.0131
27.8750,65.5753,0.0132
27.9250,65.5753,0.0132
27.9750,65.5753,0.0132
28.0250,65.5753,0.0133
28.0750,65.5753,0.0133
28.1250,65.5753,0.0133
28.1750,65.5753,0.0133
28.2250,65.5753,0.0134
28.2750,65.5753,0.0134
28.3250,65.5753,0.0134
28.3750,65.5753,0.0134
28.4250,65.5753,0.0134
28.4750,65.5753,0.0134
28.5250,65.5753,0.0134
28.5750,65.5753,0.0134
28.6250,65.5753,0.0134
28.6750,65.5753,0.0133
28.7250,65.5753,0.0134
28.7750,65.5753,0.0134
28.8250,65.5753,0.0133
28.8750,65.5753,0.0133
28.9250,65.5753,0.0133
28.9750,65.5753,0.0132
29.0250,65.5753,0.0132
29.0750,65.5753,0.0132
29.1250,65.5753,0.0131
29.1750,65.5753,0.0131
29.2250,65.5753,0.0131
29.2750,65.5753,0.0129
29.3250,65.5753,0.0129
29.3750,65.5753,0.0218
29.4250,65.5753,0.0221
29.4750,65.5753,0.0220
29.5250,65.5753,0.0236
29.5750,65.5753,0.0233
29.6250,65.5753,0.0232
29.6750,65.5753,0.0250
29.7250,65.5753,0.0244
29.7750,65.5753,0.0244
29.8250,65.5753,0.0249
29.8750,65.5753,0.0249
29.9250,65.5753,0.0242
29.9750,65.5753,0.0250
30.0250,65.5753,0.0238
30.0750,65.5753,0.0238
30.1250,65.5753,0.0233
30.1750,65.5753,0.0233
30.2250,65.5753,0.0224
30.2750,65.5753,0.0226
30.3250,65.5753,0.0214
30.3750,65.5753,0.0216
30.4250,65.5753,0.0215
30.4750,65.5753,0.0204
30.5250,65.5753,0.0282
30.5750,65.5753,0.0279
30.6250,65.5753,0.0279
30.6750,65.5753,0.0259
30.7250,65.5753,0.0259
30.7750,65.5753,0.0239
30.8250,65.5753,0.0241
30.8750,65.5753,0.0225
30.9250,65.5753,0.0225
30.9750,65.5753,0.0210
31.0250,65.5753,0.0210
31.0750,65.5753,0.0194
31.1250,65.5753,0.0192
31.1750,65.5753,0.0192
31.2250,65.5753,0.0181
31.2750,65.5753,0.0180
31.3250,65.5753,0.0170
31.3750,65.5753,0.0170
31.4250,65.5753,0.0158
31.4750,65.5753,0.0158
31.5250,65.5753,0.0147
31.5750,65.5753,0.0145
20.5250,65.5253,0.0130
20.5750,65.5253,0.0132
20.6250,65.5253,0.0132
20.6750,65.5253,0.0131
20.7250,65.5253,0.0135
20.7750,65.5253,0.0133
20.8250,65.5253,0.0138
20.8750,65.5253,0.0136
20.9250,65.5253,0.0141
20.9750,65.5253,0.0139
21.0250,65.5253,0.0140
21.0750,65.5253,0.0142
21.1250,65.5253,0.0142
21.1750,65.5253,0.0145
21.2250,65.5253,0.0145
21.2750,65.5253,0.0148
21.3250,65.5253,0.0149
21.3750,65.5253,0.0148
21.4250,65.5253,0.0154
21.4750,65.5253,0.0152
21.5250,65.5253,0.0158
21.5750,65.5253,0.0156
21.6250,65.5253,0.0160
21.6750,65.5253,0.0160
21.7250,65.5253,0.0160
21.7750,65.5253,0.0163
21.8250,65.5253,0.0163
21.8750,65.5253,0.0161
21.9250,65.5253,0.0166
21.9750,65.5253,0.0164
22.0250,65.5253,0.0168
22.0750,65.5253,0.0166
22.1250,65.5253,0.0166
22.1750,65.5253,0.0168
22.2250,65.5253,0.0168
22.2750,65.5253,0.0166
22.3250,65.5253,0.0165
22.3750,65.5253,0.0163
22.4250,65.5253,0.0162
22.4750,65.5253,0.0166
22.5250,65.5253,0.0168
22.5750,65.5253,0.0168
22.6250,65.5253,0.0168
22.6750,65.5253,0.0168
22.7250,65.5253,0.0168
22.7750,65.5253,0.0168
22.8250,65.5253,0.0160
23.5750,65.5253,0.0151
25.2250,65.5253,0.0127
25.2750,65.5253,0.0126
25.3250,65.5253,0.0126
25.3750,65.5253,0.0126
25.4250,65.5253,0.0123
25.4750,65.5253,0.0123
25.5250,65.5253,0.0121
25.5750,65.5253,0.0121
25.6250,65.5253,0.0119
25.6750,65.5253,0.0119
25.7250,65.5253,0.0117
25.7750,65.5253,0.0118
25.8250,65.5253,0.0116
25.8750,65.5253,0.0117
25.9250,65.5253,0.0116
25.9750,65.5253,0.0116
26.0250,65.5253,0.0115
26.0750,65.5253,0.0115
26.1250,65.5253,0.0114
26.1750,65.5253,0.0115
26.2250,65.5253,0.0114
26.2750,65.5253,0.0115
26.3250,65.5253,0.0115
26.3750,65.5253,0.0115
26.4250,65.5253,0.0116
26.4750,65.5253,0.0116
26.5250,65.5253,0.0117
26.5750,65.5253,0.0118
26.6250,65.5253,0.0118
26.6750,65.5253,0.0119
26.7250,65.5253,0.0119
26.7750,65.5253,0.0119
26.8250,65.5253,0.0121
26.8750,65.5253,0.0121
26.9250,65.5253,0.0122
26.9750,65.5253,0.0123
27.0250,65.5253,0.0123
27.0750,65.5253,0.0125
27.1250,65.5253,0.0125
27.1750,65.5253,0.0125
27.2250,65.5253,0.0126
27.2750,65.5253,0.0126
27.3250,65.5253,0.0126
27.3750,65.5253,0.0128
27.4250,65.5253,0.0128
27.4750,65.5253,0.0129
27.5250,65.5253,0.0130
27.5750,65.5253,0.0130
27.6250,65.5253,0.0131
27.6750,65.5253,0.0131
27.7250,65.5253,0.0131
27.7750,65.5253,0.0132
27.8250,65.5253,0.0132
27.8750,65.5253,0.0133
27.9250,65.5253,0.0133
27.9750,65.5253,0.0133
28.0250,65.5253,0.0134
28.0750,65.5253,0.0134
28.1250,65.5253,0.0133
28.1750,65.5253,0.0134
28.2250,65.5253,0.0134
28.2750,65.5253,0.0134
28.3250,65.5253,0.0134
28.3750,65.5253,0.0134
28.4250,65.5253,0.0133
28.4750,65.5253,0.0134
28.5250,65.5253,0.0134
28.5750,65.5253,0.0133
28.6250,65.5253,0.0133
28.6750,65.5253,0.0133
28.7250,65.5253,0.0132
28.7750,65.5253,0.0133
28.8250,65.5253,0.0133
28.8750,65.5253,0.0132
28.9250,65.5253,0.0132
28.9750,65.5253,0.0131
29.0250,65.5253,0.0130
29.0750,65.5253,0.0131
29.1250,65.5253,0.0129
29.1750,65.5253,0.0129
29.2250,65.5253,0.0129
29.2750,65.5253,0.0171
29.3250,65.5253,0.0217
29.3750,65.5253,0.0217
29.4250,65.5253,0.0234
29.4750,65.5253,0.0234
29.5250,65.5253,0.0236
29.5750,65.5253,0.0249
29.6250,65.5253,0.0251
29.6750,65.5253,0.0251
29.7250,65.5253,0.0267
29.7750,65.5253,0.0267
29.8250,65.5253,0.0259
29.8750,65.5253,0.0265
29.9250,65.5253,0.0250
29.9750,65.5253,0.0260
30.0250,65.5253,0.0245
30.0750,65.5253,0.0244
30.1250,65.5253,0.0247
30.1750,65.5253,0.0238
30.2250,65.5253,0.0238
30.2750,65.5253,0.0229
30.3250,65.5253,0.0229
30.3750,65.5253,0.0216
30.4250,65.5253,0.0326
30.4750,65.5253,0.0302
30.5250,65.5253,0.0302
30.5750,65.5253,0.0284
30.6250,65.5253,0.0284
30.6750,65.5253,0.0259
30.7250,65.5253,0.0262
30.7750,65.5253,0.0241
30.8250,65.5253,0.0241
30.8750,65.5253,0.0232
30.9250,65.5253,0.0226
30.9750,65.5253,0.0226
31.0250,65.5253,0.0209
31.0750,65.5253,0.0209
31.1250,65.5253,0.0192
31.1750,65.5253,0.0191
31.2250,65.5253,0.0180
31.2750,65.5253,0.0180
31.3250,65.5253,0.0169
31.3750,65.5253,0.0169
31.4250,65.5253,0.0156
31.4750,65.5253,0.0156
31.5250,65.5253,0.0145
31.5750,65.5253,0.0143
20.5250,65.4753,0.0134
20.5750,65.4753,0.0132
20.6250,65.4753,0.0137
20.6750,65.4753,0.0135
20.7250,65.4753,0.0139
20.7750,65.4753,0.0139
20.8250,65.4753,0.0138
20.8750,65.4753,0.0142
20.9250,65.4753,0.0141
20.9750,65.4753,0.0145
21.0250,65.4753,0.0144
21.0750,65.4753,0.0150
21.1250,65.4753,0.0147
21.1750,65.4753,0.0149
21.2250,65.4753,0.0151
21.2750,65.4753,0.0151
21.3250,65.4753,0.0156
21.3750,65.4753,0.0156
21.4250,65.4753,0.0158
21.4750,65.4753,0.0160
21.5250,65.4753,0.0158
21.5750,65.4753,0.0163
21.6250,65.4753,0.0161
21.6750,65.4753,0.0166
21.7250,65.4753,0.0165
21.7750,65.4753,0.0167
21.8250,65.4753,0.0167
21.8750,65.4753,0.0167
21.9250,65.4753,0.0169
21.9750,65.4753,0.0169
22.0250,65.4753,0.0168
22.0750,65.4753,0.0168
22.1250,65.4753,0.0173
22.1750,65.4753,0.0173
22.2250,65.4753,0.0173
22.2750,65.4753,0.0168
22.3250,65.4753,0.0166
22.3750,65.4753,0.0165
22.4250,65.4753,0.0163
22.4750,65.4753,0.0168
22.5250,65.4753,0.0168
22.5750,65.4753,0.0168
22.6250,65.4753,0.0168
22.6750,65.4753,0.0168
22.7250,65.4753,0.0168
22.7750,65.4753,0.0168
25.2750,65.4753,0.0126
25.3250,65.4753,0.0126
25.3750,65.4753,0.0126
25.4250,65.4753,0.0123
25.4750,65.4753,0.0123
25.5250,65.4753,0.0121
25.5750,65.4753,0.0121
25.6250,65.4753,0.0119
25.6750,65.4753,0.0119
25.7250,65.4753,0.0118
25.7750,65.4753,0.0117
25.8250,65.4753,0.0117
25.8750,65.4753,0.0117
25.9250,65.4753,0.0116
25.9750,65.4753,0.0116
26.0250,65.4753,0.0116
26.0750,65.4753,0.0115
26.1250,65.4753,0.0115
26.1750,65.4753,0.0116
26.2250,65.4753,0.0116
26.2750,65.4753,0.0115
26.3250,65.4753,0.0117
26.3750,65.4753,0.0117
26.4250,65.4753,0.0117
26.4750,65.4753,0.0117
26.5250,65.4753,0.0117
26.5750,65.4753,0.0119
26.6250,65.4753,0.0119
26.6750,65.4753,0.0119
26.7250,65.4753,0.0121
26.7750,65.4753,0.0121
26.8250,65.4753,0.0122
26.8750,65.4753,0.0123
26.9250,65.4753,0.0123
26.9750,65.4753,0.0124
27.0250,65.4753,0.0124
27.0750,65.4753,0.0125
27.1250,65.4753,0.0126
27.1750,65.4753,0.0126
27.2250,65.4753,0.0127
27.2750,65.4753,0.0128
27.3250,65.4753,0.0128
27.3750,65.4753,0.0129
27.4250,65.4753,0.0129
27.4750,65.4753,0.0129
27.5250,65.4753,0.0131
27.5750,65.4753,0.0131
27.6250,65.4753,0.0131
27.6750,65.4753,0.0132
27.7250,65.4753,0.0132
27.7750,65.4753,0.0132
27.8250,65.4753,0.0133
27.8750,65.4753,0.0133
27.9250,65.4753,0.0133
27.9750,65.4753,0.0133
28.0250,65.4753,0.0133
28.0750,65.4753,0.0134
28.1250,65.4753,0.0134
28.1750,65.4753,0.0134
28.2250,65.4753,0.0134
28.2750,65.4753,0.0133
28.3250,65.4753,0.0133
28.3750,65.4753,0.0133
28.4250,65.4753,0.0133
28.4750,65.4753,0.0133
28.5250,65.4753,0.0133
28.5750,65.4753,0.0133
28.6250,65.4753,0.0132
28.6750,65.4753,0.0132
28.7250,65.4753,0.0132
28.7750,65.4753,0.0132
28.8250,65.4753,0.0132
28.8750,65.4753,0.0131
28.9250,65.4753,0.0130
28.9750,65.4753,0.0130
29.0250,65.4753,0.0129
29.0750,65.4753,0.0129
29.1250,65.4753,0.0129
29.1750,65.4753,0.0127
29.2250,65.4753,0.0127
29.2750,65.4753,0.0127
29.3250,65.4753,0.0228
29.3750,65.4753,0.0228
29.4250,65.4753,0.0237
29.4750,65.4753,0.0244
29.5250,65.4753,0.0249
29.5750,65.4753,0.0264
29.6250,65.4753,0.0269
29.6750,65.4753,0.0269
29.7250,65.4753,0.0280
29.7750,65.4753,0.0280
29.8250,65.4753,0.0279
29.8750,65.4753,0.0276
29.9250,65.4753,0.0276
29.9750,65.4753,0.0260
30.0250,65.4753,0.0268
30.0750,65.4753,0.0251
30.1250,65.4753,0.0251
30.1750,65.4753,0.0241
30.2250,65.4753,0.0241
30.2750,65.4753,0.0247
30.3250,65.4753,0.0363
30.3750,65.4753,0.0326
30.4250,65.4753,0.0328
30.4750,65.4753,0.0307
30.5250,65.4753,0.0307
30.5750,65.4753,0.0290
30.6250,65.4753,0.0287
30.6750,65.4753,0.0286
30.7250,65.4753,0.0263
30.7750,65.4753,0.0263
30.8250,65.4753,0.0241
30.8750,65.4753,0.0241
30.9250,65.4753,0.0225
30.9750,65.4753,0.0225
31.0250,65.4753,0.0208
31.0750,65.4753,0.0208
31.1250,65.4753,0.0191
31.1750,65.4753,0.0189
31.2250,65.4753,0.0179
31.2750,65.4753,0.0179
31.3250,65.4753,0.0167
31.3750,65.4753,0.0167
31.4250,65.4753,0.0166
31.4750,65.4753,0.0153
31.5250,65.4753,0.0153
31.5750,65.4753,0.0143
20.5250,65.4253,0.0138
20.5750,65.4253,0.0138
20.6250,65.4253,0.0137
20.6750,65.4253,0.0141
20.7250,65.4253,0.0139
20.7750,65.4253,0.0144
20.8250,65.4253,0.0142
20.8750,65.4253,0.0148
20.9250,65.4253,0.0145
20.9750,65.4253,0.0145
21.0250,65.4253,0.0150
21.0750,65.4253,0.0150
21.1250,65.4253,0.0154
21.1750,65.4253,0.0154
21.2250,65.4253,0.0155
21.2750,65.4253,0.0158
21.3250,65.4253,0.0156
21.3750,65.4253,0.0161
21.4250,65.4253,0.0160
21.4750,65.4253,0.0164
21.5250,65.4253,0.0163
21.5750,65.4253,0.0163
21.6250,65.4253,0.0166
21.6750,65.4253,0.0166
21.7250,65.4253,0.0170
21.7750,65.4253,0.0169
21.8250,65.4253,0.0169
21.8750,65.4253,0.0171
21.9250,65.4253,0.0171
21.9750,65.4253,0.0169
22.0250,65.4253,0.0169
22.0750,65.4253,0.0171
22.1250,65.4253,0.0173
22.1750,65.4253,0.0173
22.2250,65.4253,0.0173
22.2750,65.4253,0.0173
22.3250,65.4253,0.0171
22.3750,65.4253,0.0165
22.4250,65.4253,0.0164
22.4750,65.4253,0.0168
22.5250,65.4253,0.0168
24.8250,65.4253,0.0134
24.8750,65.4253,0.0132
24.9750,65.4253,0.0130
25.0250,65.4253,0.0129
25.2750,65.4253,0.0126
25.3250,65.4253,0.0126
25.3750,65.4253,0.0125
25.4250,65.4253,0.0124
25.4750,65.4253,0.0122
25.5250,65.4253,0.0122
25.5750,65.4253,0.0120
25.6250,65.4253,0.0120
25.6750,65.4253,0.0118
25.7250,65.4253,0.0118
25.7750,65.4253,0.0117
25.8250,65.4253,0.0117
25.8750,65.4253,0.0116
25.9250,65.4253,0.0116
25.9750,65.4253,0.0116
26.0250,65.4253,0.0116
26.0750,65.4253,0.0116
26.1250,65.4253,0.0116
26.1750,65.4253,0.0116
26.2250,65.4253,0.0117
26.2750,65.4253,0.0117
26.3250,65.4253,0.0117
26.3750,65.4253,0.0118
26.4250,65.4253,0.0118
26.4750,65.4253,0.0118
26.5250,65.4253,0.0119
26.5750,65.4253,0.0119
26.6250,65.4253,0.0120
26.6750,65.4253,0.0120
26.7250,65.4253,0.0122
26.7750,65.4253,0.0122
26.8250,65.4253,0.0122
26.8750,65.4253,0.0124
26.9250,65.4253,0.0124
26.9750,65.4253,0.0124
27.0250,65.4253,0.0126
27.0750,65.4253,0.0126
27.1250,65.4253,0.0127
27.1750,65.4253,0.0128
27.2250,65.4253,0.0128
27.2750,65.4253,0.0129
27.3250,65.4253,0.0129
27.3750,65.4253,0.0129
27.4250,65.4253,0.0130
27.4750,65.4253,0.0130
27.5250,65.4253,0.0130
27.5750,65.4253,0.0131
27.6250,65.4253,0.0131
27.6750,65.4253,0.0132
27.7250,65.4253,0.0132
27.7750,65.4253,0.0132
27.8250,65.4253,0.0133
27.8750,65.4253,0.0133
27.9250,65.4253,0.0133
27.9750,65.4253,0.0133
28.0250,65.4253,0.0133
28.0750,65.4253,0.0134
28.1250,65.4253,0.0134
28.1750,65.4253,0.0134
28.2250,65.4253,0.0133
28.2750,65.4253,0.0133
28.3250,65.4253,0.0133
28.3750,65.4253,0.0133
28.4250,65.4253,0.0133
28.4750,65.4253,0.0133
28.5250,65.4253,0.0132
28.5750,65.4253,0.0132
28.6250,65.4253,0.0131
28.6750,65.4253,0.0131
28.7250,65.4253,0.0131
28.7750,65.4253,0.0130
28.8250,65.4253,0.0130
28.8750,65.4253,0.0130
28.9250,65.4253,0.0129
28.9750,65.4253,0.0129
29.0250,65.4253,0.0129
29.0750,65.4253,0.0126
29.1250,65.4253,0.0127
29.1750,65.4253,0.0125
29.2250,65.4253,0.0124
29.2750,65.4253,0.0124
29.3250,65.4253,0.0236
29.3750,65.4253,0.0237
29.4250,65.4253,0.0241
29.4750,65.4253,0.0257
29.5250,65.4253,0.0257
29.5750,65.4253,0.0265
29.6250,65.4253,0.0279
29.6750,65.4253,0.0284
29.7250,65.4253,0.0284
29.7750,65.4253,0.0291
29.8250,65.4253,0.0291
29.8750,65.4253,0.0277
29.9250,65.4253,0.0285
29.9750,65.4253,0.0268
30.0250,65.4253,0.0272
30.0750,65.4253,0.0257
30.1250,65.4253,0.0257
30.1750,65.4253,0.0383
30.2250,65.4253,0.0397
30.2750,65.4253,0.0375
30.3250,65.4253,0.0371
30.3750,65.4253,0.0371
30.4250,65.4253,0.0335
30.4750,65.4253,0.0340
30.5250,65.4253,0.0310
30.5750,65.4253,0.0310
30.6250,65.4253,0.0288
30.6750,65.4253,0.0288
30.7250,65.4253,0.0263
30.7750,65.4253,0.0262
30.8250,65.4253,0.0241
30.8750,65.4253,0.0241
30.9250,65.4253,0.0224
30.9750,65.4253,0.0224
31.0250,65.4253,0.0208
31.0750,65.4253,0.0206
31.1250,65.4253,0.0204
31.1750,65.4253,0.0189
31.2250,65.4253,0.0187
31.2750,65.4253,0.0177
31.3250,65.4253,0.0177
31.3750,65.4253,0.0164
31.4250,65.4253,0.0164
31.4750,65.4253,0.0151
31.5250,65.4253,0.0151
31.5750,65.4253,0.0142
20.5250,65.3753,0.0139
20.5750,65.3753,0.0142
20.6250,65.3753,0.0142
20.6750,65.3753,0.0145
20.7250,65.3753,0.0145
20.7750,65.3753,0.0144
20.8250,65.3753,0.0150
20.8750,65.3753,0.0148
20.9250,65.3753,0.0154
20.9750,65.3753,0.0152
21.0250,65.3753,0.0158
21.0750,65.3753,0.0156
21.1250,65.3753,0.0156
21.1750,65.3753,0.0160
21.2250,65.3753,0.0160
21.2750,65.3753,0.0163
21.3250,65.3753,0.0163
21.3750,65.3753,0.0164
21.4250,65.3753,0.0166
21.4750,65.3753,0.0164
21.5250,65.3753,0.0169
21.5750,65.3753,0.0170
21.6250,65.3753,0.0171
21.6750,65.3753,0.0170
21.7250,65.3753,0.0170
21.7750,65.3753,0.0169
21.8250,65.3753,0.0170
21.8750,65.3753,0.0171
21.9250,65.3753,0.0171
21.9750,65.3753,0.0170
22.0250,65.3753,0.0169
22.0750,65.3753,0.0173
22.3750,65.3753,0.0171
22.4250,65.3753,0.0166
22.4750,65.3753,0.0168
24.8250,65.3753,0.0124
24.8750,65.3753,0.0124
25.2250,65.3753,0.0126
25.2750,65.3753,0.0126
25.3250,65.3753,0.0124
25.3750,65.3753,0.0124
25.4250,65.3753,0.0124
25.4750,65.3753,0.0121
25.5250,65.3753,0.0121
25.5750,65.3753,0.0120
25.6250,65.3753,0.0119
25.6750,65.3753,0.0118
25.7250,65.3753,0.0117
25.7750,65.3753,0.0117
25.8250,65.3753,0.0117
25.8750,65.3753,0.0116
25.9250,65.3753,0.0116
25.9750,65.3753,0.0116
26.0250,65.3753,0.0116
26.0750,65.3753,0.0116
26.1250,65.3753,0.0116
26.1750,65.3753,0.0116
26.2250,65.3753,0.0117
26.2750,65.3753,0.0117
26.3250,65.3753,0.0118
26.3750,65.3753,0.0118
26.4250,65.3753,0.0118
26.4750,65.3753,0.0118
26.5250,65.3753,0.0120
26.5750,65.3753,0.0120
26.6250,65.3753,0.0121
26.6750,65.3753,0.0121
26.7250,65.3753,0.0122
26.7750,65.3753,0.0123
26.8250,65.3753,0.0124
26.8750,65.3753,0.0124
26.9250,65.3753,0.0125
26.9750,65.3753,0.0125
27.0250,65.3753,0.0126
27.0750,65.3753,0.0127
27.1250,65.3753,0.0127
27.1750,65.3753,0.0128
27.2250,65.3753,0.0128
27.2750,65.3753,0.0129
27.3250,65.3753,0.0129
27.3750,65.3753,0.0129
27.4250,65.3753,0.0130
27.4750,65.3753,0.0131
27.5250,65.3753,0.0131
27.5750,65.3753,0.0131
27.6250,65.3753,0.0131
27.6750,65.3753,0.0132
27.7250,65.3753,0.0132
27.7750,65.3753,0.0133
27.8250,65.3753,0.0133
27.8750,65.3753,0.0133
27.9250,65.3753,0.0133
27.9750,65.3753,0.0133
28.0250,65.3753,0.0133
28.0750,65.3753,0.0133
28.1250,65.3753,0.0133
28.1750,65.3753,0.0133
28.2250,65.3753,0.0133
28.2750,65.3753,0.0132
28.3250,65.3753,0.0132
28.3750,65.3753,0.0131
28.4250,65.3753,0.0132
28.4750,65.3753,0.0132
28.5250,65.3753,0.0131
28.5750,65.3753,0.0131
28.6250,65.3753,0.0131
28.6750,65.3753,0.0129
28.7250,65.3753,0.0130
28.7750,65.3753,0.0130
28.8250,65.3753,0.0128
28.8750,65.3753,0.0128
28.9250,65.3753,0.0127
28.9750,65.3753,0.0126
29.0250,65.3753,0.0126
29.0750,65.3753,0.0124
29.1250,65.3753,0.0124
29.1750,65.3753,0.0124
29.2250,65.3753,0.0232
29.2750,65.3753,0.0236
29.3250,65.3753,0.0236
29.3750,65.3753,0.0257
29.4250,65.3753,0.0257
29.4750,65.3753,0.0257
29.5250,65.3753,0.0281
29.5750,65.3753,0.0279
29.6250,65.3753,0.0289
29.6750,65.3753,0.0298
29.7250,65.3753,0.0298
29.7750,65.3753,0.0299
29.8250,65.3753,0.0300
29.8750,65.3753,0.0285
29.9250,65.3753,0.0291
29.9750,65.3753,0.0285
30.0250,65.3753,0.0275
30.0750,65.3753,0.0278
30.1250,65.3753,0.0260
30.1750,65.3753,0.0260
30.2250,65.3753,0.0405
30.2750,65.3753,0.0405
30.3250,65.3753,0.0371
30.3750,65.3753,0.0376
30.4250,65.3753,0.0340
30.4750,65.3753,0.0340
30.5250,65.3753,0.0311
30.5750,65.3753,0.0311
30.6250,65.3753,0.0287
30.6750,65.3753,0.0287
30.7250,65.3753,0.0263
30.7750,65.3753,0.0260
30.8250,65.3753,0.0252
30.8750,65.3753,0.0240
30.9250,65.3753,0.0238
30.9750,65.3753,0.0222
31.0250,65.3753,0.0222
31.0750,65.3753,0.0203
31.1250,65.3753,0.0203
31.1750,65.3753,0.0187
31.2250,65.3753,0.0185
31.2750,65.3753,0.0175
31.3250,65.3753,0.0175
31.3750,65.3753,0.0162
31.4250,65.3753,0.0162
31.4750,65.3753,0.0151
31.5250,65.3753,0.0148
31.5750,65.3753,0.0140
20.5250,65.3253,0.0144
20.5750,65.3253,0.0145
20.6250,65.3253,0.0147
20.6750,65.3253,0.0147
20.7250,65.3253,0.0151
20.7750,65.3253,0.0151
20.8250,65.3253,0.0155
20.8750,65.3253,0.0155
20.9250,65.3253,0.0154
20.9750,65.3253,0.0159
21.0250,65.3253,0.0158
21.0750,65.3253,0.0163
21.1250,65.3253,0.0161
21.1750,65.3253,0.0166
21.2250,65.3253,0.0165
21.2750,65.3253,0.0165
21.3250,65.3253,0.0167
21.3750,65.3253,0.0167
21.4250,65.3253,0.0170
21.4750,65.3253,0.0170
21.5250,65.3253,0.0171
21.5750,65.3253,0.0172
21.6250,65.3253,0.0171
21.6750,65.3253,0.0171
21.7250,65.3253,0.0170
21.7750,65.3253,0.0170
21.8250,65.3253,0.0170
21.8750,65.3253,0.0171
22.3750,65.3253,0.0172
25.2250,65.3253,0.0125
25.2750,65.3253,0.0124
25.3250,65.3253,0.0124
25.3750,65.3253,0.0122
25.4250,65.3253,0.0122
25.4750,65.3253,0.0120
25.5250,65.3253,0.0119
25.5750,65.3253,0.0119
25.6250,65.3253,0.0117
25.6750,65.3253,0.0117
25.7250,65.3253,0.0117
25.7750,65.3253,0.0116
25.8250,65.3253,0.0116
25.8750,65.3253,0.0115
25.9250,65.3253,0.0116
25.9750,65.3253,0.0116
26.0250,65.3253,0.0116
26.0750,65.3253,0.0116
26.1250,65.3253,0.0116
26.1750,65.3253,0.0116
26.2250,65.3253,0.0117
26.2750,65.3253,0.0117
26.3250,65.3253,0.0118
26.3750,65.3253,0.0118
26.4250,65.3253,0.0118
26.4750,65.3253,0.0119
26.5250,65.3253,0.0120
26.5750,65.3253,0.0121
26.6250,65.3253,0.0121
26.6750,65.3253,0.0122
26.7250,65.3253,0.0122
26.7750,65.3253,0.0123
26.8250,65.3253,0.0124
26.8750,65.3253,0.0125
26.9250,65.3253,0.0125
26.9750,65.3253,0.0126
27.0250,65.3253,0.0126
27.0750,65.3253,0.0128
27.1250,65.3253,0.0128
27.1750,65.3253,0.0129
27.2250,65.3253,0.0129
27.2750,65.3253,0.0129
27.3250,65.3253,0.0129
27.3750,65.3253,0.0130
27.4250,65.3253,0.0130
27.4750,65.3253,0.0131
27.5250,65.3253,0.0131
27.5750,65.3253,0.0131
27.6250,65.3253,0.0131
27.6750,65.3253,0.0131
27.7250,65.3253,0.0132
27.7750,65.3253,0.0132
27.8250,65.3253,0.0133
27.8750,65.3253,0.0132
27.9250,65.3253,0.0133
27.9750,65.3253,0.0132
28.0250,65.3253,0.0132
28.0750,65.3253,0.0132
28.1250,65.3253,0.0133
28.1750,65.3253,0.0132
28.2250,65.3253,0.0132
28.2750,65.3253,0.0131
28.3250,65.3253,0.0131
28.3750,65.3253,0.0131
28.4250,65.3253,0.0130
28.4750,65.3253,0.0130
28.5250,65.3253,0.0130
28.5750,65.3253,0.0129
28.6250,65.3253,0.0129
28.6750,65.3253,0.0128
28.7250,65.3253,0.0127
28.7750,65.3253,0.0128
28.8250,65.3253,0.0125
28.8750,65.3253,0.0126
28.9250,65.3253,0.0126
28.9750,65.3253,0.0123
29.0250,65.3253,0.0123
29.0750,65.3253,0.0124
29.1250,65.3253,0.0120
29.1750,65.3253,0.0233
29.2250,65.3253,0.0234
29.2750,65.3253,0.0257
29.3250,65.3253,0.0257
29.3750,65.3253,0.0279
29.4250,65.3253,0.0285
29.4750,65.3253,0.0281
29.5250,65.3253,0.0309
29.5750,65.3253,0.0302
29.6250,65.3253,0.0301
29.6750,65.3253,0.0326
29.7250,65.3253,0.0310
29.7750,65.3253,0.0310
29.8250,65.3253,0.0306
29.8750,65.3253,0.0306
29.9250,65.3253,0.0291
29.9750,65.3253,0.0295
30.0250,65.3253,0.0278
30.0750,65.3253,0.0278
30.1250,65.3253,0.0261
30.1750,65.3253,0.0261
30.2250,65.3253,0.0271
30.2750,65.3253,0.0244
30.3250,65.3253,0.0376
30.3750,65.3253,0.0376
30.4250,65.3253,0.0341
30.4750,65.3253,0.0341
30.5250,65.3253,0.0327
30.5750,65.3253,0.0310
30.6250,65.3253,0.0310
30.6750,65.3253,0.0284
30.7250,65.3253,0.0284
30.7750,65.3253,0.0260
30.8250,65.3253,0.0256
30.8750,65.3253,0.0238
30.9250,65.3253,0.0238
30.9750,65.3253,0.0219
31.0250,65.3253,0.0219
31.0750,65.3253,0.0203
31.1250,65.3253,0.0200
31.1750,65.3253,0.0185
31.2250,65.3253,0.0185
31.2750,65.3253,0.0173
31.3250,65.3253,0.0173
31.3750,65.3253,0.0172
31.4250,65.3253,0.0159
31.4750,65.3253,0.0159
31.5250,65.3253,0.0147
31.5750,65.3253,0.0145
20.5250,65.2753,0.0148
20.5750,65.2753,0.0148
20.6250,65.2753,0.0151
20.6750,65.2753,0.0153
20.7250,65.2753,0.0151
20.7750,65.2753,0.0157
20.8250,65.2753,0.0155
20.8750,65.2753,0.0161
20.9250,65.2753,0.0159
20.9750,65.2753,0.0164
21.0250,65.2753,0.0163
21.0750,65.2753,0.0163
21.1250,65.2753,0.0166
21.1750,65.2753,0.0166
21.2250,65.2753,0.0170
21.2750,65.2753,0.0169
21.3250,65.2753,0.0172
21.3750,65.2753,0.0171
21.4250,65.2753,0.0171
21.4750,65.2753,0.0173
21.5250,65.2753,0.0173
21.5750,65.2753,0.0175
21.6250,65.2753,0.0175
21.6750,65.2753,0.0174
21.7250,65.2753,0.0171
21.7750,65.2753,0.0170
21.8250,65.2753,0.0170
21.8750,65.2753,0.0171
25.1750,65.2753,0.0125
25.2250,65.2753,0.0124
25.2750,65.2753,0.0122
25.3250,65.2753,0.0122
25.3750,65.2753,0.0121
25.4250,65.2753,0.0119
25.4750,65.2753,0.0119
25.5250,65.2753,0.0117
25.5750,65.2753,0.0117
25.6250,65.2753,0.0117
25.6750,65.2753,0.0115
25.7250,65.2753,0.0115
25.7750,65.2753,0.0114
25.8250,65.2753,0.0114
25.8750,65.2753,0.0115
25.9250,65.2753,0.0114
25.9750,65.2753,0.0115
26.0250,65.2753,0.0114
26.0750,65.2753,0.0115
26.1250,65.2753,0.0115
26.1750,65.2753,0.0116
26.2250,65.2753,0.0116
26.2750,65.2753,0.0117
26.3250,65.2753,0.0117
26.3750,65.2753,0.0118
26.4250,65.2753,0.0118
26.4750,65.2753,0.0120
26.5250,65.2753,0.0120
26.5750,65.2753,0.0121
26.6250,65.2753,0.0121
26.6750,65.2753,0.0122
26.7250,65.2753,0.0123
26.7750,65.2753,0.0124
26.8250,65.2753,0.0124
26.8750,65.2753,0.0125
26.9250,65.2753,0.0125
26.9750,65.2753,0.0126
27.0250,65.2753,0.0126
27.0750,65.2753,0.0127
27.1250,65.2753,0.0128
27.1750,65.2753,0.0128
27.2250,65.2753,0.0129
27.2750,65.2753,0.0129
27.3250,65.2753,0.0129
27.3750,65.2753,0.0129
27.4250,65.2753,0.0130
27.4750,65.2753,0.0130
27.5250,65.2753,0.0131
27.5750,65.2753,0.0131
27.6250,65.2753,0.0131
27.6750,65.2753,0.0131
27.7250,65.2753,0.0132
27.7750,65.2753,0.0131
27.8250,65.2753,0.0132
27.8750,65.2753,0.0132
27.9250,65.2753,0.0132
27.9750,65.2753,0.0132
28.0250,65.2753,0.0132
28.0750,65.2753,0.0131
28.1250,65.2753,0.0132
28.1750,65.2753,0.0131
28.2250,65.2753,0.0131
28.2750,65.2753,0.0131
28.3250,65.2753,0.0129
28.3750,65.2753,0.0130
28.4250,65.2753,0.0129
28.4750,65.2753,0.0129
28.5250,65.2753,0.0129
28.5750,65.2753,0.0127
28.6250,65.2753,0.0127
28.6750,65.2753,0.0127
28.7250,65.2753,0.0125
28.7750,65.2753,0.0125
28.8250,65.2753,0.0125
28.8750,65.2753,0.0123
28.9250,65.2753,0.0123
28.9750,65.2753,0.0123
29.0250,65.2753,0.0120
29.0750,65.2753,0.0120
29.1250,65.2753,0.0116
29.1750,65.2753,0.0231
29.2250,65.2753,0.0246
29.2750,65.2753,0.0260
29.3250,65.2753,0.0277
29.3750,65.2753,0.0277
29.4250,65.2753,0.0304
29.4750,65.2753,0.0304
29.5250,65.2753,0.0309
29.5750,65.2753,0.0328
29.6250,65.2753,0.0327
29.6750,65.2753,0.0328
29.7250,65.2753,0.0320
29.7750,65.2753,0.0320
29.8250,65.2753,0.0309
29.8750,65.2753,0.0310
29.9250,65.2753,0.0295
29.9750,65.2753,0.0295
30.0250,65.2753,0.0279
30.0750,65.2753,0.0279
30.1250,65.2753,0.0261
30.1750,65.2753,0.0260
30.2250,65.2753,0.0259
30.2750,65.2753,0.0242
30.3250,65.2753,0.0242
30.3750,65.2753,0.0376
30.4250,65.2753,0.0372
30.4750,65.2753,0.0338
30.5250,65.2753,0.0338
30.5750,65.2753,0.0307
30.6250,65.2753,0.0307
30.6750,65.2753,0.0283
30.7250,65.2753,0.0280
30.7750,65.2753,0.0256
30.8250,65.2753,0.0255
30.8750,65.2753,0.0235
30.9250,65.2753,0.0235
30.9750,65.2753,0.0216
31.0250,65.2753,0.0216
31.0750,65.2753,0.0213
31.1250,65.2753,0.0195
31.1750,65.2753,0.0195
31.2250,65.2753,0.0183
31.2750,65.2753,0.0180
31.3250,65.2753,0.0170
31.3750,65.2753,0.0170
31.4250,65.2753,0.0156
31.4750,65.2753,0.0156
31.5250,65.2753,0.0145
31.5750,65.2753,0.0143
20.5250,65.2253,0.0149
20.5750,65.2253,0.0154
20.6250,65.2253,0.0154
20.6750,65.2253,0.0158
20.7250,65.2253,0.0158
20.7750,65.2253,0.0161
20.8250,65.2253,0.0161
20.8750,65.2253,0.0161
20.9250,65.2253,0.0165
20.9750,65.2253,0.0164
21.0250,65.2253,0.0168
21.0750,65.2253,0.0167
21.1250,65.2253,0.0171
21.1750,65.2253,0.0170
21.2250,65.2253,0.0170
21.2750,65.2253,0.0173
21.3250,65.2253,0.0173
21.3750,65.2253,0.0174
21.4250,65.2253,0.0174
21.4750,65.2253,0.0174
21.5250,65.2253,0.0176
21.5750,65.2253,0.0175
21.6250,65.2253,0.0175
21.6750,65.2253,0.0175
21.7250,65.2253,0.0175
21.7750,65.2253,0.0172
21.8250,65.2253,0.0170
21.8750,65.2253,0.0171
21.9250,65.2253,0.0171
25.2750,65.2253,0.0115
25.3250,65.2253,0.0119
25.3750,65.2253,0.0119
25.4250,65.2253,0.0115
25.4750,65.2253,0.0116
25.5250,65.2253,0.0116
25.5750,65.2253,0.0114
25.6250,65.2253,0.0114
25.6750,65.2253,0.0113
25.7250,65.2253,0.0113
25.7750,65.2253,0.0114
25.8250,65.2253,0.0113
25.8750,65.2253,0.0114
25.9250,65.2253,0.0113
25.9750,65.2253,0.0114
26.0250,65.2253,0.0114
26.0750,65.2253,0.0114
26.1250,65.2253,0.0114
26.1750,65.2253,0.0116
26.2250,65.2253,0.0115
26.2750,65.2253,0.0116
26.3250,65.2253,0.0116
26.3750,65.2253,0.0116
26.4250,65.2253,0.0118
26.4750,65.2253,0.0118
26.5250,65.2253,0.0120
26.5750,65.2253,0.0120
26.6250,65.2253,0.0121
26.6750,65.2253,0.0121
26.7250,65.2253,0.0123
26.7750,65.2253,0.0123
26.8250,65.2253,0.0124
26.8750,65.2253,0.0124
26.9250,65.2253,0.0125
26.9750,65.2253,0.0125
27.0250,65.2253,0.0127
27.0750,65.2253,0.0127
27.1250,65.2253,0.0127
27.1750,65.2253,0.0127
27.2250,65.2253,0.0129
27.2750,65.2253,0.0128
27.3250,65.2253,0.0129
27.3750,65.2253,0.0129
27.4250,65.2253,0.0130
27.4750,65.2253,0.0130
27.5250,65.2253,0.0130
27.5750,65.2253,0.0130
27.6250,65.2253,0.0131
27.6750,65.2253,0.0130
27.7250,65.2253,0.0130
27.7750,65.2253,0.0131
27.8250,65.2253,0.0130
27.8750,65.2253,0.0131
27.9250,65.2253,0.0130
27.9750,65.2253,0.0130
28.0250,65.2253,0.0130
28.0750,65.2253,0.0130
28.1250,65.2253,0.0130
28.1750,65.2253,0.0131
28.2250,65.2253,0.0129
28.2750,65.2253,0.0129
28.3250,65.2253,0.0127
28.3750,65.2253,0.0128
28.4250,65.2253,0.0128
28.4750,65.2253,0.0126
28.5250,65.2253,0.0126
28.5750,65.2253,0.0127
28.6250,65.2253,0.0124
28.6750,65.2253,0.0125
28.7250,65.2253,0.0125
28.7750,65.2253,0.0122
28.8250,65.2253,0.0122
28.8750,65.2253,0.0120
28.9250,65.2253,0.0119
28.9750,65.2253,0.0119
29.0250,65.2253,0.0116
29.0750,65.2253,0.0116
29.1250,65.2253,0.0116
29.1750,65.2253,0.0112
29.2250,65.2253,0.0260
29.2750,65.2253,0.0260
29.3250,65.2253,0.0287
29.3750,65.2253,0.0287
29.4250,65.2253,0.0305
29.4750,65.2253,0.0307
29.5250,65.2253,0.0328
29.5750,65.2253,0.0318
29.6250,65.2253,0.0333
29.6750,65.2253,0.0333
29.7250,65.2253,0.0316
29.7750,65.2253,0.0316
29.8250,65.2253,0.0315
29.8750,65.2253,0.0306
29.9250,65.2253,0.0306
29.9750,65.2253,0.0295
30.0250,65.2253,0.0292
30.0750,65.2253,0.0277
30.1250,65.2253,0.0277
30.1750,65.2253,0.0257
30.2250,65.2253,0.0257
30.2750,65.2253,0.0241
30.3250,65.2253,0.0239
30.3750,65.2253,0.0372
30.4250,65.2253,0.0365
30.4750,65.2253,0.0332
30.5250,65.2253,0.0332
30.5750,65.2253,0.0302
30.6250,65.2253,0.0302
30.6750,65.2253,0.0281
30.7250,65.2253,0.0274
30.7750,65.2253,0.0270
30.8250,65.2253,0.0251
30.8750,65.2253,0.0245
30.9250,65.2253,0.0231
30.9750,65.2253,0.0231
31.0250,65.2253,0.0211
31.0750,65.2253,0.0211
31.1250,65.2253,0.0195
31.1750,65.2253,0.0190
31.2250,65.2253,0.0180
31.2750,65.2253,0.0180
31.3250,65.2253,0.0167
31.3750,65.2253,0.0167
31.4250,65.2253,0.0155
31.4750,65.2253,0.0152
31.5250,65.2253,0.0143
31.5750,65.2253,0.0143
20.5250,65.1753,0.0155
20.5750,65.1753,0.0160
20.6250,65.1753,0.0159
20.6750,65.1753,0.0159
20.7250,65.1753,0.0163
20.7750,65.1753,0.0163
20.8250,65.1753,0.0166
20.8750,65.1753,0.0166
20.9250,65.1753,0.0169
20.9750,65.1753,0.0169
21.0250,65.1753,0.0168
21.0750,65.1753,0.0172
21.1250,65.1753,0.0171
21.1750,65.1753,0.0174
21.2250,65.1753,0.0173
21.2750,65.1753,0.0176
21.3250,65.1753,0.0175
21.3750,65.1753,0.0175
21.4250,65.1753,0.0177
21.4750,65.1753,0.0177
21.5250,65.1753,0.0179
21.5750,65.1753,0.0179
21.6750,65.1753,0.0177
21.8250,65.1753,0.0173
21.8750,65.1753,0.0171
21.9250,65.1753,0.0171
25.1250,65.1753,0.0115
25.1750,65.1753,0.0115
25.2250,65.1753,0.0115
25.2750,65.1753,0.0115
25.3250,65.1753,0.0115
25.3750,65.1753,0.0115
25.4250,65.1753,0.0115
25.4750,65.1753,0.0113
25.5250,65.1753,0.0113
25.5750,65.1753,0.0111
25.6250,65.1753,0.0112
25.6750,65.1753,0.0112
25.7250,65.1753,0.0111
25.7750,65.1753,0.0111
25.8250,65.1753,0.0112
25.8750,65.1753,0.0111
25.9250,65.1753,0.0113
25.9750,65.1753,0.0111
26.0250,65.1753,0.0113
26.0750,65.1753,0.0113
26.1250,65.1753,0.0113
26.1750,65.1753,0.0113
26.2250,65.1753,0.0114
26.2750,65.1753,0.0114
26.3250,65.1753,0.0116
26.3750,65.1753,0.0116
26.4250,65.1753,0.0118
26.4750,65.1753,0.0118
26.5250,65.1753,0.0119
26.5750,65.1753,0.0119
26.6250,65.1753,0.0121
26.6750,65.1753,0.0121
26.7250,65.1753,0.0123
26.7750,65.1753,0.0123
26.8250,65.1753,0.0124
26.8750,65.1753,0.0124
26.9250,65.1753,0.0125
26.9750,65.1753,0.0125
27.0250,65.1753,0.0125
27.0750,65.1753,0.0127
27.1250,65.1753,0.0126
27.1750,65.1753,0.0127
27.2250,65.1753,0.0127
27.2750,65.1753,0.0128
27.3250,65.1753,0.0128
27.3750,65.1753,0.0129
27.4250,65.1753,0.0128
27.4750,65.1753,0.0129
27.5250,65.1753,0.0129
27.5750,65.1753,0.0129
27.6250,65.1753,0.0129
27.6750,65.1753,0.0130
27.7250,65.1753,0.0129
27.7750,65.1753,0.0130
27.8250,65.1753,0.0129
27.8750,65.1753,0.0130
27.9250,65.1753,0.0130
27.9750,65.1753,0.0129
28.0250,65.1753,0.0129
28.0750,65.1753,0.0129
28.1250,65.1753,0.0128
28.1750,65.1753,0.0129
28.2250,65.1753,0.0126
28.2750,65.1753,0.0127
28.3250,65.1753,0.0127
28.3750,65.1753,0.0125
28.4250,65.1753,0.0125
28.4750,65.1753,0.0125
28.5250,65.1753,0.0124
28.5750,65.1753,0.0124
28.6250,65.1753,0.0122
28.6750,65.1753,0.0121
28.7250,65.1753,0.0122
28.7750,65.1753,0.0118
28.8250,65.1753,0.0119
28.8750,65.1753,0.0119
28.9250,65.1753,0.0115
28.9750,65.1753,0.0115
29.0250,65.1753,0.0116
29.0750,65.1753,0.0111
29.1250,65.1753,0.0112
29.1750,65.1753,0.0111
29.2250,65.1753,0.0259
29.2750,65.1753,0.0259
29.3250,65.1753,0.0280
29.3750,65.1753,0.0280
29.4250,65.1753,0.0286
29.4750,65.1753,0.0293
29.5250,65.1753,0.0293
29.5750,65.1753,0.0318
29.6250,65.1753,0.0307
29.6750,65.1753,0.0307
29.7250,65.1753,0.0307
29.7750,65.1753,0.0305
29.8250,65.1753,0.0305
29.8750,65.1753,0.0306
29.9250,65.1753,0.0305
29.9750,65.1753,0.0292
30.0250,65.1753,0.0288
30.0750,65.1753,0.0273
30.1250,65.1753,0.0273
30.1750,65.1753,0.0251
30.2250,65.1753,0.0251
30.2750,65.1753,0.0239
30.3250,65.1753,0.0235
30.3750,65.1753,0.0342
30.4250,65.1753,0.0364
30.4750,65.1753,0.0351
30.5250,65.1753,0.0322
30.5750,65.1753,0.0322
30.6250,65.1753,0.0295
30.6750,65.1753,0.0295
30.7250,65.1753,0.0274
30.7750,65.1753,0.0266
30.8250,65.1753,0.0245
30.8750,65.1753,0.0245
30.9250,65.1753,0.0226
30.9750,65.1753,0.0226
31.0250,65.1753,0.0207
31.0750,65.1753,0.0206
31.1250,65.1753,0.0190
31.1750,65.1753,0.0187
31.2250,65.1753,0.0177
31.2750,65.1753,0.0177
31.3250,65.1753,0.0168
31.3750,65.1753,0.0163
31.4250,65.1753,0.0163
31.4750,65.1753,0.0149
31.5250,65.1753,0.0149
31.5750,65.1753,0.0140
20.5250,65.1253,0.0160
20.5750,65.1253,0.0160
20.6250,65.1253,0.0164
20.6750,65.1253,0.0163
20.7250,65.1253,0.0167
20.7750,65.1253,0.0167
20.8250,65.1253,0.0167
20.8750,65.1253,0.0170
20.9250,65.1253,0.0170
20.9750,65.1253,0.0172
21.0250,65.1253,0.0172
21.0750,65.1253,0.0175
21.1250,65.1253,0.0175
21.1750,65.1253,0.0174
21.2250,65.1253,0.0177
21.2750,65.1253,0.0176
21.3250,65.1253,0.0179
21.3750,65.1253,0.0178
21.4250,65.1253,0.0180
21.4750,65.1253,0.0180
21.5250,65.1253,0.0180
21.5750,65.1253,0.0179
21.6250,65.1253,0.0179
21.6750,65.1253,0.0179
21.7250,65.1253,0.0178
24.8250,65.1253,0.0123
24.8750,65.1253,0.0123
25.1250,65.1253,0.0115
25.1750,65.1253,0.0112
25.2250,65.1253,0.0115
25.2750,65.1253,0.0115
25.3250,65.1253,0.0115
25.3750,65.1253,0.0115
25.4250,65.1253,0.0112
25.4750,65.1253,0.0110
25.5250,65.1253,0.0111
25.5750,65.1253,0.0111
25.6250,65.1253,0.0110
25.6750,65.1253,0.0110
25.7250,65.1253,0.0111
25.7750,65.1253,0.0110
25.8250,65.1253,0.0111
25.8750,65.1253,0.0109
25.9250,65.1253,0.0111
25.9750,65.1253,0.0111
26.0250,65.1253,0.0112
26.0750,65.1253,0.0112
26.1250,65.1253,0.0112
26.1750,65.1253,0.0112
26.2250,65.1253,0.0114
26.2750,65.1253,0.0113
26.3250,65.1253,0.0113
26.3750,65.1253,0.0115
26.4250,65.1253,0.0115
26.4750,65.1253,0.0117
26.5250,65.1253,0.0116
26.5750,65.1253,0.0119
26.6250,65.1253,0.0119
26.6750,65.1253,0.0120
26.7250,65.1253,0.0120
26.7750,65.1253,0.0122
26.8250,65.1253,0.0122
26.8750,65.1253,0.0124
26.9250,65.1253,0.0123
26.9750,65.1253,0.0125
27.0250,65.1253,0.0125
27.0750,65.1253,0.0126
27.1250,65.1253,0.0126
27.1750,65.1253,0.0126
27.2250,65.1253,0.0126
27.2750,65.1253,0.0128
27.3250,65.1253,0.0126
27.3750,65.1253,0.0128
27.4250,65.1253,0.0128
27.4750,65.1253,0.0128
27.5250,65.1253,0.0128
27.5750,65.1253,0.0128
27.6250,65.1253,0.0128
27.6750,65.1253,0.0129
27.7250,65.1253,0.0128
27.7750,65.1253,0.0128
27.8250,65.1253,0.0129
27.8750,65.1253,0.0127
27.9250,65.1253,0.0128
27.9750,65.1253,0.0127
28.0250,65.1253,0.0127
28.0750,65.1253,0.0127
28.1250,65.1253,0.0126
28.1750,65.1253,0.0126
28.2250,65.1253,0.0126
28.2750,65.1253,0.0123
28.3250,65.1253,0.0125
28.3750,65.1253,0.0124
28.4250,65.1253,0.0123
28.4750,65.1253,0.0123
28.5250,65.1253,0.0120
28.5750,65.1253,0.0120
28.6250,65.1253,0.0121
28.6750,65.1253,0.0117
28.7250,65.1253,0.0118
28.7750,65.1253,0.0118
28.8250,65.1253,0.0115
28.8750,65.1253,0.0115
28.9250,65.1253,0.0114
28.9750,65.1253,0.0111
29.0250,65.1253,0.0111
29.0750,65.1253,0.0108
29.1250,65.1253,0.0108
29.1750,65.1253,0.0108
29.2250,65.1253,0.0242
29.2750,65.1253,0.0259
29.3250,65.1253,0.0259
29.3750,65.1253,0.0289
29.4250,65.1253,0.0289
29.4750,65.1253,0.0294
29.5250,65.1253,0.0312
29.5750,65.1253,0.0307
29.6250,65.1253,0.0319
29.6750,65.1253,0.0314
29.7250,65.1253,0.0314
29.7750,65.1253,0.0313
29.8250,65.1253,0.0313
29.8750,65.1253,0.0305
29.9250,65.1253,0.0299
29.9750,65.1253,0.0288
30.0250,65.1253,0.0287
30.0750,65.1253,0.0277
30.1250,65.1253,0.0266
30.1750,65.1253,0.0266
30.2250,65.1253,0.0245
30.2750,65.1253,0.0245
30.3250,65.1253,0.0239
30.3750,65.1253,0.0379
30.4250,65.1253,0.0352
30.4750,65.1253,0.0348
30.5250,65.1253,0.0314
30.5750,65.1253,0.0314
30.6250,65.1253,0.0286
30.6750,65.1253,0.0286
30.7250,65.1253,0.0266
30.7750,65.1253,0.0256
30.8250,65.1253,0.0240
30.8750,65.1253,0.0240
30.9250,65.1253,0.0221
30.9750,65.1253,0.0220
31.0250,65.1253,0.0218
31.0750,65.1253,0.0200
31.1250,65.1253,0.0200
31.1750,65.1253,0.0187
31.2250,65.1253,0.0183
31.2750,65.1253,0.0173
31.3250,65.1253,0.0173
31.3750,65.1253,0.0160
31.4250,65.1253,0.0160
31.4750,65.1253,0.0149
31.5250,65.1253,0.0145
31.5750,65.1253,0.0138
20.5250,65.0753,0.0163
20.5750,65.0753,0.0164
20.6250,65.0753,0.0164
20.6750,65.0753,0.0167
20.7250,65.0753,0.0167
20.7750,65.0753,0.0170
20.8250,65.0753,0.0170
20.8750,65.0753,0.0172
20.9250,65.0753,0.0173
20.9750,65.0753,0.0172
21.0250,65.0753,0.0175
21.0750,65.0753,0.0175
21.1250,65.0753,0.0177
21.1750,65.0753,0.0177
21.2250,65.0753,0.0179
21.2750,65.0753,0.0179
21.3250,65.0753,0.0179
21.3750,65.0753,0.0180
21.4250,65.0753,0.0180
21.4750,65.0753,0.0181
21.5250,65.0753,0.0181
21.5750,65.0753,0.0181
21.6250,65.0753,0.0181
24.5750,65.0753,0.0125
24.6250,65.0753,0.0126
24.6750,65.0753,0.0126
24.7250,65.0753,0.0122
24.7750,65.0753,0.0122
24.8250,65.0753,0.0123
24.8750,65.0753,0.0123
24.9250,65.0753,0.0115
24.9750,65.0753,0.0115
25.0250,65.0753,0.0115
25.0750,65.0753,0.0115
25.2250,65.0753,0.0107
25.2750,65.0753,0.0114
25.3250,65.0753,0.0115
25.3750,65.0753,0.0109
25.4250,65.0753,0.0110
25.4750,65.0753,0.0110
25.5250,65.0753,0.0108
25.5750,65.0753,0.0109
25.6250,65.0753,0.0108
25.6750,65.0753,0.0108
25.7250,65.0753,0.0108
25.7750,65.0753,0.0108
25.8250,65.0753,0.0108
25.8750,65.0753,0.0109
25.9250,65.0753,0.0108
25.9750,65.0753,0.0110
26.0250,65.0753,0.0109
26.0750,65.0753,0.0110
26.1250,65.0753,0.0110
26.1750,65.0753,0.0111
26.2250,65.0753,0.0111
26.2750,65.0753,0.0113
26.3250,65.0753,0.0112
26.3750,65.0753,0.0115
26.4250,65.0753,0.0114
26.4750,65.0753,0.0116
26.5250,65.0753,0.0116
26.5750,65.0753,0.0118
26.6250,65.0753,0.0118
26.6750,65.0753,0.0120
26.7250,65.0753,0.0120
26.7750,65.0753,0.0122
26.8250,65.0753,0.0121
26.8750,65.0753,0.0123
26.9250,65.0753,0.0123
26.9750,65.0753,0.0124
27.0250,65.0753,0.0124
27.0750,65.0753,0.0123
27.1250,65.0753,0.0125
27.1750,65.0753,0.0125
27.2250,65.0753,0.0125
27.2750,65.0753,0.0125
27.3250,65.0753,0.0126
27.3750,65.0753,0.0125
27.4250,65.0753,0.0127
27.4750,65.0753,0.0125
27.5250,65.0753,0.0127
27.5750,65.0753,0.0127
27.6250,65.0753,0.0127
27.6750,65.0753,0.0127
27.7250,65.0753,0.0128
27.7750,65.0753,0.0126
27.8250,65.0753,0.0127
27.8750,65.0753,0.0125
27.9250,65.0753,0.0126
27.9750,65.0753,0.0126
28.0250,65.0753,0.0125
28.0750,65.0753,0.0125
28.1250,65.0753,0.0125
28.1750,65.0753,0.0123
28.2250,65.0753,0.0123
28.2750,65.0753,0.0121
28.3250,65.0753,0.0122
28.3750,65.0753,0.0122
28.4250,65.0753,0.0119
28.4750,65.0753,0.0119
28.5250,65.0753,0.0119
28.5750,65.0753,0.0116
28.6250,65.0753,0.0116
28.6750,65.0753,0.0117
28.7250,65.0753,0.0113
28.7750,65.0753,0.0114
28.8250,65.0753,0.0111
28.8750,65.0753,0.0110
28.9250,65.0753,0.0110
28.9750,65.0753,0.0108
29.0250,65.0753,0.0108
29.0750,65.0753,0.0108
29.1250,65.0753,0.0104
29.1750,65.0753,0.0243
29.2250,65.0753,0.0243
29.2750,65.0753,0.0273
29.3250,65.0753,0.0273
29.3750,65.0753,0.0297
29.4250,65.0753,0.0300
29.4750,65.0753,0.0312
29.5250,65.0753,0.0320
29.5750,65.0753,0.0330
29.6250,65.0753,0.0332
29.6750,65.0753,0.0331
29.7250,65.0753,0.0325
29.7750,65.0753,0.0325
29.8250,65.0753,0.0308
29.8750,65.0753,0.0308
29.9250,65.0753,0.0299
29.9750,65.0753,0.0289
30.0250,65.0753,0.0279
30.0750,65.0753,0.0276
30.1250,65.0753,0.0257
30.1750,65.0753,0.0257
30.2250,65.0753,0.0238
30.2750,65.0753,0.0238
30.3250,65.0753,0.0379
30.3750,65.0753,0.0360
30.4250,65.0753,0.0337
30.4750,65.0753,0.0337
30.5250,65.0753,0.0304
30.5750,65.0753,0.0304
30.6250,65.0753,0.0290
30.6750,65.0753,0.0275
30.7250,65.0753,0.0274
30.7750,65.0753,0.0256
30.8250,65.0753,0.0246
30.8750,65.0753,0.0234
30.9250,65.0753,0.0234
30.9750,65.0753,0.0214
31.0250,65.0753,0.0214
31.0750,65.0753,0.0198
31.1250,65.0753,0.0193
31.1750,65.0753,0.0183
31.2250,65.0753,0.0182
31.2750,65.0753,0.0170
31.3250,65.0753,0.0170
31.3750,65.0753,0.0156
31.4250,65.0753,0.0156
31.4750,65.0753,0.0145
31.5250,65.0753,0.0142
31.5750,65.0753,0.0136
20.5250,65.0253,0.0164
20.5750,65.0253,0.0167
20.6250,65.0253,0.0167
20.6750,65.0253,0.0170
20.7250,65.0253,0.0170
20.7750,65.0253,0.0170
20.8250,65.0253,0.0173
20.8750,65.0253,0.0173
20.9250,65.0253,0.0176
20.9750,65.0253,0.0176
21.0250,65.0253,0.0177
21.0750,65.0253,0.0178
21.1250,65.0253,0.0177
21.1750,65.0253,0.0179
21.2250,65.0253,0.0179
21.2750,65.0253,0.0181
21.3250,65.0253,0.0180
21.3750,65.0253,0.0180
21.4250,65.0253,0.0182
21.4750,65.0253,0.0182
21.5250,65.0253,0.0181
21.5750,65.0253,0.0181
24.5750,65.0253,0.0125
24.6250,65.0253,0.0125
24.6750,65.0253,0.0121
24.7250,65.0253,0.0121
24.7750,65.0253,0.0117
24.8250,65.0253,0.0117
24.8750,65.0253,0.0118
24.9250,65.0253,0.0115
24.9750,65.0253,0.0115
25.0250,65.0253,0.0115
25.0750,65.0253,0.0115
25.2250,65.0253,0.0107
25.2750,65.0253,0.0107
25.3250,65.0253,0.0106
25.3750,65.0253,0.0106
25.4250,65.0253,0.0106
25.4750,65.0253,0.0108
25.5250,65.0253,0.0107
25.5750,65.0253,0.0107
25.6250,65.0253,0.0107
25.6750,65.0253,0.0106
25.7250,65.0253,0.0106
25.7750,65.0253,0.0108
25.8250,65.0253,0.0106
25.8750,65.0253,0.0108
25.9250,65.0253,0.0106
25.9750,65.0253,0.0108
26.0250,65.0253,0.0109
26.0750,65.0253,0.0109
26.1250,65.0253,0.0109
26.1750,65.0253,0.0110
26.2250,65.0253,0.0110
26.2750,65.0253,0.0110
26.3250,65.0253,0.0111
26.3750,65.0253,0.0111
26.4250,65.0253,0.0114
26.4750,65.0253,0.0112
26.5250,65.0253,0.0115
26.5750,65.0253,0.0113
26.6250,65.0253,0.0116
26.6750,65.0253,0.0116
26.7250,65.0253,0.0118
26.7750,65.0253,0.0118
26.8250,65.0253,0.0120
26.8750,65.0253,0.0119
26.9250,65.0253,0.0122
26.9750,65.0253,0.0120
27.0250,65.0253,0.0123
27.0750,65.0253,0.0123
27.1250,65.0253,0.0123
27.1750,65.0253,0.0123
27.2250,65.0253,0.0124
27.2750,65.0253,0.0124
27.3250,65.0253,0.0125
27.3750,65.0253,0.0123
27.4250,65.0253,0.0125
27.4750,65.0253,0.0125
27.5250,65.0253,0.0125
27.5750,65.0253,0.0125
27.6250,65.0253,0.0126
27.6750,65.0253,0.0124
27.7250,65.0253,0.0126
27.7750,65.0253,0.0124
27.8250,65.0253,0.0124
27.8750,65.0253,0.0125
27.9250,65.0253,0.0123
27.9750,65.0253,0.0124
28.0250,65.0253,0.0123
28.0750,65.0253,0.0122
28.1250,65.0253,0.0122
28.1750,65.0253,0.0120
28.2250,65.0253,0.0120
28.2750,65.0253,0.0120
28.3250,65.0253,0.0117
28.3750,65.0253,0.0118
28.4250,65.0253,0.0118
28.4750,65.0253,0.0115
28.5250,65.0253,0.0115
28.5750,65.0253,0.0113
28.6250,65.0253,0.0112
28.6750,65.0253,0.0113
28.7250,65.0253,0.0109
28.7750,65.0253,0.0110
28.8250,65.0253,0.0110
28.8750,65.0253,0.0107
28.9250,65.0253,0.0107
28.9750,65.0253,0.0107
29.0250,65.0253,0.0104
29.0750,65.0253,0.0104
29.1250,65.0253,0.0101
29.1750,65.0253,0.0129
29.2250,65.0253,0.0247
29.2750,65.0253,0.0245
29.3250,65.0253,0.0277
29.3750,65.0253,0.0277
29.4250,65.0253,0.0300
29.4750,65.0253,0.0300
29.5250,65.0253,0.0320
29.5750,65.0253,0.0316
29.6250,65.0253,0.0332
29.6750,65.0253,0.0331
29.7250,65.0253,0.0314
29.7750,65.0253,0.0314
29.8250,65.0253,0.0298
29.8750,65.0253,0.0297
29.9250,65.0253,0.0289
29.9750,65.0253,0.0277
30.0250,65.0253,0.0268
30.0750,65.0253,0.0268
30.1250,65.0253,0.0246
30.1750,65.0253,0.0246
30.2250,65.0253,0.0245
30.2750,65.0253,0.0380
30.3250,65.0253,0.0378
30.3750,65.0253,0.0360
30.4250,65.0253,0.0338
30.4750,65.0253,0.0319
30.5250,65.0253,0.0318
30.5750,65.0253,0.0292
30.6250,65.0253,0.0292
30.6750,65.0253,0.0265
30.7250,65.0253,0.0263
30.7750,65.0253,0.0246
30.8250,65.0253,0.0239
30.8750,65.0253,0.0227
30.9250,65.0253,0.0227
30.9750,65.0253,0.0207
31.0250,65.0253,0.0207
31.0750,65.0253,0.0193
31.1250,65.0253,0.0188
31.1750,65.0253,0.0179
31.2250,65.0253,0.0179
31.2750,65.0253,0.0167
31.3250,65.0253,0.0166
31.3750,65.0253,0.0165
31.4250,65.0253,0.0151
31.4750,65.0253,0.0151
31.5250,65.0253,0.0142
31.5750,65.0253,0.0139
20.5250,64.9753,0.0166
20.5750,64.9753,0.0167
20.6250,64.9753,0.0170
20.6750,64.9753,0.0170
20.7250,64.9753,0.0173
20.7750,64.9753,0.0173
20.8250,64.9753,0.0175
20.8750,64.9753,0.0176
20.9250,64.9753,0.0176
20.9750,64.9753,0.0178
21.0250,64.9753,0.0178
21.0750,64.9753,0.0180
21.1250,64.9753,0.0180
21.1750,64.9753,0.0181
21.2250,64.9753,0.0181
21.2750,64.9753,0.0181
21.3250,64.9753,0.0181
21.3750,64.9753,0.0180
21.4250,64.9753,0.0182
24.6250,64.9753,0.0125
24.6750,64.9753,0.0121
24.7250,64.9753,0.0121
24.7750,64.9753,0.0117
24.8250,64.9753,0.0117
24.8750,64.9753,0.0117
25.1750,64.9753,0.0107
25.2250,64.9753,0.0107
25.2750,64.9753,0.0107
25.3250,64.9753,0.0106
25.3750,64.9753,0.0106
25.4250,64.9753,0.0106
25.4750,64.9753,0.0104
25.5250,64.9753,0.0105
25.5750,64.9753,0.0103
25.6250,64.9753,0.0105
25.6750,64.9753,0.0105
25.7250,64.9753,0.0105
25.7750,64.9753,0.0105
25.8250,64.9753,0.0105
25.8750,64.9753,0.0105
25.9250,64.9753,0.0106
25.9750,64.9753,0.0105
26.0250,64.9753,0.0107
26.0750,64.9753,0.0106
26.1250,64.9753,0.0108
26.1750,64.9753,0.0108
26.2250,64.9753,0.0109
26.2750,64.9753,0.0109
26.3250,64.9753,0.0111
26.3750,64.9753,0.0109
26.4250,64.9753,0.0112
26.4750,64.9753,0.0110
26.5250,64.9753,0.0113
26.5750,64.9753,0.0113
26.6250,64.9753,0.0115
26.6750,64.9753,0.0115
26.7250,64.9753,0.0117
26.7750,64.9753,0.0116
26.8250,64.9753,0.0119
26.8750,64.9753,0.0117
26.9250,64.9753,0.0120
26.9750,64.9753,0.0120
27.0250,64.9753,0.0121
27.0750,64.9753,0.0121
27.1250,64.9753,0.0120
27.1750,64.9753,0.0122
27.2250,64.9753,0.0122
27.2750,64.9753,0.0122
27.3250,64.9753,0.0122
27.3750,64.9753,0.0123
27.4250,64.9753,0.0122
27.4750,64.9753,0.0123
27.5250,64.9753,0.0122
27.5750,64.9753,0.0123
27.6250,64.9753,0.0123
27.6750,64.9753,0.0122
27.7250,64.9753,0.0122
27.7750,64.9753,0.0124
27.8250,64.9753,0.0121
27.8750,64.9753,0.0123
27.9250,64.9753,0.0120
27.9750,64.9753,0.0121
28.0250,64.9753,0.0121
28.0750,64.9753,0.0119
28.1250,64.9753,0.0119
28.1750,64.9753,0.0120
28.2250,64.9753,0.0116
28.2750,64.9753,0.0117
28.3250,64.9753,0.0117
28.3750,64.9753,0.0114
28.4250,64.9753,0.0114
28.4750,64.9753,0.0111
28.5250,64.9753,0.0111
28.5750,64.9753,0.0111
28.6250,64.9753,0.0108
28.6750,64.9753,0.0108
28.7250,64.9753,0.0109
28.7750,64.9753,0.0106
28.8250,64.9753,0.0107
28.8750,64.9753,0.0105
28.9250,64.9753,0.0103
28.9750,64.9753,0.0103
29.0250,64.9753,0.0100
29.0750,64.9753,0.0100
29.1250,64.9753,0.0100
29.1750,64.9753,0.0096
29.2250,64.9753,0.0245
29.2750,64.9753,0.0245
29.3250,64.9753,0.0269
29.3750,64.9753,0.0269
29.4250,64.9753,0.0296
29.4750,64.9753,0.0289
29.5250,64.9753,0.0316
29.5750,64.9753,0.0303
29.6250,64.9753,0.0317
29.6750,64.9753,0.0317
29.7250,64.9753,0.0301
29.7750,64.9753,0.0301
29.8250,64.9753,0.0298
29.8750,64.9753,0.0282
29.9250,64.9753,0.0282
29.9750,64.9753,0.0277
30.0250,64.9753,0.0261
30.0750,64.9753,0.0254
30.1250,64.9753,0.0253
30.1750,64.9753,0.0236
30.2250,64.9753,0.0236
30.2750,64.9753,0.0239
30.3250,64.9753,0.0219
30.3750,64.9753,0.0338
30.4250,64.9753,0.0318
30.4750,64.9753,0.0306
30.5250,64.9753,0.0306
30.5750,64.9753,0.0278
30.6250,64.9753,0.0278
30.6750,64.9753,0.0263
30.7250,64.9753,0.0248
30.7750,64.9753,0.0238
30.8250,64.9753,0.0238
30.8750,64.9753,0.0219
30.9250,64.9753,0.0219
30.9750,64.9753,0.0217
31.0250,64.9753,0.0199
31.0750,64.9753,0.0199
31.1250,64.9753,0.0187
31.1750,64.9753,0.0183
31.2250,64.9753,0.0175
31.2750,64.9753,0.0174
31.3250,64.9753,0.0161
31.3750,64.9753,0.0161
31.4250,64.9753,0.0147
31.4750,64.9753,0.0146
31.5250,64.9753,0.0139
31.5750,64.9753,0.0137
20.5250,64.9253,0.0169
20.5750,64.9253,0.0170
20.6250,64.9253,0.0172
20.6750,64.9253,0.0173
20.7250,64.9253,0.0173
20.7750,64.9253,0.0175
20.8250,64.9253,0.0175
20.8750,64.9253,0.0178
20.9250,64.9253,0.0178
20.9750,64.9253,0.0179
21.0250,64.9253,0.0180
21.0750,64.9253,0.0180
21.1250,64.9253,0.0181
21.1750,64.9253,0.0181
21.2250,64.9253,0.0181
21.2750,64.9253,0.0181
24.7250,64.9253,0.0108
24.7750,64.9253,0.0108
24.9750,64.9253,0.0106
25.0250,64.9253,0.0105
25.0750,64.9253,0.0105
25.1250,64.9253,0.0105
25.1750,64.9253,0.0103
25.2250,64.9253,0.0107
25.2750,64.9253,0.0103
25.3250,64.9253,0.0106
25.3750,64.9253,0.0106
25.4250,64.9253,0.0104
25.4750,64.9253,0.0102
25.5250,64.9253,0.0103
25.5750,64.9253,0.0103
25.6250,64.9253,0.0103
25.6750,64.9253,0.0103
25.7250,64.9253,0.0103
25.7750,64.9253,0.0103
25.8250,64.9253,0.0105
25.8750,64.9253,0.0103
25.9250,64.9253,0.0105
25.9750,64.9253,0.0104
26.0250,64.9253,0.0105
26.0750,64.9253,0.0105
26.1250,64.9253,0.0104
26.1750,64.9253,0.0106
26.2250,64.9253,0.0106
26.2750,64.9253,0.0107
26.3250,64.9253,0.0107
26.3750,64.9253,0.0108
26.4250,64.9253,0.0108
26.4750,64.9253,0.0110
26.5250,64.9253,0.0109
26.5750,64.9253,0.0111
26.6250,64.9253,0.0111
26.6750,64.9253,0.0113
26.7250,64.9253,0.0113
26.7750,64.9253,0.0115
26.8250,64.9253,0.0115
26.8750,64.9253,0.0117
26.9250,64.9253,0.0115
26.9750,64.9253,0.0119
27.0250,64.9253,0.0116
27.0750,64.9253,0.0119
27.1250,64.9253,0.0119
27.1750,64.9253,0.0119
27.2250,64.9253,0.0119
27.2750,64.9253,0.0122
27.3250,64.9253,0.0119
27.3750,64.9253,0.0122
27.4250,64.9253,0.0119
27.4750,64.9253,0.0121
27.5250,64.9253,0.0121
27.5750,64.9253,0.0121
27.6250,64.9253,0.0121
27.6750,64.9253,0.0122
27.7250,64.9253,0.0120
27.7750,64.9253,0.0121
27.8250,64.9253,0.0118
27.8750,64.9253,0.0119
27.9250,64.9253,0.0120
27.9750,64.9253,0.0116
28.0250,64.9253,0.0118
28.0750,64.9253,0.0117
28.1250,64.9253,0.0115
28.1750,64.9253,0.0115
28.2250,64.9253,0.0112
28.2750,64.9253,0.0111
28.3250,64.9253,0.0113
28.3750,64.9253,0.0109
28.4250,64.9253,0.0110
28.4750,64.9253,0.0110
28.5250,64.9253,0.0108
28.5750,64.9253,0.0108
28.6250,64.9253,0.0108
28.6750,64.9253,0.0105
28.7250,64.9253,0.0106
28.7750,64.9253,0.0102
28.8250,64.9253,0.0102
28.8750,64.9253,0.0102
28.9250,64.9253,0.0099
28.9750,64.9253,0.0099
29.0250,64.9253,0.0100
29.0750,64.9253,0.0095
29.1250,64.9253,0.0096
29.1750,64.9253,0.0100
29.2250,64.9253,0.0236
29.2750,64.9253,0.0236
29.3250,64.9253,0.0252
29.3750,64.9253,0.0255
29.4250,64.9253,0.0257
29.4750,64.9253,0.0273
29.5250,64.9253,0.0273
29.5750,64.9253,0.0303
29.6250,64.9253,0.0283
29.6750,64.9253,0.0302
29.7250,64.9253,0.0301
29.7750,64.9253,0.0284
29.8250,64.9253,0.0284
29.8750,64.9253,0.0273
29.9250,64.9253,0.0264
29.9750,64.9253,0.0261
30.0250,64.9253,0.0245
30.0750,64.9253,0.0241
30.1250,64.9253,0.0241
30.1750,64.9253,0.0224
30.2250,64.9253,0.0224
30.2750,64.9253,0.0219
30.3250,64.9253,0.0207
30.3750,64.9253,0.0317
30.4250,64.9253,0.0317
30.4750,64.9253,0.0289
30.5250,64.9253,0.0290
30.5750,64.9253,0.0285
30.6250,64.9253,0.0262
30.6750,64.9253,0.0262
30.7250,64.9253,0.0247
30.7750,64.9253,0.0239
30.8250,64.9253,0.0230
30.8750,64.9253,0.0226
30.9250,64.9253,0.0211
30.9750,64.9253,0.0211
31.0250,64.9253,0.0191
31.0750,64.9253,0.0191
31.1250,64.9253,0.0183
31.1750,64.9253,0.0178
31.2250,64.9253,0.0170
31.2750,64.9253,0.0170
31.3250,64.9253,0.0156
31.3750,64.9253,0.0156
31.4250,64.9253,0.0146
31.4750,64.9253,0.0142
31.5250,64.9253,0.0136
31.5750,64.9253,0.0136
20.5250,64.8753,0.0169
20.5750,64.8753,0.0172
20.6250,64.8753,0.0172
20.6750,64.8753,0.0175
20.7250,64.8753,0.0175
20.7750,64.8753,0.0177
20.8250,64.8753,0.0177
20.8750,64.8753,0.0177
20.9250,64.8753,0.0179
20.9750,64.8753,0.0179
21.0250,64.8753,0.0181
21.0750,64.8753,0.0181
21.1250,64.8753,0.0181
21.1750,64.8753,0.0181
21.2250,64.8753,0.0181
21.2750,64.8753,0.0182
24.6750,64.8753,0.0107
24.7250,64.8753,0.0107
24.7750,64.8753,0.0108
24.8250,64.8753,0.0108
24.8750,64.8753,0.0105
24.9250,64.8753,0.0105
24.9750,64.8753,0.0106
25.0250,64.8753,0.0103
25.0750,64.8753,0.0105
25.1250,64.8753,0.0102
25.1750,64.8753,0.0103
25.2250,64.8753,0.0103
25.2750,64.8753,0.0101
25.3250,64.8753,0.0101
25.3750,64.8753,0.0101
25.4250,64.8753,0.0101
25.4750,64.8753,0.0102
25.5250,64.8753,0.0100
25.5750,64.8753,0.0101
25.6250,64.8753,0.0099
25.6750,64.8753,0.0101
25.7250,64.8753,0.0101
25.7750,64.8753,0.0101
25.8250,64.8753,0.0101
25.8750,64.8753,0.0103
25.9250,64.8753,0.0101
25.9750,64.8753,0.0103
26.0250,64.8753,0.0101
26.0750,64.8753,0.0104
26.1250,64.8753,0.0104
26.1750,64.8753,0.0105
26.2250,64.8753,0.0105
26.2750,64.8753,0.0106
26.3250,64.8753,0.0106
26.3750,64.8753,0.0108
26.4250,64.8753,0.0107
26.4750,64.8753,0.0109
26.5250,64.8753,0.0108
26.5750,64.8753,0.0110
26.6250,64.8753,0.0110
26.6750,64.8753,0.0111
26.7250,64.8753,0.0111
26.7750,64.8753,0.0114
26.8250,64.8753,0.0112
26.8750,64.8753,0.0115
26.9250,64.8753,0.0113
26.9750,64.8753,0.0116
27.0250,64.8753,0.0116
27.0750,64.8753,0.0116
27.1250,64.8753,0.0117
27.1750,64.8753,0.0117
27.2250,64.8753,0.0117
27.2750,64.8753,0.0117
27.3250,64.8753,0.0116
27.3750,64.8753,0.0116
27.4250,64.8753,0.0119
27.4750,64.8753,0.0116
27.5250,64.8753,0.0118
27.5750,64.8753,0.0118
27.6250,64.8753,0.0118
27.6750,64.8753,0.0118
27.7250,64.8753,0.0116
27.7750,64.8753,0.0116
27.8250,64.8753,0.0118
27.8750,64.8753,0.0114
27.9250,64.8753,0.0116
27.9750,64.8753,0.0115
28.0250,64.8753,0.0114
28.0750,64.8753,0.0114
28.1250,64.8753,0.0111
28.1750,64.8753,0.0111
28.2250,64.8753,0.0111
28.2750,64.8753,0.0108
28.3250,64.8753,0.0109
28.3750,64.8753,0.0109
28.4250,64.8753,0.0107
28.4750,64.8753,0.0107
28.5250,64.8753,0.0105
28.5750,64.8753,0.0104
28.6250,64.8753,0.0105
28.6750,64.8753,0.0101
28.7250,64.8753,0.0102
28.7750,64.8753,0.0102
28.8250,64.8753,0.0098
28.8750,64.8753,0.0099
28.9250,64.8753,0.0098
28.9750,64.8753,0.0095
29.0250,64.8753,0.0095
29.0750,64.8753,0.0090
29.1250,64.8753,0.0090
29.1750,64.8753,0.0206
29.2250,64.8753,0.0087
29.2750,64.8753,0.0225
29.3250,64.8753,0.0225
29.3750,64.8753,0.0238
29.4250,64.8753,0.0238
29.4750,64.8753,0.0272
29.5250,64.8753,0.0247
29.5750,64.8753,0.0283
29.6250,64.8753,0.0272
29.6750,64.8753,0.0283
29.7250,64.8753,0.0283
29.7750,64.8753,0.0265
29.8250,64.8753,0.0264
29.8750,64.8753,0.0264
29.9250,64.8753,0.0244
29.9750,64.8753,0.0244
30.0250,64.8753,0.0244
30.0750,64.8753,0.0228
30.1250,64.8753,0.0228
30.1750,64.8753,0.0227
30.2250,64.8753,0.0211
30.2750,64.8753,0.0211
30.3250,64.8753,0.0204
30.3750,64.8753,0.0193
30.4250,64.8753,0.0189
30.4750,64.8753,0.0184
30.5250,64.8753,0.0273
30.5750,64.8753,0.0273
30.6250,64.8753,0.0246
30.6750,64.8753,0.0246
30.7250,64.8753,0.0239
30.7750,64.8753,0.0229
30.8250,64.8753,0.0221
30.8750,64.8753,0.0221
30.9250,64.8753,0.0202
30.9750,64.8753,0.0202
31.0250,64.8753,0.0190
31.0750,64.8753,0.0185
31.1250,64.8753,0.0178
31.1750,64.8753,0.0178
31.2250,64.8753,0.0165
31.2750,64.8753,0.0164
31.3250,64.8753,0.0163
31.3750,64.8753,0.0150
31.4250,64.8753,0.0150
31.4750,64.8753,0.0141
31.5250,64.8753,0.0138
31.5750,64.8753,0.0133
20.5250,64.8254,0.0171
20.5750,64.8254,0.0172
20.6250,64.8254,0.0174
20.6750,64.8254,0.0175
20.7250,64.8254,0.0177
20.7750,64.8254,0.0177
20.8250,64.8254,0.0178
20.8750,64.8254,0.0179
20.9250,64.8254,0.0180
20.9750,64.8254,0.0181
21.0250,64.8254,0.0181
21.0750,64.8254,0.0181
21.1250,64.8254,0.0183
21.1750,64.8254,0.0183
24.5250,64.8254,0.0109
24.5750,64.8254,0.0109
24.6250,64.8254,0.0109
24.6750,64.8254,0.0107
24.7250,64.8254,0.0107
24.7750,64.8254,0.0105
24.8250,64.8254,0.0104
24.8750,64.8254,0.0105
24.9250,64.8254,0.0102
24.9750,64.8254,0.0103
25.0250,64.8254,0.0101
25.0750,64.8254,0.0102
25.1250,64.8254,0.0102
25.1750,64.8254,0.0100
25.2250,64.8254,0.0100
25.2750,64.8254,0.0100
25.3250,64.8254,0.0099
25.3750,64.8254,0.0101
25.4250,64.8254,0.0098
25.4750,64.8254,0.0100
25.5250,64.8254,0.0098
25.5750,64.8254,0.0099
25.6250,64.8254,0.0099
25.6750,64.8254,0.0099
25.7250,64.8254,0.0099
25.7750,64.8254,0.0100
25.8250,64.8254,0.0099
25.8750,64.8254,0.0101
25.9250,64.8254,0.0099
25.9750,64.8254,0.0100
26.0250,64.8254,0.0101
26.0750,64.8254,0.0100
26.1250,64.8254,0.0102
26.1750,64.8254,0.0100
26.2250,64.8254,0.0103
26.2750,64.8254,0.0103
26.3250,64.8254,0.0103
26.3750,64.8254,0.0103
26.4250,64.8254,0.0106
26.4750,64.8254,0.0105
26.5250,64.8254,0.0107
26.5750,64.8254,0.0105
26.6250,64.8254,0.0108
26.6750,64.8254,0.0108
26.7250,64.8254,0.0109
26.7750,64.8254,0.0109
26.8250,64.8254,0.0110
26.8750,64.8254,0.0110
26.9250,64.8254,0.0113
26.9750,64.8254,0.0111
27.0250,64.8254,0.0114
27.0750,64.8254,0.0113
27.1250,64.8254,0.0114
27.1750,64.8254,0.0114
27.2250,64.8254,0.0114
27.2750,64.8254,0.0114
27.3250,64.8254,0.0116
27.3750,64.8254,0.0114
27.4250,64.8254,0.0116
27.4750,64.8254,0.0114
27.5250,64.8254,0.0115
27.5750,64.8254,0.0115
27.6250,64.8254,0.0114
27.6750,64.8254,0.0114
27.7250,64.8254,0.0116
27.7750,64.8254,0.0113
27.8250,64.8254,0.0114
27.8750,64.8254,0.0112
27.9250,64.8254,0.0112
27.9750,64.8254,0.0112
28.0250,64.8254,0.0109
28.0750,64.8254,0.0109
28.1250,64.8254,0.0110
28.1750,64.8254,0.0107
28.2250,64.8254,0.0107
28.2750,64.8254,0.0108
28.3250,64.8254,0.0105
28.3750,64.8254,0.0106
28.4250,64.8254,0.0102
28.4750,64.8254,0.0103
28.5250,64.8254,0.0103
28.5750,64.8254,0.0100
28.6250,64.8254,0.0100
28.6750,64.8254,0.0101
28.7250,64.8254,0.0096
28.7750,64.8254,0.0098
28.8250,64.8254,0.0095
28.8750,64.8254,0.0094
28.9250,64.8254,0.0094
28.9750,64.8254,0.0090
29.0250,64.8254,0.0090
29.0750,64.8254,0.0090
29.1250,64.8254,0.0085
29.1750,64.8254,0.0086
29.2250,64.8254,0.0086
29.2750,64.8254,0.0205
29.3250,64.8254,0.0205
29.3750,64.8254,0.0224
29.4250,64.8254,0.0217
29.4750,64.8254,0.0247
29.5250,64.8254,0.0225
29.5750,64.8254,0.0249
29.6250,64.8254,0.0254
29.6750,64.8254,0.0236
29.7250,64.8254,0.0262
29.7750,64.8254,0.0261
29.8250,64.8254,0.0243
29.8750,64.8254,0.0243
29.9250,64.8254,0.0244
29.9750,64.8254,0.0228
30.0250,64.8254,0.0229
30.0750,64.8254,0.0220
30.1250,64.8254,0.0213
30.1750,64.8254,0.0213
30.2250,64.8254,0.0196
30.2750,64.8254,0.0196
30.3250,64.8254,0.0193
30.3750,64.8254,0.0182
30.4250,64.8254,0.0180
30.4750,64.8254,0.0180
30.5250,64.8254,0.0255
30.5750,64.8254,0.0255
30.6250,64.8254,0.0245
30.6750,64.8254,0.0235
30.7250,64.8254,0.0229
30.7750,64.8254,0.0229
30.8250,64.8254,0.0211
30.8750,64.8254,0.0211
30.9250,64.8254,0.0206
30.9750,64.8254,0.0191
31.0250,64.8254,0.0191
31.0750,64.8254,0.0178
31.1250,64.8254,0.0178
31.1750,64.8254,0.0172
31.2250,64.8254,0.0166
31.2750,64.8254,0.0158
31.3250,64.8254,0.0158
31.3750,64.8254,0.0144
31.4250,64.8254,0.0144
31.4750,64.8254,0.0138
31.5250,64.8254,0.0134
31.5750,64.8254,0.0128
20.5250,64.7754,0.0174
20.5750,64.7754,0.0174
20.6250,64.7754,0.0176
20.6750,64.7754,0.0176
20.7250,64.7754,0.0177
20.7750,64.7754,0.0178
20.8250,64.7754,0.0178
20.8750,64.7754,0.0180
20.9250,64.7754,0.0180
20.9750,64.7754,0.0181
21.0250,64.7754,0.0182
21.0750,64.7754,0.0182
21.1250,64.7754,0.0183
21.1750,64.7754,0.0183
21.2250,64.7754,0.0184
21.2750,64.7754,0.0184
24.5750,64.7754,0.0106
24.6250,64.7754,0.0106
24.6750,64.7754,0.0103
24.7250,64.7754,0.0103
24.7750,64.7754,0.0103
24.8250,64.7754,0.0101
24.8750,64.7754,0.0101
24.9250,64.7754,0.0101
24.9750,64.7754,0.0099
25.0250,64.7754,0.0101
25.0750,64.7754,0.0097
25.1250,64.7754,0.0099
25.1750,64.7754,0.0097
25.2250,64.7754,0.0097
25.2750,64.7754,0.0097
25.3250,64.7754,0.0096
25.3750,64.7754,0.0096
25.4250,64.7754,0.0098
25.4750,64.7754,0.0095
25.5250,64.7754,0.0097
25.5750,64.7754,0.0094
25.6250,64.7754,0.0097
25.6750,64.7754,0.0096
25.7250,64.7754,0.0096
25.7750,64.7754,0.0096
25.8250,64.7754,0.0096
25.8750,64.7754,0.0096
25.9250,64.7754,0.0099
25.9750,64.7754,0.0097
26.0250,64.7754,0.0099
26.0750,64.7754,0.0097
26.1250,64.7754,0.0100
26.1750,64.7754,0.0100
26.2250,64.7754,0.0101
26.2750,64.7754,0.0101
26.3250,64.7754,0.0103
26.3750,64.7754,0.0101
26.4250,64.7754,0.0105
26.4750,64.7754,0.0102
26.5250,64.7754,0.0105
26.5750,64.7754,0.0105
26.6250,64.7754,0.0107
26.6750,64.7754,0.0107
26.7250,64.7754,0.0108
26.7750,64.7754,0.0108
26.8250,64.7754,0.0110
26.8750,64.7754,0.0108
26.9250,64.7754,0.0111
26.9750,64.7754,0.0110
27.0250,64.7754,0.0111
27.0750,64.7754,0.0111
27.1250,64.7754,0.0110
27.1750,64.7754,0.0111
27.2250,64.7754,0.0112
27.2750,64.7754,0.0110
27.3250,64.7754,0.0110
27.3750,64.7754,0.0111
27.4250,64.7754,0.0110
27.4750,64.7754,0.0113
27.5250,64.7754,0.0110
27.5750,64.7754,0.0112
27.6250,64.7754,0.0112
27.6750,64.7754,0.0111
27.7250,64.7754,0.0111
27.7750,64.7754,0.0109
27.8250,64.7754,0.0109
27.8750,64.7754,0.0110
27.9250,64.7754,0.0107
27.9750,64.7754,0.0108
28.0250,64.7754,0.0108
28.0750,64.7754,0.0106
28.1250,64.7754,0.0106
28.1750,64.7754,0.0104
28.2250,64.7754,0.0103
28.2750,64.7754,0.0105
28.3250,64.7754,0.0101
28.3750,64.7754,0.0102
28.4250,64.7754,0.0102
28.4750,64.7754,0.0099
28.5250,64.7754,0.0099
28.5750,64.7754,0.0099
28.6250,64.7754,0.0096
28.6750,64.7754,0.0096
28.7250,64.7754,0.0092
28.7750,64.7754,0.0093
28.8250,64.7754,0.0093
28.8750,64.7754,0.0089
28.9250,64.7754,0.0089
28.9750,64.7754,0.0089
29.0250,64.7754,0.0085
29.0750,64.7754,0.0085
29.1250,64.7754,0.0084
29.1750,64.7754,0.0082
29.2250,64.7754,0.0083
29.2750,64.7754,0.0080
29.3250,64.7754,0.0184
29.3750,64.7754,0.0184
29.4250,64.7754,0.0192
29.4750,64.7754,0.0192
29.5250,64.7754,0.0225
29.5750,64.7754,0.0199
29.6250,64.7754,0.0228
29.6750,64.7754,0.0227
29.7250,64.7754,0.0227
29.7750,64.7754,0.0227
29.8250,64.7754,0.0214
29.8750,64.7754,0.0212
29.9250,64.7754,0.0228
29.9750,64.7754,0.0191
30.0250,64.7754,0.0208
30.0750,64.7754,0.0208
30.1250,64.7754,0.0197
30.1750,64.7754,0.0197
30.2250,64.7754,0.0195
30.2750,64.7754,0.0183
30.3250,64.7754,0.0182
30.3750,64.7754,0.0182
30.4250,64.7754,0.0170
30.4750,64.7754,0.0170
30.5250,64.7754,0.0171
30.5750,64.7754,0.0240
30.6250,64.7754,0.0240
30.6750,64.7754,0.0223
30.7250,64.7754,0.0223
30.7750,64.7754,0.0218
30.8250,64.7754,0.0206
30.8750,64.7754,0.0199
30.9250,64.7754,0.0199
30.9750,64.7754,0.0184
31.0250,64.7754,0.0184
31.0750,64.7754,0.0178
31.1250,64.7754,0.0171
31.1750,64.7754,0.0165
31.2250,64.7754,0.0165
31.2750,64.7754,0.0151
31.3250,64.7754,0.0151
31.3750,64.7754,0.0143
31.4250,64.7754,0.0139
31.4750,64.7754,0.0134
31.5250,64.7754,0.0134
31.5750,64.7754,0.0124
20.5250,64.7254,0.0174
20.5750,64.7254,0.0176
20.6250,64.7254,0.0176
20.6750,64.7254,0.0178
20.7250,64.7254,0.0178
20.7750,64.7254,0.0180
20.8250,64.7254,0.0180
20.8750,64.7254,0.0180
20.9250,64.7254,0.0181
20.9750,64.7254,0.0181
21.0250,64.7254,0.0182
21.0750,64.7254,0.0182
21.1250,64.7254,0.0183
21.1750,64.7254,0.0183
21.2250,64.7254,0.0184
21.2750,64.7254,0.0184
24.4250,64.7254,0.0103
24.4750,64.7254,0.0103
24.5250,64.7254,0.0103
24.5750,64.7254,0.0101
24.6250,64.7254,0.0102
24.6750,64.7254,0.0102
24.7250,64.7254,0.0100
24.7750,64.7254,0.0100
24.8250,64.7254,0.0101
24.8750,64.7254,0.0098
24.9250,64.7254,0.0099
24.9750,64.7254,0.0096
25.0250,64.7254,0.0097
25.0750,64.7254,0.0097
25.1250,64.7254,0.0096
25.1750,64.7254,0.0096
25.2250,64.7254,0.0095
25.2750,64.7254,0.0095
25.3250,64.7254,0.0096
25.3750,64.7254,0.0093
25.4250,64.7254,0.0095
25.4750,64.7254,0.0093
25.5250,64.7254,0.0094
25.5750,64.7254,0.0094
25.6250,64.7254,0.0094
25.6750,64.7254,0.0094
25.7250,64.7254,0.0093
25.7750,64.7254,0.0094
25.8250,64.7254,0.0095
25.8750,64.7254,0.0094
25.9250,64.7254,0.0095
25.9750,64.7254,0.0095
26.0250,64.7254,0.0095
26.0750,64.7254,0.0097
26.1250,64.7254,0.0095
26.1750,64.7254,0.0098
26.2250,64.7254,0.0097
26.2750,64.7254,0.0099
26.3250,64.7254,0.0099
26.3750,64.7254,0.0099
26.4250,64.7254,0.0099
26.4750,64.7254,0.0102
26.5250,64.7254,0.0100
26.5750,64.7254,0.0104
26.6250,64.7254,0.0101
26.6750,64.7254,0.0104
26.7250,64.7254,0.0104
26.7750,64.7254,0.0105
26.8250,64.7254,0.0105
26.8750,64.7254,0.0107
26.9250,64.7254,0.0106
26.9750,64.7254,0.0108
27.0250,64.7254,0.0106
27.0750,64.7254,0.0109
27.1250,64.7254,0.0109
27.1750,64.7254,0.0108
27.2250,64.7254,0.0108
27.2750,64.7254,0.0108
27.3250,64.7254,0.0108
27.3750,64.7254,0.0110
27.4250,64.7254,0.0108
27.4750,64.7254,0.0110
27.5250,64.7254,0.0110
27.5750,64.7254,0.0109
27.6250,64.7254,0.0109
27.6750,64.7254,0.0108
27.7250,64.7254,0.0107
27.7750,64.7254,0.0109
27.8250,64.7254,0.0106
27.8750,64.7254,0.0107
27.9250,64.7254,0.0107
27.9750,64.7254,0.0105
28.0250,64.7254,0.0105
28.0750,64.7254,0.0103
28.1250,64.7254,0.0102
28.1750,64.7254,0.0103
28.2250,64.7254,0.0099
28.2750,64.7254,0.0100
28.3250,64.7254,0.0101
28.3750,64.7254,0.0096
28.4250,64.7254,0.0098
28.4750,64.7254,0.0095
28.5250,64.7254,0.0095
28.5750,64.7254,0.0095
28.6250,64.7254,0.0091
28.6750,64.7254,0.0091
28.7250,64.7254,0.0092
28.7750,64.7254,0.0087
28.8250,64.7254,0.0088
28.8750,64.7254,0.0088
28.9250,64.7254,0.0084
28.9750,64.7254,0.0084
29.0250,64.7254,0.0081
29.0750,64.7254,0.0081
29.1250,64.7254,0.0082
29.1750,64.7254,0.0079
29.2250,64.7254,0.0080
29.2750,64.7254,0.0080
29.3250,64.7254,0.0166
29.3750,64.7254,0.0166
29.4250,64.7254,0.0187
29.4750,64.7254,0.0172
29.5250,64.7254,0.0199
29.5750,64.7254,0.0176
29.6250,64.7254,0.0199
29.6750,64.7254,0.0199
29.7250,64.7254,0.0191
29.7750,64.7254,0.0191
29.8250,64.7254,0.0210
29.8750,64.7254,0.0178
29.9250,64.7254,0.0184
29.9750,64.7254,0.0191
30.0250,64.7254,0.0172
30.0750,64.7254,0.0196
30.1250,64.7254,0.0192
30.1750,64.7254,0.0183
30.2250,64.7254,0.0183
30.2750,64.7254,0.0171
30.3250,64.7254,0.0171
30.3750,64.7254,0.0171
30.4250,64.7254,0.0160
30.4750,64.7254,0.0159
30.5250,64.7254,0.0159
30.5750,64.7254,0.0227
30.6250,64.7254,0.0227
30.6750,64.7254,0.0223
30.7250,64.7254,0.0210
30.7750,64.7254,0.0206
30.8250,64.7254,0.0206
30.8750,64.7254,0.0188
30.9250,64.7254,0.0188
30.9750,64.7254,0.0180
31.0250,64.7254,0.0176
31.0750,64.7254,0.0171
31.1250,64.7254,0.0167
31.1750,64.7254,0.0157
31.2250,64.7254,0.0157
31.2750,64.7254,0.0150
31.3250,64.7254,0.0143
31.3750,64.7254,0.0143
31.4250,64.7254,0.0134
31.4750,64.7254,0.0134
31.5250,64.7254,0.0129
31.5750,64.7254,0.0123
20.5250,64.6754,0.0175
20.5750,64.6754,0.0177
20.6250,64.6754,0.0177
20.6750,64.6754,0.0178
20.7250,64.6754,0.0179
20.7750,64.6754,0.0180
20.8250,64.6754,0.0180
20.8750,64.6754,0.0181
20.9250,64.6754,0.0182
20.9750,64.6754,0.0182
21.0250,64.6754,0.0183
21.0750,64.6754,0.0183
21.1250,64.6754,0.0183
21.1750,64.6754,0.0183
21.2250,64.6754,0.0183
21.2750,64.6754,0.0183
21.3250,64.6754,0.0183
24.3750,64.6754,0.0099
24.4250,64.6754,0.0103
24.4750,64.6754,0.0103
24.5250,64.6754,0.0100
24.5750,64.6754,0.0101
24.6250,64.6754,0.0098
24.6750,64.6754,0.0099
24.7250,64.6754,0.0099
24.7750,64.6754,0.0097
24.8250,64.6754,0.0097
24.8750,64.6754,0.0095
24.9250,64.6754,0.0095
24.9750,64.6754,0.0096
25.0250,64.6754,0.0093
25.0750,64.6754,0.0094
25.1250,64.6754,0.0092
25.1750,64.6754,0.0093
25.2250,64.6754,0.0093
25.2750,64.6754,0.0092
25.3250,64.6754,0.0092
25.3750,64.6754,0.0091
25.4250,64.6754,0.0091
25.4750,64.6754,0.0093
25.5250,64.6754,0.0090
25.5750,64.6754,0.0092
25.6250,64.6754,0.0090
25.6750,64.6754,0.0092
25.7250,64.6754,0.0092
25.7750,64.6754,0.0092
25.8250,64.6754,0.0092
25.8750,64.6754,0.0093
25.9250,64.6754,0.0092
25.9750,64.6754,0.0094
26.0250,64.6754,0.0092
26.0750,64.6754,0.0095
26.1250,64.6754,0.0094
26.1750,64.6754,0.0096
26.2250,64.6754,0.0096
26.2750,64.6754,0.0096
26.3250,64.6754,0.0096
26.3750,64.6754,0.0099
26.4250,64.6754,0.0097
26.4750,64.6754,0.0100
26.5250,64.6754,0.0098
26.5750,64.6754,0.0101
26.6250,64.6754,0.0101
26.6750,64.6754,0.0102
26.7250,64.6754,0.0102
26.7750,64.6754,0.0104
26.8250,64.6754,0.0103
26.8750,64.6754,0.0106
26.9250,64.6754,0.0104
26.9750,64.6754,0.0106
27.0250,64.6754,0.0106
27.0750,64.6754,0.0106
27.1250,64.6754,0.0106
27.1750,64.6754,0.0106
27.2250,64.6754,0.0106
27.2750,64.6754,0.0107
27.3250,64.6754,0.0105
27.3750,64.6754,0.0106
27.4250,64.6754,0.0107
27.4750,64.6754,0.0105
27.5250,64.6754,0.0107
27.5750,64.6754,0.0104
27.6250,64.6754,0.0106
27.6750,64.6754,0.0106
27.7250,64.6754,0.0104
27.7750,64.6754,0.0104
27.8250,64.6754,0.0106
27.8750,64.6754,0.0102
27.9250,64.6754,0.0104
27.9750,64.6754,0.0100
28.0250,64.6754,0.0101
28.0750,64.6754,0.0101
28.1250,64.6754,0.0098
28.1750,64.6754,0.0098
28.2250,64.6754,0.0099
28.2750,64.6754,0.0095
28.3250,64.6754,0.0096
28.3750,64.6754,0.0092
28.4250,64.6754,0.0093
28.4750,64.6754,0.0093
28.5250,64.6754,0.0089
28.5750,64.6754,0.0089
28.6250,64.6754,0.0091
28.6750,64.6754,0.0086
28.7250,64.6754,0.0087
28.7750,64.6754,0.0084
28.8250,64.6754,0.0084
28.8750,64.6754,0.0084
28.9250,64.6754,0.0081
28.9750,64.6754,0.0081
29.0250,64.6754,0.0081
29.0750,64.6754,0.0078
29.1250,64.6754,0.0079
29.1750,64.6754,0.0079
29.2250,64.6754,0.0076
29.2750,64.6754,0.0076
29.3250,64.6754,0.0074
29.3750,64.6754,0.0074
29.4250,64.6754,0.0076
29.4750,64.6754,0.0149
29.5250,64.6754,0.0149
29.5750,64.6754,0.0174
29.6250,64.6754,0.0152
29.6750,64.6754,0.0172
29.7250,64.6754,0.0171
29.7750,64.6754,0.0168
29.8250,64.6754,0.0168
29.8750,64.6754,0.0174
29.9250,64.6754,0.0171
29.9750,64.6754,0.0170
30.0250,64.6754,0.0170
30.0750,64.6754,0.0171
30.1250,64.6754,0.0171
30.1750,64.6754,0.0170
30.2250,64.6754,0.0170
30.2750,64.6754,0.0171
30.3250,64.6754,0.0159
30.3750,64.6754,0.0159
30.4250,64.6754,0.0159
30.4750,64.6754,0.0147
30.5250,64.6754,0.0147
30.5750,64.6754,0.0220
30.6250,64.6754,0.0212
30.6750,64.6754,0.0210
30.7250,64.6754,0.0197
30.7750,64.6754,0.0192
30.8250,64.6754,0.0192
30.8750,64.6754,0.0184
30.9250,64.6754,0.0179
30.9750,64.6754,0.0179
31.0250,64.6754,0.0167
31.0750,64.6754,0.0167
31.1250,64.6754,0.0163
31.1750,64.6754,0.0153
31.2250,64.6754,0.0148
31.2750,64.6754,0.0148
31.3250,64.6754,0.0138
31.3750,64.6754,0.0138
31.4250,64.6754,0.0134
31.4750,64.6754,0.0128
31.5250,64.6754,0.0123
31.5750,64.6754,0.0123
20.5250,64.6254,0.0177
20.5750,64.6254,0.0177
20.6250,64.6254,0.0179
20.6750,64.6254,0.0179
20.7250,64.6254,0.0180
20.7750,64.6254,0.0180
20.8250,64.6254,0.0180
20.8750,64.6254,0.0181
20.9250,64.6254,0.0182
20.9750,64.6254,0.0183
21.0250,64.6254,0.0183
21.0750,64.6254,0.0183
21.1250,64.6254,0.0183
21.1750,64.6254,0.0183
21.2250,64.6254,0.0183
21.2750,64.6254,0.0183
21.3250,64.6254,0.0183
21.3750,64.6254,0.0183
21.4750,64.6254,0.0182
21.5250,64.6254,0.0182
24.3750,64.6254,0.0099
24.4250,64.6254,0.0099
24.4750,64.6254,0.0100
24.5250,64.6254,0.0097
24.5750,64.6254,0.0098
24.6250,64.6254,0.0098
24.6750,64.6254,0.0096
24.7250,64.6254,0.0096
24.7750,64.6254,0.0094
24.8250,64.6254,0.0094
24.8750,64.6254,0.0095
24.9250,64.6254,0.0092
24.9750,64.6254,0.0093
25.0250,64.6254,0.0090
25.0750,64.6254,0.0092
25.1250,64.6254,0.0092
25.1750,64.6254,0.0090
25.2250,64.6254,0.0090
25.2750,64.6254,0.0089
25.3250,64.6254,0.0089
25.3750,64.6254,0.0090
25.4250,64.6254,0.0088
25.4750,64.6254,0.0089
25.5250,64.6254,0.0087
25.5750,64.6254,0.0088
25.6250,64.6254,0.0089
25.6750,64.6254,0.0087
25.7250,64.6254,0.0089
25.7750,64.6254,0.0088
25.8250,64.6254,0.0089
25.8750,64.6254,0.0089
25.9250,64.6254,0.0089
25.9750,64.6254,0.0089
26.0250,64.6254,0.0092
26.0750,64.6254,0.0090
26.1250,64.6254,0.0092
26.1750,64.6254,0.0090
26.2250,64.6254,0.0093
26.2750,64.6254,0.0093
26.3250,64.6254,0.0094
26.3750,64.6254,0.0094
26.4250,64.6254,0.0094
26.4750,64.6254,0.0094
26.5250,64.6254,0.0098
26.5750,64.6254,0.0095
26.6250,64.6254,0.0098
26.6750,64.6254,0.0097
26.7250,64.6254,0.0099
26.7750,64.6254,0.0099
26.8250,64.6254,0.0100
26.8750,64.6254,0.0100
26.9250,64.6254,0.0104
26.9750,64.6254,0.0101
27.0250,64.6254,0.0104
27.0750,64.6254,0.0101
27.1250,64.6254,0.0104
27.1750,64.6254,0.0104
27.2250,64.6254,0.0103
27.2750,64.6254,0.0103
27.3250,64.6254,0.0105
27.3750,64.6254,0.0102
27.4250,64.6254,0.0105
27.4750,64.6254,0.0101
27.5250,64.6254,0.0103
27.5750,64.6254,0.0103
27.6250,64.6254,0.0102
27.6750,64.6254,0.0102
27.7250,64.6254,0.0102
27.7750,64.6254,0.0100
27.8250,64.6254,0.0102
27.8750,64.6254,0.0098
27.9250,64.6254,0.0099
27.9750,64.6254,0.0099
28.0250,64.6254,0.0097
28.0750,64.6254,0.0097
28.1250,64.6254,0.0095
28.1750,64.6254,0.0093
28.2250,64.6254,0.0095
28.2750,64.6254,0.0090
28.3250,64.6254,0.0092
28.3750,64.6254,0.0092
28.4250,64.6254,0.0088
28.4750,64.6254,0.0088
28.5250,64.6254,0.0088
28.5750,64.6254,0.0085
28.6250,64.6254,0.0085
28.6750,64.6254,0.0082
28.7250,64.6254,0.0082
28.7750,64.6254,0.0083
28.8250,64.6254,0.0079
28.8750,64.6254,0.0080
28.9250,64.6254,0.0080
28.9750,64.6254,0.0077
29.0250,64.6254,0.0077
29.0750,64.6254,0.0076
29.1250,64.6254,0.0075
29.1750,64.6254,0.0076
29.2250,64.6254,0.0072
29.2750,64.6254,0.0073
29.3250,64.6254,0.0073
29.3750,64.6254,0.0070
29.4250,64.6254,0.0070
29.4750,64.6254,0.0147
29.5250,64.6254,0.0068
29.5750,64.6254,0.0152
29.6250,64.6254,0.0151
29.6750,64.6254,0.0161
29.7250,64.6254,0.0161
29.7750,64.6254,0.0166
29.8250,64.6254,0.0166
29.8750,64.6254,0.0171
29.9250,64.6254,0.0169
29.9750,64.6254,0.0170
30.0250,64.6254,0.0170
30.0750,64.6254,0.0168
30.1250,64.6254,0.0168
30.1750,64.6254,0.0167
30.2250,64.6254,0.0157
30.2750,64.6254,0.0158
30.3250,64.6254,0.0151
30.3750,64.6254,0.0146
30.4250,64.6254,0.0147
30.4750,64.6254,0.0140
30.5250,64.6254,0.0138
30.5750,64.6254,0.0138
30.6250,64.6254,0.0196
30.6750,64.6254,0.0196
30.7250,64.6254,0.0195
30.7750,64.6254,0.0183
30.8250,64.6254,0.0182
30.8750,64.6254,0.0182
30.9250,64.6254,0.0170
30.9750,64.6254,0.0170
31.0250,64.6254,0.0166
31.0750,64.6254,0.0157
31.1250,64.6254,0.0153
31.1750,64.6254,0.0153
31.2250,64.6254,0.0141
31.2750,64.6254,0.0141
31.3250,64.6254,0.0132
31.3750,64.6254,0.0131
31.4250,64.6254,0.0128
31.4750,64.6254,0.0120
31.5250,64.6254,0.0116
31.5750,64.6254,0.0116
20.5250,64.5754,0.0177
20.5750,64.5754,0.0178
20.6250,64.5754,0.0178
20.6750,64.5754,0.0180
20.7250,64.5754,0.0180
20.7750,64.5754,0.0181
20.8250,64.5754,0.0181
20.8750,64.5754,0.0182
20.9250,64.5754,0.0182
20.9750,64.5754,0.0183
21.0250,64.5754,0.0183
21.0750,64.5754,0.0183
21.1250,64.5754,0.0183
21.1750,64.5754,0.0183
21.2250,64.5754,0.0183
21.2750,64.5754,0.0183
21.3250,64.5754,0.0183
21.3750,64.5754,0.0183
21.4250,64.5754,0.0182
21.4750,64.5754,0.0182
24.3750,64.5754,0.0096
24.4250,64.5754,0.0099
24.4750,64.5754,0.0096
24.5250,64.5754,0.0097
24.5750,64.5754,0.0094
24.6250,64.5754,0.0095
24.6750,64.5754,0.0092
24.7250,64.5754,0.0093
24.7750,64.5754,0.0093
24.8250,64.5754,0.0091
24.8750,64.5754,0.0091
24.9250,64.5754,0.0090
24.9750,64.5754,0.0089
25.0250,64.5754,0.0090
25.0750,64.5754,0.0087
25.1250,64.5754,0.0089
25.1750,64.5754,0.0087
25.2250,64.5754,0.0087
25.2750,64.5754,0.0087
25.3250,64.5754,0.0086
25.3750,64.5754,0.0086
25.4250,64.5754,0.0087
25.4750,64.5754,0.0085
25.5250,64.5754,0.0087
25.5750,64.5754,0.0085
25.6250,64.5754,0.0087
25.6750,64.5754,0.0086
25.7250,64.5754,0.0087
25.7750,64.5754,0.0087
25.8250,64.5754,0.0086
25.8750,64.5754,0.0086
25.9250,64.5754,0.0089
25.9750,64.5754,0.0087
26.0250,64.5754,0.0090
26.0750,64.5754,0.0087
26.1250,64.5754,0.0090
26.1750,64.5754,0.0090
26.2250,64.5754,0.0091
26.2750,64.5754,0.0091
26.3250,64.5754,0.0091
26.3750,64.5754,0.0091
26.4250,64.5754,0.0094
26.4750,64.5754,0.0092
26.5250,64.5754,0.0095
26.5750,64.5754,0.0094
26.6250,64.5754,0.0096
26.6750,64.5754,0.0096
26.7250,64.5754,0.0097
26.7750,64.5754,0.0097
26.8250,64.5754,0.0100
26.8750,64.5754,0.0097
26.9250,64.5754,0.0101
26.9750,64.5754,0.0098
27.0250,64.5754,0.0101
27.0750,64.5754,0.0101
27.1250,64.5754,0.0101
27.1750,64.5754,0.0101
27.2250,64.5754,0.0101
27.2750,64.5754,0.0100
27.3250,64.5754,0.0102
27.3750,64.5754,0.0099
27.4250,64.5754,0.0100
27.4750,64.5754,0.0101
27.5250,64.5754,0.0098
27.5750,64.5754,0.0100
27.6250,64.5754,0.0097
27.6750,64.5754,0.0098
27.7250,64.5754,0.0098
27.7750,64.5754,0.0096
27.8250,64.5754,0.0096
27.8750,64.5754,0.0098
27.9250,64.5754,0.0093
27.9750,64.5754,0.0095
28.0250,64.5754,0.0092
28.0750,64.5754,0.0092
28.1250,64.5754,0.0092
28.1750,64.5754,0.0088
28.2250,64.5754,0.0088
28.2750,64.5754,0.0090
28.3250,64.5754,0.0085
28.3750,64.5754,0.0087
28.4250,64.5754,0.0085
28.4750,64.5754,0.0084
28.5250,64.5754,0.0084
28.5750,64.5754,0.0081
28.6250,64.5754,0.0081
28.6750,64.5754,0.0082
28.7250,64.5754,0.0079
28.7750,64.5754,0.0079
28.8250,64.5754,0.0079
28.8750,64.5754,0.0077
28.9250,64.5754,0.0077
28.9750,64.5754,0.0074
29.0250,64.5754,0.0074
29.0750,64.5754,0.0075
29.1250,64.5754,0.0071
29.1750,64.5754,0.0072
29.2250,64.5754,0.0072
29.2750,64.5754,0.0069
29.3250,64.5754,0.0069
29.3750,64.5754,0.0068
29.4250,64.5754,0.0066
29.4750,64.5754,0.0068
29.5250,64.5754,0.0065
29.5750,64.5754,0.0135
29.6250,64.5754,0.0146
29.6750,64.5754,0.0144
29.7250,64.5754,0.0152
29.7750,64.5754,0.0152
29.8250,64.5754,0.0155
29.8750,64.5754,0.0155
29.9250,64.5754,0.0169
29.9750,64.5754,0.0156
30.0250,64.5754,0.0165
30.0750,64.5754,0.0158
30.1250,64.5754,0.0154
30.1750,64.5754,0.0154
30.2250,64.5754,0.0144
30.2750,64.5754,0.0144
30.3250,64.5754,0.0145
30.3750,64.5754,0.0137
30.4250,64.5754,0.0138
30.4750,64.5754,0.0138
30.5250,64.5754,0.0195
30.5750,64.5754,0.0195
30.6250,64.5754,0.0195
30.6750,64.5754,0.0183
30.7250,64.5754,0.0183
30.7750,64.5754,0.0182
30.8250,64.5754,0.0171
30.8750,64.5754,0.0171
30.9250,64.5754,0.0160
30.9750,64.5754,0.0159
31.0250,64.5754,0.0157
31.0750,64.5754,0.0145
31.1250,64.5754,0.0143
31.1750,64.5754,0.0143
31.2250,64.5754,0.0135
31.2750,64.5754,0.0134
31.3250,64.5754,0.0134
31.3750,64.5754,0.0124
31.4250,64.5754,0.0124
31.4750,64.5754,0.0120
31.5250,64.5754,0.0112
31.5750,64.5754,0.0109
20.5250,64.5254,0.0177
20.5750,64.5254,0.0179
20.6250,64.5254,0.0179
20.6750,64.5254,0.0180
20.7250,64.5254,0.0180
20.7750,64.5254,0.0181
20.8250,64.5254,0.0181
20.8750,64.5254,0.0182
20.9250,64.5254,0.0182
20.9750,64.5254,0.0183
21.0250,64.5254,0.0183
21.0750,64.5254,0.0183
21.1250,64.5254,0.0183
21.1750,64.5254,0.0183
21.2250,64.5254,0.0183
21.2750,64.5254,0.0183
21.3250,64.5254,0.0183
21.3750,64.5254,0.0182
21.4250,64.5254,0.0182
21.4750,64.5254,0.0182
21.5250,64.5254,0.0181
21.5750,64.5254,0.0180
24.2250,64.5254,0.0097
24.2750,64.5254,0.0098
24.3250,64.5254,0.0097
24.3750,64.5254,0.0095
24.4250,64.5254,0.0095
24.4750,64.5254,0.0092
24.5250,64.5254,0.0093
24.5750,64.5254,0.0094
24.6250,64.5254,0.0090
24.6750,64.5254,0.0091
24.7250,64.5254,0.0088
24.7750,64.5254,0.0090
24.8250,64.5254,0.0089
24.8750,64.5254,0.0088
24.9250,64.5254,0.0088
24.9750,64.5254,0.0086
25.0250,64.5254,0.0086
25.0750,64.5254,0.0087
25.1250,64.5254,0.0085
25.1750,64.5254,0.0086
25.2250,64.5254,0.0084
25.2750,64.5254,0.0085
25.3250,64.5254,0.0085
25.3750,64.5254,0.0084
25.4250,64.5254,0.0084
25.4750,64.5254,0.0083
25.5250,64.5254,0.0084
25.5750,64.5254,0.0085
25.6250,64.5254,0.0083
25.6750,64.5254,0.0085
25.7250,64.5254,0.0083
25.7750,64.5254,0.0084
25.8250,64.5254,0.0084
25.8750,64.5254,0.0084
25.9250,64.5254,0.0084
25.9750,64.5254,0.0084
26.0250,64.5254,0.0084
26.0750,64.5254,0.0087
26.1250,64.5254,0.0085
26.1750,64.5254,0.0087
26.2250,64.5254,0.0085
26.2750,64.5254,0.0088
26.3250,64.5254,0.0088
26.3750,64.5254,0.0088
26.4250,64.5254,0.0088
26.4750,64.5254,0.0091
26.5250,64.5254,0.0089
26.5750,64.5254,0.0092
26.6250,64.5254,0.0090
26.6750,64.5254,0.0093
26.7250,64.5254,0.0093
26.7750,64.5254,0.0094
26.8250,64.5254,0.0094
26.8750,64.5254,0.0094
26.9250,64.5254,0.0094
26.9750,64.5254,0.0098
27.0250,64.5254,0.0095
27.0750,64.5254,0.0097
27.1250,64.5254,0.0096
27.1750,64.5254,0.0096
27.2250,64.5254,0.0096
27.2750,64.5254,0.0096
27.3250,64.5254,0.0096
27.3750,64.5254,0.0099
27.4250,64.5254,0.0095
27.4750,64.5254,0.0097
27.5250,64.5254,0.0094
27.5750,64.5254,0.0096
27.6250,64.5254,0.0096
27.6750,64.5254,0.0094
27.7250,64.5254,0.0094
27.7750,64.5254,0.0096
27.8250,64.5254,0.0091
27.8750,64.5254,0.0093
27.9250,64.5254,0.0089
27.9750,64.5254,0.0090
28.0250,64.5254,0.0090
28.0750,64.5254,0.0086
28.1250,64.5254,0.0086
28.1750,64.5254,0.0088
28.2250,64.5254,0.0084
28.2750,64.5254,0.0085
28.3250,64.5254,0.0082
28.3750,64.5254,0.0083
28.4250,64.5254,0.0083
28.4750,64.5254,0.0080
28.5250,64.5254,0.0080
28.5750,64.5254,0.0081
28.6250,64.5254,0.0078
28.6750,64.5254,0.0079
28.7250,64.5254,0.0076
28.7750,64.5254,0.0076
28.8250,64.5254,0.0076
28.8750,64.5254,0.0073
28.9250,64.5254,0.0074
28.9750,64.5254,0.0073
29.0250,64.5254,0.0070
29.0750,64.5254,0.0070
29.1250,64.5254,0.0071
29.1750,64.5254,0.0068
29.2250,64.5254,0.0068
29.2750,64.5254,0.0066
29.3250,64.5254,0.0066
29.3750,64.5254,0.0066
29.4250,64.5254,0.0064
29.4750,64.5254,0.0064
29.5250,64.5254,0.0065
29.5750,64.5254,0.0063
29.6250,64.5254,0.0137
29.6750,64.5254,0.0137
29.7250,64.5254,0.0140
29.7750,64.5254,0.0140
29.8250,64.5254,0.0142
29.8750,64.5254,0.0141
29.9250,64.5254,0.0156
29.9750,64.5254,0.0141
30.0250,64.5254,0.0151
30.0750,64.5254,0.0151
30.1250,64.5254,0.0142
30.1750,64.5254,0.0142
30.2250,64.5254,0.0143
30.2750,64.5254,0.0135
30.3250,64.5254,0.0137
30.3750,64.5254,0.0136
30.4250,64.5254,0.0129
30.4750,64.5254,0.0129
30.5250,64.5254,0.0182
30.5750,64.5254,0.0181
30.6250,64.5254,0.0182
30.6750,64.5254,0.0171
30.7250,64.5254,0.0171
30.7750,64.5254,0.0172
30.8250,64.5254,0.0160
30.8750,64.5254,0.0160
30.9250,64.5254,0.0160
30.9750,64.5254,0.0146
31.0250,64.5254,0.0146
31.0750,64.5254,0.0145
31.1250,64.5254,0.0137
31.1750,64.5254,0.0136
31.2250,64.5254,0.0136
31.2750,64.5254,0.0126
31.3250,64.5254,0.0126
31.3750,64.5254,0.0118
31.4250,64.5254,0.0115
31.4750,64.5254,0.0112
31.5250,64.5254,0.0109
31.5750,64.5254,0.0104
20.5250,64.4754,0.0178
20.5750,64.4754,0.0178
20.6250,64.4754,0.0180
20.6750,64.4754,0.0180
20.7250,64.4754,0.0181
20.7750,64.4754,0.0181
20.8250,64.4754,0.0182
20.8750,64.4754,0.0182
20.9250,64.4754,0.0182
20.9750,64.4754,0.0182
21.0250,64.4754,0.0183
21.0750,64.4754,0.0182
21.1250,64.4754,0.0183
21.1750,64.4754,0.0182
21.2250,64.4754,0.0182
21.2750,64.4754,0.0182
21.3250,64.4754,0.0182
21.3750,64.4754,0.0182
21.4250,64.4754,0.0181
21.4750,64.4754,0.0181
21.5250,64.4754,0.0180
21.5750,64.4754,0.0180
21.6250,64.4754,0.0180
24.1250,64.4754,0.0096
24.1750,64.4754,0.0097
24.2250,64.4754,0.0097
24.2750,64.4754,0.0094
24.3250,64.4754,0.0094
24.3750,64.4754,0.0092
24.4250,64.4754,0.0092
24.4750,64.4754,0.0092
24.5250,64.4754,0.0089
24.5750,64.4754,0.0090
24.6250,64.4754,0.0087
24.6750,64.4754,0.0088
24.7250,64.4754,0.0088
24.7750,64.4754,0.0086
24.8250,64.4754,0.0086
24.8750,64.4754,0.0085
24.9250,64.4754,0.0085
24.9750,64.4754,0.0086
25.0250,64.4754,0.0084
25.0750,64.4754,0.0085
25.1250,64.4754,0.0083
25.1750,64.4754,0.0084
25.2250,64.4754,0.0084
25.2750,64.4754,0.0083
25.3250,64.4754,0.0083
25.3750,64.4754,0.0082
25.4250,64.4754,0.0082
25.4750,64.4754,0.0083
25.5250,64.4754,0.0082
25.5750,64.4754,0.0083
25.6250,64.4754,0.0081
25.6750,64.4754,0.0083
25.7250,64.4754,0.0083
25.7750,64.4754,0.0083
25.8250,64.4754,0.0083
25.8750,64.4754,0.0083
25.9250,64.4754,0.0083
25.9750,64.4754,0.0084
26.0250,64.4754,0.0083
26.0750,64.4754,0.0085
26.1250,64.4754,0.0083
26.1750,64.4754,0.0085
26.2250,64.4754,0.0085
26.2750,64.4754,0.0085
26.3250,64.4754,0.0085
26.3750,64.4754,0.0087
26.4250,64.4754,0.0085
26.4750,64.4754,0.0089
26.5250,64.4754,0.0086
26.5750,64.4754,0.0090
26.6250,64.4754,0.0090
26.6750,64.4754,0.0090
26.7250,64.4754,0.0090
26.7750,64.4754,0.0091
26.8250,64.4754,0.0091
26.8750,64.4754,0.0094
26.9250,64.4754,0.0091
26.9750,64.4754,0.0095
27.0250,64.4754,0.0092
27.0750,64.4754,0.0094
27.1250,64.4754,0.0094
27.1750,64.4754,0.0093
27.2250,64.4754,0.0093
27.2750,64.4754,0.0095
27.3250,64.4754,0.0092
27.3750,64.4754,0.0095
27.4250,64.4754,0.0091
27.4750,64.4754,0.0093
27.5250,64.4754,0.0093
27.5750,64.4754,0.0090
27.6250,64.4754,0.0092
27.6750,64.4754,0.0091
27.7250,64.4754,0.0089
27.7750,64.4754,0.0090
27.8250,64.4754,0.0086
27.8750,64.4754,0.0086
27.9250,64.4754,0.0088
27.9750,64.4754,0.0084
28.0250,64.4754,0.0085
28.0750,64.4754,0.0085
28.1250,64.4754,0.0083
28.1750,64.4754,0.0083
28.2250,64.4754,0.0080
28.2750,64.4754,0.0080
28.3250,64.4754,0.0082
28.3750,64.4754,0.0078
28.4250,64.4754,0.0079
28.4750,64.4754,0.0079
28.5250,64.4754,0.0077
28.5750,64.4754,0.0077
28.6250,64.4754,0.0075
28.6750,64.4754,0.0075
28.7250,64.4754,0.0075
28.7750,64.4754,0.0072
28.8250,64.4754,0.0073
28.8750,64.4754,0.0073
28.9250,64.4754,0.0070
28.9750,64.4754,0.0070
29.0250,64.4754,0.0068
29.0750,64.4754,0.0067
29.1250,64.4754,0.0068
29.1750,64.4754,0.0065
29.2250,64.4754,0.0065
29.2750,64.4754,0.0065
29.3250,64.4754,0.0064
29.3750,64.4754,0.0064
29.4250,64.4754,0.0064
29.4750,64.4754,0.0062
29.5250,64.4754,0.0063
29.5750,64.4754,0.0061
29.6250,64.4754,0.0126
29.6750,64.4754,0.0126
29.7250,64.4754,0.0129
29.7750,64.4754,0.0129
29.8250,64.4754,0.0141
29.8750,64.4754,0.0128
29.9250,64.4754,0.0140
29.9750,64.4754,0.0141
30.0250,64.4754,0.0137
30.0750,64.4754,0.0139
30.1250,64.4754,0.0137
30.1750,64.4754,0.0132
30.2250,64.4754,0.0132
30.2750,64.4754,0.0125
30.3250,64.4754,0.0125
30.3750,64.4754,0.0127
30.4250,64.4754,0.0118
30.4750,64.4754,0.0119
30.5250,64.4754,0.0119
30.5750,64.4754,0.0111
30.6250,64.4754,0.0111
30.6750,64.4754,0.0171
30.7250,64.4754,0.0157
30.7750,64.4754,0.0159
30.8250,64.4754,0.0159
30.8750,64.4754,0.0146
30.9250,64.4754,0.0146
30.9750,64.4754,0.0139
31.0250,64.4754,0.0138
31.0750,64.4754,0.0137
31.1250,64.4754,0.0129
31.1750,64.4754,0.0128
31.2250,64.4754,0.0128
31.2750,64.4754,0.0117
31.3250,64.4754,0.0117
31.3750,64.4754,0.0115
31.4250,64.4754,0.0108
31.4750,64.4754,0.0106
31.5250,64.4754,0.0106
31.5750,64.4754,0.0098
20.5250,64.4254,0.0179
20.5750,64.4254,0.0179
20.6250,64.4254,0.0180
20.6750,64.4254,0.0180
20.7250,64.4254,0.0180
20.7750,64.4254,0.0181
20.8250,64.4254,0.0181
20.8750,64.4254,0.0181
20.9250,64.4254,0.0181
20.9750,64.4254,0.0181
21.0250,64.4254,0.0182
21.0750,64.4254,0.0182
21.1250,64.4254,0.0182
21.1750,64.4254,0.0182
21.2250,64.4254,0.0181
21.2750,64.4254,0.0182
21.3250,64.4254,0.0181
21.3750,64.4254,0.0181
21.4250,64.4254,0.0180
21.4750,64.4254,0.0179
21.5250,64.4254,0.0180
21.5750,64.4254,0.0180
21.6250,64.4254,0.0180
24.0250,64.4254,0.0095
24.0750,64.4254,0.0095
24.1250,64.4254,0.0096
24.1750,64.4254,0.0093
24.2250,64.4254,0.0093
24.2750,64.4254,0.0091
24.3250,64.4254,0.0091
24.3750,64.4254,0.0091
24.4250,64.4254,0.0089
24.4750,64.4254,0.0089
24.5250,64.4254,0.0086
24.5750,64.4254,0.0086
24.6250,64.4254,0.0087
24.6750,64.4254,0.0085
24.7250,64.4254,0.0085
24.7750,64.4254,0.0083
24.8250,64.4254,0.0084
24.8750,64.4254,0.0084
24.9250,64.4254,0.0083
24.9750,64.4254,0.0083
25.0250,64.4254,0.0082
25.0750,64.4254,0.0082
25.1250,64.4254,0.0083
25.1750,64.4254,0.0081
25.2250,64.4254,0.0082
25.2750,64.4254,0.0080
25.3250,64.4254,0.0082
25.3750,64.4254,0.0082
25.4250,64.4254,0.0080
25.4750,64.4254,0.0080
25.5250,64.4254,0.0080
25.5750,64.4254,0.0080
25.6250,64.4254,0.0081
25.6750,64.4254,0.0080
25.7250,64.4254,0.0081
25.7750,64.4254,0.0080
25.8250,64.4254,0.0081
25.8750,64.4254,0.0081
25.9250,64.4254,0.0081
25.9750,64.4254,0.0081
26.0250,64.4254,0.0081
26.0750,64.4254,0.0081
26.1250,64.4254,0.0083
26.1750,64.4254,0.0081
26.2250,64.4254,0.0083
26.2750,64.4254,0.0082
26.3250,64.4254,0.0083
26.3750,64.4254,0.0083
26.4250,64.4254,0.0083
26.4750,64.4254,0.0083
26.5250,64.4254,0.0086
26.5750,64.4254,0.0084
26.6250,64.4254,0.0087
26.6750,64.4254,0.0084
26.7250,64.4254,0.0087
26.7750,64.4254,0.0087
26.8250,64.4254,0.0087
26.8750,64.4254,0.0087
26.9250,64.4254,0.0088
26.9750,64.4254,0.0087
27.0250,64.4254,0.0091
27.0750,64.4254,0.0087
27.1250,64.4254,0.0090
27.1750,64.4254,0.0090
27.2250,64.4254,0.0089
27.2750,64.4254,0.0089
27.3250,64.4254,0.0088
27.3750,64.4254,0.0088
27.4250,64.4254,0.0091
27.4750,64.4254,0.0086
27.5250,64.4254,0.0089
27.5750,64.4254,0.0088
27.6250,64.4254,0.0087
27.6750,64.4254,0.0087
27.7250,64.4254,0.0085
27.7750,64.4254,0.0085
27.8250,64.4254,0.0086
27.8750,64.4254,0.0083
27.9250,64.4254,0.0084
27.9750,64.4254,0.0083
28.0250,64.4254,0.0082
28.0750,64.4254,0.0082
28.1250,64.4254,0.0079
28.1750,64.4254,0.0079
28.2250,64.4254,0.0080
28.2750,64.4254,0.0077
28.3250,64.4254,0.0078
28.3750,64.4254,0.0077
28.4250,64.4254,0.0076
28.4750,64.4254,0.0076
28.5250,64.4254,0.0074
28.5750,64.4254,0.0074
28.6250,64.4254,0.0075
28.6750,64.4254,0.0071
28.7250,64.4254,0.0072
28.7750,64.4254,0.0072
28.8250,64.4254,0.0070
28.8750,64.4254,0.0070
28.9250,64.4254,0.0066
28.9750,64.4254,0.0066
29.0250,64.4254,0.0067
29.0750,64.4254,0.0064
29.1250,64.4254,0.0064
29.1750,64.4254,0.0065
29.2250,64.4254,0.0063
29.2750,64.4254,0.0063
29.3250,64.4254,0.0062
29.3750,64.4254,0.0061
29.4250,64.4254,0.0061
29.4750,64.4254,0.0060
29.5250,64.4254,0.0060
29.5750,64.4254,0.0061
29.6250,64.4254,0.0058
29.6750,64.4254,0.0114
29.7250,64.4254,0.0114
29.7750,64.4254,0.0118
29.8250,64.4254,0.0118
29.8750,64.4254,0.0124
29.9250,64.4254,0.0121
29.9750,64.4254,0.0130
30.0250,64.4254,0.0121
30.0750,64.4254,0.0129
30.1250,64.4254,0.0129
30.1750,64.4254,0.0122
30.2250,64.4254,0.0122
30.2750,64.4254,0.0125
30.3250,64.4254,0.0115
30.3750,64.4254,0.0117
30.4250,64.4254,0.0117
30.4750,64.4254,0.0110
30.5250,64.4254,0.0110
30.5750,64.4254,0.0106
30.6250,64.4254,0.0105
30.6750,64.4254,0.0157
30.7250,64.4254,0.0101
30.7750,64.4254,0.0145
30.8250,64.4254,0.0145
30.8750,64.4254,0.0137
30.9250,64.4254,0.0137
30.9750,64.4254,0.0137
31.0250,64.4254,0.0128
31.0750,64.4254,0.0128
31.1250,64.4254,0.0128
31.1750,64.4254,0.0118
31.2250,64.4254,0.0118
31.2750,64.4254,0.0118
31.3250,64.4254,0.0109
31.3750,64.4254,0.0109
31.4250,64.4254,0.0107
31.4750,64.4254,0.0101
31.5250,64.4254,0.0100
31.5750,64.4254,0.0099
20.5250,64.3754,0.0179
20.5750,64.3754,0.0180
20.6250,64.3754,0.0180
20.6750,64.3754,0.0181
20.7250,64.3754,0.0181
20.7750,64.3754,0.0181
20.8250,64.3754,0.0181
20.8750,64.3754,0.0181
20.9250,64.3754,0.0181
20.9750,64.3754,0.0181
21.0250,64.3754,0.0181
21.0750,64.3754,0.0182
21.1250,64.3754,0.0180
21.1750,64.3754,0.0181
21.2250,64.3754,0.0180
21.2750,64.3754,0.0180
21.3250,64.3754,0.0180
21.3750,64.3754,0.0179
21.4250,64.3754,0.0179
21.4750,64.3754,0.0179
23.9750,64.3754,0.0091
24.0250,64.3754,0.0095
24.0750,64.3754,0.0092
24.1250,64.3754,0.0093
24.1750,64.3754,0.0093
24.2250,64.3754,0.0090
24.2750,64.3754,0.0090
24.3250,64.3754,0.0088
24.3750,64.3754,0.0088
24.4250,64.3754,0.0088
24.4750,64.3754,0.0085
24.5250,64.3754,0.0086
24.5750,64.3754,0.0084
24.6250,64.3754,0.0085
24.6750,64.3754,0.0083
24.7250,64.3754,0.0083
24.7750,64.3754,0.0083
24.8250,64.3754,0.0082
24.8750,64.3754,0.0082
24.9250,64.3754,0.0082
24.9750,64.3754,0.0081
25.0250,64.3754,0.0082
25.0750,64.3754,0.0080
25.1250,64.3754,0.0081
25.1750,64.3754,0.0079
25.2250,64.3754,0.0080
25.2750,64.3754,0.0080
25.3250,64.3754,0.0079
25.3750,64.3754,0.0079
25.4250,64.3754,0.0079
25.4750,64.3754,0.0079
25.5250,64.3754,0.0080
25.5750,64.3754,0.0078
25.6250,64.3754,0.0080
25.6750,64.3754,0.0078
25.7250,64.3754,0.0080
25.7750,64.3754,0.0080
25.8250,64.3754,0.0079
25.8750,64.3754,0.0079
25.9250,64.3754,0.0080
25.9750,64.3754,0.0079
26.0250,64.3754,0.0081
26.0750,64.3754,0.0079
26.1250,64.3754,0.0081
26.1750,64.3754,0.0081
26.2250,64.3754,0.0081
26.2750,64.3754,0.0081
26.3250,64.3754,0.0081
26.3750,64.3754,0.0081
26.4250,64.3754,0.0083
26.4750,64.3754,0.0081
26.5250,64.3754,0.0084
26.5750,64.3754,0.0082
26.6250,64.3754,0.0084
26.6750,64.3754,0.0084
26.7250,64.3754,0.0084
26.7750,64.3754,0.0084
26.8250,64.3754,0.0085
26.8750,64.3754,0.0084
26.9250,64.3754,0.0087
26.9750,64.3754,0.0084
27.0250,64.3754,0.0087
27.0750,64.3754,0.0087
27.1250,64.3754,0.0085
27.1750,64.3754,0.0085
27.2250,64.3754,0.0085
27.2750,64.3754,0.0085
27.3250,64.3754,0.0087
27.3750,64.3754,0.0084
27.4250,64.3754,0.0086
27.4750,64.3754,0.0085
27.5250,64.3754,0.0085
27.5750,64.3754,0.0085
27.6250,64.3754,0.0083
27.6750,64.3754,0.0083
27.7250,64.3754,0.0084
27.7750,64.3754,0.0081
27.8250,64.3754,0.0082
27.8750,64.3754,0.0080
27.9250,64.3754,0.0080
27.9750,64.3754,0.0081
28.0250,64.3754,0.0077
28.0750,64.3754,0.0078
28.1250,64.3754,0.0078
28.1750,64.3754,0.0075
28.2250,64.3754,0.0076
28.2750,64.3754,0.0073
28.3250,64.3754,0.0073
28.3750,64.3754,0.0075
28.4250,64.3754,0.0071
28.4750,64.3754,0.0072
28.5250,64.3754,0.0072
28.5750,64.3754,0.0070
28.6250,64.3754,0.0070
28.6750,64.3754,0.0068
28.7250,64.3754,0.0067
28.7750,64.3754,0.0069
28.8250,64.3754,0.0065
28.8750,64.3754,0.0066
28.9250,64.3754,0.0066
28.9750,64.3754,0.0063
29.0250,64.3754,0.0063
29.0750,64.3754,0.0064
29.1250,64.3754,0.0062
29.1750,64.3754,0.0063
29.2250,64.3754,0.0061
29.2750,64.3754,0.0061
29.3250,64.3754,0.0061
29.3750,64.3754,0.0059
29.4250,64.3754,0.0059
29.4750,64.3754,0.0060
29.5250,64.3754,0.0057
29.5750,64.3754,0.0058
29.6250,64.3754,0.0058
29.6750,64.3754,0.0107
29.7250,64.3754,0.0107
29.7750,64.3754,0.0109
29.8250,64.3754,0.0109
29.8750,64.3754,0.0121
29.9250,64.3754,0.0109
29.9750,64.3754,0.0120
30.0250,64.3754,0.0120
30.0750,64.3754,0.0119
30.1250,64.3754,0.0119
30.1750,64.3754,0.0118
30.2250,64.3754,0.0111
30.2750,64.3754,0.0115
30.3250,64.3754,0.0108
30.3750,64.3754,0.0108
30.4250,64.3754,0.0108
30.4750,64.3754,0.0103
30.5250,64.3754,0.0103
30.5750,64.3754,0.0104
30.6250,64.3754,0.0098
30.6750,64.3754,0.0098
30.7250,64.3754,0.0099
30.7750,64.3754,0.0092
30.8250,64.3754,0.0093
30.8750,64.3754,0.0093
30.9250,64.3754,0.0127
30.9750,64.3754,0.0127
31.0250,64.3754,0.0125
31.0750,64.3754,0.0118
31.1250,64.3754,0.0118
31.1750,64.3754,0.0115
31.2250,64.3754,0.0109
31.2750,64.3754,0.0109
31.3250,64.3754,0.0102
31.3750,64.3754,0.0102
31.4250,64.3754,0.0101
31.4750,64.3754,0.0094
31.5250,64.3754,0.0093
31.5750,64.3754,0.0093
20.5250,64.3254,0.0179
20.5750,64.3254,0.0179
20.6250,64.3254,0.0180
20.6750,64.3254,0.0180
20.7250,64.3254,0.0180
20.7750,64.3254,0.0180
20.8250,64.3254,0.0180
20.8750,64.3254,0.0180
20.9250,64.3254,0.0180
20.9750,64.3254,0.0180
21.0250,64.3254,0.0181
21.0750,64.3254,0.0180
21.1250,64.3254,0.0180
21.1750,64.3254,0.0179
21.2250,64.3254,0.0180
21.2750,64.3254,0.0180
21.3250,64.3254,0.0178
21.3750,64.3254,0.0178
21.4250,64.3254,0.0179
23.5250,64.3254,0.0092
23.9250,64.3254,0.0090
23.9750,64.3254,0.0091
24.0250,64.3254,0.0091
24.0750,64.3254,0.0092
24.1250,64.3254,0.0088
24.1750,64.3254,0.0089
24.2250,64.3254,0.0086
24.2750,64.3254,0.0087
24.3250,64.3254,0.0087
24.3750,64.3254,0.0085
24.4250,64.3254,0.0085
24.4750,64.3254,0.0083
24.5250,64.3254,0.0083
24.5750,64.3254,0.0084
24.6250,64.3254,0.0082
24.6750,64.3254,0.0083
24.7250,64.3254,0.0080
24.7750,64.3254,0.0082
24.8250,64.3254,0.0081
24.8750,64.3254,0.0080
24.9250,64.3254,0.0080
24.9750,64.3254,0.0079
25.0250,64.3254,0.0079
25.0750,64.3254,0.0080
25.1250,64.3254,0.0078
25.1750,64.3254,0.0079
25.2250,64.3254,0.0077
25.2750,64.3254,0.0078
25.3250,64.3254,0.0078
25.3750,64.3254,0.0078
25.4250,64.3254,0.0078
25.4750,64.3254,0.0077
25.5250,64.3254,0.0077
25.5750,64.3254,0.0078
25.6250,64.3254,0.0076
25.6750,64.3254,0.0078
25.7250,64.3254,0.0076
25.7750,64.3254,0.0078
25.8250,64.3254,0.0077
25.8750,64.3254,0.0078
25.9250,64.3254,0.0078
25.9750,64.3254,0.0077
26.0250,64.3254,0.0077
26.0750,64.3254,0.0079
26.1250,64.3254,0.0077
26.1750,64.3254,0.0079
26.2250,64.3254,0.0076
26.2750,64.3254,0.0079
26.3250,64.3254,0.0079
26.3750,64.3254,0.0078
26.4250,64.3254,0.0078
26.4750,64.3254,0.0079
26.5250,64.3254,0.0079
26.5750,64.3254,0.0082
26.6250,64.3254,0.0079
26.6750,64.3254,0.0082
26.7250,64.3254,0.0080
26.7750,64.3254,0.0082
26.8250,64.3254,0.0082
26.8750,64.3254,0.0081
26.9250,64.3254,0.0081
26.9750,64.3254,0.0084
27.0250,64.3254,0.0081
27.0750,64.3254,0.0083
27.1250,64.3254,0.0080
27.1750,64.3254,0.0082
27.2250,64.3254,0.0082
27.2750,64.3254,0.0082
27.3250,64.3254,0.0082
27.3750,64.3254,0.0081
27.4250,64.3254,0.0081
27.4750,64.3254,0.0083
27.5250,64.3254,0.0079
27.5750,64.3254,0.0082
27.6250,64.3254,0.0081
27.6750,64.3254,0.0080
27.7250,64.3254,0.0080
27.7750,64.3254,0.0078
27.8250,64.3254,0.0078
27.8750,64.3254,0.0079
27.9250,64.3254,0.0076
27.9750,64.3254,0.0077
28.0250,64.3254,0.0077
28.0750,64.3254,0.0074
28.1250,64.3254,0.0074
28.1750,64.3254,0.0072
28.2250,64.3254,0.0072
28.2750,64.3254,0.0073
28.3250,64.3254,0.0070
28.3750,64.3254,0.0071
28.4250,64.3254,0.0071
28.4750,64.3254,0.0069
28.5250,64.3254,0.0069
28.5750,64.3254,0.0066
28.6250,64.3254,0.0066
28.6750,64.3254,0.0067
28.7250,64.3254,0.0064
28.7750,64.3254,0.0065
28.8250,64.3254,0.0065
28.8750,64.3254,0.0063
28.9250,64.3254,0.0063
28.9750,64.3254,0.0061
29.0250,64.3254,0.0061
29.0750,64.3254,0.0062
29.1250,64.3254,0.0060
29.1750,64.3254,0.0060
29.2250,64.3254,0.0060
29.2750,64.3254,0.0059
29.3250,64.3254,0.0059
29.3750,64.3254,0.0059
29.4250,64.3254,0.0057
29.4750,64.3254,0.0057
29.5250,64.3254,0.0055
29.5750,64.3254,0.0056
29.6250,64.3254,0.0056
29.6750,64.3254,0.0086
29.7250,64.3254,0.0099
29.7750,64.3254,0.0100
29.8250,64.3254,0.0099
29.8750,64.3254,0.0099
29.9250,64.3254,0.0109
29.9750,64.3254,0.0099
30.0250,64.3254,0.0108
30.0750,64.3254,0.0103
30.1250,64.3254,0.0105
30.1750,64.3254,0.0105
30.2250,64.3254,0.0101
30.2750,64.3254,0.0101
30.3250,64.3254,0.0107
30.3750,64.3254,0.0097
30.4250,64.3254,0.0102
30.4750,64.3254,0.0102
30.5250,64.3254,0.0096
30.5750,64.3254,0.0096
30.6250,64.3254,0.0097
30.6750,64.3254,0.0091
30.7250,64.3254,0.0092
30.7750,64.3254,0.0089
30.8250,64.3254,0.0086
30.8750,64.3254,0.0086
30.9250,64.3254,0.0116
30.9750,64.3254,0.0116
31.0250,64.3254,0.0118
31.0750,64.3254,0.0108
31.1250,64.3254,0.0109
31.1750,64.3254,0.0109
31.2250,64.3254,0.0102
31.2750,64.3254,0.0102
31.3250,64.3254,0.0101
31.3750,64.3254,0.0095
31.4250,64.3254,0.0094
31.4750,64.3254,0.0094
31.5250,64.3254,0.0086
31.5750,64.3254,0.0086
20.5250,64.2754,0.0179
20.5750,64.2754,0.0179
20.6250,64.2754,0.0179
20.6750,64.2754,0.0180
20.7250,64.2754,0.0180
20.7750,64.2754,0.0180
20.8250,64.2754,0.0180
20.8750,64.2754,0.0180
20.9250,64.2754,0.0180
20.9750,64.2754,0.0179
21.0250,64.2754,0.0179
21.0750,64.2754,0.0179
21.1250,64.2754,0.0179
21.1750,64.2754,0.0179
21.2250,64.2754,0.0179
21.2750,64.2754,0.0179
23.8250,64.2754,0.0093
23.8750,64.2754,0.0092
23.9250,64.2754,0.0090
23.9750,64.2754,0.0090
24.0250,64.2754,0.0088
24.0750,64.2754,0.0088
24.1250,64.2754,0.0086
24.1750,64.2754,0.0086
24.2250,64.2754,0.0086
24.2750,64.2754,0.0084
24.3250,64.2754,0.0084
24.3750,64.2754,0.0083
24.4250,64.2754,0.0083
24.4750,64.2754,0.0083
24.5250,64.2754,0.0081
24.5750,64.2754,0.0082
24.6250,64.2754,0.0080
24.6750,64.2754,0.0080
24.7250,64.2754,0.0080
24.7750,64.2754,0.0080
24.8250,64.2754,0.0080
24.8750,64.2754,0.0079
24.9250,64.2754,0.0079
24.9750,64.2754,0.0079
25.0250,64.2754,0.0077
25.0750,64.2754,0.0078
25.1250,64.2754,0.0076
25.1750,64.2754,0.0077
25.2250,64.2754,0.0077
25.2750,64.2754,0.0076
25.3250,64.2754,0.0076
25.3750,64.2754,0.0076
25.4250,64.2754,0.0076
25.4750,64.2754,0.0077
25.5250,64.2754,0.0075
25.5750,64.2754,0.0076
25.6250,64.2754,0.0074
25.6750,64.2754,0.0076
25.7250,64.2754,0.0076
25.7750,64.2754,0.0076
25.8250,64.2754,0.0076
25.8750,64.2754,0.0076
25.9250,64.2754,0.0076
25.9750,64.2754,0.0077
26.0250,64.2754,0.0075
26.0750,64.2754,0.0077
26.1250,64.2754,0.0075
26.1750,64.2754,0.0076
26.2250,64.2754,0.0076
26.2750,64.2754,0.0076
26.3250,64.2754,0.0076
26.3750,64.2754,0.0077
26.4250,64.2754,0.0076
26.4750,64.2754,0.0079
26.5250,64.2754,0.0076
26.5750,64.2754,0.0079
26.6250,64.2754,0.0078
26.6750,64.2754,0.0079
26.7250,64.2754,0.0079
26.7750,64.2754,0.0079
26.8250,64.2754,0.0079
26.8750,64.2754,0.0081
26.9250,64.2754,0.0079
26.9750,64.2754,0.0081
27.0250,64.2754,0.0078
27.0750,64.2754,0.0080
27.1250,64.2754,0.0080
27.1750,64.2754,0.0079
27.2250,64.2754,0.0079
27.2750,64.2754,0.0079
27.3250,64.2754,0.0078
27.3750,64.2754,0.0081
27.4250,64.2754,0.0077
27.4750,64.2754,0.0079
27.5250,64.2754,0.0079
27.5750,64.2754,0.0078
27.6250,64.2754,0.0078
27.6750,64.2754,0.0076
27.7250,64.2754,0.0076
27.7750,64.2754,0.0078
27.8250,64.2754,0.0074
27.8750,64.2754,0.0076
27.9250,64.2754,0.0076
27.9750,64.2754,0.0072
28.0250,64.2754,0.0072
28.0750,64.2754,0.0070
28.1250,64.2754,0.0070
28.1750,64.2754,0.0071
28.2250,64.2754,0.0068
28.2750,64.2754,0.0069
28.3250,64.2754,0.0069
28.3750,64.2754,0.0067
28.4250,64.2754,0.0068
28.4750,64.2754,0.0065
28.5250,64.2754,0.0065
28.5750,64.2754,0.0065
28.6250,64.2754,0.0064
28.6750,64.2754,0.0064
28.7250,64.2754,0.0064
28.7750,64.2754,0.0062
28.8250,64.2754,0.0062
28.8750,64.2754,0.0060
28.9250,64.2754,0.0060
28.9750,64.2754,0.0060
29.0250,64.2754,0.0059
29.0750,64.2754,0.0059
29.1250,64.2754,0.0060
29.1750,64.2754,0.0058
29.2250,64.2754,0.0058
29.2750,64.2754,0.0057
29.3250,64.2754,0.0057
29.3750,64.2754,0.0057
29.4250,64.2754,0.0055
29.4750,64.2754,0.0055
29.5250,64.2754,0.0055
29.5750,64.2754,0.0053
29.6250,64.2754,0.0053
29.6750,64.2754,0.0053
29.7250,64.2754,0.0089
29.7750,64.2754,0.0089
29.8250,64.2754,0.0089
29.8750,64.2754,0.0089
29.9250,64.2754,0.0099
29.9750,64.2754,0.0087
30.0250,64.2754,0.0097
30.0750,64.2754,0.0097
30.1250,64.2754,0.0093
30.1750,64.2754,0.0093
30.2250,64.2754,0.0100
30.2750,64.2754,0.0088
30.3250,64.2754,0.0097
30.3750,64.2754,0.0096
30.4250,64.2754,0.0095
30.4750,64.2754,0.0095
30.5250,64.2754,0.0089
30.5750,64.2754,0.0089
30.6250,64.2754,0.0091
30.6750,64.2754,0.0084
30.7250,64.2754,0.0085
30.7750,64.2754,0.0085
30.8250,64.2754,0.0081
30.8750,64.2754,0.0081
30.9250,64.2754,0.0112
30.9750,64.2754,0.0107
31.0250,64.2754,0.0108
31.0750,64.2754,0.0108
31.1250,64.2754,0.0101
31.1750,64.2754,0.0102
31.2250,64.2754,0.0100
31.2750,64.2754,0.0094
31.3250,64.2754,0.0094
31.3750,64.2754,0.0086
31.4250,64.2754,0.0086
31.4750,64.2754,0.0086
31.5250,64.2754,0.0082
31.5750,64.2754,0.0081
20.5250,64.2254,0.0179
20.5750,64.2254,0.0179
20.6250,64.2254,0.0179
20.6750,64.2254,0.0179
20.7250,64.2254,0.0180
20.7750,64.2254,0.0179
20.8250,64.2254,0.0179
20.8750,64.2254,0.0179
20.9250,64.2254,0.0179
20.9750,64.2254,0.0179
21.0250,64.2254,0.0178
21.0750,64.2254,0.0179
21.1250,64.2254,0.0177
21.1750,64.2254,0.0177
23.5750,64.2254,0.0092
23.6250,64.2254,0.0092
23.6750,64.2254,0.0092
23.7250,64.2254,0.0092
23.7750,64.2254,0.0089
23.8250,64.2254,0.0089
23.8750,64.2254,0.0089
23.9250,64.2254,0.0087
23.9750,64.2254,0.0087
24.0250,64.2254,0.0088
24.0750,64.2254,0.0085
24.1250,64.2254,0.0085
24.1750,64.2254,0.0083
24.2250,64.2254,0.0084
24.2750,64.2254,0.0083
24.3250,64.2254,0.0082
24.3750,64.2254,0.0082
24.4250,64.2254,0.0081
24.4750,64.2254,0.0081
24.5250,64.2254,0.0080
24.5750,64.2254,0.0079
24.6250,64.2254,0.0080
24.6750,64.2254,0.0078
24.7250,64.2254,0.0079
24.7750,64.2254,0.0077
24.8250,64.2254,0.0077
24.8750,64.2254,0.0077
24.9250,64.2254,0.0077
24.9750,64.2254,0.0077
25.0250,64.2254,0.0075
25.0750,64.2254,0.0075
25.1250,64.2254,0.0076
25.1750,64.2254,0.0074
25.2250,64.2254,0.0075
25.2750,64.2254,0.0073
25.3250,64.2254,0.0075
25.3750,64.2254,0.0075
25.4250,64.2254,0.0074
25.4750,64.2254,0.0074
25.5250,64.2254,0.0073
25.5750,64.2254,0.0073
25.6250,64.2254,0.0074
25.6750,64.2254,0.0072
25.7250,64.2254,0.0074
25.7750,64.2254,0.0072
25.8250,64.2254,0.0074
25.8750,64.2254,0.0074
25.9250,64.2254,0.0074
25.9750,64.2254,0.0074
26.0250,64.2254,0.0073
26.0750,64.2254,0.0073
26.1250,64.2254,0.0075
26.1750,64.2254,0.0073
26.2250,64.2254,0.0074
26.2750,64.2254,0.0072
26.3250,64.2254,0.0074
26.3750,64.2254,0.0074
26.4250,64.2254,0.0074
26.4750,64.2254,0.0074
26.5250,64.2254,0.0076
26.5750,64.2254,0.0074
26.6250,64.2254,0.0076
26.6750,64.2254,0.0074
26.7250,64.2254,0.0076
26.7750,64.2254,0.0076
26.8250,64.2254,0.0077
26.8750,64.2254,0.0077
26.9250,64.2254,0.0076
26.9750,64.2254,0.0076
27.0250,64.2254,0.0078
27.0750,64.2254,0.0075
27.1250,64.2254,0.0077
27.1750,64.2254,0.0075
27.2250,64.2254,0.0076
27.2750,64.2254,0.0076
27.3250,64.2254,0.0075
27.3750,64.2254,0.0075
27.4250,64.2254,0.0077
27.4750,64.2254,0.0074
27.5250,64.2254,0.0076
27.5750,64.2254,0.0072
27.6250,64.2254,0.0074
27.6750,64.2254,0.0074
27.7250,64.2254,0.0072
27.7750,64.2254,0.0072
27.8250,64.2254,0.0073
27.8750,64.2254,0.0070
27.9250,64.2254,0.0072
27.9750,64.2254,0.0068
28.0250,64.2254,0.0069
28.0750,64.2254,0.0069
28.1250,64.2254,0.0067
28.1750,64.2254,0.0067
28.2250,64.2254,0.0066
28.2750,64.2254,0.0065
28.3250,64.2254,0.0066
28.3750,64.2254,0.0064
28.4250,64.2254,0.0064
28.4750,64.2254,0.0064
28.5250,64.2254,0.0063
28.5750,64.2254,0.0063
28.6250,64.2254,0.0062
28.6750,64.2254,0.0061
28.7250,64.2254,0.0062
28.7750,64.2254,0.0059
28.8250,64.2254,0.0060
28.8750,64.2254,0.0060
28.9250,64.2254,0.0058
28.9750,64.2254,0.0058
29.0250,64.2254,0.0058
29.0750,64.2254,0.0057
29.1250,64.2254,0.0058
29.1750,64.2254,0.0055
29.2250,64.2254,0.0056
29.2750,64.2254,0.0056
29.3250,64.2254,0.0054
29.3750,64.2254,0.0054
29.4250,64.2254,0.0055
29.4750,64.2254,0.0052
29.5250,64.2254,0.0053
29.5750,64.2254,0.0031
29.6250,64.2254,0.0051
29.6750,64.2254,0.0051
29.7250,64.2254,0.0001
29.7750,64.2254,0.0000
29.8250,64.2254,0.0088
29.8750,64.2254,0.0080
29.9250,64.2254,0.0087
29.9750,64.2254,0.0087
30.0250,64.2254,0.0084
30.0750,64.2254,0.0084
30.1250,64.2254,0.0085
30.1750,64.2254,0.0081
30.2250,64.2254,0.0085
30.2750,64.2254,0.0080
30.3250,64.2254,0.0082
30.3750,64.2254,0.0085
30.4250,64.2254,0.0080
30.4750,64.2254,0.0083
30.5250,64.2254,0.0083
30.5750,64.2254,0.0083
30.6250,64.2254,0.0083
30.6750,64.2254,0.0084
30.7250,64.2254,0.0079
30.7750,64.2254,0.0080
30.8250,64.2254,0.0080
30.8750,64.2254,0.0076
30.9250,64.2254,0.0076
30.9750,64.2254,0.0099
31.0250,64.2254,0.0099
31.0750,64.2254,0.0101
31.1250,64.2254,0.0093
31.1750,64.2254,0.0094
31.2250,64.2254,0.0094
31.2750,64.2254,0.0086
31.3250,64.2254,0.0086
31.3750,64.2254,0.0086
31.4250,64.2254,0.0081
31.4750,64.2254,0.0081
31.5250,64.2254,0.0081
31.5750,64.2254,0.0076
20.5250,64.1754,0.0179
20.5750,64.1754,0.0179
20.6250,64.1754,0.0179
20.6750,64.1754,0.0179
20.7250,64.1754,0.0179
20.7750,64.1754,0.0179
20.8250,64.1754,0.0179
20.8750,64.1754,0.0179
20.9250,64.1754,0.0178
20.9750,64.1754,0.0178
21.0250,64.1754,0.0178
21.1250,64.1754,0.0177
23.5750,64.1754,0.0088
23.6250,64.1754,0.0092
23.6750,64.1754,0.0092
23.7250,64.1754,0.0088
23.7750,64.1754,0.0089
23.8250,64.1754,0.0086
23.8750,64.1754,0.0086
23.9250,64.1754,0.0086
23.9750,64.1754,0.0084
24.0250,64.1754,0.0084
24.0750,64.1754,0.0082
24.1250,64.1754,0.0082
24.1750,64.1754,0.0083
24.2250,64.1754,0.0081
24.2750,64.1754,0.0081
24.3250,64.1754,0.0079
24.3750,64.1754,0.0080
24.4250,64.1754,0.0079
24.4750,64.1754,0.0079
24.5250,64.1754,0.0079
24.5750,64.1754,0.0077
24.6250,64.1754,0.0077
24.6750,64.1754,0.0077
24.7250,64.1754,0.0076
24.7750,64.1754,0.0077
24.8250,64.1754,0.0075
24.8750,64.1754,0.0075
24.9250,64.1754,0.0075
24.9750,64.1754,0.0074
25.0250,64.1754,0.0075
25.0750,64.1754,0.0073
25.1250,64.1754,0.0074
25.1750,64.1754,0.0072
25.2250,64.1754,0.0073
25.2750,64.1754,0.0073
25.3250,64.1754,0.0073
25.3750,64.1754,0.0073
25.4250,64.1754,0.0072
25.4750,64.1754,0.0072
25.5250,64.1754,0.0073
25.5750,64.1754,0.0071
25.6250,64.1754,0.0072
25.6750,64.1754,0.0070
25.7250,64.1754,0.0072
25.7750,64.1754,0.0072
25.8250,64.1754,0.0071
25.8750,64.1754,0.0071
25.9250,64.1754,0.0072
25.9750,64.1754,0.0071
26.0250,64.1754,0.0073
26.0750,64.1754,0.0071
26.1250,64.1754,0.0073
26.1750,64.1754,0.0071
26.2250,64.1754,0.0072
26.2750,64.1754,0.0072
26.3250,64.1754,0.0072
26.3750,64.1754,0.0072
26.4250,64.1754,0.0073
26.4750,64.1754,0.0072
26.5250,64.1754,0.0074
26.5750,64.1754,0.0071
26.6250,64.1754,0.0074
26.6750,64.1754,0.0074
26.7250,64.1754,0.0074
26.7750,64.1754,0.0074
26.8250,64.1754,0.0073
26.8750,64.1754,0.0073
26.9250,64.1754,0.0076
26.9750,64.1754,0.0072
27.0250,64.1754,0.0075
27.0750,64.1754,0.0072
27.1250,64.1754,0.0074
27.1750,64.1754,0.0074
27.2250,64.1754,0.0073
27.2750,64.1754,0.0073
27.3250,64.1754,0.0075
27.3750,64.1754,0.0072
27.4250,64.1754,0.0074
27.4750,64.1754,0.0070
27.5250,64.1754,0.0072
27.5750,64.1754,0.0072
27.6250,64.1754,0.0071
27.6750,64.1754,0.0071
27.7250,64.1754,0.0070
27.7750,64.1754,0.0069
27.8250,64.1754,0.0070
27.8750,64.1754,0.0066
27.9250,64.1754,0.0068
27.9750,64.1754,0.0068
28.0250,64.1754,0.0065
28.0750,64.1754,0.0065
28.1250,64.1754,0.0064
28.1750,64.1754,0.0064
28.2250,64.1754,0.0065
28.2750,64.1754,0.0063
28.3250,64.1754,0.0064
28.3750,64.1754,0.0064
28.4250,64.1754,0.0062
28.4750,64.1754,0.0062
28.5250,64.1754,0.0061
28.5750,64.1754,0.0060
28.6250,64.1754,0.0061
28.6750,64.1754,0.0059
28.7250,64.1754,0.0059
28.7750,64.1754,0.0059
28.8250,64.1754,0.0057
28.8750,64.1754,0.0057
28.9250,64.1754,0.0056
28.9750,64.1754,0.0056
29.0250,64.1754,0.0056
29.0750,64.1754,0.0054
29.1250,64.1754,0.0055
29.1750,64.1754,0.0055
29.2250,64.1754,0.0053
29.2750,64.1754,0.0053
29.3250,64.1754,0.0053
29.3750,64.1754,0.0052
29.4250,64.1754,0.0052
29.4750,64.1754,0.0000
29.5250,64.1754,0.0000
29.5750,64.1754,0.0000
29.6250,64.1754,0.0000
29.6750,64.1754,0.0000
29.7250,64.1754,0.0000
29.7750,64.1754,0.0000
29.8250,64.1754,0.0000
29.8750,64.1754,0.0052
29.9250,64.1754,0.0000
29.9750,64.1754,0.0078
30.0250,64.1754,0.0014
30.0750,64.1754,0.0075
30.1250,64.1754,0.0075
30.1750,64.1754,0.0073
30.2250,64.1754,0.0073
30.2750,64.1754,0.0080
30.3250,64.1754,0.0074
30.3750,64.1754,0.0079
30.4250,64.1754,0.0079
30.4750,64.1754,0.0079
30.5250,64.1754,0.0079
30.5750,64.1754,0.0078
30.6250,64.1754,0.0078
30.6750,64.1754,0.0079
30.7250,64.1754,0.0074
30.7750,64.1754,0.0075
30.8250,64.1754,0.0075
30.8750,64.1754,0.0071
30.9250,64.1754,0.0071
30.9750,64.1754,0.0099
31.0250,64.1754,0.0091
31.0750,64.1754,0.0093
31.1250,64.1754,0.0093
31.1750,64.1754,0.0085
31.2250,64.1754,0.0085
31.2750,64.1754,0.0083
31.3250,64.1754,0.0080
31.3750,64.1754,0.0081
31.4250,64.1754,0.0077
31.4750,64.1754,0.0076
31.5250,64.1754,0.0076
31.5750,64.1754,0.0070
20.5250,64.1254,0.0178
20.5750,64.1254,0.0179
20.6250,64.1254,0.0178
20.6750,64.1254,0.0179
20.7250,64.1254,0.0178
20.7750,64.1254,0.0178
20.8250,64.1254,0.0177
20.8750,64.1254,0.0178
20.9250,64.1254,0.0177
20.9750,64.1254,0.0178
23.3750,64.1254,0.0090
23.4250,64.1254,0.0090
23.5750,64.1254,0.0088
23.6250,64.1254,0.0088
23.6750,64.1254,0.0088
23.7250,64.1254,0.0088
23.7750,64.1254,0.0086
23.8250,64.1254,0.0086
23.8750,64.1254,0.0084
23.9250,64.1254,0.0084
23.9750,64.1254,0.0083
24.0250,64.1254,0.0082
24.0750,64.1254,0.0082
24.1250,64.1254,0.0080
24.1750,64.1254,0.0081
24.2250,64.1254,0.0079
24.2750,64.1254,0.0079
24.3250,64.1254,0.0079
24.3750,64.1254,0.0078
24.4250,64.1254,0.0078
24.4750,64.1254,0.0076
24.5250,64.1254,0.0076
24.5750,64.1254,0.0077
24.6250,64.1254,0.0075
24.6750,64.1254,0.0076
24.7250,64.1254,0.0074
24.7750,64.1254,0.0075
24.8250,64.1254,0.0074
24.8750,64.1254,0.0073
24.9250,64.1254,0.0073
24.9750,64.1254,0.0072
25.0250,64.1254,0.0072
25.0750,64.1254,0.0073
25.1250,64.1254,0.0071
25.1750,64.1254,0.0072
25.2250,64.1254,0.0070
25.2750,64.1254,0.0071
25.3250,64.1254,0.0070
25.3750,64.1254,0.0071
25.4250,64.1254,0.0071
25.4750,64.1254,0.0070
25.5250,64.1254,0.0070
25.5750,64.1254,0.0070
25.6250,64.1254,0.0069
25.6750,64.1254,0.0070
25.7250,64.1254,0.0068
25.7750,64.1254,0.0070
25.8250,64.1254,0.0068
25.8750,64.1254,0.0069
25.9250,64.1254,0.0069
25.9750,64.1254,0.0069
26.0250,64.1254,0.0069
26.0750,64.1254,0.0070
26.1250,64.1254,0.0068
26.1750,64.1254,0.0070
26.2250,64.1254,0.0067
26.2750,64.1254,0.0069
26.3250,64.1254,0.0069
26.3750,64.1254,0.0069
26.4250,64.1254,0.0069
26.4750,64.1254,0.0069
26.5250,64.1254,0.0069
26.5750,64.1254,0.0071
26.6250,64.1254,0.0069
26.6750,64.1254,0.0071
26.7250,64.1254,0.0068
26.7750,64.1254,0.0071
26.8250,64.1254,0.0071
26.8750,64.1254,0.0070
26.9250,64.1254,0.0070
26.9750,64.1254,0.0069
27.0250,64.1254,0.0069
27.0750,64.1254,0.0071
27.1250,64.1254,0.0067
27.1750,64.1254,0.0070
27.2250,64.1254,0.0070
27.2750,64.1254,0.0069
27.3250,64.1254,0.0069
27.3750,64.1254,0.0068
27.4250,64.1254,0.0068
27.4750,64.1254,0.0070
27.5250,64.1254,0.0066
27.5750,64.1254,0.0069
27.6250,64.1254,0.0066
27.6750,64.1254,0.0067
27.7250,64.1254,0.0067
27.7750,64.1254,0.0065
27.8250,64.1254,0.0065
27.8750,64.1254,0.0066
27.9250,64.1254,0.0063
27.9750,64.1254,0.0064
28.0250,64.1254,0.0062
28.0750,64.1254,0.0063
28.1250,64.1254,0.0063
28.1750,64.1254,0.0061
28.2250,64.1254,0.0061
28.2750,64.1254,0.0062
28.3250,64.1254,0.0060
28.3750,64.1254,0.0061
28.4250,64.1254,0.0059
28.4750,64.1254,0.0059
28.5250,64.1254,0.0059
28.5750,64.1254,0.0057
28.6250,64.1254,0.0057
28.6750,64.1254,0.0058
28.7250,64.1254,0.0056
28.7750,64.1254,0.0057
28.8250,64.1254,0.0054
28.8750,64.1254,0.0055
28.9250,64.1254,0.0055
28.9750,64.1254,0.0053
29.0250,64.1254,0.0053
29.0750,64.1254,0.0054
29.1250,64.1254,0.0052
29.1750,64.1254,0.0053
29.2250,64.1254,0.0051
29.2750,64.1254,0.0051
29.3250,64.1254,0.0051
29.3750,64.1254,0.0000
29.4250,64.1254,0.0000
29.4750,64.1254,0.0000
29.5250,64.1254,0.0000
29.5750,64.1254,0.0000
29.6250,64.1254,0.0000
29.6750,64.1254,0.0000
29.7250,64.1254,0.0000
29.7750,64.1254,0.0000
29.8250,64.1254,0.0000
29.8750,64.1254,0.0000
29.9250,64.1254,0.0000
29.9750,64.1254,0.0000
30.0250,64.1254,0.0000
30.0750,64.1254,0.0067
30.1250,64.1254,0.0067
30.1750,64.1254,0.0072
30.2250,64.1254,0.0068
30.2750,64.1254,0.0074
30.3250,64.1254,0.0070
30.3750,64.1254,0.0074
30.4250,64.1254,0.0074
30.4750,64.1254,0.0074
30.5250,64.1254,0.0074
30.5750,64.1254,0.0078
30.6250,64.1254,0.0073
30.6750,64.1254,0.0074
30.7250,64.1254,0.0074
30.7750,64.1254,0.0070
30.8250,64.1254,0.0070
30.8750,64.1254,0.0068
30.9250,64.1254,0.0065
30.9750,64.1254,0.0075
31.0250,64.1254,0.0085
31.0750,64.1254,0.0083
31.1250,64.1254,0.0084
31.1750,64.1254,0.0081
31.2250,64.1254,0.0080
31.2750,64.1254,0.0080
31.3250,64.1254,0.0075
31.3750,64.1254,0.0075
31.4250,64.1254,0.0075
31.4750,64.1254,0.0069
31.5250,64.1254,0.0070
31.5750,64.1254,0.0070
20.5250,64.0754,0.0178
20.5750,64.0754,0.0178
20.6250,64.0754,0.0178
20.6750,64.0754,0.0178
20.7250,64.0754,0.0178
20.7750,64.0754,0.0177
20.8250,64.0754,0.0177
20.8750,64.0754,0.0175
20.9250,64.0754,0.0176
20.9750,64.0754,0.0176
23.3750,64.0754,0.0090
23.4250,64.0754,0.0090
23.4750,64.0754,0.0090
23.5250,64.0754,0.0088
23.5750,64.0754,0.0086
23.6250,64.0754,0.0088
23.6750,64.0754,0.0085
23.7250,64.0754,0.0085
23.7750,64.0754,0.0083
23.8250,64.0754,0.0083
23.8750,64.0754,0.0083
23.9250,64.0754,0.0082
23.9750,64.0754,0.0082
24.0250,64.0754,0.0080
24.0750,64.0754,0.0080
24.1250,64.0754,0.0080
24.1750,64.0754,0.0078
24.2250,64.0754,0.0079
24.2750,64.0754,0.0077
24.3250,64.0754,0.0077
24.3750,64.0754,0.0075
24.4250,64.0754,0.0076
24.4750,64.0754,0.0076
24.5250,64.0754,0.0074
24.5750,64.0754,0.0074
24.6250,64.0754,0.0073
24.6750,64.0754,0.0073
24.7250,64.0754,0.0074
24.7750,64.0754,0.0072
24.8250,64.0754,0.0073
24.8750,64.0754,0.0071
24.9250,64.0754,0.0072
24.9750,64.0754,0.0071
25.0250,64.0754,0.0071
25.0750,64.0754,0.0071
25.1250,64.0754,0.0070
25.1750,64.0754,0.0070
25.2250,64.0754,0.0070
25.2750,64.0754,0.0068
25.3250,64.0754,0.0069
25.3750,64.0754,0.0068
25.4250,64.0754,0.0068
25.4750,64.0754,0.0069
25.5250,64.0754,0.0068
25.5750,64.0754,0.0069
25.6250,64.0754,0.0067
25.6750,64.0754,0.0068
25.7250,64.0754,0.0068
25.7750,64.0754,0.0067
25.8250,64.0754,0.0067
25.8750,64.0754,0.0067
25.9250,64.0754,0.0067
25.9750,64.0754,0.0068
26.0250,64.0754,0.0066
26.0750,64.0754,0.0068
26.1250,64.0754,0.0066
26.1750,64.0754,0.0067
26.2250,64.0754,0.0067
26.2750,64.0754,0.0067
26.3250,64.0754,0.0067
26.3750,64.0754,0.0067
26.4250,64.0754,0.0067
26.4750,64.0754,0.0069
26.5250,64.0754,0.0066
26.5750,64.0754,0.0069
26.6250,64.0754,0.0066
26.6750,64.0754,0.0068
26.7250,64.0754,0.0068
26.7750,64.0754,0.0068
26.8250,64.0754,0.0068
26.8750,64.0754,0.0067
26.9250,64.0754,0.0066
26.9750,64.0754,0.0069
27.0250,64.0754,0.0066
27.0750,64.0754,0.0067
27.1250,64.0754,0.0067
27.1750,64.0754,0.0066
27.2250,64.0754,0.0066
27.2750,64.0754,0.0065
27.3250,64.0754,0.0065
27.3750,64.0754,0.0068
27.4250,64.0754,0.0065
27.4750,64.0754,0.0066
27.5250,64.0754,0.0064
27.5750,64.0754,0.0065
27.6250,64.0754,0.0065
27.6750,64.0754,0.0064
27.7250,64.0754,0.0064
27.7750,64.0754,0.0064
27.8250,64.0754,0.0062
27.8750,64.0754,0.0063
27.9250,64.0754,0.0061
27.9750,64.0754,0.0061
28.0250,64.0754,0.0061
28.0750,64.0754,0.0060
28.1250,64.0754,0.0060
28.1750,64.0754,0.0060
28.2250,64.0754,0.0059
28.2750,64.0754,0.0060
28.3250,64.0754,0.0058
28.3750,64.0754,0.0058
28.4250,64.0754,0.0058
28.4750,64.0754,0.0057
28.5250,64.0754,0.0057
28.5750,64.0754,0.0056
28.6250,64.0754,0.0055
28.6750,64.0754,0.0056
28.7250,64.0754,0.0054
28.7750,64.0754,0.0054
28.8250,64.0754,0.0054
28.8750,64.0754,0.0052
28.9250,64.0754,0.0052
28.9750,64.0754,0.0052
29.0250,64.0754,0.0051
29.0750,64.0754,0.0052
29.1250,64.0754,0.0000
29.1750,64.0754,0.0050
29.2250,64.0754,0.0050
29.2750,64.0754,0.0000
29.3250,64.0754,0.0000
29.3750,64.0754,0.0000
29.4250,64.0754,0.0000
29.4750,64.0754,0.0000
29.5250,64.0754,0.0000
29.5750,64.0754,0.0000
29.6250,64.0754,0.0000
29.6750,64.0754,0.0000
29.7250,64.0754,0.0000
29.7750,64.0754,0.0000
29.8250,64.0754,0.0000
29.8750,64.0754,0.0000
29.9250,64.0754,0.0000
29.9750,64.0754,0.0000
30.0250,64.0754,0.0000
30.0750,64.0754,0.0028
30.1250,64.0754,0.0066
30.1750,64.0754,0.0066
30.2250,64.0754,0.0067
30.2750,64.0754,0.0067
30.3250,64.0754,0.0069
30.3750,64.0754,0.0067
30.4250,64.0754,0.0069
30.4750,64.0754,0.0069
30.5250,64.0754,0.0071
30.5750,64.0754,0.0071
30.6250,64.0754,0.0071
30.6750,64.0754,0.0067
30.7250,64.0754,0.0069
30.7750,64.0754,0.0066
30.8250,64.0754,0.0064
30.8750,64.0754,0.0064
30.9250,64.0754,0.0062
30.9750,64.0754,0.0062
31.0250,64.0754,0.0083
31.0750,64.0754,0.0078
31.1250,64.0754,0.0079
31.1750,64.0754,0.0079
31.2250,64.0754,0.0074
31.2750,64.0754,0.0074
31.3250,64.0754,0.0074
31.3750,64.0754,0.0069
31.4250,64.0754,0.0069
31.4750,64.0754,0.0069
31.5250,64.0754,0.0064
31.5750,64.0754,0.0064
20.5250,64.0254,0.0178
20.5750,64.0254,0.0177
20.6250,64.0254,0.0178
20.6750,64.0254,0.0176
20.7250,64.0254,0.0177
20.7750,64.0254,0.0175
20.8250,64.0254,0.0175
20.8750,64.0254,0.0175
20.9250,64.0254,0.0173
23.3750,64.0254,0.0087
23.4250,64.0254,0.0087
23.4750,64.0254,0.0087
23.5250,64.0254,0.0087
23.5750,64.0254,0.0084
23.6250,64.0254,0.0084
23.6750,64.0254,0.0084
23.7250,64.0254,0.0082
23.7750,64.0254,0.0083
23.8250,64.0254,0.0081
23.8750,64.0254,0.0081
23.9250,64.0254,0.0080
23.9750,64.0254,0.0080
24.0250,64.0254,0.0080
24.0750,64.0254,0.0078
24.1250,64.0254,0.0078
24.1750,64.0254,0.0076
24.2250,64.0254,0.0077
24.2750,64.0254,0.0077
24.3250,64.0254,0.0075
24.3750,64.0254,0.0075
24.4250,64.0254,0.0074
24.4750,64.0254,0.0074
24.5250,64.0254,0.0073
24.5750,64.0254,0.0072
24.6250,64.0254,0.0073
24.6750,64.0254,0.0071
24.7250,64.0254,0.0072
24.7750,64.0254,0.0070
24.8250,64.0254,0.0071
24.8750,64.0254,0.0071
24.9250,64.0254,0.0070
24.9750,64.0254,0.0070
25.0250,64.0254,0.0069
25.0750,64.0254,0.0069
25.1250,64.0254,0.0070
25.1750,64.0254,0.0068
25.2250,64.0254,0.0068
25.2750,64.0254,0.0066
25.3250,64.0254,0.0067
25.3750,64.0254,0.0067
25.4250,64.0254,0.0066
25.4750,64.0254,0.0066
25.5250,64.0254,0.0066
25.5750,64.0254,0.0066
25.6250,64.0254,0.0067
25.6750,64.0254,0.0065
25.7250,64.0254,0.0066
25.7750,64.0254,0.0065
25.8250,64.0254,0.0066
25.8750,64.0254,0.0066
25.9250,64.0254,0.0065
25.9750,64.0254,0.0065
26.0250,64.0254,0.0064
26.0750,64.0254,0.0064
26.1250,64.0254,0.0066
26.1750,64.0254,0.0064
26.2250,64.0254,0.0065
26.2750,64.0254,0.0063
26.3250,64.0254,0.0065
26.3750,64.0254,0.0065
26.4250,64.0254,0.0064
26.4750,64.0254,0.0064
26.5250,64.0254,0.0064
26.5750,64.0254,0.0064
26.6250,64.0254,0.0066
26.6750,64.0254,0.0064
26.7250,64.0254,0.0065
26.7750,64.0254,0.0064
26.8250,64.0254,0.0065
26.8750,64.0254,0.0065
26.9250,64.0254,0.0064
26.9750,64.0254,0.0064
27.0250,64.0254,0.0066
27.0750,64.0254,0.0063
27.1250,64.0254,0.0064
27.1750,64.0254,0.0062
27.2250,64.0254,0.0064
27.2750,64.0254,0.0063
27.3250,64.0254,0.0063
27.3750,64.0254,0.0063
27.4250,64.0254,0.0062
27.4750,64.0254,0.0062
27.5250,64.0254,0.0064
27.5750,64.0254,0.0061
27.6250,64.0254,0.0063
27.6750,64.0254,0.0062
27.7250,64.0254,0.0061
27.7750,64.0254,0.0061
27.8250,64.0254,0.0060
27.8750,64.0254,0.0060
27.9250,64.0254,0.0061
27.9750,64.0254,0.0059
28.0250,64.0254,0.0059
28.0750,64.0254,0.0058
28.1250,64.0254,0.0058
28.1750,64.0254,0.0058
28.2250,64.0254,0.0056
28.2750,64.0254,0.0056
28.3250,64.0254,0.0058
28.3750,64.0254,0.0055
28.4250,64.0254,0.0056
28.4750,64.0254,0.0055
28.5250,64.0254,0.0055
28.5750,64.0254,0.0055
28.6250,64.0254,0.0053
28.6750,64.0254,0.0053
28.7250,64.0254,0.0054
28.7750,64.0254,0.0051
28.8250,64.0254,0.0052
28.8750,64.0254,0.0030
28.9250,64.0254,0.0050
28.9750,64.0254,0.0050
29.0250,64.0254,0.0000
29.0750,64.0254,0.0000
29.1250,64.0254,0.0000
29.1750,64.0254,0.0000
29.2250,64.0254,0.0000
29.2750,64.0254,0.0000
29.3250,64.0254,0.0000
29.3750,64.0254,0.0000
29.4250,64.0254,0.0000
29.4750,64.0254,0.0000
29.5250,64.0254,0.0000
29.5750,64.0254,0.0000
29.6250,64.0254,0.0000
29.6750,64.0254,0.0000
29.7250,64.0254,0.0000
29.7750,64.0254,0.0000
29.8250,64.0254,0.0000
29.8750,64.0254,0.0000
29.9250,64.0254,0.0000
29.9750,64.0254,0.0061
30.0250,64.0254,0.0064
30.0750,64.0254,0.0064
30.1250,64.0254,0.0065
30.1750,64.0254,0.0065
30.2250,64.0254,0.0067
30.2750,64.0254,0.0065
30.3250,64.0254,0.0067
30.3750,64.0254,0.0067
30.4250,64.0254,0.0067
30.4750,64.0254,0.0067
30.5250,64.0254,0.0066
30.5750,64.0254,0.0065
30.6250,64.0254,0.0067
30.6750,64.0254,0.0063
30.7250,64.0254,0.0064
30.7750,64.0254,0.0064
30.8250,64.0254,0.0061
30.8750,64.0254,0.0061
30.9250,64.0254,0.0064
30.9750,64.0254,0.0076
31.0250,64.0254,0.0078
31.0750,64.0254,0.0077
31.1250,64.0254,0.0073
31.1750,64.0254,0.0073
31.2250,64.0254,0.0068
31.2750,64.0254,0.0068
31.3250,64.0254,0.0069
31.3750,64.0254,0.0064
31.4250,64.0254,0.0064
31.4750,64.0254,0.0064
31.5250,64.0254,0.0060
31.5750,64.0254,0.0060
20.5250,63.9754,0.0177
20.5750,63.9754,0.0177
20.6250,63.9754,0.0176
20.6750,63.9754,0.0176
20.7250,63.9754,0.0175
20.7750,63.9754,0.0175
20.8250,63.9754,0.0173
20.8750,63.9754,0.0173
20.9250,63.9754,0.0173
22.8250,63.9754,0.0098
23.0750,63.9754,0.0089
23.1250,63.9754,0.0089
23.1750,63.9754,0.0089
23.2250,63.9754,0.0088
23.2750,63.9754,0.0086
23.3250,63.9754,0.0086
23.3750,63.9754,0.0087
23.4250,63.9754,0.0087
23.4750,63.9754,0.0085
23.5250,63.9754,0.0084
23.5750,63.9754,0.0084
23.6250,63.9754,0.0082
23.6750,63.9754,0.0082
23.7250,63.9754,0.0081
23.7750,63.9754,0.0081
23.8250,63.9754,0.0081
23.8750,63.9754,0.0079
23.9250,63.9754,0.0079
23.9750,63.9754,0.0078
24.0250,63.9754,0.0078
24.0750,63.9754,0.0076
24.1250,63.9754,0.0076
24.1750,63.9754,0.0076
24.2250,63.9754,0.0074
24.2750,63.9754,0.0075
24.3250,63.9754,0.0073
24.3750,63.9754,0.0073
24.4250,63.9754,0.0073
24.4750,63.9754,0.0071
24.5250,63.9754,0.0071
24.5750,63.9754,0.0070
24.6250,63.9754,0.0070
24.6750,63.9754,0.0071
24.7250,63.9754,0.0069
24.7750,63.9754,0.0070
24.8250,63.9754,0.0068
24.8750,63.9754,0.0069
24.9250,63.9754,0.0067
24.9750,63.9754,0.0068
25.0250,63.9754,0.0068
25.0750,63.9754,0.0067
25.1250,63.9754,0.0067
25.1750,63.9754,0.0065
25.2250,63.9754,0.0065
25.2750,63.9754,0.0066
25.3250,63.9754,0.0065
25.3750,63.9754,0.0065
25.4250,63.9754,0.0064
25.4750,63.9754,0.0064
25.5250,63.9754,0.0065
25.5750,63.9754,0.0064
25.6250,63.9754,0.0064
25.6750,63.9754,0.0064
25.7250,63.9754,0.0064
25.7750,63.9754,0.0065
25.8250,63.9754,0.0064
25.8750,63.9754,0.0064
25.9250,63.9754,0.0064
25.9750,63.9754,0.0064
26.0250,63.9754,0.0064
26.0750,63.9754,0.0063
26.1250,63.9754,0.0064
26.1750,63.9754,0.0062
26.2250,63.9754,0.0063
26.2750,63.9754,0.0063
26.3250,63.9754,0.0063
26.3750,63.9754,0.0063
26.4250,63.9754,0.0063
26.4750,63.9754,0.0063
26.5250,63.9754,0.0064
26.5750,63.9754,0.0062
26.6250,63.9754,0.0064
26.6750,63.9754,0.0063
26.7250,63.9754,0.0063
26.7750,63.9754,0.0063
26.8250,63.9754,0.0063
26.8750,63.9754,0.0063
26.9250,63.9754,0.0064
26.9750,63.9754,0.0062
27.0250,63.9754,0.0063
27.0750,63.9754,0.0061
27.1250,63.9754,0.0062
27.1750,63.9754,0.0062
27.2250,63.9754,0.0061
27.2750,63.9754,0.0061
27.3250,63.9754,0.0061
27.3750,63.9754,0.0060
27.4250,63.9754,0.0062
27.4750,63.9754,0.0060
27.5250,63.9754,0.0061
27.5750,63.9754,0.0061
27.6250,63.9754,0.0060
27.6750,63.9754,0.0060
27.7250,63.9754,0.0059
27.7750,63.9754,0.0059
27.8250,63.9754,0.0060
27.8750,63.9754,0.0058
27.9250,63.9754,0.0059
27.9750,63.9754,0.0057
28.0250,63.9754,0.0057
28.0750,63.9754,0.0057
28.1250,63.9754,0.0055
28.1750,63.9754,0.0055
28.2250,63.9754,0.0056
28.2750,63.9754,0.0054
28.3250,63.9754,0.0055
28.3750,63.9754,0.0053
28.4250,63.9754,0.0054
28.4750,63.9754,0.0054
28.5250,63.9754,0.0052
28.5750,63.9754,0.0052
28.6250,63.9754,0.0053
28.6750,63.9754,0.0050
28.7250,63.9754,0.0051
28.7750,63.9754,0.0001
28.8250,63.9754,0.0000
28.8750,63.9754,0.0000
28.9250,63.9754,0.0000
28.9750,63.9754,0.0000
29.0250,63.9754,0.0000
29.0750,63.9754,0.0000
29.1250,63.9754,0.0000
29.1750,63.9754,0.0000
29.2250,63.9754,0.0000
29.2750,63.9754,0.0000
29.3250,63.9754,0.0000
29.3750,63.9754,0.0000
29.4250,63.9754,0.0000
29.4750,63.9754,0.0000
29.5250,63.9754,0.0000
29.5750,63.9754,0.0000
29.6250,63.9754,0.0000
29.6750,63.9754,0.0000
29.7250,63.9754,0.0000
29.7750,63.9754,0.0000
29.8250,63.9754,0.0000
29.8750,63.9754,0.0061
29.9250,63.9754,0.0062
29.9750,63.9754,0.0062
30.0250,63.9754,0.0063
30.0750,63.9754,0.0063
30.1250,63.9754,0.0064
30.1750,63.9754,0.0063
30.2250,63.9754,0.0065
30.2750,63.9754,0.0063
30.3250,63.9754,0.0065
30.3750,63.9754,0.0065
30.4250,63.9754,0.0064
30.4750,63.9754,0.0064
30.5250,63.9754,0.0065
30.5750,63.9754,0.0062
30.6250,63.9754,0.0063
30.6750,63.9754,0.0063
30.7250,63.9754,0.0060
30.7750,63.9754,0.0060
30.8250,63.9754,0.0059
30.8750,63.9754,0.0058
30.9250,63.9754,0.0059
30.9750,63.9754,0.0070
31.0250,63.9754,0.0070
31.0750,63.9754,0.0072
31.1250,63.9754,0.0066
31.1750,63.9754,0.0067
31.2250,63.9754,0.0067
31.2750,63.9754,0.0063
31.3250,63.9754,0.0063
31.3750,63.9754,0.0064
31.4250,63.9754,0.0060
31.4750,63.9754,0.0060
31.5250,63.9754,0.0060
31.5750,63.9754,0.0056
20.5250,63.9254,0.0176
20.5750,63.9254,0.0176
20.6250,63.9254,0.0174
20.6750,63.9254,0.0174
20.7250,63.9254,0.0175
20.7750,63.9254,0.0172
20.8250,63.9254,0.0173
22.7250,63.9254,0.0098
22.7750,63.9254,0.0098
22.8250,63.9254,0.0098
22.8750,63.9254,0.0095
22.9250,63.9254,0.0095
22.9750,63.9254,0.0095
23.0750,63.9254,0.0088
23.1250,63.9254,0.0089
23.1750,63.9254,0.0089
23.2250,63.9254,0.0086
23.2750,63.9254,0.0086
23.3250,63.9254,0.0085
23.3750,63.9254,0.0084
23.4250,63.9254,0.0084
23.4750,63.9254,0.0084
23.5250,63.9254,0.0082
23.5750,63.9254,0.0082
23.6250,63.9254,0.0080
23.6750,63.9254,0.0080
23.7250,63.9254,0.0081
23.7750,63.9254,0.0079
23.8250,63.9254,0.0079
23.8750,63.9254,0.0077
23.9250,63.9254,0.0077
23.9750,63.9254,0.0077
24.0250,63.9254,0.0076
24.0750,63.9254,0.0076
24.1250,63.9254,0.0074
24.1750,63.9254,0.0074
24.2250,63.9254,0.0073
24.2750,63.9254,0.0072
24.3250,63.9254,0.0073
24.3750,63.9254,0.0071
24.4250,63.9254,0.0071
24.4750,63.9254,0.0069
24.5250,63.9254,0.0070
24.5750,63.9254,0.0070
24.6250,63.9254,0.0068
24.6750,63.9254,0.0069
24.7250,63.9254,0.0067
24.7750,63.9254,0.0068
24.8250,63.9254,0.0068
24.8750,63.9254,0.0067
24.9250,63.9254,0.0067
24.9750,63.9254,0.0066
25.0250,63.9254,0.0066
25.0750,63.9254,0.0066
25.1250,63.9254,0.0065
25.1750,63.9254,0.0065
25.2250,63.9254,0.0064
25.2750,63.9254,0.0065
25.3250,63.9254,0.0064
25.3750,63.9254,0.0064
25.4250,63.9254,0.0064
25.4750,63.9254,0.0063
25.5250,63.9254,0.0063
25.5750,63.9254,0.0063
25.6250,63.9254,0.0063
25.6750,63.9254,0.0064
25.7250,63.9254,0.0062
25.7750,63.9254,0.0063
25.8250,63.9254,0.0062
25.8750,63.9254,0.0062
25.9250,63.9254,0.0062
25.9750,63.9254,0.0062
26.0250,63.9254,0.0062
26.0750,63.9254,0.0062
26.1250,63.9254,0.0061
26.1750,63.9254,0.0062
26.2250,63.9254,0.0061
26.2750,63.9254,0.0062
26.3250,63.9254,0.0061
26.3750,63.9254,0.0061
26.4250,63.9254,0.0061
26.4750,63.9254,0.0061
26.5250,63.9254,0.0061
26.5750,63.9254,0.0062
26.6250,63.9254,0.0061
26.6750,63.9254,0.0062
26.7250,63.9254,0.0060
26.7750,63.9254,0.0061
26.8250,63.9254,0.0061
26.8750,63.9254,0.0061
26.9250,63.9254,0.0061
26.9750,63.9254,0.0060
27.0250,63.9254,0.0060
27.0750,63.9254,0.0061
27.1250,63.9254,0.0059
27.1750,63.9254,0.0060
27.2250,63.9254,0.0058
27.2750,63.9254,0.0059
27.3250,63.9254,0.0059
27.3750,63.9254,0.0058
27.4250,63.9254,0.0058
27.4750,63.9254,0.0059
27.5250,63.9254,0.0058
27.5750,63.9254,0.0059
27.6250,63.9254,0.0056
27.6750,63.9254,0.0058
27.7250,63.9254,0.0058
27.7750,63.9254,0.0057
27.8250,63.9254,0.0057
27.8750,63.9254,0.0055
27.9250,63.9254,0.0055
27.9750,63.9254,0.0056
28.0250,63.9254,0.0053
28.0750,63.9254,0.0055
28.1250,63.9254,0.0054
28.1750,63.9254,0.0053
28.2250,63.9254,0.0053
28.2750,63.9254,0.0052
28.3250,63.9254,0.0052
28.3750,63.9254,0.0053
28.4250,63.9254,0.0051
28.4750,63.9254,0.0051
28.5250,63.9254,0.0043
28.5750,63.9254,0.0000
28.6250,63.9254,0.0001
28.6750,63.9254,0.0000
28.7250,63.9254,0.0000
28.7750,63.9254,0.0000
28.8250,63.9254,0.0000
28.8750,63.9254,0.0000
28.9250,63.9254,0.0000
28.9750,63.9254,0.0000
29.0250,63.9254,0.0000
29.0750,63.9254,0.0000
29.1250,63.9254,0.0000
29.1750,63.9254,0.0000
29.2250,63.9254,0.0000
29.2750,63.9254,0.0000
29.3250,63.9254,0.0000
29.3750,63.9254,0.0000
29.4250,63.9254,0.0000
29.4750,63.9254,0.0000
29.5250,63.9254,0.0000
29.5750,63.9254,0.0000
29.6250,63.9254,0.0000
29.6750,63.9254,0.0000
29.7250,63.9254,0.0000
29.7750,63.9254,0.0061
29.8250,63.9254,0.0061
29.8750,63.9254,0.0061
29.9250,63.9254,0.0061
29.9750,63.9254,0.0061
30.0250,63.9254,0.0061
30.0750,63.9254,0.0062
30.1250,63.9254,0.0062
30.1750,63.9254,0.0062
30.2250,63.9254,0.0062
30.2750,63.9254,0.0063
30.3250,63.9254,0.0061
30.3750,63.9254,0.0063
30.4250,63.9254,0.0063
30.4750,63.9254,0.0061
30.5250,63.9254,0.0061
30.5750,63.9254,0.0059
30.6250,63.9254,0.0058
30.6750,63.9254,0.0059
30.7250,63.9254,0.0056
30.7750,63.9254,0.0057
30.8250,63.9254,0.0057
30.8750,63.9254,0.0068
30.9250,63.9254,0.0068
30.9750,63.9254,0.0070
31.0250,63.9254,0.0064
31.0750,63.9254,0.0065
31.1250,63.9254,0.0065
31.1750,63.9254,0.0062
31.2250,63.9254,0.0062
31.2750,63.9254,0.0059
31.3250,63.9254,0.0059
31.3750,63.9254,0.0060
31.4250,63.9254,0.0056
31.4750,63.9254,0.0056
31.5250,63.9254,0.0056
31.5750,63.9254,0.0052
20.5250,63.8754,0.0175
20.5750,63.8754,0.0174
20.6250,63.8754,0.0174
20.6750,63.8754,0.0172
20.7250,63.8754,0.0172
20.7750,63.8754,0.0172
22.6250,63.8754,0.0098
22.6750,63.8754,0.0098
22.7250,63.8754,0.0098
22.7750,63.8754,0.0098
22.8250,63.8754,0.0096
22.8750,63.8754,0.0095
22.9250,63.8754,0.0095
22.9750,63.8754,0.0091
23.0250,63.8754,0.0088
23.0750,63.8754,0.0088
23.1250,63.8754,0.0088
23.1750,63.8754,0.0088
23.2250,63.8754,0.0085
23.2750,63.8754,0.0086
23.3250,63.8754,0.0083
23.3750,63.8754,0.0084
23.4250,63.8754,0.0082
23.4750,63.8754,0.0082
23.5250,63.8754,0.0082
23.5750,63.8754,0.0080
23.6250,63.8754,0.0080
23.6750,63.8754,0.0078
23.7250,63.8754,0.0079
23.7750,63.8754,0.0076
23.8250,63.8754,0.0077
23.8750,63.8754,0.0077
23.9250,63.8754,0.0075
23.9750,63.8754,0.0075
24.0250,63.8754,0.0073
24.0750,63.8754,0.0073
24.1250,63.8754,0.0074
24.1750,63.8754,0.0072
24.2250,63.8754,0.0072
24.2750,63.8754,0.0070
24.3250,63.8754,0.0071
24.3750,63.8754,0.0069
24.4250,63.8754,0.0069
24.4750,63.8754,0.0069
24.5250,63.8754,0.0067
24.5750,63.8754,0.0067
24.6250,63.8754,0.0066
24.6750,63.8754,0.0066
24.7250,63.8754,0.0067
24.7750,63.8754,0.0065
24.8250,63.8754,0.0066
24.8750,63.8754,0.0064
24.9250,63.8754,0.0065
24.9750,63.8754,0.0065
25.0250,63.8754,0.0064
25.0750,63.8754,0.0064
25.1250,63.8754,0.0064
25.1750,63.8754,0.0064
25.2250,63.8754,0.0064
25.2750,63.8754,0.0063
25.3250,63.8754,0.0063
25.3750,63.8754,0.0062
25.4250,63.8754,0.0062
25.4750,63.8754,0.0062
25.5250,63.8754,0.0062
25.5750,63.8754,0.0062
25.6250,63.8754,0.0061
25.6750,63.8754,0.0061
25.7250,63.8754,0.0062
25.7750,63.8754,0.0061
25.8250,63.8754,0.0062
25.8750,63.8754,0.0061
25.9250,63.8754,0.0061
25.9750,63.8754,0.0061
26.0250,63.8754,0.0061
26.0750,63.8754,0.0061
26.1250,63.8754,0.0060
26.1750,63.8754,0.0061
26.2250,63.8754,0.0060
26.2750,63.8754,0.0060
26.3250,63.8754,0.0060
26.3750,63.8754,0.0060
26.4250,63.8754,0.0060
26.4750,63.8754,0.0061
26.5250,63.8754,0.0059
26.5750,63.8754,0.0061
26.6250,63.8754,0.0059
26.6750,63.8754,0.0060
26.7250,63.8754,0.0060
26.7750,63.8754,0.0060
26.8250,63.8754,0.0060
26.8750,63.8754,0.0059
26.9250,63.8754,0.0059
26.9750,63.8754,0.0060
27.0250,63.8754,0.0057
27.0750,63.8754,0.0059
27.1250,63.8754,0.0056
27.1750,63.8754,0.0058
27.2250,63.8754,0.0058
27.2750,63.8754,0.0057
27.3250,63.8754,0.0057
27.3750,63.8754,0.0058
27.4250,63.8754,0.0056
27.4750,63.8754,0.0058
27.5250,63.8754,0.0056
27.5750,63.8754,0.0056
27.6250,63.8754,0.0056
27.6750,63.8754,0.0056
27.7250,63.8754,0.0056
27.7750,63.8754,0.0054
27.8250,63.8754,0.0054
27.8750,63.8754,0.0055
27.9250,63.8754,0.0052
27.9750,63.8754,0.0053
28.0250,63.8754,0.0053
28.0750,63.8754,0.0052
28.1250,63.8754,0.0052
28.1750,63.8754,0.0050
28.2250,63.8754,0.0050
28.2750,63.8754,0.0052
28.3250,63.8754,0.0000
28.3750,63.8754,0.0051
28.4250,63.8754,0.0035
28.4750,63.8754,0.0000
28.5250,63.8754,0.0000
28.5750,63.8754,0.0000
28.6250,63.8754,0.0000
28.6750,63.8754,0.0000
28.7250,63.8754,0.0000
28.7750,63.8754,0.0000
28.8250,63.8754,0.0000
28.8750,63.8754,0.0000
28.9250,63.8754,0.0000
28.9750,63.8754,0.0000
29.0250,63.8754,0.0000
29.0750,63.8754,0.0000
29.1250,63.8754,0.0000
29.1750,63.8754,0.0000
29.2250,63.8754,0.0000
29.2750,63.8754,0.0000
29.3250,63.8754,0.0000
29.3750,63.8754,0.0000
29.4250,63.8754,0.0000
29.4750,63.8754,0.0000
29.5250,63.8754,0.0000
29.5750,63.8754,0.0000
29.6250,63.8754,0.0000
29.6750,63.8754,0.0060
29.7250,63.8754,0.0060
29.7750,63.8754,0.0060
29.8250,63.8754,0.0060
29.8750,63.8754,0.0061
29.9250,63.8754,0.0060
29.9750,63.8754,0.0060
30.0250,63.8754,0.0060
30.0750,63.8754,0.0060
30.1250,63.8754,0.0060
30.1750,63.8754,0.0061
30.2250,63.8754,0.0060
30.2750,63.8754,0.0061
30.3250,63.8754,0.0060
30.3750,63.8754,0.0060
30.4250,63.8754,0.0060
30.4750,63.8754,0.0057
30.5250,63.8754,0.0057
30.5750,63.8754,0.0058
30.6250,63.8754,0.0055
30.6750,63.8754,0.0056
30.7250,63.8754,0.0056
30.7750,63.8754,0.0053
30.8250,63.8754,0.0053
30.8750,63.8754,0.0065
30.9250,63.8754,0.0063
30.9750,63.8754,0.0064
31.0250,63.8754,0.0061
31.0750,63.8754,0.0061
31.1250,63.8754,0.0061
31.1750,63.8754,0.0058
31.2250,63.8754,0.0058
31.2750,63.8754,0.0059
31.3250,63.8754,0.0055
31.3750,63.8754,0.0055
31.4250,63.8754,0.0055
31.4750,63.8754,0.0052
31.5250,63.8754,0.0052
31.5750,63.8754,0.0029
20.5250,63.8254,0.0174
20.5750,63.8254,0.0172
20.6250,63.8254,0.0172
20.6750,63.8254,0.0172
20.7250,63.8254,0.0172
20.8250,63.8254,0.0172
20.8750,63.8254,0.0160
20.9250,63.8254,0.0159
20.9750,63.8254,0.0159
21.0250,63.8254,0.0159
22.5750,63.8254,0.0098
22.6250,63.8254,0.0098
22.6750,63.8254,0.0098
22.7250,63.8254,0.0098
22.7750,63.8254,0.0094
22.8250,63.8254,0.0095
22.8750,63.8254,0.0091
22.9250,63.8254,0.0091
22.9750,63.8254,0.0089
23.0250,63.8254,0.0088
23.0750,63.8254,0.0088
23.1250,63.8254,0.0085
23.1750,63.8254,0.0085
23.2250,63.8254,0.0083
23.2750,63.8254,0.0083
23.3250,63.8254,0.0083
23.3750,63.8254,0.0082
23.4250,63.8254,0.0082
23.4750,63.8254,0.0080
23.5250,63.8254,0.0080
23.5750,63.8254,0.0078
23.6250,63.8254,0.0078
23.6750,63.8254,0.0078
23.7250,63.8254,0.0076
23.7750,63.8254,0.0076
23.8250,63.8254,0.0074
23.8750,63.8254,0.0075
23.9250,63.8254,0.0073
23.9750,63.8254,0.0073
24.0250,63.8254,0.0073
24.0750,63.8254,0.0071
24.1250,63.8254,0.0071
24.1750,63.8254,0.0070
24.2250,63.8254,0.0070
24.2750,63.8254,0.0070
24.3250,63.8254,0.0068
24.3750,63.8254,0.0069
24.4250,63.8254,0.0067
24.4750,63.8254,0.0067
24.5250,63.8254,0.0066
24.5750,63.8254,0.0065
24.6250,63.8254,0.0066
24.6750,63.8254,0.0065
24.7250,63.8254,0.0065
24.7750,63.8254,0.0064
24.8250,63.8254,0.0064
24.8750,63.8254,0.0064
24.9250,63.8254,0.0063
24.9750,63.8254,0.0063
25.0250,63.8254,0.0063
25.0750,63.8254,0.0063
25.1250,63.8254,0.0064
25.1750,63.8254,0.0062
25.2250,63.8254,0.0063
25.2750,63.8254,0.0061
25.3250,63.8254,0.0062
25.3750,63.8254,0.0062
25.4250,63.8254,0.0061
25.4750,63.8254,0.0061
25.5250,63.8254,0.0061
25.5750,63.8254,0.0061
25.6250,63.8254,0.0061
25.6750,63.8254,0.0060
25.7250,63.8254,0.0061
25.7750,63.8254,0.0059
25.8250,63.8254,0.0060
25.8750,63.8254,0.0060
25.9250,63.8254,0.0060
25.9750,63.8254,0.0060
26.0250,63.8254,0.0059
26.0750,63.8254,0.0059
26.1250,63.8254,0.0059
26.1750,63.8254,0.0057
26.2250,63.8254,0.0059
26.2750,63.8254,0.0057
26.3250,63.8254,0.0058
26.3750,63.8254,0.0058
26.4250,63.8254,0.0058
26.4750,63.8254,0.0058
26.5250,63.8254,0.0057
26.5750,63.8254,0.0057
26.6250,63.8254,0.0059
26.6750,63.8254,0.0056
26.7250,63.8254,0.0058
26.7750,63.8254,0.0056
26.8250,63.8254,0.0058
26.8750,63.8254,0.0058
26.9250,63.8254,0.0056
26.9750,63.8254,0.0056
27.0250,63.8254,0.0055
27.0750,63.8254,0.0055
27.1250,63.8254,0.0056
27.1750,63.8254,0.0054
27.2250,63.8254,0.0055
27.2750,63.8254,0.0055
27.3250,63.8254,0.0055
27.3750,63.8254,0.0055
27.4250,63.8254,0.0054
27.4750,63.8254,0.0054
27.5250,63.8254,0.0056
27.5750,63.8254,0.0053
27.6250,63.8254,0.0054
27.6750,63.8254,0.0052
27.7250,63.8254,0.0053
27.7750,63.8254,0.0053
27.8250,63.8254,0.0051
27.8750,63.8254,0.0051
27.9250,63.8254,0.0042
27.9750,63.8254,0.0022
28.0250,63.8254,0.0050
28.0750,63.8254,0.0001
28.1250,63.8254,0.0000
28.1750,63.8254,0.0022
28.2250,63.8254,0.0000
28.2750,63.8254,0.0000
28.3250,63.8254,0.0000
28.3750,63.8254,0.0000
28.4250,63.8254,0.0000
28.4750,63.8254,0.0000
28.5250,63.8254,0.0000
28.5750,63.8254,0.0000
28.6250,63.8254,0.0000
28.6750,63.8254,0.0000
28.7250,63.8254,0.0000
28.7750,63.8254,0.0000
28.8250,63.8254,0.0000
28.8750,63.8254,0.0000
28.9250,63.8254,0.0000
28.9750,63.8254,0.0000
29.0250,63.8254,0.0000
29.0750,63.8254,0.0000
29.1250,63.8254,0.0000
29.1750,63.8254,0.0000
29.2250,63.8254,0.0000
29.2750,63.8254,0.0000
29.3250,63.8254,0.0000
29.3750,63.8254,0.0000
29.4250,63.8254,0.0000
29.4750,63.8254,0.0000
29.5250,63.8254,0.0000
29.5750,63.8254,0.0056
29.6250,63.8254,0.0058
29.6750,63.8254,0.0059
29.7250,63.8254,0.0059
29.7750,63.8254,0.0060
29.8250,63.8254,0.0059
29.8750,63.8254,0.0060
29.9250,63.8254,0.0060
29.9750,63.8254,0.0059
30.0250,63.8254,0.0059
30.0750,63.8254,0.0059
30.1250,63.8254,0.0059
30.1750,63.8254,0.0059
30.2250,63.8254,0.0058
30.2750,63.8254,0.0058
30.3250,63.8254,0.0059
30.3750,63.8254,0.0056
30.4250,63.8254,0.0056
30.4750,63.8254,0.0056
30.5250,63.8254,0.0054
30.5750,63.8254,0.0054
30.6250,63.8254,0.0053
30.6750,63.8254,0.0051
30.7250,63.8254,0.0052
30.7750,63.8254,0.0058
30.8250,63.8254,0.0062
30.8750,63.8254,0.0062
30.9250,63.8254,0.0059
30.9750,63.8254,0.0059
31.0250,63.8254,0.0060
31.0750,63.8254,0.0056
31.1250,63.8254,0.0057
31.1750,63.8254,0.0057
31.2250,63.8254,0.0054
31.2750,63.8254,0.0054
31.3250,63.8254,0.0053
31.3750,63.8254,0.0050
31.4250,63.8254,0.0051
31.4750,63.8254,0.0034
31.5250,63.8254,0.0000
31.5750,63.8254,0.0000
20.5250,63.7754,0.0172
20.5750,63.7754,0.0172
20.6250,63.7754,0.0172
20.6750,63.7754,0.0172
20.8250,63.7754,0.0159
20.8750,63.7754,0.0159
20.9250,63.7754,0.0159
20.9750,63.7754,0.0159
22.5250,63.7754,0.0098
22.5750,63.7754,0.0098
22.6250,63.7754,0.0098
22.6750,63.7754,0.0094
22.7250,63.7754,0.0094
22.7750,63.7754,0.0091
22.8250,63.7754,0.0091
22.8750,63.7754,0.0091
22.9250,63.7754,0.0088
22.9750,63.7754,0.0088
23.0250,63.7754,0.0085
23.0750,63.7754,0.0085
23.1250,63.7754,0.0083
23.1750,63.7754,0.0083
23.2250,63.7754,0.0083
23.2750,63.7754,0.0081
23.3250,63.7754,0.0081
23.3750,63.7754,0.0079
23.4250,63.7754,0.0079
23.4750,63.7754,0.0079
23.5250,63.7754,0.0078
23.5750,63.7754,0.0078
23.6250,63.7754,0.0076
23.6750,63.7754,0.0076
23.7250,63.7754,0.0074
23.7750,63.7754,0.0074
23.8250,63.7754,0.0074
23.8750,63.7754,0.0072
23.9250,63.7754,0.0073
23.9750,63.7754,0.0071
24.0250,63.7754,0.0071
24.0750,63.7754,0.0070
24.1250,63.7754,0.0069
24.1750,63.7754,0.0070
24.2250,63.7754,0.0068
24.2750,63.7754,0.0068
24.3250,63.7754,0.0066
24.3750,63.7754,0.0067
24.4250,63.7754,0.0067
24.4750,63.7754,0.0065
24.5250,63.7754,0.0065
24.5750,63.7754,0.0064
24.6250,63.7754,0.0064
24.6750,63.7754,0.0064
24.7250,63.7754,0.0063
24.7750,63.7754,0.0064
24.8250,63.7754,0.0063
24.8750,63.7754,0.0063
24.9250,63.7754,0.0062
24.9750,63.7754,0.0062
25.0250,63.7754,0.0062
25.0750,63.7754,0.0062
25.1250,63.7754,0.0062
25.1750,63.7754,0.0061
25.2250,63.7754,0.0061
25.2750,63.7754,0.0061
25.3250,63.7754,0.0060
25.3750,63.7754,0.0061
25.4250,63.7754,0.0059
25.4750,63.7754,0.0060
25.5250,63.7754,0.0060
25.5750,63.7754,0.0059
25.6250,63.7754,0.0059
25.6750,63.7754,0.0059
25.7250,63.7754,0.0059
25.7750,63.7754,0.0059
25.8250,63.7754,0.0058
25.8750,63.7754,0.0059
25.9250,63.7754,0.0057
25.9750,63.7754,0.0058
26.0250,63.7754,0.0058
26.0750,63.7754,0.0056
26.1250,63.7754,0.0057
26.1750,63.7754,0.0056
26.2250,63.7754,0.0057
26.2750,63.7754,0.0057
26.3250,63.7754,0.0057
26.3750,63.7754,0.0057
26.4250,63.7754,0.0056
26.4750,63.7754,0.0056
26.5250,63.7754,0.0057
26.5750,63.7754,0.0055
26.6250,63.7754,0.0056
26.6750,63.7754,0.0055
26.7250,63.7754,0.0056
26.7750,63.7754,0.0056
26.8250,63.7754,0.0055
26.8750,63.7754,0.0055
26.9250,63.7754,0.0054
26.9750,63.7754,0.0054
27.0250,63.7754,0.0055
27.0750,63.7754,0.0053
27.1250,63.7754,0.0054
27.1750,63.7754,0.0054
27.2250,63.7754,0.0054
27.2750,63.7754,0.0054
27.3250,63.7754,0.0053
27.3750,63.7754,0.0053
27.4250,63.7754,0.0054
27.4750,63.7754,0.0051
27.5250,63.7754,0.0053
27.5750,63.7754,0.0051
27.6250,63.7754,0.0052
27.6750,63.7754,0.0052
27.7250,63.7754,0.0000
27.7750,63.7754,0.0000
27.8250,63.7754,0.0017
27.8750,63.7754,0.0000
27.9250,63.7754,0.0000
27.9750,63.7754,0.0000
28.0250,63.7754,0.0000
28.0750,63.7754,0.0000
28.1250,63.7754,0.0000
28.1750,63.7754,0.0000
28.2250,63.7754,0.0000
28.2750,63.7754,0.0000
28.3250,63.7754,0.0000
28.3750,63.7754,0.0000
28.4250,63.7754,0.0000
28.4750,63.7754,0.0000
28.5250,63.7754,0.0000
28.5750,63.7754,0.0000
28.6250,63.7754,0.0000
28.6750,63.7754,0.0000
28.7250,63.7754,0.0000
28.7750,63.7754,0.0000
28.8250,63.7754,0.0000
28.8750,63.7754,0.0000
28.9250,63.7754,0.0000
28.9750,63.7754,0.0000
29.0250,63.7754,0.0000
29.0750,63.7754,0.0000
29.1250,63.7754,0.0000
29.1750,63.7754,0.0000
29.2250,63.7754,0.0000
29.2750,63.7754,0.0000
29.3250,63.7754,0.0000
29.3750,63.7754,0.0000
29.4250,63.7754,0.0000
29.4750,63.7754,0.0000
29.5250,63.7754,0.0000
29.5750,63.7754,0.0053
29.6250,63.7754,0.0056
29.6750,63.7754,0.0056
29.7250,63.7754,0.0057
29.7750,63.7754,0.0057
29.8250,63.7754,0.0057
29.8750,63.7754,0.0057
29.9250,63.7754,0.0059
29.9750,63.7754,0.0057
30.0250,63.7754,0.0058
30.0750,63.7754,0.0058
30.1250,63.7754,0.0056
30.1750,63.7754,0.0056
30.2250,63.7754,0.0058
30.2750,63.7754,0.0054
30.3250,63.7754,0.0055
30.3750,63.7754,0.0055
30.4250,63.7754,0.0053
30.4750,63.7754,0.0053
30.5250,63.7754,0.0000
30.5750,63.7754,0.0000
30.6250,63.7754,0.0051
30.6750,63.7754,0.0060
30.7250,63.7754,0.0061
30.7750,63.7754,0.0061
30.8250,63.7754,0.0058
30.8750,63.7754,0.0058
30.9250,63.7754,0.0059
30.9750,63.7754,0.0055
31.0250,63.7754,0.0056
31.0750,63.7754,0.0055
31.1250,63.7754,0.0053
31.1750,63.7754,0.0053
31.2250,63.7754,0.0000
31.2750,63.7754,0.0000
31.3250,63.7754,0.0050
31.3750,63.7754,0.0000
31.4250,63.7754,0.0000
31.4750,63.7754,0.0000
31.5250,63.7754,0.0000
31.5750,63.7754,0.0000
20.5250,63.7254,0.0172
20.5750,63.7254,0.0172
20.8750,63.7254,0.0159
20.9250,63.7254,0.0159
22.5750,63.7254,0.0090
22.6250,63.7254,0.0091
22.6750,63.7254,0.0094
22.7250,63.7254,0.0090
22.7750,63.7254,0.0091
22.8250,63.7254,0.0087
22.8750,63.7254,0.0087
22.9250,63.7254,0.0085
22.9750,63.7254,0.0085
23.0250,63.7254,0.0085
23.0750,63.7254,0.0083
23.1250,63.7254,0.0083
23.1750,63.7254,0.0081
23.2250,63.7254,0.0081
23.2750,63.7254,0.0079
23.3250,63.7254,0.0078
23.3750,63.7254,0.0079
23.4250,63.7254,0.0077
23.4750,63.7254,0.0077
23.5250,63.7254,0.0076
23.5750,63.7254,0.0076
23.6250,63.7254,0.0076
23.6750,63.7254,0.0074
23.7250,63.7254,0.0074
23.7750,63.7254,0.0072
23.8250,63.7254,0.0072
23.8750,63.7254,0.0070
23.9250,63.7254,0.0071
23.9750,63.7254,0.0071
24.0250,63.7254,0.0069
24.0750,63.7254,0.0069
24.1250,63.7254,0.0067
24.1750,63.7254,0.0067
24.2250,63.7254,0.0066
24.2750,63.7254,0.0065
24.3250,63.7254,0.0066
24.3750,63.7254,0.0065
24.4250,63.7254,0.0065
24.4750,63.7254,0.0064
24.5250,63.7254,0.0064
24.5750,63.7254,0.0064
24.6250,63.7254,0.0063
24.6750,63.7254,0.0063
24.7250,63.7254,0.0062
24.7750,63.7254,0.0062
24.8250,63.7254,0.0063
24.8750,63.7254,0.0061
24.9250,63.7254,0.0062
24.9750,63.7254,0.0061
25.0250,63.7254,0.0061
25.0750,63.7254,0.0061
25.1250,63.7254,0.0060
25.1750,63.7254,0.0061
25.2250,63.7254,0.0059
25.2750,63.7254,0.0060
25.3250,63.7254,0.0058
25.3750,63.7254,0.0059
25.4250,63.7254,0.0059
25.4750,63.7254,0.0058
25.5250,63.7254,0.0058
25.5750,63.7254,0.0058
25.6250,63.7254,0.0058
25.6750,63.7254,0.0059
25.7250,63.7254,0.0057
25.7750,63.7254,0.0058
25.8250,63.7254,0.0056
25.8750,63.7254,0.0057
25.9250,63.7254,0.0057
25.9750,63.7254,0.0056
26.0250,63.7254,0.0056
26.0750,63.7254,0.0054
26.1250,63.7254,0.0054
26.1750,63.7254,0.0056
26.2250,63.7254,0.0054
26.2750,63.7254,0.0056
26.3250,63.7254,0.0054
26.3750,63.7254,0.0055
26.4250,63.7254,0.0055
26.4750,63.7254,0.0054
26.5250,63.7254,0.0054
26.5750,63.7254,0.0053
26.6250,63.7254,0.0053
26.6750,63.7254,0.0055
26.7250,63.7254,0.0052
26.7750,63.7254,0.0054
26.8250,63.7254,0.0052
26.8750,63.7254,0.0052
26.9250,63.7254,0.0052
26.9750,63.7254,0.0051
27.0250,63.7254,0.0051
27.0750,63.7254,0.0053
27.1250,63.7254,0.0050
27.1750,63.7254,0.0052
27.2250,63.7254,0.0002
27.2750,63.7254,0.0052
27.3250,63.7254,0.0050
27.3750,63.7254,0.0050
27.4250,63.7254,0.0050
27.4750,63.7254,0.0000
27.5250,63.7254,0.0015
27.5750,63.7254,0.0051
27.6250,63.7254,0.0000
27.6750,63.7254,0.0000
27.7250,63.7254,0.0000
27.7750,63.7254,0.0000
27.8250,63.7254,0.0000
27.8750,63.7254,0.0000
27.9250,63.7254,0.0000
27.9750,63.7254,0.0000
28.0250,63.7254,0.0000
28.0750,63.7254,0.0000
28.1250,63.7254,0.0000
28.1750,63.7254,0.0000
28.2250,63.7254,0.0000
28.2750,63.7254,0.0000
28.3250,63.7254,0.0000
28.3750,63.7254,0.0000
28.4250,63.7254,0.0000
28.4750,63.7254,0.0000
28.5250,63.7254,0.0000
28.5750,63.7254,0.0000
28.6250,63.7254,0.0000
28.6750,63.7254,0.0000
28.7250,63.7254,0.0000
28.7750,63.7254,0.0000
28.8250,63.7254,0.0000
28.8750,63.7254,0.0000
28.9250,63.7254,0.0000
28.9750,63.7254,0.0000
29.0250,63.7254,0.0000
29.0750,63.7254,0.0000
29.1250,63.7254,0.0000
29.1750,63.7254,0.0000
29.2250,63.7254,0.0000
29.2750,63.7254,0.0000
29.3250,63.7254,0.0000
29.3750,63.7254,0.0000
29.4250,63.7254,0.0000
29.4750,63.7254,0.0000
29.5250,63.7254,0.0053
29.5750,63.7254,0.0053
29.6250,63.7254,0.0053
29.6750,63.7254,0.0053
29.7250,63.7254,0.0054
29.7750,63.7254,0.0054
29.8250,63.7254,0.0057
29.8750,63.7254,0.0053
29.9250,63.7254,0.0056
29.9750,63.7254,0.0056
30.0250,63.7254,0.0055
30.0750,63.7254,0.0055
30.1250,63.7254,0.0054
30.1750,63.7254,0.0053
30.2250,63.7254,0.0054
30.2750,63.7254,0.0050
30.3250,63.7254,0.0052
30.3750,63.7254,0.0052
30.4250,63.7254,0.0000
30.4750,63.7254,0.0000
30.5250,63.7254,0.0000
30.5750,63.7254,0.0000
30.6250,63.7254,0.0060
30.6750,63.7254,0.0059
30.7250,63.7254,0.0057
30.7750,63.7254,0.0057
30.8250,63.7254,0.0054
30.8750,63.7254,0.0054
30.9250,63.7254,0.0055
30.9750,63.7254,0.0051
31.0250,63.7254,0.0052
31.0750,63.7254,0.0052
31.1250,63.7254,0.0000
31.1750,63.7254,0.0000
31.2250,63.7254,0.0000
31.2750,63.7254,0.0000
31.3250,63.7254,0.0000
31.3750,63.7254,0.0000
31.4250,63.7254,0.0000
31.4750,63.7254,0.0000
31.5250,63.7254,0.0000
31.5750,63.7254,0.0000
20.8250,63.6754,0.0159
20.8750,63.6754,0.0159
20.9250,63.6754,0.0159
22.5250,63.6754,0.0090
22.5750,63.6754,0.0090
22.6250,63.6754,0.0090
22.6750,63.6754,0.0090
22.7250,63.6754,0.0086
22.7750,63.6754,0.0086
22.8250,63.6754,0.0087
22.8750,63.6754,0.0084
22.9250,63.6754,0.0084
22.9750,63.6754,0.0082
23.0250,63.6754,0.0082
23.0750,63.6754,0.0081
23.1250,63.6754,0.0081
23.1750,63.6754,0.0081
23.2250,63.6754,0.0079
23.2750,63.6754,0.0078
23.3250,63.6754,0.0076
23.3750,63.6754,0.0077
23.4250,63.6754,0.0075
23.4750,63.6754,0.0075
23.5250,63.6754,0.0075
23.5750,63.6754,0.0073
23.6250,63.6754,0.0073
23.6750,63.6754,0.0072
23.7250,63.6754,0.0072
23.7750,63.6754,0.0071
23.8250,63.6754,0.0070
23.8750,63.6754,0.0070
23.9250,63.6754,0.0068
23.9750,63.6754,0.0069
24.0250,63.6754,0.0067
24.0750,63.6754,0.0067
24.1250,63.6754,0.0067
24.1750,63.6754,0.0065
24.2250,63.6754,0.0065
24.2750,63.6754,0.0064
24.3250,63.6754,0.0064
24.3750,63.6754,0.0064
24.4250,63.6754,0.0064
24.4750,63.6754,0.0064
24.5250,63.6754,0.0063
24.5750,63.6754,0.0063
24.6250,63.6754,0.0062
24.6750,63.6754,0.0062
24.7250,63.6754,0.0062
24.7750,63.6754,0.0061
24.8250,63.6754,0.0061
24.8750,63.6754,0.0060
24.9250,63.6754,0.0061
24.9750,63.6754,0.0061
25.0250,63.6754,0.0059
25.0750,63.6754,0.0059
25.1250,63.6754,0.0059
25.1750,63.6754,0.0059
25.2250,63.6754,0.0059
25.2750,63.6754,0.0058
25.3250,63.6754,0.0058
25.3750,63.6754,0.0057
25.4250,63.6754,0.0058
25.4750,63.6754,0.0057
25.5250,63.6754,0.0057
25.5750,63.6754,0.0057
25.6250,63.6754,0.0056
25.6750,63.6754,0.0056
25.7250,63.6754,0.0055
25.7750,63.6754,0.0055
25.8250,63.6754,0.0056
25.8750,63.6754,0.0055
25.9250,63.6754,0.0055
25.9750,63.6754,0.0054
26.0250,63.6754,0.0054
26.0750,63.6754,0.0054
26.1250,63.6754,0.0053
26.1750,63.6754,0.0054
26.2250,63.6754,0.0052
26.2750,63.6754,0.0054
26.3250,63.6754,0.0054
26.3750,63.6754,0.0053
26.4250,63.6754,0.0053
26.4750,63.6754,0.0053
26.5250,63.6754,0.0052
26.5750,63.6754,0.0053
26.6250,63.6754,0.0051
26.6750,63.6754,0.0052
26.7250,63.6754,0.0052
26.7750,63.6754,0.0051
26.8250,63.6754,0.0051
26.8750,63.6754,0.0051
26.9250,63.6754,0.0051
26.9750,63.6754,0.0042
27.0250,63.6754,0.0000
27.0750,63.6754,0.0050
27.1250,63.6754,0.0000
27.1750,63.6754,0.0000
27.2250,63.6754,0.0000
27.2750,63.6754,0.0000
27.3250,63.6754,0.0000
27.3750,63.6754,0.0000
27.4250,63.6754,0.0000
27.4750,63.6754,0.0000
27.5250,63.6754,0.0000
27.5750,63.6754,0.0000
27.6250,63.6754,0.0000
27.6750,63.6754,0.0000
27.7250,63.6754,0.0000
27.7750,63.6754,0.0000
27.8250,63.6754,0.0000
27.8750,63.6754,0.0000
27.9250,63.6754,0.0000
27.9750,63.6754,0.0000
28.0250,63.6754,0.0000
28.0750,63.6754,0.0000
28.1250,63.6754,0.0000
28.1750,63.6754,0.0000
28.2250,63.6754,0.0000
28.2750,63.6754,0.0000
28.3250,63.6754,0.0000
28.3750,63.6754,0.0000
28.4250,63.6754,0.0000
28.4750,63.6754,0.0000
28.5250,63.6754,0.0000
28.5750,63.6754,0.0000
28.6250,63.6754,0.0000
28.6750,63.6754,0.0000
28.7250,63.6754,0.0000
28.7750,63.6754,0.0000
28.8250,63.6754,0.0000
28.8750,63.6754,0.0000
28.9250,63.6754,0.0000
28.9750,63.6754,0.0000
29.0250,63.6754,0.0000
29.0750,63.6754,0.0000
29.1250,63.6754,0.0000
29.1750,63.6754,0.0000
29.2250,63.6754,0.0000
29.2750,63.6754,0.0000
29.3250,63.6754,0.0000
29.3750,63.6754,0.0000
29.4250,63.6754,0.0000
29.4750,63.6754,0.0000
29.5250,63.6754,0.0000
29.5750,63.6754,0.0000
29.6250,63.6754,0.0001
29.6750,63.6754,0.0050
29.7250,63.6754,0.0050
29.7750,63.6754,0.0000
29.8250,63.6754,0.0000
29.8750,63.6754,0.0052
29.9250,63.6754,0.0000
29.9750,63.6754,0.0052
30.0250,63.6754,0.0027
30.0750,63.6754,0.0051
30.1250,63.6754,0.0051
30.1750,63.6754,0.0000
30.2250,63.6754,0.0000
30.2750,63.6754,0.0050
30.3250,63.6754,0.0000
30.3750,63.6754,0.0000
30.4250,63.6754,0.0000
30.4750,63.6754,0.0000
30.5250,63.6754,0.0000
30.5750,63.6754,0.0000
30.6250,63.6754,0.0000
30.6750,63.6754,0.0000
30.7250,63.6754,0.0001
30.7750,63.6754,0.0053
30.8250,63.6754,0.0053
30.8750,63.6754,0.0000
30.9250,63.6754,0.0000
30.9750,63.6754,0.0051
31.0250,63.6754,0.0000
31.0750,63.6754,0.0000
31.1250,63.6754,0.0000
31.1750,63.6754,0.0000
31.2250,63.6754,0.0000
31.2750,63.6754,0.0000
31.3250,63.6754,0.0000
31.3750,63.6754,0.0000
31.4250,63.6754,0.0000
31.4750,63.6754,0.0000
31.5250,63.6754,0.0000
31.5750,63.6754,0.0000
20.7250,63.6254,0.0159
20.7750,63.6254,0.0159
20.8250,63.6254,0.0159
22.3750,63.6254,0.0092
22.4250,63.6254,0.0089
22.4750,63.6254,0.0089
22.5250,63.6254,0.0090
22.5750,63.6254,0.0090
22.6250,63.6254,0.0090
22.6750,63.6254,0.0086
22.7250,63.6254,0.0086
22.7750,63.6254,0.0084
22.8250,63.6254,0.0084
22.8750,63.6254,0.0082
22.9250,63.6254,0.0082
22.9750,63.6254,0.0082
23.0250,63.6254,0.0080
23.0750,63.6254,0.0080
23.1250,63.6254,0.0079
23.1750,63.6254,0.0079
23.2250,63.6254,0.0077
23.2750,63.6254,0.0077
23.3250,63.6254,0.0076
23.3750,63.6254,0.0074
23.4250,63.6254,0.0074
23.4750,63.6254,0.0072
23.5250,63.6254,0.0073
23.5750,63.6254,0.0071
23.6250,63.6254,0.0071
23.6750,63.6254,0.0071
23.7250,63.6254,0.0070
23.7750,63.6254,0.0070
23.8250,63.6254,0.0067
23.8750,63.6254,0.0068
23.9250,63.6254,0.0068
23.9750,63.6254,0.0066
24.0250,63.6254,0.0066
24.0750,63.6254,0.0065
24.1250,63.6254,0.0065
24.1750,63.6254,0.0064
24.2250,63.6254,0.0064
24.2750,63.6254,0.0064
24.3250,63.6254,0.0063
24.3750,63.6254,0.0063
24.4250,63.6254,0.0062
24.4750,63.6254,0.0062
24.5250,63.6254,0.0062
24.5750,63.6254,0.0061
24.6250,63.6254,0.0061
24.6750,63.6254,0.0061
24.7250,63.6254,0.0061
24.7750,63.6254,0.0060
24.8250,63.6254,0.0060
24.8750,63.6254,0.0060
24.9250,63.6254,0.0059
24.9750,63.6254,0.0059
25.0250,63.6254,0.0058
25.0750,63.6254,0.0058
25.1250,63.6254,0.0058
25.1750,63.6254,0.0057
25.2250,63.6254,0.0058
25.2750,63.6254,0.0056
25.3250,63.6254,0.0057
25.3750,63.6254,0.0057
25.4250,63.6254,0.0056
25.4750,63.6254,0.0056
25.5250,63.6254,0.0055
25.5750,63.6254,0.0055
25.6250,63.6254,0.0055
25.6750,63.6254,0.0054
25.7250,63.6254,0.0055
25.7750,63.6254,0.0054
25.8250,63.6254,0.0055
25.8750,63.6254,0.0054
25.9250,63.6254,0.0053
25.9750,63.6254,0.0053
26.0250,63.6254,0.0052
26.0750,63.6254,0.0052
26.1250,63.6254,0.0052
26.1750,63.6254,0.0051
26.2250,63.6254,0.0052
26.2750,63.6254,0.0000
26.3250,63.6254,0.0051
26.3750,63.6254,0.0039
26.4250,63.6254,0.0050
26.4750,63.6254,0.0050
26.5250,63.6254,0.0000
26.5750,63.6254,0.0000
26.6250,63.6254,0.0046
26.6750,63.6254,0.0000
26.7250,63.6254,0.0050
26.7750,63.6254,0.0000
26.8250,63.6254,0.0000
26.8750,63.6254,0.0000
26.9250,63.6254,0.0000
26.9750,63.6254,0.0000
27.0250,63.6254,0.0000
27.0750,63.6254,0.0000
27.1250,63.6254,0.0000
27.1750,63.6254,0.0000
27.2250,63.6254,0.0000
27.2750,63.6254,0.0000
27.3250,63.6254,0.0000
27.3750,63.6254,0.0000
27.4250,63.6254,0.0000
27.4750,63.6254,0.0000
27.5250,63.6254,0.0000
27.5750,63.6254,0.0000
27.6250,63.6254,0.0000
27.6750,63.6254,0.0000
27.7250,63.6254,0.0000
27.7750,63.6254,0.0000
27.8250,63.6254,0.0000
27.8750,63.6254,0.0000
27.9250,63.6254,0.0000
27.9750,63.6254,0.0000
28.0250,63.6254,0.0000
28.0750,63.6254,0.0000
28.1250,63.6254,0.0000
28.1750,63.6254,0.0000
28.2250,63.6254,0.0000
28.2750,63.6254,0.0000
28.3250,63.6254,0.0000
28.3750,63.6254,0.0000
28.4250,63.6254,0.0000
28.4750,63.6254,0.0000
28.5250,63.6254,0.0000
28.5750,63.6254,0.0000
28.6250,63.6254,0.0000
28.6750,63.6254,0.0000
28.7250,63.6254,0.0000
28.7750,63.6254,0.0000
28.8250,63.6254,0.0000
28.8750,63.6254,0.0000
28.9250,63.6254,0.0000
28.9750,63.6254,0.0000
29.0250,63.6254,0.0000
29.0750,63.6254,0.0000
29.1250,63.6254,0.0000
29.1750,63.6254,0.0000
29.2250,63.6254,0.0000
29.2750,63.6254,0.0000
29.3250,63.6254,0.0000
29.3750,63.6254,0.0000
29.4250,63.6254,0.0000
29.4750,63.6254,0.0000
29.5250,63.6254,0.0000
29.5750,63.6254,0.0000
29.6250,63.6254,0.0000
29.6750,63.6254,0.0000
29.7250,63.6254,0.0000
29.7750,63.6254,0.0000
29.8250,63.6254,0.0000
29.8750,63.6254,0.0000
29.9250,63.6254,0.0000
29.9750,63.6254,0.0000
30.0250,63.6254,0.0000
30.0750,63.6254,0.0000
30.1250,63.6254,0.0000
30.1750,63.6254,0.0000
30.2250,63.6254,0.0000
30.2750,63.6254,0.0000
30.3250,63.6254,0.0000
30.3750,63.6254,0.0000
30.4250,63.6254,0.0000
30.4750,63.6254,0.0000
30.5250,63.6254,0.0000
30.5750,63.6254,0.0000
30.6250,63.6254,0.0000
30.6750,63.6254,0.0000
30.7250,63.6254,0.0000
30.7750,63.6254,0.0000
30.8250,63.6254,0.0000
30.8750,63.6254,0.0000
30.9250,63.6254,0.0000
30.9750,63.6254,0.0000
31.0250,63.6254,0.0000
31.0750,63.6254,0.0000
31.1250,63.6254,0.0000
31.1750,63.6254,0.0000
31.2250,63.6254,0.0000
31.2750,63.6254,0.0000
31.3250,63.6254,0.0000
31.3750,63.6254,0.0000
31.4250,63.6254,0.0000
31.4750,63.6254,0.0000
31.5250,63.6254,0.0000
31.5750,63.6254,0.0000
20.7750,63.5754,0.0159
22.3250,63.5754,0.0093
22.3750,63.5754,0.0093
22.4250,63.5754,0.0089
22.4750,63.5754,0.0089
22.5250,63.5754,0.0089
22.5750,63.5754,0.0086
22.6250,63.5754,0.0086
22.6750,63.5754,0.0084
22.7250,63.5754,0.0084
22.7750,63.5754,0.0084
22.8250,63.5754,0.0082
22.8750,63.5754,0.0082
22.9250,63.5754,0.0080
22.9750,63.5754,0.0080
23.0250,63.5754,0.0078
23.0750,63.5754,0.0078
23.1250,63.5754,0.0078
23.1750,63.5754,0.0076
23.2250,63.5754,0.0077
23.2750,63.5754,0.0075
23.3250,63.5754,0.0074
23.3750,63.5754,0.0072
23.4250,63.5754,0.0072
23.4750,63.5754,0.0072
23.5250,63.5754,0.0071
23.5750,63.5754,0.0071
23.6250,63.5754,0.0069
23.6750,63.5754,0.0069
23.7250,63.5754,0.0068
23.7750,63.5754,0.0067
23.8250,63.5754,0.0067
23.8750,63.5754,0.0066
23.9250,63.5754,0.0066
23.9750,63.5754,0.0064
24.0250,63.5754,0.0065
24.0750,63.5754,0.0065
24.1250,63.5754,0.0064
24.1750,63.5754,0.0064
24.2250,63.5754,0.0063
24.2750,63.5754,0.0063
24.3250,63.5754,0.0061
24.3750,63.5754,0.0061
24.4250,63.5754,0.0062
24.4750,63.5754,0.0060
24.5250,63.5754,0.0061
24.5750,63.5754,0.0060
24.6250,63.5754,0.0060
24.6750,63.5754,0.0060
24.7250,63.5754,0.0059
24.7750,63.5754,0.0060
24.8250,63.5754,0.0058
24.8750,63.5754,0.0059
24.9250,63.5754,0.0058
24.9750,63.5754,0.0058
25.0250,63.5754,0.0058
25.0750,63.5754,0.0057
25.1250,63.5754,0.0057
25.1750,63.5754,0.0056
25.2250,63.5754,0.0056
25.2750,63.5754,0.0056
25.3250,63.5754,0.0055
25.3750,63.5754,0.0055
25.4250,63.5754,0.0054
25.4750,63.5754,0.0055
25.5250,63.5754,0.0055
25.5750,63.5754,0.0054
25.6250,63.5754,0.0054
25.6750,63.5754,0.0053
25.7250,63.5754,0.0053
25.7750,63.5754,0.0054
25.8250,63.5754,0.0052
25.8750,63.5754,0.0053
25.9250,63.5754,0.0051
25.9750,63.5754,0.0052
26.0250,63.5754,0.0046
26.0750,63.5754,0.0050
26.1250,63.5754,0.0051
26.1750,63.5754,0.0000
26.2250,63.5754,0.0000
26.2750,63.5754,0.0000
26.3250,63.5754,0.0000
26.3750,63.5754,0.0000
26.4250,63.5754,0.0000
26.4750,63.5754,0.0000
26.5250,63.5754,0.0000
26.5750,63.5754,0.0000
26.6250,63.5754,0.0000
26.6750,63.5754,0.0000
26.7250,63.5754,0.0000
26.7750,63.5754,0.0000
26.8250,63.5754,0.0000
26.8750,63.5754,0.0000
26.9250,63.5754,0.0000
26.9750,63.5754,0.0000
27.0250,63.5754,0.0000
27.0750,63.5754,0.0000
27.1250,63.5754,0.0000
27.1750,63.5754,0.0000
27.2250,63.5754,0.0000
27.2750,63.5754,0.0000
27.3250,63.5754,0.0000
27.3750,63.5754,0.0000
27.4250,63.5754,0.0000
27.4750,63.5754,0.0000
27.5250,63.5754,0.0000
27.5750,63.5754,0.0000
27.6250,63.5754,0.0000
27.6750,63.5754,0.0000
27.7250,63.5754,0.0000
27.7750,63.5754,0.0000
27.8250,63.5754,0.0000
27.8750,63.5754,0.0000
27.9250,63.5754,0.0000
27.9750,63.5754,0.0000
28.0250,63.5754,0.0000
28.0750,63.5754,0.0000
28.1250,63.5754,0.0000
28.1750,63.5754,0.0000
28.2250,63.5754,0.0000
28.2750,63.5754,0.0000
28.3250,63.5754,0.0000
28.3750,63.5754,0.0000
28.4250,63.5754,0.0000
28.4750,63.5754,0.0000
28.5250,63.5754,0.0000
28.5750,63.5754,0.0000
28.6250,63.5754,0.0000
28.6750,63.5754,0.0000
28.7250,63.5754,0.0000
28.7750,63.5754,0.0000
28.8250,63.5754,0.0000
28.8750,63.5754,0.0000
28.9250,63.5754,0.0000
28.9750,63.5754,0.0000
29.0250,63.5754,0.0000
29.0750,63.5754,0.0000
29.1250,63.5754,0.0000
29.1750,63.5754,0.0000
29.2250,63.5754,0.0000
29.2750,63.5754,0.0000
29.3250,63.5754,0.0000
29.3750,63.5754,0.0000
29.4250,63.5754,0.0000
29.4750,63.5754,0.0000
29.5250,63.5754,0.0000
29.5750,63.5754,0.0000
29.6250,63.5754,0.0000
29.6750,63.5754,0.0000
29.7250,63.5754,0.0000
29.7750,63.5754,0.0000
29.8250,63.5754,0.0000
29.8750,63.5754,0.0000
29.9250,63.5754,0.0000
29.9750,63.5754,0.0000
30.0250,63.5754,0.0000
30.0750,63.5754,0.0000
30.1250,63.5754,0.0000
30.1750,63.5754,0.0000
30.2250,63.5754,0.0000
30.2750,63.5754,0.0000
30.3250,63.5754,0.0000
30.3750,63.5754,0.0000
30.4250,63.5754,0.0000
30.4750,63.5754,0.0000
30.5250,63.5754,0.0000
30.5750,63.5754,0.0000
30.6250,63.5754,0.0000
30.6750,63.5754,0.0000
30.7250,63.5754,0.0000
30.7750,63.5754,0.0000
30.8250,63.5754,0.0000
30.8750,63.5754,0.0000
30.9250,63.5754,0.0000
30.9750,63.5754,0.0000
31.0250,63.5754,0.0000
31.0750,63.5754,0.0000
31.1250,63.5754,0.0000
31.1750,63.5754,0.0000
31.2250,63.5754,0.0000
31.2750,63.5754,0.0000
31.3250,63.5754,0.0000
31.3750,63.5754,0.0000
31.4250,63.5754,0.0000
31.4750,63.5754,0.0000
31.5250,63.5754,0.0000
31.5750,63.5754,0.0000
22.1750,63.5254,0.0089
22.2750,63.5254,0.0092
22.3250,63.5254,0.0093
22.3750,63.5254,0.0089
22.4250,63.5254,0.0089
22.4750,63.5254,0.0086
22.5250,63.5254,0.0086
22.5750,63.5254,0.0086
22.6250,63.5254,0.0083
22.6750,63.5254,0.0083
22.7250,63.5254,0.0082
22.7750,63.5254,0.0082
22.8250,63.5254,0.0080
22.8750,63.5254,0.0080
22.9250,63.5254,0.0080
22.9750,63.5254,0.0078
23.0250,63.5254,0.0078
23.0750,63.5254,0.0076
23.1250,63.5254,0.0076
23.1750,63.5254,0.0074
23.2250,63.5254,0.0074
23.2750,63.5254,0.0074
23.3250,63.5254,0.0072
23.3750,63.5254,0.0072
23.4250,63.5254,0.0070
23.4750,63.5254,0.0071
23.5250,63.5254,0.0068
23.5750,63.5254,0.0068
23.6250,63.5254,0.0068
23.6750,63.5254,0.0067
23.7250,63.5254,0.0067
23.7750,63.5254,0.0065
23.8250,63.5254,0.0065
23.8750,63.5254,0.0064
23.9250,63.5254,0.0064
23.9750,63.5254,0.0064
24.0250,63.5254,0.0064
24.0750,63.5254,0.0064
24.1250,63.5254,0.0063
24.1750,63.5254,0.0063
24.2250,63.5254,0.0062
24.2750,63.5254,0.0061
24.3250,63.5254,0.0061
24.3750,63.5254,0.0060
24.4250,63.5254,0.0060
24.4750,63.5254,0.0059
24.5250,63.5254,0.0059
24.5750,63.5254,0.0059
24.6250,63.5254,0.0059
24.6750,63.5254,0.0059
24.7250,63.5254,0.0058
24.7750,63.5254,0.0058
24.8250,63.5254,0.0058
24.8750,63.5254,0.0057
24.9250,63.5254,0.0058
24.9750,63.5254,0.0056
25.0250,63.5254,0.0057
25.0750,63.5254,0.0056
25.1250,63.5254,0.0055
25.1750,63.5254,0.0055
25.2250,63.5254,0.0054
25.2750,63.5254,0.0054
25.3250,63.5254,0.0053
25.3750,63.5254,0.0054
25.4250,63.5254,0.0054
25.4750,63.5254,0.0053
25.5250,63.5254,0.0053
25.5750,63.5254,0.0053
25.6250,63.5254,0.0053
25.6750,63.5254,0.0053
25.7250,63.5254,0.0052
25.7750,63.5254,0.0052
25.8250,63.5254,0.0051
25.8750,63.5254,0.0051
25.9250,63.5254,0.0051
25.9750,63.5254,0.0000
26.0250,63.5254,0.0000
26.0750,63.5254,0.0000
26.1250,63.5254,0.0000
26.1750,63.5254,0.0000
26.2250,63.5254,0.0000
26.2750,63.5254,0.0000
26.3250,63.5254,0.0000
26.3750,63.5254,0.0000
26.4250,63.5254,0.0000
26.4750,63.5254,0.0000
26.5250,63.5254,0.0000
26.5750,63.5254,0.0000
26.6250,63.5254,0.0000
26.6750,63.5254,0.0000
26.7250,63.5254,0.0000
26.7750,63.5254,0.0000
26.8250,63.5254,0.0000
26.8750,63.5254,0.0000
26.9250,63.5254,0.0000
26.9750,63.5254,0.0000
27.0250,63.5254,0.0000
27.0750,63.5254,0.0000
27.1250,63.5254,0.0000
27.1750,63.5254,0.0000
27.2250,63.5254,0.0000
27.2750,63.5254,0.0000
27.3250,63.5254,0.0000
27.3750,63.5254,0.0000
27.4250,63.5254,0.0000
27.4750,63.5254,0.0000
27.5250,63.5254,0.0000
27.5750,63.5254,0.0000
27.6250,63.5254,0.0000
27.6750,63.5254,0.0000
27.7250,63.5254,0.0000
27.7750,63.5254,0.0000
27.8250,63.5254,0.0000
27.8750,63.5254,0.0000
27.9250,63.5254,0.0000
27.9750,63.5254,0.0000
28.0250,63.5254,0.0000
28.0750,63.5254,0.0000
28.1250,63.5254,0.0000
28.1750,63.5254,0.0000
28.2250,63.5254,0.0000
28.2750,63.5254,0.0000
28.3250,63.5254,0.0000
28.3750,63.5254,0.0000
28.4250,63.5254,0.0000
28.4750,63.5254,0.0000
28.5250,63.5254,0.0000
28.5750,63.5254,0.0000
28.6250,63.5254,0.0000
28.6750,63.5254,0.0000
28.7250,63.5254,0.0000
28.7750,63.5254,0.0000
28.8250,63.5254,0.0000
28.8750,63.5254,0.0000
28.9250,63.5254,0.0000
28.9750,63.5254,0.0000
29.0250,63.5254,0.0000
29.0750,63.5254,0.0000
29.1250,63.5254,0.0000
29.1750,63.5254,0.0000
29.2250,63.5254,0.0000
29.2750,63.5254,0.0000
29.3250,63.5254,0.0000
29.3750,63.5254,0.0000
29.4250,63.5254,0.0000
29.4750,63.5254,0.0000
29.5250,63.5254,0.0000
29.5750,63.5254,0.0000
29.6250,63.5254,0.0000
29.6750,63.5254,0.0000
29.7250,63.5254,0.0000
29.7750,63.5254,0.0000
29.8250,63.5254,0.0000
29.8750,63.5254,0.0000
29.9250,63.5254,0.0000
29.9750,63.5254,0.0000
30.0250,63.5254,0.0000
30.0750,63.5254,0.0000
30.1250,63.5254,0.0000
30.1750,63.5254,0.0000
30.2250,63.5254,0.0000
30.2750,63.5254,0.0000
30.3250,63.5254,0.0000
30.3750,63.5254,0.0000
30.4250,63.5254,0.0000
30.4750,63.5254,0.0000
30.5250,63.5254,0.0000
30.5750,63.5254,0.0000
30.6250,63.5254,0.0000
30.6750,63.5254,0.0000
30.7250,63.5254,0.0000
30.7750,63.5254,0.0000
30.8250,63.5254,0.0000
30.8750,63.5254,0.0000
30.9250,63.5254,0.0000
30.9750,63.5254,0.0000
31.0250,63.5254,0.0000
31.0750,63.5254,0.0000
31.1250,63.5254,0.0000
31.1750,63.5254,0.0000
31.2250,63.5254,0.0000
31.2750,63.5254,0.0000
31.3250,63.5254,0.0000
31.3750,63.5254,0.0000
31.4250,63.5254,0.0000
31.4750,63.5254,0.0000
31.5250,63.5254,0.0000
31.5750,63.5254,0.0000
21.7250,63.4754,0.0105
21.7750,63.4754,0.0105
21.8250,63.4754,0.0105
22.1250,63.4754,0.0092
22.1750,63.4754,0.0089
22.2250,63.4754,0.0089
22.2750,63.4754,0.0089
22.3250,63.4754,0.0089
22.3750,63.4754,0.0089
22.4250,63.4754,0.0085
22.4750,63.4754,0.0085
22.5250,63.4754,0.0083
22.5750,63.4754,0.0083
22.6250,63.4754,0.0081
22.6750,63.4754,0.0081
22.7250,63.4754,0.0081
22.7750,63.4754,0.0080
22.8250,63.4754,0.0080
22.8750,63.4754,0.0078
22.9250,63.4754,0.0078
22.9750,63.4754,0.0076
23.0250,63.4754,0.0076
23.0750,63.4754,0.0076
23.1250,63.4754,0.0074
23.1750,63.4754,0.0074
23.2250,63.4754,0.0072
23.2750,63.4754,0.0072
23.3250,63.4754,0.0070
23.3750,63.4754,0.0070
23.4250,63.4754,0.0070
23.4750,63.4754,0.0069
23.5250,63.4754,0.0068
23.5750,63.4754,0.0066
23.6250,63.4754,0.0066
23.6750,63.4754,0.0065
23.7250,63.4754,0.0065
23.7750,63.4754,0.0065
23.8250,63.4754,0.0064
23.8750,63.4754,0.0064
23.9250,63.4754,0.0063
23.9750,63.4754,0.0063
24.0250,63.4754,0.0062
24.0750,63.4754,0.0062
24.1250,63.4754,0.0062
24.1750,63.4754,0.0061
24.2250,63.4754,0.0061
24.2750,63.4754,0.0060
24.3250,63.4754,0.0060
24.3750,63.4754,0.0060
24.4250,63.4754,0.0059
24.4750,63.4754,0.0059
24.5250,63.4754,0.0058
24.5750,63.4754,0.0058
24.6250,63.4754,0.0057
24.6750,63.4754,0.0057
24.7250,63.4754,0.0058
24.7750,63.4754,0.0057
24.8250,63.4754,0.0057
24.8750,63.4754,0.0055
24.9250,63.4754,0.0056
24.9750,63.4754,0.0056
25.0250,63.4754,0.0055
25.0750,63.4754,0.0055
25.1250,63.4754,0.0054
25.1750,63.4754,0.0054
25.2250,63.4754,0.0054
25.2750,63.4754,0.0053
25.3250,63.4754,0.0053
25.3750,63.4754,0.0052
25.4250,63.4754,0.0052
25.4750,63.4754,0.0051
25.5250,63.4754,0.0052
25.5750,63.4754,0.0052
25.6250,63.4754,0.0051
25.6750,63.4754,0.0051
25.7250,63.4754,0.0000
25.7750,63.4754,0.0000
25.8250,63.4754,0.0051
25.8750,63.4754,0.0000
25.9250,63.4754,0.0000
25.9750,63.4754,0.0000
26.0250,63.4754,0.0000
26.0750,63.4754,0.0000
26.1250,63.4754,0.0000
26.1750,63.4754,0.0000
26.2250,63.4754,0.0000
26.2750,63.4754,0.0000
26.3250,63.4754,0.0000
26.3750,63.4754,0.0000
26.4250,63.4754,0.0000
26.4750,63.4754,0.0000
26.5250,63.4754,0.0000
26.5750,63.4754,0.0000
26.6250,63.4754,0.0000
26.6750,63.4754,0.0000
26.7250,63.4754,0.0000
26.7750,63.4754,0.0000
26.8250,63.4754,0.0000
26.8750,63.4754,0.0000
26.9250,63.4754,0.0000
26.9750,63.4754,0.0000
27.0250,63.4754,0.0000
27.0750,63.4754,0.0000
27.1250,63.4754,0.0000
27.1750,63.4754,0.0000
27.2250,63.4754,0.0000
27.2750,63.4754,0.0000
27.3250,63.4754,0.0000
27.3750,63.4754,0.0000
27.4250,63.4754,0.0000
27.4750,63.4754,0.0000
27.5250,63.4754,0.0000
27.5750,63.4754,0.0000
27.6250,63.4754,0.0000
27.6750,63.4754,0.0000
27.7250,63.4754,0.0000
27.7750,63.4754,0.0000
27.8250,63.4754,0.0000
27.8750,63.4754,0.0000
27.9250,63.4754,0.0000
27.9750,63.4754,0.0000
28.0250,63.4754,0.0000
28.0750,63.4754,0.0000
28.1250,63.4754,0.0000
28.1750,63.4754,0.0000
28.2250,63.4754,0.0000
28.2750,63.4754,0.0000
28.3250,63.4754,0.0000
28.3750,63.4754,0.0000
28.4250,63.4754,0.0000
28.4750,63.4754,0.0000
28.5250,63.4754,0.0000
28.5750,63.4754,0.0000
28.6250,63.4754,0.0000
28.6750,63.4754,0.0000
28.7250,63.4754,0.0000
28.7750,63.4754,0.0000
28.8250,63.4754,0.0000
28.8750,63.4754,0.0000
28.9250,63.4754,0.0000
28.9750,63.4754,0.0000
29.0250,63.4754,0.0000
29.0750,63.4754,0.0000
29.1250,63.4754,0.0000
29.1750,63.4754,0.0000
29.2250,63.4754,0.0000
29.2750,63.4754,0.0000
29.3250,63.4754,0.0000
29.3750,63.4754,0.0000
29.4250,63.4754,0.0000
29.4750,63.4754,0.0000
29.5250,63.4754,0.0000
29.5750,63.4754,0.0000
29.6250,63.4754,0.0000
29.6750,63.4754,0.0000
29.7250,63.4754,0.0000
29.7750,63.4754,0.0000
29.8250,63.4754,0.0000
29.8750,63.4754,0.0000
29.9250,63.4754,0.0000
29.9750,63.4754,0.0000
30.0250,63.4754,0.0000
30.0750,63.4754,0.0000
30.1250,63.4754,0.0000
30.1750,63.4754,0.0000
30.2250,63.4754,0.0000
30.2750,63.4754,0.0000
30.3250,63.4754,0.0000
30.3750,63.4754,0.0000
30.4250,63.4754,0.0000
30.4750,63.4754,0.0000
30.5250,63.4754,0.0000
30.5750,63.4754,0.0000
30.6250,63.4754,0.0000
30.6750,63.4754,0.0000
30.7250,63.4754,0.0000
30.7750,63.4754,0.0000
30.8250,63.4754,0.0000
30.8750,63.4754,0.0000
30.9250,63.4754,0.0000
30.9750,63.4754,0.0000
31.0250,63.4754,0.0000
31.0750,63.4754,0.0000
31.1250,63.4754,0.0000
31.1750,63.4754,0.0000
31.2250,63.4754,0.0000
31.2750,63.4754,0.0000
31.3250,63.4754,0.0000
31.3750,63.4754,0.0000
31.4250,63.4754,0.0000
31.4750,63.4754,0.0000
31.5250,63.4754,0.0000
31.5750,63.4754,0.0000
21.0750,63.4254,0.0119
21.1250,63.4254,0.0119
21.2250,63.4254,0.0119
21.2750,63.4254,0.0117
21.6250,63.4254,0.0105
21.6750,63.4254,0.0105
21.7250,63.4254,0.0105
21.7750,63.4254,0.0105
21.8250,63.4254,0.0105
22.0250,63.4254,0.0092
22.0750,63.4254,0.0092
22.1250,63.4254,0.0092
22.1750,63.4254,0.0090
22.2250,63.4254,0.0089
22.2750,63.4254,0.0089
22.3250,63.4254,0.0085
22.3750,63.4254,0.0085
22.4250,63.4254,0.0083
22.4750,63.4254,0.0083
22.5250,63.4254,0.0083
22.5750,63.4254,0.0081
22.6250,63.4254,0.0081
22.6750,63.4254,0.0079
22.7250,63.4254,0.0079
22.7750,63.4254,0.0077
22.8250,63.4254,0.0077
22.8750,63.4254,0.0077
22.9250,63.4254,0.0076
22.9750,63.4254,0.0076
23.0250,63.4254,0.0073
23.0750,63.4254,0.0074
23.1250,63.4254,0.0072
23.1750,63.4254,0.0072
23.2250,63.4254,0.0072
23.2750,63.4254,0.0070
23.3250,63.4254,0.0070
23.3750,63.4254,0.0068
23.4250,63.4254,0.0069
23.4750,63.4254,0.0067
23.5250,63.4254,0.0066
23.5750,63.4254,0.0066
23.6250,63.4254,0.0065
23.6750,63.4254,0.0065
23.7250,63.4254,0.0064
23.7750,63.4254,0.0064
23.8250,63.4254,0.0063
23.8750,63.4254,0.0063
23.9250,63.4254,0.0063
23.9750,63.4254,0.0061
24.0250,63.4254,0.0062
24.0750,63.4254,0.0060
24.1250,63.4254,0.0061
24.1750,63.4254,0.0060
24.2250,63.4254,0.0060
24.2750,63.4254,0.0060
24.3250,63.4254,0.0059
24.3750,63.4254,0.0059
24.4250,63.4254,0.0058
24.4750,63.4254,0.0058
24.5250,63.4254,0.0058
24.5750,63.4254,0.0057
24.6250,63.4254,0.0057
24.6750,63.4254,0.0056
24.7250,63.4254,0.0056
24.7750,63.4254,0.0055
24.8250,63.4254,0.0055
24.8750,63.4254,0.0055
24.9250,63.4254,0.0054
24.9750,63.4254,0.0055
25.0250,63.4254,0.0053
25.0750,63.4254,0.0053
25.1250,63.4254,0.0053
25.1750,63.4254,0.0052
25.2250,63.4254,0.0052
25.2750,63.4254,0.0051
25.3250,63.4254,0.0051
25.3750,63.4254,0.0051
25.4250,63.4254,0.0006
25.4750,63.4254,0.0051
25.5250,63.4254,0.0039
25.5750,63.4254,0.0050
25.6250,63.4254,0.0023
25.6750,63.4254,0.0000
25.7250,63.4254,0.0000
25.7750,63.4254,0.0000
25.8250,63.4254,0.0000
25.8750,63.4254,0.0000
25.9250,63.4254,0.0000
25.9750,63.4254,0.0000
26.0250,63.4254,0.0000
26.0750,63.4254,0.0000
26.1250,63.4254,0.0000
26.1750,63.4254,0.0000
26.2250,63.4254,0.0000
26.2750,63.4254,0.0000
26.3250,63.4254,0.0000
26.3750,63.4254,0.0000
26.4250,63.4254,0.0000
26.4750,63.4254,0.0000
26.5250,63.4254,0.0000
26.5750,63.4254,0.0000
26.6250,63.4254,0.0000
26.6750,63.4254,0.0000
26.7250,63.4254,0.0000
26.7750,63.4254,0.0000
26.8250,63.4254,0.0000
26.8750,63.4254,0.0000
26.9250,63.4254,0.0000
26.9750,63.4254,0.0000
27.0250,63.4254,0.0000
27.0750,63.4254,0.0000
27.1250,63.4254,0.0000
27.1750,63.4254,0.0000
27.2250,63.4254,0.0000
27.2750,63.4254,0.0000
27.3250,63.4254,0.0000
27.3750,63.4254,0.0000
27.4250,63.4254,0.0000
27.4750,63.4254,0.0000
27.5250,63.4254,0.0000
27.5750,63.4254,0.0000
27.6250,63.4254,0.0000
27.6750,63.4254,0.0000
27.7250,63.4254,0.0000
27.7750,63.4254,0.0000
27.8250,63.4254,0.0000
27.8750,63.4254,0.0000
27.9250,63.4254,0.0000
27.9750,63.4254,0.0000
28.0250,63.4254,0.0000
28.0750,63.4254,0.0000
28.1250,63.4254,0.0000
28.1750,63.4254,0.0000
28.2250,63.4254,0.0000
28.2750,63.4254,0.0000
28.3250,63.4254,0.0000
28.3750,63.4254,0.0000
28.4250,63.4254,0.0000
28.4750,63.4254,0.0000
28.5250,63.4254,0.0000
28.5750,63.4254,0.0000
28.6250,63.4254,0.0000
28.6750,63.4254,0.0000
28.7250,63.4254,0.0000
28.7750,63.4254,0.0000
28.8250,63.4254,0.0000
28.8750,63.4254,0.0000
28.9250,63.4254,0.0000
28.9750,63.4254,0.0000
29.0250,63.4254,0.0000
29.0750,63.4254,0.0000
29.1250,63.4254,0.0000
29.1750,63.4254,0.0000
29.2250,63.4254,0.0000
29.2750,63.4254,0.0000
29.3250,63.4254,0.0000
29.3750,63.4254,0.0000
29.4250,63.4254,0.0000
29.4750,63.4254,0.0000
29.5250,63.4254,0.0000
29.5750,63.4254,0.0000
29.6250,63.4254,0.0000
29.6750,63.4254,0.0000
29.7250,63.4254,0.0000
29.7750,63.4254,0.0000
29.8250,63.4254,0.0000
29.8750,63.4254,0.0000
29.9250,63.4254,0.0000
29.9750,63.4254,0.0000
30.0250,63.4254,0.0000
30.0750,63.4254,0.0000
30.1250,63.4254,0.0000
30.1750,63.4254,0.0000
30.2250,63.4254,0.0000
30.2750,63.4254,0.0000
30.3250,63.4254,0.0000
30.3750,63.4254,0.0000
30.4250,63.4254,0.0000
30.4750,63.4254,0.0000
30.5250,63.4254,0.0000
30.5750,63.4254,0.0000
30.6250,63.4254,0.0000
30.6750,63.4254,0.0000
30.7250,63.4254,0.0000
30.7750,63.4254,0.0000
30.8250,63.4254,0.0000
30.8750,63.4254,0.0000
30.9250,63.4254,0.0000
30.9750,63.4254,0.0000
31.0250,63.4254,0.0000
31.0750,63.4254,0.0000
31.1250,63.4254,0.0000
31.1750,63.4254,0.0000
31.2250,63.4254,0.0000
31.2750,63.4254,0.0000
31.3250,63.4254,0.0000
31.3750,63.4254,0.0000
31.4250,63.4254,0.0000
31.4750,63.4254,0.0000
31.5250,63.4254,0.0000
31.5750,63.4254,0.0000
21.0750,63.3754,0.0119
21.1250,63.3754,0.0119
21.1750,63.3754,0.0119
21.2250,63.3754,0.0119
21.2750,63.3754,0.0116
21.3250,63.3754,0.0112
21.3750,63.3754,0.0112
21.4250,63.3754,0.0112
21.6250,63.3754,0.0098
21.6750,63.3754,0.0098
21.7250,63.3754,0.0098
21.9250,63.3754,0.0092
21.9750,63.3754,0.0092
22.0250,63.3754,0.0092
22.0750,63.3754,0.0092
22.1250,63.3754,0.0088
22.1750,63.3754,0.0088
22.2250,63.3754,0.0083
22.2750,63.3754,0.0085
22.3250,63.3754,0.0085
22.3750,63.3754,0.0084
22.4250,63.3754,0.0083
22.4750,63.3754,0.0081
22.5250,63.3754,0.0081
22.5750,63.3754,0.0079
22.6250,63.3754,0.0079
22.6750,63.3754,0.0079
22.7250,63.3754,0.0077
22.7750,63.3754,0.0077
22.8250,63.3754,0.0075
22.8750,63.3754,0.0076
22.9250,63.3754,0.0073
22.9750,63.3754,0.0073
23.0250,63.3754,0.0072
23.0750,63.3754,0.0071
23.1250,63.3754,0.0071
23.1750,63.3754,0.0070
23.2250,63.3754,0.0070
23.2750,63.3754,0.0068
23.3250,63.3754,0.0068
23.3750,63.3754,0.0067
23.4250,63.3754,0.0066
23.4750,63.3754,0.0067
23.5250,63.3754,0.0065
23.5750,63.3754,0.0065
23.6250,63.3754,0.0064
23.6750,63.3754,0.0064
23.7250,63.3754,0.0063
23.7750,63.3754,0.0062
23.8250,63.3754,0.0063
23.8750,63.3754,0.0061
23.9250,63.3754,0.0061
23.9750,63.3754,0.0060
24.0250,63.3754,0.0060
24.0750,63.3754,0.0060
24.1250,63.3754,0.0060
24.1750,63.3754,0.0060
24.2250,63.3754,0.0059
24.2750,63.3754,0.0059
24.3250,63.3754,0.0057
24.3750,63.3754,0.0057
24.4250,63.3754,0.0058
24.4750,63.3754,0.0056
24.5250,63.3754,0.0056
24.5750,63.3754,0.0055
24.6250,63.3754,0.0055
24.6750,63.3754,0.0055
24.7250,63.3754,0.0055
24.7750,63.3754,0.0055
24.8250,63.3754,0.0054
24.8750,63.3754,0.0054
24.9250,63.3754,0.0053
24.9750,63.3754,0.0053
25.0250,63.3754,0.0053
25.0750,63.3754,0.0052
25.1250,63.3754,0.0052
25.1750,63.3754,0.0050
25.2250,63.3754,0.0050
25.2750,63.3754,0.0050
25.3250,63.3754,0.0000
25.3750,63.3754,0.0000
25.4250,63.3754,0.0000
25.4750,63.3754,0.0000
25.5250,63.3754,0.0000
25.5750,63.3754,0.0000
25.6250,63.3754,0.0000
25.6750,63.3754,0.0000
25.7250,63.3754,0.0000
25.7750,63.3754,0.0000
25.8250,63.3754,0.0000
25.8750,63.3754,0.0000
25.9250,63.3754,0.0000
25.9750,63.3754,0.0000
26.0250,63.3754,0.0000
26.0750,63.3754,0.0000
26.1250,63.3754,0.0000
26.1750,63.3754,0.0000
26.2250,63.3754,0.0000
26.2750,63.3754,0.0000
26.3250,63.3754,0.0000
26.3750,63.3754,0.0000
26.4250,63.3754,0.0000
26.4750,63.3754,0.0000
26.5250,63.3754,0.0000
26.5750,63.3754,0.0000
26.6250,63.3754,0.0000
26.6750,63.3754,0.0000
26.7250,63.3754,0.0000
26.7750,63.3754,0.0000
26.8250,63.3754,0.0000
26.8750,63.3754,0.0000
26.9250,63.3754,0.0000
26.9750,63.3754,0.0000
27.0250,63.3754,0.0000
27.0750,63.3754,0.0000
27.1250,63.3754,0.0000
27.1750,63.3754,0.0000
27.2250,63.3754,0.0000
27.2750,63.3754,0.0000
27.3250,63.3754,0.0000
27.3750,63.3754,0.0000
27.4250,63.3754,0.0000
27.4750,63.3754,0.0000
27.5250,63.3754,0.0000
27.5750,63.3754,0.0000
27.6250,63.3754,0.0000
27.6750,63.3754,0.0000
27.7250,63.3754,0.0000
27.7750,63.3754,0.0000
27.8250,63.3754,0.0000
27.8750,63.3754,0.0000
27.9250,63.3754,0.0000
27.9750,63.3754,0.0000
28.0250,63.3754,0.0000
28.0750,63.3754,0.0000
28.1250,63.3754,0.0000
28.1750,63.3754,0.0000
28.2250,63.3754,0.0000
28.2750,63.3754,0.0000
28.3250,63.3754,0.0000
28.3750,63.3754,0.0000
28.4250,63.3754,0.0000
28.4750,63.3754,0.0000
28.5250,63.3754,0.0000
28.5750,63.3754,0.0000
28.6250,63.3754,0.0000
28.6750,63.3754,0.0000
28.7250,63.3754,0.0000
28.7750,63.3754,0.0000
28.8250,63.3754,0.0000
28.8750,63.3754,0.0000
28.9250,63.3754,0.0000
28.9750,63.3754,0.0000
29.0250,63.3754,0.0000
29.0750,63.3754,0.0000
29.1250,63.3754,0.0000
29.1750,63.3754,0.0000
29.2250,63.3754,0.0000
29.2750,63.3754,0.0000
29.3250,63.3754,0.0000
29.3750,63.3754,0.0000
29.4250,63.3754,0.0000
29.4750,63.3754,0.0000
29.5250,63.3754,0.0000
29.5750,63.3754,0.0000
29.6250,63.3754,0.0000
29.6750,63.3754,0.0000
29.7250,63.3754,0.0000
29.7750,63.3754,0.0000
29.8250,63.3754,0.0000
29.8750,63.3754,0.0000
29.9250,63.3754,0.0000
29.9750,63.3754,0.0000
30.0250,63.3754,0.0000
30.0750,63.3754,0.0000
30.1250,63.3754,0.0000
30.1750,63.3754,0.0000
30.2250,63.3754,0.0000
30.2750,63.3754,0.0000
30.3250,63.3754,0.0000
30.3750,63.3754,0.0000
30.4250,63.3754,0.0000
30.4750,63.3754,0.0000
30.5250,63.3754,0.0000
30.5750,63.3754,0.0000
30.6250,63.3754,0.0000
30.6750,63.3754,0.0000
30.7250,63.3754,0.0000
30.7750,63.3754,0.0000
30.8250,63.3754,0.0000
30.8750,63.3754,0.0000
30.9250,63.3754,0.0000
30.9750,63.3754,0.0000
31.0250,63.3754,0.0000
31.0750,63.3754,0.0000
31.1250,63.3754,0.0000
31.1750,63.3754,0.0000
31.2250,63.3754,0.0000
31.2750,63.3754,0.0000
31.3250,63.3754,0.0000
31.3750,63.3754,0.0000
31.4250,63.3754,0.0000
31.4750,63.3754,0.0000
31.5250,63.3754,0.0000
31.5750,63.3754,0.0000
21.0250,63.3255,0.0119
21.0750,63.3255,0.0119
21.1250,63.3255,0.0119
21.1750,63.3255,0.0119
21.2250,63.3255,0.0119
21.2750,63.3255,0.0113
21.3250,63.3255,0.0112
21.3750,63.3255,0.0112
21.4250,63.3255,0.0105
21.5750,63.3255,0.0101
21.6250,63.3255,0.0098
21.6750,63.3255,0.0098
21.7250,63.3255,0.0098
21.7750,63.3255,0.0095
21.8250,63.3255,0.0095
21.8750,63.3255,0.0095
21.9250,63.3255,0.0092
21.9750,63.3255,0.0092
22.0250,63.3255,0.0089
22.0750,63.3255,0.0088
22.1250,63.3255,0.0088
22.1750,63.3255,0.0084
22.2250,63.3255,0.0083
22.2750,63.3255,0.0083
22.3250,63.3255,0.0083
22.3750,63.3255,0.0081
22.4250,63.3255,0.0081
22.4750,63.3255,0.0081
22.5250,63.3255,0.0079
22.5750,63.3255,0.0079
22.6250,63.3255,0.0077
22.6750,63.3255,0.0077
22.7250,63.3255,0.0075
22.7750,63.3255,0.0075
22.8250,63.3255,0.0074
22.8750,63.3255,0.0073
22.9250,63.3255,0.0073
22.9750,63.3255,0.0071
23.0250,63.3255,0.0072
23.0750,63.3255,0.0069
23.1250,63.3255,0.0069
23.1750,63.3255,0.0068
23.2250,63.3255,0.0067
23.2750,63.3255,0.0067
23.3250,63.3255,0.0066
23.3750,63.3255,0.0066
23.4250,63.3255,0.0065
23.4750,63.3255,0.0065
23.5250,63.3255,0.0064
23.5750,63.3255,0.0064
23.6250,63.3255,0.0064
23.6750,63.3255,0.0063
23.7250,63.3255,0.0063
23.7750,63.3255,0.0062
23.8250,63.3255,0.0062
23.8750,63.3255,0.0061
23.9250,63.3255,0.0060
23.9750,63.3255,0.0060
24.0250,63.3255,0.0059
24.0750,63.3255,0.0059
24.1250,63.3255,0.0058
24.1750,63.3255,0.0058
24.2250,63.3255,0.0058
24.2750,63.3255,0.0057
24.3250,63.3255,0.0057
24.3750,63.3255,0.0056
24.4250,63.3255,0.0056
24.4750,63.3255,0.0055
24.5250,63.3255,0.0055
24.5750,63.3255,0.0055
24.6250,63.3255,0.0054
24.6750,63.3255,0.0054
24.7250,63.3255,0.0053
24.7750,63.3255,0.0053
24.8250,63.3255,0.0054
24.8750,63.3255,0.0052
24.9250,63.3255,0.0052
24.9750,63.3255,0.0050
25.0250,63.3255,0.0052
25.0750,63.3255,0.0028
25.1250,63.3255,0.0000
25.1750,63.3255,0.0000
25.2250,63.3255,0.0000
25.2750,63.3255,0.0000
25.3250,63.3255,0.0000
25.3750,63.3255,0.0000
25.4250,63.3255,0.0000
25.4750,63.3255,0.0000
25.5250,63.3255,0.0000
25.5750,63.3255,0.0000
25.6250,63.3255,0.0000
25.6750,63.3255,0.0000
25.7250,63.3255,0.0000
25.7750,63.3255,0.0000
25.8250,63.3255,0.0000
25.8750,63.3255,0.0000
25.9250,63.3255,0.0000
25.9750,63.3255,0.0000
26.0250,63.3255,0.0000
26.0750,63.3255,0.0000
26.1250,63.3255,0.0000
26.1750,63.3255,0.0000
26.2250,63.3255,0.0000
26.2750,63.3255,0.0000
26.3250,63.3255,0.0000
26.3750,63.3255,0.0000
26.4250,63.3255,0.0000
26.4750,63.3255,0.0000
26.5250,63.3255,0.0000
26.5750,63.3255,0.0000
26.6250,63.3255,0.0000
26.6750,63.3255,0.0000
26.7250,63.3255,0.0000
26.7750,63.3255,0.0000
26.8250,63.3255,0.0000
26.8750,63.3255,0.0000
26.9250,63.3255,0.0000
26.9750,63.3255,0.0000
27.0250,63.3255,0.0000
27.0750,63.3255,0.0000
27.1250,63.3255,0.0000
27.1750,63.3255,0.0000
27.2250,63.3255,0.0000
27.2750,63.3255,0.0000
27.3250,63.3255,0.0000
27.3750,63.3255,0.0000
27.4250,63.3255,0.0000
27.4750,63.3255,0.0000
27.5250,63.3255,0.0000
27.5750,63.3255,0.0000
27.6250,63.3255,0.0000
27.6750,63.3255,0.0000
27.7250,63.3255,0.0000
27.7750,63.3255,0.0000
27.8250,63.3255,0.0000
27.8750,63.3255,0.0000
27.9250,63.3255,0.0000
27.9750,63.3255,0.0000
28.0250,63.3255,0.0000
28.0750,63.3255,0.0000
28.1250,63.3255,0.0000
28.1750,63.3255,0.0000
28.2250,63.3255,0.0000
28.2750,63.3255,0.0000
28.3250,63.3255,0.0000
28.3750,63.3255,0.0000
28.4250,63.3255,0.0000
28.4750,63.3255,0.0000
28.5250,63.3255,0.0000
28.5750,63.3255,0.0000
28.6250,63.3255,0.0000
28.6750,63.3255,0.0000
28.7250,63.3255,0.0000
28.7750,63.3255,0.0000
28.8250,63.3255,0.0000
28.8750,63.3255,0.0000
28.9250,63.3255,0.0000
28.9750,63.3255,0.0000
29.0250,63.3255,0.0000
29.0750,63.3255,0.0000
29.1250,63.3255,0.0000
29.1750,63.3255,0.0000
29.2250,63.3255,0.0000
29.2750,63.3255,0.0000
29.3250,63.3255,0.0000
29.3750,63.3255,0.0000
29.4250,63.3255,0.0000
29.4750,63.3255,0.0000
29.5250,63.3255,0.0000
29.5750,63.3255,0.0000
29.6250,63.3255,0.0000
29.6750,63.3255,0.0000
29.7250,63.3255,0.0000
29.7750,63.3255,0.0000
29.8250,63.3255,0.0000
29.8750,63.3255,0.0000
29.9250,63.3255,0.0000
29.9750,63.3255,0.0000
30.0250,63.3255,0.0000
30.0750,63.3255,0.0000
30.1250,63.3255,0.0000
30.1750,63.3255,0.0000
30.2250,63.3255,0.0000
30.2750,63.3255,0.0000
30.3250,63.3255,0.0000
30.3750,63.3255,0.0000
30.4250,63.3255,0.0000
30.4750,63.3255,0.0000
30.5250,63.3255,0.0000
30.5750,63.3255,0.0000
30.6250,63.3255,0.0000
30.6750,63.3255,0.0000
30.7250,63.3255,0.0000
30.7750,63.3255,0.0000
30.8250,63.3255,0.0000
30.8750,63.3255,0.0000
30.9250,63.3255,0.0000
30.9750,63.3255,0.0000
31.0250,63.3255,0.0000
31.0750,63.3255,0.0000
31.1250,63.3255,0.0000
31.1750,63.3255,0.0000
31.2250,63.3255,0.0000
31.2750,63.3255,0.0000
31.3250,63.3255,0.0000
31.3750,63.3255,0.0000
31.4250,63.3255,0.0000
31.4750,63.3255,0.0000
31.5250,63.3255,0.0000
31.5750,63.3255,0.0000
20.6750,63.2755,0.0136
21.0750,63.2755,0.0119
21.1250,63.2755,0.0119
21.1750,63.2755,0.0113
21.2250,63.2755,0.0113
21.2750,63.2755,0.0109
21.3250,63.2755,0.0109
21.3750,63.2755,0.0105
21.4250,63.2755,0.0105
21.4750,63.2755,0.0101
21.5250,63.2755,0.0101
21.5750,63.2755,0.0101
21.6250,63.2755,0.0098
21.6750,63.2755,0.0098
21.7250,63.2755,0.0098
21.7750,63.2755,0.0095
21.8250,63.2755,0.0095
21.8750,63.2755,0.0092
21.9250,63.2755,0.0088
21.9750,63.2755,0.0088
22.0250,63.2755,0.0088
22.0750,63.2755,0.0085
22.1250,63.2755,0.0085
22.1750,63.2755,0.0083
22.2250,63.2755,0.0083
22.2750,63.2755,0.0083
22.3250,63.2755,0.0081
22.3750,63.2755,0.0081
22.4250,63.2755,0.0078
22.4750,63.2755,0.0079
22.5250,63.2755,0.0077
22.5750,63.2755,0.0077
22.6250,63.2755,0.0076
22.6750,63.2755,0.0075
22.7250,63.2755,0.0075
22.7750,63.2755,0.0073
22.8250,63.2755,0.0073
22.8750,63.2755,0.0071
22.9250,63.2755,0.0071
22.9750,63.2755,0.0070
23.0250,63.2755,0.0069
23.0750,63.2755,0.0069
23.1250,63.2755,0.0067
23.1750,63.2755,0.0067
23.2250,63.2755,0.0065
23.2750,63.2755,0.0065
23.3250,63.2755,0.0064
23.3750,63.2755,0.0064
23.4250,63.2755,0.0065
23.4750,63.2755,0.0063
23.5250,63.2755,0.0064
23.5750,63.2755,0.0062
23.6250,63.2755,0.0062
23.6750,63.2755,0.0061
23.7250,63.2755,0.0061
23.7750,63.2755,0.0061
23.8250,63.2755,0.0060
23.8750,63.2755,0.0060
23.9250,63.2755,0.0059
23.9750,63.2755,0.0059
24.0250,63.2755,0.0058
24.0750,63.2755,0.0058
24.1250,63.2755,0.0058
24.1750,63.2755,0.0056
24.2250,63.2755,0.0056
24.2750,63.2755,0.0056
24.3250,63.2755,0.0056
24.3750,63.2755,0.0056
24.4250,63.2755,0.0054
24.4750,63.2755,0.0055
24.5250,63.2755,0.0053
24.5750,63.2755,0.0054
24.6250,63.2755,0.0053
24.6750,63.2755,0.0053
24.7250,63.2755,0.0053
24.7750,63.2755,0.0051
24.8250,63.2755,0.0051
24.8750,63.2755,0.0051
24.9250,63.2755,0.0051
24.9750,63.2755,0.0050
25.0250,63.2755,0.0000
25.0750,63.2755,0.0000
25.1250,63.2755,0.0000
25.1750,63.2755,0.0000
25.2250,63.2755,0.0000
25.2750,63.2755,0.0000
25.3250,63.2755,0.0000
25.3750,63.2755,0.0000
25.4250,63.2755,0.0000
25.4750,63.2755,0.0000
25.5250,63.2755,0.0000
25.5750,63.2755,0.0000
25.6250,63.2755,0.0000
25.6750,63.2755,0.0000
25.7250,63.2755,0.0000
25.7750,63.2755,0.0000
25.8250,63.2755,0.0000
25.8750,63.2755,0.0000
25.9250,63.2755,0.0000
25.9750,63.2755,0.0000
26.0250,63.2755,0.0000
26.0750,63.2755,0.0000
26.1250,63.2755,0.0000
26.1750,63.2755,0.0000
26.2250,63.2755,0.0000
26.2750,63.2755,0.0000
26.3250,63.2755,0.0000
26.3750,63.2755,0.0000
26.4250,63.2755,0.0000
26.4750,63.2755,0.0000
26.5250,63.2755,0.0000
26.5750,63.2755,0.0000
26.6250,63.2755,0.0000
26.6750,63.2755,0.0000
26.7250,63.2755,0.0000
26.7750,63.2755,0.0000
26.8250,63.2755,0.0000
26.8750,63.2755,0.0000
26.9250,63.2755,0.0000
26.9750,63.2755,0.0000
27.0250,63.2755,0.0000
27.0750,63.2755,0.0000
27.1250,63.2755,0.0000
27.1750,63.2755,0.0000
27.2250,63.2755,0.0000
27.2750,63.2755,0.0000
27.3250,63.2755,0.0000
27.3750,63.2755,0.0000
27.4250,63.2755,0.0000
27.4750,63.2755,0.0000
27.5250,63.2755,0.0000
27.5750,63.2755,0.0000
27.6250,63.2755,0.0000
27.6750,63.2755,0.0000
27.7250,63.2755,0.0000
27.7750,63.2755,0.0000
27.8250,63.2755,0.0000
27.8750,63.2755,0.0000
27.9250,63.2755,0.0000
27.9750,63.2755,0.0000
28.0250,63.2755,0.0000
28.0750,63.2755,0.0000
28.1250,63.2755,0.0000
28.1750,63.2755,0.0000
28.2250,63.2755,0.0000
28.2750,63.2755,0.0000
28.3250,63.2755,0.0000
28.3750,63.2755,0.0000
28.4250,63.2755,0.0000
28.4750,63.2755,0.0000
28.5250,63.2755,0.0000
28.5750,63.2755,0.0000
28.6250,63.2755,0.0000
28.6750,63.2755,0.0000
28.7250,63.2755,0.0000
28.7750,63.2755,0.0000
28.8250,63.2755,0.0000
28.8750,63.2755,0.0000
28.9250,63.2755,0.0000
28.9750,63.2755,0.0000
29.0250,63.2755,0.0000
29.0750,63.2755,0.0000
29.1250,63.2755,0.0000
29.1750,63.2755,0.0000
29.2250,63.2755,0.0000
29.2750,63.2755,0.0000
29.3250,63.2755,0.0000
29.3750,63.2755,0.0000
29.4250,63.2755,0.0000
29.4750,63.2755,0.0000
29.5250,63.2755,0.0000
29.5750,63.2755,0.0000
29.6250,63.2755,0.0000
29.6750,63.2755,0.0000
29.7250,63.2755,0.0000
29.7750,63.2755,0.0000
29.8250,63.2755,0.0000
29.8750,63.2755,0.0000
29.9250,63.2755,0.0000
29.9750,63.2755,0.0000
30.0250,63.2755,0.0000
30.0750,63.2755,0.0000
30.1250,63.2755,0.0000
30.1750,63.2755,0.0000
30.2250,63.2755,0.0000
30.2750,63.2755,0.0000
30.3250,63.2755,0.0000
30.3750,63.2755,0.0000
30.4250,63.2755,0.0000
30.4750,63.2755,0.0000
30.5250,63.2755,0.0000
30.5750,63.2755,0.0000
30.6250,63.2755,0.0000
30.6750,63.2755,0.0000
30.7250,63.2755,0.0000
30.7750,63.2755,0.0000
30.8250,63.2755,0.0000
30.8750,63.2755,0.0000
30.9250,63.2755,0.0000
30.9750,63.2755,0.0000
31.0250,63.2755,0.0000
31.0750,63.2755,0.0000
31.1250,63.2755,0.0000
31.1750,63.2755,0.0000
31.2250,63.2755,0.0000
31.2750,63.2755,0.0000
31.3250,63.2755,0.0000
31.3750,63.2755,0.0000
31.4250,63.2755,0.0000
31.4750,63.2755,0.0000
31.5250,63.2755,0.0000
31.5750,63.2755,0.0000
20.6250,63.2255,0.0141
20.6750,63.2255,0.0122
21.1250,63.2255,0.0113
21.1750,63.2255,0.0113
21.2250,63.2255,0.0109
21.2750,63.2255,0.0109
21.3250,63.2255,0.0105
21.3750,63.2255,0.0105
21.4250,63.2255,0.0105
21.4750,63.2255,0.0105
21.5250,63.2255,0.0099
21.5750,63.2255,0.0098
21.6250,63.2255,0.0098
21.6750,63.2255,0.0094
21.7250,63.2255,0.0094
21.7750,63.2255,0.0091
21.8250,63.2255,0.0091
21.8750,63.2255,0.0088
21.9250,63.2255,0.0088
21.9750,63.2255,0.0086
22.0250,63.2255,0.0085
22.0750,63.2255,0.0085
22.1250,63.2255,0.0083
22.1750,63.2255,0.0083
22.2250,63.2255,0.0081
22.2750,63.2255,0.0081
22.3250,63.2255,0.0079
22.3750,63.2255,0.0079
22.4250,63.2255,0.0078
22.4750,63.2255,0.0076
22.5250,63.2255,0.0077
22.5750,63.2255,0.0074
22.6250,63.2255,0.0075
22.6750,63.2255,0.0073
22.7250,63.2255,0.0073
22.7750,63.2255,0.0072
22.8250,63.2255,0.0071
22.8750,63.2255,0.0071
22.9250,63.2255,0.0069
22.9750,63.2255,0.0069
23.0250,63.2255,0.0067
23.0750,63.2255,0.0067
23.1250,63.2255,0.0065
23.1750,63.2255,0.0065
23.2250,63.2255,0.0065
23.2750,63.2255,0.0064
23.3250,63.2255,0.0064
23.3750,63.2255,0.0063
23.4250,63.2255,0.0063
23.4750,63.2255,0.0062
23.5250,63.2255,0.0062
23.5750,63.2255,0.0062
23.6250,63.2255,0.0061
23.6750,63.2255,0.0061
23.7250,63.2255,0.0060
23.7750,63.2255,0.0060
23.8250,63.2255,0.0059
23.8750,63.2255,0.0059
23.9250,63.2255,0.0059
23.9750,63.2255,0.0058
24.0250,63.2255,0.0057
24.0750,63.2255,0.0056
24.1250,63.2255,0.0056
24.1750,63.2255,0.0056
24.2250,63.2255,0.0055
24.2750,63.2255,0.0055
24.3250,63.2255,0.0054
24.3750,63.2255,0.0054
24.4250,63.2255,0.0053
24.4750,63.2255,0.0053
24.5250,63.2255,0.0053
24.5750,63.2255,0.0052
24.6250,63.2255,0.0052
24.6750,63.2255,0.0051
24.7250,63.2255,0.0051
24.7750,63.2255,0.0050
24.8250,63.2255,0.0050
24.8750,63.2255,0.0051
24.9250,63.2255,0.0000
24.9750,63.2255,0.0000
25.0250,63.2255,0.0000
25.0750,63.2255,0.0000
25.1250,63.2255,0.0000
25.1750,63.2255,0.0000
25.2250,63.2255,0.0000
25.2750,63.2255,0.0000
25.3250,63.2255,0.0000
25.3750,63.2255,0.0000
25.4250,63.2255,0.0000
25.4750,63.2255,0.0000
25.5250,63.2255,0.0000
25.5750,63.2255,0.0000
25.6250,63.2255,0.0000
25.6750,63.2255,0.0000
25.7250,63.2255,0.0000
25.7750,63.2255,0.0000
25.8250,63.2255,0.0000
25.8750,63.2255,0.0000
25.9250,63.2255,0.0000
25.9750,63.2255,0.0000
26.0250,63.2255,0.0000
26.0750,63.2255,0.0000
26.1250,63.2255,0.0000
26.1750,63.2255,0.0000
26.2250,63.2255,0.0000
26.2750,63.2255,0.0000
26.3250,63.2255,0.0000
26.3750,63.2255,0.0000
26.4250,63.2255,0.0000
26.4750,63.2255,0.0000
26.5250,63.2255,0.0000
26.5750,63.2255,0.0000
26.6250,63.2255,0.0000
26.6750,63.2255,0.0000
26.7250,63.2255,0.0000
26.7750,63.2255,0.0000
26.8250,63.2255,0.0000
26.8750,63.2255,0.0000
26.9250,63.2255,0.0000
26.9750,63.2255,0.0000
27.0250,63.2255,0.0000
27.0750,63.2255,0.0000
27.1250,63.2255,0.0000
27.1750,63.2255,0.0000
27.2250,63.2255,0.0000
27.2750,63.2255,0.0000
27.3250,63.2255,0.0000
27.3750,63.2255,0.0000
27.4250,63.2255,0.0000
27.4750,63.2255,0.0000
27.5250,63.2255,0.0000
27.5750,63.2255,0.0000
27.6250,63.2255,0.0000
27.6750,63.2255,0.0000
27.7250,63.2255,0.0000
27.7750,63.2255,0.0000
27.8250,63.2255,0.0000
27.8750,63.2255,0.0000
27.9250,63.2255,0.0000
27.9750,63.2255,0.0000
28.0250,63.2255,0.0000
28.0750,63.2255,0.0000
28.1250,63.2255,0.0000
28.1750,63.2255,0.0000
28.2250,63.2255,0.0000
28.2750,63.2255,0.0000
28.3250,63.2255,0.0000
28.3750,63.2255,0.0000
28.4250,63.2255,0.0000
28.4750,63.2255,0.0000
28.5250,63.2255,0.0000
28.5750,63.2255,0.0000
28.6250,63.2255,0.0000
28.6750,63.2255,0.0000
28.7250,63.2255,0.0000
28.7750,63.2255,0.0000
28.8250,63.2255,0.0000
28.8750,63.2255,0.0000
28.9250,63.2255,0.0000
28.9750,63.2255,0.0000
29.0250,63.2255,0.0000
29.0750,63.2255,0.0000
29.1250,63.2255,0.0000
29.1750,63.2255,0.0000
29.2250,63.2255,0.0000
29.2750,63.2255,0.0000
29.3250,63.2255,0.0000
29.3750,63.2255,0.0000
29.4250,63.2255,0.0000
29.4750,63.2255,0.0000
29.5250,63.2255,0.0000
29.5750,63.2255,0.0000
29.6250,63.2255,0.0000
29.6750,63.2255,0.0000
29.7250,63.2255,0.0000
29.7750,63.2255,0.0000
29.8250,63.2255,0.0000
29.8750,63.2255,0.0000
29.9250,63.2255,0.0000
29.9750,63.2255,0.0000
30.0250,63.2255,0.0000
30.0750,63.2255,0.0000
30.1250,63.2255,0.0000
30.1750,63.2255,0.0000
30.2250,63.2255,0.0000
30.2750,63.2255,0.0000
30.3250,63.2255,0.0000
30.3750,63.2255,0.0000
30.4250,63.2255,0.0000
30.4750,63.2255,0.0000
30.5250,63.2255,0.0000
30.5750,63.2255,0.0000
30.6250,63.2255,0.0000
30.6750,63.2255,0.0000
30.7250,63.2255,0.0000
30.7750,63.2255,0.0000
30.8250,63.2255,0.0000
30.8750,63.2255,0.0000
30.9250,63.2255,0.0000
30.9750,63.2255,0.0000
31.0250,63.2255,0.0000
31.0750,63.2255,0.0000
31.1250,63.2255,0.0000
31.1750,63.2255,0.0000
31.2250,63.2255,0.0000
31.2750,63.2255,0.0000
31.3250,63.2255,0.0000
31.3750,63.2255,0.0000
31.4250,63.2255,0.0000
31.4750,63.2255,0.0000
31.5250,63.2255,0.0000
31.5750,63.2255,0.0000
21.1250,63.1755,0.0110
21.1750,63.1755,0.0109
21.2250,63.1755,0.0109
21.2750,63.1755,0.0105
21.3250,63.1755,0.0105
21.3750,63.1755,0.0105
21.4250,63.1755,0.0102
21.4750,63.1755,0.0102
21.5250,63.1755,0.0098
21.5750,63.1755,0.0094
21.6250,63.1755,0.0094
21.6750,63.1755,0.0091
21.7250,63.1755,0.0091
21.7750,63.1755,0.0091
21.8250,63.1755,0.0087
21.8750,63.1755,0.0088
21.9250,63.1755,0.0084
21.9750,63.1755,0.0085
22.0250,63.1755,0.0083
22.0750,63.1755,0.0083
22.1250,63.1755,0.0080
22.1750,63.1755,0.0081
22.2250,63.1755,0.0081
22.2750,63.1755,0.0079
22.3250,63.1755,0.0079
22.3750,63.1755,0.0077
22.4250,63.1755,0.0076
22.4750,63.1755,0.0074
22.5250,63.1755,0.0074
22.5750,63.1755,0.0073
22.6250,63.1755,0.0073
22.6750,63.1755,0.0073
22.7250,63.1755,0.0071
22.7750,63.1755,0.0071
22.8250,63.1755,0.0068
22.8750,63.1755,0.0068
22.9250,63.1755,0.0067
22.9750,63.1755,0.0067
23.0250,63.1755,0.0067
23.0750,63.1755,0.0065
23.1250,63.1755,0.0065
23.1750,63.1755,0.0064
23.2250,63.1755,0.0064
23.2750,63.1755,0.0063
23.3250,63.1755,0.0063
23.3750,63.1755,0.0063
23.4250,63.1755,0.0061
23.4750,63.1755,0.0062
23.5250,63.1755,0.0060
23.5750,63.1755,0.0061
23.6250,63.1755,0.0059
23.6750,63.1755,0.0059
23.7250,63.1755,0.0059
23.7750,63.1755,0.0058
23.8250,63.1755,0.0058
23.8750,63.1755,0.0057
23.9250,63.1755,0.0057
23.9750,63.1755,0.0056
24.0250,63.1755,0.0056
24.0750,63.1755,0.0056
24.1250,63.1755,0.0055
24.1750,63.1755,0.0055
24.2250,63.1755,0.0053
24.2750,63.1755,0.0053
24.3250,63.1755,0.0053
24.3750,63.1755,0.0052
24.4250,63.1755,0.0053
24.4750,63.1755,0.0051
24.5250,63.1755,0.0052
24.5750,63.1755,0.0050
24.6250,63.1755,0.0050
24.6750,63.1755,0.0050
24.7250,63.1755,0.0000
24.7750,63.1755,0.0000
24.8250,63.1755,0.0000
24.8750,63.1755,0.0000
24.9250,63.1755,0.0000
24.9750,63.1755,0.0000
25.0250,63.1755,0.0000
25.0750,63.1755,0.0000
25.1250,63.1755,0.0000
25.1750,63.1755,0.0000
25.2250,63.1755,0.0000
25.2750,63.1755,0.0000
25.3250,63.1755,0.0000
25.3750,63.1755,0.0000
25.4250,63.1755,0.0000
25.4750,63.1755,0.0000
25.5250,63.1755,0.0000
25.5750,63.1755,0.0000
25.6250,63.1755,0.0000
25.6750,63.1755,0.0000
25.7250,63.1755,0.0000
25.7750,63.1755,0.0000
25.8250,63.1755,0.0000
25.8750,63.1755,0.0000
25.9250,63.1755,0.0000
25.9750,63.1755,0.0000
26.0250,63.1755,0.0000
26.0750,63.1755,0.0000
26.1250,63.1755,0.0000
26.1750,63.1755,0.0000
26.2250,63.1755,0.0000
26.2750,63.1755,0.0000
26.3250,63.1755,0.0000
26.3750,63.1755,0.0000
26.4250,63.1755,0.0000
26.4750,63.1755,0.0000
26.5250,63.1755,0.0000
26.5750,63.1755,0.0000
26.6250,63.1755,0.0000
26.6750,63.1755,0.0000
26.7250,63.1755,0.0000
26.7750,63.1755,0.0000
26.8250,63.1755,0.0000
26.8750,63.1755,0.0000
26.9250,63.1755,0.0000
26.9750,63.1755,0.0000
27.0250,63.1755,0.0000
27.0750,63.1755,0.0000
27.1250,63.1755,0.0000
27.1750,63.1755,0.0000
27.2250,63.1755,0.0000
27.2750,63.1755,0.0000
27.3250,63.1755,0.0000
27.3750,63.1755,0.0000
27.4250,63.1755,0.0000
27.4750,63.1755,0.0000
27.5250,63.1755,0.0000
27.5750,63.1755,0.0000
27.6250,63.1755,0.0000
27.6750,63.1755,0.0000
27.7250,63.1755,0.0000
27.7750,63.1755,0.0000
27.8250,63.1755,0.0000
27.8750,63.1755,0.0000
27.9250,63.1755,0.0000
27.9750,63.1755,0.0000
28.0250,63.1755,0.0000
28.0750,63.1755,0.0000
28.1250,63.1755,0.0000
28.1750,63.1755,0.0000
28.2250,63.1755,0.0000
28.2750,63.1755,0.0000
28.3250,63.1755,0.0000
28.3750,63.1755,0.0000
28.4250,63.1755,0.0000
28.4750,63.1755,0.0000
28.5250,63.1755,0.0000
28.5750,63.1755,0.0000
28.6250,63.1755,0.0000
28.6750,63.1755,0.0000
28.7250,63.1755,0.0000
28.7750,63.1755,0.0000
28.8250,63.1755,0.0000
28.8750,63.1755,0.0000
28.9250,63.1755,0.0000
28.9750,63.1755,0.0000
29.0250,63.1755,0.0000
29.0750,63.1755,0.0000
29.1250,63.1755,0.0000
29.1750,63.1755,0.0000
29.2250,63.1755,0.0000
29.2750,63.1755,0.0000
29.3250,63.1755,0.0000
29.3750,63.1755,0.0000
29.4250,63.1755,0.0000
29.4750,63.1755,0.0000
29.5250,63.1755,0.0000
29.5750,63.1755,0.0000
29.6250,63.1755,0.0000
29.6750,63.1755,0.0000
29.7250,63.1755,0.0000
29.7750,63.1755,0.0000
29.8250,63.1755,0.0000
29.8750,63.1755,0.0000
29.9250,63.1755,0.0000
29.9750,63.1755,0.0000
30.0250,63.1755,0.0000
30.0750,63.1755,0.0000
30.1250,63.1755,0.0000
30.1750,63.1755,0.0000
30.2250,63.1755,0.0000
30.2750,63.1755,0.0000
30.3250,63.1755,0.0000
30.3750,63.1755,0.0000
30.4250,63.1755,0.0000
30.4750,63.1755,0.0000
30.5250,63.1755,0.0000
30.5750,63.1755,0.0000
30.6250,63.1755,0.0000
30.6750,63.1755,0.0000
30.7250,63.1755,0.0000
30.7750,63.1755,0.0000
30.8250,63.1755,0.0000
30.8750,63.1755,0.0000
30.9250,63.1755,0.0000
30.9750,63.1755,0.0000
31.0250,63.1755,0.0000
31.0750,63.1755,0.0000
31.1250,63.1755,0.0000
31.1750,63.1755,0.0000
31.2250,63.1755,0.0000
31.2750,63.1755,0.0000
31.3250,63.1755,0.0000
31.3750,63.1755,0.0000
31.4250,63.1755,0.0000
31.4750,63.1755,0.0000
31.5250,63.1755,0.0000
31.5750,63.1755,0.0000
20.7250,63.1255,0.0113
20.7750,63.1255,0.0113
20.8250,63.1255,0.0113
21.2750,63.1255,0.0106
21.3250,63.1255,0.0099
21.3750,63.1255,0.0099
21.4250,63.1255,0.0099
21.4750,63.1255,0.0095
21.5250,63.1255,0.0091
21.5750,63.1255,0.0094
21.6250,63.1255,0.0091
21.6750,63.1255,0.0091
21.7250,63.1255,0.0087
21.7750,63.1255,0.0087
21.8250,63.1255,0.0084
21.8750,63.1255,0.0084
21.9250,63.1255,0.0083
21.9750,63.1255,0.0082
22.0250,63.1255,0.0083
22.0750,63.1255,0.0080
22.1250,63.1255,0.0080
22.1750,63.1255,0.0078
22.2250,63.1255,0.0078
22.2750,63.1255,0.0076
22.3250,63.1255,0.0076
22.3750,63.1255,0.0076
22.4250,63.1255,0.0074
22.4750,63.1255,0.0074
22.5250,63.1255,0.0072
22.5750,63.1255,0.0072
22.6250,63.1255,0.0070
22.6750,63.1255,0.0069
22.7250,63.1255,0.0068
22.7750,63.1255,0.0068
22.8250,63.1255,0.0068
22.8750,63.1255,0.0066
22.9250,63.1255,0.0067
22.9750,63.1255,0.0064
23.0250,63.1255,0.0065
23.0750,63.1255,0.0063
23.1250,63.1255,0.0064
23.1750,63.1255,0.0063
23.2250,63.1255,0.0062
23.2750,63.1255,0.0062
23.3250,63.1255,0.0061
23.3750,63.1255,0.0061
23.4250,63.1255,0.0060
23.4750,63.1255,0.0060
23.5250,63.1255,0.0060
23.5750,63.1255,0.0058
23.6250,63.1255,0.0059
23.6750,63.1255,0.0057
23.7250,63.1255,0.0057
23.7750,63.1255,0.0056
23.8250,63.1255,0.0056
23.8750,63.1255,0.0057
23.9250,63.1255,0.0055
23.9750,63.1255,0.0056
24.0250,63.1255,0.0055
24.0750,63.1255,0.0054
24.1250,63.1255,0.0053
24.1750,63.1255,0.0053
24.2250,63.1255,0.0053
24.2750,63.1255,0.0052
24.3250,63.1255,0.0052
24.3750,63.1255,0.0050
24.4250,63.1255,0.0050
24.4750,63.1255,0.0026
24.5250,63.1255,0.0000
24.5750,63.1255,0.0050
24.6250,63.1255,0.0000
24.6750,63.1255,0.0000
24.7250,63.1255,0.0000
24.7750,63.1255,0.0000
24.8250,63.1255,0.0000
24.8750,63.1255,0.0000
24.9250,63.1255,0.0000
24.9750,63.1255,0.0000
25.0250,63.1255,0.0000
25.0750,63.1255,0.0000
25.1250,63.1255,0.0000
25.1750,63.1255,0.0000
25.2250,63.1255,0.0000
25.2750,63.1255,0.0000
25.3250,63.1255,0.0000
25.3750,63.1255,0.0000
25.4250,63.1255,0.0000
25.4750,63.1255,0.0000
25.5250,63.1255,0.0000
25.5750,63.1255,0.0000
25.6250,63.1255,0.0000
25.6750,63.1255,0.0000
25.7250,63.1255,0.0000
25.7750,63.1255,0.0000
25.8250,63.1255,0.0000
25.8750,63.1255,0.0000
25.9250,63.1255,0.0000
25.9750,63.1255,0.0000
26.0250,63.1255,0.0000
26.0750,63.1255,0.0000
26.1250,63.1255,0.0000
26.1750,63.1255,0.0000
26.2250,63.1255,0.0000
26.2750,63.1255,0.0000
26.3250,63.1255,0.0000
26.3750,63.1255,0.0000
26.4250,63.1255,0.0000
26.4750,63.1255,0.0000
26.5250,63.1255,0.0000
26.5750,63.1255,0.0000
26.6250,63.1255,0.0000
26.6750,63.1255,0.0000
26.7250,63.1255,0.0000
26.7750,63.1255,0.0000
26.8250,63.1255,0.0000
26.8750,63.1255,0.0000
26.9250,63.1255,0.0000
26.9750,63.1255,0.0000
27.0250,63.1255,0.0000
27.0750,63.1255,0.0000
27.1250,63.1255,0.0000
27.1750,63.1255,0.0000
27.2250,63.1255,0.0000
27.2750,63.1255,0.0000
27.3250,63.1255,0.0000
27.3750,63.1255,0.0000
27.4250,63.1255,0.0000
27.4750,63.1255,0.0000
27.5250,63.1255,0.0000
27.5750,63.1255,0.0000
27.6250,63.1255,0.0000
27.6750,63.1255,0.0000
27.7250,63.1255,0.0000
27.7750,63.1255,0.0000
27.8250,63.1255,0.0000
27.8750,63.1255,0.0000
27.9250,63.1255,0.0000
27.9750,63.1255,0.0000
28.0250,63.1255,0.0000
28.0750,63.1255,0.0000
28.1250,63.1255,0.0000
28.1750,63.1255,0.0000
28.2250,63.1255,0.0000
28.2750,63.1255,0.0000
28.3250,63.1255,0.0000
28.3750,63.1255,0.0000
28.4250,63.1255,0.0000
28.4750,63.1255,0.0000
28.5250,63.1255,0.0000
28.5750,63.1255,0.0000
28.6250,63.1255,0.0000
28.6750,63.1255,0.0000
28.7250,63.1255,0.0000
28.7750,63.1255,0.0000
28.8250,63.1255,0.0000
28.8750,63.1255,0.0000
28.9250,63.1255,0.0000
28.9750,63.1255,0.0000
29.0250,63.1255,0.0000
29.0750,63.1255,0.0000
29.1250,63.1255,0.0000
29.1750,63.1255,0.0000
29.2250,63.1255,0.0000
29.2750,63.1255,0.0000
29.3250,63.1255,0.0000
29.3750,63.1255,0.0000
29.4250,63.1255,0.0000
29.4750,63.1255,0.0000
29.5250,63.1255,0.0000
29.5750,63.1255,0.0000
29.6250,63.1255,0.0000
29.6750,63.1255,0.0000
29.7250,63.1255,0.0000
29.7750,63.1255,0.0000
29.8250,63.1255,0.0000
29.8750,63.1255,0.0000
29.9250,63.1255,0.0000
29.9750,63.1255,0.0000
30.0250,63.1255,0.0000
30.0750,63.1255,0.0000
30.1250,63.1255,0.0000
30.1750,63.1255,0.0000
30.2250,63.1255,0.0000
30.2750,63.1255,0.0000
30.3250,63.1255,0.0000
30.3750,63.1255,0.0000
30.4250,63.1255,0.0000
30.4750,63.1255,0.0000
30.5250,63.1255,0.0000
30.5750,63.1255,0.0000
30.6250,63.1255,0.0000
30.6750,63.1255,0.0000
30.7250,63.1255,0.0000
30.7750,63.1255,0.0000
30.8250,63.1255,0.0000
30.8750,63.1255,0.0000
30.9250,63.1255,0.0000
30.9750,63.1255,0.0000
31.0250,63.1255,0.0000
31.0750,63.1255,0.0000
31.1250,63.1255,0.0000
31.1750,63.1255,0.0000
31.2250,63.1255,0.0000
31.2750,63.1255,0.0000
31.3250,63.1255,0.0000
31.3750,63.1255,0.0000
31.4250,63.1255,0.0000
31.4750,63.1255,0.0000
31.5250,63.1255,0.0000
31.5750,63.1255,0.0000
20.7250,63.0755,0.0106
20.8250,63.0755,0.0103
20.8750,63.0755,0.0101
21.2250,63.0755,0.0099
21.2750,63.0755,0.0095
21.3250,63.0755,0.0097
21.3750,63.0755,0.0099
21.4250,63.0755,0.0095
21.4750,63.0755,0.0091
21.5250,63.0755,0.0091
21.5750,63.0755,0.0088
21.6250,63.0755,0.0088
21.6750,63.0755,0.0088
21.7250,63.0755,0.0087
21.7750,63.0755,0.0085
21.8250,63.0755,0.0084
21.8750,63.0755,0.0082
21.9250,63.0755,0.0082
21.9750,63.0755,0.0080
22.0250,63.0755,0.0080
22.0750,63.0755,0.0078
22.1250,63.0755,0.0078
22.1750,63.0755,0.0078
22.2250,63.0755,0.0076
22.2750,63.0755,0.0076
22.3250,63.0755,0.0074
22.3750,63.0755,0.0074
22.4250,63.0755,0.0072
22.4750,63.0755,0.0072
22.5250,63.0755,0.0070
22.5750,63.0755,0.0070
22.6250,63.0755,0.0070
22.6750,63.0755,0.0068
22.7250,63.0755,0.0068
22.7750,63.0755,0.0066
22.8250,63.0755,0.0066
22.8750,63.0755,0.0064
22.9250,63.0755,0.0064
22.9750,63.0755,0.0064
23.0250,63.0755,0.0063
23.0750,63.0755,0.0063
23.1250,63.0755,0.0062
23.1750,63.0755,0.0062
23.2250,63.0755,0.0061
23.2750,63.0755,0.0061
23.3250,63.0755,0.0061
23.3750,63.0755,0.0059
23.4250,63.0755,0.0060
23.4750,63.0755,0.0058
23.5250,63.0755,0.0058
23.5750,63.0755,0.0057
23.6250,63.0755,0.0057
23.6750,63.0755,0.0057
23.7250,63.0755,0.0056
23.7750,63.0755,0.0056
23.8250,63.0755,0.0055
23.8750,63.0755,0.0055
23.9250,63.0755,0.0054
23.9750,63.0755,0.0054
24.0250,63.0755,0.0055
24.0750,63.0755,0.0052
24.1250,63.0755,0.0053
24.1750,63.0755,0.0051
24.2250,63.0755,0.0051
24.2750,63.0755,0.0005
24.3250,63.0755,0.0000
24.3750,63.0755,0.0047
24.4250,63.0755,0.0000
24.4750,63.0755,0.0000
24.5250,63.0755,0.0000
24.5750,63.0755,0.0000
24.6250,63.0755,0.0000
24.6750,63.0755,0.0000
24.7250,63.0755,0.0000
24.7750,63.0755,0.0000
24.8250,63.0755,0.0000
24.8750,63.0755,0.0000
24.9250,63.0755,0.0000
24.9750,63.0755,0.0000
25.0250,63.0755,0.0000
25.0750,63.0755,0.0000
25.1250,63.0755,0.0000
25.1750,63.0755,0.0000
25.2250,63.0755,0.0000
25.2750,63.0755,0.0000
25.3250,63.0755,0.0000
25.3750,63.0755,0.0000
25.4250,63.0755,0.0000
25.4750,63.0755,0.0000
25.5250,63.0755,0.0000
25.5750,63.0755,0.0000
25.6250,63.0755,0.0000
25.6750,63.0755,0.0000
25.7250,63.0755,0.0000
25.7750,63.0755,0.0000
25.8250,63.0755,0.0000
25.8750,63.0755,0.0000
25.9250,63.0755,0.0000
25.9750,63.0755,0.0000
26.0250,63.0755,0.0000
26.0750,63.0755,0.0000
26.1250,63.0755,0.0000
26.1750,63.0755,0.0000
26.2250,63.0755,0.0000
26.2750,63.0755,0.0000
26.3250,63.0755,0.0000
26.3750,63.0755,0.0000
26.4250,63.0755,0.0000
26.4750,63.0755,0.0000
26.5250,63.0755,0.0000
26.5750,63.0755,0.0000
26.6250,63.0755,0.0000
26.6750,63.0755,0.0000
26.7250,63.0755,0.0000
26.7750,63.0755,0.0000
26.8250,63.0755,0.0000
26.8750,63.0755,0.0000
26.9250,63.0755,0.0000
26.9750,63.0755,0.0000
27.0250,63.0755,0.0000
27.0750,63.0755,0.0000
27.1250,63.0755,0.0000
27.1750,63.0755,0.0000
27.2250,63.0755,0.0000
27.2750,63.0755,0.0000
27.3250,63.0755,0.0000
27.3750,63.0755,0.0000
27.4250,63.0755,0.0000
27.4750,63.0755,0.0000
27.5250,63.0755,0.0000
27.5750,63.0755,0.0000
27.6250,63.0755,0.0000
27.6750,63.0755,0.0000
27.7250,63.0755,0.0000
27.7750,63.0755,0.0000
27.8250,63.0755,0.0000
27.8750,63.0755,0.0000
27.9250,63.0755,0.0000
27.9750,63.0755,0.0000
28.0250,63.0755,0.0000
28.0750,63.0755,0.0000
28.1250,63.0755,0.0000
28.1750,63.0755,0.0000
28.2250,63.0755,0.0000
28.2750,63.0755,0.0000
28.3250,63.0755,0.0000
28.3750,63.0755,0.0000
28.4250,63.0755,0.0000
28.4750,63.0755,0.0000
28.5250,63.0755,0.0000
28.5750,63.0755,0.0000
28.6250,63.0755,0.0000
28.6750,63.0755,0.0000
28.7250,63.0755,0.0000
28.7750,63.0755,0.0000
28.8250,63.0755,0.0000
28.8750,63.0755,0.0000
28.9250,63.0755,0.0000
28.9750,63.0755,0.0000
29.0250,63.0755,0.0000
29.0750,63.0755,0.0000
29.1250,63.0755,0.0000
29.1750,63.0755,0.0000
29.2250,63.0755,0.0000
29.2750,63.0755,0.0000
29.3250,63.0755,0.0000
29.3750,63.0755,0.0000
29.4250,63.0755,0.0000
29.4750,63.0755,0.0000
29.5250,63.0755,0.0000
29.5750,63.0755,0.0000
29.6250,63.0755,0.0000
29.6750,63.0755,0.0000
29.7250,63.0755,0.0000
29.7750,63.0755,0.0000
29.8250,63.0755,0.0000
29.8750,63.0755,0.0000
29.9250,63.0755,0.0000
29.9750,63.0755,0.0000
30.0250,63.0755,0.0000
30.0750,63.0755,0.0000
30.1250,63.0755,0.0000
30.1750,63.0755,0.0000
30.2250,63.0755,0.0000
30.2750,63.0755,0.0000
30.3250,63.0755,0.0000
30.3750,63.0755,0.0000
30.4250,63.0755,0.0000
30.4750,63.0755,0.0000
30.5250,63.0755,0.0000
30.5750,63.0755,0.0000
30.6250,63.0755,0.0000
30.6750,63.0755,0.0000
30.7250,63.0755,0.0000
30.7750,63.0755,0.0000
30.8250,63.0755,0.0000
30.8750,63.0755,0.0000
30.9250,63.0755,0.0000
30.9750,63.0755,0.0000
31.0250,63.0755,0.0000
31.0750,63.0755,0.0000
31.1250,63.0755,0.0000
31.1750,63.0755,0.0000
31.2250,63.0755,0.0000
31.2750,63.0755,0.0000
31.3250,63.0755,0.0000
31.3750,63.0755,0.0000
31.4250,63.0755,0.0000
31.4750,63.0755,0.0000
31.5250,63.0755,0.0000
31.5750,63.0755,0.0000
20.8250,63.0255,0.0099
20.8750,63.0255,0.0099
20.9750,63.0255,0.0099
21.0750,63.0255,0.0099
21.1250,63.0255,0.0099
21.1750,63.0255,0.0099
21.2250,63.0255,0.0099
21.2750,63.0255,0.0095
21.3250,63.0255,0.0095
21.3750,63.0255,0.0095
21.4250,63.0255,0.0095
21.4750,63.0255,0.0092
21.5250,63.0255,0.0091
21.5750,63.0255,0.0088
21.6250,63.0255,0.0088
21.6750,63.0255,0.0085
21.7250,63.0255,0.0085
21.7750,63.0255,0.0083
21.8250,63.0255,0.0083
21.8750,63.0255,0.0082
21.9250,63.0255,0.0080
21.9750,63.0255,0.0080
22.0250,63.0255,0.0078
22.0750,63.0255,0.0078
22.1250,63.0255,0.0076
22.1750,63.0255,0.0076
22.2250,63.0255,0.0074
22.2750,63.0255,0.0074
22.3250,63.0255,0.0074
22.3750,63.0255,0.0072
22.4250,63.0255,0.0072
22.4750,63.0255,0.0070
22.5250,63.0255,0.0070
22.5750,63.0255,0.0068
22.6250,63.0255,0.0068
22.6750,63.0255,0.0066
22.7250,63.0255,0.0066
22.7750,63.0255,0.0066
22.8250,63.0255,0.0064
22.8750,63.0255,0.0064
22.9250,63.0255,0.0063
22.9750,63.0255,0.0063
23.0250,63.0255,0.0062
23.0750,63.0255,0.0062
23.1250,63.0255,0.0062
23.1750,63.0255,0.0061
23.2250,63.0255,0.0061
23.2750,63.0255,0.0059
23.3250,63.0255,0.0059
23.3750,63.0255,0.0058
23.4250,63.0255,0.0058
23.4750,63.0255,0.0058
23.5250,63.0255,0.0057
23.5750,63.0255,0.0057
23.6250,63.0255,0.0056
23.6750,63.0255,0.0056
23.7250,63.0255,0.0055
23.7750,63.0255,0.0054
23.8250,63.0255,0.0054
23.8750,63.0255,0.0054
23.9250,63.0255,0.0054
23.9750,63.0255,0.0052
24.0250,63.0255,0.0052
24.0750,63.0255,0.0051
24.1250,63.0255,0.0051
24.1750,63.0255,0.0050
24.2250,63.0255,0.0000
24.2750,63.0255,0.0000
24.3250,63.0255,0.0000
24.3750,63.0255,0.0000
24.4250,63.0255,0.0000
24.4750,63.0255,0.0000
24.5250,63.0255,0.0000
24.5750,63.0255,0.0000
24.6250,63.0255,0.0000
24.6750,63.0255,0.0000
24.7250,63.0255,0.0000
24.7750,63.0255,0.0000
24.8250,63.0255,0.0000
24.8750,63.0255,0.0000
24.9250,63.0255,0.0000
24.9750,63.0255,0.0000
25.0250,63.0255,0.0000
25.0750,63.0255,0.0000
25.1250,63.0255,0.0000
25.1750,63.0255,0.0000
25.2250,63.0255,0.0000
25.2750,63.0255,0.0000
25.3250,63.0255,0.0000
25.3750,63.0255,0.0000
25.4250,63.0255,0.0000
25.4750,63.0255,0.0000
25.5250,63.0255,0.0000
25.5750,63.0255,0.0000
25.6250,63.0255,0.0000
25.6750,63.0255,0.0000
25.7250,63.0255,0.0000
25.7750,63.0255,0.0000
25.8250,63.0255,0.0000
25.8750,63.0255,0.0000
25.9250,63.0255,0.0000
25.9750,63.0255,0.0000
26.0250,63.0255,0.0000
26.0750,63.0255,0.0000
26.1250,63.0255,0.0000
26.1750,63.0255,0.0000
26.2250,63.0255,0.0000
26.2750,63.0255,0.0000
26.3250,63.0255,0.0000
26.3750,63.0255,0.0000
26.4250,63.0255,0.0000
26.4750,63.0255,0.0000
26.5250,63.0255,0.0000
26.5750,63.0255,0.0000
26.6250,63.0255,0.0000
26.6750,63.0255,0.0000
26.7250,63.0255,0.0000
26.7750,63.0255,0.0000
26.8250,63.0255,0.0000
26.8750,63.0255,0.0000
26.9250,63.0255,0.0000
26.9750,63.0255,0.0000
27.0250,63.0255,0.0000
27.0750,63.0255,0.0000
27.1250,63.0255,0.0000
27.1750,63.0255,0.0000
27.2250,63.0255,0.0000
27.2750,63.0255,0.0000
27.3250,63.0255,0.0000
27.3750,63.0255,0.0000
27.4250,63.0255,0.0000
27.4750,63.0255,0.0000
27.5250,63.0255,0.0000
27.5750,63.0255,0.0000
27.6250,63.0255,0.0000
27.6750,63.0255,0.0000
27.7250,63.0255,0.0000
27.7750,63.0255,0.0000
27.8250,63.0255,0.0000
27.8750,63.0255,0.0000
27.9250,63.0255,0.0000
27.9750,63.0255,0.0000
28.0250,63.0255,0.0000
28.0750,63.0255,0.0000
28.1250,63.0255,0.0000
28.1750,63.0255,0.0000
28.2250,63.0255,0.0000
28.2750,63.0255,0.0000
28.3250,63.0255,0.0000
28.3750,63.0255,0.0000
28.4250,63.0255,0.0000
28.4750,63.0255,0.0000
28.5250,63.0255,0.0000
28.5750,63.0255,0.0000
28.6250,63.0255,0.0000
28.6750,63.0255,0.0000
28.7250,63.0255,0.0000
28.7750,63.0255,0.0000
28.8250,63.0255,0.0000
28.8750,63.0255,0.0000
28.9250,63.0255,0.0000
28.9750,63.0255,0.0000
29.0250,63.0255,0.0000
29.0750,63.0255,0.0000
29.1250,63.0255,0.0000
29.1750,63.0255,0.0000
29.2250,63.0255,0.0000
29.2750,63.0255,0.0000
29.3250,63.0255,0.0000
29.3750,63.0255,0.0000
29.4250,63.0255,0.0000
29.4750,63.0255,0.0000
29.5250,63.0255,0.0000
29.5750,63.0255,0.0000
29.6250,63.0255,0.0000
29.6750,63.0255,0.0000
29.7250,63.0255,0.0000
29.7750,63.0255,0.0000
29.8250,63.0255,0.0000
29.8750,63.0255,0.0000
29.9250,63.0255,0.0000
29.9750,63.0255,0.0000
30.0250,63.0255,0.0000
30.0750,63.0255,0.0000
30.1250,63.0255,0.0000
30.1750,63.0255,0.0000
30.2250,63.0255,0.0000
30.2750,63.0255,0.0000
30.3250,63.0255,0.0000
30.3750,63.0255,0.0000
30.4250,63.0255,0.0000
30.4750,63.0255,0.0000
30.5250,63.0255,0.0000
30.5750,63.0255,0.0000
30.6250,63.0255,0.0000
30.6750,63.0255,0.0000
30.7250,63.0255,0.0000
30.7750,63.0255,0.0000
30.8250,63.0255,0.0000
30.8750,63.0255,0.0000
30.9250,63.0255,0.0000
30.9750,63.0255,0.0000
31.0250,63.0255,0.0000
31.0750,63.0255,0.0000
31.1250,63.0255,0.0000
31.1750,63.0255,0.0000
31.2250,63.0255,0.0000
31.2750,63.0255,0.0000
31.3250,63.0255,0.0000
31.3750,63.0255,0.0000
31.4250,63.0255,0.0000
31.4750,63.0255,0.0000
31.5250,63.0255,0.0000
31.5750,63.0255,0.0000
20.8250,62.9755,0.0096
20.8750,62.9755,0.0098
20.9250,62.9755,0.0099
20.9750,62.9755,0.0099
21.0250,62.9755,0.0099
21.1250,62.9755,0.0099
21.1750,62.9755,0.0099
21.2250,62.9755,0.0099
21.2750,62.9755,0.0097
21.3250,62.9755,0.0095
21.3750,62.9755,0.0092
21.4250,62.9755,0.0092
21.4750,62.9755,0.0088
21.5250,62.9755,0.0088
21.5750,62.9755,0.0085
21.6250,62.9755,0.0085
21.6750,62.9755,0.0085
21.7250,62.9755,0.0083
21.7750,62.9755,0.0083
21.8250,62.9755,0.0080
21.8750,62.9755,0.0080
21.9250,62.9755,0.0078
21.9750,62.9755,0.0078
22.0250,62.9755,0.0076
22.0750,62.9755,0.0076
22.1250,62.9755,0.0076
22.1750,62.9755,0.0074
22.2250,62.9755,0.0074
22.2750,62.9755,0.0072
22.3250,62.9755,0.0072
22.3750,62.9755,0.0070
22.4250,62.9755,0.0070
22.4750,62.9755,0.0069
22.5250,62.9755,0.0068
22.5750,62.9755,0.0068
22.6250,62.9755,0.0066
22.6750,62.9755,0.0066
22.7250,62.9755,0.0064
22.7750,62.9755,0.0064
22.8250,62.9755,0.0063
22.8750,62.9755,0.0063
22.9250,62.9755,0.0063
22.9750,62.9755,0.0062
23.0250,62.9755,0.0062
23.0750,62.9755,0.0060
23.1250,62.9755,0.0061
23.1750,62.9755,0.0059
23.2250,62.9755,0.0059
23.2750,62.9755,0.0059
23.3250,62.9755,0.0058
23.3750,62.9755,0.0058
23.4250,62.9755,0.0057
23.4750,62.9755,0.0057
23.5250,62.9755,0.0056
23.5750,62.9755,0.0056
23.6250,62.9755,0.0055
23.6750,62.9755,0.0055
23.7250,62.9755,0.0055
23.7750,62.9755,0.0053
23.8250,62.9755,0.0053
23.8750,62.9755,0.0052
23.9250,62.9755,0.0052
23.9750,62.9755,0.0052
24.0250,62.9755,0.0051
24.0750,62.9755,0.0051
24.1250,62.9755,0.0000
24.1750,62.9755,0.0000
24.2250,62.9755,0.0000
24.2750,62.9755,0.0000
24.3250,62.9755,0.0000
24.3750,62.9755,0.0000
24.4250,62.9755,0.0000
24.4750,62.9755,0.0000
24.5250,62.9755,0.0000
24.5750,62.9755,0.0000
24.6250,62.9755,0.0000
24.6750,62.9755,0.0000
24.7250,62.9755,0.0000
24.7750,62.9755,0.0000
24.8250,62.9755,0.0000
24.8750,62.9755,0.0000
24.9250,62.9755,0.0000
24.9750,62.9755,0.0000
25.0250,62.9755,0.0000
25.0750,62.9755,0.0000
25.1250,62.9755,0.0000
25.1750,62.9755,0.0000
25.2250,62.9755,0.0000
25.2750,62.9755,0.0000
25.3250,62.9755,0.0000
25.3750,62.9755,0.0000
25.4250,62.9755,0.0000
25.4750,62.9755,0.0000
25.5250,62.9755,0.0000
25.5750,62.9755,0.0000
25.6250,62.9755,0.0000
25.6750,62.9755,0.0000
25.7250,62.9755,0.0000
25.7750,62.9755,0.0000
25.8250,62.9755,0.0000
25.8750,62.9755,0.0000
25.9250,62.9755,0.0000
25.9750,62.9755,0.0000
26.0250,62.9755,0.0000
26.0750,62.9755,0.0000
26.1250,62.9755,0.0000
26.1750,62.9755,0.0000
26.2250,62.9755,0.0000
26.2750,62.9755,0.0000
26.3250,62.9755,0.0000
26.3750,62.9755,0.0000
26.4250,62.9755,0.0000
26.4750,62.9755,0.0000
26.5250,62.9755,0.0000
26.5750,62.9755,0.0000
26.6250,62.9755,0.0000
26.6750,62.9755,0.0000
26.7250,62.9755,0.0000
26.7750,62.9755,0.0000
26.8250,62.9755,0.0000
26.8750,62.9755,0.0000
26.9250,62.9755,0.0000
26.9750,62.9755,0.0000
27.0250,62.9755,0.0000
27.0750,62.9755,0.0000
27.1250,62.9755,0.0000
27.1750,62.9755,0.0000
27.2250,62.9755,0.0000
27.2750,62.9755,0.0000
27.3250,62.9755,0.0000
27.3750,62.9755,0.0000
27.4250,62.9755,0.0000
27.4750,62.9755,0.0000
27.5250,62.9755,0.0000
27.5750,62.9755,0.0000
27.6250,62.9755,0.0000
27.6750,62.9755,0.0000
27.7250,62.9755,0.0000
27.7750,62.9755,0.0000
27.8250,62.9755,0.0000
27.8750,62.9755,0.0000
27.9250,62.9755,0.0000
27.9750,62.9755,0.0000
28.0250,62.9755,0.0000
28.0750,62.9755,0.0000
28.1250,62.9755,0.0000
28.1750,62.9755,0.0000
28.2250,62.9755,0.0000
28.2750,62.9755,0.0000
28.3250,62.9755,0.0000
28.3750,62.9755,0.0000
28.4250,62.9755,0.0000
28.4750,62.9755,0.0000
28.5250,62.9755,0.0000
28.5750,62.9755,0.0000
28.6250,62.9755,0.0000
28.6750,62.9755,0.0000
28.7250,62.9755,0.0000
28.7750,62.9755,0.0000
28.8250,62.9755,0.0000
28.8750,62.9755,0.0000
28.9250,62.9755,0.0000
28.9750,62.9755,0.0000
29.0250,62.9755,0.0000
29.0750,62.9755,0.0000
29.1250,62.9755,0.0000
29.1750,62.9755,0.0000
29.2250,62.9755,0.0000
29.2750,62.9755,0.0000
29.3250,62.9755,0.0000
29.3750,62.9755,0.0000
29.4250,62.9755,0.0000
29.4750,62.9755,0.0000
29.5250,62.9755,0.0000
29.5750,62.9755,0.0000
29.6250,62.9755,0.0000
29.6750,62.9755,0.0000
29.7250,62.9755,0.0000
29.7750,62.9755,0.0000
29.8250,62.9755,0.0000
29.8750,62.9755,0.0000
29.9250,62.9755,0.0000
29.9750,62.9755,0.0000
30.0250,62.9755,0.0000
30.0750,62.9755,0.0000
30.1250,62.9755,0.0000
30.1750,62.9755,0.0000
30.2250,62.9755,0.0000
30.2750,62.9755,0.0000
30.3250,62.9755,0.0000
30.3750,62.9755,0.0000
30.4250,62.9755,0.0000
30.4750,62.9755,0.0000
30.5250,62.9755,0.0000
30.5750,62.9755,0.0000
30.6250,62.9755,0.0000
30.6750,62.9755,0.0000
30.7250,62.9755,0.0000
30.7750,62.9755,0.0000
30.8250,62.9755,0.0000
30.8750,62.9755,0.0000
30.9250,62.9755,0.0000
30.9750,62.9755,0.0000
31.0250,62.9755,0.0000
31.0750,62.9755,0.0000
31.1250,62.9755,0.0000
31.1750,62.9755,0.0000
31.2250,62.9755,0.0000
31.2750,62.9755,0.0000
31.3250,62.9755,0.0000
31.3750,62.9755,0.0000
31.4250,62.9755,0.0000
31.4750,62.9755,0.0000
31.5250,62.9755,0.0000
31.5750,62.9755,0.0000
21.0250,62.9255,0.0098
21.0750,62.9255,0.0099
21.1250,62.9255,0.0099
21.1750,62.9255,0.0099
21.2250,62.9255,0.0099
21.2750,62.9255,0.0090
21.3250,62.9255,0.0089
21.3750,62.9255,0.0092
21.4250,62.9255,0.0088
21.4750,62.9255,0.0088
21.5250,62.9255,0.0085
21.5750,62.9255,0.0085
21.6250,62.9255,0.0083
21.6750,62.9255,0.0083
21.7250,62.9255,0.0081
21.7750,62.9255,0.0081
21.8250,62.9255,0.0080
21.8750,62.9255,0.0079
21.9250,62.9255,0.0078
21.9750,62.9255,0.0076
22.0250,62.9255,0.0076
22.0750,62.9255,0.0074
22.1250,62.9255,0.0074
22.1750,62.9255,0.0072
22.2250,62.9255,0.0072
22.2750,62.9255,0.0071
22.3250,62.9255,0.0070
22.3750,62.9255,0.0070
22.4250,62.9255,0.0068
22.4750,62.9255,0.0068
22.5250,62.9255,0.0066
22.5750,62.9255,0.0066
22.6250,62.9255,0.0065
22.6750,62.9255,0.0064
22.7250,62.9255,0.0064
22.7750,62.9255,0.0063
22.8250,62.9255,0.0063
22.8750,62.9255,0.0062
22.9250,62.9255,0.0062
22.9750,62.9255,0.0060
23.0250,62.9255,0.0060
23.0750,62.9255,0.0060
23.1250,62.9255,0.0059
23.1750,62.9255,0.0059
23.2250,62.9255,0.0058
23.2750,62.9255,0.0058
23.3250,62.9255,0.0057
23.3750,62.9255,0.0057
23.4250,62.9255,0.0056
23.4750,62.9255,0.0056
23.5250,62.9255,0.0056
23.5750,62.9255,0.0054
23.6250,62.9255,0.0055
23.6750,62.9255,0.0053
23.7250,62.9255,0.0053
23.7750,62.9255,0.0053
23.8250,62.9255,0.0052
23.8750,62.9255,0.0052
23.9250,62.9255,0.0051
23.9750,62.9255,0.0051
24.0250,62.9255,0.0000
24.0750,62.9255,0.0000
24.1250,62.9255,0.0000
24.1750,62.9255,0.0000
24.2250,62.9255,0.0000
24.2750,62.9255,0.0000
24.3250,62.9255,0.0000
24.3750,62.9255,0.0000
24.4250,62.9255,0.0000
24.4750,62.9255,0.0000
24.5250,62.9255,0.0000
24.5750,62.9255,0.0000
24.6250,62.9255,0.0000
24.6750,62.9255,0.0000
24.7250,62.9255,0.0000
24.7750,62.9255,0.0000
24.8250,62.9255,0.0000
24.8750,62.9255,0.0000
24.9250,62.9255,0.0000
24.9750,62.9255,0.0000
25.0250,62.9255,0.0000
25.0750,62.9255,0.0000
25.1250,62.9255,0.0000
25.1750,62.9255,0.0000
25.2250,62.9255,0.0000
25.2750,62.9255,0.0000
25.3250,62.9255,0.0000
25.3750,62.9255,0.0000
25.4250,62.9255,0.0000
25.4750,62.9255,0.0000
25.5250,62.9255,0.0000
25.5750,62.9255,0.0000
25.6250,62.9255,0.0000
25.6750,62.9255,0.0000
25.7250,62.9255,0.0000
25.7750,62.9255,0.0000
25.8250,62.9255,0.0000
25.8750,62.9255,0.0000
25.9250,62.9255,0.0000
25.9750,62.9255,0.0000
26.0250,62.9255,0.0000
26.0750,62.9255,0.0000
26.1250,62.9255,0.0000
26.1750,62.9255,0.0000
26.2250,62.9255,0.0000
26.2750,62.9255,0.0000
26.3250,62.9255,0.0000
26.3750,62.9255,0.0000
26.4250,62.9255,0.0000
26.4750,62.9255,0.0000
26.5250,62.9255,0.0000
26.5750,62.9255,0.0000
26.6250,62.9255,0.0000
26.6750,62.9255,0.0000
26.7250,62.9255,0.0000
26.7750,62.9255,0.0000
26.8250,62.9255,0.0000
26.8750,62.9255,0.0000
26.9250,62.9255,0.0000
26.9750,62.9255,0.0000
27.0250,62.9255,0.0000
27.0750,62.9255,0.0000
27.1250,62.9255,0.0000
27.1750,62.9255,0.0000
27.2250,62.9255,0.0000
27.2750,62.9255,0.0000
27.3250,62.9255,0.0000
27.3750,62.9255,0.0000
27.4250,62.9255,0.0000
27.4750,62.9255,0.0000
27.5250,62.9255,0.0000
27.5750,62.9255,0.0000
27.6250,62.9255,0.0000
27.6750,62.9255,0.0000
27.7250,62.9255,0.0000
27.7750,62.9255,0.0000
27.8250,62.9255,0.0000
27.8750,62.9255,0.0000
27.9250,62.9255,0.0000
27.9750,62.9255,0.0000
28.0250,62.9255,0.0000
28.0750,62.9255,0.0000
28.1250,62.9255,0.0000
28.1750,62.9255,0.0000
28.2250,62.9255,0.0000
28.2750,62.9255,0.0000
28.3250,62.9255,0.0000
28.3750,62.9255,0.0000
28.4250,62.9255,0.0000
28.4750,62.9255,0.0000
28.5250,62.9255,0.0000
28.5750,62.9255,0.0000
28.6250,62.9255,0.0000
28.6750,62.9255,0.0000
28.7250,62.9255,0.0000
28.7750,62.9255,0.0000
28.8250,62.9255,0.0000
28.8750,62.9255,0.0000
28.9250,62.9255,0.0000
28.9750,62.9255,0.0000
29.0250,62.9255,0.0000
29.0750,62.9255,0.0000
29.1250,62.9255,0.0000
29.1750,62.9255,0.0000
29.2250,62.9255,0.0000
29.2750,62.9255,0.0000
29.3250,62.9255,0.0000
29.3750,62.9255,0.0000
29.4250,62.9255,0.0000
29.4750,62.9255,0.0000
29.5250,62.9255,0.0000
29.5750,62.9255,0.0000
29.6250,62.9255,0.0000
29.6750,62.9255,0.0000
29.7250,62.9255,0.0000
29.7750,62.9255,0.0000
29.8250,62.9255,0.0000
29.8750,62.9255,0.0000
29.9250,62.9255,0.0000
29.9750,62.9255,0.0000
30.0250,62.9255,0.0000
30.0750,62.9255,0.0000
30.1250,62.9255,0.0000
30.1750,62.9255,0.0000
30.2250,62.9255,0.0000
30.2750,62.9255,0.0000
30.3250,62.9255,0.0000
30.3750,62.9255,0.0000
30.4250,62.9255,0.0000
30.4750,62.9255,0.0000
30.5250,62.9255,0.0000
30.5750,62.9255,0.0000
30.6250,62.9255,0.0000
30.6750,62.9255,0.0000
30.7250,62.9255,0.0000
30.7750,62.9255,0.0000
30.8250,62.9255,0.0000
30.8750,62.9255,0.0000
30.9250,62.9255,0.0000
30.9750,62.9255,0.0000
31.0250,62.9255,0.0000
31.0750,62.9255,0.0000
31.1250,62.9255,0.0000
31.1750,62.9255,0.0000
31.2250,62.9255,0.0000
31.2750,62.9255,0.0000
31.3250,62.9255,0.0000
31.3750,62.9255,0.0000
31.4250,62.9255,0.0000
31.4750,62.9255,0.0000
31.5250,62.9255,0.0000
31.5750,62.9255,0.0000
21.0750,62.8755,0.0093
21.1250,62.8755,0.0093
21.1750,62.8755,0.0093
21.2250,62.8755,0.0093
21.2750,62.8755,0.0090
21.3250,62.8755,0.0089
21.3750,62.8755,0.0089
21.4250,62.8755,0.0085
21.4750,62.8755,0.0085
21.5250,62.8755,0.0084
21.5750,62.8755,0.0083
21.6250,62.8755,0.0083
21.6750,62.8755,0.0081
21.7250,62.8755,0.0081
21.7750,62.8755,0.0079
21.8250,62.8755,0.0079
21.8750,62.8755,0.0077
21.9250,62.8755,0.0077
21.9750,62.8755,0.0075
22.0250,62.8755,0.0074
22.0750,62.8755,0.0074
22.1250,62.8755,0.0072
22.1750,62.8755,0.0072
22.2250,62.8755,0.0069
22.2750,62.8755,0.0069
22.3250,62.8755,0.0067
22.3750,62.8755,0.0067
22.4250,62.8755,0.0066
22.4750,62.8755,0.0066
22.5250,62.8755,0.0066
22.5750,62.8755,0.0064
22.6250,62.8755,0.0065
22.6750,62.8755,0.0063
22.7250,62.8755,0.0063
22.7750,62.8755,0.0062
22.8250,62.8755,0.0062
22.8750,62.8755,0.0062
22.9250,62.8755,0.0061
22.9750,62.8755,0.0061
23.0250,62.8755,0.0059
23.0750,62.8755,0.0059
23.1250,62.8755,0.0057
23.1750,62.8755,0.0058
23.2250,62.8755,0.0056
23.2750,62.8755,0.0056
23.3250,62.8755,0.0056
23.3750,62.8755,0.0055
23.4250,62.8755,0.0055
23.4750,62.8755,0.0055
23.5250,62.8755,0.0055
23.5750,62.8755,0.0053
23.6250,62.8755,0.0053
23.6750,62.8755,0.0053
23.7250,62.8755,0.0052
23.7750,62.8755,0.0052
23.8250,62.8755,0.0051
23.8750,62.8755,0.0051
23.9250,62.8755,0.0005
23.9750,62.8755,0.0000
24.0250,62.8755,0.0000
24.0750,62.8755,0.0000
24.1250,62.8755,0.0000
24.1750,62.8755,0.0000
24.2250,62.8755,0.0000
24.2750,62.8755,0.0000
24.3250,62.8755,0.0000
24.3750,62.8755,0.0000
24.4250,62.8755,0.0000
24.4750,62.8755,0.0000
24.5250,62.8755,0.0000
24.5750,62.8755,0.0000
24.6250,62.8755,0.0000
24.6750,62.8755,0.0000
24.7250,62.8755,0.0000
24.7750,62.8755,0.0000
24.8250,62.8755,0.0000
24.8750,62.8755,0.0000
24.9250,62.8755,0.0000
24.9750,62.8755,0.0000
25.0250,62.8755,0.0000
25.0750,62.8755,0.0000
25.1250,62.8755,0.0000
25.1750,62.8755,0.0000
25.2250,62.8755,0.0000
25.2750,62.8755,0.0000
25.3250,62.8755,0.0000
25.3750,62.8755,0.0000
25.4250,62.8755,0.0000
25.4750,62.8755,0.0000
25.5250,62.8755,0.0000
25.5750,62.8755,0.0000
25.6250,62.8755,0.0000
25.6750,62.8755,0.0000
25.7250,62.8755,0.0000
25.7750,62.8755,0.0000
25.8250,62.8755,0.0000
25.8750,62.8755,0.0000
25.9250,62.8755,0.0000
25.9750,62.8755,0.0000
26.0250,62.8755,0.0000
26.0750,62.8755,0.0000
26.1250,62.8755,0.0000
26.1750,62.8755,0.0000
26.2250,62.8755,0.0000
26.2750,62.8755,0.0000
26.3250,62.8755,0.0000
26.3750,62.8755,0.0000
26.4250,62.8755,0.0000
26.4750,62.8755,0.0000
26.5250,62.8755,0.0000
26.5750,62.8755,0.0000
26.6250,62.8755,0.0000
26.6750,62.8755,0.0000
26.7250,62.8755,0.0000
26.7750,62.8755,0.0000
26.8250,62.8755,0.0000
26.8750,62.8755,0.0000
26.9250,62.8755,0.0000
26.9750,62.8755,0.0000
27.0250,62.8755,0.0000
27.0750,62.8755,0.0000
27.1250,62.8755,0.0000
27.1750,62.8755,0.0000
27.2250,62.8755,0.0000
27.2750,62.8755,0.0000
27.3250,62.8755,0.0000
27.3750,62.8755,0.0000
27.4250,62.8755,0.0000
27.4750,62.8755,0.0000
27.5250,62.8755,0.0000
27.5750,62.8755,0.0000
27.6250,62.8755,0.0000
27.6750,62.8755,0.0000
27.7250,62.8755,0.0000
27.7750,62.8755,0.0000
27.8250,62.8755,0.0000
27.8750,62.8755,0.0000
27.9250,62.8755,0.0000
27.9750,62.8755,0.0000
28.0250,62.8755,0.0000
28.0750,62.8755,0.0000
28.1250,62.8755,0.0000
28.1750,62.8755,0.0000
28.2250,62.8755,0.0000
28.2750,62.8755,0.0000
28.3250,62.8755,0.0000
28.3750,62.8755,0.0000
28.4250,62.8755,0.0000
28.4750,62.8755,0.0000
28.5250,62.8755,0.0000
28.5750,62.8755,0.0000
28.6250,62.8755,0.0000
28.6750,62.8755,0.0000
28.7250,62.8755,0.0000
28.7750,62.8755,0.0000
28.8250,62.8755,0.0000
28.8750,62.8755,0.0000
28.9250,62.8755,0.0000
28.9750,62.8755,0.0000
29.0250,62.8755,0.0000
29.0750,62.8755,0.0000
29.1250,62.8755,0.0000
29.1750,62.8755,0.0000
29.2250,62.8755,0.0000
29.2750,62.8755,0.0000
29.3250,62.8755,0.0000
29.3750,62.8755,0.0000
29.4250,62.8755,0.0000
29.4750,62.8755,0.0000
29.5250,62.8755,0.0000
29.5750,62.8755,0.0000
29.6250,62.8755,0.0000
29.6750,62.8755,0.0000
29.7250,62.8755,0.0000
29.7750,62.8755,0.0000
29.8250,62.8755,0.0000
29.8750,62.8755,0.0000
29.9250,62.8755,0.0000
29.9750,62.8755,0.0000
30.0250,62.8755,0.0000
30.0750,62.8755,0.0000
30.1250,62.8755,0.0000
30.1750,62.8755,0.0000
30.2250,62.8755,0.0000
30.2750,62.8755,0.0000
30.3250,62.8755,0.0000
30.3750,62.8755,0.0000
30.4250,62.8755,0.0000
30.4750,62.8755,0.0000
30.5250,62.8755,0.0000
30.5750,62.8755,0.0000
30.6250,62.8755,0.0000
30.6750,62.8755,0.0000
30.7250,62.8755,0.0000
30.7750,62.8755,0.0000
30.8250,62.8755,0.0000
30.8750,62.8755,0.0000
30.9250,62.8755,0.0000
30.9750,62.8755,0.0000
31.0250,62.8755,0.0000
31.0750,62.8755,0.0000
31.1250,62.8755,0.0000
31.1750,62.8755,0.0000
31.2250,62.8755,0.0000
31.2750,62.8755,0.0000
31.3250,62.8755,0.0000
31.3750,62.8755,0.0000
31.4250,62.8755,0.0000
31.4750,62.8755,0.0000
31.5250,62.8755,0.0000
31.5750,62.8755,0.0000
21.0750,62.8255,0.0093
21.1250,62.8255,0.0093
21.1750,62.8255,0.0093
21.2250,62.8255,0.0091
21.2750,62.8255,0.0090
21.3250,62.8255,0.0090
21.3750,62.8255,0.0086
21.4250,62.8255,0.0086
21.4750,62.8255,0.0083
21.5250,62.8255,0.0083
21.5750,62.8255,0.0081
21.6250,62.8255,0.0081
21.6750,62.8255,0.0079
21.7250,62.8255,0.0079
21.7750,62.8255,0.0079
21.8250,62.8255,0.0077
21.8750,62.8255,0.0077
21.9250,62.8255,0.0074
21.9750,62.8255,0.0074
22.0250,62.8255,0.0072
22.0750,62.8255,0.0072
22.1250,62.8255,0.0070
22.1750,62.8255,0.0069
22.2250,62.8255,0.0069
22.2750,62.8255,0.0067
22.3250,62.8255,0.0067
22.3750,62.8255,0.0065
22.4250,62.8255,0.0065
22.4750,62.8255,0.0064
22.5250,62.8255,0.0064
22.5750,62.8255,0.0063
22.6250,62.8255,0.0063
22.6750,62.8255,0.0063
22.7250,62.8255,0.0062
22.7750,62.8255,0.0062
22.8250,62.8255,0.0061
22.8750,62.8255,0.0061
22.9250,62.8255,0.0059
22.9750,62.8255,0.0059
23.0250,62.8255,0.0058
23.0750,62.8255,0.0057
23.1250,62.8255,0.0057
23.1750,62.8255,0.0056
23.2250,62.8255,0.0056
23.2750,62.8255,0.0054
23.3250,62.8255,0.0055
23.3750,62.8255,0.0054
23.4250,62.8255,0.0054
23.4750,62.8255,0.0054
23.5250,62.8255,0.0052
23.5750,62.8255,0.0053
23.6250,62.8255,0.0051
23.6750,62.8255,0.0052
23.7250,62.8255,0.0050
23.7750,62.8255,0.0050
23.8250,62.8255,0.0050
23.8750,62.8255,0.0000
23.9250,62.8255,0.0000
23.9750,62.8255,0.0000
24.0250,62.8255,0.0000
24.0750,62.8255,0.0000
24.1250,62.8255,0.0000
24.1750,62.8255,0.0000
24.2250,62.8255,0.0000
24.2750,62.8255,0.0000
24.3250,62.8255,0.0000
24.3750,62.8255,0.0000
24.4250,62.8255,0.0000
24.4750,62.8255,0.0000
24.5250,62.8255,0.0000
24.5750,62.8255,0.0000
24.6250,62.8255,0.0000
24.6750,62.8255,0.0000
24.7250,62.8255,0.0000
24.7750,62.8255,0.0000
24.8250,62.8255,0.0000
24.8750,62.8255,0.0000
24.9250,62.8255,0.0000
24.9750,62.8255,0.0000
25.0250,62.8255,0.0000
25.0750,62.8255,0.0000
25.1250,62.8255,0.0000
25.1750,62.8255,0.0000
25.2250,62.8255,0.0000
25.2750,62.8255,0.0000
25.3250,62.8255,0.0000
25.3750,62.8255,0.0000
25.4250,62.8255,0.0000
25.4750,62.8255,0.0000
25.5250,62.8255,0.0000
25.5750,62.8255,0.0000
25.6250,62.8255,0.0000
25.6750,62.8255,0.0000
25.7250,62.8255,0.0000
25.7750,62.8255,0.0000
25.8250,62.8255,0.0000
25.8750,62.8255,0.0000
25.9250,62.8255,0.0000
25.9750,62.8255,0.0000
26.0250,62.8255,0.0000
26.0750,62.8255,0.0000
26.1250,62.8255,0.0000
26.1750,62.8255,0.0000
26.2250,62.8255,0.0000
26.2750,62.8255,0.0000
26.3250,62.8255,0.0000
26.3750,62.8255,0.0000
26.4250,62.8255,0.0000
26.4750,62.8255,0.0000
26.5250,62.8255,0.0000
26.5750,62.8255,0.0000
26.6250,62.8255,0.0000
26.6750,62.8255,0.0000
26.7250,62.8255,0.0000
26.7750,62.8255,0.0000
26.8250,62.8255,0.0000
26.8750,62.8255,0.0000
26.9250,62.8255,0.0000
26.9750,62.8255,0.0000
27.0250,62.8255,0.0000
27.0750,62.8255,0.0000
27.1250,62.8255,0.0000
27.1750,62.8255,0.0000
27.2250,62.8255,0.0000
27.2750,62.8255,0.0000
27.3250,62.8255,0.0000
27.3750,62.8255,0.0000
27.4250,62.8255,0.0000
27.4750,62.8255,0.0000
27.5250,62.8255,0.0000
27.5750,62.8255,0.0000
27.6250,62.8255,0.0000
27.6750,62.8255,0.0000
27.7250,62.8255,0.0000
27.7750,62.8255,0.0000
27.8250,62.8255,0.0000
27.8750,62.8255,0.0000
27.9250,62.8255,0.0000
27.9750,62.8255,0.0000
28.0250,62.8255,0.0000
28.0750,62.8255,0.0000
28.1250,62.8255,0.0000
28.1750,62.8255,0.0000
28.2250,62.8255,0.0000
28.2750,62.8255,0.0000
28.3250,62.8255,0.0000
28.3750,62.8255,0.0000
28.4250,62.8255,0.0000
28.4750,62.8255,0.0000
28.5250,62.8255,0.0000
28.5750,62.8255,0.0000
28.6250,62.8255,0.0000
28.6750,62.8255,0.0000
28.7250,62.8255,0.0000
28.7750,62.8255,0.0000
28.8250,62.8255,0.0000
28.8750,62.8255,0.0000
28.9250,62.8255,0.0000
28.9750,62.8255,0.0000
29.0250,62.8255,0.0000
29.0750,62.8255,0.0000
29.1250,62.8255,0.0000
29.1750,62.8255,0.0000
29.2250,62.8255,0.0000
29.2750,62.8255,0.0000
29.3250,62.8255,0.0000
29.3750,62.8255,0.0000
29.4250,62.8255,0.0000
29.4750,62.8255,0.0000
29.5250,62.8255,0.0000
29.5750,62.8255,0.0000
29.6250,62.8255,0.0000
29.6750,62.8255,0.0000
29.7250,62.8255,0.0000
29.7750,62.8255,0.0000
29.8250,62.8255,0.0000
29.8750,62.8255,0.0000
29.9250,62.8255,0.0000
29.9750,62.8255,0.0000
30.0250,62.8255,0.0000
30.0750,62.8255,0.0000
30.1250,62.8255,0.0000
30.1750,62.8255,0.0000
30.2250,62.8255,0.0000
30.2750,62.8255,0.0000
30.3250,62.8255,0.0000
30.3750,62.8255,0.0000
30.4250,62.8255,0.0000
30.4750,62.8255,0.0000
30.5250,62.8255,0.0000
30.5750,62.8255,0.0000
30.6250,62.8255,0.0000
30.6750,62.8255,0.0000
30.7250,62.8255,0.0000
30.7750,62.8255,0.0000
30.8250,62.8255,0.0000
30.8750,62.8255,0.0000
30.9250,62.8255,0.0000
30.9750,62.8255,0.0000
31.0250,62.8255,0.0000
31.0750,62.8255,0.0000
31.1250,62.8255,0.0000
31.1750,62.8255,0.0000
31.2250,62.8255,0.0000
31.2750,62.8255,0.0000
31.3250,62.8255,0.0000
31.3750,62.8255,0.0000
31.4250,62.8255,0.0000
31.4750,62.8255,0.0000
31.5250,62.8255,0.0000
31.5750,62.8255,0.0000
21.0750,62.7755,0.0090
21.1250,62.7755,0.0090
21.1750,62.7755,0.0090
21.2250,62.7755,0.0090
21.2750,62.7755,0.0086
21.3250,62.7755,0.0086
21.3750,62.7755,0.0084
21.4250,62.7755,0.0084
21.4750,62.7755,0.0083
21.5250,62.7755,0.0081
21.5750,62.7755,0.0081
21.6250,62.7755,0.0079
21.6750,62.7755,0.0079
21.7250,62.7755,0.0076
21.7750,62.7755,0.0077
21.8250,62.7755,0.0074
21.8750,62.7755,0.0075
21.9250,62.7755,0.0073
21.9750,62.7755,0.0072
22.0250,62.7755,0.0072
22.0750,62.7755,0.0070
22.1250,62.7755,0.0070
22.1750,62.7755,0.0068
22.2250,62.7755,0.0067
22.2750,62.7755,0.0066
22.3250,62.7755,0.0065
22.3750,62.7755,0.0064
22.4250,62.7755,0.0064
22.4750,62.7755,0.0064
22.5250,62.7755,0.0062
22.5750,62.7755,0.0063
22.6250,62.7755,0.0061
22.6750,62.7755,0.0062
22.7250,62.7755,0.0060
22.7750,62.7755,0.0060
22.8250,62.7755,0.0060
22.8750,62.7755,0.0059
22.9250,62.7755,0.0059
22.9750,62.7755,0.0058
23.0250,62.7755,0.0058
23.0750,62.7755,0.0056
23.1250,62.7755,0.0056
23.1750,62.7755,0.0054
23.2250,62.7755,0.0054
23.2750,62.7755,0.0054
23.3250,62.7755,0.0053
23.3750,62.7755,0.0053
23.4250,62.7755,0.0052
23.4750,62.7755,0.0052
23.5250,62.7755,0.0051
23.5750,62.7755,0.0051
23.6250,62.7755,0.0051
23.6750,62.7755,0.0000
23.7250,62.7755,0.0050
23.7750,62.7755,0.0000
23.8250,62.7755,0.0000
23.8750,62.7755,0.0000
23.9250,62.7755,0.0000
23.9750,62.7755,0.0000
24.0250,62.7755,0.0000
24.0750,62.7755,0.0000
24.1250,62.7755,0.0000
24.1750,62.7755,0.0000
24.2250,62.7755,0.0000
24.2750,62.7755,0.0000
24.3250,62.7755,0.0000
24.3750,62.7755,0.0000
24.4250,62.7755,0.0000
24.4750,62.7755,0.0000
24.5250,62.7755,0.0000
24.5750,62.7755,0.0000
24.6250,62.7755,0.0000
24.6750,62.7755,0.0000
24.7250,62.7755,0.0000
24.7750,62.7755,0.0000
24.8250,62.7755,0.0000
24.8750,62.7755,0.0000
24.9250,62.7755,0.0000
24.9750,62.7755,0.0000
25.0250,62.7755,0.0000
25.0750,62.7755,0.0000
25.1250,62.7755,0.0000
25.1750,62.7755,0.0000
25.2250,62.7755,0.0000
25.2750,62.7755,0.0000
25.3250,62.7755,0.0000
25.3750,62.7755,0.0000
25.4250,62.7755,0.0000
25.4750,62.7755,0.0000
25.5250,62.7755,0.0000
25.5750,62.7755,0.0000
25.6250,62.7755,0.0000
25.6750,62.7755,0.0000
25.7250,62.7755,0.0000
25.7750,62.7755,0.0000
25.8250,62.7755,0.0000
25.8750,62.7755,0.0000
25.9250,62.7755,0.0000
25.9750,62.7755,0.0000
26.0250,62.7755,0.0000
26.0750,62.7755,0.0000
26.1250,62.7755,0.0000
26.1750,62.7755,0.0000
26.2250,62.7755,0.0000
26.2750,62.7755,0.0000
26.3250,62.7755,0.0000
26.3750,62.7755,0.0000
26.4250,62.7755,0.0000
26.4750,62.7755,0.0000
26.5250,62.7755,0.0000
26.5750,62.7755,0.0000
26.6250,62.7755,0.0000
26.6750,62.7755,0.0000
26.7250,62.7755,0.0000
26.7750,62.7755,0.0000
26.8250,62.7755,0.0000
26.8750,62.7755,0.0000
26.9250,62.7755,0.0000
26.9750,62.7755,0.0000
27.0250,62.7755,0.0000
27.0750,62.7755,0.0000
27.1250,62.7755,0.0000
27.1750,62.7755,0.0000
27.2250,62.7755,0.0000
27.2750,62.7755,0.0000
27.3250,62.7755,0.0000
27.3750,62.7755,0.0000
27.4250,62.7755,0.0000
27.4750,62.7755,0.0000
27.5250,62.7755,0.0000
27.5750,62.7755,0.0000
27.6250,62.7755,0.0000
27.6750,62.7755,0.0000
27.7250,62.7755,0.0000
27.7750,62.7755,0.0000
27.8250,62.7755,0.0000
27.8750,62.7755,0.0000
27.9250,62.7755,0.0000
27.9750,62.7755,0.0000
28.0250,62.7755,0.0000
28.0750,62.7755,0.0000
28.1250,62.7755,0.0000
28.1750,62.7755,0.0000
28.2250,62.7755,0.0000
28.2750,62.7755,0.0000
28.3250,62.7755,0.0000
28.3750,62.7755,0.0000
28.4250,62.7755,0.0000
28.4750,62.7755,0.0000
28.5250,62.7755,0.0000
28.5750,62.7755,0.0000
28.6250,62.7755,0.0000
28.6750,62.7755,0.0000
28.7250,62.7755,0.0000
28.7750,62.7755,0.0000
28.8250,62.7755,0.0000
28.8750,62.7755,0.0000
28.9250,62.7755,0.0000
28.9750,62.7755,0.0000
29.0250,62.7755,0.0000
29.0750,62.7755,0.0000
29.1250,62.7755,0.0000
29.1750,62.7755,0.0000
29.2250,62.7755,0.0000
29.2750,62.7755,0.0000
29.3250,62.7755,0.0000
29.3750,62.7755,0.0000
29.4250,62.7755,0.0000
29.4750,62.7755,0.0000
29.5250,62.7755,0.0000
29.5750,62.7755,0.0000
29.6250,62.7755,0.0000
29.6750,62.7755,0.0000
29.7250,62.7755,0.0000
29.7750,62.7755,0.0000
29.8250,62.7755,0.0000
29.8750,62.7755,0.0000
29.9250,62.7755,0.0000
29.9750,62.7755,0.0000
30.0250,62.7755,0.0000
30.0750,62.7755,0.0000
30.1250,62.7755,0.0000
30.1750,62.7755,0.0000
30.2250,62.7755,0.0000
30.2750,62.7755,0.0000
30.3250,62.7755,0.0000
30.3750,62.7755,0.0000
30.4250,62.7755,0.0000
30.4750,62.7755,0.0000
30.5250,62.7755,0.0000
30.5750,62.7755,0.0000
30.6250,62.7755,0.0000
30.6750,62.7755,0.0000
30.7250,62.7755,0.0000
30.7750,62.7755,0.0000
30.8250,62.7755,0.0000
30.8750,62.7755,0.0000
30.9250,62.7755,0.0000
30.9750,62.7755,0.0000
31.0250,62.7755,0.0000
31.0750,62.7755,0.0000
31.1250,62.7755,0.0000
31.1750,62.7755,0.0000
31.2250,62.7755,0.0000
31.2750,62.7755,0.0000
31.3250,62.7755,0.0000
31.3750,62.7755,0.0000
31.4250,62.7755,0.0000
31.4750,62.7755,0.0000
31.5250,62.7755,0.0000
31.5750,62.7755,0.0000
21.0250,62.7255,0.0090
21.0750,62.7255,0.0090
21.1250,62.7255,0.0090
21.1750,62.7255,0.0086
21.2250,62.7255,0.0086
21.2750,62.7255,0.0086
21.3250,62.7255,0.0084
21.3750,62.7255,0.0084
21.4250,62.7255,0.0082
21.4750,62.7255,0.0082
21.5250,62.7255,0.0079
21.5750,62.7255,0.0079
21.6250,62.7255,0.0077
21.6750,62.7255,0.0077
21.7250,62.7255,0.0076
21.7750,62.7255,0.0074
21.8250,62.7255,0.0074
21.8750,62.7255,0.0072
21.9250,62.7255,0.0072
21.9750,62.7255,0.0070
22.0250,62.7255,0.0070
22.0750,62.7255,0.0067
22.1250,62.7255,0.0067
22.1750,62.7255,0.0068
22.2250,62.7255,0.0065
22.2750,62.7255,0.0066
22.3250,62.7255,0.0063
22.3750,62.7255,0.0063
22.4250,62.7255,0.0062
22.4750,62.7255,0.0062
22.5250,62.7255,0.0060
22.5750,62.7255,0.0060
22.6250,62.7255,0.0061
22.6750,62.7255,0.0059
22.7250,62.7255,0.0060
22.7750,62.7255,0.0058
22.8250,62.7255,0.0058
22.8750,62.7255,0.0057
22.9250,62.7255,0.0056
22.9750,62.7255,0.0056
23.0250,62.7255,0.0055
23.0750,62.7255,0.0056
23.1250,62.7255,0.0054
23.1750,62.7255,0.0054
23.2250,62.7255,0.0052
23.2750,62.7255,0.0052
23.3250,62.7255,0.0051
23.3750,62.7255,0.0051
23.4250,62.7255,0.0049
23.4750,62.7255,0.0000
23.5250,62.7255,0.0000
23.5750,62.7255,0.0000
23.6250,62.7255,0.0000
23.6750,62.7255,0.0000
23.7250,62.7255,0.0000
23.7750,62.7255,0.0000
23.8250,62.7255,0.0000
23.8750,62.7255,0.0000
23.9250,62.7255,0.0000
23.9750,62.7255,0.0000
24.0250,62.7255,0.0000
24.0750,62.7255,0.0000
24.1250,62.7255,0.0000
24.1750,62.7255,0.0000
24.2250,62.7255,0.0000
24.2750,62.7255,0.0000
24.3250,62.7255,0.0000
24.3750,62.7255,0.0000
24.4250,62.7255,0.0000
24.4750,62.7255,0.0000
24.5250,62.7255,0.0000
24.5750,62.7255,0.0000
24.6250,62.7255,0.0000
24.6750,62.7255,0.0000
24.7250,62.7255,0.0000
24.7750,62.7255,0.0000
24.8250,62.7255,0.0000
24.8750,62.7255,0.0000
24.9250,62.7255,0.0000
24.9750,62.7255,0.0000
25.0250,62.7255,0.0000
25.0750,62.7255,0.0000
25.1250,62.7255,0.0000
25.1750,62.7255,0.0000
25.2250,62.7255,0.0000
25.2750,62.7255,0.0000
25.3250,62.7255,0.0000
25.3750,62.7255,0.0000
25.4250,62.7255,0.0000
25.4750,62.7255,0.0000
25.5250,62.7255,0.0000
25.5750,62.7255,0.0000
25.6250,62.7255,0.0000
25.6750,62.7255,0.0000
25.7250,62.7255,0.0000
25.7750,62.7255,0.0000
25.8250,62.7255,0.0000
25.8750,62.7255,0.0000
25.9250,62.7255,0.0000
25.9750,62.7255,0.0000
26.0250,62.7255,0.0000
26.0750,62.7255,0.0000
26.1250,62.7255,0.0000
26.1750,62.7255,0.0000
26.2250,62.7255,0.0000
26.2750,62.7255,0.0000
26.3250,62.7255,0.0000
26.3750,62.7255,0.0000
26.4250,62.7255,0.0000
26.4750,62.7255,0.0000
26.5250,62.7255,0.0000
26.5750,62.7255,0.0000
26.6250,62.7255,0.0000
26.6750,62.7255,0.0000
26.7250,62.7255,0.0000
26.7750,62.7255,0.0000
26.8250,62.7255,0.0000
26.8750,62.7255,0.0000
26.9250,62.7255,0.0000
26.9750,62.7255,0.0000
27.0250,62.7255,0.0000
27.0750,62.7255,0.0000
27.1250,62.7255,0.0000
27.1750,62.7255,0.0000
27.2250,62.7255,0.0000
27.2750,62.7255,0.0000
27.3250,62.7255,0.0000
27.3750,62.7255,0.0000
27.4250,62.7255,0.0000
27.4750,62.7255,0.0000
27.5250,62.7255,0.0000
27.5750,62.7255,0.0000
27.6250,62.7255,0.0000
27.6750,62.7255,0.0000
27.7250,62.7255,0.0000
27.7750,62.7255,0.0000
27.8250,62.7255,0.0000
27.8750,62.7255,0.0000
27.9250,62.7255,0.0000
27.9750,62.7255,0.0000
28.0250,62.7255,0.0000
28.0750,62.7255,0.0000
28.1250,62.7255,0.0000
28.1750,62.7255,0.0000
28.2250,62.7255,0.0000
28.2750,62.7255,0.0000
28.3250,62.7255,0.0000
28.3750,62.7255,0.0000
28.4250,62.7255,0.0000
28.4750,62.7255,0.0000
28.5250,62.7255,0.0000
28.5750,62.7255,0.0000
28.6250,62.7255,0.0000
28.6750,62.7255,0.0000
28.7250,62.7255,0.0000
28.7750,62.7255,0.0000
28.8250,62.7255,0.0000
28.8750,62.7255,0.0000
28.9250,62.7255,0.0000
28.9750,62.7255,0.0000
29.0250,62.7255,0.0000
29.0750,62.7255,0.0000
29.1250,62.7255,0.0000
29.1750,62.7255,0.0000
29.2250,62.7255,0.0000
29.2750,62.7255,0.0000
29.3250,62.7255,0.0000
29.3750,62.7255,0.0000
29.4250,62.7255,0.0000
29.4750,62.7255,0.0000
29.5250,62.7255,0.0000
29.5750,62.7255,0.0000
29.6250,62.7255,0.0000
29.6750,62.7255,0.0000
29.7250,62.7255,0.0000
29.7750,62.7255,0.0000
29.8250,62.7255,0.0000
29.8750,62.7255,0.0000
29.9250,62.7255,0.0000
29.9750,62.7255,0.0000
30.0250,62.7255,0.0000
30.0750,62.7255,0.0000
30.1250,62.7255,0.0000
30.1750,62.7255,0.0000
30.2250,62.7255,0.0000
30.2750,62.7255,0.0000
30.3250,62.7255,0.0000
30.3750,62.7255,0.0000
30.4250,62.7255,0.0000
30.4750,62.7255,0.0000
30.5250,62.7255,0.0000
30.5750,62.7255,0.0000
30.6250,62.7255,0.0000
30.6750,62.7255,0.0000
30.7250,62.7255,0.0000
30.7750,62.7255,0.0000
30.8250,62.7255,0.0000
30.8750,62.7255,0.0000
30.9250,62.7255,0.0000
30.9750,62.7255,0.0000
31.0250,62.7255,0.0000
31.0750,62.7255,0.0000
31.1250,62.7255,0.0000
31.1750,62.7255,0.0000
31.2250,62.7255,0.0000
31.2750,62.7255,0.0000
31.3250,62.7255,0.0000
31.3750,62.7255,0.0000
31.4250,62.7255,0.0000
31.4750,62.7255,0.0000
31.5250,62.7255,0.0000
31.5750,62.7255,0.0000
21.0750,62.6755,0.0090
21.1250,62.6755,0.0087
21.1750,62.6755,0.0086
21.2250,62.6755,0.0084
21.2750,62.6755,0.0084
21.3250,62.6755,0.0082
21.3750,62.6755,0.0081
21.4250,62.6755,0.0081
21.4750,62.6755,0.0079
21.5250,62.6755,0.0079
21.5750,62.6755,0.0077
21.6250,62.6755,0.0077
21.6750,62.6755,0.0074
21.7250,62.6755,0.0074
21.7750,62.6755,0.0073
21.8250,62.6755,0.0072
21.8750,62.6755,0.0071
21.9250,62.6755,0.0070
21.9750,62.6755,0.0070
22.0250,62.6755,0.0067
22.0750,62.6755,0.0067
22.1250,62.6755,0.0065
22.1750,62.6755,0.0065
22.2250,62.6755,0.0064
22.2750,62.6755,0.0064
22.3250,62.6755,0.0063
22.3750,62.6755,0.0062
22.4250,62.6755,0.0062
22.4750,62.6755,0.0061
22.5250,62.6755,0.0061
22.5750,62.6755,0.0059
22.6250,62.6755,0.0059
22.6750,62.6755,0.0058
22.7250,62.6755,0.0058
22.7750,62.6755,0.0058
22.8250,62.6755,0.0057
22.8750,62.6755,0.0057
22.9250,62.6755,0.0055
22.9750,62.6755,0.0055
23.0250,62.6755,0.0054
23.0750,62.6755,0.0054
23.1250,62.6755,0.0053
23.1750,62.6755,0.0053
23.2250,62.6755,0.0052
23.2750,62.6755,0.0051
23.3250,62.6755,0.0051
23.3750,62.6755,0.0000
23.4250,62.6755,0.0000
23.4750,62.6755,0.0000
23.5250,62.6755,0.0000
23.5750,62.6755,0.0000
23.6250,62.6755,0.0000
23.6750,62.6755,0.0000
23.7250,62.6755,0.0000
23.7750,62.6755,0.0000
23.8250,62.6755,0.0000
23.8750,62.6755,0.0000
23.9250,62.6755,0.0000
23.9750,62.6755,0.0000
24.0250,62.6755,0.0000
24.0750,62.6755,0.0000
24.1250,62.6755,0.0000
24.1750,62.6755,0.0000
24.2250,62.6755,0.0000
24.2750,62.6755,0.0000
24.3250,62.6755,0.0000
24.3750,62.6755,0.0000
24.4250,62.6755,0.0000
24.4750,62.6755,0.0000
24.5250,62.6755,0.0000
24.5750,62.6755,0.0000
24.6250,62.6755,0.0000
24.6750,62.6755,0.0000
24.7250,62.6755,0.0000
24.7750,62.6755,0.0000
24.8250,62.6755,0.0000
24.8750,62.6755,0.0000
24.9250,62.6755,0.0000
24.9750,62.6755,0.0000
25.0250,62.6755,0.0000
25.0750,62.6755,0.0000
25.1250,62.6755,0.0000
25.1750,62.6755,0.0000
25.2250,62.6755,0.0000
25.2750,62.6755,0.0000
25.3250,62.6755,0.0000
25.3750,62.6755,0.0000
25.4250,62.6755,0.0000
25.4750,62.6755,0.0000
25.5250,62.6755,0.0000
25.5750,62.6755,0.0000
25.6250,62.6755,0.0000
25.6750,62.6755,0.0000
25.7250,62.6755,0.0000
25.7750,62.6755,0.0000
25.8250,62.6755,0.0000
25.8750,62.6755,0.0000
25.9250,62.6755,0.0000
25.9750,62.6755,0.0000
26.0250,62.6755,0.0000
26.0750,62.6755,0.0000
26.1250,62.6755,0.0000
26.1750,62.6755,0.0000
26.2250,62.6755,0.0000
26.2750,62.6755,0.0000
26.3250,62.6755,0.0000
26.3750,62.6755,0.0000
26.4250,62.6755,0.0000
26.4750,62.6755,0.0000
26.5250,62.6755,0.0000
26.5750,62.6755,0.0000
26.6250,62.6755,0.0000
26.6750,62.6755,0.0000
26.7250,62.6755,0.0000
26.7750,62.6755,0.0000
26.8250,62.6755,0.0000
26.8750,62.6755,0.0000
26.9250,62.6755,0.0000
26.9750,62.6755,0.0000
27.0250,62.6755,0.0000
27.0750,62.6755,0.0000
27.1250,62.6755,0.0000
27.1750,62.6755,0.0000
27.2250,62.6755,0.0000
27.2750,62.6755,0.0000
27.3250,62.6755,0.0000
27.3750,62.6755,0.0000
27.4250,62.6755,0.0000
27.4750,62.6755,0.0000
27.5250,62.6755,0.0000
27.5750,62.6755,0.0000
27.6250,62.6755,0.0000
27.6750,62.6755,0.0000
27.7250,62.6755,0.0000
27.7750,62.6755,0.0000
27.8250,62.6755,0.0000
27.8750,62.6755,0.0000
27.9250,62.6755,0.0000
27.9750,62.6755,0.0000
28.0250,62.6755,0.0000
28.0750,62.6755,0.0000
28.1250,62.6755,0.0000
28.1750,62.6755,0.0000
28.2250,62.6755,0.0000
28.2750,62.6755,0.0000
28.3250,62.6755,0.0000
28.3750,62.6755,0.0000
28.4250,62.6755,0.0000
28.4750,62.6755,0.0000
28.5250,62.6755,0.0000
28.5750,62.6755,0.0000
28.6250,62.6755,0.0000
28.6750,62.6755,0.0000
28.7250,62.6755,0.0000
28.7750,62.6755,0.0000
28.8250,62.6755,0.0000
28.8750,62.6755,0.0000
28.9250,62.6755,0.0000
28.9750,62.6755,0.0000
29.0250,62.6755,0.0000
29.0750,62.6755,0.0000
29.1250,62.6755,0.0000
29.1750,62.6755,0.0000
29.2250,62.6755,0.0000
29.2750,62.6755,0.0000
29.3250,62.6755,0.0000
29.3750,62.6755,0.0000
29.4250,62.6755,0.0000
29.4750,62.6755,0.0000
29.5250,62.6755,0.0000
29.5750,62.6755,0.0000
29.6250,62.6755,0.0000
29.6750,62.6755,0.0000
29.7250,62.6755,0.0000
29.7750,62.6755,0.0000
29.8250,62.6755,0.0000
29.8750,62.6755,0.0000
29.9250,62.6755,0.0000
29.9750,62.6755,0.0000
30.0250,62.6755,0.0000
30.0750,62.6755,0.0000
30.1250,62.6755,0.0000
30.1750,62.6755,0.0000
30.2250,62.6755,0.0000
30.2750,62.6755,0.0000
30.3250,62.6755,0.0000
30.3750,62.6755,0.0000
30.4250,62.6755,0.0000
30.4750,62.6755,0.0000
30.5250,62.6755,0.0000
30.5750,62.6755,0.0000
30.6250,62.6755,0.0000
30.6750,62.6755,0.0000
30.7250,62.6755,0.0000
30.7750,62.6755,0.0000
30.8250,62.6755,0.0000
30.8750,62.6755,0.0000
30.9250,62.6755,0.0000
30.9750,62.6755,0.0000
31.0250,62.6755,0.0000
31.0750,62.6755,0.0000
31.1250,62.6755,0.0000
31.1750,62.6755,0.0000
31.2250,62.6755,0.0000
31.2750,62.6755,0.0000
31.3250,62.6755,0.0000
31.3750,62.6755,0.0000
31.4250,62.6755,0.0000
31.4750,62.6755,0.0000
31.5250,62.6755,0.0000
31.5750,62.6755,0.0000
21.0750,62.6255,0.0086
21.1250,62.6255,0.0087
21.1750,62.6255,0.0084
21.2250,62.6255,0.0084
21.2750,62.6255,0.0082
21.3250,62.6255,0.0082
21.3750,62.6255,0.0079
21.4250,62.6255,0.0079
21.4750,62.6255,0.0077
21.5250,62.6255,0.0077
21.5750,62.6255,0.0076
21.6250,62.6255,0.0075
21.6750,62.6255,0.0074
21.7250,62.6255,0.0073
21.7750,62.6255,0.0073
21.8250,62.6255,0.0071
21.8750,62.6255,0.0070
21.9250,62.6255,0.0068
21.9750,62.6255,0.0068
22.0250,62.6255,0.0065
22.0750,62.6255,0.0065
22.1250,62.6255,0.0065
22.1750,62.6255,0.0064
22.2250,62.6255,0.0064
22.2750,62.6255,0.0063
22.3250,62.6255,0.0063
22.3750,62.6255,0.0061
22.4250,62.6255,0.0061
22.4750,62.6255,0.0060
22.5250,62.6255,0.0060
22.5750,62.6255,0.0059
22.6250,62.6255,0.0058
22.6750,62.6255,0.0058
22.7250,62.6255,0.0057
22.7750,62.6255,0.0057
22.8250,62.6255,0.0056
22.8750,62.6255,0.0055
22.9250,62.6255,0.0054
22.9750,62.6255,0.0054
23.0250,62.6255,0.0054
23.0750,62.6255,0.0053
23.1250,62.6255,0.0053
23.1750,62.6255,0.0051
23.2250,62.6255,0.0051
23.2750,62.6255,0.0000
23.3250,62.6255,0.0000
23.3750,62.6255,0.0000
23.4250,62.6255,0.0000
23.4750,62.6255,0.0000
23.5250,62.6255,0.0000
23.5750,62.6255,0.0000
23.6250,62.6255,0.0000
23.6750,62.6255,0.0000
23.7250,62.6255,0.0000
23.7750,62.6255,0.0000
23.8250,62.6255,0.0000
23.8750,62.6255,0.0000
23.9250,62.6255,0.0000
23.9750,62.6255,0.0000
24.0250,62.6255,0.0000
24.0750,62.6255,0.0000
24.1250,62.6255,0.0000
24.1750,62.6255,0.0000
24.2250,62.6255,0.0000
24.2750,62.6255,0.0000
24.3250,62.6255,0.0000
24.3750,62.6255,0.0000
24.4250,62.6255,0.0000
24.4750,62.6255,0.0000
24.5250,62.6255,0.0000
24.5750,62.6255,0.0000
24.6250,62.6255,0.0000
24.6750,62.6255,0.0000
24.7250,62.6255,0.0000
24.7750,62.6255,0.0000
24.8250,62.6255,0.0000
24.8750,62.6255,0.0000
24.9250,62.6255,0.0000
24.9750,62.6255,0.0000
25.0250,62.6255,0.0000
25.0750,62.6255,0.0000
25.1250,62.6255,0.0000
25.1750,62.6255,0.0000
25.2250,62.6255,0.0000
25.2750,62.6255,0.0000
25.3250,62.6255,0.0000
25.3750,62.6255,0.0000
25.4250,62.6255,0.0000
25.4750,62.6255,0.0000
25.5250,62.6255,0.0000
25.5750,62.6255,0.0000
25.6250,62.6255,0.0000
25.6750,62.6255,0.0000
25.7250,62.6255,0.0000
25.7750,62.6255,0.0000
25.8250,62.6255,0.0000
25.8750,62.6255,0.0000
25.9250,62.6255,0.0000
25.9750,62.6255,0.0000
26.0250,62.6255,0.0000
26.0750,62.6255,0.0000
26.1250,62.6255,0.0000
26.1750,62.6255,0.0000
26.2250,62.6255,0.0000
26.2750,62.6255,0.0000
26.3250,62.6255,0.0000
26.3750,62.6255,0.0000
26.4250,62.6255,0.0000
26.4750,62.6255,0.0000
26.5250,62.6255,0.0000
26.5750,62.6255,0.0000
26.6250,62.6255,0.0000
26.6750,62.6255,0.0000
26.7250,62.6255,0.0000
26.7750,62.6255,0.0000
26.8250,62.6255,0.0000
26.8750,62.6255,0.0000
26.9250,62.6255,0.0000
26.9750,62.6255,0.0000
27.0250,62.6255,0.0000
27.0750,62.6255,0.0000
27.1250,62.6255,0.0000
27.1750,62.6255,0.0000
27.2250,62.6255,0.0000
27.2750,62.6255,0.0000
27.3250,62.6255,0.0000
27.3750,62.6255,0.0000
27.4250,62.6255,0.0000
27.4750,62.6255,0.0000
27.5250,62.6255,0.0000
27.5750,62.6255,0.0000
27.6250,62.6255,0.0000
27.6750,62.6255,0.0000
27.7250,62.6255,0.0000
27.7750,62.6255,0.0000
27.8250,62.6255,0.0000
27.8750,62.6255,0.0000
27.9250,62.6255,0.0000
27.9750,62.6255,0.0000
28.0250,62.6255,0.0000
28.0750,62.6255,0.0000
28.1250,62.6255,0.0000
28.1750,62.6255,0.0000
28.2250,62.6255,0.0000
28.2750,62.6255,0.0000
28.3250,62.6255,0.0000
28.3750,62.6255,0.0000
28.4250,62.6255,0.0000
28.4750,62.6255,0.0000
28.5250,62.6255,0.0000
28.5750,62.6255,0.0000
28.6250,62.6255,0.0000
28.6750,62.6255,0.0000
28.7250,62.6255,0.0000
28.7750,62.6255,0.0000
28.8250,62.6255,0.0000
28.8750,62.6255,0.0000
28.9250,62.6255,0.0000
28.9750,62.6255,0.0000
29.0250,62.6255,0.0000
29.0750,62.6255,0.0000
29.1250,62.6255,0.0000
29.1750,62.6255,0.0000
29.2250,62.6255,0.0000
29.2750,62.6255,0.0000
29.3250,62.6255,0.0000
29.3750,62.6255,0.0000
29.4250,62.6255,0.0000
29.4750,62.6255,0.0000
29.5250,62.6255,0.0000
29.5750,62.6255,0.0000
29.6250,62.6255,0.0000
29.6750,62.6255,0.0000
29.7250,62.6255,0.0000
29.7750,62.6255,0.0000
29.8250,62.6255,0.0000
29.8750,62.6255,0.0000
29.9250,62.6255,0.0000
29.9750,62.6255,0.0000
30.0250,62.6255,0.0000
30.0750,62.6255,0.0000
30.1250,62.6255,0.0000
30.1750,62.6255,0.0000
30.2250,62.6255,0.0000
30.2750,62.6255,0.0000
30.3250,62.6255,0.0000
30.3750,62.6255,0.0000
30.4250,62.6255,0.0000
30.4750,62.6255,0.0000
30.5250,62.6255,0.0000
30.5750,62.6255,0.0000
30.6250,62.6255,0.0000
30.6750,62.6255,0.0000
30.7250,62.6255,0.0000
30.7750,62.6255,0.0000
30.8250,62.6255,0.0000
30.8750,62.6255,0.0000
30.9250,62.6255,0.0000
30.9750,62.6255,0.0000
31.0250,62.6255,0.0000
31.0750,62.6255,0.0000
31.1250,62.6255,0.0000
31.1750,62.6255,0.0000
31.2250,62.6255,0.0000
31.2750,62.6255,0.0000
31.3250,62.6255,0.0000
31.3750,62.6255,0.0000
31.4250,62.6255,0.0000
31.4750,62.6255,0.0000
31.5250,62.6255,0.0000
31.5750,62.6255,0.0000
21.0750,62.5755,0.0084
21.1250,62.5755,0.0084
21.1750,62.5755,0.0082
21.2250,62.5755,0.0082
21.2750,62.5755,0.0081
21.3250,62.5755,0.0080
21.3750,62.5755,0.0080
21.4250,62.5755,0.0077
21.4750,62.5755,0.0077
21.5250,62.5755,0.0075
21.5750,62.5755,0.0075
21.6250,62.5755,0.0073
21.6750,62.5755,0.0073
21.7250,62.5755,0.0071
21.7750,62.5755,0.0071
21.8250,62.5755,0.0071
21.8750,62.5755,0.0068
21.9250,62.5755,0.0068
21.9750,62.5755,0.0066
22.0250,62.5755,0.0066
22.0750,62.5755,0.0064
22.1250,62.5755,0.0064
22.1750,62.5755,0.0063
22.2250,62.5755,0.0063
22.2750,62.5755,0.0062
22.3250,62.5755,0.0061
22.3750,62.5755,0.0061
22.4250,62.5755,0.0060
22.4750,62.5755,0.0060
22.5250,62.5755,0.0059
22.5750,62.5755,0.0059
22.6250,62.5755,0.0057
22.6750,62.5755,0.0057
22.7250,62.5755,0.0056
22.7750,62.5755,0.0056
22.8250,62.5755,0.0056
22.8750,62.5755,0.0054
22.9250,62.5755,0.0054
22.9750,62.5755,0.0053
23.0250,62.5755,0.0053
23.0750,62.5755,0.0051
23.1250,62.5755,0.0051
23.1750,62.5755,0.0049
23.2250,62.5755,0.0000
23.2750,62.5755,0.0000
23.3250,62.5755,0.0000
23.3750,62.5755,0.0000
23.4250,62.5755,0.0000
23.4750,62.5755,0.0000
23.5250,62.5755,0.0000
23.5750,62.5755,0.0000
23.6250,62.5755,0.0000
23.6750,62.5755,0.0000
23.7250,62.5755,0.0000
23.7750,62.5755,0.0000
23.8250,62.5755,0.0000
23.8750,62.5755,0.0000
23.9250,62.5755,0.0000
23.9750,62.5755,0.0000
24.0250,62.5755,0.0000
24.0750,62.5755,0.0000
24.1250,62.5755,0.0000
24.1750,62.5755,0.0000
24.2250,62.5755,0.0000
24.2750,62.5755,0.0000
24.3250,62.5755,0.0000
24.3750,62.5755,0.0000
24.4250,62.5755,0.0000
24.4750,62.5755,0.0000
24.5250,62.5755,0.0000
24.5750,62.5755,0.0000
24.6250,62.5755,0.0000
24.6750,62.5755,0.0000
24.7250,62.5755,0.0000
24.7750,62.5755,0.0000
24.8250,62.5755,0.0000
24.8750,62.5755,0.0000
24.9250,62.5755,0.0000
24.9750,62.5755,0.0000
25.0250,62.5755,0.0000
25.0750,62.5755,0.0000
25.1250,62.5755,0.0000
25.1750,62.5755,0.0000
25.2250,62.5755,0.0000
25.2750,62.5755,0.0000
25.3250,62.5755,0.0000
25.3750,62.5755,0.0000
25.4250,62.5755,0.0000
25.4750,62.5755,0.0000
25.5250,62.5755,0.0000
25.5750,62.5755,0.0000
25.6250,62.5755,0.0000
25.6750,62.5755,0.0000
25.7250,62.5755,0.0000
25.7750,62.5755,0.0000
25.8250,62.5755,0.0000
25.8750,62.5755,0.0000
25.9250,62.5755,0.0000
25.9750,62.5755,0.0000
26.0250,62.5755,0.0000
26.0750,62.5755,0.0000
26.1250,62.5755,0.0000
26.1750,62.5755,0.0000
26.2250,62.5755,0.0000
26.2750,62.5755,0.0000
26.3250,62.5755,0.0000
26.3750,62.5755,0.0000
26.4250,62.5755,0.0000
26.4750,62.5755,0.0000
26.5250,62.5755,0.0000
26.5750,62.5755,0.0000
26.6250,62.5755,0.0000
26.6750,62.5755,0.0000
26.7250,62.5755,0.0000
26.7750,62.5755,0.0000
26.8250,62.5755,0.0000
26.8750,62.5755,0.0000
26.9250,62.5755,0.0000
26.9750,62.5755,0.0000
27.0250,62.5755,0.0000
27.0750,62.5755,0.0000
27.1250,62.5755,0.0000
27.1750,62.5755,0.0000
27.2250,62.5755,0.0000
27.2750,62.5755,0.0000
27.3250,62.5755,0.0000
27.3750,62.5755,0.0000
27.4250,62.5755,0.0000
27.4750,62.5755,0.0000
27.5250,62.5755,0.0000
27.5750,62.5755,0.0000
27.6250,62.5755,0.0000
27.6750,62.5755,0.0000
27.7250,62.5755,0.0000
27.7750,62.5755,0.0000
27.8250,62.5755,0.0000
27.8750,62.5755,0.0000
27.9250,62.5755,0.0000
27.9750,62.5755,0.0000
28.0250,62.5755,0.0000
28.0750,62.5755,0.0000
28.1250,62.5755,0.0000
28.1750,62.5755,0.0000
28.2250,62.5755,0.0000
28.2750,62.5755,0.0000
28.3250,62.5755,0.0000
28.3750,62.5755,0.0000
28.4250,62.5755,0.0000
28.4750,62.5755,0.0000
28.5250,62.5755,0.0000
28.5750,62.5755,0.0000
28.6250,62.5755,0.0000
28.6750,62.5755,0.0000
28.7250,62.5755,0.0000
28.7750,62.5755,0.0000
28.8250,62.5755,0.0000
28.8750,62.5755,0.0000
28.9250,62.5755,0.0000
28.9750,62.5755,0.0000
29.0250,62.5755,0.0000
29.0750,62.5755,0.0000
29.1250,62.5755,0.0000
29.1750,62.5755,0.0000
29.2250,62.5755,0.0000
29.2750,62.5755,0.0000
29.3250,62.5755,0.0000
29.3750,62.5755,0.0000
29.4250,62.5755,0.0000
29.4750,62.5755,0.0000
29.5250,62.5755,0.0000
29.5750,62.5755,0.0000
29.6250,62.5755,0.0000
29.6750,62.5755,0.0000
29.7250,62.5755,0.0000
29.7750,62.5755,0.0000
29.8250,62.5755,0.0000
29.8750,62.5755,0.0000
29.9250,62.5755,0.0000
29.9750,62.5755,0.0000
30.0250,62.5755,0.0000
30.0750,62.5755,0.0000
30.1250,62.5755,0.0000
30.1750,62.5755,0.0000
30.2250,62.5755,0.0000
30.2750,62.5755,0.0000
30.3250,62.5755,0.0000
30.3750,62.5755,0.0000
30.4250,62.5755,0.0000
30.4750,62.5755,0.0000
30.5250,62.5755,0.0000
30.5750,62.5755,0.0000
30.6250,62.5755,0.0000
30.6750,62.5755,0.0000
30.7250,62.5755,0.0000
30.7750,62.5755,0.0000
30.8250,62.5755,0.0000
30.8750,62.5755,0.0000
30.9250,62.5755,0.0000
30.9750,62.5755,0.0000
31.0250,62.5755,0.0000
31.0750,62.5755,0.0000
31.1250,62.5755,0.0000
31.1750,62.5755,0.0000
31.2250,62.5755,0.0000
31.2750,62.5755,0.0000
31.3250,62.5755,0.0000
31.3750,62.5755,0.0000
31.4250,62.5755,0.0000
31.4750,62.5755,0.0000
31.5250,62.5755,0.0000
31.5750,62.5755,0.0000
21.0750,62.5255,0.0084
21.1250,62.5255,0.0084
21.1750,62.5255,0.0082
21.2250,62.5255,0.0080
21.2750,62.5255,0.0080
21.3250,62.5255,0.0078
21.3750,62.5255,0.0078
21.4250,62.5255,0.0076
21.4750,62.5255,0.0076
21.5250,62.5255,0.0075
21.5750,62.5255,0.0073
21.6250,62.5255,0.0073
21.6750,62.5255,0.0072
21.7250,62.5255,0.0071
21.7750,62.5255,0.0069
21.8250,62.5255,0.0069
21.8750,62.5255,0.0067
21.9250,62.5255,0.0067
21.9750,62.5255,0.0065
22.0250,62.5255,0.0065
22.0750,62.5255,0.0064
22.1250,62.5255,0.0063
22.1750,62.5255,0.0063
22.2250,62.5255,0.0062
22.2750,62.5255,0.0061
22.3250,62.5255,0.0060
22.3750,62.5255,0.0060
22.4250,62.5255,0.0059
22.4750,62.5255,0.0059
22.5250,62.5255,0.0059
22.5750,62.5255,0.0057
22.6250,62.5255,0.0057
22.6750,62.5255,0.0056
22.7250,62.5255,0.0056
22.7750,62.5255,0.0055
22.8250,62.5255,0.0055
22.8750,62.5255,0.0053
22.9250,62.5255,0.0053
22.9750,62.5255,0.0053
23.0250,62.5255,0.0051
23.0750,62.5255,0.0051
23.1250,62.5255,0.0000
23.1750,62.5255,0.0000
23.2250,62.5255,0.0000
23.2750,62.5255,0.0000
23.3250,62.5255,0.0000
23.3750,62.5255,0.0000
23.4250,62.5255,0.0000
23.4750,62.5255,0.0000
23.5250,62.5255,0.0000
23.5750,62.5255,0.0000
23.6250,62.5255,0.0000
23.6750,62.5255,0.0000
23.7250,62.5255,0.0000
23.7750,62.5255,0.0000
23.8250,62.5255,0.0000
23.8750,62.5255,0.0000
23.9250,62.5255,0.0000
23.9750,62.5255,0.0000
24.0250,62.5255,0.0000
24.0750,62.5255,0.0000
24.1250,62.5255,0.0000
24.1750,62.5255,0.0000
24.2250,62.5255,0.0000
24.2750,62.5255,0.0000
24.3250,62.5255,0.0000
24.3750,62.5255,0.0000
24.4250,62.5255,0.0000
24.4750,62.5255,0.0000
24.5250,62.5255,0.0000
24.5750,62.5255,0.0000
24.6250,62.5255,0.0000
24.6750,62.5255,0.0000
24.7250,62.5255,0.0000
24.7750,62.5255,0.0000
24.8250,62.5255,0.0000
24.8750,62.5255,0.0000
24.9250,62.5255,0.0000
24.9750,62.5255,0.0000
25.0250,62.5255,0.0000
25.0750,62.5255,0.0000
25.1250,62.5255,0.0000
25.1750,62.5255,0.0000
25.2250,62.5255,0.0000
25.2750,62.5255,0.0000
25.3250,62.5255,0.0000
25.3750,62.5255,0.0000
25.4250,62.5255,0.0000
25.4750,62.5255,0.0000
25.5250,62.5255,0.0000
25.5750,62.5255,0.0000
25.6250,62.5255,0.0000
25.6750,62.5255,0.0000
25.7250,62.5255,0.0000
25.7750,62.5255,0.0000
25.8250,62.5255,0.0000
25.8750,62.5255,0.0000
25.9250,62.5255,0.0000
25.9750,62.5255,0.0000
26.0250,62.5255,0.0000
26.0750,62.5255,0.0000
26.1250,62.5255,0.0000
26.1750,62.5255,0.0000
26.2250,62.5255,0.0000
26.2750,62.5255,0.0000
26.3250,62.5255,0.0000
26.3750,62.5255,0.0000
26.4250,62.5255,0.0000
26.4750,62.5255,0.0000
26.5250,62.5255,0.0000
26.5750,62.5255,0.0000
26.6250,62.5255,0.0000
26.6750,62.5255,0.0000
26.7250,62.5255,0.0000
26.7750,62.5255,0.0000
26.8250,62.5255,0.0000
26.8750,62.5255,0.0000
26.9250,62.5255,0.0000
26.9750,62.5255,0.0000
27.0250,62.5255,0.0000
27.0750,62.5255,0.0000
27.1250,62.5255,0.0000
27.1750,62.5255,0.0000
27.2250,62.5255,0.0000
27.2750,62.5255,0.0000
27.3250,62.5255,0.0000
27.3750,62.5255,0.0000
27.4250,62.5255,0.0000
27.4750,62.5255,0.0000
27.5250,62.5255,0.0000
27.5750,62.5255,0.0000
27.6250,62.5255,0.0000
27.6750,62.5255,0.0000
27.7250,62.5255,0.0000
27.7750,62.5255,0.0000
27.8250,62.5255,0.0000
27.8750,62.5255,0.0000
27.9250,62.5255,0.0000
27.9750,62.5255,0.0000
28.0250,62.5255,0.0000
28.0750,62.5255,0.0000
28.1250,62.5255,0.0000
28.1750,62.5255,0.0000
28.2250,62.5255,0.0000
28.2750,62.5255,0.0000
28.3250,62.5255,0.0000
28.3750,62.5255,0.0000
28.4250,62.5255,0.0000
28.4750,62.5255,0.0000
28.5250,62.5255,0.0000
28.5750,62.5255,0.0000
28.6250,62.5255,0.0000
28.6750,62.5255,0.0000
28.7250,62.5255,0.0000
28.7750,62.5255,0.0000
28.8250,62.5255,0.0000
28.8750,62.5255,0.0000
28.9250,62.5255,0.0000
28.9750,62.5255,0.0000
29.0250,62.5255,0.0000
29.0750,62.5255,0.0000
29.1250,62.5255,0.0000
29.1750,62.5255,0.0000
29.2250,62.5255,0.0000
29.2750,62.5255,0.0000
29.3250,62.5255,0.0000
29.3750,62.5255,0.0000
29.4250,62.5255,0.0000
29.4750,62.5255,0.0000
29.5250,62.5255,0.0000
29.5750,62.5255,0.0000
29.6250,62.5255,0.0000
29.6750,62.5255,0.0000
29.7250,62.5255,0.0000
29.7750,62.5255,0.0000
29.8250,62.5255,0.0000
29.8750,62.5255,0.0000
29.9250,62.5255,0.0000
29.9750,62.5255,0.0000
30.0250,62.5255,0.0000
30.0750,62.5255,0.0000
30.1250,62.5255,0.0000
30.1750,62.5255,0.0000
30.2250,62.5255,0.0000
30.2750,62.5255,0.0000
30.3250,62.5255,0.0000
30.3750,62.5255,0.0000
30.4250,62.5255,0.0000
30.4750,62.5255,0.0000
30.5250,62.5255,0.0000
30.5750,62.5255,0.0000
30.6250,62.5255,0.0000
30.6750,62.5255,0.0000
30.7250,62.5255,0.0000
30.7750,62.5255,0.0000
30.8250,62.5255,0.0000
30.8750,62.5255,0.0000
30.9250,62.5255,0.0000
30.9750,62.5255,0.0000
31.0250,62.5255,0.0000
31.0750,62.5255,0.0000
31.1250,62.5255,0.0000
31.1750,62.5255,0.0000
31.2250,62.5255,0.0000
31.2750,62.5255,0.0000
31.3250,62.5255,0.0000
31.3750,62.5255,0.0000
31.4250,62.5255,0.0000
31.4750,62.5255,0.0000
31.5250,62.5255,0.0000
31.5750,62.5255,0.0000
21.1250,62.4755,0.0083
21.1750,62.4755,0.0080
21.2250,62.4755,0.0080
21.2750,62.4755,0.0078
21.3250,62.4755,0.0078
21.3750,62.4755,0.0076
21.4250,62.4755,0.0076
21.4750,62.4755,0.0074
21.5250,62.4755,0.0074
21.5750,62.4755,0.0072
21.6250,62.4755,0.0072
21.6750,62.4755,0.0070
21.7250,62.4755,0.0070
21.7750,62.4755,0.0069
21.8250,62.4755,0.0067
21.8750,62.4755,0.0067
21.9250,62.4755,0.0065
21.9750,62.4755,0.0065
22.0250,62.4755,0.0063
22.0750,62.4755,0.0063
22.1250,62.4755,0.0062
22.1750,62.4755,0.0062
22.2250,62.4755,0.0061
22.2750,62.4755,0.0060
22.3250,62.4755,0.0060
22.3750,62.4755,0.0059
22.4250,62.4755,0.0059
22.4750,62.4755,0.0058
22.5250,62.4755,0.0058
22.5750,62.4755,0.0056
22.6250,62.4755,0.0056
22.6750,62.4755,0.0055
22.7250,62.4755,0.0055
22.7750,62.4755,0.0055
22.8250,62.4755,0.0053
22.8750,62.4755,0.0053
22.9250,62.4755,0.0052
22.9750,62.4755,0.0051
23.0250,62.4755,0.0002
23.0750,62.4755,0.0000
23.1250,62.4755,0.0000
23.1750,62.4755,0.0000
23.2250,62.4755,0.0000
23.2750,62.4755,0.0000
23.3250,62.4755,0.0000
23.3750,62.4755,0.0000
23.4250,62.4755,0.0000
23.4750,62.4755,0.0000
23.5250,62.4755,0.0000
23.5750,62.4755,0.0000
23.6250,62.4755,0.0000
23.6750,62.4755,0.0000
23.7250,62.4755,0.0000
23.7750,62.4755,0.0000
23.8250,62.4755,0.0000
23.8750,62.4755,0.0000
23.9250,62.4755,0.0000
23.9750,62.4755,0.0000
24.0250,62.4755,0.0000
24.0750,62.4755,0.0000
24.1250,62.4755,0.0000
24.1750,62.4755,0.0000
24.2250,62.4755,0.0000
24.2750,62.4755,0.0000
24.3250,62.4755,0.0000
24.3750,62.4755,0.0000
24.4250,62.4755,0.0000
24.4750,62.4755,0.0000
24.5250,62.4755,0.0000
24.5750,62.4755,0.0000
24.6250,62.4755,0.0000
24.6750,62.4755,0.0000
24.7250,62.4755,0.0000
24.7750,62.4755,0.0000
24.8250,62.4755,0.0000
24.8750,62.4755,0.0000
24.9250,62.4755,0.0000
24.9750,62.4755,0.0000
25.0250,62.4755,0.0000
25.0750,62.4755,0.0000
25.1250,62.4755,0.0000
25.1750,62.4755,0.0000
25.2250,62.4755,0.0000
25.2750,62.4755,0.0000
25.3250,62.4755,0.0000
25.3750,62.4755,0.0000
25.4250,62.4755,0.0000
25.4750,62.4755,0.0000
25.5250,62.4755,0.0000
25.5750,62.4755,0.0000
25.6250,62.4755,0.0000
25.6750,62.4755,0.0000
25.7250,62.4755,0.0000
25.7750,62.4755,0.0000
25.8250,62.4755,0.0000
25.8750,62.4755,0.0000
25.9250,62.4755,0.0000
25.9750,62.4755,0.0000
26.0250,62.4755,0.0000
26.0750,62.4755,0.0000
26.1250,62.4755,0.0000
26.1750,62.4755,0.0000
26.2250,62.4755,0.0000
26.2750,62.4755,0.0000
26.3250,62.4755,0.0000
26.3750,62.4755,0.0000
26.4250,62.4755,0.0000
26.4750,62.4755,0.0000
26.5250,62.4755,0.0000
26.5750,62.4755,0.0000
26.6250,62.4755,0.0000
26.6750,62.4755,0.0000
26.7250,62.4755,0.0000
26.7750,62.4755,0.0000
26.8250,62.4755,0.0000
26.8750,62.4755,0.0000
26.9250,62.4755,0.0000
26.9750,62.4755,0.0000
27.0250,62.4755,0.0000
27.0750,62.4755,0.0000
27.1250,62.4755,0.0000
27.1750,62.4755,0.0000
27.2250,62.4755,0.0000
27.2750,62.4755,0.0000
27.3250,62.4755,0.0000
27.3750,62.4755,0.0000
27.4250,62.4755,0.0000
27.4750,62.4755,0.0000
27.5250,62.4755,0.0000
27.5750,62.4755,0.0000
27.6250,62.4755,0.0000
27.6750,62.4755,0.0000
27.7250,62.4755,0.0000
27.7750,62.4755,0.0000
27.8250,62.4755,0.0000
27.8750,62.4755,0.0000
27.9250,62.4755,0.0000
27.9750,62.4755,0.0000
28.0250,62.4755,0.0000
28.0750,62.4755,0.0000
28.1250,62.4755,0.0000
28.1750,62.4755,0.0000
28.2250,62.4755,0.0000
28.2750,62.4755,0.0000
28.3250,62.4755,0.0000
28.3750,62.4755,0.0000
28.4250,62.4755,0.0000
28.4750,62.4755,0.0000
28.5250,62.4755,0.0000
28.5750,62.4755,0.0000
28.6250,62.4755,0.0000
28.6750,62.4755,0.0000
28.7250,62.4755,0.0000
28.7750,62.4755,0.0000
28.8250,62.4755,0.0000
28.8750,62.4755,0.0000
28.9250,62.4755,0.0000
28.9750,62.4755,0.0000
29.0250,62.4755,0.0000
29.0750,62.4755,0.0000
29.1250,62.4755,0.0000
29.1750,62.4755,0.0000
29.2250,62.4755,0.0000
29.2750,62.4755,0.0000
29.3250,62.4755,0.0000
29.3750,62.4755,0.0000
29.4250,62.4755,0.0000
29.4750,62.4755,0.0000
29.5250,62.4755,0.0000
29.5750,62.4755,0.0000
29.6250,62.4755,0.0000
29.6750,62.4755,0.0000
29.7250,62.4755,0.0000
29.7750,62.4755,0.0000
29.8250,62.4755,0.0000
29.8750,62.4755,0.0000
29.9250,62.4755,0.0000
29.9750,62.4755,0.0000
30.0250,62.4755,0.0000
30.0750,62.4755,0.0000
30.1250,62.4755,0.0000
30.1750,62.4755,0.0000
30.2250,62.4755,0.0000
30.2750,62.4755,0.0000
30.3250,62.4755,0.0000
30.3750,62.4755,0.0000
30.4250,62.4755,0.0000
30.4750,62.4755,0.0000
30.5250,62.4755,0.0000
30.5750,62.4755,0.0000
30.6250,62.4755,0.0000
30.6750,62.4755,0.0000
30.7250,62.4755,0.0000
30.7750,62.4755,0.0000
30.8250,62.4755,0.0000
30.8750,62.4755,0.0000
30.9250,62.4755,0.0000
30.9750,62.4755,0.0000
31.0250,62.4755,0.0000
31.0750,62.4755,0.0000
31.1250,62.4755,0.0000
31.1750,62.4755,0.0000
31.2250,62.4755,0.0000
31.2750,62.4755,0.0000
31.3250,62.4755,0.0000
31.3750,62.4755,0.0000
31.4250,62.4755,0.0000
31.4750,62.4755,0.0000
31.5250,62.4755,0.0000
31.5750,62.4755,0.0000
21.1250,62.4255,0.0077
21.1750,62.4255,0.0077
21.2250,62.4255,0.0078
21.2750,62.4255,0.0078
21.3250,62.4255,0.0076
21.3750,62.4255,0.0075
21.4250,62.4255,0.0074
21.4750,62.4255,0.0074
21.5250,62.4255,0.0072
21.5750,62.4255,0.0072
21.6250,62.4255,0.0070
21.6750,62.4255,0.0070
21.7250,62.4255,0.0068
21.7750,62.4255,0.0067
21.8250,62.4255,0.0066
21.8750,62.4255,0.0065
21.9250,62.4255,0.0065
21.9750,62.4255,0.0064
22.0250,62.4255,0.0064
22.0750,62.4255,0.0062
22.1250,62.4255,0.0062
22.1750,62.4255,0.0061
22.2250,62.4255,0.0061
22.2750,62.4255,0.0059
22.3250,62.4255,0.0059
22.3750,62.4255,0.0058
22.4250,62.4255,0.0058
22.4750,62.4255,0.0058
22.5250,62.4255,0.0056
22.5750,62.4255,0.0056
22.6250,62.4255,0.0055
22.6750,62.4255,0.0055
22.7250,62.4255,0.0053
22.7750,62.4255,0.0053
22.8250,62.4255,0.0052
22.8750,62.4255,0.0052
22.9250,62.4255,0.0052
22.9750,62.4255,0.0000
23.0250,62.4255,0.0000
23.0750,62.4255,0.0000
23.1250,62.4255,0.0000
23.1750,62.4255,0.0000
23.2250,62.4255,0.0000
23.2750,62.4255,0.0000
23.3250,62.4255,0.0000
23.3750,62.4255,0.0000
23.4250,62.4255,0.0000
23.4750,62.4255,0.0000
23.5250,62.4255,0.0000
23.5750,62.4255,0.0000
23.6250,62.4255,0.0000
23.6750,62.4255,0.0000
23.7250,62.4255,0.0000
23.7750,62.4255,0.0000
23.8250,62.4255,0.0000
23.8750,62.4255,0.0000
23.9250,62.4255,0.0000
23.9750,62.4255,0.0000
24.0250,62.4255,0.0000
24.0750,62.4255,0.0000
24.1250,62.4255,0.0000
24.1750,62.4255,0.0000
24.2250,62.4255,0.0000
24.2750,62.4255,0.0000
24.3250,62.4255,0.0000
24.3750,62.4255,0.0000
24.4250,62.4255,0.0000
24.4750,62.4255,0.0000
24.5250,62.4255,0.0000
24.5750,62.4255,0.0000
24.6250,62.4255,0.0000
24.6750,62.4255,0.0000
24.7250,62.4255,0.0000
24.7750,62.4255,0.0000
24.8250,62.4255,0.0000
24.8750,62.4255,0.0000
24.9250,62.4255,0.0000
24.9750,62.4255,0.0000
25.0250,62.4255,0.0000
25.0750,62.4255,0.0000
25.1250,62.4255,0.0000
25.1750,62.4255,0.0000
25.2250,62.4255,0.0000
25.2750,62.4255,0.0000
25.3250,62.4255,0.0000
25.3750,62.4255,0.0000
25.4250,62.4255,0.0000
25.4750,62.4255,0.0000
25.5250,62.4255,0.0000
25.5750,62.4255,0.0000
25.6250,62.4255,0.0000
25.6750,62.4255,0.0000
25.7250,62.4255,0.0000
25.7750,62.4255,0.0000
25.8250,62.4255,0.0000
25.8750,62.4255,0.0000
25.9250,62.4255,0.0000
25.9750,62.4255,0.0000
26.0250,62.4255,0.0000
26.0750,62.4255,0.0000
26.1250,62.4255,0.0000
26.1750,62.4255,0.0000
26.2250,62.4255,0.0000
26.2750,62.4255,0.0000
26.3250,62.4255,0.0000
26.3750,62.4255,0.0000
26.4250,62.4255,0.0000
26.4750,62.4255,0.0000
26.5250,62.4255,0.0000
26.5750,62.4255,0.0000
26.6250,62.4255,0.0000
26.6750,62.4255,0.0000
26.7250,62.4255,0.0000
26.7750,62.4255,0.0000
26.8250,62.4255,0.0000
26.8750,62.4255,0.0000
26.9250,62.4255,0.0000
26.9750,62.4255,0.0000
27.0250,62.4255,0.0000
27.0750,62.4255,0.0000
27.1250,62.4255,0.0000
27.1750,62.4255,0.0000
27.2250,62.4255,0.0000
27.2750,62.4255,0.0000
27.3250,62.4255,0.0000
27.3750,62.4255,0.0000
27.4250,62.4255,0.0000
27.4750,62.4255,0.0000
27.5250,62.4255,0.0000
27.5750,62.4255,0.0000
27.6250,62.4255,0.0000
27.6750,62.4255,0.0000
27.7250,62.4255,0.0000
27.7750,62.4255,0.0000
27.8250,62.4255,0.0000
27.8750,62.4255,0.0000
27.9250,62.4255,0.0000
27.9750,62.4255,0.0000
28.0250,62.4255,0.0000
28.0750,62.4255,0.0000
28.1250,62.4255,0.0000
28.1750,62.4255,0.0000
28.2250,62.4255,0.0000
28.2750,62.4255,0.0000
28.3250,62.4255,0.0000
28.3750,62.4255,0.0000
28.4250,62.4255,0.0000
28.4750,62.4255,0.0000
28.5250,62.4255,0.0000
28.5750,62.4255,0.0000
28.6250,62.4255,0.0000
28.6750,62.4255,0.0000
28.7250,62.4255,0.0000
28.7750,62.4255,0.0000
28.8250,62.4255,0.0000
28.8750,62.4255,0.0000
28.9250,62.4255,0.0000
28.9750,62.4255,0.0000
29.0250,62.4255,0.0000
29.0750,62.4255,0.0000
29.1250,62.4255,0.0000
29.1750,62.4255,0.0000
29.2250,62.4255,0.0000
29.2750,62.4255,0.0000
29.3250,62.4255,0.0000
29.3750,62.4255,0.0000
29.4250,62.4255,0.0000
29.4750,62.4255,0.0000
29.5250,62.4255,0.0000
29.5750,62.4255,0.0000
29.6250,62.4255,0.0000
29.6750,62.4255,0.0000
29.7250,62.4255,0.0000
29.7750,62.4255,0.0000
29.8250,62.4255,0.0000
29.8750,62.4255,0.0000
29.9250,62.4255,0.0000
29.9750,62.4255,0.0000
30.0250,62.4255,0.0000
30.0750,62.4255,0.0000
30.1250,62.4255,0.0000
30.1750,62.4255,0.0000
30.2250,62.4255,0.0000
30.2750,62.4255,0.0000
30.3250,62.4255,0.0000
30.3750,62.4255,0.0000
30.4250,62.4255,0.0000
30.4750,62.4255,0.0000
30.5250,62.4255,0.0000
30.5750,62.4255,0.0000
30.6250,62.4255,0.0000
30.6750,62.4255,0.0000
30.7250,62.4255,0.0000
30.7750,62.4255,0.0000
30.8250,62.4255,0.0000
30.8750,62.4255,0.0000
30.9250,62.4255,0.0000
30.9750,62.4255,0.0000
31.0250,62.4255,0.0000
31.0750,62.4255,0.0000
31.1250,62.4255,0.0000
31.1750,62.4255,0.0000
31.2250,62.4255,0.0000
31.2750,62.4255,0.0000
31.3250,62.4255,0.0000
31.3750,62.4255,0.0000
31.4250,62.4255,0.0000
31.4750,62.4255,0.0000
31.5250,62.4255,0.0000
31.5750,62.4255,0.0000
21.1750,62.3755,0.0077
21.2250,62.3755,0.0077
21.2750,62.3755,0.0077
21.3250,62.3755,0.0074
21.3750,62.3755,0.0074
21.4250,62.3755,0.0073
21.4750,62.3755,0.0072
21.5250,62.3755,0.0071
21.5750,62.3755,0.0070
21.6250,62.3755,0.0069
21.6750,62.3755,0.0068
21.7250,62.3755,0.0068
21.7750,62.3755,0.0066
21.8250,62.3755,0.0066
21.8750,62.3755,0.0064
21.9250,62.3755,0.0064
21.9750,62.3755,0.0063
22.0250,62.3755,0.0063
22.0750,62.3755,0.0061
22.1250,62.3755,0.0061
22.1750,62.3755,0.0060
22.2250,62.3755,0.0059
22.2750,62.3755,0.0059
22.3250,62.3755,0.0058
22.3750,62.3755,0.0058
22.4250,62.3755,0.0056
22.4750,62.3755,0.0057
22.5250,62.3755,0.0055
22.5750,62.3755,0.0055
22.6250,62.3755,0.0054
22.6750,62.3755,0.0053
22.7250,62.3755,0.0053
22.7750,62.3755,0.0052
22.8250,62.3755,0.0052
22.8750,62.3755,0.0051
22.9250,62.3755,0.0050
22.9750,62.3755,0.0000
23.0250,62.3755,0.0000
23.0750,62.3755,0.0000
23.1250,62.3755,0.0000
23.1750,62.3755,0.0000
23.2250,62.3755,0.0000
23.2750,62.3755,0.0000
23.3250,62.3755,0.0000
23.3750,62.3755,0.0000
23.4250,62.3755,0.0000
23.4750,62.3755,0.0000
23.5250,62.3755,0.0000
23.5750,62.3755,0.0000
23.6250,62.3755,0.0000
23.6750,62.3755,0.0000
23.7250,62.3755,0.0000
23.7750,62.3755,0.0000
23.8250,62.3755,0.0000
23.8750,62.3755,0.0000
23.9250,62.3755,0.0000
23.9750,62.3755,0.0000
24.0250,62.3755,0.0000
24.0750,62.3755,0.0000
24.1250,62.3755,0.0000
24.1750,62.3755,0.0000
24.2250,62.3755,0.0000
24.2750,62.3755,0.0000
24.3250,62.3755,0.0000
24.3750,62.3755,0.0000
24.4250,62.3755,0.0000
24.4750,62.3755,0.0000
24.5250,62.3755,0.0000
24.5750,62.3755,0.0000
24.6250,62.3755,0.0000
24.6750,62.3755,0.0000
24.7250,62.3755,0.0000
24.7750,62.3755,0.0000
24.8250,62.3755,0.0000
24.8750,62.3755,0.0000
24.9250,62.3755,0.0000
24.9750,62.3755,0.0000
25.0250,62.3755,0.0000
25.0750,62.3755,0.0000
25.1250,62.3755,0.0000
25.1750,62.3755,0.0000
25.2250,62.3755,0.0000
25.2750,62.3755,0.0000
25.3250,62.3755,0.0000
25.3750,62.3755,0.0000
25.4250,62.3755,0.0000
25.4750,62.3755,0.0000
25.5250,62.3755,0.0000
25.5750,62.3755,0.0000
25.6250,62.3755,0.0000
25.6750,62.3755,0.0000
25.7250,62.3755,0.0000
25.7750,62.3755,0.0000
25.8250,62.3755,0.0000
25.8750,62.3755,0.0000
25.9250,62.3755,0.0000
25.9750,62.3755,0.0000
26.0250,62.3755,0.0000
26.0750,62.3755,0.0000
26.1250,62.3755,0.0000
26.1750,62.3755,0.0000
26.2250,62.3755,0.0000
26.2750,62.3755,0.0000
26.3250,62.3755,0.0000
26.3750,62.3755,0.0000
26.4250,62.3755,0.0000
26.4750,62.3755,0.0000
26.5250,62.3755,0.0000
26.5750,62.3755,0.0000
26.6250,62.3755,0.0000
26.6750,62.3755,0.0000
26.7250,62.3755,0.0000
26.7750,62.3755,0.0000
26.8250,62.3755,0.0000
26.8750,62.3755,0.0000
26.9250,62.3755,0.0000
26.9750,62.3755,0.0000
27.0250,62.3755,0.0000
27.0750,62.3755,0.0000
27.1250,62.3755,0.0000
27.1750,62.3755,0.0000
27.2250,62.3755,0.0000
27.2750,62.3755,0.0000
27.3250,62.3755,0.0000
27.3750,62.3755,0.0000
27.4250,62.3755,0.0000
27.4750,62.3755,0.0000
27.5250,62.3755,0.0000
27.5750,62.3755,0.0000
27.6250,62.3755,0.0000
27.6750,62.3755,0.0000
27.7250,62.3755,0.0000
27.7750,62.3755,0.0000
27.8250,62.3755,0.0000
27.8750,62.3755,0.0000
27.9250,62.3755,0.0000
27.9750,62.3755,0.0000
28.0250,62.3755,0.0000
28.0750,62.3755,0.0000
28.1250,62.3755,0.0000
28.1750,62.3755,0.0000
28.2250,62.3755,0.0000
28.2750,62.3755,0.0000
28.3250,62.3755,0.0000
28.3750,62.3755,0.0000
28.4250,62.3755,0.0000
28.4750,62.3755,0.0000
28.5250,62.3755,0.0000
28.5750,62.3755,0.0000
28.6250,62.3755,0.0000
28.6750,62.3755,0.0000
28.7250,62.3755,0.0000
28.7750,62.3755,0.0000
28.8250,62.3755,0.0000
28.8750,62.3755,0.0000
28.9250,62.3755,0.0000
28.9750,62.3755,0.0000
29.0250,62.3755,0.0000
29.0750,62.3755,0.0000
29.1250,62.3755,0.0000
29.1750,62.3755,0.0000
29.2250,62.3755,0.0000
29.2750,62.3755,0.0000
29.3250,62.3755,0.0000
29.3750,62.3755,0.0000
29.4250,62.3755,0.0000
29.4750,62.3755,0.0000
29.5250,62.3755,0.0000
29.5750,62.3755,0.0000
29.6250,62.3755,0.0000
29.6750,62.3755,0.0000
29.7250,62.3755,0.0000
29.7750,62.3755,0.0000
29.8250,62.3755,0.0000
29.8750,62.3755,0.0000
29.9250,62.3755,0.0000
29.9750,62.3755,0.0000
30.0250,62.3755,0.0000
30.0750,62.3755,0.0000
30.1250,62.3755,0.0000
30.1750,62.3755,0.0000
30.2250,62.3755,0.0000
30.2750,62.3755,0.0000
30.3250,62.3755,0.0000
30.3750,62.3755,0.0000
30.4250,62.3755,0.0000
30.4750,62.3755,0.0000
30.5250,62.3755,0.0000
30.5750,62.3755,0.0000
30.6250,62.3755,0.0000
30.6750,62.3755,0.0000
30.7250,62.3755,0.0000
30.7750,62.3755,0.0000
30.8250,62.3755,0.0000
30.8750,62.3755,0.0000
30.9250,62.3755,0.0000
30.9750,62.3755,0.0000
31.0250,62.3755,0.0000
31.0750,62.3755,0.0000
31.1250,62.3755,0.0000
31.1750,62.3755,0.0000
31.2250,62.3755,0.0000
31.2750,62.3755,0.0000
31.3250,62.3755,0.0000
31.3750,62.3755,0.0000
31.4250,62.3755,0.0000
31.4750,62.3755,0.0000
31.5250,62.3755,0.0000
31.5750,62.3755,0.0000
21.1750,62.3255,0.0077
21.2250,62.3255,0.0077
21.2750,62.3255,0.0077
21.3250,62.3255,0.0074
21.3750,62.3255,0.0073
21.4250,62.3255,0.0073
21.4750,62.3255,0.0071
21.5250,62.3255,0.0071
21.5750,62.3255,0.0068
21.6250,62.3255,0.0068
21.6750,62.3255,0.0066
21.7250,62.3255,0.0066
21.7750,62.3255,0.0064
21.8250,62.3255,0.0064
21.8750,62.3255,0.0063
21.9250,62.3255,0.0063
21.9750,62.3255,0.0063
22.0250,62.3255,0.0061
22.0750,62.3255,0.0061
22.1250,62.3255,0.0059
22.1750,62.3255,0.0059
22.2250,62.3255,0.0058
22.2750,62.3255,0.0058
22.3250,62.3255,0.0056
22.3750,62.3255,0.0056
22.4250,62.3255,0.0056
22.4750,62.3255,0.0055
22.5250,62.3255,0.0055
22.5750,62.3255,0.0054
22.6250,62.3255,0.0054
22.6750,62.3255,0.0052
22.7250,62.3255,0.0052
22.7750,62.3255,0.0050
22.8250,62.3255,0.0050
22.8750,62.3255,0.0050
22.9250,62.3255,0.0000
22.9750,62.3255,0.0000
23.0250,62.3255,0.0000
23.0750,62.3255,0.0000
23.1250,62.3255,0.0000
23.1750,62.3255,0.0000
23.2250,62.3255,0.0000
23.2750,62.3255,0.0000
23.3250,62.3255,0.0000
23.3750,62.3255,0.0000
23.4250,62.3255,0.0000
23.4750,62.3255,0.0000
23.5250,62.3255,0.0000
23.5750,62.3255,0.0000
23.6250,62.3255,0.0000
23.6750,62.3255,0.0000
23.7250,62.3255,0.0000
23.7750,62.3255,0.0000
23.8250,62.3255,0.0000
23.8750,62.3255,0.0000
23.9250,62.3255,0.0000
23.9750,62.3255,0.0000
24.0250,62.3255,0.0000
24.0750,62.3255,0.0000
24.1250,62.3255,0.0000
24.1750,62.3255,0.0000
24.2250,62.3255,0.0000
24.2750,62.3255,0.0000
24.3250,62.3255,0.0000
24.3750,62.3255,0.0000
24.4250,62.3255,0.0000
24.4750,62.3255,0.0000
24.5250,62.3255,0.0000
24.5750,62.3255,0.0000
24.6250,62.3255,0.0000
24.6750,62.3255,0.0000
24.7250,62.3255,0.0000
24.7750,62.3255,0.0000
24.8250,62.3255,0.0000
24.8750,62.3255,0.0000
24.9250,62.3255,0.0000
24.9750,62.3255,0.0000
25.0250,62.3255,0.0000
25.0750,62.3255,0.0000
25.1250,62.3255,0.0000
25.1750,62.3255,0.0000
25.2250,62.3255,0.0000
25.2750,62.3255,0.0000
25.3250,62.3255,0.0000
25.3750,62.3255,0.0000
25.4250,62.3255,0.0000
25.4750,62.3255,0.0000
25.5250,62.3255,0.0000
25.5750,62.3255,0.0000
25.6250,62.3255,0.0000
25.6750,62.3255,0.0000
25.7250,62.3255,0.0000
25.7750,62.3255,0.0000
25.8250,62.3255,0.0000
25.8750,62.3255,0.0000
25.9250,62.3255,0.0000
25.9750,62.3255,0.0000
26.0250,62.3255,0.0000
26.0750,62.3255,0.0000
26.1250,62.3255,0.0000
26.1750,62.3255,0.0000
26.2250,62.3255,0.0000
26.2750,62.3255,0.0000
26.3250,62.3255,0.0000
26.3750,62.3255,0.0000
26.4250,62.3255,0.0000
26.4750,62.3255,0.0000
26.5250,62.3255,0.0000
26.5750,62.3255,0.0000
26.6250,62.3255,0.0000
26.6750,62.3255,0.0000
26.7250,62.3255,0.0000
26.7750,62.3255,0.0000
26.8250,62.3255,0.0000
26.8750,62.3255,0.0000
26.9250,62.3255,0.0000
26.9750,62.3255,0.0000
27.0250,62.3255,0.0000
27.0750,62.3255,0.0000
27.1250,62.3255,0.0000
27.1750,62.3255,0.0000
27.2250,62.3255,0.0000
27.2750,62.3255,0.0000
27.3250,62.3255,0.0000
27.3750,62.3255,0.0000
27.4250,62.3255,0.0000
27.4750,62.3255,0.0000
27.5250,62.3255,0.0000
27.5750,62.3255,0.0000
27.6250,62.3255,0.0000
27.6750,62.3255,0.0000
27.7250,62.3255,0.0000
27.7750,62.3255,0.0000
27.8250,62.3255,0.0000
27.8750,62.3255,0.0000
27.9250,62.3255,0.0000
27.9750,62.3255,0.0000
28.0250,62.3255,0.0000
28.0750,62.3255,0.0000
28.1250,62.3255,0.0000
28.1750,62.3255,0.0000
28.2250,62.3255,0.0000
28.2750,62.3255,0.0000
28.3250,62.3255,0.0000
28.3750,62.3255,0.0000
28.4250,62.3255,0.0000
28.4750,62.3255,0.0000
28.5250,62.3255,0.0000
28.5750,62.3255,0.0000
28.6250,62.3255,0.0000
28.6750,62.3255,0.0000
28.7250,62.3255,0.0000
28.7750,62.3255,0.0000
28.8250,62.3255,0.0000
28.8750,62.3255,0.0000
28.9250,62.3255,0.0000
28.9750,62.3255,0.0000
29.0250,62.3255,0.0000
29.0750,62.3255,0.0000
29.1250,62.3255,0.0000
29.1750,62.3255,0.0000
29.2250,62.3255,0.0000
29.2750,62.3255,0.0000
29.3250,62.3255,0.0000
29.3750,62.3255,0.0000
29.4250,62.3255,0.0000
29.4750,62.3255,0.0000
29.5250,62.3255,0.0000
29.5750,62.3255,0.0000
29.6250,62.3255,0.0000
29.6750,62.3255,0.0000
29.7250,62.3255,0.0000
29.7750,62.3255,0.0000
29.8250,62.3255,0.0000
29.8750,62.3255,0.0000
29.9250,62.3255,0.0000
29.9750,62.3255,0.0000
30.0250,62.3255,0.0000
30.0750,62.3255,0.0000
30.1250,62.3255,0.0000
30.1750,62.3255,0.0000
30.2250,62.3255,0.0000
30.2750,62.3255,0.0000
30.3250,62.3255,0.0000
30.3750,62.3255,0.0000
30.4250,62.3255,0.0000
30.4750,62.3255,0.0000
30.5250,62.3255,0.0000
30.5750,62.3255,0.0000
30.6250,62.3255,0.0000
30.6750,62.3255,0.0000
30.7250,62.3255,0.0000
30.7750,62.3255,0.0000
30.8250,62.3255,0.0000
30.8750,62.3255,0.0000
30.9250,62.3255,0.0000
30.9750,62.3255,0.0000
31.0250,62.3255,0.0000
31.0750,62.3255,0.0000
31.1250,62.3255,0.0000
31.1750,62.3255,0.0000
31.2250,62.3255,0.0000
31.2750,62.3255,0.0000
31.3250,62.3255,0.0000
31.3750,62.3255,0.0000
31.4250,62.3255,0.0000
31.4750,62.3255,0.0000
31.5250,62.3255,0.0000
31.5750,62.3255,0.0000
21.3250,62.2755,0.0071
21.3750,62.2755,0.0070
21.4250,62.2755,0.0070
21.4750,62.2755,0.0068
21.5250,62.2755,0.0068
21.5750,62.2755,0.0067
21.6250,62.2755,0.0065
21.6750,62.2755,0.0065
21.7250,62.2755,0.0064
21.7750,62.2755,0.0064
21.8250,62.2755,0.0062
21.8750,62.2755,0.0062
21.9250,62.2755,0.0061
21.9750,62.2755,0.0061
22.0250,62.2755,0.0060
22.0750,62.2755,0.0060
22.1250,62.2755,0.0059
22.1750,62.2755,0.0057
22.2250,62.2755,0.0058
22.2750,62.2755,0.0056
22.3250,62.2755,0.0056
22.3750,62.2755,0.0054
22.4250,62.2755,0.0055
22.4750,62.2755,0.0053
22.5250,62.2755,0.0053
22.5750,62.2755,0.0053
22.6250,62.2755,0.0051
22.6750,62.2755,0.0051
22.7250,62.2755,0.0000
22.7750,62.2755,0.0023
22.8250,62.2755,0.0000
22.8750,62.2755,0.0000
22.9250,62.2755,0.0000
22.9750,62.2755,0.0000
23.0250,62.2755,0.0000
23.0750,62.2755,0.0000
23.1250,62.2755,0.0000
23.1750,62.2755,0.0000
23.2250,62.2755,0.0000
23.2750,62.2755,0.0000
23.3250,62.2755,0.0000
23.3750,62.2755,0.0000
23.4250,62.2755,0.0000
23.4750,62.2755,0.0000
23.5250,62.2755,0.0000
23.5750,62.2755,0.0000
23.6250,62.2755,0.0000
23.6750,62.2755,0.0000
23.7250,62.2755,0.0000
23.7750,62.2755,0.0000
23.8250,62.2755,0.0000
23.8750,62.2755,0.0000
23.9250,62.2755,0.0000
23.9750,62.2755,0.0000
24.0250,62.2755,0.0000
24.0750,62.2755,0.0000
24.1250,62.2755,0.0000
24.1750,62.2755,0.0000
24.2250,62.2755,0.0000
24.2750,62.2755,0.0000
24.3250,62.2755,0.0000
24.3750,62.2755,0.0000
24.4250,62.2755,0.0000
24.4750,62.2755,0.0000
24.5250,62.2755,0.0000
24.5750,62.2755,0.0000
24.6250,62.2755,0.0000
24.6750,62.2755,0.0000
24.7250,62.2755,0.0000
24.7750,62.2755,0.0000
24.8250,62.2755,0.0000
24.8750,62.2755,0.0000
24.9250,62.2755,0.0000
24.9750,62.2755,0.0000
25.0250,62.2755,0.0000
25.0750,62.2755,0.0000
25.1250,62.2755,0.0000
25.1750,62.2755,0.0000
25.2250,62.2755,0.0000
25.2750,62.2755,0.0000
25.3250,62.2755,0.0000
25.3750,62.2755,0.0000
25.4250,62.2755,0.0000
25.4750,62.2755,0.0000
25.5250,62.2755,0.0000
25.5750,62.2755,0.0000
25.6250,62.2755,0.0000
25.6750,62.2755,0.0000
25.7250,62.2755,0.0000
25.7750,62.2755,0.0000
25.8250,62.2755,0.0000
25.8750,62.2755,0.0000
25.9250,62.2755,0.0000
25.9750,62.2755,0.0000
26.0250,62.2755,0.0000
26.0750,62.2755,0.0000
26.1250,62.2755,0.0000
26.1750,62.2755,0.0000
26.2250,62.2755,0.0000
26.2750,62.2755,0.0000
26.3250,62.2755,0.0000
26.3750,62.2755,0.0000
26.4250,62.2755,0.0000
26.4750,62.2755,0.0000
26.5250,62.2755,0.0000
26.5750,62.2755,0.0000
26.6250,62.2755,0.0000
26.6750,62.2755,0.0000
26.7250,62.2755,0.0000
26.7750,62.2755,0.0000
26.8250,62.2755,0.0000
26.8750,62.2755,0.0000
26.9250,62.2755,0.0000
26.9750,62.2755,0.0000
27.0250,62.2755,0.0000
27.0750,62.2755,0.0000
27.1250,62.2755,0.0000
27.1750,62.2755,0.0000
27.2250,62.2755,0.0000
27.2750,62.2755,0.0000
27.3250,62.2755,0.0000
27.3750,62.2755,0.0000
27.4250,62.2755,0.0000
27.4750,62.2755,0.0000
27.5250,62.2755,0.0000
27.5750,62.2755,0.0000
27.6250,62.2755,0.0000
27.6750,62.2755,0.0000
27.7250,62.2755,0.0000
27.7750,62.2755,0.0000
27.8250,62.2755,0.0000
27.8750,62.2755,0.0000
27.9250,62.2755,0.0000
27.9750,62.2755,0.0000
28.0250,62.2755,0.0000
28.0750,62.2755,0.0000
28.1250,62.2755,0.0000
28.1750,62.2755,0.0000
28.2250,62.2755,0.0000
28.2750,62.2755,0.0000
28.3250,62.2755,0.0000
28.3750,62.2755,0.0000
28.4250,62.2755,0.0000
28.4750,62.2755,0.0000
28.5250,62.2755,0.0000
28.5750,62.2755,0.0000
28.6250,62.2755,0.0000
28.6750,62.2755,0.0000
28.7250,62.2755,0.0000
28.7750,62.2755,0.0000
28.8250,62.2755,0.0000
28.8750,62.2755,0.0000
28.9250,62.2755,0.0000
28.9750,62.2755,0.0000
29.0250,62.2755,0.0000
29.0750,62.2755,0.0000
29.1250,62.2755,0.0000
29.1750,62.2755,0.0000
29.2250,62.2755,0.0000
29.2750,62.2755,0.0000
29.3250,62.2755,0.0000
29.3750,62.2755,0.0000
29.4250,62.2755,0.0000
29.4750,62.2755,0.0000
29.5250,62.2755,0.0000
29.5750,62.2755,0.0000
29.6250,62.2755,0.0000
29.6750,62.2755,0.0000
29.7250,62.2755,0.0000
29.7750,62.2755,0.0000
29.8250,62.2755,0.0000
29.8750,62.2755,0.0000
29.9250,62.2755,0.0000
29.9750,62.2755,0.0000
30.0250,62.2755,0.0000
30.0750,62.2755,0.0000
30.1250,62.2755,0.0000
30.1750,62.2755,0.0000
30.2250,62.2755,0.0000
30.2750,62.2755,0.0000
30.3250,62.2755,0.0000
30.3750,62.2755,0.0000
30.4250,62.2755,0.0000
30.4750,62.2755,0.0000
30.5250,62.2755,0.0000
30.5750,62.2755,0.0000
30.6250,62.2755,0.0000
30.6750,62.2755,0.0000
30.7250,62.2755,0.0000
30.7750,62.2755,0.0000
30.8250,62.2755,0.0000
30.8750,62.2755,0.0000
30.9250,62.2755,0.0000
30.9750,62.2755,0.0000
31.0250,62.2755,0.0000
31.0750,62.2755,0.0000
31.1250,62.2755,0.0000
31.1750,62.2755,0.0000
31.2250,62.2755,0.0000
31.2750,62.2755,0.0000
31.3250,62.2755,0.0000
31.3750,62.2755,0.0000
31.4250,62.2755,0.0000
31.4750,62.2755,0.0000
31.5250,62.2755,0.0000
31.5750,62.2755,0.0000
21.3750,62.2255,0.0068
21.4250,62.2255,0.0068
21.4750,62.2255,0.0068
21.5250,62.2255,0.0066
21.5750,62.2255,0.0066
21.6250,62.2255,0.0064
21.6750,62.2255,0.0064
21.7250,62.2255,0.0063
21.7750,62.2255,0.0063
21.8250,62.2255,0.0062
21.8750,62.2255,0.0061
21.9250,62.2255,0.0061
21.9750,62.2255,0.0060
22.0250,62.2255,0.0060
22.0750,62.2255,0.0058
22.1250,62.2255,0.0058
22.1750,62.2255,0.0057
22.2250,62.2255,0.0057
22.2750,62.2255,0.0056
22.3250,62.2255,0.0056
22.3750,62.2255,0.0054
22.4250,62.2255,0.0053
22.4750,62.2255,0.0053
22.5250,62.2255,0.0053
22.5750,62.2255,0.0052
22.6250,62.2255,0.0051
22.6750,62.2255,0.0051
22.7250,62.2255,0.0000
22.7750,62.2255,0.0000
22.8250,62.2255,0.0000
22.8750,62.2255,0.0000
22.9250,62.2255,0.0000
22.9750,62.2255,0.0000
23.0250,62.2255,0.0000
23.0750,62.2255,0.0000
23.1250,62.2255,0.0000
23.1750,62.2255,0.0000
23.2250,62.2255,0.0000
23.2750,62.2255,0.0000
23.3250,62.2255,0.0000
23.3750,62.2255,0.0000
23.4250,62.2255,0.0000
23.4750,62.2255,0.0000
23.5250,62.2255,0.0000
23.5750,62.2255,0.0000
23.6250,62.2255,0.0000
23.6750,62.2255,0.0000
23.7250,62.2255,0.0000
23.7750,62.2255,0.0000
23.8250,62.2255,0.0000
23.8750,62.2255,0.0000
23.9250,62.2255,0.0000
23.9750,62.2255,0.0000
24.0250,62.2255,0.0000
24.0750,62.2255,0.0000
24.1250,62.2255,0.0000
24.1750,62.2255,0.0000
24.2250,62.2255,0.0000
24.2750,62.2255,0.0000
24.3250,62.2255,0.0000
24.3750,62.2255,0.0000
24.4250,62.2255,0.0000
24.4750,62.2255,0.0000
24.5250,62.2255,0.0000
24.5750,62.2255,0.0000
24.6250,62.2255,0.0000
24.6750,62.2255,0.0000
24.7250,62.2255,0.0000
24.7750,62.2255,0.0000
24.8250,62.2255,0.0000
24.8750,62.2255,0.0000
24.9250,62.2255,0.0000
24.9750,62.2255,0.0000
25.0250,62.2255,0.0000
25.0750,62.2255,0.0000
25.1250,62.2255,0.0000
25.1750,62.2255,0.0000
25.2250,62.2255,0.0000
25.2750,62.2255,0.0000
25.3250,62.2255,0.0000
25.3750,62.2255,0.0000
25.4250,62.2255,0.0000
25.4750,62.2255,0.0000
25.5250,62.2255,0.0000
25.5750,62.2255,0.0000
25.6250,62.2255,0.0000
25.6750,62.2255,0.0000
25.7250,62.2255,0.0000
25.7750,62.2255,0.0000
25.8250,62.2255,0.0000
25.8750,62.2255,0.0000
25.9250,62.2255,0.0000
25.9750,62.2255,0.0000
26.0250,62.2255,0.0000
26.0750,62.2255,0.0000
26.1250,62.2255,0.0000
26.1750,62.2255,0.0000
26.2250,62.2255,0.0000
26.2750,62.2255,0.0000
26.3250,62.2255,0.0000
26.3750,62.2255,0.0000
26.4250,62.2255,0.0000
26.4750,62.2255,0.0000
26.5250,62.2255,0.0000
26.5750,62.2255,0.0000
26.6250,62.2255,0.0000
26.6750,62.2255,0.0000
26.7250,62.2255,0.0000
26.7750,62.2255,0.0000
26.8250,62.2255,0.0000
26.8750,62.2255,0.0000
26.9250,62.2255,0.0000
26.9750,62.2255,0.0000
27.0250,62.2255,0.0000
27.0750,62.2255,0.0000
27.1250,62.2255,0.0000
27.1750,62.2255,0.0000
27.2250,62.2255,0.0000
27.2750,62.2255,0.0000
27.3250,62.2255,0.0000
27.3750,62.2255,0.0000
27.4250,62.2255,0.0000
27.4750,62.2255,0.0000
27.5250,62.2255,0.0000
27.5750,62.2255,0.0000
27.6250,62.2255,0.0000
27.6750,62.2255,0.0000
27.7250,62.2255,0.0000
27.7750,62.2255,0.0000
27.8250,62.2255,0.0000
27.8750,62.2255,0.0000
27.9250,62.2255,0.0000
27.9750,62.2255,0.0000
28.0250,62.2255,0.0000
28.0750,62.2255,0.0000
28.1250,62.2255,0.0000
28.1750,62.2255,0.0000
28.2250,62.2255,0.0000
28.2750,62.2255,0.0000
28.3250,62.2255,0.0000
28.3750,62.2255,0.0000
28.4250,62.2255,0.0000
28.4750,62.2255,0.0000
28.5250,62.2255,0.0000
28.5750,62.2255,0.0000
28.6250,62.2255,0.0000
28.6750,62.2255,0.0000
28.7250,62.2255,0.0000
28.7750,62.2255,0.0000
28.8250,62.2255,0.0000
28.8750,62.2255,0.0000
28.9250,62.2255,0.0000
28.9750,62.2255,0.0000
29.0250,62.2255,0.0000
29.0750,62.2255,0.0000
29.1250,62.2255,0.0000
29.1750,62.2255,0.0000
29.2250,62.2255,0.0000
29.2750,62.2255,0.0000
29.3250,62.2255,0.0000
29.3750,62.2255,0.0000
29.4250,62.2255,0.0000
29.4750,62.2255,0.0000
29.5250,62.2255,0.0000
29.5750,62.2255,0.0000
29.6250,62.2255,0.0000
29.6750,62.2255,0.0000
29.7250,62.2255,0.0000
29.7750,62.2255,0.0000
29.8250,62.2255,0.0000
29.8750,62.2255,0.0000
29.9250,62.2255,0.0000
29.9750,62.2255,0.0000
30.0250,62.2255,0.0000
30.0750,62.2255,0.0000
30.1250,62.2255,0.0000
30.1750,62.2255,0.0000
30.2250,62.2255,0.0000
30.2750,62.2255,0.0000
30.3250,62.2255,0.0000
30.3750,62.2255,0.0000
30.4250,62.2255,0.0000
30.4750,62.2255,0.0000
30.5250,62.2255,0.0000
30.5750,62.2255,0.0000
30.6250,62.2255,0.0000
30.6750,62.2255,0.0000
30.7250,62.2255,0.0000
30.7750,62.2255,0.0000
30.8250,62.2255,0.0000
30.8750,62.2255,0.0000
30.9250,62.2255,0.0000
30.9750,62.2255,0.0000
31.0250,62.2255,0.0000
31.0750,62.2255,0.0000
31.1250,62.2255,0.0000
31.1750,62.2255,0.0000
31.2250,62.2255,0.0000
31.2750,62.2255,0.0000
31.3250,62.2255,0.0000
31.3750,62.2255,0.0000
31.4250,62.2255,0.0000
31.4750,62.2255,0.0000
31.5250,62.2255,0.0000
31.5750,62.2255,0.0000
21.2750,62.1755,0.0068
21.3250,62.1755,0.0068
21.3750,62.1755,0.0068
21.4250,62.1755,0.0067
21.4750,62.1755,0.0066
21.5250,62.1755,0.0066
21.5750,62.1755,0.0065
21.6250,62.1755,0.0065
21.6750,62.1755,0.0063
21.7250,62.1755,0.0063
21.7750,62.1755,0.0062
21.8250,62.1755,0.0062
21.8750,62.1755,0.0061
21.9250,62.1755,0.0060
21.9750,62.1755,0.0059
22.0250,62.1755,0.0059
22.0750,62.1755,0.0059
22.1250,62.1755,0.0058
22.1750,62.1755,0.0058
22.2250,62.1755,0.0056
22.2750,62.1755,0.0056
22.3250,62.1755,0.0055
22.3750,62.1755,0.0055
22.4250,62.1755,0.0053
22.4750,62.1755,0.0053
22.5250,62.1755,0.0052
22.5750,62.1755,0.0051
22.6250,62.1755,0.0051
22.6750,62.1755,0.0050
22.7250,62.1755,0.0050
22.7750,62.1755,0.0000
22.8250,62.1755,0.0000
22.8750,62.1755,0.0000
22.9250,62.1755,0.0000
22.9750,62.1755,0.0000
23.0250,62.1755,0.0000
23.0750,62.1755,0.0000
23.1250,62.1755,0.0000
23.1750,62.1755,0.0000
23.2250,62.1755,0.0000
23.2750,62.1755,0.0000
23.3250,62.1755,0.0000
23.3750,62.1755,0.0000
23.4250,62.1755,0.0000
23.4750,62.1755,0.0000
23.5250,62.1755,0.0000
23.5750,62.1755,0.0000
23.6250,62.1755,0.0000
23.6750,62.1755,0.0000
23.7250,62.1755,0.0000
23.7750,62.1755,0.0000
23.8250,62.1755,0.0000
23.8750,62.1755,0.0000
23.9250,62.1755,0.0000
23.9750,62.1755,0.0000
24.0250,62.1755,0.0000
24.0750,62.1755,0.0000
24.1250,62.1755,0.0000
24.1750,62.1755,0.0000
24.2250,62.1755,0.0000
24.2750,62.1755,0.0000
24.3250,62.1755,0.0000
24.3750,62.1755,0.0000
24.4250,62.1755,0.0000
24.4750,62.1755,0.0000
24.5250,62.1755,0.0000
24.5750,62.1755,0.0000
24.6250,62.1755,0.0000
24.6750,62.1755,0.0000
24.7250,62.1755,0.0000
24.7750,62.1755,0.0000
24.8250,62.1755,0.0000
24.8750,62.1755,0.0000
24.9250,62.1755,0.0000
24.9750,62.1755,0.0000
25.0250,62.1755,0.0000
25.0750,62.1755,0.0000
25.1250,62.1755,0.0000
25.1750,62.1755,0.0000
25.2250,62.1755,0.0000
25.2750,62.1755,0.0000
25.3250,62.1755,0.0000
25.3750,62.1755,0.0000
25.4250,62.1755,0.0000
25.4750,62.1755,0.0000
25.5250,62.1755,0.0000
25.5750,62.1755,0.0000
25.6250,62.1755,0.0000
25.6750,62.1755,0.0000
25.7250,62.1755,0.0000
25.7750,62.1755,0.0000
25.8250,62.1755,0.0000
25.8750,62.1755,0.0000
25.9250,62.1755,0.0000
25.9750,62.1755,0.0000
26.0250,62.1755,0.0000
26.0750,62.1755,0.0000
26.1250,62.1755,0.0000
26.1750,62.1755,0.0000
26.2250,62.1755,0.0000
26.2750,62.1755,0.0000
26.3250,62.1755,0.0000
26.3750,62.1755,0.0000
26.4250,62.1755,0.0000
26.4750,62.1755,0.0000
26.5250,62.1755,0.0000
26.5750,62.1755,0.0000
26.6250,62.1755,0.0000
26.6750,62.1755,0.0000
26.7250,62.1755,0.0000
26.7750,62.1755,0.0000
26.8250,62.1755,0.0000
26.8750,62.1755,0.0000
26.9250,62.1755,0.0000
26.9750,62.1755,0.0000
27.0250,62.1755,0.0000
27.0750,62.1755,0.0000
27.1250,62.1755,0.0000
27.1750,62.1755,0.0000
27.2250,62.1755,0.0000
27.2750,62.1755,0.0000
27.3250,62.1755,0.0000
27.3750,62.1755,0.0000
27.4250,62.1755,0.0000
27.4750,62.1755,0.0000
27.5250,62.1755,0.0000
27.5750,62.1755,0.0000
27.6250,62.1755,0.0000
27.6750,62.1755,0.0000
27.7250,62.1755,0.0000
27.7750,62.1755,0.0000
27.8250,62.1755,0.0000
27.8750,62.1755,0.0000
27.9250,62.1755,0.0000
27.9750,62.1755,0.0000
28.0250,62.1755,0.0000
28.0750,62.1755,0.0000
28.1250,62.1755,0.0000
28.1750,62.1755,0.0000
28.2250,62.1755,0.0000
28.2750,62.1755,0.0000
28.3250,62.1755,0.0000
28.3750,62.1755,0.0000
28.4250,62.1755,0.0000
28.4750,62.1755,0.0000
28.5250,62.1755,0.0000
28.5750,62.1755,0.0000
28.6250,62.1755,0.0000
28.6750,62.1755,0.0000
28.7250,62.1755,0.0000
28.7750,62.1755,0.0000
28.8250,62.1755,0.0000
28.8750,62.1755,0.0000
28.9250,62.1755,0.0000
28.9750,62.1755,0.0000
29.0250,62.1755,0.0000
29.0750,62.1755,0.0000
29.1250,62.1755,0.0000
29.1750,62.1755,0.0000
29.2250,62.1755,0.0000
29.2750,62.1755,0.0000
29.3250,62.1755,0.0000
29.3750,62.1755,0.0000
29.4250,62.1755,0.0000
29.4750,62.1755,0.0000
29.5250,62.1755,0.0000
29.5750,62.1755,0.0000
29.6250,62.1755,0.0000
29.6750,62.1755,0.0000
29.7250,62.1755,0.0000
29.7750,62.1755,0.0000
29.8250,62.1755,0.0000
29.8750,62.1755,0.0000
29.9250,62.1755,0.0000
29.9750,62.1755,0.0000
30.0250,62.1755,0.0000
30.0750,62.1755,0.0000
30.1250,62.1755,0.0000
30.1750,62.1755,0.0000
30.2250,62.1755,0.0000
30.2750,62.1755,0.0000
30.3250,62.1755,0.0000
30.3750,62.1755,0.0000
30.4250,62.1755,0.0000
30.4750,62.1755,0.0000
30.5250,62.1755,0.0000
30.5750,62.1755,0.0000
30.6250,62.1755,0.0000
30.6750,62.1755,0.0000
30.7250,62.1755,0.0000
30.7750,62.1755,0.0000
30.8250,62.1755,0.0000
30.8750,62.1755,0.0000
30.9250,62.1755,0.0000
30.9750,62.1755,0.0000
31.0250,62.1755,0.0000
31.0750,62.1755,0.0000
31.1250,62.1755,0.0000
31.1750,62.1755,0.0000
31.2250,62.1755,0.0000
31.2750,62.1755,0.0000
31.3250,62.1755,0.0000
31.3750,62.1755,0.0000
31.4250,62.1755,0.0000
31.4750,62.1755,0.0000
31.5250,62.1755,0.0000
31.5750,62.1755,0.0000
21.2750,62.1255,0.0068
21.3250,62.1255,0.0068
21.3750,62.1255,0.0068
21.4250,62.1255,0.0067
21.4750,62.1255,0.0066
21.5250,62.1255,0.0065
21.5750,62.1255,0.0064
21.6250,62.1255,0.0064
21.6750,62.1255,0.0063
21.7250,62.1255,0.0062
21.7750,62.1255,0.0062
21.8250,62.1255,0.0061
21.8750,62.1255,0.0061
21.9250,62.1255,0.0060
21.9750,62.1255,0.0059
22.0250,62.1255,0.0058
22.0750,62.1255,0.0058
22.1250,62.1255,0.0057
22.1750,62.1255,0.0056
22.2250,62.1255,0.0056
22.2750,62.1255,0.0055
22.3250,62.1255,0.0055
22.3750,62.1255,0.0054
22.4250,62.1255,0.0053
22.4750,62.1255,0.0053
22.5250,62.1255,0.0052
22.5750,62.1255,0.0051
22.6250,62.1255,0.0050
22.6750,62.1255,0.0008
22.7250,62.1255,0.0000
22.7750,62.1255,0.0000
22.8250,62.1255,0.0000
22.8750,62.1255,0.0000
22.9250,62.1255,0.0000
22.9750,62.1255,0.0000
23.0250,62.1255,0.0000
23.0750,62.1255,0.0000
23.1250,62.1255,0.0000
23.1750,62.1255,0.0000
23.2250,62.1255,0.0000
23.2750,62.1255,0.0000
23.3250,62.1255,0.0000
23.3750,62.1255,0.0000
23.4250,62.1255,0.0000
23.4750,62.1255,0.0000
23.5250,62.1255,0.0000
23.5750,62.1255,0.0000
23.6250,62.1255,0.0000
23.6750,62.1255,0.0000
23.7250,62.1255,0.0000
23.7750,62.1255,0.0000
23.8250,62.1255,0.0000
23.8750,62.1255,0.0000
23.9250,62.1255,0.0000
23.9750,62.1255,0.0000
24.0250,62.1255,0.0000
24.0750,62.1255,0.0000
24.1250,62.1255,0.0000
24.1750,62.1255,0.0000
24.2250,62.1255,0.0000
24.2750,62.1255,0.0000
24.3250,62.1255,0.0000
24.3750,62.1255,0.0000
24.4250,62.1255,0.0000
24.4750,62.1255,0.0000
24.5250,62.1255,0.0000
24.5750,62.1255,0.0000
24.6250,62.1255,0.0000
24.6750,62.1255,0.0000
24.7250,62.1255,0.0000
24.7750,62.1255,0.0000
24.8250,62.1255,0.0000
24.8750,62.1255,0.0000
24.9250,62.1255,0.0000
24.9750,62.1255,0.0000
25.0250,62.1255,0.0000
25.0750,62.1255,0.0000
25.1250,62.1255,0.0000
25.1750,62.1255,0.0000
25.2250,62.1255,0.0000
25.2750,62.1255,0.0000
25.3250,62.1255,0.0000
25.3750,62.1255,0.0000
25.4250,62.1255,0.0000
25.4750,62.1255,0.0000
25.5250,62.1255,0.0000
25.5750,62.1255,0.0000
25.6250,62.1255,0.0000
25.6750,62.1255,0.0000
25.7250,62.1255,0.0000
25.7750,62.1255,0.0000
25.8250,62.1255,0.0000
25.8750,62.1255,0.0000
25.9250,62.1255,0.0000
25.9750,62.1255,0.0000
26.0250,62.1255,0.0000
26.0750,62.1255,0.0000
26.1250,62.1255,0.0000
26.1750,62.1255,0.0000
26.2250,62.1255,0.0000
26.2750,62.1255,0.0000
26.3250,62.1255,0.0000
26.3750,62.1255,0.0000
26.4250,62.1255,0.0000
26.4750,62.1255,0.0000
26.5250,62.1255,0.0000
26.5750,62.1255,0.0000
26.6250,62.1255,0.0000
26.6750,62.1255,0.0000
26.7250,62.1255,0.0000
26.7750,62.1255,0.0000
26.8250,62.1255,0.0000
26.8750,62.1255,0.0000
26.9250,62.1255,0.0000
26.9750,62.1255,0.0000
27.0250,62.1255,0.0000
27.0750,62.1255,0.0000
27.1250,62.1255,0.0000
27.1750,62.1255,0.0000
27.2250,62.1255,0.0000
27.2750,62.1255,0.0000
27.3250,62.1255,0.0000
27.3750,62.1255,0.0000
27.4250,62.1255,0.0000
27.4750,62.1255,0.0000
27.5250,62.1255,0.0000
27.5750,62.1255,0.0000
27.6250,62.1255,0.0000
27.6750,62.1255,0.0000
27.7250,62.1255,0.0000
27.7750,62.1255,0.0000
27.8250,62.1255,0.0000
27.8750,62.1255,0.0000
27.9250,62.1255,0.0000
27.9750,62.1255,0.0000
28.0250,62.1255,0.0000
28.0750,62.1255,0.0000
28.1250,62.1255,0.0000
28.1750,62.1255,0.0000
28.2250,62.1255,0.0000
28.2750,62.1255,0.0000
28.3250,62.1255,0.0000
28.3750,62.1255,0.0000
28.4250,62.1255,0.0000
28.4750,62.1255,0.0000
28.5250,62.1255,0.0000
28.5750,62.1255,0.0000
28.6250,62.1255,0.0000
28.6750,62.1255,0.0000
28.7250,62.1255,0.0000
28.7750,62.1255,0.0000
28.8250,62.1255,0.0000
28.8750,62.1255,0.0000
28.9250,62.1255,0.0000
28.9750,62.1255,0.0000
29.0250,62.1255,0.0000
29.0750,62.1255,0.0000
29.1250,62.1255,0.0000
29.1750,62.1255,0.0000
29.2250,62.1255,0.0000
29.2750,62.1255,0.0000
29.3250,62.1255,0.0000
29.3750,62.1255,0.0000
29.4250,62.1255,0.0000
29.4750,62.1255,0.0000
29.5250,62.1255,0.0000
29.5750,62.1255,0.0000
29.6250,62.1255,0.0000
29.6750,62.1255,0.0000
29.7250,62.1255,0.0000
29.7750,62.1255,0.0000
29.8250,62.1255,0.0000
29.8750,62.1255,0.0000
29.9250,62.1255,0.0000
29.9750,62.1255,0.0000
30.0250,62.1255,0.0000
30.0750,62.1255,0.0000
30.1250,62.1255,0.0000
30.1750,62.1255,0.0000
30.2250,62.1255,0.0000
30.2750,62.1255,0.0000
30.3250,62.1255,0.0000
30.3750,62.1255,0.0000
30.4250,62.1255,0.0000
30.4750,62.1255,0.0000
30.5250,62.1255,0.0000
30.5750,62.1255,0.0000
30.6250,62.1255,0.0000
30.6750,62.1255,0.0000
30.7250,62.1255,0.0000
30.7750,62.1255,0.0000
30.8250,62.1255,0.0000
30.8750,62.1255,0.0000
30.9250,62.1255,0.0000
30.9750,62.1255,0.0000
31.0250,62.1255,0.0000
31.0750,62.1255,0.0000
31.1250,62.1255,0.0000
31.1750,62.1255,0.0000
31.2250,62.1255,0.0000
31.2750,62.1255,0.0000
31.3250,62.1255,0.0000
31.3750,62.1255,0.0000
31.4250,62.1255,0.0000
31.4750,62.1255,0.0000
31.5250,62.1255,0.0000
31.5750,62.1255,0.0000
21.2750,62.0755,0.0067
21.3250,62.0755,0.0067
21.3750,62.0755,0.0067
21.4250,62.0755,0.0066
21.4750,62.0755,0.0066
21.5250,62.0755,0.0065
21.5750,62.0755,0.0064
21.6250,62.0755,0.0063
21.6750,62.0755,0.0063
21.7250,62.0755,0.0062
21.7750,62.0755,0.0062
21.8250,62.0755,0.0061
21.8750,62.0755,0.0061
21.9250,62.0755,0.0059
21.9750,62.0755,0.0059
22.0250,62.0755,0.0058
22.0750,62.0755,0.0057
22.1250,62.0755,0.0057
22.1750,62.0755,0.0055
22.2250,62.0755,0.0055
22.2750,62.0755,0.0054
22.3250,62.0755,0.0054
22.3750,62.0755,0.0053
22.4250,62.0755,0.0053
22.4750,62.0755,0.0052
22.5250,62.0755,0.0051
22.5750,62.0755,0.0051
22.6250,62.0755,0.0000
22.6750,62.0755,0.0000
22.7250,62.0755,0.0000
22.7750,62.0755,0.0000
22.8250,62.0755,0.0000
22.8750,62.0755,0.0000
22.9250,62.0755,0.0000
22.9750,62.0755,0.0000
23.0250,62.0755,0.0000
23.0750,62.0755,0.0000
23.1250,62.0755,0.0000
23.1750,62.0755,0.0000
23.2250,62.0755,0.0000
23.2750,62.0755,0.0000
23.3250,62.0755,0.0000
23.3750,62.0755,0.0000
23.4250,62.0755,0.0000
23.4750,62.0755,0.0000
23.5250,62.0755,0.0000
23.5750,62.0755,0.0000
23.6250,62.0755,0.0000
23.6750,62.0755,0.0000
23.7250,62.0755,0.0000
23.7750,62.0755,0.0000
23.8250,62.0755,0.0000
23.8750,62.0755,0.0000
23.9250,62.0755,0.0000
23.9750,62.0755,0.0000
24.0250,62.0755,0.0000
24.0750,62.0755,0.0000
24.1250,62.0755,0.0000
24.1750,62.0755,0.0000
24.2250,62.0755,0.0000
24.2750,62.0755,0.0000
24.3250,62.0755,0.0000
24.3750,62.0755,0.0000
24.4250,62.0755,0.0000
24.4750,62.0755,0.0000
24.5250,62.0755,0.0000
24.5750,62.0755,0.0000
24.6250,62.0755,0.0000
24.6750,62.0755,0.0000
24.7250,62.0755,0.0000
24.7750,62.0755,0.0000
24.8250,62.0755,0.0000
24.8750,62.0755,0.0000
24.9250,62.0755,0.0000
24.9750,62.0755,0.0000
25.0250,62.0755,0.0000
25.0750,62.0755,0.0000
25.1250,62.0755,0.0000
25.1750,62.0755,0.0000
25.2250,62.0755,0.0000
25.2750,62.0755,0.0000
25.3250,62.0755,0.0000
25.3750,62.0755,0.0000
25.4250,62.0755,0.0000
25.4750,62.0755,0.0000
25.5250,62.0755,0.0000
25.5750,62.0755,0.0000
25.6250,62.0755,0.0000
25.6750,62.0755,0.0000
25.7250,62.0755,0.0000
25.7750,62.0755,0.0000
25.8250,62.0755,0.0000
25.8750,62.0755,0.0000
25.9250,62.0755,0.0000
25.9750,62.0755,0.0000
26.0250,62.0755,0.0000
26.0750,62.0755,0.0000
26.1250,62.0755,0.0000
26.1750,62.0755,0.0000
26.2250,62.0755,0.0000
26.2750,62.0755,0.0000
26.3250,62.0755,0.0000
26.3750,62.0755,0.0000
26.4250,62.0755,0.0000
26.4750,62.0755,0.0000
26.5250,62.0755,0.0000
26.5750,62.0755,0.0000
26.6250,62.0755,0.0000
26.6750,62.0755,0.0000
26.7250,62.0755,0.0000
26.7750,62.0755,0.0000
26.8250,62.0755,0.0000
26.8750,62.0755,0.0000
26.9250,62.0755,0.0000
26.9750,62.0755,0.0000
27.0250,62.0755,0.0000
27.0750,62.0755,0.0000
27.1250,62.0755,0.0000
27.1750,62.0755,0.0000
27.2250,62.0755,0.0000
27.2750,62.0755,0.0000
27.3250,62.0755,0.0000
27.3750,62.0755,0.0000
27.4250,62.0755,0.0000
27.4750,62.0755,0.0000
27.5250,62.0755,0.0000
27.5750,62.0755,0.0000
27.6250,62.0755,0.0000
27.6750,62.0755,0.0000
27.7250,62.0755,0.0000
27.7750,62.0755,0.0000
27.8250,62.0755,0.0000
27.8750,62.0755,0.0000
27.9250,62.0755,0.0000
27.9750,62.0755,0.0000
28.0250,62.0755,0.0000
28.0750,62.0755,0.0000
28.1250,62.0755,0.0000
28.1750,62.0755,0.0000
28.2250,62.0755,0.0000
28.2750,62.0755,0.0000
28.3250,62.0755,0.0000
28.3750,62.0755,0.0000
28.4250,62.0755,0.0000
28.4750,62.0755,0.0000
28.5250,62.0755,0.0000
28.5750,62.0755,0.0000
28.6250,62.0755,0.0000
28.6750,62.0755,0.0000
28.7250,62.0755,0.0000
28.7750,62.0755,0.0000
28.8250,62.0755,0.0000
28.8750,62.0755,0.0000
28.9250,62.0755,0.0000
28.9750,62.0755,0.0000
29.0250,62.0755,0.0000
29.0750,62.0755,0.0000
29.1250,62.0755,0.0000
29.1750,62.0755,0.0000
29.2250,62.0755,0.0000
29.2750,62.0755,0.0000
29.3250,62.0755,0.0000
29.3750,62.0755,0.0000
29.4250,62.0755,0.0000
29.4750,62.0755,0.0000
29.5250,62.0755,0.0000
29.5750,62.0755,0.0000
29.6250,62.0755,0.0000
29.6750,62.0755,0.0000
29.7250,62.0755,0.0000
29.7750,62.0755,0.0000
29.8250,62.0755,0.0000
29.8750,62.0755,0.0000
29.9250,62.0755,0.0000
29.9750,62.0755,0.0000
30.0250,62.0755,0.0000
30.0750,62.0755,0.0000
30.1250,62.0755,0.0000
30.1750,62.0755,0.0000
30.2250,62.0755,0.0000
30.2750,62.0755,0.0000
30.3250,62.0755,0.0000
30.3750,62.0755,0.0000
30.4250,62.0755,0.0000
30.4750,62.0755,0.0000
30.5250,62.0755,0.0000
30.5750,62.0755,0.0000
30.6250,62.0755,0.0000
30.6750,62.0755,0.0000
30.7250,62.0755,0.0000
30.7750,62.0755,0.0000
30.8250,62.0755,0.0000
30.8750,62.0755,0.0000
30.9250,62.0755,0.0000
30.9750,62.0755,0.0000
31.0250,62.0755,0.0000
31.0750,62.0755,0.0000
31.1250,62.0755,0.0000
31.1750,62.0755,0.0000
31.2250,62.0755,0.0000
31.2750,62.0755,0.0000
31.3250,62.0755,0.0000
31.3750,62.0755,0.0000
31.4250,62.0755,0.0000
31.4750,62.0755,0.0000
31.5250,62.0755,0.0000
31.5750,62.0755,0.0000
21.2750,62.0255,0.0067
21.3250,62.0255,0.0067
21.3750,62.0255,0.0067
21.4250,62.0255,0.0065
21.4750,62.0255,0.0065
21.5250,62.0255,0.0064
21.5750,62.0255,0.0063
21.6250,62.0255,0.0063
21.6750,62.0255,0.0062
21.7250,62.0255,0.0062
21.7750,62.0255,0.0061
21.8250,62.0255,0.0061
21.8750,62.0255,0.0060
21.9250,62.0255,0.0060
21.9750,62.0255,0.0058
22.0250,62.0255,0.0057
22.0750,62.0255,0.0057
22.1250,62.0255,0.0056
22.1750,62.0255,0.0056
22.2250,62.0255,0.0054
22.2750,62.0255,0.0054
22.3250,62.0255,0.0053
22.3750,62.0255,0.0053
22.4250,62.0255,0.0052
22.4750,62.0255,0.0051
22.5250,62.0255,0.0051
22.5750,62.0255,0.0000
22.6250,62.0255,0.0000
22.6750,62.0255,0.0000
22.7250,62.0255,0.0000
22.7750,62.0255,0.0000
22.8250,62.0255,0.0000
22.8750,62.0255,0.0000
22.9250,62.0255,0.0000
22.9750,62.0255,0.0000
23.0250,62.0255,0.0000
23.0750,62.0255,0.0000
23.1250,62.0255,0.0000
23.1750,62.0255,0.0000
23.2250,62.0255,0.0000
23.2750,62.0255,0.0000
23.3250,62.0255,0.0000
23.3750,62.0255,0.0000
23.4250,62.0255,0.0000
23.4750,62.0255,0.0000
23.5250,62.0255,0.0000
23.5750,62.0255,0.0000
23.6250,62.0255,0.0000
23.6750,62.0255,0.0000
23.7250,62.0255,0.0000
23.7750,62.0255,0.0000
23.8250,62.0255,0.0000
23.8750,62.0255,0.0000
23.9250,62.0255,0.0000
23.9750,62.0255,0.0000
24.0250,62.0255,0.0000
24.0750,62.0255,0.0000
24.1250,62.0255,0.0000
24.1750,62.0255,0.0000
24.2250,62.0255,0.0000
24.2750,62.0255,0.0000
24.3250,62.0255,0.0000
24.3750,62.0255,0.0000
24.4250,62.0255,0.0000
24.4750,62.0255,0.0000
24.5250,62.0255,0.0000
24.5750,62.0255,0.0000
24.6250,62.0255,0.0000
24.6750,62.0255,0.0000
24.7250,62.0255,0.0000
24.7750,62.0255,0.0000
24.8250,62.0255,0.0000
24.8750,62.0255,0.0000
24.9250,62.0255,0.0000
24.9750,62.0255,0.0000
25.0250,62.0255,0.0000
25.0750,62.0255,0.0000
25.1250,62.0255,0.0000
25.1750,62.0255,0.0000
25.2250,62.0255,0.0000
25.2750,62.0255,0.0000
25.3250,62.0255,0.0000
25.3750,62.0255,0.0000
25.4250,62.0255,0.0000
25.4750,62.0255,0.0000
25.5250,62.0255,0.0000
25.5750,62.0255,0.0000
25.6250,62.0255,0.0000
25.6750,62.0255,0.0000
25.7250,62.0255,0.0000
25.7750,62.0255,0.0000
25.8250,62.0255,0.0000
25.8750,62.0255,0.0000
25.9250,62.0255,0.0000
25.9750,62.0255,0.0000
26.0250,62.0255,0.0000
26.0750,62.0255,0.0000
26.1250,62.0255,0.0000
26.1750,62.0255,0.0000
26.2250,62.0255,0.0000
26.2750,62.0255,0.0000
26.3250,62.0255,0.0000
26.3750,62.0255,0.0000
26.4250,62.0255,0.0000
26.4750,62.0255,0.0000
26.5250,62.0255,0.0000
26.5750,62.0255,0.0000
26.6250,62.0255,0.0000
26.6750,62.0255,0.0000
26.7250,62.0255,0.0000
26.7750,62.0255,0.0000
26.8250,62.0255,0.0000
26.8750,62.0255,0.0000
26.9250,62.0255,0.0000
26.9750,62.0255,0.0000
27.0250,62.0255,0.0000
27.0750,62.0255,0.0000
27.1250,62.0255,0.0000
27.1750,62.0255,0.0000
27.2250,62.0255,0.0000
27.2750,62.0255,0.0000
27.3250,62.0255,0.0000
27.3750,62.0255,0.0000
27.4250,62.0255,0.0000
27.4750,62.0255,0.0000
27.5250,62.0255,0.0000
27.5750,62.0255,0.0000
27.6250,62.0255,0.0000
27.6750,62.0255,0.0000
27.7250,62.0255,0.0000
27.7750,62.0255,0.0000
27.8250,62.0255,0.0000
27.8750,62.0255,0.0000
27.9250,62.0255,0.0000
27.9750,62.0255,0.0000
28.0250,62.0255,0.0000
28.0750,62.0255,0.0000
28.1250,62.0255,0.0000
28.1750,62.0255,0.0000
28.2250,62.0255,0.0000
28.2750,62.0255,0.0000
28.3250,62.0255,0.0000
28.3750,62.0255,0.0000
28.4250,62.0255,0.0000
28.4750,62.0255,0.0000
28.5250,62.0255,0.0000
28.5750,62.0255,0.0000
28.6250,62.0255,0.0000
28.6750,62.0255,0.0000
28.7250,62.0255,0.0000
28.7750,62.0255,0.0000
28.8250,62.0255,0.0000
28.8750,62.0255,0.0000
28.9250,62.0255,0.0000
28.9750,62.0255,0.0000
29.0250,62.0255,0.0000
29.0750,62.0255,0.0000
29.1250,62.0255,0.0000
29.1750,62.0255,0.0000
29.2250,62.0255,0.0000
29.2750,62.0255,0.0000
29.3250,62.0255,0.0000
29.3750,62.0255,0.0000
29.4250,62.0255,0.0000
29.4750,62.0255,0.0000
29.5250,62.0255,0.0000
29.5750,62.0255,0.0000
29.6250,62.0255,0.0000
29.6750,62.0255,0.0000
29.7250,62.0255,0.0000
29.7750,62.0255,0.0000
29.8250,62.0255,0.0000
29.8750,62.0255,0.0000
29.9250,62.0255,0.0000
29.9750,62.0255,0.0000
30.0250,62.0255,0.0000
30.0750,62.0255,0.0000
30.1250,62.0255,0.0000
30.1750,62.0255,0.0000
30.2250,62.0255,0.0000
30.2750,62.0255,0.0000
30.3250,62.0255,0.0000
30.3750,62.0255,0.0000
30.4250,62.0255,0.0000
30.4750,62.0255,0.0000
30.5250,62.0255,0.0000
30.5750,62.0255,0.0000
30.6250,62.0255,0.0000
30.6750,62.0255,0.0000
30.7250,62.0255,0.0000
30.7750,62.0255,0.0000
30.8250,62.0255,0.0000
30.8750,62.0255,0.0000
30.9250,62.0255,0.0000
30.9750,62.0255,0.0000
31.0250,62.0255,0.0000
31.0750,62.0255,0.0000
31.1250,62.0255,0.0000
31.1750,62.0255,0.0000
31.2250,62.0255,0.0000
31.2750,62.0255,0.0000
31.3250,62.0255,0.0000
31.3750,62.0255,0.0000
31.4250,62.0255,0.0000
31.4750,62.0255,0.0000
31.5250,62.0255,0.0000
31.5750,62.0255,0.0000
21.2750,61.9755,0.0067
21.3250,61.9755,0.0067
21.3750,61.9755,0.0066
21.4250,61.9755,0.0065
21.4750,61.9755,0.0064
21.5250,61.9755,0.0064
21.5750,61.9755,0.0063
21.6250,61.9755,0.0062
21.6750,61.9755,0.0062
21.7250,61.9755,0.0061
21.7750,61.9755,0.0060
21.8250,61.9755,0.0060
21.8750,61.9755,0.0059
21.9250,61.9755,0.0059
21.9750,61.9755,0.0058
22.0250,61.9755,0.0057
22.0750,61.9755,0.0057
22.1250,61.9755,0.0056
22.1750,61.9755,0.0055
22.2250,61.9755,0.0054
22.2750,61.9755,0.0054
22.3250,61.9755,0.0052
22.3750,61.9755,0.0052
22.4250,61.9755,0.0051
22.4750,61.9755,0.0051
22.5250,61.9755,0.0051
22.5750,61.9755,0.0000
22.6250,61.9755,0.0000
22.6750,61.9755,0.0000
22.7250,61.9755,0.0000
22.7750,61.9755,0.0000
22.8250,61.9755,0.0000
22.8750,61.9755,0.0000
22.9250,61.9755,0.0000
22.9750,61.9755,0.0000
23.0250,61.9755,0.0000
23.0750,61.9755,0.0000
23.1250,61.9755,0.0000
23.1750,61.9755,0.0000
23.2250,61.9755,0.0000
23.2750,61.9755,0.0000
23.3250,61.9755,0.0000
23.3750,61.9755,0.0000
23.4250,61.9755,0.0000
23.4750,61.9755,0.0000
23.5250,61.9755,0.0000
23.5750,61.9755,0.0000
23.6250,61.9755,0.0000
23.6750,61.9755,0.0000
23.7250,61.9755,0.0000
23.7750,61.9755,0.0000
23.8250,61.9755,0.0000
23.8750,61.9755,0.0000
23.9250,61.9755,0.0000
23.9750,61.9755,0.0000
24.0250,61.9755,0.0000
24.0750,61.9755,0.0000
24.1250,61.9755,0.0000
24.1750,61.9755,0.0000
24.2250,61.9755,0.0000
24.2750,61.9755,0.0000
24.3250,61.9755,0.0000
24.3750,61.9755,0.0000
24.4250,61.9755,0.0000
24.4750,61.9755,0.0000
24.5250,61.9755,0.0000
24.5750,61.9755,0.0000
24.6250,61.9755,0.0000
24.6750,61.9755,0.0000
24.7250,61.9755,0.0000
24.7750,61.9755,0.0000
24.8250,61.9755,0.0000
24.8750,61.9755,0.0000
24.9250,61.9755,0.0000
24.9750,61.9755,0.0000
25.0250,61.9755,0.0000
25.0750,61.9755,0.0000
25.1250,61.9755,0.0000
25.1750,61.9755,0.0000
25.2250,61.9755,0.0000
25.2750,61.9755,0.0000
25.3250,61.9755,0.0000
25.3750,61.9755,0.0000
25.4250,61.9755,0.0000
25.4750,61.9755,0.0000
25.5250,61.9755,0.0000
25.5750,61.9755,0.0000
25.6250,61.9755,0.0000
25.6750,61.9755,0.0000
25.7250,61.9755,0.0000
25.7750,61.9755,0.0000
25.8250,61.9755,0.0000
25.8750,61.9755,0.0000
25.9250,61.9755,0.0000
25.9750,61.9755,0.0000
26.0250,61.9755,0.0000
26.0750,61.9755,0.0000
26.1250,61.9755,0.0000
26.1750,61.9755,0.0000
26.2250,61.9755,0.0000
26.2750,61.9755,0.0000
26.3250,61.9755,0.0000
26.3750,61.9755,0.0000
26.4250,61.9755,0.0000
26.4750,61.9755,0.0000
26.5250,61.9755,0.0000
26.5750,61.9755,0.0000
26.6250,61.9755,0.0000
26.6750,61.9755,0.0000
26.7250,61.9755,0.0000
26.7750,61.9755,0.0000
26.8250,61.9755,0.0000
26.8750,61.9755,0.0000
26.9250,61.9755,0.0000
26.9750,61.9755,0.0000
27.0250,61.9755,0.0000
27.0750,61.9755,0.0000
27.1250,61.9755,0.0000
27.1750,61.9755,0.0000
27.2250,61.9755,0.0000
27.2750,61.9755,0.0000
27.3250,61.9755,0.0000
27.3750,61.9755,0.0000
27.4250,61.9755,0.0000
27.4750,61.9755,0.0000
27.5250,61.9755,0.0000
27.5750,61.9755,0.0000
27.6250,61.9755,0.0000
27.6750,61.9755,0.0000
27.7250,61.9755,0.0000
27.7750,61.9755,0.0000
27.8250,61.9755,0.0000
27.8750,61.9755,0.0000
27.9250,61.9755,0.0000
27.9750,61.9755,0.0000
28.0250,61.9755,0.0000
28.0750,61.9755,0.0000
28.1250,61.9755,0.0000
28.1750,61.9755,0.0000
28.2250,61.9755,0.0000
28.2750,61.9755,0.0000
28.3250,61.9755,0.0000
28.3750,61.9755,0.0000
28.4250,61.9755,0.0000
28.4750,61.9755,0.0000
28.5250,61.9755,0.0000
28.5750,61.9755,0.0000
28.6250,61.9755,0.0000
28.6750,61.9755,0.0000
28.7250,61.9755,0.0000
28.7750,61.9755,0.0000
28.8250,61.9755,0.0000
28.8750,61.9755,0.0000
28.9250,61.9755,0.0000
28.9750,61.9755,0.0000
29.0250,61.9755,0.0000
29.0750,61.9755,0.0000
29.1250,61.9755,0.0000
29.1750,61.9755,0.0000
29.2250,61.9755,0.0000
29.2750,61.9755,0.0000
29.3250,61.9755,0.0000
29.3750,61.9755,0.0000
29.4250,61.9755,0.0000
29.4750,61.9755,0.0000
29.5250,61.9755,0.0000
29.5750,61.9755,0.0000
29.6250,61.9755,0.0000
29.6750,61.9755,0.0000
29.7250,61.9755,0.0000
29.7750,61.9755,0.0000
29.8250,61.9755,0.0000
29.8750,61.9755,0.0000
29.9250,61.9755,0.0000
29.9750,61.9755,0.0000
30.0250,61.9755,0.0000
30.0750,61.9755,0.0000
30.1250,61.9755,0.0000
30.1750,61.9755,0.0000
30.2250,61.9755,0.0000
30.2750,61.9755,0.0000
30.3250,61.9755,0.0000
30.3750,61.9755,0.0000
30.4250,61.9755,0.0000
30.4750,61.9755,0.0000
30.5250,61.9755,0.0000
30.5750,61.9755,0.0000
30.6250,61.9755,0.0000
30.6750,61.9755,0.0000
30.7250,61.9755,0.0000
30.7750,61.9755,0.0000
30.8250,61.9755,0.0000
30.8750,61.9755,0.0000
30.9250,61.9755,0.0000
30.9750,61.9755,0.0000
31.0250,61.9755,0.0000
31.0750,61.9755,0.0000
31.1250,61.9755,0.0000
31.1750,61.9755,0.0000
31.2250,61.9755,0.0000
31.2750,61.9755,0.0000
31.3250,61.9755,0.0000
31.3750,61.9755,0.0000
31.4250,61.9755,0.0000
31.4750,61.9755,0.0000
31.5250,61.9755,0.0000
31.5750,61.9755,0.0000
21.3750,61.9255,0.0066
21.4250,61.9255,0.0064
21.4750,61.9255,0.0063
21.5250,61.9255,0.0063
21.5750,61.9255,0.0063
21.6250,61.9255,0.0062
21.6750,61.9255,0.0062
21.7250,61.9255,0.0060
21.7750,61.9255,0.0060
21.8250,61.9255,0.0059
21.8750,61.9255,0.0059
21.9250,61.9255,0.0058
21.9750,61.9255,0.0058
22.0250,61.9255,0.0056
22.0750,61.9255,0.0056
22.1250,61.9255,0.0056
22.1750,61.9255,0.0054
22.2250,61.9255,0.0054
22.2750,61.9255,0.0052
22.3250,61.9255,0.0052
22.3750,61.9255,0.0051
22.4250,61.9255,0.0051
22.4750,61.9255,0.0000
22.5250,61.9255,0.0000
22.5750,61.9255,0.0000
22.6250,61.9255,0.0000
22.6750,61.9255,0.0000
22.7250,61.9255,0.0000
22.7750,61.9255,0.0000
22.8250,61.9255,0.0000
22.8750,61.9255,0.0000
22.9250,61.9255,0.0000
22.9750,61.9255,0.0000
23.0250,61.9255,0.0000
23.0750,61.9255,0.0000
23.1250,61.9255,0.0000
23.1750,61.9255,0.0000
23.2250,61.9255,0.0000
23.2750,61.9255,0.0000
23.3250,61.9255,0.0000
23.3750,61.9255,0.0000
23.4250,61.9255,0.0000
23.4750,61.9255,0.0000
23.5250,61.9255,0.0000
23.5750,61.9255,0.0000
23.6250,61.9255,0.0000
23.6750,61.9255,0.0000
23.7250,61.9255,0.0000
23.7750,61.9255,0.0000
23.8250,61.9255,0.0000
23.8750,61.9255,0.0000
23.9250,61.9255,0.0000
23.9750,61.9255,0.0000
24.0250,61.9255,0.0000
24.0750,61.9255,0.0000
24.1250,61.9255,0.0000
24.1750,61.9255,0.0000
24.2250,61.9255,0.0000
24.2750,61.9255,0.0000
24.3250,61.9255,0.0000
24.3750,61.9255,0.0000
24.4250,61.9255,0.0000
24.4750,61.9255,0.0000
24.5250,61.9255,0.0000
24.5750,61.9255,0.0000
24.6250,61.9255,0.0000
24.6750,61.9255,0.0000
24.7250,61.9255,0.0000
24.7750,61.9255,0.0000
24.8250,61.9255,0.0000
24.8750,61.9255,0.0000
24.9250,61.9255,0.0000
24.9750,61.9255,0.0000
25.0250,61.9255,0.0000
25.0750,61.9255,0.0000
25.1250,61.9255,0.0000
25.1750,61.9255,0.0000
25.2250,61.9255,0.0000
25.2750,61.9255,0.0000
25.3250,61.9255,0.0000
25.3750,61.9255,0.0000
25.4250,61.9255,0.0000
25.4750,61.9255,0.0000
25.5250,61.9255,0.0000
25.5750,61.9255,0.0000
25.6250,61.9255,0.0000
25.6750,61.9255,0.0000
25.7250,61.9255,0.0000
25.7750,61.9255,0.0000
25.8250,61.9255,0.0000
25.8750,61.9255,0.0000
25.9250,61.9255,0.0000
25.9750,61.9255,0.0000
26.0250,61.9255,0.0000
26.0750,61.9255,0.0000
26.1250,61.9255,0.0000
26.1750,61.9255,0.0000
26.2250,61.9255,0.0000
26.2750,61.9255,0.0000
26.3250,61.9255,0.0000
26.3750,61.9255,0.0000
26.4250,61.9255,0.0000
26.4750,61.9255,0.0000
26.5250,61.9255,0.0000
26.5750,61.9255,0.0000
26.6250,61.9255,0.0000
26.6750,61.9255,0.0000
26.7250,61.9255,0.0000
26.7750,61.9255,0.0000
26.8250,61.9255,0.0000
26.8750,61.9255,0.0000
26.9250,61.9255,0.0000
26.9750,61.9255,0.0000
27.0250,61.9255,0.0000
27.0750,61.9255,0.0000
27.1250,61.9255,0.0000
27.1750,61.9255,0.0000
27.2250,61.9255,0.0000
27.2750,61.9255,0.0000
27.3250,61.9255,0.0000
27.3750,61.9255,0.0000
27.4250,61.9255,0.0000
27.4750,61.9255,0.0000
27.5250,61.9255,0.0000
27.5750,61.9255,0.0000
27.6250,61.9255,0.0000
27.6750,61.9255,0.0000
27.7250,61.9255,0.0000
27.7750,61.9255,0.0000
27.8250,61.9255,0.0000
27.8750,61.9255,0.0000
27.9250,61.9255,0.0000
27.9750,61.9255,0.0000
28.0250,61.9255,0.0000
28.0750,61.9255,0.0000
28.1250,61.9255,0.0000
28.1750,61.9255,0.0000
28.2250,61.9255,0.0000
28.2750,61.9255,0.0000
28.3250,61.9255,0.0000
28.3750,61.9255,0.0000
28.4250,61.9255,0.0000
28.4750,61.9255,0.0000
28.5250,61.9255,0.0000
28.5750,61.9255,0.0000
28.6250,61.9255,0.0000
28.6750,61.9255,0.0000
28.7250,61.9255,0.0000
28.7750,61.9255,0.0000
28.8250,61.9255,0.0000
28.8750,61.9255,0.0000
28.9250,61.9255,0.0000
28.9750,61.9255,0.0000
29.0250,61.9255,0.0000
29.0750,61.9255,0.0000
29.1250,61.9255,0.0000
29.1750,61.9255,0.0000
29.2250,61.9255,0.0000
29.2750,61.9255,0.0000
29.3250,61.9255,0.0000
29.3750,61.9255,0.0000
29.4250,61.9255,0.0000
29.4750,61.9255,0.0000
29.5250,61.9255,0.0000
29.5750,61.9255,0.0000
29.6250,61.9255,0.0000
29.6750,61.9255,0.0000
29.7250,61.9255,0.0000
29.7750,61.9255,0.0000
29.8250,61.9255,0.0000
29.8750,61.9255,0.0000
29.9250,61.9255,0.0000
29.9750,61.9255,0.0000
30.0250,61.9255,0.0000
30.0750,61.9255,0.0000
30.1250,61.9255,0.0000
30.1750,61.9255,0.0000
30.2250,61.9255,0.0000
30.2750,61.9255,0.0000
30.3250,61.9255,0.0000
30.3750,61.9255,0.0000
30.4250,61.9255,0.0000
30.4750,61.9255,0.0000
30.5250,61.9255,0.0000
30.5750,61.9255,0.0000
30.6250,61.9255,0.0000
30.6750,61.9255,0.0000
30.7250,61.9255,0.0000
30.7750,61.9255,0.0000
30.8250,61.9255,0.0000
30.8750,61.9255,0.0000
30.9250,61.9255,0.0000
30.9750,61.9255,0.0000
31.0250,61.9255,0.0000
31.0750,61.9255,0.0000
31.1250,61.9255,0.0000
31.1750,61.9255,0.0000
31.2250,61.9255,0.0000
31.2750,61.9255,0.0000
31.3250,61.9255,0.0000
31.3750,61.9255,0.0000
31.4250,61.9255,0.0000
31.4750,61.9255,0.0000
31.5250,61.9255,0.0000
31.5750,61.9255,0.0000
21.3250,61.8755,0.0066
21.3750,61.8755,0.0066
21.4250,61.8755,0.0063
21.4750,61.8755,0.0063
21.5250,61.8755,0.0062
21.5750,61.8755,0.0062
21.6250,61.8755,0.0061
21.6750,61.8755,0.0060
21.7250,61.8755,0.0060
21.7750,61.8755,0.0059
21.8250,61.8755,0.0059
21.8750,61.8755,0.0058
21.9250,61.8755,0.0058
21.9750,61.8755,0.0057
22.0250,61.8755,0.0056
22.0750,61.8755,0.0055
22.1250,61.8755,0.0055
22.1750,61.8755,0.0054
22.2250,61.8755,0.0053
22.2750,61.8755,0.0052
22.3250,61.8755,0.0051
22.3750,61.8755,0.0043
22.4250,61.8755,0.0000
22.4750,61.8755,0.0000
22.5250,61.8755,0.0000
22.5750,61.8755,0.0000
22.6250,61.8755,0.0000
22.6750,61.8755,0.0000
22.7250,61.8755,0.0000
22.7750,61.8755,0.0000
22.8250,61.8755,0.0000
22.8750,61.8755,0.0000
22.9250,61.8755,0.0000
22.9750,61.8755,0.0000
23.0250,61.8755,0.0000
23.0750,61.8755,0.0000
23.1250,61.8755,0.0000
23.1750,61.8755,0.0000
23.2250,61.8755,0.0000
23.2750,61.8755,0.0000
23.3250,61.8755,0.0000
23.3750,61.8755,0.0000
23.4250,61.8755,0.0000
23.4750,61.8755,0.0000
23.5250,61.8755,0.0000
23.5750,61.8755,0.0000
23.6250,61.8755,0.0000
23.6750,61.8755,0.0000
23.7250,61.8755,0.0000
23.7750,61.8755,0.0000
23.8250,61.8755,0.0000
23.8750,61.8755,0.0000
23.9250,61.8755,0.0000
23.9750,61.8755,0.0000
24.0250,61.8755,0.0000
24.0750,61.8755,0.0000
24.1250,61.8755,0.0000
24.1750,61.8755,0.0000
24.2250,61.8755,0.0000
24.2750,61.8755,0.0000
24.3250,61.8755,0.0000
24.3750,61.8755,0.0000
24.4250,61.8755,0.0000
24.4750,61.8755,0.0000
24.5250,61.8755,0.0000
24.5750,61.8755,0.0000
24.6250,61.8755,0.0000
24.6750,61.8755,0.0000
24.7250,61.8755,0.0000
24.7750,61.8755,0.0000
24.8250,61.8755,0.0000
24.8750,61.8755,0.0000
24.9250,61.8755,0.0000
24.9750,61.8755,0.0000
25.0250,61.8755,0.0000
25.0750,61.8755,0.0000
25.1250,61.8755,0.0000
25.1750,61.8755,0.0000
25.2250,61.8755,0.0000
25.2750,61.8755,0.0000
25.3250,61.8755,0.0000
25.3750,61.8755,0.0000
25.4250,61.8755,0.0000
25.4750,61.8755,0.0000
25.5250,61.8755,0.0000
25.5750,61.8755,0.0000
25.6250,61.8755,0.0000
25.6750,61.8755,0.0000
25.7250,61.8755,0.0000
25.7750,61.8755,0.0000
25.8250,61.8755,0.0000
25.8750,61.8755,0.0000
25.9250,61.8755,0.0000
25.9750,61.8755,0.0000
26.0250,61.8755,0.0000
26.0750,61.8755,0.0000
26.1250,61.8755,0.0000
26.1750,61.8755,0.0000
26.2250,61.8755,0.0000
26.2750,61.8755,0.0000
26.3250,61.8755,0.0000
26.3750,61.8755,0.0000
26.4250,61.8755,0.0000
26.4750,61.8755,0.0000
26.5250,61.8755,0.0000
26.5750,61.8755,0.0000
26.6250,61.8755,0.0000
26.6750,61.8755,0.0000
26.7250,61.8755,0.0000
26.7750,61.8755,0.0000
26.8250,61.8755,0.0000
26.8750,61.8755,0.0000
26.9250,61.8755,0.0000
26.9750,61.8755,0.0000
27.0250,61.8755,0.0000
27.0750,61.8755,0.0000
27.1250,61.8755,0.0000
27.1750,61.8755,0.0000
27.2250,61.8755,0.0000
27.2750,61.8755,0.0000
27.3250,61.8755,0.0000
27.3750,61.8755,0.0000
27.4250,61.8755,0.0000
27.4750,61.8755,0.0000
27.5250,61.8755,0.0000
27.5750,61.8755,0.0000
27.6250,61.8755,0.0000
27.6750,61.8755,0.0000
27.7250,61.8755,0.0000
27.7750,61.8755,0.0000
27.8250,61.8755,0.0000
27.8750,61.8755,0.0000
27.9250,61.8755,0.0000
27.9750,61.8755,0.0000
28.0250,61.8755,0.0000
28.0750,61.8755,0.0000
28.1250,61.8755,0.0000
28.1750,61.8755,0.0000
28.2250,61.8755,0.0000
28.2750,61.8755,0.0000
28.3250,61.8755,0.0000
28.3750,61.8755,0.0000
28.4250,61.8755,0.0000
28.4750,61.8755,0.0000
28.5250,61.8755,0.0000
28.5750,61.8755,0.0000
28.6250,61.8755,0.0000
28.6750,61.8755,0.0000
28.7250,61.8755,0.0000
28.7750,61.8755,0.0000
28.8250,61.8755,0.0000
28.8750,61.8755,0.0000
28.9250,61.8755,0.0000
28.9750,61.8755,0.0000
29.0250,61.8755,0.0000
29.0750,61.8755,0.0000
29.1250,61.8755,0.0000
29.1750,61.8755,0.0000
29.2250,61.8755,0.0000
29.2750,61.8755,0.0000
29.3250,61.8755,0.0000
29.3750,61.8755,0.0000
29.4250,61.8755,0.0000
29.4750,61.8755,0.0000
29.5250,61.8755,0.0000
29.5750,61.8755,0.0000
29.6250,61.8755,0.0000
29.6750,61.8755,0.0000
29.7250,61.8755,0.0000
29.7750,61.8755,0.0000
29.8250,61.8755,0.0000
29.8750,61.8755,0.0000
29.9250,61.8755,0.0000
29.9750,61.8755,0.0000
30.0250,61.8755,0.0000
30.0750,61.8755,0.0000
30.1250,61.8755,0.0000
30.1750,61.8755,0.0000
30.2250,61.8755,0.0000
30.2750,61.8755,0.0000
30.3250,61.8755,0.0000
30.3750,61.8755,0.0000
30.4250,61.8755,0.0000
30.4750,61.8755,0.0000
30.5250,61.8755,0.0000
30.5750,61.8755,0.0000
30.6250,61.8755,0.0000
30.6750,61.8755,0.0000
30.7250,61.8755,0.0000
30.7750,61.8755,0.0000
30.8250,61.8755,0.0000
30.8750,61.8755,0.0000
30.9250,61.8755,0.0000
30.9750,61.8755,0.0000
31.0250,61.8755,0.0000
31.0750,61.8755,0.0000
31.1250,61.8755,0.0000
31.1750,61.8755,0.0000
31.2250,61.8755,0.0000
31.2750,61.8755,0.0000
31.3250,61.8755,0.0000
31.3750,61.8755,0.0000
31.4250,61.8755,0.0000
31.4750,61.8755,0.0000
31.5250,61.8755,0.0000
31.5750,61.8755,0.0000
21.3250,61.8256,0.0066
21.4250,61.8256,0.0062
21.4750,61.8256,0.0062
21.5250,61.8256,0.0062
21.5750,61.8256,0.0061
21.6250,61.8256,0.0061
21.6750,61.8256,0.0060
21.7250,61.8256,0.0059
21.7750,61.8256,0.0058
21.8250,61.8256,0.0058
21.8750,61.8256,0.0057
21.9250,61.8256,0.0057
21.9750,61.8256,0.0056
22.0250,61.8256,0.0056
22.0750,61.8256,0.0055
22.1250,61.8256,0.0054
22.1750,61.8256,0.0054
22.2250,61.8256,0.0052
22.2750,61.8256,0.0052
22.3250,61.8256,0.0050
22.3750,61.8256,0.0050
22.4250,61.8256,0.0000
22.4750,61.8256,0.0000
22.5250,61.8256,0.0000
22.5750,61.8256,0.0000
22.6250,61.8256,0.0000
22.6750,61.8256,0.0000
22.7250,61.8256,0.0000
22.7750,61.8256,0.0000
22.8250,61.8256,0.0000
22.8750,61.8256,0.0000
22.9250,61.8256,0.0000
22.9750,61.8256,0.0000
23.0250,61.8256,0.0000
23.0750,61.8256,0.0000
23.1250,61.8256,0.0000
23.1750,61.8256,0.0000
23.2250,61.8256,0.0000
23.2750,61.8256,0.0000
23.3250,61.8256,0.0000
23.3750,61.8256,0.0000
23.4250,61.8256,0.0000
23.4750,61.8256,0.0000
23.5250,61.8256,0.0000
23.5750,61.8256,0.0000
23.6250,61.8256,0.0000
23.6750,61.8256,0.0000
23.7250,61.8256,0.0000
23.7750,61.8256,0.0000
23.8250,61.8256,0.0000
23.8750,61.8256,0.0000
23.9250,61.8256,0.0000
23.9750,61.8256,0.0000
24.0250,61.8256,0.0000
24.0750,61.8256,0.0000
24.1250,61.8256,0.0000
24.1750,61.8256,0.0000
24.2250,61.8256,0.0000
24.2750,61.8256,0.0000
24.3250,61.8256,0.0000
24.3750,61.8256,0.0000
24.4250,61.8256,0.0000
24.4750,61.8256,0.0000
24.5250,61.8256,0.0000
24.5750,61.8256,0.0000
24.6250,61.8256,0.0000
24.6750,61.8256,0.0000
24.7250,61.8256,0.0000
24.7750,61.8256,0.0000
24.8250,61.8256,0.0000
24.8750,61.8256,0.0000
24.9250,61.8256,0.0000
24.9750,61.8256,0.0000
25.0250,61.8256,0.0000
25.0750,61.8256,0.0000
25.1250,61.8256,0.0000
25.1750,61.8256,0.0000
25.2250,61.8256,0.0000
25.2750,61.8256,0.0000
25.3250,61.8256,0.0000
25.3750,61.8256,0.0000
25.4250,61.8256,0.0000
25.4750,61.8256,0.0000
25.5250,61.8256,0.0000
25.5750,61.8256,0.0000
25.6250,61.8256,0.0000
25.6750,61.8256,0.0000
25.7250,61.8256,0.0000
25.7750,61.8256,0.0000
25.8250,61.8256,0.0000
25.8750,61.8256,0.0000
25.9250,61.8256,0.0000
25.9750,61.8256,0.0000
26.0250,61.8256,0.0000
26.0750,61.8256,0.0000
26.1250,61.8256,0.0000
26.1750,61.8256,0.0000
26.2250,61.8256,0.0000
26.2750,61.8256,0.0000
26.3250,61.8256,0.0000
26.3750,61.8256,0.0000
26.4250,61.8256,0.0000
26.4750,61.8256,0.0000
26.5250,61.8256,0.0000
26.5750,61.8256,0.0000
26.6250,61.8256,0.0000
26.6750,61.8256,0.0000
26.7250,61.8256,0.0000
26.7750,61.8256,0.0000
26.8250,61.8256,0.0000
26.8750,61.8256,0.0000
26.9250,61.8256,0.0000
26.9750,61.8256,0.0000
27.0250,61.8256,0.0000
27.0750,61.8256,0.0000
27.1250,61.8256,0.0000
27.1750,61.8256,0.0000
27.2250,61.8256,0.0000
27.2750,61.8256,0.0000
27.3250,61.8256,0.0000
27.3750,61.8256,0.0000
27.4250,61.8256,0.0000
27.4750,61.8256,0.0000
27.5250,61.8256,0.0000
27.5750,61.8256,0.0000
27.6250,61.8256,0.0000
27.6750,61.8256,0.0000
27.7250,61.8256,0.0000
27.7750,61.8256,0.0000
27.8250,61.8256,0.0000
27.8750,61.8256,0.0000
27.9250,61.8256,0.0000
27.9750,61.8256,0.0000
28.0250,61.8256,0.0000
28.0750,61.8256,0.0000
28.1250,61.8256,0.0000
28.1750,61.8256,0.0000
28.2250,61.8256,0.0000
28.2750,61.8256,0.0000
28.3250,61.8256,0.0000
28.3750,61.8256,0.0000
28.4250,61.8256,0.0000
28.4750,61.8256,0.0000
28.5250,61.8256,0.0000
28.5750,61.8256,0.0000
28.6250,61.8256,0.0000
28.6750,61.8256,0.0000
28.7250,61.8256,0.0000
28.7750,61.8256,0.0000
28.8250,61.8256,0.0000
28.8750,61.8256,0.0000
28.9250,61.8256,0.0000
28.9750,61.8256,0.0000
29.0250,61.8256,0.0000
29.0750,61.8256,0.0000
29.1250,61.8256,0.0000
29.1750,61.8256,0.0000
29.2250,61.8256,0.0000
29.2750,61.8256,0.0000
29.3250,61.8256,0.0000
29.3750,61.8256,0.0000
29.4250,61.8256,0.0000
29.4750,61.8256,0.0000
29.5250,61.8256,0.0000
29.5750,61.8256,0.0000
29.6250,61.8256,0.0000
29.6750,61.8256,0.0000
29.7250,61.8256,0.0000
29.7750,61.8256,0.0000
29.8250,61.8256,0.0000
29.8750,61.8256,0.0000
29.9250,61.8256,0.0000
29.9750,61.8256,0.0000
30.0250,61.8256,0.0000
30.0750,61.8256,0.0000
30.1250,61.8256,0.0000
30.1750,61.8256,0.0000
30.2250,61.8256,0.0000
30.2750,61.8256,0.0000
30.3250,61.8256,0.0000
30.3750,61.8256,0.0000
30.4250,61.8256,0.0000
30.4750,61.8256,0.0000
30.5250,61.8256,0.0000
30.5750,61.8256,0.0000
30.6250,61.8256,0.0000
30.6750,61.8256,0.0000
30.7250,61.8256,0.0000
30.7750,61.8256,0.0000
30.8250,61.8256,0.0000
30.8750,61.8256,0.0000
30.9250,61.8256,0.0000
30.9750,61.8256,0.0000
31.0250,61.8256,0.0000
31.0750,61.8256,0.0000
31.1250,61.8256,0.0000
31.1750,61.8256,0.0000
31.2250,61.8256,0.0000
31.2750,61.8256,0.0000
31.3250,61.8256,0.0000
31.3750,61.8256,0.0000
31.4250,61.8256,0.0000
31.4750,61.8256,0.0000
31.5250,61.8256,0.0000
31.5750,61.8256,0.0000
21.4250,61.7756,0.0062
21.4750,61.7756,0.0062
21.5250,61.7756,0.0061
21.5750,61.7756,0.0061
21.6250,61.7756,0.0061
21.6750,61.7756,0.0060
21.7250,61.7756,0.0059
21.7750,61.7756,0.0059
21.8250,61.7756,0.0058
21.8750,61.7756,0.0058
21.9250,61.7756,0.0056
21.9750,61.7756,0.0056
22.0250,61.7756,0.0055
22.0750,61.7756,0.0055
22.1250,61.7756,0.0054
22.1750,61.7756,0.0053
22.2250,61.7756,0.0053
22.2750,61.7756,0.0052
22.3250,61.7756,0.0052
22.3750,61.7756,0.0050
22.4250,61.7756,0.0050
22.4750,61.7756,0.0000
22.5250,61.7756,0.0000
22.5750,61.7756,0.0000
22.6250,61.7756,0.0000
22.6750,61.7756,0.0000
22.7250,61.7756,0.0000
22.7750,61.7756,0.0000
22.8250,61.7756,0.0000
22.8750,61.7756,0.0000
22.9250,61.7756,0.0000
22.9750,61.7756,0.0000
23.0250,61.7756,0.0000
23.0750,61.7756,0.0000
23.1250,61.7756,0.0000
23.1750,61.7756,0.0000
23.2250,61.7756,0.0000
23.2750,61.7756,0.0000
23.3250,61.7756,0.0000
23.3750,61.7756,0.0000
23.4250,61.7756,0.0000
23.4750,61.7756,0.0000
23.5250,61.7756,0.0000
23.5750,61.7756,0.0000
23.6250,61.7756,0.0000
23.6750,61.7756,0.0000
23.7250,61.7756,0.0000
23.7750,61.7756,0.0000
23.8250,61.7756,0.0000
23.8750,61.7756,0.0000
23.9250,61.7756,0.0000
23.9750,61.7756,0.0000
24.0250,61.7756,0.0000
24.0750,61.7756,0.0000
24.1250,61.7756,0.0000
24.1750,61.7756,0.0000
24.2250,61.7756,0.0000
24.2750,61.7756,0.0000
24.3250,61.7756,0.0000
24.3750,61.7756,0.0000
24.4250,61.7756,0.0000
24.4750,61.7756,0.0000
24.5250,61.7756,0.0000
24.5750,61.7756,0.0000
24.6250,61.7756,0.0000
24.6750,61.7756,0.0000
24.7250,61.7756,0.0000
24.7750,61.7756,0.0000
24.8250,61.7756,0.0000
24.8750,61.7756,0.0000
24.9250,61.7756,0.0000
24.9750,61.7756,0.0000
25.0250,61.7756,0.0000
25.0750,61.7756,0.0000
25.1250,61.7756,0.0000
25.1750,61.7756,0.0000
25.2250,61.7756,0.0000
25.2750,61.7756,0.0000
25.3250,61.7756,0.0000
25.3750,61.7756,0.0000
25.4250,61.7756,0.0000
25.4750,61.7756,0.0000
25.5250,61.7756,0.0000
25.5750,61.7756,0.0000
25.6250,61.7756,0.0000
25.6750,61.7756,0.0000
25.7250,61.7756,0.0000
25.7750,61.7756,0.0000
25.8250,61.7756,0.0000
25.8750,61.7756,0.0000
25.9250,61.7756,0.0000
25.9750,61.7756,0.0000
26.0250,61.7756,0.0000
26.0750,61.7756,0.0000
26.1250,61.7756,0.0000
26.1750,61.7756,0.0000
26.2250,61.7756,0.0000
26.2750,61.7756,0.0000
26.3250,61.7756,0.0000
26.3750,61.7756,0.0000
26.4250,61.7756,0.0000
26.4750,61.7756,0.0000
26.5250,61.7756,0.0000
26.5750,61.7756,0.0000
26.6250,61.7756,0.0000
26.6750,61.7756,0.0000
26.7250,61.7756,0.0000
26.7750,61.7756,0.0000
26.8250,61.7756,0.0000
26.8750,61.7756,0.0000
26.9250,61.7756,0.0000
26.9750,61.7756,0.0000
27.0250,61.7756,0.0000
27.0750,61.7756,0.0000
27.1250,61.7756,0.0000
27.1750,61.7756,0.0000
27.2250,61.7756,0.0000
27.2750,61.7756,0.0000
27.3250,61.7756,0.0000
27.3750,61.7756,0.0000
27.4250,61.7756,0.0000
27.4750,61.7756,0.0000
27.5250,61.7756,0.0000
27.5750,61.7756,0.0000
27.6250,61.7756,0.0000
27.6750,61.7756,0.0000
27.7250,61.7756,0.0000
27.7750,61.7756,0.0000
27.8250,61.7756,0.0000
27.8750,61.7756,0.0000
27.9250,61.7756,0.0000
27.9750,61.7756,0.0000
28.0250,61.7756,0.0000
28.0750,61.7756,0.0000
28.1250,61.7756,0.0000
28.1750,61.7756,0.0000
28.2250,61.7756,0.0000
28.2750,61.7756,0.0000
28.3250,61.7756,0.0000
28.3750,61.7756,0.0000
28.4250,61.7756,0.0000
28.4750,61.7756,0.0000
28.5250,61.7756,0.0000
28.5750,61.7756,0.0000
28.6250,61.7756,0.0000
28.6750,61.7756,0.0000
28.7250,61.7756,0.0000
28.7750,61.7756,0.0000
28.8250,61.7756,0.0000
28.8750,61.7756,0.0000
28.9250,61.7756,0.0000
28.9750,61.7756,0.0000
29.0250,61.7756,0.0000
29.0750,61.7756,0.0000
29.1250,61.7756,0.0000
29.1750,61.7756,0.0000
29.2250,61.7756,0.0000
29.2750,61.7756,0.0000
29.3250,61.7756,0.0000
29.3750,61.7756,0.0000
29.4250,61.7756,0.0000
29.4750,61.7756,0.0000
29.5250,61.7756,0.0000
29.5750,61.7756,0.0000
29.6250,61.7756,0.0000
29.6750,61.7756,0.0000
29.7250,61.7756,0.0000
29.7750,61.7756,0.0000
29.8250,61.7756,0.0000
29.8750,61.7756,0.0000
29.9250,61.7756,0.0000
29.9750,61.7756,0.0000
30.0250,61.7756,0.0000
30.0750,61.7756,0.0000
30.1250,61.7756,0.0000
30.1750,61.7756,0.0000
30.2250,61.7756,0.0000
30.2750,61.7756,0.0000
30.3250,61.7756,0.0000
30.3750,61.7756,0.0000
30.4250,61.7756,0.0000
30.4750,61.7756,0.0000
30.5250,61.7756,0.0000
30.5750,61.7756,0.0000
30.6250,61.7756,0.0000
30.6750,61.7756,0.0000
30.7250,61.7756,0.0000
30.7750,61.7756,0.0000
30.8250,61.7756,0.0000
30.8750,61.7756,0.0000
30.9250,61.7756,0.0000
30.9750,61.7756,0.0000
31.0250,61.7756,0.0000
31.0750,61.7756,0.0000
31.1250,61.7756,0.0000
31.1750,61.7756,0.0000
31.2250,61.7756,0.0000
31.2750,61.7756,0.0000
31.3250,61.7756,0.0000
31.3750,61.7756,0.0000
31.4250,61.7756,0.0000
31.4750,61.7756,0.0000
31.5250,61.7756,0.0000
31.5750,61.7756,0.0000
21.4750,61.7256,0.0062
21.5250,61.7256,0.0062
21.5750,61.7256,0.0061
21.6250,61.7256,0.0061
21.6750,61.7256,0.0060
21.7250,61.7256,0.0059
21.7750,61.7256,0.0058
21.8250,61.7256,0.0058
21.8750,61.7256,0.0057
21.9250,61.7256,0.0057
21.9750,61.7256,0.0056
22.0250,61.7256,0.0055
22.0750,61.7256,0.0055
22.1250,61.7256,0.0054
22.1750,61.7256,0.0053
22.2250,61.7256,0.0053
22.2750,61.7256,0.0052
22.3250,61.7256,0.0051
22.3750,61.7256,0.0050
22.4250,61.7256,0.0050
22.4750,61.7256,0.0000
22.5250,61.7256,0.0000
22.5750,61.7256,0.0000
22.6250,61.7256,0.0000
22.6750,61.7256,0.0000
22.7250,61.7256,0.0000
22.7750,61.7256,0.0000
22.8250,61.7256,0.0000
22.8750,61.7256,0.0000
22.9250,61.7256,0.0000
22.9750,61.7256,0.0000
23.0250,61.7256,0.0000
23.0750,61.7256,0.0000
23.1250,61.7256,0.0000
23.1750,61.7256,0.0000
23.2250,61.7256,0.0000
23.2750,61.7256,0.0000
23.3250,61.7256,0.0000
23.3750,61.7256,0.0000
23.4250,61.7256,0.0000
23.4750,61.7256,0.0000
23.5250,61.7256,0.0000
23.5750,61.7256,0.0000
23.6250,61.7256,0.0000
23.6750,61.7256,0.0000
23.7250,61.7256,0.0000
23.7750,61.7256,0.0000
23.8250,61.7256,0.0000
23.8750,61.7256,0.0000
23.9250,61.7256,0.0000
23.9750,61.7256,0.0000
24.0250,61.7256,0.0000
24.0750,61.7256,0.0000
24.1250,61.7256,0.0000
24.1750,61.7256,0.0000
24.2250,61.7256,0.0000
24.2750,61.7256,0.0000
24.3250,61.7256,0.0000
24.3750,61.7256,0.0000
24.4250,61.7256,0.0000
24.4750,61.7256,0.0000
24.5250,61.7256,0.0000
24.5750,61.7256,0.0000
24.6250,61.7256,0.0000
24.6750,61.7256,0.0000
24.7250,61.7256,0.0000
24.7750,61.7256,0.0000
24.8250,61.7256,0.0000
24.8750,61.7256,0.0000
24.9250,61.7256,0.0000
24.9750,61.7256,0.0000
25.0250,61.7256,0.0000
25.0750,61.7256,0.0000
25.1250,61.7256,0.0000
25.1750,61.7256,0.0000
25.2250,61.7256,0.0000
25.2750,61.7256,0.0000
25.3250,61.7256,0.0000
25.3750,61.7256,0.0000
25.4250,61.7256,0.0000
25.4750,61.7256,0.0000
25.5250,61.7256,0.0000
25.5750,61.7256,0.0000
25.6250,61.7256,0.0000
25.6750,61.7256,0.0000
25.7250,61.7256,0.0000
25.7750,61.7256,0.0000
25.8250,61.7256,0.0000
25.8750,61.7256,0.0000
25.9250,61.7256,0.0000
25.9750,61.7256,0.0000
26.0250,61.7256,0.0000
26.0750,61.7256,0.0000
26.1250,61.7256,0.0000
26.1750,61.7256,0.0000
26.2250,61.7256,0.0000
26.2750,61.7256,0.0000
26.3250,61.7256,0.0000
26.3750,61.7256,0.0000
26.4250,61.7256,0.0000
26.4750,61.7256,0.0000
26.5250,61.7256,0.0000
26.5750,61.7256,0.0000
26.6250,61.7256,0.0000
26.6750,61.7256,0.0000
26.7250,61.7256,0.0000
26.7750,61.7256,0.0000
26.8250,61.7256,0.0000
26.8750,61.7256,0.0000
26.9250,61.7256,0.0000
26.9750,61.7256,0.0000
27.0250,61.7256,0.0000
27.0750,61.7256,0.0000
27.1250,61.7256,0.0000
27.1750,61.7256,0.0000
27.2250,61.7256,0.0000
27.2750,61.7256,0.0000
27.3250,61.7256,0.0000
27.3750,61.7256,0.0000
27.4250,61.7256,0.0000
27.4750,61.7256,0.0000
27.5250,61.7256,0.0000
27.5750,61.7256,0.0000
27.6250,61.7256,0.0000
27.6750,61.7256,0.0000
27.7250,61.7256,0.0000
27.7750,61.7256,0.0000
27.8250,61.7256,0.0000
27.8750,61.7256,0.0000
27.9250,61.7256,0.0000
27.9750,61.7256,0.0000
28.0250,61.7256,0.0000
28.0750,61.7256,0.0000
28.1250,61.7256,0.0000
28.1750,61.7256,0.0000
28.2250,61.7256,0.0000
28.2750,61.7256,0.0000
28.3250,61.7256,0.0000
28.3750,61.7256,0.0000
28.4250,61.7256,0.0000
28.4750,61.7256,0.0000
28.5250,61.7256,0.0000
28.5750,61.7256,0.0000
28.6250,61.7256,0.0000
28.6750,61.7256,0.0000
28.7250,61.7256,0.0000
28.7750,61.7256,0.0000
28.8250,61.7256,0.0000
28.8750,61.7256,0.0000
28.9250,61.7256,0.0000
28.9750,61.7256,0.0000
29.0250,61.7256,0.0000
29.0750,61.7256,0.0000
29.1250,61.7256,0.0000
29.1750,61.7256,0.0000
29.2250,61.7256,0.0000
29.2750,61.7256,0.0000
29.3250,61.7256,0.0000
29.3750,61.7256,0.0000
29.4250,61.7256,0.0000
29.4750,61.7256,0.0000
29.5250,61.7256,0.0000
29.5750,61.7256,0.0000
29.6250,61.7256,0.0000
29.6750,61.7256,0.0000
29.7250,61.7256,0.0000
29.7750,61.7256,0.0000
29.8250,61.7256,0.0000
29.8750,61.7256,0.0000
29.9250,61.7256,0.0000
29.9750,61.7256,0.0000
30.0250,61.7256,0.0000
30.0750,61.7256,0.0000
30.1250,61.7256,0.0000
30.1750,61.7256,0.0000
30.2250,61.7256,0.0000
30.2750,61.7256,0.0000
30.3250,61.7256,0.0000
30.3750,61.7256,0.0000
30.4250,61.7256,0.0000
30.4750,61.7256,0.0000
30.5250,61.7256,0.0000
30.5750,61.7256,0.0000
30.6250,61.7256,0.0000
30.6750,61.7256,0.0000
30.7250,61.7256,0.0000
30.7750,61.7256,0.0000
30.8250,61.7256,0.0000
30.8750,61.7256,0.0000
30.9250,61.7256,0.0000
30.9750,61.7256,0.0000
31.0250,61.7256,0.0000
31.0750,61.7256,0.0000
31.1250,61.7256,0.0000
31.1750,61.7256,0.0000
31.2250,61.7256,0.0000
31.2750,61.7256,0.0000
31.3250,61.7256,0.0000
31.3750,61.7256,0.0000
31.4250,61.7256,0.0000
31.4750,61.7256,0.0000
31.5250,61.7256,0.0000
31.5750,61.7256,0.0000
21.3750,61.6756,0.0062
21.4250,61.6756,0.0062
21.4750,61.6756,0.0062
21.5250,61.6756,0.0062
21.5750,61.6756,0.0061
21.6250,61.6756,0.0061
21.6750,61.6756,0.0060
21.7250,61.6756,0.0059
21.7750,61.6756,0.0059
21.8250,61.6756,0.0058
21.8750,61.6756,0.0057
21.9250,61.6756,0.0057
21.9750,61.6756,0.0056
22.0250,61.6756,0.0056
22.0750,61.6756,0.0054
22.1250,61.6756,0.0054
22.1750,61.6756,0.0053
22.2250,61.6756,0.0052
22.2750,61.6756,0.0052
22.3250,61.6756,0.0051
22.3750,61.6756,0.0051
22.4250,61.6756,0.0000
22.4750,61.6756,0.0000
22.5250,61.6756,0.0000
22.5750,61.6756,0.0000
22.6250,61.6756,0.0000
22.6750,61.6756,0.0000
22.7250,61.6756,0.0000
22.7750,61.6756,0.0000
22.8250,61.6756,0.0000
22.8750,61.6756,0.0000
22.9250,61.6756,0.0000
22.9750,61.6756,0.0000
23.0250,61.6756,0.0000
23.0750,61.6756,0.0000
23.1250,61.6756,0.0000
23.1750,61.6756,0.0000
23.2250,61.6756,0.0000
23.2750,61.6756,0.0000
23.3250,61.6756,0.0000
23.3750,61.6756,0.0000
23.4250,61.6756,0.0000
23.4750,61.6756,0.0000
23.5250,61.6756,0.0000
23.5750,61.6756,0.0000
23.6250,61.6756,0.0000
23.6750,61.6756,0.0000
23.7250,61.6756,0.0000
23.7750,61.6756,0.0000
23.8250,61.6756,0.0000
23.8750,61.6756,0.0000
23.9250,61.6756,0.0000
23.9750,61.6756,0.0000
24.0250,61.6756,0.0000
24.0750,61.6756,0.0000
24.1250,61.6756,0.0000
24.1750,61.6756,0.0000
24.2250,61.6756,0.0000
24.2750,61.6756,0.0000
24.3250,61.6756,0.0000
24.3750,61.6756,0.0000
24.4250,61.6756,0.0000
24.4750,61.6756,0.0000
24.5250,61.6756,0.0000
24.5750,61.6756,0.0000
24.6250,61.6756,0.0000
24.6750,61.6756,0.0000
24.7250,61.6756,0.0000
24.7750,61.6756,0.0000
24.8250,61.6756,0.0000
24.8750,61.6756,0.0000
24.9250,61.6756,0.0000
24.9750,61.6756,0.0000
25.0250,61.6756,0.0000
25.0750,61.6756,0.0000
25.1250,61.6756,0.0000
25.1750,61.6756,0.0000
25.2250,61.6756,0.0000
25.2750,61.6756,0.0000
25.3250,61.6756,0.0000
25.3750,61.6756,0.0000
25.4250,61.6756,0.0000
25.4750,61.6756,0.0000
25.5250,61.6756,0.0000
25.5750,61.6756,0.0000
25.6250,61.6756,0.0000
25.6750,61.6756,0.0000
25.7250,61.6756,0.0000
25.7750,61.6756,0.0000
25.8250,61.6756,0.0000
25.8750,61.6756,0.0000
25.9250,61.6756,0.0000
25.9750,61.6756,0.0000
26.0250,61.6756,0.0000
26.0750,61.6756,0.0000
26.1250,61.6756,0.0000
26.1750,61.6756,0.0000
26.2250,61.6756,0.0000
26.2750,61.6756,0.0000
26.3250,61.6756,0.0000
26.3750,61.6756,0.0000
26.4250,61.6756,0.0000
26.4750,61.6756,0.0000
26.5250,61.6756,0.0000
26.5750,61.6756,0.0000
26.6250,61.6756,0.0000
26.6750,61.6756,0.0000
26.7250,61.6756,0.0000
26.7750,61.6756,0.0000
26.8250,61.6756,0.0000
26.8750,61.6756,0.0000
26.9250,61.6756,0.0000
26.9750,61.6756,0.0000
27.0250,61.6756,0.0000
27.0750,61.6756,0.0000
27.1250,61.6756,0.0000
27.1750,61.6756,0.0000
27.2250,61.6756,0.0000
27.2750,61.6756,0.0000
27.3250,61.6756,0.0000
27.3750,61.6756,0.0000
27.4250,61.6756,0.0000
27.4750,61.6756,0.0000
27.5250,61.6756,0.0000
27.5750,61.6756,0.0000
27.6250,61.6756,0.0000
27.6750,61.6756,0.0000
27.7250,61.6756,0.0000
27.7750,61.6756,0.0000
27.8250,61.6756,0.0000
27.8750,61.6756,0.0000
27.9250,61.6756,0.0000
27.9750,61.6756,0.0000
28.0250,61.6756,0.0000
28.0750,61.6756,0.0000
28.1250,61.6756,0.0000
28.1750,61.6756,0.0000
28.2250,61.6756,0.0000
28.2750,61.6756,0.0000
28.3250,61.6756,0.0000
28.3750,61.6756,0.0000
28.4250,61.6756,0.0000
28.4750,61.6756,0.0000
28.5250,61.6756,0.0000
28.5750,61.6756,0.0000
28.6250,61.6756,0.0000
28.6750,61.6756,0.0000
28.7250,61.6756,0.0000
28.7750,61.6756,0.0000
28.8250,61.6756,0.0000
28.8750,61.6756,0.0000
28.9250,61.6756,0.0000
28.9750,61.6756,0.0000
29.0250,61.6756,0.0000
29.0750,61.6756,0.0000
29.1250,61.6756,0.0000
29.1750,61.6756,0.0000
29.2250,61.6756,0.0000
29.2750,61.6756,0.0000
29.3250,61.6756,0.0000
29.3750,61.6756,0.0000
29.4250,61.6756,0.0000
29.4750,61.6756,0.0000
29.5250,61.6756,0.0000
29.5750,61.6756,0.0000
29.6250,61.6756,0.0000
29.6750,61.6756,0.0000
29.7250,61.6756,0.0000
29.7750,61.6756,0.0000
29.8250,61.6756,0.0000
29.8750,61.6756,0.0000
29.9250,61.6756,0.0000
29.9750,61.6756,0.0000
30.0250,61.6756,0.0000
30.0750,61.6756,0.0000
30.1250,61.6756,0.0000
30.1750,61.6756,0.0000
30.2250,61.6756,0.0000
30.2750,61.6756,0.0000
30.3250,61.6756,0.0000
30.3750,61.6756,0.0000
30.4250,61.6756,0.0000
30.4750,61.6756,0.0000
30.5250,61.6756,0.0000
30.5750,61.6756,0.0000
30.6250,61.6756,0.0000
30.6750,61.6756,0.0000
30.7250,61.6756,0.0000
30.7750,61.6756,0.0000
30.8250,61.6756,0.0000
30.8750,61.6756,0.0000
30.9250,61.6756,0.0000
30.9750,61.6756,0.0000
31.0250,61.6756,0.0000
31.0750,61.6756,0.0000
31.1250,61.6756,0.0000
31.1750,61.6756,0.0000
31.2250,61.6756,0.0000
31.2750,61.6756,0.0000
31.3250,61.6756,0.0000
31.3750,61.6756,0.0000
31.4250,61.6756,0.0000
31.4750,61.6756,0.0000
31.5250,61.6756,0.0000
31.5750,61.6756,0.0000
21.3750,61.6256,0.0062
21.4250,61.6256,0.0062
21.4750,61.6256,0.0062
21.5250,61.6256,0.0062
21.5750,61.6256,0.0062
21.6250,61.6256,0.0060
21.6750,61.6256,0.0060
21.7250,61.6256,0.0059
21.7750,61.6256,0.0059
21.8250,61.6256,0.0058
21.8750,61.6256,0.0058
21.9250,61.6256,0.0056
21.9750,61.6256,0.0056
22.0250,61.6256,0.0055
22.0750,61.6256,0.0055
22.1250,61.6256,0.0054
22.1750,61.6256,0.0052
22.2250,61.6256,0.0053
22.2750,61.6256,0.0052
22.3250,61.6256,0.0051
22.3750,61.6256,0.0051
22.4250,61.6256,0.0036
22.4750,61.6256,0.0000
22.5250,61.6256,0.0000
22.5750,61.6256,0.0000
22.6250,61.6256,0.0000
22.6750,61.6256,0.0000
22.7250,61.6256,0.0000
22.7750,61.6256,0.0000
22.8250,61.6256,0.0000
22.8750,61.6256,0.0000
22.9250,61.6256,0.0000
22.9750,61.6256,0.0000
23.0250,61.6256,0.0000
23.0750,61.6256,0.0000
23.1250,61.6256,0.0000
23.1750,61.6256,0.0000
23.2250,61.6256,0.0000
23.2750,61.6256,0.0000
23.3250,61.6256,0.0000
23.3750,61.6256,0.0000
23.4250,61.6256,0.0000
23.4750,61.6256,0.0000
23.5250,61.6256,0.0000
23.5750,61.6256,0.0000
23.6250,61.6256,0.0000
23.6750,61.6256,0.0000
23.7250,61.6256,0.0000
23.7750,61.6256,0.0000
23.8250,61.6256,0.0000
23.8750,61.6256,0.0000
23.9250,61.6256,0.0000
23.9750,61.6256,0.0000
24.0250,61.6256,0.0000
24.0750,61.6256,0.0000
24.1250,61.6256,0.0000
24.1750,61.6256,0.0000
24.2250,61.6256,0.0000
24.2750,61.6256,0.0000
24.3250,61.6256,0.0000
24.3750,61.6256,0.0000
24.4250,61.6256,0.0000
24.4750,61.6256,0.0000
24.5250,61.6256,0.0000
24.5750,61.6256,0.0000
24.6250,61.6256,0.0000
24.6750,61.6256,0.0000
24.7250,61.6256,0.0000
24.7750,61.6256,0.0000
24.8250,61.6256,0.0000
24.8750,61.6256,0.0000
24.9250,61.6256,0.0000
24.9750,61.6256,0.0000
25.0250,61.6256,0.0000
25.0750,61.6256,0.0000
25.1250,61.6256,0.0000
25.1750,61.6256,0.0000
25.2250,61.6256,0.0000
25.2750,61.6256,0.0000
25.3250,61.6256,0.0000
25.3750,61.6256,0.0000
25.4250,61.6256,0.0000
25.4750,61.6256,0.0000
25.5250,61.6256,0.0000
25.5750,61.6256,0.0000
25.6250,61.6256,0.0000
25.6750,61.6256,0.0000
25.7250,61.6256,0.0000
25.7750,61.6256,0.0000
25.8250,61.6256,0.0000
25.8750,61.6256,0.0000
25.9250,61.6256,0.0000
25.9750,61.6256,0.0000
26.0250,61.6256,0.0000
26.0750,61.6256,0.0000
26.1250,61.6256,0.0000
26.1750,61.6256,0.0000
26.2250,61.6256,0.0000
26.2750,61.6256,0.0000
26.3250,61.6256,0.0000
26.3750,61.6256,0.0000
26.4250,61.6256,0.0000
26.4750,61.6256,0.0000
26.5250,61.6256,0.0000
26.5750,61.6256,0.0000
26.6250,61.6256,0.0000
26.6750,61.6256,0.0000
26.7250,61.6256,0.0000
26.7750,61.6256,0.0000
26.8250,61.6256,0.0000
26.8750,61.6256,0.0000
26.9250,61.6256,0.0000
26.9750,61.6256,0.0000
27.0250,61.6256,0.0000
27.0750,61.6256,0.0000
27.1250,61.6256,0.0000
27.1750,61.6256,0.0000
27.2250,61.6256,0.0000
27.2750,61.6256,0.0000
27.3250,61.6256,0.0000
27.3750,61.6256,0.0000
27.4250,61.6256,0.0000
27.4750,61.6256,0.0000
27.5250,61.6256,0.0000
27.5750,61.6256,0.0000
27.6250,61.6256,0.0000
27.6750,61.6256,0.0000
27.7250,61.6256,0.0000
27.7750,61.6256,0.0000
27.8250,61.6256,0.0000
27.8750,61.6256,0.0000
27.9250,61.6256,0.0000
27.9750,61.6256,0.0000
28.0250,61.6256,0.0000
28.0750,61.6256,0.0000
28.1250,61.6256,0.0000
28.1750,61.6256,0.0000
28.2250,61.6256,0.0000
28.2750,61.6256,0.0000
28.3250,61.6256,0.0000
28.3750,61.6256,0.0000
28.4250,61.6256,0.0000
28.4750,61.6256,0.0000
28.5250,61.6256,0.0000
28.5750,61.6256,0.0000
28.6250,61.6256,0.0000
28.6750,61.6256,0.0000
28.7250,61.6256,0.0000
28.7750,61.6256,0.0000
28.8250,61.6256,0.0000
28.8750,61.6256,0.0000
28.9250,61.6256,0.0000
28.9750,61.6256,0.0000
29.0250,61.6256,0.0000
29.0750,61.6256,0.0000
29.1250,61.6256,0.0000
29.1750,61.6256,0.0000
29.2250,61.6256,0.0000
29.2750,61.6256,0.0000
29.3250,61.6256,0.0000
29.3750,61.6256,0.0000
29.4250,61.6256,0.0000
29.4750,61.6256,0.0000
29.5250,61.6256,0.0000
29.5750,61.6256,0.0000
29.6250,61.6256,0.0000
29.6750,61.6256,0.0000
29.7250,61.6256,0.0000
29.7750,61.6256,0.0000
29.8250,61.6256,0.0000
29.8750,61.6256,0.0000
29.9250,61.6256,0.0000
29.9750,61.6256,0.0000
30.0250,61.6256,0.0000
30.0750,61.6256,0.0000
30.1250,61.6256,0.0000
30.1750,61.6256,0.0000
30.2250,61.6256,0.0000
30.2750,61.6256,0.0000
30.3250,61.6256,0.0000
30.3750,61.6256,0.0056
30.4250,61.6256,0.0051
30.4750,61.6256,0.0049
30.5250,61.6256,0.0000
30.5750,61.6256,0.0000
30.6250,61.6256,0.0000
30.6750,61.6256,0.0000
30.7250,61.6256,0.0000
30.7750,61.6256,0.0000
30.8250,61.6256,0.0000
30.8750,61.6256,0.0000
30.9250,61.6256,0.0000
30.9750,61.6256,0.0000
31.0250,61.6256,0.0000
31.0750,61.6256,0.0000
31.1250,61.6256,0.0000
31.1750,61.6256,0.0000
31.2250,61.6256,0.0000
31.2750,61.6256,0.0000
31.3250,61.6256,0.0000
31.3750,61.6256,0.0000
31.4250,61.6256,0.0000
31.4750,61.6256,0.0000
31.5250,61.6256,0.0000
31.5750,61.6256,0.0000
21.4750,61.5756,0.0062
21.5250,61.5756,0.0062
21.5750,61.5756,0.0061
21.6250,61.5756,0.0060
21.6750,61.5756,0.0060
21.7250,61.5756,0.0059
21.7750,61.5756,0.0059
21.8250,61.5756,0.0058
21.8750,61.5756,0.0057
21.9250,61.5756,0.0057
21.9750,61.5756,0.0056
22.0250,61.5756,0.0055
22.0750,61.5756,0.0055
22.1250,61.5756,0.0053
22.1750,61.5756,0.0053
22.2250,61.5756,0.0053
22.2750,61.5756,0.0052
22.3250,61.5756,0.0051
22.3750,61.5756,0.0000
22.4250,61.5756,0.0000
22.4750,61.5756,0.0000
22.5250,61.5756,0.0000
22.5750,61.5756,0.0000
22.6250,61.5756,0.0000
22.6750,61.5756,0.0000
22.7250,61.5756,0.0000
22.7750,61.5756,0.0000
22.8250,61.5756,0.0000
22.8750,61.5756,0.0000
22.9250,61.5756,0.0000
22.9750,61.5756,0.0000
23.0250,61.5756,0.0000
23.0750,61.5756,0.0000
23.1250,61.5756,0.0000
23.1750,61.5756,0.0000
23.2250,61.5756,0.0000
23.2750,61.5756,0.0000
23.3250,61.5756,0.0000
23.3750,61.5756,0.0000
23.4250,61.5756,0.0000
23.4750,61.5756,0.0000
23.5250,61.5756,0.0000
23.5750,61.5756,0.0000
23.6250,61.5756,0.0000
23.6750,61.5756,0.0000
23.7250,61.5756,0.0000
23.7750,61.5756,0.0000
23.8250,61.5756,0.0000
23.8750,61.5756,0.0000
23.9250,61.5756,0.0000
23.9750,61.5756,0.0000
24.0250,61.5756,0.0000
24.0750,61.5756,0.0000
24.1250,61.5756,0.0000
24.1750,61.5756,0.0000
24.2250,61.5756,0.0000
24.2750,61.5756,0.0000
24.3250,61.5756,0.0000
24.3750,61.5756,0.0000
24.4250,61.5756,0.0000
24.4750,61.5756,0.0000
24.5250,61.5756,0.0000
24.5750,61.5756,0.0000
24.6250,61.5756,0.0000
24.6750,61.5756,0.0000
24.7250,61.5756,0.0000
24.7750,61.5756,0.0000
24.8250,61.5756,0.0000
24.8750,61.5756,0.0000
24.9250,61.5756,0.0000
24.9750,61.5756,0.0000
25.0250,61.5756,0.0000
25.0750,61.5756,0.0000
25.1250,61.5756,0.0000
25.1750,61.5756,0.0000
25.2250,61.5756,0.0000
25.2750,61.5756,0.0000
25.3250,61.5756,0.0000
25.3750,61.5756,0.0000
25.4250,61.5756,0.0000
25.4750,61.5756,0.0000
25.5250,61.5756,0.0000
25.5750,61.5756,0.0000
25.6250,61.5756,0.0000
25.6750,61.5756,0.0000
25.7250,61.5756,0.0000
25.7750,61.5756,0.0000
25.8250,61.5756,0.0000
25.8750,61.5756,0.0000
25.9250,61.5756,0.0000
25.9750,61.5756,0.0000
26.0250,61.5756,0.0000
26.0750,61.5756,0.0000
26.1250,61.5756,0.0000
26.1750,61.5756,0.0000
26.2250,61.5756,0.0000
26.2750,61.5756,0.0000
26.3250,61.5756,0.0000
26.3750,61.5756,0.0000
26.4250,61.5756,0.0000
26.4750,61.5756,0.0000
26.5250,61.5756,0.0000
26.5750,61.5756,0.0000
26.6250,61.5756,0.0000
26.6750,61.5756,0.0000
26.7250,61.5756,0.0000
26.7750,61.5756,0.0000
26.8250,61.5756,0.0000
26.8750,61.5756,0.0000
26.9250,61.5756,0.0000
26.9750,61.5756,0.0000
27.0250,61.5756,0.0000
27.0750,61.5756,0.0000
27.1250,61.5756,0.0000
27.1750,61.5756,0.0000
27.2250,61.5756,0.0000
27.2750,61.5756,0.0000
27.3250,61.5756,0.0000
27.3750,61.5756,0.0000
27.4250,61.5756,0.0000
27.4750,61.5756,0.0000
27.5250,61.5756,0.0000
27.5750,61.5756,0.0000
27.6250,61.5756,0.0000
27.6750,61.5756,0.0000
27.7250,61.5756,0.0000
27.7750,61.5756,0.0000
27.8250,61.5756,0.0000
27.8750,61.5756,0.0000
27.9250,61.5756,0.0000
27.9750,61.5756,0.0000
28.0250,61.5756,0.0000
28.0750,61.5756,0.0000
28.1250,61.5756,0.0000
28.1750,61.5756,0.0000
28.2250,61.5756,0.0000
28.2750,61.5756,0.0000
28.3250,61.5756,0.0000
28.3750,61.5756,0.0000
28.4250,61.5756,0.0000
28.4750,61.5756,0.0000
28.5250,61.5756,0.0000
28.5750,61.5756,0.0000
28.6250,61.5756,0.0000
28.6750,61.5756,0.0000
28.7250,61.5756,0.0000
28.7750,61.5756,0.0000
28.8250,61.5756,0.0000
28.8750,61.5756,0.0000
28.9250,61.5756,0.0000
28.9750,61.5756,0.0000
29.0250,61.5756,0.0000
29.0750,61.5756,0.0000
29.1250,61.5756,0.0000
29.1750,61.5756,0.0000
29.2250,61.5756,0.0000
29.2750,61.5756,0.0000
29.3250,61.5756,0.0000
29.3750,61.5756,0.0000
29.4250,61.5756,0.0000
29.4750,61.5756,0.0000
29.5250,61.5756,0.0000
29.5750,61.5756,0.0000
29.6250,61.5756,0.0000
29.6750,61.5756,0.0000
29.7250,61.5756,0.0000
29.7750,61.5756,0.0000
29.8250,61.5756,0.0000
29.8750,61.5756,0.0000
29.9250,61.5756,0.0000
29.9750,61.5756,0.0000
30.0250,61.5756,0.0000
30.0750,61.5756,0.0000
30.1250,61.5756,0.0000
30.1750,61.5756,0.0000
30.2250,61.5756,0.0001
30.2750,61.5756,0.0061
30.3250,61.5756,0.0056
30.3750,61.5756,0.0056
30.4250,61.5756,0.0052
30.4750,61.5756,0.0052
30.5250,61.5756,0.0000
30.5750,61.5756,0.0000
30.6250,61.5756,0.0000
30.6750,61.5756,0.0000
30.7250,61.5756,0.0000
30.7750,61.5756,0.0000
30.8250,61.5756,0.0000
30.8750,61.5756,0.0000
30.9250,61.5756,0.0000
30.9750,61.5756,0.0000
31.0250,61.5756,0.0000
31.0750,61.5756,0.0000
31.1250,61.5756,0.0000
31.1750,61.5756,0.0000
31.2250,61.5756,0.0000
31.2750,61.5756,0.0000
31.3250,61.5756,0.0000
31.3750,61.5756,0.0000
31.4250,61.5756,0.0000
31.4750,61.5756,0.0000
31.5250,61.5756,0.0000
31.5750,61.5756,0.0000
21.4250,61.5256,0.0062
21.4750,61.5256,0.0062
21.5250,61.5256,0.0062
21.5750,61.5256,0.0060
21.6250,61.5256,0.0060
21.6750,61.5256,0.0060
21.7250,61.5256,0.0059
21.7750,61.5256,0.0059
21.8250,61.5256,0.0058
21.8750,61.5256,0.0057
21.9250,61.5256,0.0057
21.9750,61.5256,0.0056
22.0250,61.5256,0.0056
22.0750,61.5256,0.0054
22.1250,61.5256,0.0054
22.1750,61.5256,0.0053
22.2250,61.5256,0.0052
22.2750,61.5256,0.0051
22.3250,61.5256,0.0051
22.3750,61.5256,0.0051
22.4250,61.5256,0.0000
22.4750,61.5256,0.0000
22.5250,61.5256,0.0000
22.5750,61.5256,0.0000
22.6250,61.5256,0.0000
22.6750,61.5256,0.0000
22.7250,61.5256,0.0000
22.7750,61.5256,0.0000
22.8250,61.5256,0.0000
22.8750,61.5256,0.0000
22.9250,61.5256,0.0000
22.9750,61.5256,0.0000
23.0250,61.5256,0.0000
23.0750,61.5256,0.0000
23.1250,61.5256,0.0000
23.1750,61.5256,0.0000
23.2250,61.5256,0.0000
23.2750,61.5256,0.0000
23.3250,61.5256,0.0000
23.3750,61.5256,0.0000
23.4250,61.5256,0.0000
23.4750,61.5256,0.0000
23.5250,61.5256,0.0000
23.5750,61.5256,0.0000
23.6250,61.5256,0.0000
23.6750,61.5256,0.0000
23.7250,61.5256,0.0000
23.7750,61.5256,0.0000
23.8250,61.5256,0.0000
23.8750,61.5256,0.0000
23.9250,61.5256,0.0000
23.9750,61.5256,0.0000
24.0250,61.5256,0.0000
24.0750,61.5256,0.0000
24.1250,61.5256,0.0000
24.1750,61.5256,0.0000
24.2250,61.5256,0.0000
24.2750,61.5256,0.0000
24.3250,61.5256,0.0000
24.3750,61.5256,0.0000
24.4250,61.5256,0.0000
24.4750,61.5256,0.0000
24.5250,61.5256,0.0000
24.5750,61.5256,0.0000
24.6250,61.5256,0.0000
24.6750,61.5256,0.0000
24.7250,61.5256,0.0000
24.7750,61.5256,0.0000
24.8250,61.5256,0.0000
24.8750,61.5256,0.0000
24.9250,61.5256,0.0000
24.9750,61.5256,0.0000
25.0250,61.5256,0.0000
25.0750,61.5256,0.0000
25.1250,61.5256,0.0000
25.1750,61.5256,0.0000
25.2250,61.5256,0.0000
25.2750,61.5256,0.0000
25.3250,61.5256,0.0000
25.3750,61.5256,0.0000
25.4250,61.5256,0.0000
25.4750,61.5256,0.0000
25.5250,61.5256,0.0000
25.5750,61.5256,0.0000
25.6250,61.5256,0.0000
25.6750,61.5256,0.0000
25.7250,61.5256,0.0000
25.7750,61.5256,0.0000
25.8250,61.5256,0.0000
25.8750,61.5256,0.0000
25.9250,61.5256,0.0000
25.9750,61.5256,0.0000
26.0250,61.5256,0.0000
26.0750,61.5256,0.0000
26.1250,61.5256,0.0000
26.1750,61.5256,0.0000
26.2250,61.5256,0.0000
26.2750,61.5256,0.0000
26.3250,61.5256,0.0000
26.3750,61.5256,0.0000
26.4250,61.5256,0.0000
26.4750,61.5256,0.0000
26.5250,61.5256,0.0000
26.5750,61.5256,0.0000
26.6250,61.5256,0.0000
26.6750,61.5256,0.0000
26.7250,61.5256,0.0000
26.7750,61.5256,0.0000
26.8250,61.5256,0.0000
26.8750,61.5256,0.0000
26.9250,61.5256,0.0000
26.9750,61.5256,0.0000
27.0250,61.5256,0.0000
27.0750,61.5256,0.0000
27.1250,61.5256,0.0000
27.1750,61.5256,0.0000
27.2250,61.5256,0.0000
27.2750,61.5256,0.0000
27.3250,61.5256,0.0000
27.3750,61.5256,0.0000
27.4250,61.5256,0.0000
27.4750,61.5256,0.0000
27.5250,61.5256,0.0000
27.5750,61.5256,0.0000
27.6250,61.5256,0.0000
27.6750,61.5256,0.0000
27.7250,61.5256,0.0000
27.7750,61.5256,0.0000
27.8250,61.5256,0.0000
27.8750,61.5256,0.0000
27.9250,61.5256,0.0000
27.9750,61.5256,0.0000
28.0250,61.5256,0.0000
28.0750,61.5256,0.0000
28.1250,61.5256,0.0000
28.1750,61.5256,0.0000
28.2250,61.5256,0.0000
28.2750,61.5256,0.0000
28.3250,61.5256,0.0000
28.3750,61.5256,0.0000
28.4250,61.5256,0.0000
28.4750,61.5256,0.0000
28.5250,61.5256,0.0000
28.5750,61.5256,0.0000
28.6250,61.5256,0.0000
28.6750,61.5256,0.0000
28.7250,61.5256,0.0000
28.7750,61.5256,0.0000
28.8250,61.5256,0.0000
28.8750,61.5256,0.0000
28.9250,61.5256,0.0000
28.9750,61.5256,0.0000
29.0250,61.5256,0.0000
29.0750,61.5256,0.0000
29.1250,61.5256,0.0000
29.1750,61.5256,0.0000
29.2250,61.5256,0.0000
29.2750,61.5256,0.0000
29.3250,61.5256,0.0000
29.3750,61.5256,0.0000
29.4250,61.5256,0.0000
29.4750,61.5256,0.0000
29.5250,61.5256,0.0051
29.5750,61.5256,0.0051
29.6250,61.5256,0.0048
29.6750,61.5256,0.0002
29.7250,61.5256,0.0000
29.7750,61.5256,0.0000
29.8250,61.5256,0.0000
29.8750,61.5256,0.0000
29.9250,61.5256,0.0000
29.9750,61.5256,0.0000
30.0250,61.5256,0.0000
30.0750,61.5256,0.0000
30.1250,61.5256,0.0000
30.1750,61.5256,0.0066
30.2250,61.5256,0.0066
30.2750,61.5256,0.0062
30.3250,61.5256,0.0058
30.3750,61.5256,0.0057
30.4250,61.5256,0.0053
30.4750,61.5256,0.0053
30.5250,61.5256,0.0000
30.5750,61.5256,0.0000
30.6250,61.5256,0.0000
30.6750,61.5256,0.0000
30.7250,61.5256,0.0000
30.7750,61.5256,0.0000
30.8250,61.5256,0.0000
30.8750,61.5256,0.0000
30.9250,61.5256,0.0000
30.9750,61.5256,0.0000
31.0250,61.5256,0.0000
31.0750,61.5256,0.0000
31.1250,61.5256,0.0000
31.1750,61.5256,0.0000
31.2250,61.5256,0.0000
31.2750,61.5256,0.0000
31.3250,61.5256,0.0000
31.3750,61.5256,0.0000
31.4250,61.5256,0.0000
31.4750,61.5256,0.0000
31.5250,61.5256,0.0000
31.5750,61.5256,0.0000
21.3250,61.4756,0.0061
21.3750,61.4756,0.0061
21.5250,61.4756,0.0061
21.5750,61.4756,0.0060
21.6250,61.4756,0.0060
21.6750,61.4756,0.0059
21.7250,61.4756,0.0059
21.7750,61.4756,0.0059
21.8250,61.4756,0.0058
21.8750,61.4756,0.0057
21.9250,61.4756,0.0057
21.9750,61.4756,0.0056
22.0250,61.4756,0.0055
22.0750,61.4756,0.0054
22.1250,61.4756,0.0053
22.1750,61.4756,0.0053
22.2250,61.4756,0.0052
22.2750,61.4756,0.0051
22.3250,61.4756,0.0051
22.3750,61.4756,0.0050
22.4250,61.4756,0.0000
22.4750,61.4756,0.0000
22.5250,61.4756,0.0000
22.5750,61.4756,0.0000
22.6250,61.4756,0.0000
22.6750,61.4756,0.0000
22.7250,61.4756,0.0000
22.7750,61.4756,0.0000
22.8250,61.4756,0.0000
22.8750,61.4756,0.0000
22.9250,61.4756,0.0000
22.9750,61.4756,0.0000
23.0250,61.4756,0.0000
23.0750,61.4756,0.0000
23.1250,61.4756,0.0000
23.1750,61.4756,0.0000
23.2250,61.4756,0.0000
23.2750,61.4756,0.0000
23.3250,61.4756,0.0000
23.3750,61.4756,0.0000
23.4250,61.4756,0.0000
23.4750,61.4756,0.0000
23.5250,61.4756,0.0000
23.5750,61.4756,0.0000
23.6250,61.4756,0.0000
23.6750,61.4756,0.0000
23.7250,61.4756,0.0000
23.7750,61.4756,0.0000
23.8250,61.4756,0.0000
23.8750,61.4756,0.0000
23.9250,61.4756,0.0000
23.9750,61.4756,0.0000
24.0250,61.4756,0.0000
24.0750,61.4756,0.0000
24.1250,61.4756,0.0000
24.1750,61.4756,0.0000
24.2250,61.4756,0.0000
24.2750,61.4756,0.0000
24.3250,61.4756,0.0000
24.3750,61.4756,0.0000
24.4250,61.4756,0.0000
24.4750,61.4756,0.0000
24.5250,61.4756,0.0000
24.5750,61.4756,0.0000
24.6250,61.4756,0.0000
24.6750,61.4756,0.0000
24.7250,61.4756,0.0000
24.7750,61.4756,0.0000
24.8250,61.4756,0.0000
24.8750,61.4756,0.0000
24.9250,61.4756,0.0000
24.9750,61.4756,0.0000
25.0250,61.4756,0.0000
25.0750,61.4756,0.0000
25.1250,61.4756,0.0000
25.1750,61.4756,0.0000
25.2250,61.4756,0.0000
25.2750,61.4756,0.0000
25.3250,61.4756,0.0000
25.3750,61.4756,0.0000
25.4250,61.4756,0.0000
25.4750,61.4756,0.0000
25.5250,61.4756,0.0000
25.5750,61.4756,0.0000
25.6250,61.4756,0.0000
25.6750,61.4756,0.0000
25.7250,61.4756,0.0000
25.7750,61.4756,0.0000
25.8250,61.4756,0.0000
25.8750,61.4756,0.0000
25.9250,61.4756,0.0000
25.9750,61.4756,0.0000
26.0250,61.4756,0.0000
26.0750,61.4756,0.0000
26.1250,61.4756,0.0000
26.1750,61.4756,0.0000
26.2250,61.4756,0.0000
26.2750,61.4756,0.0000
26.3250,61.4756,0.0000
26.3750,61.4756,0.0000
26.4250,61.4756,0.0000
26.4750,61.4756,0.0000
26.5250,61.4756,0.0000
26.5750,61.4756,0.0000
26.6250,61.4756,0.0000
26.6750,61.4756,0.0000
26.7250,61.4756,0.0000
26.7750,61.4756,0.0000
26.8250,61.4756,0.0000
26.8750,61.4756,0.0000
26.9250,61.4756,0.0000
26.9750,61.4756,0.0000
27.0250,61.4756,0.0000
27.0750,61.4756,0.0000
27.1250,61.4756,0.0000
27.1750,61.4756,0.0000
27.2250,61.4756,0.0000
27.2750,61.4756,0.0000
27.3250,61.4756,0.0000
27.3750,61.4756,0.0000
27.4250,61.4756,0.0000
27.4750,61.4756,0.0000
27.5250,61.4756,0.0000
27.5750,61.4756,0.0000
27.6250,61.4756,0.0000
27.6750,61.4756,0.0000
27.7250,61.4756,0.0000
27.7750,61.4756,0.0000
27.8250,61.4756,0.0000
27.8750,61.4756,0.0000
27.9250,61.4756,0.0000
27.9750,61.4756,0.0000
28.0250,61.4756,0.0000
28.0750,61.4756,0.0000
28.1250,61.4756,0.0000
28.1750,61.4756,0.0000
28.2250,61.4756,0.0000
28.2750,61.4756,0.0000
28.3250,61.4756,0.0000
28.3750,61.4756,0.0000
28.4250,61.4756,0.0000
28.4750,61.4756,0.0000
28.5250,61.4756,0.0000
28.5750,61.4756,0.0000
28.6250,61.4756,0.0000
28.6750,61.4756,0.0000
28.7250,61.4756,0.0000
28.7750,61.4756,0.0000
28.8250,61.4756,0.0000
28.8750,61.4756,0.0000
28.9250,61.4756,0.0000
28.9750,61.4756,0.0000
29.0250,61.4756,0.0000
29.0750,61.4756,0.0000
29.1250,61.4756,0.0000
29.1750,61.4756,0.0000
29.2250,61.4756,0.0000
29.2750,61.4756,0.0052
29.3250,61.4756,0.0000
29.3750,61.4756,0.0000
29.4250,61.4756,0.0054
29.4750,61.4756,0.0054
29.5250,61.4756,0.0057
29.5750,61.4756,0.0057
29.6250,61.4756,0.0053
29.6750,61.4756,0.0054
29.7250,61.4756,0.0000
29.7750,61.4756,0.0001
29.8250,61.4756,0.0000
29.8750,61.4756,0.0000
29.9250,61.4756,0.0000
29.9750,61.4756,0.0000
30.0250,61.4756,0.0000
30.0750,61.4756,0.0000
30.1250,61.4756,0.0000
30.1750,61.4756,0.0067
30.2250,61.4756,0.0067
30.2750,61.4756,0.0062
30.3250,61.4756,0.0062
30.3750,61.4756,0.0058
30.4250,61.4756,0.0058
30.4750,61.4756,0.0053
30.5250,61.4756,0.0053
30.5750,61.4756,0.0000
30.6250,61.4756,0.0000
30.6750,61.4756,0.0000
30.7250,61.4756,0.0000
30.7750,61.4756,0.0000
30.8250,61.4756,0.0000
30.8750,61.4756,0.0000
30.9250,61.4756,0.0000
30.9750,61.4756,0.0000
31.0250,61.4756,0.0000
31.0750,61.4756,0.0000
31.1250,61.4756,0.0000
31.1750,61.4756,0.0000
31.2250,61.4756,0.0000
31.2750,61.4756,0.0000
31.3250,61.4756,0.0000
31.3750,61.4756,0.0000
31.4250,61.4756,0.0000
31.4750,61.4756,0.0000
31.5250,61.4756,0.0000
31.5750,61.4756,0.0000
21.3750,61.4256,0.0061
21.4250,61.4256,0.0061
21.4750,61.4256,0.0061
21.5250,61.4256,0.0061
21.5750,61.4256,0.0060
21.6250,61.4256,0.0060
21.6750,61.4256,0.0059
21.7250,61.4256,0.0059
21.7750,61.4256,0.0059
21.8250,61.4256,0.0058
21.8750,61.4256,0.0057
21.9250,61.4256,0.0056
21.9750,61.4256,0.0056
22.0250,61.4256,0.0055
22.0750,61.4256,0.0055
22.1250,61.4256,0.0053
22.1750,61.4256,0.0053
22.2250,61.4256,0.0052
22.2750,61.4256,0.0052
22.3250,61.4256,0.0051
22.3750,61.4256,0.0000
22.4250,61.4256,0.0000
22.4750,61.4256,0.0000
22.5250,61.4256,0.0000
22.5750,61.4256,0.0000
22.6250,61.4256,0.0000
22.6750,61.4256,0.0000
22.7250,61.4256,0.0000
22.7750,61.4256,0.0000
22.8250,61.4256,0.0000
22.8750,61.4256,0.0000
22.9250,61.4256,0.0000
22.9750,61.4256,0.0000
23.0250,61.4256,0.0000
23.0750,61.4256,0.0000
23.1250,61.4256,0.0000
23.1750,61.4256,0.0000
23.2250,61.4256,0.0000
23.2750,61.4256,0.0000
23.3250,61.4256,0.0000
23.3750,61.4256,0.0000
23.4250,61.4256,0.0000
23.4750,61.4256,0.0000
23.5250,61.4256,0.0000
23.5750,61.4256,0.0000
23.6250,61.4256,0.0000
23.6750,61.4256,0.0000
23.7250,61.4256,0.0000
23.7750,61.4256,0.0000
23.8250,61.4256,0.0000
23.8750,61.4256,0.0000
23.9250,61.4256,0.0000
23.9750,61.4256,0.0000
24.0250,61.4256,0.0000
24.0750,61.4256,0.0000
24.1250,61.4256,0.0000
24.1750,61.4256,0.0000
24.2250,61.4256,0.0000
24.2750,61.4256,0.0000
24.3250,61.4256,0.0000
24.3750,61.4256,0.0000
24.4250,61.4256,0.0000
24.4750,61.4256,0.0000
24.5250,61.4256,0.0000
24.5750,61.4256,0.0000
24.6250,61.4256,0.0000
24.6750,61.4256,0.0000
24.7250,61.4256,0.0000
24.7750,61.4256,0.0000
24.8250,61.4256,0.0000
24.8750,61.4256,0.0000
24.9250,61.4256,0.0000
24.9750,61.4256,0.0000
25.0250,61.4256,0.0000
25.0750,61.4256,0.0000
25.1250,61.4256,0.0000
25.1750,61.4256,0.0000
25.2250,61.4256,0.0000
25.2750,61.4256,0.0000
25.3250,61.4256,0.0000
25.3750,61.4256,0.0000
25.4250,61.4256,0.0000
25.4750,61.4256,0.0000
25.5250,61.4256,0.0000
25.5750,61.4256,0.0000
25.6250,61.4256,0.0000
25.6750,61.4256,0.0000
25.7250,61.4256,0.0000
25.7750,61.4256,0.0000
25.8250,61.4256,0.0000
25.8750,61.4256,0.0000
25.9250,61.4256,0.0000
25.9750,61.4256,0.0000
26.0250,61.4256,0.0000
26.0750,61.4256,0.0000
26.1250,61.4256,0.0000
26.1750,61.4256,0.0000
26.2250,61.4256,0.0000
26.2750,61.4256,0.0000
26.3250,61.4256,0.0000
26.3750,61.4256,0.0000
26.4250,61.4256,0.0000
26.4750,61.4256,0.0000
26.5250,61.4256,0.0000
26.5750,61.4256,0.0000
26.6250,61.4256,0.0000
26.6750,61.4256,0.0000
26.7250,61.4256,0.0000
26.7750,61.4256,0.0000
26.8250,61.4256,0.0000
26.8750,61.4256,0.0000
26.9250,61.4256,0.0000
26.9750,61.4256,0.0000
27.0250,61.4256,0.0000
27.0750,61.4256,0.0000
27.1250,61.4256,0.0000
27.1750,61.4256,0.0000
27.2250,61.4256,0.0000
27.2750,61.4256,0.0000
27.3250,61.4256,0.0000
27.3750,61.4256,0.0000
27.4250,61.4256,0.0000
27.4750,61.4256,0.0000
27.5250,61.4256,0.0000
27.5750,61.4256,0.0000
27.6250,61.4256,0.0000
27.6750,61.4256,0.0000
27.7250,61.4256,0.0000
27.7750,61.4256,0.0000
27.8250,61.4256,0.0000
27.8750,61.4256,0.0000
27.9250,61.4256,0.0000
27.9750,61.4256,0.0000
28.0250,61.4256,0.0000
28.0750,61.4256,0.0000
28.1250,61.4256,0.0000
28.1750,61.4256,0.0000
28.2250,61.4256,0.0000
28.2750,61.4256,0.0000
28.3250,61.4256,0.0000
28.3750,61.4256,0.0000
28.4250,61.4256,0.0000
28.4750,61.4256,0.0000
28.5250,61.4256,0.0000
28.5750,61.4256,0.0000
28.6250,61.4256,0.0000
28.6750,61.4256,0.0000
28.7250,61.4256,0.0000
28.7750,61.4256,0.0000
28.8250,61.4256,0.0000
28.8750,61.4256,0.0000
28.9250,61.4256,0.0000
28.9750,61.4256,0.0000
29.0250,61.4256,0.0000
29.0750,61.4256,0.0000
29.1250,61.4256,0.0000
29.1750,61.4256,0.0056
29.2250,61.4256,0.0056
29.2750,61.4256,0.0052
29.3250,61.4256,0.0061
29.3750,61.4256,0.0058
29.4250,61.4256,0.0059
29.4750,61.4256,0.0061
29.5250,61.4256,0.0059
29.5750,61.4256,0.0058
29.6250,61.4256,0.0054
29.6750,61.4256,0.0054
29.7250,61.4256,0.0050
29.7750,61.4256,0.0050
29.8250,61.4256,0.0000
29.8750,61.4256,0.0000
29.9250,61.4256,0.0000
29.9750,61.4256,0.0000
30.0250,61.4256,0.0000
30.0750,61.4256,0.0031
30.1250,61.4256,0.0074
30.1750,61.4256,0.0071
30.2250,61.4256,0.0068
30.2750,61.4256,0.0062
30.3250,61.4256,0.0062
30.3750,61.4256,0.0058
30.4250,61.4256,0.0058
30.4750,61.4256,0.0053
30.5250,61.4256,0.0053
30.5750,61.4256,0.0000
30.6250,61.4256,0.0000
30.6750,61.4256,0.0000
30.7250,61.4256,0.0000
30.7750,61.4256,0.0000
30.8250,61.4256,0.0000
30.8750,61.4256,0.0000
30.9250,61.4256,0.0000
30.9750,61.4256,0.0000
31.0250,61.4256,0.0000
31.0750,61.4256,0.0000
31.1250,61.4256,0.0000
31.1750,61.4256,0.0000
31.2250,61.4256,0.0000
31.2750,61.4256,0.0000
31.3250,61.4256,0.0000
31.3750,61.4256,0.0000
31.4250,61.4256,0.0000
31.4750,61.4256,0.0000
31.5250,61.4256,0.0000
31.5750,61.4256,0.0000
21.3750,61.3756,0.0063
21.4250,61.3756,0.0061
21.4750,61.3756,0.0061
21.5250,61.3756,0.0061
21.5750,61.3756,0.0061
21.6250,61.3756,0.0060
21.6750,61.3756,0.0060
21.7250,61.3756,0.0059
21.7750,61.3756,0.0059
21.8250,61.3756,0.0058
21.8750,61.3756,0.0056
21.9250,61.3756,0.0056
21.9750,61.3756,0.0056
22.0250,61.3756,0.0056
22.0750,61.3756,0.0054
22.1250,61.3756,0.0054
22.1750,61.3756,0.0053
22.2250,61.3756,0.0052
22.2750,61.3756,0.0052
22.3250,61.3756,0.0050
22.3750,61.3756,0.0050
22.4250,61.3756,0.0000
22.4750,61.3756,0.0000
22.5250,61.3756,0.0000
22.5750,61.3756,0.0000
22.6250,61.3756,0.0000
22.6750,61.3756,0.0000
22.7250,61.3756,0.0000
22.7750,61.3756,0.0000
22.8250,61.3756,0.0000
22.8750,61.3756,0.0000
22.9250,61.3756,0.0000
22.9750,61.3756,0.0000
23.0250,61.3756,0.0000
23.0750,61.3756,0.0000
23.1250,61.3756,0.0000
23.1750,61.3756,0.0000
23.2250,61.3756,0.0000
23.2750,61.3756,0.0000
23.3250,61.3756,0.0000
23.3750,61.3756,0.0000
23.4250,61.3756,0.0000
23.4750,61.3756,0.0000
23.5250,61.3756,0.0000
23.5750,61.3756,0.0000
23.6250,61.3756,0.0000
23.6750,61.3756,0.0000
23.7250,61.3756,0.0000
23.7750,61.3756,0.0000
23.8250,61.3756,0.0000
23.8750,61.3756,0.0000
23.9250,61.3756,0.0000
23.9750,61.3756,0.0000
24.0250,61.3756,0.0000
24.0750,61.3756,0.0000
24.1250,61.3756,0.0000
24.1750,61.3756,0.0000
24.2250,61.3756,0.0000
24.2750,61.3756,0.0000
24.3250,61.3756,0.0000
24.3750,61.3756,0.0000
24.4250,61.3756,0.0000
24.4750,61.3756,0.0000
24.5250,61.3756,0.0000
24.5750,61.3756,0.0000
24.6250,61.3756,0.0000
24.6750,61.3756,0.0000
24.7250,61.3756,0.0000
24.7750,61.3756,0.0000
24.8250,61.3756,0.0000
24.8750,61.3756,0.0000
24.9250,61.3756,0.0000
24.9750,61.3756,0.0000
25.0250,61.3756,0.0000
25.0750,61.3756,0.0000
25.1250,61.3756,0.0000
25.1750,61.3756,0.0000
25.2250,61.3756,0.0000
25.2750,61.3756,0.0000
25.3250,61.3756,0.0000
25.3750,61.3756,0.0000
25.4250,61.3756,0.0000
25.4750,61.3756,0.0000
25.5250,61.3756,0.0000
25.5750,61.3756,0.0000
25.6250,61.3756,0.0000
25.6750,61.3756,0.0000
25.7250,61.3756,0.0000
25.7750,61.3756,0.0000
25.8250,61.3756,0.0000
25.8750,61.3756,0.0000
25.9250,61.3756,0.0000
25.9750,61.3756,0.0000
26.0250,61.3756,0.0000
26.0750,61.3756,0.0000
26.1250,61.3756,0.0000
26.1750,61.3756,0.0000
26.2250,61.3756,0.0000
26.2750,61.3756,0.0000
26.3250,61.3756,0.0000
26.3750,61.3756,0.0000
26.4250,61.3756,0.0000
26.4750,61.3756,0.0000
26.5250,61.3756,0.0000
26.5750,61.3756,0.0000
26.6250,61.3756,0.0000
26.6750,61.3756,0.0000
26.7250,61.3756,0.0000
26.7750,61.3756,0.0000
26.8250,61.3756,0.0000
26.8750,61.3756,0.0000
26.9250,61.3756,0.0000
26.9750,61.3756,0.0000
27.0250,61.3756,0.0000
27.0750,61.3756,0.0000
27.1250,61.3756,0.0000
27.1750,61.3756,0.0000
27.2250,61.3756,0.0000
27.2750,61.3756,0.0000
27.3250,61.3756,0.0000
27.3750,61.3756,0.0000
27.4250,61.3756,0.0000
27.4750,61.3756,0.0000
27.5250,61.3756,0.0000
27.5750,61.3756,0.0000
27.6250,61.3756,0.0000
27.6750,61.3756,0.0000
27.7250,61.3756,0.0000
27.7750,61.3756,0.0000
27.8250,61.3756,0.0000
27.8750,61.3756,0.0000
27.9250,61.3756,0.0000
27.9750,61.3756,0.0000
28.0250,61.3756,0.0000
28.0750,61.3756,0.0000
28.1250,61.3756,0.0000
28.1750,61.3756,0.0000
28.2250,61.3756,0.0000
28.2750,61.3756,0.0000
28.3250,61.3756,0.0000
28.3750,61.3756,0.0000
28.4250,61.3756,0.0000
28.4750,61.3756,0.0000
28.5250,61.3756,0.0000
28.5750,61.3756,0.0000
28.6250,61.3756,0.0000
28.6750,61.3756,0.0000
28.7250,61.3756,0.0000
28.7750,61.3756,0.0000
28.8250,61.3756,0.0000
28.8750,61.3756,0.0000
28.9250,61.3756,0.0000
28.9750,61.3756,0.0000
29.0250,61.3756,0.0000
29.0750,61.3756,0.0034
29.1250,61.3756,0.0056
29.1750,61.3756,0.0056
29.2250,61.3756,0.0063
29.2750,61.3756,0.0061
29.3250,61.3756,0.0068
29.3750,61.3756,0.0065
29.4250,61.3756,0.0065
29.4750,61.3756,0.0061
29.5250,61.3756,0.0061
29.5750,61.3756,0.0058
29.6250,61.3756,0.0058
29.6750,61.3756,0.0054
29.7250,61.3756,0.0052
29.7750,61.3756,0.0051
29.8250,61.3756,0.0002
29.8750,61.3756,0.0000
29.9250,61.3756,0.0000
29.9750,61.3756,0.0086
30.0250,61.3756,0.0081
30.0750,61.3756,0.0081
30.1250,61.3756,0.0074
30.1750,61.3756,0.0074
30.2250,61.3756,0.0068
30.2750,61.3756,0.0068
30.3250,61.3756,0.0062
30.3750,61.3756,0.0059
30.4250,61.3756,0.0058
30.4750,61.3756,0.0053
30.5250,61.3756,0.0053
30.5750,61.3756,0.0000
30.6250,61.3756,0.0000
30.6750,61.3756,0.0000
30.7250,61.3756,0.0000
30.7750,61.3756,0.0000
30.8250,61.3756,0.0000
30.8750,61.3756,0.0000
30.9250,61.3756,0.0000
30.9750,61.3756,0.0000
31.0250,61.3756,0.0000
31.0750,61.3756,0.0000
31.1250,61.3756,0.0000
31.1750,61.3756,0.0000
31.2250,61.3756,0.0000
31.2750,61.3756,0.0000
31.3250,61.3756,0.0000
31.3750,61.3756,0.0000
31.4250,61.3756,0.0000
31.4750,61.3756,0.0000
31.5250,61.3756,0.0000
31.5750,61.3756,0.0000
21.4250,61.3256,0.0063
21.4750,61.3256,0.0062
21.5250,61.3256,0.0062
21.5750,61.3256,0.0061
21.6250,61.3256,0.0061
21.6750,61.3256,0.0060
21.7250,61.3256,0.0059
21.7750,61.3256,0.0059
21.8250,61.3256,0.0058
21.8750,61.3256,0.0058
21.9250,61.3256,0.0057
21.9750,61.3256,0.0057
22.0250,61.3256,0.0056
22.0750,61.3256,0.0054
22.1250,61.3256,0.0054
22.1750,61.3256,0.0053
22.2250,61.3256,0.0053
22.2750,61.3256,0.0052
22.3250,61.3256,0.0052
22.3750,61.3256,0.0050
22.4250,61.3256,0.0029
22.4750,61.3256,0.0000
22.5250,61.3256,0.0000
22.5750,61.3256,0.0000
22.6250,61.3256,0.0000
22.6750,61.3256,0.0000
22.7250,61.3256,0.0000
22.7750,61.3256,0.0000
22.8250,61.3256,0.0000
22.8750,61.3256,0.0000
22.9250,61.3256,0.0000
22.9750,61.3256,0.0000
23.0250,61.3256,0.0000
23.0750,61.3256,0.0000
23.1250,61.3256,0.0000
23.1750,61.3256,0.0000
23.2250,61.3256,0.0000
23.2750,61.3256,0.0000
23.3250,61.3256,0.0000
23.3750,61.3256,0.0000
23.4250,61.3256,0.0000
23.4750,61.3256,0.0000
23.5250,61.3256,0.0000
23.5750,61.3256,0.0000
23.6250,61.3256,0.0000
23.6750,61.3256,0.0000
23.7250,61.3256,0.0000
23.7750,61.3256,0.0000
23.8250,61.3256,0.0000
23.8750,61.3256,0.0000
23.9250,61.3256,0.0000
23.9750,61.3256,0.0000
24.0250,61.3256,0.0000
24.0750,61.3256,0.0000
24.1250,61.3256,0.0000
24.1750,61.3256,0.0000
24.2250,61.3256,0.0000
24.2750,61.3256,0.0000
24.3250,61.3256,0.0000
24.3750,61.3256,0.0000
24.4250,61.3256,0.0000
24.4750,61.3256,0.0000
24.5250,61.3256,0.0000
24.5750,61.3256,0.0000
24.6250,61.3256,0.0000
24.6750,61.3256,0.0000
24.7250,61.3256,0.0000
24.7750,61.3256,0.0000
24.8250,61.3256,0.0000
24.8750,61.3256,0.0000
24.9250,61.3256,0.0000
24.9750,61.3256,0.0000
25.0250,61.3256,0.0000
25.0750,61.3256,0.0000
25.1250,61.3256,0.0000
25.1750,61.3256,0.0000
25.2250,61.3256,0.0000
25.2750,61.3256,0.0000
25.3250,61.3256,0.0000
25.3750,61.3256,0.0000
25.4250,61.3256,0.0000
25.4750,61.3256,0.0000
25.5250,61.3256,0.0000
25.5750,61.3256,0.0000
25.6250,61.3256,0.0000
25.6750,61.3256,0.0000
25.7250,61.3256,0.0000
25.7750,61.3256,0.0000
25.8250,61.3256,0.0000
25.8750,61.3256,0.0000
25.9250,61.3256,0.0000
25.9750,61.3256,0.0000
26.0250,61.3256,0.0000
26.0750,61.3256,0.0000
26.1250,61.3256,0.0000
26.1750,61.3256,0.0000
26.2250,61.3256,0.0000
26.2750,61.3256,0.0000
26.3250,61.3256,0.0000
26.3750,61.3256,0.0000
26.4250,61.3256,0.0000
26.4750,61.3256,0.0000
26.5250,61.3256,0.0000
26.5750,61.3256,0.0000
26.6250,61.3256,0.0000
26.6750,61.3256,0.0000
26.7250,61.3256,0.0000
26.7750,61.3256,0.0000
26.8250,61.3256,0.0000
26.8750,61.3256,0.0000
26.9250,61.3256,0.0000
26.9750,61.3256,0.0000
27.0250,61.3256,0.0000
27.0750,61.3256,0.0000
27.1250,61.3256,0.0000
27.1750,61.3256,0.0000
27.2250,61.3256,0.0000
27.2750,61.3256,0.0000
27.3250,61.3256,0.0000
27.3750,61.3256,0.0000
27.4250,61.3256,0.0000
27.4750,61.3256,0.0000
27.5250,61.3256,0.0000
27.5750,61.3256,0.0000
27.6250,61.3256,0.0000
27.6750,61.3256,0.0000
27.7250,61.3256,0.0000
27.7750,61.3256,0.0000
27.8250,61.3256,0.0000
27.8750,61.3256,0.0000
27.9250,61.3256,0.0000
27.9750,61.3256,0.0000
28.0250,61.3256,0.0000
28.0750,61.3256,0.0000
28.1250,61.3256,0.0000
28.1750,61.3256,0.0000
28.2250,61.3256,0.0000
28.2750,61.3256,0.0000
28.3250,61.3256,0.0000
28.3750,61.3256,0.0000
28.4250,61.3256,0.0000
28.4750,61.3256,0.0000
28.5250,61.3256,0.0000
28.5750,61.3256,0.0000
28.6250,61.3256,0.0000
28.6750,61.3256,0.0000
28.7250,61.3256,0.0035
28.7750,61.3256,0.0000
28.8250,61.3256,0.0005
28.8750,61.3256,0.0055
28.9250,61.3256,0.0000
28.9750,61.3256,0.0060
29.0250,61.3256,0.0057
29.0750,61.3256,0.0057
29.1250,61.3256,0.0064
29.1750,61.3256,0.0064
29.2250,61.3256,0.0072
29.2750,61.3256,0.0072
29.3250,61.3256,0.0070
29.3750,61.3256,0.0066
29.4250,61.3256,0.0066
29.4750,61.3256,0.0062
29.5250,61.3256,0.0062
29.5750,61.3256,0.0058
29.6250,61.3256,0.0059
29.6750,61.3256,0.0055
29.7250,61.3256,0.0055
29.7750,61.3256,0.0051
29.8250,61.3256,0.0051
29.8750,61.3256,0.0097
29.9250,61.3256,0.0097
29.9750,61.3256,0.0088
30.0250,61.3256,0.0081
30.0750,61.3256,0.0081
30.1250,61.3256,0.0074
30.1750,61.3256,0.0074
30.2250,61.3256,0.0068
30.2750,61.3256,0.0068
30.3250,61.3256,0.0062
30.3750,61.3256,0.0062
30.4250,61.3256,0.0058
30.4750,61.3256,0.0058
30.5250,61.3256,0.0053
30.5750,61.3256,0.0051
30.6250,61.3256,0.0000
30.6750,61.3256,0.0000
30.7250,61.3256,0.0000
30.7750,61.3256,0.0000
30.8250,61.3256,0.0000
30.8750,61.3256,0.0000
30.9250,61.3256,0.0000
30.9750,61.3256,0.0000
31.0250,61.3256,0.0000
31.0750,61.3256,0.0000
31.1250,61.3256,0.0000
31.1750,61.3256,0.0000
31.2250,61.3256,0.0000
31.2750,61.3256,0.0000
31.3250,61.3256,0.0000
31.3750,61.3256,0.0000
31.4250,61.3256,0.0000
31.4750,61.3256,0.0000
31.5250,61.3256,0.0000
31.5750,61.3256,0.0000
21.3750,61.2756,0.0063
21.4250,61.2756,0.0063
21.4750,61.2756,0.0063
21.5250,61.2756,0.0062
21.5750,61.2756,0.0061
21.6250,61.2756,0.0061
21.6750,61.2756,0.0060
21.7250,61.2756,0.0060
21.7750,61.2756,0.0059
21.8250,61.2756,0.0059
21.8750,61.2756,0.0058
21.9250,61.2756,0.0057
21.9750,61.2756,0.0057
22.0250,61.2756,0.0055
22.0750,61.2756,0.0055
22.1250,61.2756,0.0054
22.1750,61.2756,0.0054
22.2250,61.2756,0.0053
22.2750,61.2756,0.0053
22.3250,61.2756,0.0052
22.3750,61.2756,0.0051
22.4250,61.2756,0.0051
22.4750,61.2756,0.0000
22.5250,61.2756,0.0000
22.5750,61.2756,0.0000
22.6250,61.2756,0.0000
22.6750,61.2756,0.0000
22.7250,61.2756,0.0000
22.7750,61.2756,0.0000
22.8250,61.2756,0.0000
22.8750,61.2756,0.0000
22.9250,61.2756,0.0000
22.9750,61.2756,0.0000
23.0250,61.2756,0.0000
23.0750,61.2756,0.0000
23.1250,61.2756,0.0000
23.1750,61.2756,0.0000
23.2250,61.2756,0.0000
23.2750,61.2756,0.0000
23.3250,61.2756,0.0000
23.3750,61.2756,0.0000
23.4250,61.2756,0.0000
23.4750,61.2756,0.0000
23.5250,61.2756,0.0000
23.5750,61.2756,0.0000
23.6250,61.2756,0.0000
23.6750,61.2756,0.0000
23.7250,61.2756,0.0000
23.7750,61.2756,0.0000
23.8250,61.2756,0.0000
23.8750,61.2756,0.0000
23.9250,61.2756,0.0000
23.9750,61.2756,0.0000
24.0250,61.2756,0.0000
24.0750,61.2756,0.0000
24.1250,61.2756,0.0000
24.1750,61.2756,0.0000
24.2250,61.2756,0.0000
24.2750,61.2756,0.0000
24.3250,61.2756,0.0000
24.3750,61.2756,0.0000
24.4250,61.2756,0.0000
24.4750,61.2756,0.0000
24.5250,61.2756,0.0000
24.5750,61.2756,0.0000
24.6250,61.2756,0.0000
24.6750,61.2756,0.0000
24.7250,61.2756,0.0000
24.7750,61.2756,0.0000
24.8250,61.2756,0.0000
24.8750,61.2756,0.0000
24.9250,61.2756,0.0000
24.9750,61.2756,0.0000
25.0250,61.2756,0.0000
25.0750,61.2756,0.0000
25.1250,61.2756,0.0000
25.1750,61.2756,0.0000
25.2250,61.2756,0.0000
25.2750,61.2756,0.0000
25.3250,61.2756,0.0000
25.3750,61.2756,0.0000
25.4250,61.2756,0.0000
25.4750,61.2756,0.0000
25.5250,61.2756,0.0000
25.5750,61.2756,0.0000
25.6250,61.2756,0.0000
25.6750,61.2756,0.0000
25.7250,61.2756,0.0000
25.7750,61.2756,0.0000
25.8250,61.2756,0.0000
25.8750,61.2756,0.0000
25.9250,61.2756,0.0000
25.9750,61.2756,0.0000
26.0250,61.2756,0.0000
26.0750,61.2756,0.0000
26.1250,61.2756,0.0000
26.1750,61.2756,0.0000
26.2250,61.2756,0.0000
26.2750,61.2756,0.0000
26.3250,61.2756,0.0000
26.3750,61.2756,0.0000
26.4250,61.2756,0.0000
26.4750,61.2756,0.0000
26.5250,61.2756,0.0000
26.5750,61.2756,0.0000
26.6250,61.2756,0.0000
26.6750,61.2756,0.0000
26.7250,61.2756,0.0000
26.7750,61.2756,0.0000
26.8250,61.2756,0.0000
26.8750,61.2756,0.0000
26.9250,61.2756,0.0000
26.9750,61.2756,0.0000
27.0250,61.2756,0.0000
27.0750,61.2756,0.0000
27.1250,61.2756,0.0000
27.1750,61.2756,0.0000
27.2250,61.2756,0.0000
27.2750,61.2756,0.0000
27.3250,61.2756,0.0000
27.3750,61.2756,0.0000
27.4250,61.2756,0.0000
27.4750,61.2756,0.0000
27.5250,61.2756,0.0000
27.5750,61.2756,0.0000
27.6250,61.2756,0.0000
27.6750,61.2756,0.0000
27.7250,61.2756,0.0000
27.7750,61.2756,0.0000
27.8250,61.2756,0.0000
27.8750,61.2756,0.0000
27.9250,61.2756,0.0000
27.9750,61.2756,0.0000
28.0250,61.2756,0.0000
28.0750,61.2756,0.0000
28.1250,61.2756,0.0000
28.1750,61.2756,0.0000
28.2250,61.2756,0.0000
28.2750,61.2756,0.0000
28.3250,61.2756,0.0000
28.3750,61.2756,0.0000
28.4250,61.2756,0.0000
28.4750,61.2756,0.0000
28.5250,61.2756,0.0000
28.5750,61.2756,0.0000
28.6250,61.2756,0.0055
28.6750,61.2756,0.0052
28.7250,61.2756,0.0052
28.7750,61.2756,0.0060
28.8250,61.2756,0.0060
28.8750,61.2756,0.0066
28.9250,61.2756,0.0066
28.9750,61.2756,0.0061
29.0250,61.2756,0.0070
29.0750,61.2756,0.0068
29.1250,61.2756,0.0075
29.1750,61.2756,0.0075
29.2250,61.2756,0.0072
29.2750,61.2756,0.0076
29.3250,61.2756,0.0071
29.3750,61.2756,0.0071
29.4250,61.2756,0.0066
29.4750,61.2756,0.0066
29.5250,61.2756,0.0063
29.5750,61.2756,0.0062
29.6250,61.2756,0.0059
29.6750,61.2756,0.0055
29.7250,61.2756,0.0055
29.7750,61.2756,0.0106
29.8250,61.2756,0.0106
29.8750,61.2756,0.0097
29.9250,61.2756,0.0097
29.9750,61.2756,0.0088
30.0250,61.2756,0.0088
30.0750,61.2756,0.0080
30.1250,61.2756,0.0080
30.1750,61.2756,0.0074
30.2250,61.2756,0.0071
30.2750,61.2756,0.0068
30.3250,61.2756,0.0062
30.3750,61.2756,0.0062
30.4250,61.2756,0.0057
30.4750,61.2756,0.0057
30.5250,61.2756,0.0053
30.5750,61.2756,0.0052
30.6250,61.2756,0.0000
30.6750,61.2756,0.0000
30.7250,61.2756,0.0000
30.7750,61.2756,0.0000
30.8250,61.2756,0.0000
30.8750,61.2756,0.0000
30.9250,61.2756,0.0000
30.9750,61.2756,0.0000
31.0250,61.2756,0.0000
31.0750,61.2756,0.0000
31.1250,61.2756,0.0000
31.1750,61.2756,0.0000
31.2250,61.2756,0.0000
31.2750,61.2756,0.0000
31.3250,61.2756,0.0000
31.3750,61.2756,0.0000
31.4250,61.2756,0.0000
31.4750,61.2756,0.0000
31.5250,61.2756,0.0000
31.5750,61.2756,0.0000
21.3250,61.2256,0.0063
21.3750,61.2256,0.0063
21.4250,61.2256,0.0063
21.4750,61.2256,0.0063
21.5250,61.2256,0.0062
21.5750,61.2256,0.0062
21.6250,61.2256,0.0061
21.6750,61.2256,0.0061
21.7250,61.2256,0.0060
21.7750,61.2256,0.0060
21.8250,61.2256,0.0059
21.8750,61.2256,0.0058
21.9250,61.2256,0.0058
21.9750,61.2256,0.0056
22.0250,61.2256,0.0057
22.0750,61.2256,0.0055
22.1250,61.2256,0.0055
22.1750,61.2256,0.0054
22.2250,61.2256,0.0053
22.2750,61.2256,0.0053
22.3250,61.2256,0.0052
22.3750,61.2256,0.0052
22.4250,61.2256,0.0051
22.4750,61.2256,0.0052
22.5250,61.2256,0.0000
22.5750,61.2256,0.0000
22.6250,61.2256,0.0000
22.6750,61.2256,0.0000
22.7250,61.2256,0.0000
22.7750,61.2256,0.0000
22.8250,61.2256,0.0000
22.8750,61.2256,0.0000
22.9250,61.2256,0.0000
22.9750,61.2256,0.0000
23.0250,61.2256,0.0000
23.0750,61.2256,0.0000
23.1250,61.2256,0.0000
23.1750,61.2256,0.0000
23.2250,61.2256,0.0000
23.2750,61.2256,0.0000
23.3250,61.2256,0.0000
23.3750,61.2256,0.0000
23.4250,61.2256,0.0000
23.4750,61.2256,0.0000
23.5250,61.2256,0.0000
23.5750,61.2256,0.0000
23.6250,61.2256,0.0000
23.6750,61.2256,0.0000
23.7250,61.2256,0.0000
23.7750,61.2256,0.0000
23.8250,61.2256,0.0000
23.8750,61.2256,0.0000
23.9250,61.2256,0.0000
23.9750,61.2256,0.0000
24.0250,61.2256,0.0000
24.0750,61.2256,0.0000
24.1250,61.2256,0.0000
24.1750,61.2256,0.0000
24.2250,61.2256,0.0000
24.2750,61.2256,0.0000
24.3250,61.2256,0.0000
24.3750,61.2256,0.0000
24.4250,61.2256,0.0000
24.4750,61.2256,0.0000
24.5250,61.2256,0.0000
24.5750,61.2256,0.0000
24.6250,61.2256,0.0000
24.6750,61.2256,0.0000
24.7250,61.2256,0.0000
24.7750,61.2256,0.0000
24.8250,61.2256,0.0000
24.8750,61.2256,0.0000
24.9250,61.2256,0.0000
24.9750,61.2256,0.0000
25.0250,61.2256,0.0000
25.0750,61.2256,0.0000
25.1250,61.2256,0.0000
25.1750,61.2256,0.0000
25.2250,61.2256,0.0000
25.2750,61.2256,0.0000
25.3250,61.2256,0.0000
25.3750,61.2256,0.0000
25.4250,61.2256,0.0000
25.4750,61.2256,0.0000
25.5250,61.2256,0.0000
25.5750,61.2256,0.0000
25.6250,61.2256,0.0000
25.6750,61.2256,0.0000
25.7250,61.2256,0.0000
25.7750,61.2256,0.0000
25.8250,61.2256,0.0000
25.8750,61.2256,0.0000
25.9250,61.2256,0.0000
25.9750,61.2256,0.0000
26.0250,61.2256,0.0000
26.0750,61.2256,0.0000
26.1250,61.2256,0.0000
26.1750,61.2256,0.0000
26.2250,61.2256,0.0000
26.2750,61.2256,0.0000
26.3250,61.2256,0.0000
26.3750,61.2256,0.0000
26.4250,61.2256,0.0000
26.4750,61.2256,0.0000
26.5250,61.2256,0.0000
26.5750,61.2256,0.0000
26.6250,61.2256,0.0000
26.6750,61.2256,0.0000
26.7250,61.2256,0.0000
26.7750,61.2256,0.0000
26.8250,61.2256,0.0000
26.8750,61.2256,0.0000
26.9250,61.2256,0.0000
26.9750,61.2256,0.0000
27.0250,61.2256,0.0000
27.0750,61.2256,0.0000
27.1250,61.2256,0.0000
27.1750,61.2256,0.0000
27.2250,61.2256,0.0000
27.2750,61.2256,0.0000
27.3250,61.2256,0.0000
27.3750,61.2256,0.0000
27.4250,61.2256,0.0000
27.4750,61.2256,0.0000
27.5250,61.2256,0.0000
27.5750,61.2256,0.0000
27.6250,61.2256,0.0000
27.6750,61.2256,0.0000
27.7250,61.2256,0.0000
27.7750,61.2256,0.0000
27.8250,61.2256,0.0000
27.8750,61.2256,0.0000
27.9250,61.2256,0.0000
27.9750,61.2256,0.0000
28.0250,61.2256,0.0000
28.0750,61.2256,0.0000
28.1250,61.2256,0.0000
28.1750,61.2256,0.0000
28.2250,61.2256,0.0000
28.2750,61.2256,0.0000
28.3250,61.2256,0.0000
28.3750,61.2256,0.0000
28.4250,61.2256,0.0000
28.4750,61.2256,0.0000
28.5250,61.2256,0.0058
28.5750,61.2256,0.0058
28.6250,61.2256,0.0056
28.6750,61.2256,0.0067
28.7250,61.2256,0.0064
28.7750,61.2256,0.0072
28.8250,61.2256,0.0072
28.8750,61.2256,0.0066
28.9250,61.2256,0.0081
28.9750,61.2256,0.0075
29.0250,61.2256,0.0078
29.0750,61.2256,0.0082
29.1250,61.2256,0.0082
29.1750,61.2256,0.0080
29.2250,61.2256,0.0080
29.2750,61.2256,0.0076
29.3250,61.2256,0.0071
29.3750,61.2256,0.0071
29.4250,61.2256,0.0066
29.4750,61.2256,0.0066
29.5250,61.2256,0.0062
29.5750,61.2256,0.0062
29.6250,61.2256,0.0059
29.6750,61.2256,0.0122
29.7250,61.2256,0.0116
29.7750,61.2256,0.0116
29.8250,61.2256,0.0105
29.8750,61.2256,0.0098
29.9250,61.2256,0.0096
29.9750,61.2256,0.0087
30.0250,61.2256,0.0087
30.0750,61.2256,0.0080
30.1250,61.2256,0.0080
30.1750,61.2256,0.0073
30.2250,61.2256,0.0073
30.2750,61.2256,0.0067
30.3250,61.2256,0.0066
30.3750,61.2256,0.0062
30.4250,61.2256,0.0061
30.4750,61.2256,0.0057
30.5250,61.2256,0.0052
30.5750,61.2256,0.0052
30.6250,61.2256,0.0000
30.6750,61.2256,0.0000
30.7250,61.2256,0.0000
30.7750,61.2256,0.0000
30.8250,61.2256,0.0000
30.8750,61.2256,0.0000
30.9250,61.2256,0.0000
30.9750,61.2256,0.0000
31.0250,61.2256,0.0000
31.0750,61.2256,0.0000
31.1250,61.2256,0.0000
31.1750,61.2256,0.0000
31.2250,61.2256,0.0000
31.2750,61.2256,0.0000
31.3250,61.2256,0.0000
31.3750,61.2256,0.0000
31.4250,61.2256,0.0000
31.4750,61.2256,0.0000
31.5250,61.2256,0.0000
31.5750,61.2256,0.0000
21.3250,61.1756,0.0065
21.3750,61.1756,0.0064
21.4250,61.1756,0.0063
21.4750,61.1756,0.0063
21.5250,61.1756,0.0063
21.5750,61.1756,0.0062
21.6250,61.1756,0.0062
21.6750,61.1756,0.0061
21.7250,61.1756,0.0060
21.7750,61.1756,0.0060
21.8250,61.1756,0.0059
21.8750,61.1756,0.0059
21.9250,61.1756,0.0058
21.9750,61.1756,0.0058
22.0250,61.1756,0.0057
22.0750,61.1756,0.0055
22.1250,61.1756,0.0055
22.1750,61.1756,0.0054
22.2250,61.1756,0.0054
22.2750,61.1756,0.0054
22.3250,61.1756,0.0054
22.3750,61.1756,0.0052
22.4250,61.1756,0.0052
22.4750,61.1756,0.0052
22.5250,61.1756,0.0000
22.5750,61.1756,0.0000
22.6250,61.1756,0.0000
22.6750,61.1756,0.0000
22.7250,61.1756,0.0000
22.7750,61.1756,0.0000
22.8250,61.1756,0.0000
22.8750,61.1756,0.0000
22.9250,61.1756,0.0000
22.9750,61.1756,0.0000
23.0250,61.1756,0.0000
23.0750,61.1756,0.0000
23.1250,61.1756,0.0000
23.1750,61.1756,0.0000
23.2250,61.1756,0.0000
23.2750,61.1756,0.0000
23.3250,61.1756,0.0000
23.3750,61.1756,0.0000
23.4250,61.1756,0.0000
23.4750,61.1756,0.0000
23.5250,61.1756,0.0000
23.5750,61.1756,0.0000
23.6250,61.1756,0.0000
23.6750,61.1756,0.0000
23.7250,61.1756,0.0000
23.7750,61.1756,0.0000
23.8250,61.1756,0.0000
23.8750,61.1756,0.0000
23.9250,61.1756,0.0000
23.9750,61.1756,0.0000
24.0250,61.1756,0.0000
24.0750,61.1756,0.0000
24.1250,61.1756,0.0000
24.1750,61.1756,0.0000
24.2250,61.1756,0.0000
24.2750,61.1756,0.0000
24.3250,61.1756,0.0000
24.3750,61.1756,0.0000
24.4250,61.1756,0.0000
24.4750,61.1756,0.0000
24.5250,61.1756,0.0000
24.5750,61.1756,0.0000
24.6250,61.1756,0.0000
24.6750,61.1756,0.0000
24.7250,61.1756,0.0000
24.7750,61.1756,0.0000
24.8250,61.1756,0.0000
24.8750,61.1756,0.0000
24.9250,61.1756,0.0000
24.9750,61.1756,0.0000
25.0250,61.1756,0.0000
25.0750,61.1756,0.0000
25.1250,61.1756,0.0000
25.1750,61.1756,0.0000
25.2250,61.1756,0.0000
25.2750,61.1756,0.0000
25.3250,61.1756,0.0000
25.3750,61.1756,0.0000
25.4250,61.1756,0.0000
25.4750,61.1756,0.0000
25.5250,61.1756,0.0000
25.5750,61.1756,0.0000
25.6250,61.1756,0.0000
25.6750,61.1756,0.0000
25.7250,61.1756,0.0000
25.7750,61.1756,0.0000
25.8250,61.1756,0.0000
25.8750,61.1756,0.0000
25.9250,61.1756,0.0000
25.9750,61.1756,0.0000
26.0250,61.1756,0.0000
26.0750,61.1756,0.0000
26.1250,61.1756,0.0000
26.1750,61.1756,0.0000
26.2250,61.1756,0.0000
26.2750,61.1756,0.0000
26.3250,61.1756,0.0000
26.3750,61.1756,0.0000
26.4250,61.1756,0.0000
26.4750,61.1756,0.0000
26.5250,61.1756,0.0000
26.5750,61.1756,0.0000
26.6250,61.1756,0.0000
26.6750,61.1756,0.0000
26.7250,61.1756,0.0000
26.7750,61.1756,0.0000
26.8250,61.1756,0.0000
26.8750,61.1756,0.0000
26.9250,61.1756,0.0000
26.9750,61.1756,0.0000
27.0250,61.1756,0.0000
27.0750,61.1756,0.0000
27.1250,61.1756,0.0000
27.1750,61.1756,0.0000
27.2250,61.1756,0.0000
27.2750,61.1756,0.0000
27.3250,61.1756,0.0000
27.3750,61.1756,0.0000
27.4250,61.1756,0.0000
27.4750,61.1756,0.0000
27.5250,61.1756,0.0000
27.5750,61.1756,0.0000
27.6250,61.1756,0.0000
27.6750,61.1756,0.0000
27.7250,61.1756,0.0000
27.7750,61.1756,0.0000
27.8250,61.1756,0.0000
27.8750,61.1756,0.0000
27.9250,61.1756,0.0000
27.9750,61.1756,0.0000
28.0250,61.1756,0.0000
28.0750,61.1756,0.0000
28.1250,61.1756,0.0000
28.1750,61.1756,0.0000
28.2250,61.1756,0.0000
28.2750,61.1756,0.0000
28.3250,61.1756,0.0050
28.3750,61.1756,0.0000
28.4250,61.1756,0.0050
28.4750,61.1756,0.0059
28.5250,61.1756,0.0058
28.5750,61.1756,0.0069
28.6250,61.1756,0.0068
28.6750,61.1756,0.0070
28.7250,61.1756,0.0078
28.7750,61.1756,0.0078
28.8250,61.1756,0.0087
28.8750,61.1756,0.0087
28.9250,61.1756,0.0091
28.9750,61.1756,0.0090
29.0250,61.1756,0.0089
29.0750,61.1756,0.0084
29.1250,61.1756,0.0084
29.1750,61.1756,0.0080
29.2250,61.1756,0.0080
29.2750,61.1756,0.0076
29.3250,61.1756,0.0075
29.3750,61.1756,0.0071
29.4250,61.1756,0.0071
29.4750,61.1756,0.0066
29.5250,61.1756,0.0063
29.5750,61.1756,0.0062
29.6250,61.1756,0.0128
29.6750,61.1756,0.0128
29.7250,61.1756,0.0115
29.7750,61.1756,0.0115
29.8250,61.1756,0.0104
29.8750,61.1756,0.0104
29.9250,61.1756,0.0096
29.9750,61.1756,0.0094
30.0250,61.1756,0.0086
30.0750,61.1756,0.0081
30.1250,61.1756,0.0079
30.1750,61.1756,0.0073
30.2250,61.1756,0.0072
30.2750,61.1756,0.0066
30.3250,61.1756,0.0066
30.3750,61.1756,0.0061
30.4250,61.1756,0.0061
30.4750,61.1756,0.0056
30.5250,61.1756,0.0056
30.5750,61.1756,0.0052
30.6250,61.1756,0.0036
30.6750,61.1756,0.0000
30.7250,61.1756,0.0000
30.7750,61.1756,0.0000
30.8250,61.1756,0.0000
30.8750,61.1756,0.0000
30.9250,61.1756,0.0000
30.9750,61.1756,0.0000
31.0250,61.1756,0.0000
31.0750,61.1756,0.0000
31.1250,61.1756,0.0000
31.1750,61.1756,0.0000
31.2250,61.1756,0.0000
31.2750,61.1756,0.0000
31.3250,61.1756,0.0000
31.3750,61.1756,0.0000
31.4250,61.1756,0.0000
31.4750,61.1756,0.0000
31.5250,61.1756,0.0000
31.5750,61.1756,0.0000
21.3750,61.1256,0.0065
21.4250,61.1256,0.0064
21.4750,61.1256,0.0064
21.5250,61.1256,0.0063
21.5750,61.1256,0.0063
21.6250,61.1256,0.0062
21.6750,61.1256,0.0061
21.7250,61.1256,0.0061
21.7750,61.1256,0.0060
21.8250,61.1256,0.0060
21.8750,61.1256,0.0059
21.9250,61.1256,0.0059
21.9750,61.1256,0.0058
22.0250,61.1256,0.0056
22.0750,61.1256,0.0056
22.1250,61.1256,0.0056
22.1750,61.1256,0.0056
22.2250,61.1256,0.0055
22.2750,61.1256,0.0054
22.3250,61.1256,0.0054
22.3750,61.1256,0.0052
22.4250,61.1256,0.0052
22.4750,61.1256,0.0051
22.5250,61.1256,0.0051
22.5750,61.1256,0.0050
22.6250,61.1256,0.0051
22.6750,61.1256,0.0050
22.7250,61.1256,0.0000
22.7750,61.1256,0.0000
22.8250,61.1256,0.0000
22.8750,61.1256,0.0000
22.9250,61.1256,0.0000
22.9750,61.1256,0.0000
23.0250,61.1256,0.0000
23.0750,61.1256,0.0000
23.1250,61.1256,0.0000
23.1750,61.1256,0.0000
23.2250,61.1256,0.0000
23.2750,61.1256,0.0000
23.3250,61.1256,0.0000
23.3750,61.1256,0.0000
23.4250,61.1256,0.0000
23.4750,61.1256,0.0000
23.5250,61.1256,0.0000
23.5750,61.1256,0.0000
23.6250,61.1256,0.0000
23.6750,61.1256,0.0000
23.7250,61.1256,0.0000
23.7750,61.1256,0.0000
23.8250,61.1256,0.0000
23.8750,61.1256,0.0000
23.9250,61.1256,0.0000
23.9750,61.1256,0.0000
24.0250,61.1256,0.0000
24.0750,61.1256,0.0000
24.1250,61.1256,0.0000
24.1750,61.1256,0.0000
24.2250,61.1256,0.0000
24.2750,61.1256,0.0000
24.3250,61.1256,0.0000
24.3750,61.1256,0.0000
24.4250,61.1256,0.0000
24.4750,61.1256,0.0000
24.5250,61.1256,0.0000
24.5750,61.1256,0.0000
24.6250,61.1256,0.0000
24.6750,61.1256,0.0000
24.7250,61.1256,0.0000
24.7750,61.1256,0.0000
24.8250,61.1256,0.0000
24.8750,61.1256,0.0000
24.9250,61.1256,0.0000
24.9750,61.1256,0.0000
25.0250,61.1256,0.0000
25.0750,61.1256,0.0000
25.1250,61.1256,0.0000
25.1750,61.1256,0.0000
25.2250,61.1256,0.0000
25.2750,61.1256,0.0000
25.3250,61.1256,0.0000
25.3750,61.1256,0.0000
25.4250,61.1256,0.0000
25.4750,61.1256,0.0000
25.5250,61.1256,0.0000
25.5750,61.1256,0.0000
25.6250,61.1256,0.0000
25.6750,61.1256,0.0000
25.7250,61.1256,0.0000
25.7750,61.1256,0.0000
25.8250,61.1256,0.0000
25.8750,61.1256,0.0000
25.9250,61.1256,0.0000
25.9750,61.1256,0.0000
26.0250,61.1256,0.0000
26.0750,61.1256,0.0000
26.1250,61.1256,0.0000
26.1750,61.1256,0.0000
26.2250,61.1256,0.0000
26.2750,61.1256,0.0000
26.3250,61.1256,0.0000
26.3750,61.1256,0.0000
26.4250,61.1256,0.0000
26.4750,61.1256,0.0000
26.5250,61.1256,0.0000
26.5750,61.1256,0.0000
26.6250,61.1256,0.0000
26.6750,61.1256,0.0000
26.7250,61.1256,0.0000
26.7750,61.1256,0.0000
26.8250,61.1256,0.0000
26.8750,61.1256,0.0000
26.9250,61.1256,0.0000
26.9750,61.1256,0.0000
27.0250,61.1256,0.0000
27.0750,61.1256,0.0000
27.1250,61.1256,0.0000
27.1750,61.1256,0.0000
27.2250,61.1256,0.0000
27.2750,61.1256,0.0000
27.3250,61.1256,0.0000
27.3750,61.1256,0.0000
27.4250,61.1256,0.0000
27.4750,61.1256,0.0000
27.5250,61.1256,0.0000
27.5750,61.1256,0.0000
27.6250,61.1256,0.0000
27.6750,61.1256,0.0000
27.7250,61.1256,0.0000
27.7750,61.1256,0.0000
27.8250,61.1256,0.0000
27.8750,61.1256,0.0000
27.9250,61.1256,0.0000
27.9750,61.1256,0.0000
28.0250,61.1256,0.0000
28.0750,61.1256,0.0000
28.1250,61.1256,0.0000
28.1750,61.1256,0.0000
28.2250,61.1256,0.0054
28.2750,61.1256,0.0051
28.3250,61.1256,0.0051
28.3750,61.1256,0.0058
28.4250,61.1256,0.0058
28.4750,61.1256,0.0069
28.5250,61.1256,0.0069
28.5750,61.1256,0.0076
28.6250,61.1256,0.0081
28.6750,61.1256,0.0080
28.7250,61.1256,0.0093
28.7750,61.1256,0.0093
28.8250,61.1256,0.0097
28.8750,61.1256,0.0099
28.9250,61.1256,0.0094
28.9750,61.1256,0.0094
29.0250,61.1256,0.0089
29.0750,61.1256,0.0089
29.1250,61.1256,0.0084
29.1750,61.1256,0.0082
29.2250,61.1256,0.0079
29.2750,61.1256,0.0075
29.3250,61.1256,0.0075
29.3750,61.1256,0.0071
29.4250,61.1256,0.0071
29.4750,61.1256,0.0065
29.5250,61.1256,0.0065
29.5750,61.1256,0.0062
29.6250,61.1256,0.0136
29.6750,61.1256,0.0126
29.7250,61.1256,0.0113
29.7750,61.1256,0.0112
29.8250,61.1256,0.0104
29.8750,61.1256,0.0102
29.9250,61.1256,0.0094
29.9750,61.1256,0.0094
30.0250,61.1256,0.0084
30.0750,61.1256,0.0084
30.1250,61.1256,0.0077
30.1750,61.1256,0.0077
30.2250,61.1256,0.0072
30.2750,61.1256,0.0066
30.3250,61.1256,0.0065
30.3750,61.1256,0.0060
30.4250,61.1256,0.0060
30.4750,61.1256,0.0056
30.5250,61.1256,0.0055
30.5750,61.1256,0.0051
30.6250,61.1256,0.0048
30.6750,61.1256,0.0000
30.7250,61.1256,0.0000
30.7750,61.1256,0.0000
30.8250,61.1256,0.0000
30.8750,61.1256,0.0000
30.9250,61.1256,0.0000
30.9750,61.1256,0.0000
31.0250,61.1256,0.0000
31.0750,61.1256,0.0000
31.1250,61.1256,0.0000
31.1750,61.1256,0.0000
31.2250,61.1256,0.0000
31.2750,61.1256,0.0000
31.3250,61.1256,0.0000
31.3750,61.1256,0.0000
31.4250,61.1256,0.0000
31.4750,61.1256,0.0000
31.5250,61.1256,0.0000
31.5750,61.1256,0.0000
21.2750,61.0756,0.0065
21.3250,61.0756,0.0065
21.3750,61.0756,0.0065
21.4250,61.0756,0.0065
21.4750,61.0756,0.0064
21.5250,61.0756,0.0063
21.5750,61.0756,0.0063
21.6250,61.0756,0.0062
21.6750,61.0756,0.0062
21.7250,61.0756,0.0061
21.7750,61.0756,0.0061
21.8250,61.0756,0.0060
21.8750,61.0756,0.0060
21.9250,61.0756,0.0059
21.9750,61.0756,0.0058
22.0250,61.0756,0.0058
22.0750,61.0756,0.0056
22.1250,61.0756,0.0057
22.1750,61.0756,0.0056
22.2250,61.0756,0.0055
22.2750,61.0756,0.0055
22.3250,61.0756,0.0054
22.3750,61.0756,0.0053
22.4250,61.0756,0.0052
22.4750,61.0756,0.0053
22.5250,61.0756,0.0051
22.5750,61.0756,0.0051
22.6250,61.0756,0.0051
22.6750,61.0756,0.0000
22.7250,61.0756,0.0000
22.7750,61.0756,0.0000
22.8250,61.0756,0.0000
22.8750,61.0756,0.0000
22.9250,61.0756,0.0000
22.9750,61.0756,0.0000
23.0250,61.0756,0.0000
23.0750,61.0756,0.0000
23.1250,61.0756,0.0000
23.1750,61.0756,0.0000
23.2250,61.0756,0.0000
23.2750,61.0756,0.0000
23.3250,61.0756,0.0000
23.3750,61.0756,0.0000
23.4250,61.0756,0.0000
23.4750,61.0756,0.0000
23.5250,61.0756,0.0000
23.5750,61.0756,0.0000
23.6250,61.0756,0.0000
23.6750,61.0756,0.0000
23.7250,61.0756,0.0000
23.7750,61.0756,0.0000
23.8250,61.0756,0.0000
23.8750,61.0756,0.0000
23.9250,61.0756,0.0000
23.9750,61.0756,0.0000
24.0250,61.0756,0.0000
24.0750,61.0756,0.0000
24.1250,61.0756,0.0000
24.1750,61.0756,0.0000
24.2250,61.0756,0.0000
24.2750,61.0756,0.0000
24.3250,61.0756,0.0000
24.3750,61.0756,0.0000
24.4250,61.0756,0.0000
24.4750,61.0756,0.0000
24.5250,61.0756,0.0000
24.5750,61.0756,0.0000
24.6250,61.0756,0.0000
24.6750,61.0756,0.0000
24.7250,61.0756,0.0000
24.7750,61.0756,0.0000
24.8250,61.0756,0.0000
24.8750,61.0756,0.0000
24.9250,61.0756,0.0000
24.9750,61.0756,0.0000
25.0250,61.0756,0.0000
25.0750,61.0756,0.0000
25.1250,61.0756,0.0000
25.1750,61.0756,0.0000
25.2250,61.0756,0.0000
25.2750,61.0756,0.0000
25.3250,61.0756,0.0000
25.3750,61.0756,0.0000
25.4250,61.0756,0.0000
25.4750,61.0756,0.0000
25.5250,61.0756,0.0000
25.5750,61.0756,0.0000
25.6250,61.0756,0.0000
25.6750,61.0756,0.0000
25.7250,61.0756,0.0000
25.7750,61.0756,0.0000
25.8250,61.0756,0.0000
25.8750,61.0756,0.0000
25.9250,61.0756,0.0000
25.9750,61.0756,0.0000
26.0250,61.0756,0.0000
26.0750,61.0756,0.0000
26.1250,61.0756,0.0000
26.1750,61.0756,0.0000
26.2250,61.0756,0.0000
26.2750,61.0756,0.0000
26.3250,61.0756,0.0000
26.3750,61.0756,0.0000
26.4250,61.0756,0.0000
26.4750,61.0756,0.0000
26.5250,61.0756,0.0000
26.5750,61.0756,0.0000
26.6250,61.0756,0.0000
26.6750,61.0756,0.0000
26.7250,61.0756,0.0000
26.7750,61.0756,0.0000
26.8250,61.0756,0.0000
26.8750,61.0756,0.0000
26.9250,61.0756,0.0000
26.9750,61.0756,0.0000
27.0250,61.0756,0.0000
27.0750,61.0756,0.0000
27.1250,61.0756,0.0000
27.1750,61.0756,0.0000
27.2250,61.0756,0.0000
27.2750,61.0756,0.0000
27.3250,61.0756,0.0000
27.3750,61.0756,0.0000
27.4250,61.0756,0.0000
27.4750,61.0756,0.0000
27.5250,61.0756,0.0000
27.5750,61.0756,0.0000
27.6250,61.0756,0.0000
27.6750,61.0756,0.0000
27.7250,61.0756,0.0000
27.7750,61.0756,0.0000
27.8250,61.0756,0.0000
27.8750,61.0756,0.0000
27.9250,61.0756,0.0000
27.9750,61.0756,0.0000
28.0250,61.0756,0.0000
28.0750,61.0756,0.0000
28.1250,61.0756,0.0056
28.1750,61.0756,0.0056
28.2250,61.0756,0.0055
28.2750,61.0756,0.0064
28.3250,61.0756,0.0062
28.3750,61.0756,0.0071
28.4250,61.0756,0.0071
28.4750,61.0756,0.0076
28.5250,61.0756,0.0079
28.5750,61.0756,0.0081
28.6250,61.0756,0.0092
28.6750,61.0756,0.0094
28.7250,61.0756,0.0094
28.7750,61.0756,0.0102
28.8250,61.0756,0.0102
28.8750,61.0756,0.0098
28.9250,61.0756,0.0094
28.9750,61.0756,0.0094
29.0250,61.0756,0.0088
29.0750,61.0756,0.0088
29.1250,61.0756,0.0083
29.1750,61.0756,0.0083
29.2250,61.0756,0.0079
29.2750,61.0756,0.0078
29.3250,61.0756,0.0075
29.3750,61.0756,0.0078
29.4250,61.0756,0.0069
29.4750,61.0756,0.0087
29.5250,61.0756,0.0147
29.5750,61.0756,0.0136
29.6250,61.0756,0.0132
29.6750,61.0756,0.0122
29.7250,61.0756,0.0122
29.7750,61.0756,0.0109
29.8250,61.0756,0.0109
29.8750,61.0756,0.0099
29.9250,61.0756,0.0094
29.9750,61.0756,0.0091
30.0250,61.0756,0.0082
30.0750,61.0756,0.0082
30.1250,61.0756,0.0076
30.1750,61.0756,0.0075
30.2250,61.0756,0.0070
30.2750,61.0756,0.0068
30.3250,61.0756,0.0063
30.3750,61.0756,0.0063
30.4250,61.0756,0.0058
30.4750,61.0756,0.0058
30.5250,61.0756,0.0053
30.5750,61.0756,0.0000
30.6250,61.0756,0.0000
30.6750,61.0756,0.0000
30.7250,61.0756,0.0000
30.7750,61.0756,0.0000
30.8250,61.0756,0.0000
30.8750,61.0756,0.0000
30.9250,61.0756,0.0000
30.9750,61.0756,0.0000
31.0250,61.0756,0.0000
31.0750,61.0756,0.0000
31.1250,61.0756,0.0000
31.1750,61.0756,0.0000
31.2250,61.0756,0.0000
31.2750,61.0756,0.0000
31.3250,61.0756,0.0000
31.3750,61.0756,0.0000
31.4250,61.0756,0.0000
31.4750,61.0756,0.0000
31.5250,61.0756,0.0000
31.5750,61.0756,0.0000
21.1750,61.0256,0.0071
21.2750,61.0256,0.0069
21.3250,61.0256,0.0065
21.3750,61.0256,0.0065
21.4250,61.0256,0.0066
21.4750,61.0256,0.0064
21.5250,61.0256,0.0064
21.5750,61.0256,0.0064
21.6250,61.0256,0.0063
21.6750,61.0256,0.0063
21.7250,61.0256,0.0062
21.7750,61.0256,0.0061
21.8250,61.0256,0.0060
21.8750,61.0256,0.0060
21.9250,61.0256,0.0059
21.9750,61.0256,0.0059
22.0250,61.0256,0.0058
22.0750,61.0256,0.0057
22.1250,61.0256,0.0057
22.1750,61.0256,0.0056
22.2250,61.0256,0.0056
22.2750,61.0256,0.0055
22.3250,61.0256,0.0055
22.3750,61.0256,0.0054
22.4250,61.0256,0.0053
22.4750,61.0256,0.0053
22.5250,61.0256,0.0052
22.5750,61.0256,0.0052
22.6250,61.0256,0.0051
22.6750,61.0256,0.0051
22.7250,61.0256,0.0000
22.7750,61.0256,0.0000
22.8250,61.0256,0.0000
22.8750,61.0256,0.0000
22.9250,61.0256,0.0000
22.9750,61.0256,0.0000
23.0250,61.0256,0.0000
23.0750,61.0256,0.0000
23.1250,61.0256,0.0000
23.1750,61.0256,0.0000
23.2250,61.0256,0.0000
23.2750,61.0256,0.0000
23.3250,61.0256,0.0000
23.3750,61.0256,0.0000
23.4250,61.0256,0.0000
23.4750,61.0256,0.0000
23.5250,61.0256,0.0000
23.5750,61.0256,0.0000
23.6250,61.0256,0.0000
23.6750,61.0256,0.0000
23.7250,61.0256,0.0000
23.7750,61.0256,0.0000
23.8250,61.0256,0.0000
23.8750,61.0256,0.0000
23.9250,61.0256,0.0000
23.9750,61.0256,0.0000
24.0250,61.0256,0.0000
24.0750,61.0256,0.0000
24.1250,61.0256,0.0000
24.1750,61.0256,0.0000
24.2250,61.0256,0.0000
24.2750,61.0256,0.0000
24.3250,61.0256,0.0000
24.3750,61.0256,0.0000
24.4250,61.0256,0.0000
24.4750,61.0256,0.0000
24.5250,61.0256,0.0000
24.5750,61.0256,0.0000
24.6250,61.0256,0.0000
24.6750,61.0256,0.0000
24.7250,61.0256,0.0000
24.7750,61.0256,0.0000
24.8250,61.0256,0.0000
24.8750,61.0256,0.0000
24.9250,61.0256,0.0000
24.9750,61.0256,0.0000
25.0250,61.0256,0.0000
25.0750,61.0256,0.0000
25.1250,61.0256,0.0000
25.1750,61.0256,0.0000
25.2250,61.0256,0.0000
25.2750,61.0256,0.0000
25.3250,61.0256,0.0000
25.3750,61.0256,0.0000
25.4250,61.0256,0.0000
25.4750,61.0256,0.0000
25.5250,61.0256,0.0000
25.5750,61.0256,0.0000
25.6250,61.0256,0.0000
25.6750,61.0256,0.0000
25.7250,61.0256,0.0000
25.7750,61.0256,0.0000
25.8250,61.0256,0.0000
25.8750,61.0256,0.0000
25.9250,61.0256,0.0000
25.9750,61.0256,0.0000
26.0250,61.0256,0.0000
26.0750,61.0256,0.0000
26.1250,61.0256,0.0000
26.1750,61.0256,0.0000
26.2250,61.0256,0.0000
26.2750,61.0256,0.0000
26.3250,61.0256,0.0000
26.3750,61.0256,0.0000
26.4250,61.0256,0.0000
26.4750,61.0256,0.0000
26.5250,61.0256,0.0000
26.5750,61.0256,0.0000
26.6250,61.0256,0.0000
26.6750,61.0256,0.0000
26.7250,61.0256,0.0000
26.7750,61.0256,0.0000
26.8250,61.0256,0.0000
26.8750,61.0256,0.0000
26.9250,61.0256,0.0000
26.9750,61.0256,0.0000
27.0250,61.0256,0.0000
27.0750,61.0256,0.0000
27.1250,61.0256,0.0000
27.1750,61.0256,0.0000
27.2250,61.0256,0.0000
27.2750,61.0256,0.0000
27.3250,61.0256,0.0000
27.3750,61.0256,0.0000
27.4250,61.0256,0.0000
27.4750,61.0256,0.0000
27.5250,61.0256,0.0000
27.5750,61.0256,0.0000
27.6250,61.0256,0.0000
27.6750,61.0256,0.0000
27.7250,61.0256,0.0000
27.7750,61.0256,0.0000
27.8250,61.0256,0.0000
27.8750,61.0256,0.0000
27.9250,61.0256,0.0000
27.9750,61.0256,0.0000
28.0250,61.0256,0.0050
28.0750,61.0256,0.0058
28.1250,61.0256,0.0059
28.1750,61.0256,0.0065
28.2250,61.0256,0.0064
28.2750,61.0256,0.0076
28.3250,61.0256,0.0075
28.3750,61.0256,0.0075
28.4250,61.0256,0.0085
28.4750,61.0256,0.0085
28.5250,61.0256,0.0094
28.5750,61.0256,0.0092
28.6250,61.0256,0.0092
28.6750,61.0256,0.0104
28.7250,61.0256,0.0104
28.7750,61.0256,0.0100
28.8250,61.0256,0.0100
28.8750,61.0256,0.0097
28.9250,61.0256,0.0096
28.9750,61.0256,0.0092
29.0250,61.0256,0.0089
29.0750,61.0256,0.0086
29.1250,61.0256,0.0082
29.1750,61.0256,0.0082
29.2250,61.0256,0.0078
29.2750,61.0256,0.0190
29.3250,61.0256,0.0179
29.3750,61.0256,0.0179
29.4250,61.0256,0.0160
29.4750,61.0256,0.0160
29.5250,61.0256,0.0141
29.5750,61.0256,0.0138
29.6250,61.0256,0.0132
29.6750,61.0256,0.0118
29.7250,61.0256,0.0118
29.7750,61.0256,0.0105
29.8250,61.0256,0.0105
29.8750,61.0256,0.0099
29.9250,61.0256,0.0095
29.9750,61.0256,0.0088
30.0250,61.0256,0.0088
30.0750,61.0256,0.0080
30.1250,61.0256,0.0080
30.1750,61.0256,0.0073
30.2250,61.0256,0.0068
30.2750,61.0256,0.0068
30.3250,61.0256,0.0062
30.3750,61.0256,0.0062
30.4250,61.0256,0.0057
30.4750,61.0256,0.0057
30.5250,61.0256,0.0053
30.5750,61.0256,0.0052
30.6250,61.0256,0.0000
30.6750,61.0256,0.0000
30.7250,61.0256,0.0000
30.7750,61.0256,0.0000
30.8250,61.0256,0.0000
30.8750,61.0256,0.0000
30.9250,61.0256,0.0000
30.9750,61.0256,0.0000
31.0250,61.0256,0.0000
31.0750,61.0256,0.0000
31.1250,61.0256,0.0000
31.1750,61.0256,0.0000
31.2250,61.0256,0.0000
31.2750,61.0256,0.0000
31.3250,61.0256,0.0000
31.3750,61.0256,0.0000
31.4250,61.0256,0.0000
31.4750,61.0256,0.0000
31.5250,61.0256,0.0000
31.5750,61.0256,0.0000
21.1750,60.9756,0.0071
21.2250,60.9756,0.0070
21.2750,60.9756,0.0069
21.3250,60.9756,0.0069
21.3750,60.9756,0.0068
21.4250,60.9756,0.0065
21.4750,60.9756,0.0065
21.5250,60.9756,0.0064
21.5750,60.9756,0.0064
21.6250,60.9756,0.0063
21.6750,60.9756,0.0062
21.7250,60.9756,0.0062
21.7750,60.9756,0.0061
21.8250,60.9756,0.0061
21.8750,60.9756,0.0060
21.9250,60.9756,0.0060
21.9750,60.9756,0.0059
22.0250,60.9756,0.0058
22.0750,60.9756,0.0059
22.1250,60.9756,0.0057
22.1750,60.9756,0.0057
22.2250,60.9756,0.0056
22.2750,60.9756,0.0056
22.3250,60.9756,0.0055
22.3750,60.9756,0.0054
22.4250,60.9756,0.0054
22.4750,60.9756,0.0053
22.5250,60.9756,0.0053
22.5750,60.9756,0.0052
22.6250,60.9756,0.0052
22.6750,60.9756,0.0051
22.7250,60.9756,0.0050
22.7750,60.9756,0.0050
22.8250,60.9756,0.0000
22.8750,60.9756,0.0000
22.9250,60.9756,0.0000
22.9750,60.9756,0.0000
23.0250,60.9756,0.0000
23.0750,60.9756,0.0000
23.1250,60.9756,0.0000
23.1750,60.9756,0.0000
23.2250,60.9756,0.0000
23.2750,60.9756,0.0000
23.3250,60.9756,0.0000
23.3750,60.9756,0.0000
23.4250,60.9756,0.0000
23.4750,60.9756,0.0000
23.5250,60.9756,0.0000
23.5750,60.9756,0.0000
23.6250,60.9756,0.0000
23.6750,60.9756,0.0000
23.7250,60.9756,0.0000
23.7750,60.9756,0.0000
23.8250,60.9756,0.0000
23.8750,60.9756,0.0000
23.9250,60.9756,0.0000
23.9750,60.9756,0.0000
24.0250,60.9756,0.0000
24.0750,60.9756,0.0000
24.1250,60.9756,0.0000
24.1750,60.9756,0.0000
24.2250,60.9756,0.0000
24.2750,60.9756,0.0000
24.3250,60.9756,0.0000
24.3750,60.9756,0.0000
24.4250,60.9756,0.0000
24.4750,60.9756,0.0000
24.5250,60.9756,0.0000
24.5750,60.9756,0.0000
24.6250,60.9756,0.0000
24.6750,60.9756,0.0000
24.7250,60.9756,0.0000
24.7750,60.9756,0.0000
24.8250,60.9756,0.0000
24.8750,60.9756,0.0000
24.9250,60.9756,0.0000
24.9750,60.9756,0.0000
25.0250,60.9756,0.0000
25.0750,60.9756,0.0000
25.1250,60.9756,0.0000
25.1750,60.9756,0.0000
25.2250,60.9756,0.0000
25.2750,60.9756,0.0000
25.3250,60.9756,0.0000
25.3750,60.9756,0.0000
25.4250,60.9756,0.0000
25.4750,60.9756,0.0000
25.5250,60.9756,0.0000
25.5750,60.9756,0.0000
25.6250,60.9756,0.0000
25.6750,60.9756,0.0000
25.7250,60.9756,0.0000
25.7750,60.9756,0.0000
25.8250,60.9756,0.0000
25.8750,60.9756,0.0000
25.9250,60.9756,0.0000
25.9750,60.9756,0.0000
26.0250,60.9756,0.0000
26.0750,60.9756,0.0000
26.1250,60.9756,0.0000
26.1750,60.9756,0.0000
26.2250,60.9756,0.0000
26.2750,60.9756,0.0000
26.3250,60.9756,0.0000
26.3750,60.9756,0.0000
26.4250,60.9756,0.0000
26.4750,60.9756,0.0000
26.5250,60.9756,0.0000
26.5750,60.9756,0.0000
26.6250,60.9756,0.0000
26.6750,60.9756,0.0000
26.7250,60.9756,0.0000
26.7750,60.9756,0.0000
26.8250,60.9756,0.0000
26.8750,60.9756,0.0000
26.9250,60.9756,0.0000
26.9750,60.9756,0.0000
27.0250,60.9756,0.0000
27.0750,60.9756,0.0000
27.1250,60.9756,0.0000
27.1750,60.9756,0.0000
27.2250,60.9756,0.0000
27.2750,60.9756,0.0000
27.3250,60.9756,0.0000
27.3750,60.9756,0.0000
27.4250,60.9756,0.0000
27.4750,60.9756,0.0000
27.5250,60.9756,0.0000
27.5750,60.9756,0.0000
27.6250,60.9756,0.0000
27.6750,60.9756,0.0000
27.7250,60.9756,0.0000
27.7750,60.9756,0.0000
27.8250,60.9756,0.0000
27.8750,60.9756,0.0000
27.9250,60.9756,0.0056
27.9750,60.9756,0.0058
28.0250,60.9756,0.0058
28.0750,60.9756,0.0066
28.1250,60.9756,0.0066
28.1750,60.9756,0.0077
28.2250,60.9756,0.0077
28.2750,60.9756,0.0076
28.3250,60.9756,0.0087
28.3750,60.9756,0.0087
28.4250,60.9756,0.0100
28.4750,60.9756,0.0100
28.5250,60.9756,0.0095
28.5750,60.9756,0.0107
28.6250,60.9756,0.0102
28.6750,60.9756,0.0103
28.7250,60.9756,0.0102
28.7750,60.9756,0.0101
28.8250,60.9756,0.0098
28.8750,60.9756,0.0096
28.9250,60.9756,0.0093
28.9750,60.9756,0.0090
29.0250,60.9756,0.0090
29.0750,60.9756,0.0084
29.1250,60.9756,0.0084
29.1750,60.9756,0.0204
29.2250,60.9756,0.0203
29.2750,60.9756,0.0190
29.3250,60.9756,0.0171
29.3750,60.9756,0.0171
29.4250,60.9756,0.0151
29.4750,60.9756,0.0151
29.5250,60.9756,0.0141
29.5750,60.9756,0.0135
29.6250,60.9756,0.0127
29.6750,60.9756,0.0126
29.7250,60.9756,0.0112
29.7750,60.9756,0.0112
29.8250,60.9756,0.0101
29.8750,60.9756,0.0095
29.9250,60.9756,0.0095
29.9750,60.9756,0.0085
30.0250,60.9756,0.0085
30.0750,60.9756,0.0078
30.1250,60.9756,0.0078
30.1750,60.9756,0.0073
30.2250,60.9756,0.0070
30.2750,60.9756,0.0066
30.3250,60.9756,0.0062
30.3750,60.9756,0.0060
30.4250,60.9756,0.0057
30.4750,60.9756,0.0055
30.5250,60.9756,0.0052
30.5750,60.9756,0.0052
30.6250,60.9756,0.0000
30.6750,60.9756,0.0000
30.7250,60.9756,0.0000
30.7750,60.9756,0.0000
30.8250,60.9756,0.0000
30.8750,60.9756,0.0000
30.9250,60.9756,0.0000
30.9750,60.9756,0.0000
31.0250,60.9756,0.0000
31.0750,60.9756,0.0000
31.1250,60.9756,0.0000
31.1750,60.9756,0.0000
31.2250,60.9756,0.0000
31.2750,60.9756,0.0000
31.3250,60.9756,0.0000
31.3750,60.9756,0.0000
31.4250,60.9756,0.0000
31.4750,60.9756,0.0000
31.5250,60.9756,0.0000
31.5750,60.9756,0.0000
21.1250,60.9256,0.0071
21.1750,60.9256,0.0071
21.2250,60.9256,0.0071
21.2750,60.9256,0.0069
21.3250,60.9256,0.0069
21.3750,60.9256,0.0068
21.4250,60.9256,0.0068
21.4750,60.9256,0.0066
21.5250,60.9256,0.0064
21.5750,60.9256,0.0065
21.6250,60.9256,0.0063
21.6750,60.9256,0.0064
21.7250,60.9256,0.0063
21.7750,60.9256,0.0063
21.8250,60.9256,0.0062
21.8750,60.9256,0.0060
21.9250,60.9256,0.0061
21.9750,60.9256,0.0059
22.0250,60.9256,0.0060
22.0750,60.9256,0.0059
22.1250,60.9256,0.0059
22.1750,60.9256,0.0058
22.2250,60.9256,0.0057
22.2750,60.9256,0.0057
22.3250,60.9256,0.0056
22.3750,60.9256,0.0056
22.4250,60.9256,0.0055
22.4750,60.9256,0.0055
22.5250,60.9256,0.0053
22.5750,60.9256,0.0053
22.6250,60.9256,0.0053
22.6750,60.9256,0.0053
22.7250,60.9256,0.0053
22.7750,60.9256,0.0052
22.8250,60.9256,0.0050
22.8750,60.9256,0.0051
22.9250,60.9256,0.0000
22.9750,60.9256,0.0000
23.0250,60.9256,0.0000
23.0750,60.9256,0.0000
23.1250,60.9256,0.0000
23.1750,60.9256,0.0000
23.2250,60.9256,0.0000
23.2750,60.9256,0.0000
23.3250,60.9256,0.0000
23.3750,60.9256,0.0000
23.4250,60.9256,0.0000
23.4750,60.9256,0.0000
23.5250,60.9256,0.0000
23.5750,60.9256,0.0000
23.6250,60.9256,0.0000
23.6750,60.9256,0.0000
23.7250,60.9256,0.0000
23.7750,60.9256,0.0000
23.8250,60.9256,0.0000
23.8750,60.9256,0.0000
23.9250,60.9256,0.0000
23.9750,60.9256,0.0000
24.0250,60.9256,0.0000
24.0750,60.9256,0.0000
24.1250,60.9256,0.0000
24.1750,60.9256,0.0000
24.2250,60.9256,0.0000
24.2750,60.9256,0.0000
24.3250,60.9256,0.0000
24.3750,60.9256,0.0000
24.4250,60.9256,0.0000
24.4750,60.9256,0.0000
24.5250,60.9256,0.0000
24.5750,60.9256,0.0000
24.6250,60.9256,0.0000
24.6750,60.9256,0.0000
24.7250,60.9256,0.0000
24.7750,60.9256,0.0000
24.8250,60.9256,0.0000
24.8750,60.9256,0.0000
24.9250,60.9256,0.0000
24.9750,60.9256,0.0000
25.0250,60.9256,0.0000
25.0750,60.9256,0.0000
25.1250,60.9256,0.0000
25.1750,60.9256,0.0000
25.2250,60.9256,0.0000
25.2750,60.9256,0.0000
25.3250,60.9256,0.0000
25.3750,60.9256,0.0000
25.4250,60.9256,0.0000
25.4750,60.9256,0.0000
25.5250,60.9256,0.0000
25.5750,60.9256,0.0000
25.6250,60.9256,0.0000
25.6750,60.9256,0.0000
25.7250,60.9256,0.0000
25.7750,60.9256,0.0000
25.8250,60.9256,0.0000
25.8750,60.9256,0.0000
25.9250,60.9256,0.0000
25.9750,60.9256,0.0000
26.0250,60.9256,0.0000
26.0750,60.9256,0.0000
26.1250,60.9256,0.0000
26.1750,60.9256,0.0000
26.2250,60.9256,0.0000
26.2750,60.9256,0.0000
26.3250,60.9256,0.0000
26.3750,60.9256,0.0000
26.4250,60.9256,0.0000
26.4750,60.9256,0.0000
26.5250,60.9256,0.0000
26.5750,60.9256,0.0000
26.6250,60.9256,0.0000
26.6750,60.9256,0.0000
26.7250,60.9256,0.0000
26.7750,60.9256,0.0000
26.8250,60.9256,0.0000
26.8750,60.9256,0.0000
26.9250,60.9256,0.0000
26.9750,60.9256,0.0000
27.0250,60.9256,0.0000
27.0750,60.9256,0.0000
27.1250,60.9256,0.0000
27.1750,60.9256,0.0000
27.2250,60.9256,0.0000
27.2750,60.9256,0.0000
27.3250,60.9256,0.0000
27.3750,60.9256,0.0000
27.4250,60.9256,0.0000
27.4750,60.9256,0.0000
27.5250,60.9256,0.0000
27.5750,60.9256,0.0000
27.6250,60.9256,0.0000
27.6750,60.9256,0.0000
27.7250,60.9256,0.0000
27.7750,60.9256,0.0000
27.8250,60.9256,0.0057
27.8750,60.9256,0.0058
27.9250,60.9256,0.0057
27.9750,60.9256,0.0065
28.0250,60.9256,0.0064
28.0750,60.9256,0.0076
28.1250,60.9256,0.0076
28.1750,60.9256,0.0077
28.2250,60.9256,0.0087
28.2750,60.9256,0.0088
28.3250,60.9256,0.0098
28.3750,60.9256,0.0101
28.4250,60.9256,0.0101
28.4750,60.9256,0.0107
28.5250,60.9256,0.0107
28.5750,60.9256,0.0105
28.6250,60.9256,0.0104
28.6750,60.9256,0.0104
28.7250,60.9256,0.0100
28.7750,60.9256,0.0100
28.8250,60.9256,0.0095
28.8750,60.9256,0.0095
28.9250,60.9256,0.0093
28.9750,60.9256,0.0088
29.0250,60.9256,0.0087
29.0750,60.9256,0.0082
29.1250,60.9256,0.0082
29.1750,60.9256,0.0203
29.2250,60.9256,0.0189
29.2750,60.9256,0.0181
29.3250,60.9256,0.0175
29.3750,60.9256,0.0161
29.4250,60.9256,0.0161
29.4750,60.9256,0.0142
29.5250,60.9256,0.0135
29.5750,60.9256,0.0129
29.6250,60.9256,0.0120
29.6750,60.9256,0.0120
29.7250,60.9256,0.0107
29.7750,60.9256,0.0107
29.8250,60.9256,0.0098
29.8750,60.9256,0.0097
29.9250,60.9256,0.0091
29.9750,60.9256,0.0084
30.0250,60.9256,0.0082
30.0750,60.9256,0.0076
30.1250,60.9256,0.0075
30.1750,60.9256,0.0070
30.2250,60.9256,0.0067
30.2750,60.9256,0.0064
30.3250,60.9256,0.0064
30.3750,60.9256,0.0059
30.4250,60.9256,0.0059
30.4750,60.9256,0.0054
30.5250,60.9256,0.0052
30.5750,60.9256,0.0050
30.6250,60.9256,0.0000
30.6750,60.9256,0.0000
30.7250,60.9256,0.0000
30.7750,60.9256,0.0000
30.8250,60.9256,0.0000
30.8750,60.9256,0.0000
30.9250,60.9256,0.0000
30.9750,60.9256,0.0000
31.0250,60.9256,0.0000
31.0750,60.9256,0.0000
31.1250,60.9256,0.0000
31.1750,60.9256,0.0000
31.2250,60.9256,0.0000
31.2750,60.9256,0.0000
31.3250,60.9256,0.0000
31.3750,60.9256,0.0000
31.4250,60.9256,0.0000
31.4750,60.9256,0.0000
31.5250,60.9256,0.0000
31.5750,60.9256,0.0000
21.0250,60.8756,0.0071
21.0750,60.8756,0.0071
21.1250,60.8756,0.0071
21.1750,60.8756,0.0071
21.2250,60.8756,0.0071
21.2750,60.8756,0.0071
21.3250,60.8756,0.0070
21.3750,60.8756,0.0070
21.4250,60.8756,0.0069
21.4750,60.8756,0.0066
21.5250,60.8756,0.0067
21.5750,60.8756,0.0065
21.6250,60.8756,0.0065
21.6750,60.8756,0.0064
21.7250,60.8756,0.0063
21.7750,60.8756,0.0063
21.8250,60.8756,0.0062
21.8750,60.8756,0.0062
21.9250,60.8756,0.0061
21.9750,60.8756,0.0061
22.0250,60.8756,0.0060
22.0750,60.8756,0.0059
22.1250,60.8756,0.0059
22.1750,60.8756,0.0058
22.2250,60.8756,0.0058
22.2750,60.8756,0.0058
22.3250,60.8756,0.0058
22.3750,60.8756,0.0057
22.4250,60.8756,0.0055
22.4750,60.8756,0.0056
22.5250,60.8756,0.0055
22.5750,60.8756,0.0055
22.6250,60.8756,0.0054
22.6750,60.8756,0.0054
22.7250,60.8756,0.0053
22.7750,60.8756,0.0052
22.8250,60.8756,0.0052
22.8750,60.8756,0.0051
22.9250,60.8756,0.0051
22.9750,60.8756,0.0000
23.0250,60.8756,0.0049
23.0750,60.8756,0.0000
23.1250,60.8756,0.0000
23.1750,60.8756,0.0000
23.2250,60.8756,0.0000
23.2750,60.8756,0.0000
23.3250,60.8756,0.0000
23.3750,60.8756,0.0000
23.4250,60.8756,0.0000
23.4750,60.8756,0.0000
23.5250,60.8756,0.0000
23.5750,60.8756,0.0000
23.6250,60.8756,0.0000
23.6750,60.8756,0.0000
23.7250,60.8756,0.0000
23.7750,60.8756,0.0000
23.8250,60.8756,0.0000
23.8750,60.8756,0.0000
23.9250,60.8756,0.0000
23.9750,60.8756,0.0000
24.0250,60.8756,0.0000
24.0750,60.8756,0.0000
24.1250,60.8756,0.0000
24.1750,60.8756,0.0000
24.2250,60.8756,0.0000
24.2750,60.8756,0.0000
24.3250,60.8756,0.0000
24.3750,60.8756,0.0000
24.4250,60.8756,0.0000
24.4750,60.8756,0.0000
24.5250,60.8756,0.0000
24.5750,60.8756,0.0000
24.6250,60.8756,0.0000
24.6750,60.8756,0.0000
24.7250,60.8756,0.0000
24.7750,60.8756,0.0000
24.8250,60.8756,0.0000
24.8750,60.8756,0.0000
24.9250,60.8756,0.0000
24.9750,60.8756,0.0000
25.0250,60.8756,0.0000
25.0750,60.8756,0.0000
25.1250,60.8756,0.0000
25.1750,60.8756,0.0000
25.2250,60.8756,0.0000
25.2750,60.8756,0.0000
25.3250,60.8756,0.0000
25.3750,60.8756,0.0000
25.4250,60.8756,0.0000
25.4750,60.8756,0.0000
25.5250,60.8756,0.0000
25.5750,60.8756,0.0000
25.6250,60.8756,0.0000
25.6750,60.8756,0.0000
25.7250,60.8756,0.0000
25.7750,60.8756,0.0000
25.8250,60.8756,0.0000
25.8750,60.8756,0.0000
25.9250,60.8756,0.0000
25.9750,60.8756,0.0000
26.0250,60.8756,0.0000
26.0750,60.8756,0.0000
26.1250,60.8756,0.0000
26.1750,60.8756,0.0000
26.2250,60.8756,0.0000
26.2750,60.8756,0.0000
26.3250,60.8756,0.0000
26.3750,60.8756,0.0000
26.4250,60.8756,0.0000
26.4750,60.8756,0.0000
26.5250,60.8756,0.0000
26.5750,60.8756,0.0000
26.6250,60.8756,0.0000
26.6750,60.8756,0.0000
26.7250,60.8756,0.0000
26.7750,60.8756,0.0000
26.8250,60.8756,0.0000
26.8750,60.8756,0.0000
26.9250,60.8756,0.0000
26.9750,60.8756,0.0000
27.0250,60.8756,0.0000
27.0750,60.8756,0.0000
27.1250,60.8756,0.0000
27.1750,60.8756,0.0000
27.2250,60.8756,0.0000
27.2750,60.8756,0.0000
27.3250,60.8756,0.0000
27.3750,60.8756,0.0000
27.4250,60.8756,0.0000
27.4750,60.8756,0.0000
27.5250,60.8756,0.0000
27.5750,60.8756,0.0000
27.6250,60.8756,0.0000
27.6750,60.8756,0.0000
27.7250,60.8756,0.0003
27.7750,60.8756,0.0059
27.8250,60.8756,0.0058
27.8750,60.8756,0.0066
27.9250,60.8756,0.0065
27.9750,60.8756,0.0067
28.0250,60.8756,0.0075
28.0750,60.8756,0.0075
28.1250,60.8756,0.0084
28.1750,60.8756,0.0084
28.2250,60.8756,0.0096
28.2750,60.8756,0.0100
28.3250,60.8756,0.0100
28.3750,60.8756,0.0107
28.4250,60.8756,0.0107
28.4750,60.8756,0.0105
28.5250,60.8756,0.0105
28.5750,60.8756,0.0105
28.6250,60.8756,0.0102
28.6750,60.8756,0.0101
28.7250,60.8756,0.0097
28.7750,60.8756,0.0097
28.8250,60.8756,0.0095
28.8750,60.8756,0.0092
28.9250,60.8756,0.0090
28.9750,60.8756,0.0088
29.0250,60.8756,0.0085
29.0750,60.8756,0.0085
29.1250,60.8756,0.0197
29.1750,60.8756,0.0195
29.2250,60.8756,0.0177
29.2750,60.8756,0.0170
29.3250,60.8756,0.0170
29.3750,60.8756,0.0150
29.4250,60.8756,0.0150
29.4750,60.8756,0.0134
29.5250,60.8756,0.0134
29.5750,60.8756,0.0128
29.6250,60.8756,0.0119
29.6750,60.8756,0.0113
29.7250,60.8756,0.0103
29.7750,60.8756,0.0102
29.8250,60.8756,0.0097
29.8750,60.8756,0.0092
29.9250,60.8756,0.0086
29.9750,60.8756,0.0086
30.0250,60.8756,0.0079
30.0750,60.8756,0.0079
30.1250,60.8756,0.0072
30.1750,60.8756,0.0071
30.2250,60.8756,0.0067
30.2750,60.8756,0.0062
30.3250,60.8756,0.0062
30.3750,60.8756,0.0057
30.4250,60.8756,0.0057
30.4750,60.8756,0.0053
30.5250,60.8756,0.0052
30.5750,60.8756,0.0000
30.6250,60.8756,0.0000
30.6750,60.8756,0.0000
30.7250,60.8756,0.0000
30.7750,60.8756,0.0000
30.8250,60.8756,0.0000
30.8750,60.8756,0.0000
30.9250,60.8756,0.0000
30.9750,60.8756,0.0000
31.0250,60.8756,0.0000
31.0750,60.8756,0.0000
31.1250,60.8756,0.0000
31.1750,60.8756,0.0000
31.2250,60.8756,0.0000
31.2750,60.8756,0.0000
31.3250,60.8756,0.0000
31.3750,60.8756,0.0000
31.4250,60.8756,0.0000
31.4750,60.8756,0.0000
31.5250,60.8756,0.0000
31.5750,60.8756,0.0000
21.0250,60.8256,0.0071
21.1250,60.8256,0.0071
21.1750,60.8256,0.0071
21.2250,60.8256,0.0072
21.2750,60.8256,0.0072
21.3250,60.8256,0.0071
21.3750,60.8256,0.0071
21.4250,60.8256,0.0069
21.4750,60.8256,0.0069
21.5250,60.8256,0.0068
21.5750,60.8256,0.0068
21.6250,60.8256,0.0066
21.6750,60.8256,0.0064
21.7250,60.8256,0.0064
21.7750,60.8256,0.0064
21.8250,60.8256,0.0064
21.8750,60.8256,0.0063
21.9250,60.8256,0.0063
21.9750,60.8256,0.0062
22.0250,60.8256,0.0060
22.0750,60.8256,0.0061
22.1250,60.8256,0.0060
22.1750,60.8256,0.0060
22.2250,60.8256,0.0059
22.2750,60.8256,0.0058
22.3250,60.8256,0.0058
22.3750,60.8256,0.0058
22.4250,60.8256,0.0058
22.4750,60.8256,0.0056
22.5250,60.8256,0.0057
22.5750,60.8256,0.0055
22.6250,60.8256,0.0054
22.6750,60.8256,0.0054
22.7250,60.8256,0.0054
22.7750,60.8256,0.0054
22.8250,60.8256,0.0053
22.8750,60.8256,0.0053
22.9250,60.8256,0.0052
22.9750,60.8256,0.0050
23.0250,60.8256,0.0051
23.0750,60.8256,0.0050
23.1250,60.8256,0.0050
23.1750,60.8256,0.0000
23.2250,60.8256,0.0000
23.2750,60.8256,0.0000
23.3250,60.8256,0.0000
23.3750,60.8256,0.0000
23.4250,60.8256,0.0000
23.4750,60.8256,0.0000
23.5250,60.8256,0.0000
23.5750,60.8256,0.0000
23.6250,60.8256,0.0000
23.6750,60.8256,0.0000
23.7250,60.8256,0.0000
23.7750,60.8256,0.0000
23.8250,60.8256,0.0000
23.8750,60.8256,0.0000
23.9250,60.8256,0.0000
23.9750,60.8256,0.0000
24.0250,60.8256,0.0000
24.0750,60.8256,0.0000
24.1250,60.8256,0.0000
24.1750,60.8256,0.0000
24.2250,60.8256,0.0000
24.2750,60.8256,0.0000
24.3250,60.8256,0.0000
24.3750,60.8256,0.0000
24.4250,60.8256,0.0000
24.4750,60.8256,0.0000
24.5250,60.8256,0.0000
24.5750,60.8256,0.0000
24.6250,60.8256,0.0000
24.6750,60.8256,0.0000
24.7250,60.8256,0.0000
24.7750,60.8256,0.0000
24.8250,60.8256,0.0000
24.8750,60.8256,0.0000
24.9250,60.8256,0.0000
24.9750,60.8256,0.0000
25.0250,60.8256,0.0000
25.0750,60.8256,0.0000
25.1250,60.8256,0.0000
25.1750,60.8256,0.0000
25.2250,60.8256,0.0000
25.2750,60.8256,0.0000
25.3250,60.8256,0.0000
25.3750,60.8256,0.0000
25.4250,60.8256,0.0000
25.4750,60.8256,0.0000
25.5250,60.8256,0.0000
25.5750,60.8256,0.0000
25.6250,60.8256,0.0000
25.6750,60.8256,0.0000
25.7250,60.8256,0.0000
25.7750,60.8256,0.0000
25.8250,60.8256,0.0000
25.8750,60.8256,0.0000
25.9250,60.8256,0.0000
25.9750,60.8256,0.0000
26.0250,60.8256,0.0000
26.0750,60.8256,0.0000
26.1250,60.8256,0.0000
26.1750,60.8256,0.0000
26.2250,60.8256,0.0000
26.2750,60.8256,0.0000
26.3250,60.8256,0.0000
26.3750,60.8256,0.0000
26.4250,60.8256,0.0000
26.4750,60.8256,0.0000
26.5250,60.8256,0.0000
26.5750,60.8256,0.0000
26.6250,60.8256,0.0000
26.6750,60.8256,0.0000
26.7250,60.8256,0.0000
26.7750,60.8256,0.0000
26.8250,60.8256,0.0000
26.8750,60.8256,0.0000
26.9250,60.8256,0.0000
26.9750,60.8256,0.0000
27.0250,60.8256,0.0000
27.0750,60.8256,0.0000
27.1250,60.8256,0.0000
27.1750,60.8256,0.0000
27.2250,60.8256,0.0000
27.2750,60.8256,0.0000
27.3250,60.8256,0.0000
27.3750,60.8256,0.0000
27.4250,60.8256,0.0000
27.4750,60.8256,0.0000
27.5250,60.8256,0.0000
27.5750,60.8256,0.0000
27.6250,60.8256,0.0000
27.6750,60.8256,0.0060
27.7250,60.8256,0.0060
27.7750,60.8256,0.0067
27.8250,60.8256,0.0067
27.8750,60.8256,0.0067
27.9250,60.8256,0.0076
27.9750,60.8256,0.0075
28.0250,60.8256,0.0084
28.0750,60.8256,0.0084
28.1250,60.8256,0.0095
28.1750,60.8256,0.0095
28.2250,60.8256,0.0096
28.2750,60.8256,0.0105
28.3250,60.8256,0.0106
28.3750,60.8256,0.0106
28.4250,60.8256,0.0105
28.4750,60.8256,0.0105
28.5250,60.8256,0.0102
28.5750,60.8256,0.0102
28.6250,60.8256,0.0100
28.6750,60.8256,0.0099
28.7250,60.8256,0.0099
28.7750,60.8256,0.0094
28.8250,60.8256,0.0094
28.8750,60.8256,0.0089
28.9250,60.8256,0.0087
28.9750,60.8256,0.0087
29.0250,60.8256,0.0204
29.0750,60.8256,0.0204
29.1250,60.8256,0.0182
29.1750,60.8256,0.0182
29.2250,60.8256,0.0177
29.2750,60.8256,0.0163
29.3250,60.8256,0.0157
29.3750,60.8256,0.0145
29.4250,60.8256,0.0140
29.4750,60.8256,0.0134
29.5250,60.8256,0.0126
29.5750,60.8256,0.0120
29.6250,60.8256,0.0120
29.6750,60.8256,0.0107
29.7250,60.8256,0.0107
29.7750,60.8256,0.0097
29.8250,60.8256,0.0097
29.8750,60.8256,0.0092
29.9250,60.8256,0.0083
29.9750,60.8256,0.0083
30.0250,60.8256,0.0075
30.0750,60.8256,0.0075
30.1250,60.8256,0.0071
30.1750,60.8256,0.0068
30.2250,60.8256,0.0065
30.2750,60.8256,0.0064
30.3250,60.8256,0.0060
30.3750,60.8256,0.0059
30.4250,60.8256,0.0055
30.4750,60.8256,0.0052
30.5250,60.8256,0.0051
30.5750,60.8256,0.0000
30.6250,60.8256,0.0000
30.6750,60.8256,0.0000
30.7250,60.8256,0.0000
30.7750,60.8256,0.0000
30.8250,60.8256,0.0000
30.8750,60.8256,0.0000
30.9250,60.8256,0.0000
30.9750,60.8256,0.0000
31.0250,60.8256,0.0000
31.0750,60.8256,0.0000
31.1250,60.8256,0.0000
31.1750,60.8256,0.0000
31.2250,60.8256,0.0000
31.2750,60.8256,0.0000
31.3250,60.8256,0.0000
31.3750,60.8256,0.0000
31.4250,60.8256,0.0000
31.4750,60.8256,0.0000
31.5250,60.8256,0.0000
31.5750,60.8256,0.0000
21.1250,60.7756,0.0072
21.1750,60.7756,0.0072
21.2250,60.7756,0.0072
21.2750,60.7756,0.0072
21.3250,60.7756,0.0073
21.3750,60.7756,0.0071
21.4250,60.7756,0.0071
21.4750,60.7756,0.0070
21.5250,60.7756,0.0069
21.5750,60.7756,0.0069
21.6250,60.7756,0.0066
21.6750,60.7756,0.0067
21.7250,60.7756,0.0065
21.7750,60.7756,0.0066
21.8250,60.7756,0.0064
21.8750,60.7756,0.0063
21.9250,60.7756,0.0063
21.9750,60.7756,0.0062
22.0250,60.7756,0.0063
22.0750,60.7756,0.0061
22.1250,60.7756,0.0062
22.1750,60.7756,0.0060
22.2250,60.7756,0.0060
22.2750,60.7756,0.0060
22.3250,60.7756,0.0059
22.3750,60.7756,0.0059
22.4250,60.7756,0.0059
22.4750,60.7756,0.0058
22.5250,60.7756,0.0057
22.5750,60.7756,0.0056
22.6250,60.7756,0.0057
22.6750,60.7756,0.0055
22.7250,60.7756,0.0055
22.7750,60.7756,0.0054
22.8250,60.7756,0.0053
22.8750,60.7756,0.0053
22.9250,60.7756,0.0052
22.9750,60.7756,0.0053
23.0250,60.7756,0.0052
23.0750,60.7756,0.0052
23.1250,60.7756,0.0051
23.1750,60.7756,0.0050
23.2250,60.7756,0.0051
23.2750,60.7756,0.0042
23.3250,60.7756,0.0050
23.3750,60.7756,0.0000
23.4250,60.7756,0.0000
23.4750,60.7756,0.0000
23.5250,60.7756,0.0000
23.5750,60.7756,0.0000
23.6250,60.7756,0.0000
23.6750,60.7756,0.0000
23.7250,60.7756,0.0000
23.7750,60.7756,0.0000
23.8250,60.7756,0.0000
23.8750,60.7756,0.0000
23.9250,60.7756,0.0000
23.9750,60.7756,0.0000
24.0250,60.7756,0.0000
24.0750,60.7756,0.0000
24.1250,60.7756,0.0000
24.1750,60.7756,0.0000
24.2250,60.7756,0.0000
24.2750,60.7756,0.0000
24.3250,60.7756,0.0000
24.3750,60.7756,0.0000
24.4250,60.7756,0.0000
24.4750,60.7756,0.0000
24.5250,60.7756,0.0000
24.5750,60.7756,0.0000
24.6250,60.7756,0.0000
24.6750,60.7756,0.0000
24.7250,60.7756,0.0000
24.7750,60.7756,0.0000
24.8250,60.7756,0.0000
24.8750,60.7756,0.0000
24.9250,60.7756,0.0000
24.9750,60.7756,0.0000
25.0250,60.7756,0.0000
25.0750,60.7756,0.0000
25.1250,60.7756,0.0000
25.1750,60.7756,0.0000
25.2250,60.7756,0.0000
25.2750,60.7756,0.0000
25.3250,60.7756,0.0000
25.3750,60.7756,0.0000
25.4250,60.7756,0.0000
25.4750,60.7756,0.0000
25.5250,60.7756,0.0000
25.5750,60.7756,0.0000
25.6250,60.7756,0.0000
25.6750,60.7756,0.0000
25.7250,60.7756,0.0000
25.7750,60.7756,0.0000
25.8250,60.7756,0.0000
25.8750,60.7756,0.0000
25.9250,60.7756,0.0000
25.9750,60.7756,0.0000
26.0250,60.7756,0.0000
26.0750,60.7756,0.0000
26.1250,60.7756,0.0000
26.1750,60.7756,0.0000
26.2250,60.7756,0.0000
26.2750,60.7756,0.0000
26.3250,60.7756,0.0000
26.3750,60.7756,0.0000
26.4250,60.7756,0.0000
26.4750,60.7756,0.0000
26.5250,60.7756,0.0000
26.5750,60.7756,0.0000
26.6250,60.7756,0.0000
26.6750,60.7756,0.0000
26.7250,60.7756,0.0000
26.7750,60.7756,0.0000
26.8250,60.7756,0.0000
26.8750,60.7756,0.0000
26.9250,60.7756,0.0000
26.9750,60.7756,0.0000
27.0250,60.7756,0.0000
27.0750,60.7756,0.0000
27.1250,60.7756,0.0000
27.1750,60.7756,0.0000
27.2250,60.7756,0.0000
27.2750,60.7756,0.0000
27.3250,60.7756,0.0000
27.3750,60.7756,0.0000
27.4250,60.7756,0.0000
27.4750,60.7756,0.0000
27.5250,60.7756,0.0000
27.5750,60.7756,0.0061
27.6250,60.7756,0.0061
27.6750,60.7756,0.0065
27.7250,60.7756,0.0067
27.7750,60.7756,0.0069
27.8250,60.7756,0.0076
27.8750,60.7756,0.0076
27.9250,60.7756,0.0083
27.9750,60.7756,0.0084
28.0250,60.7756,0.0084
28.0750,60.7756,0.0094
28.1250,60.7756,0.0094
28.1750,60.7756,0.0103
28.2250,60.7756,0.0105
28.2750,60.7756,0.0105
28.3250,60.7756,0.0104
28.3750,60.7756,0.0104
28.4250,60.7756,0.0102
28.4750,60.7756,0.0102
28.5250,60.7756,0.0100
28.5750,60.7756,0.0099
28.6250,60.7756,0.0099
28.6750,60.7756,0.0095
28.7250,60.7756,0.0095
28.7750,60.7756,0.0091
28.8250,60.7756,0.0091
28.8750,60.7756,0.0089
28.9250,60.7756,0.0208
28.9750,60.7756,0.0207
29.0250,60.7756,0.0204
29.0750,60.7756,0.0185
29.1250,60.7756,0.0182
29.1750,60.7756,0.0168
29.2250,60.7756,0.0163
29.2750,60.7756,0.0162
29.3250,60.7756,0.0144
29.3750,60.7756,0.0144
29.4250,60.7756,0.0131
29.4750,60.7756,0.0131
29.5250,60.7756,0.0123
29.5750,60.7756,0.0112
29.6250,60.7756,0.0111
29.6750,60.7756,0.0101
29.7250,60.7756,0.0101
29.7750,60.7756,0.0094
29.8250,60.7756,0.0091
29.8750,60.7756,0.0087
29.9250,60.7756,0.0083
29.9750,60.7756,0.0079
30.0250,60.7756,0.0079
30.0750,60.7756,0.0072
30.1250,60.7756,0.0068
30.1750,60.7756,0.0065
30.2250,60.7756,0.0062
30.2750,60.7756,0.0062
30.3250,60.7756,0.0057
30.3750,60.7756,0.0057
30.4250,60.7756,0.0053
30.4750,60.7756,0.0052
30.5250,60.7756,0.0000
30.5750,60.7756,0.0000
30.6250,60.7756,0.0000
30.6750,60.7756,0.0000
30.7250,60.7756,0.0000
30.7750,60.7756,0.0000
30.8250,60.7756,0.0000
30.8750,60.7756,0.0000
30.9250,60.7756,0.0000
30.9750,60.7756,0.0000
31.0250,60.7756,0.0000
31.0750,60.7756,0.0000
31.1250,60.7756,0.0000
31.1750,60.7756,0.0000
31.2250,60.7756,0.0000
31.2750,60.7756,0.0000
31.3250,60.7756,0.0000
31.3750,60.7756,0.0000
31.4250,60.7756,0.0000
31.4750,60.7756,0.0000
31.5250,60.7756,0.0000
31.5750,60.7756,0.0000
21.0250,60.7256,0.0077
21.2250,60.7256,0.0074
21.2750,60.7256,0.0073
21.3250,60.7256,0.0073
21.3750,60.7256,0.0074
21.4250,60.7256,0.0072
21.4750,60.7256,0.0071
21.5250,60.7256,0.0071
21.5750,60.7256,0.0069
21.6250,60.7256,0.0069
21.6750,60.7256,0.0067
21.7250,60.7256,0.0067
21.7750,60.7256,0.0066
21.8250,60.7256,0.0065
21.8750,60.7256,0.0065
21.9250,60.7256,0.0064
21.9750,60.7256,0.0064
22.0250,60.7256,0.0063
22.0750,60.7256,0.0062
22.1250,60.7256,0.0062
22.1750,60.7256,0.0061
22.2250,60.7256,0.0062
22.2750,60.7256,0.0060
22.3250,60.7256,0.0060
22.3750,60.7256,0.0060
22.4250,60.7256,0.0059
22.4750,60.7256,0.0059
22.5250,60.7256,0.0057
22.5750,60.7256,0.0058
22.6250,60.7256,0.0057
22.6750,60.7256,0.0057
22.7250,60.7256,0.0057
22.7750,60.7256,0.0056
22.8250,60.7256,0.0056
22.8750,60.7256,0.0055
22.9250,60.7256,0.0055
22.9750,60.7256,0.0053
23.0250,60.7256,0.0053
23.0750,60.7256,0.0052
23.1250,60.7256,0.0052
23.1750,60.7256,0.0052
23.2250,60.7256,0.0052
23.2750,60.7256,0.0052
23.3250,60.7256,0.0051
23.3750,60.7256,0.0004
23.4250,60.7256,0.0051
23.4750,60.7256,0.0000
23.5250,60.7256,0.0006
23.5750,60.7256,0.0000
23.6250,60.7256,0.0000
23.6750,60.7256,0.0000
23.7250,60.7256,0.0000
23.7750,60.7256,0.0000
23.8250,60.7256,0.0000
23.8750,60.7256,0.0000
23.9250,60.7256,0.0000
23.9750,60.7256,0.0000
24.0250,60.7256,0.0000
24.0750,60.7256,0.0000
24.1250,60.7256,0.0000
24.1750,60.7256,0.0000
24.2250,60.7256,0.0000
24.2750,60.7256,0.0000
24.3250,60.7256,0.0000
24.3750,60.7256,0.0000
24.4250,60.7256,0.0000
24.4750,60.7256,0.0000
24.5250,60.7256,0.0000
24.5750,60.7256,0.0000
24.6250,60.7256,0.0000
24.6750,60.7256,0.0000
24.7250,60.7256,0.0000
24.7750,60.7256,0.0000
24.8250,60.7256,0.0000
24.8750,60.7256,0.0000
24.9250,60.7256,0.0000
24.9750,60.7256,0.0000
25.0250,60.7256,0.0000
25.0750,60.7256,0.0000
25.1250,60.7256,0.0000
25.1750,60.7256,0.0000
25.2250,60.7256,0.0000
25.2750,60.7256,0.0000
25.3250,60.7256,0.0000
25.3750,60.7256,0.0000
25.4250,60.7256,0.0000
25.4750,60.7256,0.0000
25.5250,60.7256,0.0000
25.5750,60.7256,0.0000
25.6250,60.7256,0.0000
25.6750,60.7256,0.0000
25.7250,60.7256,0.0000
25.7750,60.7256,0.0000
25.8250,60.7256,0.0000
25.8750,60.7256,0.0000
25.9250,60.7256,0.0000
25.9750,60.7256,0.0000
26.0250,60.7256,0.0000
26.0750,60.7256,0.0000
26.1250,60.7256,0.0000
26.1750,60.7256,0.0000
26.2250,60.7256,0.0000
26.2750,60.7256,0.0000
26.3250,60.7256,0.0000
26.3750,60.7256,0.0000
26.4250,60.7256,0.0000
26.4750,60.7256,0.0000
26.5250,60.7256,0.0000
26.5750,60.7256,0.0000
26.6250,60.7256,0.0000
26.6750,60.7256,0.0000
26.7250,60.7256,0.0000
26.7750,60.7256,0.0000
26.8250,60.7256,0.0000
26.8750,60.7256,0.0000
26.9250,60.7256,0.0000
26.9750,60.7256,0.0000
27.0250,60.7256,0.0000
27.0750,60.7256,0.0000
27.1250,60.7256,0.0000
27.1750,60.7256,0.0000
27.2250,60.7256,0.0000
27.2750,60.7256,0.0000
27.3250,60.7256,0.0000
27.3750,60.7256,0.0000
27.4250,60.7256,0.0000
27.4750,60.7256,0.0062
27.5250,60.7256,0.0061
27.5750,60.7256,0.0066
27.6250,60.7256,0.0067
27.6750,60.7256,0.0067
27.7250,60.7256,0.0075
27.7750,60.7256,0.0075
27.8250,60.7256,0.0083
27.8750,60.7256,0.0083
27.9250,60.7256,0.0083
27.9750,60.7256,0.0093
28.0250,60.7256,0.0093
28.0750,60.7256,0.0102
28.1250,60.7256,0.0102
28.1750,60.7256,0.0103
28.2250,60.7256,0.0102
28.2750,60.7256,0.0103
28.3250,60.7256,0.0101
28.3750,60.7256,0.0102
28.4250,60.7256,0.0100
28.4750,60.7256,0.0100
28.5250,60.7256,0.0099
28.5750,60.7256,0.0097
28.6250,60.7256,0.0096
28.6750,60.7256,0.0096
28.7250,60.7256,0.0223
28.7750,60.7256,0.0222
28.8250,60.7256,0.0206
28.8750,60.7256,0.0208
28.9250,60.7256,0.0205
28.9750,60.7256,0.0187
29.0250,60.7256,0.0187
29.0750,60.7256,0.0170
29.1250,60.7256,0.0170
29.1750,60.7256,0.0156
29.2250,60.7256,0.0153
29.2750,60.7256,0.0149
29.3250,60.7256,0.0135
29.3750,60.7256,0.0135
29.4250,60.7256,0.0122
29.4750,60.7256,0.0121
29.5250,60.7256,0.0117
29.5750,60.7256,0.0109
29.6250,60.7256,0.0105
29.6750,60.7256,0.0105
29.7250,60.7256,0.0095
29.7750,60.7256,0.0093
29.8250,60.7256,0.0085
29.8750,60.7256,0.0082
29.9250,60.7256,0.0082
29.9750,60.7256,0.0075
30.0250,60.7256,0.0075
30.0750,60.7256,0.0068
30.1250,60.7256,0.0068
30.1750,60.7256,0.0065
30.2250,60.7256,0.0062
30.2750,60.7256,0.0060
30.3250,60.7256,0.0055
30.3750,60.7256,0.0055
30.4250,60.7256,0.0052
30.4750,60.7256,0.0050
30.5250,60.7256,0.0000
30.5750,60.7256,0.0000
30.6250,60.7256,0.0000
30.6750,60.7256,0.0000
30.7250,60.7256,0.0000
30.7750,60.7256,0.0000
30.8250,60.7256,0.0000
30.8750,60.7256,0.0000
30.9250,60.7256,0.0000
30.9750,60.7256,0.0000
31.0250,60.7256,0.0000
31.0750,60.7256,0.0000
31.1250,60.7256,0.0000
31.1750,60.7256,0.0000
31.2250,60.7256,0.0000
31.2750,60.7256,0.0000
31.3250,60.7256,0.0000
31.3750,60.7256,0.0000
31.4250,60.7256,0.0000
31.4750,60.7256,0.0000
31.5250,60.7256,0.0000
31.5750,60.7256,0.0000
20.9750,60.6756,0.0089
21.0750,60.6756,0.0077
21.1250,60.6756,0.0076
21.2250,60.6756,0.0076
21.2750,60.6756,0.0076
21.3250,60.6756,0.0075
21.3750,60.6756,0.0074
21.4250,60.6756,0.0073
21.4750,60.6756,0.0073
21.5250,60.6756,0.0071
21.5750,60.6756,0.0071
21.6250,60.6756,0.0070
21.6750,60.6756,0.0068
21.7250,60.6756,0.0069
21.7750,60.6756,0.0067
21.8250,60.6756,0.0067
21.8750,60.6756,0.0065
21.9250,60.6756,0.0065
21.9750,60.6756,0.0064
22.0250,60.6756,0.0063
22.0750,60.6756,0.0064
22.1250,60.6756,0.0062
22.1750,60.6756,0.0063
22.2250,60.6756,0.0062
22.2750,60.6756,0.0061
22.3250,60.6756,0.0061
22.3750,60.6756,0.0060
22.4250,60.6756,0.0060
22.4750,60.6756,0.0060
22.5250,60.6756,0.0060
22.5750,60.6756,0.0059
22.6250,60.6756,0.0058
22.6750,60.6756,0.0058
22.7250,60.6756,0.0057
22.7750,60.6756,0.0057
22.8250,60.6756,0.0056
22.8750,60.6756,0.0056
22.9250,60.6756,0.0055
22.9750,60.6756,0.0054
23.0250,60.6756,0.0055
23.0750,60.6756,0.0054
23.1250,60.6756,0.0055
23.1750,60.6756,0.0053
23.2250,60.6756,0.0053
23.2750,60.6756,0.0053
23.3250,60.6756,0.0052
23.3750,60.6756,0.0053
23.4250,60.6756,0.0051
23.4750,60.6756,0.0052
23.5250,60.6756,0.0051
23.5750,60.6756,0.0050
23.6250,60.6756,0.0050
23.6750,60.6756,0.0000
23.7250,60.6756,0.0000
23.7750,60.6756,0.0000
23.8250,60.6756,0.0000
23.8750,60.6756,0.0000
23.9250,60.6756,0.0000
23.9750,60.6756,0.0000
24.0250,60.6756,0.0000
24.0750,60.6756,0.0000
24.1250,60.6756,0.0000
24.1750,60.6756,0.0000
24.2250,60.6756,0.0000
24.2750,60.6756,0.0000
24.3250,60.6756,0.0000
24.3750,60.6756,0.0000
24.4250,60.6756,0.0000
24.4750,60.6756,0.0000
24.5250,60.6756,0.0000
24.5750,60.6756,0.0000
24.6250,60.6756,0.0000
24.6750,60.6756,0.0000
24.7250,60.6756,0.0000
24.7750,60.6756,0.0000
24.8250,60.6756,0.0000
24.8750,60.6756,0.0000
24.9250,60.6756,0.0000
24.9750,60.6756,0.0000
25.0250,60.6756,0.0000
25.0750,60.6756,0.0000
25.1250,60.6756,0.0000
25.1750,60.6756,0.0000
25.2250,60.6756,0.0000
25.2750,60.6756,0.0000
25.3250,60.6756,0.0000
25.3750,60.6756,0.0000
25.4250,60.6756,0.0000
25.4750,60.6756,0.0000
25.5250,60.6756,0.0000
25.5750,60.6756,0.0000
25.6250,60.6756,0.0000
25.6750,60.6756,0.0000
25.7250,60.6756,0.0000
25.7750,60.6756,0.0000
25.8250,60.6756,0.0000
25.8750,60.6756,0.0000
25.9250,60.6756,0.0000
25.9750,60.6756,0.0000
26.0250,60.6756,0.0000
26.0750,60.6756,0.0000
26.1250,60.6756,0.0000
26.1750,60.6756,0.0000
26.2250,60.6756,0.0000
26.2750,60.6756,0.0000
26.3250,60.6756,0.0000
26.3750,60.6756,0.0000
26.4250,60.6756,0.0000
26.4750,60.6756,0.0000
26.5250,60.6756,0.0000
26.5750,60.6756,0.0000
26.6250,60.6756,0.0000
26.6750,60.6756,0.0000
26.7250,60.6756,0.0000
26.7750,60.6756,0.0000
26.8250,60.6756,0.0000
26.8750,60.6756,0.0000
26.9250,60.6756,0.0000
26.9750,60.6756,0.0000
27.0250,60.6756,0.0000
27.0750,60.6756,0.0000
27.1250,60.6756,0.0000
27.1750,60.6756,0.0000
27.2250,60.6756,0.0000
27.2750,60.6756,0.0000
27.3250,60.6756,0.0000
27.3750,60.6756,0.0000
27.4250,60.6756,0.0000
27.4750,60.6756,0.0066
27.5250,60.6756,0.0068
27.5750,60.6756,0.0068
27.6250,60.6756,0.0076
27.6750,60.6756,0.0075
27.7250,60.6756,0.0082
27.7750,60.6756,0.0082
27.8250,60.6756,0.0083
27.8750,60.6756,0.0090
27.9250,60.6756,0.0092
27.9750,60.6756,0.0098
28.0250,60.6756,0.0101
28.0750,60.6756,0.0101
28.1250,60.6756,0.0101
28.1750,60.6756,0.0102
28.2250,60.6756,0.0100
28.2750,60.6756,0.0101
28.3250,60.6756,0.0101
28.3750,60.6756,0.0099
28.4250,60.6756,0.0099
28.4750,60.6756,0.0100
28.5250,60.6756,0.0097
28.5750,60.6756,0.0097
28.6250,60.6756,0.0103
28.6750,60.6756,0.0195
28.7250,60.6756,0.0202
28.7750,60.6756,0.0202
28.8250,60.6756,0.0192
28.8750,60.6756,0.0185
28.9250,60.6756,0.0187
28.9750,60.6756,0.0172
29.0250,60.6756,0.0172
29.0750,60.6756,0.0157
29.1250,60.6756,0.0155
29.1750,60.6756,0.0153
29.2250,60.6756,0.0140
29.2750,60.6756,0.0138
29.3250,60.6756,0.0138
29.3750,60.6756,0.0125
29.4250,60.6756,0.0125
29.4750,60.6756,0.0111
29.5250,60.6756,0.0109
29.5750,60.6756,0.0108
29.6250,60.6756,0.0099
29.6750,60.6756,0.0099
29.7250,60.6756,0.0089
29.7750,60.6756,0.0089
29.8250,60.6756,0.0085
29.8750,60.6756,0.0081
29.9250,60.6756,0.0078
29.9750,60.6756,0.0072
30.0250,60.6756,0.0072
30.0750,60.6756,0.0068
30.1250,60.6756,0.0065
30.1750,60.6756,0.0063
30.2250,60.6756,0.0062
30.2750,60.6756,0.0058
30.3250,60.6756,0.0058
30.3750,60.6756,0.0053
30.4250,60.6756,0.0053
30.4750,60.6756,0.0050
30.5250,60.6756,0.0000
30.5750,60.6756,0.0000
30.6250,60.6756,0.0000
30.6750,60.6756,0.0000
30.7250,60.6756,0.0000
30.7750,60.6756,0.0000
30.8250,60.6756,0.0000
30.8750,60.6756,0.0000
30.9250,60.6756,0.0000
30.9750,60.6756,0.0000
31.0250,60.6756,0.0000
31.0750,60.6756,0.0000
31.1250,60.6756,0.0000
31.1750,60.6756,0.0000
31.2250,60.6756,0.0000
31.2750,60.6756,0.0000
31.3250,60.6756,0.0000
31.3750,60.6756,0.0000
31.4250,60.6756,0.0000
31.4750,60.6756,0.0000
31.5250,60.6756,0.0000
31.5750,60.6756,0.0000
20.8250,60.6256,0.0089
20.9750,60.6256,0.0089
21.1250,60.6256,0.0076
21.1750,60.6256,0.0076
21.2250,60.6256,0.0076
21.2750,60.6256,0.0076
21.3250,60.6256,0.0076
21.3750,60.6256,0.0074
21.4250,60.6256,0.0073
21.4750,60.6256,0.0074
21.5250,60.6256,0.0073
21.5750,60.6256,0.0073
21.6250,60.6256,0.0070
21.6750,60.6256,0.0072
21.7250,60.6256,0.0069
21.7750,60.6256,0.0069
21.8250,60.6256,0.0067
21.8750,60.6256,0.0066
21.9250,60.6256,0.0066
21.9750,60.6256,0.0065
22.0250,60.6256,0.0065
22.0750,60.6256,0.0064
22.1250,60.6256,0.0064
22.1750,60.6256,0.0064
22.2250,60.6256,0.0063
22.2750,60.6256,0.0063
22.3250,60.6256,0.0062
22.3750,60.6256,0.0062
22.4250,60.6256,0.0061
22.4750,60.6256,0.0060
22.5250,60.6256,0.0061
22.5750,60.6256,0.0059
22.6250,60.6256,0.0060
22.6750,60.6256,0.0058
22.7250,60.6256,0.0059
22.7750,60.6256,0.0058
22.8250,60.6256,0.0057
22.8750,60.6256,0.0057
22.9250,60.6256,0.0056
22.9750,60.6256,0.0057
23.0250,60.6256,0.0055
23.0750,60.6256,0.0057
23.1250,60.6256,0.0055
23.1750,60.6256,0.0055
23.2250,60.6256,0.0055
23.2750,60.6256,0.0054
23.3250,60.6256,0.0054
23.3750,60.6256,0.0054
23.4250,60.6256,0.0053
23.4750,60.6256,0.0053
23.5250,60.6256,0.0052
23.5750,60.6256,0.0052
23.6250,60.6256,0.0051
23.6750,60.6256,0.0051
23.7250,60.6256,0.0052
23.7750,60.6256,0.0017
23.8250,60.6256,0.0052
23.8750,60.6256,0.0000
23.9250,60.6256,0.0048
23.9750,60.6256,0.0000
24.0250,60.6256,0.0001
24.0750,60.6256,0.0000
24.1250,60.6256,0.0000
24.1750,60.6256,0.0000
24.2250,60.6256,0.0000
24.2750,60.6256,0.0000
24.3250,60.6256,0.0000
24.3750,60.6256,0.0000
24.4250,60.6256,0.0000
24.4750,60.6256,0.0000
24.5250,60.6256,0.0000
24.5750,60.6256,0.0000
24.6250,60.6256,0.0000
24.6750,60.6256,0.0000
24.7250,60.6256,0.0000
24.7750,60.6256,0.0000
24.8250,60.6256,0.0000
24.8750,60.6256,0.0000
24.9250,60.6256,0.0000
24.9750,60.6256,0.0000
25.0250,60.6256,0.0000
25.0750,60.6256,0.0000
25.1250,60.6256,0.0000
25.1750,60.6256,0.0000
25.2250,60.6256,0.0000
25.2750,60.6256,0.0000
25.3250,60.6256,0.0000
25.3750,60.6256,0.0000
25.4250,60.6256,0.0000
25.4750,60.6256,0.0000
25.5250,60.6256,0.0000
25.5750,60.6256,0.0000
25.6250,60.6256,0.0000
25.6750,60.6256,0.0000
25.7250,60.6256,0.0000
25.7750,60.6256,0.0000
25.8250,60.6256,0.0000
25.8750,60.6256,0.0000
25.9250,60.6256,0.0000
25.9750,60.6256,0.0000
26.0250,60.6256,0.0000
26.0750,60.6256,0.0000
26.1250,60.6256,0.0000
26.1750,60.6256,0.0000
26.2250,60.6256,0.0000
26.2750,60.6256,0.0000
26.3250,60.6256,0.0000
26.3750,60.6256,0.0000
26.4250,60.6256,0.0000
26.4750,60.6256,0.0000
26.5250,60.6256,0.0000
26.5750,60.6256,0.0000
26.6250,60.6256,0.0000
26.6750,60.6256,0.0000
26.7250,60.6256,0.0000
26.7750,60.6256,0.0000
26.8250,60.6256,0.0000
26.8750,60.6256,0.0000
26.9250,60.6256,0.0000
26.9750,60.6256,0.0000
27.0250,60.6256,0.0000
27.0750,60.6256,0.0000
27.1250,60.6256,0.0000
27.1750,60.6256,0.0000
27.2250,60.6256,0.0000
27.2750,60.6256,0.0000
27.3250,60.6256,0.0000
27.3750,60.6256,0.0000
27.4250,60.6256,0.0068
27.4750,60.6256,0.0068
27.5250,60.6256,0.0075
27.5750,60.6256,0.0076
27.6250,60.6256,0.0076
27.6750,60.6256,0.0082
27.7250,60.6256,0.0082
27.7750,60.6256,0.0090
27.8250,60.6256,0.0090
27.8750,60.6256,0.0098
27.9250,60.6256,0.0099
27.9750,60.6256,0.0099
28.0250,60.6256,0.0100
28.0750,60.6256,0.0100
28.1250,60.6256,0.0100
28.1750,60.6256,0.0100
28.2250,60.6256,0.0100
28.2750,60.6256,0.0099
28.3250,60.6256,0.0099
28.3750,60.6256,0.0099
28.4250,60.6256,0.0099
28.4750,60.6256,0.0100
28.5250,60.6256,0.0121
28.5750,60.6256,0.0187
28.6250,60.6256,0.0187
28.6750,60.6256,0.0195
28.7250,60.6256,0.0194
28.7750,60.6256,0.0183
28.8250,60.6256,0.0185
28.8750,60.6256,0.0170
28.9250,60.6256,0.0172
28.9750,60.6256,0.0171
29.0250,60.6256,0.0156
29.0750,60.6256,0.0156
29.1250,60.6256,0.0141
29.1750,60.6256,0.0141
29.2250,60.6256,0.0140
29.2750,60.6256,0.0128
29.3250,60.6256,0.0128
29.3750,60.6256,0.0115
29.4250,60.6256,0.0115
29.4750,60.6256,0.0111
29.5250,60.6256,0.0105
29.5750,60.6256,0.0102
29.6250,60.6256,0.0095
29.6750,60.6256,0.0093
29.7250,60.6256,0.0087
29.7750,60.6256,0.0084
29.8250,60.6256,0.0081
29.8750,60.6256,0.0078
29.9250,60.6256,0.0075
29.9750,60.6256,0.0075
30.0250,60.6256,0.0068
30.0750,60.6256,0.0068
30.1250,60.6256,0.0062
30.1750,60.6256,0.0060
30.2250,60.6256,0.0060
30.2750,60.6256,0.0055
30.3250,60.6256,0.0055
30.3750,60.6256,0.0051
30.4250,60.6256,0.0051
30.4750,60.6256,0.0000
30.5250,60.6256,0.0000
30.5750,60.6256,0.0000
30.6250,60.6256,0.0000
30.6750,60.6256,0.0000
30.7250,60.6256,0.0000
30.7750,60.6256,0.0000
30.8250,60.6256,0.0000
30.8750,60.6256,0.0000
30.9250,60.6256,0.0000
30.9750,60.6256,0.0000
31.0250,60.6256,0.0000
31.0750,60.6256,0.0000
31.1250,60.6256,0.0000
31.1750,60.6256,0.0000
31.2250,60.6256,0.0000
31.2750,60.6256,0.0000
31.3250,60.6256,0.0000
31.3750,60.6256,0.0000
31.4250,60.6256,0.0000
31.4750,60.6256,0.0000
31.5250,60.6256,0.0000
31.5750,60.6256,0.0000
20.8750,60.5756,0.0089
21.0250,60.5756,0.0089
21.0750,60.5756,0.0089
21.1250,60.5756,0.0085
21.1750,60.5756,0.0076
21.2250,60.5756,0.0076
21.2750,60.5756,0.0076
21.3250,60.5756,0.0078
21.3750,60.5756,0.0078
21.4250,60.5756,0.0076
21.4750,60.5756,0.0076
21.5250,60.5756,0.0073
21.5750,60.5756,0.0073
21.6250,60.5756,0.0073
21.6750,60.5756,0.0072
21.7250,60.5756,0.0069
21.7750,60.5756,0.0069
21.8250,60.5756,0.0068
21.8750,60.5756,0.0068
21.9250,60.5756,0.0067
21.9750,60.5756,0.0067
22.0250,60.5756,0.0066
22.0750,60.5756,0.0064
22.1250,60.5756,0.0065
22.1750,60.5756,0.0064
22.2250,60.5756,0.0065
22.2750,60.5756,0.0063
22.3250,60.5756,0.0064
22.3750,60.5756,0.0062
22.4250,60.5756,0.0062
22.4750,60.5756,0.0062
22.5250,60.5756,0.0061
22.5750,60.5756,0.0061
22.6250,60.5756,0.0060
22.6750,60.5756,0.0059
22.7250,60.5756,0.0059
22.7750,60.5756,0.0059
22.8250,60.5756,0.0059
22.8750,60.5756,0.0058
22.9250,60.5756,0.0058
22.9750,60.5756,0.0058
23.0250,60.5756,0.0057
23.0750,60.5756,0.0058
23.1250,60.5756,0.0056
23.1750,60.5756,0.0056
23.2250,60.5756,0.0055
23.2750,60.5756,0.0055
23.3250,60.5756,0.0055
23.3750,60.5756,0.0054
23.4250,60.5756,0.0055
23.4750,60.5756,0.0054
23.5250,60.5756,0.0055
23.5750,60.5756,0.0053
23.6250,60.5756,0.0053
23.6750,60.5756,0.0053
23.7250,60.5756,0.0053
23.7750,60.5756,0.0053
23.8250,60.5756,0.0052
23.8750,60.5756,0.0053
23.9250,60.5756,0.0051
23.9750,60.5756,0.0051
24.0250,60.5756,0.0051
24.0750,60.5756,0.0051
24.1250,60.5756,0.0051
24.1750,60.5756,0.0050
24.2250,60.5756,0.0051
24.2750,60.5756,0.0000
24.3250,60.5756,0.0001
24.3750,60.5756,0.0000
24.4250,60.5756,0.0000
24.4750,60.5756,0.0000
24.5250,60.5756,0.0000
24.5750,60.5756,0.0000
24.6250,60.5756,0.0000
24.6750,60.5756,0.0000
24.7250,60.5756,0.0000
24.7750,60.5756,0.0000
24.8250,60.5756,0.0000
24.8750,60.5756,0.0000
24.9250,60.5756,0.0000
24.9750,60.5756,0.0000
25.0250,60.5756,0.0000
25.0750,60.5756,0.0000
25.1250,60.5756,0.0000
25.1750,60.5756,0.0000
25.2250,60.5756,0.0000
25.2750,60.5756,0.0000
25.3250,60.5756,0.0000
25.3750,60.5756,0.0000
25.4250,60.5756,0.0000
25.4750,60.5756,0.0000
25.5250,60.5756,0.0000
25.5750,60.5756,0.0000
25.6250,60.5756,0.0000
25.6750,60.5756,0.0000
25.7250,60.5756,0.0000
25.7750,60.5756,0.0000
25.8250,60.5756,0.0000
25.8750,60.5756,0.0000
25.9250,60.5756,0.0000
25.9750,60.5756,0.0000
26.0250,60.5756,0.0000
26.0750,60.5756,0.0000
26.1250,60.5756,0.0000
26.1750,60.5756,0.0000
26.2250,60.5756,0.0000
26.2750,60.5756,0.0000
26.3250,60.5756,0.0000
26.3750,60.5756,0.0000
26.4250,60.5756,0.0000
26.4750,60.5756,0.0000
26.5250,60.5756,0.0000
26.5750,60.5756,0.0000
26.6250,60.5756,0.0000
26.6750,60.5756,0.0000
26.7250,60.5756,0.0000
26.7750,60.5756,0.0000
26.8250,60.5756,0.0000
26.8750,60.5756,0.0000
26.9250,60.5756,0.0000
26.9750,60.5756,0.0000
27.0250,60.5756,0.0000
27.0750,60.5756,0.0000
27.1250,60.5756,0.0000
27.1750,60.5756,0.0000
27.2250,60.5756,0.0000
27.2750,60.5756,0.0000
27.3250,60.5756,0.0065
27.3750,60.5756,0.0065
27.4250,60.5756,0.0073
27.4750,60.5756,0.0073
27.5250,60.5756,0.0075
27.5750,60.5756,0.0079
27.6250,60.5756,0.0082
27.6750,60.5756,0.0089
27.7250,60.5756,0.0089
27.7750,60.5756,0.0096
27.8250,60.5756,0.0097
27.8750,60.5756,0.0098
27.9250,60.5756,0.0099
27.9750,60.5756,0.0099
28.0250,60.5756,0.0099
28.0750,60.5756,0.0099
28.1250,60.5756,0.0100
28.1750,60.5756,0.0099
28.2250,60.5756,0.0099
28.2750,60.5756,0.0099
28.3250,60.5756,0.0099
28.4250,60.5756,0.0099
28.4750,60.5756,0.0135
28.5750,60.5756,0.0187
28.6250,60.5756,0.0187
28.6750,60.5756,0.0178
28.7250,60.5756,0.0178
28.7750,60.5756,0.0167
28.8250,60.5756,0.0167
28.8750,60.5756,0.0170
28.9250,60.5756,0.0156
28.9750,60.5756,0.0156
29.0250,60.5756,0.0142
29.0750,60.5756,0.0142
29.1250,60.5756,0.0139
29.1750,60.5756,0.0131
29.2250,60.5756,0.0130
29.2750,60.5756,0.0121
29.3250,60.5756,0.0118
29.3750,60.5756,0.0116
29.4250,60.5756,0.0107
29.4750,60.5756,0.0105
29.5250,60.5756,0.0098
29.5750,60.5756,0.0096
29.6250,60.5756,0.0096
29.6750,60.5756,0.0086
29.7250,60.5756,0.0086
29.7750,60.5756,0.0080
29.8250,60.5756,0.0079
29.8750,60.5756,0.0077
29.9250,60.5756,0.0071
29.9750,60.5756,0.0071
30.0250,60.5756,0.0064
30.0750,60.5756,0.0064
30.1250,60.5756,0.0062
30.1750,60.5756,0.0060
30.2250,60.5756,0.0058
30.2750,60.5756,0.0057
30.3250,60.5756,0.0053
30.3750,60.5756,0.0050
30.4250,60.5756,0.0000
30.4750,60.5756,0.0000
30.5250,60.5756,0.0000
30.5750,60.5756,0.0000
30.6250,60.5756,0.0000
30.6750,60.5756,0.0000
30.7250,60.5756,0.0000
30.7750,60.5756,0.0000
30.8250,60.5756,0.0000
30.8750,60.5756,0.0000
30.9250,60.5756,0.0000
30.9750,60.5756,0.0000
31.0250,60.5756,0.0000
31.0750,60.5756,0.0000
31.1250,60.5756,0.0000
31.1750,60.5756,0.0000
31.2250,60.5756,0.0000
31.2750,60.5756,0.0000
31.3250,60.5756,0.0000
31.3750,60.5756,0.0000
31.4250,60.5756,0.0000
31.4750,60.5756,0.0000
31.5250,60.5756,0.0000
31.5750,60.5756,0.0000
20.8750,60.5256,0.0089
20.9250,60.5256,0.0089
20.9750,60.5256,0.0089
21.0250,60.5256,0.0089
21.0750,60.5256,0.0088
21.1250,60.5256,0.0088
21.1750,60.5256,0.0085
21.2250,60.5256,0.0078
21.2750,60.5256,0.0078
21.3250,60.5256,0.0078
21.3750,60.5256,0.0078
21.4250,60.5256,0.0076
21.4750,60.5256,0.0076
21.5250,60.5256,0.0076
21.5750,60.5256,0.0073
21.6250,60.5256,0.0074
21.6750,60.5256,0.0074
21.7250,60.5256,0.0073
21.7750,60.5256,0.0071
21.8250,60.5256,0.0071
21.8750,60.5256,0.0071
21.9250,60.5256,0.0070
21.9750,60.5256,0.0069
22.0250,60.5256,0.0068
22.0750,60.5256,0.0068
22.1250,60.5256,0.0066
22.1750,60.5256,0.0067
22.2250,60.5256,0.0065
22.2750,60.5256,0.0064
22.3250,60.5256,0.0064
22.3750,60.5256,0.0063
22.4250,60.5256,0.0063
22.4750,60.5256,0.0062
22.5250,60.5256,0.0062
22.5750,60.5256,0.0062
22.6250,60.5256,0.0061
22.6750,60.5256,0.0062
22.7250,60.5256,0.0061
22.7750,60.5256,0.0061
22.8250,60.5256,0.0060
22.8750,60.5256,0.0059
22.9250,60.5256,0.0059
22.9750,60.5256,0.0058
23.0250,60.5256,0.0059
23.0750,60.5256,0.0058
23.1250,60.5256,0.0059
23.1750,60.5256,0.0057
23.2250,60.5256,0.0057
23.2750,60.5256,0.0057
23.3250,60.5256,0.0056
23.3750,60.5256,0.0056
23.4250,60.5256,0.0056
23.4750,60.5256,0.0057
23.5250,60.5256,0.0055
23.5750,60.5256,0.0055
23.6250,60.5256,0.0055
23.6750,60.5256,0.0055
23.7250,60.5256,0.0055
23.7750,60.5256,0.0054
23.8250,60.5256,0.0054
23.8750,60.5256,0.0054
23.9250,60.5256,0.0053
23.9750,60.5256,0.0053
24.0250,60.5256,0.0053
24.0750,60.5256,0.0053
24.1250,60.5256,0.0052
24.1750,60.5256,0.0051
24.2250,60.5256,0.0053
24.2750,60.5256,0.0051
24.3250,60.5256,0.0053
24.3750,60.5256,0.0051
24.4250,60.5256,0.0052
24.4750,60.5256,0.0051
24.5250,60.5256,0.0013
24.5750,60.5256,0.0052
24.6250,60.5256,0.0000
24.6750,60.5256,0.0052
24.7250,60.5256,0.0000
24.7750,60.5256,0.0049
24.8250,60.5256,0.0000
24.8750,60.5256,0.0000
24.9250,60.5256,0.0000
24.9750,60.5256,0.0000
25.0250,60.5256,0.0000
25.0750,60.5256,0.0000
25.1250,60.5256,0.0050
25.1750,60.5256,0.0000
25.2250,60.5256,0.0000
25.2750,60.5256,0.0000
25.3250,60.5256,0.0000
25.3750,60.5256,0.0000
25.4250,60.5256,0.0000
25.4750,60.5256,0.0000
25.5250,60.5256,0.0000
25.5750,60.5256,0.0000
25.6250,60.5256,0.0000
25.6750,60.5256,0.0000
25.7250,60.5256,0.0000
25.7750,60.5256,0.0000
25.8250,60.5256,0.0000
25.8750,60.5256,0.0000
25.9250,60.5256,0.0000
25.9750,60.5256,0.0000
26.0250,60.5256,0.0000
26.0750,60.5256,0.0000
26.1250,60.5256,0.0000
26.1750,60.5256,0.0000
26.2250,60.5256,0.0000
26.2750,60.5256,0.0000
26.3250,60.5256,0.0000
26.3750,60.5256,0.0000
26.4250,60.5256,0.0000
26.4750,60.5256,0.0000
26.5250,60.5256,0.0000
26.5750,60.5256,0.0000
26.6250,60.5256,0.0000
26.6750,60.5256,0.0000
26.7250,60.5256,0.0000
26.7750,60.5256,0.0000
26.8250,60.5256,0.0000
26.8750,60.5256,0.0000
26.9250,60.5256,0.0000
26.9750,60.5256,0.0000
27.0250,60.5256,0.0000
27.0750,60.5256,0.0000
27.1250,60.5256,0.0000
27.1750,60.5256,0.0000
27.2250,60.5256,0.0000
27.2750,60.5256,0.0000
27.3250,60.5256,0.0000
27.3750,60.5256,0.0069
27.4250,60.5256,0.0070
27.4750,60.5256,0.0076
27.5250,60.5256,0.0079
27.5750,60.5256,0.0081
27.6250,60.5256,0.0084
27.6750,60.5256,0.0084
27.7250,60.5256,0.0089
27.7750,60.5256,0.0097
27.8250,60.5256,0.0099
27.8750,60.5256,0.0099
27.9250,60.5256,0.0099
27.9750,60.5256,0.0099
28.0250,60.5256,0.0099
28.0750,60.5256,0.0099
28.1250,60.5256,0.0099
28.1750,60.5256,0.0099
28.2250,60.5256,0.0099
28.4250,60.5256,0.0107
28.4750,60.5256,0.0157
28.5250,60.5256,0.0160
28.5750,60.5256,0.0173
28.6250,60.5256,0.0173
28.6750,60.5256,0.0164
28.7250,60.5256,0.0164
28.7750,60.5256,0.0165
28.8250,60.5256,0.0152
28.8750,60.5256,0.0155
28.9250,60.5256,0.0142
28.9750,60.5256,0.0142
29.0250,60.5256,0.0142
29.0750,60.5256,0.0132
29.1250,60.5256,0.0131
29.1750,60.5256,0.0121
29.2250,60.5256,0.0120
29.2750,60.5256,0.0120
29.3250,60.5256,0.0109
29.3750,60.5256,0.0109
29.4250,60.5256,0.0101
29.4750,60.5256,0.0101
29.5250,60.5256,0.0098
29.5750,60.5256,0.0089
29.6250,60.5256,0.0089
29.6750,60.5256,0.0082
29.7250,60.5256,0.0082
29.7750,60.5256,0.0080
29.8250,60.5256,0.0076
29.8750,60.5256,0.0073
29.9250,60.5256,0.0073
29.9750,60.5256,0.0067
30.0250,60.5256,0.0066
30.0750,60.5256,0.0062
30.1250,60.5256,0.0060
30.1750,60.5256,0.0060
30.2250,60.5256,0.0055
30.2750,60.5256,0.0055
30.3250,60.5256,0.0051
30.3750,60.5256,0.0051
30.4250,60.5256,0.0000
30.4750,60.5256,0.0000
30.5250,60.5256,0.0000
30.5750,60.5256,0.0000
30.6250,60.5256,0.0000
30.6750,60.5256,0.0000
30.7250,60.5256,0.0000
30.7750,60.5256,0.0000
30.8250,60.5256,0.0000
30.8750,60.5256,0.0000
30.9250,60.5256,0.0000
30.9750,60.5256,0.0000
31.0250,60.5256,0.0000
31.0750,60.5256,0.0000
31.1250,60.5256,0.0000
31.1750,60.5256,0.0000
31.2250,60.5256,0.0000
31.2750,60.5256,0.0000
31.3250,60.5256,0.0000
31.3750,60.5256,0.0000
31.4250,60.5256,0.0000
31.4750,60.5256,0.0000
31.5250,60.5256,0.0000
31.5750,60.5256,0.0000
20.7750,60.4756,0.0097
20.8250,60.4756,0.0097
20.8750,60.4756,0.0089
20.9250,60.4756,0.0089
20.9750,60.4756,0.0089
21.0250,60.4756,0.0088
21.0750,60.4756,0.0088
21.1250,60.4756,0.0088
21.1750,60.4756,0.0089
21.2250,60.4756,0.0081
21.2750,60.4756,0.0078
21.3250,60.4756,0.0078
21.3750,60.4756,0.0078
21.4250,60.4756,0.0076
21.4750,60.4756,0.0076
21.5250,60.4756,0.0077
21.5750,60.4756,0.0078
21.6250,60.4756,0.0075
21.6750,60.4756,0.0076
21.7250,60.4756,0.0073
21.7750,60.4756,0.0073
21.8250,60.4756,0.0074
21.8750,60.4756,0.0071
21.9250,60.4756,0.0071
21.9750,60.4756,0.0071
22.0250,60.4756,0.0071
22.0750,60.4756,0.0070
22.1250,60.4756,0.0070
22.1750,60.4756,0.0068
22.2250,60.4756,0.0066
22.2750,60.4756,0.0067
22.3250,60.4756,0.0065
22.3750,60.4756,0.0066
22.4250,60.4756,0.0064
22.4750,60.4756,0.0063
22.5250,60.4756,0.0064
22.5750,60.4756,0.0062
22.6250,60.4756,0.0064
22.6750,60.4756,0.0062
22.7250,60.4756,0.0063
22.7750,60.4756,0.0062
22.8250,60.4756,0.0062
22.8750,60.4756,0.0062
22.9250,60.4756,0.0061
22.9750,60.4756,0.0061
23.0250,60.4756,0.0061
23.0750,60.4756,0.0059
23.1250,60.4756,0.0059
23.1750,60.4756,0.0059
23.2250,60.4756,0.0059
23.2750,60.4756,0.0059
23.3250,60.4756,0.0059
23.3750,60.4756,0.0058
23.4250,60.4756,0.0057
23.4750,60.4756,0.0059
23.5250,60.4756,0.0056
23.5750,60.4756,0.0058
23.6250,60.4756,0.0056
23.6750,60.4756,0.0057
23.7250,60.4756,0.0056
23.7750,60.4756,0.0055
23.8250,60.4756,0.0056
23.8750,60.4756,0.0054
23.9250,60.4756,0.0057
23.9750,60.4756,0.0055
24.0250,60.4756,0.0055
24.0750,60.4756,0.0055
24.1250,60.4756,0.0055
24.1750,60.4756,0.0055
24.2250,60.4756,0.0053
24.2750,60.4756,0.0055
24.3250,60.4756,0.0053
24.3750,60.4756,0.0054
24.4250,60.4756,0.0054
24.4750,60.4756,0.0054
24.5250,60.4756,0.0054
24.5750,60.4756,0.0054
24.6250,60.4756,0.0054
24.6750,60.4756,0.0052
24.7250,60.4756,0.0052
24.7750,60.4756,0.0052
24.8250,60.4756,0.0052
24.8750,60.4756,0.0052
24.9250,60.4756,0.0052
24.9750,60.4756,0.0052
25.0250,60.4756,0.0052
25.0750,60.4756,0.0050
25.1250,60.4756,0.0050
25.1750,60.4756,0.0050
25.2250,60.4756,0.0050
25.2750,60.4756,0.0051
25.3250,60.4756,0.0051
25.3750,60.4756,0.0051
25.4250,60.4756,0.0000
25.4750,60.4756,0.0007
25.5250,60.4756,0.0000
25.5750,60.4756,0.0000
25.6250,60.4756,0.0000
25.6750,60.4756,0.0000
25.7250,60.4756,0.0000
25.7750,60.4756,0.0000
25.8250,60.4756,0.0000
25.8750,60.4756,0.0000
25.9250,60.4756,0.0000
25.9750,60.4756,0.0000
26.0250,60.4756,0.0000
26.0750,60.4756,0.0000
26.1250,60.4756,0.0000
26.1750,60.4756,0.0000
26.2250,60.4756,0.0000
26.2750,60.4756,0.0000
26.3250,60.4756,0.0000
26.3750,60.4756,0.0000
26.4250,60.4756,0.0000
26.4750,60.4756,0.0000
26.5250,60.4756,0.0000
26.5750,60.4756,0.0000
26.6250,60.4756,0.0000
26.6750,60.4756,0.0000
26.7250,60.4756,0.0000
26.7750,60.4756,0.0000
26.8250,60.4756,0.0000
26.8750,60.4756,0.0000
26.9250,60.4756,0.0000
26.9750,60.4756,0.0000
27.0250,60.4756,0.0000
27.0750,60.4756,0.0000
27.1750,60.4756,0.0000
27.2250,60.4756,0.0000
27.2750,60.4756,0.0000
27.3250,60.4756,0.0031
27.3750,60.4756,0.0072
27.4250,60.4756,0.0072
27.4750,60.4756,0.0076
27.5250,60.4756,0.0081
27.5750,60.4756,0.0081
27.6250,60.4756,0.0081
27.6750,60.4756,0.0084
27.7250,60.4756,0.0087
27.7750,60.4756,0.0099
27.8250,60.4756,0.0099
27.8750,60.4756,0.0099
27.9250,60.4756,0.0099
28.4250,60.4756,0.0150
28.4750,60.4756,0.0156
28.5250,60.4756,0.0156
28.5750,60.4756,0.0156
28.6250,60.4756,0.0160
28.6750,60.4756,0.0160
28.7250,60.4756,0.0150
28.7750,60.4756,0.0150
28.8250,60.4756,0.0141
28.8750,60.4756,0.0142
28.9250,60.4756,0.0142
28.9750,60.4756,0.0133
29.0250,60.4756,0.0133
29.0750,60.4756,0.0123
29.1250,60.4756,0.0123
29.1750,60.4756,0.0121
29.2250,60.4756,0.0112
29.2750,60.4756,0.0110
29.3250,60.4756,0.0103
29.3750,60.4756,0.0103
29.4250,60.4756,0.0100
29.4750,60.4756,0.0095
29.5250,60.4756,0.0092
29.5750,60.4756,0.0089
29.6250,60.4756,0.0084
29.6750,60.4756,0.0084
29.7250,60.4756,0.0078
29.7750,60.4756,0.0076
29.8250,60.4756,0.0073
29.8750,60.4756,0.0070
29.9250,60.4756,0.0070
29.9750,60.4756,0.0064
30.0250,60.4756,0.0064
30.0750,60.4756,0.0060
30.1250,60.4756,0.0060
30.1750,60.4756,0.0058
30.2250,60.4756,0.0053
30.2750,60.4756,0.0053
30.3250,60.4756,0.0012
30.3750,60.4756,0.0000
30.4250,60.4756,0.0000
30.4750,60.4756,0.0000
30.5250,60.4756,0.0000
30.5750,60.4756,0.0000
30.6250,60.4756,0.0000
30.6750,60.4756,0.0000
30.7250,60.4756,0.0000
30.7750,60.4756,0.0000
30.8250,60.4756,0.0000
30.8750,60.4756,0.0000
30.9250,60.4756,0.0000
30.9750,60.4756,0.0000
31.0250,60.4756,0.0000
31.0750,60.4756,0.0000
31.1250,60.4756,0.0000
31.1750,60.4756,0.0000
31.2250,60.4756,0.0000
31.2750,60.4756,0.0000
31.3250,60.4756,0.0000
31.3750,60.4756,0.0000
31.4250,60.4756,0.0000
31.4750,60.4756,0.0000
31.5250,60.4756,0.0000
31.5750,60.4756,0.0000
20.5750,60.4256,0.0097
20.6250,60.4256,0.0097
20.6750,60.4256,0.0097
20.7750,60.4256,0.0097
20.8250,60.4256,0.0097
20.8750,60.4256,0.0089
20.9250,60.4256,0.0089
20.9750,60.4256,0.0092
21.0250,60.4256,0.0088
21.0750,60.4256,0.0088
21.1750,60.4256,0.0090
21.2250,60.4256,0.0087
21.2750,60.4256,0.0087
21.3250,60.4256,0.0084
21.3750,60.4256,0.0084
21.4250,60.4256,0.0084
21.4750,60.4256,0.0077
21.5250,60.4256,0.0078
21.5750,60.4256,0.0078
21.6250,60.4256,0.0078
21.6750,60.4256,0.0076
21.7250,60.4256,0.0076
21.7750,60.4256,0.0074
21.8250,60.4256,0.0074
21.8750,60.4256,0.0075
21.9250,60.4256,0.0073
21.9750,60.4256,0.0073
22.0250,60.4256,0.0071
22.0750,60.4256,0.0070
22.1250,60.4256,0.0070
22.1750,60.4256,0.0068
22.2250,60.4256,0.0070
22.2750,60.4256,0.0067
22.3250,60.4256,0.0069
22.3750,60.4256,0.0067
22.4250,60.4256,0.0066
22.4750,60.4256,0.0066
22.5250,60.4256,0.0065
22.5750,60.4256,0.0065
22.6250,60.4256,0.0065
22.6750,60.4256,0.0064
22.7250,60.4256,0.0064
22.7750,60.4256,0.0063
22.8250,60.4256,0.0063
22.8750,60.4256,0.0063
22.9250,60.4256,0.0063
22.9750,60.4256,0.0062
23.0250,60.4256,0.0061
23.0750,60.4256,0.0062
23.1250,60.4256,0.0060
23.1750,60.4256,0.0062
23.2250,60.4256,0.0060
23.2750,60.4256,0.0060
23.3250,60.4256,0.0060
23.3750,60.4256,0.0060
23.4250,60.4256,0.0060
23.4750,60.4256,0.0059
23.5250,60.4256,0.0060
23.5750,60.4256,0.0059
23.6250,60.4256,0.0058
23.6750,60.4256,0.0058
23.7250,60.4256,0.0058
23.7750,60.4256,0.0058
23.8250,60.4256,0.0059
23.8750,60.4256,0.0058
23.9250,60.4256,0.0057
23.9750,60.4256,0.0057
24.0250,60.4256,0.0057
24.0750,60.4256,0.0057
24.1250,60.4256,0.0057
24.1750,60.4256,0.0057
24.2250,60.4256,0.0056
24.2750,60.4256,0.0057
24.3250,60.4256,0.0056
24.3750,60.4256,0.0057
24.4250,60.4256,0.0056
24.4750,60.4256,0.0056
24.5250,60.4256,0.0056
24.5750,60.4256,0.0054
24.6250,60.4256,0.0056
24.6750,60.4256,0.0054
24.7250,60.4256,0.0056
24.7750,60.4256,0.0054
24.8250,60.4256,0.0055
24.8750,60.4256,0.0055
24.9250,60.4256,0.0053
24.9750,60.4256,0.0055
25.0250,60.4256,0.0052
25.0750,60.4256,0.0055
25.1250,60.4256,0.0052
25.1750,60.4256,0.0054
25.2250,60.4256,0.0053
25.2750,60.4256,0.0052
25.3250,60.4256,0.0052
25.3750,60.4256,0.0051
25.4250,60.4256,0.0052
25.4750,60.4256,0.0051
25.5250,60.4256,0.0052
25.5750,60.4256,0.0051
25.6250,60.4256,0.0050
25.6750,60.4256,0.0050
25.7250,60.4256,0.0002
25.7750,60.4256,0.0051
25.8250,60.4256,0.0000
25.8750,60.4256,0.0049
25.9250,60.4256,0.0000
25.9750,60.4256,0.0000
26.0250,60.4256,0.0000
26.0750,60.4256,0.0000
26.1250,60.4256,0.0000
26.1750,60.4256,0.0000
26.2250,60.4256,0.0000
26.2750,60.4256,0.0000
26.3250,60.4256,0.0000
26.3750,60.4256,0.0000
26.4250,60.4256,0.0000
26.4750,60.4256,0.0000
26.5250,60.4256,0.0000
26.5750,60.4256,0.0000
26.6250,60.4256,0.0000
26.6750,60.4256,0.0000
26.7250,60.4256,0.0000
26.7750,60.4256,0.0000
26.8250,60.4256,0.0000
26.8750,60.4256,0.0000
26.9250,60.4256,0.0000
26.9750,60.4256,0.0000
27.0250,60.4256,0.0000
27.0750,60.4256,0.0000
27.1250,60.4256,0.0000
27.3250,60.4256,0.0072
27.3750,60.4256,0.0072
27.4250,60.4256,0.0072
27.4750,60.4256,0.0074
27.5250,60.4256,0.0081
27.5750,60.4256,0.0081
27.6750,60.4256,0.0084
27.7250,60.4256,0.0092
28.4250,60.4256,0.0150
28.4750,60.4256,0.0150
28.5250,60.4256,0.0156
28.5750,60.4256,0.0156
28.6250,60.4256,0.0147
28.6750,60.4256,0.0147
28.7250,60.4256,0.0140
28.7750,60.4256,0.0140
28.8250,60.4256,0.0141
28.8750,60.4256,0.0133
28.9250,60.4256,0.0133
28.9750,60.4256,0.0130
29.0250,60.4256,0.0123
29.0750,60.4256,0.0122
29.1250,60.4256,0.0113
29.1750,60.4256,0.0112
29.2250,60.4256,0.0107
29.2750,60.4256,0.0104
29.3250,60.4256,0.0104
29.3750,60.4256,0.0097
29.4250,60.4256,0.0097
29.4750,60.4256,0.0089
29.5250,60.4256,0.0086
29.5750,60.4256,0.0086
29.6250,60.4256,0.0080
29.6750,60.4256,0.0080
29.7250,60.4256,0.0075
29.7750,60.4256,0.0075
29.8250,60.4256,0.0072
29.8750,60.4256,0.0067
29.9250,60.4256,0.0066
29.9750,60.4256,0.0062
30.0250,60.4256,0.0062
30.0750,60.4256,0.0060
30.1250,60.4256,0.0058
30.1750,60.4256,0.0055
30.2250,60.4256,0.0055
30.2750,60.4256,0.0051
30.3250,60.4256,0.0050
30.3750,60.4256,0.0000
30.4250,60.4256,0.0000
30.4750,60.4256,0.0000
30.5250,60.4256,0.0000
30.5750,60.4256,0.0000
30.6250,60.4256,0.0000
30.6750,60.4256,0.0000
30.7250,60.4256,0.0000
30.7750,60.4256,0.0000
30.8250,60.4256,0.0000
30.8750,60.4256,0.0000
30.9250,60.4256,0.0000
30.9750,60.4256,0.0000
31.0250,60.4256,0.0000
31.0750,60.4256,0.0000
31.1250,60.4256,0.0000
31.1750,60.4256,0.0000
31.2250,60.4256,0.0000
31.2750,60.4256,0.0000
31.3250,60.4256,0.0000
31.3750,60.4256,0.0000
31.4250,60.4256,0.0000
31.4750,60.4256,0.0000
31.5250,60.4256,0.0000
31.5750,60.4256,0.0000
20.5250,60.3756,0.0116
20.6250,60.3756,0.0097
20.6750,60.3756,0.0097
20.7250,60.3756,0.0097
20.7750,60.3756,0.0098
20.8750,60.3756,0.0098
20.9250,60.3756,0.0092
20.9750,60.3756,0.0092
21.0250,60.3756,0.0089
21.0750,60.3756,0.0091
21.1250,60.3756,0.0091
21.1750,60.3756,0.0090
21.2250,60.3756,0.0087
21.2750,60.3756,0.0087
21.3250,60.3756,0.0084
21.3750,60.3756,0.0084
21.4250,60.3756,0.0084
21.4750,60.3756,0.0084
21.5750,60.3756,0.0078
21.6250,60.3756,0.0078
21.6750,60.3756,0.0077
21.7250,60.3756,0.0076
21.7750,60.3756,0.0074
21.8250,60.3756,0.0076
21.8750,60.3756,0.0076
21.9250,60.3756,0.0074
21.9750,60.3756,0.0074
22.0250,60.3756,0.0075
22.0750,60.3756,0.0073
22.1250,60.3756,0.0073
22.1750,60.3756,0.0073
22.2250,60.3756,0.0070
22.2750,60.3756,0.0070
22.3250,60.3756,0.0070
22.3750,60.3756,0.0069
22.4250,60.3756,0.0069
22.4750,60.3756,0.0068
22.5250,60.3756,0.0068
22.5750,60.3756,0.0065
22.6250,60.3756,0.0065
22.6750,60.3756,0.0067
22.7250,60.3756,0.0064
22.7750,60.3756,0.0066
22.8250,60.3756,0.0064
22.8750,60.3756,0.0064
22.9250,60.3756,0.0064
22.9750,60.3756,0.0064
23.0250,60.3756,0.0064
23.0750,60.3756,0.0062
23.1250,60.3756,0.0064
23.1750,60.3756,0.0062
23.2250,60.3756,0.0062
23.2750,60.3756,0.0062
23.3250,60.3756,0.0062
23.3750,60.3756,0.0062
23.4250,60.3756,0.0062
23.4750,60.3756,0.0060
23.5250,60.3756,0.0062
23.5750,60.3756,0.0060
23.6250,60.3756,0.0060
23.6750,60.3756,0.0060
23.7250,60.3756,0.0060
23.7750,60.3756,0.0060
23.8250,60.3756,0.0059
23.8750,60.3756,0.0060
23.9250,60.3756,0.0059
23.9750,60.3756,0.0061
24.0250,60.3756,0.0059
24.0750,60.3756,0.0059
24.1250,60.3756,0.0059
24.1750,60.3756,0.0058
24.2250,60.3756,0.0059
24.2750,60.3756,0.0057
24.3250,60.3756,0.0059
24.3750,60.3756,0.0057
24.4250,60.3756,0.0057
24.4750,60.3756,0.0057
24.5250,60.3756,0.0057
24.5750,60.3756,0.0057
24.6250,60.3756,0.0058
24.6750,60.3756,0.0058
24.7250,60.3756,0.0056
24.7750,60.3756,0.0056
24.8250,60.3756,0.0056
24.8750,60.3756,0.0057
24.9250,60.3756,0.0057
24.9750,60.3756,0.0057
25.0250,60.3756,0.0057
25.0750,60.3756,0.0055
25.1250,60.3756,0.0054
25.1750,60.3756,0.0054
25.2250,60.3756,0.0055
25.2750,60.3756,0.0055
25.3250,60.3756,0.0055
25.3750,60.3756,0.0055
25.4250,60.3756,0.0055
25.4750,60.3756,0.0052
25.5250,60.3756,0.0052
25.5750,60.3756,0.0053
25.6250,60.3756,0.0053
25.6750,60.3756,0.0053
25.7250,60.3756,0.0053
25.7750,60.3756,0.0053
25.8250,60.3756,0.0051
25.8750,60.3756,0.0051
25.9250,60.3756,0.0050
25.9750,60.3756,0.0050
26.0250,60.3756,0.0051
26.0750,60.3756,0.0051
26.1250,60.3756,0.0003
26.1750,60.3756,0.0000
26.2250,60.3756,0.0000
26.2750,60.3756,0.0000
26.3250,60.3756,0.0000
26.3750,60.3756,0.0000
26.4250,60.3756,0.0000
26.4750,60.3756,0.0000
26.5250,60.3756,0.0000
26.5750,60.3756,0.0000
26.6250,60.3756,0.0000
26.6750,60.3756,0.0000
26.7250,60.3756,0.0000
26.7750,60.3756,0.0000
26.9750,60.3756,0.0000
27.0250,60.3756,0.0000
27.0750,60.3756,0.0000
27.2750,60.3756,0.0045
27.3250,60.3756,0.0072
27.4250,60.3756,0.0072
27.4750,60.3756,0.0072
28.4250,60.3756,0.0150
28.4750,60.3756,0.0150
28.5250,60.3756,0.0145
28.5750,60.3756,0.0145
28.6250,60.3756,0.0144
28.6750,60.3756,0.0139
28.7250,60.3756,0.0139
28.7750,60.3756,0.0133
28.8250,60.3756,0.0133
28.8750,60.3756,0.0128
28.9250,60.3756,0.0124
28.9750,60.3756,0.0124
29.0250,60.3756,0.0115
29.0750,60.3756,0.0115
29.1250,60.3756,0.0108
29.1750,60.3756,0.0107
29.2250,60.3756,0.0106
29.2750,60.3756,0.0099
29.3250,60.3756,0.0099
29.3750,60.3756,0.0092
29.4250,60.3756,0.0092
29.4750,60.3756,0.0089
29.5250,60.3756,0.0084
29.5750,60.3756,0.0082
29.6250,60.3756,0.0078
29.6750,60.3756,0.0077
29.7250,60.3756,0.0075
29.7750,60.3756,0.0071
29.8250,60.3756,0.0069
29.8750,60.3756,0.0069
29.9250,60.3756,0.0064
29.9750,60.3756,0.0064
30.0250,60.3756,0.0060
30.0750,60.3756,0.0058
30.1250,60.3756,0.0058
30.1750,60.3756,0.0053
30.2250,60.3756,0.0053
30.2750,60.3756,0.0000
30.3250,60.3756,0.0000
30.3750,60.3756,0.0000
30.4250,60.3756,0.0000
30.4750,60.3756,0.0000
30.5250,60.3756,0.0000
30.5750,60.3756,0.0000
30.6250,60.3756,0.0000
30.6750,60.3756,0.0000
30.7250,60.3756,0.0000
30.7750,60.3756,0.0000
30.8250,60.3756,0.0000
30.8750,60.3756,0.0000
30.9250,60.3756,0.0000
30.9750,60.3756,0.0000
31.0250,60.3756,0.0000
31.0750,60.3756,0.0000
31.1250,60.3756,0.0000
31.1750,60.3756,0.0000
31.2250,60.3756,0.0000
31.2750,60.3756,0.0000
31.3250,60.3756,0.0000
31.3750,60.3756,0.0000
31.4250,60.3756,0.0000
31.4750,60.3756,0.0000
31.5250,60.3756,0.0000
31.5750,60.3756,0.0000
20.5250,60.3257,0.0119
20.5750,60.3257,0.0105
20.6250,60.3257,0.0105
20.7250,60.3257,0.0098
20.7750,60.3257,0.0098
20.8250,60.3257,0.0099
20.8750,60.3257,0.0102
20.9250,60.3257,0.0094
20.9750,60.3257,0.0094
21.0250,60.3257,0.0094
21.0750,60.3257,0.0091
21.1250,60.3257,0.0091
21.1750,60.3257,0.0089
21.2250,60.3257,0.0087
21.2750,60.3257,0.0087
21.3250,60.3257,0.0087
21.3750,60.3257,0.0084
21.4250,60.3257,0.0087
21.4750,60.3257,0.0084
21.5250,60.3257,0.0084
21.5750,60.3257,0.0084
21.6250,60.3257,0.0078
21.6750,60.3257,0.0078
21.7250,60.3257,0.0081
21.7750,60.3257,0.0079
21.8250,60.3257,0.0076
21.8750,60.3257,0.0077
21.9250,60.3257,0.0078
21.9750,60.3257,0.0076
22.0250,60.3257,0.0076
22.0750,60.3257,0.0074
22.1250,60.3257,0.0073
22.1750,60.3257,0.0074
22.2250,60.3257,0.0074
22.2750,60.3257,0.0073
22.3250,60.3257,0.0071
22.3750,60.3257,0.0073
22.4250,60.3257,0.0071
22.4750,60.3257,0.0068
22.5250,60.3257,0.0068
22.5750,60.3257,0.0070
22.6250,60.3257,0.0070
22.6750,60.3257,0.0067
22.7250,60.3257,0.0067
22.7750,60.3257,0.0066
22.8250,60.3257,0.0066
22.8750,60.3257,0.0066
22.9250,60.3257,0.0064
22.9750,60.3257,0.0064
23.0250,60.3257,0.0065
23.0750,60.3257,0.0064
23.1250,60.3257,0.0065
23.1750,60.3257,0.0064
23.2250,60.3257,0.0065
23.2750,60.3257,0.0064
23.3250,60.3257,0.0063
23.3750,60.3257,0.0063
23.4250,60.3257,0.0062
23.4750,60.3257,0.0064
23.5250,60.3257,0.0062
23.5750,60.3257,0.0063
23.6250,60.3257,0.0062
23.6750,60.3257,0.0062
23.7250,60.3257,0.0062
23.7750,60.3257,0.0062
23.8250,60.3257,0.0062
23.8750,60.3257,0.0062
23.9250,60.3257,0.0062
23.9750,60.3257,0.0061
24.0250,60.3257,0.0061
24.0750,60.3257,0.0061
24.1250,60.3257,0.0061
24.1750,60.3257,0.0061
24.2250,60.3257,0.0061
24.2750,60.3257,0.0060
24.3250,60.3257,0.0061
24.3750,60.3257,0.0059
24.4250,60.3257,0.0059
24.4750,60.3257,0.0060
24.5250,60.3257,0.0060
24.5750,60.3257,0.0060
24.6250,60.3257,0.0058
24.6750,60.3257,0.0060
24.7250,60.3257,0.0058
24.7750,60.3257,0.0060
24.8250,60.3257,0.0058
24.8750,60.3257,0.0058
24.9250,60.3257,0.0058
24.9750,60.3257,0.0057
25.0250,60.3257,0.0058
25.0750,60.3257,0.0057
25.1250,60.3257,0.0058
25.1750,60.3257,0.0057
25.2250,60.3257,0.0057
25.2750,60.3257,0.0057
25.3250,60.3257,0.0055
25.3750,60.3257,0.0057
25.4250,60.3257,0.0055
25.4750,60.3257,0.0057
25.5250,60.3257,0.0054
25.5750,60.3257,0.0054
25.6250,60.3257,0.0056
25.6750,60.3257,0.0054
25.7250,60.3257,0.0054
25.7750,60.3257,0.0053
25.8250,60.3257,0.0054
25.8750,60.3257,0.0052
25.9250,60.3257,0.0053
25.9750,60.3257,0.0052
26.0250,60.3257,0.0051
26.0750,60.3257,0.0051
26.1250,60.3257,0.0034
26.1750,60.3257,0.0000
26.2250,60.3257,0.0000
26.2750,60.3257,0.0000
26.3250,60.3257,0.0000
26.4750,60.3257,0.0000
26.5250,60.3257,0.0000
26.8250,60.3257,0.0000
27.2250,60.3257,0.0021
27.3750,60.3257,0.0072
28.4250,60.3257,0.0150
28.4750,60.3257,0.0150
28.5250,60.3257,0.0140
28.5750,60.3257,0.0139
28.6250,60.3257,0.0139
28.6750,60.3257,0.0139
28.7250,60.3257,0.0137
28.7750,60.3257,0.0133
28.8250,60.3257,0.0127
28.8750,60.3257,0.0125
28.9250,60.3257,0.0118
28.9750,60.3257,0.0117
29.0250,60.3257,0.0109
29.0750,60.3257,0.0109
29.1250,60.3257,0.0108
29.1750,60.3257,0.0103
29.2250,60.3257,0.0101
29.2750,60.3257,0.0101
29.3250,60.3257,0.0094
29.3750,60.3257,0.0093
29.4250,60.3257,0.0087
29.4750,60.3257,0.0084
29.5250,60.3257,0.0084
29.5750,60.3257,0.0079
29.6250,60.3257,0.0079
29.6750,60.3257,0.0074
29.7250,60.3257,0.0074
29.7750,60.3257,0.0070
29.8250,60.3257,0.0065
29.8750,60.3257,0.0065
29.9250,60.3257,0.0062
29.9750,60.3257,0.0062
30.0250,60.3257,0.0059
30.0750,60.3257,0.0058
30.1250,60.3257,0.0056
30.1750,60.3257,0.0054
30.2250,60.3257,0.0051
30.2750,60.3257,0.0006
30.3250,60.3257,0.0000
30.3750,60.3257,0.0000
30.4250,60.3257,0.0000
30.4750,60.3257,0.0000
30.5250,60.3257,0.0000
30.5750,60.3257,0.0000
30.6250,60.3257,0.0000
30.6750,60.3257,0.0000
30.7250,60.3257,0.0000
30.7750,60.3257,0.0000
30.8250,60.3257,0.0000
30.8750,60.3257,0.0000
30.9250,60.3257,0.0000
30.9750,60.3257,0.0000
31.0250,60.3257,0.0000
31.0750,60.3257,0.0000
31.1250,60.3257,0.0000
31.1750,60.3257,0.0000
31.2250,60.3257,0.0000
31.2750,60.3257,0.0000
31.3250,60.3257,0.0000
31.3750,60.3257,0.0000
31.4250,60.3257,0.0000
31.4750,60.3257,0.0000
31.5250,60.3257,0.0000
31.5750,60.3257,0.0000
20.5250,60.2757,0.0121
20.5750,60.2757,0.0109
20.7250,60.2757,0.0105
20.7750,60.2757,0.0105
20.8250,60.2757,0.0102
20.8750,60.2757,0.0102
20.9250,60.2757,0.0095
20.9750,60.2757,0.0094
21.0250,60.2757,0.0094
21.0750,60.2757,0.0091
21.1750,60.2757,0.0087
21.2250,60.2757,0.0087
21.2750,60.2757,0.0087
21.3250,60.2757,0.0087
21.3750,60.2757,0.0087
21.4250,60.2757,0.0087
21.4750,60.2757,0.0084
21.5250,60.2757,0.0084
21.5750,60.2757,0.0085
21.6250,60.2757,0.0086
21.6750,60.2757,0.0086
21.7250,60.2757,0.0082
21.7750,60.2757,0.0082
21.8250,60.2757,0.0082
21.8750,60.2757,0.0078
21.9250,60.2757,0.0078
21.9750,60.2757,0.0078
22.0250,60.2757,0.0076
22.0750,60.2757,0.0075
22.1250,60.2757,0.0074
22.1750,60.2757,0.0076
22.2250,60.2757,0.0076
22.2750,60.2757,0.0074
22.3250,60.2757,0.0074
22.3750,60.2757,0.0073
22.4250,60.2757,0.0071
22.4750,60.2757,0.0075
22.5250,60.2757,0.0075
22.5750,60.2757,0.0070
22.6250,60.2757,0.0072
22.6750,60.2757,0.0069
22.7250,60.2757,0.0069
22.7750,60.2757,0.0068
22.8250,60.2757,0.0070
22.8750,60.2757,0.0068
22.9250,60.2757,0.0068
22.9750,60.2757,0.0068
23.0250,60.2757,0.0066
23.0750,60.2757,0.0068
23.1250,60.2757,0.0065
23.1750,60.2757,0.0068
23.2250,60.2757,0.0065
23.2750,60.2757,0.0065
23.3250,60.2757,0.0065
23.3750,60.2757,0.0065
23.4250,60.2757,0.0065
23.4750,60.2757,0.0065
23.5250,60.2757,0.0063
23.5750,60.2757,0.0064
23.6250,60.2757,0.0063
23.6750,60.2757,0.0063
23.7250,60.2757,0.0064
23.7750,60.2757,0.0064
23.8250,60.2757,0.0064
23.8750,60.2757,0.0062
23.9250,60.2757,0.0064
23.9750,60.2757,0.0062
24.0250,60.2757,0.0064
24.0750,60.2757,0.0062
24.1250,60.2757,0.0063
24.1750,60.2757,0.0063
24.2250,60.2757,0.0061
24.2750,60.2757,0.0063
24.3250,60.2757,0.0061
24.3750,60.2757,0.0063
24.4250,60.2757,0.0061
24.4750,60.2757,0.0061
24.5250,60.2757,0.0061
24.5750,60.2757,0.0061
24.6250,60.2757,0.0061
24.6750,60.2757,0.0060
24.7250,60.2757,0.0062
24.7750,60.2757,0.0060
24.8250,60.2757,0.0060
24.8750,60.2757,0.0060
24.9250,60.2757,0.0060
24.9750,60.2757,0.0060
25.0250,60.2757,0.0060
25.0750,60.2757,0.0060
25.1250,60.2757,0.0058
25.1750,60.2757,0.0059
25.2250,60.2757,0.0059
25.2750,60.2757,0.0059
25.3250,60.2757,0.0059
25.3750,60.2757,0.0057
25.4250,60.2757,0.0057
25.4750,60.2757,0.0057
25.5250,60.2757,0.0055
25.5750,60.2757,0.0057
25.6250,60.2757,0.0057
25.6750,60.2757,0.0057
25.7250,60.2757,0.0054
25.7750,60.2757,0.0054
25.8250,60.2757,0.0054
25.8750,60.2757,0.0054
25.9250,60.2757,0.0054
25.9750,60.2757,0.0052
26.0250,60.2757,0.0052
26.0750,60.2757,0.0051
26.1250,60.2757,0.0011
26.1750,60.2757,0.0000
26.2250,60.2757,0.0000
26.4250,60.2757,0.0000
26.5750,60.2757,0.0000
26.6250,60.2757,0.0000
27.1250,60.2757,0.0000
27.1750,60.2757,0.0013
27.2750,60.2757,0.0068
27.3250,60.2757,0.0072
28.5750,60.2757,0.0134
28.6250,60.2757,0.0134
28.6750,60.2757,0.0134
28.7250,60.2757,0.0134
28.8750,60.2757,0.0119
28.9250,60.2757,0.0119
28.9750,60.2757,0.0111
29.0250,60.2757,0.0111
29.0750,60.2757,0.0105
29.1250,60.2757,0.0104
29.1750,60.2757,0.0103
29.2250,60.2757,0.0097
29.2750,60.2757,0.0097
29.3250,60.2757,0.0090
29.3750,60.2757,0.0090
29.4250,60.2757,0.0084
29.4750,60.2757,0.0084
29.5250,60.2757,0.0081
29.5750,60.2757,0.0077
29.6250,60.2757,0.0077
29.6750,60.2757,0.0071
29.7250,60.2757,0.0071
29.7750,60.2757,0.0068
29.8250,60.2757,0.0066
29.8750,60.2757,0.0064
29.9250,60.2757,0.0063
29.9750,60.2757,0.0060
30.0250,60.2757,0.0058
30.0750,60.2757,0.0056
30.1250,60.2757,0.0054
30.1750,60.2757,0.0054
30.2250,60.2757,0.0000
30.2750,60.2757,0.0000
30.3250,60.2757,0.0000
30.3750,60.2757,0.0000
30.4250,60.2757,0.0000
30.4750,60.2757,0.0000
30.5250,60.2757,0.0000
30.5750,60.2757,0.0000
30.6250,60.2757,0.0000
30.6750,60.2757,0.0000
30.7250,60.2757,0.0000
30.7750,60.2757,0.0000
30.8250,60.2757,0.0000
30.8750,60.2757,0.0000
30.9250,60.2757,0.0000
30.9750,60.2757,0.0000
31.0250,60.2757,0.0000
31.0750,60.2757,0.0000
31.1250,60.2757,0.0000
31.1750,60.2757,0.0000
31.2250,60.2757,0.0000
31.2750,60.2757,0.0000
31.3250,60.2757,0.0000
31.3750,60.2757,0.0000
31.4250,60.2757,0.0000
31.4750,60.2757,0.0000
31.5250,60.2757,0.0000
31.5750,60.2757,0.0000
20.5250,60.2257,0.0123
20.6750,60.2257,0.0105
20.7250,60.2257,0.0105
20.7750,60.2257,0.0105
20.8250,60.2257,0.0102
20.8750,60.2257,0.0102
20.9750,60.2257,0.0094
21.0250,60.2257,0.0094
21.1750,60.2257,0.0088
21.2250,60.2257,0.0092
21.2750,60.2257,0.0093
21.3250,60.2257,0.0093
21.3750,60.2257,0.0090
21.4250,60.2257,0.0089
21.4750,60.2257,0.0089
21.5250,60.2257,0.0090
21.5750,60.2257,0.0086
21.6250,60.2257,0.0086
21.6750,60.2257,0.0086
21.7250,60.2257,0.0082
21.7750,60.2257,0.0082
21.8250,60.2257,0.0082
21.8750,60.2257,0.0082
21.9250,60.2257,0.0082
21.9750,60.2257,0.0081
22.0250,60.2257,0.0081
22.0750,60.2257,0.0081
22.1250,60.2257,0.0076
22.1750,60.2257,0.0076
22.2250,60.2257,0.0078
22.2750,60.2257,0.0075
22.3250,60.2257,0.0077
22.3750,60.2257,0.0077
22.4250,60.2257,0.0075
22.4750,60.2257,0.0075
22.5250,60.2257,0.0075
22.5750,60.2257,0.0075
22.6250,60.2257,0.0072
22.6750,60.2257,0.0073
22.7250,60.2257,0.0073
22.7750,60.2257,0.0073
22.8250,60.2257,0.0070
22.8750,60.2257,0.0070
22.9250,60.2257,0.0070
22.9750,60.2257,0.0070
23.0250,60.2257,0.0070
23.0750,60.2257,0.0070
23.1250,60.2257,0.0068
23.1750,60.2257,0.0070
23.2250,60.2257,0.0068
23.2750,60.2257,0.0068
23.3250,60.2257,0.0068
23.3750,60.2257,0.0068
23.4250,60.2257,0.0067
23.4750,60.2257,0.0065
23.5250,60.2257,0.0067
23.5750,60.2257,0.0065
23.6250,60.2257,0.0068
23.6750,60.2257,0.0066
23.7250,60.2257,0.0065
23.7750,60.2257,0.0065
23.8250,60.2257,0.0066
23.8750,60.2257,0.0066
23.9250,60.2257,0.0064
23.9750,60.2257,0.0066
24.0250,60.2257,0.0064
24.0750,60.2257,0.0064
24.1250,60.2257,0.0064
24.1750,60.2257,0.0065
24.2250,60.2257,0.0065
24.2750,60.2257,0.0065
24.3250,60.2257,0.0063
24.3750,60.2257,0.0063
24.4250,60.2257,0.0063
24.4750,60.2257,0.0063
24.5250,60.2257,0.0063
24.5750,60.2257,0.0063
24.6250,60.2257,0.0063
24.6750,60.2257,0.0062
24.7250,60.2257,0.0063
24.7750,60.2257,0.0062
24.8250,60.2257,0.0062
24.8750,60.2257,0.0062
24.9250,60.2257,0.0062
24.9750,60.2257,0.0062
25.0250,60.2257,0.0060
25.0750,60.2257,0.0062
25.1250,60.2257,0.0060
25.1750,60.2257,0.0060
25.2250,60.2257,0.0061
25.2750,60.2257,0.0060
25.3250,60.2257,0.0059
25.3750,60.2257,0.0057
25.4250,60.2257,0.0057
25.4750,60.2257,0.0057
25.5250,60.2257,0.0057
25.5750,60.2257,0.0057
25.6250,60.2257,0.0057
25.6750,60.2257,0.0057
25.7750,60.2257,0.0054
25.8250,60.2257,0.0054
25.8750,60.2257,0.0054
25.9250,60.2257,0.0054
25.9750,60.2257,0.0054
26.0250,60.2257,0.0052
28.9750,60.2257,0.0108
29.0250,60.2257,0.0108
29.0750,60.2257,0.0103
29.1250,60.2257,0.0103
29.1750,60.2257,0.0100
29.2250,60.2257,0.0097
29.2750,60.2257,0.0093
29.3250,60.2257,0.0087
29.3750,60.2257,0.0086
29.4250,60.2257,0.0084
29.4750,60.2257,0.0082
29.5250,60.2257,0.0079
29.5750,60.2257,0.0079
29.6250,60.2257,0.0074
29.6750,60.2257,0.0074
29.7250,60.2257,0.0069
29.7750,60.2257,0.0066
29.8250,60.2257,0.0066
29.8750,60.2257,0.0062
29.9250,60.2257,0.0062
29.9750,60.2257,0.0059
30.0250,60.2257,0.0059
30.0750,60.2257,0.0056
30.1250,60.2257,0.0052
30.1750,60.2257,0.0052
30.2250,60.2257,0.0000
30.2750,60.2257,0.0000
30.3250,60.2257,0.0000
30.3750,60.2257,0.0000
30.4250,60.2257,0.0000
30.4750,60.2257,0.0000
30.5250,60.2257,0.0000
30.5750,60.2257,0.0000
30.6250,60.2257,0.0000
30.6750,60.2257,0.0000
30.7250,60.2257,0.0000
30.7750,60.2257,0.0000
30.8250,60.2257,0.0000
30.8750,60.2257,0.0000
30.9250,60.2257,0.0000
30.9750,60.2257,0.0000
31.0250,60.2257,0.0000
31.0750,60.2257,0.0000
31.1250,60.2257,0.0000
31.1750,60.2257,0.0000
31.2250,60.2257,0.0000
31.2750,60.2257,0.0000
31.3250,60.2257,0.0000
31.3750,60.2257,0.0000
31.4250,60.2257,0.0000
31.4750,60.2257,0.0000
31.5250,60.2257,0.0000
31.5750,60.2257,0.0000
20.5250,60.1757,0.0123
20.5750,60.1757,0.0123
20.6250,60.1757,0.0119
20.6750,60.1757,0.0105
20.7250,60.1757,0.0105
20.7750,60.1757,0.0105
20.8250,60.1757,0.0102
21.0750,60.1757,0.0093
21.2250,60.1757,0.0093
21.2750,60.1757,0.0093
21.3250,60.1757,0.0093
21.3750,60.1757,0.0093
21.4250,60.1757,0.0089
21.4750,60.1757,0.0090
21.5250,60.1757,0.0090
21.5750,60.1757,0.0090
21.6250,60.1757,0.0086
21.6750,60.1757,0.0088
21.7250,60.1757,0.0087
21.7750,60.1757,0.0083
21.8250,60.1757,0.0084
21.8750,60.1757,0.0082
21.9250,60.1757,0.0084
21.9750,60.1757,0.0081
22.0250,60.1757,0.0081
22.0750,60.1757,0.0081
22.1250,60.1757,0.0077
22.1750,60.1757,0.0078
22.2250,60.1757,0.0078
22.2750,60.1757,0.0079
22.3250,60.1757,0.0077
22.3750,60.1757,0.0077
22.4250,60.1757,0.0079
22.4750,60.1757,0.0076
22.5250,60.1757,0.0076
22.5750,60.1757,0.0075
22.6250,60.1757,0.0075
22.6750,60.1757,0.0075
22.7250,60.1757,0.0073
22.7750,60.1757,0.0075
22.8250,60.1757,0.0073
22.8750,60.1757,0.0073
22.9250,60.1757,0.0073
22.9750,60.1757,0.0073
23.0250,60.1757,0.0073
23.0750,60.1757,0.0071
23.1250,60.1757,0.0072
23.1750,60.1757,0.0070
23.2250,60.1757,0.0073
23.2750,60.1757,0.0070
23.3250,60.1757,0.0070
23.3750,60.1757,0.0070
23.4250,60.1757,0.0070
23.4750,60.1757,0.0070
23.5250,60.1757,0.0069
23.5750,60.1757,0.0069
23.6250,60.1757,0.0068
23.6750,60.1757,0.0068
23.7250,60.1757,0.0068
23.7750,60.1757,0.0069
23.8250,60.1757,0.0069
23.8750,60.1757,0.0069
23.9250,60.1757,0.0066
23.9750,60.1757,0.0069
24.0250,60.1757,0.0066
24.0750,60.1757,0.0067
24.1250,60.1757,0.0067
24.1750,60.1757,0.0067
24.2250,60.1757,0.0067
24.2750,60.1757,0.0065
24.3250,60.1757,0.0067
24.3750,60.1757,0.0065
24.4250,60.1757,0.0067
24.4750,60.1757,0.0065
24.5250,60.1757,0.0065
24.5750,60.1757,0.0065
24.6250,60.1757,0.0064
24.6750,60.1757,0.0065
24.7250,60.1757,0.0063
24.7750,60.1757,0.0064
24.8250,60.1757,0.0064
24.8750,60.1757,0.0064
24.9250,60.1757,0.0064
24.9750,60.1757,0.0062
25.0250,60.1757,0.0062
25.0750,60.1757,0.0062
25.1250,60.1757,0.0062
25.1750,60.1757,0.0061
25.2250,60.1757,0.0061
25.2750,60.1757,0.0061
25.3250,60.1757,0.0059
25.3750,60.1757,0.0059
25.4250,60.1757,0.0057
25.4750,60.1757,0.0057
25.5250,60.1757,0.0057
25.8250,60.1757,0.0054
29.0250,60.1757,0.0108
29.0750,60.1757,0.0103
29.1250,60.1757,0.0103
29.1750,60.1757,0.0097
29.2250,60.1757,0.0097
29.2750,60.1757,0.0090
29.3250,60.1757,0.0090
29.3750,60.1757,0.0086
29.4250,60.1757,0.0082
29.4750,60.1757,0.0082
29.5250,60.1757,0.0080
29.6250,60.1757,0.0074
29.6750,60.1757,0.0071
29.7250,60.1757,0.0069
29.7750,60.1757,0.0064
29.8250,60.1757,0.0064
29.8750,60.1757,0.0061
29.9250,60.1757,0.0061
29.9750,60.1757,0.0058
30.0250,60.1757,0.0057
30.0750,60.1757,0.0055
30.1250,60.1757,0.0054
30.1750,60.1757,0.0051
30.2250,60.1757,0.0050
30.2750,60.1757,0.0000
30.3250,60.1757,0.0000
30.3750,60.1757,0.0000
30.4250,60.1757,0.0000
30.4750,60.1757,0.0000
30.5250,60.1757,0.0000
30.5750,60.1757,0.0000
30.6250,60.1757,0.0000
30.6750,60.1757,0.0000
30.7250,60.1757,0.0000
30.7750,60.1757,0.0000
30.8250,60.1757,0.0000
30.8750,60.1757,0.0000
30.9250,60.1757,0.0000
30.9750,60.1757,0.0000
31.0250,60.1757,0.0000
31.0750,60.1757,0.0000
31.1250,60.1757,0.0000
31.1750,60.1757,0.0000
31.2250,60.1757,0.0000
31.2750,60.1757,0.0000
31.3250,60.1757,0.0000
31.3750,60.1757,0.0000
31.4250,60.1757,0.0000
31.4750,60.1757,0.0000
31.5250,60.1757,0.0000
31.5750,60.1757,0.0000
20.5250,60.1257,0.0123
20.5750,60.1257,0.0123
20.6250,60.1257,0.0123
20.6750,60.1257,0.0123
20.7250,60.1257,0.0110
21.0750,60.1257,0.0113
21.3250,60.1257,0.0093
21.3750,60.1257,0.0093
21.4250,60.1257,0.0089
21.4750,60.1257,0.0090
21.5250,60.1257,0.0092
21.5750,60.1257,0.0092
21.6250,60.1257,0.0088
21.6750,60.1257,0.0090
21.7250,60.1257,0.0090
21.7750,60.1257,0.0084
21.8250,60.1257,0.0084
21.8750,60.1257,0.0084
21.9250,60.1257,0.0084
21.9750,60.1257,0.0084
22.0250,60.1257,0.0081
22.0750,60.1257,0.0081
22.1250,60.1257,0.0079
22.1750,60.1257,0.0079
22.2250,60.1257,0.0079
22.2750,60.1257,0.0079
22.3250,60.1257,0.0081
22.3750,60.1257,0.0081
22.4250,60.1257,0.0079
22.4750,60.1257,0.0079
22.5250,60.1257,0.0078
22.5750,60.1257,0.0078
22.6250,60.1257,0.0078
22.6750,60.1257,0.0075
22.7250,60.1257,0.0077
22.7750,60.1257,0.0075
22.8250,60.1257,0.0078
22.8750,60.1257,0.0075
22.9250,60.1257,0.0075
22.9750,60.1257,0.0075
23.0250,60.1257,0.0075
23.0750,60.1257,0.0075
23.1250,60.1257,0.0075
23.1750,60.1257,0.0073
23.2250,60.1257,0.0073
23.2750,60.1257,0.0072
23.3250,60.1257,0.0072
23.3750,60.1257,0.0073
23.4250,60.1257,0.0073
23.4750,60.1257,0.0073
23.5250,60.1257,0.0071
23.5750,60.1257,0.0074
23.6250,60.1257,0.0071
23.6750,60.1257,0.0074
23.7250,60.1257,0.0071
23.7750,60.1257,0.0071
23.8250,60.1257,0.0071
23.8750,60.1257,0.0069
23.9250,60.1257,0.0071
23.9750,60.1257,0.0069
24.0250,60.1257,0.0072
24.0750,60.1257,0.0069
24.1250,60.1257,0.0070
24.1750,60.1257,0.0070
24.2250,60.1257,0.0070
24.2750,60.1257,0.0070
24.3250,60.1257,0.0069
24.3750,60.1257,0.0068
24.4250,60.1257,0.0067
24.4750,60.1257,0.0068
24.5250,60.1257,0.0068
24.5750,60.1257,0.0068
24.6250,60.1257,0.0068
24.6750,60.1257,0.0065
24.7250,60.1257,0.0064
24.7750,60.1257,0.0064
24.8250,60.1257,0.0064
24.8750,60.1257,0.0064
24.9250,60.1257,0.0064
24.9750,60.1257,0.0064
25.0250,60.1257,0.0062
25.0750,60.1257,0.0062
25.2250,60.1257,0.0061
26.9250,60.1257,0.0000
26.9750,60.1257,0.0000
29.9250,60.1257,0.0061
29.9750,60.1257,0.0057
30.0250,60.1257,0.0056
30.0750,60.1257,0.0053
30.1250,60.1257,0.0053
30.1750,60.1257,0.0000
30.2250,60.1257,0.0000
30.2750,60.1257,0.0000
30.3250,60.1257,0.0000
30.3750,60.1257,0.0000
30.4250,60.1257,0.0000
30.4750,60.1257,0.0000
30.5250,60.1257,0.0000
30.5750,60.1257,0.0000
30.6250,60.1257,0.0000
30.6750,60.1257,0.0000
30.7250,60.1257,0.0000
30.7750,60.1257,0.0000
30.8250,60.1257,0.0000
30.8750,60.1257,0.0000
30.9250,60.1257,0.0000
30.9750,60.1257,0.0000
31.0250,60.1257,0.0000
31.0750,60.1257,0.0000
31.1250,60.1257,0.0000
31.1750,60.1257,0.0000
31.2250,60.1257,0.0000
31.2750,60.1257,0.0000
31.3250,60.1257,0.0000
31.3750,60.1257,0.0000
31.4250,60.1257,0.0000
31.4750,60.1257,0.0000
31.5250,60.1257,0.0000
31.5750,60.1257,0.0000
20.5250,60.0757,0.0126
20.5750,60.0757,0.0126
20.6250,60.0757,0.0123
20.6750,60.0757,0.0123
20.7250,60.0757,0.0123
20.7750,60.0757,0.0122
20.8250,60.0757,0.0122
21.2250,60.0757,0.0093
21.2750,60.0757,0.0093
21.3250,60.0757,0.0093
21.3750,60.0757,0.0093
21.4750,60.0757,0.0092
21.5250,60.0757,0.0092
21.5750,60.0757,0.0092
21.6250,60.0757,0.0090
21.6750,60.0757,0.0090
21.7750,60.0757,0.0084
21.8250,60.0757,0.0084
21.8750,60.0757,0.0086
21.9750,60.0757,0.0084
22.0250,60.0757,0.0082
22.0750,60.0757,0.0081
22.3750,60.0757,0.0081
22.4250,60.0757,0.0083
22.4750,60.0757,0.0083
22.5250,60.0757,0.0080
22.5750,60.0757,0.0080
22.6250,60.0757,0.0080
22.6750,60.0757,0.0080
22.7250,60.0757,0.0080
22.7750,60.0757,0.0079
22.8250,60.0757,0.0078
22.8750,60.0757,0.0076
22.9250,60.0757,0.0080
22.9750,60.0757,0.0075
23.0250,60.0757,0.0075
23.0750,60.0757,0.0077
23.1250,60.0757,0.0075
23.1750,60.0757,0.0077
23.2250,60.0757,0.0075
23.2750,60.0757,0.0078
23.3250,60.0757,0.0075
23.3750,60.0757,0.0076
23.4250,60.0757,0.0076
23.4750,60.0757,0.0073
23.5250,60.0757,0.0074
23.5750,60.0757,0.0074
23.6250,60.0757,0.0076
23.6750,60.0757,0.0074
23.7250,60.0757,0.0074
23.7750,60.0757,0.0074
23.8250,60.0757,0.0074
23.8750,60.0757,0.0074
23.9250,60.0757,0.0074
23.9750,60.0757,0.0072
24.0250,60.0757,0.0073
24.0750,60.0757,0.0072
24.1250,60.0757,0.0072
24.1750,60.0757,0.0072
24.2250,60.0757,0.0072
24.2750,60.0757,0.0070
24.3250,60.0757,0.0070
24.3750,60.0757,0.0074
24.4250,60.0757,0.0071
24.4750,60.0757,0.0071
24.5250,60.0757,0.0071
24.5750,60.0757,0.0069
24.6250,60.0757,0.0068
24.6750,60.0757,0.0065
24.7250,60.0757,0.0065
26.9250,60.0757,0.0000
26.9750,60.0757,0.0000
27.0250,60.0757,0.0000
28.0250,60.0757,0.0241
28.3750,60.0757,0.0155
29.8750,60.0757,0.0061
29.9250,60.0757,0.0061
29.9750,60.0757,0.0056
30.0250,60.0757,0.0056
30.0750,60.0757,0.0055
30.1250,60.0757,0.0052
30.1750,60.0757,0.0004
30.2250,60.0757,0.0000
30.2750,60.0757,0.0000
30.3250,60.0757,0.0000
30.3750,60.0757,0.0000
30.4250,60.0757,0.0000
30.4750,60.0757,0.0000
30.5250,60.0757,0.0000
30.5750,60.0757,0.0000
30.6250,60.0757,0.0000
30.6750,60.0757,0.0000
30.7250,60.0757,0.0000
30.7750,60.0757,0.0000
30.8250,60.0757,0.0000
30.8750,60.0757,0.0000
30.9250,60.0757,0.0000
30.9750,60.0757,0.0000
31.0250,60.0757,0.0000
31.0750,60.0757,0.0000
31.1250,60.0757,0.0000
31.1750,60.0757,0.0000
31.2250,60.0757,0.0000
31.2750,60.0757,0.0000
31.3250,60.0757,0.0000
31.3750,60.0757,0.0000
31.4250,60.0757,0.0000
31.4750,60.0757,0.0000
31.5250,60.0757,0.0000
31.5750,60.0757,0.0000
20.5250,60.0257,0.0126
20.5750,60.0257,0.0125
20.6250,60.0257,0.0123
20.6750,60.0257,0.0123
20.7250,60.0257,0.0123
20.7750,60.0257,0.0123
20.8250,60.0257,0.0123
20.8750,60.0257,0.0122
20.9250,60.0257,0.0117
20.9750,60.0257,0.0117
21.0250,60.0257,0.0117
21.1750,60.0257,0.0107
21.2250,60.0257,0.0093
21.2750,60.0257,0.0093
21.4250,60.0257,0.0091
21.4750,60.0257,0.0092
21.5250,60.0257,0.0092
21.5750,60.0257,0.0092
21.6250,60.0257,0.0090
21.6750,60.0257,0.0090
21.7250,60.0257,0.0090
21.7750,60.0257,0.0093
21.8250,60.0257,0.0094
21.8750,60.0257,0.0094
21.9250,60.0257,0.0094
21.9750,60.0257,0.0094
22.1250,60.0257,0.0096
22.1750,60.0257,0.0089
22.2750,60.0257,0.0089
22.3250,60.0257,0.0089
22.3750,60.0257,0.0083
22.4250,60.0257,0.0083
22.4750,60.0257,0.0083
22.5250,60.0257,0.0083
22.5750,60.0257,0.0080
22.6250,60.0257,0.0081
22.6750,60.0257,0.0083
22.7250,60.0257,0.0080
22.7750,60.0257,0.0080
22.8250,60.0257,0.0078
22.8750,60.0257,0.0080
22.9250,60.0257,0.0080
22.9750,60.0257,0.0080
23.0250,60.0257,0.0080
23.0750,60.0257,0.0077
23.1250,60.0257,0.0077
23.1750,60.0257,0.0077
23.2250,60.0257,0.0079
23.2750,60.0257,0.0078
23.3250,60.0257,0.0079
23.3750,60.0257,0.0079
23.4250,60.0257,0.0079
23.4750,60.0257,0.0079
23.5250,60.0257,0.0079
23.5750,60.0257,0.0076
23.6250,60.0257,0.0080
23.6750,60.0257,0.0077
23.7250,60.0257,0.0077
23.7750,60.0257,0.0077
23.8250,60.0257,0.0076
23.8750,60.0257,0.0078
23.9250,60.0257,0.0074
23.9750,60.0257,0.0075
24.0250,60.0257,0.0075
24.0750,60.0257,0.0075
24.1250,60.0257,0.0072
24.1750,60.0257,0.0076
24.2250,60.0257,0.0076
24.2750,60.0257,0.0076
24.3250,60.0257,0.0074
24.3750,60.0257,0.0074
24.4250,60.0257,0.0073
24.4750,60.0257,0.0071
24.5250,60.0257,0.0071
24.5750,60.0257,0.0071
24.6250,60.0257,0.0068
26.9750,60.0257,0.0000
27.0250,60.0257,0.0000
27.7750,60.0257,0.0283
27.8250,60.0257,0.0282
27.8750,60.0257,0.0279
27.9250,60.0257,0.0274
27.9750,60.0257,0.0266
28.0250,60.0257,0.0259
28.0750,60.0257,0.0246
28.3250,60.0257,0.0155
28.3750,60.0257,0.0155
28.4250,60.0257,0.0155
29.2250,60.0257,0.0098
29.5750,60.0257,0.0077
29.6250,60.0257,0.0068
29.6750,60.0257,0.0068
29.7250,60.0257,0.0068
29.7750,60.0257,0.0068
29.8250,60.0257,0.0068
29.9250,60.0257,0.0056
29.9750,60.0257,0.0055
30.0250,60.0257,0.0055
30.0750,60.0257,0.0055
30.1250,60.0257,0.0051
30.1750,60.0257,0.0051
30.2250,60.0257,0.0000
30.2750,60.0257,0.0000
30.3250,60.0257,0.0000
30.3750,60.0257,0.0000
30.4250,60.0257,0.0000
30.4750,60.0257,0.0000
30.5250,60.0257,0.0000
30.5750,60.0257,0.0000
30.6250,60.0257,0.0000
30.6750,60.0257,0.0000
30.7250,60.0257,0.0000
30.7750,60.0257,0.0000
30.8250,60.0257,0.0000
30.8750,60.0257,0.0000
30.9250,60.0257,0.0000
30.9750,60.0257,0.0000
31.0250,60.0257,0.0000
31.0750,60.0257,0.0000
31.1250,60.0257,0.0000
31.1750,60.0257,0.0000
31.2250,60.0257,0.0000
31.2750,60.0257,0.0000
31.3250,60.0257,0.0000
31.3750,60.0257,0.0000
31.4250,60.0257,0.0000
31.4750,60.0257,0.0000
31.5250,60.0257,0.0000
31.5750,60.0257,0.0000
20.5250,59.9757,0.0135
20.5750,59.9757,0.0123
20.6250,59.9757,0.0123
20.6750,59.9757,0.0123
20.7250,59.9757,0.0123
20.7750,59.9757,0.0123
20.8250,59.9757,0.0123
20.8750,59.9757,0.0123
20.9250,59.9757,0.0117
20.9750,59.9757,0.0117
21.0250,59.9757,0.0117
21.0750,59.9757,0.0117
21.1250,59.9757,0.0117
21.1750,59.9757,0.0117
21.2250,59.9757,0.0095
21.2750,59.9757,0.0093
21.3250,59.9757,0.0093
21.3750,59.9757,0.0092
21.4250,59.9757,0.0091
21.4750,59.9757,0.0092
21.5250,59.9757,0.0092
21.5750,59.9757,0.0091
21.6250,59.9757,0.0090
21.6750,59.9757,0.0090
21.7250,59.9757,0.0090
21.7750,59.9757,0.0094
21.8250,59.9757,0.0094
21.8750,59.9757,0.0094
21.9250,59.9757,0.0094
21.9750,59.9757,0.0094
22.0250,59.9757,0.0097
22.0750,59.9757,0.0099
22.1250,59.9757,0.0099
22.1750,59.9757,0.0090
22.2250,59.9757,0.0089
22.2750,59.9757,0.0089
22.3250,59.9757,0.0089
22.3750,59.9757,0.0089
22.4250,59.9757,0.0089
22.4750,59.9757,0.0089
22.5250,59.9757,0.0085
22.5750,59.9757,0.0085
22.6250,59.9757,0.0085
22.6750,59.9757,0.0083
22.7250,59.9757,0.0083
22.7750,59.9757,0.0080
22.8250,59.9757,0.0085
22.8750,59.9757,0.0085
22.9250,59.9757,0.0083
22.9750,59.9757,0.0083
23.0250,59.9757,0.0083
23.0750,59.9757,0.0083
23.1250,59.9757,0.0083
23.1750,59.9757,0.0080
23.2250,59.9757,0.0083
23.2750,59.9757,0.0081
23.3250,59.9757,0.0083
23.3750,59.9757,0.0081
23.4250,59.9757,0.0081
23.4750,59.9757,0.0082
23.5250,59.9757,0.0079
23.5750,59.9757,0.0082
23.6250,59.9757,0.0080
23.6750,59.9757,0.0082
23.7250,59.9757,0.0080
23.7750,59.9757,0.0077
23.8250,59.9757,0.0078
23.8750,59.9757,0.0081
23.9250,59.9757,0.0081
23.9750,59.9757,0.0081
24.0250,59.9757,0.0081
24.0750,59.9757,0.0076
24.1250,59.9757,0.0076
24.1750,59.9757,0.0076
24.2250,59.9757,0.0076
24.3250,59.9757,0.0074
24.3750,59.9757,0.0074
24.4250,59.9757,0.0074
24.4750,59.9757,0.0071
24.5250,59.9757,0.0071
24.5750,59.9757,0.0071
24.6250,59.9757,0.0070
26.6750,59.9757,0.0066
26.8750,59.9757,0.0026
27.8250,59.9757,0.0286
27.8750,59.9757,0.0284
27.9250,59.9757,0.0279
29.0750,59.9757,0.0104
29.1250,59.9757,0.0104
29.1750,59.9757,0.0098
29.2250,59.9757,0.0098
29.2750,59.9757,0.0092
29.3250,59.9757,0.0088
29.3750,59.9757,0.0085
29.4250,59.9757,0.0082
29.4750,59.9757,0.0081
29.5250,59.9757,0.0077
29.5750,59.9757,0.0077
29.6250,59.9757,0.0073
29.6750,59.9757,0.0068
29.7250,59.9757,0.0068
29.7750,59.9757,0.0068
29.8250,59.9757,0.0064
29.8750,59.9757,0.0063
29.9250,59.9757,0.0061
30.0750,59.9757,0.0055
30.1250,59.9757,0.0051
30.1750,59.9757,0.0050
30.2250,59.9757,0.0000
30.2750,59.9757,0.0000
30.3250,59.9757,0.0000
30.3750,59.9757,0.0000
30.4250,59.9757,0.0000
30.4750,59.9757,0.0000
30.5250,59.9757,0.0000
30.5750,59.9757,0.0000
30.6250,59.9757,0.0000
30.6750,59.9757,0.0000
30.7250,59.9757,0.0000
30.7750,59.9757,0.0000
30.8250,59.9757,0.0000
30.8750,59.9757,0.0000
30.9250,59.9757,0.0000
30.9750,59.9757,0.0000
31.0250,59.9757,0.0000
31.0750,59.9757,0.0000
31.1250,59.9757,0.0000
31.1750,59.9757,0.0000
31.2250,59.9757,0.0000
31.2750,59.9757,0.0000
31.3250,59.9757,0.0000
31.3750,59.9757,0.0000
31.4250,59.9757,0.0000
31.4750,59.9757,0.0000
31.5250,59.9757,0.0000
31.5750,59.9757,0.0000
20.5250,59.9257,0.0135
20.5750,59.9257,0.0132
20.6250,59.9257,0.0123
20.7750,59.9257,0.0123
20.8250,59.9257,0.0123
20.8750,59.9257,0.0123
20.9250,59.9257,0.0117
20.9750,59.9257,0.0117
21.0250,59.9257,0.0117
21.0750,59.9257,0.0117
21.1250,59.9257,0.0117
21.1750,59.9257,0.0117
21.2250,59.9257,0.0114
21.2750,59.9257,0.0093
21.3250,59.9257,0.0093
21.3750,59.9257,0.0092
21.4750,59.9257,0.0092
21.5250,59.9257,0.0091
21.5750,59.9257,0.0091
21.6250,59.9257,0.0090
21.6750,59.9257,0.0090
21.7250,59.9257,0.0093
21.7750,59.9257,0.0094
21.8250,59.9257,0.0094
21.8750,59.9257,0.0095
21.9250,59.9257,0.0099
21.9750,59.9257,0.0099
22.0250,59.9257,0.0099
22.0750,59.9257,0.0099
22.1250,59.9257,0.0099
22.1750,59.9257,0.0099
22.2250,59.9257,0.0089
22.2750,59.9257,0.0089
22.3250,59.9257,0.0089
22.3750,59.9257,0.0089
22.4250,59.9257,0.0089
22.4750,59.9257,0.0089
22.5250,59.9257,0.0092
22.5750,59.9257,0.0085
22.6250,59.9257,0.0085
22.6750,59.9257,0.0085
22.7250,59.9257,0.0083
22.7750,59.9257,0.0085
22.8750,59.9257,0.0085
22.9250,59.9257,0.0085
22.9750,59.9257,0.0085
23.0250,59.9257,0.0085
23.0750,59.9257,0.0084
23.1250,59.9257,0.0083
23.1750,59.9257,0.0083
23.2250,59.9257,0.0083
23.2750,59.9257,0.0084
23.3250,59.9257,0.0084
23.3750,59.9257,0.0084
23.4250,59.9257,0.0084
23.4750,59.9257,0.0085
23.5250,59.9257,0.0085
23.5750,59.9257,0.0082
23.6250,59.9257,0.0082
23.6750,59.9257,0.0082
23.7250,59.9257,0.0080
23.7750,59.9257,0.0080
23.8250,59.9257,0.0081
23.8750,59.9257,0.0081
23.9250,59.9257,0.0081
23.9750,59.9257,0.0081
24.0250,59.9257,0.0081
24.0750,59.9257,0.0081
24.2750,59.9257,0.0076
24.3250,59.9257,0.0074
24.3750,59.9257,0.0074
24.4250,59.9257,0.0074
24.4750,59.9257,0.0072
26.8750,59.9257,0.0093
28.9750,59.9257,0.0110
29.0250,59.9257,0.0110
29.0750,59.9257,0.0105
29.1250,59.9257,0.0104
29.1750,59.9257,0.0098
29.2250,59.9257,0.0098
29.2750,59.9257,0.0092
29.3250,59.9257,0.0092
29.3750,59.9257,0.0085
29.4250,59.9257,0.0084
29.4750,59.9257,0.0081
29.5250,59.9257,0.0077
29.5750,59.9257,0.0077
29.6250,59.9257,0.0073
29.6750,59.9257,0.0073
29.7250,59.9257,0.0067
29.7750,59.9257,0.0067
29.8250,59.9257,0.0064
29.8750,59.9257,0.0064
29.9250,59.9257,0.0060
29.9750,59.9257,0.0060
30.0250,59.9257,0.0057
30.0750,59.9257,0.0057
30.1250,59.9257,0.0016
30.1750,59.9257,0.0000
30.2250,59.9257,0.0000
30.2750,59.9257,0.0000
30.3250,59.9257,0.0000
30.3750,59.9257,0.0000
30.4250,59.9257,0.0000
30.4750,59.9257,0.0000
30.5250,59.9257,0.0000
30.5750,59.9257,0.0000
30.6250,59.9257,0.0000
30.6750,59.9257,0.0000
30.7250,59.9257,0.0000
30.7750,59.9257,0.0000
30.8250,59.9257,0.0000
30.8750,59.9257,0.0000
30.9250,59.9257,0.0000
30.9750,59.9257,0.0000
31.0250,59.9257,0.0000
31.0750,59.9257,0.0000
31.1250,59.9257,0.0000
31.1750,59.9257,0.0000
31.2250,59.9257,0.0000
31.2750,59.9257,0.0000
31.3250,59.9257,0.0000
31.3750,59.9257,0.0000
31.4250,59.9257,0.0000
31.4750,59.9257,0.0000
31.5250,59.9257,0.0000
31.5750,59.9257,0.0000
20.5250,59.8757,0.0135
20.5750,59.8757,0.0134
20.6250,59.8757,0.0123
20.6750,59.8757,0.0123
20.7250,59.8757,0.0123
20.8750,59.8757,0.0123
20.9250,59.8757,0.0123
20.9750,59.8757,0.0117
21.0250,59.8757,0.0117
21.0750,59.8757,0.0117
21.1250,59.8757,0.0117
21.1750,59.8757,0.0117
21.2250,59.8757,0.0117
21.2750,59.8757,0.0103
21.3250,59.8757,0.0093
21.3750,59.8757,0.0092
21.5750,59.8757,0.0091
21.6250,59.8757,0.0090
21.6750,59.8757,0.0091
21.7250,59.8757,0.0096
21.7750,59.8757,0.0097
21.8250,59.8757,0.0099
21.8750,59.8757,0.0099
21.9250,59.8757,0.0099
21.9750,59.8757,0.0099
22.0250,59.8757,0.0099
22.0750,59.8757,0.0099
22.1250,59.8757,0.0099
22.1750,59.8757,0.0099
22.2250,59.8757,0.0099
22.2750,59.8757,0.0089
22.3250,59.8757,0.0091
22.3750,59.8757,0.0096
22.4250,59.8757,0.0096
22.4750,59.8757,0.0093
22.5250,59.8757,0.0093
22.5750,59.8757,0.0092
22.6250,59.8757,0.0085
22.6750,59.8757,0.0085
22.7250,59.8757,0.0084
22.7750,59.8757,0.0085
22.8250,59.8757,0.0085
22.8750,59.8757,0.0085
22.9250,59.8757,0.0094
22.9750,59.8757,0.0094
23.0250,59.8757,0.0087
23.0750,59.8757,0.0090
23.1250,59.8757,0.0090
23.1750,59.8757,0.0091
23.2250,59.8757,0.0091
23.2750,59.8757,0.0084
23.3250,59.8757,0.0084
23.3750,59.8757,0.0087
23.4250,59.8757,0.0088
23.4750,59.8757,0.0088
23.5250,59.8757,0.0085
23.5750,59.8757,0.0082
23.6250,59.8757,0.0082
23.6750,59.8757,0.0082
23.7250,59.8757,0.0082
23.7750,59.8757,0.0080
27.1750,59.8757,0.0085
27.2250,59.8757,0.0085
28.5250,59.8757,0.0169
28.5750,59.8757,0.0169
29.0250,59.8757,0.0111
29.0750,59.8757,0.0111
29.1250,59.8757,0.0105
29.1750,59.8757,0.0104
29.2250,59.8757,0.0099
29.2750,59.8757,0.0093
29.3250,59.8757,0.0093
29.3750,59.8757,0.0085
29.4250,59.8757,0.0086
29.4750,59.8757,0.0081
29.5250,59.8757,0.0081
29.5750,59.8757,0.0077
29.6250,59.8757,0.0073
29.6750,59.8757,0.0073
29.7250,59.8757,0.0067
29.7750,59.8757,0.0067
29.8250,59.8757,0.0064
29.8750,59.8757,0.0064
29.9250,59.8757,0.0060
29.9750,59.8757,0.0060
30.0250,59.8757,0.0057
30.0750,59.8757,0.0057
30.1250,59.8757,0.0053
30.1750,59.8757,0.0000
30.2250,59.8757,0.0000
30.2750,59.8757,0.0000
30.3250,59.8757,0.0000
30.3750,59.8757,0.0000
30.4250,59.8757,0.0000
30.4750,59.8757,0.0000
30.5250,59.8757,0.0000
30.5750,59.8757,0.0000
30.6250,59.8757,0.0000
30.6750,59.8757,0.0000
30.7250,59.8757,0.0000
30.7750,59.8757,0.0000
30.8250,59.8757,0.0000
30.8750,59.8757,0.0000
30.9250,59.8757,0.0000
30.9750,59.8757,0.0000
31.0250,59.8757,0.0000
31.0750,59.8757,0.0000
31.1250,59.8757,0.0000
31.1750,59.8757,0.0000
31.2250,59.8757,0.0000
31.2750,59.8757,0.0000
31.3250,59.8757,0.0000
31.3750,59.8757,0.0000
31.4250,59.8757,0.0000
31.4750,59.8757,0.0000
31.5250,59.8757,0.0000
31.5750,59.8757,0.0000
20.5250,59.8257,0.0135
20.5750,59.8257,0.0135
20.6250,59.8257,0.0127
20.9250,59.8257,0.0123
20.9750,59.8257,0.0118
21.0250,59.8257,0.0117
21.0750,59.8257,0.0117
21.1250,59.8257,0.0117
21.1750,59.8257,0.0117
21.2250,59.8257,0.0117
21.2750,59.8257,0.0114
21.3250,59.8257,0.0095
21.3750,59.8257,0.0092
21.4250,59.8257,0.0091
21.4750,59.8257,0.0091
21.5250,59.8257,0.0091
21.5750,59.8257,0.0091
21.6250,59.8257,0.0091
21.6750,59.8257,0.0096
21.7250,59.8257,0.0098
21.7750,59.8257,0.0099
21.8250,59.8257,0.0099
21.8750,59.8257,0.0099
21.9250,59.8257,0.0099
21.9750,59.8257,0.0099
22.0250,59.8257,0.0099
22.0750,59.8257,0.0099
22.1250,59.8257,0.0099
22.1750,59.8257,0.0099
22.2250,59.8257,0.0099
22.2750,59.8257,0.0092
22.3250,59.8257,0.0096
22.3750,59.8257,0.0096
22.4250,59.8257,0.0096
22.4750,59.8257,0.0096
22.5250,59.8257,0.0093
22.6250,59.8257,0.0089
22.7250,59.8257,0.0085
22.7750,59.8257,0.0087
22.8250,59.8257,0.0093
22.8750,59.8257,0.0094
22.9250,59.8257,0.0094
22.9750,59.8257,0.0094
23.0250,59.8257,0.0093
23.0750,59.8257,0.0090
23.1250,59.8257,0.0090
23.1750,59.8257,0.0091
23.2250,59.8257,0.0091
23.2750,59.8257,0.0091
23.3250,59.8257,0.0085
23.3750,59.8257,0.0088
23.4250,59.8257,0.0088
23.4750,59.8257,0.0088
23.5250,59.8257,0.0085
23.5750,59.8257,0.0084
23.6250,59.8257,0.0082
26.3750,59.8257,0.0099
26.8750,59.8257,0.0094
26.9250,59.8257,0.0095
26.9750,59.8257,0.0094
27.1750,59.8257,0.0085
27.2250,59.8257,0.0085
28.0750,59.8257,0.0253
28.4250,59.8257,0.0184
28.4750,59.8257,0.0184
28.5250,59.8257,0.0169
28.5750,59.8257,0.0173
28.6250,59.8257,0.0160
28.6750,59.8257,0.0160
28.7750,59.8257,0.0157
28.8250,59.8257,0.0144
28.8750,59.8257,0.0134
28.9250,59.8257,0.0133
28.9750,59.8257,0.0123
29.0250,59.8257,0.0112
29.0750,59.8257,0.0114
29.1250,59.8257,0.0106
29.1750,59.8257,0.0106
29.2250,59.8257,0.0100
29.2750,59.8257,0.0100
29.3250,59.8257,0.0094
29.3750,59.8257,0.0087
29.4250,59.8257,0.0086
29.4750,59.8257,0.0082
29.5250,59.8257,0.0082
29.5750,59.8257,0.0078
29.6250,59.8257,0.0078
29.6750,59.8257,0.0073
29.7250,59.8257,0.0069
29.7750,59.8257,0.0067
29.8250,59.8257,0.0063
29.8750,59.8257,0.0063
29.9250,59.8257,0.0060
29.9750,59.8257,0.0060
30.0250,59.8257,0.0057
30.0750,59.8257,0.0056
30.1250,59.8257,0.0053
30.1750,59.8257,0.0000
30.2250,59.8257,0.0000
30.2750,59.8257,0.0000
30.3250,59.8257,0.0000
30.3750,59.8257,0.0000
30.4250,59.8257,0.0000
30.4750,59.8257,0.0000
30.5250,59.8257,0.0000
30.5750,59.8257,0.0000
30.6250,59.8257,0.0000
30.6750,59.8257,0.0000
30.7250,59.8257,0.0000
30.7750,59.8257,0.0000
30.8250,59.8257,0.0000
30.8750,59.8257,0.0000
30.9250,59.8257,0.0000
30.9750,59.8257,0.0000
31.0250,59.8257,0.0000
31.0750,59.8257,0.0000
31.1250,59.8257,0.0000
31.1750,59.8257,0.0000
31.2250,59.8257,0.0000
31.2750,59.8257,0.0000
31.3250,59.8257,0.0000
31.3750,59.8257,0.0000
31.4250,59.8257,0.0000
31.4750,59.8257,0.0000
31.5250,59.8257,0.0000
31.5750,59.8257,0.0000
20.9750,59.7757,0.0120
21.0250,59.7757,0.0118
21.0750,59.7757,0.0117
21.1250,59.7757,0.0117
21.1750,59.7757,0.0117
21.3250,59.7757,0.0103
21.3750,59.7757,0.0092
21.4250,59.7757,0.0091
21.4750,59.7757,0.0091
21.5250,59.7757,0.0091
21.5750,59.7757,0.0091
21.6250,59.7757,0.0095
21.6750,59.7757,0.0098
21.7750,59.7757,0.0099
21.8250,59.7757,0.0099
21.8750,59.7757,0.0099
21.9250,59.7757,0.0099
22.0250,59.7757,0.0099
22.0750,59.7757,0.0099
22.1250,59.7757,0.0099
22.1750,59.7757,0.0099
22.2250,59.7757,0.0099
22.3250,59.7757,0.0096
22.3750,59.7757,0.0096
22.4250,59.7757,0.0096
22.4750,59.7757,0.0096
22.5250,59.7757,0.0093
22.6750,59.7757,0.0087
22.7250,59.7757,0.0088
22.8250,59.7757,0.0094
22.8750,59.7757,0.0094
22.9250,59.7757,0.0094
22.9750,59.7757,0.0094
23.3750,59.7757,0.0088
23.4250,59.7757,0.0088
28.0250,59.7757,0.0292
28.0750,59.7757,0.0256
28.1250,59.7757,0.0253
28.1750,59.7757,0.0253
28.2250,59.7757,0.0265
28.4250,59.7757,0.0184
28.4750,59.7757,0.0194
28.5250,59.7757,0.0177
28.5750,59.7757,0.0177
28.6250,59.7757,0.0167
28.6750,59.7757,0.0167
28.7250,59.7757,0.0157
28.7750,59.7757,0.0157
28.8250,59.7757,0.0145
28.8750,59.7757,0.0134
28.9250,59.7757,0.0134
28.9750,59.7757,0.0126
29.0250,59.7757,0.0126
29.0750,59.7757,0.0114
29.1250,59.7757,0.0112
29.1750,59.7757,0.0107
29.2250,59.7757,0.0102
29.2750,59.7757,0.0102
29.3250,59.7757,0.0095
29.3750,59.7757,0.0095
29.4250,59.7757,0.0087
29.4750,59.7757,0.0085
29.5250,59.7757,0.0082
29.5750,59.7757,0.0078
29.6250,59.7757,0.0078
29.6750,59.7757,0.0073
29.7250,59.7757,0.0073
29.7750,59.7757,0.0067
29.8250,59.7757,0.0067
29.8750,59.7757,0.0063
29.9250,59.7757,0.0060
29.9750,59.7757,0.0060
30.0250,59.7757,0.0057
30.0750,59.7757,0.0057
30.1250,59.7757,0.0053
30.1750,59.7757,0.0053
30.2250,59.7757,0.0000
30.2750,59.7757,0.0000
30.3250,59.7757,0.0000
30.3750,59.7757,0.0000
30.4250,59.7757,0.0000
30.4750,59.7757,0.0000
30.5250,59.7757,0.0000
30.5750,59.7757,0.0000
30.6250,59.7757,0.0000
30.6750,59.7757,0.0000
30.7250,59.7757,0.0000
30.7750,59.7757,0.0000
30.8250,59.7757,0.0000
30.8750,59.7757,0.0000
30.9250,59.7757,0.0000
30.9750,59.7757,0.0000
31.0250,59.7757,0.0000
31.0750,59.7757,0.0000
31.1250,59.7757,0.0000
31.1750,59.7757,0.0000
31.2250,59.7757,0.0000
31.2750,59.7757,0.0000
31.3250,59.7757,0.0000
31.3750,59.7757,0.0000
31.4250,59.7757,0.0000
31.4750,59.7757,0.0000
31.5250,59.7757,0.0000
31.5750,59.7757,0.0000
21.4250,59.7257,0.0091
21.5750,59.7257,0.0093
22.0750,59.7257,0.0099
22.3750,59.7257,0.0096
22.4250,59.7257,0.0096
22.4750,59.7257,0.0096
22.5250,59.7257,0.0094
25.0250,59.7257,0.0106
28.0250,59.7257,0.0292
28.0750,59.7257,0.0292
28.1250,59.7257,0.0253
28.1750,59.7257,0.0281
28.2250,59.7257,0.0266
28.4250,59.7257,0.0195
28.4750,59.7257,0.0194
28.5250,59.7257,0.0209
28.5750,59.7257,0.0184
28.6250,59.7257,0.0175
28.6750,59.7257,0.0175
28.7250,59.7257,0.0157
28.7750,59.7257,0.0164
28.8250,59.7257,0.0145
28.8750,59.7257,0.0148
28.9250,59.7257,0.0137
28.9750,59.7257,0.0128
29.0250,59.7257,0.0129
29.0750,59.7257,0.0117
29.1250,59.7257,0.0120
29.1750,59.7257,0.0109
29.2250,59.7257,0.0109
29.2750,59.7257,0.0103
29.3250,59.7257,0.0096
29.3750,59.7257,0.0097
29.4250,59.7257,0.0088
29.4750,59.7257,0.0088
29.5250,59.7257,0.0083
29.5750,59.7257,0.0083
29.6250,59.7257,0.0078
29.6750,59.7257,0.0073
29.7250,59.7257,0.0073
29.7750,59.7257,0.0068
29.8250,59.7257,0.0068
29.8750,59.7257,0.0064
29.9250,59.7257,0.0064
29.9750,59.7257,0.0060
30.0250,59.7257,0.0057
30.0750,59.7257,0.0057
30.1250,59.7257,0.0053
30.1750,59.7257,0.0053
30.2250,59.7257,0.0000
30.2750,59.7257,0.0000
30.3250,59.7257,0.0000
30.3750,59.7257,0.0000
30.4250,59.7257,0.0000
30.4750,59.7257,0.0000
30.5250,59.7257,0.0000
30.5750,59.7257,0.0000
30.6250,59.7257,0.0000
30.6750,59.7257,0.0000
30.7250,59.7257,0.0000
30.7750,59.7257,0.0000
30.8250,59.7257,0.0000
30.8750,59.7257,0.0000
30.9250,59.7257,0.0000
30.9750,59.7257,0.0000
31.0250,59.7257,0.0000
31.0750,59.7257,0.0000
31.1250,59.7257,0.0000
31.1750,59.7257,0.0000
31.2250,59.7257,0.0000
31.2750,59.7257,0.0000
31.3250,59.7257,0.0000
31.3750,59.7257,0.0000
31.4250,59.7257,0.0000
31.4750,59.7257,0.0000
31.5250,59.7257,0.0000
31.5750,59.7257,0.0000
