lon,lat,pga_g
22.0950,58.0650,0.0247
22.1450,58.0650,0.0247
22.1950,58.0650,0.0247
22.2450,58.0650,0.0244
22.2950,58.0650,0.0244
23.9450,58.0650,0.0180
24.4450,58.0650,0.0178
24.4950,58.0650,0.0178
24.5450,58.0650,0.0178
24.5950,58.0650,0.0178
24.6450,58.0650,0.0177
24.6950,58.0650,0.0177
24.7450,58.0650,0.0175
24.7950,58.0650,0.0175
24.8450,58.0650,0.0175
24.8950,58.0650,0.0174
24.9450,58.0650,0.0174
24.9950,58.0650,0.0173
25.0450,58.0650,0.0173
25.0950,58.0650,0.0172
25.1450,58.0650,0.0173
25.1950,58.0650,0.0172
25.2450,58.0650,0.0172
25.2950,58.0650,0.0172
25.3450,58.0650,0.0172
25.3950,58.0650,0.0171
25.4450,58.0650,0.0170
25.4950,58.0650,0.0170
25.5450,58.0650,0.0169
25.5950,58.0650,0.0170
25.6450,58.0650,0.0169
25.6950,58.0650,0.0169
25.7450,58.0650,0.0168
25.7950,58.0650,0.0167
25.8450,58.0650,0.0167
25.8950,58.0650,0.0166
25.9450,58.0650,0.0166
25.9950,58.0650,0.0165
26.0450,58.0650,0.0164
26.0950,58.0650,0.0164
26.1450,58.0650,0.0164
26.1950,58.0650,0.0163
26.2450,58.0650,0.0163
26.2950,58.0650,0.0161
26.3450,58.0650,0.0161
26.3950,58.0650,0.0160
26.4450,58.0650,0.0159
26.4950,58.0650,0.0159
26.5450,58.0650,0.0157
26.5950,58.0650,0.0157
26.6450,58.0650,0.0156
26.6950,58.0650,0.0153
26.7450,58.0650,0.0153
26.7950,58.0650,0.0152
26.8450,58.0650,0.0151
26.8950,58.0650,0.0149
26.9450,58.0650,0.0146
26.9950,58.0650,0.0146
27.0450,58.0650,0.0144
27.0950,58.0650,0.0159
27.1450,58.0650,0.0186
27.1950,58.0650,0.0187
27.2450,58.0650,0.0187
27.2950,58.0650,0.0187
27.3450,58.0650,0.0198
27.3950,58.0650,0.0186
27.4450,58.0650,0.0200
27.4950,58.0650,0.0200
27.5450,58.0650,0.0192
27.5950,58.0650,0.0201
27.6450,58.0650,0.0188
27.6950,58.0650,0.0193
27.7450,58.0650,0.0179
27.7950,58.0650,0.0182
27.8450,58.0650,0.0171
27.8950,58.0650,0.0171
27.9450,58.0650,0.0172
27.9950,58.0650,0.0158
28.0450,58.0650,0.0159
28.0950,58.0650,0.0183
28.1450,58.0650,0.0183
28.1950,58.0650,0.0169
22.0450,58.0150,0.0253
22.0950,58.0150,0.0253
22.1450,58.0150,0.0249
22.1950,58.0150,0.0249
22.2450,58.0150,0.0249
24.3950,58.0150,0.0180
24.4450,58.0150,0.0180
24.4950,58.0150,0.0178
24.5450,58.0150,0.0178
24.5950,58.0150,0.0178
24.6450,58.0150,0.0177
24.6950,58.0150,0.0177
24.7450,58.0150,0.0176
24.7950,58.0150,0.0176
24.8450,58.0150,0.0175
24.8950,58.0150,0.0175
24.9450,58.0150,0.0174
24.9950,58.0150,0.0174
25.0450,58.0150,0.0173
25.0950,58.0150,0.0173
25.1450,58.0150,0.0173
25.1950,58.0150,0.0173
25.2450,58.0150,0.0173
25.2950,58.0150,0.0172
25.3450,58.0150,0.0172
25.3950,58.0150,0.0171
25.4450,58.0150,0.0171
25.4950,58.0150,0.0171
25.5450,58.0150,0.0171
25.5950,58.0150,0.0170
25.6450,58.0150,0.0169
25.6950,58.0150,0.0169
25.7450,58.0150,0.0168
25.7950,58.0150,0.0168
25.8450,58.0150,0.0167
25.8950,58.0150,0.0166
25.9450,58.0150,0.0166
25.9950,58.0150,0.0165
26.0450,58.0150,0.0165
26.0950,58.0150,0.0165
26.1450,58.0150,0.0164
26.1950,58.0150,0.0164
26.2450,58.0150,0.0163
26.2950,58.0150,0.0162
26.3450,58.0150,0.0162
26.3950,58.0150,0.0160
26.4450,58.0150,0.0160
26.4950,58.0150,0.0159
26.5450,58.0150,0.0157
26.5950,58.0150,0.0157
26.6450,58.0150,0.0155
26.6950,58.0150,0.0155
26.7450,58.0150,0.0153
26.7950,58.0150,0.0151
26.8450,58.0150,0.0151
26.8950,58.0150,0.0149
26.9450,58.0150,0.0149
26.9950,58.0150,0.0146
27.0450,58.0150,0.0144
27.0950,58.0150,0.0144
27.1450,58.0150,0.0177
27.1950,58.0150,0.0176
27.2450,58.0150,0.0178
27.2950,58.0150,0.0176
27.3450,58.0150,0.0176
27.3950,58.0150,0.0186
27.4450,58.0150,0.0182
27.4950,58.0150,0.0182
27.5450,58.0150,0.0180
27.5950,58.0150,0.0180
27.6450,58.0150,0.0176
27.6950,58.0150,0.0179
27.7450,58.0150,0.0179
27.7950,58.0150,0.0169
27.8450,58.0150,0.0169
27.8950,58.0150,0.0157
27.9450,58.0150,0.0158
27.9950,58.0150,0.0145
28.0450,58.0150,0.0144
28.0950,58.0150,0.0144
28.1450,58.0150,0.0135
28.1950,58.0150,0.0168
21.9950,57.9650,0.0256
22.0450,57.9650,0.0256
22.0950,57.9650,0.0253
22.1450,57.9650,0.0252
22.1950,57.9650,0.0252
22.2450,57.9650,0.0252
24.3450,57.9650,0.0180
24.3950,57.9650,0.0180
24.4450,57.9650,0.0180
24.4950,57.9650,0.0179
24.5450,57.9650,0.0179
24.5950,57.9650,0.0178
24.6450,57.9650,0.0178
24.6950,57.9650,0.0177
24.7450,57.9650,0.0176
24.7950,57.9650,0.0176
24.8450,57.9650,0.0176
24.8950,57.9650,0.0176
24.9450,57.9650,0.0175
24.9950,57.9650,0.0175
25.0450,57.9650,0.0174
25.0950,57.9650,0.0174
25.1450,57.9650,0.0173
25.1950,57.9650,0.0173
25.2450,57.9650,0.0173
25.2950,57.9650,0.0172
25.3450,57.9650,0.0172
25.3950,57.9650,0.0171
25.4450,57.9650,0.0172
25.4950,57.9650,0.0171
25.5450,57.9650,0.0171
25.5950,57.9650,0.0170
25.6450,57.9650,0.0170
25.6950,57.9650,0.0169
25.7450,57.9650,0.0168
25.7950,57.9650,0.0168
25.8450,57.9650,0.0167
25.8950,57.9650,0.0168
25.9450,57.9650,0.0166
25.9950,57.9650,0.0165
26.0450,57.9650,0.0165
26.0950,57.9650,0.0165
26.1450,57.9650,0.0165
26.1950,57.9650,0.0164
26.2450,57.9650,0.0163
26.2950,57.9650,0.0163
26.3450,57.9650,0.0162
26.3950,57.9650,0.0162
26.4450,57.9650,0.0160
26.4950,57.9650,0.0159
26.5450,57.9650,0.0159
26.5950,57.9650,0.0157
26.6450,57.9650,0.0156
26.6950,57.9650,0.0156
26.7450,57.9650,0.0153
26.7950,57.9650,0.0154
26.8450,57.9650,0.0151
26.8950,57.9650,0.0148
26.9450,57.9650,0.0148
26.9950,57.9650,0.0146
27.0450,57.9650,0.0146
27.0950,57.9650,0.0144
27.1450,57.9650,0.0168
27.1950,57.9650,0.0168
27.2450,57.9650,0.0169
27.2950,57.9650,0.0169
27.3450,57.9650,0.0168
27.3950,57.9650,0.0175
27.4450,57.9650,0.0168
27.4950,57.9650,0.0173
27.5450,57.9650,0.0173
27.5950,57.9650,0.0170
27.6450,57.9650,0.0176
27.6950,57.9650,0.0164
27.7450,57.9650,0.0166
27.7950,57.9650,0.0155
27.8450,57.9650,0.0155
27.8950,57.9650,0.0145
27.9450,57.9650,0.0144
27.9950,57.9650,0.0144
28.0450,57.9650,0.0136
28.0950,57.9650,0.0136
28.1450,57.9650,0.0126
28.1950,57.9650,0.0126
21.9950,57.9150,0.0256
22.0450,57.9150,0.0256
22.0950,57.9150,0.0255
22.1450,57.9150,0.0255
24.3450,57.9150,0.0182
24.3950,57.9150,0.0181
24.4450,57.9150,0.0181
24.4950,57.9150,0.0179
24.5450,57.9150,0.0179
24.5950,57.9150,0.0178
24.6450,57.9150,0.0178
24.6950,57.9150,0.0178
24.7450,57.9150,0.0178
24.7950,57.9150,0.0177
24.8450,57.9150,0.0177
24.8950,57.9150,0.0176
24.9450,57.9150,0.0175
24.9950,57.9150,0.0175
25.0450,57.9150,0.0174
25.0950,57.9150,0.0174
25.1450,57.9150,0.0174
25.1950,57.9150,0.0174
25.2450,57.9150,0.0173
25.2950,57.9150,0.0173
25.3450,57.9150,0.0172
25.3950,57.9150,0.0172
25.4450,57.9150,0.0172
25.4950,57.9150,0.0171
25.5450,57.9150,0.0171
25.5950,57.9150,0.0170
25.6450,57.9150,0.0170
25.6950,57.9150,0.0169
25.7450,57.9150,0.0169
25.7950,57.9150,0.0168
25.8450,57.9150,0.0168
25.8950,57.9150,0.0168
25.9450,57.9150,0.0167
25.9950,57.9150,0.0167
26.0450,57.9150,0.0166
26.0950,57.9150,0.0165
26.1450,57.9150,0.0165
26.1950,57.9150,0.0164
26.2450,57.9150,0.0164
26.2950,57.9150,0.0163
26.3450,57.9150,0.0162
26.3950,57.9150,0.0162
26.4450,57.9150,0.0161
26.4950,57.9150,0.0161
26.5450,57.9150,0.0159
26.5950,57.9150,0.0158
26.6450,57.9150,0.0158
26.6950,57.9150,0.0156
26.7450,57.9150,0.0155
26.7950,57.9150,0.0153
26.8450,57.9150,0.0151
26.8950,57.9150,0.0151
26.9450,57.9150,0.0148
26.9950,57.9150,0.0146
27.0450,57.9150,0.0145
27.0950,57.9150,0.0144
27.1450,57.9150,0.0162
27.1950,57.9150,0.0166
27.2450,57.9150,0.0165
27.2950,57.9150,0.0165
27.3450,57.9150,0.0166
27.3950,57.9150,0.0163
27.4450,57.9150,0.0166
27.4950,57.9150,0.0162
27.5450,57.9150,0.0162
27.5950,57.9150,0.0156
27.6450,57.9150,0.0157
27.6950,57.9150,0.0159
27.7450,57.9150,0.0153
27.7950,57.9150,0.0153
27.8450,57.9150,0.0143
27.8950,57.9150,0.0143
27.9450,57.9150,0.0136
27.9950,57.9150,0.0136
28.0450,57.9150,0.0135
28.0950,57.9150,0.0127
28.1450,57.9150,0.0123
28.1950,57.9150,0.0117
22.0450,57.8650,0.0256
24.2950,57.8650,0.0182
24.3450,57.8650,0.0182
24.3950,57.8650,0.0182
24.4450,57.8650,0.0181
24.4950,57.8650,0.0181
24.5450,57.8650,0.0180
24.5950,57.8650,0.0179
24.6450,57.8650,0.0179
24.6950,57.8650,0.0178
24.7450,57.8650,0.0178
24.7950,57.8650,0.0177
24.8450,57.8650,0.0177
24.8950,57.8650,0.0176
24.9450,57.8650,0.0176
24.9950,57.8650,0.0175
25.0450,57.8650,0.0175
25.0950,57.8650,0.0175
25.1450,57.8650,0.0174
25.1950,57.8650,0.0174
25.2450,57.8650,0.0173
25.2950,57.8650,0.0173
25.3450,57.8650,0.0173
25.3950,57.8650,0.0173
25.4450,57.8650,0.0172
25.4950,57.8650,0.0172
25.5450,57.8650,0.0171
25.5950,57.8650,0.0170
25.6450,57.8650,0.0170
25.6950,57.8650,0.0169
25.7450,57.8650,0.0169
25.7950,57.8650,0.0168
25.8450,57.8650,0.0168
25.8950,57.8650,0.0168
25.9450,57.8650,0.0167
25.9950,57.8650,0.0167
26.0450,57.8650,0.0166
26.0950,57.8650,0.0166
26.1450,57.8650,0.0165
26.1950,57.8650,0.0164
26.2450,57.8650,0.0164
26.2950,57.8650,0.0163
26.3450,57.8650,0.0163
26.3950,57.8650,0.0162
26.4450,57.8650,0.0161
26.4950,57.8650,0.0160
26.5450,57.8650,0.0159
26.5950,57.8650,0.0159
26.6450,57.8650,0.0157
26.6950,57.8650,0.0155
26.7450,57.8650,0.0155
26.7950,57.8650,0.0153
26.8450,57.8650,0.0151
26.8950,57.8650,0.0151
26.9450,57.8650,0.0148
26.9950,57.8650,0.0148
27.0450,57.8650,0.0159
27.0950,57.8650,0.0162
27.1450,57.8650,0.0162
27.1950,57.8650,0.0162
27.2450,57.8650,0.0162
27.2950,57.8650,0.0160
27.3450,57.8650,0.0163
27.3950,57.8650,0.0157
27.4450,57.8650,0.0160
27.4950,57.8650,0.0160
27.5450,57.8650,0.0155
27.5950,57.8650,0.0154
27.6450,57.8650,0.0147
27.6950,57.8650,0.0149
27.7450,57.8650,0.0142
27.7950,57.8650,0.0142
27.8450,57.8650,0.0135
27.8950,57.8650,0.0135
27.9450,57.8650,0.0135
27.9950,57.8650,0.0127
28.0450,57.8650,0.0127
28.0950,57.8650,0.0117
28.1450,57.8650,0.0117
28.1950,57.8650,0.0109
23.1950,57.8150,0.0242
23.2450,57.8150,0.0241
24.2950,57.8150,0.0182
24.3450,57.8150,0.0182
24.3950,57.8150,0.0182
24.4450,57.8150,0.0181
24.4950,57.8150,0.0181
24.5450,57.8150,0.0180
24.5950,57.8150,0.0180
24.6450,57.8150,0.0179
24.6950,57.8150,0.0179
24.7450,57.8150,0.0178
24.7950,57.8150,0.0177
24.8450,57.8150,0.0177
24.8950,57.8150,0.0176
24.9450,57.8150,0.0176
24.9950,57.8150,0.0175
25.0450,57.8150,0.0175
25.0950,57.8150,0.0175
25.1450,57.8150,0.0175
25.1950,57.8150,0.0174
25.2450,57.8150,0.0173
25.2950,57.8150,0.0173
25.3450,57.8150,0.0173
25.3950,57.8150,0.0173
25.4450,57.8150,0.0172
25.4950,57.8150,0.0172
25.5450,57.8150,0.0171
25.5950,57.8150,0.0171
25.6450,57.8150,0.0170
25.6950,57.8150,0.0170
25.7450,57.8150,0.0170
25.7950,57.8150,0.0169
25.8450,57.8150,0.0169
25.8950,57.8150,0.0168
25.9450,57.8150,0.0168
25.9950,57.8150,0.0167
26.0450,57.8150,0.0167
26.0950,57.8150,0.0166
26.1450,57.8150,0.0165
26.1950,57.8150,0.0165
26.2450,57.8150,0.0164
26.2950,57.8150,0.0163
26.3450,57.8150,0.0163
26.3950,57.8150,0.0162
26.4450,57.8150,0.0162
26.4950,57.8150,0.0160
26.5450,57.8150,0.0159
26.5950,57.8150,0.0159
26.6450,57.8150,0.0157
26.6950,57.8150,0.0157
26.7450,57.8150,0.0155
26.7950,57.8150,0.0153
26.8450,57.8150,0.0153
26.8950,57.8150,0.0150
26.9450,57.8150,0.0151
26.9950,57.8150,0.0157
27.0450,57.8150,0.0159
27.0950,57.8150,0.0156
27.1450,57.8150,0.0158
27.1950,57.8150,0.0156
27.2450,57.8150,0.0156
27.2950,57.8150,0.0153
27.3450,57.8150,0.0153
27.3950,57.8150,0.0157
27.4450,57.8150,0.0153
27.4950,57.8150,0.0153
27.5450,57.8150,0.0145
27.5950,57.8150,0.0145
27.6450,57.8150,0.0140
27.6950,57.8150,0.0141
27.7450,57.8150,0.0141
27.7950,57.8150,0.0134
27.8450,57.8150,0.0134
27.8950,57.8150,0.0127
27.9450,57.8150,0.0127
27.9950,57.8150,0.0118
28.0450,57.8150,0.0118
28.0950,57.8150,0.0114
28.1450,57.8150,0.0109
28.1950,57.8150,0.0109
22.5450,57.7650,0.0252
22.5950,57.7650,0.0246
22.6450,57.7650,0.0246
23.1950,57.7650,0.0241
23.2450,57.7650,0.0240
24.2950,57.7650,0.0184
24.3450,57.7650,0.0183
24.3950,57.7650,0.0183
24.4450,57.7650,0.0182
24.4950,57.7650,0.0182
24.5450,57.7650,0.0180
24.5950,57.7650,0.0181
24.6450,57.7650,0.0179
24.6950,57.7650,0.0179
24.7450,57.7650,0.0178
24.7950,57.7650,0.0178
24.8450,57.7650,0.0177
24.8950,57.7650,0.0176
24.9450,57.7650,0.0176
24.9950,57.7650,0.0175
25.0450,57.7650,0.0176
25.0950,57.7650,0.0175
25.1450,57.7650,0.0175
25.1950,57.7650,0.0174
25.2450,57.7650,0.0174
25.2950,57.7650,0.0173
25.3450,57.7650,0.0173
25.3950,57.7650,0.0173
25.4450,57.7650,0.0172
25.4950,57.7650,0.0172
25.5450,57.7650,0.0171
25.5950,57.7650,0.0171
25.6450,57.7650,0.0170
25.6950,57.7650,0.0170
25.7450,57.7650,0.0170
25.7950,57.7650,0.0169
25.8450,57.7650,0.0169
25.8950,57.7650,0.0168
25.9450,57.7650,0.0168
25.9950,57.7650,0.0167
26.0450,57.7650,0.0167
26.0950,57.7650,0.0166
26.1450,57.7650,0.0166
26.1950,57.7650,0.0165
26.2450,57.7650,0.0164
26.2950,57.7650,0.0164
26.3450,57.7650,0.0163
26.3950,57.7650,0.0163
26.4450,57.7650,0.0161
26.4950,57.7650,0.0160
26.5450,57.7650,0.0160
26.5950,57.7650,0.0159
26.6450,57.7650,0.0156
26.6950,57.7650,0.0156
26.7450,57.7650,0.0155
26.7950,57.7650,0.0154
26.8450,57.7650,0.0153
26.8950,57.7650,0.0150
26.9450,57.7650,0.0150
26.9950,57.7650,0.0153
27.0450,57.7650,0.0153
27.0950,57.7650,0.0151
27.1450,57.7650,0.0153
27.1950,57.7650,0.0153
27.2450,57.7650,0.0150
27.2950,57.7650,0.0151
27.3450,57.7650,0.0146
27.3950,57.7650,0.0149
27.4450,57.7650,0.0143
27.4950,57.7650,0.0144
27.5450,57.7650,0.0139
27.5950,57.7650,0.0139
27.6450,57.7650,0.0140
27.6950,57.7650,0.0133
27.7450,57.7650,0.0133
27.7950,57.7650,0.0126
27.8450,57.7650,0.0126
27.8950,57.7650,0.0118
27.9450,57.7650,0.0118
27.9950,57.7650,0.0118
28.0450,57.7650,0.0110
28.0950,57.7650,0.0110
28.1450,57.7650,0.0104
28.1950,57.7650,0.0104
22.3450,57.7150,0.0260
22.3950,57.7150,0.0260
22.4450,57.7150,0.0256
22.4950,57.7150,0.0256
22.5450,57.7150,0.0252
22.5950,57.7150,0.0251
24.2950,57.7150,0.0184
24.3450,57.7150,0.0184
24.3950,57.7150,0.0183
24.4450,57.7150,0.0183
24.4950,57.7150,0.0182
24.5450,57.7150,0.0182
24.5950,57.7150,0.0181
24.6450,57.7150,0.0179
24.6950,57.7150,0.0179
24.7450,57.7150,0.0179
24.7950,57.7150,0.0179
24.8450,57.7150,0.0177
24.8950,57.7150,0.0177
24.9450,57.7150,0.0176
24.9950,57.7150,0.0176
25.0450,57.7150,0.0176
25.0950,57.7150,0.0175
25.1450,57.7150,0.0175
25.1950,57.7150,0.0174
25.2450,57.7150,0.0174
25.2950,57.7150,0.0173
25.3450,57.7150,0.0174
25.3950,57.7150,0.0173
25.4450,57.7150,0.0173
25.4950,57.7150,0.0172
25.5450,57.7150,0.0171
25.5950,57.7150,0.0171
25.6450,57.7150,0.0170
25.6950,57.7150,0.0170
25.7450,57.7150,0.0170
25.7950,57.7150,0.0169
25.8450,57.7150,0.0169
25.8950,57.7150,0.0169
25.9450,57.7150,0.0168
25.9950,57.7150,0.0167
26.0450,57.7150,0.0167
26.0950,57.7150,0.0166
26.1450,57.7150,0.0166
26.1950,57.7150,0.0165
26.2450,57.7150,0.0165
26.2950,57.7150,0.0164
26.3450,57.7150,0.0163
26.3950,57.7150,0.0163
26.4450,57.7150,0.0161
26.4950,57.7150,0.0161
26.5450,57.7150,0.0160
26.5950,57.7150,0.0158
26.6450,57.7150,0.0158
26.6950,57.7150,0.0156
26.7450,57.7150,0.0155
26.7950,57.7150,0.0154
26.8450,57.7150,0.0152
26.8950,57.7150,0.0152
26.9450,57.7150,0.0152
26.9950,57.7150,0.0152
27.0450,57.7150,0.0149
27.0950,57.7150,0.0151
27.1450,57.7150,0.0146
27.1950,57.7150,0.0147
27.2450,57.7150,0.0144
27.2950,57.7150,0.0144
27.3450,57.7150,0.0142
27.3950,57.7150,0.0142
27.4450,57.7150,0.0142
27.4950,57.7150,0.0137
27.5450,57.7150,0.0137
27.5950,57.7150,0.0132
27.6450,57.7150,0.0133
27.6950,57.7150,0.0127
27.7450,57.7150,0.0126
27.7950,57.7150,0.0126
27.8450,57.7150,0.0119
27.8950,57.7150,0.0118
27.9450,57.7150,0.0111
27.9950,57.7150,0.0110
28.0450,57.7150,0.0107
28.0950,57.7150,0.0104
28.1450,57.7150,0.0103
28.1950,57.7150,0.0103
22.1450,57.6650,0.0270
22.1950,57.6650,0.0266
22.2450,57.6650,0.0266
22.2950,57.6650,0.0264
22.3450,57.6650,0.0260
22.3950,57.6650,0.0260
22.4450,57.6650,0.0256
22.4950,57.6650,0.0258
22.5450,57.6650,0.0253
22.5950,57.6650,0.0253
24.3450,57.6650,0.0184
24.3950,57.6650,0.0183
24.4450,57.6650,0.0183
24.4950,57.6650,0.0182
24.5450,57.6650,0.0182
24.5950,57.6650,0.0181
24.6450,57.6650,0.0181
24.6950,57.6650,0.0180
24.7450,57.6650,0.0178
24.7950,57.6650,0.0178
24.8450,57.6650,0.0177
24.8950,57.6650,0.0177
24.9450,57.6650,0.0177
24.9950,57.6650,0.0177
25.0450,57.6650,0.0175
25.0950,57.6650,0.0175
25.1450,57.6650,0.0175
25.1950,57.6650,0.0175
25.2450,57.6650,0.0174
25.2950,57.6650,0.0174
25.3450,57.6650,0.0174
25.3950,57.6650,0.0173
25.4450,57.6650,0.0173
25.4950,57.6650,0.0172
25.5450,57.6650,0.0172
25.5950,57.6650,0.0171
25.6450,57.6650,0.0171
25.6950,57.6650,0.0170
25.7450,57.6650,0.0169
25.7950,57.6650,0.0169
25.8450,57.6650,0.0168
25.8950,57.6650,0.0168
25.9450,57.6650,0.0167
25.9950,57.6650,0.0167
26.0450,57.6650,0.0167
26.0950,57.6650,0.0167
26.1450,57.6650,0.0166
26.1950,57.6650,0.0165
26.2450,57.6650,0.0165
26.2950,57.6650,0.0164
26.3450,57.6650,0.0164
26.3950,57.6650,0.0162
26.4450,57.6650,0.0161
26.4950,57.6650,0.0161
26.5450,57.6650,0.0160
26.5950,57.6650,0.0159
26.6450,57.6650,0.0157
26.6950,57.6650,0.0156
26.7450,57.6650,0.0156
26.7950,57.6650,0.0154
26.8450,57.6650,0.0151
26.8950,57.6650,0.0151
26.9450,57.6650,0.0148
26.9950,57.6650,0.0148
27.0450,57.6650,0.0145
27.0950,57.6650,0.0145
27.1450,57.6650,0.0145
27.1950,57.6650,0.0143
27.2450,57.6650,0.0143
27.2950,57.6650,0.0139
27.3450,57.6650,0.0141
27.3950,57.6650,0.0135
27.4450,57.6650,0.0136
27.4950,57.6650,0.0132
27.5450,57.6650,0.0131
27.5950,57.6650,0.0128
27.6450,57.6650,0.0125
27.6950,57.6650,0.0126
27.7450,57.6650,0.0119
27.7950,57.6650,0.0119
27.8450,57.6650,0.0111
27.8950,57.6650,0.0111
27.9450,57.6650,0.0109
27.9950,57.6650,0.0105
28.0450,57.6650,0.0105
28.0950,57.6650,0.0102
28.1450,57.6650,0.0102
28.1950,57.6650,0.0096
21.8450,57.6150,0.0274
21.8950,57.6150,0.0274
21.9450,57.6150,0.0274
21.9950,57.6150,0.0272
22.0450,57.6150,0.0272
22.0950,57.6150,0.0270
22.1450,57.6150,0.0270
22.1950,57.6150,0.0267
22.2450,57.6150,0.0267
22.2950,57.6150,0.0264
22.3450,57.6150,0.0265
22.3950,57.6150,0.0261
22.4450,57.6150,0.0261
22.4950,57.6150,0.0259
22.5450,57.6150,0.0255
22.5950,57.6150,0.0255
22.6450,57.6150,0.0256
24.3450,57.6150,0.0185
24.3950,57.6150,0.0183
24.4450,57.6150,0.0183
24.4950,57.6150,0.0182
24.5450,57.6150,0.0182
24.5950,57.6150,0.0181
24.6450,57.6150,0.0181
24.6950,57.6150,0.0180
24.7450,57.6150,0.0180
24.7950,57.6150,0.0178
24.8450,57.6150,0.0178
24.8950,57.6150,0.0177
24.9450,57.6150,0.0176
24.9950,57.6150,0.0176
25.0450,57.6150,0.0175
25.0950,57.6150,0.0175
25.1450,57.6150,0.0175
25.1950,57.6150,0.0175
25.2450,57.6150,0.0174
25.2950,57.6150,0.0174
25.3450,57.6150,0.0174
25.3950,57.6150,0.0173
25.4450,57.6150,0.0173
25.4950,57.6150,0.0172
25.5450,57.6150,0.0172
25.5950,57.6150,0.0171
25.6450,57.6150,0.0171
25.6950,57.6150,0.0170
25.7450,57.6150,0.0170
25.7950,57.6150,0.0169
25.8450,57.6150,0.0168
25.8950,57.6150,0.0168
25.9450,57.6150,0.0167
25.9950,57.6150,0.0167
26.0450,57.6150,0.0166
26.0950,57.6150,0.0166
26.1450,57.6150,0.0166
26.1950,57.6150,0.0166
26.2450,57.6150,0.0165
26.2950,57.6150,0.0163
26.3450,57.6150,0.0163
26.3950,57.6150,0.0162
26.4450,57.6150,0.0162
26.4950,57.6150,0.0161
26.5450,57.6150,0.0159
26.5950,57.6150,0.0159
26.6450,57.6150,0.0157
26.6950,57.6150,0.0157
26.7450,57.6150,0.0155
26.7950,57.6150,0.0153
26.8450,57.6150,0.0153
26.8950,57.6150,0.0148
26.9450,57.6150,0.0146
26.9950,57.6150,0.0144
27.0450,57.6150,0.0145
27.0950,57.6150,0.0142
27.1450,57.6150,0.0142
27.1950,57.6150,0.0139
27.2450,57.6150,0.0139
27.2950,57.6150,0.0135
27.3450,57.6150,0.0135
27.3950,57.6150,0.0135
27.4450,57.6150,0.0131
27.4950,57.6150,0.0131
27.5450,57.6150,0.0125
27.5950,57.6150,0.0125
27.6450,57.6150,0.0119
27.6950,57.6150,0.0119
27.7450,57.6150,0.0118
27.7950,57.6150,0.0111
27.8450,57.6150,0.0110
27.8950,57.6150,0.0106
27.9450,57.6150,0.0106
27.9950,57.6150,0.0100
28.0450,57.6150,0.0101
28.0950,57.6150,0.0095
28.1450,57.6150,0.0095
28.1950,57.6150,0.0096
21.6950,57.5650,0.0275
21.7450,57.5650,0.0275
21.7950,57.5650,0.0275
21.8450,57.5650,0.0274
21.8950,57.5650,0.0274
21.9450,57.5650,0.0274
21.9950,57.5650,0.0274
22.0450,57.5650,0.0272
22.0950,57.5650,0.0273
22.1450,57.5650,0.0271
22.1950,57.5650,0.0268
22.2450,57.5650,0.0268
22.2950,57.5650,0.0265
22.3450,57.5650,0.0267
22.3950,57.5650,0.0262
22.4450,57.5650,0.0262
22.4950,57.5650,0.0261
22.5450,57.5650,0.0261
22.5950,57.5650,0.0256
22.6450,57.5650,0.0257
22.6950,57.5650,0.0253
22.7450,57.5650,0.0253
24.3450,57.5650,0.0185
24.3950,57.5650,0.0185
24.4450,57.5650,0.0183
24.4950,57.5650,0.0184
24.5450,57.5650,0.0182
24.5950,57.5650,0.0181
24.6450,57.5650,0.0181
24.6950,57.5650,0.0180
24.7450,57.5650,0.0180
24.7950,57.5650,0.0178
24.8450,57.5650,0.0178
24.8950,57.5650,0.0177
24.9450,57.5650,0.0177
24.9950,57.5650,0.0176
25.0450,57.5650,0.0175
25.0950,57.5650,0.0175
25.1450,57.5650,0.0175
25.1950,57.5650,0.0175
25.2450,57.5650,0.0174
25.2950,57.5650,0.0174
25.3450,57.5650,0.0174
25.3950,57.5650,0.0174
25.4450,57.5650,0.0173
25.4950,57.5650,0.0172
25.5450,57.5650,0.0172
25.5950,57.5650,0.0171
25.6450,57.5650,0.0171
25.6950,57.5650,0.0170
25.7450,57.5650,0.0170
25.7950,57.5650,0.0169
25.8450,57.5650,0.0169
25.8950,57.5650,0.0168
25.9450,57.5650,0.0168
25.9950,57.5650,0.0167
26.0450,57.5650,0.0166
26.0950,57.5650,0.0166
26.1450,57.5650,0.0166
26.1950,57.5650,0.0166
26.2450,57.5650,0.0164
26.2950,57.5650,0.0164
26.3450,57.5650,0.0163
26.3950,57.5650,0.0162
26.4450,57.5650,0.0162
26.4950,57.5650,0.0161
26.5450,57.5650,0.0160
26.5950,57.5650,0.0159
26.6450,57.5650,0.0156
26.6950,57.5650,0.0156
26.7450,57.5650,0.0155
26.7950,57.5650,0.0154
26.8450,57.5650,0.0153
26.8950,57.5650,0.0145
26.9450,57.5650,0.0145
26.9950,57.5650,0.0142
27.0450,57.5650,0.0142
27.0950,57.5650,0.0139
27.1450,57.5650,0.0138
27.1950,57.5650,0.0138
27.2450,57.5650,0.0135
27.2950,57.5650,0.0135
27.3450,57.5650,0.0130
27.3950,57.5650,0.0130
27.4450,57.5650,0.0126
27.4950,57.5650,0.0125
27.5450,57.5650,0.0119
27.5950,57.5650,0.0119
27.6450,57.5650,0.0119
27.6950,57.5650,0.0112
27.7450,57.5650,0.0112
27.7950,57.5650,0.0107
27.8450,57.5650,0.0107
27.8950,57.5650,0.0102
27.9450,57.5650,0.0100
27.9950,57.5650,0.0100
28.0450,57.5650,0.0094
28.0950,57.5650,0.0094
28.1450,57.5650,0.0087
28.1950,57.5650,0.0088
21.6450,57.5150,0.0275
21.6950,57.5150,0.0275
21.7450,57.5150,0.0275
21.7950,57.5150,0.0276
21.8450,57.5150,0.0276
21.8950,57.5150,0.0275
21.9450,57.5150,0.0275
21.9950,57.5150,0.0275
22.0450,57.5150,0.0273
22.0950,57.5150,0.0274
22.1450,57.5150,0.0272
22.1950,57.5150,0.0272
22.2450,57.5150,0.0270
22.2950,57.5150,0.0270
22.3450,57.5150,0.0267
22.3950,57.5150,0.0264
22.4450,57.5150,0.0264
22.4950,57.5150,0.0261
22.5450,57.5150,0.0261
22.5950,57.5150,0.0257
22.6450,57.5150,0.0258
22.6950,57.5150,0.0253
22.7450,57.5150,0.0253
22.7950,57.5150,0.0249
24.3450,57.5150,0.0185
24.3950,57.5150,0.0185
24.4450,57.5150,0.0184
24.4950,57.5150,0.0184
24.5450,57.5150,0.0183
24.5950,57.5150,0.0183
24.6450,57.5150,0.0181
24.6950,57.5150,0.0181
24.7450,57.5150,0.0180
24.7950,57.5150,0.0179
24.8450,57.5150,0.0179
24.8950,57.5150,0.0177
24.9450,57.5150,0.0178
24.9950,57.5150,0.0176
25.0450,57.5150,0.0176
25.0950,57.5150,0.0176
25.1450,57.5150,0.0176
25.1950,57.5150,0.0175
25.2450,57.5150,0.0174
25.2950,57.5150,0.0174
25.3450,57.5150,0.0174
25.3950,57.5150,0.0174
25.4450,57.5150,0.0173
25.4950,57.5150,0.0173
25.5450,57.5150,0.0172
25.5950,57.5150,0.0172
25.6450,57.5150,0.0171
25.6950,57.5150,0.0170
25.7450,57.5150,0.0170
25.7950,57.5150,0.0169
25.8450,57.5150,0.0169
25.8950,57.5150,0.0168
25.9450,57.5150,0.0168
25.9950,57.5150,0.0167
26.0450,57.5150,0.0167
26.0950,57.5150,0.0166
26.1450,57.5150,0.0165
26.1950,57.5150,0.0165
26.2450,57.5150,0.0164
26.2950,57.5150,0.0164
26.3450,57.5150,0.0163
26.3950,57.5150,0.0163
26.4450,57.5150,0.0162
26.4950,57.5150,0.0161
26.5450,57.5150,0.0160
26.5950,57.5150,0.0158
26.6450,57.5150,0.0158
26.6950,57.5150,0.0156
26.7450,57.5150,0.0154
26.7950,57.5150,0.0154
26.8450,57.5150,0.0146
26.8950,57.5150,0.0147
26.9450,57.5150,0.0143
26.9950,57.5150,0.0141
27.0450,57.5150,0.0140
27.0950,57.5150,0.0139
27.1450,57.5150,0.0135
27.1950,57.5150,0.0135
27.2450,57.5150,0.0131
27.2950,57.5150,0.0131
27.3450,57.5150,0.0127
27.3950,57.5150,0.0125
27.4450,57.5150,0.0125
27.4950,57.5150,0.0120
27.5450,57.5150,0.0120
27.5950,57.5150,0.0114
27.6450,57.5150,0.0113
27.6950,57.5150,0.0109
27.7450,57.5150,0.0108
27.7950,57.5150,0.0106
27.8450,57.5150,0.0103
27.8950,57.5150,0.0102
27.9450,57.5150,0.0098
27.9950,57.5150,0.0097
28.0450,57.5150,0.0086
28.0950,57.5150,0.0086
28.1450,57.5150,0.0082
28.1950,57.5150,0.0082
21.6450,57.4650,0.0277
21.6950,57.4650,0.0277
21.7450,57.4650,0.0277
21.7950,57.4650,0.0277
21.8450,57.4650,0.0278
21.8950,57.4650,0.0277
21.9450,57.4650,0.0278
21.9950,57.4650,0.0277
22.0450,57.4650,0.0275
22.0950,57.4650,0.0276
22.1450,57.4650,0.0274
22.1950,57.4650,0.0274
22.2450,57.4650,0.0272
22.2950,57.4650,0.0272
22.3450,57.4650,0.0268
22.3950,57.4650,0.0269
22.4450,57.4650,0.0266
22.4950,57.4650,0.0266
22.5450,57.4650,0.0263
22.5950,57.4650,0.0258
22.6450,57.4650,0.0260
22.6950,57.4650,0.0255
22.7450,57.4650,0.0255
22.7950,57.4650,0.0251
22.8450,57.4650,0.0246
22.8950,57.4650,0.0246
24.3450,57.4650,0.0185
24.3950,57.4650,0.0185
24.4450,57.4650,0.0184
24.4950,57.4650,0.0184
24.5450,57.4650,0.0182
24.5950,57.4650,0.0182
24.6450,57.4650,0.0181
24.6950,57.4650,0.0181
24.7450,57.4650,0.0180
24.7950,57.4650,0.0180
24.8450,57.4650,0.0179
24.8950,57.4650,0.0178
24.9450,57.4650,0.0178
24.9950,57.4650,0.0177
25.0450,57.4650,0.0177
25.0950,57.4650,0.0176
25.1450,57.4650,0.0176
25.1950,57.4650,0.0175
25.2450,57.4650,0.0175
25.2950,57.4650,0.0174
25.3450,57.4650,0.0174
25.3950,57.4650,0.0173
25.4450,57.4650,0.0173
25.4950,57.4650,0.0173
25.5450,57.4650,0.0172
25.5950,57.4650,0.0172
25.6450,57.4650,0.0171
25.6950,57.4650,0.0171
25.7450,57.4650,0.0170
25.7950,57.4650,0.0169
25.8450,57.4650,0.0169
25.8950,57.4650,0.0168
25.9450,57.4650,0.0168
25.9950,57.4650,0.0167
26.0450,57.4650,0.0167
26.0950,57.4650,0.0166
26.1450,57.4650,0.0166
26.1950,57.4650,0.0165
26.2450,57.4650,0.0164
26.2950,57.4650,0.0164
26.3450,57.4650,0.0163
26.3950,57.4650,0.0163
26.4450,57.4650,0.0161
26.4950,57.4650,0.0161
26.5450,57.4650,0.0159
26.5950,57.4650,0.0159
26.6450,57.4650,0.0158
26.6950,57.4650,0.0156
26.7450,57.4650,0.0156
26.7950,57.4650,0.0154
26.8450,57.4650,0.0152
26.8950,57.4650,0.0152
26.9450,57.4650,0.0142
26.9950,57.4650,0.0142
27.0450,57.4650,0.0139
27.0950,57.4650,0.0137
27.1450,57.4650,0.0137
27.1950,57.4650,0.0133
27.2450,57.4650,0.0133
27.2950,57.4650,0.0129
27.3450,57.4650,0.0127
27.3950,57.4650,0.0124
27.4450,57.4650,0.0122
27.4950,57.4650,0.0115
27.5450,57.4650,0.0115
27.5950,57.4650,0.0110
27.6450,57.4650,0.0110
27.6950,57.4650,0.0109
27.7450,57.4650,0.0104
27.7950,57.4650,0.0104
27.8450,57.4650,0.0099
27.8950,57.4650,0.0099
27.9450,57.4650,0.0095
27.9950,57.4650,0.0092
28.0450,57.4650,0.0092
28.0950,57.4650,0.0086
28.1450,57.4650,0.0082
28.1950,57.4650,0.0082
21.5450,57.4150,0.0278
21.5950,57.4150,0.0277
21.6450,57.4150,0.0277
21.6950,57.4150,0.0279
21.7450,57.4150,0.0278
21.7950,57.4150,0.0278
21.8450,57.4150,0.0279
21.8950,57.4150,0.0278
21.9450,57.4150,0.0278
21.9950,57.4150,0.0278
22.0450,57.4150,0.0278
22.0950,57.4150,0.0277
22.1450,57.4150,0.0277
22.1950,57.4150,0.0275
22.2450,57.4150,0.0273
22.2950,57.4150,0.0273
22.3450,57.4150,0.0269
22.3950,57.4150,0.0271
22.4450,57.4150,0.0268
22.4950,57.4150,0.0268
22.5450,57.4150,0.0265
22.5950,57.4150,0.0265
22.6450,57.4150,0.0260
22.6950,57.4150,0.0260
22.7450,57.4150,0.0256
22.7950,57.4150,0.0252
22.8450,57.4150,0.0246
22.8950,57.4150,0.0247
22.9450,57.4150,0.0244
22.9950,57.4150,0.0244
24.3450,57.4150,0.0185
24.3950,57.4150,0.0185
24.4450,57.4150,0.0185
24.4950,57.4150,0.0184
24.5450,57.4150,0.0183
24.5950,57.4150,0.0183
24.6450,57.4150,0.0181
24.6950,57.4150,0.0181
24.7450,57.4150,0.0180
24.7950,57.4150,0.0180
24.8450,57.4150,0.0179
24.8950,57.4150,0.0179
24.9450,57.4150,0.0178
24.9950,57.4150,0.0177
25.0450,57.4150,0.0177
25.0950,57.4150,0.0176
25.1450,57.4150,0.0176
25.1950,57.4150,0.0175
25.2450,57.4150,0.0175
25.2950,57.4150,0.0174
25.3450,57.4150,0.0174
25.3950,57.4150,0.0173
25.4450,57.4150,0.0173
25.4950,57.4150,0.0173
25.5450,57.4150,0.0172
25.5950,57.4150,0.0172
25.6450,57.4150,0.0171
25.6950,57.4150,0.0171
25.7450,57.4150,0.0170
25.7950,57.4150,0.0170
25.8450,57.4150,0.0169
25.8950,57.4150,0.0169
25.9450,57.4150,0.0168
25.9950,57.4150,0.0167
26.0450,57.4150,0.0167
26.0950,57.4150,0.0166
26.1450,57.4150,0.0166
26.1950,57.4150,0.0165
26.2450,57.4150,0.0165
26.2950,57.4150,0.0164
26.3450,57.4150,0.0163
26.3950,57.4150,0.0163
26.4450,57.4150,0.0161
26.4950,57.4150,0.0161
26.5450,57.4150,0.0159
26.5950,57.4150,0.0159
26.6450,57.4150,0.0157
26.6950,57.4150,0.0157
26.7450,57.4150,0.0155
26.7950,57.4150,0.0153
26.8450,57.4150,0.0153
26.8950,57.4150,0.0151
26.9450,57.4150,0.0141
26.9950,57.4150,0.0141
27.0450,57.4150,0.0139
27.0950,57.4150,0.0138
27.1450,57.4150,0.0135
27.1950,57.4150,0.0131
27.2450,57.4150,0.0131
27.2950,57.4150,0.0127
27.3450,57.4150,0.0125
27.3950,57.4150,0.0124
27.4450,57.4150,0.0118
27.4950,57.4150,0.0118
27.5450,57.4150,0.0111
27.5950,57.4150,0.0110
27.6450,57.4150,0.0107
27.6950,57.4150,0.0105
27.7450,57.4150,0.0104
27.7950,57.4150,0.0101
27.8450,57.4150,0.0097
27.8950,57.4150,0.0096
27.9450,57.4150,0.0094
27.9950,57.4150,0.0088
28.0450,57.4150,0.0088
28.0950,57.4150,0.0083
28.1450,57.4150,0.0083
28.1950,57.4150,0.0081
21.4950,57.3650,0.0277
21.5450,57.3650,0.0278
21.5950,57.3650,0.0278
21.6450,57.3650,0.0279
21.6950,57.3650,0.0280
21.7450,57.3650,0.0280
21.7950,57.3650,0.0280
21.8450,57.3650,0.0281
21.8950,57.3650,0.0281
21.9450,57.3650,0.0280
21.9950,57.3650,0.0279
22.0450,57.3650,0.0279
22.0950,57.3650,0.0278
22.1450,57.3650,0.0279
22.1950,57.3650,0.0276
22.2450,57.3650,0.0277
22.2950,57.3650,0.0274
22.3450,57.3650,0.0274
22.3950,57.3650,0.0272
22.4450,57.3650,0.0269
22.4950,57.3650,0.0269
22.5450,57.3650,0.0266
22.5950,57.3650,0.0266
22.6450,57.3650,0.0261
22.6950,57.3650,0.0263
22.7450,57.3650,0.0258
22.7950,57.3650,0.0253
22.8450,57.3650,0.0249
22.8950,57.3650,0.0247
22.9450,57.3650,0.0244
22.9950,57.3650,0.0244
23.0450,57.3650,0.0240
23.0950,57.3650,0.0240
24.3450,57.3650,0.0185
24.3950,57.3650,0.0185
24.4450,57.3650,0.0185
24.4950,57.3650,0.0184
24.5450,57.3650,0.0184
24.5950,57.3650,0.0183
24.6450,57.3650,0.0183
24.6950,57.3650,0.0181
24.7450,57.3650,0.0180
24.7950,57.3650,0.0180
24.8450,57.3650,0.0179
24.8950,57.3650,0.0179
24.9450,57.3650,0.0178
24.9950,57.3650,0.0178
25.0450,57.3650,0.0177
25.0950,57.3650,0.0177
25.1450,57.3650,0.0176
25.1950,57.3650,0.0175
25.2450,57.3650,0.0175
25.2950,57.3650,0.0174
25.3450,57.3650,0.0174
25.3950,57.3650,0.0173
25.4450,57.3650,0.0173
25.4950,57.3650,0.0173
25.5450,57.3650,0.0172
25.5950,57.3650,0.0172
25.6450,57.3650,0.0171
25.6950,57.3650,0.0171
25.7450,57.3650,0.0170
25.7950,57.3650,0.0170
25.8450,57.3650,0.0169
25.8950,57.3650,0.0169
25.9450,57.3650,0.0168
25.9950,57.3650,0.0168
26.0450,57.3650,0.0167
26.0950,57.3650,0.0166
26.1450,57.3650,0.0166
26.1950,57.3650,0.0165
26.2450,57.3650,0.0165
26.2950,57.3650,0.0164
26.3450,57.3650,0.0164
26.3950,57.3650,0.0162
26.4450,57.3650,0.0162
26.4950,57.3650,0.0160
26.5450,57.3650,0.0159
26.5950,57.3650,0.0159
26.6450,57.3650,0.0156
26.6950,57.3650,0.0156
26.7450,57.3650,0.0155
26.7950,57.3650,0.0154
26.8450,57.3650,0.0152
26.8950,57.3650,0.0150
26.9450,57.3650,0.0150
26.9950,57.3650,0.0148
27.0450,57.3650,0.0138
27.0950,57.3650,0.0138
27.1450,57.3650,0.0135
27.1950,57.3650,0.0135
27.2450,57.3650,0.0130
27.2950,57.3650,0.0127
27.3450,57.3650,0.0125
27.3950,57.3650,0.0121
27.4450,57.3650,0.0115
27.4950,57.3650,0.0115
27.5450,57.3650,0.0110
27.5950,57.3650,0.0110
27.6450,57.3650,0.0107
27.6950,57.3650,0.0102
27.7450,57.3650,0.0102
27.7950,57.3650,0.0098
27.8450,57.3650,0.0098
27.8950,57.3650,0.0092
27.9450,57.3650,0.0090
27.9950,57.3650,0.0090
28.0450,57.3650,0.0084
28.0950,57.3650,0.0084
28.1450,57.3650,0.0080
28.1950,57.3650,0.0079
21.4450,57.3151,0.0277
21.4950,57.3151,0.0277
21.5450,57.3151,0.0277
21.5950,57.3151,0.0279
21.6450,57.3151,0.0280
21.6950,57.3151,0.0281
21.7450,57.3151,0.0282
21.7950,57.3151,0.0282
21.8450,57.3151,0.0282
21.8950,57.3151,0.0282
21.9450,57.3151,0.0281
21.9950,57.3151,0.0283
22.0450,57.3151,0.0280
22.0950,57.3151,0.0280
22.1450,57.3151,0.0279
22.1950,57.3151,0.0277
22.2450,57.3151,0.0277
22.2950,57.3151,0.0275
22.3450,57.3151,0.0275
22.3950,57.3151,0.0273
22.4450,57.3151,0.0273
22.4950,57.3151,0.0270
22.5450,57.3151,0.0271
22.5950,57.3151,0.0267
22.6450,57.3151,0.0263
22.6950,57.3151,0.0264
22.7450,57.3151,0.0259
22.7950,57.3151,0.0254
22.8450,57.3151,0.0254
22.8950,57.3151,0.0248
22.9450,57.3151,0.0249
22.9950,57.3151,0.0244
23.0450,57.3151,0.0240
23.0950,57.3151,0.0241
23.1450,57.3151,0.0241
24.3950,57.3151,0.0185
24.4450,57.3151,0.0185
24.4950,57.3151,0.0184
24.5450,57.3151,0.0184
24.5950,57.3151,0.0183
24.6450,57.3151,0.0183
24.6950,57.3151,0.0181
24.7450,57.3151,0.0181
24.7950,57.3151,0.0180
24.8450,57.3151,0.0179
24.8950,57.3151,0.0179
24.9450,57.3151,0.0178
24.9950,57.3151,0.0177
25.0450,57.3151,0.0177
25.0950,57.3151,0.0177
25.1450,57.3151,0.0176
25.1950,57.3151,0.0176
25.2450,57.3151,0.0175
25.2950,57.3151,0.0174
25.3450,57.3151,0.0174
25.3950,57.3151,0.0173
25.4450,57.3151,0.0173
25.4950,57.3151,0.0172
25.5450,57.3151,0.0172
25.5950,57.3151,0.0171
25.6450,57.3151,0.0171
25.6950,57.3151,0.0170
25.7450,57.3151,0.0169
25.7950,57.3151,0.0169
25.8450,57.3151,0.0168
25.8950,57.3151,0.0168
25.9450,57.3151,0.0167
25.9950,57.3151,0.0167
26.0450,57.3151,0.0167
26.0950,57.3151,0.0167
26.1450,57.3151,0.0166
26.1950,57.3151,0.0164
26.2450,57.3151,0.0164
26.2950,57.3151,0.0163
26.3450,57.3151,0.0163
26.3950,57.3151,0.0162
26.4450,57.3151,0.0162
26.4950,57.3151,0.0160
26.5450,57.3151,0.0160
26.5950,57.3151,0.0159
26.6450,57.3151,0.0156
26.6950,57.3151,0.0156
26.7450,57.3151,0.0154
26.7950,57.3151,0.0154
26.8450,57.3151,0.0152
26.8950,57.3151,0.0151
26.9450,57.3151,0.0150
26.9950,57.3151,0.0147
27.0450,57.3151,0.0147
27.0950,57.3151,0.0138
27.1450,57.3151,0.0134
27.1950,57.3151,0.0134
27.2450,57.3151,0.0129
27.2950,57.3151,0.0129
27.3450,57.3151,0.0124
27.3950,57.3151,0.0119
27.4450,57.3151,0.0119
27.4950,57.3151,0.0114
27.5450,57.3151,0.0113
27.5950,57.3151,0.0109
27.6450,57.3151,0.0105
27.6950,57.3151,0.0104
27.7450,57.3151,0.0100
27.7950,57.3151,0.0094
27.8450,57.3151,0.0094
27.8950,57.3151,0.0092
27.9450,57.3151,0.0088
27.9950,57.3151,0.0086
28.0450,57.3151,0.0082
28.0950,57.3151,0.0082
28.1450,57.3151,0.0078
28.1950,57.3151,0.0076
21.4450,57.2651,0.0278
21.4950,57.2651,0.0279
21.5450,57.2651,0.0279
21.5950,57.2651,0.0281
21.6450,57.2651,0.0281
21.6950,57.2651,0.0281
21.7450,57.2651,0.0282
21.7950,57.2651,0.0283
21.8450,57.2651,0.0283
21.8950,57.2651,0.0283
21.9450,57.2651,0.0283
21.9950,57.2651,0.0283
22.0450,57.2651,0.0281
22.0950,57.2651,0.0281
22.1450,57.2651,0.0280
22.1950,57.2651,0.0280
22.2450,57.2651,0.0278
22.2950,57.2651,0.0277
22.3450,57.2651,0.0276
22.3950,57.2651,0.0273
22.4450,57.2651,0.0274
22.4950,57.2651,0.0271
22.5450,57.2651,0.0271
22.5950,57.2651,0.0268
22.6450,57.2651,0.0268
22.6950,57.2651,0.0265
22.7450,57.2651,0.0264
22.7950,57.2651,0.0256
22.8450,57.2651,0.0256
22.8950,57.2651,0.0249
22.9450,57.2651,0.0250
22.9950,57.2651,0.0245
23.0450,57.2651,0.0245
23.0950,57.2651,0.0241
23.1450,57.2651,0.0241
24.3450,57.2651,0.0187
24.3950,57.2651,0.0187
24.4450,57.2651,0.0186
24.4950,57.2651,0.0185
24.5450,57.2651,0.0184
24.5950,57.2651,0.0182
24.6450,57.2651,0.0182
24.6950,57.2651,0.0181
24.7450,57.2651,0.0181
24.7950,57.2651,0.0180
24.8450,57.2651,0.0180
24.8950,57.2651,0.0178
24.9450,57.2651,0.0178
24.9950,57.2651,0.0177
25.0450,57.2651,0.0176
25.0950,57.2651,0.0176
25.1450,57.2651,0.0176
25.1950,57.2651,0.0176
25.2450,57.2651,0.0175
25.2950,57.2651,0.0175
25.3450,57.2651,0.0174
25.3950,57.2651,0.0174
25.4450,57.2651,0.0173
25.4950,57.2651,0.0172
25.5450,57.2651,0.0172
25.5950,57.2651,0.0171
25.6450,57.2651,0.0171
25.6950,57.2651,0.0170
25.7450,57.2651,0.0170
25.7950,57.2651,0.0169
25.8450,57.2651,0.0169
25.8950,57.2651,0.0168
25.9450,57.2651,0.0167
25.9950,57.2651,0.0167
26.0450,57.2651,0.0166
26.0950,57.2651,0.0166
26.1450,57.2651,0.0165
26.1950,57.2651,0.0165
26.2450,57.2651,0.0164
26.2950,57.2651,0.0164
26.3450,57.2651,0.0162
26.3950,57.2651,0.0161
26.4450,57.2651,0.0161
26.4950,57.2651,0.0160
26.5450,57.2651,0.0160
26.5950,57.2651,0.0158
26.6450,57.2651,0.0158
26.6950,57.2651,0.0156
26.7450,57.2651,0.0154
26.7950,57.2651,0.0153
26.8450,57.2651,0.0151
26.8950,57.2651,0.0151
26.9450,57.2651,0.0149
26.9950,57.2651,0.0149
27.0450,57.2651,0.0145
27.0950,57.2651,0.0144
27.1450,57.2651,0.0144
27.1950,57.2651,0.0134
27.2450,57.2651,0.0129
27.2950,57.2651,0.0129
27.3450,57.2651,0.0124
27.3950,57.2651,0.0124
27.4450,57.2651,0.0119
27.4950,57.2651,0.0113
27.5450,57.2651,0.0113
27.5950,57.2651,0.0108
27.6450,57.2651,0.0104
27.6950,57.2651,0.0104
27.7450,57.2651,0.0098
27.7950,57.2651,0.0098
27.8450,57.2651,0.0091
27.8950,57.2651,0.0089
27.9450,57.2651,0.0086
27.9950,57.2651,0.0084
28.0450,57.2651,0.0083
28.0950,57.2651,0.0080
28.1450,57.2651,0.0078
28.1950,57.2651,0.0075
21.4450,57.2151,0.0280
21.4950,57.2151,0.0280
21.5450,57.2151,0.0280
21.5950,57.2151,0.0282
21.6450,57.2151,0.0282
21.6950,57.2151,0.0282
21.7450,57.2151,0.0283
21.7950,57.2151,0.0283
21.8450,57.2151,0.0283
21.8950,57.2151,0.0284
21.9450,57.2151,0.0284
21.9950,57.2151,0.0284
22.0450,57.2151,0.0282
22.0950,57.2151,0.0282
22.1450,57.2151,0.0281
22.1950,57.2151,0.0281
22.2450,57.2151,0.0279
22.2950,57.2151,0.0279
22.3450,57.2151,0.0277
22.3950,57.2151,0.0277
22.4450,57.2151,0.0275
22.4950,57.2151,0.0272
22.5450,57.2151,0.0272
22.5950,57.2151,0.0269
22.6450,57.2151,0.0269
22.6950,57.2151,0.0266
22.7450,57.2151,0.0266
22.7950,57.2151,0.0262
22.8450,57.2151,0.0257
22.8950,57.2151,0.0251
22.9450,57.2151,0.0251
22.9950,57.2151,0.0246
23.0450,57.2151,0.0246
23.0950,57.2151,0.0242
23.1450,57.2151,0.0242
23.1950,57.2151,0.0242
24.2950,57.2151,0.0189
24.3450,57.2151,0.0187
24.3950,57.2151,0.0187
24.4450,57.2151,0.0185
24.4950,57.2151,0.0185
24.5450,57.2151,0.0184
24.5950,57.2151,0.0184
24.6450,57.2151,0.0182
24.6950,57.2151,0.0181
24.7450,57.2151,0.0181
24.7950,57.2151,0.0180
24.8450,57.2151,0.0179
24.8950,57.2151,0.0178
24.9450,57.2151,0.0178
24.9950,57.2151,0.0177
25.0450,57.2151,0.0177
25.0950,57.2151,0.0176
25.1450,57.2151,0.0175
25.1950,57.2151,0.0175
25.2450,57.2151,0.0175
25.2950,57.2151,0.0175
25.3450,57.2151,0.0174
25.3950,57.2151,0.0174
25.4450,57.2151,0.0173
25.4950,57.2151,0.0173
25.5450,57.2151,0.0172
25.5950,57.2151,0.0170
25.6450,57.2151,0.0170
25.6950,57.2151,0.0170
25.7450,57.2151,0.0169
25.7950,57.2151,0.0169
25.8450,57.2151,0.0169
25.8950,57.2151,0.0168
25.9450,57.2151,0.0168
25.9950,57.2151,0.0167
26.0450,57.2151,0.0166
26.0950,57.2151,0.0166
26.1450,57.2151,0.0165
26.1950,57.2151,0.0165
26.2450,57.2151,0.0163
26.2950,57.2151,0.0163
26.3450,57.2151,0.0162
26.3950,57.2151,0.0162
26.4450,57.2151,0.0161
26.4950,57.2151,0.0159
26.5450,57.2151,0.0159
26.5950,57.2151,0.0158
26.6450,57.2151,0.0157
26.6950,57.2151,0.0155
26.7450,57.2151,0.0155
26.7950,57.2151,0.0152
26.8450,57.2151,0.0151
26.8950,57.2151,0.0151
26.9450,57.2151,0.0147
26.9950,57.2151,0.0147
27.0450,57.2151,0.0145
27.0950,57.2151,0.0144
27.1450,57.2151,0.0143
27.1950,57.2151,0.0141
27.2450,57.2151,0.0141
27.2950,57.2151,0.0129
27.3450,57.2151,0.0125
27.3950,57.2151,0.0124
27.4450,57.2151,0.0119
27.4950,57.2151,0.0119
27.5450,57.2151,0.0111
27.5950,57.2151,0.0108
27.6450,57.2151,0.0105
27.6950,57.2151,0.0102
27.7450,57.2151,0.0095
27.7950,57.2151,0.0095
27.8450,57.2151,0.0089
27.8950,57.2151,0.0088
27.9450,57.2151,0.0085
27.9950,57.2151,0.0082
28.0450,57.2151,0.0082
28.0950,57.2151,0.0077
28.1450,57.2151,0.0077
28.1950,57.2151,0.0074
21.4450,57.1651,0.0280
21.4950,57.1651,0.0281
21.5450,57.1651,0.0281
21.5950,57.1651,0.0282
21.6450,57.1651,0.0283
21.6950,57.1651,0.0283
21.7450,57.1651,0.0284
21.7950,57.1651,0.0284
21.8450,57.1651,0.0284
21.8950,57.1651,0.0284
21.9450,57.1651,0.0284
21.9950,57.1651,0.0284
22.0450,57.1651,0.0284
22.0950,57.1651,0.0283
22.1450,57.1651,0.0283
22.1950,57.1651,0.0282
22.2450,57.1651,0.0279
22.2950,57.1651,0.0280
22.3450,57.1651,0.0277
22.3950,57.1651,0.0277
22.4450,57.1651,0.0275
22.4950,57.1651,0.0275
22.5450,57.1651,0.0273
22.5950,57.1651,0.0273
22.6450,57.1651,0.0270
22.6950,57.1651,0.0266
22.7450,57.1651,0.0266
22.7950,57.1651,0.0262
22.8450,57.1651,0.0258
22.8950,57.1651,0.0258
22.9450,57.1651,0.0252
22.9950,57.1651,0.0252
23.0450,57.1651,0.0246
23.0950,57.1651,0.0242
23.1450,57.1651,0.0242
23.1950,57.1651,0.0242
24.1950,57.1651,0.0190
24.2450,57.1651,0.0190
24.2950,57.1651,0.0189
24.3450,57.1651,0.0189
24.3950,57.1651,0.0187
24.4450,57.1651,0.0185
24.4950,57.1651,0.0185
24.5450,57.1651,0.0184
24.5950,57.1651,0.0184
24.6450,57.1651,0.0182
24.6950,57.1651,0.0182
24.7450,57.1651,0.0181
24.7950,57.1651,0.0181
24.8450,57.1651,0.0179
24.8950,57.1651,0.0178
24.9450,57.1651,0.0178
24.9950,57.1651,0.0177
25.0450,57.1651,0.0177
25.0950,57.1651,0.0176
25.1450,57.1651,0.0175
25.1950,57.1651,0.0175
25.2450,57.1651,0.0175
25.2950,57.1651,0.0174
25.3450,57.1651,0.0173
25.3950,57.1651,0.0173
25.4450,57.1651,0.0172
25.4950,57.1651,0.0172
25.5450,57.1651,0.0172
25.5950,57.1651,0.0171
25.6450,57.1651,0.0170
25.6950,57.1651,0.0170
25.7450,57.1651,0.0169
25.7950,57.1651,0.0168
25.8450,57.1651,0.0168
25.8950,57.1651,0.0167
25.9450,57.1651,0.0167
25.9950,57.1651,0.0166
26.0450,57.1651,0.0165
26.0950,57.1651,0.0165
26.1450,57.1651,0.0165
26.1950,57.1651,0.0164
26.2450,57.1651,0.0163
26.2950,57.1651,0.0163
26.3450,57.1651,0.0162
26.3950,57.1651,0.0162
26.4450,57.1651,0.0161
26.4950,57.1651,0.0160
26.5450,57.1651,0.0159
26.5950,57.1651,0.0157
26.6450,57.1651,0.0156
26.6950,57.1651,0.0154
26.7450,57.1651,0.0154
26.7950,57.1651,0.0152
26.8450,57.1651,0.0152
26.8950,57.1651,0.0150
26.9450,57.1651,0.0149
26.9950,57.1651,0.0147
27.0450,57.1651,0.0145
27.0950,57.1651,0.0144
27.1450,57.1651,0.0143
27.1950,57.1651,0.0142
27.2450,57.1651,0.0140
27.2950,57.1651,0.0129
27.3450,57.1651,0.0127
27.3950,57.1651,0.0124
27.4450,57.1651,0.0116
27.4950,57.1651,0.0116
27.5450,57.1651,0.0108
27.5950,57.1651,0.0108
27.6450,57.1651,0.0105
27.6950,57.1651,0.0099
27.7450,57.1651,0.0099
27.7950,57.1651,0.0091
27.8450,57.1651,0.0089
27.8950,57.1651,0.0086
27.9450,57.1651,0.0083
27.9950,57.1651,0.0083
28.0450,57.1651,0.0080
28.0950,57.1651,0.0076
28.1450,57.1651,0.0075
28.1950,57.1651,0.0073
21.4450,57.1151,0.0281
21.4950,57.1151,0.0281
21.5450,57.1151,0.0282
21.5950,57.1151,0.0282
21.6450,57.1151,0.0284
21.6950,57.1151,0.0284
21.7450,57.1151,0.0285
21.7950,57.1151,0.0285
21.8450,57.1151,0.0284
21.8950,57.1151,0.0285
21.9450,57.1151,0.0285
21.9950,57.1151,0.0284
22.0450,57.1151,0.0285
22.0950,57.1151,0.0283
22.1450,57.1151,0.0283
22.1950,57.1151,0.0282
22.2450,57.1151,0.0282
22.2950,57.1151,0.0280
22.3450,57.1151,0.0278
22.3950,57.1151,0.0278
22.4450,57.1151,0.0276
22.4950,57.1151,0.0276
22.5450,57.1151,0.0273
22.5950,57.1151,0.0274
22.6450,57.1151,0.0270
22.6950,57.1151,0.0270
22.7450,57.1151,0.0267
22.7950,57.1151,0.0262
22.8450,57.1151,0.0258
22.8950,57.1151,0.0258
22.9450,57.1151,0.0252
22.9950,57.1151,0.0253
23.0450,57.1151,0.0246
23.0950,57.1151,0.0247
23.1450,57.1151,0.0242
23.1950,57.1151,0.0242
23.2450,57.1151,0.0239
24.0950,57.1151,0.0195
24.1450,57.1151,0.0193
24.1950,57.1151,0.0190
24.2450,57.1151,0.0190
24.2950,57.1151,0.0189
24.3450,57.1151,0.0189
24.3950,57.1151,0.0187
24.4450,57.1151,0.0187
24.4950,57.1151,0.0185
24.5450,57.1151,0.0184
24.5950,57.1151,0.0184
24.6450,57.1151,0.0182
24.6950,57.1151,0.0182
24.7450,57.1151,0.0180
24.7950,57.1151,0.0180
24.8450,57.1151,0.0179
24.8950,57.1151,0.0179
24.9450,57.1151,0.0178
24.9950,57.1151,0.0176
25.0450,57.1151,0.0176
25.0950,57.1151,0.0175
25.1450,57.1151,0.0176
25.1950,57.1151,0.0175
25.2450,57.1151,0.0175
25.2950,57.1151,0.0174
25.3450,57.1151,0.0174
25.3950,57.1151,0.0173
25.4450,57.1151,0.0172
25.4950,57.1151,0.0172
25.5450,57.1151,0.0171
25.5950,57.1151,0.0171
25.6450,57.1151,0.0169
25.6950,57.1151,0.0169
25.7450,57.1151,0.0168
25.7950,57.1151,0.0168
25.8450,57.1151,0.0168
25.8950,57.1151,0.0166
25.9450,57.1151,0.0166
25.9950,57.1151,0.0165
26.0450,57.1151,0.0165
26.0950,57.1151,0.0165
26.1450,57.1151,0.0165
26.1950,57.1151,0.0164
26.2450,57.1151,0.0163
26.2950,57.1151,0.0162
26.3450,57.1151,0.0161
26.3950,57.1151,0.0161
26.4450,57.1151,0.0160
26.4950,57.1151,0.0160
26.5450,57.1151,0.0158
26.5950,57.1151,0.0158
26.6450,57.1151,0.0156
26.6950,57.1151,0.0154
26.7450,57.1151,0.0154
26.7950,57.1151,0.0151
26.8450,57.1151,0.0151
26.8950,57.1151,0.0149
26.9450,57.1151,0.0149
26.9950,57.1151,0.0146
27.0450,57.1151,0.0146
27.0950,57.1151,0.0144
27.1450,57.1151,0.0142
27.1950,57.1151,0.0142
27.2450,57.1151,0.0131
27.2950,57.1151,0.0131
27.3450,57.1151,0.0125
27.3950,57.1151,0.0121
27.4450,57.1151,0.0121
27.4950,57.1151,0.0112
27.5450,57.1151,0.0108
27.5950,57.1151,0.0106
27.6450,57.1151,0.0102
27.6950,57.1151,0.0095
27.7450,57.1151,0.0094
27.7950,57.1151,0.0089
27.8450,57.1151,0.0089
27.8950,57.1151,0.0086
27.9450,57.1151,0.0082
27.9950,57.1151,0.0082
28.0450,57.1151,0.0078
28.0950,57.1151,0.0078
28.1450,57.1151,0.0073
28.1950,57.1151,0.0071
21.4450,57.0651,0.0284
21.4950,57.0651,0.0282
21.5450,57.0651,0.0282
21.5950,57.0651,0.0283
21.6450,57.0651,0.0285
21.6950,57.0651,0.0285
21.7450,57.0651,0.0285
21.7950,57.0651,0.0285
21.8450,57.0651,0.0285
21.8950,57.0651,0.0285
21.9450,57.0651,0.0285
21.9950,57.0651,0.0285
22.0450,57.0651,0.0285
22.0950,57.0651,0.0284
22.1450,57.0651,0.0284
22.1950,57.0651,0.0283
22.2450,57.0651,0.0283
22.2950,57.0651,0.0280
22.3450,57.0651,0.0280
22.3950,57.0651,0.0278
22.4450,57.0651,0.0278
22.4950,57.0651,0.0277
22.5450,57.0651,0.0274
22.5950,57.0651,0.0274
22.6450,57.0651,0.0271
22.6950,57.0651,0.0271
22.7450,57.0651,0.0268
22.7950,57.0651,0.0263
22.8450,57.0651,0.0264
22.8950,57.0651,0.0259
22.9450,57.0651,0.0254
22.9950,57.0651,0.0253
23.0450,57.0651,0.0247
23.0950,57.0651,0.0247
23.1450,57.0651,0.0243
23.1950,57.0651,0.0243
23.2450,57.0651,0.0239
23.2950,57.0651,0.0239
23.3450,57.0651,0.0235
23.9950,57.0651,0.0201
24.0450,57.0651,0.0197
24.0950,57.0651,0.0197
24.1450,57.0651,0.0194
24.1950,57.0651,0.0194
24.2450,57.0651,0.0190
24.2950,57.0651,0.0188
24.3450,57.0651,0.0188
24.3950,57.0651,0.0187
24.4450,57.0651,0.0187
24.4950,57.0651,0.0185
24.5450,57.0651,0.0185
24.5950,57.0651,0.0183
24.6450,57.0651,0.0183
24.6950,57.0651,0.0182
24.7450,57.0651,0.0180
24.7950,57.0651,0.0180
24.8450,57.0651,0.0179
24.8950,57.0651,0.0179
24.9450,57.0651,0.0178
24.9950,57.0651,0.0178
25.0450,57.0651,0.0176
25.0950,57.0651,0.0176
25.1450,57.0651,0.0175
25.1950,57.0651,0.0175
25.2450,57.0651,0.0175
25.2950,57.0651,0.0174
25.3450,57.0651,0.0174
25.3950,57.0651,0.0173
25.4450,57.0651,0.0173
25.4950,57.0651,0.0172
25.5450,57.0651,0.0171
25.5950,57.0651,0.0170
25.6450,57.0651,0.0170
25.6950,57.0651,0.0170
25.7450,57.0651,0.0168
25.7950,57.0651,0.0168
25.8450,57.0651,0.0167
25.8950,57.0651,0.0167
25.9450,57.0651,0.0166
25.9950,57.0651,0.0165
26.0450,57.0651,0.0165
26.0950,57.0651,0.0164
26.1450,57.0651,0.0164
26.1950,57.0651,0.0163
26.2450,57.0651,0.0163
26.2950,57.0651,0.0162
26.3450,57.0651,0.0162
26.3950,57.0651,0.0161
26.4450,57.0651,0.0160
26.4950,57.0651,0.0160
26.5450,57.0651,0.0157
26.5950,57.0651,0.0157
26.6450,57.0651,0.0156
26.6950,57.0651,0.0155
26.7450,57.0651,0.0153
26.7950,57.0651,0.0152
26.8450,57.0651,0.0150
26.8950,57.0651,0.0148
26.9450,57.0651,0.0148
26.9950,57.0651,0.0145
27.0450,57.0651,0.0145
27.0950,57.0651,0.0144
27.1450,57.0651,0.0143
27.1950,57.0651,0.0141
27.2450,57.0651,0.0129
27.2950,57.0651,0.0129
27.3450,57.0651,0.0125
27.3950,57.0651,0.0118
27.4450,57.0651,0.0118
27.4950,57.0651,0.0110
27.5450,57.0651,0.0110
27.5950,57.0651,0.0103
27.6450,57.0651,0.0099
27.6950,57.0651,0.0099
27.7450,57.0651,0.0092
27.7950,57.0651,0.0092
27.8450,57.0651,0.0086
27.8950,57.0651,0.0084
27.9450,57.0651,0.0082
27.9950,57.0651,0.0080
28.0450,57.0651,0.0076
28.0950,57.0651,0.0076
28.1450,57.0651,0.0073
28.1950,57.0651,0.0069
21.3950,57.0151,0.0284
21.4450,57.0151,0.0284
21.4950,57.0151,0.0284
21.5450,57.0151,0.0284
21.5950,57.0151,0.0283
21.6450,57.0151,0.0285
21.6950,57.0151,0.0285
21.7450,57.0151,0.0285
21.7950,57.0151,0.0286
21.8450,57.0151,0.0285
21.8950,57.0151,0.0285
21.9450,57.0151,0.0285
21.9950,57.0151,0.0285
22.0450,57.0151,0.0286
22.0950,57.0151,0.0286
22.1450,57.0151,0.0284
22.1950,57.0151,0.0284
22.2450,57.0151,0.0283
22.2950,57.0151,0.0280
22.3450,57.0151,0.0281
22.3950,57.0151,0.0279
22.4450,57.0151,0.0279
22.4950,57.0151,0.0277
22.5450,57.0151,0.0277
22.5950,57.0151,0.0274
22.6450,57.0151,0.0274
22.6950,57.0151,0.0271
22.7450,57.0151,0.0268
22.7950,57.0151,0.0264
22.8450,57.0151,0.0264
22.8950,57.0151,0.0259
22.9450,57.0151,0.0259
22.9950,57.0151,0.0254
23.0450,57.0151,0.0254
23.0950,57.0151,0.0248
23.1450,57.0151,0.0243
23.1950,57.0151,0.0243
23.2450,57.0151,0.0239
23.2950,57.0151,0.0240
23.3450,57.0151,0.0235
23.3950,57.0151,0.0235
23.4450,57.0151,0.0230
23.4950,57.0151,0.0230
23.8450,57.0151,0.0210
23.8950,57.0151,0.0205
23.9450,57.0151,0.0201
23.9950,57.0151,0.0201
24.0450,57.0151,0.0197
24.0950,57.0151,0.0197
24.1450,57.0151,0.0194
24.1950,57.0151,0.0194
24.2450,57.0151,0.0190
24.2950,57.0151,0.0191
24.3450,57.0151,0.0188
24.3950,57.0151,0.0188
24.4450,57.0151,0.0186
24.4950,57.0151,0.0185
24.5450,57.0151,0.0185
24.5950,57.0151,0.0183
24.6450,57.0151,0.0183
24.6950,57.0151,0.0182
24.7450,57.0151,0.0182
24.7950,57.0151,0.0180
24.8450,57.0151,0.0179
24.8950,57.0151,0.0179
24.9450,57.0151,0.0177
24.9950,57.0151,0.0177
25.0450,57.0151,0.0176
25.0950,57.0151,0.0176
25.1450,57.0151,0.0175
25.1950,57.0151,0.0175
25.2450,57.0151,0.0174
25.2950,57.0151,0.0173
25.3450,57.0151,0.0173
25.3950,57.0151,0.0172
25.4450,57.0151,0.0172
25.4950,57.0151,0.0171
25.5450,57.0151,0.0171
25.5950,57.0151,0.0170
25.6450,57.0151,0.0170
25.6950,57.0151,0.0169
25.7450,57.0151,0.0168
25.7950,57.0151,0.0168
25.8450,57.0151,0.0167
25.8950,57.0151,0.0167
25.9450,57.0151,0.0166
25.9950,57.0151,0.0166
26.0450,57.0151,0.0165
26.0950,57.0151,0.0164
26.1450,57.0151,0.0164
26.1950,57.0151,0.0163
26.2450,57.0151,0.0163
26.2950,57.0151,0.0162
26.3450,57.0151,0.0162
26.3950,57.0151,0.0160
26.4450,57.0151,0.0160
26.4950,57.0151,0.0159
26.5450,57.0151,0.0157
26.5950,57.0151,0.0157
26.6450,57.0151,0.0155
26.6950,57.0151,0.0154
26.7450,57.0151,0.0152
26.7950,57.0151,0.0152
26.8450,57.0151,0.0150
26.8950,57.0151,0.0149
26.9450,57.0151,0.0148
26.9950,57.0151,0.0145
27.0450,57.0151,0.0145
27.0950,57.0151,0.0143
27.1450,57.0151,0.0142
27.1950,57.0151,0.0140
27.2450,57.0151,0.0140
27.2950,57.0151,0.0127
27.3450,57.0151,0.0122
27.3950,57.0151,0.0122
27.4450,57.0151,0.0114
27.4950,57.0151,0.0111
27.5450,57.0151,0.0107
27.5950,57.0151,0.0103
27.6450,57.0151,0.0101
27.6950,57.0151,0.0096
27.7450,57.0151,0.0090
27.7950,57.0151,0.0090
27.8450,57.0151,0.0085
27.8950,57.0151,0.0083
27.9450,57.0151,0.0082
27.9950,57.0151,0.0079
28.0450,57.0151,0.0079
28.0950,57.0151,0.0074
28.1450,57.0151,0.0072
28.1950,57.0151,0.0070
21.2950,56.9651,0.0287
21.3450,56.9651,0.0286
21.3950,56.9651,0.0286
21.4450,56.9651,0.0285
21.4950,56.9651,0.0285
21.5450,56.9651,0.0286
21.5950,56.9651,0.0285
21.6450,56.9651,0.0287
21.6950,56.9651,0.0286
21.7450,56.9651,0.0286
21.7950,56.9651,0.0286
21.8450,56.9651,0.0286
21.8950,56.9651,0.0286
21.9450,56.9651,0.0286
21.9950,56.9651,0.0286
22.0450,56.9651,0.0286
22.0950,56.9651,0.0286
22.1450,56.9651,0.0285
22.1950,56.9651,0.0285
22.2450,56.9651,0.0283
22.2950,56.9651,0.0283
22.3450,56.9651,0.0281
22.3950,56.9651,0.0281
22.4450,56.9651,0.0280
22.4950,56.9651,0.0278
22.5450,56.9651,0.0278
22.5950,56.9651,0.0274
22.6450,56.9651,0.0275
22.6950,56.9651,0.0272
22.7450,56.9651,0.0272
22.7950,56.9651,0.0266
22.8450,56.9651,0.0264
22.8950,56.9651,0.0260
22.9450,56.9651,0.0260
22.9950,56.9651,0.0255
23.0450,56.9651,0.0255
23.0950,56.9651,0.0248
23.1450,56.9651,0.0249
23.1950,56.9651,0.0244
23.2450,56.9651,0.0242
23.2950,56.9651,0.0241
23.3450,56.9651,0.0236
23.3950,56.9651,0.0236
23.4450,56.9651,0.0231
23.4950,56.9651,0.0231
23.5450,56.9651,0.0226
23.5950,56.9651,0.0226
23.6450,56.9651,0.0220
23.6950,56.9651,0.0215
23.7450,56.9651,0.0215
23.7950,56.9651,0.0210
23.8450,56.9651,0.0210
23.8950,56.9651,0.0205
23.9450,56.9651,0.0205
23.9950,56.9651,0.0201
24.0450,56.9651,0.0201
24.0950,56.9651,0.0197
24.1450,56.9651,0.0194
24.1950,56.9651,0.0194
24.2450,56.9651,0.0191
24.2950,56.9651,0.0190
24.3450,56.9651,0.0188
24.3950,56.9651,0.0188
24.4450,56.9651,0.0186
24.4950,56.9651,0.0186
24.5450,56.9651,0.0185
24.5950,56.9651,0.0183
24.6450,56.9651,0.0183
24.6950,56.9651,0.0182
24.7450,56.9651,0.0181
24.7950,56.9651,0.0180
24.8450,56.9651,0.0180
24.8950,56.9651,0.0178
24.9450,56.9651,0.0178
24.9950,56.9651,0.0177
25.0450,56.9651,0.0176
25.0950,56.9651,0.0176
25.1450,56.9651,0.0175
25.1950,56.9651,0.0175
25.2450,56.9651,0.0174
25.2950,56.9651,0.0174
25.3450,56.9651,0.0173
25.3950,56.9651,0.0172
25.4450,56.9651,0.0172
25.4950,56.9651,0.0171
25.5450,56.9651,0.0171
25.5950,56.9651,0.0170
25.6450,56.9651,0.0169
25.6950,56.9651,0.0169
25.7450,56.9651,0.0169
25.7950,56.9651,0.0167
25.8450,56.9651,0.0166
25.8950,56.9651,0.0166
25.9450,56.9651,0.0165
25.9950,56.9651,0.0165
26.0450,56.9651,0.0165
26.0950,56.9651,0.0164
26.1450,56.9651,0.0163
26.1950,56.9651,0.0163
26.2450,56.9651,0.0162
26.2950,56.9651,0.0161
26.3450,56.9651,0.0161
26.3950,56.9651,0.0159
26.4450,56.9651,0.0159
26.4950,56.9651,0.0158
26.5450,56.9651,0.0157
26.5950,56.9651,0.0156
26.6450,56.9651,0.0154
26.6950,56.9651,0.0154
26.7450,56.9651,0.0152
26.7950,56.9651,0.0152
26.8450,56.9651,0.0149
26.8950,56.9651,0.0149
26.9450,56.9651,0.0147
26.9950,56.9651,0.0146
27.0450,56.9651,0.0144
27.0950,56.9651,0.0142
27.1450,56.9651,0.0142
27.1950,56.9651,0.0132
27.2450,56.9651,0.0132
27.2950,56.9651,0.0125
27.3450,56.9651,0.0125
27.3950,56.9651,0.0119
27.4450,56.9651,0.0111
27.4950,56.9651,0.0111
27.5450,56.9651,0.0105
27.5950,56.9651,0.0101
27.6450,56.9651,0.0100
27.6950,56.9651,0.0094
27.7450,56.9651,0.0094
27.7950,56.9651,0.0088
27.8450,56.9651,0.0085
27.8950,56.9651,0.0083
27.9450,56.9651,0.0081
27.9950,56.9651,0.0077
28.0450,56.9651,0.0077
28.0950,56.9651,0.0073
28.1450,56.9651,0.0073
28.1950,56.9651,0.0070
21.1950,56.9151,0.0287
21.2450,56.9151,0.0287
21.2950,56.9151,0.0287
21.3450,56.9151,0.0286
21.3950,56.9151,0.0287
21.4450,56.9151,0.0287
21.4950,56.9151,0.0287
21.5450,56.9151,0.0287
21.5950,56.9151,0.0287
21.6450,56.9151,0.0287
21.6950,56.9151,0.0287
21.7450,56.9151,0.0287
21.7950,56.9151,0.0287
21.8450,56.9151,0.0287
21.8950,56.9151,0.0287
21.9450,56.9151,0.0287
21.9950,56.9151,0.0286
22.0450,56.9151,0.0286
22.0950,56.9151,0.0286
22.1450,56.9151,0.0285
22.1950,56.9151,0.0285
22.2450,56.9151,0.0283
22.2950,56.9151,0.0283
22.3450,56.9151,0.0282
22.3950,56.9151,0.0282
22.4450,56.9151,0.0280
22.4950,56.9151,0.0280
22.5450,56.9151,0.0278
22.5950,56.9151,0.0275
22.6450,56.9151,0.0275
22.6950,56.9151,0.0272
22.7450,56.9151,0.0272
22.7950,56.9151,0.0269
22.8450,56.9151,0.0265
22.8950,56.9151,0.0265
22.9450,56.9151,0.0260
22.9950,56.9151,0.0255
23.0450,56.9151,0.0255
23.0950,56.9151,0.0249
23.1450,56.9151,0.0249
23.1950,56.9151,0.0244
23.2450,56.9151,0.0244
23.2950,56.9151,0.0241
23.3450,56.9151,0.0241
23.3950,56.9151,0.0236
23.4450,56.9151,0.0231
23.4950,56.9151,0.0231
23.5450,56.9151,0.0226
23.5950,56.9151,0.0226
23.6450,56.9151,0.0220
23.6950,56.9151,0.0220
23.7450,56.9151,0.0215
23.7950,56.9151,0.0215
23.8450,56.9151,0.0210
23.8950,56.9151,0.0205
23.9450,56.9151,0.0205
23.9950,56.9151,0.0201
24.0450,56.9151,0.0201
24.0950,56.9151,0.0197
24.1450,56.9151,0.0197
24.1950,56.9151,0.0193
24.2450,56.9151,0.0193
24.2950,56.9151,0.0190
24.3450,56.9151,0.0188
24.3950,56.9151,0.0188
24.4450,56.9151,0.0186
24.4950,56.9151,0.0186
24.5450,56.9151,0.0184
24.5950,56.9151,0.0184
24.6450,56.9151,0.0183
24.6950,56.9151,0.0182
24.7450,56.9151,0.0181
24.7950,56.9151,0.0179
24.8450,56.9151,0.0179
24.8950,56.9151,0.0178
24.9450,56.9151,0.0178
24.9950,56.9151,0.0177
25.0450,56.9151,0.0176
25.0950,56.9151,0.0175
25.1450,56.9151,0.0175
25.1950,56.9151,0.0174
25.2450,56.9151,0.0173
25.2950,56.9151,0.0173
25.3450,56.9151,0.0172
25.3950,56.9151,0.0172
25.4450,56.9151,0.0171
25.4950,56.9151,0.0170
25.5450,56.9151,0.0170
25.5950,56.9151,0.0169
25.6450,56.9151,0.0169
25.6950,56.9151,0.0168
25.7450,56.9151,0.0168
25.7950,56.9151,0.0166
25.8450,56.9151,0.0166
25.8950,56.9151,0.0166
25.9450,56.9151,0.0164
25.9950,56.9151,0.0164
26.0450,56.9151,0.0164
26.0950,56.9151,0.0163
26.1450,56.9151,0.0163
26.1950,56.9151,0.0163
26.2450,56.9151,0.0161
26.2950,56.9151,0.0161
26.3450,56.9151,0.0161
26.3950,56.9151,0.0158
26.4450,56.9151,0.0158
26.4950,56.9151,0.0157
26.5450,56.9151,0.0156
26.5950,56.9151,0.0155
26.6450,56.9151,0.0155
26.6950,56.9151,0.0153
26.7450,56.9151,0.0151
26.7950,56.9151,0.0151
26.8450,56.9151,0.0148
26.8950,56.9151,0.0148
26.9450,56.9151,0.0146
26.9950,56.9151,0.0146
27.0450,56.9151,0.0144
27.0950,56.9151,0.0144
27.1450,56.9151,0.0142
27.1950,56.9151,0.0131
27.2450,56.9151,0.0131
27.2950,56.9151,0.0124
27.3450,56.9151,0.0124
27.3950,56.9151,0.0116
27.4450,56.9151,0.0116
27.4950,56.9151,0.0109
27.5450,56.9151,0.0105
27.5950,56.9151,0.0103
27.6450,56.9151,0.0098
27.6950,56.9151,0.0092
27.7450,56.9151,0.0092
27.7950,56.9151,0.0086
27.8450,56.9151,0.0086
27.8950,56.9151,0.0083
27.9450,56.9151,0.0080
27.9950,56.9151,0.0080
28.0450,56.9151,0.0075
28.0950,56.9151,0.0073
28.1450,56.9151,0.0071
28.1950,56.9151,0.0068
21.0950,56.8651,0.0288
21.1450,56.8651,0.0288
21.1950,56.8651,0.0287
21.2450,56.8651,0.0287
21.2950,56.8651,0.0288
21.3450,56.8651,0.0288
21.3950,56.8651,0.0288
21.4450,56.8651,0.0288
21.4950,56.8651,0.0288
21.5450,56.8651,0.0288
21.5950,56.8651,0.0288
21.6450,56.8651,0.0287
21.6950,56.8651,0.0288
21.7450,56.8651,0.0288
21.7950,56.8651,0.0288
21.8450,56.8651,0.0288
21.8950,56.8651,0.0287
21.9450,56.8651,0.0287
21.9950,56.8651,0.0287
22.0450,56.8651,0.0287
22.0950,56.8651,0.0286
22.1450,56.8651,0.0286
22.1950,56.8651,0.0285
22.2450,56.8651,0.0285
22.2950,56.8651,0.0284
22.3450,56.8651,0.0282
22.3950,56.8651,0.0282
22.4450,56.8651,0.0280
22.4950,56.8651,0.0280
22.5450,56.8651,0.0278
22.5950,56.8651,0.0278
22.6450,56.8651,0.0275
22.6950,56.8651,0.0275
22.7450,56.8651,0.0272
22.7950,56.8651,0.0269
22.8450,56.8651,0.0265
22.8950,56.8651,0.0265
22.9450,56.8651,0.0260
22.9950,56.8651,0.0260
23.0450,56.8651,0.0255
23.0950,56.8651,0.0254
23.1450,56.8651,0.0249
23.1950,56.8651,0.0245
23.2450,56.8651,0.0245
23.2950,56.8651,0.0241
23.3450,56.8651,0.0241
23.3950,56.8651,0.0236
23.4450,56.8651,0.0236
23.4950,56.8651,0.0231
23.5450,56.8651,0.0229
23.5950,56.8651,0.0226
23.6450,56.8651,0.0221
23.6950,56.8651,0.0221
23.7450,56.8651,0.0215
23.7950,56.8651,0.0215
23.8450,56.8651,0.0210
23.8950,56.8651,0.0210
23.9450,56.8651,0.0205
23.9950,56.8651,0.0202
24.0450,56.8651,0.0200
24.0950,56.8651,0.0197
24.1450,56.8651,0.0197
24.1950,56.8651,0.0193
24.2450,56.8651,0.0193
24.2950,56.8651,0.0190
24.3450,56.8651,0.0189
24.3950,56.8651,0.0187
24.4450,56.8651,0.0186
24.4950,56.8651,0.0186
24.5450,56.8651,0.0184
24.5950,56.8651,0.0184
24.6450,56.8651,0.0182
24.6950,56.8651,0.0182
24.7450,56.8651,0.0180
24.7950,56.8651,0.0180
24.8450,56.8651,0.0179
24.8950,56.8651,0.0177
24.9450,56.8651,0.0177
24.9950,56.8651,0.0176
25.0450,56.8651,0.0175
25.0950,56.8651,0.0175
25.1450,56.8651,0.0175
25.1950,56.8651,0.0173
25.2450,56.8651,0.0173
25.2950,56.8651,0.0173
25.3450,56.8651,0.0171
25.3950,56.8651,0.0171
25.4450,56.8651,0.0171
25.4950,56.8651,0.0170
25.5450,56.8651,0.0169
25.5950,56.8651,0.0169
25.6450,56.8651,0.0168
25.6950,56.8651,0.0167
25.7450,56.8651,0.0167
25.7950,56.8651,0.0166
25.8450,56.8651,0.0166
25.8950,56.8651,0.0165
25.9450,56.8651,0.0164
25.9950,56.8651,0.0164
26.0450,56.8651,0.0164
26.0950,56.8651,0.0163
26.1450,56.8651,0.0162
26.1950,56.8651,0.0162
26.2450,56.8651,0.0160
26.2950,56.8651,0.0160
26.3450,56.8651,0.0160
26.3950,56.8651,0.0159
26.4450,56.8651,0.0157
26.4950,56.8651,0.0156
26.5450,56.8651,0.0156
26.5950,56.8651,0.0154
26.6450,56.8651,0.0154
26.6950,56.8651,0.0152
26.7450,56.8651,0.0152
26.7950,56.8651,0.0150
26.8450,56.8651,0.0148
26.8950,56.8651,0.0147
26.9450,56.8651,0.0145
26.9950,56.8651,0.0145
27.0450,56.8651,0.0143
27.0950,56.8651,0.0143
27.1450,56.8651,0.0141
27.1950,56.8651,0.0140
27.2450,56.8651,0.0130
27.2950,56.8651,0.0123
27.3450,56.8651,0.0123
27.3950,56.8651,0.0115
27.4450,56.8651,0.0115
27.4950,56.8651,0.0108
27.5450,56.8651,0.0108
27.5950,56.8651,0.0102
27.6450,56.8651,0.0096
27.6950,56.8651,0.0096
27.7450,56.8651,0.0090
27.7950,56.8651,0.0086
27.8450,56.8651,0.0085
27.8950,56.8651,0.0082
27.9450,56.8651,0.0079
27.9950,56.8651,0.0078
28.0450,56.8651,0.0074
28.0950,56.8651,0.0074
28.1450,56.8651,0.0071
28.1950,56.8651,0.0066
21.0950,56.8151,0.0288
21.1450,56.8151,0.0289
21.1950,56.8151,0.0288
21.2450,56.8151,0.0288
21.2950,56.8151,0.0289
21.3450,56.8151,0.0289
21.3950,56.8151,0.0288
21.4450,56.8151,0.0290
21.4950,56.8151,0.0289
21.5450,56.8151,0.0289
21.5950,56.8151,0.0289
21.6450,56.8151,0.0288
21.6950,56.8151,0.0289
21.7450,56.8151,0.0289
21.7950,56.8151,0.0289
21.8450,56.8151,0.0288
21.8950,56.8151,0.0288
21.9450,56.8151,0.0287
21.9950,56.8151,0.0287
22.0450,56.8151,0.0287
22.0950,56.8151,0.0286
22.1450,56.8151,0.0286
22.1950,56.8151,0.0285
22.2450,56.8151,0.0285
22.2950,56.8151,0.0283
22.3450,56.8151,0.0283
22.3950,56.8151,0.0282
22.4450,56.8151,0.0281
22.4950,56.8151,0.0280
22.5450,56.8151,0.0278
22.5950,56.8151,0.0278
22.6450,56.8151,0.0275
22.6950,56.8151,0.0276
22.7450,56.8151,0.0273
22.7950,56.8151,0.0269
22.8450,56.8151,0.0266
22.8950,56.8151,0.0264
22.9450,56.8151,0.0260
22.9950,56.8151,0.0260
23.0450,56.8151,0.0255
23.0950,56.8151,0.0255
23.1450,56.8151,0.0249
23.1950,56.8151,0.0249
23.2450,56.8151,0.0245
23.2950,56.8151,0.0241
23.3450,56.8151,0.0241
23.3950,56.8151,0.0236
23.4450,56.8151,0.0236
23.4950,56.8151,0.0231
23.5450,56.8151,0.0231
23.5950,56.8151,0.0226
23.6450,56.8151,0.0226
23.6950,56.8151,0.0220
23.7450,56.8151,0.0215
23.7950,56.8151,0.0215
23.8450,56.8151,0.0210
23.8950,56.8151,0.0209
23.9450,56.8151,0.0205
23.9950,56.8151,0.0205
24.0450,56.8151,0.0200
24.0950,56.8151,0.0200
24.1450,56.8151,0.0196
24.1950,56.8151,0.0192
24.2450,56.8151,0.0192
24.2950,56.8151,0.0189
24.3450,56.8151,0.0189
24.3950,56.8151,0.0187
24.4450,56.8151,0.0187
24.4950,56.8151,0.0185
24.5450,56.8151,0.0184
24.5950,56.8151,0.0184
24.6450,56.8151,0.0181
24.6950,56.8151,0.0181
24.7450,56.8151,0.0180
24.7950,56.8151,0.0179
24.8450,56.8151,0.0178
24.8950,56.8151,0.0178
24.9450,56.8151,0.0176
24.9950,56.8151,0.0175
25.0450,56.8151,0.0175
25.0950,56.8151,0.0174
25.1450,56.8151,0.0174
25.1950,56.8151,0.0172
25.2450,56.8151,0.0172
25.2950,56.8151,0.0172
25.3450,56.8151,0.0171
25.3950,56.8151,0.0171
25.4450,56.8151,0.0170
25.4950,56.8151,0.0169
25.5450,56.8151,0.0168
25.5950,56.8151,0.0168
25.6450,56.8151,0.0167
25.6950,56.8151,0.0167
25.7450,56.8151,0.0166
25.7950,56.8151,0.0165
25.8450,56.8151,0.0165
25.8950,56.8151,0.0164
25.9450,56.8151,0.0164
25.9950,56.8151,0.0163
26.0450,56.8151,0.0163
26.0950,56.8151,0.0161
26.1450,56.8151,0.0161
26.1950,56.8151,0.0161
26.2450,56.8151,0.0160
26.2950,56.8151,0.0160
26.3450,56.8151,0.0159
26.3950,56.8151,0.0159
26.4450,56.8151,0.0156
26.4950,56.8151,0.0156
26.5450,56.8151,0.0155
26.5950,56.8151,0.0153
26.6450,56.8151,0.0153
26.6950,56.8151,0.0151
26.7450,56.8151,0.0151
26.7950,56.8151,0.0149
26.8450,56.8151,0.0149
26.8950,56.8151,0.0146
26.9450,56.8151,0.0146
26.9950,56.8151,0.0145
27.0450,56.8151,0.0142
27.0950,56.8151,0.0142
27.1450,56.8151,0.0140
27.1950,56.8151,0.0139
27.2450,56.8151,0.0129
27.2950,56.8151,0.0129
27.3450,56.8151,0.0122
27.3950,56.8151,0.0115
27.4450,56.8151,0.0115
27.4950,56.8151,0.0108
27.5450,56.8151,0.0108
27.5950,56.8151,0.0102
27.6450,56.8151,0.0097
27.6950,56.8151,0.0096
27.7450,56.8151,0.0092
27.7950,56.8151,0.0092
27.8450,56.8151,0.0084
27.8950,56.8151,0.0081
27.9450,56.8151,0.0081
27.9950,56.8151,0.0077
28.0450,56.8151,0.0077
28.0950,56.8151,0.0072
28.1450,56.8151,0.0069
28.1950,56.8151,0.0068
21.0950,56.7651,0.0290
21.1450,56.7651,0.0290
21.1950,56.7651,0.0290
21.2450,56.7651,0.0290
21.2950,56.7651,0.0290
21.3450,56.7651,0.0290
21.3950,56.7651,0.0290
21.4450,56.7651,0.0291
21.4950,56.7651,0.0289
21.5450,56.7651,0.0289
21.5950,56.7651,0.0290
21.6450,56.7651,0.0290
21.6950,56.7651,0.0290
21.7450,56.7651,0.0289
21.7950,56.7651,0.0289
21.8450,56.7651,0.0289
21.8950,56.7651,0.0289
21.9450,56.7651,0.0288
21.9950,56.7651,0.0288
22.0450,56.7651,0.0286
22.0950,56.7651,0.0286
22.1450,56.7651,0.0285
22.1950,56.7651,0.0285
22.2450,56.7651,0.0284
22.2950,56.7651,0.0283
22.3450,56.7651,0.0283
22.3950,56.7651,0.0281
22.4450,56.7651,0.0281
22.4950,56.7651,0.0280
22.5450,56.7651,0.0279
22.5950,56.7651,0.0278
22.6450,56.7651,0.0276
22.6950,56.7651,0.0275
22.7450,56.7651,0.0273
22.7950,56.7651,0.0269
22.8450,56.7651,0.0269
22.8950,56.7651,0.0264
22.9450,56.7651,0.0264
22.9950,56.7651,0.0260
23.0450,56.7651,0.0254
23.0950,56.7651,0.0254
23.1450,56.7651,0.0249
23.1950,56.7651,0.0249
23.2450,56.7651,0.0245
23.2950,56.7651,0.0245
23.3450,56.7651,0.0241
23.3950,56.7651,0.0240
23.4450,56.7651,0.0236
23.4950,56.7651,0.0231
23.5450,56.7651,0.0231
23.5950,56.7651,0.0226
23.6450,56.7651,0.0226
23.6950,56.7651,0.0220
23.7450,56.7651,0.0220
23.7950,56.7651,0.0215
23.8450,56.7651,0.0212
23.8950,56.7651,0.0209
23.9450,56.7651,0.0204
23.9950,56.7651,0.0204
24.0450,56.7651,0.0199
24.0950,56.7651,0.0199
24.1450,56.7651,0.0196
24.1950,56.7651,0.0195
24.2450,56.7651,0.0191
24.2950,56.7651,0.0189
24.3450,56.7651,0.0188
24.3950,56.7651,0.0187
24.4450,56.7651,0.0187
24.4950,56.7651,0.0185
24.5450,56.7651,0.0185
24.5950,56.7651,0.0183
24.6450,56.7651,0.0182
24.6950,56.7651,0.0181
24.7450,56.7651,0.0179
24.7950,56.7651,0.0178
24.8450,56.7651,0.0177
24.8950,56.7651,0.0177
24.9450,56.7651,0.0176
24.9950,56.7651,0.0176
25.0450,56.7651,0.0175
25.0950,56.7651,0.0173
25.1450,56.7651,0.0173
25.1950,56.7651,0.0172
25.2450,56.7651,0.0172
25.2950,56.7651,0.0171
25.3450,56.7651,0.0171
25.3950,56.7651,0.0170
25.4450,56.7651,0.0170
25.4950,56.7651,0.0169
25.5450,56.7651,0.0168
25.5950,56.7651,0.0168
25.6450,56.7651,0.0166
25.6950,56.7651,0.0166
25.7450,56.7651,0.0166
25.7950,56.7651,0.0166
25.8450,56.7651,0.0164
25.8950,56.7651,0.0164
25.9450,56.7651,0.0164
25.9950,56.7651,0.0162
26.0450,56.7651,0.0162
26.0950,56.7651,0.0161
26.1450,56.7651,0.0161
26.1950,56.7651,0.0160
26.2450,56.7651,0.0160
26.2950,56.7651,0.0159
26.3450,56.7651,0.0158
26.3950,56.7651,0.0158
26.4450,56.7651,0.0156
26.4950,56.7651,0.0156
26.5450,56.7651,0.0154
26.5950,56.7651,0.0154
26.6450,56.7651,0.0152
26.6950,56.7651,0.0151
26.7450,56.7651,0.0149
26.7950,56.7651,0.0148
26.8450,56.7651,0.0148
26.8950,56.7651,0.0145
26.9450,56.7651,0.0145
26.9950,56.7651,0.0144
27.0450,56.7651,0.0142
27.0950,56.7651,0.0141
27.1450,56.7651,0.0139
27.1950,56.7651,0.0139
27.2450,56.7651,0.0129
27.2950,56.7651,0.0129
27.3450,56.7651,0.0122
27.3950,56.7651,0.0122
27.4450,56.7651,0.0115
27.4950,56.7651,0.0108
27.5450,56.7651,0.0108
27.5950,56.7651,0.0102
27.6450,56.7651,0.0103
27.6950,56.7651,0.0097
27.7450,56.7651,0.0094
27.7950,56.7651,0.0090
27.8450,56.7651,0.0084
27.8950,56.7651,0.0083
27.9450,56.7651,0.0080
27.9950,56.7651,0.0075
28.0450,56.7651,0.0075
28.0950,56.7651,0.0071
28.1450,56.7651,0.0068
28.1950,56.7651,0.0068
21.0950,56.7151,0.0290
21.1450,56.7151,0.0290
21.1950,56.7151,0.0291
21.2450,56.7151,0.0291
21.2950,56.7151,0.0292
21.3450,56.7151,0.0291
21.3950,56.7151,0.0291
21.4450,56.7151,0.0291
21.4950,56.7151,0.0290
21.5450,56.7151,0.0290
21.5950,56.7151,0.0291
21.6450,56.7151,0.0291
21.6950,56.7151,0.0290
21.7450,56.7151,0.0290
21.7950,56.7151,0.0289
21.8450,56.7151,0.0289
21.8950,56.7151,0.0288
21.9450,56.7151,0.0288
21.9950,56.7151,0.0287
22.0450,56.7151,0.0286
22.0950,56.7151,0.0286
22.1450,56.7151,0.0285
22.1950,56.7151,0.0285
22.2450,56.7151,0.0284
22.2950,56.7151,0.0283
22.3450,56.7151,0.0283
22.3950,56.7151,0.0280
22.4450,56.7151,0.0280
22.4950,56.7151,0.0279
22.5450,56.7151,0.0279
22.5950,56.7151,0.0278
22.6450,56.7151,0.0278
22.6950,56.7151,0.0275
22.7450,56.7151,0.0274
22.7950,56.7151,0.0268
22.8450,56.7151,0.0268
22.8950,56.7151,0.0264
22.9450,56.7151,0.0263
22.9950,56.7151,0.0259
23.0450,56.7151,0.0259
23.0950,56.7151,0.0254
23.1450,56.7151,0.0251
23.1950,56.7151,0.0248
23.2450,56.7151,0.0244
23.2950,56.7151,0.0244
23.3450,56.7151,0.0240
23.3950,56.7151,0.0240
23.4450,56.7151,0.0236
23.4950,56.7151,0.0236
23.5450,56.7151,0.0231
23.5950,56.7151,0.0226
23.6450,56.7151,0.0226
23.6950,56.7151,0.0220
23.7450,56.7151,0.0220
23.7950,56.7151,0.0215
23.8450,56.7151,0.0215
23.8950,56.7151,0.0209
23.9450,56.7151,0.0208
23.9950,56.7151,0.0203
24.0450,56.7151,0.0198
24.0950,56.7151,0.0198
24.1450,56.7151,0.0194
24.1950,56.7151,0.0194
24.2450,56.7151,0.0190
24.2950,56.7151,0.0190
24.3450,56.7151,0.0188
24.3950,56.7151,0.0187
24.4450,56.7151,0.0186
24.4950,56.7151,0.0184
24.5450,56.7151,0.0184
24.5950,56.7151,0.0182
24.6450,56.7151,0.0182
24.6950,56.7151,0.0180
24.7450,56.7151,0.0180
24.7950,56.7151,0.0177
24.8450,56.7151,0.0177
24.8950,56.7151,0.0177
24.9450,56.7151,0.0174
24.9950,56.7151,0.0174
25.0450,56.7151,0.0174
25.0950,56.7151,0.0173
25.1450,56.7151,0.0172
25.1950,56.7151,0.0172
25.2450,56.7151,0.0171
25.2950,56.7151,0.0170
25.3450,56.7151,0.0170
25.3950,56.7151,0.0169
25.4450,56.7151,0.0169
25.4950,56.7151,0.0168
25.5450,56.7151,0.0167
25.5950,56.7151,0.0167
25.6450,56.7151,0.0166
25.6950,56.7151,0.0165
25.7450,56.7151,0.0164
25.7950,56.7151,0.0164
25.8450,56.7151,0.0163
25.8950,56.7151,0.0163
25.9450,56.7151,0.0162
25.9950,56.7151,0.0161
26.0450,56.7151,0.0161
26.0950,56.7151,0.0161
26.1450,56.7151,0.0160
26.1950,56.7151,0.0159
26.2450,56.7151,0.0159
26.2950,56.7151,0.0158
26.3450,56.7151,0.0158
26.3950,56.7151,0.0157
26.4450,56.7151,0.0155
26.4950,56.7151,0.0155
26.5450,56.7151,0.0154
26.5950,56.7151,0.0152
26.6450,56.7151,0.0151
26.6950,56.7151,0.0151
26.7450,56.7151,0.0148
26.7950,56.7151,0.0147
26.8450,56.7151,0.0146
26.8950,56.7151,0.0144
26.9450,56.7151,0.0144
26.9950,56.7151,0.0143
27.0450,56.7151,0.0142
27.0950,56.7151,0.0141
27.1450,56.7151,0.0140
27.1950,56.7151,0.0138
27.2450,56.7151,0.0128
27.2950,56.7151,0.0128
27.3450,56.7151,0.0122
27.3950,56.7151,0.0122
27.4450,56.7151,0.0115
27.4950,56.7151,0.0115
27.5450,56.7151,0.0109
27.5950,56.7151,0.0103
27.6450,56.7151,0.0103
27.6950,56.7151,0.0096
27.7450,56.7151,0.0096
27.7950,56.7151,0.0088
27.8450,56.7151,0.0083
27.8950,56.7151,0.0083
27.9450,56.7151,0.0078
27.9950,56.7151,0.0078
28.0450,56.7151,0.0074
28.0950,56.7151,0.0071
28.1450,56.7151,0.0070
28.1950,56.7151,0.0066
21.0450,56.6651,0.0292
21.0950,56.6651,0.0292
21.1450,56.6651,0.0292
21.1950,56.6651,0.0293
21.2450,56.6651,0.0292
21.2950,56.6651,0.0292
21.3450,56.6651,0.0292
21.3950,56.6651,0.0292
21.4450,56.6651,0.0292
21.4950,56.6651,0.0292
21.5450,56.6651,0.0290
21.5950,56.6651,0.0291
21.6450,56.6651,0.0291
21.6950,56.6651,0.0290
21.7450,56.6651,0.0290
21.7950,56.6651,0.0289
21.8450,56.6651,0.0289
21.8950,56.6651,0.0289
21.9450,56.6651,0.0289
21.9950,56.6651,0.0287
22.0450,56.6651,0.0287
22.0950,56.6651,0.0286
22.1450,56.6651,0.0284
22.1950,56.6651,0.0284
22.2450,56.6651,0.0283
22.2950,56.6651,0.0282
22.3450,56.6651,0.0281
22.3950,56.6651,0.0281
22.4450,56.6651,0.0280
22.4950,56.6651,0.0279
22.5450,56.6651,0.0279
22.5950,56.6651,0.0277
22.6450,56.6651,0.0277
22.6950,56.6651,0.0274
22.7450,56.6651,0.0274
22.7950,56.6651,0.0270
22.8450,56.6651,0.0268
22.8950,56.6651,0.0264
22.9450,56.6651,0.0263
22.9950,56.6651,0.0258
23.0450,56.6651,0.0258
23.0950,56.6651,0.0253
23.1450,56.6651,0.0253
23.1950,56.6651,0.0247
23.2450,56.6651,0.0247
23.2950,56.6651,0.0244
23.3450,56.6651,0.0240
23.3950,56.6651,0.0240
23.4450,56.6651,0.0236
23.4950,56.6651,0.0235
23.5450,56.6651,0.0231
23.5950,56.6651,0.0231
23.6450,56.6651,0.0225
23.6950,56.6651,0.0224
23.7450,56.6651,0.0220
23.7950,56.6651,0.0213
23.8450,56.6651,0.0213
23.8950,56.6651,0.0208
23.9450,56.6651,0.0207
23.9950,56.6651,0.0202
24.0450,56.6651,0.0202
24.0950,56.6651,0.0197
24.1450,56.6651,0.0194
24.1950,56.6651,0.0193
24.2450,56.6651,0.0190
24.2950,56.6651,0.0190
24.3450,56.6651,0.0187
24.3950,56.6651,0.0187
24.4450,56.6651,0.0186
24.4950,56.6651,0.0185
24.5450,56.6651,0.0183
24.5950,56.6651,0.0182
24.6450,56.6651,0.0181
24.6950,56.6651,0.0179
24.7450,56.6651,0.0179
24.7950,56.6651,0.0177
24.8450,56.6651,0.0177
24.8950,56.6651,0.0175
24.9450,56.6651,0.0174
24.9950,56.6651,0.0173
25.0450,56.6651,0.0173
25.0950,56.6651,0.0172
25.1450,56.6651,0.0171
25.1950,56.6651,0.0171
25.2450,56.6651,0.0170
25.2950,56.6651,0.0170
25.3450,56.6651,0.0169
25.3950,56.6651,0.0168
25.4450,56.6651,0.0168
25.4950,56.6651,0.0167
25.5450,56.6651,0.0166
25.5950,56.6651,0.0166
25.6450,56.6651,0.0166
25.6950,56.6651,0.0164
25.7450,56.6651,0.0163
25.7950,56.6651,0.0163
25.8450,56.6651,0.0162
25.8950,56.6651,0.0162
25.9450,56.6651,0.0161
25.9950,56.6651,0.0160
26.0450,56.6651,0.0160
26.0950,56.6651,0.0160
26.1450,56.6651,0.0159
26.1950,56.6651,0.0158
26.2450,56.6651,0.0158
26.2950,56.6651,0.0157
26.3450,56.6651,0.0157
26.3950,56.6651,0.0156
26.4450,56.6651,0.0155
26.4950,56.6651,0.0154
26.5450,56.6651,0.0152
26.5950,56.6651,0.0151
26.6450,56.6651,0.0150
26.6950,56.6651,0.0150
26.7450,56.6651,0.0147
26.7950,56.6651,0.0147
26.8450,56.6651,0.0145
26.8950,56.6651,0.0143
26.9450,56.6651,0.0143
26.9950,56.6651,0.0142
27.0450,56.6651,0.0141
27.0950,56.6651,0.0140
27.1450,56.6651,0.0140
27.1950,56.6651,0.0137
27.2450,56.6651,0.0137
27.2950,56.6651,0.0135
27.3450,56.6651,0.0123
27.3950,56.6651,0.0123
27.4450,56.6651,0.0115
27.4950,56.6651,0.0115
27.5450,56.6651,0.0109
27.5950,56.6651,0.0109
27.6450,56.6651,0.0102
27.6950,56.6651,0.0095
27.7450,56.6651,0.0095
27.7950,56.6651,0.0088
27.8450,56.6651,0.0087
27.8950,56.6651,0.0082
27.9450,56.6651,0.0078
27.9950,56.6651,0.0078
28.0450,56.6651,0.0073
28.0950,56.6651,0.0073
28.1450,56.6651,0.0070
28.1950,56.6651,0.0065
21.0450,56.6151,0.0294
21.0950,56.6151,0.0293
21.1450,56.6151,0.0293
21.1950,56.6151,0.0294
21.2450,56.6151,0.0294
21.2950,56.6151,0.0293
21.3450,56.6151,0.0294
21.3950,56.6151,0.0293
21.4450,56.6151,0.0292
21.4950,56.6151,0.0291
21.5450,56.6151,0.0291
21.5950,56.6151,0.0291
21.6450,56.6151,0.0291
21.6950,56.6151,0.0291
21.7450,56.6151,0.0290
21.7950,56.6151,0.0290
21.8450,56.6151,0.0289
21.8950,56.6151,0.0288
21.9450,56.6151,0.0288
21.9950,56.6151,0.0287
22.0450,56.6151,0.0287
22.0950,56.6151,0.0286
22.1450,56.6151,0.0286
22.1950,56.6151,0.0284
22.2450,56.6151,0.0282
22.2950,56.6151,0.0281
22.3450,56.6151,0.0280
22.3950,56.6151,0.0280
22.4450,56.6151,0.0278
22.4950,56.6151,0.0278
22.5450,56.6151,0.0278
22.5950,56.6151,0.0277
22.6450,56.6151,0.0276
22.6950,56.6151,0.0273
22.7450,56.6151,0.0273
22.7950,56.6151,0.0270
22.8450,56.6151,0.0267
22.8950,56.6151,0.0267
22.9450,56.6151,0.0262
22.9950,56.6151,0.0262
23.0450,56.6151,0.0258
23.0950,56.6151,0.0251
23.1450,56.6151,0.0251
23.1950,56.6151,0.0247
23.2450,56.6151,0.0246
23.2950,56.6151,0.0243
23.3450,56.6151,0.0243
23.3950,56.6151,0.0240
23.4450,56.6151,0.0237
23.4950,56.6151,0.0235
23.5450,56.6151,0.0230
23.5950,56.6151,0.0230
23.6450,56.6151,0.0224
23.6950,56.6151,0.0224
23.7450,56.6151,0.0219
23.7950,56.6151,0.0218
23.8450,56.6151,0.0213
23.8950,56.6151,0.0207
23.9450,56.6151,0.0206
23.9950,56.6151,0.0202
24.0450,56.6151,0.0202
24.0950,56.6151,0.0197
24.1450,56.6151,0.0197
24.1950,56.6151,0.0193
24.2450,56.6151,0.0190
24.2950,56.6151,0.0189
24.3450,56.6151,0.0187
24.3950,56.6151,0.0186
24.4450,56.6151,0.0185
24.4950,56.6151,0.0185
24.5450,56.6151,0.0182
24.5950,56.6151,0.0182
24.6450,56.6151,0.0181
24.6950,56.6151,0.0178
24.7450,56.6151,0.0178
24.7950,56.6151,0.0176
24.8450,56.6151,0.0176
24.8950,56.6151,0.0175
24.9450,56.6151,0.0174
24.9950,56.6151,0.0173
25.0450,56.6151,0.0173
25.0950,56.6151,0.0171
25.1450,56.6151,0.0170
25.1950,56.6151,0.0170
25.2450,56.6151,0.0169
25.2950,56.6151,0.0169
25.3450,56.6151,0.0168
25.3950,56.6151,0.0168
25.4450,56.6151,0.0167
25.4950,56.6151,0.0166
25.5450,56.6151,0.0165
25.5950,56.6151,0.0164
25.6450,56.6151,0.0164
25.6950,56.6151,0.0163
25.7450,56.6151,0.0163
25.7950,56.6151,0.0162
25.8450,56.6151,0.0161
25.8950,56.6151,0.0161
25.9450,56.6151,0.0160
25.9950,56.6151,0.0159
26.0450,56.6151,0.0159
26.0950,56.6151,0.0159
26.1450,56.6151,0.0158
26.1950,56.6151,0.0158
26.2450,56.6151,0.0157
26.2950,56.6151,0.0155
26.3450,56.6151,0.0155
26.3950,56.6151,0.0155
26.4450,56.6151,0.0154
26.4950,56.6151,0.0153
26.5450,56.6151,0.0153
26.5950,56.6151,0.0150
26.6450,56.6151,0.0148
26.6950,56.6151,0.0148
26.7450,56.6151,0.0146
26.7950,56.6151,0.0146
26.8450,56.6151,0.0144
26.8950,56.6151,0.0144
26.9450,56.6151,0.0143
26.9950,56.6151,0.0142
27.0450,56.6151,0.0141
27.0950,56.6151,0.0139
27.1450,56.6151,0.0139
27.1950,56.6151,0.0136
27.2450,56.6151,0.0136
27.2950,56.6151,0.0134
27.3450,56.6151,0.0134
27.3950,56.6151,0.0130
27.4450,56.6151,0.0116
27.4950,56.6151,0.0116
27.5450,56.6151,0.0108
27.5950,56.6151,0.0108
27.6450,56.6151,0.0102
27.6950,56.6151,0.0102
27.7450,56.6151,0.0095
27.7950,56.6151,0.0087
27.8450,56.6151,0.0087
27.8950,56.6151,0.0082
27.9450,56.6151,0.0082
27.9950,56.6151,0.0076
28.0450,56.6151,0.0073
28.0950,56.6151,0.0071
28.1450,56.6151,0.0068
28.1950,56.6151,0.0064
20.9950,56.5651,0.0294
21.0450,56.5651,0.0294
21.0950,56.5651,0.0295
21.1450,56.5651,0.0295
21.1950,56.5651,0.0295
21.2450,56.5651,0.0296
21.2950,56.5651,0.0294
21.3450,56.5651,0.0296
21.3950,56.5651,0.0295
21.4450,56.5651,0.0295
21.4950,56.5651,0.0293
21.5450,56.5651,0.0291
21.5950,56.5651,0.0291
21.6450,56.5651,0.0292
21.6950,56.5651,0.0292
21.7450,56.5651,0.0291
21.7950,56.5651,0.0291
21.8450,56.5651,0.0290
21.8950,56.5651,0.0290
21.9450,56.5651,0.0289
21.9950,56.5651,0.0287
22.0450,56.5651,0.0287
22.0950,56.5651,0.0286
22.1450,56.5651,0.0286
22.1950,56.5651,0.0283
22.2450,56.5651,0.0283
22.2950,56.5651,0.0281
22.3450,56.5651,0.0281
22.3950,56.5651,0.0280
22.4450,56.5651,0.0279
22.4950,56.5651,0.0279
22.5450,56.5651,0.0277
22.5950,56.5651,0.0276
22.6450,56.5651,0.0275
22.6950,56.5651,0.0275
22.7450,56.5651,0.0272
22.7950,56.5651,0.0270
22.8450,56.5651,0.0266
22.8950,56.5651,0.0266
22.9450,56.5651,0.0261
22.9950,56.5651,0.0261
23.0450,56.5651,0.0257
23.0950,56.5651,0.0255
23.1450,56.5651,0.0250
23.1950,56.5651,0.0247
23.2450,56.5651,0.0246
23.2950,56.5651,0.0243
23.3450,56.5651,0.0243
23.3950,56.5651,0.0239
23.4450,56.5651,0.0239
23.4950,56.5651,0.0235
23.5450,56.5651,0.0234
23.5950,56.5651,0.0230
23.6450,56.5651,0.0224
23.6950,56.5651,0.0224
23.7450,56.5651,0.0218
23.7950,56.5651,0.0218
23.8450,56.5651,0.0212
23.8950,56.5651,0.0212
23.9450,56.5651,0.0206
23.9950,56.5651,0.0201
24.0450,56.5651,0.0201
24.0950,56.5651,0.0195
24.1450,56.5651,0.0195
24.1950,56.5651,0.0191
24.2450,56.5651,0.0190
24.2950,56.5651,0.0188
24.3450,56.5651,0.0188
24.3950,56.5651,0.0185
24.4450,56.5651,0.0184
24.4950,56.5651,0.0184
24.5450,56.5651,0.0181
24.5950,56.5651,0.0181
24.6450,56.5651,0.0180
24.6950,56.5651,0.0179
24.7450,56.5651,0.0177
24.7950,56.5651,0.0177
24.8450,56.5651,0.0175
24.8950,56.5651,0.0174
24.9450,56.5651,0.0174
24.9950,56.5651,0.0172
25.0450,56.5651,0.0172
25.0950,56.5651,0.0171
25.1450,56.5651,0.0170
25.1950,56.5651,0.0169
25.2450,56.5651,0.0168
25.2950,56.5651,0.0167
25.3450,56.5651,0.0167
25.3950,56.5651,0.0167
25.4450,56.5651,0.0166
25.4950,56.5651,0.0166
25.5450,56.5651,0.0164
25.5950,56.5651,0.0163
25.6450,56.5651,0.0163
25.6950,56.5651,0.0162
25.7450,56.5651,0.0162
25.7950,56.5651,0.0161
25.8450,56.5651,0.0161
25.8950,56.5651,0.0160
25.9450,56.5651,0.0160
25.9950,56.5651,0.0158
26.0450,56.5651,0.0158
26.0950,56.5651,0.0158
26.1450,56.5651,0.0156
26.1950,56.5651,0.0156
26.2450,56.5651,0.0156
26.2950,56.5651,0.0156
26.3450,56.5651,0.0154
26.3950,56.5651,0.0154
26.4450,56.5651,0.0153
26.4950,56.5651,0.0152
26.5450,56.5651,0.0152
26.5950,56.5651,0.0149
26.6450,56.5651,0.0149
26.6950,56.5651,0.0147
26.7450,56.5651,0.0145
26.7950,56.5651,0.0145
26.8450,56.5651,0.0144
26.8950,56.5651,0.0144
26.9450,56.5651,0.0142
26.9950,56.5651,0.0142
27.0450,56.5651,0.0140
27.0950,56.5651,0.0138
27.1450,56.5651,0.0138
27.1950,56.5651,0.0136
27.2450,56.5651,0.0135
27.2950,56.5651,0.0133
27.3450,56.5651,0.0133
27.3950,56.5651,0.0129
27.4450,56.5651,0.0129
27.4950,56.5651,0.0125
27.5450,56.5651,0.0108
27.5950,56.5651,0.0108
27.6450,56.5651,0.0102
27.6950,56.5651,0.0101
27.7450,56.5651,0.0095
27.7950,56.5651,0.0095
27.8450,56.5651,0.0087
27.8950,56.5651,0.0081
27.9450,56.5651,0.0081
27.9950,56.5651,0.0075
28.0450,56.5651,0.0075
28.0950,56.5651,0.0070
28.1450,56.5651,0.0067
28.1950,56.5651,0.0067
20.9950,56.5151,0.0296
21.0450,56.5151,0.0296
21.0950,56.5151,0.0297
21.1450,56.5151,0.0297
21.1950,56.5151,0.0297
21.2450,56.5151,0.0297
21.2950,56.5151,0.0296
21.3450,56.5151,0.0296
21.3950,56.5151,0.0295
21.4450,56.5151,0.0295
21.4950,56.5151,0.0294
21.5450,56.5151,0.0294
21.5950,56.5151,0.0293
21.6450,56.5151,0.0294
21.6950,56.5151,0.0292
21.7450,56.5151,0.0291
21.7950,56.5151,0.0291
21.8450,56.5151,0.0290
21.8950,56.5151,0.0290
21.9450,56.5151,0.0288
21.9950,56.5151,0.0288
22.0450,56.5151,0.0286
22.0950,56.5151,0.0286
22.1450,56.5151,0.0285
22.1950,56.5151,0.0282
22.2450,56.5151,0.0282
22.2950,56.5151,0.0281
22.3450,56.5151,0.0280
22.3950,56.5151,0.0280
22.4450,56.5151,0.0279
22.4950,56.5151,0.0278
22.5450,56.5151,0.0277
22.5950,56.5151,0.0276
22.6450,56.5151,0.0274
22.6950,56.5151,0.0274
22.7450,56.5151,0.0271
22.7950,56.5151,0.0268
22.8450,56.5151,0.0267
22.8950,56.5151,0.0264
22.9450,56.5151,0.0261
22.9950,56.5151,0.0259
23.0450,56.5151,0.0255
23.0950,56.5151,0.0255
23.1450,56.5151,0.0250
23.1950,56.5151,0.0250
23.2450,56.5151,0.0245
23.2950,56.5151,0.0245
23.3450,56.5151,0.0242
23.3950,56.5151,0.0238
23.4450,56.5151,0.0238
23.4950,56.5151,0.0234
23.5450,56.5151,0.0233
23.5950,56.5151,0.0229
23.6450,56.5151,0.0229
23.6950,56.5151,0.0222
23.7450,56.5151,0.0218
23.7950,56.5151,0.0218
23.8450,56.5151,0.0211
23.8950,56.5151,0.0211
23.9450,56.5151,0.0205
23.9950,56.5151,0.0204
24.0450,56.5151,0.0200
24.0950,56.5151,0.0198
24.1450,56.5151,0.0194
24.1950,56.5151,0.0190
24.2450,56.5151,0.0189
24.2950,56.5151,0.0187
24.3450,56.5151,0.0187
24.3950,56.5151,0.0184
24.4450,56.5151,0.0184
24.4950,56.5151,0.0183
24.5450,56.5151,0.0180
24.5950,56.5151,0.0180
24.6450,56.5151,0.0179
24.6950,56.5151,0.0177
24.7450,56.5151,0.0176
24.7950,56.5151,0.0176
24.8450,56.5151,0.0173
24.8950,56.5151,0.0173
24.9450,56.5151,0.0172
24.9950,56.5151,0.0170
25.0450,56.5151,0.0170
25.0950,56.5151,0.0170
25.1450,56.5151,0.0168
25.1950,56.5151,0.0168
25.2450,56.5151,0.0168
25.2950,56.5151,0.0166
25.3450,56.5151,0.0166
25.3950,56.5151,0.0166
25.4450,56.5151,0.0164
25.4950,56.5151,0.0164
25.5450,56.5151,0.0164
25.5950,56.5151,0.0162
25.6450,56.5151,0.0162
25.6950,56.5151,0.0162
25.7450,56.5151,0.0160
25.7950,56.5151,0.0160
25.8450,56.5151,0.0160
25.8950,56.5151,0.0158
25.9450,56.5151,0.0158
25.9950,56.5151,0.0158
26.0450,56.5151,0.0157
26.0950,56.5151,0.0157
26.1450,56.5151,0.0155
26.1950,56.5151,0.0155
26.2450,56.5151,0.0155
26.2950,56.5151,0.0155
26.3450,56.5151,0.0153
26.3950,56.5151,0.0153
26.4450,56.5151,0.0152
26.4950,56.5151,0.0150
26.5450,56.5151,0.0150
26.5950,56.5151,0.0148
26.6450,56.5151,0.0147
26.6950,56.5151,0.0146
26.7450,56.5151,0.0146
26.7950,56.5151,0.0144
26.8450,56.5151,0.0143
26.8950,56.5151,0.0143
26.9450,56.5151,0.0141
26.9950,56.5151,0.0141
27.0450,56.5151,0.0139
27.0950,56.5151,0.0138
27.1450,56.5151,0.0137
27.1950,56.5151,0.0137
27.2450,56.5151,0.0134
27.2950,56.5151,0.0131
27.3450,56.5151,0.0131
27.3950,56.5151,0.0127
27.4450,56.5151,0.0127
27.4950,56.5151,0.0124
27.5450,56.5151,0.0120
27.5950,56.5151,0.0107
27.6450,56.5151,0.0101
27.6950,56.5151,0.0101
27.7450,56.5151,0.0094
27.7950,56.5151,0.0094
27.8450,56.5151,0.0086
27.8950,56.5151,0.0086
27.9450,56.5151,0.0081
27.9950,56.5151,0.0074
28.0450,56.5151,0.0074
28.0950,56.5151,0.0070
28.1450,56.5151,0.0068
28.1950,56.5151,0.0065
20.9950,56.4651,0.0299
21.0450,56.4651,0.0297
21.0950,56.4651,0.0298
21.1450,56.4651,0.0298
21.1950,56.4651,0.0298
21.2450,56.4651,0.0298
21.2950,56.4651,0.0298
21.3450,56.4651,0.0297
21.3950,56.4651,0.0297
21.4450,56.4651,0.0296
21.4950,56.4651,0.0295
21.5450,56.4651,0.0295
21.5950,56.4651,0.0294
21.6450,56.4651,0.0294
21.6950,56.4651,0.0293
21.7450,56.4651,0.0293
21.7950,56.4651,0.0291
21.8450,56.4651,0.0291
21.8950,56.4651,0.0290
21.9450,56.4651,0.0287
21.9950,56.4651,0.0287
22.0450,56.4651,0.0285
22.0950,56.4651,0.0285
22.1450,56.4651,0.0284
22.1950,56.4651,0.0283
22.2450,56.4651,0.0282
22.2950,56.4651,0.0281
22.3450,56.4651,0.0279
22.3950,56.4651,0.0278
22.4450,56.4651,0.0278
22.4950,56.4651,0.0276
22.5450,56.4651,0.0276
22.5950,56.4651,0.0274
22.6450,56.4651,0.0274
22.6950,56.4651,0.0272
22.7450,56.4651,0.0268
22.7950,56.4651,0.0267
22.8450,56.4651,0.0264
22.8950,56.4651,0.0262
22.9450,56.4651,0.0262
22.9950,56.4651,0.0257
23.0450,56.4651,0.0256
23.0950,56.4651,0.0254
23.1450,56.4651,0.0248
23.1950,56.4651,0.0248
23.2450,56.4651,0.0244
23.2950,56.4651,0.0244
23.3450,56.4651,0.0241
23.3950,56.4651,0.0241
23.4450,56.4651,0.0237
23.4950,56.4651,0.0233
23.5450,56.4651,0.0232
23.5950,56.4651,0.0227
23.6450,56.4651,0.0227
23.6950,56.4651,0.0221
23.7450,56.4651,0.0221
23.7950,56.4651,0.0216
23.8450,56.4651,0.0212
23.8950,56.4651,0.0209
23.9450,56.4651,0.0204
23.9950,56.4651,0.0203
24.0450,56.4651,0.0198
24.0950,56.4651,0.0198
24.1450,56.4651,0.0192
24.1950,56.4651,0.0192
24.2450,56.4651,0.0189
24.2950,56.4651,0.0186
24.3450,56.4651,0.0186
24.3950,56.4651,0.0183
24.4450,56.4651,0.0183
24.4950,56.4651,0.0181
24.5450,56.4651,0.0181
24.5950,56.4651,0.0179
24.6450,56.4651,0.0178
24.6950,56.4651,0.0176
24.7450,56.4651,0.0175
24.7950,56.4651,0.0175
24.8450,56.4651,0.0172
24.8950,56.4651,0.0172
24.9450,56.4651,0.0171
24.9950,56.4651,0.0169
25.0450,56.4651,0.0168
25.0950,56.4651,0.0168
25.1450,56.4651,0.0167
25.1950,56.4651,0.0166
25.2450,56.4651,0.0166
25.2950,56.4651,0.0164
25.3450,56.4651,0.0164
25.3950,56.4651,0.0164
25.4450,56.4651,0.0162
25.4950,56.4651,0.0162
25.5450,56.4651,0.0162
25.5950,56.4651,0.0160
25.6450,56.4651,0.0160
25.6950,56.4651,0.0160
25.7450,56.4651,0.0158
25.7950,56.4651,0.0158
25.8450,56.4651,0.0158
25.8950,56.4651,0.0156
25.9450,56.4651,0.0156
25.9950,56.4651,0.0157
26.0450,56.4651,0.0155
26.0950,56.4651,0.0155
26.1450,56.4651,0.0155
26.1950,56.4651,0.0153
26.2450,56.4651,0.0153
26.2950,56.4651,0.0153
26.3450,56.4651,0.0151
26.3950,56.4651,0.0151
26.4450,56.4651,0.0151
26.4950,56.4651,0.0148
26.5450,56.4651,0.0148
26.5950,56.4651,0.0147
26.6450,56.4651,0.0145
26.6950,56.4651,0.0144
26.7450,56.4651,0.0144
26.7950,56.4651,0.0142
26.8450,56.4651,0.0142
26.8950,56.4651,0.0142
26.9450,56.4651,0.0140
26.9950,56.4651,0.0140
27.0450,56.4651,0.0138
27.0950,56.4651,0.0137
27.1450,56.4651,0.0136
27.1950,56.4651,0.0136
27.2450,56.4651,0.0132
27.2950,56.4651,0.0131
27.3450,56.4651,0.0130
27.3950,56.4651,0.0125
27.4450,56.4651,0.0125
27.4950,56.4651,0.0122
27.5450,56.4651,0.0121
27.5950,56.4651,0.0116
27.6450,56.4651,0.0116
27.6950,56.4651,0.0100
27.7450,56.4651,0.0094
27.7950,56.4651,0.0094
27.8450,56.4651,0.0085
27.8950,56.4651,0.0085
27.9450,56.4651,0.0080
27.9950,56.4651,0.0080
28.0450,56.4651,0.0074
28.0950,56.4651,0.0068
28.1450,56.4651,0.0068
28.1950,56.4651,0.0064
20.9950,56.4151,0.0299
21.0450,56.4151,0.0299
21.0950,56.4151,0.0298
21.1450,56.4151,0.0300
21.1950,56.4151,0.0299
21.2450,56.4151,0.0298
21.2950,56.4151,0.0298
21.3450,56.4151,0.0297
21.3950,56.4151,0.0298
21.4450,56.4151,0.0296
21.4950,56.4151,0.0296
21.5450,56.4151,0.0295
21.5950,56.4151,0.0295
21.6450,56.4151,0.0294
21.6950,56.4151,0.0293
21.7450,56.4151,0.0293
21.7950,56.4151,0.0291
21.8450,56.4151,0.0291
21.8950,56.4151,0.0290
21.9450,56.4151,0.0288
21.9950,56.4151,0.0287
22.0450,56.4151,0.0285
22.0950,56.4151,0.0285
22.1450,56.4151,0.0283
22.1950,56.4151,0.0282
22.2450,56.4151,0.0280
22.2950,56.4151,0.0280
22.3450,56.4151,0.0277
22.3950,56.4151,0.0277
22.4450,56.4151,0.0276
22.4950,56.4151,0.0274
22.5450,56.4151,0.0274
22.5950,56.4151,0.0274
22.6450,56.4151,0.0272
22.6950,56.4151,0.0271
22.7450,56.4151,0.0271
22.7950,56.4151,0.0265
22.8450,56.4151,0.0263
22.8950,56.4151,0.0261
22.9450,56.4151,0.0261
22.9950,56.4151,0.0255
23.0450,56.4151,0.0255
23.0950,56.4151,0.0252
23.1450,56.4151,0.0249
23.1950,56.4151,0.0246
23.2450,56.4151,0.0244
23.2950,56.4151,0.0242
23.3450,56.4151,0.0240
23.3950,56.4151,0.0240
23.4450,56.4151,0.0235
23.4950,56.4151,0.0235
23.5450,56.4151,0.0230
23.5950,56.4151,0.0227
23.6450,56.4151,0.0226
23.6950,56.4151,0.0220
23.7450,56.4151,0.0220
23.7950,56.4151,0.0214
23.8450,56.4151,0.0213
23.8950,56.4151,0.0207
23.9450,56.4151,0.0207
23.9950,56.4151,0.0201
24.0450,56.4151,0.0196
24.0950,56.4151,0.0196
24.1450,56.4151,0.0190
24.1950,56.4151,0.0190
24.2450,56.4151,0.0188
24.2950,56.4151,0.0186
24.3450,56.4151,0.0185
24.3950,56.4151,0.0183
24.4450,56.4151,0.0181
24.4950,56.4151,0.0180
24.5450,56.4151,0.0180
24.5950,56.4151,0.0177
24.6450,56.4151,0.0177
24.6950,56.4151,0.0174
24.7450,56.4151,0.0174
24.7950,56.4151,0.0173
24.8450,56.4151,0.0170
24.8950,56.4151,0.0170
24.9450,56.4151,0.0169
24.9950,56.4151,0.0168
25.0450,56.4151,0.0167
25.0950,56.4151,0.0167
25.1450,56.4151,0.0165
25.1950,56.4151,0.0165
25.2450,56.4151,0.0165
25.2950,56.4151,0.0162
25.3450,56.4151,0.0162
25.3950,56.4151,0.0162
25.4450,56.4151,0.0161
25.4950,56.4151,0.0160
25.5450,56.4151,0.0160
25.5950,56.4151,0.0159
25.6450,56.4151,0.0158
25.6950,56.4151,0.0158
25.7450,56.4151,0.0156
25.7950,56.4151,0.0156
25.8450,56.4151,0.0156
25.8950,56.4151,0.0155
25.9450,56.4151,0.0154
25.9950,56.4151,0.0155
26.0450,56.4151,0.0153
26.0950,56.4151,0.0153
26.1450,56.4151,0.0153
26.1950,56.4151,0.0151
26.2450,56.4151,0.0151
26.2950,56.4151,0.0151
26.3450,56.4151,0.0149
26.3950,56.4151,0.0149
26.4450,56.4151,0.0148
26.4950,56.4151,0.0147
26.5450,56.4151,0.0146
26.5950,56.4151,0.0146
26.6450,56.4151,0.0144
26.6950,56.4151,0.0143
26.7450,56.4151,0.0143
26.7950,56.4151,0.0141
26.8450,56.4151,0.0141
26.8950,56.4151,0.0141
26.9450,56.4151,0.0140
26.9950,56.4151,0.0138
27.0450,56.4151,0.0138
27.0950,56.4151,0.0136
27.1450,56.4151,0.0134
27.1950,56.4151,0.0134
27.2450,56.4151,0.0131
27.2950,56.4151,0.0131
27.3450,56.4151,0.0128
27.3950,56.4151,0.0126
27.4450,56.4151,0.0124
27.4950,56.4151,0.0120
27.5450,56.4151,0.0120
27.5950,56.4151,0.0114
27.6450,56.4151,0.0114
27.6950,56.4151,0.0100
27.7450,56.4151,0.0098
27.7950,56.4151,0.0093
27.8450,56.4151,0.0085
27.8950,56.4151,0.0085
27.9450,56.4151,0.0079
27.9950,56.4151,0.0079
28.0450,56.4151,0.0073
28.0950,56.4151,0.0073
28.1450,56.4151,0.0067
28.1950,56.4151,0.0063
20.9950,56.3651,0.0300
21.0450,56.3651,0.0300
21.0950,56.3651,0.0300
21.1450,56.3651,0.0301
21.1950,56.3651,0.0300
21.2450,56.3651,0.0300
21.2950,56.3651,0.0299
21.3450,56.3651,0.0298
21.3950,56.3651,0.0298
21.4450,56.3651,0.0297
21.4950,56.3651,0.0297
21.5450,56.3651,0.0295
21.5950,56.3651,0.0295
21.6450,56.3651,0.0294
21.6950,56.3651,0.0294
21.7450,56.3651,0.0293
21.7950,56.3651,0.0290
21.8450,56.3651,0.0290
21.8950,56.3651,0.0288
21.9450,56.3651,0.0288
21.9950,56.3651,0.0287
22.0450,56.3651,0.0287
22.0950,56.3651,0.0283
22.1450,56.3651,0.0283
22.1950,56.3651,0.0281
22.2450,56.3651,0.0278
22.2950,56.3651,0.0278
22.3450,56.3651,0.0275
22.3950,56.3651,0.0275
22.4450,56.3651,0.0274
22.4950,56.3651,0.0272
22.5450,56.3651,0.0272
22.5950,56.3651,0.0272
22.6450,56.3651,0.0269
22.6950,56.3651,0.0268
22.7450,56.3651,0.0268
22.7950,56.3651,0.0265
22.8450,56.3651,0.0262
22.8950,56.3651,0.0258
22.9450,56.3651,0.0257
22.9950,56.3651,0.0252
23.0450,56.3651,0.0252
23.0950,56.3651,0.0249
23.1450,56.3651,0.0247
23.1950,56.3651,0.0245
23.2450,56.3651,0.0245
23.2950,56.3651,0.0241
23.3450,56.3651,0.0239
23.3950,56.3651,0.0238
23.4450,56.3651,0.0233
23.4950,56.3651,0.0233
23.5450,56.3651,0.0230
23.5950,56.3651,0.0228
23.6450,56.3651,0.0224
23.6950,56.3651,0.0224
23.7450,56.3651,0.0217
23.7950,56.3651,0.0213
23.8450,56.3651,0.0211
23.8950,56.3651,0.0205
23.9450,56.3651,0.0205
23.9950,56.3651,0.0198
24.0450,56.3651,0.0198
24.0950,56.3651,0.0194
24.1450,56.3651,0.0188
24.1950,56.3651,0.0188
24.2450,56.3651,0.0186
24.2950,56.3651,0.0185
24.3450,56.3651,0.0183
24.3950,56.3651,0.0183
24.4450,56.3651,0.0180
24.4950,56.3651,0.0180
24.5450,56.3651,0.0178
24.5950,56.3651,0.0175
24.6450,56.3651,0.0175
24.6950,56.3651,0.0174
24.7450,56.3651,0.0172
24.7950,56.3651,0.0171
24.8450,56.3651,0.0171
24.8950,56.3651,0.0168
24.9450,56.3651,0.0168
24.9950,56.3651,0.0167
25.0450,56.3651,0.0165
25.0950,56.3651,0.0165
25.1450,56.3651,0.0163
25.1950,56.3651,0.0163
25.2450,56.3651,0.0162
25.2950,56.3651,0.0161
25.3450,56.3651,0.0161
25.3950,56.3651,0.0161
25.4450,56.3651,0.0159
25.4950,56.3651,0.0159
25.5450,56.3651,0.0159
25.5950,56.3651,0.0156
25.6450,56.3651,0.0156
25.6950,56.3651,0.0157
25.7450,56.3651,0.0154
25.7950,56.3651,0.0154
25.8450,56.3651,0.0154
25.8950,56.3651,0.0153
25.9450,56.3651,0.0153
25.9950,56.3651,0.0153
26.0450,56.3651,0.0151
26.0950,56.3651,0.0151
26.1450,56.3651,0.0151
26.1950,56.3651,0.0149
26.2450,56.3651,0.0149
26.2950,56.3651,0.0149
26.3450,56.3651,0.0148
26.3950,56.3651,0.0147
26.4450,56.3651,0.0147
26.4950,56.3651,0.0145
26.5450,56.3651,0.0145
26.5950,56.3651,0.0145
26.6450,56.3651,0.0143
26.6950,56.3651,0.0143
26.7450,56.3651,0.0142
26.7950,56.3651,0.0140
26.8450,56.3651,0.0140
26.8950,56.3651,0.0139
26.9450,56.3651,0.0139
26.9950,56.3651,0.0137
27.0450,56.3651,0.0137
27.0950,56.3651,0.0134
27.1450,56.3651,0.0133
27.1950,56.3651,0.0133
27.2450,56.3651,0.0129
27.2950,56.3651,0.0129
27.3450,56.3651,0.0126
27.3950,56.3651,0.0126
27.4450,56.3651,0.0122
27.4950,56.3651,0.0121
27.5450,56.3651,0.0118
27.5950,56.3651,0.0112
27.6450,56.3651,0.0112
27.6950,56.3651,0.0100
27.7450,56.3651,0.0099
27.7950,56.3651,0.0092
27.8450,56.3651,0.0092
27.8950,56.3651,0.0084
27.9450,56.3651,0.0079
27.9950,56.3651,0.0079
28.0450,56.3651,0.0072
28.0950,56.3651,0.0072
28.1450,56.3651,0.0066
28.1950,56.3651,0.0064
20.9950,56.3151,0.0301
21.0450,56.3151,0.0301
21.0950,56.3151,0.0301
21.1450,56.3151,0.0301
21.1950,56.3151,0.0301
21.2450,56.3151,0.0301
21.2950,56.3151,0.0299
21.3450,56.3151,0.0299
21.3950,56.3151,0.0298
21.4450,56.3151,0.0298
21.4950,56.3151,0.0297
21.5450,56.3151,0.0295
21.5950,56.3151,0.0295
21.6450,56.3151,0.0294
21.6950,56.3151,0.0294
21.7450,56.3151,0.0292
21.7950,56.3151,0.0292
21.8450,56.3151,0.0289
21.8950,56.3151,0.0289
21.9450,56.3151,0.0287
21.9950,56.3151,0.0285
22.0450,56.3151,0.0285
22.0950,56.3151,0.0281
22.1450,56.3151,0.0281
22.1950,56.3151,0.0280
22.2450,56.3151,0.0277
22.2950,56.3151,0.0276
22.3450,56.3151,0.0275
22.3950,56.3151,0.0272
22.4450,56.3151,0.0272
22.4950,56.3151,0.0271
22.5450,56.3151,0.0269
22.5950,56.3151,0.0269
22.6450,56.3151,0.0266
22.6950,56.3151,0.0266
22.7450,56.3151,0.0266
22.7950,56.3151,0.0261
22.8450,56.3151,0.0258
22.8950,56.3151,0.0256
22.9450,56.3151,0.0254
22.9950,56.3151,0.0254
23.0450,56.3151,0.0248
23.0950,56.3151,0.0247
23.1450,56.3151,0.0246
23.1950,56.3151,0.0243
23.2450,56.3151,0.0243
23.2950,56.3151,0.0238
23.3450,56.3151,0.0238
23.3950,56.3151,0.0236
23.4450,56.3151,0.0233
23.4950,56.3151,0.0232
23.5450,56.3151,0.0228
23.5950,56.3151,0.0226
23.6450,56.3151,0.0222
23.6950,56.3151,0.0222
23.7450,56.3151,0.0215
23.7950,56.3151,0.0215
23.8450,56.3151,0.0210
23.8950,56.3151,0.0203
23.9450,56.3151,0.0203
23.9950,56.3151,0.0196
24.0450,56.3151,0.0195
24.0950,56.3151,0.0191
24.1450,56.3151,0.0190
24.1950,56.3151,0.0186
24.2450,56.3151,0.0186
24.2950,56.3151,0.0183
24.3450,56.3151,0.0181
24.3950,56.3151,0.0181
24.4450,56.3151,0.0178
24.4950,56.3151,0.0178
24.5450,56.3151,0.0176
24.5950,56.3151,0.0175
24.6450,56.3151,0.0173
24.6950,56.3151,0.0172
24.7450,56.3151,0.0170
24.7950,56.3151,0.0169
24.8450,56.3151,0.0169
24.8950,56.3151,0.0166
24.9450,56.3151,0.0166
24.9950,56.3151,0.0166
25.0450,56.3151,0.0163
25.0950,56.3151,0.0163
25.1450,56.3151,0.0162
25.1950,56.3151,0.0160
25.2450,56.3151,0.0161
25.2950,56.3151,0.0161
25.3450,56.3151,0.0158
25.3950,56.3151,0.0158
25.4450,56.3151,0.0159
25.4950,56.3151,0.0156
25.5450,56.3151,0.0156
25.5950,56.3151,0.0155
25.6450,56.3151,0.0154
25.6950,56.3151,0.0154
25.7450,56.3151,0.0154
25.7950,56.3151,0.0152
25.8450,56.3151,0.0152
25.8950,56.3151,0.0152
25.9450,56.3151,0.0150
25.9950,56.3151,0.0150
26.0450,56.3151,0.0149
26.0950,56.3151,0.0149
26.1450,56.3151,0.0149
26.1950,56.3151,0.0147
26.2450,56.3151,0.0147
26.2950,56.3151,0.0147
26.3450,56.3151,0.0147
26.3950,56.3151,0.0145
26.4450,56.3151,0.0145
26.4950,56.3151,0.0144
26.5450,56.3151,0.0143
26.5950,56.3151,0.0143
26.6450,56.3151,0.0141
26.6950,56.3151,0.0141
26.7450,56.3151,0.0141
26.7950,56.3151,0.0141
26.8450,56.3151,0.0139
26.8950,56.3151,0.0138
26.9450,56.3151,0.0138
26.9950,56.3151,0.0135
27.0450,56.3151,0.0135
27.0950,56.3151,0.0134
27.1450,56.3151,0.0133
27.1950,56.3151,0.0131
27.2450,56.3151,0.0130
27.2950,56.3151,0.0128
27.3450,56.3151,0.0125
27.3950,56.3151,0.0125
27.4450,56.3151,0.0120
27.4950,56.3151,0.0120
27.5450,56.3151,0.0117
27.5950,56.3151,0.0111
27.6450,56.3151,0.0110
27.6950,56.3151,0.0099
27.7450,56.3151,0.0097
27.7950,56.3151,0.0090
27.8450,56.3151,0.0090
27.8950,56.3151,0.0083
27.9450,56.3151,0.0081
27.9950,56.3151,0.0078
28.0450,56.3151,0.0071
28.0950,56.3151,0.0071
28.1450,56.3151,0.0065
28.1950,56.3151,0.0065
20.9950,56.2651,0.0301
21.0450,56.2651,0.0302
21.0950,56.2651,0.0302
21.1450,56.2651,0.0301
21.1950,56.2651,0.0301
21.2450,56.2651,0.0300
21.2950,56.2651,0.0300
21.3450,56.2651,0.0300
21.3950,56.2651,0.0299
21.4450,56.2651,0.0298
21.4950,56.2651,0.0296
21.5450,56.2651,0.0296
21.5950,56.2651,0.0295
21.6450,56.2651,0.0295
21.6950,56.2651,0.0293
21.7450,56.2651,0.0291
21.7950,56.2651,0.0291
21.8450,56.2651,0.0289
21.8950,56.2651,0.0289
21.9450,56.2651,0.0287
21.9950,56.2651,0.0285
22.0450,56.2651,0.0283
22.0950,56.2651,0.0279
22.1450,56.2651,0.0278
22.1950,56.2651,0.0277
22.2450,56.2651,0.0274
22.2950,56.2651,0.0273
22.3450,56.2651,0.0273
22.3950,56.2651,0.0269
22.4450,56.2651,0.0269
22.4950,56.2651,0.0269
22.5450,56.2651,0.0266
22.5950,56.2651,0.0266
22.6450,56.2651,0.0264
22.6950,56.2651,0.0262
22.7450,56.2651,0.0262
22.7950,56.2651,0.0257
22.8450,56.2651,0.0256
22.8950,56.2651,0.0252
22.9450,56.2651,0.0249
22.9950,56.2651,0.0249
23.0450,56.2651,0.0245
23.0950,56.2651,0.0245
23.1450,56.2651,0.0244
23.1950,56.2651,0.0241
23.2450,56.2651,0.0240
23.2950,56.2651,0.0236
23.3450,56.2651,0.0236
23.3950,56.2651,0.0234
23.4450,56.2651,0.0232
23.4950,56.2651,0.0229
23.5450,56.2651,0.0229
23.5950,56.2651,0.0223
23.6450,56.2651,0.0219
23.6950,56.2651,0.0219
23.7450,56.2651,0.0212
23.7950,56.2651,0.0212
23.8450,56.2651,0.0207
23.8950,56.2651,0.0204
23.9450,56.2651,0.0199
23.9950,56.2651,0.0198
24.0450,56.2651,0.0191
24.0950,56.2651,0.0188
24.1450,56.2651,0.0188
24.1950,56.2651,0.0184
24.2450,56.2651,0.0184
24.2950,56.2651,0.0181
24.3450,56.2651,0.0180
24.3950,56.2651,0.0179
24.4450,56.2651,0.0176
24.4950,56.2651,0.0176
24.5450,56.2651,0.0174
24.5950,56.2651,0.0172
24.6450,56.2651,0.0171
24.6950,56.2651,0.0171
24.7450,56.2651,0.0167
24.7950,56.2651,0.0166
24.8450,56.2651,0.0166
24.8950,56.2651,0.0163
24.9450,56.2651,0.0163
24.9950,56.2651,0.0163
25.0450,56.2651,0.0160
25.0950,56.2651,0.0160
25.1450,56.2651,0.0160
25.1950,56.2651,0.0158
25.2450,56.2651,0.0158
25.2950,56.2651,0.0158
25.3450,56.2651,0.0156
25.3950,56.2651,0.0156
25.4450,56.2651,0.0156
25.4950,56.2651,0.0154
25.5450,56.2651,0.0154
25.5950,56.2651,0.0154
25.6450,56.2651,0.0152
25.6950,56.2651,0.0152
25.7450,56.2651,0.0152
25.7950,56.2651,0.0149
25.8450,56.2651,0.0149
25.8950,56.2651,0.0149
25.9450,56.2651,0.0147
25.9950,56.2651,0.0147
26.0450,56.2651,0.0148
26.0950,56.2651,0.0146
26.1450,56.2651,0.0147
26.1950,56.2651,0.0147
26.2450,56.2651,0.0145
26.2950,56.2651,0.0145
26.3450,56.2651,0.0145
26.3950,56.2651,0.0144
26.4450,56.2651,0.0144
26.4950,56.2651,0.0143
26.5450,56.2651,0.0142
26.5950,56.2651,0.0141
26.6450,56.2651,0.0141
26.6950,56.2651,0.0139
26.7450,56.2651,0.0139
26.7950,56.2651,0.0139
26.8450,56.2651,0.0137
26.8950,56.2651,0.0137
26.9450,56.2651,0.0136
26.9950,56.2651,0.0134
27.0450,56.2651,0.0134
27.0950,56.2651,0.0133
27.1450,56.2651,0.0131
27.1950,56.2651,0.0130
27.2450,56.2651,0.0130
27.2950,56.2651,0.0126
27.3450,56.2651,0.0124
27.3950,56.2651,0.0123
27.4450,56.2651,0.0118
27.4950,56.2651,0.0118
27.5450,56.2651,0.0114
27.5950,56.2651,0.0112
27.6450,56.2651,0.0109
27.6950,56.2651,0.0106
27.7450,56.2651,0.0095
27.7950,56.2651,0.0089
27.8450,56.2651,0.0089
27.8950,56.2651,0.0082
27.9450,56.2651,0.0082
27.9950,56.2651,0.0077
28.0450,56.2651,0.0072
28.0950,56.2651,0.0070
28.1450,56.2651,0.0064
28.1950,56.2651,0.0064
20.9950,56.2151,0.0302
21.0450,56.2151,0.0302
21.0950,56.2151,0.0302
21.1450,56.2151,0.0302
21.1950,56.2151,0.0302
21.2450,56.2151,0.0301
21.2950,56.2151,0.0301
21.3450,56.2151,0.0300
21.3950,56.2151,0.0299
21.4450,56.2151,0.0298
21.4950,56.2151,0.0296
21.5450,56.2151,0.0296
21.5950,56.2151,0.0294
21.6450,56.2151,0.0294
21.6950,56.2151,0.0293
21.7450,56.2151,0.0292
21.7950,56.2151,0.0290
21.8450,56.2151,0.0287
21.8950,56.2151,0.0287
21.9450,56.2151,0.0285
21.9950,56.2151,0.0284
22.0450,56.2151,0.0281
22.0950,56.2151,0.0281
22.1450,56.2151,0.0276
22.1950,56.2151,0.0276
22.2450,56.2151,0.0274
22.2950,56.2151,0.0269
22.3450,56.2151,0.0269
22.3950,56.2151,0.0265
22.4450,56.2151,0.0265
22.4950,56.2151,0.0265
22.5450,56.2151,0.0260
22.5950,56.2151,0.0261
22.6450,56.2151,0.0261
22.6950,56.2151,0.0257
22.7450,56.2151,0.0257
22.7950,56.2151,0.0252
22.8450,56.2151,0.0252
22.8950,56.2151,0.0247
22.9450,56.2151,0.0247
22.9950,56.2151,0.0246
23.0450,56.2151,0.0242
23.0950,56.2151,0.0242
23.1450,56.2151,0.0241
23.1950,56.2151,0.0238
23.2450,56.2151,0.0237
23.2950,56.2151,0.0237
23.3450,56.2151,0.0232
23.3950,56.2151,0.0231
23.4450,56.2151,0.0231
23.4950,56.2151,0.0225
23.5450,56.2151,0.0225
23.5950,56.2151,0.0220
23.6450,56.2151,0.0219
23.6950,56.2151,0.0216
23.7450,56.2151,0.0209
23.7950,56.2151,0.0209
23.8450,56.2151,0.0204
23.8950,56.2151,0.0200
23.9450,56.2151,0.0196
23.9950,56.2151,0.0196
24.0450,56.2151,0.0188
24.0950,56.2151,0.0188
24.1450,56.2151,0.0186
24.1950,56.2151,0.0181
24.2450,56.2151,0.0181
24.2950,56.2151,0.0180
24.3450,56.2151,0.0178
24.3950,56.2151,0.0177
24.4450,56.2151,0.0177
24.4950,56.2151,0.0173
24.5450,56.2151,0.0172
24.5950,56.2151,0.0172
24.6450,56.2151,0.0168
24.6950,56.2151,0.0168
24.7450,56.2151,0.0164
24.7950,56.2151,0.0164
24.8450,56.2151,0.0163
24.8950,56.2151,0.0160
24.9450,56.2151,0.0160
24.9950,56.2151,0.0160
25.0450,56.2151,0.0157
25.0950,56.2151,0.0157
25.1450,56.2151,0.0157
25.1950,56.2151,0.0155
25.2450,56.2151,0.0155
25.2950,56.2151,0.0155
25.3450,56.2151,0.0153
25.3950,56.2151,0.0153
25.4450,56.2151,0.0154
25.4950,56.2151,0.0150
25.5450,56.2151,0.0151
25.5950,56.2151,0.0151
25.6450,56.2151,0.0148
25.6950,56.2151,0.0149
25.7450,56.2151,0.0149
25.7950,56.2151,0.0146
25.8450,56.2151,0.0146
25.8950,56.2151,0.0147
25.9450,56.2151,0.0144
25.9950,56.2151,0.0145
26.0450,56.2151,0.0146
26.0950,56.2151,0.0143
26.1450,56.2151,0.0145
26.1950,56.2151,0.0145
26.2450,56.2151,0.0143
26.2950,56.2151,0.0143
26.3450,56.2151,0.0143
26.3950,56.2151,0.0142
26.4450,56.2151,0.0142
26.4950,56.2151,0.0142
26.5450,56.2151,0.0140
26.5950,56.2151,0.0140
26.6450,56.2151,0.0140
26.6950,56.2151,0.0138
26.7450,56.2151,0.0137
26.7950,56.2151,0.0137
26.8450,56.2151,0.0135
26.8950,56.2151,0.0135
26.9450,56.2151,0.0135
26.9950,56.2151,0.0133
27.0450,56.2151,0.0132
27.0950,56.2151,0.0131
27.1450,56.2151,0.0129
27.1950,56.2151,0.0127
27.2450,56.2151,0.0127
27.2950,56.2151,0.0123
27.3450,56.2151,0.0123
27.3950,56.2151,0.0121
27.4450,56.2151,0.0116
27.4950,56.2151,0.0115
27.5450,56.2151,0.0111
27.5950,56.2151,0.0110
27.6450,56.2151,0.0107
27.6950,56.2151,0.0107
27.7450,56.2151,0.0092
27.7950,56.2151,0.0087
27.8450,56.2151,0.0086
27.8950,56.2151,0.0080
27.9450,56.2151,0.0080
27.9950,56.2151,0.0075
28.0450,56.2151,0.0075
28.0950,56.2151,0.0068
28.1450,56.2151,0.0065
28.1950,56.2151,0.0063
20.9950,56.1651,0.0303
21.0450,56.1651,0.0303
21.0950,56.1651,0.0303
21.1450,56.1651,0.0303
21.1950,56.1651,0.0303
21.2450,56.1651,0.0301
21.2950,56.1651,0.0301
21.3450,56.1651,0.0300
21.3950,56.1651,0.0300
21.4450,56.1651,0.0297
21.4950,56.1651,0.0297
21.5450,56.1651,0.0295
21.5950,56.1651,0.0293
21.6450,56.1651,0.0293
21.6950,56.1651,0.0292
21.7450,56.1651,0.0291
21.7950,56.1651,0.0289
21.8450,56.1651,0.0289
21.8950,56.1651,0.0286
21.9450,56.1651,0.0285
21.9950,56.1651,0.0281
22.0450,56.1651,0.0278
22.0950,56.1651,0.0278
22.1450,56.1651,0.0273
22.1950,56.1651,0.0273
22.2450,56.1651,0.0270
22.2950,56.1651,0.0267
22.3450,56.1651,0.0264
22.3950,56.1651,0.0261
22.4450,56.1651,0.0259
22.4950,56.1651,0.0260
22.5450,56.1651,0.0255
22.5950,56.1651,0.0256
22.6450,56.1651,0.0256
22.6950,56.1651,0.0251
22.7450,56.1651,0.0251
22.7950,56.1651,0.0247
22.8450,56.1651,0.0247
22.8950,56.1651,0.0247
22.9450,56.1651,0.0243
22.9950,56.1651,0.0243
23.0450,56.1651,0.0242
23.0950,56.1651,0.0238
23.1450,56.1651,0.0238
23.1950,56.1651,0.0234
23.2450,56.1651,0.0233
23.2950,56.1651,0.0233
23.3450,56.1651,0.0228
23.3950,56.1651,0.0228
23.4450,56.1651,0.0228
23.4950,56.1651,0.0222
23.5450,56.1651,0.0222
23.5950,56.1651,0.0219
23.6450,56.1651,0.0215
23.6950,56.1651,0.0212
23.7450,56.1651,0.0212
23.7950,56.1651,0.0204
23.8450,56.1651,0.0204
23.8950,56.1651,0.0196
23.9450,56.1651,0.0191
23.9950,56.1651,0.0191
24.0450,56.1651,0.0185
24.0950,56.1651,0.0185
24.1450,56.1651,0.0183
24.1950,56.1651,0.0181
24.2450,56.1651,0.0179
24.2950,56.1651,0.0178
24.3450,56.1651,0.0174
24.3950,56.1651,0.0174
24.4450,56.1651,0.0174
24.4950,56.1651,0.0170
24.5450,56.1651,0.0170
24.5950,56.1651,0.0169
24.6450,56.1651,0.0165
24.6950,56.1651,0.0165
24.7450,56.1651,0.0163
24.7950,56.1651,0.0161
24.8450,56.1651,0.0160
24.8950,56.1651,0.0160
24.9450,56.1651,0.0157
24.9950,56.1651,0.0157
25.0450,56.1651,0.0156
25.0950,56.1651,0.0154
25.1450,56.1651,0.0154
25.1950,56.1651,0.0151
25.2450,56.1651,0.0151
25.2950,56.1651,0.0152
25.3450,56.1651,0.0151
25.3950,56.1651,0.0149
25.4450,56.1651,0.0150
25.4950,56.1651,0.0147
25.5450,56.1651,0.0148
25.5950,56.1651,0.0148
25.6450,56.1651,0.0145
25.6950,56.1651,0.0145
25.7450,56.1651,0.0145
25.7950,56.1651,0.0144
25.8450,56.1651,0.0144
25.8950,56.1651,0.0144
25.9450,56.1651,0.0142
25.9950,56.1651,0.0143
26.0450,56.1651,0.0143
26.0950,56.1651,0.0142
26.1450,56.1651,0.0143
26.1950,56.1651,0.0143
26.2450,56.1651,0.0141
26.2950,56.1651,0.0141
26.3450,56.1651,0.0141
26.3950,56.1651,0.0140
26.4450,56.1651,0.0140
26.4950,56.1651,0.0140
26.5450,56.1651,0.0138
26.5950,56.1651,0.0138
26.6450,56.1651,0.0138
26.6950,56.1651,0.0136
26.7450,56.1651,0.0136
26.7950,56.1651,0.0135
26.8450,56.1651,0.0133
26.8950,56.1651,0.0133
26.9450,56.1651,0.0133
26.9950,56.1651,0.0131
27.0450,56.1651,0.0130
27.0950,56.1651,0.0130
27.1450,56.1651,0.0127
27.1950,56.1651,0.0125
27.2450,56.1651,0.0125
27.2950,56.1651,0.0121
27.3450,56.1651,0.0121
27.3950,56.1651,0.0119
27.4450,56.1651,0.0118
27.4950,56.1651,0.0113
27.5450,56.1651,0.0110
27.5950,56.1651,0.0109
27.6450,56.1651,0.0098
27.6950,56.1651,0.0098
27.7450,56.1651,0.0091
27.7950,56.1651,0.0090
27.8450,56.1651,0.0084
27.8950,56.1651,0.0080
27.9450,56.1651,0.0078
27.9950,56.1651,0.0073
28.0450,56.1651,0.0073
28.0950,56.1651,0.0066
28.1450,56.1651,0.0066
28.1950,56.1651,0.0063
21.0450,56.1151,0.0303
21.0950,56.1151,0.0303
21.1450,56.1151,0.0303
21.1950,56.1151,0.0302
21.2450,56.1151,0.0302
21.2950,56.1151,0.0301
21.3450,56.1151,0.0300
21.3950,56.1151,0.0300
21.4450,56.1151,0.0297
21.4950,56.1151,0.0297
21.5450,56.1151,0.0294
21.5950,56.1151,0.0295
21.6450,56.1151,0.0292
21.6950,56.1151,0.0292
21.7450,56.1151,0.0290
21.7950,56.1151,0.0288
21.8450,56.1151,0.0288
21.8950,56.1151,0.0283
21.9450,56.1151,0.0283
21.9950,56.1151,0.0280
22.0450,56.1151,0.0278
22.0950,56.1151,0.0275
22.1450,56.1151,0.0269
22.1950,56.1151,0.0269
22.2450,56.1151,0.0267
22.2950,56.1151,0.0262
22.3450,56.1151,0.0260
22.3950,56.1151,0.0260
22.4450,56.1151,0.0254
22.4950,56.1151,0.0254
22.5450,56.1151,0.0254
22.5950,56.1151,0.0249
22.6450,56.1151,0.0249
22.6950,56.1151,0.0246
22.7450,56.1151,0.0246
22.7950,56.1151,0.0243
22.8450,56.1151,0.0242
22.8950,56.1151,0.0243
22.9450,56.1151,0.0239
22.9950,56.1151,0.0239
23.0450,56.1151,0.0239
23.0950,56.1151,0.0234
23.1450,56.1151,0.0234
23.1950,56.1151,0.0233
23.2450,56.1151,0.0229
23.2950,56.1151,0.0229
23.3450,56.1151,0.0224
23.3950,56.1151,0.0224
23.4450,56.1151,0.0224
23.4950,56.1151,0.0219
23.5450,56.1151,0.0217
23.5950,56.1151,0.0217
23.6450,56.1151,0.0210
23.6950,56.1151,0.0207
23.7450,56.1151,0.0207
23.7950,56.1151,0.0199
23.8450,56.1151,0.0199
23.8950,56.1151,0.0195
23.9450,56.1151,0.0190
23.9950,56.1151,0.0187
24.0450,56.1151,0.0183
24.0950,56.1151,0.0182
24.1450,56.1151,0.0180
24.1950,56.1151,0.0179
24.2450,56.1151,0.0176
24.2950,56.1151,0.0176
24.3450,56.1151,0.0171
24.3950,56.1151,0.0170
24.4450,56.1151,0.0170
24.4950,56.1151,0.0166
24.5450,56.1151,0.0166
24.5950,56.1151,0.0166
24.6450,56.1151,0.0162
24.6950,56.1151,0.0161
24.7450,56.1151,0.0161
24.7950,56.1151,0.0156
24.8450,56.1151,0.0157
24.8950,56.1151,0.0157
24.9450,56.1151,0.0153
24.9950,56.1151,0.0153
25.0450,56.1151,0.0153
25.0950,56.1151,0.0149
25.1450,56.1151,0.0150
25.1950,56.1151,0.0149
25.2450,56.1151,0.0147
25.2950,56.1151,0.0148
25.3450,56.1151,0.0148
25.3950,56.1151,0.0146
25.4450,56.1151,0.0146
25.4950,56.1151,0.0147
25.5450,56.1151,0.0144
25.5950,56.1151,0.0144
25.6450,56.1151,0.0143
25.6950,56.1151,0.0143
25.7450,56.1151,0.0143
25.7950,56.1151,0.0143
25.8450,56.1151,0.0141
25.8950,56.1151,0.0142
25.9450,56.1151,0.0141
25.9950,56.1151,0.0141
26.0450,56.1151,0.0141
26.0950,56.1151,0.0139
26.1450,56.1151,0.0139
26.1950,56.1151,0.0140
26.2450,56.1151,0.0139
26.2950,56.1151,0.0139
26.3450,56.1151,0.0139
26.3950,56.1151,0.0139
26.4450,56.1151,0.0138
26.4950,56.1151,0.0138
26.5450,56.1151,0.0136
26.5950,56.1151,0.0135
26.6450,56.1151,0.0135
26.6950,56.1151,0.0134
26.7450,56.1151,0.0133
26.7950,56.1151,0.0133
26.8450,56.1151,0.0133
26.8950,56.1151,0.0131
26.9450,56.1151,0.0131
26.9950,56.1151,0.0130
27.0450,56.1151,0.0128
27.0950,56.1151,0.0128
27.1450,56.1151,0.0125
27.1950,56.1151,0.0124
27.2450,56.1151,0.0123
27.2950,56.1151,0.0120
27.3450,56.1151,0.0119
27.3950,56.1151,0.0116
27.4450,56.1151,0.0116
27.4950,56.1151,0.0110
27.5450,56.1151,0.0110
27.5950,56.1151,0.0108
27.6450,56.1151,0.0096
27.6950,56.1151,0.0096
27.7450,56.1151,0.0090
27.7950,56.1151,0.0088
27.8450,56.1151,0.0083
27.8950,56.1151,0.0083
27.9450,56.1151,0.0077
27.9950,56.1151,0.0071
28.0450,56.1151,0.0071
28.0950,56.1151,0.0065
28.1450,56.1151,0.0065
28.1950,56.1151,0.0062
21.0950,56.0651,0.0304
21.1450,56.0651,0.0304
21.1950,56.0651,0.0303
21.2450,56.0651,0.0303
21.2950,56.0651,0.0301
21.3450,56.0651,0.0301
21.3950,56.0651,0.0299
21.4450,56.0651,0.0299
21.4950,56.0651,0.0296
21.5450,56.0651,0.0295
21.5950,56.0651,0.0295
21.6450,56.0651,0.0292
21.6950,56.0651,0.0292
21.7450,56.0651,0.0288
21.7950,56.0651,0.0288
21.8450,56.0651,0.0286
21.8950,56.0651,0.0281
21.9450,56.0651,0.0281
21.9950,56.0651,0.0278
22.0450,56.0651,0.0275
22.0950,56.0651,0.0272
22.1450,56.0651,0.0272
22.1950,56.0651,0.0265
22.2450,56.0651,0.0265
22.2950,56.0651,0.0258
22.3450,56.0651,0.0255
22.3950,56.0651,0.0255
22.4450,56.0651,0.0249
22.4950,56.0651,0.0249
22.5450,56.0651,0.0249
22.5950,56.0651,0.0245
22.6450,56.0651,0.0245
22.6950,56.0651,0.0244
22.7450,56.0651,0.0241
22.7950,56.0651,0.0240
22.8450,56.0651,0.0238
22.8950,56.0651,0.0238
22.9450,56.0651,0.0234
22.9950,56.0651,0.0234
23.0450,56.0651,0.0234
23.0950,56.0651,0.0230
23.1450,56.0651,0.0230
23.1950,56.0651,0.0230
23.2450,56.0651,0.0225
23.2950,56.0651,0.0225
23.3450,56.0651,0.0224
23.3950,56.0651,0.0219
23.4450,56.0651,0.0219
23.4950,56.0651,0.0216
23.5450,56.0651,0.0212
23.5950,56.0651,0.0212
23.6450,56.0651,0.0205
23.6950,56.0651,0.0205
23.7450,56.0651,0.0202
23.7950,56.0651,0.0193
23.8450,56.0651,0.0193
23.8950,56.0651,0.0190
23.9450,56.0651,0.0186
23.9950,56.0651,0.0184
24.0450,56.0651,0.0184
24.0950,56.0651,0.0179
24.1450,56.0651,0.0177
24.1950,56.0651,0.0177
24.2450,56.0651,0.0172
24.2950,56.0651,0.0172
24.3450,56.0651,0.0168
24.3950,56.0651,0.0167
24.4450,56.0651,0.0167
24.4950,56.0651,0.0163
24.5450,56.0651,0.0162
24.5950,56.0651,0.0162
24.6450,56.0651,0.0157
24.6950,56.0651,0.0157
24.7450,56.0651,0.0157
24.7950,56.0651,0.0152
24.8450,56.0651,0.0152
24.8950,56.0651,0.0152
24.9450,56.0651,0.0148
24.9950,56.0651,0.0148
25.0450,56.0651,0.0149
25.0950,56.0651,0.0145
25.1450,56.0651,0.0146
25.1950,56.0651,0.0146
25.2450,56.0651,0.0144
25.2950,56.0651,0.0145
25.3450,56.0651,0.0145
25.3950,56.0651,0.0143
25.4450,56.0651,0.0143
25.4950,56.0651,0.0144
25.5450,56.0651,0.0141
25.5950,56.0651,0.0142
25.6450,56.0651,0.0141
25.6950,56.0651,0.0140
25.7450,56.0651,0.0140
25.7950,56.0651,0.0140
25.8450,56.0651,0.0139
25.8950,56.0651,0.0139
25.9450,56.0651,0.0140
25.9950,56.0651,0.0138
26.0450,56.0651,0.0138
26.0950,56.0651,0.0138
26.1450,56.0651,0.0137
26.1950,56.0651,0.0138
26.2450,56.0651,0.0138
26.2950,56.0651,0.0136
26.3450,56.0651,0.0137
26.3950,56.0651,0.0137
26.4450,56.0651,0.0135
26.4950,56.0651,0.0135
26.5450,56.0651,0.0135
26.5950,56.0651,0.0133
26.6450,56.0651,0.0133
26.6950,56.0651,0.0132
26.7450,56.0651,0.0131
26.7950,56.0651,0.0131
26.8450,56.0651,0.0131
26.8950,56.0651,0.0128
26.9450,56.0651,0.0128
26.9950,56.0651,0.0128
27.0450,56.0651,0.0125
27.0950,56.0651,0.0125
27.1450,56.0651,0.0124
27.1950,56.0651,0.0122
27.2450,56.0651,0.0121
27.2950,56.0651,0.0121
27.3450,56.0651,0.0115
27.3950,56.0651,0.0113
27.4450,56.0651,0.0113
27.4950,56.0651,0.0108
27.5450,56.0651,0.0108
27.5950,56.0651,0.0106
27.6450,56.0651,0.0104
27.6950,56.0651,0.0101
27.7450,56.0651,0.0089
27.7950,56.0651,0.0086
27.8450,56.0651,0.0082
27.8950,56.0651,0.0082
27.9450,56.0651,0.0076
27.9950,56.0651,0.0076
28.0450,56.0651,0.0071
28.0950,56.0651,0.0065
28.1450,56.0651,0.0065
28.1950,56.0651,0.0061
21.0950,56.0151,0.0304
21.1450,56.0151,0.0304
21.1950,56.0151,0.0303
21.2450,56.0151,0.0303
21.2950,56.0151,0.0301
21.3450,56.0151,0.0301
21.3950,56.0151,0.0299
21.4450,56.0151,0.0299
21.4950,56.0151,0.0296
21.5450,56.0151,0.0296
21.5950,56.0151,0.0294
21.6450,56.0151,0.0291
21.6950,56.0151,0.0291
21.7450,56.0151,0.0288
21.7950,56.0151,0.0287
21.8450,56.0151,0.0284
21.8950,56.0151,0.0283
21.9450,56.0151,0.0278
21.9950,56.0151,0.0278
22.0450,56.0151,0.0272
22.0950,56.0151,0.0268
22.1450,56.0151,0.0268
22.1950,56.0151,0.0260
22.2450,56.0151,0.0260
22.2950,56.0151,0.0258
22.3450,56.0151,0.0252
22.3950,56.0151,0.0249
22.4450,56.0151,0.0245
22.4950,56.0151,0.0245
22.5450,56.0151,0.0245
22.5950,56.0151,0.0241
22.6450,56.0151,0.0241
22.6950,56.0151,0.0241
22.7450,56.0151,0.0236
22.7950,56.0151,0.0237
22.8450,56.0151,0.0233
22.8950,56.0151,0.0233
22.9450,56.0151,0.0229
22.9950,56.0151,0.0229
23.0450,56.0151,0.0230
23.0950,56.0151,0.0226
23.1450,56.0151,0.0224
23.1950,56.0151,0.0225
23.2450,56.0151,0.0220
23.2950,56.0151,0.0220
23.3450,56.0151,0.0220
23.3950,56.0151,0.0214
23.4450,56.0151,0.0214
23.4950,56.0151,0.0213
23.5450,56.0151,0.0206
23.5950,56.0151,0.0206
23.6450,56.0151,0.0199
23.6950,56.0151,0.0198
23.7450,56.0151,0.0196
23.7950,56.0151,0.0193
23.8450,56.0151,0.0188
23.8950,56.0151,0.0186
23.9450,56.0151,0.0182
23.9950,56.0151,0.0180
24.0450,56.0151,0.0180
24.0950,56.0151,0.0174
24.1450,56.0151,0.0174
24.1950,56.0151,0.0173
24.2450,56.0151,0.0168
24.2950,56.0151,0.0168
24.3450,56.0151,0.0166
24.3950,56.0151,0.0162
24.4450,56.0151,0.0162
24.4950,56.0151,0.0162
24.5450,56.0151,0.0157
24.5950,56.0151,0.0157
24.6450,56.0151,0.0156
24.6950,56.0151,0.0152
24.7450,56.0151,0.0152
24.7950,56.0151,0.0147
24.8450,56.0151,0.0146
24.8950,56.0151,0.0148
24.9450,56.0151,0.0146
24.9950,56.0151,0.0144
25.0450,56.0151,0.0145
25.0950,56.0151,0.0141
25.1450,56.0151,0.0143
25.1950,56.0151,0.0143
25.2450,56.0151,0.0140
25.2950,56.0151,0.0140
25.3450,56.0151,0.0142
25.3950,56.0151,0.0140
25.4450,56.0151,0.0140
25.4950,56.0151,0.0141
25.5450,56.0151,0.0137
25.5950,56.0151,0.0138
25.6450,56.0151,0.0138
25.6950,56.0151,0.0136
25.7450,56.0151,0.0137
25.7950,56.0151,0.0137
25.8450,56.0151,0.0135
25.8950,56.0151,0.0135
25.9450,56.0151,0.0137
25.9950,56.0151,0.0134
26.0450,56.0151,0.0135
26.0950,56.0151,0.0136
26.1450,56.0151,0.0133
26.1950,56.0151,0.0135
26.2450,56.0151,0.0135
26.2950,56.0151,0.0133
26.3450,56.0151,0.0133
26.3950,56.0151,0.0134
26.4450,56.0151,0.0132
26.4950,56.0151,0.0132
26.5450,56.0151,0.0133
26.5950,56.0151,0.0130
26.6450,56.0151,0.0130
26.6950,56.0151,0.0130
26.7450,56.0151,0.0127
26.7950,56.0151,0.0128
26.8450,56.0151,0.0128
26.8950,56.0151,0.0125
26.9450,56.0151,0.0125
26.9950,56.0151,0.0125
27.0450,56.0151,0.0122
27.0950,56.0151,0.0122
27.1450,56.0151,0.0121
27.1950,56.0151,0.0118
27.2450,56.0151,0.0117
27.2950,56.0151,0.0117
27.3450,56.0151,0.0111
27.3950,56.0151,0.0111
27.4450,56.0151,0.0110
27.4950,56.0151,0.0106
27.5450,56.0151,0.0106
27.5950,56.0151,0.0104
27.6450,56.0151,0.0101
27.6950,56.0151,0.0099
27.7450,56.0151,0.0099
27.7950,56.0151,0.0085
27.8450,56.0151,0.0080
27.8950,56.0151,0.0080
27.9450,56.0151,0.0075
27.9950,56.0151,0.0075
28.0450,56.0151,0.0070
28.0950,56.0151,0.0070
28.1450,56.0151,0.0064
28.1950,56.0151,0.0060
21.0950,55.9651,0.0304
21.1450,55.9651,0.0303
21.1950,55.9651,0.0303
21.2450,55.9651,0.0302
21.2950,55.9651,0.0302
21.3450,55.9651,0.0301
21.3950,55.9651,0.0298
21.4450,55.9651,0.0298
21.4950,55.9651,0.0295
21.5450,55.9651,0.0295
21.5950,55.9651,0.0293
21.6450,55.9651,0.0292
21.6950,55.9651,0.0289
21.7450,55.9651,0.0289
21.7950,55.9651,0.0284
21.8450,55.9651,0.0281
21.8950,55.9651,0.0281
21.9450,55.9651,0.0275
21.9950,55.9651,0.0275
22.0450,55.9651,0.0268
22.0950,55.9651,0.0268
22.1450,55.9651,0.0264
22.1950,55.9651,0.0255
22.2450,55.9651,0.0255
22.2950,55.9651,0.0252
22.3450,55.9651,0.0247
22.3950,55.9651,0.0245
22.4450,55.9651,0.0245
22.4950,55.9651,0.0241
22.5450,55.9651,0.0241
22.5950,55.9651,0.0238
22.6450,55.9651,0.0236
22.6950,55.9651,0.0236
22.7450,55.9651,0.0232
22.7950,55.9651,0.0233
22.8450,55.9651,0.0228
22.8950,55.9651,0.0229
22.9450,55.9651,0.0228
22.9950,55.9651,0.0224
23.0450,55.9651,0.0224
23.0950,55.9651,0.0224
23.1450,55.9651,0.0219
23.1950,55.9651,0.0219
23.2450,55.9651,0.0214
23.2950,55.9651,0.0214
23.3450,55.9651,0.0214
23.3950,55.9651,0.0208
23.4450,55.9651,0.0208
23.4950,55.9651,0.0207
23.5450,55.9651,0.0201
23.5950,55.9651,0.0199
23.6450,55.9651,0.0197
23.6950,55.9651,0.0191
23.7450,55.9651,0.0189
23.7950,55.9651,0.0189
23.8450,55.9651,0.0184
23.8950,55.9651,0.0184
23.9450,55.9651,0.0178
23.9950,55.9651,0.0176
24.0450,55.9651,0.0176
24.0950,55.9651,0.0170
24.1450,55.9651,0.0169
24.1950,55.9651,0.0168
24.2450,55.9651,0.0164
24.2950,55.9651,0.0163
24.3450,55.9651,0.0163
24.3950,55.9651,0.0156
24.4450,55.9651,0.0156
24.4950,55.9651,0.0156
24.5450,55.9651,0.0150
24.5950,55.9651,0.0150
24.6450,55.9651,0.0151
24.6950,55.9651,0.0146
24.7450,55.9651,0.0146
24.7950,55.9651,0.0145
24.8450,55.9651,0.0142
24.8950,55.9651,0.0143
24.9450,55.9651,0.0143
24.9950,55.9651,0.0141
25.0450,55.9651,0.0141
25.0950,55.9651,0.0140
25.1450,55.9651,0.0139
25.1950,55.9651,0.0139
25.2450,55.9651,0.0137
25.2950,55.9651,0.0137
25.3450,55.9651,0.0138
25.3950,55.9651,0.0137
25.4450,55.9651,0.0136
25.4950,55.9651,0.0137
25.5450,55.9651,0.0134
25.5950,55.9651,0.0135
25.6450,55.9651,0.0135
25.6950,55.9651,0.0133
25.7450,55.9651,0.0133
25.7950,55.9651,0.0134
25.8450,55.9651,0.0132
25.8950,55.9651,0.0132
25.9450,55.9651,0.0134
25.9950,55.9651,0.0130
26.0450,55.9651,0.0132
26.0950,55.9651,0.0132
26.1450,55.9651,0.0130
26.1950,55.9651,0.0131
26.2450,55.9651,0.0131
26.2950,55.9651,0.0130
26.3450,55.9651,0.0130
26.3950,55.9651,0.0131
26.4450,55.9651,0.0127
26.4950,55.9651,0.0129
26.5450,55.9651,0.0130
26.5950,55.9651,0.0126
26.6450,55.9651,0.0127
26.6950,55.9651,0.0127
26.7450,55.9651,0.0124
26.7950,55.9651,0.0124
26.8450,55.9651,0.0125
26.8950,55.9651,0.0122
26.9450,55.9651,0.0122
26.9950,55.9651,0.0122
27.0450,55.9651,0.0119
27.0950,55.9651,0.0119
27.1450,55.9651,0.0119
27.1950,55.9651,0.0114
27.2450,55.9651,0.0113
27.2950,55.9651,0.0113
27.3450,55.9651,0.0109
27.3950,55.9651,0.0109
27.4450,55.9651,0.0108
27.4950,55.9651,0.0107
27.5450,55.9651,0.0103
27.5950,55.9651,0.0101
27.6450,55.9651,0.0099
27.6950,55.9651,0.0096
27.7450,55.9651,0.0096
27.7950,55.9651,0.0089
27.8450,55.9651,0.0090
27.8950,55.9651,0.0079
27.9450,55.9651,0.0074
27.9950,55.9651,0.0074
28.0450,55.9651,0.0069
28.0950,55.9651,0.0069
28.1450,55.9651,0.0063
28.1950,55.9651,0.0063
21.0450,55.9151,0.0304
21.0950,55.9151,0.0304
21.1450,55.9151,0.0303
21.1950,55.9151,0.0303
21.2450,55.9151,0.0301
21.2950,55.9151,0.0301
21.3450,55.9151,0.0300
21.3950,55.9151,0.0299
21.4450,55.9151,0.0297
21.4950,55.9151,0.0297
21.5450,55.9151,0.0294
21.5950,55.9151,0.0291
21.6450,55.9151,0.0291
21.6950,55.9151,0.0287
21.7450,55.9151,0.0287
21.7950,55.9151,0.0282
21.8450,55.9151,0.0282
21.8950,55.9151,0.0278
21.9450,55.9151,0.0272
21.9950,55.9151,0.0272
22.0450,55.9151,0.0267
22.0950,55.9151,0.0262
22.1450,55.9151,0.0259
22.1950,55.9151,0.0258
22.2450,55.9151,0.0250
22.2950,55.9151,0.0249
22.3450,55.9151,0.0243
22.3950,55.9151,0.0242
22.4450,55.9151,0.0242
22.4950,55.9151,0.0237
22.5450,55.9151,0.0237
22.5950,55.9151,0.0237
22.6450,55.9151,0.0232
22.6950,55.9151,0.0232
22.7450,55.9151,0.0228
22.7950,55.9151,0.0228
22.8450,55.9151,0.0224
22.8950,55.9151,0.0223
22.9450,55.9151,0.0223
22.9950,55.9151,0.0219
23.0450,55.9151,0.0219
23.0950,55.9151,0.0219
23.1450,55.9151,0.0214
23.1950,55.9151,0.0214
23.2450,55.9151,0.0213
23.2950,55.9151,0.0208
23.3450,55.9151,0.0208
23.3950,55.9151,0.0202
23.4450,55.9151,0.0201
23.4950,55.9151,0.0200
23.5450,55.9151,0.0194
23.5950,55.9151,0.0192
23.6450,55.9151,0.0192
23.6950,55.9151,0.0186
23.7450,55.9151,0.0186
23.7950,55.9151,0.0185
23.8450,55.9151,0.0179
23.8950,55.9151,0.0179
23.9450,55.9151,0.0177
23.9950,55.9151,0.0173
24.0450,55.9151,0.0171
24.0950,55.9151,0.0170
24.1450,55.9151,0.0164
24.1950,55.9151,0.0163
24.2450,55.9151,0.0161
24.2950,55.9151,0.0157
24.3450,55.9151,0.0157
24.3950,55.9151,0.0150
24.4450,55.9151,0.0150
24.4950,55.9151,0.0150
24.5450,55.9151,0.0145
24.5950,55.9151,0.0145
24.6450,55.9151,0.0145
24.6950,55.9151,0.0141
24.7450,55.9151,0.0142
24.7950,55.9151,0.0142
24.8450,55.9151,0.0139
24.8950,55.9151,0.0140
24.9450,55.9151,0.0140
24.9950,55.9151,0.0137
25.0450,55.9151,0.0137
25.0950,55.9151,0.0138
25.1450,55.9151,0.0134
25.1950,55.9151,0.0135
25.2450,55.9151,0.0134
25.2950,55.9151,0.0133
25.3450,55.9151,0.0134
25.3950,55.9151,0.0134
25.4450,55.9151,0.0132
25.4950,55.9151,0.0132
25.5450,55.9151,0.0132
25.5950,55.9151,0.0131
25.6450,55.9151,0.0131
25.6950,55.9151,0.0129
25.7450,55.9151,0.0128
25.7950,55.9151,0.0130
25.8450,55.9151,0.0130
25.8950,55.9151,0.0128
25.9450,55.9151,0.0130
25.9950,55.9151,0.0126
26.0450,55.9151,0.0128
26.0950,55.9151,0.0128
26.1450,55.9151,0.0126
26.1950,55.9151,0.0126
26.2450,55.9151,0.0128
26.2950,55.9151,0.0126
26.3450,55.9151,0.0126
26.3950,55.9151,0.0127
26.4450,55.9151,0.0124
26.4950,55.9151,0.0125
26.5450,55.9151,0.0125
26.5950,55.9151,0.0122
26.6450,55.9151,0.0123
26.6950,55.9151,0.0123
26.7450,55.9151,0.0121
26.7950,55.9151,0.0121
26.8450,55.9151,0.0122
26.8950,55.9151,0.0120
26.9450,55.9151,0.0118
26.9950,55.9151,0.0119
27.0450,55.9151,0.0115
27.0950,55.9151,0.0114
27.1450,55.9151,0.0114
27.1950,55.9151,0.0110
27.2450,55.9151,0.0110
27.2950,55.9151,0.0110
27.3450,55.9151,0.0107
27.3950,55.9151,0.0107
27.4450,55.9151,0.0105
27.4950,55.9151,0.0105
27.5450,55.9151,0.0101
27.5950,55.9151,0.0101
27.6450,55.9151,0.0098
27.6950,55.9151,0.0093
27.7450,55.9151,0.0093
27.7950,55.9151,0.0088
27.8450,55.9151,0.0087
27.8950,55.9151,0.0078
27.9450,55.9151,0.0078
27.9950,55.9151,0.0072
28.0450,55.9151,0.0067
28.0950,55.9151,0.0067
28.1450,55.9151,0.0063
28.1950,55.9151,0.0063
21.0950,55.8651,0.0304
21.1450,55.8651,0.0303
21.1950,55.8651,0.0303
21.2450,55.8651,0.0303
21.2950,55.8651,0.0300
21.3450,55.8651,0.0299
21.3950,55.8651,0.0299
21.4450,55.8651,0.0296
21.4950,55.8651,0.0296
21.5450,55.8651,0.0292
21.5950,55.8651,0.0292
21.6450,55.8651,0.0290
21.6950,55.8651,0.0285
21.7450,55.8651,0.0285
21.7950,55.8651,0.0280
21.8450,55.8651,0.0279
21.8950,55.8651,0.0276
21.9450,55.8651,0.0273
21.9950,55.8651,0.0267
22.0450,55.8651,0.0266
22.0950,55.8651,0.0258
22.1450,55.8651,0.0254
22.1950,55.8651,0.0254
22.2450,55.8651,0.0246
22.2950,55.8651,0.0246
22.3450,55.8651,0.0240
22.3950,55.8651,0.0240
22.4450,55.8651,0.0238
22.4950,55.8651,0.0233
22.5450,55.8651,0.0233
22.5950,55.8651,0.0232
22.6450,55.8651,0.0229
22.6950,55.8651,0.0228
22.7450,55.8651,0.0228
22.7950,55.8651,0.0223
22.8450,55.8651,0.0223
22.8950,55.8651,0.0219
22.9450,55.8651,0.0219
22.9950,55.8651,0.0214
23.0450,55.8651,0.0214
23.0950,55.8651,0.0214
23.1450,55.8651,0.0208
23.1950,55.8651,0.0208
23.2450,55.8651,0.0208
23.2950,55.8651,0.0202
23.3450,55.8651,0.0201
23.3950,55.8651,0.0201
23.4450,55.8651,0.0195
23.4950,55.8651,0.0195
23.5450,55.8651,0.0193
23.5950,55.8651,0.0187
23.6450,55.8651,0.0187
23.6950,55.8651,0.0182
23.7450,55.8651,0.0182
23.7950,55.8651,0.0180
23.8450,55.8651,0.0176
23.8950,55.8651,0.0174
23.9450,55.8651,0.0173
23.9950,55.8651,0.0167
24.0450,55.8651,0.0166
24.0950,55.8651,0.0166
24.1450,55.8651,0.0158
24.1950,55.8651,0.0158
24.2450,55.8651,0.0157
24.2950,55.8651,0.0151
24.3450,55.8651,0.0151
24.3950,55.8651,0.0146
24.4450,55.8651,0.0144
24.4950,55.8651,0.0145
24.5450,55.8651,0.0144
24.5950,55.8651,0.0141
24.6450,55.8651,0.0141
24.6950,55.8651,0.0137
24.7450,55.8651,0.0138
24.7950,55.8651,0.0138
24.8450,55.8651,0.0134
24.8950,55.8651,0.0134
24.9450,55.8651,0.0136
24.9950,55.8651,0.0132
25.0450,55.8651,0.0132
25.0950,55.8651,0.0134
25.1450,55.8651,0.0129
25.1950,55.8651,0.0131
25.2450,55.8651,0.0131
25.2950,55.8651,0.0128
25.3450,55.8651,0.0130
25.3950,55.8651,0.0130
25.4450,55.8651,0.0127
25.4950,55.8651,0.0127
25.5450,55.8651,0.0129
25.5950,55.8651,0.0125
25.6450,55.8651,0.0126
25.6950,55.8651,0.0126
25.7450,55.8651,0.0124
25.7950,55.8651,0.0126
25.8450,55.8651,0.0126
25.8950,55.8651,0.0123
25.9450,55.8651,0.0123
25.9950,55.8651,0.0126
26.0450,55.8651,0.0124
26.0950,55.8651,0.0124
26.1450,55.8651,0.0123
26.1950,55.8651,0.0122
26.2450,55.8651,0.0124
26.2950,55.8651,0.0124
26.3450,55.8651,0.0122
26.3950,55.8651,0.0123
26.4450,55.8651,0.0123
26.4950,55.8651,0.0121
26.5450,55.8651,0.0121
26.5950,55.8651,0.0119
26.6450,55.8651,0.0118
26.6950,55.8651,0.0119
26.7450,55.8651,0.0117
26.7950,55.8651,0.0116
26.8450,55.8651,0.0117
26.8950,55.8651,0.0117
26.9450,55.8651,0.0114
26.9950,55.8651,0.0114
27.0450,55.8651,0.0114
27.0950,55.8651,0.0111
27.1450,55.8651,0.0111
27.1950,55.8651,0.0109
27.2450,55.8651,0.0108
27.2950,55.8651,0.0107
27.3450,55.8651,0.0107
27.3950,55.8651,0.0104
27.4450,55.8651,0.0102
27.4950,55.8651,0.0102
27.5450,55.8651,0.0098
27.5950,55.8651,0.0098
27.6450,55.8651,0.0096
27.6950,55.8651,0.0092
27.7450,55.8651,0.0089
27.7950,55.8651,0.0086
27.8450,55.8651,0.0084
27.8950,55.8651,0.0081
27.9450,55.8651,0.0081
27.9950,55.8651,0.0076
28.0450,55.8651,0.0075
28.0950,55.8651,0.0066
28.1450,55.8651,0.0062
28.1950,55.8651,0.0062
21.0950,55.8152,0.0303
21.1450,55.8152,0.0303
21.1950,55.8152,0.0302
21.2450,55.8152,0.0302
21.2950,55.8152,0.0300
21.3450,55.8152,0.0300
21.3950,55.8152,0.0298
21.4450,55.8152,0.0294
21.4950,55.8152,0.0294
21.5450,55.8152,0.0291
21.5950,55.8152,0.0290
21.6450,55.8152,0.0288
21.6950,55.8152,0.0286
21.7450,55.8152,0.0283
21.7950,55.8152,0.0282
21.8450,55.8152,0.0276
21.8950,55.8152,0.0272
21.9450,55.8152,0.0272
21.9950,55.8152,0.0263
22.0450,55.8152,0.0263
22.0950,55.8152,0.0252
22.1450,55.8152,0.0252
22.1950,55.8152,0.0248
22.2450,55.8152,0.0242
22.2950,55.8152,0.0242
22.3450,55.8152,0.0239
22.3950,55.8152,0.0236
22.4450,55.8152,0.0234
22.4950,55.8152,0.0234
22.5450,55.8152,0.0229
22.5950,55.8152,0.0229
22.6450,55.8152,0.0225
22.6950,55.8152,0.0224
22.7450,55.8152,0.0224
22.7950,55.8152,0.0219
22.8450,55.8152,0.0219
22.8950,55.8152,0.0214
22.9450,55.8152,0.0214
22.9950,55.8152,0.0211
23.0450,55.8152,0.0209
23.0950,55.8152,0.0208
23.1450,55.8152,0.0206
23.1950,55.8152,0.0202
23.2450,55.8152,0.0202
23.2950,55.8152,0.0196
23.3450,55.8152,0.0195
23.3950,55.8152,0.0195
23.4450,55.8152,0.0189
23.4950,55.8152,0.0189
23.5450,55.8152,0.0188
23.5950,55.8152,0.0184
23.6450,55.8152,0.0183
23.6950,55.8152,0.0179
23.7450,55.8152,0.0177
23.7950,55.8152,0.0175
23.8450,55.8152,0.0174
23.8950,55.8152,0.0169
23.9450,55.8152,0.0169
23.9950,55.8152,0.0161
24.0450,55.8152,0.0160
24.0950,55.8152,0.0160
24.1450,55.8152,0.0152
24.1950,55.8152,0.0152
24.2450,55.8152,0.0151
24.2950,55.8152,0.0145
24.3450,55.8152,0.0145
24.3950,55.8152,0.0144
24.4450,55.8152,0.0140
24.4950,55.8152,0.0141
24.5450,55.8152,0.0141
24.5950,55.8152,0.0137
24.6450,55.8152,0.0137
24.6950,55.8152,0.0137
24.7450,55.8152,0.0133
24.7950,55.8152,0.0133
24.8450,55.8152,0.0129
24.8950,55.8152,0.0129
24.9450,55.8152,0.0130
24.9950,55.8152,0.0128
25.0450,55.8152,0.0127
25.0950,55.8152,0.0129
25.1450,55.8152,0.0123
25.1950,55.8152,0.0126
25.2450,55.8152,0.0126
25.2950,55.8152,0.0123
25.3450,55.8152,0.0123
25.3950,55.8152,0.0125
25.4450,55.8152,0.0122
25.4950,55.8152,0.0122
25.5450,55.8152,0.0125
25.5950,55.8152,0.0119
25.6450,55.8152,0.0121
25.6950,55.8152,0.0121
25.7450,55.8152,0.0118
25.7950,55.8152,0.0121
25.8450,55.8152,0.0121
25.8950,55.8152,0.0118
25.9450,55.8152,0.0118
25.9950,55.8152,0.0121
26.0450,55.8152,0.0115
26.0950,55.8152,0.0119
26.1450,55.8152,0.0120
26.1950,55.8152,0.0117
26.2450,55.8152,0.0119
26.2950,55.8152,0.0119
26.3450,55.8152,0.0117
26.3950,55.8152,0.0117
26.4450,55.8152,0.0119
26.4950,55.8152,0.0116
26.5450,55.8152,0.0116
26.5950,55.8152,0.0117
26.6450,55.8152,0.0112
26.6950,55.8152,0.0114
26.7450,55.8152,0.0114
26.7950,55.8152,0.0111
26.8450,55.8152,0.0113
26.8950,55.8152,0.0113
26.9450,55.8152,0.0110
26.9950,55.8152,0.0110
27.0450,55.8152,0.0110
27.0950,55.8152,0.0107
27.1450,55.8152,0.0108
27.1950,55.8152,0.0107
27.2450,55.8152,0.0105
27.2950,55.8152,0.0104
27.3450,55.8152,0.0104
27.3950,55.8152,0.0100
27.4450,55.8152,0.0100
27.4950,55.8152,0.0099
27.5450,55.8152,0.0094
27.5950,55.8152,0.0094
27.6450,55.8152,0.0092
27.6950,55.8152,0.0088
27.7450,55.8152,0.0086
27.7950,55.8152,0.0086
27.8450,55.8152,0.0081
27.8950,55.8152,0.0079
27.9450,55.8152,0.0079
27.9950,55.8152,0.0073
28.0450,55.8152,0.0073
28.0950,55.8152,0.0070
28.1450,55.8152,0.0065
28.1950,55.8152,0.0064
21.0950,55.7652,0.0303
21.1450,55.7652,0.0303
21.1950,55.7652,0.0301
21.2450,55.7652,0.0301
21.2950,55.7652,0.0299
21.3450,55.7652,0.0299
21.3950,55.7652,0.0297
21.4450,55.7652,0.0295
21.4950,55.7652,0.0292
21.5450,55.7652,0.0292
21.5950,55.7652,0.0288
21.6450,55.7652,0.0286
21.6950,55.7652,0.0284
21.7450,55.7652,0.0279
21.7950,55.7652,0.0279
21.8450,55.7652,0.0272
21.8950,55.7652,0.0272
21.9450,55.7652,0.0268
21.9950,55.7652,0.0257
22.0450,55.7652,0.0257
22.0950,55.7652,0.0250
22.1450,55.7652,0.0247
22.1950,55.7652,0.0245
22.2450,55.7652,0.0243
22.2950,55.7652,0.0239
22.3450,55.7652,0.0237
22.3950,55.7652,0.0233
22.4450,55.7652,0.0231
22.4950,55.7652,0.0231
22.5450,55.7652,0.0225
22.5950,55.7652,0.0225
22.6450,55.7652,0.0224
22.6950,55.7652,0.0220
22.7450,55.7652,0.0220
22.7950,55.7652,0.0215
22.8450,55.7652,0.0215
22.8950,55.7652,0.0210
22.9450,55.7652,0.0210
22.9950,55.7652,0.0210
23.0450,55.7652,0.0204
23.0950,55.7652,0.0203
23.1450,55.7652,0.0203
23.1950,55.7652,0.0197
23.2450,55.7652,0.0197
23.2950,55.7652,0.0191
23.3450,55.7652,0.0190
23.3950,55.7652,0.0189
23.4450,55.7652,0.0185
23.4950,55.7652,0.0185
23.5450,55.7652,0.0184
23.5950,55.7652,0.0180
23.6450,55.7652,0.0179
23.6950,55.7652,0.0179
23.7450,55.7652,0.0173
23.7950,55.7652,0.0171
23.8450,55.7652,0.0171
23.8950,55.7652,0.0164
23.9450,55.7652,0.0164
23.9950,55.7652,0.0158
24.0450,55.7652,0.0156
24.0950,55.7652,0.0154
24.1450,55.7652,0.0146
24.1950,55.7652,0.0146
24.2450,55.7652,0.0145
24.2950,55.7652,0.0141
24.3450,55.7652,0.0141
24.3950,55.7652,0.0141
24.4450,55.7652,0.0136
24.4950,55.7652,0.0136
24.5450,55.7652,0.0136
24.5950,55.7652,0.0132
24.6450,55.7652,0.0132
24.6950,55.7652,0.0132
24.7450,55.7652,0.0127
24.7950,55.7652,0.0128
24.8450,55.7652,0.0127
24.8950,55.7652,0.0124
24.9450,55.7652,0.0125
24.9950,55.7652,0.0125
25.0450,55.7652,0.0121
25.0950,55.7652,0.0121
25.1450,55.7652,0.0120
25.1950,55.7652,0.0120
25.2450,55.7652,0.0120
25.2950,55.7652,0.0118
25.3450,55.7652,0.0117
25.3950,55.7652,0.0120
25.4450,55.7652,0.0117
25.4950,55.7652,0.0117
25.5450,55.7652,0.0118
25.5950,55.7652,0.0113
25.6450,55.7652,0.0115
25.6950,55.7652,0.0115
25.7450,55.7652,0.0112
25.7950,55.7652,0.0112
25.8450,55.7652,0.0115
25.8950,55.7652,0.0112
25.9450,55.7652,0.0112
25.9950,55.7652,0.0115
26.0450,55.7652,0.0110
26.0950,55.7652,0.0113
26.1450,55.7652,0.0113
26.1950,55.7652,0.0111
26.2450,55.7652,0.0114
26.2950,55.7652,0.0114
26.3450,55.7652,0.0111
26.3950,55.7652,0.0111
26.4450,55.7652,0.0114
26.4950,55.7652,0.0109
26.5450,55.7652,0.0111
26.5950,55.7652,0.0112
26.6450,55.7652,0.0108
26.6950,55.7652,0.0110
26.7450,55.7652,0.0110
26.7950,55.7652,0.0107
26.8450,55.7652,0.0107
26.8950,55.7652,0.0109
26.9450,55.7652,0.0106
26.9950,55.7652,0.0106
27.0450,55.7652,0.0107
27.0950,55.7652,0.0103
27.1450,55.7652,0.0104
27.1950,55.7652,0.0104
27.2450,55.7652,0.0101
27.2950,55.7652,0.0101
27.3450,55.7652,0.0101
27.3950,55.7652,0.0096
27.4450,55.7652,0.0096
27.4950,55.7652,0.0095
27.5450,55.7652,0.0092
27.5950,55.7652,0.0090
27.6450,55.7652,0.0088
27.6950,55.7652,0.0084
27.7450,55.7652,0.0083
27.7950,55.7652,0.0083
27.8450,55.7652,0.0078
27.8950,55.7652,0.0077
27.9450,55.7652,0.0076
27.9950,55.7652,0.0070
28.0450,55.7652,0.0070
28.0950,55.7652,0.0067
28.1450,55.7652,0.0067
28.1950,55.7652,0.0062
21.0950,55.7152,0.0302
21.1450,55.7152,0.0302
21.1950,55.7152,0.0301
21.2450,55.7152,0.0300
21.2950,55.7152,0.0300
21.3450,55.7152,0.0298
21.3950,55.7152,0.0295
21.4450,55.7152,0.0293
21.4950,55.7152,0.0290
21.5450,55.7152,0.0290
21.5950,55.7152,0.0286
21.6450,55.7152,0.0286
21.6950,55.7152,0.0283
21.7450,55.7152,0.0277
21.7950,55.7152,0.0277
21.8450,55.7152,0.0269
21.8950,55.7152,0.0269
21.9450,55.7152,0.0264
21.9950,55.7152,0.0259
22.0450,55.7152,0.0253
22.0950,55.7152,0.0251
22.1450,55.7152,0.0245
22.1950,55.7152,0.0241
22.2450,55.7152,0.0241
22.2950,55.7152,0.0235
22.3450,55.7152,0.0235
22.3950,55.7152,0.0229
22.4450,55.7152,0.0229
22.4950,55.7152,0.0227
22.5450,55.7152,0.0223
22.5950,55.7152,0.0223
22.6450,55.7152,0.0221
22.6950,55.7152,0.0217
22.7450,55.7152,0.0216
22.7950,55.7152,0.0211
22.8450,55.7152,0.0210
22.8950,55.7152,0.0207
22.9450,55.7152,0.0205
22.9950,55.7152,0.0205
23.0450,55.7152,0.0199
23.0950,55.7152,0.0199
23.1450,55.7152,0.0198
23.1950,55.7152,0.0192
23.2450,55.7152,0.0192
23.2950,55.7152,0.0190
23.3450,55.7152,0.0187
23.3950,55.7152,0.0186
23.4450,55.7152,0.0186
23.4950,55.7152,0.0182
23.5450,55.7152,0.0180
23.5950,55.7152,0.0177
23.6450,55.7152,0.0175
23.6950,55.7152,0.0175
23.7450,55.7152,0.0169
23.7950,55.7152,0.0169
23.8450,55.7152,0.0166
23.8950,55.7152,0.0159
23.9450,55.7152,0.0159
23.9950,55.7152,0.0156
24.0450,55.7152,0.0151
24.0950,55.7152,0.0148
24.1450,55.7152,0.0148
24.1950,55.7152,0.0142
24.2450,55.7152,0.0141
24.2950,55.7152,0.0140
24.3450,55.7152,0.0137
24.3950,55.7152,0.0137
24.4450,55.7152,0.0132
24.4950,55.7152,0.0132
24.5450,55.7152,0.0132
24.5950,55.7152,0.0127
24.6450,55.7152,0.0127
24.6950,55.7152,0.0127
24.7450,55.7152,0.0122
24.7950,55.7152,0.0123
24.8450,55.7152,0.0123
24.8950,55.7152,0.0119
24.9450,55.7152,0.0119
24.9950,55.7152,0.0120
25.0450,55.7152,0.0116
25.0950,55.7152,0.0116
25.1450,55.7152,0.0118
25.1950,55.7152,0.0112
25.2450,55.7152,0.0115
25.2950,55.7152,0.0114
25.3450,55.7152,0.0111
25.3950,55.7152,0.0114
25.4450,55.7152,0.0114
25.4950,55.7152,0.0111
25.5450,55.7152,0.0111
25.5950,55.7152,0.0111
25.6450,55.7152,0.0110
25.6950,55.7152,0.0110
25.7450,55.7152,0.0108
25.7950,55.7152,0.0108
25.8450,55.7152,0.0110
25.8950,55.7152,0.0109
25.9450,55.7152,0.0108
25.9950,55.7152,0.0109
26.0450,55.7152,0.0106
26.0950,55.7152,0.0109
26.1450,55.7152,0.0109
26.1950,55.7152,0.0107
26.2450,55.7152,0.0107
26.2950,55.7152,0.0109
26.3450,55.7152,0.0107
26.3950,55.7152,0.0107
26.4450,55.7152,0.0109
26.4950,55.7152,0.0105
26.5450,55.7152,0.0107
26.5950,55.7152,0.0107
26.6450,55.7152,0.0104
26.6950,55.7152,0.0106
26.7450,55.7152,0.0106
26.7950,55.7152,0.0103
26.8450,55.7152,0.0103
26.8950,55.7152,0.0105
26.9450,55.7152,0.0103
26.9950,55.7152,0.0102
27.0450,55.7152,0.0103
27.0950,55.7152,0.0099
27.1450,55.7152,0.0100
27.1950,55.7152,0.0100
27.2450,55.7152,0.0097
27.2950,55.7152,0.0097
27.3450,55.7152,0.0097
27.3950,55.7152,0.0092
27.4450,55.7152,0.0092
27.4950,55.7152,0.0091
27.5450,55.7152,0.0090
27.5950,55.7152,0.0085
27.6450,55.7152,0.0085
27.6950,55.7152,0.0083
27.7450,55.7152,0.0080
27.7950,55.7152,0.0080
27.8450,55.7152,0.0075
27.8950,55.7152,0.0075
27.9450,55.7152,0.0073
27.9950,55.7152,0.0070
28.0450,55.7152,0.0066
28.0950,55.7152,0.0064
28.1450,55.7152,0.0064
28.1950,55.7152,0.0060
