lon,lat,pga_g
10.5750,57.7750,0.0106
10.6250,57.7750,0.0106
11.5750,57.7750,0.0149
11.6250,57.7750,0.0149
11.6750,57.7750,0.0149
11.7250,57.7750,0.0149
11.7750,57.7750,0.0149
11.8250,57.7750,0.0153
11.8750,57.7750,0.0160
11.9250,57.7750,0.0160
11.9750,57.7750,0.0165
12.0250,57.7750,0.0165
12.0750,57.7750,0.0172
12.1250,57.7750,0.0169
12.1750,57.7750,0.0176
12.2250,57.7750,0.0173
12.2750,57.7750,0.0180
12.3250,57.7750,0.0177
12.3750,57.7750,0.0183
12.4250,57.7750,0.0187
12.4750,57.7750,0.0186
12.5250,57.7750,0.0191
12.5750,57.7750,0.0189
12.6250,57.7750,0.0195
12.6750,57.7750,0.0192
12.7250,57.7750,0.0198
12.7750,57.7750,0.0196
12.8250,57.7750,0.0201
12.8750,57.7750,0.0201
12.9250,57.7750,0.0203
12.9750,57.7750,0.0203
13.0250,57.7750,0.0206
13.0750,57.7750,0.0209
13.1250,57.7750,0.0209
13.1750,57.7750,0.0211
13.2250,57.7750,0.0211
13.2750,57.7750,0.0213
13.3250,57.7750,0.0213
13.3750,57.7750,0.0214
13.4250,57.7750,0.0214
13.4750,57.7750,0.0218
13.5250,57.7750,0.0216
13.5750,57.7750,0.0219
13.6250,57.7750,0.0217
13.6750,57.7750,0.0220
13.7250,57.7750,0.0221
13.7750,57.7750,0.0221
13.8250,57.7750,0.0223
13.8750,57.7750,0.0221
13.9250,57.7750,0.0224
13.9750,57.7750,0.0222
14.0250,57.7750,0.0224
14.0750,57.7750,0.0224
14.1250,57.7750,0.0225
14.1750,57.7750,0.0225
14.2250,57.7750,0.0226
14.2750,57.7750,0.0227
14.3250,57.7750,0.0227
14.3750,57.7750,0.0229
14.4250,57.7750,0.0229
14.4750,57.7750,0.0230
14.5250,57.7750,0.0230
14.5750,57.7750,0.0231
14.6250,57.7750,0.0231
14.6750,57.7750,0.0232
14.7250,57.7750,0.0231
14.7750,57.7750,0.0233
14.8250,57.7750,0.0232
14.8750,57.7750,0.0233
14.9250,57.7750,0.0234
14.9750,57.7750,0.0234
15.0250,57.7750,0.0236
15.0750,57.7750,0.0235
15.1250,57.7750,0.0236
15.1750,57.7750,0.0235
10.4250,57.7250,0.0098
10.4750,57.7250,0.0098
10.5250,57.7250,0.0102
10.5750,57.7250,0.0102
10.6250,57.7250,0.0106
11.5750,57.7250,0.0149
11.6250,57.7250,0.0149
11.6750,57.7250,0.0149
11.7250,57.7250,0.0149
11.7750,57.7250,0.0147
11.8250,57.7250,0.0153
11.8750,57.7250,0.0151
11.9250,57.7250,0.0158
11.9750,57.7250,0.0156
12.0250,57.7250,0.0162
12.0750,57.7250,0.0163
12.1250,57.7250,0.0167
12.1750,57.7250,0.0173
12.2250,57.7250,0.0171
12.2750,57.7250,0.0177
12.3250,57.7250,0.0175
12.3750,57.7250,0.0180
12.4250,57.7250,0.0180
12.4750,57.7250,0.0184
12.5250,57.7250,0.0184
12.5750,57.7250,0.0187
12.6250,57.7250,0.0187
12.6750,57.7250,0.0190
12.7250,57.7250,0.0190
12.7750,57.7250,0.0195
12.8250,57.7250,0.0198
12.8750,57.7250,0.0198
12.9250,57.7250,0.0200
12.9750,57.7250,0.0200
13.0250,57.7250,0.0205
13.0750,57.7250,0.0203
13.1250,57.7250,0.0207
13.1750,57.7250,0.0205
13.2250,57.7250,0.0209
13.2750,57.7250,0.0207
13.3250,57.7250,0.0211
13.3750,57.7250,0.0213
13.4250,57.7250,0.0213
13.4750,57.7250,0.0216
13.5250,57.7250,0.0214
13.5750,57.7250,0.0217
13.6250,57.7250,0.0215
13.6750,57.7250,0.0218
13.7250,57.7250,0.0218
13.7750,57.7250,0.0219
13.8250,57.7250,0.0219
13.8750,57.7250,0.0220
13.9250,57.7250,0.0220
13.9750,57.7250,0.0221
14.0250,57.7250,0.0223
14.0750,57.7250,0.0223
14.1250,57.7250,0.0224
14.1750,57.7250,0.0224
14.2250,57.7250,0.0225
14.2750,57.7250,0.0225
14.3250,57.7250,0.0227
14.3750,57.7250,0.0226
14.4250,57.7250,0.0228
14.4750,57.7250,0.0227
14.5250,57.7250,0.0229
14.5750,57.7250,0.0228
14.6250,57.7250,0.0229
14.6750,57.7250,0.0231
14.7250,57.7250,0.0230
14.7750,57.7250,0.0232
14.8250,57.7250,0.0231
14.8750,57.7250,0.0232
14.9250,57.7250,0.0232
14.9750,57.7250,0.0233
15.0250,57.7250,0.0233
15.0750,57.7250,0.0234
15.1250,57.7250,0.0234
15.1750,57.7250,0.0235
10.3250,57.6750,0.0089
10.3750,57.6750,0.0093
10.4250,57.6750,0.0093
10.4750,57.6750,0.0098
10.5250,57.6750,0.0098
11.6250,57.6750,0.0148
11.6750,57.6750,0.0147
11.7250,57.6750,0.0147
11.7750,57.6750,0.0145
11.8250,57.6750,0.0146
11.8750,57.6750,0.0151
11.9250,57.6750,0.0155
11.9750,57.6750,0.0155
12.0250,57.6750,0.0159
12.0750,57.6750,0.0159
12.1250,57.6750,0.0164
12.1750,57.6750,0.0164
12.2250,57.6750,0.0169
12.2750,57.6750,0.0168
12.3250,57.6750,0.0175
12.3750,57.6750,0.0172
12.4250,57.6750,0.0178
12.4750,57.6750,0.0178
12.5250,57.6750,0.0182
12.5750,57.6750,0.0185
12.6250,57.6750,0.0184
12.6750,57.6750,0.0189
12.7250,57.6750,0.0187
12.7750,57.6750,0.0192
12.8250,57.6750,0.0189
12.8750,57.6750,0.0195
12.9250,57.6750,0.0192
12.9750,57.6750,0.0197
13.0250,57.6750,0.0197
13.0750,57.6750,0.0200
13.1250,57.6750,0.0205
13.1750,57.6750,0.0202
13.2250,57.6750,0.0207
13.2750,57.6750,0.0206
13.3250,57.6750,0.0209
13.3750,57.6750,0.0209
13.4250,57.6750,0.0210
13.4750,57.6750,0.0210
13.5250,57.6750,0.0212
13.5750,57.6750,0.0212
13.6250,57.6750,0.0215
13.6750,57.6750,0.0213
13.7250,57.6750,0.0216
13.7750,57.6750,0.0217
13.8250,57.6750,0.0217
13.8750,57.6750,0.0218
13.9250,57.6750,0.0218
13.9750,57.6750,0.0221
14.0250,57.6750,0.0219
14.0750,57.6750,0.0222
14.1250,57.6750,0.0220
14.1750,57.6750,0.0223
14.2250,57.6750,0.0222
14.2750,57.6750,0.0223
14.3250,57.6750,0.0225
14.3750,57.6750,0.0225
14.4250,57.6750,0.0227
14.4750,57.6750,0.0225
14.5250,57.6750,0.0227
14.5750,57.6750,0.0227
14.6250,57.6750,0.0228
14.6750,57.6750,0.0228
14.7250,57.6750,0.0229
14.7750,57.6750,0.0229
14.8250,57.6750,0.0231
14.8750,57.6750,0.0229
14.9250,57.6750,0.0231
14.9750,57.6750,0.0232
15.0250,57.6750,0.0232
15.0750,57.6750,0.0233
15.1250,57.6750,0.0232
15.1750,57.6750,0.0234
9.9750,57.6250,0.0083
10.1750,57.6250,0.0084
10.2250,57.6250,0.0087
10.2750,57.6250,0.0087
10.3250,57.6250,0.0089
10.3750,57.6250,0.0093
10.4250,57.6250,0.0093
10.4750,57.6250,0.0098
11.5750,57.6250,0.0147
11.6250,57.6250,0.0147
11.6750,57.6250,0.0146
11.7250,57.6250,0.0145
11.7750,57.6250,0.0145
11.8250,57.6250,0.0145
11.8750,57.6250,0.0149
11.9250,57.6250,0.0149
11.9750,57.6250,0.0152
12.0250,57.6250,0.0150
12.0750,57.6250,0.0156
12.1250,57.6250,0.0154
12.1750,57.6250,0.0161
12.2250,57.6250,0.0167
12.2750,57.6250,0.0165
12.3250,57.6250,0.0172
12.3750,57.6250,0.0169
12.4250,57.6250,0.0175
12.4750,57.6250,0.0173
12.5250,57.6250,0.0179
12.5750,57.6250,0.0179
12.6250,57.6250,0.0182
12.6750,57.6250,0.0182
12.7250,57.6250,0.0184
12.7750,57.6250,0.0184
12.8250,57.6250,0.0187
12.8750,57.6250,0.0191
12.9250,57.6250,0.0191
12.9750,57.6250,0.0194
13.0250,57.6250,0.0194
13.0750,57.6250,0.0197
13.1250,57.6250,0.0197
13.1750,57.6250,0.0201
13.2250,57.6250,0.0200
13.2750,57.6250,0.0205
13.3250,57.6250,0.0202
13.3750,57.6250,0.0206
13.4250,57.6250,0.0205
13.4750,57.6250,0.0208
13.5250,57.6250,0.0211
13.5750,57.6250,0.0210
13.6250,57.6250,0.0213
13.6750,57.6250,0.0211
13.7250,57.6250,0.0214
13.7750,57.6250,0.0213
13.8250,57.6250,0.0215
13.8750,57.6250,0.0215
13.9250,57.6250,0.0216
13.9750,57.6250,0.0216
14.0250,57.6250,0.0218
14.0750,57.6250,0.0220
14.1250,57.6250,0.0219
14.1750,57.6250,0.0221
14.2250,57.6250,0.0221
14.2750,57.6250,0.0222
14.3250,57.6250,0.0222
14.3750,57.6250,0.0223
14.4250,57.6250,0.0223
14.4750,57.6250,0.0225
14.5250,57.6250,0.0224
14.5750,57.6250,0.0226
14.6250,57.6250,0.0225
14.6750,57.6250,0.0227
14.7250,57.6250,0.0229
14.7750,57.6250,0.0228
14.8250,57.6250,0.0229
14.8750,57.6250,0.0228
14.9250,57.6250,0.0230
14.9750,57.6250,0.0229
15.0250,57.6250,0.0231
15.0750,57.6250,0.0231
15.1250,57.6250,0.0231
15.1750,57.6250,0.0231
9.8750,57.5750,0.0081
9.9250,57.5750,0.0081
9.9750,57.5750,0.0083
10.0250,57.5750,0.0081
10.0750,57.5750,0.0083
10.1250,57.5750,0.0083
10.1750,57.5750,0.0084
10.2250,57.5750,0.0085
10.2750,57.5750,0.0085
10.3250,57.5750,0.0089
10.3750,57.5750,0.0087
10.4250,57.5750,0.0087
11.7250,57.5750,0.0145
11.7750,57.5750,0.0145
11.8250,57.5750,0.0146
11.8750,57.5750,0.0144
11.9250,57.5750,0.0144
11.9750,57.5750,0.0149
12.0250,57.5750,0.0148
12.0750,57.5750,0.0153
12.1250,57.5750,0.0153
12.1750,57.5750,0.0158
12.2250,57.5750,0.0158
12.2750,57.5750,0.0162
12.3250,57.5750,0.0162
12.3750,57.5750,0.0166
12.4250,57.5750,0.0166
12.4750,57.5750,0.0173
12.5250,57.5750,0.0170
12.5750,57.5750,0.0176
12.6250,57.5750,0.0179
12.6750,57.5750,0.0179
12.7250,57.5750,0.0182
12.7750,57.5750,0.0182
12.8250,57.5750,0.0187
12.8750,57.5750,0.0184
12.9250,57.5750,0.0189
12.9750,57.5750,0.0186
13.0250,57.5750,0.0191
13.0750,57.5750,0.0189
13.1250,57.5750,0.0194
13.1750,57.5750,0.0198
13.2250,57.5750,0.0197
13.2750,57.5750,0.0202
13.3250,57.5750,0.0200
13.3750,57.5750,0.0204
13.4250,57.5750,0.0203
13.4750,57.5750,0.0206
13.5250,57.5750,0.0206
13.5750,57.5750,0.0208
13.6250,57.5750,0.0208
13.6750,57.5750,0.0209
13.7250,57.5750,0.0209
13.7750,57.5750,0.0213
13.8250,57.5750,0.0213
13.8750,57.5750,0.0213
13.9250,57.5750,0.0215
13.9750,57.5750,0.0215
14.0250,57.5750,0.0216
14.0750,57.5750,0.0216
14.1250,57.5750,0.0218
14.1750,57.5750,0.0217
14.2250,57.5750,0.0220
14.2750,57.5750,0.0218
14.3250,57.5750,0.0221
14.3750,57.5750,0.0222
14.4250,57.5750,0.0222
14.4750,57.5750,0.0224
14.5250,57.5750,0.0223
14.5750,57.5750,0.0225
14.6250,57.5750,0.0223
14.6750,57.5750,0.0225
14.7250,57.5750,0.0225
14.7750,57.5750,0.0226
14.8250,57.5750,0.0226
14.8750,57.5750,0.0227
14.9250,57.5750,0.0227
14.9750,57.5750,0.0229
15.0250,57.5750,0.0230
15.0750,57.5750,0.0230
15.1250,57.5750,0.0230
15.1750,57.5750,0.0230
9.8250,57.5250,0.0078
9.8750,57.5250,0.0081
9.9250,57.5250,0.0079
9.9750,57.5250,0.0081
10.0250,57.5250,0.0080
10.0750,57.5250,0.0082
10.1250,57.5250,0.0081
10.1750,57.5250,0.0083
10.2250,57.5250,0.0083
10.2750,57.5250,0.0084
10.3250,57.5250,0.0084
10.3750,57.5250,0.0086
10.4250,57.5250,0.0086
10.4750,57.5250,0.0089
10.5250,57.5250,0.0089
10.5750,57.5250,0.0088
10.6250,57.5250,0.0087
11.7250,57.5250,0.0145
11.7750,57.5250,0.0145
11.8750,57.5250,0.0144
11.9250,57.5250,0.0144
11.9750,57.5250,0.0143
12.0250,57.5250,0.0147
12.0750,57.5250,0.0145
12.1250,57.5250,0.0150
12.1750,57.5250,0.0148
12.2250,57.5250,0.0154
12.2750,57.5250,0.0153
12.3250,57.5250,0.0159
12.3750,57.5250,0.0166
12.4250,57.5250,0.0163
12.4750,57.5250,0.0169
12.5250,57.5250,0.0166
12.5750,57.5250,0.0173
12.6250,57.5250,0.0170
12.6750,57.5250,0.0176
12.7250,57.5250,0.0176
12.7750,57.5250,0.0179
12.8250,57.5250,0.0179
12.8750,57.5250,0.0182
12.9250,57.5250,0.0186
12.9750,57.5250,0.0184
13.0250,57.5250,0.0188
13.0750,57.5250,0.0188
13.1250,57.5250,0.0192
13.1750,57.5250,0.0192
13.2250,57.5250,0.0195
13.2750,57.5250,0.0195
13.3250,57.5250,0.0198
13.3750,57.5250,0.0197
13.4250,57.5250,0.0202
13.4750,57.5250,0.0200
13.5250,57.5250,0.0204
13.5750,57.5250,0.0206
13.6250,57.5250,0.0206
13.6750,57.5250,0.0209
13.7250,57.5250,0.0207
13.7750,57.5250,0.0210
13.8250,57.5250,0.0208
13.8750,57.5250,0.0211
13.9250,57.5250,0.0209
13.9750,57.5250,0.0213
14.0250,57.5250,0.0213
14.0750,57.5250,0.0214
14.1250,57.5250,0.0217
14.1750,57.5250,0.0216
14.2250,57.5250,0.0218
14.2750,57.5250,0.0217
14.3250,57.5250,0.0219
14.3750,57.5250,0.0219
14.4250,57.5250,0.0220
14.4750,57.5250,0.0220
14.5250,57.5250,0.0221
14.5750,57.5250,0.0221
14.6250,57.5250,0.0223
14.6750,57.5250,0.0222
14.7250,57.5250,0.0224
14.7750,57.5250,0.0225
14.8250,57.5250,0.0225
14.8750,57.5250,0.0227
14.9250,57.5250,0.0226
14.9750,57.5250,0.0228
15.0250,57.5250,0.0226
15.0750,57.5250,0.0228
15.1250,57.5250,0.0228
15.1750,57.5250,0.0229
9.7750,57.4750,0.0076
9.8250,57.4750,0.0078
9.8750,57.4750,0.0078
9.9250,57.4750,0.0078
9.9750,57.4750,0.0078
10.0250,57.4750,0.0080
10.0750,57.4750,0.0078
10.1250,57.4750,0.0080
10.1750,57.4750,0.0079
10.2250,57.4750,0.0082
10.2750,57.4750,0.0083
10.3250,57.4750,0.0083
10.3750,57.4750,0.0085
10.4250,57.4750,0.0085
10.4750,57.4750,0.0088
10.5250,57.4750,0.0087
10.5750,57.4750,0.0087
10.6250,57.4750,0.0087
11.8750,57.4750,0.0143
11.9250,57.4750,0.0143
11.9750,57.4750,0.0141
12.0250,57.4750,0.0142
12.0750,57.4750,0.0143
12.1250,57.4750,0.0148
12.1750,57.4750,0.0145
12.2250,57.4750,0.0152
12.2750,57.4750,0.0152
12.3250,57.4750,0.0155
12.3750,57.4750,0.0155
12.4250,57.4750,0.0159
12.4750,57.4750,0.0159
12.5250,57.4750,0.0163
12.5750,57.4750,0.0163
12.6250,57.4750,0.0170
12.6750,57.4750,0.0173
12.7250,57.4750,0.0173
12.7750,57.4750,0.0176
12.8250,57.4750,0.0176
12.8750,57.4750,0.0179
12.9250,57.4750,0.0179
12.9750,57.4750,0.0184
13.0250,57.4750,0.0182
13.0750,57.4750,0.0186
13.1250,57.4750,0.0184
13.1750,57.4750,0.0189
13.2250,57.4750,0.0189
13.2750,57.4750,0.0192
13.3250,57.4750,0.0197
13.3750,57.4750,0.0195
13.4250,57.4750,0.0199
13.4750,57.4750,0.0197
13.5250,57.4750,0.0202
13.5750,57.4750,0.0200
13.6250,57.4750,0.0203
13.6750,57.4750,0.0203
13.7250,57.4750,0.0205
13.7750,57.4750,0.0205
13.8250,57.4750,0.0207
13.8750,57.4750,0.0209
13.9250,57.4750,0.0209
13.9750,57.4750,0.0212
14.0250,57.4750,0.0212
14.0750,57.4750,0.0213
14.1250,57.4750,0.0213
14.1750,57.4750,0.0215
14.2250,57.4750,0.0215
14.2750,57.4750,0.0217
14.3250,57.4750,0.0216
14.3750,57.4750,0.0218
14.4250,57.4750,0.0219
14.4750,57.4750,0.0219
14.5250,57.4750,0.0221
14.5750,57.4750,0.0220
14.6250,57.4750,0.0222
14.6750,57.4750,0.0220
14.7250,57.4750,0.0222
14.7750,57.4750,0.0222
14.8250,57.4750,0.0224
14.8750,57.4750,0.0224
14.9250,57.4750,0.0225
14.9750,57.4750,0.0226
15.0250,57.4750,0.0226
15.0750,57.4750,0.0228
15.1250,57.4750,0.0228
15.1750,57.4750,0.0228
9.7250,57.4250,0.0076
9.7750,57.4250,0.0076
9.8250,57.4250,0.0075
9.8750,57.4250,0.0076
9.9250,57.4250,0.0076
9.9750,57.4250,0.0076
10.0250,57.4250,0.0078
10.0750,57.4250,0.0077
10.1250,57.4250,0.0079
10.1750,57.4250,0.0078
10.2250,57.4250,0.0080
10.2750,57.4250,0.0080
10.3250,57.4250,0.0082
10.3750,57.4250,0.0082
10.4250,57.4250,0.0084
10.4750,57.4250,0.0084
10.5250,57.4250,0.0087
10.5750,57.4250,0.0087
11.8750,57.4250,0.0136
11.9250,57.4250,0.0136
11.9750,57.4250,0.0140
12.0250,57.4250,0.0140
12.0750,57.4250,0.0143
12.1250,57.4250,0.0142
12.1750,57.4250,0.0145
12.2250,57.4250,0.0144
12.2750,57.4250,0.0149
12.3250,57.4250,0.0146
12.3750,57.4250,0.0153
12.4250,57.4250,0.0156
12.4750,57.4250,0.0156
12.5250,57.4250,0.0163
12.5750,57.4250,0.0160
12.6250,57.4250,0.0166
12.6750,57.4250,0.0163
12.7250,57.4250,0.0170
12.7750,57.4250,0.0167
12.8250,57.4250,0.0174
12.8750,57.4250,0.0174
12.9250,57.4250,0.0177
12.9750,57.4250,0.0180
13.0250,57.4250,0.0179
13.0750,57.4250,0.0184
13.1250,57.4250,0.0182
13.1750,57.4250,0.0187
13.2250,57.4250,0.0187
13.2750,57.4250,0.0189
13.3250,57.4250,0.0189
13.3750,57.4250,0.0192
13.4250,57.4250,0.0192
13.4750,57.4250,0.0194
13.5250,57.4250,0.0195
13.5750,57.4250,0.0199
13.6250,57.4250,0.0201
13.6750,57.4250,0.0201
13.7250,57.4250,0.0203
13.7750,57.4250,0.0203
13.8250,57.4250,0.0206
13.8750,57.4250,0.0205
13.9250,57.4250,0.0208
13.9750,57.4250,0.0207
14.0250,57.4250,0.0210
14.0750,57.4250,0.0209
14.1250,57.4250,0.0212
14.1750,57.4250,0.0214
14.2250,57.4250,0.0213
14.2750,57.4250,0.0216
14.3250,57.4250,0.0214
14.3750,57.4250,0.0217
14.4250,57.4250,0.0216
14.4750,57.4250,0.0218
14.5250,57.4250,0.0218
14.5750,57.4250,0.0219
14.6250,57.4250,0.0219
14.6750,57.4250,0.0220
14.7250,57.4250,0.0221
14.7750,57.4250,0.0222
14.8250,57.4250,0.0223
14.8750,57.4250,0.0223
14.9250,57.4250,0.0224
14.9750,57.4250,0.0224
15.0250,57.4250,0.0226
15.0750,57.4250,0.0224
15.1250,57.4250,0.0226
15.1750,57.4250,0.0225
9.6750,57.3750,0.0071
9.7250,57.3750,0.0073
9.7750,57.3750,0.0073
9.8250,57.3750,0.0074
9.8750,57.3750,0.0074
9.9250,57.3750,0.0074
9.9750,57.3750,0.0075
10.0250,57.3750,0.0075
10.0750,57.3750,0.0076
10.1250,57.3750,0.0076
10.1750,57.3750,0.0077
10.2250,57.3750,0.0077
10.2750,57.3750,0.0080
10.3250,57.3750,0.0079
10.3750,57.3750,0.0081
10.4250,57.3750,0.0083
10.4750,57.3750,0.0083
10.5250,57.3750,0.0082
10.9250,57.3750,0.0096
11.9250,57.3750,0.0136
11.9750,57.3750,0.0136
12.0250,57.3750,0.0140
12.0750,57.3750,0.0142
12.1250,57.3750,0.0141
12.1750,57.3750,0.0144
12.2250,57.3750,0.0143
12.2750,57.3750,0.0146
12.3250,57.3750,0.0145
12.3750,57.3750,0.0150
12.4250,57.3750,0.0150
12.4750,57.3750,0.0153
12.5250,57.3750,0.0153
12.5750,57.3750,0.0157
12.6250,57.3750,0.0157
12.6750,57.3750,0.0161
12.7250,57.3750,0.0165
12.7750,57.3750,0.0167
12.8250,57.3750,0.0171
12.8750,57.3750,0.0171
12.9250,57.3750,0.0174
12.9750,57.3750,0.0174
13.0250,57.3750,0.0177
13.0750,57.3750,0.0177
13.1250,57.3750,0.0182
13.1750,57.3750,0.0180
13.2250,57.3750,0.0185
13.2750,57.3750,0.0183
13.3250,57.3750,0.0187
13.3750,57.3750,0.0189
13.4250,57.3750,0.0189
13.4750,57.3750,0.0194
13.5250,57.3750,0.0192
13.5750,57.3750,0.0197
13.6250,57.3750,0.0194
13.6750,57.3750,0.0199
13.7250,57.3750,0.0197
13.7750,57.3750,0.0201
13.8250,57.3750,0.0201
13.8750,57.3750,0.0203
13.9250,57.3750,0.0207
13.9750,57.3750,0.0205
14.0250,57.3750,0.0209
14.0750,57.3750,0.0208
14.1250,57.3750,0.0210
14.1750,57.3750,0.0210
14.2250,57.3750,0.0212
14.2750,57.3750,0.0212
14.3250,57.3750,0.0213
14.3750,57.3750,0.0213
14.4250,57.3750,0.0215
14.4750,57.3750,0.0217
14.5250,57.3750,0.0217
14.5750,57.3750,0.0218
14.6250,57.3750,0.0218
14.6750,57.3750,0.0220
14.7250,57.3750,0.0218
14.7750,57.3750,0.0221
14.8250,57.3750,0.0220
14.8750,57.3750,0.0222
14.9250,57.3750,0.0221
14.9750,57.3750,0.0223
15.0250,57.3750,0.0224
15.0750,57.3750,0.0223
15.1250,57.3750,0.0225
15.1750,57.3750,0.0224
9.6250,57.3250,0.0071
9.6750,57.3250,0.0071
9.7250,57.3250,0.0073
9.7750,57.3250,0.0071
9.8250,57.3250,0.0073
9.8750,57.3250,0.0071
9.9250,57.3250,0.0073
9.9750,57.3250,0.0072
10.0250,57.3250,0.0074
10.0750,57.3250,0.0073
10.1250,57.3250,0.0075
10.1750,57.3250,0.0077
10.2250,57.3250,0.0076
10.2750,57.3250,0.0079
10.3250,57.3250,0.0078
10.3750,57.3250,0.0080
10.4250,57.3250,0.0079
10.4750,57.3250,0.0082
10.5250,57.3250,0.0081
10.9250,57.3250,0.0096
10.9750,57.3250,0.0096
11.0250,57.3250,0.0098
11.0750,57.3250,0.0099
11.1250,57.3250,0.0102
11.1750,57.3250,0.0102
11.2250,57.3250,0.0102
11.8750,57.3250,0.0136
11.9250,57.3250,0.0136
11.9750,57.3250,0.0136
12.0250,57.3250,0.0140
12.0750,57.3250,0.0141
12.1250,57.3250,0.0140
12.1750,57.3250,0.0140
12.2250,57.3250,0.0142
12.2750,57.3250,0.0142
12.3250,57.3250,0.0145
12.3750,57.3250,0.0143
12.4250,57.3250,0.0147
12.4750,57.3250,0.0148
12.5250,57.3250,0.0150
12.5750,57.3250,0.0154
12.6250,57.3250,0.0154
12.6750,57.3250,0.0161
12.7250,57.3250,0.0157
12.7750,57.3250,0.0164
12.8250,57.3250,0.0161
12.8750,57.3250,0.0168
12.9250,57.3250,0.0165
12.9750,57.3250,0.0171
13.0250,57.3250,0.0173
13.0750,57.3250,0.0175
13.1250,57.3250,0.0180
13.1750,57.3250,0.0178
13.2250,57.3250,0.0183
13.2750,57.3250,0.0181
13.3250,57.3250,0.0185
13.3750,57.3250,0.0185
13.4250,57.3250,0.0188
13.4750,57.3250,0.0188
13.5250,57.3250,0.0190
13.5750,57.3250,0.0190
13.6250,57.3250,0.0192
13.6750,57.3250,0.0197
13.7250,57.3250,0.0197
13.7750,57.3250,0.0199
13.8250,57.3250,0.0199
13.8750,57.3250,0.0202
13.9250,57.3250,0.0202
13.9750,57.3250,0.0204
14.0250,57.3250,0.0203
14.0750,57.3250,0.0206
14.1250,57.3250,0.0205
14.1750,57.3250,0.0209
14.2250,57.3250,0.0210
14.2750,57.3250,0.0210
14.3250,57.3250,0.0213
14.3750,57.3250,0.0212
14.4250,57.3250,0.0215
14.4750,57.3250,0.0213
14.5250,57.3250,0.0215
14.5750,57.3250,0.0215
14.6250,57.3250,0.0216
14.6750,57.3250,0.0216
14.7250,57.3250,0.0218
14.7750,57.3250,0.0220
14.8250,57.3250,0.0218
14.8750,57.3250,0.0220
14.9250,57.3250,0.0220
14.9750,57.3250,0.0222
15.0250,57.3250,0.0222
15.0750,57.3250,0.0222
15.1250,57.3250,0.0222
15.1750,57.3250,0.0224
9.5750,57.2750,0.0069
9.6250,57.2750,0.0069
9.6750,57.2750,0.0069
9.7250,57.2750,0.0069
9.7750,57.2750,0.0069
9.8250,57.2750,0.0069
9.8750,57.2750,0.0071
9.9250,57.2750,0.0070
9.9750,57.2750,0.0072
10.0250,57.2750,0.0072
10.0750,57.2750,0.0072
10.1250,57.2750,0.0074
10.1750,57.2750,0.0074
10.2250,57.2750,0.0075
10.2750,57.2750,0.0075
10.3250,57.2750,0.0077
10.3750,57.2750,0.0077
10.4250,57.2750,0.0079
10.4750,57.2750,0.0078
10.5250,57.2750,0.0081
10.8750,57.2750,0.0092
10.9250,57.2750,0.0092
10.9750,57.2750,0.0096
11.0250,57.2750,0.0095
11.0750,57.2750,0.0099
11.1750,57.2750,0.0102
12.0750,57.2750,0.0133
12.1250,57.2750,0.0133
12.1750,57.2750,0.0138
12.2250,57.2750,0.0140
12.2750,57.2750,0.0140
12.3250,57.2750,0.0143
12.3750,57.2750,0.0142
12.4250,57.2750,0.0145
12.4750,57.2750,0.0144
12.5250,57.2750,0.0148
12.5750,57.2750,0.0148
12.6250,57.2750,0.0151
12.6750,57.2750,0.0151
12.7250,57.2750,0.0154
12.7750,57.2750,0.0156
12.8250,57.2750,0.0158
12.8750,57.2750,0.0165
12.9250,57.2750,0.0165
12.9750,57.2750,0.0169
13.0250,57.2750,0.0169
13.0750,57.2750,0.0172
13.1250,57.2750,0.0172
13.1750,57.2750,0.0176
13.2250,57.2750,0.0176
13.2750,57.2750,0.0181
13.3250,57.2750,0.0179
13.3750,57.2750,0.0184
13.4250,57.2750,0.0186
13.4750,57.2750,0.0186
13.5250,57.2750,0.0188
13.5750,57.2750,0.0188
13.6250,57.2750,0.0192
13.6750,57.2750,0.0190
13.7250,57.2750,0.0195
13.7750,57.2750,0.0193
13.8250,57.2750,0.0197
13.8750,57.2750,0.0196
13.9250,57.2750,0.0200
13.9750,57.2750,0.0203
14.0250,57.2750,0.0202
14.0750,57.2750,0.0205
14.1250,57.2750,0.0204
14.1750,57.2750,0.0207
14.2250,57.2750,0.0207
14.2750,57.2750,0.0209
14.3250,57.2750,0.0209
14.3750,57.2750,0.0210
14.4250,57.2750,0.0210
14.4750,57.2750,0.0212
14.5250,57.2750,0.0214
14.5750,57.2750,0.0214
14.6250,57.2750,0.0215
14.6750,57.2750,0.0215
14.7250,57.2750,0.0216
14.7750,57.2750,0.0216
14.8250,57.2750,0.0218
14.8750,57.2750,0.0217
14.9250,57.2750,0.0219
14.9750,57.2750,0.0218
15.0250,57.2750,0.0220
15.0750,57.2750,0.0222
15.1250,57.2750,0.0222
15.1750,57.2750,0.0223
9.4750,57.2250,0.0065
9.5250,57.2250,0.0066
9.5750,57.2250,0.0066
9.6250,57.2250,0.0067
9.6750,57.2250,0.0066
9.7250,57.2250,0.0067
9.7750,57.2250,0.0069
9.8250,57.2250,0.0068
9.8750,57.2250,0.0070
9.9250,57.2250,0.0068
9.9750,57.2250,0.0070
10.0250,57.2250,0.0069
10.0750,57.2250,0.0071
10.1250,57.2250,0.0070
10.1750,57.2250,0.0072
10.2250,57.2250,0.0072
10.2750,57.2250,0.0074
10.3250,57.2250,0.0076
10.3750,57.2250,0.0076
10.4250,57.2250,0.0078
10.4750,57.2250,0.0078
10.5250,57.2250,0.0081
10.8750,57.2250,0.0092
10.9250,57.2250,0.0092
10.9750,57.2250,0.0095
11.0250,57.2250,0.0095
11.0750,57.2250,0.0099
12.0750,57.2250,0.0133
12.1250,57.2250,0.0133
12.1750,57.2250,0.0138
12.2250,57.2250,0.0134
12.2750,57.2250,0.0138
12.3250,57.2250,0.0138
12.3750,57.2250,0.0140
12.4250,57.2250,0.0140
12.4750,57.2250,0.0144
12.5250,57.2250,0.0143
12.5750,57.2250,0.0145
12.6250,57.2250,0.0149
12.6750,57.2250,0.0149
12.7250,57.2250,0.0152
12.7750,57.2250,0.0152
12.8250,57.2250,0.0158
12.8750,57.2250,0.0155
12.9250,57.2250,0.0162
12.9750,57.2250,0.0159
13.0250,57.2250,0.0166
13.0750,57.2250,0.0164
13.1250,57.2250,0.0170
13.1750,57.2250,0.0175
13.2250,57.2250,0.0173
13.2750,57.2250,0.0178
13.3250,57.2250,0.0176
13.3750,57.2250,0.0181
13.4250,57.2250,0.0179
13.4750,57.2250,0.0184
13.5250,57.2250,0.0184
13.5750,57.2250,0.0186
13.6250,57.2250,0.0187
13.6750,57.2250,0.0188
13.7250,57.2250,0.0193
13.7750,57.2250,0.0191
13.8250,57.2250,0.0195
13.8750,57.2250,0.0195
13.9250,57.2250,0.0198
13.9750,57.2250,0.0198
14.0250,57.2250,0.0200
14.0750,57.2250,0.0200
14.1250,57.2250,0.0203
14.1750,57.2250,0.0203
14.2250,57.2250,0.0206
14.2750,57.2250,0.0208
14.3250,57.2250,0.0208
14.3750,57.2250,0.0209
14.4250,57.2250,0.0209
14.4750,57.2250,0.0212
14.5250,57.2250,0.0210
14.5750,57.2250,0.0213
14.6250,57.2250,0.0211
14.6750,57.2250,0.0213
14.7250,57.2250,0.0213
14.7750,57.2250,0.0215
14.8250,57.2250,0.0217
14.8750,57.2250,0.0216
14.9250,57.2250,0.0218
14.9750,57.2250,0.0217
15.0250,57.2250,0.0219
15.0750,57.2250,0.0219
15.1250,57.2250,0.0219
15.1750,57.2250,0.0219
8.9250,57.1750,0.0071
8.9750,57.1750,0.0071
9.0250,57.1750,0.0069
9.0750,57.1750,0.0069
9.1250,57.1750,0.0067
9.2250,57.1750,0.0065
9.2750,57.1750,0.0065
9.3250,57.1750,0.0064
9.3750,57.1750,0.0065
9.4250,57.1750,0.0065
9.4750,57.1750,0.0065
9.5250,57.1750,0.0066
9.5750,57.1750,0.0066
9.6250,57.1750,0.0066
9.6750,57.1750,0.0066
9.7250,57.1750,0.0066
9.7750,57.1750,0.0066
9.8250,57.1750,0.0066
9.8750,57.1750,0.0066
9.9250,57.1750,0.0067
9.9750,57.1750,0.0067
10.0250,57.1750,0.0068
10.0750,57.1750,0.0069
10.1250,57.1750,0.0070
10.1750,57.1750,0.0071
10.2250,57.1750,0.0071
10.2750,57.1750,0.0073
10.3250,57.1750,0.0073
10.3750,57.1750,0.0075
10.4250,57.1750,0.0075
10.4750,57.1750,0.0078
12.1250,57.1750,0.0133
12.1750,57.1750,0.0134
12.2250,57.1750,0.0134
12.2750,57.1750,0.0132
12.3250,57.1750,0.0136
12.3750,57.1750,0.0140
12.4250,57.1750,0.0138
12.4750,57.1750,0.0142
12.5250,57.1750,0.0141
12.5750,57.1750,0.0144
12.6250,57.1750,0.0142
12.6750,57.1750,0.0146
12.7250,57.1750,0.0145
12.7750,57.1750,0.0149
12.8250,57.1750,0.0150
12.8750,57.1750,0.0152
12.9250,57.1750,0.0159
12.9750,57.1750,0.0156
13.0250,57.1750,0.0163
13.0750,57.1750,0.0163
13.1250,57.1750,0.0167
13.1750,57.1750,0.0167
13.2250,57.1750,0.0171
13.2750,57.1750,0.0171
13.3250,57.1750,0.0174
13.3750,57.1750,0.0174
13.4250,57.1750,0.0179
13.4750,57.1750,0.0182
13.5250,57.1750,0.0182
13.5750,57.1750,0.0185
13.6250,57.1750,0.0185
13.6750,57.1750,0.0187
13.7250,57.1750,0.0187
13.7750,57.1750,0.0190
13.8250,57.1750,0.0189
13.8750,57.1750,0.0193
13.9250,57.1750,0.0191
13.9750,57.1750,0.0196
14.0250,57.1750,0.0199
14.0750,57.1750,0.0199
14.1250,57.1750,0.0202
14.1750,57.1750,0.0201
14.2250,57.1750,0.0204
14.2750,57.1750,0.0203
14.3250,57.1750,0.0206
14.3750,57.1750,0.0206
14.4250,57.1750,0.0208
14.4750,57.1750,0.0208
14.5250,57.1750,0.0209
14.5750,57.1750,0.0211
14.6250,57.1750,0.0210
14.6750,57.1750,0.0212
14.7250,57.1750,0.0212
14.7750,57.1750,0.0214
14.8250,57.1750,0.0214
14.8750,57.1750,0.0214
14.9250,57.1750,0.0214
14.9750,57.1750,0.0217
15.0250,57.1750,0.0216
15.0750,57.1750,0.0217
15.1250,57.1750,0.0218
15.1750,57.1750,0.0218
8.5750,57.1250,0.0078
8.6250,57.1250,0.0078
8.6750,57.1250,0.0074
8.7250,57.1250,0.0074
8.7750,57.1250,0.0071
8.8250,57.1250,0.0071
8.8750,57.1250,0.0071
8.9250,57.1250,0.0071
8.9750,57.1250,0.0068
9.0250,57.1250,0.0069
9.0750,57.1250,0.0066
9.1250,57.1250,0.0067
9.1750,57.1250,0.0065
9.2250,57.1250,0.0065
9.2750,57.1250,0.0064
9.3250,57.1250,0.0064
9.3750,57.1250,0.0065
9.4250,57.1250,0.0064
9.4750,57.1250,0.0065
9.5250,57.1250,0.0063
9.5750,57.1250,0.0064
9.6250,57.1250,0.0063
9.6750,57.1250,0.0065
9.7250,57.1250,0.0064
9.7750,57.1250,0.0065
9.8250,57.1250,0.0065
9.8750,57.1250,0.0065
9.9250,57.1250,0.0067
9.9750,57.1250,0.0066
10.0250,57.1250,0.0068
10.0750,57.1250,0.0066
10.1250,57.1250,0.0069
10.1750,57.1250,0.0068
10.2250,57.1250,0.0070
10.2750,57.1250,0.0070
10.3250,57.1250,0.0072
10.3750,57.1250,0.0072
10.4250,57.1250,0.0075
12.1750,57.1250,0.0132
12.2250,57.1250,0.0131
12.2750,57.1250,0.0131
12.3250,57.1250,0.0134
12.3750,57.1250,0.0134
12.4250,57.1250,0.0137
12.4750,57.1250,0.0137
12.5250,57.1250,0.0139
12.5750,57.1250,0.0139
12.6250,57.1250,0.0142
12.6750,57.1250,0.0144
12.7250,57.1250,0.0144
12.7750,57.1250,0.0146
12.8250,57.1250,0.0146
12.8750,57.1250,0.0149
12.9250,57.1250,0.0149
12.9750,57.1250,0.0156
13.0250,57.1250,0.0153
13.0750,57.1250,0.0160
13.1250,57.1250,0.0157
13.1750,57.1250,0.0164
13.2250,57.1250,0.0167
13.2750,57.1250,0.0167
13.3250,57.1250,0.0173
13.3750,57.1250,0.0171
13.4250,57.1250,0.0177
13.4750,57.1250,0.0175
13.5250,57.1250,0.0180
13.5750,57.1250,0.0178
13.6250,57.1250,0.0182
13.6750,57.1250,0.0183
13.7250,57.1250,0.0185
13.7750,57.1250,0.0189
13.8250,57.1250,0.0187
13.8750,57.1250,0.0191
13.9250,57.1250,0.0189
13.9750,57.1250,0.0193
14.0250,57.1250,0.0193
14.0750,57.1250,0.0197
14.1250,57.1250,0.0197
14.1750,57.1250,0.0199
14.2250,57.1250,0.0200
14.2750,57.1250,0.0202
14.3250,57.1250,0.0205
14.3750,57.1250,0.0205
14.4250,57.1250,0.0206
14.4750,57.1250,0.0206
14.5250,57.1250,0.0207
14.5750,57.1250,0.0207
14.6250,57.1250,0.0210
14.6750,57.1250,0.0208
14.7250,57.1250,0.0211
14.7750,57.1250,0.0210
14.8250,57.1250,0.0212
14.8750,57.1250,0.0214
14.9250,57.1250,0.0213
14.9750,57.1250,0.0215
15.0250,57.1250,0.0214
15.0750,57.1250,0.0216
15.1250,57.1250,0.0215
15.1750,57.1250,0.0217
8.4750,57.0750,0.0078
8.5250,57.0750,0.0078
8.5750,57.0750,0.0078
8.6250,57.0750,0.0078
8.6750,57.0750,0.0074
8.7250,57.0750,0.0074
8.7750,57.0750,0.0071
8.8250,57.0750,0.0071
8.8750,57.0750,0.0068
8.9250,57.0750,0.0068
8.9750,57.0750,0.0065
9.0250,57.0750,0.0065
9.0750,57.0750,0.0065
9.1250,57.0750,0.0065
9.1750,57.0750,0.0065
9.2250,57.0750,0.0064
9.2750,57.0750,0.0064
9.3250,57.0750,0.0063
9.3750,57.0750,0.0063
9.4250,57.0750,0.0063
9.4750,57.0750,0.0063
9.5250,57.0750,0.0062
9.5750,57.0750,0.0062
9.6250,57.0750,0.0063
9.6750,57.0750,0.0064
9.7250,57.0750,0.0063
9.7750,57.0750,0.0063
9.8250,57.0750,0.0063
9.8750,57.0750,0.0064
9.9250,57.0750,0.0064
9.9750,57.0750,0.0065
10.0250,57.0750,0.0065
10.0750,57.0750,0.0065
10.1250,57.0750,0.0065
10.1750,57.0750,0.0067
10.2250,57.0750,0.0070
10.2750,57.0750,0.0069
10.3250,57.0750,0.0071
10.3750,57.0750,0.0071
12.2250,57.0750,0.0129
12.2750,57.0750,0.0129
12.3250,57.0750,0.0127
12.3750,57.0750,0.0132
12.4250,57.0750,0.0135
12.4750,57.0750,0.0135
12.5250,57.0750,0.0139
12.5750,57.0750,0.0137
12.6250,57.0750,0.0141
12.6750,57.0750,0.0139
12.7250,57.0750,0.0143
12.7750,57.0750,0.0141
12.8250,57.0750,0.0144
12.8750,57.0750,0.0144
12.9250,57.0750,0.0146
12.9750,57.0750,0.0153
13.0250,57.0750,0.0149
13.0750,57.0750,0.0156
13.1250,57.0750,0.0153
13.1750,57.0750,0.0160
13.2250,57.0750,0.0160
13.2750,57.0750,0.0164
13.3250,57.0750,0.0164
13.3750,57.0750,0.0168
13.4250,57.0750,0.0169
13.4750,57.0750,0.0171
13.5250,57.0750,0.0178
13.5750,57.0750,0.0177
13.6250,57.0750,0.0180
13.6750,57.0750,0.0180
13.7250,57.0750,0.0183
13.7750,57.0750,0.0183
13.8250,57.0750,0.0185
13.8750,57.0750,0.0185
13.9250,57.0750,0.0189
13.9750,57.0750,0.0188
14.0250,57.0750,0.0192
14.0750,57.0750,0.0195
14.1250,57.0750,0.0195
14.1750,57.0750,0.0198
14.2250,57.0750,0.0198
14.2750,57.0750,0.0201
14.3250,57.0750,0.0199
14.3750,57.0750,0.0203
14.4250,57.0750,0.0201
14.4750,57.0750,0.0205
14.5250,57.0750,0.0206
14.5750,57.0750,0.0206
14.6250,57.0750,0.0208
14.6750,57.0750,0.0207
14.7250,57.0750,0.0209
14.7750,57.0750,0.0208
14.8250,57.0750,0.0211
14.8750,57.0750,0.0211
14.9250,57.0750,0.0212
14.9750,57.0750,0.0212
15.0250,57.0750,0.0213
15.0750,57.0750,0.0215
15.1250,57.0750,0.0215
15.1750,57.0750,0.0216
8.4250,57.0251,0.0078
8.4750,57.0251,0.0078
8.5250,57.0251,0.0078
8.5750,57.0251,0.0074
8.6250,57.0251,0.0074
8.6750,57.0251,0.0070
8.7250,57.0251,0.0070
8.7750,57.0251,0.0067
8.8250,57.0251,0.0067
8.8750,57.0251,0.0067
8.9250,57.0251,0.0065
8.9750,57.0251,0.0065
9.0250,57.0251,0.0065
9.0750,57.0251,0.0064
9.1250,57.0251,0.0064
9.1750,57.0251,0.0063
9.2250,57.0251,0.0063
9.2750,57.0251,0.0062
9.3250,57.0251,0.0061
9.3750,57.0251,0.0062
9.4250,57.0251,0.0061
9.4750,57.0251,0.0061
9.5250,57.0251,0.0062
9.5750,57.0251,0.0062
9.6250,57.0251,0.0062
9.6750,57.0251,0.0062
9.7250,57.0251,0.0063
9.7750,57.0251,0.0062
9.8250,57.0251,0.0063
9.8750,57.0251,0.0062
9.9250,57.0251,0.0063
9.9750,57.0251,0.0063
10.0250,57.0251,0.0064
10.0750,57.0251,0.0065
10.1250,57.0251,0.0065
10.1750,57.0251,0.0067
10.2250,57.0251,0.0066
10.2750,57.0251,0.0069
10.3250,57.0251,0.0068
10.3750,57.0251,0.0071
12.2750,57.0251,0.0126
12.3250,57.0251,0.0126
12.3750,57.0251,0.0129
12.4250,57.0251,0.0129
12.4750,57.0251,0.0132
12.5250,57.0251,0.0132
12.5750,57.0251,0.0135
12.6250,57.0251,0.0135
12.6750,57.0251,0.0137
12.7250,57.0251,0.0141
12.7750,57.0251,0.0141
12.8250,57.0251,0.0142
12.8750,57.0251,0.0142
12.9250,57.0251,0.0144
12.9750,57.0251,0.0144
13.0250,57.0251,0.0146
13.0750,57.0251,0.0146
13.1250,57.0251,0.0153
13.1750,57.0251,0.0150
13.2250,57.0251,0.0157
13.2750,57.0251,0.0161
13.3250,57.0251,0.0161
13.3750,57.0251,0.0165
13.4250,57.0251,0.0165
13.4750,57.0251,0.0171
13.5250,57.0251,0.0168
13.5750,57.0251,0.0175
13.6250,57.0251,0.0172
13.6750,57.0251,0.0178
13.7250,57.0251,0.0176
13.7750,57.0251,0.0180
13.8250,57.0251,0.0185
13.8750,57.0251,0.0183
13.9250,57.0251,0.0187
13.9750,57.0251,0.0186
14.0250,57.0251,0.0190
14.0750,57.0251,0.0188
14.1250,57.0251,0.0193
14.1750,57.0251,0.0193
14.2250,57.0251,0.0195
14.2750,57.0251,0.0197
14.3250,57.0251,0.0198
14.3750,57.0251,0.0201
14.4250,57.0251,0.0201
14.4750,57.0251,0.0203
14.5250,57.0251,0.0203
14.5750,57.0251,0.0204
14.6250,57.0251,0.0204
14.6750,57.0251,0.0206
14.7250,57.0251,0.0206
14.7750,57.0251,0.0208
14.8250,57.0251,0.0209
14.8750,57.0251,0.0210
14.9250,57.0251,0.0211
14.9750,57.0251,0.0211
15.0250,57.0251,0.0212
15.0750,57.0251,0.0212
15.1250,57.0251,0.0214
15.1750,57.0251,0.0213
8.3250,56.9751,0.0079
8.3750,56.9751,0.0078
8.4250,56.9751,0.0078
8.4750,56.9751,0.0074
8.5250,56.9751,0.0074
8.5750,56.9751,0.0071
8.6250,56.9751,0.0070
8.6750,56.9751,0.0070
8.7250,56.9751,0.0067
8.7750,56.9751,0.0067
8.8250,56.9751,0.0067
8.8750,56.9751,0.0063
8.9250,56.9751,0.0065
9.2250,56.9751,0.0060
9.2750,56.9751,0.0061
9.3250,56.9751,0.0061
9.3750,56.9751,0.0061
9.4250,56.9751,0.0061
9.4750,56.9751,0.0061
9.5250,56.9751,0.0061
9.5750,56.9751,0.0060
9.6250,56.9751,0.0060
9.6750,56.9751,0.0061
9.7250,56.9751,0.0061
9.7750,56.9751,0.0061
9.8250,56.9751,0.0062
9.8750,56.9751,0.0062
9.9250,56.9751,0.0063
9.9750,56.9751,0.0063
10.0250,56.9751,0.0063
10.0750,56.9751,0.0063
10.1250,56.9751,0.0064
10.1750,56.9751,0.0064
10.2250,56.9751,0.0065
10.2750,56.9751,0.0065
10.3250,56.9751,0.0068
12.3250,56.9751,0.0126
12.3750,56.9751,0.0127
12.4250,56.9751,0.0127
12.4750,56.9751,0.0129
12.5250,56.9751,0.0130
12.5750,56.9751,0.0132
12.6250,56.9751,0.0132
12.6750,56.9751,0.0137
12.7250,56.9751,0.0135
12.7750,56.9751,0.0139
12.8250,56.9751,0.0137
12.8750,56.9751,0.0141
12.9250,56.9751,0.0139
12.9750,56.9751,0.0142
13.0250,56.9751,0.0145
13.0750,56.9751,0.0144
13.1250,56.9751,0.0149
13.1750,56.9751,0.0146
13.2250,56.9751,0.0154
13.2750,56.9751,0.0150
13.3250,56.9751,0.0158
13.3750,56.9751,0.0157
13.4250,56.9751,0.0161
13.4750,56.9751,0.0162
13.5250,56.9751,0.0165
13.5750,56.9751,0.0172
13.6250,56.9751,0.0169
13.6750,56.9751,0.0175
13.7250,56.9751,0.0175
13.7750,56.9751,0.0178
13.8250,56.9751,0.0178
13.8750,56.9751,0.0181
13.9250,56.9751,0.0181
13.9750,56.9751,0.0184
14.0250,56.9751,0.0185
14.0750,56.9751,0.0188
14.1250,56.9751,0.0190
14.1750,56.9751,0.0190
14.2250,56.9751,0.0193
14.2750,56.9751,0.0193
14.3250,56.9751,0.0196
14.3750,56.9751,0.0196
14.4250,56.9751,0.0200
14.4750,56.9751,0.0198
14.5250,56.9751,0.0202
14.5750,56.9751,0.0203
14.6250,56.9751,0.0203
14.6750,56.9751,0.0205
14.7250,56.9751,0.0205
14.7750,56.9751,0.0207
14.8250,56.9751,0.0206
14.8750,56.9751,0.0209
14.9250,56.9751,0.0208
14.9750,56.9751,0.0210
15.0250,56.9751,0.0210
15.0750,56.9751,0.0211
15.1250,56.9751,0.0213
15.1750,56.9751,0.0212
8.2750,56.9251,0.0079
8.3250,56.9251,0.0079
8.3750,56.9251,0.0078
8.4250,56.9251,0.0075
8.4750,56.9251,0.0074
8.5250,56.9251,0.0070
8.5750,56.9251,0.0070
8.6250,56.9251,0.0066
8.6750,56.9251,0.0066
8.7250,56.9251,0.0063
8.7750,56.9251,0.0063
8.8250,56.9251,0.0063
8.8750,56.9251,0.0063
8.9250,56.9251,0.0063
9.0750,56.9251,0.0059
9.1750,56.9251,0.0060
9.2250,56.9251,0.0060
9.2750,56.9251,0.0059
9.3250,56.9251,0.0060
9.3750,56.9251,0.0059
9.4250,56.9251,0.0060
9.4750,56.9251,0.0059
9.5250,56.9251,0.0060
9.5750,56.9251,0.0059
9.6250,56.9251,0.0060
9.6750,56.9251,0.0060
9.7250,56.9251,0.0060
9.7750,56.9251,0.0061
9.8250,56.9251,0.0061
9.8750,56.9251,0.0062
9.9250,56.9251,0.0061
9.9750,56.9251,0.0062
10.0250,56.9251,0.0062
10.0750,56.9251,0.0063
10.1250,56.9251,0.0063
10.1750,56.9251,0.0064
10.2250,56.9251,0.0065
10.2750,56.9251,0.0065
12.3250,56.9251,0.0126
12.3750,56.9251,0.0124
12.4250,56.9251,0.0124
12.4750,56.9251,0.0122
12.5250,56.9251,0.0127
12.5750,56.9251,0.0127
12.6250,56.9251,0.0130
12.6750,56.9251,0.0130
12.7250,56.9251,0.0132
12.7750,56.9251,0.0137
12.8250,56.9251,0.0135
12.8750,56.9251,0.0139
12.9250,56.9251,0.0139
12.9750,56.9251,0.0141
13.0250,56.9251,0.0141
13.0750,56.9251,0.0142
13.1250,56.9251,0.0142
13.1750,56.9251,0.0144
13.2250,56.9251,0.0144
13.2750,56.9251,0.0150
13.3250,56.9251,0.0154
13.3750,56.9251,0.0154
13.4250,56.9251,0.0158
13.4750,56.9251,0.0158
13.5250,56.9251,0.0162
13.5750,56.9251,0.0162
13.6250,56.9251,0.0169
13.6750,56.9251,0.0166
13.7250,56.9251,0.0173
13.7750,56.9251,0.0171
13.8250,56.9251,0.0176
13.8750,56.9251,0.0179
13.9250,56.9251,0.0179
13.9750,56.9251,0.0184
14.0250,56.9251,0.0182
14.0750,56.9251,0.0186
14.1250,56.9251,0.0184
14.1750,56.9251,0.0189
14.2250,56.9251,0.0187
14.2750,56.9251,0.0191
14.3250,56.9251,0.0195
14.3750,56.9251,0.0194
14.4250,56.9251,0.0198
14.4750,56.9251,0.0196
14.5250,56.9251,0.0200
14.5750,56.9251,0.0200
14.6250,56.9251,0.0202
14.6750,56.9251,0.0202
14.7250,56.9251,0.0203
14.7750,56.9251,0.0203
14.8250,56.9251,0.0205
14.8750,56.9251,0.0208
14.9250,56.9251,0.0208
14.9750,56.9251,0.0209
15.0250,56.9251,0.0209
15.0750,56.9251,0.0210
15.1250,56.9251,0.0210
15.1750,56.9251,0.0212
8.2750,56.8751,0.0076
8.3250,56.8751,0.0076
8.3750,56.8751,0.0075
8.4250,56.8751,0.0071
8.4750,56.8751,0.0071
8.5250,56.8751,0.0067
8.5750,56.8751,0.0067
8.6250,56.8751,0.0064
8.6750,56.8751,0.0064
8.7250,56.8751,0.0062
8.7750,56.8751,0.0062
8.8250,56.8751,0.0062
8.8750,56.8751,0.0061
8.9250,56.8751,0.0062
8.9750,56.8751,0.0059
9.0250,56.8751,0.0059
9.0750,56.8751,0.0059
9.1250,56.8751,0.0058
9.1750,56.8751,0.0058
9.2250,56.8751,0.0058
9.2750,56.8751,0.0058
9.3250,56.8751,0.0058
9.3750,56.8751,0.0058
9.4250,56.8751,0.0059
9.4750,56.8751,0.0058
9.5250,56.8751,0.0059
9.5750,56.8751,0.0059
9.6250,56.8751,0.0059
9.6750,56.8751,0.0059
9.7250,56.8751,0.0060
9.7750,56.8751,0.0060
9.8250,56.8751,0.0060
9.8750,56.8751,0.0060
9.9250,56.8751,0.0061
9.9750,56.8751,0.0062
10.0250,56.8751,0.0061
10.0750,56.8751,0.0062
10.1250,56.8751,0.0062
10.1750,56.8751,0.0063
10.2250,56.8751,0.0063
10.2750,56.8751,0.0065
12.4750,56.8751,0.0122
12.5250,56.8751,0.0125
12.5750,56.8751,0.0125
12.6250,56.8751,0.0127
12.6750,56.8751,0.0127
12.7250,56.8751,0.0130
12.7750,56.8751,0.0130
12.8250,56.8751,0.0135
12.8750,56.8751,0.0133
12.9250,56.8751,0.0137
12.9750,56.8751,0.0135
13.0250,56.8751,0.0139
13.0750,56.8751,0.0141
13.1250,56.8751,0.0141
13.1750,56.8751,0.0144
13.2250,56.8751,0.0142
13.2750,56.8751,0.0147
13.3250,56.8751,0.0144
13.3750,56.8751,0.0151
13.4250,56.8751,0.0147
13.4750,56.8751,0.0154
13.5250,56.8751,0.0154
13.5750,56.8751,0.0159
13.6250,56.8751,0.0166
13.6750,56.8751,0.0163
13.7250,56.8751,0.0170
13.7750,56.8751,0.0167
13.8250,56.8751,0.0173
13.8750,56.8751,0.0173
13.9250,56.8751,0.0177
13.9750,56.8751,0.0177
14.0250,56.8751,0.0180
14.0750,56.8751,0.0183
14.1250,56.8751,0.0182
14.1750,56.8751,0.0187
14.2250,56.8751,0.0187
14.2750,56.8751,0.0189
14.3250,56.8751,0.0189
14.3750,56.8751,0.0191
14.4250,56.8751,0.0191
14.4750,56.8751,0.0195
14.5250,56.8751,0.0194
14.5750,56.8751,0.0198
14.6250,56.8751,0.0200
14.6750,56.8751,0.0200
14.7250,56.8751,0.0202
14.7750,56.8751,0.0202
14.8250,56.8751,0.0205
14.8750,56.8751,0.0203
14.9250,56.8751,0.0206
14.9750,56.8751,0.0205
15.0250,56.8751,0.0207
15.0750,56.8751,0.0207
15.1250,56.8751,0.0209
15.1750,56.8751,0.0211
8.2250,56.8251,0.0076
8.2750,56.8251,0.0076
8.3250,56.8251,0.0072
8.3750,56.8251,0.0071
8.4250,56.8251,0.0067
8.4750,56.8251,0.0067
8.5250,56.8251,0.0067
8.5750,56.8251,0.0065
8.6250,56.8251,0.0063
8.6750,56.8251,0.0062
8.7250,56.8251,0.0062
8.7750,56.8251,0.0061
8.8250,56.8251,0.0061
8.8750,56.8251,0.0060
8.9250,56.8251,0.0058
8.9750,56.8251,0.0058
9.0250,56.8251,0.0059
9.0750,56.8251,0.0057
9.1750,56.8251,0.0058
9.2250,56.8251,0.0058
9.2750,56.8251,0.0058
9.3250,56.8251,0.0057
9.3750,56.8251,0.0058
9.4250,56.8251,0.0057
9.4750,56.8251,0.0058
9.5250,56.8251,0.0057
9.5750,56.8251,0.0058
9.6250,56.8251,0.0057
9.6750,56.8251,0.0058
9.7250,56.8251,0.0059
9.7750,56.8251,0.0059
9.8250,56.8251,0.0059
9.8750,56.8251,0.0059
9.9250,56.8251,0.0060
9.9750,56.8251,0.0060
10.0250,56.8251,0.0061
10.0750,56.8251,0.0060
10.1250,56.8251,0.0062
10.1750,56.8251,0.0061
10.2250,56.8251,0.0063
10.2750,56.8251,0.0062
12.5750,56.8251,0.0125
12.6250,56.8251,0.0125
12.6750,56.8251,0.0125
12.7250,56.8251,0.0125
12.7750,56.8251,0.0128
12.8250,56.8251,0.0132
12.8750,56.8251,0.0130
12.9250,56.8251,0.0135
12.9750,56.8251,0.0133
13.0250,56.8251,0.0137
13.0750,56.8251,0.0137
13.1250,56.8251,0.0139
13.1750,56.8251,0.0139
13.2250,56.8251,0.0141
13.2750,56.8251,0.0141
13.3250,56.8251,0.0143
13.3750,56.8251,0.0147
13.4250,56.8251,0.0147
13.4750,56.8251,0.0152
13.5250,56.8251,0.0152
13.5750,56.8251,0.0155
13.6250,56.8251,0.0155
13.6750,56.8251,0.0160
13.7250,56.8251,0.0160
13.7750,56.8251,0.0167
13.8250,56.8251,0.0167
13.8750,56.8251,0.0170
13.9250,56.8251,0.0174
13.9750,56.8251,0.0174
14.0250,56.8251,0.0177
14.0750,56.8251,0.0177
14.1250,56.8251,0.0182
14.1750,56.8251,0.0180
14.2250,56.8251,0.0185
14.2750,56.8251,0.0183
14.3250,56.8251,0.0187
14.3750,56.8251,0.0189
14.4250,56.8251,0.0189
14.4750,56.8251,0.0194
14.5250,56.8251,0.0191
14.5750,56.8251,0.0196
14.6250,56.8251,0.0194
14.6750,56.8251,0.0198
14.7250,56.8251,0.0198
14.7750,56.8251,0.0200
14.8250,56.8251,0.0201
14.8750,56.8251,0.0202
14.9250,56.8251,0.0205
14.9750,56.8251,0.0204
15.0250,56.8251,0.0206
15.0750,56.8251,0.0206
15.1250,56.8251,0.0208
15.1750,56.8251,0.0208
8.2250,56.7751,0.0072
8.2750,56.7751,0.0072
8.3250,56.7751,0.0072
8.3750,56.7751,0.0069
8.4250,56.7751,0.0067
8.4750,56.7751,0.0065
8.5250,56.7751,0.0067
8.5750,56.7751,0.0063
8.6250,56.7751,0.0063
8.6750,56.7751,0.0061
8.7250,56.7751,0.0061
8.7750,56.7751,0.0059
8.8250,56.7751,0.0059
8.8750,56.7751,0.0058
8.9250,56.7751,0.0058
8.9750,56.7751,0.0057
9.0250,56.7751,0.0057
9.0750,56.7751,0.0057
9.1250,56.7751,0.0056
9.1750,56.7751,0.0057
9.2250,56.7751,0.0057
9.2750,56.7751,0.0057
9.3250,56.7751,0.0056
9.3750,56.7751,0.0056
9.4250,56.7751,0.0056
9.4750,56.7751,0.0056
9.5250,56.7751,0.0056
9.5750,56.7751,0.0057
9.6250,56.7751,0.0056
9.6750,56.7751,0.0057
9.7250,56.7751,0.0057
9.7750,56.7751,0.0058
9.8250,56.7751,0.0058
9.8750,56.7751,0.0058
9.9250,56.7751,0.0058
9.9750,56.7751,0.0059
10.0250,56.7751,0.0060
10.0750,56.7751,0.0060
10.1250,56.7751,0.0061
10.1750,56.7751,0.0060
10.2250,56.7751,0.0062
10.2750,56.7751,0.0061
10.3250,56.7751,0.0061
12.6250,56.7751,0.0116
12.6750,56.7751,0.0122
12.7250,56.7751,0.0122
12.7750,56.7751,0.0125
12.8250,56.7751,0.0125
12.8750,56.7751,0.0128
12.9250,56.7751,0.0128
12.9750,56.7751,0.0133
13.0250,56.7751,0.0130
13.0750,56.7751,0.0135
13.1250,56.7751,0.0137
13.1750,56.7751,0.0137
13.2250,56.7751,0.0139
13.2750,56.7751,0.0139
13.3250,56.7751,0.0142
13.3750,56.7751,0.0141
13.4250,56.7751,0.0145
13.4750,56.7751,0.0143
13.5250,56.7751,0.0148
13.5750,56.7751,0.0147
13.6250,56.7751,0.0152
13.6750,56.7751,0.0159
13.7250,56.7751,0.0156
13.7750,56.7751,0.0164
13.8250,56.7751,0.0160
13.8750,56.7751,0.0168
13.9250,56.7751,0.0164
13.9750,56.7751,0.0171
14.0250,56.7751,0.0171
14.0750,56.7751,0.0175
14.1250,56.7751,0.0180
14.1750,56.7751,0.0178
14.2250,56.7751,0.0183
14.2750,56.7751,0.0180
14.3250,56.7751,0.0185
14.3750,56.7751,0.0185
14.4250,56.7751,0.0187
14.4750,56.7751,0.0187
14.5250,56.7751,0.0189
14.5750,56.7751,0.0190
14.6250,56.7751,0.0193
14.6750,56.7751,0.0196
14.7250,56.7751,0.0196
14.7750,56.7751,0.0199
14.8250,56.7751,0.0199
14.8750,56.7751,0.0200
14.9250,56.7751,0.0200
14.9750,56.7751,0.0203
15.0250,56.7751,0.0202
15.0750,56.7751,0.0205
15.1250,56.7751,0.0206
15.1750,56.7751,0.0206
8.1750,56.7251,0.0071
8.2250,56.7251,0.0071
8.2750,56.7251,0.0070
8.3250,56.7251,0.0069
8.3750,56.7251,0.0065
8.4250,56.7251,0.0065
8.4750,56.7251,0.0063
8.5250,56.7251,0.0063
8.5750,56.7251,0.0061
8.6250,56.7251,0.0061
8.6750,56.7251,0.0059
8.7250,56.7251,0.0059
8.7750,56.7251,0.0059
8.8250,56.7251,0.0058
8.8750,56.7251,0.0058
8.9250,56.7251,0.0057
8.9750,56.7251,0.0057
9.0250,56.7251,0.0056
9.0750,56.7251,0.0056
9.1250,56.7251,0.0055
9.1750,56.7251,0.0055
9.2250,56.7251,0.0055
9.2750,56.7251,0.0055
9.3250,56.7251,0.0055
9.3750,56.7251,0.0055
9.4250,56.7251,0.0055
9.4750,56.7251,0.0055
9.5250,56.7251,0.0056
9.5750,56.7251,0.0055
9.6250,56.7251,0.0056
9.6750,56.7251,0.0055
9.7250,56.7251,0.0057
9.7750,56.7251,0.0056
9.8250,56.7251,0.0057
9.8750,56.7251,0.0057
9.9250,56.7251,0.0057
9.9750,56.7251,0.0058
10.0250,56.7251,0.0058
10.0750,56.7251,0.0060
10.1250,56.7251,0.0059
10.1750,56.7251,0.0060
10.2250,56.7251,0.0061
10.2750,56.7251,0.0061
10.3250,56.7251,0.0060
10.3750,56.7251,0.0060
11.5250,56.7251,0.0086
11.5750,56.7251,0.0086
11.6250,56.7251,0.0086
11.6750,56.7251,0.0086
12.6250,56.7251,0.0116
12.6750,56.7251,0.0116
12.7250,56.7251,0.0119
12.7750,56.7251,0.0117
12.8250,56.7251,0.0122
12.8750,56.7251,0.0126
12.9250,56.7251,0.0125
12.9750,56.7251,0.0130
13.0250,56.7251,0.0128
13.0750,56.7251,0.0133
13.1250,56.7251,0.0131
13.1750,56.7251,0.0135
13.2250,56.7251,0.0135
13.2750,56.7251,0.0137
13.3250,56.7251,0.0138
13.3750,56.7251,0.0139
13.4250,56.7251,0.0143
13.4750,56.7251,0.0142
13.5250,56.7251,0.0145
13.5750,56.7251,0.0145
13.6250,56.7251,0.0149
13.6750,56.7251,0.0149
13.7250,56.7251,0.0153
13.7750,56.7251,0.0153
13.8250,56.7251,0.0157
13.8750,56.7251,0.0163
13.9250,56.7251,0.0164
13.9750,56.7251,0.0168
14.0250,56.7251,0.0168
14.0750,56.7251,0.0172
14.1250,56.7251,0.0172
14.1750,56.7251,0.0175
14.2250,56.7251,0.0175
14.2750,56.7251,0.0180
14.3250,56.7251,0.0178
14.3750,56.7251,0.0183
14.4250,56.7251,0.0185
14.4750,56.7251,0.0185
14.5250,56.7251,0.0188
14.5750,56.7251,0.0187
14.6250,56.7251,0.0192
14.6750,56.7251,0.0189
14.7250,56.7251,0.0194
14.7750,56.7251,0.0191
14.8250,56.7251,0.0197
14.8750,56.7251,0.0199
14.9250,56.7251,0.0199
14.9750,56.7251,0.0202
15.0250,56.7251,0.0200
15.0750,56.7251,0.0204
15.1250,56.7251,0.0203
15.1750,56.7251,0.0205
8.1750,56.6751,0.0071
8.2250,56.6751,0.0071
8.3250,56.6751,0.0065
8.3750,56.6751,0.0065
8.4250,56.6751,0.0063
8.4750,56.6751,0.0061
8.5250,56.6751,0.0061
8.5750,56.6751,0.0060
8.6250,56.6751,0.0059
8.6750,56.6751,0.0059
8.7250,56.6751,0.0059
8.7750,56.6751,0.0056
8.8250,56.6751,0.0057
8.8750,56.6751,0.0057
8.9250,56.6751,0.0056
8.9750,56.6751,0.0056
9.0250,56.6751,0.0055
9.0750,56.6751,0.0055
9.1250,56.6751,0.0055
9.1750,56.6751,0.0055
9.2250,56.6751,0.0055
9.2750,56.6751,0.0054
9.3250,56.6751,0.0053
9.3750,56.6751,0.0054
9.4250,56.6751,0.0054
9.4750,56.6751,0.0054
9.5250,56.6751,0.0054
9.5750,56.6751,0.0054
9.6250,56.6751,0.0055
9.6750,56.6751,0.0055
9.7250,56.6751,0.0056
9.7750,56.6751,0.0055
9.8250,56.6751,0.0056
9.8750,56.6751,0.0055
9.9250,56.6751,0.0057
9.9750,56.6751,0.0056
10.0250,56.6751,0.0057
10.0750,56.6751,0.0057
10.1250,56.6751,0.0058
10.1750,56.6751,0.0058
10.2250,56.6751,0.0058
10.2750,56.6751,0.0060
10.3250,56.6751,0.0059
10.3750,56.6751,0.0059
11.5250,56.6751,0.0086
11.5750,56.6751,0.0086
12.6750,56.6751,0.0117
12.7250,56.6751,0.0117
12.7750,56.6751,0.0117
12.8250,56.6751,0.0120
12.8750,56.6751,0.0120
12.9250,56.6751,0.0123
12.9750,56.6751,0.0123
13.0250,56.6751,0.0125
13.0750,56.6751,0.0125
13.1250,56.6751,0.0131
13.1750,56.6751,0.0133
13.2250,56.6751,0.0133
13.2750,56.6751,0.0136
13.3250,56.6751,0.0136
13.3750,56.6751,0.0138
13.4250,56.6751,0.0138
13.4750,56.6751,0.0141
13.5250,56.6751,0.0140
13.5750,56.6751,0.0144
13.6250,56.6751,0.0143
13.6750,56.6751,0.0146
13.7250,56.6751,0.0150
13.7750,56.6751,0.0150
13.8250,56.6751,0.0156
13.8750,56.6751,0.0154
13.9250,56.6751,0.0161
13.9750,56.6751,0.0158
14.0250,56.6751,0.0165
14.0750,56.6751,0.0162
14.1250,56.6751,0.0169
14.1750,56.6751,0.0175
14.2250,56.6751,0.0172
14.2750,56.6751,0.0178
14.3250,56.6751,0.0176
14.3750,56.6751,0.0181
14.4250,56.6751,0.0179
14.4750,56.6751,0.0183
14.5250,56.6751,0.0183
14.5750,56.6751,0.0186
14.6250,56.6751,0.0188
14.6750,56.6751,0.0187
14.7250,56.6751,0.0191
14.7750,56.6751,0.0191
14.8250,56.6751,0.0194
14.8750,56.6751,0.0194
14.9250,56.6751,0.0197
14.9750,56.6751,0.0197
15.0250,56.6751,0.0199
15.0750,56.6751,0.0199
15.1250,56.6751,0.0202
15.1750,56.6751,0.0204
8.1250,56.6251,0.0068
8.1750,56.6251,0.0068
8.2250,56.6251,0.0067
8.2750,56.6251,0.0064
8.3250,56.6251,0.0061
8.4750,56.6251,0.0061
8.5250,56.6251,0.0059
8.5750,56.6251,0.0059
8.6250,56.6251,0.0059
8.6750,56.6251,0.0056
8.7250,56.6251,0.0056
8.7750,56.6251,0.0056
8.8250,56.6251,0.0054
8.8750,56.6251,0.0055
8.9250,56.6251,0.0054
8.9750,56.6251,0.0054
9.0250,56.6251,0.0055
9.0750,56.6251,0.0053
9.1250,56.6251,0.0053
9.1750,56.6251,0.0053
9.2250,56.6251,0.0052
9.2750,56.6251,0.0052
9.3250,56.6251,0.0053
9.3750,56.6251,0.0052
9.4250,56.6251,0.0053
9.4750,56.6251,0.0053
9.5250,56.6251,0.0053
9.5750,56.6251,0.0053
9.6250,56.6251,0.0053
9.6750,56.6251,0.0053
9.7250,56.6251,0.0053
9.7750,56.6251,0.0055
9.8250,56.6251,0.0054
9.8750,56.6251,0.0055
9.9250,56.6251,0.0054
9.9750,56.6251,0.0055
10.0250,56.6251,0.0056
10.0750,56.6251,0.0056
10.1250,56.6251,0.0056
10.1750,56.6251,0.0056
10.2250,56.6251,0.0057
10.2750,56.6251,0.0057
10.3250,56.6251,0.0059
10.3750,56.6251,0.0059
12.7250,56.6251,0.0117
12.7750,56.6251,0.0117
12.8750,56.6251,0.0120
12.9250,56.6251,0.0120
12.9750,56.6251,0.0120
13.0250,56.6251,0.0125
13.0750,56.6251,0.0123
13.1250,56.6251,0.0128
13.1750,56.6251,0.0126
13.2250,56.6251,0.0131
13.2750,56.6251,0.0129
13.3250,56.6251,0.0134
13.3750,56.6251,0.0133
13.4250,56.6251,0.0136
13.4750,56.6251,0.0140
13.5250,56.6251,0.0138
13.5750,56.6251,0.0142
13.6250,56.6251,0.0140
13.6750,56.6251,0.0144
13.7250,56.6251,0.0144
13.7750,56.6251,0.0147
13.8250,56.6251,0.0147
13.8750,56.6251,0.0150
13.9250,56.6251,0.0157
13.9750,56.6251,0.0155
14.0250,56.6251,0.0162
14.0750,56.6251,0.0162
14.1250,56.6251,0.0166
14.1750,56.6251,0.0166
14.2250,56.6251,0.0170
14.2750,56.6251,0.0170
14.3250,56.6251,0.0173
14.3750,56.6251,0.0175
14.4250,56.6251,0.0179
14.4750,56.6251,0.0181
14.5250,56.6251,0.0181
14.5750,56.6251,0.0183
14.6250,56.6251,0.0183
14.6750,56.6251,0.0186
14.7250,56.6251,0.0185
14.7750,56.6251,0.0189
14.8250,56.6251,0.0187
14.8750,56.6251,0.0192
14.9250,56.6251,0.0195
14.9750,56.6251,0.0195
15.0250,56.6251,0.0199
15.0750,56.6251,0.0198
15.1250,56.6251,0.0201
15.1750,56.6251,0.0200
8.1250,56.5751,0.0068
8.1750,56.5751,0.0068
8.2250,56.5751,0.0064
8.2750,56.5751,0.0064
8.3250,56.5751,0.0061
8.3750,56.5751,0.0061
8.4250,56.5751,0.0059
8.4750,56.5751,0.0057
8.5250,56.5751,0.0059
8.5750,56.5751,0.0055
8.6250,56.5751,0.0055
8.6750,56.5751,0.0056
8.7250,56.5751,0.0056
8.7750,56.5751,0.0054
8.8250,56.5751,0.0054
8.8750,56.5751,0.0054
8.9250,56.5751,0.0054
8.9750,56.5751,0.0053
9.0250,56.5751,0.0053
9.0750,56.5751,0.0052
9.1250,56.5751,0.0052
9.1750,56.5751,0.0051
9.2250,56.5751,0.0051
9.2750,56.5751,0.0052
9.3250,56.5751,0.0052
9.3750,56.5751,0.0050
9.4250,56.5751,0.0052
9.4750,56.5751,0.0050
9.5250,56.5751,0.0052
9.5750,56.5751,0.0052
9.6250,56.5751,0.0051
9.6750,56.5751,0.0051
9.7250,56.5751,0.0052
9.7750,56.5751,0.0054
9.8250,56.5751,0.0052
9.8750,56.5751,0.0054
9.9250,56.5751,0.0052
9.9750,56.5751,0.0054
10.0250,56.5751,0.0053
10.0750,56.5751,0.0054
10.1250,56.5751,0.0053
10.1750,56.5751,0.0055
10.2250,56.5751,0.0056
10.2750,56.5751,0.0056
10.3250,56.5751,0.0057
10.3750,56.5751,0.0057
12.9250,56.5751,0.0119
12.9750,56.5751,0.0117
13.0250,56.5751,0.0117
13.0750,56.5751,0.0120
13.1250,56.5751,0.0120
13.1750,56.5751,0.0123
13.2250,56.5751,0.0129
13.2750,56.5751,0.0129
13.3250,56.5751,0.0132
13.3750,56.5751,0.0132
13.4250,56.5751,0.0134
13.4750,56.5751,0.0134
13.5250,56.5751,0.0136
13.5750,56.5751,0.0136
13.6250,56.5751,0.0140
13.6750,56.5751,0.0141
13.7250,56.5751,0.0142
13.7750,56.5751,0.0144
13.8250,56.5751,0.0144
13.8750,56.5751,0.0147
13.9250,56.5751,0.0147
13.9750,56.5751,0.0154
14.0250,56.5751,0.0151
14.0750,56.5751,0.0158
14.1250,56.5751,0.0156
14.1750,56.5751,0.0163
14.2250,56.5751,0.0167
14.2750,56.5751,0.0166
14.3250,56.5751,0.0173
14.3750,56.5751,0.0170
14.4250,56.5751,0.0176
14.4750,56.5751,0.0173
14.5250,56.5751,0.0179
14.5750,56.5751,0.0177
14.6250,56.5751,0.0181
14.6750,56.5751,0.0185
14.7250,56.5751,0.0184
14.7750,56.5751,0.0187
14.8250,56.5751,0.0186
14.8750,56.5751,0.0190
14.9250,56.5751,0.0190
14.9750,56.5751,0.0193
15.0250,56.5751,0.0193
15.0750,56.5751,0.0196
15.1250,56.5751,0.0199
15.1750,56.5751,0.0198
8.1250,56.5251,0.0066
8.1750,56.5251,0.0064
8.2250,56.5251,0.0063
8.2750,56.5251,0.0062
8.3250,56.5251,0.0060
8.3750,56.5251,0.0059
8.4250,56.5251,0.0058
8.4750,56.5251,0.0057
8.5250,56.5251,0.0057
8.5750,56.5251,0.0055
8.6250,56.5251,0.0055
8.7250,56.5251,0.0053
8.7750,56.5251,0.0053
8.8250,56.5251,0.0053
8.8750,56.5251,0.0052
8.9250,56.5251,0.0052
8.9750,56.5251,0.0050
9.0250,56.5251,0.0051
9.0750,56.5251,0.0029
9.1250,56.5251,0.0051
9.1750,56.5251,0.0002
9.2250,56.5251,0.0000
9.2750,56.5251,0.0000
9.3250,56.5251,0.0000
9.3750,56.5251,0.0050
9.4250,56.5251,0.0000
9.4750,56.5251,0.0050
9.5250,56.5251,0.0002
9.5750,56.5251,0.0051
9.6250,56.5251,0.0050
9.6750,56.5251,0.0050
9.7250,56.5251,0.0050
9.7750,56.5251,0.0050
9.8250,56.5251,0.0051
9.8750,56.5251,0.0051
9.9250,56.5251,0.0051
9.9750,56.5251,0.0051
10.0250,56.5251,0.0053
10.0750,56.5251,0.0053
10.1250,56.5251,0.0053
10.1750,56.5251,0.0054
10.2250,56.5251,0.0054
10.2750,56.5251,0.0055
10.3250,56.5251,0.0055
10.3750,56.5251,0.0056
10.4250,56.5251,0.0056
10.4750,56.5251,0.0057
10.5250,56.5251,0.0057
10.5750,56.5251,0.0058
10.6250,56.5251,0.0058
10.6750,56.5251,0.0059
10.7250,56.5251,0.0061
10.7750,56.5251,0.0061
10.8250,56.5251,0.0063
10.8750,56.5251,0.0063
12.9250,56.5251,0.0109
12.9750,56.5251,0.0113
13.0250,56.5251,0.0114
13.0750,56.5251,0.0117
13.1250,56.5251,0.0117
13.1750,56.5251,0.0123
13.2250,56.5251,0.0120
13.2750,56.5251,0.0126
13.3250,56.5251,0.0123
13.3750,56.5251,0.0129
13.4250,56.5251,0.0128
13.4750,56.5251,0.0132
13.5250,56.5251,0.0136
13.5750,56.5251,0.0134
13.6250,56.5251,0.0139
13.6750,56.5251,0.0137
13.7250,56.5251,0.0141
13.7750,56.5251,0.0139
13.8250,56.5251,0.0143
13.8750,56.5251,0.0142
13.9250,56.5251,0.0145
13.9750,56.5251,0.0151
14.0250,56.5251,0.0148
14.0750,56.5251,0.0155
14.1250,56.5251,0.0152
14.1750,56.5251,0.0159
14.2250,56.5251,0.0159
14.2750,56.5251,0.0163
14.3250,56.5251,0.0163
14.3750,56.5251,0.0167
14.4250,56.5251,0.0173
14.4750,56.5251,0.0171
14.5250,56.5251,0.0176
14.5750,56.5251,0.0176
14.6250,56.5251,0.0179
14.6750,56.5251,0.0179
14.7250,56.5251,0.0182
14.7750,56.5251,0.0182
14.8250,56.5251,0.0186
14.8750,56.5251,0.0186
14.9250,56.5251,0.0189
14.9750,56.5251,0.0191
15.0250,56.5251,0.0191
15.0750,56.5251,0.0194
15.1250,56.5251,0.0194
15.1750,56.5251,0.0198
8.1250,56.4751,0.0064
8.1750,56.4751,0.0063
8.2250,56.4751,0.0062
8.2750,56.4751,0.0060
8.3250,56.4751,0.0060
8.3750,56.4751,0.0058
8.4250,56.4751,0.0058
8.4750,56.4751,0.0056
8.5250,56.4751,0.0056
8.5750,56.4751,0.0054
8.6250,56.4751,0.0054
8.6750,56.4751,0.0052
8.7250,56.4751,0.0052
8.7750,56.4751,0.0051
8.8250,56.4751,0.0051
8.8750,56.4751,0.0050
8.9250,56.4751,0.0050
8.9750,56.4751,0.0001
9.0250,56.4751,0.0000
9.0750,56.4751,0.0000
9.1250,56.4751,0.0000
9.1750,56.4751,0.0000
9.2250,56.4751,0.0000
9.2750,56.4751,0.0000
9.3250,56.4751,0.0000
9.3750,56.4751,0.0000
9.4250,56.4751,0.0000
9.4750,56.4751,0.0000
9.5250,56.4751,0.0000
9.5750,56.4751,0.0000
9.6250,56.4751,0.0000
9.6750,56.4751,0.0000
9.7250,56.4751,0.0000
9.7750,56.4751,0.0000
9.8250,56.4751,0.0004
9.8750,56.4751,0.0000
9.9250,56.4751,0.0051
9.9750,56.4751,0.0000
10.0250,56.4751,0.0052
10.0750,56.4751,0.0050
10.1250,56.4751,0.0052
10.1750,56.4751,0.0050
10.2250,56.4751,0.0051
10.2750,56.4751,0.0051
10.3250,56.4751,0.0053
10.3750,56.4751,0.0055
10.4250,56.4751,0.0055
10.4750,56.4751,0.0057
10.5250,56.4751,0.0055
10.5750,56.4751,0.0058
10.6250,56.4751,0.0056
10.6750,56.4751,0.0059
10.7250,56.4751,0.0057
10.7750,56.4751,0.0060
10.8250,56.4751,0.0060
10.8750,56.4751,0.0061
10.9250,56.4751,0.0061
10.9750,56.4751,0.0060
12.5250,56.4751,0.0098
12.5750,56.4751,0.0099
12.6250,56.4751,0.0099
12.6750,56.4751,0.0099
12.7250,56.4751,0.0099
12.7750,56.4751,0.0101
12.8250,56.4751,0.0101
12.8750,56.4751,0.0105
12.9250,56.4751,0.0109
12.9750,56.4751,0.0107
13.0250,56.4751,0.0111
13.0750,56.4751,0.0111
13.1250,56.4751,0.0114
13.1750,56.4751,0.0114
13.2250,56.4751,0.0117
13.2750,56.4751,0.0123
13.3250,56.4751,0.0121
13.3750,56.4751,0.0127
13.4250,56.4751,0.0126
13.4750,56.4751,0.0129
13.5250,56.4751,0.0129
13.5750,56.4751,0.0132
13.6250,56.4751,0.0132
13.6750,56.4751,0.0135
13.7250,56.4751,0.0139
13.7750,56.4751,0.0139
13.8250,56.4751,0.0141
13.8750,56.4751,0.0141
13.9250,56.4751,0.0143
13.9750,56.4751,0.0143
14.0250,56.4751,0.0145
14.0750,56.4751,0.0145
14.1250,56.4751,0.0152
14.1750,56.4751,0.0152
14.2250,56.4751,0.0156
14.2750,56.4751,0.0160
14.3250,56.4751,0.0160
14.3750,56.4751,0.0164
14.4250,56.4751,0.0164
14.4750,56.4751,0.0171
14.5250,56.4751,0.0168
14.5750,56.4751,0.0174
14.6250,56.4751,0.0172
14.6750,56.4751,0.0177
14.7250,56.4751,0.0181
14.7750,56.4751,0.0180
14.8250,56.4751,0.0185
14.8750,56.4751,0.0183
14.9250,56.4751,0.0187
14.9750,56.4751,0.0185
15.0250,56.4751,0.0189
15.0750,56.4751,0.0189
15.1250,56.4751,0.0192
15.1750,56.4751,0.0196
8.1250,56.4251,0.0063
8.1750,56.4251,0.0061
8.2250,56.4251,0.0061
8.2750,56.4251,0.0058
8.3250,56.4251,0.0058
8.3750,56.4251,0.0056
8.4250,56.4251,0.0056
8.4750,56.4251,0.0054
8.5250,56.4251,0.0054
8.5750,56.4251,0.0052
8.6250,56.4251,0.0052
8.6750,56.4251,0.0051
8.7250,56.4251,0.0050
8.7750,56.4251,0.0029
8.8250,56.4251,0.0000
8.8750,56.4251,0.0048
8.9250,56.4251,0.0000
8.9750,56.4251,0.0000
9.0250,56.4251,0.0000
9.0750,56.4251,0.0000
9.1250,56.4251,0.0000
9.1750,56.4251,0.0000
9.2250,56.4251,0.0000
9.2750,56.4251,0.0000
9.3250,56.4251,0.0000
9.3750,56.4251,0.0000
9.4250,56.4251,0.0000
9.4750,56.4251,0.0000
9.5250,56.4251,0.0000
9.5750,56.4251,0.0000
9.6250,56.4251,0.0000
9.6750,56.4251,0.0000
9.7250,56.4251,0.0000
9.7750,56.4251,0.0000
9.8250,56.4251,0.0000
9.8750,56.4251,0.0000
9.9250,56.4251,0.0000
9.9750,56.4251,0.0000
10.0250,56.4251,0.0000
10.0750,56.4251,0.0000
10.1250,56.4251,0.0003
10.1750,56.4251,0.0045
10.2250,56.4251,0.0051
10.2750,56.4251,0.0051
10.3250,56.4251,0.0052
10.3750,56.4251,0.0052
10.4250,56.4251,0.0053
10.4750,56.4251,0.0053
10.5250,56.4251,0.0054
10.5750,56.4251,0.0054
10.6250,56.4251,0.0055
10.6750,56.4251,0.0057
10.7250,56.4251,0.0057
10.7750,56.4251,0.0059
10.8250,56.4251,0.0059
10.8750,56.4251,0.0060
10.9250,56.4251,0.0060
10.9750,56.4251,0.0060
12.5750,56.4251,0.0099
12.6250,56.4251,0.0099
12.6750,56.4251,0.0099
12.7250,56.4251,0.0099
12.7750,56.4251,0.0101
12.8250,56.4251,0.0101
12.8750,56.4251,0.0103
12.9250,56.4251,0.0103
12.9750,56.4251,0.0107
13.0250,56.4251,0.0109
13.0750,56.4251,0.0109
13.1250,56.4251,0.0111
13.1750,56.4251,0.0111
13.2250,56.4251,0.0114
13.2750,56.4251,0.0114
13.3250,56.4251,0.0121
13.3750,56.4251,0.0118
13.4250,56.4251,0.0124
13.4750,56.4251,0.0123
13.5250,56.4251,0.0127
13.5750,56.4251,0.0130
13.6250,56.4251,0.0130
13.6750,56.4251,0.0134
13.7250,56.4251,0.0133
13.7750,56.4251,0.0137
13.8250,56.4251,0.0135
13.8750,56.4251,0.0139
13.9250,56.4251,0.0138
13.9750,56.4251,0.0142
14.0250,56.4251,0.0145
14.0750,56.4251,0.0143
14.1250,56.4251,0.0149
14.1750,56.4251,0.0146
14.2250,56.4251,0.0153
14.2750,56.4251,0.0150
14.3250,56.4251,0.0158
14.3750,56.4251,0.0157
14.4250,56.4251,0.0161
14.4750,56.4251,0.0168
14.5250,56.4251,0.0165
14.5750,56.4251,0.0171
14.6250,56.4251,0.0170
14.6750,56.4251,0.0175
14.7250,56.4251,0.0175
14.7750,56.4251,0.0178
14.8250,56.4251,0.0178
14.8750,56.4251,0.0181
14.9250,56.4251,0.0185
14.9750,56.4251,0.0185
15.0250,56.4251,0.0188
15.0750,56.4251,0.0188
15.1250,56.4251,0.0190
15.1750,56.4251,0.0190
8.1250,56.3751,0.0059
8.1750,56.3751,0.0061
8.2250,56.3751,0.0056
8.2750,56.3751,0.0056
8.3250,56.3751,0.0056
8.3750,56.3751,0.0054
8.4250,56.3751,0.0054
8.4750,56.3751,0.0053
8.5250,56.3751,0.0052
8.5750,56.3751,0.0052
8.6250,56.3751,0.0050
8.6750,56.3751,0.0050
8.7250,56.3751,0.0000
8.7750,56.3751,0.0000
8.8250,56.3751,0.0000
8.8750,56.3751,0.0000
8.9250,56.3751,0.0000
8.9750,56.3751,0.0000
9.0250,56.3751,0.0000
9.0750,56.3751,0.0000
9.1250,56.3751,0.0000
9.1750,56.3751,0.0000
9.2250,56.3751,0.0000
9.2750,56.3751,0.0000
9.3250,56.3751,0.0000
9.3750,56.3751,0.0000
9.4250,56.3751,0.0000
9.4750,56.3751,0.0000
9.5250,56.3751,0.0000
9.5750,56.3751,0.0000
9.6250,56.3751,0.0000
9.6750,56.3751,0.0000
9.7250,56.3751,0.0000
9.7750,56.3751,0.0000
9.8250,56.3751,0.0000
9.8750,56.3751,0.0000
9.9250,56.3751,0.0000
9.9750,56.3751,0.0000
10.0250,56.3751,0.0000
10.0750,56.3751,0.0000
10.1250,56.3751,0.0000
10.1750,56.3751,0.0000
10.2250,56.3751,0.0000
10.2750,56.3751,0.0000
10.3250,56.3751,0.0000
10.3750,56.3751,0.0050
10.4250,56.3751,0.0016
10.4750,56.3751,0.0051
10.5250,56.3751,0.0053
10.5750,56.3751,0.0052
10.6250,56.3751,0.0055
10.6750,56.3751,0.0053
10.7250,56.3751,0.0056
10.7750,56.3751,0.0054
10.8250,56.3751,0.0057
10.8750,56.3751,0.0055
10.9250,56.3751,0.0060
12.6250,56.3751,0.0099
12.6750,56.3751,0.0097
12.7250,56.3751,0.0097
12.7750,56.3751,0.0098
12.8250,56.3751,0.0099
12.8750,56.3751,0.0103
12.9250,56.3751,0.0101
12.9750,56.3751,0.0105
13.0250,56.3751,0.0103
13.0750,56.3751,0.0107
13.1250,56.3751,0.0105
13.1750,56.3751,0.0109
13.2250,56.3751,0.0109
13.2750,56.3751,0.0111
13.3250,56.3751,0.0118
13.3750,56.3751,0.0115
13.4250,56.3751,0.0121
13.4750,56.3751,0.0119
13.5250,56.3751,0.0124
13.5750,56.3751,0.0124
13.6250,56.3751,0.0127
13.6750,56.3751,0.0127
13.7250,56.3751,0.0130
13.7750,56.3751,0.0135
13.8250,56.3751,0.0133
13.8750,56.3751,0.0138
13.9250,56.3751,0.0137
13.9750,56.3751,0.0140
14.0250,56.3751,0.0140
14.0750,56.3751,0.0142
14.1250,56.3751,0.0142
14.1750,56.3751,0.0144
14.2250,56.3751,0.0150
14.2750,56.3751,0.0150
14.3250,56.3751,0.0154
14.3750,56.3751,0.0154
14.4250,56.3751,0.0158
14.4750,56.3751,0.0158
14.5250,56.3751,0.0162
14.5750,56.3751,0.0162
14.6250,56.3751,0.0169
14.6750,56.3751,0.0171
14.7250,56.3751,0.0172
14.7750,56.3751,0.0176
14.8250,56.3751,0.0176
14.8750,56.3751,0.0180
14.9250,56.3751,0.0179
14.9750,56.3751,0.0183
15.0250,56.3751,0.0182
15.0750,56.3751,0.0186
15.1250,56.3751,0.0187
15.1750,56.3751,0.0189
8.1250,56.3251,0.0059
8.1750,56.3251,0.0059
8.2250,56.3251,0.0056
8.2750,56.3251,0.0056
8.3250,56.3251,0.0054
8.3750,56.3251,0.0054
8.4250,56.3251,0.0052
8.4750,56.3251,0.0052
8.5250,56.3251,0.0000
8.5750,56.3251,0.0000
8.6250,56.3251,0.0000
8.6750,56.3251,0.0000
8.7250,56.3251,0.0000
8.7750,56.3251,0.0000
8.8250,56.3251,0.0000
8.8750,56.3251,0.0000
8.9250,56.3251,0.0000
8.9750,56.3251,0.0000
9.0250,56.3251,0.0000
9.0750,56.3251,0.0000
9.1250,56.3251,0.0000
9.1750,56.3251,0.0000
9.2250,56.3251,0.0000
9.2750,56.3251,0.0000
9.3250,56.3251,0.0000
9.3750,56.3251,0.0000
9.4250,56.3251,0.0000
9.4750,56.3251,0.0000
9.5250,56.3251,0.0000
9.5750,56.3251,0.0000
9.6250,56.3251,0.0000
9.6750,56.3251,0.0000
9.7250,56.3251,0.0000
9.7750,56.3251,0.0000
9.8250,56.3251,0.0000
9.8750,56.3251,0.0000
9.9250,56.3251,0.0000
9.9750,56.3251,0.0000
10.0250,56.3251,0.0000
10.0750,56.3251,0.0000
10.1250,56.3251,0.0000
10.1750,56.3251,0.0000
10.2250,56.3251,0.0000
10.2750,56.3251,0.0000
10.3250,56.3251,0.0000
10.3750,56.3251,0.0000
10.4250,56.3251,0.0000
10.4750,56.3251,0.0000
10.5250,56.3251,0.0000
10.5750,56.3251,0.0050
10.6250,56.3251,0.0050
10.6750,56.3251,0.0051
10.7250,56.3251,0.0053
10.7750,56.3251,0.0052
10.8250,56.3251,0.0055
10.8750,56.3251,0.0055
10.9250,56.3251,0.0055
12.4250,56.3251,0.0083
12.4750,56.3251,0.0083
12.5250,56.3251,0.0083
12.7250,56.3251,0.0097
12.7750,56.3251,0.0098
12.8250,56.3251,0.0097
12.8750,56.3251,0.0097
12.9250,56.3251,0.0099
12.9750,56.3251,0.0099
13.0250,56.3251,0.0101
13.0750,56.3251,0.0105
13.1250,56.3251,0.0105
13.1750,56.3251,0.0107
13.2250,56.3251,0.0107
13.2750,56.3251,0.0109
13.3250,56.3251,0.0109
13.3750,56.3251,0.0112
13.4250,56.3251,0.0112
13.4750,56.3251,0.0119
13.5250,56.3251,0.0120
13.5750,56.3251,0.0122
13.6250,56.3251,0.0125
13.6750,56.3251,0.0125
13.7250,56.3251,0.0128
13.7750,56.3251,0.0128
13.8250,56.3251,0.0133
13.8750,56.3251,0.0131
13.9250,56.3251,0.0136
13.9750,56.3251,0.0136
14.0250,56.3251,0.0138
14.0750,56.3251,0.0140
14.1250,56.3251,0.0140
14.1750,56.3251,0.0144
14.2250,56.3251,0.0143
14.2750,56.3251,0.0147
14.3250,56.3251,0.0145
14.3750,56.3251,0.0152
14.4250,56.3251,0.0151
14.4750,56.3251,0.0156
14.5250,56.3251,0.0162
14.5750,56.3251,0.0160
14.6250,56.3251,0.0166
14.6750,56.3251,0.0164
14.7250,56.3251,0.0170
14.7750,56.3251,0.0169
14.8250,56.3251,0.0174
14.8750,56.3251,0.0174
14.9250,56.3251,0.0177
14.9750,56.3251,0.0182
15.0250,56.3251,0.0180
15.0750,56.3251,0.0185
15.1250,56.3251,0.0185
15.1750,56.3251,0.0187
8.1250,56.2751,0.0057
8.1750,56.2751,0.0057
8.2250,56.2751,0.0054
8.2750,56.2751,0.0054
8.3250,56.2751,0.0051
8.3750,56.2751,0.0051
8.4250,56.2751,0.0000
8.4750,56.2751,0.0000
8.5250,56.2751,0.0000
8.5750,56.2751,0.0000
8.6250,56.2751,0.0000
8.6750,56.2751,0.0000
8.7250,56.2751,0.0000
8.7750,56.2751,0.0000
8.8250,56.2751,0.0000
8.8750,56.2751,0.0000
8.9250,56.2751,0.0000
8.9750,56.2751,0.0000
9.0250,56.2751,0.0000
9.0750,56.2751,0.0000
9.1250,56.2751,0.0000
9.1750,56.2751,0.0000
9.2250,56.2751,0.0000
9.2750,56.2751,0.0000
9.3250,56.2751,0.0000
9.3750,56.2751,0.0000
9.4250,56.2751,0.0000
9.4750,56.2751,0.0000
9.5250,56.2751,0.0000
9.5750,56.2751,0.0000
9.6250,56.2751,0.0000
9.6750,56.2751,0.0000
9.7250,56.2751,0.0000
9.7750,56.2751,0.0000
9.8250,56.2751,0.0000
9.8750,56.2751,0.0000
9.9250,56.2751,0.0000
9.9750,56.2751,0.0000
10.0250,56.2751,0.0000
10.0750,56.2751,0.0000
10.1250,56.2751,0.0000
10.1750,56.2751,0.0000
10.2250,56.2751,0.0000
10.2750,56.2751,0.0000
10.3250,56.2751,0.0000
10.3750,56.2751,0.0000
10.4250,56.2751,0.0000
10.4750,56.2751,0.0000
10.5250,56.2751,0.0000
10.5750,56.2751,0.0001
10.6250,56.2751,0.0000
10.6750,56.2751,0.0007
10.7250,56.2751,0.0000
10.7750,56.2751,0.0052
10.8250,56.2751,0.0052
12.4750,56.2751,0.0083
12.5250,56.2751,0.0083
12.5750,56.2751,0.0085
12.6250,56.2751,0.0085
12.6750,56.2751,0.0085
12.8250,56.2751,0.0094
12.8750,56.2751,0.0094
12.9250,56.2751,0.0097
12.9750,56.2751,0.0096
13.0250,56.2751,0.0101
13.0750,56.2751,0.0099
13.1250,56.2751,0.0103
13.1750,56.2751,0.0101
13.2250,56.2751,0.0105
13.2750,56.2751,0.0103
13.3250,56.2751,0.0107
13.3750,56.2751,0.0111
13.4250,56.2751,0.0110
13.4750,56.2751,0.0115
13.5250,56.2751,0.0112
13.5750,56.2751,0.0119
13.6250,56.2751,0.0116
13.6750,56.2751,0.0122
13.7250,56.2751,0.0122
13.7750,56.2751,0.0126
13.8250,56.2751,0.0131
13.8750,56.2751,0.0129
13.9250,56.2751,0.0134
13.9750,56.2751,0.0132
14.0250,56.2751,0.0136
14.0750,56.2751,0.0136
14.1250,56.2751,0.0139
14.1750,56.2751,0.0139
14.2250,56.2751,0.0141
14.2750,56.2751,0.0145
14.3250,56.2751,0.0144
14.3750,56.2751,0.0149
14.4250,56.2751,0.0149
14.4750,56.2751,0.0154
14.5250,56.2751,0.0154
14.5750,56.2751,0.0158
14.6250,56.2751,0.0158
14.6750,56.2751,0.0162
14.7250,56.2751,0.0168
14.7750,56.2751,0.0168
14.8250,56.2751,0.0172
14.8750,56.2751,0.0172
14.9250,56.2751,0.0175
14.9750,56.2751,0.0175
15.0250,56.2751,0.0180
15.0750,56.2751,0.0178
15.1250,56.2751,0.0183
15.1750,56.2751,0.0185
8.1250,56.2251,0.0054
8.1750,56.2251,0.0054
8.2250,56.2251,0.0051
8.2750,56.2251,0.0051
8.3250,56.2251,0.0010
8.3750,56.2251,0.0000
8.4250,56.2251,0.0000
8.4750,56.2251,0.0000
8.5250,56.2251,0.0000
8.5750,56.2251,0.0000
8.6250,56.2251,0.0000
8.6750,56.2251,0.0000
8.7250,56.2251,0.0000
8.7750,56.2251,0.0000
8.8250,56.2251,0.0000
8.8750,56.2251,0.0000
8.9250,56.2251,0.0000
8.9750,56.2251,0.0000
9.0250,56.2251,0.0000
9.0750,56.2251,0.0000
9.1250,56.2251,0.0000
9.1750,56.2251,0.0000
9.2250,56.2251,0.0000
9.2750,56.2251,0.0000
9.3250,56.2251,0.0000
9.3750,56.2251,0.0000
9.4250,56.2251,0.0000
9.4750,56.2251,0.0000
9.5250,56.2251,0.0000
9.5750,56.2251,0.0000
9.6250,56.2251,0.0000
9.6750,56.2251,0.0000
9.7250,56.2251,0.0000
9.7750,56.2251,0.0000
9.8250,56.2251,0.0000
9.8750,56.2251,0.0000
9.9250,56.2251,0.0000
9.9750,56.2251,0.0000
10.0250,56.2251,0.0000
10.0750,56.2251,0.0000
10.1250,56.2251,0.0000
10.1750,56.2251,0.0000
10.2250,56.2251,0.0000
10.2750,56.2251,0.0000
10.3250,56.2251,0.0000
10.3750,56.2251,0.0000
10.4250,56.2251,0.0000
10.4750,56.2251,0.0000
10.5250,56.2251,0.0000
10.5750,56.2251,0.0000
10.6250,56.2251,0.0000
10.6750,56.2251,0.0000
10.7250,56.2251,0.0000
10.7750,56.2251,0.0000
11.6750,56.2251,0.0052
11.7250,56.2251,0.0053
12.5250,56.2251,0.0083
12.5750,56.2251,0.0082
12.6250,56.2251,0.0083
12.6750,56.2251,0.0083
12.7250,56.2251,0.0084
12.7750,56.2251,0.0084
12.8250,56.2251,0.0086
12.8750,56.2251,0.0091
12.9250,56.2251,0.0091
12.9750,56.2251,0.0094
13.0250,56.2251,0.0094
13.0750,56.2251,0.0096
13.1250,56.2251,0.0100
13.1750,56.2251,0.0098
13.2250,56.2251,0.0103
13.2750,56.2251,0.0103
13.3250,56.2251,0.0105
13.3750,56.2251,0.0105
13.4250,56.2251,0.0107
13.4750,56.2251,0.0107
13.5250,56.2251,0.0109
13.5750,56.2251,0.0115
13.6250,56.2251,0.0116
13.6750,56.2251,0.0119
13.7250,56.2251,0.0119
13.7750,56.2251,0.0123
13.8250,56.2251,0.0123
13.8750,56.2251,0.0126
13.9250,56.2251,0.0126
13.9750,56.2251,0.0132
14.0250,56.2251,0.0134
14.0750,56.2251,0.0135
14.1250,56.2251,0.0137
14.1750,56.2251,0.0137
14.2250,56.2251,0.0140
14.2750,56.2251,0.0140
14.3250,56.2251,0.0144
14.3750,56.2251,0.0143
14.4250,56.2251,0.0147
14.4750,56.2251,0.0150
14.5250,56.2251,0.0151
14.5750,56.2251,0.0155
14.6250,56.2251,0.0155
14.6750,56.2251,0.0161
14.7250,56.2251,0.0159
14.7750,56.2251,0.0166
14.8250,56.2251,0.0163
14.8750,56.2251,0.0169
14.9250,56.2251,0.0173
14.9750,56.2251,0.0173
15.0250,56.2251,0.0178
15.0750,56.2251,0.0176
15.1250,56.2251,0.0181
15.1750,56.2251,0.0180
8.1250,56.1751,0.0054
8.1750,56.1751,0.0051
8.2250,56.1751,0.0051
8.2750,56.1751,0.0000
8.3250,56.1751,0.0000
8.3750,56.1751,0.0000
8.4250,56.1751,0.0000
8.4750,56.1751,0.0000
8.5250,56.1751,0.0000
8.5750,56.1751,0.0000
8.6250,56.1751,0.0000
8.6750,56.1751,0.0000
8.7250,56.1751,0.0000
8.7750,56.1751,0.0000
8.8250,56.1751,0.0000
8.8750,56.1751,0.0000
8.9250,56.1751,0.0000
8.9750,56.1751,0.0000
9.0250,56.1751,0.0000
9.0750,56.1751,0.0000
9.1250,56.1751,0.0000
9.1750,56.1751,0.0000
9.2250,56.1751,0.0000
9.2750,56.1751,0.0000
9.3250,56.1751,0.0000
9.3750,56.1751,0.0000
9.4250,56.1751,0.0000
9.4750,56.1751,0.0000
9.5250,56.1751,0.0000
9.5750,56.1751,0.0000
9.6250,56.1751,0.0000
9.6750,56.1751,0.0000
9.7250,56.1751,0.0000
9.7750,56.1751,0.0000
9.8250,56.1751,0.0000
9.8750,56.1751,0.0000
9.9250,56.1751,0.0000
9.9750,56.1751,0.0000
10.0250,56.1751,0.0000
10.0750,56.1751,0.0000
10.1250,56.1751,0.0000
10.1750,56.1751,0.0000
10.2250,56.1751,0.0000
10.2750,56.1751,0.0000
10.3250,56.1751,0.0000
10.3750,56.1751,0.0000
10.4250,56.1751,0.0000
10.4750,56.1751,0.0000
10.5250,56.1751,0.0000
10.5750,56.1751,0.0000
10.6250,56.1751,0.0000
10.6750,56.1751,0.0000
10.7250,56.1751,0.0000
12.5750,56.1751,0.0080
12.6250,56.1751,0.0081
12.6750,56.1751,0.0081
12.7250,56.1751,0.0083
12.7750,56.1751,0.0082
12.8250,56.1751,0.0086
12.8750,56.1751,0.0085
12.9250,56.1751,0.0088
12.9750,56.1751,0.0091
13.0250,56.1751,0.0091
13.0750,56.1751,0.0093
13.1250,56.1751,0.0093
13.1750,56.1751,0.0098
13.2250,56.1751,0.0095
13.2750,56.1751,0.0100
13.3250,56.1751,0.0099
13.3750,56.1751,0.0103
13.4250,56.1751,0.0105
13.4750,56.1751,0.0105
13.5250,56.1751,0.0109
13.5750,56.1751,0.0107
13.6250,56.1751,0.0112
13.6750,56.1751,0.0110
13.7250,56.1751,0.0116
13.7750,56.1751,0.0114
13.8250,56.1751,0.0120
13.8750,56.1751,0.0126
13.9250,56.1751,0.0123
13.9750,56.1751,0.0130
14.0250,56.1751,0.0127
14.0750,56.1751,0.0133
14.1250,56.1751,0.0131
14.1750,56.1751,0.0136
14.2250,56.1751,0.0136
14.2750,56.1751,0.0139
14.3250,56.1751,0.0143
14.3750,56.1751,0.0141
14.4250,56.1751,0.0145
14.4750,56.1751,0.0144
14.5250,56.1751,0.0149
14.5750,56.1751,0.0149
14.6250,56.1751,0.0152
14.6750,56.1751,0.0153
14.7250,56.1751,0.0159
14.7750,56.1751,0.0163
14.8250,56.1751,0.0163
14.8750,56.1751,0.0167
14.9250,56.1751,0.0167
14.9750,56.1751,0.0173
15.0250,56.1751,0.0176
15.0750,56.1751,0.0176
15.1250,56.1751,0.0180
15.1750,56.1751,0.0180
8.1250,56.1251,0.0049
8.1750,56.1251,0.0051
8.2250,56.1251,0.0000
8.2750,56.1251,0.0000
8.3250,56.1251,0.0000
8.3750,56.1251,0.0000
8.4250,56.1251,0.0000
8.4750,56.1251,0.0000
8.5250,56.1251,0.0000
8.5750,56.1251,0.0000
8.6250,56.1251,0.0000
8.6750,56.1251,0.0000
8.7250,56.1251,0.0000
8.7750,56.1251,0.0000
8.8250,56.1251,0.0000
8.8750,56.1251,0.0000
8.9250,56.1251,0.0000
8.9750,56.1251,0.0000
9.0250,56.1251,0.0000
9.0750,56.1251,0.0000
9.1250,56.1251,0.0000
9.1750,56.1251,0.0000
9.2250,56.1251,0.0000
9.2750,56.1251,0.0000
9.3250,56.1251,0.0000
9.3750,56.1251,0.0000
9.4250,56.1251,0.0000
9.4750,56.1251,0.0000
9.5250,56.1251,0.0000
9.5750,56.1251,0.0000
9.6250,56.1251,0.0000
9.6750,56.1251,0.0000
9.7250,56.1251,0.0000
9.7750,56.1251,0.0000
9.8250,56.1251,0.0000
9.8750,56.1251,0.0000
9.9250,56.1251,0.0000
9.9750,56.1251,0.0000
10.0250,56.1251,0.0000
10.0750,56.1251,0.0000
10.1250,56.1251,0.0000
10.1750,56.1251,0.0000
10.2250,56.1251,0.0000
10.4750,56.1251,0.0000
10.5250,56.1251,0.0000
10.5750,56.1251,0.0000
10.6750,56.1251,0.0000
10.7250,56.1251,0.0000
10.7750,56.1251,0.0000
10.8250,56.1251,0.0000
12.1250,56.1251,0.0066
12.1750,56.1251,0.0066
12.2250,56.1251,0.0070
12.2750,56.1251,0.0070
12.3250,56.1251,0.0071
12.3750,56.1251,0.0073
12.4250,56.1251,0.0073
12.4750,56.1251,0.0074
12.5750,56.1251,0.0080
12.6250,56.1251,0.0080
12.6750,56.1251,0.0079
12.7250,56.1251,0.0082
12.7750,56.1251,0.0081
12.8250,56.1251,0.0084
12.8750,56.1251,0.0082
12.9250,56.1251,0.0085
12.9750,56.1251,0.0084
13.0250,56.1251,0.0088
13.0750,56.1251,0.0088
13.1250,56.1251,0.0090
13.1750,56.1251,0.0095
13.2250,56.1251,0.0092
13.2750,56.1251,0.0098
13.3250,56.1251,0.0095
13.3750,56.1251,0.0100
13.4250,56.1251,0.0100
13.4750,56.1251,0.0103
13.5250,56.1251,0.0103
13.5750,56.1251,0.0105
13.6250,56.1251,0.0110
13.6750,56.1251,0.0107
13.7250,56.1251,0.0113
13.7750,56.1251,0.0113
13.8250,56.1251,0.0117
13.8750,56.1251,0.0117
13.9250,56.1251,0.0120
13.9750,56.1251,0.0120
14.0250,56.1251,0.0125
14.0750,56.1251,0.0130
14.1250,56.1251,0.0130
14.1750,56.1251,0.0134
14.2250,56.1251,0.0134
14.2750,56.1251,0.0137
14.3250,56.1251,0.0137
14.3750,56.1251,0.0140
14.4250,56.1251,0.0140
14.4750,56.1251,0.0144
14.5250,56.1251,0.0146
14.5750,56.1251,0.0147
14.6250,56.1251,0.0150
14.6750,56.1251,0.0150
14.7250,56.1251,0.0150
14.8250,56.1251,0.0163
14.8750,56.1251,0.0167
14.9750,56.1251,0.0171
15.0750,56.1251,0.0176
15.1750,56.1251,0.0180
8.0750,56.0751,0.0000
8.1250,56.0751,0.0000
8.2250,56.0751,0.0000
8.2750,56.0751,0.0000
8.3250,56.0751,0.0000
8.3750,56.0751,0.0000
8.4250,56.0751,0.0000
8.4750,56.0751,0.0000
8.5250,56.0751,0.0000
8.5750,56.0751,0.0000
8.6250,56.0751,0.0000
8.6750,56.0751,0.0000
8.7250,56.0751,0.0000
8.7750,56.0751,0.0000
8.8250,56.0751,0.0000
8.8750,56.0751,0.0000
8.9250,56.0751,0.0000
8.9750,56.0751,0.0000
9.0250,56.0751,0.0000
9.0750,56.0751,0.0000
9.1250,56.0751,0.0000
9.1750,56.0751,0.0000
9.2250,56.0751,0.0000
9.2750,56.0751,0.0000
9.3250,56.0751,0.0000
9.3750,56.0751,0.0000
9.4250,56.0751,0.0000
9.4750,56.0751,0.0000
9.5250,56.0751,0.0000
9.5750,56.0751,0.0000
9.6250,56.0751,0.0000
9.6750,56.0751,0.0000
9.7250,56.0751,0.0000
9.7750,56.0751,0.0000
9.8250,56.0751,0.0000
9.8750,56.0751,0.0000
9.9250,56.0751,0.0000
9.9750,56.0751,0.0000
10.0250,56.0751,0.0000
10.0750,56.0751,0.0000
10.1250,56.0751,0.0000
10.1750,56.0751,0.0000
10.2250,56.0751,0.0000
10.2750,56.0751,0.0000
12.0250,56.0751,0.0062
12.0750,56.0751,0.0064
12.1250,56.0751,0.0066
12.1750,56.0751,0.0066
12.2250,56.0751,0.0068
12.2750,56.0751,0.0068
12.3250,56.0751,0.0069
12.3750,56.0751,0.0069
12.4250,56.0751,0.0071
12.4750,56.0751,0.0071
12.5250,56.0751,0.0074
12.5750,56.0751,0.0072
12.6250,56.0751,0.0079
12.6750,56.0751,0.0077
12.7250,56.0751,0.0077
12.7750,56.0751,0.0079
12.8250,56.0751,0.0079
12.8750,56.0751,0.0082
12.9250,56.0751,0.0081
12.9750,56.0751,0.0084
13.0250,56.0751,0.0085
13.0750,56.0751,0.0085
13.1250,56.0751,0.0087
13.1750,56.0751,0.0087
13.2250,56.0751,0.0090
13.2750,56.0751,0.0089
13.3250,56.0751,0.0095
13.3750,56.0751,0.0095
13.4250,56.0751,0.0097
13.4750,56.0751,0.0100
13.5250,56.0751,0.0100
13.5750,56.0751,0.0103
13.6250,56.0751,0.0103
13.6750,56.0751,0.0107
13.7250,56.0751,0.0105
13.7750,56.0751,0.0110
13.8250,56.0751,0.0112
13.8750,56.0751,0.0113
13.9250,56.0751,0.0118
13.9750,56.0751,0.0117
14.0250,56.0751,0.0124
14.0750,56.0751,0.0122
14.1250,56.0751,0.0128
14.1750,56.0751,0.0126
14.2250,56.0751,0.0132
14.2750,56.0751,0.0134
14.3250,56.0751,0.0135
14.3750,56.0751,0.0140
14.4250,56.0751,0.0138
14.4750,56.0751,0.0143
14.5250,56.0751,0.0141
14.5750,56.0751,0.0145
14.6250,56.0751,0.0144
14.6750,56.0751,0.0148
14.7250,56.0751,0.0148
14.7750,56.0751,0.0146
8.0750,56.0251,0.0000
8.1250,56.0251,0.0000
8.2750,56.0251,0.0000
8.3250,56.0251,0.0000
8.3750,56.0251,0.0000
8.4250,56.0251,0.0000
8.4750,56.0251,0.0000
8.5250,56.0251,0.0000
8.5750,56.0251,0.0000
8.6250,56.0251,0.0000
8.6750,56.0251,0.0000
8.7250,56.0251,0.0000
8.7750,56.0251,0.0000
8.8250,56.0251,0.0000
8.8750,56.0251,0.0000
8.9250,56.0251,0.0000
8.9750,56.0251,0.0000
9.0250,56.0251,0.0000
9.0750,56.0251,0.0000
9.1250,56.0251,0.0000
9.1750,56.0251,0.0000
9.2250,56.0251,0.0000
9.2750,56.0251,0.0000
9.3250,56.0251,0.0000
9.3750,56.0251,0.0000
9.4250,56.0251,0.0000
9.4750,56.0251,0.0000
9.5250,56.0251,0.0000
9.5750,56.0251,0.0000
9.6250,56.0251,0.0000
9.6750,56.0251,0.0000
9.7250,56.0251,0.0000
9.7750,56.0251,0.0000
9.8250,56.0251,0.0000
9.8750,56.0251,0.0000
9.9250,56.0251,0.0000
9.9750,56.0251,0.0000
10.0250,56.0251,0.0000
10.0750,56.0251,0.0000
10.1250,56.0251,0.0000
10.1750,56.0251,0.0000
10.2250,56.0251,0.0000
10.2750,56.0251,0.0000
10.5250,56.0251,0.0000
10.5750,56.0251,0.0000
11.2750,56.0251,0.0000
11.9250,56.0251,0.0059
11.9750,56.0251,0.0061
12.0250,56.0251,0.0061
12.0750,56.0251,0.0064
12.1250,56.0251,0.0062
12.1750,56.0251,0.0065
12.2250,56.0251,0.0064
12.2750,56.0251,0.0066
12.3250,56.0251,0.0068
12.3750,56.0251,0.0067
12.4250,56.0251,0.0071
12.4750,56.0251,0.0069
12.5250,56.0251,0.0072
12.5750,56.0251,0.0071
12.6250,56.0251,0.0071
12.6750,56.0251,0.0076
12.7250,56.0251,0.0075
12.7750,56.0251,0.0078
12.8250,56.0251,0.0077
12.8750,56.0251,0.0080
12.9250,56.0251,0.0079
12.9750,56.0251,0.0082
13.0250,56.0251,0.0080
13.0750,56.0251,0.0083
13.1250,56.0251,0.0083
13.1750,56.0251,0.0085
13.2250,56.0251,0.0089
13.2750,56.0251,0.0087
13.3250,56.0251,0.0092
13.3750,56.0251,0.0090
13.4250,56.0251,0.0095
13.4750,56.0251,0.0093
13.5250,56.0251,0.0097
13.5750,56.0251,0.0097
13.6250,56.0251,0.0100
13.6750,56.0251,0.0105
13.7250,56.0251,0.0103
13.7750,56.0251,0.0108
13.8250,56.0251,0.0106
13.8750,56.0251,0.0110
13.9250,56.0251,0.0110
13.9750,56.0251,0.0114
14.0250,56.0251,0.0115
14.0750,56.0251,0.0119
14.1250,56.0251,0.0126
14.1750,56.0251,0.0123
14.2250,56.0251,0.0129
14.2750,56.0251,0.0129
14.3250,56.0251,0.0133
14.3750,56.0251,0.0133
14.4250,56.0251,0.0136
14.4750,56.0251,0.0137
14.5250,56.0251,0.0141
14.5750,56.0251,0.0144
14.6250,56.0251,0.0144
14.6750,56.0251,0.0146
14.7250,56.0251,0.0146
14.7750,56.0251,0.0146
14.8250,56.0251,0.0146
14.8750,56.0251,0.0166
8.1250,55.9751,0.0000
8.1750,55.9751,0.0000
8.2750,55.9751,0.0000
8.3250,55.9751,0.0000
8.3750,55.9751,0.0000
8.4250,55.9751,0.0000
8.4750,55.9751,0.0000
8.5250,55.9751,0.0000
8.5750,55.9751,0.0000
8.6250,55.9751,0.0000
8.6750,55.9751,0.0000
8.7250,55.9751,0.0000
8.7750,55.9751,0.0000
8.8250,55.9751,0.0000
8.8750,55.9751,0.0000
8.9250,55.9751,0.0000
8.9750,55.9751,0.0000
9.0250,55.9751,0.0000
9.0750,55.9751,0.0000
9.1250,55.9751,0.0000
9.1750,55.9751,0.0000
9.2250,55.9751,0.0000
9.2750,55.9751,0.0000
9.3250,55.9751,0.0000
9.3750,55.9751,0.0000
9.4250,55.9751,0.0000
9.4750,55.9751,0.0000
9.5250,55.9751,0.0000
9.5750,55.9751,0.0000
9.6250,55.9751,0.0000
9.6750,55.9751,0.0000
9.7250,55.9751,0.0000
9.7750,55.9751,0.0000
9.8250,55.9751,0.0000
9.8750,55.9751,0.0000
9.9250,55.9751,0.0000
9.9750,55.9751,0.0000
10.0250,55.9751,0.0000
10.0750,55.9751,0.0000
10.1250,55.9751,0.0000
10.1750,55.9751,0.0000
10.2250,55.9751,0.0000
10.2750,55.9751,0.0000
10.4250,55.9751,0.0000
10.4750,55.9751,0.0000
10.5250,55.9751,0.0000
10.5750,55.9751,0.0000
10.7250,55.9751,0.0000
10.7750,55.9751,0.0000
11.2750,55.9751,0.0000
11.3250,55.9751,0.0000
11.3750,55.9751,0.0000
11.4250,55.9751,0.0000
11.4750,55.9751,0.0035
11.5250,55.9751,0.0051
11.5750,55.9751,0.0051
11.6250,55.9751,0.0051
11.6750,55.9751,0.0053
11.7250,55.9751,0.0053
11.7750,55.9751,0.0053
11.8250,55.9751,0.0059
11.8750,55.9751,0.0059
11.9250,55.9751,0.0059
11.9750,55.9751,0.0059
12.0250,55.9751,0.0060
12.0750,55.9751,0.0060
12.1250,55.9751,0.0061
12.1750,55.9751,0.0064
12.2250,55.9751,0.0064
12.2750,55.9751,0.0065
12.3250,55.9751,0.0065
12.3750,55.9751,0.0066
12.4250,55.9751,0.0066
12.4750,55.9751,0.0068
12.5250,55.9751,0.0068
12.5750,55.9751,0.0071
12.7250,55.9751,0.0075
12.7750,55.9751,0.0077
12.8250,55.9751,0.0075
12.8750,55.9751,0.0075
12.9250,55.9751,0.0077
12.9750,55.9751,0.0079
13.0250,55.9751,0.0080
13.0750,55.9751,0.0082
13.1250,55.9751,0.0082
13.1750,55.9751,0.0083
13.2250,55.9751,0.0083
13.2750,55.9751,0.0085
13.3250,55.9751,0.0085
13.3750,55.9751,0.0087
13.4250,55.9751,0.0092
13.4750,55.9751,0.0092
13.5250,55.9751,0.0095
13.5750,55.9751,0.0095
13.6250,55.9751,0.0098
13.6750,55.9751,0.0098
13.7250,55.9751,0.0101
13.7750,55.9751,0.0100
13.8250,55.9751,0.0105
13.8750,55.9751,0.0108
13.9250,55.9751,0.0108
13.9750,55.9751,0.0111
14.0250,55.9751,0.0111
14.0750,55.9751,0.0116
14.1250,55.9751,0.0116
14.1750,55.9751,0.0123
14.2250,55.9751,0.0120
14.2750,55.9751,0.0127
14.3250,55.9751,0.0131
14.3750,55.9751,0.0131
14.4250,55.9751,0.0136
14.4750,55.9751,0.0136
14.6750,55.9751,0.0146
8.1250,55.9251,0.0000
8.1750,55.9251,0.0000
8.2250,55.9251,0.0000
8.3750,55.9251,0.0000
8.4250,55.9251,0.0000
8.4750,55.9251,0.0000
8.5250,55.9251,0.0000
8.5750,55.9251,0.0000
8.6250,55.9251,0.0000
8.6750,55.9251,0.0000
8.7250,55.9251,0.0000
8.7750,55.9251,0.0000
8.8250,55.9251,0.0000
8.8750,55.9251,0.0000
8.9250,55.9251,0.0000
8.9750,55.9251,0.0000
9.0250,55.9251,0.0000
9.0750,55.9251,0.0000
9.1250,55.9251,0.0000
9.1750,55.9251,0.0000
9.2250,55.9251,0.0000
9.2750,55.9251,0.0000
9.3250,55.9251,0.0000
9.3750,55.9251,0.0000
9.4250,55.9251,0.0000
9.4750,55.9251,0.0000
9.5250,55.9251,0.0000
9.5750,55.9251,0.0000
9.6250,55.9251,0.0000
9.6750,55.9251,0.0000
9.7250,55.9251,0.0000
9.7750,55.9251,0.0000
9.8250,55.9251,0.0000
9.8750,55.9251,0.0000
9.9250,55.9251,0.0000
9.9750,55.9251,0.0000
10.0250,55.9251,0.0000
10.0750,55.9251,0.0000
10.1250,55.9251,0.0000
10.1750,55.9251,0.0000
10.2250,55.9251,0.0000
10.2750,55.9251,0.0000
10.5250,55.9251,0.0000
10.5750,55.9251,0.0000
10.6250,55.9251,0.0000
10.6750,55.9251,0.0000
10.7250,55.9251,0.0000
10.7750,55.9251,0.0000
11.0750,55.9251,0.0000
11.1250,55.9251,0.0000
11.1750,55.9251,0.0000
11.4750,55.9251,0.0000
11.5250,55.9251,0.0000
11.5750,55.9251,0.0051
11.6250,55.9251,0.0050
11.6750,55.9251,0.0053
11.7250,55.9251,0.0053
11.7750,55.9251,0.0053
11.8750,55.9251,0.0059
11.9250,55.9251,0.0058
11.9750,55.9251,0.0058
12.0250,55.9251,0.0059
12.0750,55.9251,0.0059
12.1250,55.9251,0.0061
12.1750,55.9251,0.0060
12.2250,55.9251,0.0063
12.2750,55.9251,0.0061
12.3250,55.9251,0.0064
12.3750,55.9251,0.0065
12.4250,55.9251,0.0065
12.4750,55.9251,0.0067
12.5250,55.9251,0.0066
12.6750,55.9251,0.0075
12.7250,55.9251,0.0075
12.7750,55.9251,0.0075
12.8250,55.9251,0.0074
12.8750,55.9251,0.0074
12.9250,55.9251,0.0077
12.9750,55.9251,0.0076
13.0250,55.9251,0.0079
13.0750,55.9251,0.0077
13.1250,55.9251,0.0080
13.1750,55.9251,0.0079
13.2250,55.9251,0.0082
13.2750,55.9251,0.0084
13.3250,55.9251,0.0083
13.3750,55.9251,0.0087
13.4250,55.9251,0.0085
13.4750,55.9251,0.0090
13.5250,55.9251,0.0088
13.5750,55.9251,0.0093
13.6250,55.9251,0.0092
13.6750,55.9251,0.0095
13.7250,55.9251,0.0100
13.7750,55.9251,0.0098
13.8250,55.9251,0.0103
13.8750,55.9251,0.0101
13.9250,55.9251,0.0106
13.9750,55.9251,0.0105
14.0250,55.9251,0.0109
14.0750,55.9251,0.0112
14.1250,55.9251,0.0113
14.1750,55.9251,0.0120
14.2250,55.9251,0.0117
14.2750,55.9251,0.0125
14.3250,55.9251,0.0125
8.1750,55.8751,0.0000
8.2250,55.8751,0.0000
8.2750,55.8751,0.0000
8.3250,55.8751,0.0000
8.3750,55.8751,0.0000
8.4250,55.8751,0.0000
8.4750,55.8751,0.0000
8.5250,55.8751,0.0000
8.5750,55.8751,0.0000
8.6250,55.8751,0.0000
8.6750,55.8751,0.0000
8.7250,55.8751,0.0000
8.7750,55.8751,0.0000
8.8250,55.8751,0.0000
8.8750,55.8751,0.0000
8.9250,55.8751,0.0000
8.9750,55.8751,0.0000
9.0250,55.8751,0.0000
9.0750,55.8751,0.0000
9.1250,55.8751,0.0000
9.1750,55.8751,0.0000
9.2250,55.8751,0.0000
9.2750,55.8751,0.0000
9.3250,55.8751,0.0000
9.3750,55.8751,0.0000
9.4250,55.8751,0.0000
9.4750,55.8751,0.0000
9.5250,55.8751,0.0000
9.5750,55.8751,0.0000
9.6250,55.8751,0.0000
9.6750,55.8751,0.0000
9.7250,55.8751,0.0000
9.7750,55.8751,0.0000
9.8250,55.8751,0.0000
9.8750,55.8751,0.0000
9.9250,55.8751,0.0000
9.9750,55.8751,0.0000
10.0250,55.8751,0.0000
10.0750,55.8751,0.0000
10.1250,55.8751,0.0000
10.1750,55.8751,0.0000
10.2250,55.8751,0.0000
10.5250,55.8751,0.0000
10.5750,55.8751,0.0000
10.6250,55.8751,0.0000
10.6750,55.8751,0.0000
11.1250,55.8751,0.0000
11.1750,55.8751,0.0000
11.2250,55.8751,0.0000
11.3750,55.8751,0.0000
11.4250,55.8751,0.0000
11.4750,55.8751,0.0000
11.5250,55.8751,0.0000
11.5750,55.8751,0.0000
11.6250,55.8751,0.0000
11.6750,55.8751,0.0000
11.7250,55.8751,0.0023
11.9250,55.8751,0.0057
11.9750,55.8751,0.0057
12.0250,55.8751,0.0057
12.0750,55.8751,0.0058
12.1250,55.8751,0.0058
12.1750,55.8751,0.0059
12.2250,55.8751,0.0061
12.2750,55.8751,0.0060
12.3250,55.8751,0.0063
12.3750,55.8751,0.0063
12.4250,55.8751,0.0064
12.4750,55.8751,0.0064
12.5250,55.8751,0.0065
12.5750,55.8751,0.0065
12.6750,55.8751,0.0064
12.7250,55.8751,0.0075
12.8250,55.8751,0.0074
12.8750,55.8751,0.0073
12.9250,55.8751,0.0073
12.9750,55.8751,0.0074
13.0250,55.8751,0.0077
13.0750,55.8751,0.0076
13.1250,55.8751,0.0079
13.1750,55.8751,0.0079
13.2250,55.8751,0.0081
13.2750,55.8751,0.0081
13.3250,55.8751,0.0082
13.3750,55.8751,0.0082
13.4250,55.8751,0.0084
13.4750,55.8751,0.0088
13.5250,55.8751,0.0086
13.5750,55.8751,0.0091
13.6250,55.8751,0.0091
13.6750,55.8751,0.0093
13.7250,55.8751,0.0093
13.7750,55.8751,0.0096
13.8250,55.8751,0.0096
13.8750,55.8751,0.0099
13.9250,55.8751,0.0104
13.9750,55.8751,0.0104
14.0250,55.8751,0.0107
14.0750,55.8751,0.0107
14.1250,55.8751,0.0110
14.1750,55.8751,0.0110
14.2250,55.8751,0.0117
14.2750,55.8751,0.0118
8.1750,55.8251,0.0000
8.2250,55.8251,0.0000
8.2750,55.8251,0.0000
8.3250,55.8251,0.0000
8.3750,55.8251,0.0000
8.4250,55.8251,0.0000
8.4750,55.8251,0.0000
8.5250,55.8251,0.0000
8.5750,55.8251,0.0000
8.6250,55.8251,0.0000
8.6750,55.8251,0.0000
8.7250,55.8251,0.0000
8.7750,55.8251,0.0000
8.8250,55.8251,0.0000
8.8750,55.8251,0.0000
8.9250,55.8251,0.0000
8.9750,55.8251,0.0000
9.0250,55.8251,0.0000
9.0750,55.8251,0.0000
9.1250,55.8251,0.0000
9.1750,55.8251,0.0000
9.2250,55.8251,0.0000
9.2750,55.8251,0.0000
9.3250,55.8251,0.0000
9.3750,55.8251,0.0000
9.4250,55.8251,0.0000
9.4750,55.8251,0.0000
9.5250,55.8251,0.0000
9.5750,55.8251,0.0000
9.6250,55.8251,0.0000
9.6750,55.8251,0.0000
9.7250,55.8251,0.0000
9.7750,55.8251,0.0000
9.8250,55.8251,0.0000
9.8750,55.8251,0.0000
9.9250,55.8251,0.0000
9.9750,55.8251,0.0000
10.0250,55.8251,0.0000
10.0750,55.8251,0.0000
10.1250,55.8251,0.0000
10.1750,55.8251,0.0000
10.5250,55.8251,0.0000
10.5750,55.8251,0.0000
10.6250,55.8251,0.0000
11.2750,55.8251,0.0000
11.3750,55.8251,0.0000
11.4250,55.8251,0.0000
11.4750,55.8251,0.0000
11.5250,55.8251,0.0000
11.5750,55.8251,0.0000
11.6250,55.8251,0.0000
11.6750,55.8251,0.0000
11.7250,55.8251,0.0000
11.7750,55.8251,0.0001
11.8250,55.8251,0.0050
11.8750,55.8251,0.0051
11.9250,55.8251,0.0053
11.9750,55.8251,0.0055
12.0250,55.8251,0.0056
12.0750,55.8251,0.0057
12.1250,55.8251,0.0057
12.1750,55.8251,0.0059
12.2250,55.8251,0.0058
12.2750,55.8251,0.0060
12.3250,55.8251,0.0060
12.3750,55.8251,0.0062
12.4250,55.8251,0.0063
12.4750,55.8251,0.0063
12.5250,55.8251,0.0064
12.5750,55.8251,0.0064
12.9250,55.8251,0.0070
12.9750,55.8251,0.0073
13.0250,55.8251,0.0073
13.0750,55.8251,0.0076
13.1250,55.8251,0.0075
13.1750,55.8251,0.0078
13.2250,55.8251,0.0077
13.2750,55.8251,0.0079
13.3250,55.8251,0.0081
13.3750,55.8251,0.0081
13.4250,55.8251,0.0083
13.4750,55.8251,0.0083
13.5250,55.8251,0.0086
13.5750,55.8251,0.0084
13.6250,55.8251,0.0089
13.6750,55.8251,0.0090
13.7250,55.8251,0.0091
13.7750,55.8251,0.0095
13.8250,55.8251,0.0094
13.8750,55.8251,0.0099
13.9250,55.8251,0.0097
13.9750,55.8251,0.0102
14.0250,55.8251,0.0100
14.0750,55.8251,0.0105
14.1250,55.8251,0.0109
14.1750,55.8251,0.0108
14.2250,55.8251,0.0108
8.1750,55.7751,0.0000
8.2250,55.7751,0.0000
8.2750,55.7751,0.0000
8.3250,55.7751,0.0000
8.3750,55.7751,0.0000
8.4250,55.7751,0.0000
8.4750,55.7751,0.0000
8.5250,55.7751,0.0000
8.5750,55.7751,0.0000
8.6250,55.7751,0.0000
8.6750,55.7751,0.0000
8.7250,55.7751,0.0000
8.7750,55.7751,0.0000
8.8250,55.7751,0.0000
8.8750,55.7751,0.0000
8.9250,55.7751,0.0000
8.9750,55.7751,0.0000
9.0250,55.7751,0.0000
9.0750,55.7751,0.0000
9.1250,55.7751,0.0000
9.1750,55.7751,0.0000
9.2250,55.7751,0.0000
9.2750,55.7751,0.0000
9.3250,55.7751,0.0000
9.3750,55.7751,0.0000
9.4250,55.7751,0.0000
9.4750,55.7751,0.0000
9.5250,55.7751,0.0000
9.5750,55.7751,0.0000
9.6250,55.7751,0.0000
9.6750,55.7751,0.0000
9.7250,55.7751,0.0000
9.7750,55.7751,0.0000
9.8250,55.7751,0.0000
9.8750,55.7751,0.0000
9.9250,55.7751,0.0000
9.9750,55.7751,0.0000
10.0250,55.7751,0.0000
10.0750,55.7751,0.0000
10.2250,55.7751,0.0000
10.2750,55.7751,0.0000
10.3250,55.7751,0.0000
10.5250,55.7751,0.0000
10.5750,55.7751,0.0000
10.6250,55.7751,0.0000
10.8750,55.7751,0.0000
10.9250,55.7751,0.0000
10.9750,55.7751,0.0000
11.0250,55.7751,0.0000
11.1250,55.7751,0.0000
11.1750,55.7751,0.0000
11.2250,55.7751,0.0000
11.2750,55.7751,0.0000
11.3250,55.7751,0.0000
11.3750,55.7751,0.0000
11.4250,55.7751,0.0000
11.4750,55.7751,0.0000
11.5250,55.7751,0.0000
11.5750,55.7751,0.0000
11.6250,55.7751,0.0000
11.6750,55.7751,0.0000
11.7250,55.7751,0.0000
11.7750,55.7751,0.0000
11.8250,55.7751,0.0050
11.8750,55.7751,0.0050
11.9250,55.7751,0.0053
11.9750,55.7751,0.0052
12.0250,55.7751,0.0055
12.0750,55.7751,0.0055
12.1250,55.7751,0.0056
12.1750,55.7751,0.0056
12.2250,55.7751,0.0058
12.2750,55.7751,0.0060
12.3250,55.7751,0.0059
12.3750,55.7751,0.0061
12.4250,55.7751,0.0060
12.4750,55.7751,0.0062
12.5250,55.7751,0.0062
12.5750,55.7751,0.0063
12.6250,55.7751,0.0063
12.9250,55.7751,0.0070
12.9750,55.7751,0.0070
13.0250,55.7751,0.0072
13.0750,55.7751,0.0075
13.1250,55.7751,0.0074
13.1750,55.7751,0.0076
13.2250,55.7751,0.0075
13.2750,55.7751,0.0078
13.3250,55.7751,0.0078
13.3750,55.7751,0.0080
13.4250,55.7751,0.0080
13.4750,55.7751,0.0081
13.5250,55.7751,0.0084
13.5750,55.7751,0.0083
13.6250,55.7751,0.0086
13.6750,55.7751,0.0086
13.7250,55.7751,0.0089
13.7750,55.7751,0.0089
13.8250,55.7751,0.0092
13.8750,55.7751,0.0093
13.9250,55.7751,0.0095
13.9750,55.7751,0.0100
14.0250,55.7751,0.0099
14.0750,55.7751,0.0103
14.1250,55.7751,0.0103
14.1750,55.7751,0.0106
14.2250,55.7751,0.0106
8.1750,55.7251,0.0000
8.2250,55.7251,0.0000
8.2750,55.7251,0.0000
8.3250,55.7251,0.0000
8.3750,55.7251,0.0000
8.4250,55.7251,0.0000
8.4750,55.7251,0.0000
8.5250,55.7251,0.0000
8.5750,55.7251,0.0000
8.6250,55.7251,0.0000
8.6750,55.7251,0.0000
8.7250,55.7251,0.0000
8.7750,55.7251,0.0000
8.8250,55.7251,0.0000
8.8750,55.7251,0.0000
8.9250,55.7251,0.0000
8.9750,55.7251,0.0000
9.0250,55.7251,0.0000
9.0750,55.7251,0.0000
9.1250,55.7251,0.0000
9.1750,55.7251,0.0000
9.2250,55.7251,0.0000
9.2750,55.7251,0.0000
9.3250,55.7251,0.0000
9.3750,55.7251,0.0000
9.4250,55.7251,0.0000
9.4750,55.7251,0.0000
9.5250,55.7251,0.0000
9.5750,55.7251,0.0000
9.6250,55.7251,0.0000
9.6750,55.7251,0.0000
9.7250,55.7251,0.0000
9.7750,55.7251,0.0000
9.8250,55.7251,0.0000
9.8750,55.7251,0.0000
9.9250,55.7251,0.0000
9.9750,55.7251,0.0000
10.0250,55.7251,0.0000
10.3250,55.7251,0.0000
10.8750,55.7251,0.0000
10.9250,55.7251,0.0000
10.9750,55.7251,0.0000
11.0250,55.7251,0.0000
11.0750,55.7251,0.0000
11.1250,55.7251,0.0000
11.1750,55.7251,0.0000
11.2250,55.7251,0.0000
11.2750,55.7251,0.0000
11.3250,55.7251,0.0000
11.3750,55.7251,0.0000
11.4250,55.7251,0.0000
11.4750,55.7251,0.0000
11.5250,55.7251,0.0000
11.5750,55.7251,0.0000
11.6250,55.7251,0.0000
11.6750,55.7251,0.0000
11.7250,55.7251,0.0000
11.7750,55.7251,0.0000
11.8250,55.7251,0.0010
11.8750,55.7251,0.0010
11.9250,55.7251,0.0000
11.9750,55.7251,0.0052
12.0250,55.7251,0.0051
12.0750,55.7251,0.0053
12.1250,55.7251,0.0055
12.1750,55.7251,0.0055
12.2250,55.7251,0.0057
12.2750,55.7251,0.0057
12.3250,55.7251,0.0058
12.3750,55.7251,0.0058
12.4250,55.7251,0.0060
12.4750,55.7251,0.0061
12.5250,55.7251,0.0061
12.5750,55.7251,0.0062
12.6250,55.7251,0.0062
12.9250,55.7251,0.0070
12.9750,55.7251,0.0071
13.0250,55.7251,0.0071
13.0750,55.7251,0.0071
13.1250,55.7251,0.0072
13.1750,55.7251,0.0072
13.2250,55.7251,0.0075
13.2750,55.7251,0.0076
13.3250,55.7251,0.0077
13.3750,55.7251,0.0079
13.4250,55.7251,0.0079
13.4750,55.7251,0.0080
13.5250,55.7251,0.0080
13.5750,55.7251,0.0083
13.6250,55.7251,0.0082
13.6750,55.7251,0.0085
13.7250,55.7251,0.0087
13.7750,55.7251,0.0087
13.8250,55.7251,0.0090
13.8750,55.7251,0.0090
13.9250,55.7251,0.0094
13.9750,55.7251,0.0093
14.0250,55.7251,0.0098
14.0750,55.7251,0.0097
14.1250,55.7251,0.0101
14.1750,55.7251,0.0105
14.2250,55.7251,0.0103
8.1250,55.6751,0.0000
8.1750,55.6751,0.0000
8.2250,55.6751,0.0000
8.2750,55.6751,0.0000
8.3250,55.6751,0.0000
8.3750,55.6751,0.0000
8.4250,55.6751,0.0000
8.4750,55.6751,0.0000
8.5250,55.6751,0.0000
8.5750,55.6751,0.0000
8.6250,55.6751,0.0000
8.6750,55.6751,0.0000
8.7250,55.6751,0.0000
8.7750,55.6751,0.0000
8.8250,55.6751,0.0000
8.8750,55.6751,0.0000
8.9250,55.6751,0.0000
8.9750,55.6751,0.0000
9.0250,55.6751,0.0000
9.0750,55.6751,0.0000
9.1250,55.6751,0.0000
9.1750,55.6751,0.0000
9.2250,55.6751,0.0000
9.2750,55.6751,0.0000
9.3250,55.6751,0.0000
9.3750,55.6751,0.0000
9.4250,55.6751,0.0000
9.4750,55.6751,0.0000
9.5250,55.6751,0.0000
9.5750,55.6751,0.0000
9.6250,55.6751,0.0000
9.6750,55.6751,0.0000
9.7250,55.6751,0.0000
9.7750,55.6751,0.0000
9.8250,55.6751,0.0000
9.8750,55.6751,0.0000
9.9250,55.6751,0.0000
10.1750,55.6751,0.0000
10.9250,55.6751,0.0000
10.9750,55.6751,0.0000
11.0250,55.6751,0.0000
11.0750,55.6751,0.0000
11.1250,55.6751,0.0000
11.1750,55.6751,0.0000
11.2250,55.6751,0.0000
11.2750,55.6751,0.0000
11.3250,55.6751,0.0000
11.3750,55.6751,0.0000
11.4250,55.6751,0.0000
11.4750,55.6751,0.0000
11.5250,55.6751,0.0000
11.5750,55.6751,0.0000
11.6250,55.6751,0.0000
11.6750,55.6751,0.0000
11.7250,55.6751,0.0000
11.7750,55.6751,0.0000
11.8250,55.6751,0.0000
11.8750,55.6751,0.0000
11.9250,55.6751,0.0000
11.9750,55.6751,0.0051
12.0250,55.6751,0.0000
12.0750,55.6751,0.0053
12.1250,55.6751,0.0051
12.1750,55.6751,0.0054
12.2250,55.6751,0.0054
12.2750,55.6751,0.0055
12.3250,55.6751,0.0058
12.3750,55.6751,0.0056
12.4250,55.6751,0.0059
12.4750,55.6751,0.0058
12.5250,55.6751,0.0060
12.5750,55.6751,0.0059
12.6250,55.6751,0.0061
12.6750,55.6751,0.0061
12.7250,55.6751,0.0060
12.7750,55.6751,0.0060
13.0250,55.6751,0.0066
13.0750,55.6751,0.0069
13.1250,55.6751,0.0072
13.1750,55.6751,0.0071
13.2250,55.6751,0.0074
13.2750,55.6751,0.0072
13.3250,55.6751,0.0076
13.3750,55.6751,0.0074
13.4250,55.6751,0.0077
13.4750,55.6751,0.0077
13.5250,55.6751,0.0079
13.5750,55.6751,0.0082
13.6250,55.6751,0.0081
13.6750,55.6751,0.0084
13.7250,55.6751,0.0082
13.7750,55.6751,0.0085
13.8250,55.6751,0.0085
13.8750,55.6751,0.0089
13.9250,55.6751,0.0092
13.9750,55.6751,0.0092
14.0250,55.6751,0.0097
14.0750,55.6751,0.0095
14.1250,55.6751,0.0100
14.1750,55.6751,0.0099
14.2250,55.6751,0.0103
14.2750,55.6751,0.0103
8.0750,55.6251,0.0000
8.1250,55.6251,0.0000
8.1750,55.6251,0.0000
8.2250,55.6251,0.0000
8.2750,55.6251,0.0000
8.3250,55.6251,0.0000
8.3750,55.6251,0.0000
8.4250,55.6251,0.0000
8.4750,55.6251,0.0000
8.5250,55.6251,0.0000
8.5750,55.6251,0.0000
8.6250,55.6251,0.0000
8.6750,55.6251,0.0000
8.7250,55.6251,0.0000
8.7750,55.6251,0.0000
8.8250,55.6251,0.0000
8.8750,55.6251,0.0000
8.9250,55.6251,0.0000
8.9750,55.6251,0.0000
9.0250,55.6251,0.0000
9.0750,55.6251,0.0000
9.1250,55.6251,0.0000
9.1750,55.6251,0.0000
9.2250,55.6251,0.0000
9.2750,55.6251,0.0000
9.3250,55.6251,0.0000
9.3750,55.6251,0.0000
9.4250,55.6251,0.0000
9.4750,55.6251,0.0000
9.5250,55.6251,0.0000
9.5750,55.6251,0.0000
9.6250,55.6251,0.0000
9.6750,55.6251,0.0000
9.7250,55.6251,0.0000
9.7750,55.6251,0.0000
9.8250,55.6251,0.0000
9.8750,55.6251,0.0000
10.1750,55.6251,0.0000
10.2250,55.6251,0.0000
10.2750,55.6251,0.0000
10.3250,55.6251,0.0000
10.3750,55.6251,0.0000
10.4250,55.6251,0.0000
10.5750,55.6251,0.0000
10.6250,55.6251,0.0000
11.0750,55.6251,0.0000
11.1250,55.6251,0.0000
11.1750,55.6251,0.0000
11.2250,55.6251,0.0000
11.2750,55.6251,0.0000
11.3250,55.6251,0.0000
11.3750,55.6251,0.0000
11.4250,55.6251,0.0000
11.4750,55.6251,0.0000
11.5250,55.6251,0.0000
11.5750,55.6251,0.0000
11.6250,55.6251,0.0000
11.6750,55.6251,0.0000
11.7250,55.6251,0.0000
11.7750,55.6251,0.0000
11.8250,55.6251,0.0000
11.8750,55.6251,0.0000
11.9250,55.6251,0.0000
11.9750,55.6251,0.0000
12.0250,55.6251,0.0000
12.0750,55.6251,0.0041
12.1250,55.6251,0.0051
12.1750,55.6251,0.0053
12.2250,55.6251,0.0053
12.2750,55.6251,0.0054
12.3250,55.6251,0.0054
12.3750,55.6251,0.0056
12.4250,55.6251,0.0058
12.4750,55.6251,0.0058
12.5250,55.6251,0.0059
12.5750,55.6251,0.0059
12.6250,55.6251,0.0060
12.6750,55.6251,0.0060
12.7250,55.6251,0.0060
12.7750,55.6251,0.0060
12.9250,55.6251,0.0063
12.9750,55.6251,0.0066
13.0250,55.6251,0.0066
13.0750,55.6251,0.0068
13.1250,55.6251,0.0068
13.1750,55.6251,0.0069
13.2250,55.6251,0.0069
13.2750,55.6251,0.0071
13.3250,55.6251,0.0074
13.3750,55.6251,0.0074
13.4250,55.6251,0.0076
13.4750,55.6251,0.0076
13.5250,55.6251,0.0078
13.5750,55.6251,0.0078
13.6250,55.6251,0.0079
13.6750,55.6251,0.0079
13.7250,55.6251,0.0082
13.7750,55.6251,0.0084
13.8250,55.6251,0.0084
13.8750,55.6251,0.0087
13.9250,55.6251,0.0087
13.9750,55.6251,0.0090
14.0250,55.6251,0.0090
14.0750,55.6251,0.0095
14.1250,55.6251,0.0096
14.1750,55.6251,0.0098
14.2250,55.6251,0.0101
14.2750,55.6251,0.0101
14.3250,55.6251,0.0100
8.0750,55.5751,0.0000
8.1250,55.5751,0.0000
8.1750,55.5751,0.0000
8.2250,55.5751,0.0000
8.2750,55.5751,0.0000
8.3250,55.5751,0.0000
8.3750,55.5751,0.0000
8.4250,55.5751,0.0000
8.4750,55.5751,0.0000
8.5250,55.5751,0.0000
8.5750,55.5751,0.0000
8.6250,55.5751,0.0000
8.6750,55.5751,0.0000
8.7250,55.5751,0.0000
8.7750,55.5751,0.0000
8.8250,55.5751,0.0000
8.8750,55.5751,0.0000
8.9250,55.5751,0.0000
8.9750,55.5751,0.0000
9.0250,55.5751,0.0000
9.0750,55.5751,0.0000
9.1250,55.5751,0.0000
9.1750,55.5751,0.0000
9.2250,55.5751,0.0000
9.2750,55.5751,0.0000
9.3250,55.5751,0.0000
9.3750,55.5751,0.0000
9.4250,55.5751,0.0000
9.4750,55.5751,0.0000
9.5250,55.5751,0.0000
9.5750,55.5751,0.0000
9.6250,55.5751,0.0000
9.6750,55.5751,0.0000
9.7250,55.5751,0.0000
9.7750,55.5751,0.0000
9.8250,55.5751,0.0000
9.8750,55.5751,0.0000
10.0250,55.5751,0.0000
10.0750,55.5751,0.0000
10.1250,55.5751,0.0000
10.1750,55.5751,0.0000
10.2250,55.5751,0.0000
10.2750,55.5751,0.0000
10.3250,55.5751,0.0000
10.3750,55.5751,0.0000
10.4250,55.5751,0.0000
10.4750,55.5751,0.0000
10.5250,55.5751,0.0000
10.5750,55.5751,0.0000
10.6250,55.5751,0.0000
10.6750,55.5751,0.0000
10.7250,55.5751,0.0000
11.1250,55.5751,0.0000
11.1750,55.5751,0.0000
11.2250,55.5751,0.0000
11.2750,55.5751,0.0000
11.3250,55.5751,0.0000
11.3750,55.5751,0.0000
11.4250,55.5751,0.0000
11.4750,55.5751,0.0000
11.5250,55.5751,0.0000
11.5750,55.5751,0.0000
11.6250,55.5751,0.0000
11.6750,55.5751,0.0000
11.7250,55.5751,0.0000
11.7750,55.5751,0.0000
11.8250,55.5751,0.0000
11.8750,55.5751,0.0000
11.9250,55.5751,0.0000
11.9750,55.5751,0.0000
12.0250,55.5751,0.0000
12.0750,55.5751,0.0000
12.1250,55.5751,0.0000
12.1750,55.5751,0.0000
12.2250,55.5751,0.0051
12.2750,55.5751,0.0052
12.3250,55.5751,0.0054
12.3750,55.5751,0.0056
12.5250,55.5751,0.0057
12.5750,55.5751,0.0057
12.6250,55.5751,0.0057
12.6750,55.5751,0.0060
12.7750,55.5751,0.0060
12.8750,55.5751,0.0063
12.9250,55.5751,0.0063
12.9750,55.5751,0.0062
13.0250,55.5751,0.0065
13.0750,55.5751,0.0063
13.1250,55.5751,0.0066
13.1750,55.5751,0.0068
13.2250,55.5751,0.0068
13.2750,55.5751,0.0071
13.3250,55.5751,0.0069
13.3750,55.5751,0.0073
13.4250,55.5751,0.0071
13.4750,55.5751,0.0075
13.5250,55.5751,0.0075
13.5750,55.5751,0.0076
13.6250,55.5751,0.0079
13.6750,55.5751,0.0078
13.7250,55.5751,0.0081
13.7750,55.5751,0.0080
13.8250,55.5751,0.0083
13.8750,55.5751,0.0082
13.9250,55.5751,0.0085
13.9750,55.5751,0.0089
14.0250,55.5751,0.0088
14.0750,55.5751,0.0093
14.1250,55.5751,0.0091
14.1750,55.5751,0.0096
14.2250,55.5751,0.0095
14.2750,55.5751,0.0099
14.3250,55.5751,0.0099
14.3750,55.5751,0.0098
8.1250,55.5252,0.0000
8.1750,55.5252,0.0000
8.2250,55.5252,0.0000
8.2750,55.5252,0.0000
8.3250,55.5252,0.0000
8.3750,55.5252,0.0000
8.4250,55.5252,0.0000
8.4750,55.5252,0.0000
8.5250,55.5252,0.0000
8.5750,55.5252,0.0000
8.6250,55.5252,0.0000
8.6750,55.5252,0.0000
8.7250,55.5252,0.0000
8.7750,55.5252,0.0000
8.8250,55.5252,0.0000
8.8750,55.5252,0.0000
8.9250,55.5252,0.0000
8.9750,55.5252,0.0000
9.0250,55.5252,0.0000
9.0750,55.5252,0.0000
9.1250,55.5252,0.0000
9.1750,55.5252,0.0000
9.2250,55.5252,0.0000
9.2750,55.5252,0.0000
9.3250,55.5252,0.0000
9.3750,55.5252,0.0000
9.4250,55.5252,0.0000
9.4750,55.5252,0.0000
9.5250,55.5252,0.0000
9.5750,55.5252,0.0000
9.6250,55.5252,0.0000
9.6750,55.5252,0.0000
9.7250,55.5252,0.0000
9.7750,55.5252,0.0000
9.8250,55.5252,0.0000
9.8750,55.5252,0.0000
9.9250,55.5252,0.0000
9.9750,55.5252,0.0000
10.0250,55.5252,0.0000
10.0750,55.5252,0.0000
10.1250,55.5252,0.0000
10.1750,55.5252,0.0000
10.2250,55.5252,0.0000
10.2750,55.5252,0.0000
10.3250,55.5252,0.0000
10.3750,55.5252,0.0000
10.4250,55.5252,0.0000
10.4750,55.5252,0.0000
10.5250,55.5252,0.0000
10.5750,55.5252,0.0000
10.6250,55.5252,0.0000
10.6750,55.5252,0.0000
10.7250,55.5252,0.0000
10.7750,55.5252,0.0000
10.8250,55.5252,0.0000
11.0750,55.5252,0.0000
11.1250,55.5252,0.0000
11.1750,55.5252,0.0000
11.2250,55.5252,0.0000
11.2750,55.5252,0.0000
11.3250,55.5252,0.0000
11.3750,55.5252,0.0000
11.4250,55.5252,0.0000
11.4750,55.5252,0.0000
11.5250,55.5252,0.0000
11.5750,55.5252,0.0000
11.6250,55.5252,0.0000
11.6750,55.5252,0.0000
11.7250,55.5252,0.0000
11.7750,55.5252,0.0000
11.8250,55.5252,0.0000
11.8750,55.5252,0.0000
11.9250,55.5252,0.0000
11.9750,55.5252,0.0000
12.0250,55.5252,0.0000
12.0750,55.5252,0.0000
12.1250,55.5252,0.0000
12.1750,55.5252,0.0000
12.2250,55.5252,0.0001
12.8750,55.5252,0.0062
12.9250,55.5252,0.0062
12.9750,55.5252,0.0061
13.0250,55.5252,0.0063
13.0750,55.5252,0.0063
13.1250,55.5252,0.0065
13.1750,55.5252,0.0065
13.2250,55.5252,0.0066
13.2750,55.5252,0.0066
13.3250,55.5252,0.0068
13.3750,55.5252,0.0071
13.4250,55.5252,0.0070
13.4750,55.5252,0.0073
13.5250,55.5252,0.0073
13.5750,55.5252,0.0075
13.6250,55.5252,0.0075
13.6750,55.5252,0.0077
13.7250,55.5252,0.0078
13.7750,55.5252,0.0079
13.8250,55.5252,0.0082
13.8750,55.5252,0.0082
13.9250,55.5252,0.0084
13.9750,55.5252,0.0084
14.0250,55.5252,0.0086
14.0750,55.5252,0.0086
14.1250,55.5252,0.0090
14.1750,55.5252,0.0094
14.2250,55.5252,0.0095
14.2750,55.5252,0.0098
14.3250,55.5252,0.0098
14.3750,55.5252,0.0098
8.2750,55.4752,0.0000
8.3250,55.4752,0.0000
8.3750,55.4752,0.0000
8.4250,55.4752,0.0000
8.4750,55.4752,0.0000
8.5250,55.4752,0.0000
8.5750,55.4752,0.0000
8.6250,55.4752,0.0000
8.6750,55.4752,0.0000
8.7250,55.4752,0.0000
8.7750,55.4752,0.0000
8.8250,55.4752,0.0000
8.8750,55.4752,0.0000
8.9250,55.4752,0.0000
8.9750,55.4752,0.0000
9.0250,55.4752,0.0000
9.0750,55.4752,0.0000
9.1250,55.4752,0.0000
9.1750,55.4752,0.0000
9.2250,55.4752,0.0000
9.2750,55.4752,0.0000
9.3250,55.4752,0.0000
9.3750,55.4752,0.0000
9.4250,55.4752,0.0000
9.4750,55.4752,0.0000
9.5250,55.4752,0.0000
9.5750,55.4752,0.0000
9.6250,55.4752,0.0000
9.6750,55.4752,0.0000
9.7250,55.4752,0.0000
9.7750,55.4752,0.0000
9.8250,55.4752,0.0000
9.8750,55.4752,0.0000
9.9250,55.4752,0.0000
9.9750,55.4752,0.0000
10.0250,55.4752,0.0000
10.0750,55.4752,0.0000
10.1250,55.4752,0.0000
10.1750,55.4752,0.0000
10.2250,55.4752,0.0000
10.2750,55.4752,0.0000
10.3250,55.4752,0.0000
10.3750,55.4752,0.0000
10.4250,55.4752,0.0000
10.4750,55.4752,0.0000
10.5250,55.4752,0.0000
10.5750,55.4752,0.0000
10.6250,55.4752,0.0000
10.6750,55.4752,0.0000
10.7250,55.4752,0.0000
11.0750,55.4752,0.0000
11.1750,55.4752,0.0000
11.2250,55.4752,0.0000
11.2750,55.4752,0.0000
11.3250,55.4752,0.0000
11.3750,55.4752,0.0000
11.4250,55.4752,0.0000
11.4750,55.4752,0.0000
11.5250,55.4752,0.0000
11.5750,55.4752,0.0000
11.6250,55.4752,0.0000
11.6750,55.4752,0.0000
11.7250,55.4752,0.0000
11.7750,55.4752,0.0000
11.8250,55.4752,0.0000
11.8750,55.4752,0.0000
11.9250,55.4752,0.0000
11.9750,55.4752,0.0000
12.0250,55.4752,0.0000
12.0750,55.4752,0.0000
12.1250,55.4752,0.0000
12.1750,55.4752,0.0000
12.2250,55.4752,0.0000
12.9250,55.4752,0.0058
12.9750,55.4752,0.0061
13.0250,55.4752,0.0060
13.0750,55.4752,0.0062
13.1250,55.4752,0.0062
13.1750,55.4752,0.0063
13.2250,55.4752,0.0065
13.2750,55.4752,0.0065
13.3250,55.4752,0.0067
13.3750,55.4752,0.0066
13.4250,55.4752,0.0070
13.4750,55.4752,0.0068
13.5250,55.4752,0.0072
13.5750,55.4752,0.0074
13.6250,55.4752,0.0074
13.6750,55.4752,0.0076
13.7250,55.4752,0.0076
13.7750,55.4752,0.0079
13.8250,55.4752,0.0078
13.8750,55.4752,0.0081
13.9250,55.4752,0.0080
13.9750,55.4752,0.0083
14.0250,55.4752,0.0085
14.0750,55.4752,0.0085
14.1250,55.4752,0.0090
14.1750,55.4752,0.0088
14.2250,55.4752,0.0093
14.2750,55.4752,0.0093
14.3250,55.4752,0.0098
8.3750,55.4252,0.0000
8.4250,55.4252,0.0000
8.4750,55.4252,0.0000
8.5750,55.4252,0.0000
8.6250,55.4252,0.0000
8.6750,55.4252,0.0000
8.7250,55.4252,0.0000
8.7750,55.4252,0.0000
8.8250,55.4252,0.0000
8.8750,55.4252,0.0000
8.9250,55.4252,0.0000
8.9750,55.4252,0.0000
9.0250,55.4252,0.0000
9.0750,55.4252,0.0000
9.1250,55.4252,0.0000
9.1750,55.4252,0.0000
9.2250,55.4252,0.0000
9.2750,55.4252,0.0000
9.3250,55.4252,0.0000
9.3750,55.4252,0.0000
9.4250,55.4252,0.0000
9.4750,55.4252,0.0000
9.5250,55.4252,0.0000
9.5750,55.4252,0.0000
9.6250,55.4252,0.0000
9.6750,55.4252,0.0000
9.7250,55.4252,0.0000
9.7750,55.4252,0.0000
9.8250,55.4252,0.0000
9.8750,55.4252,0.0000
9.9250,55.4252,0.0000
9.9750,55.4252,0.0000
10.0250,55.4252,0.0000
10.0750,55.4252,0.0000
10.1250,55.4252,0.0000
10.1750,55.4252,0.0000
10.2250,55.4252,0.0000
10.2750,55.4252,0.0000
10.3250,55.4252,0.0000
10.3750,55.4252,0.0000
10.4250,55.4252,0.0000
10.4750,55.4252,0.0000
10.5250,55.4252,0.0000
10.5750,55.4252,0.0000
10.6250,55.4252,0.0000
10.6750,55.4252,0.0000
10.7250,55.4252,0.0000
10.7750,55.4252,0.0000
11.1750,55.4252,0.0000
11.2250,55.4252,0.0000
11.2750,55.4252,0.0000
11.3250,55.4252,0.0000
11.3750,55.4252,0.0000
11.4250,55.4252,0.0000
11.4750,55.4252,0.0000
11.5250,55.4252,0.0000
11.5750,55.4252,0.0000
11.6250,55.4252,0.0000
11.6750,55.4252,0.0000
11.7250,55.4252,0.0000
11.7750,55.4252,0.0000
11.8250,55.4252,0.0000
11.8750,55.4252,0.0000
11.9250,55.4252,0.0000
11.9750,55.4252,0.0000
12.0250,55.4252,0.0000
12.0750,55.4252,0.0000
12.1250,55.4252,0.0000
12.1750,55.4252,0.0000
12.2250,55.4252,0.0000
12.2750,55.4252,0.0000
12.3250,55.4252,0.0000
12.3750,55.4252,0.0000
12.8250,55.4252,0.0057
12.8750,55.4252,0.0057
12.9250,55.4252,0.0057
12.9750,55.4252,0.0059
13.0250,55.4252,0.0059
13.0750,55.4252,0.0061
13.1250,55.4252,0.0060
13.1750,55.4252,0.0062
13.2250,55.4252,0.0062
13.2750,55.4252,0.0064
13.3250,55.4252,0.0064
13.3750,55.4252,0.0065
13.4250,55.4252,0.0068
13.4750,55.4252,0.0067
13.5250,55.4252,0.0071
13.5750,55.4252,0.0071
13.6250,55.4252,0.0073
13.6750,55.4252,0.0073
13.7250,55.4252,0.0076
13.7750,55.4252,0.0078
13.8250,55.4252,0.0078
13.8750,55.4252,0.0080
13.9250,55.4252,0.0080
13.9750,55.4252,0.0082
14.0250,55.4252,0.0082
14.0750,55.4252,0.0084
14.1250,55.4252,0.0084
14.1750,55.4252,0.0086
14.2250,55.4252,0.0086
8.4250,55.3752,0.0000
8.4750,55.3752,0.0000
8.5250,55.3752,0.0000
8.6250,55.3752,0.0000
8.6750,55.3752,0.0000
8.7250,55.3752,0.0000
8.7750,55.3752,0.0000
8.8250,55.3752,0.0000
8.8750,55.3752,0.0000
8.9250,55.3752,0.0000
8.9750,55.3752,0.0000
9.0250,55.3752,0.0000
9.0750,55.3752,0.0000
9.1250,55.3752,0.0000
9.1750,55.3752,0.0000
9.2250,55.3752,0.0000
9.2750,55.3752,0.0000
9.3250,55.3752,0.0000
9.3750,55.3752,0.0000
9.4250,55.3752,0.0000
9.4750,55.3752,0.0000
9.5250,55.3752,0.0000
9.5750,55.3752,0.0000
9.6250,55.3752,0.0000
9.6750,55.3752,0.0000
9.7250,55.3752,0.0000
9.7750,55.3752,0.0000
9.8250,55.3752,0.0000
9.8750,55.3752,0.0000
9.9250,55.3752,0.0000
9.9750,55.3752,0.0000
10.0250,55.3752,0.0000
10.0750,55.3752,0.0000
10.1250,55.3752,0.0000
10.1750,55.3752,0.0000
10.2250,55.3752,0.0000
10.2750,55.3752,0.0000
10.3250,55.3752,0.0000
10.3750,55.3752,0.0000
10.4250,55.3752,0.0000
10.4750,55.3752,0.0000
10.5250,55.3752,0.0000
10.5750,55.3752,0.0000
10.6250,55.3752,0.0000
10.6750,55.3752,0.0000
10.7250,55.3752,0.0000
10.7750,55.3752,0.0000
10.8250,55.3752,0.0000
11.0750,55.3752,0.0000
11.1250,55.3752,0.0000
11.1750,55.3752,0.0000
11.2250,55.3752,0.0000
11.2750,55.3752,0.0000
11.3250,55.3752,0.0000
11.3750,55.3752,0.0000
11.4250,55.3752,0.0000
11.4750,55.3752,0.0000
11.5250,55.3752,0.0000
11.5750,55.3752,0.0000
11.6250,55.3752,0.0000
11.6750,55.3752,0.0000
11.7250,55.3752,0.0000
11.7750,55.3752,0.0000
11.8250,55.3752,0.0000
11.8750,55.3752,0.0000
11.9250,55.3752,0.0000
11.9750,55.3752,0.0000
12.0250,55.3752,0.0000
12.0750,55.3752,0.0000
12.1250,55.3752,0.0000
12.1750,55.3752,0.0000
12.2250,55.3752,0.0000
12.2750,55.3752,0.0000
12.3250,55.3752,0.0000
12.3750,55.3752,0.0000
12.4250,55.3752,0.0000
12.8250,55.3752,0.0057
12.8750,55.3752,0.0057
12.9250,55.3752,0.0057
12.9750,55.3752,0.0058
13.0250,55.3752,0.0059
13.0750,55.3752,0.0060
13.1250,55.3752,0.0060
13.1750,55.3752,0.0061
13.2250,55.3752,0.0061
13.2750,55.3752,0.0063
13.3250,55.3752,0.0063
13.3750,55.3752,0.0064
13.4250,55.3752,0.0064
13.4750,55.3752,0.0067
13.5250,55.3752,0.0067
13.5750,55.3752,0.0071
14.0250,55.3752,0.0082
14.0750,55.3752,0.0084
14.1250,55.3752,0.0084
14.1750,55.3752,0.0086
14.2250,55.3752,0.0086
8.4250,55.3252,0.0000
8.4750,55.3252,0.0000
8.5250,55.3252,0.0000
8.5750,55.3252,0.0000
8.6750,55.3252,0.0000
8.7250,55.3252,0.0000
8.7750,55.3252,0.0000
8.8250,55.3252,0.0000
8.8750,55.3252,0.0000
8.9250,55.3252,0.0000
8.9750,55.3252,0.0000
9.0250,55.3252,0.0000
9.0750,55.3252,0.0000
9.1250,55.3252,0.0000
9.1750,55.3252,0.0000
9.2250,55.3252,0.0000
9.2750,55.3252,0.0000
9.3250,55.3252,0.0000
9.3750,55.3252,0.0000
9.4250,55.3252,0.0000
9.4750,55.3252,0.0000
9.5250,55.3252,0.0000
9.5750,55.3252,0.0000
9.6250,55.3252,0.0000
9.6750,55.3252,0.0000
9.7750,55.3252,0.0000
9.8250,55.3252,0.0000
9.8750,55.3252,0.0000
9.9250,55.3252,0.0000
9.9750,55.3252,0.0000
10.0250,55.3252,0.0000
10.0750,55.3252,0.0000
10.1250,55.3252,0.0000
10.1750,55.3252,0.0000
10.2250,55.3252,0.0000
10.2750,55.3252,0.0000
10.3250,55.3252,0.0000
10.3750,55.3252,0.0000
10.4250,55.3252,0.0000
10.4750,55.3252,0.0000
10.5250,55.3252,0.0000
10.5750,55.3252,0.0000
10.6250,55.3252,0.0000
10.6750,55.3252,0.0000
10.7250,55.3252,0.0000
10.7750,55.3252,0.0000
10.8250,55.3252,0.0000
10.8750,55.3252,0.0000
10.9250,55.3252,0.0000
10.9750,55.3252,0.0000
11.1250,55.3252,0.0000
11.1750,55.3252,0.0000
11.2250,55.3252,0.0000
11.2750,55.3252,0.0000
11.3250,55.3252,0.0000
11.3750,55.3252,0.0000
11.4250,55.3252,0.0000
11.4750,55.3252,0.0000
11.5250,55.3252,0.0000
11.5750,55.3252,0.0000
11.6250,55.3252,0.0000
11.6750,55.3252,0.0000
11.7250,55.3252,0.0000
11.7750,55.3252,0.0000
11.8250,55.3252,0.0000
11.8750,55.3252,0.0000
11.9250,55.3252,0.0000
11.9750,55.3252,0.0000
12.0250,55.3252,0.0000
12.0750,55.3252,0.0000
12.1250,55.3252,0.0000
12.1750,55.3252,0.0000
12.2250,55.3252,0.0000
12.2750,55.3252,0.0000
12.3250,55.3252,0.0000
12.3750,55.3252,0.0000
12.4250,55.3252,0.0000
12.4750,55.3252,0.0000
13.2750,55.3252,0.0063
13.3250,55.3252,0.0063
13.3750,55.3252,0.0064
14.7750,55.3252,0.0103
15.1750,55.3252,0.0127
8.4750,55.2752,0.0000
8.5250,55.2752,0.0000
8.5750,55.2752,0.0000
8.6250,55.2752,0.0000
8.6750,55.2752,0.0000
8.7250,55.2752,0.0000
8.7750,55.2752,0.0000
8.8250,55.2752,0.0000
8.8750,55.2752,0.0000
8.9250,55.2752,0.0000
8.9750,55.2752,0.0000
9.0250,55.2752,0.0000
9.0750,55.2752,0.0000
9.1250,55.2752,0.0000
9.1750,55.2752,0.0000
9.2250,55.2752,0.0000
9.2750,55.2752,0.0000
9.3250,55.2752,0.0000
9.3750,55.2752,0.0000
9.4250,55.2752,0.0000
9.4750,55.2752,0.0000
9.5250,55.2752,0.0000
9.5750,55.2752,0.0000
9.6250,55.2752,0.0000
9.6750,55.2752,0.0000
9.7250,55.2752,0.0000
9.7750,55.2752,0.0000
9.8750,55.2752,0.0000
9.9250,55.2752,0.0000
9.9750,55.2752,0.0000
10.0250,55.2752,0.0000
10.0750,55.2752,0.0000
10.1250,55.2752,0.0000
10.1750,55.2752,0.0000
10.2250,55.2752,0.0000
10.2750,55.2752,0.0000
10.3250,55.2752,0.0000
10.3750,55.2752,0.0000
10.4250,55.2752,0.0000
10.4750,55.2752,0.0000
10.5250,55.2752,0.0000
10.5750,55.2752,0.0000
10.6250,55.2752,0.0000
10.6750,55.2752,0.0000
10.7250,55.2752,0.0000
10.7750,55.2752,0.0000
10.8250,55.2752,0.0000
10.8750,55.2752,0.0000
11.1750,55.2752,0.0000
11.2250,55.2752,0.0000
11.2750,55.2752,0.0000
11.3250,55.2752,0.0000
11.3750,55.2752,0.0000
11.4250,55.2752,0.0000
11.4750,55.2752,0.0000
11.5250,55.2752,0.0000
11.5750,55.2752,0.0000
11.6250,55.2752,0.0000
11.6750,55.2752,0.0000
11.7250,55.2752,0.0000
11.7750,55.2752,0.0000
11.8250,55.2752,0.0000
11.8750,55.2752,0.0000
11.9250,55.2752,0.0000
11.9750,55.2752,0.0000
12.0250,55.2752,0.0000
12.0750,55.2752,0.0000
12.1250,55.2752,0.0000
12.1750,55.2752,0.0000
12.2250,55.2752,0.0000
12.2750,55.2752,0.0000
12.3250,55.2752,0.0000
12.3750,55.2752,0.0000
12.4250,55.2752,0.0000
12.4750,55.2752,0.0000
14.7250,55.2752,0.0103
14.7750,55.2752,0.0103
14.8250,55.2752,0.0101
14.8750,55.2752,0.0104
8.4250,55.2252,0.0000
8.4750,55.2252,0.0000
8.5250,55.2252,0.0000
8.5750,55.2252,0.0000
8.6750,55.2252,0.0000
8.7250,55.2252,0.0000
8.7750,55.2252,0.0000
8.8250,55.2252,0.0000
8.8750,55.2252,0.0000
8.9250,55.2252,0.0000
8.9750,55.2252,0.0000
9.0250,55.2252,0.0000
9.0750,55.2252,0.0000
9.1250,55.2252,0.0000
9.1750,55.2252,0.0000
9.2250,55.2252,0.0000
9.2750,55.2252,0.0000
9.3250,55.2252,0.0000
9.3750,55.2252,0.0000
9.4250,55.2252,0.0000
9.4750,55.2252,0.0000
9.5250,55.2252,0.0000
9.5750,55.2252,0.0000
9.6250,55.2252,0.0000
9.6750,55.2252,0.0000
9.7250,55.2252,0.0000
9.8750,55.2252,0.0000
9.9250,55.2252,0.0000
9.9750,55.2252,0.0000
10.0250,55.2252,0.0000
10.0750,55.2252,0.0000
10.1250,55.2252,0.0000
10.1750,55.2252,0.0000
10.2250,55.2252,0.0000
10.2750,55.2252,0.0000
10.3250,55.2252,0.0000
10.3750,55.2252,0.0000
10.4250,55.2252,0.0000
10.4750,55.2252,0.0000
10.5250,55.2252,0.0000
10.5750,55.2252,0.0000
10.6250,55.2252,0.0000
10.6750,55.2252,0.0000
10.7250,55.2252,0.0000
10.7750,55.2252,0.0000
10.8250,55.2252,0.0000
10.8750,55.2252,0.0000
11.1750,55.2252,0.0000
11.2250,55.2252,0.0000
11.2750,55.2252,0.0000
11.3250,55.2252,0.0000
11.3750,55.2252,0.0000
11.4250,55.2252,0.0000
11.4750,55.2252,0.0000
11.5250,55.2252,0.0000
11.5750,55.2252,0.0000
11.6250,55.2252,0.0000
11.6750,55.2252,0.0000
11.7250,55.2252,0.0000
11.7750,55.2252,0.0000
11.8250,55.2252,0.0000
11.8750,55.2252,0.0000
11.9250,55.2252,0.0000
11.9750,55.2252,0.0000
12.0250,55.2252,0.0000
12.0750,55.2252,0.0000
12.1250,55.2252,0.0000
12.1750,55.2252,0.0000
12.2250,55.2252,0.0000
12.2750,55.2252,0.0000
12.3250,55.2252,0.0000
12.3750,55.2252,0.0000
14.7250,55.2252,0.0097
14.7750,55.2252,0.0101
14.8250,55.2252,0.0100
14.8750,55.2252,0.0104
14.9250,55.2252,0.0104
14.9750,55.2252,0.0107
8.4750,55.1752,0.0000
8.5250,55.1752,0.0000
8.5750,55.1752,0.0000
8.6250,55.1752,0.0000
8.6750,55.1752,0.0000
8.7250,55.1752,0.0000
8.7750,55.1752,0.0000
8.8250,55.1752,0.0000
8.8750,55.1752,0.0000
8.9250,55.1752,0.0000
8.9750,55.1752,0.0000
9.0250,55.1752,0.0000
9.0750,55.1752,0.0000
9.1250,55.1752,0.0000
9.1750,55.1752,0.0000
9.2250,55.1752,0.0000
9.2750,55.1752,0.0000
9.3250,55.1752,0.0000
9.3750,55.1752,0.0000
9.4250,55.1752,0.0000
9.4750,55.1752,0.0000
9.5250,55.1752,0.0000
9.5750,55.1752,0.0000
9.6250,55.1752,0.0000
9.6750,55.1752,0.0000
9.9750,55.1752,0.0000
10.0250,55.1752,0.0000
10.0750,55.1752,0.0000
10.1250,55.1752,0.0000
10.1750,55.1752,0.0000
10.2250,55.1752,0.0000
10.2750,55.1752,0.0000
10.3250,55.1752,0.0000
10.3750,55.1752,0.0000
10.4250,55.1752,0.0000
10.4750,55.1752,0.0000
10.5250,55.1752,0.0000
10.5750,55.1752,0.0000
10.6250,55.1752,0.0000
10.6750,55.1752,0.0000
10.7250,55.1752,0.0000
10.7750,55.1752,0.0000
10.8250,55.1752,0.0000
10.9250,55.1752,0.0000
10.9750,55.1752,0.0000
11.1250,55.1752,0.0000
11.1750,55.1752,0.0000
11.2250,55.1752,0.0000
11.2750,55.1752,0.0000
11.3250,55.1752,0.0000
11.3750,55.1752,0.0000
11.4250,55.1752,0.0000
11.4750,55.1752,0.0000
11.5250,55.1752,0.0000
11.5750,55.1752,0.0000
11.6250,55.1752,0.0000
11.6750,55.1752,0.0000
11.7250,55.1752,0.0000
11.7750,55.1752,0.0000
11.8250,55.1752,0.0000
11.8750,55.1752,0.0000
11.9250,55.1752,0.0000
11.9750,55.1752,0.0000
12.0250,55.1752,0.0000
12.0750,55.1752,0.0000
12.1250,55.1752,0.0000
14.7250,55.1752,0.0095
14.7750,55.1752,0.0099
14.8250,55.1752,0.0100
14.8750,55.1752,0.0103
14.9250,55.1752,0.0103
14.9750,55.1752,0.0105
15.0250,55.1752,0.0105
15.0750,55.1752,0.0108
15.1250,55.1752,0.0108
8.4750,55.1252,0.0000
8.5250,55.1252,0.0000
8.5750,55.1252,0.0000
8.6750,55.1252,0.0000
8.7250,55.1252,0.0000
8.7750,55.1252,0.0000
8.8250,55.1252,0.0000
8.8750,55.1252,0.0000
8.9250,55.1252,0.0000
8.9750,55.1252,0.0000
9.0250,55.1252,0.0000
9.0750,55.1252,0.0000
9.1250,55.1252,0.0000
9.1750,55.1252,0.0000
9.2250,55.1252,0.0000
9.2750,55.1252,0.0000
9.3250,55.1252,0.0000
9.3750,55.1252,0.0000
9.4250,55.1252,0.0000
9.4750,55.1252,0.0000
9.5250,55.1252,0.0000
9.5750,55.1252,0.0000
9.9750,55.1252,0.0000
10.0250,55.1252,0.0000
10.0750,55.1252,0.0000
10.1250,55.1252,0.0000
10.1750,55.1252,0.0000
10.2250,55.1252,0.0000
10.2750,55.1252,0.0000
10.3250,55.1252,0.0000
10.3750,55.1252,0.0000
10.4250,55.1252,0.0000
10.4750,55.1252,0.0000
10.5250,55.1252,0.0000
10.5750,55.1252,0.0000
10.6250,55.1252,0.0000
10.6750,55.1252,0.0000
10.7250,55.1252,0.0000
10.7750,55.1252,0.0000
10.8750,55.1252,0.0000
10.9250,55.1252,0.0000
10.9750,55.1252,0.0000
11.1250,55.1252,0.0000
11.1750,55.1252,0.0000
11.7250,55.1252,0.0000
11.7750,55.1252,0.0000
11.8250,55.1252,0.0000
11.8750,55.1252,0.0000
11.9250,55.1252,0.0000
11.9750,55.1252,0.0000
12.0250,55.1252,0.0000
12.0750,55.1252,0.0000
12.1250,55.1252,0.0000
12.1750,55.1252,0.0000
14.6750,55.1252,0.0095
14.7250,55.1252,0.0095
14.7750,55.1252,0.0093
14.8250,55.1252,0.0098
14.8750,55.1252,0.0096
14.9250,55.1252,0.0101
14.9750,55.1252,0.0104
15.0250,55.1252,0.0104
15.0750,55.1252,0.0108
15.1250,55.1252,0.0107
15.1750,55.1252,0.0107
8.3750,55.0752,0.0000
8.4250,55.0752,0.0000
8.4750,55.0752,0.0000
8.5250,55.0752,0.0000
8.5750,55.0752,0.0000
8.6250,55.0752,0.0000
8.6750,55.0752,0.0000
8.7250,55.0752,0.0000
8.7750,55.0752,0.0000
8.8250,55.0752,0.0000
8.8750,55.0752,0.0000
8.9250,55.0752,0.0000
8.9750,55.0752,0.0000
9.0250,55.0752,0.0000
9.0750,55.0752,0.0000
9.1250,55.0752,0.0000
9.1750,55.0752,0.0000
9.2250,55.0752,0.0000
9.2750,55.0752,0.0000
9.3250,55.0752,0.0000
9.3750,55.0752,0.0000
9.4250,55.0752,0.0000
9.4750,55.0752,0.0000
9.5250,55.0752,0.0000
9.5750,55.0752,0.0000
9.6250,55.0752,0.0000
9.6750,55.0752,0.0000
9.7250,55.0752,0.0000
9.7750,55.0752,0.0000
9.8250,55.0752,0.0000
9.8750,55.0752,0.0000
10.0750,55.0752,0.0000
10.1250,55.0752,0.0000
10.1750,55.0752,0.0000
10.2250,55.0752,0.0000
10.2750,55.0752,0.0000
10.3250,55.0752,0.0000
10.3750,55.0752,0.0000
10.4250,55.0752,0.0000
10.4750,55.0752,0.0000
10.5250,55.0752,0.0000
10.5750,55.0752,0.0000
10.6250,55.0752,0.0000
10.6750,55.0752,0.0000
10.7250,55.0752,0.0000
10.7750,55.0752,0.0000
10.8250,55.0752,0.0000
10.8750,55.0752,0.0000
10.9250,55.0752,0.0000
11.6250,55.0752,0.0000
11.6750,55.0752,0.0000
11.7250,55.0752,0.0000
11.7750,55.0752,0.0000
11.8250,55.0752,0.0000
11.8750,55.0752,0.0000
11.9250,55.0752,0.0000
11.9750,55.0752,0.0000
12.0250,55.0752,0.0000
12.0750,55.0752,0.0000
12.1250,55.0752,0.0000
12.1750,55.0752,0.0000
12.2250,55.0752,0.0000
12.2750,55.0752,0.0000
14.6750,55.0752,0.0093
14.7250,55.0752,0.0093
14.7750,55.0752,0.0091
14.8250,55.0752,0.0096
14.8750,55.0752,0.0094
14.9250,55.0752,0.0099
14.9750,55.0752,0.0099
15.0250,55.0752,0.0102
15.0750,55.0752,0.0102
15.1250,55.0752,0.0107
15.1750,55.0752,0.0107
8.3750,55.0252,0.0000
8.4250,55.0252,0.0000
8.6250,55.0252,0.0000
8.6750,55.0252,0.0000
8.7250,55.0252,0.0000
8.7750,55.0252,0.0000
8.8250,55.0252,0.0000
8.8750,55.0252,0.0000
8.9250,55.0252,0.0000
8.9750,55.0252,0.0000
9.0250,55.0252,0.0000
9.0750,55.0252,0.0000
9.1250,55.0252,0.0000
9.1750,55.0252,0.0000
9.2250,55.0252,0.0000
9.2750,55.0252,0.0000
9.3250,55.0252,0.0000
9.3750,55.0252,0.0000
9.4250,55.0252,0.0000
9.4750,55.0252,0.0000
9.5250,55.0252,0.0000
9.5750,55.0252,0.0000
9.6250,55.0252,0.0000
9.6750,55.0252,0.0000
9.7250,55.0252,0.0000
9.7750,55.0252,0.0000
9.8250,55.0252,0.0000
9.8750,55.0252,0.0000
9.9250,55.0252,0.0000
9.9750,55.0252,0.0000
10.1250,55.0252,0.0000
10.1750,55.0252,0.0000
10.2250,55.0252,0.0000
10.2750,55.0252,0.0000
10.3250,55.0252,0.0000
10.4250,55.0252,0.0000
10.4750,55.0252,0.0000
10.5250,55.0252,0.0000
10.5750,55.0252,0.0000
10.6250,55.0252,0.0000
10.6750,55.0252,0.0000
10.7250,55.0252,0.0000
10.8250,55.0252,0.0000
10.8750,55.0252,0.0000
10.9250,55.0252,0.0000
11.3250,55.0252,0.0000
11.3750,55.0252,0.0000
11.7750,55.0252,0.0000
11.8250,55.0252,0.0000
11.8750,55.0252,0.0000
11.9250,55.0252,0.0000
11.9750,55.0252,0.0000
12.0250,55.0252,0.0000
12.0750,55.0252,0.0000
12.1250,55.0252,0.0000
12.1750,55.0252,0.0000
12.2250,55.0252,0.0000
12.2750,55.0252,0.0000
12.3250,55.0252,0.0000
12.3750,55.0252,0.0000
12.4250,55.0252,0.0000
12.4750,55.0252,0.0000
12.5250,55.0252,0.0000
14.8250,55.0252,0.0094
14.8750,55.0252,0.0094
14.9250,55.0252,0.0097
14.9750,55.0252,0.0097
15.0250,55.0252,0.0100
15.0750,55.0252,0.0100
15.1250,55.0252,0.0100
8.3250,54.9752,0.0000
8.3750,54.9752,0.0000
8.6750,54.9752,0.0000
8.7250,54.9752,0.0000
8.7750,54.9752,0.0000
8.8250,54.9752,0.0000
8.8750,54.9752,0.0000
8.9250,54.9752,0.0000
8.9750,54.9752,0.0000
9.0250,54.9752,0.0000
9.0750,54.9752,0.0000
9.1250,54.9752,0.0000
9.1750,54.9752,0.0000
9.2250,54.9752,0.0000
9.2750,54.9752,0.0000
9.3250,54.9752,0.0000
9.3750,54.9752,0.0000
9.4250,54.9752,0.0000
9.4750,54.9752,0.0000
9.5250,54.9752,0.0000
9.5750,54.9752,0.0000
9.6250,54.9752,0.0000
9.6750,54.9752,0.0000
9.7250,54.9752,0.0000
9.7750,54.9752,0.0000
9.8250,54.9752,0.0000
9.8750,54.9752,0.0000
9.9250,54.9752,0.0000
9.9750,54.9752,0.0000
10.0250,54.9752,0.0000
10.2250,54.9752,0.0000
10.2750,54.9752,0.0000
10.3750,54.9752,0.0000
10.4250,54.9752,0.0000
10.4750,54.9752,0.0000
10.5250,54.9752,0.0000
10.5750,54.9752,0.0000
10.6250,54.9752,0.0000
10.6750,54.9752,0.0000
10.7250,54.9752,0.0000
10.7750,54.9752,0.0000
10.8250,54.9752,0.0000
10.8750,54.9752,0.0000
11.0750,54.9752,0.0000
11.1250,54.9752,0.0000
11.1750,54.9752,0.0000
11.2250,54.9752,0.0000
11.2750,54.9752,0.0000
11.3250,54.9752,0.0000
11.3750,54.9752,0.0000
11.4250,54.9752,0.0000
11.4750,54.9752,0.0000
11.5250,54.9752,0.0000
11.5750,54.9752,0.0000
11.6750,54.9752,0.0000
11.7250,54.9752,0.0000
11.7750,54.9752,0.0000
11.8250,54.9752,0.0000
11.8750,54.9752,0.0000
11.9750,54.9752,0.0000
12.0250,54.9752,0.0000
12.0750,54.9752,0.0000
12.1250,54.9752,0.0000
12.1750,54.9752,0.0000
12.2250,54.9752,0.0000
12.2750,54.9752,0.0000
12.3250,54.9752,0.0000
12.3750,54.9752,0.0000
12.4250,54.9752,0.0000
12.4750,54.9752,0.0000
12.5250,54.9752,0.0000
12.5750,54.9752,0.0000
15.0750,54.9752,0.0100
8.2750,54.9252,0.0000
8.3250,54.9252,0.0000
8.3750,54.9252,0.0000
8.6250,54.9252,0.0000
8.6750,54.9252,0.0000
8.7250,54.9252,0.0000
8.7750,54.9252,0.0000
8.8250,54.9252,0.0000
8.8750,54.9252,0.0000
8.9250,54.9252,0.0000
8.9750,54.9252,0.0000
9.0250,54.9252,0.0000
9.0750,54.9252,0.0000
9.1250,54.9252,0.0000
9.1750,54.9252,0.0000
9.2250,54.9252,0.0000
9.2750,54.9252,0.0000
9.3250,54.9252,0.0000
9.3750,54.9252,0.0000
9.4250,54.9252,0.0000
9.4750,54.9252,0.0000
9.5250,54.9252,0.0000
9.5750,54.9252,0.0000
9.6250,54.9252,0.0000
9.6750,54.9252,0.0000
9.7250,54.9252,0.0000
9.7750,54.9252,0.0000
9.8250,54.9252,0.0000
9.8750,54.9252,0.0000
9.9250,54.9252,0.0000
9.9750,54.9252,0.0000
10.0250,54.9252,0.0000
10.0750,54.9252,0.0000
10.2250,54.9252,0.0000
10.2750,54.9252,0.0000
10.3250,54.9252,0.0000
10.3750,54.9252,0.0000
10.4250,54.9252,0.0000
10.4750,54.9252,0.0000
10.5250,54.9252,0.0000
10.5750,54.9252,0.0000
10.6250,54.9252,0.0000
10.6750,54.9252,0.0000
10.7250,54.9252,0.0000
10.7750,54.9252,0.0000
10.8250,54.9252,0.0000
11.0250,54.9252,0.0000
11.0750,54.9252,0.0000
11.1250,54.9252,0.0000
11.1750,54.9252,0.0000
11.2250,54.9252,0.0000
11.2750,54.9252,0.0000
11.3250,54.9252,0.0000
11.3750,54.9252,0.0000
11.4250,54.9252,0.0000
11.4750,54.9252,0.0000
11.5250,54.9252,0.0000
11.6250,54.9252,0.0000
11.6750,54.9252,0.0000
11.7250,54.9252,0.0000
11.7750,54.9252,0.0000
11.8250,54.9252,0.0000
11.8750,54.9252,0.0000
11.9250,54.9252,0.0000
11.9750,54.9252,0.0000
12.0250,54.9252,0.0000
12.0750,54.9252,0.0000
12.1250,54.9252,0.0000
12.1750,54.9252,0.0000
12.2250,54.9252,0.0000
12.2750,54.9252,0.0000
8.2750,54.8752,0.0000
8.3250,54.8752,0.0000
8.3750,54.8752,0.0000
8.4250,54.8752,0.0000
8.4750,54.8752,0.0000
8.5250,54.8752,0.0000
8.5750,54.8752,0.0000
8.6250,54.8752,0.0000
8.6750,54.8752,0.0000
8.7250,54.8752,0.0000
8.7750,54.8752,0.0000
8.8250,54.8752,0.0000
8.8750,54.8752,0.0000
8.9250,54.8752,0.0000
8.9750,54.8752,0.0000
9.0250,54.8752,0.0000
9.0750,54.8752,0.0000
9.1250,54.8752,0.0000
9.1750,54.8752,0.0000
9.2250,54.8752,0.0000
9.2750,54.8752,0.0000
9.3250,54.8752,0.0000
9.3750,54.8752,0.0000
9.4250,54.8752,0.0000
9.4750,54.8752,0.0000
9.5250,54.8752,0.0000
9.5750,54.8752,0.0000
9.6250,54.8752,0.0000
9.6750,54.8752,0.0000
9.7250,54.8752,0.0000
9.7750,54.8752,0.0000
9.8250,54.8752,0.0000
9.8750,54.8752,0.0000
9.9250,54.8752,0.0000
9.9750,54.8752,0.0000
10.0250,54.8752,0.0000
10.0750,54.8752,0.0000
10.2750,54.8752,0.0000
10.3250,54.8752,0.0000
10.3750,54.8752,0.0000
10.4250,54.8752,0.0000
10.4750,54.8752,0.0000
10.5250,54.8752,0.0000
10.5750,54.8752,0.0000
10.6250,54.8752,0.0000
10.6750,54.8752,0.0000
10.7250,54.8752,0.0000
10.7750,54.8752,0.0000
10.8250,54.8752,0.0000
11.0250,54.8752,0.0000
11.0750,54.8752,0.0000
11.1250,54.8752,0.0000
11.1750,54.8752,0.0000
11.2250,54.8752,0.0000
11.2750,54.8752,0.0000
11.3250,54.8752,0.0000
11.3750,54.8752,0.0000
11.4250,54.8752,0.0000
11.4750,54.8752,0.0000
11.5250,54.8752,0.0000
11.5750,54.8752,0.0000
11.6250,54.8752,0.0000
11.6750,54.8752,0.0000
11.7250,54.8752,0.0000
11.7750,54.8752,0.0000
11.8250,54.8752,0.0000
11.8750,54.8752,0.0000
11.9250,54.8752,0.0000
11.9750,54.8752,0.0000
12.0250,54.8752,0.0000
12.0750,54.8752,0.0000
12.1250,54.8752,0.0000
12.1750,54.8752,0.0000
12.2250,54.8752,0.0000
8.2750,54.8252,0.0000
8.3250,54.8252,0.0000
8.6250,54.8252,0.0000
8.6750,54.8252,0.0000
8.7250,54.8252,0.0000
8.7750,54.8252,0.0000
8.8250,54.8252,0.0000
8.8750,54.8252,0.0000
8.9250,54.8252,0.0000
8.9750,54.8252,0.0000
9.0250,54.8252,0.0000
9.0750,54.8252,0.0000
9.1250,54.8252,0.0000
9.1750,54.8252,0.0000
9.2250,54.8252,0.0000
9.2750,54.8252,0.0000
9.3250,54.8252,0.0000
9.3750,54.8252,0.0000
9.4250,54.8252,0.0000
9.4750,54.8252,0.0000
9.5250,54.8252,0.0000
9.5750,54.8252,0.0000
9.6250,54.8252,0.0000
9.6750,54.8252,0.0000
9.7250,54.8252,0.0000
9.7750,54.8252,0.0000
10.3750,54.8252,0.0000
10.4250,54.8252,0.0000
10.4750,54.8252,0.0000
10.5750,54.8252,0.0000
10.6250,54.8252,0.0000
10.6750,54.8252,0.0000
10.7250,54.8252,0.0000
10.7750,54.8252,0.0000
10.9750,54.8252,0.0000
11.0250,54.8252,0.0000
11.0750,54.8252,0.0000
11.1250,54.8252,0.0000
11.1750,54.8252,0.0000
11.2250,54.8252,0.0000
11.2750,54.8252,0.0000
11.3250,54.8252,0.0000
11.3750,54.8252,0.0000
11.4250,54.8252,0.0000
11.4750,54.8252,0.0000
11.5250,54.8252,0.0000
11.5750,54.8252,0.0000
11.6250,54.8252,0.0000
11.6750,54.8252,0.0000
11.7250,54.8252,0.0000
11.7750,54.8252,0.0000
11.8250,54.8252,0.0000
11.8750,54.8252,0.0000
11.9250,54.8252,0.0000
11.9750,54.8252,0.0000
12.0250,54.8252,0.0000
12.0750,54.8252,0.0000
12.1250,54.8252,0.0000
12.1750,54.8252,0.0000
8.2750,54.7752,0.0000
8.3250,54.7752,0.0000
8.4250,54.7752,0.0000
8.4750,54.7752,0.0000
8.5250,54.7752,0.0000
8.5750,54.7752,0.0000
8.6750,54.7752,0.0000
8.7250,54.7752,0.0000
8.7750,54.7752,0.0000
8.8250,54.7752,0.0000
8.8750,54.7752,0.0000
8.9250,54.7752,0.0000
8.9750,54.7752,0.0000
9.0250,54.7752,0.0000
9.0750,54.7752,0.0000
9.1250,54.7752,0.0000
9.1750,54.7752,0.0000
9.2250,54.7752,0.0000
9.2750,54.7752,0.0000
9.3250,54.7752,0.0000
9.3750,54.7752,0.0000
9.4250,54.7752,0.0000
9.4750,54.7752,0.0000
9.5250,54.7752,0.0000
9.5750,54.7752,0.0000
9.6250,54.7752,0.0000
9.6750,54.7752,0.0000
9.7250,54.7752,0.0000
9.7750,54.7752,0.0000
9.8250,54.7752,0.0000
9.8750,54.7752,0.0000
10.6750,54.7752,0.0000
10.7250,54.7752,0.0000
10.7750,54.7752,0.0000
10.9750,54.7752,0.0000
11.0250,54.7752,0.0000
11.0750,54.7752,0.0000
11.1250,54.7752,0.0000
11.1750,54.7752,0.0000
11.2250,54.7752,0.0000
11.2750,54.7752,0.0000
11.3250,54.7752,0.0000
11.3750,54.7752,0.0000
11.4250,54.7752,0.0000
11.4750,54.7752,0.0000
11.5250,54.7752,0.0000
11.5750,54.7752,0.0000
11.6250,54.7752,0.0000
11.6750,54.7752,0.0000
11.7250,54.7752,0.0000
11.7750,54.7752,0.0000
11.8250,54.7752,0.0000
11.8750,54.7752,0.0000
11.9250,54.7752,0.0000
11.9750,54.7752,0.0000
12.0250,54.7752,0.0000
12.0750,54.7752,0.0000
8.2750,54.7252,0.0000
8.3250,54.7252,0.0000
8.3750,54.7252,0.0000
8.4250,54.7252,0.0000
8.4750,54.7252,0.0000
8.5250,54.7252,0.0000
8.5750,54.7252,0.0000
8.6750,54.7252,0.0000
8.7250,54.7252,0.0000
8.7750,54.7252,0.0000
8.8250,54.7252,0.0000
8.8750,54.7252,0.0000
8.9250,54.7252,0.0000
8.9750,54.7252,0.0000
9.0250,54.7252,0.0000
9.0750,54.7252,0.0000
9.1250,54.7252,0.0000
9.1750,54.7252,0.0000
9.2250,54.7252,0.0000
9.2750,54.7252,0.0000
9.3250,54.7252,0.0000
9.3750,54.7252,0.0000
9.4250,54.7252,0.0000
9.4750,54.7252,0.0000
9.5250,54.7252,0.0000
9.5750,54.7252,0.0000
9.6250,54.7252,0.0000
9.6750,54.7252,0.0000
9.7250,54.7252,0.0000
9.7750,54.7252,0.0000
9.8250,54.7252,0.0000
9.8750,54.7252,0.0000
9.9250,54.7252,0.0000
9.9750,54.7252,0.0000
10.0250,54.7252,0.0000
10.6750,54.7252,0.0000
10.7250,54.7252,0.0000
11.0750,54.7252,0.0000
11.1250,54.7252,0.0000
11.1750,54.7252,0.0000
11.2250,54.7252,0.0000
11.2750,54.7252,0.0000
11.3250,54.7252,0.0000
11.3750,54.7252,0.0000
11.4250,54.7252,0.0000
11.4750,54.7252,0.0000
11.5250,54.7252,0.0000
11.5750,54.7252,0.0000
11.6250,54.7252,0.0000
11.6750,54.7252,0.0000
11.7250,54.7252,0.0000
11.7750,54.7252,0.0000
11.8250,54.7252,0.0000
11.8750,54.7252,0.0000
11.9250,54.7252,0.0000
11.9750,54.7252,0.0000
12.0250,54.7252,0.0000
8.2750,54.6752,0.0000
8.3250,54.6752,0.0000
8.3750,54.6752,0.0000
8.4250,54.6752,0.0000
8.4750,54.6752,0.0000
8.5250,54.6752,0.0000
8.5750,54.6752,0.0000
8.6250,54.6752,0.0000
8.6750,54.6752,0.0000
8.7250,54.6752,0.0000
8.7750,54.6752,0.0000
8.8250,54.6752,0.0000
8.8750,54.6752,0.0000
8.9250,54.6752,0.0000
8.9750,54.6752,0.0000
9.0250,54.6752,0.0000
9.0750,54.6752,0.0000
9.1250,54.6752,0.0000
9.1750,54.6752,0.0000
9.2250,54.6752,0.0000
9.2750,54.6752,0.0000
9.3250,54.6752,0.0000
9.3750,54.6752,0.0000
9.4250,54.6752,0.0000
9.4750,54.6752,0.0000
9.5250,54.6752,0.0000
9.5750,54.6752,0.0000
9.6250,54.6752,0.0000
9.6750,54.6752,0.0000
9.7250,54.6752,0.0000
9.7750,54.6752,0.0000
9.8250,54.6752,0.0000
9.8750,54.6752,0.0000
9.9250,54.6752,0.0000
9.9750,54.6752,0.0000
10.0250,54.6752,0.0000
11.2750,54.6752,0.0000
11.3250,54.6752,0.0000
11.3750,54.6752,0.0000
11.4250,54.6752,0.0000
11.4750,54.6752,0.0000
11.5250,54.6752,0.0000
11.5750,54.6752,0.0000
11.6250,54.6752,0.0000
11.6750,54.6752,0.0000
11.7250,54.6752,0.0000
11.7750,54.6752,0.0000
11.8250,54.6752,0.0000
11.8750,54.6752,0.0000
11.9250,54.6752,0.0000
11.9750,54.6752,0.0000
13.2250,54.6752,0.0000
13.2750,54.6752,0.0000
13.3250,54.6752,0.0000
13.3750,54.6752,0.0000
13.4250,54.6752,0.0000
8.3250,54.6252,0.0000
8.3750,54.6252,0.0000
8.4250,54.6252,0.0000
8.5250,54.6252,0.0000
8.5750,54.6252,0.0000
8.6250,54.6252,0.0000
8.6750,54.6252,0.0000
8.7250,54.6252,0.0000
8.7750,54.6252,0.0000
8.8250,54.6252,0.0000
8.8750,54.6252,0.0000
8.9250,54.6252,0.0000
8.9750,54.6252,0.0000
9.0250,54.6252,0.0000
9.0750,54.6252,0.0000
9.1250,54.6252,0.0000
9.1750,54.6252,0.0000
9.2250,54.6252,0.0000
9.2750,54.6252,0.0000
9.3250,54.6252,0.0000
9.3750,54.6252,0.0000
9.4250,54.6252,0.0000
9.4750,54.6252,0.0000
9.5250,54.6252,0.0000
9.5750,54.6252,0.0000
9.6250,54.6252,0.0000
9.6750,54.6252,0.0000
9.7250,54.6252,0.0000
9.7750,54.6252,0.0000
9.8250,54.6252,0.0000
9.8750,54.6252,0.0000
9.9250,54.6252,0.0000
9.9750,54.6252,0.0000
10.0250,54.6252,0.0000
11.3750,54.6252,0.0000
11.4250,54.6252,0.0000
11.4750,54.6252,0.0000
11.5250,54.6252,0.0000
11.8750,54.6252,0.0000
11.9250,54.6252,0.0000
11.9750,54.6252,0.0000
13.1250,54.6252,0.0000
13.2250,54.6252,0.0000
13.2750,54.6252,0.0000
13.3250,54.6252,0.0000
13.3750,54.6252,0.0000
8.4750,54.5752,0.0000
8.5250,54.5752,0.0000
8.5750,54.5752,0.0000
8.6250,54.5752,0.0000
8.6750,54.5752,0.0000
8.7250,54.5752,0.0000
8.7750,54.5752,0.0000
8.8250,54.5752,0.0000
8.8750,54.5752,0.0000
8.9250,54.5752,0.0000
8.9750,54.5752,0.0000
9.0250,54.5752,0.0000
9.0750,54.5752,0.0000
9.1250,54.5752,0.0000
9.1750,54.5752,0.0000
9.2250,54.5752,0.0000
9.2750,54.5752,0.0000
9.3250,54.5752,0.0000
9.3750,54.5752,0.0000
9.4250,54.5752,0.0000
9.4750,54.5752,0.0000
9.5250,54.5752,0.0000
9.5750,54.5752,0.0000
9.6250,54.5752,0.0000
9.6750,54.5752,0.0000
9.7250,54.5752,0.0000
9.7750,54.5752,0.0000
9.8250,54.5752,0.0000
9.8750,54.5752,0.0000
9.9250,54.5752,0.0000
9.9750,54.5752,0.0000
10.0250,54.5752,0.0000
11.9250,54.5752,0.0000
11.9750,54.5752,0.0000
13.0750,54.5752,0.0000
13.1250,54.5752,0.0000
13.1750,54.5752,0.0000
13.2250,54.5752,0.0000
13.2750,54.5752,0.0000
13.3250,54.5752,0.0000
13.3750,54.5752,0.0000
13.4250,54.5752,0.0000
13.4750,54.5752,0.0000
13.5250,54.5752,0.0000
13.5750,54.5752,0.0000
13.6250,54.5752,0.0000
13.6750,54.5752,0.0000
8.4750,54.5252,0.0000
8.5250,54.5252,0.0000
8.5750,54.5252,0.0000
8.6250,54.5252,0.0000
8.6750,54.5252,0.0000
8.7250,54.5252,0.0000
8.8250,54.5252,0.0000
8.8750,54.5252,0.0000
8.9250,54.5252,0.0000
8.9750,54.5252,0.0000
9.0250,54.5252,0.0000
9.0750,54.5252,0.0000
9.1250,54.5252,0.0000
9.1750,54.5252,0.0000
9.2250,54.5252,0.0000
9.2750,54.5252,0.0000
9.3250,54.5252,0.0000
9.3750,54.5252,0.0000
9.4250,54.5252,0.0000
9.4750,54.5252,0.0000
9.5250,54.5252,0.0000
9.5750,54.5252,0.0000
9.6250,54.5252,0.0000
9.6750,54.5252,0.0000
9.7250,54.5252,0.0000
9.7750,54.5252,0.0000
9.8250,54.5252,0.0000
9.8750,54.5252,0.0000
9.9250,54.5252,0.0000
9.9750,54.5252,0.0000
10.0250,54.5252,0.0000
11.0250,54.5252,0.0000
11.0750,54.5252,0.0000
11.1250,54.5252,0.0000
11.1750,54.5252,0.0000
11.2250,54.5252,0.0000
13.0750,54.5252,0.0000
13.1250,54.5252,0.0000
13.1750,54.5252,0.0000
13.2250,54.5252,0.0000
13.2750,54.5252,0.0000
13.3250,54.5252,0.0000
13.3750,54.5252,0.0000
13.4250,54.5252,0.0000
13.5250,54.5252,0.0000
13.5750,54.5252,0.0000
13.6250,54.5252,0.0000
13.6750,54.5252,0.0000
