country,substation_id,action,destination,reason
australia,AU_104114,remove,,unexplained: 5.4 km outside own territory
australia,AU_105286,remove,,unexplained: 5.5 km outside own territory
austria,AT_105_028,reassign,hungary,new to hungary
austria,AT_205_018,reassign,slovenia,new to slovenia
austria,AT_608_009,reassign,slovenia,new to slovenia
austria,AT_706_036,reassign,italy,new to italy
austria,AT_v43_960a7c09b0e9,remove,germany,duplicate of germany 11000174397 at 0.03 m
austria,AT_v43_c8897384054b,remove,germany,duplicate of germany 11000149026 at 0.05 m
austria,AT_v43_dc9f35e91fd9,remove,germany,duplicate of germany 11000142516 at 0.04 m
belgium,BE_v43_293f4775b12a,remove,france,duplicate of france 1000036777 at 0.06 m
belgium,BE_v43_3b5c97413d12,remove,france,duplicate of france 1000036778 at 0.01 m
belgium,BE_v43_795f1a90a73f,reassign,netherlands,new to netherlands
belgium,BE_v43_8a1d39af693c,remove,germany,duplicate of germany 11000032144 at 0.02 m
canada,CA_1050146661,remove,us,duplicate of us 120000007916 at 0.35 m
canada,CA_1145216139,remove,us,duplicate of us 120000008437 at 0.53 m
canada,CA_1167388565,remove,us,duplicate of us 120000048089 at 0.25 m
canada,CA_1167765971,remove,us,duplicate of us 120000048099 at 0.60 m
canada,CA_1324337282,remove,us,duplicate of us 120000100015 at 0.31 m
canada,CA_1443830852,remove,us,duplicate of us 120000011065 at 0.53 m
canada,CA_1485090096,remove,us,duplicate of us 120000053467 at 0.36 m
canada,CA_163865779,remove,us,duplicate of us 120000036745 at 0.55 m
canada,CA_178196881,remove,us,duplicate of us 120000003198 at 0.67 m
canada,CA_178197181,remove,us,duplicate of us 120000003199 at 0.18 m
canada,CA_682313157,remove,us,duplicate of us 120000006071 at 0.44 m
canada,CA_79293030,remove,us,duplicate of us 120000001227 at 0.10 m
canada,CA_866146997,remove,us,duplicate of us 120000045108 at 0.48 m
canada,CA_894055791,reassign,us,new to us
chile,CL_101088,remove,PE,containing state PE has no fleet in this cohort
france,1000000064,remove,belgium,duplicate of belgium BE_v43_97faac3cbea6 at 0.04 m
france,1000001274,remove,belgium,duplicate of belgium BE_v43_5728da448c49 at 0.05 m
france,1000006592,remove,belgium,duplicate of belgium BE_v43_3f6d06186c21 at 0.02 m
france,1000006593,remove,belgium,duplicate of belgium BE_v43_57d5a3590d31 at 0.05 m
france,1000006594,remove,belgium,duplicate of belgium BE_v43_c9968870c01d at 0.05 m
france,1000010712,remove,belgium,duplicate of belgium BE_13270000201 at 0.04 m
france,1000016957,remove,belgium,duplicate of belgium BE_93212889 at 15.28 m
france,1000019406,reassign,belgium,new to belgium
france,1000022777,remove,belgium,duplicate of belgium BE_135529273 at 7.50 m
france,1000025366,remove,belgium,duplicate of belgium BE_v43_0fffbf1a3eac at 0.06 m
france,1000028702,reassign,belgium,new to belgium
france,1000029060,remove,belgium,duplicate of belgium BE_v43_b531c7c6c467 at 0.02 m
france,1000030709,remove,belgium,duplicate of belgium BE_v43_842b825353cd at 0.05 m
france,1000030864,remove,belgium,duplicate of belgium BE_v43_fd34ac5d22c8 at 0.03 m
france,1000031046,remove,belgium,duplicate of belgium BE_v43_8e7f958208fe at 0.03 m
france,1000031988,remove,belgium,duplicate of belgium BE_v43_43aa17321d26 at 0.02 m
france,1000031995,remove,belgium,duplicate of belgium BE_v43_b832d29ff064 at 0.03 m
france,1000032011,remove,belgium,duplicate of belgium BE_v43_8daba0a3bbad at 0.01 m
france,1000032045,remove,belgium,duplicate of belgium BE_v43_e736402d60d4 at 0.05 m
france,1000032046,remove,belgium,duplicate of belgium BE_v43_865a09b489d1 at 0.03 m
france,1000032047,remove,belgium,duplicate of belgium BE_v43_279efe712380 at 0.07 m
france,1000032064,remove,belgium,duplicate of belgium BE_v43_68a2562f99c5 at 0.04 m
france,1000032068,remove,belgium,duplicate of belgium BE_v43_5eff2ce74533 at 0.05 m
france,1000032069,remove,belgium,duplicate of belgium BE_v43_ed2d0b0d41a7 at 0.03 m
france,1000032176,remove,belgium,duplicate of belgium BE_v43_c81cac8d4c5e at 0.04 m
france,1000032352,remove,belgium,duplicate of belgium BE_v43_20498e7ac1c8 at 0.02 m
france,1000032353,remove,belgium,duplicate of belgium BE_v43_f208d6f190d4 at 0.01 m
france,1000032641,remove,belgium,duplicate of belgium BE_v43_1ebe6120b6f8 at 0.04 m
france,1000032794,remove,belgium,duplicate of belgium BE_v43_9e1897af69dd at 0.06 m
france,1000032795,remove,belgium,duplicate of belgium BE_v43_68f419da2c0e at 0.03 m
france,1000033417,remove,belgium,duplicate of belgium BE_v43_ba422bcea109 at 0.01 m
france,1000033419,remove,belgium,duplicate of belgium BE_v43_cd674381bfe5 at 0.02 m
france,1000033612,remove,belgium,duplicate of belgium BE_427644436 at 6.61 m
france,1000033854,remove,belgium,duplicate of belgium BE_v43_920ab2fef51b at 0.06 m
france,1000033855,remove,belgium,duplicate of belgium BE_v43_e949ca94688e at 0.05 m
france,1000033856,remove,belgium,duplicate of belgium BE_v43_4c44a62df608 at 0.02 m
france,1000033857,remove,belgium,duplicate of belgium BE_v43_44d47db63455 at 0.05 m
france,1000033859,remove,belgium,duplicate of belgium BE_v43_19d9dc8e0650 at 0.03 m
france,1000033875,remove,belgium,duplicate of belgium BE_v43_2bed646cee18 at 0.06 m
france,1000033884,remove,belgium,duplicate of belgium BE_v43_9d2d111c26e3 at 0.03 m
france,1000034033,remove,belgium,duplicate of belgium BE_v43_59b0845d765f at 0.04 m
france,1000034061,remove,belgium,duplicate of belgium BE_v43_dce5ff0b70d2 at 0.01 m
france,1000034063,remove,belgium,duplicate of belgium BE_v43_213eb4128d6f at 0.05 m
france,1000034268,remove,belgium,duplicate of belgium BE_v43_73786bba94e7 at 0.05 m
france,1000034341,remove,belgium,duplicate of belgium BE_v43_83ce58280d30 at 0.05 m
france,1000034342,remove,belgium,duplicate of belgium BE_v43_729932d198af at 0.06 m
france,1000034500,remove,belgium,duplicate of belgium BE_v43_5e69b799c4de at 0.05 m
france,1000034938,remove,belgium,duplicate of belgium BE_v43_d1ad20de8cdf at 0.01 m
france,1000034990,remove,belgium,duplicate of belgium BE_v43_baf8ab1bbcf4 at 0.06 m
france,1000034991,remove,belgium,duplicate of belgium BE_v43_d289c76d6ce8 at 0.04 m
france,1000035133,remove,belgium,duplicate of belgium BE_648567655 at 17.18 m
france,1000035283,remove,belgium,duplicate of belgium BE_v43_0d1fbc5dc56b at 0.05 m
france,1000035284,remove,belgium,duplicate of belgium BE_v43_0db35159552e at 0.02 m
france,1000035285,remove,belgium,duplicate of belgium BE_v43_851361c365d6 at 0.00 m
france,1000035581,remove,belgium,duplicate of belgium BE_687846320 at 0.66 m
france,1000035785,remove,belgium,duplicate of belgium BE_735326328 at 0.84 m
france,1000035789,remove,belgium,duplicate of belgium BE_v43_c633bfb4e327 at 0.04 m
france,1000035847,remove,belgium,duplicate of belgium BE_v43_645afb21bdd7 at 0.04 m
france,1000035848,remove,belgium,duplicate of belgium BE_v43_824c3b885107 at 0.02 m
france,1000035849,remove,belgium,duplicate of belgium BE_v43_4ea4550a21a3 at 0.02 m
france,1000035861,remove,belgium,duplicate of belgium BE_v43_5d4acc083b15 at 0.04 m
france,1000035897,remove,belgium,duplicate of belgium BE_v43_caeccd1ba735 at 0.01 m
france,1000035924,remove,belgium,duplicate of belgium BE_v43_36e1aafdcef3 at 0.06 m
france,1000035980,remove,belgium,duplicate of belgium BE_v43_cd30ec1282c9 at 0.01 m
france,1000035992,remove,belgium,duplicate of belgium BE_770042985 at 0.66 m
france,1000035997,remove,belgium,duplicate of belgium BE_v43_c1f60e2c5fa3 at 0.02 m
france,1000036440,remove,belgium,duplicate of belgium BE_v43_5d9b16fd5a15 at 0.05 m
france,1000036591,remove,belgium,duplicate of belgium BE_v43_4660237b61f0 at 0.05 m
france,1000036592,remove,belgium,duplicate of belgium BE_v43_91e43b6cb62e at 0.06 m
france,1000036616,remove,belgium,duplicate of belgium BE_v43_f8646e59375d at 0.04 m
france,1000036662,remove,belgium,duplicate of belgium BE_v43_2aab5ff7aaf4 at 0.03 m
france,1000036663,remove,belgium,duplicate of belgium BE_v43_3781cad80196 at 0.03 m
france,1000036681,remove,belgium,duplicate of belgium BE_v43_991b0766f85c at 0.02 m
france,1000036682,remove,belgium,duplicate of belgium BE_v43_31e67e0e7c69 at 0.06 m
france,1000036780,remove,belgium,duplicate of belgium BE_v43_ec9bba66ae3d at 0.06 m
france,1000036781,remove,belgium,duplicate of belgium BE_v43_10404ff03ff1 at 0.04 m
france,1000036782,remove,belgium,duplicate of belgium BE_v43_d1da0158d913 at 0.04 m
france,1000036783,remove,belgium,duplicate of belgium BE_v43_c3685c4d0c7f at 0.04 m
france,1000037136,remove,belgium,duplicate of belgium BE_v43_bcecb90bd999 at 0.04 m
france,1000037442,remove,belgium,duplicate of belgium BE_v43_e18248d0a34d at 0.03 m
france,1000037452,remove,belgium,duplicate of belgium BE_v43_e2fef4e68b61 at 0.04 m
france,1000037617,remove,belgium,duplicate of belgium BE_v43_9e2f9b9672ef at 0.02 m
france,1000037768,remove,belgium,duplicate of belgium BE_v43_638836e9364f at 0.06 m
france,1000038108,remove,belgium,duplicate of belgium BE_v43_fba5732ab24b at 0.05 m
france,1000038219,remove,belgium,duplicate of belgium BE_976727854 at 1.23 m
france,1000038267,remove,belgium,duplicate of belgium BE_v43_da13626ed57e at 0.03 m
france,1000038345,remove,belgium,duplicate of belgium BE_v43_7adcfb10a36c at 0.02 m
france,1000038477,remove,belgium,duplicate of belgium BE_v43_48f7e6baeebd at 0.06 m
france,1000039332,remove,belgium,duplicate of belgium BE_v43_eba3b9c098ef at 0.05 m
france,1000039911,remove,belgium,duplicate of belgium BE_v43_6bcd09bcf61d at 0.05 m
france,1000040503,remove,belgium,duplicate of belgium BE_v43_e08b5e3248b1 at 0.03 m
france,1000040693,remove,belgium,duplicate of belgium BE_v43_8af3e392653d at 0.04 m
france,1000041082,remove,belgium,duplicate of belgium BE_v43_2a1133a02444 at 0.03 m
france,1000041085,remove,belgium,duplicate of belgium BE_v43_516285a61cd0 at 0.03 m
france,1000041086,reassign,belgium,new to belgium
france,1000041121,remove,belgium,duplicate of belgium BE_v43_ae6434f46332 at 0.03 m
france,1000041127,remove,belgium,duplicate of belgium BE_v43_85e2a2b171e8 at 0.02 m
france,1000041145,remove,belgium,duplicate of belgium BE_v43_21ff1899b8b1 at 0.01 m
france,1000041146,remove,belgium,duplicate of belgium BE_v43_bb4d59609ecf at 0.03 m
france,1000041347,remove,belgium,duplicate of belgium BE_v43_16780c18b318 at 0.04 m
france,1000041960,remove,belgium,duplicate of belgium BE_v43_ce9798d4ad83 at 0.03 m
france,1000041961,remove,belgium,duplicate of belgium BE_v43_ac9c56a1beaa at 0.03 m
france,1000041983,remove,belgium,duplicate of belgium BE_v43_a49abbce9acf at 0.05 m
france,1000042396,remove,belgium,duplicate of belgium BE_v43_74348d3ddf6e at 0.03 m
france,1000042541,remove,belgium,duplicate of belgium BE_v43_92276b6214ea at 0.05 m
france,1000043193,reassign,belgium,new to belgium
france,1000043966,reassign,belgium,new to belgium
france,1000100703,remove,spain,duplicate of spain 9000000102 at 0.06 m
france,1000105105,remove,spain,duplicate of spain 9000001670 at 0.04 m
france,1000105106,remove,spain,duplicate of spain 9000001671 at 0.06 m
france,1000109104,remove,italy,duplicate of italy 7000001219 at 0.05 m
france,1000120859,remove,italy,duplicate of italy 7000009909 at 0.01 m
france,1000120893,remove,italy,duplicate of italy 7000009967 at 0.03 m
france,1000126266,remove,spain,duplicate of spain 9000010216 at 0.05 m
france,1000127039,remove,spain,duplicate of spain 9000010404 at 0.05 m
france,1000127521,remove,spain,duplicate of spain 9000010680 at 0.04 m
france,1000129016,remove,spain,duplicate of spain 9000011348 at 0.03 m
france,1000129911,remove,spain,duplicate of spain 9000011936 at 0.03 m
france,1000130002,remove,italy,duplicate of italy 7000014794 at 0.07 m
france,1000131297,remove,spain,duplicate of spain 9000012786 at 0.05 m
france,1000133631,remove,spain,duplicate of spain 9000014661 at 0.01 m
france,1000133632,remove,spain,duplicate of spain 9000014662 at 0.06 m
france,1000133633,remove,spain,duplicate of spain 9000014663 at 0.04 m
france,1000133679,remove,spain,duplicate of spain 9000014713 at 0.05 m
france,1000134100,remove,spain,duplicate of spain 9000014963 at 0.04 m
france,1000134109,remove,spain,duplicate of spain 9000014978 at 0.05 m
france,1000134110,remove,spain,duplicate of spain 9000014979 at 0.05 m
france,1000134111,remove,spain,duplicate of spain 9000014980 at 0.05 m
france,1000135045,remove,spain,duplicate of spain 9000015504 at 0.03 m
france,1000135046,remove,spain,duplicate of spain 9000015505 at 0.05 m
france,1000135643,remove,spain,duplicate of spain 9000015867 at 0.04 m
france,1000136044,remove,spain,duplicate of spain 9000016033 at 0.01 m
france,1000136644,remove,spain,duplicate of spain 9000016282 at 0.06 m
france,1000136815,remove,spain,duplicate of spain 9000016384 at 0.05 m
france,1000136928,remove,spain,duplicate of spain 9000016475 at 0.03 m
france,1000137153,remove,spain,duplicate of spain 9000016728 at 0.02 m
france,1000137154,remove,spain,duplicate of spain 9000016729 at 0.04 m
france,1000137155,remove,spain,duplicate of spain 9000016730 at 0.04 m
france,1000137156,remove,spain,duplicate of spain 9000016731 at 0.06 m
france,1000137179,remove,spain,duplicate of spain 9000016737 at 0.01 m
france,1000137214,remove,spain,duplicate of spain 9000016761 at 0.05 m
france,1000138003,remove,spain,duplicate of spain 9000018354 at 0.02 m
france,1000140059,remove,spain,duplicate of spain 9000019826 at 0.06 m
france,1000162064,remove,germany,duplicate of germany 11000132237 at 0.02 m
france,1000162065,remove,germany,duplicate of germany 11000132238 at 0.02 m
france,1000162067,remove,germany,duplicate of germany 11000132248 at 0.04 m
france,1000162068,remove,germany,duplicate of germany 11000132249 at 0.06 m
france,1000162072,remove,germany,duplicate of germany 11000132267 at 0.04 m
france,1000162087,remove,germany,duplicate of germany 11000132322 at 0.02 m
france,1000162088,remove,germany,duplicate of germany 11000132323 at 0.04 m
france,1000162093,remove,germany,duplicate of germany 11000132358 at 0.03 m
france,1000162098,remove,germany,duplicate of germany 11000132370 at 0.04 m
france,1000162107,remove,germany,duplicate of germany 11000132405 at 0.02 m
france,1000162128,remove,germany,duplicate of germany 11000132453 at 0.05 m
france,1000162131,remove,germany,duplicate of germany 11000132459 at 0.03 m
france,1000162160,remove,germany,duplicate of germany 11000132525 at 0.06 m
france,1000162161,remove,germany,duplicate of germany 11000132526 at 0.05 m
france,1000162217,remove,germany,duplicate of germany 11000132655 at 0.02 m
france,1000162218,remove,germany,duplicate of germany 11000132658 at 0.04 m
france,1000162219,remove,germany,duplicate of germany 11000132659 at 0.03 m
france,1000162220,remove,germany,duplicate of germany 11000132660 at 0.02 m
france,1000162225,remove,germany,duplicate of germany 11000025078 at 0.00 m
france,1000162226,remove,germany,duplicate of germany 11000132678 at 0.03 m
france,1000162228,remove,germany,duplicate of germany 11000132692 at 0.05 m
france,1000162235,remove,germany,duplicate of germany 11000132725 at 0.03 m
france,1000162268,remove,germany,duplicate of germany 11000132883 at 0.01 m
france,1000162304,remove,germany,duplicate of germany 11000133114 at 0.05 m
france,1000162314,remove,germany,duplicate of germany 11000133163 at 0.04 m
france,1000162337,remove,germany,duplicate of germany 11000133313 at 0.04 m
france,1000162357,remove,germany,duplicate of germany 11000133517 at 0.03 m
france,1000162362,remove,germany,duplicate of germany 11000133529 at 0.02 m
france,1000162381,remove,germany,duplicate of germany 11000133601 at 0.04 m
france,1000162389,remove,germany,duplicate of germany 11000133645 at 0.05 m
france,1000162396,remove,germany,duplicate of germany 11000133678 at 0.03 m
france,1000162397,remove,germany,duplicate of germany 11000133681 at 0.05 m
france,1000162520,remove,germany,duplicate of germany 11000134069 at 0.04 m
france,1000162548,remove,germany,duplicate of germany 11000026262 at 0.05 m
france,1000162549,remove,germany,duplicate of germany 11000026263 at 0.04 m
france,1000162603,remove,germany,duplicate of germany 11000134417 at 0.03 m
france,1000162684,remove,germany,duplicate of germany 11000134927 at 0.05 m
france,1000162910,remove,germany,duplicate of germany 11000135840 at 0.01 m
france,1000162927,remove,germany,duplicate of germany 11000135895 at 0.04 m
france,1000162956,remove,germany,duplicate of germany 11000135924 at 0.03 m
france,1000163113,remove,germany,duplicate of germany 11000136184 at 0.04 m
france,1000163197,remove,germany,duplicate of germany 11000136323 at 0.02 m
france,1000163381,remove,germany,duplicate of germany 11000136619 at 0.05 m
france,1000163781,remove,germany,duplicate of germany 11000137025 at 0.06 m
france,1000163796,remove,germany,duplicate of germany 11000137034 at 0.02 m
france,1000163868,remove,germany,duplicate of germany 11000028761 at 0.02 m
france,1000163912,remove,germany,duplicate of germany 11000028871 at 0.05 m
france,1000164045,remove,germany,duplicate of germany 11000137158 at 0.04 m
france,1000164176,remove,germany,duplicate of germany 11000137242 at 0.05 m
france,1000164198,reassign,switzerland,new to switzerland
france,1000164639,reassign,switzerland,new to switzerland
france,1000165714,reassign,switzerland,new to switzerland
france,1000165961,remove,germany,duplicate of germany 11000138280 at 0.04 m
france,1000165997,remove,germany,duplicate of germany 11000138328 at 0.03 m
france,1000166012,remove,switzerland,duplicate of switzerland CH_v43_01b8ede69c42 at 0.04 m
france,1000166050,remove,switzerland,duplicate of switzerland CH_v43_fa61ddfc50b3 at 0.03 m
france,1000166051,reassign,switzerland,new to switzerland; nearest existing 119.8 m
france,1000166060,remove,switzerland,duplicate of switzerland CH_v43_8da913585c3e at 0.01 m
france,1000166061,remove,switzerland,duplicate of switzerland CH_v43_8347ea17738d at 0.01 m
france,1000166065,remove,switzerland,duplicate of switzerland CH_v43_ac1d6b2f89ad at 0.05 m
france,1000166067,remove,switzerland,duplicate of switzerland CH_v43_327382f8979c at 0.05 m
france,1000166072,remove,switzerland,duplicate of switzerland CH_v43_ba4f0dc0df3c at 0.02 m
france,1000166077,reassign,switzerland,new to switzerland
france,1000166116,reassign,switzerland,new to switzerland
france,1000166159,remove,germany,duplicate of germany 11000138514 at 0.01 m
france,1000166177,remove,switzerland,duplicate of switzerland CH_v43_734b82c71b66 at 0.05 m
france,1000166355,reassign,switzerland,new to switzerland
france,1000166734,remove,switzerland,duplicate of switzerland CH_10607020327 at 2.26 m
france,1000166799,remove,germany,duplicate of germany 11000032359 at 0.02 m
france,1000166871,remove,germany,duplicate of germany 11000140637 at 0.02 m
france,1000167582,remove,germany,duplicate of germany 11000142381 at 0.06 m
france,1000167598,remove,germany,duplicate of germany 11000142391 at 0.02 m
france,1000168295,remove,germany,duplicate of germany 11000142589 at 0.01 m
france,1000168716,reassign,switzerland,new to switzerland
france,1000168736,reassign,switzerland,new to switzerland
france,1000168878,remove,germany,duplicate of germany 11000035930 at 0.05 m
france,1000168989,remove,switzerland,duplicate of switzerland CH_v43_8957e59dbd35 at 0.04 m
france,1000169193,remove,switzerland,duplicate of switzerland CH_v43_16cbf75907be at 0.03 m
france,1000169577,remove,germany,duplicate of germany 11000144283 at 0.03 m
france,1000169628,remove,switzerland,duplicate of switzerland CH_37187559 at 5.25 m
france,1000169629,remove,germany,duplicate of germany 11000144359 at 0.03 m
france,1000169630,remove,germany,duplicate of germany 11000144360 at 0.02 m
france,1000169785,remove,germany,duplicate of germany 11000144612 at 0.06 m
france,1000169837,remove,germany,duplicate of germany 11000144656 at 0.02 m
france,1000169851,remove,germany,duplicate of germany 11000144676 at 0.03 m
france,1000169852,remove,germany,duplicate of germany 11000144677 at 0.02 m
france,1000169853,remove,germany,duplicate of germany 11000144678 at 0.01 m
france,1000169854,remove,germany,duplicate of germany 11000144679 at 0.04 m
france,1000169861,remove,germany,duplicate of germany 11000144687 at 0.03 m
france,1000169862,remove,germany,duplicate of germany 11000144688 at 0.05 m
france,1000169869,remove,germany,duplicate of germany 11000144697 at 0.04 m
france,1000169913,remove,germany,duplicate of germany 11000144753 at 0.02 m
france,1000169917,remove,germany,duplicate of germany 11000144756 at 0.05 m
france,1000170021,remove,germany,duplicate of germany 11000144859 at 0.06 m
france,1000170036,remove,germany,duplicate of germany 11000144867 at 0.05 m
france,1000170084,remove,germany,duplicate of germany 11000144946 at 0.04 m
france,1000170085,remove,germany,duplicate of germany 11000144951 at 0.06 m
france,1000170091,remove,germany,duplicate of germany 11000144966 at 0.04 m
france,1000170092,remove,germany,duplicate of germany 11000144967 at 0.03 m
france,1000170102,remove,germany,duplicate of germany 11000144979 at 0.06 m
france,1000170149,remove,switzerland,duplicate of switzerland CH_55696868 at 6.05 m
france,1000170179,remove,switzerland,duplicate of switzerland CH_v43_f3b5b2427067 at 0.07 m
france,1000170180,remove,switzerland,duplicate of switzerland CH_v43_42b9b34cd7ee at 0.01 m
france,1000170211,remove,germany,duplicate of germany 11000145178 at 0.03 m
france,1000170225,remove,germany,duplicate of germany 11000145192 at 0.04 m
france,1000170232,remove,germany,duplicate of germany 11000145195 at 0.04 m
france,1000170245,remove,germany,duplicate of germany 11000145222 at 0.05 m
france,1000170247,remove,germany,duplicate of germany 11000145227 at 0.00 m
france,1000170249,remove,germany,duplicate of germany 11000145233 at 0.03 m
france,1000170252,remove,germany,duplicate of germany 11000145239 at 0.05 m
france,1000170258,remove,germany,duplicate of germany 11000145250 at 0.04 m
france,1000170273,remove,germany,duplicate of germany 11000145270 at 0.02 m
france,1000170926,remove,germany,duplicate of germany 11000145363 at 0.03 m
france,1000170927,remove,germany,duplicate of germany 11000145364 at 0.02 m
france,1000171071,remove,germany,duplicate of germany 11000145382 at 0.05 m
france,1000171072,remove,germany,duplicate of germany 11000145387 at 0.05 m
france,1000171530,remove,germany,duplicate of germany 11000145495 at 0.05 m
france,1000171536,remove,germany,duplicate of germany 11000145509 at 0.05 m
france,1000171537,remove,germany,duplicate of germany 11000145510 at 0.02 m
france,1000171842,remove,switzerland,duplicate of switzerland CH_80323449 at 3.84 m
france,1000171927,remove,germany,duplicate of germany 11000145615 at 0.05 m
france,1000172236,remove,germany,duplicate of germany 11000145730 at 0.02 m
france,1000172450,remove,germany,duplicate of germany 11000145815 at 0.05 m
france,1000173828,reassign,switzerland,new to switzerland
france,1000173829,reassign,switzerland,new to switzerland
france,1000173857,remove,switzerland,duplicate of switzerland CH_v43_2833404f4e25 at 0.06 m
france,1000173858,remove,germany,duplicate of germany 11000039113 at 0.02 m
france,1000173967,remove,germany,duplicate of germany 11000146741 at 0.02 m
france,1000173968,remove,germany,duplicate of germany 11000146742 at 0.03 m
france,1000173984,remove,germany,duplicate of germany 11000146766 at 0.03 m
france,1000174036,remove,switzerland,duplicate of switzerland CH_109901534 at 3.54 m
france,1000174453,remove,germany,duplicate of germany 11000147052 at 0.05 m
france,1000174464,remove,germany,duplicate of germany 11000147067 at 0.01 m
france,1000174650,remove,germany,duplicate of germany 11000147176 at 0.03 m
france,1000174733,remove,switzerland,duplicate of switzerland CH_v43_e33191b0631b at 0.01 m
france,1000174814,remove,germany,duplicate of germany 11000147236 at 0.01 m
france,1000174815,remove,germany,duplicate of germany 11000147237 at 0.07 m
france,1000174873,remove,germany,duplicate of germany 11000147283 at 0.04 m
france,1000174902,remove,germany,duplicate of germany 11000147309 at 0.05 m
france,1000174952,remove,germany,duplicate of germany 11000147396 at 0.02 m
france,1000174983,remove,germany,duplicate of germany 11000147466 at 0.04 m
france,1000175180,remove,germany,duplicate of germany 11000147623 at 0.01 m
france,1000175225,remove,switzerland,duplicate of switzerland CH_132373704 at 3.67 m
france,1000175320,remove,germany,duplicate of germany 11000147718 at 0.02 m
france,1000175369,remove,germany,duplicate of germany 11000039896 at 0.01 m
france,1000175370,remove,germany,duplicate of germany 11000039897 at 0.06 m
france,1000175539,remove,switzerland,duplicate of switzerland CH_v43_881e096ccdb2 at 0.05 m
france,1000175881,remove,germany,duplicate of germany 11000148147 at 0.02 m
france,1000175989,remove,germany,duplicate of germany 11000040362 at 0.03 m
france,1000176054,remove,germany,duplicate of germany 11000040424 at 0.03 m
france,1000176074,remove,germany,duplicate of germany 11000040434 at 0.03 m
france,1000176100,remove,germany,duplicate of germany 11000148402 at 0.01 m
france,1000176118,remove,germany,duplicate of germany 11000148417 at 0.03 m
france,1000176150,remove,germany,duplicate of germany 11000148480 at 0.06 m
france,1000176419,remove,germany,duplicate of germany 11000148720 at 0.04 m
france,1000176470,remove,germany,duplicate of germany 11000148793 at 0.01 m
france,1000176736,remove,germany,duplicate of germany 11000041055 at 0.02 m
france,1000176810,remove,germany,duplicate of germany 11000041167 at 0.03 m
france,1000176811,remove,germany,duplicate of germany 11000041168 at 0.06 m
france,1000176812,remove,germany,duplicate of germany 11000041169 at 0.04 m
france,1000176872,remove,switzerland,duplicate of switzerland CH_164271748 at 2.48 m
france,1000177439,remove,switzerland,duplicate of switzerland CH_177392130 at 4.19 m
france,1000178198,remove,germany,duplicate of germany 11000150651 at 0.03 m
france,1000178257,remove,germany,duplicate of germany 11000150725 at 0.03 m
france,1000178260,remove,germany,duplicate of germany 11000150746 at 0.01 m
france,1000178261,remove,germany,duplicate of germany 11000150750 at 0.04 m
france,1000178303,remove,germany,duplicate of germany 11000150800 at 0.04 m
france,1000178330,remove,switzerland,duplicate of switzerland CH_v43_f519a00563f2 at 0.06 m
france,1000178333,remove,germany,duplicate of germany 11000150866 at 0.02 m
france,1000178421,remove,germany,duplicate of germany 11000150886 at 0.02 m
france,1000178433,remove,germany,duplicate of germany 11000043122 at 0.05 m
france,1000178434,remove,germany,duplicate of germany 11000043123 at 0.02 m
france,1000178455,remove,germany,duplicate of germany 11000150936 at 0.03 m
france,1000178495,remove,germany,duplicate of germany 11000151030 at 0.06 m
france,1000178503,remove,germany,duplicate of germany 11000151045 at 0.05 m
france,1000178511,reassign,switzerland,new to switzerland
france,1000178837,remove,germany,duplicate of germany 11000151364 at 0.04 m
france,1000178980,remove,germany,duplicate of germany 11000151491 at 0.04 m
france,1000179032,remove,switzerland,duplicate of switzerland CH_205630031 at 5.76 m
france,1000179098,reassign,switzerland,new to switzerland
france,1000179100,reassign,switzerland,new to switzerland
france,1000179102,remove,germany,duplicate of germany 11000151674 at 0.05 m
france,1000179511,remove,germany,duplicate of germany 11000152615 at 0.02 m
france,1000180297,remove,switzerland,duplicate of switzerland CH_238138373 at 3.78 m
france,1000180327,remove,switzerland,duplicate of switzerland CH_239937062 at 4.25 m
france,1000180334,remove,germany,duplicate of germany 11000154159 at 0.04 m
france,1000180347,remove,switzerland,duplicate of switzerland CH_241592047 at 3.40 m
france,1000180491,remove,germany,duplicate of germany 11000154541 at 0.03 m
france,1000181043,remove,switzerland,duplicate of switzerland CH_254216908 at 1.81 m
france,1000181059,remove,germany,duplicate of germany 11000155091 at 0.03 m
france,1000181216,remove,germany,duplicate of germany 11000155764 at 0.07 m
france,1000181225,remove,germany,duplicate of germany 11000155830 at 0.05 m
france,1000181246,remove,germany,duplicate of germany 11000155947 at 0.06 m
france,1000181248,remove,germany,duplicate of germany 11000155957 at 0.04 m
france,1000181283,remove,germany,duplicate of germany 11000156067 at 0.04 m
france,1000181334,remove,germany,duplicate of germany 11000046763 at 0.05 m
france,1000181473,remove,switzerland,duplicate of switzerland CH_285133012 at 1.76 m
france,1000181500,remove,germany,duplicate of germany 11000156752 at 0.06 m
france,1000181501,remove,germany,duplicate of germany 11000156753 at 0.02 m
france,1000181566,remove,switzerland,duplicate of switzerland CH_289828260 at 0.96 m
france,1000181662,remove,germany,duplicate of germany 11000157109 at 0.01 m
france,1000181669,remove,germany,duplicate of germany 11000157133 at 0.05 m
france,1000181670,remove,germany,duplicate of germany 11000157135 at 0.01 m
france,1000181675,remove,germany,duplicate of germany 11000048304 at 0.03 m
france,1000181760,remove,germany,duplicate of germany 11000157386 at 0.03 m
france,1000181801,remove,germany,duplicate of germany 11000157415 at 0.01 m
france,1000181822,remove,germany,duplicate of germany 11000157497 at 0.04 m
france,1000181835,remove,germany,duplicate of germany 11000157540 at 0.04 m
france,1000181836,remove,germany,duplicate of germany 11000157541 at 0.03 m
france,1000181840,remove,germany,duplicate of germany 11000157553 at 0.05 m
france,1000181870,remove,germany,duplicate of germany 11000157592 at 0.02 m
france,1000181906,remove,germany,duplicate of germany 11000157700 at 0.04 m
france,1000181983,remove,germany,duplicate of germany 11000157949 at 0.04 m
france,1000181985,remove,germany,duplicate of germany 11000157950 at 0.05 m
france,1000182008,remove,germany,duplicate of germany 11000158048 at 0.05 m
france,1000182027,remove,germany,duplicate of germany 11000158104 at 0.03 m
france,1000182031,remove,germany,duplicate of germany 11000049099 at 0.06 m
france,1000182036,remove,germany,duplicate of germany 11000158129 at 0.04 m
france,1000182038,remove,germany,duplicate of germany 11000158131 at 0.02 m
france,1000182083,remove,switzerland,duplicate of switzerland CH_v43_d1962950b2f9 at 0.03 m
france,1000182091,remove,germany,duplicate of germany 11000158457 at 0.03 m
france,1000182287,remove,germany,duplicate of germany 11000158942 at 0.02 m
france,1000182337,remove,germany,duplicate of germany 11000159208 at 0.05 m
france,1000182655,remove,switzerland,duplicate of switzerland CH_v43_4671d17561d4 at 0.04 m
france,1000182682,remove,switzerland,duplicate of switzerland CH_347983019 at 4.25 m
france,1000182746,remove,germany,duplicate of germany 11000161095 at 0.02 m
france,1000182782,remove,germany,duplicate of germany 11000161283 at 0.01 m
france,1000182814,remove,switzerland,duplicate of switzerland CH_v43_42e7c17e6fe6 at 0.05 m
france,1000182840,remove,germany,duplicate of germany 11000161733 at 0.03 m
france,1000182853,remove,germany,duplicate of germany 11000161782 at 0.03 m
france,1000182854,remove,germany,duplicate of germany 11000161783 at 0.05 m
france,1000182895,remove,germany,duplicate of germany 11000161879 at 0.03 m
france,1000182896,remove,germany,duplicate of germany 11000050934 at 0.02 m
france,1000183074,remove,germany,duplicate of germany 11000162648 at 0.06 m
france,1000183306,remove,germany,duplicate of germany 11000051407 at 0.04 m
france,1000183401,remove,germany,duplicate of germany 11000051598 at 0.04 m
france,1000183484,remove,germany,duplicate of germany 11000164943 at 0.04 m
france,1000183585,remove,germany,duplicate of germany 11000165320 at 0.04 m
france,1000183663,remove,germany,duplicate of germany 11000165528 at 0.03 m
france,1000183736,remove,germany,duplicate of germany 11000165697 at 0.03 m
france,1000183737,remove,germany,duplicate of germany 11000165698 at 0.05 m
france,1000183738,remove,germany,duplicate of germany 11000165699 at 0.04 m
france,1000183748,remove,germany,duplicate of germany 11000165749 at 0.04 m
france,1000183860,remove,switzerland,duplicate of switzerland CH_v43_fb641a8132cb at 0.04 m
france,1000183895,remove,germany,duplicate of germany 11000166426 at 0.02 m
france,1000183902,remove,germany,duplicate of germany 11000166440 at 0.03 m
france,1000183963,remove,switzerland,duplicate of switzerland CH_v43_8416d8460ec3 at 0.05 m
france,1000184009,remove,germany,duplicate of germany 11000167277 at 0.05 m
france,1000184014,remove,germany,duplicate of germany 11000167283 at 0.03 m
france,1000184089,reassign,switzerland,new to switzerland
france,1000184090,remove,switzerland,duplicate of switzerland CH_v43_ff6ddbc05509 at 0.03 m
france,1000184154,reassign,switzerland,new to switzerland; nearest existing 177.9 m
france,1000184215,reassign,switzerland,new to switzerland
france,1000184277,remove,germany,duplicate of germany 11000168193 at 0.05 m
france,1000184278,remove,germany,duplicate of germany 11000168198 at 0.06 m
france,1000184279,remove,germany,duplicate of germany 11000168199 at 0.01 m
france,1000184320,remove,germany,duplicate of germany 11000168293 at 0.03 m
france,1000184342,remove,switzerland,duplicate of switzerland CH_v43_c043f6d67068 at 0.04 m
france,1000184357,remove,switzerland,duplicate of switzerland CH_v43_a7a0c9f1dd71 at 0.01 m
france,1000184405,remove,germany,duplicate of germany 11000168551 at 0.06 m
france,1000184506,remove,germany,duplicate of germany 11000168881 at 0.03 m
france,1000184507,remove,germany,duplicate of germany 11000168882 at 0.03 m
france,1000184522,remove,germany,duplicate of germany 11000168897 at 0.03 m
france,1000184594,remove,germany,duplicate of germany 11000168991 at 0.02 m
france,1000184653,remove,germany,duplicate of germany 11000169252 at 0.06 m
france,1000185146,remove,germany,duplicate of germany 11000170641 at 0.05 m
france,1000185219,remove,germany,duplicate of germany 11000170806 at 0.02 m
france,1000185225,remove,germany,duplicate of germany 11000170827 at 0.03 m
france,1000185237,remove,germany,duplicate of germany 11000170880 at 0.00 m
france,1000185252,remove,germany,duplicate of germany 11000170922 at 0.05 m
france,1000185586,remove,germany,duplicate of germany 11000171141 at 0.04 m
france,1000185587,remove,germany,duplicate of germany 11000171142 at 0.02 m
france,1000185722,remove,germany,duplicate of germany 11000171473 at 0.04 m
france,1000185730,remove,switzerland,duplicate of switzerland CH_v43_c3daff9e5070 at 0.03 m
france,1000185798,remove,switzerland,duplicate of switzerland CH_v43_046d5b9484d5 at 0.05 m
france,1000185803,remove,germany,duplicate of germany 11000171657 at 0.01 m
france,1000185864,remove,germany,duplicate of germany 11000171827 at 0.02 m
france,1000185915,remove,germany,duplicate of germany 11000055152 at 0.06 m
france,1000185919,remove,germany,duplicate of germany 11000171904 at 0.02 m
france,1000186167,remove,germany,duplicate of germany 11000172199 at 0.03 m
france,1000186225,remove,germany,duplicate of germany 11000172222 at 0.05 m
france,1000186454,remove,germany,duplicate of germany 11000172553 at 0.04 m
france,1000186474,remove,germany,duplicate of germany 11000055578 at 0.04 m
france,1000186692,remove,germany,duplicate of germany 11000172780 at 0.05 m
france,1000186820,remove,switzerland,duplicate of switzerland CH_736589083 at 4.03 m
france,1000186835,reassign,switzerland,new to switzerland; nearest existing 139.2 m
france,1000186878,remove,switzerland,duplicate of switzerland CH_v43_b880889050e5 at 0.03 m
france,1000187024,reassign,switzerland,new to switzerland
france,1000187151,remove,germany,duplicate of germany 11000173435 at 0.03 m
france,1000187243,remove,germany,duplicate of germany 11000173638 at 0.03 m
france,1000187275,remove,germany,duplicate of germany 11000173694 at 0.05 m
france,1000187383,remove,germany,duplicate of germany 11000173958 at 0.01 m
france,1000187391,remove,switzerland,duplicate of switzerland CH_v43_7f0c7785dd7a at 0.04 m
france,1000187533,remove,switzerland,duplicate of switzerland CH_803903329 at 4.06 m
france,1000187604,remove,germany,duplicate of germany 11000174303 at 0.03 m
france,1000187628,remove,germany,duplicate of germany 11000174374 at 0.03 m
france,1000187703,remove,germany,duplicate of germany 11000174554 at 0.02 m
france,1000187704,remove,germany,duplicate of germany 11000174555 at 0.06 m
france,1000187748,remove,germany,duplicate of germany 11000174619 at 0.04 m
france,1000187755,remove,germany,duplicate of germany 11000174629 at 0.04 m
france,1000187849,remove,switzerland,duplicate of switzerland CH_v43_6a2602280d55 at 0.02 m
france,1000187872,remove,germany,duplicate of germany 11000174823 at 0.06 m
france,1000187877,remove,germany,duplicate of germany 11000174828 at 0.03 m
france,1000187878,remove,germany,duplicate of germany 11000174829 at 0.03 m
france,1000187879,remove,germany,duplicate of germany 11000174836 at 0.04 m
france,1000187880,remove,germany,duplicate of germany 11000174838 at 0.03 m
france,1000187890,remove,germany,duplicate of germany 11000174848 at 0.03 m
france,1000188047,remove,germany,duplicate of germany 11000175008 at 0.02 m
france,1000188117,remove,germany,duplicate of germany 11000175099 at 0.06 m
france,1000188286,remove,germany,duplicate of germany 11000057639 at 0.04 m
france,1000188326,remove,germany,duplicate of germany 11000057688 at 0.04 m
france,1000188859,remove,germany,duplicate of germany 11000175726 at 0.06 m
france,1000188951,remove,germany,duplicate of germany 11000175821 at 0.01 m
france,1000189201,remove,germany,duplicate of germany 11000058396 at 0.04 m
france,1000189202,remove,switzerland,duplicate of switzerland CH_v43_93495ce96d02 at 0.01 m
france,1000189208,reassign,switzerland,new to switzerland
france,1000189210,reassign,switzerland,new to switzerland
france,1000189215,remove,germany,duplicate of germany 11000176277 at 0.01 m
france,1000189256,remove,switzerland,duplicate of switzerland CH_v43_b8db781fed07 at 0.02 m
france,1000189258,remove,switzerland,duplicate of switzerland CH_v43_d30ba0239aac at 0.05 m
france,1000189332,remove,germany,duplicate of germany 11000058597 at 0.06 m
france,1000189372,reassign,switzerland,new to switzerland
france,1000189373,reassign,switzerland,new to switzerland
france,1000189410,remove,switzerland,duplicate of switzerland CH_v43_2058b976f580 at 0.01 m
france,1000189411,remove,switzerland,duplicate of switzerland CH_v43_344719f50d72 at 0.02 m
france,1000189453,remove,germany,duplicate of germany 11000058805 at 0.03 m
france,1000189551,remove,germany,duplicate of germany 11000176770 at 0.04 m
france,1000189581,remove,switzerland,duplicate of switzerland CH_v43_7ebae0cd3b64 at 0.03 m
france,1000189611,remove,germany,duplicate of germany 11000058935 at 0.00 m
france,1000189662,remove,germany,duplicate of germany 11000059025 at 0.05 m
france,1000189665,remove,germany,duplicate of germany 11000059028 at 0.04 m
france,1000189685,remove,switzerland,duplicate of switzerland CH_v43_9bdcc2b87487 at 0.01 m
france,1000189788,remove,germany,duplicate of germany 11000177174 at 0.05 m
france,1000189987,remove,switzerland,duplicate of switzerland CH_v43_fd3feba84617 at 0.03 m
france,1000189999,remove,switzerland,duplicate of switzerland CH_1024581441 at 1.65 m
france,1000190007,remove,germany,duplicate of germany 11000177431 at 0.01 m
france,1000190015,remove,germany,duplicate of germany 11000177454 at 0.04 m
france,1000190032,remove,germany,duplicate of germany 11000177524 at 0.03 m
france,1000190074,remove,germany,duplicate of germany 11000177723 at 0.03 m
france,1000190530,remove,germany,duplicate of germany 11000060514 at 0.05 m
france,1000190562,remove,germany,duplicate of germany 11000178843 at 0.04 m
france,1000190617,remove,germany,duplicate of germany 11000178923 at 0.05 m
france,1000190655,remove,switzerland,duplicate of switzerland CH_v43_8c0370d5eb39 at 0.05 m
france,1000190776,remove,switzerland,duplicate of switzerland CH_v43_010fe99031bf at 0.04 m
france,1000190899,remove,germany,duplicate of germany 11000179505 at 0.06 m
france,1000190939,remove,germany,duplicate of germany 11000179593 at 0.01 m
france,1000190962,remove,switzerland,duplicate of switzerland CH_v43_0d4d5229e565 at 0.04 m
france,1000190963,remove,switzerland,duplicate of switzerland CH_v43_7952b97ca02b at 0.06 m
france,1000190964,remove,switzerland,duplicate of switzerland CH_v43_33f78a661ef3 at 0.02 m
france,1000191075,remove,germany,duplicate of germany 11000061752 at 0.03 m
france,1000191452,remove,germany,duplicate of germany 11000180592 at 0.04 m
france,1000191506,remove,switzerland,duplicate of switzerland CH_v43_beb65e4ba0cc at 0.06 m
france,1000191526,reassign,switzerland,new to switzerland
france,1000191591,reassign,switzerland,new to switzerland
france,1000191660,remove,germany,duplicate of germany 11000180994 at 0.03 m
france,1000191696,remove,germany,duplicate of germany 11000181099 at 0.03 m
france,1000191737,remove,germany,duplicate of germany 11000181230 at 0.03 m
france,1000191891,remove,germany,duplicate of germany 11000181404 at 0.02 m
france,1000192099,remove,germany,duplicate of germany 11000181546 at 0.05 m
france,1000192300,remove,germany,duplicate of germany 11000181841 at 0.03 m
france,1000192351,remove,switzerland,duplicate of switzerland CH_v43_fca46162e9e2 at 0.03 m
france,1000192492,remove,switzerland,duplicate of switzerland CH_v43_cdb1b0c06fb0 at 0.04 m
france,1000192493,remove,switzerland,duplicate of switzerland CH_v43_06c87e82657a at 0.03 m
france,1000192516,remove,germany,duplicate of germany 11000063812 at 0.06 m
france,1000193045,remove,germany,duplicate of germany 11000184073 at 0.05 m
france,1000193271,remove,switzerland,duplicate of switzerland CH_v43_3aba2b62b4ff at 0.04 m
france,1000193364,reassign,switzerland,new to switzerland
france,1000193365,remove,switzerland,duplicate of switzerland CH_v43_8244d05e0ac4 at 0.01 m
france,1000193436,remove,germany,duplicate of germany 11000184592 at 0.00 m
france,1000193439,remove,germany,duplicate of germany 11000184603 at 0.05 m
france,1000193453,remove,germany,duplicate of germany 11000065158 at 0.04 m
france,1000193496,remove,germany,duplicate of germany 11000065273 at 0.01 m
france,1000193604,remove,germany,duplicate of germany 11000065567 at 0.06 m
france,1000193623,remove,germany,duplicate of germany 11000065588 at 0.04 m
france,1000193662,remove,germany,duplicate of germany 11000065662 at 0.03 m
france,1000193663,remove,germany,duplicate of germany 11000065663 at 0.04 m
france,1000193725,remove,germany,duplicate of germany 11000065765 at 0.06 m
france,1000193726,remove,germany,duplicate of germany 11000065766 at 0.04 m
france,1000193727,remove,germany,duplicate of germany 11000065767 at 0.02 m
france,1000193729,remove,germany,duplicate of germany 11000065768 at 0.04 m
france,1000193893,remove,germany,duplicate of germany 11000066094 at 0.06 m
france,1000193914,remove,germany,duplicate of germany 11000185569 at 0.03 m
france,1000193915,remove,germany,duplicate of germany 11000066151 at 0.02 m
france,1000193916,remove,germany,duplicate of germany 11000185582 at 0.01 m
france,1000193935,remove,germany,duplicate of germany 11000185603 at 0.06 m
france,1000193936,remove,germany,duplicate of germany 11000185604 at 0.03 m
france,1000193937,remove,germany,duplicate of germany 11000185605 at 0.03 m
france,1000193938,remove,germany,duplicate of germany 11000185606 at 0.03 m
france,1000193940,remove,germany,duplicate of germany 11000185608 at 0.02 m
france,1000193941,remove,germany,duplicate of germany 11000185609 at 0.01 m
france,1000193942,remove,germany,duplicate of germany 11000185610 at 0.04 m
france,1000193943,remove,germany,duplicate of germany 11000185611 at 0.05 m
france,1000193945,reassign,switzerland,new to switzerland
france,1000193946,reassign,switzerland,new to switzerland; nearest existing 106.5 m
france,1000193947,remove,switzerland,duplicate of switzerland CH_v43_ac58ce892ed0 at 0.04 m
france,1000193948,remove,switzerland,duplicate of switzerland CH_v43_41c119d86073 at 0.05 m
france,1000193949,remove,switzerland,duplicate of switzerland CH_v43_cf69d63641e6 at 0.02 m
france,1000193950,remove,switzerland,duplicate of switzerland CH_v43_4ecb3517883e at 0.05 m
france,1000193951,remove,switzerland,duplicate of switzerland CH_v43_8d90698e7cdd at 0.01 m
france,1000194002,remove,germany,duplicate of germany 11000066268 at 0.04 m
france,1000194015,remove,germany,duplicate of germany 11000185744 at 0.05 m
france,1000194016,remove,germany,duplicate of germany 11000185745 at 0.05 m
france,1000194089,remove,germany,duplicate of germany 11000066497 at 0.06 m
france,1000194183,remove,germany,duplicate of germany 11000186216 at 0.05 m
france,1000194336,remove,germany,duplicate of germany 11000186482 at 0.05 m
france,1000194390,remove,germany,duplicate of germany 11000186697 at 0.06 m
france,1000194431,remove,switzerland,duplicate of switzerland CH_v43_29d68ed1d495 at 0.04 m
france,1000194442,remove,germany,duplicate of germany 11000067017 at 0.03 m
france,1000194753,remove,germany,duplicate of germany 11000067664 at 0.02 m
france,1000194754,remove,germany,duplicate of germany 11000067665 at 0.05 m
france,1000194838,reassign,switzerland,new to switzerland
germany,11000001860,remove,netherlands,duplicate of netherlands NL_v43_1e5aa99ecb20 at 0.02 m
germany,11000001909,remove,poland,duplicate of poland PL_v43_ac062291bb18 at 0.01 m
germany,11000002014,remove,netherlands,duplicate of netherlands NL_1785265117 at 0.02 m
germany,11000004108,remove,poland,duplicate of poland PL_v43_d4d00151ecbe at 0.06 m
germany,11000004111,reassign,poland,new to poland
germany,11000004112,remove,poland,duplicate of poland PL_v43_18a47b988a49 at 0.05 m
germany,11000005490,remove,netherlands,duplicate of netherlands NL_v43_858775ba4cd8 at 0.05 m
germany,11000006815,remove,poland,duplicate of poland PL_v43_94c6573ed01a at 0.02 m
germany,11000006845,remove,poland,duplicate of poland PL_v43_d4531d42b5f0 at 0.05 m
germany,11000006856,remove,poland,duplicate of poland PL_v43_b99bb86d348b at 0.03 m
germany,11000006862,remove,poland,duplicate of poland PL_v43_cc5d11da0a1d at 0.02 m
germany,11000006863,remove,poland,duplicate of poland PL_v43_0192dfbf180b at 0.03 m
germany,11000008070,remove,poland,duplicate of poland PL_v43_10523c8a2703 at 0.02 m
germany,11000008071,remove,poland,duplicate of poland PL_v43_378d6dc8acfe at 0.05 m
germany,11000008810,remove,poland,duplicate of poland PL_v43_9bea39af0d93 at 0.06 m
germany,11000009657,reassign,denmark,new to denmark
germany,11000011904,remove,poland,duplicate of poland PL_85501046 at 0.00 m
germany,11000012067,remove,denmark,duplicate of denmark DK_0096 at 0.00 m
germany,11000012518,remove,denmark,duplicate of denmark DK_0252 at 0.00 m
germany,11000012554,remove,denmark,duplicate of denmark DK_0257 at 0.00 m
germany,11000012771,remove,poland,duplicate of poland PL_v43_75ab716dab45 at 0.04 m
germany,11000012973,remove,denmark,duplicate of denmark DK_0345 at 0.00 m
germany,11000013027,remove,netherlands,duplicate of netherlands NL_167107738 at 11.10 m
germany,11000013037,remove,netherlands,duplicate of netherlands NL_167670574 at 25.97 m
germany,11000013038,remove,netherlands,duplicate of netherlands NL_167670576 at 27.95 m
germany,11000013194,remove,denmark,duplicate of denmark DK_0433 at 0.13 m
germany,11000013197,remove,denmark,duplicate of denmark DK_0436 at 0.00 m
germany,11000013199,remove,denmark,duplicate of denmark DK_0438 at 0.00 m
germany,11000013202,remove,poland,duplicate of poland PL_177475735 at 0.00 m
germany,11000013211,remove,denmark,duplicate of denmark DK_0442 at 0.00 m
germany,11000013213,remove,denmark,duplicate of denmark DK_0444 at 0.00 m
germany,11000013215,remove,denmark,duplicate of denmark DK_0446 at 0.00 m
germany,11000013224,remove,denmark,duplicate of denmark DK_0451 at 0.00 m
germany,11000013225,remove,denmark,duplicate of denmark DK_0452 at 0.00 m
germany,11000013523,remove,poland,duplicate of poland PL_v43_447588cf0c24 at 0.02 m
germany,11000013687,remove,poland,duplicate of poland PL_v43_6c82873496dc at 0.01 m
germany,11000013688,reassign,poland,new to poland
germany,11000013689,remove,poland,duplicate of poland PL_v43_1691ec8c4954 at 0.01 m
germany,11000013690,remove,poland,duplicate of poland PL_v43_d68b42f77a9a at 0.04 m
germany,11000013691,remove,poland,duplicate of poland PL_v43_b46fe69d30da at 0.02 m
germany,11000013692,remove,poland,duplicate of poland PL_v43_a3ac1a4ae9ea at 0.03 m
germany,11000013811,reassign,poland,new to poland; nearest existing 87.0 m
germany,11000013812,remove,poland,duplicate of poland PL_222700400 at 0.00 m
germany,11000013818,remove,denmark,duplicate of denmark DK_0707 at 0.00 m
germany,11000013979,remove,poland,duplicate of poland PL_v43_39c8b101d7cd at 0.05 m
germany,11000014593,remove,netherlands,duplicate of netherlands NL_270872372 at 0.96 m
germany,11000014594,remove,netherlands,duplicate of netherlands NL_v43_770d5ee87e26 at 0.03 m
germany,11000014618,remove,netherlands,duplicate of netherlands NL_v43_8e17675b4b7a at 0.04 m
germany,11000014644,remove,netherlands,duplicate of netherlands NL_v43_e0e1f6eaac55 at 0.03 m
germany,11000014763,remove,netherlands,duplicate of netherlands NL_v43_fcffa7f540cd at 0.03 m
germany,11000014764,remove,netherlands,duplicate of netherlands NL_v43_31c3d09e52de at 0.04 m
germany,11000014775,remove,netherlands,duplicate of netherlands NL_v43_549b69eca6d6 at 0.05 m
germany,11000014776,remove,netherlands,duplicate of netherlands NL_v43_a353f9743e64 at 0.05 m
germany,11000014777,remove,netherlands,duplicate of netherlands NL_v43_35592d2159c2 at 0.03 m
germany,11000014778,remove,netherlands,duplicate of netherlands NL_v43_197bf59e8de4 at 0.01 m
germany,11000014783,remove,netherlands,duplicate of netherlands NL_v43_c917db075342 at 0.01 m
germany,11000014785,remove,netherlands,duplicate of netherlands NL_v43_d48122550347 at 0.05 m
germany,11000014915,remove,netherlands,duplicate of netherlands NL_v43_e333aeb81c4a at 0.05 m
germany,11000014916,remove,netherlands,duplicate of netherlands NL_v43_1a9d35020386 at 0.06 m
germany,11000014917,reassign,netherlands,new to netherlands
germany,11000014918,remove,netherlands,duplicate of netherlands NL_v43_f15da735b676 at 0.01 m
germany,11000014919,reassign,netherlands,new to netherlands
germany,11000014920,remove,netherlands,duplicate of netherlands NL_278791899 at 0.62 m
germany,11000014925,reassign,netherlands,new to netherlands
germany,11000014926,remove,netherlands,duplicate of netherlands NL_v43_ba9f2c630a12 at 0.06 m
germany,11000014927,remove,netherlands,duplicate of netherlands NL_v43_31281a8db184 at 0.05 m
germany,11000014929,reassign,netherlands,new to netherlands
germany,11000014930,reassign,netherlands,new to netherlands; nearest existing 148.3 m
germany,11000014931,remove,netherlands,duplicate of netherlands NL_278816814 at 0.60 m
germany,11000014932,remove,netherlands,duplicate of netherlands NL_278817005 at 0.56 m
germany,11000014936,remove,netherlands,duplicate of netherlands NL_v43_09c518475cf4 at 0.02 m
germany,11000014937,remove,netherlands,duplicate of netherlands NL_v43_6ddcabe98880 at 0.05 m
germany,11000014938,remove,netherlands,duplicate of netherlands NL_v43_144854923d1a at 0.01 m
germany,11000014939,remove,netherlands,duplicate of netherlands NL_v43_6d2ae575c743 at 0.05 m
germany,11000014940,remove,netherlands,duplicate of netherlands NL_v43_e1189be10eaa at 0.02 m
germany,11000014941,remove,netherlands,duplicate of netherlands NL_v43_130733d96f06 at 0.03 m
germany,11000014944,reassign,netherlands,new to netherlands
germany,11000014945,remove,netherlands,duplicate of netherlands NL_v43_9babb0ab32f5 at 0.01 m
germany,11000014946,remove,netherlands,duplicate of netherlands NL_v43_15804d933397 at 0.03 m
germany,11000014947,reassign,netherlands,new to netherlands
germany,11000014948,reassign,netherlands,new to netherlands
germany,11000014949,reassign,netherlands,new to netherlands
germany,11000014950,reassign,netherlands,new to netherlands
germany,11000014951,remove,netherlands,duplicate of netherlands NL_278867396 at 0.27 m
germany,11000014952,remove,netherlands,duplicate of netherlands NL_278867873 at 0.98 m
germany,11000014953,remove,netherlands,duplicate of netherlands NL_278867931 at 1.04 m
germany,11000014954,remove,netherlands,duplicate of netherlands NL_278868392 at 0.34 m
germany,11000014955,remove,netherlands,duplicate of netherlands NL_v43_867cfdea02e6 at 0.03 m
germany,11000014956,reassign,netherlands,new to netherlands
germany,11000014957,remove,netherlands,duplicate of netherlands NL_v43_5bcff256e5c9 at 0.03 m
germany,11000014958,remove,netherlands,duplicate of netherlands NL_v43_1a6fb29fa0c1 at 0.04 m
germany,11000014959,reassign,netherlands,new to netherlands
germany,11000014960,remove,netherlands,duplicate of netherlands NL_v43_b4abf22f86b0 at 0.05 m
germany,11000014961,remove,netherlands,duplicate of netherlands NL_v43_515d46d5f8c3 at 0.02 m
germany,11000014962,remove,netherlands,duplicate of netherlands NL_v43_75bd3c67f248 at 0.03 m
germany,11000014965,remove,netherlands,duplicate of netherlands NL_v43_bdbf65cbd6f2 at 0.03 m
germany,11000014966,remove,netherlands,duplicate of netherlands NL_278891014 at 1.01 m
germany,11000014970,remove,netherlands,duplicate of netherlands NL_v43_222f984691be at 0.05 m
germany,11000014971,remove,netherlands,duplicate of netherlands NL_v43_3c36a6042894 at 0.05 m
germany,11000014972,remove,netherlands,duplicate of netherlands NL_v43_394a3bab8970 at 0.04 m
germany,11000014973,remove,netherlands,duplicate of netherlands NL_v43_2b3ca51ea8cd at 0.02 m
germany,11000014974,reassign,netherlands,new to netherlands
germany,11000014975,remove,netherlands,duplicate of netherlands NL_v43_3a2c3ca3c119 at 0.03 m
germany,11000014987,remove,netherlands,duplicate of netherlands NL_v43_08d434d451fd at 0.05 m
germany,11000014988,remove,netherlands,duplicate of netherlands NL_v43_c9a7e4a82637 at 0.06 m
germany,11000014989,remove,netherlands,duplicate of netherlands NL_v43_6f6f0936fe5a at 0.02 m
germany,11000015320,remove,netherlands,duplicate of netherlands NL_v43_32f5866b49e0 at 0.05 m
germany,11000015321,remove,netherlands,duplicate of netherlands NL_v43_afc8fb659cac at 0.01 m
germany,11000015322,remove,netherlands,duplicate of netherlands NL_v43_6a783312d804 at 0.04 m
germany,11000015323,remove,netherlands,duplicate of netherlands NL_v43_f68e29842d5d at 0.02 m
germany,11000015324,remove,netherlands,duplicate of netherlands NL_286762730 at 0.58 m
germany,11000015326,remove,netherlands,duplicate of netherlands NL_v43_78199a235496 at 0.02 m
germany,11000015327,remove,netherlands,duplicate of netherlands NL_v43_c96375266ab9 at 0.05 m
germany,11000015329,remove,netherlands,duplicate of netherlands NL_v43_5365c1e3e7e9 at 0.03 m
germany,11000015330,remove,netherlands,duplicate of netherlands NL_v43_4ad4693494d7 at 0.02 m
germany,11000015331,remove,netherlands,duplicate of netherlands NL_v43_49e05a8ac1a5 at 0.03 m
germany,11000015332,remove,netherlands,duplicate of netherlands NL_v43_b9d1800b08c1 at 0.03 m
germany,11000015334,remove,netherlands,duplicate of netherlands NL_v43_bca69c8f5c17 at 0.05 m
germany,11000015337,remove,netherlands,duplicate of netherlands NL_v43_b1e63a7b0ae9 at 0.05 m
germany,11000015338,remove,netherlands,duplicate of netherlands NL_v43_00a01e25fa47 at 0.05 m
germany,11000015340,remove,netherlands,duplicate of netherlands NL_286775586 at 0.60 m
germany,11000015347,reassign,netherlands,new to netherlands
germany,11000015348,remove,netherlands,duplicate of netherlands NL_v43_80df9cc8f745 at 0.03 m
germany,11000015349,remove,netherlands,duplicate of netherlands NL_v43_83b40be5595f at 0.04 m
germany,11000015351,remove,netherlands,duplicate of netherlands NL_v43_8833fcc8e06f at 0.04 m
germany,11000015352,remove,netherlands,duplicate of netherlands NL_v43_3b9cacea79c9 at 0.02 m
germany,11000015353,remove,netherlands,duplicate of netherlands NL_v43_0b389c640db3 at 0.06 m
germany,11000015355,remove,netherlands,duplicate of netherlands NL_v43_d847792a4c39 at 0.03 m
germany,11000015357,reassign,netherlands,new to netherlands
germany,11000015358,remove,netherlands,duplicate of netherlands NL_v43_0fabae72857f at 0.06 m
germany,11000015359,remove,netherlands,duplicate of netherlands NL_v43_4457548be9bc at 0.03 m
germany,11000015360,remove,netherlands,duplicate of netherlands NL_v43_12433d6931fc at 0.05 m
germany,11000015361,remove,netherlands,duplicate of netherlands NL_v43_d40039076073 at 0.06 m
germany,11000015362,remove,netherlands,duplicate of netherlands NL_v43_17fedf7bb8bd at 0.04 m
germany,11000015363,remove,netherlands,duplicate of netherlands NL_v43_34da7e45a690 at 0.04 m
germany,11000015365,remove,netherlands,duplicate of netherlands NL_286794884 at 0.44 m
germany,11000015366,remove,netherlands,duplicate of netherlands NL_286795557 at 0.09 m
germany,11000015372,remove,netherlands,duplicate of netherlands NL_v43_766fbf58f750 at 0.04 m
germany,11000015490,reassign,poland,new to poland
germany,11000015491,remove,poland,duplicate of poland PL_v43_87eab76caf8f at 0.04 m
germany,11000015492,remove,poland,duplicate of poland PL_v43_154c9dcfa269 at 0.03 m
germany,11000015498,remove,poland,duplicate of poland PL_v43_4ab3ae61f3f3 at 0.05 m
germany,11000015499,remove,poland,duplicate of poland PL_v43_cac873bfcbfc at 0.05 m
germany,11000015500,remove,poland,duplicate of poland PL_v43_fb9bb1719bae at 0.02 m
germany,11000015501,remove,poland,duplicate of poland PL_v43_1f56b12373a2 at 0.01 m
germany,11000015502,remove,poland,duplicate of poland PL_v43_718a82083e68 at 0.03 m
germany,11000015503,remove,poland,duplicate of poland PL_v43_87878cd4e8aa at 0.04 m
germany,11000015504,remove,poland,duplicate of poland PL_v43_6d9d0ba9f58f at 0.03 m
germany,11000015505,remove,poland,duplicate of poland PL_v43_b1971316f863 at 0.01 m
germany,11000015618,remove,poland,duplicate of poland PL_v43_ab0224a571bc at 0.02 m
germany,11000015620,remove,poland,duplicate of poland PL_v43_28dfc8fd73eb at 0.01 m
germany,11000015623,remove,poland,duplicate of poland PL_v43_f4fed4de6a96 at 0.00 m
germany,11000015809,remove,poland,duplicate of poland PL_v43_b269323f30a7 at 0.02 m
germany,11000015826,remove,poland,duplicate of poland PL_v43_a6d699fbb8f9 at 0.01 m
germany,11000016008,remove,poland,duplicate of poland PL_v43_18da32de2ea9 at 0.02 m
germany,11000016009,remove,poland,duplicate of poland PL_v43_a4bee3086e45 at 0.03 m
germany,11000016016,remove,poland,duplicate of poland PL_v43_97e238c327bd at 0.01 m
germany,11000016082,remove,poland,duplicate of poland PL_v43_9c8535ef4df1 at 0.06 m
germany,11000016083,remove,poland,duplicate of poland PL_v43_74bd79e52bf8 at 0.03 m
germany,11000016175,remove,denmark,duplicate of denmark DK_0941 at 0.00 m
germany,11000016205,remove,poland,duplicate of poland PL_v43_c2e2bbaee21d at 0.01 m
germany,11000016211,remove,poland,duplicate of poland PL_v43_ad6dbfdaef67 at 0.03 m
germany,11000016212,remove,poland,duplicate of poland PL_v43_df01e8986f5e at 0.03 m
germany,11000016218,remove,poland,duplicate of poland PL_v43_2b6e172ff94c at 0.04 m
germany,11000016219,remove,poland,duplicate of poland PL_v43_33ed0e0dcafe at 0.05 m
germany,11000016220,remove,poland,duplicate of poland PL_v43_58b15f1cb21d at 0.02 m
germany,11000016229,reassign,poland,new to poland
germany,11000016232,remove,poland,duplicate of poland PL_v43_8d4bc951ee9c at 0.03 m
germany,11000016234,remove,poland,duplicate of poland PL_v43_eb307fe719e6 at 0.06 m
germany,11000016242,remove,poland,duplicate of poland PL_v43_018690a2df84 at 0.02 m
germany,11000016248,remove,poland,duplicate of poland PL_v43_41b6fddf7dac at 0.04 m
germany,11000016252,remove,poland,duplicate of poland PL_v43_dc3e17b346f5 at 0.03 m
germany,11000016268,remove,poland,duplicate of poland PL_v43_4abed1027163 at 0.02 m
germany,11000016269,remove,poland,duplicate of poland PL_v43_670fd4163033 at 0.03 m
germany,11000016271,remove,poland,duplicate of poland PL_v43_9f832937f74a at 0.05 m
germany,11000016272,remove,poland,duplicate of poland PL_v43_5d034d80e17d at 0.03 m
germany,11000016273,remove,poland,duplicate of poland PL_v43_41ead967a470 at 0.04 m
germany,11000016274,remove,poland,duplicate of poland PL_v43_247c02d3a782 at 0.03 m
germany,11000016275,remove,poland,duplicate of poland PL_v43_3ca1a9e00d8e at 0.02 m
germany,11000016276,remove,poland,duplicate of poland PL_v43_b66c6c01b0b6 at 0.02 m
germany,11000016319,remove,poland,duplicate of poland PL_v43_bbb457c1d69d at 0.05 m
germany,11000016320,remove,poland,duplicate of poland PL_v43_5eaeacb1cd3f at 0.05 m
germany,11000016332,remove,poland,duplicate of poland PL_v43_f2e60417a4d3 at 0.01 m
germany,11000016333,remove,poland,duplicate of poland PL_v43_1dcdb6d3f174 at 0.04 m
germany,11000016334,remove,poland,duplicate of poland PL_v43_9aef0ad927ee at 0.06 m
germany,11000016335,remove,poland,duplicate of poland PL_v43_9784e858ccaf at 0.02 m
germany,11000016336,remove,poland,duplicate of poland PL_v43_68201562abbb at 0.04 m
germany,11000016339,remove,poland,duplicate of poland PL_v43_16aff1f6e12c at 0.05 m
germany,11000016573,remove,poland,duplicate of poland PL_346965987 at 0.00 m
germany,11000016592,remove,poland,duplicate of poland PL_v43_dc0e664621c5 at 0.01 m
germany,11000016932,remove,poland,duplicate of poland PL_v43_85ae6005aa51 at 0.02 m
germany,11000017059,remove,denmark,duplicate of denmark DK_v43_d041fedba38f at 0.00 m
germany,11000017614,remove,poland,duplicate of poland PL_v43_e79b858d0014 at 0.05 m
germany,11000018738,remove,poland,duplicate of poland PL_706823316 at 35.40 m
germany,11000018739,remove,poland,duplicate of poland PL_706823316 at 0.00 m
germany,11000018774,remove,netherlands,duplicate of netherlands NL_714802176 at 10.38 m
germany,11000018791,remove,netherlands,duplicate of netherlands NL_720890885 at 2.29 m
germany,11000019016,remove,poland,duplicate of poland PL_v43_467c2a3411f0 at 0.01 m
germany,11000019038,remove,poland,duplicate of poland PL_v43_f84baa81b828 at 0.03 m
germany,11000019347,remove,poland,duplicate of poland PL_v43_9cf459a706fc at 0.04 m
germany,11000019356,remove,poland,duplicate of poland PL_826608514 at 0.00 m
germany,11000020383,remove,poland,duplicate of poland PL_v43_52e56a7fdbaf at 0.03 m
germany,11000020541,remove,netherlands,duplicate of netherlands NL_v43_887362bfd452 at 0.05 m
germany,11000020542,remove,netherlands,duplicate of netherlands NL_v43_d9e98004415b at 0.04 m
germany,11000020543,remove,netherlands,duplicate of netherlands NL_v43_f3643058cab8 at 0.02 m
germany,11000020544,remove,netherlands,duplicate of netherlands NL_v43_4d3b8a18e63e at 0.03 m
germany,11000020545,remove,netherlands,duplicate of netherlands NL_v43_632ab9370a16 at 0.05 m
germany,11000020649,remove,poland,duplicate of poland PL_v43_e7540a927fc7 at 0.03 m
germany,11000020768,remove,denmark,duplicate of denmark DK_1654 at 0.00 m
germany,11000020806,remove,poland,duplicate of poland PL_v43_bd7cca677183 at 0.04 m
germany,11000021079,remove,netherlands,duplicate of netherlands NL_1117427745 at 2.74 m
germany,11000021209,remove,poland,duplicate of poland PL_v43_115e5eaf7490 at 0.05 m
germany,11000021359,remove,poland,duplicate of poland PL_v43_9bf939cc89e8 at 0.05 m
germany,11000021360,remove,poland,duplicate of poland PL_v43_ff7378d4c527 at 0.02 m
germany,11000021582,remove,poland,duplicate of poland PL_v43_80466022b793 at 0.03 m
germany,11000022296,remove,netherlands,duplicate of netherlands NL_1289127973 at 0.52 m
germany,11000022421,remove,denmark,duplicate of denmark DK_1797 at 0.00 m
germany,11000022725,remove,poland,duplicate of poland PL_v43_db4d253d97f9 at 0.04 m
germany,11000022921,remove,poland,duplicate of poland PL_v43_ab9d34c01ff2 at 0.03 m
germany,11000022922,remove,poland,duplicate of poland PL_v43_9897425c7c41 at 0.02 m
germany,11000022950,remove,poland,duplicate of poland PL_v43_ab5cd8612715 at 0.04 m
germany,11000022951,remove,poland,duplicate of poland PL_v43_fa412ef3a711 at 0.04 m
germany,11000022952,remove,poland,duplicate of poland PL_v43_fb1eab9d9f4a at 0.03 m
germany,11000023005,remove,denmark,duplicate of denmark DK_2082 at 0.00 m
germany,11000023122,reassign,poland,new to poland
germany,11000023245,remove,poland,duplicate of poland PL_v43_2fbca53302b4 at 0.01 m
germany,11000023399,remove,poland,duplicate of poland PL_1415632808 at 0.00 m
germany,11000023400,remove,poland,duplicate of poland PL_1415633904 at 0.00 m
germany,11000023602,reassign,netherlands,new to netherlands
germany,11000023611,reassign,netherlands,new to netherlands
germany,11000023675,remove,poland,duplicate of poland PL_v43_4ff2661afb39 at 0.03 m
germany,11000023703,remove,poland,duplicate of poland PL_v43_adba92b17ff8 at 0.04 m
germany,11000023808,remove,netherlands,duplicate of netherlands NL_1462681424 at 0.26 m
germany,11000023915,remove,denmark,duplicate of denmark DK_2433 at 0.00 m
germany,11000023916,remove,denmark,duplicate of denmark DK_2434 at 0.00 m
germany,11000024017,remove,poland,duplicate of poland PL_v43_f87fa5282278 at 0.04 m
germany,11000024021,remove,poland,duplicate of poland PL_v43_a21a2a279096 at 0.06 m
germany,11000024101,remove,denmark,duplicate of denmark DK_v43_c15d9c641b0d at 0.03 m
germany,11000024102,remove,denmark,duplicate of denmark DK_v43_e7066aeb81c5 at 0.05 m
germany,11000024106,remove,poland,duplicate of poland PL_v43_62bf55a26a59 at 0.01 m
germany,11000024210,remove,poland,duplicate of poland PL_v43_287271317d08 at 0.03 m
germany,11000025772,reassign,belgium,new to belgium
germany,11000025773,reassign,belgium,new to belgium
germany,11000025774,reassign,belgium,new to belgium
germany,11000025786,remove,belgium,duplicate of belgium BE_v43_7facc76da1d0 at 0.01 m
germany,11000025787,remove,belgium,duplicate of belgium BE_v43_36a5ec79db3e at 0.03 m
germany,11000025951,remove,belgium,duplicate of belgium BE_v43_43c1f1412770 at 0.04 m
germany,11000025970,remove,belgium,duplicate of belgium BE_1432149359 at 0.04 m
germany,11000026010,remove,belgium,duplicate of belgium BE_v43_a87f8917bad7 at 0.03 m
germany,11000026167,remove,belgium,duplicate of belgium BE_v43_c85e1cae4182 at 0.05 m
germany,11000026277,remove,netherlands,duplicate of netherlands NL_v43_ee4acfd2ff3f at 0.00 m
germany,11000026393,reassign,france,new to france
germany,11000029015,reassign,luxembourg,new to luxembourg
germany,11000029534,remove,france,duplicate of france 1000165409 at 0.01 m
germany,11000029661,remove,france,duplicate of france 1000165556 at 0.05 m
germany,11000031593,remove,luxembourg,duplicate of luxembourg LU_v43_8c0310511546 at 0.04 m
germany,11000032146,remove,belgium,duplicate of belgium BE_v43_08603f03fbfd at 0.03 m
germany,11000034309,remove,belgium,duplicate of belgium BE_v43_6280c344b05c at 0.04 m
germany,11000034310,remove,belgium,duplicate of belgium BE_v43_6bc37c5e0a3e at 0.05 m
germany,11000034367,remove,france,duplicate of france 1000167407 at 0.03 m
germany,11000034398,reassign,belgium,new to belgium
germany,11000034400,remove,belgium,duplicate of belgium BE_11329340375 at 0.02 m
germany,11000034428,remove,belgium,duplicate of belgium BE_v43_be81e73cc107 at 0.02 m
germany,11000034635,remove,netherlands,duplicate of netherlands NL_v43_b417ce2dcfc0 at 0.05 m
germany,11000034649,remove,france,duplicate of france 1000167571 at 0.04 m
germany,11000034650,remove,france,duplicate of france 1000167572 at 0.05 m
germany,11000034651,remove,france,duplicate of france 1000167573 at 0.05 m
germany,11000034652,remove,france,duplicate of france 1000167574 at 0.04 m
germany,11000034788,remove,france,duplicate of france 1000167742 at 0.04 m
germany,11000034789,remove,france,duplicate of france 1000167743 at 0.03 m
germany,11000034790,remove,france,duplicate of france 1000167744 at 0.02 m
germany,11000035225,remove,netherlands,duplicate of netherlands NL_v43_f04f71ae73af at 0.03 m
germany,11000035871,remove,france,duplicate of france 1000168829 at 0.01 m
germany,11000036623,reassign,france,new to france
germany,11000037580,remove,netherlands,duplicate of netherlands NL_v43_ae68bec9a78c at 0.05 m
germany,11000037927,reassign,netherlands,new to netherlands
germany,11000037935,remove,france,duplicate of france 1000171538 at 0.01 m
germany,11000037979,remove,netherlands,duplicate of netherlands NL_81756371 at 1.66 m
germany,11000038011,remove,france,duplicate of france 1000172132 at 0.03 m
germany,11000038012,remove,france,duplicate of france 1000172133 at 0.05 m
germany,11000038013,remove,france,duplicate of france 1000172134 at 0.05 m
germany,11000038014,remove,france,duplicate of france 1000172135 at 0.02 m
germany,11000038015,reassign,france,new to france
germany,11000038016,remove,france,duplicate of france 1000172136 at 0.02 m
germany,11000038017,remove,france,duplicate of france 1000172137 at 0.05 m
germany,11000038018,remove,france,duplicate of france 1000172138 at 0.06 m
germany,11000038019,remove,france,duplicate of france 1000172139 at 0.04 m
germany,11000038020,remove,france,duplicate of france 1000172143 at 0.05 m
germany,11000038021,remove,france,duplicate of france 1000172147 at 0.04 m
germany,11000038022,remove,france,duplicate of france 1000172148 at 0.01 m
germany,11000038023,remove,france,duplicate of france 1000172149 at 0.04 m
germany,11000038024,remove,france,duplicate of france 1000172150 at 0.03 m
germany,11000038025,remove,france,duplicate of france 1000172151 at 0.03 m
germany,11000038026,remove,france,duplicate of france 1000172152 at 0.05 m
germany,11000038038,remove,france,duplicate of france 1000172185 at 0.04 m
germany,11000038039,remove,france,duplicate of france 1000172186 at 0.01 m
germany,11000038040,remove,france,duplicate of france 1000172187 at 0.04 m
germany,11000038041,remove,france,duplicate of france 1000172188 at 0.06 m
germany,11000038042,remove,france,duplicate of france 1000172189 at 0.01 m
germany,11000038043,remove,france,duplicate of france 1000172190 at 0.03 m
germany,11000038044,remove,france,duplicate of france 1000172191 at 0.02 m
germany,11000038045,remove,france,duplicate of france 1000172192 at 0.03 m
germany,11000038046,remove,france,duplicate of france 1000172193 at 0.03 m
germany,11000038047,remove,france,duplicate of france 1000172194 at 0.01 m
germany,11000038048,remove,france,duplicate of france 1000172195 at 0.02 m
germany,11000038049,remove,france,duplicate of france 1000172196 at 0.03 m
germany,11000038050,remove,france,duplicate of france 1000172197 at 0.05 m
germany,11000038051,remove,france,duplicate of france 1000172198 at 0.03 m
germany,11000038052,remove,france,duplicate of france 1000172199 at 0.05 m
germany,11000038053,remove,france,duplicate of france 1000172200 at 0.05 m
germany,11000038054,remove,france,duplicate of france 1000172201 at 0.04 m
germany,11000038055,remove,france,duplicate of france 1000172202 at 0.05 m
germany,11000038056,remove,france,duplicate of france 1000172203 at 0.03 m
germany,11000038057,remove,france,duplicate of france 1000172204 at 0.05 m
germany,11000038058,remove,france,duplicate of france 1000172205 at 0.01 m
germany,11000038059,remove,france,duplicate of france 1000172206 at 0.06 m
germany,11000038060,remove,france,duplicate of france 1000172207 at 0.06 m
germany,11000038061,remove,france,duplicate of france 1000172208 at 0.02 m
germany,11000038062,remove,france,duplicate of france 1000172209 at 0.04 m
germany,11000038063,remove,france,duplicate of france 1000172210 at 0.03 m
germany,11000038064,remove,france,duplicate of france 1000172211 at 0.05 m
germany,11000038065,remove,france,duplicate of france 1000172212 at 0.01 m
germany,11000038066,remove,france,duplicate of france 1000172213 at 0.01 m
germany,11000038067,remove,france,duplicate of france 1000172214 at 0.01 m
germany,11000038068,remove,france,duplicate of france 1000172215 at 0.05 m
germany,11000038069,remove,france,duplicate of france 1000172216 at 0.04 m
germany,11000038070,remove,france,duplicate of france 1000172217 at 0.04 m
germany,11000038071,remove,france,duplicate of france 1000172218 at 0.05 m
germany,11000038072,remove,france,duplicate of france 1000172219 at 0.03 m
germany,11000038073,remove,france,duplicate of france 1000172220 at 0.02 m
germany,11000038074,remove,france,duplicate of france 1000172221 at 0.06 m
germany,11000038075,remove,france,duplicate of france 1000172222 at 0.01 m
germany,11000038076,remove,france,duplicate of france 1000172223 at 0.04 m
germany,11000038077,remove,france,duplicate of france 1000172224 at 0.01 m
germany,11000038078,remove,france,duplicate of france 1000172225 at 0.02 m
germany,11000038079,remove,france,duplicate of france 1000172226 at 0.04 m
germany,11000038080,remove,france,duplicate of france 1000172227 at 0.06 m
germany,11000038081,remove,france,duplicate of france 1000172228 at 0.02 m
germany,11000038082,remove,france,duplicate of france 1000172229 at 0.04 m
germany,11000038094,remove,france,duplicate of france 1000172241 at 0.02 m
germany,11000038096,reassign,france,new to france
germany,11000038097,reassign,france,new to france
germany,11000038098,reassign,france,new to france
germany,11000038099,reassign,france,new to france
germany,11000038100,reassign,france,new to france
germany,11000038101,reassign,france,new to france
germany,11000038103,reassign,france,new to france
germany,11000038104,reassign,france,new to france
germany,11000038105,reassign,france,new to france
germany,11000038106,reassign,france,new to france
germany,11000038107,reassign,france,new to france
germany,11000038108,reassign,france,new to france
germany,11000038118,remove,france,duplicate of france 1000172276 at 0.03 m
germany,11000038119,remove,france,duplicate of france 1000172277 at 0.04 m
germany,11000038120,remove,france,duplicate of france 1000172278 at 0.03 m
germany,11000038121,remove,france,duplicate of france 1000172283 at 0.05 m
germany,11000038122,remove,france,duplicate of france 1000172284 at 0.01 m
germany,11000038123,remove,france,duplicate of france 1000172285 at 0.03 m
germany,11000038124,remove,france,duplicate of france 1000172286 at 0.03 m
germany,11000038125,remove,france,duplicate of france 1000172287 at 0.05 m
germany,11000038126,remove,france,duplicate of france 1000172288 at 0.03 m
germany,11000038127,remove,france,duplicate of france 1000172289 at 0.04 m
germany,11000038128,remove,france,duplicate of france 1000172290 at 0.05 m
germany,11000038129,remove,france,duplicate of france 1000172292 at 0.01 m
germany,11000038130,remove,france,duplicate of france 1000172293 at 0.03 m
germany,11000038131,remove,france,duplicate of france 1000172294 at 0.05 m
germany,11000038132,remove,france,duplicate of france 1000172295 at 0.03 m
germany,11000038133,remove,france,duplicate of france 1000172296 at 0.04 m
germany,11000038134,remove,france,duplicate of france 1000172297 at 0.04 m
germany,11000038135,remove,france,duplicate of france 1000172298 at 0.02 m
germany,11000038136,remove,france,duplicate of france 1000172299 at 0.06 m
germany,11000038137,remove,france,duplicate of france 1000172300 at 0.01 m
germany,11000038138,remove,france,duplicate of france 1000172301 at 0.03 m
germany,11000038139,remove,france,duplicate of france 1000172302 at 0.01 m
germany,11000038140,remove,france,duplicate of france 1000172303 at 0.02 m
germany,11000038141,remove,france,duplicate of france 1000172304 at 0.03 m
germany,11000038142,remove,france,duplicate of france 1000172305 at 0.05 m
germany,11000038143,remove,france,duplicate of france 1000172306 at 0.03 m
germany,11000038144,remove,france,duplicate of france 1000172307 at 0.01 m
germany,11000038145,remove,france,duplicate of france 1000172308 at 0.04 m
germany,11000038146,remove,france,duplicate of france 1000172309 at 0.06 m
germany,11000038147,remove,france,duplicate of france 1000172310 at 0.05 m
germany,11000038148,remove,france,duplicate of france 1000172311 at 0.05 m
germany,11000038149,remove,france,duplicate of france 1000172312 at 0.02 m
germany,11000038150,remove,france,duplicate of france 1000172313 at 0.02 m
germany,11000038151,remove,france,duplicate of france 1000172314 at 0.06 m
germany,11000038152,remove,france,duplicate of france 1000172315 at 0.06 m
germany,11000038153,remove,france,duplicate of france 1000172316 at 0.06 m
germany,11000038154,remove,france,duplicate of france 1000172317 at 0.05 m
germany,11000038155,remove,france,duplicate of france 1000172318 at 0.01 m
germany,11000038156,remove,france,duplicate of france 1000172319 at 0.03 m
germany,11000038157,remove,france,duplicate of france 1000172320 at 0.03 m
germany,11000038158,remove,france,duplicate of france 1000172321 at 0.01 m
germany,11000038159,remove,france,duplicate of france 1000172322 at 0.06 m
germany,11000038160,remove,france,duplicate of france 1000172323 at 0.04 m
germany,11000038161,remove,france,duplicate of france 1000172324 at 0.03 m
germany,11000038163,remove,france,duplicate of france 1000172325 at 0.04 m
germany,11000038164,remove,france,duplicate of france 1000172326 at 0.02 m
germany,11000038165,remove,france,duplicate of france 1000172327 at 0.05 m
germany,11000038166,remove,france,duplicate of france 1000172328 at 0.03 m
germany,11000038167,remove,france,duplicate of france 1000172329 at 0.05 m
germany,11000038168,remove,france,duplicate of france 1000172330 at 0.04 m
germany,11000038181,remove,netherlands,duplicate of netherlands NL_87282306 at 27.05 m
germany,11000038231,reassign,france,new to france
germany,11000038240,reassign,france,new to france
germany,11000038260,remove,france,duplicate of france 1000172444 at 0.03 m
germany,11000038304,reassign,luxembourg,new to luxembourg
germany,11000038319,reassign,france,new to france
germany,11000038320,reassign,france,new to france
germany,11000038321,reassign,france,new to france
germany,11000038322,reassign,france,new to france
germany,11000038323,reassign,france,new to france
germany,11000038325,reassign,france,new to france
germany,11000038367,remove,france,duplicate of france 1000172562 at 0.06 m
germany,11000038368,remove,france,duplicate of france 1000172563 at 0.05 m
germany,11000038369,remove,france,duplicate of france 1000172564 at 0.06 m
germany,11000038370,remove,france,duplicate of france 1000172565 at 0.02 m
germany,11000038371,remove,france,duplicate of france 1000172566 at 0.02 m
germany,11000038372,remove,france,duplicate of france 1000172567 at 0.05 m
germany,11000038373,remove,france,duplicate of france 1000172568 at 0.02 m
germany,11000038374,remove,france,duplicate of france 1000172569 at 0.04 m
germany,11000038375,remove,france,duplicate of france 1000172570 at 0.05 m
germany,11000038376,remove,france,duplicate of france 1000172571 at 0.05 m
germany,11000038377,remove,france,duplicate of france 1000172572 at 0.01 m
germany,11000038378,remove,france,duplicate of france 1000172573 at 0.06 m
germany,11000038379,remove,france,duplicate of france 1000172574 at 0.05 m
germany,11000038380,remove,france,duplicate of france 1000172575 at 0.02 m
germany,11000038381,remove,france,duplicate of france 1000172576 at 0.04 m
germany,11000038382,remove,france,duplicate of france 1000172577 at 0.03 m
germany,11000038383,remove,france,duplicate of france 1000172578 at 0.06 m
germany,11000038384,remove,france,duplicate of france 1000172579 at 0.02 m
germany,11000038385,remove,france,duplicate of france 1000172580 at 0.05 m
germany,11000038386,remove,france,duplicate of france 1000172581 at 0.06 m
germany,11000038387,remove,france,duplicate of france 1000172582 at 0.03 m
germany,11000038388,remove,france,duplicate of france 1000172583 at 0.02 m
germany,11000038389,remove,france,duplicate of france 1000172584 at 0.06 m
germany,11000038390,remove,france,duplicate of france 1000172585 at 0.06 m
germany,11000038391,remove,france,duplicate of france 1000172586 at 0.03 m
germany,11000038392,remove,france,duplicate of france 1000172587 at 0.06 m
germany,11000038393,remove,france,duplicate of france 1000172588 at 0.04 m
germany,11000038394,remove,france,duplicate of france 1000172589 at 0.04 m
germany,11000038395,remove,france,duplicate of france 1000172590 at 0.03 m
germany,11000038396,remove,france,duplicate of france 1000172591 at 0.05 m
germany,11000038397,remove,france,duplicate of france 1000172592 at 0.04 m
germany,11000038398,remove,france,duplicate of france 1000172593 at 0.00 m
germany,11000038399,remove,france,duplicate of france 1000172594 at 0.05 m
germany,11000038400,remove,france,duplicate of france 1000172595 at 0.06 m
germany,11000038402,remove,france,duplicate of france 1000172597 at 0.05 m
germany,11000038403,remove,france,duplicate of france 1000172598 at 0.03 m
germany,11000038404,remove,france,duplicate of france 1000172599 at 0.05 m
germany,11000038405,remove,france,duplicate of france 1000172600 at 0.01 m
germany,11000038406,remove,france,duplicate of france 1000172601 at 0.05 m
germany,11000038407,remove,france,duplicate of france 1000172602 at 0.03 m
germany,11000038408,remove,france,duplicate of france 1000172603 at 0.02 m
germany,11000038409,remove,france,duplicate of france 1000172604 at 0.04 m
germany,11000038410,remove,france,duplicate of france 1000172605 at 0.06 m
germany,11000038412,remove,france,duplicate of france 1000172607 at 0.06 m
germany,11000038413,remove,france,duplicate of france 1000172608 at 0.02 m
germany,11000038414,remove,france,duplicate of france 1000172609 at 0.05 m
germany,11000038420,remove,france,duplicate of france 1000172616 at 0.01 m
germany,11000038421,remove,france,duplicate of france 1000172617 at 0.02 m
germany,11000038422,remove,france,duplicate of france 1000172618 at 0.05 m
germany,11000038423,remove,france,duplicate of france 1000172620 at 0.04 m
germany,11000038424,remove,france,duplicate of france 1000172621 at 0.02 m
germany,11000038425,remove,france,duplicate of france 1000172622 at 0.04 m
germany,11000038426,remove,france,duplicate of france 1000172623 at 0.03 m
germany,11000038427,remove,france,duplicate of france 1000172624 at 0.04 m
germany,11000038428,remove,france,duplicate of france 1000172625 at 0.04 m
germany,11000038429,remove,france,duplicate of france 1000172626 at 0.06 m
germany,11000038430,remove,france,duplicate of france 1000172629 at 0.04 m
germany,11000038431,remove,france,duplicate of france 1000172630 at 0.02 m
germany,11000038432,remove,france,duplicate of france 1000172631 at 0.05 m
germany,11000038433,remove,france,duplicate of france 1000172632 at 0.03 m
germany,11000038434,remove,france,duplicate of france 1000172633 at 0.04 m
germany,11000038436,remove,france,duplicate of france 1000172635 at 0.04 m
germany,11000038437,remove,france,duplicate of france 1000172636 at 0.01 m
germany,11000038444,remove,france,duplicate of france 1000172681 at 0.04 m
germany,11000038458,remove,luxembourg,duplicate of luxembourg LU_v43_25310aa7e7d2 at 0.03 m
germany,11000038460,remove,luxembourg,duplicate of luxembourg LU_91655792 at 3.12 m
germany,11000038473,reassign,luxembourg,new to luxembourg
germany,11000038475,remove,luxembourg,duplicate of luxembourg LU_91823901 at 6.15 m
germany,11000038477,remove,luxembourg,duplicate of luxembourg LU_91823909 at 12.17 m
germany,11000038493,remove,luxembourg,duplicate of luxembourg LU_92058484 at 18.27 m
germany,11000038507,remove,france,duplicate of france 1000172737 at 0.04 m
germany,11000038508,remove,france,duplicate of france 1000172738 at 0.01 m
germany,11000038509,remove,france,duplicate of france 1000172739 at 0.02 m
germany,11000038510,remove,france,duplicate of france 1000172740 at 0.04 m
germany,11000038605,remove,france,duplicate of france 1000172825 at 0.01 m
germany,11000038606,remove,france,duplicate of france 1000172826 at 0.02 m
germany,11000038607,remove,france,duplicate of france 1000172827 at 0.01 m
germany,11000038608,remove,france,duplicate of france 1000172828 at 0.03 m
germany,11000038609,remove,france,duplicate of france 1000172829 at 0.04 m
germany,11000038610,remove,france,duplicate of france 1000172830 at 0.04 m
germany,11000038611,remove,france,duplicate of france 1000172831 at 0.02 m
germany,11000038612,remove,france,duplicate of france 1000172832 at 0.03 m
germany,11000038613,remove,france,duplicate of france 1000172833 at 0.05 m
germany,11000038616,remove,france,duplicate of france 1000172836 at 0.02 m
germany,11000038705,remove,france,duplicate of france 1000173061 at 0.07 m
germany,11000038706,remove,france,duplicate of france 1000173062 at 0.06 m
germany,11000038774,remove,france,duplicate of france 1000173133 at 0.00 m
germany,11000038775,remove,france,duplicate of france 1000173134 at 0.00 m
germany,11000038842,remove,france,duplicate of france 1000173260 at 0.00 m
germany,11000038843,remove,france,duplicate of france 1000173261 at 0.07 m
germany,11000038844,remove,france,duplicate of france 1000173262 at 0.04 m
germany,11000038881,reassign,france,new to france
germany,11000038882,reassign,france,new to france
germany,11000038883,reassign,france,new to france
germany,11000039008,remove,france,duplicate of france 1000173617 at 0.06 m
germany,11000039009,remove,france,duplicate of france 1000173618 at 0.04 m
germany,11000039010,remove,france,duplicate of france 1000173619 at 0.04 m
germany,11000039011,remove,france,duplicate of france 1000173620 at 0.06 m
germany,11000039012,remove,france,duplicate of france 1000173623 at 0.07 m
germany,11000039114,reassign,france,new to france
germany,11000039303,remove,netherlands,duplicate of netherlands NL_115300231 at 43.30 m
germany,11000039638,remove,france,duplicate of france 1000175003 at 0.02 m
germany,11000039693,remove,luxembourg,duplicate of luxembourg LU_v43_e120b8bc627f at 0.02 m
germany,11000039703,reassign,luxembourg,new to luxembourg
germany,11000039704,remove,luxembourg,duplicate of luxembourg LU_v43_df175420cf13 at 0.02 m
germany,11000039724,remove,luxembourg,duplicate of luxembourg LU_v43_b25d5a7e4156 at 0.03 m
germany,11000039725,remove,luxembourg,duplicate of luxembourg LU_v43_cad8e73844ce at 0.04 m
germany,11000039735,reassign,luxembourg,new to luxembourg
germany,11000039810,reassign,france,new to france
germany,11000039948,reassign,france,new to france
germany,11000039978,remove,france,duplicate of france 1000175506 at 0.04 m
germany,11000040934,remove,france,duplicate of france 1000176524 at 0.04 m
germany,11000040955,remove,france,duplicate of france 1000176530 at 0.04 m
germany,11000041051,reassign,luxembourg,new to luxembourg
germany,11000041174,remove,netherlands,duplicate of netherlands NL_163308444 at 24.65 m
germany,11000041178,remove,netherlands,duplicate of netherlands NL_163401493 at 6.85 m
germany,11000041205,remove,netherlands,duplicate of netherlands NL_163989112 at 29.37 m
germany,11000041207,remove,netherlands,duplicate of netherlands NL_163989114 at 30.17 m
germany,11000041534,remove,luxembourg,duplicate of luxembourg LU_v43_e132a12c2e4d at 0.05 m
germany,11000041854,reassign,netherlands,new to netherlands
germany,11000042662,remove,netherlands,duplicate of netherlands NL_184014030 at 0.43 m
germany,11000042944,remove,france,duplicate of france 1000178086 at 0.02 m
germany,11000043368,remove,france,duplicate of france 1000179023 at 0.06 m
germany,11000043371,remove,france,duplicate of france 1000179034 at 0.05 m
germany,11000043372,remove,france,duplicate of france 1000179036 at 0.04 m
germany,11000043382,remove,france,duplicate of france 1000179049 at 0.05 m
germany,11000043385,remove,france,duplicate of france 1000179051 at 0.05 m
germany,11000043386,remove,france,duplicate of france 1000179052 at 0.06 m
germany,11000043446,reassign,france,new to france
germany,11000044175,remove,france,duplicate of france 1000179949 at 0.00 m
germany,11000044176,remove,france,duplicate of france 1000179950 at 0.06 m
germany,11000044336,remove,belgium,duplicate of belgium BE_v43_3c07bf5d848e at 0.04 m
germany,11000044522,reassign,france,new to france
germany,11000044523,reassign,france,new to france
germany,11000044528,reassign,france,new to france
germany,11000044529,reassign,france,new to france
germany,11000044547,remove,france,duplicate of france 1000180246 at 0.00 m
germany,11000044548,remove,france,duplicate of france 1000180247 at 0.04 m
germany,11000044549,remove,france,duplicate of france 1000180248 at 0.06 m
germany,11000044550,remove,france,duplicate of france 1000180249 at 0.04 m
germany,11000044551,remove,france,duplicate of france 1000180250 at 0.05 m
germany,11000044552,remove,france,duplicate of france 1000180251 at 0.07 m
germany,11000045048,remove,luxembourg,duplicate of luxembourg LU_v43_894eed384e65 at 0.02 m
germany,11000045440,remove,france,duplicate of france 1000181082 at 0.03 m
germany,11000046082,remove,france,duplicate of france 1000181260 at 0.04 m
germany,11000046083,remove,france,duplicate of france 1000181261 at 0.03 m
germany,11000046095,remove,france,duplicate of france 1000181264 at 0.04 m
germany,11000046096,remove,france,duplicate of france 1000181265 at 0.01 m
germany,11000046121,remove,france,duplicate of france 1000181267 at 0.05 m
germany,11000046127,remove,france,duplicate of france 1000181268 at 0.05 m
germany,11000046128,remove,france,duplicate of france 1000181269 at 0.04 m
germany,11000046137,reassign,france,new to france
germany,11000046148,reassign,france,new to france
germany,11000046150,reassign,france,new to france
germany,11000046161,reassign,france,new to france
germany,11000046191,remove,france,duplicate of france 1000181275 at 0.04 m
germany,11000046199,reassign,france,new to france
germany,11000046206,reassign,france,new to france
germany,11000046207,reassign,france,new to france
germany,11000046235,remove,france,duplicate of france 1000181276 at 0.00 m
germany,11000046263,remove,france,duplicate of france 1000181277 at 0.04 m
germany,11000046738,remove,netherlands,duplicate of netherlands NL_v43_63880184adc8 at 0.02 m
germany,11000046797,remove,belgium,duplicate of belgium BE_v43_dff8abd2aa2c at 0.03 m
germany,11000046813,remove,netherlands,duplicate of netherlands NL_v43_e3d12b712408 at 0.05 m
germany,11000046850,remove,netherlands,duplicate of netherlands NL_275733116 at 1.48 m
germany,11000046862,remove,netherlands,duplicate of netherlands NL_275795349 at 1.08 m
germany,11000046911,remove,netherlands,duplicate of netherlands NL_v43_44ad8d8e1fc2 at 0.02 m
germany,11000047377,remove,netherlands,duplicate of netherlands NL_v43_e171f80529eb at 0.03 m
germany,11000047398,reassign,belgium,new to belgium
germany,11000047655,reassign,belgium,new to belgium
germany,11000047656,reassign,belgium,new to belgium
germany,11000047759,remove,netherlands,duplicate of netherlands NL_v43_53b8dc876c58 at 0.06 m
germany,11000047760,remove,netherlands,duplicate of netherlands NL_v43_d49c897ca476 at 0.06 m
germany,11000047761,remove,netherlands,duplicate of netherlands NL_v43_6a1eac459a79 at 0.05 m
germany,11000047762,remove,netherlands,duplicate of netherlands NL_v43_d41f9f186b23 at 0.03 m
germany,11000047763,remove,netherlands,duplicate of netherlands NL_v43_5c2a242b1d51 at 0.03 m
germany,11000047764,remove,netherlands,duplicate of netherlands NL_v43_34e9f6024eea at 0.04 m
germany,11000047765,remove,netherlands,duplicate of netherlands NL_v43_6d22b5787020 at 0.02 m
germany,11000047766,remove,netherlands,duplicate of netherlands NL_v43_6934c39af303 at 0.04 m
germany,11000047767,remove,netherlands,duplicate of netherlands NL_v43_48e3acd5cb3d at 0.02 m
germany,11000047768,remove,netherlands,duplicate of netherlands NL_v43_beebfd5bb494 at 0.04 m
germany,11000047769,remove,netherlands,duplicate of netherlands NL_v43_5e49fa388be6 at 0.05 m
germany,11000047770,remove,netherlands,duplicate of netherlands NL_v43_468eec1cd772 at 0.05 m
germany,11000047779,reassign,netherlands,new to netherlands
germany,11000047780,remove,netherlands,duplicate of netherlands NL_v43_119e8640e11d at 0.04 m
germany,11000047781,remove,netherlands,duplicate of netherlands NL_286487368 at 0.68 m
germany,11000047782,remove,netherlands,duplicate of netherlands NL_v43_6d4a2d684d91 at 0.01 m
germany,11000047783,reassign,netherlands,new to netherlands
germany,11000047784,remove,netherlands,duplicate of netherlands NL_286487996 at 0.88 m
germany,11000047797,remove,netherlands,duplicate of netherlands NL_v43_7129d6594db7 at 0.03 m
germany,11000047813,remove,netherlands,duplicate of netherlands NL_v43_06c9226c2fa1 at 0.06 m
germany,11000047814,remove,netherlands,duplicate of netherlands NL_v43_d3764ce25192 at 0.03 m
germany,11000047815,remove,netherlands,duplicate of netherlands NL_v43_eed4140570d7 at 0.01 m
germany,11000047816,remove,netherlands,duplicate of netherlands NL_v43_7a758b9c5472 at 0.02 m
germany,11000047817,remove,netherlands,duplicate of netherlands NL_v43_a87b69f4b741 at 0.02 m
germany,11000047818,remove,netherlands,duplicate of netherlands NL_v43_c7bd2e27ec28 at 0.03 m
germany,11000047819,remove,netherlands,duplicate of netherlands NL_v43_f52006a0468a at 0.03 m
germany,11000047820,remove,netherlands,duplicate of netherlands NL_v43_04081cf7639b at 0.05 m
germany,11000047821,remove,netherlands,duplicate of netherlands NL_v43_5a4cfc901c6c at 0.03 m
germany,11000047822,remove,netherlands,duplicate of netherlands NL_v43_373f3ad30e5f at 0.03 m
germany,11000047832,remove,netherlands,duplicate of netherlands NL_v43_3f226ad3519c at 0.03 m
germany,11000047833,remove,netherlands,duplicate of netherlands NL_v43_63a68bfb5d2b at 0.05 m
germany,11000047834,remove,netherlands,duplicate of netherlands NL_v43_d171d7ea8e55 at 0.03 m
germany,11000048001,remove,netherlands,duplicate of netherlands NL_v43_20e392f2aabe at 0.01 m
germany,11000048002,remove,netherlands,duplicate of netherlands NL_v43_e49b939b3fd4 at 0.02 m
germany,11000048003,remove,netherlands,duplicate of netherlands NL_v43_afd6abd704b0 at 0.01 m
germany,11000048004,remove,netherlands,duplicate of netherlands NL_v43_90f0452a9382 at 0.01 m
germany,11000048039,remove,netherlands,duplicate of netherlands NL_290190861 at 1.08 m
germany,11000048373,remove,netherlands,duplicate of netherlands NL_v43_0a7be8fd2630 at 0.03 m
germany,11000049383,reassign,france,new to france
germany,11000049388,remove,france,duplicate of france 1000182250 at 0.04 m
germany,11000049389,remove,france,duplicate of france 1000182251 at 0.07 m
germany,11000049945,remove,luxembourg,duplicate of luxembourg LU_v43_99a651ca9542 at 0.05 m
germany,11000050550,remove,luxembourg,duplicate of luxembourg LU_v43_39e4434c87f3 at 0.01 m
germany,11000051428,reassign,france,new to france
germany,11000051814,reassign,france,new to france
germany,11000052250,remove,luxembourg,duplicate of luxembourg LU_v43_92ae679d8adc at 0.04 m
germany,11000052891,reassign,netherlands,new to netherlands
germany,11000053145,remove,luxembourg,duplicate of luxembourg LU_v43_fe02c421bc6d at 0.03 m
germany,11000053272,remove,france,duplicate of france 1000184423 at 0.02 m
germany,11000053273,remove,france,duplicate of france 1000184424 at 0.04 m
germany,11000053274,remove,france,duplicate of france 1000184425 at 0.04 m
germany,11000053290,reassign,france,new to france
germany,11000054013,remove,france,duplicate of france 1000184948 at 0.04 m
germany,11000054065,remove,france,duplicate of france 1000184969 at 0.02 m
germany,11000054075,remove,belgium,duplicate of belgium BE_v43_6a308fbb88e4 at 0.04 m
germany,11000054103,reassign,luxembourg,new to luxembourg
germany,11000054106,remove,luxembourg,duplicate of luxembourg LU_v43_1f0adb444152 at 0.05 m
germany,11000054493,remove,netherlands,duplicate of netherlands NL_590037978 at 0.22 m
germany,11000054811,reassign,luxembourg,new to luxembourg
germany,11000054872,remove,netherlands,duplicate of netherlands NL_636627045 at 28.48 m
germany,11000055091,remove,netherlands,duplicate of netherlands NL_662637091 at 1.47 m
germany,11000055184,remove,france,duplicate of france 1000185940 at 0.02 m
germany,11000055300,remove,netherlands,duplicate of netherlands NL_677997272 at 4.91 m
germany,11000055408,remove,belgium,duplicate of belgium BE_v43_f337ffc66efc at 0.04 m
germany,11000055511,remove,france,duplicate of france 1000186419 at 0.03 m
germany,11000055655,reassign,netherlands,new to netherlands
germany,11000055661,remove,france,duplicate of france 1000186560 at 0.06 m
germany,11000055662,remove,france,duplicate of france 1000186563 at 0.06 m
germany,11000055670,remove,france,duplicate of france 1000186582 at 0.05 m
germany,11000055671,remove,france,duplicate of france 1000186583 at 0.04 m
germany,11000055871,remove,belgium,duplicate of belgium BE_732865354 at 0.30 m
germany,11000055982,remove,netherlands,duplicate of netherlands NL_746755847 at 4.98 m
germany,11000055983,remove,netherlands,duplicate of netherlands NL_746755849 at 1.42 m
germany,11000055984,remove,netherlands,duplicate of netherlands NL_746755857 at 4.89 m
germany,11000056489,remove,belgium,duplicate of belgium BE_v43_1815844480bf at 0.04 m
germany,11000056494,remove,belgium,duplicate of belgium BE_v43_275c3456a1d5 at 0.05 m
germany,11000056525,reassign,belgium,new to belgium
germany,11000056554,reassign,belgium,new to belgium
germany,11000056555,remove,belgium,duplicate of belgium BE_795182316 at 0.46 m
germany,11000056561,remove,belgium,duplicate of belgium BE_v43_f4113760575b at 0.01 m
germany,11000056581,remove,belgium,duplicate of belgium BE_797584455 at 1.03 m
germany,11000056582,remove,belgium,duplicate of belgium BE_797589838 at 1.14 m
germany,11000056596,reassign,belgium,new to belgium; nearest existing 200.2 m
germany,11000056602,reassign,belgium,new to belgium
germany,11000056612,remove,france,duplicate of france 1000187468 at 0.03 m
germany,11000056632,remove,belgium,duplicate of belgium BE_v43_81496072770f at 0.06 m
germany,11000056633,remove,belgium,duplicate of belgium BE_v43_ead771006e20 at 0.02 m
germany,11000056645,remove,belgium,duplicate of belgium BE_v43_d26eea821de9 at 0.05 m
germany,11000056648,remove,belgium,duplicate of belgium BE_v43_a4992d423603 at 0.04 m
germany,11000056731,reassign,luxembourg,new to luxembourg
germany,11000057022,reassign,luxembourg,new to luxembourg
germany,11000057040,remove,luxembourg,duplicate of luxembourg LU_v43_a89c3a13c899 at 0.03 m
germany,11000057043,remove,luxembourg,duplicate of luxembourg LU_v43_1ca009366770 at 0.05 m
germany,11000057044,remove,luxembourg,duplicate of luxembourg LU_834604921 at 0.81 m
germany,11000057046,reassign,luxembourg,new to luxembourg
germany,11000057063,remove,luxembourg,duplicate of luxembourg LU_v43_896c5c7790b4 at 0.02 m
germany,11000057064,remove,luxembourg,duplicate of luxembourg LU_v43_0d56252c0afb at 0.05 m
germany,11000057071,remove,luxembourg,duplicate of luxembourg LU_v43_60945de664d3 at 0.03 m
germany,11000057072,remove,luxembourg,duplicate of luxembourg LU_v43_1e10df85f3bf at 0.05 m
germany,11000057107,remove,luxembourg,duplicate of luxembourg LU_v43_8490f703e859 at 0.02 m
germany,11000057210,remove,netherlands,duplicate of netherlands NL_v43_7d182ed9f848 at 0.04 m
germany,11000057233,remove,luxembourg,duplicate of luxembourg LU_v43_c4d1977a7f83 at 0.04 m
germany,11000057314,reassign,luxembourg,new to luxembourg
germany,11000057320,remove,luxembourg,duplicate of luxembourg LU_v43_f9b4ffcc4a71 at 0.03 m
germany,11000057326,remove,luxembourg,duplicate of luxembourg LU_v43_ad69fe6c2031 at 0.01 m
germany,11000057462,remove,belgium,duplicate of belgium BE_v43_018e733d0059 at 0.02 m
germany,11000057463,remove,belgium,duplicate of belgium BE_v43_2ee75448c239 at 0.02 m
germany,11000057487,reassign,luxembourg,new to luxembourg
germany,11000057490,remove,belgium,duplicate of belgium BE_v43_542e497e75c2 at 0.03 m
germany,11000057511,reassign,luxembourg,new to luxembourg
germany,11000057575,remove,luxembourg,duplicate of luxembourg LU_v43_ad7722a9bdf7 at 0.04 m
germany,11000057598,remove,belgium,duplicate of belgium BE_887075778 at 0.49 m
germany,11000057603,remove,luxembourg,duplicate of luxembourg LU_v43_2116b7d3561e at 0.01 m
germany,11000057604,remove,luxembourg,duplicate of luxembourg LU_v43_05dabcc9c38d at 0.02 m
germany,11000057605,remove,luxembourg,duplicate of luxembourg LU_v43_0a67be9b50ab at 0.03 m
germany,11000057608,remove,luxembourg,duplicate of luxembourg LU_91655792 at 42.11 m
germany,11000057634,remove,luxembourg,duplicate of luxembourg LU_v43_225f9419ff56 at 0.05 m
germany,11000057637,remove,belgium,duplicate of belgium BE_v43_d3c526fa3bfe at 0.01 m
germany,11000057638,remove,belgium,duplicate of belgium BE_v43_510237f11b62 at 0.06 m
germany,11000057653,remove,luxembourg,duplicate of luxembourg LU_v43_248fa4358341 at 0.02 m
germany,11000057674,remove,belgium,duplicate of belgium BE_v43_898d80616da8 at 0.02 m
germany,11000057693,remove,belgium,duplicate of belgium BE_894365791 at 1.22 m
germany,11000057723,remove,luxembourg,duplicate of luxembourg LU_v43_5299b2804da9 at 0.01 m
germany,11000057753,remove,luxembourg,duplicate of luxembourg LU_v43_2d6938a8724d at 0.05 m
germany,11000057842,remove,belgium,duplicate of belgium BE_v43_4782d1e43633 at 0.02 m
germany,11000057912,remove,luxembourg,duplicate of luxembourg LU_v43_33515e5bc146 at 0.03 m
germany,11000057940,remove,belgium,duplicate of belgium BE_v43_cb34706cf147 at 0.01 m
germany,11000057955,remove,luxembourg,duplicate of luxembourg LU_v43_4644f31da9d1 at 0.02 m
germany,11000057973,reassign,luxembourg,new to luxembourg
germany,11000057975,reassign,luxembourg,new to luxembourg
germany,11000057976,reassign,luxembourg,new to luxembourg
germany,11000057977,reassign,luxembourg,new to luxembourg
germany,11000058020,reassign,luxembourg,new to luxembourg
germany,11000058048,reassign,luxembourg,new to luxembourg
germany,11000058064,remove,belgium,duplicate of belgium BE_v43_9463300dbed3 at 0.04 m
germany,11000058109,remove,belgium,duplicate of belgium BE_v43_0e1379fe8cd8 at 0.05 m
germany,11000058221,remove,belgium,duplicate of belgium BE_v43_d5bc3efad082 at 0.03 m
germany,11000058312,remove,netherlands,duplicate of netherlands NL_v43_058d78dc652b at 0.06 m
germany,11000058320,remove,luxembourg,duplicate of luxembourg LU_v43_7bb55d77102e at 0.06 m
germany,11000058321,remove,luxembourg,duplicate of luxembourg LU_v43_3dc8867b9f9e at 0.04 m
germany,11000058338,remove,luxembourg,duplicate of luxembourg LU_v43_e4f75f0904a7 at 0.04 m
germany,11000058379,reassign,luxembourg,new to luxembourg
germany,11000058414,reassign,belgium,new to belgium
germany,11000058540,remove,luxembourg,duplicate of luxembourg LU_v43_e75bbc4e601f at 0.04 m
germany,11000058547,reassign,luxembourg,new to luxembourg
germany,11000058548,reassign,luxembourg,new to luxembourg
germany,11000058549,reassign,luxembourg,new to luxembourg
germany,11000058605,remove,luxembourg,duplicate of luxembourg LU_v43_7bf2dc0d62fb at 0.05 m
germany,11000058606,remove,luxembourg,duplicate of luxembourg LU_v43_8fc2e006f24e at 0.04 m
germany,11000058607,remove,luxembourg,duplicate of luxembourg LU_v43_7b8d18346e0c at 0.04 m
germany,11000058619,remove,luxembourg,duplicate of luxembourg LU_v43_8f8baa3c9101 at 0.02 m
germany,11000058620,remove,luxembourg,duplicate of luxembourg LU_v43_a35541735aa7 at 0.03 m
germany,11000058621,remove,luxembourg,duplicate of luxembourg LU_v43_2f2bffdfee58 at 0.02 m
germany,11000058622,remove,luxembourg,duplicate of luxembourg LU_v43_c7da2455ab5a at 0.04 m
germany,11000058623,remove,luxembourg,duplicate of luxembourg LU_v43_ec20f28b46a6 at 0.03 m
germany,11000058627,remove,luxembourg,duplicate of luxembourg LU_v43_f56aab86d210 at 0.02 m
germany,11000058640,remove,luxembourg,duplicate of luxembourg LU_v43_723d340f4a11 at 0.02 m
germany,11000058641,reassign,luxembourg,new to luxembourg
germany,11000058647,remove,luxembourg,duplicate of luxembourg LU_v43_96c6edc21dac at 0.04 m
germany,11000058655,remove,luxembourg,duplicate of luxembourg LU_v43_e94467d84f98 at 0.05 m
germany,11000058656,remove,luxembourg,duplicate of luxembourg LU_v43_bca27949fca4 at 0.04 m
germany,11000059027,remove,france,duplicate of france 1000189664 at 0.03 m
germany,11000059032,reassign,belgium,new to belgium; nearest existing 110.5 m
germany,11000059546,remove,luxembourg,duplicate of luxembourg LU_v43_5469476f6b3b at 0.03 m
germany,11000059706,reassign,belgium,new to belgium
germany,11000059792,remove,belgium,duplicate of belgium BE_v43_09dd55bdcf8f at 0.01 m
germany,11000060040,reassign,france,new to france
germany,11000060228,remove,belgium,duplicate of belgium BE_1065602230 at 0.64 m
germany,11000060925,reassign,france,new to france
germany,11000060926,reassign,france,new to france
germany,11000060989,reassign,france,new to france
germany,11000061288,remove,france,duplicate of france 1000190800 at 0.04 m
germany,11000061370,remove,belgium,duplicate of belgium BE_v43_3e1af124291f at 0.05 m
germany,11000061372,reassign,belgium,new to belgium
germany,11000061373,reassign,belgium,new to belgium
germany,11000061381,remove,belgium,duplicate of belgium BE_v43_5925539a5732 at 0.00 m
germany,11000061494,remove,belgium,duplicate of belgium BE_1144626038 at 0.40 m
germany,11000061495,remove,belgium,duplicate of belgium BE_1144626042 at 0.67 m
germany,11000061556,reassign,belgium,new to belgium
germany,11000061777,remove,netherlands,duplicate of netherlands NL_v43_8ea567145d78 at 0.02 m
germany,11000061958,reassign,belgium,new to belgium
germany,11000061978,remove,netherlands,duplicate of netherlands NL_v43_01a91436a938 at 0.02 m
germany,11000062156,remove,france,duplicate of france 1000191267 at 0.02 m
germany,11000062285,remove,luxembourg,duplicate of luxembourg LU_v43_140459317e83 at 0.01 m
germany,11000062306,remove,luxembourg,duplicate of luxembourg LU_v43_a93327f4f666 at 0.05 m
germany,11000062348,reassign,luxembourg,new to luxembourg
germany,11000062549,reassign,luxembourg,new to luxembourg
germany,11000062550,reassign,luxembourg,new to luxembourg
germany,11000062606,remove,belgium,duplicate of belgium BE_1220278961 at 1.20 m
germany,11000062665,remove,luxembourg,duplicate of luxembourg LU_v43_10124e54c73c at 0.04 m
germany,11000062670,reassign,luxembourg,new to luxembourg
germany,11000062777,remove,luxembourg,duplicate of luxembourg LU_1235781638 at 0.72 m
germany,11000063202,remove,luxembourg,duplicate of luxembourg LU_v43_c922933f6a3f at 0.03 m
germany,11000063215,remove,luxembourg,duplicate of luxembourg LU_v43_55ddc3542be0 at 0.03 m
germany,11000063254,remove,luxembourg,duplicate of luxembourg LU_v43_094ab323e301 at 0.01 m
germany,11000063420,remove,luxembourg,duplicate of luxembourg LU_v43_abc4da0e5e6a at 0.03 m
germany,11000063421,remove,luxembourg,duplicate of luxembourg LU_v43_d1616a6c888f at 0.06 m
germany,11000063480,remove,luxembourg,duplicate of luxembourg LU_v43_8986c0d5146f at 0.02 m
germany,11000063482,reassign,luxembourg,new to luxembourg
germany,11000063483,remove,luxembourg,duplicate of luxembourg LU_v43_54c785d9bea1 at 0.01 m
germany,11000063484,remove,luxembourg,duplicate of luxembourg LU_v43_05e6c20c8b95 at 0.02 m
germany,11000063597,remove,belgium,duplicate of belgium BE_1298631267 at 0.45 m
germany,11000063622,remove,netherlands,duplicate of netherlands NL_v43_7d6a1aeffc1f at 0.01 m
germany,11000063857,remove,belgium,duplicate of belgium BE_v43_bab463958d71 at 0.04 m
germany,11000064138,reassign,france,new to france
germany,11000064199,reassign,netherlands,new to netherlands
germany,11000064200,remove,netherlands,duplicate of netherlands NL_v43_36b3aaa463dc at 0.01 m
germany,11000064325,remove,luxembourg,duplicate of luxembourg LU_v43_46a8d8f53768 at 0.05 m
germany,11000064640,remove,luxembourg,duplicate of luxembourg LU_v43_fa0ce8dc0c3c at 0.05 m
germany,11000064719,remove,france,duplicate of france 1000193132 at 0.03 m
germany,11000064724,remove,france,duplicate of france 1000193133 at 0.03 m
germany,11000064960,remove,france,duplicate of france 1000193361 at 0.04 m
germany,11000064961,remove,france,duplicate of france 1000193362 at 0.06 m
germany,11000064962,remove,france,duplicate of france 1000193363 at 0.03 m
germany,11000065317,remove,france,duplicate of france 1000193514 at 0.02 m
germany,11000065329,remove,france,duplicate of france 1000193517 at 0.03 m
germany,11000065379,remove,france,duplicate of france 1000193531 at 0.02 m
germany,11000065524,reassign,luxembourg,new to luxembourg
germany,11000065595,remove,france,duplicate of france 1000193624 at 0.04 m
germany,11000065668,remove,luxembourg,duplicate of luxembourg LU_v43_e501636a4ea8 at 0.03 m
germany,11000066065,remove,france,duplicate of france 1000193880 at 0.01 m
germany,11000066138,remove,belgium,duplicate of belgium BE_1430100986 at 0.75 m
germany,11000066573,remove,france,duplicate of france 1000194135 at 0.05 m
germany,11000066624,remove,netherlands,duplicate of netherlands NL_v43_a3aea114e919 at 0.04 m
germany,11000066699,remove,netherlands,duplicate of netherlands NL_v43_484b581a8393 at 0.03 m
germany,11000066777,remove,netherlands,duplicate of netherlands NL_v43_b72f82ee2b75 at 0.05 m
germany,11000066780,reassign,luxembourg,new to luxembourg
germany,11000066789,reassign,france,new to france
germany,11000066865,remove,netherlands,duplicate of netherlands NL_v43_ab326ff8e31c at 0.02 m
germany,11000066992,remove,luxembourg,duplicate of luxembourg LU_v43_24b31bca7232 at 0.05 m
germany,11000067036,reassign,france,new to france
germany,11000067274,remove,belgium,duplicate of belgium BE_1498361381 at 0.57 m
germany,11000067555,remove,netherlands,duplicate of netherlands NL_v43_d2e052210133 at 0.03 m
germany,11000067556,remove,netherlands,duplicate of netherlands NL_v43_451e3493c25e at 0.05 m
germany,11000067557,remove,netherlands,duplicate of netherlands NL_v43_c8cb51595a45 at 0.06 m
germany,11000067587,remove,netherlands,duplicate of netherlands NL_v43_ac8557a17735 at 0.04 m
germany,11000067588,remove,netherlands,duplicate of netherlands NL_v43_f884cfb15110 at 0.01 m
germany,11000104309,reassign,poland,new to poland
germany,11000105280,reassign,czechia,new to czechia
germany,11000106241,remove,poland,duplicate of poland PL_v43_c2d9238b159a at 0.03 m
germany,11000107277,remove,czechia,duplicate of czechia CZ_7067135733 at 0.05 m
germany,11000107548,remove,czechia,duplicate of czechia CZ_8207957841 at 0.03 m
germany,11000107549,remove,czechia,duplicate of czechia CZ_8207957845 at 0.04 m
germany,11000110420,remove,czechia,duplicate of czechia CZ_v43_d9c85c437b45 at 0.03 m
germany,11000111078,remove,czechia,duplicate of czechia CZ_v43_31a00d457113 at 0.06 m
germany,11000111079,reassign,czechia,new to czechia
germany,11000111476,remove,czechia,duplicate of czechia CZ_v43_29e768e988b2 at 0.04 m
germany,11000111841,remove,poland,duplicate of poland PL_85703996 at 0.00 m
germany,11000112362,remove,czechia,duplicate of czechia CZ_v43_1aef42748de6 at 0.01 m
germany,11000112455,remove,czechia,duplicate of czechia CZ_v43_0977382df319 at 0.06 m
germany,11000113231,remove,czechia,duplicate of czechia CZ_v43_051ec71f4fcf at 0.05 m
germany,11000113284,remove,poland,duplicate of poland PL_148860507 at 0.00 m
germany,11000113285,remove,poland,duplicate of poland PL_148882316 at 0.00 m
germany,11000113383,reassign,czechia,new to czechia
germany,11000113466,remove,czechia,duplicate of czechia CZ_v43_236a291db9d8 at 0.03 m
germany,11000113467,reassign,czechia,new to czechia
germany,11000113637,remove,czechia,duplicate of czechia CZ_v43_fd7a9b83fa94 at 0.05 m
germany,11000114117,remove,poland,duplicate of poland PL_178637143 at 0.00 m
germany,11000114212,remove,czechia,duplicate of czechia CZ_v43_8498cdcff839 at 0.05 m
germany,11000114720,remove,czechia,duplicate of czechia CZ_v43_a7b07a049299 at 0.02 m
germany,11000115314,remove,czechia,duplicate of czechia CZ_v43_168c32a23ae8 at 0.01 m
germany,11000115426,remove,czechia,duplicate of czechia CZ_v43_bac25173c895 at 0.06 m
germany,11000115779,reassign,czechia,new to czechia
germany,11000115876,remove,czechia,duplicate of czechia CZ_v43_0c4ee903c7ed at 0.02 m
germany,11000115899,remove,czechia,duplicate of czechia CZ_v43_ab8df1ff9283 at 0.04 m
germany,11000116438,remove,czechia,duplicate of czechia CZ_v43_4b4a725513a9 at 0.05 m
germany,11000116444,remove,czechia,duplicate of czechia CZ_v43_5382e5fc6811 at 0.04 m
germany,11000116484,remove,czechia,duplicate of czechia CZ_v43_fbb6176d4234 at 0.04 m
germany,11000116638,remove,czechia,duplicate of czechia CZ_v43_ef2ce5e79bf5 at 0.03 m
germany,11000116639,remove,czechia,duplicate of czechia CZ_v43_bace665064ee at 0.03 m
germany,11000116908,remove,czechia,duplicate of czechia CZ_v43_a03d050a0f69 at 0.05 m
germany,11000117363,remove,czechia,duplicate of czechia CZ_v43_1b00d06203b6 at 0.05 m
germany,11000117425,reassign,czechia,new to czechia
germany,11000117645,reassign,czechia,new to czechia
germany,11000117886,remove,czechia,duplicate of czechia CZ_v43_05e489740546 at 0.05 m
germany,11000118016,remove,czechia,duplicate of czechia CZ_v43_c1c4308be664 at 0.04 m
germany,11000118098,remove,czechia,duplicate of czechia CZ_v43_6b5f7b411e39 at 0.03 m
germany,11000118182,remove,czechia,duplicate of czechia CZ_v43_f803318bdde2 at 0.05 m
germany,11000118235,remove,poland,duplicate of poland PL_296064524 at 2.12 m
germany,11000118392,remove,poland,duplicate of poland PL_300624969 at 0.00 m
germany,11000118431,remove,czechia,duplicate of czechia CZ_v43_8cb36a2bb1f3 at 0.05 m
germany,11000118432,remove,czechia,duplicate of czechia CZ_v43_941b1b72ea2b at 0.03 m
germany,11000118452,remove,czechia,duplicate of czechia CZ_v43_372e5b043b25 at 0.04 m
germany,11000118475,remove,czechia,duplicate of czechia CZ_v43_ba12ab0cd688 at 0.03 m
germany,11000118560,reassign,czechia,new to czechia
germany,11000118711,remove,poland,duplicate of poland PL_v43_dd1195d4b8fa at 0.02 m
germany,11000119054,remove,czechia,duplicate of czechia CZ_v43_afe5fb9c7861 at 0.00 m
germany,11000119104,remove,czechia,duplicate of czechia CZ_v43_6c4d6779112f at 0.03 m
germany,11000119307,remove,czechia,duplicate of czechia CZ_v43_7472d400065a at 0.02 m
germany,11000119319,remove,czechia,duplicate of czechia CZ_v43_f02172b8a957 at 0.03 m
germany,11000119320,remove,czechia,duplicate of czechia CZ_v43_b9f322d0de69 at 0.02 m
germany,11000119321,reassign,czechia,new to czechia
germany,11000119629,remove,poland,duplicate of poland PL_v43_e32c1151899c at 0.04 m
germany,11000119955,remove,czechia,duplicate of czechia CZ_v43_1ee5f089776d at 0.05 m
germany,11000120079,remove,czechia,duplicate of czechia CZ_v43_b29dfbf03081 at 0.04 m
germany,11000120161,remove,czechia,duplicate of czechia CZ_v43_d9c3b9f57e58 at 0.04 m
germany,11000120240,remove,czechia,duplicate of czechia CZ_v43_e50ec278352c at 0.02 m
germany,11000120288,remove,czechia,duplicate of czechia CZ_v43_b7d85db275a0 at 0.03 m
germany,11000120935,remove,czechia,duplicate of czechia CZ_v43_a4b0f9683197 at 0.04 m
germany,11000121190,reassign,czechia,new to czechia
germany,11000121191,remove,czechia,duplicate of czechia CZ_v43_0f92de92b759 at 0.04 m
germany,11000121201,remove,czechia,duplicate of czechia CZ_v43_a9d140d8b1b0 at 0.05 m
germany,11000121205,remove,czechia,duplicate of czechia CZ_v43_00c831e52363 at 0.04 m
germany,11000121304,remove,czechia,duplicate of czechia CZ_v43_461b4f43b00d at 0.04 m
germany,11000121529,remove,poland,duplicate of poland PL_v43_5e9065945fd9 at 0.06 m
germany,11000121544,remove,poland,duplicate of poland PL_v43_d36e8dff1152 at 0.05 m
germany,11000122139,reassign,poland,new to poland
germany,11000122276,remove,czechia,duplicate of czechia CZ_v43_84334d54cc79 at 0.06 m
germany,11000122290,remove,czechia,duplicate of czechia CZ_v43_173a194eeb56 at 0.05 m
germany,11000122537,reassign,czechia,new to czechia
germany,11000123099,remove,czechia,duplicate of czechia CZ_v43_be5994234b8e at 0.06 m
germany,11000123164,reassign,czechia,new to czechia
germany,11000123165,reassign,czechia,new to czechia
germany,11000123712,remove,czechia,duplicate of czechia CZ_v43_e79d3a11c5f4 at 0.01 m
germany,11000124006,reassign,czechia,new to czechia
germany,11000124422,remove,czechia,duplicate of czechia CZ_v43_74197ac5ef41 at 0.04 m
germany,11000124443,remove,poland,duplicate of poland PL_v43_2d2980287b9f at 0.03 m
germany,11000124844,remove,poland,duplicate of poland PL_v43_6f5e28df69a8 at 0.01 m
germany,11000125129,remove,poland,duplicate of poland PL_v43_2e679c5b8065 at 0.04 m
germany,11000125172,reassign,czechia,new to czechia
germany,11000125810,remove,czechia,duplicate of czechia CZ_v43_3b127dbcc57b at 0.02 m
germany,11000126110,remove,czechia,duplicate of czechia CZ_v43_9876cf454cdf at 0.01 m
germany,11000126116,remove,czechia,duplicate of czechia CZ_v43_1e80ad53a6e5 at 0.05 m
germany,11000126205,remove,czechia,duplicate of czechia CZ_v43_1074027bf1e1 at 0.07 m
germany,11000126224,reassign,czechia,new to czechia
germany,11000126473,remove,czechia,duplicate of czechia CZ_v43_fb42716e54f6 at 0.01 m
germany,11000126569,reassign,czechia,new to czechia
germany,11000127193,remove,czechia,duplicate of czechia CZ_v43_e4daf87c81d8 at 0.06 m
germany,11000127200,remove,czechia,duplicate of czechia CZ_v43_0fdffd4ae50c at 0.03 m
germany,11000127201,remove,czechia,duplicate of czechia CZ_v43_f3fe0d82bd04 at 0.04 m
germany,11000127212,remove,czechia,duplicate of czechia CZ_v43_349c1184e25e at 0.05 m
germany,11000127215,reassign,czechia,new to czechia
germany,11000127305,remove,czechia,duplicate of czechia CZ_v43_d8200421bf9c at 0.04 m
germany,11000127558,remove,poland,duplicate of poland PL_v43_85f10ad8fc75 at 0.03 m
germany,11000127758,remove,poland,duplicate of poland PL_v43_7b899eed0f83 at 0.03 m
germany,11000127839,remove,czechia,duplicate of czechia CZ_v43_99464e0f6f2e at 0.04 m
germany,11000127840,remove,czechia,duplicate of czechia CZ_v43_1af45f622338 at 0.04 m
germany,11000127851,remove,czechia,duplicate of czechia CZ_v43_7be45300048e at 0.04 m
germany,11000128000,remove,poland,duplicate of poland PL_v43_5efca26e6142 at 0.04 m
germany,11000128636,reassign,czechia,new to czechia
germany,11000128897,remove,czechia,duplicate of czechia CZ_v43_dc5cf89305c1 at 0.01 m
germany,11000129005,remove,poland,duplicate of poland PL_v43_977b8120b307 at 0.05 m
germany,11000129006,remove,poland,duplicate of poland PL_v43_dddbb42bb7b3 at 0.00 m
germany,11000129010,remove,czechia,duplicate of czechia CZ_v43_96ea80293507 at 0.04 m
germany,11000129011,reassign,czechia,new to czechia
germany,11000129012,remove,czechia,duplicate of czechia CZ_v43_e3ab4c44f7fc at 0.06 m
germany,11000129013,remove,czechia,duplicate of czechia CZ_v43_72d82273e37e at 0.03 m
germany,11000129014,remove,czechia,duplicate of czechia CZ_v43_21ae25c1c943 at 0.05 m
germany,11000129062,reassign,czechia,new to czechia
germany,11000129589,remove,czechia,duplicate of czechia CZ_v43_0abbdcbbe8fd at 0.03 m
germany,11000129782,remove,poland,duplicate of poland PL_v43_c5eb32ecbe16 at 0.04 m
germany,11000131384,remove,czechia,duplicate of czechia CZ_v43_3fe75efd303c at 0.03 m
germany,11000131729,remove,austria,duplicate of austria AT_v43_6907f9312448 at 0.03 m
germany,11000131767,remove,austria,duplicate of austria AT_v43_5da0d7bae220 at 0.01 m
germany,11000131903,remove,switzerland,duplicate of switzerland CH_v43_d417d47c933c at 0.03 m
germany,11000131904,remove,switzerland,duplicate of switzerland CH_v43_d54a899ad482 at 0.05 m
germany,11000131908,remove,switzerland,duplicate of switzerland CH_v43_d4e089c36937 at 0.06 m
germany,11000132001,remove,switzerland,duplicate of switzerland CH_360833048 at 3.13 m
germany,11000132068,remove,switzerland,duplicate of switzerland CH_370359768 at 5.13 m
germany,11000132558,remove,france,duplicate of france 1000162172 at 0.05 m
germany,11000132559,remove,france,duplicate of france 1000162173 at 0.01 m
germany,11000132802,remove,switzerland,duplicate of switzerland CH_v43_b7ccac2cd879 at 0.03 m
germany,11000133027,remove,switzerland,duplicate of switzerland CH_765318131 at 3.42 m
germany,11000133176,reassign,switzerland,new to switzerland
germany,11000133331,remove,france,duplicate of france 1000162339 at 0.04 m
germany,11000134038,remove,switzerland,duplicate of switzerland CH_v43_40f1ac68e6b2 at 0.02 m
germany,11000135211,remove,austria,duplicate of austria AT_v43_5b4bebab5e1f at 0.03 m
germany,11000136272,remove,switzerland,duplicate of switzerland CH_v43_7ec69e385d9b at 0.01 m
germany,11000136274,remove,switzerland,duplicate of switzerland CH_v43_5859201472d1 at 0.03 m
germany,11000136382,remove,austria,duplicate of austria AT_v43_bd6d7bf878a9 at 0.01 m
germany,11000136505,remove,switzerland,duplicate of switzerland CH_4104866257 at 4.76 m
germany,11000136506,reassign,switzerland,new to switzerland
germany,11000136644,remove,switzerland,duplicate of switzerland CH_4444552484 at 4.74 m
germany,11000136645,remove,switzerland,duplicate of switzerland CH_4444611684 at 3.64 m
germany,11000136646,remove,switzerland,duplicate of switzerland CH_4444653538 at 5.52 m
germany,11000136917,remove,switzerland,duplicate of switzerland CH_5114446957 at 6.62 m
germany,11000136918,remove,switzerland,duplicate of switzerland CH_5114446958 at 3.71 m
germany,11000136919,remove,switzerland,duplicate of switzerland CH_5114446959 at 3.37 m
germany,11000136920,remove,switzerland,duplicate of switzerland CH_5114446960 at 5.28 m
germany,11000136921,remove,switzerland,duplicate of switzerland CH_5114446961 at 3.73 m
germany,11000137151,remove,france,duplicate of france 1000163999 at 0.05 m
germany,11000137152,remove,france,duplicate of france 1000164000 at 0.03 m
germany,11000137155,remove,france,duplicate of france 1000164002 at 0.01 m
germany,11000137387,remove,austria,duplicate of austria AT_v43_8c82c38034e1 at 0.03 m
germany,11000137440,remove,austria,duplicate of austria AT_v43_d42a8de08224 at 0.04 m
germany,11000137982,remove,france,duplicate of france 1000165516 at 0.05 m
germany,11000138018,remove,austria,duplicate of austria AT_v43_531aeb3055ca at 0.02 m
germany,11000138052,remove,france,duplicate of france 1000165566 at 0.04 m
germany,11000138053,remove,france,duplicate of france 1000165567 at 0.04 m
germany,11000138054,remove,france,duplicate of france 1000165568 at 0.05 m
germany,11000138379,remove,switzerland,duplicate of switzerland CH_8790357580 at 5.09 m
germany,11000138380,remove,switzerland,duplicate of switzerland CH_8790357581 at 3.24 m
germany,11000138446,remove,austria,duplicate of austria AT_v43_bf42b2bb40e5 at 0.03 m
germany,11000138455,remove,austria,duplicate of austria AT_v43_bbc39893024a at 0.04 m
germany,11000138456,remove,austria,duplicate of austria AT_v43_c3de174a457a at 0.00 m
germany,11000138457,remove,austria,duplicate of austria AT_v43_300d9ab2dfb1 at 0.02 m
germany,11000138464,remove,austria,duplicate of austria AT_v43_7a3d287ed03a at 0.03 m
germany,11000138465,remove,austria,duplicate of austria AT_v43_751868d8de5d at 0.04 m
germany,11000138466,remove,austria,duplicate of austria AT_v43_4abbb9e69a05 at 0.04 m
germany,11000138471,remove,austria,duplicate of austria AT_v43_4ca17e7ade43 at 0.02 m
germany,11000138494,remove,austria,duplicate of austria AT_v43_3d378f40463a at 0.05 m
germany,11000138495,remove,austria,duplicate of austria AT_v43_40983e34bb73 at 0.04 m
germany,11000138500,remove,austria,duplicate of austria AT_v43_1c0150a1d51a at 0.04 m
germany,11000138503,remove,austria,duplicate of austria AT_v43_136d30dfa117 at 0.06 m
germany,11000138506,remove,austria,duplicate of austria AT_v43_e1abf507a44b at 0.01 m
germany,11000138529,remove,austria,duplicate of austria AT_v43_67dead61f4c0 at 0.05 m
germany,11000139266,remove,austria,duplicate of austria AT_v43_f67c84309a7d at 0.01 m
germany,11000139706,remove,austria,duplicate of austria AT_v43_5cc2ce26a1d8 at 0.03 m
germany,11000140182,remove,france,duplicate of france 1000166783 at 0.05 m
germany,11000140183,remove,france,duplicate of france 1000166784 at 0.06 m
germany,11000140184,remove,france,duplicate of france 1000166785 at 0.03 m
germany,11000140186,remove,france,duplicate of france 1000166787 at 0.01 m
germany,11000140187,remove,france,duplicate of france 1000166788 at 0.06 m
germany,11000140188,remove,france,duplicate of france 1000166789 at 0.04 m
germany,11000140189,remove,france,duplicate of france 1000166790 at 0.02 m
germany,11000140613,remove,france,duplicate of france 1000166859 at 0.04 m
germany,11000140616,remove,france,duplicate of france 1000166861 at 0.06 m
germany,11000140617,remove,france,duplicate of france 1000166862 at 0.06 m
germany,11000140618,remove,france,duplicate of france 1000166863 at 0.01 m
germany,11000140619,remove,france,duplicate of france 1000166864 at 0.01 m
germany,11000140620,remove,france,duplicate of france 1000166865 at 0.01 m
germany,11000140621,remove,france,duplicate of france 1000166866 at 0.06 m
germany,11000140855,remove,austria,duplicate of austria AT_v43_f3028aa31e14 at 0.03 m
germany,11000140856,remove,austria,duplicate of austria AT_v43_c3c2c98a2742 at 0.03 m
germany,11000140857,remove,austria,duplicate of austria AT_v43_0dec47bff9bf at 0.03 m
germany,11000141486,remove,switzerland,duplicate of switzerland CH_v43_7e0979736474 at 0.05 m
germany,11000141798,remove,france,duplicate of france 1000167270 at 0.04 m
germany,11000141799,remove,france,duplicate of france 1000167271 at 0.01 m
germany,11000141800,remove,france,duplicate of france 1000167272 at 0.04 m
germany,11000141801,remove,france,duplicate of france 1000167273 at 0.04 m
germany,11000141802,remove,france,duplicate of france 1000167274 at 0.01 m
germany,11000141803,remove,france,duplicate of france 1000167275 at 0.05 m
germany,11000141804,remove,france,duplicate of france 1000167276 at 0.06 m
germany,11000141805,remove,france,duplicate of france 1000167277 at 0.03 m
germany,11000141806,remove,france,duplicate of france 1000167278 at 0.06 m
germany,11000141807,remove,france,duplicate of france 1000167279 at 0.02 m
germany,11000141808,remove,france,duplicate of france 1000167280 at 0.04 m
germany,11000141809,remove,france,duplicate of france 1000167281 at 0.04 m
germany,11000141810,remove,france,duplicate of france 1000167282 at 0.04 m
germany,11000141811,remove,france,duplicate of france 1000167283 at 0.06 m
germany,11000141812,remove,france,duplicate of france 1000167284 at 0.04 m
germany,11000141816,remove,france,duplicate of france 1000167285 at 0.06 m
germany,11000141817,remove,france,duplicate of france 1000167286 at 0.02 m
germany,11000141818,remove,france,duplicate of france 1000167287 at 0.05 m
germany,11000141819,remove,france,duplicate of france 1000167288 at 0.04 m
germany,11000141820,remove,france,duplicate of france 1000167289 at 0.05 m
germany,11000141821,remove,france,duplicate of france 1000167290 at 0.05 m
germany,11000141822,remove,france,duplicate of france 1000167291 at 0.04 m
germany,11000141823,remove,france,duplicate of france 1000167292 at 0.04 m
germany,11000141824,remove,france,duplicate of france 1000167293 at 0.06 m
germany,11000141825,remove,france,duplicate of france 1000167294 at 0.04 m
germany,11000141826,remove,france,duplicate of france 1000167295 at 0.02 m
germany,11000141827,remove,france,duplicate of france 1000167296 at 0.06 m
germany,11000141828,remove,france,duplicate of france 1000167297 at 0.02 m
germany,11000141829,remove,france,duplicate of france 1000167298 at 0.01 m
germany,11000141830,remove,france,duplicate of france 1000167299 at 0.04 m
germany,11000141831,remove,france,duplicate of france 1000167300 at 0.02 m
germany,11000141832,remove,france,duplicate of france 1000167301 at 0.03 m
germany,11000141833,remove,france,duplicate of france 1000167302 at 0.05 m
germany,11000141834,remove,france,duplicate of france 1000167303 at 0.03 m
germany,11000141835,remove,france,duplicate of france 1000167304 at 0.05 m
germany,11000141886,remove,austria,duplicate of austria AT_v43_a1763057b616 at 0.05 m
germany,11000142332,remove,france,duplicate of france 1000167532 at 0.04 m
germany,11000142333,remove,france,duplicate of france 1000167533 at 0.05 m
germany,11000142334,remove,france,duplicate of france 1000167534 at 0.03 m
germany,11000142335,remove,france,duplicate of france 1000167535 at 0.04 m
germany,11000142336,remove,france,duplicate of france 1000167536 at 0.01 m
germany,11000142337,remove,france,duplicate of france 1000167537 at 0.03 m
germany,11000142338,remove,france,duplicate of france 1000167538 at 0.03 m
germany,11000142339,remove,france,duplicate of france 1000167539 at 0.03 m
germany,11000142340,remove,france,duplicate of france 1000167540 at 0.04 m
germany,11000142341,remove,france,duplicate of france 1000167541 at 0.03 m
germany,11000142342,remove,france,duplicate of france 1000167542 at 0.06 m
germany,11000142343,remove,france,duplicate of france 1000167543 at 0.02 m
germany,11000142344,remove,france,duplicate of france 1000167544 at 0.04 m
germany,11000142345,remove,france,duplicate of france 1000167545 at 0.01 m
germany,11000142346,remove,france,duplicate of france 1000167546 at 0.04 m
germany,11000142347,remove,france,duplicate of france 1000167547 at 0.04 m
germany,11000142404,remove,france,duplicate of france 1000167737 at 0.04 m
germany,11000142405,remove,france,duplicate of france 1000167738 at 0.06 m
germany,11000142433,remove,france,duplicate of france 1000168139 at 0.04 m
germany,11000142434,remove,france,duplicate of france 1000168140 at 0.04 m
germany,11000142435,remove,france,duplicate of france 1000168141 at 0.05 m
germany,11000142436,remove,france,duplicate of france 1000168142 at 0.04 m
germany,11000142437,remove,france,duplicate of france 1000168143 at 0.04 m
germany,11000142438,remove,france,duplicate of france 1000168144 at 0.04 m
germany,11000142439,remove,france,duplicate of france 1000168145 at 0.05 m
germany,11000142440,remove,france,duplicate of france 1000168146 at 0.02 m
germany,11000142441,remove,france,duplicate of france 1000168147 at 0.02 m
germany,11000142442,remove,france,duplicate of france 1000168148 at 0.02 m
germany,11000142443,remove,france,duplicate of france 1000168149 at 0.04 m
germany,11000142444,remove,france,duplicate of france 1000168150 at 0.03 m
germany,11000142445,remove,france,duplicate of france 1000168151 at 0.03 m
germany,11000142446,remove,france,duplicate of france 1000168152 at 0.06 m
germany,11000142447,remove,france,duplicate of france 1000168153 at 0.05 m
germany,11000142448,remove,france,duplicate of france 1000168154 at 0.02 m
germany,11000142449,remove,france,duplicate of france 1000168155 at 0.05 m
germany,11000142450,remove,france,duplicate of france 1000168156 at 0.04 m
germany,11000142470,remove,france,duplicate of france 1000168219 at 0.04 m
germany,11000142472,remove,france,duplicate of france 1000168221 at 0.04 m
germany,11000142475,remove,france,duplicate of france 1000168224 at 0.02 m
germany,11000142481,remove,switzerland,duplicate of switzerland CH_11801921890 at 2.81 m
germany,11000142522,remove,france,duplicate of france 1000168257 at 0.05 m
germany,11000142701,remove,austria,duplicate of austria AT_v43_286b75eb5cb8 at 0.05 m
germany,11000142725,remove,france,duplicate of france 1000168466 at 0.01 m
germany,11000142758,remove,switzerland,duplicate of switzerland CH_12242301896 at 4.24 m
germany,11000142835,remove,france,duplicate of france 1000168613 at 0.05 m
germany,11000142874,remove,france,duplicate of france 1000168652 at 0.04 m
germany,11000142918,remove,austria,duplicate of austria AT_v43_bbbd6ac885fd at 0.03 m
germany,11000142919,remove,austria,duplicate of austria AT_v43_8435ec7cd1f1 at 0.02 m
germany,11000142942,remove,austria,duplicate of austria AT_v43_39e587ee20fd at 0.04 m
germany,11000142943,remove,austria,duplicate of austria AT_v43_c5e2726c016f at 0.07 m
germany,11000142944,remove,austria,duplicate of austria AT_v43_5ccf06e9df2c at 0.03 m
germany,11000142951,remove,austria,duplicate of austria AT_v43_681f63183ad3 at 0.04 m
germany,11000142992,remove,austria,duplicate of austria AT_v43_7a1cc3610ad0 at 0.03 m
germany,11000143103,remove,austria,duplicate of austria AT_v43_29c1cde3af50 at 0.04 m
germany,11000143104,remove,austria,duplicate of austria AT_v43_882fb27466a7 at 0.05 m
germany,11000143122,remove,france,duplicate of france 1000168887 at 0.04 m
germany,11000143136,remove,switzerland,duplicate of switzerland CH_12945536435 at 4.73 m
germany,11000143144,remove,switzerland,duplicate of switzerland CH_12949212349 at 4.44 m
germany,11000143202,remove,france,duplicate of france 1000168910 at 0.06 m
germany,11000143203,remove,france,duplicate of france 1000168911 at 0.04 m
germany,11000143204,remove,france,duplicate of france 1000168912 at 0.01 m
germany,11000143205,remove,france,duplicate of france 1000168913 at 0.05 m
germany,11000143272,remove,austria,duplicate of austria AT_v43_7f982fadb4b6 at 0.02 m
germany,11000143278,remove,austria,duplicate of austria AT_v43_09af46d19652 at 0.04 m
germany,11000143344,remove,austria,duplicate of austria AT_v43_b9fe151e5555 at 0.06 m
germany,11000143369,remove,austria,duplicate of austria AT_v43_9024b45a3684 at 0.05 m
germany,11000143470,remove,france,duplicate of france 1000169069 at 0.06 m
germany,11000143482,remove,france,duplicate of france 1000169084 at 0.05 m
germany,11000143483,remove,france,duplicate of france 1000169085 at 0.02 m
germany,11000143540,remove,france,duplicate of france 1000169127 at 0.04 m
germany,11000143672,remove,austria,duplicate of austria AT_v43_2a0c4e3c3182 at 0.04 m
germany,11000143699,remove,france,duplicate of france 1000169391 at 0.05 m
germany,11000143776,remove,austria,duplicate of austria AT_v43_9593d09a2cbe at 0.05 m
germany,11000143806,remove,switzerland,duplicate of switzerland CH_v43_05a15229ca84 at 0.03 m
germany,11000143929,remove,austria,duplicate of austria AT_708_004 at 0.00 m
germany,11000143940,remove,switzerland,duplicate of switzerland CH_27107779 at 6.45 m
germany,11000144177,remove,france,duplicate of france 1000169546 at 0.05 m
germany,11000144219,remove,austria,duplicate of austria AT_502_001 at 0.00 m
germany,11000144220,remove,austria,duplicate of austria AT_501_000 at 0.00 m
germany,11000144221,remove,austria,duplicate of austria AT_501_001 at 0.00 m
germany,11000144222,remove,austria,duplicate of austria AT_502_002 at 0.00 m
germany,11000144244,remove,france,duplicate of france 1000169565 at 0.03 m
germany,11000144261,remove,france,duplicate of france 1000169569 at 0.02 m
germany,11000144262,remove,france,duplicate of france 1000169570 at 0.02 m
germany,11000144315,remove,switzerland,duplicate of switzerland CH_35840165 at 4.53 m
germany,11000144338,remove,france,duplicate of france 1000169612 at 0.05 m
germany,11000144487,remove,switzerland,duplicate of switzerland CH_v43_61b036ee8741 at 0.03 m
germany,11000144500,remove,france,duplicate of france 1000169716 at 0.02 m
germany,11000144553,remove,france,duplicate of france 1000169748 at 0.06 m
germany,11000144635,remove,france,duplicate of france 1000169814 at 0.02 m
germany,11000144651,remove,france,duplicate of france 1000169835 at 0.04 m
germany,11000144652,remove,france,duplicate of france 1000169836 at 0.02 m
germany,11000144657,remove,france,duplicate of france 1000169840 at 0.02 m
germany,11000144658,remove,france,duplicate of france 1000169841 at 0.05 m
germany,11000144667,remove,france,duplicate of france 1000169843 at 0.06 m
germany,11000144669,remove,france,duplicate of france 1000169846 at 0.04 m
germany,11000144694,remove,france,duplicate of france 1000169866 at 0.06 m
germany,11000144711,remove,france,duplicate of france 1000169880 at 0.04 m
germany,11000144715,remove,france,duplicate of france 1000169882 at 0.03 m
germany,11000144716,remove,france,duplicate of france 1000169883 at 0.01 m
germany,11000144718,remove,france,duplicate of france 1000169886 at 0.03 m
germany,11000144719,remove,france,duplicate of france 1000169888 at 0.06 m
germany,11000144727,remove,france,duplicate of france 1000169891 at 0.04 m
germany,11000144729,remove,france,duplicate of france 1000169892 at 0.05 m
germany,11000144755,remove,france,duplicate of france 1000169916 at 0.06 m
germany,11000144767,remove,france,duplicate of france 1000169928 at 0.06 m
germany,11000144769,remove,france,duplicate of france 1000169929 at 0.03 m
germany,11000144770,remove,france,duplicate of france 1000169930 at 0.04 m
germany,11000144771,remove,france,duplicate of france 1000169931 at 0.03 m
germany,11000144792,remove,france,duplicate of france 1000169948 at 0.01 m
germany,11000144815,remove,france,duplicate of france 1000169969 at 0.02 m
germany,11000144840,remove,france,duplicate of france 1000170002 at 0.05 m
germany,11000144844,remove,france,duplicate of france 1000170010 at 0.04 m
germany,11000144894,remove,switzerland,duplicate of switzerland CH_50319857 at 4.17 m
germany,11000144897,remove,switzerland,duplicate of switzerland CH_50397760 at 3.86 m
germany,11000145232,remove,france,duplicate of france 1000170248 at 0.05 m
germany,11000145234,remove,france,duplicate of france 1000170250 at 0.05 m
germany,11000145265,remove,france,duplicate of france 1000170270 at 0.03 m
germany,11000145283,remove,france,duplicate of france 1000170279 at 0.03 m
germany,11000145501,remove,france,duplicate of france 1000171531 at 0.02 m
germany,11000145597,remove,austria,duplicate of austria AT_v43_4b0d75a9ae0a at 0.03 m
germany,11000145598,remove,austria,duplicate of austria AT_v43_993823f09b53 at 0.05 m
germany,11000145609,reassign,austria,new to austria; nearest existing 135.3 m
germany,11000145616,remove,austria,duplicate of austria AT_412_014 at 0.00 m
germany,11000145618,remove,france,duplicate of france 1000171928 at 0.04 m
germany,11000145627,remove,france,duplicate of france 1000171952 at 0.03 m
germany,11000145646,remove,france,duplicate of france 1000172081 at 0.05 m
germany,11000145648,reassign,austria,new to austria; nearest existing 133.1 m
germany,11000145650,remove,france,duplicate of france 1000172083 at 0.02 m
germany,11000145657,remove,france,duplicate of france 1000172084 at 0.04 m
germany,11000145658,remove,france,duplicate of france 1000172085 at 0.02 m
germany,11000145659,remove,france,duplicate of france 1000172086 at 0.01 m
germany,11000145662,remove,france,duplicate of france 1000172092 at 0.06 m
germany,11000145667,remove,france,duplicate of france 1000172099 at 0.02 m
germany,11000145668,remove,france,duplicate of france 1000172100 at 0.03 m
germany,11000145673,remove,france,duplicate of france 1000172129 at 0.05 m
germany,11000145674,remove,france,duplicate of france 1000172130 at 0.04 m
germany,11000145675,remove,france,duplicate of france 1000172131 at 0.04 m
germany,11000145681,remove,france,duplicate of france 1000172153 at 0.05 m
germany,11000145683,remove,france,duplicate of france 1000172154 at 0.02 m
germany,11000145691,remove,france,duplicate of france 1000172155 at 0.04 m
germany,11000145692,remove,france,duplicate of france 1000172156 at 0.04 m
germany,11000145693,remove,france,duplicate of france 1000172157 at 0.05 m
germany,11000145695,remove,france,duplicate of france 1000172164 at 0.04 m
germany,11000145696,remove,austria,duplicate of austria AT_v43_807da1bd9ee9 at 0.00 m
germany,11000145697,remove,austria,duplicate of austria AT_v43_ed914a8dc89c at 0.04 m
germany,11000145698,remove,france,duplicate of france 1000172176 at 0.01 m
germany,11000145699,remove,france,duplicate of france 1000172177 at 0.04 m
germany,11000145703,remove,france,duplicate of france 1000172182 at 0.04 m
germany,11000145704,remove,france,duplicate of france 1000172183 at 0.03 m
germany,11000145742,remove,austria,duplicate of austria AT_802_023 at 0.00 m
germany,11000145744,remove,france,duplicate of france 1000172268 at 0.05 m
germany,11000145745,remove,france,duplicate of france 1000172269 at 0.03 m
germany,11000145746,remove,france,duplicate of france 1000172270 at 0.02 m
germany,11000145747,remove,france,duplicate of france 1000172271 at 0.06 m
germany,11000145766,remove,switzerland,duplicate of switzerland CH_87281514 at 4.33 m
germany,11000145905,reassign,switzerland,new to switzerland
germany,11000145930,remove,france,duplicate of france 1000172688 at 0.02 m
germany,11000145931,remove,france,duplicate of france 1000172689 at 0.01 m
germany,11000146034,remove,austria,duplicate of austria AT_502_018 at 0.00 m
germany,11000146082,remove,austria,duplicate of austria AT_503_003 at 0.00 m
germany,11000146094,remove,austria,duplicate of austria AT_704_058 at 0.00 m
germany,11000146097,remove,austria,duplicate of austria AT_704_059 at 0.00 m
germany,11000146114,remove,austria,duplicate of austria AT_v43_7feac5957b82 at 0.04 m
germany,11000146182,remove,austria,duplicate of austria AT_412_021 at 0.00 m
germany,11000146183,remove,austria,duplicate of austria AT_412_022 at 0.00 m
germany,11000146211,remove,austria,duplicate of austria AT_503_006 at 0.00 m
germany,11000146275,remove,switzerland,duplicate of switzerland CH_97869028 at 3.65 m
germany,11000146276,remove,austria,duplicate of austria AT_502_021 at 0.00 m
germany,11000146279,remove,austria,duplicate of austria AT_502_022 at 0.00 m
germany,11000146281,remove,france,duplicate of france 1000173012 at 0.06 m
germany,11000146282,remove,france,duplicate of france 1000173013 at 0.02 m
germany,11000146571,remove,austria,duplicate of austria AT_v43_18276e5f7512 at 0.06 m
germany,11000146591,remove,austria,duplicate of austria AT_412_025 at 0.00 m
germany,11000146592,remove,austria,duplicate of austria AT_412_026 at 0.00 m
germany,11000146617,remove,switzerland,duplicate of switzerland CH_v43_ac0ad8babdbe at 0.04 m
germany,11000146618,remove,austria,duplicate of austria AT_v43_a36248b04d1c at 0.03 m
germany,11000146658,remove,switzerland,duplicate of switzerland CH_107239201 at 4.06 m
germany,11000146666,remove,france,duplicate of france 1000173813 at 0.04 m
germany,11000146667,remove,france,duplicate of france 1000173814 at 0.01 m
germany,11000146668,remove,france,duplicate of france 1000173815 at 0.03 m
germany,11000146678,remove,austria,duplicate of austria AT_v43_d489aecd5e3d at 0.02 m
germany,11000146694,remove,austria,duplicate of austria AT_v43_77388f5c0c75 at 0.05 m
germany,11000146713,remove,austria,duplicate of austria AT_v43_9fcfdfad1c58 at 0.02 m
germany,11000146737,remove,switzerland,duplicate of switzerland CH_109037817 at 6.22 m
germany,11000146899,remove,austria,duplicate of austria AT_v43_90498795c225 at 0.04 m
germany,11000146979,remove,austria,duplicate of austria AT_v43_2e0fe015cb1b at 0.02 m
germany,11000146986,remove,austria,duplicate of austria AT_v43_a2aa4b5ea38e at 0.03 m
germany,11000147026,remove,austria,duplicate of austria AT_v43_a3f58bc4169a at 0.01 m
germany,11000147039,remove,austria,duplicate of austria AT_v43_0ed1a158714e at 0.01 m
germany,11000147085,remove,austria,duplicate of austria AT_801_003 at 0.00 m
germany,11000147109,remove,austria,duplicate of austria AT_v43_781969573856 at 0.03 m
germany,11000147150,remove,austria,duplicate of austria AT_v43_d6aeaef8e5ee at 0.06 m
germany,11000147243,remove,austria,duplicate of austria AT_v43_a5cef967c8e3 at 0.03 m
germany,11000147248,remove,austria,duplicate of austria AT_v43_0eb8fe3a1d05 at 0.03 m
germany,11000147255,remove,austria,duplicate of austria AT_v43_61f34e60242b at 0.03 m
germany,11000147263,remove,austria,duplicate of austria AT_v43_869a47ccf13f at 0.03 m
germany,11000147296,remove,austria,duplicate of austria AT_v43_3160070900ad at 0.04 m
germany,11000147483,remove,austria,duplicate of austria AT_v43_143f5df03404 at 0.03 m
germany,11000147484,remove,france,duplicate of france 1000174994 at 0.05 m
germany,11000147581,remove,austria,duplicate of austria AT_v43_2500ec47a0d1 at 0.03 m
germany,11000147584,remove,austria,duplicate of austria AT_v43_4032c1ffd601 at 0.06 m
germany,11000147597,remove,austria,duplicate of austria AT_v43_558810640657 at 0.04 m
germany,11000147618,remove,austria,duplicate of austria AT_v43_fc61a0fa88c5 at 0.03 m
germany,11000147619,remove,austria,duplicate of austria AT_v43_116d1feff94b at 0.01 m
germany,11000147627,remove,austria,duplicate of austria AT_v43_2f9b63984cb2 at 0.05 m
germany,11000147712,remove,france,duplicate of france 1000175307 at 0.05 m
germany,11000147794,remove,austria,duplicate of austria AT_v43_3a38567eaa7d at 0.04 m
germany,11000147808,remove,france,duplicate of france 1000175406 at 0.02 m
germany,11000147809,remove,france,duplicate of france 1000175407 at 0.02 m
germany,11000147810,remove,france,duplicate of france 1000175408 at 0.04 m
germany,11000147871,remove,austria,duplicate of austria AT_v43_d8bdfe2bf8ab at 0.05 m
germany,11000147889,remove,austria,duplicate of austria AT_v43_df05569d9b42 at 0.03 m
germany,11000148098,remove,france,duplicate of france 1000175834 at 0.02 m
germany,11000148104,remove,france,duplicate of france 1000175860 at 0.00 m
germany,11000148183,remove,austria,duplicate of austria AT_v43_f96fd0f7f3da at 0.02 m
germany,11000148273,remove,france,duplicate of france 1000175974 at 0.04 m
germany,11000148274,remove,france,duplicate of france 1000175975 at 0.06 m
germany,11000148275,remove,france,duplicate of france 1000175976 at 0.02 m
germany,11000148288,remove,austria,duplicate of austria AT_v43_da05b114a34f at 0.04 m
germany,11000148441,remove,austria,duplicate of austria AT_v43_ad3f23e8d63c at 0.03 m
germany,11000148495,remove,austria,duplicate of austria AT_v43_d46aa4326682 at 0.01 m
germany,11000148510,remove,france,duplicate of france 1000176179 at 0.05 m
germany,11000148513,remove,france,duplicate of france 1000176186 at 0.03 m
germany,11000148518,remove,austria,duplicate of austria AT_v43_deb57ccb50fd at 0.02 m
germany,11000148541,remove,austria,duplicate of austria AT_v43_bdc62e841398 at 0.04 m
germany,11000148623,remove,austria,duplicate of austria AT_v43_159d2d253095 at 0.04 m
germany,11000148624,remove,austria,duplicate of austria AT_v43_83fb2f489699 at 0.04 m
germany,11000148648,remove,austria,duplicate of austria AT_v43_1b880091ad6b at 0.04 m
germany,11000148681,remove,austria,duplicate of austria AT_v43_fc2beca676e3 at 0.04 m
germany,11000148694,remove,austria,duplicate of austria AT_v43_2a17f47e2e4c at 0.04 m
germany,11000148713,remove,austria,duplicate of austria AT_v43_59f2b5a1dca2 at 0.04 m
germany,11000148744,remove,austria,duplicate of austria AT_v43_bb7f06a9595c at 0.02 m
germany,11000148746,remove,austria,duplicate of austria AT_v43_5dbb5896fde6 at 0.01 m
germany,11000148750,remove,austria,duplicate of austria AT_v43_40ae0fe3c51e at 0.01 m
germany,11000148751,remove,austria,duplicate of austria AT_v43_6ea3665fb1d8 at 0.01 m
germany,11000148803,remove,austria,duplicate of austria AT_v43_14337c3ecc6a at 0.03 m
germany,11000148804,remove,austria,duplicate of austria AT_v43_d4b3b42c9b43 at 0.06 m
germany,11000148829,remove,austria,duplicate of austria AT_v43_8a91b7e98d9e at 0.04 m
germany,11000148833,remove,switzerland,duplicate of switzerland CH_157747744 at 2.90 m
germany,11000148837,remove,austria,duplicate of austria AT_v43_cc31ea7c1be8 at 0.03 m
germany,11000148877,remove,austria,duplicate of austria AT_v43_2948131d685d at 0.03 m
germany,11000148939,remove,austria,duplicate of austria AT_v43_1fa0df6f027e at 0.03 m
germany,11000148972,remove,austria,duplicate of austria AT_v43_2dbad1c9e378 at 0.05 m
germany,11000149064,reassign,austria,new to austria
germany,11000149116,remove,austria,duplicate of austria AT_v43_2b65e6b714d8 at 0.05 m
germany,11000149160,remove,france,duplicate of france 1000176879 at 0.07 m
germany,11000149161,remove,france,duplicate of france 1000176880 at 0.01 m
germany,11000149162,remove,france,duplicate of france 1000176881 at 0.00 m
germany,11000149217,remove,austria,duplicate of austria AT_v43_056be5d7c1d1 at 0.03 m
germany,11000149258,remove,france,duplicate of france 1000176969 at 0.05 m
germany,11000149312,remove,france,duplicate of france 1000177038 at 0.02 m
germany,11000149313,remove,france,duplicate of france 1000177039 at 0.07 m
germany,11000149314,remove,france,duplicate of france 1000177040 at 0.05 m
germany,11000149315,remove,france,duplicate of france 1000177041 at 0.04 m
germany,11000149316,remove,france,duplicate of france 1000177042 at 0.04 m
germany,11000149317,remove,france,duplicate of france 1000177043 at 0.01 m
germany,11000149318,remove,france,duplicate of france 1000177044 at 0.06 m
germany,11000149319,remove,france,duplicate of france 1000177045 at 0.01 m
germany,11000149344,remove,switzerland,duplicate of switzerland CH_v43_077c24c3cf5e at 0.04 m
germany,11000149349,remove,switzerland,duplicate of switzerland CH_v43_9125a5732859 at 0.05 m
germany,11000149366,remove,austria,duplicate of austria AT_v43_7ac5c5f65d89 at 0.02 m
germany,11000149367,remove,austria,duplicate of austria AT_v43_3156ad519bf7 at 0.06 m
germany,11000149368,remove,austria,duplicate of austria AT_v43_7f71f676e967 at 0.03 m
germany,11000149369,remove,austria,duplicate of austria AT_v43_ba48e7466cdb at 0.04 m
germany,11000149374,remove,austria,duplicate of austria AT_v43_36e58b45bec0 at 0.03 m
germany,11000149413,remove,switzerland,duplicate of switzerland CH_v43_ada23a1106cd at 0.03 m
germany,11000149500,remove,austria,duplicate of austria AT_v43_8460b2bca415 at 0.04 m
germany,11000149531,remove,austria,duplicate of austria AT_v43_a3191b429760 at 0.06 m
germany,11000149570,remove,austria,duplicate of austria AT_v43_87a0279d375b at 0.05 m
germany,11000149580,remove,switzerland,duplicate of switzerland CH_v43_4fbe38bbcd54 at 0.06 m
germany,11000149655,remove,switzerland,duplicate of switzerland CH_173543303 at 6.03 m
germany,11000149663,remove,austria,duplicate of austria AT_v43_252ae698c37f at 0.02 m
germany,11000149676,remove,switzerland,duplicate of switzerland CH_v43_f5af18e07cee at 0.05 m
germany,11000149679,remove,austria,duplicate of austria AT_v43_d4b430a137b6 at 0.02 m
germany,11000149690,remove,france,duplicate of france 1000177349 at 0.03 m
germany,11000149691,remove,france,duplicate of france 1000177350 at 0.05 m
germany,11000149716,remove,france,duplicate of france 1000177360 at 0.04 m
germany,11000149718,remove,france,duplicate of france 1000177361 at 0.00 m
germany,11000149719,remove,france,duplicate of france 1000177362 at 0.03 m
germany,11000149720,remove,france,duplicate of france 1000177363 at 0.05 m
germany,11000149721,remove,france,duplicate of france 1000177364 at 0.00 m
germany,11000149750,remove,switzerland,duplicate of switzerland CH_v43_8ea332b3efa2 at 0.05 m
germany,11000149780,remove,austria,duplicate of austria AT_v43_557a8e3d134f at 0.04 m
germany,11000149806,remove,switzerland,duplicate of switzerland CH_v43_f2e29427aa83 at 0.05 m
germany,11000149877,remove,france,duplicate of france 1000177568 at 0.01 m
germany,11000149878,remove,france,duplicate of france 1000177569 at 0.05 m
germany,11000149879,remove,france,duplicate of france 1000177570 at 0.05 m
germany,11000149920,remove,austria,duplicate of austria AT_v43_f8fa17437e87 at 0.04 m
germany,11000149929,remove,austria,duplicate of austria AT_502_030 at 0.00 m
germany,11000149963,remove,austria,duplicate of austria AT_v43_39f95296efc7 at 0.05 m
germany,11000149966,remove,austria,duplicate of austria AT_v43_18414b101bf9 at 0.02 m
germany,11000149989,remove,austria,duplicate of austria AT_v43_85a551327b04 at 0.03 m
germany,11000149990,remove,austria,duplicate of austria AT_v43_af64ad60c1d8 at 0.02 m
germany,11000149991,remove,austria,duplicate of austria AT_v43_d7cbb9378800 at 0.03 m
germany,11000150046,remove,austria,duplicate of austria AT_v43_96c0aaf84ea4 at 0.06 m
germany,11000150054,remove,france,duplicate of france 1000177731 at 0.00 m
germany,11000150055,remove,france,duplicate of france 1000177732 at 0.04 m
germany,11000150090,remove,austria,duplicate of austria AT_v43_742d61bc89bc at 0.02 m
germany,11000150092,remove,france,duplicate of france 1000177787 at 0.05 m
germany,11000150094,remove,france,duplicate of france 1000177798 at 0.00 m
germany,11000150099,remove,france,duplicate of france 1000177801 at 0.06 m
germany,11000150187,remove,france,duplicate of france 1000177869 at 0.07 m
germany,11000150290,remove,austria,duplicate of austria AT_v43_328eb73c0e10 at 0.05 m
germany,11000150298,remove,austria,duplicate of austria AT_v43_2a755ca291b8 at 0.03 m
germany,11000150403,remove,austria,duplicate of austria AT_v43_c02e682a3ff3 at 0.03 m
germany,11000150420,reassign,austria,new to austria
germany,11000150433,remove,austria,duplicate of austria AT_v43_767a7f5a7575 at 0.01 m
germany,11000150437,remove,austria,duplicate of austria AT_v43_f4ff672ed3b8 at 0.05 m
germany,11000150475,remove,austria,duplicate of austria AT_v43_b4be771f60c6 at 0.03 m
germany,11000150585,remove,austria,duplicate of austria AT_v43_861b53789f8b at 0.05 m
germany,11000150730,remove,austria,duplicate of austria AT_v43_cb7b30b15fef at 0.04 m
germany,11000150855,remove,france,duplicate of france 1000178324 at 0.06 m
germany,11000150856,remove,france,duplicate of france 1000178325 at 0.04 m
germany,11000150857,remove,france,duplicate of france 1000178326 at 0.06 m
germany,11000150858,remove,france,duplicate of france 1000178327 at 0.01 m
germany,11000150859,remove,france,duplicate of france 1000178328 at 0.06 m
germany,11000150860,remove,france,duplicate of france 1000178329 at 0.03 m
germany,11000150862,remove,austria,duplicate of austria AT_v43_1a62831f1430 at 0.03 m
germany,11000150882,remove,france,duplicate of france 1000178418 at 0.02 m
germany,11000151029,remove,france,duplicate of france 1000178494 at 0.06 m
germany,11000151064,remove,switzerland,duplicate of switzerland CH_199480872 at 5.46 m
germany,11000151083,remove,france,duplicate of france 1000178519 at 0.03 m
germany,11000151093,remove,france,duplicate of france 1000178522 at 0.04 m
germany,11000151105,remove,switzerland,duplicate of switzerland CH_v43_3dc888f5de42 at 0.03 m
germany,11000151260,remove,austria,duplicate of austria AT_v43_4371bb493a29 at 0.03 m
germany,11000151281,remove,austria,duplicate of austria AT_v43_d1c070f3e3fd at 0.03 m
germany,11000151309,remove,austria,duplicate of austria AT_v43_117438cbc737 at 0.03 m
germany,11000151312,remove,austria,duplicate of austria AT_v43_da5b365ab2e5 at 0.01 m
germany,11000151341,remove,switzerland,duplicate of switzerland CH_v43_ae5f985415d6 at 0.03 m
germany,11000151354,remove,austria,duplicate of austria AT_v43_bf17f217c224 at 0.03 m
germany,11000151369,remove,switzerland,duplicate of switzerland CH_v43_44a7e5a2f6d9 at 0.04 m
germany,11000151373,remove,austria,duplicate of austria AT_v43_71ac591eca6c at 0.05 m
germany,11000151380,remove,austria,duplicate of austria AT_v43_ab2aee50b06c at 0.03 m
germany,11000151427,remove,france,duplicate of france 1000178937 at 0.05 m
germany,11000151461,remove,austria,duplicate of austria AT_v43_e5d1e3f08c0d at 0.03 m
germany,11000151505,remove,switzerland,duplicate of switzerland CH_205095566 at 4.77 m
germany,11000151526,remove,france,duplicate of france 1000179020 at 0.06 m
germany,11000151527,remove,france,duplicate of france 1000179021 at 0.06 m
germany,11000151536,remove,austria,duplicate of austria AT_v43_21ac8b928205 at 0.04 m
germany,11000151649,remove,switzerland,duplicate of switzerland CH_207073504 at 4.31 m
germany,11000151678,remove,switzerland,duplicate of switzerland CH_v43_fbf0c6146193 at 0.03 m
germany,11000151690,remove,austria,duplicate of austria AT_v43_f8f28b59d57e at 0.05 m
germany,11000151924,remove,austria,duplicate of austria AT_412_044 at 0.00 m
germany,11000152015,remove,switzerland,duplicate of switzerland CH_v43_05f63e8a7ef4 at 0.04 m
germany,11000152093,remove,austria,duplicate of austria AT_v43_567822b5c167 at 0.04 m
germany,11000152139,remove,austria,duplicate of austria AT_v43_82e3fc9431d7 at 0.04 m
germany,11000152180,remove,austria,duplicate of austria AT_v43_e6b13dbbbe2a at 0.04 m
germany,11000152230,remove,austria,duplicate of austria AT_v43_7c9d5f9cb813 at 0.04 m
germany,11000152382,remove,austria,duplicate of austria AT_v43_e908f75bfad7 at 0.01 m
germany,11000152420,reassign,austria,new to austria
germany,11000152474,remove,austria,duplicate of austria AT_v43_0647aeb60e59 at 0.06 m
germany,11000152583,remove,austria,duplicate of austria AT_v43_c332a1ca4d38 at 0.04 m
germany,11000152648,remove,switzerland,duplicate of switzerland CH_222369490 at 1.40 m
germany,11000152826,remove,austria,duplicate of austria AT_v43_673990bbb446 at 0.01 m
germany,11000152871,remove,austria,duplicate of austria AT_v43_195ff5ff3312 at 0.04 m
germany,11000152872,remove,austria,duplicate of austria AT_v43_cc04dba43f1e at 0.02 m
germany,11000152986,remove,switzerland,duplicate of switzerland CH_v43_f3cae1a97e0b at 0.04 m
germany,11000153281,remove,austria,duplicate of austria AT_v43_49e638b89485 at 0.06 m
germany,11000153332,remove,austria,duplicate of austria AT_v43_457c3c299165 at 0.01 m
germany,11000153552,remove,austria,duplicate of austria AT_v43_02041ab377d1 at 0.01 m
germany,11000153558,remove,austria,duplicate of austria AT_v43_d14c57e2cb70 at 0.03 m
germany,11000153598,remove,austria,duplicate of austria AT_v43_4154bd7daaa5 at 0.04 m
germany,11000153661,remove,austria,duplicate of austria AT_v43_834e401522b2 at 0.03 m
germany,11000153790,remove,austria,duplicate of austria AT_v43_e71cd050fc21 at 0.05 m
germany,11000153791,remove,austria,duplicate of austria AT_v43_98731e7f6496 at 0.04 m
germany,11000153823,remove,austria,duplicate of austria AT_v43_259792d1f13b at 0.02 m
germany,11000153826,remove,austria,duplicate of austria AT_v43_e7424858ed88 at 0.05 m
germany,11000153878,remove,austria,duplicate of austria AT_v43_c2cc4bd6b364 at 0.04 m
germany,11000154048,remove,austria,duplicate of austria AT_v43_998c240c2457 at 0.03 m
germany,11000154113,remove,austria,duplicate of austria AT_v43_bf0d553a5d98 at 0.03 m
germany,11000154170,remove,austria,duplicate of austria AT_v43_b231e25edf47 at 0.03 m
germany,11000154171,remove,austria,duplicate of austria AT_v43_d0e9c4401a08 at 0.03 m
germany,11000154180,remove,austria,duplicate of austria AT_v43_56024140abe1 at 0.06 m
germany,11000154187,remove,austria,duplicate of austria AT_v43_42722269300c at 0.03 m
germany,11000154202,remove,austria,duplicate of austria AT_v43_ce080690e024 at 0.02 m
germany,11000154310,remove,austria,duplicate of austria AT_v43_420831237e47 at 0.04 m
germany,11000154479,remove,switzerland,duplicate of switzerland CH_244599910 at 0.68 m
germany,11000154515,remove,austria,duplicate of austria AT_v43_4602253cc732 at 0.01 m
germany,11000154516,remove,austria,duplicate of austria AT_v43_0cdfcc9c674c at 0.04 m
germany,11000154517,remove,austria,duplicate of austria AT_v43_547f462e8483 at 0.04 m
germany,11000154556,remove,austria,duplicate of austria AT_v43_55c02d4afd4a at 0.04 m
germany,11000154645,remove,austria,duplicate of austria AT_v43_b094df172924 at 0.03 m
germany,11000154653,remove,austria,duplicate of austria AT_v43_d9eb034f6707 at 0.04 m
germany,11000154656,remove,austria,duplicate of austria AT_v43_329f3acf6b66 at 0.02 m
germany,11000154683,remove,austria,duplicate of austria AT_v43_83539cb89f24 at 0.04 m
germany,11000154771,reassign,austria,new to austria
germany,11000154826,remove,austria,duplicate of austria AT_v43_fc675591269a at 0.04 m
germany,11000155057,reassign,austria,new to austria; nearest existing 147.2 m
germany,11000155092,remove,switzerland,duplicate of switzerland CH_v43_910ddf2f0d69 at 0.01 m
germany,11000155407,remove,austria,duplicate of austria AT_v43_a9153f734e9c at 0.03 m
germany,11000155409,remove,austria,duplicate of austria AT_v43_9bc45566de1d at 0.02 m
germany,11000155448,remove,austria,duplicate of austria AT_v43_d6148e68fc74 at 0.02 m
germany,11000155451,remove,austria,duplicate of austria AT_v43_45b1e7d36014 at 0.05 m
germany,11000155753,remove,switzerland,duplicate of switzerland CH_v43_e1f27f575148 at 0.05 m
germany,11000155773,remove,austria,duplicate of austria AT_v43_0c440b3b0738 at 0.02 m
germany,11000156039,remove,austria,duplicate of austria AT_v43_8d3535ca01c8 at 0.06 m
germany,11000156041,remove,austria,duplicate of austria AT_v43_743fd21ef8e5 at 0.06 m
germany,11000156064,remove,austria,duplicate of austria AT_v43_a73059dae80c at 0.02 m
germany,11000156176,remove,austria,duplicate of austria AT_v43_a8738fae362b at 0.05 m
germany,11000156353,remove,switzerland,duplicate of switzerland CH_276603490 at 3.19 m
germany,11000156398,remove,france,duplicate of france 1000181376 at 0.02 m
germany,11000156581,remove,austria,duplicate of austria AT_v43_e7855a95fc78 at 0.04 m
germany,11000156663,remove,switzerland,duplicate of switzerland CH_v43_93903202ec39 at 0.03 m
germany,11000156726,reassign,austria,new to austria
germany,11000156836,remove,austria,duplicate of austria AT_v43_c39cc97722dc at 0.02 m
germany,11000156981,remove,austria,duplicate of austria AT_v43_289e8e2f501c at 0.05 m
germany,11000157014,remove,austria,duplicate of austria AT_v43_d5e66f235f9e at 0.03 m
germany,11000157086,remove,austria,duplicate of austria AT_v43_d56137fa233e at 0.03 m
germany,11000157414,remove,austria,duplicate of austria AT_v43_a71d1c4f91df at 0.06 m
germany,11000157506,remove,austria,duplicate of austria AT_v43_7dab2266dba8 at 0.06 m
germany,11000157562,remove,austria,duplicate of austria AT_v43_b32034e08daf at 0.02 m
germany,11000157706,remove,austria,duplicate of austria AT_v43_1019702a4a42 at 0.04 m
germany,11000158147,remove,switzerland,duplicate of switzerland CH_v43_b7adeada2e6e at 0.05 m
germany,11000158172,remove,switzerland,duplicate of switzerland CH_v43_1aff5fe7b2d2 at 0.02 m
germany,11000158176,remove,switzerland,duplicate of switzerland CH_v43_f277cb94c36d at 0.03 m
germany,11000158234,remove,austria,duplicate of austria AT_v43_45cb46c148e0 at 0.02 m
germany,11000158251,remove,switzerland,duplicate of switzerland CH_v43_f9e0d3116cdf at 0.02 m
germany,11000158258,remove,austria,duplicate of austria AT_v43_4c4d821d9a42 at 0.06 m
germany,11000158279,remove,austria,duplicate of austria AT_v43_a6e6e66bebae at 0.02 m
germany,11000158355,remove,switzerland,duplicate of switzerland CH_313719139 at 5.29 m
germany,11000158381,remove,austria,duplicate of austria AT_v43_79922036ce15 at 0.03 m
germany,11000158382,remove,austria,duplicate of austria AT_v43_ac533857c2f3 at 0.05 m
germany,11000158383,remove,austria,duplicate of austria AT_v43_2957a29ce6a8 at 0.05 m
germany,11000158384,remove,austria,duplicate of austria AT_v43_e40e8e73e0ac at 0.05 m
germany,11000158385,remove,austria,duplicate of austria AT_v43_06e06cee42ac at 0.06 m
germany,11000158386,remove,austria,duplicate of austria AT_v43_47c9d825660e at 0.05 m
germany,11000158389,remove,austria,duplicate of austria AT_v43_196e191ec617 at 0.02 m
germany,11000158390,remove,austria,duplicate of austria AT_v43_23a420733471 at 0.04 m
germany,11000158391,remove,austria,duplicate of austria AT_v43_f156315adfd1 at 0.06 m
germany,11000158401,remove,austria,duplicate of austria AT_v43_c5bbde509dfc at 0.05 m
germany,11000158644,remove,switzerland,duplicate of switzerland CH_315560696 at 1.67 m
germany,11000158645,remove,austria,duplicate of austria AT_v43_c8280414ff89 at 0.04 m
germany,11000158669,remove,austria,duplicate of austria AT_v43_32a294448939 at 0.03 m
germany,11000158882,remove,austria,duplicate of austria AT_v43_52a155908ba3 at 0.02 m
germany,11000158926,remove,austria,duplicate of austria AT_v43_0cf663287b4a at 0.01 m
germany,11000158927,remove,austria,duplicate of austria AT_v43_d518a7e7d78b at 0.05 m
germany,11000159099,remove,austria,duplicate of austria AT_v43_a4c8f79d4360 at 0.04 m
germany,11000159142,remove,austria,duplicate of austria AT_v43_82c55f6c07eb at 0.02 m
germany,11000159143,remove,austria,duplicate of austria AT_v43_72a248ddb03b at 0.05 m
germany,11000159200,remove,austria,duplicate of austria AT_v43_022caac9c57b at 0.04 m
germany,11000159332,remove,switzerland,duplicate of switzerland CH_327553007 at 2.76 m
germany,11000159333,remove,austria,duplicate of austria AT_v43_fea5790cd4b3 at 0.01 m
germany,11000159418,remove,austria,duplicate of austria AT_v43_45bbb2ecf762 at 0.04 m
germany,11000159468,remove,austria,duplicate of austria AT_v43_3914b0c52e3a at 0.06 m
germany,11000159478,remove,austria,duplicate of austria AT_v43_97fb09ce6be0 at 0.02 m
germany,11000159479,remove,austria,duplicate of austria AT_v43_7c4a3dfdeffe at 0.01 m
germany,11000159480,remove,austria,duplicate of austria AT_v43_d0cbec810b18 at 0.05 m
germany,11000159481,remove,austria,duplicate of austria AT_v43_c8f09a8ab5dd at 0.04 m
germany,11000159482,remove,austria,duplicate of austria AT_v43_e933b5a89457 at 0.06 m
germany,11000159526,remove,austria,duplicate of austria AT_v43_b061cf537e52 at 0.01 m
germany,11000159593,remove,austria,duplicate of austria AT_v43_13f766267877 at 0.05 m
germany,11000159599,remove,austria,duplicate of austria AT_v43_d2f4f58d6239 at 0.05 m
germany,11000159939,remove,austria,duplicate of austria AT_v43_5e5ad35264a9 at 0.02 m
germany,11000160283,remove,switzerland,duplicate of switzerland CH_v43_1cefe5500279 at 0.03 m
germany,11000160309,remove,austria,duplicate of austria AT_v43_88050e66e2d1 at 0.03 m
germany,11000160368,remove,france,duplicate of france 1000182621 at 0.03 m
germany,11000160410,remove,austria,duplicate of austria AT_v43_abb3a8f40088 at 0.01 m
germany,11000160551,remove,austria,duplicate of austria AT_v43_08e3f8b97236 at 0.05 m
germany,11000160595,remove,switzerland,duplicate of switzerland CH_v43_ad01ddf65ecb at 0.03 m
germany,11000160679,remove,switzerland,duplicate of switzerland CH_347711479 at 2.39 m
germany,11000160685,remove,switzerland,duplicate of switzerland CH_347791612 at 3.95 m
germany,11000160696,remove,austria,duplicate of austria AT_412_025 at 28.48 m
germany,11000160858,reassign,switzerland,new to switzerland
germany,11000160921,remove,austria,duplicate of austria AT_v43_be7614918ce2 at 0.01 m
germany,11000160925,remove,austria,duplicate of austria AT_v43_01da9af7db3d at 0.05 m
germany,11000160927,remove,austria,duplicate of austria AT_v43_e2fb2ca137f5 at 0.05 m
germany,11000161006,remove,austria,duplicate of austria AT_v43_2609303441ab at 0.03 m
germany,11000161169,remove,switzerland,duplicate of switzerland CH_v43_8fc1aa3ebe4c at 0.07 m
germany,11000161518,remove,switzerland,duplicate of switzerland CH_v43_bdf5cb38c02b at 0.01 m
germany,11000161700,remove,austria,duplicate of austria AT_v43_84ca90a17b09 at 0.03 m
germany,11000161701,remove,austria,duplicate of austria AT_v43_3a9cf9dda9ee at 0.02 m
germany,11000161702,remove,austria,duplicate of austria AT_v43_05880cbb8151 at 0.04 m
germany,11000161703,remove,austria,duplicate of austria AT_v43_ef2772667e43 at 0.05 m
germany,11000161705,remove,austria,duplicate of austria AT_412_048 at 0.00 m
germany,11000161808,remove,austria,duplicate of austria AT_v43_1de41d81e1db at 0.05 m
germany,11000161887,remove,austria,duplicate of austria AT_v43_b99e523338a9 at 0.03 m
germany,11000162070,remove,france,duplicate of france 1000182929 at 0.03 m
germany,11000162267,remove,austria,duplicate of austria AT_v43_59b4907aa0af at 0.04 m
germany,11000162311,remove,switzerland,duplicate of switzerland CH_v43_975faa0669e9 at 0.05 m
germany,11000162486,remove,austria,duplicate of austria AT_v43_cde9e4e119b9 at 0.02 m
germany,11000162656,remove,austria,duplicate of austria AT_v43_5135665efe8f at 0.03 m
germany,11000162657,reassign,austria,new to austria
germany,11000162841,remove,austria,duplicate of austria AT_v43_9e964453768a at 0.04 m
germany,11000162906,remove,austria,duplicate of austria AT_v43_abd5e385a8cc at 0.02 m
germany,11000163315,remove,austria,duplicate of austria AT_v43_3c5d6bea892f at 0.02 m
germany,11000163319,remove,austria,duplicate of austria AT_v43_527c6ea50a86 at 0.06 m
germany,11000163320,remove,austria,duplicate of austria AT_v43_8426fd3d949e at 0.05 m
germany,11000163321,remove,austria,duplicate of austria AT_v43_9dfc6f2d3809 at 0.05 m
germany,11000163560,remove,switzerland,duplicate of switzerland CH_397960460 at 3.54 m
germany,11000163581,remove,switzerland,duplicate of switzerland CH_398320322 at 4.68 m
germany,11000163582,remove,switzerland,duplicate of switzerland CH_v43_1ad06973e906 at 0.01 m
germany,11000164102,reassign,austria,new to austria; nearest existing 120.4 m
germany,11000164186,remove,austria,duplicate of austria AT_v43_e39969a334bd at 0.04 m
germany,11000164188,remove,austria,duplicate of austria AT_v43_dc3152814dca at 0.04 m
germany,11000164383,remove,france,duplicate of france 1000183398 at 0.00 m
germany,11000164384,remove,france,duplicate of france 1000183399 at 0.02 m
germany,11000164389,remove,austria,duplicate of austria AT_v43_9d3775b1f580 at 0.05 m
germany,11000164503,remove,switzerland,duplicate of switzerland CH_408597291 at 2.71 m
germany,11000164890,remove,austria,duplicate of austria AT_v43_a7f6aab61e33 at 0.02 m
germany,11000165012,remove,austria,duplicate of austria AT_v43_95bbadca1a97 at 0.05 m
germany,11000165052,remove,austria,duplicate of austria AT_v43_18428793f89c at 0.04 m
germany,11000165141,remove,switzerland,duplicate of switzerland CH_v43_60aafe8be63d at 0.04 m
germany,11000165197,remove,austria,duplicate of austria AT_v43_3be8d6629b22 at 0.01 m
germany,11000165198,remove,austria,duplicate of austria AT_v43_dead8497fd70 at 0.05 m
germany,11000165199,remove,austria,duplicate of austria AT_v43_444a894be93b at 0.02 m
germany,11000165265,remove,switzerland,duplicate of switzerland CH_419921848 at 2.90 m
germany,11000165302,remove,austria,duplicate of austria AT_v43_607b6d49dbb1 at 0.06 m
germany,11000165399,remove,austria,duplicate of austria AT_v43_b11317b53fb3 at 0.03 m
germany,11000165401,remove,austria,duplicate of austria AT_v43_1a9d1f047538 at 0.04 m
germany,11000165420,remove,austria,duplicate of austria AT_v43_d40fa631fa97 at 0.04 m
germany,11000165421,remove,austria,duplicate of austria AT_v43_c2c75eb712cd at 0.06 m
germany,11000165422,remove,austria,duplicate of austria AT_v43_543f7e207311 at 0.04 m
germany,11000165423,remove,austria,duplicate of austria AT_v43_19268a8b80fd at 0.01 m
germany,11000165436,remove,austria,duplicate of austria AT_v43_b8a3ed5abb8b at 0.03 m
germany,11000165437,remove,austria,duplicate of austria AT_v43_46fd752c66d5 at 0.01 m
germany,11000166112,remove,austria,duplicate of austria AT_v43_88659207805d at 0.04 m
germany,11000166224,remove,switzerland,duplicate of switzerland CH_v43_c3261b3f824e at 0.05 m
germany,11000166423,remove,austria,duplicate of austria AT_v43_12d3f2f844a0 at 0.05 m
germany,11000166586,remove,austria,duplicate of austria AT_v43_58a11a17ca8d at 0.03 m
germany,11000166588,remove,austria,duplicate of austria AT_v43_20f24d7afc7e at 0.05 m
germany,11000166604,remove,austria,duplicate of austria AT_v43_215bc0673b0c at 0.02 m
germany,11000166617,remove,austria,duplicate of austria AT_v43_218b147ec7b5 at 0.05 m
germany,11000167078,remove,austria,duplicate of austria AT_v43_f7023e936d48 at 0.04 m
germany,11000167251,remove,austria,duplicate of austria AT_v43_7eaa052c84f5 at 0.05 m
germany,11000167411,remove,austria,duplicate of austria AT_v43_9fdc8a2889f2 at 0.04 m
germany,11000167782,remove,austria,duplicate of austria AT_v43_9650c8373448 at 0.03 m
germany,11000167996,remove,austria,duplicate of austria AT_v43_0fc6073bd592 at 0.06 m
germany,11000168044,remove,austria,duplicate of austria AT_v43_e6dbccd183e1 at 0.05 m
germany,11000168105,remove,austria,duplicate of austria AT_v43_803c24cc3d8d at 0.01 m
germany,11000168108,remove,austria,duplicate of austria AT_v43_c4268a37d50f at 0.03 m
germany,11000168133,remove,austria,duplicate of austria AT_v43_908929665e3a at 0.04 m
germany,11000168156,remove,austria,duplicate of austria AT_v43_f38af910f848 at 0.04 m
germany,11000168274,remove,austria,duplicate of austria AT_v43_5840e25c3d24 at 0.03 m
germany,11000168287,remove,austria,duplicate of austria AT_v43_a610dfb43856 at 0.04 m
germany,11000168288,remove,austria,duplicate of austria AT_v43_6cca2543bc23 at 0.03 m
germany,11000168289,remove,austria,duplicate of austria AT_v43_b4d4429e2641 at 0.03 m
germany,11000168468,remove,austria,duplicate of austria AT_v43_86156ecad1e1 at 0.04 m
germany,11000168512,remove,france,duplicate of france 1000184385 at 0.03 m
germany,11000168513,remove,france,duplicate of france 1000184386 at 0.03 m
germany,11000168524,remove,france,duplicate of france 1000184398 at 0.02 m
germany,11000168786,remove,austria,duplicate of austria AT_v43_4f9d2a4b97b0 at 0.04 m
germany,11000168870,remove,switzerland,duplicate of switzerland CH_496585701 at 5.04 m
germany,11000169101,remove,austria,duplicate of austria AT_v43_0819b113ad02 at 0.06 m
germany,11000169102,remove,austria,duplicate of austria AT_v43_8f3392420afe at 0.05 m
germany,11000169103,remove,austria,duplicate of austria AT_v43_8499e46f7cc7 at 0.05 m
germany,11000169198,remove,austria,duplicate of austria AT_v43_511d2bb070d7 at 0.04 m
germany,11000169322,remove,austria,duplicate of austria AT_v43_d50b8e7713c4 at 0.04 m
germany,11000169345,remove,austria,duplicate of austria AT_v43_6c3de77ec46b at 0.03 m
germany,11000169405,remove,france,duplicate of france 1000184701 at 0.06 m
germany,11000169678,remove,austria,duplicate of austria AT_v43_405e0e4e43c5 at 0.03 m
germany,11000169705,remove,switzerland,duplicate of switzerland CH_525793949 at 4.36 m
germany,11000169706,remove,switzerland,duplicate of switzerland CH_525793952 at 4.70 m
germany,11000169725,remove,austria,duplicate of austria AT_v43_aed517edcf81 at 0.06 m
germany,11000169774,remove,austria,duplicate of austria AT_v43_f0ec004c725a at 0.05 m
germany,11000170046,remove,france,duplicate of france 1000184909 at 0.01 m
germany,11000170095,remove,austria,duplicate of austria AT_v43_d1066fdf0b72 at 0.04 m
germany,11000170097,remove,france,duplicate of france 1000184932 at 0.06 m
germany,11000170129,remove,austria,duplicate of austria AT_v43_050962fb9c1a at 0.02 m
germany,11000170359,remove,austria,duplicate of austria AT_v43_73c5199b99cb at 0.04 m
germany,11000170422,remove,austria,duplicate of austria AT_v43_70d053c2c31d at 0.05 m
germany,11000170423,remove,austria,duplicate of austria AT_v43_520b72473bea at 0.01 m
germany,11000170447,reassign,austria,new to austria; nearest existing 55.6 m
germany,11000170459,remove,austria,duplicate of austria AT_v43_8eed5a7a1fad at 0.04 m
germany,11000170497,remove,austria,duplicate of austria AT_v43_e42a83fb5d0e at 0.02 m
germany,11000170502,remove,france,duplicate of france 1000185098 at 0.05 m
germany,11000170532,remove,austria,duplicate of austria AT_v43_b7719af5896c at 0.05 m
germany,11000170757,remove,austria,duplicate of austria AT_v43_427313b699f0 at 0.00 m
germany,11000170928,remove,austria,duplicate of austria AT_v43_d7867bf219f3 at 0.03 m
germany,11000171104,remove,france,duplicate of france 1000185519 at 0.02 m
germany,11000171290,remove,austria,duplicate of austria AT_v43_e73f267ef4f8 at 0.03 m
germany,11000171291,remove,austria,duplicate of austria AT_v43_e34286d468f1 at 0.06 m
germany,11000171292,remove,austria,duplicate of austria AT_v43_ae90c496a53d at 0.04 m
germany,11000171301,remove,austria,duplicate of austria AT_v43_0cedb3d5a270 at 0.04 m
germany,11000171303,remove,switzerland,duplicate of switzerland CH_v43_f8b498cc8968 at 0.05 m
germany,11000171342,remove,austria,duplicate of austria AT_v43_aaf803095c81 at 0.02 m
germany,11000171343,remove,austria,duplicate of austria AT_v43_ec1fa987bd8a at 0.03 m
germany,11000171344,remove,austria,duplicate of austria AT_v43_e0ac46170408 at 0.05 m
germany,11000171345,remove,austria,duplicate of austria AT_v43_0acab43e02d2 at 0.02 m
germany,11000171528,remove,switzerland,duplicate of switzerland CH_640139199 at 1.57 m
germany,11000171547,reassign,switzerland,new to switzerland; nearest existing 98.8 m
germany,11000171548,remove,switzerland,duplicate of switzerland CH_v43_16d4b56ae72d at 0.04 m
germany,11000171553,remove,czechia,duplicate of czechia CZ_v43_49bf76275995 at 0.03 m
germany,11000171651,remove,austria,duplicate of austria AT_v43_2919352fd045 at 0.02 m
germany,11000171668,remove,austria,duplicate of austria AT_v43_4dc6177c4eb8 at 0.04 m
germany,11000171865,remove,france,duplicate of france 1000185898 at 0.06 m
germany,11000171866,remove,france,duplicate of france 1000185899 at 0.05 m
germany,11000172105,remove,austria,duplicate of austria AT_v43_b21bdeee36f0 at 0.06 m
germany,11000172478,remove,austria,duplicate of austria AT_v43_dd7becbc3c87 at 0.05 m
germany,11000172570,remove,france,duplicate of france 1000186471 at 0.04 m
germany,11000172619,remove,france,duplicate of france 1000186493 at 0.05 m
germany,11000172727,remove,austria,duplicate of austria AT_v43_f8bae14d9e5d at 0.02 m
germany,11000172733,remove,austria,duplicate of austria AT_v43_68b277af57ab at 0.05 m
germany,11000172734,remove,austria,duplicate of austria AT_v43_da468fc8aa3c at 0.01 m
germany,11000172735,remove,austria,duplicate of austria AT_v43_993662894495 at 0.03 m
germany,11000172841,remove,austria,duplicate of austria AT_v43_65748565ce3c at 0.04 m
germany,11000172874,remove,austria,duplicate of austria AT_v43_9388f1b35ae6 at 0.04 m
germany,11000172890,remove,austria,duplicate of austria AT_v43_0b8ff8fa2c19 at 0.05 m
germany,11000172990,remove,austria,duplicate of austria AT_v43_6fbed0b24868 at 0.06 m
germany,11000173307,remove,france,duplicate of france 1000187058 at 0.05 m
germany,11000173402,remove,switzerland,duplicate of switzerland CH_764444790 at 4.48 m
germany,11000173404,remove,switzerland,duplicate of switzerland CH_764473845 at 4.36 m
germany,11000173448,remove,switzerland,duplicate of switzerland CH_v43_7fb4452e2ed4 at 0.04 m
germany,11000174201,remove,austria,duplicate of austria AT_v43_427e09970b8a at 0.04 m
germany,11000174239,remove,switzerland,duplicate of switzerland CH_v43_b8ca1467ef59 at 0.04 m
germany,11000174281,remove,austria,duplicate of austria AT_v43_fba5135cfcf6 at 0.02 m
germany,11000174289,remove,austria,duplicate of austria AT_v43_7cee82ac68d6 at 0.03 m
germany,11000174295,remove,austria,duplicate of austria AT_v43_287aa6be9aca at 0.01 m
germany,11000174335,remove,austria,duplicate of austria AT_v43_6fcbc4070c3a at 0.04 m
germany,11000174358,remove,austria,duplicate of austria AT_v43_fc9a9b939447 at 0.03 m
germany,11000174368,remove,austria,duplicate of austria AT_v43_d005edeebae3 at 0.06 m
germany,11000174370,remove,austria,duplicate of austria AT_v43_f38381df3baf at 0.04 m
germany,11000174380,remove,austria,duplicate of austria AT_v43_c18ad2709456 at 0.05 m
germany,11000174396,remove,austria,duplicate of austria AT_v43_fd59e6efaf84 at 0.04 m
germany,11000174559,remove,austria,duplicate of austria AT_v43_204425f30567 at 0.01 m
germany,11000174623,remove,austria,duplicate of austria AT_v43_45c25d921edd at 0.06 m
germany,11000174625,remove,austria,duplicate of austria AT_v43_50ef1dec8830 at 0.03 m
germany,11000174768,remove,switzerland,duplicate of switzerland CH_849358526 at 5.59 m
germany,11000174787,remove,france,duplicate of france 1000187848 at 0.02 m
germany,11000174792,remove,france,duplicate of france 1000187851 at 0.03 m
germany,11000174824,remove,france,duplicate of france 1000187873 at 0.04 m
germany,11000174825,remove,france,duplicate of france 1000187874 at 0.01 m
germany,11000175089,remove,switzerland,duplicate of switzerland CH_v43_3b77a8ee31fa at 0.03 m
germany,11000175109,remove,france,duplicate of france 1000188120 at 0.02 m
germany,11000175118,remove,france,duplicate of france 1000188129 at 0.05 m
germany,11000175313,remove,austria,duplicate of austria AT_410_004 at 0.00 m
germany,11000175385,remove,switzerland,duplicate of switzerland CH_892788417 at 4.68 m
germany,11000175725,remove,austria,duplicate of austria AT_v43_04c8868176a7 at 0.04 m
germany,11000176323,remove,austria,duplicate of austria AT_v43_8d8f07e2970c at 0.06 m
germany,11000176349,reassign,austria,new to austria
germany,11000176558,remove,austria,duplicate of austria AT_v43_567ea01f997f at 0.04 m
germany,11000176598,remove,austria,duplicate of austria AT_v43_093d005e03b0 at 0.02 m
germany,11000176612,remove,austria,duplicate of austria AT_v43_313e31f3e4ef at 0.05 m
germany,11000176613,remove,austria,duplicate of austria AT_v43_4a14e9bd4c79 at 0.02 m
germany,11000176689,remove,austria,duplicate of austria AT_v43_d1489f1564a7 at 0.05 m
germany,11000176690,remove,austria,duplicate of austria AT_v43_bd1507745fe2 at 0.05 m
germany,11000176726,remove,france,duplicate of france 1000189520 at 0.02 m
germany,11000176727,remove,france,duplicate of france 1000189521 at 0.03 m
germany,11000176735,remove,france,duplicate of france 1000189525 at 0.05 m
germany,11000176736,remove,france,duplicate of france 1000189526 at 0.04 m
germany,11000176737,remove,france,duplicate of france 1000189527 at 0.02 m
germany,11000176747,remove,austria,duplicate of austria AT_v43_1a7feb9b2406 at 0.04 m
germany,11000176774,remove,france,duplicate of france 1000189553 at 0.06 m
germany,11000176903,remove,france,duplicate of france 1000189640 at 0.01 m
germany,11000176911,remove,austria,duplicate of austria AT_v43_4b69eec5ca68 at 0.06 m
germany,11000177402,remove,france,duplicate of france 1000189977 at 0.02 m
germany,11000177403,remove,france,duplicate of france 1000189978 at 0.05 m
germany,11000177408,remove,france,duplicate of france 1000189984 at 0.06 m
germany,11000177409,remove,france,duplicate of france 1000189985 at 0.01 m
germany,11000177415,remove,france,duplicate of france 1000189990 at 0.01 m
germany,11000177416,remove,france,duplicate of france 1000189991 at 0.01 m
germany,11000177417,remove,france,duplicate of france 1000189992 at 0.03 m
germany,11000177418,remove,france,duplicate of france 1000189993 at 0.05 m
germany,11000177744,remove,austria,duplicate of austria AT_v43_f1f114193e97 at 0.04 m
germany,11000177748,remove,austria,duplicate of austria AT_v43_d84c849574df at 0.05 m
germany,11000178076,remove,austria,duplicate of austria AT_v43_43111350b865 at 0.01 m
germany,11000178087,remove,switzerland,duplicate of switzerland CH_1051652413 at 1.44 m
germany,11000178258,remove,austria,duplicate of austria AT_802_055 at 0.00 m
germany,11000178568,remove,austria,duplicate of austria AT_v43_0acebd23e9c4 at 0.03 m
germany,11000178719,remove,austria,duplicate of austria AT_v43_1ba6b53dc091 at 0.04 m
germany,11000178799,remove,austria,duplicate of austria AT_v43_51c9655d33a2 at 0.04 m
germany,11000178921,remove,france,duplicate of france 1000190615 at 0.05 m
germany,11000178922,remove,france,duplicate of france 1000190616 at 0.05 m
germany,11000178924,remove,france,duplicate of france 1000190618 at 0.03 m
germany,11000178982,remove,france,duplicate of france 1000190641 at 0.05 m
germany,11000179188,reassign,switzerland,new to switzerland
germany,11000179298,reassign,austria,new to austria; nearest existing 129.1 m
germany,11000179317,remove,switzerland,duplicate of switzerland CH_1119147108 at 3.35 m
germany,11000179358,remove,austria,duplicate of austria AT_v43_1fda8e376fff at 0.04 m
germany,11000179359,remove,austria,duplicate of austria AT_v43_46cd525d9e7f at 0.02 m
germany,11000179559,remove,switzerland,duplicate of switzerland CH_1138992563 at 4.39 m
germany,11000179728,remove,france,duplicate of france 1000191027 at 0.02 m
germany,11000179729,remove,france,duplicate of france 1000191028 at 0.06 m
germany,11000179731,remove,austria,duplicate of austria AT_v43_d3b660a0977f at 0.03 m
germany,11000179779,remove,austria,duplicate of austria AT_v43_594597d145cf at 0.02 m
germany,11000180185,remove,austria,duplicate of austria AT_v43_b9b0781035d1 at 0.05 m
germany,11000180338,remove,austria,duplicate of austria AT_v43_dc1b8f4b8621 at 0.04 m
germany,11000180407,remove,austria,duplicate of austria AT_v43_3a99354c946b at 0.03 m
germany,11000181261,remove,france,duplicate of france 1000191752 at 0.03 m
germany,11000181262,remove,france,duplicate of france 1000191753 at 0.06 m
germany,11000181409,remove,switzerland,duplicate of switzerland CH_1254927942 at 2.83 m
germany,11000181594,remove,france,duplicate of france 1000192136 at 0.04 m
germany,11000181606,remove,austria,duplicate of austria AT_v43_c6e47bc3b508 at 0.02 m
germany,11000181731,remove,austria,duplicate of austria AT_v43_ec941f980752 at 0.06 m
germany,11000182290,remove,austria,duplicate of austria AT_v43_f98d19f16e9a at 0.03 m
germany,11000182308,reassign,austria,new to austria
germany,11000182309,remove,austria,duplicate of austria AT_v43_d09c16c19fdc at 0.05 m
germany,11000182310,remove,austria,duplicate of austria AT_v43_c2f67ec865d6 at 0.03 m
germany,11000182311,remove,austria,duplicate of austria AT_v43_4cef9605173f at 0.02 m
germany,11000182312,remove,austria,duplicate of austria AT_v43_708ab69c6168 at 0.03 m
germany,11000182313,remove,austria,duplicate of austria AT_v43_dc49f0df86db at 0.04 m
germany,11000182314,remove,austria,duplicate of austria AT_v43_fd95512adfb7 at 0.04 m
germany,11000182315,remove,austria,duplicate of austria AT_v43_377e9b3be577 at 0.02 m
germany,11000182316,remove,austria,duplicate of austria AT_v43_a9e47150a41c at 0.05 m
germany,11000182317,remove,austria,duplicate of austria AT_v43_bcdcbedc3ab6 at 0.05 m
germany,11000182318,remove,austria,duplicate of austria AT_v43_8b02d5403639 at 0.01 m
germany,11000182319,remove,austria,duplicate of austria AT_v43_d060fabfd510 at 0.05 m
germany,11000182320,remove,austria,duplicate of austria AT_v43_073bf57c3591 at 0.05 m
germany,11000182321,remove,austria,duplicate of austria AT_v43_3946ff9fbf8e at 0.05 m
germany,11000182322,remove,austria,duplicate of austria AT_v43_cb9748d11325 at 0.05 m
germany,11000182323,remove,austria,duplicate of austria AT_v43_969baa19a552 at 0.03 m
germany,11000182324,remove,austria,duplicate of austria AT_v43_a7db19e5a593 at 0.04 m
germany,11000182325,remove,austria,duplicate of austria AT_v43_9de2165d889f at 0.02 m
germany,11000182326,remove,austria,duplicate of austria AT_v43_5d383e19801f at 0.06 m
germany,11000182327,remove,austria,duplicate of austria AT_v43_094d118aa7fc at 0.03 m
germany,11000182328,remove,austria,duplicate of austria AT_v43_f85561fbea94 at 0.03 m
germany,11000182329,remove,austria,duplicate of austria AT_v43_94b4db7a5a8f at 0.02 m
germany,11000182330,remove,austria,duplicate of austria AT_v43_42d9ac7e7e69 at 0.01 m
germany,11000182331,remove,austria,duplicate of austria AT_v43_cc824291c90e at 0.05 m
germany,11000182332,remove,austria,duplicate of austria AT_v43_d7897c69f2af at 0.06 m
germany,11000182333,remove,austria,duplicate of austria AT_v43_876c5ef33384 at 0.04 m
germany,11000182334,remove,austria,duplicate of austria AT_v43_8790ee1f05f3 at 0.04 m
germany,11000182335,remove,austria,duplicate of austria AT_v43_16b841cb6d9e at 0.03 m
germany,11000182336,remove,austria,duplicate of austria AT_v43_60961daaa666 at 0.05 m
germany,11000182337,remove,austria,duplicate of austria AT_v43_d8754b8e6598 at 0.02 m
germany,11000182338,remove,austria,duplicate of austria AT_v43_0540d087ad62 at 0.02 m
germany,11000182339,remove,austria,duplicate of austria AT_v43_5c4e931a729f at 0.05 m
germany,11000182340,remove,austria,duplicate of austria AT_v43_3342be6ee7bf at 0.06 m
germany,11000182341,remove,austria,duplicate of austria AT_v43_78c88d80b60e at 0.02 m
germany,11000182342,remove,austria,duplicate of austria AT_v43_3748fd81e424 at 0.04 m
germany,11000182343,remove,austria,duplicate of austria AT_v43_a58c55da668c at 0.04 m
germany,11000182344,remove,austria,duplicate of austria AT_v43_57e556eac32a at 0.02 m
germany,11000182345,remove,austria,duplicate of austria AT_v43_3517b8707387 at 0.01 m
germany,11000182346,remove,austria,duplicate of austria AT_v43_ff208d9a7bb4 at 0.00 m
germany,11000182347,remove,austria,duplicate of austria AT_v43_b524ceaa1bcc at 0.01 m
germany,11000182348,remove,austria,duplicate of austria AT_v43_3832add9b8c7 at 0.05 m
germany,11000182349,remove,austria,duplicate of austria AT_v43_b7218acec302 at 0.04 m
germany,11000182350,remove,austria,duplicate of austria AT_v43_0eadbd9804a4 at 0.04 m
germany,11000182351,remove,austria,duplicate of austria AT_v43_b7bd74941b90 at 0.07 m
germany,11000182352,remove,austria,duplicate of austria AT_v43_cf8cc95aceab at 0.03 m
germany,11000182353,remove,austria,duplicate of austria AT_v43_f18a230b6553 at 0.03 m
germany,11000182354,remove,austria,duplicate of austria AT_v43_2a3fc179b2ab at 0.03 m
germany,11000182355,remove,austria,duplicate of austria AT_v43_61f5dbaec69e at 0.03 m
germany,11000182356,remove,austria,duplicate of austria AT_v43_59182e89324a at 0.05 m
germany,11000182357,remove,austria,duplicate of austria AT_v43_f263e1a2b8b1 at 0.04 m
germany,11000182358,remove,austria,duplicate of austria AT_v43_83881de279dd at 0.01 m
germany,11000182359,remove,austria,duplicate of austria AT_v43_ce1e97b46000 at 0.03 m
germany,11000182360,remove,austria,duplicate of austria AT_v43_3401a0400eec at 0.05 m
germany,11000182361,remove,austria,duplicate of austria AT_v43_271f3b2f5285 at 0.01 m
germany,11000182367,remove,austria,duplicate of austria AT_v43_c7188d8bdf6d at 0.04 m
germany,11000182368,remove,austria,duplicate of austria AT_v43_4c4b55c4fd53 at 0.04 m
germany,11000182369,remove,austria,duplicate of austria AT_v43_2e9ca71dff63 at 0.05 m
germany,11000182370,remove,austria,duplicate of austria AT_v43_d718a1c49e96 at 0.01 m
germany,11000182371,remove,austria,duplicate of austria AT_v43_0b74b36dfa72 at 0.04 m
germany,11000182372,remove,austria,duplicate of austria AT_v43_444fb1753748 at 0.02 m
germany,11000182373,remove,austria,duplicate of austria AT_v43_70f95fb6f310 at 0.04 m
germany,11000182374,remove,austria,duplicate of austria AT_v43_fe601da81303 at 0.06 m
germany,11000182375,remove,austria,duplicate of austria AT_v43_5a28cc844b9b at 0.04 m
germany,11000182376,remove,austria,duplicate of austria AT_v43_b48a783d71a3 at 0.04 m
germany,11000182377,remove,austria,duplicate of austria AT_v43_13eb29477726 at 0.06 m
germany,11000182378,remove,austria,duplicate of austria AT_v43_ff01f9986cb2 at 0.07 m
germany,11000182379,remove,austria,duplicate of austria AT_v43_ddd3b7c96e7f at 0.06 m
germany,11000182380,remove,austria,duplicate of austria AT_v43_d9cbf9284854 at 0.06 m
germany,11000182381,remove,austria,duplicate of austria AT_v43_56f113553348 at 0.03 m
germany,11000182382,remove,austria,duplicate of austria AT_v43_53d088d6bdb3 at 0.05 m
germany,11000182383,remove,austria,duplicate of austria AT_v43_f1c85d44ba8d at 0.02 m
germany,11000182385,remove,austria,duplicate of austria AT_v43_15468427cffc at 0.05 m
germany,11000182386,remove,austria,duplicate of austria AT_v43_97df23615d64 at 0.01 m
germany,11000182387,remove,austria,duplicate of austria AT_v43_4f8ef272b8b0 at 0.06 m
germany,11000182388,remove,austria,duplicate of austria AT_v43_91b6c5460af2 at 0.04 m
germany,11000182389,remove,austria,duplicate of austria AT_v43_e24297a0c07d at 0.06 m
germany,11000182390,remove,austria,duplicate of austria AT_v43_a20d6733c4a0 at 0.03 m
germany,11000182405,remove,austria,duplicate of austria AT_v43_3b15028fe711 at 0.05 m
germany,11000182412,remove,austria,duplicate of austria AT_v43_ba54c104dc80 at 0.05 m
germany,11000182413,remove,austria,duplicate of austria AT_v43_0fb23e7b8569 at 0.02 m
germany,11000182414,remove,austria,duplicate of austria AT_v43_9856ff35563d at 0.06 m
germany,11000182416,reassign,austria,new to austria
germany,11000182437,remove,austria,duplicate of austria AT_v43_929db2af5907 at 0.02 m
germany,11000182454,remove,austria,duplicate of austria AT_v43_48e38dbb889a at 0.04 m
germany,11000182456,remove,austria,duplicate of austria AT_v43_1f5bb9f68d44 at 0.03 m
germany,11000182459,remove,austria,duplicate of austria AT_v43_5591ec20387a at 0.03 m
germany,11000182460,remove,austria,duplicate of austria AT_v43_7b17b2140078 at 0.03 m
germany,11000182462,remove,austria,duplicate of austria AT_v43_41dee1fb61c8 at 0.01 m
germany,11000182463,remove,austria,duplicate of austria AT_v43_0927f9a06168 at 0.06 m
germany,11000182464,remove,austria,duplicate of austria AT_v43_c10dd72ace99 at 0.05 m
germany,11000182469,remove,austria,duplicate of austria AT_412_052 at 0.00 m
germany,11000182479,remove,austria,duplicate of austria AT_v43_7d2f76314e4e at 0.01 m
germany,11000182482,remove,austria,duplicate of austria AT_v43_7d31f73e790a at 0.06 m
germany,11000182494,remove,austria,duplicate of austria AT_v43_904dc7f8b348 at 0.03 m
germany,11000182495,reassign,austria,new to austria; nearest existing 121.2 m
germany,11000182563,remove,austria,duplicate of austria AT_v43_c59e5fb87d87 at 0.01 m
germany,11000182564,remove,austria,duplicate of austria AT_v43_674eaa349bc2 at 0.05 m
germany,11000182565,remove,austria,duplicate of austria AT_v43_75da55cf3ba4 at 0.00 m
germany,11000182566,remove,austria,duplicate of austria AT_v43_2dfc28a0fdae at 0.05 m
germany,11000182568,remove,austria,duplicate of austria AT_v43_b34419b400bb at 0.06 m
germany,11000182569,remove,austria,duplicate of austria AT_v43_63edcb6243e0 at 0.01 m
germany,11000182570,remove,austria,duplicate of austria AT_v43_20ef049430ba at 0.01 m
germany,11000182571,remove,austria,duplicate of austria AT_v43_04f74f230800 at 0.04 m
germany,11000182590,remove,austria,duplicate of austria AT_v43_463c36f6600c at 0.05 m
germany,11000182591,remove,austria,duplicate of austria AT_v43_46956f5dfda5 at 0.03 m
germany,11000182592,remove,austria,duplicate of austria AT_v43_e70b504f2fa3 at 0.03 m
germany,11000182593,reassign,austria,new to austria
germany,11000182594,remove,austria,duplicate of austria AT_v43_18f46acdd5db at 0.06 m
germany,11000182595,remove,austria,duplicate of austria AT_v43_bac08cecd1de at 0.05 m
germany,11000182596,remove,austria,duplicate of austria AT_v43_e6f1be0abf26 at 0.01 m
germany,11000182597,remove,austria,duplicate of austria AT_v43_fe723cb8951e at 0.01 m
germany,11000182598,remove,austria,duplicate of austria AT_v43_e7b69dccc9c8 at 0.02 m
germany,11000182599,remove,austria,duplicate of austria AT_v43_15182ae1a869 at 0.03 m
germany,11000182606,remove,austria,duplicate of austria AT_v43_854df6b98e8e at 0.04 m
germany,11000182608,remove,austria,duplicate of austria AT_v43_55517ae41ade at 0.05 m
germany,11000182609,remove,austria,duplicate of austria AT_v43_a39f78db54aa at 0.04 m
germany,11000182610,remove,austria,duplicate of austria AT_v43_99224ce5dbe2 at 0.03 m
germany,11000182611,remove,austria,duplicate of austria AT_v43_3511aa790787 at 0.04 m
germany,11000182634,remove,austria,duplicate of austria AT_v43_efb04bc98444 at 0.02 m
germany,11000182635,remove,austria,duplicate of austria AT_v43_3eec6a6cb940 at 0.03 m
germany,11000182636,remove,austria,duplicate of austria AT_v43_a71334b92d52 at 0.04 m
germany,11000182637,remove,austria,duplicate of austria AT_v43_a9e1b588a0f1 at 0.02 m
germany,11000182643,remove,austria,duplicate of austria AT_v43_66e50b8eafb9 at 0.02 m
germany,11000182644,remove,austria,duplicate of austria AT_v43_f1d3a40b4e1b at 0.01 m
germany,11000182679,remove,austria,duplicate of austria AT_v43_12edb6d8e31a at 0.04 m
germany,11000182707,remove,austria,duplicate of austria AT_v43_26aa3524d6a0 at 0.05 m
germany,11000182710,remove,austria,duplicate of austria AT_v43_3463344c223e at 0.06 m
germany,11000182711,remove,austria,duplicate of austria AT_v43_a7c943a172e6 at 0.05 m
germany,11000182712,remove,austria,duplicate of austria AT_v43_2fad224ebaaa at 0.02 m
germany,11000182713,remove,switzerland,duplicate of switzerland CH_1328665524 at 5.73 m
germany,11000182746,remove,austria,duplicate of austria AT_v43_66e05940fddd at 0.01 m
germany,11000182747,remove,austria,duplicate of austria AT_v43_6489f64652c9 at 0.02 m
germany,11000182750,remove,austria,duplicate of austria AT_v43_9a6cb79987e3 at 0.01 m
germany,11000182751,remove,austria,duplicate of austria AT_v43_f47287d5096e at 0.01 m
germany,11000182752,remove,austria,duplicate of austria AT_v43_01c7a9e54366 at 0.06 m
germany,11000182753,remove,austria,duplicate of austria AT_v43_e66989841a85 at 0.04 m
germany,11000182754,remove,austria,duplicate of austria AT_v43_47937231e020 at 0.02 m
germany,11000182755,remove,austria,duplicate of austria AT_v43_f490fc536808 at 0.02 m
germany,11000182850,remove,austria,duplicate of austria AT_v43_c04a652e5f57 at 0.01 m
germany,11000182863,remove,austria,duplicate of austria AT_v43_445c8dacad36 at 0.02 m
germany,11000182873,remove,austria,duplicate of austria AT_v43_33e07e53950d at 0.05 m
germany,11000182874,remove,austria,duplicate of austria AT_v43_67bfe4c4d358 at 0.00 m
germany,11000182875,remove,austria,duplicate of austria AT_v43_86f31b625181 at 0.01 m
germany,11000182876,remove,austria,duplicate of austria AT_v43_76cb26b1c6ec at 0.05 m
germany,11000182902,remove,austria,duplicate of austria AT_v43_0db668336195 at 0.04 m
germany,11000182903,remove,austria,duplicate of austria AT_v43_e3903a6277c8 at 0.02 m
germany,11000182904,remove,austria,duplicate of austria AT_v43_c861be22075d at 0.05 m
germany,11000182905,remove,austria,duplicate of austria AT_v43_ede017dd760d at 0.04 m
germany,11000182906,remove,austria,duplicate of austria AT_v43_9acc565c2622 at 0.03 m
germany,11000182907,remove,austria,duplicate of austria AT_v43_1cf539dee50e at 0.05 m
germany,11000182908,remove,austria,duplicate of austria AT_v43_d49eecf949b9 at 0.03 m
germany,11000182909,remove,austria,duplicate of austria AT_v43_14f69eb7c18a at 0.06 m
germany,11000182910,reassign,austria,new to austria
germany,11000182911,remove,austria,duplicate of austria AT_v43_462b23bcd249 at 0.02 m
germany,11000182912,remove,austria,duplicate of austria AT_v43_dd93818aa34f at 0.02 m
germany,11000182913,remove,austria,duplicate of austria AT_v43_816a35a4f67a at 0.06 m
germany,11000182922,remove,austria,duplicate of austria AT_v43_79f9f6798988 at 0.02 m
germany,11000183053,remove,austria,duplicate of austria AT_v43_cbcf31e7cdf8 at 0.04 m
germany,11000183054,remove,austria,duplicate of austria AT_v43_138d5a78a634 at 0.03 m
germany,11000183055,remove,austria,duplicate of austria AT_v43_5836b9f14dcd at 0.04 m
germany,11000183056,remove,austria,duplicate of austria AT_v43_c73810059e26 at 0.06 m
germany,11000183057,remove,austria,duplicate of austria AT_v43_72ef40d3c13f at 0.03 m
germany,11000183058,remove,austria,duplicate of austria AT_v43_426dcd2ac788 at 0.03 m
germany,11000183059,remove,austria,duplicate of austria AT_v43_e4d274d1740c at 0.03 m
germany,11000183060,remove,austria,duplicate of austria AT_v43_c636407d2b6f at 0.04 m
germany,11000183061,remove,austria,duplicate of austria AT_v43_18a253f46fc6 at 0.03 m
germany,11000183062,reassign,austria,new to austria
germany,11000183063,remove,austria,duplicate of austria AT_v43_fe6a06e3f389 at 0.01 m
germany,11000183064,remove,austria,duplicate of austria AT_v43_ba89584d3977 at 0.02 m
germany,11000183065,remove,austria,duplicate of austria AT_v43_240913943d8a at 0.04 m
germany,11000183200,remove,austria,duplicate of austria AT_v43_296d698355ef at 0.04 m
germany,11000183205,remove,austria,duplicate of austria AT_v43_4bf76f02a65e at 0.01 m
germany,11000183251,remove,france,duplicate of france 1000192859 at 0.05 m
germany,11000183259,remove,france,duplicate of france 1000192860 at 0.03 m
germany,11000183272,remove,austria,duplicate of austria AT_v43_dc9a5edcd64a at 0.03 m
germany,11000183311,remove,austria,duplicate of austria AT_v43_0775273c8756 at 0.01 m
germany,11000183436,remove,france,duplicate of france 1000192885 at 0.03 m
germany,11000183439,remove,france,duplicate of france 1000192887 at 0.03 m
germany,11000183478,remove,france,duplicate of france 1000192894 at 0.03 m
germany,11000183484,remove,france,duplicate of france 1000192898 at 0.03 m
germany,11000183903,remove,austria,duplicate of austria AT_v43_500ceef96cae at 0.02 m
germany,11000184001,remove,austria,duplicate of austria AT_v43_3daccc1b5b08 at 0.06 m
germany,11000184044,remove,switzerland,duplicate of switzerland CH_1361897959 at 1.00 m
germany,11000184156,remove,austria,duplicate of austria AT_v43_a083f8c03a6f at 0.03 m
germany,11000184176,reassign,switzerland,new to switzerland
germany,11000184184,remove,austria,duplicate of austria AT_v43_4de3ac2cc35b at 0.06 m
germany,11000184533,remove,austria,duplicate of austria AT_v43_fd137a142998 at 0.06 m
germany,11000184534,remove,austria,duplicate of austria AT_v43_012949766341 at 0.06 m
germany,11000184540,remove,austria,duplicate of austria AT_v43_2a808e7f9e65 at 0.02 m
germany,11000184602,remove,france,duplicate of france 1000193438 at 0.06 m
germany,11000184818,remove,czechia,duplicate of czechia CZ_v43_5c9357cf346d at 0.06 m
germany,11000184832,remove,switzerland,duplicate of switzerland CH_1409180848 at 3.33 m
germany,11000184863,remove,austria,duplicate of austria AT_v43_82bc2a85fb0c at 0.04 m
germany,11000184911,remove,france,duplicate of france 1000193561 at 0.01 m
germany,11000184943,remove,austria,duplicate of austria AT_v43_b30f33addbf2 at 0.03 m
germany,11000185104,remove,austria,duplicate of austria AT_v43_fa6b473d8610 at 0.05 m
germany,11000185105,remove,austria,duplicate of austria AT_v43_14d782591f7f at 0.03 m
germany,11000185106,remove,austria,duplicate of austria AT_v43_f5a3b10342d0 at 0.04 m
germany,11000185191,reassign,austria,new to austria; nearest existing 52.4 m
germany,11000185840,remove,france,duplicate of france 1000194056 at 0.03 m
germany,11000185917,remove,switzerland,duplicate of switzerland CH_v43_54c42b2da03a at 0.04 m
germany,11000186085,remove,austria,duplicate of austria AT_v43_a38e7c2fe46d at 0.05 m
germany,11000186360,reassign,austria,new to austria
germany,11000186361,remove,austria,duplicate of austria AT_v43_afdb4e988f4f at 0.01 m
germany,11000186362,remove,austria,duplicate of austria AT_v43_35d8a28394ec at 0.03 m
germany,11000186363,remove,austria,duplicate of austria AT_v43_4db95c1a33c1 at 0.03 m
germany,11000186442,remove,austria,duplicate of austria AT_v43_5be66346b9f2 at 0.04 m
germany,11000187134,remove,austria,duplicate of austria AT_v43_9684010ffac9 at 0.04 m
germany,11000187196,remove,austria,duplicate of austria AT_v43_07238e4822dc at 0.03 m
germany,11000187197,remove,austria,duplicate of austria AT_v43_1d8131705c03 at 0.02 m
germany,11000187231,remove,austria,duplicate of austria AT_v43_8d1267ecaf2f at 0.05 m
germany,11000187237,remove,austria,duplicate of austria AT_v43_cd005ebd5c99 at 0.02 m
germany,11000187495,reassign,austria,new to austria; nearest existing 96.9 m
germany,11000187703,remove,switzerland,duplicate of switzerland CH_v43_6f6c6b1a04ae at 0.04 m
germany,11000187705,remove,switzerland,duplicate of switzerland CH_v43_f58446ce021a at 0.04 m
italy,7000000479,remove,france,duplicate of france 1000101651 at 0.03 m
italy,7000000558,remove,france,duplicate of france 1000103165 at 0.04 m
italy,7000000559,remove,france,duplicate of france 1000103166 at 0.03 m
italy,7000000670,remove,france,duplicate of france 1000104423 at 0.04 m
italy,7000000671,remove,france,duplicate of france 1000104425 at 0.05 m
italy,7000000715,remove,france,duplicate of france 1000106182 at 0.02 m
italy,7000000716,remove,france,duplicate of france 1000106183 at 0.03 m
italy,7000000717,remove,france,duplicate of france 1000106184 at 0.05 m
italy,7000000718,remove,france,duplicate of france 1000106185 at 0.02 m
italy,7000000934,remove,france,duplicate of france 1000107366 at 0.01 m
italy,7000000935,remove,france,duplicate of france 1000107367 at 0.04 m
italy,7000000936,remove,france,duplicate of france 1000107368 at 0.01 m
italy,7000000937,remove,france,duplicate of france 1000107369 at 0.04 m
italy,7000000939,remove,france,duplicate of france 1000107371 at 0.04 m
italy,7000000940,remove,france,duplicate of france 1000107372 at 0.02 m
italy,7000000941,remove,france,duplicate of france 1000107373 at 0.04 m
italy,7000000942,remove,france,duplicate of france 1000107374 at 0.01 m
italy,7000000943,remove,france,duplicate of france 1000107375 at 0.04 m
italy,7000000944,remove,france,duplicate of france 1000107376 at 0.03 m
italy,7000000945,remove,france,duplicate of france 1000107377 at 0.06 m
italy,7000000946,remove,france,duplicate of france 1000107378 at 0.03 m
italy,7000000947,remove,france,duplicate of france 1000107379 at 0.05 m
italy,7000000948,remove,france,duplicate of france 1000107380 at 0.05 m
italy,7000000952,remove,france,duplicate of france 1000107393 at 0.02 m
italy,7000000953,remove,france,duplicate of france 1000107394 at 0.07 m
italy,7000000954,remove,france,duplicate of france 1000107395 at 0.02 m
italy,7000001192,remove,switzerland,duplicate of switzerland CH_9890236302 at 1.80 m
italy,7000001304,remove,switzerland,duplicate of switzerland CH_11040262854 at 2.24 m
italy,7000003024,remove,slovenia,duplicate of slovenia SI_v43_c0a186bbce4c at 0.01 m
italy,7000003295,reassign,slovenia,new to slovenia
italy,7000006095,reassign,slovenia,new to slovenia
italy,7000008282,remove,austria,duplicate of austria AT_v43_70c8a94c5acb at 0.05 m
italy,7000008712,remove,slovenia,duplicate of slovenia SI_v43_97e7104fa75b at 0.05 m
italy,7000009467,remove,austria,duplicate of austria AT_201_004 at 4.44 m
italy,7000009472,remove,austria,duplicate of austria AT_206_010 at 0.00 m
italy,7000009767,remove,austria,duplicate of austria AT_702_016 at 0.00 m
italy,7000009790,remove,france,duplicate of france 1000120491 at 0.04 m
italy,7000009798,remove,france,duplicate of france 1000120499 at 0.03 m
italy,7000010346,remove,france,duplicate of france 1000121810 at 0.03 m
italy,7000010402,remove,france,duplicate of france 1000122007 at 0.04 m
italy,7000010403,remove,france,duplicate of france 1000122008 at 0.04 m
italy,7000010723,remove,austria,duplicate of austria AT_v43_bf8be3f36f20 at 0.06 m
italy,7000011168,remove,austria,duplicate of austria AT_v43_b887a310f7a9 at 0.03 m
italy,7000011186,remove,austria,duplicate of austria AT_v43_0b8fbe8b162f at 0.04 m
italy,7000011219,remove,austria,duplicate of austria AT_v43_cbd600902ac0 at 0.02 m
italy,7000011225,remove,austria,duplicate of austria AT_v43_084014633a31 at 0.04 m
italy,7000011561,remove,austria,duplicate of austria AT_v43_bf4fbad1e873 at 0.04 m
italy,7000011669,remove,austria,duplicate of austria AT_v43_524aeaabd670 at 0.04 m
italy,7000011707,remove,austria,duplicate of austria AT_v43_0bbfe7ada6c5 at 0.04 m
italy,7000011708,remove,austria,duplicate of austria AT_v43_ecb1b67439cc at 0.04 m
italy,7000011943,remove,switzerland,duplicate of switzerland CH_172176523 at 4.06 m
italy,7000011955,remove,austria,duplicate of austria AT_v43_bf0a296e1cf8 at 0.02 m
italy,7000011976,remove,switzerland,duplicate of switzerland CH_v43_04f8cea77b76 at 0.04 m
italy,7000011977,remove,switzerland,duplicate of switzerland CH_v43_c0a878dd66ce at 0.03 m
italy,7000011984,remove,france,duplicate of france 1000125646 at 0.06 m
italy,7000011985,remove,france,duplicate of france 1000125647 at 0.07 m
italy,7000011986,remove,france,duplicate of france 1000125648 at 0.06 m
italy,7000011987,remove,france,duplicate of france 1000125649 at 0.01 m
italy,7000012011,remove,switzerland,duplicate of switzerland CH_176207626 at 4.77 m
italy,7000012012,remove,switzerland,duplicate of switzerland CH_255353929 at 44.68 m
italy,7000012031,remove,france,duplicate of france 1000125783 at 0.05 m
italy,7000012033,remove,austria,duplicate of austria AT_v43_926ca1e7f666 at 0.04 m
italy,7000012034,remove,austria,duplicate of austria AT_v43_d8d7eba21e9d at 0.05 m
italy,7000012053,remove,austria,duplicate of austria AT_201_008 at 0.00 m
italy,7000012181,remove,france,duplicate of france 1000126152 at 0.03 m
italy,7000012361,remove,slovenia,duplicate of slovenia SI_100055 at 0.05 m
italy,7000012459,remove,switzerland,duplicate of switzerland CH_202772819 at 2.99 m
italy,7000012634,remove,switzerland,duplicate of switzerland CH_v43_d1a20adcac02 at 0.05 m
italy,7000012674,remove,switzerland,duplicate of switzerland CH_207991759 at 6.55 m
italy,7000012680,remove,slovenia,duplicate of slovenia SI_v43_b1fdd7033263 at 0.03 m
italy,7000012692,remove,switzerland,duplicate of switzerland CH_208644594 at 5.65 m
italy,7000012705,remove,switzerland,duplicate of switzerland CH_210139287 at 3.15 m
italy,7000012707,remove,switzerland,duplicate of switzerland CH_v43_f2e779cef6ee at 0.07 m
italy,7000012712,remove,switzerland,duplicate of switzerland CH_v43_d0d9f8e69013 at 0.03 m
italy,7000012740,remove,switzerland,duplicate of switzerland CH_212498548 at 1.98 m
italy,7000012983,remove,austria,duplicate of austria AT_v43_8a04697432ff at 0.06 m
italy,7000013013,remove,france,duplicate of france 1000127846 at 0.04 m
italy,7000013507,remove,switzerland,duplicate of switzerland CH_255353866 at 4.45 m
italy,7000013511,remove,switzerland,duplicate of switzerland CH_255353929 at 4.10 m
italy,7000013514,remove,france,duplicate of france 1000128437 at 0.06 m
italy,7000013566,remove,austria,duplicate of austria AT_v43_804c62da530d at 0.01 m
italy,7000013631,remove,switzerland,duplicate of switzerland CH_275316212 at 4.60 m
italy,7000013667,remove,switzerland,duplicate of switzerland CH_281810588 at 6.09 m
italy,7000013806,remove,slovenia,duplicate of slovenia SI_100104 at 0.03 m
italy,7000013807,remove,slovenia,duplicate of slovenia SI_100121 at 0.01 m
italy,7000013808,remove,slovenia,duplicate of slovenia SI_100147 at 0.04 m
italy,7000013809,remove,slovenia,duplicate of slovenia SI_100092 at 0.04 m
italy,7000013844,remove,france,duplicate of france 1000129331 at 0.05 m
italy,7000013862,remove,switzerland,duplicate of switzerland CH_v43_86423e5618f8 at 0.06 m
italy,7000013890,remove,switzerland,duplicate of switzerland CH_v43_73247154c013 at 0.01 m
italy,7000014805,remove,switzerland,duplicate of switzerland CH_391576135 at 3.32 m
italy,7000015751,remove,slovenia,duplicate of slovenia SI_v43_de96dd0b69b7 at 0.04 m
italy,7000015755,remove,slovenia,duplicate of slovenia SI_v43_34142e53168e at 0.03 m
italy,7000015764,remove,slovenia,duplicate of slovenia SI_v43_d6c85efdce77 at 0.05 m
italy,7000015768,remove,slovenia,duplicate of slovenia SI_v43_43a3be025de7 at 0.05 m
italy,7000015769,remove,slovenia,duplicate of slovenia SI_v43_816d012cb75c at 0.02 m
italy,7000015770,remove,slovenia,duplicate of slovenia SI_v43_0653be5f1907 at 0.06 m
italy,7000015779,remove,slovenia,duplicate of slovenia SI_100132 at 0.05 m
italy,7000015780,remove,slovenia,duplicate of slovenia SI_100118 at 0.05 m
italy,7000016094,remove,slovenia,duplicate of slovenia SI_v43_3e3af55a1720 at 0.05 m
italy,7000016138,remove,slovenia,duplicate of slovenia SI_v43_3e286606bd7f at 0.03 m
italy,7000016139,remove,slovenia,duplicate of slovenia SI_v43_7f04e2a608c5 at 0.06 m
italy,7000016162,remove,slovenia,duplicate of slovenia SI_v43_ca3cbfd1cb0b at 0.06 m
italy,7000016218,remove,austria,duplicate of austria AT_v43_953bea686344 at 0.01 m
italy,7000016277,remove,austria,duplicate of austria AT_v43_18c15b8cb472 at 0.03 m
italy,7000016285,remove,austria,duplicate of austria AT_v43_30309263263c at 0.04 m
italy,7000016292,remove,austria,duplicate of austria AT_v43_1a45de7ceca4 at 0.03 m
italy,7000016301,remove,austria,duplicate of austria AT_v43_c6f27fc28309 at 0.06 m
italy,7000016322,remove,austria,duplicate of austria AT_v43_bbe637fb9c7f at 0.02 m
italy,7000016323,remove,austria,duplicate of austria AT_v43_2a1b449b3eb9 at 0.02 m
italy,7000016324,remove,austria,duplicate of austria AT_v43_42457d19169f at 0.03 m
italy,7000016326,remove,austria,duplicate of austria AT_v43_aa4900a8044b at 0.06 m
italy,7000016346,remove,austria,duplicate of austria AT_v43_325e80089f2c at 0.06 m
italy,7000016347,remove,austria,duplicate of austria AT_v43_f83ac58e31b6 at 0.06 m
italy,7000016348,remove,austria,duplicate of austria AT_v43_ae07769cdd6b at 0.04 m
italy,7000016349,remove,austria,duplicate of austria AT_v43_ac97f19d3eff at 0.03 m
italy,7000016350,remove,austria,duplicate of austria AT_v43_3c03a65347f7 at 0.05 m
italy,7000016351,remove,austria,duplicate of austria AT_v43_5c2ce8c84713 at 0.01 m
italy,7000016355,remove,austria,duplicate of austria AT_v43_43d5de5f4e76 at 0.03 m
italy,7000016380,remove,austria,duplicate of austria AT_v43_6b0756d5ce46 at 0.03 m
italy,7000016381,remove,austria,duplicate of austria AT_v43_88e5c84bf5d5 at 0.01 m
italy,7000016435,remove,france,duplicate of france 1000131883 at 0.05 m
italy,7000016486,remove,slovenia,duplicate of slovenia SI_v43_07eb45f946eb at 0.03 m
italy,7000016521,remove,slovenia,duplicate of slovenia SI_v43_3d3249f21e1d at 0.05 m
italy,7000016545,remove,france,duplicate of france 1000132835 at 0.03 m
italy,7000016600,remove,slovenia,duplicate of slovenia SI_v43_a9ad4ef0397b at 0.03 m
italy,7000016602,remove,slovenia,duplicate of slovenia SI_v43_79002c1ff7b6 at 0.06 m
italy,7000016636,remove,france,duplicate of france 1000133071 at 0.03 m
italy,7000016637,remove,france,duplicate of france 1000133072 at 0.06 m
italy,7000016638,remove,france,duplicate of france 1000133073 at 0.01 m
italy,7000016639,remove,france,duplicate of france 1000133074 at 0.05 m
italy,7000016640,remove,france,duplicate of france 1000133075 at 0.05 m
italy,7000016641,remove,france,duplicate of france 1000133076 at 0.04 m
italy,7000016642,remove,france,duplicate of france 1000133077 at 0.05 m
italy,7000016765,remove,france,duplicate of france 1000133242 at 0.02 m
italy,7000016770,remove,austria,duplicate of austria AT_v43_d799ab8e6fe7 at 0.04 m
italy,7000017523,remove,slovenia,duplicate of slovenia SI_100157 at 0.04 m
italy,7000017635,remove,slovenia,duplicate of slovenia SI_v43_e08c6d5130bb at 0.05 m
italy,7000019203,remove,france,duplicate of france 1000134196 at 0.05 m
italy,7000019333,remove,france,duplicate of france 1000134333 at 0.05 m
italy,7000019380,remove,slovenia,duplicate of slovenia SI_v43_e39d19135031 at 0.05 m
italy,7000019385,reassign,slovenia,new to slovenia
italy,7000019397,remove,slovenia,duplicate of slovenia SI_v43_309857101634 at 0.04 m
italy,7000019453,remove,slovenia,duplicate of slovenia SI_v43_70fc9d8b2b0a at 0.06 m
italy,7000019478,remove,switzerland,duplicate of switzerland CH_866811512 at 5.92 m
italy,7000019633,remove,slovenia,duplicate of slovenia SI_v43_4be4b0f8f3aa at 0.04 m
italy,7000019935,remove,austria,duplicate of austria AT_v43_1aa40c7f99cd at 0.06 m
italy,7000020228,reassign,slovenia,new to slovenia
italy,7000020229,reassign,slovenia,new to slovenia
italy,7000020269,remove,slovenia,duplicate of slovenia SI_v43_cbb3bfb2bfa4 at 0.04 m
italy,7000020475,remove,france,duplicate of france 1000135388 at 0.01 m
italy,7000020504,remove,slovenia,duplicate of slovenia SI_v43_1da843bc9114 at 0.03 m
italy,7000020533,remove,france,duplicate of france 1000135481 at 0.05 m
italy,7000020544,remove,slovenia,duplicate of slovenia SI_v43_87e116a8af93 at 0.03 m
italy,7000020584,remove,slovenia,duplicate of slovenia SI_v43_a79ce6421432 at 0.04 m
italy,7000020642,remove,slovenia,duplicate of slovenia SI_v43_05d97f64c300 at 0.01 m
italy,7000020802,remove,france,duplicate of france 1000135906 at 0.05 m
italy,7000020881,remove,slovenia,duplicate of slovenia SI_v43_4c124094d806 at 0.03 m
italy,7000020898,remove,austria,duplicate of austria AT_705_012 at 0.00 m
italy,7000021072,remove,switzerland,duplicate of switzerland CH_1078048771 at 2.54 m
italy,7000022515,remove,slovenia,duplicate of slovenia SI_v43_c434356c8a2d at 0.05 m
italy,7000022516,remove,slovenia,duplicate of slovenia SI_v43_baf12b03c727 at 0.06 m
italy,7000022568,remove,slovenia,duplicate of slovenia SI_v43_394c23d703af at 0.01 m
italy,7000022575,remove,slovenia,duplicate of slovenia SI_v43_0481e3662e16 at 0.04 m
italy,7000022576,remove,slovenia,duplicate of slovenia SI_v43_fdf861e64dca at 0.03 m
italy,7000022582,remove,slovenia,duplicate of slovenia SI_v43_ffe77a3ecaaf at 0.02 m
italy,7000022599,remove,slovenia,duplicate of slovenia SI_v43_a830e9812316 at 0.03 m
italy,7000022606,remove,slovenia,duplicate of slovenia SI_v43_f347d613f773 at 0.01 m
italy,7000022646,remove,slovenia,duplicate of slovenia SI_v43_03abadd86449 at 0.04 m
italy,7000022667,remove,slovenia,duplicate of slovenia SI_v43_603db079897d at 0.06 m
italy,7000022749,remove,slovenia,duplicate of slovenia SI_v43_10e926acda2d at 0.02 m
italy,7000022752,reassign,slovenia,new to slovenia
italy,7000022774,remove,slovenia,duplicate of slovenia SI_v43_54734d5fc114 at 0.05 m
italy,7000022775,remove,slovenia,duplicate of slovenia SI_v43_4fcdb2cd6714 at 0.05 m
italy,7000022811,remove,slovenia,duplicate of slovenia SI_v43_db68953f9158 at 0.06 m
italy,7000022820,remove,slovenia,duplicate of slovenia SI_v43_f55197cc574d at 0.01 m
italy,7000022832,remove,slovenia,duplicate of slovenia SI_v43_01686bf32519 at 0.04 m
italy,7000022834,remove,slovenia,duplicate of slovenia SI_v43_b961383a6f8e at 0.04 m
italy,7000022835,remove,slovenia,duplicate of slovenia SI_v43_c942127c9319 at 0.05 m
italy,7000022836,remove,slovenia,duplicate of slovenia SI_v43_5548552b6492 at 0.02 m
italy,7000022837,remove,slovenia,duplicate of slovenia SI_v43_00621ce15e3c at 0.03 m
italy,7000022838,remove,slovenia,duplicate of slovenia SI_v43_1bc70b2d1e9a at 0.02 m
italy,7000022839,remove,slovenia,duplicate of slovenia SI_v43_ca0c34f849c9 at 0.05 m
italy,7000022840,remove,slovenia,duplicate of slovenia SI_v43_941118759e72 at 0.03 m
italy,7000022841,remove,slovenia,duplicate of slovenia SI_v43_9a99d0956e32 at 0.00 m
italy,7000022869,remove,slovenia,duplicate of slovenia SI_100017 at 0.01 m
italy,7000022872,remove,slovenia,duplicate of slovenia SI_v43_73944665f6df at 0.01 m
italy,7000022873,remove,slovenia,duplicate of slovenia SI_v43_14ce2330eea0 at 0.06 m
italy,7000022875,remove,slovenia,duplicate of slovenia SI_v43_2fa9a6a47c10 at 0.02 m
italy,7000022876,remove,slovenia,duplicate of slovenia SI_v43_32beab9a9c12 at 0.05 m
italy,7000022877,remove,slovenia,duplicate of slovenia SI_v43_17be3ac5ff15 at 0.03 m
italy,7000022890,remove,slovenia,duplicate of slovenia SI_v43_15f654213c75 at 0.04 m
italy,7000022948,reassign,slovenia,new to slovenia
italy,7000022962,remove,slovenia,duplicate of slovenia SI_v43_c3c9b36574dd at 0.02 m
italy,7000022973,remove,slovenia,duplicate of slovenia SI_v43_a7dfb46a39cf at 0.04 m
italy,7000022975,remove,slovenia,duplicate of slovenia SI_v43_9a9a392d93f2 at 0.04 m
italy,7000022977,remove,slovenia,duplicate of slovenia SI_v43_2df514c6bf03 at 0.03 m
italy,7000022982,remove,slovenia,duplicate of slovenia SI_v43_f419856ecc46 at 0.04 m
italy,7000022997,remove,slovenia,duplicate of slovenia SI_v43_5605553a0022 at 0.01 m
italy,7000022998,remove,slovenia,duplicate of slovenia SI_v43_142043398800 at 0.03 m
italy,7000023000,reassign,slovenia,new to slovenia
italy,7000023001,reassign,slovenia,new to slovenia
italy,7000023002,remove,slovenia,duplicate of slovenia SI_v43_ea214d6f27e6 at 0.05 m
italy,7000023020,remove,slovenia,duplicate of slovenia SI_v43_6833933e9251 at 0.04 m
italy,7000023021,remove,slovenia,duplicate of slovenia SI_v43_8124bb9bc48b at 0.06 m
italy,7000023022,remove,slovenia,duplicate of slovenia SI_v43_bd22e414a03f at 0.05 m
italy,7000023033,remove,slovenia,duplicate of slovenia SI_v43_4c9c238affab at 0.05 m
italy,7000023035,remove,slovenia,duplicate of slovenia SI_v43_a157ce824ee1 at 0.03 m
italy,7000023040,remove,slovenia,duplicate of slovenia SI_v43_39b170bf92e2 at 0.03 m
italy,7000023060,remove,slovenia,duplicate of slovenia SI_v43_3bcc487c5776 at 0.03 m
italy,7000023061,remove,slovenia,duplicate of slovenia SI_v43_632e751ebd6e at 0.03 m
italy,7000023062,remove,slovenia,duplicate of slovenia SI_v43_9646de15512b at 0.01 m
italy,7000023063,remove,slovenia,duplicate of slovenia SI_v43_fbd03ee6560e at 0.02 m
italy,7000023064,remove,slovenia,duplicate of slovenia SI_v43_8b2ae620599c at 0.02 m
italy,7000023065,remove,slovenia,duplicate of slovenia SI_v43_ea4ce331c68c at 0.00 m
italy,7000023066,remove,slovenia,duplicate of slovenia SI_v43_a6a98786e131 at 0.05 m
italy,7000023068,remove,slovenia,duplicate of slovenia SI_v43_a86a7f920c6f at 0.04 m
italy,7000023073,remove,slovenia,duplicate of slovenia SI_v43_b08c4085b149 at 0.01 m
italy,7000023087,remove,slovenia,duplicate of slovenia SI_v43_341a41466401 at 0.05 m
italy,7000023088,remove,slovenia,duplicate of slovenia SI_v43_857a2aee7bfb at 0.05 m
italy,7000023092,remove,slovenia,duplicate of slovenia SI_v43_581e5a123ec7 at 0.04 m
italy,7000023115,remove,slovenia,duplicate of slovenia SI_v43_87bd7b42d5c3 at 0.03 m
italy,7000023116,reassign,slovenia,new to slovenia
italy,7000023130,remove,slovenia,duplicate of slovenia SI_v43_3acb616873d6 at 0.03 m
italy,7000023133,remove,slovenia,duplicate of slovenia SI_v43_7b333941ef2e at 0.04 m
italy,7000023134,remove,slovenia,duplicate of slovenia SI_v43_b36e0fb69e44 at 0.05 m
italy,7000023135,remove,slovenia,duplicate of slovenia SI_v43_03e8c6072ede at 0.03 m
italy,7000023136,remove,slovenia,duplicate of slovenia SI_v43_549baa58744d at 0.04 m
italy,7000023137,remove,slovenia,duplicate of slovenia SI_v43_3961567c1f1f at 0.02 m
italy,7000023138,remove,slovenia,duplicate of slovenia SI_v43_5e17f88a8c27 at 0.03 m
italy,7000023178,remove,slovenia,duplicate of slovenia SI_v43_dffdcdbf3387 at 0.04 m
italy,7000023180,remove,slovenia,duplicate of slovenia SI_v43_e9f24387ddbc at 0.02 m
italy,7000023197,remove,slovenia,duplicate of slovenia SI_v43_de10e50baf32 at 0.02 m
italy,7000023198,remove,slovenia,duplicate of slovenia SI_v43_6357a65a7aba at 0.04 m
italy,7000023199,remove,slovenia,duplicate of slovenia SI_v43_6b3fa1bf671b at 0.05 m
italy,7000023200,remove,slovenia,duplicate of slovenia SI_v43_67ebc67041e1 at 0.02 m
italy,7000023201,remove,slovenia,duplicate of slovenia SI_v43_bda52cd76225 at 0.06 m
italy,7000023202,remove,slovenia,duplicate of slovenia SI_v43_b647ad52c77e at 0.04 m
italy,7000023203,remove,slovenia,duplicate of slovenia SI_v43_0af44affb06f at 0.05 m
italy,7000023204,remove,slovenia,duplicate of slovenia SI_v43_e77db74c7e16 at 0.05 m
italy,7000023205,remove,slovenia,duplicate of slovenia SI_v43_955683c35174 at 0.02 m
italy,7000023206,reassign,slovenia,new to slovenia
italy,7000023207,reassign,slovenia,new to slovenia; nearest existing 136.4 m
italy,7000023208,reassign,slovenia,new to slovenia
italy,7000023209,remove,slovenia,duplicate of slovenia SI_v43_16630308ff83 at 0.03 m
italy,7000023210,remove,slovenia,duplicate of slovenia SI_v43_9e88936a2ad2 at 0.06 m
italy,7000023260,remove,slovenia,duplicate of slovenia SI_v43_1baa75d0a2e9 at 0.01 m
italy,7000023261,remove,slovenia,duplicate of slovenia SI_v43_dbe4673c3374 at 0.06 m
italy,7000023262,remove,slovenia,duplicate of slovenia SI_v43_3536b54397ac at 0.05 m
italy,7000023433,remove,slovenia,duplicate of slovenia SI_v43_9997272b73ff at 0.03 m
italy,7000023449,remove,slovenia,duplicate of slovenia SI_v43_e2b14f68952a at 0.01 m
italy,7000023484,remove,france,duplicate of france 1000138234 at 0.01 m
italy,7000023498,remove,slovenia,duplicate of slovenia SI_v43_8114a391c547 at 0.02 m
italy,7000023502,remove,slovenia,duplicate of slovenia SI_v43_d4f5898c0802 at 0.03 m
italy,7000023719,remove,slovenia,duplicate of slovenia SI_v43_44f71f2d7efa at 0.06 m
italy,7000024231,remove,slovenia,duplicate of slovenia SI_v43_353a3f504564 at 0.06 m
italy,7000024256,remove,slovenia,duplicate of slovenia SI_v43_3aa7f317530c at 0.03 m
italy,7000024408,reassign,austria,new to austria; nearest existing 72.8 m
italy,7000024522,remove,slovenia,duplicate of slovenia SI_v43_417b19673080 at 0.02 m
italy,7000024936,remove,slovenia,duplicate of slovenia SI_v43_2578303241bc at 0.06 m
italy,7000025021,remove,slovenia,duplicate of slovenia SI_100157 at 11.74 m
italy,7000025656,remove,slovenia,duplicate of slovenia SI_v43_516af17776f9 at 0.04 m
italy,7000025663,remove,france,duplicate of france 1000140057 at 0.04 m
italy,7000025728,remove,slovenia,duplicate of slovenia SI_v43_899c1d58f3da at 0.04 m
italy,7000025740,remove,slovenia,duplicate of slovenia SI_v43_c189c99761a2 at 0.02 m
italy,7000026762,remove,slovenia,duplicate of slovenia SI_v43_76a3e6f5f84a at 0.02 m
japan,8000000489,remove,,unexplained: 21.8 km outside own territory
japan,8000006458,remove,korea,duplicate of korea KR_OSM_n274961871 at 4.63 m
japan,8000006459,remove,korea,duplicate of korea KR_OSM_n275141765 at 0.00 m
japan,8000006461,remove,korea,duplicate of korea KR_OSM_n284430067 at 0.00 m
japan,8000006462,remove,korea,duplicate of korea KR_OSM_n288753042 at 0.00 m
japan,8000006503,remove,korea,duplicate of korea KR_OSM_n342892940 at 0.00 m
japan,8000006779,remove,korea,duplicate of korea KR_OSM_n766674621 at 0.00 m
japan,8000006828,remove,korea,duplicate of korea KR_OSM_n894736436 at 0.00 m
japan,8000006829,remove,korea,duplicate of korea KR_OSM_n894856181 at 0.00 m
japan,8000006830,remove,korea,duplicate of korea KR_OSM_n894856185 at 0.00 m
japan,8000006831,remove,korea,duplicate of korea KR_OSM_n894856186 at 0.00 m
japan,8000006832,remove,korea,duplicate of korea KR_OSM_n894856188 at 0.00 m
japan,8000006925,remove,,unexplained: 239.8 km outside own territory
japan,8000006926,remove,korea,duplicate of korea KR_OSM_n1265876656 at 0.00 m
latvia,LV_000877,remove,BY,containing state BY has no fleet in this cohort
latvia,LV_v43_4f6b75ca3b99,reassign,lithuania,new to lithuania
mexico,MX_02386,remove,us,duplicate of us 120000071848 at 0.01 m
mexico,MX_02484,remove,us,duplicate of us 120000077445 at 0.04 m
mexico,MX_02663,remove,us,duplicate of us 120000071272 at 0.07 m
mexico,MX_02684,remove,us,duplicate of us 120000073444 at 0.02 m
mexico,MX_02685,remove,us,duplicate of us 120000073445 at 0.03 m
mexico,MX_02721,remove,us,duplicate of us 120000078562 at 0.01 m
netherlands,NL_v43_6b2ac920c4cd,reassign,belgium,new to belgium
norway,NO_104144,remove,sweden,duplicate of sweden 5000011154 at 0.01 m
norway,NO_104178,remove,RU,containing state RU has no fleet in this cohort
norway,NO_104181,remove,RU,containing state RU has no fleet in this cohort
norway,NO_105155,remove,sweden,duplicate of sweden 5000009381 at 0.04 m
norway,NO_105456,reassign,finland,new to finland
norway,NO_105500,remove,RU,containing state RU has no fleet in this cohort
norway,NO_105805,remove,finland,duplicate of finland FI_926321074 at 0.00 m
norway,NO_106427,remove,sweden,duplicate of sweden 5000007027 at 0.01 m
poland,PL_v43_a3551511bb57,reassign,czechia,new to czechia
portugal,6000000800,remove,spain,duplicate of spain 9000004538 at 0.05 m
portugal,6000000801,remove,spain,duplicate of spain 9000004540 at 0.03 m
portugal,6000000807,remove,spain,duplicate of spain 9000022539 at 0.03 m
portugal,6000000861,remove,spain,duplicate of spain 9000009299 at 0.02 m
portugal,6000000862,remove,spain,duplicate of spain 9000022620 at 0.04 m
portugal,6000001046,remove,spain,duplicate of spain 9000025769 at 0.04 m
portugal,6000001056,remove,spain,duplicate of spain 9000010300 at 0.01 m
portugal,6000001057,remove,spain,duplicate of spain 9000010301 at 0.02 m
portugal,6000001078,remove,spain,duplicate of spain 9000025808 at 0.05 m
portugal,6000001079,remove,spain,duplicate of spain 9000025809 at 0.06 m
portugal,6000001080,remove,spain,duplicate of spain 9000025810 at 0.05 m
portugal,6000001110,remove,spain,duplicate of spain 9000010634 at 0.04 m
portugal,6000001114,remove,spain,duplicate of spain 9000010641 at 0.04 m
portugal,6000001144,remove,spain,duplicate of spain 9000010767 at 0.03 m
portugal,6000001153,remove,spain,duplicate of spain 9000022868 at 0.06 m
portugal,6000001737,remove,spain,duplicate of spain 9000012733 at 0.06 m
portugal,6000001808,remove,spain,duplicate of spain 9000026401 at 0.03 m
portugal,6000001809,remove,spain,duplicate of spain 9000026402 at 0.05 m
portugal,6000001836,remove,spain,duplicate of spain 9000014147 at 0.01 m
portugal,6000001839,remove,spain,duplicate of spain 9000026444 at 0.06 m
portugal,6000002071,remove,spain,duplicate of spain 9000015062 at 0.06 m
portugal,6000002102,remove,spain,duplicate of spain 9000026941 at 0.04 m
portugal,6000002273,remove,spain,duplicate of spain 9000027041 at 0.05 m
portugal,6000002274,remove,spain,duplicate of spain 9000027042 at 0.05 m
portugal,6000002510,remove,spain,duplicate of spain 9000023787 at 0.04 m
portugal,6000003007,remove,spain,duplicate of spain 9000016504 at 0.03 m
portugal,6000004712,remove,spain,duplicate of spain 9000018117 at 0.06 m
portugal,6000006266,remove,spain,duplicate of spain 9000028484 at 0.02 m
portugal,6000006365,remove,spain,duplicate of spain 9000024459 at 0.05 m
portugal,6000007457,remove,spain,duplicate of spain 9000024508 at 0.02 m
portugal,6000010138,remove,spain,duplicate of spain 9000024897 at 0.02 m
portugal,6000010141,remove,spain,duplicate of spain 9000020541 at 0.03 m
portugal,6000010142,remove,spain,duplicate of spain 9000020542 at 0.04 m
portugal,6000010673,remove,spain,duplicate of spain 9000024959 at 0.04 m
portugal,6000010674,remove,spain,duplicate of spain 9000024960 at 0.05 m
portugal,6000010763,remove,spain,duplicate of spain 9000020997 at 0.04 m
portugal,6000010795,remove,spain,duplicate of spain 9000024986 at 0.05 m
portugal,6000013038,reassign,spain,new to spain
portugal,6000013811,remove,spain,duplicate of spain 9000025144 at 0.03 m
portugal,6000013825,remove,spain,duplicate of spain 9000022125 at 0.03 m
slovenia,SI_v43_5b953d0c7451,remove,italy,duplicate of italy 7000022983 at 0.05 m
spain,9000000014,remove,france,duplicate of france 1000100536 at 0.02 m
spain,9000000015,remove,france,duplicate of france 1000100537 at 0.02 m
spain,9000000120,remove,france,duplicate of france 1000100833 at 0.02 m
spain,9000000523,reassign,france,new to france
spain,9000000524,reassign,france,new to france
spain,9000000525,reassign,france,new to france
spain,9000000526,reassign,france,new to france
spain,9000000530,reassign,france,new to france
spain,9000000531,reassign,france,new to france
spain,9000000532,reassign,france,new to france
spain,9000000887,reassign,france,new to france
spain,9000001040,reassign,france,new to france
spain,9000001041,reassign,france,new to france
spain,9000001042,reassign,france,new to france
spain,9000001043,reassign,france,new to france
spain,9000001044,reassign,france,new to france
spain,9000001045,reassign,france,new to france
spain,9000001276,remove,france,duplicate of france 1000103857 at 0.03 m
spain,9000001282,reassign,france,new to france
spain,9000002760,remove,france,duplicate of france 1000107138 at 0.03 m
spain,9000003491,remove,france,duplicate of france 1000109910 at 0.02 m
spain,9000003673,remove,france,duplicate of france 1000110382 at 0.02 m
spain,9000003674,remove,france,duplicate of france 1000110383 at 0.03 m
spain,9000003675,remove,france,duplicate of france 1000110384 at 0.05 m
spain,9000003676,remove,france,duplicate of france 1000110385 at 0.02 m
spain,9000003677,remove,france,duplicate of france 1000110386 at 0.05 m
spain,9000003693,reassign,france,new to france
spain,9000003875,remove,france,duplicate of france 1000112141 at 0.05 m
spain,9000003876,remove,france,duplicate of france 1000112197 at 0.05 m
spain,9000003877,remove,france,duplicate of france 1000112198 at 0.03 m
spain,9000003878,remove,france,duplicate of france 1000112199 at 0.03 m
spain,9000003879,remove,france,duplicate of france 1000112200 at 0.06 m
spain,9000003880,remove,france,duplicate of france 1000112201 at 0.02 m
spain,9000003881,remove,france,duplicate of france 1000112202 at 0.03 m
spain,9000003882,remove,france,duplicate of france 1000112203 at 0.02 m
spain,9000003883,remove,france,duplicate of france 1000112204 at 0.02 m
spain,9000003884,remove,france,duplicate of france 1000112205 at 0.06 m
spain,9000003885,remove,france,duplicate of france 1000112206 at 0.03 m
spain,9000003954,remove,france,duplicate of france 1000112512 at 0.03 m
spain,9000004015,reassign,france,new to france
spain,9000004726,remove,france,duplicate of france 1000113299 at 0.02 m
spain,9000004727,remove,france,duplicate of france 1000113300 at 0.06 m
spain,9000004728,remove,france,duplicate of france 1000113301 at 0.03 m
spain,9000004729,remove,france,duplicate of france 1000113302 at 0.04 m
spain,9000004730,remove,france,duplicate of france 1000113303 at 0.06 m
spain,9000004731,remove,france,duplicate of france 1000113304 at 0.05 m
spain,9000004732,remove,france,duplicate of france 1000113305 at 0.05 m
spain,9000004733,remove,france,duplicate of france 1000113306 at 0.06 m
spain,9000004744,remove,france,duplicate of france 1000113319 at 0.05 m
spain,9000004745,remove,france,duplicate of france 1000113321 at 0.02 m
spain,9000004750,remove,france,duplicate of france 1000113329 at 0.02 m
spain,9000004752,remove,france,duplicate of france 1000113332 at 0.01 m
spain,9000004762,remove,france,duplicate of france 1000113342 at 0.03 m
spain,9000004763,remove,france,duplicate of france 1000113343 at 0.04 m
spain,9000004764,remove,france,duplicate of france 1000113344 at 0.03 m
spain,9000004765,remove,france,duplicate of france 1000113345 at 0.05 m
spain,9000004766,remove,france,duplicate of france 1000113346 at 0.03 m
spain,9000004767,remove,france,duplicate of france 1000113347 at 0.05 m
spain,9000004768,remove,france,duplicate of france 1000113348 at 0.02 m
spain,9000004769,remove,france,duplicate of france 1000113349 at 0.04 m
spain,9000004770,remove,france,duplicate of france 1000113350 at 0.04 m
spain,9000004771,remove,france,duplicate of france 1000113351 at 0.05 m
spain,9000004772,remove,france,duplicate of france 1000113352 at 0.05 m
spain,9000004773,remove,france,duplicate of france 1000113353 at 0.05 m
spain,9000004774,remove,france,duplicate of france 1000113354 at 0.04 m
spain,9000004775,remove,france,duplicate of france 1000113360 at 0.02 m
spain,9000004776,remove,france,duplicate of france 1000113365 at 0.03 m
spain,9000004777,remove,france,duplicate of france 1000113369 at 0.06 m
spain,9000004778,remove,france,duplicate of france 1000113370 at 0.02 m
spain,9000004779,remove,france,duplicate of france 1000113371 at 0.02 m
spain,9000004780,remove,france,duplicate of france 1000113372 at 0.03 m
spain,9000004781,remove,france,duplicate of france 1000113375 at 0.04 m
spain,9000004782,remove,france,duplicate of france 1000113376 at 0.07 m
spain,9000004783,remove,france,duplicate of france 1000113377 at 0.03 m
spain,9000004784,remove,france,duplicate of france 1000113378 at 0.06 m
spain,9000004785,remove,france,duplicate of france 1000113379 at 0.01 m
spain,9000004786,remove,france,duplicate of france 1000113380 at 0.04 m
spain,9000005672,remove,france,duplicate of france 1000114647 at 0.04 m
spain,9000005673,remove,france,duplicate of france 1000114648 at 0.05 m
spain,9000005674,remove,france,duplicate of france 1000114649 at 0.03 m
spain,9000005675,remove,france,duplicate of france 1000114650 at 0.03 m
spain,9000005676,remove,france,duplicate of france 1000114651 at 0.01 m
spain,9000005677,remove,france,duplicate of france 1000114652 at 0.04 m
spain,9000005678,remove,france,duplicate of france 1000114653 at 0.02 m
spain,9000005679,remove,france,duplicate of france 1000114654 at 0.04 m
spain,9000005680,remove,france,duplicate of france 1000114655 at 0.03 m
spain,9000005681,remove,france,duplicate of france 1000114656 at 0.03 m
spain,9000005795,remove,france,duplicate of france 1000114778 at 0.06 m
spain,9000005796,remove,france,duplicate of france 1000114779 at 0.02 m
spain,9000005797,remove,france,duplicate of france 1000114780 at 0.01 m
spain,9000005798,remove,france,duplicate of france 1000114781 at 0.03 m
spain,9000005799,remove,france,duplicate of france 1000114782 at 0.05 m
spain,9000005967,remove,france,duplicate of france 1000115046 at 0.01 m
spain,9000005968,remove,france,duplicate of france 1000115047 at 0.02 m
spain,9000005990,remove,france,duplicate of france 1000115069 at 0.05 m
spain,9000005993,remove,france,duplicate of france 1000115072 at 0.05 m
spain,9000005994,remove,france,duplicate of france 1000115073 at 0.06 m
spain,9000005995,remove,france,duplicate of france 1000115074 at 0.05 m
spain,9000005996,remove,france,duplicate of france 1000115075 at 0.02 m
spain,9000005997,remove,france,duplicate of france 1000115076 at 0.04 m
spain,9000005999,remove,france,duplicate of france 1000115078 at 0.04 m
spain,9000006000,remove,france,duplicate of france 1000115079 at 0.06 m
spain,9000006045,remove,france,duplicate of france 1000115160 at 0.01 m
spain,9000006046,remove,france,duplicate of france 1000115161 at 0.02 m
spain,9000006047,remove,france,duplicate of france 1000115162 at 0.06 m
spain,9000006049,remove,france,duplicate of france 1000115164 at 0.03 m
spain,9000006051,remove,france,duplicate of france 1000115166 at 0.02 m
spain,9000006056,remove,france,duplicate of france 1000115171 at 0.05 m
spain,9000006058,remove,france,duplicate of france 1000115173 at 0.04 m
spain,9000006059,remove,france,duplicate of france 1000115174 at 0.06 m
spain,9000006061,remove,france,duplicate of france 1000115176 at 0.02 m
spain,9000006067,remove,france,duplicate of france 1000115182 at 0.03 m
spain,9000006471,reassign,france,new to france
spain,9000006472,reassign,france,new to france
spain,9000006473,reassign,france,new to france
spain,9000006474,reassign,france,new to france
spain,9000006475,reassign,france,new to france
spain,9000006476,reassign,france,new to france
spain,9000006477,reassign,france,new to france
spain,9000006478,reassign,france,new to france
spain,9000006479,reassign,france,new to france
spain,9000006480,reassign,france,new to france
spain,9000006481,reassign,france,new to france
spain,9000006482,reassign,france,new to france
spain,9000006483,reassign,france,new to france
spain,9000006485,reassign,france,new to france
spain,9000006486,reassign,france,new to france
spain,9000006487,reassign,france,new to france
spain,9000006488,reassign,france,new to france
spain,9000006489,reassign,france,new to france
spain,9000006490,reassign,france,new to france
spain,9000006491,reassign,france,new to france
spain,9000006620,reassign,france,new to france
spain,9000006623,reassign,france,new to france
spain,9000006625,reassign,france,new to france
spain,9000006629,reassign,france,new to france
spain,9000006646,reassign,france,new to france
spain,9000006649,reassign,france,new to france
spain,9000006650,reassign,france,new to france
spain,9000006651,reassign,france,new to france
spain,9000006652,reassign,france,new to france
spain,9000006653,reassign,france,new to france
spain,9000006654,reassign,france,new to france
spain,9000006655,reassign,france,new to france
spain,9000006753,reassign,france,new to france
spain,9000008653,remove,france,duplicate of france 1000120837 at 0.04 m
spain,9000008863,remove,france,duplicate of france 1000122024 at 0.03 m
spain,9000009132,remove,portugal,duplicate of portugal 6000000848 at 0.05 m
spain,9000009205,remove,portugal,duplicate of portugal 6000000851 at 0.03 m
spain,9000009206,remove,portugal,duplicate of portugal 6000000852 at 0.03 m
spain,9000009302,remove,portugal,duplicate of portugal 6000000868 at 0.04 m
spain,9000009303,remove,portugal,duplicate of portugal 6000000869 at 0.03 m
spain,9000009424,reassign,france,new to france
spain,9000009958,remove,france,duplicate of france 1000125599 at 0.06 m
spain,9000009963,remove,france,duplicate of france 1000125606 at 0.02 m
spain,9000009992,remove,france,duplicate of france 1000125659 at 0.03 m
spain,9000010367,remove,portugal,duplicate of portugal 6000001068 at 0.04 m
spain,9000010638,remove,portugal,duplicate of portugal 6000001112 at 0.03 m
spain,9000010651,remove,portugal,duplicate of portugal 6000001116 at 0.04 m
spain,9000010765,remove,france,duplicate of france 1000127949 at 0.02 m
spain,9000010886,remove,france,duplicate of france 1000128123 at 0.06 m
spain,9000010895,remove,france,duplicate of france 1000128159 at 0.04 m
spain,9000011401,remove,france,duplicate of france 1000129072 at 0.03 m
spain,9000011430,remove,france,duplicate of france 1000129169 at 0.03 m
spain,9000011469,remove,portugal,duplicate of portugal 6000001233 at 0.04 m
spain,9000011534,remove,france,duplicate of france 1000129393 at 0.06 m
spain,9000011660,remove,portugal,duplicate of portugal 6000001265 at 2.26 m
spain,9000011802,remove,portugal,duplicate of portugal 6000001328 at 0.01 m
spain,9000011803,remove,portugal,duplicate of portugal 6000001329 at 0.04 m
spain,9000012123,reassign,france,new to france
spain,9000012846,remove,france,duplicate of france 1000131381 at 0.06 m
spain,9000012847,remove,france,duplicate of france 1000131382 at 0.03 m
spain,9000012848,remove,france,duplicate of france 1000131383 at 0.06 m
spain,9000012908,reassign,france,new to france
spain,9000012909,reassign,france,new to france
spain,9000012910,reassign,france,new to france
spain,9000013769,reassign,france,new to france
spain,9000013770,reassign,france,new to france
spain,9000013772,reassign,france,new to france
spain,9000014005,reassign,france,new to france
spain,9000014045,reassign,france,new to france
spain,9000014138,reassign,france,new to france
spain,9000014139,reassign,france,new to france
spain,9000014140,reassign,france,new to france
spain,9000014141,reassign,france,new to france
spain,9000014142,reassign,france,new to france
spain,9000014145,reassign,france,new to france
spain,9000014146,reassign,france,new to france
spain,9000014239,remove,france,duplicate of france 1000133082 at 0.01 m
spain,9000014289,reassign,france,new to france
spain,9000014290,reassign,france,new to france
spain,9000014291,reassign,france,new to france
spain,9000014586,remove,france,duplicate of france 1000133561 at 0.05 m
spain,9000014591,remove,france,duplicate of france 1000133565 at 0.01 m
spain,9000014592,remove,france,duplicate of france 1000133566 at 0.03 m
spain,9000014814,remove,portugal,duplicate of portugal 6000002042 at 3.16 m
spain,9000015023,remove,france,duplicate of france 1000134181 at 0.04 m
spain,9000015039,reassign,france,new to france
spain,9000015050,remove,france,duplicate of france 1000134239 at 0.07 m
spain,9000015171,reassign,france,new to france
spain,9000015628,reassign,france,new to france
spain,9000015633,remove,france,duplicate of france 1000135185 at 0.02 m
spain,9000015649,remove,france,duplicate of france 1000135209 at 0.03 m
spain,9000015651,remove,france,duplicate of france 1000135212 at 0.06 m
spain,9000015652,remove,france,duplicate of france 1000135213 at 0.02 m
spain,9000015653,remove,france,duplicate of france 1000135214 at 0.06 m
spain,9000015665,remove,france,duplicate of france 1000135226 at 0.04 m
spain,9000015668,remove,france,duplicate of france 1000135235 at 0.03 m
spain,9000015669,remove,france,duplicate of france 1000135236 at 0.05 m
spain,9000015670,remove,france,duplicate of france 1000135237 at 0.01 m
spain,9000015672,remove,france,duplicate of france 1000135243 at 0.05 m
spain,9000015673,remove,france,duplicate of france 1000135244 at 0.03 m
spain,9000015674,remove,france,duplicate of france 1000135245 at 0.04 m
spain,9000015675,remove,france,duplicate of france 1000135246 at 0.06 m
spain,9000015676,remove,france,duplicate of france 1000135247 at 0.03 m
spain,9000015679,remove,france,duplicate of france 1000135250 at 0.04 m
spain,9000015680,remove,france,duplicate of france 1000135251 at 0.03 m
spain,9000015681,remove,france,duplicate of france 1000135252 at 0.05 m
spain,9000015720,remove,france,duplicate of france 1000135299 at 0.05 m
spain,9000015915,remove,france,duplicate of france 1000135781 at 0.05 m
spain,9000015916,remove,france,duplicate of france 1000135782 at 0.03 m
spain,9000015937,remove,france,duplicate of france 1000135807 at 0.01 m
spain,9000016009,remove,portugal,duplicate of portugal 6000002443 at 0.05 m
spain,9000016010,remove,portugal,duplicate of portugal 6000002444 at 0.04 m
spain,9000016011,remove,portugal,duplicate of portugal 6000002445 at 0.03 m
spain,9000016012,remove,portugal,duplicate of portugal 6000002446 at 0.04 m
spain,9000016018,remove,portugal,duplicate of portugal 6000002452 at 0.00 m
spain,9000016301,remove,france,duplicate of france 1000136687 at 0.05 m
spain,9000016419,reassign,france,new to france
spain,9000016740,remove,france,duplicate of france 1000137192 at 0.02 m
spain,9000016884,remove,france,duplicate of france 1000137353 at 0.03 m
spain,9000017139,remove,portugal,duplicate of portugal 6000003548 at 0.05 m
spain,9000017668,remove,portugal,duplicate of portugal 6000004463 at 0.05 m
spain,9000017702,remove,portugal,duplicate of portugal 6000004545 at 0.05 m
spain,9000017825,remove,portugal,duplicate of portugal 6000004667 at 0.06 m
spain,9000017843,remove,portugal,duplicate of portugal 6000004675 at 0.06 m
spain,9000018091,remove,portugal,duplicate of portugal 6000004692 at 0.04 m
spain,9000018230,remove,portugal,duplicate of portugal 6000004924 at 0.04 m
spain,9000018410,reassign,france,new to france
spain,9000018446,remove,portugal,duplicate of portugal 6000005066 at 0.06 m
spain,9000018526,remove,portugal,duplicate of portugal 6000005110 at 0.07 m
spain,9000018609,remove,portugal,duplicate of portugal 6000005305 at 0.05 m
spain,9000018610,remove,portugal,duplicate of portugal 6000005326 at 0.02 m
spain,9000018612,remove,portugal,duplicate of portugal 6000005328 at 3.32 m
spain,9000018613,remove,portugal,duplicate of portugal 6000005334 at 0.03 m
spain,9000018614,remove,portugal,duplicate of portugal 6000005335 at 0.04 m
spain,9000018619,remove,portugal,duplicate of portugal 6000005359 at 0.03 m
spain,9000018620,remove,portugal,duplicate of portugal 6000005403 at 0.06 m
spain,9000018636,remove,portugal,duplicate of portugal 6000005461 at 0.04 m
spain,9000018638,remove,portugal,duplicate of portugal 6000005469 at 0.04 m
spain,9000018767,remove,france,duplicate of france 1000138570 at 0.04 m
spain,9000018768,remove,portugal,duplicate of portugal 6000006017 at 0.03 m
spain,9000019208,remove,portugal,duplicate of portugal 6000006626 at 0.04 m
spain,9000019262,remove,portugal,duplicate of portugal 6000007273 at 0.05 m
spain,9000019267,remove,portugal,duplicate of portugal 6000007278 at 0.05 m
spain,9000019278,remove,portugal,duplicate of portugal 6000007292 at 0.05 m
spain,9000019279,remove,portugal,duplicate of portugal 6000007293 at 0.05 m
spain,9000019280,remove,portugal,duplicate of portugal 6000007294 at 0.02 m
spain,9000019281,remove,portugal,duplicate of portugal 6000007295 at 0.03 m
spain,9000019282,remove,portugal,duplicate of portugal 6000007296 at 0.05 m
spain,9000019283,remove,portugal,duplicate of portugal 6000007297 at 0.07 m
spain,9000019338,remove,portugal,duplicate of portugal 6000007376 at 0.06 m
spain,9000019339,remove,portugal,duplicate of portugal 6000007377 at 0.01 m
spain,9000019340,remove,portugal,duplicate of portugal 6000007378 at 0.06 m
spain,9000019341,remove,portugal,duplicate of portugal 6000007379 at 0.04 m
spain,9000019348,remove,portugal,duplicate of portugal 6000007387 at 0.05 m
spain,9000019349,remove,portugal,duplicate of portugal 6000007388 at 0.05 m
spain,9000019350,remove,portugal,duplicate of portugal 6000007389 at 0.05 m
spain,9000019351,remove,portugal,duplicate of portugal 6000007390 at 0.03 m
spain,9000019352,remove,portugal,duplicate of portugal 6000007391 at 0.06 m
spain,9000019353,remove,portugal,duplicate of portugal 6000007392 at 0.03 m
spain,9000019354,remove,portugal,duplicate of portugal 6000007393 at 0.01 m
spain,9000019355,remove,portugal,duplicate of portugal 6000007394 at 0.06 m
spain,9000019356,remove,portugal,duplicate of portugal 6000007395 at 0.02 m
spain,9000019357,remove,portugal,duplicate of portugal 6000007396 at 0.03 m
spain,9000019358,remove,portugal,duplicate of portugal 6000007397 at 0.03 m
spain,9000019359,remove,portugal,duplicate of portugal 6000007398 at 0.06 m
spain,9000019360,remove,portugal,duplicate of portugal 6000007399 at 0.05 m
spain,9000019361,remove,portugal,duplicate of portugal 6000007400 at 0.01 m
spain,9000019362,remove,portugal,duplicate of portugal 6000007401 at 0.04 m
spain,9000019363,remove,portugal,duplicate of portugal 6000007402 at 0.02 m
spain,9000019364,remove,portugal,duplicate of portugal 6000007403 at 0.04 m
spain,9000019365,remove,portugal,duplicate of portugal 6000007404 at 0.06 m
spain,9000019366,remove,portugal,duplicate of portugal 6000007405 at 0.04 m
spain,9000019367,remove,portugal,duplicate of portugal 6000007406 at 2.92 m
spain,9000019368,remove,portugal,duplicate of portugal 6000007407 at 0.06 m
spain,9000019369,remove,portugal,duplicate of portugal 6000007408 at 0.04 m
spain,9000019370,remove,portugal,duplicate of portugal 6000007409 at 0.04 m
spain,9000019371,remove,portugal,duplicate of portugal 6000007410 at 0.05 m
spain,9000019372,remove,portugal,duplicate of portugal 6000007411 at 0.02 m
spain,9000019373,remove,portugal,duplicate of portugal 6000007412 at 0.03 m
spain,9000019374,remove,portugal,duplicate of portugal 6000007413 at 0.06 m
spain,9000019375,remove,portugal,duplicate of portugal 6000007414 at 0.03 m
spain,9000019376,remove,portugal,duplicate of portugal 6000007415 at 0.01 m
spain,9000019377,remove,portugal,duplicate of portugal 6000007423 at 0.05 m
spain,9000019378,remove,portugal,duplicate of portugal 6000007424 at 0.04 m
spain,9000019379,remove,portugal,duplicate of portugal 6000007425 at 0.02 m
spain,9000019380,remove,portugal,duplicate of portugal 6000007426 at 0.05 m
spain,9000019403,remove,portugal,duplicate of portugal 6000007451 at 0.03 m
spain,9000019488,remove,france,duplicate of france 1000139439 at 0.03 m
spain,9000019533,remove,france,duplicate of france 1000139716 at 0.01 m
spain,9000019534,remove,france,duplicate of france 1000139717 at 0.04 m
spain,9000019625,remove,france,duplicate of france 1000139869 at 0.06 m
spain,9000019957,remove,france,duplicate of france 1000140164 at 0.07 m
spain,9000019995,remove,france,duplicate of france 1000140178 at 0.04 m
spain,9000020681,remove,portugal,duplicate of portugal 6000010341 at 0.05 m
spain,9000021063,remove,portugal,duplicate of portugal 6000010925 at 0.03 m
spain,9000021119,remove,portugal,duplicate of portugal 6000011229 at 0.04 m
spain,9000021120,remove,portugal,duplicate of portugal 6000011230 at 0.04 m
spain,9000021127,remove,portugal,duplicate of portugal 6000011237 at 0.04 m
spain,9000021146,remove,portugal,duplicate of portugal 6000011255 at 0.04 m
spain,9000021148,remove,portugal,duplicate of portugal 6000011257 at 0.05 m
spain,9000021149,remove,portugal,duplicate of portugal 6000011258 at 0.03 m
spain,9000021150,remove,portugal,duplicate of portugal 6000011259 at 0.05 m
spain,9000021151,remove,portugal,duplicate of portugal 6000011260 at 0.06 m
spain,9000021171,remove,portugal,duplicate of portugal 6000011279 at 0.03 m
spain,9000021173,remove,portugal,duplicate of portugal 6000011281 at 0.04 m
spain,9000021174,remove,portugal,duplicate of portugal 6000011282 at 0.05 m
spain,9000021175,remove,portugal,duplicate of portugal 6000011283 at 0.05 m
spain,9000021176,remove,portugal,duplicate of portugal 6000011284 at 0.04 m
spain,9000021266,remove,portugal,duplicate of portugal 6000011400 at 0.06 m
spain,9000021271,remove,portugal,duplicate of portugal 6000011405 at 0.06 m
spain,9000021453,remove,portugal,duplicate of portugal 6000011583 at 0.03 m
spain,9000021454,remove,portugal,duplicate of portugal 6000011584 at 0.03 m
spain,9000021461,remove,portugal,duplicate of portugal 6000011591 at 0.04 m
spain,9000021462,remove,portugal,duplicate of portugal 6000011592 at 0.03 m
spain,9000021463,remove,portugal,duplicate of portugal 6000011593 at 0.06 m
spain,9000021464,remove,portugal,duplicate of portugal 6000011594 at 0.02 m
spain,9000021465,remove,portugal,duplicate of portugal 6000011595 at 0.02 m
spain,9000021476,remove,portugal,duplicate of portugal 6000011606 at 0.05 m
spain,9000021571,remove,portugal,duplicate of portugal 6000011683 at 0.04 m
spain,9000021585,remove,portugal,duplicate of portugal 6000011696 at 0.03 m
spain,9000021586,remove,portugal,duplicate of portugal 6000011697 at 0.01 m
spain,9000021589,remove,portugal,duplicate of portugal 6000011700 at 0.01 m
spain,9000021593,remove,portugal,duplicate of portugal 6000011704 at 0.04 m
spain,9000021594,remove,portugal,duplicate of portugal 6000011705 at 0.01 m
spain,9000021598,remove,portugal,duplicate of portugal 6000011706 at 0.04 m
spain,9000021599,remove,portugal,duplicate of portugal 6000011707 at 0.03 m
spain,9000021600,remove,portugal,duplicate of portugal 6000011708 at 0.03 m
spain,9000021601,remove,portugal,duplicate of portugal 6000011709 at 0.02 m
spain,9000021602,remove,portugal,duplicate of portugal 6000011710 at 0.05 m
spain,9000021603,remove,portugal,duplicate of portugal 6000011711 at 0.05 m
spain,9000021604,remove,portugal,duplicate of portugal 6000011712 at 0.02 m
spain,9000021605,remove,portugal,duplicate of portugal 6000011713 at 0.05 m
spain,9000021606,remove,portugal,duplicate of portugal 6000011714 at 0.01 m
spain,9000021607,remove,portugal,duplicate of portugal 6000011715 at 0.03 m
spain,9000021608,remove,portugal,duplicate of portugal 6000011716 at 0.05 m
spain,9000021614,remove,portugal,duplicate of portugal 6000011722 at 0.01 m
spain,9000021637,remove,portugal,duplicate of portugal 6000011741 at 0.06 m
spain,9000021643,remove,portugal,duplicate of portugal 6000011747 at 0.03 m
spain,9000021644,remove,portugal,duplicate of portugal 6000011748 at 0.02 m
spain,9000021662,remove,portugal,duplicate of portugal 6000011766 at 0.06 m
spain,9000021799,remove,portugal,duplicate of portugal 6000011903 at 0.01 m
spain,9000021800,remove,portugal,duplicate of portugal 6000011904 at 0.04 m
spain,9000021801,remove,portugal,duplicate of portugal 6000011905 at 0.04 m
spain,9000021807,remove,portugal,duplicate of portugal 6000011911 at 0.00 m
spain,9000022052,remove,portugal,duplicate of portugal 6000012356 at 0.03 m
spain,9000022109,remove,portugal,duplicate of portugal 6000013815 at 0.02 m
spain,9000022123,remove,portugal,duplicate of portugal 6000013821 at 0.05 m
spain,9000023560,remove,portugal,duplicate of portugal 6000002165 at 0.03 m
spain,9000024328,remove,portugal,duplicate of portugal 6000005661 at 0.04 m
spain,9000024366,remove,portugal,duplicate of portugal 6000005990 at 0.01 m
spain,9000024370,remove,portugal,duplicate of portugal 6000005997 at 0.06 m
spain,9000024371,remove,portugal,duplicate of portugal 6000005998 at 0.05 m
spain,9000024373,remove,portugal,duplicate of portugal 6000006000 at 0.01 m
spain,9000024495,remove,portugal,duplicate of portugal 6000007416 at 0.03 m
spain,9000024496,remove,portugal,duplicate of portugal 6000007417 at 0.06 m
spain,9000024497,remove,portugal,duplicate of portugal 6000007418 at 0.03 m
spain,9000024498,remove,portugal,duplicate of portugal 6000007419 at 0.06 m
spain,9000024501,remove,portugal,duplicate of portugal 6000007422 at 0.05 m
spain,9000024520,remove,portugal,duplicate of portugal 6000007530 at 0.06 m
spain,9000024521,remove,portugal,duplicate of portugal 6000007540 at 0.00 m
spain,9000024522,remove,portugal,duplicate of portugal 6000007541 at 0.03 m
spain,9000024533,remove,portugal,duplicate of portugal 6000007554 at 0.06 m
spain,9000024675,remove,portugal,duplicate of portugal 6000007777 at 0.04 m
spain,9000024676,remove,portugal,duplicate of portugal 6000007778 at 0.03 m
spain,9000024677,remove,portugal,duplicate of portugal 6000007779 at 0.05 m
spain,9000024683,remove,portugal,duplicate of portugal 6000007784 at 0.03 m
spain,9000024684,remove,portugal,duplicate of portugal 6000007785 at 0.04 m
spain,9000024685,remove,portugal,duplicate of portugal 6000007786 at 0.02 m
spain,9000024689,remove,portugal,duplicate of portugal 6000007788 at 0.03 m
spain,9000024691,remove,portugal,duplicate of portugal 6000007791 at 0.03 m
spain,9000025001,remove,portugal,duplicate of portugal 6000011323 at 0.03 m
spain,9000025002,remove,portugal,duplicate of portugal 6000011324 at 0.05 m
spain,9000025003,remove,portugal,duplicate of portugal 6000011325 at 0.03 m
spain,9000025004,remove,portugal,duplicate of portugal 6000011326 at 0.03 m
spain,9000025006,remove,portugal,duplicate of portugal 6000011328 at 0.05 m
spain,9000025007,remove,portugal,duplicate of portugal 6000011329 at 0.06 m
spain,9000026253,remove,portugal,duplicate of portugal 6000001630 at 0.06 m
spain,9000026690,remove,portugal,duplicate of portugal 6000001971 at 0.00 m
spain,9000028290,remove,portugal,duplicate of portugal 6000005206 at 0.06 m
spain,9000028291,remove,portugal,duplicate of portugal 6000005207 at 0.02 m
spain,9000028302,remove,portugal,duplicate of portugal 6000005225 at 0.03 m
spain,9000028308,remove,portugal,duplicate of portugal 6000005236 at 0.01 m
spain,9000028336,remove,portugal,duplicate of portugal 6000005387 at 0.05 m
spain,9000028338,remove,portugal,duplicate of portugal 6000005400 at 0.05 m
spain,9000028378,remove,portugal,duplicate of portugal 6000005624 at 0.03 m
spain,9000028385,remove,portugal,duplicate of portugal 6000005636 at 0.04 m
spain,9000028386,remove,portugal,duplicate of portugal 6000005637 at 0.04 m
spain,9000028395,remove,portugal,duplicate of portugal 6000005651 at 0.04 m
spain,9000028396,remove,portugal,duplicate of portugal 6000005652 at 0.04 m
spain,9000028411,reassign,uk,new to uk
spain,9000028920,remove,portugal,duplicate of portugal 6000012339 at 0.03 m
sweden,5000006483,remove,finland,duplicate of finland FI_212697677 at 0.00 m
sweden,5000006498,remove,finland,duplicate of finland FI_215479048 at 0.00 m
sweden,5000007084,remove,finland,duplicate of finland FI_375670534 at 0.00 m
sweden,5000007126,remove,finland,duplicate of finland FI_397651041 at 0.00 m
sweden,5000007357,remove,norway,duplicate of norway NO_105062 at 0.00 m
sweden,5000008815,remove,finland,duplicate of finland FI_921724614 at 0.00 m
sweden,5000009031,remove,norway,duplicate of norway NO_101480 at 0.00 m
sweden,5000009032,remove,norway,duplicate of norway NO_101481 at 0.00 m
sweden,5000009355,remove,finland,duplicate of finland FI_1039046637 at 0.00 m
sweden,5000009360,remove,finland,duplicate of finland FI_1044077666 at 0.00 m
sweden,5000009527,remove,finland,duplicate of finland FI_1105909454 at 0.00 m
sweden,5000010391,reassign,norway,new to norway
sweden,5000011113,remove,norway,duplicate of norway NO_103583 at 0.00 m
turkey,TR-TR-0415,remove,SY,containing state SY has no fleet in this cohort
turkey,TR-TR-2721,remove,SY,containing state SY has no fleet in this cohort
turkey,TR-TR-3355,remove,SY,containing state SY has no fleet in this cohort
uk,UK_5000021803,reassign,ireland,new to ireland
uk,UK_osm_way_1051711001,remove,ireland,duplicate of ireland IE_100853 at 0.00 m
uk,UK_osm_way_1053165851,remove,ireland,duplicate of ireland IE_100129 at 0.00 m
uk,UK_osm_way_1234355853,remove,ireland,duplicate of ireland IE_100133 at 0.00 m
uk,UK_osm_way_1239669668,remove,ireland,duplicate of ireland IE_100238 at 0.00 m
uk,UK_osm_way_183084855,remove,ireland,duplicate of ireland IE_100840 at 0.00 m
uk,UK_osm_way_183986059,remove,ireland,duplicate of ireland IE_100180 at 0.00 m
uk,UK_osm_way_199125367,remove,ireland,duplicate of ireland IE_100108 at 0.00 m
uk,UK_osm_way_445416004,remove,ireland,duplicate of ireland IE_100116 at 0.00 m
uk,UK_osm_way_489568107,remove,ireland,duplicate of ireland IE_100119 at 0.00 m
us,120000000241,remove,canada,duplicate of canada CA_819675577 at 0.42 m
us,120000001025,remove,canada,duplicate of canada CA_66782544 at 0.45 m
us,120000001206,remove,canada,duplicate of canada CA_77025816 at 0.22 m
us,120000001208,reassign,canada,new to canada
us,120000001522,remove,canada,duplicate of canada CA_92196030 at 0.45 m
us,120000001523,remove,canada,duplicate of canada CA_92197103 at 0.33 m
us,120000001875,remove,canada,duplicate of canada CA_105427348 at 0.47 m
us,120000001983,reassign,canada,new to canada
us,120000002169,remove,canada,duplicate of canada CA_136598751 at 0.08 m
us,120000002821,remove,canada,duplicate of canada CA_151674562 at 0.24 m
us,120000002860,reassign,canada,new to canada
us,120000002861,reassign,canada,new to canada
us,120000002967,remove,canada,duplicate of canada CA_167518760 at 0.33 m
us,120000002988,remove,canada,duplicate of canada CA_167882585 at 0.64 m
us,120000003174,remove,canada,duplicate of canada CA_176413924 at 0.47 m
us,120000004042,remove,canada,duplicate of canada CA_273634028 at 0.08 m
us,120000004125,remove,canada,duplicate of canada CA_288050250 at 0.41 m
us,120000004189,remove,canada,duplicate of canada CA_299575732 at 0.47 m
us,120000004309,remove,canada,duplicate of canada CA_321930381 at 0.45 m
us,120000004352,remove,canada,duplicate of canada CA_326259233 at 0.45 m
us,120000004380,remove,canada,duplicate of canada CA_330592637 at 0.45 m
us,120000004866,remove,canada,duplicate of canada CA_409755306 at 0.47 m
us,120000004971,remove,canada,duplicate of canada CA_434814779 at 0.32 m
us,120000005194,remove,canada,duplicate of canada CA_480542158 at 0.41 m
us,120000005453,remove,canada,duplicate of canada CA_542998846 at 0.45 m
us,120000005488,remove,canada,duplicate of canada CA_549197732 at 0.37 m
us,120000005497,remove,canada,duplicate of canada CA_549203007 at 0.34 m
us,120000005501,remove,canada,duplicate of canada CA_549203011 at 0.37 m
us,120000005504,remove,canada,duplicate of canada CA_549203014 at 0.24 m
us,120000005505,remove,canada,duplicate of canada CA_549203015 at 0.34 m
us,120000005506,remove,canada,duplicate of canada CA_549203016 at 0.22 m
us,120000005507,remove,canada,duplicate of canada CA_549203017 at 0.24 m
us,120000005510,remove,canada,duplicate of canada CA_549203021 at 0.34 m
us,120000005832,remove,canada,duplicate of canada CA_637217245 at 0.33 m
us,120000005854,remove,canada,duplicate of canada CA_640017066 at 0.39 m
us,120000005877,remove,canada,duplicate of canada CA_646669635 at 0.26 m
us,120000006050,remove,canada,duplicate of canada CA_677119035 at 0.26 m
us,120000006051,remove,canada,duplicate of canada CA_677137289 at 0.39 m
us,120000006060,remove,canada,duplicate of canada CA_680211619 at 0.47 m
us,120000006061,remove,canada,duplicate of canada CA_680252727 at 0.50 m
us,120000006062,remove,canada,duplicate of canada CA_680403049 at 0.50 m
us,120000006063,remove,canada,duplicate of canada CA_680470261 at 0.46 m
us,120000006070,remove,canada,duplicate of canada CA_682313152 at 0.46 m
us,120000006079,remove,canada,duplicate of canada CA_682791801 at 0.24 m
us,120000006133,remove,canada,duplicate of canada CA_689403376 at 0.22 m
us,120000006266,remove,canada,duplicate of canada CA_720943178 at 0.45 m
us,120000006551,remove,canada,duplicate of canada CA_779461955 at 0.46 m
us,120000006552,remove,canada,duplicate of canada CA_780735477 at 0.52 m
us,120000006698,reassign,canada,new to canada
us,120000006945,remove,canada,duplicate of canada CA_842263582 at 0.37 m
us,120000006946,remove,canada,duplicate of canada CA_842268967 at 0.41 m
us,120000006950,remove,canada,duplicate of canada CA_842370656 at 0.22 m
us,120000006952,remove,canada,duplicate of canada CA_842427845 at 0.33 m
us,120000006955,remove,canada,duplicate of canada CA_842427857 at 0.50 m
us,120000006978,remove,canada,duplicate of canada CA_842899642 at 0.39 m
us,120000006981,remove,canada,duplicate of canada CA_842913747 at 0.46 m
us,120000007038,remove,canada,duplicate of canada CA_845494560 at 0.45 m
us,120000007068,remove,canada,duplicate of canada CA_846757422 at 0.00 m
us,120000007102,remove,canada,duplicate of canada CA_852331688 at 0.55 m
us,120000007468,remove,canada,duplicate of canada CA_931488178 at 0.37 m
us,120000007626,remove,canada,duplicate of canada CA_985619497 at 0.47 m
us,120000008029,remove,canada,duplicate of canada CA_1071852026 at 0.45 m
us,120000008135,remove,canada,duplicate of canada CA_1093613217 at 0.27 m
us,120000008413,remove,canada,duplicate of canada CA_1135602368 at 0.60 m
us,120000008414,remove,canada,duplicate of canada CA_1135602369 at 0.45 m
us,120000008415,remove,canada,duplicate of canada CA_1135602370 at 0.56 m
us,120000008443,remove,canada,duplicate of canada CA_1146846134 at 0.20 m
us,120000009985,remove,canada,duplicate of canada CA_1272939292 at 0.32 m
us,120000009986,remove,canada,duplicate of canada CA_1272939297 at 0.45 m
us,120000010475,remove,canada,duplicate of canada CA_1339055373 at 0.32 m
us,120000010476,remove,canada,duplicate of canada CA_1339055382 at 0.34 m
us,120000010478,remove,canada,duplicate of canada CA_1339064617 at 0.37 m
us,120000010479,remove,canada,duplicate of canada CA_1339090712 at 0.31 m
us,120000010480,remove,canada,duplicate of canada CA_1339090716 at 0.39 m
us,120000010481,remove,canada,duplicate of canada CA_1339090722 at 0.55 m
us,120000010482,remove,canada,duplicate of canada CA_1339105388 at 0.37 m
us,120000010483,remove,canada,duplicate of canada CA_1339105389 at 0.08 m
us,120000010485,remove,canada,duplicate of canada CA_1339125471 at 0.34 m
us,120000010486,remove,canada,duplicate of canada CA_1339125472 at 0.60 m
us,120000010487,remove,canada,duplicate of canada CA_1339125474 at 0.50 m
us,120000010488,remove,canada,duplicate of canada CA_1339125476 at 0.19 m
us,120000010489,remove,canada,duplicate of canada CA_1339146781 at 0.46 m
us,120000010490,remove,canada,duplicate of canada CA_1339155697 at 0.19 m
us,120000010491,remove,canada,duplicate of canada CA_1339155698 at 0.19 m
us,120000010522,remove,canada,duplicate of canada CA_1347232151 at 0.37 m
us,120000010523,remove,canada,duplicate of canada CA_1347232159 at 0.19 m
us,120000010524,remove,canada,duplicate of canada CA_1347232161 at 0.40 m
us,120000010525,remove,canada,duplicate of canada CA_1347232163 at 0.50 m
us,120000010526,remove,canada,duplicate of canada CA_1347232165 at 0.08 m
us,120000010527,remove,canada,duplicate of canada CA_1347232169 at 0.45 m
us,120000010528,remove,canada,duplicate of canada CA_1347306982 at 0.34 m
us,120000010529,remove,canada,duplicate of canada CA_1347311114 at 0.34 m
us,120000010530,remove,canada,duplicate of canada CA_1347329001 at 0.37 m
us,120000010531,remove,canada,duplicate of canada CA_1347329006 at 0.39 m
us,120000010532,remove,canada,duplicate of canada CA_1347329010 at 0.24 m
us,120000010533,remove,canada,duplicate of canada CA_1347329013 at 0.26 m
us,120000010534,remove,canada,duplicate of canada CA_1347329015 at 0.50 m
us,120000010535,remove,canada,duplicate of canada CA_1347329017 at 0.37 m
us,120000010539,remove,canada,duplicate of canada CA_1347329038 at 0.56 m
us,120000010540,remove,canada,duplicate of canada CA_1347364429 at 0.46 m
us,120000010541,remove,canada,duplicate of canada CA_1347364435 at 0.37 m
us,120000010542,remove,canada,duplicate of canada CA_1347364437 at 0.24 m
us,120000010558,remove,canada,duplicate of canada CA_1347720416 at 0.26 m
us,120000010559,remove,canada,duplicate of canada CA_1347777087 at 0.51 m
us,120000010560,remove,canada,duplicate of canada CA_1347777089 at 0.47 m
us,120000010561,remove,canada,duplicate of canada CA_1347797847 at 0.39 m
us,120000010635,remove,canada,duplicate of canada CA_1358357772 at 0.45 m
us,120000010639,remove,canada,duplicate of canada CA_1360110102 at 0.16 m
us,120000010640,remove,canada,duplicate of canada CA_1360222579 at 0.33 m
us,120000010642,remove,canada,duplicate of canada CA_1360405029 at 0.24 m
us,120000010643,remove,canada,duplicate of canada CA_1360405032 at 0.34 m
us,120000010644,remove,canada,duplicate of canada CA_1360754109 at 0.14 m
us,120000011214,remove,canada,duplicate of canada CA_1472378539 at 0.34 m
us,120000034923,remove,canada,duplicate of canada CA_2158181226 at 0.56 m
us,120000034927,remove,canada,duplicate of canada CA_2166048019 at 0.35 m
us,120000034928,remove,canada,duplicate of canada CA_2168221593 at 0.47 m
us,120000034931,remove,canada,duplicate of canada CA_2193395619 at 0.51 m
us,120000034933,remove,canada,duplicate of canada CA_2215319712 at 0.60 m
us,120000034963,remove,canada,duplicate of canada CA_2703384742 at 0.23 m
us,120000036057,remove,canada,duplicate of canada CA_104743847 at 0.67 m
us,120000036163,remove,canada,duplicate of canada CA_117894812 at 0.37 m
us,120000036164,remove,canada,duplicate of canada CA_117894868 at 0.39 m
us,120000036166,remove,canada,duplicate of canada CA_117946953 at 0.47 m
us,120000036167,remove,canada,duplicate of canada CA_117955755 at 0.47 m
us,120000036295,remove,canada,duplicate of canada CA_129075328 at 0.58 m
us,120000036470,remove,canada,duplicate of canada CA_147600902 at 0.25 m
us,120000036471,remove,canada,duplicate of canada CA_147608068 at 0.65 m
us,120000038126,remove,canada,duplicate of canada CA_211544284 at 0.20 m
us,120000038127,remove,canada,duplicate of canada CA_211544390 at 0.34 m
us,120000038939,remove,canada,duplicate of canada CA_264949717 at 0.19 m
us,120000038940,remove,canada,duplicate of canada CA_264969866 at 0.31 m
us,120000038941,remove,canada,duplicate of canada CA_264970009 at 0.26 m
us,120000038942,remove,canada,duplicate of canada CA_264970040 at 0.41 m
us,120000038943,reassign,canada,new to canada
us,120000039029,reassign,canada,new to canada
us,120000040299,remove,canada,duplicate of canada CA_383308266 at 0.23 m
us,120000042036,remove,canada,duplicate of canada CA_516478609 at 0.47 m
us,120000042393,remove,canada,duplicate of canada CA_564807905 at 0.45 m
us,120000042630,reassign,canada,new to canada
us,120000042733,remove,canada,duplicate of canada CA_610225471 at 0.47 m
us,120000042783,remove,canada,duplicate of canada CA_615021888 at 0.27 m
us,120000043184,remove,canada,duplicate of canada CA_658016722 at 0.55 m
us,120000043579,remove,canada,duplicate of canada CA_687979938 at 0.51 m
us,120000044057,remove,canada,duplicate of canada CA_750529293 at 0.14 m
us,120000044465,remove,canada,duplicate of canada CA_803065916 at 0.58 m
us,120000044466,remove,canada,duplicate of canada CA_803065926 at 0.56 m
us,120000045677,remove,canada,duplicate of canada CA_945453252 at 0.34 m
us,120000045708,remove,canada,duplicate of canada CA_953623013 at 0.07 m
us,120000045911,remove,canada,duplicate of canada CA_988856892 at 0.55 m
us,120000046966,remove,canada,duplicate of canada CA_1071280778 at 0.42 m
us,120000047908,remove,canada,duplicate of canada CA_1157023994 at 0.51 m
us,120000049401,remove,canada,duplicate of canada CA_1215471371 at 0.34 m
us,120000052475,reassign,canada,new to canada
us,120000053125,remove,canada,duplicate of canada CA_1472362928 at 0.34 m
us,120000053128,remove,canada,duplicate of canada CA_1472362932 at 0.29 m
us,120000053237,remove,canada,duplicate of canada CA_1478523182 at 0.47 m
us,120000054888,reassign,canada,new to canada
us,120000054889,reassign,canada,new to canada
us,120000071397,remove,mexico,duplicate of mexico MX_02376 at 2.45 m
us,120000071401,remove,mexico,duplicate of mexico MX_02377 at 0.73 m
us,120000071440,remove,mexico,duplicate of mexico MX_v43_53b2be6106c0 at 0.05 m
us,120000071442,remove,mexico,duplicate of mexico MX_v43_bd97fe90702c at 0.04 m
us,120000071443,remove,mexico,duplicate of mexico MX_v43_fb4cdf035e3c at 0.02 m
us,120000071444,remove,mexico,duplicate of mexico MX_v43_70ef85f3f32f at 0.04 m
us,120000071466,remove,mexico,duplicate of mexico MX_01930 at 0.00 m
us,120000071467,remove,mexico,duplicate of mexico MX_01931 at 0.00 m
us,120000071471,remove,mexico,duplicate of mexico MX_02671 at 0.00 m
us,120000071718,remove,mexico,duplicate of mexico MX_02380 at 0.00 m
us,120000071720,reassign,mexico,new to mexico
us,120000072808,remove,mexico,duplicate of mexico MX_01960 at 0.00 m
us,120000075343,remove,mexico,duplicate of mexico MX_02427 at 21.37 m
us,120000075701,remove,mexico,duplicate of mexico MX_01997 at 0.00 m
us,120000076194,remove,mexico,duplicate of mexico MX_02435 at 0.00 m
us,120000076210,remove,mexico,duplicate of mexico MX_02437 at 0.00 m
us,120000076403,remove,mexico,duplicate of mexico MX_02442 at 0.00 m
us,120000076558,remove,mexico,duplicate of mexico MX_02460 at 0.00 m
us,120000076587,remove,mexico,duplicate of mexico MX_02463 at 0.00 m
us,120000076653,remove,mexico,duplicate of mexico MX_02471 at 0.00 m
us,120000076654,remove,mexico,duplicate of mexico MX_02472 at 0.00 m
us,120000076951,remove,mexico,duplicate of mexico MX_02477 at 0.00 m
us,120000077433,remove,mexico,duplicate of mexico MX_v43_0806fd978d89 at 0.05 m
us,120000077716,remove,mexico,duplicate of mexico MX_02494 at 0.00 m
us,120000077718,remove,mexico,duplicate of mexico MX_02496 at 0.00 m
us,120000077731,remove,mexico,duplicate of mexico MX_02500 at 0.00 m
us,120000077923,remove,mexico,duplicate of mexico MX_02157 at 0.00 m
us,120000077937,remove,mexico,duplicate of mexico MX_v43_388021acc88d at 0.05 m
us,120000077947,remove,mexico,duplicate of mexico MX_v43_ccf53d6185c8 at 0.04 m
us,120000077961,remove,mexico,duplicate of mexico MX_02195 at 0.00 m
us,120000077962,remove,mexico,duplicate of mexico MX_02715 at 0.00 m
us,120000078312,remove,mexico,duplicate of mexico MX_02222 at 0.00 m
us,120000078866,remove,mexico,duplicate of mexico MX_02552 at 0.00 m
us,120000078969,remove,mexico,duplicate of mexico MX_02556 at 0.00 m
us,120000080027,remove,mexico,duplicate of mexico MX_01257 at 0.00 m
us,120000080029,remove,mexico,duplicate of mexico MX_01268 at 0.00 m
us,120000085073,reassign,mexico,new to mexico
us,120000085601,remove,mexico,duplicate of mexico MX_01784 at 0.00 m
us,120000086284,remove,mexico,duplicate of mexico MX_02554 at 0.00 m
us,120000093008,remove,mexico,duplicate of mexico MX_v43_f2e7d1a05d93 at 0.04 m
us,120000093568,remove,mexico,duplicate of mexico MX_v43_ddd1ec16e968 at 0.06 m
us,120000093569,reassign,mexico,new to mexico
us,120000093572,remove,mexico,duplicate of mexico MX_v43_c69fba5f0a8f at 0.07 m
us,120000093574,remove,mexico,duplicate of mexico MX_v43_bd52708c56ad at 0.03 m
us,120000093577,remove,mexico,duplicate of mexico MX_03041 at 0.00 m
us,120000093580,remove,mexico,duplicate of mexico MX_v43_757e67c2c2ce at 0.04 m
us,120000093581,remove,mexico,duplicate of mexico MX_v43_45d861980220 at 0.05 m
us,120000093582,remove,mexico,duplicate of mexico MX_v43_91b7c82705fb at 0.04 m
us,120000094367,remove,mexico,duplicate of mexico MX_v43_be99bdce9033 at 0.06 m
us,120000094368,reassign,mexico,new to mexico
us,120000094583,remove,mexico,duplicate of mexico MX_v43_f1201edcc712 at 0.03 m
us,120000094584,remove,mexico,duplicate of mexico MX_v43_12336b8d2279 at 0.03 m
us,120000094587,remove,mexico,duplicate of mexico MX_v43_b067ea9c064d at 0.05 m
us,120000094588,reassign,mexico,new to mexico
us,120000094589,remove,mexico,duplicate of mexico MX_v43_333a40cfcb62 at 0.01 m
us,120000095063,remove,mexico,duplicate of mexico MX_v43_bda3acffcaef at 0.06 m
us,120000095064,remove,mexico,duplicate of mexico MX_v43_f5521a84107a at 0.02 m
us,120000095065,remove,mexico,duplicate of mexico MX_v43_9e789e28b4c9 at 0.02 m
us,120000095066,remove,mexico,duplicate of mexico MX_v43_90b2fb9e7913 at 0.06 m
us,120000095067,remove,mexico,duplicate of mexico MX_v43_1bf30626e78d at 0.04 m
us,120000095068,remove,mexico,duplicate of mexico MX_v43_dfd0f0625d18 at 0.03 m
us,120000095069,remove,mexico,duplicate of mexico MX_v43_e758a2c6a686 at 0.02 m
us,120000095070,remove,mexico,duplicate of mexico MX_v43_f1653c1d44a7 at 0.05 m
us,120000095073,remove,mexico,duplicate of mexico MX_v43_2dfc21b029ec at 0.06 m
us,120000095090,reassign,mexico,new to mexico
us,120000095188,remove,mexico,duplicate of mexico MX_v43_29835e6a0736 at 0.05 m
us,120000095279,remove,mexico,duplicate of mexico MX_03090 at 0.00 m
us,120000095349,remove,mexico,duplicate of mexico MX_03096 at 0.00 m
us,120000095387,remove,mexico,duplicate of mexico MX_03097 at 0.00 m
us,120000095601,remove,mexico,duplicate of mexico MX_03105 at 0.00 m
us,120000095609,reassign,mexico,new to mexico
us,120000095610,remove,mexico,duplicate of mexico MX_03115 at 0.00 m
us,120000096012,reassign,mexico,new to mexico
us,120000096013,remove,mexico,duplicate of mexico MX_v43_a05629b38ee6 at 0.06 m
us,120000096016,reassign,mexico,new to mexico
us,120000096017,remove,mexico,duplicate of mexico MX_v43_22f5b470baf6 at 0.04 m
us,120000096018,remove,mexico,duplicate of mexico MX_v43_eb98283a9edd at 0.05 m
us,120000096184,remove,mexico,duplicate of mexico MX_v43_0ae34236e6b3 at 0.04 m
us,120000096843,remove,mexico,duplicate of mexico MX_v43_bd319233685f at 0.06 m
us,120000096844,remove,mexico,duplicate of mexico MX_v43_16f9c4bb0348 at 0.03 m
us,120000096845,remove,mexico,duplicate of mexico MX_v43_e9003a5a30c2 at 0.03 m
us,120000097696,remove,mexico,duplicate of mexico MX_v43_edb64b31b4f6 at 0.06 m
us,120000100583,remove,canada,duplicate of canada CA_610199854 at 0.51 m
us,120000100650,remove,canada,duplicate of canada CA_983418023 at 0.06 m
us,120000100652,remove,canada,duplicate of canada CA_983418026 at 0.36 m
