lon,lat,pga_g
15.0750,54.9750,0.0100
19.9750,54.9750,0.0269
20.0250,54.9750,0.0269
20.0750,54.9750,0.0274
20.1250,54.9750,0.0274
20.1750,54.9750,0.0275
20.2250,54.9750,0.0275
20.2750,54.9750,0.0276
20.3250,54.9750,0.0276
20.4250,54.9750,0.0279
20.4750,54.9750,0.0279
20.5250,54.9750,0.0282
20.5750,54.9750,0.0282
20.7750,54.9750,0.0277
21.2250,54.9750,0.0267
21.2750,54.9750,0.0265
21.3250,54.9750,0.0265
21.3750,54.9750,0.0262
21.4250,54.9750,0.0256
21.4750,54.9750,0.0252
21.5250,54.9750,0.0250
21.5750,54.9750,0.0245
21.6250,54.9750,0.0242
21.6750,54.9750,0.0239
21.7250,54.9750,0.0236
21.7750,54.9750,0.0236
21.8250,54.9750,0.0231
21.8750,54.9750,0.0231
21.9250,54.9750,0.0225
21.9750,54.9750,0.0221
22.0250,54.9750,0.0221
22.0750,54.9750,0.0215
22.1250,54.9750,0.0215
22.1750,54.9750,0.0212
22.2250,54.9750,0.0207
22.2750,54.9750,0.0206
22.3250,54.9750,0.0200
22.3750,54.9750,0.0200
22.4250,54.9750,0.0196
22.4750,54.9750,0.0194
22.5250,54.9750,0.0191
22.5750,54.9750,0.0190
22.6250,54.9750,0.0187
22.6750,54.9750,0.0185
22.7250,54.9750,0.0185
22.7750,54.9750,0.0182
22.8250,54.9750,0.0182
22.8750,54.9750,0.0178
22.9250,54.9750,0.0176
22.9750,54.9750,0.0176
23.0250,54.9750,0.0172
23.0750,54.9750,0.0172
23.1250,54.9750,0.0169
23.1750,54.9750,0.0167
23.2250,54.9750,0.0165
23.2750,54.9750,0.0161
23.3250,54.9750,0.0160
23.3750,54.9750,0.0157
23.4250,54.9750,0.0156
23.4750,54.9750,0.0151
23.5250,54.9750,0.0151
23.5750,54.9750,0.0144
23.6250,54.9750,0.0141
23.6750,54.9750,0.0141
23.7250,54.9750,0.0136
23.7750,54.9750,0.0136
23.8250,54.9750,0.0132
23.8750,54.9750,0.0130
23.9250,54.9750,0.0126
23.9750,54.9750,0.0119
24.0250,54.9750,0.0119
24.0750,54.9750,0.0114
24.1250,54.9750,0.0113
24.1750,54.9750,0.0108
19.9250,54.9250,0.0264
19.9750,54.9250,0.0269
20.0250,54.9250,0.0269
20.0750,54.9250,0.0274
20.1250,54.9250,0.0272
20.1750,54.9250,0.0275
20.2250,54.9250,0.0275
20.2750,54.9250,0.0276
20.3250,54.9250,0.0276
20.3750,54.9250,0.0277
20.4250,54.9250,0.0279
20.4750,54.9250,0.0279
20.5250,54.9250,0.0279
20.5750,54.9250,0.0279
20.6250,54.9250,0.0277
20.6750,54.9250,0.0277
20.7250,54.9250,0.0276
20.7750,54.9250,0.0277
20.8250,54.9250,0.0277
20.8750,54.9250,0.0276
20.9250,54.9250,0.0276
20.9750,54.9250,0.0273
21.0250,54.9250,0.0273
21.0750,54.9250,0.0269
21.1250,54.9250,0.0268
21.1750,54.9250,0.0268
21.2250,54.9250,0.0267
21.2750,54.9250,0.0265
21.3250,54.9250,0.0259
21.3750,54.9250,0.0256
21.4250,54.9250,0.0250
21.4750,54.9250,0.0247
21.5250,54.9250,0.0247
21.5750,54.9250,0.0241
21.6250,54.9250,0.0241
21.6750,54.9250,0.0235
21.7250,54.9250,0.0233
21.7750,54.9250,0.0233
21.8250,54.9250,0.0227
21.8750,54.9250,0.0227
21.9250,54.9250,0.0224
21.9750,54.9250,0.0221
22.0250,54.9250,0.0218
22.0750,54.9250,0.0212
22.1250,54.9250,0.0212
22.1750,54.9250,0.0209
22.2250,54.9250,0.0205
22.2750,54.9250,0.0202
22.3250,54.9250,0.0202
22.3750,54.9250,0.0196
22.4250,54.9250,0.0194
22.4750,54.9250,0.0193
22.5250,54.9250,0.0189
22.5750,54.9250,0.0189
22.6250,54.9250,0.0185
22.6750,54.9250,0.0185
22.7250,54.9250,0.0183
22.7750,54.9250,0.0180
22.8250,54.9250,0.0180
22.8750,54.9250,0.0178
22.9250,54.9250,0.0176
22.9750,54.9250,0.0175
23.0250,54.9250,0.0171
23.0750,54.9250,0.0170
23.1250,54.9250,0.0167
23.1750,54.9250,0.0165
23.2250,54.9250,0.0163
23.2750,54.9250,0.0163
23.3250,54.9250,0.0157
23.3750,54.9250,0.0155
23.4250,54.9250,0.0155
23.4750,54.9250,0.0148
23.5250,54.9250,0.0148
23.5750,54.9250,0.0142
23.6250,54.9250,0.0142
23.6750,54.9250,0.0139
23.7250,54.9250,0.0134
23.7750,54.9250,0.0134
23.8250,54.9250,0.0130
23.8750,54.9250,0.0127
23.9250,54.9250,0.0123
23.9750,54.9250,0.0123
24.0250,54.9250,0.0116
24.0750,54.9250,0.0111
24.1250,54.9250,0.0111
24.1750,54.9250,0.0106
19.9250,54.8750,0.0264
19.9750,54.8750,0.0264
20.0250,54.8750,0.0267
20.0750,54.8750,0.0267
20.1250,54.8750,0.0269
20.1750,54.8750,0.0273
20.2250,54.8750,0.0273
20.2750,54.8750,0.0273
20.3250,54.8750,0.0273
20.3750,54.8750,0.0273
20.4250,54.8750,0.0274
20.4750,54.8750,0.0276
20.5250,54.8750,0.0275
20.5750,54.8750,0.0275
20.6250,54.8750,0.0276
20.6750,54.8750,0.0274
20.7250,54.8750,0.0276
20.7750,54.8750,0.0273
20.8250,54.8750,0.0273
20.8750,54.8750,0.0276
20.9250,54.8750,0.0272
20.9750,54.8750,0.0273
21.0250,54.8750,0.0272
21.0750,54.8750,0.0269
21.1250,54.8750,0.0269
21.1750,54.8750,0.0264
21.2250,54.8750,0.0262
21.2750,54.8750,0.0262
21.3250,54.8750,0.0254
21.3750,54.8750,0.0254
21.4250,54.8750,0.0245
21.4750,54.8750,0.0244
21.5250,54.8750,0.0243
21.5750,54.8750,0.0238
21.6250,54.8750,0.0238
21.6750,54.8750,0.0235
21.7250,54.8750,0.0231
21.7750,54.8750,0.0230
21.8250,54.8750,0.0224
21.8750,54.8750,0.0224
21.9250,54.8750,0.0221
21.9750,54.8750,0.0218
22.0250,54.8750,0.0215
22.0750,54.8750,0.0215
22.1250,54.8750,0.0209
22.1750,54.8750,0.0206
22.2250,54.8750,0.0204
22.2750,54.8750,0.0200
22.3250,54.8750,0.0200
22.3750,54.8750,0.0194
22.4250,54.8750,0.0194
22.4750,54.8750,0.0191
22.5250,54.8750,0.0187
22.5750,54.8750,0.0187
22.6250,54.8750,0.0184
22.6750,54.8750,0.0183
22.7250,54.8750,0.0182
22.7750,54.8750,0.0181
22.8250,54.8750,0.0178
22.8750,54.8750,0.0176
22.9250,54.8750,0.0174
22.9750,54.8750,0.0172
23.0250,54.8750,0.0172
23.0750,54.8750,0.0167
23.1250,54.8750,0.0167
23.1750,54.8750,0.0165
23.2250,54.8750,0.0160
23.2750,54.8750,0.0160
23.3250,54.8750,0.0155
23.3750,54.8750,0.0155
23.4250,54.8750,0.0151
23.4750,54.8750,0.0145
23.5250,54.8750,0.0145
23.5750,54.8750,0.0142
23.6250,54.8750,0.0140
23.6750,54.8750,0.0137
23.7250,54.8750,0.0137
23.7750,54.8750,0.0131
23.8250,54.8750,0.0127
23.8750,54.8750,0.0125
23.9250,54.8750,0.0120
23.9750,54.8750,0.0120
24.0250,54.8750,0.0112
24.0750,54.8750,0.0112
24.1250,54.8750,0.0109
24.1750,54.8750,0.0104
17.7250,54.8250,0.0201
17.7750,54.8250,0.0203
17.8250,54.8250,0.0208
17.8750,54.8250,0.0208
17.9250,54.8250,0.0209
17.9750,54.8250,0.0209
18.0250,54.8250,0.0214
18.0750,54.8250,0.0214
18.1250,54.8250,0.0216
18.1750,54.8250,0.0216
18.2250,54.8250,0.0218
18.2750,54.8250,0.0223
18.3250,54.8250,0.0223
18.3750,54.8250,0.0220
18.4250,54.8250,0.0219
19.9750,54.8250,0.0261
20.0250,54.8250,0.0264
20.0750,54.8250,0.0264
20.1250,54.8250,0.0267
20.1750,54.8250,0.0265
20.2250,54.8250,0.0270
20.2750,54.8250,0.0270
20.3250,54.8250,0.0270
20.3750,54.8250,0.0273
20.4250,54.8250,0.0269
20.4750,54.8250,0.0273
20.5250,54.8250,0.0270
20.5750,54.8250,0.0271
20.6250,54.8250,0.0273
20.6750,54.8250,0.0269
20.7250,54.8250,0.0271
20.7750,54.8250,0.0271
20.8250,54.8250,0.0270
20.8750,54.8250,0.0270
20.9250,54.8250,0.0268
20.9750,54.8250,0.0269
21.0250,54.8250,0.0269
21.0750,54.8250,0.0264
21.1250,54.8250,0.0264
21.1750,54.8250,0.0258
21.2250,54.8250,0.0258
21.2750,54.8250,0.0257
21.3250,54.8250,0.0248
21.3750,54.8250,0.0248
21.4250,54.8250,0.0245
21.4750,54.8250,0.0242
21.5250,54.8250,0.0239
21.5750,54.8250,0.0238
21.6250,54.8250,0.0234
21.6750,54.8250,0.0231
21.7250,54.8250,0.0228
21.7750,54.8250,0.0226
21.8250,54.8250,0.0226
21.8750,54.8250,0.0221
21.9250,54.8250,0.0220
21.9750,54.8250,0.0215
22.0250,54.8250,0.0212
22.0750,54.8250,0.0212
22.1250,54.8250,0.0206
22.1750,54.8250,0.0206
22.2250,54.8250,0.0203
22.2750,54.8250,0.0196
22.3250,54.8250,0.0196
22.3750,54.8250,0.0190
22.4250,54.8250,0.0190
22.4750,54.8250,0.0188
22.5250,54.8250,0.0187
22.5750,54.8250,0.0185
22.6250,54.8250,0.0184
22.6750,54.8250,0.0182
22.7250,54.8250,0.0180
22.7750,54.8250,0.0180
22.8250,54.8250,0.0176
22.8750,54.8250,0.0176
22.9250,54.8250,0.0173
22.9750,54.8250,0.0171
23.0250,54.8250,0.0171
23.0750,54.8250,0.0165
23.1250,54.8250,0.0165
23.1750,54.8250,0.0163
23.2250,54.8250,0.0160
23.2750,54.8250,0.0158
23.3250,54.8250,0.0152
23.3750,54.8250,0.0152
23.4250,54.8250,0.0149
23.4750,54.8250,0.0147
23.5250,54.8250,0.0143
23.5750,54.8250,0.0142
23.6250,54.8250,0.0138
23.6750,54.8250,0.0135
23.7250,54.8250,0.0135
23.7750,54.8250,0.0129
23.8250,54.8250,0.0129
23.8750,54.8250,0.0125
23.9250,54.8250,0.0117
23.9750,54.8250,0.0117
24.0250,54.8250,0.0110
24.0750,54.8250,0.0110
24.1250,54.8250,0.0107
24.1750,54.8250,0.0105
17.3250,54.7750,0.0187
17.3750,54.7750,0.0187
17.4250,54.7750,0.0188
17.4750,54.7750,0.0188
17.5250,54.7750,0.0193
17.5750,54.7750,0.0193
17.6250,54.7750,0.0195
17.6750,54.7750,0.0201
17.7250,54.7750,0.0201
17.7750,54.7750,0.0203
17.8250,54.7750,0.0203
17.8750,54.7750,0.0204
17.9250,54.7750,0.0204
17.9750,54.7750,0.0209
18.0250,54.7750,0.0212
18.0750,54.7750,0.0212
18.1250,54.7750,0.0214
18.1750,54.7750,0.0214
18.2250,54.7750,0.0218
18.2750,54.7750,0.0216
18.3250,54.7750,0.0220
18.3750,54.7750,0.0218
18.4250,54.7750,0.0218
18.4750,54.7750,0.0218
18.5250,54.7750,0.0224
18.5750,54.7750,0.0224
19.9750,54.7750,0.0257
20.0250,54.7750,0.0258
20.0750,54.7750,0.0259
20.1250,54.7750,0.0265
20.1750,54.7750,0.0260
20.2250,54.7750,0.0265
20.2750,54.7750,0.0265
20.3250,54.7750,0.0265
20.3750,54.7750,0.0266
20.4250,54.7750,0.0265
20.4750,54.7750,0.0268
20.5250,54.7750,0.0268
20.5750,54.7750,0.0267
20.6250,54.7750,0.0267
20.6750,54.7750,0.0265
20.7250,54.7750,0.0267
20.7750,54.7750,0.0267
20.8250,54.7750,0.0266
20.8750,54.7750,0.0266
20.9250,54.7750,0.0264
20.9750,54.7750,0.0263
21.0250,54.7750,0.0264
21.0750,54.7750,0.0259
21.1250,54.7750,0.0259
21.1750,54.7750,0.0258
21.2250,54.7750,0.0252
21.2750,54.7750,0.0251
21.3250,54.7750,0.0249
21.3750,54.7750,0.0244
21.4250,54.7750,0.0242
21.4750,54.7750,0.0238
21.5250,54.7750,0.0236
21.5750,54.7750,0.0236
21.6250,54.7750,0.0231
21.6750,54.7750,0.0231
21.7250,54.7750,0.0225
21.7750,54.7750,0.0223
21.8250,54.7750,0.0223
21.8750,54.7750,0.0217
21.9250,54.7750,0.0217
21.9750,54.7750,0.0214
22.0250,54.7750,0.0211
22.0750,54.7750,0.0208
22.1250,54.7750,0.0203
22.1750,54.7750,0.0203
22.2250,54.7750,0.0200
22.2750,54.7750,0.0197
22.3250,54.7750,0.0193
22.3750,54.7750,0.0193
22.4250,54.7750,0.0188
22.4750,54.7750,0.0187
22.5250,54.7750,0.0187
22.5750,54.7750,0.0183
22.6250,54.7750,0.0183
22.6750,54.7750,0.0180
22.7250,54.7750,0.0178
22.7750,54.7750,0.0178
22.8250,54.7750,0.0175
22.8750,54.7750,0.0175
22.9250,54.7750,0.0172
22.9750,54.7750,0.0171
23.0250,54.7750,0.0168
23.0750,54.7750,0.0163
23.1250,54.7750,0.0163
23.1750,54.7750,0.0161
23.2250,54.7750,0.0159
23.2750,54.7750,0.0155
23.3250,54.7750,0.0155
23.3750,54.7750,0.0149
23.4250,54.7750,0.0145
23.4750,54.7750,0.0145
23.5250,54.7750,0.0141
23.5750,54.7750,0.0141
23.6250,54.7750,0.0136
23.6750,54.7750,0.0134
23.7250,54.7750,0.0132
23.7750,54.7750,0.0126
23.8250,54.7750,0.0126
23.8750,54.7750,0.0122
23.9250,54.7750,0.0119
23.9750,54.7750,0.0114
24.0250,54.7750,0.0110
24.0750,54.7750,0.0108
24.1250,54.7750,0.0105
24.1750,54.7750,0.0105
17.1250,54.7250,0.0179
17.1750,54.7250,0.0183
17.2250,54.7250,0.0183
17.2750,54.7250,0.0184
17.3250,54.7250,0.0184
17.3750,54.7250,0.0187
17.4250,54.7250,0.0188
17.4750,54.7250,0.0188
17.5250,54.7250,0.0189
17.5750,54.7250,0.0189
17.6250,54.7250,0.0195
17.6750,54.7250,0.0192
17.7250,54.7250,0.0197
17.7750,54.7250,0.0199
17.8250,54.7250,0.0199
17.8750,54.7250,0.0204
17.9250,54.7250,0.0202
17.9750,54.7250,0.0207
18.0250,54.7250,0.0204
18.0750,54.7250,0.0209
18.1250,54.7250,0.0211
18.1750,54.7250,0.0211
18.2250,54.7250,0.0216
18.2750,54.7250,0.0213
18.3250,54.7250,0.0217
18.3750,54.7250,0.0217
18.4250,54.7250,0.0218
18.4750,54.7250,0.0218
18.5750,54.7250,0.0224
18.6250,54.7250,0.0224
18.6750,54.7250,0.0224
18.7250,54.7250,0.0224
19.9250,54.7250,0.0250
19.9750,54.7250,0.0254
20.0250,54.7250,0.0254
20.0750,54.7250,0.0254
20.1250,54.7250,0.0254
20.1750,54.7250,0.0255
20.2250,54.7250,0.0260
20.2750,54.7250,0.0260
20.3250,54.7250,0.0260
20.3750,54.7250,0.0260
20.4250,54.7250,0.0265
20.4750,54.7250,0.0264
20.5250,54.7250,0.0264
20.5750,54.7250,0.0262
20.6250,54.7250,0.0262
20.6750,54.7250,0.0264
20.7250,54.7250,0.0260
20.7750,54.7250,0.0263
20.8250,54.7250,0.0260
20.8750,54.7250,0.0261
20.9250,54.7250,0.0263
20.9750,54.7250,0.0257
21.0250,54.7250,0.0259
21.0750,54.7250,0.0258
21.1250,54.7250,0.0253
21.1750,54.7250,0.0253
21.2250,54.7250,0.0247
21.2750,54.7250,0.0245
21.3250,54.7250,0.0245
21.3750,54.7250,0.0240
21.4250,54.7250,0.0240
21.4750,54.7250,0.0234
21.5250,54.7250,0.0233
21.5750,54.7250,0.0233
21.6250,54.7250,0.0227
21.6750,54.7250,0.0227
21.7250,54.7250,0.0225
21.7750,54.7250,0.0222
21.8250,54.7250,0.0220
21.8750,54.7250,0.0214
21.9250,54.7250,0.0214
21.9750,54.7250,0.0211
22.0250,54.7250,0.0208
22.0750,54.7250,0.0205
22.1250,54.7250,0.0205
22.1750,54.7250,0.0199
22.2250,54.7250,0.0197
22.2750,54.7250,0.0196
22.3250,54.7250,0.0190
22.3750,54.7250,0.0190
22.4250,54.7250,0.0186
22.4750,54.7250,0.0186
22.5250,54.7250,0.0185
22.5750,54.7250,0.0181
22.6250,54.7250,0.0181
22.6750,54.7250,0.0178
22.7250,54.7250,0.0178
22.7750,54.7250,0.0176
22.8250,54.7250,0.0173
22.8750,54.7250,0.0173
22.9250,54.7250,0.0171
22.9750,54.7250,0.0168
23.0250,54.7250,0.0166
23.0750,54.7250,0.0166
23.1250,54.7250,0.0161
23.1750,54.7250,0.0159
23.2250,54.7250,0.0158
23.2750,54.7250,0.0153
23.3250,54.7250,0.0153
23.3750,54.7250,0.0146
23.4250,54.7250,0.0146
23.4750,54.7250,0.0143
23.5250,54.7250,0.0139
23.5750,54.7250,0.0139
23.6250,54.7250,0.0136
23.6750,54.7250,0.0133
23.7250,54.7250,0.0130
23.7750,54.7250,0.0128
23.8250,54.7250,0.0123
23.8750,54.7250,0.0119
23.9250,54.7250,0.0116
23.9750,54.7250,0.0111
24.0250,54.7250,0.0111
24.0750,54.7250,0.0105
24.1250,54.7250,0.0102
24.1750,54.7250,0.0102
17.0250,54.6750,0.0175
17.0750,54.6750,0.0175
17.1250,54.6750,0.0179
17.1750,54.6750,0.0178
17.2250,54.6750,0.0180
17.2750,54.6750,0.0184
17.3250,54.6750,0.0181
17.3750,54.6750,0.0185
17.4250,54.6750,0.0182
17.4750,54.6750,0.0186
17.5250,54.6750,0.0186
17.5750,54.6750,0.0187
17.6250,54.6750,0.0192
17.6750,54.6750,0.0189
17.7250,54.6750,0.0194
17.7750,54.6750,0.0194
17.8250,54.6750,0.0196
17.8750,54.6750,0.0196
17.9250,54.6750,0.0198
17.9750,54.6750,0.0203
18.0250,54.6750,0.0203
18.0750,54.6750,0.0205
18.1250,54.6750,0.0205
18.1750,54.6750,0.0207
18.2250,54.6750,0.0207
18.2750,54.6750,0.0213
18.3250,54.6750,0.0215
18.3750,54.6750,0.0215
18.4250,54.6750,0.0216
18.4750,54.6750,0.0216
18.6750,54.6750,0.0224
18.7250,54.6750,0.0221
18.7750,54.6750,0.0221
18.8250,54.6750,0.0221
19.8750,54.6750,0.0239
19.9250,54.6750,0.0243
19.9750,54.6750,0.0243
20.0750,54.6750,0.0249
20.1250,54.6750,0.0249
20.1750,54.6750,0.0255
20.2250,54.6750,0.0255
20.2750,54.6750,0.0248
20.3250,54.6750,0.0250
20.3750,54.6750,0.0254
20.4250,54.6750,0.0253
20.4750,54.6750,0.0253
20.5250,54.6750,0.0258
20.5750,54.6750,0.0255
20.6250,54.6750,0.0256
20.6750,54.6750,0.0259
20.7250,54.6750,0.0253
20.7750,54.6750,0.0258
20.8250,54.6750,0.0258
20.8750,54.6750,0.0255
20.9250,54.6750,0.0255
20.9750,54.6750,0.0250
21.0250,54.6750,0.0252
21.0750,54.6750,0.0252
21.1250,54.6750,0.0247
21.1750,54.6750,0.0247
21.2250,54.6750,0.0243
21.2750,54.6750,0.0242
21.3250,54.6750,0.0242
21.3750,54.6750,0.0236
21.4250,54.6750,0.0236
21.4750,54.6750,0.0234
21.5250,54.6750,0.0230
21.5750,54.6750,0.0229
21.6250,54.6750,0.0226
21.6750,54.6750,0.0224
21.7250,54.6750,0.0222
21.7750,54.6750,0.0218
21.8250,54.6750,0.0216
21.8750,54.6750,0.0216
21.9250,54.6750,0.0210
21.9750,54.6750,0.0208
22.0250,54.6750,0.0205
22.0750,54.6750,0.0202
22.1250,54.6750,0.0202
22.1750,54.6750,0.0196
22.2250,54.6750,0.0196
22.2750,54.6750,0.0194
22.3250,54.6750,0.0188
22.3750,54.6750,0.0188
22.4250,54.6750,0.0185
22.4750,54.6750,0.0185
22.5250,54.6750,0.0183
22.5750,54.6750,0.0182
22.6250,54.6750,0.0180
22.6750,54.6750,0.0178
22.7250,54.6750,0.0176
22.7750,54.6750,0.0174
22.8250,54.6750,0.0174
22.8750,54.6750,0.0171
22.9250,54.6750,0.0171
22.9750,54.6750,0.0166
23.0250,54.6750,0.0164
23.0750,54.6750,0.0164
23.1250,54.6750,0.0159
23.1750,54.6750,0.0159
23.2250,54.6750,0.0156
23.2750,54.6750,0.0150
23.3250,54.6750,0.0150
23.3750,54.6750,0.0144
23.4250,54.6750,0.0144
23.4750,54.6750,0.0141
23.5250,54.6750,0.0140
23.5750,54.6750,0.0136
23.6250,54.6750,0.0133
23.6750,54.6750,0.0130
23.7250,54.6750,0.0127
23.7750,54.6750,0.0127
23.8250,54.6750,0.0120
23.8750,54.6750,0.0119
23.9250,54.6750,0.0115
23.9750,54.6750,0.0109
24.0250,54.6750,0.0109
24.0750,54.6750,0.0103
24.1250,54.6750,0.0103
24.1750,54.6750,0.0100
16.8750,54.6250,0.0165
16.9250,54.6250,0.0165
16.9750,54.6250,0.0170
17.0250,54.6250,0.0171
17.0750,54.6250,0.0172
17.1250,54.6250,0.0176
17.1750,54.6250,0.0176
17.2250,54.6250,0.0177
17.2750,54.6250,0.0177
17.3250,54.6250,0.0178
17.3750,54.6250,0.0180
17.4250,54.6250,0.0182
17.4750,54.6250,0.0184
17.5250,54.6250,0.0184
17.5750,54.6250,0.0185
17.6250,54.6250,0.0185
17.6750,54.6250,0.0188
17.7250,54.6250,0.0189
17.7750,54.6250,0.0190
17.8250,54.6250,0.0192
17.8750,54.6250,0.0192
17.9250,54.6250,0.0195
17.9750,54.6250,0.0195
18.0250,54.6250,0.0200
18.0750,54.6250,0.0201
18.1250,54.6250,0.0202
18.1750,54.6250,0.0204
18.2250,54.6250,0.0204
18.2750,54.6250,0.0209
18.3250,54.6250,0.0206
18.3750,54.6250,0.0211
18.4250,54.6250,0.0213
18.4750,54.6250,0.0213
18.5250,54.6250,0.0213
18.7750,54.6250,0.0221
18.8250,54.6250,0.0221
19.8250,54.6250,0.0239
19.8750,54.6250,0.0239
19.9250,54.6250,0.0243
19.9750,54.6250,0.0243
20.0250,54.6250,0.0240
20.1750,54.6250,0.0244
20.2250,54.6250,0.0244
20.2750,54.6250,0.0248
20.3250,54.6250,0.0248
20.3750,54.6250,0.0247
20.4250,54.6250,0.0247
20.4750,54.6250,0.0246
20.5250,54.6250,0.0251
20.5750,54.6250,0.0251
20.6250,54.6250,0.0249
20.6750,54.6250,0.0249
20.7250,54.6250,0.0247
20.7750,54.6250,0.0251
20.8250,54.6250,0.0251
20.8750,54.6250,0.0248
20.9250,54.6250,0.0248
20.9750,54.6250,0.0247
21.0250,54.6250,0.0245
21.0750,54.6250,0.0247
21.1250,54.6250,0.0243
21.1750,54.6250,0.0243
21.2250,54.6250,0.0242
21.2750,54.6250,0.0238
21.3250,54.6250,0.0238
21.3750,54.6250,0.0237
21.4250,54.6250,0.0232
21.4750,54.6250,0.0230
21.5250,54.6250,0.0227
21.5750,54.6250,0.0225
21.6250,54.6250,0.0225
21.6750,54.6250,0.0220
21.7250,54.6250,0.0220
21.7750,54.6250,0.0214
21.8250,54.6250,0.0212
21.8750,54.6250,0.0212
21.9250,54.6250,0.0207
21.9750,54.6250,0.0207
22.0250,54.6250,0.0205
22.0750,54.6250,0.0199
22.1250,54.6250,0.0199
22.1750,54.6250,0.0193
22.2250,54.6250,0.0193
22.2750,54.6250,0.0190
22.3250,54.6250,0.0188
22.3750,54.6250,0.0186
22.4250,54.6250,0.0185
22.4750,54.6250,0.0183
22.5250,54.6250,0.0181
22.5750,54.6250,0.0181
22.6250,54.6250,0.0178
22.6750,54.6250,0.0178
22.7250,54.6250,0.0174
22.7750,54.6250,0.0172
22.8250,54.6250,0.0172
22.8750,54.6250,0.0168
22.9250,54.6250,0.0168
22.9750,54.6250,0.0166
23.0250,54.6250,0.0164
23.0750,54.6250,0.0162
23.1250,54.6250,0.0156
23.1750,54.6250,0.0156
23.2250,54.6250,0.0153
23.2750,54.6250,0.0151
23.3250,54.6250,0.0147
23.3750,54.6250,0.0145
23.4250,54.6250,0.0142
23.4750,54.6250,0.0139
23.5250,54.6250,0.0139
23.5750,54.6250,0.0134
23.6250,54.6250,0.0134
23.6750,54.6250,0.0128
23.7250,54.6250,0.0124
23.7750,54.6250,0.0124
23.8250,54.6250,0.0116
23.8750,54.6250,0.0116
23.9250,54.6250,0.0112
23.9750,54.6250,0.0108
24.0250,54.6250,0.0106
24.0750,54.6250,0.0102
24.1250,54.6250,0.0101
24.1750,54.6250,0.0098
16.5250,54.5750,0.0145
16.5750,54.5750,0.0145
16.6250,54.5750,0.0153
16.6750,54.5750,0.0153
16.7250,54.5750,0.0156
16.7750,54.5750,0.0156
16.8250,54.5750,0.0159
16.8750,54.5750,0.0165
16.9250,54.5750,0.0165
16.9750,54.5750,0.0167
17.0250,54.5750,0.0167
17.0750,54.5750,0.0172
17.1250,54.5750,0.0169
17.1750,54.5750,0.0173
17.2250,54.5750,0.0174
17.2750,54.5750,0.0174
17.3250,54.5750,0.0176
17.3750,54.5750,0.0175
17.4250,54.5750,0.0180
17.4750,54.5750,0.0177
17.5250,54.5750,0.0181
17.5750,54.5750,0.0182
17.6250,54.5750,0.0182
17.6750,54.5750,0.0186
17.7250,54.5750,0.0184
17.7750,54.5750,0.0188
17.8250,54.5750,0.0187
17.8750,54.5750,0.0189
17.9250,54.5750,0.0195
17.9750,54.5750,0.0191
18.0250,54.5750,0.0196
18.0750,54.5750,0.0193
18.1250,54.5750,0.0199
18.1750,54.5750,0.0199
18.2250,54.5750,0.0201
18.2750,54.5750,0.0206
18.3250,54.5750,0.0203
18.3750,54.5750,0.0208
18.4250,54.5750,0.0208
18.4750,54.5750,0.0210
18.5250,54.5750,0.0210
18.5750,54.5750,0.0209
19.7750,54.5750,0.0239
19.8250,54.5750,0.0239
19.9750,54.5750,0.0236
20.0250,54.5750,0.0236
20.0750,54.5750,0.0236
20.1250,54.5750,0.0240
20.1750,54.5750,0.0240
20.2250,54.5750,0.0239
20.2750,54.5750,0.0243
20.3250,54.5750,0.0243
20.3750,54.5750,0.0243
20.4250,54.5750,0.0243
20.4750,54.5750,0.0242
20.5250,54.5750,0.0242
20.5750,54.5750,0.0246
20.6250,54.5750,0.0244
20.6750,54.5750,0.0244
20.7250,54.5750,0.0246
20.7750,54.5750,0.0243
20.8250,54.5750,0.0246
20.8750,54.5750,0.0243
20.9250,54.5750,0.0244
20.9750,54.5750,0.0245
21.0250,54.5750,0.0241
21.0750,54.5750,0.0242
21.1250,54.5750,0.0242
21.1750,54.5750,0.0239
21.2250,54.5750,0.0238
21.2750,54.5750,0.0234
21.3250,54.5750,0.0233
21.3750,54.5750,0.0233
21.4250,54.5750,0.0228
21.4750,54.5750,0.0228
21.5250,54.5750,0.0223
21.5750,54.5750,0.0221
21.6250,54.5750,0.0221
21.6750,54.5750,0.0216
21.7250,54.5750,0.0216
21.7750,54.5750,0.0214
21.8250,54.5750,0.0211
21.8750,54.5750,0.0209
21.9250,54.5750,0.0203
21.9750,54.5750,0.0203
22.0250,54.5750,0.0201
22.0750,54.5750,0.0197
22.1250,54.5750,0.0195
22.1750,54.5750,0.0195
22.2250,54.5750,0.0190
22.2750,54.5750,0.0188
22.3250,54.5750,0.0187
22.3750,54.5750,0.0184
22.4250,54.5750,0.0184
22.4750,54.5750,0.0181
22.5250,54.5750,0.0180
22.5750,54.5750,0.0180
22.6250,54.5750,0.0176
22.6750,54.5750,0.0176
22.7250,54.5750,0.0173
22.7750,54.5750,0.0172
22.8250,54.5750,0.0170
22.8750,54.5750,0.0166
22.9250,54.5750,0.0166
22.9750,54.5750,0.0164
23.0250,54.5750,0.0162
23.0750,54.5750,0.0160
23.1250,54.5750,0.0160
23.1750,54.5750,0.0154
23.2250,54.5750,0.0151
23.2750,54.5750,0.0150
23.3250,54.5750,0.0145
23.3750,54.5750,0.0145
23.4250,54.5750,0.0140
23.4750,54.5750,0.0138
23.5250,54.5750,0.0137
23.5750,54.5750,0.0132
23.6250,54.5750,0.0132
23.6750,54.5750,0.0128
23.7250,54.5750,0.0125
23.7750,54.5750,0.0121
23.8250,54.5750,0.0113
23.8750,54.5750,0.0113
23.9250,54.5750,0.0110
23.9750,54.5750,0.0108
24.0250,54.5750,0.0104
24.0750,54.5750,0.0104
24.1250,54.5750,0.0098
24.1750,54.5750,0.0095
16.4250,54.5250,0.0133
16.4750,54.5250,0.0139
16.5250,54.5250,0.0139
16.5750,54.5250,0.0145
16.6250,54.5250,0.0144
16.6750,54.5250,0.0148
16.7250,54.5250,0.0156
16.7750,54.5250,0.0152
16.8250,54.5250,0.0159
16.8750,54.5250,0.0155
16.9250,54.5250,0.0161
16.9750,54.5250,0.0161
17.0250,54.5250,0.0163
17.0750,54.5250,0.0169
17.1250,54.5250,0.0165
17.1750,54.5250,0.0170
17.2250,54.5250,0.0170
17.2750,54.5250,0.0171
17.3250,54.5250,0.0171
17.3750,54.5250,0.0172
17.4250,54.5250,0.0177
17.4750,54.5250,0.0175
17.5250,54.5250,0.0178
17.5750,54.5250,0.0178
17.6250,54.5250,0.0180
17.6750,54.5250,0.0180
17.7250,54.5250,0.0181
17.7750,54.5250,0.0185
17.8250,54.5250,0.0185
17.8750,54.5250,0.0186
17.9250,54.5250,0.0186
17.9750,54.5250,0.0188
18.0250,54.5250,0.0191
18.0750,54.5250,0.0193
18.1250,54.5250,0.0195
18.1750,54.5250,0.0195
18.2250,54.5250,0.0197
18.2750,54.5250,0.0197
18.3250,54.5250,0.0203
18.3750,54.5250,0.0204
18.4250,54.5250,0.0204
18.4750,54.5250,0.0207
18.5250,54.5250,0.0207
18.5750,54.5250,0.0206
19.6750,54.5250,0.0225
19.7250,54.5250,0.0225
19.7750,54.5250,0.0225
19.9250,54.5250,0.0234
19.9750,54.5250,0.0234
20.0250,54.5250,0.0234
20.0750,54.5250,0.0236
20.1250,54.5250,0.0236
20.1750,54.5250,0.0236
20.2250,54.5250,0.0239
20.2750,54.5250,0.0236
20.3250,54.5250,0.0239
20.3750,54.5250,0.0239
20.4250,54.5250,0.0239
20.4750,54.5250,0.0242
20.5250,54.5250,0.0238
20.5750,54.5250,0.0241
20.6250,54.5250,0.0240
20.6750,54.5250,0.0240
20.7250,54.5250,0.0243
20.7750,54.5250,0.0238
20.8250,54.5250,0.0241
20.8750,54.5250,0.0241
20.9250,54.5250,0.0239
20.9750,54.5250,0.0239
21.0250,54.5250,0.0237
21.0750,54.5250,0.0238
21.1250,54.5250,0.0238
21.1750,54.5250,0.0234
21.2250,54.5250,0.0234
21.2750,54.5250,0.0230
21.3250,54.5250,0.0229
21.3750,54.5250,0.0229
21.4250,54.5250,0.0223
21.4750,54.5250,0.0223
21.5250,54.5250,0.0222
21.5750,54.5250,0.0219
21.6250,54.5250,0.0217
21.6750,54.5250,0.0213
21.7250,54.5250,0.0212
21.7750,54.5250,0.0211
21.8250,54.5250,0.0207
21.8750,54.5250,0.0205
21.9250,54.5250,0.0205
21.9750,54.5250,0.0200
22.0250,54.5250,0.0197
22.0750,54.5250,0.0195
22.1250,54.5250,0.0192
22.1750,54.5250,0.0192
22.2250,54.5250,0.0188
22.2750,54.5250,0.0188
22.3250,54.5250,0.0186
22.3750,54.5250,0.0183
22.4250,54.5250,0.0183
22.4750,54.5250,0.0179
22.5250,54.5250,0.0179
22.5750,54.5250,0.0178
22.6250,54.5250,0.0174
22.6750,54.5250,0.0174
22.7250,54.5250,0.0172
22.7750,54.5250,0.0170
22.8250,54.5250,0.0168
22.8750,54.5250,0.0168
22.9250,54.5250,0.0164
22.9750,54.5250,0.0162
23.0250,54.5250,0.0159
23.0750,54.5250,0.0157
23.1250,54.5250,0.0157
23.1750,54.5250,0.0151
23.2250,54.5250,0.0151
23.2750,54.5250,0.0148
23.3250,54.5250,0.0143
23.3750,54.5250,0.0143
23.4250,54.5250,0.0138
23.4750,54.5250,0.0138
23.5250,54.5250,0.0135
23.5750,54.5250,0.0130
23.6250,54.5250,0.0129
23.6750,54.5250,0.0125
23.7250,54.5250,0.0123
23.7750,54.5250,0.0118
23.8250,54.5250,0.0118
23.8750,54.5250,0.0110
23.9250,54.5250,0.0107
23.9750,54.5250,0.0107
24.0250,54.5250,0.0102
24.0750,54.5250,0.0102
24.1250,54.5250,0.0096
24.1750,54.5250,0.0096
16.3750,54.4750,0.0125
16.4250,54.4750,0.0133
16.4750,54.4750,0.0135
16.5250,54.4750,0.0135
16.5750,54.4750,0.0142
16.6250,54.4750,0.0142
16.6750,54.4750,0.0144
16.7250,54.4750,0.0144
16.7750,54.4750,0.0147
16.8250,54.4750,0.0153
16.8750,54.4750,0.0154
16.9250,54.4750,0.0157
16.9750,54.4750,0.0157
17.0250,54.4750,0.0159
17.0750,54.4750,0.0159
17.1250,54.4750,0.0162
17.1750,54.4750,0.0167
17.2250,54.4750,0.0167
17.2750,54.4750,0.0168
17.3250,54.4750,0.0168
17.3750,54.4750,0.0169
17.4250,54.4750,0.0169
17.4750,54.4750,0.0174
17.5250,54.4750,0.0176
17.5750,54.4750,0.0176
17.6250,54.4750,0.0177
17.6750,54.4750,0.0177
17.7250,54.4750,0.0181
17.7750,54.4750,0.0179
17.8250,54.4750,0.0183
17.8750,54.4750,0.0184
17.9250,54.4750,0.0184
17.9750,54.4750,0.0187
18.0250,54.4750,0.0186
18.0750,54.4750,0.0189
18.1250,54.4750,0.0187
18.1750,54.4750,0.0192
18.2250,54.4750,0.0194
18.2750,54.4750,0.0194
18.3250,54.4750,0.0199
18.3750,54.4750,0.0196
18.4250,54.4750,0.0202
18.4750,54.4750,0.0202
18.5250,54.4750,0.0204
18.5750,54.4750,0.0204
19.6250,54.4750,0.0225
19.6750,54.4750,0.0225
19.7250,54.4750,0.0225
19.7750,54.4750,0.0225
19.8250,54.4750,0.0225
19.8750,54.4750,0.0229
19.9250,54.4750,0.0229
19.9750,54.4750,0.0233
20.0250,54.4750,0.0229
20.0750,54.4750,0.0232
20.1250,54.4750,0.0232
20.1750,54.4750,0.0232
20.2250,54.4750,0.0236
20.2750,54.4750,0.0232
20.3250,54.4750,0.0235
20.3750,54.4750,0.0235
20.4250,54.4750,0.0235
20.4750,54.4750,0.0235
20.5250,54.4750,0.0233
20.5750,54.4750,0.0237
20.6250,54.4750,0.0237
20.6750,54.4750,0.0235
20.7250,54.4750,0.0235
20.7750,54.4750,0.0234
20.8250,54.4750,0.0236
20.8750,54.4750,0.0237
20.9250,54.4750,0.0235
20.9750,54.4750,0.0235
21.0250,54.4750,0.0235
21.0750,54.4750,0.0232
21.1250,54.4750,0.0233
21.1750,54.4750,0.0229
21.2250,54.4750,0.0229
21.2750,54.4750,0.0229
21.3250,54.4750,0.0225
21.3750,54.4750,0.0224
21.4250,54.4750,0.0224
21.4750,54.4750,0.0219
21.5250,54.4750,0.0219
21.5750,54.4750,0.0214
21.6250,54.4750,0.0213
21.6750,54.4750,0.0213
21.7250,54.4750,0.0209
21.7750,54.4750,0.0208
21.8250,54.4750,0.0204
21.8750,54.4750,0.0202
21.9250,54.4750,0.0202
21.9750,54.4750,0.0196
22.0250,54.4750,0.0196
22.0750,54.4750,0.0194
22.1250,54.4750,0.0189
22.1750,54.4750,0.0189
22.2250,54.4750,0.0185
22.2750,54.4750,0.0185
22.3250,54.4750,0.0184
22.3750,54.4750,0.0182
22.4250,54.4750,0.0180
22.4750,54.4750,0.0179
22.5250,54.4750,0.0177
22.5750,54.4750,0.0176
22.6250,54.4750,0.0176
22.6750,54.4750,0.0172
22.7250,54.4750,0.0172
22.7750,54.4750,0.0168
22.8250,54.4750,0.0167
22.8750,54.4750,0.0167
22.9250,54.4750,0.0162
22.9750,54.4750,0.0162
23.0250,54.4750,0.0159
23.0750,54.4750,0.0154
23.1250,54.4750,0.0154
23.1750,54.4750,0.0148
23.2250,54.4750,0.0148
23.2750,54.4750,0.0145
23.3250,54.4750,0.0143
23.3750,54.4750,0.0140
23.4250,54.4750,0.0138
23.4750,54.4750,0.0136
23.5250,54.4750,0.0133
23.5750,54.4750,0.0133
23.6250,54.4750,0.0127
23.6750,54.4750,0.0126
23.7250,54.4750,0.0120
23.7750,54.4750,0.0115
23.8250,54.4750,0.0115
23.8750,54.4750,0.0108
23.9250,54.4750,0.0108
23.9750,54.4750,0.0105
24.0250,54.4750,0.0099
24.0750,54.4750,0.0099
24.1250,54.4750,0.0095
24.1750,54.4750,0.0093
16.3250,54.4250,0.0125
16.3750,54.4250,0.0125
16.4250,54.4250,0.0129
16.4750,54.4250,0.0129
16.5250,54.4250,0.0135
16.5750,54.4250,0.0132
16.6250,54.4250,0.0139
16.6750,54.4250,0.0141
16.7250,54.4250,0.0141
16.7750,54.4250,0.0145
16.8250,54.4250,0.0143
16.8750,54.4250,0.0150
16.9250,54.4250,0.0145
16.9750,54.4250,0.0153
17.0250,54.4250,0.0155
17.0750,54.4250,0.0155
17.1250,54.4250,0.0161
17.1750,54.4250,0.0157
17.2250,54.4250,0.0163
17.2750,54.4250,0.0160
17.3250,54.4250,0.0165
17.3750,54.4250,0.0169
17.4250,54.4250,0.0166
17.4750,54.4250,0.0171
17.5250,54.4250,0.0169
17.5750,54.4250,0.0173
17.6250,54.4250,0.0173
17.6750,54.4250,0.0175
17.7250,54.4250,0.0179
17.7750,54.4250,0.0176
17.8250,54.4250,0.0181
17.8750,54.4250,0.0180
17.9250,54.4250,0.0182
17.9750,54.4250,0.0183
18.0250,54.4250,0.0183
18.0750,54.4250,0.0187
18.1250,54.4250,0.0186
18.1750,54.4250,0.0188
18.2250,54.4250,0.0188
18.2750,54.4250,0.0190
18.3250,54.4250,0.0194
18.3750,54.4250,0.0193
18.4250,54.4250,0.0199
18.4750,54.4250,0.0199
18.5250,54.4250,0.0201
18.5750,54.4250,0.0201
18.6250,54.4250,0.0203
18.6750,54.4250,0.0203
19.4750,54.4250,0.0221
19.5250,54.4250,0.0221
19.5750,54.4250,0.0223
19.6250,54.4250,0.0223
19.6750,54.4250,0.0223
19.7250,54.4250,0.0225
19.7750,54.4250,0.0222
19.8250,54.4250,0.0225
19.8750,54.4250,0.0225
19.9250,54.4250,0.0225
19.9750,54.4250,0.0227
20.0250,54.4250,0.0226
20.0750,54.4250,0.0229
20.1250,54.4250,0.0229
20.1750,54.4250,0.0229
20.2250,54.4250,0.0229
20.2750,54.4250,0.0229
20.3250,54.4250,0.0231
20.3750,54.4250,0.0231
20.4250,54.4250,0.0231
20.4750,54.4250,0.0231
20.5250,54.4250,0.0231
20.5750,54.4250,0.0229
20.6250,54.4250,0.0232
20.6750,54.4250,0.0231
20.7250,54.4250,0.0231
20.7750,54.4250,0.0233
20.8250,54.4250,0.0229
20.8750,54.4250,0.0232
20.9250,54.4250,0.0231
20.9750,54.4250,0.0231
21.0250,54.4250,0.0232
21.0750,54.4250,0.0228
21.1250,54.4250,0.0229
21.1750,54.4250,0.0228
21.2250,54.4250,0.0225
21.2750,54.4250,0.0225
21.3250,54.4250,0.0221
21.3750,54.4250,0.0219
21.4250,54.4250,0.0219
21.4750,54.4250,0.0215
21.5250,54.4250,0.0215
21.5750,54.4250,0.0211
21.6250,54.4250,0.0209
21.6750,54.4250,0.0209
21.7250,54.4250,0.0205
21.7750,54.4250,0.0205
21.8250,54.4250,0.0204
21.8750,54.4250,0.0200
21.9250,54.4250,0.0199
21.9750,54.4250,0.0193
22.0250,54.4250,0.0193
22.0750,54.4250,0.0191
22.1250,54.4250,0.0189
22.1750,54.4250,0.0187
22.2250,54.4250,0.0186
22.2750,54.4250,0.0183
22.3250,54.4250,0.0182
22.3750,54.4250,0.0181
22.4250,54.4250,0.0178
22.4750,54.4250,0.0178
22.5250,54.4250,0.0175
22.5750,54.4250,0.0174
22.6250,54.4250,0.0174
22.6750,54.4250,0.0170
22.7250,54.4250,0.0170
22.7750,54.4250,0.0167
22.8250,54.4250,0.0166
22.8750,54.4250,0.0165
22.9250,54.4250,0.0160
22.9750,54.4250,0.0160
23.0250,54.4250,0.0157
23.0750,54.4250,0.0154
23.1250,54.4250,0.0151
23.1750,54.4250,0.0148
23.2250,54.4250,0.0145
23.2750,54.4250,0.0143
23.3250,54.4250,0.0143
23.3750,54.4250,0.0138
23.4250,54.4250,0.0138
23.4750,54.4250,0.0134
23.5250,54.4250,0.0130
23.5750,54.4250,0.0130
23.6250,54.4250,0.0124
23.6750,54.4250,0.0124
23.7250,54.4250,0.0120
23.7750,54.4250,0.0113
23.8250,54.4250,0.0112
23.8750,54.4250,0.0106
23.9250,54.4250,0.0106
23.9750,54.4250,0.0103
24.0250,54.4250,0.0101
24.0750,54.4250,0.0097
24.1250,54.4250,0.0093
24.1750,54.4250,0.0090
16.2750,54.3750,0.0113
16.3250,54.3750,0.0113
16.3750,54.3750,0.0121
16.4250,54.3750,0.0121
16.4750,54.3750,0.0125
16.5250,54.3750,0.0132
16.5750,54.3750,0.0128
16.6250,54.3750,0.0135
16.6750,54.3750,0.0135
16.7250,54.3750,0.0138
16.7750,54.3750,0.0138
16.8250,54.3750,0.0140
16.8750,54.3750,0.0145
16.9250,54.3750,0.0142
16.9750,54.3750,0.0148
17.0250,54.3750,0.0148
17.0750,54.3750,0.0151
17.1250,54.3750,0.0153
17.1750,54.3750,0.0153
17.2250,54.3750,0.0159
17.2750,54.3750,0.0159
17.3250,54.3750,0.0161
17.3750,54.3750,0.0161
17.4250,54.3750,0.0163
17.4750,54.3750,0.0168
17.5250,54.3750,0.0168
17.5750,54.3750,0.0171
17.6250,54.3750,0.0171
17.6750,54.3750,0.0172
17.7250,54.3750,0.0172
17.7750,54.3750,0.0174
17.8250,54.3750,0.0178
17.8750,54.3750,0.0178
17.9250,54.3750,0.0179
17.9750,54.3750,0.0179
18.0250,54.3750,0.0181
18.0750,54.3750,0.0181
18.1250,54.3750,0.0185
18.1750,54.3750,0.0186
18.2250,54.3750,0.0186
18.2750,54.3750,0.0188
18.3250,54.3750,0.0188
18.3750,54.3750,0.0193
18.4250,54.3750,0.0191
18.4750,54.3750,0.0196
18.5250,54.3750,0.0198
18.5750,54.3750,0.0198
18.6250,54.3750,0.0203
18.6750,54.3750,0.0200
18.7250,54.3750,0.0201
18.7750,54.3750,0.0201
18.8250,54.3750,0.0202
18.8750,54.3750,0.0202
18.9250,54.3750,0.0204
18.9750,54.3750,0.0208
19.0250,54.3750,0.0208
19.0750,54.3750,0.0209
19.1250,54.3750,0.0209
19.1750,54.3750,0.0211
19.2250,54.3750,0.0215
19.2750,54.3750,0.0215
19.3250,54.3750,0.0216
19.3750,54.3750,0.0216
19.4250,54.3750,0.0219
19.4750,54.3750,0.0221
19.5250,54.3750,0.0219
19.5750,54.3750,0.0221
19.6250,54.3750,0.0221
19.6750,54.3750,0.0221
19.7250,54.3750,0.0221
19.7750,54.3750,0.0221
19.8250,54.3750,0.0222
19.8750,54.3750,0.0222
19.9250,54.3750,0.0223
19.9750,54.3750,0.0223
20.0250,54.3750,0.0225
20.0750,54.3750,0.0224
20.1250,54.3750,0.0227
20.1750,54.3750,0.0226
20.2250,54.3750,0.0226
20.2750,54.3750,0.0229
20.3250,54.3750,0.0226
20.3750,54.3750,0.0229
20.4250,54.3750,0.0228
20.4750,54.3750,0.0228
20.5250,54.3750,0.0229
20.5750,54.3750,0.0226
20.6250,54.3750,0.0228
20.6750,54.3750,0.0228
20.7250,54.3750,0.0227
20.7750,54.3750,0.0229
20.8250,54.3750,0.0226
20.8750,54.3750,0.0229
20.9250,54.3750,0.0229
20.9750,54.3750,0.0227
21.0250,54.3750,0.0227
21.0750,54.3750,0.0224
21.1250,54.3750,0.0225
21.1750,54.3750,0.0225
21.2250,54.3750,0.0221
21.2750,54.3750,0.0221
21.3250,54.3750,0.0219
21.3750,54.3750,0.0216
21.4250,54.3750,0.0215
21.4750,54.3750,0.0211
21.5250,54.3750,0.0211
21.5750,54.3750,0.0210
21.6250,54.3750,0.0207
21.6750,54.3750,0.0206
21.7250,54.3750,0.0202
21.7750,54.3750,0.0202
21.8250,54.3750,0.0201
21.8750,54.3750,0.0197
21.9250,54.3750,0.0195
21.9750,54.3750,0.0195
22.0250,54.3750,0.0190
22.0750,54.3750,0.0189
22.1250,54.3750,0.0188
22.1750,54.3750,0.0185
22.2250,54.3750,0.0185
22.2750,54.3750,0.0181
22.3250,54.3750,0.0181
22.3750,54.3750,0.0180
22.4250,54.3750,0.0176
22.4750,54.3750,0.0176
22.5250,54.3750,0.0173
22.5750,54.3750,0.0173
22.6250,54.3750,0.0172
22.6750,54.3750,0.0168
22.7250,54.3750,0.0168
22.7750,54.3750,0.0166
22.8250,54.3750,0.0165
22.8750,54.3750,0.0163
22.9250,54.3750,0.0163
22.9750,54.3750,0.0158
23.0250,54.3750,0.0154
23.0750,54.3750,0.0153
23.1250,54.3750,0.0149
23.1750,54.3750,0.0149
23.2250,54.3750,0.0143
23.2750,54.3750,0.0142
23.3250,54.3750,0.0141
23.3750,54.3750,0.0136
23.4250,54.3750,0.0136
23.4750,54.3750,0.0131
23.5250,54.3750,0.0131
23.5750,54.3750,0.0128
23.6250,54.3750,0.0121
23.6750,54.3750,0.0121
23.7250,54.3750,0.0116
23.7750,54.3750,0.0113
23.8250,54.3750,0.0110
23.8750,54.3750,0.0109
23.9250,54.3750,0.0104
23.9750,54.3750,0.0100
24.0250,54.3750,0.0100
24.0750,54.3750,0.0094
24.1250,54.3750,0.0094
24.1750,54.3750,0.0088
16.1750,54.3250,0.0102
16.2250,54.3250,0.0107
16.2750,54.3250,0.0111
16.3250,54.3250,0.0113
16.3750,54.3250,0.0117
16.4250,54.3250,0.0117
16.4750,54.3250,0.0120
16.5250,54.3250,0.0120
16.5750,54.3250,0.0127
16.6250,54.3250,0.0131
16.6750,54.3250,0.0132
16.7250,54.3250,0.0134
16.7750,54.3250,0.0134
16.8250,54.3250,0.0137
16.8750,54.3250,0.0137
16.9250,54.3250,0.0142
16.9750,54.3250,0.0144
17.0250,54.3250,0.0144
17.0750,54.3250,0.0146
17.1250,54.3250,0.0146
17.1750,54.3250,0.0153
17.2250,54.3250,0.0149
17.2750,54.3250,0.0156
17.3250,54.3250,0.0158
17.3750,54.3250,0.0158
17.4250,54.3250,0.0160
17.4750,54.3250,0.0160
17.5250,54.3250,0.0165
17.5750,54.3250,0.0162
17.6250,54.3250,0.0168
17.6750,54.3250,0.0169
17.7250,54.3250,0.0169
17.7750,54.3250,0.0174
17.8250,54.3250,0.0171
17.8750,54.3250,0.0175
17.9250,54.3250,0.0175
17.9750,54.3250,0.0177
18.0250,54.3250,0.0181
18.0750,54.3250,0.0179
18.1250,54.3250,0.0183
18.1750,54.3250,0.0181
18.2250,54.3250,0.0185
18.2750,54.3250,0.0186
18.3250,54.3250,0.0186
18.3750,54.3250,0.0191
18.4250,54.3250,0.0188
18.4750,54.3250,0.0193
18.5250,54.3250,0.0193
18.5750,54.3250,0.0195
18.6250,54.3250,0.0200
18.6750,54.3250,0.0197
18.7250,54.3250,0.0201
18.7750,54.3250,0.0201
18.8250,54.3250,0.0202
18.8750,54.3250,0.0202
18.9250,54.3250,0.0204
18.9750,54.3250,0.0208
19.0250,54.3250,0.0208
19.0750,54.3250,0.0209
19.1250,54.3250,0.0209
19.1750,54.3250,0.0211
19.2250,54.3250,0.0211
19.2750,54.3250,0.0215
19.3250,54.3250,0.0216
19.3750,54.3250,0.0216
19.4250,54.3250,0.0216
19.4750,54.3250,0.0216
19.5250,54.3250,0.0219
19.5750,54.3250,0.0218
19.6250,54.3250,0.0219
19.6750,54.3250,0.0219
19.7250,54.3250,0.0219
19.7750,54.3250,0.0220
19.8250,54.3250,0.0219
19.8750,54.3250,0.0221
19.9250,54.3250,0.0221
19.9750,54.3250,0.0221
20.0250,54.3250,0.0224
20.0750,54.3250,0.0221
20.1250,54.3250,0.0224
20.1750,54.3250,0.0224
20.2250,54.3250,0.0224
20.2750,54.3250,0.0226
20.3250,54.3250,0.0223
20.3750,54.3250,0.0226
20.4250,54.3250,0.0226
20.4750,54.3250,0.0225
20.5250,54.3250,0.0225
20.5750,54.3250,0.0224
20.6250,54.3250,0.0226
20.6750,54.3250,0.0226
20.7250,54.3250,0.0225
20.7750,54.3250,0.0225
20.8250,54.3250,0.0224
20.8750,54.3250,0.0225
20.9250,54.3250,0.0225
20.9750,54.3250,0.0223
21.0250,54.3250,0.0223
21.0750,54.3250,0.0224
21.1250,54.3250,0.0220
21.1750,54.3250,0.0221
21.2250,54.3250,0.0217
21.2750,54.3250,0.0217
21.3250,54.3250,0.0217
21.3750,54.3250,0.0213
21.4250,54.3250,0.0212
21.4750,54.3250,0.0212
21.5250,54.3250,0.0208
21.5750,54.3250,0.0207
21.6250,54.3250,0.0204
21.6750,54.3250,0.0202
21.7250,54.3250,0.0202
21.7750,54.3250,0.0198
21.8250,54.3250,0.0197
21.8750,54.3250,0.0196
21.9250,54.3250,0.0192
21.9750,54.3250,0.0192
22.0250,54.3250,0.0188
22.0750,54.3250,0.0188
22.1250,54.3250,0.0187
22.1750,54.3250,0.0183
22.2250,54.3250,0.0183
22.2750,54.3250,0.0180
22.3250,54.3250,0.0180
22.3750,54.3250,0.0178
22.4250,54.3250,0.0176
22.4750,54.3250,0.0175
22.5250,54.3250,0.0173
22.5750,54.3250,0.0171
22.6250,54.3250,0.0170
22.6750,54.3250,0.0170
22.7250,54.3250,0.0167
22.7750,54.3250,0.0165
22.8250,54.3250,0.0163
22.8750,54.3250,0.0160
22.9250,54.3250,0.0160
22.9750,54.3250,0.0155
23.0250,54.3250,0.0155
23.0750,54.3250,0.0152
23.1250,54.3250,0.0146
23.1750,54.3250,0.0146
23.2250,54.3250,0.0142
23.2750,54.3250,0.0142
23.3250,54.3250,0.0139
23.3750,54.3250,0.0134
23.4250,54.3250,0.0134
23.4750,54.3250,0.0131
23.5250,54.3250,0.0128
23.5750,54.3250,0.0125
23.6250,54.3250,0.0125
23.6750,54.3250,0.0118
23.7250,54.3250,0.0113
23.7750,54.3250,0.0111
23.8250,54.3250,0.0107
23.8750,54.3250,0.0107
23.9250,54.3250,0.0101
23.9750,54.3250,0.0100
24.0250,54.3250,0.0098
24.0750,54.3250,0.0091
24.1250,54.3250,0.0091
24.1750,54.3250,0.0087
15.8750,54.2750,0.0085
15.9250,54.2750,0.0088
15.9750,54.2750,0.0093
16.0250,54.2750,0.0093
16.0750,54.2750,0.0096
16.1250,54.2750,0.0102
16.1750,54.2750,0.0102
16.2250,54.2750,0.0107
16.2750,54.2750,0.0104
16.3250,54.2750,0.0110
16.3750,54.2750,0.0107
16.4250,54.2750,0.0112
16.4750,54.2750,0.0117
16.5250,54.2750,0.0116
16.5750,54.2750,0.0124
16.6250,54.2750,0.0120
16.6750,54.2750,0.0127
16.7250,54.2750,0.0125
16.7750,54.2750,0.0131
16.8250,54.2750,0.0136
16.8750,54.2750,0.0133
16.9250,54.2750,0.0139
16.9750,54.2750,0.0136
17.0250,54.2750,0.0141
17.0750,54.2750,0.0141
17.1250,54.2750,0.0143
17.1750,54.2750,0.0149
17.2250,54.2750,0.0145
17.2750,54.2750,0.0152
17.3250,54.2750,0.0150
17.3750,54.2750,0.0154
17.4250,54.2750,0.0156
17.4750,54.2750,0.0157
17.5250,54.2750,0.0162
17.5750,54.2750,0.0159
17.6250,54.2750,0.0165
17.6750,54.2750,0.0165
17.7250,54.2750,0.0166
17.7750,54.2750,0.0171
17.8250,54.2750,0.0168
17.8750,54.2750,0.0173
17.9250,54.2750,0.0173
17.9750,54.2750,0.0175
18.0250,54.2750,0.0175
18.0750,54.2750,0.0176
18.1250,54.2750,0.0181
18.1750,54.2750,0.0181
18.2250,54.2750,0.0182
18.2750,54.2750,0.0182
18.3250,54.2750,0.0184
18.3750,54.2750,0.0184
18.4250,54.2750,0.0188
18.4750,54.2750,0.0190
18.5250,54.2750,0.0190
18.5750,54.2750,0.0192
18.6250,54.2750,0.0192
18.6750,54.2750,0.0194
18.7250,54.2750,0.0194
18.7750,54.2750,0.0198
18.8250,54.2750,0.0200
18.8750,54.2750,0.0200
18.9250,54.2750,0.0202
18.9750,54.2750,0.0202
19.0250,54.2750,0.0206
19.0750,54.2750,0.0207
19.1250,54.2750,0.0207
19.1750,54.2750,0.0209
19.2250,54.2750,0.0209
19.2750,54.2750,0.0212
19.3250,54.2750,0.0210
19.3750,54.2750,0.0213
19.4250,54.2750,0.0214
19.4750,54.2750,0.0214
19.5250,54.2750,0.0217
19.5750,54.2750,0.0214
19.6250,54.2750,0.0217
19.6750,54.2750,0.0217
19.7250,54.2750,0.0217
19.7750,54.2750,0.0219
19.8250,54.2750,0.0217
19.8750,54.2750,0.0219
19.9250,54.2750,0.0219
19.9750,54.2750,0.0219
20.0250,54.2750,0.0220
20.0750,54.2750,0.0220
20.1250,54.2750,0.0222
20.1750,54.2750,0.0222
20.2250,54.2750,0.0221
20.2750,54.2750,0.0221
20.3250,54.2750,0.0221
20.3750,54.2750,0.0223
20.4250,54.2750,0.0223
20.4750,54.2750,0.0223
20.5250,54.2750,0.0223
20.5750,54.2750,0.0224
20.6250,54.2750,0.0221
20.6750,54.2750,0.0223
20.7250,54.2750,0.0222
20.7750,54.2750,0.0222
20.8250,54.2750,0.0224
20.8750,54.2750,0.0220
20.9250,54.2750,0.0221
20.9750,54.2750,0.0220
21.0250,54.2750,0.0219
21.0750,54.2750,0.0220
21.1250,54.2750,0.0216
21.1750,54.2750,0.0217
21.2250,54.2750,0.0217
21.2750,54.2750,0.0213
21.3250,54.2750,0.0213
21.3750,54.2750,0.0210
21.4250,54.2750,0.0209
21.4750,54.2750,0.0209
21.5250,54.2750,0.0205
21.5750,54.2750,0.0205
21.6250,54.2750,0.0203
21.6750,54.2750,0.0200
21.7250,54.2750,0.0200
21.7750,54.2750,0.0195
21.8250,54.2750,0.0195
21.8750,54.2750,0.0193
21.9250,54.2750,0.0189
21.9750,54.2750,0.0189
22.0250,54.2750,0.0186
22.0750,54.2750,0.0186
22.1250,54.2750,0.0185
22.1750,54.2750,0.0183
22.2250,54.2750,0.0181
22.2750,54.2750,0.0179
22.3250,54.2750,0.0178
22.3750,54.2750,0.0176
22.4250,54.2750,0.0176
22.4750,54.2750,0.0173
22.5250,54.2750,0.0173
22.5750,54.2750,0.0170
22.6250,54.2750,0.0168
22.6750,54.2750,0.0168
22.7250,54.2750,0.0164
22.7750,54.2750,0.0164
22.8250,54.2750,0.0162
22.8750,54.2750,0.0158
22.9250,54.2750,0.0158
22.9750,54.2750,0.0153
23.0250,54.2750,0.0153
23.0750,54.2750,0.0150
23.1250,54.2750,0.0147
23.1750,54.2750,0.0144
23.2250,54.2750,0.0141
23.2750,54.2750,0.0140
23.3250,54.2750,0.0137
23.3750,54.2750,0.0137
23.4250,54.2750,0.0132
23.4750,54.2750,0.0131
23.5250,54.2750,0.0125
23.5750,54.2750,0.0122
23.6250,54.2750,0.0122
23.6750,54.2750,0.0114
23.7250,54.2750,0.0114
23.7750,54.2750,0.0110
23.8250,54.2750,0.0105
23.8750,54.2750,0.0105
23.9250,54.2750,0.0099
23.9750,54.2750,0.0099
24.0250,54.2750,0.0095
24.0750,54.2750,0.0089
24.1250,54.2750,0.0089
24.1750,54.2750,0.0085
15.6250,54.2251,0.0079
15.6750,54.2251,0.0079
15.7250,54.2251,0.0081
15.7750,54.2251,0.0082
15.8250,54.2251,0.0085
15.8750,54.2251,0.0085
15.9250,54.2251,0.0088
15.9750,54.2251,0.0093
16.0250,54.2251,0.0091
16.0750,54.2251,0.0096
16.1250,54.2251,0.0096
16.1750,54.2251,0.0099
16.2250,54.2251,0.0099
16.2750,54.2251,0.0102
16.3250,54.2251,0.0107
16.3750,54.2251,0.0107
16.4250,54.2251,0.0109
16.4750,54.2251,0.0109
16.5250,54.2251,0.0113
16.5750,54.2251,0.0114
16.6250,54.2251,0.0116
16.6750,54.2251,0.0124
16.7250,54.2251,0.0124
16.7750,54.2251,0.0127
16.8250,54.2251,0.0127
16.8750,54.2251,0.0130
16.9250,54.2251,0.0135
16.9750,54.2251,0.0136
17.0250,54.2251,0.0138
17.0750,54.2251,0.0138
17.1250,54.2251,0.0140
17.1750,54.2251,0.0140
17.2250,54.2251,0.0142
17.2750,54.2251,0.0147
17.3250,54.2251,0.0147
17.3750,54.2251,0.0150
17.4250,54.2251,0.0150
17.4750,54.2251,0.0153
17.5250,54.2251,0.0153
17.5750,54.2251,0.0159
17.6250,54.2251,0.0161
17.6750,54.2251,0.0161
17.7250,54.2251,0.0163
17.7750,54.2251,0.0163
17.8250,54.2251,0.0167
17.8750,54.2251,0.0166
17.9250,54.2251,0.0170
17.9750,54.2251,0.0172
18.0250,54.2251,0.0172
18.0750,54.2251,0.0174
18.1250,54.2251,0.0174
18.1750,54.2251,0.0178
18.2250,54.2251,0.0179
18.2750,54.2251,0.0180
18.3250,54.2251,0.0182
18.3750,54.2251,0.0182
18.4250,54.2251,0.0186
18.4750,54.2251,0.0184
18.5250,54.2251,0.0188
18.5750,54.2251,0.0188
18.6250,54.2251,0.0188
18.6750,54.2251,0.0193
18.7250,54.2251,0.0191
18.7750,54.2251,0.0196
18.8250,54.2251,0.0194
18.8750,54.2251,0.0197
18.9250,54.2251,0.0201
18.9750,54.2251,0.0199
19.0250,54.2251,0.0203
19.0750,54.2251,0.0201
19.1250,54.2251,0.0205
19.1750,54.2251,0.0205
19.2250,54.2251,0.0206
19.2750,54.2251,0.0210
19.3250,54.2251,0.0208
19.3750,54.2251,0.0211
19.4250,54.2251,0.0211
19.4750,54.2251,0.0212
19.5250,54.2251,0.0214
19.5750,54.2251,0.0213
19.6250,54.2251,0.0215
19.6750,54.2251,0.0215
19.7250,54.2251,0.0214
19.7750,54.2251,0.0214
19.8250,54.2251,0.0217
19.8750,54.2251,0.0217
19.9250,54.2251,0.0217
19.9750,54.2251,0.0217
20.0250,54.2251,0.0217
20.0750,54.2251,0.0220
20.1250,54.2251,0.0217
20.1750,54.2251,0.0219
20.2250,54.2251,0.0219
20.2750,54.2251,0.0219
20.3250,54.2251,0.0221
20.3750,54.2251,0.0219
20.4250,54.2251,0.0221
20.4750,54.2251,0.0220
20.5250,54.2251,0.0220
20.5750,54.2251,0.0221
20.6250,54.2251,0.0219
20.6750,54.2251,0.0220
20.7250,54.2251,0.0220
20.7750,54.2251,0.0219
20.8250,54.2251,0.0220
20.8750,54.2251,0.0217
20.9250,54.2251,0.0218
20.9750,54.2251,0.0218
21.0250,54.2251,0.0216
21.0750,54.2251,0.0216
21.1250,54.2251,0.0213
21.1750,54.2251,0.0214
21.2250,54.2251,0.0214
21.2750,54.2251,0.0210
21.3250,54.2251,0.0210
21.3750,54.2251,0.0210
21.4250,54.2251,0.0205
21.4750,54.2251,0.0205
21.5250,54.2251,0.0201
21.5750,54.2251,0.0201
21.6250,54.2251,0.0200
21.6750,54.2251,0.0197
21.7250,54.2251,0.0196
21.7750,54.2251,0.0191
21.8250,54.2251,0.0191
21.8750,54.2251,0.0190
21.9250,54.2251,0.0188
21.9750,54.2251,0.0187
22.0250,54.2251,0.0187
22.0750,54.2251,0.0184
22.1250,54.2251,0.0183
22.1750,54.2251,0.0182
22.2250,54.2251,0.0179
22.2750,54.2251,0.0179
22.3250,54.2251,0.0176
22.3750,54.2251,0.0175
22.4250,54.2251,0.0175
22.4750,54.2251,0.0171
22.5250,54.2251,0.0171
22.5750,54.2251,0.0168
22.6250,54.2251,0.0168
22.6750,54.2251,0.0166
22.7250,54.2251,0.0162
22.7750,54.2251,0.0162
22.8250,54.2251,0.0160
22.8750,54.2251,0.0157
22.9250,54.2251,0.0155
22.9750,54.2251,0.0153
23.0250,54.2251,0.0150
23.0750,54.2251,0.0147
23.1250,54.2251,0.0145
23.1750,54.2251,0.0142
23.2250,54.2251,0.0142
23.2750,54.2251,0.0137
23.3250,54.2251,0.0135
23.3750,54.2251,0.0135
23.4250,54.2251,0.0129
23.4750,54.2251,0.0129
23.5250,54.2251,0.0123
23.5750,54.2251,0.0119
23.6250,54.2251,0.0118
23.6750,54.2251,0.0110
23.7250,54.2251,0.0110
23.7750,54.2251,0.0108
23.8250,54.2251,0.0105
23.8750,54.2251,0.0102
23.9250,54.2251,0.0098
23.9750,54.2251,0.0096
24.0250,54.2251,0.0092
24.0750,54.2251,0.0092
24.1250,54.2251,0.0086
24.1750,54.2251,0.0085
15.2750,54.1751,0.0064
15.3250,54.1751,0.0067
15.3750,54.1751,0.0067
15.4250,54.1751,0.0069
15.4750,54.1751,0.0073
15.5250,54.1751,0.0073
15.5750,54.1751,0.0075
15.6250,54.1751,0.0075
15.6750,54.1751,0.0079
15.7250,54.1751,0.0078
15.7750,54.1751,0.0082
15.8250,54.1751,0.0084
15.8750,54.1751,0.0084
15.9250,54.1751,0.0085
15.9750,54.1751,0.0085
16.0250,54.1751,0.0091
16.0750,54.1751,0.0093
16.1250,54.1751,0.0094
16.1750,54.1751,0.0097
16.2250,54.1751,0.0097
16.2750,54.1751,0.0100
16.3250,54.1751,0.0099
16.3750,54.1751,0.0104
16.4250,54.1751,0.0107
16.4750,54.1751,0.0107
16.5250,54.1751,0.0110
16.5750,54.1751,0.0110
16.6250,54.1751,0.0116
16.6750,54.1751,0.0112
16.7250,54.1751,0.0120
16.7750,54.1751,0.0123
16.8250,54.1751,0.0123
16.8750,54.1751,0.0127
16.9250,54.1751,0.0126
16.9750,54.1751,0.0132
17.0250,54.1751,0.0129
17.0750,54.1751,0.0135
17.1250,54.1751,0.0137
17.1750,54.1751,0.0137
17.2250,54.1751,0.0142
17.2750,54.1751,0.0139
17.3250,54.1751,0.0144
17.3750,54.1751,0.0143
17.4250,54.1751,0.0145
17.4750,54.1751,0.0150
17.5250,54.1751,0.0149
17.5750,54.1751,0.0155
17.6250,54.1751,0.0151
17.6750,54.1751,0.0157
17.7250,54.1751,0.0160
17.7750,54.1751,0.0160
17.8250,54.1751,0.0165
17.8750,54.1751,0.0162
17.9250,54.1751,0.0167
17.9750,54.1751,0.0166
18.0250,54.1751,0.0169
18.0750,54.1751,0.0173
18.1250,54.1751,0.0171
18.1750,54.1751,0.0176
18.2250,54.1751,0.0173
18.2750,54.1751,0.0178
18.3250,54.1751,0.0178
18.3750,54.1751,0.0179
18.4250,54.1751,0.0184
18.4750,54.1751,0.0181
18.5250,54.1751,0.0185
18.5750,54.1751,0.0185
18.6250,54.1751,0.0187
18.6750,54.1751,0.0187
18.7250,54.1751,0.0188
18.7750,54.1751,0.0193
18.8250,54.1751,0.0193
18.8750,54.1751,0.0194
18.9250,54.1751,0.0194
18.9750,54.1751,0.0196
19.0250,54.1751,0.0200
19.0750,54.1751,0.0200
19.1250,54.1751,0.0202
19.1750,54.1751,0.0202
19.2250,54.1751,0.0203
19.2750,54.1751,0.0203
19.3250,54.1751,0.0207
19.3750,54.1751,0.0209
19.4250,54.1751,0.0209
19.4750,54.1751,0.0209
19.5250,54.1751,0.0209
19.5750,54.1751,0.0212
19.6250,54.1751,0.0210
19.6750,54.1751,0.0213
19.7250,54.1751,0.0212
19.7750,54.1751,0.0212
19.8250,54.1751,0.0215
19.8750,54.1751,0.0213
19.9250,54.1751,0.0215
19.9750,54.1751,0.0215
20.0250,54.1751,0.0215
20.0750,54.1751,0.0217
20.1250,54.1751,0.0215
20.1750,54.1751,0.0217
20.2250,54.1751,0.0217
20.2750,54.1751,0.0217
20.3250,54.1751,0.0219
20.3750,54.1751,0.0217
20.4250,54.1751,0.0218
20.4750,54.1751,0.0218
20.5250,54.1751,0.0217
20.5750,54.1751,0.0217
20.6250,54.1751,0.0216
20.6750,54.1751,0.0217
20.7250,54.1751,0.0217
20.7750,54.1751,0.0215
20.8250,54.1751,0.0215
20.8750,54.1751,0.0215
20.9250,54.1751,0.0215
20.9750,54.1751,0.0215
21.0250,54.1751,0.0212
21.0750,54.1751,0.0212
21.1250,54.1751,0.0213
21.1750,54.1751,0.0210
21.2250,54.1751,0.0210
21.2750,54.1751,0.0206
21.3250,54.1751,0.0206
21.3750,54.1751,0.0206
21.4250,54.1751,0.0203
21.4750,54.1751,0.0202
21.5250,54.1751,0.0201
21.5750,54.1751,0.0198
21.6250,54.1751,0.0197
21.6750,54.1751,0.0193
21.7250,54.1751,0.0192
21.7750,54.1751,0.0192
21.8250,54.1751,0.0188
21.8750,54.1751,0.0187
21.9250,54.1751,0.0187
21.9750,54.1751,0.0185
22.0250,54.1751,0.0185
22.0750,54.1751,0.0182
22.1250,54.1751,0.0182
22.1750,54.1751,0.0181
22.2250,54.1751,0.0177
22.2750,54.1751,0.0177
22.3250,54.1751,0.0174
22.3750,54.1751,0.0174
22.4250,54.1751,0.0173
22.4750,54.1751,0.0169
22.5250,54.1751,0.0169
22.5750,54.1751,0.0168
22.6250,54.1751,0.0166
22.6750,54.1751,0.0164
22.7250,54.1751,0.0164
22.7750,54.1751,0.0160
22.8250,54.1751,0.0157
22.8750,54.1751,0.0155
22.9250,54.1751,0.0153
22.9750,54.1751,0.0153
23.0250,54.1751,0.0147
23.0750,54.1751,0.0145
23.1250,54.1751,0.0144
23.1750,54.1751,0.0140
23.2250,54.1751,0.0140
23.2750,54.1751,0.0135
23.3250,54.1751,0.0135
23.3750,54.1751,0.0132
23.4250,54.1751,0.0126
23.4750,54.1751,0.0126
23.5250,54.1751,0.0122
23.5750,54.1751,0.0119
23.6250,54.1751,0.0115
23.6750,54.1751,0.0112
23.7250,54.1751,0.0108
23.7750,54.1751,0.0105
23.8250,54.1751,0.0104
23.8750,54.1751,0.0099
23.9250,54.1751,0.0099
23.9750,54.1751,0.0093
24.0250,54.1751,0.0089
24.0750,54.1751,0.0089
24.1250,54.1751,0.0084
24.1750,54.1751,0.0084
15.0750,54.1251,0.0059
15.1250,54.1251,0.0059
15.1750,54.1251,0.0063
15.2250,54.1251,0.0063
15.2750,54.1251,0.0064
15.3250,54.1251,0.0067
15.3750,54.1251,0.0065
15.4250,54.1251,0.0069
15.4750,54.1251,0.0068
15.5250,54.1251,0.0071
15.5750,54.1251,0.0073
15.6250,54.1251,0.0074
15.6750,54.1251,0.0078
15.7250,54.1251,0.0076
15.7750,54.1251,0.0080
15.8250,54.1251,0.0079
15.8750,54.1251,0.0082
15.9250,54.1251,0.0085
15.9750,54.1251,0.0084
16.0250,54.1251,0.0089
16.0750,54.1251,0.0086
16.1250,54.1251,0.0092
16.1750,54.1251,0.0091
16.2250,54.1251,0.0094
16.2750,54.1251,0.0099
16.3250,54.1251,0.0097
16.3750,54.1251,0.0102
16.4250,54.1251,0.0100
16.4750,54.1251,0.0105
16.5250,54.1251,0.0105
16.5750,54.1251,0.0107
16.6250,54.1251,0.0112
16.6750,54.1251,0.0110
16.7250,54.1251,0.0116
16.7750,54.1251,0.0115
16.8250,54.1251,0.0119
16.8750,54.1251,0.0120
16.9250,54.1251,0.0122
16.9750,54.1251,0.0129
17.0250,54.1251,0.0125
17.0750,54.1251,0.0131
17.1250,54.1251,0.0131
17.1750,54.1251,0.0133
17.2250,54.1251,0.0138
17.2750,54.1251,0.0136
17.3250,54.1251,0.0141
17.3750,54.1251,0.0141
17.4250,54.1251,0.0143
17.4750,54.1251,0.0143
17.5250,54.1251,0.0144
17.5750,54.1251,0.0151
17.6250,54.1251,0.0148
17.6750,54.1251,0.0154
17.7250,54.1251,0.0154
17.7750,54.1251,0.0156
17.8250,54.1251,0.0156
17.8750,54.1251,0.0159
17.9250,54.1251,0.0164
17.9750,54.1251,0.0164
18.0250,54.1251,0.0166
18.0750,54.1251,0.0166
18.1250,54.1251,0.0168
18.1750,54.1251,0.0170
18.2250,54.1251,0.0173
18.2750,54.1251,0.0175
18.3250,54.1251,0.0175
18.3750,54.1251,0.0177
18.4250,54.1251,0.0177
18.4750,54.1251,0.0181
18.5250,54.1251,0.0183
18.5750,54.1251,0.0183
18.6250,54.1251,0.0185
18.6750,54.1251,0.0185
18.7250,54.1251,0.0188
18.7750,54.1251,0.0186
18.8250,54.1251,0.0189
18.8750,54.1251,0.0191
18.9250,54.1251,0.0191
18.9750,54.1251,0.0195
19.0250,54.1251,0.0193
19.0750,54.1251,0.0197
19.1250,54.1251,0.0197
19.1750,54.1251,0.0199
19.2250,54.1251,0.0202
19.2750,54.1251,0.0201
19.3250,54.1251,0.0204
19.3750,54.1251,0.0202
19.4250,54.1251,0.0206
19.4750,54.1251,0.0207
19.5250,54.1251,0.0206
19.5750,54.1251,0.0210
19.6250,54.1251,0.0207
19.6750,54.1251,0.0210
19.7250,54.1251,0.0210
19.7750,54.1251,0.0210
19.8250,54.1251,0.0213
19.8750,54.1251,0.0210
19.9250,54.1251,0.0213
19.9750,54.1251,0.0213
20.0250,54.1251,0.0213
20.0750,54.1251,0.0213
20.1250,54.1251,0.0213
20.1750,54.1251,0.0215
20.2250,54.1251,0.0215
20.2750,54.1251,0.0214
20.3250,54.1251,0.0214
20.3750,54.1251,0.0216
20.4250,54.1251,0.0216
20.4750,54.1251,0.0216
20.5250,54.1251,0.0215
20.5750,54.1251,0.0215
20.6250,54.1251,0.0216
20.6750,54.1251,0.0213
20.7250,54.1251,0.0214
20.7750,54.1251,0.0213
20.8250,54.1251,0.0213
20.8750,54.1251,0.0214
20.9250,54.1251,0.0211
20.9750,54.1251,0.0212
21.0250,54.1251,0.0210
21.0750,54.1251,0.0209
21.1250,54.1251,0.0210
21.1750,54.1251,0.0206
21.2250,54.1251,0.0206
21.2750,54.1251,0.0206
21.3250,54.1251,0.0203
21.3750,54.1251,0.0203
21.4250,54.1251,0.0199
21.4750,54.1251,0.0198
21.5250,54.1251,0.0198
21.5750,54.1251,0.0194
21.6250,54.1251,0.0194
21.6750,54.1251,0.0193
21.7250,54.1251,0.0189
21.7750,54.1251,0.0189
21.8250,54.1251,0.0187
21.8750,54.1251,0.0187
21.9250,54.1251,0.0186
21.9750,54.1251,0.0183
22.0250,54.1251,0.0183
22.0750,54.1251,0.0180
22.1250,54.1251,0.0180
22.1750,54.1251,0.0179
22.2250,54.1251,0.0177
22.2750,54.1251,0.0175
22.3250,54.1251,0.0174
22.3750,54.1251,0.0172
22.4250,54.1251,0.0171
22.4750,54.1251,0.0171
22.5250,54.1251,0.0167
22.5750,54.1251,0.0167
22.6250,54.1251,0.0164
22.6750,54.1251,0.0162
22.7250,54.1251,0.0162
22.7750,54.1251,0.0158
22.8250,54.1251,0.0158
22.8750,54.1251,0.0155
22.9250,54.1251,0.0150
22.9750,54.1251,0.0150
23.0250,54.1251,0.0145
23.0750,54.1251,0.0145
23.1250,54.1251,0.0142
23.1750,54.1251,0.0138
23.2250,54.1251,0.0138
23.2750,54.1251,0.0135
23.3250,54.1251,0.0133
23.3750,54.1251,0.0130
23.4250,54.1251,0.0130
23.4750,54.1251,0.0124
23.5250,54.1251,0.0119
23.5750,54.1251,0.0116
23.6250,54.1251,0.0111
23.6750,54.1251,0.0111
23.7250,54.1251,0.0106
23.7750,54.1251,0.0104
23.8250,54.1251,0.0103
23.8750,54.1251,0.0097
23.9250,54.1251,0.0097
23.9750,54.1251,0.0091
24.0250,54.1251,0.0091
24.0750,54.1251,0.0087
24.1250,54.1251,0.0082
24.1750,54.1251,0.0082
14.8250,54.0751,0.0000
14.8750,54.0751,0.0051
14.9250,54.0751,0.0055
14.9750,54.0751,0.0055
15.0250,54.0751,0.0056
15.0750,54.0751,0.0059
15.1250,54.0751,0.0059
15.1750,54.0751,0.0061
15.2250,54.0751,0.0061
15.2750,54.0751,0.0063
15.3250,54.0751,0.0063
15.3750,54.0751,0.0064
15.4250,54.0751,0.0068
15.4750,54.0751,0.0068
15.5250,54.0751,0.0070
15.5750,54.0751,0.0070
15.6250,54.0751,0.0072
15.6750,54.0751,0.0072
15.7250,54.0751,0.0075
15.7750,54.0751,0.0078
15.8250,54.0751,0.0078
15.8750,54.0751,0.0080
15.9250,54.0751,0.0080
15.9750,54.0751,0.0082
16.0250,54.0751,0.0082
16.0750,54.0751,0.0086
16.1250,54.0751,0.0089
16.1750,54.0751,0.0089
16.2250,54.0751,0.0092
16.2750,54.0751,0.0092
16.3250,54.0751,0.0095
16.3750,54.0751,0.0098
16.4250,54.0751,0.0100
16.4750,54.0751,0.0103
16.5250,54.0751,0.0103
16.5750,54.0751,0.0106
16.6250,54.0751,0.0106
16.6750,54.0751,0.0108
16.7250,54.0751,0.0112
16.7750,54.0751,0.0112
16.8250,54.0751,0.0115
16.8750,54.0751,0.0115
16.9250,54.0751,0.0118
16.9750,54.0751,0.0118
17.0250,54.0751,0.0125
17.0750,54.0751,0.0128
17.1250,54.0751,0.0128
17.1750,54.0751,0.0130
17.2250,54.0751,0.0130
17.2750,54.0751,0.0133
17.3250,54.0751,0.0132
17.3750,54.0751,0.0138
17.4250,54.0751,0.0140
17.4750,54.0751,0.0140
17.5250,54.0751,0.0141
17.5750,54.0751,0.0141
17.6250,54.0751,0.0147
17.6750,54.0751,0.0149
17.7250,54.0751,0.0150
17.7750,54.0751,0.0152
17.8250,54.0751,0.0152
17.8750,54.0751,0.0159
17.9250,54.0751,0.0155
17.9750,54.0751,0.0161
18.0250,54.0751,0.0163
18.0750,54.0751,0.0163
18.1250,54.0751,0.0167
18.1750,54.0751,0.0165
18.2250,54.0751,0.0170
18.2750,54.0751,0.0168
18.3250,54.0751,0.0173
18.3750,54.0751,0.0175
18.4250,54.0751,0.0174
18.4750,54.0751,0.0179
18.5250,54.0751,0.0176
18.5750,54.0751,0.0181
18.6250,54.0751,0.0181
18.6750,54.0751,0.0182
18.7250,54.0751,0.0186
18.7750,54.0751,0.0184
18.8250,54.0751,0.0187
18.8750,54.0751,0.0187
18.9250,54.0751,0.0188
18.9750,54.0751,0.0192
19.0250,54.0751,0.0190
19.0750,54.0751,0.0194
19.1250,54.0751,0.0194
19.1750,54.0751,0.0197
19.2250,54.0751,0.0197
19.2750,54.0751,0.0198
19.3250,54.0751,0.0202
19.3750,54.0751,0.0202
19.4250,54.0751,0.0203
19.4750,54.0751,0.0203
19.5250,54.0751,0.0204
19.5750,54.0751,0.0204
19.6250,54.0751,0.0207
19.6750,54.0751,0.0208
19.7250,54.0751,0.0208
19.7750,54.0751,0.0208
19.8250,54.0751,0.0208
19.8750,54.0751,0.0210
19.9250,54.0751,0.0211
19.9750,54.0751,0.0211
20.0250,54.0751,0.0211
20.0750,54.0751,0.0211
20.1250,54.0751,0.0213
20.1750,54.0751,0.0211
20.2250,54.0751,0.0213
20.2750,54.0751,0.0212
20.3250,54.0751,0.0212
20.3750,54.0751,0.0213
20.4250,54.0751,0.0211
20.4750,54.0751,0.0213
20.5250,54.0751,0.0212
20.5750,54.0751,0.0211
20.6250,54.0751,0.0213
20.6750,54.0751,0.0210
20.7250,54.0751,0.0211
20.7750,54.0751,0.0211
20.8250,54.0751,0.0210
20.8750,54.0751,0.0211
20.9250,54.0751,0.0207
20.9750,54.0751,0.0209
21.0250,54.0751,0.0209
21.0750,54.0751,0.0206
21.1250,54.0751,0.0206
21.1750,54.0751,0.0204
21.2250,54.0751,0.0202
21.2750,54.0751,0.0202
21.3250,54.0751,0.0199
21.3750,54.0751,0.0199
21.4250,54.0751,0.0199
21.4750,54.0751,0.0195
21.5250,54.0751,0.0195
21.5750,54.0751,0.0191
21.6250,54.0751,0.0191
21.6750,54.0751,0.0190
21.7250,54.0751,0.0188
21.7750,54.0751,0.0187
21.8250,54.0751,0.0185
21.8750,54.0751,0.0185
21.9250,54.0751,0.0184
21.9750,54.0751,0.0182
22.0250,54.0751,0.0181
22.0750,54.0751,0.0180
22.1250,54.0751,0.0177
22.1750,54.0751,0.0177
22.2250,54.0751,0.0177
22.2750,54.0751,0.0173
22.3250,54.0751,0.0173
22.3750,54.0751,0.0170
22.4250,54.0751,0.0169
22.4750,54.0751,0.0169
22.5250,54.0751,0.0166
22.5750,54.0751,0.0166
22.6250,54.0751,0.0163
22.6750,54.0751,0.0160
22.7250,54.0751,0.0160
22.7750,54.0751,0.0155
22.8250,54.0751,0.0155
22.8750,54.0751,0.0153
22.9250,54.0751,0.0151
22.9750,54.0751,0.0147
23.0250,54.0751,0.0144
23.0750,54.0751,0.0143
23.1250,54.0751,0.0140
23.1750,54.0751,0.0140
23.2250,54.0751,0.0136
23.2750,54.0751,0.0135
23.3250,54.0751,0.0131
23.3750,54.0751,0.0127
23.4250,54.0751,0.0127
23.4750,54.0751,0.0120
23.5250,54.0751,0.0120
23.5750,54.0751,0.0115
23.6250,54.0751,0.0109
23.6750,54.0751,0.0109
23.7250,54.0751,0.0104
23.7750,54.0751,0.0104
23.8250,54.0751,0.0100
23.8750,54.0751,0.0094
23.9250,54.0751,0.0094
23.9750,54.0751,0.0090
24.0250,54.0751,0.0087
24.0750,54.0751,0.0084
24.1250,54.0751,0.0084
24.1750,54.0751,0.0080
14.1250,54.0251,0.0000
14.6250,54.0251,0.0000
14.6750,54.0251,0.0000
14.7250,54.0251,0.0000
14.7750,54.0251,0.0000
14.8250,54.0251,0.0000
14.8750,54.0251,0.0051
14.9250,54.0251,0.0053
14.9750,54.0251,0.0053
15.0250,54.0251,0.0056
15.0750,54.0251,0.0055
15.1250,54.0251,0.0058
15.1750,54.0251,0.0057
15.2250,54.0251,0.0060
15.2750,54.0251,0.0062
15.3250,54.0251,0.0061
15.3750,54.0251,0.0064
15.4250,54.0251,0.0063
15.4750,54.0251,0.0066
15.5250,54.0251,0.0065
15.5750,54.0251,0.0068
15.6250,54.0251,0.0070
15.6750,54.0251,0.0070
15.7250,54.0251,0.0074
15.7750,54.0251,0.0072
15.8250,54.0251,0.0076
15.8750,54.0251,0.0078
15.9250,54.0251,0.0079
15.9750,54.0251,0.0081
16.0250,54.0251,0.0080
16.0750,54.0251,0.0084
16.1250,54.0251,0.0082
16.1750,54.0251,0.0086
16.2250,54.0251,0.0090
16.2750,54.0251,0.0090
16.3250,54.0251,0.0095
16.3750,54.0251,0.0093
16.4250,54.0251,0.0098
16.4750,54.0251,0.0096
16.5250,54.0251,0.0101
16.5750,54.0251,0.0104
16.6250,54.0251,0.0104
16.6750,54.0251,0.0108
16.7250,54.0251,0.0106
16.7750,54.0251,0.0110
16.8250,54.0251,0.0110
16.8750,54.0251,0.0112
16.9250,54.0251,0.0117
16.9750,54.0251,0.0115
17.0250,54.0251,0.0121
17.0750,54.0251,0.0118
17.1250,54.0251,0.0124
17.1750,54.0251,0.0126
17.2250,54.0251,0.0127
17.2750,54.0251,0.0132
17.3250,54.0251,0.0128
17.3750,54.0251,0.0134
17.4250,54.0251,0.0132
17.4750,54.0251,0.0136
17.5250,54.0251,0.0141
17.5750,54.0251,0.0139
17.6250,54.0251,0.0143
17.6750,54.0251,0.0141
17.7250,54.0251,0.0145
17.7750,54.0251,0.0145
17.8250,54.0251,0.0148
17.8750,54.0251,0.0155
17.9250,54.0251,0.0151
17.9750,54.0251,0.0157
18.0250,54.0251,0.0157
18.0750,54.0251,0.0159
18.1250,54.0251,0.0160
18.1750,54.0251,0.0162
18.2250,54.0251,0.0167
18.2750,54.0251,0.0167
18.3250,54.0251,0.0169
18.3750,54.0251,0.0169
18.4250,54.0251,0.0172
18.4750,54.0251,0.0176
18.5250,54.0251,0.0174
18.5750,54.0251,0.0178
18.6250,54.0251,0.0178
18.6750,54.0251,0.0180
18.7250,54.0251,0.0180
18.7750,54.0251,0.0181
18.8250,54.0251,0.0185
18.8750,54.0251,0.0185
18.9250,54.0251,0.0186
18.9750,54.0251,0.0186
19.0250,54.0251,0.0187
19.0750,54.0251,0.0188
19.1250,54.0251,0.0191
19.1750,54.0251,0.0193
19.2250,54.0251,0.0193
19.2750,54.0251,0.0195
19.3250,54.0251,0.0195
19.3750,54.0251,0.0199
19.4250,54.0251,0.0200
19.4750,54.0251,0.0200
19.5250,54.0251,0.0201
19.5750,54.0251,0.0201
19.6250,54.0251,0.0204
19.6750,54.0251,0.0202
19.7250,54.0251,0.0204
19.7750,54.0251,0.0205
19.8250,54.0251,0.0205
19.8750,54.0251,0.0208
19.9250,54.0251,0.0205
19.9750,54.0251,0.0208
20.0250,54.0251,0.0208
20.0750,54.0251,0.0208
20.1250,54.0251,0.0211
20.1750,54.0251,0.0208
20.2250,54.0251,0.0210
20.2750,54.0251,0.0210
20.3250,54.0251,0.0210
20.3750,54.0251,0.0211
20.4250,54.0251,0.0209
20.4750,54.0251,0.0210
20.5250,54.0251,0.0210
20.5750,54.0251,0.0208
20.6250,54.0251,0.0208
20.6750,54.0251,0.0207
20.7250,54.0251,0.0209
20.7750,54.0251,0.0209
20.8250,54.0251,0.0207
20.8750,54.0251,0.0207
20.9250,54.0251,0.0207
20.9750,54.0251,0.0206
21.0250,54.0251,0.0206
21.0750,54.0251,0.0203
21.1250,54.0251,0.0203
21.1750,54.0251,0.0203
21.2250,54.0251,0.0200
21.2750,54.0251,0.0200
21.3250,54.0251,0.0196
21.3750,54.0251,0.0195
21.4250,54.0251,0.0195
21.4750,54.0251,0.0191
21.5250,54.0251,0.0191
21.5750,54.0251,0.0190
21.6250,54.0251,0.0188
21.6750,54.0251,0.0188
21.7250,54.0251,0.0186
21.7750,54.0251,0.0185
21.8250,54.0251,0.0185
21.8750,54.0251,0.0183
21.9250,54.0251,0.0182
21.9750,54.0251,0.0182
22.0250,54.0251,0.0179
22.0750,54.0251,0.0179
22.1250,54.0251,0.0176
22.1750,54.0251,0.0175
22.2250,54.0251,0.0174
22.2750,54.0251,0.0171
22.3250,54.0251,0.0171
22.3750,54.0251,0.0168
22.4250,54.0251,0.0168
22.4750,54.0251,0.0167
22.5250,54.0251,0.0163
22.5750,54.0251,0.0163
22.6250,54.0251,0.0162
22.6750,54.0251,0.0160
22.7250,54.0251,0.0158
22.7750,54.0251,0.0156
22.8250,54.0251,0.0153
22.8750,54.0251,0.0151
22.9250,54.0251,0.0148
22.9750,54.0251,0.0145
23.0250,54.0251,0.0145
23.0750,54.0251,0.0140
23.1250,54.0251,0.0138
23.1750,54.0251,0.0138
23.2250,54.0251,0.0134
23.2750,54.0251,0.0134
23.3250,54.0251,0.0128
23.3750,54.0251,0.0125
23.4250,54.0251,0.0124
23.4750,54.0251,0.0117
23.5250,54.0251,0.0117
23.5750,54.0251,0.0113
23.6250,54.0251,0.0110
23.6750,54.0251,0.0107
23.7250,54.0251,0.0102
23.7750,54.0251,0.0102
23.8250,54.0251,0.0098
23.8750,54.0251,0.0097
23.9250,54.0251,0.0091
23.9750,54.0251,0.0089
24.0250,54.0251,0.0085
24.0750,54.0251,0.0083
24.1250,54.0251,0.0083
24.1750,54.0251,0.0078
14.1250,53.9751,0.0000
14.1750,53.9751,0.0000
14.4750,53.9751,0.0000
14.5250,53.9751,0.0000
14.5750,53.9751,0.0000
14.6250,53.9751,0.0000
14.6750,53.9751,0.0000
14.7250,53.9751,0.0000
14.7750,53.9751,0.0000
14.8250,53.9751,0.0000
14.8750,53.9751,0.0000
14.9250,53.9751,0.0000
14.9750,53.9751,0.0052
15.0250,53.9751,0.0052
15.0750,53.9751,0.0054
15.1250,53.9751,0.0057
15.1750,53.9751,0.0057
15.2250,53.9751,0.0058
15.2750,53.9751,0.0058
15.3250,53.9751,0.0060
15.3750,53.9751,0.0060
15.4250,53.9751,0.0061
15.4750,53.9751,0.0064
15.5250,53.9751,0.0064
15.5750,53.9751,0.0066
15.6250,53.9751,0.0066
15.6750,53.9751,0.0068
15.7250,53.9751,0.0072
15.7750,53.9751,0.0070
15.8250,53.9751,0.0074
15.8750,53.9751,0.0074
15.9250,53.9751,0.0077
15.9750,53.9751,0.0077
16.0250,53.9751,0.0078
16.0750,53.9751,0.0082
16.1250,53.9751,0.0080
16.1750,53.9751,0.0084
16.2250,53.9751,0.0084
16.2750,53.9751,0.0087
16.3250,53.9751,0.0087
16.3750,53.9751,0.0090
16.4250,53.9751,0.0096
16.4750,53.9751,0.0095
16.5250,53.9751,0.0099
16.5750,53.9751,0.0099
16.6250,53.9751,0.0102
16.6750,53.9751,0.0103
16.7250,53.9751,0.0104
16.7750,53.9751,0.0108
16.8250,53.9751,0.0108
16.8750,53.9751,0.0110
16.9250,53.9751,0.0110
16.9750,53.9751,0.0112
17.0250,53.9751,0.0118
17.0750,53.9751,0.0116
17.1250,53.9751,0.0120
17.1750,53.9751,0.0120
17.2250,53.9751,0.0122
17.2750,53.9751,0.0122
17.3250,53.9751,0.0125
17.3750,53.9751,0.0131
17.4250,53.9751,0.0131
17.4750,53.9751,0.0133
17.5250,53.9751,0.0133
17.5750,53.9751,0.0136
17.6250,53.9751,0.0137
17.6750,53.9751,0.0141
17.7250,53.9751,0.0142
17.7750,53.9751,0.0142
17.8250,53.9751,0.0144
17.8750,53.9751,0.0144
17.9250,53.9751,0.0147
17.9750,53.9751,0.0153
18.0250,53.9751,0.0153
18.0750,53.9751,0.0155
18.1250,53.9751,0.0155
18.1750,53.9751,0.0157
18.2250,53.9751,0.0157
18.2750,53.9751,0.0164
18.3250,53.9751,0.0166
18.3750,53.9751,0.0166
18.4250,53.9751,0.0169
18.4750,53.9751,0.0169
18.5250,53.9751,0.0174
18.5750,53.9751,0.0173
18.6250,53.9751,0.0176
18.6750,53.9751,0.0177
18.7250,53.9751,0.0177
18.7750,53.9751,0.0181
18.8250,53.9751,0.0178
18.8750,53.9751,0.0182
18.9250,53.9751,0.0183
18.9750,53.9751,0.0183
19.0250,53.9751,0.0187
19.0750,53.9751,0.0185
19.1250,53.9751,0.0188
19.1750,53.9751,0.0187
19.2250,53.9751,0.0191
19.2750,53.9751,0.0195
19.3250,53.9751,0.0192
19.3750,53.9751,0.0197
19.4250,53.9751,0.0194
19.4750,53.9751,0.0198
19.5250,53.9751,0.0198
19.5750,53.9751,0.0199
19.6250,53.9751,0.0201
19.6750,53.9751,0.0199
19.7250,53.9751,0.0201
19.7750,53.9751,0.0201
19.8250,53.9751,0.0201
19.8750,53.9751,0.0205
19.9250,53.9751,0.0203
19.9750,53.9751,0.0205
20.0250,53.9751,0.0205
20.0750,53.9751,0.0206
20.1250,53.9751,0.0206
20.1750,53.9751,0.0208
20.2250,53.9751,0.0208
20.2750,53.9751,0.0208
20.3250,53.9751,0.0207
20.3750,53.9751,0.0207
20.4250,53.9751,0.0209
20.4750,53.9751,0.0207
20.5250,53.9751,0.0207
20.5750,53.9751,0.0205
20.6250,53.9751,0.0205
20.6750,53.9751,0.0207
20.7250,53.9751,0.0203
20.7750,53.9751,0.0204
20.8250,53.9751,0.0202
20.8750,53.9751,0.0202
20.9250,53.9751,0.0205
20.9750,53.9751,0.0201
21.0250,53.9751,0.0203
21.0750,53.9751,0.0201
21.1250,53.9751,0.0200
21.1750,53.9751,0.0200
21.2250,53.9751,0.0196
21.2750,53.9751,0.0197
21.3250,53.9751,0.0197
21.3750,53.9751,0.0191
21.4250,53.9751,0.0191
21.4750,53.9751,0.0189
21.5250,53.9751,0.0188
21.5750,53.9751,0.0188
21.6250,53.9751,0.0186
21.6750,53.9751,0.0186
21.7250,53.9751,0.0185
21.7750,53.9751,0.0183
21.8250,53.9751,0.0183
21.8750,53.9751,0.0181
21.9250,53.9751,0.0181
21.9750,53.9751,0.0180
22.0250,53.9751,0.0177
22.0750,53.9751,0.0177
22.1250,53.9751,0.0174
22.1750,53.9751,0.0174
22.2250,53.9751,0.0172
22.2750,53.9751,0.0169
22.3250,53.9751,0.0168
22.3750,53.9751,0.0168
22.4250,53.9751,0.0165
22.4750,53.9751,0.0165
22.5250,53.9751,0.0165
22.5750,53.9751,0.0161
22.6250,53.9751,0.0160
22.6750,53.9751,0.0157
22.7250,53.9751,0.0156
22.7750,53.9751,0.0156
22.8250,53.9751,0.0151
22.8750,53.9751,0.0150
22.9250,53.9751,0.0148
22.9750,53.9751,0.0143
23.0250,53.9751,0.0143
23.0750,53.9751,0.0138
23.1250,53.9751,0.0138
23.1750,53.9751,0.0136
23.2250,53.9751,0.0131
23.2750,53.9751,0.0131
23.3250,53.9751,0.0128
23.3750,53.9751,0.0125
23.4250,53.9751,0.0121
23.4750,53.9751,0.0116
23.5250,53.9751,0.0114
23.5750,53.9751,0.0110
23.6250,53.9751,0.0108
23.6750,53.9751,0.0105
23.7250,53.9751,0.0105
23.7750,53.9751,0.0099
23.8250,53.9751,0.0095
23.8750,53.9751,0.0095
23.9250,53.9751,0.0088
23.9750,53.9751,0.0088
24.0250,53.9751,0.0083
24.0750,53.9751,0.0081
24.1250,53.9751,0.0081
24.1750,53.9751,0.0077
14.1250,53.9251,0.0000
14.1750,53.9251,0.0000
14.2250,53.9251,0.0000
14.2750,53.9251,0.0000
14.3250,53.9251,0.0000
14.3750,53.9251,0.0000
14.4250,53.9251,0.0000
14.4750,53.9251,0.0000
14.5250,53.9251,0.0000
14.5750,53.9251,0.0000
14.6250,53.9251,0.0000
14.6750,53.9251,0.0000
14.7250,53.9251,0.0000
14.7750,53.9251,0.0000
14.8250,53.9251,0.0000
14.8750,53.9251,0.0000
14.9250,53.9251,0.0000
14.9750,53.9251,0.0050
15.0250,53.9251,0.0050
15.0750,53.9251,0.0054
15.1250,53.9251,0.0052
15.1750,53.9251,0.0055
15.2250,53.9251,0.0057
15.2750,53.9251,0.0057
15.3250,53.9251,0.0058
15.3750,53.9251,0.0058
15.4250,53.9251,0.0061
15.4750,53.9251,0.0060
15.5250,53.9251,0.0063
15.5750,53.9251,0.0064
15.6250,53.9251,0.0064
15.6750,53.9251,0.0066
15.7250,53.9251,0.0066
15.7750,53.9251,0.0070
15.8250,53.9251,0.0068
15.8750,53.9251,0.0073
15.9250,53.9251,0.0075
15.9750,53.9251,0.0075
16.0250,53.9251,0.0077
16.0750,53.9251,0.0076
16.1250,53.9251,0.0080
16.1750,53.9251,0.0081
16.2250,53.9251,0.0082
16.2750,53.9251,0.0084
16.3250,53.9251,0.0084
16.3750,53.9251,0.0087
16.4250,53.9251,0.0087
16.4750,53.9251,0.0093
16.5250,53.9251,0.0096
16.5750,53.9251,0.0096
16.6250,53.9251,0.0100
16.6750,53.9251,0.0100
16.7250,53.9251,0.0104
16.7750,53.9251,0.0102
16.8250,53.9251,0.0107
16.8750,53.9251,0.0108
16.9250,53.9251,0.0108
16.9750,53.9251,0.0110
17.0250,53.9251,0.0110
17.0750,53.9251,0.0114
17.1250,53.9251,0.0114
17.1750,53.9251,0.0117
17.2250,53.9251,0.0119
17.2750,53.9251,0.0119
17.3250,53.9251,0.0124
17.3750,53.9251,0.0121
17.4250,53.9251,0.0127
17.4750,53.9251,0.0130
17.5250,53.9251,0.0130
17.5750,53.9251,0.0133
17.6250,53.9251,0.0132
17.6750,53.9251,0.0137
17.7250,53.9251,0.0134
17.7750,53.9251,0.0139
17.8250,53.9251,0.0141
17.8750,53.9251,0.0141
17.9250,53.9251,0.0146
17.9750,53.9251,0.0143
18.0250,53.9251,0.0148
18.0750,53.9251,0.0149
18.1250,53.9251,0.0151
18.1750,53.9251,0.0157
18.2250,53.9251,0.0154
18.2750,53.9251,0.0160
18.3250,53.9251,0.0157
18.3750,53.9251,0.0163
18.4250,53.9251,0.0167
18.4750,53.9251,0.0165
18.5250,53.9251,0.0171
18.5750,53.9251,0.0168
18.6250,53.9251,0.0173
18.6750,53.9251,0.0173
18.7250,53.9251,0.0174
18.7750,53.9251,0.0178
18.8250,53.9251,0.0176
18.8750,53.9251,0.0180
18.9250,53.9251,0.0180
18.9750,53.9251,0.0181
19.0250,53.9251,0.0182
19.0750,53.9251,0.0183
19.1250,53.9251,0.0186
19.1750,53.9251,0.0186
19.2250,53.9251,0.0188
19.2750,53.9251,0.0188
19.3250,53.9251,0.0189
19.3750,53.9251,0.0193
19.4250,53.9251,0.0193
19.4750,53.9251,0.0195
19.5250,53.9251,0.0195
19.5750,53.9251,0.0196
19.6250,53.9251,0.0196
19.6750,53.9251,0.0198
19.7250,53.9251,0.0198
19.7750,53.9251,0.0198
19.8250,53.9251,0.0199
19.8750,53.9251,0.0199
19.9250,53.9251,0.0202
19.9750,53.9251,0.0202
20.0250,53.9251,0.0202
20.0750,53.9251,0.0203
20.1250,53.9251,0.0203
20.1750,53.9251,0.0205
20.2250,53.9251,0.0203
20.2750,53.9251,0.0205
20.3250,53.9251,0.0204
20.3750,53.9251,0.0204
20.4250,53.9251,0.0206
20.4750,53.9251,0.0203
20.5250,53.9251,0.0204
20.5750,53.9251,0.0203
20.6250,53.9251,0.0202
20.6750,53.9251,0.0203
20.7250,53.9251,0.0201
20.7750,53.9251,0.0201
20.8250,53.9251,0.0201
20.8750,53.9251,0.0200
20.9250,53.9251,0.0201
20.9750,53.9251,0.0199
21.0250,53.9251,0.0199
21.0750,53.9251,0.0199
21.1250,53.9251,0.0196
21.1750,53.9251,0.0196
21.2250,53.9251,0.0196
21.2750,53.9251,0.0193
21.3250,53.9251,0.0193
21.3750,53.9251,0.0189
21.4250,53.9251,0.0189
21.4750,53.9251,0.0188
21.5250,53.9251,0.0186
21.5750,53.9251,0.0186
21.6250,53.9251,0.0184
21.6750,53.9251,0.0184
21.7250,53.9251,0.0183
21.7750,53.9251,0.0181
21.8250,53.9251,0.0181
21.8750,53.9251,0.0180
21.9250,53.9251,0.0179
21.9750,53.9251,0.0178
22.0250,53.9251,0.0177
22.0750,53.9251,0.0175
22.1250,53.9251,0.0174
22.1750,53.9251,0.0171
22.2250,53.9251,0.0170
22.2750,53.9251,0.0170
22.3250,53.9251,0.0167
22.3750,53.9251,0.0167
22.4250,53.9251,0.0164
22.4750,53.9251,0.0162
22.5250,53.9251,0.0162
22.5750,53.9251,0.0159
22.6250,53.9251,0.0159
22.6750,53.9251,0.0157
22.7250,53.9251,0.0153
22.7750,53.9251,0.0153
22.8250,53.9251,0.0148
22.8750,53.9251,0.0148
22.9250,53.9251,0.0145
22.9750,53.9251,0.0142
23.0250,53.9251,0.0141
23.0750,53.9251,0.0138
23.1250,53.9251,0.0137
23.1750,53.9251,0.0134
23.2250,53.9251,0.0133
23.2750,53.9251,0.0128
23.3250,53.9251,0.0125
23.3750,53.9251,0.0122
23.4250,53.9251,0.0118
23.4750,53.9251,0.0118
23.5250,53.9251,0.0111
23.5750,53.9251,0.0109
23.6250,53.9251,0.0108
23.6750,53.9251,0.0102
23.7250,53.9251,0.0102
23.7750,53.9251,0.0096
23.8250,53.9251,0.0096
23.8750,53.9251,0.0092
23.9250,53.9251,0.0085
23.9750,53.9251,0.0085
24.0250,53.9251,0.0083
24.0750,53.9251,0.0081
24.1250,53.9251,0.0079
24.1750,53.9251,0.0075
14.1250,53.8751,0.0000
14.1750,53.8751,0.0000
14.2250,53.8751,0.0000
14.2750,53.8751,0.0000
14.3250,53.8751,0.0000
14.3750,53.8751,0.0000
14.4250,53.8751,0.0000
14.4750,53.8751,0.0000
14.5250,53.8751,0.0000
14.5750,53.8751,0.0000
14.6250,53.8751,0.0000
14.6750,53.8751,0.0000
14.7250,53.8751,0.0000
14.7750,53.8751,0.0000
14.8250,53.8751,0.0000
14.8750,53.8751,0.0000
14.9250,53.8751,0.0000
14.9750,53.8751,0.0000
15.0250,53.8751,0.0000
15.0750,53.8751,0.0047
15.1250,53.8751,0.0050
15.1750,53.8751,0.0054
15.2250,53.8751,0.0052
15.2750,53.8751,0.0055
15.3250,53.8751,0.0055
15.3750,53.8751,0.0057
15.4250,53.8751,0.0060
15.4750,53.8751,0.0058
15.5250,53.8751,0.0061
15.5750,53.8751,0.0060
15.6250,53.8751,0.0063
15.6750,53.8751,0.0063
15.7250,53.8751,0.0064
15.7750,53.8751,0.0068
15.8250,53.8751,0.0066
15.8750,53.8751,0.0071
15.9250,53.8751,0.0070
15.9750,53.8751,0.0072
16.0250,53.8751,0.0075
16.0750,53.8751,0.0074
16.1250,53.8751,0.0078
16.1750,53.8751,0.0077
16.2250,53.8751,0.0080
16.2750,53.8751,0.0080
16.3250,53.8751,0.0082
16.3750,53.8751,0.0087
16.4250,53.8751,0.0084
16.4750,53.8751,0.0090
16.5250,53.8751,0.0087
16.5750,53.8751,0.0094
16.6250,53.8751,0.0094
16.6750,53.8751,0.0097
16.7250,53.8751,0.0102
16.7750,53.8751,0.0100
16.8250,53.8751,0.0105
16.8750,53.8751,0.0104
16.9250,53.8751,0.0107
16.9750,53.8751,0.0108
17.0250,53.8751,0.0108
17.0750,53.8751,0.0111
17.1250,53.8751,0.0110
17.1750,53.8751,0.0114
17.2250,53.8751,0.0114
17.2750,53.8751,0.0116
17.3250,53.8751,0.0121
17.3750,53.8751,0.0119
17.4250,53.8751,0.0124
17.4750,53.8751,0.0124
17.5250,53.8751,0.0127
17.5750,53.8751,0.0127
17.6250,53.8751,0.0129
17.6750,53.8751,0.0134
17.7250,53.8751,0.0132
17.7750,53.8751,0.0136
17.8250,53.8751,0.0136
17.8750,53.8751,0.0138
17.9250,53.8751,0.0142
17.9750,53.8751,0.0140
18.0250,53.8751,0.0145
18.0750,53.8751,0.0145
18.1250,53.8751,0.0147
18.1750,53.8751,0.0147
18.2250,53.8751,0.0150
18.2750,53.8751,0.0156
18.3250,53.8751,0.0156
18.3750,53.8751,0.0159
18.4250,53.8751,0.0159
18.4750,53.8751,0.0162
18.5250,53.8751,0.0163
18.5750,53.8751,0.0168
18.6250,53.8751,0.0170
18.6750,53.8751,0.0170
18.7250,53.8751,0.0171
18.7750,53.8751,0.0171
18.8250,53.8751,0.0175
18.8750,53.8751,0.0177
18.9250,53.8751,0.0177
18.9750,53.8751,0.0179
19.0250,53.8751,0.0179
19.0750,53.8751,0.0181
19.1250,53.8751,0.0181
19.1750,53.8751,0.0184
19.2250,53.8751,0.0186
19.2750,53.8751,0.0186
19.3250,53.8751,0.0187
19.3750,53.8751,0.0187
19.4250,53.8751,0.0190
19.4750,53.8751,0.0191
19.5250,53.8751,0.0191
19.5750,53.8751,0.0193
19.6250,53.8751,0.0192
19.6750,53.8751,0.0196
19.7250,53.8751,0.0193
19.7750,53.8751,0.0196
19.8250,53.8751,0.0197
19.8750,53.8751,0.0197
19.9250,53.8751,0.0199
19.9750,53.8751,0.0197
20.0250,53.8751,0.0200
20.0750,53.8751,0.0200
20.1250,53.8751,0.0200
20.1750,53.8751,0.0203
20.2250,53.8751,0.0200
20.2750,53.8751,0.0202
20.3250,53.8751,0.0202
20.3750,53.8751,0.0201
20.4250,53.8751,0.0203
20.4750,53.8751,0.0200
20.5250,53.8751,0.0201
20.5750,53.8751,0.0201
20.6250,53.8751,0.0200
20.6750,53.8751,0.0200
20.7250,53.8751,0.0201
20.7750,53.8751,0.0199
20.8250,53.8751,0.0199
20.8750,53.8751,0.0197
20.9250,53.8751,0.0197
20.9750,53.8751,0.0199
21.0250,53.8751,0.0196
21.0750,53.8751,0.0196
21.1250,53.8751,0.0193
21.1750,53.8751,0.0193
21.2250,53.8751,0.0193
21.2750,53.8751,0.0190
21.3250,53.8751,0.0189
21.3750,53.8751,0.0187
21.4250,53.8751,0.0187
21.4750,53.8751,0.0187
21.5250,53.8751,0.0185
21.5750,53.8751,0.0185
21.6250,53.8751,0.0183
21.6750,53.8751,0.0182
21.7250,53.8751,0.0182
21.7750,53.8751,0.0181
21.8250,53.8751,0.0179
21.8750,53.8751,0.0179
21.9250,53.8751,0.0177
21.9750,53.8751,0.0176
22.0250,53.8751,0.0176
22.0750,53.8751,0.0173
22.1250,53.8751,0.0173
22.1750,53.8751,0.0169
22.2250,53.8751,0.0168
22.2750,53.8751,0.0168
22.3250,53.8751,0.0165
22.3750,53.8751,0.0165
22.4250,53.8751,0.0164
22.4750,53.8751,0.0161
22.5250,53.8751,0.0160
22.5750,53.8751,0.0157
22.6250,53.8751,0.0157
22.6750,53.8751,0.0155
22.7250,53.8751,0.0153
22.7750,53.8751,0.0151
22.8250,53.8751,0.0146
22.8750,53.8751,0.0145
22.9250,53.8751,0.0144
22.9750,53.8751,0.0143
23.0250,53.8751,0.0139
23.0750,53.8751,0.0139
23.1250,53.8751,0.0134
23.1750,53.8751,0.0132
23.2250,53.8751,0.0132
23.2750,53.8751,0.0126
23.3250,53.8751,0.0126
23.3750,53.8751,0.0120
23.4250,53.8751,0.0115
23.4750,53.8751,0.0115
23.5250,53.8751,0.0109
23.5750,53.8751,0.0109
23.6250,53.8751,0.0106
23.6750,53.8751,0.0100
23.7250,53.8751,0.0100
23.7750,53.8751,0.0095
23.8250,53.8751,0.0094
23.8750,53.8751,0.0089
23.9250,53.8751,0.0088
23.9750,53.8751,0.0084
24.0250,53.8751,0.0081
24.0750,53.8751,0.0079
24.1250,53.8751,0.0077
24.1750,53.8751,0.0077
14.1250,53.8251,0.0000
14.1750,53.8251,0.0000
14.2250,53.8251,0.0000
14.2750,53.8251,0.0000
14.3250,53.8251,0.0000
14.3750,53.8251,0.0000
14.4250,53.8251,0.0000
14.4750,53.8251,0.0000
14.5250,53.8251,0.0000
14.5750,53.8251,0.0000
14.6250,53.8251,0.0000
14.6750,53.8251,0.0000
14.7250,53.8251,0.0000
14.7750,53.8251,0.0000
14.8250,53.8251,0.0000
14.8750,53.8251,0.0000
14.9250,53.8251,0.0000
14.9750,53.8251,0.0000
15.0250,53.8251,0.0000
15.0750,53.8251,0.0000
15.1250,53.8251,0.0006
15.1750,53.8251,0.0001
15.2250,53.8251,0.0052
15.2750,53.8251,0.0054
15.3250,53.8251,0.0054
15.3750,53.8251,0.0055
15.4250,53.8251,0.0055
15.4750,53.8251,0.0057
15.5250,53.8251,0.0059
15.5750,53.8251,0.0060
15.6250,53.8251,0.0061
15.6750,53.8251,0.0061
15.7250,53.8251,0.0063
15.7750,53.8251,0.0063
15.8250,53.8251,0.0065
15.8750,53.8251,0.0068
15.9250,53.8251,0.0068
15.9750,53.8251,0.0070
16.0250,53.8251,0.0070
16.0750,53.8251,0.0072
16.1250,53.8251,0.0072
16.1750,53.8251,0.0076
16.2250,53.8251,0.0078
16.2750,53.8251,0.0078
16.3250,53.8251,0.0080
16.3750,53.8251,0.0080
16.4250,53.8251,0.0082
16.4750,53.8251,0.0085
16.5250,53.8251,0.0087
16.5750,53.8251,0.0091
16.6250,53.8251,0.0091
16.6750,53.8251,0.0094
16.7250,53.8251,0.0094
16.7750,53.8251,0.0098
16.8250,53.8251,0.0102
16.8750,53.8251,0.0102
16.9250,53.8251,0.0104
16.9750,53.8251,0.0104
17.0250,53.8251,0.0106
17.0750,53.8251,0.0106
17.1250,53.8251,0.0110
17.1750,53.8251,0.0111
17.2250,53.8251,0.0111
17.2750,53.8251,0.0113
17.3250,53.8251,0.0113
17.3750,53.8251,0.0116
17.4250,53.8251,0.0121
17.4750,53.8251,0.0121
17.5250,53.8251,0.0124
17.5750,53.8251,0.0124
17.6250,53.8251,0.0126
17.6750,53.8251,0.0126
17.7250,53.8251,0.0131
17.7750,53.8251,0.0133
17.8250,53.8251,0.0133
17.8750,53.8251,0.0135
17.9250,53.8251,0.0135
17.9750,53.8251,0.0140
18.0250,53.8251,0.0138
18.0750,53.8251,0.0142
18.1250,53.8251,0.0143
18.1750,53.8251,0.0143
18.2250,53.8251,0.0147
18.2750,53.8251,0.0145
18.3250,53.8251,0.0153
18.3750,53.8251,0.0155
18.4250,53.8251,0.0155
18.4750,53.8251,0.0159
18.5250,53.8251,0.0158
18.5750,53.8251,0.0164
18.6250,53.8251,0.0161
18.6750,53.8251,0.0166
18.7250,53.8251,0.0168
18.7750,53.8251,0.0168
18.8250,53.8251,0.0173
18.8750,53.8251,0.0170
18.9250,53.8251,0.0175
18.9750,53.8251,0.0176
19.0250,53.8251,0.0176
19.0750,53.8251,0.0180
19.1250,53.8251,0.0178
19.1750,53.8251,0.0182
19.2250,53.8251,0.0182
19.2750,53.8251,0.0183
19.3250,53.8251,0.0187
19.3750,53.8251,0.0185
19.4250,53.8251,0.0188
19.4750,53.8251,0.0187
19.5250,53.8251,0.0189
19.5750,53.8251,0.0189
19.6250,53.8251,0.0189
19.6750,53.8251,0.0193
19.7250,53.8251,0.0193
19.7750,53.8251,0.0193
19.8250,53.8251,0.0193
19.8750,53.8251,0.0194
19.9250,53.8251,0.0197
19.9750,53.8251,0.0197
20.0250,53.8251,0.0197
20.0750,53.8251,0.0197
20.1250,53.8251,0.0197
20.1750,53.8251,0.0197
20.2250,53.8251,0.0200
20.2750,53.8251,0.0199
20.3250,53.8251,0.0199
20.3750,53.8251,0.0198
20.4250,53.8251,0.0198
20.4750,53.8251,0.0200
20.5250,53.8251,0.0198
20.5750,53.8251,0.0198
20.6250,53.8251,0.0197
20.6750,53.8251,0.0197
20.7250,53.8251,0.0198
20.7750,53.8251,0.0195
20.8250,53.8251,0.0196
20.8750,53.8251,0.0195
20.9250,53.8251,0.0194
20.9750,53.8251,0.0195
21.0250,53.8251,0.0192
21.0750,53.8251,0.0193
21.1250,53.8251,0.0192
21.1750,53.8251,0.0190
21.2250,53.8251,0.0190
21.2750,53.8251,0.0188
21.3250,53.8251,0.0188
21.3750,53.8251,0.0188
21.4250,53.8251,0.0185
21.4750,53.8251,0.0185
21.5250,53.8251,0.0185
21.5750,53.8251,0.0183
21.6250,53.8251,0.0183
21.6750,53.8251,0.0181
21.7250,53.8251,0.0180
21.7750,53.8251,0.0180
21.8250,53.8251,0.0177
21.8750,53.8251,0.0177
21.9250,53.8251,0.0175
21.9750,53.8251,0.0175
22.0250,53.8251,0.0174
22.0750,53.8251,0.0170
22.1250,53.8251,0.0170
22.1750,53.8251,0.0169
22.2250,53.8251,0.0168
22.2750,53.8251,0.0166
22.3250,53.8251,0.0163
22.3750,53.8251,0.0163
22.4250,53.8251,0.0162
22.4750,53.8251,0.0160
22.5250,53.8251,0.0158
22.5750,53.8251,0.0158
22.6250,53.8251,0.0155
22.6750,53.8251,0.0153
22.7250,53.8251,0.0151
22.7750,53.8251,0.0148
22.8250,53.8251,0.0148
22.8750,53.8251,0.0144
22.9250,53.8251,0.0142
22.9750,53.8251,0.0142
23.0250,53.8251,0.0137
23.0750,53.8251,0.0137
23.1250,53.8251,0.0132
23.1750,53.8251,0.0130
23.2250,53.8251,0.0129
23.2750,53.8251,0.0123
23.3250,53.8251,0.0123
23.3750,53.8251,0.0119
23.4250,53.8251,0.0116
23.4750,53.8251,0.0111
23.5250,53.8251,0.0106
23.5750,53.8251,0.0106
23.6250,53.8251,0.0103
23.6750,53.8251,0.0101
23.7250,53.8251,0.0097
23.7750,53.8251,0.0095
23.8250,53.8251,0.0091
23.8750,53.8251,0.0087
23.9250,53.8251,0.0087
23.9750,53.8251,0.0082
24.0250,53.8251,0.0082
24.0750,53.8251,0.0079
24.1250,53.8251,0.0075
24.1750,53.8251,0.0075
14.1250,53.7751,0.0000
14.1750,53.7751,0.0000
14.2250,53.7751,0.0000
14.2750,53.7751,0.0000
14.3250,53.7751,0.0000
14.3750,53.7751,0.0000
14.4250,53.7751,0.0000
14.4750,53.7751,0.0000
14.5250,53.7751,0.0000
14.5750,53.7751,0.0000
14.6250,53.7751,0.0000
14.6750,53.7751,0.0000
14.7250,53.7751,0.0000
14.7750,53.7751,0.0000
14.8250,53.7751,0.0000
14.8750,53.7751,0.0000
14.9250,53.7751,0.0000
14.9750,53.7751,0.0000
15.0250,53.7751,0.0000
15.0750,53.7751,0.0000
15.1250,53.7751,0.0000
15.1750,53.7751,0.0000
15.2250,53.7751,0.0000
15.2750,53.7751,0.0000
15.3250,53.7751,0.0051
15.3750,53.7751,0.0053
15.4250,53.7751,0.0053
15.4750,53.7751,0.0057
15.5250,53.7751,0.0055
15.5750,53.7751,0.0058
15.6250,53.7751,0.0056
15.6750,53.7751,0.0059
15.7250,53.7751,0.0061
15.7750,53.7751,0.0061
15.8250,53.7751,0.0064
15.8750,53.7751,0.0063
15.9250,53.7751,0.0066
15.9750,53.7751,0.0066
16.0250,53.7751,0.0068
16.0750,53.7751,0.0071
16.1250,53.7751,0.0070
16.1750,53.7751,0.0074
16.2250,53.7751,0.0072
16.2750,53.7751,0.0076
16.3250,53.7751,0.0078
16.3750,53.7751,0.0078
16.4250,53.7751,0.0082
16.4750,53.7751,0.0080
16.5250,53.7751,0.0084
16.5750,53.7751,0.0082
16.6250,53.7751,0.0088
16.6750,53.7751,0.0091
16.7250,53.7751,0.0091
16.7750,53.7751,0.0097
16.8250,53.7751,0.0094
16.8750,53.7751,0.0100
16.9250,53.7751,0.0101
16.9750,53.7751,0.0102
17.0250,53.7751,0.0106
17.0750,53.7751,0.0104
17.1250,53.7751,0.0108
17.1750,53.7751,0.0106
17.2250,53.7751,0.0109
17.2750,53.7751,0.0111
17.3250,53.7751,0.0111
17.3750,53.7751,0.0116
17.4250,53.7751,0.0113
17.4750,53.7751,0.0119
17.5250,53.7751,0.0118
17.5750,53.7751,0.0121
17.6250,53.7751,0.0126
17.6750,53.7751,0.0123
17.7250,53.7751,0.0128
17.7750,53.7751,0.0125
17.8250,53.7751,0.0130
17.8750,53.7751,0.0131
17.9250,53.7751,0.0132
17.9750,53.7751,0.0137
18.0250,53.7751,0.0134
18.0750,53.7751,0.0139
18.1250,53.7751,0.0138
18.1750,53.7751,0.0140
18.2250,53.7751,0.0145
18.2750,53.7751,0.0142
18.3250,53.7751,0.0148
18.3750,53.7751,0.0147
18.4250,53.7751,0.0151
18.4750,53.7751,0.0151
18.5250,53.7751,0.0154
18.5750,53.7751,0.0161
18.6250,53.7751,0.0157
18.6750,53.7751,0.0163
18.7250,53.7751,0.0163
18.7750,53.7751,0.0165
18.8250,53.7751,0.0170
18.8750,53.7751,0.0167
18.9250,53.7751,0.0172
18.9750,53.7751,0.0172
19.0250,53.7751,0.0173
19.0750,53.7751,0.0173
19.1250,53.7751,0.0175
19.1750,53.7751,0.0180
19.2250,53.7751,0.0180
19.2750,53.7751,0.0181
19.3250,53.7751,0.0181
19.3750,53.7751,0.0183
19.4250,53.7751,0.0186
19.4750,53.7751,0.0186
19.5250,53.7751,0.0187
19.5750,53.7751,0.0187
19.6250,53.7751,0.0187
19.6750,53.7751,0.0187
19.7250,53.7751,0.0190
19.7750,53.7751,0.0190
19.8250,53.7751,0.0190
19.8750,53.7751,0.0190
19.9250,53.7751,0.0190
19.9750,53.7751,0.0194
20.0250,53.7751,0.0194
20.0750,53.7751,0.0194
20.1250,53.7751,0.0194
20.1750,53.7751,0.0194
20.2250,53.7751,0.0197
20.2750,53.7751,0.0194
20.3250,53.7751,0.0196
20.3750,53.7751,0.0196
20.4250,53.7751,0.0195
20.4750,53.7751,0.0197
20.5250,53.7751,0.0194
20.5750,53.7751,0.0195
20.6250,53.7751,0.0195
20.6750,53.7751,0.0194
20.7250,53.7751,0.0195
20.7750,53.7751,0.0192
20.8250,53.7751,0.0194
20.8750,53.7751,0.0194
20.9250,53.7751,0.0191
20.9750,53.7751,0.0192
21.0250,53.7751,0.0191
21.0750,53.7751,0.0190
21.1250,53.7751,0.0190
21.1750,53.7751,0.0188
21.2250,53.7751,0.0188
21.2750,53.7751,0.0188
21.3250,53.7751,0.0186
21.3750,53.7751,0.0186
21.4250,53.7751,0.0183
21.4750,53.7751,0.0183
21.5250,53.7751,0.0183
21.5750,53.7751,0.0181
21.6250,53.7751,0.0181
21.6750,53.7751,0.0179
21.7250,53.7751,0.0178
21.7750,53.7751,0.0178
21.8250,53.7751,0.0175
21.8750,53.7751,0.0175
21.9250,53.7751,0.0174
21.9750,53.7751,0.0172
22.0250,53.7751,0.0172
22.0750,53.7751,0.0171
22.1250,53.7751,0.0169
22.1750,53.7751,0.0168
22.2250,53.7751,0.0166
22.2750,53.7751,0.0164
22.3250,53.7751,0.0164
22.3750,53.7751,0.0161
22.4250,53.7751,0.0160
22.4750,53.7751,0.0158
22.5250,53.7751,0.0156
22.5750,53.7751,0.0156
22.6250,53.7751,0.0152
22.6750,53.7751,0.0152
22.7250,53.7751,0.0150
22.7750,53.7751,0.0145
22.8250,53.7751,0.0145
22.8750,53.7751,0.0142
22.9250,53.7751,0.0142
22.9750,53.7751,0.0140
23.0250,53.7751,0.0135
23.0750,53.7751,0.0135
23.1250,53.7751,0.0132
23.1750,53.7751,0.0130
23.2250,53.7751,0.0127
23.2750,53.7751,0.0123
23.3250,53.7751,0.0120
23.3750,53.7751,0.0116
23.4250,53.7751,0.0113
23.4750,53.7751,0.0109
23.5250,53.7751,0.0109
23.5750,53.7751,0.0104
23.6250,53.7751,0.0100
23.6750,53.7751,0.0100
23.7250,53.7751,0.0094
23.7750,53.7751,0.0094
23.8250,53.7751,0.0088
23.8750,53.7751,0.0084
23.9250,53.7751,0.0084
23.9750,53.7751,0.0080
24.0250,53.7751,0.0080
24.0750,53.7751,0.0078
24.1250,53.7751,0.0074
24.1750,53.7751,0.0073
14.1250,53.7251,0.0000
14.1750,53.7251,0.0000
14.2250,53.7251,0.0000
14.2750,53.7251,0.0000
14.3250,53.7251,0.0000
14.3750,53.7251,0.0000
14.4250,53.7251,0.0000
14.4750,53.7251,0.0000
14.5250,53.7251,0.0000
14.5750,53.7251,0.0000
14.6250,53.7251,0.0000
14.6750,53.7251,0.0000
14.7250,53.7251,0.0000
14.7750,53.7251,0.0000
14.8250,53.7251,0.0000
14.8750,53.7251,0.0000
14.9250,53.7251,0.0000
14.9750,53.7251,0.0000
15.0250,53.7251,0.0000
15.0750,53.7251,0.0000
15.1250,53.7251,0.0000
15.1750,53.7251,0.0000
15.2250,53.7251,0.0000
15.2750,53.7251,0.0000
15.3250,53.7251,0.0000
15.3750,53.7251,0.0000
15.4250,53.7251,0.0051
15.4750,53.7251,0.0051
15.5250,53.7251,0.0053
15.5750,53.7251,0.0056
15.6250,53.7251,0.0056
15.6750,53.7251,0.0057
15.7250,53.7251,0.0057
15.7750,53.7251,0.0059
15.8250,53.7251,0.0061
15.8750,53.7251,0.0061
15.9250,53.7251,0.0064
15.9750,53.7251,0.0064
16.0250,53.7251,0.0065
16.0750,53.7251,0.0065
16.1250,53.7251,0.0067
16.1750,53.7251,0.0072
16.2250,53.7251,0.0069
16.2750,53.7251,0.0074
16.3250,53.7251,0.0074
16.3750,53.7251,0.0076
16.4250,53.7251,0.0076
16.4750,53.7251,0.0078
16.5250,53.7251,0.0082
16.5750,53.7251,0.0081
16.6250,53.7251,0.0085
16.6750,53.7251,0.0085
16.7250,53.7251,0.0087
16.7750,53.7251,0.0093
16.8250,53.7251,0.0091
16.8750,53.7251,0.0097
16.9250,53.7251,0.0097
16.9750,53.7251,0.0100
17.0250,53.7251,0.0100
17.0750,53.7251,0.0102
17.1250,53.7251,0.0106
17.1750,53.7251,0.0105
17.2250,53.7251,0.0108
17.2750,53.7251,0.0108
17.3250,53.7251,0.0109
17.3750,53.7251,0.0110
17.4250,53.7251,0.0111
17.4750,53.7251,0.0116
17.5250,53.7251,0.0116
17.5750,53.7251,0.0118
17.6250,53.7251,0.0118
17.6750,53.7251,0.0120
17.7250,53.7251,0.0125
17.7750,53.7251,0.0125
17.8250,53.7251,0.0127
17.8750,53.7251,0.0127
17.9250,53.7251,0.0129
17.9750,53.7251,0.0129
18.0250,53.7251,0.0131
18.0750,53.7251,0.0135
18.1250,53.7251,0.0135
18.1750,53.7251,0.0137
18.2250,53.7251,0.0137
18.2750,53.7251,0.0139
18.3250,53.7251,0.0144
18.3750,53.7251,0.0144
18.4250,53.7251,0.0147
18.4750,53.7251,0.0147
18.5250,53.7251,0.0149
18.5750,53.7251,0.0149
18.6250,53.7251,0.0157
18.6750,53.7251,0.0159
18.7250,53.7251,0.0159
18.7750,53.7251,0.0162
18.8250,53.7251,0.0162
18.8750,53.7251,0.0167
18.9250,53.7251,0.0168
18.9750,53.7251,0.0169
19.0250,53.7251,0.0171
19.0750,53.7251,0.0171
19.1250,53.7251,0.0175
19.1750,53.7251,0.0173
19.2250,53.7251,0.0177
19.2750,53.7251,0.0178
19.3250,53.7251,0.0178
19.3750,53.7251,0.0182
19.4250,53.7251,0.0180
19.4750,53.7251,0.0184
19.5250,53.7251,0.0184
19.5750,53.7251,0.0184
19.6250,53.7251,0.0187
19.6750,53.7251,0.0185
19.7250,53.7251,0.0187
19.7750,53.7251,0.0186
19.8250,53.7251,0.0188
19.8750,53.7251,0.0190
19.9250,53.7251,0.0188
19.9750,53.7251,0.0191
20.0250,53.7251,0.0189
20.0750,53.7251,0.0191
20.1250,53.7251,0.0191
20.1750,53.7251,0.0191
20.2250,53.7251,0.0194
20.2750,53.7251,0.0192
20.3250,53.7251,0.0193
20.3750,53.7251,0.0193
20.4250,53.7251,0.0192
20.4750,53.7251,0.0194
20.5250,53.7251,0.0194
20.5750,53.7251,0.0192
20.6250,53.7251,0.0192
20.6750,53.7251,0.0191
20.7250,53.7251,0.0191
20.7750,53.7251,0.0192
20.8250,53.7251,0.0190
20.8750,53.7251,0.0190
20.9250,53.7251,0.0189
20.9750,53.7251,0.0189
21.0250,53.7251,0.0189
21.0750,53.7251,0.0188
21.1250,53.7251,0.0188
21.1750,53.7251,0.0186
21.2250,53.7251,0.0186
21.2750,53.7251,0.0186
21.3250,53.7251,0.0184
21.3750,53.7251,0.0184
21.4250,53.7251,0.0182
21.4750,53.7251,0.0181
21.5250,53.7251,0.0181
21.5750,53.7251,0.0180
21.6250,53.7251,0.0179
21.6750,53.7251,0.0178
21.7250,53.7251,0.0177
21.7750,53.7251,0.0176
21.8250,53.7251,0.0176
21.8750,53.7251,0.0173
21.9250,53.7251,0.0173
21.9750,53.7251,0.0171
22.0250,53.7251,0.0170
22.0750,53.7251,0.0170
22.1250,53.7251,0.0167
22.1750,53.7251,0.0167
22.2250,53.7251,0.0164
22.2750,53.7251,0.0162
22.3250,53.7251,0.0162
22.3750,53.7251,0.0159
22.4250,53.7251,0.0159
22.4750,53.7251,0.0158
22.5250,53.7251,0.0154
22.5750,53.7251,0.0154
22.6250,53.7251,0.0150
22.6750,53.7251,0.0150
22.7250,53.7251,0.0148
22.7750,53.7251,0.0145
22.8250,53.7251,0.0143
22.8750,53.7251,0.0141
22.9250,53.7251,0.0140
22.9750,53.7251,0.0138
23.0250,53.7251,0.0137
23.0750,53.7251,0.0133
23.1250,53.7251,0.0130
23.1750,53.7251,0.0127
23.2250,53.7251,0.0124
23.2750,53.7251,0.0124
23.3250,53.7251,0.0117
23.3750,53.7251,0.0115
23.4250,53.7251,0.0112
23.4750,53.7251,0.0107
23.5250,53.7251,0.0107
23.5750,53.7251,0.0102
23.6250,53.7251,0.0102
23.6750,53.7251,0.0098
23.7250,53.7251,0.0091
23.7750,53.7251,0.0091
23.8250,53.7251,0.0087
23.8750,53.7251,0.0085
23.9250,53.7251,0.0082
23.9750,53.7251,0.0078
24.0250,53.7251,0.0078
24.0750,53.7251,0.0075
24.1250,53.7251,0.0074
24.1750,53.7251,0.0071
14.1250,53.6751,0.0000
14.1750,53.6751,0.0000
14.2250,53.6751,0.0000
14.2750,53.6751,0.0000
14.3250,53.6751,0.0000
14.3750,53.6751,0.0000
14.4250,53.6751,0.0000
14.4750,53.6751,0.0000
14.5250,53.6751,0.0000
14.5750,53.6751,0.0000
14.6250,53.6751,0.0000
14.6750,53.6751,0.0000
14.7250,53.6751,0.0000
14.7750,53.6751,0.0000
14.8250,53.6751,0.0000
14.8750,53.6751,0.0000
14.9250,53.6751,0.0000
14.9750,53.6751,0.0000
15.0250,53.6751,0.0000
15.0750,53.6751,0.0000
15.1250,53.6751,0.0000
15.1750,53.6751,0.0000
15.2250,53.6751,0.0000
15.2750,53.6751,0.0000
15.3250,53.6751,0.0000
15.3750,53.6751,0.0000
15.4250,53.6751,0.0000
15.4750,53.6751,0.0000
15.5250,53.6751,0.0053
15.5750,53.6751,0.0050
15.6250,53.6751,0.0054
15.6750,53.6751,0.0055
15.7250,53.6751,0.0056
15.7750,53.6751,0.0057
15.8250,53.6751,0.0057
15.8750,53.6751,0.0061
15.9250,53.6751,0.0059
15.9750,53.6751,0.0062
16.0250,53.6751,0.0064
16.0750,53.6751,0.0064
16.1250,53.6751,0.0065
16.1750,53.6751,0.0065
16.2250,53.6751,0.0069
16.2750,53.6751,0.0070
16.3250,53.6751,0.0071
16.3750,53.6751,0.0073
16.4250,53.6751,0.0073
16.4750,53.6751,0.0076
16.5250,53.6751,0.0075
16.5750,53.6751,0.0080
16.6250,53.6751,0.0082
16.6750,53.6751,0.0082
16.7250,53.6751,0.0084
16.7750,53.6751,0.0084
16.8250,53.6751,0.0091
16.8750,53.6751,0.0088
16.9250,53.6751,0.0094
16.9750,53.6751,0.0097
17.0250,53.6751,0.0097
17.0750,53.6751,0.0100
17.1250,53.6751,0.0099
17.1750,53.6751,0.0104
17.2250,53.6751,0.0106
17.2750,53.6751,0.0106
17.3250,53.6751,0.0108
17.3750,53.6751,0.0108
17.4250,53.6751,0.0111
17.4750,53.6751,0.0109
17.5250,53.6751,0.0114
17.5750,53.6751,0.0116
17.6250,53.6751,0.0116
17.6750,53.6751,0.0118
17.7250,53.6751,0.0118
17.7750,53.6751,0.0122
17.8250,53.6751,0.0124
17.8750,53.6751,0.0124
17.9250,53.6751,0.0126
17.9750,53.6751,0.0126
18.0250,53.6751,0.0131
18.0750,53.6751,0.0128
18.1250,53.6751,0.0132
18.1750,53.6751,0.0134
18.2250,53.6751,0.0134
18.2750,53.6751,0.0139
18.3250,53.6751,0.0136
18.3750,53.6751,0.0141
18.4250,53.6751,0.0141
18.4750,53.6751,0.0143
18.5250,53.6751,0.0147
18.5750,53.6751,0.0145
18.6250,53.6751,0.0153
18.6750,53.6751,0.0148
18.7250,53.6751,0.0155
18.7750,53.6751,0.0159
18.8250,53.6751,0.0158
18.8750,53.6751,0.0163
18.9250,53.6751,0.0160
18.9750,53.6751,0.0165
19.0250,53.6751,0.0165
19.0750,53.6751,0.0167
19.1250,53.6751,0.0173
19.1750,53.6751,0.0170
19.2250,53.6751,0.0174
19.2750,53.6751,0.0174
19.3250,53.6751,0.0176
19.3750,53.6751,0.0179
19.4250,53.6751,0.0177
19.4750,53.6751,0.0181
19.5250,53.6751,0.0181
19.5750,53.6751,0.0182
19.6250,53.6751,0.0182
19.6750,53.6751,0.0183
19.7250,53.6751,0.0185
19.7750,53.6751,0.0185
19.8250,53.6751,0.0186
19.8750,53.6751,0.0186
19.9250,53.6751,0.0186
19.9750,53.6751,0.0189
20.0250,53.6751,0.0189
20.0750,53.6751,0.0189
20.1250,53.6751,0.0189
20.1750,53.6751,0.0188
20.2250,53.6751,0.0189
20.2750,53.6751,0.0191
20.3250,53.6751,0.0190
20.3750,53.6751,0.0190
20.4250,53.6751,0.0189
20.4750,53.6751,0.0189
20.5250,53.6751,0.0191
20.5750,53.6751,0.0189
20.6250,53.6751,0.0189
20.6750,53.6751,0.0188
20.7250,53.6751,0.0188
20.7750,53.6751,0.0189
20.8250,53.6751,0.0188
20.8750,53.6751,0.0188
20.9250,53.6751,0.0188
20.9750,53.6751,0.0187
21.0250,53.6751,0.0187
21.0750,53.6751,0.0186
21.1250,53.6751,0.0186
21.1750,53.6751,0.0185
21.2250,53.6751,0.0184
21.2750,53.6751,0.0184
21.3250,53.6751,0.0183
21.3750,53.6751,0.0182
21.4250,53.6751,0.0182
21.4750,53.6751,0.0179
21.5250,53.6751,0.0179
21.5750,53.6751,0.0179
21.6250,53.6751,0.0177
21.6750,53.6751,0.0177
21.7250,53.6751,0.0175
21.7750,53.6751,0.0174
21.8250,53.6751,0.0174
21.8750,53.6751,0.0171
21.9250,53.6751,0.0171
21.9750,53.6751,0.0169
22.0250,53.6751,0.0168
22.0750,53.6751,0.0168
22.1250,53.6751,0.0165
22.1750,53.6751,0.0165
22.2250,53.6751,0.0164
22.2750,53.6751,0.0161
22.3250,53.6751,0.0160
22.3750,53.6751,0.0157
22.4250,53.6751,0.0157
22.4750,53.6751,0.0156
22.5250,53.6751,0.0154
22.5750,53.6751,0.0152
22.6250,53.6751,0.0150
22.6750,53.6751,0.0148
22.7250,53.6751,0.0146
22.7750,53.6751,0.0145
22.8250,53.6751,0.0142
22.8750,53.6751,0.0142
22.9250,53.6751,0.0138
22.9750,53.6751,0.0136
23.0250,53.6751,0.0136
23.0750,53.6751,0.0130
23.1250,53.6751,0.0130
23.1750,53.6751,0.0125
23.2250,53.6751,0.0121
23.2750,53.6751,0.0121
23.3250,53.6751,0.0114
23.3750,53.6751,0.0114
23.4250,53.6751,0.0110
23.4750,53.6751,0.0105
23.5250,53.6751,0.0105
23.5750,53.6751,0.0100
23.6250,53.6751,0.0099
23.6750,53.6751,0.0096
23.7250,53.6751,0.0094
23.7750,53.6751,0.0089
23.8250,53.6751,0.0085
23.8750,53.6751,0.0083
23.9250,53.6751,0.0080
23.9750,53.6751,0.0080
24.0250,53.6751,0.0076
24.0750,53.6751,0.0074
24.1250,53.6751,0.0074
24.1750,53.6751,0.0069
14.1250,53.6251,0.0000
14.1750,53.6251,0.0000
14.2250,53.6251,0.0000
14.2750,53.6251,0.0000
14.3250,53.6251,0.0000
14.3750,53.6251,0.0000
14.4250,53.6251,0.0000
14.4750,53.6251,0.0000
14.5250,53.6251,0.0000
14.5750,53.6251,0.0000
14.6250,53.6251,0.0000
14.6750,53.6251,0.0000
14.7250,53.6251,0.0000
14.7750,53.6251,0.0000
14.8250,53.6251,0.0000
14.8750,53.6251,0.0000
14.9250,53.6251,0.0000
14.9750,53.6251,0.0000
15.0250,53.6251,0.0000
15.0750,53.6251,0.0000
15.1250,53.6251,0.0000
15.1750,53.6251,0.0000
15.2250,53.6251,0.0000
15.2750,53.6251,0.0000
15.3250,53.6251,0.0000
15.3750,53.6251,0.0000
15.4250,53.6251,0.0000
15.4750,53.6251,0.0000
15.5250,53.6251,0.0049
15.5750,53.6251,0.0000
15.6250,53.6251,0.0052
15.6750,53.6251,0.0035
15.7250,53.6251,0.0054
15.7750,53.6251,0.0054
15.8250,53.6251,0.0056
15.8750,53.6251,0.0059
15.9250,53.6251,0.0057
15.9750,53.6251,0.0060
16.0250,53.6251,0.0060
16.0750,53.6251,0.0062
16.1250,53.6251,0.0063
16.1750,53.6251,0.0063
16.2250,53.6251,0.0067
16.2750,53.6251,0.0064
16.3250,53.6251,0.0069
16.3750,53.6251,0.0069
16.4250,53.6251,0.0071
16.4750,53.6251,0.0075
16.5250,53.6251,0.0073
16.5750,53.6251,0.0077
16.6250,53.6251,0.0075
16.6750,53.6251,0.0080
16.7250,53.6251,0.0080
16.7750,53.6251,0.0082
16.8250,53.6251,0.0087
16.8750,53.6251,0.0084
16.9250,53.6251,0.0091
16.9750,53.6251,0.0090
17.0250,53.6251,0.0094
17.0750,53.6251,0.0099
17.1250,53.6251,0.0097
17.1750,53.6251,0.0102
17.2250,53.6251,0.0099
17.2750,53.6251,0.0104
17.3250,53.6251,0.0104
17.3750,53.6251,0.0106
17.4250,53.6251,0.0109
17.4750,53.6251,0.0107
17.5250,53.6251,0.0111
17.5750,53.6251,0.0111
17.6250,53.6251,0.0113
17.6750,53.6251,0.0117
17.7250,53.6251,0.0116
17.7750,53.6251,0.0120
17.8250,53.6251,0.0118
17.8750,53.6251,0.0122
17.9250,53.6251,0.0122
17.9750,53.6251,0.0123
18.0250,53.6251,0.0128
18.0750,53.6251,0.0125
18.1250,53.6251,0.0129
18.1750,53.6251,0.0129
18.2250,53.6251,0.0131
18.2750,53.6251,0.0134
18.3250,53.6251,0.0133
18.3750,53.6251,0.0138
18.4250,53.6251,0.0138
18.4750,53.6251,0.0140
18.5250,53.6251,0.0140
18.5750,53.6251,0.0142
18.6250,53.6251,0.0148
18.6750,53.6251,0.0147
18.7250,53.6251,0.0150
18.7750,53.6251,0.0150
18.8250,53.6251,0.0153
18.8750,53.6251,0.0157
18.9250,53.6251,0.0158
18.9750,53.6251,0.0162
19.0250,53.6251,0.0162
19.0750,53.6251,0.0164
19.1250,53.6251,0.0164
19.1750,53.6251,0.0167
19.2250,53.6251,0.0171
19.2750,53.6251,0.0171
19.3250,53.6251,0.0173
19.3750,53.6251,0.0173
19.4250,53.6251,0.0175
19.4750,53.6251,0.0178
19.5250,53.6251,0.0178
19.5750,53.6251,0.0179
19.6250,53.6251,0.0179
19.6750,53.6251,0.0181
19.7250,53.6251,0.0180
19.7750,53.6251,0.0183
19.8250,53.6251,0.0184
19.8750,53.6251,0.0184
19.9250,53.6251,0.0184
19.9750,53.6251,0.0184
20.0250,53.6251,0.0187
20.0750,53.6251,0.0186
20.1250,53.6251,0.0186
20.1750,53.6251,0.0187
20.2250,53.6251,0.0187
20.2750,53.6251,0.0188
20.3250,53.6251,0.0186
20.3750,53.6251,0.0188
20.4250,53.6251,0.0188
20.4750,53.6251,0.0187
20.5250,53.6251,0.0188
20.5750,53.6251,0.0187
20.6250,53.6251,0.0187
20.6750,53.6251,0.0188
20.7250,53.6251,0.0186
20.7750,53.6251,0.0187
20.8250,53.6251,0.0187
20.8750,53.6251,0.0186
20.9250,53.6251,0.0186
20.9750,53.6251,0.0185
21.0250,53.6251,0.0186
21.0750,53.6251,0.0186
21.1250,53.6251,0.0184
21.1750,53.6251,0.0184
21.2250,53.6251,0.0182
21.2750,53.6251,0.0182
21.3250,53.6251,0.0182
21.3750,53.6251,0.0179
21.4250,53.6251,0.0179
21.4750,53.6251,0.0177
21.5250,53.6251,0.0177
21.5750,53.6251,0.0177
21.6250,53.6251,0.0175
21.6750,53.6251,0.0175
21.7250,53.6251,0.0174
21.7750,53.6251,0.0172
21.8250,53.6251,0.0172
21.8750,53.6251,0.0170
21.9250,53.6251,0.0170
21.9750,53.6251,0.0169
22.0250,53.6251,0.0167
22.0750,53.6251,0.0165
22.1250,53.6251,0.0164
22.1750,53.6251,0.0163
22.2250,53.6251,0.0161
22.2750,53.6251,0.0160
22.3250,53.6251,0.0158
22.3750,53.6251,0.0158
22.4250,53.6251,0.0155
22.4750,53.6251,0.0154
22.5250,53.6251,0.0153
22.5750,53.6251,0.0150
22.6250,53.6251,0.0150
22.6750,53.6251,0.0146
22.7250,53.6251,0.0144
22.7750,53.6251,0.0144
22.8250,53.6251,0.0140
22.8750,53.6251,0.0140
22.9250,53.6251,0.0136
22.9750,53.6251,0.0136
23.0250,53.6251,0.0134
23.0750,53.6251,0.0128
23.1250,53.6251,0.0128
23.1750,53.6251,0.0125
23.2250,53.6251,0.0122
23.2750,53.6251,0.0118
23.3250,53.6251,0.0111
23.3750,53.6251,0.0111
23.4250,53.6251,0.0108
23.4750,53.6251,0.0107
23.5250,53.6251,0.0103
23.5750,53.6251,0.0101
23.6250,53.6251,0.0097
23.6750,53.6251,0.0093
23.7250,53.6251,0.0093
23.7750,53.6251,0.0086
23.8250,53.6251,0.0086
23.8750,53.6251,0.0082
23.9250,53.6251,0.0079
23.9750,53.6251,0.0079
24.0250,53.6251,0.0074
24.0750,53.6251,0.0074
24.1250,53.6251,0.0071
24.1750,53.6251,0.0067
14.1250,53.5751,0.0000
14.1750,53.5751,0.0000
14.2250,53.5751,0.0000
14.2750,53.5751,0.0000
14.3250,53.5751,0.0000
14.3750,53.5751,0.0000
14.4250,53.5751,0.0000
14.4750,53.5751,0.0000
14.5250,53.5751,0.0000
14.5750,53.5751,0.0000
14.6250,53.5751,0.0000
14.6750,53.5751,0.0000
14.7250,53.5751,0.0000
14.7750,53.5751,0.0000
14.8250,53.5751,0.0000
14.8750,53.5751,0.0000
14.9250,53.5751,0.0000
14.9750,53.5751,0.0000
15.0250,53.5751,0.0000
15.0750,53.5751,0.0000
15.1250,53.5751,0.0000
15.1750,53.5751,0.0000
15.2250,53.5751,0.0000
15.2750,53.5751,0.0000
15.3250,53.5751,0.0000
15.3750,53.5751,0.0000
15.4250,53.5751,0.0000
15.4750,53.5751,0.0000
15.5250,53.5751,0.0000
15.5750,53.5751,0.0000
15.6250,53.5751,0.0000
15.6750,53.5751,0.0000
15.7250,53.5751,0.0052
15.7750,53.5751,0.0052
15.8250,53.5751,0.0054
15.8750,53.5751,0.0054
15.9250,53.5751,0.0057
15.9750,53.5751,0.0059
16.0250,53.5751,0.0059
16.0750,53.5751,0.0060
16.1250,53.5751,0.0060
16.1750,53.5751,0.0062
16.2250,53.5751,0.0062
16.2750,53.5751,0.0064
16.3250,53.5751,0.0066
16.3750,53.5751,0.0066
16.4250,53.5751,0.0069
16.4750,53.5751,0.0069
16.5250,53.5751,0.0071
16.5750,53.5751,0.0075
16.6250,53.5751,0.0075
16.6750,53.5751,0.0077
16.7250,53.5751,0.0077
16.7750,53.5751,0.0080
16.8250,53.5751,0.0080
16.8750,53.5751,0.0082
16.9250,53.5751,0.0087
16.9750,53.5751,0.0087
17.0250,53.5751,0.0090
17.0750,53.5751,0.0090
17.1250,53.5751,0.0093
17.1750,53.5751,0.0096
17.2250,53.5751,0.0099
17.2750,53.5751,0.0101
17.3250,53.5751,0.0101
17.3750,53.5751,0.0103
17.4250,53.5751,0.0103
17.4750,53.5751,0.0106
17.5250,53.5751,0.0109
17.5750,53.5751,0.0109
17.6250,53.5751,0.0111
17.6750,53.5751,0.0111
17.7250,53.5751,0.0113
17.7750,53.5751,0.0114
17.8250,53.5751,0.0118
17.8750,53.5751,0.0119
17.9250,53.5751,0.0119
17.9750,53.5751,0.0121
18.0250,53.5751,0.0121
18.0750,53.5751,0.0125
18.1250,53.5751,0.0126
18.1750,53.5751,0.0126
18.2250,53.5751,0.0128
18.2750,53.5751,0.0128
18.3250,53.5751,0.0131
18.3750,53.5751,0.0130
18.4250,53.5751,0.0135
18.4750,53.5751,0.0137
18.5250,53.5751,0.0137
18.5750,53.5751,0.0139
18.6250,53.5751,0.0139
18.6750,53.5751,0.0144
18.7250,53.5751,0.0145
18.7750,53.5751,0.0145
18.8250,53.5751,0.0148
18.8750,53.5751,0.0148
18.9250,53.5751,0.0155
18.9750,53.5751,0.0153
19.0250,53.5751,0.0158
19.0750,53.5751,0.0160
19.1250,53.5751,0.0160
19.1750,53.5751,0.0166
19.2250,53.5751,0.0163
19.2750,53.5751,0.0168
19.3250,53.5751,0.0170
19.3750,53.5751,0.0170
19.4250,53.5751,0.0174
19.4750,53.5751,0.0171
19.5250,53.5751,0.0176
19.5750,53.5751,0.0175
19.6250,53.5751,0.0177
19.6750,53.5751,0.0180
19.7250,53.5751,0.0177
19.7750,53.5751,0.0181
19.8250,53.5751,0.0180
19.8750,53.5751,0.0181
19.9250,53.5751,0.0184
19.9750,53.5751,0.0181
20.0250,53.5751,0.0184
20.0750,53.5751,0.0184
20.1250,53.5751,0.0185
20.1750,53.5751,0.0185
20.2250,53.5751,0.0184
20.2750,53.5751,0.0186
20.3250,53.5751,0.0186
20.3750,53.5751,0.0186
20.4250,53.5751,0.0186
20.4750,53.5751,0.0185
20.5250,53.5751,0.0186
20.5750,53.5751,0.0186
20.6250,53.5751,0.0185
20.6750,53.5751,0.0185
20.7250,53.5751,0.0184
20.7750,53.5751,0.0185
20.8250,53.5751,0.0185
20.8750,53.5751,0.0184
20.9250,53.5751,0.0184
20.9750,53.5751,0.0183
21.0250,53.5751,0.0183
21.0750,53.5751,0.0184
21.1250,53.5751,0.0182
21.1750,53.5751,0.0182
21.2250,53.5751,0.0181
21.2750,53.5751,0.0180
21.3250,53.5751,0.0180
21.3750,53.5751,0.0177
21.4250,53.5751,0.0177
21.4750,53.5751,0.0177
21.5250,53.5751,0.0175
21.5750,53.5751,0.0175
21.6250,53.5751,0.0174
21.6750,53.5751,0.0173
21.7250,53.5751,0.0172
21.7750,53.5751,0.0170
21.8250,53.5751,0.0170
21.8750,53.5751,0.0170
21.9250,53.5751,0.0168
21.9750,53.5751,0.0167
22.0250,53.5751,0.0165
22.0750,53.5751,0.0164
22.1250,53.5751,0.0164
22.1750,53.5751,0.0161
22.2250,53.5751,0.0161
22.2750,53.5751,0.0159
22.3250,53.5751,0.0156
22.3750,53.5751,0.0156
22.4250,53.5751,0.0153
22.4750,53.5751,0.0153
22.5250,53.5751,0.0152
22.5750,53.5751,0.0148
22.6250,53.5751,0.0148
22.6750,53.5751,0.0144
22.7250,53.5751,0.0144
22.7750,53.5751,0.0142
22.8250,53.5751,0.0139
22.8750,53.5751,0.0139
22.9250,53.5751,0.0136
22.9750,53.5751,0.0134
23.0250,53.5751,0.0131
23.0750,53.5751,0.0130
23.1250,53.5751,0.0126
23.1750,53.5751,0.0122
23.2250,53.5751,0.0120
23.2750,53.5751,0.0115
23.3250,53.5751,0.0115
23.3750,53.5751,0.0109
23.4250,53.5751,0.0106
23.4750,53.5751,0.0106
23.5250,53.5751,0.0101
23.5750,53.5751,0.0101
23.6250,53.5751,0.0094
23.6750,53.5751,0.0091
23.7250,53.5751,0.0090
23.7750,53.5751,0.0084
23.8250,53.5751,0.0084
23.8750,53.5751,0.0082
23.9250,53.5751,0.0078
23.9750,53.5751,0.0077
24.0250,53.5751,0.0072
24.0750,53.5751,0.0072
24.1250,53.5751,0.0069
24.1750,53.5751,0.0068
14.1250,53.5251,0.0000
14.1750,53.5251,0.0000
14.2250,53.5251,0.0000
14.2750,53.5251,0.0000
14.3250,53.5251,0.0000
14.3750,53.5251,0.0000
14.4250,53.5251,0.0000
14.4750,53.5251,0.0000
14.5250,53.5251,0.0000
14.5750,53.5251,0.0000
14.6250,53.5251,0.0000
14.6750,53.5251,0.0000
14.7250,53.5251,0.0000
14.7750,53.5251,0.0000
14.8250,53.5251,0.0000
14.8750,53.5251,0.0000
14.9250,53.5251,0.0000
14.9750,53.5251,0.0000
15.0250,53.5251,0.0000
15.0750,53.5251,0.0000
15.1250,53.5251,0.0000
15.1750,53.5251,0.0000
15.2250,53.5251,0.0000
15.2750,53.5251,0.0000
15.3250,53.5251,0.0000
15.3750,53.5251,0.0000
15.4250,53.5251,0.0000
15.4750,53.5251,0.0000
15.5250,53.5251,0.0000
15.5750,53.5251,0.0000
15.6250,53.5251,0.0000
15.6750,53.5251,0.0000
15.7250,53.5251,0.0000
15.7750,53.5251,0.0000
15.8250,53.5251,0.0051
15.8750,53.5251,0.0052
15.9250,53.5251,0.0055
15.9750,53.5251,0.0053
16.0250,53.5251,0.0057
16.0750,53.5251,0.0057
16.1250,53.5251,0.0058
16.1750,53.5251,0.0061
16.2250,53.5251,0.0060
16.2750,53.5251,0.0063
16.3250,53.5251,0.0061
16.3750,53.5251,0.0064
16.4250,53.5251,0.0066
16.4750,53.5251,0.0066
16.5250,53.5251,0.0070
16.5750,53.5251,0.0068
16.6250,53.5251,0.0073
16.6750,53.5251,0.0071
16.7250,53.5251,0.0075
16.7750,53.5251,0.0078
16.8250,53.5251,0.0077
16.8750,53.5251,0.0082
16.9250,53.5251,0.0080
16.9750,53.5251,0.0084
17.0250,53.5251,0.0087
17.0750,53.5251,0.0087
17.1250,53.5251,0.0092
17.1750,53.5251,0.0090
17.2250,53.5251,0.0096
17.2750,53.5251,0.0093
17.3250,53.5251,0.0098
17.3750,53.5251,0.0101
17.4250,53.5251,0.0100
17.4750,53.5251,0.0105
17.5250,53.5251,0.0103
17.5750,53.5251,0.0107
17.6250,53.5251,0.0109
17.6750,53.5251,0.0109
17.7250,53.5251,0.0113
17.7750,53.5251,0.0110
17.8250,53.5251,0.0115
17.8750,53.5251,0.0112
17.9250,53.5251,0.0117
17.9750,53.5251,0.0119
18.0250,53.5251,0.0118
18.0750,53.5251,0.0122
18.1250,53.5251,0.0119
18.1750,53.5251,0.0123
18.2250,53.5251,0.0125
18.2750,53.5251,0.0125
18.3250,53.5251,0.0130
18.3750,53.5251,0.0127
18.4250,53.5251,0.0132
18.4750,53.5251,0.0131
18.5250,53.5251,0.0133
18.5750,53.5251,0.0138
18.6250,53.5251,0.0135
18.6750,53.5251,0.0141
18.7250,53.5251,0.0138
18.7750,53.5251,0.0142
18.8250,53.5251,0.0144
18.8750,53.5251,0.0144
18.9250,53.5251,0.0151
18.9750,53.5251,0.0146
19.0250,53.5251,0.0153
19.0750,53.5251,0.0153
19.1250,53.5251,0.0155
19.1750,53.5251,0.0163
19.2250,53.5251,0.0159
19.2750,53.5251,0.0165
19.3250,53.5251,0.0165
19.3750,53.5251,0.0167
19.4250,53.5251,0.0170
19.4750,53.5251,0.0168
19.5250,53.5251,0.0173
19.5750,53.5251,0.0173
19.6250,53.5251,0.0174
19.6750,53.5251,0.0174
19.7250,53.5251,0.0174
19.7750,53.5251,0.0178
19.8250,53.5251,0.0178
19.8750,53.5251,0.0178
19.9250,53.5251,0.0178
19.9750,53.5251,0.0179
20.0250,53.5251,0.0182
20.0750,53.5251,0.0182
20.1250,53.5251,0.0182
20.1750,53.5251,0.0182
20.2250,53.5251,0.0182
20.2750,53.5251,0.0183
20.3250,53.5251,0.0184
20.3750,53.5251,0.0184
20.4250,53.5251,0.0184
20.4750,53.5251,0.0183
20.5250,53.5251,0.0183
20.5750,53.5251,0.0184
20.6250,53.5251,0.0183
20.6750,53.5251,0.0183
20.7250,53.5251,0.0183
20.7750,53.5251,0.0182
20.8250,53.5251,0.0183
20.8750,53.5251,0.0182
20.9250,53.5251,0.0183
20.9750,53.5251,0.0183
21.0250,53.5251,0.0181
21.0750,53.5251,0.0182
21.1250,53.5251,0.0181
21.1750,53.5251,0.0180
21.2250,53.5251,0.0180
21.2750,53.5251,0.0178
21.3250,53.5251,0.0178
21.3750,53.5251,0.0178
21.4250,53.5251,0.0175
21.4750,53.5251,0.0175
21.5250,53.5251,0.0173
21.5750,53.5251,0.0173
21.6250,53.5251,0.0173
21.6750,53.5251,0.0171
21.7250,53.5251,0.0171
21.7750,53.5251,0.0169
21.8250,53.5251,0.0168
21.8750,53.5251,0.0168
21.9250,53.5251,0.0166
21.9750,53.5251,0.0166
22.0250,53.5251,0.0165
22.0750,53.5251,0.0162
22.1250,53.5251,0.0162
22.1750,53.5251,0.0158
22.2250,53.5251,0.0158
22.2750,53.5251,0.0157
22.3250,53.5251,0.0154
22.3750,53.5251,0.0154
22.4250,53.5251,0.0151
22.4750,53.5251,0.0151
22.5250,53.5251,0.0150
22.5750,53.5251,0.0148
22.6250,53.5251,0.0145
22.6750,53.5251,0.0144
22.7250,53.5251,0.0142
22.7750,53.5251,0.0141
22.8250,53.5251,0.0141
22.8750,53.5251,0.0137
22.9250,53.5251,0.0135
22.9750,53.5251,0.0132
23.0250,53.5251,0.0129
23.0750,53.5251,0.0129
23.1250,53.5251,0.0123
23.1750,53.5251,0.0123
23.2250,53.5251,0.0119
23.2750,53.5251,0.0112
23.3250,53.5251,0.0112
23.3750,53.5251,0.0107
23.4250,53.5251,0.0107
23.4750,53.5251,0.0104
23.5250,53.5251,0.0098
23.5750,53.5251,0.0098
23.6250,53.5251,0.0094
23.6750,53.5251,0.0092
23.7250,53.5251,0.0088
23.7750,53.5251,0.0083
23.8250,53.5251,0.0083
23.8750,53.5251,0.0080
23.9250,53.5251,0.0078
23.9750,53.5251,0.0075
24.0250,53.5251,0.0074
24.0750,53.5251,0.0070
24.1250,53.5251,0.0067
24.1750,53.5251,0.0067
14.1250,53.4751,0.0000
14.1750,53.4751,0.0000
14.2250,53.4751,0.0000
14.2750,53.4751,0.0000
14.3250,53.4751,0.0000
14.3750,53.4751,0.0000
14.4250,53.4751,0.0000
14.4750,53.4751,0.0000
14.5250,53.4751,0.0000
14.5750,53.4751,0.0000
14.6250,53.4751,0.0000
14.6750,53.4751,0.0000
14.7250,53.4751,0.0000
14.7750,53.4751,0.0000
14.8250,53.4751,0.0000
14.8750,53.4751,0.0000
14.9250,53.4751,0.0000
14.9750,53.4751,0.0000
15.0250,53.4751,0.0000
15.0750,53.4751,0.0000
15.1250,53.4751,0.0000
15.1750,53.4751,0.0000
15.2250,53.4751,0.0000
15.2750,53.4751,0.0000
15.3250,53.4751,0.0000
15.3750,53.4751,0.0000
15.4250,53.4751,0.0000
15.4750,53.4751,0.0000
15.5250,53.4751,0.0000
15.5750,53.4751,0.0000
15.6250,53.4751,0.0000
15.6750,53.4751,0.0000
15.7250,53.4751,0.0000
15.7750,53.4751,0.0000
15.8250,53.4751,0.0000
15.8750,53.4751,0.0000
15.9250,53.4751,0.0012
15.9750,53.4751,0.0051
16.0250,53.4751,0.0055
16.0750,53.4751,0.0055
16.1250,53.4751,0.0057
16.1750,53.4751,0.0057
16.2250,53.4751,0.0058
16.2750,53.4751,0.0061
16.3250,53.4751,0.0060
16.3750,53.4751,0.0062
16.4250,53.4751,0.0062
16.4750,53.4751,0.0064
16.5250,53.4751,0.0064
16.5750,53.4751,0.0065
16.6250,53.4751,0.0070
16.6750,53.4751,0.0070
16.7250,53.4751,0.0073
16.7750,53.4751,0.0073
16.8250,53.4751,0.0075
16.8750,53.4751,0.0080
16.9250,53.4751,0.0077
16.9750,53.4751,0.0082
17.0250,53.4751,0.0082
17.0750,53.4751,0.0084
17.1250,53.4751,0.0084
17.1750,53.4751,0.0086
17.2250,53.4751,0.0093
17.2750,53.4751,0.0092
17.3250,53.4751,0.0095
17.3750,53.4751,0.0095
17.4250,53.4751,0.0098
17.4750,53.4751,0.0103
17.5250,53.4751,0.0100
17.5750,53.4751,0.0105
17.6250,53.4751,0.0105
17.6750,53.4751,0.0107
17.7250,53.4751,0.0107
17.7750,53.4751,0.0108
17.8250,53.4751,0.0112
17.8750,53.4751,0.0112
17.9250,53.4751,0.0114
17.9750,53.4751,0.0114
18.0250,53.4751,0.0115
18.0750,53.4751,0.0119
18.1250,53.4751,0.0118
18.1750,53.4751,0.0121
18.2250,53.4751,0.0121
18.2750,53.4751,0.0122
18.3250,53.4751,0.0122
18.3750,53.4751,0.0124
18.4250,53.4751,0.0129
18.4750,53.4751,0.0129
18.5250,53.4751,0.0130
18.5750,53.4751,0.0130
18.6250,53.4751,0.0132
18.6750,53.4751,0.0137
18.7250,53.4751,0.0137
18.7750,53.4751,0.0139
18.8250,53.4751,0.0139
18.8750,53.4751,0.0141
18.9250,53.4751,0.0141
18.9750,53.4751,0.0146
19.0250,53.4751,0.0148
19.0750,53.4751,0.0148
19.1250,53.4751,0.0151
19.1750,53.4751,0.0151
19.2250,53.4751,0.0159
19.2750,53.4751,0.0161
19.3250,53.4751,0.0161
19.3750,53.4751,0.0163
19.4250,53.4751,0.0163
19.4750,53.4751,0.0168
19.5250,53.4751,0.0167
19.5750,53.4751,0.0169
19.6250,53.4751,0.0170
19.6750,53.4751,0.0170
19.7250,53.4751,0.0174
19.7750,53.4751,0.0171
19.8250,53.4751,0.0175
19.8750,53.4751,0.0176
19.9250,53.4751,0.0176
19.9750,53.4751,0.0178
20.0250,53.4751,0.0176
20.0750,53.4751,0.0180
20.1250,53.4751,0.0180
20.1750,53.4751,0.0180
20.2250,53.4751,0.0182
20.2750,53.4751,0.0180
20.3250,53.4751,0.0182
20.3750,53.4751,0.0181
20.4250,53.4751,0.0182
20.4750,53.4751,0.0183
20.5250,53.4751,0.0181
20.5750,53.4751,0.0182
20.6250,53.4751,0.0182
20.6750,53.4751,0.0181
20.7250,53.4751,0.0182
20.7750,53.4751,0.0180
20.8250,53.4751,0.0181
20.8750,53.4751,0.0181
20.9250,53.4751,0.0181
20.9750,53.4751,0.0181
21.0250,53.4751,0.0179
21.0750,53.4751,0.0180
21.1250,53.4751,0.0180
21.1750,53.4751,0.0178
21.2250,53.4751,0.0178
21.2750,53.4751,0.0176
21.3250,53.4751,0.0175
21.3750,53.4751,0.0175
21.4250,53.4751,0.0173
21.4750,53.4751,0.0173
21.5250,53.4751,0.0172
21.5750,53.4751,0.0171
21.6250,53.4751,0.0171
21.6750,53.4751,0.0169
21.7250,53.4751,0.0169
21.7750,53.4751,0.0169
21.8250,53.4751,0.0167
21.8750,53.4751,0.0167
21.9250,53.4751,0.0164
21.9750,53.4751,0.0164
22.0250,53.4751,0.0163
22.0750,53.4751,0.0161
22.1250,53.4751,0.0160
22.1750,53.4751,0.0157
22.2250,53.4751,0.0157
22.2750,53.4751,0.0155
22.3250,53.4751,0.0154
22.3750,53.4751,0.0152
22.4250,53.4751,0.0152
22.4750,53.4751,0.0149
22.5250,53.4751,0.0147
22.5750,53.4751,0.0147
22.6250,53.4751,0.0144
22.6750,53.4751,0.0144
22.7250,53.4751,0.0141
22.7750,53.4751,0.0139
22.8250,53.4751,0.0139
22.8750,53.4751,0.0135
22.9250,53.4751,0.0135
22.9750,53.4751,0.0132
23.0250,53.4751,0.0127
23.0750,53.4751,0.0127
23.1250,53.4751,0.0121
23.1750,53.4751,0.0121
23.2250,53.4751,0.0117
23.2750,53.4751,0.0111
23.3250,53.4751,0.0110
23.3750,53.4751,0.0106
23.4250,53.4751,0.0105
23.4750,53.4751,0.0102
23.5250,53.4751,0.0101
23.5750,53.4751,0.0095
23.6250,53.4751,0.0092
23.6750,53.4751,0.0089
23.7250,53.4751,0.0085
23.7750,53.4751,0.0085
23.8250,53.4751,0.0081
23.8750,53.4751,0.0078
23.9250,53.4751,0.0077
23.9750,53.4751,0.0073
24.0250,53.4751,0.0073
24.0750,53.4751,0.0068
24.1250,53.4751,0.0065
24.1750,53.4751,0.0065
14.1250,53.4251,0.0000
14.1750,53.4251,0.0000
14.2250,53.4251,0.0000
14.2750,53.4251,0.0000
14.3250,53.4251,0.0000
14.3750,53.4251,0.0000
14.4250,53.4251,0.0000
14.4750,53.4251,0.0000
14.5250,53.4251,0.0000
14.5750,53.4251,0.0000
14.6250,53.4251,0.0000
14.6750,53.4251,0.0000
14.7250,53.4251,0.0000
14.7750,53.4251,0.0000
14.8250,53.4251,0.0000
14.8750,53.4251,0.0000
14.9250,53.4251,0.0000
14.9750,53.4251,0.0000
15.0250,53.4251,0.0000
15.0750,53.4251,0.0000
15.1250,53.4251,0.0000
15.1750,53.4251,0.0000
15.2250,53.4251,0.0000
15.2750,53.4251,0.0000
15.3250,53.4251,0.0000
15.3750,53.4251,0.0000
15.4250,53.4251,0.0000
15.4750,53.4251,0.0000
15.5250,53.4251,0.0000
15.5750,53.4251,0.0000
15.6250,53.4251,0.0000
15.6750,53.4251,0.0000
15.7250,53.4251,0.0000
15.7750,53.4251,0.0000
15.8250,53.4251,0.0000
15.8750,53.4251,0.0000
15.9250,53.4251,0.0000
15.9750,53.4251,0.0051
16.0250,53.4251,0.0000
16.0750,53.4251,0.0053
16.1250,53.4251,0.0055
16.1750,53.4251,0.0055
16.2250,53.4251,0.0056
16.2750,53.4251,0.0056
16.3250,53.4251,0.0059
16.3750,53.4251,0.0060
16.4250,53.4251,0.0061
16.4750,53.4251,0.0062
16.5250,53.4251,0.0062
16.5750,53.4251,0.0064
16.6250,53.4251,0.0063
16.6750,53.4251,0.0067
16.7250,53.4251,0.0070
16.7750,53.4251,0.0070
16.8250,53.4251,0.0072
16.8750,53.4251,0.0072
16.9250,53.4251,0.0077
16.9750,53.4251,0.0078
17.0250,53.4251,0.0079
17.0750,53.4251,0.0081
17.1250,53.4251,0.0081
17.1750,53.4251,0.0084
17.2250,53.4251,0.0083
17.2750,53.4251,0.0089
17.3250,53.4251,0.0092
17.3750,53.4251,0.0092
17.4250,53.4251,0.0095
17.4750,53.4251,0.0095
17.5250,53.4251,0.0100
17.5750,53.4251,0.0101
17.6250,53.4251,0.0102
17.6750,53.4251,0.0104
17.7250,53.4251,0.0104
17.7750,53.4251,0.0106
17.8250,53.4251,0.0106
17.8750,53.4251,0.0110
17.9250,53.4251,0.0111
17.9750,53.4251,0.0111
18.0250,53.4251,0.0112
18.0750,53.4251,0.0112
18.1250,53.4251,0.0117
18.1750,53.4251,0.0118
18.2250,53.4251,0.0118
18.2750,53.4251,0.0120
18.3250,53.4251,0.0120
18.3750,53.4251,0.0124
18.4250,53.4251,0.0121
18.4750,53.4251,0.0126
18.5250,53.4251,0.0127
18.5750,53.4251,0.0127
18.6250,53.4251,0.0131
18.6750,53.4251,0.0129
18.7250,53.4251,0.0133
18.7750,53.4251,0.0135
18.8250,53.4251,0.0135
18.8750,53.4251,0.0138
18.9250,53.4251,0.0137
18.9750,53.4251,0.0142
19.0250,53.4251,0.0139
19.0750,53.4251,0.0144
19.1250,53.4251,0.0146
19.1750,53.4251,0.0146
19.2250,53.4251,0.0154
19.2750,53.4251,0.0149
19.3250,53.4251,0.0157
19.3750,53.4251,0.0159
19.4250,53.4251,0.0159
19.4750,53.4251,0.0165
19.5250,53.4251,0.0160
19.5750,53.4251,0.0166
19.6250,53.4251,0.0166
19.6750,53.4251,0.0167
19.7250,53.4251,0.0171
19.7750,53.4251,0.0168
19.8250,53.4251,0.0173
19.8750,53.4251,0.0172
19.9250,53.4251,0.0173
19.9750,53.4251,0.0176
20.0250,53.4251,0.0174
20.0750,53.4251,0.0177
20.1250,53.4251,0.0177
20.1750,53.4251,0.0178
20.2250,53.4251,0.0178
20.2750,53.4251,0.0177
20.3250,53.4251,0.0180
20.3750,53.4251,0.0180
20.4250,53.4251,0.0179
20.4750,53.4251,0.0179
20.5250,53.4251,0.0179
20.5750,53.4251,0.0180
20.6250,53.4251,0.0180
20.6750,53.4251,0.0179
20.7250,53.4251,0.0179
20.7750,53.4251,0.0178
20.8250,53.4251,0.0179
20.8750,53.4251,0.0179
20.9250,53.4251,0.0179
20.9750,53.4251,0.0179
21.0250,53.4251,0.0178
21.0750,53.4251,0.0177
21.1250,53.4251,0.0178
21.1750,53.4251,0.0176
21.2250,53.4251,0.0176
21.2750,53.4251,0.0176
21.3250,53.4251,0.0174
21.3750,53.4251,0.0173
21.4250,53.4251,0.0172
21.4750,53.4251,0.0172
21.5250,53.4251,0.0171
21.5750,53.4251,0.0170
21.6250,53.4251,0.0169
21.6750,53.4251,0.0168
21.7250,53.4251,0.0167
21.7750,53.4251,0.0167
21.8250,53.4251,0.0165
21.8750,53.4251,0.0165
21.9250,53.4251,0.0165
21.9750,53.4251,0.0162
22.0250,53.4251,0.0161
22.0750,53.4251,0.0160
22.1250,53.4251,0.0158
22.1750,53.4251,0.0158
22.2250,53.4251,0.0155
22.2750,53.4251,0.0154
22.3250,53.4251,0.0153
22.3750,53.4251,0.0151
22.4250,53.4251,0.0151
22.4750,53.4251,0.0147
22.5250,53.4251,0.0146
22.5750,53.4251,0.0145
22.6250,53.4251,0.0143
22.6750,53.4251,0.0143
22.7250,53.4251,0.0140
22.7750,53.4251,0.0139
22.8250,53.4251,0.0137
22.8750,53.4251,0.0133
22.9250,53.4251,0.0133
22.9750,53.4251,0.0131
23.0250,53.4251,0.0128
23.0750,53.4251,0.0124
23.1250,53.4251,0.0119
23.1750,53.4251,0.0118
23.2250,53.4251,0.0114
23.2750,53.4251,0.0112
23.3250,53.4251,0.0108
23.3750,53.4251,0.0107
23.4250,53.4251,0.0103
23.4750,53.4251,0.0099
23.5250,53.4251,0.0099
23.5750,53.4251,0.0093
23.6250,53.4251,0.0093
23.6750,53.4251,0.0086
23.7250,53.4251,0.0083
23.7750,53.4251,0.0083
23.8250,53.4251,0.0079
23.8750,53.4251,0.0079
23.9250,53.4251,0.0076
23.9750,53.4251,0.0071
24.0250,53.4251,0.0071
24.0750,53.4251,0.0066
24.1250,53.4251,0.0066
24.1750,53.4251,0.0064
14.1250,53.3751,0.0000
14.1750,53.3751,0.0000
14.2250,53.3751,0.0000
14.2750,53.3751,0.0000
14.3250,53.3751,0.0000
14.3750,53.3751,0.0000
14.4250,53.3751,0.0000
14.4750,53.3751,0.0000
14.5250,53.3751,0.0000
14.5750,53.3751,0.0000
14.6250,53.3751,0.0000
14.6750,53.3751,0.0000
14.7250,53.3751,0.0000
14.7750,53.3751,0.0000
14.8250,53.3751,0.0000
14.8750,53.3751,0.0000
14.9250,53.3751,0.0000
14.9750,53.3751,0.0000
15.0250,53.3751,0.0000
15.0750,53.3751,0.0000
15.1250,53.3751,0.0000
15.1750,53.3751,0.0000
15.2250,53.3751,0.0000
15.2750,53.3751,0.0000
15.3250,53.3751,0.0000
15.3750,53.3751,0.0000
15.4250,53.3751,0.0000
15.4750,53.3751,0.0000
15.5250,53.3751,0.0000
15.5750,53.3751,0.0000
15.6250,53.3751,0.0000
15.6750,53.3751,0.0000
15.7250,53.3751,0.0000
15.7750,53.3751,0.0000
15.8250,53.3751,0.0000
15.8750,53.3751,0.0000
15.9250,53.3751,0.0000
15.9750,53.3751,0.0000
16.0250,53.3751,0.0000
16.0750,53.3751,0.0000
16.1250,53.3751,0.0000
16.1750,53.3751,0.0052
16.2250,53.3751,0.0054
16.2750,53.3751,0.0054
16.3250,53.3751,0.0057
16.3750,53.3751,0.0055
16.4250,53.3751,0.0059
16.4750,53.3751,0.0059
16.5250,53.3751,0.0060
16.5750,53.3751,0.0063
16.6250,53.3751,0.0062
16.6750,53.3751,0.0065
16.7250,53.3751,0.0064
16.7750,53.3751,0.0067
16.8250,53.3751,0.0070
16.8750,53.3751,0.0069
16.9250,53.3751,0.0074
16.9750,53.3751,0.0072
17.0250,53.3751,0.0077
17.0750,53.3751,0.0077
17.1250,53.3751,0.0079
17.1750,53.3751,0.0083
17.2250,53.3751,0.0081
17.2750,53.3751,0.0085
17.3250,53.3751,0.0083
17.3750,53.3751,0.0089
17.4250,53.3751,0.0092
17.4750,53.3751,0.0091
17.5250,53.3751,0.0097
17.5750,53.3751,0.0094
17.6250,53.3751,0.0099
17.6750,53.3751,0.0099
17.7250,53.3751,0.0101
17.7750,53.3751,0.0106
17.8250,53.3751,0.0103
17.8750,53.3751,0.0107
17.9250,53.3751,0.0106
17.9750,53.3751,0.0109
18.0250,53.3751,0.0111
18.0750,53.3751,0.0110
18.1250,53.3751,0.0114
18.1750,53.3751,0.0111
18.2250,53.3751,0.0116
18.2750,53.3751,0.0116
18.3250,53.3751,0.0118
18.3750,53.3751,0.0121
18.4250,53.3751,0.0119
18.4750,53.3751,0.0123
18.5250,53.3751,0.0123
18.5750,53.3751,0.0124
18.6250,53.3751,0.0128
18.6750,53.3751,0.0125
18.7250,53.3751,0.0130
18.7750,53.3751,0.0130
18.8250,53.3751,0.0132
18.8750,53.3751,0.0132
18.9250,53.3751,0.0134
18.9750,53.3751,0.0139
19.0250,53.3751,0.0138
19.0750,53.3751,0.0141
19.1250,53.3751,0.0141
19.1750,53.3751,0.0143
19.2250,53.3751,0.0149
19.2750,53.3751,0.0147
19.3250,53.3751,0.0152
19.3750,53.3751,0.0152
19.4250,53.3751,0.0154
19.4750,53.3751,0.0157
19.5250,53.3751,0.0157
19.5750,53.3751,0.0161
19.6250,53.3751,0.0161
19.6750,53.3751,0.0164
19.7250,53.3751,0.0164
19.7750,53.3751,0.0165
19.8250,53.3751,0.0169
19.8750,53.3751,0.0169
19.9250,53.3751,0.0170
19.9750,53.3751,0.0170
20.0250,53.3751,0.0171
20.0750,53.3751,0.0174
20.1250,53.3751,0.0174
20.1750,53.3751,0.0175
20.2250,53.3751,0.0175
20.2750,53.3751,0.0176
20.3250,53.3751,0.0175
20.3750,53.3751,0.0177
20.4250,53.3751,0.0177
20.4750,53.3751,0.0177
20.5250,53.3751,0.0178
20.5750,53.3751,0.0176
20.6250,53.3751,0.0178
20.6750,53.3751,0.0177
20.7250,53.3751,0.0177
20.7750,53.3751,0.0178
20.8250,53.3751,0.0176
20.8750,53.3751,0.0178
20.9250,53.3751,0.0176
20.9750,53.3751,0.0176
21.0250,53.3751,0.0177
21.0750,53.3751,0.0175
21.1250,53.3751,0.0176
21.1750,53.3751,0.0176
21.2250,53.3751,0.0174
21.2750,53.3751,0.0174
21.3250,53.3751,0.0172
21.3750,53.3751,0.0172
21.4250,53.3751,0.0172
21.4750,53.3751,0.0170
21.5250,53.3751,0.0170
21.5750,53.3751,0.0168
21.6250,53.3751,0.0168
21.6750,53.3751,0.0168
21.7250,53.3751,0.0165
21.7750,53.3751,0.0165
21.8250,53.3751,0.0164
21.8750,53.3751,0.0162
21.9250,53.3751,0.0162
21.9750,53.3751,0.0160
22.0250,53.3751,0.0160
22.0750,53.3751,0.0159
22.1250,53.3751,0.0156
22.1750,53.3751,0.0156
22.2250,53.3751,0.0153
22.2750,53.3751,0.0153
22.3250,53.3751,0.0152
22.3750,53.3751,0.0149
22.4250,53.3751,0.0149
22.4750,53.3751,0.0146
22.5250,53.3751,0.0145
22.5750,53.3751,0.0144
22.6250,53.3751,0.0141
22.6750,53.3751,0.0141
22.7250,53.3751,0.0139
22.7750,53.3751,0.0138
22.8250,53.3751,0.0136
22.8750,53.3751,0.0135
22.9250,53.3751,0.0131
22.9750,53.3751,0.0128
23.0250,53.3751,0.0126
23.0750,53.3751,0.0122
23.1250,53.3751,0.0122
23.1750,53.3751,0.0115
23.2250,53.3751,0.0111
23.2750,53.3751,0.0111
23.3250,53.3751,0.0106
23.3750,53.3751,0.0106
23.4250,53.3751,0.0101
23.4750,53.3751,0.0097
23.5250,53.3751,0.0097
23.5750,53.3751,0.0090
23.6250,53.3751,0.0090
23.6750,53.3751,0.0086
23.7250,53.3751,0.0083
23.7750,53.3751,0.0081
23.8250,53.3751,0.0077
23.8750,53.3751,0.0077
23.9250,53.3751,0.0074
23.9750,53.3751,0.0072
24.0250,53.3751,0.0069
24.0750,53.3751,0.0066
24.1250,53.3751,0.0065
24.1750,53.3751,0.0063
14.1250,53.3251,0.0000
14.1750,53.3251,0.0000
14.2250,53.3251,0.0000
14.2750,53.3251,0.0000
14.3250,53.3251,0.0000
14.3750,53.3251,0.0000
14.4250,53.3251,0.0000
14.4750,53.3251,0.0000
14.5250,53.3251,0.0000
14.5750,53.3251,0.0000
14.6250,53.3251,0.0000
14.6750,53.3251,0.0000
14.7250,53.3251,0.0000
14.7750,53.3251,0.0000
14.8250,53.3251,0.0000
14.8750,53.3251,0.0000
14.9250,53.3251,0.0000
14.9750,53.3251,0.0000
15.0250,53.3251,0.0000
15.0750,53.3251,0.0000
15.1250,53.3251,0.0000
15.1750,53.3251,0.0000
15.2250,53.3251,0.0000
15.2750,53.3251,0.0000
15.3250,53.3251,0.0000
15.3750,53.3251,0.0000
15.4250,53.3251,0.0000
15.4750,53.3251,0.0000
15.5250,53.3251,0.0000
15.5750,53.3251,0.0000
15.6250,53.3251,0.0000
15.6750,53.3251,0.0000
15.7250,53.3251,0.0000
15.7750,53.3251,0.0000
15.8250,53.3251,0.0000
15.8750,53.3251,0.0000
15.9250,53.3251,0.0000
15.9750,53.3251,0.0000
16.0250,53.3251,0.0000
16.0750,53.3251,0.0000
16.1250,53.3251,0.0000
16.1750,53.3251,0.0000
16.2250,53.3251,0.0000
16.2750,53.3251,0.0051
16.3250,53.3251,0.0051
16.3750,53.3251,0.0055
16.4250,53.3251,0.0056
16.4750,53.3251,0.0056
16.5250,53.3251,0.0058
16.5750,53.3251,0.0058
16.6250,53.3251,0.0059
16.6750,53.3251,0.0063
16.7250,53.3251,0.0063
16.7750,53.3251,0.0065
16.8250,53.3251,0.0065
16.8750,53.3251,0.0066
16.9250,53.3251,0.0067
16.9750,53.3251,0.0071
17.0250,53.3251,0.0074
17.0750,53.3251,0.0074
17.1250,53.3251,0.0076
17.1750,53.3251,0.0076
17.2250,53.3251,0.0078
17.2750,53.3251,0.0083
17.3250,53.3251,0.0083
17.3750,53.3251,0.0085
17.4250,53.3251,0.0085
17.4750,53.3251,0.0088
17.5250,53.3251,0.0088
17.5750,53.3251,0.0093
17.6250,53.3251,0.0096
17.6750,53.3251,0.0096
17.7250,53.3251,0.0098
17.7750,53.3251,0.0098
17.8250,53.3251,0.0100
17.8750,53.3251,0.0105
17.9250,53.3251,0.0105
17.9750,53.3251,0.0106
18.0250,53.3251,0.0106
18.0750,53.3251,0.0108
18.1250,53.3251,0.0109
18.1750,53.3251,0.0111
18.2250,53.3251,0.0113
18.2750,53.3251,0.0113
18.3250,53.3251,0.0115
18.3750,53.3251,0.0115
18.4250,53.3251,0.0118
18.4750,53.3251,0.0120
18.5250,53.3251,0.0120
18.5750,53.3251,0.0121
18.6250,53.3251,0.0121
18.6750,53.3251,0.0123
18.7250,53.3251,0.0127
18.7750,53.3251,0.0127
18.8250,53.3251,0.0129
18.8750,53.3251,0.0129
18.9250,53.3251,0.0130
18.9750,53.3251,0.0130
19.0250,53.3251,0.0135
19.0750,53.3251,0.0137
19.1250,53.3251,0.0137
19.1750,53.3251,0.0140
19.2250,53.3251,0.0140
19.2750,53.3251,0.0144
19.3250,53.3251,0.0147
19.3750,53.3251,0.0147
19.4250,53.3251,0.0149
19.4750,53.3251,0.0149
19.5250,53.3251,0.0155
19.5750,53.3251,0.0154
19.6250,53.3251,0.0158
19.6750,53.3251,0.0160
19.7250,53.3251,0.0160
19.7750,53.3251,0.0165
19.8250,53.3251,0.0161
19.8750,53.3251,0.0166
19.9250,53.3251,0.0166
19.9750,53.3251,0.0166
20.0250,53.3251,0.0171
20.0750,53.3251,0.0168
20.1250,53.3251,0.0171
20.1750,53.3251,0.0172
20.2250,53.3251,0.0172
20.2750,53.3251,0.0175
20.3250,53.3251,0.0171
20.3750,53.3251,0.0175
20.4250,53.3251,0.0174
20.4750,53.3251,0.0174
20.5250,53.3251,0.0176
20.5750,53.3251,0.0173
20.6250,53.3251,0.0176
20.6750,53.3251,0.0176
20.7250,53.3251,0.0175
20.7750,53.3251,0.0176
20.8250,53.3251,0.0173
20.8750,53.3251,0.0175
20.9250,53.3251,0.0175
20.9750,53.3251,0.0174
21.0250,53.3251,0.0174
21.0750,53.3251,0.0173
21.1250,53.3251,0.0174
21.1750,53.3251,0.0174
21.2250,53.3251,0.0172
21.2750,53.3251,0.0172
21.3250,53.3251,0.0170
21.3750,53.3251,0.0170
21.4250,53.3251,0.0170
21.4750,53.3251,0.0168
21.5250,53.3251,0.0168
21.5750,53.3251,0.0168
21.6250,53.3251,0.0165
21.6750,53.3251,0.0165
21.7250,53.3251,0.0163
21.7750,53.3251,0.0163
21.8250,53.3251,0.0163
21.8750,53.3251,0.0160
21.9250,53.3251,0.0160
21.9750,53.3251,0.0157
22.0250,53.3251,0.0157
22.0750,53.3251,0.0157
22.1250,53.3251,0.0155
22.1750,53.3251,0.0154
22.2250,53.3251,0.0153
22.2750,53.3251,0.0151
22.3250,53.3251,0.0150
22.3750,53.3251,0.0150
22.4250,53.3251,0.0147
22.4750,53.3251,0.0145
22.5250,53.3251,0.0144
22.5750,53.3251,0.0143
22.6250,53.3251,0.0143
22.6750,53.3251,0.0140
22.7250,53.3251,0.0139
22.7750,53.3251,0.0136
22.8250,53.3251,0.0134
22.8750,53.3251,0.0134
22.9250,53.3251,0.0129
22.9750,53.3251,0.0129
23.0250,53.3251,0.0126
23.0750,53.3251,0.0119
23.1250,53.3251,0.0119
23.1750,53.3251,0.0113
23.2250,53.3251,0.0113
23.2750,53.3251,0.0109
23.3250,53.3251,0.0104
23.3750,53.3251,0.0104
23.4250,53.3251,0.0101
23.4750,53.3251,0.0098
23.5250,53.3251,0.0095
23.5750,53.3251,0.0088
23.6250,53.3251,0.0088
23.6750,53.3251,0.0084
23.7250,53.3251,0.0082
23.7750,53.3251,0.0080
23.8250,53.3251,0.0079
23.8750,53.3251,0.0075
23.9250,53.3251,0.0072
23.9750,53.3251,0.0072
24.0250,53.3251,0.0067
24.0750,53.3251,0.0067
24.1250,53.3251,0.0063
24.1750,53.3251,0.0061
14.1250,53.2751,0.0000
14.1750,53.2751,0.0000
14.2250,53.2751,0.0000
14.2750,53.2751,0.0000
14.3250,53.2751,0.0000
14.3750,53.2751,0.0000
14.4250,53.2751,0.0000
14.4750,53.2751,0.0000
14.5250,53.2751,0.0000
14.5750,53.2751,0.0000
14.6250,53.2751,0.0000
14.6750,53.2751,0.0000
14.7250,53.2751,0.0000
14.7750,53.2751,0.0000
14.8250,53.2751,0.0000
14.8750,53.2751,0.0000
14.9250,53.2751,0.0000
14.9750,53.2751,0.0000
15.0250,53.2751,0.0000
15.0750,53.2751,0.0000
15.1250,53.2751,0.0000
15.1750,53.2751,0.0000
15.2250,53.2751,0.0000
15.2750,53.2751,0.0000
15.3250,53.2751,0.0000
15.3750,53.2751,0.0000
15.4250,53.2751,0.0000
15.4750,53.2751,0.0000
15.5250,53.2751,0.0000
15.5750,53.2751,0.0000
15.6250,53.2751,0.0000
15.6750,53.2751,0.0000
15.7250,53.2751,0.0000
15.7750,53.2751,0.0000
15.8250,53.2751,0.0000
15.8750,53.2751,0.0000
15.9250,53.2751,0.0000
15.9750,53.2751,0.0000
16.0250,53.2751,0.0000
16.0750,53.2751,0.0000
16.1250,53.2751,0.0000
16.1750,53.2751,0.0000
16.2250,53.2751,0.0000
16.2750,53.2751,0.0045
16.3250,53.2751,0.0000
16.3750,53.2751,0.0052
16.4250,53.2751,0.0001
16.4750,53.2751,0.0054
16.5250,53.2751,0.0055
16.5750,53.2751,0.0055
16.6250,53.2751,0.0059
16.6750,53.2751,0.0057
16.7250,53.2751,0.0061
16.7750,53.2751,0.0062
16.8250,53.2751,0.0063
16.8750,53.2751,0.0064
16.9250,53.2751,0.0064
16.9750,53.2751,0.0069
17.0250,53.2751,0.0066
17.0750,53.2751,0.0071
17.1250,53.2751,0.0074
17.1750,53.2751,0.0074
17.2250,53.2751,0.0078
17.2750,53.2751,0.0076
17.3250,53.2751,0.0081
17.3750,53.2751,0.0082
17.4250,53.2751,0.0083
17.4750,53.2751,0.0085
17.5250,53.2751,0.0084
17.5750,53.2751,0.0091
17.6250,53.2751,0.0087
17.6750,53.2751,0.0093
17.7250,53.2751,0.0095
17.7750,53.2751,0.0095
17.8250,53.2751,0.0100
17.8750,53.2751,0.0097
17.9250,53.2751,0.0102
17.9750,53.2751,0.0104
18.0250,53.2751,0.0104
18.0750,53.2751,0.0106
18.1250,53.2751,0.0105
18.1750,53.2751,0.0109
18.2250,53.2751,0.0107
18.2750,53.2751,0.0110
18.3250,53.2751,0.0112
18.3750,53.2751,0.0112
18.4250,53.2751,0.0116
18.4750,53.2751,0.0113
18.5250,53.2751,0.0117
18.5750,53.2751,0.0119
18.6250,53.2751,0.0119
18.6750,53.2751,0.0123
18.7250,53.2751,0.0120
18.7750,53.2751,0.0124
18.8250,53.2751,0.0124
18.8750,53.2751,0.0125
18.9250,53.2751,0.0130
18.9750,53.2751,0.0127
19.0250,53.2751,0.0132
19.0750,53.2751,0.0129
19.1250,53.2751,0.0134
19.1750,53.2751,0.0139
19.2250,53.2751,0.0136
19.2750,53.2751,0.0141
19.3250,53.2751,0.0138
19.3750,53.2751,0.0143
19.4250,53.2751,0.0145
19.4750,53.2751,0.0145
19.5250,53.2751,0.0152
19.5750,53.2751,0.0147
19.6250,53.2751,0.0154
19.6750,53.2751,0.0154
19.7250,53.2751,0.0155
19.7750,53.2751,0.0161
19.8250,53.2751,0.0157
19.8750,53.2751,0.0162
19.9250,53.2751,0.0162
19.9750,53.2751,0.0163
20.0250,53.2751,0.0167
20.0750,53.2751,0.0164
20.1250,53.2751,0.0168
20.1750,53.2751,0.0168
20.2250,53.2751,0.0168
20.2750,53.2751,0.0169
20.3250,53.2751,0.0169
20.3750,53.2751,0.0172
20.4250,53.2751,0.0172
20.4750,53.2751,0.0172
20.5250,53.2751,0.0172
20.5750,53.2751,0.0171
20.6250,53.2751,0.0173
20.6750,53.2751,0.0173
20.7250,53.2751,0.0172
20.7750,53.2751,0.0172
20.8250,53.2751,0.0173
20.8750,53.2751,0.0173
20.9250,53.2751,0.0173
20.9750,53.2751,0.0172
21.0250,53.2751,0.0172
21.0750,53.2751,0.0173
21.1250,53.2751,0.0170
21.1750,53.2751,0.0171
21.2250,53.2751,0.0170
21.2750,53.2751,0.0170
21.3250,53.2751,0.0170
21.3750,53.2751,0.0168
21.4250,53.2751,0.0168
21.4750,53.2751,0.0166
21.5250,53.2751,0.0166
21.5750,53.2751,0.0166
21.6250,53.2751,0.0164
21.6750,53.2751,0.0164
21.7250,53.2751,0.0162
21.7750,53.2751,0.0161
21.8250,53.2751,0.0161
21.8750,53.2751,0.0159
21.9250,53.2751,0.0158
21.9750,53.2751,0.0158
22.0250,53.2751,0.0156
22.0750,53.2751,0.0155
22.1250,53.2751,0.0155
22.1750,53.2751,0.0153
22.2250,53.2751,0.0153
22.2750,53.2751,0.0149
22.3250,53.2751,0.0148
22.3750,53.2751,0.0148
22.4250,53.2751,0.0145
22.4750,53.2751,0.0145
22.5250,53.2751,0.0143
22.5750,53.2751,0.0141
22.6250,53.2751,0.0141
22.6750,53.2751,0.0138
22.7250,53.2751,0.0138
22.7750,53.2751,0.0136
22.8250,53.2751,0.0132
22.8750,53.2751,0.0132
22.9250,53.2751,0.0127
22.9750,53.2751,0.0127
23.0250,53.2751,0.0123
23.0750,53.2751,0.0119
23.1250,53.2751,0.0117
23.1750,53.2751,0.0112
23.2250,53.2751,0.0111
23.2750,53.2751,0.0108
23.3250,53.2751,0.0107
23.3750,53.2751,0.0102
23.4250,53.2751,0.0098
23.4750,53.2751,0.0096
23.5250,53.2751,0.0092
23.5750,53.2751,0.0092
23.6250,53.2751,0.0085
23.6750,53.2751,0.0082
23.7250,53.2751,0.0082
23.7750,53.2751,0.0078
23.8250,53.2751,0.0078
23.8750,53.2751,0.0073
23.9250,53.2751,0.0070
23.9750,53.2751,0.0070
24.0250,53.2751,0.0065
24.0750,53.2751,0.0065
24.1250,53.2751,0.0063
24.1750,53.2751,0.0061
14.1250,53.2251,0.0000
14.1750,53.2251,0.0000
14.2250,53.2251,0.0000
14.2750,53.2251,0.0000
14.3250,53.2251,0.0000
14.3750,53.2251,0.0000
14.4250,53.2251,0.0000
14.4750,53.2251,0.0000
14.5250,53.2251,0.0000
14.5750,53.2251,0.0000
14.6250,53.2251,0.0000
14.6750,53.2251,0.0000
14.7250,53.2251,0.0000
14.7750,53.2251,0.0000
14.8250,53.2251,0.0000
14.8750,53.2251,0.0000
14.9250,53.2251,0.0000
14.9750,53.2251,0.0000
15.0250,53.2251,0.0000
15.0750,53.2251,0.0000
15.1250,53.2251,0.0000
15.1750,53.2251,0.0000
15.2250,53.2251,0.0000
15.2750,53.2251,0.0000
15.3250,53.2251,0.0000
15.3750,53.2251,0.0000
15.4250,53.2251,0.0000
15.4750,53.2251,0.0000
15.5250,53.2251,0.0000
15.5750,53.2251,0.0000
15.6250,53.2251,0.0000
15.6750,53.2251,0.0000
15.7250,53.2251,0.0000
15.7750,53.2251,0.0000
15.8250,53.2251,0.0000
15.8750,53.2251,0.0000
15.9250,53.2251,0.0000
15.9750,53.2251,0.0000
16.0250,53.2251,0.0000
16.0750,53.2251,0.0000
16.1250,53.2251,0.0000
16.1750,53.2251,0.0000
16.2250,53.2251,0.0000
16.2750,53.2251,0.0000
16.3250,53.2251,0.0000
16.3750,53.2251,0.0000
16.4250,53.2251,0.0000
16.4750,53.2251,0.0051
16.5250,53.2251,0.0051
16.5750,53.2251,0.0053
16.6250,53.2251,0.0055
16.6750,53.2251,0.0055
16.7250,53.2251,0.0059
16.7750,53.2251,0.0059
16.8250,53.2251,0.0060
16.8750,53.2251,0.0060
16.9250,53.2251,0.0062
16.9750,53.2251,0.0066
17.0250,53.2251,0.0064
17.0750,53.2251,0.0068
17.1250,53.2251,0.0068
17.1750,53.2251,0.0071
17.2250,53.2251,0.0075
17.2750,53.2251,0.0073
17.3250,53.2251,0.0078
17.3750,53.2251,0.0078
17.4250,53.2251,0.0080
17.4750,53.2251,0.0080
17.5250,53.2251,0.0082
17.5750,53.2251,0.0087
17.6250,53.2251,0.0084
17.6750,53.2251,0.0089
17.7250,53.2251,0.0089
17.7750,53.2251,0.0092
17.8250,53.2251,0.0097
17.8750,53.2251,0.0094
17.9250,53.2251,0.0099
17.9750,53.2251,0.0099
18.0250,53.2251,0.0101
18.0750,53.2251,0.0101
18.1250,53.2251,0.0102
18.1750,53.2251,0.0107
18.2250,53.2251,0.0106
18.2750,53.2251,0.0108
18.3250,53.2251,0.0108
18.3750,53.2251,0.0109
18.4250,53.2251,0.0113
18.4750,53.2251,0.0110
18.5250,53.2251,0.0114
18.5750,53.2251,0.0114
18.6250,53.2251,0.0116
18.6750,53.2251,0.0119
18.7250,53.2251,0.0117
18.7750,53.2251,0.0121
18.8250,53.2251,0.0121
18.8750,53.2251,0.0122
18.9250,53.2251,0.0122
18.9750,53.2251,0.0124
19.0250,53.2251,0.0128
19.0750,53.2251,0.0128
19.1250,53.2251,0.0130
19.1750,53.2251,0.0130
19.2250,53.2251,0.0132
19.2750,53.2251,0.0138
19.3250,53.2251,0.0138
19.3750,53.2251,0.0139
19.4250,53.2251,0.0139
19.4750,53.2251,0.0141
19.5250,53.2251,0.0142
19.5750,53.2251,0.0147
19.6250,53.2251,0.0149
19.6750,53.2251,0.0149
19.7250,53.2251,0.0151
19.7750,53.2251,0.0151
19.8250,53.2251,0.0157
19.8750,53.2251,0.0158
19.9250,53.2251,0.0158
19.9750,53.2251,0.0159
20.0250,53.2251,0.0159
20.0750,53.2251,0.0164
20.1250,53.2251,0.0164
20.1750,53.2251,0.0165
20.2250,53.2251,0.0165
20.2750,53.2251,0.0165
20.3250,53.2251,0.0169
20.3750,53.2251,0.0166
20.4250,53.2251,0.0169
20.4750,53.2251,0.0169
20.5250,53.2251,0.0169
20.5750,53.2251,0.0171
20.6250,53.2251,0.0168
20.6750,53.2251,0.0170
20.7250,53.2251,0.0169
20.7750,53.2251,0.0169
20.8250,53.2251,0.0172
20.8750,53.2251,0.0169
20.9250,53.2251,0.0171
20.9750,53.2251,0.0169
21.0250,53.2251,0.0169
21.0750,53.2251,0.0169
21.1250,53.2251,0.0168
21.1750,53.2251,0.0169
21.2250,53.2251,0.0169
21.2750,53.2251,0.0167
21.3250,53.2251,0.0168
21.3750,53.2251,0.0166
21.4250,53.2251,0.0165
21.4750,53.2251,0.0165
21.5250,53.2251,0.0163
21.5750,53.2251,0.0164
21.6250,53.2251,0.0163
21.6750,53.2251,0.0162
21.7250,53.2251,0.0162
21.7750,53.2251,0.0159
21.8250,53.2251,0.0159
21.8750,53.2251,0.0159
21.9250,53.2251,0.0156
21.9750,53.2251,0.0156
22.0250,53.2251,0.0154
22.0750,53.2251,0.0154
22.1250,53.2251,0.0153
22.1750,53.2251,0.0151
22.2250,53.2251,0.0151
22.2750,53.2251,0.0148
22.3250,53.2251,0.0148
22.3750,53.2251,0.0147
22.4250,53.2251,0.0144
22.4750,53.2251,0.0144
22.5250,53.2251,0.0143
22.5750,53.2251,0.0141
22.6250,53.2251,0.0140
22.6750,53.2251,0.0136
22.7250,53.2251,0.0136
22.7750,53.2251,0.0134
22.8250,53.2251,0.0132
22.8750,53.2251,0.0129
22.9250,53.2251,0.0127
22.9750,53.2251,0.0125
23.0250,53.2251,0.0121
23.0750,53.2251,0.0121
23.1250,53.2251,0.0114
23.1750,53.2251,0.0114
23.2250,53.2251,0.0109
23.2750,53.2251,0.0106
23.3250,53.2251,0.0106
23.3750,53.2251,0.0100
23.4250,53.2251,0.0100
23.4750,53.2251,0.0095
23.5250,53.2251,0.0090
23.5750,53.2251,0.0090
23.6250,53.2251,0.0084
23.6750,53.2251,0.0084
23.7250,53.2251,0.0081
23.7750,53.2251,0.0076
23.8250,53.2251,0.0076
23.8750,53.2251,0.0071
23.9250,53.2251,0.0071
23.9750,53.2251,0.0068
24.0250,53.2251,0.0064
24.0750,53.2251,0.0064
24.1250,53.2251,0.0062
24.1750,53.2251,0.0060
14.1250,53.1751,0.0000
14.1750,53.1751,0.0000
14.2250,53.1751,0.0000
14.2750,53.1751,0.0000
14.3250,53.1751,0.0000
14.3750,53.1751,0.0000
14.4250,53.1751,0.0000
14.4750,53.1751,0.0000
14.5250,53.1751,0.0000
14.5750,53.1751,0.0000
14.6250,53.1751,0.0000
14.6750,53.1751,0.0000
14.7250,53.1751,0.0000
14.7750,53.1751,0.0000
14.8250,53.1751,0.0000
14.8750,53.1751,0.0000
14.9250,53.1751,0.0000
14.9750,53.1751,0.0000
15.0250,53.1751,0.0000
15.0750,53.1751,0.0000
15.1250,53.1751,0.0000
15.1750,53.1751,0.0000
15.2250,53.1751,0.0000
15.2750,53.1751,0.0000
15.3250,53.1751,0.0000
15.3750,53.1751,0.0000
15.4250,53.1751,0.0000
15.4750,53.1751,0.0000
15.5250,53.1751,0.0000
15.5750,53.1751,0.0000
15.6250,53.1751,0.0000
15.6750,53.1751,0.0000
15.7250,53.1751,0.0000
15.7750,53.1751,0.0000
15.8250,53.1751,0.0000
15.8750,53.1751,0.0000
15.9250,53.1751,0.0000
15.9750,53.1751,0.0000
16.0250,53.1751,0.0000
16.0750,53.1751,0.0000
16.1250,53.1751,0.0000
16.1750,53.1751,0.0000
16.2250,53.1751,0.0000
16.2750,53.1751,0.0000
16.3250,53.1751,0.0000
16.3750,53.1751,0.0000
16.4250,53.1751,0.0000
16.4750,53.1751,0.0000
16.5250,53.1751,0.0000
16.5750,53.1751,0.0050
16.6250,53.1751,0.0050
16.6750,53.1751,0.0055
16.7250,53.1751,0.0053
16.7750,53.1751,0.0056
16.8250,53.1751,0.0058
16.8750,53.1751,0.0058
16.9250,53.1751,0.0060
16.9750,53.1751,0.0060
17.0250,53.1751,0.0064
17.0750,53.1751,0.0065
17.1250,53.1751,0.0065
17.1750,53.1751,0.0068
17.2250,53.1751,0.0068
17.2750,53.1751,0.0072
17.3250,53.1751,0.0072
17.3750,53.1751,0.0076
17.4250,53.1751,0.0078
17.4750,53.1751,0.0078
17.5250,53.1751,0.0080
17.5750,53.1751,0.0080
17.6250,53.1751,0.0084
17.6750,53.1751,0.0085
17.7250,53.1751,0.0085
17.7750,53.1751,0.0088
17.8250,53.1751,0.0088
17.8750,53.1751,0.0093
17.9250,53.1751,0.0096
17.9750,53.1751,0.0096
18.0250,53.1751,0.0098
18.0750,53.1751,0.0098
18.1250,53.1751,0.0100
18.1750,53.1751,0.0100
18.2250,53.1751,0.0104
18.2750,53.1751,0.0105
18.3250,53.1751,0.0105
18.3750,53.1751,0.0107
18.4250,53.1751,0.0107
18.4750,53.1751,0.0110
18.5250,53.1751,0.0111
18.5750,53.1751,0.0111
18.6250,53.1751,0.0113
18.6750,53.1751,0.0113
18.7250,53.1751,0.0117
18.7750,53.1751,0.0116
18.8250,53.1751,0.0119
18.8750,53.1751,0.0120
18.9250,53.1751,0.0120
18.9750,53.1751,0.0123
19.0250,53.1751,0.0121
19.0750,53.1751,0.0125
19.1250,53.1751,0.0128
19.1750,53.1751,0.0128
19.2250,53.1751,0.0129
19.2750,53.1751,0.0129
19.3250,53.1751,0.0134
19.3750,53.1751,0.0136
19.4250,53.1751,0.0136
19.4750,53.1751,0.0138
19.5250,53.1751,0.0137
19.5750,53.1751,0.0142
19.6250,53.1751,0.0141
19.6750,53.1751,0.0144
19.7250,53.1751,0.0146
19.7750,53.1751,0.0146
19.8250,53.1751,0.0152
19.8750,53.1751,0.0147
19.9250,53.1751,0.0154
19.9750,53.1751,0.0156
20.0250,53.1751,0.0155
20.0750,53.1751,0.0160
20.1250,53.1751,0.0156
20.1750,53.1751,0.0161
20.2250,53.1751,0.0162
20.2750,53.1751,0.0161
20.3250,53.1751,0.0165
20.3750,53.1751,0.0162
20.4250,53.1751,0.0165
20.4750,53.1751,0.0165
20.5250,53.1751,0.0166
20.5750,53.1751,0.0168
20.6250,53.1751,0.0165
20.6750,53.1751,0.0167
20.7250,53.1751,0.0167
20.7750,53.1751,0.0167
20.8250,53.1751,0.0169
20.8750,53.1751,0.0166
20.9250,53.1751,0.0167
20.9750,53.1751,0.0167
21.0250,53.1751,0.0167
21.0750,53.1751,0.0168
21.1250,53.1751,0.0167
21.1750,53.1751,0.0166
21.2250,53.1751,0.0166
21.2750,53.1751,0.0165
21.3250,53.1751,0.0165
21.3750,53.1751,0.0166
21.4250,53.1751,0.0163
21.4750,53.1751,0.0163
21.5250,53.1751,0.0161
21.5750,53.1751,0.0161
21.6250,53.1751,0.0161
21.6750,53.1751,0.0160
21.7250,53.1751,0.0160
21.7750,53.1751,0.0157
21.8250,53.1751,0.0157
21.8750,53.1751,0.0157
21.9250,53.1751,0.0154
21.9750,53.1751,0.0154
22.0250,53.1751,0.0153
22.0750,53.1751,0.0152
22.1250,53.1751,0.0151
22.1750,53.1751,0.0149
22.2250,53.1751,0.0149
22.2750,53.1751,0.0148
22.3250,53.1751,0.0145
22.3750,53.1751,0.0145
22.4250,53.1751,0.0145
22.4750,53.1751,0.0143
22.5250,53.1751,0.0141
22.5750,53.1751,0.0140
22.6250,53.1751,0.0138
22.6750,53.1751,0.0138
22.7250,53.1751,0.0135
22.7750,53.1751,0.0132
22.8250,53.1751,0.0132
22.8750,53.1751,0.0128
22.9250,53.1751,0.0128
22.9750,53.1751,0.0122
23.0250,53.1751,0.0119
23.0750,53.1751,0.0119
23.1250,53.1751,0.0112
23.1750,53.1751,0.0112
23.2250,53.1751,0.0107
23.2750,53.1751,0.0104
23.3250,53.1751,0.0104
23.3750,53.1751,0.0098
23.4250,53.1751,0.0098
23.4750,53.1751,0.0094
23.5250,53.1751,0.0090
23.5750,53.1751,0.0087
23.6250,53.1751,0.0082
23.6750,53.1751,0.0082
23.7250,53.1751,0.0079
23.7750,53.1751,0.0078
23.8250,53.1751,0.0074
23.8750,53.1751,0.0071
23.9250,53.1751,0.0069
23.9750,53.1751,0.0066
24.0250,53.1751,0.0066
24.0750,53.1751,0.0063
24.1250,53.1751,0.0060
24.1750,53.1751,0.0060
14.1250,53.1251,0.0000
14.1750,53.1251,0.0000
14.2250,53.1251,0.0000
14.2750,53.1251,0.0000
14.3250,53.1251,0.0000
14.3750,53.1251,0.0000
14.4250,53.1251,0.0000
14.4750,53.1251,0.0000
14.5250,53.1251,0.0000
14.5750,53.1251,0.0000
14.6250,53.1251,0.0000
14.6750,53.1251,0.0000
14.7250,53.1251,0.0000
14.7750,53.1251,0.0000
14.8250,53.1251,0.0000
14.8750,53.1251,0.0000
14.9250,53.1251,0.0000
14.9750,53.1251,0.0000
15.0250,53.1251,0.0000
15.0750,53.1251,0.0000
15.1250,53.1251,0.0000
15.1750,53.1251,0.0000
15.2250,53.1251,0.0000
15.2750,53.1251,0.0000
15.3250,53.1251,0.0000
15.3750,53.1251,0.0000
15.4250,53.1251,0.0000
15.4750,53.1251,0.0000
15.5250,53.1251,0.0000
15.5750,53.1251,0.0000
15.6250,53.1251,0.0000
15.6750,53.1251,0.0000
15.7250,53.1251,0.0000
15.7750,53.1251,0.0000
15.8250,53.1251,0.0000
15.8750,53.1251,0.0000
15.9250,53.1251,0.0000
15.9750,53.1251,0.0000
16.0250,53.1251,0.0000
16.0750,53.1251,0.0000
16.1250,53.1251,0.0000
16.1750,53.1251,0.0000
16.2250,53.1251,0.0000
16.2750,53.1251,0.0000
16.3250,53.1251,0.0000
16.3750,53.1251,0.0000
16.4250,53.1251,0.0000
16.4750,53.1251,0.0000
16.5250,53.1251,0.0000
16.5750,53.1251,0.0001
16.6250,53.1251,0.0000
16.6750,53.1251,0.0052
16.7250,53.1251,0.0000
16.7750,53.1251,0.0054
16.8250,53.1251,0.0053
16.8750,53.1251,0.0056
16.9250,53.1251,0.0060
16.9750,53.1251,0.0057
17.0250,53.1251,0.0061
17.0750,53.1251,0.0059
17.1250,53.1251,0.0063
17.1750,53.1251,0.0064
17.2250,53.1251,0.0065
17.2750,53.1251,0.0071
17.3250,53.1251,0.0068
17.3750,53.1251,0.0073
17.4250,53.1251,0.0072
17.4750,53.1251,0.0075
17.5250,53.1251,0.0080
17.5750,53.1251,0.0078
17.6250,53.1251,0.0082
17.6750,53.1251,0.0080
17.7250,53.1251,0.0083
17.7750,53.1251,0.0085
17.8250,53.1251,0.0085
17.8750,53.1251,0.0090
17.9250,53.1251,0.0087
17.9750,53.1251,0.0093
18.0250,53.1251,0.0093
18.0750,53.1251,0.0095
18.1250,53.1251,0.0100
18.1750,53.1251,0.0097
18.2250,53.1251,0.0101
18.2750,53.1251,0.0099
18.3250,53.1251,0.0103
18.3750,53.1251,0.0106
18.4250,53.1251,0.0105
18.4750,53.1251,0.0108
18.5250,53.1251,0.0106
18.5750,53.1251,0.0109
18.6250,53.1251,0.0110
18.6750,53.1251,0.0110
18.7250,53.1251,0.0114
18.7750,53.1251,0.0111
18.8250,53.1251,0.0115
18.8750,53.1251,0.0115
18.9250,53.1251,0.0117
18.9750,53.1251,0.0121
19.0250,53.1251,0.0118
19.0750,53.1251,0.0123
19.1250,53.1251,0.0123
19.1750,53.1251,0.0124
19.2250,53.1251,0.0129
19.2750,53.1251,0.0126
19.3250,53.1251,0.0131
19.3750,53.1251,0.0130
19.4250,53.1251,0.0132
19.4750,53.1251,0.0133
19.5250,53.1251,0.0134
19.5750,53.1251,0.0139
19.6250,53.1251,0.0138
19.6750,53.1251,0.0140
19.7250,53.1251,0.0140
19.7750,53.1251,0.0142
19.8250,53.1251,0.0147
19.8750,53.1251,0.0146
19.9250,53.1251,0.0148
19.9750,53.1251,0.0148
20.0250,53.1251,0.0150
20.0750,53.1251,0.0156
20.1250,53.1251,0.0155
20.1750,53.1251,0.0157
20.2250,53.1251,0.0157
20.2750,53.1251,0.0158
20.3250,53.1251,0.0160
20.3750,53.1251,0.0162
20.4250,53.1251,0.0162
20.4750,53.1251,0.0162
20.5250,53.1251,0.0162
20.5750,53.1251,0.0162
20.6250,53.1251,0.0165
20.6750,53.1251,0.0165
20.7250,53.1251,0.0165
20.7750,53.1251,0.0163
20.8250,53.1251,0.0163
20.8750,53.1251,0.0166
20.9250,53.1251,0.0165
20.9750,53.1251,0.0165
21.0250,53.1251,0.0164
21.0750,53.1251,0.0164
21.1250,53.1251,0.0166
21.1750,53.1251,0.0164
21.2250,53.1251,0.0164
21.2750,53.1251,0.0163
21.3250,53.1251,0.0163
21.3750,53.1251,0.0162
21.4250,53.1251,0.0160
21.4750,53.1251,0.0161
21.5250,53.1251,0.0159
21.5750,53.1251,0.0159
21.6250,53.1251,0.0159
21.6750,53.1251,0.0157
21.7250,53.1251,0.0157
21.7750,53.1251,0.0157
21.8250,53.1251,0.0155
21.8750,53.1251,0.0155
21.9250,53.1251,0.0155
21.9750,53.1251,0.0153
22.0250,53.1251,0.0152
22.0750,53.1251,0.0150
22.1250,53.1251,0.0149
22.1750,53.1251,0.0149
22.2250,53.1251,0.0146
22.2750,53.1251,0.0146
22.3250,53.1251,0.0144
22.3750,53.1251,0.0143
22.4250,53.1251,0.0143
22.4750,53.1251,0.0141
22.5250,53.1251,0.0141
22.5750,53.1251,0.0140
22.6250,53.1251,0.0137
22.6750,53.1251,0.0137
22.7250,53.1251,0.0133
22.7750,53.1251,0.0133
22.8250,53.1251,0.0131
22.8750,53.1251,0.0126
22.9250,53.1251,0.0126
22.9750,53.1251,0.0120
23.0250,53.1251,0.0120
23.0750,53.1251,0.0116
23.1250,53.1251,0.0110
23.1750,53.1251,0.0110
23.2250,53.1251,0.0107
23.2750,53.1251,0.0105
23.3250,53.1251,0.0102
23.3750,53.1251,0.0097
23.4250,53.1251,0.0095
23.4750,53.1251,0.0091
23.5250,53.1251,0.0089
23.5750,53.1251,0.0085
23.6250,53.1251,0.0085
23.6750,53.1251,0.0080
23.7250,53.1251,0.0077
23.7750,53.1251,0.0077
23.8250,53.1251,0.0073
23.8750,53.1251,0.0073
23.9250,53.1251,0.0067
23.9750,53.1251,0.0065
24.0250,53.1251,0.0065
24.0750,53.1251,0.0061
24.1250,53.1251,0.0061
24.1750,53.1251,0.0059
14.1250,53.0751,0.0000
14.1750,53.0751,0.0000
14.2250,53.0751,0.0000
14.2750,53.0751,0.0000
14.3250,53.0751,0.0000
14.3750,53.0751,0.0000
14.4250,53.0751,0.0000
14.4750,53.0751,0.0000
14.5250,53.0751,0.0000
14.5750,53.0751,0.0000
14.6250,53.0751,0.0000
14.6750,53.0751,0.0000
14.7250,53.0751,0.0000
14.7750,53.0751,0.0000
14.8250,53.0751,0.0000
14.8750,53.0751,0.0000
14.9250,53.0751,0.0000
14.9750,53.0751,0.0000
15.0250,53.0751,0.0000
15.0750,53.0751,0.0000
15.1250,53.0751,0.0000
15.1750,53.0751,0.0000
15.2250,53.0751,0.0000
15.2750,53.0751,0.0000
15.3250,53.0751,0.0000
15.3750,53.0751,0.0000
15.4250,53.0751,0.0000
15.4750,53.0751,0.0000
15.5250,53.0751,0.0000
15.5750,53.0751,0.0000
15.6250,53.0751,0.0000
15.6750,53.0751,0.0000
15.7250,53.0751,0.0000
15.7750,53.0751,0.0000
15.8250,53.0751,0.0000
15.8750,53.0751,0.0000
15.9250,53.0751,0.0000
15.9750,53.0751,0.0000
16.0250,53.0751,0.0000
16.0750,53.0751,0.0000
16.1250,53.0751,0.0000
16.1750,53.0751,0.0000
16.2250,53.0751,0.0000
16.2750,53.0751,0.0000
16.3250,53.0751,0.0000
16.3750,53.0751,0.0000
16.4250,53.0751,0.0000
16.4750,53.0751,0.0000
16.5250,53.0751,0.0000
16.5750,53.0751,0.0000
16.6250,53.0751,0.0000
16.6750,53.0751,0.0000
16.7250,53.0751,0.0000
16.7750,53.0751,0.0051
16.8250,53.0751,0.0051
16.8750,53.0751,0.0053
16.9250,53.0751,0.0053
16.9750,53.0751,0.0055
17.0250,53.0751,0.0059
17.0750,53.0751,0.0059
17.1250,53.0751,0.0061
17.1750,53.0751,0.0061
17.2250,53.0751,0.0063
17.2750,53.0751,0.0063
17.3250,53.0751,0.0065
17.3750,53.0751,0.0070
17.4250,53.0751,0.0070
17.4750,53.0751,0.0073
17.5250,53.0751,0.0073
17.5750,53.0751,0.0075
17.6250,53.0751,0.0080
17.6750,53.0751,0.0080
17.7250,53.0751,0.0081
17.7750,53.0751,0.0081
17.8250,53.0751,0.0083
17.8750,53.0751,0.0084
17.9250,53.0751,0.0084
17.9750,53.0751,0.0089
18.0250,53.0751,0.0089
18.0750,53.0751,0.0091
18.1250,53.0751,0.0091
18.1750,53.0751,0.0093
18.2250,53.0751,0.0098
18.2750,53.0751,0.0098
18.3250,53.0751,0.0100
18.3750,53.0751,0.0100
18.4250,53.0751,0.0102
18.4750,53.0751,0.0106
18.5250,53.0751,0.0106
18.5750,53.0751,0.0107
18.6250,53.0751,0.0107
18.6750,53.0751,0.0108
18.7250,53.0751,0.0109
18.7750,53.0751,0.0110
18.8250,53.0751,0.0112
18.8750,53.0751,0.0112
18.9250,53.0751,0.0114
18.9750,53.0751,0.0114
19.0250,53.0751,0.0115
19.0750,53.0751,0.0120
19.1250,53.0751,0.0120
19.1750,53.0751,0.0121
19.2250,53.0751,0.0121
19.2750,53.0751,0.0123
19.3250,53.0751,0.0128
19.3750,53.0751,0.0128
19.4250,53.0751,0.0129
19.4750,53.0751,0.0129
19.5250,53.0751,0.0130
19.5750,53.0751,0.0131
19.6250,53.0751,0.0136
19.6750,53.0751,0.0137
19.7250,53.0751,0.0137
19.7750,53.0751,0.0138
19.8250,53.0751,0.0138
19.8750,53.0751,0.0143
19.9250,53.0751,0.0144
19.9750,53.0751,0.0144
20.0250,53.0751,0.0145
20.0750,53.0751,0.0145
20.1250,53.0751,0.0152
20.1750,53.0751,0.0153
20.2250,53.0751,0.0153
20.2750,53.0751,0.0154
20.3250,53.0751,0.0154
20.3750,53.0751,0.0158
20.4250,53.0751,0.0157
20.4750,53.0751,0.0159
20.5250,53.0751,0.0158
20.5750,53.0751,0.0158
20.6250,53.0751,0.0161
20.6750,53.0751,0.0158
20.7250,53.0751,0.0160
20.7750,53.0751,0.0160
20.8250,53.0751,0.0160
20.8750,53.0751,0.0163
20.9250,53.0751,0.0159
20.9750,53.0751,0.0163
21.0250,53.0751,0.0163
21.0750,53.0751,0.0162
21.1250,53.0751,0.0163
21.1750,53.0751,0.0161
21.2250,53.0751,0.0162
21.2750,53.0751,0.0162
21.3250,53.0751,0.0160
21.3750,53.0751,0.0160
21.4250,53.0751,0.0159
21.4750,53.0751,0.0158
21.5250,53.0751,0.0158
21.5750,53.0751,0.0156
21.6250,53.0751,0.0157
21.6750,53.0751,0.0157
21.7250,53.0751,0.0155
21.7750,53.0751,0.0155
21.8250,53.0751,0.0153
21.8750,53.0751,0.0153
21.9250,53.0751,0.0153
21.9750,53.0751,0.0151
22.0250,53.0751,0.0151
22.0750,53.0751,0.0148
22.1250,53.0751,0.0147
22.1750,53.0751,0.0147
22.2250,53.0751,0.0144
22.2750,53.0751,0.0144
22.3250,53.0751,0.0144
22.3750,53.0751,0.0142
22.4250,53.0751,0.0142
22.4750,53.0751,0.0139
22.5250,53.0751,0.0139
22.5750,53.0751,0.0138
22.6250,53.0751,0.0136
22.6750,53.0751,0.0135
22.7250,53.0751,0.0131
22.7750,53.0751,0.0131
22.8250,53.0751,0.0129
22.8750,53.0751,0.0127
22.9250,53.0751,0.0124
22.9750,53.0751,0.0120
23.0250,53.0751,0.0118
23.0750,53.0751,0.0113
23.1250,53.0751,0.0113
23.1750,53.0751,0.0108
23.2250,53.0751,0.0105
23.2750,53.0751,0.0103
23.3250,53.0751,0.0099
23.3750,53.0751,0.0099
23.4250,53.0751,0.0093
23.4750,53.0751,0.0089
23.5250,53.0751,0.0089
23.5750,53.0751,0.0083
23.6250,53.0751,0.0083
23.6750,53.0751,0.0079
23.7250,53.0751,0.0076
23.7750,53.0751,0.0076
23.8250,53.0751,0.0071
23.8750,53.0751,0.0071
23.9250,53.0751,0.0067
23.9750,53.0751,0.0065
24.0250,53.0751,0.0063
24.0750,53.0751,0.0060
24.1250,53.0751,0.0060
24.1750,53.0751,0.0058
14.1250,53.0251,0.0000
14.1750,53.0251,0.0000
14.2250,53.0251,0.0000
14.2750,53.0251,0.0000
14.3250,53.0251,0.0000
14.3750,53.0251,0.0000
14.4250,53.0251,0.0000
14.4750,53.0251,0.0000
14.5250,53.0251,0.0000
14.5750,53.0251,0.0000
14.6250,53.0251,0.0000
14.6750,53.0251,0.0000
14.7250,53.0251,0.0000
14.7750,53.0251,0.0000
14.8250,53.0251,0.0000
14.8750,53.0251,0.0000
14.9250,53.0251,0.0000
14.9750,53.0251,0.0000
15.0250,53.0251,0.0000
15.0750,53.0251,0.0000
15.1250,53.0251,0.0000
15.1750,53.0251,0.0000
15.2250,53.0251,0.0000
15.2750,53.0251,0.0000
15.3250,53.0251,0.0000
15.3750,53.0251,0.0000
15.4250,53.0251,0.0000
15.4750,53.0251,0.0000
15.5250,53.0251,0.0000
15.5750,53.0251,0.0000
15.6250,53.0251,0.0000
15.6750,53.0251,0.0000
15.7250,53.0251,0.0000
15.7750,53.0251,0.0000
15.8250,53.0251,0.0000
15.8750,53.0251,0.0000
15.9250,53.0251,0.0000
15.9750,53.0251,0.0000
16.0250,53.0251,0.0000
16.0750,53.0251,0.0000
16.1250,53.0251,0.0000
16.1750,53.0251,0.0000
16.2250,53.0251,0.0000
16.2750,53.0251,0.0000
16.3250,53.0251,0.0000
16.3750,53.0251,0.0000
16.4250,53.0251,0.0000
16.4750,53.0251,0.0000
16.5250,53.0251,0.0000
16.5750,53.0251,0.0000
16.6250,53.0251,0.0000
16.6750,53.0251,0.0000
16.7250,53.0251,0.0000
16.7750,53.0251,0.0000
16.8250,53.0251,0.0000
16.8750,53.0251,0.0051
16.9250,53.0251,0.0051
16.9750,53.0251,0.0054
17.0250,53.0251,0.0052
17.0750,53.0251,0.0057
17.1250,53.0251,0.0057
17.1750,53.0251,0.0058
17.2250,53.0251,0.0060
17.2750,53.0251,0.0060
17.3250,53.0251,0.0065
17.3750,53.0251,0.0062
17.4250,53.0251,0.0067
17.4750,53.0251,0.0070
17.5250,53.0251,0.0070
17.5750,53.0251,0.0074
17.6250,53.0251,0.0073
17.6750,53.0251,0.0077
17.7250,53.0251,0.0079
17.7750,53.0251,0.0079
17.8250,53.0251,0.0081
17.8750,53.0251,0.0081
17.9250,53.0251,0.0084
17.9750,53.0251,0.0083
18.0250,53.0251,0.0086
18.0750,53.0251,0.0088
18.1250,53.0251,0.0088
18.1750,53.0251,0.0093
18.2250,53.0251,0.0090
18.2750,53.0251,0.0095
18.3250,53.0251,0.0097
18.3750,53.0251,0.0097
18.4250,53.0251,0.0099
18.4750,53.0251,0.0099
18.5250,53.0251,0.0103
18.5750,53.0251,0.0104
18.6250,53.0251,0.0104
18.6750,53.0251,0.0106
18.7250,53.0251,0.0106
18.7750,53.0251,0.0109
18.8250,53.0251,0.0107
18.8750,53.0251,0.0110
18.9250,53.0251,0.0111
18.9750,53.0251,0.0111
19.0250,53.0251,0.0115
19.0750,53.0251,0.0112
19.1250,53.0251,0.0117
19.1750,53.0251,0.0118
19.2250,53.0251,0.0118
19.2750,53.0251,0.0123
19.3250,53.0251,0.0120
19.3750,53.0251,0.0124
19.4250,53.0251,0.0126
19.4750,53.0251,0.0126
19.5250,53.0251,0.0130
19.5750,53.0251,0.0127
19.6250,53.0251,0.0132
19.6750,53.0251,0.0130
19.7250,53.0251,0.0133
19.7750,53.0251,0.0137
19.8250,53.0251,0.0134
19.8750,53.0251,0.0139
19.9250,53.0251,0.0137
19.9750,53.0251,0.0140
20.0250,53.0251,0.0144
20.0750,53.0251,0.0142
20.1250,53.0251,0.0147
20.1750,53.0251,0.0144
20.2250,53.0251,0.0148
20.2750,53.0251,0.0150
20.3250,53.0251,0.0149
20.3750,53.0251,0.0154
20.4250,53.0251,0.0151
20.4750,53.0251,0.0154
20.5250,53.0251,0.0154
20.5750,53.0251,0.0154
20.6250,53.0251,0.0158
20.6750,53.0251,0.0156
20.7250,53.0251,0.0157
20.7750,53.0251,0.0157
20.8250,53.0251,0.0157
20.8750,53.0251,0.0159
20.9250,53.0251,0.0159
20.9750,53.0251,0.0160
21.0250,53.0251,0.0160
21.0750,53.0251,0.0159
21.1250,53.0251,0.0160
21.1750,53.0251,0.0160
21.2250,53.0251,0.0159
21.2750,53.0251,0.0159
21.3250,53.0251,0.0157
21.3750,53.0251,0.0157
21.4250,53.0251,0.0157
21.4750,53.0251,0.0155
21.5250,53.0251,0.0155
21.5750,53.0251,0.0154
21.6250,53.0251,0.0154
21.6750,53.0251,0.0154
21.7250,53.0251,0.0152
21.7750,53.0251,0.0152
21.8250,53.0251,0.0151
21.8750,53.0251,0.0151
21.9250,53.0251,0.0151
21.9750,53.0251,0.0148
22.0250,53.0251,0.0148
22.0750,53.0251,0.0148
22.1250,53.0251,0.0146
22.1750,53.0251,0.0145
22.2250,53.0251,0.0143
22.2750,53.0251,0.0143
22.3250,53.0251,0.0142
22.3750,53.0251,0.0141
22.4250,53.0251,0.0140
22.4750,53.0251,0.0139
22.5250,53.0251,0.0138
22.5750,53.0251,0.0136
22.6250,53.0251,0.0135
22.6750,53.0251,0.0133
22.7250,53.0251,0.0133
22.7750,53.0251,0.0129
22.8250,53.0251,0.0127
22.8750,53.0251,0.0127
22.9250,53.0251,0.0122
22.9750,53.0251,0.0122
23.0250,53.0251,0.0115
23.0750,53.0251,0.0111
23.1250,53.0251,0.0111
23.1750,53.0251,0.0106
23.2250,53.0251,0.0106
23.2750,53.0251,0.0103
23.3250,53.0251,0.0097
23.3750,53.0251,0.0097
23.4250,53.0251,0.0091
23.4750,53.0251,0.0091
23.5250,53.0251,0.0086
23.5750,53.0251,0.0082
23.6250,53.0251,0.0082
23.6750,53.0251,0.0078
23.7250,53.0251,0.0077
23.7750,53.0251,0.0074
23.8250,53.0251,0.0069
23.8750,53.0251,0.0069
23.9250,53.0251,0.0065
23.9750,53.0251,0.0064
24.0250,53.0251,0.0062
24.0750,53.0251,0.0062
24.1250,53.0251,0.0059
24.1750,53.0251,0.0057
14.1250,52.9751,0.0000
14.1750,52.9751,0.0000
14.2250,52.9751,0.0000
14.2750,52.9751,0.0000
14.3250,52.9751,0.0000
14.3750,52.9751,0.0000
14.4250,52.9751,0.0000
14.4750,52.9751,0.0000
14.5250,52.9751,0.0000
14.5750,52.9751,0.0000
14.6250,52.9751,0.0000
14.6750,52.9751,0.0000
14.7250,52.9751,0.0000
14.7750,52.9751,0.0000
14.8250,52.9751,0.0000
14.8750,52.9751,0.0000
14.9250,52.9751,0.0000
14.9750,52.9751,0.0000
15.0250,52.9751,0.0000
15.0750,52.9751,0.0000
15.1250,52.9751,0.0000
15.1750,52.9751,0.0000
15.2250,52.9751,0.0000
15.2750,52.9751,0.0000
15.3250,52.9751,0.0000
15.3750,52.9751,0.0000
15.4250,52.9751,0.0000
15.4750,52.9751,0.0000
15.5250,52.9751,0.0000
15.5750,52.9751,0.0000
15.6250,52.9751,0.0000
15.6750,52.9751,0.0000
15.7250,52.9751,0.0000
15.7750,52.9751,0.0000
15.8250,52.9751,0.0000
15.8750,52.9751,0.0000
15.9250,52.9751,0.0000
15.9750,52.9751,0.0000
16.0250,52.9751,0.0000
16.0750,52.9751,0.0000
16.1250,52.9751,0.0000
16.1750,52.9751,0.0000
16.2250,52.9751,0.0000
16.2750,52.9751,0.0000
16.3250,52.9751,0.0000
16.3750,52.9751,0.0000
16.4250,52.9751,0.0000
16.4750,52.9751,0.0000
16.5250,52.9751,0.0000
16.5750,52.9751,0.0000
16.6250,52.9751,0.0000
16.6750,52.9751,0.0000
16.7250,52.9751,0.0000
16.7750,52.9751,0.0000
16.8250,52.9751,0.0000
16.8750,52.9751,0.0000
16.9250,52.9751,0.0000
16.9750,52.9751,0.0007
17.0250,52.9751,0.0000
17.0750,52.9751,0.0054
17.1250,52.9751,0.0054
17.1750,52.9751,0.0056
17.2250,52.9751,0.0056
17.2750,52.9751,0.0058
17.3250,52.9751,0.0062
17.3750,52.9751,0.0060
17.4250,52.9751,0.0064
17.4750,52.9751,0.0064
17.5250,52.9751,0.0067
17.5750,52.9751,0.0072
17.6250,52.9751,0.0069
17.6750,52.9751,0.0075
17.7250,52.9751,0.0074
17.7750,52.9751,0.0077
17.8250,52.9751,0.0077
17.8750,52.9751,0.0078
17.9250,52.9751,0.0082
17.9750,52.9751,0.0080
18.0250,52.9751,0.0084
18.0750,52.9751,0.0084
18.1250,52.9751,0.0085
18.1750,52.9751,0.0090
18.2250,52.9751,0.0087
18.2750,52.9751,0.0092
18.3250,52.9751,0.0092
18.3750,52.9751,0.0094
18.4250,52.9751,0.0098
18.4750,52.9751,0.0096
18.5250,52.9751,0.0101
18.5750,52.9751,0.0099
18.6250,52.9751,0.0102
18.6750,52.9751,0.0102
18.7250,52.9751,0.0103
18.7750,52.9751,0.0107
18.8250,52.9751,0.0105
18.8750,52.9751,0.0108
18.9250,52.9751,0.0108
18.9750,52.9751,0.0109
19.0250,52.9751,0.0112
19.0750,52.9751,0.0110
19.1250,52.9751,0.0114
19.1750,52.9751,0.0114
19.2250,52.9751,0.0116
19.2750,52.9751,0.0120
19.3250,52.9751,0.0118
19.3750,52.9751,0.0122
19.4250,52.9751,0.0122
19.4750,52.9751,0.0123
19.5250,52.9751,0.0123
19.5750,52.9751,0.0124
19.6250,52.9751,0.0128
19.6750,52.9751,0.0128
19.7250,52.9751,0.0129
19.7750,52.9751,0.0129
19.8250,52.9751,0.0131
19.8750,52.9751,0.0136
19.9250,52.9751,0.0136
19.9750,52.9751,0.0137
20.0250,52.9751,0.0137
20.0750,52.9751,0.0138
20.1250,52.9751,0.0143
20.1750,52.9751,0.0143
20.2250,52.9751,0.0144
20.2750,52.9751,0.0144
20.3250,52.9751,0.0144
20.3750,52.9751,0.0149
20.4250,52.9751,0.0150
20.4750,52.9751,0.0150
20.5250,52.9751,0.0150
20.5750,52.9751,0.0150
20.6250,52.9751,0.0151
20.6750,52.9751,0.0154
20.7250,52.9751,0.0154
20.7750,52.9751,0.0154
20.8250,52.9751,0.0154
20.8750,52.9751,0.0154
20.9250,52.9751,0.0157
20.9750,52.9751,0.0157
21.0250,52.9751,0.0157
21.0750,52.9751,0.0156
21.1250,52.9751,0.0156
21.1750,52.9751,0.0158
21.2250,52.9751,0.0156
21.2750,52.9751,0.0156
21.3250,52.9751,0.0155
21.3750,52.9751,0.0154
21.4250,52.9751,0.0155
21.4750,52.9751,0.0153
21.5250,52.9751,0.0153
21.5750,52.9751,0.0154
21.6250,52.9751,0.0152
21.6750,52.9751,0.0152
21.7250,52.9751,0.0151
21.7750,52.9751,0.0150
21.8250,52.9751,0.0151
21.8750,52.9751,0.0148
21.9250,52.9751,0.0148
21.9750,52.9751,0.0148
22.0250,52.9751,0.0146
22.0750,52.9751,0.0146
22.1250,52.9751,0.0144
22.1750,52.9751,0.0144
22.2250,52.9751,0.0144
22.2750,52.9751,0.0142
22.3250,52.9751,0.0141
22.3750,52.9751,0.0141
22.4250,52.9751,0.0139
22.4750,52.9751,0.0139
22.5250,52.9751,0.0137
22.5750,52.9751,0.0135
22.6250,52.9751,0.0135
22.6750,52.9751,0.0132
22.7250,52.9751,0.0132
22.7750,52.9751,0.0127
22.8250,52.9751,0.0126
22.8750,52.9751,0.0125
22.9250,52.9751,0.0119
22.9750,52.9751,0.0119
23.0250,52.9751,0.0115
23.0750,52.9751,0.0112
23.1250,52.9751,0.0109
23.1750,52.9751,0.0104
23.2250,52.9751,0.0104
23.2750,52.9751,0.0101
23.3250,52.9751,0.0099
23.3750,52.9751,0.0095
23.4250,52.9751,0.0089
23.4750,52.9751,0.0089
23.5250,52.9751,0.0084
23.5750,52.9751,0.0084
23.6250,52.9751,0.0080
23.6750,52.9751,0.0077
23.7250,52.9751,0.0075
23.7750,52.9751,0.0072
23.8250,52.9751,0.0072
23.8750,52.9751,0.0067
23.9250,52.9751,0.0064
23.9750,52.9751,0.0064
24.0250,52.9751,0.0061
24.0750,52.9751,0.0061
24.1250,52.9751,0.0058
24.1750,52.9751,0.0056
14.1250,52.9251,0.0000
14.1750,52.9251,0.0000
14.2250,52.9251,0.0000
14.2750,52.9251,0.0000
14.3250,52.9251,0.0000
14.3750,52.9251,0.0000
14.4250,52.9251,0.0000
14.4750,52.9251,0.0000
14.5250,52.9251,0.0000
14.5750,52.9251,0.0000
14.6250,52.9251,0.0000
14.6750,52.9251,0.0000
14.7250,52.9251,0.0000
14.7750,52.9251,0.0000
14.8250,52.9251,0.0000
14.8750,52.9251,0.0000
14.9250,52.9251,0.0000
14.9750,52.9251,0.0000
15.0250,52.9251,0.0000
15.0750,52.9251,0.0000
15.1250,52.9251,0.0000
15.1750,52.9251,0.0000
15.2250,52.9251,0.0000
15.2750,52.9251,0.0000
15.3250,52.9251,0.0000
15.3750,52.9251,0.0000
15.4250,52.9251,0.0000
15.4750,52.9251,0.0000
15.5250,52.9251,0.0000
15.5750,52.9251,0.0000
15.6250,52.9251,0.0000
15.6750,52.9251,0.0000
15.7250,52.9251,0.0000
15.7750,52.9251,0.0000
15.8250,52.9251,0.0000
15.8750,52.9251,0.0000
15.9250,52.9251,0.0000
15.9750,52.9251,0.0000
16.0250,52.9251,0.0000
16.0750,52.9251,0.0000
16.1250,52.9251,0.0000
16.1750,52.9251,0.0000
16.2250,52.9251,0.0000
16.2750,52.9251,0.0000
16.3250,52.9251,0.0000
16.3750,52.9251,0.0000
16.4250,52.9251,0.0000
16.4750,52.9251,0.0000
16.5250,52.9251,0.0000
16.5750,52.9251,0.0000
16.6250,52.9251,0.0000
16.6750,52.9251,0.0000
16.7250,52.9251,0.0000
16.7750,52.9251,0.0000
16.8250,52.9251,0.0000
16.8750,52.9251,0.0000
16.9250,52.9251,0.0000
16.9750,52.9251,0.0000
17.0250,52.9251,0.0000
17.0750,52.9251,0.0001
17.1250,52.9251,0.0052
17.1750,52.9251,0.0054
17.2250,52.9251,0.0054
17.2750,52.9251,0.0055
17.3250,52.9251,0.0055
17.3750,52.9251,0.0060
17.4250,52.9251,0.0062
17.4750,52.9251,0.0062
17.5250,52.9251,0.0064
17.5750,52.9251,0.0064
17.6250,52.9251,0.0066
17.6750,52.9251,0.0071
17.7250,52.9251,0.0072
17.7750,52.9251,0.0074
17.8250,52.9251,0.0074
17.8750,52.9251,0.0076
17.9250,52.9251,0.0076
17.9750,52.9251,0.0080
18.0250,52.9251,0.0082
18.0750,52.9251,0.0082
18.1250,52.9251,0.0083
18.1750,52.9251,0.0083
18.2250,52.9251,0.0085
18.2750,52.9251,0.0089
18.3250,52.9251,0.0089
18.3750,52.9251,0.0091
18.4250,52.9251,0.0091
18.4750,52.9251,0.0093
18.5250,52.9251,0.0097
18.5750,52.9251,0.0098
18.6250,52.9251,0.0099
18.6750,52.9251,0.0099
18.7250,52.9251,0.0101
18.7750,52.9251,0.0101
18.8250,52.9251,0.0104
18.8750,52.9251,0.0106
18.9250,52.9251,0.0106
18.9750,52.9251,0.0107
19.0250,52.9251,0.0107
19.0750,52.9251,0.0110
19.1250,52.9251,0.0111
19.1750,52.9251,0.0111
19.2250,52.9251,0.0113
19.2750,52.9251,0.0113
19.3250,52.9251,0.0117
19.3750,52.9251,0.0119
19.4250,52.9251,0.0119
19.4750,52.9251,0.0120
19.5250,52.9251,0.0120
19.5750,52.9251,0.0122
19.6250,52.9251,0.0122
19.6750,52.9251,0.0125
19.7250,52.9251,0.0126
19.7750,52.9251,0.0126
19.8250,52.9251,0.0128
19.8750,52.9251,0.0127
19.9250,52.9251,0.0132
19.9750,52.9251,0.0133
20.0250,52.9251,0.0133
20.0750,52.9251,0.0135
20.1250,52.9251,0.0134
20.1750,52.9251,0.0140
20.2250,52.9251,0.0140
20.2750,52.9251,0.0141
20.3250,52.9251,0.0142
20.3750,52.9251,0.0141
20.4250,52.9251,0.0145
20.4750,52.9251,0.0145
20.5250,52.9251,0.0145
20.5750,52.9251,0.0149
20.6250,52.9251,0.0146
20.6750,52.9251,0.0150
20.7250,52.9251,0.0148
20.7750,52.9251,0.0150
20.8250,52.9251,0.0153
20.8750,52.9251,0.0150
20.9250,52.9251,0.0154
20.9750,52.9251,0.0152
21.0250,52.9251,0.0154
21.0750,52.9251,0.0156
21.1250,52.9251,0.0153
21.1750,52.9251,0.0155
21.2250,52.9251,0.0154
21.2750,52.9251,0.0153
21.3250,52.9251,0.0154
21.3750,52.9251,0.0152
21.4250,52.9251,0.0152
21.4750,52.9251,0.0152
21.5250,52.9251,0.0151
21.5750,52.9251,0.0151
21.6250,52.9251,0.0149
21.6750,52.9251,0.0150
21.7250,52.9251,0.0150
21.7750,52.9251,0.0148
21.8250,52.9251,0.0148
21.8750,52.9251,0.0146
21.9250,52.9251,0.0146
21.9750,52.9251,0.0146
22.0250,52.9251,0.0144
22.0750,52.9251,0.0144
22.1250,52.9251,0.0144
22.1750,52.9251,0.0143
22.2250,52.9251,0.0143
22.2750,52.9251,0.0141
22.3250,52.9251,0.0141
22.3750,52.9251,0.0140
22.4250,52.9251,0.0138
22.4750,52.9251,0.0138
22.5250,52.9251,0.0135
22.5750,52.9251,0.0135
22.6250,52.9251,0.0133
22.6750,52.9251,0.0130
22.7250,52.9251,0.0130
22.7750,52.9251,0.0127
22.8250,52.9251,0.0125
22.8750,52.9251,0.0122
22.9250,52.9251,0.0117
22.9750,52.9251,0.0116
23.0250,52.9251,0.0112
23.0750,52.9251,0.0110
23.1250,52.9251,0.0107
23.1750,52.9251,0.0107
23.2250,52.9251,0.0102
23.2750,52.9251,0.0099
23.3250,52.9251,0.0098
23.3750,52.9251,0.0093
23.4250,52.9251,0.0093
23.4750,52.9251,0.0086
23.5250,52.9251,0.0083
23.5750,52.9251,0.0083
23.6250,52.9251,0.0078
23.6750,52.9251,0.0078
23.7250,52.9251,0.0073
23.7750,52.9251,0.0070
23.8250,52.9251,0.0070
23.8750,52.9251,0.0065
23.9250,52.9251,0.0065
23.9750,52.9251,0.0063
24.0250,52.9251,0.0060
24.0750,52.9251,0.0060
24.1250,52.9251,0.0057
24.1750,52.9251,0.0056
14.1250,52.8751,0.0000
14.1750,52.8751,0.0000
14.2250,52.8751,0.0000
14.2750,52.8751,0.0000
14.3250,52.8751,0.0000
14.3750,52.8751,0.0000
14.4250,52.8751,0.0000
14.4750,52.8751,0.0000
14.5250,52.8751,0.0000
14.5750,52.8751,0.0000
14.6250,52.8751,0.0000
14.6750,52.8751,0.0000
14.7250,52.8751,0.0000
14.7750,52.8751,0.0000
14.8250,52.8751,0.0000
14.8750,52.8751,0.0000
14.9250,52.8751,0.0000
14.9750,52.8751,0.0000
15.0250,52.8751,0.0000
15.0750,52.8751,0.0000
15.1250,52.8751,0.0000
15.1750,52.8751,0.0000
15.2250,52.8751,0.0000
15.2750,52.8751,0.0000
15.3250,52.8751,0.0000
15.3750,52.8751,0.0000
15.4250,52.8751,0.0000
15.4750,52.8751,0.0000
15.5250,52.8751,0.0000
15.5750,52.8751,0.0000
15.6250,52.8751,0.0000
15.6750,52.8751,0.0000
15.7250,52.8751,0.0000
15.7750,52.8751,0.0000
15.8250,52.8751,0.0000
15.8750,52.8751,0.0000
15.9250,52.8751,0.0000
15.9750,52.8751,0.0000
16.0250,52.8751,0.0000
16.0750,52.8751,0.0000
16.1250,52.8751,0.0000
16.1750,52.8751,0.0000
16.2250,52.8751,0.0000
16.2750,52.8751,0.0000
16.3250,52.8751,0.0000
16.3750,52.8751,0.0000
16.4250,52.8751,0.0000
16.4750,52.8751,0.0000
16.5250,52.8751,0.0000
16.5750,52.8751,0.0000
16.6250,52.8751,0.0000
16.6750,52.8751,0.0000
16.7250,52.8751,0.0000
16.7750,52.8751,0.0000
16.8250,52.8751,0.0000
16.8750,52.8751,0.0000
16.9250,52.8751,0.0000
16.9750,52.8751,0.0000
17.0250,52.8751,0.0000
17.0750,52.8751,0.0000
17.1250,52.8751,0.0000
17.1750,52.8751,0.0000
17.2250,52.8751,0.0050
17.2750,52.8751,0.0054
17.3250,52.8751,0.0052
17.3750,52.8751,0.0057
17.4250,52.8751,0.0055
17.4750,52.8751,0.0059
17.5250,52.8751,0.0062
17.5750,52.8751,0.0062
17.6250,52.8751,0.0066
17.6750,52.8751,0.0064
17.7250,52.8751,0.0069
17.7750,52.8751,0.0069
17.8250,52.8751,0.0071
17.8750,52.8751,0.0075
17.9250,52.8751,0.0073
17.9750,52.8751,0.0078
18.0250,52.8751,0.0075
18.0750,52.8751,0.0079
18.1250,52.8751,0.0081
18.1750,52.8751,0.0080
18.2250,52.8751,0.0084
18.2750,52.8751,0.0082
18.3250,52.8751,0.0085
18.3750,52.8751,0.0087
18.4250,52.8751,0.0087
18.4750,52.8751,0.0093
18.5250,52.8751,0.0089
18.5750,52.8751,0.0095
18.6250,52.8751,0.0095
18.6750,52.8751,0.0096
18.7250,52.8751,0.0100
18.7750,52.8751,0.0098
18.8250,52.8751,0.0102
18.8750,52.8751,0.0099
18.9250,52.8751,0.0103
18.9750,52.8751,0.0105
19.0250,52.8751,0.0104
19.0750,52.8751,0.0108
19.1250,52.8751,0.0105
19.1750,52.8751,0.0109
19.2250,52.8751,0.0110
19.2750,52.8751,0.0110
19.3250,52.8751,0.0114
19.3750,52.8751,0.0111
19.4250,52.8751,0.0116
19.4750,52.8751,0.0117
19.5250,52.8751,0.0117
19.5750,52.8751,0.0121
19.6250,52.8751,0.0118
19.6750,52.8751,0.0122
19.7250,52.8751,0.0122
19.7750,52.8751,0.0123
19.8250,52.8751,0.0127
19.8750,52.8751,0.0124
19.9250,52.8751,0.0128
19.9750,52.8751,0.0128
20.0250,52.8751,0.0130
20.0750,52.8751,0.0134
20.1250,52.8751,0.0131
20.1750,52.8751,0.0136
20.2250,52.8751,0.0136
20.2750,52.8751,0.0137
20.3250,52.8751,0.0141
20.3750,52.8751,0.0138
20.4250,52.8751,0.0142
20.4750,52.8751,0.0142
20.5250,52.8751,0.0142
20.5750,52.8751,0.0143
20.6250,52.8751,0.0143
20.6750,52.8751,0.0146
20.7250,52.8751,0.0146
20.7750,52.8751,0.0146
20.8250,52.8751,0.0146
20.8750,52.8751,0.0146
20.9250,52.8751,0.0150
20.9750,52.8751,0.0150
21.0250,52.8751,0.0149
21.0750,52.8751,0.0149
21.1250,52.8751,0.0149
21.1750,52.8751,0.0151
21.2250,52.8751,0.0151
21.2750,52.8751,0.0150
21.3250,52.8751,0.0150
21.3750,52.8751,0.0149
21.4250,52.8751,0.0149
21.4750,52.8751,0.0149
21.5250,52.8751,0.0148
21.5750,52.8751,0.0148
21.6250,52.8751,0.0148
21.6750,52.8751,0.0147
21.7250,52.8751,0.0147
21.7750,52.8751,0.0145
21.8250,52.8751,0.0145
21.8750,52.8751,0.0146
21.9250,52.8751,0.0144
21.9750,52.8751,0.0144
22.0250,52.8751,0.0143
22.0750,52.8751,0.0143
22.1250,52.8751,0.0143
22.1750,52.8751,0.0141
22.2250,52.8751,0.0141
22.2750,52.8751,0.0139
22.3250,52.8751,0.0139
22.3750,52.8751,0.0139
22.4250,52.8751,0.0138
22.4750,52.8751,0.0136
22.5250,52.8751,0.0135
22.5750,52.8751,0.0133
22.6250,52.8751,0.0132
22.6750,52.8751,0.0132
22.7250,52.8751,0.0128
22.7750,52.8751,0.0125
22.8250,52.8751,0.0123
22.8750,52.8751,0.0120
22.9250,52.8751,0.0120
22.9750,52.8751,0.0114
23.0250,52.8751,0.0111
23.0750,52.8751,0.0109
23.1250,52.8751,0.0106
23.1750,52.8751,0.0106
23.2250,52.8751,0.0100
23.2750,52.8751,0.0098
23.3250,52.8751,0.0097
23.3750,52.8751,0.0090
23.4250,52.8751,0.0090
23.4750,52.8751,0.0084
23.5250,52.8751,0.0083
23.5750,52.8751,0.0081
23.6250,52.8751,0.0077
23.6750,52.8751,0.0077
23.7250,52.8751,0.0073
23.7750,52.8751,0.0071
23.8250,52.8751,0.0068
23.8750,52.8751,0.0064
23.9250,52.8751,0.0064
23.9750,52.8751,0.0062
24.0250,52.8751,0.0061
24.0750,52.8751,0.0058
24.1250,52.8751,0.0056
24.1750,52.8751,0.0055
14.1250,52.8251,0.0000
14.1750,52.8251,0.0000
14.2250,52.8251,0.0000
14.2750,52.8251,0.0000
14.3250,52.8251,0.0000
14.3750,52.8251,0.0000
14.4250,52.8251,0.0000
14.4750,52.8251,0.0000
14.5250,52.8251,0.0000
14.5750,52.8251,0.0000
14.6250,52.8251,0.0000
14.6750,52.8251,0.0000
14.7250,52.8251,0.0000
14.7750,52.8251,0.0000
14.8250,52.8251,0.0000
14.8750,52.8251,0.0000
14.9250,52.8251,0.0000
14.9750,52.8251,0.0000
15.0250,52.8251,0.0000
15.0750,52.8251,0.0000
15.1250,52.8251,0.0000
15.1750,52.8251,0.0000
15.2250,52.8251,0.0000
15.2750,52.8251,0.0000
15.3250,52.8251,0.0000
15.3750,52.8251,0.0000
15.4250,52.8251,0.0000
15.4750,52.8251,0.0000
15.5250,52.8251,0.0000
15.5750,52.8251,0.0000
15.6250,52.8251,0.0000
15.6750,52.8251,0.0000
15.7250,52.8251,0.0000
15.7750,52.8251,0.0000
15.8250,52.8251,0.0000
15.8750,52.8251,0.0000
15.9250,52.8251,0.0000
15.9750,52.8251,0.0000
16.0250,52.8251,0.0000
16.0750,52.8251,0.0000
16.1250,52.8251,0.0000
16.1750,52.8251,0.0000
16.2250,52.8251,0.0000
16.2750,52.8251,0.0000
16.3250,52.8251,0.0000
16.3750,52.8251,0.0000
16.4250,52.8251,0.0000
16.4750,52.8251,0.0000
16.5250,52.8251,0.0000
16.5750,52.8251,0.0000
16.6250,52.8251,0.0000
16.6750,52.8251,0.0000
16.7250,52.8251,0.0000
16.7750,52.8251,0.0000
16.8250,52.8251,0.0000
16.8750,52.8251,0.0000
16.9250,52.8251,0.0000
16.9750,52.8251,0.0000
17.0250,52.8251,0.0000
17.0750,52.8251,0.0000
17.1250,52.8251,0.0000
17.1750,52.8251,0.0000
17.2250,52.8251,0.0000
17.2750,52.8251,0.0000
17.3250,52.8251,0.0000
17.3750,52.8251,0.0053
17.4250,52.8251,0.0054
17.4750,52.8251,0.0057
17.5250,52.8251,0.0057
17.5750,52.8251,0.0059
17.6250,52.8251,0.0059
17.6750,52.8251,0.0061
17.7250,52.8251,0.0066
17.7750,52.8251,0.0066
17.8250,52.8251,0.0068
17.8750,52.8251,0.0068
17.9250,52.8251,0.0070
17.9750,52.8251,0.0075
18.0250,52.8251,0.0075
18.0750,52.8251,0.0077
18.1250,52.8251,0.0077
18.1750,52.8251,0.0078
18.2250,52.8251,0.0082
18.2750,52.8251,0.0080
18.3250,52.8251,0.0083
18.3750,52.8251,0.0083
18.4250,52.8251,0.0084
18.4750,52.8251,0.0086
18.5250,52.8251,0.0086
18.5750,52.8251,0.0092
18.6250,52.8251,0.0092
18.6750,52.8251,0.0093
18.7250,52.8251,0.0093
18.7750,52.8251,0.0095
18.8250,52.8251,0.0099
18.8750,52.8251,0.0099
18.9250,52.8251,0.0100
18.9750,52.8251,0.0100
19.0250,52.8251,0.0102
19.0750,52.8251,0.0105
19.1250,52.8251,0.0105
19.1750,52.8251,0.0107
19.2250,52.8251,0.0107
19.2750,52.8251,0.0108
19.3250,52.8251,0.0111
19.3750,52.8251,0.0109
19.4250,52.8251,0.0113
19.4750,52.8251,0.0113
19.5250,52.8251,0.0114
19.5750,52.8251,0.0114
19.6250,52.8251,0.0115
19.6750,52.8251,0.0119
19.7250,52.8251,0.0119
19.7750,52.8251,0.0120
19.8250,52.8251,0.0120
19.8750,52.8251,0.0121
19.9250,52.8251,0.0125
19.9750,52.8251,0.0125
20.0250,52.8251,0.0126
20.0750,52.8251,0.0126
20.1250,52.8251,0.0127
20.1750,52.8251,0.0132
20.2250,52.8251,0.0132
20.2750,52.8251,0.0133
20.3250,52.8251,0.0133
20.3750,52.8251,0.0134
20.4250,52.8251,0.0139
20.4750,52.8251,0.0139
20.5250,52.8251,0.0139
20.5750,52.8251,0.0139
20.6250,52.8251,0.0140
20.6750,52.8251,0.0142
20.7250,52.8251,0.0143
20.7750,52.8251,0.0143
20.8250,52.8251,0.0143
20.8750,52.8251,0.0144
20.9250,52.8251,0.0143
20.9750,52.8251,0.0146
21.0250,52.8251,0.0145
21.0750,52.8251,0.0145
21.1250,52.8251,0.0148
21.1750,52.8251,0.0145
21.2250,52.8251,0.0148
21.2750,52.8251,0.0147
21.3250,52.8251,0.0147
21.3750,52.8251,0.0148
21.4250,52.8251,0.0145
21.4750,52.8251,0.0146
21.5250,52.8251,0.0145
21.5750,52.8251,0.0145
21.6250,52.8251,0.0146
21.6750,52.8251,0.0144
21.7250,52.8251,0.0145
21.7750,52.8251,0.0144
21.8250,52.8251,0.0144
21.8750,52.8251,0.0144
21.9250,52.8251,0.0142
21.9750,52.8251,0.0143
22.0250,52.8251,0.0143
22.0750,52.8251,0.0141
22.1250,52.8251,0.0141
22.1750,52.8251,0.0141
22.2250,52.8251,0.0140
22.2750,52.8251,0.0140
22.3250,52.8251,0.0138
22.3750,52.8251,0.0137
22.4250,52.8251,0.0137
22.4750,52.8251,0.0135
22.5250,52.8251,0.0135
22.5750,52.8251,0.0132
22.6250,52.8251,0.0130
22.6750,52.8251,0.0130
22.7250,52.8251,0.0126
22.7750,52.8251,0.0126
22.8250,52.8251,0.0122
22.8750,52.8251,0.0117
22.9250,52.8251,0.0117
22.9750,52.8251,0.0111
23.0250,52.8251,0.0111
23.0750,52.8251,0.0109
23.1250,52.8251,0.0104
23.1750,52.8251,0.0104
23.2250,52.8251,0.0098
23.2750,52.8251,0.0098
23.3250,52.8251,0.0094
23.3750,52.8251,0.0088
23.4250,52.8251,0.0088
23.4750,52.8251,0.0084
23.5250,52.8251,0.0082
23.5750,52.8251,0.0080
23.6250,52.8251,0.0076
23.6750,52.8251,0.0074
23.7250,52.8251,0.0071
23.7750,52.8251,0.0069
23.8250,52.8251,0.0066
23.8750,52.8251,0.0066
23.9250,52.8251,0.0062
23.9750,52.8251,0.0061
24.0250,52.8251,0.0060
24.0750,52.8251,0.0057
24.1250,52.8251,0.0057
24.1750,52.8251,0.0054
14.1250,52.7751,0.0000
14.1750,52.7751,0.0000
14.2250,52.7751,0.0000
14.2750,52.7751,0.0000
14.3250,52.7751,0.0000
14.3750,52.7751,0.0000
14.4250,52.7751,0.0000
14.4750,52.7751,0.0000
14.5250,52.7751,0.0000
14.5750,52.7751,0.0000
14.6250,52.7751,0.0000
14.6750,52.7751,0.0000
14.7250,52.7751,0.0000
14.7750,52.7751,0.0000
14.8250,52.7751,0.0000
14.8750,52.7751,0.0000
14.9250,52.7751,0.0000
14.9750,52.7751,0.0000
15.0250,52.7751,0.0000
15.0750,52.7751,0.0000
15.1250,52.7751,0.0000
15.1750,52.7751,0.0000
15.2250,52.7751,0.0000
15.2750,52.7751,0.0000
15.3250,52.7751,0.0000
15.3750,52.7751,0.0000
15.4250,52.7751,0.0000
15.4750,52.7751,0.0000
15.5250,52.7751,0.0000
15.5750,52.7751,0.0000
15.6250,52.7751,0.0000
15.6750,52.7751,0.0000
15.7250,52.7751,0.0000
15.7750,52.7751,0.0000
15.8250,52.7751,0.0000
15.8750,52.7751,0.0000
15.9250,52.7751,0.0000
15.9750,52.7751,0.0000
16.0250,52.7751,0.0000
16.0750,52.7751,0.0000
16.1250,52.7751,0.0000
16.1750,52.7751,0.0000
16.2250,52.7751,0.0000
16.2750,52.7751,0.0000
16.3250,52.7751,0.0000
16.3750,52.7751,0.0000
16.4250,52.7751,0.0000
16.4750,52.7751,0.0000
16.5250,52.7751,0.0000
16.5750,52.7751,0.0000
16.6250,52.7751,0.0000
16.6750,52.7751,0.0000
16.7250,52.7751,0.0000
16.7750,52.7751,0.0000
16.8250,52.7751,0.0000
16.8750,52.7751,0.0000
16.9250,52.7751,0.0000
16.9750,52.7751,0.0000
17.0250,52.7751,0.0000
17.0750,52.7751,0.0000
17.1250,52.7751,0.0000
17.1750,52.7751,0.0000
17.2250,52.7751,0.0000
17.2750,52.7751,0.0000
17.3250,52.7751,0.0000
17.3750,52.7751,0.0000
17.4250,52.7751,0.0052
17.4750,52.7751,0.0049
17.5250,52.7751,0.0054
17.5750,52.7751,0.0057
17.6250,52.7751,0.0057
17.6750,52.7751,0.0061
17.7250,52.7751,0.0059
17.7750,52.7751,0.0063
17.8250,52.7751,0.0065
17.8750,52.7751,0.0065
17.9250,52.7751,0.0067
17.9750,52.7751,0.0067
18.0250,52.7751,0.0072
18.0750,52.7751,0.0074
18.1250,52.7751,0.0074
18.1750,52.7751,0.0076
18.2250,52.7751,0.0076
18.2750,52.7751,0.0079
18.3250,52.7751,0.0081
18.3750,52.7751,0.0081
18.4250,52.7751,0.0082
18.4750,52.7751,0.0082
18.5250,52.7751,0.0086
18.5750,52.7751,0.0085
18.6250,52.7751,0.0088
18.6750,52.7751,0.0090
18.7250,52.7751,0.0090
18.7750,52.7751,0.0092
18.8250,52.7751,0.0092
18.8750,52.7751,0.0096
18.9250,52.7751,0.0098
18.9750,52.7751,0.0098
19.0250,52.7751,0.0099
19.0750,52.7751,0.0099
19.1250,52.7751,0.0103
19.1750,52.7751,0.0104
19.2250,52.7751,0.0104
19.2750,52.7751,0.0105
19.3250,52.7751,0.0105
19.3750,52.7751,0.0109
19.4250,52.7751,0.0110
19.4750,52.7751,0.0110
19.5250,52.7751,0.0111
19.5750,52.7751,0.0111
19.6250,52.7751,0.0115
19.6750,52.7751,0.0113
19.7250,52.7751,0.0116
19.7750,52.7751,0.0117
19.8250,52.7751,0.0117
19.8750,52.7751,0.0121
19.9250,52.7751,0.0118
19.9750,52.7751,0.0122
20.0250,52.7751,0.0123
20.0750,52.7751,0.0123
20.1250,52.7751,0.0127
20.1750,52.7751,0.0123
20.2250,52.7751,0.0128
20.2750,52.7751,0.0129
20.3250,52.7751,0.0129
20.3750,52.7751,0.0134
20.4250,52.7751,0.0130
20.4750,52.7751,0.0135
20.5250,52.7751,0.0136
20.5750,52.7751,0.0136
20.6250,52.7751,0.0140
20.6750,52.7751,0.0136
20.7250,52.7751,0.0140
20.7750,52.7751,0.0140
20.8250,52.7751,0.0140
20.8750,52.7751,0.0143
20.9250,52.7751,0.0140
20.9750,52.7751,0.0143
21.0250,52.7751,0.0143
21.0750,52.7751,0.0142
21.1250,52.7751,0.0145
21.1750,52.7751,0.0142
21.2250,52.7751,0.0145
21.2750,52.7751,0.0145
21.3250,52.7751,0.0144
21.3750,52.7751,0.0145
21.4250,52.7751,0.0143
21.4750,52.7751,0.0144
21.5250,52.7751,0.0144
21.5750,52.7751,0.0143
21.6250,52.7751,0.0144
21.6750,52.7751,0.0142
21.7250,52.7751,0.0143
21.7750,52.7751,0.0143
21.8250,52.7751,0.0142
21.8750,52.7751,0.0142
21.9250,52.7751,0.0142
21.9750,52.7751,0.0141
22.0250,52.7751,0.0141
22.0750,52.7751,0.0140
22.1250,52.7751,0.0140
22.1750,52.7751,0.0140
22.2250,52.7751,0.0138
22.2750,52.7751,0.0138
22.3250,52.7751,0.0136
22.3750,52.7751,0.0136
22.4250,52.7751,0.0136
22.4750,52.7751,0.0133
22.5250,52.7751,0.0133
22.5750,52.7751,0.0131
22.6250,52.7751,0.0130
22.6750,52.7751,0.0128
22.7250,52.7751,0.0124
22.7750,52.7751,0.0124
22.8250,52.7751,0.0121
22.8750,52.7751,0.0119
22.9250,52.7751,0.0115
22.9750,52.7751,0.0110
23.0250,52.7751,0.0110
23.0750,52.7751,0.0107
23.1250,52.7751,0.0105
23.1750,52.7751,0.0102
23.2250,52.7751,0.0098
23.2750,52.7751,0.0096
23.3250,52.7751,0.0092
23.3750,52.7751,0.0092
23.4250,52.7751,0.0085
23.4750,52.7751,0.0083
23.5250,52.7751,0.0081
23.5750,52.7751,0.0078
23.6250,52.7751,0.0078
23.6750,52.7751,0.0073
23.7250,52.7751,0.0069
23.7750,52.7751,0.0069
23.8250,52.7751,0.0065
23.8750,52.7751,0.0065
23.9250,52.7751,0.0061
23.9750,52.7751,0.0059
24.0250,52.7751,0.0059
24.0750,52.7751,0.0056
24.1250,52.7751,0.0056
24.1750,52.7751,0.0054
14.1250,52.7252,0.0000
14.1750,52.7252,0.0000
14.2250,52.7252,0.0000
14.2750,52.7252,0.0000
14.3250,52.7252,0.0000
14.3750,52.7252,0.0000
14.4250,52.7252,0.0000
14.4750,52.7252,0.0000
14.5250,52.7252,0.0000
14.5750,52.7252,0.0000
14.6250,52.7252,0.0000
14.6750,52.7252,0.0000
14.7250,52.7252,0.0000
14.7750,52.7252,0.0000
14.8250,52.7252,0.0000
14.8750,52.7252,0.0000
14.9250,52.7252,0.0000
14.9750,52.7252,0.0000
15.0250,52.7252,0.0000
15.0750,52.7252,0.0000
15.1250,52.7252,0.0000
15.1750,52.7252,0.0000
15.2250,52.7252,0.0000
15.2750,52.7252,0.0000
15.3250,52.7252,0.0000
15.3750,52.7252,0.0000
15.4250,52.7252,0.0000
15.4750,52.7252,0.0000
15.5250,52.7252,0.0000
15.5750,52.7252,0.0000
15.6250,52.7252,0.0000
15.6750,52.7252,0.0000
15.7250,52.7252,0.0000
15.7750,52.7252,0.0000
15.8250,52.7252,0.0000
15.8750,52.7252,0.0000
15.9250,52.7252,0.0000
15.9750,52.7252,0.0000
16.0250,52.7252,0.0000
16.0750,52.7252,0.0000
16.1250,52.7252,0.0000
16.1750,52.7252,0.0000
16.2250,52.7252,0.0000
16.2750,52.7252,0.0000
16.3250,52.7252,0.0000
16.3750,52.7252,0.0000
16.4250,52.7252,0.0000
16.4750,52.7252,0.0000
16.5250,52.7252,0.0000
16.5750,52.7252,0.0000
16.6250,52.7252,0.0000
16.6750,52.7252,0.0000
16.7250,52.7252,0.0000
16.7750,52.7252,0.0000
16.8250,52.7252,0.0000
16.8750,52.7252,0.0000
16.9250,52.7252,0.0000
16.9750,52.7252,0.0000
17.0250,52.7252,0.0000
17.0750,52.7252,0.0000
17.1250,52.7252,0.0000
17.1750,52.7252,0.0000
17.2250,52.7252,0.0000
17.2750,52.7252,0.0000
17.3250,52.7252,0.0000
17.3750,52.7252,0.0000
17.4250,52.7252,0.0000
17.4750,52.7252,0.0000
17.5250,52.7252,0.0052
17.5750,52.7252,0.0052
17.6250,52.7252,0.0054
17.6750,52.7252,0.0059
17.7250,52.7252,0.0056
17.7750,52.7252,0.0061
17.8250,52.7252,0.0061
17.8750,52.7252,0.0063
17.9250,52.7252,0.0067
17.9750,52.7252,0.0064
18.0250,52.7252,0.0069
18.0750,52.7252,0.0067
18.1250,52.7252,0.0071
18.1750,52.7252,0.0074
18.2250,52.7252,0.0073
18.2750,52.7252,0.0077
18.3250,52.7252,0.0075
18.3750,52.7252,0.0079
18.4250,52.7252,0.0079
18.4750,52.7252,0.0080
18.5250,52.7252,0.0083
18.5750,52.7252,0.0081
18.6250,52.7252,0.0085
18.6750,52.7252,0.0085
18.7250,52.7252,0.0086
18.7750,52.7252,0.0092
18.8250,52.7252,0.0088
18.8750,52.7252,0.0093
18.9250,52.7252,0.0092
18.9750,52.7252,0.0095
19.0250,52.7252,0.0099
19.0750,52.7252,0.0096
19.1250,52.7252,0.0100
19.1750,52.7252,0.0098
19.2250,52.7252,0.0102
19.2750,52.7252,0.0104
19.3250,52.7252,0.0103
19.3750,52.7252,0.0106
19.4250,52.7252,0.0104
19.4750,52.7252,0.0107
19.5250,52.7252,0.0108
19.5750,52.7252,0.0108
19.6250,52.7252,0.0112
19.6750,52.7252,0.0109
19.7250,52.7252,0.0113
19.7750,52.7252,0.0113
19.8250,52.7252,0.0114
19.8750,52.7252,0.0118
19.9250,52.7252,0.0115
19.9750,52.7252,0.0119
20.0250,52.7252,0.0119
20.0750,52.7252,0.0119
20.1250,52.7252,0.0123
20.1750,52.7252,0.0121
20.2250,52.7252,0.0125
20.2750,52.7252,0.0125
20.3250,52.7252,0.0126
20.3750,52.7252,0.0130
20.4250,52.7252,0.0127
20.4750,52.7252,0.0131
20.5250,52.7252,0.0131
20.5750,52.7252,0.0132
20.6250,52.7252,0.0135
20.6750,52.7252,0.0133
20.7250,52.7252,0.0137
20.7750,52.7252,0.0137
20.8250,52.7252,0.0137
20.8750,52.7252,0.0137
20.9250,52.7252,0.0137
20.9750,52.7252,0.0140
21.0250,52.7252,0.0140
21.0750,52.7252,0.0140
21.1250,52.7252,0.0140
21.1750,52.7252,0.0141
21.2250,52.7252,0.0142
21.2750,52.7252,0.0142
21.3250,52.7252,0.0141
21.3750,52.7252,0.0141
21.4250,52.7252,0.0143
21.4750,52.7252,0.0142
21.5250,52.7252,0.0142
21.5750,52.7252,0.0141
21.6250,52.7252,0.0141
21.6750,52.7252,0.0142
21.7250,52.7252,0.0141
21.7750,52.7252,0.0141
21.8250,52.7252,0.0140
21.8750,52.7252,0.0140
21.9250,52.7252,0.0141
21.9750,52.7252,0.0140
22.0250,52.7252,0.0140
22.0750,52.7252,0.0138
22.1250,52.7252,0.0138
22.1750,52.7252,0.0138
22.2250,52.7252,0.0136
22.2750,52.7252,0.0136
22.3250,52.7252,0.0136
22.3750,52.7252,0.0134
22.4250,52.7252,0.0134
22.4750,52.7252,0.0132
22.5250,52.7252,0.0131
22.5750,52.7252,0.0130
22.6250,52.7252,0.0128
22.6750,52.7252,0.0126
22.7250,52.7252,0.0126
22.7750,52.7252,0.0121
22.8250,52.7252,0.0119
22.8750,52.7252,0.0117
22.9250,52.7252,0.0113
22.9750,52.7252,0.0113
23.0250,52.7252,0.0108
23.0750,52.7252,0.0105
23.1250,52.7252,0.0105
23.1750,52.7252,0.0099
23.2250,52.7252,0.0099
23.2750,52.7252,0.0094
23.3250,52.7252,0.0090
23.3750,52.7252,0.0090
23.4250,52.7252,0.0084
23.4750,52.7252,0.0084
23.5250,52.7252,0.0081
23.5750,52.7252,0.0076
23.6250,52.7252,0.0076
23.6750,52.7252,0.0071
23.7250,52.7252,0.0071
23.7750,52.7252,0.0067
23.8250,52.7252,0.0063
23.8750,52.7252,0.0063
23.9250,52.7252,0.0061
23.9750,52.7252,0.0060
24.0250,52.7252,0.0058
24.0750,52.7252,0.0054
24.1250,52.7252,0.0054
24.1750,52.7252,0.0052
14.1250,52.6752,0.0000
14.1750,52.6752,0.0000
14.2250,52.6752,0.0000
14.2750,52.6752,0.0000
14.3250,52.6752,0.0000
14.3750,52.6752,0.0000
14.4250,52.6752,0.0000
14.4750,52.6752,0.0000
14.5250,52.6752,0.0000
14.5750,52.6752,0.0000
14.6250,52.6752,0.0000
14.6750,52.6752,0.0000
14.7250,52.6752,0.0000
14.7750,52.6752,0.0000
14.8250,52.6752,0.0000
14.8750,52.6752,0.0000
14.9250,52.6752,0.0000
14.9750,52.6752,0.0000
15.0250,52.6752,0.0000
15.0750,52.6752,0.0000
15.1250,52.6752,0.0000
15.1750,52.6752,0.0000
15.2250,52.6752,0.0000
15.2750,52.6752,0.0000
15.3250,52.6752,0.0000
15.3750,52.6752,0.0000
15.4250,52.6752,0.0000
15.4750,52.6752,0.0000
15.5250,52.6752,0.0000
15.5750,52.6752,0.0000
15.6250,52.6752,0.0000
15.6750,52.6752,0.0000
15.7250,52.6752,0.0000
15.7750,52.6752,0.0000
15.8250,52.6752,0.0000
15.8750,52.6752,0.0000
15.9250,52.6752,0.0000
15.9750,52.6752,0.0000
16.0250,52.6752,0.0000
16.0750,52.6752,0.0000
16.1250,52.6752,0.0000
16.1750,52.6752,0.0000
16.2250,52.6752,0.0000
16.2750,52.6752,0.0000
16.3250,52.6752,0.0000
16.3750,52.6752,0.0000
16.4250,52.6752,0.0000
16.4750,52.6752,0.0000
16.5250,52.6752,0.0000
16.5750,52.6752,0.0000
16.6250,52.6752,0.0000
16.6750,52.6752,0.0000
16.7250,52.6752,0.0000
16.7750,52.6752,0.0000
16.8250,52.6752,0.0000
16.8750,52.6752,0.0000
16.9250,52.6752,0.0000
16.9750,52.6752,0.0000
17.0250,52.6752,0.0000
17.0750,52.6752,0.0000
17.1250,52.6752,0.0000
17.1750,52.6752,0.0000
17.2250,52.6752,0.0000
17.2750,52.6752,0.0000
17.3250,52.6752,0.0000
17.3750,52.6752,0.0000
17.4250,52.6752,0.0000
17.4750,52.6752,0.0000
17.5250,52.6752,0.0000
17.5750,52.6752,0.0000
17.6250,52.6752,0.0052
17.6750,52.6752,0.0052
17.7250,52.6752,0.0056
17.7750,52.6752,0.0059
17.8250,52.6752,0.0059
17.8750,52.6752,0.0060
17.9250,52.6752,0.0060
17.9750,52.6752,0.0062
18.0250,52.6752,0.0066
18.0750,52.6752,0.0066
18.1250,52.6752,0.0068
18.1750,52.6752,0.0068
18.2250,52.6752,0.0070
18.2750,52.6752,0.0074
18.3250,52.6752,0.0075
18.3750,52.6752,0.0076
18.4250,52.6752,0.0076
18.4750,52.6752,0.0078
18.5250,52.6752,0.0078
18.5750,52.6752,0.0080
18.6250,52.6752,0.0083
18.6750,52.6752,0.0083
18.7250,52.6752,0.0084
18.7750,52.6752,0.0084
18.8250,52.6752,0.0085
18.8750,52.6752,0.0090
18.9250,52.6752,0.0090
18.9750,52.6752,0.0092
19.0250,52.6752,0.0092
19.0750,52.6752,0.0093
19.1250,52.6752,0.0098
19.1750,52.6752,0.0098
19.2250,52.6752,0.0099
19.2750,52.6752,0.0099
19.3250,52.6752,0.0100
19.3750,52.6752,0.0104
19.4250,52.6752,0.0104
19.4750,52.6752,0.0105
19.5250,52.6752,0.0105
19.5750,52.6752,0.0106
19.6250,52.6752,0.0107
19.6750,52.6752,0.0109
19.7250,52.6752,0.0110
19.7750,52.6752,0.0110
19.8250,52.6752,0.0111
19.8750,52.6752,0.0111
19.9250,52.6752,0.0115
19.9750,52.6752,0.0116
20.0250,52.6752,0.0116
20.0750,52.6752,0.0117
20.1250,52.6752,0.0117
20.1750,52.6752,0.0121
20.2250,52.6752,0.0121
20.2750,52.6752,0.0121
20.3250,52.6752,0.0122
20.3750,52.6752,0.0122
20.4250,52.6752,0.0126
20.4750,52.6752,0.0127
20.5250,52.6752,0.0127
20.5750,52.6752,0.0128
20.6250,52.6752,0.0128
20.6750,52.6752,0.0133
20.7250,52.6752,0.0133
20.7750,52.6752,0.0133
20.8250,52.6752,0.0133
20.8750,52.6752,0.0133
20.9250,52.6752,0.0137
20.9750,52.6752,0.0137
21.0250,52.6752,0.0138
21.0750,52.6752,0.0137
21.1250,52.6752,0.0137
21.1750,52.6752,0.0140
21.2250,52.6752,0.0138
21.2750,52.6752,0.0139
21.3250,52.6752,0.0139
21.3750,52.6752,0.0139
21.4250,52.6752,0.0140
21.4750,52.6752,0.0138
21.5250,52.6752,0.0140
21.5750,52.6752,0.0139
21.6250,52.6752,0.0139
21.6750,52.6752,0.0140
21.7250,52.6752,0.0138
21.7750,52.6752,0.0139
21.8250,52.6752,0.0139
21.8750,52.6752,0.0138
21.9250,52.6752,0.0139
21.9750,52.6752,0.0138
22.0250,52.6752,0.0138
22.0750,52.6752,0.0138
22.1250,52.6752,0.0136
22.1750,52.6752,0.0136
22.2250,52.6752,0.0136
22.2750,52.6752,0.0134
22.3250,52.6752,0.0134
22.3750,52.6752,0.0132
22.4250,52.6752,0.0132
22.4750,52.6752,0.0132
22.5250,52.6752,0.0129
22.5750,52.6752,0.0128
22.6250,52.6752,0.0126
22.6750,52.6752,0.0124
22.7250,52.6752,0.0124
22.7750,52.6752,0.0119
22.8250,52.6752,0.0119
22.8750,52.6752,0.0116
22.9250,52.6752,0.0111
22.9750,52.6752,0.0111
23.0250,52.6752,0.0106
23.0750,52.6752,0.0106
23.1250,52.6752,0.0103
23.1750,52.6752,0.0097
23.2250,52.6752,0.0097
23.2750,52.6752,0.0093
23.3250,52.6752,0.0091
23.3750,52.6752,0.0087
23.4250,52.6752,0.0082
23.4750,52.6752,0.0082
23.5250,52.6752,0.0079
23.5750,52.6752,0.0077
23.6250,52.6752,0.0074
23.6750,52.6752,0.0069
23.7250,52.6752,0.0069
23.7750,52.6752,0.0066
23.8250,52.6752,0.0065
23.8750,52.6752,0.0062
23.9250,52.6752,0.0060
23.9750,52.6752,0.0059
24.0250,52.6752,0.0057
24.0750,52.6752,0.0057
24.1250,52.6752,0.0053
24.1750,52.6752,0.0051
14.1250,52.6252,0.0000
14.1750,52.6252,0.0000
14.2250,52.6252,0.0000
14.2750,52.6252,0.0000
14.3250,52.6252,0.0000
14.3750,52.6252,0.0000
14.4250,52.6252,0.0000
14.4750,52.6252,0.0000
14.5250,52.6252,0.0000
14.5750,52.6252,0.0000
14.6250,52.6252,0.0000
14.6750,52.6252,0.0000
14.7250,52.6252,0.0000
14.7750,52.6252,0.0000
14.8250,52.6252,0.0000
14.8750,52.6252,0.0000
14.9250,52.6252,0.0000
14.9750,52.6252,0.0000
15.0250,52.6252,0.0000
15.0750,52.6252,0.0000
15.1250,52.6252,0.0000
15.1750,52.6252,0.0000
15.2250,52.6252,0.0000
15.2750,52.6252,0.0000
15.3250,52.6252,0.0000
15.3750,52.6252,0.0000
15.4250,52.6252,0.0000
15.4750,52.6252,0.0000
15.5250,52.6252,0.0000
15.5750,52.6252,0.0000
15.6250,52.6252,0.0000
15.6750,52.6252,0.0000
15.7250,52.6252,0.0000
15.7750,52.6252,0.0000
15.8250,52.6252,0.0000
15.8750,52.6252,0.0000
15.9250,52.6252,0.0000
15.9750,52.6252,0.0000
16.0250,52.6252,0.0000
16.0750,52.6252,0.0000
16.1250,52.6252,0.0000
16.1750,52.6252,0.0000
16.2250,52.6252,0.0000
16.2750,52.6252,0.0000
16.3250,52.6252,0.0000
16.3750,52.6252,0.0000
16.4250,52.6252,0.0000
16.4750,52.6252,0.0000
16.5250,52.6252,0.0000
16.5750,52.6252,0.0000
16.6250,52.6252,0.0000
16.6750,52.6252,0.0000
16.7250,52.6252,0.0000
16.7750,52.6252,0.0000
16.8250,52.6252,0.0000
16.8750,52.6252,0.0000
16.9250,52.6252,0.0000
16.9750,52.6252,0.0000
17.0250,52.6252,0.0000
17.0750,52.6252,0.0000
17.1250,52.6252,0.0000
17.1750,52.6252,0.0000
17.2250,52.6252,0.0000
17.2750,52.6252,0.0000
17.3250,52.6252,0.0000
17.3750,52.6252,0.0000
17.4250,52.6252,0.0000
17.4750,52.6252,0.0000
17.5250,52.6252,0.0000
17.5750,52.6252,0.0000
17.6250,52.6252,0.0007
17.6750,52.6252,0.0000
17.7250,52.6252,0.0054
17.7750,52.6252,0.0052
17.8250,52.6252,0.0057
17.8750,52.6252,0.0058
17.9250,52.6252,0.0058
17.9750,52.6252,0.0062
18.0250,52.6252,0.0060
18.0750,52.6252,0.0064
18.1250,52.6252,0.0065
18.1750,52.6252,0.0065
18.2250,52.6252,0.0068
18.2750,52.6252,0.0067
18.3250,52.6252,0.0072
18.3750,52.6252,0.0073
18.4250,52.6252,0.0074
18.4750,52.6252,0.0075
18.5250,52.6252,0.0075
18.5750,52.6252,0.0079
18.6250,52.6252,0.0077
18.6750,52.6252,0.0081
18.7250,52.6252,0.0082
18.7750,52.6252,0.0082
18.8250,52.6252,0.0085
18.8750,52.6252,0.0083
18.9250,52.6252,0.0087
18.9750,52.6252,0.0088
19.0250,52.6252,0.0088
19.0750,52.6252,0.0093
19.1250,52.6252,0.0090
19.1750,52.6252,0.0095
19.2250,52.6252,0.0096
19.2750,52.6252,0.0096
19.3250,52.6252,0.0098
19.3750,52.6252,0.0097
19.4250,52.6252,0.0101
19.4750,52.6252,0.0103
19.5250,52.6252,0.0103
19.5750,52.6252,0.0104
19.6250,52.6252,0.0104
19.6750,52.6252,0.0107
19.7250,52.6252,0.0107
19.7750,52.6252,0.0108
19.8250,52.6252,0.0109
19.8750,52.6252,0.0109
19.9250,52.6252,0.0112
19.9750,52.6252,0.0110
20.0250,52.6252,0.0113
20.0750,52.6252,0.0114
20.1250,52.6252,0.0114
20.1750,52.6252,0.0117
20.2250,52.6252,0.0114
20.2750,52.6252,0.0118
20.3250,52.6252,0.0119
20.3750,52.6252,0.0118
20.4250,52.6252,0.0123
20.4750,52.6252,0.0119
20.5250,52.6252,0.0123
20.5750,52.6252,0.0124
20.6250,52.6252,0.0124
20.6750,52.6252,0.0129
20.7250,52.6252,0.0125
20.7750,52.6252,0.0129
20.8250,52.6252,0.0130
20.8750,52.6252,0.0129
20.9250,52.6252,0.0134
20.9750,52.6252,0.0131
21.0250,52.6252,0.0134
21.0750,52.6252,0.0135
21.1250,52.6252,0.0134
21.1750,52.6252,0.0137
21.2250,52.6252,0.0134
21.2750,52.6252,0.0137
21.3250,52.6252,0.0137
21.3750,52.6252,0.0136
21.4250,52.6252,0.0138
21.4750,52.6252,0.0137
21.5250,52.6252,0.0137
21.5750,52.6252,0.0137
21.6250,52.6252,0.0136
21.6750,52.6252,0.0138
21.7250,52.6252,0.0138
21.7750,52.6252,0.0137
21.8250,52.6252,0.0137
21.8750,52.6252,0.0136
21.9250,52.6252,0.0137
21.9750,52.6252,0.0137
22.0250,52.6252,0.0136
22.0750,52.6252,0.0136
22.1250,52.6252,0.0135
22.1750,52.6252,0.0134
22.2250,52.6252,0.0134
22.2750,52.6252,0.0132
22.3250,52.6252,0.0132
22.3750,52.6252,0.0132
22.4250,52.6252,0.0130
22.4750,52.6252,0.0130
22.5250,52.6252,0.0127
22.5750,52.6252,0.0127
22.6250,52.6252,0.0126
22.6750,52.6252,0.0121
22.7250,52.6252,0.0121
22.7750,52.6252,0.0117
22.8250,52.6252,0.0117
22.8750,52.6252,0.0114
22.9250,52.6252,0.0109
22.9750,52.6252,0.0109
23.0250,52.6252,0.0105
23.0750,52.6252,0.0103
23.1250,52.6252,0.0101
23.1750,52.6252,0.0096
23.2250,52.6252,0.0095
23.2750,52.6252,0.0091
23.3250,52.6252,0.0088
23.3750,52.6252,0.0085
23.4250,52.6252,0.0084
23.4750,52.6252,0.0080
23.5250,52.6252,0.0077
23.5750,52.6252,0.0076
23.6250,52.6252,0.0072
23.6750,52.6252,0.0072
23.7250,52.6252,0.0067
23.7750,52.6252,0.0064
23.8250,52.6252,0.0064
23.8750,52.6252,0.0061
23.9250,52.6252,0.0061
23.9750,52.6252,0.0057
24.0250,52.6252,0.0055
24.0750,52.6252,0.0055
24.1250,52.6252,0.0052
24.1750,52.6252,0.0051
14.1250,52.5752,0.0000
14.1750,52.5752,0.0000
14.2250,52.5752,0.0000
14.2750,52.5752,0.0000
14.3250,52.5752,0.0000
14.3750,52.5752,0.0000
14.4250,52.5752,0.0000
14.4750,52.5752,0.0000
14.5250,52.5752,0.0000
14.5750,52.5752,0.0000
14.6250,52.5752,0.0000
14.6750,52.5752,0.0000
14.7250,52.5752,0.0000
14.7750,52.5752,0.0000
14.8250,52.5752,0.0000
14.8750,52.5752,0.0000
14.9250,52.5752,0.0000
14.9750,52.5752,0.0000
15.0250,52.5752,0.0000
15.0750,52.5752,0.0000
15.1250,52.5752,0.0000
15.1750,52.5752,0.0000
15.2250,52.5752,0.0000
15.2750,52.5752,0.0000
15.3250,52.5752,0.0000
15.3750,52.5752,0.0000
15.4250,52.5752,0.0000
15.4750,52.5752,0.0000
15.5250,52.5752,0.0000
15.5750,52.5752,0.0000
15.6250,52.5752,0.0000
15.6750,52.5752,0.0000
15.7250,52.5752,0.0000
15.7750,52.5752,0.0000
15.8250,52.5752,0.0000
15.8750,52.5752,0.0000
15.9250,52.5752,0.0000
15.9750,52.5752,0.0000
16.0250,52.5752,0.0000
16.0750,52.5752,0.0000
16.1250,52.5752,0.0000
16.1750,52.5752,0.0000
16.2250,52.5752,0.0000
16.2750,52.5752,0.0000
16.3250,52.5752,0.0000
16.3750,52.5752,0.0000
16.4250,52.5752,0.0000
16.4750,52.5752,0.0000
16.5250,52.5752,0.0000
16.5750,52.5752,0.0000
16.6250,52.5752,0.0000
16.6750,52.5752,0.0000
16.7250,52.5752,0.0000
16.7750,52.5752,0.0000
16.8250,52.5752,0.0000
16.8750,52.5752,0.0000
16.9250,52.5752,0.0000
16.9750,52.5752,0.0000
17.0250,52.5752,0.0000
17.0750,52.5752,0.0000
17.1250,52.5752,0.0000
17.1750,52.5752,0.0000
17.2250,52.5752,0.0000
17.2750,52.5752,0.0000
17.3250,52.5752,0.0000
17.3750,52.5752,0.0000
17.4250,52.5752,0.0000
17.4750,52.5752,0.0000
17.5250,52.5752,0.0000
17.5750,52.5752,0.0000
17.6250,52.5752,0.0000
17.6750,52.5752,0.0000
17.7250,52.5752,0.0052
17.7750,52.5752,0.0014
17.8250,52.5752,0.0054
17.8750,52.5752,0.0054
17.9250,52.5752,0.0056
17.9750,52.5752,0.0060
18.0250,52.5752,0.0058
18.0750,52.5752,0.0062
18.1250,52.5752,0.0062
18.1750,52.5752,0.0063
18.2250,52.5752,0.0064
18.2750,52.5752,0.0064
18.3250,52.5752,0.0069
18.3750,52.5752,0.0068
18.4250,52.5752,0.0071
18.4750,52.5752,0.0071
18.5250,52.5752,0.0073
18.5750,52.5752,0.0077
18.6250,52.5752,0.0074
18.6750,52.5752,0.0078
18.7250,52.5752,0.0078
18.7750,52.5752,0.0080
18.8250,52.5752,0.0083
18.8750,52.5752,0.0081
18.9250,52.5752,0.0084
18.9750,52.5752,0.0084
19.0250,52.5752,0.0085
19.0750,52.5752,0.0090
19.1250,52.5752,0.0087
19.1750,52.5752,0.0091
19.2250,52.5752,0.0091
19.2750,52.5752,0.0093
19.3250,52.5752,0.0096
19.3750,52.5752,0.0094
19.4250,52.5752,0.0099
19.4750,52.5752,0.0099
19.5250,52.5752,0.0100
19.5750,52.5752,0.0100
19.6250,52.5752,0.0101
19.6750,52.5752,0.0105
19.7250,52.5752,0.0104
19.7750,52.5752,0.0106
19.8250,52.5752,0.0106
19.8750,52.5752,0.0107
19.9250,52.5752,0.0110
19.9750,52.5752,0.0109
20.0250,52.5752,0.0110
20.0750,52.5752,0.0110
20.1250,52.5752,0.0111
20.1750,52.5752,0.0114
20.2250,52.5752,0.0113
20.2750,52.5752,0.0115
20.3250,52.5752,0.0115
20.3750,52.5752,0.0115
20.4250,52.5752,0.0119
20.4750,52.5752,0.0118
20.5250,52.5752,0.0119
20.5750,52.5752,0.0119
20.6250,52.5752,0.0120
20.6750,52.5752,0.0125
20.7250,52.5752,0.0124
20.7750,52.5752,0.0125
20.8250,52.5752,0.0125
20.8750,52.5752,0.0125
20.9250,52.5752,0.0130
20.9750,52.5752,0.0131
21.0250,52.5752,0.0131
21.0750,52.5752,0.0131
21.1250,52.5752,0.0131
21.1750,52.5752,0.0132
21.2250,52.5752,0.0134
21.2750,52.5752,0.0134
21.3250,52.5752,0.0134
21.3750,52.5752,0.0133
21.4250,52.5752,0.0133
21.4750,52.5752,0.0135
21.5250,52.5752,0.0135
21.5750,52.5752,0.0135
21.6250,52.5752,0.0134
21.6750,52.5752,0.0134
21.7250,52.5752,0.0135
21.7750,52.5752,0.0135
21.8250,52.5752,0.0135
21.8750,52.5752,0.0134
21.9250,52.5752,0.0134
21.9750,52.5752,0.0135
22.0250,52.5752,0.0134
22.0750,52.5752,0.0134
22.1250,52.5752,0.0134
22.1750,52.5752,0.0132
22.2250,52.5752,0.0132
22.2750,52.5752,0.0131
22.3250,52.5752,0.0131
22.3750,52.5752,0.0130
22.4250,52.5752,0.0128
22.4750,52.5752,0.0128
22.5250,52.5752,0.0125
22.5750,52.5752,0.0125
22.6250,52.5752,0.0124
22.6750,52.5752,0.0121
22.7250,52.5752,0.0119
22.7750,52.5752,0.0116
22.8250,52.5752,0.0114
22.8750,52.5752,0.0111
22.9250,52.5752,0.0111
22.9750,52.5752,0.0107
23.0250,52.5752,0.0104
23.0750,52.5752,0.0102
23.1250,52.5752,0.0098
23.1750,52.5752,0.0098
23.2250,52.5752,0.0092
23.2750,52.5752,0.0090
23.3250,52.5752,0.0087
23.3750,52.5752,0.0083
23.4250,52.5752,0.0083
23.4750,52.5752,0.0078
23.5250,52.5752,0.0076
23.5750,52.5752,0.0075
23.6250,52.5752,0.0070
23.6750,52.5752,0.0070
23.7250,52.5752,0.0065
23.7750,52.5752,0.0063
23.8250,52.5752,0.0063
23.8750,52.5752,0.0060
23.9250,52.5752,0.0060
23.9750,52.5752,0.0057
24.0250,52.5752,0.0054
24.0750,52.5752,0.0054
24.1250,52.5752,0.0050
24.1750,52.5752,0.0050
14.1250,52.5252,0.0000
14.1750,52.5252,0.0000
14.2250,52.5252,0.0000
14.2750,52.5252,0.0000
14.3250,52.5252,0.0000
14.3750,52.5252,0.0000
14.4250,52.5252,0.0000
14.4750,52.5252,0.0000
14.5250,52.5252,0.0000
14.5750,52.5252,0.0000
14.6250,52.5252,0.0000
14.6750,52.5252,0.0000
14.7250,52.5252,0.0000
14.7750,52.5252,0.0000
14.8250,52.5252,0.0000
14.8750,52.5252,0.0000
14.9250,52.5252,0.0000
14.9750,52.5252,0.0000
15.0250,52.5252,0.0000
15.0750,52.5252,0.0000
15.1250,52.5252,0.0000
15.1750,52.5252,0.0000
15.2250,52.5252,0.0000
15.2750,52.5252,0.0000
15.3250,52.5252,0.0000
15.3750,52.5252,0.0000
15.4250,52.5252,0.0000
15.4750,52.5252,0.0000
15.5250,52.5252,0.0000
15.5750,52.5252,0.0000
15.6250,52.5252,0.0000
15.6750,52.5252,0.0000
15.7250,52.5252,0.0000
15.7750,52.5252,0.0000
15.8250,52.5252,0.0000
15.8750,52.5252,0.0000
15.9250,52.5252,0.0000
15.9750,52.5252,0.0000
16.0250,52.5252,0.0000
16.0750,52.5252,0.0000
16.1250,52.5252,0.0000
16.1750,52.5252,0.0000
16.2250,52.5252,0.0000
16.2750,52.5252,0.0000
16.3250,52.5252,0.0000
16.3750,52.5252,0.0000
16.4250,52.5252,0.0000
16.4750,52.5252,0.0000
16.5250,52.5252,0.0000
16.5750,52.5252,0.0000
16.6250,52.5252,0.0000
16.6750,52.5252,0.0000
16.7250,52.5252,0.0000
16.7750,52.5252,0.0000
16.8250,52.5252,0.0000
16.8750,52.5252,0.0000
16.9250,52.5252,0.0000
16.9750,52.5252,0.0000
17.0250,52.5252,0.0000
17.0750,52.5252,0.0000
17.1250,52.5252,0.0000
17.1750,52.5252,0.0000
17.2250,52.5252,0.0000
17.2750,52.5252,0.0000
17.3250,52.5252,0.0000
17.3750,52.5252,0.0000
17.4250,52.5252,0.0000
17.4750,52.5252,0.0000
17.5250,52.5252,0.0000
17.5750,52.5252,0.0000
17.6250,52.5252,0.0000
17.6750,52.5252,0.0000
17.7250,52.5252,0.0000
17.7750,52.5252,0.0000
17.8250,52.5252,0.0052
17.8750,52.5252,0.0052
17.9250,52.5252,0.0054
17.9750,52.5252,0.0054
18.0250,52.5252,0.0058
18.0750,52.5252,0.0060
18.1250,52.5252,0.0060
18.1750,52.5252,0.0061
18.2250,52.5252,0.0061
18.2750,52.5252,0.0062
18.3250,52.5252,0.0064
18.3750,52.5252,0.0066
18.4250,52.5252,0.0068
18.4750,52.5252,0.0068
18.5250,52.5252,0.0070
18.5750,52.5252,0.0070
18.6250,52.5252,0.0074
18.6750,52.5252,0.0076
18.7250,52.5252,0.0076
18.7750,52.5252,0.0077
18.8250,52.5252,0.0077
18.8750,52.5252,0.0081
18.9250,52.5252,0.0082
18.9750,52.5252,0.0082
19.0250,52.5252,0.0083
19.0750,52.5252,0.0083
19.1250,52.5252,0.0085
19.1750,52.5252,0.0088
19.2250,52.5252,0.0088
19.2750,52.5252,0.0090
19.3250,52.5252,0.0090
19.3750,52.5252,0.0092
19.4250,52.5252,0.0096
19.4750,52.5252,0.0096
19.5250,52.5252,0.0097
19.5750,52.5252,0.0097
19.6250,52.5252,0.0098
19.6750,52.5252,0.0100
19.7250,52.5252,0.0102
19.7750,52.5252,0.0103
19.8250,52.5252,0.0103
19.8750,52.5252,0.0104
19.9250,52.5252,0.0104
19.9750,52.5252,0.0108
20.0250,52.5252,0.0108
20.0750,52.5252,0.0108
20.1250,52.5252,0.0109
20.1750,52.5252,0.0109
20.2250,52.5252,0.0111
20.2750,52.5252,0.0111
20.3250,52.5252,0.0111
20.3750,52.5252,0.0111
20.4250,52.5252,0.0111
20.4750,52.5252,0.0115
20.5250,52.5252,0.0115
20.5750,52.5252,0.0115
20.6250,52.5252,0.0115
20.6750,52.5252,0.0115
20.7250,52.5252,0.0120
20.7750,52.5252,0.0121
20.8250,52.5252,0.0121
20.8750,52.5252,0.0122
20.9250,52.5252,0.0121
20.9750,52.5252,0.0127
21.0250,52.5252,0.0127
21.0750,52.5252,0.0127
21.1250,52.5252,0.0127
21.1750,52.5252,0.0127
21.2250,52.5252,0.0131
21.2750,52.5252,0.0130
21.3250,52.5252,0.0130
21.3750,52.5252,0.0131
21.4250,52.5252,0.0129
21.4750,52.5252,0.0132
21.5250,52.5252,0.0131
21.5750,52.5252,0.0131
21.6250,52.5252,0.0133
21.6750,52.5252,0.0131
21.7250,52.5252,0.0133
21.7750,52.5252,0.0132
21.8250,52.5252,0.0132
21.8750,52.5252,0.0134
21.9250,52.5252,0.0131
21.9750,52.5252,0.0133
22.0250,52.5252,0.0133
22.0750,52.5252,0.0132
22.1250,52.5252,0.0132
22.1750,52.5252,0.0130
22.2250,52.5252,0.0130
22.2750,52.5252,0.0130
22.3250,52.5252,0.0128
22.3750,52.5252,0.0128
22.4250,52.5252,0.0127
22.4750,52.5252,0.0126
22.5250,52.5252,0.0126
22.5750,52.5252,0.0122
22.6250,52.5252,0.0121
22.6750,52.5252,0.0121
22.7250,52.5252,0.0116
22.7750,52.5252,0.0116
22.8250,52.5252,0.0111
22.8750,52.5252,0.0109
22.9250,52.5252,0.0109
22.9750,52.5252,0.0105
23.0250,52.5252,0.0105
23.0750,52.5252,0.0100
23.1250,52.5252,0.0096
23.1750,52.5252,0.0096
23.2250,52.5252,0.0090
23.2750,52.5252,0.0090
23.3250,52.5252,0.0086
23.3750,52.5252,0.0081
23.4250,52.5252,0.0081
23.4750,52.5252,0.0076
23.5250,52.5252,0.0076
23.5750,52.5252,0.0073
23.6250,52.5252,0.0068
23.6750,52.5252,0.0068
23.7250,52.5252,0.0065
23.7750,52.5252,0.0064
23.8250,52.5252,0.0062
23.8750,52.5252,0.0058
23.9250,52.5252,0.0058
23.9750,52.5252,0.0056
24.0250,52.5252,0.0055
24.0750,52.5252,0.0052
24.1250,52.5252,0.0044
24.1750,52.5252,0.0000
14.1250,52.4752,0.0000
14.1750,52.4752,0.0000
14.2250,52.4752,0.0000
14.2750,52.4752,0.0000
14.3250,52.4752,0.0000
14.3750,52.4752,0.0000
14.4250,52.4752,0.0000
14.4750,52.4752,0.0000
14.5250,52.4752,0.0000
14.5750,52.4752,0.0000
14.6250,52.4752,0.0000
14.6750,52.4752,0.0000
14.7250,52.4752,0.0000
14.7750,52.4752,0.0000
14.8250,52.4752,0.0000
14.8750,52.4752,0.0000
14.9250,52.4752,0.0000
14.9750,52.4752,0.0000
15.0250,52.4752,0.0000
15.0750,52.4752,0.0000
15.1250,52.4752,0.0000
15.1750,52.4752,0.0000
15.2250,52.4752,0.0000
15.2750,52.4752,0.0000
15.3250,52.4752,0.0000
15.3750,52.4752,0.0000
15.4250,52.4752,0.0000
15.4750,52.4752,0.0000
15.5250,52.4752,0.0000
15.5750,52.4752,0.0000
15.6250,52.4752,0.0000
15.6750,52.4752,0.0000
15.7250,52.4752,0.0000
15.7750,52.4752,0.0000
15.8250,52.4752,0.0000
15.8750,52.4752,0.0000
15.9250,52.4752,0.0000
15.9750,52.4752,0.0000
16.0250,52.4752,0.0000
16.0750,52.4752,0.0000
16.1250,52.4752,0.0000
16.1750,52.4752,0.0000
16.2250,52.4752,0.0000
16.2750,52.4752,0.0000
16.3250,52.4752,0.0000
16.3750,52.4752,0.0000
16.4250,52.4752,0.0000
16.4750,52.4752,0.0000
16.5250,52.4752,0.0000
16.5750,52.4752,0.0000
16.6250,52.4752,0.0000
16.6750,52.4752,0.0000
16.7250,52.4752,0.0000
16.7750,52.4752,0.0000
16.8250,52.4752,0.0000
16.8750,52.4752,0.0000
16.9250,52.4752,0.0000
16.9750,52.4752,0.0000
17.0250,52.4752,0.0000
17.0750,52.4752,0.0000
17.1250,52.4752,0.0000
17.1750,52.4752,0.0000
17.2250,52.4752,0.0000
17.2750,52.4752,0.0000
17.3250,52.4752,0.0000
17.3750,52.4752,0.0000
17.4250,52.4752,0.0000
17.4750,52.4752,0.0000
17.5250,52.4752,0.0000
17.5750,52.4752,0.0000
17.6250,52.4752,0.0000
17.6750,52.4752,0.0000
17.7250,52.4752,0.0000
17.7750,52.4752,0.0000
17.8250,52.4752,0.0000
17.8750,52.4752,0.0050
17.9250,52.4752,0.0052
17.9750,52.4752,0.0052
18.0250,52.4752,0.0056
18.0750,52.4752,0.0054
18.1250,52.4752,0.0057
18.1750,52.4752,0.0058
18.2250,52.4752,0.0059
18.2750,52.4752,0.0062
18.3250,52.4752,0.0060
18.3750,52.4752,0.0064
18.4250,52.4752,0.0064
18.4750,52.4752,0.0065
18.5250,52.4752,0.0069
18.5750,52.4752,0.0067
18.6250,52.4752,0.0072
18.6750,52.4752,0.0069
18.7250,52.4752,0.0073
18.7750,52.4752,0.0075
18.8250,52.4752,0.0075
18.8750,52.4752,0.0078
18.9250,52.4752,0.0076
18.9750,52.4752,0.0080
19.0250,52.4752,0.0081
19.0750,52.4752,0.0081
19.1250,52.4752,0.0084
19.1750,52.4752,0.0082
19.2250,52.4752,0.0085
19.2750,52.4752,0.0087
19.3250,52.4752,0.0087
19.3750,52.4752,0.0091
19.4250,52.4752,0.0089
19.4750,52.4752,0.0093
19.5250,52.4752,0.0094
19.5750,52.4752,0.0094
19.6250,52.4752,0.0098
19.6750,52.4752,0.0095
19.7250,52.4752,0.0099
19.7750,52.4752,0.0100
19.8250,52.4752,0.0100
19.8750,52.4752,0.0104
19.9250,52.4752,0.0101
19.9750,52.4752,0.0105
20.0250,52.4752,0.0104
20.0750,52.4752,0.0106
20.1250,52.4752,0.0108
20.1750,52.4752,0.0106
20.2250,52.4752,0.0109
20.2750,52.4752,0.0108
20.3250,52.4752,0.0109
20.3750,52.4752,0.0111
20.4250,52.4752,0.0109
20.4750,52.4752,0.0111
20.5250,52.4752,0.0110
20.5750,52.4752,0.0111
20.6250,52.4752,0.0114
20.6750,52.4752,0.0111
20.7250,52.4752,0.0115
20.7750,52.4752,0.0114
20.8250,52.4752,0.0116
20.8750,52.4752,0.0121
20.9250,52.4752,0.0117
20.9750,52.4752,0.0122
21.0250,52.4752,0.0121
21.0750,52.4752,0.0122
21.1250,52.4752,0.0126
21.1750,52.4752,0.0123
21.2250,52.4752,0.0127
21.2750,52.4752,0.0126
21.3250,52.4752,0.0126
21.3750,52.4752,0.0127
21.4250,52.4752,0.0126
21.4750,52.4752,0.0129
21.5250,52.4752,0.0129
21.5750,52.4752,0.0128
21.6250,52.4752,0.0128
21.6750,52.4752,0.0127
21.7250,52.4752,0.0130
21.7750,52.4752,0.0130
21.8250,52.4752,0.0129
21.8750,52.4752,0.0129
21.9250,52.4752,0.0128
21.9750,52.4752,0.0130
22.0250,52.4752,0.0130
22.0750,52.4752,0.0129
22.1250,52.4752,0.0129
22.1750,52.4752,0.0130
22.2250,52.4752,0.0128
22.2750,52.4752,0.0128
22.3250,52.4752,0.0126
22.3750,52.4752,0.0126
22.4250,52.4752,0.0126
22.4750,52.4752,0.0123
22.5250,52.4752,0.0123
22.5750,52.4752,0.0120
22.6250,52.4752,0.0120
22.6750,52.4752,0.0118
22.7250,52.4752,0.0114
22.7750,52.4752,0.0114
22.8250,52.4752,0.0110
22.8750,52.4752,0.0109
22.9250,52.4752,0.0107
22.9750,52.4752,0.0102
23.0250,52.4752,0.0102
23.0750,52.4752,0.0099
23.1250,52.4752,0.0097
23.1750,52.4752,0.0094
23.2250,52.4752,0.0088
23.2750,52.4752,0.0088
23.3250,52.4752,0.0084
23.3750,52.4752,0.0083
23.4250,52.4752,0.0080
23.4750,52.4752,0.0076
23.5250,52.4752,0.0074
23.5750,52.4752,0.0071
23.6250,52.4752,0.0071
23.6750,52.4752,0.0066
23.7250,52.4752,0.0064
23.7750,52.4752,0.0062
23.8250,52.4752,0.0060
23.8750,52.4752,0.0060
23.9250,52.4752,0.0057
23.9750,52.4752,0.0054
24.0250,52.4752,0.0054
24.0750,52.4752,0.0051
24.1250,52.4752,0.0051
24.1750,52.4752,0.0000
14.1250,52.4252,0.0000
14.1750,52.4252,0.0000
14.2250,52.4252,0.0000
14.2750,52.4252,0.0000
14.3250,52.4252,0.0000
14.3750,52.4252,0.0000
14.4250,52.4252,0.0000
14.4750,52.4252,0.0000
14.5250,52.4252,0.0000
14.5750,52.4252,0.0000
14.6250,52.4252,0.0000
14.6750,52.4252,0.0000
14.7250,52.4252,0.0000
14.7750,52.4252,0.0000
14.8250,52.4252,0.0000
14.8750,52.4252,0.0000
14.9250,52.4252,0.0000
14.9750,52.4252,0.0000
15.0250,52.4252,0.0000
15.0750,52.4252,0.0000
15.1250,52.4252,0.0000
15.1750,52.4252,0.0000
15.2250,52.4252,0.0000
15.2750,52.4252,0.0000
15.3250,52.4252,0.0000
15.3750,52.4252,0.0000
15.4250,52.4252,0.0000
15.4750,52.4252,0.0000
15.5250,52.4252,0.0000
15.5750,52.4252,0.0000
15.6250,52.4252,0.0000
15.6750,52.4252,0.0000
15.7250,52.4252,0.0000
15.7750,52.4252,0.0000
15.8250,52.4252,0.0000
15.8750,52.4252,0.0000
15.9250,52.4252,0.0000
15.9750,52.4252,0.0000
16.0250,52.4252,0.0000
16.0750,52.4252,0.0000
16.1250,52.4252,0.0000
16.1750,52.4252,0.0000
16.2250,52.4252,0.0000
16.2750,52.4252,0.0000
16.3250,52.4252,0.0000
16.3750,52.4252,0.0000
16.4250,52.4252,0.0000
16.4750,52.4252,0.0000
16.5250,52.4252,0.0000
16.5750,52.4252,0.0000
16.6250,52.4252,0.0000
16.6750,52.4252,0.0000
16.7250,52.4252,0.0000
16.7750,52.4252,0.0000
16.8250,52.4252,0.0000
16.8750,52.4252,0.0000
16.9250,52.4252,0.0000
16.9750,52.4252,0.0000
17.0250,52.4252,0.0000
17.0750,52.4252,0.0000
17.1250,52.4252,0.0000
17.1750,52.4252,0.0000
17.2250,52.4252,0.0000
17.2750,52.4252,0.0000
17.3250,52.4252,0.0000
17.3750,52.4252,0.0000
17.4250,52.4252,0.0000
17.4750,52.4252,0.0000
17.5250,52.4252,0.0000
17.5750,52.4252,0.0000
17.6250,52.4252,0.0000
17.6750,52.4252,0.0000
17.7250,52.4252,0.0000
17.7750,52.4252,0.0000
17.8250,52.4252,0.0000
17.8750,52.4252,0.0000
17.9250,52.4252,0.0000
17.9750,52.4252,0.0050
18.0250,52.4252,0.0053
18.0750,52.4252,0.0054
18.1250,52.4252,0.0056
18.1750,52.4252,0.0056
18.2250,52.4252,0.0057
18.2750,52.4252,0.0057
18.3250,52.4252,0.0058
18.3750,52.4252,0.0062
18.4250,52.4252,0.0062
18.4750,52.4252,0.0063
18.5250,52.4252,0.0063
18.5750,52.4252,0.0064
18.6250,52.4252,0.0069
18.6750,52.4252,0.0069
18.7250,52.4252,0.0071
18.7750,52.4252,0.0071
18.8250,52.4252,0.0072
18.8750,52.4252,0.0076
18.9250,52.4252,0.0075
18.9750,52.4252,0.0077
19.0250,52.4252,0.0077
19.0750,52.4252,0.0079
19.1250,52.4252,0.0082
19.1750,52.4252,0.0080
19.2250,52.4252,0.0083
19.2750,52.4252,0.0083
19.3250,52.4252,0.0084
19.3750,52.4252,0.0088
19.4250,52.4252,0.0085
19.4750,52.4252,0.0090
19.5250,52.4252,0.0090
19.5750,52.4252,0.0091
19.6250,52.4252,0.0092
19.6750,52.4252,0.0092
19.7250,52.4252,0.0096
19.7750,52.4252,0.0096
19.8250,52.4252,0.0097
19.8750,52.4252,0.0098
19.9250,52.4252,0.0099
19.9750,52.4252,0.0102
20.0250,52.4252,0.0102
20.0750,52.4252,0.0103
20.1250,52.4252,0.0103
20.1750,52.4252,0.0104
20.2250,52.4252,0.0107
20.2750,52.4252,0.0107
20.3250,52.4252,0.0107
20.3750,52.4252,0.0107
20.4250,52.4252,0.0107
20.4750,52.4252,0.0109
20.5250,52.4252,0.0109
20.5750,52.4252,0.0108
20.6250,52.4252,0.0108
20.6750,52.4252,0.0108
20.7250,52.4252,0.0111
20.7750,52.4252,0.0111
20.8250,52.4252,0.0111
20.8750,52.4252,0.0111
20.9250,52.4252,0.0112
20.9750,52.4252,0.0117
21.0250,52.4252,0.0117
21.0750,52.4252,0.0118
21.1250,52.4252,0.0118
21.1750,52.4252,0.0117
21.2250,52.4252,0.0122
21.2750,52.4252,0.0122
21.3250,52.4252,0.0122
21.3750,52.4252,0.0122
21.4250,52.4252,0.0122
21.4750,52.4252,0.0125
21.5250,52.4252,0.0125
21.5750,52.4252,0.0124
21.6250,52.4252,0.0124
21.6750,52.4252,0.0127
21.7250,52.4252,0.0126
21.7750,52.4252,0.0127
21.8250,52.4252,0.0126
21.8750,52.4252,0.0126
21.9250,52.4252,0.0128
21.9750,52.4252,0.0127
22.0250,52.4252,0.0127
22.0750,52.4252,0.0126
22.1250,52.4252,0.0126
22.1750,52.4252,0.0127
22.2250,52.4252,0.0125
22.2750,52.4252,0.0125
22.3250,52.4252,0.0123
22.3750,52.4252,0.0123
22.4250,52.4252,0.0123
22.4750,52.4252,0.0121
22.5250,52.4252,0.0120
22.5750,52.4252,0.0119
22.6250,52.4252,0.0117
22.6750,52.4252,0.0115
22.7250,52.4252,0.0115
22.7750,52.4252,0.0111
22.8250,52.4252,0.0109
22.8750,52.4252,0.0107
22.9250,52.4252,0.0105
22.9750,52.4252,0.0105
23.0250,52.4252,0.0100
23.0750,52.4252,0.0097
23.1250,52.4252,0.0095
23.1750,52.4252,0.0091
23.2250,52.4252,0.0091
23.2750,52.4252,0.0085
23.3250,52.4252,0.0082
23.3750,52.4252,0.0082
23.4250,52.4252,0.0077
23.4750,52.4252,0.0077
23.5250,52.4252,0.0072
23.5750,52.4252,0.0069
23.6250,52.4252,0.0069
23.6750,52.4252,0.0064
23.7250,52.4252,0.0064
23.7750,52.4252,0.0062
23.8250,52.4252,0.0059
23.8750,52.4252,0.0059
23.9250,52.4252,0.0055
23.9750,52.4252,0.0055
24.0250,52.4252,0.0053
24.0750,52.4252,0.0000
24.1250,52.4252,0.0000
24.1750,52.4252,0.0000
14.1250,52.3752,0.0000
14.1750,52.3752,0.0000
14.2250,52.3752,0.0000
14.2750,52.3752,0.0000
14.3250,52.3752,0.0000
14.3750,52.3752,0.0000
14.4250,52.3752,0.0000
14.4750,52.3752,0.0000
14.5250,52.3752,0.0000
14.5750,52.3752,0.0000
14.6250,52.3752,0.0000
14.6750,52.3752,0.0000
14.7250,52.3752,0.0000
14.7750,52.3752,0.0000
14.8250,52.3752,0.0000
14.8750,52.3752,0.0000
14.9250,52.3752,0.0000
14.9750,52.3752,0.0000
15.0250,52.3752,0.0000
15.0750,52.3752,0.0000
15.1250,52.3752,0.0000
15.1750,52.3752,0.0000
15.2250,52.3752,0.0000
15.2750,52.3752,0.0000
15.3250,52.3752,0.0000
15.3750,52.3752,0.0000
15.4250,52.3752,0.0000
15.4750,52.3752,0.0000
15.5250,52.3752,0.0000
15.5750,52.3752,0.0000
15.6250,52.3752,0.0000
15.6750,52.3752,0.0000
15.7250,52.3752,0.0000
15.7750,52.3752,0.0000
15.8250,52.3752,0.0000
15.8750,52.3752,0.0000
15.9250,52.3752,0.0000
15.9750,52.3752,0.0000
16.0250,52.3752,0.0000
16.0750,52.3752,0.0000
16.1250,52.3752,0.0000
16.1750,52.3752,0.0000
16.2250,52.3752,0.0000
16.2750,52.3752,0.0000
16.3250,52.3752,0.0000
16.3750,52.3752,0.0000
16.4250,52.3752,0.0000
16.4750,52.3752,0.0000
16.5250,52.3752,0.0000
16.5750,52.3752,0.0000
16.6250,52.3752,0.0000
16.6750,52.3752,0.0000
16.7250,52.3752,0.0000
16.7750,52.3752,0.0000
16.8250,52.3752,0.0000
16.8750,52.3752,0.0000
16.9250,52.3752,0.0000
16.9750,52.3752,0.0000
17.0250,52.3752,0.0000
17.0750,52.3752,0.0000
17.1250,52.3752,0.0000
17.1750,52.3752,0.0000
17.2250,52.3752,0.0000
17.2750,52.3752,0.0000
17.3250,52.3752,0.0000
17.3750,52.3752,0.0000
17.4250,52.3752,0.0000
17.4750,52.3752,0.0000
17.5250,52.3752,0.0000
17.5750,52.3752,0.0000
17.6250,52.3752,0.0000
17.6750,52.3752,0.0000
17.7250,52.3752,0.0000
17.7750,52.3752,0.0000
17.8250,52.3752,0.0000
17.8750,52.3752,0.0000
17.9250,52.3752,0.0000
17.9750,52.3752,0.0002
18.0250,52.3752,0.0000
18.0750,52.3752,0.0052
18.1250,52.3752,0.0053
18.1750,52.3752,0.0054
18.2250,52.3752,0.0055
18.2750,52.3752,0.0055
18.3250,52.3752,0.0058
18.3750,52.3752,0.0057
18.4250,52.3752,0.0060
18.4750,52.3752,0.0061
18.5250,52.3752,0.0061
18.5750,52.3752,0.0063
18.6250,52.3752,0.0062
18.6750,52.3752,0.0066
18.7250,52.3752,0.0067
18.7750,52.3752,0.0067
18.8250,52.3752,0.0069
18.8750,52.3752,0.0069
18.9250,52.3752,0.0074
18.9750,52.3752,0.0075
19.0250,52.3752,0.0075
19.0750,52.3752,0.0076
19.1250,52.3752,0.0076
19.1750,52.3752,0.0080
19.2250,52.3752,0.0081
19.2750,52.3752,0.0081
19.3250,52.3752,0.0082
19.3750,52.3752,0.0082
19.4250,52.3752,0.0085
19.4750,52.3752,0.0086
19.5250,52.3752,0.0086
19.5750,52.3752,0.0088
19.6250,52.3752,0.0088
19.6750,52.3752,0.0092
19.7250,52.3752,0.0092
19.7750,52.3752,0.0093
19.8250,52.3752,0.0094
19.8750,52.3752,0.0094
19.9250,52.3752,0.0098
19.9750,52.3752,0.0097
20.0250,52.3752,0.0100
20.0750,52.3752,0.0100
20.1250,52.3752,0.0100
20.1750,52.3752,0.0103
20.2250,52.3752,0.0101
20.2750,52.3752,0.0104
20.3250,52.3752,0.0104
20.3750,52.3752,0.0104
20.4250,52.3752,0.0106
20.4750,52.3752,0.0104
20.5250,52.3752,0.0106
20.5750,52.3752,0.0106
20.6250,52.3752,0.0106
20.6750,52.3752,0.0108
20.7250,52.3752,0.0106
20.7750,52.3752,0.0108
20.8250,52.3752,0.0108
20.8750,52.3752,0.0108
20.9250,52.3752,0.0111
20.9750,52.3752,0.0109
21.0250,52.3752,0.0112
21.0750,52.3752,0.0112
21.1250,52.3752,0.0112
21.1750,52.3752,0.0117
21.2250,52.3752,0.0113
21.2750,52.3752,0.0118
21.3250,52.3752,0.0117
21.3750,52.3752,0.0117
21.4250,52.3752,0.0122
21.4750,52.3752,0.0117
21.5250,52.3752,0.0121
21.5750,52.3752,0.0120
21.6250,52.3752,0.0120
21.6750,52.3752,0.0124
21.7250,52.3752,0.0120
21.7750,52.3752,0.0123
21.8250,52.3752,0.0123
21.8750,52.3752,0.0122
21.9250,52.3752,0.0125
21.9750,52.3752,0.0122
22.0250,52.3752,0.0124
22.0750,52.3752,0.0124
22.1250,52.3752,0.0123
22.1750,52.3752,0.0125
22.2250,52.3752,0.0123
22.2750,52.3752,0.0122
22.3250,52.3752,0.0122
22.3750,52.3752,0.0120
22.4250,52.3752,0.0121
22.4750,52.3752,0.0121
22.5250,52.3752,0.0117
22.5750,52.3752,0.0117
22.6250,52.3752,0.0114
22.6750,52.3752,0.0112
22.7250,52.3752,0.0112
22.7750,52.3752,0.0108
22.8250,52.3752,0.0108
22.8750,52.3752,0.0105
22.9250,52.3752,0.0103
22.9750,52.3752,0.0103
23.0250,52.3752,0.0098
23.0750,52.3752,0.0097
23.1250,52.3752,0.0094
23.1750,52.3752,0.0088
23.2250,52.3752,0.0088
23.2750,52.3752,0.0083
23.3250,52.3752,0.0083
23.3750,52.3752,0.0080
23.4250,52.3752,0.0075
23.4750,52.3752,0.0075
23.5250,52.3752,0.0072
23.5750,52.3752,0.0070
23.6250,52.3752,0.0067
23.6750,52.3752,0.0062
23.7250,52.3752,0.0062
23.7750,52.3752,0.0061
23.8250,52.3752,0.0058
23.8750,52.3752,0.0057
23.9250,52.3752,0.0054
23.9750,52.3752,0.0053
24.0250,52.3752,0.0051
24.0750,52.3752,0.0033
24.1250,52.3752,0.0000
24.1750,52.3752,0.0000
14.1250,52.3252,0.0000
14.1750,52.3252,0.0000
14.2250,52.3252,0.0000
14.2750,52.3252,0.0000
14.3250,52.3252,0.0000
14.3750,52.3252,0.0000
14.4250,52.3252,0.0000
14.4750,52.3252,0.0000
14.5250,52.3252,0.0000
14.5750,52.3252,0.0000
14.6250,52.3252,0.0000
14.6750,52.3252,0.0000
14.7250,52.3252,0.0000
14.7750,52.3252,0.0000
14.8250,52.3252,0.0000
14.8750,52.3252,0.0000
14.9250,52.3252,0.0000
14.9750,52.3252,0.0000
15.0250,52.3252,0.0000
15.0750,52.3252,0.0000
15.1250,52.3252,0.0000
15.1750,52.3252,0.0000
15.2250,52.3252,0.0000
15.2750,52.3252,0.0000
15.3250,52.3252,0.0000
15.3750,52.3252,0.0000
15.4250,52.3252,0.0000
15.4750,52.3252,0.0000
15.5250,52.3252,0.0000
15.5750,52.3252,0.0000
15.6250,52.3252,0.0000
15.6750,52.3252,0.0000
15.7250,52.3252,0.0000
15.7750,52.3252,0.0000
15.8250,52.3252,0.0000
15.8750,52.3252,0.0000
15.9250,52.3252,0.0000
15.9750,52.3252,0.0000
16.0250,52.3252,0.0000
16.0750,52.3252,0.0000
16.1250,52.3252,0.0000
16.1750,52.3252,0.0000
16.2250,52.3252,0.0000
16.2750,52.3252,0.0000
16.3250,52.3252,0.0000
16.3750,52.3252,0.0000
16.4250,52.3252,0.0000
16.4750,52.3252,0.0000
16.5250,52.3252,0.0000
16.5750,52.3252,0.0000
16.6250,52.3252,0.0000
16.6750,52.3252,0.0000
16.7250,52.3252,0.0000
16.7750,52.3252,0.0000
16.8250,52.3252,0.0000
16.8750,52.3252,0.0000
16.9250,52.3252,0.0000
16.9750,52.3252,0.0000
17.0250,52.3252,0.0000
17.0750,52.3252,0.0000
17.1250,52.3252,0.0000
17.1750,52.3252,0.0000
17.2250,52.3252,0.0000
17.2750,52.3252,0.0000
17.3250,52.3252,0.0000
17.3750,52.3252,0.0000
17.4250,52.3252,0.0000
17.4750,52.3252,0.0000
17.5250,52.3252,0.0000
17.5750,52.3252,0.0000
17.6250,52.3252,0.0000
17.6750,52.3252,0.0000
17.7250,52.3252,0.0000
17.7750,52.3252,0.0000
17.8250,52.3252,0.0000
17.8750,52.3252,0.0000
17.9250,52.3252,0.0000
17.9750,52.3252,0.0000
18.0250,52.3252,0.0000
18.0750,52.3252,0.0050
18.1250,52.3252,0.0016
18.1750,52.3252,0.0052
18.2250,52.3252,0.0052
18.2750,52.3252,0.0054
18.3250,52.3252,0.0057
18.3750,52.3252,0.0055
18.4250,52.3252,0.0058
18.4750,52.3252,0.0058
18.5250,52.3252,0.0059
18.5750,52.3252,0.0062
18.6250,52.3252,0.0061
18.6750,52.3252,0.0064
18.7250,52.3252,0.0063
18.7750,52.3252,0.0065
18.8250,52.3252,0.0069
18.8750,52.3252,0.0066
18.9250,52.3252,0.0071
18.9750,52.3252,0.0069
19.0250,52.3252,0.0072
19.0750,52.3252,0.0075
19.1250,52.3252,0.0074
19.1750,52.3252,0.0078
19.2250,52.3252,0.0075
19.2750,52.3252,0.0079
19.3250,52.3252,0.0080
19.3750,52.3252,0.0080
19.4250,52.3252,0.0083
19.4750,52.3252,0.0081
19.5250,52.3252,0.0084
19.5750,52.3252,0.0085
19.6250,52.3252,0.0085
19.6750,52.3252,0.0089
19.7250,52.3252,0.0086
19.7750,52.3252,0.0090
19.8250,52.3252,0.0091
19.8750,52.3252,0.0092
19.9250,52.3252,0.0096
19.9750,52.3252,0.0093
20.0250,52.3252,0.0097
20.0750,52.3252,0.0097
20.1250,52.3252,0.0098
20.1750,52.3252,0.0101
20.2250,52.3252,0.0098
20.2750,52.3252,0.0102
20.3250,52.3252,0.0101
20.3750,52.3252,0.0102
20.4250,52.3252,0.0104
20.4750,52.3252,0.0102
20.5250,52.3252,0.0104
20.5750,52.3252,0.0104
20.6250,52.3252,0.0104
20.6750,52.3252,0.0106
20.7250,52.3252,0.0104
20.7750,52.3252,0.0106
20.8250,52.3252,0.0106
20.8750,52.3252,0.0106
20.9250,52.3252,0.0109
20.9750,52.3252,0.0106
21.0250,52.3252,0.0108
21.0750,52.3252,0.0108
21.1250,52.3252,0.0109
21.1750,52.3252,0.0113
21.2250,52.3252,0.0109
21.2750,52.3252,0.0113
21.3250,52.3252,0.0113
21.3750,52.3252,0.0113
21.4250,52.3252,0.0117
21.4750,52.3252,0.0113
21.5250,52.3252,0.0117
21.5750,52.3252,0.0117
21.6250,52.3252,0.0116
21.6750,52.3252,0.0120
21.7250,52.3252,0.0119
21.7750,52.3252,0.0120
21.8250,52.3252,0.0120
21.8750,52.3252,0.0118
21.9250,52.3252,0.0121
21.9750,52.3252,0.0121
22.0250,52.3252,0.0120
22.0750,52.3252,0.0120
22.1250,52.3252,0.0120
22.1750,52.3252,0.0121
22.2250,52.3252,0.0121
22.2750,52.3252,0.0119
22.3250,52.3252,0.0119
22.3750,52.3252,0.0117
22.4250,52.3252,0.0117
22.4750,52.3252,0.0117
22.5250,52.3252,0.0114
22.5750,52.3252,0.0114
22.6250,52.3252,0.0113
22.6750,52.3252,0.0110
22.7250,52.3252,0.0110
22.7750,52.3252,0.0106
22.8250,52.3252,0.0106
22.8750,52.3252,0.0104
22.9250,52.3252,0.0100
22.9750,52.3252,0.0100
23.0250,52.3252,0.0095
23.0750,52.3252,0.0095
23.1250,52.3252,0.0092
23.1750,52.3252,0.0085
23.2250,52.3252,0.0085
23.2750,52.3252,0.0082
23.3250,52.3252,0.0081
23.3750,52.3252,0.0078
23.4250,52.3252,0.0074
23.4750,52.3252,0.0073
23.5250,52.3252,0.0070
23.5750,52.3252,0.0067
23.6250,52.3252,0.0065
23.6750,52.3252,0.0064
23.7250,52.3252,0.0061
23.7750,52.3252,0.0059
23.8250,52.3252,0.0059
23.8750,52.3252,0.0056
23.9250,52.3252,0.0055
23.9750,52.3252,0.0052
24.0250,52.3252,0.0000
24.0750,52.3252,0.0000
24.1250,52.3252,0.0000
24.1750,52.3252,0.0000
14.1250,52.2752,0.0000
14.1750,52.2752,0.0000
14.2250,52.2752,0.0000
14.2750,52.2752,0.0000
14.3250,52.2752,0.0000
14.3750,52.2752,0.0000
14.4250,52.2752,0.0000
14.4750,52.2752,0.0000
14.5250,52.2752,0.0000
14.5750,52.2752,0.0000
14.6250,52.2752,0.0000
14.6750,52.2752,0.0000
14.7250,52.2752,0.0000
14.7750,52.2752,0.0000
14.8250,52.2752,0.0000
14.8750,52.2752,0.0000
14.9250,52.2752,0.0000
14.9750,52.2752,0.0000
15.0250,52.2752,0.0000
15.0750,52.2752,0.0000
15.1250,52.2752,0.0000
15.1750,52.2752,0.0000
15.2250,52.2752,0.0000
15.2750,52.2752,0.0000
15.3250,52.2752,0.0000
15.3750,52.2752,0.0000
15.4250,52.2752,0.0000
15.4750,52.2752,0.0000
15.5250,52.2752,0.0000
15.5750,52.2752,0.0000
15.6250,52.2752,0.0000
15.6750,52.2752,0.0000
15.7250,52.2752,0.0000
15.7750,52.2752,0.0000
15.8250,52.2752,0.0000
15.8750,52.2752,0.0000
15.9250,52.2752,0.0000
15.9750,52.2752,0.0000
16.0250,52.2752,0.0000
16.0750,52.2752,0.0000
16.1250,52.2752,0.0000
16.1750,52.2752,0.0000
16.2250,52.2752,0.0000
16.2750,52.2752,0.0000
16.3250,52.2752,0.0000
16.3750,52.2752,0.0000
16.4250,52.2752,0.0000
16.4750,52.2752,0.0000
16.5250,52.2752,0.0000
16.5750,52.2752,0.0000
16.6250,52.2752,0.0000
16.6750,52.2752,0.0000
16.7250,52.2752,0.0000
16.7750,52.2752,0.0000
16.8250,52.2752,0.0000
16.8750,52.2752,0.0000
16.9250,52.2752,0.0000
16.9750,52.2752,0.0000
17.0250,52.2752,0.0000
17.0750,52.2752,0.0000
17.1250,52.2752,0.0000
17.1750,52.2752,0.0000
17.2250,52.2752,0.0000
17.2750,52.2752,0.0000
17.3250,52.2752,0.0000
17.3750,52.2752,0.0000
17.4250,52.2752,0.0000
17.4750,52.2752,0.0000
17.5250,52.2752,0.0000
17.5750,52.2752,0.0000
17.6250,52.2752,0.0000
17.6750,52.2752,0.0000
17.7250,52.2752,0.0000
17.7750,52.2752,0.0000
17.8250,52.2752,0.0000
17.8750,52.2752,0.0000
17.9250,52.2752,0.0000
17.9750,52.2752,0.0000
18.0250,52.2752,0.0000
18.0750,52.2752,0.0000
18.1250,52.2752,0.0000
18.1750,52.2752,0.0051
18.2250,52.2752,0.0051
18.2750,52.2752,0.0052
18.3250,52.2752,0.0052
18.3750,52.2752,0.0055
18.4250,52.2752,0.0057
18.4750,52.2752,0.0057
18.5250,52.2752,0.0058
18.5750,52.2752,0.0058
18.6250,52.2752,0.0059
18.6750,52.2752,0.0062
18.7250,52.2752,0.0062
18.7750,52.2752,0.0063
18.8250,52.2752,0.0063
18.8750,52.2752,0.0064
18.9250,52.2752,0.0068
18.9750,52.2752,0.0068
19.0250,52.2752,0.0070
19.0750,52.2752,0.0070
19.1250,52.2752,0.0071
19.1750,52.2752,0.0075
19.2250,52.2752,0.0075
19.2750,52.2752,0.0077
19.3250,52.2752,0.0077
19.3750,52.2752,0.0078
19.4250,52.2752,0.0081
19.4750,52.2752,0.0081
19.5250,52.2752,0.0082
19.5750,52.2752,0.0082
19.6250,52.2752,0.0083
19.6750,52.2752,0.0085
19.7250,52.2752,0.0086
19.7750,52.2752,0.0088
19.8250,52.2752,0.0088
19.8750,52.2752,0.0089
19.9250,52.2752,0.0089
19.9750,52.2752,0.0091
20.0250,52.2752,0.0094
20.0750,52.2752,0.0094
20.1250,52.2752,0.0095
20.1750,52.2752,0.0095
20.2250,52.2752,0.0096
20.2750,52.2752,0.0099
20.3250,52.2752,0.0099
20.3750,52.2752,0.0100
20.4250,52.2752,0.0100
20.4750,52.2752,0.0100
20.5250,52.2752,0.0102
20.5750,52.2752,0.0102
20.6250,52.2752,0.0102
20.6750,52.2752,0.0102
20.7250,52.2752,0.0102
20.7750,52.2752,0.0104
20.8250,52.2752,0.0104
20.8750,52.2752,0.0103
20.9250,52.2752,0.0103
20.9750,52.2752,0.0105
21.0250,52.2752,0.0106
21.0750,52.2752,0.0106
21.1250,52.2752,0.0106
21.1750,52.2752,0.0106
21.2250,52.2752,0.0109
21.2750,52.2752,0.0109
21.3250,52.2752,0.0109
21.3750,52.2752,0.0109
21.4250,52.2752,0.0109
21.4750,52.2752,0.0113
21.5250,52.2752,0.0112
21.5750,52.2752,0.0112
21.6250,52.2752,0.0112
21.6750,52.2752,0.0112
21.7250,52.2752,0.0116
21.7750,52.2752,0.0115
21.8250,52.2752,0.0115
21.8750,52.2752,0.0115
21.9250,52.2752,0.0115
21.9750,52.2752,0.0118
22.0250,52.2752,0.0117
22.0750,52.2752,0.0117
22.1250,52.2752,0.0116
22.1750,52.2752,0.0116
22.2250,52.2752,0.0118
22.2750,52.2752,0.0116
22.3250,52.2752,0.0116
22.3750,52.2752,0.0117
22.4250,52.2752,0.0113
22.4750,52.2752,0.0114
22.5250,52.2752,0.0111
22.5750,52.2752,0.0111
22.6250,52.2752,0.0110
22.6750,52.2752,0.0108
22.7250,52.2752,0.0107
22.7750,52.2752,0.0104
22.8250,52.2752,0.0103
22.8750,52.2752,0.0102
22.9250,52.2752,0.0100
22.9750,52.2752,0.0097
23.0250,52.2752,0.0095
23.0750,52.2752,0.0092
23.1250,52.2752,0.0089
23.1750,52.2752,0.0089
23.2250,52.2752,0.0083
23.2750,52.2752,0.0081
23.3250,52.2752,0.0079
23.3750,52.2752,0.0076
23.4250,52.2752,0.0076
23.4750,52.2752,0.0070
23.5250,52.2752,0.0068
23.5750,52.2752,0.0067
23.6250,52.2752,0.0063
23.6750,52.2752,0.0063
23.7250,52.2752,0.0060
23.7750,52.2752,0.0058
23.8250,52.2752,0.0058
23.8750,52.2752,0.0054
23.9250,52.2752,0.0054
23.9750,52.2752,0.0050
24.0250,52.2752,0.0000
24.0750,52.2752,0.0000
24.1250,52.2752,0.0000
24.1750,52.2752,0.0000
14.1250,52.2252,0.0000
14.1750,52.2252,0.0000
14.2250,52.2252,0.0000
14.2750,52.2252,0.0000
14.3250,52.2252,0.0000
14.3750,52.2252,0.0000
14.4250,52.2252,0.0000
14.4750,52.2252,0.0000
14.5250,52.2252,0.0000
14.5750,52.2252,0.0000
14.6250,52.2252,0.0000
14.6750,52.2252,0.0000
14.7250,52.2252,0.0000
14.7750,52.2252,0.0000
14.8250,52.2252,0.0000
14.8750,52.2252,0.0000
14.9250,52.2252,0.0000
14.9750,52.2252,0.0000
15.0250,52.2252,0.0000
15.0750,52.2252,0.0000
15.1250,52.2252,0.0000
15.1750,52.2252,0.0000
15.2250,52.2252,0.0000
15.2750,52.2252,0.0000
15.3250,52.2252,0.0000
15.3750,52.2252,0.0000
15.4250,52.2252,0.0000
15.4750,52.2252,0.0000
15.5250,52.2252,0.0000
15.5750,52.2252,0.0000
15.6250,52.2252,0.0000
15.6750,52.2252,0.0000
15.7250,52.2252,0.0000
15.7750,52.2252,0.0000
15.8250,52.2252,0.0000
15.8750,52.2252,0.0000
15.9250,52.2252,0.0000
15.9750,52.2252,0.0000
16.0250,52.2252,0.0000
16.0750,52.2252,0.0000
16.1250,52.2252,0.0000
16.1750,52.2252,0.0000
16.2250,52.2252,0.0000
16.2750,52.2252,0.0000
16.3250,52.2252,0.0000
16.3750,52.2252,0.0000
16.4250,52.2252,0.0000
16.4750,52.2252,0.0000
16.5250,52.2252,0.0000
16.5750,52.2252,0.0000
16.6250,52.2252,0.0000
16.6750,52.2252,0.0000
16.7250,52.2252,0.0000
16.7750,52.2252,0.0000
16.8250,52.2252,0.0000
16.8750,52.2252,0.0000
16.9250,52.2252,0.0000
16.9750,52.2252,0.0000
17.0250,52.2252,0.0000
17.0750,52.2252,0.0000
17.1250,52.2252,0.0000
17.1750,52.2252,0.0000
17.2250,52.2252,0.0000
17.2750,52.2252,0.0000
17.3250,52.2252,0.0000
17.3750,52.2252,0.0000
17.4250,52.2252,0.0000
17.4750,52.2252,0.0000
17.5250,52.2252,0.0000
17.5750,52.2252,0.0000
17.6250,52.2252,0.0000
17.6750,52.2252,0.0000
17.7250,52.2252,0.0000
17.7750,52.2252,0.0000
17.8250,52.2252,0.0000
17.8750,52.2252,0.0000
17.9250,52.2252,0.0000
17.9750,52.2252,0.0000
18.0250,52.2252,0.0000
18.0750,52.2252,0.0000
18.1250,52.2252,0.0000
18.1750,52.2252,0.0000
18.2250,52.2252,0.0000
18.2750,52.2252,0.0051
18.3250,52.2252,0.0051
18.3750,52.2252,0.0053
18.4250,52.2252,0.0052
18.4750,52.2252,0.0055
18.5250,52.2252,0.0056
18.5750,52.2252,0.0056
18.6250,52.2252,0.0059
18.6750,52.2252,0.0057
18.7250,52.2252,0.0060
18.7750,52.2252,0.0061
18.8250,52.2252,0.0061
18.8750,52.2252,0.0064
18.9250,52.2252,0.0062
18.9750,52.2252,0.0065
19.0250,52.2252,0.0067
19.0750,52.2252,0.0067
19.1250,52.2252,0.0070
19.1750,52.2252,0.0069
19.2250,52.2252,0.0073
19.2750,52.2252,0.0074
19.3250,52.2252,0.0074
19.3750,52.2252,0.0076
19.4250,52.2252,0.0076
19.4750,52.2252,0.0079
19.5250,52.2252,0.0080
19.5750,52.2252,0.0080
19.6250,52.2252,0.0081
19.6750,52.2252,0.0081
19.7250,52.2252,0.0084
19.7750,52.2252,0.0085
19.8250,52.2252,0.0085
19.8750,52.2252,0.0086
19.9250,52.2252,0.0085
19.9750,52.2252,0.0090
20.0250,52.2252,0.0090
20.0750,52.2252,0.0091
20.1250,52.2252,0.0092
20.1750,52.2252,0.0092
20.2250,52.2252,0.0096
20.2750,52.2252,0.0095
20.3250,52.2252,0.0097
20.3750,52.2252,0.0097
20.4250,52.2252,0.0097
20.4750,52.2252,0.0100
20.5250,52.2252,0.0098
20.5750,52.2252,0.0100
20.6250,52.2252,0.0100
20.6750,52.2252,0.0100
20.7250,52.2252,0.0102
20.7750,52.2252,0.0100
20.8250,52.2252,0.0101
20.8750,52.2252,0.0101
20.9250,52.2252,0.0101
20.9750,52.2252,0.0103
21.0250,52.2252,0.0102
21.0750,52.2252,0.0104
21.1250,52.2252,0.0104
21.1750,52.2252,0.0104
21.2250,52.2252,0.0106
21.2750,52.2252,0.0104
21.3250,52.2252,0.0106
21.3750,52.2252,0.0107
21.4250,52.2252,0.0106
21.4750,52.2252,0.0109
21.5250,52.2252,0.0106
21.5750,52.2252,0.0109
21.6250,52.2252,0.0110
21.6750,52.2252,0.0108
21.7250,52.2252,0.0111
21.7750,52.2252,0.0110
21.8250,52.2252,0.0111
21.8750,52.2252,0.0114
21.9250,52.2252,0.0111
21.9750,52.2252,0.0114
22.0250,52.2252,0.0113
22.0750,52.2252,0.0113
22.1250,52.2252,0.0115
22.1750,52.2252,0.0112
22.2250,52.2252,0.0114
22.2750,52.2252,0.0114
22.3250,52.2252,0.0111
22.3750,52.2252,0.0113
22.4250,52.2252,0.0110
22.4750,52.2252,0.0110
22.5250,52.2252,0.0110
22.5750,52.2252,0.0108
22.6250,52.2252,0.0108
22.6750,52.2252,0.0106
22.7250,52.2252,0.0104
22.7750,52.2252,0.0104
22.8250,52.2252,0.0100
22.8750,52.2252,0.0099
22.9250,52.2252,0.0099
22.9750,52.2252,0.0094
23.0250,52.2252,0.0094
23.0750,52.2252,0.0088
23.1250,52.2252,0.0085
23.1750,52.2252,0.0085
23.2250,52.2252,0.0081
23.2750,52.2252,0.0081
23.3250,52.2252,0.0078
23.3750,52.2252,0.0073
23.4250,52.2252,0.0073
23.4750,52.2252,0.0068
23.5250,52.2252,0.0068
23.5750,52.2252,0.0065
23.6250,52.2252,0.0062
23.6750,52.2252,0.0062
23.7250,52.2252,0.0058
23.7750,52.2252,0.0058
23.8250,52.2252,0.0056
23.8750,52.2252,0.0052
23.9250,52.2252,0.0052
23.9750,52.2252,0.0050
24.0250,52.2252,0.0000
24.0750,52.2252,0.0000
24.1250,52.2252,0.0000
24.1750,52.2252,0.0000
14.1250,52.1752,0.0000
14.1750,52.1752,0.0000
14.2250,52.1752,0.0000
14.2750,52.1752,0.0000
14.3250,52.1752,0.0000
14.3750,52.1752,0.0000
14.4250,52.1752,0.0000
14.4750,52.1752,0.0000
14.5250,52.1752,0.0000
14.5750,52.1752,0.0000
14.6250,52.1752,0.0000
14.6750,52.1752,0.0000
14.7250,52.1752,0.0000
14.7750,52.1752,0.0000
14.8250,52.1752,0.0000
14.8750,52.1752,0.0000
14.9250,52.1752,0.0000
14.9750,52.1752,0.0000
15.0250,52.1752,0.0000
15.0750,52.1752,0.0000
15.1250,52.1752,0.0000
15.1750,52.1752,0.0000
15.2250,52.1752,0.0000
15.2750,52.1752,0.0000
15.3250,52.1752,0.0000
15.3750,52.1752,0.0000
15.4250,52.1752,0.0000
15.4750,52.1752,0.0000
15.5250,52.1752,0.0000
15.5750,52.1752,0.0000
15.6250,52.1752,0.0000
15.6750,52.1752,0.0000
15.7250,52.1752,0.0000
15.7750,52.1752,0.0000
15.8250,52.1752,0.0000
15.8750,52.1752,0.0000
15.9250,52.1752,0.0000
15.9750,52.1752,0.0000
16.0250,52.1752,0.0000
16.0750,52.1752,0.0000
16.1250,52.1752,0.0000
16.1750,52.1752,0.0000
16.2250,52.1752,0.0000
16.2750,52.1752,0.0000
16.3250,52.1752,0.0000
16.3750,52.1752,0.0000
16.4250,52.1752,0.0000
16.4750,52.1752,0.0000
16.5250,52.1752,0.0000
16.5750,52.1752,0.0000
16.6250,52.1752,0.0000
16.6750,52.1752,0.0000
16.7250,52.1752,0.0000
16.7750,52.1752,0.0000
16.8250,52.1752,0.0000
16.8750,52.1752,0.0000
16.9250,52.1752,0.0000
16.9750,52.1752,0.0000
17.0250,52.1752,0.0000
17.0750,52.1752,0.0000
17.1250,52.1752,0.0000
17.1750,52.1752,0.0000
17.2250,52.1752,0.0000
17.2750,52.1752,0.0000
17.3250,52.1752,0.0000
17.3750,52.1752,0.0000
17.4250,52.1752,0.0000
17.4750,52.1752,0.0000
17.5250,52.1752,0.0000
17.5750,52.1752,0.0000
17.6250,52.1752,0.0000
17.6750,52.1752,0.0000
17.7250,52.1752,0.0000
17.7750,52.1752,0.0000
17.8250,52.1752,0.0000
17.8750,52.1752,0.0000
17.9250,52.1752,0.0000
17.9750,52.1752,0.0000
18.0250,52.1752,0.0000
18.0750,52.1752,0.0000
18.1250,52.1752,0.0000
18.1750,52.1752,0.0000
18.2250,52.1752,0.0000
18.2750,52.1752,0.0000
18.3250,52.1752,0.0000
18.3750,52.1752,0.0052
18.4250,52.1752,0.0052
18.4750,52.1752,0.0053
18.5250,52.1752,0.0053
18.5750,52.1752,0.0055
18.6250,52.1752,0.0057
18.6750,52.1752,0.0056
18.7250,52.1752,0.0059
18.7750,52.1752,0.0059
18.8250,52.1752,0.0060
18.8750,52.1752,0.0062
18.9250,52.1752,0.0061
18.9750,52.1752,0.0063
19.0250,52.1752,0.0063
19.0750,52.1752,0.0064
19.1250,52.1752,0.0069
19.1750,52.1752,0.0066
19.2250,52.1752,0.0070
19.2750,52.1752,0.0070
19.3250,52.1752,0.0072
19.3750,52.1752,0.0075
19.4250,52.1752,0.0073
19.4750,52.1752,0.0077
19.5250,52.1752,0.0077
19.5750,52.1752,0.0078
19.6250,52.1752,0.0079
19.6750,52.1752,0.0079
19.7250,52.1752,0.0082
19.7750,52.1752,0.0081
19.8250,52.1752,0.0083
19.8750,52.1752,0.0083
19.9250,52.1752,0.0084
19.9750,52.1752,0.0087
20.0250,52.1752,0.0085
20.0750,52.1752,0.0088
20.1250,52.1752,0.0089
20.1750,52.1752,0.0090
20.2250,52.1752,0.0093
20.2750,52.1752,0.0091
20.3250,52.1752,0.0094
20.3750,52.1752,0.0094
20.4250,52.1752,0.0094
20.4750,52.1752,0.0097
20.5250,52.1752,0.0095
20.5750,52.1752,0.0097
20.6250,52.1752,0.0097
20.6750,52.1752,0.0097
20.7250,52.1752,0.0099
20.7750,52.1752,0.0098
20.8250,52.1752,0.0100
20.8750,52.1752,0.0100
20.9250,52.1752,0.0099
20.9750,52.1752,0.0102
21.0250,52.1752,0.0101
21.0750,52.1752,0.0102
21.1250,52.1752,0.0102
21.1750,52.1752,0.0102
21.2250,52.1752,0.0104
21.2750,52.1752,0.0104
21.3250,52.1752,0.0104
21.3750,52.1752,0.0104
21.4250,52.1752,0.0103
21.4750,52.1752,0.0106
21.5250,52.1752,0.0106
21.5750,52.1752,0.0106
21.6250,52.1752,0.0106
21.6750,52.1752,0.0105
21.7250,52.1752,0.0108
21.7750,52.1752,0.0108
21.8250,52.1752,0.0108
21.8750,52.1752,0.0108
21.9250,52.1752,0.0108
21.9750,52.1752,0.0110
22.0250,52.1752,0.0110
22.0750,52.1752,0.0110
22.1250,52.1752,0.0110
22.1750,52.1752,0.0108
22.2250,52.1752,0.0110
22.2750,52.1752,0.0110
22.3250,52.1752,0.0108
22.3750,52.1752,0.0108
22.4250,52.1752,0.0109
22.4750,52.1752,0.0107
22.5250,52.1752,0.0107
22.5750,52.1752,0.0105
22.6250,52.1752,0.0105
22.6750,52.1752,0.0105
22.7250,52.1752,0.0101
22.7750,52.1752,0.0101
22.8250,52.1752,0.0097
22.8750,52.1752,0.0097
22.9250,52.1752,0.0096
22.9750,52.1752,0.0091
23.0250,52.1752,0.0091
23.0750,52.1752,0.0088
23.1250,52.1752,0.0085
23.1750,52.1752,0.0083
23.2250,52.1752,0.0078
23.2750,52.1752,0.0078
23.3250,52.1752,0.0076
23.3750,52.1752,0.0073
23.4250,52.1752,0.0071
23.4750,52.1752,0.0066
23.5250,52.1752,0.0065
23.5750,52.1752,0.0063
23.6250,52.1752,0.0063
23.6750,52.1752,0.0060
23.7250,52.1752,0.0058
23.7750,52.1752,0.0056
23.8250,52.1752,0.0054
23.8750,52.1752,0.0054
23.9250,52.1752,0.0050
23.9750,52.1752,0.0000
24.0250,52.1752,0.0000
24.0750,52.1752,0.0000
24.1250,52.1752,0.0000
24.1750,52.1752,0.0000
14.1250,52.1252,0.0000
14.1750,52.1252,0.0000
14.2250,52.1252,0.0000
14.2750,52.1252,0.0000
14.3250,52.1252,0.0000
14.3750,52.1252,0.0000
14.4250,52.1252,0.0000
14.4750,52.1252,0.0000
14.5250,52.1252,0.0000
14.5750,52.1252,0.0000
14.6250,52.1252,0.0000
14.6750,52.1252,0.0000
14.7250,52.1252,0.0000
14.7750,52.1252,0.0000
14.8250,52.1252,0.0000
14.8750,52.1252,0.0000
14.9250,52.1252,0.0000
14.9750,52.1252,0.0000
15.0250,52.1252,0.0000
15.0750,52.1252,0.0000
15.1250,52.1252,0.0000
15.1750,52.1252,0.0000
15.2250,52.1252,0.0000
15.2750,52.1252,0.0000
15.3250,52.1252,0.0000
15.3750,52.1252,0.0000
15.4250,52.1252,0.0000
15.4750,52.1252,0.0000
15.5250,52.1252,0.0000
15.5750,52.1252,0.0000
15.6250,52.1252,0.0000
15.6750,52.1252,0.0000
15.7250,52.1252,0.0000
15.7750,52.1252,0.0000
15.8250,52.1252,0.0000
15.8750,52.1252,0.0000
15.9250,52.1252,0.0000
15.9750,52.1252,0.0000
16.0250,52.1252,0.0000
16.0750,52.1252,0.0000
16.1250,52.1252,0.0000
16.1750,52.1252,0.0000
16.2250,52.1252,0.0000
16.2750,52.1252,0.0000
16.3250,52.1252,0.0000
16.3750,52.1252,0.0000
16.4250,52.1252,0.0000
16.4750,52.1252,0.0000
16.5250,52.1252,0.0000
16.5750,52.1252,0.0000
16.6250,52.1252,0.0000
16.6750,52.1252,0.0000
16.7250,52.1252,0.0000
16.7750,52.1252,0.0000
16.8250,52.1252,0.0000
16.8750,52.1252,0.0000
16.9250,52.1252,0.0000
16.9750,52.1252,0.0000
17.0250,52.1252,0.0000
17.0750,52.1252,0.0000
17.1250,52.1252,0.0000
17.1750,52.1252,0.0000
17.2250,52.1252,0.0000
17.2750,52.1252,0.0000
17.3250,52.1252,0.0000
17.3750,52.1252,0.0000
17.4250,52.1252,0.0000
17.4750,52.1252,0.0000
17.5250,52.1252,0.0000
17.5750,52.1252,0.0000
17.6250,52.1252,0.0000
17.6750,52.1252,0.0000
17.7250,52.1252,0.0000
17.7750,52.1252,0.0000
17.8250,52.1252,0.0000
17.8750,52.1252,0.0000
17.9250,52.1252,0.0000
17.9750,52.1252,0.0000
18.0250,52.1252,0.0000
18.0750,52.1252,0.0000
18.1250,52.1252,0.0000
18.1750,52.1252,0.0000
18.2250,52.1252,0.0000
18.2750,52.1252,0.0000
18.3250,52.1252,0.0000
18.3750,52.1252,0.0000
18.4250,52.1252,0.0050
18.4750,52.1252,0.0052
18.5250,52.1252,0.0052
18.5750,52.1252,0.0053
18.6250,52.1252,0.0053
18.6750,52.1252,0.0056
18.7250,52.1252,0.0057
18.7750,52.1252,0.0057
18.8250,52.1252,0.0058
18.8750,52.1252,0.0058
18.9250,52.1252,0.0061
18.9750,52.1252,0.0062
19.0250,52.1252,0.0062
19.0750,52.1252,0.0063
19.1250,52.1252,0.0063
19.1750,52.1252,0.0064
19.2250,52.1252,0.0068
19.2750,52.1252,0.0068
19.3250,52.1252,0.0069
19.3750,52.1252,0.0069
19.4250,52.1252,0.0071
19.4750,52.1252,0.0075
19.5250,52.1252,0.0075
19.5750,52.1252,0.0076
19.6250,52.1252,0.0076
19.6750,52.1252,0.0077
19.7250,52.1252,0.0080
19.7750,52.1252,0.0080
19.8250,52.1252,0.0081
19.8750,52.1252,0.0081
19.9250,52.1252,0.0082
19.9750,52.1252,0.0084
20.0250,52.1252,0.0084
20.0750,52.1252,0.0085
20.1250,52.1252,0.0085
20.1750,52.1252,0.0087
20.2250,52.1252,0.0088
20.2750,52.1252,0.0090
20.3250,52.1252,0.0091
20.3750,52.1252,0.0091
20.4250,52.1252,0.0092
20.4750,52.1252,0.0092
20.5250,52.1252,0.0095
20.5750,52.1252,0.0095
20.6250,52.1252,0.0095
20.6750,52.1252,0.0096
20.7250,52.1252,0.0096
20.7750,52.1252,0.0098
20.8250,52.1252,0.0098
20.8750,52.1252,0.0098
20.9250,52.1252,0.0098
20.9750,52.1252,0.0098
21.0250,52.1252,0.0100
21.0750,52.1252,0.0100
21.1250,52.1252,0.0100
21.1750,52.1252,0.0100
21.2250,52.1252,0.0100
21.2750,52.1252,0.0102
21.3250,52.1252,0.0102
21.3750,52.1252,0.0102
21.4250,52.1252,0.0101
21.4750,52.1252,0.0101
21.5250,52.1252,0.0103
21.5750,52.1252,0.0103
21.6250,52.1252,0.0103
21.6750,52.1252,0.0103
21.7250,52.1252,0.0103
21.7750,52.1252,0.0105
21.8250,52.1252,0.0105
21.8750,52.1252,0.0105
21.9250,52.1252,0.0107
21.9750,52.1252,0.0105
22.0250,52.1252,0.0107
22.0750,52.1252,0.0106
22.1250,52.1252,0.0106
22.1750,52.1252,0.0108
22.2250,52.1252,0.0105
22.2750,52.1252,0.0107
22.3250,52.1252,0.0105
22.3750,52.1252,0.0105
22.4250,52.1252,0.0106
22.4750,52.1252,0.0103
22.5250,52.1252,0.0104
22.5750,52.1252,0.0102
22.6250,52.1252,0.0102
22.6750,52.1252,0.0102
22.7250,52.1252,0.0099
22.7750,52.1252,0.0098
22.8250,52.1252,0.0097
22.8750,52.1252,0.0094
22.9250,52.1252,0.0092
22.9750,52.1252,0.0092
23.0250,52.1252,0.0087
23.0750,52.1252,0.0085
23.1250,52.1252,0.0082
23.1750,52.1252,0.0080
23.2250,52.1252,0.0080
23.2750,52.1252,0.0076
23.3250,52.1252,0.0073
23.3750,52.1252,0.0072
23.4250,52.1252,0.0068
23.4750,52.1252,0.0068
23.5250,52.1252,0.0064
23.5750,52.1252,0.0062
23.6250,52.1252,0.0062
23.6750,52.1252,0.0058
23.7250,52.1252,0.0058
23.7750,52.1252,0.0054
23.8250,52.1252,0.0052
23.8750,52.1252,0.0052
23.9250,52.1252,0.0000
23.9750,52.1252,0.0000
24.0250,52.1252,0.0000
24.0750,52.1252,0.0000
24.1250,52.1252,0.0000
24.1750,52.1252,0.0000
14.1250,52.0752,0.0000
14.1750,52.0752,0.0000
14.2250,52.0752,0.0000
14.2750,52.0752,0.0000
14.3250,52.0752,0.0000
14.3750,52.0752,0.0000
14.4250,52.0752,0.0000
14.4750,52.0752,0.0000
14.5250,52.0752,0.0000
14.5750,52.0752,0.0000
14.6250,52.0752,0.0000
14.6750,52.0752,0.0000
14.7250,52.0752,0.0000
14.7750,52.0752,0.0000
14.8250,52.0752,0.0000
14.8750,52.0752,0.0000
14.9250,52.0752,0.0000
14.9750,52.0752,0.0000
15.0250,52.0752,0.0000
15.0750,52.0752,0.0000
15.1250,52.0752,0.0000
15.1750,52.0752,0.0000
15.2250,52.0752,0.0000
15.2750,52.0752,0.0000
15.3250,52.0752,0.0000
15.3750,52.0752,0.0000
15.4250,52.0752,0.0000
15.4750,52.0752,0.0000
15.5250,52.0752,0.0000
15.5750,52.0752,0.0000
15.6250,52.0752,0.0000
15.6750,52.0752,0.0000
15.7250,52.0752,0.0000
15.7750,52.0752,0.0000
15.8250,52.0752,0.0000
15.8750,52.0752,0.0000
15.9250,52.0752,0.0000
15.9750,52.0752,0.0000
16.0250,52.0752,0.0000
16.0750,52.0752,0.0000
16.1250,52.0752,0.0000
16.1750,52.0752,0.0000
16.2250,52.0752,0.0000
16.2750,52.0752,0.0000
16.3250,52.0752,0.0000
16.3750,52.0752,0.0000
16.4250,52.0752,0.0000
16.4750,52.0752,0.0000
16.5250,52.0752,0.0000
16.5750,52.0752,0.0000
16.6250,52.0752,0.0000
16.6750,52.0752,0.0000
16.7250,52.0752,0.0000
16.7750,52.0752,0.0000
16.8250,52.0752,0.0000
16.8750,52.0752,0.0000
16.9250,52.0752,0.0000
16.9750,52.0752,0.0000
17.0250,52.0752,0.0000
17.0750,52.0752,0.0000
17.1250,52.0752,0.0000
17.1750,52.0752,0.0000
17.2250,52.0752,0.0000
17.2750,52.0752,0.0000
17.3250,52.0752,0.0000
17.3750,52.0752,0.0000
17.4250,52.0752,0.0000
17.4750,52.0752,0.0000
17.5250,52.0752,0.0000
17.5750,52.0752,0.0000
17.6250,52.0752,0.0000
17.6750,52.0752,0.0000
17.7250,52.0752,0.0000
17.7750,52.0752,0.0000
17.8250,52.0752,0.0000
17.8750,52.0752,0.0000
17.9250,52.0752,0.0000
17.9750,52.0752,0.0000
18.0250,52.0752,0.0000
18.0750,52.0752,0.0000
18.1250,52.0752,0.0000
18.1750,52.0752,0.0000
18.2250,52.0752,0.0000
18.2750,52.0752,0.0000
18.3250,52.0752,0.0000
18.3750,52.0752,0.0000
18.4250,52.0752,0.0000
18.4750,52.0752,0.0001
18.5250,52.0752,0.0051
18.5750,52.0752,0.0053
18.6250,52.0752,0.0052
18.6750,52.0752,0.0054
18.7250,52.0752,0.0053
18.7750,52.0752,0.0055
18.8250,52.0752,0.0056
18.8750,52.0752,0.0056
18.9250,52.0752,0.0059
18.9750,52.0752,0.0057
19.0250,52.0752,0.0060
19.0750,52.0752,0.0061
19.1250,52.0752,0.0061
19.1750,52.0752,0.0064
19.2250,52.0752,0.0062
19.2750,52.0752,0.0065
19.3250,52.0752,0.0067
19.3750,52.0752,0.0067
19.4250,52.0752,0.0071
19.4750,52.0752,0.0068
19.5250,52.0752,0.0072
19.5750,52.0752,0.0074
19.6250,52.0752,0.0074
19.6750,52.0752,0.0077
19.7250,52.0752,0.0075
19.7750,52.0752,0.0078
19.8250,52.0752,0.0079
19.8750,52.0752,0.0079
19.9250,52.0752,0.0081
19.9750,52.0752,0.0080
20.0250,52.0752,0.0083
20.0750,52.0752,0.0083
20.1250,52.0752,0.0083
20.1750,52.0752,0.0085
20.2250,52.0752,0.0084
20.2750,52.0752,0.0087
20.3250,52.0752,0.0088
20.3750,52.0752,0.0088
20.4250,52.0752,0.0090
20.4750,52.0752,0.0089
20.5250,52.0752,0.0092
20.5750,52.0752,0.0092
20.6250,52.0752,0.0093
20.6750,52.0752,0.0094
20.7250,52.0752,0.0093
20.7750,52.0752,0.0096
20.8250,52.0752,0.0096
20.8750,52.0752,0.0096
20.9250,52.0752,0.0097
20.9750,52.0752,0.0096
21.0250,52.0752,0.0098
21.0750,52.0752,0.0098
21.1250,52.0752,0.0099
21.1750,52.0752,0.0100
21.2250,52.0752,0.0099
21.2750,52.0752,0.0100
21.3250,52.0752,0.0100
21.3750,52.0752,0.0100
21.4250,52.0752,0.0101
21.4750,52.0752,0.0100
21.5250,52.0752,0.0101
21.5750,52.0752,0.0101
21.6250,52.0752,0.0101
21.6750,52.0752,0.0103
21.7250,52.0752,0.0101
21.7750,52.0752,0.0103
21.8250,52.0752,0.0103
21.8750,52.0752,0.0103
21.9250,52.0752,0.0105
21.9750,52.0752,0.0102
22.0250,52.0752,0.0104
22.0750,52.0752,0.0104
22.1250,52.0752,0.0103
22.1750,52.0752,0.0105
22.2250,52.0752,0.0102
22.2750,52.0752,0.0104
22.3250,52.0752,0.0104
22.3750,52.0752,0.0102
22.4250,52.0752,0.0103
22.4750,52.0752,0.0103
22.5250,52.0752,0.0101
22.5750,52.0752,0.0101
22.6250,52.0752,0.0098
22.6750,52.0752,0.0098
22.7250,52.0752,0.0098
22.7750,52.0752,0.0094
22.8250,52.0752,0.0094
22.8750,52.0752,0.0090
22.9250,52.0752,0.0089
22.9750,52.0752,0.0089
23.0250,52.0752,0.0084
23.0750,52.0752,0.0084
23.1250,52.0752,0.0082
23.1750,52.0752,0.0078
23.2250,52.0752,0.0078
23.2750,52.0752,0.0073
23.3250,52.0752,0.0072
23.3750,52.0752,0.0071
23.4250,52.0752,0.0065
23.4750,52.0752,0.0065
23.5250,52.0752,0.0062
23.5750,52.0752,0.0060
23.6250,52.0752,0.0060
23.6750,52.0752,0.0056
23.7250,52.0752,0.0056
23.7750,52.0752,0.0054
23.8250,52.0752,0.0050
23.8750,52.0752,0.0050
23.9250,52.0752,0.0000
23.9750,52.0752,0.0000
24.0250,52.0752,0.0000
24.0750,52.0752,0.0000
24.1250,52.0752,0.0000
24.1750,52.0752,0.0000
14.1250,52.0252,0.0000
14.1750,52.0252,0.0000
14.2250,52.0252,0.0000
14.2750,52.0252,0.0000
14.3250,52.0252,0.0000
14.3750,52.0252,0.0000
14.4250,52.0252,0.0000
14.4750,52.0252,0.0000
14.5250,52.0252,0.0000
14.5750,52.0252,0.0000
14.6250,52.0252,0.0000
14.6750,52.0252,0.0000
14.7250,52.0252,0.0000
14.7750,52.0252,0.0000
14.8250,52.0252,0.0000
14.8750,52.0252,0.0000
14.9250,52.0252,0.0000
14.9750,52.0252,0.0000
15.0250,52.0252,0.0000
15.0750,52.0252,0.0000
15.1250,52.0252,0.0000
15.1750,52.0252,0.0000
15.2250,52.0252,0.0000
15.2750,52.0252,0.0000
15.3250,52.0252,0.0000
15.3750,52.0252,0.0000
15.4250,52.0252,0.0000
15.4750,52.0252,0.0000
15.5250,52.0252,0.0000
15.5750,52.0252,0.0000
15.6250,52.0252,0.0000
15.6750,52.0252,0.0000
15.7250,52.0252,0.0000
15.7750,52.0252,0.0000
15.8250,52.0252,0.0000
15.8750,52.0252,0.0000
15.9250,52.0252,0.0000
15.9750,52.0252,0.0000
16.0250,52.0252,0.0000
16.0750,52.0252,0.0000
16.1250,52.0252,0.0000
16.1750,52.0252,0.0000
16.2250,52.0252,0.0000
16.2750,52.0252,0.0000
16.3250,52.0252,0.0000
16.3750,52.0252,0.0000
16.4250,52.0252,0.0000
16.4750,52.0252,0.0000
16.5250,52.0252,0.0000
16.5750,52.0252,0.0000
16.6250,52.0252,0.0000
16.6750,52.0252,0.0000
16.7250,52.0252,0.0000
16.7750,52.0252,0.0000
16.8250,52.0252,0.0000
16.8750,52.0252,0.0000
16.9250,52.0252,0.0000
16.9750,52.0252,0.0000
17.0250,52.0252,0.0000
17.0750,52.0252,0.0000
17.1250,52.0252,0.0000
17.1750,52.0252,0.0000
17.2250,52.0252,0.0000
17.2750,52.0252,0.0000
17.3250,52.0252,0.0000
17.3750,52.0252,0.0000
17.4250,52.0252,0.0000
17.4750,52.0252,0.0000
17.5250,52.0252,0.0000
17.5750,52.0252,0.0000
17.6250,52.0252,0.0000
17.6750,52.0252,0.0000
17.7250,52.0252,0.0000
17.7750,52.0252,0.0000
17.8250,52.0252,0.0000
17.8750,52.0252,0.0000
17.9250,52.0252,0.0000
17.9750,52.0252,0.0000
18.0250,52.0252,0.0000
18.0750,52.0252,0.0000
18.1250,52.0252,0.0000
18.1750,52.0252,0.0000
18.2250,52.0252,0.0000
18.2750,52.0252,0.0000
18.3250,52.0252,0.0000
18.3750,52.0252,0.0000
18.4250,52.0252,0.0000
18.4750,52.0252,0.0000
18.5250,52.0252,0.0000
18.5750,52.0252,0.0000
18.6250,52.0252,0.0051
18.6750,52.0252,0.0053
18.7250,52.0252,0.0053
18.7750,52.0252,0.0054
18.8250,52.0252,0.0054
18.8750,52.0252,0.0055
18.9250,52.0252,0.0057
18.9750,52.0252,0.0057
19.0250,52.0252,0.0058
19.0750,52.0252,0.0058
19.1250,52.0252,0.0059
19.1750,52.0252,0.0062
19.2250,52.0252,0.0061
19.2750,52.0252,0.0063
19.3250,52.0252,0.0063
19.3750,52.0252,0.0065
19.4250,52.0252,0.0068
19.4750,52.0252,0.0066
19.5250,52.0252,0.0070
19.5750,52.0252,0.0070
19.6250,52.0252,0.0071
19.6750,52.0252,0.0074
19.7250,52.0252,0.0073
19.7750,52.0252,0.0076
19.8250,52.0252,0.0076
19.8750,52.0252,0.0077
19.9250,52.0252,0.0079
19.9750,52.0252,0.0078
20.0250,52.0252,0.0081
20.0750,52.0252,0.0081
20.1250,52.0252,0.0081
20.1750,52.0252,0.0083
20.2250,52.0252,0.0082
20.2750,52.0252,0.0085
20.3250,52.0252,0.0085
20.3750,52.0252,0.0085
20.4250,52.0252,0.0086
20.4750,52.0252,0.0086
20.5250,52.0252,0.0089
20.5750,52.0252,0.0089
20.6250,52.0252,0.0090
20.6750,52.0252,0.0090
20.7250,52.0252,0.0090
20.7750,52.0252,0.0093
20.8250,52.0252,0.0093
20.8750,52.0252,0.0094
20.9250,52.0252,0.0094
20.9750,52.0252,0.0094
21.0250,52.0252,0.0097
21.0750,52.0252,0.0097
21.1250,52.0252,0.0097
21.1750,52.0252,0.0097
21.2250,52.0252,0.0097
21.2750,52.0252,0.0099
21.3250,52.0252,0.0099
21.3750,52.0252,0.0099
21.4250,52.0252,0.0099
21.4750,52.0252,0.0098
21.5250,52.0252,0.0099
21.5750,52.0252,0.0099
21.6250,52.0252,0.0099
21.6750,52.0252,0.0100
21.7250,52.0252,0.0099
21.7750,52.0252,0.0101
21.8250,52.0252,0.0101
21.8750,52.0252,0.0100
21.9250,52.0252,0.0101
21.9750,52.0252,0.0102
22.0250,52.0252,0.0101
22.0750,52.0252,0.0101
22.1250,52.0252,0.0100
22.1750,52.0252,0.0101
22.2250,52.0252,0.0102
22.2750,52.0252,0.0100
22.3250,52.0252,0.0100
22.3750,52.0252,0.0098
22.4250,52.0252,0.0099
22.4750,52.0252,0.0100
22.5250,52.0252,0.0097
22.5750,52.0252,0.0097
22.6250,52.0252,0.0094
22.6750,52.0252,0.0094
22.7250,52.0252,0.0094
22.7750,52.0252,0.0090
22.8250,52.0252,0.0090
22.8750,52.0252,0.0090
22.9250,52.0252,0.0085
22.9750,52.0252,0.0085
23.0250,52.0252,0.0081
23.0750,52.0252,0.0081
23.1250,52.0252,0.0080
23.1750,52.0252,0.0075
23.2250,52.0252,0.0075
23.2750,52.0252,0.0070
23.3250,52.0252,0.0070
23.3750,52.0252,0.0068
23.4250,52.0252,0.0063
23.4750,52.0252,0.0063
23.5250,52.0252,0.0062
23.5750,52.0252,0.0060
23.6250,52.0252,0.0058
23.6750,52.0252,0.0054
23.7250,52.0252,0.0054
23.7750,52.0252,0.0052
23.8250,52.0252,0.0003
23.8750,52.0252,0.0000
23.9250,52.0252,0.0000
23.9750,52.0252,0.0000
24.0250,52.0252,0.0000
24.0750,52.0252,0.0000
24.1250,52.0252,0.0000
24.1750,52.0252,0.0000
14.1250,51.9752,0.0000
14.1750,51.9752,0.0000
14.2250,51.9752,0.0000
14.2750,51.9752,0.0000
14.3250,51.9752,0.0000
14.3750,51.9752,0.0000
14.4250,51.9752,0.0000
14.4750,51.9752,0.0000
14.5250,51.9752,0.0000
14.5750,51.9752,0.0000
14.6250,51.9752,0.0000
14.6750,51.9752,0.0000
14.7250,51.9752,0.0000
14.7750,51.9752,0.0000
14.8250,51.9752,0.0000
14.8750,51.9752,0.0000
14.9250,51.9752,0.0000
14.9750,51.9752,0.0000
15.0250,51.9752,0.0000
15.0750,51.9752,0.0000
15.1250,51.9752,0.0000
15.1750,51.9752,0.0000
15.2250,51.9752,0.0000
15.2750,51.9752,0.0000
15.3250,51.9752,0.0000
15.3750,51.9752,0.0000
15.4250,51.9752,0.0000
15.4750,51.9752,0.0000
15.5250,51.9752,0.0000
15.5750,51.9752,0.0000
15.6250,51.9752,0.0000
15.6750,51.9752,0.0000
15.7250,51.9752,0.0000
15.7750,51.9752,0.0000
15.8250,51.9752,0.0000
15.8750,51.9752,0.0000
15.9250,51.9752,0.0000
15.9750,51.9752,0.0000
16.0250,51.9752,0.0000
16.0750,51.9752,0.0000
16.1250,51.9752,0.0000
16.1750,51.9752,0.0000
16.2250,51.9752,0.0000
16.2750,51.9752,0.0000
16.3250,51.9752,0.0000
16.3750,51.9752,0.0000
16.4250,51.9752,0.0000
16.4750,51.9752,0.0000
16.5250,51.9752,0.0000
16.5750,51.9752,0.0000
16.6250,51.9752,0.0000
16.6750,51.9752,0.0000
16.7250,51.9752,0.0000
16.7750,51.9752,0.0000
16.8250,51.9752,0.0000
16.8750,51.9752,0.0000
16.9250,51.9752,0.0000
16.9750,51.9752,0.0000
17.0250,51.9752,0.0000
17.0750,51.9752,0.0000
17.1250,51.9752,0.0000
17.1750,51.9752,0.0000
17.2250,51.9752,0.0000
17.2750,51.9752,0.0000
17.3250,51.9752,0.0000
17.3750,51.9752,0.0000
17.4250,51.9752,0.0000
17.4750,51.9752,0.0000
17.5250,51.9752,0.0000
17.5750,51.9752,0.0000
17.6250,51.9752,0.0000
17.6750,51.9752,0.0000
17.7250,51.9752,0.0000
17.7750,51.9752,0.0000
17.8250,51.9752,0.0000
17.8750,51.9752,0.0000
17.9250,51.9752,0.0000
17.9750,51.9752,0.0000
18.0250,51.9752,0.0000
18.0750,51.9752,0.0000
18.1250,51.9752,0.0000
18.1750,51.9752,0.0000
18.2250,51.9752,0.0000
18.2750,51.9752,0.0000
18.3250,51.9752,0.0000
18.3750,51.9752,0.0000
18.4250,51.9752,0.0000
18.4750,51.9752,0.0000
18.5250,51.9752,0.0000
18.5750,51.9752,0.0000
18.6250,51.9752,0.0032
18.6750,51.9752,0.0000
18.7250,51.9752,0.0052
18.7750,51.9752,0.0053
18.8250,51.9752,0.0053
18.8750,51.9752,0.0054
18.9250,51.9752,0.0054
18.9750,51.9752,0.0056
19.0250,51.9752,0.0057
19.0750,51.9752,0.0057
19.1250,51.9752,0.0058
19.1750,51.9752,0.0058
19.2250,51.9752,0.0061
19.2750,51.9752,0.0062
19.3250,51.9752,0.0062
19.3750,51.9752,0.0063
19.4250,51.9752,0.0063
19.4750,51.9752,0.0066
19.5250,51.9752,0.0067
19.5750,51.9752,0.0067
19.6250,51.9752,0.0069
19.6750,51.9752,0.0069
19.7250,51.9752,0.0072
19.7750,51.9752,0.0074
19.8250,51.9752,0.0074
19.8750,51.9752,0.0075
19.9250,51.9752,0.0075
19.9750,51.9752,0.0077
20.0250,51.9752,0.0079
20.0750,51.9752,0.0079
20.1250,51.9752,0.0080
20.1750,51.9752,0.0080
20.2250,51.9752,0.0080
20.2750,51.9752,0.0083
20.3250,51.9752,0.0083
20.3750,51.9752,0.0083
20.4250,51.9752,0.0083
20.4750,51.9752,0.0084
20.5250,51.9752,0.0086
20.5750,51.9752,0.0086
20.6250,51.9752,0.0087
20.6750,51.9752,0.0087
20.7250,51.9752,0.0088
20.7750,51.9752,0.0091
20.8250,51.9752,0.0091
20.8750,51.9752,0.0091
20.9250,51.9752,0.0091
20.9750,51.9752,0.0093
21.0250,51.9752,0.0095
21.0750,51.9752,0.0095
21.1250,51.9752,0.0095
21.1750,51.9752,0.0095
21.2250,51.9752,0.0097
21.2750,51.9752,0.0097
21.3250,51.9752,0.0097
21.3750,51.9752,0.0097
21.4250,51.9752,0.0097
21.4750,51.9752,0.0098
21.5250,51.9752,0.0098
21.5750,51.9752,0.0098
21.6250,51.9752,0.0098
21.6750,51.9752,0.0098
21.7250,51.9752,0.0099
21.7750,51.9752,0.0099
21.8250,51.9752,0.0099
21.8750,51.9752,0.0098
21.9250,51.9752,0.0098
21.9750,51.9752,0.0100
22.0250,51.9752,0.0099
22.0750,51.9752,0.0099
22.1250,51.9752,0.0097
22.1750,51.9752,0.0097
22.2250,51.9752,0.0099
22.2750,51.9752,0.0097
22.3250,51.9752,0.0097
22.3750,51.9752,0.0096
22.4250,51.9752,0.0095
22.4750,51.9752,0.0096
22.5250,51.9752,0.0093
22.5750,51.9752,0.0093
22.6250,51.9752,0.0094
22.6750,51.9752,0.0090
22.7250,51.9752,0.0090
22.7750,51.9752,0.0086
22.8250,51.9752,0.0086
22.8750,51.9752,0.0086
22.9250,51.9752,0.0082
22.9750,51.9752,0.0082
23.0250,51.9752,0.0079
23.0750,51.9752,0.0078
23.1250,51.9752,0.0076
23.1750,51.9752,0.0075
23.2250,51.9752,0.0072
23.2750,51.9752,0.0070
23.3250,51.9752,0.0066
23.3750,51.9752,0.0065
23.4250,51.9752,0.0065
23.4750,51.9752,0.0061
23.5250,51.9752,0.0060
23.5750,51.9752,0.0057
23.6250,51.9752,0.0056
23.6750,51.9752,0.0056
23.7250,51.9752,0.0051
23.7750,51.9752,0.0000
23.8250,51.9752,0.0000
23.8750,51.9752,0.0000
23.9250,51.9752,0.0000
23.9750,51.9752,0.0000
24.0250,51.9752,0.0000
24.0750,51.9752,0.0000
24.1250,51.9752,0.0000
24.1750,51.9752,0.0000
14.1250,51.9252,0.0000
14.1750,51.9252,0.0000
14.2250,51.9252,0.0000
14.2750,51.9252,0.0000
14.3250,51.9252,0.0000
14.3750,51.9252,0.0000
14.4250,51.9252,0.0000
14.4750,51.9252,0.0000
14.5250,51.9252,0.0000
14.5750,51.9252,0.0000
14.6250,51.9252,0.0000
14.6750,51.9252,0.0000
14.7250,51.9252,0.0000
14.7750,51.9252,0.0000
14.8250,51.9252,0.0000
14.8750,51.9252,0.0000
14.9250,51.9252,0.0000
14.9750,51.9252,0.0000
15.0250,51.9252,0.0000
15.0750,51.9252,0.0000
15.1250,51.9252,0.0000
15.1750,51.9252,0.0000
15.2250,51.9252,0.0000
15.2750,51.9252,0.0000
15.3250,51.9252,0.0000
15.3750,51.9252,0.0000
15.4250,51.9252,0.0000
15.4750,51.9252,0.0000
15.5250,51.9252,0.0000
15.5750,51.9252,0.0000
15.6250,51.9252,0.0000
15.6750,51.9252,0.0000
15.7250,51.9252,0.0000
15.7750,51.9252,0.0000
15.8250,51.9252,0.0000
15.8750,51.9252,0.0000
15.9250,51.9252,0.0000
15.9750,51.9252,0.0000
16.0250,51.9252,0.0000
16.0750,51.9252,0.0000
16.1250,51.9252,0.0000
16.1750,51.9252,0.0000
16.2250,51.9252,0.0000
16.2750,51.9252,0.0000
16.3250,51.9252,0.0000
16.3750,51.9252,0.0000
16.4250,51.9252,0.0000
16.4750,51.9252,0.0000
16.5250,51.9252,0.0000
16.5750,51.9252,0.0000
16.6250,51.9252,0.0000
16.6750,51.9252,0.0000
16.7250,51.9252,0.0000
16.7750,51.9252,0.0000
16.8250,51.9252,0.0000
16.8750,51.9252,0.0000
16.9250,51.9252,0.0000
16.9750,51.9252,0.0000
17.0250,51.9252,0.0000
17.0750,51.9252,0.0000
17.1250,51.9252,0.0000
17.1750,51.9252,0.0000
17.2250,51.9252,0.0000
17.2750,51.9252,0.0000
17.3250,51.9252,0.0000
17.3750,51.9252,0.0000
17.4250,51.9252,0.0000
17.4750,51.9252,0.0000
17.5250,51.9252,0.0000
17.5750,51.9252,0.0000
17.6250,51.9252,0.0000
17.6750,51.9252,0.0000
17.7250,51.9252,0.0000
17.7750,51.9252,0.0000
17.8250,51.9252,0.0000
17.8750,51.9252,0.0000
17.9250,51.9252,0.0000
17.9750,51.9252,0.0000
18.0250,51.9252,0.0000
18.0750,51.9252,0.0000
18.1250,51.9252,0.0000
18.1750,51.9252,0.0000
18.2250,51.9252,0.0000
18.2750,51.9252,0.0000
18.3250,51.9252,0.0000
18.3750,51.9252,0.0000
18.4250,51.9252,0.0000
18.4750,51.9252,0.0000
18.5250,51.9252,0.0000
18.5750,51.9252,0.0000
18.6250,51.9252,0.0000
18.6750,51.9252,0.0000
18.7250,51.9252,0.0051
18.7750,51.9252,0.0048
18.8250,51.9252,0.0051
18.8750,51.9252,0.0054
18.9250,51.9252,0.0052
18.9750,51.9252,0.0055
19.0250,51.9252,0.0054
19.0750,51.9252,0.0055
19.1250,51.9252,0.0057
19.1750,51.9252,0.0057
19.2250,51.9252,0.0059
19.2750,51.9252,0.0058
19.3250,51.9252,0.0060
19.3750,51.9252,0.0062
19.4250,51.9252,0.0061
19.4750,51.9252,0.0064
19.5250,51.9252,0.0062
19.5750,51.9252,0.0065
19.6250,51.9252,0.0067
19.6750,51.9252,0.0066
19.7250,51.9252,0.0070
19.7750,51.9252,0.0068
19.8250,51.9252,0.0071
19.8750,51.9252,0.0073
19.9250,51.9252,0.0073
19.9750,51.9252,0.0076
20.0250,51.9252,0.0074
20.0750,51.9252,0.0077
20.1250,51.9252,0.0077
20.1750,51.9252,0.0077
20.2250,51.9252,0.0080
20.2750,51.9252,0.0078
20.3250,51.9252,0.0081
20.3750,51.9252,0.0081
20.4250,51.9252,0.0081
20.4750,51.9252,0.0084
20.5250,51.9252,0.0082
20.5750,51.9252,0.0084
20.6250,51.9252,0.0085
20.6750,51.9252,0.0085
20.7250,51.9252,0.0088
20.7750,51.9252,0.0085
20.8250,51.9252,0.0088
20.8750,51.9252,0.0089
20.9250,51.9252,0.0089
20.9750,51.9252,0.0092
21.0250,51.9252,0.0089
21.0750,51.9252,0.0092
21.1250,51.9252,0.0093
21.1750,51.9252,0.0093
21.2250,51.9252,0.0095
21.2750,51.9252,0.0093
21.3250,51.9252,0.0096
21.3750,51.9252,0.0095
21.4250,51.9252,0.0095
21.4750,51.9252,0.0097
21.5250,51.9252,0.0095
21.5750,51.9252,0.0097
21.6250,51.9252,0.0097
21.6750,51.9252,0.0097
21.7250,51.9252,0.0098
21.7750,51.9252,0.0097
21.8250,51.9252,0.0098
21.8750,51.9252,0.0097
21.9250,51.9252,0.0097
21.9750,51.9252,0.0097
22.0250,51.9252,0.0097
22.0750,51.9252,0.0096
22.1250,51.9252,0.0097
22.1750,51.9252,0.0095
22.2250,51.9252,0.0096
22.2750,51.9252,0.0096
22.3250,51.9252,0.0094
22.3750,51.9252,0.0095
22.4250,51.9252,0.0091
22.4750,51.9252,0.0092
22.5250,51.9252,0.0092
22.5750,51.9252,0.0089
22.6250,51.9252,0.0090
22.6750,51.9252,0.0086
22.7250,51.9252,0.0086
22.7750,51.9252,0.0086
22.8250,51.9252,0.0082
22.8750,51.9252,0.0082
22.9250,51.9252,0.0082
22.9750,51.9252,0.0078
23.0250,51.9252,0.0078
23.0750,51.9252,0.0074
23.1250,51.9252,0.0073
23.1750,51.9252,0.0073
23.2250,51.9252,0.0068
23.2750,51.9252,0.0068
23.3250,51.9252,0.0064
23.3750,51.9252,0.0062
23.4250,51.9252,0.0062
23.4750,51.9252,0.0059
23.5250,51.9252,0.0059
23.5750,51.9252,0.0057
23.6250,51.9252,0.0053
23.6750,51.9252,0.0053
23.7250,51.9252,0.0000
23.7750,51.9252,0.0000
23.8250,51.9252,0.0000
23.8750,51.9252,0.0000
23.9250,51.9252,0.0000
23.9750,51.9252,0.0000
24.0250,51.9252,0.0000
24.0750,51.9252,0.0000
24.1250,51.9252,0.0000
24.1750,51.9252,0.0000
14.1250,51.8752,0.0000
14.1750,51.8752,0.0000
14.2250,51.8752,0.0000
14.2750,51.8752,0.0000
14.3250,51.8752,0.0000
14.3750,51.8752,0.0000
14.4250,51.8752,0.0000
14.4750,51.8752,0.0000
14.5250,51.8752,0.0000
14.5750,51.8752,0.0000
14.6250,51.8752,0.0000
14.6750,51.8752,0.0000
14.7250,51.8752,0.0000
14.7750,51.8752,0.0000
14.8250,51.8752,0.0000
14.8750,51.8752,0.0000
14.9250,51.8752,0.0000
14.9750,51.8752,0.0000
15.0250,51.8752,0.0000
15.0750,51.8752,0.0000
15.1250,51.8752,0.0000
15.1750,51.8752,0.0000
15.2250,51.8752,0.0000
15.2750,51.8752,0.0000
15.3250,51.8752,0.0000
15.3750,51.8752,0.0000
15.4250,51.8752,0.0000
15.4750,51.8752,0.0000
15.5250,51.8752,0.0000
15.5750,51.8752,0.0000
15.6250,51.8752,0.0000
15.6750,51.8752,0.0000
15.7250,51.8752,0.0000
15.7750,51.8752,0.0000
15.8250,51.8752,0.0000
15.8750,51.8752,0.0000
15.9250,51.8752,0.0000
15.9750,51.8752,0.0000
16.0250,51.8752,0.0000
16.0750,51.8752,0.0000
16.1250,51.8752,0.0000
16.1750,51.8752,0.0000
16.2250,51.8752,0.0000
16.2750,51.8752,0.0000
16.3250,51.8752,0.0000
16.3750,51.8752,0.0000
16.4250,51.8752,0.0000
16.4750,51.8752,0.0000
16.5250,51.8752,0.0000
16.5750,51.8752,0.0000
16.6250,51.8752,0.0000
16.6750,51.8752,0.0000
16.7250,51.8752,0.0000
16.7750,51.8752,0.0000
16.8250,51.8752,0.0000
16.8750,51.8752,0.0000
16.9250,51.8752,0.0000
16.9750,51.8752,0.0000
17.0250,51.8752,0.0000
17.0750,51.8752,0.0000
17.1250,51.8752,0.0000
17.1750,51.8752,0.0000
17.2250,51.8752,0.0000
17.2750,51.8752,0.0000
17.3250,51.8752,0.0000
17.3750,51.8752,0.0000
17.4250,51.8752,0.0000
17.4750,51.8752,0.0000
17.5250,51.8752,0.0000
17.5750,51.8752,0.0000
17.6250,51.8752,0.0000
17.6750,51.8752,0.0000
17.7250,51.8752,0.0000
17.7750,51.8752,0.0000
17.8250,51.8752,0.0000
17.8750,51.8752,0.0000
17.9250,51.8752,0.0000
17.9750,51.8752,0.0000
18.0250,51.8752,0.0000
18.0750,51.8752,0.0000
18.1250,51.8752,0.0000
18.1750,51.8752,0.0000
18.2250,51.8752,0.0000
18.2750,51.8752,0.0000
18.3250,51.8752,0.0000
18.3750,51.8752,0.0000
18.4250,51.8752,0.0000
18.4750,51.8752,0.0000
18.5250,51.8752,0.0000
18.5750,51.8752,0.0000
18.6250,51.8752,0.0000
18.6750,51.8752,0.0000
18.7250,51.8752,0.0000
18.7750,51.8752,0.0000
18.8250,51.8752,0.0050
18.8750,51.8752,0.0050
18.9250,51.8752,0.0051
18.9750,51.8752,0.0053
19.0250,51.8752,0.0053
19.0750,51.8752,0.0054
19.1250,51.8752,0.0054
19.1750,51.8752,0.0055
19.2250,51.8752,0.0058
19.2750,51.8752,0.0058
19.3250,51.8752,0.0059
19.3750,51.8752,0.0059
19.4250,51.8752,0.0060
19.4750,51.8752,0.0062
19.5250,51.8752,0.0062
19.5750,51.8752,0.0064
19.6250,51.8752,0.0064
19.6750,51.8752,0.0065
19.7250,51.8752,0.0068
19.7750,51.8752,0.0068
19.8250,51.8752,0.0069
19.8750,51.8752,0.0069
19.9250,51.8752,0.0071
19.9750,51.8752,0.0074
20.0250,51.8752,0.0072
20.0750,51.8752,0.0075
20.1250,51.8752,0.0075
20.1750,51.8752,0.0076
20.2250,51.8752,0.0078
20.2750,51.8752,0.0076
20.3250,51.8752,0.0079
20.3750,51.8752,0.0079
20.4250,51.8752,0.0080
20.4750,51.8752,0.0082
20.5250,51.8752,0.0080
20.5750,51.8752,0.0082
20.6250,51.8752,0.0082
20.6750,51.8752,0.0083
20.7250,51.8752,0.0085
20.7750,51.8752,0.0083
20.8250,51.8752,0.0085
20.8750,51.8752,0.0085
20.9250,51.8752,0.0086
20.9750,51.8752,0.0089
21.0250,51.8752,0.0087
21.0750,51.8752,0.0090
21.1250,51.8752,0.0090
21.1750,51.8752,0.0090
21.2250,51.8752,0.0093
21.2750,51.8752,0.0092
21.3250,51.8752,0.0093
21.3750,51.8752,0.0093
21.4250,51.8752,0.0093
21.4750,51.8752,0.0095
21.5250,51.8752,0.0095
21.5750,51.8752,0.0095
21.6250,51.8752,0.0095
21.6750,51.8752,0.0095
21.7250,51.8752,0.0097
21.7750,51.8752,0.0097
21.8250,51.8752,0.0096
21.8750,51.8752,0.0096
21.9250,51.8752,0.0095
21.9750,51.8752,0.0096
22.0250,51.8752,0.0096
22.0750,51.8752,0.0095
22.1250,51.8752,0.0095
22.1750,51.8752,0.0093
22.2250,51.8752,0.0093
22.2750,51.8752,0.0093
22.3250,51.8752,0.0091
22.3750,51.8752,0.0091
22.4250,51.8752,0.0089
22.4750,51.8752,0.0088
22.5250,51.8752,0.0088
22.5750,51.8752,0.0085
22.6250,51.8752,0.0085
22.6750,51.8752,0.0085
22.7250,51.8752,0.0082
22.7750,51.8752,0.0082
22.8250,51.8752,0.0079
22.8750,51.8752,0.0079
22.9250,51.8752,0.0079
22.9750,51.8752,0.0075
23.0250,51.8752,0.0075
23.0750,51.8752,0.0071
23.1250,51.8752,0.0071
23.1750,51.8752,0.0070
23.2250,51.8752,0.0065
23.2750,51.8752,0.0065
23.3250,51.8752,0.0064
23.3750,51.8752,0.0061
23.4250,51.8752,0.0060
23.4750,51.8752,0.0056
23.5250,51.8752,0.0056
23.5750,51.8752,0.0055
23.6250,51.8752,0.0052
23.6750,51.8752,0.0051
23.7250,51.8752,0.0000
23.7750,51.8752,0.0000
23.8250,51.8752,0.0000
23.8750,51.8752,0.0000
23.9250,51.8752,0.0000
23.9750,51.8752,0.0000
24.0250,51.8752,0.0000
24.0750,51.8752,0.0000
24.1250,51.8752,0.0000
24.1750,51.8752,0.0000
14.1250,51.8252,0.0000
14.1750,51.8252,0.0000
14.2250,51.8252,0.0000
14.2750,51.8252,0.0000
14.3250,51.8252,0.0000
14.3750,51.8252,0.0000
14.4250,51.8252,0.0000
14.4750,51.8252,0.0000
14.5250,51.8252,0.0000
14.5750,51.8252,0.0000
14.6250,51.8252,0.0000
14.6750,51.8252,0.0000
14.7250,51.8252,0.0000
14.7750,51.8252,0.0000
14.8250,51.8252,0.0000
14.8750,51.8252,0.0000
14.9250,51.8252,0.0000
14.9750,51.8252,0.0000
15.0250,51.8252,0.0000
15.0750,51.8252,0.0000
15.1250,51.8252,0.0000
15.1750,51.8252,0.0000
15.2250,51.8252,0.0000
15.2750,51.8252,0.0000
15.3250,51.8252,0.0000
15.3750,51.8252,0.0000
15.4250,51.8252,0.0000
15.4750,51.8252,0.0000
15.5250,51.8252,0.0000
15.5750,51.8252,0.0000
15.6250,51.8252,0.0000
15.6750,51.8252,0.0000
15.7250,51.8252,0.0000
15.7750,51.8252,0.0000
15.8250,51.8252,0.0000
15.8750,51.8252,0.0000
15.9250,51.8252,0.0000
15.9750,51.8252,0.0000
16.0250,51.8252,0.0000
16.0750,51.8252,0.0000
16.1250,51.8252,0.0000
16.1750,51.8252,0.0000
16.2250,51.8252,0.0000
16.2750,51.8252,0.0000
16.3250,51.8252,0.0000
16.3750,51.8252,0.0000
16.4250,51.8252,0.0000
16.4750,51.8252,0.0000
16.5250,51.8252,0.0000
16.5750,51.8252,0.0000
16.6250,51.8252,0.0000
16.6750,51.8252,0.0000
16.7250,51.8252,0.0000
16.7750,51.8252,0.0000
16.8250,51.8252,0.0000
16.8750,51.8252,0.0000
16.9250,51.8252,0.0000
16.9750,51.8252,0.0000
17.0250,51.8252,0.0000
17.0750,51.8252,0.0000
17.1250,51.8252,0.0000
17.1750,51.8252,0.0000
17.2250,51.8252,0.0000
17.2750,51.8252,0.0000
17.3250,51.8252,0.0000
17.3750,51.8252,0.0000
17.4250,51.8252,0.0000
17.4750,51.8252,0.0000
17.5250,51.8252,0.0000
17.5750,51.8252,0.0000
17.6250,51.8252,0.0000
17.6750,51.8252,0.0000
17.7250,51.8252,0.0000
17.7750,51.8252,0.0000
17.8250,51.8252,0.0000
17.8750,51.8252,0.0000
17.9250,51.8252,0.0000
17.9750,51.8252,0.0000
18.0250,51.8252,0.0000
18.0750,51.8252,0.0000
18.1250,51.8252,0.0000
18.1750,51.8252,0.0000
18.2250,51.8252,0.0000
18.2750,51.8252,0.0000
18.3250,51.8252,0.0000
18.3750,51.8252,0.0000
18.4250,51.8252,0.0000
18.4750,51.8252,0.0000
18.5250,51.8252,0.0000
18.5750,51.8252,0.0000
18.6250,51.8252,0.0000
18.6750,51.8252,0.0000
18.7250,51.8252,0.0000
18.7750,51.8252,0.0000
18.8250,51.8252,0.0000
18.8750,51.8252,0.0000
18.9250,51.8252,0.0051
18.9750,51.8252,0.0050
19.0250,51.8252,0.0052
19.0750,51.8252,0.0053
19.1250,51.8252,0.0053
19.1750,51.8252,0.0055
19.2250,51.8252,0.0054
19.2750,51.8252,0.0056
19.3250,51.8252,0.0058
19.3750,51.8252,0.0058
19.4250,51.8252,0.0059
19.4750,51.8252,0.0059
19.5250,51.8252,0.0061
19.5750,51.8252,0.0062
19.6250,51.8252,0.0062
19.6750,51.8252,0.0064
19.7250,51.8252,0.0064
19.7750,51.8252,0.0066
19.8250,51.8252,0.0068
19.8750,51.8252,0.0068
19.9250,51.8252,0.0069
19.9750,51.8252,0.0069
20.0250,51.8252,0.0072
20.0750,51.8252,0.0073
20.1250,51.8252,0.0073
20.1750,51.8252,0.0074
20.2250,51.8252,0.0074
20.2750,51.8252,0.0076
20.3250,51.8252,0.0077
20.3750,51.8252,0.0077
20.4250,51.8252,0.0078
20.4750,51.8252,0.0078
20.5250,51.8252,0.0080
20.5750,51.8252,0.0080
20.6250,51.8252,0.0080
20.6750,51.8252,0.0081
20.7250,51.8252,0.0081
20.7750,51.8252,0.0083
20.8250,51.8252,0.0083
20.8750,51.8252,0.0083
20.9250,51.8252,0.0084
20.9750,51.8252,0.0084
21.0250,51.8252,0.0086
21.0750,51.8252,0.0087
21.1250,51.8252,0.0087
21.1750,51.8252,0.0087
21.2250,51.8252,0.0087
21.2750,51.8252,0.0090
21.3250,51.8252,0.0091
21.3750,51.8252,0.0091
21.4250,51.8252,0.0091
21.4750,51.8252,0.0091
21.5250,51.8252,0.0093
21.5750,51.8252,0.0093
21.6250,51.8252,0.0093
21.6750,51.8252,0.0093
21.7250,51.8252,0.0093
21.7750,51.8252,0.0095
21.8250,51.8252,0.0094
21.8750,51.8252,0.0094
21.9250,51.8252,0.0094
21.9750,51.8252,0.0093
22.0250,51.8252,0.0094
22.0750,51.8252,0.0093
22.1250,51.8252,0.0093
22.1750,51.8252,0.0093
22.2250,51.8252,0.0091
22.2750,51.8252,0.0091
22.3250,51.8252,0.0088
22.3750,51.8252,0.0088
22.4250,51.8252,0.0088
22.4750,51.8252,0.0085
22.5250,51.8252,0.0085
22.5750,51.8252,0.0082
22.6250,51.8252,0.0082
22.6750,51.8252,0.0082
22.7250,51.8252,0.0080
22.7750,51.8252,0.0079
22.8250,51.8252,0.0077
22.8750,51.8252,0.0076
22.9250,51.8252,0.0076
22.9750,51.8252,0.0074
23.0250,51.8252,0.0072
23.0750,51.8252,0.0071
23.1250,51.8252,0.0067
23.1750,51.8252,0.0066
23.2250,51.8252,0.0065
23.2750,51.8252,0.0062
23.3250,51.8252,0.0061
23.3750,51.8252,0.0059
23.4250,51.8252,0.0058
23.4750,51.8252,0.0057
23.5250,51.8252,0.0054
23.5750,51.8252,0.0052
23.6250,51.8252,0.0050
23.6750,51.8252,0.0000
23.7250,51.8252,0.0000
23.7750,51.8252,0.0000
23.8250,51.8252,0.0000
23.8750,51.8252,0.0000
23.9250,51.8252,0.0000
23.9750,51.8252,0.0000
24.0250,51.8252,0.0000
24.0750,51.8252,0.0000
24.1250,51.8252,0.0000
24.1750,51.8252,0.0000
14.1250,51.7752,0.0000
14.1750,51.7752,0.0000
14.2250,51.7752,0.0000
14.2750,51.7752,0.0000
14.3250,51.7752,0.0000
14.3750,51.7752,0.0000
14.4250,51.7752,0.0000
14.4750,51.7752,0.0000
14.5250,51.7752,0.0000
14.5750,51.7752,0.0000
14.6250,51.7752,0.0000
14.6750,51.7752,0.0000
14.7250,51.7752,0.0000
14.7750,51.7752,0.0000
14.8250,51.7752,0.0000
14.8750,51.7752,0.0000
14.9250,51.7752,0.0000
14.9750,51.7752,0.0000
15.0250,51.7752,0.0000
15.0750,51.7752,0.0000
15.1250,51.7752,0.0000
15.1750,51.7752,0.0000
15.2250,51.7752,0.0000
15.2750,51.7752,0.0000
15.3250,51.7752,0.0000
15.3750,51.7752,0.0000
15.4250,51.7752,0.0000
15.4750,51.7752,0.0000
15.5250,51.7752,0.0000
15.5750,51.7752,0.0000
15.6250,51.7752,0.0000
15.6750,51.7752,0.0000
15.7250,51.7752,0.0000
15.7750,51.7752,0.0000
15.8250,51.7752,0.0000
15.8750,51.7752,0.0000
15.9250,51.7752,0.0000
15.9750,51.7752,0.0000
16.0250,51.7752,0.0000
16.0750,51.7752,0.0000
16.1250,51.7752,0.0000
16.1750,51.7752,0.0000
16.2250,51.7752,0.0000
16.2750,51.7752,0.0000
16.3250,51.7752,0.0000
16.3750,51.7752,0.0000
16.4250,51.7752,0.0000
16.4750,51.7752,0.0000
16.5250,51.7752,0.0000
16.5750,51.7752,0.0000
16.6250,51.7752,0.0000
16.6750,51.7752,0.0000
16.7250,51.7752,0.0000
16.7750,51.7752,0.0000
16.8250,51.7752,0.0000
16.8750,51.7752,0.0000
16.9250,51.7752,0.0000
16.9750,51.7752,0.0000
17.0250,51.7752,0.0000
17.0750,51.7752,0.0000
17.1250,51.7752,0.0000
17.1750,51.7752,0.0000
17.2250,51.7752,0.0000
17.2750,51.7752,0.0000
17.3250,51.7752,0.0000
17.3750,51.7752,0.0000
17.4250,51.7752,0.0000
17.4750,51.7752,0.0000
17.5250,51.7752,0.0000
17.5750,51.7752,0.0000
17.6250,51.7752,0.0000
17.6750,51.7752,0.0000
17.7250,51.7752,0.0000
17.7750,51.7752,0.0000
17.8250,51.7752,0.0000
17.8750,51.7752,0.0000
17.9250,51.7752,0.0000
17.9750,51.7752,0.0000
18.0250,51.7752,0.0000
18.0750,51.7752,0.0000
18.1250,51.7752,0.0000
18.1750,51.7752,0.0000
18.2250,51.7752,0.0000
18.2750,51.7752,0.0000
18.3250,51.7752,0.0000
18.3750,51.7752,0.0000
18.4250,51.7752,0.0000
18.4750,51.7752,0.0000
18.5250,51.7752,0.0000
18.5750,51.7752,0.0000
18.6250,51.7752,0.0000
18.6750,51.7752,0.0000
18.7250,51.7752,0.0000
18.7750,51.7752,0.0000
18.8250,51.7752,0.0000
18.8750,51.7752,0.0000
18.9250,51.7752,0.0050
18.9750,51.7752,0.0050
19.0250,51.7752,0.0052
19.0750,51.7752,0.0052
19.1250,51.7752,0.0053
19.1750,51.7752,0.0054
19.2250,51.7752,0.0054
19.2750,51.7752,0.0056
19.3250,51.7752,0.0056
19.3750,51.7752,0.0057
19.4250,51.7752,0.0059
19.4750,51.7752,0.0058
19.5250,51.7752,0.0060
19.5750,51.7752,0.0060
19.6250,51.7752,0.0061
19.6750,51.7752,0.0063
19.7250,51.7752,0.0063
19.7750,51.7752,0.0065
19.8250,51.7752,0.0064
19.8750,51.7752,0.0066
19.9250,51.7752,0.0068
19.9750,51.7752,0.0067
20.0250,51.7752,0.0070
20.0750,51.7752,0.0069
20.1250,51.7752,0.0071
20.1750,51.7752,0.0073
20.2250,51.7752,0.0072
20.2750,51.7752,0.0075
20.3250,51.7752,0.0073
20.3750,51.7752,0.0075
20.4250,51.7752,0.0077
20.4750,51.7752,0.0076
20.5250,51.7752,0.0078
20.5750,51.7752,0.0077
20.6250,51.7752,0.0079
20.6750,51.7752,0.0080
20.7250,51.7752,0.0079
20.7750,51.7752,0.0081
20.8250,51.7752,0.0080
20.8750,51.7752,0.0082
20.9250,51.7752,0.0083
20.9750,51.7752,0.0082
21.0250,51.7752,0.0084
21.0750,51.7752,0.0083
21.1250,51.7752,0.0084
21.1750,51.7752,0.0086
21.2250,51.7752,0.0085
21.2750,51.7752,0.0087
21.3250,51.7752,0.0086
21.3750,51.7752,0.0088
21.4250,51.7752,0.0090
21.4750,51.7752,0.0088
21.5250,51.7752,0.0091
21.5750,51.7752,0.0090
21.6250,51.7752,0.0091
21.6750,51.7752,0.0093
21.7250,51.7752,0.0090
21.7750,51.7752,0.0093
21.8250,51.7752,0.0093
21.8750,51.7752,0.0092
21.9250,51.7752,0.0093
21.9750,51.7752,0.0091
22.0250,51.7752,0.0092
22.0750,51.7752,0.0092
22.1250,51.7752,0.0091
22.1750,51.7752,0.0091
22.2250,51.7752,0.0089
22.2750,51.7752,0.0088
22.3250,51.7752,0.0088
22.3750,51.7752,0.0085
22.4250,51.7752,0.0085
22.4750,51.7752,0.0084
22.5250,51.7752,0.0082
22.5750,51.7752,0.0082
22.6250,51.7752,0.0080
22.6750,51.7752,0.0080
22.7250,51.7752,0.0080
22.7750,51.7752,0.0076
22.8250,51.7752,0.0076
22.8750,51.7752,0.0073
22.9250,51.7752,0.0072
22.9750,51.7752,0.0072
23.0250,51.7752,0.0068
23.0750,51.7752,0.0068
23.1250,51.7752,0.0064
23.1750,51.7752,0.0063
23.2250,51.7752,0.0063
23.2750,51.7752,0.0060
23.3250,51.7752,0.0059
23.3750,51.7752,0.0059
23.4250,51.7752,0.0055
23.4750,51.7752,0.0055
23.5250,51.7752,0.0051
23.5750,51.7752,0.0000
23.6250,51.7752,0.0000
23.6750,51.7752,0.0000
23.7250,51.7752,0.0000
23.7750,51.7752,0.0000
23.8250,51.7752,0.0000
23.8750,51.7752,0.0000
23.9250,51.7752,0.0000
23.9750,51.7752,0.0000
24.0250,51.7752,0.0000
24.0750,51.7752,0.0000
24.1250,51.7752,0.0000
24.1750,51.7752,0.0000
14.1250,51.7252,0.0000
14.1750,51.7252,0.0000
14.2250,51.7252,0.0000
14.2750,51.7252,0.0000
14.3250,51.7252,0.0000
14.3750,51.7252,0.0000
14.4250,51.7252,0.0000
14.4750,51.7252,0.0000
14.5250,51.7252,0.0000
14.5750,51.7252,0.0000
14.6250,51.7252,0.0000
14.6750,51.7252,0.0000
14.7250,51.7252,0.0000
14.7750,51.7252,0.0000
14.8250,51.7252,0.0000
14.8750,51.7252,0.0000
14.9250,51.7252,0.0000
14.9750,51.7252,0.0000
15.0250,51.7252,0.0000
15.0750,51.7252,0.0000
15.1250,51.7252,0.0000
15.1750,51.7252,0.0000
15.2250,51.7252,0.0000
15.2750,51.7252,0.0000
15.3250,51.7252,0.0000
15.3750,51.7252,0.0000
15.4250,51.7252,0.0000
15.4750,51.7252,0.0000
15.5250,51.7252,0.0000
15.5750,51.7252,0.0000
15.6250,51.7252,0.0000
15.6750,51.7252,0.0000
15.7250,51.7252,0.0000
15.7750,51.7252,0.0000
15.8250,51.7252,0.0000
15.8750,51.7252,0.0000
15.9250,51.7252,0.0000
15.9750,51.7252,0.0000
16.0250,51.7252,0.0000
16.0750,51.7252,0.0000
16.1250,51.7252,0.0000
16.1750,51.7252,0.0000
16.2250,51.7252,0.0000
16.2750,51.7252,0.0000
16.3250,51.7252,0.0000
16.3750,51.7252,0.0000
16.4250,51.7252,0.0000
16.4750,51.7252,0.0000
16.5250,51.7252,0.0000
16.5750,51.7252,0.0000
16.6250,51.7252,0.0000
16.6750,51.7252,0.0000
16.7250,51.7252,0.0000
16.7750,51.7252,0.0000
16.8250,51.7252,0.0000
16.8750,51.7252,0.0000
16.9250,51.7252,0.0000
16.9750,51.7252,0.0000
17.0250,51.7252,0.0000
17.0750,51.7252,0.0000
17.1250,51.7252,0.0000
17.1750,51.7252,0.0000
17.2250,51.7252,0.0000
17.2750,51.7252,0.0000
17.3250,51.7252,0.0000
17.3750,51.7252,0.0000
17.4250,51.7252,0.0000
17.4750,51.7252,0.0000
17.5250,51.7252,0.0000
17.5750,51.7252,0.0000
17.6250,51.7252,0.0000
17.6750,51.7252,0.0000
17.7250,51.7252,0.0000
17.7750,51.7252,0.0000
17.8250,51.7252,0.0000
17.8750,51.7252,0.0000
17.9250,51.7252,0.0000
17.9750,51.7252,0.0000
18.0250,51.7252,0.0000
18.0750,51.7252,0.0000
18.1250,51.7252,0.0000
18.1750,51.7252,0.0000
18.2250,51.7252,0.0000
18.2750,51.7252,0.0000
18.3250,51.7252,0.0000
18.3750,51.7252,0.0000
18.4250,51.7252,0.0000
18.4750,51.7252,0.0000
18.5250,51.7252,0.0000
18.5750,51.7252,0.0000
18.6250,51.7252,0.0000
18.6750,51.7252,0.0000
18.7250,51.7252,0.0000
18.7750,51.7252,0.0000
18.8250,51.7252,0.0000
18.8750,51.7252,0.0000
18.9250,51.7252,0.0000
18.9750,51.7252,0.0050
19.0250,51.7252,0.0051
19.0750,51.7252,0.0051
19.1250,51.7252,0.0052
19.1750,51.7252,0.0052
19.2250,51.7252,0.0054
19.2750,51.7252,0.0055
19.3250,51.7252,0.0055
19.3750,51.7252,0.0056
19.4250,51.7252,0.0056
19.4750,51.7252,0.0057
19.5250,51.7252,0.0059
19.5750,51.7252,0.0059
19.6250,51.7252,0.0061
19.6750,51.7252,0.0061
19.7250,51.7252,0.0062
19.7750,51.7252,0.0064
19.8250,51.7252,0.0064
19.8750,51.7252,0.0065
19.9250,51.7252,0.0065
19.9750,51.7252,0.0066
20.0250,51.7252,0.0069
20.0750,51.7252,0.0069
20.1250,51.7252,0.0070
20.1750,51.7252,0.0070
20.2250,51.7252,0.0071
20.2750,51.7252,0.0073
20.3250,51.7252,0.0073
20.3750,51.7252,0.0074
20.4250,51.7252,0.0074
20.4750,51.7252,0.0074
20.5250,51.7252,0.0076
20.5750,51.7252,0.0076
20.6250,51.7252,0.0077
20.6750,51.7252,0.0077
20.7250,51.7252,0.0077
20.7750,51.7252,0.0079
20.8250,51.7252,0.0079
20.8750,51.7252,0.0080
20.9250,51.7252,0.0080
20.9750,51.7252,0.0080
21.0250,51.7252,0.0082
21.0750,51.7252,0.0082
21.1250,51.7252,0.0083
21.1750,51.7252,0.0083
21.2250,51.7252,0.0083
21.2750,51.7252,0.0085
21.3250,51.7252,0.0085
21.3750,51.7252,0.0085
21.4250,51.7252,0.0085
21.4750,51.7252,0.0085
21.5250,51.7252,0.0088
21.5750,51.7252,0.0088
21.6250,51.7252,0.0087
21.6750,51.7252,0.0087
21.7250,51.7252,0.0087
21.7750,51.7252,0.0090
21.8250,51.7252,0.0090
21.8750,51.7252,0.0089
21.9250,51.7252,0.0089
21.9750,51.7252,0.0090
22.0250,51.7252,0.0090
22.0750,51.7252,0.0090
22.1250,51.7252,0.0088
22.1750,51.7252,0.0088
22.2250,51.7252,0.0089
22.2750,51.7252,0.0086
22.3250,51.7252,0.0086
22.3750,51.7252,0.0084
22.4250,51.7252,0.0083
22.4750,51.7252,0.0083
22.5250,51.7252,0.0080
22.5750,51.7252,0.0080
22.6250,51.7252,0.0077
22.6750,51.7252,0.0077
22.7250,51.7252,0.0077
22.7750,51.7252,0.0073
22.8250,51.7252,0.0073
22.8750,51.7252,0.0070
22.9250,51.7252,0.0069
22.9750,51.7252,0.0069
23.0250,51.7252,0.0064
23.0750,51.7252,0.0064
23.1250,51.7252,0.0064
23.1750,51.7252,0.0061
23.2250,51.7252,0.0061
23.2750,51.7252,0.0057
23.3250,51.7252,0.0057
23.3750,51.7252,0.0056
23.4250,51.7252,0.0053
23.4750,51.7252,0.0053
23.5250,51.7252,0.0022
23.5750,51.7252,0.0000
23.6250,51.7252,0.0000
23.6750,51.7252,0.0000
23.7250,51.7252,0.0000
23.7750,51.7252,0.0000
23.8250,51.7252,0.0000
23.8750,51.7252,0.0000
23.9250,51.7252,0.0000
23.9750,51.7252,0.0000
24.0250,51.7252,0.0000
24.0750,51.7252,0.0000
24.1250,51.7252,0.0000
24.1750,51.7252,0.0000
14.1250,51.6752,0.0000
14.1750,51.6752,0.0000
14.2250,51.6752,0.0000
14.2750,51.6752,0.0000
14.3250,51.6752,0.0000
14.3750,51.6752,0.0000
14.4250,51.6752,0.0000
14.4750,51.6752,0.0000
14.5250,51.6752,0.0000
14.5750,51.6752,0.0000
14.6250,51.6752,0.0000
14.6750,51.6752,0.0000
14.7250,51.6752,0.0000
14.7750,51.6752,0.0000
14.8250,51.6752,0.0000
14.8750,51.6752,0.0000
14.9250,51.6752,0.0000
14.9750,51.6752,0.0000
15.0250,51.6752,0.0000
15.0750,51.6752,0.0000
15.1250,51.6752,0.0000
15.1750,51.6752,0.0000
15.2250,51.6752,0.0000
15.2750,51.6752,0.0000
15.3250,51.6752,0.0000
15.3750,51.6752,0.0000
15.4250,51.6752,0.0000
15.4750,51.6752,0.0000
15.5250,51.6752,0.0000
15.5750,51.6752,0.0000
15.6250,51.6752,0.0000
15.6750,51.6752,0.0000
15.7250,51.6752,0.0000
15.7750,51.6752,0.0000
15.8250,51.6752,0.0000
15.8750,51.6752,0.0000
15.9250,51.6752,0.0000
15.9750,51.6752,0.0000
16.0250,51.6752,0.0000
16.0750,51.6752,0.0000
16.1250,51.6752,0.0000
16.1750,51.6752,0.0000
16.2250,51.6752,0.0000
16.2750,51.6752,0.0000
16.3250,51.6752,0.0000
16.3750,51.6752,0.0000
16.4250,51.6752,0.0000
16.4750,51.6752,0.0000
16.5250,51.6752,0.0000
16.5750,51.6752,0.0000
16.6250,51.6752,0.0000
16.6750,51.6752,0.0000
16.7250,51.6752,0.0000
16.7750,51.6752,0.0000
16.8250,51.6752,0.0000
16.8750,51.6752,0.0000
16.9250,51.6752,0.0000
16.9750,51.6752,0.0000
17.0250,51.6752,0.0000
17.0750,51.6752,0.0000
17.1250,51.6752,0.0000
17.1750,51.6752,0.0000
17.2250,51.6752,0.0000
17.2750,51.6752,0.0000
17.3250,51.6752,0.0000
17.3750,51.6752,0.0000
17.4250,51.6752,0.0000
17.4750,51.6752,0.0000
17.5250,51.6752,0.0000
17.5750,51.6752,0.0000
17.6250,51.6752,0.0000
17.6750,51.6752,0.0000
17.7250,51.6752,0.0000
17.7750,51.6752,0.0000
17.8250,51.6752,0.0000
17.8750,51.6752,0.0000
17.9250,51.6752,0.0000
17.9750,51.6752,0.0000
18.0250,51.6752,0.0000
18.0750,51.6752,0.0000
18.1250,51.6752,0.0000
18.1750,51.6752,0.0000
18.2250,51.6752,0.0000
18.2750,51.6752,0.0000
18.3250,51.6752,0.0000
18.3750,51.6752,0.0000
18.4250,51.6752,0.0000
18.4750,51.6752,0.0000
18.5250,51.6752,0.0000
18.5750,51.6752,0.0000
18.6250,51.6752,0.0000
18.6750,51.6752,0.0000
18.7250,51.6752,0.0000
18.7750,51.6752,0.0000
18.8250,51.6752,0.0000
18.8750,51.6752,0.0000
18.9250,51.6752,0.0000
18.9750,51.6752,0.0050
19.0250,51.6752,0.0001
19.0750,51.6752,0.0051
19.1250,51.6752,0.0052
19.1750,51.6752,0.0052
19.2250,51.6752,0.0053
19.2750,51.6752,0.0053
19.3250,51.6752,0.0054
19.3750,51.6752,0.0056
19.4250,51.6752,0.0056
19.4750,51.6752,0.0057
19.5250,51.6752,0.0057
19.5750,51.6752,0.0059
19.6250,51.6752,0.0060
19.6750,51.6752,0.0060
19.7250,51.6752,0.0062
19.7750,51.6752,0.0061
19.8250,51.6752,0.0063
19.8750,51.6752,0.0064
19.9250,51.6752,0.0064
19.9750,51.6752,0.0066
20.0250,51.6752,0.0065
20.0750,51.6752,0.0067
20.1250,51.6752,0.0068
20.1750,51.6752,0.0068
20.2250,51.6752,0.0070
20.2750,51.6752,0.0069
20.3250,51.6752,0.0071
20.3750,51.6752,0.0072
20.4250,51.6752,0.0072
20.4750,51.6752,0.0073
20.5250,51.6752,0.0073
20.5750,51.6752,0.0075
20.6250,51.6752,0.0075
20.6750,51.6752,0.0075
20.7250,51.6752,0.0076
20.7750,51.6752,0.0076
20.8250,51.6752,0.0078
20.8750,51.6752,0.0078
20.9250,51.6752,0.0078
20.9750,51.6752,0.0079
21.0250,51.6752,0.0078
21.0750,51.6752,0.0080
21.1250,51.6752,0.0081
21.1750,51.6752,0.0081
21.2250,51.6752,0.0082
21.2750,51.6752,0.0081
21.3250,51.6752,0.0083
21.3750,51.6752,0.0083
21.4250,51.6752,0.0083
21.4750,51.6752,0.0085
21.5250,51.6752,0.0083
21.5750,51.6752,0.0085
21.6250,51.6752,0.0085
21.6750,51.6752,0.0085
21.7250,51.6752,0.0087
21.7750,51.6752,0.0085
21.8250,51.6752,0.0087
21.8750,51.6752,0.0086
21.9250,51.6752,0.0086
21.9750,51.6752,0.0089
22.0250,51.6752,0.0087
22.0750,51.6752,0.0087
22.1250,51.6752,0.0086
22.1750,51.6752,0.0086
22.2250,51.6752,0.0086
22.2750,51.6752,0.0084
22.3250,51.6752,0.0084
22.3750,51.6752,0.0082
22.4250,51.6752,0.0082
22.4750,51.6752,0.0081
22.5250,51.6752,0.0078
22.5750,51.6752,0.0078
22.6250,51.6752,0.0077
22.6750,51.6752,0.0075
22.7250,51.6752,0.0074
22.7750,51.6752,0.0070
22.8250,51.6752,0.0070
22.8750,51.6752,0.0069
22.9250,51.6752,0.0066
22.9750,51.6752,0.0065
23.0250,51.6752,0.0062
23.0750,51.6752,0.0062
23.1250,51.6752,0.0061
23.1750,51.6752,0.0059
23.2250,51.6752,0.0058
23.2750,51.6752,0.0056
23.3250,51.6752,0.0054
23.3750,51.6752,0.0054
23.4250,51.6752,0.0053
23.4750,51.6752,0.0000
23.5250,51.6752,0.0000
23.5750,51.6752,0.0000
23.6250,51.6752,0.0000
23.6750,51.6752,0.0000
23.7250,51.6752,0.0000
23.7750,51.6752,0.0000
23.8250,51.6752,0.0000
23.8750,51.6752,0.0000
23.9250,51.6752,0.0000
23.9750,51.6752,0.0000
24.0250,51.6752,0.0000
24.0750,51.6752,0.0000
24.1250,51.6752,0.0000
24.1750,51.6752,0.0000
14.1250,51.6252,0.0000
14.1750,51.6252,0.0000
14.2250,51.6252,0.0000
14.2750,51.6252,0.0000
14.3250,51.6252,0.0000
14.3750,51.6252,0.0000
14.4250,51.6252,0.0000
14.4750,51.6252,0.0000
14.5250,51.6252,0.0000
14.5750,51.6252,0.0000
14.6250,51.6252,0.0000
14.6750,51.6252,0.0000
14.7250,51.6252,0.0000
14.7750,51.6252,0.0000
14.8250,51.6252,0.0000
14.8750,51.6252,0.0000
14.9250,51.6252,0.0000
14.9750,51.6252,0.0000
15.0250,51.6252,0.0000
15.0750,51.6252,0.0000
15.1250,51.6252,0.0000
15.1750,51.6252,0.0000
15.2250,51.6252,0.0000
15.2750,51.6252,0.0000
15.3250,51.6252,0.0000
15.3750,51.6252,0.0000
15.4250,51.6252,0.0000
15.4750,51.6252,0.0000
15.5250,51.6252,0.0000
15.5750,51.6252,0.0000
15.6250,51.6252,0.0000
15.6750,51.6252,0.0000
15.7250,51.6252,0.0000
15.7750,51.6252,0.0000
15.8250,51.6252,0.0000
15.8750,51.6252,0.0000
15.9250,51.6252,0.0000
15.9750,51.6252,0.0000
16.0250,51.6252,0.0000
16.0750,51.6252,0.0000
16.1250,51.6252,0.0000
16.1750,51.6252,0.0000
16.2250,51.6252,0.0000
16.2750,51.6252,0.0000
16.3250,51.6252,0.0000
16.3750,51.6252,0.0000
16.4250,51.6252,0.0000
16.4750,51.6252,0.0000
16.5250,51.6252,0.0000
16.5750,51.6252,0.0000
16.6250,51.6252,0.0000
16.6750,51.6252,0.0000
16.7250,51.6252,0.0000
16.7750,51.6252,0.0000
16.8250,51.6252,0.0000
16.8750,51.6252,0.0000
16.9250,51.6252,0.0000
16.9750,51.6252,0.0000
17.0250,51.6252,0.0000
17.0750,51.6252,0.0000
17.1250,51.6252,0.0000
17.1750,51.6252,0.0000
17.2250,51.6252,0.0000
17.2750,51.6252,0.0000
17.3250,51.6252,0.0000
17.3750,51.6252,0.0000
17.4250,51.6252,0.0000
17.4750,51.6252,0.0000
17.5250,51.6252,0.0000
17.5750,51.6252,0.0000
17.6250,51.6252,0.0000
17.6750,51.6252,0.0000
17.7250,51.6252,0.0000
17.7750,51.6252,0.0000
17.8250,51.6252,0.0000
17.8750,51.6252,0.0000
17.9250,51.6252,0.0000
17.9750,51.6252,0.0000
18.0250,51.6252,0.0000
18.0750,51.6252,0.0000
18.1250,51.6252,0.0000
18.1750,51.6252,0.0000
18.2250,51.6252,0.0000
18.2750,51.6252,0.0000
18.3250,51.6252,0.0000
18.3750,51.6252,0.0000
18.4250,51.6252,0.0000
18.4750,51.6252,0.0000
18.5250,51.6252,0.0000
18.5750,51.6252,0.0000
18.6250,51.6252,0.0000
18.6750,51.6252,0.0000
18.7250,51.6252,0.0000
18.7750,51.6252,0.0000
18.8250,51.6252,0.0000
18.8750,51.6252,0.0000
18.9250,51.6252,0.0000
18.9750,51.6252,0.0000
19.0250,51.6252,0.0000
19.0750,51.6252,0.0051
19.1250,51.6252,0.0051
19.1750,51.6252,0.0052
19.2250,51.6252,0.0053
19.2750,51.6252,0.0053
19.3250,51.6252,0.0054
19.3750,51.6252,0.0054
19.4250,51.6252,0.0055
19.4750,51.6252,0.0057
19.5250,51.6252,0.0057
19.5750,51.6252,0.0058
19.6250,51.6252,0.0058
19.6750,51.6252,0.0060
19.7250,51.6252,0.0061
19.7750,51.6252,0.0061
19.8250,51.6252,0.0062
19.8750,51.6252,0.0062
19.9250,51.6252,0.0063
19.9750,51.6252,0.0065
20.0250,51.6252,0.0064
20.0750,51.6252,0.0066
20.1250,51.6252,0.0066
20.1750,51.6252,0.0066
20.2250,51.6252,0.0069
20.2750,51.6252,0.0068
20.3250,51.6252,0.0070
20.3750,51.6252,0.0070
20.4250,51.6252,0.0070
20.4750,51.6252,0.0073
20.5250,51.6252,0.0071
20.5750,51.6252,0.0073
20.6250,51.6252,0.0073
20.6750,51.6252,0.0074
20.7250,51.6252,0.0076
20.7750,51.6252,0.0074
20.8250,51.6252,0.0076
20.8750,51.6252,0.0076
20.9250,51.6252,0.0076
20.9750,51.6252,0.0078
21.0250,51.6252,0.0076
21.0750,51.6252,0.0078
21.1250,51.6252,0.0078
21.1750,51.6252,0.0079
21.2250,51.6252,0.0081
21.2750,51.6252,0.0079
21.3250,51.6252,0.0081
21.3750,51.6252,0.0081
21.4250,51.6252,0.0081
21.4750,51.6252,0.0083
21.5250,51.6252,0.0081
21.5750,51.6252,0.0083
21.6250,51.6252,0.0083
21.6750,51.6252,0.0082
21.7250,51.6252,0.0084
21.7750,51.6252,0.0082
21.8250,51.6252,0.0084
21.8750,51.6252,0.0084
21.9250,51.6252,0.0084
21.9750,51.6252,0.0085
22.0250,51.6252,0.0084
22.0750,51.6252,0.0084
22.1250,51.6252,0.0085
22.1750,51.6252,0.0084
22.2250,51.6252,0.0084
22.2750,51.6252,0.0084
22.3250,51.6252,0.0082
22.3750,51.6252,0.0082
22.4250,51.6252,0.0080
22.4750,51.6252,0.0079
22.5250,51.6252,0.0079
22.5750,51.6252,0.0076
22.6250,51.6252,0.0075
22.6750,51.6252,0.0072
22.7250,51.6252,0.0071
22.7750,51.6252,0.0071
22.8250,51.6252,0.0067
22.8750,51.6252,0.0066
22.9250,51.6252,0.0065
22.9750,51.6252,0.0063
23.0250,51.6252,0.0063
23.0750,51.6252,0.0060
23.1250,51.6252,0.0059
23.1750,51.6252,0.0059
23.2250,51.6252,0.0056
23.2750,51.6252,0.0056
23.3250,51.6252,0.0052
23.3750,51.6252,0.0051
23.4250,51.6252,0.0051
23.4750,51.6252,0.0000
23.5250,51.6252,0.0000
23.5750,51.6252,0.0000
23.6250,51.6252,0.0000
23.6750,51.6252,0.0000
23.7250,51.6252,0.0000
23.7750,51.6252,0.0000
23.8250,51.6252,0.0000
23.8750,51.6252,0.0000
23.9250,51.6252,0.0000
23.9750,51.6252,0.0000
24.0250,51.6252,0.0000
24.0750,51.6252,0.0000
24.1250,51.6252,0.0000
24.1750,51.6252,0.0000
14.1250,51.5752,0.0053
14.1750,51.5752,0.0001
14.2250,51.5752,0.0052
14.2750,51.5752,0.0000
14.3250,51.5752,0.0000
14.3750,51.5752,0.0000
14.4250,51.5752,0.0000
14.4750,51.5752,0.0000
14.5250,51.5752,0.0000
14.5750,51.5752,0.0000
14.6250,51.5752,0.0000
14.6750,51.5752,0.0000
14.7250,51.5752,0.0000
14.7750,51.5752,0.0000
14.8250,51.5752,0.0000
14.8750,51.5752,0.0000
14.9250,51.5752,0.0000
14.9750,51.5752,0.0000
15.0250,51.5752,0.0000
15.0750,51.5752,0.0000
15.1250,51.5752,0.0000
15.1750,51.5752,0.0000
15.2250,51.5752,0.0000
15.2750,51.5752,0.0000
15.3250,51.5752,0.0000
15.3750,51.5752,0.0000
15.4250,51.5752,0.0000
15.4750,51.5752,0.0000
15.5250,51.5752,0.0000
15.5750,51.5752,0.0000
15.6250,51.5752,0.0000
15.6750,51.5752,0.0000
15.7250,51.5752,0.0000
15.7750,51.5752,0.0000
15.8250,51.5752,0.0000
15.8750,51.5752,0.0000
15.9250,51.5752,0.0000
15.9750,51.5752,0.0000
16.0250,51.5752,0.0000
16.0750,51.5752,0.0000
16.1250,51.5752,0.0000
16.1750,51.5752,0.0000
16.2250,51.5752,0.0000
16.2750,51.5752,0.0000
16.3250,51.5752,0.0000
16.3750,51.5752,0.0000
16.4250,51.5752,0.0000
16.4750,51.5752,0.0000
16.5250,51.5752,0.0000
16.5750,51.5752,0.0000
16.6250,51.5752,0.0000
16.6750,51.5752,0.0000
16.7250,51.5752,0.0000
16.7750,51.5752,0.0000
16.8250,51.5752,0.0000
16.8750,51.5752,0.0000
16.9250,51.5752,0.0000
16.9750,51.5752,0.0000
17.0250,51.5752,0.0000
17.0750,51.5752,0.0000
17.1250,51.5752,0.0000
17.1750,51.5752,0.0000
17.2250,51.5752,0.0000
17.2750,51.5752,0.0000
17.3250,51.5752,0.0000
17.3750,51.5752,0.0000
17.4250,51.5752,0.0000
17.4750,51.5752,0.0000
17.5250,51.5752,0.0000
17.5750,51.5752,0.0000
17.6250,51.5752,0.0000
17.6750,51.5752,0.0000
17.7250,51.5752,0.0000
17.7750,51.5752,0.0000
17.8250,51.5752,0.0000
17.8750,51.5752,0.0000
17.9250,51.5752,0.0000
17.9750,51.5752,0.0000
18.0250,51.5752,0.0000
18.0750,51.5752,0.0000
18.1250,51.5752,0.0000
18.1750,51.5752,0.0000
18.2250,51.5752,0.0000
18.2750,51.5752,0.0000
18.3250,51.5752,0.0000
18.3750,51.5752,0.0000
18.4250,51.5752,0.0000
18.4750,51.5752,0.0000
18.5250,51.5752,0.0000
18.5750,51.5752,0.0000
18.6250,51.5752,0.0000
18.6750,51.5752,0.0000
18.7250,51.5752,0.0000
18.7750,51.5752,0.0000
18.8250,51.5752,0.0000
18.8750,51.5752,0.0000
18.9250,51.5752,0.0000
18.9750,51.5752,0.0000
19.0250,51.5752,0.0000
19.0750,51.5752,0.0051
19.1250,51.5752,0.0051
19.1750,51.5752,0.0052
19.2250,51.5752,0.0052
19.2750,51.5752,0.0053
19.3250,51.5752,0.0054
19.3750,51.5752,0.0054
19.4250,51.5752,0.0056
19.4750,51.5752,0.0056
19.5250,51.5752,0.0057
19.5750,51.5752,0.0058
19.6250,51.5752,0.0058
19.6750,51.5752,0.0059
19.7250,51.5752,0.0059
19.7750,51.5752,0.0061
19.8250,51.5752,0.0062
19.8750,51.5752,0.0062
19.9250,51.5752,0.0063
19.9750,51.5752,0.0063
20.0250,51.5752,0.0064
20.0750,51.5752,0.0065
20.1250,51.5752,0.0065
20.1750,51.5752,0.0065
20.2250,51.5752,0.0065
20.2750,51.5752,0.0067
20.3250,51.5752,0.0068
20.3750,51.5752,0.0068
20.4250,51.5752,0.0069
20.4750,51.5752,0.0069
20.5250,51.5752,0.0070
20.5750,51.5752,0.0071
20.6250,51.5752,0.0071
20.6750,51.5752,0.0072
20.7250,51.5752,0.0072
20.7750,51.5752,0.0073
20.8250,51.5752,0.0074
20.8750,51.5752,0.0074
20.9250,51.5752,0.0075
20.9750,51.5752,0.0075
21.0250,51.5752,0.0076
21.0750,51.5752,0.0077
21.1250,51.5752,0.0077
21.1750,51.5752,0.0077
21.2250,51.5752,0.0077
21.2750,51.5752,0.0078
21.3250,51.5752,0.0079
21.3750,51.5752,0.0079
21.4250,51.5752,0.0079
21.4750,51.5752,0.0079
21.5250,51.5752,0.0081
21.5750,51.5752,0.0081
21.6250,51.5752,0.0081
21.6750,51.5752,0.0080
21.7250,51.5752,0.0082
21.7750,51.5752,0.0082
21.8250,51.5752,0.0082
21.8750,51.5752,0.0082
21.9250,51.5752,0.0082
21.9750,51.5752,0.0083
22.0250,51.5752,0.0083
22.0750,51.5752,0.0082
22.1250,51.5752,0.0082
22.1750,51.5752,0.0081
22.2250,51.5752,0.0082
22.2750,51.5752,0.0082
22.3250,51.5752,0.0080
22.3750,51.5752,0.0080
22.4250,51.5752,0.0078
22.4750,51.5752,0.0077
22.5250,51.5752,0.0077
22.5750,51.5752,0.0074
22.6250,51.5752,0.0074
22.6750,51.5752,0.0072
22.7250,51.5752,0.0068
22.7750,51.5752,0.0068
22.8250,51.5752,0.0064
22.8750,51.5752,0.0064
22.9250,51.5752,0.0063
22.9750,51.5752,0.0060
23.0250,51.5752,0.0060
23.0750,51.5752,0.0057
23.1250,51.5752,0.0057
23.1750,51.5752,0.0056
23.2250,51.5752,0.0053
23.2750,51.5752,0.0053
23.3250,51.5752,0.0044
23.3750,51.5752,0.0000
23.4250,51.5752,0.0000
23.4750,51.5752,0.0000
23.5250,51.5752,0.0000
23.5750,51.5752,0.0000
23.6250,51.5752,0.0000
23.6750,51.5752,0.0000
23.7250,51.5752,0.0000
23.7750,51.5752,0.0000
23.8250,51.5752,0.0000
23.8750,51.5752,0.0000
23.9250,51.5752,0.0000
23.9750,51.5752,0.0000
24.0250,51.5752,0.0000
24.0750,51.5752,0.0000
24.1250,51.5752,0.0000
24.1750,51.5752,0.0000
14.1250,51.5252,0.0056
14.1750,51.5252,0.0052
14.2250,51.5252,0.0055
14.2750,51.5252,0.0050
14.3250,51.5252,0.0051
14.3750,51.5252,0.0000
14.4250,51.5252,0.0000
14.4750,51.5252,0.0000
14.5250,51.5252,0.0000
14.5750,51.5252,0.0000
14.6250,51.5252,0.0000
14.6750,51.5252,0.0000
14.7250,51.5252,0.0000
14.7750,51.5252,0.0000
14.8250,51.5252,0.0000
14.8750,51.5252,0.0000
14.9250,51.5252,0.0000
14.9750,51.5252,0.0000
15.0250,51.5252,0.0000
15.0750,51.5252,0.0000
15.1250,51.5252,0.0000
15.1750,51.5252,0.0000
15.2250,51.5252,0.0000
15.2750,51.5252,0.0000
15.3250,51.5252,0.0000
15.3750,51.5252,0.0000
15.4250,51.5252,0.0000
15.4750,51.5252,0.0000
15.5250,51.5252,0.0000
15.5750,51.5252,0.0000
15.6250,51.5252,0.0000
15.6750,51.5252,0.0000
15.7250,51.5252,0.0000
15.7750,51.5252,0.0000
15.8250,51.5252,0.0000
15.8750,51.5252,0.0000
15.9250,51.5252,0.0000
15.9750,51.5252,0.0000
16.0250,51.5252,0.0000
16.0750,51.5252,0.0000
16.1250,51.5252,0.0000
16.1750,51.5252,0.0000
16.2250,51.5252,0.0000
16.2750,51.5252,0.0000
16.3250,51.5252,0.0000
16.3750,51.5252,0.0000
16.4250,51.5252,0.0000
16.4750,51.5252,0.0000
16.5250,51.5252,0.0000
16.5750,51.5252,0.0000
16.6250,51.5252,0.0000
16.6750,51.5252,0.0000
16.7250,51.5252,0.0050
16.7750,51.5252,0.0000
16.8250,51.5252,0.0018
16.8750,51.5252,0.0000
16.9250,51.5252,0.0021
16.9750,51.5252,0.0050
17.0250,51.5252,0.0000
17.0750,51.5252,0.0051
17.1250,51.5252,0.0000
17.1750,51.5252,0.0000
17.2250,51.5252,0.0000
17.2750,51.5252,0.0005
17.3250,51.5252,0.0051
17.3750,51.5252,0.0000
17.4250,51.5252,0.0000
17.4750,51.5252,0.0000
17.5250,51.5252,0.0000
17.5750,51.5252,0.0000
17.6250,51.5252,0.0000
17.6750,51.5252,0.0000
17.7250,51.5252,0.0000
17.7750,51.5252,0.0000
17.8250,51.5252,0.0000
17.8750,51.5252,0.0000
17.9250,51.5252,0.0000
17.9750,51.5252,0.0000
18.0250,51.5252,0.0000
18.0750,51.5252,0.0000
18.1250,51.5252,0.0000
18.1750,51.5252,0.0000
18.2250,51.5252,0.0000
18.2750,51.5252,0.0000
18.3250,51.5252,0.0000
18.3750,51.5252,0.0000
18.4250,51.5252,0.0000
18.4750,51.5252,0.0000
18.5250,51.5252,0.0000
18.5750,51.5252,0.0000
18.6250,51.5252,0.0000
18.6750,51.5252,0.0000
18.7250,51.5252,0.0000
18.7750,51.5252,0.0000
18.8250,51.5252,0.0000
18.8750,51.5252,0.0000
18.9250,51.5252,0.0000
18.9750,51.5252,0.0000
19.0250,51.5252,0.0000
19.0750,51.5252,0.0003
19.1250,51.5252,0.0051
19.1750,51.5252,0.0052
19.2250,51.5252,0.0052
19.2750,51.5252,0.0053
19.3250,51.5252,0.0053
19.3750,51.5252,0.0054
19.4250,51.5252,0.0055
19.4750,51.5252,0.0055
19.5250,51.5252,0.0057
19.5750,51.5252,0.0057
19.6250,51.5252,0.0058
19.6750,51.5252,0.0059
19.7250,51.5252,0.0059
19.7750,51.5252,0.0060
19.8250,51.5252,0.0060
19.8750,51.5252,0.0061
19.9250,51.5252,0.0062
19.9750,51.5252,0.0062
20.0250,51.5252,0.0063
20.0750,51.5252,0.0063
20.1250,51.5252,0.0064
20.1750,51.5252,0.0064
20.2250,51.5252,0.0064
20.2750,51.5252,0.0066
20.3250,51.5252,0.0065
20.3750,51.5252,0.0067
20.4250,51.5252,0.0067
20.4750,51.5252,0.0067
20.5250,51.5252,0.0069
20.5750,51.5252,0.0068
20.6250,51.5252,0.0070
20.6750,51.5252,0.0070
20.7250,51.5252,0.0070
20.7750,51.5252,0.0072
20.8250,51.5252,0.0072
20.8750,51.5252,0.0072
20.9250,51.5252,0.0073
20.9750,51.5252,0.0073
21.0250,51.5252,0.0075
21.0750,51.5252,0.0075
21.1250,51.5252,0.0075
21.1750,51.5252,0.0075
21.2250,51.5252,0.0075
21.2750,51.5252,0.0077
21.3250,51.5252,0.0077
21.3750,51.5252,0.0077
21.4250,51.5252,0.0077
21.4750,51.5252,0.0077
21.5250,51.5252,0.0079
21.5750,51.5252,0.0079
21.6250,51.5252,0.0079
21.6750,51.5252,0.0078
21.7250,51.5252,0.0078
21.7750,51.5252,0.0080
21.8250,51.5252,0.0080
21.8750,51.5252,0.0080
21.9250,51.5252,0.0080
21.9750,51.5252,0.0079
22.0250,51.5252,0.0081
22.0750,51.5252,0.0080
22.1250,51.5252,0.0080
22.1750,51.5252,0.0081
22.2250,51.5252,0.0079
22.2750,51.5252,0.0080
22.3250,51.5252,0.0078
22.3750,51.5252,0.0078
22.4250,51.5252,0.0078
22.4750,51.5252,0.0076
22.5250,51.5252,0.0075
22.5750,51.5252,0.0072
22.6250,51.5252,0.0072
22.6750,51.5252,0.0070
22.7250,51.5252,0.0067
22.7750,51.5252,0.0066
22.8250,51.5252,0.0063
22.8750,51.5252,0.0062
22.9250,51.5252,0.0061
22.9750,51.5252,0.0059
23.0250,51.5252,0.0058
23.0750,51.5252,0.0057
23.1250,51.5252,0.0055
23.1750,51.5252,0.0054
23.2250,51.5252,0.0051
23.2750,51.5252,0.0050
23.3250,51.5252,0.0000
23.3750,51.5252,0.0000
23.4250,51.5252,0.0000
23.4750,51.5252,0.0000
23.5250,51.5252,0.0000
23.5750,51.5252,0.0000
23.6250,51.5252,0.0000
23.6750,51.5252,0.0000
23.7250,51.5252,0.0000
23.7750,51.5252,0.0000
23.8250,51.5252,0.0000
23.8750,51.5252,0.0000
23.9250,51.5252,0.0000
23.9750,51.5252,0.0000
24.0250,51.5252,0.0000
24.0750,51.5252,0.0000
24.1250,51.5252,0.0000
24.1750,51.5252,0.0000
14.1250,51.4752,0.0059
14.1750,51.4752,0.0059
14.2250,51.4752,0.0055
14.2750,51.4752,0.0054
14.3250,51.4752,0.0053
14.3750,51.4752,0.0052
14.4250,51.4752,0.0052
14.4750,51.4752,0.0051
14.5250,51.4752,0.0033
14.5750,51.4752,0.0000
14.6250,51.4752,0.0000
14.6750,51.4752,0.0000
14.7250,51.4752,0.0000
14.7750,51.4752,0.0000
14.8250,51.4752,0.0000
14.8750,51.4752,0.0000
14.9250,51.4752,0.0000
14.9750,51.4752,0.0000
15.0250,51.4752,0.0000
15.0750,51.4752,0.0000
15.1250,51.4752,0.0000
15.1750,51.4752,0.0000
15.2250,51.4752,0.0000
15.2750,51.4752,0.0000
15.3250,51.4752,0.0000
15.3750,51.4752,0.0000
15.4250,51.4752,0.0000
15.4750,51.4752,0.0000
15.5250,51.4752,0.0000
15.5750,51.4752,0.0000
15.6250,51.4752,0.0000
15.6750,51.4752,0.0000
15.7250,51.4752,0.0000
15.7750,51.4752,0.0000
15.8250,51.4752,0.0050
15.8750,51.4752,0.0000
15.9250,51.4752,0.0017
15.9750,51.4752,0.0000
16.0250,51.4752,0.0009
16.0750,51.4752,0.0051
16.1250,51.4752,0.0000
16.1750,51.4752,0.0053
16.2250,51.4752,0.0050
16.2750,51.4752,0.0052
16.3250,51.4752,0.0052
16.3750,51.4752,0.0045
16.4250,51.4752,0.0053
16.4750,51.4752,0.0000
16.5250,51.4752,0.0051
16.5750,51.4752,0.0051
16.6250,51.4752,0.0053
16.6750,51.4752,0.0053
16.7250,51.4752,0.0053
16.7750,51.4752,0.0052
16.8250,51.4752,0.0051
16.8750,51.4752,0.0053
16.9250,51.4752,0.0053
16.9750,51.4752,0.0053
17.0250,51.4752,0.0052
17.0750,51.4752,0.0052
17.1250,51.4752,0.0052
17.1750,51.4752,0.0052
17.2250,51.4752,0.0053
17.2750,51.4752,0.0052
17.3250,51.4752,0.0053
17.3750,51.4752,0.0051
17.4250,51.4752,0.0051
17.4750,51.4752,0.0052
17.5250,51.4752,0.0030
17.5750,51.4752,0.0052
17.6250,51.4752,0.0050
17.6750,51.4752,0.0052
17.7250,51.4752,0.0050
17.7750,51.4752,0.0047
17.8250,51.4752,0.0050
17.8750,51.4752,0.0000
17.9250,51.4752,0.0051
17.9750,51.4752,0.0000
18.0250,51.4752,0.0000
18.0750,51.4752,0.0000
18.1250,51.4752,0.0000
18.1750,51.4752,0.0000
18.2250,51.4752,0.0000
18.2750,51.4752,0.0000
18.3250,51.4752,0.0000
18.3750,51.4752,0.0000
18.4250,51.4752,0.0000
18.4750,51.4752,0.0000
18.5250,51.4752,0.0000
18.5750,51.4752,0.0000
18.6250,51.4752,0.0000
18.6750,51.4752,0.0000
18.7250,51.4752,0.0000
18.7750,51.4752,0.0000
18.8250,51.4752,0.0000
18.8750,51.4752,0.0000
18.9250,51.4752,0.0000
18.9750,51.4752,0.0042
19.0250,51.4752,0.0050
19.0750,51.4752,0.0050
19.1250,51.4752,0.0051
19.1750,51.4752,0.0051
19.2250,51.4752,0.0052
19.2750,51.4752,0.0053
19.3250,51.4752,0.0053
19.3750,51.4752,0.0054
19.4250,51.4752,0.0054
19.4750,51.4752,0.0055
19.5250,51.4752,0.0057
19.5750,51.4752,0.0057
19.6250,51.4752,0.0058
19.6750,51.4752,0.0058
19.7250,51.4752,0.0059
19.7750,51.4752,0.0060
19.8250,51.4752,0.0060
19.8750,51.4752,0.0061
19.9250,51.4752,0.0061
19.9750,51.4752,0.0062
20.0250,51.4752,0.0063
20.0750,51.4752,0.0063
20.1250,51.4752,0.0063
20.1750,51.4752,0.0063
20.2250,51.4752,0.0064
20.2750,51.4752,0.0065
20.3250,51.4752,0.0065
20.3750,51.4752,0.0065
20.4250,51.4752,0.0065
20.4750,51.4752,0.0066
20.5250,51.4752,0.0068
20.5750,51.4752,0.0067
20.6250,51.4752,0.0068
20.6750,51.4752,0.0068
20.7250,51.4752,0.0069
20.7750,51.4752,0.0071
20.8250,51.4752,0.0070
20.8750,51.4752,0.0071
20.9250,51.4752,0.0071
20.9750,51.4752,0.0071
21.0250,51.4752,0.0073
21.0750,51.4752,0.0072
21.1250,51.4752,0.0073
21.1750,51.4752,0.0073
21.2250,51.4752,0.0073
21.2750,51.4752,0.0075
21.3250,51.4752,0.0075
21.3750,51.4752,0.0075
21.4250,51.4752,0.0076
21.4750,51.4752,0.0075
21.5250,51.4752,0.0077
21.5750,51.4752,0.0076
21.6250,51.4752,0.0076
21.6750,51.4752,0.0078
21.7250,51.4752,0.0076
21.7750,51.4752,0.0078
21.8250,51.4752,0.0078
21.8750,51.4752,0.0078
21.9250,51.4752,0.0079
21.9750,51.4752,0.0077
22.0250,51.4752,0.0079
22.0750,51.4752,0.0079
22.1250,51.4752,0.0078
22.1750,51.4752,0.0079
22.2250,51.4752,0.0077
22.2750,51.4752,0.0078
22.3250,51.4752,0.0078
22.3750,51.4752,0.0076
22.4250,51.4752,0.0076
22.4750,51.4752,0.0074
22.5250,51.4752,0.0073
22.5750,51.4752,0.0073
22.6250,51.4752,0.0069
22.6750,51.4752,0.0068
22.7250,51.4752,0.0067
22.7750,51.4752,0.0063
22.8250,51.4752,0.0063
22.8750,51.4752,0.0060
22.9250,51.4752,0.0059
22.9750,51.4752,0.0059
23.0250,51.4752,0.0056
23.0750,51.4752,0.0055
23.1250,51.4752,0.0053
23.1750,51.4752,0.0052
23.2250,51.4752,0.0052
23.2750,51.4752,0.0000
23.3250,51.4752,0.0000
23.3750,51.4752,0.0000
23.4250,51.4752,0.0000
23.4750,51.4752,0.0000
23.5250,51.4752,0.0000
23.5750,51.4752,0.0000
23.6250,51.4752,0.0000
23.6750,51.4752,0.0000
23.7250,51.4752,0.0000
23.7750,51.4752,0.0000
23.8250,51.4752,0.0000
23.8750,51.4752,0.0000
23.9250,51.4752,0.0000
23.9750,51.4752,0.0000
24.0250,51.4752,0.0000
24.0750,51.4752,0.0000
24.1250,51.4752,0.0000
24.1750,51.4752,0.0000
14.1250,51.4252,0.0063
14.1750,51.4252,0.0062
14.2250,51.4252,0.0058
14.2750,51.4252,0.0060
14.3250,51.4252,0.0056
14.3750,51.4252,0.0056
14.4250,51.4252,0.0055
14.4750,51.4252,0.0054
14.5250,51.4252,0.0054
14.5750,51.4252,0.0000
14.6250,51.4252,0.0042
14.6750,51.4252,0.0000
14.7250,51.4252,0.0000
14.7750,51.4252,0.0000
14.8250,51.4252,0.0000
14.8750,51.4252,0.0000
14.9250,51.4252,0.0000
14.9750,51.4252,0.0000
15.0250,51.4252,0.0000
15.0750,51.4252,0.0000
15.1250,51.4252,0.0000
15.1750,51.4252,0.0000
15.2250,51.4252,0.0000
15.2750,51.4252,0.0050
15.3250,51.4252,0.0000
15.3750,51.4252,0.0002
15.4250,51.4252,0.0000
15.4750,51.4252,0.0004
15.5250,51.4252,0.0051
15.5750,51.4252,0.0000
15.6250,51.4252,0.0051
15.6750,51.4252,0.0051
15.7250,51.4252,0.0053
15.7750,51.4252,0.0053
15.8250,51.4252,0.0052
15.8750,51.4252,0.0054
15.9250,51.4252,0.0052
15.9750,51.4252,0.0054
16.0250,51.4252,0.0054
16.0750,51.4252,0.0055
16.1250,51.4252,0.0055
16.1750,51.4252,0.0056
16.2250,51.4252,0.0054
16.2750,51.4252,0.0054
16.3250,51.4252,0.0056
16.3750,51.4252,0.0056
16.4250,51.4252,0.0057
16.4750,51.4252,0.0054
16.5250,51.4252,0.0057
16.5750,51.4252,0.0056
16.6250,51.4252,0.0056
16.6750,51.4252,0.0057
16.7250,51.4252,0.0054
16.7750,51.4252,0.0058
16.8250,51.4252,0.0055
16.8750,51.4252,0.0056
16.9250,51.4252,0.0056
16.9750,51.4252,0.0056
17.0250,51.4252,0.0057
17.0750,51.4252,0.0055
17.1250,51.4252,0.0056
17.1750,51.4252,0.0055
17.2250,51.4252,0.0056
17.2750,51.4252,0.0056
17.3250,51.4252,0.0054
17.3750,51.4252,0.0054
17.4250,51.4252,0.0054
17.4750,51.4252,0.0054
17.5250,51.4252,0.0054
17.5750,51.4252,0.0055
17.6250,51.4252,0.0053
17.6750,51.4252,0.0052
17.7250,51.4252,0.0053
17.7750,51.4252,0.0053
17.8250,51.4252,0.0053
17.8750,51.4252,0.0052
17.9250,51.4252,0.0053
17.9750,51.4252,0.0052
18.0250,51.4252,0.0052
18.0750,51.4252,0.0052
18.1250,51.4252,0.0008
18.1750,51.4252,0.0052
18.2250,51.4252,0.0050
18.2750,51.4252,0.0050
18.3250,51.4252,0.0050
18.3750,51.4252,0.0011
18.4250,51.4252,0.0051
18.4750,51.4252,0.0000
18.5250,51.4252,0.0029
18.5750,51.4252,0.0000
18.6250,51.4252,0.0000
18.6750,51.4252,0.0000
18.7250,51.4252,0.0000
18.7750,51.4252,0.0049
18.8250,51.4252,0.0000
18.8750,51.4252,0.0049
18.9250,51.4252,0.0050
18.9750,51.4252,0.0050
19.0250,51.4252,0.0051
19.0750,51.4252,0.0051
19.1250,51.4252,0.0052
19.1750,51.4252,0.0052
19.2250,51.4252,0.0052
19.2750,51.4252,0.0053
19.3250,51.4252,0.0053
19.3750,51.4252,0.0055
19.4250,51.4252,0.0055
19.4750,51.4252,0.0055
19.5250,51.4252,0.0056
19.5750,51.4252,0.0057
19.6250,51.4252,0.0058
19.6750,51.4252,0.0058
19.7250,51.4252,0.0059
19.7750,51.4252,0.0059
19.8250,51.4252,0.0060
19.8750,51.4252,0.0061
19.9250,51.4252,0.0061
19.9750,51.4252,0.0062
20.0250,51.4252,0.0062
20.0750,51.4252,0.0062
20.1250,51.4252,0.0063
20.1750,51.4252,0.0063
20.2250,51.4252,0.0064
20.2750,51.4252,0.0064
20.3250,51.4252,0.0064
20.3750,51.4252,0.0065
20.4250,51.4252,0.0065
20.4750,51.4252,0.0065
20.5250,51.4252,0.0065
20.5750,51.4252,0.0067
20.6250,51.4252,0.0067
20.6750,51.4252,0.0067
20.7250,51.4252,0.0067
20.7750,51.4252,0.0068
20.8250,51.4252,0.0069
20.8750,51.4252,0.0069
20.9250,51.4252,0.0069
20.9750,51.4252,0.0070
21.0250,51.4252,0.0071
21.0750,51.4252,0.0071
21.1250,51.4252,0.0071
21.1750,51.4252,0.0071
21.2250,51.4252,0.0071
21.2750,51.4252,0.0073
21.3250,51.4252,0.0073
21.3750,51.4252,0.0073
21.4250,51.4252,0.0073
21.4750,51.4252,0.0073
21.5250,51.4252,0.0075
21.5750,51.4252,0.0075
21.6250,51.4252,0.0075
21.6750,51.4252,0.0075
21.7250,51.4252,0.0074
21.7750,51.4252,0.0076
21.8250,51.4252,0.0076
21.8750,51.4252,0.0075
21.9250,51.4252,0.0075
21.9750,51.4252,0.0076
22.0250,51.4252,0.0076
22.0750,51.4252,0.0076
22.1250,51.4252,0.0076
22.1750,51.4252,0.0076
22.2250,51.4252,0.0077
22.2750,51.4252,0.0076
22.3250,51.4252,0.0076
22.3750,51.4252,0.0074
22.4250,51.4252,0.0074
22.4750,51.4252,0.0074
22.5250,51.4252,0.0071
22.5750,51.4252,0.0071
22.6250,51.4252,0.0066
22.6750,51.4252,0.0065
22.7250,51.4252,0.0065
22.7750,51.4252,0.0062
22.8250,51.4252,0.0062
22.8750,51.4252,0.0059
22.9250,51.4252,0.0057
22.9750,51.4252,0.0057
23.0250,51.4252,0.0054
23.0750,51.4252,0.0054
23.1250,51.4252,0.0053
23.1750,51.4252,0.0000
23.2250,51.4252,0.0000
23.2750,51.4252,0.0000
23.3250,51.4252,0.0000
23.3750,51.4252,0.0000
23.4250,51.4252,0.0000
23.4750,51.4252,0.0000
23.5250,51.4252,0.0000
23.5750,51.4252,0.0000
23.6250,51.4252,0.0000
23.6750,51.4252,0.0000
23.7250,51.4252,0.0000
23.7750,51.4252,0.0000
23.8250,51.4252,0.0000
23.8750,51.4252,0.0000
23.9250,51.4252,0.0000
23.9750,51.4252,0.0000
24.0250,51.4252,0.0000
24.0750,51.4252,0.0000
24.1250,51.4252,0.0000
24.1750,51.4252,0.0000
14.1250,51.3752,0.0066
14.1750,51.3752,0.0064
14.2250,51.3752,0.0064
14.2750,51.3752,0.0060
14.3250,51.3752,0.0059
14.3750,51.3752,0.0059
14.4250,51.3752,0.0058
14.4750,51.3752,0.0058
14.5250,51.3752,0.0057
14.5750,51.3752,0.0053
14.6250,51.3752,0.0056
14.6750,51.3752,0.0052
14.7250,51.3752,0.0053
14.7750,51.3752,0.0052
14.8250,51.3752,0.0016
14.8750,51.3752,0.0052
14.9250,51.3752,0.0000
14.9750,51.3752,0.0053
15.0250,51.3752,0.0050
15.0750,51.3752,0.0051
15.1250,51.3752,0.0051
15.1750,51.3752,0.0052
15.2250,51.3752,0.0053
15.2750,51.3752,0.0050
15.3250,51.3752,0.0052
15.3750,51.3752,0.0052
15.4250,51.3752,0.0054
15.4750,51.3752,0.0054
15.5250,51.3752,0.0056
15.5750,51.3752,0.0053
15.6250,51.3752,0.0054
15.6750,51.3752,0.0055
15.7250,51.3752,0.0055
15.7750,51.3752,0.0057
15.8250,51.3752,0.0055
15.8750,51.3752,0.0059
15.9250,51.3752,0.0057
15.9750,51.3752,0.0058
16.0250,51.3752,0.0058
16.0750,51.3752,0.0059
16.1250,51.3752,0.0060
16.1750,51.3752,0.0057
16.2250,51.3752,0.0060
16.2750,51.3752,0.0058
16.3250,51.3752,0.0060
16.3750,51.3752,0.0060
16.4250,51.3752,0.0061
16.4750,51.3752,0.0061
16.5250,51.3752,0.0059
16.5750,51.3752,0.0059
16.6250,51.3752,0.0059
16.6750,51.3752,0.0060
16.7250,51.3752,0.0060
16.7750,51.3752,0.0061
16.8250,51.3752,0.0059
16.8750,51.3752,0.0059
16.9250,51.3752,0.0059
16.9750,51.3752,0.0059
17.0250,51.3752,0.0060
17.0750,51.3752,0.0058
17.1250,51.3752,0.0058
17.1750,51.3752,0.0058
17.2250,51.3752,0.0058
17.2750,51.3752,0.0059
17.3250,51.3752,0.0056
17.3750,51.3752,0.0059
17.4250,51.3752,0.0057
17.4750,51.3752,0.0057
17.5250,51.3752,0.0057
17.5750,51.3752,0.0055
17.6250,51.3752,0.0057
17.6750,51.3752,0.0055
17.7250,51.3752,0.0055
17.7750,51.3752,0.0055
17.8250,51.3752,0.0056
17.8750,51.3752,0.0056
17.9250,51.3752,0.0053
17.9750,51.3752,0.0053
18.0250,51.3752,0.0053
18.0750,51.3752,0.0054
18.1250,51.3752,0.0054
18.1750,51.3752,0.0052
18.2250,51.3752,0.0052
18.2750,51.3752,0.0052
18.3250,51.3752,0.0052
18.3750,51.3752,0.0052
18.4250,51.3752,0.0053
18.4750,51.3752,0.0051
18.5250,51.3752,0.0051
18.5750,51.3752,0.0051
18.6250,51.3752,0.0051
18.6750,51.3752,0.0051
18.7250,51.3752,0.0050
18.7750,51.3752,0.0050
18.8250,51.3752,0.0051
18.8750,51.3752,0.0051
18.9250,51.3752,0.0051
18.9750,51.3752,0.0051
19.0250,51.3752,0.0052
19.0750,51.3752,0.0052
19.1250,51.3752,0.0052
19.1750,51.3752,0.0053
19.2250,51.3752,0.0053
19.2750,51.3752,0.0054
19.3250,51.3752,0.0054
19.3750,51.3752,0.0054
19.4250,51.3752,0.0055
19.4750,51.3752,0.0056
19.5250,51.3752,0.0056
19.5750,51.3752,0.0057
19.6250,51.3752,0.0057
19.6750,51.3752,0.0058
19.7250,51.3752,0.0059
19.7750,51.3752,0.0059
19.8250,51.3752,0.0060
19.8750,51.3752,0.0060
19.9250,51.3752,0.0061
19.9750,51.3752,0.0062
20.0250,51.3752,0.0061
20.0750,51.3752,0.0062
20.1250,51.3752,0.0062
20.1750,51.3752,0.0063
20.2250,51.3752,0.0064
20.2750,51.3752,0.0063
20.3250,51.3752,0.0064
20.3750,51.3752,0.0064
20.4250,51.3752,0.0064
20.4750,51.3752,0.0065
20.5250,51.3752,0.0065
20.5750,51.3752,0.0065
20.6250,51.3752,0.0066
20.6750,51.3752,0.0066
20.7250,51.3752,0.0067
20.7750,51.3752,0.0066
20.8250,51.3752,0.0068
20.8750,51.3752,0.0068
20.9250,51.3752,0.0068
20.9750,51.3752,0.0069
21.0250,51.3752,0.0068
21.0750,51.3752,0.0070
21.1250,51.3752,0.0070
21.1750,51.3752,0.0070
21.2250,51.3752,0.0071
21.2750,51.3752,0.0070
21.3250,51.3752,0.0072
21.3750,51.3752,0.0072
21.4250,51.3752,0.0072
21.4750,51.3752,0.0073
21.5250,51.3752,0.0072
21.5750,51.3752,0.0073
21.6250,51.3752,0.0073
21.6750,51.3752,0.0073
21.7250,51.3752,0.0074
21.7750,51.3752,0.0073
21.8250,51.3752,0.0074
21.8750,51.3752,0.0074
21.9250,51.3752,0.0074
21.9750,51.3752,0.0075
22.0250,51.3752,0.0073
22.0750,51.3752,0.0074
22.1250,51.3752,0.0074
22.1750,51.3752,0.0073
22.2250,51.3752,0.0075
22.2750,51.3752,0.0073
22.3250,51.3752,0.0073
22.3750,51.3752,0.0072
22.4250,51.3752,0.0071
22.4750,51.3752,0.0071
22.5250,51.3752,0.0068
22.5750,51.3752,0.0068
22.6250,51.3752,0.0066
22.6750,51.3752,0.0065
22.7250,51.3752,0.0063
22.7750,51.3752,0.0060
22.8250,51.3752,0.0060
22.8750,51.3752,0.0059
22.9250,51.3752,0.0057
22.9750,51.3752,0.0056
23.0250,51.3752,0.0052
23.0750,51.3752,0.0052
23.1250,51.3752,0.0051
23.1750,51.3752,0.0005
23.2250,51.3752,0.0000
23.2750,51.3752,0.0000
23.3250,51.3752,0.0000
23.3750,51.3752,0.0000
23.4250,51.3752,0.0000
23.4750,51.3752,0.0000
23.5250,51.3752,0.0000
23.5750,51.3752,0.0000
23.6250,51.3752,0.0000
23.6750,51.3752,0.0000
23.7250,51.3752,0.0000
23.7750,51.3752,0.0000
23.8250,51.3752,0.0000
23.8750,51.3752,0.0000
23.9250,51.3752,0.0000
23.9750,51.3752,0.0000
24.0250,51.3752,0.0000
24.0750,51.3752,0.0000
24.1250,51.3752,0.0000
24.1750,51.3752,0.0000
14.1250,51.3252,0.0070
14.1750,51.3252,0.0064
14.2250,51.3252,0.0067
14.2750,51.3252,0.0063
14.3250,51.3252,0.0065
14.3750,51.3252,0.0061
14.4250,51.3252,0.0060
14.4750,51.3252,0.0060
14.5250,51.3252,0.0059
14.5750,51.3252,0.0059
14.6250,51.3252,0.0056
14.6750,51.3252,0.0055
14.7250,51.3252,0.0055
14.7750,51.3252,0.0055
14.8250,51.3252,0.0055
14.8750,51.3252,0.0055
14.9250,51.3252,0.0053
14.9750,51.3252,0.0054
15.0250,51.3252,0.0054
15.0750,51.3252,0.0054
15.1250,51.3252,0.0055
15.1750,51.3252,0.0053
15.2250,51.3252,0.0057
15.2750,51.3252,0.0054
15.3250,51.3252,0.0058
15.3750,51.3252,0.0056
15.4250,51.3252,0.0058
15.4750,51.3252,0.0058
15.5250,51.3252,0.0056
15.5750,51.3252,0.0060
15.6250,51.3252,0.0058
15.6750,51.3252,0.0059
15.7250,51.3252,0.0059
15.7750,51.3252,0.0061
15.8250,51.3252,0.0061
15.8750,51.3252,0.0061
15.9250,51.3252,0.0061
15.9750,51.3252,0.0061
16.0250,51.3252,0.0062
16.0750,51.3252,0.0062
16.1250,51.3252,0.0064
16.1750,51.3252,0.0061
16.2250,51.3252,0.0064
16.2750,51.3252,0.0062
16.3250,51.3252,0.0062
16.3750,51.3252,0.0064
16.4250,51.3252,0.0061
16.4750,51.3252,0.0065
16.5250,51.3252,0.0062
16.5750,51.3252,0.0064
16.6250,51.3252,0.0063
16.6750,51.3252,0.0064
16.7250,51.3252,0.0064
16.7750,51.3252,0.0061
16.8250,51.3252,0.0064
16.8750,51.3252,0.0062
16.9250,51.3252,0.0063
16.9750,51.3252,0.0063
17.0250,51.3252,0.0062
17.0750,51.3252,0.0063
17.1250,51.3252,0.0061
17.1750,51.3252,0.0061
17.2250,51.3252,0.0061
17.2750,51.3252,0.0062
17.3250,51.3252,0.0062
17.3750,51.3252,0.0059
17.4250,51.3252,0.0060
17.4750,51.3252,0.0060
17.5250,51.3252,0.0060
17.5750,51.3252,0.0060
17.6250,51.3252,0.0061
17.6750,51.3252,0.0058
17.7250,51.3252,0.0058
17.7750,51.3252,0.0058
17.8250,51.3252,0.0058
17.8750,51.3252,0.0058
17.9250,51.3252,0.0056
17.9750,51.3252,0.0058
18.0250,51.3252,0.0056
18.0750,51.3252,0.0056
18.1250,51.3252,0.0056
18.1750,51.3252,0.0054
18.2250,51.3252,0.0056
18.2750,51.3252,0.0054
18.3250,51.3252,0.0054
18.3750,51.3252,0.0054
18.4250,51.3252,0.0053
18.4750,51.3252,0.0054
18.5250,51.3252,0.0053
18.5750,51.3252,0.0053
18.6250,51.3252,0.0053
18.6750,51.3252,0.0052
18.7250,51.3252,0.0053
18.7750,51.3252,0.0052
18.8250,51.3252,0.0052
18.8750,51.3252,0.0052
18.9250,51.3252,0.0053
18.9750,51.3252,0.0053
19.0250,51.3252,0.0052
19.0750,51.3252,0.0053
19.1250,51.3252,0.0053
19.1750,51.3252,0.0054
19.2250,51.3252,0.0054
19.2750,51.3252,0.0054
19.3250,51.3252,0.0055
19.3750,51.3252,0.0055
19.4250,51.3252,0.0056
19.4750,51.3252,0.0056
19.5250,51.3252,0.0057
19.5750,51.3252,0.0057
19.6250,51.3252,0.0057
19.6750,51.3252,0.0058
19.7250,51.3252,0.0058
19.7750,51.3252,0.0059
19.8250,51.3252,0.0060
19.8750,51.3252,0.0060
19.9250,51.3252,0.0061
19.9750,51.3252,0.0061
20.0250,51.3252,0.0062
20.0750,51.3252,0.0062
20.1250,51.3252,0.0062
20.1750,51.3252,0.0063
20.2250,51.3252,0.0063
20.2750,51.3252,0.0063
20.3250,51.3252,0.0064
20.3750,51.3252,0.0064
20.4250,51.3252,0.0064
20.4750,51.3252,0.0064
20.5250,51.3252,0.0064
20.5750,51.3252,0.0065
20.6250,51.3252,0.0065
20.6750,51.3252,0.0065
20.7250,51.3252,0.0066
20.7750,51.3252,0.0066
20.8250,51.3252,0.0067
20.8750,51.3252,0.0067
20.9250,51.3252,0.0067
20.9750,51.3252,0.0068
21.0250,51.3252,0.0068
21.0750,51.3252,0.0069
21.1250,51.3252,0.0069
21.1750,51.3252,0.0069
21.2250,51.3252,0.0070
21.2750,51.3252,0.0069
21.3250,51.3252,0.0070
21.3750,51.3252,0.0070
21.4250,51.3252,0.0070
21.4750,51.3252,0.0072
21.5250,51.3252,0.0070
21.5750,51.3252,0.0071
21.6250,51.3252,0.0071
21.6750,51.3252,0.0071
21.7250,51.3252,0.0073
21.7750,51.3252,0.0071
21.8250,51.3252,0.0072
21.8750,51.3252,0.0072
21.9250,51.3252,0.0072
21.9750,51.3252,0.0073
22.0250,51.3252,0.0072
22.0750,51.3252,0.0072
22.1250,51.3252,0.0072
22.1750,51.3252,0.0071
22.2250,51.3252,0.0072
22.2750,51.3252,0.0072
22.3250,51.3252,0.0071
22.3750,51.3252,0.0071
22.4250,51.3252,0.0069
22.4750,51.3252,0.0069
22.5250,51.3252,0.0069
22.5750,51.3252,0.0066
22.6250,51.3252,0.0065
22.6750,51.3252,0.0063
22.7250,51.3252,0.0062
22.7750,51.3252,0.0062
22.8250,51.3252,0.0059
22.8750,51.3252,0.0057
22.9250,51.3252,0.0056
22.9750,51.3252,0.0054
23.0250,51.3252,0.0054
23.0750,51.3252,0.0051
23.1250,51.3252,0.0000
23.1750,51.3252,0.0000
23.2250,51.3252,0.0000
23.2750,51.3252,0.0000
23.3250,51.3252,0.0000
23.3750,51.3252,0.0000
23.4250,51.3252,0.0000
23.4750,51.3252,0.0000
23.5250,51.3252,0.0000
23.5750,51.3252,0.0000
23.6250,51.3252,0.0000
23.6750,51.3252,0.0000
23.7250,51.3252,0.0000
23.7750,51.3252,0.0000
23.8250,51.3252,0.0000
23.8750,51.3252,0.0000
23.9250,51.3252,0.0000
23.9750,51.3252,0.0000
24.0250,51.3252,0.0000
24.0750,51.3252,0.0000
24.1250,51.3252,0.0000
24.1750,51.3252,0.0000
14.1250,51.2752,0.0074
14.1750,51.2752,0.0074
14.2250,51.2752,0.0071
14.2750,51.2752,0.0065
14.3250,51.2752,0.0065
14.3750,51.2752,0.0064
14.4250,51.2752,0.0064
14.4750,51.2752,0.0062
14.5250,51.2752,0.0060
14.5750,51.2752,0.0062
14.6250,51.2752,0.0059
14.6750,51.2752,0.0061
14.7250,51.2752,0.0058
14.7750,51.2752,0.0058
14.8250,51.2752,0.0058
14.8750,51.2752,0.0056
14.9250,51.2752,0.0058
14.9750,51.2752,0.0056
15.0250,51.2752,0.0057
15.0750,51.2752,0.0057
15.1250,51.2752,0.0059
15.1750,51.2752,0.0059
15.2250,51.2752,0.0060
15.2750,51.2752,0.0058
15.3250,51.2752,0.0058
15.3750,51.2752,0.0060
15.4250,51.2752,0.0060
15.4750,51.2752,0.0062
15.5250,51.2752,0.0060
15.5750,51.2752,0.0064
15.6250,51.2752,0.0062
15.6750,51.2752,0.0062
15.7250,51.2752,0.0064
15.7750,51.2752,0.0064
15.8250,51.2752,0.0066
15.8750,51.2752,0.0063
15.9250,51.2752,0.0069
15.9750,51.2752,0.0065
16.0250,51.2752,0.0067
16.0750,51.2752,0.0067
16.1250,51.2752,0.0069
16.1750,51.2752,0.0070
16.2250,51.2752,0.0065
16.2750,51.2752,0.0067
16.3250,51.2752,0.0067
16.3750,51.2752,0.0069
16.4250,51.2752,0.0069
16.4750,51.2752,0.0070
16.5250,51.2752,0.0066
16.5750,51.2752,0.0066
16.6250,51.2752,0.0067
16.6750,51.2752,0.0067
16.7250,51.2752,0.0069
16.7750,51.2752,0.0065
16.8250,51.2752,0.0068
16.8750,51.2752,0.0065
16.9250,51.2752,0.0065
16.9750,51.2752,0.0066
17.0250,51.2752,0.0063
17.0750,51.2752,0.0067
17.1250,51.2752,0.0064
17.1750,51.2752,0.0065
17.2250,51.2752,0.0064
17.2750,51.2752,0.0063
17.3250,51.2752,0.0065
17.3750,51.2752,0.0062
17.4250,51.2752,0.0063
17.4750,51.2752,0.0062
17.5250,51.2752,0.0063
17.5750,51.2752,0.0063
17.6250,51.2752,0.0061
17.6750,51.2752,0.0061
17.7250,51.2752,0.0061
17.7750,51.2752,0.0061
17.8250,51.2752,0.0061
17.8750,51.2752,0.0061
17.9250,51.2752,0.0059
17.9750,51.2752,0.0058
18.0250,51.2752,0.0059
18.0750,51.2752,0.0059
18.1250,51.2752,0.0058
18.1750,51.2752,0.0057
18.2250,51.2752,0.0056
18.2750,51.2752,0.0056
18.3250,51.2752,0.0056
18.3750,51.2752,0.0056
18.4250,51.2752,0.0055
18.4750,51.2752,0.0056
18.5250,51.2752,0.0055
18.5750,51.2752,0.0055
18.6250,51.2752,0.0055
18.6750,51.2752,0.0053
18.7250,51.2752,0.0055
18.7750,51.2752,0.0053
18.8250,51.2752,0.0053
18.8750,51.2752,0.0054
18.9250,51.2752,0.0053
18.9750,51.2752,0.0054
19.0250,51.2752,0.0053
19.0750,51.2752,0.0054
19.1250,51.2752,0.0054
19.1750,51.2752,0.0054
19.2250,51.2752,0.0055
19.2750,51.2752,0.0055
19.3250,51.2752,0.0056
19.3750,51.2752,0.0056
19.4250,51.2752,0.0057
19.4750,51.2752,0.0057
19.5250,51.2752,0.0057
19.5750,51.2752,0.0058
19.6250,51.2752,0.0058
19.6750,51.2752,0.0059
19.7250,51.2752,0.0059
19.7750,51.2752,0.0059
19.8250,51.2752,0.0060
19.8750,51.2752,0.0060
19.9250,51.2752,0.0061
19.9750,51.2752,0.0061
20.0250,51.2752,0.0062
20.0750,51.2752,0.0062
20.1250,51.2752,0.0062
20.1750,51.2752,0.0063
20.2250,51.2752,0.0063
20.2750,51.2752,0.0063
20.3250,51.2752,0.0064
20.3750,51.2752,0.0064
20.4250,51.2752,0.0064
20.4750,51.2752,0.0064
20.5250,51.2752,0.0064
20.5750,51.2752,0.0065
20.6250,51.2752,0.0065
20.6750,51.2752,0.0065
20.7250,51.2752,0.0065
20.7750,51.2752,0.0066
20.8250,51.2752,0.0066
20.8750,51.2752,0.0066
20.9250,51.2752,0.0066
20.9750,51.2752,0.0066
21.0250,51.2752,0.0068
21.0750,51.2752,0.0068
21.1250,51.2752,0.0068
21.1750,51.2752,0.0068
21.2250,51.2752,0.0068
21.2750,51.2752,0.0069
21.3250,51.2752,0.0069
21.3750,51.2752,0.0069
21.4250,51.2752,0.0069
21.4750,51.2752,0.0069
21.5250,51.2752,0.0070
21.5750,51.2752,0.0070
21.6250,51.2752,0.0070
21.6750,51.2752,0.0070
21.7250,51.2752,0.0070
21.7750,51.2752,0.0071
21.8250,51.2752,0.0071
21.8750,51.2752,0.0071
21.9250,51.2752,0.0070
21.9750,51.2752,0.0071
22.0250,51.2752,0.0071
22.0750,51.2752,0.0071
22.1250,51.2752,0.0071
22.1750,51.2752,0.0070
22.2250,51.2752,0.0070
22.2750,51.2752,0.0070
22.3250,51.2752,0.0069
22.3750,51.2752,0.0069
22.4250,51.2752,0.0067
22.4750,51.2752,0.0067
22.5250,51.2752,0.0067
22.5750,51.2752,0.0064
22.6250,51.2752,0.0064
22.6750,51.2752,0.0063
22.7250,51.2752,0.0061
22.7750,51.2752,0.0061
22.8250,51.2752,0.0058
22.8750,51.2752,0.0058
22.9250,51.2752,0.0056
22.9750,51.2752,0.0053
23.0250,51.2752,0.0053
23.0750,51.2752,0.0000
23.1250,51.2752,0.0000
23.1750,51.2752,0.0000
23.2250,51.2752,0.0000
23.2750,51.2752,0.0000
23.3250,51.2752,0.0000
23.3750,51.2752,0.0000
23.4250,51.2752,0.0000
23.4750,51.2752,0.0000
23.5250,51.2752,0.0000
23.5750,51.2752,0.0000
23.6250,51.2752,0.0000
23.6750,51.2752,0.0000
23.7250,51.2752,0.0000
23.7750,51.2752,0.0000
23.8250,51.2752,0.0000
23.8750,51.2752,0.0000
23.9250,51.2752,0.0000
23.9750,51.2752,0.0000
24.0250,51.2752,0.0000
24.0750,51.2752,0.0000
24.1250,51.2752,0.0000
24.1750,51.2752,0.0000
14.1250,51.2253,0.0079
14.1750,51.2253,0.0077
14.2250,51.2253,0.0071
14.2750,51.2253,0.0075
14.3250,51.2253,0.0068
14.3750,51.2253,0.0066
14.4250,51.2253,0.0066
14.4750,51.2253,0.0065
14.5250,51.2253,0.0065
14.5750,51.2253,0.0064
14.6250,51.2253,0.0061
14.6750,51.2253,0.0061
14.7250,51.2253,0.0061
14.7750,51.2253,0.0061
14.8250,51.2253,0.0061
14.8750,51.2253,0.0059
14.9250,51.2253,0.0061
14.9750,51.2253,0.0059
15.0250,51.2253,0.0061
15.0750,51.2253,0.0060
15.1250,51.2253,0.0061
15.1750,51.2253,0.0062
15.2250,51.2253,0.0060
15.2750,51.2253,0.0064
15.3250,51.2253,0.0062
15.3750,51.2253,0.0064
15.4250,51.2253,0.0064
15.4750,51.2253,0.0067
15.5250,51.2253,0.0067
15.5750,51.2253,0.0064
15.6250,51.2253,0.0067
15.6750,51.2253,0.0067
15.7250,51.2253,0.0070
15.7750,51.2253,0.0070
15.8250,51.2253,0.0073
15.8750,51.2253,0.0069
15.9250,51.2253,0.0072
15.9750,51.2253,0.0072
16.0250,51.2253,0.0072
16.0750,51.2253,0.0074
16.1250,51.2253,0.0070
16.1750,51.2253,0.0077
16.2250,51.2253,0.0072
16.2750,51.2253,0.0076
16.3250,51.2253,0.0074
16.3750,51.2253,0.0075
16.4250,51.2253,0.0075
16.4750,51.2253,0.0071
16.5250,51.2253,0.0077
16.5750,51.2253,0.0072
16.6250,51.2253,0.0073
16.6750,51.2253,0.0073
16.7250,51.2253,0.0074
16.7750,51.2253,0.0074
16.8250,51.2253,0.0070
16.8750,51.2253,0.0070
16.9250,51.2253,0.0070
16.9750,51.2253,0.0071
17.0250,51.2253,0.0071
17.0750,51.2253,0.0071
17.1250,51.2253,0.0068
17.1750,51.2253,0.0068
17.2250,51.2253,0.0068
17.2750,51.2253,0.0068
17.3250,51.2253,0.0069
17.3750,51.2253,0.0065
17.4250,51.2253,0.0065
17.4750,51.2253,0.0065
17.5250,51.2253,0.0065
17.5750,51.2253,0.0065
17.6250,51.2253,0.0063
17.6750,51.2253,0.0065
17.7250,51.2253,0.0063
17.7750,51.2253,0.0063
17.8250,51.2253,0.0063
17.8750,51.2253,0.0061
17.9250,51.2253,0.0063
17.9750,51.2253,0.0061
18.0250,51.2253,0.0061
18.0750,51.2253,0.0061
18.1250,51.2253,0.0060
18.1750,51.2253,0.0061
18.2250,51.2253,0.0059
18.2750,51.2253,0.0058
18.3250,51.2253,0.0058
18.3750,51.2253,0.0058
18.4250,51.2253,0.0058
18.4750,51.2253,0.0056
18.5250,51.2253,0.0057
18.5750,51.2253,0.0057
18.6250,51.2253,0.0057
18.6750,51.2253,0.0057
18.7250,51.2253,0.0056
18.7750,51.2253,0.0055
18.8250,51.2253,0.0055
18.8750,51.2253,0.0056
18.9250,51.2253,0.0056
18.9750,51.2253,0.0056
19.0250,51.2253,0.0054
19.0750,51.2253,0.0054
19.1250,51.2253,0.0055
19.1750,51.2253,0.0055
19.2250,51.2253,0.0056
19.2750,51.2253,0.0056
19.3250,51.2253,0.0056
19.3750,51.2253,0.0057
19.4250,51.2253,0.0057
19.4750,51.2253,0.0057
19.5250,51.2253,0.0058
19.5750,51.2253,0.0058
19.6250,51.2253,0.0058
19.6750,51.2253,0.0058
19.7250,51.2253,0.0059
19.7750,51.2253,0.0060
19.8250,51.2253,0.0060
19.8750,51.2253,0.0061
19.9250,51.2253,0.0061
19.9750,51.2253,0.0061
20.0250,51.2253,0.0062
20.0750,51.2253,0.0062
20.1250,51.2253,0.0062
20.1750,51.2253,0.0062
20.2250,51.2253,0.0063
20.2750,51.2253,0.0063
20.3250,51.2253,0.0063
20.3750,51.2253,0.0064
20.4250,51.2253,0.0064
20.4750,51.2253,0.0064
20.5250,51.2253,0.0064
20.5750,51.2253,0.0064
20.6250,51.2253,0.0065
20.6750,51.2253,0.0065
20.7250,51.2253,0.0065
20.7750,51.2253,0.0065
20.8250,51.2253,0.0065
20.8750,51.2253,0.0066
20.9250,51.2253,0.0066
20.9750,51.2253,0.0066
21.0250,51.2253,0.0067
21.0750,51.2253,0.0066
21.1250,51.2253,0.0067
21.1750,51.2253,0.0067
21.2250,51.2253,0.0067
21.2750,51.2253,0.0068
21.3250,51.2253,0.0068
21.3750,51.2253,0.0068
21.4250,51.2253,0.0068
21.4750,51.2253,0.0068
21.5250,51.2253,0.0069
21.5750,51.2253,0.0069
21.6250,51.2253,0.0069
21.6750,51.2253,0.0069
21.7250,51.2253,0.0069
21.7750,51.2253,0.0070
21.8250,51.2253,0.0069
21.8750,51.2253,0.0069
21.9250,51.2253,0.0070
21.9750,51.2253,0.0069
22.0250,51.2253,0.0070
22.0750,51.2253,0.0069
22.1250,51.2253,0.0069
22.1750,51.2253,0.0070
22.2250,51.2253,0.0068
22.2750,51.2253,0.0069
22.3250,51.2253,0.0067
22.3750,51.2253,0.0067
22.4250,51.2253,0.0067
22.4750,51.2253,0.0065
22.5250,51.2253,0.0065
22.5750,51.2253,0.0063
22.6250,51.2253,0.0063
22.6750,51.2253,0.0062
22.7250,51.2253,0.0061
22.7750,51.2253,0.0060
22.8250,51.2253,0.0057
22.8750,51.2253,0.0057
22.9250,51.2253,0.0055
22.9750,51.2253,0.0052
23.0250,51.2253,0.0052
23.0750,51.2253,0.0000
23.1250,51.2253,0.0000
23.1750,51.2253,0.0000
23.2250,51.2253,0.0000
23.2750,51.2253,0.0000
23.3250,51.2253,0.0000
23.3750,51.2253,0.0000
23.4250,51.2253,0.0000
23.4750,51.2253,0.0000
23.5250,51.2253,0.0000
23.5750,51.2253,0.0000
23.6250,51.2253,0.0000
23.6750,51.2253,0.0000
23.7250,51.2253,0.0000
23.7750,51.2253,0.0000
23.8250,51.2253,0.0000
23.8750,51.2253,0.0000
23.9250,51.2253,0.0000
23.9750,51.2253,0.0000
24.0250,51.2253,0.0000
24.0750,51.2253,0.0000
24.1250,51.2253,0.0000
24.1750,51.2253,0.0000
14.1250,51.1753,0.0083
14.1750,51.1753,0.0081
14.2250,51.1753,0.0081
14.2750,51.1753,0.0078
14.3250,51.1753,0.0072
14.3750,51.1753,0.0073
14.4250,51.1753,0.0070
14.4750,51.1753,0.0070
14.5250,51.1753,0.0068
14.5750,51.1753,0.0064
14.6250,51.1753,0.0066
14.6750,51.1753,0.0063
14.7250,51.1753,0.0063
14.7750,51.1753,0.0063
14.8250,51.1753,0.0063
14.8750,51.1753,0.0063
14.9250,51.1753,0.0062
14.9750,51.1753,0.0063
15.0250,51.1753,0.0062
15.0750,51.1753,0.0064
15.1250,51.1753,0.0064
15.1750,51.1753,0.0066
15.2250,51.1753,0.0065
15.2750,51.1753,0.0069
15.3250,51.1753,0.0066
15.3750,51.1753,0.0067
15.4250,51.1753,0.0070
15.4750,51.1753,0.0069
15.5250,51.1753,0.0074
15.5750,51.1753,0.0071
15.6250,51.1753,0.0078
15.6750,51.1753,0.0074
15.7250,51.1753,0.0077
15.7750,51.1753,0.0077
15.8250,51.1753,0.0077
15.8750,51.1753,0.0081
15.9250,51.1753,0.0076
15.9750,51.1753,0.0079
16.0250,51.1753,0.0079
16.0750,51.1753,0.0081
16.1250,51.1753,0.0081
16.1750,51.1753,0.0083
16.2250,51.1753,0.0079
16.2750,51.1753,0.0079
16.3250,51.1753,0.0080
16.3750,51.1753,0.0080
16.4250,51.1753,0.0082
16.4750,51.1753,0.0077
16.5250,51.1753,0.0082
16.5750,51.1753,0.0078
16.6250,51.1753,0.0078
16.6750,51.1753,0.0078
16.7250,51.1753,0.0074
16.7750,51.1753,0.0079
16.8250,51.1753,0.0075
16.8750,51.1753,0.0078
16.9250,51.1753,0.0075
16.9750,51.1753,0.0075
17.0250,51.1753,0.0076
17.0750,51.1753,0.0072
17.1250,51.1753,0.0076
17.1750,51.1753,0.0072
17.2250,51.1753,0.0073
17.2750,51.1753,0.0073
17.3250,51.1753,0.0071
17.3750,51.1753,0.0073
17.4250,51.1753,0.0069
17.4750,51.1753,0.0069
17.5250,51.1753,0.0069
17.5750,51.1753,0.0069
17.6250,51.1753,0.0069
17.6750,51.1753,0.0065
17.7250,51.1753,0.0065
17.7750,51.1753,0.0065
17.8250,51.1753,0.0065
17.8750,51.1753,0.0065
17.9250,51.1753,0.0065
17.9750,51.1753,0.0063
18.0250,51.1753,0.0063
18.0750,51.1753,0.0063
18.1250,51.1753,0.0063
18.1750,51.1753,0.0063
18.2250,51.1753,0.0060
18.2750,51.1753,0.0061
18.3250,51.1753,0.0060
18.3750,51.1753,0.0060
18.4250,51.1753,0.0061
18.4750,51.1753,0.0059
18.5250,51.1753,0.0060
18.5750,51.1753,0.0058
18.6250,51.1753,0.0058
18.6750,51.1753,0.0058
18.7250,51.1753,0.0057
18.7750,51.1753,0.0058
18.8250,51.1753,0.0057
18.8750,51.1753,0.0057
18.9250,51.1753,0.0057
18.9750,51.1753,0.0056
19.0250,51.1753,0.0057
19.0750,51.1753,0.0056
19.1250,51.1753,0.0057
19.1750,51.1753,0.0057
19.2250,51.1753,0.0056
19.2750,51.1753,0.0057
19.3250,51.1753,0.0056
19.3750,51.1753,0.0057
19.4250,51.1753,0.0057
19.4750,51.1753,0.0058
19.5250,51.1753,0.0058
19.5750,51.1753,0.0058
19.6250,51.1753,0.0059
19.6750,51.1753,0.0059
19.7250,51.1753,0.0060
19.7750,51.1753,0.0060
19.8250,51.1753,0.0060
19.8750,51.1753,0.0061
19.9250,51.1753,0.0061
19.9750,51.1753,0.0061
20.0250,51.1753,0.0061
20.0750,51.1753,0.0062
20.1250,51.1753,0.0062
20.1750,51.1753,0.0062
20.2250,51.1753,0.0063
20.2750,51.1753,0.0063
20.3250,51.1753,0.0063
20.3750,51.1753,0.0064
20.4250,51.1753,0.0064
20.4750,51.1753,0.0064
20.5250,51.1753,0.0064
20.5750,51.1753,0.0064
20.6250,51.1753,0.0065
20.6750,51.1753,0.0065
20.7250,51.1753,0.0065
20.7750,51.1753,0.0065
20.8250,51.1753,0.0065
20.8750,51.1753,0.0065
20.9250,51.1753,0.0065
20.9750,51.1753,0.0066
21.0250,51.1753,0.0066
21.0750,51.1753,0.0066
21.1250,51.1753,0.0067
21.1750,51.1753,0.0067
21.2250,51.1753,0.0067
21.2750,51.1753,0.0068
21.3250,51.1753,0.0068
21.3750,51.1753,0.0067
21.4250,51.1753,0.0067
21.4750,51.1753,0.0067
21.5250,51.1753,0.0068
21.5750,51.1753,0.0068
21.6250,51.1753,0.0068
21.6750,51.1753,0.0068
21.7250,51.1753,0.0068
21.7750,51.1753,0.0069
21.8250,51.1753,0.0069
21.8750,51.1753,0.0068
21.9250,51.1753,0.0069
21.9750,51.1753,0.0068
22.0250,51.1753,0.0068
22.0750,51.1753,0.0068
22.1250,51.1753,0.0068
22.1750,51.1753,0.0068
22.2250,51.1753,0.0067
22.2750,51.1753,0.0067
22.3250,51.1753,0.0067
22.3750,51.1753,0.0066
22.4250,51.1753,0.0065
22.4750,51.1753,0.0065
22.5250,51.1753,0.0064
22.5750,51.1753,0.0064
22.6250,51.1753,0.0062
22.6750,51.1753,0.0061
22.7250,51.1753,0.0061
22.7750,51.1753,0.0059
22.8250,51.1753,0.0058
22.8750,51.1753,0.0056
22.9250,51.1753,0.0054
22.9750,51.1753,0.0054
23.0250,51.1753,0.0051
23.0750,51.1753,0.0007
23.1250,51.1753,0.0000
23.1750,51.1753,0.0000
23.2250,51.1753,0.0000
23.2750,51.1753,0.0000
23.3250,51.1753,0.0000
23.3750,51.1753,0.0000
23.4250,51.1753,0.0000
23.4750,51.1753,0.0000
23.5250,51.1753,0.0000
23.5750,51.1753,0.0000
23.6250,51.1753,0.0000
23.6750,51.1753,0.0000
23.7250,51.1753,0.0000
23.7750,51.1753,0.0000
23.8250,51.1753,0.0000
23.8750,51.1753,0.0000
23.9250,51.1753,0.0000
23.9750,51.1753,0.0000
24.0250,51.1753,0.0000
24.0750,51.1753,0.0000
24.1250,51.1753,0.0000
24.1750,51.1753,0.0000
14.1250,51.1253,0.0087
14.1750,51.1253,0.0084
14.2250,51.1253,0.0084
14.2750,51.1253,0.0078
14.3250,51.1253,0.0081
14.3750,51.1253,0.0075
14.4250,51.1253,0.0073
14.4750,51.1253,0.0073
14.5250,51.1253,0.0071
14.5750,51.1253,0.0071
14.6250,51.1253,0.0069
14.6750,51.1253,0.0065
14.7250,51.1253,0.0065
14.7750,51.1253,0.0065
14.8250,51.1253,0.0065
14.8750,51.1253,0.0066
14.9250,51.1253,0.0064
14.9750,51.1253,0.0068
15.0250,51.1253,0.0065
15.0750,51.1253,0.0068
15.1250,51.1253,0.0068
15.1750,51.1253,0.0072
15.2250,51.1253,0.0072
15.2750,51.1253,0.0069
15.3250,51.1253,0.0074
15.3750,51.1253,0.0073
15.4250,51.1253,0.0077
15.4750,51.1253,0.0077
15.5250,51.1253,0.0082
15.5750,51.1253,0.0079
15.6250,51.1253,0.0078
15.6750,51.1253,0.0082
15.7250,51.1253,0.0082
15.7750,51.1253,0.0085
15.8250,51.1253,0.0083
15.8750,51.1253,0.0090
15.9250,51.1253,0.0084
15.9750,51.1253,0.0087
16.0250,51.1253,0.0087
16.0750,51.1253,0.0088
16.1250,51.1253,0.0090
16.1750,51.1253,0.0084
16.2250,51.1253,0.0094
16.2750,51.1253,0.0085
16.3250,51.1253,0.0087
16.3750,51.1253,0.0087
16.4250,51.1253,0.0089
16.4750,51.1253,0.0089
16.5250,51.1253,0.0082
16.5750,51.1253,0.0083
16.6250,51.1253,0.0083
16.6750,51.1253,0.0084
16.7250,51.1253,0.0084
16.7750,51.1253,0.0084
16.8250,51.1253,0.0080
16.8750,51.1253,0.0080
16.9250,51.1253,0.0080
16.9750,51.1253,0.0080
17.0250,51.1253,0.0081
17.0750,51.1253,0.0076
17.1250,51.1253,0.0079
17.1750,51.1253,0.0077
17.2250,51.1253,0.0077
17.2750,51.1253,0.0077
17.3250,51.1253,0.0073
17.3750,51.1253,0.0077
17.4250,51.1253,0.0073
17.4750,51.1253,0.0073
17.5250,51.1253,0.0073
17.5750,51.1253,0.0070
17.6250,51.1253,0.0073
17.6750,51.1253,0.0069
17.7250,51.1253,0.0071
17.7750,51.1253,0.0069
17.8250,51.1253,0.0069
17.8750,51.1253,0.0069
17.9250,51.1253,0.0065
17.9750,51.1253,0.0066
18.0250,51.1253,0.0065
18.0750,51.1253,0.0065
18.1250,51.1253,0.0065
18.1750,51.1253,0.0064
18.2250,51.1253,0.0063
18.2750,51.1253,0.0063
18.3250,51.1253,0.0063
18.3750,51.1253,0.0063
18.4250,51.1253,0.0062
18.4750,51.1253,0.0060
18.5250,51.1253,0.0060
18.5750,51.1253,0.0060
18.6250,51.1253,0.0060
18.6750,51.1253,0.0060
18.7250,51.1253,0.0058
18.7750,51.1253,0.0059
18.8250,51.1253,0.0058
18.8750,51.1253,0.0058
18.9250,51.1253,0.0059
18.9750,51.1253,0.0057
19.0250,51.1253,0.0059
19.0750,51.1253,0.0058
19.1250,51.1253,0.0058
19.1750,51.1253,0.0058
19.2250,51.1253,0.0057
19.2750,51.1253,0.0058
19.3250,51.1253,0.0058
19.3750,51.1253,0.0058
19.4250,51.1253,0.0058
19.4750,51.1253,0.0058
19.5250,51.1253,0.0059
19.5750,51.1253,0.0059
19.6250,51.1253,0.0059
19.6750,51.1253,0.0060
19.7250,51.1253,0.0060
19.7750,51.1253,0.0060
19.8250,51.1253,0.0060
19.8750,51.1253,0.0061
19.9250,51.1253,0.0061
19.9750,51.1253,0.0061
20.0250,51.1253,0.0062
20.0750,51.1253,0.0062
20.1250,51.1253,0.0063
20.1750,51.1253,0.0063
20.2250,51.1253,0.0063
20.2750,51.1253,0.0063
20.3250,51.1253,0.0063
20.3750,51.1253,0.0064
20.4250,51.1253,0.0064
20.4750,51.1253,0.0064
20.5250,51.1253,0.0064
20.5750,51.1253,0.0064
20.6250,51.1253,0.0065
20.6750,51.1253,0.0065
20.7250,51.1253,0.0065
20.7750,51.1253,0.0065
20.8250,51.1253,0.0065
20.8750,51.1253,0.0066
20.9250,51.1253,0.0066
20.9750,51.1253,0.0066
21.0250,51.1253,0.0066
21.0750,51.1253,0.0066
21.1250,51.1253,0.0066
21.1750,51.1253,0.0066
21.2250,51.1253,0.0067
21.2750,51.1253,0.0067
21.3250,51.1253,0.0067
21.3750,51.1253,0.0067
21.4250,51.1253,0.0067
21.4750,51.1253,0.0067
21.5250,51.1253,0.0067
21.5750,51.1253,0.0067
21.6250,51.1253,0.0067
21.6750,51.1253,0.0067
21.7250,51.1253,0.0067
21.7750,51.1253,0.0068
21.8250,51.1253,0.0068
21.8750,51.1253,0.0067
21.9250,51.1253,0.0067
21.9750,51.1253,0.0068
22.0250,51.1253,0.0067
22.0750,51.1253,0.0067
22.1250,51.1253,0.0066
22.1750,51.1253,0.0066
22.2250,51.1253,0.0067
22.2750,51.1253,0.0065
22.3250,51.1253,0.0065
22.3750,51.1253,0.0065
22.4250,51.1253,0.0065
22.4750,51.1253,0.0064
22.5250,51.1253,0.0063
22.5750,51.1253,0.0063
22.6250,51.1253,0.0061
22.6750,51.1253,0.0060
22.7250,51.1253,0.0060
22.7750,51.1253,0.0058
22.8250,51.1253,0.0058
22.8750,51.1253,0.0055
22.9250,51.1253,0.0053
22.9750,51.1253,0.0053
23.0250,51.1253,0.0050
23.0750,51.1253,0.0050
23.1250,51.1253,0.0000
23.1750,51.1253,0.0000
23.2250,51.1253,0.0000
23.2750,51.1253,0.0000
23.3250,51.1253,0.0000
23.3750,51.1253,0.0000
23.4250,51.1253,0.0000
23.4750,51.1253,0.0000
23.5250,51.1253,0.0000
23.5750,51.1253,0.0000
23.6250,51.1253,0.0000
23.6750,51.1253,0.0000
23.7250,51.1253,0.0000
23.7750,51.1253,0.0000
23.8250,51.1253,0.0000
23.8750,51.1253,0.0000
23.9250,51.1253,0.0000
23.9750,51.1253,0.0000
24.0250,51.1253,0.0000
24.0750,51.1253,0.0000
24.1250,51.1253,0.0000
24.1750,51.1253,0.0000
14.1250,51.0753,0.0093
14.1750,51.0753,0.0093
14.2250,51.0753,0.0088
14.2750,51.0753,0.0081
14.3250,51.0753,0.0084
14.3750,51.0753,0.0079
14.4250,51.0753,0.0079
14.4750,51.0753,0.0076
14.5250,51.0753,0.0073
14.5750,51.0753,0.0074
14.6250,51.0753,0.0069
14.6750,51.0753,0.0072
14.7250,51.0753,0.0069
14.7750,51.0753,0.0069
14.8250,51.0753,0.0069
14.8750,51.0753,0.0070
14.9250,51.0753,0.0070
14.9750,51.0753,0.0069
15.0250,51.0753,0.0071
15.0750,51.0753,0.0071
15.1250,51.0753,0.0074
15.1750,51.0753,0.0074
15.2250,51.0753,0.0078
15.2750,51.0753,0.0076
15.3250,51.0753,0.0082
15.3750,51.0753,0.0080
15.4250,51.0753,0.0081
15.4750,51.0753,0.0085
15.5250,51.0753,0.0083
15.5750,51.0753,0.0092
15.6250,51.0753,0.0086
15.6750,51.0753,0.0093
15.7250,51.0753,0.0092
15.7750,51.0753,0.0097
15.8250,51.0753,0.0097
15.8750,51.0753,0.0094
15.9250,51.0753,0.0095
15.9750,51.0753,0.0094
16.0250,51.0753,0.0098
16.0750,51.0753,0.0098
16.1250,51.0753,0.0101
16.1750,51.0753,0.0095
16.2250,51.0753,0.0102
16.2750,51.0753,0.0096
16.3250,51.0753,0.0096
16.3750,51.0753,0.0097
16.4250,51.0753,0.0091
16.4750,51.0753,0.0098
16.5250,51.0753,0.0090
16.5750,51.0753,0.0096
16.6250,51.0753,0.0090
16.6750,51.0753,0.0091
16.7250,51.0753,0.0091
16.7750,51.0753,0.0084
16.8250,51.0753,0.0092
16.8750,51.0753,0.0085
16.9250,51.0753,0.0085
16.9750,51.0753,0.0085
17.0250,51.0753,0.0085
17.0750,51.0753,0.0085
17.1250,51.0753,0.0081
17.1750,51.0753,0.0081
17.2250,51.0753,0.0081
17.2750,51.0753,0.0081
17.3250,51.0753,0.0081
17.3750,51.0753,0.0078
17.4250,51.0753,0.0077
17.4750,51.0753,0.0077
17.5250,51.0753,0.0077
17.5750,51.0753,0.0077
17.6250,51.0753,0.0077
17.6750,51.0753,0.0073
17.7250,51.0753,0.0073
17.7750,51.0753,0.0073
17.8250,51.0753,0.0073
17.8750,51.0753,0.0073
17.9250,51.0753,0.0069
17.9750,51.0753,0.0072
18.0250,51.0753,0.0069
18.0750,51.0753,0.0069
18.1250,51.0753,0.0068
18.1750,51.0753,0.0065
18.2250,51.0753,0.0068
18.2750,51.0753,0.0065
18.3250,51.0753,0.0064
18.3750,51.0753,0.0064
18.4250,51.0753,0.0063
18.4750,51.0753,0.0064
18.5250,51.0753,0.0062
18.5750,51.0753,0.0062
18.6250,51.0753,0.0062
18.6750,51.0753,0.0062
18.7250,51.0753,0.0062
18.7750,51.0753,0.0060
18.8250,51.0753,0.0060
18.8750,51.0753,0.0060
18.9250,51.0753,0.0061
18.9750,51.0753,0.0061
19.0250,51.0753,0.0059
19.0750,51.0753,0.0059
19.1250,51.0753,0.0059
19.1750,51.0753,0.0059
19.2250,51.0753,0.0059
19.2750,51.0753,0.0059
19.3250,51.0753,0.0059
19.3750,51.0753,0.0059
19.4250,51.0753,0.0059
19.4750,51.0753,0.0059
19.5250,51.0753,0.0060
19.5750,51.0753,0.0059
19.6250,51.0753,0.0059
19.6750,51.0753,0.0060
19.7250,51.0753,0.0060
19.7750,51.0753,0.0061
19.8250,51.0753,0.0061
19.8750,51.0753,0.0061
19.9250,51.0753,0.0062
19.9750,51.0753,0.0062
20.0250,51.0753,0.0062
20.0750,51.0753,0.0062
20.1250,51.0753,0.0062
20.1750,51.0753,0.0063
20.2250,51.0753,0.0063
20.2750,51.0753,0.0064
20.3250,51.0753,0.0064
20.3750,51.0753,0.0064
20.4250,51.0753,0.0064
20.4750,51.0753,0.0064
20.5250,51.0753,0.0065
20.5750,51.0753,0.0065
20.6250,51.0753,0.0065
20.6750,51.0753,0.0065
20.7250,51.0753,0.0065
20.7750,51.0753,0.0066
20.8250,51.0753,0.0065
20.8750,51.0753,0.0065
20.9250,51.0753,0.0066
20.9750,51.0753,0.0066
21.0250,51.0753,0.0066
21.0750,51.0753,0.0066
21.1250,51.0753,0.0066
21.1750,51.0753,0.0066
21.2250,51.0753,0.0067
21.2750,51.0753,0.0066
21.3250,51.0753,0.0067
21.3750,51.0753,0.0067
21.4250,51.0753,0.0067
21.4750,51.0753,0.0067
21.5250,51.0753,0.0067
21.5750,51.0753,0.0067
21.6250,51.0753,0.0067
21.6750,51.0753,0.0067
21.7250,51.0753,0.0067
21.7750,51.0753,0.0066
21.8250,51.0753,0.0067
21.8750,51.0753,0.0066
21.9250,51.0753,0.0066
21.9750,51.0753,0.0067
22.0250,51.0753,0.0066
22.0750,51.0753,0.0066
22.1250,51.0753,0.0065
22.1750,51.0753,0.0065
22.2250,51.0753,0.0065
22.2750,51.0753,0.0065
22.3250,51.0753,0.0065
22.3750,51.0753,0.0064
22.4250,51.0753,0.0064
22.4750,51.0753,0.0063
22.5250,51.0753,0.0062
22.5750,51.0753,0.0062
22.6250,51.0753,0.0061
22.6750,51.0753,0.0060
22.7250,51.0753,0.0059
22.7750,51.0753,0.0057
22.8250,51.0753,0.0057
22.8750,51.0753,0.0055
22.9250,51.0753,0.0054
22.9750,51.0753,0.0052
23.0250,51.0753,0.0001
23.0750,51.0753,0.0000
23.1250,51.0753,0.0000
23.1750,51.0753,0.0000
23.2250,51.0753,0.0000
23.2750,51.0753,0.0000
23.3250,51.0753,0.0000
23.3750,51.0753,0.0000
23.4250,51.0753,0.0000
23.4750,51.0753,0.0000
23.5250,51.0753,0.0000
23.5750,51.0753,0.0000
23.6250,51.0753,0.0000
23.6750,51.0753,0.0000
23.7250,51.0753,0.0000
23.7750,51.0753,0.0000
23.8250,51.0753,0.0000
23.8750,51.0753,0.0000
23.9250,51.0753,0.0000
23.9750,51.0753,0.0000
24.0250,51.0753,0.0000
24.0750,51.0753,0.0000
24.1250,51.0753,0.0000
24.1750,51.0753,0.0000
14.1250,51.0253,0.0098
14.1750,51.0253,0.0098
14.2250,51.0253,0.0093
14.2750,51.0253,0.0093
14.3250,51.0253,0.0084
14.3750,51.0253,0.0081
14.4250,51.0253,0.0081
14.4750,51.0253,0.0079
14.5250,51.0253,0.0079
14.5750,51.0253,0.0076
14.6250,51.0253,0.0072
14.6750,51.0253,0.0075
14.7250,51.0253,0.0072
14.7750,51.0253,0.0072
14.8250,51.0253,0.0072
14.8750,51.0253,0.0071
14.9250,51.0253,0.0074
14.9750,51.0253,0.0073
15.0250,51.0253,0.0077
15.0750,51.0253,0.0076
15.1250,51.0253,0.0080
15.1750,51.0253,0.0080
15.2250,51.0253,0.0084
15.2750,51.0253,0.0084
15.3250,51.0253,0.0083
15.3750,51.0253,0.0089
15.4250,51.0253,0.0089
15.4750,51.0253,0.0096
15.5250,51.0253,0.0096
15.5750,51.0253,0.0103
15.6250,51.0253,0.0098
15.6750,51.0253,0.0098
15.7250,51.0253,0.0103
15.7750,51.0253,0.0103
15.8250,51.0253,0.0107
15.8750,51.0253,0.0101
15.9250,51.0253,0.0111
15.9750,51.0253,0.0105
16.0250,51.0253,0.0108
16.0750,51.0253,0.0108
16.1250,51.0253,0.0109
16.1750,51.0253,0.0111
16.2250,51.0253,0.0104
16.2750,51.0253,0.0106
16.3250,51.0253,0.0106
16.3750,51.0253,0.0106
16.4250,51.0253,0.0106
16.4750,51.0253,0.0107
16.5250,51.0253,0.0099
16.5750,51.0253,0.0099
16.6250,51.0253,0.0099
16.6750,51.0253,0.0099
16.7250,51.0253,0.0099
16.7750,51.0253,0.0092
16.8250,51.0253,0.0099
16.8750,51.0253,0.0092
16.9250,51.0253,0.0092
16.9750,51.0253,0.0092
17.0250,51.0253,0.0085
17.0750,51.0253,0.0092
17.1250,51.0253,0.0085
17.1750,51.0253,0.0088
17.2250,51.0253,0.0085
17.2750,51.0253,0.0084
17.3250,51.0253,0.0085
17.3750,51.0253,0.0081
17.4250,51.0253,0.0085
17.4750,51.0253,0.0081
17.5250,51.0253,0.0081
17.5750,51.0253,0.0081
17.6250,51.0253,0.0078
17.6750,51.0253,0.0081
17.7250,51.0253,0.0077
17.7750,51.0253,0.0076
17.8250,51.0253,0.0076
17.8750,51.0253,0.0076
17.9250,51.0253,0.0076
17.9750,51.0253,0.0073
18.0250,51.0253,0.0072
18.0750,51.0253,0.0072
18.1250,51.0253,0.0072
18.1750,51.0253,0.0071
18.2250,51.0253,0.0070
18.2750,51.0253,0.0068
18.3250,51.0253,0.0068
18.3750,51.0253,0.0067
18.4250,51.0253,0.0065
18.4750,51.0253,0.0067
18.5250,51.0253,0.0064
18.5750,51.0253,0.0064
18.6250,51.0253,0.0064
18.6750,51.0253,0.0063
18.7250,51.0253,0.0064
18.7750,51.0253,0.0062
18.8250,51.0253,0.0063
18.8750,51.0253,0.0062
18.9250,51.0253,0.0061
18.9750,51.0253,0.0062
19.0250,51.0253,0.0060
19.0750,51.0253,0.0062
19.1250,51.0253,0.0061
19.1750,51.0253,0.0061
19.2250,51.0253,0.0061
19.2750,51.0253,0.0060
19.3250,51.0253,0.0061
19.3750,51.0253,0.0060
19.4250,51.0253,0.0061
19.4750,51.0253,0.0061
19.5250,51.0253,0.0060
19.5750,51.0253,0.0061
19.6250,51.0253,0.0060
19.6750,51.0253,0.0061
19.7250,51.0253,0.0061
19.7750,51.0253,0.0061
19.8250,51.0253,0.0061
19.8750,51.0253,0.0061
19.9250,51.0253,0.0062
19.9750,51.0253,0.0062
20.0250,51.0253,0.0062
20.0750,51.0253,0.0063
20.1250,51.0253,0.0063
20.1750,51.0253,0.0063
20.2250,51.0253,0.0063
20.2750,51.0253,0.0064
20.3250,51.0253,0.0064
20.3750,51.0253,0.0064
20.4250,51.0253,0.0065
20.4750,51.0253,0.0065
20.5250,51.0253,0.0065
20.5750,51.0253,0.0065
20.6250,51.0253,0.0065
20.6750,51.0253,0.0065
20.7250,51.0253,0.0065
20.7750,51.0253,0.0066
20.8250,51.0253,0.0066
20.8750,51.0253,0.0066
20.9250,51.0253,0.0066
20.9750,51.0253,0.0066
21.0250,51.0253,0.0067
21.0750,51.0253,0.0066
21.1250,51.0253,0.0066
21.1750,51.0253,0.0067
21.2250,51.0253,0.0067
21.2750,51.0253,0.0067
21.3250,51.0253,0.0066
21.3750,51.0253,0.0066
21.4250,51.0253,0.0067
21.4750,51.0253,0.0067
21.5250,51.0253,0.0067
21.5750,51.0253,0.0066
21.6250,51.0253,0.0066
21.6750,51.0253,0.0066
21.7250,51.0253,0.0066
21.7750,51.0253,0.0066
21.8250,51.0253,0.0066
21.8750,51.0253,0.0066
21.9250,51.0253,0.0066
21.9750,51.0253,0.0066
22.0250,51.0253,0.0066
22.0750,51.0253,0.0065
22.1250,51.0253,0.0065
22.1750,51.0253,0.0065
22.2250,51.0253,0.0065
22.2750,51.0253,0.0065
22.3250,51.0253,0.0064
22.3750,51.0253,0.0064
22.4250,51.0253,0.0063
22.4750,51.0253,0.0063
22.5250,51.0253,0.0063
22.5750,51.0253,0.0061
22.6250,51.0253,0.0060
22.6750,51.0253,0.0059
22.7250,51.0253,0.0058
22.7750,51.0253,0.0058
22.8250,51.0253,0.0056
22.8750,51.0253,0.0054
22.9250,51.0253,0.0054
22.9750,51.0253,0.0052
23.0250,51.0253,0.0052
23.0750,51.0253,0.0000
23.1250,51.0253,0.0000
23.1750,51.0253,0.0000
23.2250,51.0253,0.0000
23.2750,51.0253,0.0000
23.3250,51.0253,0.0000
23.3750,51.0253,0.0000
23.4250,51.0253,0.0000
23.4750,51.0253,0.0000
23.5250,51.0253,0.0000
23.5750,51.0253,0.0000
23.6250,51.0253,0.0000
23.6750,51.0253,0.0000
23.7250,51.0253,0.0000
23.7750,51.0253,0.0000
23.8250,51.0253,0.0000
23.8750,51.0253,0.0000
23.9250,51.0253,0.0000
23.9750,51.0253,0.0000
24.0250,51.0253,0.0000
24.0750,51.0253,0.0000
24.1250,51.0253,0.0000
24.1750,51.0253,0.0000
14.1250,50.9753,0.0107
14.1750,50.9753,0.0103
14.2250,50.9753,0.0102
14.2750,50.9753,0.0098
14.3250,50.9753,0.0088
14.3750,50.9753,0.0092
14.4250,50.9753,0.0083
14.4750,50.9753,0.0081
14.5250,50.9753,0.0081
14.5750,50.9753,0.0078
14.6250,50.9753,0.0078
14.6750,50.9753,0.0075
14.7250,50.9753,0.0075
14.7750,50.9753,0.0075
14.8250,50.9753,0.0076
14.8750,50.9753,0.0076
14.9250,50.9753,0.0078
14.9750,50.9753,0.0077
15.0250,50.9753,0.0078
15.0750,50.9753,0.0081
15.1250,50.9753,0.0081
15.1750,50.9753,0.0085
15.2250,50.9753,0.0084
15.2750,50.9753,0.0094
15.3250,50.9753,0.0092
15.3750,50.9753,0.0100
15.4250,50.9753,0.0099
15.4750,50.9753,0.0106
15.5250,50.9753,0.0106
15.5750,50.9753,0.0103
15.6250,50.9753,0.0111
15.6750,50.9753,0.0108
15.7250,50.9753,0.0112
15.7750,50.9753,0.0112
15.8250,50.9753,0.0119
15.8750,50.9753,0.0119
15.9250,50.9753,0.0114
15.9750,50.9753,0.0116
16.0250,50.9753,0.0116
16.0750,50.9753,0.0120
16.1250,50.9753,0.0120
16.1750,50.9753,0.0124
16.2250,50.9753,0.0114
16.2750,50.9753,0.0121
16.3250,50.9753,0.0116
16.3750,50.9753,0.0116
16.4250,50.9753,0.0117
16.4750,50.9753,0.0107
16.5250,50.9753,0.0117
16.5750,50.9753,0.0107
16.6250,50.9753,0.0107
16.6750,50.9753,0.0107
16.7250,50.9753,0.0107
16.7750,50.9753,0.0107
16.8250,50.9753,0.0100
16.8750,50.9753,0.0100
16.9250,50.9753,0.0100
16.9750,50.9753,0.0100
17.0250,50.9753,0.0100
17.0750,50.9753,0.0099
17.1250,50.9753,0.0093
17.1750,50.9753,0.0093
17.2250,50.9753,0.0092
17.2750,50.9753,0.0092
17.3250,50.9753,0.0092
17.3750,50.9753,0.0085
17.4250,50.9753,0.0086
17.4750,50.9753,0.0085
17.5250,50.9753,0.0085
17.5750,50.9753,0.0085
17.6250,50.9753,0.0081
17.6750,50.9753,0.0084
17.7250,50.9753,0.0081
17.7750,50.9753,0.0081
17.8250,50.9753,0.0080
17.8750,50.9753,0.0077
17.9250,50.9753,0.0080
17.9750,50.9753,0.0076
18.0250,50.9753,0.0077
18.0750,50.9753,0.0076
18.1250,50.9753,0.0075
18.1750,50.9753,0.0076
18.2250,50.9753,0.0072
18.2750,50.9753,0.0072
18.3250,50.9753,0.0072
18.3750,50.9753,0.0071
18.4250,50.9753,0.0071
18.4750,50.9753,0.0067
18.5250,50.9753,0.0067
18.5750,50.9753,0.0067
18.6250,50.9753,0.0067
18.6750,50.9753,0.0067
18.7250,50.9753,0.0067
18.7750,50.9753,0.0064
18.8250,50.9753,0.0064
18.8750,50.9753,0.0064
18.9250,50.9753,0.0064
18.9750,50.9753,0.0064
19.0250,50.9753,0.0062
19.0750,50.9753,0.0062
19.1250,50.9753,0.0063
19.1750,50.9753,0.0063
19.2250,50.9753,0.0063
19.2750,50.9753,0.0061
19.3250,50.9753,0.0061
19.3750,50.9753,0.0062
19.4250,50.9753,0.0062
19.4750,50.9753,0.0062
19.5250,50.9753,0.0061
19.5750,50.9753,0.0062
19.6250,50.9753,0.0062
19.6750,50.9753,0.0062
19.7250,50.9753,0.0062
19.7750,50.9753,0.0062
19.8250,50.9753,0.0063
19.8750,50.9753,0.0062
19.9250,50.9753,0.0063
19.9750,50.9753,0.0063
20.0250,50.9753,0.0063
20.0750,50.9753,0.0064
20.1250,50.9753,0.0063
20.1750,50.9753,0.0064
20.2250,50.9753,0.0064
20.2750,50.9753,0.0064
20.3250,50.9753,0.0065
20.3750,50.9753,0.0065
20.4250,50.9753,0.0065
20.4750,50.9753,0.0065
20.5250,50.9753,0.0065
20.5750,50.9753,0.0066
20.6250,50.9753,0.0066
20.6750,50.9753,0.0066
20.7250,50.9753,0.0066
20.7750,50.9753,0.0066
20.8250,50.9753,0.0067
20.8750,50.9753,0.0066
20.9250,50.9753,0.0067
20.9750,50.9753,0.0067
21.0250,50.9753,0.0067
21.0750,50.9753,0.0067
21.1250,50.9753,0.0067
21.1750,50.9753,0.0067
21.2250,50.9753,0.0067
21.2750,50.9753,0.0067
21.3250,50.9753,0.0067
21.3750,50.9753,0.0067
21.4250,50.9753,0.0067
21.4750,50.9753,0.0067
21.5250,50.9753,0.0067
21.5750,50.9753,0.0067
21.6250,50.9753,0.0067
21.6750,50.9753,0.0067
21.7250,50.9753,0.0067
21.7750,50.9753,0.0066
21.8250,50.9753,0.0066
21.8750,50.9753,0.0066
21.9250,50.9753,0.0066
21.9750,50.9753,0.0065
22.0250,50.9753,0.0065
22.0750,50.9753,0.0065
22.1250,50.9753,0.0065
22.1750,50.9753,0.0064
22.2250,50.9753,0.0064
22.2750,50.9753,0.0064
22.3250,50.9753,0.0064
22.3750,50.9753,0.0064
22.4250,50.9753,0.0063
22.4750,50.9753,0.0062
22.5250,50.9753,0.0062
22.5750,50.9753,0.0061
22.6250,50.9753,0.0061
22.6750,50.9753,0.0059
22.7250,50.9753,0.0058
22.7750,50.9753,0.0058
22.8250,50.9753,0.0056
22.8750,50.9753,0.0056
22.9250,50.9753,0.0054
22.9750,50.9753,0.0052
23.0250,50.9753,0.0052
23.0750,50.9753,0.0000
23.1250,50.9753,0.0000
23.1750,50.9753,0.0000
23.2250,50.9753,0.0000
23.2750,50.9753,0.0000
23.3250,50.9753,0.0000
23.3750,50.9753,0.0000
23.4250,50.9753,0.0000
23.4750,50.9753,0.0000
23.5250,50.9753,0.0000
23.5750,50.9753,0.0000
23.6250,50.9753,0.0000
23.6750,50.9753,0.0000
23.7250,50.9753,0.0000
23.7750,50.9753,0.0000
23.8250,50.9753,0.0000
23.8750,50.9753,0.0000
23.9250,50.9753,0.0000
23.9750,50.9753,0.0000
24.0250,50.9753,0.0000
24.0750,50.9753,0.0000
24.1250,50.9753,0.0000
24.1750,50.9753,0.0000
14.1250,50.9253,0.0114
14.1750,50.9253,0.0108
14.2250,50.9253,0.0108
14.2750,50.9253,0.0102
14.3250,50.9253,0.0101
14.3750,50.9253,0.0092
14.4250,50.9253,0.0085
14.4750,50.9253,0.0085
14.5250,50.9253,0.0082
14.5750,50.9253,0.0082
14.6250,50.9253,0.0080
14.6750,50.9253,0.0077
14.7250,50.9253,0.0079
14.7750,50.9253,0.0077
14.8250,50.9253,0.0078
14.8750,50.9253,0.0079
14.9250,50.9253,0.0078
14.9750,50.9253,0.0081
15.0250,50.9253,0.0081
15.0750,50.9253,0.0085
15.1250,50.9253,0.0085
15.1750,50.9253,0.0094
15.2250,50.9253,0.0094
15.2750,50.9253,0.0101
15.3250,50.9253,0.0101
15.3750,50.9253,0.0101
15.4250,50.9253,0.0108
15.4750,50.9253,0.0108
15.5250,50.9253,0.0115
15.5750,50.9253,0.0111
15.6250,50.9253,0.0122
15.6750,50.9253,0.0118
15.7250,50.9253,0.0119
15.7750,50.9253,0.0124
15.8250,50.9253,0.0123
15.8750,50.9253,0.0129
15.9250,50.9253,0.0123
15.9750,50.9253,0.0132
16.0250,50.9253,0.0127
16.0750,50.9253,0.0131
16.1250,50.9253,0.0131
16.1750,50.9253,0.0132
16.2250,50.9253,0.0133
16.2750,50.9253,0.0126
16.3250,50.9253,0.0127
16.3750,50.9253,0.0127
16.4250,50.9253,0.0128
16.4750,50.9253,0.0127
16.5250,50.9253,0.0127
16.5750,50.9253,0.0117
16.6250,50.9253,0.0117
16.6750,50.9253,0.0117
16.7250,50.9253,0.0114
16.7750,50.9253,0.0117
16.8250,50.9253,0.0107
16.8750,50.9253,0.0114
16.9250,50.9253,0.0107
16.9750,50.9253,0.0106
17.0250,50.9253,0.0107
17.0750,50.9253,0.0100
17.1250,50.9253,0.0107
17.1750,50.9253,0.0100
17.2250,50.9253,0.0099
17.2750,50.9253,0.0099
17.3250,50.9253,0.0097
17.3750,50.9253,0.0099
17.4250,50.9253,0.0092
17.4750,50.9253,0.0091
17.5250,50.9253,0.0091
17.5750,50.9253,0.0090
17.6250,50.9253,0.0090
17.6750,50.9253,0.0084
17.7250,50.9253,0.0084
17.7750,50.9253,0.0084
17.8250,50.9253,0.0084
17.8750,50.9253,0.0084
17.9250,50.9253,0.0083
17.9750,50.9253,0.0080
18.0250,50.9253,0.0080
18.0750,50.9253,0.0079
18.1250,50.9253,0.0079
18.1750,50.9253,0.0079
18.2250,50.9253,0.0075
18.2750,50.9253,0.0076
18.3250,50.9253,0.0075
18.3750,50.9253,0.0075
18.4250,50.9253,0.0075
18.4750,50.9253,0.0071
18.5250,50.9253,0.0075
18.5750,50.9253,0.0071
18.6250,50.9253,0.0070
18.6750,50.9253,0.0070
18.7250,50.9253,0.0067
18.7750,50.9253,0.0070
18.8250,50.9253,0.0067
18.8750,50.9253,0.0067
18.9250,50.9253,0.0067
18.9750,50.9253,0.0065
19.0250,50.9253,0.0067
19.0750,50.9253,0.0064
19.1250,50.9253,0.0065
19.1750,50.9253,0.0065
19.2250,50.9253,0.0065
19.2750,50.9253,0.0065
19.3250,50.9253,0.0063
19.3750,50.9253,0.0063
19.4250,50.9253,0.0063
19.4750,50.9253,0.0064
19.5250,50.9253,0.0064
19.5750,50.9253,0.0062
19.6250,50.9253,0.0063
19.6750,50.9253,0.0063
19.7250,50.9253,0.0064
19.7750,50.9253,0.0063
19.8250,50.9253,0.0063
19.8750,50.9253,0.0063
19.9250,50.9253,0.0063
19.9750,50.9253,0.0064
20.0250,50.9253,0.0064
20.0750,50.9253,0.0064
20.1250,50.9253,0.0064
20.1750,50.9253,0.0064
20.2250,50.9253,0.0065
20.2750,50.9253,0.0065
20.3250,50.9253,0.0066
20.3750,50.9253,0.0066
20.4250,50.9253,0.0066
20.4750,50.9253,0.0067
20.5250,50.9253,0.0066
20.5750,50.9253,0.0067
20.6250,50.9253,0.0067
20.6750,50.9253,0.0067
20.7250,50.9253,0.0068
20.7750,50.9253,0.0067
20.8250,50.9253,0.0068
20.8750,50.9253,0.0068
20.9250,50.9253,0.0068
20.9750,50.9253,0.0068
21.0250,50.9253,0.0068
21.0750,50.9253,0.0069
21.1250,50.9253,0.0068
21.1750,50.9253,0.0068
21.2250,50.9253,0.0068
21.2750,50.9253,0.0067
21.3250,50.9253,0.0068
21.3750,50.9253,0.0068
21.4250,50.9253,0.0068
21.4750,50.9253,0.0068
21.5250,50.9253,0.0067
21.5750,50.9253,0.0067
21.6250,50.9253,0.0067
21.6750,50.9253,0.0067
21.7250,50.9253,0.0067
21.7750,50.9253,0.0066
21.8250,50.9253,0.0066
21.8750,50.9253,0.0066
21.9250,50.9253,0.0066
21.9750,50.9253,0.0066
22.0250,50.9253,0.0065
22.0750,50.9253,0.0065
22.1250,50.9253,0.0065
22.1750,50.9253,0.0064
22.2250,50.9253,0.0065
22.2750,50.9253,0.0064
22.3250,50.9253,0.0064
22.3750,50.9253,0.0064
22.4250,50.9253,0.0063
22.4750,50.9253,0.0063
22.5250,50.9253,0.0062
22.5750,50.9253,0.0061
22.6250,50.9253,0.0061
22.6750,50.9253,0.0059
22.7250,50.9253,0.0059
22.7750,50.9253,0.0058
22.8250,50.9253,0.0056
22.8750,50.9253,0.0056
22.9250,50.9253,0.0054
22.9750,50.9253,0.0052
23.0250,50.9253,0.0052
23.0750,50.9253,0.0001
23.1250,50.9253,0.0051
23.1750,50.9253,0.0000
23.2250,50.9253,0.0000
23.2750,50.9253,0.0000
23.3250,50.9253,0.0000
23.3750,50.9253,0.0000
23.4250,50.9253,0.0000
23.4750,50.9253,0.0000
23.5250,50.9253,0.0000
23.5750,50.9253,0.0000
23.6250,50.9253,0.0000
23.6750,50.9253,0.0000
23.7250,50.9253,0.0000
23.7750,50.9253,0.0000
23.8250,50.9253,0.0000
23.8750,50.9253,0.0000
23.9250,50.9253,0.0000
23.9750,50.9253,0.0000
24.0250,50.9253,0.0000
24.0750,50.9253,0.0000
24.1250,50.9253,0.0000
24.1750,50.9253,0.0000
14.1250,50.8753,0.0125
14.1750,50.8753,0.0125
14.2250,50.8753,0.0114
14.2750,50.8753,0.0102
14.3250,50.8753,0.0105
14.3750,50.8753,0.0095
14.4250,50.8753,0.0095
14.4750,50.8753,0.0088
14.5250,50.8753,0.0083
14.5750,50.8753,0.0083
14.6250,50.8753,0.0081
14.6750,50.8753,0.0081
14.7250,50.8753,0.0079
14.7750,50.8753,0.0079
14.8250,50.8753,0.0079
14.8750,50.8753,0.0081
14.9250,50.8753,0.0081
14.9750,50.8753,0.0084
15.0250,50.8753,0.0085
15.0750,50.8753,0.0085
15.1250,50.8753,0.0093
15.1750,50.8753,0.0095
15.2250,50.8753,0.0100
15.2750,50.8753,0.0101
15.3250,50.8753,0.0107
15.3750,50.8753,0.0108
15.4250,50.8753,0.0116
15.4750,50.8753,0.0116
15.5250,50.8753,0.0123
15.5750,50.8753,0.0123
15.6250,50.8753,0.0122
15.6750,50.8753,0.0128
15.7250,50.8753,0.0128
15.7750,50.8753,0.0132
15.8250,50.8753,0.0132
15.8750,50.8753,0.0136
15.9250,50.8753,0.0133
15.9750,50.8753,0.0134
16.0250,50.8753,0.0136
16.0750,50.8753,0.0136
16.1250,50.8753,0.0138
16.1750,50.8753,0.0133
16.2250,50.8753,0.0140
16.2750,50.8753,0.0135
16.3250,50.8753,0.0137
16.3750,50.8753,0.0136
16.4250,50.8753,0.0136
16.4750,50.8753,0.0137
16.5250,50.8753,0.0128
16.5750,50.8753,0.0131
16.6250,50.8753,0.0128
16.6750,50.8753,0.0128
16.7250,50.8753,0.0128
16.7750,50.8753,0.0128
16.8250,50.8753,0.0118
16.8750,50.8753,0.0117
16.9250,50.8753,0.0117
16.9750,50.8753,0.0117
17.0250,50.8753,0.0117
17.0750,50.8753,0.0108
17.1250,50.8753,0.0114
17.1750,50.8753,0.0107
17.2250,50.8753,0.0107
17.2750,50.8753,0.0106
17.3250,50.8753,0.0099
17.3750,50.8753,0.0106
17.4250,50.8753,0.0098
17.4750,50.8753,0.0099
17.5250,50.8753,0.0098
17.5750,50.8753,0.0094
17.6250,50.8753,0.0097
17.6750,50.8753,0.0090
17.7250,50.8753,0.0096
17.7750,50.8753,0.0090
17.8250,50.8753,0.0089
17.8750,50.8753,0.0089
17.9250,50.8753,0.0083
17.9750,50.8753,0.0087
18.0250,50.8753,0.0083
18.0750,50.8753,0.0083
18.1250,50.8753,0.0083
18.1750,50.8753,0.0082
18.2250,50.8753,0.0080
18.2750,50.8753,0.0079
18.3250,50.8753,0.0079
18.3750,50.8753,0.0079
18.4250,50.8753,0.0078
18.4750,50.8753,0.0075
18.5250,50.8753,0.0075
18.5750,50.8753,0.0074
18.6250,50.8753,0.0074
18.6750,50.8753,0.0074
18.7250,50.8753,0.0071
18.7750,50.8753,0.0074
18.8250,50.8753,0.0071
18.8750,50.8753,0.0071
18.9250,50.8753,0.0071
18.9750,50.8753,0.0067
19.0250,50.8753,0.0071
19.0750,50.8753,0.0067
19.1250,50.8753,0.0067
19.1750,50.8753,0.0068
19.2250,50.8753,0.0065
19.2750,50.8753,0.0068
19.3250,50.8753,0.0065
19.3750,50.8753,0.0066
19.4250,50.8753,0.0065
19.4750,50.8753,0.0064
19.5250,50.8753,0.0066
19.5750,50.8753,0.0064
19.6250,50.8753,0.0065
19.6750,50.8753,0.0065
19.7250,50.8753,0.0065
19.7750,50.8753,0.0065
19.8250,50.8753,0.0064
19.8750,50.8753,0.0065
19.9250,50.8753,0.0065
19.9750,50.8753,0.0065
20.0250,50.8753,0.0065
20.0750,50.8753,0.0065
20.1250,50.8753,0.0065
20.1750,50.8753,0.0065
20.2250,50.8753,0.0067
20.2750,50.8753,0.0067
20.3250,50.8753,0.0066
20.3750,50.8753,0.0067
20.4250,50.8753,0.0067
20.4750,50.8753,0.0068
20.5250,50.8753,0.0068
20.5750,50.8753,0.0068
20.6250,50.8753,0.0068
20.6750,50.8753,0.0068
20.7250,50.8753,0.0069
20.7750,50.8753,0.0069
20.8250,50.8753,0.0069
20.8750,50.8753,0.0069
20.9250,50.8753,0.0069
20.9750,50.8753,0.0070
21.0250,50.8753,0.0069
21.0750,50.8753,0.0069
21.1250,50.8753,0.0069
21.1750,50.8753,0.0069
21.2250,50.8753,0.0070
21.2750,50.8753,0.0069
21.3250,50.8753,0.0069
21.3750,50.8753,0.0069
21.4250,50.8753,0.0069
21.4750,50.8753,0.0069
21.5250,50.8753,0.0068
21.5750,50.8753,0.0068
21.6250,50.8753,0.0068
21.6750,50.8753,0.0068
21.7250,50.8753,0.0068
21.7750,50.8753,0.0067
21.8250,50.8753,0.0067
21.8750,50.8753,0.0067
21.9250,50.8753,0.0066
21.9750,50.8753,0.0066
22.0250,50.8753,0.0065
22.0750,50.8753,0.0065
22.1250,50.8753,0.0065
22.1750,50.8753,0.0065
22.2250,50.8753,0.0065
22.2750,50.8753,0.0064
22.3250,50.8753,0.0064
22.3750,50.8753,0.0063
22.4250,50.8753,0.0063
22.4750,50.8753,0.0063
22.5250,50.8753,0.0062
22.5750,50.8753,0.0062
22.6250,50.8753,0.0061
22.6750,50.8753,0.0059
22.7250,50.8753,0.0059
22.7750,50.8753,0.0058
22.8250,50.8753,0.0058
22.8750,50.8753,0.0056
22.9250,50.8753,0.0054
22.9750,50.8753,0.0054
23.0250,50.8753,0.0053
23.0750,50.8753,0.0051
23.1250,50.8753,0.0051
23.1750,50.8753,0.0000
23.2250,50.8753,0.0000
23.2750,50.8753,0.0000
23.3250,50.8753,0.0000
23.3750,50.8753,0.0000
23.4250,50.8753,0.0000
23.4750,50.8753,0.0000
23.5250,50.8753,0.0000
23.5750,50.8753,0.0000
23.6250,50.8753,0.0000
23.6750,50.8753,0.0000
23.7250,50.8753,0.0000
23.7750,50.8753,0.0000
23.8250,50.8753,0.0000
23.8750,50.8753,0.0000
23.9250,50.8753,0.0000
23.9750,50.8753,0.0000
24.0250,50.8753,0.0000
24.0750,50.8753,0.0000
24.1250,50.8753,0.0000
24.1750,50.8753,0.0000
14.1250,50.8253,0.0133
14.1750,50.8253,0.0133
14.2250,50.8253,0.0119
14.2750,50.8253,0.0119
14.3250,50.8253,0.0106
14.3750,50.8253,0.0096
14.4250,50.8253,0.0096
14.4750,50.8253,0.0089
14.5250,50.8253,0.0089
14.5750,50.8253,0.0084
14.6250,50.8253,0.0081
14.6750,50.8253,0.0082
14.7250,50.8253,0.0080
14.7750,50.8253,0.0081
14.8250,50.8253,0.0081
14.8750,50.8253,0.0083
14.9250,50.8253,0.0083
14.9750,50.8253,0.0084
15.0250,50.8253,0.0087
15.0750,50.8253,0.0090
15.1250,50.8253,0.0097
15.1750,50.8253,0.0097
15.2250,50.8253,0.0104
15.2750,50.8253,0.0105
15.3250,50.8253,0.0110
15.3750,50.8253,0.0114
15.4250,50.8253,0.0114
15.4750,50.8253,0.0122
15.5250,50.8253,0.0123
15.5750,50.8253,0.0129
15.6250,50.8253,0.0129
15.6750,50.8253,0.0134
15.7250,50.8253,0.0134
15.7750,50.8253,0.0137
15.8250,50.8253,0.0137
15.8750,50.8253,0.0137
15.9250,50.8253,0.0141
15.9750,50.8253,0.0139
16.0250,50.8253,0.0141
16.0750,50.8253,0.0141
16.1250,50.8253,0.0143
16.1750,50.8253,0.0143
16.2250,50.8253,0.0143
16.2750,50.8253,0.0142
16.3250,50.8253,0.0142
16.3750,50.8253,0.0143
16.4250,50.8253,0.0143
16.4750,50.8253,0.0143
16.5250,50.8253,0.0137
16.5750,50.8253,0.0142
16.6250,50.8253,0.0137
16.6750,50.8253,0.0137
16.7250,50.8253,0.0138
16.7750,50.8253,0.0128
16.8250,50.8253,0.0138
16.8750,50.8253,0.0128
16.9250,50.8253,0.0129
16.9750,50.8253,0.0129
17.0250,50.8253,0.0127
17.0750,50.8253,0.0128
17.1250,50.8253,0.0116
17.1750,50.8253,0.0115
17.2250,50.8253,0.0115
17.2750,50.8253,0.0114
17.3250,50.8253,0.0114
17.3750,50.8253,0.0109
17.4250,50.8253,0.0105
17.4750,50.8253,0.0105
17.5250,50.8253,0.0104
17.5750,50.8253,0.0104
17.6250,50.8253,0.0103
17.6750,50.8253,0.0096
17.7250,50.8253,0.0096
17.7750,50.8253,0.0096
17.8250,50.8253,0.0096
17.8750,50.8253,0.0095
17.9250,50.8253,0.0088
17.9750,50.8253,0.0094
18.0250,50.8253,0.0087
18.0750,50.8253,0.0087
18.1250,50.8253,0.0087
18.1750,50.8253,0.0082
18.2250,50.8253,0.0086
18.2750,50.8253,0.0082
18.3250,50.8253,0.0082
18.3750,50.8253,0.0082
18.4250,50.8253,0.0080
18.4750,50.8253,0.0082
18.5250,50.8253,0.0078
18.5750,50.8253,0.0078
18.6250,50.8253,0.0078
18.6750,50.8253,0.0078
18.7250,50.8253,0.0078
18.7750,50.8253,0.0074
18.8250,50.8253,0.0074
18.8750,50.8253,0.0074
18.9250,50.8253,0.0074
18.9750,50.8253,0.0074
19.0250,50.8253,0.0071
19.0750,50.8253,0.0071
19.1250,50.8253,0.0071
19.1750,50.8253,0.0071
19.2250,50.8253,0.0071
19.2750,50.8253,0.0072
19.3250,50.8253,0.0069
19.3750,50.8253,0.0069
19.4250,50.8253,0.0069
19.4750,50.8253,0.0069
19.5250,50.8253,0.0070
19.5750,50.8253,0.0067
19.6250,50.8253,0.0067
19.6750,50.8253,0.0068
19.7250,50.8253,0.0067
19.7750,50.8253,0.0068
19.8250,50.8253,0.0066
19.8750,50.8253,0.0066
19.9250,50.8253,0.0068
19.9750,50.8253,0.0066
20.0250,50.8253,0.0068
20.0750,50.8253,0.0067
20.1250,50.8253,0.0067
20.1750,50.8253,0.0068
20.2250,50.8253,0.0067
20.2750,50.8253,0.0069
20.3250,50.8253,0.0068
20.3750,50.8253,0.0069
20.4250,50.8253,0.0069
20.4750,50.8253,0.0069
20.5250,50.8253,0.0070
20.5750,50.8253,0.0069
20.6250,50.8253,0.0070
20.6750,50.8253,0.0070
20.7250,50.8253,0.0070
20.7750,50.8253,0.0071
20.8250,50.8253,0.0070
20.8750,50.8253,0.0071
20.9250,50.8253,0.0071
20.9750,50.8253,0.0071
21.0250,50.8253,0.0071
21.0750,50.8253,0.0070
21.1250,50.8253,0.0071
21.1750,50.8253,0.0071
21.2250,50.8253,0.0070
21.2750,50.8253,0.0071
21.3250,50.8253,0.0070
21.3750,50.8253,0.0070
21.4250,50.8253,0.0070
21.4750,50.8253,0.0069
21.5250,50.8253,0.0070
21.5750,50.8253,0.0069
21.6250,50.8253,0.0069
21.6750,50.8253,0.0069
21.7250,50.8253,0.0068
21.7750,50.8253,0.0068
21.8250,50.8253,0.0068
21.8750,50.8253,0.0067
21.9250,50.8253,0.0067
21.9750,50.8253,0.0066
22.0250,50.8253,0.0066
22.0750,50.8253,0.0066
22.1250,50.8253,0.0065
22.1750,50.8253,0.0065
22.2250,50.8253,0.0065
22.2750,50.8253,0.0064
22.3250,50.8253,0.0064
22.3750,50.8253,0.0064
22.4250,50.8253,0.0064
22.4750,50.8253,0.0063
22.5250,50.8253,0.0062
22.5750,50.8253,0.0062
22.6250,50.8253,0.0061
22.6750,50.8253,0.0060
22.7250,50.8253,0.0060
22.7750,50.8253,0.0058
22.8250,50.8253,0.0058
22.8750,50.8253,0.0057
22.9250,50.8253,0.0055
22.9750,50.8253,0.0055
23.0250,50.8253,0.0054
23.0750,50.8253,0.0054
23.1250,50.8253,0.0051
23.1750,50.8253,0.0050
23.2250,50.8253,0.0050
23.2750,50.8253,0.0000
23.3250,50.8253,0.0000
23.3750,50.8253,0.0000
23.4250,50.8253,0.0000
23.4750,50.8253,0.0000
23.5250,50.8253,0.0000
23.5750,50.8253,0.0000
23.6250,50.8253,0.0000
23.6750,50.8253,0.0000
23.7250,50.8253,0.0000
23.7750,50.8253,0.0000
23.8250,50.8253,0.0000
23.8750,50.8253,0.0000
23.9250,50.8253,0.0000
23.9750,50.8253,0.0000
24.0250,50.8253,0.0000
24.0750,50.8253,0.0000
24.1250,50.8253,0.0000
24.1750,50.8253,0.0000
14.1250,50.7753,0.0155
14.1750,50.7753,0.0137
14.2250,50.7753,0.0123
14.2750,50.7753,0.0119
14.3250,50.7753,0.0106
14.3750,50.7753,0.0105
14.4250,50.7753,0.0097
14.4750,50.7753,0.0090
14.5250,50.7753,0.0090
14.5750,50.7753,0.0085
14.6250,50.7753,0.0085
14.6750,50.7753,0.0083
14.7250,50.7753,0.0082
14.7750,50.7753,0.0082
14.8250,50.7753,0.0082
14.8750,50.7753,0.0082
14.9250,50.7753,0.0084
14.9750,50.7753,0.0086
15.0250,50.7753,0.0089
15.0750,50.7753,0.0093
15.1250,50.7753,0.0094
15.1750,50.7753,0.0099
15.2250,50.7753,0.0105
15.2750,50.7753,0.0106
15.3250,50.7753,0.0110
15.3750,50.7753,0.0117
15.4250,50.7753,0.0119
15.4750,50.7753,0.0126
15.5250,50.7753,0.0126
15.5750,50.7753,0.0132
15.6250,50.7753,0.0134
15.6750,50.7753,0.0134
15.7250,50.7753,0.0138
15.7750,50.7753,0.0138
15.8250,50.7753,0.0141
15.8750,50.7753,0.0141
15.9250,50.7753,0.0144
15.9750,50.7753,0.0143
16.0250,50.7753,0.0144
16.0750,50.7753,0.0145
16.1250,50.7753,0.0147
16.1750,50.7753,0.0148
16.2250,50.7753,0.0145
16.2750,50.7753,0.0151
16.3250,50.7753,0.0147
16.3750,50.7753,0.0149
16.4250,50.7753,0.0149
16.4750,50.7753,0.0150
16.5250,50.7753,0.0150
16.5750,50.7753,0.0144
16.6250,50.7753,0.0144
16.6750,50.7753,0.0144
16.7250,50.7753,0.0145
16.7750,50.7753,0.0144
16.8250,50.7753,0.0144
16.8750,50.7753,0.0138
16.9250,50.7753,0.0138
16.9750,50.7753,0.0138
17.0250,50.7753,0.0136
17.0750,50.7753,0.0138
17.1250,50.7753,0.0127
17.1750,50.7753,0.0132
17.2250,50.7753,0.0126
17.2750,50.7753,0.0123
17.3250,50.7753,0.0125
17.3750,50.7753,0.0113
17.4250,50.7753,0.0123
17.4750,50.7753,0.0111
17.5250,50.7753,0.0110
17.5750,50.7753,0.0110
17.6250,50.7753,0.0104
17.6750,50.7753,0.0109
17.7250,50.7753,0.0102
17.7750,50.7753,0.0102
17.8250,50.7753,0.0102
17.8750,50.7753,0.0101
17.9250,50.7753,0.0101
17.9750,50.7753,0.0094
18.0250,50.7753,0.0093
18.0750,50.7753,0.0093
18.1250,50.7753,0.0092
18.1750,50.7753,0.0092
18.2250,50.7753,0.0091
18.2750,50.7753,0.0086
18.3250,50.7753,0.0086
18.3750,50.7753,0.0085
18.4250,50.7753,0.0084
18.4750,50.7753,0.0085
18.5250,50.7753,0.0081
18.5750,50.7753,0.0082
18.6250,50.7753,0.0081
18.6750,50.7753,0.0079
18.7250,50.7753,0.0081
18.7750,50.7753,0.0078
18.8250,50.7753,0.0080
18.8750,50.7753,0.0078
18.9250,50.7753,0.0077
18.9750,50.7753,0.0078
19.0250,50.7753,0.0074
19.0750,50.7753,0.0078
19.1250,50.7753,0.0075
19.1750,50.7753,0.0075
19.2250,50.7753,0.0075
19.2750,50.7753,0.0072
19.3250,50.7753,0.0074
19.3750,50.7753,0.0072
19.4250,50.7753,0.0073
19.4750,50.7753,0.0073
19.5250,50.7753,0.0070
19.5750,50.7753,0.0071
19.6250,50.7753,0.0071
19.6750,50.7753,0.0071
19.7250,50.7753,0.0071
19.7750,50.7753,0.0070
19.8250,50.7753,0.0070
19.8750,50.7753,0.0070
19.9250,50.7753,0.0070
19.9750,50.7753,0.0070
20.0250,50.7753,0.0071
20.0750,50.7753,0.0070
20.1250,50.7753,0.0070
20.1750,50.7753,0.0071
20.2250,50.7753,0.0071
20.2750,50.7753,0.0072
20.3250,50.7753,0.0070
20.3750,50.7753,0.0070
20.4250,50.7753,0.0071
20.4750,50.7753,0.0071
20.5250,50.7753,0.0072
20.5750,50.7753,0.0071
20.6250,50.7753,0.0071
20.6750,50.7753,0.0072
20.7250,50.7753,0.0072
20.7750,50.7753,0.0073
20.8250,50.7753,0.0072
20.8750,50.7753,0.0072
20.9250,50.7753,0.0073
20.9750,50.7753,0.0071
21.0250,50.7753,0.0073
21.0750,50.7753,0.0072
21.1250,50.7753,0.0072
21.1750,50.7753,0.0072
21.2250,50.7753,0.0071
21.2750,50.7753,0.0072
21.3250,50.7753,0.0071
21.3750,50.7753,0.0071
21.4250,50.7753,0.0071
21.4750,50.7753,0.0070
21.5250,50.7753,0.0071
21.5750,50.7753,0.0070
21.6250,50.7753,0.0070
21.6750,50.7753,0.0070
21.7250,50.7753,0.0069
21.7750,50.7753,0.0070
21.8250,50.7753,0.0068
21.8750,50.7753,0.0068
21.9250,50.7753,0.0068
21.9750,50.7753,0.0067
22.0250,50.7753,0.0068
22.0750,50.7753,0.0066
22.1250,50.7753,0.0066
22.1750,50.7753,0.0066
22.2250,50.7753,0.0065
22.2750,50.7753,0.0065
22.3250,50.7753,0.0064
22.3750,50.7753,0.0064
22.4250,50.7753,0.0064
22.4750,50.7753,0.0063
22.5250,50.7753,0.0062
22.5750,50.7753,0.0062
22.6250,50.7753,0.0061
22.6750,50.7753,0.0061
22.7250,50.7753,0.0060
22.7750,50.7753,0.0059
22.8250,50.7753,0.0059
22.8750,50.7753,0.0057
22.9250,50.7753,0.0058
22.9750,50.7753,0.0056
23.0250,50.7753,0.0055
23.0750,50.7753,0.0055
23.1250,50.7753,0.0053
23.1750,50.7753,0.0052
23.2250,50.7753,0.0051
23.2750,50.7753,0.0018
23.3250,50.7753,0.0051
23.3750,50.7753,0.0000
23.4250,50.7753,0.0000
23.4750,50.7753,0.0000
23.5250,50.7753,0.0000
23.5750,50.7753,0.0000
23.6250,50.7753,0.0000
23.6750,50.7753,0.0000
23.7250,50.7753,0.0000
23.7750,50.7753,0.0000
23.8250,50.7753,0.0000
23.8750,50.7753,0.0000
23.9250,50.7753,0.0000
23.9750,50.7753,0.0000
24.0250,50.7753,0.0000
24.0750,50.7753,0.0000
24.1250,50.7753,0.0000
24.1750,50.7753,0.0000
14.1250,50.7253,0.0155
14.1750,50.7253,0.0134
14.2250,50.7253,0.0134
14.2750,50.7253,0.0115
14.3250,50.7253,0.0109
14.3750,50.7253,0.0103
14.4250,50.7253,0.0096
14.4750,50.7253,0.0096
14.5250,50.7253,0.0090
14.5750,50.7253,0.0086
14.6250,50.7253,0.0085
14.6750,50.7253,0.0083
14.7250,50.7253,0.0084
14.7750,50.7253,0.0083
14.8250,50.7253,0.0084
14.8750,50.7253,0.0084
14.9250,50.7253,0.0085
14.9750,50.7253,0.0085
15.0250,50.7253,0.0089
15.0750,50.7253,0.0094
15.1250,50.7253,0.0094
15.1750,50.7253,0.0100
15.2250,50.7253,0.0100
15.2750,50.7253,0.0106
15.3250,50.7253,0.0112
15.3750,50.7253,0.0112
15.4250,50.7253,0.0120
15.4750,50.7253,0.0121
15.5250,50.7253,0.0128
15.5750,50.7253,0.0132
15.6250,50.7253,0.0134
15.6750,50.7253,0.0137
15.7250,50.7253,0.0141
15.7750,50.7253,0.0141
15.8250,50.7253,0.0144
15.8750,50.7253,0.0144
15.9250,50.7253,0.0144
15.9750,50.7253,0.0147
16.0250,50.7253,0.0147
16.0750,50.7253,0.0150
16.1250,50.7253,0.0150
16.1750,50.7253,0.0153
16.2250,50.7253,0.0151
16.2750,50.7253,0.0153
16.3250,50.7253,0.0153
16.3750,50.7253,0.0153
16.4250,50.7253,0.0155
16.4750,50.7253,0.0150
16.5250,50.7253,0.0156
16.5750,50.7253,0.0151
16.6250,50.7253,0.0154
16.6750,50.7253,0.0152
16.7250,50.7253,0.0152
16.7750,50.7253,0.0153
16.8250,50.7253,0.0145
16.8750,50.7253,0.0149
16.9250,50.7253,0.0145
16.9750,50.7253,0.0145
17.0250,50.7253,0.0145
17.0750,50.7253,0.0144
17.1250,50.7253,0.0138
17.1750,50.7253,0.0137
17.2250,50.7253,0.0136
17.2750,50.7253,0.0136
17.3250,50.7253,0.0134
17.3750,50.7253,0.0123
17.4250,50.7253,0.0125
17.4750,50.7253,0.0122
17.5250,50.7253,0.0122
17.5750,50.7253,0.0120
17.6250,50.7253,0.0109
17.6750,50.7253,0.0118
17.7250,50.7253,0.0108
17.7750,50.7253,0.0109
17.8250,50.7253,0.0107
17.8750,50.7253,0.0101
17.9250,50.7253,0.0107
17.9750,50.7253,0.0100
18.0250,50.7253,0.0103
18.0750,50.7253,0.0099
18.1250,50.7253,0.0098
18.1750,50.7253,0.0098
18.2250,50.7253,0.0092
18.2750,50.7253,0.0092
18.3250,50.7253,0.0091
18.3750,50.7253,0.0091
18.4250,50.7253,0.0091
18.4750,50.7253,0.0086
18.5250,50.7253,0.0085
18.5750,50.7253,0.0085
18.6250,50.7253,0.0085
18.6750,50.7253,0.0085
18.7250,50.7253,0.0084
18.7750,50.7253,0.0081
18.8250,50.7253,0.0081
18.8750,50.7253,0.0081
18.9250,50.7253,0.0081
18.9750,50.7253,0.0081
19.0250,50.7253,0.0078
19.0750,50.7253,0.0078
19.1250,50.7253,0.0078
19.1750,50.7253,0.0078
19.2250,50.7253,0.0079
19.2750,50.7253,0.0075
19.3250,50.7253,0.0078
19.3750,50.7253,0.0076
19.4250,50.7253,0.0076
19.4750,50.7253,0.0076
19.5250,50.7253,0.0073
19.5750,50.7253,0.0077
19.6250,50.7253,0.0074
19.6750,50.7253,0.0075
19.7250,50.7253,0.0075
19.7750,50.7253,0.0072
19.8250,50.7253,0.0075
19.8750,50.7253,0.0073
19.9250,50.7253,0.0074
19.9750,50.7253,0.0074
20.0250,50.7253,0.0071
20.0750,50.7253,0.0075
20.1250,50.7253,0.0072
20.1750,50.7253,0.0073
20.2250,50.7253,0.0073
20.2750,50.7253,0.0072
20.3250,50.7253,0.0074
20.3750,50.7253,0.0073
20.4250,50.7253,0.0074
20.4750,50.7253,0.0074
20.5250,50.7253,0.0072
20.5750,50.7253,0.0073
20.6250,50.7253,0.0073
20.6750,50.7253,0.0074
20.7250,50.7253,0.0074
20.7750,50.7253,0.0073
20.8250,50.7253,0.0074
20.8750,50.7253,0.0074
20.9250,50.7253,0.0075
20.9750,50.7253,0.0075
21.0250,50.7253,0.0073
21.0750,50.7253,0.0074
21.1250,50.7253,0.0074
21.1750,50.7253,0.0074
21.2250,50.7253,0.0074
21.2750,50.7253,0.0073
21.3250,50.7253,0.0073
21.3750,50.7253,0.0073
21.4250,50.7253,0.0073
21.4750,50.7253,0.0072
21.5250,50.7253,0.0071
21.5750,50.7253,0.0071
21.6250,50.7253,0.0071
21.6750,50.7253,0.0071
21.7250,50.7253,0.0070
21.7750,50.7253,0.0070
21.8250,50.7253,0.0069
21.8750,50.7253,0.0069
21.9250,50.7253,0.0069
21.9750,50.7253,0.0068
22.0250,50.7253,0.0068
22.0750,50.7253,0.0067
22.1250,50.7253,0.0067
22.1750,50.7253,0.0066
22.2250,50.7253,0.0065
22.2750,50.7253,0.0065
22.3250,50.7253,0.0065
22.3750,50.7253,0.0065
22.4250,50.7253,0.0064
22.4750,50.7253,0.0063
22.5250,50.7253,0.0063
22.5750,50.7253,0.0063
22.6250,50.7253,0.0062
22.6750,50.7253,0.0062
22.7250,50.7253,0.0061
22.7750,50.7253,0.0061
22.8250,50.7253,0.0060
22.8750,50.7253,0.0058
22.9250,50.7253,0.0058
22.9750,50.7253,0.0057
23.0250,50.7253,0.0057
23.0750,50.7253,0.0056
23.1250,50.7253,0.0054
23.1750,50.7253,0.0054
23.2250,50.7253,0.0053
23.2750,50.7253,0.0051
23.3250,50.7253,0.0052
23.3750,50.7253,0.0000
23.4250,50.7253,0.0000
23.4750,50.7253,0.0000
23.5250,50.7253,0.0000
23.5750,50.7253,0.0000
23.6250,50.7253,0.0000
23.6750,50.7253,0.0000
23.7250,50.7253,0.0000
23.7750,50.7253,0.0000
23.8250,50.7253,0.0000
23.8750,50.7253,0.0000
23.9250,50.7253,0.0000
23.9750,50.7253,0.0000
24.0250,50.7253,0.0000
24.0750,50.7253,0.0000
24.1250,50.7253,0.0000
24.1750,50.7253,0.0000
14.1250,50.6753,0.0145
14.1750,50.6753,0.0142
14.2250,50.6753,0.0127
14.2750,50.6753,0.0111
14.3250,50.6753,0.0110
14.3750,50.6753,0.0103
14.4250,50.6753,0.0097
14.4750,50.6753,0.0096
14.5250,50.6753,0.0090
14.5750,50.6753,0.0090
14.6250,50.6753,0.0086
14.6750,50.6753,0.0084
14.7250,50.6753,0.0084
14.7750,50.6753,0.0084
14.8250,50.6753,0.0084
14.8750,50.6753,0.0085
14.9250,50.6753,0.0085
14.9750,50.6753,0.0087
15.0250,50.6753,0.0090
15.0750,50.6753,0.0090
15.1250,50.6753,0.0095
15.1750,50.6753,0.0100
15.2250,50.6753,0.0100
15.2750,50.6753,0.0106
15.3250,50.6753,0.0106
15.3750,50.6753,0.0112
15.4250,50.6753,0.0121
15.4750,50.6753,0.0121
15.5250,50.6753,0.0129
15.5750,50.6753,0.0129
15.6250,50.6753,0.0135
15.6750,50.6753,0.0139
15.7250,50.6753,0.0139
15.7750,50.6753,0.0143
15.8250,50.6753,0.0143
15.8750,50.6753,0.0146
15.9250,50.6753,0.0147
15.9750,50.6753,0.0150
16.0250,50.6753,0.0151
16.0750,50.6753,0.0154
16.1250,50.6753,0.0154
16.1750,50.6753,0.0155
16.2250,50.6753,0.0157
16.2750,50.6753,0.0156
16.3250,50.6753,0.0158
16.3750,50.6753,0.0158
16.4250,50.6753,0.0159
16.4750,50.6753,0.0159
16.5250,50.6753,0.0159
16.5750,50.6753,0.0157
16.6250,50.6753,0.0157
16.6750,50.6753,0.0158
16.7250,50.6753,0.0158
16.7750,50.6753,0.0159
16.8250,50.6753,0.0153
16.8750,50.6753,0.0157
16.9250,50.6753,0.0154
16.9750,50.6753,0.0154
17.0250,50.6753,0.0154
17.0750,50.6753,0.0145
17.1250,50.6753,0.0154
17.1750,50.6753,0.0144
17.2250,50.6753,0.0144
17.2750,50.6753,0.0144
17.3250,50.6753,0.0141
17.3750,50.6753,0.0143
17.4250,50.6753,0.0133
17.4750,50.6753,0.0132
17.5250,50.6753,0.0132
17.5750,50.6753,0.0130
17.6250,50.6753,0.0130
17.6750,50.6753,0.0119
17.7250,50.6753,0.0117
17.7750,50.6753,0.0117
17.8250,50.6753,0.0116
17.8750,50.6753,0.0116
17.9250,50.6753,0.0114
17.9750,50.6753,0.0106
18.0250,50.6753,0.0106
18.0750,50.6753,0.0105
18.1250,50.6753,0.0105
18.1750,50.6753,0.0104
18.2250,50.6753,0.0097
18.2750,50.6753,0.0101
18.3250,50.6753,0.0097
18.3750,50.6753,0.0097
18.4250,50.6753,0.0097
18.4750,50.6753,0.0090
18.5250,50.6753,0.0096
18.5750,50.6753,0.0090
18.6250,50.6753,0.0090
18.6750,50.6753,0.0090
18.7250,50.6753,0.0084
18.7750,50.6753,0.0090
18.8250,50.6753,0.0084
18.8750,50.6753,0.0084
18.9250,50.6753,0.0084
18.9750,50.6753,0.0083
19.0250,50.6753,0.0085
19.0750,50.6753,0.0081
19.1250,50.6753,0.0082
19.1750,50.6753,0.0082
19.2250,50.6753,0.0082
19.2750,50.6753,0.0082
19.3250,50.6753,0.0079
19.3750,50.6753,0.0079
19.4250,50.6753,0.0079
19.4750,50.6753,0.0080
19.5250,50.6753,0.0077
19.5750,50.6753,0.0077
19.6250,50.6753,0.0078
19.6750,50.6753,0.0078
19.7250,50.6753,0.0078
19.7750,50.6753,0.0075
19.8250,50.6753,0.0076
19.8750,50.6753,0.0076
19.9250,50.6753,0.0076
19.9750,50.6753,0.0077
20.0250,50.6753,0.0075
20.0750,50.6753,0.0077
20.1250,50.6753,0.0075
20.1750,50.6753,0.0075
20.2250,50.6753,0.0076
20.2750,50.6753,0.0074
20.3250,50.6753,0.0077
20.3750,50.6753,0.0075
20.4250,50.6753,0.0076
20.4750,50.6753,0.0077
20.5250,50.6753,0.0075
20.5750,50.6753,0.0077
20.6250,50.6753,0.0075
20.6750,50.6753,0.0076
20.7250,50.6753,0.0076
20.7750,50.6753,0.0075
20.8250,50.6753,0.0077
20.8750,50.6753,0.0076
20.9250,50.6753,0.0076
20.9750,50.6753,0.0076
21.0250,50.6753,0.0075
21.0750,50.6753,0.0077
21.1250,50.6753,0.0075
21.1750,50.6753,0.0076
21.2250,50.6753,0.0076
21.2750,50.6753,0.0074
21.3250,50.6753,0.0074
21.3750,50.6753,0.0074
21.4250,50.6753,0.0074
21.4750,50.6753,0.0074
21.5250,50.6753,0.0073
21.5750,50.6753,0.0073
21.6250,50.6753,0.0073
21.6750,50.6753,0.0073
21.7250,50.6753,0.0073
21.7750,50.6753,0.0071
21.8250,50.6753,0.0070
21.8750,50.6753,0.0070
21.9250,50.6753,0.0070
21.9750,50.6753,0.0070
22.0250,50.6753,0.0068
22.0750,50.6753,0.0068
22.1250,50.6753,0.0068
22.1750,50.6753,0.0067
22.2250,50.6753,0.0066
22.2750,50.6753,0.0066
22.3250,50.6753,0.0065
22.3750,50.6753,0.0065
22.4250,50.6753,0.0064
22.4750,50.6753,0.0064
22.5250,50.6753,0.0064
22.5750,50.6753,0.0063
22.6250,50.6753,0.0063
22.6750,50.6753,0.0062
22.7250,50.6753,0.0061
22.7750,50.6753,0.0061
22.8250,50.6753,0.0061
22.8750,50.6753,0.0061
22.9250,50.6753,0.0059
22.9750,50.6753,0.0058
23.0250,50.6753,0.0058
23.0750,50.6753,0.0057
23.1250,50.6753,0.0055
23.1750,50.6753,0.0055
23.2250,50.6753,0.0054
23.2750,50.6753,0.0054
23.3250,50.6753,0.0052
23.3750,50.6753,0.0052
23.4250,50.6753,0.0052
23.4750,50.6753,0.0052
23.5250,50.6753,0.0051
23.5750,50.6753,0.0000
23.6250,50.6753,0.0000
23.6750,50.6753,0.0000
23.7250,50.6753,0.0000
23.7750,50.6753,0.0000
23.8250,50.6753,0.0000
23.8750,50.6753,0.0000
23.9250,50.6753,0.0000
23.9750,50.6753,0.0000
24.0250,50.6753,0.0000
24.0750,50.6753,0.0000
24.1250,50.6753,0.0000
24.1750,50.6753,0.0000
14.1250,50.6253,0.0135
14.1750,50.6253,0.0135
14.2250,50.6253,0.0118
14.2750,50.6253,0.0118
14.3250,50.6253,0.0106
14.3750,50.6253,0.0101
14.4250,50.6253,0.0099
14.4750,50.6253,0.0094
14.5250,50.6253,0.0094
14.5750,50.6253,0.0090
14.6250,50.6253,0.0086
14.6750,50.6253,0.0087
14.7250,50.6253,0.0085
14.7750,50.6253,0.0085
14.8250,50.6253,0.0085
14.8750,50.6253,0.0085
14.9250,50.6253,0.0085
14.9750,50.6253,0.0088
15.0250,50.6253,0.0090
15.0750,50.6253,0.0090
15.1250,50.6253,0.0095
15.1750,50.6253,0.0095
15.2250,50.6253,0.0100
15.2750,50.6253,0.0106
15.3250,50.6253,0.0105
15.3750,50.6253,0.0111
15.4250,50.6253,0.0111
15.4750,50.6253,0.0120
15.5250,50.6253,0.0128
15.5750,50.6253,0.0128
15.6250,50.6253,0.0135
15.6750,50.6253,0.0134
15.7250,50.6253,0.0139
15.7750,50.6253,0.0143
15.8250,50.6253,0.0143
15.8750,50.6253,0.0147
15.9250,50.6253,0.0148
15.9750,50.6253,0.0150
16.0250,50.6253,0.0154
16.0750,50.6253,0.0154
16.1250,50.6253,0.0157
16.1750,50.6253,0.0157
16.2250,50.6253,0.0159
16.2750,50.6253,0.0159
16.3250,50.6253,0.0160
16.3750,50.6253,0.0161
16.4250,50.6253,0.0161
16.4750,50.6253,0.0162
16.5250,50.6253,0.0160
16.5750,50.6253,0.0164
16.6250,50.6253,0.0161
16.6750,50.6253,0.0163
16.7250,50.6253,0.0163
16.7750,50.6253,0.0163
16.8250,50.6253,0.0164
16.8750,50.6253,0.0160
16.9250,50.6253,0.0160
16.9750,50.6253,0.0160
17.0250,50.6253,0.0160
17.0750,50.6253,0.0160
17.1250,50.6253,0.0158
17.1750,50.6253,0.0153
17.2250,50.6253,0.0153
17.2750,50.6253,0.0152
17.3250,50.6253,0.0149
17.3750,50.6253,0.0152
17.4250,50.6253,0.0142
17.4750,50.6253,0.0143
17.5250,50.6253,0.0141
17.5750,50.6253,0.0136
17.6250,50.6253,0.0139
17.6750,50.6253,0.0129
17.7250,50.6253,0.0138
17.7750,50.6253,0.0127
17.8250,50.6253,0.0126
17.8750,50.6253,0.0126
17.9250,50.6253,0.0114
17.9750,50.6253,0.0124
18.0250,50.6253,0.0112
18.0750,50.6253,0.0111
18.1250,50.6253,0.0111
18.1750,50.6253,0.0110
18.2250,50.6253,0.0109
18.2750,50.6253,0.0103
18.3250,50.6253,0.0103
18.3750,50.6253,0.0103
18.4250,50.6253,0.0102
18.4750,50.6253,0.0097
18.5250,50.6253,0.0096
18.5750,50.6253,0.0096
18.6250,50.6253,0.0096
18.6750,50.6253,0.0096
18.7250,50.6253,0.0090
18.7750,50.6253,0.0096
18.8250,50.6253,0.0090
18.8750,50.6253,0.0090
18.9250,50.6253,0.0090
18.9750,50.6253,0.0085
19.0250,50.6253,0.0090
19.0750,50.6253,0.0085
19.1250,50.6253,0.0085
19.1750,50.6253,0.0085
19.2250,50.6253,0.0082
19.2750,50.6253,0.0086
19.3250,50.6253,0.0082
19.3750,50.6253,0.0083
19.4250,50.6253,0.0083
19.4750,50.6253,0.0082
19.5250,50.6253,0.0084
19.5750,50.6253,0.0081
19.6250,50.6253,0.0081
19.6750,50.6253,0.0081
19.7250,50.6253,0.0082
19.7750,50.6253,0.0082
19.8250,50.6253,0.0079
19.8750,50.6253,0.0080
19.9250,50.6253,0.0080
19.9750,50.6253,0.0081
20.0250,50.6253,0.0081
20.0750,50.6253,0.0078
20.1250,50.6253,0.0079
20.1750,50.6253,0.0079
20.2250,50.6253,0.0080
20.2750,50.6253,0.0080
20.3250,50.6253,0.0078
20.3750,50.6253,0.0078
20.4250,50.6253,0.0078
20.4750,50.6253,0.0079
20.5250,50.6253,0.0078
20.5750,50.6253,0.0077
20.6250,50.6253,0.0078
20.6750,50.6253,0.0078
20.7250,50.6253,0.0079
20.7750,50.6253,0.0077
20.8250,50.6253,0.0077
20.8750,50.6253,0.0078
20.9250,50.6253,0.0078
20.9750,50.6253,0.0079
21.0250,50.6253,0.0077
21.0750,50.6253,0.0077
21.1250,50.6253,0.0078
21.1750,50.6253,0.0077
21.2250,50.6253,0.0078
21.2750,50.6253,0.0076
21.3250,50.6253,0.0076
21.3750,50.6253,0.0076
21.4250,50.6253,0.0075
21.4750,50.6253,0.0076
21.5250,50.6253,0.0074
21.5750,50.6253,0.0075
21.6250,50.6253,0.0074
21.6750,50.6253,0.0073
21.7250,50.6253,0.0074
21.7750,50.6253,0.0072
21.8250,50.6253,0.0072
21.8750,50.6253,0.0072
21.9250,50.6253,0.0070
21.9750,50.6253,0.0072
22.0250,50.6253,0.0069
22.0750,50.6253,0.0069
22.1250,50.6253,0.0069
22.1750,50.6253,0.0067
22.2250,50.6253,0.0068
22.2750,50.6253,0.0067
22.3250,50.6253,0.0066
22.3750,50.6253,0.0066
22.4250,50.6253,0.0065
22.4750,50.6253,0.0066
22.5250,50.6253,0.0065
22.5750,50.6253,0.0064
22.6250,50.6253,0.0064
22.6750,50.6253,0.0063
22.7250,50.6253,0.0063
22.7750,50.6253,0.0062
22.8250,50.6253,0.0061
22.8750,50.6253,0.0062
22.9250,50.6253,0.0060
22.9750,50.6253,0.0059
23.0250,50.6253,0.0059
23.0750,50.6253,0.0057
23.1250,50.6253,0.0059
23.1750,50.6253,0.0057
23.2250,50.6253,0.0056
23.2750,50.6253,0.0056
23.3250,50.6253,0.0054
23.3750,50.6253,0.0055
23.4250,50.6253,0.0054
23.4750,50.6253,0.0053
23.5250,50.6253,0.0054
23.5750,50.6253,0.0051
23.6250,50.6253,0.0051
23.6750,50.6253,0.0051
23.7250,50.6253,0.0001
23.7750,50.6253,0.0053
23.8250,50.6253,0.0050
23.8750,50.6253,0.0052
23.9250,50.6253,0.0052
23.9750,50.6253,0.0000
24.0250,50.6253,0.0047
24.0750,50.6253,0.0052
24.1250,50.6253,0.0038
24.1750,50.6253,0.0054
14.1250,50.5753,0.0131
14.1750,50.5753,0.0125
14.2250,50.5753,0.0111
14.2750,50.5753,0.0111
14.3250,50.5753,0.0105
14.3750,50.5753,0.0103
14.4250,50.5753,0.0099
14.4750,50.5753,0.0094
14.5250,50.5753,0.0094
14.5750,50.5753,0.0090
14.6250,50.5753,0.0090
14.6750,50.5753,0.0087
14.7250,50.5753,0.0085
14.7750,50.5753,0.0086
14.8250,50.5753,0.0085
14.8750,50.5753,0.0085
14.9250,50.5753,0.0086
14.9750,50.5753,0.0088
15.0250,50.5753,0.0089
15.0750,50.5753,0.0091
15.1250,50.5753,0.0095
15.1750,50.5753,0.0095
15.2250,50.5753,0.0100
15.2750,50.5753,0.0100
15.3250,50.5753,0.0105
15.3750,50.5753,0.0110
15.4250,50.5753,0.0110
15.4750,50.5753,0.0118
15.5250,50.5753,0.0118
15.5750,50.5753,0.0126
15.6250,50.5753,0.0134
15.6750,50.5753,0.0133
15.7250,50.5753,0.0139
15.7750,50.5753,0.0139
15.8250,50.5753,0.0143
15.8750,50.5753,0.0147
15.9250,50.5753,0.0148
15.9750,50.5753,0.0152
16.0250,50.5753,0.0155
16.0750,50.5753,0.0155
16.1250,50.5753,0.0159
16.1750,50.5753,0.0159
16.2250,50.5753,0.0160
16.2750,50.5753,0.0162
16.3250,50.5753,0.0162
16.3750,50.5753,0.0163
16.4250,50.5753,0.0163
16.4750,50.5753,0.0165
16.5250,50.5753,0.0164
16.5750,50.5753,0.0165
16.6250,50.5753,0.0165
16.6750,50.5753,0.0165
16.7250,50.5753,0.0166
16.7750,50.5753,0.0164
16.8250,50.5753,0.0167
16.8750,50.5753,0.0164
16.9250,50.5753,0.0165
16.9750,50.5753,0.0165
17.0250,50.5753,0.0164
17.0750,50.5753,0.0165
17.1250,50.5753,0.0160
17.1750,50.5753,0.0162
17.2250,50.5753,0.0160
17.2750,50.5753,0.0160
17.3250,50.5753,0.0160
17.3750,50.5753,0.0155
17.4250,50.5753,0.0151
17.4750,50.5753,0.0151
17.5250,50.5753,0.0150
17.5750,50.5753,0.0150
17.6250,50.5753,0.0148
17.6750,50.5753,0.0138
17.7250,50.5753,0.0138
17.7750,50.5753,0.0137
17.8250,50.5753,0.0137
17.8750,50.5753,0.0135
17.9250,50.5753,0.0124
17.9750,50.5753,0.0134
18.0250,50.5753,0.0123
18.0750,50.5753,0.0123
18.1250,50.5753,0.0121
18.1750,50.5753,0.0110
18.2250,50.5753,0.0120
18.2750,50.5753,0.0109
18.3250,50.5753,0.0109
18.3750,50.5753,0.0108
18.4250,50.5753,0.0106
18.4750,50.5753,0.0108
18.5250,50.5753,0.0102
18.5750,50.5753,0.0102
18.6250,50.5753,0.0102
18.6750,50.5753,0.0102
18.7250,50.5753,0.0102
18.7750,50.5753,0.0096
18.8250,50.5753,0.0096
18.8750,50.5753,0.0096
18.9250,50.5753,0.0096
18.9750,50.5753,0.0096
19.0250,50.5753,0.0091
19.0750,50.5753,0.0091
19.1250,50.5753,0.0091
19.1750,50.5753,0.0091
19.2250,50.5753,0.0091
19.2750,50.5753,0.0092
19.3250,50.5753,0.0087
19.3750,50.5753,0.0087
19.4250,50.5753,0.0088
19.4750,50.5753,0.0086
19.5250,50.5753,0.0089
19.5750,50.5753,0.0084
19.6250,50.5753,0.0084
19.6750,50.5753,0.0085
19.7250,50.5753,0.0082
19.7750,50.5753,0.0086
19.8250,50.5753,0.0083
19.8750,50.5753,0.0083
19.9250,50.5753,0.0084
19.9750,50.5753,0.0081
20.0250,50.5753,0.0084
20.0750,50.5753,0.0082
20.1250,50.5753,0.0083
20.1750,50.5753,0.0082
20.2250,50.5753,0.0082
20.2750,50.5753,0.0083
20.3250,50.5753,0.0081
20.3750,50.5753,0.0082
20.4250,50.5753,0.0082
20.4750,50.5753,0.0082
20.5250,50.5753,0.0082
20.5750,50.5753,0.0080
20.6250,50.5753,0.0081
20.6750,50.5753,0.0081
20.7250,50.5753,0.0082
20.7750,50.5753,0.0082
20.8250,50.5753,0.0080
20.8750,50.5753,0.0081
20.9250,50.5753,0.0081
20.9750,50.5753,0.0081
21.0250,50.5753,0.0081
21.0750,50.5753,0.0079
21.1250,50.5753,0.0080
21.1750,50.5753,0.0080
21.2250,50.5753,0.0080
21.2750,50.5753,0.0078
21.3250,50.5753,0.0078
21.3750,50.5753,0.0078
21.4250,50.5753,0.0078
21.4750,50.5753,0.0078
21.5250,50.5753,0.0076
21.5750,50.5753,0.0076
21.6250,50.5753,0.0076
21.6750,50.5753,0.0076
21.7250,50.5753,0.0076
21.7750,50.5753,0.0074
21.8250,50.5753,0.0074
21.8750,50.5753,0.0074
21.9250,50.5753,0.0073
21.9750,50.5753,0.0072
22.0250,50.5753,0.0071
22.0750,50.5753,0.0071
22.1250,50.5753,0.0070
22.1750,50.5753,0.0068
22.2250,50.5753,0.0068
22.2750,50.5753,0.0068
22.3250,50.5753,0.0068
22.3750,50.5753,0.0067
22.4250,50.5753,0.0066
22.4750,50.5753,0.0066
22.5250,50.5753,0.0065
22.5750,50.5753,0.0065
22.6250,50.5753,0.0065
22.6750,50.5753,0.0064
22.7250,50.5753,0.0064
22.7750,50.5753,0.0063
22.8250,50.5753,0.0062
22.8750,50.5753,0.0063
22.9250,50.5753,0.0061
22.9750,50.5753,0.0061
23.0250,50.5753,0.0061
23.0750,50.5753,0.0059
23.1250,50.5753,0.0060
23.1750,50.5753,0.0058
23.2250,50.5753,0.0058
23.2750,50.5753,0.0058
23.3250,50.5753,0.0056
23.3750,50.5753,0.0056
23.4250,50.5753,0.0056
23.4750,50.5753,0.0056
23.5250,50.5753,0.0056
23.5750,50.5753,0.0054
23.6250,50.5753,0.0054
23.6750,50.5753,0.0055
23.7250,50.5753,0.0053
23.7750,50.5753,0.0056
23.8250,50.5753,0.0054
23.8750,50.5753,0.0054
23.9250,50.5753,0.0056
23.9750,50.5753,0.0054
24.0250,50.5753,0.0054
24.0750,50.5753,0.0056
24.1250,50.5753,0.0056
24.1750,50.5753,0.0059
14.1250,50.5253,0.0130
14.1750,50.5253,0.0116
14.2250,50.5253,0.0116
14.2750,50.5253,0.0107
14.3250,50.5253,0.0103
14.3750,50.5253,0.0101
14.4250,50.5253,0.0097
14.4750,50.5253,0.0097
14.5250,50.5253,0.0093
14.5750,50.5253,0.0090
14.6250,50.5253,0.0090
14.6750,50.5253,0.0087
14.7250,50.5253,0.0088
14.7750,50.5253,0.0086
14.8250,50.5253,0.0086
14.8750,50.5253,0.0086
14.9250,50.5253,0.0087
14.9750,50.5253,0.0087
15.0250,50.5253,0.0090
15.0750,50.5253,0.0092
15.1250,50.5253,0.0092
15.1750,50.5253,0.0095
15.2250,50.5253,0.0096
15.2750,50.5253,0.0099
15.3250,50.5253,0.0104
15.3750,50.5253,0.0103
15.4250,50.5253,0.0109
15.4750,50.5253,0.0115
15.5250,50.5253,0.0115
15.5750,50.5253,0.0123
15.6250,50.5253,0.0123
15.6750,50.5253,0.0132
15.7250,50.5253,0.0138
15.7750,50.5253,0.0138
15.8250,50.5253,0.0143
15.8750,50.5253,0.0143
15.9250,50.5253,0.0148
15.9750,50.5253,0.0152
16.0250,50.5253,0.0152
16.0750,50.5253,0.0156
16.1250,50.5253,0.0156
16.1750,50.5253,0.0160
16.2250,50.5253,0.0161
16.2750,50.5253,0.0162
16.3250,50.5253,0.0163
16.3750,50.5253,0.0165
16.4250,50.5253,0.0165
16.4750,50.5253,0.0166
16.5250,50.5253,0.0167
16.5750,50.5253,0.0166
16.6250,50.5253,0.0167
16.6750,50.5253,0.0167
16.7250,50.5253,0.0168
16.7750,50.5253,0.0168
16.8250,50.5253,0.0168
16.8750,50.5253,0.0167
16.9250,50.5253,0.0167
16.9750,50.5253,0.0168
17.0250,50.5253,0.0168
17.0750,50.5253,0.0169
17.1250,50.5253,0.0165
17.1750,50.5253,0.0166
17.2250,50.5253,0.0166
17.2750,50.5253,0.0166
17.3250,50.5253,0.0166
17.3750,50.5253,0.0160
17.4250,50.5253,0.0166
17.4750,50.5253,0.0159
17.5250,50.5253,0.0158
17.5750,50.5253,0.0159
17.6250,50.5253,0.0150
17.6750,50.5253,0.0158
17.7250,50.5253,0.0146
17.7750,50.5253,0.0145
17.8250,50.5253,0.0145
17.8750,50.5253,0.0144
17.9250,50.5253,0.0144
17.9750,50.5253,0.0134
18.0250,50.5253,0.0132
18.0750,50.5253,0.0132
18.1250,50.5253,0.0131
18.1750,50.5253,0.0131
18.2250,50.5253,0.0129
18.2750,50.5253,0.0118
18.3250,50.5253,0.0118
18.3750,50.5253,0.0116
18.4250,50.5253,0.0115
18.4750,50.5253,0.0115
18.5250,50.5253,0.0107
18.5750,50.5253,0.0108
18.6250,50.5253,0.0107
18.6750,50.5253,0.0103
18.7250,50.5253,0.0107
18.7750,50.5253,0.0102
18.8250,50.5253,0.0106
18.8750,50.5253,0.0102
18.9250,50.5253,0.0101
18.9750,50.5253,0.0102
19.0250,50.5253,0.0096
19.0750,50.5253,0.0101
19.1250,50.5253,0.0097
19.1750,50.5253,0.0098
19.2250,50.5253,0.0098
19.2750,50.5253,0.0092
19.3250,50.5253,0.0094
19.3750,50.5253,0.0093
19.4250,50.5253,0.0094
19.4750,50.5253,0.0094
19.5250,50.5253,0.0089
19.5750,50.5253,0.0090
19.6250,50.5253,0.0090
19.6750,50.5253,0.0091
19.7250,50.5253,0.0091
19.7750,50.5253,0.0092
19.8250,50.5253,0.0087
19.8750,50.5253,0.0087
19.9250,50.5253,0.0089
19.9750,50.5253,0.0089
20.0250,50.5253,0.0090
20.0750,50.5253,0.0085
20.1250,50.5253,0.0085
20.1750,50.5253,0.0087
20.2250,50.5253,0.0086
20.2750,50.5253,0.0088
20.3250,50.5253,0.0084
20.3750,50.5253,0.0084
20.4250,50.5253,0.0085
20.4750,50.5253,0.0083
20.5250,50.5253,0.0086
20.5750,50.5253,0.0083
20.6250,50.5253,0.0083
20.6750,50.5253,0.0084
20.7250,50.5253,0.0082
20.7750,50.5253,0.0085
20.8250,50.5253,0.0083
20.8750,50.5253,0.0083
20.9250,50.5253,0.0083
20.9750,50.5253,0.0081
21.0250,50.5253,0.0084
21.0750,50.5253,0.0082
21.1250,50.5253,0.0082
21.1750,50.5253,0.0082
21.2250,50.5253,0.0080
21.2750,50.5253,0.0082
21.3250,50.5253,0.0080
21.3750,50.5253,0.0080
21.4250,50.5253,0.0080
21.4750,50.5253,0.0078
21.5250,50.5253,0.0080
21.5750,50.5253,0.0078
21.6250,50.5253,0.0078
21.6750,50.5253,0.0078
21.7250,50.5253,0.0076
21.7750,50.5253,0.0076
21.8250,50.5253,0.0076
21.8750,50.5253,0.0075
21.9250,50.5253,0.0075
21.9750,50.5253,0.0073
22.0250,50.5253,0.0072
22.0750,50.5253,0.0072
22.1250,50.5253,0.0072
22.1750,50.5253,0.0072
22.2250,50.5253,0.0070
22.2750,50.5253,0.0069
22.3250,50.5253,0.0069
22.3750,50.5253,0.0069
22.4250,50.5253,0.0069
22.4750,50.5253,0.0067
22.5250,50.5253,0.0067
22.5750,50.5253,0.0067
22.6250,50.5253,0.0066
22.6750,50.5253,0.0065
22.7250,50.5253,0.0065
22.7750,50.5253,0.0065
22.8250,50.5253,0.0065
22.8750,50.5253,0.0063
22.9250,50.5253,0.0063
22.9750,50.5253,0.0063
23.0250,50.5253,0.0062
23.0750,50.5253,0.0062
23.1250,50.5253,0.0060
23.1750,50.5253,0.0061
23.2250,50.5253,0.0061
23.2750,50.5253,0.0060
23.3250,50.5253,0.0059
23.3750,50.5253,0.0058
23.4250,50.5253,0.0058
23.4750,50.5253,0.0058
23.5250,50.5253,0.0057
23.5750,50.5253,0.0057
23.6250,50.5253,0.0057
23.6750,50.5253,0.0058
23.7250,50.5253,0.0058
23.7750,50.5253,0.0056
23.8250,50.5253,0.0058
23.8750,50.5253,0.0058
23.9250,50.5253,0.0060
23.9750,50.5253,0.0058
24.0250,50.5253,0.0058
24.0750,50.5253,0.0061
24.1250,50.5253,0.0061
24.1750,50.5253,0.0059
14.1250,50.4753,0.0121
14.1750,50.4753,0.0110
14.2250,50.4753,0.0110
14.2750,50.4753,0.0104
14.3250,50.4753,0.0104
14.3750,50.4753,0.0100
14.4250,50.4753,0.0096
14.4750,50.4753,0.0096
14.5250,50.4753,0.0093
14.5750,50.4753,0.0093
14.6250,50.4753,0.0090
14.6750,50.4753,0.0088
14.7250,50.4753,0.0088
14.7750,50.4753,0.0087
14.8250,50.4753,0.0087
14.8750,50.4753,0.0087
14.9250,50.4753,0.0088
14.9750,50.4753,0.0088
15.0250,50.4753,0.0090
15.0750,50.4753,0.0091
15.1250,50.4753,0.0092
15.1750,50.4753,0.0095
15.2250,50.4753,0.0095
15.2750,50.4753,0.0099
15.3250,50.4753,0.0102
15.3750,50.4753,0.0103
15.4250,50.4753,0.0107
15.4750,50.4753,0.0107
15.5250,50.4753,0.0113
15.5750,50.4753,0.0122
15.6250,50.4753,0.0120
15.6750,50.4753,0.0130
15.7250,50.4753,0.0128
15.7750,50.4753,0.0136
15.8250,50.4753,0.0142
15.8750,50.4753,0.0142
15.9250,50.4753,0.0148
15.9750,50.4753,0.0146
16.0250,50.4753,0.0152
16.0750,50.4753,0.0156
16.1250,50.4753,0.0156
16.1750,50.4753,0.0160
16.2250,50.4753,0.0160
16.2750,50.4753,0.0162
16.3250,50.4753,0.0164
16.3750,50.4753,0.0164
16.4250,50.4753,0.0166
16.4750,50.4753,0.0167
16.5250,50.4753,0.0168
16.5750,50.4753,0.0168
16.6250,50.4753,0.0168
16.6750,50.4753,0.0169
16.7250,50.4753,0.0170
16.7750,50.4753,0.0170
16.8250,50.4753,0.0169
16.8750,50.4753,0.0171
16.9250,50.4753,0.0170
16.9750,50.4753,0.0171
17.0250,50.4753,0.0171
17.0750,50.4753,0.0171
17.1250,50.4753,0.0172
17.1750,50.4753,0.0169
17.2250,50.4753,0.0170
17.2750,50.4753,0.0170
17.3250,50.4753,0.0170
17.3750,50.4753,0.0169
17.4250,50.4753,0.0166
17.4750,50.4753,0.0166
17.5250,50.4753,0.0166
17.5750,50.4753,0.0165
17.6250,50.4753,0.0159
17.6750,50.4753,0.0165
17.7250,50.4753,0.0157
17.7750,50.4753,0.0157
17.8250,50.4753,0.0156
17.8750,50.4753,0.0145
17.9250,50.4753,0.0155
17.9750,50.4753,0.0143
18.0250,50.4753,0.0151
18.0750,50.4753,0.0141
18.1250,50.4753,0.0140
18.1750,50.4753,0.0140
18.2250,50.4753,0.0129
18.2750,50.4753,0.0131
18.3250,50.4753,0.0127
18.3750,50.4753,0.0126
18.4250,50.4753,0.0126
18.4750,50.4753,0.0117
18.5250,50.4753,0.0114
18.5750,50.4753,0.0114
18.6250,50.4753,0.0114
18.6750,50.4753,0.0114
18.7250,50.4753,0.0114
18.7750,50.4753,0.0107
18.8250,50.4753,0.0107
18.8750,50.4753,0.0107
18.9250,50.4753,0.0107
18.9750,50.4753,0.0107
19.0250,50.4753,0.0102
19.0750,50.4753,0.0103
19.1250,50.4753,0.0103
19.1750,50.4753,0.0103
19.2250,50.4753,0.0104
19.2750,50.4753,0.0098
19.3250,50.4753,0.0103
19.3750,50.4753,0.0099
19.4250,50.4753,0.0099
19.4750,50.4753,0.0100
19.5250,50.4753,0.0095
19.5750,50.4753,0.0101
19.6250,50.4753,0.0096
19.6750,50.4753,0.0097
19.7250,50.4753,0.0097
19.7750,50.4753,0.0093
19.8250,50.4753,0.0099
19.8750,50.4753,0.0094
19.9250,50.4753,0.0095
19.9750,50.4753,0.0095
20.0250,50.4753,0.0090
20.0750,50.4753,0.0094
20.1250,50.4753,0.0092
20.1750,50.4753,0.0093
20.2250,50.4753,0.0093
20.2750,50.4753,0.0088
20.3250,50.4753,0.0090
20.3750,50.4753,0.0090
20.4250,50.4753,0.0091
20.4750,50.4753,0.0091
20.5250,50.4753,0.0089
20.5750,50.4753,0.0087
20.6250,50.4753,0.0087
20.6750,50.4753,0.0089
20.7250,50.4753,0.0089
20.7750,50.4753,0.0089
20.8250,50.4753,0.0086
20.8750,50.4753,0.0086
20.9250,50.4753,0.0087
20.9750,50.4753,0.0086
21.0250,50.4753,0.0088
21.0750,50.4753,0.0085
21.1250,50.4753,0.0085
21.1750,50.4753,0.0085
21.2250,50.4753,0.0082
21.2750,50.4753,0.0085
21.3250,50.4753,0.0083
21.3750,50.4753,0.0083
21.4250,50.4753,0.0083
21.4750,50.4753,0.0080
21.5250,50.4753,0.0082
21.5750,50.4753,0.0080
21.6250,50.4753,0.0080
21.6750,50.4753,0.0080
21.7250,50.4753,0.0078
21.7750,50.4753,0.0079
21.8250,50.4753,0.0078
21.8750,50.4753,0.0077
21.9250,50.4753,0.0077
21.9750,50.4753,0.0075
22.0250,50.4753,0.0075
22.0750,50.4753,0.0074
22.1250,50.4753,0.0072
22.1750,50.4753,0.0074
22.2250,50.4753,0.0072
22.2750,50.4753,0.0072
22.3250,50.4753,0.0071
22.3750,50.4753,0.0069
22.4250,50.4753,0.0071
22.4750,50.4753,0.0069
22.5250,50.4753,0.0069
22.5750,50.4753,0.0069
22.6250,50.4753,0.0066
22.6750,50.4753,0.0068
22.7250,50.4753,0.0066
22.7750,50.4753,0.0066
22.8250,50.4753,0.0066
22.8750,50.4753,0.0064
22.9250,50.4753,0.0066
22.9750,50.4753,0.0064
23.0250,50.4753,0.0064
23.0750,50.4753,0.0064
23.1250,50.4753,0.0062
23.1750,50.4753,0.0062
23.2250,50.4753,0.0062
23.2750,50.4753,0.0061
23.3250,50.4753,0.0062
23.3750,50.4753,0.0060
23.4250,50.4753,0.0061
23.4750,50.4753,0.0061
23.5250,50.4753,0.0059
23.5750,50.4753,0.0061
23.6250,50.4753,0.0060
23.6750,50.4753,0.0061
23.7250,50.4753,0.0061
23.7750,50.4753,0.0060
23.8250,50.4753,0.0061
23.8750,50.4753,0.0061
23.9250,50.4753,0.0060
23.9750,50.4753,0.0064
24.0250,50.4753,0.0062
24.0750,50.4753,0.0065
24.1250,50.4753,0.0065
24.1750,50.4753,0.0064
14.1250,50.4253,0.0114
14.1750,50.4253,0.0114
14.2250,50.4253,0.0107
14.2750,50.4253,0.0107
14.3250,50.4253,0.0102
14.3750,50.4253,0.0099
14.4250,50.4253,0.0098
14.4750,50.4253,0.0095
14.5250,50.4253,0.0092
14.5750,50.4253,0.0092
14.6250,50.4253,0.0090
14.6750,50.4253,0.0090
14.7250,50.4253,0.0088
14.7750,50.4253,0.0088
14.8250,50.4253,0.0088
14.8750,50.4253,0.0088
14.9250,50.4253,0.0088
14.9750,50.4253,0.0089
15.0250,50.4253,0.0090
15.0750,50.4253,0.0091
15.1250,50.4253,0.0093
15.1750,50.4253,0.0093
15.2250,50.4253,0.0096
15.2750,50.4253,0.0099
15.3250,50.4253,0.0099
15.3750,50.4253,0.0103
15.4250,50.4253,0.0106
15.4750,50.4253,0.0106
15.5250,50.4253,0.0111
15.5750,50.4253,0.0111
15.6250,50.4253,0.0117
15.6750,50.4253,0.0127
15.7250,50.4253,0.0127
15.7750,50.4253,0.0134
15.8250,50.4253,0.0134
15.8750,50.4253,0.0139
15.9250,50.4253,0.0146
15.9750,50.4253,0.0144
16.0250,50.4253,0.0151
16.0750,50.4253,0.0151
16.1250,50.4253,0.0156
16.1750,50.4253,0.0160
16.2250,50.4253,0.0159
16.2750,50.4253,0.0162
16.3250,50.4253,0.0164
16.3750,50.4253,0.0165
16.4250,50.4253,0.0167
16.4750,50.4253,0.0167
16.5250,50.4253,0.0168
16.5750,50.4253,0.0169
16.6250,50.4253,0.0169
16.6750,50.4253,0.0170
16.7250,50.4253,0.0170
16.7750,50.4253,0.0171
16.8250,50.4253,0.0171
16.8750,50.4253,0.0171
16.9250,50.4253,0.0172
16.9750,50.4253,0.0172
17.0250,50.4253,0.0173
17.0750,50.4253,0.0172
17.1250,50.4253,0.0174
17.1750,50.4253,0.0172
17.2250,50.4253,0.0173
17.2750,50.4253,0.0173
17.3250,50.4253,0.0172
17.3750,50.4253,0.0173
17.4250,50.4253,0.0170
17.4750,50.4253,0.0170
17.5250,50.4253,0.0170
17.5750,50.4253,0.0171
17.6250,50.4253,0.0171
17.6750,50.4253,0.0165
17.7250,50.4253,0.0165
17.7750,50.4253,0.0165
17.8250,50.4253,0.0165
17.8750,50.4253,0.0165
17.9250,50.4253,0.0165
17.9750,50.4253,0.0154
18.0250,50.4253,0.0154
18.0750,50.4253,0.0152
18.1250,50.4253,0.0152
18.1750,50.4253,0.0150
18.2250,50.4253,0.0138
18.2750,50.4253,0.0144
18.3250,50.4253,0.0137
18.3750,50.4253,0.0137
18.4250,50.4253,0.0136
18.4750,50.4253,0.0125
18.5250,50.4253,0.0135
18.5750,50.4253,0.0124
18.6250,50.4253,0.0124
18.6750,50.4253,0.0124
18.7250,50.4253,0.0114
18.7750,50.4253,0.0124
18.8250,50.4253,0.0114
18.8750,50.4253,0.0114
18.9250,50.4253,0.0114
18.9750,50.4253,0.0114
19.0250,50.4253,0.0115
19.0750,50.4253,0.0108
19.1250,50.4253,0.0109
19.1750,50.4253,0.0109
19.2250,50.4253,0.0109
19.2750,50.4253,0.0106
19.3250,50.4253,0.0104
19.3750,50.4253,0.0105
19.4250,50.4253,0.0105
19.4750,50.4253,0.0106
19.5250,50.4253,0.0101
19.5750,50.4253,0.0101
19.6250,50.4253,0.0102
19.6750,50.4253,0.0102
19.7250,50.4253,0.0103
19.7750,50.4253,0.0099
19.8250,50.4253,0.0102
19.8750,50.4253,0.0100
19.9250,50.4253,0.0100
19.9750,50.4253,0.0101
20.0250,50.4253,0.0097
20.0750,50.4253,0.0102
20.1250,50.4253,0.0098
20.1750,50.4253,0.0098
20.2250,50.4253,0.0099
20.2750,50.4253,0.0094
20.3250,50.4253,0.0100
20.3750,50.4253,0.0096
20.4250,50.4253,0.0097
20.4750,50.4253,0.0097
20.5250,50.4253,0.0092
20.5750,50.4253,0.0098
20.6250,50.4253,0.0093
20.6750,50.4253,0.0095
20.7250,50.4253,0.0095
20.7750,50.4253,0.0090
20.8250,50.4253,0.0092
20.8750,50.4253,0.0091
20.9250,50.4253,0.0092
20.9750,50.4253,0.0092
21.0250,50.4253,0.0088
21.0750,50.4253,0.0089
21.1250,50.4253,0.0089
21.1750,50.4253,0.0089
21.2250,50.4253,0.0089
21.2750,50.4253,0.0085
21.3250,50.4253,0.0085
21.3750,50.4253,0.0085
21.4250,50.4253,0.0085
21.4750,50.4253,0.0085
21.5250,50.4253,0.0083
21.5750,50.4253,0.0083
21.6250,50.4253,0.0083
21.6750,50.4253,0.0083
21.7250,50.4253,0.0081
21.7750,50.4253,0.0080
21.8250,50.4253,0.0080
21.8750,50.4253,0.0080
21.9250,50.4253,0.0080
21.9750,50.4253,0.0077
22.0250,50.4253,0.0077
22.0750,50.4253,0.0077
22.1250,50.4253,0.0077
22.1750,50.4253,0.0076
22.2250,50.4253,0.0074
22.2750,50.4253,0.0074
22.3250,50.4253,0.0073
22.3750,50.4253,0.0073
22.4250,50.4253,0.0073
22.4750,50.4253,0.0071
22.5250,50.4253,0.0071
22.5750,50.4253,0.0071
22.6250,50.4253,0.0069
22.6750,50.4253,0.0069
22.7250,50.4253,0.0069
22.7750,50.4253,0.0069
22.8250,50.4253,0.0069
22.8750,50.4253,0.0066
22.9250,50.4253,0.0066
22.9750,50.4253,0.0067
23.0250,50.4253,0.0066
23.0750,50.4253,0.0067
23.1250,50.4253,0.0064
23.1750,50.4253,0.0064
23.2250,50.4253,0.0064
23.2750,50.4253,0.0062
23.3250,50.4253,0.0064
23.3750,50.4253,0.0063
23.4250,50.4253,0.0063
23.4750,50.4253,0.0063
23.5250,50.4253,0.0062
23.5750,50.4253,0.0062
23.6250,50.4253,0.0063
23.6750,50.4253,0.0062
23.7250,50.4253,0.0064
23.7750,50.4253,0.0063
23.8250,50.4253,0.0063
23.8750,50.4253,0.0065
23.9250,50.4253,0.0064
23.9750,50.4253,0.0069
24.0250,50.4253,0.0067
24.0750,50.4253,0.0067
24.1250,50.4253,0.0072
24.1750,50.4253,0.0070
14.1250,50.3753,0.0113
14.1750,50.3753,0.0110
14.2250,50.3753,0.0105
14.2750,50.3753,0.0105
14.3250,50.3753,0.0101
14.3750,50.3753,0.0101
14.4250,50.3753,0.0098
14.4750,50.3753,0.0095
14.5250,50.3753,0.0095
14.5750,50.3753,0.0092
14.6250,50.3753,0.0092
14.6750,50.3753,0.0090
14.7250,50.3753,0.0089
14.7750,50.3753,0.0089
14.8250,50.3753,0.0088
14.8750,50.3753,0.0089
14.9250,50.3753,0.0089
14.9750,50.3753,0.0090
15.0250,50.3753,0.0090
15.0750,50.3753,0.0091
15.1250,50.3753,0.0093
15.1750,50.3753,0.0093
15.2250,50.3753,0.0096
15.2750,50.3753,0.0096
15.3250,50.3753,0.0099
15.3750,50.3753,0.0102
15.4250,50.3753,0.0102
15.4750,50.3753,0.0106
15.5250,50.3753,0.0106
15.5750,50.3753,0.0109
15.6250,50.3753,0.0117
15.6750,50.3753,0.0114
15.7250,50.3753,0.0124
15.7750,50.3753,0.0130
15.8250,50.3753,0.0130
15.8750,50.3753,0.0136
15.9250,50.3753,0.0136
15.9750,50.3753,0.0144
16.0250,50.3753,0.0149
16.0750,50.3753,0.0149
16.1250,50.3753,0.0154
16.1750,50.3753,0.0154
16.2250,50.3753,0.0158
16.2750,50.3753,0.0162
16.3250,50.3753,0.0162
16.3750,50.3753,0.0165
16.4250,50.3753,0.0165
16.4750,50.3753,0.0167
16.5250,50.3753,0.0168
16.5750,50.3753,0.0168
16.6250,50.3753,0.0170
16.6750,50.3753,0.0171
16.7250,50.3753,0.0171
16.7750,50.3753,0.0172
16.8250,50.3753,0.0172
16.8750,50.3753,0.0172
16.9250,50.3753,0.0173
16.9750,50.3753,0.0173
17.0250,50.3753,0.0174
17.0750,50.3753,0.0174
17.1250,50.3753,0.0174
17.1750,50.3753,0.0174
17.2250,50.3753,0.0174
17.2750,50.3753,0.0175
17.3250,50.3753,0.0175
17.3750,50.3753,0.0176
17.4250,50.3753,0.0174
17.4750,50.3753,0.0174
17.5250,50.3753,0.0175
17.5750,50.3753,0.0174
17.6250,50.3753,0.0175
17.6750,50.3753,0.0171
17.7250,50.3753,0.0176
17.7750,50.3753,0.0172
17.8250,50.3753,0.0172
17.8750,50.3753,0.0172
17.9250,50.3753,0.0165
17.9750,50.3753,0.0172
18.0250,50.3753,0.0164
18.0750,50.3753,0.0163
18.1250,50.3753,0.0163
18.1750,50.3753,0.0161
18.2250,50.3753,0.0161
18.2750,50.3753,0.0148
18.3250,50.3753,0.0145
18.3750,50.3753,0.0145
18.4250,50.3753,0.0144
18.4750,50.3753,0.0136
18.5250,50.3753,0.0135
18.5750,50.3753,0.0134
18.6250,50.3753,0.0134
18.6750,50.3753,0.0134
18.7250,50.3753,0.0124
18.7750,50.3753,0.0133
18.8250,50.3753,0.0124
18.8750,50.3753,0.0124
18.9250,50.3753,0.0124
18.9750,50.3753,0.0115
19.0250,50.3753,0.0124
19.0750,50.3753,0.0115
19.1250,50.3753,0.0116
19.1750,50.3753,0.0116
19.2250,50.3753,0.0109
19.2750,50.3753,0.0117
19.3250,50.3753,0.0110
19.3750,50.3753,0.0110
19.4250,50.3753,0.0110
19.4750,50.3753,0.0110
19.5250,50.3753,0.0111
19.5750,50.3753,0.0107
19.6250,50.3753,0.0108
19.6750,50.3753,0.0108
19.7250,50.3753,0.0109
19.7750,50.3753,0.0109
19.8250,50.3753,0.0104
19.8750,50.3753,0.0106
19.9250,50.3753,0.0106
19.9750,50.3753,0.0107
20.0250,50.3753,0.0106
20.0750,50.3753,0.0103
20.1250,50.3753,0.0104
20.1750,50.3753,0.0104
20.2250,50.3753,0.0105
20.2750,50.3753,0.0101
20.3250,50.3753,0.0101
20.3750,50.3753,0.0102
20.4250,50.3753,0.0102
20.4750,50.3753,0.0103
20.5250,50.3753,0.0098
20.5750,50.3753,0.0099
20.6250,50.3753,0.0099
20.6750,50.3753,0.0099
20.7250,50.3753,0.0100
20.7750,50.3753,0.0096
20.8250,50.3753,0.0097
20.8750,50.3753,0.0097
20.9250,50.3753,0.0096
20.9750,50.3753,0.0097
21.0250,50.3753,0.0093
21.0750,50.3753,0.0095
21.1250,50.3753,0.0094
21.1750,50.3753,0.0092
21.2250,50.3753,0.0094
21.2750,50.3753,0.0090
21.3250,50.3753,0.0092
21.3750,50.3753,0.0090
21.4250,50.3753,0.0087
21.4750,50.3753,0.0090
21.5250,50.3753,0.0086
21.5750,50.3753,0.0086
21.6250,50.3753,0.0086
21.6750,50.3753,0.0083
21.7250,50.3753,0.0086
21.7750,50.3753,0.0083
21.8250,50.3753,0.0083
21.8750,50.3753,0.0083
21.9250,50.3753,0.0080
21.9750,50.3753,0.0083
22.0250,50.3753,0.0080
22.0750,50.3753,0.0079
22.1250,50.3753,0.0079
22.1750,50.3753,0.0076
22.2250,50.3753,0.0077
22.2750,50.3753,0.0076
22.3250,50.3753,0.0076
22.3750,50.3753,0.0076
22.4250,50.3753,0.0073
22.4750,50.3753,0.0074
22.5250,50.3753,0.0074
22.5750,50.3753,0.0074
22.6250,50.3753,0.0074
22.6750,50.3753,0.0071
22.7250,50.3753,0.0072
22.7750,50.3753,0.0072
22.8250,50.3753,0.0072
22.8750,50.3753,0.0070
22.9250,50.3753,0.0069
22.9750,50.3753,0.0070
23.0250,50.3753,0.0070
23.0750,50.3753,0.0067
23.1250,50.3753,0.0067
23.1750,50.3753,0.0067
23.2250,50.3753,0.0067
23.2750,50.3753,0.0067
23.3250,50.3753,0.0064
23.3750,50.3753,0.0065
23.4250,50.3753,0.0065
23.4750,50.3753,0.0066
23.5250,50.3753,0.0065
23.5750,50.3753,0.0064
23.6250,50.3753,0.0066
23.6750,50.3753,0.0066
23.7250,50.3753,0.0068
23.7750,50.3753,0.0067
23.8250,50.3753,0.0067
23.8750,50.3753,0.0071
23.9250,50.3753,0.0071
23.9750,50.3753,0.0069
24.0250,50.3753,0.0074
24.0750,50.3753,0.0074
24.1250,50.3753,0.0078
24.1750,50.3753,0.0077
14.1250,50.3253,0.0112
14.1750,50.3253,0.0108
14.2250,50.3253,0.0108
14.2750,50.3253,0.0103
14.3250,50.3253,0.0101
14.3750,50.3253,0.0099
14.4250,50.3253,0.0097
14.4750,50.3253,0.0095
14.5250,50.3253,0.0094
14.5750,50.3253,0.0092
14.6250,50.3253,0.0092
14.6750,50.3253,0.0091
14.7250,50.3253,0.0090
14.7750,50.3253,0.0089
14.8250,50.3253,0.0090
14.8750,50.3253,0.0090
14.9250,50.3253,0.0090
14.9750,50.3253,0.0090
15.0250,50.3253,0.0091
15.0750,50.3253,0.0092
15.1250,50.3253,0.0092
15.1750,50.3253,0.0094
15.2250,50.3253,0.0096
15.2750,50.3253,0.0096
15.3250,50.3253,0.0099
15.3750,50.3253,0.0098
15.4250,50.3253,0.0102
15.4750,50.3253,0.0105
15.5250,50.3253,0.0105
15.5750,50.3253,0.0108
15.6250,50.3253,0.0109
15.6750,50.3253,0.0112
15.7250,50.3253,0.0120
15.7750,50.3253,0.0120
15.8250,50.3253,0.0127
15.8750,50.3253,0.0133
15.9250,50.3253,0.0132
15.9750,50.3253,0.0141
16.0250,50.3253,0.0138
16.0750,50.3253,0.0145
16.1250,50.3253,0.0151
16.1750,50.3253,0.0151
16.2250,50.3253,0.0158
16.2750,50.3253,0.0155
16.3250,50.3253,0.0161
16.3750,50.3253,0.0163
16.4250,50.3253,0.0163
16.4750,50.3253,0.0165
16.5250,50.3253,0.0166
16.5750,50.3253,0.0168
16.6250,50.3253,0.0170
16.6750,50.3253,0.0170
16.7250,50.3253,0.0171
16.7750,50.3253,0.0172
16.8250,50.3253,0.0173
16.8750,50.3253,0.0173
16.9250,50.3253,0.0173
16.9750,50.3253,0.0174
17.0250,50.3253,0.0175
17.0750,50.3253,0.0175
17.1250,50.3253,0.0175
17.1750,50.3253,0.0176
17.2250,50.3253,0.0176
17.2750,50.3253,0.0177
17.3250,50.3253,0.0177
17.3750,50.3253,0.0176
17.4250,50.3253,0.0177
17.4750,50.3253,0.0177
17.5250,50.3253,0.0178
17.5750,50.3253,0.0178
17.6250,50.3253,0.0178
17.6750,50.3253,0.0176
17.7250,50.3253,0.0176
17.7750,50.3253,0.0176
17.8250,50.3253,0.0176
17.8750,50.3253,0.0177
17.9250,50.3253,0.0172
17.9750,50.3253,0.0177
18.0250,50.3253,0.0172
18.0750,50.3253,0.0172
18.1250,50.3253,0.0171
18.1750,50.3253,0.0161
18.2250,50.3253,0.0171
18.2750,50.3253,0.0160
18.3250,50.3253,0.0159
18.3750,50.3253,0.0159
18.4250,50.3253,0.0153
18.4750,50.3253,0.0158
18.5250,50.3253,0.0143
18.5750,50.3253,0.0143
18.6250,50.3253,0.0143
18.6750,50.3253,0.0143
18.7250,50.3253,0.0143
18.7750,50.3253,0.0133
18.8250,50.3253,0.0133
18.8750,50.3253,0.0133
18.9250,50.3253,0.0133
18.9750,50.3253,0.0133
19.0250,50.3253,0.0127
19.0750,50.3253,0.0125
19.1250,50.3253,0.0125
19.1750,50.3253,0.0126
19.2250,50.3253,0.0125
19.2750,50.3253,0.0127
19.3250,50.3253,0.0118
19.3750,50.3253,0.0118
19.4250,50.3253,0.0120
19.4750,50.3253,0.0112
19.5250,50.3253,0.0121
19.5750,50.3253,0.0113
19.6250,50.3253,0.0114
19.6750,50.3253,0.0115
19.7250,50.3253,0.0109
19.7750,50.3253,0.0117
19.8250,50.3253,0.0110
19.8750,50.3253,0.0112
19.9250,50.3253,0.0111
19.9750,50.3253,0.0109
20.0250,50.3253,0.0114
20.0750,50.3253,0.0108
20.1250,50.3253,0.0110
20.1750,50.3253,0.0110
20.2250,50.3253,0.0110
20.2750,50.3253,0.0111
20.3250,50.3253,0.0106
20.3750,50.3253,0.0107
20.4250,50.3253,0.0107
20.4750,50.3253,0.0108
20.5250,50.3253,0.0108
20.5750,50.3253,0.0104
20.6250,50.3253,0.0105
20.6750,50.3253,0.0105
20.7250,50.3253,0.0106
20.7750,50.3253,0.0102
20.8250,50.3253,0.0101
20.8750,50.3253,0.0102
20.9250,50.3253,0.0102
20.9750,50.3253,0.0103
21.0250,50.3253,0.0098
21.0750,50.3253,0.0098
21.1250,50.3253,0.0099
21.1750,50.3253,0.0099
21.2250,50.3253,0.0100
21.2750,50.3253,0.0095
21.3250,50.3253,0.0095
21.3750,50.3253,0.0095
21.4250,50.3253,0.0095
21.4750,50.3253,0.0096
21.5250,50.3253,0.0091
21.5750,50.3253,0.0091
21.6250,50.3253,0.0091
21.6750,50.3253,0.0086
21.7250,50.3253,0.0091
21.7750,50.3253,0.0086
21.8250,50.3253,0.0086
21.8750,50.3253,0.0086
21.9250,50.3253,0.0083
21.9750,50.3253,0.0086
22.0250,50.3253,0.0083
22.0750,50.3253,0.0083
22.1250,50.3253,0.0083
22.1750,50.3253,0.0079
22.2250,50.3253,0.0082
22.2750,50.3253,0.0079
22.3250,50.3253,0.0078
22.3750,50.3253,0.0079
22.4250,50.3253,0.0076
22.4750,50.3253,0.0077
22.5250,50.3253,0.0076
22.5750,50.3253,0.0074
22.6250,50.3253,0.0076
22.6750,50.3253,0.0074
22.7250,50.3253,0.0074
22.7750,50.3253,0.0074
22.8250,50.3253,0.0072
22.8750,50.3253,0.0075
22.9250,50.3253,0.0072
22.9750,50.3253,0.0073
23.0250,50.3253,0.0073
23.0750,50.3253,0.0070
23.1250,50.3253,0.0073
23.1750,50.3253,0.0071
23.2250,50.3253,0.0071
23.2750,50.3253,0.0072
23.3250,50.3253,0.0069
23.3750,50.3253,0.0070
23.4250,50.3253,0.0070
23.4750,50.3253,0.0067
23.5250,50.3253,0.0071
23.5750,50.3253,0.0068
23.6250,50.3253,0.0071
23.6750,50.3253,0.0071
23.7250,50.3253,0.0068
23.7750,50.3253,0.0074
23.8250,50.3253,0.0072
23.8750,50.3253,0.0076
23.9250,50.3253,0.0076
23.9750,50.3253,0.0075
24.0250,50.3253,0.0079
24.0750,50.3253,0.0079
24.1250,50.3253,0.0079
24.1750,50.3253,0.0084
14.1250,50.2753,0.0110
14.1750,50.2753,0.0105
14.2250,50.2753,0.0105
14.2750,50.2753,0.0101
14.3250,50.2753,0.0101
14.3750,50.2753,0.0098
14.4250,50.2753,0.0096
14.4750,50.2753,0.0096
14.5250,50.2753,0.0093
14.5750,50.2753,0.0093
14.6250,50.2753,0.0092
14.6750,50.2753,0.0091
14.7250,50.2753,0.0091
14.7750,50.2753,0.0090
14.8250,50.2753,0.0090
14.8750,50.2753,0.0090
14.9250,50.2753,0.0091
14.9750,50.2753,0.0091
15.0250,50.2753,0.0091
15.0750,50.2753,0.0092
15.1250,50.2753,0.0092
15.1750,50.2753,0.0094
15.2250,50.2753,0.0094
15.2750,50.2753,0.0096
15.3250,50.2753,0.0098
15.3750,50.2753,0.0098
15.4250,50.2753,0.0101
15.4750,50.2753,0.0101
15.5250,50.2753,0.0104
15.5750,50.2753,0.0107
15.6250,50.2753,0.0106
15.6750,50.2753,0.0111
15.7250,50.2753,0.0115
15.7750,50.2753,0.0117
15.8250,50.2753,0.0123
15.8750,50.2753,0.0123
15.9250,50.2753,0.0128
15.9750,50.2753,0.0137
16.0250,50.2753,0.0138
16.0750,50.2753,0.0142
16.1250,50.2753,0.0142
16.1750,50.2753,0.0146
16.2250,50.2753,0.0155
16.2750,50.2753,0.0151
16.3250,50.2753,0.0159
16.3750,50.2753,0.0159
16.4250,50.2753,0.0161
16.4750,50.2753,0.0165
16.5250,50.2753,0.0164
16.5750,50.2753,0.0167
16.6250,50.2753,0.0169
16.6750,50.2753,0.0169
16.7250,50.2753,0.0171
16.7750,50.2753,0.0171
16.8250,50.2753,0.0173
16.8750,50.2753,0.0174
16.9250,50.2753,0.0174
16.9750,50.2753,0.0175
17.0250,50.2753,0.0175
17.0750,50.2753,0.0176
17.1250,50.2753,0.0176
17.1750,50.2753,0.0176
17.2250,50.2753,0.0177
17.2750,50.2753,0.0177
17.3250,50.2753,0.0179
17.3750,50.2753,0.0178
17.4250,50.2753,0.0179
17.4750,50.2753,0.0179
17.5250,50.2753,0.0180
17.5750,50.2753,0.0180
17.6250,50.2753,0.0179
17.6750,50.2753,0.0181
17.7250,50.2753,0.0179
17.7750,50.2753,0.0180
17.8250,50.2753,0.0180
17.8750,50.2753,0.0181
17.9250,50.2753,0.0181
17.9750,50.2753,0.0177
18.0250,50.2753,0.0178
18.0750,50.2753,0.0178
18.1250,50.2753,0.0178
18.1750,50.2753,0.0178
18.2250,50.2753,0.0178
18.2750,50.2753,0.0171
18.3250,50.2753,0.0171
18.3750,50.2753,0.0170
18.4250,50.2753,0.0168
18.4750,50.2753,0.0170
18.5250,50.2753,0.0157
18.5750,50.2753,0.0158
18.6250,50.2753,0.0157
18.6750,50.2753,0.0146
18.7250,50.2753,0.0156
18.7750,50.2753,0.0142
18.8250,50.2753,0.0152
18.8750,50.2753,0.0142
18.9250,50.2753,0.0142
18.9750,50.2753,0.0142
19.0250,50.2753,0.0134
19.0750,50.2753,0.0137
19.1250,50.2753,0.0134
19.1750,50.2753,0.0135
19.2250,50.2753,0.0135
19.2750,50.2753,0.0127
19.3250,50.2753,0.0128
19.3750,50.2753,0.0128
19.4250,50.2753,0.0129
19.4750,50.2753,0.0129
19.5250,50.2753,0.0123
19.5750,50.2753,0.0123
19.6250,50.2753,0.0123
19.6750,50.2753,0.0125
19.7250,50.2753,0.0125
19.7750,50.2753,0.0127
19.8250,50.2753,0.0119
19.8750,50.2753,0.0119
19.9250,50.2753,0.0121
19.9750,50.2753,0.0120
20.0250,50.2753,0.0123
20.0750,50.2753,0.0116
20.1250,50.2753,0.0116
20.1750,50.2753,0.0118
20.2250,50.2753,0.0111
20.2750,50.2753,0.0120
20.3250,50.2753,0.0112
20.3750,50.2753,0.0112
20.4250,50.2753,0.0114
20.4750,50.2753,0.0109
20.5250,50.2753,0.0116
20.5750,50.2753,0.0109
20.6250,50.2753,0.0110
20.6750,50.2753,0.0110
20.7250,50.2753,0.0106
20.7750,50.2753,0.0111
20.8250,50.2753,0.0107
20.8750,50.2753,0.0107
20.9250,50.2753,0.0107
20.9750,50.2753,0.0103
21.0250,50.2753,0.0108
21.0750,50.2753,0.0104
21.1250,50.2753,0.0105
21.1750,50.2753,0.0105
21.2250,50.2753,0.0100
21.2750,50.2753,0.0103
21.3250,50.2753,0.0100
21.3750,50.2753,0.0101
21.4250,50.2753,0.0101
21.4750,50.2753,0.0096
21.5250,50.2753,0.0096
21.5750,50.2753,0.0096
21.6250,50.2753,0.0097
21.6750,50.2753,0.0097
21.7250,50.2753,0.0091
21.7750,50.2753,0.0092
21.8250,50.2753,0.0092
21.8750,50.2753,0.0092
21.9250,50.2753,0.0091
21.9750,50.2753,0.0086
22.0250,50.2753,0.0086
22.0750,50.2753,0.0086
22.1250,50.2753,0.0086
22.1750,50.2753,0.0082
22.2250,50.2753,0.0082
22.2750,50.2753,0.0082
22.3250,50.2753,0.0082
22.3750,50.2753,0.0082
22.4250,50.2753,0.0079
22.4750,50.2753,0.0079
22.5250,50.2753,0.0079
22.5750,50.2753,0.0079
22.6250,50.2753,0.0079
22.6750,50.2753,0.0076
22.7250,50.2753,0.0076
22.7750,50.2753,0.0077
22.8250,50.2753,0.0075
22.8750,50.2753,0.0076
22.9250,50.2753,0.0075
22.9750,50.2753,0.0075
23.0250,50.2753,0.0075
23.0750,50.2753,0.0073
23.1250,50.2753,0.0073
23.1750,50.2753,0.0074
23.2250,50.2753,0.0074
23.2750,50.2753,0.0075
23.3250,50.2753,0.0073
23.3750,50.2753,0.0073
23.4250,50.2753,0.0074
23.4750,50.2753,0.0071
23.5250,50.2753,0.0076
23.5750,50.2753,0.0073
23.6250,50.2753,0.0073
23.6750,50.2753,0.0076
23.7250,50.2753,0.0074
23.7750,50.2753,0.0074
23.8250,50.2753,0.0077
23.8750,50.2753,0.0077
23.9250,50.2753,0.0081
23.9750,50.2753,0.0080
24.0250,50.2753,0.0080
24.0750,50.2753,0.0084
24.1250,50.2753,0.0084
24.1750,50.2753,0.0090
14.1250,50.2253,0.0108
14.1750,50.2253,0.0107
14.2250,50.2253,0.0103
14.2750,50.2253,0.0101
14.3250,50.2253,0.0100
14.3750,50.2253,0.0098
14.4250,50.2253,0.0097
14.4750,50.2253,0.0095
14.5250,50.2253,0.0093
14.5750,50.2253,0.0093
14.6250,50.2253,0.0092
14.6750,50.2253,0.0092
14.7250,50.2253,0.0091
14.7750,50.2253,0.0090
14.8250,50.2253,0.0090
14.8750,50.2253,0.0090
14.9250,50.2253,0.0090
14.9750,50.2253,0.0091
15.0250,50.2253,0.0091
15.0750,50.2253,0.0092
15.1250,50.2253,0.0093
15.1750,50.2253,0.0094
15.2250,50.2253,0.0094
15.2750,50.2253,0.0096
15.3250,50.2253,0.0096
15.3750,50.2253,0.0098
15.4250,50.2253,0.0100
15.4750,50.2253,0.0100
15.5250,50.2253,0.0103
15.5750,50.2253,0.0103
15.6250,50.2253,0.0105
15.6750,50.2253,0.0109
15.7250,50.2253,0.0109
15.7750,50.2253,0.0113
15.8250,50.2253,0.0114
15.8750,50.2253,0.0119
15.9250,50.2253,0.0128
15.9750,50.2253,0.0124
16.0250,50.2253,0.0133
16.0750,50.2253,0.0138
16.1250,50.2253,0.0138
16.1750,50.2253,0.0142
16.2250,50.2253,0.0142
16.2750,50.2253,0.0151
16.3250,50.2253,0.0154
16.3750,50.2253,0.0154
16.4250,50.2253,0.0158
16.4750,50.2253,0.0158
16.5250,50.2253,0.0161
16.5750,50.2253,0.0166
16.6250,50.2253,0.0166
16.6750,50.2253,0.0168
16.7250,50.2253,0.0168
16.7750,50.2253,0.0170
16.8250,50.2253,0.0172
16.8750,50.2253,0.0172
16.9250,50.2253,0.0174
16.9750,50.2253,0.0175
17.0250,50.2253,0.0175
17.0750,50.2253,0.0176
17.1250,50.2253,0.0176
17.1750,50.2253,0.0177
17.2250,50.2253,0.0178
17.2750,50.2253,0.0178
17.3250,50.2253,0.0180
17.3750,50.2253,0.0180
17.4250,50.2253,0.0179
17.4750,50.2253,0.0181
17.5250,50.2253,0.0181
17.5750,50.2253,0.0182
17.6250,50.2253,0.0182
17.6750,50.2253,0.0184
17.7250,50.2253,0.0182
17.7750,50.2253,0.0182
17.8250,50.2253,0.0184
17.8750,50.2253,0.0182
17.9250,50.2253,0.0185
17.9750,50.2253,0.0182
18.0250,50.2253,0.0185
18.0750,50.2253,0.0183
18.1250,50.2253,0.0184
18.1750,50.2253,0.0184
18.2250,50.2253,0.0178
18.2750,50.2253,0.0182
18.3250,50.2253,0.0179
18.3750,50.2253,0.0180
18.4250,50.2253,0.0180
18.4750,50.2253,0.0171
18.5250,50.2253,0.0170
18.5750,50.2253,0.0170
18.6250,50.2253,0.0170
18.6750,50.2253,0.0170
18.7250,50.2253,0.0170
18.7750,50.2253,0.0156
18.8250,50.2253,0.0156
18.8750,50.2253,0.0156
18.9250,50.2253,0.0156
18.9750,50.2253,0.0155
19.0250,50.2253,0.0142
19.0750,50.2253,0.0143
19.1250,50.2253,0.0143
19.1750,50.2253,0.0142
19.2250,50.2253,0.0143
19.2750,50.2253,0.0136
19.3250,50.2253,0.0143
19.3750,50.2253,0.0137
19.4250,50.2253,0.0137
19.4750,50.2253,0.0138
19.5250,50.2253,0.0130
19.5750,50.2253,0.0139
19.6250,50.2253,0.0132
19.6750,50.2253,0.0134
19.7250,50.2253,0.0134
19.7750,50.2253,0.0127
19.8250,50.2253,0.0131
19.8750,50.2253,0.0129
19.9250,50.2253,0.0131
19.9750,50.2253,0.0131
20.0250,50.2253,0.0123
20.0750,50.2253,0.0125
20.1250,50.2253,0.0125
20.1750,50.2253,0.0128
20.2250,50.2253,0.0128
20.2750,50.2253,0.0123
20.3250,50.2253,0.0122
20.3750,50.2253,0.0122
20.4250,50.2253,0.0124
20.4750,50.2253,0.0124
20.5250,50.2253,0.0125
20.5750,50.2253,0.0117
20.6250,50.2253,0.0117
20.6750,50.2253,0.0119
20.7250,50.2253,0.0113
20.7750,50.2253,0.0121
20.8250,50.2253,0.0113
20.8750,50.2253,0.0113
20.9250,50.2253,0.0114
20.9750,50.2253,0.0108
21.0250,50.2253,0.0116
21.0750,50.2253,0.0109
21.1250,50.2253,0.0109
21.1750,50.2253,0.0110
21.2250,50.2253,0.0105
21.2750,50.2253,0.0110
21.3250,50.2253,0.0106
21.3750,50.2253,0.0106
21.4250,50.2253,0.0106
21.4750,50.2253,0.0101
21.5250,50.2253,0.0106
21.5750,50.2253,0.0102
21.6250,50.2253,0.0102
21.6750,50.2253,0.0102
21.7250,50.2253,0.0097
21.7750,50.2253,0.0100
21.8250,50.2253,0.0097
21.8750,50.2253,0.0097
21.9250,50.2253,0.0097
21.9750,50.2253,0.0092
22.0250,50.2253,0.0091
22.0750,50.2253,0.0091
22.1250,50.2253,0.0089
22.1750,50.2253,0.0091
22.2250,50.2253,0.0085
22.2750,50.2253,0.0085
22.3250,50.2253,0.0085
22.3750,50.2253,0.0082
22.4250,50.2253,0.0085
22.4750,50.2253,0.0082
22.5250,50.2253,0.0082
22.5750,50.2253,0.0082
22.6250,50.2253,0.0079
22.6750,50.2253,0.0079
22.7250,50.2253,0.0079
22.7750,50.2253,0.0080
22.8250,50.2253,0.0080
22.8750,50.2253,0.0077
22.9250,50.2253,0.0078
22.9750,50.2253,0.0078
23.0250,50.2253,0.0078
23.0750,50.2253,0.0078
23.1250,50.2253,0.0076
23.1750,50.2253,0.0077
23.2250,50.2253,0.0077
23.2750,50.2253,0.0077
23.3250,50.2253,0.0076
23.3750,50.2253,0.0076
23.4250,50.2253,0.0078
23.4750,50.2253,0.0078
23.5250,50.2253,0.0076
23.5750,50.2253,0.0078
23.6250,50.2253,0.0078
23.6750,50.2253,0.0080
23.7250,50.2253,0.0079
23.7750,50.2253,0.0078
23.8250,50.2253,0.0082
23.8750,50.2253,0.0082
23.9250,50.2253,0.0086
23.9750,50.2253,0.0085
24.0250,50.2253,0.0085
24.0750,50.2253,0.0091
24.1250,50.2253,0.0091
24.1750,50.2253,0.0090
14.1250,50.1753,0.0107
14.1750,50.1753,0.0106
14.2250,50.1753,0.0102
14.2750,50.1753,0.0102
14.3250,50.1753,0.0099
14.3750,50.1753,0.0098
14.4250,50.1753,0.0096
14.4750,50.1753,0.0095
14.5250,50.1753,0.0095
14.5750,50.1753,0.0093
14.6250,50.1753,0.0092
14.6750,50.1753,0.0091
14.7250,50.1753,0.0091
14.7750,50.1753,0.0091
14.8250,50.1753,0.0090
14.8750,50.1753,0.0091
14.9250,50.1753,0.0091
14.9750,50.1753,0.0091
15.0250,50.1753,0.0091
15.0750,50.1753,0.0092
15.1250,50.1753,0.0093
15.1750,50.1753,0.0093
15.2250,50.1753,0.0095
15.2750,50.1753,0.0095
15.3250,50.1753,0.0096
15.3750,50.1753,0.0098
15.4250,50.1753,0.0098
15.4750,50.1753,0.0100
15.5250,50.1753,0.0102
15.5750,50.1753,0.0102
15.6250,50.1753,0.0105
15.6750,50.1753,0.0105
15.7250,50.1753,0.0108
15.7750,50.1753,0.0111
15.8250,50.1753,0.0111
15.8750,50.1753,0.0115
15.9250,50.1753,0.0116
15.9750,50.1753,0.0120
16.0250,50.1753,0.0129
16.0750,50.1753,0.0129
16.1250,50.1753,0.0133
16.1750,50.1753,0.0139
16.2250,50.1753,0.0137
16.2750,50.1753,0.0145
16.3250,50.1753,0.0141
16.3750,50.1753,0.0149
16.4250,50.1753,0.0154
16.4750,50.1753,0.0154
16.5250,50.1753,0.0161
16.5750,50.1753,0.0158
16.6250,50.1753,0.0165
16.6750,50.1753,0.0167
16.7250,50.1753,0.0167
16.7750,50.1753,0.0169
16.8250,50.1753,0.0171
16.8750,50.1753,0.0172
16.9250,50.1753,0.0174
16.9750,50.1753,0.0174
17.0250,50.1753,0.0175
17.0750,50.1753,0.0176
17.1250,50.1753,0.0177
17.1750,50.1753,0.0178
17.2250,50.1753,0.0178
17.2750,50.1753,0.0179
17.3250,50.1753,0.0180
17.3750,50.1753,0.0181
17.4250,50.1753,0.0181
17.4750,50.1753,0.0183
17.5250,50.1753,0.0183
17.5750,50.1753,0.0184
17.6250,50.1753,0.0184
17.6750,50.1753,0.0184
17.7250,50.1753,0.0185
17.7750,50.1753,0.0185
17.8250,50.1753,0.0187
17.8750,50.1753,0.0187
17.9250,50.1753,0.0188
17.9750,50.1753,0.0186
18.0250,50.1753,0.0186
18.0750,50.1753,0.0188
18.1250,50.1753,0.0188
18.1750,50.1753,0.0189
18.2250,50.1753,0.0185
18.2750,50.1753,0.0187
18.3250,50.1753,0.0186
18.3750,50.1753,0.0186
18.4250,50.1753,0.0188
18.4750,50.1753,0.0180
18.5250,50.1753,0.0189
18.5750,50.1753,0.0181
18.6250,50.1753,0.0182
18.6750,50.1753,0.0182
18.7250,50.1753,0.0170
18.7750,50.1753,0.0182
18.8250,50.1753,0.0171
18.8750,50.1753,0.0170
18.9250,50.1753,0.0170
18.9750,50.1753,0.0167
19.0250,50.1753,0.0168
19.0750,50.1753,0.0155
19.1250,50.1753,0.0155
19.1750,50.1753,0.0155
19.2250,50.1753,0.0156
19.2750,50.1753,0.0144
19.3250,50.1753,0.0144
19.3750,50.1753,0.0145
19.4250,50.1753,0.0145
19.4750,50.1753,0.0147
19.5250,50.1753,0.0139
19.5750,50.1753,0.0140
19.6250,50.1753,0.0141
19.6750,50.1753,0.0141
19.7250,50.1753,0.0143
19.7750,50.1753,0.0136
19.8250,50.1753,0.0141
19.8750,50.1753,0.0138
19.9250,50.1753,0.0138
19.9750,50.1753,0.0140
20.0250,50.1753,0.0133
20.0750,50.1753,0.0141
20.1250,50.1753,0.0135
20.1750,50.1753,0.0136
20.2250,50.1753,0.0137
20.2750,50.1753,0.0130
20.3250,50.1753,0.0138
20.3750,50.1753,0.0131
20.4250,50.1753,0.0133
20.4750,50.1753,0.0133
20.5250,50.1753,0.0126
20.5750,50.1753,0.0127
20.6250,50.1753,0.0127
20.6750,50.1753,0.0129
20.7250,50.1753,0.0129
20.7750,50.1753,0.0121
20.8250,50.1753,0.0123
20.8750,50.1753,0.0123
20.9250,50.1753,0.0124
20.9750,50.1753,0.0124
21.0250,50.1753,0.0116
21.0750,50.1753,0.0117
21.1250,50.1753,0.0117
21.1750,50.1753,0.0118
21.2250,50.1753,0.0114
21.2750,50.1753,0.0110
21.3250,50.1753,0.0111
21.3750,50.1753,0.0111
21.4250,50.1753,0.0112
21.4750,50.1753,0.0107
21.5250,50.1753,0.0107
21.5750,50.1753,0.0107
21.6250,50.1753,0.0107
21.6750,50.1753,0.0108
21.7250,50.1753,0.0103
21.7750,50.1753,0.0103
21.8250,50.1753,0.0103
21.8750,50.1753,0.0102
21.9250,50.1753,0.0103
21.9750,50.1753,0.0097
22.0250,50.1753,0.0098
22.0750,50.1753,0.0097
22.1250,50.1753,0.0091
22.1750,50.1753,0.0097
22.2250,50.1753,0.0091
22.2750,50.1753,0.0091
22.3250,50.1753,0.0091
22.3750,50.1753,0.0085
22.4250,50.1753,0.0091
22.4750,50.1753,0.0085
22.5250,50.1753,0.0085
22.5750,50.1753,0.0085
22.6250,50.1753,0.0082
22.6750,50.1753,0.0084
22.7250,50.1753,0.0082
22.7750,50.1753,0.0081
22.8250,50.1753,0.0082
22.8750,50.1753,0.0080
22.9250,50.1753,0.0080
22.9750,50.1753,0.0080
23.0250,50.1753,0.0078
23.0750,50.1753,0.0081
23.1250,50.1753,0.0079
23.1750,50.1753,0.0080
23.2250,50.1753,0.0080
23.2750,50.1753,0.0078
23.3250,50.1753,0.0081
23.3750,50.1753,0.0080
23.4250,50.1753,0.0081
23.4750,50.1753,0.0081
23.5250,50.1753,0.0080
23.5750,50.1753,0.0082
23.6250,50.1753,0.0082
23.6750,50.1753,0.0082
23.7250,50.1753,0.0085
23.7750,50.1753,0.0083
23.8250,50.1753,0.0088
23.8750,50.1753,0.0088
23.9250,50.1753,0.0086
23.9750,50.1753,0.0093
24.0250,50.1753,0.0092
24.0750,50.1753,0.0097
24.1250,50.1753,0.0097
24.1750,50.1753,0.0096
14.1250,50.1253,0.0106
14.1750,50.1253,0.0104
14.2250,50.1253,0.0103
14.2750,50.1253,0.0101
14.3250,50.1253,0.0098
14.3750,50.1253,0.0098
14.4250,50.1253,0.0096
14.4750,50.1253,0.0094
14.5250,50.1253,0.0094
14.5750,50.1253,0.0092
14.6250,50.1253,0.0092
14.6750,50.1253,0.0091
14.7250,50.1253,0.0091
14.7750,50.1253,0.0091
14.8250,50.1253,0.0091
14.8750,50.1253,0.0091
14.9250,50.1253,0.0091
14.9750,50.1253,0.0091
15.0250,50.1253,0.0092
15.0750,50.1253,0.0092
15.1250,50.1253,0.0093
15.1750,50.1253,0.0094
15.2250,50.1253,0.0095
15.2750,50.1253,0.0095
15.3250,50.1253,0.0097
15.3750,50.1253,0.0098
15.4250,50.1253,0.0098
15.4750,50.1253,0.0100
15.5250,50.1253,0.0100
15.5750,50.1253,0.0102
15.6250,50.1253,0.0105
15.6750,50.1253,0.0104
15.7250,50.1253,0.0107
15.7750,50.1253,0.0107
15.8250,50.1253,0.0109
15.8750,50.1253,0.0112
15.9250,50.1253,0.0111
15.9750,50.1253,0.0120
16.0250,50.1253,0.0123
16.0750,50.1253,0.0124
16.1250,50.1253,0.0128
16.1750,50.1253,0.0128
16.2250,50.1253,0.0132
16.2750,50.1253,0.0140
16.3250,50.1253,0.0140
16.3750,50.1253,0.0144
16.4250,50.1253,0.0144
16.4750,50.1253,0.0148
16.5250,50.1253,0.0158
16.5750,50.1253,0.0154
16.6250,50.1253,0.0162
16.6750,50.1253,0.0162
16.7250,50.1253,0.0165
16.7750,50.1253,0.0169
16.8250,50.1253,0.0168
16.8750,50.1253,0.0171
16.9250,50.1253,0.0173
16.9750,50.1253,0.0173
17.0250,50.1253,0.0175
17.0750,50.1253,0.0175
17.1250,50.1253,0.0177
17.1750,50.1253,0.0178
17.2250,50.1253,0.0178
17.2750,50.1253,0.0180
17.3250,50.1253,0.0180
17.3750,50.1253,0.0182
17.4250,50.1253,0.0183
17.4750,50.1253,0.0183
17.5250,50.1253,0.0184
17.5750,50.1253,0.0184
17.6250,50.1253,0.0186
17.6750,50.1253,0.0186
17.7250,50.1253,0.0188
17.7750,50.1253,0.0188
17.8250,50.1253,0.0189
17.8750,50.1253,0.0189
17.9250,50.1253,0.0188
17.9750,50.1253,0.0193
18.0250,50.1253,0.0190
18.0750,50.1253,0.0193
18.1250,50.1253,0.0193
18.1750,50.1253,0.0197
18.2250,50.1253,0.0197
18.2750,50.1253,0.0191
18.3250,50.1253,0.0194
18.3750,50.1253,0.0194
18.4250,50.1253,0.0197
18.4750,50.1253,0.0190
18.5250,50.1253,0.0189
18.5750,50.1253,0.0190
18.6250,50.1253,0.0190
18.6750,50.1253,0.0192
18.7250,50.1253,0.0182
18.7750,50.1253,0.0193
18.8250,50.1253,0.0183
18.8750,50.1253,0.0183
18.9250,50.1253,0.0182
18.9750,50.1253,0.0170
19.0250,50.1253,0.0183
19.0750,50.1253,0.0169
19.1250,50.1253,0.0170
19.1750,50.1253,0.0170
19.2250,50.1253,0.0157
19.2750,50.1253,0.0171
19.3250,50.1253,0.0158
19.3750,50.1253,0.0160
19.4250,50.1253,0.0160
19.4750,50.1253,0.0160
19.5250,50.1253,0.0162
19.5750,50.1253,0.0150
19.6250,50.1253,0.0153
19.6750,50.1253,0.0153
19.7250,50.1253,0.0156
19.7750,50.1253,0.0153
19.8250,50.1253,0.0145
19.8750,50.1253,0.0148
19.9250,50.1253,0.0148
19.9750,50.1253,0.0151
20.0250,50.1253,0.0141
20.0750,50.1253,0.0141
20.1250,50.1253,0.0143
20.1750,50.1253,0.0143
20.2250,50.1253,0.0145
20.2750,50.1253,0.0138
20.3250,50.1253,0.0139
20.3750,50.1253,0.0140
20.4250,50.1253,0.0140
20.4750,50.1253,0.0142
20.5250,50.1253,0.0135
20.5750,50.1253,0.0137
20.6250,50.1253,0.0136
20.6750,50.1253,0.0134
20.7250,50.1253,0.0138
20.7750,50.1253,0.0130
20.8250,50.1253,0.0135
20.8750,50.1253,0.0131
20.9250,50.1253,0.0130
20.9750,50.1253,0.0133
21.0250,50.1253,0.0125
21.0750,50.1253,0.0127
21.1250,50.1253,0.0126
21.1750,50.1253,0.0126
21.2250,50.1253,0.0128
21.2750,50.1253,0.0119
21.3250,50.1253,0.0121
21.3750,50.1253,0.0121
21.4250,50.1253,0.0120
21.4750,50.1253,0.0121
21.5250,50.1253,0.0113
21.5750,50.1253,0.0114
21.6250,50.1253,0.0114
21.6750,50.1253,0.0113
21.7250,50.1253,0.0110
21.7750,50.1253,0.0108
21.8250,50.1253,0.0108
21.8750,50.1253,0.0108
21.9250,50.1253,0.0105
21.9750,50.1253,0.0103
22.0250,50.1253,0.0103
22.0750,50.1253,0.0103
22.1250,50.1253,0.0103
22.1750,50.1253,0.0097
22.2250,50.1253,0.0097
22.2750,50.1253,0.0097
22.3250,50.1253,0.0097
22.3750,50.1253,0.0093
22.4250,50.1253,0.0091
22.4750,50.1253,0.0091
22.5250,50.1253,0.0091
22.5750,50.1253,0.0091
22.6250,50.1253,0.0085
22.6750,50.1253,0.0085
22.7250,50.1253,0.0085
22.7750,50.1253,0.0085
22.8250,50.1253,0.0085
22.8750,50.1253,0.0082
22.9250,50.1253,0.0082
22.9750,50.1253,0.0083
23.0250,50.1253,0.0081
23.0750,50.1253,0.0083
23.1250,50.1253,0.0081
23.1750,50.1253,0.0081
23.2250,50.1253,0.0083
23.2750,50.1253,0.0081
23.3250,50.1253,0.0081
23.3750,50.1253,0.0083
23.4250,50.1253,0.0083
23.4750,50.1253,0.0085
23.5250,50.1253,0.0083
23.5750,50.1253,0.0083
23.6250,50.1253,0.0087
23.6750,50.1253,0.0085
23.7250,50.1253,0.0092
23.7750,50.1253,0.0090
23.8250,50.1253,0.0090
23.8750,50.1253,0.0096
23.9250,50.1253,0.0094
23.9750,50.1253,0.0096
24.0250,50.1253,0.0099
24.0750,50.1253,0.0102
24.1250,50.1253,0.0142
24.1750,50.1253,0.0141
14.1250,50.0753,0.0106
14.1750,50.0753,0.0102
14.2250,50.0753,0.0102
14.2750,50.0753,0.0099
14.3250,50.0753,0.0099
14.3750,50.0753,0.0097
14.4250,50.0753,0.0095
14.4750,50.0753,0.0095
14.5250,50.0753,0.0093
14.5750,50.0753,0.0093
14.6250,50.0753,0.0092
14.6750,50.0753,0.0091
14.7250,50.0753,0.0092
14.7750,50.0753,0.0091
14.8250,50.0753,0.0091
14.8750,50.0753,0.0091
14.9250,50.0753,0.0092
14.9750,50.0753,0.0092
15.0250,50.0753,0.0092
15.0750,50.0753,0.0093
15.1250,50.0753,0.0093
15.1750,50.0753,0.0094
15.2250,50.0753,0.0094
15.2750,50.0753,0.0096
15.3250,50.0753,0.0097
15.3750,50.0753,0.0097
15.4250,50.0753,0.0098
15.4750,50.0753,0.0100
15.5250,50.0753,0.0100
15.5750,50.0753,0.0102
15.6250,50.0753,0.0102
15.6750,50.0753,0.0104
15.7250,50.0753,0.0106
15.7750,50.0753,0.0106
15.8250,50.0753,0.0108
15.8750,50.0753,0.0108
15.9250,50.0753,0.0110
15.9750,50.0753,0.0116
16.0250,50.0753,0.0114
16.0750,50.0753,0.0119
16.1250,50.0753,0.0120
16.1750,50.0753,0.0123
16.2250,50.0753,0.0132
16.2750,50.0753,0.0127
16.3250,50.0753,0.0136
16.3750,50.0753,0.0140
16.4250,50.0753,0.0140
16.4750,50.0753,0.0144
16.5250,50.0753,0.0144
16.5750,50.0753,0.0154
16.6250,50.0753,0.0159
16.6750,50.0753,0.0159
16.7250,50.0753,0.0163
16.7750,50.0753,0.0163
16.8250,50.0753,0.0166
16.8750,50.0753,0.0170
16.9250,50.0753,0.0170
16.9750,50.0753,0.0172
17.0250,50.0753,0.0173
17.0750,50.0753,0.0175
17.1250,50.0753,0.0177
17.1750,50.0753,0.0177
17.2250,50.0753,0.0179
17.2750,50.0753,0.0181
17.3250,50.0753,0.0181
17.3750,50.0753,0.0182
17.4250,50.0753,0.0183
17.4750,50.0753,0.0184
17.5250,50.0753,0.0186
17.5750,50.0753,0.0186
17.6250,50.0753,0.0188
17.6750,50.0753,0.0188
17.7250,50.0753,0.0188
17.7750,50.0753,0.0191
17.8250,50.0753,0.0191
17.8750,50.0753,0.0195
17.9250,50.0753,0.0193
17.9750,50.0753,0.0198
18.0250,50.0753,0.0196
18.0750,50.0753,0.0196
18.1250,50.0753,0.0201
18.1750,50.0753,0.0197
18.2250,50.0753,0.0204
18.2750,50.0753,0.0200
18.3250,50.0753,0.0203
18.3750,50.0753,0.0204
18.4250,50.0753,0.0201
18.4750,50.0753,0.0207
18.5250,50.0753,0.0200
18.5750,50.0753,0.0203
18.6250,50.0753,0.0203
18.6750,50.0753,0.0206
18.7250,50.0753,0.0206
18.7750,50.0753,0.0194
18.8250,50.0753,0.0196
18.8750,50.0753,0.0196
18.9250,50.0753,0.0196
18.9750,50.0753,0.0196
19.0250,50.0753,0.0185
19.0750,50.0753,0.0183
19.1250,50.0753,0.0183
19.1750,50.0753,0.0184
19.2250,50.0753,0.0174
19.2750,50.0753,0.0185
19.3250,50.0753,0.0173
19.3750,50.0753,0.0173
19.4250,50.0753,0.0175
19.4750,50.0753,0.0162
19.5250,50.0753,0.0177
19.5750,50.0753,0.0165
19.6250,50.0753,0.0165
19.6750,50.0753,0.0167
19.7250,50.0753,0.0157
19.7750,50.0753,0.0170
19.8250,50.0753,0.0159
19.8750,50.0753,0.0163
19.9250,50.0753,0.0163
19.9750,50.0753,0.0156
20.0250,50.0753,0.0166
20.0750,50.0753,0.0155
20.1250,50.0753,0.0158
20.1750,50.0753,0.0158
20.2250,50.0753,0.0160
20.2750,50.0753,0.0160
20.3250,50.0753,0.0149
20.3750,50.0753,0.0152
20.4250,50.0753,0.0152
20.4750,50.0753,0.0154
20.5250,50.0753,0.0144
20.5750,50.0753,0.0143
20.6250,50.0753,0.0145
20.6750,50.0753,0.0145
20.7250,50.0753,0.0146
20.7750,50.0753,0.0139
20.8250,50.0753,0.0139
20.8750,50.0753,0.0140
20.9250,50.0753,0.0140
20.9750,50.0753,0.0141
21.0250,50.0753,0.0134
21.0750,50.0753,0.0134
21.1250,50.0753,0.0135
21.1750,50.0753,0.0131
21.2250,50.0753,0.0136
21.2750,50.0753,0.0129
21.3250,50.0753,0.0129
21.3750,50.0753,0.0130
21.4250,50.0753,0.0122
21.4750,50.0753,0.0130
21.5250,50.0753,0.0122
21.5750,50.0753,0.0123
21.6250,50.0753,0.0123
21.6750,50.0753,0.0114
21.7250,50.0753,0.0124
21.7750,50.0753,0.0115
21.8250,50.0753,0.0115
21.8750,50.0753,0.0115
21.9250,50.0753,0.0108
21.9750,50.0753,0.0115
22.0250,50.0753,0.0108
22.0750,50.0753,0.0108
22.1250,50.0753,0.0108
22.1750,50.0753,0.0103
22.2250,50.0753,0.0103
22.2750,50.0753,0.0103
22.3250,50.0753,0.0102
22.3750,50.0753,0.0102
22.4250,50.0753,0.0097
22.4750,50.0753,0.0096
22.5250,50.0753,0.0096
22.5750,50.0753,0.0095
22.6250,50.0753,0.0096
22.6750,50.0753,0.0090
22.7250,50.0753,0.0090
22.7750,50.0753,0.0090
22.8250,50.0753,0.0085
22.8750,50.0753,0.0086
22.9250,50.0753,0.0086
22.9750,50.0753,0.0087
23.0250,50.0753,0.0087
23.0750,50.0753,0.0083
23.1250,50.0753,0.0085
23.1750,50.0753,0.0085
23.2250,50.0753,0.0086
23.2750,50.0753,0.0086
23.3250,50.0753,0.0084
23.3750,50.0753,0.0087
23.4250,50.0753,0.0087
23.4750,50.0753,0.0090
23.5250,50.0753,0.0089
23.5750,50.0753,0.0089
23.6250,50.0753,0.0094
23.6750,50.0753,0.0094
23.7250,50.0753,0.0092
23.7750,50.0753,0.0098
23.8250,50.0753,0.0098
23.8750,50.0753,0.0141
23.9250,50.0753,0.0102
23.9750,50.0753,0.0101
24.0250,50.0753,0.0143
24.0750,50.0753,0.0143
24.1250,50.0753,0.0147
24.1750,50.0753,0.0145
14.1250,50.0253,0.0104
14.1750,50.0253,0.0102
14.2250,50.0253,0.0101
14.2750,50.0253,0.0098
14.3250,50.0253,0.0098
14.3750,50.0253,0.0096
14.4250,50.0253,0.0096
14.4750,50.0253,0.0095
14.5250,50.0253,0.0093
14.5750,50.0253,0.0093
14.6250,50.0253,0.0092
14.6750,50.0253,0.0092
14.7250,50.0253,0.0092
14.7750,50.0253,0.0091
14.8250,50.0253,0.0091
14.8750,50.0253,0.0092
14.9250,50.0253,0.0092
14.9750,50.0253,0.0092
15.0250,50.0253,0.0092
15.0750,50.0253,0.0093
15.1250,50.0253,0.0093
15.1750,50.0253,0.0095
15.2250,50.0253,0.0095
15.2750,50.0253,0.0096
15.3250,50.0253,0.0096
15.3750,50.0253,0.0097
15.4250,50.0253,0.0098
15.4750,50.0253,0.0098
15.5250,50.0253,0.0100
15.5750,50.0253,0.0100
15.6250,50.0253,0.0101
15.6750,50.0253,0.0103
15.7250,50.0253,0.0103
15.7750,50.0253,0.0105
15.8250,50.0253,0.0107
15.8750,50.0253,0.0107
15.9250,50.0253,0.0110
15.9750,50.0253,0.0109
16.0250,50.0253,0.0112
16.0750,50.0253,0.0116
16.1250,50.0253,0.0116
16.1750,50.0253,0.0120
16.2250,50.0253,0.0122
16.2750,50.0253,0.0124
16.3250,50.0253,0.0131
16.3750,50.0253,0.0131
16.4250,50.0253,0.0136
16.4750,50.0253,0.0143
16.5250,50.0253,0.0140
16.5750,50.0253,0.0149
16.6250,50.0253,0.0145
16.6750,50.0253,0.0154
16.7250,50.0253,0.0159
16.7750,50.0253,0.0159
16.8250,50.0253,0.0166
16.8750,50.0253,0.0166
16.9250,50.0253,0.0169
16.9750,50.0253,0.0171
17.0250,50.0253,0.0171
17.0750,50.0253,0.0174
17.1250,50.0253,0.0177
17.1750,50.0253,0.0177
17.2250,50.0253,0.0179
17.2750,50.0253,0.0179
17.3250,50.0253,0.0181
17.3750,50.0253,0.0183
17.4250,50.0253,0.0183
17.4750,50.0253,0.0185
17.5250,50.0253,0.0185
17.5750,50.0253,0.0187
17.6250,50.0253,0.0188
17.6750,50.0253,0.0189
17.7250,50.0253,0.0190
17.7750,50.0253,0.0195
17.8250,50.0253,0.0195
17.8750,50.0253,0.0200
17.9250,50.0253,0.0200
17.9750,50.0253,0.0199
18.0250,50.0253,0.0203
18.0750,50.0253,0.0203
18.1250,50.0253,0.0207
18.1750,50.0253,0.0207
18.2250,50.0253,0.0207
18.2750,50.0253,0.0208
18.3250,50.0253,0.0208
18.3750,50.0253,0.0212
18.4250,50.0253,0.0211
18.4750,50.0253,0.0216
18.5250,50.0253,0.0210
18.5750,50.0253,0.0210
18.6250,50.0253,0.0214
18.6750,50.0253,0.0207
18.7250,50.0253,0.0217
18.7750,50.0253,0.0208
18.8250,50.0253,0.0214
18.8750,50.0253,0.0210
18.9250,50.0253,0.0210
18.9750,50.0253,0.0212
19.0250,50.0253,0.0197
19.0750,50.0253,0.0200
19.1250,50.0253,0.0199
19.1750,50.0253,0.0201
19.2250,50.0253,0.0201
19.2750,50.0253,0.0185
19.3250,50.0253,0.0186
19.3750,50.0253,0.0186
19.4250,50.0253,0.0188
19.4750,50.0253,0.0188
19.5250,50.0253,0.0178
19.5750,50.0253,0.0178
19.6250,50.0253,0.0178
19.6750,50.0253,0.0180
19.7250,50.0253,0.0180
19.7750,50.0253,0.0184
19.8250,50.0253,0.0174
19.8750,50.0253,0.0174
19.9250,50.0253,0.0176
19.9750,50.0253,0.0166
20.0250,50.0253,0.0179
20.0750,50.0253,0.0169
20.1250,50.0253,0.0169
20.1750,50.0253,0.0171
20.2250,50.0253,0.0161
20.2750,50.0253,0.0174
20.3250,50.0253,0.0163
20.3750,50.0253,0.0165
20.4250,50.0253,0.0165
20.4750,50.0253,0.0154
20.5250,50.0253,0.0167
20.5750,50.0253,0.0156
20.6250,50.0253,0.0158
20.6750,50.0253,0.0158
20.7250,50.0253,0.0147
20.7750,50.0253,0.0160
20.8250,50.0253,0.0148
20.8750,50.0253,0.0150
20.9250,50.0253,0.0150
20.9750,50.0253,0.0142
21.0250,50.0253,0.0143
21.0750,50.0253,0.0142
21.1250,50.0253,0.0143
21.1750,50.0253,0.0143
21.2250,50.0253,0.0137
21.2750,50.0253,0.0137
21.3250,50.0253,0.0137
21.3750,50.0253,0.0138
21.4250,50.0253,0.0138
21.4750,50.0253,0.0131
21.5250,50.0253,0.0131
21.5750,50.0253,0.0131
21.6250,50.0253,0.0132
21.6750,50.0253,0.0125
21.7250,50.0253,0.0124
21.7750,50.0253,0.0124
21.8250,50.0253,0.0124
21.8750,50.0253,0.0124
21.9250,50.0253,0.0115
21.9750,50.0253,0.0115
22.0250,50.0253,0.0115
22.0750,50.0253,0.0115
22.1250,50.0253,0.0115
22.1750,50.0253,0.0108
22.2250,50.0253,0.0108
22.2750,50.0253,0.0108
22.3250,50.0253,0.0103
22.3750,50.0253,0.0108
22.4250,50.0253,0.0102
22.4750,50.0253,0.0102
22.5250,50.0253,0.0102
22.5750,50.0253,0.0096
22.6250,50.0253,0.0102
22.6750,50.0253,0.0096
22.7250,50.0253,0.0096
22.7750,50.0253,0.0096
22.8250,50.0253,0.0091
22.8750,50.0253,0.0096
22.9250,50.0253,0.0091
22.9750,50.0253,0.0091
23.0250,50.0253,0.0092
23.0750,50.0253,0.0088
23.1250,50.0253,0.0089
23.1750,50.0253,0.0089
23.2250,50.0253,0.0087
23.2750,50.0253,0.0091
23.3250,50.0253,0.0089
23.3750,50.0253,0.0092
23.4250,50.0253,0.0092
23.4750,50.0253,0.0091
23.5250,50.0253,0.0097
23.5750,50.0253,0.0096
23.6250,50.0253,0.0101
23.6750,50.0253,0.0101
23.7250,50.0253,0.0099
23.7750,50.0253,0.0142
23.8250,50.0253,0.0142
23.8750,50.0253,0.0145
23.9250,50.0253,0.0147
23.9750,50.0253,0.0145
24.0250,50.0253,0.0170
24.0750,50.0253,0.0170
24.1250,50.0253,0.0147
24.1750,50.0253,0.0172
14.1250,49.9753,0.0102
14.1750,49.9753,0.0102
14.2250,49.9753,0.0099
14.2750,49.9753,0.0099
14.3250,49.9753,0.0097
14.3750,49.9753,0.0096
14.4250,49.9753,0.0095
14.4750,49.9753,0.0094
14.5250,49.9753,0.0094
14.5750,49.9753,0.0093
14.6250,49.9753,0.0092
14.6750,49.9753,0.0092
14.7250,49.9753,0.0092
14.7750,49.9753,0.0092
14.8250,49.9753,0.0092
14.8750,49.9753,0.0092
14.9250,49.9753,0.0092
14.9750,49.9753,0.0093
15.0250,49.9753,0.0093
15.0750,49.9753,0.0094
15.1250,49.9753,0.0094
15.1750,49.9753,0.0094
15.2250,49.9753,0.0095
15.2750,49.9753,0.0096
15.3250,49.9753,0.0096
15.3750,49.9753,0.0097
15.4250,49.9753,0.0098
15.4750,49.9753,0.0098
15.5250,49.9753,0.0100
15.5750,49.9753,0.0100
15.6250,49.9753,0.0101
15.6750,49.9753,0.0103
15.7250,49.9753,0.0103
15.7750,49.9753,0.0105
15.8250,49.9753,0.0105
15.8750,49.9753,0.0106
15.9250,49.9753,0.0109
15.9750,49.9753,0.0108
16.0250,49.9753,0.0110
16.0750,49.9753,0.0111
16.1250,49.9753,0.0113
16.1750,49.9753,0.0117
16.2250,49.9753,0.0117
16.2750,49.9753,0.0123
16.3250,49.9753,0.0127
16.3750,49.9753,0.0127
16.4250,49.9753,0.0132
16.4750,49.9753,0.0132
16.5250,49.9753,0.0136
16.5750,49.9753,0.0144
16.6250,49.9753,0.0144
16.6750,49.9753,0.0150
16.7250,49.9753,0.0150
16.7750,49.9753,0.0155
16.8250,49.9753,0.0163
16.8750,49.9753,0.0160
16.9250,49.9753,0.0167
16.9750,49.9753,0.0168
17.0250,49.9753,0.0170
17.0750,49.9753,0.0174
17.1250,49.9753,0.0172
17.1750,49.9753,0.0176
17.2250,49.9753,0.0178
17.2750,49.9753,0.0178
17.3250,49.9753,0.0181
17.3750,49.9753,0.0181
17.4250,49.9753,0.0183
17.4750,49.9753,0.0186
17.5250,49.9753,0.0186
17.5750,49.9753,0.0188
17.6250,49.9753,0.0188
17.6750,49.9753,0.0192
17.7250,49.9753,0.0194
17.7750,49.9753,0.0194
17.8250,49.9753,0.0199
17.8750,49.9753,0.0200
17.9250,49.9753,0.0204
17.9750,49.9753,0.0204
18.0250,49.9753,0.0206
18.0750,49.9753,0.0209
18.1250,49.9753,0.0213
18.1750,49.9753,0.0214
18.2250,49.9753,0.0211
18.2750,49.9753,0.0217
18.3250,49.9753,0.0216
18.3750,49.9753,0.0220
18.4250,49.9753,0.0220
18.4750,49.9753,0.0216
18.5250,49.9753,0.0220
18.5750,49.9753,0.0220
18.6250,49.9753,0.0224
18.6750,49.9753,0.0224
18.7250,49.9753,0.0227
18.7750,49.9753,0.0220
18.8250,49.9753,0.0220
18.8750,49.9753,0.0223
18.9250,49.9753,0.0223
18.9750,49.9753,0.0226
19.0250,49.9753,0.0215
19.0750,49.9753,0.0215
19.1250,49.9753,0.0217
19.1750,49.9753,0.0213
19.2250,49.9753,0.0220
19.2750,49.9753,0.0204
19.3250,49.9753,0.0217
19.3750,49.9753,0.0206
19.4250,49.9753,0.0207
19.4750,49.9753,0.0209
19.5250,49.9753,0.0190
19.5750,49.9753,0.0203
19.6250,49.9753,0.0193
19.6750,49.9753,0.0198
19.7250,49.9753,0.0198
19.7750,49.9753,0.0184
19.8250,49.9753,0.0187
19.8750,49.9753,0.0187
19.9250,49.9753,0.0189
19.9750,49.9753,0.0189
20.0250,49.9753,0.0179
20.0750,49.9753,0.0182
20.1250,49.9753,0.0182
20.1750,49.9753,0.0184
20.2250,49.9753,0.0184
20.2750,49.9753,0.0178
20.3250,49.9753,0.0176
20.3750,49.9753,0.0176
20.4250,49.9753,0.0178
20.4750,49.9753,0.0168
20.5250,49.9753,0.0178
20.5750,49.9753,0.0169
20.6250,49.9753,0.0169
20.6750,49.9753,0.0171
20.7250,49.9753,0.0160
20.7750,49.9753,0.0172
20.8250,49.9753,0.0162
20.8750,49.9753,0.0162
20.9250,49.9753,0.0164
20.9750,49.9753,0.0152
21.0250,49.9753,0.0165
21.0750,49.9753,0.0154
21.1250,49.9753,0.0155
21.1750,49.9753,0.0156
21.2250,49.9753,0.0144
21.2750,49.9753,0.0157
21.3250,49.9753,0.0145
21.3750,49.9753,0.0147
21.4250,49.9753,0.0147
21.4750,49.9753,0.0139
21.5250,49.9753,0.0140
21.5750,49.9753,0.0140
21.6250,49.9753,0.0141
21.6750,49.9753,0.0141
21.7250,49.9753,0.0133
21.7750,49.9753,0.0133
21.8250,49.9753,0.0133
21.8750,49.9753,0.0134
21.9250,49.9753,0.0133
21.9750,49.9753,0.0125
22.0250,49.9753,0.0125
22.0750,49.9753,0.0125
22.1250,49.9753,0.0124
22.1750,49.9753,0.0115
22.2250,49.9753,0.0115
22.2750,49.9753,0.0115
22.3250,49.9753,0.0115
22.3750,49.9753,0.0112
22.4250,49.9753,0.0107
22.4750,49.9753,0.0107
22.5250,49.9753,0.0107
22.5750,49.9753,0.0106
22.6250,49.9753,0.0102
22.6750,49.9753,0.0101
22.7250,49.9753,0.0101
22.7750,49.9753,0.0101
22.8250,49.9753,0.0096
22.8750,49.9753,0.0096
22.9250,49.9753,0.0097
22.9750,49.9753,0.0097
23.0250,49.9753,0.0097
23.0750,49.9753,0.0093
23.1250,49.9753,0.0093
23.1750,49.9753,0.0094
23.2250,49.9753,0.0092
23.2750,49.9753,0.0097
23.3250,49.9753,0.0094
23.3750,49.9753,0.0094
23.4250,49.9753,0.0098
23.4750,49.9753,0.0097
23.5250,49.9753,0.0098
23.5750,49.9753,0.0102
23.6250,49.9753,0.0103
23.6750,49.9753,0.0144
23.7250,49.9753,0.0144
23.7750,49.9753,0.0144
23.8250,49.9753,0.0150
23.8750,49.9753,0.0148
23.9250,49.9753,0.0174
23.9750,49.9753,0.0172
24.0250,49.9753,0.0172
24.0750,49.9753,0.0176
24.1250,49.9753,0.0174
24.1750,49.9753,0.0175
14.1250,49.9253,0.0102
14.1750,49.9253,0.0101
14.2250,49.9253,0.0098
14.2750,49.9253,0.0098
14.3250,49.9253,0.0096
14.3750,49.9253,0.0096
14.4250,49.9253,0.0095
14.4750,49.9253,0.0094
14.5250,49.9253,0.0094
14.5750,49.9253,0.0093
14.6250,49.9253,0.0093
14.6750,49.9253,0.0092
14.7250,49.9253,0.0092
14.7750,49.9253,0.0092
14.8250,49.9253,0.0092
14.8750,49.9253,0.0093
14.9250,49.9253,0.0093
14.9750,49.9253,0.0093
15.0250,49.9253,0.0093
15.0750,49.9253,0.0094
15.1250,49.9253,0.0095
15.1750,49.9253,0.0095
15.2250,49.9253,0.0096
15.2750,49.9253,0.0096
15.3250,49.9253,0.0097
15.3750,49.9253,0.0098
15.4250,49.9253,0.0098
15.4750,49.9253,0.0099
15.5250,49.9253,0.0099
15.5750,49.9253,0.0100
15.6250,49.9253,0.0101
15.6750,49.9253,0.0102
15.7250,49.9253,0.0103
15.7750,49.9253,0.0104
15.8250,49.9253,0.0104
15.8750,49.9253,0.0106
15.9250,49.9253,0.0106
15.9750,49.9253,0.0108
16.0250,49.9253,0.0110
16.0750,49.9253,0.0110
16.1250,49.9253,0.0111
16.1750,49.9253,0.0111
16.2250,49.9253,0.0115
16.2750,49.9253,0.0120
16.3250,49.9253,0.0119
16.3750,49.9253,0.0124
16.4250,49.9253,0.0126
16.4750,49.9253,0.0128
16.5250,49.9253,0.0136
16.5750,49.9253,0.0133
16.6250,49.9253,0.0140
16.6750,49.9253,0.0145
16.7250,49.9253,0.0145
16.7750,49.9253,0.0151
16.8250,49.9253,0.0151
16.8750,49.9253,0.0160
16.9250,49.9253,0.0164
16.9750,49.9253,0.0164
17.0250,49.9253,0.0167
17.0750,49.9253,0.0169
17.1250,49.9253,0.0170
17.1750,49.9253,0.0175
17.2250,49.9253,0.0175
17.2750,49.9253,0.0177
17.3250,49.9253,0.0181
17.3750,49.9253,0.0181
17.4250,49.9253,0.0184
17.4750,49.9253,0.0184
17.5250,49.9253,0.0186
17.5750,49.9253,0.0189
17.6250,49.9253,0.0189
17.6750,49.9253,0.0192
17.7250,49.9253,0.0197
17.7750,49.9253,0.0197
17.8250,49.9253,0.0203
17.8750,49.9253,0.0203
17.9250,49.9253,0.0208
17.9750,49.9253,0.0209
18.0250,49.9253,0.0209
18.0750,49.9253,0.0214
18.1250,49.9253,0.0214
18.1750,49.9253,0.0219
18.2250,49.9253,0.0218
18.2750,49.9253,0.0218
18.3250,49.9253,0.0223
18.3750,49.9253,0.0223
18.4250,49.9253,0.0227
18.4750,49.9253,0.0224
18.5250,49.9253,0.0232
18.5750,49.9253,0.0228
18.6250,49.9253,0.0232
18.6750,49.9253,0.0232
18.7250,49.9253,0.0227
18.7750,49.9253,0.0236
18.8250,49.9253,0.0230
18.8750,49.9253,0.0233
18.9250,49.9253,0.0233
18.9750,49.9253,0.0231
19.0250,49.9253,0.0231
19.0750,49.9253,0.0228
19.1250,49.9253,0.0231
19.1750,49.9253,0.0231
19.2250,49.9253,0.0234
19.2750,49.9253,0.0222
19.3250,49.9253,0.0222
19.3750,49.9253,0.0225
19.4250,49.9253,0.0225
19.4750,49.9253,0.0228
19.5250,49.9253,0.0212
19.5750,49.9253,0.0212
19.6250,49.9253,0.0216
19.6750,49.9253,0.0216
19.7250,49.9253,0.0220
19.7750,49.9253,0.0202
19.8250,49.9253,0.0214
19.8750,49.9253,0.0206
19.9250,49.9253,0.0206
19.9750,49.9253,0.0210
20.0250,49.9253,0.0193
20.0750,49.9253,0.0210
20.1250,49.9253,0.0197
20.1750,49.9253,0.0201
20.2250,49.9253,0.0201
20.2750,49.9253,0.0186
20.3250,49.9253,0.0188
20.3750,49.9253,0.0188
20.4250,49.9253,0.0190
20.4750,49.9253,0.0190
20.5250,49.9253,0.0179
20.5750,49.9253,0.0181
20.6250,49.9253,0.0181
20.6750,49.9253,0.0182
20.7250,49.9253,0.0182
20.7750,49.9253,0.0173
20.8250,49.9253,0.0174
20.8750,49.9253,0.0174
20.9250,49.9253,0.0176
20.9750,49.9253,0.0166
21.0250,49.9253,0.0165
21.0750,49.9253,0.0167
21.1250,49.9253,0.0167
21.1750,49.9253,0.0169
21.2250,49.9253,0.0158
21.2750,49.9253,0.0158
21.3250,49.9253,0.0159
21.3750,49.9253,0.0159
21.4250,49.9253,0.0161
21.4750,49.9253,0.0148
21.5250,49.9253,0.0149
21.5750,49.9253,0.0150
21.6250,49.9253,0.0142
21.6750,49.9253,0.0151
21.7250,49.9253,0.0141
21.7750,49.9253,0.0141
21.8250,49.9253,0.0141
21.8750,49.9253,0.0134
21.9250,49.9253,0.0142
21.9750,49.9253,0.0133
22.0250,49.9253,0.0133
22.0750,49.9253,0.0133
22.1250,49.9253,0.0124
22.1750,49.9253,0.0133
22.2250,49.9253,0.0124
22.2750,49.9253,0.0123
22.3250,49.9253,0.0123
22.3750,49.9253,0.0114
22.4250,49.9253,0.0116
22.4750,49.9253,0.0113
22.5250,49.9253,0.0112
22.5750,49.9253,0.0112
22.6250,49.9253,0.0106
22.6750,49.9253,0.0106
22.7250,49.9253,0.0106
22.7750,49.9253,0.0106
22.8250,49.9253,0.0106
22.8750,49.9253,0.0101
22.9250,49.9253,0.0102
22.9750,49.9253,0.0102
23.0250,49.9253,0.0098
23.0750,49.9253,0.0098
23.1250,49.9253,0.0098
23.1750,49.9253,0.0100
23.2250,49.9253,0.0100
23.2750,49.9253,0.0097
23.3250,49.9253,0.0100
23.3750,49.9253,0.0100
23.4250,49.9253,0.0139
23.4750,49.9253,0.0130
23.5250,49.9253,0.0103
23.5750,49.9253,0.0145
23.6250,49.9253,0.0145
23.6750,49.9253,0.0153
23.7250,49.9253,0.0152
23.7750,49.9253,0.0152
23.8250,49.9253,0.0175
23.8750,49.9253,0.0175
23.9250,49.9253,0.0174
23.9750,49.9253,0.0178
24.0250,49.9253,0.0178
24.0750,49.9253,0.0181
24.1250,49.9253,0.0179
24.1750,49.9253,0.0179
14.1250,49.8753,0.0102
14.1750,49.8753,0.0099
14.2250,49.8753,0.0099
14.2750,49.8753,0.0097
14.3250,49.8753,0.0097
14.3750,49.8753,0.0095
14.4250,49.8753,0.0095
14.4750,49.8753,0.0094
14.5250,49.8753,0.0093
14.5750,49.8753,0.0093
14.6250,49.8753,0.0093
14.6750,49.8753,0.0093
14.7250,49.8753,0.0093
14.7750,49.8753,0.0092
14.8250,49.8753,0.0093
14.8750,49.8753,0.0093
14.9250,49.8753,0.0093
14.9750,49.8753,0.0093
15.0250,49.8753,0.0094
15.0750,49.8753,0.0094
15.1250,49.8753,0.0095
15.1750,49.8753,0.0095
15.2250,49.8753,0.0096
15.2750,49.8753,0.0096
15.3250,49.8753,0.0097
15.3750,49.8753,0.0097
15.4250,49.8753,0.0098
15.4750,49.8753,0.0099
15.5250,49.8753,0.0099
15.5750,49.8753,0.0101
15.6250,49.8753,0.0101
15.6750,49.8753,0.0102
15.7250,49.8753,0.0103
15.7750,49.8753,0.0103
15.8250,49.8753,0.0104
15.8750,49.8753,0.0105
15.9250,49.8753,0.0106
15.9750,49.8753,0.0107
16.0250,49.8753,0.0107
16.0750,49.8753,0.0109
16.1250,49.8753,0.0111
16.1750,49.8753,0.0111
16.2250,49.8753,0.0114
16.2750,49.8753,0.0113
16.3250,49.8753,0.0118
16.3750,49.8753,0.0122
16.4250,49.8753,0.0122
16.4750,49.8753,0.0126
16.5250,49.8753,0.0132
16.5750,49.8753,0.0130
16.6250,49.8753,0.0137
16.6750,49.8753,0.0137
16.7250,49.8753,0.0142
16.7750,49.8753,0.0150
16.8250,49.8753,0.0145
16.8750,49.8753,0.0156
16.9250,49.8753,0.0156
16.9750,49.8753,0.0160
17.0250,49.8753,0.0163
17.0750,49.8753,0.0163
17.1250,49.8753,0.0170
17.1750,49.8753,0.0173
17.2250,49.8753,0.0173
17.2750,49.8753,0.0176
17.3250,49.8753,0.0176
17.3750,49.8753,0.0179
17.4250,49.8753,0.0184
17.4750,49.8753,0.0184
17.5250,49.8753,0.0187
17.5750,49.8753,0.0187
17.6250,49.8753,0.0190
17.6750,49.8753,0.0195
17.7250,49.8753,0.0196
17.7750,49.8753,0.0200
17.8250,49.8753,0.0204
17.8750,49.8753,0.0206
17.9250,49.8753,0.0208
17.9750,49.8753,0.0212
18.0250,49.8753,0.0214
18.0750,49.8753,0.0220
18.1250,49.8753,0.0220
18.1750,49.8753,0.0222
18.2250,49.8753,0.0225
18.2750,49.8753,0.0224
18.3250,49.8753,0.0230
18.3750,49.8753,0.0230
18.4250,49.8753,0.0234
18.4750,49.8753,0.0232
18.5250,49.8753,0.0232
18.5750,49.8753,0.0236
18.6250,49.8753,0.0236
18.6750,49.8753,0.0240
18.7250,49.8753,0.0236
18.7750,49.8753,0.0242
18.8250,49.8753,0.0239
18.8750,49.8753,0.0239
18.9250,49.8753,0.0243
18.9750,49.8753,0.0237
19.0250,49.8753,0.0247
19.0750,49.8753,0.0240
19.1250,49.8753,0.0243
19.1750,49.8753,0.0243
19.2250,49.8753,0.0234
19.2750,49.8753,0.0247
19.3250,49.8753,0.0238
19.3750,49.8753,0.0241
19.4250,49.8753,0.0241
19.4750,49.8753,0.0240
19.5250,49.8753,0.0243
19.5750,49.8753,0.0232
19.6250,49.8753,0.0236
19.6750,49.8753,0.0236
19.7250,49.8753,0.0241
19.7750,49.8753,0.0225
19.8250,49.8753,0.0224
19.8750,49.8753,0.0228
19.9250,49.8753,0.0228
19.9750,49.8753,0.0231
20.0250,49.8753,0.0215
20.0750,49.8753,0.0215
20.1250,49.8753,0.0218
20.1750,49.8753,0.0218
20.2250,49.8753,0.0222
20.2750,49.8753,0.0205
20.3250,49.8753,0.0206
20.3750,49.8753,0.0208
20.4250,49.8753,0.0196
20.4750,49.8753,0.0210
20.5250,49.8753,0.0192
20.5750,49.8753,0.0198
20.6250,49.8753,0.0194
20.6750,49.8753,0.0190
20.7250,49.8753,0.0197
20.7750,49.8753,0.0184
20.8250,49.8753,0.0186
20.8750,49.8753,0.0185
20.9250,49.8753,0.0185
20.9750,49.8753,0.0187
21.0250,49.8753,0.0177
21.0750,49.8753,0.0179
21.1250,49.8753,0.0179
21.1750,49.8753,0.0180
21.2250,49.8753,0.0180
21.2750,49.8753,0.0170
21.3250,49.8753,0.0172
21.3750,49.8753,0.0172
21.4250,49.8753,0.0173
21.4750,49.8753,0.0162
21.5250,49.8753,0.0162
21.5750,49.8753,0.0163
21.6250,49.8753,0.0163
21.6750,49.8753,0.0164
21.7250,49.8753,0.0152
21.7750,49.8753,0.0152
21.8250,49.8753,0.0152
21.8750,49.8753,0.0152
21.9250,49.8753,0.0150
21.9750,49.8753,0.0141
22.0250,49.8753,0.0141
22.0750,49.8753,0.0141
22.1250,49.8753,0.0133
22.1750,49.8753,0.0135
22.2250,49.8753,0.0132
22.2750,49.8753,0.0132
22.3250,49.8753,0.0132
22.3750,49.8753,0.0123
22.4250,49.8753,0.0123
22.4750,49.8753,0.0122
22.5250,49.8753,0.0117
22.5750,49.8753,0.0121
22.6250,49.8753,0.0112
22.6750,49.8753,0.0112
22.7250,49.8753,0.0111
22.7750,49.8753,0.0106
22.8250,49.8753,0.0111
22.8750,49.8753,0.0106
22.9250,49.8753,0.0106
22.9750,49.8753,0.0106
23.0250,49.8753,0.0102
23.0750,49.8753,0.0107
23.1250,49.8753,0.0103
23.1750,49.8753,0.0105
23.2250,49.8753,0.0105
23.2750,49.8753,0.0102
23.3250,49.8753,0.0135
23.3750,49.8753,0.0140
23.4250,49.8753,0.0142
23.4750,49.8753,0.0145
23.5250,49.8753,0.0144
23.5750,49.8753,0.0153
23.6250,49.8753,0.0153
23.6750,49.8753,0.0153
23.7250,49.8753,0.0177
23.7750,49.8753,0.0177
23.8250,49.8753,0.0181
23.8750,49.8753,0.0181
23.9250,49.8753,0.0180
23.9750,49.8753,0.0183
24.0250,49.8753,0.0183
24.0750,49.8753,0.0196
24.1250,49.8753,0.0201
24.1750,49.8753,0.0199
14.1250,49.8253,0.0100
14.1750,49.8253,0.0099
14.2250,49.8253,0.0098
14.2750,49.8253,0.0096
14.3250,49.8253,0.0096
14.3750,49.8253,0.0095
14.4250,49.8253,0.0094
14.4750,49.8253,0.0094
14.5250,49.8253,0.0093
14.5750,49.8253,0.0093
14.6250,49.8253,0.0093
14.6750,49.8253,0.0093
14.7250,49.8253,0.0093
14.7750,49.8253,0.0093
14.8250,49.8253,0.0093
14.8750,49.8253,0.0093
14.9250,49.8253,0.0094
14.9750,49.8253,0.0094
15.0250,49.8253,0.0094
15.0750,49.8253,0.0095
15.1250,49.8253,0.0095
15.1750,49.8253,0.0096
15.2250,49.8253,0.0096
15.2750,49.8253,0.0097
15.3250,49.8253,0.0097
15.3750,49.8253,0.0098
15.4250,49.8253,0.0099
15.4750,49.8253,0.0099
15.5250,49.8253,0.0100
15.5750,49.8253,0.0101
15.6250,49.8253,0.0101
15.6750,49.8253,0.0102
15.7250,49.8253,0.0103
15.7750,49.8253,0.0103
15.8250,49.8253,0.0105
15.8750,49.8253,0.0105
15.9250,49.8253,0.0106
15.9750,49.8253,0.0107
16.0250,49.8253,0.0107
16.0750,49.8253,0.0108
16.1250,49.8253,0.0108
16.1750,49.8253,0.0110
16.2250,49.8253,0.0113
16.2750,49.8253,0.0112
16.3250,49.8253,0.0116
16.3750,49.8253,0.0118
16.4250,49.8253,0.0120
16.4750,49.8253,0.0124
16.5250,49.8253,0.0124
16.5750,49.8253,0.0130
16.6250,49.8253,0.0134
16.6750,49.8253,0.0134
16.7250,49.8253,0.0138
16.7750,49.8253,0.0138
16.8250,49.8253,0.0142
16.8750,49.8253,0.0151
16.9250,49.8253,0.0151
16.9750,49.8253,0.0155
17.0250,49.8253,0.0155
17.0750,49.8253,0.0158
17.1250,49.8253,0.0166
17.1750,49.8253,0.0163
17.2250,49.8253,0.0169
17.2750,49.8253,0.0173
17.3250,49.8253,0.0173
17.3750,49.8253,0.0179
17.4250,49.8253,0.0177
17.4750,49.8253,0.0183
17.5250,49.8253,0.0187
17.5750,49.8253,0.0187
17.6250,49.8253,0.0190
17.6750,49.8253,0.0191
17.7250,49.8253,0.0196
17.7750,49.8253,0.0202
17.8250,49.8253,0.0202
17.8750,49.8253,0.0208
17.9250,49.8253,0.0212
17.9750,49.8253,0.0213
18.0250,49.8253,0.0218
18.0750,49.8253,0.0218
18.1250,49.8253,0.0224
18.1750,49.8253,0.0225
18.2250,49.8253,0.0230
18.2750,49.8253,0.0230
18.3250,49.8253,0.0232
18.3750,49.8253,0.0235
18.4250,49.8253,0.0235
18.4750,49.8253,0.0240
18.5250,49.8253,0.0239
18.5750,49.8253,0.0243
18.6250,49.8253,0.0243
18.6750,49.8253,0.0247
18.7250,49.8253,0.0247
18.7750,49.8253,0.0244
18.8250,49.8253,0.0248
18.8750,49.8253,0.0248
18.9250,49.8253,0.0255
18.9750,49.8253,0.0254
19.0250,49.8253,0.0247
19.0750,49.8253,0.0252
19.1250,49.8253,0.0252
19.1750,49.8253,0.0259
19.2250,49.8253,0.0247
19.2750,49.8253,0.0265
19.3250,49.8253,0.0252
19.3750,49.8253,0.0252
19.4250,49.8253,0.0260
19.4750,49.8253,0.0245
19.5250,49.8253,0.0268
19.5750,49.8253,0.0250
19.6250,49.8253,0.0257
19.6750,49.8253,0.0259
19.7250,49.8253,0.0241
19.7750,49.8253,0.0269
19.8250,49.8253,0.0245
19.8750,49.8253,0.0249
19.9250,49.8253,0.0249
19.9750,49.8253,0.0236
20.0250,49.8253,0.0255
20.0750,49.8253,0.0235
20.1250,49.8253,0.0239
20.1750,49.8253,0.0239
20.2250,49.8253,0.0242
20.2750,49.8253,0.0225
20.3250,49.8253,0.0225
20.3750,49.8253,0.0227
20.4250,49.8253,0.0227
20.4750,49.8253,0.0228
20.5250,49.8253,0.0211
20.5750,49.8253,0.0211
20.6250,49.8253,0.0213
20.6750,49.8253,0.0213
20.7250,49.8253,0.0214
20.7750,49.8253,0.0198
20.8250,49.8253,0.0198
20.8750,49.8253,0.0201
20.9250,49.8253,0.0188
20.9750,49.8253,0.0203
21.0250,49.8253,0.0188
21.0750,49.8253,0.0188
21.1250,49.8253,0.0190
21.1750,49.8253,0.0180
21.2250,49.8253,0.0192
21.2750,49.8253,0.0182
21.3250,49.8253,0.0183
21.3750,49.8253,0.0183
21.4250,49.8253,0.0173
21.4750,49.8253,0.0185
21.5250,49.8253,0.0174
21.5750,49.8253,0.0176
21.6250,49.8253,0.0176
21.6750,49.8253,0.0164
21.7250,49.8253,0.0170
21.7750,49.8253,0.0165
21.8250,49.8253,0.0165
21.8750,49.8253,0.0165
21.9250,49.8253,0.0153
21.9750,49.8253,0.0152
22.0250,49.8253,0.0152
22.0750,49.8253,0.0151
22.1250,49.8253,0.0151
22.1750,49.8253,0.0141
22.2250,49.8253,0.0140
22.2750,49.8253,0.0140
22.3250,49.8253,0.0140
22.3750,49.8253,0.0131
22.4250,49.8253,0.0131
22.4750,49.8253,0.0130
22.5250,49.8253,0.0130
22.5750,49.8253,0.0129
22.6250,49.8253,0.0120
22.6750,49.8253,0.0120
22.7250,49.8253,0.0119
22.7750,49.8253,0.0119
22.8250,49.8253,0.0113
22.8750,49.8253,0.0111
22.9250,49.8253,0.0111
22.9750,49.8253,0.0111
23.0250,49.8253,0.0107
23.0750,49.8253,0.0107
23.1250,49.8253,0.0108
23.1750,49.8253,0.0108
23.2250,49.8253,0.0144
23.2750,49.8253,0.0142
23.3250,49.8253,0.0142
23.3750,49.8253,0.0146
23.4250,49.8253,0.0145
23.4750,49.8253,0.0169
23.5250,49.8253,0.0170
23.5750,49.8253,0.0170
23.6250,49.8253,0.0177
23.6750,49.8253,0.0177
23.7250,49.8253,0.0179
23.7750,49.8253,0.0182
23.8250,49.8253,0.0182
23.8750,49.8253,0.0186
23.9250,49.8253,0.0184
23.9750,49.8253,0.0185
24.0250,49.8253,0.0291
24.0750,49.8253,0.0201
24.1250,49.8253,0.0297
24.1750,49.8253,0.0295
14.1250,49.7753,0.0099
14.1750,49.7753,0.0099
14.2250,49.7753,0.0097
14.2750,49.7753,0.0097
14.3250,49.7753,0.0095
14.3750,49.7753,0.0095
14.4250,49.7753,0.0094
14.4750,49.7753,0.0094
14.5250,49.7753,0.0093
14.5750,49.7753,0.0093
14.6250,49.7753,0.0093
14.6750,49.7753,0.0093
14.7250,49.7753,0.0093
14.7750,49.7753,0.0093
14.8250,49.7753,0.0093
14.8750,49.7753,0.0093
14.9250,49.7753,0.0093
14.9750,49.7753,0.0094
15.0250,49.7753,0.0094
15.0750,49.7753,0.0095
15.1250,49.7753,0.0096
15.1750,49.7753,0.0097
15.2250,49.7753,0.0097
15.2750,49.7753,0.0098
15.3250,49.7753,0.0098
15.3750,49.7753,0.0098
15.4250,49.7753,0.0099
15.4750,49.7753,0.0099
15.5250,49.7753,0.0100
15.5750,49.7753,0.0100
15.6250,49.7753,0.0102
15.6750,49.7753,0.0102
15.7250,49.7753,0.0103
15.7750,49.7753,0.0104
15.8250,49.7753,0.0104
15.8750,49.7753,0.0105
15.9250,49.7753,0.0106
15.9750,49.7753,0.0107
16.0250,49.7753,0.0107
16.0750,49.7753,0.0109
16.1250,49.7753,0.0109
16.1750,49.7753,0.0110
16.2250,49.7753,0.0110
16.2750,49.7753,0.0112
16.3250,49.7753,0.0116
16.3750,49.7753,0.0116
16.4250,49.7753,0.0119
16.4750,49.7753,0.0119
16.5250,49.7753,0.0123
16.5750,49.7753,0.0128
16.6250,49.7753,0.0128
16.6750,49.7753,0.0132
16.7250,49.7753,0.0136
16.7750,49.7753,0.0136
16.8250,49.7753,0.0142
16.8750,49.7753,0.0139
16.9250,49.7753,0.0145
16.9750,49.7753,0.0149
17.0250,49.7753,0.0149
17.0750,49.7753,0.0153
17.1250,49.7753,0.0157
17.1750,49.7753,0.0162
17.2250,49.7753,0.0165
17.2750,49.7753,0.0165
17.3250,49.7753,0.0170
17.3750,49.7753,0.0177
17.4250,49.7753,0.0176
17.4750,49.7753,0.0182
17.5250,49.7753,0.0182
17.5750,49.7753,0.0186
17.6250,49.7753,0.0190
17.6750,49.7753,0.0190
17.7250,49.7753,0.0197
17.7750,49.7753,0.0203
17.8250,49.7753,0.0204
17.8750,49.7753,0.0210
17.9250,49.7753,0.0210
17.9750,49.7753,0.0215
18.0250,49.7753,0.0222
18.0750,49.7753,0.0222
18.1250,49.7753,0.0228
18.1750,49.7753,0.0228
18.2250,49.7753,0.0230
18.2750,49.7753,0.0236
18.3250,49.7753,0.0236
18.3750,49.7753,0.0241
18.4250,49.7753,0.0241
18.4750,49.7753,0.0247
18.5250,49.7753,0.0246
18.5750,49.7753,0.0246
18.6250,49.7753,0.0253
18.6750,49.7753,0.0248
18.7250,49.7753,0.0261
18.7750,49.7753,0.0255
18.8250,49.7753,0.0260
18.8750,49.7753,0.0264
18.9250,49.7753,0.0266
18.9750,49.7753,0.0271
19.0250,49.7753,0.0262
19.0750,49.7753,0.0270
19.1250,49.7753,0.0270
19.1750,49.7753,0.0277
19.2250,49.7753,0.0277
19.2750,49.7753,0.0265
19.3250,49.7753,0.0273
19.3750,49.7753,0.0273
19.4250,49.7753,0.0282
19.4750,49.7753,0.0282
19.5250,49.7753,0.0269
19.5750,49.7753,0.0278
19.6250,49.7753,0.0278
19.6750,49.7753,0.0289
19.7250,49.7753,0.0270
19.7750,49.7753,0.0299
19.8250,49.7753,0.0278
19.8750,49.7753,0.0278
19.9250,49.7753,0.0286
19.9750,49.7753,0.0256
20.0250,49.7753,0.0294
20.0750,49.7753,0.0264
20.1250,49.7753,0.0267
20.1750,49.7753,0.0272
20.2250,49.7753,0.0242
20.2750,49.7753,0.0275
20.3250,49.7753,0.0244
20.3750,49.7753,0.0245
20.4250,49.7753,0.0245
20.4750,49.7753,0.0228
20.5250,49.7753,0.0245
20.5750,49.7753,0.0230
20.6250,49.7753,0.0230
20.6750,49.7753,0.0230
20.7250,49.7753,0.0215
20.7750,49.7753,0.0216
20.8250,49.7753,0.0216
20.8750,49.7753,0.0219
20.9250,49.7753,0.0219
20.9750,49.7753,0.0204
21.0250,49.7753,0.0206
21.0750,49.7753,0.0206
21.1250,49.7753,0.0209
21.1750,49.7753,0.0208
21.2250,49.7753,0.0196
21.2750,49.7753,0.0195
21.3250,49.7753,0.0195
21.3750,49.7753,0.0198
21.4250,49.7753,0.0185
21.4750,49.7753,0.0189
21.5250,49.7753,0.0186
21.5750,49.7753,0.0186
21.6250,49.7753,0.0188
21.6750,49.7753,0.0177
21.7250,49.7753,0.0179
21.7750,49.7753,0.0178
21.8250,49.7753,0.0175
21.8750,49.7753,0.0178
21.9250,49.7753,0.0166
21.9750,49.7753,0.0167
22.0250,49.7753,0.0165
22.0750,49.7753,0.0154
22.1250,49.7753,0.0165
22.1750,49.7753,0.0151
22.2250,49.7753,0.0150
22.2750,49.7753,0.0150
22.3250,49.7753,0.0140
22.3750,49.7753,0.0148
22.4250,49.7753,0.0139
22.4750,49.7753,0.0138
22.5250,49.7753,0.0138
22.5750,49.7753,0.0129
22.6250,49.7753,0.0134
22.6750,49.7753,0.0128
22.7250,49.7753,0.0127
22.7750,49.7753,0.0127
22.8250,49.7753,0.0119
22.8750,49.7753,0.0119
22.9250,49.7753,0.0119
22.9750,49.7753,0.0119
23.0250,49.7753,0.0119
23.0750,49.7753,0.0111
23.1250,49.7753,0.0147
23.1750,49.7753,0.0147
23.2250,49.7753,0.0148
23.2750,49.7753,0.0149
23.3250,49.7753,0.0149
23.3750,49.7753,0.0169
23.4250,49.7753,0.0169
23.4750,49.7753,0.0169
23.5250,49.7753,0.0177
23.5750,49.7753,0.0177
23.6250,49.7753,0.0182
23.6750,49.7753,0.0183
23.7250,49.7753,0.0183
23.7750,49.7753,0.0215
23.8250,49.7753,0.0215
23.8750,49.7753,0.0294
23.9250,49.7753,0.0294
23.9750,49.7753,0.0294
24.0250,49.7753,0.0300
24.0750,49.7753,0.0300
24.1250,49.7753,0.0297
24.1750,49.7753,0.0303
14.1250,49.7254,0.0099
14.1750,49.7254,0.0098
14.2250,49.7254,0.0096
14.2750,49.7254,0.0096
14.3250,49.7254,0.0095
14.3750,49.7254,0.0095
14.4250,49.7254,0.0095
14.4750,49.7254,0.0094
14.5250,49.7254,0.0094
14.5750,49.7254,0.0094
14.6250,49.7254,0.0094
14.6750,49.7254,0.0094
14.7250,49.7254,0.0093
14.7750,49.7254,0.0095
14.8250,49.7254,0.0094
14.8750,49.7254,0.0094
14.9250,49.7254,0.0094
14.9750,49.7254,0.0096
15.0250,49.7254,0.0096
15.0750,49.7254,0.0096
15.1250,49.7254,0.0097
15.1750,49.7254,0.0097
15.2250,49.7254,0.0098
15.2750,49.7254,0.0098
15.3250,49.7254,0.0099
15.3750,49.7254,0.0099
15.4250,49.7254,0.0100
15.4750,49.7254,0.0100
15.5250,49.7254,0.0102
15.5750,49.7254,0.0102
15.6250,49.7254,0.0102
15.6750,49.7254,0.0103
15.7250,49.7254,0.0103
15.7750,49.7254,0.0105
15.8250,49.7254,0.0105
15.8750,49.7254,0.0106
15.9250,49.7254,0.0106
15.9750,49.7254,0.0107
16.0250,49.7254,0.0108
16.0750,49.7254,0.0108
16.1250,49.7254,0.0109
16.1750,49.7254,0.0110
16.2250,49.7254,0.0111
16.2750,49.7254,0.0113
16.3250,49.7254,0.0115
16.3750,49.7254,0.0116
16.4250,49.7254,0.0120
16.4750,49.7254,0.0120
16.5250,49.7254,0.0123
16.5750,49.7254,0.0127
16.6250,49.7254,0.0127
16.6750,49.7254,0.0131
16.7250,49.7254,0.0131
16.7750,49.7254,0.0135
16.8250,49.7254,0.0139
16.8750,49.7254,0.0139
16.9250,49.7254,0.0142
16.9750,49.7254,0.0142
17.0250,49.7254,0.0145
17.0750,49.7254,0.0153
17.1250,49.7254,0.0150
17.1750,49.7254,0.0157
17.2250,49.7254,0.0162
17.2750,49.7254,0.0162
17.3250,49.7254,0.0168
17.3750,49.7254,0.0168
17.4250,49.7254,0.0175
17.4750,49.7254,0.0180
17.5250,49.7254,0.0180
17.5750,49.7254,0.0185
17.6250,49.7254,0.0185
17.6750,49.7254,0.0189
17.7250,49.7254,0.0196
17.7750,49.7254,0.0196
17.8250,49.7254,0.0203
17.8750,49.7254,0.0206
17.9250,49.7254,0.0210
17.9750,49.7254,0.0217
18.0250,49.7254,0.0217
18.0750,49.7254,0.0225
18.1250,49.7254,0.0230
18.1750,49.7254,0.0232
18.2250,49.7254,0.0235
18.2750,49.7254,0.0240
18.3250,49.7254,0.0241
18.3750,49.7254,0.0246
18.4250,49.7254,0.0246
18.4750,49.7254,0.0247
18.5250,49.7254,0.0255
18.5750,49.7254,0.0255
18.6250,49.7254,0.0265
18.6750,49.7254,0.0265
18.7250,49.7254,0.0273
18.7750,49.7254,0.0270
18.8250,49.7254,0.0270
18.8750,49.7254,0.0279
18.9250,49.7254,0.0278
18.9750,49.7254,0.0286
19.0250,49.7254,0.0279
19.0750,49.7254,0.0279
19.1250,49.7254,0.0286
19.1750,49.7254,0.0279
19.2250,49.7254,0.0294
19.2750,49.7254,0.0284
19.3250,49.7254,0.0292
19.3750,49.7254,0.0293
19.4250,49.7254,0.0300
19.4750,49.7254,0.0303
19.5250,49.7254,0.0291
19.5750,49.7254,0.0302
19.6250,49.7254,0.0302
19.6750,49.7254,0.0316
19.7250,49.7254,0.0316
19.7750,49.7254,0.0301
19.8250,49.7254,0.0311
19.8750,49.7254,0.0311
19.9250,49.7254,0.0321
19.9750,49.7254,0.0321
20.0250,49.7254,0.0294
20.0750,49.7254,0.0303
20.1250,49.7254,0.0303
20.1750,49.7254,0.0309
20.2250,49.7254,0.0276
20.2750,49.7254,0.0282
20.3250,49.7254,0.0275
20.3750,49.7254,0.0275
20.4250,49.7254,0.0276
20.4750,49.7254,0.0246
20.5250,49.7254,0.0270
20.5750,49.7254,0.0246
20.6250,49.7254,0.0246
20.6750,49.7254,0.0247
20.7250,49.7254,0.0232
20.7750,49.7254,0.0248
20.8250,49.7254,0.0233
20.8750,49.7254,0.0235
20.9250,49.7254,0.0236
20.9750,49.7254,0.0221
21.0250,49.7254,0.0231
21.0750,49.7254,0.0223
21.1250,49.7254,0.0225
21.1750,49.7254,0.0225
21.2250,49.7254,0.0211
21.2750,49.7254,0.0214
21.3250,49.7254,0.0214
21.3750,49.7254,0.0217
21.4250,49.7254,0.0217
21.4750,49.7254,0.0201
21.5250,49.7254,0.0203
21.5750,49.7254,0.0203
21.6250,49.7254,0.0206
21.6750,49.7254,0.0193
21.7250,49.7254,0.0188
21.7750,49.7254,0.0189
21.8250,49.7254,0.0189
21.8750,49.7254,0.0190
21.9250,49.7254,0.0178
21.9750,49.7254,0.0178
22.0250,49.7254,0.0178
22.0750,49.7254,0.0178
22.1250,49.7254,0.0177
22.1750,49.7254,0.0164
22.2250,49.7254,0.0164
22.2750,49.7254,0.0162
22.3250,49.7254,0.0149
22.3750,49.7254,0.0159
22.4250,49.7254,0.0146
22.4750,49.7254,0.0146
22.5250,49.7254,0.0145
22.5750,49.7254,0.0137
22.6250,49.7254,0.0139
22.6750,49.7254,0.0136
22.7250,49.7254,0.0134
22.7750,49.7254,0.0135
22.8250,49.7254,0.0127
22.8750,49.7254,0.0127
22.9250,49.7254,0.0126
22.9750,49.7254,0.0120
23.0250,49.7254,0.0158
23.0750,49.7254,0.0152
23.1250,49.7254,0.0155
23.1750,49.7254,0.0157
23.2250,49.7254,0.0150
23.2750,49.7254,0.0166
23.3250,49.7254,0.0167
23.3750,49.7254,0.0174
23.4250,49.7254,0.0175
23.4750,49.7254,0.0176
23.5250,49.7254,0.0183
23.5750,49.7254,0.0182
23.6250,49.7254,0.0239
23.6750,49.7254,0.0283
23.7250,49.7254,0.0279
23.7750,49.7254,0.0294
23.8250,49.7254,0.0294
23.8750,49.7254,0.0295
23.9250,49.7254,0.0302
23.9750,49.7254,0.0302
24.0250,49.7254,0.0308
24.0750,49.7254,0.0308
24.1250,49.7254,0.0306
24.1750,49.7254,0.0311
14.1250,49.6754,0.0098
14.1750,49.6754,0.0097
14.2250,49.6754,0.0097
14.2750,49.6754,0.0096
14.3250,49.6754,0.0096
14.3750,49.6754,0.0096
14.4250,49.6754,0.0095
14.4750,49.6754,0.0095
14.5250,49.6754,0.0095
14.5750,49.6754,0.0095
14.6250,49.6754,0.0095
14.6750,49.6754,0.0095
14.7250,49.6754,0.0095
14.7750,49.6754,0.0095
14.8250,49.6754,0.0095
14.8750,49.6754,0.0095
14.9250,49.6754,0.0096
14.9750,49.6754,0.0096
15.0250,49.6754,0.0097
15.0750,49.6754,0.0097
15.1250,49.6754,0.0098
15.1750,49.6754,0.0098
15.2250,49.6754,0.0099
15.2750,49.6754,0.0099
15.3250,49.6754,0.0100
15.3750,49.6754,0.0100
15.4250,49.6754,0.0100
15.4750,49.6754,0.0101
15.5250,49.6754,0.0101
15.5750,49.6754,0.0103
15.6250,49.6754,0.0103
15.6750,49.6754,0.0104
15.7250,49.6754,0.0104
15.7750,49.6754,0.0105
15.8250,49.6754,0.0106
15.8750,49.6754,0.0107
15.9250,49.6754,0.0107
15.9750,49.6754,0.0107
16.0250,49.6754,0.0109
16.0750,49.6754,0.0109
16.1250,49.6754,0.0110
16.1750,49.6754,0.0110
16.2250,49.6754,0.0113
16.2750,49.6754,0.0115
16.3250,49.6754,0.0115
16.3750,49.6754,0.0118
16.4250,49.6754,0.0118
16.4750,49.6754,0.0122
16.5250,49.6754,0.0124
16.5750,49.6754,0.0125
16.6250,49.6754,0.0127
16.6750,49.6754,0.0131
16.7250,49.6754,0.0131
16.7750,49.6754,0.0135
16.8250,49.6754,0.0135
16.8750,49.6754,0.0138
16.9250,49.6754,0.0141
16.9750,49.6754,0.0141
17.0250,49.6754,0.0144
17.0750,49.6754,0.0144
17.1250,49.6754,0.0150
17.1750,49.6754,0.0155
17.2250,49.6754,0.0155
17.2750,49.6754,0.0161
17.3250,49.6754,0.0165
17.3750,49.6754,0.0167
17.4250,49.6754,0.0174
17.4750,49.6754,0.0173
17.5250,49.6754,0.0179
17.5750,49.6754,0.0184
17.6250,49.6754,0.0183
17.6750,49.6754,0.0188
17.7250,49.6754,0.0192
17.7750,49.6754,0.0194
17.8250,49.6754,0.0202
17.8750,49.6754,0.0202
17.9250,49.6754,0.0210
17.9750,49.6754,0.0219
18.0250,49.6754,0.0219
18.0750,49.6754,0.0228
18.1250,49.6754,0.0228
18.1750,49.6754,0.0236
18.2250,49.6754,0.0240
18.2750,49.6754,0.0240
18.3250,49.6754,0.0246
18.3750,49.6754,0.0246
18.4250,49.6754,0.0256
18.4750,49.6754,0.0257
18.5250,49.6754,0.0265
18.5750,49.6754,0.0268
18.6250,49.6754,0.0277
18.6750,49.6754,0.0278
18.7250,49.6754,0.0274
18.7750,49.6754,0.0288
18.8250,49.6754,0.0284
18.8750,49.6754,0.0293
18.9250,49.6754,0.0293
18.9750,49.6754,0.0287
19.0250,49.6754,0.0294
19.0750,49.6754,0.0294
19.1250,49.6754,0.0302
19.1750,49.6754,0.0302
19.2250,49.6754,0.0311
19.2750,49.6754,0.0302
19.3250,49.6754,0.0302
19.3750,49.6754,0.0313
19.4250,49.6754,0.0313
19.4750,49.6754,0.0327
19.5250,49.6754,0.0314
19.5750,49.6754,0.0314
19.6250,49.6754,0.0327
19.6750,49.6754,0.0321
19.7250,49.6754,0.0353
19.7750,49.6754,0.0336
19.8250,49.6754,0.0347
19.8750,49.6754,0.0354
19.9250,49.6754,0.0351
19.9750,49.6754,0.0367
20.0250,49.6754,0.0334
20.0750,49.6754,0.0345
20.1250,49.6754,0.0345
20.1750,49.6754,0.0348
20.2250,49.6754,0.0348
20.2750,49.6754,0.0309
20.3250,49.6754,0.0307
20.3750,49.6754,0.0307
20.4250,49.6754,0.0307
20.4750,49.6754,0.0306
20.5250,49.6754,0.0276
20.5750,49.6754,0.0276
20.6250,49.6754,0.0276
20.6750,49.6754,0.0277
20.7250,49.6754,0.0249
20.7750,49.6754,0.0249
20.8250,49.6754,0.0251
20.8750,49.6754,0.0251
20.9250,49.6754,0.0254
20.9750,49.6754,0.0237
21.0250,49.6754,0.0237
21.0750,49.6754,0.0239
21.1250,49.6754,0.0238
21.1750,49.6754,0.0243
21.2250,49.6754,0.0229
21.2750,49.6754,0.0229
21.3250,49.6754,0.0232
21.3750,49.6754,0.0219
21.4250,49.6754,0.0235
21.4750,49.6754,0.0221
21.5250,49.6754,0.0223
21.5750,49.6754,0.0224
21.6250,49.6754,0.0207
21.6750,49.6754,0.0226
21.7250,49.6754,0.0208
21.7750,49.6754,0.0210
21.8250,49.6754,0.0210
21.8750,49.6754,0.0190
21.9250,49.6754,0.0210
21.9750,49.6754,0.0190
22.0250,49.6754,0.0189
22.0750,49.6754,0.0189
22.1250,49.6754,0.0177
22.1750,49.6754,0.0177
22.2250,49.6754,0.0177
22.2750,49.6754,0.0175
22.3250,49.6754,0.0175
22.3750,49.6754,0.0161
22.4250,49.6754,0.0160
22.4750,49.6754,0.0160
22.5250,49.6754,0.0158
22.5750,49.6754,0.0147
22.6250,49.6754,0.0144
22.6750,49.6754,0.0143
22.7250,49.6754,0.0143
22.7750,49.6754,0.0142
22.8250,49.6754,0.0134
22.8750,49.6754,0.0134
22.9250,49.6754,0.0165
22.9750,49.6754,0.0165
23.0250,49.6754,0.0165
23.0750,49.6754,0.0154
23.1250,49.6754,0.0154
23.1750,49.6754,0.0165
23.2250,49.6754,0.0166
23.2750,49.6754,0.0166
23.3250,49.6754,0.0173
23.3750,49.6754,0.0173
23.4250,49.6754,0.0200
23.4750,49.6754,0.0203
23.5250,49.6754,0.0203
23.5750,49.6754,0.0278
23.6250,49.6754,0.0283
23.6750,49.6754,0.0287
23.7250,49.6754,0.0292
23.7750,49.6754,0.0292
23.8250,49.6754,0.0300
23.8750,49.6754,0.0302
23.9250,49.6754,0.0304
23.9750,49.6754,0.0309
24.0250,49.6754,0.0310
24.0750,49.6754,0.0315
24.1250,49.6754,0.0313
24.1750,49.6754,0.0314
14.1250,49.6254,0.0098
14.1750,49.6254,0.0097
14.2250,49.6254,0.0097
14.2750,49.6254,0.0096
14.3250,49.6254,0.0096
14.3750,49.6254,0.0096
14.4250,49.6254,0.0095
14.4750,49.6254,0.0096
14.5250,49.6254,0.0096
14.5750,49.6254,0.0096
14.6250,49.6254,0.0096
14.6750,49.6254,0.0095
14.7250,49.6254,0.0096
14.7750,49.6254,0.0096
14.8250,49.6254,0.0097
14.8750,49.6254,0.0097
14.9250,49.6254,0.0098
14.9750,49.6254,0.0098
15.0250,49.6254,0.0099
15.0750,49.6254,0.0098
15.1250,49.6254,0.0098
15.1750,49.6254,0.0099
15.2250,49.6254,0.0099
15.2750,49.6254,0.0101
15.3250,49.6254,0.0100
15.3750,49.6254,0.0102
15.4250,49.6254,0.0102
15.4750,49.6254,0.0103
15.5250,49.6254,0.0103
15.5750,49.6254,0.0105
15.6250,49.6254,0.0105
15.6750,49.6254,0.0104
15.7250,49.6254,0.0106
15.7750,49.6254,0.0106
15.8250,49.6254,0.0107
15.8750,49.6254,0.0107
15.9250,49.6254,0.0109
15.9750,49.6254,0.0109
16.0250,49.6254,0.0110
16.0750,49.6254,0.0110
16.1250,49.6254,0.0112
16.1750,49.6254,0.0112
16.2250,49.6254,0.0113
16.2750,49.6254,0.0116
16.3250,49.6254,0.0117
16.3750,49.6254,0.0120
16.4250,49.6254,0.0120
16.4750,49.6254,0.0124
16.5250,49.6254,0.0124
16.5750,49.6254,0.0125
16.6250,49.6254,0.0129
16.6750,49.6254,0.0129
16.7250,49.6254,0.0133
16.7750,49.6254,0.0134
16.8250,49.6254,0.0136
16.8750,49.6254,0.0138
16.9250,49.6254,0.0138
16.9750,49.6254,0.0142
17.0250,49.6254,0.0145
17.0750,49.6254,0.0145
17.1250,49.6254,0.0149
17.1750,49.6254,0.0155
17.2250,49.6254,0.0156
17.2750,49.6254,0.0162
17.3250,49.6254,0.0162
17.3750,49.6254,0.0168
17.4250,49.6254,0.0173
17.4750,49.6254,0.0173
17.5250,49.6254,0.0178
17.5750,49.6254,0.0178
17.6250,49.6254,0.0184
17.6750,49.6254,0.0188
17.7250,49.6254,0.0188
17.7750,49.6254,0.0194
17.8250,49.6254,0.0195
17.8750,49.6254,0.0204
17.9250,49.6254,0.0211
17.9750,49.6254,0.0215
18.0250,49.6254,0.0221
18.0750,49.6254,0.0231
18.1250,49.6254,0.0231
18.1750,49.6254,0.0236
18.2250,49.6254,0.0240
18.2750,49.6254,0.0243
18.3250,49.6254,0.0251
18.3750,49.6254,0.0251
18.4250,49.6254,0.0264
18.4750,49.6254,0.0267
18.5250,49.6254,0.0267
18.5750,49.6254,0.0277
18.6250,49.6254,0.0277
18.6750,49.6254,0.0289
18.7250,49.6254,0.0289
18.7750,49.6254,0.0291
18.8250,49.6254,0.0299
18.8750,49.6254,0.0299
18.9250,49.6254,0.0309
18.9750,49.6254,0.0301
19.0250,49.6254,0.0318
19.0750,49.6254,0.0310
19.1250,49.6254,0.0319
19.1750,49.6254,0.0319
19.2250,49.6254,0.0311
19.2750,49.6254,0.0332
19.3250,49.6254,0.0321
19.3750,49.6254,0.0341
19.4250,49.6254,0.0341
19.4750,49.6254,0.0333
19.5250,49.6254,0.0349
19.5750,49.6254,0.0348
19.6250,49.6254,0.0369
19.6750,49.6254,0.0369
19.7250,49.6254,0.0386
19.7750,49.6254,0.0374
19.8250,49.6254,0.0374
19.8750,49.6254,0.0387
19.9250,49.6254,0.0387
19.9750,49.6254,0.0394
20.0250,49.6254,0.0376
20.0750,49.6254,0.0376
20.1250,49.6254,0.0380
20.1750,49.6254,0.0352
20.2250,49.6254,0.0381
20.2750,49.6254,0.0345
20.3250,49.6254,0.0347
20.3750,49.6254,0.0345
20.4250,49.6254,0.0311
20.4750,49.6254,0.0347
20.5250,49.6254,0.0307
20.5750,49.6254,0.0305
20.6250,49.6254,0.0305
20.6750,49.6254,0.0287
20.7250,49.6254,0.0304
20.7750,49.6254,0.0278
20.8250,49.6254,0.0279
20.8750,49.6254,0.0279
20.9250,49.6254,0.0275
20.9750,49.6254,0.0271
21.0250,49.6254,0.0257
21.0750,49.6254,0.0262
21.1250,49.6254,0.0262
21.1750,49.6254,0.0267
21.2250,49.6254,0.0246
21.2750,49.6254,0.0246
21.3250,49.6254,0.0250
21.3750,49.6254,0.0250
21.4250,49.6254,0.0256
21.4750,49.6254,0.0238
21.5250,49.6254,0.0238
21.5750,49.6254,0.0241
21.6250,49.6254,0.0228
21.6750,49.6254,0.0243
21.7250,49.6254,0.0228
21.7750,49.6254,0.0228
21.8250,49.6254,0.0230
21.8750,49.6254,0.0211
21.9250,49.6254,0.0226
21.9750,49.6254,0.0211
22.0250,49.6254,0.0210
22.0750,49.6254,0.0209
22.1250,49.6254,0.0188
22.1750,49.6254,0.0197
22.2250,49.6254,0.0187
22.2750,49.6254,0.0181
22.3250,49.6254,0.0186
22.3750,49.6254,0.0173
22.4250,49.6254,0.0172
22.4750,49.6254,0.0171
22.5250,49.6254,0.0159
22.5750,49.6254,0.0169
22.6250,49.6254,0.0155
22.6750,49.6254,0.0153
22.7250,49.6254,0.0153
22.7750,49.6254,0.0142
22.8250,49.6254,0.0178
22.8750,49.6254,0.0173
22.9250,49.6254,0.0174
22.9750,49.6254,0.0174
23.0250,49.6254,0.0167
23.0750,49.6254,0.0166
23.1250,49.6254,0.0166
23.1750,49.6254,0.0185
23.2250,49.6254,0.0185
23.2750,49.6254,0.0172
23.3250,49.6254,0.0243
23.3750,49.6254,0.0243
23.4250,49.6254,0.0254
23.4750,49.6254,0.0271
23.5250,49.6254,0.0271
23.5750,49.6254,0.0282
23.6250,49.6254,0.0282
23.6750,49.6254,0.0288
23.7250,49.6254,0.0297
23.7750,49.6254,0.0297
23.8250,49.6254,0.0305
23.8750,49.6254,0.0307
23.9250,49.6254,0.0307
23.9750,49.6254,0.0320
24.0250,49.6254,0.0320
24.0750,49.6254,0.0330
24.1250,49.6254,0.0330
24.1750,49.6254,0.0330
14.1250,49.5754,0.0098
14.1750,49.5754,0.0098
14.2250,49.5754,0.0098
14.2750,49.5754,0.0098
14.3250,49.5754,0.0097
14.3750,49.5754,0.0096
14.4250,49.5754,0.0098
14.4750,49.5754,0.0097
14.5250,49.5754,0.0097
14.5750,49.5754,0.0097
14.6250,49.5754,0.0098
14.6750,49.5754,0.0098
14.7250,49.5754,0.0098
14.7750,49.5754,0.0097
14.8250,49.5754,0.0097
14.8750,49.5754,0.0098
14.9250,49.5754,0.0098
14.9750,49.5754,0.0100
15.0250,49.5754,0.0099
15.0750,49.5754,0.0101
15.1250,49.5754,0.0100
15.1750,49.5754,0.0101
15.2250,49.5754,0.0101
15.2750,49.5754,0.0103
15.3250,49.5754,0.0103
15.3750,49.5754,0.0103
15.4250,49.5754,0.0103
15.4750,49.5754,0.0103
15.5250,49.5754,0.0105
15.5750,49.5754,0.0105
15.6250,49.5754,0.0106
15.6750,49.5754,0.0106
15.7250,49.5754,0.0108
15.7750,49.5754,0.0107
15.8250,49.5754,0.0109
15.8750,49.5754,0.0109
15.9250,49.5754,0.0110
15.9750,49.5754,0.0111
16.0250,49.5754,0.0110
16.0750,49.5754,0.0112
16.1250,49.5754,0.0112
16.1750,49.5754,0.0116
16.2250,49.5754,0.0116
16.2750,49.5754,0.0120
16.3250,49.5754,0.0120
16.3750,49.5754,0.0120
16.4250,49.5754,0.0123
16.4750,49.5754,0.0124
16.5250,49.5754,0.0127
16.5750,49.5754,0.0128
16.6250,49.5754,0.0131
16.6750,49.5754,0.0131
16.7250,49.5754,0.0135
16.7750,49.5754,0.0135
16.8250,49.5754,0.0136
16.8750,49.5754,0.0140
16.9250,49.5754,0.0140
16.9750,49.5754,0.0144
17.0250,49.5754,0.0144
17.0750,49.5754,0.0150
17.1250,49.5754,0.0152
17.1750,49.5754,0.0152
17.2250,49.5754,0.0159
17.2750,49.5754,0.0159
17.3250,49.5754,0.0166
17.3750,49.5754,0.0169
17.4250,49.5754,0.0172
17.4750,49.5754,0.0175
17.5250,49.5754,0.0181
17.5750,49.5754,0.0181
17.6250,49.5754,0.0184
17.6750,49.5754,0.0187
17.7250,49.5754,0.0189
17.7750,49.5754,0.0200
17.8250,49.5754,0.0200
17.8750,49.5754,0.0211
17.9250,49.5754,0.0215
17.9750,49.5754,0.0215
18.0250,49.5754,0.0226
18.0750,49.5754,0.0226
18.1250,49.5754,0.0235
18.1750,49.5754,0.0239
18.2250,49.5754,0.0244
18.2750,49.5754,0.0247
18.3250,49.5754,0.0249
18.3750,49.5754,0.0260
18.4250,49.5754,0.0264
18.4750,49.5754,0.0274
18.5250,49.5754,0.0276
18.5750,49.5754,0.0288
18.6250,49.5754,0.0288
18.6750,49.5754,0.0301
18.7250,49.5754,0.0302
18.7750,49.5754,0.0302
18.8250,49.5754,0.0314
18.8750,49.5754,0.0314
18.9250,49.5754,0.0328
18.9750,49.5754,0.0320
19.0250,49.5754,0.0318
19.0750,49.5754,0.0330
19.1250,49.5754,0.0330
19.1750,49.5754,0.0349
19.2250,49.5754,0.0332
19.2750,49.5754,0.0353
19.3250,49.5754,0.0351
19.3750,49.5754,0.0351
19.4250,49.5754,0.0374
19.4750,49.5754,0.0365
19.5250,49.5754,0.0394
19.5750,49.5754,0.0383
19.6250,49.5754,0.0397
19.6750,49.5754,0.0397
19.7250,49.5754,0.0386
19.7750,49.5754,0.0408
19.8250,49.5754,0.0398
19.8750,49.5754,0.0405
19.9250,49.5754,0.0405
19.9750,49.5754,0.0394
20.0250,49.5754,0.0399
20.0750,49.5754,0.0398
20.1250,49.5754,0.0401
20.1750,49.5754,0.0401
20.2250,49.5754,0.0398
20.2750,49.5754,0.0381
20.3250,49.5754,0.0381
20.3750,49.5754,0.0382
20.4250,49.5754,0.0381
20.4750,49.5754,0.0381
20.5250,49.5754,0.0340
20.5750,49.5754,0.0340
20.6250,49.5754,0.0337
20.6750,49.5754,0.0305
20.7250,49.5754,0.0338
20.7750,49.5754,0.0305
20.8250,49.5754,0.0305
20.8750,49.5754,0.0304
20.9250,49.5754,0.0280
20.9750,49.5754,0.0307
21.0250,49.5754,0.0284
21.0750,49.5754,0.0289
21.1250,49.5754,0.0289
21.1750,49.5754,0.0267
21.2250,49.5754,0.0295
21.2750,49.5754,0.0274
21.3250,49.5754,0.0280
21.3750,49.5754,0.0280
21.4250,49.5754,0.0257
21.4750,49.5754,0.0263
21.5250,49.5754,0.0263
21.5750,49.5754,0.0269
21.6250,49.5754,0.0269
21.6750,49.5754,0.0244
21.7250,49.5754,0.0247
21.7750,49.5754,0.0247
21.8250,49.5754,0.0249
21.8750,49.5754,0.0247
21.9250,49.5754,0.0230
21.9750,49.5754,0.0229
22.0250,49.5754,0.0229
22.0750,49.5754,0.0227
22.1250,49.5754,0.0206
22.1750,49.5754,0.0206
22.2250,49.5754,0.0204
22.2750,49.5754,0.0204
22.3250,49.5754,0.0201
22.3750,49.5754,0.0184
22.4250,49.5754,0.0184
22.4750,49.5754,0.0182
22.5250,49.5754,0.0169
22.5750,49.5754,0.0179
22.6250,49.5754,0.0167
22.6750,49.5754,0.0167
22.7250,49.5754,0.0188
22.7750,49.5754,0.0180
22.8250,49.5754,0.0185
22.8750,49.5754,0.0181
22.9250,49.5754,0.0181
22.9750,49.5754,0.0187
23.0250,49.5754,0.0170
23.0750,49.5754,0.0172
23.1250,49.5754,0.0184
23.1750,49.5754,0.0188
23.2250,49.5754,0.0231
23.2750,49.5754,0.0238
23.3250,49.5754,0.0250
23.3750,49.5754,0.0251
23.4250,49.5754,0.0262
23.4750,49.5754,0.0265
23.5250,49.5754,0.0274
23.5750,49.5754,0.0285
23.6250,49.5754,0.0285
23.6750,49.5754,0.0291
23.7250,49.5754,0.0307
23.7750,49.5754,0.0307
23.8250,49.5754,0.0311
23.8750,49.5754,0.0315
23.9250,49.5754,0.0318
23.9750,49.5754,0.0327
24.0250,49.5754,0.0327
24.0750,49.5754,0.0330
24.1250,49.5754,0.0342
24.1750,49.5754,0.0342
14.1250,49.5254,0.0100
14.1750,49.5254,0.0099
14.2250,49.5254,0.0099
14.2750,49.5254,0.0099
14.3250,49.5254,0.0099
14.3750,49.5254,0.0099
14.4250,49.5254,0.0100
14.4750,49.5254,0.0098
14.5250,49.5254,0.0099
14.5750,49.5254,0.0099
14.6250,49.5254,0.0100
14.6750,49.5254,0.0100
14.7250,49.5254,0.0098
14.7750,49.5254,0.0101
14.8250,49.5254,0.0100
14.8750,49.5254,0.0101
14.9250,49.5254,0.0101
14.9750,49.5254,0.0102
15.0250,49.5254,0.0102
15.0750,49.5254,0.0103
15.1250,49.5254,0.0102
15.1750,49.5254,0.0102
15.2250,49.5254,0.0104
15.2750,49.5254,0.0103
15.3250,49.5254,0.0105
15.3750,49.5254,0.0104
15.4250,49.5254,0.0106
15.4750,49.5254,0.0105
15.5250,49.5254,0.0107
15.5750,49.5254,0.0107
15.6250,49.5254,0.0108
15.6750,49.5254,0.0108
15.7250,49.5254,0.0108
15.7750,49.5254,0.0109
15.8250,49.5254,0.0109
15.8750,49.5254,0.0111
15.9250,49.5254,0.0111
15.9750,49.5254,0.0114
16.0250,49.5254,0.0113
16.0750,49.5254,0.0115
16.1250,49.5254,0.0117
16.1750,49.5254,0.0120
16.2250,49.5254,0.0120
16.2750,49.5254,0.0120
16.3250,49.5254,0.0123
16.3750,49.5254,0.0123
16.4250,49.5254,0.0127
16.4750,49.5254,0.0127
16.5250,49.5254,0.0131
16.5750,49.5254,0.0131
16.6250,49.5254,0.0131
16.6750,49.5254,0.0135
16.7250,49.5254,0.0135
16.7750,49.5254,0.0139
16.8250,49.5254,0.0139
16.8750,49.5254,0.0143
16.9250,49.5254,0.0143
16.9750,49.5254,0.0148
17.0250,49.5254,0.0148
17.0750,49.5254,0.0150
17.1250,49.5254,0.0156
17.1750,49.5254,0.0157
17.2250,49.5254,0.0164
17.2750,49.5254,0.0164
17.3250,49.5254,0.0171
17.3750,49.5254,0.0172
17.4250,49.5254,0.0172
17.4750,49.5254,0.0179
17.5250,49.5254,0.0179
17.5750,49.5254,0.0185
17.6250,49.5254,0.0186
17.6750,49.5254,0.0193
17.7250,49.5254,0.0196
17.7750,49.5254,0.0200
17.8250,49.5254,0.0207
17.8750,49.5254,0.0212
17.9250,49.5254,0.0218
17.9750,49.5254,0.0221
18.0250,49.5254,0.0231
18.0750,49.5254,0.0231
18.1250,49.5254,0.0242
18.1750,49.5254,0.0242
18.2250,49.5254,0.0244
18.2750,49.5254,0.0257
18.3250,49.5254,0.0257
18.3750,49.5254,0.0273
18.4250,49.5254,0.0273
18.4750,49.5254,0.0288
18.5250,49.5254,0.0288
18.5750,49.5254,0.0288
18.6250,49.5254,0.0304
18.6750,49.5254,0.0302
18.7250,49.5254,0.0320
18.7750,49.5254,0.0317
18.8250,49.5254,0.0327
18.8750,49.5254,0.0340
18.9250,49.5254,0.0334
18.9750,49.5254,0.0370
19.0250,49.5254,0.0349
19.0750,49.5254,0.0367
19.1250,49.5254,0.0367
19.1750,49.5254,0.0383
19.2250,49.5254,0.0383
19.2750,49.5254,0.0368
19.3250,49.5254,0.0386
19.3750,49.5254,0.0386
19.4250,49.5254,0.0402
19.4750,49.5254,0.0396
19.5250,49.5254,0.0395
19.5750,49.5254,0.0407
19.6250,49.5254,0.0407
19.6750,49.5254,0.0415
19.7250,49.5254,0.0408
19.7750,49.5254,0.0414
19.8250,49.5254,0.0414
19.8750,49.5254,0.0414
19.9250,49.5254,0.0419
19.9750,49.5254,0.0410
20.0250,49.5254,0.0421
20.0750,49.5254,0.0414
20.1250,49.5254,0.0415
20.1750,49.5254,0.0416
20.2250,49.5254,0.0403
20.2750,49.5254,0.0416
20.3250,49.5254,0.0405
20.3750,49.5254,0.0405
20.4250,49.5254,0.0405
20.4750,49.5254,0.0381
20.5250,49.5254,0.0378
20.5750,49.5254,0.0378
20.6250,49.5254,0.0378
20.6750,49.5254,0.0378
20.7250,49.5254,0.0338
20.7750,49.5254,0.0337
20.8250,49.5254,0.0337
20.8750,49.5254,0.0335
20.9250,49.5254,0.0325
20.9750,49.5254,0.0308
21.0250,49.5254,0.0311
21.0750,49.5254,0.0311
21.1250,49.5254,0.0316
21.1750,49.5254,0.0296
21.2250,49.5254,0.0300
21.2750,49.5254,0.0302
21.3250,49.5254,0.0302
21.3750,49.5254,0.0310
21.4250,49.5254,0.0287
21.4750,49.5254,0.0295
21.5250,49.5254,0.0294
21.5750,49.5254,0.0286
21.6250,49.5254,0.0303
21.6750,49.5254,0.0276
21.7250,49.5254,0.0284
21.7750,49.5254,0.0281
21.8250,49.5254,0.0262
21.8750,49.5254,0.0283
21.9250,49.5254,0.0248
21.9750,49.5254,0.0247
22.0250,49.5254,0.0247
22.0750,49.5254,0.0229
22.1250,49.5254,0.0244
22.1750,49.5254,0.0225
22.2250,49.5254,0.0222
22.2750,49.5254,0.0222
22.3250,49.5254,0.0201
22.3750,49.5254,0.0197
22.4250,49.5254,0.0197
22.4750,49.5254,0.0193
22.5250,49.5254,0.0193
22.5750,49.5254,0.0179
22.6250,49.5254,0.0201
22.6750,49.5254,0.0201
22.7250,49.5254,0.0201
22.7750,49.5254,0.0191
22.8250,49.5254,0.0188
22.8750,49.5254,0.0204
22.9250,49.5254,0.0204
22.9750,49.5254,0.0185
23.0250,49.5254,0.0184
23.0750,49.5254,0.0184
23.1250,49.5254,0.0225
23.1750,49.5254,0.0226
23.2250,49.5254,0.0237
23.2750,49.5254,0.0243
23.3250,49.5254,0.0243
23.3750,49.5254,0.0255
23.4250,49.5254,0.0265
23.4750,49.5254,0.0266
23.5250,49.5254,0.0277
23.5750,49.5254,0.0277
23.6250,49.5254,0.0294
23.6750,49.5254,0.0301
23.7250,49.5254,0.0301
23.7750,49.5254,0.0310
23.8250,49.5254,0.0315
23.8750,49.5254,0.0317
23.9250,49.5254,0.0322
23.9750,49.5254,0.0323
24.0250,49.5254,0.0347
24.0750,49.5254,0.0340
24.1250,49.5254,0.0346
24.1750,49.5254,0.0364
14.1250,49.4754,0.0102
14.1750,49.4754,0.0100
14.2250,49.4754,0.0100
14.2750,49.4754,0.0101
14.3250,49.4754,0.0101
14.3750,49.4754,0.0101
14.4250,49.4754,0.0100
14.4750,49.4754,0.0101
14.5250,49.4754,0.0100
14.5750,49.4754,0.0101
14.6250,49.4754,0.0101
14.6750,49.4754,0.0103
14.7250,49.4754,0.0101
14.7750,49.4754,0.0104
14.8250,49.4754,0.0102
14.8750,49.4754,0.0102
14.9250,49.4754,0.0103
14.9750,49.4754,0.0104
15.0250,49.4754,0.0105
15.0750,49.4754,0.0103
15.1250,49.4754,0.0105
15.1750,49.4754,0.0105
15.2250,49.4754,0.0106
15.2750,49.4754,0.0106
15.3250,49.4754,0.0107
15.3750,49.4754,0.0106
15.4250,49.4754,0.0106
15.4750,49.4754,0.0108
15.5250,49.4754,0.0108
15.5750,49.4754,0.0109
15.6250,49.4754,0.0108
15.6750,49.4754,0.0111
15.7250,49.4754,0.0110
15.7750,49.4754,0.0112
15.8250,49.4754,0.0112
15.8750,49.4754,0.0115
15.9250,49.4754,0.0115
15.9750,49.4754,0.0114
16.0250,49.4754,0.0117
16.0750,49.4754,0.0117
16.1250,49.4754,0.0121
16.1750,49.4754,0.0121
16.2250,49.4754,0.0125
16.2750,49.4754,0.0124
16.3250,49.4754,0.0126
16.3750,49.4754,0.0128
16.4250,49.4754,0.0131
16.4750,49.4754,0.0131
16.5250,49.4754,0.0131
16.5750,49.4754,0.0135
16.6250,49.4754,0.0135
16.6750,49.4754,0.0139
16.7250,49.4754,0.0139
16.7750,49.4754,0.0143
16.8250,49.4754,0.0143
16.8750,49.4754,0.0143
16.9250,49.4754,0.0148
16.9750,49.4754,0.0148
17.0250,49.4754,0.0156
17.0750,49.4754,0.0156
17.1250,49.4754,0.0163
17.1750,49.4754,0.0163
17.2250,49.4754,0.0165
17.2750,49.4754,0.0170
17.3250,49.4754,0.0172
17.3750,49.4754,0.0177
17.4250,49.4754,0.0177
17.4750,49.4754,0.0184
17.5250,49.4754,0.0184
17.5750,49.4754,0.0192
17.6250,49.4754,0.0192
17.6750,49.4754,0.0193
17.7250,49.4754,0.0205
17.7750,49.4754,0.0205
17.8250,49.4754,0.0217
17.8750,49.4754,0.0217
17.9250,49.4754,0.0229
17.9750,49.4754,0.0230
18.0250,49.4754,0.0230
18.0750,49.4754,0.0240
18.1250,49.4754,0.0242
18.1750,49.4754,0.0254
18.2250,49.4754,0.0255
18.2750,49.4754,0.0271
18.3250,49.4754,0.0274
18.3750,49.4754,0.0292
18.4250,49.4754,0.0292
18.4750,49.4754,0.0289
18.5250,49.4754,0.0307
18.5750,49.4754,0.0306
18.6250,49.4754,0.0327
18.6750,49.4754,0.0327
18.7250,49.4754,0.0324
18.7750,49.4754,0.0350
18.8250,49.4754,0.0350
18.8750,49.4754,0.0387
18.9250,49.4754,0.0382
18.9750,49.4754,0.0441
19.0250,49.4754,0.0391
19.0750,49.4754,0.0391
19.1250,49.4754,0.0398
19.1750,49.4754,0.0383
19.2250,49.4754,0.0409
19.2750,49.4754,0.0398
19.3250,49.4754,0.0406
19.3750,49.4754,0.0410
19.4250,49.4754,0.0409
19.4750,49.4754,0.0419
19.5250,49.4754,0.0413
19.5750,49.4754,0.0420
19.6250,49.4754,0.0420
19.6750,49.4754,0.0429
19.7250,49.4754,0.0429
19.7750,49.4754,0.0421
19.8250,49.4754,0.0426
19.8750,49.4754,0.0426
19.9250,49.4754,0.0431
19.9750,49.4754,0.0422
20.0250,49.4754,0.0421
20.0750,49.4754,0.0424
20.1250,49.4754,0.0424
20.1750,49.4754,0.0429
20.2250,49.4754,0.0417
20.2750,49.4754,0.0418
20.3250,49.4754,0.0418
20.3750,49.4754,0.0418
20.4250,49.4754,0.0419
20.4750,49.4754,0.0404
20.5250,49.4754,0.0412
20.5750,49.4754,0.0404
20.6250,49.4754,0.0399
20.6750,49.4754,0.0405
20.7250,49.4754,0.0378
20.7750,49.4754,0.0382
20.8250,49.4754,0.0374
20.8750,49.4754,0.0373
20.9250,49.4754,0.0375
20.9750,49.4754,0.0338
21.0250,49.4754,0.0348
21.0750,49.4754,0.0348
21.1250,49.4754,0.0360
21.1750,49.4754,0.0360
21.2250,49.4754,0.0324
21.2750,49.4754,0.0338
21.3250,49.4754,0.0338
21.3750,49.4754,0.0352
21.4250,49.4754,0.0318
21.4750,49.4754,0.0317
21.5250,49.4754,0.0329
21.5750,49.4754,0.0329
21.6250,49.4754,0.0344
21.6750,49.4754,0.0310
21.7250,49.4754,0.0310
21.7750,49.4754,0.0314
21.8250,49.4754,0.0306
21.8750,49.4754,0.0316
21.9250,49.4754,0.0281
21.9750,49.4754,0.0281
22.0250,49.4754,0.0277
22.0750,49.4754,0.0244
22.1250,49.4754,0.0271
22.1750,49.4754,0.0242
22.2250,49.4754,0.0241
22.2750,49.4754,0.0238
22.3250,49.4754,0.0218
22.3750,49.4754,0.0230
22.4250,49.4754,0.0214
22.4750,49.4754,0.0225
22.5250,49.4754,0.0231
22.5750,49.4754,0.0216
22.6250,49.4754,0.0216
22.6750,49.4754,0.0215
22.7250,49.4754,0.0209
22.7750,49.4754,0.0219
22.8250,49.4754,0.0216
22.8750,49.4754,0.0198
22.9250,49.4754,0.0198
22.9750,49.4754,0.0185
23.0250,49.4754,0.0218
23.0750,49.4754,0.0220
23.1250,49.4754,0.0231
23.1750,49.4754,0.0231
23.2250,49.4754,0.0237
23.2750,49.4754,0.0245
23.3250,49.4754,0.0245
23.3750,49.4754,0.0264
23.4250,49.4754,0.0265
23.4750,49.4754,0.0275
23.5250,49.4754,0.0286
23.5750,49.4754,0.0286
23.6250,49.4754,0.0295
23.6750,49.4754,0.0303
23.7250,49.4754,0.0303
23.7750,49.4754,0.0312
23.8250,49.4754,0.0312
23.8750,49.4754,0.0317
23.9250,49.4754,0.0339
23.9750,49.4754,0.0339
24.0250,49.4754,0.0353
24.0750,49.4754,0.0360
24.1250,49.4754,0.0360
24.1750,49.4754,0.0372
14.1250,49.4254,0.0102
14.1750,49.4254,0.0102
14.2250,49.4254,0.0102
14.2750,49.4254,0.0103
14.3250,49.4254,0.0103
14.3750,49.4254,0.0104
14.4250,49.4254,0.0102
14.4750,49.4254,0.0105
14.5250,49.4254,0.0103
14.5750,49.4254,0.0104
14.6250,49.4254,0.0104
14.6750,49.4254,0.0105
14.7250,49.4254,0.0106
14.7750,49.4254,0.0104
14.8250,49.4254,0.0105
14.8750,49.4254,0.0105
14.9250,49.4254,0.0106
14.9750,49.4254,0.0106
15.0250,49.4254,0.0108
15.0750,49.4254,0.0106
15.1250,49.4254,0.0107
15.1750,49.4254,0.0107
15.2250,49.4254,0.0108
15.2750,49.4254,0.0109
15.3250,49.4254,0.0107
15.3750,49.4254,0.0110
15.4250,49.4254,0.0109
15.4750,49.4254,0.0110
15.5250,49.4254,0.0110
15.5750,49.4254,0.0112
15.6250,49.4254,0.0112
15.6750,49.4254,0.0115
15.7250,49.4254,0.0113
15.7750,49.4254,0.0113
15.8250,49.4254,0.0117
15.8750,49.4254,0.0116
15.9250,49.4254,0.0120
15.9750,49.4254,0.0119
16.0250,49.4254,0.0124
16.0750,49.4254,0.0122
16.1250,49.4254,0.0126
16.1750,49.4254,0.0126
16.2250,49.4254,0.0127
16.2750,49.4254,0.0129
16.3250,49.4254,0.0128
16.3750,49.4254,0.0132
16.4250,49.4254,0.0132
16.4750,49.4254,0.0136
16.5250,49.4254,0.0135
16.5750,49.4254,0.0140
16.6250,49.4254,0.0140
16.6750,49.4254,0.0140
16.7250,49.4254,0.0144
16.7750,49.4254,0.0143
16.8250,49.4254,0.0150
16.8750,49.4254,0.0149
16.9250,49.4254,0.0156
16.9750,49.4254,0.0156
17.0250,49.4254,0.0164
17.0750,49.4254,0.0164
17.1250,49.4254,0.0163
17.1750,49.4254,0.0170
17.2250,49.4254,0.0170
17.2750,49.4254,0.0178
17.3250,49.4254,0.0178
17.3750,49.4254,0.0185
17.4250,49.4254,0.0184
17.4750,49.4254,0.0184
17.5250,49.4254,0.0192
17.5750,49.4254,0.0194
17.6250,49.4254,0.0205
17.6750,49.4254,0.0205
17.7250,49.4254,0.0216
17.7750,49.4254,0.0216
17.8250,49.4254,0.0228
17.8750,49.4254,0.0228
17.9250,49.4254,0.0229
17.9750,49.4254,0.0240
18.0250,49.4254,0.0240
18.0750,49.4254,0.0253
18.1250,49.4254,0.0253
18.1750,49.4254,0.0275
18.2250,49.4254,0.0274
18.2750,49.4254,0.0274
18.3250,49.4254,0.0295
18.3750,49.4254,0.0295
18.4250,49.4254,0.0315
18.4750,49.4254,0.0311
18.5250,49.4254,0.0318
18.5750,49.4254,0.0339
18.6250,49.4254,0.0370
18.6750,49.4254,0.0383
18.7250,49.4254,0.0365
18.7750,49.4254,0.0414
18.8250,49.4254,0.0402
18.8750,49.4254,0.0465
18.9250,49.4254,0.0465
18.9750,49.4254,0.0441
19.0250,49.4254,0.0456
19.0750,49.4254,0.0456
19.1250,49.4254,0.0426
19.1750,49.4254,0.0426
19.2250,49.4254,0.0424
19.2750,49.4254,0.0418
19.3250,49.4254,0.0418
19.3750,49.4254,0.0428
19.4250,49.4254,0.0425
19.4750,49.4254,0.0437
19.5250,49.4254,0.0430
19.5750,49.4254,0.0430
19.6250,49.4254,0.0439
19.6750,49.4254,0.0429
19.7250,49.4254,0.0442
19.7750,49.4254,0.0436
19.8250,49.4254,0.0440
19.8750,49.4254,0.0441
19.9250,49.4254,0.0434
19.9750,49.4254,0.0443
20.0250,49.4254,0.0436
20.0750,49.4254,0.0440
20.1250,49.4254,0.0440
20.1750,49.4254,0.0442
20.2250,49.4254,0.0442
20.2750,49.4254,0.0432
20.3250,49.4254,0.0435
20.3750,49.4254,0.0435
20.4250,49.4254,0.0436
20.4750,49.4254,0.0421
20.5250,49.4254,0.0421
20.5750,49.4254,0.0422
20.6250,49.4254,0.0422
20.6750,49.4254,0.0422
20.7250,49.4254,0.0406
20.7750,49.4254,0.0406
20.8250,49.4254,0.0405
20.8750,49.4254,0.0396
20.9250,49.4254,0.0408
20.9750,49.4254,0.0382
21.0250,49.4254,0.0382
21.0750,49.4254,0.0391
21.1250,49.4254,0.0361
21.1750,49.4254,0.0400
21.2250,49.4254,0.0374
21.2750,49.4254,0.0384
21.3250,49.4254,0.0386
21.3750,49.4254,0.0353
21.4250,49.4254,0.0395
21.4750,49.4254,0.0367
21.5250,49.4254,0.0379
21.5750,49.4254,0.0379
21.6250,49.4254,0.0344
21.6750,49.4254,0.0365
21.7250,49.4254,0.0356
21.7750,49.4254,0.0360
21.8250,49.4254,0.0360
21.8750,49.4254,0.0316
21.9250,49.4254,0.0311
21.9750,49.4254,0.0311
22.0250,49.4254,0.0306
22.0750,49.4254,0.0305
22.1250,49.4254,0.0272
22.1750,49.4254,0.0266
22.2250,49.4254,0.0266
22.2750,49.4254,0.0258
22.3250,49.4254,0.0234
22.3750,49.4254,0.0234
22.4250,49.4254,0.0245
22.4750,49.4254,0.0245
22.5250,49.4254,0.0243
22.5750,49.4254,0.0228
22.6250,49.4254,0.0228
22.6750,49.4254,0.0254
22.7250,49.4254,0.0221
22.7750,49.4254,0.0207
22.8250,49.4254,0.0212
22.8750,49.4254,0.0212
22.9250,49.4254,0.0216
22.9750,49.4254,0.0217
23.0250,49.4254,0.0222
23.0750,49.4254,0.0226
23.1250,49.4254,0.0235
23.1750,49.4254,0.0238
23.2250,49.4254,0.0240
23.2750,49.4254,0.0242
23.3250,49.4254,0.0253
23.3750,49.4254,0.0264
23.4250,49.4254,0.0265
23.4750,49.4254,0.0276
23.5250,49.4254,0.0287
23.5750,49.4254,0.0287
23.6250,49.4254,0.0295
23.6750,49.4254,0.0303
23.7250,49.4254,0.0311
23.7750,49.4254,0.0319
23.8250,49.4254,0.0319
23.8750,49.4254,0.0328
23.9250,49.4254,0.0344
23.9750,49.4254,0.0344
24.0250,49.4254,0.0356
24.0750,49.4254,0.0358
24.1250,49.4254,0.0366
24.1750,49.4254,0.0378
14.1250,49.3754,0.0104
14.1750,49.3754,0.0106
14.2250,49.3754,0.0104
14.2750,49.3754,0.0106
14.3250,49.3754,0.0106
14.3750,49.3754,0.0107
14.4250,49.3754,0.0107
14.4750,49.3754,0.0105
14.5250,49.3754,0.0106
14.5750,49.3754,0.0106
14.6250,49.3754,0.0108
14.6750,49.3754,0.0108
14.7250,49.3754,0.0109
14.7750,49.3754,0.0107
14.8250,49.3754,0.0109
14.8750,49.3754,0.0108
14.9250,49.3754,0.0109
14.9750,49.3754,0.0109
15.0250,49.3754,0.0108
15.0750,49.3754,0.0111
15.1250,49.3754,0.0109
15.1750,49.3754,0.0110
15.2250,49.3754,0.0110
15.2750,49.3754,0.0112
15.3250,49.3754,0.0111
15.3750,49.3754,0.0115
15.4250,49.3754,0.0112
15.4750,49.3754,0.0112
15.5250,49.3754,0.0115
15.5750,49.3754,0.0116
15.6250,49.3754,0.0118
15.6750,49.3754,0.0115
15.7250,49.3754,0.0119
15.7750,49.3754,0.0119
15.8250,49.3754,0.0122
15.8750,49.3754,0.0122
15.9250,49.3754,0.0126
15.9750,49.3754,0.0124
16.0250,49.3754,0.0124
16.0750,49.3754,0.0127
16.1250,49.3754,0.0127
16.1750,49.3754,0.0131
16.2250,49.3754,0.0129
16.2750,49.3754,0.0135
16.3250,49.3754,0.0134
16.3750,49.3754,0.0138
16.4250,49.3754,0.0138
16.4750,49.3754,0.0141
16.5250,49.3754,0.0142
16.5750,49.3754,0.0140
16.6250,49.3754,0.0144
16.6750,49.3754,0.0144
16.7250,49.3754,0.0152
16.7750,49.3754,0.0152
16.8250,49.3754,0.0159
16.8750,49.3754,0.0158
16.9250,49.3754,0.0158
16.9750,49.3754,0.0166
17.0250,49.3754,0.0165
17.0750,49.3754,0.0173
17.1250,49.3754,0.0172
17.1750,49.3754,0.0179
17.2250,49.3754,0.0179
17.2750,49.3754,0.0186
17.3250,49.3754,0.0186
17.3750,49.3754,0.0185
17.4250,49.3754,0.0193
17.4750,49.3754,0.0193
17.5250,49.3754,0.0206
17.5750,49.3754,0.0206
17.6250,49.3754,0.0219
17.6750,49.3754,0.0217
17.7250,49.3754,0.0217
17.7750,49.3754,0.0229
17.8250,49.3754,0.0229
17.8750,49.3754,0.0241
17.9250,49.3754,0.0240
17.9750,49.3754,0.0253
18.0250,49.3754,0.0254
18.0750,49.3754,0.0276
18.1250,49.3754,0.0276
18.1750,49.3754,0.0276
18.2250,49.3754,0.0299
18.2750,49.3754,0.0297
18.3250,49.3754,0.0320
18.3750,49.3754,0.0320
18.4250,49.3754,0.0355
18.4750,49.3754,0.0349
18.5250,49.3754,0.0349
18.5750,49.3754,0.0395
18.6250,49.3754,0.0395
18.6750,49.3754,0.0480
18.7250,49.3754,0.0431
18.7750,49.3754,0.0432
18.8250,49.3754,0.0497
18.8750,49.3754,0.0496
18.9250,49.3754,0.0550
18.9750,49.3754,0.0534
19.0250,49.3754,0.0571
19.0750,49.3754,0.0488
19.1250,49.3754,0.0448
19.1750,49.3754,0.0448
19.2250,49.3754,0.0428
19.2750,49.3754,0.0440
19.3250,49.3754,0.0436
19.3750,49.3754,0.0442
19.4250,49.3754,0.0442
19.4750,49.3754,0.0437
19.5250,49.3754,0.0442
19.5750,49.3754,0.0442
19.6250,49.3754,0.0447
19.6750,49.3754,0.0447
19.7250,49.3754,0.0450
19.7750,49.3754,0.0445
19.8250,49.3754,0.0445
19.8750,49.3754,0.0448
19.9250,49.3754,0.0444
19.9750,49.3754,0.0451
20.0250,49.3754,0.0445
20.0750,49.3754,0.0445
20.1250,49.3754,0.0447
20.1750,49.3754,0.0442
20.2250,49.3754,0.0452
20.2750,49.3754,0.0443
20.3250,49.3754,0.0445
20.3750,49.3754,0.0445
20.4250,49.3754,0.0436
20.4750,49.3754,0.0449
20.5250,49.3754,0.0436
20.5750,49.3754,0.0439
20.6250,49.3754,0.0439
20.6750,49.3754,0.0423
20.7250,49.3754,0.0429
20.7750,49.3754,0.0423
20.8250,49.3754,0.0425
20.8750,49.3754,0.0425
20.9250,49.3754,0.0417
20.9750,49.3754,0.0412
21.0250,49.3754,0.0412
21.0750,49.3754,0.0418
21.1250,49.3754,0.0418
21.1750,49.3754,0.0421
21.2250,49.3754,0.0407
21.2750,49.3754,0.0407
21.3250,49.3754,0.0414
21.3750,49.3754,0.0395
21.4250,49.3754,0.0417
21.4750,49.3754,0.0403
21.5250,49.3754,0.0403
21.5750,49.3754,0.0409
21.6250,49.3754,0.0388
21.6750,49.3754,0.0408
21.7250,49.3754,0.0393
21.7750,49.3754,0.0389
21.8250,49.3754,0.0393
21.8750,49.3754,0.0356
21.9250,49.3754,0.0373
21.9750,49.3754,0.0346
22.0250,49.3754,0.0335
22.0750,49.3754,0.0341
22.1250,49.3754,0.0301
22.1750,49.3754,0.0294
22.2250,49.3754,0.0294
22.2750,49.3754,0.0282
22.3250,49.3754,0.0299
22.3750,49.3754,0.0271
22.4250,49.3754,0.0264
22.4750,49.3754,0.0264
22.5250,49.3754,0.0245
22.5750,49.3754,0.0261
22.6250,49.3754,0.0261
22.6750,49.3754,0.0237
22.7250,49.3754,0.0237
22.7750,49.3754,0.0207
22.8250,49.3754,0.0219
22.8750,49.3754,0.0219
22.9250,49.3754,0.0224
22.9750,49.3754,0.0224
23.0250,49.3754,0.0224
23.0750,49.3754,0.0234
23.1250,49.3754,0.0234
23.1750,49.3754,0.0241
23.2250,49.3754,0.0245
23.2750,49.3754,0.0245
23.3250,49.3754,0.0255
23.3750,49.3754,0.0261
23.4250,49.3754,0.0272
23.4750,49.3754,0.0277
23.5250,49.3754,0.0277
23.5750,49.3754,0.0293
23.6250,49.3754,0.0302
23.6750,49.3754,0.0302
23.7250,49.3754,0.0311
23.7750,49.3754,0.0313
23.8250,49.3754,0.0320
23.8750,49.3754,0.0331
23.9250,49.3754,0.0331
23.9750,49.3754,0.0347
24.0250,49.3754,0.0358
24.0750,49.3754,0.0361
24.1250,49.3754,0.0371
24.1750,49.3754,0.0379
14.1250,49.3254,0.0108
14.1750,49.3254,0.0106
14.2250,49.3254,0.0107
14.2750,49.3254,0.0107
14.3250,49.3254,0.0109
14.3750,49.3254,0.0107
14.4250,49.3254,0.0110
14.4750,49.3254,0.0108
14.5250,49.3254,0.0112
14.5750,49.3254,0.0110
14.6250,49.3254,0.0111
14.6750,49.3254,0.0111
14.7250,49.3254,0.0110
14.7750,49.3254,0.0111
14.8250,49.3254,0.0110
14.8750,49.3254,0.0111
14.9250,49.3254,0.0111
14.9750,49.3254,0.0114
15.0250,49.3254,0.0111
15.0750,49.3254,0.0117
15.1250,49.3254,0.0113
15.1750,49.3254,0.0114
15.2250,49.3254,0.0116
15.2750,49.3254,0.0118
15.3250,49.3254,0.0118
15.3750,49.3254,0.0115
15.4250,49.3254,0.0118
15.4750,49.3254,0.0118
15.5250,49.3254,0.0120
15.5750,49.3254,0.0120
15.6250,49.3254,0.0123
15.6750,49.3254,0.0121
15.7250,49.3254,0.0122
15.7750,49.3254,0.0124
15.8250,49.3254,0.0125
15.8750,49.3254,0.0128
15.9250,49.3254,0.0126
15.9750,49.3254,0.0132
16.0250,49.3254,0.0129
16.0750,49.3254,0.0133
16.1250,49.3254,0.0133
16.1750,49.3254,0.0137
16.2250,49.3254,0.0137
16.2750,49.3254,0.0135
16.3250,49.3254,0.0139
16.3750,49.3254,0.0139
16.4250,49.3254,0.0143
16.4750,49.3254,0.0142
16.5250,49.3254,0.0150
16.5750,49.3254,0.0146
16.6250,49.3254,0.0149
16.6750,49.3254,0.0154
16.7250,49.3254,0.0162
16.7750,49.3254,0.0162
16.8250,49.3254,0.0160
16.8750,49.3254,0.0168
16.9250,49.3254,0.0167
16.9750,49.3254,0.0175
17.0250,49.3254,0.0175
17.0750,49.3254,0.0183
17.1250,49.3254,0.0181
17.1750,49.3254,0.0181
17.2250,49.3254,0.0188
17.2750,49.3254,0.0188
17.3250,49.3254,0.0199
17.3750,49.3254,0.0195
17.4250,49.3254,0.0210
17.4750,49.3254,0.0208
17.5250,49.3254,0.0221
17.5750,49.3254,0.0221
17.6250,49.3254,0.0219
17.6750,49.3254,0.0234
17.7250,49.3254,0.0231
17.7750,49.3254,0.0243
17.8250,49.3254,0.0243
17.8750,49.3254,0.0261
17.9250,49.3254,0.0256
17.9750,49.3254,0.0256
18.0250,49.3254,0.0278
18.0750,49.3254,0.0278
18.1250,49.3254,0.0302
18.1750,49.3254,0.0299
18.2250,49.3254,0.0314
18.2750,49.3254,0.0326
18.3250,49.3254,0.0328
18.3750,49.3254,0.0379
18.4250,49.3254,0.0364
18.4750,49.3254,0.0438
18.5250,49.3254,0.0408
18.5750,49.3254,0.0484
18.6250,49.3254,0.0484
18.6750,49.3254,0.0490
18.7250,49.3254,0.0591
18.7750,49.3254,0.0559
18.8250,49.3254,0.0632
18.8750,49.3254,0.0632
18.9250,49.3254,0.0629
18.9750,49.3254,0.0584
19.0250,49.3254,0.0584
19.0750,49.3254,0.0501
19.1250,49.3254,0.0501
19.1750,49.3254,0.0463
19.2250,49.3254,0.0447
19.2750,49.3254,0.0448
19.3250,49.3254,0.0453
19.3750,49.3254,0.0452
19.4250,49.3254,0.0455
19.4750,49.3254,0.0449
19.5250,49.3254,0.0455
19.5750,49.3254,0.0454
19.6250,49.3254,0.0456
19.6750,49.3254,0.0457
19.7250,49.3254,0.0452
19.7750,49.3254,0.0456
19.8250,49.3254,0.0456
19.8750,49.3254,0.0457
19.9250,49.3254,0.0457
19.9750,49.3254,0.0451
20.0250,49.3254,0.0455
20.0750,49.3254,0.0455
20.1250,49.3254,0.0457
20.1750,49.3254,0.0457
20.2250,49.3254,0.0452
20.2750,49.3254,0.0455
20.3250,49.3254,0.0455
20.3750,49.3254,0.0457
20.4250,49.3254,0.0449
20.4750,49.3254,0.0456
20.5250,49.3254,0.0453
20.5750,49.3254,0.0453
20.6250,49.3254,0.0456
20.6750,49.3254,0.0443
20.7250,49.3254,0.0456
20.7750,49.3254,0.0446
20.8250,49.3254,0.0449
20.8750,49.3254,0.0450
20.9250,49.3254,0.0432
20.9750,49.3254,0.0451
21.0250,49.3254,0.0441
21.0750,49.3254,0.0445
21.1250,49.3254,0.0446
21.1750,49.3254,0.0426
21.2250,49.3254,0.0435
21.2750,49.3254,0.0435
21.3250,49.3254,0.0441
21.3750,49.3254,0.0441
21.4250,49.3254,0.0421
21.4750,49.3254,0.0428
21.5250,49.3254,0.0428
21.5750,49.3254,0.0433
21.6250,49.3254,0.0417
21.6750,49.3254,0.0414
21.7250,49.3254,0.0416
21.7750,49.3254,0.0416
21.8250,49.3254,0.0414
21.8750,49.3254,0.0389
21.9250,49.3254,0.0389
21.9750,49.3254,0.0385
22.0250,49.3254,0.0381
22.0750,49.3254,0.0380
22.1250,49.3254,0.0333
22.1750,49.3254,0.0333
22.2250,49.3254,0.0333
22.2750,49.3254,0.0299
22.3250,49.3254,0.0320
22.3750,49.3254,0.0292
22.4250,49.3254,0.0294
22.4750,49.3254,0.0302
22.5250,49.3254,0.0281
22.5750,49.3254,0.0304
22.6250,49.3254,0.0282
22.6750,49.3254,0.0237
22.7250,49.3254,0.0237
22.7750,49.3254,0.0226
22.8250,49.3254,0.0228
22.8750,49.3254,0.0228
22.9250,49.3254,0.0230
22.9750,49.3254,0.0233
23.0250,49.3254,0.0231
23.0750,49.3254,0.0238
23.1250,49.3254,0.0238
23.1750,49.3254,0.0241
23.2250,49.3254,0.0246
23.2750,49.3254,0.0247
23.3250,49.3254,0.0262
23.3750,49.3254,0.0262
23.4250,49.3254,0.0272
23.4750,49.3254,0.0283
23.5250,49.3254,0.0283
23.5750,49.3254,0.0293
23.6250,49.3254,0.0299
23.6750,49.3254,0.0303
23.7250,49.3254,0.0311
23.7750,49.3254,0.0311
23.8250,49.3254,0.0320
23.8750,49.3254,0.0333
23.9250,49.3254,0.0333
23.9750,49.3254,0.0349
24.0250,49.3254,0.0355
24.0750,49.3254,0.0361
24.1250,49.3254,0.0375
24.1750,49.3254,0.0375
14.1250,49.2754,0.0113
14.1750,49.2754,0.0109
14.2250,49.2754,0.0113
14.2750,49.2754,0.0111
14.3250,49.2754,0.0114
14.3750,49.2754,0.0114
14.4250,49.2754,0.0112
14.4750,49.2754,0.0113
14.5250,49.2754,0.0113
14.5750,49.2754,0.0116
14.6250,49.2754,0.0116
14.6750,49.2754,0.0118
14.7250,49.2754,0.0114
14.7750,49.2754,0.0121
14.8250,49.2754,0.0116
14.8750,49.2754,0.0119
14.9250,49.2754,0.0119
14.9750,49.2754,0.0122
15.0250,49.2754,0.0122
15.0750,49.2754,0.0117
15.1250,49.2754,0.0120
15.1750,49.2754,0.0120
15.2250,49.2754,0.0122
15.2750,49.2754,0.0122
15.3250,49.2754,0.0125
15.3750,49.2754,0.0121
15.4250,49.2754,0.0126
15.4750,49.2754,0.0124
15.5250,49.2754,0.0127
15.5750,49.2754,0.0127
15.6250,49.2754,0.0124
15.6750,49.2754,0.0130
15.7250,49.2754,0.0127
15.7750,49.2754,0.0130
15.8250,49.2754,0.0130
15.8750,49.2754,0.0134
15.9250,49.2754,0.0133
15.9750,49.2754,0.0137
16.0250,49.2754,0.0135
16.0750,49.2754,0.0135
16.1250,49.2754,0.0139
16.1750,49.2754,0.0137
16.2250,49.2754,0.0143
16.2750,49.2754,0.0141
16.3250,49.2754,0.0146
16.3750,49.2754,0.0145
16.4250,49.2754,0.0153
16.4750,49.2754,0.0153
16.5250,49.2754,0.0151
16.5750,49.2754,0.0158
16.6250,49.2754,0.0158
16.6750,49.2754,0.0165
16.7250,49.2754,0.0165
16.7750,49.2754,0.0173
16.8250,49.2754,0.0170
16.8750,49.2754,0.0174
16.9250,49.2754,0.0178
16.9750,49.2754,0.0183
17.0250,49.2754,0.0185
17.0750,49.2754,0.0183
17.1250,49.2754,0.0195
17.1750,49.2754,0.0190
17.2250,49.2754,0.0203
17.2750,49.2754,0.0203
17.3250,49.2754,0.0216
17.3750,49.2754,0.0214
17.4250,49.2754,0.0212
17.4750,49.2754,0.0226
17.5250,49.2754,0.0226
17.5750,49.2754,0.0238
17.6250,49.2754,0.0234
17.6750,49.2754,0.0249
17.7250,49.2754,0.0246
17.7750,49.2754,0.0246
17.8250,49.2754,0.0266
17.8750,49.2754,0.0261
17.9250,49.2754,0.0288
17.9750,49.2754,0.0283
18.0250,49.2754,0.0306
18.0750,49.2754,0.0306
18.1250,49.2754,0.0334
18.1750,49.2754,0.0336
18.2250,49.2754,0.0330
18.2750,49.2754,0.0384
18.3250,49.2754,0.0384
18.3750,49.2754,0.0474
18.4250,49.2754,0.0442
18.4750,49.2754,0.0443
18.5250,49.2754,0.0512
18.5750,49.2754,0.0512
18.6250,49.2754,0.0589
18.6750,49.2754,0.0594
18.7250,49.2754,0.0671
18.7750,49.2754,0.0632
18.8250,49.2754,0.0644
18.8750,49.2754,0.0659
18.9250,49.2754,0.0629
18.9750,49.2754,0.0655
19.0250,49.2754,0.0582
19.0750,49.2754,0.0497
19.1250,49.2754,0.0497
19.1750,49.2754,0.0468
19.2250,49.2754,0.0468
19.2750,49.2754,0.0457
19.3250,49.2754,0.0459
19.3750,49.2754,0.0459
19.4250,49.2754,0.0461
19.4750,49.2754,0.0457
19.5250,49.2754,0.0457
19.5750,49.2754,0.0458
19.6250,49.2754,0.0458
19.6750,49.2754,0.0461
19.7250,49.2754,0.0457
19.7750,49.2754,0.0458
19.8250,49.2754,0.0458
19.8750,49.2754,0.0458
19.9250,49.2754,0.0461
19.9750,49.2754,0.0457
20.0250,49.2754,0.0461
20.0750,49.2754,0.0458
20.1250,49.2754,0.0461
20.1750,49.2754,0.0461
20.2250,49.2754,0.0457
20.2750,49.2754,0.0459
20.3250,49.2754,0.0459
20.3750,49.2754,0.0462
20.4250,49.2754,0.0462
20.4750,49.2754,0.0458
20.5250,49.2754,0.0459
20.5750,49.2754,0.0459
20.6250,49.2754,0.0464
20.6750,49.2754,0.0459
20.7250,49.2754,0.0456
20.7750,49.2754,0.0458
20.8250,49.2754,0.0458
20.8750,49.2754,0.0463
20.9250,49.2754,0.0452
20.9750,49.2754,0.0453
21.0250,49.2754,0.0456
21.0750,49.2754,0.0456
21.1250,49.2754,0.0462
21.1750,49.2754,0.0449
21.2250,49.2754,0.0451
21.2750,49.2754,0.0455
21.3250,49.2754,0.0445
21.3750,49.2754,0.0459
21.4250,49.2754,0.0445
21.4750,49.2754,0.0448
21.5250,49.2754,0.0448
21.5750,49.2754,0.0437
21.6250,49.2754,0.0453
21.6750,49.2754,0.0434
21.7250,49.2754,0.0433
21.7750,49.2754,0.0433
21.8250,49.2754,0.0417
21.8750,49.2754,0.0426
21.9250,49.2754,0.0410
21.9750,49.2754,0.0408
22.0250,49.2754,0.0408
22.0750,49.2754,0.0380
22.1250,49.2754,0.0369
22.1750,49.2754,0.0369
22.2250,49.2754,0.0368
22.2750,49.2754,0.0368
22.3250,49.2754,0.0320
22.3750,49.2754,0.0324
22.4250,49.2754,0.0324
22.4750,49.2754,0.0327
22.5250,49.2754,0.0306
22.5750,49.2754,0.0306
22.6250,49.2754,0.0262
22.6750,49.2754,0.0262
22.7250,49.2754,0.0250
22.7750,49.2754,0.0236
22.8250,49.2754,0.0236
22.8750,49.2754,0.0238
22.9250,49.2754,0.0233
22.9750,49.2754,0.0241
23.0250,49.2754,0.0237
23.0750,49.2754,0.0237
23.1250,49.2754,0.0242
23.1750,49.2754,0.0243
23.2250,49.2754,0.0248
23.2750,49.2754,0.0254
23.3250,49.2754,0.0263
23.3750,49.2754,0.0264
23.4250,49.2754,0.0273
23.4750,49.2754,0.0279
23.5250,49.2754,0.0283
23.5750,49.2754,0.0293
23.6250,49.2754,0.0293
23.6750,49.2754,0.0302
23.7250,49.2754,0.0311
23.7750,49.2754,0.0311
23.8250,49.2754,0.0320
23.8750,49.2754,0.0332
23.9250,49.2754,0.0334
23.9750,49.2754,0.0350
24.0250,49.2754,0.0350
24.0750,49.2754,0.0364
24.1250,49.2754,0.0379
24.1750,49.2754,0.0379
14.1250,49.2254,0.0113
14.1750,49.2254,0.0116
14.2250,49.2254,0.0116
14.2750,49.2254,0.0119
14.3250,49.2254,0.0119
14.3750,49.2254,0.0122
14.4250,49.2254,0.0118
14.4750,49.2254,0.0126
14.5250,49.2254,0.0120
14.5750,49.2254,0.0123
14.6250,49.2254,0.0123
14.6750,49.2254,0.0126
14.7250,49.2254,0.0126
14.7750,49.2254,0.0121
14.8250,49.2254,0.0124
14.8750,49.2254,0.0124
14.9250,49.2254,0.0126
14.9750,49.2254,0.0126
15.0250,49.2254,0.0129
15.0750,49.2254,0.0124
15.1250,49.2254,0.0131
15.1750,49.2254,0.0126
15.2250,49.2254,0.0129
15.2750,49.2254,0.0129
15.3250,49.2254,0.0128
15.3750,49.2254,0.0130
15.4250,49.2254,0.0127
15.4750,49.2254,0.0130
15.5250,49.2254,0.0130
15.5750,49.2254,0.0133
15.6250,49.2254,0.0130
15.6750,49.2254,0.0136
15.7250,49.2254,0.0133
15.7750,49.2254,0.0134
15.8250,49.2254,0.0137
15.8750,49.2254,0.0138
15.9250,49.2254,0.0140
15.9750,49.2254,0.0138
16.0250,49.2254,0.0142
16.0750,49.2254,0.0142
16.1250,49.2254,0.0146
16.1750,49.2254,0.0146
16.2250,49.2254,0.0153
16.2750,49.2254,0.0149
16.3250,49.2254,0.0149
16.3750,49.2254,0.0157
16.4250,49.2254,0.0157
16.4750,49.2254,0.0165
16.5250,49.2254,0.0161
16.5750,49.2254,0.0172
16.6250,49.2254,0.0169
16.6750,49.2254,0.0177
16.7250,49.2254,0.0177
16.7750,49.2254,0.0179
16.8250,49.2254,0.0184
16.8750,49.2254,0.0181
16.9250,49.2254,0.0188
16.9750,49.2254,0.0188
17.0250,49.2254,0.0202
17.0750,49.2254,0.0195
17.1250,49.2254,0.0206
17.1750,49.2254,0.0209
17.2250,49.2254,0.0209
17.2750,49.2254,0.0223
17.3250,49.2254,0.0216
17.3750,49.2254,0.0235
17.4250,49.2254,0.0229
17.4750,49.2254,0.0241
17.5250,49.2254,0.0241
17.5750,49.2254,0.0257
17.6250,49.2254,0.0258
17.6750,49.2254,0.0251
17.7250,49.2254,0.0272
17.7750,49.2254,0.0272
17.8250,49.2254,0.0294
17.8750,49.2254,0.0293
17.9250,49.2254,0.0307
17.9750,49.2254,0.0310
18.0250,49.2254,0.0310
18.0750,49.2254,0.0343
18.1250,49.2254,0.0336
18.1750,49.2254,0.0391
18.2250,49.2254,0.0388
18.2750,49.2254,0.0429
18.3250,49.2254,0.0467
18.3750,49.2254,0.0531
18.4250,49.2254,0.0579
18.4750,49.2254,0.0573
18.5250,49.2254,0.0649
18.5750,49.2254,0.0649
18.6250,49.2254,0.0665
18.6750,49.2254,0.0665
18.7250,49.2254,0.0671
18.7750,49.2254,0.0683
18.8250,49.2254,0.0683
18.8750,49.2254,0.0683
18.9250,49.2254,0.0656
18.9750,49.2254,0.0653
19.0250,49.2254,0.0582
19.0750,49.2254,0.0582
19.1250,49.2254,0.0496
19.1750,49.2254,0.0470
19.2250,49.2254,0.0474
19.2750,49.2254,0.0468
19.3250,49.2254,0.0469
19.3750,49.2254,0.0469
19.4250,49.2254,0.0461
19.4750,49.2254,0.0467
19.5250,49.2254,0.0464
19.5750,49.2254,0.0465
19.6250,49.2254,0.0465
19.6750,49.2254,0.0463
19.7250,49.2254,0.0464
19.7750,49.2254,0.0464
19.8250,49.2254,0.0464
19.8750,49.2254,0.0464
19.9250,49.2254,0.0464
19.9750,49.2254,0.0464
20.0250,49.2254,0.0464
20.0750,49.2254,0.0465
20.1250,49.2254,0.0465
20.1750,49.2254,0.0465
20.2250,49.2254,0.0465
20.2750,49.2254,0.0465
20.3250,49.2254,0.0468
20.3750,49.2254,0.0463
20.4250,49.2254,0.0468
20.4750,49.2254,0.0467
20.5250,49.2254,0.0469
20.5750,49.2254,0.0470
20.6250,49.2254,0.0467
20.6750,49.2254,0.0471
20.7250,49.2254,0.0469
20.7750,49.2254,0.0471
20.8250,49.2254,0.0471
20.8750,49.2254,0.0472
20.9250,49.2254,0.0473
20.9750,49.2254,0.0468
21.0250,49.2254,0.0472
21.0750,49.2254,0.0472
21.1250,49.2254,0.0474
21.1750,49.2254,0.0468
21.2250,49.2254,0.0468
21.2750,49.2254,0.0472
21.3250,49.2254,0.0472
21.3750,49.2254,0.0473
21.4250,49.2254,0.0466
21.4750,49.2254,0.0466
21.5250,49.2254,0.0468
21.5750,49.2254,0.0455
21.6250,49.2254,0.0466
21.6750,49.2254,0.0456
21.7250,49.2254,0.0456
21.7750,49.2254,0.0454
21.8250,49.2254,0.0434
21.8750,49.2254,0.0451
21.9250,49.2254,0.0432
21.9750,49.2254,0.0426
22.0250,49.2254,0.0426
22.0750,49.2254,0.0404
22.1250,49.2254,0.0423
22.1750,49.2254,0.0405
22.2250,49.2254,0.0404
22.2750,49.2254,0.0405
22.3250,49.2254,0.0369
22.3750,49.2254,0.0366
22.4250,49.2254,0.0366
22.4750,49.2254,0.0370
22.5250,49.2254,0.0374
22.5750,49.2254,0.0299
22.6250,49.2254,0.0279
22.6750,49.2254,0.0279
22.7250,49.2254,0.0256
22.7750,49.2254,0.0248
22.8250,49.2254,0.0248
22.8750,49.2254,0.0248
22.9250,49.2254,0.0248
22.9750,49.2254,0.0241
23.0250,49.2254,0.0244
23.0750,49.2254,0.0244
23.1250,49.2254,0.0250
23.1750,49.2254,0.0249
23.2250,49.2254,0.0249
23.2750,49.2254,0.0258
23.3250,49.2254,0.0258
23.3750,49.2254,0.0266
23.4250,49.2254,0.0274
23.4750,49.2254,0.0274
23.5250,49.2254,0.0283
23.5750,49.2254,0.0292
23.6250,49.2254,0.0292
23.6750,49.2254,0.0302
23.7250,49.2254,0.0302
23.7750,49.2254,0.0311
23.8250,49.2254,0.0320
23.8750,49.2254,0.0320
23.9250,49.2254,0.0334
23.9750,49.2254,0.0350
24.0250,49.2254,0.0352
24.0750,49.2254,0.0367
24.1250,49.2254,0.0368
24.1750,49.2254,0.0382
14.1250,49.1754,0.0121
14.1750,49.1754,0.0129
14.2250,49.1754,0.0124
14.2750,49.1754,0.0128
14.3250,49.1754,0.0128
14.3750,49.1754,0.0131
14.4250,49.1754,0.0131
14.4750,49.1754,0.0126
14.5250,49.1754,0.0129
14.5750,49.1754,0.0129
14.6250,49.1754,0.0132
14.6750,49.1754,0.0127
14.7250,49.1754,0.0134
14.7750,49.1754,0.0129
14.8250,49.1754,0.0136
14.8750,49.1754,0.0131
14.9250,49.1754,0.0134
14.9750,49.1754,0.0134
15.0250,49.1754,0.0135
15.0750,49.1754,0.0131
15.1250,49.1754,0.0131
15.1750,49.1754,0.0133
15.2250,49.1754,0.0133
15.2750,49.1754,0.0135
15.3250,49.1754,0.0131
15.3750,49.1754,0.0138
15.4250,49.1754,0.0134
15.4750,49.1754,0.0137
15.5250,49.1754,0.0137
15.5750,49.1754,0.0139
15.6250,49.1754,0.0139
15.6750,49.1754,0.0136
15.7250,49.1754,0.0140
15.7750,49.1754,0.0140
15.8250,49.1754,0.0143
15.8750,49.1754,0.0143
15.9250,49.1754,0.0148
15.9750,49.1754,0.0144
16.0250,49.1754,0.0146
16.0750,49.1754,0.0150
16.1250,49.1754,0.0157
16.1750,49.1754,0.0158
16.2250,49.1754,0.0153
16.2750,49.1754,0.0165
16.3250,49.1754,0.0161
16.3750,49.1754,0.0169
16.4250,49.1754,0.0169
16.4750,49.1754,0.0176
16.5250,49.1754,0.0173
16.5750,49.1754,0.0172
16.6250,49.1754,0.0180
16.6750,49.1754,0.0180
16.7250,49.1754,0.0187
16.7750,49.1754,0.0184
16.8250,49.1754,0.0200
16.8750,49.1754,0.0194
16.9250,49.1754,0.0206
16.9750,49.1754,0.0208
17.0250,49.1754,0.0216
17.0750,49.1754,0.0221
17.1250,49.1754,0.0215
17.1750,49.1754,0.0228
17.2250,49.1754,0.0228
17.2750,49.1754,0.0240
17.3250,49.1754,0.0240
17.3750,49.1754,0.0246
17.4250,49.1754,0.0246
17.4750,49.1754,0.0246
17.5250,49.1754,0.0268
17.5750,49.1754,0.0259
17.6250,49.1754,0.0290
17.6750,49.1754,0.0280
17.7250,49.1754,0.0289
17.7750,49.1754,0.0302
17.8250,49.1754,0.0323
17.8750,49.1754,0.0326
17.9250,49.1754,0.0317
17.9750,49.1754,0.0356
18.0250,49.1754,0.0356
18.0750,49.1754,0.0400
18.1250,49.1754,0.0400
18.1750,49.1754,0.0401
18.2250,49.1754,0.0473
18.2750,49.1754,0.0473
18.3250,49.1754,0.0574
18.3750,49.1754,0.0575
18.4250,49.1754,0.0668
18.4750,49.1754,0.0638
18.5250,49.1754,0.0639
18.5750,49.1754,0.0679
18.6250,49.1754,0.0668
18.6750,49.1754,0.0693
18.7250,49.1754,0.0683
18.7750,49.1754,0.0686
18.8250,49.1754,0.0685
18.8750,49.1754,0.0679
18.9250,49.1754,0.0679
18.9750,49.1754,0.0652
19.0250,49.1754,0.0547
19.0750,49.1754,0.0547
19.1250,49.1754,0.0491
19.1750,49.1754,0.0491
19.2250,49.1754,0.0474
19.2750,49.1754,0.0469
19.3250,49.1754,0.0469
19.3750,49.1754,0.0469
19.4250,49.1754,0.0467
19.4750,49.1754,0.0469
19.5250,49.1754,0.0464
19.5750,49.1754,0.0464
19.6250,49.1754,0.0464
19.6750,49.1754,0.0464
19.7250,49.1754,0.0465
19.7750,49.1754,0.0463
19.8250,49.1754,0.0463
19.8750,49.1754,0.0463
19.9250,49.1754,0.0464
19.9750,49.1754,0.0465
20.0250,49.1754,0.0464
20.0750,49.1754,0.0464
20.1250,49.1754,0.0464
20.1750,49.1754,0.0466
20.2250,49.1754,0.0465
20.2750,49.1754,0.0465
20.3250,49.1754,0.0467
20.3750,49.1754,0.0467
20.4250,49.1754,0.0472
20.4750,49.1754,0.0469
20.5250,49.1754,0.0469
20.5750,49.1754,0.0472
20.6250,49.1754,0.0472
20.6750,49.1754,0.0477
20.7250,49.1754,0.0473
20.7750,49.1754,0.0473
20.8250,49.1754,0.0476
20.8750,49.1754,0.0473
20.9250,49.1754,0.0481
20.9750,49.1754,0.0474
21.0250,49.1754,0.0477
21.0750,49.1754,0.0478
21.1250,49.1754,0.0474
21.1750,49.1754,0.0484
21.2250,49.1754,0.0476
21.2750,49.1754,0.0479
21.3250,49.1754,0.0479
21.3750,49.1754,0.0473
21.4250,49.1754,0.0474
21.4750,49.1754,0.0474
21.5250,49.1754,0.0476
21.5750,49.1754,0.0476
21.6250,49.1754,0.0466
21.6750,49.1754,0.0465
21.7250,49.1754,0.0465
21.7750,49.1754,0.0466
21.8250,49.1754,0.0458
21.8750,49.1754,0.0451
21.9250,49.1754,0.0447
21.9750,49.1754,0.0447
22.0250,49.1754,0.0453
22.0750,49.1754,0.0428
22.1250,49.1754,0.0428
22.1750,49.1754,0.0431
22.2250,49.1754,0.0430
22.2750,49.1754,0.0430
22.3250,49.1754,0.0400
22.3750,49.1754,0.0400
22.4250,49.1754,0.0426
22.4750,49.1754,0.0374
22.5250,49.1754,0.0356
22.5750,49.1754,0.0311
22.6250,49.1754,0.0306
22.6750,49.1754,0.0303
22.7250,49.1754,0.0273
22.7750,49.1754,0.0297
22.8250,49.1754,0.0270
22.8750,49.1754,0.0268
22.9250,49.1754,0.0268
22.9750,49.1754,0.0251
23.0250,49.1754,0.0257
23.0750,49.1754,0.0257
23.1250,49.1754,0.0259
23.1750,49.1754,0.0260
23.2250,49.1754,0.0256
23.2750,49.1754,0.0263
23.3250,49.1754,0.0263
23.3750,49.1754,0.0266
23.4250,49.1754,0.0274
23.4750,49.1754,0.0275
23.5250,49.1754,0.0283
23.5750,49.1754,0.0283
23.6250,49.1754,0.0292
23.6750,49.1754,0.0301
23.7250,49.1754,0.0301
23.7750,49.1754,0.0310
23.8250,49.1754,0.0319
23.8750,49.1754,0.0319
23.9250,49.1754,0.0334
23.9750,49.1754,0.0334
24.0250,49.1754,0.0352
24.0750,49.1754,0.0369
24.1250,49.1754,0.0369
24.1750,49.1754,0.0384
14.1250,49.1254,0.0130
14.1750,49.1254,0.0129
14.2250,49.1254,0.0132
14.2750,49.1254,0.0132
14.3250,49.1254,0.0135
14.3750,49.1254,0.0131
14.4250,49.1254,0.0139
14.4750,49.1254,0.0134
14.5250,49.1254,0.0138
14.5750,49.1254,0.0137
14.6250,49.1254,0.0139
14.6750,49.1254,0.0139
14.7250,49.1254,0.0141
14.7750,49.1254,0.0136
14.8250,49.1254,0.0136
14.8750,49.1254,0.0139
14.9250,49.1254,0.0139
14.9750,49.1254,0.0141
15.0250,49.1254,0.0136
15.0750,49.1254,0.0143
15.1250,49.1254,0.0138
15.1750,49.1254,0.0140
15.2250,49.1254,0.0140
15.2750,49.1254,0.0142
15.3250,49.1254,0.0142
15.3750,49.1254,0.0138
15.4250,49.1254,0.0140
15.4750,49.1254,0.0140
15.5250,49.1254,0.0143
15.5750,49.1254,0.0143
15.6250,49.1254,0.0146
15.6750,49.1254,0.0143
15.7250,49.1254,0.0151
15.7750,49.1254,0.0146
15.8250,49.1254,0.0153
15.8750,49.1254,0.0154
15.9250,49.1254,0.0149
15.9750,49.1254,0.0158
16.0250,49.1254,0.0155
16.0750,49.1254,0.0163
16.1250,49.1254,0.0163
16.1750,49.1254,0.0170
16.2250,49.1254,0.0166
16.2750,49.1254,0.0175
16.3250,49.1254,0.0173
16.3750,49.1254,0.0173
16.4250,49.1254,0.0180
16.4750,49.1254,0.0176
16.5250,49.1254,0.0188
16.5750,49.1254,0.0184
16.6250,49.1254,0.0193
16.6750,49.1254,0.0193
16.7250,49.1254,0.0206
16.7750,49.1254,0.0206
16.8250,49.1254,0.0200
16.8750,49.1254,0.0214
16.9250,49.1254,0.0214
16.9750,49.1254,0.0226
17.0250,49.1254,0.0224
17.0750,49.1254,0.0239
17.1250,49.1254,0.0233
17.1750,49.1254,0.0235
17.2250,49.1254,0.0245
17.2750,49.1254,0.0259
17.3250,49.1254,0.0265
17.3750,49.1254,0.0255
17.4250,49.1254,0.0277
17.4750,49.1254,0.0277
17.5250,49.1254,0.0299
17.5750,49.1254,0.0299
17.6250,49.1254,0.0302
17.6750,49.1254,0.0312
17.7250,49.1254,0.0312
17.7750,49.1254,0.0343
17.8250,49.1254,0.0343
17.8750,49.1254,0.0387
17.9250,49.1254,0.0373
17.9750,49.1254,0.0378
18.0250,49.1254,0.0423
18.0750,49.1254,0.0463
18.1250,49.1254,0.0497
18.1750,49.1254,0.0471
18.2250,49.1254,0.0574
18.2750,49.1254,0.0591
18.3250,49.1254,0.0652
18.3750,49.1254,0.0652
18.4250,49.1254,0.0668
18.4750,49.1254,0.0685
18.5250,49.1254,0.0685
18.5750,49.1254,0.0703
18.6250,49.1254,0.0703
18.6750,49.1254,0.0698
18.7250,49.1254,0.0707
18.7750,49.1254,0.0707
18.8250,49.1254,0.0706
18.8750,49.1254,0.0693
18.9250,49.1254,0.0669
18.9750,49.1254,0.0663
19.0250,49.1254,0.0656
19.0750,49.1254,0.0537
19.1250,49.1254,0.0488
19.1750,49.1254,0.0487
19.2250,49.1254,0.0477
19.2750,49.1254,0.0474
19.3250,49.1254,0.0474
19.3750,49.1254,0.0470
19.4250,49.1254,0.0470
19.4750,49.1254,0.0469
19.5250,49.1254,0.0467
19.5750,49.1254,0.0467
19.6250,49.1254,0.0465
19.6750,49.1254,0.0465
19.7250,49.1254,0.0465
19.7750,49.1254,0.0466
19.8250,49.1254,0.0466
19.8750,49.1254,0.0465
19.9250,49.1254,0.0466
19.9750,49.1254,0.0463
20.0250,49.1254,0.0467
20.0750,49.1254,0.0467
20.1250,49.1254,0.0466
20.1750,49.1254,0.0467
20.2250,49.1254,0.0466
20.2750,49.1254,0.0470
20.3250,49.1254,0.0472
20.3750,49.1254,0.0472
20.4250,49.1254,0.0472
20.4750,49.1254,0.0475
20.5250,49.1254,0.0476
20.5750,49.1254,0.0478
20.6250,49.1254,0.0478
20.6750,49.1254,0.0477
20.7250,49.1254,0.0481
20.7750,49.1254,0.0481
20.8250,49.1254,0.0483
20.8750,49.1254,0.0483
20.9250,49.1254,0.0481
20.9750,49.1254,0.0486
21.0250,49.1254,0.0486
21.0750,49.1254,0.0487
21.1250,49.1254,0.0484
21.1750,49.1254,0.0485
21.2250,49.1254,0.0487
21.2750,49.1254,0.0487
21.3250,49.1254,0.0489
21.3750,49.1254,0.0484
21.4250,49.1254,0.0485
21.4750,49.1254,0.0486
21.5250,49.1254,0.0483
21.5750,49.1254,0.0486
21.6250,49.1254,0.0479
21.6750,49.1254,0.0480
21.7250,49.1254,0.0480
21.7750,49.1254,0.0474
21.8250,49.1254,0.0477
21.8750,49.1254,0.0466
21.9250,49.1254,0.0471
21.9750,49.1254,0.0471
22.0250,49.1254,0.0467
22.0750,49.1254,0.0472
22.1250,49.1254,0.0460
22.1750,49.1254,0.0455
22.2250,49.1254,0.0455
22.2750,49.1254,0.0442
22.3250,49.1254,0.0465
22.3750,49.1254,0.0465
22.4250,49.1254,0.0400
22.4750,49.1254,0.0399
22.5250,49.1254,0.0357
22.5750,49.1254,0.0342
22.6250,49.1254,0.0342
22.6750,49.1254,0.0331
22.7250,49.1254,0.0298
22.7750,49.1254,0.0298
22.8250,49.1254,0.0293
22.8750,49.1254,0.0293
22.9250,49.1254,0.0290
22.9750,49.1254,0.0270
23.0250,49.1254,0.0270
23.0750,49.1254,0.0270
23.1250,49.1254,0.0260
23.1750,49.1254,0.0270
23.2250,49.1254,0.0263
23.2750,49.1254,0.0264
23.3250,49.1254,0.0267
23.3750,49.1254,0.0269
23.4250,49.1254,0.0272
23.4750,49.1254,0.0276
23.5250,49.1254,0.0284
23.5750,49.1254,0.0284
23.6250,49.1254,0.0292
23.6750,49.1254,0.0301
23.7250,49.1254,0.0301
23.7750,49.1254,0.0310
23.8250,49.1254,0.0310
23.8750,49.1254,0.0319
23.9250,49.1254,0.0334
23.9750,49.1254,0.0334
24.0250,49.1254,0.0353
24.0750,49.1254,0.0370
24.1250,49.1254,0.0370
24.1750,49.1254,0.0386
14.1250,49.0754,0.0141
14.1750,49.0754,0.0137
14.2250,49.0754,0.0140
14.2750,49.0754,0.0140
14.3250,49.0754,0.0143
14.3750,49.0754,0.0143
14.4250,49.0754,0.0147
14.4750,49.0754,0.0142
14.5250,49.0754,0.0142
14.5750,49.0754,0.0144
14.6250,49.0754,0.0144
14.6750,49.0754,0.0148
14.7250,49.0754,0.0142
14.7750,49.0754,0.0153
14.8250,49.0754,0.0144
14.8750,49.0754,0.0147
14.9250,49.0754,0.0147
14.9750,49.0754,0.0150
15.0250,49.0754,0.0150
15.0750,49.0754,0.0144
15.1250,49.0754,0.0145
15.1750,49.0754,0.0145
15.2250,49.0754,0.0148
15.2750,49.0754,0.0144
15.3250,49.0754,0.0152
15.3750,49.0754,0.0144
15.4250,49.0754,0.0155
15.4750,49.0754,0.0148
15.5250,49.0754,0.0154
15.5750,49.0754,0.0154
15.6250,49.0754,0.0157
15.6750,49.0754,0.0153
15.7250,49.0754,0.0153
15.7750,49.0754,0.0159
15.8250,49.0754,0.0159
15.8750,49.0754,0.0166
15.9250,49.0754,0.0161
15.9750,49.0754,0.0173
16.0250,49.0754,0.0168
16.0750,49.0754,0.0174
16.1250,49.0754,0.0175
16.1750,49.0754,0.0178
16.2250,49.0754,0.0182
16.2750,49.0754,0.0178
16.3250,49.0754,0.0185
16.3750,49.0754,0.0185
16.4250,49.0754,0.0194
16.4750,49.0754,0.0194
16.5250,49.0754,0.0207
16.5750,49.0754,0.0200
16.6250,49.0754,0.0200
16.6750,49.0754,0.0213
16.7250,49.0754,0.0209
16.7750,49.0754,0.0226
16.8250,49.0754,0.0220
16.8750,49.0754,0.0235
16.9250,49.0754,0.0233
16.9750,49.0754,0.0245
17.0250,49.0754,0.0245
17.0750,49.0754,0.0240
17.1250,49.0754,0.0254
17.1750,49.0754,0.0254
17.2250,49.0754,0.0275
17.2750,49.0754,0.0275
17.3250,49.0754,0.0295
17.3750,49.0754,0.0285
17.4250,49.0754,0.0286
17.4750,49.0754,0.0307
17.5250,49.0754,0.0315
17.5750,49.0754,0.0335
17.6250,49.0754,0.0321
17.6750,49.0754,0.0382
17.7250,49.0754,0.0363
17.7750,49.0754,0.0405
17.8250,49.0754,0.0405
17.8750,49.0754,0.0398
17.9250,49.0754,0.0459
17.9750,49.0754,0.0459
18.0250,49.0754,0.0548
18.0750,49.0754,0.0548
18.1250,49.0754,0.0631
18.1750,49.0754,0.0569
18.2250,49.0754,0.0570
18.2750,49.0754,0.0661
18.3250,49.0754,0.0661
18.3750,49.0754,0.0686
18.4250,49.0754,0.0684
18.4750,49.0754,0.0709
18.5250,49.0754,0.0692
18.5750,49.0754,0.0704
18.6250,49.0754,0.0704
18.6750,49.0754,0.0698
18.7250,49.0754,0.0700
18.7750,49.0754,0.0690
18.8250,49.0754,0.0699
18.8750,49.0754,0.0699
18.9250,49.0754,0.0665
18.9750,49.0754,0.0620
19.0250,49.0754,0.0620
19.0750,49.0754,0.0515
19.1250,49.0754,0.0515
19.1750,49.0754,0.0481
19.2250,49.0754,0.0474
19.2750,49.0754,0.0474
19.3250,49.0754,0.0469
19.3750,49.0754,0.0470
19.4250,49.0754,0.0466
19.4750,49.0754,0.0465
19.5250,49.0754,0.0463
19.5750,49.0754,0.0460
19.6250,49.0754,0.0459
19.6750,49.0754,0.0458
19.7250,49.0754,0.0461
19.7750,49.0754,0.0460
19.8250,49.0754,0.0460
19.8750,49.0754,0.0462
19.9250,49.0754,0.0462
19.9750,49.0754,0.0463
20.0250,49.0754,0.0462
20.0750,49.0754,0.0462
20.1250,49.0754,0.0464
20.1750,49.0754,0.0466
20.2250,49.0754,0.0466
20.2750,49.0754,0.0468
20.3250,49.0754,0.0468
20.3750,49.0754,0.0471
20.4250,49.0754,0.0473
20.4750,49.0754,0.0473
20.5250,49.0754,0.0473
20.5750,49.0754,0.0476
20.6250,49.0754,0.0478
20.6750,49.0754,0.0479
20.7250,49.0754,0.0481
20.7750,49.0754,0.0481
20.8250,49.0754,0.0485
20.8750,49.0754,0.0485
20.9250,49.0754,0.0484
20.9750,49.0754,0.0486
21.0250,49.0754,0.0486
21.0750,49.0754,0.0491
21.1250,49.0754,0.0491
21.1750,49.0754,0.0487
21.2250,49.0754,0.0489
21.2750,49.0754,0.0489
21.3250,49.0754,0.0493
21.3750,49.0754,0.0488
21.4250,49.0754,0.0488
21.4750,49.0754,0.0488
21.5250,49.0754,0.0488
21.5750,49.0754,0.0492
21.6250,49.0754,0.0484
21.6750,49.0754,0.0484
21.7250,49.0754,0.0484
21.7750,49.0754,0.0479
21.8250,49.0754,0.0484
21.8750,49.0754,0.0479
21.9250,49.0754,0.0479
21.9750,49.0754,0.0486
22.0250,49.0754,0.0475
22.0750,49.0754,0.0486
22.1250,49.0754,0.0471
22.1750,49.0754,0.0499
22.2250,49.0754,0.0501
22.2750,49.0754,0.0486
22.3250,49.0754,0.0502
22.3750,49.0754,0.0474
22.4250,49.0754,0.0412
22.4750,49.0754,0.0412
22.5250,49.0754,0.0386
22.5750,49.0754,0.0375
22.6250,49.0754,0.0375
22.6750,49.0754,0.0368
22.7250,49.0754,0.0368
22.7750,49.0754,0.0323
22.8250,49.0754,0.0318
22.8750,49.0754,0.0318
22.9250,49.0754,0.0300
22.9750,49.0754,0.0286
23.0250,49.0754,0.0286
23.0750,49.0754,0.0283
23.1250,49.0754,0.0283
23.1750,49.0754,0.0270
23.2250,49.0754,0.0271
23.2750,49.0754,0.0271
23.3250,49.0754,0.0273
23.3750,49.0754,0.0272
23.4250,49.0754,0.0272
23.4750,49.0754,0.0278
23.5250,49.0754,0.0278
23.5750,49.0754,0.0285
23.6250,49.0754,0.0292
23.6750,49.0754,0.0292
23.7250,49.0754,0.0300
23.7750,49.0754,0.0309
23.8250,49.0754,0.0309
23.8750,49.0754,0.0319
23.9250,49.0754,0.0319
23.9750,49.0754,0.0334
24.0250,49.0754,0.0353
24.0750,49.0754,0.0353
24.1250,49.0754,0.0371
24.1750,49.0754,0.0386
14.1250,49.0254,0.0147
14.1750,49.0254,0.0144
14.2250,49.0254,0.0144
14.2750,49.0254,0.0150
14.3250,49.0254,0.0150
14.3750,49.0254,0.0156
14.4250,49.0254,0.0148
14.4750,49.0254,0.0162
14.5250,49.0254,0.0153
14.5750,49.0254,0.0158
14.6250,49.0254,0.0158
14.6750,49.0254,0.0162
14.7250,49.0254,0.0159
14.7750,49.0254,0.0155
14.8250,49.0254,0.0156
14.8750,49.0254,0.0156
14.9250,49.0254,0.0160
14.9750,49.0254,0.0151
15.0250,49.0254,0.0163
15.0750,49.0254,0.0154
15.1250,49.0254,0.0159
15.1750,49.0254,0.0157
15.2250,49.0254,0.0161
15.2750,49.0254,0.0161
15.3250,49.0254,0.0164
15.3750,49.0254,0.0156
15.4250,49.0254,0.0156
15.4750,49.0254,0.0160
15.5250,49.0254,0.0160
15.5750,49.0254,0.0165
15.6250,49.0254,0.0159
15.6750,49.0254,0.0171
15.7250,49.0254,0.0165
15.7750,49.0254,0.0171
15.8250,49.0254,0.0171
15.8750,49.0254,0.0178
15.9250,49.0254,0.0178
15.9750,49.0254,0.0173
16.0250,49.0254,0.0180
16.0750,49.0254,0.0180
16.1250,49.0254,0.0188
16.1750,49.0254,0.0185
16.2250,49.0254,0.0200
16.2750,49.0254,0.0190
16.3250,49.0254,0.0193
16.3750,49.0254,0.0203
16.4250,49.0254,0.0214
16.4750,49.0254,0.0216
16.5250,49.0254,0.0208
16.5750,49.0254,0.0221
16.6250,49.0254,0.0220
16.6750,49.0254,0.0233
16.7250,49.0254,0.0233
16.7750,49.0254,0.0244
16.8250,49.0254,0.0239
16.8750,49.0254,0.0239
16.9250,49.0254,0.0253
16.9750,49.0254,0.0253
17.0250,49.0254,0.0275
17.0750,49.0254,0.0265
17.1250,49.0254,0.0295
17.1750,49.0254,0.0286
17.2250,49.0254,0.0305
17.2750,49.0254,0.0305
17.3250,49.0254,0.0297
17.3750,49.0254,0.0324
17.4250,49.0254,0.0315
17.4750,49.0254,0.0350
17.5250,49.0254,0.0350
17.5750,49.0254,0.0395
17.6250,49.0254,0.0383
17.6750,49.0254,0.0383
17.7250,49.0254,0.0442
17.7750,49.0254,0.0442
17.8250,49.0254,0.0512
17.8750,49.0254,0.0471
17.9250,49.0254,0.0584
17.9750,49.0254,0.0573
18.0250,49.0254,0.0642
18.0750,49.0254,0.0642
18.1250,49.0254,0.0632
18.1750,49.0254,0.0677
18.2250,49.0254,0.0666
18.2750,49.0254,0.0696
18.3250,49.0254,0.0696
18.3750,49.0254,0.0695
18.4250,49.0254,0.0711
18.4750,49.0254,0.0711
18.5250,49.0254,0.0710
18.5750,49.0254,0.0710
18.6250,49.0254,0.0694
18.6750,49.0254,0.0719
18.7250,49.0254,0.0706
18.7750,49.0254,0.0694
18.8250,49.0254,0.0682
18.8750,49.0254,0.0667
18.9250,49.0254,0.0663
18.9750,49.0254,0.0575
19.0250,49.0254,0.0577
19.0750,49.0254,0.0495
19.1250,49.0254,0.0495
19.1750,49.0254,0.0481
19.2250,49.0254,0.0472
19.2750,49.0254,0.0472
19.3250,49.0254,0.0465
19.3750,49.0254,0.0465
19.4250,49.0254,0.0453
19.4750,49.0254,0.0460
19.5250,49.0254,0.0460
19.5750,49.0254,0.0451
19.6250,49.0254,0.0452
19.6750,49.0254,0.0444
19.7250,49.0254,0.0458
19.7750,49.0254,0.0458
19.8250,49.0254,0.0458
19.8750,49.0254,0.0461
19.9250,49.0254,0.0456
19.9750,49.0254,0.0462
20.0250,49.0254,0.0461
20.0750,49.0254,0.0461
20.1250,49.0254,0.0462
20.1750,49.0254,0.0460
20.2250,49.0254,0.0468
20.2750,49.0254,0.0470
20.3250,49.0254,0.0470
20.3750,49.0254,0.0470
20.4250,49.0254,0.0473
20.4750,49.0254,0.0475
20.5250,49.0254,0.0478
20.5750,49.0254,0.0478
20.6250,49.0254,0.0479
20.6750,49.0254,0.0483
20.7250,49.0254,0.0483
20.7750,49.0254,0.0485
20.8250,49.0254,0.0485
20.8750,49.0254,0.0487
20.9250,49.0254,0.0490
20.9750,49.0254,0.0490
21.0250,49.0254,0.0493
21.0750,49.0254,0.0491
21.1250,49.0254,0.0492
21.1750,49.0254,0.0494
21.2250,49.0254,0.0496
21.2750,49.0254,0.0497
21.3250,49.0254,0.0493
21.3750,49.0254,0.0495
21.4250,49.0254,0.0496
21.4750,49.0254,0.0497
21.5250,49.0254,0.0497
21.5750,49.0254,0.0492
21.6250,49.0254,0.0494
21.6750,49.0254,0.0494
21.7250,49.0254,0.0492
21.7750,49.0254,0.0492
21.8250,49.0254,0.0484
21.8750,49.0254,0.0497
21.9250,49.0254,0.0497
21.9750,49.0254,0.0495
22.0250,49.0254,0.0491
22.0750,49.0254,0.0486
22.1250,49.0254,0.0513
22.1750,49.0254,0.0513
22.2250,49.0254,0.0517
22.2750,49.0254,0.0508
22.3250,49.0254,0.0507
22.3750,49.0254,0.0435
22.4250,49.0254,0.0432
22.4750,49.0254,0.0425
22.5250,49.0254,0.0407
22.5750,49.0254,0.0407
22.6250,49.0254,0.0400
22.6750,49.0254,0.0369
22.7250,49.0254,0.0394
22.7750,49.0254,0.0362
22.8250,49.0254,0.0349
22.8750,49.0254,0.0348
22.9250,49.0254,0.0310
22.9750,49.0254,0.0330
23.0250,49.0254,0.0303
23.0750,49.0254,0.0297
23.1250,49.0254,0.0297
23.1750,49.0254,0.0281
23.2250,49.0254,0.0280
23.2750,49.0254,0.0280
23.3250,49.0254,0.0280
23.3750,49.0254,0.0280
23.4250,49.0254,0.0277
23.4750,49.0254,0.0281
23.5250,49.0254,0.0281
23.5750,49.0254,0.0285
23.6250,49.0254,0.0292
23.6750,49.0254,0.0292
23.7250,49.0254,0.0300
23.7750,49.0254,0.0300
23.8250,49.0254,0.0309
23.8750,49.0254,0.0318
23.9250,49.0254,0.0318
23.9750,49.0254,0.0333
24.0250,49.0254,0.0353
24.0750,49.0254,0.0353
24.1250,49.0254,0.0371
24.1750,49.0254,0.0373
