lat,lon,t_mean_c,heat_days,ice_days,wind_speed
24.5,-124.8,21.0,54.0,0,3.8
24.5,-124.3,21.0,54.0,0,3.8
24.5,-123.8,21.0,54.0,0,3.8
24.5,-123.3,21.0,54.0,0,3.8
24.5,-122.8,21.0,54.0,0,3.8
24.5,-122.3,21.0,54.0,0,3.8
24.5,-121.8,21.0,54.0,0,3.8
24.5,-121.3,21.0,54.0,0,3.8
24.5,-120.8,21.0,54.0,0,3.8
24.5,-120.3,21.0,54.0,0,3.8
24.5,-119.8,21.0,54.0,0,3.8
24.5,-119.3,21.0,54.0,0,3.8
24.5,-118.8,21.0,54.0,0,3.8
24.5,-118.3,21.0,54.0,0,3.8
24.5,-117.8,21.0,54.0,0,3.8
24.5,-117.3,21.0,54.0,0,3.8
24.5,-116.8,21.0,54.0,0,3.8
24.5,-116.3,21.0,54.0,0,3.8
24.5,-115.8,21.0,54.0,0,3.8
24.5,-115.3,21.0,54.0,0,3.8
24.5,-114.8,21.0,54.0,0,3.8
24.5,-114.3,21.0,54.0,0,3.8
24.5,-113.8,21.0,54.0,0,3.8
24.5,-113.3,21.0,54.0,0,3.8
24.5,-112.8,21.0,54.0,0,3.8
24.5,-112.3,21.0,54.0,0,3.8
24.5,-111.8,21.0,54.0,0,3.8
24.5,-111.3,21.0,54.0,0,3.8
24.5,-110.8,21.0,54.0,0,3.8
24.5,-110.3,21.0,54.0,0,3.8
24.5,-109.8,21.0,54.0,0,3.8
24.5,-109.3,21.0,54.0,0,3.8
24.5,-108.8,21.0,54.0,0,3.8
24.5,-108.3,21.0,54.0,0,3.8
24.5,-107.8,21.0,54.0,0,3.8
24.5,-107.3,21.0,54.0,0,3.8
24.5,-106.8,21.0,54.0,0,3.8
24.5,-106.3,21.0,54.0,0,3.8
24.5,-105.8,21.0,54.0,0,3.8
24.5,-105.3,21.0,54.0,0,3.8
24.5,-104.8,21.0,54.0,0,3.8
24.5,-104.3,21.0,54.0,0,3.8
24.5,-103.8,21.0,54.0,0,3.8
24.5,-103.3,21.0,54.0,0,3.8
24.5,-102.8,21.0,54.0,0,3.8
24.5,-102.3,21.0,54.0,0,3.8
24.5,-101.8,21.0,54.0,0,3.8
24.5,-101.3,21.0,54.0,0,3.8
24.5,-100.8,21.0,54.0,0,3.8
24.5,-100.3,21.0,54.0,0,3.8
24.5,-99.8,21.0,54.0,0,3.8
24.5,-99.3,21.0,54.0,0,3.8
24.5,-98.8,21.0,54.0,0,3.8
24.5,-98.3,21.0,54.0,0,3.8
24.5,-97.8,21.0,54.0,0,3.8
24.5,-97.3,21.0,54.0,0,3.8
24.5,-96.8,21.0,54.0,0,3.8
24.5,-96.3,21.0,54.0,0,3.8
24.5,-95.8,21.0,54.0,0,3.8
24.5,-95.3,21.0,54.0,0,3.8
24.5,-94.8,21.0,54.0,0,3.8
24.5,-94.3,21.0,54.0,0,3.8
24.5,-93.8,21.0,54.0,0,3.8
24.5,-93.3,21.0,54.0,0,3.8
24.5,-92.8,21.0,54.0,0,3.8
24.5,-92.3,21.0,54.0,0,3.8
24.5,-91.8,21.0,54.0,0,3.8
24.5,-91.3,21.0,54.0,0,3.8
24.5,-90.8,21.0,54.0,0,3.8
24.5,-90.3,21.0,54.0,0,3.8
24.5,-89.8,21.0,54.0,0,3.8
24.5,-89.3,21.0,54.0,0,3.8
24.5,-88.8,21.0,54.0,0,3.8
24.5,-88.3,21.0,54.0,0,3.8
24.5,-87.8,21.0,54.0,0,3.8
24.5,-87.3,21.0,54.0,0,3.8
24.5,-86.8,21.0,54.0,0,3.8
24.5,-86.3,21.0,54.0,0,3.8
24.5,-85.8,21.0,54.0,0,3.8
24.5,-85.3,21.0,54.0,0,3.8
24.5,-84.8,21.0,54.0,0,3.8
24.5,-84.3,21.0,54.0,0,3.8
24.5,-83.8,21.0,54.0,0,3.8
24.5,-83.3,21.0,54.0,0,3.8
24.5,-82.8,21.0,54.0,0,3.8
24.5,-82.3,21.0,54.0,0,3.8
24.5,-81.8,21.0,54.0,0,3.8
24.5,-81.3,21.0,54.0,0,3.8
24.5,-80.8,21.0,54.0,0,3.8
24.5,-80.3,21.0,54.0,0,3.8
24.5,-79.8,21.0,54.0,0,3.8
24.5,-79.3,21.0,54.0,0,3.8
24.5,-78.8,21.0,54.0,0,3.8
24.5,-78.3,21.0,54.0,0,3.8
24.5,-77.8,21.0,54.0,0,3.8
24.5,-77.3,21.0,54.0,0,3.8
24.5,-76.8,21.0,54.0,0,3.8
24.5,-76.3,21.0,54.0,0,3.8
24.5,-75.8,21.0,54.0,0,3.8
24.5,-75.3,21.0,54.0,0,3.8
24.5,-74.8,21.0,54.0,0,3.8
24.5,-74.3,21.0,54.0,0,3.8
24.5,-73.8,21.0,54.0,0,3.8
24.5,-73.3,21.0,54.0,0,3.8
24.5,-72.8,21.0,54.0,0,3.8
24.5,-72.3,21.0,54.0,0,3.8
24.5,-71.8,21.0,54.0,0,3.8
24.5,-71.3,21.0,54.0,0,3.8
24.5,-70.8,21.0,54.0,0,3.8
24.5,-70.3,21.0,54.0,0,3.8
24.5,-69.8,21.0,54.0,0,3.8
24.5,-69.3,21.0,54.0,0,3.8
24.5,-68.8,21.0,54.0,0,3.8
24.5,-68.3,21.0,54.0,0,3.8
24.5,-67.8,21.0,54.0,0,3.8
24.5,-67.3,21.0,54.0,0,3.8
24.5,-66.8,21.0,54.0,0,3.8
25.0,-124.8,20.7,52.2,0,3.8
25.0,-124.3,20.7,52.2,0,3.8
25.0,-123.8,20.7,52.2,0,3.8
25.0,-123.3,20.7,52.2,0,3.8
25.0,-122.8,20.7,52.2,0,3.8
25.0,-122.3,20.7,52.2,0,3.8
25.0,-121.8,20.7,52.2,0,3.8
25.0,-121.3,20.7,52.2,0,3.8
25.0,-120.8,20.7,52.2,0,3.8
25.0,-120.3,20.7,52.2,0,3.8
25.0,-119.8,20.7,52.2,0,3.8
25.0,-119.3,20.7,52.2,0,3.8
25.0,-118.8,20.7,52.2,0,3.8
25.0,-118.3,20.7,52.2,0,3.8
25.0,-117.8,20.7,52.2,0,3.8
25.0,-117.3,20.7,52.2,0,3.8
25.0,-116.8,20.7,52.2,0,3.8
25.0,-116.3,20.7,52.2,0,3.8
25.0,-115.8,20.7,52.2,0,3.8
25.0,-115.3,20.7,52.2,0,3.8
25.0,-114.8,20.7,52.2,0,3.8
25.0,-114.3,20.7,52.2,0,3.8
25.0,-113.8,20.7,52.2,0,3.8
25.0,-113.3,20.7,52.2,0,3.8
25.0,-112.8,20.7,52.2,0,3.8
25.0,-112.3,20.7,52.2,0,3.8
25.0,-111.8,20.7,52.2,0,3.8
25.0,-111.3,20.7,52.2,0,3.8
25.0,-110.8,20.7,52.2,0,3.8
25.0,-110.3,20.7,52.2,0,3.8
25.0,-109.8,20.7,52.2,0,3.8
25.0,-109.3,20.7,52.2,0,3.8
25.0,-108.8,20.7,52.2,0,3.8
25.0,-108.3,20.7,52.2,0,3.8
25.0,-107.8,20.7,52.2,0,3.8
25.0,-107.3,20.7,52.2,0,3.8
25.0,-106.8,20.7,52.2,0,3.8
25.0,-106.3,20.7,52.2,0,3.8
25.0,-105.8,20.7,52.2,0,3.8
25.0,-105.3,20.7,52.2,0,3.8
25.0,-104.8,20.7,52.2,0,3.8
25.0,-104.3,20.7,52.2,0,3.8
25.0,-103.8,20.7,52.2,0,3.8
25.0,-103.3,20.7,52.2,0,3.8
25.0,-102.8,20.7,52.2,0,3.8
25.0,-102.3,20.7,52.2,0,3.8
25.0,-101.8,20.7,52.2,0,3.8
25.0,-101.3,20.7,52.2,0,3.8
25.0,-100.8,20.7,52.2,0,3.8
25.0,-100.3,20.7,52.2,0,3.8
25.0,-99.8,20.7,52.2,0,3.8
25.0,-99.3,20.7,52.2,0,3.8
25.0,-98.8,20.7,52.2,0,3.8
25.0,-98.3,20.7,52.2,0,3.8
25.0,-97.8,20.7,52.2,0,3.8
25.0,-97.3,20.7,52.2,0,3.8
25.0,-96.8,20.7,52.2,0,3.8
25.0,-96.3,20.7,52.2,0,3.8
25.0,-95.8,20.7,52.2,0,3.8
25.0,-95.3,20.7,52.2,0,3.8
25.0,-94.8,20.7,52.2,0,3.8
25.0,-94.3,20.7,52.2,0,3.8
25.0,-93.8,20.7,52.2,0,3.8
25.0,-93.3,20.7,52.2,0,3.8
25.0,-92.8,20.7,52.2,0,3.8
25.0,-92.3,20.7,52.2,0,3.8
25.0,-91.8,20.7,52.2,0,3.8
25.0,-91.3,20.7,52.2,0,3.8
25.0,-90.8,20.7,52.2,0,3.8
25.0,-90.3,20.7,52.2,0,3.8
25.0,-89.8,20.7,52.2,0,3.8
25.0,-89.3,20.7,52.2,0,3.8
25.0,-88.8,20.7,52.2,0,3.8
25.0,-88.3,20.7,52.2,0,3.8
25.0,-87.8,20.7,52.2,0,3.8
25.0,-87.3,20.7,52.2,0,3.8
25.0,-86.8,20.7,52.2,0,3.8
25.0,-86.3,20.7,52.2,0,3.8
25.0,-85.8,20.7,52.2,0,3.8
25.0,-85.3,20.7,52.2,0,3.8
25.0,-84.8,20.7,52.2,0,3.8
25.0,-84.3,20.7,52.2,0,3.8
25.0,-83.8,20.7,52.2,0,3.8
25.0,-83.3,20.7,52.2,0,3.8
25.0,-82.8,20.7,52.2,0,3.8
25.0,-82.3,20.7,52.2,0,3.8
25.0,-81.8,20.7,52.2,0,3.8
25.0,-81.3,20.7,52.2,0,3.8
25.0,-80.8,20.7,52.2,0,3.8
25.0,-80.3,20.7,52.2,0,3.8
25.0,-79.8,20.7,52.2,0,3.8
25.0,-79.3,20.7,52.2,0,3.8
25.0,-78.8,20.7,52.2,0,3.8
25.0,-78.3,20.7,52.2,0,3.8
25.0,-77.8,20.7,52.2,0,3.8
25.0,-77.3,20.7,52.2,0,3.8
25.0,-76.8,20.7,52.2,0,3.8
25.0,-76.3,20.7,52.2,0,3.8
25.0,-75.8,20.7,52.2,0,3.8
25.0,-75.3,20.7,52.2,0,3.8
25.0,-74.8,20.7,52.2,0,3.8
25.0,-74.3,20.7,52.2,0,3.8
25.0,-73.8,20.7,52.2,0,3.8
25.0,-73.3,20.7,52.2,0,3.8
25.0,-72.8,20.7,52.2,0,3.8
25.0,-72.3,20.7,52.2,0,3.8
25.0,-71.8,20.7,52.2,0,3.8
25.0,-71.3,20.7,52.2,0,3.8
25.0,-70.8,20.7,52.2,0,3.8
25.0,-70.3,20.7,52.2,0,3.8
25.0,-69.8,20.7,52.2,0,3.8
25.0,-69.3,20.7,52.2,0,3.8
25.0,-68.8,20.7,52.2,0,3.8
25.0,-68.3,20.7,52.2,0,3.8
25.0,-67.8,20.7,52.2,0,3.8
25.0,-67.3,20.7,52.2,0,3.8
25.0,-66.8,20.7,52.2,0,3.8
25.5,-124.8,20.4,50.4,0,3.8
25.5,-124.3,20.4,50.4,0,3.8
25.5,-123.8,20.4,50.4,0,3.8
25.5,-123.3,20.4,50.4,0,3.8
25.5,-122.8,20.4,50.4,0,3.8
25.5,-122.3,20.4,50.4,0,3.8
25.5,-121.8,20.4,50.4,0,3.8
25.5,-121.3,20.4,50.4,0,3.8
25.5,-120.8,20.4,50.4,0,3.8
25.5,-120.3,20.4,50.4,0,3.8
25.5,-119.8,20.4,50.4,0,3.8
25.5,-119.3,20.4,50.4,0,3.8
25.5,-118.8,20.4,50.4,0,3.8
25.5,-118.3,20.4,50.4,0,3.8
25.5,-117.8,20.4,50.4,0,3.8
25.5,-117.3,20.4,50.4,0,3.8
25.5,-116.8,20.4,50.4,0,3.8
25.5,-116.3,20.4,50.4,0,3.8
25.5,-115.8,20.4,50.4,0,3.8
25.5,-115.3,20.4,50.4,0,3.8
25.5,-114.8,20.4,50.4,0,3.8
25.5,-114.3,20.4,50.4,0,3.8
25.5,-113.8,20.4,50.4,0,3.8
25.5,-113.3,20.4,50.4,0,3.8
25.5,-112.8,20.4,50.4,0,3.8
25.5,-112.3,20.4,50.4,0,3.8
25.5,-111.8,20.4,50.4,0,3.8
25.5,-111.3,20.4,50.4,0,3.8
25.5,-110.8,20.4,50.4,0,3.8
25.5,-110.3,20.4,50.4,0,3.8
25.5,-109.8,20.4,50.4,0,3.8
25.5,-109.3,20.4,50.4,0,3.8
25.5,-108.8,20.4,50.4,0,3.8
25.5,-108.3,20.4,50.4,0,3.8
25.5,-107.8,20.4,50.4,0,3.8
25.5,-107.3,20.4,50.4,0,3.8
25.5,-106.8,20.4,50.4,0,3.8
25.5,-106.3,20.4,50.4,0,3.8
25.5,-105.8,20.4,50.4,0,3.8
25.5,-105.3,20.4,50.4,0,3.8
25.5,-104.8,20.4,50.4,0,3.8
25.5,-104.3,20.4,50.4,0,3.8
25.5,-103.8,20.4,50.4,0,3.8
25.5,-103.3,20.4,50.4,0,3.8
25.5,-102.8,20.4,50.4,0,3.8
25.5,-102.3,20.4,50.4,0,3.8
25.5,-101.8,20.4,50.4,0,3.8
25.5,-101.3,20.4,50.4,0,3.8
25.5,-100.8,20.4,50.4,0,3.8
25.5,-100.3,20.4,50.4,0,3.8
25.5,-99.8,20.4,50.4,0,3.8
25.5,-99.3,20.4,50.4,0,3.8
25.5,-98.8,20.4,50.4,0,3.8
25.5,-98.3,20.4,50.4,0,3.8
25.5,-97.8,20.4,50.4,0,3.8
25.5,-97.3,20.4,50.4,0,3.8
25.5,-96.8,20.4,50.4,0,3.8
25.5,-96.3,20.4,50.4,0,3.8
25.5,-95.8,20.4,50.4,0,3.8
25.5,-95.3,20.4,50.4,0,3.8
25.5,-94.8,20.4,50.4,0,3.8
25.5,-94.3,20.4,50.4,0,3.8
25.5,-93.8,20.4,50.4,0,3.8
25.5,-93.3,20.4,50.4,0,3.8
25.5,-92.8,20.4,50.4,0,3.8
25.5,-92.3,20.4,50.4,0,3.8
25.5,-91.8,20.4,50.4,0,3.8
25.5,-91.3,20.4,50.4,0,3.8
25.5,-90.8,20.4,50.4,0,3.8
25.5,-90.3,20.4,50.4,0,3.8
25.5,-89.8,20.4,50.4,0,3.8
25.5,-89.3,20.4,50.4,0,3.8
25.5,-88.8,20.4,50.4,0,3.8
25.5,-88.3,20.4,50.4,0,3.8
25.5,-87.8,20.4,50.4,0,3.8
25.5,-87.3,20.4,50.4,0,3.8
25.5,-86.8,20.4,50.4,0,3.8
25.5,-86.3,20.4,50.4,0,3.8
25.5,-85.8,20.4,50.4,0,3.8
25.5,-85.3,20.4,50.4,0,3.8
25.5,-84.8,20.4,50.4,0,3.8
25.5,-84.3,20.4,50.4,0,3.8
25.5,-83.8,20.4,50.4,0,3.8
25.5,-83.3,20.4,50.4,0,3.8
25.5,-82.8,20.4,50.4,0,3.8
25.5,-82.3,20.4,50.4,0,3.8
25.5,-81.8,20.4,50.4,0,3.8
25.5,-81.3,20.4,50.4,0,3.8
25.5,-80.8,20.4,50.4,0,3.8
25.5,-80.3,20.4,50.4,0,3.8
25.5,-79.8,20.4,50.4,0,3.8
25.5,-79.3,20.4,50.4,0,3.8
25.5,-78.8,20.4,50.4,0,3.8
25.5,-78.3,20.4,50.4,0,3.8
25.5,-77.8,20.4,50.4,0,3.8
25.5,-77.3,20.4,50.4,0,3.8
25.5,-76.8,20.4,50.4,0,3.8
25.5,-76.3,20.4,50.4,0,3.8
25.5,-75.8,20.4,50.4,0,3.8
25.5,-75.3,20.4,50.4,0,3.8
25.5,-74.8,20.4,50.4,0,3.8
25.5,-74.3,20.4,50.4,0,3.8
25.5,-73.8,20.4,50.4,0,3.8
25.5,-73.3,20.4,50.4,0,3.8
25.5,-72.8,20.4,50.4,0,3.8
25.5,-72.3,20.4,50.4,0,3.8
25.5,-71.8,20.4,50.4,0,3.8
25.5,-71.3,20.4,50.4,0,3.8
25.5,-70.8,20.4,50.4,0,3.8
25.5,-70.3,20.4,50.4,0,3.8
25.5,-69.8,20.4,50.4,0,3.8
25.5,-69.3,20.4,50.4,0,3.8
25.5,-68.8,20.4,50.4,0,3.8
25.5,-68.3,20.4,50.4,0,3.8
25.5,-67.8,20.4,50.4,0,3.8
25.5,-67.3,20.4,50.4,0,3.8
25.5,-66.8,20.4,50.4,0,3.8
26.0,-124.8,20.1,48.6,0,3.8
26.0,-124.3,20.1,48.6,0,3.8
26.0,-123.8,20.1,48.6,0,3.8
26.0,-123.3,20.1,48.6,0,3.8
26.0,-122.8,20.1,48.6,0,3.8
26.0,-122.3,20.1,48.6,0,3.8
26.0,-121.8,20.1,48.6,0,3.8
26.0,-121.3,20.1,48.6,0,3.8
26.0,-120.8,20.1,48.6,0,3.8
26.0,-120.3,20.1,48.6,0,3.8
26.0,-119.8,20.1,48.6,0,3.8
26.0,-119.3,20.1,48.6,0,3.8
26.0,-118.8,20.1,48.6,0,3.8
26.0,-118.3,20.1,48.6,0,3.8
26.0,-117.8,20.1,48.6,0,3.8
26.0,-117.3,20.1,48.6,0,3.8
26.0,-116.8,20.1,48.6,0,3.8
26.0,-116.3,20.1,48.6,0,3.8
26.0,-115.8,20.1,48.6,0,3.8
26.0,-115.3,20.1,48.6,0,3.8
26.0,-114.8,20.1,48.6,0,3.8
26.0,-114.3,20.1,48.6,0,3.8
26.0,-113.8,20.1,48.6,0,3.8
26.0,-113.3,20.1,48.6,0,3.8
26.0,-112.8,20.1,48.6,0,3.8
26.0,-112.3,20.1,48.6,0,3.8
26.0,-111.8,20.1,48.6,0,3.8
26.0,-111.3,20.1,48.6,0,3.8
26.0,-110.8,20.1,48.6,0,3.8
26.0,-110.3,20.1,48.6,0,3.8
26.0,-109.8,20.1,48.6,0,3.8
26.0,-109.3,20.1,48.6,0,3.8
26.0,-108.8,20.1,48.6,0,3.8
26.0,-108.3,20.1,48.6,0,3.8
26.0,-107.8,20.1,48.6,0,3.8
26.0,-107.3,20.1,48.6,0,3.8
26.0,-106.8,20.1,48.6,0,3.8
26.0,-106.3,20.1,48.6,0,3.8
26.0,-105.8,20.1,48.6,0,3.8
26.0,-105.3,20.1,48.6,0,3.8
26.0,-104.8,20.1,48.6,0,3.8
26.0,-104.3,20.1,48.6,0,3.8
26.0,-103.8,20.1,48.6,0,3.8
26.0,-103.3,20.1,48.6,0,3.8
26.0,-102.8,20.1,48.6,0,3.8
26.0,-102.3,20.1,48.6,0,3.8
26.0,-101.8,20.1,48.6,0,3.8
26.0,-101.3,20.1,48.6,0,3.8
26.0,-100.8,20.1,48.6,0,3.8
26.0,-100.3,20.1,48.6,0,3.8
26.0,-99.8,20.1,48.6,0,3.8
26.0,-99.3,20.1,48.6,0,3.8
26.0,-98.8,20.1,48.6,0,3.8
26.0,-98.3,20.1,48.6,0,3.8
26.0,-97.8,20.1,48.6,0,3.8
26.0,-97.3,20.1,48.6,0,3.8
26.0,-96.8,20.1,48.6,0,3.8
26.0,-96.3,20.1,48.6,0,3.8
26.0,-95.8,20.1,48.6,0,3.8
26.0,-95.3,20.1,48.6,0,3.8
26.0,-94.8,20.1,48.6,0,3.8
26.0,-94.3,20.1,48.6,0,3.8
26.0,-93.8,20.1,48.6,0,3.8
26.0,-93.3,20.1,48.6,0,3.8
26.0,-92.8,20.1,48.6,0,3.8
26.0,-92.3,20.1,48.6,0,3.8
26.0,-91.8,20.1,48.6,0,3.8
26.0,-91.3,20.1,48.6,0,3.8
26.0,-90.8,20.1,48.6,0,3.8
26.0,-90.3,20.1,48.6,0,3.8
26.0,-89.8,20.1,48.6,0,3.8
26.0,-89.3,20.1,48.6,0,3.8
26.0,-88.8,20.1,48.6,0,3.8
26.0,-88.3,20.1,48.6,0,3.8
26.0,-87.8,20.1,48.6,0,3.8
26.0,-87.3,20.1,48.6,0,3.8
26.0,-86.8,20.1,48.6,0,3.8
26.0,-86.3,20.1,48.6,0,3.8
26.0,-85.8,20.1,48.6,0,3.8
26.0,-85.3,20.1,48.6,0,3.8
26.0,-84.8,20.1,48.6,0,3.8
26.0,-84.3,20.1,48.6,0,3.8
26.0,-83.8,20.1,48.6,0,3.8
26.0,-83.3,20.1,48.6,0,3.8
26.0,-82.8,20.1,48.6,0,3.8
26.0,-82.3,20.1,48.6,0,3.8
26.0,-81.8,20.1,48.6,0,3.8
26.0,-81.3,20.1,48.6,0,3.8
26.0,-80.8,20.1,48.6,0,3.8
26.0,-80.3,20.1,48.6,0,3.8
26.0,-79.8,20.1,48.6,0,3.8
26.0,-79.3,20.1,48.6,0,3.8
26.0,-78.8,20.1,48.6,0,3.8
26.0,-78.3,20.1,48.6,0,3.8
26.0,-77.8,20.1,48.6,0,3.8
26.0,-77.3,20.1,48.6,0,3.8
26.0,-76.8,20.1,48.6,0,3.8
26.0,-76.3,20.1,48.6,0,3.8
26.0,-75.8,20.1,48.6,0,3.8
26.0,-75.3,20.1,48.6,0,3.8
26.0,-74.8,20.1,48.6,0,3.8
26.0,-74.3,20.1,48.6,0,3.8
26.0,-73.8,20.1,48.6,0,3.8
26.0,-73.3,20.1,48.6,0,3.8
26.0,-72.8,20.1,48.6,0,3.8
26.0,-72.3,20.1,48.6,0,3.8
26.0,-71.8,20.1,48.6,0,3.8
26.0,-71.3,20.1,48.6,0,3.8
26.0,-70.8,20.1,48.6,0,3.8
26.0,-70.3,20.1,48.6,0,3.8
26.0,-69.8,20.1,48.6,0,3.8
26.0,-69.3,20.1,48.6,0,3.8
26.0,-68.8,20.1,48.6,0,3.8
26.0,-68.3,20.1,48.6,0,3.8
26.0,-67.8,20.1,48.6,0,3.8
26.0,-67.3,20.1,48.6,0,3.8
26.0,-66.8,20.1,48.6,0,3.8
26.5,-124.8,19.8,46.8,0,3.8
26.5,-124.3,19.8,46.8,0,3.8
26.5,-123.8,19.8,46.8,0,3.8
26.5,-123.3,19.8,46.8,0,3.8
26.5,-122.8,19.8,46.8,0,3.8
26.5,-122.3,19.8,46.8,0,3.8
26.5,-121.8,19.8,46.8,0,3.8
26.5,-121.3,19.8,46.8,0,3.8
26.5,-120.8,19.8,46.8,0,3.8
26.5,-120.3,19.8,46.8,0,3.8
26.5,-119.8,19.8,46.8,0,3.8
26.5,-119.3,19.8,46.8,0,3.8
26.5,-118.8,19.8,46.8,0,3.8
26.5,-118.3,19.8,46.8,0,3.8
26.5,-117.8,19.8,46.8,0,3.8
26.5,-117.3,19.8,46.8,0,3.8
26.5,-116.8,19.8,46.8,0,3.8
26.5,-116.3,19.8,46.8,0,3.8
26.5,-115.8,19.8,46.8,0,3.8
26.5,-115.3,19.8,46.8,0,3.8
26.5,-114.8,19.8,46.8,0,3.8
26.5,-114.3,19.8,46.8,0,3.8
26.5,-113.8,19.8,46.8,0,3.8
26.5,-113.3,19.8,46.8,0,3.8
26.5,-112.8,19.8,46.8,0,3.8
26.5,-112.3,19.8,46.8,0,3.8
26.5,-111.8,19.8,46.8,0,3.8
26.5,-111.3,19.8,46.8,0,3.8
26.5,-110.8,19.8,46.8,0,3.8
26.5,-110.3,19.8,46.8,0,3.8
26.5,-109.8,19.8,46.8,0,3.8
26.5,-109.3,19.8,46.8,0,3.8
26.5,-108.8,19.8,46.8,0,3.8
26.5,-108.3,19.8,46.8,0,3.8
26.5,-107.8,19.8,46.8,0,3.8
26.5,-107.3,19.8,46.8,0,3.8
26.5,-106.8,19.8,46.8,0,3.8
26.5,-106.3,19.8,46.8,0,3.8
26.5,-105.8,19.8,46.8,0,3.8
26.5,-105.3,19.8,46.8,0,3.8
26.5,-104.8,19.8,46.8,0,3.8
26.5,-104.3,19.8,46.8,0,3.8
26.5,-103.8,19.8,46.8,0,3.8
26.5,-103.3,19.8,46.8,0,3.8
26.5,-102.8,19.8,46.8,0,3.8
26.5,-102.3,19.8,46.8,0,3.8
26.5,-101.8,19.8,46.8,0,3.8
26.5,-101.3,19.8,46.8,0,3.8
26.5,-100.8,19.8,46.8,0,3.8
26.5,-100.3,19.8,46.8,0,3.8
26.5,-99.8,19.8,46.8,0,3.8
26.5,-99.3,19.8,46.8,0,3.8
26.5,-98.8,19.8,46.8,0,3.8
26.5,-98.3,19.8,46.8,0,3.8
26.5,-97.8,19.8,46.8,0,3.8
26.5,-97.3,19.8,46.8,0,3.8
26.5,-96.8,19.8,46.8,0,3.8
26.5,-96.3,19.8,46.8,0,3.8
26.5,-95.8,19.8,46.8,0,3.8
26.5,-95.3,19.8,46.8,0,3.8
26.5,-94.8,19.8,46.8,0,3.8
26.5,-94.3,19.8,46.8,0,3.8
26.5,-93.8,19.8,46.8,0,3.8
26.5,-93.3,19.8,46.8,0,3.8
26.5,-92.8,19.8,46.8,0,3.8
26.5,-92.3,19.8,46.8,0,3.8
26.5,-91.8,19.8,46.8,0,3.8
26.5,-91.3,19.8,46.8,0,3.8
26.5,-90.8,19.8,46.8,0,3.8
26.5,-90.3,19.8,46.8,0,3.8
26.5,-89.8,19.8,46.8,0,3.8
26.5,-89.3,19.8,46.8,0,3.8
26.5,-88.8,19.8,46.8,0,3.8
26.5,-88.3,19.8,46.8,0,3.8
26.5,-87.8,19.8,46.8,0,3.8
26.5,-87.3,19.8,46.8,0,3.8
26.5,-86.8,19.8,46.8,0,3.8
26.5,-86.3,19.8,46.8,0,3.8
26.5,-85.8,19.8,46.8,0,3.8
26.5,-85.3,19.8,46.8,0,3.8
26.5,-84.8,19.8,46.8,0,3.8
26.5,-84.3,19.8,46.8,0,3.8
26.5,-83.8,19.8,46.8,0,3.8
26.5,-83.3,19.8,46.8,0,3.8
26.5,-82.8,19.8,46.8,0,3.8
26.5,-82.3,19.8,46.8,0,3.8
26.5,-81.8,19.8,46.8,0,3.8
26.5,-81.3,19.8,46.8,0,3.8
26.5,-80.8,19.8,46.8,0,3.8
26.5,-80.3,19.8,46.8,0,3.8
26.5,-79.8,19.8,46.8,0,3.8
26.5,-79.3,19.8,46.8,0,3.8
26.5,-78.8,19.8,46.8,0,3.8
26.5,-78.3,19.8,46.8,0,3.8
26.5,-77.8,19.8,46.8,0,3.8
26.5,-77.3,19.8,46.8,0,3.8
26.5,-76.8,19.8,46.8,0,3.8
26.5,-76.3,19.8,46.8,0,3.8
26.5,-75.8,19.8,46.8,0,3.8
26.5,-75.3,19.8,46.8,0,3.8
26.5,-74.8,19.8,46.8,0,3.8
26.5,-74.3,19.8,46.8,0,3.8
26.5,-73.8,19.8,46.8,0,3.8
26.5,-73.3,19.8,46.8,0,3.8
26.5,-72.8,19.8,46.8,0,3.8
26.5,-72.3,19.8,46.8,0,3.8
26.5,-71.8,19.8,46.8,0,3.8
26.5,-71.3,19.8,46.8,0,3.8
26.5,-70.8,19.8,46.8,0,3.8
26.5,-70.3,19.8,46.8,0,3.8
26.5,-69.8,19.8,46.8,0,3.8
26.5,-69.3,19.8,46.8,0,3.8
26.5,-68.8,19.8,46.8,0,3.8
26.5,-68.3,19.8,46.8,0,3.8
26.5,-67.8,19.8,46.8,0,3.8
26.5,-67.3,19.8,46.8,0,3.8
26.5,-66.8,19.8,46.8,0,3.8
27.0,-124.8,19.5,45.0,0,3.8
27.0,-124.3,19.5,45.0,0,3.8
27.0,-123.8,19.5,45.0,0,3.8
27.0,-123.3,19.5,45.0,0,3.8
27.0,-122.8,19.5,45.0,0,3.8
27.0,-122.3,19.5,45.0,0,3.8
27.0,-121.8,19.5,45.0,0,3.8
27.0,-121.3,19.5,45.0,0,3.8
27.0,-120.8,19.5,45.0,0,3.8
27.0,-120.3,19.5,45.0,0,3.8
27.0,-119.8,19.5,45.0,0,3.8
27.0,-119.3,19.5,45.0,0,3.8
27.0,-118.8,19.5,45.0,0,3.8
27.0,-118.3,19.5,45.0,0,3.8
27.0,-117.8,19.5,45.0,0,3.8
27.0,-117.3,19.5,45.0,0,3.8
27.0,-116.8,19.5,45.0,0,3.8
27.0,-116.3,19.5,45.0,0,3.8
27.0,-115.8,19.5,45.0,0,3.8
27.0,-115.3,19.5,45.0,0,3.8
27.0,-114.8,19.5,45.0,0,3.8
27.0,-114.3,19.5,45.0,0,3.8
27.0,-113.8,19.5,45.0,0,3.8
27.0,-113.3,19.5,45.0,0,3.8
27.0,-112.8,19.5,45.0,0,3.8
27.0,-112.3,19.5,45.0,0,3.8
27.0,-111.8,19.5,45.0,0,3.8
27.0,-111.3,19.5,45.0,0,3.8
27.0,-110.8,19.5,45.0,0,3.8
27.0,-110.3,19.5,45.0,0,3.8
27.0,-109.8,19.5,45.0,0,3.8
27.0,-109.3,19.5,45.0,0,3.8
27.0,-108.8,19.5,45.0,0,3.8
27.0,-108.3,19.5,45.0,0,3.8
27.0,-107.8,19.5,45.0,0,3.8
27.0,-107.3,19.5,45.0,0,3.8
27.0,-106.8,19.5,45.0,0,3.8
27.0,-106.3,19.5,45.0,0,3.8
27.0,-105.8,19.5,45.0,0,3.8
27.0,-105.3,19.5,45.0,0,3.8
27.0,-104.8,19.5,45.0,0,3.8
27.0,-104.3,19.5,45.0,0,3.8
27.0,-103.8,19.5,45.0,0,3.8
27.0,-103.3,19.5,45.0,0,3.8
27.0,-102.8,19.5,45.0,0,3.8
27.0,-102.3,19.5,45.0,0,3.8
27.0,-101.8,19.5,45.0,0,3.8
27.0,-101.3,19.5,45.0,0,3.8
27.0,-100.8,19.5,45.0,0,3.8
27.0,-100.3,19.5,45.0,0,3.8
27.0,-99.8,19.5,45.0,0,3.8
27.0,-99.3,19.5,45.0,0,3.8
27.0,-98.8,19.5,45.0,0,3.8
27.0,-98.3,19.5,45.0,0,3.8
27.0,-97.8,19.5,45.0,0,3.8
27.0,-97.3,19.5,45.0,0,3.8
27.0,-96.8,19.5,45.0,0,3.8
27.0,-96.3,19.5,45.0,0,3.8
27.0,-95.8,19.5,45.0,0,3.8
27.0,-95.3,19.5,45.0,0,3.8
27.0,-94.8,19.5,45.0,0,3.8
27.0,-94.3,19.5,45.0,0,3.8
27.0,-93.8,19.5,45.0,0,3.8
27.0,-93.3,19.5,45.0,0,3.8
27.0,-92.8,19.5,45.0,0,3.8
27.0,-92.3,19.5,45.0,0,3.8
27.0,-91.8,19.5,45.0,0,3.8
27.0,-91.3,19.5,45.0,0,3.8
27.0,-90.8,19.5,45.0,0,3.8
27.0,-90.3,19.5,45.0,0,3.8
27.0,-89.8,19.5,45.0,0,3.8
27.0,-89.3,19.5,45.0,0,3.8
27.0,-88.8,19.5,45.0,0,3.8
27.0,-88.3,19.5,45.0,0,3.8
27.0,-87.8,19.5,45.0,0,3.8
27.0,-87.3,19.5,45.0,0,3.8
27.0,-86.8,19.5,45.0,0,3.8
27.0,-86.3,19.5,45.0,0,3.8
27.0,-85.8,19.5,45.0,0,3.8
27.0,-85.3,19.5,45.0,0,3.8
27.0,-84.8,19.5,45.0,0,3.8
27.0,-84.3,19.5,45.0,0,3.8
27.0,-83.8,19.5,45.0,0,3.8
27.0,-83.3,19.5,45.0,0,3.8
27.0,-82.8,19.5,45.0,0,3.8
27.0,-82.3,19.5,45.0,0,3.8
27.0,-81.8,19.5,45.0,0,3.8
27.0,-81.3,19.5,45.0,0,3.8
27.0,-80.8,19.5,45.0,0,3.8
27.0,-80.3,19.5,45.0,0,3.8
27.0,-79.8,19.5,45.0,0,3.8
27.0,-79.3,19.5,45.0,0,3.8
27.0,-78.8,19.5,45.0,0,3.8
27.0,-78.3,19.5,45.0,0,3.8
27.0,-77.8,19.5,45.0,0,3.8
27.0,-77.3,19.5,45.0,0,3.8
27.0,-76.8,19.5,45.0,0,3.8
27.0,-76.3,19.5,45.0,0,3.8
27.0,-75.8,19.5,45.0,0,3.8
27.0,-75.3,19.5,45.0,0,3.8
27.0,-74.8,19.5,45.0,0,3.8
27.0,-74.3,19.5,45.0,0,3.8
27.0,-73.8,19.5,45.0,0,3.8
27.0,-73.3,19.5,45.0,0,3.8
27.0,-72.8,19.5,45.0,0,3.8
27.0,-72.3,19.5,45.0,0,3.8
27.0,-71.8,19.5,45.0,0,3.8
27.0,-71.3,19.5,45.0,0,3.8
27.0,-70.8,19.5,45.0,0,3.8
27.0,-70.3,19.5,45.0,0,3.8
27.0,-69.8,19.5,45.0,0,3.8
27.0,-69.3,19.5,45.0,0,3.8
27.0,-68.8,19.5,45.0,0,3.8
27.0,-68.3,19.5,45.0,0,3.8
27.0,-67.8,19.5,45.0,0,3.8
27.0,-67.3,19.5,45.0,0,3.8
27.0,-66.8,19.5,45.0,0,3.8
27.5,-124.8,19.2,43.2,0,3.8
27.5,-124.3,19.2,43.2,0,3.8
27.5,-123.8,19.2,43.2,0,3.8
27.5,-123.3,19.2,43.2,0,3.8
27.5,-122.8,19.2,43.2,0,3.8
27.5,-122.3,19.2,43.2,0,3.8
27.5,-121.8,19.2,43.2,0,3.8
27.5,-121.3,19.2,43.2,0,3.8
27.5,-120.8,19.2,43.2,0,3.8
27.5,-120.3,19.2,43.2,0,3.8
27.5,-119.8,19.2,43.2,0,3.8
27.5,-119.3,19.2,43.2,0,3.8
27.5,-118.8,19.2,43.2,0,3.8
27.5,-118.3,19.2,43.2,0,3.8
27.5,-117.8,19.2,43.2,0,3.8
27.5,-117.3,19.2,43.2,0,3.8
27.5,-116.8,19.2,43.2,0,3.8
27.5,-116.3,19.2,43.2,0,3.8
27.5,-115.8,19.2,43.2,0,3.8
27.5,-115.3,19.2,43.2,0,3.8
27.5,-114.8,19.2,43.2,0,3.8
27.5,-114.3,19.2,43.2,0,3.8
27.5,-113.8,19.2,43.2,0,3.8
27.5,-113.3,19.2,43.2,0,3.8
27.5,-112.8,19.2,43.2,0,3.8
27.5,-112.3,19.2,43.2,0,3.8
27.5,-111.8,19.2,43.2,0,3.8
27.5,-111.3,19.2,43.2,0,3.8
27.5,-110.8,19.2,43.2,0,3.8
27.5,-110.3,19.2,43.2,0,3.8
27.5,-109.8,19.2,43.2,0,3.8
27.5,-109.3,19.2,43.2,0,3.8
27.5,-108.8,19.2,43.2,0,3.8
27.5,-108.3,19.2,43.2,0,3.8
27.5,-107.8,19.2,43.2,0,3.8
27.5,-107.3,19.2,43.2,0,3.8
27.5,-106.8,19.2,43.2,0,3.8
27.5,-106.3,19.2,43.2,0,3.8
27.5,-105.8,19.2,43.2,0,3.8
27.5,-105.3,19.2,43.2,0,3.8
27.5,-104.8,19.2,43.2,0,3.8
27.5,-104.3,19.2,43.2,0,3.8
27.5,-103.8,19.2,43.2,0,3.8
27.5,-103.3,19.2,43.2,0,3.8
27.5,-102.8,19.2,43.2,0,3.8
27.5,-102.3,19.2,43.2,0,3.8
27.5,-101.8,19.2,43.2,0,3.8
27.5,-101.3,19.2,43.2,0,3.8
27.5,-100.8,19.2,43.2,0,3.8
27.5,-100.3,19.2,43.2,0,3.8
27.5,-99.8,19.2,43.2,0,3.8
27.5,-99.3,19.2,43.2,0,3.8
27.5,-98.8,19.2,43.2,0,3.8
27.5,-98.3,19.2,43.2,0,3.8
27.5,-97.8,19.2,43.2,0,3.8
27.5,-97.3,19.2,43.2,0,3.8
27.5,-96.8,19.2,43.2,0,3.8
27.5,-96.3,19.2,43.2,0,3.8
27.5,-95.8,19.2,43.2,0,3.8
27.5,-95.3,19.2,43.2,0,3.8
27.5,-94.8,19.2,43.2,0,3.8
27.5,-94.3,19.2,43.2,0,3.8
27.5,-93.8,19.2,43.2,0,3.8
27.5,-93.3,19.2,43.2,0,3.8
27.5,-92.8,19.2,43.2,0,3.8
27.5,-92.3,19.2,43.2,0,3.8
27.5,-91.8,19.2,43.2,0,3.8
27.5,-91.3,19.2,43.2,0,3.8
27.5,-90.8,19.2,43.2,0,3.8
27.5,-90.3,19.2,43.2,0,3.8
27.5,-89.8,19.2,43.2,0,3.8
27.5,-89.3,19.2,43.2,0,3.8
27.5,-88.8,19.2,43.2,0,3.8
27.5,-88.3,19.2,43.2,0,3.8
27.5,-87.8,19.2,43.2,0,3.8
27.5,-87.3,19.2,43.2,0,3.8
27.5,-86.8,19.2,43.2,0,3.8
27.5,-86.3,19.2,43.2,0,3.8
27.5,-85.8,19.2,43.2,0,3.8
27.5,-85.3,19.2,43.2,0,3.8
27.5,-84.8,19.2,43.2,0,3.8
27.5,-84.3,19.2,43.2,0,3.8
27.5,-83.8,19.2,43.2,0,3.8
27.5,-83.3,19.2,43.2,0,3.8
27.5,-82.8,19.2,43.2,0,3.8
27.5,-82.3,19.2,43.2,0,3.8
27.5,-81.8,19.2,43.2,0,3.8
27.5,-81.3,19.2,43.2,0,3.8
27.5,-80.8,19.2,43.2,0,3.8
27.5,-80.3,19.2,43.2,0,3.8
27.5,-79.8,19.2,43.2,0,3.8
27.5,-79.3,19.2,43.2,0,3.8
27.5,-78.8,19.2,43.2,0,3.8
27.5,-78.3,19.2,43.2,0,3.8
27.5,-77.8,19.2,43.2,0,3.8
27.5,-77.3,19.2,43.2,0,3.8
27.5,-76.8,19.2,43.2,0,3.8
27.5,-76.3,19.2,43.2,0,3.8
27.5,-75.8,19.2,43.2,0,3.8
27.5,-75.3,19.2,43.2,0,3.8
27.5,-74.8,19.2,43.2,0,3.8
27.5,-74.3,19.2,43.2,0,3.8
27.5,-73.8,19.2,43.2,0,3.8
27.5,-73.3,19.2,43.2,0,3.8
27.5,-72.8,19.2,43.2,0,3.8
27.5,-72.3,19.2,43.2,0,3.8
27.5,-71.8,19.2,43.2,0,3.8
27.5,-71.3,19.2,43.2,0,3.8
27.5,-70.8,19.2,43.2,0,3.8
27.5,-70.3,19.2,43.2,0,3.8
27.5,-69.8,19.2,43.2,0,3.8
27.5,-69.3,19.2,43.2,0,3.8
27.5,-68.8,19.2,43.2,0,3.8
27.5,-68.3,19.2,43.2,0,3.8
27.5,-67.8,19.2,43.2,0,3.8
27.5,-67.3,19.2,43.2,0,3.8
27.5,-66.8,19.2,43.2,0,3.8
28.0,-124.8,18.9,41.4,0,3.8
28.0,-124.3,18.9,41.4,0,3.8
28.0,-123.8,18.9,41.4,0,3.8
28.0,-123.3,18.9,41.4,0,3.8
28.0,-122.8,18.9,41.4,0,3.8
28.0,-122.3,18.9,41.4,0,3.8
28.0,-121.8,18.9,41.4,0,3.8
28.0,-121.3,18.9,41.4,0,3.8
28.0,-120.8,18.9,41.4,0,3.8
28.0,-120.3,18.9,41.4,0,3.8
28.0,-119.8,18.9,41.4,0,3.8
28.0,-119.3,18.9,41.4,0,3.8
28.0,-118.8,18.9,41.4,0,3.8
28.0,-118.3,18.9,41.4,0,3.8
28.0,-117.8,18.9,41.4,0,3.8
28.0,-117.3,18.9,41.4,0,3.8
28.0,-116.8,18.9,41.4,0,3.8
28.0,-116.3,18.9,41.4,0,3.8
28.0,-115.8,18.9,41.4,0,3.8
28.0,-115.3,18.9,41.4,0,3.8
28.0,-114.8,18.9,41.4,0,3.8
28.0,-114.3,18.9,41.4,0,3.8
28.0,-113.8,18.9,41.4,0,3.8
28.0,-113.3,18.9,41.4,0,3.8
28.0,-112.8,18.9,41.4,0,3.8
28.0,-112.3,18.9,41.4,0,3.8
28.0,-111.8,18.9,41.4,0,3.8
28.0,-111.3,18.9,41.4,0,3.8
28.0,-110.8,18.9,41.4,0,3.8
28.0,-110.3,18.9,41.4,0,3.8
28.0,-109.8,18.9,41.4,0,3.8
28.0,-109.3,18.9,41.4,0,3.8
28.0,-108.8,18.9,41.4,0,3.8
28.0,-108.3,18.9,41.4,0,3.8
28.0,-107.8,18.9,41.4,0,3.8
28.0,-107.3,18.9,41.4,0,3.8
28.0,-106.8,18.9,41.4,0,3.8
28.0,-106.3,18.9,41.4,0,3.8
28.0,-105.8,18.9,41.4,0,3.8
28.0,-105.3,18.9,41.4,0,3.8
28.0,-104.8,18.9,41.4,0,3.8
28.0,-104.3,18.9,41.4,0,3.8
28.0,-103.8,18.9,41.4,0,3.8
28.0,-103.3,18.9,41.4,0,3.8
28.0,-102.8,18.9,41.4,0,3.8
28.0,-102.3,18.9,41.4,0,3.8
28.0,-101.8,18.9,41.4,0,3.8
28.0,-101.3,18.9,41.4,0,3.8
28.0,-100.8,18.9,41.4,0,3.8
28.0,-100.3,18.9,41.4,0,3.8
28.0,-99.8,18.9,41.4,0,3.8
28.0,-99.3,18.9,41.4,0,3.8
28.0,-98.8,18.9,41.4,0,3.8
28.0,-98.3,18.9,41.4,0,3.8
28.0,-97.8,18.9,41.4,0,3.8
28.0,-97.3,18.9,41.4,0,3.8
28.0,-96.8,18.9,41.4,0,3.8
28.0,-96.3,18.9,41.4,0,3.8
28.0,-95.8,18.9,41.4,0,3.8
28.0,-95.3,18.9,41.4,0,3.8
28.0,-94.8,18.9,41.4,0,3.8
28.0,-94.3,18.9,41.4,0,3.8
28.0,-93.8,18.9,41.4,0,3.8
28.0,-93.3,18.9,41.4,0,3.8
28.0,-92.8,18.9,41.4,0,3.8
28.0,-92.3,18.9,41.4,0,3.8
28.0,-91.8,18.9,41.4,0,3.8
28.0,-91.3,18.9,41.4,0,3.8
28.0,-90.8,18.9,41.4,0,3.8
28.0,-90.3,18.9,41.4,0,3.8
28.0,-89.8,18.9,41.4,0,3.8
28.0,-89.3,18.9,41.4,0,3.8
28.0,-88.8,18.9,41.4,0,3.8
28.0,-88.3,18.9,41.4,0,3.8
28.0,-87.8,18.9,41.4,0,3.8
28.0,-87.3,18.9,41.4,0,3.8
28.0,-86.8,18.9,41.4,0,3.8
28.0,-86.3,18.9,41.4,0,3.8
28.0,-85.8,18.9,41.4,0,3.8
28.0,-85.3,18.9,41.4,0,3.8
28.0,-84.8,18.9,41.4,0,3.8
28.0,-84.3,18.9,41.4,0,3.8
28.0,-83.8,18.9,41.4,0,3.8
28.0,-83.3,18.9,41.4,0,3.8
28.0,-82.8,18.9,41.4,0,3.8
28.0,-82.3,18.9,41.4,0,3.8
28.0,-81.8,18.9,41.4,0,3.8
28.0,-81.3,18.9,41.4,0,3.8
28.0,-80.8,18.9,41.4,0,3.8
28.0,-80.3,18.9,41.4,0,3.8
28.0,-79.8,18.9,41.4,0,3.8
28.0,-79.3,18.9,41.4,0,3.8
28.0,-78.8,18.9,41.4,0,3.8
28.0,-78.3,18.9,41.4,0,3.8
28.0,-77.8,18.9,41.4,0,3.8
28.0,-77.3,18.9,41.4,0,3.8
28.0,-76.8,18.9,41.4,0,3.8
28.0,-76.3,18.9,41.4,0,3.8
28.0,-75.8,18.9,41.4,0,3.8
28.0,-75.3,18.9,41.4,0,3.8
28.0,-74.8,18.9,41.4,0,3.8
28.0,-74.3,18.9,41.4,0,3.8
28.0,-73.8,18.9,41.4,0,3.8
28.0,-73.3,18.9,41.4,0,3.8
28.0,-72.8,18.9,41.4,0,3.8
28.0,-72.3,18.9,41.4,0,3.8
28.0,-71.8,18.9,41.4,0,3.8
28.0,-71.3,18.9,41.4,0,3.8
28.0,-70.8,18.9,41.4,0,3.8
28.0,-70.3,18.9,41.4,0,3.8
28.0,-69.8,18.9,41.4,0,3.8
28.0,-69.3,18.9,41.4,0,3.8
28.0,-68.8,18.9,41.4,0,3.8
28.0,-68.3,18.9,41.4,0,3.8
28.0,-67.8,18.9,41.4,0,3.8
28.0,-67.3,18.9,41.4,0,3.8
28.0,-66.8,18.9,41.4,0,3.8
28.5,-124.8,18.6,39.6,0,3.8
28.5,-124.3,18.6,39.6,0,3.8
28.5,-123.8,18.6,39.6,0,3.8
28.5,-123.3,18.6,39.6,0,3.8
28.5,-122.8,18.6,39.6,0,3.8
28.5,-122.3,18.6,39.6,0,3.8
28.5,-121.8,18.6,39.6,0,3.8
28.5,-121.3,18.6,39.6,0,3.8
28.5,-120.8,18.6,39.6,0,3.8
28.5,-120.3,18.6,39.6,0,3.8
28.5,-119.8,18.6,39.6,0,3.8
28.5,-119.3,18.6,39.6,0,3.8
28.5,-118.8,18.6,39.6,0,3.8
28.5,-118.3,18.6,39.6,0,3.8
28.5,-117.8,18.6,39.6,0,3.8
28.5,-117.3,18.6,39.6,0,3.8
28.5,-116.8,18.6,39.6,0,3.8
28.5,-116.3,18.6,39.6,0,3.8
28.5,-115.8,18.6,39.6,0,3.8
28.5,-115.3,18.6,39.6,0,3.8
28.5,-114.8,18.6,39.6,0,3.8
28.5,-114.3,18.6,39.6,0,3.8
28.5,-113.8,18.6,39.6,0,3.8
28.5,-113.3,18.6,39.6,0,3.8
28.5,-112.8,18.6,39.6,0,3.8
28.5,-112.3,18.6,39.6,0,3.8
28.5,-111.8,18.6,39.6,0,3.8
28.5,-111.3,18.6,39.6,0,3.8
28.5,-110.8,18.6,39.6,0,3.8
28.5,-110.3,18.6,39.6,0,3.8
28.5,-109.8,18.6,39.6,0,3.8
28.5,-109.3,18.6,39.6,0,3.8
28.5,-108.8,18.6,39.6,0,3.8
28.5,-108.3,18.6,39.6,0,3.8
28.5,-107.8,18.6,39.6,0,3.8
28.5,-107.3,18.6,39.6,0,3.8
28.5,-106.8,18.6,39.6,0,3.8
28.5,-106.3,18.6,39.6,0,3.8
28.5,-105.8,18.6,39.6,0,3.8
28.5,-105.3,18.6,39.6,0,3.8
28.5,-104.8,18.6,39.6,0,3.8
28.5,-104.3,18.6,39.6,0,3.8
28.5,-103.8,18.6,39.6,0,3.8
28.5,-103.3,18.6,39.6,0,3.8
28.5,-102.8,18.6,39.6,0,3.8
28.5,-102.3,18.6,39.6,0,3.8
28.5,-101.8,18.6,39.6,0,3.8
28.5,-101.3,18.6,39.6,0,3.8
28.5,-100.8,18.6,39.6,0,3.8
28.5,-100.3,18.6,39.6,0,3.8
28.5,-99.8,18.6,39.6,0,3.8
28.5,-99.3,18.6,39.6,0,3.8
28.5,-98.8,18.6,39.6,0,3.8
28.5,-98.3,18.6,39.6,0,3.8
28.5,-97.8,18.6,39.6,0,3.8
28.5,-97.3,18.6,39.6,0,3.8
28.5,-96.8,18.6,39.6,0,3.8
28.5,-96.3,18.6,39.6,0,3.8
28.5,-95.8,18.6,39.6,0,3.8
28.5,-95.3,18.6,39.6,0,3.8
28.5,-94.8,18.6,39.6,0,3.8
28.5,-94.3,18.6,39.6,0,3.8
28.5,-93.8,18.6,39.6,0,3.8
28.5,-93.3,18.6,39.6,0,3.8
28.5,-92.8,18.6,39.6,0,3.8
28.5,-92.3,18.6,39.6,0,3.8
28.5,-91.8,18.6,39.6,0,3.8
28.5,-91.3,18.6,39.6,0,3.8
28.5,-90.8,18.6,39.6,0,3.8
28.5,-90.3,18.6,39.6,0,3.8
28.5,-89.8,18.6,39.6,0,3.8
28.5,-89.3,18.6,39.6,0,3.8
28.5,-88.8,18.6,39.6,0,3.8
28.5,-88.3,18.6,39.6,0,3.8
28.5,-87.8,18.6,39.6,0,3.8
28.5,-87.3,18.6,39.6,0,3.8
28.5,-86.8,18.6,39.6,0,3.8
28.5,-86.3,18.6,39.6,0,3.8
28.5,-85.8,18.6,39.6,0,3.8
28.5,-85.3,18.6,39.6,0,3.8
28.5,-84.8,18.6,39.6,0,3.8
28.5,-84.3,18.6,39.6,0,3.8
28.5,-83.8,18.6,39.6,0,3.8
28.5,-83.3,18.6,39.6,0,3.8
28.5,-82.8,18.6,39.6,0,3.8
28.5,-82.3,18.6,39.6,0,3.8
28.5,-81.8,18.6,39.6,0,3.8
28.5,-81.3,18.6,39.6,0,3.8
28.5,-80.8,18.6,39.6,0,3.8
28.5,-80.3,18.6,39.6,0,3.8
28.5,-79.8,18.6,39.6,0,3.8
28.5,-79.3,18.6,39.6,0,3.8
28.5,-78.8,18.6,39.6,0,3.8
28.5,-78.3,18.6,39.6,0,3.8
28.5,-77.8,18.6,39.6,0,3.8
28.5,-77.3,18.6,39.6,0,3.8
28.5,-76.8,18.6,39.6,0,3.8
28.5,-76.3,18.6,39.6,0,3.8
28.5,-75.8,18.6,39.6,0,3.8
28.5,-75.3,18.6,39.6,0,3.8
28.5,-74.8,18.6,39.6,0,3.8
28.5,-74.3,18.6,39.6,0,3.8
28.5,-73.8,18.6,39.6,0,3.8
28.5,-73.3,18.6,39.6,0,3.8
28.5,-72.8,18.6,39.6,0,3.8
28.5,-72.3,18.6,39.6,0,3.8
28.5,-71.8,18.6,39.6,0,3.8
28.5,-71.3,18.6,39.6,0,3.8
28.5,-70.8,18.6,39.6,0,3.8
28.5,-70.3,18.6,39.6,0,3.8
28.5,-69.8,18.6,39.6,0,3.8
28.5,-69.3,18.6,39.6,0,3.8
28.5,-68.8,18.6,39.6,0,3.8
28.5,-68.3,18.6,39.6,0,3.8
28.5,-67.8,18.6,39.6,0,3.8
28.5,-67.3,18.6,39.6,0,3.8
28.5,-66.8,18.6,39.6,0,3.8
29.0,-124.8,18.3,37.8,0,3.8
29.0,-124.3,18.3,37.8,0,3.8
29.0,-123.8,18.3,37.8,0,3.8
29.0,-123.3,18.3,37.8,0,3.8
29.0,-122.8,18.3,37.8,0,3.8
29.0,-122.3,18.3,37.8,0,3.8
29.0,-121.8,18.3,37.8,0,3.8
29.0,-121.3,18.3,37.8,0,3.8
29.0,-120.8,18.3,37.8,0,3.8
29.0,-120.3,18.3,37.8,0,3.8
29.0,-119.8,18.3,37.8,0,3.8
29.0,-119.3,18.3,37.8,0,3.8
29.0,-118.8,18.3,37.8,0,3.8
29.0,-118.3,18.3,37.8,0,3.8
29.0,-117.8,18.3,37.8,0,3.8
29.0,-117.3,18.3,37.8,0,3.8
29.0,-116.8,18.3,37.8,0,3.8
29.0,-116.3,18.3,37.8,0,3.8
29.0,-115.8,18.3,37.8,0,3.8
29.0,-115.3,18.3,37.8,0,3.8
29.0,-114.8,18.3,37.8,0,3.8
29.0,-114.3,18.3,37.8,0,3.8
29.0,-113.8,18.3,37.8,0,3.8
29.0,-113.3,18.3,37.8,0,3.8
29.0,-112.8,18.3,37.8,0,3.8
29.0,-112.3,18.3,37.8,0,3.8
29.0,-111.8,18.3,37.8,0,3.8
29.0,-111.3,18.3,37.8,0,3.8
29.0,-110.8,18.3,37.8,0,3.8
29.0,-110.3,18.3,37.8,0,3.8
29.0,-109.8,18.3,37.8,0,3.8
29.0,-109.3,18.3,37.8,0,3.8
29.0,-108.8,18.3,37.8,0,3.8
29.0,-108.3,18.3,37.8,0,3.8
29.0,-107.8,18.3,37.8,0,3.8
29.0,-107.3,18.3,37.8,0,3.8
29.0,-106.8,18.3,37.8,0,3.8
29.0,-106.3,18.3,37.8,0,3.8
29.0,-105.8,18.3,37.8,0,3.8
29.0,-105.3,18.3,37.8,0,3.8
29.0,-104.8,18.3,37.8,0,3.8
29.0,-104.3,18.3,37.8,0,3.8
29.0,-103.8,18.3,37.8,0,3.8
29.0,-103.3,18.3,37.8,0,3.8
29.0,-102.8,18.3,37.8,0,3.8
29.0,-102.3,18.3,37.8,0,3.8
29.0,-101.8,18.3,37.8,0,3.8
29.0,-101.3,18.3,37.8,0,3.8
29.0,-100.8,18.3,37.8,0,3.8
29.0,-100.3,18.3,37.8,0,3.8
29.0,-99.8,18.3,37.8,0,3.8
29.0,-99.3,18.3,37.8,0,3.8
29.0,-98.8,18.3,37.8,0,3.8
29.0,-98.3,18.3,37.8,0,3.8
29.0,-97.8,18.3,37.8,0,3.8
29.0,-97.3,18.3,37.8,0,3.8
29.0,-96.8,18.3,37.8,0,3.8
29.0,-96.3,18.3,37.8,0,3.8
29.0,-95.8,18.3,37.8,0,3.8
29.0,-95.3,18.3,37.8,0,3.8
29.0,-94.8,18.3,37.8,0,3.8
29.0,-94.3,18.3,37.8,0,3.8
29.0,-93.8,18.3,37.8,0,3.8
29.0,-93.3,18.3,37.8,0,3.8
29.0,-92.8,18.3,37.8,0,3.8
29.0,-92.3,18.3,37.8,0,3.8
29.0,-91.8,18.3,37.8,0,3.8
29.0,-91.3,18.3,37.8,0,3.8
29.0,-90.8,18.3,37.8,0,3.8
29.0,-90.3,18.3,37.8,0,3.8
29.0,-89.8,18.3,37.8,0,3.8
29.0,-89.3,18.3,37.8,0,3.8
29.0,-88.8,18.3,37.8,0,3.8
29.0,-88.3,18.3,37.8,0,3.8
29.0,-87.8,18.3,37.8,0,3.8
29.0,-87.3,18.3,37.8,0,3.8
29.0,-86.8,18.3,37.8,0,3.8
29.0,-86.3,18.3,37.8,0,3.8
29.0,-85.8,18.3,37.8,0,3.8
29.0,-85.3,18.3,37.8,0,3.8
29.0,-84.8,18.3,37.8,0,3.8
29.0,-84.3,18.3,37.8,0,3.8
29.0,-83.8,18.3,37.8,0,3.8
29.0,-83.3,18.3,37.8,0,3.8
29.0,-82.8,18.3,37.8,0,3.8
29.0,-82.3,18.3,37.8,0,3.8
29.0,-81.8,18.3,37.8,0,3.8
29.0,-81.3,18.3,37.8,0,3.8
29.0,-80.8,18.3,37.8,0,3.8
29.0,-80.3,18.3,37.8,0,3.8
29.0,-79.8,18.3,37.8,0,3.8
29.0,-79.3,18.3,37.8,0,3.8
29.0,-78.8,18.3,37.8,0,3.8
29.0,-78.3,18.3,37.8,0,3.8
29.0,-77.8,18.3,37.8,0,3.8
29.0,-77.3,18.3,37.8,0,3.8
29.0,-76.8,18.3,37.8,0,3.8
29.0,-76.3,18.3,37.8,0,3.8
29.0,-75.8,18.3,37.8,0,3.8
29.0,-75.3,18.3,37.8,0,3.8
29.0,-74.8,18.3,37.8,0,3.8
29.0,-74.3,18.3,37.8,0,3.8
29.0,-73.8,18.3,37.8,0,3.8
29.0,-73.3,18.3,37.8,0,3.8
29.0,-72.8,18.3,37.8,0,3.8
29.0,-72.3,18.3,37.8,0,3.8
29.0,-71.8,18.3,37.8,0,3.8
29.0,-71.3,18.3,37.8,0,3.8
29.0,-70.8,18.3,37.8,0,3.8
29.0,-70.3,18.3,37.8,0,3.8
29.0,-69.8,18.3,37.8,0,3.8
29.0,-69.3,18.3,37.8,0,3.8
29.0,-68.8,18.3,37.8,0,3.8
29.0,-68.3,18.3,37.8,0,3.8
29.0,-67.8,18.3,37.8,0,3.8
29.0,-67.3,18.3,37.8,0,3.8
29.0,-66.8,18.3,37.8,0,3.8
29.5,-124.8,18.0,36.0,0,3.8
29.5,-124.3,18.0,36.0,0,3.8
29.5,-123.8,18.0,36.0,0,3.8
29.5,-123.3,18.0,36.0,0,3.8
29.5,-122.8,18.0,36.0,0,3.8
29.5,-122.3,18.0,36.0,0,3.8
29.5,-121.8,18.0,36.0,0,3.8
29.5,-121.3,18.0,36.0,0,3.8
29.5,-120.8,18.0,36.0,0,3.8
29.5,-120.3,18.0,36.0,0,3.8
29.5,-119.8,18.0,36.0,0,3.8
29.5,-119.3,18.0,36.0,0,3.8
29.5,-118.8,18.0,36.0,0,3.8
29.5,-118.3,18.0,36.0,0,3.8
29.5,-117.8,18.0,36.0,0,3.8
29.5,-117.3,18.0,36.0,0,3.8
29.5,-116.8,18.0,36.0,0,3.8
29.5,-116.3,18.0,36.0,0,3.8
29.5,-115.8,18.0,36.0,0,3.8
29.5,-115.3,18.0,36.0,0,3.8
29.5,-114.8,18.0,36.0,0,3.8
29.5,-114.3,18.0,36.0,0,3.8
29.5,-113.8,18.0,36.0,0,3.8
29.5,-113.3,18.0,36.0,0,3.8
29.5,-112.8,18.0,36.0,0,3.8
29.5,-112.3,18.0,36.0,0,3.8
29.5,-111.8,18.0,36.0,0,3.8
29.5,-111.3,18.0,36.0,0,3.8
29.5,-110.8,18.0,36.0,0,3.8
29.5,-110.3,18.0,36.0,0,3.8
29.5,-109.8,18.0,36.0,0,3.8
29.5,-109.3,18.0,36.0,0,3.8
29.5,-108.8,18.0,36.0,0,3.8
29.5,-108.3,18.0,36.0,0,3.8
29.5,-107.8,18.0,36.0,0,3.8
29.5,-107.3,18.0,36.0,0,3.8
29.5,-106.8,18.0,36.0,0,3.8
29.5,-106.3,18.0,36.0,0,3.8
29.5,-105.8,18.0,36.0,0,3.8
29.5,-105.3,18.0,36.0,0,3.8
29.5,-104.8,18.0,36.0,0,3.8
29.5,-104.3,18.0,36.0,0,3.8
29.5,-103.8,18.0,36.0,0,3.8
29.5,-103.3,18.0,36.0,0,3.8
29.5,-102.8,18.0,36.0,0,3.8
29.5,-102.3,18.0,36.0,0,3.8
29.5,-101.8,18.0,36.0,0,3.8
29.5,-101.3,18.0,36.0,0,3.8
29.5,-100.8,18.0,36.0,0,3.8
29.5,-100.3,18.0,36.0,0,3.8
29.5,-99.8,18.0,36.0,0,3.8
29.5,-99.3,18.0,36.0,0,3.8
29.5,-98.8,18.0,36.0,0,3.8
29.5,-98.3,18.0,36.0,0,3.8
29.5,-97.8,18.0,36.0,0,3.8
29.5,-97.3,18.0,36.0,0,3.8
29.5,-96.8,18.0,36.0,0,3.8
29.5,-96.3,18.0,36.0,0,3.8
29.5,-95.8,18.0,36.0,0,3.8
29.5,-95.3,18.0,36.0,0,3.8
29.5,-94.8,18.0,36.0,0,3.8
29.5,-94.3,18.0,36.0,0,3.8
29.5,-93.8,18.0,36.0,0,3.8
29.5,-93.3,18.0,36.0,0,3.8
29.5,-92.8,18.0,36.0,0,3.8
29.5,-92.3,18.0,36.0,0,3.8
29.5,-91.8,18.0,36.0,0,3.8
29.5,-91.3,18.0,36.0,0,3.8
29.5,-90.8,18.0,36.0,0,3.8
29.5,-90.3,18.0,36.0,0,3.8
29.5,-89.8,18.0,36.0,0,3.8
29.5,-89.3,18.0,36.0,0,3.8
29.5,-88.8,18.0,36.0,0,3.8
29.5,-88.3,18.0,36.0,0,3.8
29.5,-87.8,18.0,36.0,0,3.8
29.5,-87.3,18.0,36.0,0,3.8
29.5,-86.8,18.0,36.0,0,3.8
29.5,-86.3,18.0,36.0,0,3.8
29.5,-85.8,18.0,36.0,0,3.8
29.5,-85.3,18.0,36.0,0,3.8
29.5,-84.8,18.0,36.0,0,3.8
29.5,-84.3,18.0,36.0,0,3.8
29.5,-83.8,18.0,36.0,0,3.8
29.5,-83.3,18.0,36.0,0,3.8
29.5,-82.8,18.0,36.0,0,3.8
29.5,-82.3,18.0,36.0,0,3.8
29.5,-81.8,18.0,36.0,0,3.8
29.5,-81.3,18.0,36.0,0,3.8
29.5,-80.8,18.0,36.0,0,3.8
29.5,-80.3,18.0,36.0,0,3.8
29.5,-79.8,18.0,36.0,0,3.8
29.5,-79.3,18.0,36.0,0,3.8
29.5,-78.8,18.0,36.0,0,3.8
29.5,-78.3,18.0,36.0,0,3.8
29.5,-77.8,18.0,36.0,0,3.8
29.5,-77.3,18.0,36.0,0,3.8
29.5,-76.8,18.0,36.0,0,3.8
29.5,-76.3,18.0,36.0,0,3.8
29.5,-75.8,18.0,36.0,0,3.8
29.5,-75.3,18.0,36.0,0,3.8
29.5,-74.8,18.0,36.0,0,3.8
29.5,-74.3,18.0,36.0,0,3.8
29.5,-73.8,18.0,36.0,0,3.8
29.5,-73.3,18.0,36.0,0,3.8
29.5,-72.8,18.0,36.0,0,3.8
29.5,-72.3,18.0,36.0,0,3.8
29.5,-71.8,18.0,36.0,0,3.8
29.5,-71.3,18.0,36.0,0,3.8
29.5,-70.8,18.0,36.0,0,3.8
29.5,-70.3,18.0,36.0,0,3.8
29.5,-69.8,18.0,36.0,0,3.8
29.5,-69.3,18.0,36.0,0,3.8
29.5,-68.8,18.0,36.0,0,3.8
29.5,-68.3,18.0,36.0,0,3.8
29.5,-67.8,18.0,36.0,0,3.8
29.5,-67.3,18.0,36.0,0,3.8
29.5,-66.8,18.0,36.0,0,3.8
30.0,-124.8,17.7,34.2,0,3.8
30.0,-124.3,17.7,34.2,0,3.8
30.0,-123.8,17.7,34.2,0,3.8
30.0,-123.3,17.7,34.2,0,3.8
30.0,-122.8,17.7,34.2,0,3.8
30.0,-122.3,17.7,34.2,0,3.8
30.0,-121.8,17.7,34.2,0,3.8
30.0,-121.3,17.7,34.2,0,3.8
30.0,-120.8,17.7,34.2,0,3.8
30.0,-120.3,17.7,34.2,0,3.8
30.0,-119.8,17.7,34.2,0,3.8
30.0,-119.3,17.7,34.2,0,3.8
30.0,-118.8,17.7,34.2,0,3.8
30.0,-118.3,17.7,34.2,0,3.8
30.0,-117.8,17.7,34.2,0,3.8
30.0,-117.3,17.7,34.2,0,3.8
30.0,-116.8,17.7,34.2,0,3.8
30.0,-116.3,17.7,34.2,0,3.8
30.0,-115.8,17.7,34.2,0,3.8
30.0,-115.3,17.7,34.2,0,3.8
30.0,-114.8,17.7,34.2,0,3.8
30.0,-114.3,17.7,34.2,0,3.8
30.0,-113.8,17.7,34.2,0,3.8
30.0,-113.3,17.7,34.2,0,3.8
30.0,-112.8,17.7,34.2,0,3.8
30.0,-112.3,17.7,34.2,0,3.8
30.0,-111.8,17.7,34.2,0,3.8
30.0,-111.3,17.7,34.2,0,3.8
30.0,-110.8,17.7,34.2,0,3.8
30.0,-110.3,17.7,34.2,0,3.8
30.0,-109.8,17.7,34.2,0,3.8
30.0,-109.3,17.7,34.2,0,3.8
30.0,-108.8,17.7,34.2,0,3.8
30.0,-108.3,17.7,34.2,0,3.8
30.0,-107.8,17.7,34.2,0,3.8
30.0,-107.3,17.7,34.2,0,3.8
30.0,-106.8,17.7,34.2,0,3.8
30.0,-106.3,17.7,34.2,0,3.8
30.0,-105.8,17.7,34.2,0,3.8
30.0,-105.3,17.7,34.2,0,3.8
30.0,-104.8,17.7,34.2,0,3.8
30.0,-104.3,17.7,34.2,0,3.8
30.0,-103.8,17.7,34.2,0,3.8
30.0,-103.3,17.7,34.2,0,3.8
30.0,-102.8,17.7,34.2,0,3.8
30.0,-102.3,17.7,34.2,0,3.8
30.0,-101.8,17.7,34.2,0,3.8
30.0,-101.3,17.7,34.2,0,3.8
30.0,-100.8,17.7,34.2,0,3.8
30.0,-100.3,17.7,34.2,0,3.8
30.0,-99.8,17.7,34.2,0,3.8
30.0,-99.3,17.7,34.2,0,3.8
30.0,-98.8,17.7,34.2,0,3.8
30.0,-98.3,17.7,34.2,0,3.8
30.0,-97.8,17.7,34.2,0,3.8
30.0,-97.3,17.7,34.2,0,3.8
30.0,-96.8,17.7,34.2,0,3.8
30.0,-96.3,17.7,34.2,0,3.8
30.0,-95.8,17.7,34.2,0,3.8
30.0,-95.3,17.7,34.2,0,3.8
30.0,-94.8,17.7,34.2,0,3.8
30.0,-94.3,17.7,34.2,0,3.8
30.0,-93.8,17.7,34.2,0,3.8
30.0,-93.3,17.7,34.2,0,3.8
30.0,-92.8,17.7,34.2,0,3.8
30.0,-92.3,17.7,34.2,0,3.8
30.0,-91.8,17.7,34.2,0,3.8
30.0,-91.3,17.7,34.2,0,3.8
30.0,-90.8,17.7,34.2,0,3.8
30.0,-90.3,17.7,34.2,0,3.8
30.0,-89.8,17.7,34.2,0,3.8
30.0,-89.3,17.7,34.2,0,3.8
30.0,-88.8,17.7,34.2,0,3.8
30.0,-88.3,17.7,34.2,0,3.8
30.0,-87.8,17.7,34.2,0,3.8
30.0,-87.3,17.7,34.2,0,3.8
30.0,-86.8,17.7,34.2,0,3.8
30.0,-86.3,17.7,34.2,0,3.8
30.0,-85.8,17.7,34.2,0,3.8
30.0,-85.3,17.7,34.2,0,3.8
30.0,-84.8,17.7,34.2,0,3.8
30.0,-84.3,17.7,34.2,0,3.8
30.0,-83.8,17.7,34.2,0,3.8
30.0,-83.3,17.7,34.2,0,3.8
30.0,-82.8,17.7,34.2,0,3.8
30.0,-82.3,17.7,34.2,0,3.8
30.0,-81.8,17.7,34.2,0,3.8
30.0,-81.3,17.7,34.2,0,3.8
30.0,-80.8,17.7,34.2,0,3.8
30.0,-80.3,17.7,34.2,0,3.8
30.0,-79.8,17.7,34.2,0,3.8
30.0,-79.3,17.7,34.2,0,3.8
30.0,-78.8,17.7,34.2,0,3.8
30.0,-78.3,17.7,34.2,0,3.8
30.0,-77.8,17.7,34.2,0,3.8
30.0,-77.3,17.7,34.2,0,3.8
30.0,-76.8,17.7,34.2,0,3.8
30.0,-76.3,17.7,34.2,0,3.8
30.0,-75.8,17.7,34.2,0,3.8
30.0,-75.3,17.7,34.2,0,3.8
30.0,-74.8,17.7,34.2,0,3.8
30.0,-74.3,17.7,34.2,0,3.8
30.0,-73.8,17.7,34.2,0,3.8
30.0,-73.3,17.7,34.2,0,3.8
30.0,-72.8,17.7,34.2,0,3.8
30.0,-72.3,17.7,34.2,0,3.8
30.0,-71.8,17.7,34.2,0,3.8
30.0,-71.3,17.7,34.2,0,3.8
30.0,-70.8,17.7,34.2,0,3.8
30.0,-70.3,17.7,34.2,0,3.8
30.0,-69.8,17.7,34.2,0,3.8
30.0,-69.3,17.7,34.2,0,3.8
30.0,-68.8,17.7,34.2,0,3.8
30.0,-68.3,17.7,34.2,0,3.8
30.0,-67.8,17.7,34.2,0,3.8
30.0,-67.3,17.7,34.2,0,3.8
30.0,-66.8,17.7,34.2,0,3.8
30.5,-124.8,17.4,32.4,0,3.7
30.5,-124.3,17.4,32.4,0,3.7
30.5,-123.8,17.4,32.4,0,3.7
30.5,-123.3,17.4,32.4,0,3.7
30.5,-122.8,17.4,32.4,0,3.7
30.5,-122.3,17.4,32.4,0,3.7
30.5,-121.8,17.4,32.4,0,3.7
30.5,-121.3,17.4,32.4,0,3.7
30.5,-120.8,17.4,32.4,0,3.7
30.5,-120.3,17.4,32.4,0,3.7
30.5,-119.8,17.4,32.4,0,3.7
30.5,-119.3,17.4,32.4,0,3.7
30.5,-118.8,17.4,32.4,0,3.7
30.5,-118.3,17.4,32.4,0,3.7
30.5,-117.8,17.4,32.4,0,3.7
30.5,-117.3,17.4,32.4,0,3.7
30.5,-116.8,17.4,32.4,0,3.7
30.5,-116.3,17.4,32.4,0,3.7
30.5,-115.8,17.4,32.4,0,3.7
30.5,-115.3,17.4,32.4,0,3.7
30.5,-114.8,17.4,32.4,0,3.7
30.5,-114.3,17.4,32.4,0,3.7
30.5,-113.8,17.4,32.4,0,3.7
30.5,-113.3,17.4,32.4,0,3.7
30.5,-112.8,17.4,32.4,0,3.7
30.5,-112.3,17.4,32.4,0,3.7
30.5,-111.8,17.4,32.4,0,3.7
30.5,-111.3,17.4,32.4,0,3.7
30.5,-110.8,17.4,32.4,0,3.7
30.5,-110.3,17.4,32.4,0,3.7
30.5,-109.8,17.4,32.4,0,3.7
30.5,-109.3,17.4,32.4,0,3.7
30.5,-108.8,17.4,32.4,0,3.7
30.5,-108.3,17.4,32.4,0,3.7
30.5,-107.8,17.4,32.4,0,3.7
30.5,-107.3,17.4,32.4,0,3.7
30.5,-106.8,17.4,32.4,0,3.7
30.5,-106.3,17.4,32.4,0,3.7
30.5,-105.8,17.4,32.4,0,3.7
30.5,-105.3,17.4,32.4,0,3.7
30.5,-104.8,17.4,32.4,0,3.7
30.5,-104.3,17.4,32.4,0,3.7
30.5,-103.8,17.4,32.4,0,3.7
30.5,-103.3,17.4,32.4,0,3.7
30.5,-102.8,17.4,32.4,0,3.7
30.5,-102.3,17.4,32.4,0,3.7
30.5,-101.8,17.4,32.4,0,3.7
30.5,-101.3,17.4,32.4,0,3.7
30.5,-100.8,17.4,32.4,0,3.7
30.5,-100.3,17.4,32.4,0,3.7
30.5,-99.8,17.4,32.4,0,3.7
30.5,-99.3,17.4,32.4,0,3.7
30.5,-98.8,17.4,32.4,0,3.7
30.5,-98.3,17.4,32.4,0,3.7
30.5,-97.8,17.4,32.4,0,3.7
30.5,-97.3,17.4,32.4,0,3.7
30.5,-96.8,17.4,32.4,0,3.7
30.5,-96.3,17.4,32.4,0,3.7
30.5,-95.8,17.4,32.4,0,3.7
30.5,-95.3,17.4,32.4,0,3.7
30.5,-94.8,17.4,32.4,0,3.7
30.5,-94.3,17.4,32.4,0,3.7
30.5,-93.8,17.4,32.4,0,3.7
30.5,-93.3,17.4,32.4,0,3.7
30.5,-92.8,17.4,32.4,0,3.7
30.5,-92.3,17.4,32.4,0,3.7
30.5,-91.8,17.4,32.4,0,3.7
30.5,-91.3,17.4,32.4,0,3.7
30.5,-90.8,17.4,32.4,0,3.7
30.5,-90.3,17.4,32.4,0,3.7
30.5,-89.8,17.4,32.4,0,3.7
30.5,-89.3,17.4,32.4,0,3.7
30.5,-88.8,17.4,32.4,0,3.7
30.5,-88.3,17.4,32.4,0,3.7
30.5,-87.8,17.4,32.4,0,3.7
30.5,-87.3,17.4,32.4,0,3.7
30.5,-86.8,17.4,32.4,0,3.7
30.5,-86.3,17.4,32.4,0,3.7
30.5,-85.8,17.4,32.4,0,3.7
30.5,-85.3,17.4,32.4,0,3.7
30.5,-84.8,17.4,32.4,0,3.7
30.5,-84.3,17.4,32.4,0,3.7
30.5,-83.8,17.4,32.4,0,3.7
30.5,-83.3,17.4,32.4,0,3.7
30.5,-82.8,17.4,32.4,0,3.7
30.5,-82.3,17.4,32.4,0,3.7
30.5,-81.8,17.4,32.4,0,3.7
30.5,-81.3,17.4,32.4,0,3.7
30.5,-80.8,17.4,32.4,0,3.7
30.5,-80.3,17.4,32.4,0,3.7
30.5,-79.8,17.4,32.4,0,3.7
30.5,-79.3,17.4,32.4,0,3.7
30.5,-78.8,17.4,32.4,0,3.7
30.5,-78.3,17.4,32.4,0,3.7
30.5,-77.8,17.4,32.4,0,3.7
30.5,-77.3,17.4,32.4,0,3.7
30.5,-76.8,17.4,32.4,0,3.7
30.5,-76.3,17.4,32.4,0,3.7
30.5,-75.8,17.4,32.4,0,3.7
30.5,-75.3,17.4,32.4,0,3.7
30.5,-74.8,17.4,32.4,0,3.7
30.5,-74.3,17.4,32.4,0,3.7
30.5,-73.8,17.4,32.4,0,3.7
30.5,-73.3,17.4,32.4,0,3.7
30.5,-72.8,17.4,32.4,0,3.7
30.5,-72.3,17.4,32.4,0,3.7
30.5,-71.8,17.4,32.4,0,3.7
30.5,-71.3,17.4,32.4,0,3.7
30.5,-70.8,17.4,32.4,0,3.7
30.5,-70.3,17.4,32.4,0,3.7
30.5,-69.8,17.4,32.4,0,3.7
30.5,-69.3,17.4,32.4,0,3.7
30.5,-68.8,17.4,32.4,0,3.7
30.5,-68.3,17.4,32.4,0,3.7
30.5,-67.8,17.4,32.4,0,3.7
30.5,-67.3,17.4,32.4,0,3.7
30.5,-66.8,17.4,32.4,0,3.7
31.0,-124.8,17.1,30.6,0,3.7
31.0,-124.3,17.1,30.6,0,3.7
31.0,-123.8,17.1,30.6,0,3.7
31.0,-123.3,17.1,30.6,0,3.7
31.0,-122.8,17.1,30.6,0,3.7
31.0,-122.3,17.1,30.6,0,3.7
31.0,-121.8,17.1,30.6,0,3.7
31.0,-121.3,17.1,30.6,0,3.7
31.0,-120.8,17.1,30.6,0,3.7
31.0,-120.3,17.1,30.6,0,3.7
31.0,-119.8,17.1,30.6,0,3.7
31.0,-119.3,17.1,30.6,0,3.7
31.0,-118.8,17.1,30.6,0,3.7
31.0,-118.3,17.1,30.6,0,3.7
31.0,-117.8,17.1,30.6,0,3.7
31.0,-117.3,17.1,30.6,0,3.7
31.0,-116.8,17.1,30.6,0,3.7
31.0,-116.3,17.1,30.6,0,3.7
31.0,-115.8,17.1,30.6,0,3.7
31.0,-115.3,17.1,30.6,0,3.7
31.0,-114.8,17.1,30.6,0,3.7
31.0,-114.3,17.1,30.6,0,3.7
31.0,-113.8,17.1,30.6,0,3.7
31.0,-113.3,17.1,30.6,0,3.7
31.0,-112.8,17.1,30.6,0,3.7
31.0,-112.3,17.1,30.6,0,3.7
31.0,-111.8,17.1,30.6,0,3.7
31.0,-111.3,17.1,30.6,0,3.7
31.0,-110.8,17.1,30.6,0,3.7
31.0,-110.3,17.1,30.6,0,3.7
31.0,-109.8,17.1,30.6,0,3.7
31.0,-109.3,17.1,30.6,0,3.7
31.0,-108.8,17.1,30.6,0,3.7
31.0,-108.3,17.1,30.6,0,3.7
31.0,-107.8,17.1,30.6,0,3.7
31.0,-107.3,17.1,30.6,0,3.7
31.0,-106.8,17.1,30.6,0,3.7
31.0,-106.3,17.1,30.6,0,3.7
31.0,-105.8,17.1,30.6,0,3.7
31.0,-105.3,17.1,30.6,0,3.7
31.0,-104.8,17.1,30.6,0,3.7
31.0,-104.3,17.1,30.6,0,3.7
31.0,-103.8,17.1,30.6,0,3.7
31.0,-103.3,17.1,30.6,0,3.7
31.0,-102.8,17.1,30.6,0,3.7
31.0,-102.3,17.1,30.6,0,3.7
31.0,-101.8,17.1,30.6,0,3.7
31.0,-101.3,17.1,30.6,0,3.7
31.0,-100.8,17.1,30.6,0,3.7
31.0,-100.3,17.1,30.6,0,3.7
31.0,-99.8,17.1,30.6,0,3.7
31.0,-99.3,17.1,30.6,0,3.7
31.0,-98.8,17.1,30.6,0,3.7
31.0,-98.3,17.1,30.6,0,3.7
31.0,-97.8,17.1,30.6,0,3.7
31.0,-97.3,17.1,30.6,0,3.7
31.0,-96.8,17.1,30.6,0,3.7
31.0,-96.3,17.1,30.6,0,3.7
31.0,-95.8,17.1,30.6,0,3.7
31.0,-95.3,17.1,30.6,0,3.7
31.0,-94.8,17.1,30.6,0,3.7
31.0,-94.3,17.1,30.6,0,3.7
31.0,-93.8,17.1,30.6,0,3.7
31.0,-93.3,17.1,30.6,0,3.7
31.0,-92.8,17.1,30.6,0,3.7
31.0,-92.3,17.1,30.6,0,3.7
31.0,-91.8,17.1,30.6,0,3.7
31.0,-91.3,17.1,30.6,0,3.7
31.0,-90.8,17.1,30.6,0,3.7
31.0,-90.3,17.1,30.6,0,3.7
31.0,-89.8,17.1,30.6,0,3.7
31.0,-89.3,17.1,30.6,0,3.7
31.0,-88.8,17.1,30.6,0,3.7
31.0,-88.3,17.1,30.6,0,3.7
31.0,-87.8,17.1,30.6,0,3.7
31.0,-87.3,17.1,30.6,0,3.7
31.0,-86.8,17.1,30.6,0,3.7
31.0,-86.3,17.1,30.6,0,3.7
31.0,-85.8,17.1,30.6,0,3.7
31.0,-85.3,17.1,30.6,0,3.7
31.0,-84.8,17.1,30.6,0,3.7
31.0,-84.3,17.1,30.6,0,3.7
31.0,-83.8,17.1,30.6,0,3.7
31.0,-83.3,17.1,30.6,0,3.7
31.0,-82.8,17.1,30.6,0,3.7
31.0,-82.3,17.1,30.6,0,3.7
31.0,-81.8,17.1,30.6,0,3.7
31.0,-81.3,17.1,30.6,0,3.7
31.0,-80.8,17.1,30.6,0,3.7
31.0,-80.3,17.1,30.6,0,3.7
31.0,-79.8,17.1,30.6,0,3.7
31.0,-79.3,17.1,30.6,0,3.7
31.0,-78.8,17.1,30.6,0,3.7
31.0,-78.3,17.1,30.6,0,3.7
31.0,-77.8,17.1,30.6,0,3.7
31.0,-77.3,17.1,30.6,0,3.7
31.0,-76.8,17.1,30.6,0,3.7
31.0,-76.3,17.1,30.6,0,3.7
31.0,-75.8,17.1,30.6,0,3.7
31.0,-75.3,17.1,30.6,0,3.7
31.0,-74.8,17.1,30.6,0,3.7
31.0,-74.3,17.1,30.6,0,3.7
31.0,-73.8,17.1,30.6,0,3.7
31.0,-73.3,17.1,30.6,0,3.7
31.0,-72.8,17.1,30.6,0,3.7
31.0,-72.3,17.1,30.6,0,3.7
31.0,-71.8,17.1,30.6,0,3.7
31.0,-71.3,17.1,30.6,0,3.7
31.0,-70.8,17.1,30.6,0,3.7
31.0,-70.3,17.1,30.6,0,3.7
31.0,-69.8,17.1,30.6,0,3.7
31.0,-69.3,17.1,30.6,0,3.7
31.0,-68.8,17.1,30.6,0,3.7
31.0,-68.3,17.1,30.6,0,3.7
31.0,-67.8,17.1,30.6,0,3.7
31.0,-67.3,17.1,30.6,0,3.7
31.0,-66.8,17.1,30.6,0,3.7
31.5,-124.8,16.8,28.8,0,3.7
31.5,-124.3,16.8,28.8,0,3.7
31.5,-123.8,16.8,28.8,0,3.7
31.5,-123.3,16.8,28.8,0,3.7
31.5,-122.8,16.8,28.8,0,3.7
31.5,-122.3,16.8,28.8,0,3.7
31.5,-121.8,16.8,28.8,0,3.7
31.5,-121.3,16.8,28.8,0,3.7
31.5,-120.8,16.8,28.8,0,3.7
31.5,-120.3,16.8,28.8,0,3.7
31.5,-119.8,16.8,28.8,0,3.7
31.5,-119.3,16.8,28.8,0,3.7
31.5,-118.8,16.8,28.8,0,3.7
31.5,-118.3,16.8,28.8,0,3.7
31.5,-117.8,16.8,28.8,0,3.7
31.5,-117.3,16.8,28.8,0,3.7
31.5,-116.8,16.8,28.8,0,3.7
31.5,-116.3,16.8,28.8,0,3.7
31.5,-115.8,16.8,28.8,0,3.7
31.5,-115.3,16.8,28.8,0,3.7
31.5,-114.8,16.8,28.8,0,3.7
31.5,-114.3,16.8,28.8,0,3.7
31.5,-113.8,16.8,28.8,0,3.7
31.5,-113.3,16.8,28.8,0,3.7
31.5,-112.8,16.8,28.8,0,3.7
31.5,-112.3,16.8,28.8,0,3.7
31.5,-111.8,16.8,28.8,0,3.7
31.5,-111.3,16.8,28.8,0,3.7
31.5,-110.8,16.8,28.8,0,3.7
31.5,-110.3,16.8,28.8,0,3.7
31.5,-109.8,16.8,28.8,0,3.7
31.5,-109.3,16.8,28.8,0,3.7
31.5,-108.8,16.8,28.8,0,3.7
31.5,-108.3,16.8,28.8,0,3.7
31.5,-107.8,16.8,28.8,0,3.7
31.5,-107.3,16.8,28.8,0,3.7
31.5,-106.8,16.8,28.8,0,3.7
31.5,-106.3,16.8,28.8,0,3.7
31.5,-105.8,16.8,28.8,0,3.7
31.5,-105.3,16.8,28.8,0,3.7
31.5,-104.8,16.8,28.8,0,3.7
31.5,-104.3,16.8,28.8,0,3.7
31.5,-103.8,16.8,28.8,0,3.7
31.5,-103.3,16.8,28.8,0,3.7
31.5,-102.8,16.8,28.8,0,3.7
31.5,-102.3,16.8,28.8,0,3.7
31.5,-101.8,16.8,28.8,0,3.7
31.5,-101.3,16.8,28.8,0,3.7
31.5,-100.8,16.8,28.8,0,3.7
31.5,-100.3,16.8,28.8,0,3.7
31.5,-99.8,16.8,28.8,0,3.7
31.5,-99.3,16.8,28.8,0,3.7
31.5,-98.8,16.8,28.8,0,3.7
31.5,-98.3,16.8,28.8,0,3.7
31.5,-97.8,16.8,28.8,0,3.7
31.5,-97.3,16.8,28.8,0,3.7
31.5,-96.8,16.8,28.8,0,3.7
31.5,-96.3,16.8,28.8,0,3.7
31.5,-95.8,16.8,28.8,0,3.7
31.5,-95.3,16.8,28.8,0,3.7
31.5,-94.8,16.8,28.8,0,3.7
31.5,-94.3,16.8,28.8,0,3.7
31.5,-93.8,16.8,28.8,0,3.7
31.5,-93.3,16.8,28.8,0,3.7
31.5,-92.8,16.8,28.8,0,3.7
31.5,-92.3,16.8,28.8,0,3.7
31.5,-91.8,16.8,28.8,0,3.7
31.5,-91.3,16.8,28.8,0,3.7
31.5,-90.8,16.8,28.8,0,3.7
31.5,-90.3,16.8,28.8,0,3.7
31.5,-89.8,16.8,28.8,0,3.7
31.5,-89.3,16.8,28.8,0,3.7
31.5,-88.8,16.8,28.8,0,3.7
31.5,-88.3,16.8,28.8,0,3.7
31.5,-87.8,16.8,28.8,0,3.7
31.5,-87.3,16.8,28.8,0,3.7
31.5,-86.8,16.8,28.8,0,3.7
31.5,-86.3,16.8,28.8,0,3.7
31.5,-85.8,16.8,28.8,0,3.7
31.5,-85.3,16.8,28.8,0,3.7
31.5,-84.8,16.8,28.8,0,3.7
31.5,-84.3,16.8,28.8,0,3.7
31.5,-83.8,16.8,28.8,0,3.7
31.5,-83.3,16.8,28.8,0,3.7
31.5,-82.8,16.8,28.8,0,3.7
31.5,-82.3,16.8,28.8,0,3.7
31.5,-81.8,16.8,28.8,0,3.7
31.5,-81.3,16.8,28.8,0,3.7
31.5,-80.8,16.8,28.8,0,3.7
31.5,-80.3,16.8,28.8,0,3.7
31.5,-79.8,16.8,28.8,0,3.7
31.5,-79.3,16.8,28.8,0,3.7
31.5,-78.8,16.8,28.8,0,3.7
31.5,-78.3,16.8,28.8,0,3.7
31.5,-77.8,16.8,28.8,0,3.7
31.5,-77.3,16.8,28.8,0,3.7
31.5,-76.8,16.8,28.8,0,3.7
31.5,-76.3,16.8,28.8,0,3.7
31.5,-75.8,16.8,28.8,0,3.7
31.5,-75.3,16.8,28.8,0,3.7
31.5,-74.8,16.8,28.8,0,3.7
31.5,-74.3,16.8,28.8,0,3.7
31.5,-73.8,16.8,28.8,0,3.7
31.5,-73.3,16.8,28.8,0,3.7
31.5,-72.8,16.8,28.8,0,3.7
31.5,-72.3,16.8,28.8,0,3.7
31.5,-71.8,16.8,28.8,0,3.7
31.5,-71.3,16.8,28.8,0,3.7
31.5,-70.8,16.8,28.8,0,3.7
31.5,-70.3,16.8,28.8,0,3.7
31.5,-69.8,16.8,28.8,0,3.7
31.5,-69.3,16.8,28.8,0,3.7
31.5,-68.8,16.8,28.8,0,3.7
31.5,-68.3,16.8,28.8,0,3.7
31.5,-67.8,16.8,28.8,0,3.7
31.5,-67.3,16.8,28.8,0,3.7
31.5,-66.8,16.8,28.8,0,3.7
32.0,-124.8,16.5,27.0,0,3.7
32.0,-124.3,16.5,27.0,0,3.7
32.0,-123.8,16.5,27.0,0,3.7
32.0,-123.3,16.5,27.0,0,3.7
32.0,-122.8,16.5,27.0,0,3.7
32.0,-122.3,16.5,27.0,0,3.7
32.0,-121.8,16.5,27.0,0,3.7
32.0,-121.3,16.5,27.0,0,3.7
32.0,-120.8,16.5,27.0,0,3.7
32.0,-120.3,16.5,27.0,0,3.7
32.0,-119.8,16.5,27.0,0,3.7
32.0,-119.3,16.5,27.0,0,3.7
32.0,-118.8,16.5,27.0,0,3.7
32.0,-118.3,16.5,27.0,0,3.7
32.0,-117.8,16.5,27.0,0,3.7
32.0,-117.3,16.5,27.0,0,3.7
32.0,-116.8,16.5,27.0,0,3.7
32.0,-116.3,16.5,27.0,0,3.7
32.0,-115.8,16.5,27.0,0,3.7
32.0,-115.3,16.5,27.0,0,3.7
32.0,-114.8,16.5,27.0,0,3.7
32.0,-114.3,16.5,27.0,0,3.7
32.0,-113.8,16.5,27.0,0,3.7
32.0,-113.3,16.5,27.0,0,3.7
32.0,-112.8,16.5,27.0,0,3.7
32.0,-112.3,16.5,27.0,0,3.7
32.0,-111.8,16.5,27.0,0,3.7
32.0,-111.3,16.5,27.0,0,3.7
32.0,-110.8,16.5,27.0,0,3.7
32.0,-110.3,16.5,27.0,0,3.7
32.0,-109.8,16.5,27.0,0,3.7
32.0,-109.3,16.5,27.0,0,3.7
32.0,-108.8,16.5,27.0,0,3.7
32.0,-108.3,16.5,27.0,0,3.7
32.0,-107.8,16.5,27.0,0,3.7
32.0,-107.3,16.5,27.0,0,3.7
32.0,-106.8,16.5,27.0,0,3.7
32.0,-106.3,16.5,27.0,0,3.7
32.0,-105.8,16.5,27.0,0,3.7
32.0,-105.3,16.5,27.0,0,3.7
32.0,-104.8,16.5,27.0,0,3.7
32.0,-104.3,16.5,27.0,0,3.7
32.0,-103.8,16.5,27.0,0,3.7
32.0,-103.3,16.5,27.0,0,3.7
32.0,-102.8,16.5,27.0,0,3.7
32.0,-102.3,16.5,27.0,0,3.7
32.0,-101.8,16.5,27.0,0,3.7
32.0,-101.3,16.5,27.0,0,3.7
32.0,-100.8,16.5,27.0,0,3.7
32.0,-100.3,16.5,27.0,0,3.7
32.0,-99.8,16.5,27.0,0,3.7
32.0,-99.3,16.5,27.0,0,3.7
32.0,-98.8,16.5,27.0,0,3.7
32.0,-98.3,16.5,27.0,0,3.7
32.0,-97.8,16.5,27.0,0,3.7
32.0,-97.3,16.5,27.0,0,3.7
32.0,-96.8,16.5,27.0,0,3.7
32.0,-96.3,16.5,27.0,0,3.7
32.0,-95.8,16.5,27.0,0,3.7
32.0,-95.3,16.5,27.0,0,3.7
32.0,-94.8,16.5,27.0,0,3.7
32.0,-94.3,16.5,27.0,0,3.7
32.0,-93.8,16.5,27.0,0,3.7
32.0,-93.3,16.5,27.0,0,3.7
32.0,-92.8,16.5,27.0,0,3.7
32.0,-92.3,16.5,27.0,0,3.7
32.0,-91.8,16.5,27.0,0,3.7
32.0,-91.3,16.5,27.0,0,3.7
32.0,-90.8,16.5,27.0,0,3.7
32.0,-90.3,16.5,27.0,0,3.7
32.0,-89.8,16.5,27.0,0,3.7
32.0,-89.3,16.5,27.0,0,3.7
32.0,-88.8,16.5,27.0,0,3.7
32.0,-88.3,16.5,27.0,0,3.7
32.0,-87.8,16.5,27.0,0,3.7
32.0,-87.3,16.5,27.0,0,3.7
32.0,-86.8,16.5,27.0,0,3.7
32.0,-86.3,16.5,27.0,0,3.7
32.0,-85.8,16.5,27.0,0,3.7
32.0,-85.3,16.5,27.0,0,3.7
32.0,-84.8,16.5,27.0,0,3.7
32.0,-84.3,16.5,27.0,0,3.7
32.0,-83.8,16.5,27.0,0,3.7
32.0,-83.3,16.5,27.0,0,3.7
32.0,-82.8,16.5,27.0,0,3.7
32.0,-82.3,16.5,27.0,0,3.7
32.0,-81.8,16.5,27.0,0,3.7
32.0,-81.3,16.5,27.0,0,3.7
32.0,-80.8,16.5,27.0,0,3.7
32.0,-80.3,16.5,27.0,0,3.7
32.0,-79.8,16.5,27.0,0,3.7
32.0,-79.3,16.5,27.0,0,3.7
32.0,-78.8,16.5,27.0,0,3.7
32.0,-78.3,16.5,27.0,0,3.7
32.0,-77.8,16.5,27.0,0,3.7
32.0,-77.3,16.5,27.0,0,3.7
32.0,-76.8,16.5,27.0,0,3.7
32.0,-76.3,16.5,27.0,0,3.7
32.0,-75.8,16.5,27.0,0,3.7
32.0,-75.3,16.5,27.0,0,3.7
32.0,-74.8,16.5,27.0,0,3.7
32.0,-74.3,16.5,27.0,0,3.7
32.0,-73.8,16.5,27.0,0,3.7
32.0,-73.3,16.5,27.0,0,3.7
32.0,-72.8,16.5,27.0,0,3.7
32.0,-72.3,16.5,27.0,0,3.7
32.0,-71.8,16.5,27.0,0,3.7
32.0,-71.3,16.5,27.0,0,3.7
32.0,-70.8,16.5,27.0,0,3.7
32.0,-70.3,16.5,27.0,0,3.7
32.0,-69.8,16.5,27.0,0,3.7
32.0,-69.3,16.5,27.0,0,3.7
32.0,-68.8,16.5,27.0,0,3.7
32.0,-68.3,16.5,27.0,0,3.7
32.0,-67.8,16.5,27.0,0,3.7
32.0,-67.3,16.5,27.0,0,3.7
32.0,-66.8,16.5,27.0,0,3.7
32.5,-124.8,16.2,25.2,0,3.7
32.5,-124.3,16.2,25.2,0,3.7
32.5,-123.8,16.2,25.2,0,3.7
32.5,-123.3,16.2,25.2,0,3.7
32.5,-122.8,16.2,25.2,0,3.7
32.5,-122.3,16.2,25.2,0,3.7
32.5,-121.8,16.2,25.2,0,3.7
32.5,-121.3,16.2,25.2,0,3.7
32.5,-120.8,16.2,25.2,0,3.7
32.5,-120.3,16.2,25.2,0,3.7
32.5,-119.8,16.2,25.2,0,3.7
32.5,-119.3,16.2,25.2,0,3.7
32.5,-118.8,16.2,25.2,0,3.7
32.5,-118.3,16.2,25.2,0,3.7
32.5,-117.8,16.2,25.2,0,3.7
32.5,-117.3,16.2,25.2,0,3.7
32.5,-116.8,16.2,25.2,0,3.7
32.5,-116.3,16.2,25.2,0,3.7
32.5,-115.8,16.2,25.2,0,3.7
32.5,-115.3,16.2,25.2,0,3.7
32.5,-114.8,16.2,25.2,0,3.7
32.5,-114.3,16.2,25.2,0,3.7
32.5,-113.8,16.2,25.2,0,3.7
32.5,-113.3,16.2,25.2,0,3.7
32.5,-112.8,16.2,25.2,0,3.7
32.5,-112.3,16.2,25.2,0,3.7
32.5,-111.8,16.2,25.2,0,3.7
32.5,-111.3,16.2,25.2,0,3.7
32.5,-110.8,16.2,25.2,0,3.7
32.5,-110.3,16.2,25.2,0,3.7
32.5,-109.8,16.2,25.2,0,3.7
32.5,-109.3,16.2,25.2,0,3.7
32.5,-108.8,16.2,25.2,0,3.7
32.5,-108.3,16.2,25.2,0,3.7
32.5,-107.8,16.2,25.2,0,3.7
32.5,-107.3,16.2,25.2,0,3.7
32.5,-106.8,16.2,25.2,0,3.7
32.5,-106.3,16.2,25.2,0,3.7
32.5,-105.8,16.2,25.2,0,3.7
32.5,-105.3,16.2,25.2,0,3.7
32.5,-104.8,16.2,25.2,0,3.7
32.5,-104.3,16.2,25.2,0,3.7
32.5,-103.8,16.2,25.2,0,3.7
32.5,-103.3,16.2,25.2,0,3.7
32.5,-102.8,16.2,25.2,0,3.7
32.5,-102.3,16.2,25.2,0,3.7
32.5,-101.8,16.2,25.2,0,3.7
32.5,-101.3,16.2,25.2,0,3.7
32.5,-100.8,16.2,25.2,0,3.7
32.5,-100.3,16.2,25.2,0,3.7
32.5,-99.8,16.2,25.2,0,3.7
32.5,-99.3,16.2,25.2,0,3.7
32.5,-98.8,16.2,25.2,0,3.7
32.5,-98.3,16.2,25.2,0,3.7
32.5,-97.8,16.2,25.2,0,3.7
32.5,-97.3,16.2,25.2,0,3.7
32.5,-96.8,16.2,25.2,0,3.7
32.5,-96.3,16.2,25.2,0,3.7
32.5,-95.8,16.2,25.2,0,3.7
32.5,-95.3,16.2,25.2,0,3.7
32.5,-94.8,16.2,25.2,0,3.7
32.5,-94.3,16.2,25.2,0,3.7
32.5,-93.8,16.2,25.2,0,3.7
32.5,-93.3,16.2,25.2,0,3.7
32.5,-92.8,16.2,25.2,0,3.7
32.5,-92.3,16.2,25.2,0,3.7
32.5,-91.8,16.2,25.2,0,3.7
32.5,-91.3,16.2,25.2,0,3.7
32.5,-90.8,16.2,25.2,0,3.7
32.5,-90.3,16.2,25.2,0,3.7
32.5,-89.8,16.2,25.2,0,3.7
32.5,-89.3,16.2,25.2,0,3.7
32.5,-88.8,16.2,25.2,0,3.7
32.5,-88.3,16.2,25.2,0,3.7
32.5,-87.8,16.2,25.2,0,3.7
32.5,-87.3,16.2,25.2,0,3.7
32.5,-86.8,16.2,25.2,0,3.7
32.5,-86.3,16.2,25.2,0,3.7
32.5,-85.8,16.2,25.2,0,3.7
32.5,-85.3,16.2,25.2,0,3.7
32.5,-84.8,16.2,25.2,0,3.7
32.5,-84.3,16.2,25.2,0,3.7
32.5,-83.8,16.2,25.2,0,3.7
32.5,-83.3,16.2,25.2,0,3.7
32.5,-82.8,16.2,25.2,0,3.7
32.5,-82.3,16.2,25.2,0,3.7
32.5,-81.8,16.2,25.2,0,3.7
32.5,-81.3,16.2,25.2,0,3.7
32.5,-80.8,16.2,25.2,0,3.7
32.5,-80.3,16.2,25.2,0,3.7
32.5,-79.8,16.2,25.2,0,3.7
32.5,-79.3,16.2,25.2,0,3.7
32.5,-78.8,16.2,25.2,0,3.7
32.5,-78.3,16.2,25.2,0,3.7
32.5,-77.8,16.2,25.2,0,3.7
32.5,-77.3,16.2,25.2,0,3.7
32.5,-76.8,16.2,25.2,0,3.7
32.5,-76.3,16.2,25.2,0,3.7
32.5,-75.8,16.2,25.2,0,3.7
32.5,-75.3,16.2,25.2,0,3.7
32.5,-74.8,16.2,25.2,0,3.7
32.5,-74.3,16.2,25.2,0,3.7
32.5,-73.8,16.2,25.2,0,3.7
32.5,-73.3,16.2,25.2,0,3.7
32.5,-72.8,16.2,25.2,0,3.7
32.5,-72.3,16.2,25.2,0,3.7
32.5,-71.8,16.2,25.2,0,3.7
32.5,-71.3,16.2,25.2,0,3.7
32.5,-70.8,16.2,25.2,0,3.7
32.5,-70.3,16.2,25.2,0,3.7
32.5,-69.8,16.2,25.2,0,3.7
32.5,-69.3,16.2,25.2,0,3.7
32.5,-68.8,16.2,25.2,0,3.7
32.5,-68.3,16.2,25.2,0,3.7
32.5,-67.8,16.2,25.2,0,3.7
32.5,-67.3,16.2,25.2,0,3.7
32.5,-66.8,16.2,25.2,0,3.7
33.0,-124.8,15.9,23.4,0,3.7
33.0,-124.3,15.9,23.4,0,3.7
33.0,-123.8,15.9,23.4,0,3.7
33.0,-123.3,15.9,23.4,0,3.7
33.0,-122.8,15.9,23.4,0,3.7
33.0,-122.3,15.9,23.4,0,3.7
33.0,-121.8,15.9,23.4,0,3.7
33.0,-121.3,15.9,23.4,0,3.7
33.0,-120.8,15.9,23.4,0,3.7
33.0,-120.3,15.9,23.4,0,3.7
33.0,-119.8,15.9,23.4,0,3.7
33.0,-119.3,15.9,23.4,0,3.7
33.0,-118.8,15.9,23.4,0,3.7
33.0,-118.3,15.9,23.4,0,3.7
33.0,-117.8,15.9,23.4,0,3.7
33.0,-117.3,15.9,23.4,0,3.7
33.0,-116.8,15.9,23.4,0,3.7
33.0,-116.3,15.9,23.4,0,3.7
33.0,-115.8,15.9,23.4,0,3.7
33.0,-115.3,15.9,23.4,0,3.7
33.0,-114.8,15.9,23.4,0,3.7
33.0,-114.3,15.9,23.4,0,3.7
33.0,-113.8,15.9,23.4,0,3.7
33.0,-113.3,15.9,23.4,0,3.7
33.0,-112.8,15.9,23.4,0,3.7
33.0,-112.3,15.9,23.4,0,3.7
33.0,-111.8,15.9,23.4,0,3.7
33.0,-111.3,15.9,23.4,0,3.7
33.0,-110.8,15.9,23.4,0,3.7
33.0,-110.3,15.9,23.4,0,3.7
33.0,-109.8,15.9,23.4,0,3.7
33.0,-109.3,15.9,23.4,0,3.7
33.0,-108.8,15.9,23.4,0,3.7
33.0,-108.3,15.9,23.4,0,3.7
33.0,-107.8,15.9,23.4,0,3.7
33.0,-107.3,15.9,23.4,0,3.7
33.0,-106.8,15.9,23.4,0,3.7
33.0,-106.3,15.9,23.4,0,3.7
33.0,-105.8,15.9,23.4,0,3.7
33.0,-105.3,15.9,23.4,0,3.7
33.0,-104.8,15.9,23.4,0,3.7
33.0,-104.3,15.9,23.4,0,3.7
33.0,-103.8,15.9,23.4,0,3.7
33.0,-103.3,15.9,23.4,0,3.7
33.0,-102.8,15.9,23.4,0,3.7
33.0,-102.3,15.9,23.4,0,3.7
33.0,-101.8,15.9,23.4,0,3.7
33.0,-101.3,15.9,23.4,0,3.7
33.0,-100.8,15.9,23.4,0,3.7
33.0,-100.3,15.9,23.4,0,3.7
33.0,-99.8,15.9,23.4,0,3.7
33.0,-99.3,15.9,23.4,0,3.7
33.0,-98.8,15.9,23.4,0,3.7
33.0,-98.3,15.9,23.4,0,3.7
33.0,-97.8,15.9,23.4,0,3.7
33.0,-97.3,15.9,23.4,0,3.7
33.0,-96.8,15.9,23.4,0,3.7
33.0,-96.3,15.9,23.4,0,3.7
33.0,-95.8,15.9,23.4,0,3.7
33.0,-95.3,15.9,23.4,0,3.7
33.0,-94.8,15.9,23.4,0,3.7
33.0,-94.3,15.9,23.4,0,3.7
33.0,-93.8,15.9,23.4,0,3.7
33.0,-93.3,15.9,23.4,0,3.7
33.0,-92.8,15.9,23.4,0,3.7
33.0,-92.3,15.9,23.4,0,3.7
33.0,-91.8,15.9,23.4,0,3.7
33.0,-91.3,15.9,23.4,0,3.7
33.0,-90.8,15.9,23.4,0,3.7
33.0,-90.3,15.9,23.4,0,3.7
33.0,-89.8,15.9,23.4,0,3.7
33.0,-89.3,15.9,23.4,0,3.7
33.0,-88.8,15.9,23.4,0,3.7
33.0,-88.3,15.9,23.4,0,3.7
33.0,-87.8,15.9,23.4,0,3.7
33.0,-87.3,15.9,23.4,0,3.7
33.0,-86.8,15.9,23.4,0,3.7
33.0,-86.3,15.9,23.4,0,3.7
33.0,-85.8,15.9,23.4,0,3.7
33.0,-85.3,15.9,23.4,0,3.7
33.0,-84.8,15.9,23.4,0,3.7
33.0,-84.3,15.9,23.4,0,3.7
33.0,-83.8,15.9,23.4,0,3.7
33.0,-83.3,15.9,23.4,0,3.7
33.0,-82.8,15.9,23.4,0,3.7
33.0,-82.3,15.9,23.4,0,3.7
33.0,-81.8,15.9,23.4,0,3.7
33.0,-81.3,15.9,23.4,0,3.7
33.0,-80.8,15.9,23.4,0,3.7
33.0,-80.3,15.9,23.4,0,3.7
33.0,-79.8,15.9,23.4,0,3.7
33.0,-79.3,15.9,23.4,0,3.7
33.0,-78.8,15.9,23.4,0,3.7
33.0,-78.3,15.9,23.4,0,3.7
33.0,-77.8,15.9,23.4,0,3.7
33.0,-77.3,15.9,23.4,0,3.7
33.0,-76.8,15.9,23.4,0,3.7
33.0,-76.3,15.9,23.4,0,3.7
33.0,-75.8,15.9,23.4,0,3.7
33.0,-75.3,15.9,23.4,0,3.7
33.0,-74.8,15.9,23.4,0,3.7
33.0,-74.3,15.9,23.4,0,3.7
33.0,-73.8,15.9,23.4,0,3.7
33.0,-73.3,15.9,23.4,0,3.7
33.0,-72.8,15.9,23.4,0,3.7
33.0,-72.3,15.9,23.4,0,3.7
33.0,-71.8,15.9,23.4,0,3.7
33.0,-71.3,15.9,23.4,0,3.7
33.0,-70.8,15.9,23.4,0,3.7
33.0,-70.3,15.9,23.4,0,3.7
33.0,-69.8,15.9,23.4,0,3.7
33.0,-69.3,15.9,23.4,0,3.7
33.0,-68.8,15.9,23.4,0,3.7
33.0,-68.3,15.9,23.4,0,3.7
33.0,-67.8,15.9,23.4,0,3.7
33.0,-67.3,15.9,23.4,0,3.7
33.0,-66.8,15.9,23.4,0,3.7
33.5,-124.8,15.6,21.6,0,3.7
33.5,-124.3,15.6,21.6,0,3.7
33.5,-123.8,15.6,21.6,0,3.7
33.5,-123.3,15.6,21.6,0,3.7
33.5,-122.8,15.6,21.6,0,3.7
33.5,-122.3,15.6,21.6,0,3.7
33.5,-121.8,15.6,21.6,0,3.7
33.5,-121.3,15.6,21.6,0,3.7
33.5,-120.8,15.6,21.6,0,3.7
33.5,-120.3,15.6,21.6,0,3.7
33.5,-119.8,15.6,21.6,0,3.7
33.5,-119.3,15.6,21.6,0,3.7
33.5,-118.8,15.6,21.6,0,3.7
33.5,-118.3,15.6,21.6,0,3.7
33.5,-117.8,15.6,21.6,0,3.7
33.5,-117.3,15.6,21.6,0,3.7
33.5,-116.8,15.6,21.6,0,3.7
33.5,-116.3,15.6,21.6,0,3.7
33.5,-115.8,15.6,21.6,0,3.7
33.5,-115.3,15.6,21.6,0,3.7
33.5,-114.8,15.6,21.6,0,3.7
33.5,-114.3,15.6,21.6,0,3.7
33.5,-113.8,15.6,21.6,0,3.7
33.5,-113.3,15.6,21.6,0,3.7
33.5,-112.8,15.6,21.6,0,3.7
33.5,-112.3,15.6,21.6,0,3.7
33.5,-111.8,15.6,21.6,0,3.7
33.5,-111.3,15.6,21.6,0,3.7
33.5,-110.8,15.6,21.6,0,3.7
33.5,-110.3,15.6,21.6,0,3.7
33.5,-109.8,15.6,21.6,0,3.7
33.5,-109.3,15.6,21.6,0,3.7
33.5,-108.8,15.6,21.6,0,3.7
33.5,-108.3,15.6,21.6,0,3.7
33.5,-107.8,15.6,21.6,0,3.7
33.5,-107.3,15.6,21.6,0,3.7
33.5,-106.8,15.6,21.6,0,3.7
33.5,-106.3,15.6,21.6,0,3.7
33.5,-105.8,15.6,21.6,0,3.7
33.5,-105.3,15.6,21.6,0,3.7
33.5,-104.8,15.6,21.6,0,3.7
33.5,-104.3,15.6,21.6,0,3.7
33.5,-103.8,15.6,21.6,0,3.7
33.5,-103.3,15.6,21.6,0,3.7
33.5,-102.8,15.6,21.6,0,3.7
33.5,-102.3,15.6,21.6,0,3.7
33.5,-101.8,15.6,21.6,0,3.7
33.5,-101.3,15.6,21.6,0,3.7
33.5,-100.8,15.6,21.6,0,3.7
33.5,-100.3,15.6,21.6,0,3.7
33.5,-99.8,15.6,21.6,0,3.7
33.5,-99.3,15.6,21.6,0,3.7
33.5,-98.8,15.6,21.6,0,3.7
33.5,-98.3,15.6,21.6,0,3.7
33.5,-97.8,15.6,21.6,0,3.7
33.5,-97.3,15.6,21.6,0,3.7
33.5,-96.8,15.6,21.6,0,3.7
33.5,-96.3,15.6,21.6,0,3.7
33.5,-95.8,15.6,21.6,0,3.7
33.5,-95.3,15.6,21.6,0,3.7
33.5,-94.8,15.6,21.6,0,3.7
33.5,-94.3,15.6,21.6,0,3.7
33.5,-93.8,15.6,21.6,0,3.7
33.5,-93.3,15.6,21.6,0,3.7
33.5,-92.8,15.6,21.6,0,3.7
33.5,-92.3,15.6,21.6,0,3.7
33.5,-91.8,15.6,21.6,0,3.7
33.5,-91.3,15.6,21.6,0,3.7
33.5,-90.8,15.6,21.6,0,3.7
33.5,-90.3,15.6,21.6,0,3.7
33.5,-89.8,15.6,21.6,0,3.7
33.5,-89.3,15.6,21.6,0,3.7
33.5,-88.8,15.6,21.6,0,3.7
33.5,-88.3,15.6,21.6,0,3.7
33.5,-87.8,15.6,21.6,0,3.7
33.5,-87.3,15.6,21.6,0,3.7
33.5,-86.8,15.6,21.6,0,3.7
33.5,-86.3,15.6,21.6,0,3.7
33.5,-85.8,15.6,21.6,0,3.7
33.5,-85.3,15.6,21.6,0,3.7
33.5,-84.8,15.6,21.6,0,3.7
33.5,-84.3,15.6,21.6,0,3.7
33.5,-83.8,15.6,21.6,0,3.7
33.5,-83.3,15.6,21.6,0,3.7
33.5,-82.8,15.6,21.6,0,3.7
33.5,-82.3,15.6,21.6,0,3.7
33.5,-81.8,15.6,21.6,0,3.7
33.5,-81.3,15.6,21.6,0,3.7
33.5,-80.8,15.6,21.6,0,3.7
33.5,-80.3,15.6,21.6,0,3.7
33.5,-79.8,15.6,21.6,0,3.7
33.5,-79.3,15.6,21.6,0,3.7
33.5,-78.8,15.6,21.6,0,3.7
33.5,-78.3,15.6,21.6,0,3.7
33.5,-77.8,15.6,21.6,0,3.7
33.5,-77.3,15.6,21.6,0,3.7
33.5,-76.8,15.6,21.6,0,3.7
33.5,-76.3,15.6,21.6,0,3.7
33.5,-75.8,15.6,21.6,0,3.7
33.5,-75.3,15.6,21.6,0,3.7
33.5,-74.8,15.6,21.6,0,3.7
33.5,-74.3,15.6,21.6,0,3.7
33.5,-73.8,15.6,21.6,0,3.7
33.5,-73.3,15.6,21.6,0,3.7
33.5,-72.8,15.6,21.6,0,3.7
33.5,-72.3,15.6,21.6,0,3.7
33.5,-71.8,15.6,21.6,0,3.7
33.5,-71.3,15.6,21.6,0,3.7
33.5,-70.8,15.6,21.6,0,3.7
33.5,-70.3,15.6,21.6,0,3.7
33.5,-69.8,15.6,21.6,0,3.7
33.5,-69.3,15.6,21.6,0,3.7
33.5,-68.8,15.6,21.6,0,3.7
33.5,-68.3,15.6,21.6,0,3.7
33.5,-67.8,15.6,21.6,0,3.7
33.5,-67.3,15.6,21.6,0,3.7
33.5,-66.8,15.6,21.6,0,3.7
34.0,-124.8,15.3,19.8,0,3.7
34.0,-124.3,15.3,19.8,0,3.7
34.0,-123.8,15.3,19.8,0,3.7
34.0,-123.3,15.3,19.8,0,3.7
34.0,-122.8,15.3,19.8,0,3.7
34.0,-122.3,15.3,19.8,0,3.7
34.0,-121.8,15.3,19.8,0,3.7
34.0,-121.3,15.3,19.8,0,3.7
34.0,-120.8,15.3,19.8,0,3.7
34.0,-120.3,15.3,19.8,0,3.7
34.0,-119.8,15.3,19.8,0,3.7
34.0,-119.3,15.3,19.8,0,3.7
34.0,-118.8,15.3,19.8,0,3.7
34.0,-118.3,15.3,19.8,0,3.7
34.0,-117.8,15.3,19.8,0,3.7
34.0,-117.3,15.3,19.8,0,3.7
34.0,-116.8,15.3,19.8,0,3.7
34.0,-116.3,15.3,19.8,0,3.7
34.0,-115.8,15.3,19.8,0,3.7
34.0,-115.3,15.3,19.8,0,3.7
34.0,-114.8,15.3,19.8,0,3.7
34.0,-114.3,15.3,19.8,0,3.7
34.0,-113.8,15.3,19.8,0,3.7
34.0,-113.3,15.3,19.8,0,3.7
34.0,-112.8,15.3,19.8,0,3.7
34.0,-112.3,15.3,19.8,0,3.7
34.0,-111.8,15.3,19.8,0,3.7
34.0,-111.3,15.3,19.8,0,3.7
34.0,-110.8,15.3,19.8,0,3.7
34.0,-110.3,15.3,19.8,0,3.7
34.0,-109.8,15.3,19.8,0,3.7
34.0,-109.3,15.3,19.8,0,3.7
34.0,-108.8,15.3,19.8,0,3.7
34.0,-108.3,15.3,19.8,0,3.7
34.0,-107.8,15.3,19.8,0,3.7
34.0,-107.3,15.3,19.8,0,3.7
34.0,-106.8,15.3,19.8,0,3.7
34.0,-106.3,15.3,19.8,0,3.7
34.0,-105.8,15.3,19.8,0,3.7
34.0,-105.3,15.3,19.8,0,3.7
34.0,-104.8,15.3,19.8,0,3.7
34.0,-104.3,15.3,19.8,0,3.7
34.0,-103.8,15.3,19.8,0,3.7
34.0,-103.3,15.3,19.8,0,3.7
34.0,-102.8,15.3,19.8,0,3.7
34.0,-102.3,15.3,19.8,0,3.7
34.0,-101.8,15.3,19.8,0,3.7
34.0,-101.3,15.3,19.8,0,3.7
34.0,-100.8,15.3,19.8,0,3.7
34.0,-100.3,15.3,19.8,0,3.7
34.0,-99.8,15.3,19.8,0,3.7
34.0,-99.3,15.3,19.8,0,3.7
34.0,-98.8,15.3,19.8,0,3.7
34.0,-98.3,15.3,19.8,0,3.7
34.0,-97.8,15.3,19.8,0,3.7
34.0,-97.3,15.3,19.8,0,3.7
34.0,-96.8,15.3,19.8,0,3.7
34.0,-96.3,15.3,19.8,0,3.7
34.0,-95.8,15.3,19.8,0,3.7
34.0,-95.3,15.3,19.8,0,3.7
34.0,-94.8,15.3,19.8,0,3.7
34.0,-94.3,15.3,19.8,0,3.7
34.0,-93.8,15.3,19.8,0,3.7
34.0,-93.3,15.3,19.8,0,3.7
34.0,-92.8,15.3,19.8,0,3.7
34.0,-92.3,15.3,19.8,0,3.7
34.0,-91.8,15.3,19.8,0,3.7
34.0,-91.3,15.3,19.8,0,3.7
34.0,-90.8,15.3,19.8,0,3.7
34.0,-90.3,15.3,19.8,0,3.7
34.0,-89.8,15.3,19.8,0,3.7
34.0,-89.3,15.3,19.8,0,3.7
34.0,-88.8,15.3,19.8,0,3.7
34.0,-88.3,15.3,19.8,0,3.7
34.0,-87.8,15.3,19.8,0,3.7
34.0,-87.3,15.3,19.8,0,3.7
34.0,-86.8,15.3,19.8,0,3.7
34.0,-86.3,15.3,19.8,0,3.7
34.0,-85.8,15.3,19.8,0,3.7
34.0,-85.3,15.3,19.8,0,3.7
34.0,-84.8,15.3,19.8,0,3.7
34.0,-84.3,15.3,19.8,0,3.7
34.0,-83.8,15.3,19.8,0,3.7
34.0,-83.3,15.3,19.8,0,3.7
34.0,-82.8,15.3,19.8,0,3.7
34.0,-82.3,15.3,19.8,0,3.7
34.0,-81.8,15.3,19.8,0,3.7
34.0,-81.3,15.3,19.8,0,3.7
34.0,-80.8,15.3,19.8,0,3.7
34.0,-80.3,15.3,19.8,0,3.7
34.0,-79.8,15.3,19.8,0,3.7
34.0,-79.3,15.3,19.8,0,3.7
34.0,-78.8,15.3,19.8,0,3.7
34.0,-78.3,15.3,19.8,0,3.7
34.0,-77.8,15.3,19.8,0,3.7
34.0,-77.3,15.3,19.8,0,3.7
34.0,-76.8,15.3,19.8,0,3.7
34.0,-76.3,15.3,19.8,0,3.7
34.0,-75.8,15.3,19.8,0,3.7
34.0,-75.3,15.3,19.8,0,3.7
34.0,-74.8,15.3,19.8,0,3.7
34.0,-74.3,15.3,19.8,0,3.7
34.0,-73.8,15.3,19.8,0,3.7
34.0,-73.3,15.3,19.8,0,3.7
34.0,-72.8,15.3,19.8,0,3.7
34.0,-72.3,15.3,19.8,0,3.7
34.0,-71.8,15.3,19.8,0,3.7
34.0,-71.3,15.3,19.8,0,3.7
34.0,-70.8,15.3,19.8,0,3.7
34.0,-70.3,15.3,19.8,0,3.7
34.0,-69.8,15.3,19.8,0,3.7
34.0,-69.3,15.3,19.8,0,3.7
34.0,-68.8,15.3,19.8,0,3.7
34.0,-68.3,15.3,19.8,0,3.7
34.0,-67.8,15.3,19.8,0,3.7
34.0,-67.3,15.3,19.8,0,3.7
34.0,-66.8,15.3,19.8,0,3.7
34.5,-124.8,15.0,18.0,0,3.7
34.5,-124.3,15.0,18.0,0,3.7
34.5,-123.8,15.0,18.0,0,3.7
34.5,-123.3,15.0,18.0,0,3.7
34.5,-122.8,15.0,18.0,0,3.7
34.5,-122.3,15.0,18.0,0,3.7
34.5,-121.8,15.0,18.0,0,3.7
34.5,-121.3,15.0,18.0,0,3.7
34.5,-120.8,15.0,18.0,0,3.7
34.5,-120.3,15.0,18.0,0,3.7
34.5,-119.8,15.0,18.0,0,3.7
34.5,-119.3,15.0,18.0,0,3.7
34.5,-118.8,15.0,18.0,0,3.7
34.5,-118.3,15.0,18.0,0,3.7
34.5,-117.8,15.0,18.0,0,3.7
34.5,-117.3,15.0,18.0,0,3.7
34.5,-116.8,15.0,18.0,0,3.7
34.5,-116.3,15.0,18.0,0,3.7
34.5,-115.8,15.0,18.0,0,3.7
34.5,-115.3,15.0,18.0,0,3.7
34.5,-114.8,15.0,18.0,0,3.7
34.5,-114.3,15.0,18.0,0,3.7
34.5,-113.8,15.0,18.0,0,3.7
34.5,-113.3,15.0,18.0,0,3.7
34.5,-112.8,15.0,18.0,0,3.7
34.5,-112.3,15.0,18.0,0,3.7
34.5,-111.8,15.0,18.0,0,3.7
34.5,-111.3,15.0,18.0,0,3.7
34.5,-110.8,15.0,18.0,0,3.7
34.5,-110.3,15.0,18.0,0,3.7
34.5,-109.8,15.0,18.0,0,3.7
34.5,-109.3,15.0,18.0,0,3.7
34.5,-108.8,15.0,18.0,0,3.7
34.5,-108.3,15.0,18.0,0,3.7
34.5,-107.8,15.0,18.0,0,3.7
34.5,-107.3,15.0,18.0,0,3.7
34.5,-106.8,15.0,18.0,0,3.7
34.5,-106.3,15.0,18.0,0,3.7
34.5,-105.8,15.0,18.0,0,3.7
34.5,-105.3,15.0,18.0,0,3.7
34.5,-104.8,15.0,18.0,0,3.7
34.5,-104.3,15.0,18.0,0,3.7
34.5,-103.8,15.0,18.0,0,3.7
34.5,-103.3,15.0,18.0,0,3.7
34.5,-102.8,15.0,18.0,0,3.7
34.5,-102.3,15.0,18.0,0,3.7
34.5,-101.8,15.0,18.0,0,3.7
34.5,-101.3,15.0,18.0,0,3.7
34.5,-100.8,15.0,18.0,0,3.7
34.5,-100.3,15.0,18.0,0,3.7
34.5,-99.8,15.0,18.0,0,3.7
34.5,-99.3,15.0,18.0,0,3.7
34.5,-98.8,15.0,18.0,0,3.7
34.5,-98.3,15.0,18.0,0,3.7
34.5,-97.8,15.0,18.0,0,3.7
34.5,-97.3,15.0,18.0,0,3.7
34.5,-96.8,15.0,18.0,0,3.7
34.5,-96.3,15.0,18.0,0,3.7
34.5,-95.8,15.0,18.0,0,3.7
34.5,-95.3,15.0,18.0,0,3.7
34.5,-94.8,15.0,18.0,0,3.7
34.5,-94.3,15.0,18.0,0,3.7
34.5,-93.8,15.0,18.0,0,3.7
34.5,-93.3,15.0,18.0,0,3.7
34.5,-92.8,15.0,18.0,0,3.7
34.5,-92.3,15.0,18.0,0,3.7
34.5,-91.8,15.0,18.0,0,3.7
34.5,-91.3,15.0,18.0,0,3.7
34.5,-90.8,15.0,18.0,0,3.7
34.5,-90.3,15.0,18.0,0,3.7
34.5,-89.8,15.0,18.0,0,3.7
34.5,-89.3,15.0,18.0,0,3.7
34.5,-88.8,15.0,18.0,0,3.7
34.5,-88.3,15.0,18.0,0,3.7
34.5,-87.8,15.0,18.0,0,3.7
34.5,-87.3,15.0,18.0,0,3.7
34.5,-86.8,15.0,18.0,0,3.7
34.5,-86.3,15.0,18.0,0,3.7
34.5,-85.8,15.0,18.0,0,3.7
34.5,-85.3,15.0,18.0,0,3.7
34.5,-84.8,15.0,18.0,0,3.7
34.5,-84.3,15.0,18.0,0,3.7
34.5,-83.8,15.0,18.0,0,3.7
34.5,-83.3,15.0,18.0,0,3.7
34.5,-82.8,15.0,18.0,0,3.7
34.5,-82.3,15.0,18.0,0,3.7
34.5,-81.8,15.0,18.0,0,3.7
34.5,-81.3,15.0,18.0,0,3.7
34.5,-80.8,15.0,18.0,0,3.7
34.5,-80.3,15.0,18.0,0,3.7
34.5,-79.8,15.0,18.0,0,3.7
34.5,-79.3,15.0,18.0,0,3.7
34.5,-78.8,15.0,18.0,0,3.7
34.5,-78.3,15.0,18.0,0,3.7
34.5,-77.8,15.0,18.0,0,3.7
34.5,-77.3,15.0,18.0,0,3.7
34.5,-76.8,15.0,18.0,0,3.7
34.5,-76.3,15.0,18.0,0,3.7
34.5,-75.8,15.0,18.0,0,3.7
34.5,-75.3,15.0,18.0,0,3.7
34.5,-74.8,15.0,18.0,0,3.7
34.5,-74.3,15.0,18.0,0,3.7
34.5,-73.8,15.0,18.0,0,3.7
34.5,-73.3,15.0,18.0,0,3.7
34.5,-72.8,15.0,18.0,0,3.7
34.5,-72.3,15.0,18.0,0,3.7
34.5,-71.8,15.0,18.0,0,3.7
34.5,-71.3,15.0,18.0,0,3.7
34.5,-70.8,15.0,18.0,0,3.7
34.5,-70.3,15.0,18.0,0,3.7
34.5,-69.8,15.0,18.0,0,3.7
34.5,-69.3,15.0,18.0,0,3.7
34.5,-68.8,15.0,18.0,0,3.7
34.5,-68.3,15.0,18.0,0,3.7
34.5,-67.8,15.0,18.0,0,3.7
34.5,-67.3,15.0,18.0,0,3.7
34.5,-66.8,15.0,18.0,0,3.7
35.0,-124.8,14.7,16.2,0,3.7
35.0,-124.3,14.7,16.2,0,3.7
35.0,-123.8,14.7,16.2,0,3.7
35.0,-123.3,14.7,16.2,0,3.7
35.0,-122.8,14.7,16.2,0,3.7
35.0,-122.3,14.7,16.2,0,3.7
35.0,-121.8,14.7,16.2,0,3.7
35.0,-121.3,14.7,16.2,0,3.7
35.0,-120.8,14.7,16.2,0,3.7
35.0,-120.3,14.7,16.2,0,3.7
35.0,-119.8,14.7,16.2,0,3.7
35.0,-119.3,14.7,16.2,0,3.7
35.0,-118.8,14.7,16.2,0,3.7
35.0,-118.3,14.7,16.2,0,3.7
35.0,-117.8,14.7,16.2,0,3.7
35.0,-117.3,14.7,16.2,0,3.7
35.0,-116.8,14.7,16.2,0,3.7
35.0,-116.3,14.7,16.2,0,3.7
35.0,-115.8,14.7,16.2,0,3.7
35.0,-115.3,14.7,16.2,0,3.7
35.0,-114.8,14.7,16.2,0,3.7
35.0,-114.3,14.7,16.2,0,3.7
35.0,-113.8,14.7,16.2,0,3.7
35.0,-113.3,14.7,16.2,0,3.7
35.0,-112.8,14.7,16.2,0,3.7
35.0,-112.3,14.7,16.2,0,3.7
35.0,-111.8,14.7,16.2,0,3.7
35.0,-111.3,14.7,16.2,0,3.7
35.0,-110.8,14.7,16.2,0,3.7
35.0,-110.3,14.7,16.2,0,3.7
35.0,-109.8,14.7,16.2,0,3.7
35.0,-109.3,14.7,16.2,0,3.7
35.0,-108.8,14.7,16.2,0,3.7
35.0,-108.3,14.7,16.2,0,3.7
35.0,-107.8,14.7,16.2,0,3.7
35.0,-107.3,14.7,16.2,0,3.7
35.0,-106.8,14.7,16.2,0,3.7
35.0,-106.3,14.7,16.2,0,3.7
35.0,-105.8,14.7,16.2,0,3.7
35.0,-105.3,14.7,16.2,0,3.7
35.0,-104.8,14.7,16.2,0,3.7
35.0,-104.3,14.7,16.2,0,3.7
35.0,-103.8,14.7,16.2,0,3.7
35.0,-103.3,14.7,16.2,0,3.7
35.0,-102.8,14.7,16.2,0,3.7
35.0,-102.3,14.7,16.2,0,3.7
35.0,-101.8,14.7,16.2,0,3.7
35.0,-101.3,14.7,16.2,0,3.7
35.0,-100.8,14.7,16.2,0,3.7
35.0,-100.3,14.7,16.2,0,3.7
35.0,-99.8,14.7,16.2,0,3.7
35.0,-99.3,14.7,16.2,0,3.7
35.0,-98.8,14.7,16.2,0,3.7
35.0,-98.3,14.7,16.2,0,3.7
35.0,-97.8,14.7,16.2,0,3.7
35.0,-97.3,14.7,16.2,0,3.7
35.0,-96.8,14.7,16.2,0,3.7
35.0,-96.3,14.7,16.2,0,3.7
35.0,-95.8,14.7,16.2,0,3.7
35.0,-95.3,14.7,16.2,0,3.7
35.0,-94.8,14.7,16.2,0,3.7
35.0,-94.3,14.7,16.2,0,3.7
35.0,-93.8,14.7,16.2,0,3.7
35.0,-93.3,14.7,16.2,0,3.7
35.0,-92.8,14.7,16.2,0,3.7
35.0,-92.3,14.7,16.2,0,3.7
35.0,-91.8,14.7,16.2,0,3.7
35.0,-91.3,14.7,16.2,0,3.7
35.0,-90.8,14.7,16.2,0,3.7
35.0,-90.3,14.7,16.2,0,3.7
35.0,-89.8,14.7,16.2,0,3.7
35.0,-89.3,14.7,16.2,0,3.7
35.0,-88.8,14.7,16.2,0,3.7
35.0,-88.3,14.7,16.2,0,3.7
35.0,-87.8,14.7,16.2,0,3.7
35.0,-87.3,14.7,16.2,0,3.7
35.0,-86.8,14.7,16.2,0,3.7
35.0,-86.3,14.7,16.2,0,3.7
35.0,-85.8,14.7,16.2,0,3.7
35.0,-85.3,14.7,16.2,0,3.7
35.0,-84.8,14.7,16.2,0,3.7
35.0,-84.3,14.7,16.2,0,3.7
35.0,-83.8,14.7,16.2,0,3.7
35.0,-83.3,14.7,16.2,0,3.7
35.0,-82.8,14.7,16.2,0,3.7
35.0,-82.3,14.7,16.2,0,3.7
35.0,-81.8,14.7,16.2,0,3.7
35.0,-81.3,14.7,16.2,0,3.7
35.0,-80.8,14.7,16.2,0,3.7
35.0,-80.3,14.7,16.2,0,3.7
35.0,-79.8,14.7,16.2,0,3.7
35.0,-79.3,14.7,16.2,0,3.7
35.0,-78.8,14.7,16.2,0,3.7
35.0,-78.3,14.7,16.2,0,3.7
35.0,-77.8,14.7,16.2,0,3.7
35.0,-77.3,14.7,16.2,0,3.7
35.0,-76.8,14.7,16.2,0,3.7
35.0,-76.3,14.7,16.2,0,3.7
35.0,-75.8,14.7,16.2,0,3.7
35.0,-75.3,14.7,16.2,0,3.7
35.0,-74.8,14.7,16.2,0,3.7
35.0,-74.3,14.7,16.2,0,3.7
35.0,-73.8,14.7,16.2,0,3.7
35.0,-73.3,14.7,16.2,0,3.7
35.0,-72.8,14.7,16.2,0,3.7
35.0,-72.3,14.7,16.2,0,3.7
35.0,-71.8,14.7,16.2,0,3.7
35.0,-71.3,14.7,16.2,0,3.7
35.0,-70.8,14.7,16.2,0,3.7
35.0,-70.3,14.7,16.2,0,3.7
35.0,-69.8,14.7,16.2,0,3.7
35.0,-69.3,14.7,16.2,0,3.7
35.0,-68.8,14.7,16.2,0,3.7
35.0,-68.3,14.7,16.2,0,3.7
35.0,-67.8,14.7,16.2,0,3.7
35.0,-67.3,14.7,16.2,0,3.7
35.0,-66.8,14.7,16.2,0,3.7
35.5,-124.8,14.4,14.4,0,3.7
35.5,-124.3,14.4,14.4,0,3.7
35.5,-123.8,14.4,14.4,0,3.7
35.5,-123.3,14.4,14.4,0,3.7
35.5,-122.8,14.4,14.4,0,3.7
35.5,-122.3,14.4,14.4,0,3.7
35.5,-121.8,14.4,14.4,0,3.7
35.5,-121.3,14.4,14.4,0,3.7
35.5,-120.8,14.4,14.4,0,3.7
35.5,-120.3,14.4,14.4,0,3.7
35.5,-119.8,14.4,14.4,0,3.7
35.5,-119.3,14.4,14.4,0,3.7
35.5,-118.8,14.4,14.4,0,3.7
35.5,-118.3,14.4,14.4,0,3.7
35.5,-117.8,14.4,14.4,0,3.7
35.5,-117.3,14.4,14.4,0,3.7
35.5,-116.8,14.4,14.4,0,3.7
35.5,-116.3,14.4,14.4,0,3.7
35.5,-115.8,14.4,14.4,0,3.7
35.5,-115.3,14.4,14.4,0,3.7
35.5,-114.8,14.4,14.4,0,3.7
35.5,-114.3,14.4,14.4,0,3.7
35.5,-113.8,14.4,14.4,0,3.7
35.5,-113.3,14.4,14.4,0,3.7
35.5,-112.8,14.4,14.4,0,3.7
35.5,-112.3,14.4,14.4,0,3.7
35.5,-111.8,14.4,14.4,0,3.7
35.5,-111.3,14.4,14.4,0,3.7
35.5,-110.8,14.4,14.4,0,3.7
35.5,-110.3,14.4,14.4,0,3.7
35.5,-109.8,14.4,14.4,0,3.7
35.5,-109.3,14.4,14.4,0,3.7
35.5,-108.8,14.4,14.4,0,3.7
35.5,-108.3,14.4,14.4,0,3.7
35.5,-107.8,14.4,14.4,0,3.7
35.5,-107.3,14.4,14.4,0,3.7
35.5,-106.8,14.4,14.4,0,3.7
35.5,-106.3,14.4,14.4,0,3.7
35.5,-105.8,14.4,14.4,0,3.7
35.5,-105.3,14.4,14.4,0,3.7
35.5,-104.8,14.4,14.4,0,3.7
35.5,-104.3,14.4,14.4,0,3.7
35.5,-103.8,14.4,14.4,0,3.7
35.5,-103.3,14.4,14.4,0,3.7
35.5,-102.8,14.4,14.4,0,3.7
35.5,-102.3,14.4,14.4,0,3.7
35.5,-101.8,14.4,14.4,0,3.7
35.5,-101.3,14.4,14.4,0,3.7
35.5,-100.8,14.4,14.4,0,3.7
35.5,-100.3,14.4,14.4,0,3.7
35.5,-99.8,14.4,14.4,0,3.7
35.5,-99.3,14.4,14.4,0,3.7
35.5,-98.8,14.4,14.4,0,3.7
35.5,-98.3,14.4,14.4,0,3.7
35.5,-97.8,14.4,14.4,0,3.7
35.5,-97.3,14.4,14.4,0,3.7
35.5,-96.8,14.4,14.4,0,3.7
35.5,-96.3,14.4,14.4,0,3.7
35.5,-95.8,14.4,14.4,0,3.7
35.5,-95.3,14.4,14.4,0,3.7
35.5,-94.8,14.4,14.4,0,3.7
35.5,-94.3,14.4,14.4,0,3.7
35.5,-93.8,14.4,14.4,0,3.7
35.5,-93.3,14.4,14.4,0,3.7
35.5,-92.8,14.4,14.4,0,3.7
35.5,-92.3,14.4,14.4,0,3.7
35.5,-91.8,14.4,14.4,0,3.7
35.5,-91.3,14.4,14.4,0,3.7
35.5,-90.8,14.4,14.4,0,3.7
35.5,-90.3,14.4,14.4,0,3.7
35.5,-89.8,14.4,14.4,0,3.7
35.5,-89.3,14.4,14.4,0,3.7
35.5,-88.8,14.4,14.4,0,3.7
35.5,-88.3,14.4,14.4,0,3.7
35.5,-87.8,14.4,14.4,0,3.7
35.5,-87.3,14.4,14.4,0,3.7
35.5,-86.8,14.4,14.4,0,3.7
35.5,-86.3,14.4,14.4,0,3.7
35.5,-85.8,14.4,14.4,0,3.7
35.5,-85.3,14.4,14.4,0,3.7
35.5,-84.8,14.4,14.4,0,3.7
35.5,-84.3,14.4,14.4,0,3.7
35.5,-83.8,14.4,14.4,0,3.7
35.5,-83.3,14.4,14.4,0,3.7
35.5,-82.8,14.4,14.4,0,3.7
35.5,-82.3,14.4,14.4,0,3.7
35.5,-81.8,14.4,14.4,0,3.7
35.5,-81.3,14.4,14.4,0,3.7
35.5,-80.8,14.4,14.4,0,3.7
35.5,-80.3,14.4,14.4,0,3.7
35.5,-79.8,14.4,14.4,0,3.7
35.5,-79.3,14.4,14.4,0,3.7
35.5,-78.8,14.4,14.4,0,3.7
35.5,-78.3,14.4,14.4,0,3.7
35.5,-77.8,14.4,14.4,0,3.7
35.5,-77.3,14.4,14.4,0,3.7
35.5,-76.8,14.4,14.4,0,3.7
35.5,-76.3,14.4,14.4,0,3.7
35.5,-75.8,14.4,14.4,0,3.7
35.5,-75.3,14.4,14.4,0,3.7
35.5,-74.8,14.4,14.4,0,3.7
35.5,-74.3,14.4,14.4,0,3.7
35.5,-73.8,14.4,14.4,0,3.7
35.5,-73.3,14.4,14.4,0,3.7
35.5,-72.8,14.4,14.4,0,3.7
35.5,-72.3,14.4,14.4,0,3.7
35.5,-71.8,14.4,14.4,0,3.7
35.5,-71.3,14.4,14.4,0,3.7
35.5,-70.8,14.4,14.4,0,3.7
35.5,-70.3,14.4,14.4,0,3.7
35.5,-69.8,14.4,14.4,0,3.7
35.5,-69.3,14.4,14.4,0,3.7
35.5,-68.8,14.4,14.4,0,3.7
35.5,-68.3,14.4,14.4,0,3.7
35.5,-67.8,14.4,14.4,0,3.7
35.5,-67.3,14.4,14.4,0,3.7
35.5,-66.8,14.4,14.4,0,3.7
36.0,-124.8,14.1,12.6,0,3.6
36.0,-124.3,14.1,12.6,0,3.6
36.0,-123.8,14.1,12.6,0,3.6
36.0,-123.3,14.1,12.6,0,3.6
36.0,-122.8,14.1,12.6,0,3.6
36.0,-122.3,14.1,12.6,0,3.6
36.0,-121.8,14.1,12.6,0,3.6
36.0,-121.3,14.1,12.6,0,3.6
36.0,-120.8,14.1,12.6,0,3.6
36.0,-120.3,14.1,12.6,0,3.6
36.0,-119.8,14.1,12.6,0,3.6
36.0,-119.3,14.1,12.6,0,3.6
36.0,-118.8,14.1,12.6,0,3.6
36.0,-118.3,14.1,12.6,0,3.6
36.0,-117.8,14.1,12.6,0,3.6
36.0,-117.3,14.1,12.6,0,3.6
36.0,-116.8,14.1,12.6,0,3.6
36.0,-116.3,14.1,12.6,0,3.6
36.0,-115.8,14.1,12.6,0,3.6
36.0,-115.3,14.1,12.6,0,3.6
36.0,-114.8,14.1,12.6,0,3.6
36.0,-114.3,14.1,12.6,0,3.6
36.0,-113.8,14.1,12.6,0,3.6
36.0,-113.3,14.1,12.6,0,3.6
36.0,-112.8,14.1,12.6,0,3.6
36.0,-112.3,14.1,12.6,0,3.6
36.0,-111.8,14.1,12.6,0,3.6
36.0,-111.3,14.1,12.6,0,3.6
36.0,-110.8,14.1,12.6,0,3.6
36.0,-110.3,14.1,12.6,0,3.6
36.0,-109.8,14.1,12.6,0,3.6
36.0,-109.3,14.1,12.6,0,3.6
36.0,-108.8,14.1,12.6,0,3.6
36.0,-108.3,14.1,12.6,0,3.6
36.0,-107.8,14.1,12.6,0,3.6
36.0,-107.3,14.1,12.6,0,3.6
36.0,-106.8,14.1,12.6,0,3.6
36.0,-106.3,14.1,12.6,0,3.6
36.0,-105.8,14.1,12.6,0,3.6
36.0,-105.3,14.1,12.6,0,3.6
36.0,-104.8,14.1,12.6,0,3.6
36.0,-104.3,14.1,12.6,0,3.6
36.0,-103.8,14.1,12.6,0,3.6
36.0,-103.3,14.1,12.6,0,3.6
36.0,-102.8,14.1,12.6,0,3.6
36.0,-102.3,14.1,12.6,0,3.6
36.0,-101.8,14.1,12.6,0,3.6
36.0,-101.3,14.1,12.6,0,3.6
36.0,-100.8,14.1,12.6,0,3.6
36.0,-100.3,14.1,12.6,0,3.6
36.0,-99.8,14.1,12.6,0,3.6
36.0,-99.3,14.1,12.6,0,3.6
36.0,-98.8,14.1,12.6,0,3.6
36.0,-98.3,14.1,12.6,0,3.6
36.0,-97.8,14.1,12.6,0,3.6
36.0,-97.3,14.1,12.6,0,3.6
36.0,-96.8,14.1,12.6,0,3.6
36.0,-96.3,14.1,12.6,0,3.6
36.0,-95.8,14.1,12.6,0,3.6
36.0,-95.3,14.1,12.6,0,3.6
36.0,-94.8,14.1,12.6,0,3.6
36.0,-94.3,14.1,12.6,0,3.6
36.0,-93.8,14.1,12.6,0,3.6
36.0,-93.3,14.1,12.6,0,3.6
36.0,-92.8,14.1,12.6,0,3.6
36.0,-92.3,14.1,12.6,0,3.6
36.0,-91.8,14.1,12.6,0,3.6
36.0,-91.3,14.1,12.6,0,3.6
36.0,-90.8,14.1,12.6,0,3.6
36.0,-90.3,14.1,12.6,0,3.6
36.0,-89.8,14.1,12.6,0,3.6
36.0,-89.3,14.1,12.6,0,3.6
36.0,-88.8,14.1,12.6,0,3.6
36.0,-88.3,14.1,12.6,0,3.6
36.0,-87.8,14.1,12.6,0,3.6
36.0,-87.3,14.1,12.6,0,3.6
36.0,-86.8,14.1,12.6,0,3.6
36.0,-86.3,14.1,12.6,0,3.6
36.0,-85.8,14.1,12.6,0,3.6
36.0,-85.3,14.1,12.6,0,3.6
36.0,-84.8,14.1,12.6,0,3.6
36.0,-84.3,14.1,12.6,0,3.6
36.0,-83.8,14.1,12.6,0,3.6
36.0,-83.3,14.1,12.6,0,3.6
36.0,-82.8,14.1,12.6,0,3.6
36.0,-82.3,14.1,12.6,0,3.6
36.0,-81.8,14.1,12.6,0,3.6
36.0,-81.3,14.1,12.6,0,3.6
36.0,-80.8,14.1,12.6,0,3.6
36.0,-80.3,14.1,12.6,0,3.6
36.0,-79.8,14.1,12.6,0,3.6
36.0,-79.3,14.1,12.6,0,3.6
36.0,-78.8,14.1,12.6,0,3.6
36.0,-78.3,14.1,12.6,0,3.6
36.0,-77.8,14.1,12.6,0,3.6
36.0,-77.3,14.1,12.6,0,3.6
36.0,-76.8,14.1,12.6,0,3.6
36.0,-76.3,14.1,12.6,0,3.6
36.0,-75.8,14.1,12.6,0,3.6
36.0,-75.3,14.1,12.6,0,3.6
36.0,-74.8,14.1,12.6,0,3.6
36.0,-74.3,14.1,12.6,0,3.6
36.0,-73.8,14.1,12.6,0,3.6
36.0,-73.3,14.1,12.6,0,3.6
36.0,-72.8,14.1,12.6,0,3.6
36.0,-72.3,14.1,12.6,0,3.6
36.0,-71.8,14.1,12.6,0,3.6
36.0,-71.3,14.1,12.6,0,3.6
36.0,-70.8,14.1,12.6,0,3.6
36.0,-70.3,14.1,12.6,0,3.6
36.0,-69.8,14.1,12.6,0,3.6
36.0,-69.3,14.1,12.6,0,3.6
36.0,-68.8,14.1,12.6,0,3.6
36.0,-68.3,14.1,12.6,0,3.6
36.0,-67.8,14.1,12.6,0,3.6
36.0,-67.3,14.1,12.6,0,3.6
36.0,-66.8,14.1,12.6,0,3.6
36.5,-124.8,13.8,10.8,0,3.6
36.5,-124.3,13.8,10.8,0,3.6
36.5,-123.8,13.8,10.8,0,3.6
36.5,-123.3,13.8,10.8,0,3.6
36.5,-122.8,13.8,10.8,0,3.6
36.5,-122.3,13.8,10.8,0,3.6
36.5,-121.8,13.8,10.8,0,3.6
36.5,-121.3,13.8,10.8,0,3.6
36.5,-120.8,13.8,10.8,0,3.6
36.5,-120.3,13.8,10.8,0,3.6
36.5,-119.8,13.8,10.8,0,3.6
36.5,-119.3,13.8,10.8,0,3.6
36.5,-118.8,13.8,10.8,0,3.6
36.5,-118.3,13.8,10.8,0,3.6
36.5,-117.8,13.8,10.8,0,3.6
36.5,-117.3,13.8,10.8,0,3.6
36.5,-116.8,13.8,10.8,0,3.6
36.5,-116.3,13.8,10.8,0,3.6
36.5,-115.8,13.8,10.8,0,3.6
36.5,-115.3,13.8,10.8,0,3.6
36.5,-114.8,13.8,10.8,0,3.6
36.5,-114.3,13.8,10.8,0,3.6
36.5,-113.8,13.8,10.8,0,3.6
36.5,-113.3,13.8,10.8,0,3.6
36.5,-112.8,13.8,10.8,0,3.6
36.5,-112.3,13.8,10.8,0,3.6
36.5,-111.8,13.8,10.8,0,3.6
36.5,-111.3,13.8,10.8,0,3.6
36.5,-110.8,13.8,10.8,0,3.6
36.5,-110.3,13.8,10.8,0,3.6
36.5,-109.8,13.8,10.8,0,3.6
36.5,-109.3,13.8,10.8,0,3.6
36.5,-108.8,13.8,10.8,0,3.6
36.5,-108.3,13.8,10.8,0,3.6
36.5,-107.8,13.8,10.8,0,3.6
36.5,-107.3,13.8,10.8,0,3.6
36.5,-106.8,13.8,10.8,0,3.6
36.5,-106.3,13.8,10.8,0,3.6
36.5,-105.8,13.8,10.8,0,3.6
36.5,-105.3,13.8,10.8,0,3.6
36.5,-104.8,13.8,10.8,0,3.6
36.5,-104.3,13.8,10.8,0,3.6
36.5,-103.8,13.8,10.8,0,3.6
36.5,-103.3,13.8,10.8,0,3.6
36.5,-102.8,13.8,10.8,0,3.6
36.5,-102.3,13.8,10.8,0,3.6
36.5,-101.8,13.8,10.8,0,3.6
36.5,-101.3,13.8,10.8,0,3.6
36.5,-100.8,13.8,10.8,0,3.6
36.5,-100.3,13.8,10.8,0,3.6
36.5,-99.8,13.8,10.8,0,3.6
36.5,-99.3,13.8,10.8,0,3.6
36.5,-98.8,13.8,10.8,0,3.6
36.5,-98.3,13.8,10.8,0,3.6
36.5,-97.8,13.8,10.8,0,3.6
36.5,-97.3,13.8,10.8,0,3.6
36.5,-96.8,13.8,10.8,0,3.6
36.5,-96.3,13.8,10.8,0,3.6
36.5,-95.8,13.8,10.8,0,3.6
36.5,-95.3,13.8,10.8,0,3.6
36.5,-94.8,13.8,10.8,0,3.6
36.5,-94.3,13.8,10.8,0,3.6
36.5,-93.8,13.8,10.8,0,3.6
36.5,-93.3,13.8,10.8,0,3.6
36.5,-92.8,13.8,10.8,0,3.6
36.5,-92.3,13.8,10.8,0,3.6
36.5,-91.8,13.8,10.8,0,3.6
36.5,-91.3,13.8,10.8,0,3.6
36.5,-90.8,13.8,10.8,0,3.6
36.5,-90.3,13.8,10.8,0,3.6
36.5,-89.8,13.8,10.8,0,3.6
36.5,-89.3,13.8,10.8,0,3.6
36.5,-88.8,13.8,10.8,0,3.6
36.5,-88.3,13.8,10.8,0,3.6
36.5,-87.8,13.8,10.8,0,3.6
36.5,-87.3,13.8,10.8,0,3.6
36.5,-86.8,13.8,10.8,0,3.6
36.5,-86.3,13.8,10.8,0,3.6
36.5,-85.8,13.8,10.8,0,3.6
36.5,-85.3,13.8,10.8,0,3.6
36.5,-84.8,13.8,10.8,0,3.6
36.5,-84.3,13.8,10.8,0,3.6
36.5,-83.8,13.8,10.8,0,3.6
36.5,-83.3,13.8,10.8,0,3.6
36.5,-82.8,13.8,10.8,0,3.6
36.5,-82.3,13.8,10.8,0,3.6
36.5,-81.8,13.8,10.8,0,3.6
36.5,-81.3,13.8,10.8,0,3.6
36.5,-80.8,13.8,10.8,0,3.6
36.5,-80.3,13.8,10.8,0,3.6
36.5,-79.8,13.8,10.8,0,3.6
36.5,-79.3,13.8,10.8,0,3.6
36.5,-78.8,13.8,10.8,0,3.6
36.5,-78.3,13.8,10.8,0,3.6
36.5,-77.8,13.8,10.8,0,3.6
36.5,-77.3,13.8,10.8,0,3.6
36.5,-76.8,13.8,10.8,0,3.6
36.5,-76.3,13.8,10.8,0,3.6
36.5,-75.8,13.8,10.8,0,3.6
36.5,-75.3,13.8,10.8,0,3.6
36.5,-74.8,13.8,10.8,0,3.6
36.5,-74.3,13.8,10.8,0,3.6
36.5,-73.8,13.8,10.8,0,3.6
36.5,-73.3,13.8,10.8,0,3.6
36.5,-72.8,13.8,10.8,0,3.6
36.5,-72.3,13.8,10.8,0,3.6
36.5,-71.8,13.8,10.8,0,3.6
36.5,-71.3,13.8,10.8,0,3.6
36.5,-70.8,13.8,10.8,0,3.6
36.5,-70.3,13.8,10.8,0,3.6
36.5,-69.8,13.8,10.8,0,3.6
36.5,-69.3,13.8,10.8,0,3.6
36.5,-68.8,13.8,10.8,0,3.6
36.5,-68.3,13.8,10.8,0,3.6
36.5,-67.8,13.8,10.8,0,3.6
36.5,-67.3,13.8,10.8,0,3.6
36.5,-66.8,13.8,10.8,0,3.6
37.0,-124.8,13.5,9.0,0,3.6
37.0,-124.3,13.5,9.0,0,3.6
37.0,-123.8,13.5,9.0,0,3.6
37.0,-123.3,13.5,9.0,0,3.6
37.0,-122.8,13.5,9.0,0,3.6
37.0,-122.3,13.5,9.0,0,3.6
37.0,-121.8,13.5,9.0,0,3.6
37.0,-121.3,13.5,9.0,0,3.6
37.0,-120.8,13.5,9.0,0,3.6
37.0,-120.3,13.5,9.0,0,3.6
37.0,-119.8,13.5,9.0,0,3.6
37.0,-119.3,13.5,9.0,0,3.6
37.0,-118.8,13.5,9.0,0,3.6
37.0,-118.3,13.5,9.0,0,3.6
37.0,-117.8,13.5,9.0,0,3.6
37.0,-117.3,13.5,9.0,0,3.6
37.0,-116.8,13.5,9.0,0,3.6
37.0,-116.3,13.5,9.0,0,3.6
37.0,-115.8,13.5,9.0,0,3.6
37.0,-115.3,13.5,9.0,0,3.6
37.0,-114.8,13.5,9.0,0,3.6
37.0,-114.3,13.5,9.0,0,3.6
37.0,-113.8,13.5,9.0,0,3.6
37.0,-113.3,13.5,9.0,0,3.6
37.0,-112.8,13.5,9.0,0,3.6
37.0,-112.3,13.5,9.0,0,3.6
37.0,-111.8,13.5,9.0,0,3.6
37.0,-111.3,13.5,9.0,0,3.6
37.0,-110.8,13.5,9.0,0,3.6
37.0,-110.3,13.5,9.0,0,3.6
37.0,-109.8,13.5,9.0,0,3.6
37.0,-109.3,13.5,9.0,0,3.6
37.0,-108.8,13.5,9.0,0,3.6
37.0,-108.3,13.5,9.0,0,3.6
37.0,-107.8,13.5,9.0,0,3.6
37.0,-107.3,13.5,9.0,0,3.6
37.0,-106.8,13.5,9.0,0,3.6
37.0,-106.3,13.5,9.0,0,3.6
37.0,-105.8,13.5,9.0,0,3.6
37.0,-105.3,13.5,9.0,0,3.6
37.0,-104.8,13.5,9.0,0,3.6
37.0,-104.3,13.5,9.0,0,3.6
37.0,-103.8,13.5,9.0,0,3.6
37.0,-103.3,13.5,9.0,0,3.6
37.0,-102.8,13.5,9.0,0,3.6
37.0,-102.3,13.5,9.0,0,3.6
37.0,-101.8,13.5,9.0,0,3.6
37.0,-101.3,13.5,9.0,0,3.6
37.0,-100.8,13.5,9.0,0,3.6
37.0,-100.3,13.5,9.0,0,3.6
37.0,-99.8,13.5,9.0,0,3.6
37.0,-99.3,13.5,9.0,0,3.6
37.0,-98.8,13.5,9.0,0,3.6
37.0,-98.3,13.5,9.0,0,3.6
37.0,-97.8,13.5,9.0,0,3.6
37.0,-97.3,13.5,9.0,0,3.6
37.0,-96.8,13.5,9.0,0,3.6
37.0,-96.3,13.5,9.0,0,3.6
37.0,-95.8,13.5,9.0,0,3.6
37.0,-95.3,13.5,9.0,0,3.6
37.0,-94.8,13.5,9.0,0,3.6
37.0,-94.3,13.5,9.0,0,3.6
37.0,-93.8,13.5,9.0,0,3.6
37.0,-93.3,13.5,9.0,0,3.6
37.0,-92.8,13.5,9.0,0,3.6
37.0,-92.3,13.5,9.0,0,3.6
37.0,-91.8,13.5,9.0,0,3.6
37.0,-91.3,13.5,9.0,0,3.6
37.0,-90.8,13.5,9.0,0,3.6
37.0,-90.3,13.5,9.0,0,3.6
37.0,-89.8,13.5,9.0,0,3.6
37.0,-89.3,13.5,9.0,0,3.6
37.0,-88.8,13.5,9.0,0,3.6
37.0,-88.3,13.5,9.0,0,3.6
37.0,-87.8,13.5,9.0,0,3.6
37.0,-87.3,13.5,9.0,0,3.6
37.0,-86.8,13.5,9.0,0,3.6
37.0,-86.3,13.5,9.0,0,3.6
37.0,-85.8,13.5,9.0,0,3.6
37.0,-85.3,13.5,9.0,0,3.6
37.0,-84.8,13.5,9.0,0,3.6
37.0,-84.3,13.5,9.0,0,3.6
37.0,-83.8,13.5,9.0,0,3.6
37.0,-83.3,13.5,9.0,0,3.6
37.0,-82.8,13.5,9.0,0,3.6
37.0,-82.3,13.5,9.0,0,3.6
37.0,-81.8,13.5,9.0,0,3.6
37.0,-81.3,13.5,9.0,0,3.6
37.0,-80.8,13.5,9.0,0,3.6
37.0,-80.3,13.5,9.0,0,3.6
37.0,-79.8,13.5,9.0,0,3.6
37.0,-79.3,13.5,9.0,0,3.6
37.0,-78.8,13.5,9.0,0,3.6
37.0,-78.3,13.5,9.0,0,3.6
37.0,-77.8,13.5,9.0,0,3.6
37.0,-77.3,13.5,9.0,0,3.6
37.0,-76.8,13.5,9.0,0,3.6
37.0,-76.3,13.5,9.0,0,3.6
37.0,-75.8,13.5,9.0,0,3.6
37.0,-75.3,13.5,9.0,0,3.6
37.0,-74.8,13.5,9.0,0,3.6
37.0,-74.3,13.5,9.0,0,3.6
37.0,-73.8,13.5,9.0,0,3.6
37.0,-73.3,13.5,9.0,0,3.6
37.0,-72.8,13.5,9.0,0,3.6
37.0,-72.3,13.5,9.0,0,3.6
37.0,-71.8,13.5,9.0,0,3.6
37.0,-71.3,13.5,9.0,0,3.6
37.0,-70.8,13.5,9.0,0,3.6
37.0,-70.3,13.5,9.0,0,3.6
37.0,-69.8,13.5,9.0,0,3.6
37.0,-69.3,13.5,9.0,0,3.6
37.0,-68.8,13.5,9.0,0,3.6
37.0,-68.3,13.5,9.0,0,3.6
37.0,-67.8,13.5,9.0,0,3.6
37.0,-67.3,13.5,9.0,0,3.6
37.0,-66.8,13.5,9.0,0,3.6
37.5,-124.8,13.2,7.2,0,3.6
37.5,-124.3,13.2,7.2,0,3.6
37.5,-123.8,13.2,7.2,0,3.6
37.5,-123.3,13.2,7.2,0,3.6
37.5,-122.8,13.2,7.2,0,3.6
37.5,-122.3,13.2,7.2,0,3.6
37.5,-121.8,13.2,7.2,0,3.6
37.5,-121.3,13.2,7.2,0,3.6
37.5,-120.8,13.2,7.2,0,3.6
37.5,-120.3,13.2,7.2,0,3.6
37.5,-119.8,13.2,7.2,0,3.6
37.5,-119.3,13.2,7.2,0,3.6
37.5,-118.8,13.2,7.2,0,3.6
37.5,-118.3,13.2,7.2,0,3.6
37.5,-117.8,13.2,7.2,0,3.6
37.5,-117.3,13.2,7.2,0,3.6
37.5,-116.8,13.2,7.2,0,3.6
37.5,-116.3,13.2,7.2,0,3.6
37.5,-115.8,13.2,7.2,0,3.6
37.5,-115.3,13.2,7.2,0,3.6
37.5,-114.8,13.2,7.2,0,3.6
37.5,-114.3,13.2,7.2,0,3.6
37.5,-113.8,13.2,7.2,0,3.6
37.5,-113.3,13.2,7.2,0,3.6
37.5,-112.8,13.2,7.2,0,3.6
37.5,-112.3,13.2,7.2,0,3.6
37.5,-111.8,13.2,7.2,0,3.6
37.5,-111.3,13.2,7.2,0,3.6
37.5,-110.8,13.2,7.2,0,3.6
37.5,-110.3,13.2,7.2,0,3.6
37.5,-109.8,13.2,7.2,0,3.6
37.5,-109.3,13.2,7.2,0,3.6
37.5,-108.8,13.2,7.2,0,3.6
37.5,-108.3,13.2,7.2,0,3.6
37.5,-107.8,13.2,7.2,0,3.6
37.5,-107.3,13.2,7.2,0,3.6
37.5,-106.8,13.2,7.2,0,3.6
37.5,-106.3,13.2,7.2,0,3.6
37.5,-105.8,13.2,7.2,0,3.6
37.5,-105.3,13.2,7.2,0,3.6
37.5,-104.8,13.2,7.2,0,3.6
37.5,-104.3,13.2,7.2,0,3.6
37.5,-103.8,13.2,7.2,0,3.6
37.5,-103.3,13.2,7.2,0,3.6
37.5,-102.8,13.2,7.2,0,3.6
37.5,-102.3,13.2,7.2,0,3.6
37.5,-101.8,13.2,7.2,0,3.6
37.5,-101.3,13.2,7.2,0,3.6
37.5,-100.8,13.2,7.2,0,3.6
37.5,-100.3,13.2,7.2,0,3.6
37.5,-99.8,13.2,7.2,0,3.6
37.5,-99.3,13.2,7.2,0,3.6
37.5,-98.8,13.2,7.2,0,3.6
37.5,-98.3,13.2,7.2,0,3.6
37.5,-97.8,13.2,7.2,0,3.6
37.5,-97.3,13.2,7.2,0,3.6
37.5,-96.8,13.2,7.2,0,3.6
37.5,-96.3,13.2,7.2,0,3.6
37.5,-95.8,13.2,7.2,0,3.6
37.5,-95.3,13.2,7.2,0,3.6
37.5,-94.8,13.2,7.2,0,3.6
37.5,-94.3,13.2,7.2,0,3.6
37.5,-93.8,13.2,7.2,0,3.6
37.5,-93.3,13.2,7.2,0,3.6
37.5,-92.8,13.2,7.2,0,3.6
37.5,-92.3,13.2,7.2,0,3.6
37.5,-91.8,13.2,7.2,0,3.6
37.5,-91.3,13.2,7.2,0,3.6
37.5,-90.8,13.2,7.2,0,3.6
37.5,-90.3,13.2,7.2,0,3.6
37.5,-89.8,13.2,7.2,0,3.6
37.5,-89.3,13.2,7.2,0,3.6
37.5,-88.8,13.2,7.2,0,3.6
37.5,-88.3,13.2,7.2,0,3.6
37.5,-87.8,13.2,7.2,0,3.6
37.5,-87.3,13.2,7.2,0,3.6
37.5,-86.8,13.2,7.2,0,3.6
37.5,-86.3,13.2,7.2,0,3.6
37.5,-85.8,13.2,7.2,0,3.6
37.5,-85.3,13.2,7.2,0,3.6
37.5,-84.8,13.2,7.2,0,3.6
37.5,-84.3,13.2,7.2,0,3.6
37.5,-83.8,13.2,7.2,0,3.6
37.5,-83.3,13.2,7.2,0,3.6
37.5,-82.8,13.2,7.2,0,3.6
37.5,-82.3,13.2,7.2,0,3.6
37.5,-81.8,13.2,7.2,0,3.6
37.5,-81.3,13.2,7.2,0,3.6
37.5,-80.8,13.2,7.2,0,3.6
37.5,-80.3,13.2,7.2,0,3.6
37.5,-79.8,13.2,7.2,0,3.6
37.5,-79.3,13.2,7.2,0,3.6
37.5,-78.8,13.2,7.2,0,3.6
37.5,-78.3,13.2,7.2,0,3.6
37.5,-77.8,13.2,7.2,0,3.6
37.5,-77.3,13.2,7.2,0,3.6
37.5,-76.8,13.2,7.2,0,3.6
37.5,-76.3,13.2,7.2,0,3.6
37.5,-75.8,13.2,7.2,0,3.6
37.5,-75.3,13.2,7.2,0,3.6
37.5,-74.8,13.2,7.2,0,3.6
37.5,-74.3,13.2,7.2,0,3.6
37.5,-73.8,13.2,7.2,0,3.6
37.5,-73.3,13.2,7.2,0,3.6
37.5,-72.8,13.2,7.2,0,3.6
37.5,-72.3,13.2,7.2,0,3.6
37.5,-71.8,13.2,7.2,0,3.6
37.5,-71.3,13.2,7.2,0,3.6
37.5,-70.8,13.2,7.2,0,3.6
37.5,-70.3,13.2,7.2,0,3.6
37.5,-69.8,13.2,7.2,0,3.6
37.5,-69.3,13.2,7.2,0,3.6
37.5,-68.8,13.2,7.2,0,3.6
37.5,-68.3,13.2,7.2,0,3.6
37.5,-67.8,13.2,7.2,0,3.6
37.5,-67.3,13.2,7.2,0,3.6
37.5,-66.8,13.2,7.2,0,3.6
38.0,-124.8,12.9,5.4,0,3.6
38.0,-124.3,12.9,5.4,0,3.6
38.0,-123.8,12.9,5.4,0,3.6
38.0,-123.3,12.9,5.4,0,3.6
38.0,-122.8,12.9,5.4,0,3.6
38.0,-122.3,12.9,5.4,0,3.6
38.0,-121.8,12.9,5.4,0,3.6
38.0,-121.3,12.9,5.4,0,3.6
38.0,-120.8,12.9,5.4,0,3.6
38.0,-120.3,12.9,5.4,0,3.6
38.0,-119.8,12.9,5.4,0,3.6
38.0,-119.3,12.9,5.4,0,3.6
38.0,-118.8,12.9,5.4,0,3.6
38.0,-118.3,12.9,5.4,0,3.6
38.0,-117.8,12.9,5.4,0,3.6
38.0,-117.3,12.9,5.4,0,3.6
38.0,-116.8,12.9,5.4,0,3.6
38.0,-116.3,12.9,5.4,0,3.6
38.0,-115.8,12.9,5.4,0,3.6
38.0,-115.3,12.9,5.4,0,3.6
38.0,-114.8,12.9,5.4,0,3.6
38.0,-114.3,12.9,5.4,0,3.6
38.0,-113.8,12.9,5.4,0,3.6
38.0,-113.3,12.9,5.4,0,3.6
38.0,-112.8,12.9,5.4,0,3.6
38.0,-112.3,12.9,5.4,0,3.6
38.0,-111.8,12.9,5.4,0,3.6
38.0,-111.3,12.9,5.4,0,3.6
38.0,-110.8,12.9,5.4,0,3.6
38.0,-110.3,12.9,5.4,0,3.6
38.0,-109.8,12.9,5.4,0,3.6
38.0,-109.3,12.9,5.4,0,3.6
38.0,-108.8,12.9,5.4,0,3.6
38.0,-108.3,12.9,5.4,0,3.6
38.0,-107.8,12.9,5.4,0,3.6
38.0,-107.3,12.9,5.4,0,3.6
38.0,-106.8,12.9,5.4,0,3.6
38.0,-106.3,12.9,5.4,0,3.6
38.0,-105.8,12.9,5.4,0,3.6
38.0,-105.3,12.9,5.4,0,3.6
38.0,-104.8,12.9,5.4,0,3.6
38.0,-104.3,12.9,5.4,0,3.6
38.0,-103.8,12.9,5.4,0,3.6
38.0,-103.3,12.9,5.4,0,3.6
38.0,-102.8,12.9,5.4,0,3.6
38.0,-102.3,12.9,5.4,0,3.6
38.0,-101.8,12.9,5.4,0,3.6
38.0,-101.3,12.9,5.4,0,3.6
38.0,-100.8,12.9,5.4,0,3.6
38.0,-100.3,12.9,5.4,0,3.6
38.0,-99.8,12.9,5.4,0,3.6
38.0,-99.3,12.9,5.4,0,3.6
38.0,-98.8,12.9,5.4,0,3.6
38.0,-98.3,12.9,5.4,0,3.6
38.0,-97.8,12.9,5.4,0,3.6
38.0,-97.3,12.9,5.4,0,3.6
38.0,-96.8,12.9,5.4,0,3.6
38.0,-96.3,12.9,5.4,0,3.6
38.0,-95.8,12.9,5.4,0,3.6
38.0,-95.3,12.9,5.4,0,3.6
38.0,-94.8,12.9,5.4,0,3.6
38.0,-94.3,12.9,5.4,0,3.6
38.0,-93.8,12.9,5.4,0,3.6
38.0,-93.3,12.9,5.4,0,3.6
38.0,-92.8,12.9,5.4,0,3.6
38.0,-92.3,12.9,5.4,0,3.6
38.0,-91.8,12.9,5.4,0,3.6
38.0,-91.3,12.9,5.4,0,3.6
38.0,-90.8,12.9,5.4,0,3.6
38.0,-90.3,12.9,5.4,0,3.6
38.0,-89.8,12.9,5.4,0,3.6
38.0,-89.3,12.9,5.4,0,3.6
38.0,-88.8,12.9,5.4,0,3.6
38.0,-88.3,12.9,5.4,0,3.6
38.0,-87.8,12.9,5.4,0,3.6
38.0,-87.3,12.9,5.4,0,3.6
38.0,-86.8,12.9,5.4,0,3.6
38.0,-86.3,12.9,5.4,0,3.6
38.0,-85.8,12.9,5.4,0,3.6
38.0,-85.3,12.9,5.4,0,3.6
38.0,-84.8,12.9,5.4,0,3.6
38.0,-84.3,12.9,5.4,0,3.6
38.0,-83.8,12.9,5.4,0,3.6
38.0,-83.3,12.9,5.4,0,3.6
38.0,-82.8,12.9,5.4,0,3.6
38.0,-82.3,12.9,5.4,0,3.6
38.0,-81.8,12.9,5.4,0,3.6
38.0,-81.3,12.9,5.4,0,3.6
38.0,-80.8,12.9,5.4,0,3.6
38.0,-80.3,12.9,5.4,0,3.6
38.0,-79.8,12.9,5.4,0,3.6
38.0,-79.3,12.9,5.4,0,3.6
38.0,-78.8,12.9,5.4,0,3.6
38.0,-78.3,12.9,5.4,0,3.6
38.0,-77.8,12.9,5.4,0,3.6
38.0,-77.3,12.9,5.4,0,3.6
38.0,-76.8,12.9,5.4,0,3.6
38.0,-76.3,12.9,5.4,0,3.6
38.0,-75.8,12.9,5.4,0,3.6
38.0,-75.3,12.9,5.4,0,3.6
38.0,-74.8,12.9,5.4,0,3.6
38.0,-74.3,12.9,5.4,0,3.6
38.0,-73.8,12.9,5.4,0,3.6
38.0,-73.3,12.9,5.4,0,3.6
38.0,-72.8,12.9,5.4,0,3.6
38.0,-72.3,12.9,5.4,0,3.6
38.0,-71.8,12.9,5.4,0,3.6
38.0,-71.3,12.9,5.4,0,3.6
38.0,-70.8,12.9,5.4,0,3.6
38.0,-70.3,12.9,5.4,0,3.6
38.0,-69.8,12.9,5.4,0,3.6
38.0,-69.3,12.9,5.4,0,3.6
38.0,-68.8,12.9,5.4,0,3.6
38.0,-68.3,12.9,5.4,0,3.6
38.0,-67.8,12.9,5.4,0,3.6
38.0,-67.3,12.9,5.4,0,3.6
38.0,-66.8,12.9,5.4,0,3.6
38.5,-124.8,12.6,3.6,0,3.6
38.5,-124.3,12.6,3.6,0,3.6
38.5,-123.8,12.6,3.6,0,3.6
38.5,-123.3,12.6,3.6,0,3.6
38.5,-122.8,12.6,3.6,0,3.6
38.5,-122.3,12.6,3.6,0,3.6
38.5,-121.8,12.6,3.6,0,3.6
38.5,-121.3,12.6,3.6,0,3.6
38.5,-120.8,12.6,3.6,0,3.6
38.5,-120.3,12.6,3.6,0,3.6
38.5,-119.8,12.6,3.6,0,3.6
38.5,-119.3,12.6,3.6,0,3.6
38.5,-118.8,12.6,3.6,0,3.6
38.5,-118.3,12.6,3.6,0,3.6
38.5,-117.8,12.6,3.6,0,3.6
38.5,-117.3,12.6,3.6,0,3.6
38.5,-116.8,12.6,3.6,0,3.6
38.5,-116.3,12.6,3.6,0,3.6
38.5,-115.8,12.6,3.6,0,3.6
38.5,-115.3,12.6,3.6,0,3.6
38.5,-114.8,12.6,3.6,0,3.6
38.5,-114.3,12.6,3.6,0,3.6
38.5,-113.8,12.6,3.6,0,3.6
38.5,-113.3,12.6,3.6,0,3.6
38.5,-112.8,12.6,3.6,0,3.6
38.5,-112.3,12.6,3.6,0,3.6
38.5,-111.8,12.6,3.6,0,3.6
38.5,-111.3,12.6,3.6,0,3.6
38.5,-110.8,12.6,3.6,0,3.6
38.5,-110.3,12.6,3.6,0,3.6
38.5,-109.8,12.6,3.6,0,3.6
38.5,-109.3,12.6,3.6,0,3.6
38.5,-108.8,12.6,3.6,0,3.6
38.5,-108.3,12.6,3.6,0,3.6
38.5,-107.8,12.6,3.6,0,3.6
38.5,-107.3,12.6,3.6,0,3.6
38.5,-106.8,12.6,3.6,0,3.6
38.5,-106.3,12.6,3.6,0,3.6
38.5,-105.8,12.6,3.6,0,3.6
38.5,-105.3,12.6,3.6,0,3.6
38.5,-104.8,12.6,3.6,0,3.6
38.5,-104.3,12.6,3.6,0,3.6
38.5,-103.8,12.6,3.6,0,3.6
38.5,-103.3,12.6,3.6,0,3.6
38.5,-102.8,12.6,3.6,0,3.6
38.5,-102.3,12.6,3.6,0,3.6
38.5,-101.8,12.6,3.6,0,3.6
38.5,-101.3,12.6,3.6,0,3.6
38.5,-100.8,12.6,3.6,0,3.6
38.5,-100.3,12.6,3.6,0,3.6
38.5,-99.8,12.6,3.6,0,3.6
38.5,-99.3,12.6,3.6,0,3.6
38.5,-98.8,12.6,3.6,0,3.6
38.5,-98.3,12.6,3.6,0,3.6
38.5,-97.8,12.6,3.6,0,3.6
38.5,-97.3,12.6,3.6,0,3.6
38.5,-96.8,12.6,3.6,0,3.6
38.5,-96.3,12.6,3.6,0,3.6
38.5,-95.8,12.6,3.6,0,3.6
38.5,-95.3,12.6,3.6,0,3.6
38.5,-94.8,12.6,3.6,0,3.6
38.5,-94.3,12.6,3.6,0,3.6
38.5,-93.8,12.6,3.6,0,3.6
38.5,-93.3,12.6,3.6,0,3.6
38.5,-92.8,12.6,3.6,0,3.6
38.5,-92.3,12.6,3.6,0,3.6
38.5,-91.8,12.6,3.6,0,3.6
38.5,-91.3,12.6,3.6,0,3.6
38.5,-90.8,12.6,3.6,0,3.6
38.5,-90.3,12.6,3.6,0,3.6
38.5,-89.8,12.6,3.6,0,3.6
38.5,-89.3,12.6,3.6,0,3.6
38.5,-88.8,12.6,3.6,0,3.6
38.5,-88.3,12.6,3.6,0,3.6
38.5,-87.8,12.6,3.6,0,3.6
38.5,-87.3,12.6,3.6,0,3.6
38.5,-86.8,12.6,3.6,0,3.6
38.5,-86.3,12.6,3.6,0,3.6
38.5,-85.8,12.6,3.6,0,3.6
38.5,-85.3,12.6,3.6,0,3.6
38.5,-84.8,12.6,3.6,0,3.6
38.5,-84.3,12.6,3.6,0,3.6
38.5,-83.8,12.6,3.6,0,3.6
38.5,-83.3,12.6,3.6,0,3.6
38.5,-82.8,12.6,3.6,0,3.6
38.5,-82.3,12.6,3.6,0,3.6
38.5,-81.8,12.6,3.6,0,3.6
38.5,-81.3,12.6,3.6,0,3.6
38.5,-80.8,12.6,3.6,0,3.6
38.5,-80.3,12.6,3.6,0,3.6
38.5,-79.8,12.6,3.6,0,3.6
38.5,-79.3,12.6,3.6,0,3.6
38.5,-78.8,12.6,3.6,0,3.6
38.5,-78.3,12.6,3.6,0,3.6
38.5,-77.8,12.6,3.6,0,3.6
38.5,-77.3,12.6,3.6,0,3.6
38.5,-76.8,12.6,3.6,0,3.6
38.5,-76.3,12.6,3.6,0,3.6
38.5,-75.8,12.6,3.6,0,3.6
38.5,-75.3,12.6,3.6,0,3.6
38.5,-74.8,12.6,3.6,0,3.6
38.5,-74.3,12.6,3.6,0,3.6
38.5,-73.8,12.6,3.6,0,3.6
38.5,-73.3,12.6,3.6,0,3.6
38.5,-72.8,12.6,3.6,0,3.6
38.5,-72.3,12.6,3.6,0,3.6
38.5,-71.8,12.6,3.6,0,3.6
38.5,-71.3,12.6,3.6,0,3.6
38.5,-70.8,12.6,3.6,0,3.6
38.5,-70.3,12.6,3.6,0,3.6
38.5,-69.8,12.6,3.6,0,3.6
38.5,-69.3,12.6,3.6,0,3.6
38.5,-68.8,12.6,3.6,0,3.6
38.5,-68.3,12.6,3.6,0,3.6
38.5,-67.8,12.6,3.6,0,3.6
38.5,-67.3,12.6,3.6,0,3.6
38.5,-66.8,12.6,3.6,0,3.6
39.0,-124.8,12.3,1.8,0,3.6
39.0,-124.3,12.3,1.8,0,3.6
39.0,-123.8,12.3,1.8,0,3.6
39.0,-123.3,12.3,1.8,0,3.6
39.0,-122.8,12.3,1.8,0,3.6
39.0,-122.3,12.3,1.8,0,3.6
39.0,-121.8,12.3,1.8,0,3.6
39.0,-121.3,12.3,1.8,0,3.6
39.0,-120.8,12.3,1.8,0,3.6
39.0,-120.3,12.3,1.8,0,3.6
39.0,-119.8,12.3,1.8,0,3.6
39.0,-119.3,12.3,1.8,0,3.6
39.0,-118.8,12.3,1.8,0,3.6
39.0,-118.3,12.3,1.8,0,3.6
39.0,-117.8,12.3,1.8,0,3.6
39.0,-117.3,12.3,1.8,0,3.6
39.0,-116.8,12.3,1.8,0,3.6
39.0,-116.3,12.3,1.8,0,3.6
39.0,-115.8,12.3,1.8,0,3.6
39.0,-115.3,12.3,1.8,0,3.6
39.0,-114.8,12.3,1.8,0,3.6
39.0,-114.3,12.3,1.8,0,3.6
39.0,-113.8,12.3,1.8,0,3.6
39.0,-113.3,12.3,1.8,0,3.6
39.0,-112.8,12.3,1.8,0,3.6
39.0,-112.3,12.3,1.8,0,3.6
39.0,-111.8,12.3,1.8,0,3.6
39.0,-111.3,12.3,1.8,0,3.6
39.0,-110.8,12.3,1.8,0,3.6
39.0,-110.3,12.3,1.8,0,3.6
39.0,-109.8,12.3,1.8,0,3.6
39.0,-109.3,12.3,1.8,0,3.6
39.0,-108.8,12.3,1.8,0,3.6
39.0,-108.3,12.3,1.8,0,3.6
39.0,-107.8,12.3,1.8,0,3.6
39.0,-107.3,12.3,1.8,0,3.6
39.0,-106.8,12.3,1.8,0,3.6
39.0,-106.3,12.3,1.8,0,3.6
39.0,-105.8,12.3,1.8,0,3.6
39.0,-105.3,12.3,1.8,0,3.6
39.0,-104.8,12.3,1.8,0,3.6
39.0,-104.3,12.3,1.8,0,3.6
39.0,-103.8,12.3,1.8,0,3.6
39.0,-103.3,12.3,1.8,0,3.6
39.0,-102.8,12.3,1.8,0,3.6
39.0,-102.3,12.3,1.8,0,3.6
39.0,-101.8,12.3,1.8,0,3.6
39.0,-101.3,12.3,1.8,0,3.6
39.0,-100.8,12.3,1.8,0,3.6
39.0,-100.3,12.3,1.8,0,3.6
39.0,-99.8,12.3,1.8,0,3.6
39.0,-99.3,12.3,1.8,0,3.6
39.0,-98.8,12.3,1.8,0,3.6
39.0,-98.3,12.3,1.8,0,3.6
39.0,-97.8,12.3,1.8,0,3.6
39.0,-97.3,12.3,1.8,0,3.6
39.0,-96.8,12.3,1.8,0,3.6
39.0,-96.3,12.3,1.8,0,3.6
39.0,-95.8,12.3,1.8,0,3.6
39.0,-95.3,12.3,1.8,0,3.6
39.0,-94.8,12.3,1.8,0,3.6
39.0,-94.3,12.3,1.8,0,3.6
39.0,-93.8,12.3,1.8,0,3.6
39.0,-93.3,12.3,1.8,0,3.6
39.0,-92.8,12.3,1.8,0,3.6
39.0,-92.3,12.3,1.8,0,3.6
39.0,-91.8,12.3,1.8,0,3.6
39.0,-91.3,12.3,1.8,0,3.6
39.0,-90.8,12.3,1.8,0,3.6
39.0,-90.3,12.3,1.8,0,3.6
39.0,-89.8,12.3,1.8,0,3.6
39.0,-89.3,12.3,1.8,0,3.6
39.0,-88.8,12.3,1.8,0,3.6
39.0,-88.3,12.3,1.8,0,3.6
39.0,-87.8,12.3,1.8,0,3.6
39.0,-87.3,12.3,1.8,0,3.6
39.0,-86.8,12.3,1.8,0,3.6
39.0,-86.3,12.3,1.8,0,3.6
39.0,-85.8,12.3,1.8,0,3.6
39.0,-85.3,12.3,1.8,0,3.6
39.0,-84.8,12.3,1.8,0,3.6
39.0,-84.3,12.3,1.8,0,3.6
39.0,-83.8,12.3,1.8,0,3.6
39.0,-83.3,12.3,1.8,0,3.6
39.0,-82.8,12.3,1.8,0,3.6
39.0,-82.3,12.3,1.8,0,3.6
39.0,-81.8,12.3,1.8,0,3.6
39.0,-81.3,12.3,1.8,0,3.6
39.0,-80.8,12.3,1.8,0,3.6
39.0,-80.3,12.3,1.8,0,3.6
39.0,-79.8,12.3,1.8,0,3.6
39.0,-79.3,12.3,1.8,0,3.6
39.0,-78.8,12.3,1.8,0,3.6
39.0,-78.3,12.3,1.8,0,3.6
39.0,-77.8,12.3,1.8,0,3.6
39.0,-77.3,12.3,1.8,0,3.6
39.0,-76.8,12.3,1.8,0,3.6
39.0,-76.3,12.3,1.8,0,3.6
39.0,-75.8,12.3,1.8,0,3.6
39.0,-75.3,12.3,1.8,0,3.6
39.0,-74.8,12.3,1.8,0,3.6
39.0,-74.3,12.3,1.8,0,3.6
39.0,-73.8,12.3,1.8,0,3.6
39.0,-73.3,12.3,1.8,0,3.6
39.0,-72.8,12.3,1.8,0,3.6
39.0,-72.3,12.3,1.8,0,3.6
39.0,-71.8,12.3,1.8,0,3.6
39.0,-71.3,12.3,1.8,0,3.6
39.0,-70.8,12.3,1.8,0,3.6
39.0,-70.3,12.3,1.8,0,3.6
39.0,-69.8,12.3,1.8,0,3.6
39.0,-69.3,12.3,1.8,0,3.6
39.0,-68.8,12.3,1.8,0,3.6
39.0,-68.3,12.3,1.8,0,3.6
39.0,-67.8,12.3,1.8,0,3.6
39.0,-67.3,12.3,1.8,0,3.6
39.0,-66.8,12.3,1.8,0,3.6
39.5,-124.8,12.0,0,0,3.6
39.5,-124.3,12.0,0,0,3.6
39.5,-123.8,12.0,0,0,3.6
39.5,-123.3,12.0,0,0,3.6
39.5,-122.8,12.0,0,0,3.6
39.5,-122.3,12.0,0,0,3.6
39.5,-121.8,12.0,0,0,3.6
39.5,-121.3,12.0,0,0,3.6
39.5,-120.8,12.0,0,0,3.6
39.5,-120.3,12.0,0,0,3.6
39.5,-119.8,12.0,0,0,3.6
39.5,-119.3,12.0,0,0,3.6
39.5,-118.8,12.0,0,0,3.6
39.5,-118.3,12.0,0,0,3.6
39.5,-117.8,12.0,0,0,3.6
39.5,-117.3,12.0,0,0,3.6
39.5,-116.8,12.0,0,0,3.6
39.5,-116.3,12.0,0,0,3.6
39.5,-115.8,12.0,0,0,3.6
39.5,-115.3,12.0,0,0,3.6
39.5,-114.8,12.0,0,0,3.6
39.5,-114.3,12.0,0,0,3.6
39.5,-113.8,12.0,0,0,3.6
39.5,-113.3,12.0,0,0,3.6
39.5,-112.8,12.0,0,0,3.6
39.5,-112.3,12.0,0,0,3.6
39.5,-111.8,12.0,0,0,3.6
39.5,-111.3,12.0,0,0,3.6
39.5,-110.8,12.0,0,0,3.6
39.5,-110.3,12.0,0,0,3.6
39.5,-109.8,12.0,0,0,3.6
39.5,-109.3,12.0,0,0,3.6
39.5,-108.8,12.0,0,0,3.6
39.5,-108.3,12.0,0,0,3.6
39.5,-107.8,12.0,0,0,3.6
39.5,-107.3,12.0,0,0,3.6
39.5,-106.8,12.0,0,0,3.6
39.5,-106.3,12.0,0,0,3.6
39.5,-105.8,12.0,0,0,3.6
39.5,-105.3,12.0,0,0,3.6
39.5,-104.8,12.0,0,0,3.6
39.5,-104.3,12.0,0,0,3.6
39.5,-103.8,12.0,0,0,3.6
39.5,-103.3,12.0,0,0,3.6
39.5,-102.8,12.0,0,0,3.6
39.5,-102.3,12.0,0,0,3.6
39.5,-101.8,12.0,0,0,3.6
39.5,-101.3,12.0,0,0,3.6
39.5,-100.8,12.0,0,0,3.6
39.5,-100.3,12.0,0,0,3.6
39.5,-99.8,12.0,0,0,3.6
39.5,-99.3,12.0,0,0,3.6
39.5,-98.8,12.0,0,0,3.6
39.5,-98.3,12.0,0,0,3.6
39.5,-97.8,12.0,0,0,3.6
39.5,-97.3,12.0,0,0,3.6
39.5,-96.8,12.0,0,0,3.6
39.5,-96.3,12.0,0,0,3.6
39.5,-95.8,12.0,0,0,3.6
39.5,-95.3,12.0,0,0,3.6
39.5,-94.8,12.0,0,0,3.6
39.5,-94.3,12.0,0,0,3.6
39.5,-93.8,12.0,0,0,3.6
39.5,-93.3,12.0,0,0,3.6
39.5,-92.8,12.0,0,0,3.6
39.5,-92.3,12.0,0,0,3.6
39.5,-91.8,12.0,0,0,3.6
39.5,-91.3,12.0,0,0,3.6
39.5,-90.8,12.0,0,0,3.6
39.5,-90.3,12.0,0,0,3.6
39.5,-89.8,12.0,0,0,3.6
39.5,-89.3,12.0,0,0,3.6
39.5,-88.8,12.0,0,0,3.6
39.5,-88.3,12.0,0,0,3.6
39.5,-87.8,12.0,0,0,3.6
39.5,-87.3,12.0,0,0,3.6
39.5,-86.8,12.0,0,0,3.6
39.5,-86.3,12.0,0,0,3.6
39.5,-85.8,12.0,0,0,3.6
39.5,-85.3,12.0,0,0,3.6
39.5,-84.8,12.0,0,0,3.6
39.5,-84.3,12.0,0,0,3.6
39.5,-83.8,12.0,0,0,3.6
39.5,-83.3,12.0,0,0,3.6
39.5,-82.8,12.0,0,0,3.6
39.5,-82.3,12.0,0,0,3.6
39.5,-81.8,12.0,0,0,3.6
39.5,-81.3,12.0,0,0,3.6
39.5,-80.8,12.0,0,0,3.6
39.5,-80.3,12.0,0,0,3.6
39.5,-79.8,12.0,0,0,3.6
39.5,-79.3,12.0,0,0,3.6
39.5,-78.8,12.0,0,0,3.6
39.5,-78.3,12.0,0,0,3.6
39.5,-77.8,12.0,0,0,3.6
39.5,-77.3,12.0,0,0,3.6
39.5,-76.8,12.0,0,0,3.6
39.5,-76.3,12.0,0,0,3.6
39.5,-75.8,12.0,0,0,3.6
39.5,-75.3,12.0,0,0,3.6
39.5,-74.8,12.0,0,0,3.6
39.5,-74.3,12.0,0,0,3.6
39.5,-73.8,12.0,0,0,3.6
39.5,-73.3,12.0,0,0,3.6
39.5,-72.8,12.0,0,0,3.6
39.5,-72.3,12.0,0,0,3.6
39.5,-71.8,12.0,0,0,3.6
39.5,-71.3,12.0,0,0,3.6
39.5,-70.8,12.0,0,0,3.6
39.5,-70.3,12.0,0,0,3.6
39.5,-69.8,12.0,0,0,3.6
39.5,-69.3,12.0,0,0,3.6
39.5,-68.8,12.0,0,0,3.6
39.5,-68.3,12.0,0,0,3.6
39.5,-67.8,12.0,0,0,3.6
39.5,-67.3,12.0,0,0,3.6
39.5,-66.8,12.0,0,0,3.6
40.0,-124.8,11.7,0,0,3.6
40.0,-124.3,11.7,0,0,3.6
40.0,-123.8,11.7,0,0,3.6
40.0,-123.3,11.7,0,0,3.6
40.0,-122.8,11.7,0,0,3.6
40.0,-122.3,11.7,0,0,3.6
40.0,-121.8,11.7,0,0,3.6
40.0,-121.3,11.7,0,0,3.6
40.0,-120.8,11.7,0,0,3.6
40.0,-120.3,11.7,0,0,3.6
40.0,-119.8,11.7,0,0,3.6
40.0,-119.3,11.7,0,0,3.6
40.0,-118.8,11.7,0,0,3.6
40.0,-118.3,11.7,0,0,3.6
40.0,-117.8,11.7,0,0,3.6
40.0,-117.3,11.7,0,0,3.6
40.0,-116.8,11.7,0,0,3.6
40.0,-116.3,11.7,0,0,3.6
40.0,-115.8,11.7,0,0,3.6
40.0,-115.3,11.7,0,0,3.6
40.0,-114.8,11.7,0,0,3.6
40.0,-114.3,11.7,0,0,3.6
40.0,-113.8,11.7,0,0,3.6
40.0,-113.3,11.7,0,0,3.6
40.0,-112.8,11.7,0,0,3.6
40.0,-112.3,11.7,0,0,3.6
40.0,-111.8,11.7,0,0,3.6
40.0,-111.3,11.7,0,0,3.6
40.0,-110.8,11.7,0,0,3.6
40.0,-110.3,11.7,0,0,3.6
40.0,-109.8,11.7,0,0,3.6
40.0,-109.3,11.7,0,0,3.6
40.0,-108.8,11.7,0,0,3.6
40.0,-108.3,11.7,0,0,3.6
40.0,-107.8,11.7,0,0,3.6
40.0,-107.3,11.7,0,0,3.6
40.0,-106.8,11.7,0,0,3.6
40.0,-106.3,11.7,0,0,3.6
40.0,-105.8,11.7,0,0,3.6
40.0,-105.3,11.7,0,0,3.6
40.0,-104.8,11.7,0,0,3.6
40.0,-104.3,11.7,0,0,3.6
40.0,-103.8,11.7,0,0,3.6
40.0,-103.3,11.7,0,0,3.6
40.0,-102.8,11.7,0,0,3.6
40.0,-102.3,11.7,0,0,3.6
40.0,-101.8,11.7,0,0,3.6
40.0,-101.3,11.7,0,0,3.6
40.0,-100.8,11.7,0,0,3.6
40.0,-100.3,11.7,0,0,3.6
40.0,-99.8,11.7,0,0,3.6
40.0,-99.3,11.7,0,0,3.6
40.0,-98.8,11.7,0,0,3.6
40.0,-98.3,11.7,0,0,3.6
40.0,-97.8,11.7,0,0,3.6
40.0,-97.3,11.7,0,0,3.6
40.0,-96.8,11.7,0,0,3.6
40.0,-96.3,11.7,0,0,3.6
40.0,-95.8,11.7,0,0,3.6
40.0,-95.3,11.7,0,0,3.6
40.0,-94.8,11.7,0,0,3.6
40.0,-94.3,11.7,0,0,3.6
40.0,-93.8,11.7,0,0,3.6
40.0,-93.3,11.7,0,0,3.6
40.0,-92.8,11.7,0,0,3.6
40.0,-92.3,11.7,0,0,3.6
40.0,-91.8,11.7,0,0,3.6
40.0,-91.3,11.7,0,0,3.6
40.0,-90.8,11.7,0,0,3.6
40.0,-90.3,11.7,0,0,3.6
40.0,-89.8,11.7,0,0,3.6
40.0,-89.3,11.7,0,0,3.6
40.0,-88.8,11.7,0,0,3.6
40.0,-88.3,11.7,0,0,3.6
40.0,-87.8,11.7,0,0,3.6
40.0,-87.3,11.7,0,0,3.6
40.0,-86.8,11.7,0,0,3.6
40.0,-86.3,11.7,0,0,3.6
40.0,-85.8,11.7,0,0,3.6
40.0,-85.3,11.7,0,0,3.6
40.0,-84.8,11.7,0,0,3.6
40.0,-84.3,11.7,0,0,3.6
40.0,-83.8,11.7,0,0,3.6
40.0,-83.3,11.7,0,0,3.6
40.0,-82.8,11.7,0,0,3.6
40.0,-82.3,11.7,0,0,3.6
40.0,-81.8,11.7,0,0,3.6
40.0,-81.3,11.7,0,0,3.6
40.0,-80.8,11.7,0,0,3.6
40.0,-80.3,11.7,0,0,3.6
40.0,-79.8,11.7,0,0,3.6
40.0,-79.3,11.7,0,0,3.6
40.0,-78.8,11.7,0,0,3.6
40.0,-78.3,11.7,0,0,3.6
40.0,-77.8,11.7,0,0,3.6
40.0,-77.3,11.7,0,0,3.6
40.0,-76.8,11.7,0,0,3.6
40.0,-76.3,11.7,0,0,3.6
40.0,-75.8,11.7,0,0,3.6
40.0,-75.3,11.7,0,0,3.6
40.0,-74.8,11.7,0,0,3.6
40.0,-74.3,11.7,0,0,3.6
40.0,-73.8,11.7,0,0,3.6
40.0,-73.3,11.7,0,0,3.6
40.0,-72.8,11.7,0,0,3.6
40.0,-72.3,11.7,0,0,3.6
40.0,-71.8,11.7,0,0,3.6
40.0,-71.3,11.7,0,0,3.6
40.0,-70.8,11.7,0,0,3.6
40.0,-70.3,11.7,0,0,3.6
40.0,-69.8,11.7,0,0,3.6
40.0,-69.3,11.7,0,0,3.6
40.0,-68.8,11.7,0,0,3.6
40.0,-68.3,11.7,0,0,3.6
40.0,-67.8,11.7,0,0,3.6
40.0,-67.3,11.7,0,0,3.6
40.0,-66.8,11.7,0,0,3.6
40.5,-124.8,11.4,0,0,3.6
40.5,-124.3,11.4,0,0,3.6
40.5,-123.8,11.4,0,0,3.6
40.5,-123.3,11.4,0,0,3.6
40.5,-122.8,11.4,0,0,3.6
40.5,-122.3,11.4,0,0,3.6
40.5,-121.8,11.4,0,0,3.6
40.5,-121.3,11.4,0,0,3.6
40.5,-120.8,11.4,0,0,3.6
40.5,-120.3,11.4,0,0,3.6
40.5,-119.8,11.4,0,0,3.6
40.5,-119.3,11.4,0,0,3.6
40.5,-118.8,11.4,0,0,3.6
40.5,-118.3,11.4,0,0,3.6
40.5,-117.8,11.4,0,0,3.6
40.5,-117.3,11.4,0,0,3.6
40.5,-116.8,11.4,0,0,3.6
40.5,-116.3,11.4,0,0,3.6
40.5,-115.8,11.4,0,0,3.6
40.5,-115.3,11.4,0,0,3.6
40.5,-114.8,11.4,0,0,3.6
40.5,-114.3,11.4,0,0,3.6
40.5,-113.8,11.4,0,0,3.6
40.5,-113.3,11.4,0,0,3.6
40.5,-112.8,11.4,0,0,3.6
40.5,-112.3,11.4,0,0,3.6
40.5,-111.8,11.4,0,0,3.6
40.5,-111.3,11.4,0,0,3.6
40.5,-110.8,11.4,0,0,3.6
40.5,-110.3,11.4,0,0,3.6
40.5,-109.8,11.4,0,0,3.6
40.5,-109.3,11.4,0,0,3.6
40.5,-108.8,11.4,0,0,3.6
40.5,-108.3,11.4,0,0,3.6
40.5,-107.8,11.4,0,0,3.6
40.5,-107.3,11.4,0,0,3.6
40.5,-106.8,11.4,0,0,3.6
40.5,-106.3,11.4,0,0,3.6
40.5,-105.8,11.4,0,0,3.6
40.5,-105.3,11.4,0,0,3.6
40.5,-104.8,11.4,0,0,3.6
40.5,-104.3,11.4,0,0,3.6
40.5,-103.8,11.4,0,0,3.6
40.5,-103.3,11.4,0,0,3.6
40.5,-102.8,11.4,0,0,3.6
40.5,-102.3,11.4,0,0,3.6
40.5,-101.8,11.4,0,0,3.6
40.5,-101.3,11.4,0,0,3.6
40.5,-100.8,11.4,0,0,3.6
40.5,-100.3,11.4,0,0,3.6
40.5,-99.8,11.4,0,0,3.6
40.5,-99.3,11.4,0,0,3.6
40.5,-98.8,11.4,0,0,3.6
40.5,-98.3,11.4,0,0,3.6
40.5,-97.8,11.4,0,0,3.6
40.5,-97.3,11.4,0,0,3.6
40.5,-96.8,11.4,0,0,3.6
40.5,-96.3,11.4,0,0,3.6
40.5,-95.8,11.4,0,0,3.6
40.5,-95.3,11.4,0,0,3.6
40.5,-94.8,11.4,0,0,3.6
40.5,-94.3,11.4,0,0,3.6
40.5,-93.8,11.4,0,0,3.6
40.5,-93.3,11.4,0,0,3.6
40.5,-92.8,11.4,0,0,3.6
40.5,-92.3,11.4,0,0,3.6
40.5,-91.8,11.4,0,0,3.6
40.5,-91.3,11.4,0,0,3.6
40.5,-90.8,11.4,0,0,3.6
40.5,-90.3,11.4,0,0,3.6
40.5,-89.8,11.4,0,0,3.6
40.5,-89.3,11.4,0,0,3.6
40.5,-88.8,11.4,0,0,3.6
40.5,-88.3,11.4,0,0,3.6
40.5,-87.8,11.4,0,0,3.6
40.5,-87.3,11.4,0,0,3.6
40.5,-86.8,11.4,0,0,3.6
40.5,-86.3,11.4,0,0,3.6
40.5,-85.8,11.4,0,0,3.6
40.5,-85.3,11.4,0,0,3.6
40.5,-84.8,11.4,0,0,3.6
40.5,-84.3,11.4,0,0,3.6
40.5,-83.8,11.4,0,0,3.6
40.5,-83.3,11.4,0,0,3.6
40.5,-82.8,11.4,0,0,3.6
40.5,-82.3,11.4,0,0,3.6
40.5,-81.8,11.4,0,0,3.6
40.5,-81.3,11.4,0,0,3.6
40.5,-80.8,11.4,0,0,3.6
40.5,-80.3,11.4,0,0,3.6
40.5,-79.8,11.4,0,0,3.6
40.5,-79.3,11.4,0,0,3.6
40.5,-78.8,11.4,0,0,3.6
40.5,-78.3,11.4,0,0,3.6
40.5,-77.8,11.4,0,0,3.6
40.5,-77.3,11.4,0,0,3.6
40.5,-76.8,11.4,0,0,3.6
40.5,-76.3,11.4,0,0,3.6
40.5,-75.8,11.4,0,0,3.6
40.5,-75.3,11.4,0,0,3.6
40.5,-74.8,11.4,0,0,3.6
40.5,-74.3,11.4,0,0,3.6
40.5,-73.8,11.4,0,0,3.6
40.5,-73.3,11.4,0,0,3.6
40.5,-72.8,11.4,0,0,3.6
40.5,-72.3,11.4,0,0,3.6
40.5,-71.8,11.4,0,0,3.6
40.5,-71.3,11.4,0,0,3.6
40.5,-70.8,11.4,0,0,3.6
40.5,-70.3,11.4,0,0,3.6
40.5,-69.8,11.4,0,0,3.6
40.5,-69.3,11.4,0,0,3.6
40.5,-68.8,11.4,0,0,3.6
40.5,-68.3,11.4,0,0,3.6
40.5,-67.8,11.4,0,0,3.6
40.5,-67.3,11.4,0,0,3.6
40.5,-66.8,11.4,0,0,3.6
41.0,-124.8,11.1,0,0,3.6
41.0,-124.3,11.1,0,0,3.6
41.0,-123.8,11.1,0,0,3.6
41.0,-123.3,11.1,0,0,3.6
41.0,-122.8,11.1,0,0,3.6
41.0,-122.3,11.1,0,0,3.6
41.0,-121.8,11.1,0,0,3.6
41.0,-121.3,11.1,0,0,3.6
41.0,-120.8,11.1,0,0,3.6
41.0,-120.3,11.1,0,0,3.6
41.0,-119.8,11.1,0,0,3.6
41.0,-119.3,11.1,0,0,3.6
41.0,-118.8,11.1,0,0,3.6
41.0,-118.3,11.1,0,0,3.6
41.0,-117.8,11.1,0,0,3.6
41.0,-117.3,11.1,0,0,3.6
41.0,-116.8,11.1,0,0,3.6
41.0,-116.3,11.1,0,0,3.6
41.0,-115.8,11.1,0,0,3.6
41.0,-115.3,11.1,0,0,3.6
41.0,-114.8,11.1,0,0,3.6
41.0,-114.3,11.1,0,0,3.6
41.0,-113.8,11.1,0,0,3.6
41.0,-113.3,11.1,0,0,3.6
41.0,-112.8,11.1,0,0,3.6
41.0,-112.3,11.1,0,0,3.6
41.0,-111.8,11.1,0,0,3.6
41.0,-111.3,11.1,0,0,3.6
41.0,-110.8,11.1,0,0,3.6
41.0,-110.3,11.1,0,0,3.6
41.0,-109.8,11.1,0,0,3.6
41.0,-109.3,11.1,0,0,3.6
41.0,-108.8,11.1,0,0,3.6
41.0,-108.3,11.1,0,0,3.6
41.0,-107.8,11.1,0,0,3.6
41.0,-107.3,11.1,0,0,3.6
41.0,-106.8,11.1,0,0,3.6
41.0,-106.3,11.1,0,0,3.6
41.0,-105.8,11.1,0,0,3.6
41.0,-105.3,11.1,0,0,3.6
41.0,-104.8,11.1,0,0,3.6
41.0,-104.3,11.1,0,0,3.6
41.0,-103.8,11.1,0,0,3.6
41.0,-103.3,11.1,0,0,3.6
41.0,-102.8,11.1,0,0,3.6
41.0,-102.3,11.1,0,0,3.6
41.0,-101.8,11.1,0,0,3.6
41.0,-101.3,11.1,0,0,3.6
41.0,-100.8,11.1,0,0,3.6
41.0,-100.3,11.1,0,0,3.6
41.0,-99.8,11.1,0,0,3.6
41.0,-99.3,11.1,0,0,3.6
41.0,-98.8,11.1,0,0,3.6
41.0,-98.3,11.1,0,0,3.6
41.0,-97.8,11.1,0,0,3.6
41.0,-97.3,11.1,0,0,3.6
41.0,-96.8,11.1,0,0,3.6
41.0,-96.3,11.1,0,0,3.6
41.0,-95.8,11.1,0,0,3.6
41.0,-95.3,11.1,0,0,3.6
41.0,-94.8,11.1,0,0,3.6
41.0,-94.3,11.1,0,0,3.6
41.0,-93.8,11.1,0,0,3.6
41.0,-93.3,11.1,0,0,3.6
41.0,-92.8,11.1,0,0,3.6
41.0,-92.3,11.1,0,0,3.6
41.0,-91.8,11.1,0,0,3.6
41.0,-91.3,11.1,0,0,3.6
41.0,-90.8,11.1,0,0,3.6
41.0,-90.3,11.1,0,0,3.6
41.0,-89.8,11.1,0,0,3.6
41.0,-89.3,11.1,0,0,3.6
41.0,-88.8,11.1,0,0,3.6
41.0,-88.3,11.1,0,0,3.6
41.0,-87.8,11.1,0,0,3.6
41.0,-87.3,11.1,0,0,3.6
41.0,-86.8,11.1,0,0,3.6
41.0,-86.3,11.1,0,0,3.6
41.0,-85.8,11.1,0,0,3.6
41.0,-85.3,11.1,0,0,3.6
41.0,-84.8,11.1,0,0,3.6
41.0,-84.3,11.1,0,0,3.6
41.0,-83.8,11.1,0,0,3.6
41.0,-83.3,11.1,0,0,3.6
41.0,-82.8,11.1,0,0,3.6
41.0,-82.3,11.1,0,0,3.6
41.0,-81.8,11.1,0,0,3.6
41.0,-81.3,11.1,0,0,3.6
41.0,-80.8,11.1,0,0,3.6
41.0,-80.3,11.1,0,0,3.6
41.0,-79.8,11.1,0,0,3.6
41.0,-79.3,11.1,0,0,3.6
41.0,-78.8,11.1,0,0,3.6
41.0,-78.3,11.1,0,0,3.6
41.0,-77.8,11.1,0,0,3.6
41.0,-77.3,11.1,0,0,3.6
41.0,-76.8,11.1,0,0,3.6
41.0,-76.3,11.1,0,0,3.6
41.0,-75.8,11.1,0,0,3.6
41.0,-75.3,11.1,0,0,3.6
41.0,-74.8,11.1,0,0,3.6
41.0,-74.3,11.1,0,0,3.6
41.0,-73.8,11.1,0,0,3.6
41.0,-73.3,11.1,0,0,3.6
41.0,-72.8,11.1,0,0,3.6
41.0,-72.3,11.1,0,0,3.6
41.0,-71.8,11.1,0,0,3.6
41.0,-71.3,11.1,0,0,3.6
41.0,-70.8,11.1,0,0,3.6
41.0,-70.3,11.1,0,0,3.6
41.0,-69.8,11.1,0,0,3.6
41.0,-69.3,11.1,0,0,3.6
41.0,-68.8,11.1,0,0,3.6
41.0,-68.3,11.1,0,0,3.6
41.0,-67.8,11.1,0,0,3.6
41.0,-67.3,11.1,0,0,3.6
41.0,-66.8,11.1,0,0,3.6
41.5,-124.8,10.8,0,0,3.6
41.5,-124.3,10.8,0,0,3.6
41.5,-123.8,10.8,0,0,3.6
41.5,-123.3,10.8,0,0,3.6
41.5,-122.8,10.8,0,0,3.6
41.5,-122.3,10.8,0,0,3.6
41.5,-121.8,10.8,0,0,3.6
41.5,-121.3,10.8,0,0,3.6
41.5,-120.8,10.8,0,0,3.6
41.5,-120.3,10.8,0,0,3.6
41.5,-119.8,10.8,0,0,3.6
41.5,-119.3,10.8,0,0,3.6
41.5,-118.8,10.8,0,0,3.6
41.5,-118.3,10.8,0,0,3.6
41.5,-117.8,10.8,0,0,3.6
41.5,-117.3,10.8,0,0,3.6
41.5,-116.8,10.8,0,0,3.6
41.5,-116.3,10.8,0,0,3.6
41.5,-115.8,10.8,0,0,3.6
41.5,-115.3,10.8,0,0,3.6
41.5,-114.8,10.8,0,0,3.6
41.5,-114.3,10.8,0,0,3.6
41.5,-113.8,10.8,0,0,3.6
41.5,-113.3,10.8,0,0,3.6
41.5,-112.8,10.8,0,0,3.6
41.5,-112.3,10.8,0,0,3.6
41.5,-111.8,10.8,0,0,3.6
41.5,-111.3,10.8,0,0,3.6
41.5,-110.8,10.8,0,0,3.6
41.5,-110.3,10.8,0,0,3.6
41.5,-109.8,10.8,0,0,3.6
41.5,-109.3,10.8,0,0,3.6
41.5,-108.8,10.8,0,0,3.6
41.5,-108.3,10.8,0,0,3.6
41.5,-107.8,10.8,0,0,3.6
41.5,-107.3,10.8,0,0,3.6
41.5,-106.8,10.8,0,0,3.6
41.5,-106.3,10.8,0,0,3.6
41.5,-105.8,10.8,0,0,3.6
41.5,-105.3,10.8,0,0,3.6
41.5,-104.8,10.8,0,0,3.6
41.5,-104.3,10.8,0,0,3.6
41.5,-103.8,10.8,0,0,3.6
41.5,-103.3,10.8,0,0,3.6
41.5,-102.8,10.8,0,0,3.6
41.5,-102.3,10.8,0,0,3.6
41.5,-101.8,10.8,0,0,3.6
41.5,-101.3,10.8,0,0,3.6
41.5,-100.8,10.8,0,0,3.6
41.5,-100.3,10.8,0,0,3.6
41.5,-99.8,10.8,0,0,3.6
41.5,-99.3,10.8,0,0,3.6
41.5,-98.8,10.8,0,0,3.6
41.5,-98.3,10.8,0,0,3.6
41.5,-97.8,10.8,0,0,3.6
41.5,-97.3,10.8,0,0,3.6
41.5,-96.8,10.8,0,0,3.6
41.5,-96.3,10.8,0,0,3.6
41.5,-95.8,10.8,0,0,3.6
41.5,-95.3,10.8,0,0,3.6
41.5,-94.8,10.8,0,0,3.6
41.5,-94.3,10.8,0,0,3.6
41.5,-93.8,10.8,0,0,3.6
41.5,-93.3,10.8,0,0,3.6
41.5,-92.8,10.8,0,0,3.6
41.5,-92.3,10.8,0,0,3.6
41.5,-91.8,10.8,0,0,3.6
41.5,-91.3,10.8,0,0,3.6
41.5,-90.8,10.8,0,0,3.6
41.5,-90.3,10.8,0,0,3.6
41.5,-89.8,10.8,0,0,3.6
41.5,-89.3,10.8,0,0,3.6
41.5,-88.8,10.8,0,0,3.6
41.5,-88.3,10.8,0,0,3.6
41.5,-87.8,10.8,0,0,3.6
41.5,-87.3,10.8,0,0,3.6
41.5,-86.8,10.8,0,0,3.6
41.5,-86.3,10.8,0,0,3.6
41.5,-85.8,10.8,0,0,3.6
41.5,-85.3,10.8,0,0,3.6
41.5,-84.8,10.8,0,0,3.6
41.5,-84.3,10.8,0,0,3.6
41.5,-83.8,10.8,0,0,3.6
41.5,-83.3,10.8,0,0,3.6
41.5,-82.8,10.8,0,0,3.6
41.5,-82.3,10.8,0,0,3.6
41.5,-81.8,10.8,0,0,3.6
41.5,-81.3,10.8,0,0,3.6
41.5,-80.8,10.8,0,0,3.6
41.5,-80.3,10.8,0,0,3.6
41.5,-79.8,10.8,0,0,3.6
41.5,-79.3,10.8,0,0,3.6
41.5,-78.8,10.8,0,0,3.6
41.5,-78.3,10.8,0,0,3.6
41.5,-77.8,10.8,0,0,3.6
41.5,-77.3,10.8,0,0,3.6
41.5,-76.8,10.8,0,0,3.6
41.5,-76.3,10.8,0,0,3.6
41.5,-75.8,10.8,0,0,3.6
41.5,-75.3,10.8,0,0,3.6
41.5,-74.8,10.8,0,0,3.6
41.5,-74.3,10.8,0,0,3.6
41.5,-73.8,10.8,0,0,3.6
41.5,-73.3,10.8,0,0,3.6
41.5,-72.8,10.8,0,0,3.6
41.5,-72.3,10.8,0,0,3.6
41.5,-71.8,10.8,0,0,3.6
41.5,-71.3,10.8,0,0,3.6
41.5,-70.8,10.8,0,0,3.6
41.5,-70.3,10.8,0,0,3.6
41.5,-69.8,10.8,0,0,3.6
41.5,-69.3,10.8,0,0,3.6
41.5,-68.8,10.8,0,0,3.6
41.5,-68.3,10.8,0,0,3.6
41.5,-67.8,10.8,0,0,3.6
41.5,-67.3,10.8,0,0,3.6
41.5,-66.8,10.8,0,0,3.6
42.0,-124.8,10.5,0,0,3.6
42.0,-124.3,10.5,0,0,3.6
42.0,-123.8,10.5,0,0,3.6
42.0,-123.3,10.5,0,0,3.6
42.0,-122.8,10.5,0,0,3.6
42.0,-122.3,10.5,0,0,3.6
42.0,-121.8,10.5,0,0,3.6
42.0,-121.3,10.5,0,0,3.6
42.0,-120.8,10.5,0,0,3.6
42.0,-120.3,10.5,0,0,3.6
42.0,-119.8,10.5,0,0,3.6
42.0,-119.3,10.5,0,0,3.6
42.0,-118.8,10.5,0,0,3.6
42.0,-118.3,10.5,0,0,3.6
42.0,-117.8,10.5,0,0,3.6
42.0,-117.3,10.5,0,0,3.6
42.0,-116.8,10.5,0,0,3.6
42.0,-116.3,10.5,0,0,3.6
42.0,-115.8,10.5,0,0,3.6
42.0,-115.3,10.5,0,0,3.6
42.0,-114.8,10.5,0,0,3.6
42.0,-114.3,10.5,0,0,3.6
42.0,-113.8,10.5,0,0,3.6
42.0,-113.3,10.5,0,0,3.6
42.0,-112.8,10.5,0,0,3.6
42.0,-112.3,10.5,0,0,3.6
42.0,-111.8,10.5,0,0,3.6
42.0,-111.3,10.5,0,0,3.6
42.0,-110.8,10.5,0,0,3.6
42.0,-110.3,10.5,0,0,3.6
42.0,-109.8,10.5,0,0,3.6
42.0,-109.3,10.5,0,0,3.6
42.0,-108.8,10.5,0,0,3.6
42.0,-108.3,10.5,0,0,3.6
42.0,-107.8,10.5,0,0,3.6
42.0,-107.3,10.5,0,0,3.6
42.0,-106.8,10.5,0,0,3.6
42.0,-106.3,10.5,0,0,3.6
42.0,-105.8,10.5,0,0,3.6
42.0,-105.3,10.5,0,0,3.6
42.0,-104.8,10.5,0,0,3.6
42.0,-104.3,10.5,0,0,3.6
42.0,-103.8,10.5,0,0,3.6
42.0,-103.3,10.5,0,0,3.6
42.0,-102.8,10.5,0,0,3.6
42.0,-102.3,10.5,0,0,3.6
42.0,-101.8,10.5,0,0,3.6
42.0,-101.3,10.5,0,0,3.6
42.0,-100.8,10.5,0,0,3.6
42.0,-100.3,10.5,0,0,3.6
42.0,-99.8,10.5,0,0,3.6
42.0,-99.3,10.5,0,0,3.6
42.0,-98.8,10.5,0,0,3.6
42.0,-98.3,10.5,0,0,3.6
42.0,-97.8,10.5,0,0,3.6
42.0,-97.3,10.5,0,0,3.6
42.0,-96.8,10.5,0,0,3.6
42.0,-96.3,10.5,0,0,3.6
42.0,-95.8,10.5,0,0,3.6
42.0,-95.3,10.5,0,0,3.6
42.0,-94.8,10.5,0,0,3.6
42.0,-94.3,10.5,0,0,3.6
42.0,-93.8,10.5,0,0,3.6
42.0,-93.3,10.5,0,0,3.6
42.0,-92.8,10.5,0,0,3.6
42.0,-92.3,10.5,0,0,3.6
42.0,-91.8,10.5,0,0,3.6
42.0,-91.3,10.5,0,0,3.6
42.0,-90.8,10.5,0,0,3.6
42.0,-90.3,10.5,0,0,3.6
42.0,-89.8,10.5,0,0,3.6
42.0,-89.3,10.5,0,0,3.6
42.0,-88.8,10.5,0,0,3.6
42.0,-88.3,10.5,0,0,3.6
42.0,-87.8,10.5,0,0,3.6
42.0,-87.3,10.5,0,0,3.6
42.0,-86.8,10.5,0,0,3.6
42.0,-86.3,10.5,0,0,3.6
42.0,-85.8,10.5,0,0,3.6
42.0,-85.3,10.5,0,0,3.6
42.0,-84.8,10.5,0,0,3.6
42.0,-84.3,10.5,0,0,3.6
42.0,-83.8,10.5,0,0,3.6
42.0,-83.3,10.5,0,0,3.6
42.0,-82.8,10.5,0,0,3.6
42.0,-82.3,10.5,0,0,3.6
42.0,-81.8,10.5,0,0,3.6
42.0,-81.3,10.5,0,0,3.6
42.0,-80.8,10.5,0,0,3.6
42.0,-80.3,10.5,0,0,3.6
42.0,-79.8,10.5,0,0,3.6
42.0,-79.3,10.5,0,0,3.6
42.0,-78.8,10.5,0,0,3.6
42.0,-78.3,10.5,0,0,3.6
42.0,-77.8,10.5,0,0,3.6
42.0,-77.3,10.5,0,0,3.6
42.0,-76.8,10.5,0,0,3.6
42.0,-76.3,10.5,0,0,3.6
42.0,-75.8,10.5,0,0,3.6
42.0,-75.3,10.5,0,0,3.6
42.0,-74.8,10.5,0,0,3.6
42.0,-74.3,10.5,0,0,3.6
42.0,-73.8,10.5,0,0,3.6
42.0,-73.3,10.5,0,0,3.6
42.0,-72.8,10.5,0,0,3.6
42.0,-72.3,10.5,0,0,3.6
42.0,-71.8,10.5,0,0,3.6
42.0,-71.3,10.5,0,0,3.6
42.0,-70.8,10.5,0,0,3.6
42.0,-70.3,10.5,0,0,3.6
42.0,-69.8,10.5,0,0,3.6
42.0,-69.3,10.5,0,0,3.6
42.0,-68.8,10.5,0,0,3.6
42.0,-68.3,10.5,0,0,3.6
42.0,-67.8,10.5,0,0,3.6
42.0,-67.3,10.5,0,0,3.6
42.0,-66.8,10.5,0,0,3.6
42.5,-124.8,10.2,0,0,3.5
42.5,-124.3,10.2,0,0,3.5
42.5,-123.8,10.2,0,0,3.5
42.5,-123.3,10.2,0,0,3.5
42.5,-122.8,10.2,0,0,3.5
42.5,-122.3,10.2,0,0,3.5
42.5,-121.8,10.2,0,0,3.5
42.5,-121.3,10.2,0,0,3.5
42.5,-120.8,10.2,0,0,3.5
42.5,-120.3,10.2,0,0,3.5
42.5,-119.8,10.2,0,0,3.5
42.5,-119.3,10.2,0,0,3.5
42.5,-118.8,10.2,0,0,3.5
42.5,-118.3,10.2,0,0,3.5
42.5,-117.8,10.2,0,0,3.5
42.5,-117.3,10.2,0,0,3.5
42.5,-116.8,10.2,0,0,3.5
42.5,-116.3,10.2,0,0,3.5
42.5,-115.8,10.2,0,0,3.5
42.5,-115.3,10.2,0,0,3.5
42.5,-114.8,10.2,0,0,3.5
42.5,-114.3,10.2,0,0,3.5
42.5,-113.8,10.2,0,0,3.5
42.5,-113.3,10.2,0,0,3.5
42.5,-112.8,10.2,0,0,3.5
42.5,-112.3,10.2,0,0,3.5
42.5,-111.8,10.2,0,0,3.5
42.5,-111.3,10.2,0,0,3.5
42.5,-110.8,10.2,0,0,3.5
42.5,-110.3,10.2,0,0,3.5
42.5,-109.8,10.2,0,0,3.5
42.5,-109.3,10.2,0,0,3.5
42.5,-108.8,10.2,0,0,3.5
42.5,-108.3,10.2,0,0,3.5
42.5,-107.8,10.2,0,0,3.5
42.5,-107.3,10.2,0,0,3.5
42.5,-106.8,10.2,0,0,3.5
42.5,-106.3,10.2,0,0,3.5
42.5,-105.8,10.2,0,0,3.5
42.5,-105.3,10.2,0,0,3.5
42.5,-104.8,10.2,0,0,3.5
42.5,-104.3,10.2,0,0,3.5
42.5,-103.8,10.2,0,0,3.5
42.5,-103.3,10.2,0,0,3.5
42.5,-102.8,10.2,0,0,3.5
42.5,-102.3,10.2,0,0,3.5
42.5,-101.8,10.2,0,0,3.5
42.5,-101.3,10.2,0,0,3.5
42.5,-100.8,10.2,0,0,3.5
42.5,-100.3,10.2,0,0,3.5
42.5,-99.8,10.2,0,0,3.5
42.5,-99.3,10.2,0,0,3.5
42.5,-98.8,10.2,0,0,3.5
42.5,-98.3,10.2,0,0,3.5
42.5,-97.8,10.2,0,0,3.5
42.5,-97.3,10.2,0,0,3.5
42.5,-96.8,10.2,0,0,3.5
42.5,-96.3,10.2,0,0,3.5
42.5,-95.8,10.2,0,0,3.5
42.5,-95.3,10.2,0,0,3.5
42.5,-94.8,10.2,0,0,3.5
42.5,-94.3,10.2,0,0,3.5
42.5,-93.8,10.2,0,0,3.5
42.5,-93.3,10.2,0,0,3.5
42.5,-92.8,10.2,0,0,3.5
42.5,-92.3,10.2,0,0,3.5
42.5,-91.8,10.2,0,0,3.5
42.5,-91.3,10.2,0,0,3.5
42.5,-90.8,10.2,0,0,3.5
42.5,-90.3,10.2,0,0,3.5
42.5,-89.8,10.2,0,0,3.5
42.5,-89.3,10.2,0,0,3.5
42.5,-88.8,10.2,0,0,3.5
42.5,-88.3,10.2,0,0,3.5
42.5,-87.8,10.2,0,0,3.5
42.5,-87.3,10.2,0,0,3.5
42.5,-86.8,10.2,0,0,3.5
42.5,-86.3,10.2,0,0,3.5
42.5,-85.8,10.2,0,0,3.5
42.5,-85.3,10.2,0,0,3.5
42.5,-84.8,10.2,0,0,3.5
42.5,-84.3,10.2,0,0,3.5
42.5,-83.8,10.2,0,0,3.5
42.5,-83.3,10.2,0,0,3.5
42.5,-82.8,10.2,0,0,3.5
42.5,-82.3,10.2,0,0,3.5
42.5,-81.8,10.2,0,0,3.5
42.5,-81.3,10.2,0,0,3.5
42.5,-80.8,10.2,0,0,3.5
42.5,-80.3,10.2,0,0,3.5
42.5,-79.8,10.2,0,0,3.5
42.5,-79.3,10.2,0,0,3.5
42.5,-78.8,10.2,0,0,3.5
42.5,-78.3,10.2,0,0,3.5
42.5,-77.8,10.2,0,0,3.5
42.5,-77.3,10.2,0,0,3.5
42.5,-76.8,10.2,0,0,3.5
42.5,-76.3,10.2,0,0,3.5
42.5,-75.8,10.2,0,0,3.5
42.5,-75.3,10.2,0,0,3.5
42.5,-74.8,10.2,0,0,3.5
42.5,-74.3,10.2,0,0,3.5
42.5,-73.8,10.2,0,0,3.5
42.5,-73.3,10.2,0,0,3.5
42.5,-72.8,10.2,0,0,3.5
42.5,-72.3,10.2,0,0,3.5
42.5,-71.8,10.2,0,0,3.5
42.5,-71.3,10.2,0,0,3.5
42.5,-70.8,10.2,0,0,3.5
42.5,-70.3,10.2,0,0,3.5
42.5,-69.8,10.2,0,0,3.5
42.5,-69.3,10.2,0,0,3.5
42.5,-68.8,10.2,0,0,3.5
42.5,-68.3,10.2,0,0,3.5
42.5,-67.8,10.2,0,0,3.5
42.5,-67.3,10.2,0,0,3.5
42.5,-66.8,10.2,0,0,3.5
43.0,-124.8,9.9,0,0.8,3.5
43.0,-124.3,9.9,0,0.8,3.5
43.0,-123.8,9.9,0,0.8,3.5
43.0,-123.3,9.9,0,0.8,3.5
43.0,-122.8,9.9,0,0.8,3.5
43.0,-122.3,9.9,0,0.8,3.5
43.0,-121.8,9.9,0,0.8,3.5
43.0,-121.3,9.9,0,0.8,3.5
43.0,-120.8,9.9,0,0.8,3.5
43.0,-120.3,9.9,0,0.8,3.5
43.0,-119.8,9.9,0,0.8,3.5
43.0,-119.3,9.9,0,0.8,3.5
43.0,-118.8,9.9,0,0.8,3.5
43.0,-118.3,9.9,0,0.8,3.5
43.0,-117.8,9.9,0,0.8,3.5
43.0,-117.3,9.9,0,0.8,3.5
43.0,-116.8,9.9,0,0.8,3.5
43.0,-116.3,9.9,0,0.8,3.5
43.0,-115.8,9.9,0,0.8,3.5
43.0,-115.3,9.9,0,0.8,3.5
43.0,-114.8,9.9,0,0.8,3.5
43.0,-114.3,9.9,0,0.8,3.5
43.0,-113.8,9.9,0,0.8,3.5
43.0,-113.3,9.9,0,0.8,3.5
43.0,-112.8,9.9,0,0.8,3.5
43.0,-112.3,9.9,0,0.8,3.5
43.0,-111.8,9.9,0,0.8,3.5
43.0,-111.3,9.9,0,0.8,3.5
43.0,-110.8,9.9,0,0.8,3.5
43.0,-110.3,9.9,0,0.8,3.5
43.0,-109.8,9.9,0,0.8,3.5
43.0,-109.3,9.9,0,0.8,3.5
43.0,-108.8,9.9,0,0.8,3.5
43.0,-108.3,9.9,0,0.8,3.5
43.0,-107.8,9.9,0,0.8,3.5
43.0,-107.3,9.9,0,0.8,3.5
43.0,-106.8,9.9,0,0.8,3.5
43.0,-106.3,9.9,0,0.8,3.5
43.0,-105.8,9.9,0,0.8,3.5
43.0,-105.3,9.9,0,0.8,3.5
43.0,-104.8,9.9,0,0.8,3.5
43.0,-104.3,9.9,0,0.8,3.5
43.0,-103.8,9.9,0,0.8,3.5
43.0,-103.3,9.9,0,0.8,3.5
43.0,-102.8,9.9,0,0.8,3.5
43.0,-102.3,9.9,0,0.8,3.5
43.0,-101.8,9.9,0,0.8,3.5
43.0,-101.3,9.9,0,0.8,3.5
43.0,-100.8,9.9,0,0.8,3.5
43.0,-100.3,9.9,0,0.8,3.5
43.0,-99.8,9.9,0,0.8,3.5
43.0,-99.3,9.9,0,0.8,3.5
43.0,-98.8,9.9,0,0.8,3.5
43.0,-98.3,9.9,0,0.8,3.5
43.0,-97.8,9.9,0,0.8,3.5
43.0,-97.3,9.9,0,0.8,3.5
43.0,-96.8,9.9,0,0.8,3.5
43.0,-96.3,9.9,0,0.8,3.5
43.0,-95.8,9.9,0,0.8,3.5
43.0,-95.3,9.9,0,0.8,3.5
43.0,-94.8,9.9,0,0.8,3.5
43.0,-94.3,9.9,0,0.8,3.5
43.0,-93.8,9.9,0,0.8,3.5
43.0,-93.3,9.9,0,0.8,3.5
43.0,-92.8,9.9,0,0.8,3.5
43.0,-92.3,9.9,0,0.8,3.5
43.0,-91.8,9.9,0,0.8,3.5
43.0,-91.3,9.9,0,0.8,3.5
43.0,-90.8,9.9,0,0.8,3.5
43.0,-90.3,9.9,0,0.8,3.5
43.0,-89.8,9.9,0,0.8,3.5
43.0,-89.3,9.9,0,0.8,3.5
43.0,-88.8,9.9,0,0.8,3.5
43.0,-88.3,9.9,0,0.8,3.5
43.0,-87.8,9.9,0,0.8,3.5
43.0,-87.3,9.9,0,0.8,3.5
43.0,-86.8,9.9,0,0.8,3.5
43.0,-86.3,9.9,0,0.8,3.5
43.0,-85.8,9.9,0,0.8,3.5
43.0,-85.3,9.9,0,0.8,3.5
43.0,-84.8,9.9,0,0.8,3.5
43.0,-84.3,9.9,0,0.8,3.5
43.0,-83.8,9.9,0,0.8,3.5
43.0,-83.3,9.9,0,0.8,3.5
43.0,-82.8,9.9,0,0.8,3.5
43.0,-82.3,9.9,0,0.8,3.5
43.0,-81.8,9.9,0,0.8,3.5
43.0,-81.3,9.9,0,0.8,3.5
43.0,-80.8,9.9,0,0.8,3.5
43.0,-80.3,9.9,0,0.8,3.5
43.0,-79.8,9.9,0,0.8,3.5
43.0,-79.3,9.9,0,0.8,3.5
43.0,-78.8,9.9,0,0.8,3.5
43.0,-78.3,9.9,0,0.8,3.5
43.0,-77.8,9.9,0,0.8,3.5
43.0,-77.3,9.9,0,0.8,3.5
43.0,-76.8,9.9,0,0.8,3.5
43.0,-76.3,9.9,0,0.8,3.5
43.0,-75.8,9.9,0,0.8,3.5
43.0,-75.3,9.9,0,0.8,3.5
43.0,-74.8,9.9,0,0.8,3.5
43.0,-74.3,9.9,0,0.8,3.5
43.0,-73.8,9.9,0,0.8,3.5
43.0,-73.3,9.9,0,0.8,3.5
43.0,-72.8,9.9,0,0.8,3.5
43.0,-72.3,9.9,0,0.8,3.5
43.0,-71.8,9.9,0,0.8,3.5
43.0,-71.3,9.9,0,0.8,3.5
43.0,-70.8,9.9,0,0.8,3.5
43.0,-70.3,9.9,0,0.8,3.5
43.0,-69.8,9.9,0,0.8,3.5
43.0,-69.3,9.9,0,0.8,3.5
43.0,-68.8,9.9,0,0.8,3.5
43.0,-68.3,9.9,0,0.8,3.5
43.0,-67.8,9.9,0,0.8,3.5
43.0,-67.3,9.9,0,0.8,3.5
43.0,-66.8,9.9,0,0.8,3.5
43.5,-124.8,9.6,0,3.2,3.5
43.5,-124.3,9.6,0,3.2,3.5
43.5,-123.8,9.6,0,3.2,3.5
43.5,-123.3,9.6,0,3.2,3.5
43.5,-122.8,9.6,0,3.2,3.5
43.5,-122.3,9.6,0,3.2,3.5
43.5,-121.8,9.6,0,3.2,3.5
43.5,-121.3,9.6,0,3.2,3.5
43.5,-120.8,9.6,0,3.2,3.5
43.5,-120.3,9.6,0,3.2,3.5
43.5,-119.8,9.6,0,3.2,3.5
43.5,-119.3,9.6,0,3.2,3.5
43.5,-118.8,9.6,0,3.2,3.5
43.5,-118.3,9.6,0,3.2,3.5
43.5,-117.8,9.6,0,3.2,3.5
43.5,-117.3,9.6,0,3.2,3.5
43.5,-116.8,9.6,0,3.2,3.5
43.5,-116.3,9.6,0,3.2,3.5
43.5,-115.8,9.6,0,3.2,3.5
43.5,-115.3,9.6,0,3.2,3.5
43.5,-114.8,9.6,0,3.2,3.5
43.5,-114.3,9.6,0,3.2,3.5
43.5,-113.8,9.6,0,3.2,3.5
43.5,-113.3,9.6,0,3.2,3.5
43.5,-112.8,9.6,0,3.2,3.5
43.5,-112.3,9.6,0,3.2,3.5
43.5,-111.8,9.6,0,3.2,3.5
43.5,-111.3,9.6,0,3.2,3.5
43.5,-110.8,9.6,0,3.2,3.5
43.5,-110.3,9.6,0,3.2,3.5
43.5,-109.8,9.6,0,3.2,3.5
43.5,-109.3,9.6,0,3.2,3.5
43.5,-108.8,9.6,0,3.2,3.5
43.5,-108.3,9.6,0,3.2,3.5
43.5,-107.8,9.6,0,3.2,3.5
43.5,-107.3,9.6,0,3.2,3.5
43.5,-106.8,9.6,0,3.2,3.5
43.5,-106.3,9.6,0,3.2,3.5
43.5,-105.8,9.6,0,3.2,3.5
43.5,-105.3,9.6,0,3.2,3.5
43.5,-104.8,9.6,0,3.2,3.5
43.5,-104.3,9.6,0,3.2,3.5
43.5,-103.8,9.6,0,3.2,3.5
43.5,-103.3,9.6,0,3.2,3.5
43.5,-102.8,9.6,0,3.2,3.5
43.5,-102.3,9.6,0,3.2,3.5
43.5,-101.8,9.6,0,3.2,3.5
43.5,-101.3,9.6,0,3.2,3.5
43.5,-100.8,9.6,0,3.2,3.5
43.5,-100.3,9.6,0,3.2,3.5
43.5,-99.8,9.6,0,3.2,3.5
43.5,-99.3,9.6,0,3.2,3.5
43.5,-98.8,9.6,0,3.2,3.5
43.5,-98.3,9.6,0,3.2,3.5
43.5,-97.8,9.6,0,3.2,3.5
43.5,-97.3,9.6,0,3.2,3.5
43.5,-96.8,9.6,0,3.2,3.5
43.5,-96.3,9.6,0,3.2,3.5
43.5,-95.8,9.6,0,3.2,3.5
43.5,-95.3,9.6,0,3.2,3.5
43.5,-94.8,9.6,0,3.2,3.5
43.5,-94.3,9.6,0,3.2,3.5
43.5,-93.8,9.6,0,3.2,3.5
43.5,-93.3,9.6,0,3.2,3.5
43.5,-92.8,9.6,0,3.2,3.5
43.5,-92.3,9.6,0,3.2,3.5
43.5,-91.8,9.6,0,3.2,3.5
43.5,-91.3,9.6,0,3.2,3.5
43.5,-90.8,9.6,0,3.2,3.5
43.5,-90.3,9.6,0,3.2,3.5
43.5,-89.8,9.6,0,3.2,3.5
43.5,-89.3,9.6,0,3.2,3.5
43.5,-88.8,9.6,0,3.2,3.5
43.5,-88.3,9.6,0,3.2,3.5
43.5,-87.8,9.6,0,3.2,3.5
43.5,-87.3,9.6,0,3.2,3.5
43.5,-86.8,9.6,0,3.2,3.5
43.5,-86.3,9.6,0,3.2,3.5
43.5,-85.8,9.6,0,3.2,3.5
43.5,-85.3,9.6,0,3.2,3.5
43.5,-84.8,9.6,0,3.2,3.5
43.5,-84.3,9.6,0,3.2,3.5
43.5,-83.8,9.6,0,3.2,3.5
43.5,-83.3,9.6,0,3.2,3.5
43.5,-82.8,9.6,0,3.2,3.5
43.5,-82.3,9.6,0,3.2,3.5
43.5,-81.8,9.6,0,3.2,3.5
43.5,-81.3,9.6,0,3.2,3.5
43.5,-80.8,9.6,0,3.2,3.5
43.5,-80.3,9.6,0,3.2,3.5
43.5,-79.8,9.6,0,3.2,3.5
43.5,-79.3,9.6,0,3.2,3.5
43.5,-78.8,9.6,0,3.2,3.5
43.5,-78.3,9.6,0,3.2,3.5
43.5,-77.8,9.6,0,3.2,3.5
43.5,-77.3,9.6,0,3.2,3.5
43.5,-76.8,9.6,0,3.2,3.5
43.5,-76.3,9.6,0,3.2,3.5
43.5,-75.8,9.6,0,3.2,3.5
43.5,-75.3,9.6,0,3.2,3.5
43.5,-74.8,9.6,0,3.2,3.5
43.5,-74.3,9.6,0,3.2,3.5
43.5,-73.8,9.6,0,3.2,3.5
43.5,-73.3,9.6,0,3.2,3.5
43.5,-72.8,9.6,0,3.2,3.5
43.5,-72.3,9.6,0,3.2,3.5
43.5,-71.8,9.6,0,3.2,3.5
43.5,-71.3,9.6,0,3.2,3.5
43.5,-70.8,9.6,0,3.2,3.5
43.5,-70.3,9.6,0,3.2,3.5
43.5,-69.8,9.6,0,3.2,3.5
43.5,-69.3,9.6,0,3.2,3.5
43.5,-68.8,9.6,0,3.2,3.5
43.5,-68.3,9.6,0,3.2,3.5
43.5,-67.8,9.6,0,3.2,3.5
43.5,-67.3,9.6,0,3.2,3.5
43.5,-66.8,9.6,0,3.2,3.5
44.0,-124.8,9.3,0,5.6,3.5
44.0,-124.3,9.3,0,5.6,3.5
44.0,-123.8,9.3,0,5.6,3.5
44.0,-123.3,9.3,0,5.6,3.5
44.0,-122.8,9.3,0,5.6,3.5
44.0,-122.3,9.3,0,5.6,3.5
44.0,-121.8,9.3,0,5.6,3.5
44.0,-121.3,9.3,0,5.6,3.5
44.0,-120.8,9.3,0,5.6,3.5
44.0,-120.3,9.3,0,5.6,3.5
44.0,-119.8,9.3,0,5.6,3.5
44.0,-119.3,9.3,0,5.6,3.5
44.0,-118.8,9.3,0,5.6,3.5
44.0,-118.3,9.3,0,5.6,3.5
44.0,-117.8,9.3,0,5.6,3.5
44.0,-117.3,9.3,0,5.6,3.5
44.0,-116.8,9.3,0,5.6,3.5
44.0,-116.3,9.3,0,5.6,3.5
44.0,-115.8,9.3,0,5.6,3.5
44.0,-115.3,9.3,0,5.6,3.5
44.0,-114.8,9.3,0,5.6,3.5
44.0,-114.3,9.3,0,5.6,3.5
44.0,-113.8,9.3,0,5.6,3.5
44.0,-113.3,9.3,0,5.6,3.5
44.0,-112.8,9.3,0,5.6,3.5
44.0,-112.3,9.3,0,5.6,3.5
44.0,-111.8,9.3,0,5.6,3.5
44.0,-111.3,9.3,0,5.6,3.5
44.0,-110.8,9.3,0,5.6,3.5
44.0,-110.3,9.3,0,5.6,3.5
44.0,-109.8,9.3,0,5.6,3.5
44.0,-109.3,9.3,0,5.6,3.5
44.0,-108.8,9.3,0,5.6,3.5
44.0,-108.3,9.3,0,5.6,3.5
44.0,-107.8,9.3,0,5.6,3.5
44.0,-107.3,9.3,0,5.6,3.5
44.0,-106.8,9.3,0,5.6,3.5
44.0,-106.3,9.3,0,5.6,3.5
44.0,-105.8,9.3,0,5.6,3.5
44.0,-105.3,9.3,0,5.6,3.5
44.0,-104.8,9.3,0,5.6,3.5
44.0,-104.3,9.3,0,5.6,3.5
44.0,-103.8,9.3,0,5.6,3.5
44.0,-103.3,9.3,0,5.6,3.5
44.0,-102.8,9.3,0,5.6,3.5
44.0,-102.3,9.3,0,5.6,3.5
44.0,-101.8,9.3,0,5.6,3.5
44.0,-101.3,9.3,0,5.6,3.5
44.0,-100.8,9.3,0,5.6,3.5
44.0,-100.3,9.3,0,5.6,3.5
44.0,-99.8,9.3,0,5.6,3.5
44.0,-99.3,9.3,0,5.6,3.5
44.0,-98.8,9.3,0,5.6,3.5
44.0,-98.3,9.3,0,5.6,3.5
44.0,-97.8,9.3,0,5.6,3.5
44.0,-97.3,9.3,0,5.6,3.5
44.0,-96.8,9.3,0,5.6,3.5
44.0,-96.3,9.3,0,5.6,3.5
44.0,-95.8,9.3,0,5.6,3.5
44.0,-95.3,9.3,0,5.6,3.5
44.0,-94.8,9.3,0,5.6,3.5
44.0,-94.3,9.3,0,5.6,3.5
44.0,-93.8,9.3,0,5.6,3.5
44.0,-93.3,9.3,0,5.6,3.5
44.0,-92.8,9.3,0,5.6,3.5
44.0,-92.3,9.3,0,5.6,3.5
44.0,-91.8,9.3,0,5.6,3.5
44.0,-91.3,9.3,0,5.6,3.5
44.0,-90.8,9.3,0,5.6,3.5
44.0,-90.3,9.3,0,5.6,3.5
44.0,-89.8,9.3,0,5.6,3.5
44.0,-89.3,9.3,0,5.6,3.5
44.0,-88.8,9.3,0,5.6,3.5
44.0,-88.3,9.3,0,5.6,3.5
44.0,-87.8,9.3,0,5.6,3.5
44.0,-87.3,9.3,0,5.6,3.5
44.0,-86.8,9.3,0,5.6,3.5
44.0,-86.3,9.3,0,5.6,3.5
44.0,-85.8,9.3,0,5.6,3.5
44.0,-85.3,9.3,0,5.6,3.5
44.0,-84.8,9.3,0,5.6,3.5
44.0,-84.3,9.3,0,5.6,3.5
44.0,-83.8,9.3,0,5.6,3.5
44.0,-83.3,9.3,0,5.6,3.5
44.0,-82.8,9.3,0,5.6,3.5
44.0,-82.3,9.3,0,5.6,3.5
44.0,-81.8,9.3,0,5.6,3.5
44.0,-81.3,9.3,0,5.6,3.5
44.0,-80.8,9.3,0,5.6,3.5
44.0,-80.3,9.3,0,5.6,3.5
44.0,-79.8,9.3,0,5.6,3.5
44.0,-79.3,9.3,0,5.6,3.5
44.0,-78.8,9.3,0,5.6,3.5
44.0,-78.3,9.3,0,5.6,3.5
44.0,-77.8,9.3,0,5.6,3.5
44.0,-77.3,9.3,0,5.6,3.5
44.0,-76.8,9.3,0,5.6,3.5
44.0,-76.3,9.3,0,5.6,3.5
44.0,-75.8,9.3,0,5.6,3.5
44.0,-75.3,9.3,0,5.6,3.5
44.0,-74.8,9.3,0,5.6,3.5
44.0,-74.3,9.3,0,5.6,3.5
44.0,-73.8,9.3,0,5.6,3.5
44.0,-73.3,9.3,0,5.6,3.5
44.0,-72.8,9.3,0,5.6,3.5
44.0,-72.3,9.3,0,5.6,3.5
44.0,-71.8,9.3,0,5.6,3.5
44.0,-71.3,9.3,0,5.6,3.5
44.0,-70.8,9.3,0,5.6,3.5
44.0,-70.3,9.3,0,5.6,3.5
44.0,-69.8,9.3,0,5.6,3.5
44.0,-69.3,9.3,0,5.6,3.5
44.0,-68.8,9.3,0,5.6,3.5
44.0,-68.3,9.3,0,5.6,3.5
44.0,-67.8,9.3,0,5.6,3.5
44.0,-67.3,9.3,0,5.6,3.5
44.0,-66.8,9.3,0,5.6,3.5
44.5,-124.8,9.0,0,8.0,3.5
44.5,-124.3,9.0,0,8.0,3.5
44.5,-123.8,9.0,0,8.0,3.5
44.5,-123.3,9.0,0,8.0,3.5
44.5,-122.8,9.0,0,8.0,3.5
44.5,-122.3,9.0,0,8.0,3.5
44.5,-121.8,9.0,0,8.0,3.5
44.5,-121.3,9.0,0,8.0,3.5
44.5,-120.8,9.0,0,8.0,3.5
44.5,-120.3,9.0,0,8.0,3.5
44.5,-119.8,9.0,0,8.0,3.5
44.5,-119.3,9.0,0,8.0,3.5
44.5,-118.8,9.0,0,8.0,3.5
44.5,-118.3,9.0,0,8.0,3.5
44.5,-117.8,9.0,0,8.0,3.5
44.5,-117.3,9.0,0,8.0,3.5
44.5,-116.8,9.0,0,8.0,3.5
44.5,-116.3,9.0,0,8.0,3.5
44.5,-115.8,9.0,0,8.0,3.5
44.5,-115.3,9.0,0,8.0,3.5
44.5,-114.8,9.0,0,8.0,3.5
44.5,-114.3,9.0,0,8.0,3.5
44.5,-113.8,9.0,0,8.0,3.5
44.5,-113.3,9.0,0,8.0,3.5
44.5,-112.8,9.0,0,8.0,3.5
44.5,-112.3,9.0,0,8.0,3.5
44.5,-111.8,9.0,0,8.0,3.5
44.5,-111.3,9.0,0,8.0,3.5
44.5,-110.8,9.0,0,8.0,3.5
44.5,-110.3,9.0,0,8.0,3.5
44.5,-109.8,9.0,0,8.0,3.5
44.5,-109.3,9.0,0,8.0,3.5
44.5,-108.8,9.0,0,8.0,3.5
44.5,-108.3,9.0,0,8.0,3.5
44.5,-107.8,9.0,0,8.0,3.5
44.5,-107.3,9.0,0,8.0,3.5
44.5,-106.8,9.0,0,8.0,3.5
44.5,-106.3,9.0,0,8.0,3.5
44.5,-105.8,9.0,0,8.0,3.5
44.5,-105.3,9.0,0,8.0,3.5
44.5,-104.8,9.0,0,8.0,3.5
44.5,-104.3,9.0,0,8.0,3.5
44.5,-103.8,9.0,0,8.0,3.5
44.5,-103.3,9.0,0,8.0,3.5
44.5,-102.8,9.0,0,8.0,3.5
44.5,-102.3,9.0,0,8.0,3.5
44.5,-101.8,9.0,0,8.0,3.5
44.5,-101.3,9.0,0,8.0,3.5
44.5,-100.8,9.0,0,8.0,3.5
44.5,-100.3,9.0,0,8.0,3.5
44.5,-99.8,9.0,0,8.0,3.5
44.5,-99.3,9.0,0,8.0,3.5
44.5,-98.8,9.0,0,8.0,3.5
44.5,-98.3,9.0,0,8.0,3.5
44.5,-97.8,9.0,0,8.0,3.5
44.5,-97.3,9.0,0,8.0,3.5
44.5,-96.8,9.0,0,8.0,3.5
44.5,-96.3,9.0,0,8.0,3.5
44.5,-95.8,9.0,0,8.0,3.5
44.5,-95.3,9.0,0,8.0,3.5
44.5,-94.8,9.0,0,8.0,3.5
44.5,-94.3,9.0,0,8.0,3.5
44.5,-93.8,9.0,0,8.0,3.5
44.5,-93.3,9.0,0,8.0,3.5
44.5,-92.8,9.0,0,8.0,3.5
44.5,-92.3,9.0,0,8.0,3.5
44.5,-91.8,9.0,0,8.0,3.5
44.5,-91.3,9.0,0,8.0,3.5
44.5,-90.8,9.0,0,8.0,3.5
44.5,-90.3,9.0,0,8.0,3.5
44.5,-89.8,9.0,0,8.0,3.5
44.5,-89.3,9.0,0,8.0,3.5
44.5,-88.8,9.0,0,8.0,3.5
44.5,-88.3,9.0,0,8.0,3.5
44.5,-87.8,9.0,0,8.0,3.5
44.5,-87.3,9.0,0,8.0,3.5
44.5,-86.8,9.0,0,8.0,3.5
44.5,-86.3,9.0,0,8.0,3.5
44.5,-85.8,9.0,0,8.0,3.5
44.5,-85.3,9.0,0,8.0,3.5
44.5,-84.8,9.0,0,8.0,3.5
44.5,-84.3,9.0,0,8.0,3.5
44.5,-83.8,9.0,0,8.0,3.5
44.5,-83.3,9.0,0,8.0,3.5
44.5,-82.8,9.0,0,8.0,3.5
44.5,-82.3,9.0,0,8.0,3.5
44.5,-81.8,9.0,0,8.0,3.5
44.5,-81.3,9.0,0,8.0,3.5
44.5,-80.8,9.0,0,8.0,3.5
44.5,-80.3,9.0,0,8.0,3.5
44.5,-79.8,9.0,0,8.0,3.5
44.5,-79.3,9.0,0,8.0,3.5
44.5,-78.8,9.0,0,8.0,3.5
44.5,-78.3,9.0,0,8.0,3.5
44.5,-77.8,9.0,0,8.0,3.5
44.5,-77.3,9.0,0,8.0,3.5
44.5,-76.8,9.0,0,8.0,3.5
44.5,-76.3,9.0,0,8.0,3.5
44.5,-75.8,9.0,0,8.0,3.5
44.5,-75.3,9.0,0,8.0,3.5
44.5,-74.8,9.0,0,8.0,3.5
44.5,-74.3,9.0,0,8.0,3.5
44.5,-73.8,9.0,0,8.0,3.5
44.5,-73.3,9.0,0,8.0,3.5
44.5,-72.8,9.0,0,8.0,3.5
44.5,-72.3,9.0,0,8.0,3.5
44.5,-71.8,9.0,0,8.0,3.5
44.5,-71.3,9.0,0,8.0,3.5
44.5,-70.8,9.0,0,8.0,3.5
44.5,-70.3,9.0,0,8.0,3.5
44.5,-69.8,9.0,0,8.0,3.5
44.5,-69.3,9.0,0,8.0,3.5
44.5,-68.8,9.0,0,8.0,3.5
44.5,-68.3,9.0,0,8.0,3.5
44.5,-67.8,9.0,0,8.0,3.5
44.5,-67.3,9.0,0,8.0,3.5
44.5,-66.8,9.0,0,8.0,3.5
45.0,-124.8,8.7,0,10.4,3.5
45.0,-124.3,8.7,0,10.4,3.5
45.0,-123.8,8.7,0,10.4,3.5
45.0,-123.3,8.7,0,10.4,3.5
45.0,-122.8,8.7,0,10.4,3.5
45.0,-122.3,8.7,0,10.4,3.5
45.0,-121.8,8.7,0,10.4,3.5
45.0,-121.3,8.7,0,10.4,3.5
45.0,-120.8,8.7,0,10.4,3.5
45.0,-120.3,8.7,0,10.4,3.5
45.0,-119.8,8.7,0,10.4,3.5
45.0,-119.3,8.7,0,10.4,3.5
45.0,-118.8,8.7,0,10.4,3.5
45.0,-118.3,8.7,0,10.4,3.5
45.0,-117.8,8.7,0,10.4,3.5
45.0,-117.3,8.7,0,10.4,3.5
45.0,-116.8,8.7,0,10.4,3.5
45.0,-116.3,8.7,0,10.4,3.5
45.0,-115.8,8.7,0,10.4,3.5
45.0,-115.3,8.7,0,10.4,3.5
45.0,-114.8,8.7,0,10.4,3.5
45.0,-114.3,8.7,0,10.4,3.5
45.0,-113.8,8.7,0,10.4,3.5
45.0,-113.3,8.7,0,10.4,3.5
45.0,-112.8,8.7,0,10.4,3.5
45.0,-112.3,8.7,0,10.4,3.5
45.0,-111.8,8.7,0,10.4,3.5
45.0,-111.3,8.7,0,10.4,3.5
45.0,-110.8,8.7,0,10.4,3.5
45.0,-110.3,8.7,0,10.4,3.5
45.0,-109.8,8.7,0,10.4,3.5
45.0,-109.3,8.7,0,10.4,3.5
45.0,-108.8,8.7,0,10.4,3.5
45.0,-108.3,8.7,0,10.4,3.5
45.0,-107.8,8.7,0,10.4,3.5
45.0,-107.3,8.7,0,10.4,3.5
45.0,-106.8,8.7,0,10.4,3.5
45.0,-106.3,8.7,0,10.4,3.5
45.0,-105.8,8.7,0,10.4,3.5
45.0,-105.3,8.7,0,10.4,3.5
45.0,-104.8,8.7,0,10.4,3.5
45.0,-104.3,8.7,0,10.4,3.5
45.0,-103.8,8.7,0,10.4,3.5
45.0,-103.3,8.7,0,10.4,3.5
45.0,-102.8,8.7,0,10.4,3.5
45.0,-102.3,8.7,0,10.4,3.5
45.0,-101.8,8.7,0,10.4,3.5
45.0,-101.3,8.7,0,10.4,3.5
45.0,-100.8,8.7,0,10.4,3.5
45.0,-100.3,8.7,0,10.4,3.5
45.0,-99.8,8.7,0,10.4,3.5
45.0,-99.3,8.7,0,10.4,3.5
45.0,-98.8,8.7,0,10.4,3.5
45.0,-98.3,8.7,0,10.4,3.5
45.0,-97.8,8.7,0,10.4,3.5
45.0,-97.3,8.7,0,10.4,3.5
45.0,-96.8,8.7,0,10.4,3.5
45.0,-96.3,8.7,0,10.4,3.5
45.0,-95.8,8.7,0,10.4,3.5
45.0,-95.3,8.7,0,10.4,3.5
45.0,-94.8,8.7,0,10.4,3.5
45.0,-94.3,8.7,0,10.4,3.5
45.0,-93.8,8.7,0,10.4,3.5
45.0,-93.3,8.7,0,10.4,3.5
45.0,-92.8,8.7,0,10.4,3.5
45.0,-92.3,8.7,0,10.4,3.5
45.0,-91.8,8.7,0,10.4,3.5
45.0,-91.3,8.7,0,10.4,3.5
45.0,-90.8,8.7,0,10.4,3.5
45.0,-90.3,8.7,0,10.4,3.5
45.0,-89.8,8.7,0,10.4,3.5
45.0,-89.3,8.7,0,10.4,3.5
45.0,-88.8,8.7,0,10.4,3.5
45.0,-88.3,8.7,0,10.4,3.5
45.0,-87.8,8.7,0,10.4,3.5
45.0,-87.3,8.7,0,10.4,3.5
45.0,-86.8,8.7,0,10.4,3.5
45.0,-86.3,8.7,0,10.4,3.5
45.0,-85.8,8.7,0,10.4,3.5
45.0,-85.3,8.7,0,10.4,3.5
45.0,-84.8,8.7,0,10.4,3.5
45.0,-84.3,8.7,0,10.4,3.5
45.0,-83.8,8.7,0,10.4,3.5
45.0,-83.3,8.7,0,10.4,3.5
45.0,-82.8,8.7,0,10.4,3.5
45.0,-82.3,8.7,0,10.4,3.5
45.0,-81.8,8.7,0,10.4,3.5
45.0,-81.3,8.7,0,10.4,3.5
45.0,-80.8,8.7,0,10.4,3.5
45.0,-80.3,8.7,0,10.4,3.5
45.0,-79.8,8.7,0,10.4,3.5
45.0,-79.3,8.7,0,10.4,3.5
45.0,-78.8,8.7,0,10.4,3.5
45.0,-78.3,8.7,0,10.4,3.5
45.0,-77.8,8.7,0,10.4,3.5
45.0,-77.3,8.7,0,10.4,3.5
45.0,-76.8,8.7,0,10.4,3.5
45.0,-76.3,8.7,0,10.4,3.5
45.0,-75.8,8.7,0,10.4,3.5
45.0,-75.3,8.7,0,10.4,3.5
45.0,-74.8,8.7,0,10.4,3.5
45.0,-74.3,8.7,0,10.4,3.5
45.0,-73.8,8.7,0,10.4,3.5
45.0,-73.3,8.7,0,10.4,3.5
45.0,-72.8,8.7,0,10.4,3.5
45.0,-72.3,8.7,0,10.4,3.5
45.0,-71.8,8.7,0,10.4,3.5
45.0,-71.3,8.7,0,10.4,3.5
45.0,-70.8,8.7,0,10.4,3.5
45.0,-70.3,8.7,0,10.4,3.5
45.0,-69.8,8.7,0,10.4,3.5
45.0,-69.3,8.7,0,10.4,3.5
45.0,-68.8,8.7,0,10.4,3.5
45.0,-68.3,8.7,0,10.4,3.5
45.0,-67.8,8.7,0,10.4,3.5
45.0,-67.3,8.7,0,10.4,3.5
45.0,-66.8,8.7,0,10.4,3.5
45.5,-124.8,8.4,0,12.8,3.5
45.5,-124.3,8.4,0,12.8,3.5
45.5,-123.8,8.4,0,12.8,3.5
45.5,-123.3,8.4,0,12.8,3.5
45.5,-122.8,8.4,0,12.8,3.5
45.5,-122.3,8.4,0,12.8,3.5
45.5,-121.8,8.4,0,12.8,3.5
45.5,-121.3,8.4,0,12.8,3.5
45.5,-120.8,8.4,0,12.8,3.5
45.5,-120.3,8.4,0,12.8,3.5
45.5,-119.8,8.4,0,12.8,3.5
45.5,-119.3,8.4,0,12.8,3.5
45.5,-118.8,8.4,0,12.8,3.5
45.5,-118.3,8.4,0,12.8,3.5
45.5,-117.8,8.4,0,12.8,3.5
45.5,-117.3,8.4,0,12.8,3.5
45.5,-116.8,8.4,0,12.8,3.5
45.5,-116.3,8.4,0,12.8,3.5
45.5,-115.8,8.4,0,12.8,3.5
45.5,-115.3,8.4,0,12.8,3.5
45.5,-114.8,8.4,0,12.8,3.5
45.5,-114.3,8.4,0,12.8,3.5
45.5,-113.8,8.4,0,12.8,3.5
45.5,-113.3,8.4,0,12.8,3.5
45.5,-112.8,8.4,0,12.8,3.5
45.5,-112.3,8.4,0,12.8,3.5
45.5,-111.8,8.4,0,12.8,3.5
45.5,-111.3,8.4,0,12.8,3.5
45.5,-110.8,8.4,0,12.8,3.5
45.5,-110.3,8.4,0,12.8,3.5
45.5,-109.8,8.4,0,12.8,3.5
45.5,-109.3,8.4,0,12.8,3.5
45.5,-108.8,8.4,0,12.8,3.5
45.5,-108.3,8.4,0,12.8,3.5
45.5,-107.8,8.4,0,12.8,3.5
45.5,-107.3,8.4,0,12.8,3.5
45.5,-106.8,8.4,0,12.8,3.5
45.5,-106.3,8.4,0,12.8,3.5
45.5,-105.8,8.4,0,12.8,3.5
45.5,-105.3,8.4,0,12.8,3.5
45.5,-104.8,8.4,0,12.8,3.5
45.5,-104.3,8.4,0,12.8,3.5
45.5,-103.8,8.4,0,12.8,3.5
45.5,-103.3,8.4,0,12.8,3.5
45.5,-102.8,8.4,0,12.8,3.5
45.5,-102.3,8.4,0,12.8,3.5
45.5,-101.8,8.4,0,12.8,3.5
45.5,-101.3,8.4,0,12.8,3.5
45.5,-100.8,8.4,0,12.8,3.5
45.5,-100.3,8.4,0,12.8,3.5
45.5,-99.8,8.4,0,12.8,3.5
45.5,-99.3,8.4,0,12.8,3.5
45.5,-98.8,8.4,0,12.8,3.5
45.5,-98.3,8.4,0,12.8,3.5
45.5,-97.8,8.4,0,12.8,3.5
45.5,-97.3,8.4,0,12.8,3.5
45.5,-96.8,8.4,0,12.8,3.5
45.5,-96.3,8.4,0,12.8,3.5
45.5,-95.8,8.4,0,12.8,3.5
45.5,-95.3,8.4,0,12.8,3.5
45.5,-94.8,8.4,0,12.8,3.5
45.5,-94.3,8.4,0,12.8,3.5
45.5,-93.8,8.4,0,12.8,3.5
45.5,-93.3,8.4,0,12.8,3.5
45.5,-92.8,8.4,0,12.8,3.5
45.5,-92.3,8.4,0,12.8,3.5
45.5,-91.8,8.4,0,12.8,3.5
45.5,-91.3,8.4,0,12.8,3.5
45.5,-90.8,8.4,0,12.8,3.5
45.5,-90.3,8.4,0,12.8,3.5
45.5,-89.8,8.4,0,12.8,3.5
45.5,-89.3,8.4,0,12.8,3.5
45.5,-88.8,8.4,0,12.8,3.5
45.5,-88.3,8.4,0,12.8,3.5
45.5,-87.8,8.4,0,12.8,3.5
45.5,-87.3,8.4,0,12.8,3.5
45.5,-86.8,8.4,0,12.8,3.5
45.5,-86.3,8.4,0,12.8,3.5
45.5,-85.8,8.4,0,12.8,3.5
45.5,-85.3,8.4,0,12.8,3.5
45.5,-84.8,8.4,0,12.8,3.5
45.5,-84.3,8.4,0,12.8,3.5
45.5,-83.8,8.4,0,12.8,3.5
45.5,-83.3,8.4,0,12.8,3.5
45.5,-82.8,8.4,0,12.8,3.5
45.5,-82.3,8.4,0,12.8,3.5
45.5,-81.8,8.4,0,12.8,3.5
45.5,-81.3,8.4,0,12.8,3.5
45.5,-80.8,8.4,0,12.8,3.5
45.5,-80.3,8.4,0,12.8,3.5
45.5,-79.8,8.4,0,12.8,3.5
45.5,-79.3,8.4,0,12.8,3.5
45.5,-78.8,8.4,0,12.8,3.5
45.5,-78.3,8.4,0,12.8,3.5
45.5,-77.8,8.4,0,12.8,3.5
45.5,-77.3,8.4,0,12.8,3.5
45.5,-76.8,8.4,0,12.8,3.5
45.5,-76.3,8.4,0,12.8,3.5
45.5,-75.8,8.4,0,12.8,3.5
45.5,-75.3,8.4,0,12.8,3.5
45.5,-74.8,8.4,0,12.8,3.5
45.5,-74.3,8.4,0,12.8,3.5
45.5,-73.8,8.4,0,12.8,3.5
45.5,-73.3,8.4,0,12.8,3.5
45.5,-72.8,8.4,0,12.8,3.5
45.5,-72.3,8.4,0,12.8,3.5
45.5,-71.8,8.4,0,12.8,3.5
45.5,-71.3,8.4,0,12.8,3.5
45.5,-70.8,8.4,0,12.8,3.5
45.5,-70.3,8.4,0,12.8,3.5
45.5,-69.8,8.4,0,12.8,3.5
45.5,-69.3,8.4,0,12.8,3.5
45.5,-68.8,8.4,0,12.8,3.5
45.5,-68.3,8.4,0,12.8,3.5
45.5,-67.8,8.4,0,12.8,3.5
45.5,-67.3,8.4,0,12.8,3.5
45.5,-66.8,8.4,0,12.8,3.5
46.0,-124.8,8.1,0,15.2,3.5
46.0,-124.3,8.1,0,15.2,3.5
46.0,-123.8,8.1,0,15.2,3.5
46.0,-123.3,8.1,0,15.2,3.5
46.0,-122.8,8.1,0,15.2,3.5
46.0,-122.3,8.1,0,15.2,3.5
46.0,-121.8,8.1,0,15.2,3.5
46.0,-121.3,8.1,0,15.2,3.5
46.0,-120.8,8.1,0,15.2,3.5
46.0,-120.3,8.1,0,15.2,3.5
46.0,-119.8,8.1,0,15.2,3.5
46.0,-119.3,8.1,0,15.2,3.5
46.0,-118.8,8.1,0,15.2,3.5
46.0,-118.3,8.1,0,15.2,3.5
46.0,-117.8,8.1,0,15.2,3.5
46.0,-117.3,8.1,0,15.2,3.5
46.0,-116.8,8.1,0,15.2,3.5
46.0,-116.3,8.1,0,15.2,3.5
46.0,-115.8,8.1,0,15.2,3.5
46.0,-115.3,8.1,0,15.2,3.5
46.0,-114.8,8.1,0,15.2,3.5
46.0,-114.3,8.1,0,15.2,3.5
46.0,-113.8,8.1,0,15.2,3.5
46.0,-113.3,8.1,0,15.2,3.5
46.0,-112.8,8.1,0,15.2,3.5
46.0,-112.3,8.1,0,15.2,3.5
46.0,-111.8,8.1,0,15.2,3.5
46.0,-111.3,8.1,0,15.2,3.5
46.0,-110.8,8.1,0,15.2,3.5
46.0,-110.3,8.1,0,15.2,3.5
46.0,-109.8,8.1,0,15.2,3.5
46.0,-109.3,8.1,0,15.2,3.5
46.0,-108.8,8.1,0,15.2,3.5
46.0,-108.3,8.1,0,15.2,3.5
46.0,-107.8,8.1,0,15.2,3.5
46.0,-107.3,8.1,0,15.2,3.5
46.0,-106.8,8.1,0,15.2,3.5
46.0,-106.3,8.1,0,15.2,3.5
46.0,-105.8,8.1,0,15.2,3.5
46.0,-105.3,8.1,0,15.2,3.5
46.0,-104.8,8.1,0,15.2,3.5
46.0,-104.3,8.1,0,15.2,3.5
46.0,-103.8,8.1,0,15.2,3.5
46.0,-103.3,8.1,0,15.2,3.5
46.0,-102.8,8.1,0,15.2,3.5
46.0,-102.3,8.1,0,15.2,3.5
46.0,-101.8,8.1,0,15.2,3.5
46.0,-101.3,8.1,0,15.2,3.5
46.0,-100.8,8.1,0,15.2,3.5
46.0,-100.3,8.1,0,15.2,3.5
46.0,-99.8,8.1,0,15.2,3.5
46.0,-99.3,8.1,0,15.2,3.5
46.0,-98.8,8.1,0,15.2,3.5
46.0,-98.3,8.1,0,15.2,3.5
46.0,-97.8,8.1,0,15.2,3.5
46.0,-97.3,8.1,0,15.2,3.5
46.0,-96.8,8.1,0,15.2,3.5
46.0,-96.3,8.1,0,15.2,3.5
46.0,-95.8,8.1,0,15.2,3.5
46.0,-95.3,8.1,0,15.2,3.5
46.0,-94.8,8.1,0,15.2,3.5
46.0,-94.3,8.1,0,15.2,3.5
46.0,-93.8,8.1,0,15.2,3.5
46.0,-93.3,8.1,0,15.2,3.5
46.0,-92.8,8.1,0,15.2,3.5
46.0,-92.3,8.1,0,15.2,3.5
46.0,-91.8,8.1,0,15.2,3.5
46.0,-91.3,8.1,0,15.2,3.5
46.0,-90.8,8.1,0,15.2,3.5
46.0,-90.3,8.1,0,15.2,3.5
46.0,-89.8,8.1,0,15.2,3.5
46.0,-89.3,8.1,0,15.2,3.5
46.0,-88.8,8.1,0,15.2,3.5
46.0,-88.3,8.1,0,15.2,3.5
46.0,-87.8,8.1,0,15.2,3.5
46.0,-87.3,8.1,0,15.2,3.5
46.0,-86.8,8.1,0,15.2,3.5
46.0,-86.3,8.1,0,15.2,3.5
46.0,-85.8,8.1,0,15.2,3.5
46.0,-85.3,8.1,0,15.2,3.5
46.0,-84.8,8.1,0,15.2,3.5
46.0,-84.3,8.1,0,15.2,3.5
46.0,-83.8,8.1,0,15.2,3.5
46.0,-83.3,8.1,0,15.2,3.5
46.0,-82.8,8.1,0,15.2,3.5
46.0,-82.3,8.1,0,15.2,3.5
46.0,-81.8,8.1,0,15.2,3.5
46.0,-81.3,8.1,0,15.2,3.5
46.0,-80.8,8.1,0,15.2,3.5
46.0,-80.3,8.1,0,15.2,3.5
46.0,-79.8,8.1,0,15.2,3.5
46.0,-79.3,8.1,0,15.2,3.5
46.0,-78.8,8.1,0,15.2,3.5
46.0,-78.3,8.1,0,15.2,3.5
46.0,-77.8,8.1,0,15.2,3.5
46.0,-77.3,8.1,0,15.2,3.5
46.0,-76.8,8.1,0,15.2,3.5
46.0,-76.3,8.1,0,15.2,3.5
46.0,-75.8,8.1,0,15.2,3.5
46.0,-75.3,8.1,0,15.2,3.5
46.0,-74.8,8.1,0,15.2,3.5
46.0,-74.3,8.1,0,15.2,3.5
46.0,-73.8,8.1,0,15.2,3.5
46.0,-73.3,8.1,0,15.2,3.5
46.0,-72.8,8.1,0,15.2,3.5
46.0,-72.3,8.1,0,15.2,3.5
46.0,-71.8,8.1,0,15.2,3.5
46.0,-71.3,8.1,0,15.2,3.5
46.0,-70.8,8.1,0,15.2,3.5
46.0,-70.3,8.1,0,15.2,3.5
46.0,-69.8,8.1,0,15.2,3.5
46.0,-69.3,8.1,0,15.2,3.5
46.0,-68.8,8.1,0,15.2,3.5
46.0,-68.3,8.1,0,15.2,3.5
46.0,-67.8,8.1,0,15.2,3.5
46.0,-67.3,8.1,0,15.2,3.5
46.0,-66.8,8.1,0,15.2,3.5
46.5,-124.8,7.8,0,17.6,3.5
46.5,-124.3,7.8,0,17.6,3.5
46.5,-123.8,7.8,0,17.6,3.5
46.5,-123.3,7.8,0,17.6,3.5
46.5,-122.8,7.8,0,17.6,3.5
46.5,-122.3,7.8,0,17.6,3.5
46.5,-121.8,7.8,0,17.6,3.5
46.5,-121.3,7.8,0,17.6,3.5
46.5,-120.8,7.8,0,17.6,3.5
46.5,-120.3,7.8,0,17.6,3.5
46.5,-119.8,7.8,0,17.6,3.5
46.5,-119.3,7.8,0,17.6,3.5
46.5,-118.8,7.8,0,17.6,3.5
46.5,-118.3,7.8,0,17.6,3.5
46.5,-117.8,7.8,0,17.6,3.5
46.5,-117.3,7.8,0,17.6,3.5
46.5,-116.8,7.8,0,17.6,3.5
46.5,-116.3,7.8,0,17.6,3.5
46.5,-115.8,7.8,0,17.6,3.5
46.5,-115.3,7.8,0,17.6,3.5
46.5,-114.8,7.8,0,17.6,3.5
46.5,-114.3,7.8,0,17.6,3.5
46.5,-113.8,7.8,0,17.6,3.5
46.5,-113.3,7.8,0,17.6,3.5
46.5,-112.8,7.8,0,17.6,3.5
46.5,-112.3,7.8,0,17.6,3.5
46.5,-111.8,7.8,0,17.6,3.5
46.5,-111.3,7.8,0,17.6,3.5
46.5,-110.8,7.8,0,17.6,3.5
46.5,-110.3,7.8,0,17.6,3.5
46.5,-109.8,7.8,0,17.6,3.5
46.5,-109.3,7.8,0,17.6,3.5
46.5,-108.8,7.8,0,17.6,3.5
46.5,-108.3,7.8,0,17.6,3.5
46.5,-107.8,7.8,0,17.6,3.5
46.5,-107.3,7.8,0,17.6,3.5
46.5,-106.8,7.8,0,17.6,3.5
46.5,-106.3,7.8,0,17.6,3.5
46.5,-105.8,7.8,0,17.6,3.5
46.5,-105.3,7.8,0,17.6,3.5
46.5,-104.8,7.8,0,17.6,3.5
46.5,-104.3,7.8,0,17.6,3.5
46.5,-103.8,7.8,0,17.6,3.5
46.5,-103.3,7.8,0,17.6,3.5
46.5,-102.8,7.8,0,17.6,3.5
46.5,-102.3,7.8,0,17.6,3.5
46.5,-101.8,7.8,0,17.6,3.5
46.5,-101.3,7.8,0,17.6,3.5
46.5,-100.8,7.8,0,17.6,3.5
46.5,-100.3,7.8,0,17.6,3.5
46.5,-99.8,7.8,0,17.6,3.5
46.5,-99.3,7.8,0,17.6,3.5
46.5,-98.8,7.8,0,17.6,3.5
46.5,-98.3,7.8,0,17.6,3.5
46.5,-97.8,7.8,0,17.6,3.5
46.5,-97.3,7.8,0,17.6,3.5
46.5,-96.8,7.8,0,17.6,3.5
46.5,-96.3,7.8,0,17.6,3.5
46.5,-95.8,7.8,0,17.6,3.5
46.5,-95.3,7.8,0,17.6,3.5
46.5,-94.8,7.8,0,17.6,3.5
46.5,-94.3,7.8,0,17.6,3.5
46.5,-93.8,7.8,0,17.6,3.5
46.5,-93.3,7.8,0,17.6,3.5
46.5,-92.8,7.8,0,17.6,3.5
46.5,-92.3,7.8,0,17.6,3.5
46.5,-91.8,7.8,0,17.6,3.5
46.5,-91.3,7.8,0,17.6,3.5
46.5,-90.8,7.8,0,17.6,3.5
46.5,-90.3,7.8,0,17.6,3.5
46.5,-89.8,7.8,0,17.6,3.5
46.5,-89.3,7.8,0,17.6,3.5
46.5,-88.8,7.8,0,17.6,3.5
46.5,-88.3,7.8,0,17.6,3.5
46.5,-87.8,7.8,0,17.6,3.5
46.5,-87.3,7.8,0,17.6,3.5
46.5,-86.8,7.8,0,17.6,3.5
46.5,-86.3,7.8,0,17.6,3.5
46.5,-85.8,7.8,0,17.6,3.5
46.5,-85.3,7.8,0,17.6,3.5
46.5,-84.8,7.8,0,17.6,3.5
46.5,-84.3,7.8,0,17.6,3.5
46.5,-83.8,7.8,0,17.6,3.5
46.5,-83.3,7.8,0,17.6,3.5
46.5,-82.8,7.8,0,17.6,3.5
46.5,-82.3,7.8,0,17.6,3.5
46.5,-81.8,7.8,0,17.6,3.5
46.5,-81.3,7.8,0,17.6,3.5
46.5,-80.8,7.8,0,17.6,3.5
46.5,-80.3,7.8,0,17.6,3.5
46.5,-79.8,7.8,0,17.6,3.5
46.5,-79.3,7.8,0,17.6,3.5
46.5,-78.8,7.8,0,17.6,3.5
46.5,-78.3,7.8,0,17.6,3.5
46.5,-77.8,7.8,0,17.6,3.5
46.5,-77.3,7.8,0,17.6,3.5
46.5,-76.8,7.8,0,17.6,3.5
46.5,-76.3,7.8,0,17.6,3.5
46.5,-75.8,7.8,0,17.6,3.5
46.5,-75.3,7.8,0,17.6,3.5
46.5,-74.8,7.8,0,17.6,3.5
46.5,-74.3,7.8,0,17.6,3.5
46.5,-73.8,7.8,0,17.6,3.5
46.5,-73.3,7.8,0,17.6,3.5
46.5,-72.8,7.8,0,17.6,3.5
46.5,-72.3,7.8,0,17.6,3.5
46.5,-71.8,7.8,0,17.6,3.5
46.5,-71.3,7.8,0,17.6,3.5
46.5,-70.8,7.8,0,17.6,3.5
46.5,-70.3,7.8,0,17.6,3.5
46.5,-69.8,7.8,0,17.6,3.5
46.5,-69.3,7.8,0,17.6,3.5
46.5,-68.8,7.8,0,17.6,3.5
46.5,-68.3,7.8,0,17.6,3.5
46.5,-67.8,7.8,0,17.6,3.5
46.5,-67.3,7.8,0,17.6,3.5
46.5,-66.8,7.8,0,17.6,3.5
47.0,-124.8,7.5,0,20.0,3.5
47.0,-124.3,7.5,0,20.0,3.5
47.0,-123.8,7.5,0,20.0,3.5
47.0,-123.3,7.5,0,20.0,3.5
47.0,-122.8,7.5,0,20.0,3.5
47.0,-122.3,7.5,0,20.0,3.5
47.0,-121.8,7.5,0,20.0,3.5
47.0,-121.3,7.5,0,20.0,3.5
47.0,-120.8,7.5,0,20.0,3.5
47.0,-120.3,7.5,0,20.0,3.5
47.0,-119.8,7.5,0,20.0,3.5
47.0,-119.3,7.5,0,20.0,3.5
47.0,-118.8,7.5,0,20.0,3.5
47.0,-118.3,7.5,0,20.0,3.5
47.0,-117.8,7.5,0,20.0,3.5
47.0,-117.3,7.5,0,20.0,3.5
47.0,-116.8,7.5,0,20.0,3.5
47.0,-116.3,7.5,0,20.0,3.5
47.0,-115.8,7.5,0,20.0,3.5
47.0,-115.3,7.5,0,20.0,3.5
47.0,-114.8,7.5,0,20.0,3.5
47.0,-114.3,7.5,0,20.0,3.5
47.0,-113.8,7.5,0,20.0,3.5
47.0,-113.3,7.5,0,20.0,3.5
47.0,-112.8,7.5,0,20.0,3.5
47.0,-112.3,7.5,0,20.0,3.5
47.0,-111.8,7.5,0,20.0,3.5
47.0,-111.3,7.5,0,20.0,3.5
47.0,-110.8,7.5,0,20.0,3.5
47.0,-110.3,7.5,0,20.0,3.5
47.0,-109.8,7.5,0,20.0,3.5
47.0,-109.3,7.5,0,20.0,3.5
47.0,-108.8,7.5,0,20.0,3.5
47.0,-108.3,7.5,0,20.0,3.5
47.0,-107.8,7.5,0,20.0,3.5
47.0,-107.3,7.5,0,20.0,3.5
47.0,-106.8,7.5,0,20.0,3.5
47.0,-106.3,7.5,0,20.0,3.5
47.0,-105.8,7.5,0,20.0,3.5
47.0,-105.3,7.5,0,20.0,3.5
47.0,-104.8,7.5,0,20.0,3.5
47.0,-104.3,7.5,0,20.0,3.5
47.0,-103.8,7.5,0,20.0,3.5
47.0,-103.3,7.5,0,20.0,3.5
47.0,-102.8,7.5,0,20.0,3.5
47.0,-102.3,7.5,0,20.0,3.5
47.0,-101.8,7.5,0,20.0,3.5
47.0,-101.3,7.5,0,20.0,3.5
47.0,-100.8,7.5,0,20.0,3.5
47.0,-100.3,7.5,0,20.0,3.5
47.0,-99.8,7.5,0,20.0,3.5
47.0,-99.3,7.5,0,20.0,3.5
47.0,-98.8,7.5,0,20.0,3.5
47.0,-98.3,7.5,0,20.0,3.5
47.0,-97.8,7.5,0,20.0,3.5
47.0,-97.3,7.5,0,20.0,3.5
47.0,-96.8,7.5,0,20.0,3.5
47.0,-96.3,7.5,0,20.0,3.5
47.0,-95.8,7.5,0,20.0,3.5
47.0,-95.3,7.5,0,20.0,3.5
47.0,-94.8,7.5,0,20.0,3.5
47.0,-94.3,7.5,0,20.0,3.5
47.0,-93.8,7.5,0,20.0,3.5
47.0,-93.3,7.5,0,20.0,3.5
47.0,-92.8,7.5,0,20.0,3.5
47.0,-92.3,7.5,0,20.0,3.5
47.0,-91.8,7.5,0,20.0,3.5
47.0,-91.3,7.5,0,20.0,3.5
47.0,-90.8,7.5,0,20.0,3.5
47.0,-90.3,7.5,0,20.0,3.5
47.0,-89.8,7.5,0,20.0,3.5
47.0,-89.3,7.5,0,20.0,3.5
47.0,-88.8,7.5,0,20.0,3.5
47.0,-88.3,7.5,0,20.0,3.5
47.0,-87.8,7.5,0,20.0,3.5
47.0,-87.3,7.5,0,20.0,3.5
47.0,-86.8,7.5,0,20.0,3.5
47.0,-86.3,7.5,0,20.0,3.5
47.0,-85.8,7.5,0,20.0,3.5
47.0,-85.3,7.5,0,20.0,3.5
47.0,-84.8,7.5,0,20.0,3.5
47.0,-84.3,7.5,0,20.0,3.5
47.0,-83.8,7.5,0,20.0,3.5
47.0,-83.3,7.5,0,20.0,3.5
47.0,-82.8,7.5,0,20.0,3.5
47.0,-82.3,7.5,0,20.0,3.5
47.0,-81.8,7.5,0,20.0,3.5
47.0,-81.3,7.5,0,20.0,3.5
47.0,-80.8,7.5,0,20.0,3.5
47.0,-80.3,7.5,0,20.0,3.5
47.0,-79.8,7.5,0,20.0,3.5
47.0,-79.3,7.5,0,20.0,3.5
47.0,-78.8,7.5,0,20.0,3.5
47.0,-78.3,7.5,0,20.0,3.5
47.0,-77.8,7.5,0,20.0,3.5
47.0,-77.3,7.5,0,20.0,3.5
47.0,-76.8,7.5,0,20.0,3.5
47.0,-76.3,7.5,0,20.0,3.5
47.0,-75.8,7.5,0,20.0,3.5
47.0,-75.3,7.5,0,20.0,3.5
47.0,-74.8,7.5,0,20.0,3.5
47.0,-74.3,7.5,0,20.0,3.5
47.0,-73.8,7.5,0,20.0,3.5
47.0,-73.3,7.5,0,20.0,3.5
47.0,-72.8,7.5,0,20.0,3.5
47.0,-72.3,7.5,0,20.0,3.5
47.0,-71.8,7.5,0,20.0,3.5
47.0,-71.3,7.5,0,20.0,3.5
47.0,-70.8,7.5,0,20.0,3.5
47.0,-70.3,7.5,0,20.0,3.5
47.0,-69.8,7.5,0,20.0,3.5
47.0,-69.3,7.5,0,20.0,3.5
47.0,-68.8,7.5,0,20.0,3.5
47.0,-68.3,7.5,0,20.0,3.5
47.0,-67.8,7.5,0,20.0,3.5
47.0,-67.3,7.5,0,20.0,3.5
47.0,-66.8,7.5,0,20.0,3.5
47.5,-124.8,7.2,0,22.4,3.5
47.5,-124.3,7.2,0,22.4,3.5
47.5,-123.8,7.2,0,22.4,3.5
47.5,-123.3,7.2,0,22.4,3.5
47.5,-122.8,7.2,0,22.4,3.5
47.5,-122.3,7.2,0,22.4,3.5
47.5,-121.8,7.2,0,22.4,3.5
47.5,-121.3,7.2,0,22.4,3.5
47.5,-120.8,7.2,0,22.4,3.5
47.5,-120.3,7.2,0,22.4,3.5
47.5,-119.8,7.2,0,22.4,3.5
47.5,-119.3,7.2,0,22.4,3.5
47.5,-118.8,7.2,0,22.4,3.5
47.5,-118.3,7.2,0,22.4,3.5
47.5,-117.8,7.2,0,22.4,3.5
47.5,-117.3,7.2,0,22.4,3.5
47.5,-116.8,7.2,0,22.4,3.5
47.5,-116.3,7.2,0,22.4,3.5
47.5,-115.8,7.2,0,22.4,3.5
47.5,-115.3,7.2,0,22.4,3.5
47.5,-114.8,7.2,0,22.4,3.5
47.5,-114.3,7.2,0,22.4,3.5
47.5,-113.8,7.2,0,22.4,3.5
47.5,-113.3,7.2,0,22.4,3.5
47.5,-112.8,7.2,0,22.4,3.5
47.5,-112.3,7.2,0,22.4,3.5
47.5,-111.8,7.2,0,22.4,3.5
47.5,-111.3,7.2,0,22.4,3.5
47.5,-110.8,7.2,0,22.4,3.5
47.5,-110.3,7.2,0,22.4,3.5
47.5,-109.8,7.2,0,22.4,3.5
47.5,-109.3,7.2,0,22.4,3.5
47.5,-108.8,7.2,0,22.4,3.5
47.5,-108.3,7.2,0,22.4,3.5
47.5,-107.8,7.2,0,22.4,3.5
47.5,-107.3,7.2,0,22.4,3.5
47.5,-106.8,7.2,0,22.4,3.5
47.5,-106.3,7.2,0,22.4,3.5
47.5,-105.8,7.2,0,22.4,3.5
47.5,-105.3,7.2,0,22.4,3.5
47.5,-104.8,7.2,0,22.4,3.5
47.5,-104.3,7.2,0,22.4,3.5
47.5,-103.8,7.2,0,22.4,3.5
47.5,-103.3,7.2,0,22.4,3.5
47.5,-102.8,7.2,0,22.4,3.5
47.5,-102.3,7.2,0,22.4,3.5
47.5,-101.8,7.2,0,22.4,3.5
47.5,-101.3,7.2,0,22.4,3.5
47.5,-100.8,7.2,0,22.4,3.5
47.5,-100.3,7.2,0,22.4,3.5
47.5,-99.8,7.2,0,22.4,3.5
47.5,-99.3,7.2,0,22.4,3.5
47.5,-98.8,7.2,0,22.4,3.5
47.5,-98.3,7.2,0,22.4,3.5
47.5,-97.8,7.2,0,22.4,3.5
47.5,-97.3,7.2,0,22.4,3.5
47.5,-96.8,7.2,0,22.4,3.5
47.5,-96.3,7.2,0,22.4,3.5
47.5,-95.8,7.2,0,22.4,3.5
47.5,-95.3,7.2,0,22.4,3.5
47.5,-94.8,7.2,0,22.4,3.5
47.5,-94.3,7.2,0,22.4,3.5
47.5,-93.8,7.2,0,22.4,3.5
47.5,-93.3,7.2,0,22.4,3.5
47.5,-92.8,7.2,0,22.4,3.5
47.5,-92.3,7.2,0,22.4,3.5
47.5,-91.8,7.2,0,22.4,3.5
47.5,-91.3,7.2,0,22.4,3.5
47.5,-90.8,7.2,0,22.4,3.5
47.5,-90.3,7.2,0,22.4,3.5
47.5,-89.8,7.2,0,22.4,3.5
47.5,-89.3,7.2,0,22.4,3.5
47.5,-88.8,7.2,0,22.4,3.5
47.5,-88.3,7.2,0,22.4,3.5
47.5,-87.8,7.2,0,22.4,3.5
47.5,-87.3,7.2,0,22.4,3.5
47.5,-86.8,7.2,0,22.4,3.5
47.5,-86.3,7.2,0,22.4,3.5
47.5,-85.8,7.2,0,22.4,3.5
47.5,-85.3,7.2,0,22.4,3.5
47.5,-84.8,7.2,0,22.4,3.5
47.5,-84.3,7.2,0,22.4,3.5
47.5,-83.8,7.2,0,22.4,3.5
47.5,-83.3,7.2,0,22.4,3.5
47.5,-82.8,7.2,0,22.4,3.5
47.5,-82.3,7.2,0,22.4,3.5
47.5,-81.8,7.2,0,22.4,3.5
47.5,-81.3,7.2,0,22.4,3.5
47.5,-80.8,7.2,0,22.4,3.5
47.5,-80.3,7.2,0,22.4,3.5
47.5,-79.8,7.2,0,22.4,3.5
47.5,-79.3,7.2,0,22.4,3.5
47.5,-78.8,7.2,0,22.4,3.5
47.5,-78.3,7.2,0,22.4,3.5
47.5,-77.8,7.2,0,22.4,3.5
47.5,-77.3,7.2,0,22.4,3.5
47.5,-76.8,7.2,0,22.4,3.5
47.5,-76.3,7.2,0,22.4,3.5
47.5,-75.8,7.2,0,22.4,3.5
47.5,-75.3,7.2,0,22.4,3.5
47.5,-74.8,7.2,0,22.4,3.5
47.5,-74.3,7.2,0,22.4,3.5
47.5,-73.8,7.2,0,22.4,3.5
47.5,-73.3,7.2,0,22.4,3.5
47.5,-72.8,7.2,0,22.4,3.5
47.5,-72.3,7.2,0,22.4,3.5
47.5,-71.8,7.2,0,22.4,3.5
47.5,-71.3,7.2,0,22.4,3.5
47.5,-70.8,7.2,0,22.4,3.5
47.5,-70.3,7.2,0,22.4,3.5
47.5,-69.8,7.2,0,22.4,3.5
47.5,-69.3,7.2,0,22.4,3.5
47.5,-68.8,7.2,0,22.4,3.5
47.5,-68.3,7.2,0,22.4,3.5
47.5,-67.8,7.2,0,22.4,3.5
47.5,-67.3,7.2,0,22.4,3.5
47.5,-66.8,7.2,0,22.4,3.5
48.0,-124.8,6.9,0,24.8,3.6
48.0,-124.3,6.9,0,24.8,3.6
48.0,-123.8,6.9,0,24.8,3.6
48.0,-123.3,6.9,0,24.8,3.6
48.0,-122.8,6.9,0,24.8,3.6
48.0,-122.3,6.9,0,24.8,3.6
48.0,-121.8,6.9,0,24.8,3.6
48.0,-121.3,6.9,0,24.8,3.6
48.0,-120.8,6.9,0,24.8,3.6
48.0,-120.3,6.9,0,24.8,3.6
48.0,-119.8,6.9,0,24.8,3.6
48.0,-119.3,6.9,0,24.8,3.6
48.0,-118.8,6.9,0,24.8,3.6
48.0,-118.3,6.9,0,24.8,3.6
48.0,-117.8,6.9,0,24.8,3.6
48.0,-117.3,6.9,0,24.8,3.6
48.0,-116.8,6.9,0,24.8,3.6
48.0,-116.3,6.9,0,24.8,3.6
48.0,-115.8,6.9,0,24.8,3.6
48.0,-115.3,6.9,0,24.8,3.6
48.0,-114.8,6.9,0,24.8,3.6
48.0,-114.3,6.9,0,24.8,3.6
48.0,-113.8,6.9,0,24.8,3.6
48.0,-113.3,6.9,0,24.8,3.6
48.0,-112.8,6.9,0,24.8,3.6
48.0,-112.3,6.9,0,24.8,3.6
48.0,-111.8,6.9,0,24.8,3.6
48.0,-111.3,6.9,0,24.8,3.6
48.0,-110.8,6.9,0,24.8,3.6
48.0,-110.3,6.9,0,24.8,3.6
48.0,-109.8,6.9,0,24.8,3.6
48.0,-109.3,6.9,0,24.8,3.6
48.0,-108.8,6.9,0,24.8,3.6
48.0,-108.3,6.9,0,24.8,3.6
48.0,-107.8,6.9,0,24.8,3.6
48.0,-107.3,6.9,0,24.8,3.6
48.0,-106.8,6.9,0,24.8,3.6
48.0,-106.3,6.9,0,24.8,3.6
48.0,-105.8,6.9,0,24.8,3.6
48.0,-105.3,6.9,0,24.8,3.6
48.0,-104.8,6.9,0,24.8,3.6
48.0,-104.3,6.9,0,24.8,3.6
48.0,-103.8,6.9,0,24.8,3.6
48.0,-103.3,6.9,0,24.8,3.6
48.0,-102.8,6.9,0,24.8,3.6
48.0,-102.3,6.9,0,24.8,3.6
48.0,-101.8,6.9,0,24.8,3.6
48.0,-101.3,6.9,0,24.8,3.6
48.0,-100.8,6.9,0,24.8,3.6
48.0,-100.3,6.9,0,24.8,3.6
48.0,-99.8,6.9,0,24.8,3.6
48.0,-99.3,6.9,0,24.8,3.6
48.0,-98.8,6.9,0,24.8,3.6
48.0,-98.3,6.9,0,24.8,3.6
48.0,-97.8,6.9,0,24.8,3.6
48.0,-97.3,6.9,0,24.8,3.6
48.0,-96.8,6.9,0,24.8,3.6
48.0,-96.3,6.9,0,24.8,3.6
48.0,-95.8,6.9,0,24.8,3.6
48.0,-95.3,6.9,0,24.8,3.6
48.0,-94.8,6.9,0,24.8,3.6
48.0,-94.3,6.9,0,24.8,3.6
48.0,-93.8,6.9,0,24.8,3.6
48.0,-93.3,6.9,0,24.8,3.6
48.0,-92.8,6.9,0,24.8,3.6
48.0,-92.3,6.9,0,24.8,3.6
48.0,-91.8,6.9,0,24.8,3.6
48.0,-91.3,6.9,0,24.8,3.6
48.0,-90.8,6.9,0,24.8,3.6
48.0,-90.3,6.9,0,24.8,3.6
48.0,-89.8,6.9,0,24.8,3.6
48.0,-89.3,6.9,0,24.8,3.6
48.0,-88.8,6.9,0,24.8,3.6
48.0,-88.3,6.9,0,24.8,3.6
48.0,-87.8,6.9,0,24.8,3.6
48.0,-87.3,6.9,0,24.8,3.6
48.0,-86.8,6.9,0,24.8,3.6
48.0,-86.3,6.9,0,24.8,3.6
48.0,-85.8,6.9,0,24.8,3.6
48.0,-85.3,6.9,0,24.8,3.6
48.0,-84.8,6.9,0,24.8,3.6
48.0,-84.3,6.9,0,24.8,3.6
48.0,-83.8,6.9,0,24.8,3.6
48.0,-83.3,6.9,0,24.8,3.6
48.0,-82.8,6.9,0,24.8,3.6
48.0,-82.3,6.9,0,24.8,3.6
48.0,-81.8,6.9,0,24.8,3.6
48.0,-81.3,6.9,0,24.8,3.6
48.0,-80.8,6.9,0,24.8,3.6
48.0,-80.3,6.9,0,24.8,3.6
48.0,-79.8,6.9,0,24.8,3.6
48.0,-79.3,6.9,0,24.8,3.6
48.0,-78.8,6.9,0,24.8,3.6
48.0,-78.3,6.9,0,24.8,3.6
48.0,-77.8,6.9,0,24.8,3.6
48.0,-77.3,6.9,0,24.8,3.6
48.0,-76.8,6.9,0,24.8,3.6
48.0,-76.3,6.9,0,24.8,3.6
48.0,-75.8,6.9,0,24.8,3.6
48.0,-75.3,6.9,0,24.8,3.6
48.0,-74.8,6.9,0,24.8,3.6
48.0,-74.3,6.9,0,24.8,3.6
48.0,-73.8,6.9,0,24.8,3.6
48.0,-73.3,6.9,0,24.8,3.6
48.0,-72.8,6.9,0,24.8,3.6
48.0,-72.3,6.9,0,24.8,3.6
48.0,-71.8,6.9,0,24.8,3.6
48.0,-71.3,6.9,0,24.8,3.6
48.0,-70.8,6.9,0,24.8,3.6
48.0,-70.3,6.9,0,24.8,3.6
48.0,-69.8,6.9,0,24.8,3.6
48.0,-69.3,6.9,0,24.8,3.6
48.0,-68.8,6.9,0,24.8,3.6
48.0,-68.3,6.9,0,24.8,3.6
48.0,-67.8,6.9,0,24.8,3.6
48.0,-67.3,6.9,0,24.8,3.6
48.0,-66.8,6.9,0,24.8,3.6
48.5,-124.8,6.6,0,27.2,3.6
48.5,-124.3,6.6,0,27.2,3.6
48.5,-123.8,6.6,0,27.2,3.6
48.5,-123.3,6.6,0,27.2,3.6
48.5,-122.8,6.6,0,27.2,3.6
48.5,-122.3,6.6,0,27.2,3.6
48.5,-121.8,6.6,0,27.2,3.6
48.5,-121.3,6.6,0,27.2,3.6
48.5,-120.8,6.6,0,27.2,3.6
48.5,-120.3,6.6,0,27.2,3.6
48.5,-119.8,6.6,0,27.2,3.6
48.5,-119.3,6.6,0,27.2,3.6
48.5,-118.8,6.6,0,27.2,3.6
48.5,-118.3,6.6,0,27.2,3.6
48.5,-117.8,6.6,0,27.2,3.6
48.5,-117.3,6.6,0,27.2,3.6
48.5,-116.8,6.6,0,27.2,3.6
48.5,-116.3,6.6,0,27.2,3.6
48.5,-115.8,6.6,0,27.2,3.6
48.5,-115.3,6.6,0,27.2,3.6
48.5,-114.8,6.6,0,27.2,3.6
48.5,-114.3,6.6,0,27.2,3.6
48.5,-113.8,6.6,0,27.2,3.6
48.5,-113.3,6.6,0,27.2,3.6
48.5,-112.8,6.6,0,27.2,3.6
48.5,-112.3,6.6,0,27.2,3.6
48.5,-111.8,6.6,0,27.2,3.6
48.5,-111.3,6.6,0,27.2,3.6
48.5,-110.8,6.6,0,27.2,3.6
48.5,-110.3,6.6,0,27.2,3.6
48.5,-109.8,6.6,0,27.2,3.6
48.5,-109.3,6.6,0,27.2,3.6
48.5,-108.8,6.6,0,27.2,3.6
48.5,-108.3,6.6,0,27.2,3.6
48.5,-107.8,6.6,0,27.2,3.6
48.5,-107.3,6.6,0,27.2,3.6
48.5,-106.8,6.6,0,27.2,3.6
48.5,-106.3,6.6,0,27.2,3.6
48.5,-105.8,6.6,0,27.2,3.6
48.5,-105.3,6.6,0,27.2,3.6
48.5,-104.8,6.6,0,27.2,3.6
48.5,-104.3,6.6,0,27.2,3.6
48.5,-103.8,6.6,0,27.2,3.6
48.5,-103.3,6.6,0,27.2,3.6
48.5,-102.8,6.6,0,27.2,3.6
48.5,-102.3,6.6,0,27.2,3.6
48.5,-101.8,6.6,0,27.2,3.6
48.5,-101.3,6.6,0,27.2,3.6
48.5,-100.8,6.6,0,27.2,3.6
48.5,-100.3,6.6,0,27.2,3.6
48.5,-99.8,6.6,0,27.2,3.6
48.5,-99.3,6.6,0,27.2,3.6
48.5,-98.8,6.6,0,27.2,3.6
48.5,-98.3,6.6,0,27.2,3.6
48.5,-97.8,6.6,0,27.2,3.6
48.5,-97.3,6.6,0,27.2,3.6
48.5,-96.8,6.6,0,27.2,3.6
48.5,-96.3,6.6,0,27.2,3.6
48.5,-95.8,6.6,0,27.2,3.6
48.5,-95.3,6.6,0,27.2,3.6
48.5,-94.8,6.6,0,27.2,3.6
48.5,-94.3,6.6,0,27.2,3.6
48.5,-93.8,6.6,0,27.2,3.6
48.5,-93.3,6.6,0,27.2,3.6
48.5,-92.8,6.6,0,27.2,3.6
48.5,-92.3,6.6,0,27.2,3.6
48.5,-91.8,6.6,0,27.2,3.6
48.5,-91.3,6.6,0,27.2,3.6
48.5,-90.8,6.6,0,27.2,3.6
48.5,-90.3,6.6,0,27.2,3.6
48.5,-89.8,6.6,0,27.2,3.6
48.5,-89.3,6.6,0,27.2,3.6
48.5,-88.8,6.6,0,27.2,3.6
48.5,-88.3,6.6,0,27.2,3.6
48.5,-87.8,6.6,0,27.2,3.6
48.5,-87.3,6.6,0,27.2,3.6
48.5,-86.8,6.6,0,27.2,3.6
48.5,-86.3,6.6,0,27.2,3.6
48.5,-85.8,6.6,0,27.2,3.6
48.5,-85.3,6.6,0,27.2,3.6
48.5,-84.8,6.6,0,27.2,3.6
48.5,-84.3,6.6,0,27.2,3.6
48.5,-83.8,6.6,0,27.2,3.6
48.5,-83.3,6.6,0,27.2,3.6
48.5,-82.8,6.6,0,27.2,3.6
48.5,-82.3,6.6,0,27.2,3.6
48.5,-81.8,6.6,0,27.2,3.6
48.5,-81.3,6.6,0,27.2,3.6
48.5,-80.8,6.6,0,27.2,3.6
48.5,-80.3,6.6,0,27.2,3.6
48.5,-79.8,6.6,0,27.2,3.6
48.5,-79.3,6.6,0,27.2,3.6
48.5,-78.8,6.6,0,27.2,3.6
48.5,-78.3,6.6,0,27.2,3.6
48.5,-77.8,6.6,0,27.2,3.6
48.5,-77.3,6.6,0,27.2,3.6
48.5,-76.8,6.6,0,27.2,3.6
48.5,-76.3,6.6,0,27.2,3.6
48.5,-75.8,6.6,0,27.2,3.6
48.5,-75.3,6.6,0,27.2,3.6
48.5,-74.8,6.6,0,27.2,3.6
48.5,-74.3,6.6,0,27.2,3.6
48.5,-73.8,6.6,0,27.2,3.6
48.5,-73.3,6.6,0,27.2,3.6
48.5,-72.8,6.6,0,27.2,3.6
48.5,-72.3,6.6,0,27.2,3.6
48.5,-71.8,6.6,0,27.2,3.6
48.5,-71.3,6.6,0,27.2,3.6
48.5,-70.8,6.6,0,27.2,3.6
48.5,-70.3,6.6,0,27.2,3.6
48.5,-69.8,6.6,0,27.2,3.6
48.5,-69.3,6.6,0,27.2,3.6
48.5,-68.8,6.6,0,27.2,3.6
48.5,-68.3,6.6,0,27.2,3.6
48.5,-67.8,6.6,0,27.2,3.6
48.5,-67.3,6.6,0,27.2,3.6
48.5,-66.8,6.6,0,27.2,3.6
49.0,-124.8,6.3,0,29.6,3.6
49.0,-124.3,6.3,0,29.6,3.6
49.0,-123.8,6.3,0,29.6,3.6
49.0,-123.3,6.3,0,29.6,3.6
49.0,-122.8,6.3,0,29.6,3.6
49.0,-122.3,6.3,0,29.6,3.6
49.0,-121.8,6.3,0,29.6,3.6
49.0,-121.3,6.3,0,29.6,3.6
49.0,-120.8,6.3,0,29.6,3.6
49.0,-120.3,6.3,0,29.6,3.6
49.0,-119.8,6.3,0,29.6,3.6
49.0,-119.3,6.3,0,29.6,3.6
49.0,-118.8,6.3,0,29.6,3.6
49.0,-118.3,6.3,0,29.6,3.6
49.0,-117.8,6.3,0,29.6,3.6
49.0,-117.3,6.3,0,29.6,3.6
49.0,-116.8,6.3,0,29.6,3.6
49.0,-116.3,6.3,0,29.6,3.6
49.0,-115.8,6.3,0,29.6,3.6
49.0,-115.3,6.3,0,29.6,3.6
49.0,-114.8,6.3,0,29.6,3.6
49.0,-114.3,6.3,0,29.6,3.6
49.0,-113.8,6.3,0,29.6,3.6
49.0,-113.3,6.3,0,29.6,3.6
49.0,-112.8,6.3,0,29.6,3.6
49.0,-112.3,6.3,0,29.6,3.6
49.0,-111.8,6.3,0,29.6,3.6
49.0,-111.3,6.3,0,29.6,3.6
49.0,-110.8,6.3,0,29.6,3.6
49.0,-110.3,6.3,0,29.6,3.6
49.0,-109.8,6.3,0,29.6,3.6
49.0,-109.3,6.3,0,29.6,3.6
49.0,-108.8,6.3,0,29.6,3.6
49.0,-108.3,6.3,0,29.6,3.6
49.0,-107.8,6.3,0,29.6,3.6
49.0,-107.3,6.3,0,29.6,3.6
49.0,-106.8,6.3,0,29.6,3.6
49.0,-106.3,6.3,0,29.6,3.6
49.0,-105.8,6.3,0,29.6,3.6
49.0,-105.3,6.3,0,29.6,3.6
49.0,-104.8,6.3,0,29.6,3.6
49.0,-104.3,6.3,0,29.6,3.6
49.0,-103.8,6.3,0,29.6,3.6
49.0,-103.3,6.3,0,29.6,3.6
49.0,-102.8,6.3,0,29.6,3.6
49.0,-102.3,6.3,0,29.6,3.6
49.0,-101.8,6.3,0,29.6,3.6
49.0,-101.3,6.3,0,29.6,3.6
49.0,-100.8,6.3,0,29.6,3.6
49.0,-100.3,6.3,0,29.6,3.6
49.0,-99.8,6.3,0,29.6,3.6
49.0,-99.3,6.3,0,29.6,3.6
49.0,-98.8,6.3,0,29.6,3.6
49.0,-98.3,6.3,0,29.6,3.6
49.0,-97.8,6.3,0,29.6,3.6
49.0,-97.3,6.3,0,29.6,3.6
49.0,-96.8,6.3,0,29.6,3.6
49.0,-96.3,6.3,0,29.6,3.6
49.0,-95.8,6.3,0,29.6,3.6
49.0,-95.3,6.3,0,29.6,3.6
49.0,-94.8,6.3,0,29.6,3.6
49.0,-94.3,6.3,0,29.6,3.6
49.0,-93.8,6.3,0,29.6,3.6
49.0,-93.3,6.3,0,29.6,3.6
49.0,-92.8,6.3,0,29.6,3.6
49.0,-92.3,6.3,0,29.6,3.6
49.0,-91.8,6.3,0,29.6,3.6
49.0,-91.3,6.3,0,29.6,3.6
49.0,-90.8,6.3,0,29.6,3.6
49.0,-90.3,6.3,0,29.6,3.6
49.0,-89.8,6.3,0,29.6,3.6
49.0,-89.3,6.3,0,29.6,3.6
49.0,-88.8,6.3,0,29.6,3.6
49.0,-88.3,6.3,0,29.6,3.6
49.0,-87.8,6.3,0,29.6,3.6
49.0,-87.3,6.3,0,29.6,3.6
49.0,-86.8,6.3,0,29.6,3.6
49.0,-86.3,6.3,0,29.6,3.6
49.0,-85.8,6.3,0,29.6,3.6
49.0,-85.3,6.3,0,29.6,3.6
49.0,-84.8,6.3,0,29.6,3.6
49.0,-84.3,6.3,0,29.6,3.6
49.0,-83.8,6.3,0,29.6,3.6
49.0,-83.3,6.3,0,29.6,3.6
49.0,-82.8,6.3,0,29.6,3.6
49.0,-82.3,6.3,0,29.6,3.6
49.0,-81.8,6.3,0,29.6,3.6
49.0,-81.3,6.3,0,29.6,3.6
49.0,-80.8,6.3,0,29.6,3.6
49.0,-80.3,6.3,0,29.6,3.6
49.0,-79.8,6.3,0,29.6,3.6
49.0,-79.3,6.3,0,29.6,3.6
49.0,-78.8,6.3,0,29.6,3.6
49.0,-78.3,6.3,0,29.6,3.6
49.0,-77.8,6.3,0,29.6,3.6
49.0,-77.3,6.3,0,29.6,3.6
49.0,-76.8,6.3,0,29.6,3.6
49.0,-76.3,6.3,0,29.6,3.6
49.0,-75.8,6.3,0,29.6,3.6
49.0,-75.3,6.3,0,29.6,3.6
49.0,-74.8,6.3,0,29.6,3.6
49.0,-74.3,6.3,0,29.6,3.6
49.0,-73.8,6.3,0,29.6,3.6
49.0,-73.3,6.3,0,29.6,3.6
49.0,-72.8,6.3,0,29.6,3.6
49.0,-72.3,6.3,0,29.6,3.6
49.0,-71.8,6.3,0,29.6,3.6
49.0,-71.3,6.3,0,29.6,3.6
49.0,-70.8,6.3,0,29.6,3.6
49.0,-70.3,6.3,0,29.6,3.6
49.0,-69.8,6.3,0,29.6,3.6
49.0,-69.3,6.3,0,29.6,3.6
49.0,-68.8,6.3,0,29.6,3.6
49.0,-68.3,6.3,0,29.6,3.6
49.0,-67.8,6.3,0,29.6,3.6
49.0,-67.3,6.3,0,29.6,3.6
49.0,-66.8,6.3,0,29.6,3.6
49.5,-124.8,6.0,0,32.0,3.6
49.5,-124.3,6.0,0,32.0,3.6
49.5,-123.8,6.0,0,32.0,3.6
49.5,-123.3,6.0,0,32.0,3.6
49.5,-122.8,6.0,0,32.0,3.6
49.5,-122.3,6.0,0,32.0,3.6
49.5,-121.8,6.0,0,32.0,3.6
49.5,-121.3,6.0,0,32.0,3.6
49.5,-120.8,6.0,0,32.0,3.6
49.5,-120.3,6.0,0,32.0,3.6
49.5,-119.8,6.0,0,32.0,3.6
49.5,-119.3,6.0,0,32.0,3.6
49.5,-118.8,6.0,0,32.0,3.6
49.5,-118.3,6.0,0,32.0,3.6
49.5,-117.8,6.0,0,32.0,3.6
49.5,-117.3,6.0,0,32.0,3.6
49.5,-116.8,6.0,0,32.0,3.6
49.5,-116.3,6.0,0,32.0,3.6
49.5,-115.8,6.0,0,32.0,3.6
49.5,-115.3,6.0,0,32.0,3.6
49.5,-114.8,6.0,0,32.0,3.6
49.5,-114.3,6.0,0,32.0,3.6
49.5,-113.8,6.0,0,32.0,3.6
49.5,-113.3,6.0,0,32.0,3.6
49.5,-112.8,6.0,0,32.0,3.6
49.5,-112.3,6.0,0,32.0,3.6
49.5,-111.8,6.0,0,32.0,3.6
49.5,-111.3,6.0,0,32.0,3.6
49.5,-110.8,6.0,0,32.0,3.6
49.5,-110.3,6.0,0,32.0,3.6
49.5,-109.8,6.0,0,32.0,3.6
49.5,-109.3,6.0,0,32.0,3.6
49.5,-108.8,6.0,0,32.0,3.6
49.5,-108.3,6.0,0,32.0,3.6
49.5,-107.8,6.0,0,32.0,3.6
49.5,-107.3,6.0,0,32.0,3.6
49.5,-106.8,6.0,0,32.0,3.6
49.5,-106.3,6.0,0,32.0,3.6
49.5,-105.8,6.0,0,32.0,3.6
49.5,-105.3,6.0,0,32.0,3.6
49.5,-104.8,6.0,0,32.0,3.6
49.5,-104.3,6.0,0,32.0,3.6
49.5,-103.8,6.0,0,32.0,3.6
49.5,-103.3,6.0,0,32.0,3.6
49.5,-102.8,6.0,0,32.0,3.6
49.5,-102.3,6.0,0,32.0,3.6
49.5,-101.8,6.0,0,32.0,3.6
49.5,-101.3,6.0,0,32.0,3.6
49.5,-100.8,6.0,0,32.0,3.6
49.5,-100.3,6.0,0,32.0,3.6
49.5,-99.8,6.0,0,32.0,3.6
49.5,-99.3,6.0,0,32.0,3.6
49.5,-98.8,6.0,0,32.0,3.6
49.5,-98.3,6.0,0,32.0,3.6
49.5,-97.8,6.0,0,32.0,3.6
49.5,-97.3,6.0,0,32.0,3.6
49.5,-96.8,6.0,0,32.0,3.6
49.5,-96.3,6.0,0,32.0,3.6
49.5,-95.8,6.0,0,32.0,3.6
49.5,-95.3,6.0,0,32.0,3.6
49.5,-94.8,6.0,0,32.0,3.6
49.5,-94.3,6.0,0,32.0,3.6
49.5,-93.8,6.0,0,32.0,3.6
49.5,-93.3,6.0,0,32.0,3.6
49.5,-92.8,6.0,0,32.0,3.6
49.5,-92.3,6.0,0,32.0,3.6
49.5,-91.8,6.0,0,32.0,3.6
49.5,-91.3,6.0,0,32.0,3.6
49.5,-90.8,6.0,0,32.0,3.6
49.5,-90.3,6.0,0,32.0,3.6
49.5,-89.8,6.0,0,32.0,3.6
49.5,-89.3,6.0,0,32.0,3.6
49.5,-88.8,6.0,0,32.0,3.6
49.5,-88.3,6.0,0,32.0,3.6
49.5,-87.8,6.0,0,32.0,3.6
49.5,-87.3,6.0,0,32.0,3.6
49.5,-86.8,6.0,0,32.0,3.6
49.5,-86.3,6.0,0,32.0,3.6
49.5,-85.8,6.0,0,32.0,3.6
49.5,-85.3,6.0,0,32.0,3.6
49.5,-84.8,6.0,0,32.0,3.6
49.5,-84.3,6.0,0,32.0,3.6
49.5,-83.8,6.0,0,32.0,3.6
49.5,-83.3,6.0,0,32.0,3.6
49.5,-82.8,6.0,0,32.0,3.6
49.5,-82.3,6.0,0,32.0,3.6
49.5,-81.8,6.0,0,32.0,3.6
49.5,-81.3,6.0,0,32.0,3.6
49.5,-80.8,6.0,0,32.0,3.6
49.5,-80.3,6.0,0,32.0,3.6
49.5,-79.8,6.0,0,32.0,3.6
49.5,-79.3,6.0,0,32.0,3.6
49.5,-78.8,6.0,0,32.0,3.6
49.5,-78.3,6.0,0,32.0,3.6
49.5,-77.8,6.0,0,32.0,3.6
49.5,-77.3,6.0,0,32.0,3.6
49.5,-76.8,6.0,0,32.0,3.6
49.5,-76.3,6.0,0,32.0,3.6
49.5,-75.8,6.0,0,32.0,3.6
49.5,-75.3,6.0,0,32.0,3.6
49.5,-74.8,6.0,0,32.0,3.6
49.5,-74.3,6.0,0,32.0,3.6
49.5,-73.8,6.0,0,32.0,3.6
49.5,-73.3,6.0,0,32.0,3.6
49.5,-72.8,6.0,0,32.0,3.6
49.5,-72.3,6.0,0,32.0,3.6
49.5,-71.8,6.0,0,32.0,3.6
49.5,-71.3,6.0,0,32.0,3.6
49.5,-70.8,6.0,0,32.0,3.6
49.5,-70.3,6.0,0,32.0,3.6
49.5,-69.8,6.0,0,32.0,3.6
49.5,-69.3,6.0,0,32.0,3.6
49.5,-68.8,6.0,0,32.0,3.6
49.5,-68.3,6.0,0,32.0,3.6
49.5,-67.8,6.0,0,32.0,3.6
49.5,-67.3,6.0,0,32.0,3.6
49.5,-66.8,6.0,0,32.0,3.6
