lon,lat,pga_g
19.0,34.5,0.05
19.05,34.5,0.05
19.1,34.5,0.05
19.15,34.5,0.05
19.2,34.5,0.05
19.25,34.5,0.05
19.3,34.5,0.05
19.35,34.5,0.05
19.4,34.5,0.05
19.45,34.5,0.05
19.5,34.5,0.05
19.55,34.5,0.05
19.6,34.5,0.05
19.65,34.5,0.05
19.7,34.5,0.05
19.75,34.5,0.05
19.8,34.5,0.05
19.85,34.5,0.05
19.9,34.5,0.05
19.95,34.5,0.05
20.0,34.5,0.05
20.05,34.5,0.05
20.1,34.5,0.05
20.15,34.5,0.05
20.2,34.5,0.05
20.25,34.5,0.05
20.3,34.5,0.05
20.35,34.5,0.05
20.4,34.5,0.05
20.45,34.5,0.05
20.5,34.5,0.05
20.55,34.5,0.05
20.6,34.5,0.05
20.65,34.5,0.05
20.7,34.5,0.05
20.75,34.5,0.05
20.8,34.5,0.05
20.85,34.5,0.05
20.9,34.5,0.05
20.95,34.5,0.05
21.0,34.5,0.05
21.05,34.5,0.05
21.1,34.5,0.05
21.15,34.5,0.05
21.2,34.5,0.05
21.25,34.5,0.05
21.3,34.5,0.05
21.35,34.5,0.05
21.4,34.5,0.05
21.45,34.5,0.05
21.5,34.5,0.05
21.55,34.5,0.05
21.6,34.5,0.05
21.65,34.5,0.05
21.7,34.5,0.05
21.75,34.5,0.05
21.8,34.5,0.05
21.85,34.5,0.05
21.9,34.5,0.05
21.95,34.5,0.05
22.0,34.5,0.05
22.05,34.5,0.05
22.1,34.5,0.05
22.15,34.5,0.05
22.2,34.5,0.05
22.25,34.5,0.05
22.3,34.5,0.05
22.35,34.5,0.05
22.4,34.5,0.05
22.45,34.5,0.05
22.5,34.5,0.05
22.55,34.5,0.05
22.6,34.5,0.05
22.65,34.5,0.05
22.7,34.5,0.05
22.75,34.5,0.05
22.8,34.5,0.05
22.85,34.5,0.05
22.9,34.5,0.05
22.95,34.5,0.05
23.0,34.5,0.05
23.05,34.5,0.05
23.1,34.5,0.05
23.15,34.5,0.05
23.2,34.5,0.05
23.25,34.5,0.05
23.3,34.5,0.05
23.35,34.5,0.05
23.4,34.5,0.05
23.45,34.5,0.05
23.5,34.5,0.05
23.55,34.5,0.05
23.6,34.5,0.05
23.65,34.5,0.05
23.7,34.5,0.05
23.75,34.5,0.05
23.8,34.5,0.05
23.85,34.5,0.05
23.9,34.5,0.05
23.95,34.5,0.05
24.0,34.5,0.05
24.05,34.5,0.05
24.1,34.5,0.05
24.15,34.5,0.05
24.2,34.5,0.05
24.25,34.5,0.05
24.3,34.5,0.05
24.35,34.5,0.05
24.4,34.5,0.05
24.45,34.5,0.05
24.5,34.5,0.05
24.55,34.5,0.05
24.6,34.5,0.05
24.65,34.5,0.05
24.7,34.5,0.05
24.75,34.5,0.05
24.8,34.5,0.05
24.85,34.5,0.05
24.9,34.5,0.05
24.95,34.5,0.05
25.0,34.5,0.05
25.05,34.5,0.05
25.1,34.5,0.05
25.15,34.5,0.05
25.2,34.5,0.05
25.25,34.5,0.05
25.3,34.5,0.05
25.35,34.5,0.05
25.4,34.5,0.05
25.45,34.5,0.05
25.5,34.5,0.05
25.55,34.5,0.05
25.6,34.5,0.05
25.65,34.5,0.05
25.7,34.5,0.05
25.75,34.5,0.05
25.8,34.5,0.05
25.85,34.5,0.05
25.9,34.5,0.05
25.95,34.5,0.05
26.0,34.5,0.05
26.05,34.5,0.05
26.1,34.5,0.05
26.15,34.5,0.05
26.2,34.5,0.05
26.25,34.5,0.05
26.3,34.5,0.05
26.35,34.5,0.05
26.4,34.5,0.05
26.45,34.5,0.05
26.5,34.5,0.05
26.55,34.5,0.05
26.6,34.5,0.05
26.65,34.5,0.05
26.7,34.5,0.05
26.75,34.5,0.05
26.8,34.5,0.05
26.85,34.5,0.05
26.9,34.5,0.05
26.95,34.5,0.05
27.0,34.5,0.05
27.05,34.5,0.05
27.1,34.5,0.05
27.15,34.5,0.05
27.2,34.5,0.05
27.25,34.5,0.05
27.3,34.5,0.05
27.35,34.5,0.05
27.4,34.5,0.05
27.45,34.5,0.05
27.5,34.5,0.05
27.55,34.5,0.05
27.6,34.5,0.05
27.65,34.5,0.05
27.7,34.5,0.05
27.75,34.5,0.05
27.8,34.5,0.05
27.85,34.5,0.05
27.9,34.5,0.05
27.95,34.5,0.05
28.0,34.5,0.05
28.05,34.5,0.05
28.1,34.5,0.05
28.15,34.5,0.05
28.2,34.5,0.05
28.25,34.5,0.05
28.3,34.5,0.05
28.35,34.5,0.05
28.4,34.5,0.05
28.45,34.5,0.05
28.5,34.5,0.05
28.55,34.5,0.05
28.6,34.5,0.05
28.65,34.5,0.05
28.7,34.5,0.05
28.75,34.5,0.05
28.8,34.5,0.05
28.85,34.5,0.05
28.9,34.5,0.05
28.95,34.5,0.05
29.0,34.5,0.05
29.05,34.5,0.05
29.1,34.5,0.05
29.15,34.5,0.05
29.2,34.5,0.05
29.25,34.5,0.05
29.3,34.5,0.05
29.35,34.5,0.05
29.4,34.5,0.05
29.45,34.5,0.05
29.5,34.5,0.05
19.0,34.55,0.05
19.05,34.55,0.05
19.1,34.55,0.05
19.15,34.55,0.05
19.2,34.55,0.05
19.25,34.55,0.05
19.3,34.55,0.05
19.35,34.55,0.05
19.4,34.55,0.05
19.45,34.55,0.05
19.5,34.55,0.05
19.55,34.55,0.05
19.6,34.55,0.05
19.65,34.55,0.05
19.7,34.55,0.05
19.75,34.55,0.05
19.8,34.55,0.05
19.85,34.55,0.05
19.9,34.55,0.05
19.95,34.55,0.05
20.0,34.55,0.05
20.05,34.55,0.05
20.1,34.55,0.05
20.15,34.55,0.05
20.2,34.55,0.05
20.25,34.55,0.05
20.3,34.55,0.05
20.35,34.55,0.05
20.4,34.55,0.05
20.45,34.55,0.05
20.5,34.55,0.05
20.55,34.55,0.05
20.6,34.55,0.05
20.65,34.55,0.05
20.7,34.55,0.05
20.75,34.55,0.05
20.8,34.55,0.05
20.85,34.55,0.05
20.9,34.55,0.05
20.95,34.55,0.05
21.0,34.55,0.05
21.05,34.55,0.05
21.1,34.55,0.05
21.15,34.55,0.05
21.2,34.55,0.05
21.25,34.55,0.05
21.3,34.55,0.05
21.35,34.55,0.05
21.4,34.55,0.05
21.45,34.55,0.05
21.5,34.55,0.05
21.55,34.55,0.05
21.6,34.55,0.05
21.65,34.55,0.05
21.7,34.55,0.05
21.75,34.55,0.05
21.8,34.55,0.05
21.85,34.55,0.05
21.9,34.55,0.05
21.95,34.55,0.05
22.0,34.55,0.05
22.05,34.55,0.05
22.1,34.55,0.05
22.15,34.55,0.05
22.2,34.55,0.05
22.25,34.55,0.05
22.3,34.55,0.05
22.35,34.55,0.05
22.4,34.55,0.05
22.45,34.55,0.05
22.5,34.55,0.05
22.55,34.55,0.05
22.6,34.55,0.05
22.65,34.55,0.05
22.7,34.55,0.05
22.75,34.55,0.05
22.8,34.55,0.05
22.85,34.55,0.05
22.9,34.55,0.05
22.95,34.55,0.05
23.0,34.55,0.05
23.05,34.55,0.05
23.1,34.55,0.05
23.15,34.55,0.05
23.2,34.55,0.05
23.25,34.55,0.05
23.3,34.55,0.05
23.35,34.55,0.05
23.4,34.55,0.05
23.45,34.55,0.05
23.5,34.55,0.05
23.55,34.55,0.05
23.6,34.55,0.05
23.65,34.55,0.05
23.7,34.55,0.05
23.75,34.55,0.05
23.8,34.55,0.05
23.85,34.55,0.05
23.9,34.55,0.05
23.95,34.55,0.05
24.0,34.55,0.05
24.05,34.55,0.05
24.1,34.55,0.05
24.15,34.55,0.05
24.2,34.55,0.05
24.25,34.55,0.05
24.3,34.55,0.05
24.35,34.55,0.05
24.4,34.55,0.05
24.45,34.55,0.05
24.5,34.55,0.05
24.55,34.55,0.05
24.6,34.55,0.05
24.65,34.55,0.05
24.7,34.55,0.05
24.75,34.55,0.05
24.8,34.55,0.05
24.85,34.55,0.05
24.9,34.55,0.05
24.95,34.55,0.05
25.0,34.55,0.05
25.05,34.55,0.05
25.1,34.55,0.05
25.15,34.55,0.05
25.2,34.55,0.05
25.25,34.55,0.05
25.3,34.55,0.05
25.35,34.55,0.05
25.4,34.55,0.05
25.45,34.55,0.05
25.5,34.55,0.05
25.55,34.55,0.05
25.6,34.55,0.05
25.65,34.55,0.05
25.7,34.55,0.05
25.75,34.55,0.05
25.8,34.55,0.05
25.85,34.55,0.05
25.9,34.55,0.05
25.95,34.55,0.05
26.0,34.55,0.05
26.05,34.55,0.05
26.1,34.55,0.05
26.15,34.55,0.05
26.2,34.55,0.05
26.25,34.55,0.05
26.3,34.55,0.05
26.35,34.55,0.05
26.4,34.55,0.05
26.45,34.55,0.05
26.5,34.55,0.05
26.55,34.55,0.05
26.6,34.55,0.05
26.65,34.55,0.05
26.7,34.55,0.05
26.75,34.55,0.05
26.8,34.55,0.05
26.85,34.55,0.05
26.9,34.55,0.05
26.95,34.55,0.05
27.0,34.55,0.05
27.05,34.55,0.05
27.1,34.55,0.05
27.15,34.55,0.05
27.2,34.55,0.05
27.25,34.55,0.05
27.3,34.55,0.05
27.35,34.55,0.05
27.4,34.55,0.05
27.45,34.55,0.05
27.5,34.55,0.05
27.55,34.55,0.05
27.6,34.55,0.05
27.65,34.55,0.05
27.7,34.55,0.05
27.75,34.55,0.05
27.8,34.55,0.05
27.85,34.55,0.05
27.9,34.55,0.05
27.95,34.55,0.05
28.0,34.55,0.05
28.05,34.55,0.05
28.1,34.55,0.05
28.15,34.55,0.05
28.2,34.55,0.05
28.25,34.55,0.05
28.3,34.55,0.05
28.35,34.55,0.05
28.4,34.55,0.05
28.45,34.55,0.05
28.5,34.55,0.05
28.55,34.55,0.05
28.6,34.55,0.05
28.65,34.55,0.05
28.7,34.55,0.05
28.75,34.55,0.05
28.8,34.55,0.05
28.85,34.55,0.05
28.9,34.55,0.05
28.95,34.55,0.05
29.0,34.55,0.05
29.05,34.55,0.05
29.1,34.55,0.05
29.15,34.55,0.05
29.2,34.55,0.05
29.25,34.55,0.05
29.3,34.55,0.05
29.35,34.55,0.05
29.4,34.55,0.05
29.45,34.55,0.05
29.5,34.55,0.05
19.0,34.6,0.05
19.05,34.6,0.05
19.1,34.6,0.05
19.15,34.6,0.05
19.2,34.6,0.05
19.25,34.6,0.05
19.3,34.6,0.05
19.35,34.6,0.05
19.4,34.6,0.05
19.45,34.6,0.05
19.5,34.6,0.05
19.55,34.6,0.05
19.6,34.6,0.05
19.65,34.6,0.05
19.7,34.6,0.05
19.75,34.6,0.05
19.8,34.6,0.05
19.85,34.6,0.05
19.9,34.6,0.05
19.95,34.6,0.05
20.0,34.6,0.05
20.05,34.6,0.05
20.1,34.6,0.05
20.15,34.6,0.05
20.2,34.6,0.05
20.25,34.6,0.05
20.3,34.6,0.05
20.35,34.6,0.05
20.4,34.6,0.05
20.45,34.6,0.05
20.5,34.6,0.05
20.55,34.6,0.05
20.6,34.6,0.05
20.65,34.6,0.05
20.7,34.6,0.05
20.75,34.6,0.05
20.8,34.6,0.05
20.85,34.6,0.05
20.9,34.6,0.05
20.95,34.6,0.05
21.0,34.6,0.05
21.05,34.6,0.05
21.1,34.6,0.05
21.15,34.6,0.05
21.2,34.6,0.05
21.25,34.6,0.05
21.3,34.6,0.05
21.35,34.6,0.05
21.4,34.6,0.05
21.45,34.6,0.05
21.5,34.6,0.05
21.55,34.6,0.05
21.6,34.6,0.05
21.65,34.6,0.05
21.7,34.6,0.05
21.75,34.6,0.05
21.8,34.6,0.05
21.85,34.6,0.05
21.9,34.6,0.05
21.95,34.6,0.05
22.0,34.6,0.05
22.05,34.6,0.05
22.1,34.6,0.05
22.15,34.6,0.05
22.2,34.6,0.05
22.25,34.6,0.05
22.3,34.6,0.05
22.35,34.6,0.05
22.4,34.6,0.05
22.45,34.6,0.05
22.5,34.6,0.05
22.55,34.6,0.05
22.6,34.6,0.05
22.65,34.6,0.05
22.7,34.6,0.05
22.75,34.6,0.05
22.8,34.6,0.05
22.85,34.6,0.05
22.9,34.6,0.05
22.95,34.6,0.05
23.0,34.6,0.05
23.05,34.6,0.05
23.1,34.6,0.05
23.15,34.6,0.05
23.2,34.6,0.05
23.25,34.6,0.05
23.3,34.6,0.05
23.35,34.6,0.05
23.4,34.6,0.05
23.45,34.6,0.05
23.5,34.6,0.05
23.55,34.6,0.05
23.6,34.6,0.05
23.65,34.6,0.05
23.7,34.6,0.05
23.75,34.6,0.05
23.8,34.6,0.05
23.85,34.6,0.05
23.9,34.6,0.05
23.95,34.6,0.05
24.0,34.6,0.05
24.05,34.6,0.05
24.1,34.6,0.05
24.15,34.6,0.05
24.2,34.6,0.05
24.25,34.6,0.05
24.3,34.6,0.05
24.35,34.6,0.05
24.4,34.6,0.05
24.45,34.6,0.05
24.5,34.6,0.05
24.55,34.6,0.05
24.6,34.6,0.05
24.65,34.6,0.05
24.7,34.6,0.05
24.75,34.6,0.05
24.8,34.6,0.05
24.85,34.6,0.05
24.9,34.6,0.05
24.95,34.6,0.05
25.0,34.6,0.05
25.05,34.6,0.05
25.1,34.6,0.05
25.15,34.6,0.05
25.2,34.6,0.05
25.25,34.6,0.05
25.3,34.6,0.05
25.35,34.6,0.05
25.4,34.6,0.05
25.45,34.6,0.05
25.5,34.6,0.05
25.55,34.6,0.05
25.6,34.6,0.05
25.65,34.6,0.05
25.7,34.6,0.05
25.75,34.6,0.05
25.8,34.6,0.05
25.85,34.6,0.05
25.9,34.6,0.05
25.95,34.6,0.05
26.0,34.6,0.05
26.05,34.6,0.05
26.1,34.6,0.05
26.15,34.6,0.05
26.2,34.6,0.05
26.25,34.6,0.05
26.3,34.6,0.05
26.35,34.6,0.05
26.4,34.6,0.05
26.45,34.6,0.05
26.5,34.6,0.05
26.55,34.6,0.05
26.6,34.6,0.05
26.65,34.6,0.05
26.7,34.6,0.05
26.75,34.6,0.05
26.8,34.6,0.05
26.85,34.6,0.05
26.9,34.6,0.05
26.95,34.6,0.05
27.0,34.6,0.05
27.05,34.6,0.05
27.1,34.6,0.05
27.15,34.6,0.05
27.2,34.6,0.05
27.25,34.6,0.05
27.3,34.6,0.05
27.35,34.6,0.05
27.4,34.6,0.05
27.45,34.6,0.05
27.5,34.6,0.05
27.55,34.6,0.05
27.6,34.6,0.05
27.65,34.6,0.05
27.7,34.6,0.05
27.75,34.6,0.05
27.8,34.6,0.05
27.85,34.6,0.05
27.9,34.6,0.05
27.95,34.6,0.05
28.0,34.6,0.05
28.05,34.6,0.05
28.1,34.6,0.05
28.15,34.6,0.05
28.2,34.6,0.05
28.25,34.6,0.05
28.3,34.6,0.05
28.35,34.6,0.05
28.4,34.6,0.05
28.45,34.6,0.05
28.5,34.6,0.05
28.55,34.6,0.05
28.6,34.6,0.05
28.65,34.6,0.05
28.7,34.6,0.05
28.75,34.6,0.05
28.8,34.6,0.05
28.85,34.6,0.05
28.9,34.6,0.05
28.95,34.6,0.05
29.0,34.6,0.05
29.05,34.6,0.05
29.1,34.6,0.05
29.15,34.6,0.05
29.2,34.6,0.05
29.25,34.6,0.05
29.3,34.6,0.05
29.35,34.6,0.05
29.4,34.6,0.05
29.45,34.6,0.05
29.5,34.6,0.05
19.0,34.65,0.05
19.05,34.65,0.05
19.1,34.65,0.05
19.15,34.65,0.05
19.2,34.65,0.05
19.25,34.65,0.05
19.3,34.65,0.05
19.35,34.65,0.05
19.4,34.65,0.05
19.45,34.65,0.05
19.5,34.65,0.05
19.55,34.65,0.05
19.6,34.65,0.05
19.65,34.65,0.05
19.7,34.65,0.05
19.75,34.65,0.05
19.8,34.65,0.05
19.85,34.65,0.05
19.9,34.65,0.05
19.95,34.65,0.05
20.0,34.65,0.05
20.05,34.65,0.05
20.1,34.65,0.05
20.15,34.65,0.05
20.2,34.65,0.05
20.25,34.65,0.05
20.3,34.65,0.05
20.35,34.65,0.05
20.4,34.65,0.05
20.45,34.65,0.05
20.5,34.65,0.05
20.55,34.65,0.05
20.6,34.65,0.05
20.65,34.65,0.05
20.7,34.65,0.05
20.75,34.65,0.05
20.8,34.65,0.05
20.85,34.65,0.05
20.9,34.65,0.05
20.95,34.65,0.05
21.0,34.65,0.05
21.05,34.65,0.05
21.1,34.65,0.05
21.15,34.65,0.05
21.2,34.65,0.05
21.25,34.65,0.05
21.3,34.65,0.05
21.35,34.65,0.05
21.4,34.65,0.05
21.45,34.65,0.05
21.5,34.65,0.05
21.55,34.65,0.05
21.6,34.65,0.05
21.65,34.65,0.05
21.7,34.65,0.05
21.75,34.65,0.05
21.8,34.65,0.05
21.85,34.65,0.05
21.9,34.65,0.05
21.95,34.65,0.05
22.0,34.65,0.05
22.05,34.65,0.05
22.1,34.65,0.05
22.15,34.65,0.05
22.2,34.65,0.05
22.25,34.65,0.05
22.3,34.65,0.05
22.35,34.65,0.05
22.4,34.65,0.05
22.45,34.65,0.05
22.5,34.65,0.05
22.55,34.65,0.05
22.6,34.65,0.05
22.65,34.65,0.05
22.7,34.65,0.05
22.75,34.65,0.05
22.8,34.65,0.05
22.85,34.65,0.05
22.9,34.65,0.05
22.95,34.65,0.05
23.0,34.65,0.05
23.05,34.65,0.05
23.1,34.65,0.05
23.15,34.65,0.05
23.2,34.65,0.05
23.25,34.65,0.05
23.3,34.65,0.05
23.35,34.65,0.05
23.4,34.65,0.05
23.45,34.65,0.05
23.5,34.65,0.05
23.55,34.65,0.05
23.6,34.65,0.05
23.65,34.65,0.05
23.7,34.65,0.05
23.75,34.65,0.05
23.8,34.65,0.05
23.85,34.65,0.05
23.9,34.65,0.05
23.95,34.65,0.05
24.0,34.65,0.05
24.05,34.65,0.05
24.1,34.65,0.05
24.15,34.65,0.05
24.2,34.65,0.05
24.25,34.65,0.05
24.3,34.65,0.05
24.35,34.65,0.05
24.4,34.65,0.05
24.45,34.65,0.05
24.5,34.65,0.05
24.55,34.65,0.05
24.6,34.65,0.05
24.65,34.65,0.05
24.7,34.65,0.05
24.75,34.65,0.05
24.8,34.65,0.05
24.85,34.65,0.05
24.9,34.65,0.05
24.95,34.65,0.05
25.0,34.65,0.05
25.05,34.65,0.05
25.1,34.65,0.05
25.15,34.65,0.05
25.2,34.65,0.05
25.25,34.65,0.05
25.3,34.65,0.05
25.35,34.65,0.05
25.4,34.65,0.05
25.45,34.65,0.05
25.5,34.65,0.05
25.55,34.65,0.05
25.6,34.65,0.05
25.65,34.65,0.05
25.7,34.65,0.05
25.75,34.65,0.05
25.8,34.65,0.05
25.85,34.65,0.05
25.9,34.65,0.05
25.95,34.65,0.05
26.0,34.65,0.05
26.05,34.65,0.05
26.1,34.65,0.05
26.15,34.65,0.05
26.2,34.65,0.05
26.25,34.65,0.05
26.3,34.65,0.05
26.35,34.65,0.05
26.4,34.65,0.05
26.45,34.65,0.05
26.5,34.65,0.05
26.55,34.65,0.05
26.6,34.65,0.05
26.65,34.65,0.05
26.7,34.65,0.05
26.75,34.65,0.05
26.8,34.65,0.05
26.85,34.65,0.05
26.9,34.65,0.05
26.95,34.65,0.05
27.0,34.65,0.05
27.05,34.65,0.05
27.1,34.65,0.05
27.15,34.65,0.05
27.2,34.65,0.05
27.25,34.65,0.05
27.3,34.65,0.05
27.35,34.65,0.05
27.4,34.65,0.05
27.45,34.65,0.05
27.5,34.65,0.05
27.55,34.65,0.05
27.6,34.65,0.05
27.65,34.65,0.05
27.7,34.65,0.05
27.75,34.65,0.05
27.8,34.65,0.05
27.85,34.65,0.05
27.9,34.65,0.05
27.95,34.65,0.05
28.0,34.65,0.05
28.05,34.65,0.05
28.1,34.65,0.05
28.15,34.65,0.05
28.2,34.65,0.05
28.25,34.65,0.05
28.3,34.65,0.05
28.35,34.65,0.05
28.4,34.65,0.05
28.45,34.65,0.05
28.5,34.65,0.05
28.55,34.65,0.05
28.6,34.65,0.05
28.65,34.65,0.05
28.7,34.65,0.05
28.75,34.65,0.05
28.8,34.65,0.05
28.85,34.65,0.05
28.9,34.65,0.05
28.95,34.65,0.05
29.0,34.65,0.05
29.05,34.65,0.05
29.1,34.65,0.05
29.15,34.65,0.05
29.2,34.65,0.05
29.25,34.65,0.05
29.3,34.65,0.05
29.35,34.65,0.05
29.4,34.65,0.05
29.45,34.65,0.05
29.5,34.65,0.05
19.0,34.7,0.05
19.05,34.7,0.05
19.1,34.7,0.05
19.15,34.7,0.05
19.2,34.7,0.05
19.25,34.7,0.05
19.3,34.7,0.05
19.35,34.7,0.05
19.4,34.7,0.05
19.45,34.7,0.05
19.5,34.7,0.05
19.55,34.7,0.05
19.6,34.7,0.05
19.65,34.7,0.05
19.7,34.7,0.05
19.75,34.7,0.05
19.8,34.7,0.05
19.85,34.7,0.05
19.9,34.7,0.05
19.95,34.7,0.05
20.0,34.7,0.05
20.05,34.7,0.05
20.1,34.7,0.05
20.15,34.7,0.05
20.2,34.7,0.05
20.25,34.7,0.05
20.3,34.7,0.05
20.35,34.7,0.05
20.4,34.7,0.05
20.45,34.7,0.05
20.5,34.7,0.05
20.55,34.7,0.05
20.6,34.7,0.05
20.65,34.7,0.05
20.7,34.7,0.05
20.75,34.7,0.05
20.8,34.7,0.05
20.85,34.7,0.05
20.9,34.7,0.05
20.95,34.7,0.05
21.0,34.7,0.05
21.05,34.7,0.05
21.1,34.7,0.05
21.15,34.7,0.05
21.2,34.7,0.05
21.25,34.7,0.05
21.3,34.7,0.05
21.35,34.7,0.05
21.4,34.7,0.05
21.45,34.7,0.05
21.5,34.7,0.05
21.55,34.7,0.05
21.6,34.7,0.05
21.65,34.7,0.05
21.7,34.7,0.05
21.75,34.7,0.05
21.8,34.7,0.05
21.85,34.7,0.05
21.9,34.7,0.05
21.95,34.7,0.05
22.0,34.7,0.05
22.05,34.7,0.05
22.1,34.7,0.05
22.15,34.7,0.05
22.2,34.7,0.05
22.25,34.7,0.05
22.3,34.7,0.05
22.35,34.7,0.05
22.4,34.7,0.05
22.45,34.7,0.05
22.5,34.7,0.05
22.55,34.7,0.05
22.6,34.7,0.05
22.65,34.7,0.05
22.7,34.7,0.05
22.75,34.7,0.05
22.8,34.7,0.05
22.85,34.7,0.05
22.9,34.7,0.05
22.95,34.7,0.05
23.0,34.7,0.05
23.05,34.7,0.05
23.1,34.7,0.05
23.15,34.7,0.05
23.2,34.7,0.05
23.25,34.7,0.05
23.3,34.7,0.05
23.35,34.7,0.05
23.4,34.7,0.05
23.45,34.7,0.05
23.5,34.7,0.05
23.55,34.7,0.05
23.6,34.7,0.05
23.65,34.7,0.05
23.7,34.7,0.05
23.75,34.7,0.05
23.8,34.7,0.05
23.85,34.7,0.05
23.9,34.7,0.05
23.95,34.7,0.05
24.0,34.7,0.05
24.05,34.7,0.05
24.1,34.7,0.05
24.15,34.7,0.05
24.2,34.7,0.05
24.25,34.7,0.05
24.3,34.7,0.05
24.35,34.7,0.05
24.4,34.7,0.05
24.45,34.7,0.05
24.5,34.7,0.05
24.55,34.7,0.05
24.6,34.7,0.05
24.65,34.7,0.05
24.7,34.7,0.05
24.75,34.7,0.05
24.8,34.7,0.05
24.85,34.7,0.05
24.9,34.7,0.05
24.95,34.7,0.05
25.0,34.7,0.05
25.05,34.7,0.05
25.1,34.7,0.05
25.15,34.7,0.05
25.2,34.7,0.05
25.25,34.7,0.05
25.3,34.7,0.05
25.35,34.7,0.05
25.4,34.7,0.05
25.45,34.7,0.05
25.5,34.7,0.05
25.55,34.7,0.05
25.6,34.7,0.05
25.65,34.7,0.05
25.7,34.7,0.05
25.75,34.7,0.05
25.8,34.7,0.05
25.85,34.7,0.05
25.9,34.7,0.05
25.95,34.7,0.05
26.0,34.7,0.05
26.05,34.7,0.05
26.1,34.7,0.05
26.15,34.7,0.05
26.2,34.7,0.05
26.25,34.7,0.05
26.3,34.7,0.05
26.35,34.7,0.05
26.4,34.7,0.05
26.45,34.7,0.05
26.5,34.7,0.05
26.55,34.7,0.05
26.6,34.7,0.05
26.65,34.7,0.05
26.7,34.7,0.05
26.75,34.7,0.05
26.8,34.7,0.05
26.85,34.7,0.05
26.9,34.7,0.05
26.95,34.7,0.05
27.0,34.7,0.05
27.05,34.7,0.05
27.1,34.7,0.05
27.15,34.7,0.05
27.2,34.7,0.05
27.25,34.7,0.05
27.3,34.7,0.05
27.35,34.7,0.05
27.4,34.7,0.05
27.45,34.7,0.05
27.5,34.7,0.05
27.55,34.7,0.05
27.6,34.7,0.05
27.65,34.7,0.05
27.7,34.7,0.05
27.75,34.7,0.05
27.8,34.7,0.05
27.85,34.7,0.05
27.9,34.7,0.05
27.95,34.7,0.05
28.0,34.7,0.05
28.05,34.7,0.05
28.1,34.7,0.05
28.15,34.7,0.05
28.2,34.7,0.05
28.25,34.7,0.05
28.3,34.7,0.05
28.35,34.7,0.05
28.4,34.7,0.05
28.45,34.7,0.05
28.5,34.7,0.05
28.55,34.7,0.05
28.6,34.7,0.05
28.65,34.7,0.05
28.7,34.7,0.05
28.75,34.7,0.05
28.8,34.7,0.05
28.85,34.7,0.05
28.9,34.7,0.05
28.95,34.7,0.05
29.0,34.7,0.05
29.05,34.7,0.05
29.1,34.7,0.05
29.15,34.7,0.05
29.2,34.7,0.05
29.25,34.7,0.05
29.3,34.7,0.05
29.35,34.7,0.05
29.4,34.7,0.05
29.45,34.7,0.05
29.5,34.7,0.05
19.0,34.75,0.05
19.05,34.75,0.05
19.1,34.75,0.05
19.15,34.75,0.05
19.2,34.75,0.05
19.25,34.75,0.05
19.3,34.75,0.05
19.35,34.75,0.05
19.4,34.75,0.05
19.45,34.75,0.05
19.5,34.75,0.05
19.55,34.75,0.05
19.6,34.75,0.05
19.65,34.75,0.05
19.7,34.75,0.05
19.75,34.75,0.05
19.8,34.75,0.05
19.85,34.75,0.05
19.9,34.75,0.05
19.95,34.75,0.05
20.0,34.75,0.05
20.05,34.75,0.05
20.1,34.75,0.05
20.15,34.75,0.05
20.2,34.75,0.05
20.25,34.75,0.05
20.3,34.75,0.05
20.35,34.75,0.05
20.4,34.75,0.05
20.45,34.75,0.05
20.5,34.75,0.05
20.55,34.75,0.05
20.6,34.75,0.05
20.65,34.75,0.05
20.7,34.75,0.05
20.75,34.75,0.05
20.8,34.75,0.05
20.85,34.75,0.05
20.9,34.75,0.05
20.95,34.75,0.05
21.0,34.75,0.05
21.05,34.75,0.05
21.1,34.75,0.05
21.15,34.75,0.05
21.2,34.75,0.05
21.25,34.75,0.05
21.3,34.75,0.05
21.35,34.75,0.05
21.4,34.75,0.05
21.45,34.75,0.05
21.5,34.75,0.05
21.55,34.75,0.05
21.6,34.75,0.05
21.65,34.75,0.05
21.7,34.75,0.05
21.75,34.75,0.05
21.8,34.75,0.05
21.85,34.75,0.05
21.9,34.75,0.05
21.95,34.75,0.05
22.0,34.75,0.05
22.05,34.75,0.05
22.1,34.75,0.05
22.15,34.75,0.05
22.2,34.75,0.05
22.25,34.75,0.05
22.3,34.75,0.05
22.35,34.75,0.05
22.4,34.75,0.05
22.45,34.75,0.05
22.5,34.75,0.05
22.55,34.75,0.05
22.6,34.75,0.05
22.65,34.75,0.05
22.7,34.75,0.05
22.75,34.75,0.05
22.8,34.75,0.05
22.85,34.75,0.05
22.9,34.75,0.05
22.95,34.75,0.05
23.0,34.75,0.05
23.05,34.75,0.05
23.1,34.75,0.05
23.15,34.75,0.05
23.2,34.75,0.05
23.25,34.75,0.05
23.3,34.75,0.05
23.35,34.75,0.05
23.4,34.75,0.05
23.45,34.75,0.05
23.5,34.75,0.05
23.55,34.75,0.05
23.6,34.75,0.05
23.65,34.75,0.05
23.7,34.75,0.05
23.75,34.75,0.05
23.8,34.75,0.05
23.85,34.75,0.05
23.9,34.75,0.05
23.95,34.75,0.05
24.0,34.75,0.05
24.05,34.75,0.05
24.1,34.75,0.05
24.15,34.75,0.05
24.2,34.75,0.05
24.25,34.75,0.05
24.3,34.75,0.05
24.35,34.75,0.05
24.4,34.75,0.05
24.45,34.75,0.05
24.5,34.75,0.05
24.55,34.75,0.05
24.6,34.75,0.05
24.65,34.75,0.05
24.7,34.75,0.05
24.75,34.75,0.05
24.8,34.75,0.05
24.85,34.75,0.05
24.9,34.75,0.05
24.95,34.75,0.05
25.0,34.75,0.05
25.05,34.75,0.05
25.1,34.75,0.05
25.15,34.75,0.05
25.2,34.75,0.05
25.25,34.75,0.05
25.3,34.75,0.05
25.35,34.75,0.05
25.4,34.75,0.05
25.45,34.75,0.05
25.5,34.75,0.05
25.55,34.75,0.05
25.6,34.75,0.05
25.65,34.75,0.05
25.7,34.75,0.05
25.75,34.75,0.05
25.8,34.75,0.05
25.85,34.75,0.05
25.9,34.75,0.05
25.95,34.75,0.05
26.0,34.75,0.05
26.05,34.75,0.05
26.1,34.75,0.05
26.15,34.75,0.05
26.2,34.75,0.05
26.25,34.75,0.05
26.3,34.75,0.05
26.35,34.75,0.05
26.4,34.75,0.05
26.45,34.75,0.05
26.5,34.75,0.05
26.55,34.75,0.05
26.6,34.75,0.05
26.65,34.75,0.05
26.7,34.75,0.05
26.75,34.75,0.05
26.8,34.75,0.05
26.85,34.75,0.05
26.9,34.75,0.05
26.95,34.75,0.05
27.0,34.75,0.05
27.05,34.75,0.05
27.1,34.75,0.05
27.15,34.75,0.05
27.2,34.75,0.05
27.25,34.75,0.05
27.3,34.75,0.05
27.35,34.75,0.05
27.4,34.75,0.05
27.45,34.75,0.05
27.5,34.75,0.05
27.55,34.75,0.05
27.6,34.75,0.05
27.65,34.75,0.05
27.7,34.75,0.05
27.75,34.75,0.05
27.8,34.75,0.05
27.85,34.75,0.05
27.9,34.75,0.05
27.95,34.75,0.05
28.0,34.75,0.05
28.05,34.75,0.05
28.1,34.75,0.05
28.15,34.75,0.05
28.2,34.75,0.05
28.25,34.75,0.05
28.3,34.75,0.05
28.35,34.75,0.05
28.4,34.75,0.05
28.45,34.75,0.05
28.5,34.75,0.05
28.55,34.75,0.05
28.6,34.75,0.05
28.65,34.75,0.05
28.7,34.75,0.05
28.75,34.75,0.05
28.8,34.75,0.05
28.85,34.75,0.05
28.9,34.75,0.05
28.95,34.75,0.05
29.0,34.75,0.05
29.05,34.75,0.05
29.1,34.75,0.05
29.15,34.75,0.05
29.2,34.75,0.05
29.25,34.75,0.05
29.3,34.75,0.05
29.35,34.75,0.05
29.4,34.75,0.05
29.45,34.75,0.05
29.5,34.75,0.05
19.0,34.8,0.05
19.05,34.8,0.05
19.1,34.8,0.05
19.15,34.8,0.05
19.2,34.8,0.05
19.25,34.8,0.05
19.3,34.8,0.05
19.35,34.8,0.05
19.4,34.8,0.05
19.45,34.8,0.05
19.5,34.8,0.05
19.55,34.8,0.05
19.6,34.8,0.05
19.65,34.8,0.05
19.7,34.8,0.05
19.75,34.8,0.05
19.8,34.8,0.05
19.85,34.8,0.05
19.9,34.8,0.05
19.95,34.8,0.05
20.0,34.8,0.05
20.05,34.8,0.05
20.1,34.8,0.05
20.15,34.8,0.05
20.2,34.8,0.05
20.25,34.8,0.05
20.3,34.8,0.05
20.35,34.8,0.05
20.4,34.8,0.05
20.45,34.8,0.05
20.5,34.8,0.05
20.55,34.8,0.05
20.6,34.8,0.05
20.65,34.8,0.05
20.7,34.8,0.05
20.75,34.8,0.05
20.8,34.8,0.05
20.85,34.8,0.05
20.9,34.8,0.05
20.95,34.8,0.05
21.0,34.8,0.05
21.05,34.8,0.05
21.1,34.8,0.05
21.15,34.8,0.05
21.2,34.8,0.05
21.25,34.8,0.05
21.3,34.8,0.05
21.35,34.8,0.05
21.4,34.8,0.05
21.45,34.8,0.05
21.5,34.8,0.05
21.55,34.8,0.05
21.6,34.8,0.05
21.65,34.8,0.05
21.7,34.8,0.05
21.75,34.8,0.05
21.8,34.8,0.05
21.85,34.8,0.05
21.9,34.8,0.05
21.95,34.8,0.05
22.0,34.8,0.05
22.05,34.8,0.05
22.1,34.8,0.05
22.15,34.8,0.05
22.2,34.8,0.05
22.25,34.8,0.05
22.3,34.8,0.05
22.35,34.8,0.05
22.4,34.8,0.05
22.45,34.8,0.05
22.5,34.8,0.05
22.55,34.8,0.05
22.6,34.8,0.05
22.65,34.8,0.05
22.7,34.8,0.05
22.75,34.8,0.05
22.8,34.8,0.05
22.85,34.8,0.05
22.9,34.8,0.05
22.95,34.8,0.05
23.0,34.8,0.05
23.05,34.8,0.05
23.1,34.8,0.05
23.15,34.8,0.05
23.2,34.8,0.05
23.25,34.8,0.05
23.3,34.8,0.05
23.35,34.8,0.05
23.4,34.8,0.05
23.45,34.8,0.05
23.5,34.8,0.05
23.55,34.8,0.05
23.6,34.8,0.05
23.65,34.8,0.05
23.7,34.8,0.05
23.75,34.8,0.05
23.8,34.8,0.05
23.85,34.8,0.05
23.9,34.8,0.05
23.95,34.8,0.05
24.0,34.8,0.05
24.05,34.8,0.05
24.1,34.8,0.05
24.15,34.8,0.05
24.2,34.8,0.05
24.25,34.8,0.05
24.3,34.8,0.05
24.35,34.8,0.05
24.4,34.8,0.05
24.45,34.8,0.05
24.5,34.8,0.05
24.55,34.8,0.05
24.6,34.8,0.05
24.65,34.8,0.05
24.7,34.8,0.05
24.75,34.8,0.05
24.8,34.8,0.05
24.85,34.8,0.05
24.9,34.8,0.05
24.95,34.8,0.05
25.0,34.8,0.05
25.05,34.8,0.05
25.1,34.8,0.05
25.15,34.8,0.05
25.2,34.8,0.05
25.25,34.8,0.05
25.3,34.8,0.05
25.35,34.8,0.05
25.4,34.8,0.05
25.45,34.8,0.05
25.5,34.8,0.05
25.55,34.8,0.05
25.6,34.8,0.05
25.65,34.8,0.05
25.7,34.8,0.05
25.75,34.8,0.05
25.8,34.8,0.05
25.85,34.8,0.05
25.9,34.8,0.05
25.95,34.8,0.05
26.0,34.8,0.05
26.05,34.8,0.05
26.1,34.8,0.05
26.15,34.8,0.05
26.2,34.8,0.05
26.25,34.8,0.05
26.3,34.8,0.05
26.35,34.8,0.05
26.4,34.8,0.05
26.45,34.8,0.05
26.5,34.8,0.05
26.55,34.8,0.05
26.6,34.8,0.05
26.65,34.8,0.05
26.7,34.8,0.05
26.75,34.8,0.05
26.8,34.8,0.05
26.85,34.8,0.05
26.9,34.8,0.05
26.95,34.8,0.05
27.0,34.8,0.05
27.05,34.8,0.05
27.1,34.8,0.05
27.15,34.8,0.05
27.2,34.8,0.05
27.25,34.8,0.05
27.3,34.8,0.05
27.35,34.8,0.05
27.4,34.8,0.05
27.45,34.8,0.05
27.5,34.8,0.05
27.55,34.8,0.05
27.6,34.8,0.05
27.65,34.8,0.05
27.7,34.8,0.05
27.75,34.8,0.05
27.8,34.8,0.05
27.85,34.8,0.05
27.9,34.8,0.05
27.95,34.8,0.05
28.0,34.8,0.05
28.05,34.8,0.05
28.1,34.8,0.05
28.15,34.8,0.05
28.2,34.8,0.05
28.25,34.8,0.05
28.3,34.8,0.05
28.35,34.8,0.05
28.4,34.8,0.05
28.45,34.8,0.05
28.5,34.8,0.05
28.55,34.8,0.05
28.6,34.8,0.05
28.65,34.8,0.05
28.7,34.8,0.05
28.75,34.8,0.05
28.8,34.8,0.05
28.85,34.8,0.05
28.9,34.8,0.05
28.95,34.8,0.05
29.0,34.8,0.05
29.05,34.8,0.05
29.1,34.8,0.05
29.15,34.8,0.05
29.2,34.8,0.05
29.25,34.8,0.05
29.3,34.8,0.05
29.35,34.8,0.05
29.4,34.8,0.05
29.45,34.8,0.05
29.5,34.8,0.05
19.0,34.85,0.05
19.05,34.85,0.05
19.1,34.85,0.05
19.15,34.85,0.05
19.2,34.85,0.05
19.25,34.85,0.05
19.3,34.85,0.05
19.35,34.85,0.05
19.4,34.85,0.05
19.45,34.85,0.05
19.5,34.85,0.05
19.55,34.85,0.05
19.6,34.85,0.05
19.65,34.85,0.05
19.7,34.85,0.05
19.75,34.85,0.05
19.8,34.85,0.05
19.85,34.85,0.05
19.9,34.85,0.05
19.95,34.85,0.05
20.0,34.85,0.05
20.05,34.85,0.05
20.1,34.85,0.05
20.15,34.85,0.05
20.2,34.85,0.05
20.25,34.85,0.05
20.3,34.85,0.05
20.35,34.85,0.05
20.4,34.85,0.05
20.45,34.85,0.05
20.5,34.85,0.05
20.55,34.85,0.05
20.6,34.85,0.05
20.65,34.85,0.05
20.7,34.85,0.05
20.75,34.85,0.05
20.8,34.85,0.05
20.85,34.85,0.05
20.9,34.85,0.05
20.95,34.85,0.05
21.0,34.85,0.05
21.05,34.85,0.05
21.1,34.85,0.05
21.15,34.85,0.05
21.2,34.85,0.05
21.25,34.85,0.05
21.3,34.85,0.05
21.35,34.85,0.05
21.4,34.85,0.05
21.45,34.85,0.05
21.5,34.85,0.05
21.55,34.85,0.05
21.6,34.85,0.05
21.65,34.85,0.05
21.7,34.85,0.05
21.75,34.85,0.05
21.8,34.85,0.05
21.85,34.85,0.05
21.9,34.85,0.05
21.95,34.85,0.05
22.0,34.85,0.05
22.05,34.85,0.05
22.1,34.85,0.05
22.15,34.85,0.05
22.2,34.85,0.05
22.25,34.85,0.05
22.3,34.85,0.05
22.35,34.85,0.05
22.4,34.85,0.05
22.45,34.85,0.05
22.5,34.85,0.05
22.55,34.85,0.05
22.6,34.85,0.05
22.65,34.85,0.05
22.7,34.85,0.05
22.75,34.85,0.05
22.8,34.85,0.05
22.85,34.85,0.05
22.9,34.85,0.05
22.95,34.85,0.05
23.0,34.85,0.05
23.05,34.85,0.05
23.1,34.85,0.05
23.15,34.85,0.05
23.2,34.85,0.05
23.25,34.85,0.05
23.3,34.85,0.05
23.35,34.85,0.05
23.4,34.85,0.05
23.45,34.85,0.05
23.5,34.85,0.05
23.55,34.85,0.05
23.6,34.85,0.05
23.65,34.85,0.05
23.7,34.85,0.05
23.75,34.85,0.05
23.8,34.85,0.05
23.85,34.85,0.05
23.9,34.85,0.05
23.95,34.85,0.05
24.0,34.85,0.05
24.05,34.85,0.05
24.1,34.85,0.05
24.15,34.85,0.05
24.2,34.85,0.05
24.25,34.85,0.05
24.3,34.85,0.05
24.35,34.85,0.05
24.4,34.85,0.05
24.45,34.85,0.05
24.5,34.85,0.05
24.55,34.85,0.05
24.6,34.85,0.05
24.65,34.85,0.05
24.7,34.85,0.05
24.75,34.85,0.05
24.8,34.85,0.05
24.85,34.85,0.05
24.9,34.85,0.05
24.95,34.85,0.05
25.0,34.85,0.05
25.05,34.85,0.05
25.1,34.85,0.05
25.15,34.85,0.05
25.2,34.85,0.05
25.25,34.85,0.05
25.3,34.85,0.05
25.35,34.85,0.05
25.4,34.85,0.05
25.45,34.85,0.05
25.5,34.85,0.05
25.55,34.85,0.05
25.6,34.85,0.05
25.65,34.85,0.05
25.7,34.85,0.05
25.75,34.85,0.05
25.8,34.85,0.05
25.85,34.85,0.05
25.9,34.85,0.05
25.95,34.85,0.05
26.0,34.85,0.05
26.05,34.85,0.05
26.1,34.85,0.05
26.15,34.85,0.05
26.2,34.85,0.05
26.25,34.85,0.05
26.3,34.85,0.05
26.35,34.85,0.05
26.4,34.85,0.05
26.45,34.85,0.05
26.5,34.85,0.05
26.55,34.85,0.05
26.6,34.85,0.05
26.65,34.85,0.05
26.7,34.85,0.05
26.75,34.85,0.05
26.8,34.85,0.05
26.85,34.85,0.05
26.9,34.85,0.05
26.95,34.85,0.05
27.0,34.85,0.05
27.05,34.85,0.05
27.1,34.85,0.05
27.15,34.85,0.05
27.2,34.85,0.05
27.25,34.85,0.05
27.3,34.85,0.05
27.35,34.85,0.05
27.4,34.85,0.05
27.45,34.85,0.05
27.5,34.85,0.05
27.55,34.85,0.05
27.6,34.85,0.05
27.65,34.85,0.05
27.7,34.85,0.05
27.75,34.85,0.05
27.8,34.85,0.05
27.85,34.85,0.05
27.9,34.85,0.05
27.95,34.85,0.05
28.0,34.85,0.05
28.05,34.85,0.05
28.1,34.85,0.05
28.15,34.85,0.05
28.2,34.85,0.05
28.25,34.85,0.05
28.3,34.85,0.05
28.35,34.85,0.05
28.4,34.85,0.05
28.45,34.85,0.05
28.5,34.85,0.05
28.55,34.85,0.05
28.6,34.85,0.05
28.65,34.85,0.05
28.7,34.85,0.05
28.75,34.85,0.05
28.8,34.85,0.05
28.85,34.85,0.05
28.9,34.85,0.05
28.95,34.85,0.05
29.0,34.85,0.05
29.05,34.85,0.05
29.1,34.85,0.05
29.15,34.85,0.05
29.2,34.85,0.05
29.25,34.85,0.05
29.3,34.85,0.05
29.35,34.85,0.05
29.4,34.85,0.05
29.45,34.85,0.05
29.5,34.85,0.05
19.0,34.9,0.05
19.05,34.9,0.05
19.1,34.9,0.05
19.15,34.9,0.05
19.2,34.9,0.05
19.25,34.9,0.05
19.3,34.9,0.05
19.35,34.9,0.05
19.4,34.9,0.05
19.45,34.9,0.05
19.5,34.9,0.05
19.55,34.9,0.05
19.6,34.9,0.05
19.65,34.9,0.05
19.7,34.9,0.05
19.75,34.9,0.05
19.8,34.9,0.05
19.85,34.9,0.05
19.9,34.9,0.05
19.95,34.9,0.05
20.0,34.9,0.05
20.05,34.9,0.05
20.1,34.9,0.05
20.15,34.9,0.05
20.2,34.9,0.05
20.25,34.9,0.05
20.3,34.9,0.05
20.35,34.9,0.05
20.4,34.9,0.05
20.45,34.9,0.05
20.5,34.9,0.05
20.55,34.9,0.05
20.6,34.9,0.05
20.65,34.9,0.05
20.7,34.9,0.05
20.75,34.9,0.05
20.8,34.9,0.05
20.85,34.9,0.05
20.9,34.9,0.05
20.95,34.9,0.05
21.0,34.9,0.05
21.05,34.9,0.05
21.1,34.9,0.05
21.15,34.9,0.05
21.2,34.9,0.05
21.25,34.9,0.05
21.3,34.9,0.05
21.35,34.9,0.05
21.4,34.9,0.05
21.45,34.9,0.05
21.5,34.9,0.05
21.55,34.9,0.05
21.6,34.9,0.05
21.65,34.9,0.05
21.7,34.9,0.05
21.75,34.9,0.05
21.8,34.9,0.05
21.85,34.9,0.05
21.9,34.9,0.05
21.95,34.9,0.05
22.0,34.9,0.05
22.05,34.9,0.05
22.1,34.9,0.05
22.15,34.9,0.05
22.2,34.9,0.05
22.25,34.9,0.05
22.3,34.9,0.05
22.35,34.9,0.05
22.4,34.9,0.05
22.45,34.9,0.05
22.5,34.9,0.05
22.55,34.9,0.05
22.6,34.9,0.05
22.65,34.9,0.05
22.7,34.9,0.05
22.75,34.9,0.05
22.8,34.9,0.05
22.85,34.9,0.05
22.9,34.9,0.05
22.95,34.9,0.05
23.0,34.9,0.05
23.05,34.9,0.05
23.1,34.9,0.05
23.15,34.9,0.05
23.2,34.9,0.05
23.25,34.9,0.05
23.3,34.9,0.05
23.35,34.9,0.05
23.4,34.9,0.05
23.45,34.9,0.05
23.5,34.9,0.05
23.55,34.9,0.05
23.6,34.9,0.05
23.65,34.9,0.05
23.7,34.9,0.05
23.75,34.9,0.05
23.8,34.9,0.05
23.85,34.9,0.05
23.9,34.9,0.05
23.95,34.9,0.05
24.0,34.9,0.05
24.05,34.9,0.05
24.1,34.9,0.05
24.15,34.9,0.05
24.2,34.9,0.05
24.25,34.9,0.05
24.3,34.9,0.05
24.35,34.9,0.05
24.4,34.9,0.05
24.45,34.9,0.05
24.5,34.9,0.05
24.55,34.9,0.05
24.6,34.9,0.05
24.65,34.9,0.05
24.7,34.9,0.05
24.75,34.9,0.05
24.8,34.9,0.05
24.85,34.9,0.05
24.9,34.9,0.05
24.95,34.9,0.05
25.0,34.9,0.05
25.05,34.9,0.05
25.1,34.9,0.05
25.15,34.9,0.05
25.2,34.9,0.05
25.25,34.9,0.05
25.3,34.9,0.05
25.35,34.9,0.05
25.4,34.9,0.05
25.45,34.9,0.05
25.5,34.9,0.05
25.55,34.9,0.05
25.6,34.9,0.05
25.65,34.9,0.05
25.7,34.9,0.05
25.75,34.9,0.05
25.8,34.9,0.05
25.85,34.9,0.05
25.9,34.9,0.05
25.95,34.9,0.05
26.0,34.9,0.05
26.05,34.9,0.05
26.1,34.9,0.05
26.15,34.9,0.05
26.2,34.9,0.05
26.25,34.9,0.05
26.3,34.9,0.05
26.35,34.9,0.05
26.4,34.9,0.05
26.45,34.9,0.05
26.5,34.9,0.05
26.55,34.9,0.05
26.6,34.9,0.05
26.65,34.9,0.05
26.7,34.9,0.05
26.75,34.9,0.05
26.8,34.9,0.05
26.85,34.9,0.05
26.9,34.9,0.05
26.95,34.9,0.05
27.0,34.9,0.05
27.05,34.9,0.05
27.1,34.9,0.05
27.15,34.9,0.05
27.2,34.9,0.05
27.25,34.9,0.05
27.3,34.9,0.05
27.35,34.9,0.05
27.4,34.9,0.05
27.45,34.9,0.05
27.5,34.9,0.05
27.55,34.9,0.05
27.6,34.9,0.05
27.65,34.9,0.05
27.7,34.9,0.05
27.75,34.9,0.05
27.8,34.9,0.05
27.85,34.9,0.05
27.9,34.9,0.05
27.95,34.9,0.05
28.0,34.9,0.05
28.05,34.9,0.05
28.1,34.9,0.05
28.15,34.9,0.05
28.2,34.9,0.05
28.25,34.9,0.05
28.3,34.9,0.05
28.35,34.9,0.05
28.4,34.9,0.05
28.45,34.9,0.05
28.5,34.9,0.05
28.55,34.9,0.05
28.6,34.9,0.05
28.65,34.9,0.05
28.7,34.9,0.05
28.75,34.9,0.05
28.8,34.9,0.05
28.85,34.9,0.05
28.9,34.9,0.05
28.95,34.9,0.05
29.0,34.9,0.05
29.05,34.9,0.05
29.1,34.9,0.05
29.15,34.9,0.05
29.2,34.9,0.05
29.25,34.9,0.05
29.3,34.9,0.05
29.35,34.9,0.05
29.4,34.9,0.05
29.45,34.9,0.05
29.5,34.9,0.05
19.0,34.95,0.05
19.05,34.95,0.05
19.1,34.95,0.05
19.15,34.95,0.05
19.2,34.95,0.05
19.25,34.95,0.05
19.3,34.95,0.05
19.35,34.95,0.05
19.4,34.95,0.05
19.45,34.95,0.05
19.5,34.95,0.05
19.55,34.95,0.05
19.6,34.95,0.05
19.65,34.95,0.05
19.7,34.95,0.05
19.75,34.95,0.05
19.8,34.95,0.05
19.85,34.95,0.05
19.9,34.95,0.05
19.95,34.95,0.05
20.0,34.95,0.05
20.05,34.95,0.05
20.1,34.95,0.05
20.15,34.95,0.05
20.2,34.95,0.05
20.25,34.95,0.05
20.3,34.95,0.05
20.35,34.95,0.05
20.4,34.95,0.05
20.45,34.95,0.05
20.5,34.95,0.05
20.55,34.95,0.05
20.6,34.95,0.05
20.65,34.95,0.05
20.7,34.95,0.05
20.75,34.95,0.05
20.8,34.95,0.05
20.85,34.95,0.05
20.9,34.95,0.05
20.95,34.95,0.05
21.0,34.95,0.05
21.05,34.95,0.05
21.1,34.95,0.05
21.15,34.95,0.05
21.2,34.95,0.05
21.25,34.95,0.05
21.3,34.95,0.05
21.35,34.95,0.05
21.4,34.95,0.05
21.45,34.95,0.05
21.5,34.95,0.05
21.55,34.95,0.05
21.6,34.95,0.05
21.65,34.95,0.05
21.7,34.95,0.05
21.75,34.95,0.05
21.8,34.95,0.05
21.85,34.95,0.05
21.9,34.95,0.05
21.95,34.95,0.05
22.0,34.95,0.05
22.05,34.95,0.05
22.1,34.95,0.05
22.15,34.95,0.05
22.2,34.95,0.05
22.25,34.95,0.05
22.3,34.95,0.05
22.35,34.95,0.05
22.4,34.95,0.05
22.45,34.95,0.05
22.5,34.95,0.05
22.55,34.95,0.05
22.6,34.95,0.05
22.65,34.95,0.05
22.7,34.95,0.05
22.75,34.95,0.05
22.8,34.95,0.05
22.85,34.95,0.05
22.9,34.95,0.05
22.95,34.95,0.05
23.0,34.95,0.05
23.05,34.95,0.05
23.1,34.95,0.05
23.15,34.95,0.05
23.2,34.95,0.05
23.25,34.95,0.05
23.3,34.95,0.05
23.35,34.95,0.05
23.4,34.95,0.05
23.45,34.95,0.05
23.5,34.95,0.36
23.55,34.95,0.36
23.6,34.95,0.36
23.65,34.95,0.36
23.7,34.95,0.36
23.75,34.95,0.36
23.8,34.95,0.36
23.85,34.95,0.36
23.9,34.95,0.36
23.95,34.95,0.36
24.0,34.95,0.36
24.05,34.95,0.36
24.1,34.95,0.36
24.15,34.95,0.36
24.2,34.95,0.36
24.25,34.95,0.36
24.3,34.95,0.36
24.35,34.95,0.36
24.4,34.95,0.36
24.45,34.95,0.36
24.5,34.95,0.36
24.55,34.95,0.36
24.6,34.95,0.36
24.65,34.95,0.36
24.7,34.95,0.36
24.75,34.95,0.36
24.8,34.95,0.36
24.85,34.95,0.36
24.9,34.95,0.36
24.95,34.95,0.36
25.0,34.95,0.36
25.05,34.95,0.36
25.1,34.95,0.36
25.15,34.95,0.36
25.2,34.95,0.36
25.25,34.95,0.36
25.3,34.95,0.36
25.35,34.95,0.36
25.4,34.95,0.36
25.45,34.95,0.36
25.5,34.95,0.36
25.55,34.95,0.36
25.6,34.95,0.36
25.65,34.95,0.36
25.7,34.95,0.36
25.75,34.95,0.36
25.8,34.95,0.36
25.85,34.95,0.36
25.9,34.95,0.36
25.95,34.95,0.36
26.0,34.95,0.36
26.05,34.95,0.36
26.1,34.95,0.36
26.15,34.95,0.36
26.2,34.95,0.36
26.25,34.95,0.36
26.3,34.95,0.36
26.35,34.95,0.36
26.4,34.95,0.36
26.45,34.95,0.36
26.5,34.95,0.36
26.55,34.95,0.36
26.6,34.95,0.36
26.65,34.95,0.36
26.7,34.95,0.36
26.75,34.95,0.36
26.8,34.95,0.36
26.85,34.95,0.36
26.9,34.95,0.36
26.95,34.95,0.36
27.0,34.95,0.36
27.05,34.95,0.36
27.1,34.95,0.36
27.15,34.95,0.36
27.2,34.95,0.36
27.25,34.95,0.36
27.3,34.95,0.36
27.35,34.95,0.36
27.4,34.95,0.36
27.45,34.95,0.36
27.5,34.95,0.05
27.55,34.95,0.05
27.6,34.95,0.05
27.65,34.95,0.05
27.7,34.95,0.05
27.75,34.95,0.05
27.8,34.95,0.05
27.85,34.95,0.05
27.9,34.95,0.05
27.95,34.95,0.05
28.0,34.95,0.05
28.05,34.95,0.05
28.1,34.95,0.05
28.15,34.95,0.05
28.2,34.95,0.05
28.25,34.95,0.05
28.3,34.95,0.05
28.35,34.95,0.05
28.4,34.95,0.05
28.45,34.95,0.05
28.5,34.95,0.05
28.55,34.95,0.05
28.6,34.95,0.05
28.65,34.95,0.05
28.7,34.95,0.05
28.75,34.95,0.05
28.8,34.95,0.05
28.85,34.95,0.05
28.9,34.95,0.05
28.95,34.95,0.05
29.0,34.95,0.05
29.05,34.95,0.05
29.1,34.95,0.05
29.15,34.95,0.05
29.2,34.95,0.05
29.25,34.95,0.05
29.3,34.95,0.05
29.35,34.95,0.05
29.4,34.95,0.05
29.45,34.95,0.05
29.5,34.95,0.05
19.0,35.0,0.05
19.05,35.0,0.05
19.1,35.0,0.05
19.15,35.0,0.05
19.2,35.0,0.05
19.25,35.0,0.05
19.3,35.0,0.05
19.35,35.0,0.05
19.4,35.0,0.05
19.45,35.0,0.05
19.5,35.0,0.05
19.55,35.0,0.05
19.6,35.0,0.05
19.65,35.0,0.05
19.7,35.0,0.05
19.75,35.0,0.05
19.8,35.0,0.05
19.85,35.0,0.05
19.9,35.0,0.05
19.95,35.0,0.05
20.0,35.0,0.05
20.05,35.0,0.05
20.1,35.0,0.05
20.15,35.0,0.05
20.2,35.0,0.05
20.25,35.0,0.05
20.3,35.0,0.05
20.35,35.0,0.05
20.4,35.0,0.05
20.45,35.0,0.05
20.5,35.0,0.05
20.55,35.0,0.05
20.6,35.0,0.05
20.65,35.0,0.05
20.7,35.0,0.05
20.75,35.0,0.05
20.8,35.0,0.05
20.85,35.0,0.05
20.9,35.0,0.05
20.95,35.0,0.05
21.0,35.0,0.05
21.05,35.0,0.05
21.1,35.0,0.05
21.15,35.0,0.05
21.2,35.0,0.05
21.25,35.0,0.05
21.3,35.0,0.05
21.35,35.0,0.05
21.4,35.0,0.05
21.45,35.0,0.05
21.5,35.0,0.05
21.55,35.0,0.05
21.6,35.0,0.05
21.65,35.0,0.05
21.7,35.0,0.05
21.75,35.0,0.05
21.8,35.0,0.05
21.85,35.0,0.05
21.9,35.0,0.05
21.95,35.0,0.05
22.0,35.0,0.05
22.05,35.0,0.05
22.1,35.0,0.05
22.15,35.0,0.05
22.2,35.0,0.05
22.25,35.0,0.05
22.3,35.0,0.05
22.35,35.0,0.05
22.4,35.0,0.05
22.45,35.0,0.05
22.5,35.0,0.05
22.55,35.0,0.05
22.6,35.0,0.05
22.65,35.0,0.05
22.7,35.0,0.05
22.75,35.0,0.05
22.8,35.0,0.05
22.85,35.0,0.05
22.9,35.0,0.05
22.95,35.0,0.05
23.0,35.0,0.05
23.05,35.0,0.05
23.1,35.0,0.05
23.15,35.0,0.05
23.2,35.0,0.05
23.25,35.0,0.05
23.3,35.0,0.05
23.35,35.0,0.05
23.4,35.0,0.05
23.45,35.0,0.05
23.5,35.0,0.36
23.55,35.0,0.36
23.6,35.0,0.36
23.65,35.0,0.36
23.7,35.0,0.36
23.75,35.0,0.36
23.8,35.0,0.36
23.85,35.0,0.36
23.9,35.0,0.36
23.95,35.0,0.36
24.0,35.0,0.36
24.05,35.0,0.36
24.1,35.0,0.36
24.15,35.0,0.36
24.2,35.0,0.36
24.25,35.0,0.36
24.3,35.0,0.36
24.35,35.0,0.36
24.4,35.0,0.36
24.45,35.0,0.36
24.5,35.0,0.36
24.55,35.0,0.36
24.6,35.0,0.36
24.65,35.0,0.36
24.7,35.0,0.36
24.75,35.0,0.36
24.8,35.0,0.36
24.85,35.0,0.36
24.9,35.0,0.36
24.95,35.0,0.36
25.0,35.0,0.36
25.05,35.0,0.36
25.1,35.0,0.36
25.15,35.0,0.36
25.2,35.0,0.36
25.25,35.0,0.36
25.3,35.0,0.36
25.35,35.0,0.36
25.4,35.0,0.36
25.45,35.0,0.36
25.5,35.0,0.36
25.55,35.0,0.36
25.6,35.0,0.36
25.65,35.0,0.36
25.7,35.0,0.36
25.75,35.0,0.36
25.8,35.0,0.36
25.85,35.0,0.36
25.9,35.0,0.36
25.95,35.0,0.36
26.0,35.0,0.36
26.05,35.0,0.36
26.1,35.0,0.36
26.15,35.0,0.36
26.2,35.0,0.36
26.25,35.0,0.36
26.3,35.0,0.36
26.35,35.0,0.36
26.4,35.0,0.36
26.45,35.0,0.36
26.5,35.0,0.36
26.55,35.0,0.36
26.6,35.0,0.36
26.65,35.0,0.36
26.7,35.0,0.36
26.75,35.0,0.36
26.8,35.0,0.36
26.85,35.0,0.36
26.9,35.0,0.36
26.95,35.0,0.36
27.0,35.0,0.36
27.05,35.0,0.36
27.1,35.0,0.36
27.15,35.0,0.36
27.2,35.0,0.36
27.25,35.0,0.36
27.3,35.0,0.36
27.35,35.0,0.36
27.4,35.0,0.36
27.45,35.0,0.36
27.5,35.0,0.05
27.55,35.0,0.05
27.6,35.0,0.05
27.65,35.0,0.05
27.7,35.0,0.05
27.75,35.0,0.05
27.8,35.0,0.05
27.85,35.0,0.05
27.9,35.0,0.05
27.95,35.0,0.05
28.0,35.0,0.05
28.05,35.0,0.05
28.1,35.0,0.05
28.15,35.0,0.05
28.2,35.0,0.05
28.25,35.0,0.05
28.3,35.0,0.05
28.35,35.0,0.05
28.4,35.0,0.05
28.45,35.0,0.05
28.5,35.0,0.05
28.55,35.0,0.05
28.6,35.0,0.05
28.65,35.0,0.05
28.7,35.0,0.05
28.75,35.0,0.05
28.8,35.0,0.05
28.85,35.0,0.05
28.9,35.0,0.05
28.95,35.0,0.05
29.0,35.0,0.05
29.05,35.0,0.05
29.1,35.0,0.05
29.15,35.0,0.05
29.2,35.0,0.05
29.25,35.0,0.05
29.3,35.0,0.05
29.35,35.0,0.05
29.4,35.0,0.05
29.45,35.0,0.05
29.5,35.0,0.05
19.0,35.05,0.05
19.05,35.05,0.05
19.1,35.05,0.05
19.15,35.05,0.05
19.2,35.05,0.05
19.25,35.05,0.05
19.3,35.05,0.05
19.35,35.05,0.05
19.4,35.05,0.05
19.45,35.05,0.05
19.5,35.05,0.05
19.55,35.05,0.05
19.6,35.05,0.05
19.65,35.05,0.05
19.7,35.05,0.05
19.75,35.05,0.05
19.8,35.05,0.05
19.85,35.05,0.05
19.9,35.05,0.05
19.95,35.05,0.05
20.0,35.05,0.05
20.05,35.05,0.05
20.1,35.05,0.05
20.15,35.05,0.05
20.2,35.05,0.05
20.25,35.05,0.05
20.3,35.05,0.05
20.35,35.05,0.05
20.4,35.05,0.05
20.45,35.05,0.05
20.5,35.05,0.05
20.55,35.05,0.05
20.6,35.05,0.05
20.65,35.05,0.05
20.7,35.05,0.05
20.75,35.05,0.05
20.8,35.05,0.05
20.85,35.05,0.05
20.9,35.05,0.05
20.95,35.05,0.05
21.0,35.05,0.05
21.05,35.05,0.05
21.1,35.05,0.05
21.15,35.05,0.05
21.2,35.05,0.05
21.25,35.05,0.05
21.3,35.05,0.05
21.35,35.05,0.05
21.4,35.05,0.05
21.45,35.05,0.05
21.5,35.05,0.05
21.55,35.05,0.05
21.6,35.05,0.05
21.65,35.05,0.05
21.7,35.05,0.05
21.75,35.05,0.05
21.8,35.05,0.05
21.85,35.05,0.05
21.9,35.05,0.05
21.95,35.05,0.05
22.0,35.05,0.05
22.05,35.05,0.05
22.1,35.05,0.05
22.15,35.05,0.05
22.2,35.05,0.05
22.25,35.05,0.05
22.3,35.05,0.05
22.35,35.05,0.05
22.4,35.05,0.05
22.45,35.05,0.05
22.5,35.05,0.05
22.55,35.05,0.05
22.6,35.05,0.05
22.65,35.05,0.05
22.7,35.05,0.05
22.75,35.05,0.05
22.8,35.05,0.05
22.85,35.05,0.05
22.9,35.05,0.05
22.95,35.05,0.05
23.0,35.05,0.05
23.05,35.05,0.05
23.1,35.05,0.05
23.15,35.05,0.05
23.2,35.05,0.05
23.25,35.05,0.05
23.3,35.05,0.05
23.35,35.05,0.05
23.4,35.05,0.05
23.45,35.05,0.05
23.5,35.05,0.36
23.55,35.05,0.36
23.6,35.05,0.36
23.65,35.05,0.36
23.7,35.05,0.36
23.75,35.05,0.36
23.8,35.05,0.36
23.85,35.05,0.36
23.9,35.05,0.36
23.95,35.05,0.36
24.0,35.05,0.36
24.05,35.05,0.36
24.1,35.05,0.36
24.15,35.05,0.36
24.2,35.05,0.36
24.25,35.05,0.36
24.3,35.05,0.36
24.35,35.05,0.36
24.4,35.05,0.36
24.45,35.05,0.36
24.5,35.05,0.36
24.55,35.05,0.36
24.6,35.05,0.36
24.65,35.05,0.36
24.7,35.05,0.36
24.75,35.05,0.36
24.8,35.05,0.36
24.85,35.05,0.36
24.9,35.05,0.36
24.95,35.05,0.36
25.0,35.05,0.36
25.05,35.05,0.36
25.1,35.05,0.36
25.15,35.05,0.36
25.2,35.05,0.36
25.25,35.05,0.36
25.3,35.05,0.36
25.35,35.05,0.36
25.4,35.05,0.36
25.45,35.05,0.36
25.5,35.05,0.36
25.55,35.05,0.36
25.6,35.05,0.36
25.65,35.05,0.36
25.7,35.05,0.36
25.75,35.05,0.36
25.8,35.05,0.36
25.85,35.05,0.36
25.9,35.05,0.36
25.95,35.05,0.36
26.0,35.05,0.36
26.05,35.05,0.36
26.1,35.05,0.36
26.15,35.05,0.36
26.2,35.05,0.36
26.25,35.05,0.36
26.3,35.05,0.36
26.35,35.05,0.36
26.4,35.05,0.36
26.45,35.05,0.36
26.5,35.05,0.36
26.55,35.05,0.36
26.6,35.05,0.36
26.65,35.05,0.36
26.7,35.05,0.36
26.75,35.05,0.36
26.8,35.05,0.36
26.85,35.05,0.36
26.9,35.05,0.36
26.95,35.05,0.36
27.0,35.05,0.36
27.05,35.05,0.36
27.1,35.05,0.36
27.15,35.05,0.36
27.2,35.05,0.36
27.25,35.05,0.36
27.3,35.05,0.36
27.35,35.05,0.36
27.4,35.05,0.36
27.45,35.05,0.36
27.5,35.05,0.05
27.55,35.05,0.05
27.6,35.05,0.05
27.65,35.05,0.05
27.7,35.05,0.05
27.75,35.05,0.05
27.8,35.05,0.05
27.85,35.05,0.05
27.9,35.05,0.05
27.95,35.05,0.05
28.0,35.05,0.05
28.05,35.05,0.05
28.1,35.05,0.05
28.15,35.05,0.05
28.2,35.05,0.05
28.25,35.05,0.05
28.3,35.05,0.05
28.35,35.05,0.05
28.4,35.05,0.05
28.45,35.05,0.05
28.5,35.05,0.05
28.55,35.05,0.05
28.6,35.05,0.05
28.65,35.05,0.05
28.7,35.05,0.05
28.75,35.05,0.05
28.8,35.05,0.05
28.85,35.05,0.05
28.9,35.05,0.05
28.95,35.05,0.05
29.0,35.05,0.05
29.05,35.05,0.05
29.1,35.05,0.05
29.15,35.05,0.05
29.2,35.05,0.05
29.25,35.05,0.05
29.3,35.05,0.05
29.35,35.05,0.05
29.4,35.05,0.05
29.45,35.05,0.05
29.5,35.05,0.05
19.0,35.1,0.05
19.05,35.1,0.05
19.1,35.1,0.05
19.15,35.1,0.05
19.2,35.1,0.05
19.25,35.1,0.05
19.3,35.1,0.05
19.35,35.1,0.05
19.4,35.1,0.05
19.45,35.1,0.05
19.5,35.1,0.05
19.55,35.1,0.05
19.6,35.1,0.05
19.65,35.1,0.05
19.7,35.1,0.05
19.75,35.1,0.05
19.8,35.1,0.05
19.85,35.1,0.05
19.9,35.1,0.05
19.95,35.1,0.05
20.0,35.1,0.05
20.05,35.1,0.05
20.1,35.1,0.05
20.15,35.1,0.05
20.2,35.1,0.05
20.25,35.1,0.05
20.3,35.1,0.05
20.35,35.1,0.05
20.4,35.1,0.05
20.45,35.1,0.05
20.5,35.1,0.05
20.55,35.1,0.05
20.6,35.1,0.05
20.65,35.1,0.05
20.7,35.1,0.05
20.75,35.1,0.05
20.8,35.1,0.05
20.85,35.1,0.05
20.9,35.1,0.05
20.95,35.1,0.05
21.0,35.1,0.05
21.05,35.1,0.05
21.1,35.1,0.05
21.15,35.1,0.05
21.2,35.1,0.05
21.25,35.1,0.05
21.3,35.1,0.05
21.35,35.1,0.05
21.4,35.1,0.05
21.45,35.1,0.05
21.5,35.1,0.05
21.55,35.1,0.05
21.6,35.1,0.05
21.65,35.1,0.05
21.7,35.1,0.05
21.75,35.1,0.05
21.8,35.1,0.05
21.85,35.1,0.05
21.9,35.1,0.05
21.95,35.1,0.05
22.0,35.1,0.05
22.05,35.1,0.05
22.1,35.1,0.05
22.15,35.1,0.05
22.2,35.1,0.05
22.25,35.1,0.05
22.3,35.1,0.05
22.35,35.1,0.05
22.4,35.1,0.05
22.45,35.1,0.05
22.5,35.1,0.05
22.55,35.1,0.05
22.6,35.1,0.05
22.65,35.1,0.05
22.7,35.1,0.05
22.75,35.1,0.05
22.8,35.1,0.05
22.85,35.1,0.05
22.9,35.1,0.05
22.95,35.1,0.05
23.0,35.1,0.05
23.05,35.1,0.05
23.1,35.1,0.05
23.15,35.1,0.05
23.2,35.1,0.05
23.25,35.1,0.05
23.3,35.1,0.05
23.35,35.1,0.05
23.4,35.1,0.05
23.45,35.1,0.05
23.5,35.1,0.36
23.55,35.1,0.36
23.6,35.1,0.36
23.65,35.1,0.36
23.7,35.1,0.36
23.75,35.1,0.36
23.8,35.1,0.36
23.85,35.1,0.36
23.9,35.1,0.36
23.95,35.1,0.36
24.0,35.1,0.36
24.05,35.1,0.36
24.1,35.1,0.36
24.15,35.1,0.36
24.2,35.1,0.36
24.25,35.1,0.36
24.3,35.1,0.36
24.35,35.1,0.36
24.4,35.1,0.36
24.45,35.1,0.36
24.5,35.1,0.36
24.55,35.1,0.36
24.6,35.1,0.36
24.65,35.1,0.36
24.7,35.1,0.36
24.75,35.1,0.36
24.8,35.1,0.36
24.85,35.1,0.36
24.9,35.1,0.36
24.95,35.1,0.36
25.0,35.1,0.36
25.05,35.1,0.36
25.1,35.1,0.36
25.15,35.1,0.36
25.2,35.1,0.36
25.25,35.1,0.36
25.3,35.1,0.36
25.35,35.1,0.36
25.4,35.1,0.36
25.45,35.1,0.36
25.5,35.1,0.36
25.55,35.1,0.36
25.6,35.1,0.36
25.65,35.1,0.36
25.7,35.1,0.36
25.75,35.1,0.36
25.8,35.1,0.36
25.85,35.1,0.36
25.9,35.1,0.36
25.95,35.1,0.36
26.0,35.1,0.36
26.05,35.1,0.36
26.1,35.1,0.36
26.15,35.1,0.36
26.2,35.1,0.36
26.25,35.1,0.36
26.3,35.1,0.36
26.35,35.1,0.36
26.4,35.1,0.36
26.45,35.1,0.36
26.5,35.1,0.36
26.55,35.1,0.36
26.6,35.1,0.36
26.65,35.1,0.36
26.7,35.1,0.36
26.75,35.1,0.36
26.8,35.1,0.36
26.85,35.1,0.36
26.9,35.1,0.36
26.95,35.1,0.36
27.0,35.1,0.36
27.05,35.1,0.36
27.1,35.1,0.36
27.15,35.1,0.36
27.2,35.1,0.36
27.25,35.1,0.36
27.3,35.1,0.36
27.35,35.1,0.36
27.4,35.1,0.36
27.45,35.1,0.36
27.5,35.1,0.05
27.55,35.1,0.05
27.6,35.1,0.05
27.65,35.1,0.05
27.7,35.1,0.05
27.75,35.1,0.05
27.8,35.1,0.05
27.85,35.1,0.05
27.9,35.1,0.05
27.95,35.1,0.05
28.0,35.1,0.05
28.05,35.1,0.05
28.1,35.1,0.05
28.15,35.1,0.05
28.2,35.1,0.05
28.25,35.1,0.05
28.3,35.1,0.05
28.35,35.1,0.05
28.4,35.1,0.05
28.45,35.1,0.05
28.5,35.1,0.05
28.55,35.1,0.05
28.6,35.1,0.05
28.65,35.1,0.05
28.7,35.1,0.05
28.75,35.1,0.05
28.8,35.1,0.05
28.85,35.1,0.05
28.9,35.1,0.05
28.95,35.1,0.05
29.0,35.1,0.05
29.05,35.1,0.05
29.1,35.1,0.05
29.15,35.1,0.05
29.2,35.1,0.05
29.25,35.1,0.05
29.3,35.1,0.05
29.35,35.1,0.05
29.4,35.1,0.05
29.45,35.1,0.05
29.5,35.1,0.05
19.0,35.15,0.05
19.05,35.15,0.05
19.1,35.15,0.05
19.15,35.15,0.05
19.2,35.15,0.05
19.25,35.15,0.05
19.3,35.15,0.05
19.35,35.15,0.05
19.4,35.15,0.05
19.45,35.15,0.05
19.5,35.15,0.05
19.55,35.15,0.05
19.6,35.15,0.05
19.65,35.15,0.05
19.7,35.15,0.05
19.75,35.15,0.05
19.8,35.15,0.05
19.85,35.15,0.05
19.9,35.15,0.05
19.95,35.15,0.05
20.0,35.15,0.05
20.05,35.15,0.05
20.1,35.15,0.05
20.15,35.15,0.05
20.2,35.15,0.05
20.25,35.15,0.05
20.3,35.15,0.05
20.35,35.15,0.05
20.4,35.15,0.05
20.45,35.15,0.05
20.5,35.15,0.05
20.55,35.15,0.05
20.6,35.15,0.05
20.65,35.15,0.05
20.7,35.15,0.05
20.75,35.15,0.05
20.8,35.15,0.05
20.85,35.15,0.05
20.9,35.15,0.05
20.95,35.15,0.05
21.0,35.15,0.05
21.05,35.15,0.05
21.1,35.15,0.05
21.15,35.15,0.05
21.2,35.15,0.05
21.25,35.15,0.05
21.3,35.15,0.05
21.35,35.15,0.05
21.4,35.15,0.05
21.45,35.15,0.05
21.5,35.15,0.05
21.55,35.15,0.05
21.6,35.15,0.05
21.65,35.15,0.05
21.7,35.15,0.05
21.75,35.15,0.05
21.8,35.15,0.05
21.85,35.15,0.05
21.9,35.15,0.05
21.95,35.15,0.05
22.0,35.15,0.05
22.05,35.15,0.05
22.1,35.15,0.05
22.15,35.15,0.05
22.2,35.15,0.05
22.25,35.15,0.05
22.3,35.15,0.05
22.35,35.15,0.05
22.4,35.15,0.05
22.45,35.15,0.05
22.5,35.15,0.05
22.55,35.15,0.05
22.6,35.15,0.05
22.65,35.15,0.05
22.7,35.15,0.05
22.75,35.15,0.05
22.8,35.15,0.05
22.85,35.15,0.05
22.9,35.15,0.05
22.95,35.15,0.05
23.0,35.15,0.05
23.05,35.15,0.05
23.1,35.15,0.05
23.15,35.15,0.05
23.2,35.15,0.05
23.25,35.15,0.05
23.3,35.15,0.05
23.35,35.15,0.05
23.4,35.15,0.05
23.45,35.15,0.05
23.5,35.15,0.36
23.55,35.15,0.36
23.6,35.15,0.36
23.65,35.15,0.36
23.7,35.15,0.36
23.75,35.15,0.36
23.8,35.15,0.36
23.85,35.15,0.36
23.9,35.15,0.36
23.95,35.15,0.36
24.0,35.15,0.36
24.05,35.15,0.36
24.1,35.15,0.36
24.15,35.15,0.36
24.2,35.15,0.36
24.25,35.15,0.36
24.3,35.15,0.36
24.35,35.15,0.36
24.4,35.15,0.36
24.45,35.15,0.36
24.5,35.15,0.36
24.55,35.15,0.36
24.6,35.15,0.36
24.65,35.15,0.36
24.7,35.15,0.36
24.75,35.15,0.36
24.8,35.15,0.36
24.85,35.15,0.36
24.9,35.15,0.36
24.95,35.15,0.36
25.0,35.15,0.36
25.05,35.15,0.36
25.1,35.15,0.36
25.15,35.15,0.36
25.2,35.15,0.36
25.25,35.15,0.36
25.3,35.15,0.36
25.35,35.15,0.36
25.4,35.15,0.36
25.45,35.15,0.36
25.5,35.15,0.36
25.55,35.15,0.36
25.6,35.15,0.36
25.65,35.15,0.36
25.7,35.15,0.36
25.75,35.15,0.36
25.8,35.15,0.36
25.85,35.15,0.36
25.9,35.15,0.36
25.95,35.15,0.36
26.0,35.15,0.36
26.05,35.15,0.36
26.1,35.15,0.36
26.15,35.15,0.36
26.2,35.15,0.36
26.25,35.15,0.36
26.3,35.15,0.36
26.35,35.15,0.36
26.4,35.15,0.36
26.45,35.15,0.36
26.5,35.15,0.36
26.55,35.15,0.36
26.6,35.15,0.36
26.65,35.15,0.36
26.7,35.15,0.36
26.75,35.15,0.36
26.8,35.15,0.36
26.85,35.15,0.36
26.9,35.15,0.36
26.95,35.15,0.36
27.0,35.15,0.36
27.05,35.15,0.36
27.1,35.15,0.36
27.15,35.15,0.36
27.2,35.15,0.36
27.25,35.15,0.36
27.3,35.15,0.36
27.35,35.15,0.36
27.4,35.15,0.36
27.45,35.15,0.36
27.5,35.15,0.05
27.55,35.15,0.05
27.6,35.15,0.05
27.65,35.15,0.05
27.7,35.15,0.05
27.75,35.15,0.05
27.8,35.15,0.05
27.85,35.15,0.05
27.9,35.15,0.05
27.95,35.15,0.05
28.0,35.15,0.05
28.05,35.15,0.05
28.1,35.15,0.05
28.15,35.15,0.05
28.2,35.15,0.05
28.25,35.15,0.05
28.3,35.15,0.05
28.35,35.15,0.05
28.4,35.15,0.05
28.45,35.15,0.05
28.5,35.15,0.05
28.55,35.15,0.05
28.6,35.15,0.05
28.65,35.15,0.05
28.7,35.15,0.05
28.75,35.15,0.05
28.8,35.15,0.05
28.85,35.15,0.05
28.9,35.15,0.05
28.95,35.15,0.05
29.0,35.15,0.05
29.05,35.15,0.05
29.1,35.15,0.05
29.15,35.15,0.05
29.2,35.15,0.05
29.25,35.15,0.05
29.3,35.15,0.05
29.35,35.15,0.05
29.4,35.15,0.05
29.45,35.15,0.05
29.5,35.15,0.05
19.0,35.2,0.05
19.05,35.2,0.05
19.1,35.2,0.05
19.15,35.2,0.05
19.2,35.2,0.05
19.25,35.2,0.05
19.3,35.2,0.05
19.35,35.2,0.05
19.4,35.2,0.05
19.45,35.2,0.05
19.5,35.2,0.05
19.55,35.2,0.05
19.6,35.2,0.05
19.65,35.2,0.05
19.7,35.2,0.05
19.75,35.2,0.05
19.8,35.2,0.05
19.85,35.2,0.05
19.9,35.2,0.05
19.95,35.2,0.05
20.0,35.2,0.05
20.05,35.2,0.05
20.1,35.2,0.05
20.15,35.2,0.05
20.2,35.2,0.05
20.25,35.2,0.05
20.3,35.2,0.05
20.35,35.2,0.05
20.4,35.2,0.05
20.45,35.2,0.05
20.5,35.2,0.05
20.55,35.2,0.05
20.6,35.2,0.05
20.65,35.2,0.05
20.7,35.2,0.05
20.75,35.2,0.05
20.8,35.2,0.05
20.85,35.2,0.05
20.9,35.2,0.05
20.95,35.2,0.05
21.0,35.2,0.05
21.05,35.2,0.05
21.1,35.2,0.05
21.15,35.2,0.05
21.2,35.2,0.05
21.25,35.2,0.05
21.3,35.2,0.05
21.35,35.2,0.05
21.4,35.2,0.05
21.45,35.2,0.05
21.5,35.2,0.05
21.55,35.2,0.05
21.6,35.2,0.05
21.65,35.2,0.05
21.7,35.2,0.05
21.75,35.2,0.05
21.8,35.2,0.05
21.85,35.2,0.05
21.9,35.2,0.05
21.95,35.2,0.05
22.0,35.2,0.05
22.05,35.2,0.05
22.1,35.2,0.05
22.15,35.2,0.05
22.2,35.2,0.05
22.25,35.2,0.05
22.3,35.2,0.05
22.35,35.2,0.05
22.4,35.2,0.05
22.45,35.2,0.05
22.5,35.2,0.05
22.55,35.2,0.05
22.6,35.2,0.05
22.65,35.2,0.05
22.7,35.2,0.05
22.75,35.2,0.05
22.8,35.2,0.05
22.85,35.2,0.05
22.9,35.2,0.05
22.95,35.2,0.05
23.0,35.2,0.05
23.05,35.2,0.05
23.1,35.2,0.05
23.15,35.2,0.05
23.2,35.2,0.05
23.25,35.2,0.05
23.3,35.2,0.05
23.35,35.2,0.05
23.4,35.2,0.05
23.45,35.2,0.05
23.5,35.2,0.36
23.55,35.2,0.36
23.6,35.2,0.36
23.65,35.2,0.36
23.7,35.2,0.36
23.75,35.2,0.36
23.8,35.2,0.36
23.85,35.2,0.36
23.9,35.2,0.36
23.95,35.2,0.36
24.0,35.2,0.36
24.05,35.2,0.36
24.1,35.2,0.36
24.15,35.2,0.36
24.2,35.2,0.36
24.25,35.2,0.36
24.3,35.2,0.36
24.35,35.2,0.36
24.4,35.2,0.36
24.45,35.2,0.36
24.5,35.2,0.36
24.55,35.2,0.36
24.6,35.2,0.36
24.65,35.2,0.36
24.7,35.2,0.36
24.75,35.2,0.36
24.8,35.2,0.36
24.85,35.2,0.36
24.9,35.2,0.36
24.95,35.2,0.36
25.0,35.2,0.36
25.05,35.2,0.36
25.1,35.2,0.36
25.15,35.2,0.36
25.2,35.2,0.36
25.25,35.2,0.36
25.3,35.2,0.36
25.35,35.2,0.36
25.4,35.2,0.36
25.45,35.2,0.36
25.5,35.2,0.36
25.55,35.2,0.36
25.6,35.2,0.36
25.65,35.2,0.36
25.7,35.2,0.36
25.75,35.2,0.36
25.8,35.2,0.36
25.85,35.2,0.36
25.9,35.2,0.36
25.95,35.2,0.36
26.0,35.2,0.36
26.05,35.2,0.36
26.1,35.2,0.36
26.15,35.2,0.36
26.2,35.2,0.36
26.25,35.2,0.36
26.3,35.2,0.36
26.35,35.2,0.36
26.4,35.2,0.36
26.45,35.2,0.36
26.5,35.2,0.36
26.55,35.2,0.36
26.6,35.2,0.36
26.65,35.2,0.36
26.7,35.2,0.36
26.75,35.2,0.36
26.8,35.2,0.36
26.85,35.2,0.36
26.9,35.2,0.36
26.95,35.2,0.36
27.0,35.2,0.36
27.05,35.2,0.36
27.1,35.2,0.36
27.15,35.2,0.36
27.2,35.2,0.36
27.25,35.2,0.36
27.3,35.2,0.36
27.35,35.2,0.36
27.4,35.2,0.36
27.45,35.2,0.36
27.5,35.2,0.05
27.55,35.2,0.05
27.6,35.2,0.05
27.65,35.2,0.05
27.7,35.2,0.05
27.75,35.2,0.05
27.8,35.2,0.05
27.85,35.2,0.05
27.9,35.2,0.05
27.95,35.2,0.05
28.0,35.2,0.05
28.05,35.2,0.05
28.1,35.2,0.05
28.15,35.2,0.05
28.2,35.2,0.05
28.25,35.2,0.05
28.3,35.2,0.05
28.35,35.2,0.05
28.4,35.2,0.05
28.45,35.2,0.05
28.5,35.2,0.05
28.55,35.2,0.05
28.6,35.2,0.05
28.65,35.2,0.05
28.7,35.2,0.05
28.75,35.2,0.05
28.8,35.2,0.05
28.85,35.2,0.05
28.9,35.2,0.05
28.95,35.2,0.05
29.0,35.2,0.05
29.05,35.2,0.05
29.1,35.2,0.05
29.15,35.2,0.05
29.2,35.2,0.05
29.25,35.2,0.05
29.3,35.2,0.05
29.35,35.2,0.05
29.4,35.2,0.05
29.45,35.2,0.05
29.5,35.2,0.05
19.0,35.25,0.05
19.05,35.25,0.05
19.1,35.25,0.05
19.15,35.25,0.05
19.2,35.25,0.05
19.25,35.25,0.05
19.3,35.25,0.05
19.35,35.25,0.05
19.4,35.25,0.05
19.45,35.25,0.05
19.5,35.25,0.05
19.55,35.25,0.05
19.6,35.25,0.05
19.65,35.25,0.05
19.7,35.25,0.05
19.75,35.25,0.05
19.8,35.25,0.05
19.85,35.25,0.05
19.9,35.25,0.05
19.95,35.25,0.05
20.0,35.25,0.05
20.05,35.25,0.05
20.1,35.25,0.05
20.15,35.25,0.05
20.2,35.25,0.05
20.25,35.25,0.05
20.3,35.25,0.05
20.35,35.25,0.05
20.4,35.25,0.05
20.45,35.25,0.05
20.5,35.25,0.05
20.55,35.25,0.05
20.6,35.25,0.05
20.65,35.25,0.05
20.7,35.25,0.05
20.75,35.25,0.05
20.8,35.25,0.05
20.85,35.25,0.05
20.9,35.25,0.05
20.95,35.25,0.05
21.0,35.25,0.05
21.05,35.25,0.05
21.1,35.25,0.05
21.15,35.25,0.05
21.2,35.25,0.05
21.25,35.25,0.05
21.3,35.25,0.05
21.35,35.25,0.05
21.4,35.25,0.05
21.45,35.25,0.05
21.5,35.25,0.05
21.55,35.25,0.05
21.6,35.25,0.05
21.65,35.25,0.05
21.7,35.25,0.05
21.75,35.25,0.05
21.8,35.25,0.05
21.85,35.25,0.05
21.9,35.25,0.05
21.95,35.25,0.05
22.0,35.25,0.05
22.05,35.25,0.05
22.1,35.25,0.05
22.15,35.25,0.05
22.2,35.25,0.05
22.25,35.25,0.05
22.3,35.25,0.05
22.35,35.25,0.05
22.4,35.25,0.05
22.45,35.25,0.05
22.5,35.25,0.05
22.55,35.25,0.05
22.6,35.25,0.05
22.65,35.25,0.05
22.7,35.25,0.05
22.75,35.25,0.05
22.8,35.25,0.05
22.85,35.25,0.05
22.9,35.25,0.05
22.95,35.25,0.05
23.0,35.25,0.05
23.05,35.25,0.05
23.1,35.25,0.05
23.15,35.25,0.05
23.2,35.25,0.05
23.25,35.25,0.05
23.3,35.25,0.05
23.35,35.25,0.05
23.4,35.25,0.05
23.45,35.25,0.05
23.5,35.25,0.36
23.55,35.25,0.36
23.6,35.25,0.36
23.65,35.25,0.36
23.7,35.25,0.36
23.75,35.25,0.36
23.8,35.25,0.36
23.85,35.25,0.36
23.9,35.25,0.36
23.95,35.25,0.36
24.0,35.25,0.36
24.05,35.25,0.36
24.1,35.25,0.36
24.15,35.25,0.36
24.2,35.25,0.36
24.25,35.25,0.36
24.3,35.25,0.36
24.35,35.25,0.36
24.4,35.25,0.36
24.45,35.25,0.36
24.5,35.25,0.36
24.55,35.25,0.36
24.6,35.25,0.36
24.65,35.25,0.36
24.7,35.25,0.36
24.75,35.25,0.36
24.8,35.25,0.36
24.85,35.25,0.36
24.9,35.25,0.36
24.95,35.25,0.36
25.0,35.25,0.36
25.05,35.25,0.36
25.1,35.25,0.36
25.15,35.25,0.36
25.2,35.25,0.36
25.25,35.25,0.36
25.3,35.25,0.36
25.35,35.25,0.36
25.4,35.25,0.36
25.45,35.25,0.36
25.5,35.25,0.36
25.55,35.25,0.36
25.6,35.25,0.36
25.65,35.25,0.36
25.7,35.25,0.36
25.75,35.25,0.36
25.8,35.25,0.36
25.85,35.25,0.36
25.9,35.25,0.36
25.95,35.25,0.36
26.0,35.25,0.36
26.05,35.25,0.36
26.1,35.25,0.36
26.15,35.25,0.36
26.2,35.25,0.36
26.25,35.25,0.36
26.3,35.25,0.36
26.35,35.25,0.36
26.4,35.25,0.36
26.45,35.25,0.36
26.5,35.25,0.36
26.55,35.25,0.36
26.6,35.25,0.36
26.65,35.25,0.36
26.7,35.25,0.36
26.75,35.25,0.36
26.8,35.25,0.36
26.85,35.25,0.36
26.9,35.25,0.36
26.95,35.25,0.36
27.0,35.25,0.36
27.05,35.25,0.36
27.1,35.25,0.36
27.15,35.25,0.36
27.2,35.25,0.36
27.25,35.25,0.36
27.3,35.25,0.36
27.35,35.25,0.36
27.4,35.25,0.36
27.45,35.25,0.36
27.5,35.25,0.05
27.55,35.25,0.05
27.6,35.25,0.05
27.65,35.25,0.05
27.7,35.25,0.05
27.75,35.25,0.05
27.8,35.25,0.05
27.85,35.25,0.05
27.9,35.25,0.05
27.95,35.25,0.05
28.0,35.25,0.05
28.05,35.25,0.05
28.1,35.25,0.05
28.15,35.25,0.05
28.2,35.25,0.05
28.25,35.25,0.05
28.3,35.25,0.05
28.35,35.25,0.05
28.4,35.25,0.05
28.45,35.25,0.05
28.5,35.25,0.05
28.55,35.25,0.05
28.6,35.25,0.05
28.65,35.25,0.05
28.7,35.25,0.05
28.75,35.25,0.05
28.8,35.25,0.05
28.85,35.25,0.05
28.9,35.25,0.05
28.95,35.25,0.05
29.0,35.25,0.05
29.05,35.25,0.05
29.1,35.25,0.05
29.15,35.25,0.05
29.2,35.25,0.05
29.25,35.25,0.05
29.3,35.25,0.05
29.35,35.25,0.05
29.4,35.25,0.05
29.45,35.25,0.05
29.5,35.25,0.05
19.0,35.3,0.05
19.05,35.3,0.05
19.1,35.3,0.05
19.15,35.3,0.05
19.2,35.3,0.05
19.25,35.3,0.05
19.3,35.3,0.05
19.35,35.3,0.05
19.4,35.3,0.05
19.45,35.3,0.05
19.5,35.3,0.05
19.55,35.3,0.05
19.6,35.3,0.05
19.65,35.3,0.05
19.7,35.3,0.05
19.75,35.3,0.05
19.8,35.3,0.05
19.85,35.3,0.05
19.9,35.3,0.05
19.95,35.3,0.05
20.0,35.3,0.05
20.05,35.3,0.05
20.1,35.3,0.05
20.15,35.3,0.05
20.2,35.3,0.05
20.25,35.3,0.05
20.3,35.3,0.05
20.35,35.3,0.05
20.4,35.3,0.05
20.45,35.3,0.05
20.5,35.3,0.05
20.55,35.3,0.05
20.6,35.3,0.05
20.65,35.3,0.05
20.7,35.3,0.05
20.75,35.3,0.05
20.8,35.3,0.05
20.85,35.3,0.05
20.9,35.3,0.05
20.95,35.3,0.05
21.0,35.3,0.05
21.05,35.3,0.05
21.1,35.3,0.05
21.15,35.3,0.05
21.2,35.3,0.05
21.25,35.3,0.05
21.3,35.3,0.05
21.35,35.3,0.05
21.4,35.3,0.05
21.45,35.3,0.05
21.5,35.3,0.05
21.55,35.3,0.05
21.6,35.3,0.05
21.65,35.3,0.05
21.7,35.3,0.05
21.75,35.3,0.05
21.8,35.3,0.05
21.85,35.3,0.05
21.9,35.3,0.05
21.95,35.3,0.05
22.0,35.3,0.05
22.05,35.3,0.05
22.1,35.3,0.05
22.15,35.3,0.05
22.2,35.3,0.05
22.25,35.3,0.05
22.3,35.3,0.05
22.35,35.3,0.05
22.4,35.3,0.05
22.45,35.3,0.05
22.5,35.3,0.05
22.55,35.3,0.05
22.6,35.3,0.05
22.65,35.3,0.05
22.7,35.3,0.05
22.75,35.3,0.05
22.8,35.3,0.05
22.85,35.3,0.05
22.9,35.3,0.05
22.95,35.3,0.05
23.0,35.3,0.05
23.05,35.3,0.05
23.1,35.3,0.05
23.15,35.3,0.05
23.2,35.3,0.05
23.25,35.3,0.05
23.3,35.3,0.05
23.35,35.3,0.05
23.4,35.3,0.05
23.45,35.3,0.05
23.5,35.3,0.36
23.55,35.3,0.36
23.6,35.3,0.36
23.65,35.3,0.36
23.7,35.3,0.36
23.75,35.3,0.36
23.8,35.3,0.36
23.85,35.3,0.36
23.9,35.3,0.36
23.95,35.3,0.36
24.0,35.3,0.36
24.05,35.3,0.36
24.1,35.3,0.36
24.15,35.3,0.36
24.2,35.3,0.36
24.25,35.3,0.36
24.3,35.3,0.36
24.35,35.3,0.36
24.4,35.3,0.36
24.45,35.3,0.36
24.5,35.3,0.36
24.55,35.3,0.36
24.6,35.3,0.36
24.65,35.3,0.36
24.7,35.3,0.36
24.75,35.3,0.36
24.8,35.3,0.36
24.85,35.3,0.36
24.9,35.3,0.36
24.95,35.3,0.36
25.0,35.3,0.36
25.05,35.3,0.36
25.1,35.3,0.36
25.15,35.3,0.36
25.2,35.3,0.36
25.25,35.3,0.36
25.3,35.3,0.36
25.35,35.3,0.36
25.4,35.3,0.36
25.45,35.3,0.36
25.5,35.3,0.36
25.55,35.3,0.36
25.6,35.3,0.36
25.65,35.3,0.36
25.7,35.3,0.36
25.75,35.3,0.36
25.8,35.3,0.36
25.85,35.3,0.36
25.9,35.3,0.36
25.95,35.3,0.36
26.0,35.3,0.36
26.05,35.3,0.36
26.1,35.3,0.36
26.15,35.3,0.36
26.2,35.3,0.36
26.25,35.3,0.36
26.3,35.3,0.36
26.35,35.3,0.36
26.4,35.3,0.36
26.45,35.3,0.36
26.5,35.3,0.36
26.55,35.3,0.36
26.6,35.3,0.36
26.65,35.3,0.36
26.7,35.3,0.36
26.75,35.3,0.36
26.8,35.3,0.36
26.85,35.3,0.36
26.9,35.3,0.36
26.95,35.3,0.36
27.0,35.3,0.36
27.05,35.3,0.36
27.1,35.3,0.36
27.15,35.3,0.36
27.2,35.3,0.36
27.25,35.3,0.36
27.3,35.3,0.36
27.35,35.3,0.36
27.4,35.3,0.36
27.45,35.3,0.36
27.5,35.3,0.05
27.55,35.3,0.05
27.6,35.3,0.05
27.65,35.3,0.05
27.7,35.3,0.05
27.75,35.3,0.05
27.8,35.3,0.05
27.85,35.3,0.05
27.9,35.3,0.05
27.95,35.3,0.05
28.0,35.3,0.05
28.05,35.3,0.05
28.1,35.3,0.05
28.15,35.3,0.05
28.2,35.3,0.05
28.25,35.3,0.05
28.3,35.3,0.05
28.35,35.3,0.05
28.4,35.3,0.05
28.45,35.3,0.05
28.5,35.3,0.05
28.55,35.3,0.05
28.6,35.3,0.05
28.65,35.3,0.05
28.7,35.3,0.05
28.75,35.3,0.05
28.8,35.3,0.05
28.85,35.3,0.05
28.9,35.3,0.05
28.95,35.3,0.05
29.0,35.3,0.05
29.05,35.3,0.05
29.1,35.3,0.05
29.15,35.3,0.05
29.2,35.3,0.05
29.25,35.3,0.05
29.3,35.3,0.05
29.35,35.3,0.05
29.4,35.3,0.05
29.45,35.3,0.05
29.5,35.3,0.05
19.0,35.35,0.05
19.05,35.35,0.05
19.1,35.35,0.05
19.15,35.35,0.05
19.2,35.35,0.05
19.25,35.35,0.05
19.3,35.35,0.05
19.35,35.35,0.05
19.4,35.35,0.05
19.45,35.35,0.05
19.5,35.35,0.05
19.55,35.35,0.05
19.6,35.35,0.05
19.65,35.35,0.05
19.7,35.35,0.05
19.75,35.35,0.05
19.8,35.35,0.05
19.85,35.35,0.05
19.9,35.35,0.05
19.95,35.35,0.05
20.0,35.35,0.05
20.05,35.35,0.05
20.1,35.35,0.05
20.15,35.35,0.05
20.2,35.35,0.05
20.25,35.35,0.05
20.3,35.35,0.05
20.35,35.35,0.05
20.4,35.35,0.05
20.45,35.35,0.05
20.5,35.35,0.05
20.55,35.35,0.05
20.6,35.35,0.05
20.65,35.35,0.05
20.7,35.35,0.05
20.75,35.35,0.05
20.8,35.35,0.05
20.85,35.35,0.05
20.9,35.35,0.05
20.95,35.35,0.05
21.0,35.35,0.05
21.05,35.35,0.05
21.1,35.35,0.05
21.15,35.35,0.05
21.2,35.35,0.05
21.25,35.35,0.05
21.3,35.35,0.05
21.35,35.35,0.05
21.4,35.35,0.05
21.45,35.35,0.05
21.5,35.35,0.05
21.55,35.35,0.05
21.6,35.35,0.05
21.65,35.35,0.05
21.7,35.35,0.05
21.75,35.35,0.05
21.8,35.35,0.05
21.85,35.35,0.05
21.9,35.35,0.05
21.95,35.35,0.05
22.0,35.35,0.05
22.05,35.35,0.05
22.1,35.35,0.05
22.15,35.35,0.05
22.2,35.35,0.05
22.25,35.35,0.05
22.3,35.35,0.05
22.35,35.35,0.05
22.4,35.35,0.05
22.45,35.35,0.05
22.5,35.35,0.05
22.55,35.35,0.05
22.6,35.35,0.05
22.65,35.35,0.05
22.7,35.35,0.05
22.75,35.35,0.05
22.8,35.35,0.05
22.85,35.35,0.05
22.9,35.35,0.05
22.95,35.35,0.05
23.0,35.35,0.05
23.05,35.35,0.05
23.1,35.35,0.05
23.15,35.35,0.05
23.2,35.35,0.05
23.25,35.35,0.05
23.3,35.35,0.05
23.35,35.35,0.05
23.4,35.35,0.05
23.45,35.35,0.05
23.5,35.35,0.36
23.55,35.35,0.36
23.6,35.35,0.36
23.65,35.35,0.36
23.7,35.35,0.36
23.75,35.35,0.36
23.8,35.35,0.36
23.85,35.35,0.36
23.9,35.35,0.36
23.95,35.35,0.36
24.0,35.35,0.36
24.05,35.35,0.36
24.1,35.35,0.36
24.15,35.35,0.36
24.2,35.35,0.36
24.25,35.35,0.36
24.3,35.35,0.36
24.35,35.35,0.36
24.4,35.35,0.36
24.45,35.35,0.36
24.5,35.35,0.36
24.55,35.35,0.36
24.6,35.35,0.36
24.65,35.35,0.36
24.7,35.35,0.36
24.75,35.35,0.36
24.8,35.35,0.36
24.85,35.35,0.36
24.9,35.35,0.36
24.95,35.35,0.36
25.0,35.35,0.36
25.05,35.35,0.36
25.1,35.35,0.36
25.15,35.35,0.36
25.2,35.35,0.36
25.25,35.35,0.36
25.3,35.35,0.36
25.35,35.35,0.36
25.4,35.35,0.36
25.45,35.35,0.36
25.5,35.35,0.36
25.55,35.35,0.36
25.6,35.35,0.36
25.65,35.35,0.36
25.7,35.35,0.36
25.75,35.35,0.36
25.8,35.35,0.36
25.85,35.35,0.36
25.9,35.35,0.36
25.95,35.35,0.36
26.0,35.35,0.36
26.05,35.35,0.36
26.1,35.35,0.36
26.15,35.35,0.36
26.2,35.35,0.36
26.25,35.35,0.36
26.3,35.35,0.36
26.35,35.35,0.36
26.4,35.35,0.36
26.45,35.35,0.36
26.5,35.35,0.36
26.55,35.35,0.36
26.6,35.35,0.36
26.65,35.35,0.36
26.7,35.35,0.36
26.75,35.35,0.36
26.8,35.35,0.36
26.85,35.35,0.36
26.9,35.35,0.36
26.95,35.35,0.36
27.0,35.35,0.36
27.05,35.35,0.36
27.1,35.35,0.36
27.15,35.35,0.36
27.2,35.35,0.36
27.25,35.35,0.36
27.3,35.35,0.36
27.35,35.35,0.36
27.4,35.35,0.36
27.45,35.35,0.36
27.5,35.35,0.05
27.55,35.35,0.05
27.6,35.35,0.05
27.65,35.35,0.05
27.7,35.35,0.05
27.75,35.35,0.05
27.8,35.35,0.05
27.85,35.35,0.05
27.9,35.35,0.05
27.95,35.35,0.05
28.0,35.35,0.05
28.05,35.35,0.05
28.1,35.35,0.05
28.15,35.35,0.05
28.2,35.35,0.05
28.25,35.35,0.05
28.3,35.35,0.05
28.35,35.35,0.05
28.4,35.35,0.05
28.45,35.35,0.05
28.5,35.35,0.05
28.55,35.35,0.05
28.6,35.35,0.05
28.65,35.35,0.05
28.7,35.35,0.05
28.75,35.35,0.05
28.8,35.35,0.05
28.85,35.35,0.05
28.9,35.35,0.05
28.95,35.35,0.05
29.0,35.35,0.05
29.05,35.35,0.05
29.1,35.35,0.05
29.15,35.35,0.05
29.2,35.35,0.05
29.25,35.35,0.05
29.3,35.35,0.05
29.35,35.35,0.05
29.4,35.35,0.05
29.45,35.35,0.05
29.5,35.35,0.05
19.0,35.4,0.05
19.05,35.4,0.05
19.1,35.4,0.05
19.15,35.4,0.05
19.2,35.4,0.05
19.25,35.4,0.05
19.3,35.4,0.05
19.35,35.4,0.05
19.4,35.4,0.05
19.45,35.4,0.05
19.5,35.4,0.05
19.55,35.4,0.05
19.6,35.4,0.05
19.65,35.4,0.05
19.7,35.4,0.05
19.75,35.4,0.05
19.8,35.4,0.05
19.85,35.4,0.05
19.9,35.4,0.05
19.95,35.4,0.05
20.0,35.4,0.05
20.05,35.4,0.05
20.1,35.4,0.05
20.15,35.4,0.05
20.2,35.4,0.05
20.25,35.4,0.05
20.3,35.4,0.05
20.35,35.4,0.05
20.4,35.4,0.05
20.45,35.4,0.05
20.5,35.4,0.05
20.55,35.4,0.05
20.6,35.4,0.05
20.65,35.4,0.05
20.7,35.4,0.05
20.75,35.4,0.05
20.8,35.4,0.05
20.85,35.4,0.05
20.9,35.4,0.05
20.95,35.4,0.05
21.0,35.4,0.05
21.05,35.4,0.05
21.1,35.4,0.05
21.15,35.4,0.05
21.2,35.4,0.05
21.25,35.4,0.05
21.3,35.4,0.05
21.35,35.4,0.05
21.4,35.4,0.05
21.45,35.4,0.05
21.5,35.4,0.05
21.55,35.4,0.05
21.6,35.4,0.05
21.65,35.4,0.05
21.7,35.4,0.05
21.75,35.4,0.05
21.8,35.4,0.05
21.85,35.4,0.05
21.9,35.4,0.05
21.95,35.4,0.05
22.0,35.4,0.05
22.05,35.4,0.05
22.1,35.4,0.05
22.15,35.4,0.05
22.2,35.4,0.05
22.25,35.4,0.05
22.3,35.4,0.05
22.35,35.4,0.05
22.4,35.4,0.05
22.45,35.4,0.05
22.5,35.4,0.05
22.55,35.4,0.05
22.6,35.4,0.05
22.65,35.4,0.05
22.7,35.4,0.05
22.75,35.4,0.05
22.8,35.4,0.05
22.85,35.4,0.05
22.9,35.4,0.05
22.95,35.4,0.05
23.0,35.4,0.05
23.05,35.4,0.05
23.1,35.4,0.05
23.15,35.4,0.05
23.2,35.4,0.05
23.25,35.4,0.05
23.3,35.4,0.05
23.35,35.4,0.05
23.4,35.4,0.05
23.45,35.4,0.05
23.5,35.4,0.36
23.55,35.4,0.36
23.6,35.4,0.36
23.65,35.4,0.36
23.7,35.4,0.36
23.75,35.4,0.36
23.8,35.4,0.36
23.85,35.4,0.36
23.9,35.4,0.36
23.95,35.4,0.36
24.0,35.4,0.36
24.05,35.4,0.36
24.1,35.4,0.36
24.15,35.4,0.36
24.2,35.4,0.36
24.25,35.4,0.36
24.3,35.4,0.36
24.35,35.4,0.36
24.4,35.4,0.36
24.45,35.4,0.36
24.5,35.4,0.36
24.55,35.4,0.36
24.6,35.4,0.36
24.65,35.4,0.36
24.7,35.4,0.36
24.75,35.4,0.36
24.8,35.4,0.36
24.85,35.4,0.36
24.9,35.4,0.36
24.95,35.4,0.36
25.0,35.4,0.36
25.05,35.4,0.36
25.1,35.4,0.36
25.15,35.4,0.36
25.2,35.4,0.36
25.25,35.4,0.36
25.3,35.4,0.36
25.35,35.4,0.36
25.4,35.4,0.36
25.45,35.4,0.36
25.5,35.4,0.36
25.55,35.4,0.36
25.6,35.4,0.36
25.65,35.4,0.36
25.7,35.4,0.36
25.75,35.4,0.36
25.8,35.4,0.36
25.85,35.4,0.36
25.9,35.4,0.36
25.95,35.4,0.36
26.0,35.4,0.36
26.05,35.4,0.36
26.1,35.4,0.36
26.15,35.4,0.36
26.2,35.4,0.36
26.25,35.4,0.36
26.3,35.4,0.36
26.35,35.4,0.36
26.4,35.4,0.36
26.45,35.4,0.36
26.5,35.4,0.36
26.55,35.4,0.36
26.6,35.4,0.36
26.65,35.4,0.36
26.7,35.4,0.36
26.75,35.4,0.36
26.8,35.4,0.36
26.85,35.4,0.36
26.9,35.4,0.36
26.95,35.4,0.36
27.0,35.4,0.36
27.05,35.4,0.36
27.1,35.4,0.36
27.15,35.4,0.36
27.2,35.4,0.36
27.25,35.4,0.36
27.3,35.4,0.36
27.35,35.4,0.36
27.4,35.4,0.36
27.45,35.4,0.36
27.5,35.4,0.05
27.55,35.4,0.05
27.6,35.4,0.05
27.65,35.4,0.05
27.7,35.4,0.05
27.75,35.4,0.05
27.8,35.4,0.05
27.85,35.4,0.05
27.9,35.4,0.05
27.95,35.4,0.05
28.0,35.4,0.05
28.05,35.4,0.05
28.1,35.4,0.05
28.15,35.4,0.05
28.2,35.4,0.05
28.25,35.4,0.05
28.3,35.4,0.05
28.35,35.4,0.05
28.4,35.4,0.05
28.45,35.4,0.05
28.5,35.4,0.05
28.55,35.4,0.05
28.6,35.4,0.05
28.65,35.4,0.05
28.7,35.4,0.05
28.75,35.4,0.05
28.8,35.4,0.05
28.85,35.4,0.05
28.9,35.4,0.05
28.95,35.4,0.05
29.0,35.4,0.05
29.05,35.4,0.05
29.1,35.4,0.05
29.15,35.4,0.05
29.2,35.4,0.05
29.25,35.4,0.05
29.3,35.4,0.05
29.35,35.4,0.05
29.4,35.4,0.05
29.45,35.4,0.05
29.5,35.4,0.05
19.0,35.45,0.05
19.05,35.45,0.05
19.1,35.45,0.05
19.15,35.45,0.05
19.2,35.45,0.05
19.25,35.45,0.05
19.3,35.45,0.05
19.35,35.45,0.05
19.4,35.45,0.05
19.45,35.45,0.05
19.5,35.45,0.05
19.55,35.45,0.05
19.6,35.45,0.05
19.65,35.45,0.05
19.7,35.45,0.05
19.75,35.45,0.05
19.8,35.45,0.05
19.85,35.45,0.05
19.9,35.45,0.05
19.95,35.45,0.05
20.0,35.45,0.05
20.05,35.45,0.05
20.1,35.45,0.05
20.15,35.45,0.05
20.2,35.45,0.05
20.25,35.45,0.05
20.3,35.45,0.05
20.35,35.45,0.05
20.4,35.45,0.05
20.45,35.45,0.05
20.5,35.45,0.05
20.55,35.45,0.05
20.6,35.45,0.05
20.65,35.45,0.05
20.7,35.45,0.05
20.75,35.45,0.05
20.8,35.45,0.05
20.85,35.45,0.05
20.9,35.45,0.05
20.95,35.45,0.05
21.0,35.45,0.05
21.05,35.45,0.05
21.1,35.45,0.05
21.15,35.45,0.05
21.2,35.45,0.05
21.25,35.45,0.05
21.3,35.45,0.05
21.35,35.45,0.05
21.4,35.45,0.05
21.45,35.45,0.05
21.5,35.45,0.05
21.55,35.45,0.05
21.6,35.45,0.05
21.65,35.45,0.05
21.7,35.45,0.05
21.75,35.45,0.05
21.8,35.45,0.05
21.85,35.45,0.05
21.9,35.45,0.05
21.95,35.45,0.05
22.0,35.45,0.05
22.05,35.45,0.05
22.1,35.45,0.05
22.15,35.45,0.05
22.2,35.45,0.05
22.25,35.45,0.05
22.3,35.45,0.05
22.35,35.45,0.05
22.4,35.45,0.05
22.45,35.45,0.05
22.5,35.45,0.05
22.55,35.45,0.05
22.6,35.45,0.05
22.65,35.45,0.05
22.7,35.45,0.05
22.75,35.45,0.05
22.8,35.45,0.05
22.85,35.45,0.05
22.9,35.45,0.05
22.95,35.45,0.05
23.0,35.45,0.05
23.05,35.45,0.05
23.1,35.45,0.05
23.15,35.45,0.05
23.2,35.45,0.05
23.25,35.45,0.05
23.3,35.45,0.05
23.35,35.45,0.05
23.4,35.45,0.05
23.45,35.45,0.05
23.5,35.45,0.36
23.55,35.45,0.36
23.6,35.45,0.36
23.65,35.45,0.36
23.7,35.45,0.36
23.75,35.45,0.36
23.8,35.45,0.36
23.85,35.45,0.36
23.9,35.45,0.36
23.95,35.45,0.36
24.0,35.45,0.36
24.05,35.45,0.36
24.1,35.45,0.36
24.15,35.45,0.36
24.2,35.45,0.36
24.25,35.45,0.36
24.3,35.45,0.36
24.35,35.45,0.36
24.4,35.45,0.36
24.45,35.45,0.36
24.5,35.45,0.36
24.55,35.45,0.36
24.6,35.45,0.36
24.65,35.45,0.36
24.7,35.45,0.36
24.75,35.45,0.36
24.8,35.45,0.36
24.85,35.45,0.36
24.9,35.45,0.36
24.95,35.45,0.36
25.0,35.45,0.36
25.05,35.45,0.36
25.1,35.45,0.36
25.15,35.45,0.36
25.2,35.45,0.36
25.25,35.45,0.36
25.3,35.45,0.36
25.35,35.45,0.36
25.4,35.45,0.36
25.45,35.45,0.36
25.5,35.45,0.36
25.55,35.45,0.36
25.6,35.45,0.36
25.65,35.45,0.36
25.7,35.45,0.36
25.75,35.45,0.36
25.8,35.45,0.36
25.85,35.45,0.36
25.9,35.45,0.36
25.95,35.45,0.36
26.0,35.45,0.36
26.05,35.45,0.36
26.1,35.45,0.36
26.15,35.45,0.36
26.2,35.45,0.36
26.25,35.45,0.36
26.3,35.45,0.36
26.35,35.45,0.36
26.4,35.45,0.36
26.45,35.45,0.36
26.5,35.45,0.36
26.55,35.45,0.36
26.6,35.45,0.36
26.65,35.45,0.36
26.7,35.45,0.36
26.75,35.45,0.36
26.8,35.45,0.36
26.85,35.45,0.36
26.9,35.45,0.36
26.95,35.45,0.36
27.0,35.45,0.36
27.05,35.45,0.36
27.1,35.45,0.36
27.15,35.45,0.36
27.2,35.45,0.36
27.25,35.45,0.36
27.3,35.45,0.36
27.35,35.45,0.36
27.4,35.45,0.36
27.45,35.45,0.36
27.5,35.45,0.05
27.55,35.45,0.05
27.6,35.45,0.05
27.65,35.45,0.05
27.7,35.45,0.05
27.75,35.45,0.05
27.8,35.45,0.05
27.85,35.45,0.05
27.9,35.45,0.05
27.95,35.45,0.05
28.0,35.45,0.05
28.05,35.45,0.05
28.1,35.45,0.05
28.15,35.45,0.05
28.2,35.45,0.05
28.25,35.45,0.05
28.3,35.45,0.05
28.35,35.45,0.05
28.4,35.45,0.05
28.45,35.45,0.05
28.5,35.45,0.05
28.55,35.45,0.05
28.6,35.45,0.05
28.65,35.45,0.05
28.7,35.45,0.05
28.75,35.45,0.05
28.8,35.45,0.05
28.85,35.45,0.05
28.9,35.45,0.05
28.95,35.45,0.05
29.0,35.45,0.05
29.05,35.45,0.05
29.1,35.45,0.05
29.15,35.45,0.05
29.2,35.45,0.05
29.25,35.45,0.05
29.3,35.45,0.05
29.35,35.45,0.05
29.4,35.45,0.05
29.45,35.45,0.05
29.5,35.45,0.05
19.0,35.5,0.05
19.05,35.5,0.05
19.1,35.5,0.05
19.15,35.5,0.05
19.2,35.5,0.05
19.25,35.5,0.05
19.3,35.5,0.05
19.35,35.5,0.05
19.4,35.5,0.05
19.45,35.5,0.05
19.5,35.5,0.05
19.55,35.5,0.05
19.6,35.5,0.05
19.65,35.5,0.05
19.7,35.5,0.05
19.75,35.5,0.05
19.8,35.5,0.05
19.85,35.5,0.05
19.9,35.5,0.05
19.95,35.5,0.05
20.0,35.5,0.05
20.05,35.5,0.05
20.1,35.5,0.05
20.15,35.5,0.05
20.2,35.5,0.05
20.25,35.5,0.05
20.3,35.5,0.05
20.35,35.5,0.05
20.4,35.5,0.05
20.45,35.5,0.05
20.5,35.5,0.05
20.55,35.5,0.05
20.6,35.5,0.05
20.65,35.5,0.05
20.7,35.5,0.05
20.75,35.5,0.05
20.8,35.5,0.05
20.85,35.5,0.05
20.9,35.5,0.05
20.95,35.5,0.05
21.0,35.5,0.05
21.05,35.5,0.05
21.1,35.5,0.05
21.15,35.5,0.05
21.2,35.5,0.05
21.25,35.5,0.05
21.3,35.5,0.05
21.35,35.5,0.05
21.4,35.5,0.05
21.45,35.5,0.05
21.5,35.5,0.05
21.55,35.5,0.05
21.6,35.5,0.05
21.65,35.5,0.05
21.7,35.5,0.05
21.75,35.5,0.05
21.8,35.5,0.05
21.85,35.5,0.05
21.9,35.5,0.05
21.95,35.5,0.05
22.0,35.5,0.05
22.05,35.5,0.05
22.1,35.5,0.05
22.15,35.5,0.05
22.2,35.5,0.05
22.25,35.5,0.05
22.3,35.5,0.05
22.35,35.5,0.05
22.4,35.5,0.05
22.45,35.5,0.05
22.5,35.5,0.05
22.55,35.5,0.05
22.6,35.5,0.05
22.65,35.5,0.05
22.7,35.5,0.05
22.75,35.5,0.05
22.8,35.5,0.05
22.85,35.5,0.05
22.9,35.5,0.05
22.95,35.5,0.05
23.0,35.5,0.05
23.05,35.5,0.05
23.1,35.5,0.05
23.15,35.5,0.05
23.2,35.5,0.05
23.25,35.5,0.05
23.3,35.5,0.05
23.35,35.5,0.05
23.4,35.5,0.05
23.45,35.5,0.05
23.5,35.5,0.36
23.55,35.5,0.36
23.6,35.5,0.36
23.65,35.5,0.36
23.7,35.5,0.36
23.75,35.5,0.36
23.8,35.5,0.36
23.85,35.5,0.36
23.9,35.5,0.36
23.95,35.5,0.36
24.0,35.5,0.36
24.05,35.5,0.36
24.1,35.5,0.36
24.15,35.5,0.36
24.2,35.5,0.36
24.25,35.5,0.36
24.3,35.5,0.36
24.35,35.5,0.36
24.4,35.5,0.36
24.45,35.5,0.36
24.5,35.5,0.36
24.55,35.5,0.36
24.6,35.5,0.36
24.65,35.5,0.36
24.7,35.5,0.36
24.75,35.5,0.36
24.8,35.5,0.36
24.85,35.5,0.36
24.9,35.5,0.36
24.95,35.5,0.36
25.0,35.5,0.36
25.05,35.5,0.36
25.1,35.5,0.36
25.15,35.5,0.36
25.2,35.5,0.36
25.25,35.5,0.36
25.3,35.5,0.36
25.35,35.5,0.36
25.4,35.5,0.36
25.45,35.5,0.36
25.5,35.5,0.36
25.55,35.5,0.36
25.6,35.5,0.36
25.65,35.5,0.36
25.7,35.5,0.36
25.75,35.5,0.36
25.8,35.5,0.36
25.85,35.5,0.36
25.9,35.5,0.36
25.95,35.5,0.36
26.0,35.5,0.36
26.05,35.5,0.36
26.1,35.5,0.36
26.15,35.5,0.36
26.2,35.5,0.36
26.25,35.5,0.36
26.3,35.5,0.36
26.35,35.5,0.36
26.4,35.5,0.36
26.45,35.5,0.36
26.5,35.5,0.36
26.55,35.5,0.36
26.6,35.5,0.36
26.65,35.5,0.36
26.7,35.5,0.36
26.75,35.5,0.36
26.8,35.5,0.36
26.85,35.5,0.36
26.9,35.5,0.36
26.95,35.5,0.36
27.0,35.5,0.36
27.05,35.5,0.36
27.1,35.5,0.36
27.15,35.5,0.36
27.2,35.5,0.36
27.25,35.5,0.36
27.3,35.5,0.36
27.35,35.5,0.36
27.4,35.5,0.36
27.45,35.5,0.36
27.5,35.5,0.05
27.55,35.5,0.05
27.6,35.5,0.05
27.65,35.5,0.05
27.7,35.5,0.05
27.75,35.5,0.05
27.8,35.5,0.05
27.85,35.5,0.05
27.9,35.5,0.05
27.95,35.5,0.05
28.0,35.5,0.05
28.05,35.5,0.05
28.1,35.5,0.05
28.15,35.5,0.05
28.2,35.5,0.05
28.25,35.5,0.05
28.3,35.5,0.05
28.35,35.5,0.05
28.4,35.5,0.05
28.45,35.5,0.05
28.5,35.5,0.05
28.55,35.5,0.05
28.6,35.5,0.05
28.65,35.5,0.05
28.7,35.5,0.05
28.75,35.5,0.05
28.8,35.5,0.05
28.85,35.5,0.05
28.9,35.5,0.05
28.95,35.5,0.05
29.0,35.5,0.05
29.05,35.5,0.05
29.1,35.5,0.05
29.15,35.5,0.05
29.2,35.5,0.05
29.25,35.5,0.05
29.3,35.5,0.05
29.35,35.5,0.05
29.4,35.5,0.05
29.45,35.5,0.05
29.5,35.5,0.05
19.0,35.55,0.05
19.05,35.55,0.05
19.1,35.55,0.05
19.15,35.55,0.05
19.2,35.55,0.05
19.25,35.55,0.05
19.3,35.55,0.05
19.35,35.55,0.05
19.4,35.55,0.05
19.45,35.55,0.05
19.5,35.55,0.05
19.55,35.55,0.05
19.6,35.55,0.05
19.65,35.55,0.05
19.7,35.55,0.05
19.75,35.55,0.05
19.8,35.55,0.05
19.85,35.55,0.05
19.9,35.55,0.05
19.95,35.55,0.05
20.0,35.55,0.05
20.05,35.55,0.05
20.1,35.55,0.05
20.15,35.55,0.05
20.2,35.55,0.05
20.25,35.55,0.05
20.3,35.55,0.05
20.35,35.55,0.05
20.4,35.55,0.05
20.45,35.55,0.05
20.5,35.55,0.05
20.55,35.55,0.05
20.6,35.55,0.05
20.65,35.55,0.05
20.7,35.55,0.05
20.75,35.55,0.05
20.8,35.55,0.05
20.85,35.55,0.05
20.9,35.55,0.05
20.95,35.55,0.05
21.0,35.55,0.05
21.05,35.55,0.05
21.1,35.55,0.05
21.15,35.55,0.05
21.2,35.55,0.05
21.25,35.55,0.05
21.3,35.55,0.05
21.35,35.55,0.05
21.4,35.55,0.05
21.45,35.55,0.05
21.5,35.55,0.05
21.55,35.55,0.05
21.6,35.55,0.05
21.65,35.55,0.05
21.7,35.55,0.05
21.75,35.55,0.05
21.8,35.55,0.05
21.85,35.55,0.05
21.9,35.55,0.05
21.95,35.55,0.05
22.0,35.55,0.05
22.05,35.55,0.05
22.1,35.55,0.05
22.15,35.55,0.05
22.2,35.55,0.05
22.25,35.55,0.05
22.3,35.55,0.05
22.35,35.55,0.05
22.4,35.55,0.05
22.45,35.55,0.05
22.5,35.55,0.05
22.55,35.55,0.05
22.6,35.55,0.05
22.65,35.55,0.05
22.7,35.55,0.05
22.75,35.55,0.05
22.8,35.55,0.05
22.85,35.55,0.05
22.9,35.55,0.05
22.95,35.55,0.05
23.0,35.55,0.05
23.05,35.55,0.05
23.1,35.55,0.05
23.15,35.55,0.05
23.2,35.55,0.05
23.25,35.55,0.05
23.3,35.55,0.05
23.35,35.55,0.05
23.4,35.55,0.05
23.45,35.55,0.05
23.5,35.55,0.05
23.55,35.55,0.05
23.6,35.55,0.05
23.65,35.55,0.05
23.7,35.55,0.05
23.75,35.55,0.05
23.8,35.55,0.05
23.85,35.55,0.05
23.9,35.55,0.05
23.95,35.55,0.05
24.0,35.55,0.05
24.05,35.55,0.05
24.1,35.55,0.05
24.15,35.55,0.05
24.2,35.55,0.05
24.25,35.55,0.05
24.3,35.55,0.05
24.35,35.55,0.05
24.4,35.55,0.05
24.45,35.55,0.05
24.5,35.55,0.05
24.55,35.55,0.05
24.6,35.55,0.05
24.65,35.55,0.05
24.7,35.55,0.05
24.75,35.55,0.05
24.8,35.55,0.05
24.85,35.55,0.05
24.9,35.55,0.05
24.95,35.55,0.05
25.0,35.55,0.05
25.05,35.55,0.05
25.1,35.55,0.05
25.15,35.55,0.05
25.2,35.55,0.05
25.25,35.55,0.05
25.3,35.55,0.05
25.35,35.55,0.05
25.4,35.55,0.05
25.45,35.55,0.05
25.5,35.55,0.05
25.55,35.55,0.05
25.6,35.55,0.05
25.65,35.55,0.05
25.7,35.55,0.05
25.75,35.55,0.05
25.8,35.55,0.05
25.85,35.55,0.05
25.9,35.55,0.05
25.95,35.55,0.05
26.0,35.55,0.05
26.05,35.55,0.05
26.1,35.55,0.05
26.15,35.55,0.05
26.2,35.55,0.05
26.25,35.55,0.05
26.3,35.55,0.05
26.35,35.55,0.05
26.4,35.55,0.05
26.45,35.55,0.05
26.5,35.55,0.24
26.55,35.55,0.24
26.6,35.55,0.24
26.65,35.55,0.24
26.7,35.55,0.24
26.75,35.55,0.24
26.8,35.55,0.24
26.85,35.55,0.24
26.9,35.55,0.24
26.95,35.55,0.24
27.0,35.55,0.24
27.05,35.55,0.24
27.1,35.55,0.24
27.15,35.55,0.24
27.2,35.55,0.24
27.25,35.55,0.24
27.3,35.55,0.24
27.35,35.55,0.24
27.4,35.55,0.24
27.45,35.55,0.24
27.5,35.55,0.24
27.55,35.55,0.24
27.6,35.55,0.24
27.65,35.55,0.24
27.7,35.55,0.24
27.75,35.55,0.24
27.8,35.55,0.24
27.85,35.55,0.24
27.9,35.55,0.24
27.95,35.55,0.24
28.0,35.55,0.24
28.05,35.55,0.24
28.1,35.55,0.24
28.15,35.55,0.24
28.2,35.55,0.24
28.25,35.55,0.24
28.3,35.55,0.24
28.35,35.55,0.24
28.4,35.55,0.24
28.45,35.55,0.24
28.5,35.55,0.05
28.55,35.55,0.05
28.6,35.55,0.05
28.65,35.55,0.05
28.7,35.55,0.05
28.75,35.55,0.05
28.8,35.55,0.05
28.85,35.55,0.05
28.9,35.55,0.05
28.95,35.55,0.05
29.0,35.55,0.05
29.05,35.55,0.05
29.1,35.55,0.05
29.15,35.55,0.05
29.2,35.55,0.05
29.25,35.55,0.05
29.3,35.55,0.05
29.35,35.55,0.05
29.4,35.55,0.05
29.45,35.55,0.05
29.5,35.55,0.05
19.0,35.6,0.05
19.05,35.6,0.05
19.1,35.6,0.05
19.15,35.6,0.05
19.2,35.6,0.05
19.25,35.6,0.05
19.3,35.6,0.05
19.35,35.6,0.05
19.4,35.6,0.05
19.45,35.6,0.05
19.5,35.6,0.05
19.55,35.6,0.05
19.6,35.6,0.05
19.65,35.6,0.05
19.7,35.6,0.05
19.75,35.6,0.05
19.8,35.6,0.05
19.85,35.6,0.05
19.9,35.6,0.05
19.95,35.6,0.05
20.0,35.6,0.05
20.05,35.6,0.05
20.1,35.6,0.05
20.15,35.6,0.05
20.2,35.6,0.05
20.25,35.6,0.05
20.3,35.6,0.05
20.35,35.6,0.05
20.4,35.6,0.05
20.45,35.6,0.05
20.5,35.6,0.05
20.55,35.6,0.05
20.6,35.6,0.05
20.65,35.6,0.05
20.7,35.6,0.05
20.75,35.6,0.05
20.8,35.6,0.05
20.85,35.6,0.05
20.9,35.6,0.05
20.95,35.6,0.05
21.0,35.6,0.05
21.05,35.6,0.05
21.1,35.6,0.05
21.15,35.6,0.05
21.2,35.6,0.05
21.25,35.6,0.05
21.3,35.6,0.05
21.35,35.6,0.05
21.4,35.6,0.05
21.45,35.6,0.05
21.5,35.6,0.05
21.55,35.6,0.05
21.6,35.6,0.05
21.65,35.6,0.05
21.7,35.6,0.05
21.75,35.6,0.05
21.8,35.6,0.05
21.85,35.6,0.05
21.9,35.6,0.05
21.95,35.6,0.05
22.0,35.6,0.05
22.05,35.6,0.05
22.1,35.6,0.05
22.15,35.6,0.05
22.2,35.6,0.05
22.25,35.6,0.05
22.3,35.6,0.05
22.35,35.6,0.05
22.4,35.6,0.05
22.45,35.6,0.05
22.5,35.6,0.05
22.55,35.6,0.05
22.6,35.6,0.05
22.65,35.6,0.05
22.7,35.6,0.05
22.75,35.6,0.05
22.8,35.6,0.05
22.85,35.6,0.05
22.9,35.6,0.05
22.95,35.6,0.05
23.0,35.6,0.05
23.05,35.6,0.05
23.1,35.6,0.05
23.15,35.6,0.05
23.2,35.6,0.05
23.25,35.6,0.05
23.3,35.6,0.05
23.35,35.6,0.05
23.4,35.6,0.05
23.45,35.6,0.05
23.5,35.6,0.05
23.55,35.6,0.05
23.6,35.6,0.05
23.65,35.6,0.05
23.7,35.6,0.05
23.75,35.6,0.05
23.8,35.6,0.05
23.85,35.6,0.05
23.9,35.6,0.05
23.95,35.6,0.05
24.0,35.6,0.05
24.05,35.6,0.05
24.1,35.6,0.05
24.15,35.6,0.05
24.2,35.6,0.05
24.25,35.6,0.05
24.3,35.6,0.05
24.35,35.6,0.05
24.4,35.6,0.05
24.45,35.6,0.05
24.5,35.6,0.05
24.55,35.6,0.05
24.6,35.6,0.05
24.65,35.6,0.05
24.7,35.6,0.05
24.75,35.6,0.05
24.8,35.6,0.05
24.85,35.6,0.05
24.9,35.6,0.05
24.95,35.6,0.05
25.0,35.6,0.05
25.05,35.6,0.05
25.1,35.6,0.05
25.15,35.6,0.05
25.2,35.6,0.05
25.25,35.6,0.05
25.3,35.6,0.05
25.35,35.6,0.05
25.4,35.6,0.05
25.45,35.6,0.05
25.5,35.6,0.05
25.55,35.6,0.05
25.6,35.6,0.05
25.65,35.6,0.05
25.7,35.6,0.05
25.75,35.6,0.05
25.8,35.6,0.05
25.85,35.6,0.05
25.9,35.6,0.05
25.95,35.6,0.05
26.0,35.6,0.05
26.05,35.6,0.05
26.1,35.6,0.05
26.15,35.6,0.05
26.2,35.6,0.05
26.25,35.6,0.05
26.3,35.6,0.05
26.35,35.6,0.05
26.4,35.6,0.05
26.45,35.6,0.05
26.5,35.6,0.24
26.55,35.6,0.24
26.6,35.6,0.24
26.65,35.6,0.24
26.7,35.6,0.24
26.75,35.6,0.24
26.8,35.6,0.24
26.85,35.6,0.24
26.9,35.6,0.24
26.95,35.6,0.24
27.0,35.6,0.24
27.05,35.6,0.24
27.1,35.6,0.24
27.15,35.6,0.24
27.2,35.6,0.24
27.25,35.6,0.24
27.3,35.6,0.24
27.35,35.6,0.24
27.4,35.6,0.24
27.45,35.6,0.24
27.5,35.6,0.24
27.55,35.6,0.24
27.6,35.6,0.24
27.65,35.6,0.24
27.7,35.6,0.24
27.75,35.6,0.24
27.8,35.6,0.24
27.85,35.6,0.24
27.9,35.6,0.24
27.95,35.6,0.24
28.0,35.6,0.24
28.05,35.6,0.24
28.1,35.6,0.24
28.15,35.6,0.24
28.2,35.6,0.24
28.25,35.6,0.24
28.3,35.6,0.24
28.35,35.6,0.24
28.4,35.6,0.24
28.45,35.6,0.24
28.5,35.6,0.05
28.55,35.6,0.05
28.6,35.6,0.05
28.65,35.6,0.05
28.7,35.6,0.05
28.75,35.6,0.05
28.8,35.6,0.05
28.85,35.6,0.05
28.9,35.6,0.05
28.95,35.6,0.05
29.0,35.6,0.05
29.05,35.6,0.05
29.1,35.6,0.05
29.15,35.6,0.05
29.2,35.6,0.05
29.25,35.6,0.05
29.3,35.6,0.05
29.35,35.6,0.05
29.4,35.6,0.05
29.45,35.6,0.05
29.5,35.6,0.05
19.0,35.65,0.05
19.05,35.65,0.05
19.1,35.65,0.05
19.15,35.65,0.05
19.2,35.65,0.05
19.25,35.65,0.05
19.3,35.65,0.05
19.35,35.65,0.05
19.4,35.65,0.05
19.45,35.65,0.05
19.5,35.65,0.05
19.55,35.65,0.05
19.6,35.65,0.05
19.65,35.65,0.05
19.7,35.65,0.05
19.75,35.65,0.05
19.8,35.65,0.05
19.85,35.65,0.05
19.9,35.65,0.05
19.95,35.65,0.05
20.0,35.65,0.05
20.05,35.65,0.05
20.1,35.65,0.05
20.15,35.65,0.05
20.2,35.65,0.05
20.25,35.65,0.05
20.3,35.65,0.05
20.35,35.65,0.05
20.4,35.65,0.05
20.45,35.65,0.05
20.5,35.65,0.05
20.55,35.65,0.05
20.6,35.65,0.05
20.65,35.65,0.05
20.7,35.65,0.05
20.75,35.65,0.05
20.8,35.65,0.05
20.85,35.65,0.05
20.9,35.65,0.05
20.95,35.65,0.05
21.0,35.65,0.05
21.05,35.65,0.05
21.1,35.65,0.05
21.15,35.65,0.05
21.2,35.65,0.05
21.25,35.65,0.05
21.3,35.65,0.05
21.35,35.65,0.05
21.4,35.65,0.05
21.45,35.65,0.05
21.5,35.65,0.05
21.55,35.65,0.05
21.6,35.65,0.05
21.65,35.65,0.05
21.7,35.65,0.05
21.75,35.65,0.05
21.8,35.65,0.05
21.85,35.65,0.05
21.9,35.65,0.05
21.95,35.65,0.05
22.0,35.65,0.05
22.05,35.65,0.05
22.1,35.65,0.05
22.15,35.65,0.05
22.2,35.65,0.05
22.25,35.65,0.05
22.3,35.65,0.05
22.35,35.65,0.05
22.4,35.65,0.05
22.45,35.65,0.05
22.5,35.65,0.05
22.55,35.65,0.05
22.6,35.65,0.05
22.65,35.65,0.05
22.7,35.65,0.05
22.75,35.65,0.05
22.8,35.65,0.05
22.85,35.65,0.05
22.9,35.65,0.05
22.95,35.65,0.05
23.0,35.65,0.05
23.05,35.65,0.05
23.1,35.65,0.05
23.15,35.65,0.05
23.2,35.65,0.05
23.25,35.65,0.05
23.3,35.65,0.05
23.35,35.65,0.05
23.4,35.65,0.05
23.45,35.65,0.05
23.5,35.65,0.05
23.55,35.65,0.05
23.6,35.65,0.05
23.65,35.65,0.05
23.7,35.65,0.05
23.75,35.65,0.05
23.8,35.65,0.05
23.85,35.65,0.05
23.9,35.65,0.05
23.95,35.65,0.05
24.0,35.65,0.05
24.05,35.65,0.05
24.1,35.65,0.05
24.15,35.65,0.05
24.2,35.65,0.05
24.25,35.65,0.05
24.3,35.65,0.05
24.35,35.65,0.05
24.4,35.65,0.05
24.45,35.65,0.05
24.5,35.65,0.05
24.55,35.65,0.05
24.6,35.65,0.05
24.65,35.65,0.05
24.7,35.65,0.05
24.75,35.65,0.05
24.8,35.65,0.05
24.85,35.65,0.05
24.9,35.65,0.05
24.95,35.65,0.05
25.0,35.65,0.05
25.05,35.65,0.05
25.1,35.65,0.05
25.15,35.65,0.05
25.2,35.65,0.05
25.25,35.65,0.05
25.3,35.65,0.05
25.35,35.65,0.05
25.4,35.65,0.05
25.45,35.65,0.05
25.5,35.65,0.05
25.55,35.65,0.05
25.6,35.65,0.05
25.65,35.65,0.05
25.7,35.65,0.05
25.75,35.65,0.05
25.8,35.65,0.05
25.85,35.65,0.05
25.9,35.65,0.05
25.95,35.65,0.05
26.0,35.65,0.05
26.05,35.65,0.05
26.1,35.65,0.05
26.15,35.65,0.05
26.2,35.65,0.05
26.25,35.65,0.05
26.3,35.65,0.05
26.35,35.65,0.05
26.4,35.65,0.05
26.45,35.65,0.05
26.5,35.65,0.24
26.55,35.65,0.24
26.6,35.65,0.24
26.65,35.65,0.24
26.7,35.65,0.24
26.75,35.65,0.24
26.8,35.65,0.24
26.85,35.65,0.24
26.9,35.65,0.24
26.95,35.65,0.24
27.0,35.65,0.24
27.05,35.65,0.24
27.1,35.65,0.24
27.15,35.65,0.24
27.2,35.65,0.24
27.25,35.65,0.24
27.3,35.65,0.24
27.35,35.65,0.24
27.4,35.65,0.24
27.45,35.65,0.24
27.5,35.65,0.24
27.55,35.65,0.24
27.6,35.65,0.24
27.65,35.65,0.24
27.7,35.65,0.24
27.75,35.65,0.24
27.8,35.65,0.24
27.85,35.65,0.24
27.9,35.65,0.24
27.95,35.65,0.24
28.0,35.65,0.24
28.05,35.65,0.24
28.1,35.65,0.24
28.15,35.65,0.24
28.2,35.65,0.24
28.25,35.65,0.24
28.3,35.65,0.24
28.35,35.65,0.24
28.4,35.65,0.24
28.45,35.65,0.24
28.5,35.65,0.05
28.55,35.65,0.05
28.6,35.65,0.05
28.65,35.65,0.05
28.7,35.65,0.05
28.75,35.65,0.05
28.8,35.65,0.05
28.85,35.65,0.05
28.9,35.65,0.05
28.95,35.65,0.05
29.0,35.65,0.05
29.05,35.65,0.05
29.1,35.65,0.05
29.15,35.65,0.05
29.2,35.65,0.05
29.25,35.65,0.05
29.3,35.65,0.05
29.35,35.65,0.05
29.4,35.65,0.05
29.45,35.65,0.05
29.5,35.65,0.05
19.0,35.7,0.05
19.05,35.7,0.05
19.1,35.7,0.05
19.15,35.7,0.05
19.2,35.7,0.05
19.25,35.7,0.05
19.3,35.7,0.05
19.35,35.7,0.05
19.4,35.7,0.05
19.45,35.7,0.05
19.5,35.7,0.05
19.55,35.7,0.05
19.6,35.7,0.05
19.65,35.7,0.05
19.7,35.7,0.05
19.75,35.7,0.05
19.8,35.7,0.05
19.85,35.7,0.05
19.9,35.7,0.05
19.95,35.7,0.05
20.0,35.7,0.05
20.05,35.7,0.05
20.1,35.7,0.05
20.15,35.7,0.05
20.2,35.7,0.05
20.25,35.7,0.05
20.3,35.7,0.05
20.35,35.7,0.05
20.4,35.7,0.05
20.45,35.7,0.05
20.5,35.7,0.05
20.55,35.7,0.05
20.6,35.7,0.05
20.65,35.7,0.05
20.7,35.7,0.05
20.75,35.7,0.05
20.8,35.7,0.05
20.85,35.7,0.05
20.9,35.7,0.05
20.95,35.7,0.05
21.0,35.7,0.05
21.05,35.7,0.05
21.1,35.7,0.05
21.15,35.7,0.05
21.2,35.7,0.05
21.25,35.7,0.05
21.3,35.7,0.05
21.35,35.7,0.05
21.4,35.7,0.05
21.45,35.7,0.05
21.5,35.7,0.05
21.55,35.7,0.05
21.6,35.7,0.05
21.65,35.7,0.05
21.7,35.7,0.05
21.75,35.7,0.05
21.8,35.7,0.05
21.85,35.7,0.05
21.9,35.7,0.05
21.95,35.7,0.05
22.0,35.7,0.05
22.05,35.7,0.05
22.1,35.7,0.05
22.15,35.7,0.05
22.2,35.7,0.05
22.25,35.7,0.05
22.3,35.7,0.05
22.35,35.7,0.05
22.4,35.7,0.05
22.45,35.7,0.05
22.5,35.7,0.05
22.55,35.7,0.05
22.6,35.7,0.05
22.65,35.7,0.05
22.7,35.7,0.05
22.75,35.7,0.05
22.8,35.7,0.05
22.85,35.7,0.05
22.9,35.7,0.05
22.95,35.7,0.05
23.0,35.7,0.05
23.05,35.7,0.05
23.1,35.7,0.05
23.15,35.7,0.05
23.2,35.7,0.05
23.25,35.7,0.05
23.3,35.7,0.05
23.35,35.7,0.05
23.4,35.7,0.05
23.45,35.7,0.05
23.5,35.7,0.05
23.55,35.7,0.05
23.6,35.7,0.05
23.65,35.7,0.05
23.7,35.7,0.05
23.75,35.7,0.05
23.8,35.7,0.05
23.85,35.7,0.05
23.9,35.7,0.05
23.95,35.7,0.05
24.0,35.7,0.05
24.05,35.7,0.05
24.1,35.7,0.05
24.15,35.7,0.05
24.2,35.7,0.05
24.25,35.7,0.05
24.3,35.7,0.05
24.35,35.7,0.05
24.4,35.7,0.05
24.45,35.7,0.05
24.5,35.7,0.05
24.55,35.7,0.05
24.6,35.7,0.05
24.65,35.7,0.05
24.7,35.7,0.05
24.75,35.7,0.05
24.8,35.7,0.05
24.85,35.7,0.05
24.9,35.7,0.05
24.95,35.7,0.05
25.0,35.7,0.05
25.05,35.7,0.05
25.1,35.7,0.05
25.15,35.7,0.05
25.2,35.7,0.05
25.25,35.7,0.05
25.3,35.7,0.05
25.35,35.7,0.05
25.4,35.7,0.05
25.45,35.7,0.05
25.5,35.7,0.05
25.55,35.7,0.05
25.6,35.7,0.05
25.65,35.7,0.05
25.7,35.7,0.05
25.75,35.7,0.05
25.8,35.7,0.05
25.85,35.7,0.05
25.9,35.7,0.05
25.95,35.7,0.05
26.0,35.7,0.05
26.05,35.7,0.05
26.1,35.7,0.05
26.15,35.7,0.05
26.2,35.7,0.05
26.25,35.7,0.05
26.3,35.7,0.05
26.35,35.7,0.05
26.4,35.7,0.05
26.45,35.7,0.05
26.5,35.7,0.24
26.55,35.7,0.24
26.6,35.7,0.24
26.65,35.7,0.24
26.7,35.7,0.24
26.75,35.7,0.24
26.8,35.7,0.24
26.85,35.7,0.24
26.9,35.7,0.24
26.95,35.7,0.24
27.0,35.7,0.24
27.05,35.7,0.24
27.1,35.7,0.24
27.15,35.7,0.24
27.2,35.7,0.24
27.25,35.7,0.24
27.3,35.7,0.24
27.35,35.7,0.24
27.4,35.7,0.24
27.45,35.7,0.24
27.5,35.7,0.24
27.55,35.7,0.24
27.6,35.7,0.24
27.65,35.7,0.24
27.7,35.7,0.24
27.75,35.7,0.24
27.8,35.7,0.24
27.85,35.7,0.24
27.9,35.7,0.24
27.95,35.7,0.24
28.0,35.7,0.24
28.05,35.7,0.24
28.1,35.7,0.24
28.15,35.7,0.24
28.2,35.7,0.24
28.25,35.7,0.24
28.3,35.7,0.24
28.35,35.7,0.24
28.4,35.7,0.24
28.45,35.7,0.24
28.5,35.7,0.05
28.55,35.7,0.05
28.6,35.7,0.05
28.65,35.7,0.05
28.7,35.7,0.05
28.75,35.7,0.05
28.8,35.7,0.05
28.85,35.7,0.05
28.9,35.7,0.05
28.95,35.7,0.05
29.0,35.7,0.05
29.05,35.7,0.05
29.1,35.7,0.05
29.15,35.7,0.05
29.2,35.7,0.05
29.25,35.7,0.05
29.3,35.7,0.05
29.35,35.7,0.05
29.4,35.7,0.05
29.45,35.7,0.05
29.5,35.7,0.05
19.0,35.75,0.05
19.05,35.75,0.05
19.1,35.75,0.05
19.15,35.75,0.05
19.2,35.75,0.05
19.25,35.75,0.05
19.3,35.75,0.05
19.35,35.75,0.05
19.4,35.75,0.05
19.45,35.75,0.05
19.5,35.75,0.05
19.55,35.75,0.05
19.6,35.75,0.05
19.65,35.75,0.05
19.7,35.75,0.05
19.75,35.75,0.05
19.8,35.75,0.05
19.85,35.75,0.05
19.9,35.75,0.05
19.95,35.75,0.05
20.0,35.75,0.05
20.05,35.75,0.05
20.1,35.75,0.05
20.15,35.75,0.05
20.2,35.75,0.05
20.25,35.75,0.05
20.3,35.75,0.05
20.35,35.75,0.05
20.4,35.75,0.05
20.45,35.75,0.05
20.5,35.75,0.05
20.55,35.75,0.05
20.6,35.75,0.05
20.65,35.75,0.05
20.7,35.75,0.05
20.75,35.75,0.05
20.8,35.75,0.05
20.85,35.75,0.05
20.9,35.75,0.05
20.95,35.75,0.05
21.0,35.75,0.05
21.05,35.75,0.05
21.1,35.75,0.05
21.15,35.75,0.05
21.2,35.75,0.05
21.25,35.75,0.05
21.3,35.75,0.05
21.35,35.75,0.05
21.4,35.75,0.05
21.45,35.75,0.05
21.5,35.75,0.05
21.55,35.75,0.05
21.6,35.75,0.05
21.65,35.75,0.05
21.7,35.75,0.05
21.75,35.75,0.05
21.8,35.75,0.05
21.85,35.75,0.05
21.9,35.75,0.05
21.95,35.75,0.05
22.0,35.75,0.05
22.05,35.75,0.05
22.1,35.75,0.05
22.15,35.75,0.05
22.2,35.75,0.05
22.25,35.75,0.05
22.3,35.75,0.05
22.35,35.75,0.05
22.4,35.75,0.05
22.45,35.75,0.05
22.5,35.75,0.05
22.55,35.75,0.05
22.6,35.75,0.05
22.65,35.75,0.05
22.7,35.75,0.05
22.75,35.75,0.05
22.8,35.75,0.05
22.85,35.75,0.05
22.9,35.75,0.05
22.95,35.75,0.05
23.0,35.75,0.05
23.05,35.75,0.05
23.1,35.75,0.05
23.15,35.75,0.05
23.2,35.75,0.05
23.25,35.75,0.05
23.3,35.75,0.05
23.35,35.75,0.05
23.4,35.75,0.05
23.45,35.75,0.05
23.5,35.75,0.05
23.55,35.75,0.05
23.6,35.75,0.05
23.65,35.75,0.05
23.7,35.75,0.05
23.75,35.75,0.05
23.8,35.75,0.05
23.85,35.75,0.05
23.9,35.75,0.05
23.95,35.75,0.05
24.0,35.75,0.05
24.05,35.75,0.05
24.1,35.75,0.05
24.15,35.75,0.05
24.2,35.75,0.05
24.25,35.75,0.05
24.3,35.75,0.05
24.35,35.75,0.05
24.4,35.75,0.05
24.45,35.75,0.05
24.5,35.75,0.05
24.55,35.75,0.05
24.6,35.75,0.05
24.65,35.75,0.05
24.7,35.75,0.05
24.75,35.75,0.05
24.8,35.75,0.05
24.85,35.75,0.05
24.9,35.75,0.05
24.95,35.75,0.05
25.0,35.75,0.05
25.05,35.75,0.05
25.1,35.75,0.05
25.15,35.75,0.05
25.2,35.75,0.05
25.25,35.75,0.05
25.3,35.75,0.05
25.35,35.75,0.05
25.4,35.75,0.05
25.45,35.75,0.05
25.5,35.75,0.05
25.55,35.75,0.05
25.6,35.75,0.05
25.65,35.75,0.05
25.7,35.75,0.05
25.75,35.75,0.05
25.8,35.75,0.05
25.85,35.75,0.05
25.9,35.75,0.05
25.95,35.75,0.05
26.0,35.75,0.05
26.05,35.75,0.05
26.1,35.75,0.05
26.15,35.75,0.05
26.2,35.75,0.05
26.25,35.75,0.05
26.3,35.75,0.05
26.35,35.75,0.05
26.4,35.75,0.05
26.45,35.75,0.05
26.5,35.75,0.24
26.55,35.75,0.24
26.6,35.75,0.24
26.65,35.75,0.24
26.7,35.75,0.24
26.75,35.75,0.24
26.8,35.75,0.24
26.85,35.75,0.24
26.9,35.75,0.24
26.95,35.75,0.24
27.0,35.75,0.24
27.05,35.75,0.24
27.1,35.75,0.24
27.15,35.75,0.24
27.2,35.75,0.24
27.25,35.75,0.24
27.3,35.75,0.24
27.35,35.75,0.24
27.4,35.75,0.24
27.45,35.75,0.24
27.5,35.75,0.24
27.55,35.75,0.24
27.6,35.75,0.24
27.65,35.75,0.24
27.7,35.75,0.24
27.75,35.75,0.24
27.8,35.75,0.24
27.85,35.75,0.24
27.9,35.75,0.24
27.95,35.75,0.24
28.0,35.75,0.24
28.05,35.75,0.24
28.1,35.75,0.24
28.15,35.75,0.24
28.2,35.75,0.24
28.25,35.75,0.24
28.3,35.75,0.24
28.35,35.75,0.24
28.4,35.75,0.24
28.45,35.75,0.24
28.5,35.75,0.05
28.55,35.75,0.05
28.6,35.75,0.05
28.65,35.75,0.05
28.7,35.75,0.05
28.75,35.75,0.05
28.8,35.75,0.05
28.85,35.75,0.05
28.9,35.75,0.05
28.95,35.75,0.05
29.0,35.75,0.05
29.05,35.75,0.05
29.1,35.75,0.05
29.15,35.75,0.05
29.2,35.75,0.05
29.25,35.75,0.05
29.3,35.75,0.05
29.35,35.75,0.05
29.4,35.75,0.05
29.45,35.75,0.05
29.5,35.75,0.05
19.0,35.8,0.05
19.05,35.8,0.05
19.1,35.8,0.05
19.15,35.8,0.05
19.2,35.8,0.05
19.25,35.8,0.05
19.3,35.8,0.05
19.35,35.8,0.05
19.4,35.8,0.05
19.45,35.8,0.05
19.5,35.8,0.05
19.55,35.8,0.05
19.6,35.8,0.05
19.65,35.8,0.05
19.7,35.8,0.05
19.75,35.8,0.05
19.8,35.8,0.05
19.85,35.8,0.05
19.9,35.8,0.05
19.95,35.8,0.05
20.0,35.8,0.05
20.05,35.8,0.05
20.1,35.8,0.05
20.15,35.8,0.05
20.2,35.8,0.05
20.25,35.8,0.05
20.3,35.8,0.05
20.35,35.8,0.05
20.4,35.8,0.05
20.45,35.8,0.05
20.5,35.8,0.05
20.55,35.8,0.05
20.6,35.8,0.05
20.65,35.8,0.05
20.7,35.8,0.05
20.75,35.8,0.05
20.8,35.8,0.05
20.85,35.8,0.05
20.9,35.8,0.05
20.95,35.8,0.05
21.0,35.8,0.05
21.05,35.8,0.05
21.1,35.8,0.05
21.15,35.8,0.05
21.2,35.8,0.05
21.25,35.8,0.05
21.3,35.8,0.05
21.35,35.8,0.05
21.4,35.8,0.05
21.45,35.8,0.05
21.5,35.8,0.05
21.55,35.8,0.05
21.6,35.8,0.05
21.65,35.8,0.05
21.7,35.8,0.05
21.75,35.8,0.05
21.8,35.8,0.05
21.85,35.8,0.05
21.9,35.8,0.05
21.95,35.8,0.05
22.0,35.8,0.05
22.05,35.8,0.05
22.1,35.8,0.05
22.15,35.8,0.05
22.2,35.8,0.05
22.25,35.8,0.05
22.3,35.8,0.05
22.35,35.8,0.05
22.4,35.8,0.05
22.45,35.8,0.05
22.5,35.8,0.05
22.55,35.8,0.05
22.6,35.8,0.05
22.65,35.8,0.05
22.7,35.8,0.05
22.75,35.8,0.05
22.8,35.8,0.05
22.85,35.8,0.05
22.9,35.8,0.05
22.95,35.8,0.05
23.0,35.8,0.05
23.05,35.8,0.05
23.1,35.8,0.05
23.15,35.8,0.05
23.2,35.8,0.05
23.25,35.8,0.05
23.3,35.8,0.05
23.35,35.8,0.05
23.4,35.8,0.05
23.45,35.8,0.05
23.5,35.8,0.05
23.55,35.8,0.05
23.6,35.8,0.05
23.65,35.8,0.05
23.7,35.8,0.05
23.75,35.8,0.05
23.8,35.8,0.05
23.85,35.8,0.05
23.9,35.8,0.05
23.95,35.8,0.05
24.0,35.8,0.05
24.05,35.8,0.05
24.1,35.8,0.05
24.15,35.8,0.05
24.2,35.8,0.05
24.25,35.8,0.05
24.3,35.8,0.05
24.35,35.8,0.05
24.4,35.8,0.05
24.45,35.8,0.05
24.5,35.8,0.05
24.55,35.8,0.05
24.6,35.8,0.05
24.65,35.8,0.05
24.7,35.8,0.05
24.75,35.8,0.05
24.8,35.8,0.05
24.85,35.8,0.05
24.9,35.8,0.05
24.95,35.8,0.05
25.0,35.8,0.05
25.05,35.8,0.05
25.1,35.8,0.05
25.15,35.8,0.05
25.2,35.8,0.05
25.25,35.8,0.05
25.3,35.8,0.05
25.35,35.8,0.05
25.4,35.8,0.05
25.45,35.8,0.05
25.5,35.8,0.05
25.55,35.8,0.05
25.6,35.8,0.05
25.65,35.8,0.05
25.7,35.8,0.05
25.75,35.8,0.05
25.8,35.8,0.05
25.85,35.8,0.05
25.9,35.8,0.05
25.95,35.8,0.05
26.0,35.8,0.05
26.05,35.8,0.05
26.1,35.8,0.05
26.15,35.8,0.05
26.2,35.8,0.05
26.25,35.8,0.05
26.3,35.8,0.05
26.35,35.8,0.05
26.4,35.8,0.05
26.45,35.8,0.05
26.5,35.8,0.24
26.55,35.8,0.24
26.6,35.8,0.24
26.65,35.8,0.24
26.7,35.8,0.24
26.75,35.8,0.24
26.8,35.8,0.24
26.85,35.8,0.24
26.9,35.8,0.24
26.95,35.8,0.24
27.0,35.8,0.24
27.05,35.8,0.24
27.1,35.8,0.24
27.15,35.8,0.24
27.2,35.8,0.24
27.25,35.8,0.24
27.3,35.8,0.24
27.35,35.8,0.24
27.4,35.8,0.24
27.45,35.8,0.24
27.5,35.8,0.24
27.55,35.8,0.24
27.6,35.8,0.24
27.65,35.8,0.24
27.7,35.8,0.24
27.75,35.8,0.24
27.8,35.8,0.24
27.85,35.8,0.24
27.9,35.8,0.24
27.95,35.8,0.24
28.0,35.8,0.24
28.05,35.8,0.24
28.1,35.8,0.24
28.15,35.8,0.24
28.2,35.8,0.24
28.25,35.8,0.24
28.3,35.8,0.24
28.35,35.8,0.24
28.4,35.8,0.24
28.45,35.8,0.24
28.5,35.8,0.05
28.55,35.8,0.05
28.6,35.8,0.05
28.65,35.8,0.05
28.7,35.8,0.05
28.75,35.8,0.05
28.8,35.8,0.05
28.85,35.8,0.05
28.9,35.8,0.05
28.95,35.8,0.05
29.0,35.8,0.05
29.05,35.8,0.05
29.1,35.8,0.05
29.15,35.8,0.05
29.2,35.8,0.05
29.25,35.8,0.05
29.3,35.8,0.05
29.35,35.8,0.05
29.4,35.8,0.05
29.45,35.8,0.05
29.5,35.8,0.05
19.0,35.85,0.05
19.05,35.85,0.05
19.1,35.85,0.05
19.15,35.85,0.05
19.2,35.85,0.05
19.25,35.85,0.05
19.3,35.85,0.05
19.35,35.85,0.05
19.4,35.85,0.05
19.45,35.85,0.05
19.5,35.85,0.05
19.55,35.85,0.05
19.6,35.85,0.05
19.65,35.85,0.05
19.7,35.85,0.05
19.75,35.85,0.05
19.8,35.85,0.05
19.85,35.85,0.05
19.9,35.85,0.05
19.95,35.85,0.05
20.0,35.85,0.05
20.05,35.85,0.05
20.1,35.85,0.05
20.15,35.85,0.05
20.2,35.85,0.05
20.25,35.85,0.05
20.3,35.85,0.05
20.35,35.85,0.05
20.4,35.85,0.05
20.45,35.85,0.05
20.5,35.85,0.05
20.55,35.85,0.05
20.6,35.85,0.05
20.65,35.85,0.05
20.7,35.85,0.05
20.75,35.85,0.05
20.8,35.85,0.05
20.85,35.85,0.05
20.9,35.85,0.05
20.95,35.85,0.05
21.0,35.85,0.05
21.05,35.85,0.05
21.1,35.85,0.05
21.15,35.85,0.05
21.2,35.85,0.05
21.25,35.85,0.05
21.3,35.85,0.05
21.35,35.85,0.05
21.4,35.85,0.05
21.45,35.85,0.05
21.5,35.85,0.05
21.55,35.85,0.05
21.6,35.85,0.05
21.65,35.85,0.05
21.7,35.85,0.05
21.75,35.85,0.05
21.8,35.85,0.05
21.85,35.85,0.05
21.9,35.85,0.05
21.95,35.85,0.05
22.0,35.85,0.05
22.05,35.85,0.05
22.1,35.85,0.05
22.15,35.85,0.05
22.2,35.85,0.05
22.25,35.85,0.05
22.3,35.85,0.05
22.35,35.85,0.05
22.4,35.85,0.05
22.45,35.85,0.05
22.5,35.85,0.05
22.55,35.85,0.05
22.6,35.85,0.05
22.65,35.85,0.05
22.7,35.85,0.05
22.75,35.85,0.05
22.8,35.85,0.05
22.85,35.85,0.05
22.9,35.85,0.05
22.95,35.85,0.05
23.0,35.85,0.05
23.05,35.85,0.05
23.1,35.85,0.05
23.15,35.85,0.05
23.2,35.85,0.05
23.25,35.85,0.05
23.3,35.85,0.05
23.35,35.85,0.05
23.4,35.85,0.05
23.45,35.85,0.05
23.5,35.85,0.05
23.55,35.85,0.05
23.6,35.85,0.05
23.65,35.85,0.05
23.7,35.85,0.05
23.75,35.85,0.05
23.8,35.85,0.05
23.85,35.85,0.05
23.9,35.85,0.05
23.95,35.85,0.05
24.0,35.85,0.05
24.05,35.85,0.05
24.1,35.85,0.05
24.15,35.85,0.05
24.2,35.85,0.05
24.25,35.85,0.05
24.3,35.85,0.05
24.35,35.85,0.05
24.4,35.85,0.05
24.45,35.85,0.05
24.5,35.85,0.05
24.55,35.85,0.05
24.6,35.85,0.05
24.65,35.85,0.05
24.7,35.85,0.05
24.75,35.85,0.05
24.8,35.85,0.05
24.85,35.85,0.05
24.9,35.85,0.05
24.95,35.85,0.05
25.0,35.85,0.05
25.05,35.85,0.05
25.1,35.85,0.05
25.15,35.85,0.05
25.2,35.85,0.05
25.25,35.85,0.05
25.3,35.85,0.05
25.35,35.85,0.05
25.4,35.85,0.05
25.45,35.85,0.05
25.5,35.85,0.05
25.55,35.85,0.05
25.6,35.85,0.05
25.65,35.85,0.05
25.7,35.85,0.05
25.75,35.85,0.05
25.8,35.85,0.05
25.85,35.85,0.05
25.9,35.85,0.05
25.95,35.85,0.05
26.0,35.85,0.05
26.05,35.85,0.05
26.1,35.85,0.05
26.15,35.85,0.05
26.2,35.85,0.05
26.25,35.85,0.05
26.3,35.85,0.05
26.35,35.85,0.05
26.4,35.85,0.05
26.45,35.85,0.05
26.5,35.85,0.24
26.55,35.85,0.24
26.6,35.85,0.24
26.65,35.85,0.24
26.7,35.85,0.24
26.75,35.85,0.24
26.8,35.85,0.24
26.85,35.85,0.24
26.9,35.85,0.24
26.95,35.85,0.24
27.0,35.85,0.24
27.05,35.85,0.24
27.1,35.85,0.24
27.15,35.85,0.24
27.2,35.85,0.24
27.25,35.85,0.24
27.3,35.85,0.24
27.35,35.85,0.24
27.4,35.85,0.24
27.45,35.85,0.24
27.5,35.85,0.24
27.55,35.85,0.24
27.6,35.85,0.24
27.65,35.85,0.24
27.7,35.85,0.24
27.75,35.85,0.24
27.8,35.85,0.24
27.85,35.85,0.24
27.9,35.85,0.24
27.95,35.85,0.24
28.0,35.85,0.24
28.05,35.85,0.24
28.1,35.85,0.24
28.15,35.85,0.24
28.2,35.85,0.24
28.25,35.85,0.24
28.3,35.85,0.24
28.35,35.85,0.24
28.4,35.85,0.24
28.45,35.85,0.24
28.5,35.85,0.05
28.55,35.85,0.05
28.6,35.85,0.05
28.65,35.85,0.05
28.7,35.85,0.05
28.75,35.85,0.05
28.8,35.85,0.05
28.85,35.85,0.05
28.9,35.85,0.05
28.95,35.85,0.05
29.0,35.85,0.05
29.05,35.85,0.05
29.1,35.85,0.05
29.15,35.85,0.05
29.2,35.85,0.05
29.25,35.85,0.05
29.3,35.85,0.05
29.35,35.85,0.05
29.4,35.85,0.05
29.45,35.85,0.05
29.5,35.85,0.05
19.0,35.9,0.05
19.05,35.9,0.05
19.1,35.9,0.05
19.15,35.9,0.05
19.2,35.9,0.05
19.25,35.9,0.05
19.3,35.9,0.05
19.35,35.9,0.05
19.4,35.9,0.05
19.45,35.9,0.05
19.5,35.9,0.05
19.55,35.9,0.05
19.6,35.9,0.05
19.65,35.9,0.05
19.7,35.9,0.05
19.75,35.9,0.05
19.8,35.9,0.05
19.85,35.9,0.05
19.9,35.9,0.05
19.95,35.9,0.05
20.0,35.9,0.05
20.05,35.9,0.05
20.1,35.9,0.05
20.15,35.9,0.05
20.2,35.9,0.05
20.25,35.9,0.05
20.3,35.9,0.05
20.35,35.9,0.05
20.4,35.9,0.05
20.45,35.9,0.05
20.5,35.9,0.05
20.55,35.9,0.05
20.6,35.9,0.05
20.65,35.9,0.05
20.7,35.9,0.05
20.75,35.9,0.05
20.8,35.9,0.05
20.85,35.9,0.05
20.9,35.9,0.05
20.95,35.9,0.05
21.0,35.9,0.05
21.05,35.9,0.05
21.1,35.9,0.05
21.15,35.9,0.05
21.2,35.9,0.05
21.25,35.9,0.05
21.3,35.9,0.05
21.35,35.9,0.05
21.4,35.9,0.05
21.45,35.9,0.05
21.5,35.9,0.05
21.55,35.9,0.05
21.6,35.9,0.05
21.65,35.9,0.05
21.7,35.9,0.05
21.75,35.9,0.05
21.8,35.9,0.05
21.85,35.9,0.05
21.9,35.9,0.05
21.95,35.9,0.05
22.0,35.9,0.05
22.05,35.9,0.05
22.1,35.9,0.05
22.15,35.9,0.05
22.2,35.9,0.05
22.25,35.9,0.05
22.3,35.9,0.05
22.35,35.9,0.05
22.4,35.9,0.05
22.45,35.9,0.05
22.5,35.9,0.05
22.55,35.9,0.05
22.6,35.9,0.05
22.65,35.9,0.05
22.7,35.9,0.05
22.75,35.9,0.05
22.8,35.9,0.05
22.85,35.9,0.05
22.9,35.9,0.05
22.95,35.9,0.05
23.0,35.9,0.05
23.05,35.9,0.05
23.1,35.9,0.05
23.15,35.9,0.05
23.2,35.9,0.05
23.25,35.9,0.05
23.3,35.9,0.05
23.35,35.9,0.05
23.4,35.9,0.05
23.45,35.9,0.05
23.5,35.9,0.05
23.55,35.9,0.05
23.6,35.9,0.05
23.65,35.9,0.05
23.7,35.9,0.05
23.75,35.9,0.05
23.8,35.9,0.05
23.85,35.9,0.05
23.9,35.9,0.05
23.95,35.9,0.05
24.0,35.9,0.05
24.05,35.9,0.05
24.1,35.9,0.05
24.15,35.9,0.05
24.2,35.9,0.05
24.25,35.9,0.05
24.3,35.9,0.05
24.35,35.9,0.05
24.4,35.9,0.05
24.45,35.9,0.05
24.5,35.9,0.05
24.55,35.9,0.05
24.6,35.9,0.05
24.65,35.9,0.05
24.7,35.9,0.05
24.75,35.9,0.05
24.8,35.9,0.05
24.85,35.9,0.05
24.9,35.9,0.05
24.95,35.9,0.05
25.0,35.9,0.05
25.05,35.9,0.05
25.1,35.9,0.05
25.15,35.9,0.05
25.2,35.9,0.05
25.25,35.9,0.05
25.3,35.9,0.05
25.35,35.9,0.05
25.4,35.9,0.05
25.45,35.9,0.05
25.5,35.9,0.05
25.55,35.9,0.05
25.6,35.9,0.05
25.65,35.9,0.05
25.7,35.9,0.05
25.75,35.9,0.05
25.8,35.9,0.05
25.85,35.9,0.05
25.9,35.9,0.05
25.95,35.9,0.05
26.0,35.9,0.05
26.05,35.9,0.05
26.1,35.9,0.05
26.15,35.9,0.05
26.2,35.9,0.05
26.25,35.9,0.05
26.3,35.9,0.05
26.35,35.9,0.05
26.4,35.9,0.05
26.45,35.9,0.05
26.5,35.9,0.24
26.55,35.9,0.24
26.6,35.9,0.24
26.65,35.9,0.24
26.7,35.9,0.24
26.75,35.9,0.24
26.8,35.9,0.24
26.85,35.9,0.24
26.9,35.9,0.24
26.95,35.9,0.24
27.0,35.9,0.24
27.05,35.9,0.24
27.1,35.9,0.24
27.15,35.9,0.24
27.2,35.9,0.24
27.25,35.9,0.24
27.3,35.9,0.24
27.35,35.9,0.24
27.4,35.9,0.24
27.45,35.9,0.24
27.5,35.9,0.24
27.55,35.9,0.24
27.6,35.9,0.24
27.65,35.9,0.24
27.7,35.9,0.24
27.75,35.9,0.24
27.8,35.9,0.24
27.85,35.9,0.24
27.9,35.9,0.24
27.95,35.9,0.24
28.0,35.9,0.24
28.05,35.9,0.24
28.1,35.9,0.24
28.15,35.9,0.24
28.2,35.9,0.24
28.25,35.9,0.24
28.3,35.9,0.24
28.35,35.9,0.24
28.4,35.9,0.24
28.45,35.9,0.24
28.5,35.9,0.05
28.55,35.9,0.05
28.6,35.9,0.05
28.65,35.9,0.05
28.7,35.9,0.05
28.75,35.9,0.05
28.8,35.9,0.05
28.85,35.9,0.05
28.9,35.9,0.05
28.95,35.9,0.05
29.0,35.9,0.05
29.05,35.9,0.05
29.1,35.9,0.05
29.15,35.9,0.05
29.2,35.9,0.05
29.25,35.9,0.05
29.3,35.9,0.05
29.35,35.9,0.05
29.4,35.9,0.05
29.45,35.9,0.05
29.5,35.9,0.05
19.0,35.95,0.05
19.05,35.95,0.05
19.1,35.95,0.05
19.15,35.95,0.05
19.2,35.95,0.05
19.25,35.95,0.05
19.3,35.95,0.05
19.35,35.95,0.05
19.4,35.95,0.05
19.45,35.95,0.05
19.5,35.95,0.05
19.55,35.95,0.05
19.6,35.95,0.05
19.65,35.95,0.05
19.7,35.95,0.05
19.75,35.95,0.05
19.8,35.95,0.05
19.85,35.95,0.05
19.9,35.95,0.05
19.95,35.95,0.05
20.0,35.95,0.05
20.05,35.95,0.05
20.1,35.95,0.05
20.15,35.95,0.05
20.2,35.95,0.05
20.25,35.95,0.05
20.3,35.95,0.05
20.35,35.95,0.05
20.4,35.95,0.05
20.45,35.95,0.05
20.5,35.95,0.05
20.55,35.95,0.05
20.6,35.95,0.05
20.65,35.95,0.05
20.7,35.95,0.05
20.75,35.95,0.05
20.8,35.95,0.05
20.85,35.95,0.05
20.9,35.95,0.05
20.95,35.95,0.05
21.0,35.95,0.05
21.05,35.95,0.05
21.1,35.95,0.05
21.15,35.95,0.05
21.2,35.95,0.05
21.25,35.95,0.05
21.3,35.95,0.05
21.35,35.95,0.05
21.4,35.95,0.05
21.45,35.95,0.05
21.5,35.95,0.05
21.55,35.95,0.05
21.6,35.95,0.05
21.65,35.95,0.05
21.7,35.95,0.05
21.75,35.95,0.05
21.8,35.95,0.05
21.85,35.95,0.05
21.9,35.95,0.05
21.95,35.95,0.05
22.0,35.95,0.05
22.05,35.95,0.05
22.1,35.95,0.05
22.15,35.95,0.05
22.2,35.95,0.05
22.25,35.95,0.05
22.3,35.95,0.05
22.35,35.95,0.05
22.4,35.95,0.05
22.45,35.95,0.05
22.5,35.95,0.05
22.55,35.95,0.05
22.6,35.95,0.05
22.65,35.95,0.05
22.7,35.95,0.05
22.75,35.95,0.05
22.8,35.95,0.05
22.85,35.95,0.05
22.9,35.95,0.05
22.95,35.95,0.05
23.0,35.95,0.05
23.05,35.95,0.05
23.1,35.95,0.05
23.15,35.95,0.05
23.2,35.95,0.05
23.25,35.95,0.05
23.3,35.95,0.05
23.35,35.95,0.05
23.4,35.95,0.05
23.45,35.95,0.05
23.5,35.95,0.05
23.55,35.95,0.05
23.6,35.95,0.05
23.65,35.95,0.05
23.7,35.95,0.05
23.75,35.95,0.05
23.8,35.95,0.05
23.85,35.95,0.05
23.9,35.95,0.05
23.95,35.95,0.05
24.0,35.95,0.05
24.05,35.95,0.05
24.1,35.95,0.05
24.15,35.95,0.05
24.2,35.95,0.05
24.25,35.95,0.05
24.3,35.95,0.05
24.35,35.95,0.05
24.4,35.95,0.05
24.45,35.95,0.05
24.5,35.95,0.05
24.55,35.95,0.05
24.6,35.95,0.05
24.65,35.95,0.05
24.7,35.95,0.05
24.75,35.95,0.05
24.8,35.95,0.05
24.85,35.95,0.05
24.9,35.95,0.05
24.95,35.95,0.05
25.0,35.95,0.05
25.05,35.95,0.05
25.1,35.95,0.05
25.15,35.95,0.05
25.2,35.95,0.05
25.25,35.95,0.05
25.3,35.95,0.05
25.35,35.95,0.05
25.4,35.95,0.05
25.45,35.95,0.05
25.5,35.95,0.05
25.55,35.95,0.05
25.6,35.95,0.05
25.65,35.95,0.05
25.7,35.95,0.05
25.75,35.95,0.05
25.8,35.95,0.05
25.85,35.95,0.05
25.9,35.95,0.05
25.95,35.95,0.05
26.0,35.95,0.05
26.05,35.95,0.05
26.1,35.95,0.05
26.15,35.95,0.05
26.2,35.95,0.05
26.25,35.95,0.05
26.3,35.95,0.05
26.35,35.95,0.05
26.4,35.95,0.05
26.45,35.95,0.05
26.5,35.95,0.24
26.55,35.95,0.24
26.6,35.95,0.24
26.65,35.95,0.24
26.7,35.95,0.24
26.75,35.95,0.24
26.8,35.95,0.24
26.85,35.95,0.24
26.9,35.95,0.24
26.95,35.95,0.24
27.0,35.95,0.24
27.05,35.95,0.24
27.1,35.95,0.24
27.15,35.95,0.24
27.2,35.95,0.24
27.25,35.95,0.24
27.3,35.95,0.24
27.35,35.95,0.24
27.4,35.95,0.24
27.45,35.95,0.24
27.5,35.95,0.24
27.55,35.95,0.24
27.6,35.95,0.24
27.65,35.95,0.24
27.7,35.95,0.24
27.75,35.95,0.24
27.8,35.95,0.24
27.85,35.95,0.24
27.9,35.95,0.24
27.95,35.95,0.24
28.0,35.95,0.24
28.05,35.95,0.24
28.1,35.95,0.24
28.15,35.95,0.24
28.2,35.95,0.24
28.25,35.95,0.24
28.3,35.95,0.24
28.35,35.95,0.24
28.4,35.95,0.24
28.45,35.95,0.24
28.5,35.95,0.05
28.55,35.95,0.05
28.6,35.95,0.05
28.65,35.95,0.05
28.7,35.95,0.05
28.75,35.95,0.05
28.8,35.95,0.05
28.85,35.95,0.05
28.9,35.95,0.05
28.95,35.95,0.05
29.0,35.95,0.05
29.05,35.95,0.05
29.1,35.95,0.05
29.15,35.95,0.05
29.2,35.95,0.05
29.25,35.95,0.05
29.3,35.95,0.05
29.35,35.95,0.05
29.4,35.95,0.05
29.45,35.95,0.05
29.5,35.95,0.05
19.0,36.0,0.05
19.05,36.0,0.05
19.1,36.0,0.05
19.15,36.0,0.05
19.2,36.0,0.05
19.25,36.0,0.05
19.3,36.0,0.05
19.35,36.0,0.05
19.4,36.0,0.05
19.45,36.0,0.05
19.5,36.0,0.05
19.55,36.0,0.05
19.6,36.0,0.05
19.65,36.0,0.05
19.7,36.0,0.05
19.75,36.0,0.05
19.8,36.0,0.05
19.85,36.0,0.05
19.9,36.0,0.05
19.95,36.0,0.05
20.0,36.0,0.05
20.05,36.0,0.05
20.1,36.0,0.05
20.15,36.0,0.05
20.2,36.0,0.05
20.25,36.0,0.05
20.3,36.0,0.05
20.35,36.0,0.05
20.4,36.0,0.05
20.45,36.0,0.05
20.5,36.0,0.05
20.55,36.0,0.05
20.6,36.0,0.05
20.65,36.0,0.05
20.7,36.0,0.05
20.75,36.0,0.05
20.8,36.0,0.05
20.85,36.0,0.05
20.9,36.0,0.05
20.95,36.0,0.05
21.0,36.0,0.05
21.05,36.0,0.05
21.1,36.0,0.05
21.15,36.0,0.05
21.2,36.0,0.05
21.25,36.0,0.05
21.3,36.0,0.05
21.35,36.0,0.05
21.4,36.0,0.05
21.45,36.0,0.05
21.5,36.0,0.05
21.55,36.0,0.05
21.6,36.0,0.05
21.65,36.0,0.05
21.7,36.0,0.05
21.75,36.0,0.05
21.8,36.0,0.05
21.85,36.0,0.05
21.9,36.0,0.05
21.95,36.0,0.05
22.0,36.0,0.05
22.05,36.0,0.05
22.1,36.0,0.05
22.15,36.0,0.05
22.2,36.0,0.05
22.25,36.0,0.05
22.3,36.0,0.05
22.35,36.0,0.05
22.4,36.0,0.05
22.45,36.0,0.05
22.5,36.0,0.05
22.55,36.0,0.05
22.6,36.0,0.05
22.65,36.0,0.05
22.7,36.0,0.05
22.75,36.0,0.05
22.8,36.0,0.05
22.85,36.0,0.05
22.9,36.0,0.05
22.95,36.0,0.05
23.0,36.0,0.05
23.05,36.0,0.05
23.1,36.0,0.05
23.15,36.0,0.05
23.2,36.0,0.05
23.25,36.0,0.05
23.3,36.0,0.05
23.35,36.0,0.05
23.4,36.0,0.05
23.45,36.0,0.05
23.5,36.0,0.05
23.55,36.0,0.05
23.6,36.0,0.05
23.65,36.0,0.05
23.7,36.0,0.05
23.75,36.0,0.05
23.8,36.0,0.05
23.85,36.0,0.05
23.9,36.0,0.05
23.95,36.0,0.05
24.0,36.0,0.05
24.05,36.0,0.05
24.1,36.0,0.05
24.15,36.0,0.05
24.2,36.0,0.05
24.25,36.0,0.05
24.3,36.0,0.05
24.35,36.0,0.05
24.4,36.0,0.05
24.45,36.0,0.05
24.5,36.0,0.05
24.55,36.0,0.05
24.6,36.0,0.05
24.65,36.0,0.05
24.7,36.0,0.05
24.75,36.0,0.05
24.8,36.0,0.05
24.85,36.0,0.05
24.9,36.0,0.05
24.95,36.0,0.05
25.0,36.0,0.05
25.05,36.0,0.05
25.1,36.0,0.05
25.15,36.0,0.05
25.2,36.0,0.05
25.25,36.0,0.05
25.3,36.0,0.05
25.35,36.0,0.05
25.4,36.0,0.05
25.45,36.0,0.05
25.5,36.0,0.05
25.55,36.0,0.05
25.6,36.0,0.05
25.65,36.0,0.05
25.7,36.0,0.05
25.75,36.0,0.05
25.8,36.0,0.05
25.85,36.0,0.05
25.9,36.0,0.05
25.95,36.0,0.05
26.0,36.0,0.05
26.05,36.0,0.05
26.1,36.0,0.05
26.15,36.0,0.05
26.2,36.0,0.05
26.25,36.0,0.05
26.3,36.0,0.05
26.35,36.0,0.05
26.4,36.0,0.05
26.45,36.0,0.05
26.5,36.0,0.24
26.55,36.0,0.24
26.6,36.0,0.24
26.65,36.0,0.24
26.7,36.0,0.24
26.75,36.0,0.24
26.8,36.0,0.24
26.85,36.0,0.24
26.9,36.0,0.24
26.95,36.0,0.24
27.0,36.0,0.24
27.05,36.0,0.24
27.1,36.0,0.24
27.15,36.0,0.24
27.2,36.0,0.24
27.25,36.0,0.24
27.3,36.0,0.24
27.35,36.0,0.24
27.4,36.0,0.24
27.45,36.0,0.24
27.5,36.0,0.24
27.55,36.0,0.24
27.6,36.0,0.24
27.65,36.0,0.24
27.7,36.0,0.24
27.75,36.0,0.24
27.8,36.0,0.24
27.85,36.0,0.24
27.9,36.0,0.24
27.95,36.0,0.24
28.0,36.0,0.24
28.05,36.0,0.24
28.1,36.0,0.24
28.15,36.0,0.24
28.2,36.0,0.24
28.25,36.0,0.24
28.3,36.0,0.24
28.35,36.0,0.24
28.4,36.0,0.24
28.45,36.0,0.24
28.5,36.0,0.05
28.55,36.0,0.05
28.6,36.0,0.05
28.65,36.0,0.05
28.7,36.0,0.05
28.75,36.0,0.05
28.8,36.0,0.05
28.85,36.0,0.05
28.9,36.0,0.05
28.95,36.0,0.05
29.0,36.0,0.05
29.05,36.0,0.05
29.1,36.0,0.05
29.15,36.0,0.05
29.2,36.0,0.05
29.25,36.0,0.05
29.3,36.0,0.05
29.35,36.0,0.05
29.4,36.0,0.05
29.45,36.0,0.05
29.5,36.0,0.05
19.0,36.05,0.05
19.05,36.05,0.05
19.1,36.05,0.05
19.15,36.05,0.05
19.2,36.05,0.05
19.25,36.05,0.05
19.3,36.05,0.05
19.35,36.05,0.05
19.4,36.05,0.05
19.45,36.05,0.05
19.5,36.05,0.05
19.55,36.05,0.05
19.6,36.05,0.05
19.65,36.05,0.05
19.7,36.05,0.05
19.75,36.05,0.05
19.8,36.05,0.05
19.85,36.05,0.05
19.9,36.05,0.05
19.95,36.05,0.05
20.0,36.05,0.05
20.05,36.05,0.05
20.1,36.05,0.05
20.15,36.05,0.05
20.2,36.05,0.05
20.25,36.05,0.05
20.3,36.05,0.05
20.35,36.05,0.05
20.4,36.05,0.05
20.45,36.05,0.05
20.5,36.05,0.05
20.55,36.05,0.05
20.6,36.05,0.05
20.65,36.05,0.05
20.7,36.05,0.05
20.75,36.05,0.05
20.8,36.05,0.05
20.85,36.05,0.05
20.9,36.05,0.05
20.95,36.05,0.05
21.0,36.05,0.05
21.05,36.05,0.05
21.1,36.05,0.05
21.15,36.05,0.05
21.2,36.05,0.05
21.25,36.05,0.05
21.3,36.05,0.05
21.35,36.05,0.05
21.4,36.05,0.05
21.45,36.05,0.05
21.5,36.05,0.05
21.55,36.05,0.05
21.6,36.05,0.05
21.65,36.05,0.05
21.7,36.05,0.05
21.75,36.05,0.05
21.8,36.05,0.05
21.85,36.05,0.05
21.9,36.05,0.05
21.95,36.05,0.05
22.0,36.05,0.05
22.05,36.05,0.05
22.1,36.05,0.05
22.15,36.05,0.05
22.2,36.05,0.05
22.25,36.05,0.05
22.3,36.05,0.05
22.35,36.05,0.05
22.4,36.05,0.05
22.45,36.05,0.05
22.5,36.05,0.05
22.55,36.05,0.05
22.6,36.05,0.05
22.65,36.05,0.05
22.7,36.05,0.05
22.75,36.05,0.05
22.8,36.05,0.05
22.85,36.05,0.05
22.9,36.05,0.05
22.95,36.05,0.05
23.0,36.05,0.05
23.05,36.05,0.05
23.1,36.05,0.05
23.15,36.05,0.05
23.2,36.05,0.05
23.25,36.05,0.05
23.3,36.05,0.05
23.35,36.05,0.05
23.4,36.05,0.05
23.45,36.05,0.05
23.5,36.05,0.05
23.55,36.05,0.05
23.6,36.05,0.05
23.65,36.05,0.05
23.7,36.05,0.05
23.75,36.05,0.05
23.8,36.05,0.05
23.85,36.05,0.05
23.9,36.05,0.05
23.95,36.05,0.05
24.0,36.05,0.05
24.05,36.05,0.05
24.1,36.05,0.05
24.15,36.05,0.05
24.2,36.05,0.05
24.25,36.05,0.05
24.3,36.05,0.05
24.35,36.05,0.05
24.4,36.05,0.05
24.45,36.05,0.05
24.5,36.05,0.05
24.55,36.05,0.05
24.6,36.05,0.05
24.65,36.05,0.05
24.7,36.05,0.05
24.75,36.05,0.05
24.8,36.05,0.05
24.85,36.05,0.05
24.9,36.05,0.05
24.95,36.05,0.05
25.0,36.05,0.05
25.05,36.05,0.05
25.1,36.05,0.05
25.15,36.05,0.05
25.2,36.05,0.05
25.25,36.05,0.05
25.3,36.05,0.05
25.35,36.05,0.05
25.4,36.05,0.05
25.45,36.05,0.05
25.5,36.05,0.05
25.55,36.05,0.05
25.6,36.05,0.05
25.65,36.05,0.05
25.7,36.05,0.05
25.75,36.05,0.05
25.8,36.05,0.05
25.85,36.05,0.05
25.9,36.05,0.05
25.95,36.05,0.05
26.0,36.05,0.05
26.05,36.05,0.05
26.1,36.05,0.05
26.15,36.05,0.05
26.2,36.05,0.05
26.25,36.05,0.05
26.3,36.05,0.05
26.35,36.05,0.05
26.4,36.05,0.05
26.45,36.05,0.05
26.5,36.05,0.24
26.55,36.05,0.24
26.6,36.05,0.24
26.65,36.05,0.24
26.7,36.05,0.24
26.75,36.05,0.24
26.8,36.05,0.24
26.85,36.05,0.24
26.9,36.05,0.24
26.95,36.05,0.24
27.0,36.05,0.24
27.05,36.05,0.24
27.1,36.05,0.24
27.15,36.05,0.24
27.2,36.05,0.24
27.25,36.05,0.24
27.3,36.05,0.24
27.35,36.05,0.24
27.4,36.05,0.24
27.45,36.05,0.24
27.5,36.05,0.24
27.55,36.05,0.24
27.6,36.05,0.24
27.65,36.05,0.24
27.7,36.05,0.24
27.75,36.05,0.24
27.8,36.05,0.24
27.85,36.05,0.24
27.9,36.05,0.24
27.95,36.05,0.24
28.0,36.05,0.24
28.05,36.05,0.24
28.1,36.05,0.24
28.15,36.05,0.24
28.2,36.05,0.24
28.25,36.05,0.24
28.3,36.05,0.24
28.35,36.05,0.24
28.4,36.05,0.24
28.45,36.05,0.24
28.5,36.05,0.05
28.55,36.05,0.05
28.6,36.05,0.05
28.65,36.05,0.05
28.7,36.05,0.05
28.75,36.05,0.05
28.8,36.05,0.05
28.85,36.05,0.05
28.9,36.05,0.05
28.95,36.05,0.05
29.0,36.05,0.05
29.05,36.05,0.05
29.1,36.05,0.05
29.15,36.05,0.05
29.2,36.05,0.05
29.25,36.05,0.05
29.3,36.05,0.05
29.35,36.05,0.05
29.4,36.05,0.05
29.45,36.05,0.05
29.5,36.05,0.05
19.0,36.1,0.05
19.05,36.1,0.05
19.1,36.1,0.05
19.15,36.1,0.05
19.2,36.1,0.05
19.25,36.1,0.05
19.3,36.1,0.05
19.35,36.1,0.05
19.4,36.1,0.05
19.45,36.1,0.05
19.5,36.1,0.05
19.55,36.1,0.05
19.6,36.1,0.05
19.65,36.1,0.05
19.7,36.1,0.05
19.75,36.1,0.05
19.8,36.1,0.05
19.85,36.1,0.05
19.9,36.1,0.05
19.95,36.1,0.05
20.0,36.1,0.05
20.05,36.1,0.05
20.1,36.1,0.05
20.15,36.1,0.05
20.2,36.1,0.05
20.25,36.1,0.05
20.3,36.1,0.05
20.35,36.1,0.05
20.4,36.1,0.05
20.45,36.1,0.05
20.5,36.1,0.05
20.55,36.1,0.05
20.6,36.1,0.05
20.65,36.1,0.05
20.7,36.1,0.05
20.75,36.1,0.05
20.8,36.1,0.05
20.85,36.1,0.05
20.9,36.1,0.05
20.95,36.1,0.05
21.0,36.1,0.05
21.05,36.1,0.05
21.1,36.1,0.05
21.15,36.1,0.05
21.2,36.1,0.05
21.25,36.1,0.05
21.3,36.1,0.05
21.35,36.1,0.05
21.4,36.1,0.05
21.45,36.1,0.05
21.5,36.1,0.05
21.55,36.1,0.05
21.6,36.1,0.05
21.65,36.1,0.05
21.7,36.1,0.05
21.75,36.1,0.05
21.8,36.1,0.05
21.85,36.1,0.05
21.9,36.1,0.05
21.95,36.1,0.05
22.0,36.1,0.05
22.05,36.1,0.05
22.1,36.1,0.05
22.15,36.1,0.05
22.2,36.1,0.05
22.25,36.1,0.05
22.3,36.1,0.05
22.35,36.1,0.05
22.4,36.1,0.05
22.45,36.1,0.05
22.5,36.1,0.05
22.55,36.1,0.05
22.6,36.1,0.05
22.65,36.1,0.05
22.7,36.1,0.05
22.75,36.1,0.05
22.8,36.1,0.05
22.85,36.1,0.05
22.9,36.1,0.05
22.95,36.1,0.05
23.0,36.1,0.05
23.05,36.1,0.05
23.1,36.1,0.05
23.15,36.1,0.05
23.2,36.1,0.05
23.25,36.1,0.05
23.3,36.1,0.05
23.35,36.1,0.05
23.4,36.1,0.05
23.45,36.1,0.05
23.5,36.1,0.05
23.55,36.1,0.05
23.6,36.1,0.05
23.65,36.1,0.05
23.7,36.1,0.05
23.75,36.1,0.05
23.8,36.1,0.05
23.85,36.1,0.05
23.9,36.1,0.05
23.95,36.1,0.05
24.0,36.1,0.05
24.05,36.1,0.05
24.1,36.1,0.05
24.15,36.1,0.05
24.2,36.1,0.05
24.25,36.1,0.05
24.3,36.1,0.05
24.35,36.1,0.05
24.4,36.1,0.05
24.45,36.1,0.05
24.5,36.1,0.05
24.55,36.1,0.05
24.6,36.1,0.05
24.65,36.1,0.05
24.7,36.1,0.05
24.75,36.1,0.05
24.8,36.1,0.05
24.85,36.1,0.05
24.9,36.1,0.05
24.95,36.1,0.05
25.0,36.1,0.05
25.05,36.1,0.05
25.1,36.1,0.05
25.15,36.1,0.05
25.2,36.1,0.05
25.25,36.1,0.05
25.3,36.1,0.05
25.35,36.1,0.05
25.4,36.1,0.05
25.45,36.1,0.05
25.5,36.1,0.05
25.55,36.1,0.05
25.6,36.1,0.05
25.65,36.1,0.05
25.7,36.1,0.05
25.75,36.1,0.05
25.8,36.1,0.05
25.85,36.1,0.05
25.9,36.1,0.05
25.95,36.1,0.05
26.0,36.1,0.05
26.05,36.1,0.05
26.1,36.1,0.05
26.15,36.1,0.05
26.2,36.1,0.05
26.25,36.1,0.05
26.3,36.1,0.05
26.35,36.1,0.05
26.4,36.1,0.05
26.45,36.1,0.05
26.5,36.1,0.24
26.55,36.1,0.24
26.6,36.1,0.24
26.65,36.1,0.24
26.7,36.1,0.24
26.75,36.1,0.24
26.8,36.1,0.24
26.85,36.1,0.24
26.9,36.1,0.24
26.95,36.1,0.24
27.0,36.1,0.24
27.05,36.1,0.24
27.1,36.1,0.24
27.15,36.1,0.24
27.2,36.1,0.24
27.25,36.1,0.24
27.3,36.1,0.24
27.35,36.1,0.24
27.4,36.1,0.24
27.45,36.1,0.24
27.5,36.1,0.24
27.55,36.1,0.24
27.6,36.1,0.24
27.65,36.1,0.24
27.7,36.1,0.24
27.75,36.1,0.24
27.8,36.1,0.24
27.85,36.1,0.24
27.9,36.1,0.24
27.95,36.1,0.24
28.0,36.1,0.24
28.05,36.1,0.24
28.1,36.1,0.24
28.15,36.1,0.24
28.2,36.1,0.24
28.25,36.1,0.24
28.3,36.1,0.24
28.35,36.1,0.24
28.4,36.1,0.24
28.45,36.1,0.24
28.5,36.1,0.05
28.55,36.1,0.05
28.6,36.1,0.05
28.65,36.1,0.05
28.7,36.1,0.05
28.75,36.1,0.05
28.8,36.1,0.05
28.85,36.1,0.05
28.9,36.1,0.05
28.95,36.1,0.05
29.0,36.1,0.05
29.05,36.1,0.05
29.1,36.1,0.05
29.15,36.1,0.05
29.2,36.1,0.05
29.25,36.1,0.05
29.3,36.1,0.05
29.35,36.1,0.05
29.4,36.1,0.05
29.45,36.1,0.05
29.5,36.1,0.05
19.0,36.15,0.05
19.05,36.15,0.05
19.1,36.15,0.05
19.15,36.15,0.05
19.2,36.15,0.05
19.25,36.15,0.05
19.3,36.15,0.05
19.35,36.15,0.05
19.4,36.15,0.05
19.45,36.15,0.05
19.5,36.15,0.05
19.55,36.15,0.05
19.6,36.15,0.05
19.65,36.15,0.05
19.7,36.15,0.05
19.75,36.15,0.05
19.8,36.15,0.05
19.85,36.15,0.05
19.9,36.15,0.05
19.95,36.15,0.05
20.0,36.15,0.05
20.05,36.15,0.05
20.1,36.15,0.05
20.15,36.15,0.05
20.2,36.15,0.05
20.25,36.15,0.05
20.3,36.15,0.05
20.35,36.15,0.05
20.4,36.15,0.05
20.45,36.15,0.05
20.5,36.15,0.05
20.55,36.15,0.05
20.6,36.15,0.05
20.65,36.15,0.05
20.7,36.15,0.05
20.75,36.15,0.05
20.8,36.15,0.05
20.85,36.15,0.05
20.9,36.15,0.05
20.95,36.15,0.05
21.0,36.15,0.05
21.05,36.15,0.05
21.1,36.15,0.05
21.15,36.15,0.05
21.2,36.15,0.05
21.25,36.15,0.05
21.3,36.15,0.05
21.35,36.15,0.05
21.4,36.15,0.05
21.45,36.15,0.05
21.5,36.15,0.05
21.55,36.15,0.05
21.6,36.15,0.05
21.65,36.15,0.05
21.7,36.15,0.05
21.75,36.15,0.05
21.8,36.15,0.05
21.85,36.15,0.05
21.9,36.15,0.05
21.95,36.15,0.05
22.0,36.15,0.05
22.05,36.15,0.05
22.1,36.15,0.05
22.15,36.15,0.05
22.2,36.15,0.05
22.25,36.15,0.05
22.3,36.15,0.05
22.35,36.15,0.05
22.4,36.15,0.05
22.45,36.15,0.05
22.5,36.15,0.05
22.55,36.15,0.05
22.6,36.15,0.05
22.65,36.15,0.05
22.7,36.15,0.05
22.75,36.15,0.05
22.8,36.15,0.05
22.85,36.15,0.05
22.9,36.15,0.05
22.95,36.15,0.05
23.0,36.15,0.05
23.05,36.15,0.05
23.1,36.15,0.05
23.15,36.15,0.05
23.2,36.15,0.05
23.25,36.15,0.05
23.3,36.15,0.05
23.35,36.15,0.05
23.4,36.15,0.05
23.45,36.15,0.05
23.5,36.15,0.05
23.55,36.15,0.05
23.6,36.15,0.05
23.65,36.15,0.05
23.7,36.15,0.05
23.75,36.15,0.05
23.8,36.15,0.05
23.85,36.15,0.05
23.9,36.15,0.05
23.95,36.15,0.05
24.0,36.15,0.05
24.05,36.15,0.05
24.1,36.15,0.05
24.15,36.15,0.05
24.2,36.15,0.05
24.25,36.15,0.05
24.3,36.15,0.05
24.35,36.15,0.05
24.4,36.15,0.05
24.45,36.15,0.05
24.5,36.15,0.05
24.55,36.15,0.05
24.6,36.15,0.05
24.65,36.15,0.05
24.7,36.15,0.05
24.75,36.15,0.05
24.8,36.15,0.05
24.85,36.15,0.05
24.9,36.15,0.05
24.95,36.15,0.05
25.0,36.15,0.05
25.05,36.15,0.05
25.1,36.15,0.05
25.15,36.15,0.05
25.2,36.15,0.05
25.25,36.15,0.05
25.3,36.15,0.05
25.35,36.15,0.05
25.4,36.15,0.05
25.45,36.15,0.05
25.5,36.15,0.05
25.55,36.15,0.05
25.6,36.15,0.05
25.65,36.15,0.05
25.7,36.15,0.05
25.75,36.15,0.05
25.8,36.15,0.05
25.85,36.15,0.05
25.9,36.15,0.05
25.95,36.15,0.05
26.0,36.15,0.05
26.05,36.15,0.05
26.1,36.15,0.05
26.15,36.15,0.05
26.2,36.15,0.05
26.25,36.15,0.05
26.3,36.15,0.05
26.35,36.15,0.05
26.4,36.15,0.05
26.45,36.15,0.05
26.5,36.15,0.24
26.55,36.15,0.24
26.6,36.15,0.24
26.65,36.15,0.24
26.7,36.15,0.24
26.75,36.15,0.24
26.8,36.15,0.24
26.85,36.15,0.24
26.9,36.15,0.24
26.95,36.15,0.24
27.0,36.15,0.24
27.05,36.15,0.24
27.1,36.15,0.24
27.15,36.15,0.24
27.2,36.15,0.24
27.25,36.15,0.24
27.3,36.15,0.24
27.35,36.15,0.24
27.4,36.15,0.24
27.45,36.15,0.24
27.5,36.15,0.24
27.55,36.15,0.24
27.6,36.15,0.24
27.65,36.15,0.24
27.7,36.15,0.24
27.75,36.15,0.24
27.8,36.15,0.24
27.85,36.15,0.24
27.9,36.15,0.24
27.95,36.15,0.24
28.0,36.15,0.24
28.05,36.15,0.24
28.1,36.15,0.24
28.15,36.15,0.24
28.2,36.15,0.24
28.25,36.15,0.24
28.3,36.15,0.24
28.35,36.15,0.24
28.4,36.15,0.24
28.45,36.15,0.24
28.5,36.15,0.05
28.55,36.15,0.05
28.6,36.15,0.05
28.65,36.15,0.05
28.7,36.15,0.05
28.75,36.15,0.05
28.8,36.15,0.05
28.85,36.15,0.05
28.9,36.15,0.05
28.95,36.15,0.05
29.0,36.15,0.05
29.05,36.15,0.05
29.1,36.15,0.05
29.15,36.15,0.05
29.2,36.15,0.05
29.25,36.15,0.05
29.3,36.15,0.05
29.35,36.15,0.05
29.4,36.15,0.05
29.45,36.15,0.05
29.5,36.15,0.05
19.0,36.2,0.05
19.05,36.2,0.05
19.1,36.2,0.05
19.15,36.2,0.05
19.2,36.2,0.05
19.25,36.2,0.05
19.3,36.2,0.05
19.35,36.2,0.05
19.4,36.2,0.05
19.45,36.2,0.05
19.5,36.2,0.05
19.55,36.2,0.05
19.6,36.2,0.05
19.65,36.2,0.05
19.7,36.2,0.05
19.75,36.2,0.05
19.8,36.2,0.05
19.85,36.2,0.05
19.9,36.2,0.05
19.95,36.2,0.05
20.0,36.2,0.05
20.05,36.2,0.05
20.1,36.2,0.05
20.15,36.2,0.05
20.2,36.2,0.05
20.25,36.2,0.05
20.3,36.2,0.05
20.35,36.2,0.05
20.4,36.2,0.05
20.45,36.2,0.05
20.5,36.2,0.05
20.55,36.2,0.05
20.6,36.2,0.05
20.65,36.2,0.05
20.7,36.2,0.05
20.75,36.2,0.05
20.8,36.2,0.05
20.85,36.2,0.05
20.9,36.2,0.05
20.95,36.2,0.05
21.0,36.2,0.05
21.05,36.2,0.05
21.1,36.2,0.05
21.15,36.2,0.05
21.2,36.2,0.05
21.25,36.2,0.05
21.3,36.2,0.05
21.35,36.2,0.05
21.4,36.2,0.05
21.45,36.2,0.05
21.5,36.2,0.05
21.55,36.2,0.05
21.6,36.2,0.05
21.65,36.2,0.05
21.7,36.2,0.05
21.75,36.2,0.05
21.8,36.2,0.05
21.85,36.2,0.05
21.9,36.2,0.05
21.95,36.2,0.05
22.0,36.2,0.05
22.05,36.2,0.05
22.1,36.2,0.05
22.15,36.2,0.05
22.2,36.2,0.05
22.25,36.2,0.05
22.3,36.2,0.05
22.35,36.2,0.05
22.4,36.2,0.05
22.45,36.2,0.05
22.5,36.2,0.05
22.55,36.2,0.05
22.6,36.2,0.05
22.65,36.2,0.05
22.7,36.2,0.05
22.75,36.2,0.05
22.8,36.2,0.05
22.85,36.2,0.05
22.9,36.2,0.05
22.95,36.2,0.05
23.0,36.2,0.05
23.05,36.2,0.05
23.1,36.2,0.05
23.15,36.2,0.05
23.2,36.2,0.05
23.25,36.2,0.05
23.3,36.2,0.05
23.35,36.2,0.05
23.4,36.2,0.05
23.45,36.2,0.05
23.5,36.2,0.05
23.55,36.2,0.05
23.6,36.2,0.05
23.65,36.2,0.05
23.7,36.2,0.05
23.75,36.2,0.05
23.8,36.2,0.05
23.85,36.2,0.05
23.9,36.2,0.05
23.95,36.2,0.05
24.0,36.2,0.05
24.05,36.2,0.05
24.1,36.2,0.05
24.15,36.2,0.05
24.2,36.2,0.05
24.25,36.2,0.05
24.3,36.2,0.05
24.35,36.2,0.05
24.4,36.2,0.05
24.45,36.2,0.05
24.5,36.2,0.05
24.55,36.2,0.05
24.6,36.2,0.05
24.65,36.2,0.05
24.7,36.2,0.05
24.75,36.2,0.05
24.8,36.2,0.05
24.85,36.2,0.05
24.9,36.2,0.05
24.95,36.2,0.05
25.0,36.2,0.05
25.05,36.2,0.05
25.1,36.2,0.05
25.15,36.2,0.05
25.2,36.2,0.05
25.25,36.2,0.05
25.3,36.2,0.05
25.35,36.2,0.05
25.4,36.2,0.05
25.45,36.2,0.05
25.5,36.2,0.05
25.55,36.2,0.05
25.6,36.2,0.05
25.65,36.2,0.05
25.7,36.2,0.05
25.75,36.2,0.05
25.8,36.2,0.05
25.85,36.2,0.05
25.9,36.2,0.05
25.95,36.2,0.05
26.0,36.2,0.05
26.05,36.2,0.05
26.1,36.2,0.05
26.15,36.2,0.05
26.2,36.2,0.05
26.25,36.2,0.05
26.3,36.2,0.05
26.35,36.2,0.05
26.4,36.2,0.05
26.45,36.2,0.05
26.5,36.2,0.24
26.55,36.2,0.24
26.6,36.2,0.24
26.65,36.2,0.24
26.7,36.2,0.24
26.75,36.2,0.24
26.8,36.2,0.24
26.85,36.2,0.24
26.9,36.2,0.24
26.95,36.2,0.24
27.0,36.2,0.24
27.05,36.2,0.24
27.1,36.2,0.24
27.15,36.2,0.24
27.2,36.2,0.24
27.25,36.2,0.24
27.3,36.2,0.24
27.35,36.2,0.24
27.4,36.2,0.24
27.45,36.2,0.24
27.5,36.2,0.24
27.55,36.2,0.24
27.6,36.2,0.24
27.65,36.2,0.24
27.7,36.2,0.24
27.75,36.2,0.24
27.8,36.2,0.24
27.85,36.2,0.24
27.9,36.2,0.24
27.95,36.2,0.24
28.0,36.2,0.24
28.05,36.2,0.24
28.1,36.2,0.24
28.15,36.2,0.24
28.2,36.2,0.24
28.25,36.2,0.24
28.3,36.2,0.24
28.35,36.2,0.24
28.4,36.2,0.24
28.45,36.2,0.24
28.5,36.2,0.05
28.55,36.2,0.05
28.6,36.2,0.05
28.65,36.2,0.05
28.7,36.2,0.05
28.75,36.2,0.05
28.8,36.2,0.05
28.85,36.2,0.05
28.9,36.2,0.05
28.95,36.2,0.05
29.0,36.2,0.05
29.05,36.2,0.05
29.1,36.2,0.05
29.15,36.2,0.05
29.2,36.2,0.05
29.25,36.2,0.05
29.3,36.2,0.05
29.35,36.2,0.05
29.4,36.2,0.05
29.45,36.2,0.05
29.5,36.2,0.05
19.0,36.25,0.05
19.05,36.25,0.05
19.1,36.25,0.05
19.15,36.25,0.05
19.2,36.25,0.05
19.25,36.25,0.05
19.3,36.25,0.05
19.35,36.25,0.05
19.4,36.25,0.05
19.45,36.25,0.05
19.5,36.25,0.05
19.55,36.25,0.05
19.6,36.25,0.05
19.65,36.25,0.05
19.7,36.25,0.05
19.75,36.25,0.05
19.8,36.25,0.05
19.85,36.25,0.05
19.9,36.25,0.05
19.95,36.25,0.05
20.0,36.25,0.05
20.05,36.25,0.05
20.1,36.25,0.05
20.15,36.25,0.05
20.2,36.25,0.05
20.25,36.25,0.05
20.3,36.25,0.05
20.35,36.25,0.05
20.4,36.25,0.05
20.45,36.25,0.05
20.5,36.25,0.05
20.55,36.25,0.05
20.6,36.25,0.05
20.65,36.25,0.05
20.7,36.25,0.05
20.75,36.25,0.05
20.8,36.25,0.05
20.85,36.25,0.05
20.9,36.25,0.05
20.95,36.25,0.05
21.0,36.25,0.05
21.05,36.25,0.05
21.1,36.25,0.05
21.15,36.25,0.05
21.2,36.25,0.05
21.25,36.25,0.05
21.3,36.25,0.05
21.35,36.25,0.05
21.4,36.25,0.05
21.45,36.25,0.05
21.5,36.25,0.05
21.55,36.25,0.05
21.6,36.25,0.05
21.65,36.25,0.05
21.7,36.25,0.05
21.75,36.25,0.05
21.8,36.25,0.05
21.85,36.25,0.05
21.9,36.25,0.05
21.95,36.25,0.05
22.0,36.25,0.05
22.05,36.25,0.05
22.1,36.25,0.05
22.15,36.25,0.05
22.2,36.25,0.05
22.25,36.25,0.05
22.3,36.25,0.05
22.35,36.25,0.05
22.4,36.25,0.05
22.45,36.25,0.05
22.5,36.25,0.05
22.55,36.25,0.05
22.6,36.25,0.05
22.65,36.25,0.05
22.7,36.25,0.05
22.75,36.25,0.05
22.8,36.25,0.05
22.85,36.25,0.05
22.9,36.25,0.05
22.95,36.25,0.05
23.0,36.25,0.05
23.05,36.25,0.05
23.1,36.25,0.05
23.15,36.25,0.05
23.2,36.25,0.05
23.25,36.25,0.05
23.3,36.25,0.05
23.35,36.25,0.05
23.4,36.25,0.05
23.45,36.25,0.05
23.5,36.25,0.05
23.55,36.25,0.05
23.6,36.25,0.05
23.65,36.25,0.05
23.7,36.25,0.05
23.75,36.25,0.05
23.8,36.25,0.05
23.85,36.25,0.05
23.9,36.25,0.05
23.95,36.25,0.05
24.0,36.25,0.05
24.05,36.25,0.05
24.1,36.25,0.05
24.15,36.25,0.05
24.2,36.25,0.05
24.25,36.25,0.05
24.3,36.25,0.05
24.35,36.25,0.05
24.4,36.25,0.05
24.45,36.25,0.05
24.5,36.25,0.05
24.55,36.25,0.05
24.6,36.25,0.05
24.65,36.25,0.05
24.7,36.25,0.05
24.75,36.25,0.05
24.8,36.25,0.05
24.85,36.25,0.05
24.9,36.25,0.05
24.95,36.25,0.05
25.0,36.25,0.05
25.05,36.25,0.05
25.1,36.25,0.05
25.15,36.25,0.05
25.2,36.25,0.05
25.25,36.25,0.05
25.3,36.25,0.05
25.35,36.25,0.05
25.4,36.25,0.05
25.45,36.25,0.05
25.5,36.25,0.05
25.55,36.25,0.05
25.6,36.25,0.05
25.65,36.25,0.05
25.7,36.25,0.05
25.75,36.25,0.05
25.8,36.25,0.05
25.85,36.25,0.05
25.9,36.25,0.05
25.95,36.25,0.05
26.0,36.25,0.05
26.05,36.25,0.05
26.1,36.25,0.05
26.15,36.25,0.05
26.2,36.25,0.05
26.25,36.25,0.05
26.3,36.25,0.05
26.35,36.25,0.05
26.4,36.25,0.05
26.45,36.25,0.05
26.5,36.25,0.24
26.55,36.25,0.24
26.6,36.25,0.24
26.65,36.25,0.24
26.7,36.25,0.24
26.75,36.25,0.24
26.8,36.25,0.24
26.85,36.25,0.24
26.9,36.25,0.24
26.95,36.25,0.24
27.0,36.25,0.24
27.05,36.25,0.24
27.1,36.25,0.24
27.15,36.25,0.24
27.2,36.25,0.24
27.25,36.25,0.24
27.3,36.25,0.24
27.35,36.25,0.24
27.4,36.25,0.24
27.45,36.25,0.24
27.5,36.25,0.24
27.55,36.25,0.24
27.6,36.25,0.24
27.65,36.25,0.24
27.7,36.25,0.24
27.75,36.25,0.24
27.8,36.25,0.24
27.85,36.25,0.24
27.9,36.25,0.24
27.95,36.25,0.24
28.0,36.25,0.24
28.05,36.25,0.24
28.1,36.25,0.24
28.15,36.25,0.24
28.2,36.25,0.24
28.25,36.25,0.24
28.3,36.25,0.24
28.35,36.25,0.24
28.4,36.25,0.24
28.45,36.25,0.24
28.5,36.25,0.05
28.55,36.25,0.05
28.6,36.25,0.05
28.65,36.25,0.05
28.7,36.25,0.05
28.75,36.25,0.05
28.8,36.25,0.05
28.85,36.25,0.05
28.9,36.25,0.05
28.95,36.25,0.05
29.0,36.25,0.05
29.05,36.25,0.05
29.1,36.25,0.05
29.15,36.25,0.05
29.2,36.25,0.05
29.25,36.25,0.05
29.3,36.25,0.05
29.35,36.25,0.05
29.4,36.25,0.05
29.45,36.25,0.05
29.5,36.25,0.05
19.0,36.3,0.05
19.05,36.3,0.05
19.1,36.3,0.05
19.15,36.3,0.05
19.2,36.3,0.05
19.25,36.3,0.05
19.3,36.3,0.05
19.35,36.3,0.05
19.4,36.3,0.05
19.45,36.3,0.05
19.5,36.3,0.05
19.55,36.3,0.05
19.6,36.3,0.05
19.65,36.3,0.05
19.7,36.3,0.05
19.75,36.3,0.05
19.8,36.3,0.05
19.85,36.3,0.05
19.9,36.3,0.05
19.95,36.3,0.05
20.0,36.3,0.05
20.05,36.3,0.05
20.1,36.3,0.05
20.15,36.3,0.05
20.2,36.3,0.05
20.25,36.3,0.05
20.3,36.3,0.05
20.35,36.3,0.05
20.4,36.3,0.05
20.45,36.3,0.05
20.5,36.3,0.05
20.55,36.3,0.05
20.6,36.3,0.05
20.65,36.3,0.05
20.7,36.3,0.05
20.75,36.3,0.05
20.8,36.3,0.05
20.85,36.3,0.05
20.9,36.3,0.05
20.95,36.3,0.05
21.0,36.3,0.05
21.05,36.3,0.05
21.1,36.3,0.05
21.15,36.3,0.05
21.2,36.3,0.05
21.25,36.3,0.05
21.3,36.3,0.05
21.35,36.3,0.05
21.4,36.3,0.05
21.45,36.3,0.05
21.5,36.3,0.05
21.55,36.3,0.05
21.6,36.3,0.05
21.65,36.3,0.05
21.7,36.3,0.05
21.75,36.3,0.05
21.8,36.3,0.05
21.85,36.3,0.05
21.9,36.3,0.05
21.95,36.3,0.05
22.0,36.3,0.05
22.05,36.3,0.05
22.1,36.3,0.05
22.15,36.3,0.05
22.2,36.3,0.05
22.25,36.3,0.05
22.3,36.3,0.05
22.35,36.3,0.05
22.4,36.3,0.05
22.45,36.3,0.05
22.5,36.3,0.05
22.55,36.3,0.05
22.6,36.3,0.05
22.65,36.3,0.05
22.7,36.3,0.05
22.75,36.3,0.05
22.8,36.3,0.05
22.85,36.3,0.05
22.9,36.3,0.05
22.95,36.3,0.05
23.0,36.3,0.05
23.05,36.3,0.05
23.1,36.3,0.05
23.15,36.3,0.05
23.2,36.3,0.05
23.25,36.3,0.05
23.3,36.3,0.05
23.35,36.3,0.05
23.4,36.3,0.05
23.45,36.3,0.05
23.5,36.3,0.05
23.55,36.3,0.05
23.6,36.3,0.05
23.65,36.3,0.05
23.7,36.3,0.05
23.75,36.3,0.05
23.8,36.3,0.05
23.85,36.3,0.05
23.9,36.3,0.05
23.95,36.3,0.05
24.0,36.3,0.05
24.05,36.3,0.05
24.1,36.3,0.05
24.15,36.3,0.05
24.2,36.3,0.05
24.25,36.3,0.05
24.3,36.3,0.05
24.35,36.3,0.05
24.4,36.3,0.05
24.45,36.3,0.05
24.5,36.3,0.05
24.55,36.3,0.05
24.6,36.3,0.05
24.65,36.3,0.05
24.7,36.3,0.05
24.75,36.3,0.05
24.8,36.3,0.05
24.85,36.3,0.05
24.9,36.3,0.05
24.95,36.3,0.05
25.0,36.3,0.05
25.05,36.3,0.05
25.1,36.3,0.05
25.15,36.3,0.05
25.2,36.3,0.05
25.25,36.3,0.05
25.3,36.3,0.05
25.35,36.3,0.05
25.4,36.3,0.05
25.45,36.3,0.05
25.5,36.3,0.05
25.55,36.3,0.05
25.6,36.3,0.05
25.65,36.3,0.05
25.7,36.3,0.05
25.75,36.3,0.05
25.8,36.3,0.05
25.85,36.3,0.05
25.9,36.3,0.05
25.95,36.3,0.05
26.0,36.3,0.05
26.05,36.3,0.05
26.1,36.3,0.05
26.15,36.3,0.05
26.2,36.3,0.05
26.25,36.3,0.05
26.3,36.3,0.05
26.35,36.3,0.05
26.4,36.3,0.05
26.45,36.3,0.05
26.5,36.3,0.24
26.55,36.3,0.24
26.6,36.3,0.24
26.65,36.3,0.24
26.7,36.3,0.24
26.75,36.3,0.24
26.8,36.3,0.24
26.85,36.3,0.24
26.9,36.3,0.24
26.95,36.3,0.24
27.0,36.3,0.24
27.05,36.3,0.24
27.1,36.3,0.24
27.15,36.3,0.24
27.2,36.3,0.24
27.25,36.3,0.24
27.3,36.3,0.24
27.35,36.3,0.24
27.4,36.3,0.24
27.45,36.3,0.24
27.5,36.3,0.24
27.55,36.3,0.24
27.6,36.3,0.24
27.65,36.3,0.24
27.7,36.3,0.24
27.75,36.3,0.24
27.8,36.3,0.24
27.85,36.3,0.24
27.9,36.3,0.24
27.95,36.3,0.24
28.0,36.3,0.24
28.05,36.3,0.24
28.1,36.3,0.24
28.15,36.3,0.24
28.2,36.3,0.24
28.25,36.3,0.24
28.3,36.3,0.24
28.35,36.3,0.24
28.4,36.3,0.24
28.45,36.3,0.24
28.5,36.3,0.05
28.55,36.3,0.05
28.6,36.3,0.05
28.65,36.3,0.05
28.7,36.3,0.05
28.75,36.3,0.05
28.8,36.3,0.05
28.85,36.3,0.05
28.9,36.3,0.05
28.95,36.3,0.05
29.0,36.3,0.05
29.05,36.3,0.05
29.1,36.3,0.05
29.15,36.3,0.05
29.2,36.3,0.05
29.25,36.3,0.05
29.3,36.3,0.05
29.35,36.3,0.05
29.4,36.3,0.05
29.45,36.3,0.05
29.5,36.3,0.05
19.0,36.35,0.05
19.05,36.35,0.05
19.1,36.35,0.05
19.15,36.35,0.05
19.2,36.35,0.05
19.25,36.35,0.05
19.3,36.35,0.05
19.35,36.35,0.05
19.4,36.35,0.05
19.45,36.35,0.05
19.5,36.35,0.05
19.55,36.35,0.05
19.6,36.35,0.05
19.65,36.35,0.05
19.7,36.35,0.05
19.75,36.35,0.05
19.8,36.35,0.05
19.85,36.35,0.05
19.9,36.35,0.05
19.95,36.35,0.05
20.0,36.35,0.05
20.05,36.35,0.05
20.1,36.35,0.05
20.15,36.35,0.05
20.2,36.35,0.05
20.25,36.35,0.05
20.3,36.35,0.05
20.35,36.35,0.05
20.4,36.35,0.05
20.45,36.35,0.05
20.5,36.35,0.05
20.55,36.35,0.05
20.6,36.35,0.05
20.65,36.35,0.05
20.7,36.35,0.05
20.75,36.35,0.05
20.8,36.35,0.05
20.85,36.35,0.05
20.9,36.35,0.05
20.95,36.35,0.05
21.0,36.35,0.05
21.05,36.35,0.05
21.1,36.35,0.05
21.15,36.35,0.05
21.2,36.35,0.05
21.25,36.35,0.05
21.3,36.35,0.05
21.35,36.35,0.05
21.4,36.35,0.05
21.45,36.35,0.05
21.5,36.35,0.05
21.55,36.35,0.05
21.6,36.35,0.05
21.65,36.35,0.05
21.7,36.35,0.05
21.75,36.35,0.05
21.8,36.35,0.05
21.85,36.35,0.05
21.9,36.35,0.05
21.95,36.35,0.05
22.0,36.35,0.05
22.05,36.35,0.05
22.1,36.35,0.05
22.15,36.35,0.05
22.2,36.35,0.05
22.25,36.35,0.05
22.3,36.35,0.05
22.35,36.35,0.05
22.4,36.35,0.05
22.45,36.35,0.05
22.5,36.35,0.05
22.55,36.35,0.05
22.6,36.35,0.05
22.65,36.35,0.05
22.7,36.35,0.05
22.75,36.35,0.05
22.8,36.35,0.05
22.85,36.35,0.05
22.9,36.35,0.05
22.95,36.35,0.05
23.0,36.35,0.05
23.05,36.35,0.05
23.1,36.35,0.05
23.15,36.35,0.05
23.2,36.35,0.05
23.25,36.35,0.05
23.3,36.35,0.05
23.35,36.35,0.05
23.4,36.35,0.05
23.45,36.35,0.05
23.5,36.35,0.05
23.55,36.35,0.05
23.6,36.35,0.05
23.65,36.35,0.05
23.7,36.35,0.05
23.75,36.35,0.05
23.8,36.35,0.05
23.85,36.35,0.05
23.9,36.35,0.05
23.95,36.35,0.05
24.0,36.35,0.05
24.05,36.35,0.05
24.1,36.35,0.05
24.15,36.35,0.05
24.2,36.35,0.05
24.25,36.35,0.05
24.3,36.35,0.05
24.35,36.35,0.05
24.4,36.35,0.05
24.45,36.35,0.05
24.5,36.35,0.05
24.55,36.35,0.05
24.6,36.35,0.05
24.65,36.35,0.05
24.7,36.35,0.05
24.75,36.35,0.05
24.8,36.35,0.05
24.85,36.35,0.05
24.9,36.35,0.05
24.95,36.35,0.05
25.0,36.35,0.05
25.05,36.35,0.05
25.1,36.35,0.05
25.15,36.35,0.05
25.2,36.35,0.05
25.25,36.35,0.05
25.3,36.35,0.05
25.35,36.35,0.05
25.4,36.35,0.05
25.45,36.35,0.05
25.5,36.35,0.05
25.55,36.35,0.05
25.6,36.35,0.05
25.65,36.35,0.05
25.7,36.35,0.05
25.75,36.35,0.05
25.8,36.35,0.05
25.85,36.35,0.05
25.9,36.35,0.05
25.95,36.35,0.05
26.0,36.35,0.05
26.05,36.35,0.05
26.1,36.35,0.05
26.15,36.35,0.05
26.2,36.35,0.05
26.25,36.35,0.05
26.3,36.35,0.05
26.35,36.35,0.05
26.4,36.35,0.05
26.45,36.35,0.05
26.5,36.35,0.24
26.55,36.35,0.24
26.6,36.35,0.24
26.65,36.35,0.24
26.7,36.35,0.24
26.75,36.35,0.24
26.8,36.35,0.24
26.85,36.35,0.24
26.9,36.35,0.24
26.95,36.35,0.24
27.0,36.35,0.24
27.05,36.35,0.24
27.1,36.35,0.24
27.15,36.35,0.24
27.2,36.35,0.24
27.25,36.35,0.24
27.3,36.35,0.24
27.35,36.35,0.24
27.4,36.35,0.24
27.45,36.35,0.24
27.5,36.35,0.24
27.55,36.35,0.24
27.6,36.35,0.24
27.65,36.35,0.24
27.7,36.35,0.24
27.75,36.35,0.24
27.8,36.35,0.24
27.85,36.35,0.24
27.9,36.35,0.24
27.95,36.35,0.24
28.0,36.35,0.24
28.05,36.35,0.24
28.1,36.35,0.24
28.15,36.35,0.24
28.2,36.35,0.24
28.25,36.35,0.24
28.3,36.35,0.24
28.35,36.35,0.24
28.4,36.35,0.24
28.45,36.35,0.24
28.5,36.35,0.05
28.55,36.35,0.05
28.6,36.35,0.05
28.65,36.35,0.05
28.7,36.35,0.05
28.75,36.35,0.05
28.8,36.35,0.05
28.85,36.35,0.05
28.9,36.35,0.05
28.95,36.35,0.05
29.0,36.35,0.05
29.05,36.35,0.05
29.1,36.35,0.05
29.15,36.35,0.05
29.2,36.35,0.05
29.25,36.35,0.05
29.3,36.35,0.05
29.35,36.35,0.05
29.4,36.35,0.05
29.45,36.35,0.05
29.5,36.35,0.05
19.0,36.4,0.05
19.05,36.4,0.05
19.1,36.4,0.05
19.15,36.4,0.05
19.2,36.4,0.05
19.25,36.4,0.05
19.3,36.4,0.05
19.35,36.4,0.05
19.4,36.4,0.05
19.45,36.4,0.05
19.5,36.4,0.05
19.55,36.4,0.05
19.6,36.4,0.05
19.65,36.4,0.05
19.7,36.4,0.05
19.75,36.4,0.05
19.8,36.4,0.05
19.85,36.4,0.05
19.9,36.4,0.05
19.95,36.4,0.05
20.0,36.4,0.05
20.05,36.4,0.05
20.1,36.4,0.05
20.15,36.4,0.05
20.2,36.4,0.05
20.25,36.4,0.05
20.3,36.4,0.05
20.35,36.4,0.05
20.4,36.4,0.05
20.45,36.4,0.05
20.5,36.4,0.05
20.55,36.4,0.05
20.6,36.4,0.05
20.65,36.4,0.05
20.7,36.4,0.05
20.75,36.4,0.05
20.8,36.4,0.05
20.85,36.4,0.05
20.9,36.4,0.05
20.95,36.4,0.05
21.0,36.4,0.05
21.05,36.4,0.05
21.1,36.4,0.05
21.15,36.4,0.05
21.2,36.4,0.05
21.25,36.4,0.05
21.3,36.4,0.05
21.35,36.4,0.05
21.4,36.4,0.05
21.45,36.4,0.05
21.5,36.4,0.05
21.55,36.4,0.05
21.6,36.4,0.05
21.65,36.4,0.05
21.7,36.4,0.05
21.75,36.4,0.05
21.8,36.4,0.05
21.85,36.4,0.05
21.9,36.4,0.05
21.95,36.4,0.05
22.0,36.4,0.05
22.05,36.4,0.05
22.1,36.4,0.05
22.15,36.4,0.05
22.2,36.4,0.05
22.25,36.4,0.05
22.3,36.4,0.05
22.35,36.4,0.05
22.4,36.4,0.05
22.45,36.4,0.05
22.5,36.4,0.05
22.55,36.4,0.05
22.6,36.4,0.05
22.65,36.4,0.05
22.7,36.4,0.05
22.75,36.4,0.05
22.8,36.4,0.05
22.85,36.4,0.05
22.9,36.4,0.05
22.95,36.4,0.05
23.0,36.4,0.05
23.05,36.4,0.05
23.1,36.4,0.05
23.15,36.4,0.05
23.2,36.4,0.05
23.25,36.4,0.05
23.3,36.4,0.05
23.35,36.4,0.05
23.4,36.4,0.05
23.45,36.4,0.05
23.5,36.4,0.05
23.55,36.4,0.05
23.6,36.4,0.05
23.65,36.4,0.05
23.7,36.4,0.05
23.75,36.4,0.05
23.8,36.4,0.05
23.85,36.4,0.05
23.9,36.4,0.05
23.95,36.4,0.05
24.0,36.4,0.05
24.05,36.4,0.05
24.1,36.4,0.05
24.15,36.4,0.05
24.2,36.4,0.05
24.25,36.4,0.05
24.3,36.4,0.05
24.35,36.4,0.05
24.4,36.4,0.05
24.45,36.4,0.05
24.5,36.4,0.05
24.55,36.4,0.05
24.6,36.4,0.05
24.65,36.4,0.05
24.7,36.4,0.05
24.75,36.4,0.05
24.8,36.4,0.05
24.85,36.4,0.05
24.9,36.4,0.05
24.95,36.4,0.05
25.0,36.4,0.05
25.05,36.4,0.05
25.1,36.4,0.05
25.15,36.4,0.05
25.2,36.4,0.05
25.25,36.4,0.05
25.3,36.4,0.05
25.35,36.4,0.05
25.4,36.4,0.05
25.45,36.4,0.05
25.5,36.4,0.05
25.55,36.4,0.05
25.6,36.4,0.05
25.65,36.4,0.05
25.7,36.4,0.05
25.75,36.4,0.05
25.8,36.4,0.05
25.85,36.4,0.05
25.9,36.4,0.05
25.95,36.4,0.05
26.0,36.4,0.05
26.05,36.4,0.05
26.1,36.4,0.05
26.15,36.4,0.05
26.2,36.4,0.05
26.25,36.4,0.05
26.3,36.4,0.05
26.35,36.4,0.05
26.4,36.4,0.05
26.45,36.4,0.05
26.5,36.4,0.24
26.55,36.4,0.24
26.6,36.4,0.24
26.65,36.4,0.24
26.7,36.4,0.24
26.75,36.4,0.24
26.8,36.4,0.24
26.85,36.4,0.24
26.9,36.4,0.24
26.95,36.4,0.24
27.0,36.4,0.24
27.05,36.4,0.24
27.1,36.4,0.24
27.15,36.4,0.24
27.2,36.4,0.24
27.25,36.4,0.24
27.3,36.4,0.24
27.35,36.4,0.24
27.4,36.4,0.24
27.45,36.4,0.24
27.5,36.4,0.24
27.55,36.4,0.24
27.6,36.4,0.24
27.65,36.4,0.24
27.7,36.4,0.24
27.75,36.4,0.24
27.8,36.4,0.24
27.85,36.4,0.24
27.9,36.4,0.24
27.95,36.4,0.24
28.0,36.4,0.24
28.05,36.4,0.24
28.1,36.4,0.24
28.15,36.4,0.24
28.2,36.4,0.24
28.25,36.4,0.24
28.3,36.4,0.24
28.35,36.4,0.24
28.4,36.4,0.24
28.45,36.4,0.24
28.5,36.4,0.05
28.55,36.4,0.05
28.6,36.4,0.05
28.65,36.4,0.05
28.7,36.4,0.05
28.75,36.4,0.05
28.8,36.4,0.05
28.85,36.4,0.05
28.9,36.4,0.05
28.95,36.4,0.05
29.0,36.4,0.05
29.05,36.4,0.05
29.1,36.4,0.05
29.15,36.4,0.05
29.2,36.4,0.05
29.25,36.4,0.05
29.3,36.4,0.05
29.35,36.4,0.05
29.4,36.4,0.05
29.45,36.4,0.05
29.5,36.4,0.05
19.0,36.45,0.05
19.05,36.45,0.05
19.1,36.45,0.05
19.15,36.45,0.05
19.2,36.45,0.05
19.25,36.45,0.05
19.3,36.45,0.05
19.35,36.45,0.05
19.4,36.45,0.05
19.45,36.45,0.05
19.5,36.45,0.05
19.55,36.45,0.05
19.6,36.45,0.05
19.65,36.45,0.05
19.7,36.45,0.05
19.75,36.45,0.05
19.8,36.45,0.05
19.85,36.45,0.05
19.9,36.45,0.05
19.95,36.45,0.05
20.0,36.45,0.05
20.05,36.45,0.05
20.1,36.45,0.05
20.15,36.45,0.05
20.2,36.45,0.05
20.25,36.45,0.05
20.3,36.45,0.05
20.35,36.45,0.05
20.4,36.45,0.05
20.45,36.45,0.05
20.5,36.45,0.05
20.55,36.45,0.05
20.6,36.45,0.05
20.65,36.45,0.05
20.7,36.45,0.05
20.75,36.45,0.05
20.8,36.45,0.05
20.85,36.45,0.05
20.9,36.45,0.05
20.95,36.45,0.05
21.0,36.45,0.05
21.05,36.45,0.05
21.1,36.45,0.05
21.15,36.45,0.05
21.2,36.45,0.05
21.25,36.45,0.05
21.3,36.45,0.05
21.35,36.45,0.05
21.4,36.45,0.05
21.45,36.45,0.05
21.5,36.45,0.05
21.55,36.45,0.05
21.6,36.45,0.05
21.65,36.45,0.05
21.7,36.45,0.05
21.75,36.45,0.05
21.8,36.45,0.05
21.85,36.45,0.05
21.9,36.45,0.05
21.95,36.45,0.05
22.0,36.45,0.05
22.05,36.45,0.05
22.1,36.45,0.05
22.15,36.45,0.05
22.2,36.45,0.05
22.25,36.45,0.05
22.3,36.45,0.05
22.35,36.45,0.05
22.4,36.45,0.05
22.45,36.45,0.05
22.5,36.45,0.05
22.55,36.45,0.05
22.6,36.45,0.05
22.65,36.45,0.05
22.7,36.45,0.05
22.75,36.45,0.05
22.8,36.45,0.05
22.85,36.45,0.05
22.9,36.45,0.05
22.95,36.45,0.05
23.0,36.45,0.05
23.05,36.45,0.05
23.1,36.45,0.05
23.15,36.45,0.05
23.2,36.45,0.05
23.25,36.45,0.05
23.3,36.45,0.05
23.35,36.45,0.05
23.4,36.45,0.05
23.45,36.45,0.05
23.5,36.45,0.05
23.55,36.45,0.05
23.6,36.45,0.05
23.65,36.45,0.05
23.7,36.45,0.05
23.75,36.45,0.05
23.8,36.45,0.05
23.85,36.45,0.05
23.9,36.45,0.05
23.95,36.45,0.05
24.0,36.45,0.05
24.05,36.45,0.05
24.1,36.45,0.05
24.15,36.45,0.05
24.2,36.45,0.05
24.25,36.45,0.05
24.3,36.45,0.05
24.35,36.45,0.05
24.4,36.45,0.05
24.45,36.45,0.05
24.5,36.45,0.05
24.55,36.45,0.05
24.6,36.45,0.05
24.65,36.45,0.05
24.7,36.45,0.05
24.75,36.45,0.05
24.8,36.45,0.05
24.85,36.45,0.05
24.9,36.45,0.05
24.95,36.45,0.05
25.0,36.45,0.05
25.05,36.45,0.05
25.1,36.45,0.05
25.15,36.45,0.05
25.2,36.45,0.05
25.25,36.45,0.05
25.3,36.45,0.05
25.35,36.45,0.05
25.4,36.45,0.05
25.45,36.45,0.05
25.5,36.45,0.05
25.55,36.45,0.05
25.6,36.45,0.05
25.65,36.45,0.05
25.7,36.45,0.05
25.75,36.45,0.05
25.8,36.45,0.05
25.85,36.45,0.05
25.9,36.45,0.05
25.95,36.45,0.05
26.0,36.45,0.05
26.05,36.45,0.05
26.1,36.45,0.05
26.15,36.45,0.05
26.2,36.45,0.05
26.25,36.45,0.05
26.3,36.45,0.05
26.35,36.45,0.05
26.4,36.45,0.05
26.45,36.45,0.05
26.5,36.45,0.24
26.55,36.45,0.24
26.6,36.45,0.24
26.65,36.45,0.24
26.7,36.45,0.24
26.75,36.45,0.24
26.8,36.45,0.24
26.85,36.45,0.24
26.9,36.45,0.24
26.95,36.45,0.24
27.0,36.45,0.24
27.05,36.45,0.24
27.1,36.45,0.24
27.15,36.45,0.24
27.2,36.45,0.24
27.25,36.45,0.24
27.3,36.45,0.24
27.35,36.45,0.24
27.4,36.45,0.24
27.45,36.45,0.24
27.5,36.45,0.24
27.55,36.45,0.24
27.6,36.45,0.24
27.65,36.45,0.24
27.7,36.45,0.24
27.75,36.45,0.24
27.8,36.45,0.24
27.85,36.45,0.24
27.9,36.45,0.24
27.95,36.45,0.24
28.0,36.45,0.24
28.05,36.45,0.24
28.1,36.45,0.24
28.15,36.45,0.24
28.2,36.45,0.24
28.25,36.45,0.24
28.3,36.45,0.24
28.35,36.45,0.24
28.4,36.45,0.24
28.45,36.45,0.24
28.5,36.45,0.05
28.55,36.45,0.05
28.6,36.45,0.05
28.65,36.45,0.05
28.7,36.45,0.05
28.75,36.45,0.05
28.8,36.45,0.05
28.85,36.45,0.05
28.9,36.45,0.05
28.95,36.45,0.05
29.0,36.45,0.05
29.05,36.45,0.05
29.1,36.45,0.05
29.15,36.45,0.05
29.2,36.45,0.05
29.25,36.45,0.05
29.3,36.45,0.05
29.35,36.45,0.05
29.4,36.45,0.05
29.45,36.45,0.05
29.5,36.45,0.05
19.0,36.5,0.05
19.05,36.5,0.05
19.1,36.5,0.05
19.15,36.5,0.05
19.2,36.5,0.05
19.25,36.5,0.05
19.3,36.5,0.05
19.35,36.5,0.05
19.4,36.5,0.05
19.45,36.5,0.05
19.5,36.5,0.05
19.55,36.5,0.05
19.6,36.5,0.05
19.65,36.5,0.05
19.7,36.5,0.05
19.75,36.5,0.05
19.8,36.5,0.05
19.85,36.5,0.05
19.9,36.5,0.05
19.95,36.5,0.05
20.0,36.5,0.05
20.05,36.5,0.05
20.1,36.5,0.05
20.15,36.5,0.05
20.2,36.5,0.05
20.25,36.5,0.05
20.3,36.5,0.05
20.35,36.5,0.05
20.4,36.5,0.05
20.45,36.5,0.05
20.5,36.5,0.05
20.55,36.5,0.05
20.6,36.5,0.05
20.65,36.5,0.05
20.7,36.5,0.05
20.75,36.5,0.05
20.8,36.5,0.05
20.85,36.5,0.05
20.9,36.5,0.05
20.95,36.5,0.05
21.0,36.5,0.05
21.05,36.5,0.05
21.1,36.5,0.05
21.15,36.5,0.05
21.2,36.5,0.05
21.25,36.5,0.05
21.3,36.5,0.05
21.35,36.5,0.05
21.4,36.5,0.05
21.45,36.5,0.05
21.5,36.5,0.05
21.55,36.5,0.05
21.6,36.5,0.05
21.65,36.5,0.05
21.7,36.5,0.05
21.75,36.5,0.05
21.8,36.5,0.05
21.85,36.5,0.05
21.9,36.5,0.05
21.95,36.5,0.05
22.0,36.5,0.05
22.05,36.5,0.05
22.1,36.5,0.05
22.15,36.5,0.05
22.2,36.5,0.05
22.25,36.5,0.05
22.3,36.5,0.05
22.35,36.5,0.05
22.4,36.5,0.05
22.45,36.5,0.05
22.5,36.5,0.05
22.55,36.5,0.05
22.6,36.5,0.05
22.65,36.5,0.05
22.7,36.5,0.05
22.75,36.5,0.05
22.8,36.5,0.05
22.85,36.5,0.05
22.9,36.5,0.05
22.95,36.5,0.05
23.0,36.5,0.05
23.05,36.5,0.05
23.1,36.5,0.05
23.15,36.5,0.05
23.2,36.5,0.05
23.25,36.5,0.05
23.3,36.5,0.05
23.35,36.5,0.05
23.4,36.5,0.05
23.45,36.5,0.05
23.5,36.5,0.05
23.55,36.5,0.05
23.6,36.5,0.05
23.65,36.5,0.05
23.7,36.5,0.05
23.75,36.5,0.05
23.8,36.5,0.05
23.85,36.5,0.05
23.9,36.5,0.05
23.95,36.5,0.05
24.0,36.5,0.05
24.05,36.5,0.05
24.1,36.5,0.05
24.15,36.5,0.05
24.2,36.5,0.05
24.25,36.5,0.05
24.3,36.5,0.05
24.35,36.5,0.05
24.4,36.5,0.05
24.45,36.5,0.05
24.5,36.5,0.05
24.55,36.5,0.05
24.6,36.5,0.05
24.65,36.5,0.05
24.7,36.5,0.05
24.75,36.5,0.05
24.8,36.5,0.05
24.85,36.5,0.05
24.9,36.5,0.05
24.95,36.5,0.05
25.0,36.5,0.05
25.05,36.5,0.05
25.1,36.5,0.05
25.15,36.5,0.05
25.2,36.5,0.05
25.25,36.5,0.05
25.3,36.5,0.05
25.35,36.5,0.05
25.4,36.5,0.05
25.45,36.5,0.05
25.5,36.5,0.05
25.55,36.5,0.05
25.6,36.5,0.05
25.65,36.5,0.05
25.7,36.5,0.05
25.75,36.5,0.05
25.8,36.5,0.05
25.85,36.5,0.05
25.9,36.5,0.05
25.95,36.5,0.05
26.0,36.5,0.05
26.05,36.5,0.05
26.1,36.5,0.05
26.15,36.5,0.05
26.2,36.5,0.05
26.25,36.5,0.05
26.3,36.5,0.05
26.35,36.5,0.05
26.4,36.5,0.05
26.45,36.5,0.05
26.5,36.5,0.24
26.55,36.5,0.24
26.6,36.5,0.24
26.65,36.5,0.24
26.7,36.5,0.24
26.75,36.5,0.24
26.8,36.5,0.24
26.85,36.5,0.24
26.9,36.5,0.24
26.95,36.5,0.24
27.0,36.5,0.24
27.05,36.5,0.24
27.1,36.5,0.24
27.15,36.5,0.24
27.2,36.5,0.24
27.25,36.5,0.24
27.3,36.5,0.24
27.35,36.5,0.24
27.4,36.5,0.24
27.45,36.5,0.24
27.5,36.5,0.24
27.55,36.5,0.24
27.6,36.5,0.24
27.65,36.5,0.24
27.7,36.5,0.24
27.75,36.5,0.24
27.8,36.5,0.24
27.85,36.5,0.24
27.9,36.5,0.24
27.95,36.5,0.24
28.0,36.5,0.24
28.05,36.5,0.24
28.1,36.5,0.24
28.15,36.5,0.24
28.2,36.5,0.24
28.25,36.5,0.24
28.3,36.5,0.24
28.35,36.5,0.24
28.4,36.5,0.24
28.45,36.5,0.24
28.5,36.5,0.05
28.55,36.5,0.05
28.6,36.5,0.05
28.65,36.5,0.05
28.7,36.5,0.05
28.75,36.5,0.05
28.8,36.5,0.05
28.85,36.5,0.05
28.9,36.5,0.05
28.95,36.5,0.05
29.0,36.5,0.05
29.05,36.5,0.05
29.1,36.5,0.05
29.15,36.5,0.05
29.2,36.5,0.05
29.25,36.5,0.05
29.3,36.5,0.05
29.35,36.5,0.05
29.4,36.5,0.05
29.45,36.5,0.05
29.5,36.5,0.05
19.0,36.55,0.36
19.05,36.55,0.36
19.1,36.55,0.36
19.15,36.55,0.36
19.2,36.55,0.36
19.25,36.55,0.36
19.3,36.55,0.36
19.35,36.55,0.36
19.4,36.55,0.36
19.45,36.55,0.36
19.5,36.55,0.36
19.55,36.55,0.36
19.6,36.55,0.36
19.65,36.55,0.36
19.7,36.55,0.36
19.75,36.55,0.36
19.8,36.55,0.36
19.85,36.55,0.36
19.9,36.55,0.36
19.95,36.55,0.36
20.0,36.55,0.36
20.05,36.55,0.36
20.1,36.55,0.36
20.15,36.55,0.36
20.2,36.55,0.36
20.25,36.55,0.36
20.3,36.55,0.36
20.35,36.55,0.36
20.4,36.55,0.36
20.45,36.55,0.36
20.5,36.55,0.36
20.55,36.55,0.36
20.6,36.55,0.36
20.65,36.55,0.36
20.7,36.55,0.36
20.75,36.55,0.36
20.8,36.55,0.36
20.85,36.55,0.36
20.9,36.55,0.36
20.95,36.55,0.36
21.0,36.55,0.36
21.05,36.55,0.36
21.1,36.55,0.36
21.15,36.55,0.36
21.2,36.55,0.36
21.25,36.55,0.36
21.3,36.55,0.36
21.35,36.55,0.36
21.4,36.55,0.36
21.45,36.55,0.36
21.5,36.55,0.05
21.55,36.55,0.05
21.6,36.55,0.05
21.65,36.55,0.05
21.7,36.55,0.05
21.75,36.55,0.05
21.8,36.55,0.05
21.85,36.55,0.05
21.9,36.55,0.05
21.95,36.55,0.05
22.0,36.55,0.36
22.05,36.55,0.36
22.1,36.55,0.36
22.15,36.55,0.36
22.2,36.55,0.36
22.25,36.55,0.36
22.3,36.55,0.36
22.35,36.55,0.36
22.4,36.55,0.36
22.45,36.55,0.36
22.5,36.55,0.36
22.55,36.55,0.36
22.6,36.55,0.36
22.65,36.55,0.36
22.7,36.55,0.36
22.75,36.55,0.36
22.8,36.55,0.36
22.85,36.55,0.36
22.9,36.55,0.36
22.95,36.55,0.36
23.0,36.55,0.36
23.05,36.55,0.36
23.1,36.55,0.36
23.15,36.55,0.36
23.2,36.55,0.36
23.25,36.55,0.36
23.3,36.55,0.36
23.35,36.55,0.36
23.4,36.55,0.36
23.45,36.55,0.36
23.5,36.55,0.36
23.55,36.55,0.36
23.6,36.55,0.36
23.65,36.55,0.36
23.7,36.55,0.36
23.75,36.55,0.36
23.8,36.55,0.36
23.85,36.55,0.36
23.9,36.55,0.36
23.95,36.55,0.36
24.0,36.55,0.24
24.05,36.55,0.24
24.1,36.55,0.24
24.15,36.55,0.24
24.2,36.55,0.24
24.25,36.55,0.24
24.3,36.55,0.24
24.35,36.55,0.24
24.4,36.55,0.24
24.45,36.55,0.24
24.5,36.55,0.24
24.55,36.55,0.24
24.6,36.55,0.24
24.65,36.55,0.24
24.7,36.55,0.24
24.75,36.55,0.24
24.8,36.55,0.24
24.85,36.55,0.24
24.9,36.55,0.24
24.95,36.55,0.24
25.0,36.55,0.24
25.05,36.55,0.24
25.1,36.55,0.24
25.15,36.55,0.24
25.2,36.55,0.24
25.25,36.55,0.24
25.3,36.55,0.24
25.35,36.55,0.24
25.4,36.55,0.24
25.45,36.55,0.24
25.5,36.55,0.24
25.55,36.55,0.24
25.6,36.55,0.24
25.65,36.55,0.24
25.7,36.55,0.24
25.75,36.55,0.24
25.8,36.55,0.24
25.85,36.55,0.24
25.9,36.55,0.24
25.95,36.55,0.24
26.0,36.55,0.05
26.05,36.55,0.05
26.1,36.55,0.05
26.15,36.55,0.05
26.2,36.55,0.05
26.25,36.55,0.05
26.3,36.55,0.05
26.35,36.55,0.05
26.4,36.55,0.05
26.45,36.55,0.05
26.5,36.55,0.24
26.55,36.55,0.24
26.6,36.55,0.24
26.65,36.55,0.24
26.7,36.55,0.24
26.75,36.55,0.24
26.8,36.55,0.24
26.85,36.55,0.24
26.9,36.55,0.24
26.95,36.55,0.24
27.0,36.55,0.24
27.05,36.55,0.24
27.1,36.55,0.24
27.15,36.55,0.24
27.2,36.55,0.24
27.25,36.55,0.24
27.3,36.55,0.24
27.35,36.55,0.24
27.4,36.55,0.24
27.45,36.55,0.24
27.5,36.55,0.24
27.55,36.55,0.24
27.6,36.55,0.24
27.65,36.55,0.24
27.7,36.55,0.24
27.75,36.55,0.24
27.8,36.55,0.24
27.85,36.55,0.24
27.9,36.55,0.24
27.95,36.55,0.24
28.0,36.55,0.24
28.05,36.55,0.24
28.1,36.55,0.24
28.15,36.55,0.24
28.2,36.55,0.24
28.25,36.55,0.24
28.3,36.55,0.24
28.35,36.55,0.24
28.4,36.55,0.24
28.45,36.55,0.24
28.5,36.55,0.05
28.55,36.55,0.05
28.6,36.55,0.05
28.65,36.55,0.05
28.7,36.55,0.05
28.75,36.55,0.05
28.8,36.55,0.05
28.85,36.55,0.05
28.9,36.55,0.05
28.95,36.55,0.05
29.0,36.55,0.05
29.05,36.55,0.05
29.1,36.55,0.05
29.15,36.55,0.05
29.2,36.55,0.05
29.25,36.55,0.05
29.3,36.55,0.05
29.35,36.55,0.05
29.4,36.55,0.05
29.45,36.55,0.05
29.5,36.55,0.05
19.0,36.6,0.36
19.05,36.6,0.36
19.1,36.6,0.36
19.15,36.6,0.36
19.2,36.6,0.36
19.25,36.6,0.36
19.3,36.6,0.36
19.35,36.6,0.36
19.4,36.6,0.36
19.45,36.6,0.36
19.5,36.6,0.36
19.55,36.6,0.36
19.6,36.6,0.36
19.65,36.6,0.36
19.7,36.6,0.36
19.75,36.6,0.36
19.8,36.6,0.36
19.85,36.6,0.36
19.9,36.6,0.36
19.95,36.6,0.36
20.0,36.6,0.36
20.05,36.6,0.36
20.1,36.6,0.36
20.15,36.6,0.36
20.2,36.6,0.36
20.25,36.6,0.36
20.3,36.6,0.36
20.35,36.6,0.36
20.4,36.6,0.36
20.45,36.6,0.36
20.5,36.6,0.36
20.55,36.6,0.36
20.6,36.6,0.36
20.65,36.6,0.36
20.7,36.6,0.36
20.75,36.6,0.36
20.8,36.6,0.36
20.85,36.6,0.36
20.9,36.6,0.36
20.95,36.6,0.36
21.0,36.6,0.36
21.05,36.6,0.36
21.1,36.6,0.36
21.15,36.6,0.36
21.2,36.6,0.36
21.25,36.6,0.36
21.3,36.6,0.36
21.35,36.6,0.36
21.4,36.6,0.36
21.45,36.6,0.36
21.5,36.6,0.05
21.55,36.6,0.05
21.6,36.6,0.05
21.65,36.6,0.05
21.7,36.6,0.05
21.75,36.6,0.05
21.8,36.6,0.05
21.85,36.6,0.05
21.9,36.6,0.05
21.95,36.6,0.05
22.0,36.6,0.36
22.05,36.6,0.36
22.1,36.6,0.36
22.15,36.6,0.36
22.2,36.6,0.36
22.25,36.6,0.36
22.3,36.6,0.36
22.35,36.6,0.36
22.4,36.6,0.36
22.45,36.6,0.36
22.5,36.6,0.36
22.55,36.6,0.36
22.6,36.6,0.36
22.65,36.6,0.36
22.7,36.6,0.36
22.75,36.6,0.36
22.8,36.6,0.36
22.85,36.6,0.36
22.9,36.6,0.36
22.95,36.6,0.36
23.0,36.6,0.36
23.05,36.6,0.36
23.1,36.6,0.36
23.15,36.6,0.36
23.2,36.6,0.36
23.25,36.6,0.36
23.3,36.6,0.36
23.35,36.6,0.36
23.4,36.6,0.36
23.45,36.6,0.36
23.5,36.6,0.36
23.55,36.6,0.36
23.6,36.6,0.36
23.65,36.6,0.36
23.7,36.6,0.36
23.75,36.6,0.36
23.8,36.6,0.36
23.85,36.6,0.36
23.9,36.6,0.36
23.95,36.6,0.36
24.0,36.6,0.24
24.05,36.6,0.24
24.1,36.6,0.24
24.15,36.6,0.24
24.2,36.6,0.24
24.25,36.6,0.24
24.3,36.6,0.24
24.35,36.6,0.24
24.4,36.6,0.24
24.45,36.6,0.24
24.5,36.6,0.24
24.55,36.6,0.24
24.6,36.6,0.24
24.65,36.6,0.24
24.7,36.6,0.24
24.75,36.6,0.24
24.8,36.6,0.24
24.85,36.6,0.24
24.9,36.6,0.24
24.95,36.6,0.24
25.0,36.6,0.24
25.05,36.6,0.24
25.1,36.6,0.24
25.15,36.6,0.24
25.2,36.6,0.24
25.25,36.6,0.24
25.3,36.6,0.24
25.35,36.6,0.24
25.4,36.6,0.24
25.45,36.6,0.24
25.5,36.6,0.24
25.55,36.6,0.24
25.6,36.6,0.24
25.65,36.6,0.24
25.7,36.6,0.24
25.75,36.6,0.24
25.8,36.6,0.24
25.85,36.6,0.24
25.9,36.6,0.24
25.95,36.6,0.24
26.0,36.6,0.05
26.05,36.6,0.05
26.1,36.6,0.05
26.15,36.6,0.05
26.2,36.6,0.05
26.25,36.6,0.05
26.3,36.6,0.05
26.35,36.6,0.05
26.4,36.6,0.05
26.45,36.6,0.05
26.5,36.6,0.24
26.55,36.6,0.24
26.6,36.6,0.24
26.65,36.6,0.24
26.7,36.6,0.24
26.75,36.6,0.24
26.8,36.6,0.24
26.85,36.6,0.24
26.9,36.6,0.24
26.95,36.6,0.24
27.0,36.6,0.24
27.05,36.6,0.24
27.1,36.6,0.24
27.15,36.6,0.24
27.2,36.6,0.24
27.25,36.6,0.24
27.3,36.6,0.24
27.35,36.6,0.24
27.4,36.6,0.24
27.45,36.6,0.24
27.5,36.6,0.24
27.55,36.6,0.24
27.6,36.6,0.24
27.65,36.6,0.24
27.7,36.6,0.24
27.75,36.6,0.24
27.8,36.6,0.24
27.85,36.6,0.24
27.9,36.6,0.24
27.95,36.6,0.24
28.0,36.6,0.24
28.05,36.6,0.24
28.1,36.6,0.24
28.15,36.6,0.24
28.2,36.6,0.24
28.25,36.6,0.24
28.3,36.6,0.24
28.35,36.6,0.24
28.4,36.6,0.24
28.45,36.6,0.24
28.5,36.6,0.05
28.55,36.6,0.05
28.6,36.6,0.05
28.65,36.6,0.05
28.7,36.6,0.05
28.75,36.6,0.05
28.8,36.6,0.05
28.85,36.6,0.05
28.9,36.6,0.05
28.95,36.6,0.05
29.0,36.6,0.05
29.05,36.6,0.05
29.1,36.6,0.05
29.15,36.6,0.05
29.2,36.6,0.05
29.25,36.6,0.05
29.3,36.6,0.05
29.35,36.6,0.05
29.4,36.6,0.05
29.45,36.6,0.05
29.5,36.6,0.05
19.0,36.65,0.36
19.05,36.65,0.36
19.1,36.65,0.36
19.15,36.65,0.36
19.2,36.65,0.36
19.25,36.65,0.36
19.3,36.65,0.36
19.35,36.65,0.36
19.4,36.65,0.36
19.45,36.65,0.36
19.5,36.65,0.36
19.55,36.65,0.36
19.6,36.65,0.36
19.65,36.65,0.36
19.7,36.65,0.36
19.75,36.65,0.36
19.8,36.65,0.36
19.85,36.65,0.36
19.9,36.65,0.36
19.95,36.65,0.36
20.0,36.65,0.36
20.05,36.65,0.36
20.1,36.65,0.36
20.15,36.65,0.36
20.2,36.65,0.36
20.25,36.65,0.36
20.3,36.65,0.36
20.35,36.65,0.36
20.4,36.65,0.36
20.45,36.65,0.36
20.5,36.65,0.36
20.55,36.65,0.36
20.6,36.65,0.36
20.65,36.65,0.36
20.7,36.65,0.36
20.75,36.65,0.36
20.8,36.65,0.36
20.85,36.65,0.36
20.9,36.65,0.36
20.95,36.65,0.36
21.0,36.65,0.36
21.05,36.65,0.36
21.1,36.65,0.36
21.15,36.65,0.36
21.2,36.65,0.36
21.25,36.65,0.36
21.3,36.65,0.36
21.35,36.65,0.36
21.4,36.65,0.36
21.45,36.65,0.36
21.5,36.65,0.05
21.55,36.65,0.05
21.6,36.65,0.05
21.65,36.65,0.05
21.7,36.65,0.05
21.75,36.65,0.05
21.8,36.65,0.05
21.85,36.65,0.05
21.9,36.65,0.05
21.95,36.65,0.05
22.0,36.65,0.36
22.05,36.65,0.36
22.1,36.65,0.36
22.15,36.65,0.36
22.2,36.65,0.36
22.25,36.65,0.36
22.3,36.65,0.36
22.35,36.65,0.36
22.4,36.65,0.36
22.45,36.65,0.36
22.5,36.65,0.36
22.55,36.65,0.36
22.6,36.65,0.36
22.65,36.65,0.36
22.7,36.65,0.36
22.75,36.65,0.36
22.8,36.65,0.36
22.85,36.65,0.36
22.9,36.65,0.36
22.95,36.65,0.36
23.0,36.65,0.36
23.05,36.65,0.36
23.1,36.65,0.36
23.15,36.65,0.36
23.2,36.65,0.36
23.25,36.65,0.36
23.3,36.65,0.36
23.35,36.65,0.36
23.4,36.65,0.36
23.45,36.65,0.36
23.5,36.65,0.36
23.55,36.65,0.36
23.6,36.65,0.36
23.65,36.65,0.36
23.7,36.65,0.36
23.75,36.65,0.36
23.8,36.65,0.36
23.85,36.65,0.36
23.9,36.65,0.36
23.95,36.65,0.36
24.0,36.65,0.24
24.05,36.65,0.24
24.1,36.65,0.24
24.15,36.65,0.24
24.2,36.65,0.24
24.25,36.65,0.24
24.3,36.65,0.24
24.35,36.65,0.24
24.4,36.65,0.24
24.45,36.65,0.24
24.5,36.65,0.24
24.55,36.65,0.24
24.6,36.65,0.24
24.65,36.65,0.24
24.7,36.65,0.24
24.75,36.65,0.24
24.8,36.65,0.24
24.85,36.65,0.24
24.9,36.65,0.24
24.95,36.65,0.24
25.0,36.65,0.24
25.05,36.65,0.24
25.1,36.65,0.24
25.15,36.65,0.24
25.2,36.65,0.24
25.25,36.65,0.24
25.3,36.65,0.24
25.35,36.65,0.24
25.4,36.65,0.24
25.45,36.65,0.24
25.5,36.65,0.24
25.55,36.65,0.24
25.6,36.65,0.24
25.65,36.65,0.24
25.7,36.65,0.24
25.75,36.65,0.24
25.8,36.65,0.24
25.85,36.65,0.24
25.9,36.65,0.24
25.95,36.65,0.24
26.0,36.65,0.05
26.05,36.65,0.05
26.1,36.65,0.05
26.15,36.65,0.05
26.2,36.65,0.05
26.25,36.65,0.05
26.3,36.65,0.05
26.35,36.65,0.05
26.4,36.65,0.05
26.45,36.65,0.05
26.5,36.65,0.24
26.55,36.65,0.24
26.6,36.65,0.24
26.65,36.65,0.24
26.7,36.65,0.24
26.75,36.65,0.24
26.8,36.65,0.24
26.85,36.65,0.24
26.9,36.65,0.24
26.95,36.65,0.24
27.0,36.65,0.24
27.05,36.65,0.24
27.1,36.65,0.24
27.15,36.65,0.24
27.2,36.65,0.24
27.25,36.65,0.24
27.3,36.65,0.24
27.35,36.65,0.24
27.4,36.65,0.24
27.45,36.65,0.24
27.5,36.65,0.24
27.55,36.65,0.24
27.6,36.65,0.24
27.65,36.65,0.24
27.7,36.65,0.24
27.75,36.65,0.24
27.8,36.65,0.24
27.85,36.65,0.24
27.9,36.65,0.24
27.95,36.65,0.24
28.0,36.65,0.24
28.05,36.65,0.24
28.1,36.65,0.24
28.15,36.65,0.24
28.2,36.65,0.24
28.25,36.65,0.24
28.3,36.65,0.24
28.35,36.65,0.24
28.4,36.65,0.24
28.45,36.65,0.24
28.5,36.65,0.05
28.55,36.65,0.05
28.6,36.65,0.05
28.65,36.65,0.05
28.7,36.65,0.05
28.75,36.65,0.05
28.8,36.65,0.05
28.85,36.65,0.05
28.9,36.65,0.05
28.95,36.65,0.05
29.0,36.65,0.05
29.05,36.65,0.05
29.1,36.65,0.05
29.15,36.65,0.05
29.2,36.65,0.05
29.25,36.65,0.05
29.3,36.65,0.05
29.35,36.65,0.05
29.4,36.65,0.05
29.45,36.65,0.05
29.5,36.65,0.05
19.0,36.7,0.36
19.05,36.7,0.36
19.1,36.7,0.36
19.15,36.7,0.36
19.2,36.7,0.36
19.25,36.7,0.36
19.3,36.7,0.36
19.35,36.7,0.36
19.4,36.7,0.36
19.45,36.7,0.36
19.5,36.7,0.36
19.55,36.7,0.36
19.6,36.7,0.36
19.65,36.7,0.36
19.7,36.7,0.36
19.75,36.7,0.36
19.8,36.7,0.36
19.85,36.7,0.36
19.9,36.7,0.36
19.95,36.7,0.36
20.0,36.7,0.36
20.05,36.7,0.36
20.1,36.7,0.36
20.15,36.7,0.36
20.2,36.7,0.36
20.25,36.7,0.36
20.3,36.7,0.36
20.35,36.7,0.36
20.4,36.7,0.36
20.45,36.7,0.36
20.5,36.7,0.36
20.55,36.7,0.36
20.6,36.7,0.36
20.65,36.7,0.36
20.7,36.7,0.36
20.75,36.7,0.36
20.8,36.7,0.36
20.85,36.7,0.36
20.9,36.7,0.36
20.95,36.7,0.36
21.0,36.7,0.36
21.05,36.7,0.36
21.1,36.7,0.36
21.15,36.7,0.36
21.2,36.7,0.36
21.25,36.7,0.36
21.3,36.7,0.36
21.35,36.7,0.36
21.4,36.7,0.36
21.45,36.7,0.36
21.5,36.7,0.05
21.55,36.7,0.05
21.6,36.7,0.05
21.65,36.7,0.05
21.7,36.7,0.05
21.75,36.7,0.05
21.8,36.7,0.05
21.85,36.7,0.05
21.9,36.7,0.05
21.95,36.7,0.05
22.0,36.7,0.36
22.05,36.7,0.36
22.1,36.7,0.36
22.15,36.7,0.36
22.2,36.7,0.36
22.25,36.7,0.36
22.3,36.7,0.36
22.35,36.7,0.36
22.4,36.7,0.36
22.45,36.7,0.36
22.5,36.7,0.36
22.55,36.7,0.36
22.6,36.7,0.36
22.65,36.7,0.36
22.7,36.7,0.36
22.75,36.7,0.36
22.8,36.7,0.36
22.85,36.7,0.36
22.9,36.7,0.36
22.95,36.7,0.36
23.0,36.7,0.36
23.05,36.7,0.36
23.1,36.7,0.36
23.15,36.7,0.36
23.2,36.7,0.36
23.25,36.7,0.36
23.3,36.7,0.36
23.35,36.7,0.36
23.4,36.7,0.36
23.45,36.7,0.36
23.5,36.7,0.36
23.55,36.7,0.36
23.6,36.7,0.36
23.65,36.7,0.36
23.7,36.7,0.36
23.75,36.7,0.36
23.8,36.7,0.36
23.85,36.7,0.36
23.9,36.7,0.36
23.95,36.7,0.36
24.0,36.7,0.24
24.05,36.7,0.24
24.1,36.7,0.24
24.15,36.7,0.24
24.2,36.7,0.24
24.25,36.7,0.24
24.3,36.7,0.24
24.35,36.7,0.24
24.4,36.7,0.24
24.45,36.7,0.24
24.5,36.7,0.24
24.55,36.7,0.24
24.6,36.7,0.24
24.65,36.7,0.24
24.7,36.7,0.24
24.75,36.7,0.24
24.8,36.7,0.24
24.85,36.7,0.24
24.9,36.7,0.24
24.95,36.7,0.24
25.0,36.7,0.24
25.05,36.7,0.24
25.1,36.7,0.24
25.15,36.7,0.24
25.2,36.7,0.24
25.25,36.7,0.24
25.3,36.7,0.24
25.35,36.7,0.24
25.4,36.7,0.24
25.45,36.7,0.24
25.5,36.7,0.24
25.55,36.7,0.24
25.6,36.7,0.24
25.65,36.7,0.24
25.7,36.7,0.24
25.75,36.7,0.24
25.8,36.7,0.24
25.85,36.7,0.24
25.9,36.7,0.24
25.95,36.7,0.24
26.0,36.7,0.05
26.05,36.7,0.05
26.1,36.7,0.05
26.15,36.7,0.05
26.2,36.7,0.05
26.25,36.7,0.05
26.3,36.7,0.05
26.35,36.7,0.05
26.4,36.7,0.05
26.45,36.7,0.05
26.5,36.7,0.24
26.55,36.7,0.24
26.6,36.7,0.24
26.65,36.7,0.24
26.7,36.7,0.24
26.75,36.7,0.24
26.8,36.7,0.24
26.85,36.7,0.24
26.9,36.7,0.24
26.95,36.7,0.24
27.0,36.7,0.24
27.05,36.7,0.24
27.1,36.7,0.24
27.15,36.7,0.24
27.2,36.7,0.24
27.25,36.7,0.24
27.3,36.7,0.24
27.35,36.7,0.24
27.4,36.7,0.24
27.45,36.7,0.24
27.5,36.7,0.24
27.55,36.7,0.24
27.6,36.7,0.24
27.65,36.7,0.24
27.7,36.7,0.24
27.75,36.7,0.24
27.8,36.7,0.24
27.85,36.7,0.24
27.9,36.7,0.24
27.95,36.7,0.24
28.0,36.7,0.24
28.05,36.7,0.24
28.1,36.7,0.24
28.15,36.7,0.24
28.2,36.7,0.24
28.25,36.7,0.24
28.3,36.7,0.24
28.35,36.7,0.24
28.4,36.7,0.24
28.45,36.7,0.24
28.5,36.7,0.05
28.55,36.7,0.05
28.6,36.7,0.05
28.65,36.7,0.05
28.7,36.7,0.05
28.75,36.7,0.05
28.8,36.7,0.05
28.85,36.7,0.05
28.9,36.7,0.05
28.95,36.7,0.05
29.0,36.7,0.05
29.05,36.7,0.05
29.1,36.7,0.05
29.15,36.7,0.05
29.2,36.7,0.05
29.25,36.7,0.05
29.3,36.7,0.05
29.35,36.7,0.05
29.4,36.7,0.05
29.45,36.7,0.05
29.5,36.7,0.05
19.0,36.75,0.36
19.05,36.75,0.36
19.1,36.75,0.36
19.15,36.75,0.36
19.2,36.75,0.36
19.25,36.75,0.36
19.3,36.75,0.36
19.35,36.75,0.36
19.4,36.75,0.36
19.45,36.75,0.36
19.5,36.75,0.36
19.55,36.75,0.36
19.6,36.75,0.36
19.65,36.75,0.36
19.7,36.75,0.36
19.75,36.75,0.36
19.8,36.75,0.36
19.85,36.75,0.36
19.9,36.75,0.36
19.95,36.75,0.36
20.0,36.75,0.36
20.05,36.75,0.36
20.1,36.75,0.36
20.15,36.75,0.36
20.2,36.75,0.36
20.25,36.75,0.36
20.3,36.75,0.36
20.35,36.75,0.36
20.4,36.75,0.36
20.45,36.75,0.36
20.5,36.75,0.36
20.55,36.75,0.36
20.6,36.75,0.36
20.65,36.75,0.36
20.7,36.75,0.36
20.75,36.75,0.36
20.8,36.75,0.36
20.85,36.75,0.36
20.9,36.75,0.36
20.95,36.75,0.36
21.0,36.75,0.36
21.05,36.75,0.36
21.1,36.75,0.36
21.15,36.75,0.36
21.2,36.75,0.36
21.25,36.75,0.36
21.3,36.75,0.36
21.35,36.75,0.36
21.4,36.75,0.36
21.45,36.75,0.36
21.5,36.75,0.05
21.55,36.75,0.05
21.6,36.75,0.05
21.65,36.75,0.05
21.7,36.75,0.05
21.75,36.75,0.05
21.8,36.75,0.05
21.85,36.75,0.05
21.9,36.75,0.05
21.95,36.75,0.05
22.0,36.75,0.36
22.05,36.75,0.36
22.1,36.75,0.36
22.15,36.75,0.36
22.2,36.75,0.36
22.25,36.75,0.36
22.3,36.75,0.36
22.35,36.75,0.36
22.4,36.75,0.36
22.45,36.75,0.36
22.5,36.75,0.36
22.55,36.75,0.36
22.6,36.75,0.36
22.65,36.75,0.36
22.7,36.75,0.36
22.75,36.75,0.36
22.8,36.75,0.36
22.85,36.75,0.36
22.9,36.75,0.36
22.95,36.75,0.36
23.0,36.75,0.36
23.05,36.75,0.36
23.1,36.75,0.36
23.15,36.75,0.36
23.2,36.75,0.36
23.25,36.75,0.36
23.3,36.75,0.36
23.35,36.75,0.36
23.4,36.75,0.36
23.45,36.75,0.36
23.5,36.75,0.36
23.55,36.75,0.36
23.6,36.75,0.36
23.65,36.75,0.36
23.7,36.75,0.36
23.75,36.75,0.36
23.8,36.75,0.36
23.85,36.75,0.36
23.9,36.75,0.36
23.95,36.75,0.36
24.0,36.75,0.24
24.05,36.75,0.24
24.1,36.75,0.24
24.15,36.75,0.24
24.2,36.75,0.24
24.25,36.75,0.24
24.3,36.75,0.24
24.35,36.75,0.24
24.4,36.75,0.24
24.45,36.75,0.24
24.5,36.75,0.24
24.55,36.75,0.24
24.6,36.75,0.24
24.65,36.75,0.24
24.7,36.75,0.24
24.75,36.75,0.24
24.8,36.75,0.24
24.85,36.75,0.24
24.9,36.75,0.24
24.95,36.75,0.24
25.0,36.75,0.24
25.05,36.75,0.24
25.1,36.75,0.24
25.15,36.75,0.24
25.2,36.75,0.24
25.25,36.75,0.24
25.3,36.75,0.24
25.35,36.75,0.24
25.4,36.75,0.24
25.45,36.75,0.24
25.5,36.75,0.24
25.55,36.75,0.24
25.6,36.75,0.24
25.65,36.75,0.24
25.7,36.75,0.24
25.75,36.75,0.24
25.8,36.75,0.24
25.85,36.75,0.24
25.9,36.75,0.24
25.95,36.75,0.24
26.0,36.75,0.05
26.05,36.75,0.05
26.1,36.75,0.05
26.15,36.75,0.05
26.2,36.75,0.05
26.25,36.75,0.05
26.3,36.75,0.05
26.35,36.75,0.05
26.4,36.75,0.05
26.45,36.75,0.05
26.5,36.75,0.24
26.55,36.75,0.24
26.6,36.75,0.24
26.65,36.75,0.24
26.7,36.75,0.24
26.75,36.75,0.24
26.8,36.75,0.24
26.85,36.75,0.24
26.9,36.75,0.24
26.95,36.75,0.24
27.0,36.75,0.24
27.05,36.75,0.24
27.1,36.75,0.24
27.15,36.75,0.24
27.2,36.75,0.24
27.25,36.75,0.24
27.3,36.75,0.24
27.35,36.75,0.24
27.4,36.75,0.24
27.45,36.75,0.24
27.5,36.75,0.24
27.55,36.75,0.24
27.6,36.75,0.24
27.65,36.75,0.24
27.7,36.75,0.24
27.75,36.75,0.24
27.8,36.75,0.24
27.85,36.75,0.24
27.9,36.75,0.24
27.95,36.75,0.24
28.0,36.75,0.24
28.05,36.75,0.24
28.1,36.75,0.24
28.15,36.75,0.24
28.2,36.75,0.24
28.25,36.75,0.24
28.3,36.75,0.24
28.35,36.75,0.24
28.4,36.75,0.24
28.45,36.75,0.24
28.5,36.75,0.05
28.55,36.75,0.05
28.6,36.75,0.05
28.65,36.75,0.05
28.7,36.75,0.05
28.75,36.75,0.05
28.8,36.75,0.05
28.85,36.75,0.05
28.9,36.75,0.05
28.95,36.75,0.05
29.0,36.75,0.05
29.05,36.75,0.05
29.1,36.75,0.05
29.15,36.75,0.05
29.2,36.75,0.05
29.25,36.75,0.05
29.3,36.75,0.05
29.35,36.75,0.05
29.4,36.75,0.05
29.45,36.75,0.05
29.5,36.75,0.05
19.0,36.8,0.36
19.05,36.8,0.36
19.1,36.8,0.36
19.15,36.8,0.36
19.2,36.8,0.36
19.25,36.8,0.36
19.3,36.8,0.36
19.35,36.8,0.36
19.4,36.8,0.36
19.45,36.8,0.36
19.5,36.8,0.36
19.55,36.8,0.36
19.6,36.8,0.36
19.65,36.8,0.36
19.7,36.8,0.36
19.75,36.8,0.36
19.8,36.8,0.36
19.85,36.8,0.36
19.9,36.8,0.36
19.95,36.8,0.36
20.0,36.8,0.36
20.05,36.8,0.36
20.1,36.8,0.36
20.15,36.8,0.36
20.2,36.8,0.36
20.25,36.8,0.36
20.3,36.8,0.36
20.35,36.8,0.36
20.4,36.8,0.36
20.45,36.8,0.36
20.5,36.8,0.36
20.55,36.8,0.36
20.6,36.8,0.36
20.65,36.8,0.36
20.7,36.8,0.36
20.75,36.8,0.36
20.8,36.8,0.36
20.85,36.8,0.36
20.9,36.8,0.36
20.95,36.8,0.36
21.0,36.8,0.36
21.05,36.8,0.36
21.1,36.8,0.36
21.15,36.8,0.36
21.2,36.8,0.36
21.25,36.8,0.36
21.3,36.8,0.36
21.35,36.8,0.36
21.4,36.8,0.36
21.45,36.8,0.36
21.5,36.8,0.05
21.55,36.8,0.05
21.6,36.8,0.05
21.65,36.8,0.05
21.7,36.8,0.05
21.75,36.8,0.05
21.8,36.8,0.05
21.85,36.8,0.05
21.9,36.8,0.05
21.95,36.8,0.05
22.0,36.8,0.36
22.05,36.8,0.36
22.1,36.8,0.36
22.15,36.8,0.36
22.2,36.8,0.36
22.25,36.8,0.36
22.3,36.8,0.36
22.35,36.8,0.36
22.4,36.8,0.36
22.45,36.8,0.36
22.5,36.8,0.36
22.55,36.8,0.36
22.6,36.8,0.36
22.65,36.8,0.36
22.7,36.8,0.36
22.75,36.8,0.36
22.8,36.8,0.36
22.85,36.8,0.36
22.9,36.8,0.36
22.95,36.8,0.36
23.0,36.8,0.36
23.05,36.8,0.36
23.1,36.8,0.36
23.15,36.8,0.36
23.2,36.8,0.36
23.25,36.8,0.36
23.3,36.8,0.36
23.35,36.8,0.36
23.4,36.8,0.36
23.45,36.8,0.36
23.5,36.8,0.36
23.55,36.8,0.36
23.6,36.8,0.36
23.65,36.8,0.36
23.7,36.8,0.36
23.75,36.8,0.36
23.8,36.8,0.36
23.85,36.8,0.36
23.9,36.8,0.36
23.95,36.8,0.36
24.0,36.8,0.24
24.05,36.8,0.24
24.1,36.8,0.24
24.15,36.8,0.24
24.2,36.8,0.24
24.25,36.8,0.24
24.3,36.8,0.24
24.35,36.8,0.24
24.4,36.8,0.24
24.45,36.8,0.24
24.5,36.8,0.24
24.55,36.8,0.24
24.6,36.8,0.24
24.65,36.8,0.24
24.7,36.8,0.24
24.75,36.8,0.24
24.8,36.8,0.24
24.85,36.8,0.24
24.9,36.8,0.24
24.95,36.8,0.24
25.0,36.8,0.24
25.05,36.8,0.24
25.1,36.8,0.24
25.15,36.8,0.24
25.2,36.8,0.24
25.25,36.8,0.24
25.3,36.8,0.24
25.35,36.8,0.24
25.4,36.8,0.24
25.45,36.8,0.24
25.5,36.8,0.24
25.55,36.8,0.24
25.6,36.8,0.24
25.65,36.8,0.24
25.7,36.8,0.24
25.75,36.8,0.24
25.8,36.8,0.24
25.85,36.8,0.24
25.9,36.8,0.24
25.95,36.8,0.24
26.0,36.8,0.05
26.05,36.8,0.05
26.1,36.8,0.05
26.15,36.8,0.05
26.2,36.8,0.05
26.25,36.8,0.05
26.3,36.8,0.05
26.35,36.8,0.05
26.4,36.8,0.05
26.45,36.8,0.05
26.5,36.8,0.24
26.55,36.8,0.24
26.6,36.8,0.24
26.65,36.8,0.24
26.7,36.8,0.24
26.75,36.8,0.24
26.8,36.8,0.24
26.85,36.8,0.24
26.9,36.8,0.24
26.95,36.8,0.24
27.0,36.8,0.24
27.05,36.8,0.24
27.1,36.8,0.24
27.15,36.8,0.24
27.2,36.8,0.24
27.25,36.8,0.24
27.3,36.8,0.24
27.35,36.8,0.24
27.4,36.8,0.24
27.45,36.8,0.24
27.5,36.8,0.24
27.55,36.8,0.24
27.6,36.8,0.24
27.65,36.8,0.24
27.7,36.8,0.24
27.75,36.8,0.24
27.8,36.8,0.24
27.85,36.8,0.24
27.9,36.8,0.24
27.95,36.8,0.24
28.0,36.8,0.24
28.05,36.8,0.24
28.1,36.8,0.24
28.15,36.8,0.24
28.2,36.8,0.24
28.25,36.8,0.24
28.3,36.8,0.24
28.35,36.8,0.24
28.4,36.8,0.24
28.45,36.8,0.24
28.5,36.8,0.05
28.55,36.8,0.05
28.6,36.8,0.05
28.65,36.8,0.05
28.7,36.8,0.05
28.75,36.8,0.05
28.8,36.8,0.05
28.85,36.8,0.05
28.9,36.8,0.05
28.95,36.8,0.05
29.0,36.8,0.05
29.05,36.8,0.05
29.1,36.8,0.05
29.15,36.8,0.05
29.2,36.8,0.05
29.25,36.8,0.05
29.3,36.8,0.05
29.35,36.8,0.05
29.4,36.8,0.05
29.45,36.8,0.05
29.5,36.8,0.05
19.0,36.85,0.36
19.05,36.85,0.36
19.1,36.85,0.36
19.15,36.85,0.36
19.2,36.85,0.36
19.25,36.85,0.36
19.3,36.85,0.36
19.35,36.85,0.36
19.4,36.85,0.36
19.45,36.85,0.36
19.5,36.85,0.36
19.55,36.85,0.36
19.6,36.85,0.36
19.65,36.85,0.36
19.7,36.85,0.36
19.75,36.85,0.36
19.8,36.85,0.36
19.85,36.85,0.36
19.9,36.85,0.36
19.95,36.85,0.36
20.0,36.85,0.36
20.05,36.85,0.36
20.1,36.85,0.36
20.15,36.85,0.36
20.2,36.85,0.36
20.25,36.85,0.36
20.3,36.85,0.36
20.35,36.85,0.36
20.4,36.85,0.36
20.45,36.85,0.36
20.5,36.85,0.36
20.55,36.85,0.36
20.6,36.85,0.36
20.65,36.85,0.36
20.7,36.85,0.36
20.75,36.85,0.36
20.8,36.85,0.36
20.85,36.85,0.36
20.9,36.85,0.36
20.95,36.85,0.36
21.0,36.85,0.36
21.05,36.85,0.36
21.1,36.85,0.36
21.15,36.85,0.36
21.2,36.85,0.36
21.25,36.85,0.36
21.3,36.85,0.36
21.35,36.85,0.36
21.4,36.85,0.36
21.45,36.85,0.36
21.5,36.85,0.05
21.55,36.85,0.05
21.6,36.85,0.05
21.65,36.85,0.05
21.7,36.85,0.05
21.75,36.85,0.05
21.8,36.85,0.05
21.85,36.85,0.05
21.9,36.85,0.05
21.95,36.85,0.05
22.0,36.85,0.36
22.05,36.85,0.36
22.1,36.85,0.36
22.15,36.85,0.36
22.2,36.85,0.36
22.25,36.85,0.36
22.3,36.85,0.36
22.35,36.85,0.36
22.4,36.85,0.36
22.45,36.85,0.36
22.5,36.85,0.36
22.55,36.85,0.36
22.6,36.85,0.36
22.65,36.85,0.36
22.7,36.85,0.36
22.75,36.85,0.36
22.8,36.85,0.36
22.85,36.85,0.36
22.9,36.85,0.36
22.95,36.85,0.36
23.0,36.85,0.36
23.05,36.85,0.36
23.1,36.85,0.36
23.15,36.85,0.36
23.2,36.85,0.36
23.25,36.85,0.36
23.3,36.85,0.36
23.35,36.85,0.36
23.4,36.85,0.36
23.45,36.85,0.36
23.5,36.85,0.36
23.55,36.85,0.36
23.6,36.85,0.36
23.65,36.85,0.36
23.7,36.85,0.36
23.75,36.85,0.36
23.8,36.85,0.36
23.85,36.85,0.36
23.9,36.85,0.36
23.95,36.85,0.36
24.0,36.85,0.24
24.05,36.85,0.24
24.1,36.85,0.24
24.15,36.85,0.24
24.2,36.85,0.24
24.25,36.85,0.24
24.3,36.85,0.24
24.35,36.85,0.24
24.4,36.85,0.24
24.45,36.85,0.24
24.5,36.85,0.24
24.55,36.85,0.24
24.6,36.85,0.24
24.65,36.85,0.24
24.7,36.85,0.24
24.75,36.85,0.24
24.8,36.85,0.24
24.85,36.85,0.24
24.9,36.85,0.24
24.95,36.85,0.24
25.0,36.85,0.24
25.05,36.85,0.24
25.1,36.85,0.24
25.15,36.85,0.24
25.2,36.85,0.24
25.25,36.85,0.24
25.3,36.85,0.24
25.35,36.85,0.24
25.4,36.85,0.24
25.45,36.85,0.24
25.5,36.85,0.24
25.55,36.85,0.24
25.6,36.85,0.24
25.65,36.85,0.24
25.7,36.85,0.24
25.75,36.85,0.24
25.8,36.85,0.24
25.85,36.85,0.24
25.9,36.85,0.24
25.95,36.85,0.24
26.0,36.85,0.05
26.05,36.85,0.05
26.1,36.85,0.05
26.15,36.85,0.05
26.2,36.85,0.05
26.25,36.85,0.05
26.3,36.85,0.05
26.35,36.85,0.05
26.4,36.85,0.05
26.45,36.85,0.05
26.5,36.85,0.24
26.55,36.85,0.24
26.6,36.85,0.24
26.65,36.85,0.24
26.7,36.85,0.24
26.75,36.85,0.24
26.8,36.85,0.24
26.85,36.85,0.24
26.9,36.85,0.24
26.95,36.85,0.24
27.0,36.85,0.24
27.05,36.85,0.24
27.1,36.85,0.24
27.15,36.85,0.24
27.2,36.85,0.24
27.25,36.85,0.24
27.3,36.85,0.24
27.35,36.85,0.24
27.4,36.85,0.24
27.45,36.85,0.24
27.5,36.85,0.24
27.55,36.85,0.24
27.6,36.85,0.24
27.65,36.85,0.24
27.7,36.85,0.24
27.75,36.85,0.24
27.8,36.85,0.24
27.85,36.85,0.24
27.9,36.85,0.24
27.95,36.85,0.24
28.0,36.85,0.24
28.05,36.85,0.24
28.1,36.85,0.24
28.15,36.85,0.24
28.2,36.85,0.24
28.25,36.85,0.24
28.3,36.85,0.24
28.35,36.85,0.24
28.4,36.85,0.24
28.45,36.85,0.24
28.5,36.85,0.05
28.55,36.85,0.05
28.6,36.85,0.05
28.65,36.85,0.05
28.7,36.85,0.05
28.75,36.85,0.05
28.8,36.85,0.05
28.85,36.85,0.05
28.9,36.85,0.05
28.95,36.85,0.05
29.0,36.85,0.05
29.05,36.85,0.05
29.1,36.85,0.05
29.15,36.85,0.05
29.2,36.85,0.05
29.25,36.85,0.05
29.3,36.85,0.05
29.35,36.85,0.05
29.4,36.85,0.05
29.45,36.85,0.05
29.5,36.85,0.05
19.0,36.9,0.36
19.05,36.9,0.36
19.1,36.9,0.36
19.15,36.9,0.36
19.2,36.9,0.36
19.25,36.9,0.36
19.3,36.9,0.36
19.35,36.9,0.36
19.4,36.9,0.36
19.45,36.9,0.36
19.5,36.9,0.36
19.55,36.9,0.36
19.6,36.9,0.36
19.65,36.9,0.36
19.7,36.9,0.36
19.75,36.9,0.36
19.8,36.9,0.36
19.85,36.9,0.36
19.9,36.9,0.36
19.95,36.9,0.36
20.0,36.9,0.36
20.05,36.9,0.36
20.1,36.9,0.36
20.15,36.9,0.36
20.2,36.9,0.36
20.25,36.9,0.36
20.3,36.9,0.36
20.35,36.9,0.36
20.4,36.9,0.36
20.45,36.9,0.36
20.5,36.9,0.36
20.55,36.9,0.36
20.6,36.9,0.36
20.65,36.9,0.36
20.7,36.9,0.36
20.75,36.9,0.36
20.8,36.9,0.36
20.85,36.9,0.36
20.9,36.9,0.36
20.95,36.9,0.36
21.0,36.9,0.36
21.05,36.9,0.36
21.1,36.9,0.36
21.15,36.9,0.36
21.2,36.9,0.36
21.25,36.9,0.36
21.3,36.9,0.36
21.35,36.9,0.36
21.4,36.9,0.36
21.45,36.9,0.36
21.5,36.9,0.05
21.55,36.9,0.05
21.6,36.9,0.05
21.65,36.9,0.05
21.7,36.9,0.05
21.75,36.9,0.05
21.8,36.9,0.05
21.85,36.9,0.05
21.9,36.9,0.05
21.95,36.9,0.05
22.0,36.9,0.36
22.05,36.9,0.36
22.1,36.9,0.36
22.15,36.9,0.36
22.2,36.9,0.36
22.25,36.9,0.36
22.3,36.9,0.36
22.35,36.9,0.36
22.4,36.9,0.36
22.45,36.9,0.36
22.5,36.9,0.36
22.55,36.9,0.36
22.6,36.9,0.36
22.65,36.9,0.36
22.7,36.9,0.36
22.75,36.9,0.36
22.8,36.9,0.36
22.85,36.9,0.36
22.9,36.9,0.36
22.95,36.9,0.36
23.0,36.9,0.36
23.05,36.9,0.36
23.1,36.9,0.36
23.15,36.9,0.36
23.2,36.9,0.36
23.25,36.9,0.36
23.3,36.9,0.36
23.35,36.9,0.36
23.4,36.9,0.36
23.45,36.9,0.36
23.5,36.9,0.36
23.55,36.9,0.36
23.6,36.9,0.36
23.65,36.9,0.36
23.7,36.9,0.36
23.75,36.9,0.36
23.8,36.9,0.36
23.85,36.9,0.36
23.9,36.9,0.36
23.95,36.9,0.36
24.0,36.9,0.24
24.05,36.9,0.24
24.1,36.9,0.24
24.15,36.9,0.24
24.2,36.9,0.24
24.25,36.9,0.24
24.3,36.9,0.24
24.35,36.9,0.24
24.4,36.9,0.24
24.45,36.9,0.24
24.5,36.9,0.24
24.55,36.9,0.24
24.6,36.9,0.24
24.65,36.9,0.24
24.7,36.9,0.24
24.75,36.9,0.24
24.8,36.9,0.24
24.85,36.9,0.24
24.9,36.9,0.24
24.95,36.9,0.24
25.0,36.9,0.24
25.05,36.9,0.24
25.1,36.9,0.24
25.15,36.9,0.24
25.2,36.9,0.24
25.25,36.9,0.24
25.3,36.9,0.24
25.35,36.9,0.24
25.4,36.9,0.24
25.45,36.9,0.24
25.5,36.9,0.24
25.55,36.9,0.24
25.6,36.9,0.24
25.65,36.9,0.24
25.7,36.9,0.24
25.75,36.9,0.24
25.8,36.9,0.24
25.85,36.9,0.24
25.9,36.9,0.24
25.95,36.9,0.24
26.0,36.9,0.05
26.05,36.9,0.05
26.1,36.9,0.05
26.15,36.9,0.05
26.2,36.9,0.05
26.25,36.9,0.05
26.3,36.9,0.05
26.35,36.9,0.05
26.4,36.9,0.05
26.45,36.9,0.05
26.5,36.9,0.24
26.55,36.9,0.24
26.6,36.9,0.24
26.65,36.9,0.24
26.7,36.9,0.24
26.75,36.9,0.24
26.8,36.9,0.24
26.85,36.9,0.24
26.9,36.9,0.24
26.95,36.9,0.24
27.0,36.9,0.24
27.05,36.9,0.24
27.1,36.9,0.24
27.15,36.9,0.24
27.2,36.9,0.24
27.25,36.9,0.24
27.3,36.9,0.24
27.35,36.9,0.24
27.4,36.9,0.24
27.45,36.9,0.24
27.5,36.9,0.24
27.55,36.9,0.24
27.6,36.9,0.24
27.65,36.9,0.24
27.7,36.9,0.24
27.75,36.9,0.24
27.8,36.9,0.24
27.85,36.9,0.24
27.9,36.9,0.24
27.95,36.9,0.24
28.0,36.9,0.24
28.05,36.9,0.24
28.1,36.9,0.24
28.15,36.9,0.24
28.2,36.9,0.24
28.25,36.9,0.24
28.3,36.9,0.24
28.35,36.9,0.24
28.4,36.9,0.24
28.45,36.9,0.24
28.5,36.9,0.05
28.55,36.9,0.05
28.6,36.9,0.05
28.65,36.9,0.05
28.7,36.9,0.05
28.75,36.9,0.05
28.8,36.9,0.05
28.85,36.9,0.05
28.9,36.9,0.05
28.95,36.9,0.05
29.0,36.9,0.05
29.05,36.9,0.05
29.1,36.9,0.05
29.15,36.9,0.05
29.2,36.9,0.05
29.25,36.9,0.05
29.3,36.9,0.05
29.35,36.9,0.05
29.4,36.9,0.05
29.45,36.9,0.05
29.5,36.9,0.05
19.0,36.95,0.36
19.05,36.95,0.36
19.1,36.95,0.36
19.15,36.95,0.36
19.2,36.95,0.36
19.25,36.95,0.36
19.3,36.95,0.36
19.35,36.95,0.36
19.4,36.95,0.36
19.45,36.95,0.36
19.5,36.95,0.36
19.55,36.95,0.36
19.6,36.95,0.36
19.65,36.95,0.36
19.7,36.95,0.36
19.75,36.95,0.36
19.8,36.95,0.36
19.85,36.95,0.36
19.9,36.95,0.36
19.95,36.95,0.36
20.0,36.95,0.36
20.05,36.95,0.36
20.1,36.95,0.36
20.15,36.95,0.36
20.2,36.95,0.36
20.25,36.95,0.36
20.3,36.95,0.36
20.35,36.95,0.36
20.4,36.95,0.36
20.45,36.95,0.36
20.5,36.95,0.36
20.55,36.95,0.36
20.6,36.95,0.36
20.65,36.95,0.36
20.7,36.95,0.36
20.75,36.95,0.36
20.8,36.95,0.36
20.85,36.95,0.36
20.9,36.95,0.36
20.95,36.95,0.36
21.0,36.95,0.36
21.05,36.95,0.36
21.1,36.95,0.36
21.15,36.95,0.36
21.2,36.95,0.36
21.25,36.95,0.36
21.3,36.95,0.36
21.35,36.95,0.36
21.4,36.95,0.36
21.45,36.95,0.36
21.5,36.95,0.05
21.55,36.95,0.05
21.6,36.95,0.05
21.65,36.95,0.05
21.7,36.95,0.05
21.75,36.95,0.05
21.8,36.95,0.05
21.85,36.95,0.05
21.9,36.95,0.05
21.95,36.95,0.05
22.0,36.95,0.36
22.05,36.95,0.36
22.1,36.95,0.36
22.15,36.95,0.36
22.2,36.95,0.36
22.25,36.95,0.36
22.3,36.95,0.36
22.35,36.95,0.36
22.4,36.95,0.36
22.45,36.95,0.36
22.5,36.95,0.36
22.55,36.95,0.36
22.6,36.95,0.36
22.65,36.95,0.36
22.7,36.95,0.36
22.75,36.95,0.36
22.8,36.95,0.36
22.85,36.95,0.36
22.9,36.95,0.36
22.95,36.95,0.36
23.0,36.95,0.36
23.05,36.95,0.36
23.1,36.95,0.36
23.15,36.95,0.36
23.2,36.95,0.36
23.25,36.95,0.36
23.3,36.95,0.36
23.35,36.95,0.36
23.4,36.95,0.36
23.45,36.95,0.36
23.5,36.95,0.36
23.55,36.95,0.36
23.6,36.95,0.36
23.65,36.95,0.36
23.7,36.95,0.36
23.75,36.95,0.36
23.8,36.95,0.36
23.85,36.95,0.36
23.9,36.95,0.36
23.95,36.95,0.36
24.0,36.95,0.24
24.05,36.95,0.24
24.1,36.95,0.24
24.15,36.95,0.24
24.2,36.95,0.24
24.25,36.95,0.24
24.3,36.95,0.24
24.35,36.95,0.24
24.4,36.95,0.24
24.45,36.95,0.24
24.5,36.95,0.24
24.55,36.95,0.24
24.6,36.95,0.24
24.65,36.95,0.24
24.7,36.95,0.24
24.75,36.95,0.24
24.8,36.95,0.24
24.85,36.95,0.24
24.9,36.95,0.24
24.95,36.95,0.24
25.0,36.95,0.24
25.05,36.95,0.24
25.1,36.95,0.24
25.15,36.95,0.24
25.2,36.95,0.24
25.25,36.95,0.24
25.3,36.95,0.24
25.35,36.95,0.24
25.4,36.95,0.24
25.45,36.95,0.24
25.5,36.95,0.24
25.55,36.95,0.24
25.6,36.95,0.24
25.65,36.95,0.24
25.7,36.95,0.24
25.75,36.95,0.24
25.8,36.95,0.24
25.85,36.95,0.24
25.9,36.95,0.24
25.95,36.95,0.24
26.0,36.95,0.05
26.05,36.95,0.05
26.1,36.95,0.05
26.15,36.95,0.05
26.2,36.95,0.05
26.25,36.95,0.05
26.3,36.95,0.05
26.35,36.95,0.05
26.4,36.95,0.05
26.45,36.95,0.05
26.5,36.95,0.24
26.55,36.95,0.24
26.6,36.95,0.24
26.65,36.95,0.24
26.7,36.95,0.24
26.75,36.95,0.24
26.8,36.95,0.24
26.85,36.95,0.24
26.9,36.95,0.24
26.95,36.95,0.24
27.0,36.95,0.24
27.05,36.95,0.24
27.1,36.95,0.24
27.15,36.95,0.24
27.2,36.95,0.24
27.25,36.95,0.24
27.3,36.95,0.24
27.35,36.95,0.24
27.4,36.95,0.24
27.45,36.95,0.24
27.5,36.95,0.24
27.55,36.95,0.24
27.6,36.95,0.24
27.65,36.95,0.24
27.7,36.95,0.24
27.75,36.95,0.24
27.8,36.95,0.24
27.85,36.95,0.24
27.9,36.95,0.24
27.95,36.95,0.24
28.0,36.95,0.24
28.05,36.95,0.24
28.1,36.95,0.24
28.15,36.95,0.24
28.2,36.95,0.24
28.25,36.95,0.24
28.3,36.95,0.24
28.35,36.95,0.24
28.4,36.95,0.24
28.45,36.95,0.24
28.5,36.95,0.05
28.55,36.95,0.05
28.6,36.95,0.05
28.65,36.95,0.05
28.7,36.95,0.05
28.75,36.95,0.05
28.8,36.95,0.05
28.85,36.95,0.05
28.9,36.95,0.05
28.95,36.95,0.05
29.0,36.95,0.05
29.05,36.95,0.05
29.1,36.95,0.05
29.15,36.95,0.05
29.2,36.95,0.05
29.25,36.95,0.05
29.3,36.95,0.05
29.35,36.95,0.05
29.4,36.95,0.05
29.45,36.95,0.05
29.5,36.95,0.05
19.0,37.0,0.36
19.05,37.0,0.36
19.1,37.0,0.36
19.15,37.0,0.36
19.2,37.0,0.36
19.25,37.0,0.36
19.3,37.0,0.36
19.35,37.0,0.36
19.4,37.0,0.36
19.45,37.0,0.36
19.5,37.0,0.36
19.55,37.0,0.36
19.6,37.0,0.36
19.65,37.0,0.36
19.7,37.0,0.36
19.75,37.0,0.36
19.8,37.0,0.36
19.85,37.0,0.36
19.9,37.0,0.36
19.95,37.0,0.36
20.0,37.0,0.36
20.05,37.0,0.36
20.1,37.0,0.36
20.15,37.0,0.36
20.2,37.0,0.36
20.25,37.0,0.36
20.3,37.0,0.36
20.35,37.0,0.36
20.4,37.0,0.36
20.45,37.0,0.36
20.5,37.0,0.36
20.55,37.0,0.36
20.6,37.0,0.36
20.65,37.0,0.36
20.7,37.0,0.36
20.75,37.0,0.36
20.8,37.0,0.36
20.85,37.0,0.36
20.9,37.0,0.36
20.95,37.0,0.36
21.0,37.0,0.36
21.05,37.0,0.36
21.1,37.0,0.36
21.15,37.0,0.36
21.2,37.0,0.36
21.25,37.0,0.36
21.3,37.0,0.36
21.35,37.0,0.36
21.4,37.0,0.36
21.45,37.0,0.36
21.5,37.0,0.05
21.55,37.0,0.05
21.6,37.0,0.05
21.65,37.0,0.05
21.7,37.0,0.05
21.75,37.0,0.05
21.8,37.0,0.05
21.85,37.0,0.05
21.9,37.0,0.05
21.95,37.0,0.05
22.0,37.0,0.36
22.05,37.0,0.36
22.1,37.0,0.36
22.15,37.0,0.36
22.2,37.0,0.36
22.25,37.0,0.36
22.3,37.0,0.36
22.35,37.0,0.36
22.4,37.0,0.36
22.45,37.0,0.36
22.5,37.0,0.36
22.55,37.0,0.36
22.6,37.0,0.36
22.65,37.0,0.36
22.7,37.0,0.36
22.75,37.0,0.36
22.8,37.0,0.36
22.85,37.0,0.36
22.9,37.0,0.36
22.95,37.0,0.36
23.0,37.0,0.36
23.05,37.0,0.36
23.1,37.0,0.36
23.15,37.0,0.36
23.2,37.0,0.36
23.25,37.0,0.36
23.3,37.0,0.36
23.35,37.0,0.36
23.4,37.0,0.36
23.45,37.0,0.36
23.5,37.0,0.36
23.55,37.0,0.36
23.6,37.0,0.36
23.65,37.0,0.36
23.7,37.0,0.36
23.75,37.0,0.36
23.8,37.0,0.36
23.85,37.0,0.36
23.9,37.0,0.36
23.95,37.0,0.36
24.0,37.0,0.24
24.05,37.0,0.24
24.1,37.0,0.24
24.15,37.0,0.24
24.2,37.0,0.24
24.25,37.0,0.24
24.3,37.0,0.24
24.35,37.0,0.24
24.4,37.0,0.24
24.45,37.0,0.24
24.5,37.0,0.24
24.55,37.0,0.24
24.6,37.0,0.24
24.65,37.0,0.24
24.7,37.0,0.24
24.75,37.0,0.24
24.8,37.0,0.24
24.85,37.0,0.24
24.9,37.0,0.24
24.95,37.0,0.24
25.0,37.0,0.24
25.05,37.0,0.24
25.1,37.0,0.24
25.15,37.0,0.24
25.2,37.0,0.24
25.25,37.0,0.24
25.3,37.0,0.24
25.35,37.0,0.24
25.4,37.0,0.24
25.45,37.0,0.24
25.5,37.0,0.24
25.55,37.0,0.24
25.6,37.0,0.24
25.65,37.0,0.24
25.7,37.0,0.24
25.75,37.0,0.24
25.8,37.0,0.24
25.85,37.0,0.24
25.9,37.0,0.24
25.95,37.0,0.24
26.0,37.0,0.05
26.05,37.0,0.05
26.1,37.0,0.05
26.15,37.0,0.05
26.2,37.0,0.05
26.25,37.0,0.05
26.3,37.0,0.05
26.35,37.0,0.05
26.4,37.0,0.05
26.45,37.0,0.05
26.5,37.0,0.24
26.55,37.0,0.24
26.6,37.0,0.24
26.65,37.0,0.24
26.7,37.0,0.24
26.75,37.0,0.24
26.8,37.0,0.24
26.85,37.0,0.24
26.9,37.0,0.24
26.95,37.0,0.24
27.0,37.0,0.24
27.05,37.0,0.24
27.1,37.0,0.24
27.15,37.0,0.24
27.2,37.0,0.24
27.25,37.0,0.24
27.3,37.0,0.24
27.35,37.0,0.24
27.4,37.0,0.24
27.45,37.0,0.24
27.5,37.0,0.24
27.55,37.0,0.24
27.6,37.0,0.24
27.65,37.0,0.24
27.7,37.0,0.24
27.75,37.0,0.24
27.8,37.0,0.24
27.85,37.0,0.24
27.9,37.0,0.24
27.95,37.0,0.24
28.0,37.0,0.24
28.05,37.0,0.24
28.1,37.0,0.24
28.15,37.0,0.24
28.2,37.0,0.24
28.25,37.0,0.24
28.3,37.0,0.24
28.35,37.0,0.24
28.4,37.0,0.24
28.45,37.0,0.24
28.5,37.0,0.05
28.55,37.0,0.05
28.6,37.0,0.05
28.65,37.0,0.05
28.7,37.0,0.05
28.75,37.0,0.05
28.8,37.0,0.05
28.85,37.0,0.05
28.9,37.0,0.05
28.95,37.0,0.05
29.0,37.0,0.05
29.05,37.0,0.05
29.1,37.0,0.05
29.15,37.0,0.05
29.2,37.0,0.05
29.25,37.0,0.05
29.3,37.0,0.05
29.35,37.0,0.05
29.4,37.0,0.05
29.45,37.0,0.05
29.5,37.0,0.05
19.0,37.05,0.36
19.05,37.05,0.36
19.1,37.05,0.36
19.15,37.05,0.36
19.2,37.05,0.36
19.25,37.05,0.36
19.3,37.05,0.36
19.35,37.05,0.36
19.4,37.05,0.36
19.45,37.05,0.36
19.5,37.05,0.36
19.55,37.05,0.36
19.6,37.05,0.36
19.65,37.05,0.36
19.7,37.05,0.36
19.75,37.05,0.36
19.8,37.05,0.36
19.85,37.05,0.36
19.9,37.05,0.36
19.95,37.05,0.36
20.0,37.05,0.36
20.05,37.05,0.36
20.1,37.05,0.36
20.15,37.05,0.36
20.2,37.05,0.36
20.25,37.05,0.36
20.3,37.05,0.36
20.35,37.05,0.36
20.4,37.05,0.36
20.45,37.05,0.36
20.5,37.05,0.36
20.55,37.05,0.36
20.6,37.05,0.36
20.65,37.05,0.36
20.7,37.05,0.36
20.75,37.05,0.36
20.8,37.05,0.36
20.85,37.05,0.36
20.9,37.05,0.36
20.95,37.05,0.36
21.0,37.05,0.36
21.05,37.05,0.36
21.1,37.05,0.36
21.15,37.05,0.36
21.2,37.05,0.36
21.25,37.05,0.36
21.3,37.05,0.36
21.35,37.05,0.36
21.4,37.05,0.36
21.45,37.05,0.36
21.5,37.05,0.05
21.55,37.05,0.05
21.6,37.05,0.05
21.65,37.05,0.05
21.7,37.05,0.05
21.75,37.05,0.05
21.8,37.05,0.05
21.85,37.05,0.05
21.9,37.05,0.05
21.95,37.05,0.05
22.0,37.05,0.36
22.05,37.05,0.36
22.1,37.05,0.36
22.15,37.05,0.36
22.2,37.05,0.36
22.25,37.05,0.36
22.3,37.05,0.36
22.35,37.05,0.36
22.4,37.05,0.36
22.45,37.05,0.36
22.5,37.05,0.36
22.55,37.05,0.36
22.6,37.05,0.36
22.65,37.05,0.36
22.7,37.05,0.36
22.75,37.05,0.36
22.8,37.05,0.36
22.85,37.05,0.36
22.9,37.05,0.36
22.95,37.05,0.36
23.0,37.05,0.36
23.05,37.05,0.36
23.1,37.05,0.36
23.15,37.05,0.36
23.2,37.05,0.36
23.25,37.05,0.36
23.3,37.05,0.36
23.35,37.05,0.36
23.4,37.05,0.36
23.45,37.05,0.36
23.5,37.05,0.36
23.55,37.05,0.36
23.6,37.05,0.36
23.65,37.05,0.36
23.7,37.05,0.36
23.75,37.05,0.36
23.8,37.05,0.36
23.85,37.05,0.36
23.9,37.05,0.36
23.95,37.05,0.36
24.0,37.05,0.24
24.05,37.05,0.24
24.1,37.05,0.24
24.15,37.05,0.24
24.2,37.05,0.24
24.25,37.05,0.24
24.3,37.05,0.24
24.35,37.05,0.24
24.4,37.05,0.24
24.45,37.05,0.24
24.5,37.05,0.24
24.55,37.05,0.24
24.6,37.05,0.24
24.65,37.05,0.24
24.7,37.05,0.24
24.75,37.05,0.24
24.8,37.05,0.24
24.85,37.05,0.24
24.9,37.05,0.24
24.95,37.05,0.24
25.0,37.05,0.24
25.05,37.05,0.24
25.1,37.05,0.24
25.15,37.05,0.24
25.2,37.05,0.24
25.25,37.05,0.24
25.3,37.05,0.24
25.35,37.05,0.24
25.4,37.05,0.24
25.45,37.05,0.24
25.5,37.05,0.24
25.55,37.05,0.24
25.6,37.05,0.24
25.65,37.05,0.24
25.7,37.05,0.24
25.75,37.05,0.24
25.8,37.05,0.24
25.85,37.05,0.24
25.9,37.05,0.24
25.95,37.05,0.24
26.0,37.05,0.05
26.05,37.05,0.05
26.1,37.05,0.05
26.15,37.05,0.05
26.2,37.05,0.05
26.25,37.05,0.05
26.3,37.05,0.05
26.35,37.05,0.05
26.4,37.05,0.05
26.45,37.05,0.05
26.5,37.05,0.05
26.55,37.05,0.05
26.6,37.05,0.05
26.65,37.05,0.05
26.7,37.05,0.05
26.75,37.05,0.05
26.8,37.05,0.05
26.85,37.05,0.05
26.9,37.05,0.05
26.95,37.05,0.05
27.0,37.05,0.05
27.05,37.05,0.05
27.1,37.05,0.05
27.15,37.05,0.05
27.2,37.05,0.05
27.25,37.05,0.05
27.3,37.05,0.05
27.35,37.05,0.05
27.4,37.05,0.05
27.45,37.05,0.05
27.5,37.05,0.05
27.55,37.05,0.05
27.6,37.05,0.05
27.65,37.05,0.05
27.7,37.05,0.05
27.75,37.05,0.05
27.8,37.05,0.05
27.85,37.05,0.05
27.9,37.05,0.05
27.95,37.05,0.05
28.0,37.05,0.05
28.05,37.05,0.05
28.1,37.05,0.05
28.15,37.05,0.05
28.2,37.05,0.05
28.25,37.05,0.05
28.3,37.05,0.05
28.35,37.05,0.05
28.4,37.05,0.05
28.45,37.05,0.05
28.5,37.05,0.05
28.55,37.05,0.05
28.6,37.05,0.05
28.65,37.05,0.05
28.7,37.05,0.05
28.75,37.05,0.05
28.8,37.05,0.05
28.85,37.05,0.05
28.9,37.05,0.05
28.95,37.05,0.05
29.0,37.05,0.05
29.05,37.05,0.05
29.1,37.05,0.05
29.15,37.05,0.05
29.2,37.05,0.05
29.25,37.05,0.05
29.3,37.05,0.05
29.35,37.05,0.05
29.4,37.05,0.05
29.45,37.05,0.05
29.5,37.05,0.05
19.0,37.1,0.36
19.05,37.1,0.36
19.1,37.1,0.36
19.15,37.1,0.36
19.2,37.1,0.36
19.25,37.1,0.36
19.3,37.1,0.36
19.35,37.1,0.36
19.4,37.1,0.36
19.45,37.1,0.36
19.5,37.1,0.36
19.55,37.1,0.36
19.6,37.1,0.36
19.65,37.1,0.36
19.7,37.1,0.36
19.75,37.1,0.36
19.8,37.1,0.36
19.85,37.1,0.36
19.9,37.1,0.36
19.95,37.1,0.36
20.0,37.1,0.36
20.05,37.1,0.36
20.1,37.1,0.36
20.15,37.1,0.36
20.2,37.1,0.36
20.25,37.1,0.36
20.3,37.1,0.36
20.35,37.1,0.36
20.4,37.1,0.36
20.45,37.1,0.36
20.5,37.1,0.36
20.55,37.1,0.36
20.6,37.1,0.36
20.65,37.1,0.36
20.7,37.1,0.36
20.75,37.1,0.36
20.8,37.1,0.36
20.85,37.1,0.36
20.9,37.1,0.36
20.95,37.1,0.36
21.0,37.1,0.36
21.05,37.1,0.36
21.1,37.1,0.36
21.15,37.1,0.36
21.2,37.1,0.36
21.25,37.1,0.36
21.3,37.1,0.36
21.35,37.1,0.36
21.4,37.1,0.36
21.45,37.1,0.36
21.5,37.1,0.05
21.55,37.1,0.05
21.6,37.1,0.05
21.65,37.1,0.05
21.7,37.1,0.05
21.75,37.1,0.05
21.8,37.1,0.05
21.85,37.1,0.05
21.9,37.1,0.05
21.95,37.1,0.05
22.0,37.1,0.36
22.05,37.1,0.36
22.1,37.1,0.36
22.15,37.1,0.36
22.2,37.1,0.36
22.25,37.1,0.36
22.3,37.1,0.36
22.35,37.1,0.36
22.4,37.1,0.36
22.45,37.1,0.36
22.5,37.1,0.36
22.55,37.1,0.36
22.6,37.1,0.36
22.65,37.1,0.36
22.7,37.1,0.36
22.75,37.1,0.36
22.8,37.1,0.36
22.85,37.1,0.36
22.9,37.1,0.36
22.95,37.1,0.36
23.0,37.1,0.36
23.05,37.1,0.36
23.1,37.1,0.36
23.15,37.1,0.36
23.2,37.1,0.36
23.25,37.1,0.36
23.3,37.1,0.36
23.35,37.1,0.36
23.4,37.1,0.36
23.45,37.1,0.36
23.5,37.1,0.36
23.55,37.1,0.36
23.6,37.1,0.36
23.65,37.1,0.36
23.7,37.1,0.36
23.75,37.1,0.36
23.8,37.1,0.36
23.85,37.1,0.36
23.9,37.1,0.36
23.95,37.1,0.36
24.0,37.1,0.24
24.05,37.1,0.24
24.1,37.1,0.24
24.15,37.1,0.24
24.2,37.1,0.24
24.25,37.1,0.24
24.3,37.1,0.24
24.35,37.1,0.24
24.4,37.1,0.24
24.45,37.1,0.24
24.5,37.1,0.24
24.55,37.1,0.24
24.6,37.1,0.24
24.65,37.1,0.24
24.7,37.1,0.24
24.75,37.1,0.24
24.8,37.1,0.24
24.85,37.1,0.24
24.9,37.1,0.24
24.95,37.1,0.24
25.0,37.1,0.24
25.05,37.1,0.24
25.1,37.1,0.24
25.15,37.1,0.24
25.2,37.1,0.24
25.25,37.1,0.24
25.3,37.1,0.24
25.35,37.1,0.24
25.4,37.1,0.24
25.45,37.1,0.24
25.5,37.1,0.24
25.55,37.1,0.24
25.6,37.1,0.24
25.65,37.1,0.24
25.7,37.1,0.24
25.75,37.1,0.24
25.8,37.1,0.24
25.85,37.1,0.24
25.9,37.1,0.24
25.95,37.1,0.24
26.0,37.1,0.05
26.05,37.1,0.05
26.1,37.1,0.05
26.15,37.1,0.05
26.2,37.1,0.05
26.25,37.1,0.05
26.3,37.1,0.05
26.35,37.1,0.05
26.4,37.1,0.05
26.45,37.1,0.05
26.5,37.1,0.05
26.55,37.1,0.05
26.6,37.1,0.05
26.65,37.1,0.05
26.7,37.1,0.05
26.75,37.1,0.05
26.8,37.1,0.05
26.85,37.1,0.05
26.9,37.1,0.05
26.95,37.1,0.05
27.0,37.1,0.05
27.05,37.1,0.05
27.1,37.1,0.05
27.15,37.1,0.05
27.2,37.1,0.05
27.25,37.1,0.05
27.3,37.1,0.05
27.35,37.1,0.05
27.4,37.1,0.05
27.45,37.1,0.05
27.5,37.1,0.05
27.55,37.1,0.05
27.6,37.1,0.05
27.65,37.1,0.05
27.7,37.1,0.05
27.75,37.1,0.05
27.8,37.1,0.05
27.85,37.1,0.05
27.9,37.1,0.05
27.95,37.1,0.05
28.0,37.1,0.05
28.05,37.1,0.05
28.1,37.1,0.05
28.15,37.1,0.05
28.2,37.1,0.05
28.25,37.1,0.05
28.3,37.1,0.05
28.35,37.1,0.05
28.4,37.1,0.05
28.45,37.1,0.05
28.5,37.1,0.05
28.55,37.1,0.05
28.6,37.1,0.05
28.65,37.1,0.05
28.7,37.1,0.05
28.75,37.1,0.05
28.8,37.1,0.05
28.85,37.1,0.05
28.9,37.1,0.05
28.95,37.1,0.05
29.0,37.1,0.05
29.05,37.1,0.05
29.1,37.1,0.05
29.15,37.1,0.05
29.2,37.1,0.05
29.25,37.1,0.05
29.3,37.1,0.05
29.35,37.1,0.05
29.4,37.1,0.05
29.45,37.1,0.05
29.5,37.1,0.05
19.0,37.15,0.36
19.05,37.15,0.36
19.1,37.15,0.36
19.15,37.15,0.36
19.2,37.15,0.36
19.25,37.15,0.36
19.3,37.15,0.36
19.35,37.15,0.36
19.4,37.15,0.36
19.45,37.15,0.36
19.5,37.15,0.36
19.55,37.15,0.36
19.6,37.15,0.36
19.65,37.15,0.36
19.7,37.15,0.36
19.75,37.15,0.36
19.8,37.15,0.36
19.85,37.15,0.36
19.9,37.15,0.36
19.95,37.15,0.36
20.0,37.15,0.36
20.05,37.15,0.36
20.1,37.15,0.36
20.15,37.15,0.36
20.2,37.15,0.36
20.25,37.15,0.36
20.3,37.15,0.36
20.35,37.15,0.36
20.4,37.15,0.36
20.45,37.15,0.36
20.5,37.15,0.36
20.55,37.15,0.36
20.6,37.15,0.36
20.65,37.15,0.36
20.7,37.15,0.36
20.75,37.15,0.36
20.8,37.15,0.36
20.85,37.15,0.36
20.9,37.15,0.36
20.95,37.15,0.36
21.0,37.15,0.36
21.05,37.15,0.36
21.1,37.15,0.36
21.15,37.15,0.36
21.2,37.15,0.36
21.25,37.15,0.36
21.3,37.15,0.36
21.35,37.15,0.36
21.4,37.15,0.36
21.45,37.15,0.36
21.5,37.15,0.05
21.55,37.15,0.05
21.6,37.15,0.05
21.65,37.15,0.05
21.7,37.15,0.05
21.75,37.15,0.05
21.8,37.15,0.05
21.85,37.15,0.05
21.9,37.15,0.05
21.95,37.15,0.05
22.0,37.15,0.36
22.05,37.15,0.36
22.1,37.15,0.36
22.15,37.15,0.36
22.2,37.15,0.36
22.25,37.15,0.36
22.3,37.15,0.36
22.35,37.15,0.36
22.4,37.15,0.36
22.45,37.15,0.36
22.5,37.15,0.36
22.55,37.15,0.36
22.6,37.15,0.36
22.65,37.15,0.36
22.7,37.15,0.36
22.75,37.15,0.36
22.8,37.15,0.36
22.85,37.15,0.36
22.9,37.15,0.36
22.95,37.15,0.36
23.0,37.15,0.36
23.05,37.15,0.36
23.1,37.15,0.36
23.15,37.15,0.36
23.2,37.15,0.36
23.25,37.15,0.36
23.3,37.15,0.36
23.35,37.15,0.36
23.4,37.15,0.36
23.45,37.15,0.36
23.5,37.15,0.36
23.55,37.15,0.36
23.6,37.15,0.36
23.65,37.15,0.36
23.7,37.15,0.36
23.75,37.15,0.36
23.8,37.15,0.36
23.85,37.15,0.36
23.9,37.15,0.36
23.95,37.15,0.36
24.0,37.15,0.24
24.05,37.15,0.24
24.1,37.15,0.24
24.15,37.15,0.24
24.2,37.15,0.24
24.25,37.15,0.24
24.3,37.15,0.24
24.35,37.15,0.24
24.4,37.15,0.24
24.45,37.15,0.24
24.5,37.15,0.24
24.55,37.15,0.24
24.6,37.15,0.24
24.65,37.15,0.24
24.7,37.15,0.24
24.75,37.15,0.24
24.8,37.15,0.24
24.85,37.15,0.24
24.9,37.15,0.24
24.95,37.15,0.24
25.0,37.15,0.24
25.05,37.15,0.24
25.1,37.15,0.24
25.15,37.15,0.24
25.2,37.15,0.24
25.25,37.15,0.24
25.3,37.15,0.24
25.35,37.15,0.24
25.4,37.15,0.24
25.45,37.15,0.24
25.5,37.15,0.24
25.55,37.15,0.24
25.6,37.15,0.24
25.65,37.15,0.24
25.7,37.15,0.24
25.75,37.15,0.24
25.8,37.15,0.24
25.85,37.15,0.24
25.9,37.15,0.24
25.95,37.15,0.24
26.0,37.15,0.05
26.05,37.15,0.05
26.1,37.15,0.05
26.15,37.15,0.05
26.2,37.15,0.05
26.25,37.15,0.05
26.3,37.15,0.05
26.35,37.15,0.05
26.4,37.15,0.05
26.45,37.15,0.05
26.5,37.15,0.05
26.55,37.15,0.05
26.6,37.15,0.05
26.65,37.15,0.05
26.7,37.15,0.05
26.75,37.15,0.05
26.8,37.15,0.05
26.85,37.15,0.05
26.9,37.15,0.05
26.95,37.15,0.05
27.0,37.15,0.05
27.05,37.15,0.05
27.1,37.15,0.05
27.15,37.15,0.05
27.2,37.15,0.05
27.25,37.15,0.05
27.3,37.15,0.05
27.35,37.15,0.05
27.4,37.15,0.05
27.45,37.15,0.05
27.5,37.15,0.05
27.55,37.15,0.05
27.6,37.15,0.05
27.65,37.15,0.05
27.7,37.15,0.05
27.75,37.15,0.05
27.8,37.15,0.05
27.85,37.15,0.05
27.9,37.15,0.05
27.95,37.15,0.05
28.0,37.15,0.05
28.05,37.15,0.05
28.1,37.15,0.05
28.15,37.15,0.05
28.2,37.15,0.05
28.25,37.15,0.05
28.3,37.15,0.05
28.35,37.15,0.05
28.4,37.15,0.05
28.45,37.15,0.05
28.5,37.15,0.05
28.55,37.15,0.05
28.6,37.15,0.05
28.65,37.15,0.05
28.7,37.15,0.05
28.75,37.15,0.05
28.8,37.15,0.05
28.85,37.15,0.05
28.9,37.15,0.05
28.95,37.15,0.05
29.0,37.15,0.05
29.05,37.15,0.05
29.1,37.15,0.05
29.15,37.15,0.05
29.2,37.15,0.05
29.25,37.15,0.05
29.3,37.15,0.05
29.35,37.15,0.05
29.4,37.15,0.05
29.45,37.15,0.05
29.5,37.15,0.05
19.0,37.2,0.36
19.05,37.2,0.36
19.1,37.2,0.36
19.15,37.2,0.36
19.2,37.2,0.36
19.25,37.2,0.36
19.3,37.2,0.36
19.35,37.2,0.36
19.4,37.2,0.36
19.45,37.2,0.36
19.5,37.2,0.36
19.55,37.2,0.36
19.6,37.2,0.36
19.65,37.2,0.36
19.7,37.2,0.36
19.75,37.2,0.36
19.8,37.2,0.36
19.85,37.2,0.36
19.9,37.2,0.36
19.95,37.2,0.36
20.0,37.2,0.36
20.05,37.2,0.36
20.1,37.2,0.36
20.15,37.2,0.36
20.2,37.2,0.36
20.25,37.2,0.36
20.3,37.2,0.36
20.35,37.2,0.36
20.4,37.2,0.36
20.45,37.2,0.36
20.5,37.2,0.36
20.55,37.2,0.36
20.6,37.2,0.36
20.65,37.2,0.36
20.7,37.2,0.36
20.75,37.2,0.36
20.8,37.2,0.36
20.85,37.2,0.36
20.9,37.2,0.36
20.95,37.2,0.36
21.0,37.2,0.36
21.05,37.2,0.36
21.1,37.2,0.36
21.15,37.2,0.36
21.2,37.2,0.36
21.25,37.2,0.36
21.3,37.2,0.36
21.35,37.2,0.36
21.4,37.2,0.36
21.45,37.2,0.36
21.5,37.2,0.05
21.55,37.2,0.05
21.6,37.2,0.05
21.65,37.2,0.05
21.7,37.2,0.05
21.75,37.2,0.05
21.8,37.2,0.05
21.85,37.2,0.05
21.9,37.2,0.05
21.95,37.2,0.05
22.0,37.2,0.36
22.05,37.2,0.36
22.1,37.2,0.36
22.15,37.2,0.36
22.2,37.2,0.36
22.25,37.2,0.36
22.3,37.2,0.36
22.35,37.2,0.36
22.4,37.2,0.36
22.45,37.2,0.36
22.5,37.2,0.36
22.55,37.2,0.36
22.6,37.2,0.36
22.65,37.2,0.36
22.7,37.2,0.36
22.75,37.2,0.36
22.8,37.2,0.36
22.85,37.2,0.36
22.9,37.2,0.36
22.95,37.2,0.36
23.0,37.2,0.36
23.05,37.2,0.36
23.1,37.2,0.36
23.15,37.2,0.36
23.2,37.2,0.36
23.25,37.2,0.36
23.3,37.2,0.36
23.35,37.2,0.36
23.4,37.2,0.36
23.45,37.2,0.36
23.5,37.2,0.36
23.55,37.2,0.36
23.6,37.2,0.36
23.65,37.2,0.36
23.7,37.2,0.36
23.75,37.2,0.36
23.8,37.2,0.36
23.85,37.2,0.36
23.9,37.2,0.36
23.95,37.2,0.36
24.0,37.2,0.24
24.05,37.2,0.24
24.1,37.2,0.24
24.15,37.2,0.24
24.2,37.2,0.24
24.25,37.2,0.24
24.3,37.2,0.24
24.35,37.2,0.24
24.4,37.2,0.24
24.45,37.2,0.24
24.5,37.2,0.24
24.55,37.2,0.24
24.6,37.2,0.24
24.65,37.2,0.24
24.7,37.2,0.24
24.75,37.2,0.24
24.8,37.2,0.24
24.85,37.2,0.24
24.9,37.2,0.24
24.95,37.2,0.24
25.0,37.2,0.24
25.05,37.2,0.24
25.1,37.2,0.24
25.15,37.2,0.24
25.2,37.2,0.24
25.25,37.2,0.24
25.3,37.2,0.24
25.35,37.2,0.24
25.4,37.2,0.24
25.45,37.2,0.24
25.5,37.2,0.24
25.55,37.2,0.24
25.6,37.2,0.24
25.65,37.2,0.24
25.7,37.2,0.24
25.75,37.2,0.24
25.8,37.2,0.24
25.85,37.2,0.24
25.9,37.2,0.24
25.95,37.2,0.24
26.0,37.2,0.05
26.05,37.2,0.05
26.1,37.2,0.05
26.15,37.2,0.05
26.2,37.2,0.05
26.25,37.2,0.05
26.3,37.2,0.05
26.35,37.2,0.05
26.4,37.2,0.05
26.45,37.2,0.05
26.5,37.2,0.05
26.55,37.2,0.05
26.6,37.2,0.05
26.65,37.2,0.05
26.7,37.2,0.05
26.75,37.2,0.05
26.8,37.2,0.05
26.85,37.2,0.05
26.9,37.2,0.05
26.95,37.2,0.05
27.0,37.2,0.05
27.05,37.2,0.05
27.1,37.2,0.05
27.15,37.2,0.05
27.2,37.2,0.05
27.25,37.2,0.05
27.3,37.2,0.05
27.35,37.2,0.05
27.4,37.2,0.05
27.45,37.2,0.05
27.5,37.2,0.05
27.55,37.2,0.05
27.6,37.2,0.05
27.65,37.2,0.05
27.7,37.2,0.05
27.75,37.2,0.05
27.8,37.2,0.05
27.85,37.2,0.05
27.9,37.2,0.05
27.95,37.2,0.05
28.0,37.2,0.05
28.05,37.2,0.05
28.1,37.2,0.05
28.15,37.2,0.05
28.2,37.2,0.05
28.25,37.2,0.05
28.3,37.2,0.05
28.35,37.2,0.05
28.4,37.2,0.05
28.45,37.2,0.05
28.5,37.2,0.05
28.55,37.2,0.05
28.6,37.2,0.05
28.65,37.2,0.05
28.7,37.2,0.05
28.75,37.2,0.05
28.8,37.2,0.05
28.85,37.2,0.05
28.9,37.2,0.05
28.95,37.2,0.05
29.0,37.2,0.05
29.05,37.2,0.05
29.1,37.2,0.05
29.15,37.2,0.05
29.2,37.2,0.05
29.25,37.2,0.05
29.3,37.2,0.05
29.35,37.2,0.05
29.4,37.2,0.05
29.45,37.2,0.05
29.5,37.2,0.05
19.0,37.25,0.36
19.05,37.25,0.36
19.1,37.25,0.36
19.15,37.25,0.36
19.2,37.25,0.36
19.25,37.25,0.36
19.3,37.25,0.36
19.35,37.25,0.36
19.4,37.25,0.36
19.45,37.25,0.36
19.5,37.25,0.36
19.55,37.25,0.36
19.6,37.25,0.36
19.65,37.25,0.36
19.7,37.25,0.36
19.75,37.25,0.36
19.8,37.25,0.36
19.85,37.25,0.36
19.9,37.25,0.36
19.95,37.25,0.36
20.0,37.25,0.36
20.05,37.25,0.36
20.1,37.25,0.36
20.15,37.25,0.36
20.2,37.25,0.36
20.25,37.25,0.36
20.3,37.25,0.36
20.35,37.25,0.36
20.4,37.25,0.36
20.45,37.25,0.36
20.5,37.25,0.36
20.55,37.25,0.36
20.6,37.25,0.36
20.65,37.25,0.36
20.7,37.25,0.36
20.75,37.25,0.36
20.8,37.25,0.36
20.85,37.25,0.36
20.9,37.25,0.36
20.95,37.25,0.36
21.0,37.25,0.36
21.05,37.25,0.36
21.1,37.25,0.36
21.15,37.25,0.36
21.2,37.25,0.36
21.25,37.25,0.36
21.3,37.25,0.36
21.35,37.25,0.36
21.4,37.25,0.36
21.45,37.25,0.36
21.5,37.25,0.05
21.55,37.25,0.05
21.6,37.25,0.05
21.65,37.25,0.05
21.7,37.25,0.05
21.75,37.25,0.05
21.8,37.25,0.05
21.85,37.25,0.05
21.9,37.25,0.05
21.95,37.25,0.05
22.0,37.25,0.36
22.05,37.25,0.36
22.1,37.25,0.36
22.15,37.25,0.36
22.2,37.25,0.36
22.25,37.25,0.36
22.3,37.25,0.36
22.35,37.25,0.36
22.4,37.25,0.36
22.45,37.25,0.36
22.5,37.25,0.36
22.55,37.25,0.36
22.6,37.25,0.36
22.65,37.25,0.36
22.7,37.25,0.36
22.75,37.25,0.36
22.8,37.25,0.36
22.85,37.25,0.36
22.9,37.25,0.36
22.95,37.25,0.36
23.0,37.25,0.36
23.05,37.25,0.36
23.1,37.25,0.36
23.15,37.25,0.36
23.2,37.25,0.36
23.25,37.25,0.36
23.3,37.25,0.36
23.35,37.25,0.36
23.4,37.25,0.36
23.45,37.25,0.36
23.5,37.25,0.36
23.55,37.25,0.36
23.6,37.25,0.36
23.65,37.25,0.36
23.7,37.25,0.36
23.75,37.25,0.36
23.8,37.25,0.36
23.85,37.25,0.36
23.9,37.25,0.36
23.95,37.25,0.36
24.0,37.25,0.24
24.05,37.25,0.24
24.1,37.25,0.24
24.15,37.25,0.24
24.2,37.25,0.24
24.25,37.25,0.24
24.3,37.25,0.24
24.35,37.25,0.24
24.4,37.25,0.24
24.45,37.25,0.24
24.5,37.25,0.24
24.55,37.25,0.24
24.6,37.25,0.24
24.65,37.25,0.24
24.7,37.25,0.24
24.75,37.25,0.24
24.8,37.25,0.24
24.85,37.25,0.24
24.9,37.25,0.24
24.95,37.25,0.24
25.0,37.25,0.24
25.05,37.25,0.24
25.1,37.25,0.24
25.15,37.25,0.24
25.2,37.25,0.24
25.25,37.25,0.24
25.3,37.25,0.24
25.35,37.25,0.24
25.4,37.25,0.24
25.45,37.25,0.24
25.5,37.25,0.24
25.55,37.25,0.24
25.6,37.25,0.24
25.65,37.25,0.24
25.7,37.25,0.24
25.75,37.25,0.24
25.8,37.25,0.24
25.85,37.25,0.24
25.9,37.25,0.24
25.95,37.25,0.24
26.0,37.25,0.05
26.05,37.25,0.05
26.1,37.25,0.05
26.15,37.25,0.05
26.2,37.25,0.05
26.25,37.25,0.05
26.3,37.25,0.05
26.35,37.25,0.05
26.4,37.25,0.05
26.45,37.25,0.05
26.5,37.25,0.05
26.55,37.25,0.05
26.6,37.25,0.05
26.65,37.25,0.05
26.7,37.25,0.05
26.75,37.25,0.05
26.8,37.25,0.05
26.85,37.25,0.05
26.9,37.25,0.05
26.95,37.25,0.05
27.0,37.25,0.05
27.05,37.25,0.05
27.1,37.25,0.05
27.15,37.25,0.05
27.2,37.25,0.05
27.25,37.25,0.05
27.3,37.25,0.05
27.35,37.25,0.05
27.4,37.25,0.05
27.45,37.25,0.05
27.5,37.25,0.05
27.55,37.25,0.05
27.6,37.25,0.05
27.65,37.25,0.05
27.7,37.25,0.05
27.75,37.25,0.05
27.8,37.25,0.05
27.85,37.25,0.05
27.9,37.25,0.05
27.95,37.25,0.05
28.0,37.25,0.05
28.05,37.25,0.05
28.1,37.25,0.05
28.15,37.25,0.05
28.2,37.25,0.05
28.25,37.25,0.05
28.3,37.25,0.05
28.35,37.25,0.05
28.4,37.25,0.05
28.45,37.25,0.05
28.5,37.25,0.05
28.55,37.25,0.05
28.6,37.25,0.05
28.65,37.25,0.05
28.7,37.25,0.05
28.75,37.25,0.05
28.8,37.25,0.05
28.85,37.25,0.05
28.9,37.25,0.05
28.95,37.25,0.05
29.0,37.25,0.05
29.05,37.25,0.05
29.1,37.25,0.05
29.15,37.25,0.05
29.2,37.25,0.05
29.25,37.25,0.05
29.3,37.25,0.05
29.35,37.25,0.05
29.4,37.25,0.05
29.45,37.25,0.05
29.5,37.25,0.05
19.0,37.3,0.36
19.05,37.3,0.36
19.1,37.3,0.36
19.15,37.3,0.36
19.2,37.3,0.36
19.25,37.3,0.36
19.3,37.3,0.36
19.35,37.3,0.36
19.4,37.3,0.36
19.45,37.3,0.36
19.5,37.3,0.36
19.55,37.3,0.36
19.6,37.3,0.36
19.65,37.3,0.36
19.7,37.3,0.36
19.75,37.3,0.36
19.8,37.3,0.36
19.85,37.3,0.36
19.9,37.3,0.36
19.95,37.3,0.36
20.0,37.3,0.36
20.05,37.3,0.36
20.1,37.3,0.36
20.15,37.3,0.36
20.2,37.3,0.36
20.25,37.3,0.36
20.3,37.3,0.36
20.35,37.3,0.36
20.4,37.3,0.36
20.45,37.3,0.36
20.5,37.3,0.36
20.55,37.3,0.36
20.6,37.3,0.36
20.65,37.3,0.36
20.7,37.3,0.36
20.75,37.3,0.36
20.8,37.3,0.36
20.85,37.3,0.36
20.9,37.3,0.36
20.95,37.3,0.36
21.0,37.3,0.36
21.05,37.3,0.36
21.1,37.3,0.36
21.15,37.3,0.36
21.2,37.3,0.36
21.25,37.3,0.36
21.3,37.3,0.36
21.35,37.3,0.36
21.4,37.3,0.36
21.45,37.3,0.36
21.5,37.3,0.05
21.55,37.3,0.05
21.6,37.3,0.05
21.65,37.3,0.05
21.7,37.3,0.05
21.75,37.3,0.05
21.8,37.3,0.05
21.85,37.3,0.05
21.9,37.3,0.05
21.95,37.3,0.05
22.0,37.3,0.36
22.05,37.3,0.36
22.1,37.3,0.36
22.15,37.3,0.36
22.2,37.3,0.36
22.25,37.3,0.36
22.3,37.3,0.36
22.35,37.3,0.36
22.4,37.3,0.36
22.45,37.3,0.36
22.5,37.3,0.36
22.55,37.3,0.36
22.6,37.3,0.36
22.65,37.3,0.36
22.7,37.3,0.36
22.75,37.3,0.36
22.8,37.3,0.36
22.85,37.3,0.36
22.9,37.3,0.36
22.95,37.3,0.36
23.0,37.3,0.36
23.05,37.3,0.36
23.1,37.3,0.36
23.15,37.3,0.36
23.2,37.3,0.36
23.25,37.3,0.36
23.3,37.3,0.36
23.35,37.3,0.36
23.4,37.3,0.36
23.45,37.3,0.36
23.5,37.3,0.36
23.55,37.3,0.36
23.6,37.3,0.36
23.65,37.3,0.36
23.7,37.3,0.36
23.75,37.3,0.36
23.8,37.3,0.36
23.85,37.3,0.36
23.9,37.3,0.36
23.95,37.3,0.36
24.0,37.3,0.24
24.05,37.3,0.24
24.1,37.3,0.24
24.15,37.3,0.24
24.2,37.3,0.24
24.25,37.3,0.24
24.3,37.3,0.24
24.35,37.3,0.24
24.4,37.3,0.24
24.45,37.3,0.24
24.5,37.3,0.24
24.55,37.3,0.24
24.6,37.3,0.24
24.65,37.3,0.24
24.7,37.3,0.24
24.75,37.3,0.24
24.8,37.3,0.24
24.85,37.3,0.24
24.9,37.3,0.24
24.95,37.3,0.24
25.0,37.3,0.24
25.05,37.3,0.24
25.1,37.3,0.24
25.15,37.3,0.24
25.2,37.3,0.24
25.25,37.3,0.24
25.3,37.3,0.24
25.35,37.3,0.24
25.4,37.3,0.24
25.45,37.3,0.24
25.5,37.3,0.24
25.55,37.3,0.24
25.6,37.3,0.24
25.65,37.3,0.24
25.7,37.3,0.24
25.75,37.3,0.24
25.8,37.3,0.24
25.85,37.3,0.24
25.9,37.3,0.24
25.95,37.3,0.24
26.0,37.3,0.05
26.05,37.3,0.05
26.1,37.3,0.05
26.15,37.3,0.05
26.2,37.3,0.05
26.25,37.3,0.05
26.3,37.3,0.05
26.35,37.3,0.05
26.4,37.3,0.05
26.45,37.3,0.05
26.5,37.3,0.05
26.55,37.3,0.05
26.6,37.3,0.05
26.65,37.3,0.05
26.7,37.3,0.05
26.75,37.3,0.05
26.8,37.3,0.05
26.85,37.3,0.05
26.9,37.3,0.05
26.95,37.3,0.05
27.0,37.3,0.05
27.05,37.3,0.05
27.1,37.3,0.05
27.15,37.3,0.05
27.2,37.3,0.05
27.25,37.3,0.05
27.3,37.3,0.05
27.35,37.3,0.05
27.4,37.3,0.05
27.45,37.3,0.05
27.5,37.3,0.05
27.55,37.3,0.05
27.6,37.3,0.05
27.65,37.3,0.05
27.7,37.3,0.05
27.75,37.3,0.05
27.8,37.3,0.05
27.85,37.3,0.05
27.9,37.3,0.05
27.95,37.3,0.05
28.0,37.3,0.05
28.05,37.3,0.05
28.1,37.3,0.05
28.15,37.3,0.05
28.2,37.3,0.05
28.25,37.3,0.05
28.3,37.3,0.05
28.35,37.3,0.05
28.4,37.3,0.05
28.45,37.3,0.05
28.5,37.3,0.05
28.55,37.3,0.05
28.6,37.3,0.05
28.65,37.3,0.05
28.7,37.3,0.05
28.75,37.3,0.05
28.8,37.3,0.05
28.85,37.3,0.05
28.9,37.3,0.05
28.95,37.3,0.05
29.0,37.3,0.05
29.05,37.3,0.05
29.1,37.3,0.05
29.15,37.3,0.05
29.2,37.3,0.05
29.25,37.3,0.05
29.3,37.3,0.05
29.35,37.3,0.05
29.4,37.3,0.05
29.45,37.3,0.05
29.5,37.3,0.05
19.0,37.35,0.36
19.05,37.35,0.36
19.1,37.35,0.36
19.15,37.35,0.36
19.2,37.35,0.36
19.25,37.35,0.36
19.3,37.35,0.36
19.35,37.35,0.36
19.4,37.35,0.36
19.45,37.35,0.36
19.5,37.35,0.36
19.55,37.35,0.36
19.6,37.35,0.36
19.65,37.35,0.36
19.7,37.35,0.36
19.75,37.35,0.36
19.8,37.35,0.36
19.85,37.35,0.36
19.9,37.35,0.36
19.95,37.35,0.36
20.0,37.35,0.36
20.05,37.35,0.36
20.1,37.35,0.36
20.15,37.35,0.36
20.2,37.35,0.36
20.25,37.35,0.36
20.3,37.35,0.36
20.35,37.35,0.36
20.4,37.35,0.36
20.45,37.35,0.36
20.5,37.35,0.36
20.55,37.35,0.36
20.6,37.35,0.36
20.65,37.35,0.36
20.7,37.35,0.36
20.75,37.35,0.36
20.8,37.35,0.36
20.85,37.35,0.36
20.9,37.35,0.36
20.95,37.35,0.36
21.0,37.35,0.36
21.05,37.35,0.36
21.1,37.35,0.36
21.15,37.35,0.36
21.2,37.35,0.36
21.25,37.35,0.36
21.3,37.35,0.36
21.35,37.35,0.36
21.4,37.35,0.36
21.45,37.35,0.36
21.5,37.35,0.05
21.55,37.35,0.05
21.6,37.35,0.05
21.65,37.35,0.05
21.7,37.35,0.05
21.75,37.35,0.05
21.8,37.35,0.05
21.85,37.35,0.05
21.9,37.35,0.05
21.95,37.35,0.05
22.0,37.35,0.36
22.05,37.35,0.36
22.1,37.35,0.36
22.15,37.35,0.36
22.2,37.35,0.36
22.25,37.35,0.36
22.3,37.35,0.36
22.35,37.35,0.36
22.4,37.35,0.36
22.45,37.35,0.36
22.5,37.35,0.36
22.55,37.35,0.36
22.6,37.35,0.36
22.65,37.35,0.36
22.7,37.35,0.36
22.75,37.35,0.36
22.8,37.35,0.36
22.85,37.35,0.36
22.9,37.35,0.36
22.95,37.35,0.36
23.0,37.35,0.36
23.05,37.35,0.36
23.1,37.35,0.36
23.15,37.35,0.36
23.2,37.35,0.36
23.25,37.35,0.36
23.3,37.35,0.36
23.35,37.35,0.36
23.4,37.35,0.36
23.45,37.35,0.36
23.5,37.35,0.36
23.55,37.35,0.36
23.6,37.35,0.36
23.65,37.35,0.36
23.7,37.35,0.36
23.75,37.35,0.36
23.8,37.35,0.36
23.85,37.35,0.36
23.9,37.35,0.36
23.95,37.35,0.36
24.0,37.35,0.24
24.05,37.35,0.24
24.1,37.35,0.24
24.15,37.35,0.24
24.2,37.35,0.24
24.25,37.35,0.24
24.3,37.35,0.24
24.35,37.35,0.24
24.4,37.35,0.24
24.45,37.35,0.24
24.5,37.35,0.24
24.55,37.35,0.24
24.6,37.35,0.24
24.65,37.35,0.24
24.7,37.35,0.24
24.75,37.35,0.24
24.8,37.35,0.24
24.85,37.35,0.24
24.9,37.35,0.24
24.95,37.35,0.24
25.0,37.35,0.24
25.05,37.35,0.24
25.1,37.35,0.24
25.15,37.35,0.24
25.2,37.35,0.24
25.25,37.35,0.24
25.3,37.35,0.24
25.35,37.35,0.24
25.4,37.35,0.24
25.45,37.35,0.24
25.5,37.35,0.24
25.55,37.35,0.24
25.6,37.35,0.24
25.65,37.35,0.24
25.7,37.35,0.24
25.75,37.35,0.24
25.8,37.35,0.24
25.85,37.35,0.24
25.9,37.35,0.24
25.95,37.35,0.24
26.0,37.35,0.05
26.05,37.35,0.05
26.1,37.35,0.05
26.15,37.35,0.05
26.2,37.35,0.05
26.25,37.35,0.05
26.3,37.35,0.05
26.35,37.35,0.05
26.4,37.35,0.05
26.45,37.35,0.05
26.5,37.35,0.05
26.55,37.35,0.05
26.6,37.35,0.05
26.65,37.35,0.05
26.7,37.35,0.05
26.75,37.35,0.05
26.8,37.35,0.05
26.85,37.35,0.05
26.9,37.35,0.05
26.95,37.35,0.05
27.0,37.35,0.05
27.05,37.35,0.05
27.1,37.35,0.05
27.15,37.35,0.05
27.2,37.35,0.05
27.25,37.35,0.05
27.3,37.35,0.05
27.35,37.35,0.05
27.4,37.35,0.05
27.45,37.35,0.05
27.5,37.35,0.05
27.55,37.35,0.05
27.6,37.35,0.05
27.65,37.35,0.05
27.7,37.35,0.05
27.75,37.35,0.05
27.8,37.35,0.05
27.85,37.35,0.05
27.9,37.35,0.05
27.95,37.35,0.05
28.0,37.35,0.05
28.05,37.35,0.05
28.1,37.35,0.05
28.15,37.35,0.05
28.2,37.35,0.05
28.25,37.35,0.05
28.3,37.35,0.05
28.35,37.35,0.05
28.4,37.35,0.05
28.45,37.35,0.05
28.5,37.35,0.05
28.55,37.35,0.05
28.6,37.35,0.05
28.65,37.35,0.05
28.7,37.35,0.05
28.75,37.35,0.05
28.8,37.35,0.05
28.85,37.35,0.05
28.9,37.35,0.05
28.95,37.35,0.05
29.0,37.35,0.05
29.05,37.35,0.05
29.1,37.35,0.05
29.15,37.35,0.05
29.2,37.35,0.05
29.25,37.35,0.05
29.3,37.35,0.05
29.35,37.35,0.05
29.4,37.35,0.05
29.45,37.35,0.05
29.5,37.35,0.05
19.0,37.4,0.36
19.05,37.4,0.36
19.1,37.4,0.36
19.15,37.4,0.36
19.2,37.4,0.36
19.25,37.4,0.36
19.3,37.4,0.36
19.35,37.4,0.36
19.4,37.4,0.36
19.45,37.4,0.36
19.5,37.4,0.36
19.55,37.4,0.36
19.6,37.4,0.36
19.65,37.4,0.36
19.7,37.4,0.36
19.75,37.4,0.36
19.8,37.4,0.36
19.85,37.4,0.36
19.9,37.4,0.36
19.95,37.4,0.36
20.0,37.4,0.36
20.05,37.4,0.36
20.1,37.4,0.36
20.15,37.4,0.36
20.2,37.4,0.36
20.25,37.4,0.36
20.3,37.4,0.36
20.35,37.4,0.36
20.4,37.4,0.36
20.45,37.4,0.36
20.5,37.4,0.36
20.55,37.4,0.36
20.6,37.4,0.36
20.65,37.4,0.36
20.7,37.4,0.36
20.75,37.4,0.36
20.8,37.4,0.36
20.85,37.4,0.36
20.9,37.4,0.36
20.95,37.4,0.36
21.0,37.4,0.36
21.05,37.4,0.36
21.1,37.4,0.36
21.15,37.4,0.36
21.2,37.4,0.36
21.25,37.4,0.36
21.3,37.4,0.36
21.35,37.4,0.36
21.4,37.4,0.36
21.45,37.4,0.36
21.5,37.4,0.05
21.55,37.4,0.05
21.6,37.4,0.05
21.65,37.4,0.05
21.7,37.4,0.05
21.75,37.4,0.05
21.8,37.4,0.05
21.85,37.4,0.05
21.9,37.4,0.05
21.95,37.4,0.05
22.0,37.4,0.36
22.05,37.4,0.36
22.1,37.4,0.36
22.15,37.4,0.36
22.2,37.4,0.36
22.25,37.4,0.36
22.3,37.4,0.36
22.35,37.4,0.36
22.4,37.4,0.36
22.45,37.4,0.36
22.5,37.4,0.36
22.55,37.4,0.36
22.6,37.4,0.36
22.65,37.4,0.36
22.7,37.4,0.36
22.75,37.4,0.36
22.8,37.4,0.36
22.85,37.4,0.36
22.9,37.4,0.36
22.95,37.4,0.36
23.0,37.4,0.36
23.05,37.4,0.36
23.1,37.4,0.36
23.15,37.4,0.36
23.2,37.4,0.36
23.25,37.4,0.36
23.3,37.4,0.36
23.35,37.4,0.36
23.4,37.4,0.36
23.45,37.4,0.36
23.5,37.4,0.36
23.55,37.4,0.36
23.6,37.4,0.36
23.65,37.4,0.36
23.7,37.4,0.36
23.75,37.4,0.36
23.8,37.4,0.36
23.85,37.4,0.36
23.9,37.4,0.36
23.95,37.4,0.36
24.0,37.4,0.24
24.05,37.4,0.24
24.1,37.4,0.24
24.15,37.4,0.24
24.2,37.4,0.24
24.25,37.4,0.24
24.3,37.4,0.24
24.35,37.4,0.24
24.4,37.4,0.24
24.45,37.4,0.24
24.5,37.4,0.24
24.55,37.4,0.24
24.6,37.4,0.24
24.65,37.4,0.24
24.7,37.4,0.24
24.75,37.4,0.24
24.8,37.4,0.24
24.85,37.4,0.24
24.9,37.4,0.24
24.95,37.4,0.24
25.0,37.4,0.24
25.05,37.4,0.24
25.1,37.4,0.24
25.15,37.4,0.24
25.2,37.4,0.24
25.25,37.4,0.24
25.3,37.4,0.24
25.35,37.4,0.24
25.4,37.4,0.24
25.45,37.4,0.24
25.5,37.4,0.24
25.55,37.4,0.24
25.6,37.4,0.24
25.65,37.4,0.24
25.7,37.4,0.24
25.75,37.4,0.24
25.8,37.4,0.24
25.85,37.4,0.24
25.9,37.4,0.24
25.95,37.4,0.24
26.0,37.4,0.05
26.05,37.4,0.05
26.1,37.4,0.05
26.15,37.4,0.05
26.2,37.4,0.05
26.25,37.4,0.05
26.3,37.4,0.05
26.35,37.4,0.05
26.4,37.4,0.05
26.45,37.4,0.05
26.5,37.4,0.05
26.55,37.4,0.05
26.6,37.4,0.05
26.65,37.4,0.05
26.7,37.4,0.05
26.75,37.4,0.05
26.8,37.4,0.05
26.85,37.4,0.05
26.9,37.4,0.05
26.95,37.4,0.05
27.0,37.4,0.05
27.05,37.4,0.05
27.1,37.4,0.05
27.15,37.4,0.05
27.2,37.4,0.05
27.25,37.4,0.05
27.3,37.4,0.05
27.35,37.4,0.05
27.4,37.4,0.05
27.45,37.4,0.05
27.5,37.4,0.05
27.55,37.4,0.05
27.6,37.4,0.05
27.65,37.4,0.05
27.7,37.4,0.05
27.75,37.4,0.05
27.8,37.4,0.05
27.85,37.4,0.05
27.9,37.4,0.05
27.95,37.4,0.05
28.0,37.4,0.05
28.05,37.4,0.05
28.1,37.4,0.05
28.15,37.4,0.05
28.2,37.4,0.05
28.25,37.4,0.05
28.3,37.4,0.05
28.35,37.4,0.05
28.4,37.4,0.05
28.45,37.4,0.05
28.5,37.4,0.05
28.55,37.4,0.05
28.6,37.4,0.05
28.65,37.4,0.05
28.7,37.4,0.05
28.75,37.4,0.05
28.8,37.4,0.05
28.85,37.4,0.05
28.9,37.4,0.05
28.95,37.4,0.05
29.0,37.4,0.05
29.05,37.4,0.05
29.1,37.4,0.05
29.15,37.4,0.05
29.2,37.4,0.05
29.25,37.4,0.05
29.3,37.4,0.05
29.35,37.4,0.05
29.4,37.4,0.05
29.45,37.4,0.05
29.5,37.4,0.05
19.0,37.45,0.36
19.05,37.45,0.36
19.1,37.45,0.36
19.15,37.45,0.36
19.2,37.45,0.36
19.25,37.45,0.36
19.3,37.45,0.36
19.35,37.45,0.36
19.4,37.45,0.36
19.45,37.45,0.36
19.5,37.45,0.36
19.55,37.45,0.36
19.6,37.45,0.36
19.65,37.45,0.36
19.7,37.45,0.36
19.75,37.45,0.36
19.8,37.45,0.36
19.85,37.45,0.36
19.9,37.45,0.36
19.95,37.45,0.36
20.0,37.45,0.36
20.05,37.45,0.36
20.1,37.45,0.36
20.15,37.45,0.36
20.2,37.45,0.36
20.25,37.45,0.36
20.3,37.45,0.36
20.35,37.45,0.36
20.4,37.45,0.36
20.45,37.45,0.36
20.5,37.45,0.36
20.55,37.45,0.36
20.6,37.45,0.36
20.65,37.45,0.36
20.7,37.45,0.36
20.75,37.45,0.36
20.8,37.45,0.36
20.85,37.45,0.36
20.9,37.45,0.36
20.95,37.45,0.36
21.0,37.45,0.36
21.05,37.45,0.36
21.1,37.45,0.36
21.15,37.45,0.36
21.2,37.45,0.36
21.25,37.45,0.36
21.3,37.45,0.36
21.35,37.45,0.36
21.4,37.45,0.36
21.45,37.45,0.36
21.5,37.45,0.05
21.55,37.45,0.05
21.6,37.45,0.05
21.65,37.45,0.05
21.7,37.45,0.05
21.75,37.45,0.05
21.8,37.45,0.05
21.85,37.45,0.05
21.9,37.45,0.05
21.95,37.45,0.05
22.0,37.45,0.36
22.05,37.45,0.36
22.1,37.45,0.36
22.15,37.45,0.36
22.2,37.45,0.36
22.25,37.45,0.36
22.3,37.45,0.36
22.35,37.45,0.36
22.4,37.45,0.36
22.45,37.45,0.36
22.5,37.45,0.36
22.55,37.45,0.36
22.6,37.45,0.36
22.65,37.45,0.36
22.7,37.45,0.36
22.75,37.45,0.36
22.8,37.45,0.36
22.85,37.45,0.36
22.9,37.45,0.36
22.95,37.45,0.36
23.0,37.45,0.36
23.05,37.45,0.36
23.1,37.45,0.36
23.15,37.45,0.36
23.2,37.45,0.36
23.25,37.45,0.36
23.3,37.45,0.36
23.35,37.45,0.36
23.4,37.45,0.36
23.45,37.45,0.36
23.5,37.45,0.36
23.55,37.45,0.36
23.6,37.45,0.36
23.65,37.45,0.36
23.7,37.45,0.36
23.75,37.45,0.36
23.8,37.45,0.36
23.85,37.45,0.36
23.9,37.45,0.36
23.95,37.45,0.36
24.0,37.45,0.24
24.05,37.45,0.24
24.1,37.45,0.24
24.15,37.45,0.24
24.2,37.45,0.24
24.25,37.45,0.24
24.3,37.45,0.24
24.35,37.45,0.24
24.4,37.45,0.24
24.45,37.45,0.24
24.5,37.45,0.24
24.55,37.45,0.24
24.6,37.45,0.24
24.65,37.45,0.24
24.7,37.45,0.24
24.75,37.45,0.24
24.8,37.45,0.24
24.85,37.45,0.24
24.9,37.45,0.24
24.95,37.45,0.24
25.0,37.45,0.24
25.05,37.45,0.24
25.1,37.45,0.24
25.15,37.45,0.24
25.2,37.45,0.24
25.25,37.45,0.24
25.3,37.45,0.24
25.35,37.45,0.24
25.4,37.45,0.24
25.45,37.45,0.24
25.5,37.45,0.24
25.55,37.45,0.24
25.6,37.45,0.24
25.65,37.45,0.24
25.7,37.45,0.24
25.75,37.45,0.24
25.8,37.45,0.24
25.85,37.45,0.24
25.9,37.45,0.24
25.95,37.45,0.24
26.0,37.45,0.05
26.05,37.45,0.05
26.1,37.45,0.05
26.15,37.45,0.05
26.2,37.45,0.05
26.25,37.45,0.05
26.3,37.45,0.05
26.35,37.45,0.05
26.4,37.45,0.05
26.45,37.45,0.05
26.5,37.45,0.05
26.55,37.45,0.05
26.6,37.45,0.05
26.65,37.45,0.05
26.7,37.45,0.05
26.75,37.45,0.05
26.8,37.45,0.05
26.85,37.45,0.05
26.9,37.45,0.05
26.95,37.45,0.05
27.0,37.45,0.05
27.05,37.45,0.05
27.1,37.45,0.05
27.15,37.45,0.05
27.2,37.45,0.05
27.25,37.45,0.05
27.3,37.45,0.05
27.35,37.45,0.05
27.4,37.45,0.05
27.45,37.45,0.05
27.5,37.45,0.05
27.55,37.45,0.05
27.6,37.45,0.05
27.65,37.45,0.05
27.7,37.45,0.05
27.75,37.45,0.05
27.8,37.45,0.05
27.85,37.45,0.05
27.9,37.45,0.05
27.95,37.45,0.05
28.0,37.45,0.05
28.05,37.45,0.05
28.1,37.45,0.05
28.15,37.45,0.05
28.2,37.45,0.05
28.25,37.45,0.05
28.3,37.45,0.05
28.35,37.45,0.05
28.4,37.45,0.05
28.45,37.45,0.05
28.5,37.45,0.05
28.55,37.45,0.05
28.6,37.45,0.05
28.65,37.45,0.05
28.7,37.45,0.05
28.75,37.45,0.05
28.8,37.45,0.05
28.85,37.45,0.05
28.9,37.45,0.05
28.95,37.45,0.05
29.0,37.45,0.05
29.05,37.45,0.05
29.1,37.45,0.05
29.15,37.45,0.05
29.2,37.45,0.05
29.25,37.45,0.05
29.3,37.45,0.05
29.35,37.45,0.05
29.4,37.45,0.05
29.45,37.45,0.05
29.5,37.45,0.05
19.0,37.5,0.36
19.05,37.5,0.36
19.1,37.5,0.36
19.15,37.5,0.36
19.2,37.5,0.36
19.25,37.5,0.36
19.3,37.5,0.36
19.35,37.5,0.36
19.4,37.5,0.36
19.45,37.5,0.36
19.5,37.5,0.36
19.55,37.5,0.36
19.6,37.5,0.36
19.65,37.5,0.36
19.7,37.5,0.36
19.75,37.5,0.36
19.8,37.5,0.36
19.85,37.5,0.36
19.9,37.5,0.36
19.95,37.5,0.36
20.0,37.5,0.36
20.05,37.5,0.36
20.1,37.5,0.36
20.15,37.5,0.36
20.2,37.5,0.36
20.25,37.5,0.36
20.3,37.5,0.36
20.35,37.5,0.36
20.4,37.5,0.36
20.45,37.5,0.36
20.5,37.5,0.36
20.55,37.5,0.36
20.6,37.5,0.36
20.65,37.5,0.36
20.7,37.5,0.36
20.75,37.5,0.36
20.8,37.5,0.36
20.85,37.5,0.36
20.9,37.5,0.36
20.95,37.5,0.36
21.0,37.5,0.36
21.05,37.5,0.36
21.1,37.5,0.36
21.15,37.5,0.36
21.2,37.5,0.36
21.25,37.5,0.36
21.3,37.5,0.36
21.35,37.5,0.36
21.4,37.5,0.36
21.45,37.5,0.36
21.5,37.5,0.05
21.55,37.5,0.05
21.6,37.5,0.05
21.65,37.5,0.05
21.7,37.5,0.05
21.75,37.5,0.05
21.8,37.5,0.05
21.85,37.5,0.05
21.9,37.5,0.05
21.95,37.5,0.05
22.0,37.5,0.36
22.05,37.5,0.36
22.1,37.5,0.36
22.15,37.5,0.36
22.2,37.5,0.36
22.25,37.5,0.36
22.3,37.5,0.36
22.35,37.5,0.36
22.4,37.5,0.36
22.45,37.5,0.36
22.5,37.5,0.36
22.55,37.5,0.36
22.6,37.5,0.36
22.65,37.5,0.36
22.7,37.5,0.36
22.75,37.5,0.36
22.8,37.5,0.36
22.85,37.5,0.36
22.9,37.5,0.36
22.95,37.5,0.36
23.0,37.5,0.36
23.05,37.5,0.36
23.1,37.5,0.36
23.15,37.5,0.36
23.2,37.5,0.36
23.25,37.5,0.36
23.3,37.5,0.36
23.35,37.5,0.36
23.4,37.5,0.36
23.45,37.5,0.36
23.5,37.5,0.36
23.55,37.5,0.36
23.6,37.5,0.36
23.65,37.5,0.36
23.7,37.5,0.36
23.75,37.5,0.36
23.8,37.5,0.36
23.85,37.5,0.36
23.9,37.5,0.36
23.95,37.5,0.36
24.0,37.5,0.24
24.05,37.5,0.24
24.1,37.5,0.24
24.15,37.5,0.24
24.2,37.5,0.24
24.25,37.5,0.24
24.3,37.5,0.24
24.35,37.5,0.24
24.4,37.5,0.24
24.45,37.5,0.24
24.5,37.5,0.24
24.55,37.5,0.24
24.6,37.5,0.24
24.65,37.5,0.24
24.7,37.5,0.24
24.75,37.5,0.24
24.8,37.5,0.24
24.85,37.5,0.24
24.9,37.5,0.24
24.95,37.5,0.24
25.0,37.5,0.24
25.05,37.5,0.24
25.1,37.5,0.24
25.15,37.5,0.24
25.2,37.5,0.24
25.25,37.5,0.24
25.3,37.5,0.24
25.35,37.5,0.24
25.4,37.5,0.24
25.45,37.5,0.24
25.5,37.5,0.24
25.55,37.5,0.24
25.6,37.5,0.24
25.65,37.5,0.24
25.7,37.5,0.24
25.75,37.5,0.24
25.8,37.5,0.24
25.85,37.5,0.24
25.9,37.5,0.24
25.95,37.5,0.24
26.0,37.5,0.05
26.05,37.5,0.05
26.1,37.5,0.05
26.15,37.5,0.05
26.2,37.5,0.05
26.25,37.5,0.05
26.3,37.5,0.05
26.35,37.5,0.05
26.4,37.5,0.05
26.45,37.5,0.05
26.5,37.5,0.05
26.55,37.5,0.05
26.6,37.5,0.05
26.65,37.5,0.05
26.7,37.5,0.05
26.75,37.5,0.05
26.8,37.5,0.05
26.85,37.5,0.05
26.9,37.5,0.05
26.95,37.5,0.05
27.0,37.5,0.05
27.05,37.5,0.05
27.1,37.5,0.05
27.15,37.5,0.05
27.2,37.5,0.05
27.25,37.5,0.05
27.3,37.5,0.05
27.35,37.5,0.05
27.4,37.5,0.05
27.45,37.5,0.05
27.5,37.5,0.05
27.55,37.5,0.05
27.6,37.5,0.05
27.65,37.5,0.05
27.7,37.5,0.05
27.75,37.5,0.05
27.8,37.5,0.05
27.85,37.5,0.05
27.9,37.5,0.05
27.95,37.5,0.05
28.0,37.5,0.05
28.05,37.5,0.05
28.1,37.5,0.05
28.15,37.5,0.05
28.2,37.5,0.05
28.25,37.5,0.05
28.3,37.5,0.05
28.35,37.5,0.05
28.4,37.5,0.05
28.45,37.5,0.05
28.5,37.5,0.05
28.55,37.5,0.05
28.6,37.5,0.05
28.65,37.5,0.05
28.7,37.5,0.05
28.75,37.5,0.05
28.8,37.5,0.05
28.85,37.5,0.05
28.9,37.5,0.05
28.95,37.5,0.05
29.0,37.5,0.05
29.05,37.5,0.05
29.1,37.5,0.05
29.15,37.5,0.05
29.2,37.5,0.05
29.25,37.5,0.05
29.3,37.5,0.05
29.35,37.5,0.05
29.4,37.5,0.05
29.45,37.5,0.05
29.5,37.5,0.05
19.0,37.55,0.36
19.05,37.55,0.36
19.1,37.55,0.36
19.15,37.55,0.36
19.2,37.55,0.36
19.25,37.55,0.36
19.3,37.55,0.36
19.35,37.55,0.36
19.4,37.55,0.36
19.45,37.55,0.36
19.5,37.55,0.36
19.55,37.55,0.36
19.6,37.55,0.36
19.65,37.55,0.36
19.7,37.55,0.36
19.75,37.55,0.36
19.8,37.55,0.36
19.85,37.55,0.36
19.9,37.55,0.36
19.95,37.55,0.36
20.0,37.55,0.36
20.05,37.55,0.36
20.1,37.55,0.36
20.15,37.55,0.36
20.2,37.55,0.36
20.25,37.55,0.36
20.3,37.55,0.36
20.35,37.55,0.36
20.4,37.55,0.36
20.45,37.55,0.36
20.5,37.55,0.36
20.55,37.55,0.36
20.6,37.55,0.36
20.65,37.55,0.36
20.7,37.55,0.36
20.75,37.55,0.36
20.8,37.55,0.36
20.85,37.55,0.36
20.9,37.55,0.36
20.95,37.55,0.36
21.0,37.55,0.36
21.05,37.55,0.36
21.1,37.55,0.36
21.15,37.55,0.36
21.2,37.55,0.36
21.25,37.55,0.36
21.3,37.55,0.36
21.35,37.55,0.36
21.4,37.55,0.36
21.45,37.55,0.36
21.5,37.55,0.36
21.55,37.55,0.36
21.6,37.55,0.36
21.65,37.55,0.36
21.7,37.55,0.36
21.75,37.55,0.36
21.8,37.55,0.36
21.85,37.55,0.36
21.9,37.55,0.36
21.95,37.55,0.36
22.0,37.55,0.36
22.05,37.55,0.36
22.1,37.55,0.36
22.15,37.55,0.36
22.2,37.55,0.36
22.25,37.55,0.36
22.3,37.55,0.36
22.35,37.55,0.36
22.4,37.55,0.36
22.45,37.55,0.36
22.5,37.55,0.36
22.55,37.55,0.36
22.6,37.55,0.36
22.65,37.55,0.36
22.7,37.55,0.36
22.75,37.55,0.36
22.8,37.55,0.36
22.85,37.55,0.36
22.9,37.55,0.36
22.95,37.55,0.36
23.0,37.55,0.36
23.05,37.55,0.36
23.1,37.55,0.36
23.15,37.55,0.36
23.2,37.55,0.36
23.25,37.55,0.36
23.3,37.55,0.36
23.35,37.55,0.36
23.4,37.55,0.36
23.45,37.55,0.36
23.5,37.55,0.36
23.55,37.55,0.36
23.6,37.55,0.36
23.65,37.55,0.36
23.7,37.55,0.36
23.75,37.55,0.36
23.8,37.55,0.36
23.85,37.55,0.36
23.9,37.55,0.36
23.95,37.55,0.36
24.0,37.55,0.24
24.05,37.55,0.24
24.1,37.55,0.24
24.15,37.55,0.24
24.2,37.55,0.24
24.25,37.55,0.24
24.3,37.55,0.24
24.35,37.55,0.24
24.4,37.55,0.24
24.45,37.55,0.24
24.5,37.55,0.24
24.55,37.55,0.24
24.6,37.55,0.24
24.65,37.55,0.24
24.7,37.55,0.24
24.75,37.55,0.24
24.8,37.55,0.24
24.85,37.55,0.24
24.9,37.55,0.24
24.95,37.55,0.24
25.0,37.55,0.24
25.05,37.55,0.24
25.1,37.55,0.24
25.15,37.55,0.24
25.2,37.55,0.24
25.25,37.55,0.24
25.3,37.55,0.24
25.35,37.55,0.24
25.4,37.55,0.24
25.45,37.55,0.24
25.5,37.55,0.24
25.55,37.55,0.24
25.6,37.55,0.24
25.65,37.55,0.24
25.7,37.55,0.24
25.75,37.55,0.24
25.8,37.55,0.24
25.85,37.55,0.24
25.9,37.55,0.24
25.95,37.55,0.24
26.0,37.55,0.05
26.05,37.55,0.05
26.1,37.55,0.05
26.15,37.55,0.05
26.2,37.55,0.05
26.25,37.55,0.05
26.3,37.55,0.05
26.35,37.55,0.05
26.4,37.55,0.05
26.45,37.55,0.05
26.5,37.55,0.05
26.55,37.55,0.05
26.6,37.55,0.05
26.65,37.55,0.05
26.7,37.55,0.05
26.75,37.55,0.05
26.8,37.55,0.05
26.85,37.55,0.05
26.9,37.55,0.05
26.95,37.55,0.05
27.0,37.55,0.05
27.05,37.55,0.05
27.1,37.55,0.05
27.15,37.55,0.05
27.2,37.55,0.05
27.25,37.55,0.05
27.3,37.55,0.05
27.35,37.55,0.05
27.4,37.55,0.05
27.45,37.55,0.05
27.5,37.55,0.05
27.55,37.55,0.05
27.6,37.55,0.05
27.65,37.55,0.05
27.7,37.55,0.05
27.75,37.55,0.05
27.8,37.55,0.05
27.85,37.55,0.05
27.9,37.55,0.05
27.95,37.55,0.05
28.0,37.55,0.05
28.05,37.55,0.05
28.1,37.55,0.05
28.15,37.55,0.05
28.2,37.55,0.05
28.25,37.55,0.05
28.3,37.55,0.05
28.35,37.55,0.05
28.4,37.55,0.05
28.45,37.55,0.05
28.5,37.55,0.05
28.55,37.55,0.05
28.6,37.55,0.05
28.65,37.55,0.05
28.7,37.55,0.05
28.75,37.55,0.05
28.8,37.55,0.05
28.85,37.55,0.05
28.9,37.55,0.05
28.95,37.55,0.05
29.0,37.55,0.05
29.05,37.55,0.05
29.1,37.55,0.05
29.15,37.55,0.05
29.2,37.55,0.05
29.25,37.55,0.05
29.3,37.55,0.05
29.35,37.55,0.05
29.4,37.55,0.05
29.45,37.55,0.05
29.5,37.55,0.05
19.0,37.6,0.36
19.05,37.6,0.36
19.1,37.6,0.36
19.15,37.6,0.36
19.2,37.6,0.36
19.25,37.6,0.36
19.3,37.6,0.36
19.35,37.6,0.36
19.4,37.6,0.36
19.45,37.6,0.36
19.5,37.6,0.36
19.55,37.6,0.36
19.6,37.6,0.36
19.65,37.6,0.36
19.7,37.6,0.36
19.75,37.6,0.36
19.8,37.6,0.36
19.85,37.6,0.36
19.9,37.6,0.36
19.95,37.6,0.36
20.0,37.6,0.36
20.05,37.6,0.36
20.1,37.6,0.36
20.15,37.6,0.36
20.2,37.6,0.36
20.25,37.6,0.36
20.3,37.6,0.36
20.35,37.6,0.36
20.4,37.6,0.36
20.45,37.6,0.36
20.5,37.6,0.36
20.55,37.6,0.36
20.6,37.6,0.36
20.65,37.6,0.36
20.7,37.6,0.36
20.75,37.6,0.36
20.8,37.6,0.36
20.85,37.6,0.36
20.9,37.6,0.36
20.95,37.6,0.36
21.0,37.6,0.36
21.05,37.6,0.36
21.1,37.6,0.36
21.15,37.6,0.36
21.2,37.6,0.36
21.25,37.6,0.36
21.3,37.6,0.36
21.35,37.6,0.36
21.4,37.6,0.36
21.45,37.6,0.36
21.5,37.6,0.36
21.55,37.6,0.36
21.6,37.6,0.36
21.65,37.6,0.36
21.7,37.6,0.36
21.75,37.6,0.36
21.8,37.6,0.36
21.85,37.6,0.36
21.9,37.6,0.36
21.95,37.6,0.36
22.0,37.6,0.36
22.05,37.6,0.36
22.1,37.6,0.36
22.15,37.6,0.36
22.2,37.6,0.36
22.25,37.6,0.36
22.3,37.6,0.36
22.35,37.6,0.36
22.4,37.6,0.36
22.45,37.6,0.36
22.5,37.6,0.36
22.55,37.6,0.36
22.6,37.6,0.36
22.65,37.6,0.36
22.7,37.6,0.36
22.75,37.6,0.36
22.8,37.6,0.36
22.85,37.6,0.36
22.9,37.6,0.36
22.95,37.6,0.36
23.0,37.6,0.36
23.05,37.6,0.36
23.1,37.6,0.36
23.15,37.6,0.36
23.2,37.6,0.36
23.25,37.6,0.36
23.3,37.6,0.36
23.35,37.6,0.36
23.4,37.6,0.36
23.45,37.6,0.36
23.5,37.6,0.36
23.55,37.6,0.36
23.6,37.6,0.36
23.65,37.6,0.36
23.7,37.6,0.36
23.75,37.6,0.36
23.8,37.6,0.36
23.85,37.6,0.36
23.9,37.6,0.36
23.95,37.6,0.36
24.0,37.6,0.24
24.05,37.6,0.24
24.1,37.6,0.24
24.15,37.6,0.24
24.2,37.6,0.24
24.25,37.6,0.24
24.3,37.6,0.24
24.35,37.6,0.24
24.4,37.6,0.24
24.45,37.6,0.24
24.5,37.6,0.24
24.55,37.6,0.24
24.6,37.6,0.24
24.65,37.6,0.24
24.7,37.6,0.24
24.75,37.6,0.24
24.8,37.6,0.24
24.85,37.6,0.24
24.9,37.6,0.24
24.95,37.6,0.24
25.0,37.6,0.24
25.05,37.6,0.24
25.1,37.6,0.24
25.15,37.6,0.24
25.2,37.6,0.24
25.25,37.6,0.24
25.3,37.6,0.24
25.35,37.6,0.24
25.4,37.6,0.24
25.45,37.6,0.24
25.5,37.6,0.24
25.55,37.6,0.24
25.6,37.6,0.24
25.65,37.6,0.24
25.7,37.6,0.24
25.75,37.6,0.24
25.8,37.6,0.24
25.85,37.6,0.24
25.9,37.6,0.24
25.95,37.6,0.24
26.0,37.6,0.05
26.05,37.6,0.05
26.1,37.6,0.05
26.15,37.6,0.05
26.2,37.6,0.05
26.25,37.6,0.05
26.3,37.6,0.05
26.35,37.6,0.05
26.4,37.6,0.05
26.45,37.6,0.05
26.5,37.6,0.05
26.55,37.6,0.05
26.6,37.6,0.05
26.65,37.6,0.05
26.7,37.6,0.05
26.75,37.6,0.05
26.8,37.6,0.05
26.85,37.6,0.05
26.9,37.6,0.05
26.95,37.6,0.05
27.0,37.6,0.05
27.05,37.6,0.05
27.1,37.6,0.05
27.15,37.6,0.05
27.2,37.6,0.05
27.25,37.6,0.05
27.3,37.6,0.05
27.35,37.6,0.05
27.4,37.6,0.05
27.45,37.6,0.05
27.5,37.6,0.05
27.55,37.6,0.05
27.6,37.6,0.05
27.65,37.6,0.05
27.7,37.6,0.05
27.75,37.6,0.05
27.8,37.6,0.05
27.85,37.6,0.05
27.9,37.6,0.05
27.95,37.6,0.05
28.0,37.6,0.05
28.05,37.6,0.05
28.1,37.6,0.05
28.15,37.6,0.05
28.2,37.6,0.05
28.25,37.6,0.05
28.3,37.6,0.05
28.35,37.6,0.05
28.4,37.6,0.05
28.45,37.6,0.05
28.5,37.6,0.05
28.55,37.6,0.05
28.6,37.6,0.05
28.65,37.6,0.05
28.7,37.6,0.05
28.75,37.6,0.05
28.8,37.6,0.05
28.85,37.6,0.05
28.9,37.6,0.05
28.95,37.6,0.05
29.0,37.6,0.05
29.05,37.6,0.05
29.1,37.6,0.05
29.15,37.6,0.05
29.2,37.6,0.05
29.25,37.6,0.05
29.3,37.6,0.05
29.35,37.6,0.05
29.4,37.6,0.05
29.45,37.6,0.05
29.5,37.6,0.05
19.0,37.65,0.36
19.05,37.65,0.36
19.1,37.65,0.36
19.15,37.65,0.36
19.2,37.65,0.36
19.25,37.65,0.36
19.3,37.65,0.36
19.35,37.65,0.36
19.4,37.65,0.36
19.45,37.65,0.36
19.5,37.65,0.36
19.55,37.65,0.36
19.6,37.65,0.36
19.65,37.65,0.36
19.7,37.65,0.36
19.75,37.65,0.36
19.8,37.65,0.36
19.85,37.65,0.36
19.9,37.65,0.36
19.95,37.65,0.36
20.0,37.65,0.36
20.05,37.65,0.36
20.1,37.65,0.36
20.15,37.65,0.36
20.2,37.65,0.36
20.25,37.65,0.36
20.3,37.65,0.36
20.35,37.65,0.36
20.4,37.65,0.36
20.45,37.65,0.36
20.5,37.65,0.36
20.55,37.65,0.36
20.6,37.65,0.36
20.65,37.65,0.36
20.7,37.65,0.36
20.75,37.65,0.36
20.8,37.65,0.36
20.85,37.65,0.36
20.9,37.65,0.36
20.95,37.65,0.36
21.0,37.65,0.36
21.05,37.65,0.36
21.1,37.65,0.36
21.15,37.65,0.36
21.2,37.65,0.36
21.25,37.65,0.36
21.3,37.65,0.36
21.35,37.65,0.36
21.4,37.65,0.36
21.45,37.65,0.36
21.5,37.65,0.36
21.55,37.65,0.36
21.6,37.65,0.36
21.65,37.65,0.36
21.7,37.65,0.36
21.75,37.65,0.36
21.8,37.65,0.36
21.85,37.65,0.36
21.9,37.65,0.36
21.95,37.65,0.36
22.0,37.65,0.36
22.05,37.65,0.36
22.1,37.65,0.36
22.15,37.65,0.36
22.2,37.65,0.36
22.25,37.65,0.36
22.3,37.65,0.36
22.35,37.65,0.36
22.4,37.65,0.36
22.45,37.65,0.36
22.5,37.65,0.36
22.55,37.65,0.36
22.6,37.65,0.36
22.65,37.65,0.36
22.7,37.65,0.36
22.75,37.65,0.36
22.8,37.65,0.36
22.85,37.65,0.36
22.9,37.65,0.36
22.95,37.65,0.36
23.0,37.65,0.36
23.05,37.65,0.36
23.1,37.65,0.36
23.15,37.65,0.36
23.2,37.65,0.36
23.25,37.65,0.36
23.3,37.65,0.36
23.35,37.65,0.36
23.4,37.65,0.36
23.45,37.65,0.36
23.5,37.65,0.36
23.55,37.65,0.36
23.6,37.65,0.36
23.65,37.65,0.36
23.7,37.65,0.36
23.75,37.65,0.36
23.8,37.65,0.36
23.85,37.65,0.36
23.9,37.65,0.36
23.95,37.65,0.36
24.0,37.65,0.24
24.05,37.65,0.24
24.1,37.65,0.24
24.15,37.65,0.24
24.2,37.65,0.24
24.25,37.65,0.24
24.3,37.65,0.24
24.35,37.65,0.24
24.4,37.65,0.24
24.45,37.65,0.24
24.5,37.65,0.24
24.55,37.65,0.24
24.6,37.65,0.24
24.65,37.65,0.24
24.7,37.65,0.24
24.75,37.65,0.24
24.8,37.65,0.24
24.85,37.65,0.24
24.9,37.65,0.24
24.95,37.65,0.24
25.0,37.65,0.24
25.05,37.65,0.24
25.1,37.65,0.24
25.15,37.65,0.24
25.2,37.65,0.24
25.25,37.65,0.24
25.3,37.65,0.24
25.35,37.65,0.24
25.4,37.65,0.24
25.45,37.65,0.24
25.5,37.65,0.24
25.55,37.65,0.24
25.6,37.65,0.24
25.65,37.65,0.24
25.7,37.65,0.24
25.75,37.65,0.24
25.8,37.65,0.24
25.85,37.65,0.24
25.9,37.65,0.24
25.95,37.65,0.24
26.0,37.65,0.05
26.05,37.65,0.05
26.1,37.65,0.05
26.15,37.65,0.05
26.2,37.65,0.05
26.25,37.65,0.05
26.3,37.65,0.05
26.35,37.65,0.05
26.4,37.65,0.05
26.45,37.65,0.05
26.5,37.65,0.05
26.55,37.65,0.05
26.6,37.65,0.05
26.65,37.65,0.05
26.7,37.65,0.05
26.75,37.65,0.05
26.8,37.65,0.05
26.85,37.65,0.05
26.9,37.65,0.05
26.95,37.65,0.05
27.0,37.65,0.05
27.05,37.65,0.05
27.1,37.65,0.05
27.15,37.65,0.05
27.2,37.65,0.05
27.25,37.65,0.05
27.3,37.65,0.05
27.35,37.65,0.05
27.4,37.65,0.05
27.45,37.65,0.05
27.5,37.65,0.05
27.55,37.65,0.05
27.6,37.65,0.05
27.65,37.65,0.05
27.7,37.65,0.05
27.75,37.65,0.05
27.8,37.65,0.05
27.85,37.65,0.05
27.9,37.65,0.05
27.95,37.65,0.05
28.0,37.65,0.05
28.05,37.65,0.05
28.1,37.65,0.05
28.15,37.65,0.05
28.2,37.65,0.05
28.25,37.65,0.05
28.3,37.65,0.05
28.35,37.65,0.05
28.4,37.65,0.05
28.45,37.65,0.05
28.5,37.65,0.05
28.55,37.65,0.05
28.6,37.65,0.05
28.65,37.65,0.05
28.7,37.65,0.05
28.75,37.65,0.05
28.8,37.65,0.05
28.85,37.65,0.05
28.9,37.65,0.05
28.95,37.65,0.05
29.0,37.65,0.05
29.05,37.65,0.05
29.1,37.65,0.05
29.15,37.65,0.05
29.2,37.65,0.05
29.25,37.65,0.05
29.3,37.65,0.05
29.35,37.65,0.05
29.4,37.65,0.05
29.45,37.65,0.05
29.5,37.65,0.05
19.0,37.7,0.36
19.05,37.7,0.36
19.1,37.7,0.36
19.15,37.7,0.36
19.2,37.7,0.36
19.25,37.7,0.36
19.3,37.7,0.36
19.35,37.7,0.36
19.4,37.7,0.36
19.45,37.7,0.36
19.5,37.7,0.36
19.55,37.7,0.36
19.6,37.7,0.36
19.65,37.7,0.36
19.7,37.7,0.36
19.75,37.7,0.36
19.8,37.7,0.36
19.85,37.7,0.36
19.9,37.7,0.36
19.95,37.7,0.36
20.0,37.7,0.36
20.05,37.7,0.36
20.1,37.7,0.36
20.15,37.7,0.36
20.2,37.7,0.36
20.25,37.7,0.36
20.3,37.7,0.36
20.35,37.7,0.36
20.4,37.7,0.36
20.45,37.7,0.36
20.5,37.7,0.36
20.55,37.7,0.36
20.6,37.7,0.36
20.65,37.7,0.36
20.7,37.7,0.36
20.75,37.7,0.36
20.8,37.7,0.36
20.85,37.7,0.36
20.9,37.7,0.36
20.95,37.7,0.36
21.0,37.7,0.36
21.05,37.7,0.36
21.1,37.7,0.36
21.15,37.7,0.36
21.2,37.7,0.36
21.25,37.7,0.36
21.3,37.7,0.36
21.35,37.7,0.36
21.4,37.7,0.36
21.45,37.7,0.36
21.5,37.7,0.36
21.55,37.7,0.36
21.6,37.7,0.36
21.65,37.7,0.36
21.7,37.7,0.36
21.75,37.7,0.36
21.8,37.7,0.36
21.85,37.7,0.36
21.9,37.7,0.36
21.95,37.7,0.36
22.0,37.7,0.36
22.05,37.7,0.36
22.1,37.7,0.36
22.15,37.7,0.36
22.2,37.7,0.36
22.25,37.7,0.36
22.3,37.7,0.36
22.35,37.7,0.36
22.4,37.7,0.36
22.45,37.7,0.36
22.5,37.7,0.36
22.55,37.7,0.36
22.6,37.7,0.36
22.65,37.7,0.36
22.7,37.7,0.36
22.75,37.7,0.36
22.8,37.7,0.36
22.85,37.7,0.36
22.9,37.7,0.36
22.95,37.7,0.36
23.0,37.7,0.36
23.05,37.7,0.36
23.1,37.7,0.36
23.15,37.7,0.36
23.2,37.7,0.36
23.25,37.7,0.36
23.3,37.7,0.36
23.35,37.7,0.36
23.4,37.7,0.36
23.45,37.7,0.36
23.5,37.7,0.36
23.55,37.7,0.36
23.6,37.7,0.36
23.65,37.7,0.36
23.7,37.7,0.36
23.75,37.7,0.36
23.8,37.7,0.36
23.85,37.7,0.36
23.9,37.7,0.36
23.95,37.7,0.36
24.0,37.7,0.24
24.05,37.7,0.24
24.1,37.7,0.24
24.15,37.7,0.24
24.2,37.7,0.24
24.25,37.7,0.24
24.3,37.7,0.24
24.35,37.7,0.24
24.4,37.7,0.24
24.45,37.7,0.24
24.5,37.7,0.24
24.55,37.7,0.24
24.6,37.7,0.24
24.65,37.7,0.24
24.7,37.7,0.24
24.75,37.7,0.24
24.8,37.7,0.24
24.85,37.7,0.24
24.9,37.7,0.24
24.95,37.7,0.24
25.0,37.7,0.24
25.05,37.7,0.24
25.1,37.7,0.24
25.15,37.7,0.24
25.2,37.7,0.24
25.25,37.7,0.24
25.3,37.7,0.24
25.35,37.7,0.24
25.4,37.7,0.24
25.45,37.7,0.24
25.5,37.7,0.24
25.55,37.7,0.24
25.6,37.7,0.24
25.65,37.7,0.24
25.7,37.7,0.24
25.75,37.7,0.24
25.8,37.7,0.24
25.85,37.7,0.24
25.9,37.7,0.24
25.95,37.7,0.24
26.0,37.7,0.05
26.05,37.7,0.05
26.1,37.7,0.05
26.15,37.7,0.05
26.2,37.7,0.05
26.25,37.7,0.05
26.3,37.7,0.05
26.35,37.7,0.05
26.4,37.7,0.05
26.45,37.7,0.05
26.5,37.7,0.05
26.55,37.7,0.05
26.6,37.7,0.05
26.65,37.7,0.05
26.7,37.7,0.05
26.75,37.7,0.05
26.8,37.7,0.05
26.85,37.7,0.05
26.9,37.7,0.05
26.95,37.7,0.05
27.0,37.7,0.05
27.05,37.7,0.05
27.1,37.7,0.05
27.15,37.7,0.05
27.2,37.7,0.05
27.25,37.7,0.05
27.3,37.7,0.05
27.35,37.7,0.05
27.4,37.7,0.05
27.45,37.7,0.05
27.5,37.7,0.05
27.55,37.7,0.05
27.6,37.7,0.05
27.65,37.7,0.05
27.7,37.7,0.05
27.75,37.7,0.05
27.8,37.7,0.05
27.85,37.7,0.05
27.9,37.7,0.05
27.95,37.7,0.05
28.0,37.7,0.05
28.05,37.7,0.05
28.1,37.7,0.05
28.15,37.7,0.05
28.2,37.7,0.05
28.25,37.7,0.05
28.3,37.7,0.05
28.35,37.7,0.05
28.4,37.7,0.05
28.45,37.7,0.05
28.5,37.7,0.05
28.55,37.7,0.05
28.6,37.7,0.05
28.65,37.7,0.05
28.7,37.7,0.05
28.75,37.7,0.05
28.8,37.7,0.05
28.85,37.7,0.05
28.9,37.7,0.05
28.95,37.7,0.05
29.0,37.7,0.05
29.05,37.7,0.05
29.1,37.7,0.05
29.15,37.7,0.05
29.2,37.7,0.05
29.25,37.7,0.05
29.3,37.7,0.05
29.35,37.7,0.05
29.4,37.7,0.05
29.45,37.7,0.05
29.5,37.7,0.05
19.0,37.75,0.36
19.05,37.75,0.36
19.1,37.75,0.36
19.15,37.75,0.36
19.2,37.75,0.36
19.25,37.75,0.36
19.3,37.75,0.36
19.35,37.75,0.36
19.4,37.75,0.36
19.45,37.75,0.36
19.5,37.75,0.36
19.55,37.75,0.36
19.6,37.75,0.36
19.65,37.75,0.36
19.7,37.75,0.36
19.75,37.75,0.36
19.8,37.75,0.36
19.85,37.75,0.36
19.9,37.75,0.36
19.95,37.75,0.36
20.0,37.75,0.36
20.05,37.75,0.36
20.1,37.75,0.36
20.15,37.75,0.36
20.2,37.75,0.36
20.25,37.75,0.36
20.3,37.75,0.36
20.35,37.75,0.36
20.4,37.75,0.36
20.45,37.75,0.36
20.5,37.75,0.36
20.55,37.75,0.36
20.6,37.75,0.36
20.65,37.75,0.36
20.7,37.75,0.36
20.75,37.75,0.36
20.8,37.75,0.36
20.85,37.75,0.36
20.9,37.75,0.36
20.95,37.75,0.36
21.0,37.75,0.36
21.05,37.75,0.36
21.1,37.75,0.36
21.15,37.75,0.36
21.2,37.75,0.36
21.25,37.75,0.36
21.3,37.75,0.36
21.35,37.75,0.36
21.4,37.75,0.36
21.45,37.75,0.36
21.5,37.75,0.36
21.55,37.75,0.36
21.6,37.75,0.36
21.65,37.75,0.36
21.7,37.75,0.36
21.75,37.75,0.36
21.8,37.75,0.36
21.85,37.75,0.36
21.9,37.75,0.36
21.95,37.75,0.36
22.0,37.75,0.36
22.05,37.75,0.36
22.1,37.75,0.36
22.15,37.75,0.36
22.2,37.75,0.36
22.25,37.75,0.36
22.3,37.75,0.36
22.35,37.75,0.36
22.4,37.75,0.36
22.45,37.75,0.36
22.5,37.75,0.36
22.55,37.75,0.36
22.6,37.75,0.36
22.65,37.75,0.36
22.7,37.75,0.36
22.75,37.75,0.36
22.8,37.75,0.36
22.85,37.75,0.36
22.9,37.75,0.36
22.95,37.75,0.36
23.0,37.75,0.36
23.05,37.75,0.36
23.1,37.75,0.36
23.15,37.75,0.36
23.2,37.75,0.36
23.25,37.75,0.36
23.3,37.75,0.36
23.35,37.75,0.36
23.4,37.75,0.36
23.45,37.75,0.36
23.5,37.75,0.36
23.55,37.75,0.36
23.6,37.75,0.36
23.65,37.75,0.36
23.7,37.75,0.36
23.75,37.75,0.36
23.8,37.75,0.36
23.85,37.75,0.36
23.9,37.75,0.36
23.95,37.75,0.36
24.0,37.75,0.24
24.05,37.75,0.24
24.1,37.75,0.24
24.15,37.75,0.24
24.2,37.75,0.24
24.25,37.75,0.24
24.3,37.75,0.24
24.35,37.75,0.24
24.4,37.75,0.24
24.45,37.75,0.24
24.5,37.75,0.24
24.55,37.75,0.24
24.6,37.75,0.24
24.65,37.75,0.24
24.7,37.75,0.24
24.75,37.75,0.24
24.8,37.75,0.24
24.85,37.75,0.24
24.9,37.75,0.24
24.95,37.75,0.24
25.0,37.75,0.24
25.05,37.75,0.24
25.1,37.75,0.24
25.15,37.75,0.24
25.2,37.75,0.24
25.25,37.75,0.24
25.3,37.75,0.24
25.35,37.75,0.24
25.4,37.75,0.24
25.45,37.75,0.24
25.5,37.75,0.24
25.55,37.75,0.24
25.6,37.75,0.24
25.65,37.75,0.24
25.7,37.75,0.24
25.75,37.75,0.24
25.8,37.75,0.24
25.85,37.75,0.24
25.9,37.75,0.24
25.95,37.75,0.24
26.0,37.75,0.05
26.05,37.75,0.05
26.1,37.75,0.05
26.15,37.75,0.05
26.2,37.75,0.05
26.25,37.75,0.05
26.3,37.75,0.05
26.35,37.75,0.05
26.4,37.75,0.05
26.45,37.75,0.05
26.5,37.75,0.05
26.55,37.75,0.05
26.6,37.75,0.05
26.65,37.75,0.05
26.7,37.75,0.05
26.75,37.75,0.05
26.8,37.75,0.05
26.85,37.75,0.05
26.9,37.75,0.05
26.95,37.75,0.05
27.0,37.75,0.05
27.05,37.75,0.05
27.1,37.75,0.05
27.15,37.75,0.05
27.2,37.75,0.05
27.25,37.75,0.05
27.3,37.75,0.05
27.35,37.75,0.05
27.4,37.75,0.05
27.45,37.75,0.05
27.5,37.75,0.05
27.55,37.75,0.05
27.6,37.75,0.05
27.65,37.75,0.05
27.7,37.75,0.05
27.75,37.75,0.05
27.8,37.75,0.05
27.85,37.75,0.05
27.9,37.75,0.05
27.95,37.75,0.05
28.0,37.75,0.05
28.05,37.75,0.05
28.1,37.75,0.05
28.15,37.75,0.05
28.2,37.75,0.05
28.25,37.75,0.05
28.3,37.75,0.05
28.35,37.75,0.05
28.4,37.75,0.05
28.45,37.75,0.05
28.5,37.75,0.05
28.55,37.75,0.05
28.6,37.75,0.05
28.65,37.75,0.05
28.7,37.75,0.05
28.75,37.75,0.05
28.8,37.75,0.05
28.85,37.75,0.05
28.9,37.75,0.05
28.95,37.75,0.05
29.0,37.75,0.05
29.05,37.75,0.05
29.1,37.75,0.05
29.15,37.75,0.05
29.2,37.75,0.05
29.25,37.75,0.05
29.3,37.75,0.05
29.35,37.75,0.05
29.4,37.75,0.05
29.45,37.75,0.05
29.5,37.75,0.05
19.0,37.8,0.36
19.05,37.8,0.36
19.1,37.8,0.36
19.15,37.8,0.36
19.2,37.8,0.36
19.25,37.8,0.36
19.3,37.8,0.36
19.35,37.8,0.36
19.4,37.8,0.36
19.45,37.8,0.36
19.5,37.8,0.36
19.55,37.8,0.36
19.6,37.8,0.36
19.65,37.8,0.36
19.7,37.8,0.36
19.75,37.8,0.36
19.8,37.8,0.36
19.85,37.8,0.36
19.9,37.8,0.36
19.95,37.8,0.36
20.0,37.8,0.36
20.05,37.8,0.36
20.1,37.8,0.36
20.15,37.8,0.36
20.2,37.8,0.36
20.25,37.8,0.36
20.3,37.8,0.36
20.35,37.8,0.36
20.4,37.8,0.36
20.45,37.8,0.36
20.5,37.8,0.36
20.55,37.8,0.36
20.6,37.8,0.36
20.65,37.8,0.36
20.7,37.8,0.36
20.75,37.8,0.36
20.8,37.8,0.36
20.85,37.8,0.36
20.9,37.8,0.36
20.95,37.8,0.36
21.0,37.8,0.36
21.05,37.8,0.36
21.1,37.8,0.36
21.15,37.8,0.36
21.2,37.8,0.36
21.25,37.8,0.36
21.3,37.8,0.36
21.35,37.8,0.36
21.4,37.8,0.36
21.45,37.8,0.36
21.5,37.8,0.36
21.55,37.8,0.36
21.6,37.8,0.36
21.65,37.8,0.36
21.7,37.8,0.36
21.75,37.8,0.36
21.8,37.8,0.36
21.85,37.8,0.36
21.9,37.8,0.36
21.95,37.8,0.36
22.0,37.8,0.36
22.05,37.8,0.36
22.1,37.8,0.36
22.15,37.8,0.36
22.2,37.8,0.36
22.25,37.8,0.36
22.3,37.8,0.36
22.35,37.8,0.36
22.4,37.8,0.36
22.45,37.8,0.36
22.5,37.8,0.36
22.55,37.8,0.36
22.6,37.8,0.36
22.65,37.8,0.36
22.7,37.8,0.36
22.75,37.8,0.36
22.8,37.8,0.36
22.85,37.8,0.36
22.9,37.8,0.36
22.95,37.8,0.36
23.0,37.8,0.36
23.05,37.8,0.36
23.1,37.8,0.36
23.15,37.8,0.36
23.2,37.8,0.36
23.25,37.8,0.36
23.3,37.8,0.36
23.35,37.8,0.36
23.4,37.8,0.36
23.45,37.8,0.36
23.5,37.8,0.36
23.55,37.8,0.36
23.6,37.8,0.36
23.65,37.8,0.36
23.7,37.8,0.36
23.75,37.8,0.36
23.8,37.8,0.36
23.85,37.8,0.36
23.9,37.8,0.36
23.95,37.8,0.36
24.0,37.8,0.24
24.05,37.8,0.24
24.1,37.8,0.24
24.15,37.8,0.24
24.2,37.8,0.24
24.25,37.8,0.24
24.3,37.8,0.24
24.35,37.8,0.24
24.4,37.8,0.24
24.45,37.8,0.24
24.5,37.8,0.24
24.55,37.8,0.24
24.6,37.8,0.24
24.65,37.8,0.24
24.7,37.8,0.24
24.75,37.8,0.24
24.8,37.8,0.24
24.85,37.8,0.24
24.9,37.8,0.24
24.95,37.8,0.24
25.0,37.8,0.24
25.05,37.8,0.24
25.1,37.8,0.24
25.15,37.8,0.24
25.2,37.8,0.24
25.25,37.8,0.24
25.3,37.8,0.24
25.35,37.8,0.24
25.4,37.8,0.24
25.45,37.8,0.24
25.5,37.8,0.24
25.55,37.8,0.24
25.6,37.8,0.24
25.65,37.8,0.24
25.7,37.8,0.24
25.75,37.8,0.24
25.8,37.8,0.24
25.85,37.8,0.24
25.9,37.8,0.24
25.95,37.8,0.24
26.0,37.8,0.05
26.05,37.8,0.05
26.1,37.8,0.05
26.15,37.8,0.05
26.2,37.8,0.05
26.25,37.8,0.05
26.3,37.8,0.05
26.35,37.8,0.05
26.4,37.8,0.05
26.45,37.8,0.05
26.5,37.8,0.05
26.55,37.8,0.05
26.6,37.8,0.05
26.65,37.8,0.05
26.7,37.8,0.05
26.75,37.8,0.05
26.8,37.8,0.05
26.85,37.8,0.05
26.9,37.8,0.05
26.95,37.8,0.05
27.0,37.8,0.05
27.05,37.8,0.05
27.1,37.8,0.05
27.15,37.8,0.05
27.2,37.8,0.05
27.25,37.8,0.05
27.3,37.8,0.05
27.35,37.8,0.05
27.4,37.8,0.05
27.45,37.8,0.05
27.5,37.8,0.05
27.55,37.8,0.05
27.6,37.8,0.05
27.65,37.8,0.05
27.7,37.8,0.05
27.75,37.8,0.05
27.8,37.8,0.05
27.85,37.8,0.05
27.9,37.8,0.05
27.95,37.8,0.05
28.0,37.8,0.05
28.05,37.8,0.05
28.1,37.8,0.05
28.15,37.8,0.05
28.2,37.8,0.05
28.25,37.8,0.05
28.3,37.8,0.05
28.35,37.8,0.05
28.4,37.8,0.05
28.45,37.8,0.05
28.5,37.8,0.05
28.55,37.8,0.05
28.6,37.8,0.05
28.65,37.8,0.05
28.7,37.8,0.05
28.75,37.8,0.05
28.8,37.8,0.05
28.85,37.8,0.05
28.9,37.8,0.05
28.95,37.8,0.05
29.0,37.8,0.05
29.05,37.8,0.05
29.1,37.8,0.05
29.15,37.8,0.05
29.2,37.8,0.05
29.25,37.8,0.05
29.3,37.8,0.05
29.35,37.8,0.05
29.4,37.8,0.05
29.45,37.8,0.05
29.5,37.8,0.05
19.0,37.85,0.36
19.05,37.85,0.36
19.1,37.85,0.36
19.15,37.85,0.36
19.2,37.85,0.36
19.25,37.85,0.36
19.3,37.85,0.36
19.35,37.85,0.36
19.4,37.85,0.36
19.45,37.85,0.36
19.5,37.85,0.36
19.55,37.85,0.36
19.6,37.85,0.36
19.65,37.85,0.36
19.7,37.85,0.36
19.75,37.85,0.36
19.8,37.85,0.36
19.85,37.85,0.36
19.9,37.85,0.36
19.95,37.85,0.36
20.0,37.85,0.36
20.05,37.85,0.36
20.1,37.85,0.36
20.15,37.85,0.36
20.2,37.85,0.36
20.25,37.85,0.36
20.3,37.85,0.36
20.35,37.85,0.36
20.4,37.85,0.36
20.45,37.85,0.36
20.5,37.85,0.36
20.55,37.85,0.36
20.6,37.85,0.36
20.65,37.85,0.36
20.7,37.85,0.36
20.75,37.85,0.36
20.8,37.85,0.36
20.85,37.85,0.36
20.9,37.85,0.36
20.95,37.85,0.36
21.0,37.85,0.3
21.05,37.85,0.3
21.1,37.85,0.3
21.15,37.85,0.3
21.2,37.85,0.3
21.25,37.85,0.3
21.3,37.85,0.3
21.35,37.85,0.3
21.4,37.85,0.3
21.45,37.85,0.3
21.5,37.85,0.3
21.55,37.85,0.3
21.6,37.85,0.3
21.65,37.85,0.3
21.7,37.85,0.3
21.75,37.85,0.3
21.8,37.85,0.3
21.85,37.85,0.3
21.9,37.85,0.3
21.95,37.85,0.3
22.0,37.85,0.3
22.05,37.85,0.3
22.1,37.85,0.3
22.15,37.85,0.3
22.2,37.85,0.3
22.25,37.85,0.3
22.3,37.85,0.3
22.35,37.85,0.3
22.4,37.85,0.3
22.45,37.85,0.3
22.5,37.85,0.3
22.55,37.85,0.3
22.6,37.85,0.3
22.65,37.85,0.3
22.7,37.85,0.3
22.75,37.85,0.3
22.8,37.85,0.3
22.85,37.85,0.3
22.9,37.85,0.3
22.95,37.85,0.3
23.0,37.85,0.3
23.05,37.85,0.3
23.1,37.85,0.3
23.15,37.85,0.3
23.2,37.85,0.3
23.25,37.85,0.3
23.3,37.85,0.3
23.35,37.85,0.3
23.4,37.85,0.3
23.45,37.85,0.3
23.5,37.85,0.3
23.55,37.85,0.3
23.6,37.85,0.3
23.65,37.85,0.3
23.7,37.85,0.3
23.75,37.85,0.3
23.8,37.85,0.3
23.85,37.85,0.3
23.9,37.85,0.3
23.95,37.85,0.3
24.0,37.85,0.3
24.05,37.85,0.3
24.1,37.85,0.3
24.15,37.85,0.3
24.2,37.85,0.3
24.25,37.85,0.3
24.3,37.85,0.3
24.35,37.85,0.3
24.4,37.85,0.3
24.45,37.85,0.3
24.5,37.85,0.3
24.55,37.85,0.3
24.6,37.85,0.3
24.65,37.85,0.3
24.7,37.85,0.3
24.75,37.85,0.3
24.8,37.85,0.3
24.85,37.85,0.3
24.9,37.85,0.3
24.95,37.85,0.3
25.0,37.85,0.3
25.05,37.85,0.3
25.1,37.85,0.3
25.15,37.85,0.3
25.2,37.85,0.3
25.25,37.85,0.3
25.3,37.85,0.3
25.35,37.85,0.3
25.4,37.85,0.3
25.45,37.85,0.3
25.5,37.85,0.3
25.55,37.85,0.3
25.6,37.85,0.3
25.65,37.85,0.3
25.7,37.85,0.3
25.75,37.85,0.3
25.8,37.85,0.3
25.85,37.85,0.3
25.9,37.85,0.3
25.95,37.85,0.3
26.0,37.85,0.3
26.05,37.85,0.3
26.1,37.85,0.3
26.15,37.85,0.3
26.2,37.85,0.3
26.25,37.85,0.3
26.3,37.85,0.3
26.35,37.85,0.3
26.4,37.85,0.3
26.45,37.85,0.3
26.5,37.85,0.05
26.55,37.85,0.05
26.6,37.85,0.05
26.65,37.85,0.05
26.7,37.85,0.05
26.75,37.85,0.05
26.8,37.85,0.05
26.85,37.85,0.05
26.9,37.85,0.05
26.95,37.85,0.05
27.0,37.85,0.05
27.05,37.85,0.05
27.1,37.85,0.05
27.15,37.85,0.05
27.2,37.85,0.05
27.25,37.85,0.05
27.3,37.85,0.05
27.35,37.85,0.05
27.4,37.85,0.05
27.45,37.85,0.05
27.5,37.85,0.05
27.55,37.85,0.05
27.6,37.85,0.05
27.65,37.85,0.05
27.7,37.85,0.05
27.75,37.85,0.05
27.8,37.85,0.05
27.85,37.85,0.05
27.9,37.85,0.05
27.95,37.85,0.05
28.0,37.85,0.05
28.05,37.85,0.05
28.1,37.85,0.05
28.15,37.85,0.05
28.2,37.85,0.05
28.25,37.85,0.05
28.3,37.85,0.05
28.35,37.85,0.05
28.4,37.85,0.05
28.45,37.85,0.05
28.5,37.85,0.05
28.55,37.85,0.05
28.6,37.85,0.05
28.65,37.85,0.05
28.7,37.85,0.05
28.75,37.85,0.05
28.8,37.85,0.05
28.85,37.85,0.05
28.9,37.85,0.05
28.95,37.85,0.05
29.0,37.85,0.05
29.05,37.85,0.05
29.1,37.85,0.05
29.15,37.85,0.05
29.2,37.85,0.05
29.25,37.85,0.05
29.3,37.85,0.05
29.35,37.85,0.05
29.4,37.85,0.05
29.45,37.85,0.05
29.5,37.85,0.05
19.0,37.9,0.36
19.05,37.9,0.36
19.1,37.9,0.36
19.15,37.9,0.36
19.2,37.9,0.36
19.25,37.9,0.36
19.3,37.9,0.36
19.35,37.9,0.36
19.4,37.9,0.36
19.45,37.9,0.36
19.5,37.9,0.36
19.55,37.9,0.36
19.6,37.9,0.36
19.65,37.9,0.36
19.7,37.9,0.36
19.75,37.9,0.36
19.8,37.9,0.36
19.85,37.9,0.36
19.9,37.9,0.36
19.95,37.9,0.36
20.0,37.9,0.36
20.05,37.9,0.36
20.1,37.9,0.36
20.15,37.9,0.36
20.2,37.9,0.36
20.25,37.9,0.36
20.3,37.9,0.36
20.35,37.9,0.36
20.4,37.9,0.36
20.45,37.9,0.36
20.5,37.9,0.36
20.55,37.9,0.36
20.6,37.9,0.36
20.65,37.9,0.36
20.7,37.9,0.36
20.75,37.9,0.36
20.8,37.9,0.36
20.85,37.9,0.36
20.9,37.9,0.36
20.95,37.9,0.36
21.0,37.9,0.3
21.05,37.9,0.3
21.1,37.9,0.3
21.15,37.9,0.3
21.2,37.9,0.3
21.25,37.9,0.3
21.3,37.9,0.3
21.35,37.9,0.3
21.4,37.9,0.3
21.45,37.9,0.3
21.5,37.9,0.3
21.55,37.9,0.3
21.6,37.9,0.3
21.65,37.9,0.3
21.7,37.9,0.3
21.75,37.9,0.3
21.8,37.9,0.3
21.85,37.9,0.3
21.9,37.9,0.3
21.95,37.9,0.3
22.0,37.9,0.3
22.05,37.9,0.3
22.1,37.9,0.3
22.15,37.9,0.3
22.2,37.9,0.3
22.25,37.9,0.3
22.3,37.9,0.3
22.35,37.9,0.3
22.4,37.9,0.3
22.45,37.9,0.3
22.5,37.9,0.3
22.55,37.9,0.3
22.6,37.9,0.3
22.65,37.9,0.3
22.7,37.9,0.3
22.75,37.9,0.3
22.8,37.9,0.3
22.85,37.9,0.3
22.9,37.9,0.3
22.95,37.9,0.3
23.0,37.9,0.3
23.05,37.9,0.3
23.1,37.9,0.3
23.15,37.9,0.3
23.2,37.9,0.3
23.25,37.9,0.3
23.3,37.9,0.3
23.35,37.9,0.3
23.4,37.9,0.3
23.45,37.9,0.3
23.5,37.9,0.3
23.55,37.9,0.3
23.6,37.9,0.3
23.65,37.9,0.3
23.7,37.9,0.3
23.75,37.9,0.3
23.8,37.9,0.3
23.85,37.9,0.3
23.9,37.9,0.3
23.95,37.9,0.3
24.0,37.9,0.3
24.05,37.9,0.3
24.1,37.9,0.3
24.15,37.9,0.3
24.2,37.9,0.3
24.25,37.9,0.3
24.3,37.9,0.3
24.35,37.9,0.3
24.4,37.9,0.3
24.45,37.9,0.3
24.5,37.9,0.3
24.55,37.9,0.3
24.6,37.9,0.3
24.65,37.9,0.3
24.7,37.9,0.3
24.75,37.9,0.3
24.8,37.9,0.3
24.85,37.9,0.3
24.9,37.9,0.3
24.95,37.9,0.3
25.0,37.9,0.3
25.05,37.9,0.3
25.1,37.9,0.3
25.15,37.9,0.3
25.2,37.9,0.3
25.25,37.9,0.3
25.3,37.9,0.3
25.35,37.9,0.3
25.4,37.9,0.3
25.45,37.9,0.3
25.5,37.9,0.3
25.55,37.9,0.3
25.6,37.9,0.3
25.65,37.9,0.3
25.7,37.9,0.3
25.75,37.9,0.3
25.8,37.9,0.3
25.85,37.9,0.3
25.9,37.9,0.3
25.95,37.9,0.3
26.0,37.9,0.3
26.05,37.9,0.3
26.1,37.9,0.3
26.15,37.9,0.3
26.2,37.9,0.3
26.25,37.9,0.3
26.3,37.9,0.3
26.35,37.9,0.3
26.4,37.9,0.3
26.45,37.9,0.3
26.5,37.9,0.05
26.55,37.9,0.05
26.6,37.9,0.05
26.65,37.9,0.05
26.7,37.9,0.05
26.75,37.9,0.05
26.8,37.9,0.05
26.85,37.9,0.05
26.9,37.9,0.05
26.95,37.9,0.05
27.0,37.9,0.05
27.05,37.9,0.05
27.1,37.9,0.05
27.15,37.9,0.05
27.2,37.9,0.05
27.25,37.9,0.05
27.3,37.9,0.05
27.35,37.9,0.05
27.4,37.9,0.05
27.45,37.9,0.05
27.5,37.9,0.05
27.55,37.9,0.05
27.6,37.9,0.05
27.65,37.9,0.05
27.7,37.9,0.05
27.75,37.9,0.05
27.8,37.9,0.05
27.85,37.9,0.05
27.9,37.9,0.05
27.95,37.9,0.05
28.0,37.9,0.05
28.05,37.9,0.05
28.1,37.9,0.05
28.15,37.9,0.05
28.2,37.9,0.05
28.25,37.9,0.05
28.3,37.9,0.05
28.35,37.9,0.05
28.4,37.9,0.05
28.45,37.9,0.05
28.5,37.9,0.05
28.55,37.9,0.05
28.6,37.9,0.05
28.65,37.9,0.05
28.7,37.9,0.05
28.75,37.9,0.05
28.8,37.9,0.05
28.85,37.9,0.05
28.9,37.9,0.05
28.95,37.9,0.05
29.0,37.9,0.05
29.05,37.9,0.05
29.1,37.9,0.05
29.15,37.9,0.05
29.2,37.9,0.05
29.25,37.9,0.05
29.3,37.9,0.05
29.35,37.9,0.05
29.4,37.9,0.05
29.45,37.9,0.05
29.5,37.9,0.05
19.0,37.95,0.36
19.05,37.95,0.36
19.1,37.95,0.36
19.15,37.95,0.36
19.2,37.95,0.36
19.25,37.95,0.36
19.3,37.95,0.36
19.35,37.95,0.36
19.4,37.95,0.36
19.45,37.95,0.36
19.5,37.95,0.36
19.55,37.95,0.36
19.6,37.95,0.36
19.65,37.95,0.36
19.7,37.95,0.36
19.75,37.95,0.36
19.8,37.95,0.36
19.85,37.95,0.36
19.9,37.95,0.36
19.95,37.95,0.36
20.0,37.95,0.36
20.05,37.95,0.36
20.1,37.95,0.36
20.15,37.95,0.36
20.2,37.95,0.36
20.25,37.95,0.36
20.3,37.95,0.36
20.35,37.95,0.36
20.4,37.95,0.36
20.45,37.95,0.36
20.5,37.95,0.36
20.55,37.95,0.36
20.6,37.95,0.36
20.65,37.95,0.36
20.7,37.95,0.36
20.75,37.95,0.36
20.8,37.95,0.36
20.85,37.95,0.36
20.9,37.95,0.36
20.95,37.95,0.36
21.0,37.95,0.3
21.05,37.95,0.3
21.1,37.95,0.3
21.15,37.95,0.3
21.2,37.95,0.3
21.25,37.95,0.3
21.3,37.95,0.3
21.35,37.95,0.3
21.4,37.95,0.3
21.45,37.95,0.3
21.5,37.95,0.3
21.55,37.95,0.3
21.6,37.95,0.3
21.65,37.95,0.3
21.7,37.95,0.3
21.75,37.95,0.3
21.8,37.95,0.3
21.85,37.95,0.3
21.9,37.95,0.3
21.95,37.95,0.3
22.0,37.95,0.3
22.05,37.95,0.3
22.1,37.95,0.3
22.15,37.95,0.3
22.2,37.95,0.3
22.25,37.95,0.3
22.3,37.95,0.3
22.35,37.95,0.3
22.4,37.95,0.3
22.45,37.95,0.3
22.5,37.95,0.3
22.55,37.95,0.3
22.6,37.95,0.3
22.65,37.95,0.3
22.7,37.95,0.3
22.75,37.95,0.3
22.8,37.95,0.3
22.85,37.95,0.3
22.9,37.95,0.3
22.95,37.95,0.3
23.0,37.95,0.3
23.05,37.95,0.3
23.1,37.95,0.3
23.15,37.95,0.3
23.2,37.95,0.3
23.25,37.95,0.3
23.3,37.95,0.3
23.35,37.95,0.3
23.4,37.95,0.3
23.45,37.95,0.3
23.5,37.95,0.3
23.55,37.95,0.3
23.6,37.95,0.3
23.65,37.95,0.3
23.7,37.95,0.3
23.75,37.95,0.3
23.8,37.95,0.3
23.85,37.95,0.3
23.9,37.95,0.3
23.95,37.95,0.3
24.0,37.95,0.3
24.05,37.95,0.3
24.1,37.95,0.3
24.15,37.95,0.3
24.2,37.95,0.3
24.25,37.95,0.3
24.3,37.95,0.3
24.35,37.95,0.3
24.4,37.95,0.3
24.45,37.95,0.3
24.5,37.95,0.3
24.55,37.95,0.3
24.6,37.95,0.3
24.65,37.95,0.3
24.7,37.95,0.3
24.75,37.95,0.3
24.8,37.95,0.3
24.85,37.95,0.3
24.9,37.95,0.3
24.95,37.95,0.3
25.0,37.95,0.3
25.05,37.95,0.3
25.1,37.95,0.3
25.15,37.95,0.3
25.2,37.95,0.3
25.25,37.95,0.3
25.3,37.95,0.3
25.35,37.95,0.3
25.4,37.95,0.3
25.45,37.95,0.3
25.5,37.95,0.3
25.55,37.95,0.3
25.6,37.95,0.3
25.65,37.95,0.3
25.7,37.95,0.3
25.75,37.95,0.3
25.8,37.95,0.3
25.85,37.95,0.3
25.9,37.95,0.3
25.95,37.95,0.3
26.0,37.95,0.3
26.05,37.95,0.3
26.1,37.95,0.3
26.15,37.95,0.3
26.2,37.95,0.3
26.25,37.95,0.3
26.3,37.95,0.3
26.35,37.95,0.3
26.4,37.95,0.3
26.45,37.95,0.3
26.5,37.95,0.05
26.55,37.95,0.05
26.6,37.95,0.05
26.65,37.95,0.05
26.7,37.95,0.05
26.75,37.95,0.05
26.8,37.95,0.05
26.85,37.95,0.05
26.9,37.95,0.05
26.95,37.95,0.05
27.0,37.95,0.05
27.05,37.95,0.05
27.1,37.95,0.05
27.15,37.95,0.05
27.2,37.95,0.05
27.25,37.95,0.05
27.3,37.95,0.05
27.35,37.95,0.05
27.4,37.95,0.05
27.45,37.95,0.05
27.5,37.95,0.05
27.55,37.95,0.05
27.6,37.95,0.05
27.65,37.95,0.05
27.7,37.95,0.05
27.75,37.95,0.05
27.8,37.95,0.05
27.85,37.95,0.05
27.9,37.95,0.05
27.95,37.95,0.05
28.0,37.95,0.05
28.05,37.95,0.05
28.1,37.95,0.05
28.15,37.95,0.05
28.2,37.95,0.05
28.25,37.95,0.05
28.3,37.95,0.05
28.35,37.95,0.05
28.4,37.95,0.05
28.45,37.95,0.05
28.5,37.95,0.05
28.55,37.95,0.05
28.6,37.95,0.05
28.65,37.95,0.05
28.7,37.95,0.05
28.75,37.95,0.05
28.8,37.95,0.05
28.85,37.95,0.05
28.9,37.95,0.05
28.95,37.95,0.05
29.0,37.95,0.05
29.05,37.95,0.05
29.1,37.95,0.05
29.15,37.95,0.05
29.2,37.95,0.05
29.25,37.95,0.05
29.3,37.95,0.05
29.35,37.95,0.05
29.4,37.95,0.05
29.45,37.95,0.05
29.5,37.95,0.05
19.0,38.0,0.36
19.05,38.0,0.36
19.1,38.0,0.36
19.15,38.0,0.36
19.2,38.0,0.36
19.25,38.0,0.36
19.3,38.0,0.36
19.35,38.0,0.36
19.4,38.0,0.36
19.45,38.0,0.36
19.5,38.0,0.36
19.55,38.0,0.36
19.6,38.0,0.36
19.65,38.0,0.36
19.7,38.0,0.36
19.75,38.0,0.36
19.8,38.0,0.36
19.85,38.0,0.36
19.9,38.0,0.36
19.95,38.0,0.36
20.0,38.0,0.36
20.05,38.0,0.36
20.1,38.0,0.36
20.15,38.0,0.36
20.2,38.0,0.36
20.25,38.0,0.36
20.3,38.0,0.36
20.35,38.0,0.36
20.4,38.0,0.36
20.45,38.0,0.36
20.5,38.0,0.36
20.55,38.0,0.36
20.6,38.0,0.36
20.65,38.0,0.36
20.7,38.0,0.36
20.75,38.0,0.36
20.8,38.0,0.36
20.85,38.0,0.36
20.9,38.0,0.36
20.95,38.0,0.36
21.0,38.0,0.3
21.05,38.0,0.3
21.1,38.0,0.3
21.15,38.0,0.3
21.2,38.0,0.3
21.25,38.0,0.3
21.3,38.0,0.3
21.35,38.0,0.3
21.4,38.0,0.3
21.45,38.0,0.3
21.5,38.0,0.3
21.55,38.0,0.3
21.6,38.0,0.3
21.65,38.0,0.3
21.7,38.0,0.3
21.75,38.0,0.3
21.8,38.0,0.3
21.85,38.0,0.3
21.9,38.0,0.3
21.95,38.0,0.3
22.0,38.0,0.3
22.05,38.0,0.3
22.1,38.0,0.3
22.15,38.0,0.3
22.2,38.0,0.3
22.25,38.0,0.3
22.3,38.0,0.3
22.35,38.0,0.3
22.4,38.0,0.3
22.45,38.0,0.3
22.5,38.0,0.3
22.55,38.0,0.3
22.6,38.0,0.3
22.65,38.0,0.3
22.7,38.0,0.3
22.75,38.0,0.3
22.8,38.0,0.3
22.85,38.0,0.3
22.9,38.0,0.3
22.95,38.0,0.3
23.0,38.0,0.3
23.05,38.0,0.3
23.1,38.0,0.3
23.15,38.0,0.3
23.2,38.0,0.3
23.25,38.0,0.3
23.3,38.0,0.3
23.35,38.0,0.3
23.4,38.0,0.3
23.45,38.0,0.3
23.5,38.0,0.3
23.55,38.0,0.3
23.6,38.0,0.3
23.65,38.0,0.3
23.7,38.0,0.3
23.75,38.0,0.3
23.8,38.0,0.3
23.85,38.0,0.3
23.9,38.0,0.3
23.95,38.0,0.3
24.0,38.0,0.3
24.05,38.0,0.3
24.1,38.0,0.3
24.15,38.0,0.3
24.2,38.0,0.3
24.25,38.0,0.3
24.3,38.0,0.3
24.35,38.0,0.3
24.4,38.0,0.3
24.45,38.0,0.3
24.5,38.0,0.3
24.55,38.0,0.3
24.6,38.0,0.3
24.65,38.0,0.3
24.7,38.0,0.3
24.75,38.0,0.3
24.8,38.0,0.3
24.85,38.0,0.3
24.9,38.0,0.3
24.95,38.0,0.3
25.0,38.0,0.3
25.05,38.0,0.3
25.1,38.0,0.3
25.15,38.0,0.3
25.2,38.0,0.3
25.25,38.0,0.3
25.3,38.0,0.3
25.35,38.0,0.3
25.4,38.0,0.3
25.45,38.0,0.3
25.5,38.0,0.3
25.55,38.0,0.3
25.6,38.0,0.3
25.65,38.0,0.3
25.7,38.0,0.3
25.75,38.0,0.3
25.8,38.0,0.3
25.85,38.0,0.3
25.9,38.0,0.3
25.95,38.0,0.3
26.0,38.0,0.3
26.05,38.0,0.3
26.1,38.0,0.3
26.15,38.0,0.3
26.2,38.0,0.3
26.25,38.0,0.3
26.3,38.0,0.3
26.35,38.0,0.3
26.4,38.0,0.3
26.45,38.0,0.3
26.5,38.0,0.05
26.55,38.0,0.05
26.6,38.0,0.05
26.65,38.0,0.05
26.7,38.0,0.05
26.75,38.0,0.05
26.8,38.0,0.05
26.85,38.0,0.05
26.9,38.0,0.05
26.95,38.0,0.05
27.0,38.0,0.05
27.05,38.0,0.05
27.1,38.0,0.05
27.15,38.0,0.05
27.2,38.0,0.05
27.25,38.0,0.05
27.3,38.0,0.05
27.35,38.0,0.05
27.4,38.0,0.05
27.45,38.0,0.05
27.5,38.0,0.05
27.55,38.0,0.05
27.6,38.0,0.05
27.65,38.0,0.05
27.7,38.0,0.05
27.75,38.0,0.05
27.8,38.0,0.05
27.85,38.0,0.05
27.9,38.0,0.05
27.95,38.0,0.05
28.0,38.0,0.05
28.05,38.0,0.05
28.1,38.0,0.05
28.15,38.0,0.05
28.2,38.0,0.05
28.25,38.0,0.05
28.3,38.0,0.05
28.35,38.0,0.05
28.4,38.0,0.05
28.45,38.0,0.05
28.5,38.0,0.05
28.55,38.0,0.05
28.6,38.0,0.05
28.65,38.0,0.05
28.7,38.0,0.05
28.75,38.0,0.05
28.8,38.0,0.05
28.85,38.0,0.05
28.9,38.0,0.05
28.95,38.0,0.05
29.0,38.0,0.05
29.05,38.0,0.05
29.1,38.0,0.05
29.15,38.0,0.05
29.2,38.0,0.05
29.25,38.0,0.05
29.3,38.0,0.05
29.35,38.0,0.05
29.4,38.0,0.05
29.45,38.0,0.05
29.5,38.0,0.05
19.0,38.05,0.36
19.05,38.05,0.36
19.1,38.05,0.36
19.15,38.05,0.36
19.2,38.05,0.36
19.25,38.05,0.36
19.3,38.05,0.36
19.35,38.05,0.36
19.4,38.05,0.36
19.45,38.05,0.36
19.5,38.05,0.36
19.55,38.05,0.36
19.6,38.05,0.36
19.65,38.05,0.36
19.7,38.05,0.36
19.75,38.05,0.36
19.8,38.05,0.36
19.85,38.05,0.36
19.9,38.05,0.36
19.95,38.05,0.36
20.0,38.05,0.36
20.05,38.05,0.36
20.1,38.05,0.36
20.15,38.05,0.36
20.2,38.05,0.36
20.25,38.05,0.36
20.3,38.05,0.36
20.35,38.05,0.36
20.4,38.05,0.36
20.45,38.05,0.36
20.5,38.05,0.36
20.55,38.05,0.36
20.6,38.05,0.36
20.65,38.05,0.36
20.7,38.05,0.36
20.75,38.05,0.36
20.8,38.05,0.36
20.85,38.05,0.36
20.9,38.05,0.36
20.95,38.05,0.36
21.0,38.05,0.24
21.05,38.05,0.24
21.1,38.05,0.24
21.15,38.05,0.24
21.2,38.05,0.24
21.25,38.05,0.24
21.3,38.05,0.24
21.35,38.05,0.24
21.4,38.05,0.24
21.45,38.05,0.24
21.5,38.05,0.24
21.55,38.05,0.24
21.6,38.05,0.24
21.65,38.05,0.24
21.7,38.05,0.24
21.75,38.05,0.24
21.8,38.05,0.24
21.85,38.05,0.24
21.9,38.05,0.24
21.95,38.05,0.24
22.0,38.05,0.24
22.05,38.05,0.24
22.1,38.05,0.24
22.15,38.05,0.24
22.2,38.05,0.24
22.25,38.05,0.24
22.3,38.05,0.24
22.35,38.05,0.24
22.4,38.05,0.24
22.45,38.05,0.24
22.5,38.05,0.24
22.55,38.05,0.24
22.6,38.05,0.24
22.65,38.05,0.24
22.7,38.05,0.24
22.75,38.05,0.24
22.8,38.05,0.24
22.85,38.05,0.24
22.9,38.05,0.24
22.95,38.05,0.24
23.0,38.05,0.24
23.05,38.05,0.24
23.1,38.05,0.24
23.15,38.05,0.24
23.2,38.05,0.24
23.25,38.05,0.24
23.3,38.05,0.24
23.35,38.05,0.24
23.4,38.05,0.24
23.45,38.05,0.24
23.5,38.05,0.24
23.55,38.05,0.24
23.6,38.05,0.24
23.65,38.05,0.24
23.7,38.05,0.24
23.75,38.05,0.24
23.8,38.05,0.24
23.85,38.05,0.24
23.9,38.05,0.24
23.95,38.05,0.24
24.0,38.05,0.24
24.05,38.05,0.24
24.1,38.05,0.24
24.15,38.05,0.24
24.2,38.05,0.24
24.25,38.05,0.24
24.3,38.05,0.24
24.35,38.05,0.24
24.4,38.05,0.24
24.45,38.05,0.24
24.5,38.05,0.24
24.55,38.05,0.24
24.6,38.05,0.24
24.65,38.05,0.24
24.7,38.05,0.24
24.75,38.05,0.24
24.8,38.05,0.24
24.85,38.05,0.24
24.9,38.05,0.24
24.95,38.05,0.24
25.0,38.05,0.24
25.05,38.05,0.24
25.1,38.05,0.24
25.15,38.05,0.24
25.2,38.05,0.24
25.25,38.05,0.24
25.3,38.05,0.24
25.35,38.05,0.24
25.4,38.05,0.24
25.45,38.05,0.24
25.5,38.05,0.24
25.55,38.05,0.24
25.6,38.05,0.24
25.65,38.05,0.24
25.7,38.05,0.24
25.75,38.05,0.24
25.8,38.05,0.24
25.85,38.05,0.24
25.9,38.05,0.24
25.95,38.05,0.24
26.0,38.05,0.24
26.05,38.05,0.24
26.1,38.05,0.24
26.15,38.05,0.24
26.2,38.05,0.24
26.25,38.05,0.24
26.3,38.05,0.24
26.35,38.05,0.24
26.4,38.05,0.24
26.45,38.05,0.24
26.5,38.05,0.05
26.55,38.05,0.05
26.6,38.05,0.05
26.65,38.05,0.05
26.7,38.05,0.05
26.75,38.05,0.05
26.8,38.05,0.05
26.85,38.05,0.05
26.9,38.05,0.05
26.95,38.05,0.05
27.0,38.05,0.05
27.05,38.05,0.05
27.1,38.05,0.05
27.15,38.05,0.05
27.2,38.05,0.05
27.25,38.05,0.05
27.3,38.05,0.05
27.35,38.05,0.05
27.4,38.05,0.05
27.45,38.05,0.05
27.5,38.05,0.05
27.55,38.05,0.05
27.6,38.05,0.05
27.65,38.05,0.05
27.7,38.05,0.05
27.75,38.05,0.05
27.8,38.05,0.05
27.85,38.05,0.05
27.9,38.05,0.05
27.95,38.05,0.05
28.0,38.05,0.05
28.05,38.05,0.05
28.1,38.05,0.05
28.15,38.05,0.05
28.2,38.05,0.05
28.25,38.05,0.05
28.3,38.05,0.05
28.35,38.05,0.05
28.4,38.05,0.05
28.45,38.05,0.05
28.5,38.05,0.05
28.55,38.05,0.05
28.6,38.05,0.05
28.65,38.05,0.05
28.7,38.05,0.05
28.75,38.05,0.05
28.8,38.05,0.05
28.85,38.05,0.05
28.9,38.05,0.05
28.95,38.05,0.05
29.0,38.05,0.05
29.05,38.05,0.05
29.1,38.05,0.05
29.15,38.05,0.05
29.2,38.05,0.05
29.25,38.05,0.05
29.3,38.05,0.05
29.35,38.05,0.05
29.4,38.05,0.05
29.45,38.05,0.05
29.5,38.05,0.05
19.0,38.1,0.36
19.05,38.1,0.36
19.1,38.1,0.36
19.15,38.1,0.36
19.2,38.1,0.36
19.25,38.1,0.36
19.3,38.1,0.36
19.35,38.1,0.36
19.4,38.1,0.36
19.45,38.1,0.36
19.5,38.1,0.36
19.55,38.1,0.36
19.6,38.1,0.36
19.65,38.1,0.36
19.7,38.1,0.36
19.75,38.1,0.36
19.8,38.1,0.36
19.85,38.1,0.36
19.9,38.1,0.36
19.95,38.1,0.36
20.0,38.1,0.36
20.05,38.1,0.36
20.1,38.1,0.36
20.15,38.1,0.36
20.2,38.1,0.36
20.25,38.1,0.36
20.3,38.1,0.36
20.35,38.1,0.36
20.4,38.1,0.36
20.45,38.1,0.36
20.5,38.1,0.36
20.55,38.1,0.36
20.6,38.1,0.36
20.65,38.1,0.36
20.7,38.1,0.36
20.75,38.1,0.36
20.8,38.1,0.36
20.85,38.1,0.36
20.9,38.1,0.36
20.95,38.1,0.36
21.0,38.1,0.24
21.05,38.1,0.24
21.1,38.1,0.24
21.15,38.1,0.24
21.2,38.1,0.24
21.25,38.1,0.24
21.3,38.1,0.24
21.35,38.1,0.24
21.4,38.1,0.24
21.45,38.1,0.24
21.5,38.1,0.24
21.55,38.1,0.24
21.6,38.1,0.24
21.65,38.1,0.24
21.7,38.1,0.24
21.75,38.1,0.24
21.8,38.1,0.24
21.85,38.1,0.24
21.9,38.1,0.24
21.95,38.1,0.24
22.0,38.1,0.24
22.05,38.1,0.24
22.1,38.1,0.24
22.15,38.1,0.24
22.2,38.1,0.24
22.25,38.1,0.24
22.3,38.1,0.24
22.35,38.1,0.24
22.4,38.1,0.24
22.45,38.1,0.24
22.5,38.1,0.24
22.55,38.1,0.24
22.6,38.1,0.24
22.65,38.1,0.24
22.7,38.1,0.24
22.75,38.1,0.24
22.8,38.1,0.24
22.85,38.1,0.24
22.9,38.1,0.24
22.95,38.1,0.24
23.0,38.1,0.24
23.05,38.1,0.24
23.1,38.1,0.24
23.15,38.1,0.24
23.2,38.1,0.24
23.25,38.1,0.24
23.3,38.1,0.24
23.35,38.1,0.24
23.4,38.1,0.24
23.45,38.1,0.24
23.5,38.1,0.24
23.55,38.1,0.24
23.6,38.1,0.24
23.65,38.1,0.24
23.7,38.1,0.24
23.75,38.1,0.24
23.8,38.1,0.24
23.85,38.1,0.24
23.9,38.1,0.24
23.95,38.1,0.24
24.0,38.1,0.24
24.05,38.1,0.24
24.1,38.1,0.24
24.15,38.1,0.24
24.2,38.1,0.24
24.25,38.1,0.24
24.3,38.1,0.24
24.35,38.1,0.24
24.4,38.1,0.24
24.45,38.1,0.24
24.5,38.1,0.24
24.55,38.1,0.24
24.6,38.1,0.24
24.65,38.1,0.24
24.7,38.1,0.24
24.75,38.1,0.24
24.8,38.1,0.24
24.85,38.1,0.24
24.9,38.1,0.24
24.95,38.1,0.24
25.0,38.1,0.24
25.05,38.1,0.24
25.1,38.1,0.24
25.15,38.1,0.24
25.2,38.1,0.24
25.25,38.1,0.24
25.3,38.1,0.24
25.35,38.1,0.24
25.4,38.1,0.24
25.45,38.1,0.24
25.5,38.1,0.24
25.55,38.1,0.24
25.6,38.1,0.24
25.65,38.1,0.24
25.7,38.1,0.24
25.75,38.1,0.24
25.8,38.1,0.24
25.85,38.1,0.24
25.9,38.1,0.24
25.95,38.1,0.24
26.0,38.1,0.24
26.05,38.1,0.24
26.1,38.1,0.24
26.15,38.1,0.24
26.2,38.1,0.24
26.25,38.1,0.24
26.3,38.1,0.24
26.35,38.1,0.24
26.4,38.1,0.24
26.45,38.1,0.24
26.5,38.1,0.05
26.55,38.1,0.05
26.6,38.1,0.05
26.65,38.1,0.05
26.7,38.1,0.05
26.75,38.1,0.05
26.8,38.1,0.05
26.85,38.1,0.05
26.9,38.1,0.05
26.95,38.1,0.05
27.0,38.1,0.05
27.05,38.1,0.05
27.1,38.1,0.05
27.15,38.1,0.05
27.2,38.1,0.05
27.25,38.1,0.05
27.3,38.1,0.05
27.35,38.1,0.05
27.4,38.1,0.05
27.45,38.1,0.05
27.5,38.1,0.05
27.55,38.1,0.05
27.6,38.1,0.05
27.65,38.1,0.05
27.7,38.1,0.05
27.75,38.1,0.05
27.8,38.1,0.05
27.85,38.1,0.05
27.9,38.1,0.05
27.95,38.1,0.05
28.0,38.1,0.05
28.05,38.1,0.05
28.1,38.1,0.05
28.15,38.1,0.05
28.2,38.1,0.05
28.25,38.1,0.05
28.3,38.1,0.05
28.35,38.1,0.05
28.4,38.1,0.05
28.45,38.1,0.05
28.5,38.1,0.05
28.55,38.1,0.05
28.6,38.1,0.05
28.65,38.1,0.05
28.7,38.1,0.05
28.75,38.1,0.05
28.8,38.1,0.05
28.85,38.1,0.05
28.9,38.1,0.05
28.95,38.1,0.05
29.0,38.1,0.05
29.05,38.1,0.05
29.1,38.1,0.05
29.15,38.1,0.05
29.2,38.1,0.05
29.25,38.1,0.05
29.3,38.1,0.05
29.35,38.1,0.05
29.4,38.1,0.05
29.45,38.1,0.05
29.5,38.1,0.05
19.0,38.15,0.36
19.05,38.15,0.36
19.1,38.15,0.36
19.15,38.15,0.36
19.2,38.15,0.36
19.25,38.15,0.36
19.3,38.15,0.36
19.35,38.15,0.36
19.4,38.15,0.36
19.45,38.15,0.36
19.5,38.15,0.36
19.55,38.15,0.36
19.6,38.15,0.36
19.65,38.15,0.36
19.7,38.15,0.36
19.75,38.15,0.36
19.8,38.15,0.36
19.85,38.15,0.36
19.9,38.15,0.36
19.95,38.15,0.36
20.0,38.15,0.36
20.05,38.15,0.36
20.1,38.15,0.36
20.15,38.15,0.36
20.2,38.15,0.36
20.25,38.15,0.36
20.3,38.15,0.36
20.35,38.15,0.36
20.4,38.15,0.36
20.45,38.15,0.36
20.5,38.15,0.36
20.55,38.15,0.36
20.6,38.15,0.36
20.65,38.15,0.36
20.7,38.15,0.36
20.75,38.15,0.36
20.8,38.15,0.36
20.85,38.15,0.36
20.9,38.15,0.36
20.95,38.15,0.36
21.0,38.15,0.24
21.05,38.15,0.24
21.1,38.15,0.24
21.15,38.15,0.24
21.2,38.15,0.24
21.25,38.15,0.24
21.3,38.15,0.24
21.35,38.15,0.24
21.4,38.15,0.24
21.45,38.15,0.24
21.5,38.15,0.24
21.55,38.15,0.24
21.6,38.15,0.24
21.65,38.15,0.24
21.7,38.15,0.24
21.75,38.15,0.24
21.8,38.15,0.24
21.85,38.15,0.24
21.9,38.15,0.24
21.95,38.15,0.24
22.0,38.15,0.24
22.05,38.15,0.24
22.1,38.15,0.24
22.15,38.15,0.24
22.2,38.15,0.24
22.25,38.15,0.24
22.3,38.15,0.24
22.35,38.15,0.24
22.4,38.15,0.24
22.45,38.15,0.24
22.5,38.15,0.24
22.55,38.15,0.24
22.6,38.15,0.24
22.65,38.15,0.24
22.7,38.15,0.24
22.75,38.15,0.24
22.8,38.15,0.24
22.85,38.15,0.24
22.9,38.15,0.24
22.95,38.15,0.24
23.0,38.15,0.24
23.05,38.15,0.24
23.1,38.15,0.24
23.15,38.15,0.24
23.2,38.15,0.24
23.25,38.15,0.24
23.3,38.15,0.24
23.35,38.15,0.24
23.4,38.15,0.24
23.45,38.15,0.24
23.5,38.15,0.24
23.55,38.15,0.24
23.6,38.15,0.24
23.65,38.15,0.24
23.7,38.15,0.24
23.75,38.15,0.24
23.8,38.15,0.24
23.85,38.15,0.24
23.9,38.15,0.24
23.95,38.15,0.24
24.0,38.15,0.24
24.05,38.15,0.24
24.1,38.15,0.24
24.15,38.15,0.24
24.2,38.15,0.24
24.25,38.15,0.24
24.3,38.15,0.24
24.35,38.15,0.24
24.4,38.15,0.24
24.45,38.15,0.24
24.5,38.15,0.24
24.55,38.15,0.24
24.6,38.15,0.24
24.65,38.15,0.24
24.7,38.15,0.24
24.75,38.15,0.24
24.8,38.15,0.24
24.85,38.15,0.24
24.9,38.15,0.24
24.95,38.15,0.24
25.0,38.15,0.24
25.05,38.15,0.24
25.1,38.15,0.24
25.15,38.15,0.24
25.2,38.15,0.24
25.25,38.15,0.24
25.3,38.15,0.24
25.35,38.15,0.24
25.4,38.15,0.24
25.45,38.15,0.24
25.5,38.15,0.24
25.55,38.15,0.24
25.6,38.15,0.24
25.65,38.15,0.24
25.7,38.15,0.24
25.75,38.15,0.24
25.8,38.15,0.24
25.85,38.15,0.24
25.9,38.15,0.24
25.95,38.15,0.24
26.0,38.15,0.24
26.05,38.15,0.24
26.1,38.15,0.24
26.15,38.15,0.24
26.2,38.15,0.24
26.25,38.15,0.24
26.3,38.15,0.24
26.35,38.15,0.24
26.4,38.15,0.24
26.45,38.15,0.24
26.5,38.15,0.05
26.55,38.15,0.05
26.6,38.15,0.05
26.65,38.15,0.05
26.7,38.15,0.05
26.75,38.15,0.05
26.8,38.15,0.05
26.85,38.15,0.05
26.9,38.15,0.05
26.95,38.15,0.05
27.0,38.15,0.05
27.05,38.15,0.05
27.1,38.15,0.05
27.15,38.15,0.05
27.2,38.15,0.05
27.25,38.15,0.05
27.3,38.15,0.05
27.35,38.15,0.05
27.4,38.15,0.05
27.45,38.15,0.05
27.5,38.15,0.05
27.55,38.15,0.05
27.6,38.15,0.05
27.65,38.15,0.05
27.7,38.15,0.05
27.75,38.15,0.05
27.8,38.15,0.05
27.85,38.15,0.05
27.9,38.15,0.05
27.95,38.15,0.05
28.0,38.15,0.05
28.05,38.15,0.05
28.1,38.15,0.05
28.15,38.15,0.05
28.2,38.15,0.05
28.25,38.15,0.05
28.3,38.15,0.05
28.35,38.15,0.05
28.4,38.15,0.05
28.45,38.15,0.05
28.5,38.15,0.05
28.55,38.15,0.05
28.6,38.15,0.05
28.65,38.15,0.05
28.7,38.15,0.05
28.75,38.15,0.05
28.8,38.15,0.05
28.85,38.15,0.05
28.9,38.15,0.05
28.95,38.15,0.05
29.0,38.15,0.05
29.05,38.15,0.05
29.1,38.15,0.05
29.15,38.15,0.05
29.2,38.15,0.05
29.25,38.15,0.05
29.3,38.15,0.05
29.35,38.15,0.05
29.4,38.15,0.05
29.45,38.15,0.05
29.5,38.15,0.05
19.0,38.2,0.36
19.05,38.2,0.36
19.1,38.2,0.36
19.15,38.2,0.36
19.2,38.2,0.36
19.25,38.2,0.36
19.3,38.2,0.36
19.35,38.2,0.36
19.4,38.2,0.36
19.45,38.2,0.36
19.5,38.2,0.36
19.55,38.2,0.36
19.6,38.2,0.36
19.65,38.2,0.36
19.7,38.2,0.36
19.75,38.2,0.36
19.8,38.2,0.36
19.85,38.2,0.36
19.9,38.2,0.36
19.95,38.2,0.36
20.0,38.2,0.36
20.05,38.2,0.36
20.1,38.2,0.36
20.15,38.2,0.36
20.2,38.2,0.36
20.25,38.2,0.36
20.3,38.2,0.36
20.35,38.2,0.36
20.4,38.2,0.36
20.45,38.2,0.36
20.5,38.2,0.36
20.55,38.2,0.36
20.6,38.2,0.36
20.65,38.2,0.36
20.7,38.2,0.36
20.75,38.2,0.36
20.8,38.2,0.36
20.85,38.2,0.36
20.9,38.2,0.36
20.95,38.2,0.36
21.0,38.2,0.24
21.05,38.2,0.24
21.1,38.2,0.24
21.15,38.2,0.24
21.2,38.2,0.24
21.25,38.2,0.24
21.3,38.2,0.24
21.35,38.2,0.24
21.4,38.2,0.24
21.45,38.2,0.24
21.5,38.2,0.24
21.55,38.2,0.24
21.6,38.2,0.24
21.65,38.2,0.24
21.7,38.2,0.24
21.75,38.2,0.24
21.8,38.2,0.24
21.85,38.2,0.24
21.9,38.2,0.24
21.95,38.2,0.24
22.0,38.2,0.24
22.05,38.2,0.24
22.1,38.2,0.24
22.15,38.2,0.24
22.2,38.2,0.24
22.25,38.2,0.24
22.3,38.2,0.24
22.35,38.2,0.24
22.4,38.2,0.24
22.45,38.2,0.24
22.5,38.2,0.24
22.55,38.2,0.24
22.6,38.2,0.24
22.65,38.2,0.24
22.7,38.2,0.24
22.75,38.2,0.24
22.8,38.2,0.24
22.85,38.2,0.24
22.9,38.2,0.24
22.95,38.2,0.24
23.0,38.2,0.24
23.05,38.2,0.24
23.1,38.2,0.24
23.15,38.2,0.24
23.2,38.2,0.24
23.25,38.2,0.24
23.3,38.2,0.24
23.35,38.2,0.24
23.4,38.2,0.24
23.45,38.2,0.24
23.5,38.2,0.24
23.55,38.2,0.24
23.6,38.2,0.24
23.65,38.2,0.24
23.7,38.2,0.24
23.75,38.2,0.24
23.8,38.2,0.24
23.85,38.2,0.24
23.9,38.2,0.24
23.95,38.2,0.24
24.0,38.2,0.24
24.05,38.2,0.24
24.1,38.2,0.24
24.15,38.2,0.24
24.2,38.2,0.24
24.25,38.2,0.24
24.3,38.2,0.24
24.35,38.2,0.24
24.4,38.2,0.24
24.45,38.2,0.24
24.5,38.2,0.24
24.55,38.2,0.24
24.6,38.2,0.24
24.65,38.2,0.24
24.7,38.2,0.24
24.75,38.2,0.24
24.8,38.2,0.24
24.85,38.2,0.24
24.9,38.2,0.24
24.95,38.2,0.24
25.0,38.2,0.24
25.05,38.2,0.24
25.1,38.2,0.24
25.15,38.2,0.24
25.2,38.2,0.24
25.25,38.2,0.24
25.3,38.2,0.24
25.35,38.2,0.24
25.4,38.2,0.24
25.45,38.2,0.24
25.5,38.2,0.24
25.55,38.2,0.24
25.6,38.2,0.24
25.65,38.2,0.24
25.7,38.2,0.24
25.75,38.2,0.24
25.8,38.2,0.24
25.85,38.2,0.24
25.9,38.2,0.24
25.95,38.2,0.24
26.0,38.2,0.24
26.05,38.2,0.24
26.1,38.2,0.24
26.15,38.2,0.24
26.2,38.2,0.24
26.25,38.2,0.24
26.3,38.2,0.24
26.35,38.2,0.24
26.4,38.2,0.24
26.45,38.2,0.24
26.5,38.2,0.05
26.55,38.2,0.05
26.6,38.2,0.05
26.65,38.2,0.05
26.7,38.2,0.05
26.75,38.2,0.05
26.8,38.2,0.05
26.85,38.2,0.05
26.9,38.2,0.05
26.95,38.2,0.05
27.0,38.2,0.05
27.05,38.2,0.05
27.1,38.2,0.05
27.15,38.2,0.05
27.2,38.2,0.05
27.25,38.2,0.05
27.3,38.2,0.05
27.35,38.2,0.05
27.4,38.2,0.05
27.45,38.2,0.05
27.5,38.2,0.05
27.55,38.2,0.05
27.6,38.2,0.05
27.65,38.2,0.05
27.7,38.2,0.05
27.75,38.2,0.05
27.8,38.2,0.05
27.85,38.2,0.05
27.9,38.2,0.05
27.95,38.2,0.05
28.0,38.2,0.05
28.05,38.2,0.05
28.1,38.2,0.05
28.15,38.2,0.05
28.2,38.2,0.05
28.25,38.2,0.05
28.3,38.2,0.05
28.35,38.2,0.05
28.4,38.2,0.05
28.45,38.2,0.05
28.5,38.2,0.05
28.55,38.2,0.05
28.6,38.2,0.05
28.65,38.2,0.05
28.7,38.2,0.05
28.75,38.2,0.05
28.8,38.2,0.05
28.85,38.2,0.05
28.9,38.2,0.05
28.95,38.2,0.05
29.0,38.2,0.05
29.05,38.2,0.05
29.1,38.2,0.05
29.15,38.2,0.05
29.2,38.2,0.05
29.25,38.2,0.05
29.3,38.2,0.05
29.35,38.2,0.05
29.4,38.2,0.05
29.45,38.2,0.05
29.5,38.2,0.05
19.0,38.25,0.36
19.05,38.25,0.36
19.1,38.25,0.36
19.15,38.25,0.36
19.2,38.25,0.36
19.25,38.25,0.36
19.3,38.25,0.36
19.35,38.25,0.36
19.4,38.25,0.36
19.45,38.25,0.36
19.5,38.25,0.36
19.55,38.25,0.36
19.6,38.25,0.36
19.65,38.25,0.36
19.7,38.25,0.36
19.75,38.25,0.36
19.8,38.25,0.36
19.85,38.25,0.36
19.9,38.25,0.36
19.95,38.25,0.36
20.0,38.25,0.36
20.05,38.25,0.36
20.1,38.25,0.36
20.15,38.25,0.36
20.2,38.25,0.36
20.25,38.25,0.36
20.3,38.25,0.36
20.35,38.25,0.36
20.4,38.25,0.36
20.45,38.25,0.36
20.5,38.25,0.36
20.55,38.25,0.36
20.6,38.25,0.36
20.65,38.25,0.36
20.7,38.25,0.36
20.75,38.25,0.36
20.8,38.25,0.36
20.85,38.25,0.36
20.9,38.25,0.36
20.95,38.25,0.36
21.0,38.25,0.24
21.05,38.25,0.24
21.1,38.25,0.24
21.15,38.25,0.24
21.2,38.25,0.24
21.25,38.25,0.24
21.3,38.25,0.24
21.35,38.25,0.24
21.4,38.25,0.24
21.45,38.25,0.24
21.5,38.25,0.24
21.55,38.25,0.24
21.6,38.25,0.24
21.65,38.25,0.24
21.7,38.25,0.24
21.75,38.25,0.24
21.8,38.25,0.24
21.85,38.25,0.24
21.9,38.25,0.24
21.95,38.25,0.24
22.0,38.25,0.24
22.05,38.25,0.24
22.1,38.25,0.24
22.15,38.25,0.24
22.2,38.25,0.24
22.25,38.25,0.24
22.3,38.25,0.24
22.35,38.25,0.24
22.4,38.25,0.24
22.45,38.25,0.24
22.5,38.25,0.24
22.55,38.25,0.24
22.6,38.25,0.24
22.65,38.25,0.24
22.7,38.25,0.24
22.75,38.25,0.24
22.8,38.25,0.24
22.85,38.25,0.24
22.9,38.25,0.24
22.95,38.25,0.24
23.0,38.25,0.24
23.05,38.25,0.24
23.1,38.25,0.24
23.15,38.25,0.24
23.2,38.25,0.24
23.25,38.25,0.24
23.3,38.25,0.24
23.35,38.25,0.24
23.4,38.25,0.24
23.45,38.25,0.24
23.5,38.25,0.24
23.55,38.25,0.24
23.6,38.25,0.24
23.65,38.25,0.24
23.7,38.25,0.24
23.75,38.25,0.24
23.8,38.25,0.24
23.85,38.25,0.24
23.9,38.25,0.24
23.95,38.25,0.24
24.0,38.25,0.24
24.05,38.25,0.24
24.1,38.25,0.24
24.15,38.25,0.24
24.2,38.25,0.24
24.25,38.25,0.24
24.3,38.25,0.24
24.35,38.25,0.24
24.4,38.25,0.24
24.45,38.25,0.24
24.5,38.25,0.24
24.55,38.25,0.24
24.6,38.25,0.24
24.65,38.25,0.24
24.7,38.25,0.24
24.75,38.25,0.24
24.8,38.25,0.24
24.85,38.25,0.24
24.9,38.25,0.24
24.95,38.25,0.24
25.0,38.25,0.24
25.05,38.25,0.24
25.1,38.25,0.24
25.15,38.25,0.24
25.2,38.25,0.24
25.25,38.25,0.24
25.3,38.25,0.24
25.35,38.25,0.24
25.4,38.25,0.24
25.45,38.25,0.24
25.5,38.25,0.24
25.55,38.25,0.24
25.6,38.25,0.24
25.65,38.25,0.24
25.7,38.25,0.24
25.75,38.25,0.24
25.8,38.25,0.24
25.85,38.25,0.24
25.9,38.25,0.24
25.95,38.25,0.24
26.0,38.25,0.24
26.05,38.25,0.24
26.1,38.25,0.24
26.15,38.25,0.24
26.2,38.25,0.24
26.25,38.25,0.24
26.3,38.25,0.24
26.35,38.25,0.24
26.4,38.25,0.24
26.45,38.25,0.24
26.5,38.25,0.05
26.55,38.25,0.05
26.6,38.25,0.05
26.65,38.25,0.05
26.7,38.25,0.05
26.75,38.25,0.05
26.8,38.25,0.05
26.85,38.25,0.05
26.9,38.25,0.05
26.95,38.25,0.05
27.0,38.25,0.05
27.05,38.25,0.05
27.1,38.25,0.05
27.15,38.25,0.05
27.2,38.25,0.05
27.25,38.25,0.05
27.3,38.25,0.05
27.35,38.25,0.05
27.4,38.25,0.05
27.45,38.25,0.05
27.5,38.25,0.05
27.55,38.25,0.05
27.6,38.25,0.05
27.65,38.25,0.05
27.7,38.25,0.05
27.75,38.25,0.05
27.8,38.25,0.05
27.85,38.25,0.05
27.9,38.25,0.05
27.95,38.25,0.05
28.0,38.25,0.05
28.05,38.25,0.05
28.1,38.25,0.05
28.15,38.25,0.05
28.2,38.25,0.05
28.25,38.25,0.05
28.3,38.25,0.05
28.35,38.25,0.05
28.4,38.25,0.05
28.45,38.25,0.05
28.5,38.25,0.05
28.55,38.25,0.05
28.6,38.25,0.05
28.65,38.25,0.05
28.7,38.25,0.05
28.75,38.25,0.05
28.8,38.25,0.05
28.85,38.25,0.05
28.9,38.25,0.05
28.95,38.25,0.05
29.0,38.25,0.05
29.05,38.25,0.05
29.1,38.25,0.05
29.15,38.25,0.05
29.2,38.25,0.05
29.25,38.25,0.05
29.3,38.25,0.05
29.35,38.25,0.05
29.4,38.25,0.05
29.45,38.25,0.05
29.5,38.25,0.05
19.0,38.3,0.36
19.05,38.3,0.36
19.1,38.3,0.36
19.15,38.3,0.36
19.2,38.3,0.36
19.25,38.3,0.36
19.3,38.3,0.36
19.35,38.3,0.36
19.4,38.3,0.36
19.45,38.3,0.36
19.5,38.3,0.36
19.55,38.3,0.36
19.6,38.3,0.36
19.65,38.3,0.36
19.7,38.3,0.36
19.75,38.3,0.36
19.8,38.3,0.36
19.85,38.3,0.36
19.9,38.3,0.36
19.95,38.3,0.36
20.0,38.3,0.36
20.05,38.3,0.36
20.1,38.3,0.36
20.15,38.3,0.36
20.2,38.3,0.36
20.25,38.3,0.36
20.3,38.3,0.36
20.35,38.3,0.36
20.4,38.3,0.36
20.45,38.3,0.36
20.5,38.3,0.36
20.55,38.3,0.36
20.6,38.3,0.36
20.65,38.3,0.36
20.7,38.3,0.36
20.75,38.3,0.36
20.8,38.3,0.36
20.85,38.3,0.36
20.9,38.3,0.36
20.95,38.3,0.36
21.0,38.3,0.24
21.05,38.3,0.24
21.1,38.3,0.24
21.15,38.3,0.24
21.2,38.3,0.24
21.25,38.3,0.24
21.3,38.3,0.24
21.35,38.3,0.24
21.4,38.3,0.24
21.45,38.3,0.24
21.5,38.3,0.24
21.55,38.3,0.24
21.6,38.3,0.24
21.65,38.3,0.24
21.7,38.3,0.24
21.75,38.3,0.24
21.8,38.3,0.24
21.85,38.3,0.24
21.9,38.3,0.24
21.95,38.3,0.24
22.0,38.3,0.24
22.05,38.3,0.24
22.1,38.3,0.24
22.15,38.3,0.24
22.2,38.3,0.24
22.25,38.3,0.24
22.3,38.3,0.24
22.35,38.3,0.24
22.4,38.3,0.24
22.45,38.3,0.24
22.5,38.3,0.24
22.55,38.3,0.24
22.6,38.3,0.24
22.65,38.3,0.24
22.7,38.3,0.24
22.75,38.3,0.24
22.8,38.3,0.24
22.85,38.3,0.24
22.9,38.3,0.24
22.95,38.3,0.24
23.0,38.3,0.24
23.05,38.3,0.24
23.1,38.3,0.24
23.15,38.3,0.24
23.2,38.3,0.24
23.25,38.3,0.24
23.3,38.3,0.24
23.35,38.3,0.24
23.4,38.3,0.24
23.45,38.3,0.24
23.5,38.3,0.24
23.55,38.3,0.24
23.6,38.3,0.24
23.65,38.3,0.24
23.7,38.3,0.24
23.75,38.3,0.24
23.8,38.3,0.24
23.85,38.3,0.24
23.9,38.3,0.24
23.95,38.3,0.24
24.0,38.3,0.24
24.05,38.3,0.24
24.1,38.3,0.24
24.15,38.3,0.24
24.2,38.3,0.24
24.25,38.3,0.24
24.3,38.3,0.24
24.35,38.3,0.24
24.4,38.3,0.24
24.45,38.3,0.24
24.5,38.3,0.24
24.55,38.3,0.24
24.6,38.3,0.24
24.65,38.3,0.24
24.7,38.3,0.24
24.75,38.3,0.24
24.8,38.3,0.24
24.85,38.3,0.24
24.9,38.3,0.24
24.95,38.3,0.24
25.0,38.3,0.24
25.05,38.3,0.24
25.1,38.3,0.24
25.15,38.3,0.24
25.2,38.3,0.24
25.25,38.3,0.24
25.3,38.3,0.24
25.35,38.3,0.24
25.4,38.3,0.24
25.45,38.3,0.24
25.5,38.3,0.24
25.55,38.3,0.24
25.6,38.3,0.24
25.65,38.3,0.24
25.7,38.3,0.24
25.75,38.3,0.24
25.8,38.3,0.24
25.85,38.3,0.24
25.9,38.3,0.24
25.95,38.3,0.24
26.0,38.3,0.24
26.05,38.3,0.24
26.1,38.3,0.24
26.15,38.3,0.24
26.2,38.3,0.24
26.25,38.3,0.24
26.3,38.3,0.24
26.35,38.3,0.24
26.4,38.3,0.24
26.45,38.3,0.24
26.5,38.3,0.05
26.55,38.3,0.05
26.6,38.3,0.05
26.65,38.3,0.05
26.7,38.3,0.05
26.75,38.3,0.05
26.8,38.3,0.05
26.85,38.3,0.05
26.9,38.3,0.05
26.95,38.3,0.05
27.0,38.3,0.05
27.05,38.3,0.05
27.1,38.3,0.05
27.15,38.3,0.05
27.2,38.3,0.05
27.25,38.3,0.05
27.3,38.3,0.05
27.35,38.3,0.05
27.4,38.3,0.05
27.45,38.3,0.05
27.5,38.3,0.05
27.55,38.3,0.05
27.6,38.3,0.05
27.65,38.3,0.05
27.7,38.3,0.05
27.75,38.3,0.05
27.8,38.3,0.05
27.85,38.3,0.05
27.9,38.3,0.05
27.95,38.3,0.05
28.0,38.3,0.05
28.05,38.3,0.05
28.1,38.3,0.05
28.15,38.3,0.05
28.2,38.3,0.05
28.25,38.3,0.05
28.3,38.3,0.05
28.35,38.3,0.05
28.4,38.3,0.05
28.45,38.3,0.05
28.5,38.3,0.05
28.55,38.3,0.05
28.6,38.3,0.05
28.65,38.3,0.05
28.7,38.3,0.05
28.75,38.3,0.05
28.8,38.3,0.05
28.85,38.3,0.05
28.9,38.3,0.05
28.95,38.3,0.05
29.0,38.3,0.05
29.05,38.3,0.05
29.1,38.3,0.05
29.15,38.3,0.05
29.2,38.3,0.05
29.25,38.3,0.05
29.3,38.3,0.05
29.35,38.3,0.05
29.4,38.3,0.05
29.45,38.3,0.05
29.5,38.3,0.05
19.0,38.35,0.36
19.05,38.35,0.36
19.1,38.35,0.36
19.15,38.35,0.36
19.2,38.35,0.36
19.25,38.35,0.36
19.3,38.35,0.36
19.35,38.35,0.36
19.4,38.35,0.36
19.45,38.35,0.36
19.5,38.35,0.36
19.55,38.35,0.36
19.6,38.35,0.36
19.65,38.35,0.36
19.7,38.35,0.36
19.75,38.35,0.36
19.8,38.35,0.36
19.85,38.35,0.36
19.9,38.35,0.36
19.95,38.35,0.36
20.0,38.35,0.36
20.05,38.35,0.36
20.1,38.35,0.36
20.15,38.35,0.36
20.2,38.35,0.36
20.25,38.35,0.36
20.3,38.35,0.36
20.35,38.35,0.36
20.4,38.35,0.36
20.45,38.35,0.36
20.5,38.35,0.36
20.55,38.35,0.36
20.6,38.35,0.36
20.65,38.35,0.36
20.7,38.35,0.36
20.75,38.35,0.36
20.8,38.35,0.36
20.85,38.35,0.36
20.9,38.35,0.36
20.95,38.35,0.36
21.0,38.35,0.24
21.05,38.35,0.24
21.1,38.35,0.24
21.15,38.35,0.24
21.2,38.35,0.24
21.25,38.35,0.24
21.3,38.35,0.24
21.35,38.35,0.24
21.4,38.35,0.24
21.45,38.35,0.24
21.5,38.35,0.24
21.55,38.35,0.24
21.6,38.35,0.24
21.65,38.35,0.24
21.7,38.35,0.24
21.75,38.35,0.24
21.8,38.35,0.24
21.85,38.35,0.24
21.9,38.35,0.24
21.95,38.35,0.24
22.0,38.35,0.24
22.05,38.35,0.24
22.1,38.35,0.24
22.15,38.35,0.24
22.2,38.35,0.24
22.25,38.35,0.24
22.3,38.35,0.24
22.35,38.35,0.24
22.4,38.35,0.24
22.45,38.35,0.24
22.5,38.35,0.24
22.55,38.35,0.24
22.6,38.35,0.24
22.65,38.35,0.24
22.7,38.35,0.24
22.75,38.35,0.24
22.8,38.35,0.24
22.85,38.35,0.24
22.9,38.35,0.24
22.95,38.35,0.24
23.0,38.35,0.24
23.05,38.35,0.24
23.1,38.35,0.24
23.15,38.35,0.24
23.2,38.35,0.24
23.25,38.35,0.24
23.3,38.35,0.24
23.35,38.35,0.24
23.4,38.35,0.24
23.45,38.35,0.24
23.5,38.35,0.24
23.55,38.35,0.24
23.6,38.35,0.24
23.65,38.35,0.24
23.7,38.35,0.24
23.75,38.35,0.24
23.8,38.35,0.24
23.85,38.35,0.24
23.9,38.35,0.24
23.95,38.35,0.24
24.0,38.35,0.24
24.05,38.35,0.24
24.1,38.35,0.24
24.15,38.35,0.24
24.2,38.35,0.24
24.25,38.35,0.24
24.3,38.35,0.24
24.35,38.35,0.24
24.4,38.35,0.24
24.45,38.35,0.24
24.5,38.35,0.24
24.55,38.35,0.24
24.6,38.35,0.24
24.65,38.35,0.24
24.7,38.35,0.24
24.75,38.35,0.24
24.8,38.35,0.24
24.85,38.35,0.24
24.9,38.35,0.24
24.95,38.35,0.24
25.0,38.35,0.24
25.05,38.35,0.24
25.1,38.35,0.24
25.15,38.35,0.24
25.2,38.35,0.24
25.25,38.35,0.24
25.3,38.35,0.24
25.35,38.35,0.24
25.4,38.35,0.24
25.45,38.35,0.24
25.5,38.35,0.24
25.55,38.35,0.24
25.6,38.35,0.24
25.65,38.35,0.24
25.7,38.35,0.24
25.75,38.35,0.24
25.8,38.35,0.24
25.85,38.35,0.24
25.9,38.35,0.24
25.95,38.35,0.24
26.0,38.35,0.24
26.05,38.35,0.24
26.1,38.35,0.24
26.15,38.35,0.24
26.2,38.35,0.24
26.25,38.35,0.24
26.3,38.35,0.24
26.35,38.35,0.24
26.4,38.35,0.24
26.45,38.35,0.24
26.5,38.35,0.05
26.55,38.35,0.05
26.6,38.35,0.05
26.65,38.35,0.05
26.7,38.35,0.05
26.75,38.35,0.05
26.8,38.35,0.05
26.85,38.35,0.05
26.9,38.35,0.05
26.95,38.35,0.05
27.0,38.35,0.05
27.05,38.35,0.05
27.1,38.35,0.05
27.15,38.35,0.05
27.2,38.35,0.05
27.25,38.35,0.05
27.3,38.35,0.05
27.35,38.35,0.05
27.4,38.35,0.05
27.45,38.35,0.05
27.5,38.35,0.05
27.55,38.35,0.05
27.6,38.35,0.05
27.65,38.35,0.05
27.7,38.35,0.05
27.75,38.35,0.05
27.8,38.35,0.05
27.85,38.35,0.05
27.9,38.35,0.05
27.95,38.35,0.05
28.0,38.35,0.05
28.05,38.35,0.05
28.1,38.35,0.05
28.15,38.35,0.05
28.2,38.35,0.05
28.25,38.35,0.05
28.3,38.35,0.05
28.35,38.35,0.05
28.4,38.35,0.05
28.45,38.35,0.05
28.5,38.35,0.05
28.55,38.35,0.05
28.6,38.35,0.05
28.65,38.35,0.05
28.7,38.35,0.05
28.75,38.35,0.05
28.8,38.35,0.05
28.85,38.35,0.05
28.9,38.35,0.05
28.95,38.35,0.05
29.0,38.35,0.05
29.05,38.35,0.05
29.1,38.35,0.05
29.15,38.35,0.05
29.2,38.35,0.05
29.25,38.35,0.05
29.3,38.35,0.05
29.35,38.35,0.05
29.4,38.35,0.05
29.45,38.35,0.05
29.5,38.35,0.05
19.0,38.4,0.36
19.05,38.4,0.36
19.1,38.4,0.36
19.15,38.4,0.36
19.2,38.4,0.36
19.25,38.4,0.36
19.3,38.4,0.36
19.35,38.4,0.36
19.4,38.4,0.36
19.45,38.4,0.36
19.5,38.4,0.36
19.55,38.4,0.36
19.6,38.4,0.36
19.65,38.4,0.36
19.7,38.4,0.36
19.75,38.4,0.36
19.8,38.4,0.36
19.85,38.4,0.36
19.9,38.4,0.36
19.95,38.4,0.36
20.0,38.4,0.36
20.05,38.4,0.36
20.1,38.4,0.36
20.15,38.4,0.36
20.2,38.4,0.36
20.25,38.4,0.36
20.3,38.4,0.36
20.35,38.4,0.36
20.4,38.4,0.36
20.45,38.4,0.36
20.5,38.4,0.36
20.55,38.4,0.36
20.6,38.4,0.36
20.65,38.4,0.36
20.7,38.4,0.36
20.75,38.4,0.36
20.8,38.4,0.36
20.85,38.4,0.36
20.9,38.4,0.36
20.95,38.4,0.36
21.0,38.4,0.24
21.05,38.4,0.24
21.1,38.4,0.24
21.15,38.4,0.24
21.2,38.4,0.24
21.25,38.4,0.24
21.3,38.4,0.24
21.35,38.4,0.24
21.4,38.4,0.24
21.45,38.4,0.24
21.5,38.4,0.24
21.55,38.4,0.24
21.6,38.4,0.24
21.65,38.4,0.24
21.7,38.4,0.24
21.75,38.4,0.24
21.8,38.4,0.24
21.85,38.4,0.24
21.9,38.4,0.24
21.95,38.4,0.24
22.0,38.4,0.24
22.05,38.4,0.24
22.1,38.4,0.24
22.15,38.4,0.24
22.2,38.4,0.24
22.25,38.4,0.24
22.3,38.4,0.24
22.35,38.4,0.24
22.4,38.4,0.24
22.45,38.4,0.24
22.5,38.4,0.24
22.55,38.4,0.24
22.6,38.4,0.24
22.65,38.4,0.24
22.7,38.4,0.24
22.75,38.4,0.24
22.8,38.4,0.24
22.85,38.4,0.24
22.9,38.4,0.24
22.95,38.4,0.24
23.0,38.4,0.24
23.05,38.4,0.24
23.1,38.4,0.24
23.15,38.4,0.24
23.2,38.4,0.24
23.25,38.4,0.24
23.3,38.4,0.24
23.35,38.4,0.24
23.4,38.4,0.24
23.45,38.4,0.24
23.5,38.4,0.24
23.55,38.4,0.24
23.6,38.4,0.24
23.65,38.4,0.24
23.7,38.4,0.24
23.75,38.4,0.24
23.8,38.4,0.24
23.85,38.4,0.24
23.9,38.4,0.24
23.95,38.4,0.24
24.0,38.4,0.24
24.05,38.4,0.24
24.1,38.4,0.24
24.15,38.4,0.24
24.2,38.4,0.24
24.25,38.4,0.24
24.3,38.4,0.24
24.35,38.4,0.24
24.4,38.4,0.24
24.45,38.4,0.24
24.5,38.4,0.24
24.55,38.4,0.24
24.6,38.4,0.24
24.65,38.4,0.24
24.7,38.4,0.24
24.75,38.4,0.24
24.8,38.4,0.24
24.85,38.4,0.24
24.9,38.4,0.24
24.95,38.4,0.24
25.0,38.4,0.24
25.05,38.4,0.24
25.1,38.4,0.24
25.15,38.4,0.24
25.2,38.4,0.24
25.25,38.4,0.24
25.3,38.4,0.24
25.35,38.4,0.24
25.4,38.4,0.24
25.45,38.4,0.24
25.5,38.4,0.24
25.55,38.4,0.24
25.6,38.4,0.24
25.65,38.4,0.24
25.7,38.4,0.24
25.75,38.4,0.24
25.8,38.4,0.24
25.85,38.4,0.24
25.9,38.4,0.24
25.95,38.4,0.24
26.0,38.4,0.24
26.05,38.4,0.24
26.1,38.4,0.24
26.15,38.4,0.24
26.2,38.4,0.24
26.25,38.4,0.24
26.3,38.4,0.24
26.35,38.4,0.24
26.4,38.4,0.24
26.45,38.4,0.24
26.5,38.4,0.05
26.55,38.4,0.05
26.6,38.4,0.05
26.65,38.4,0.05
26.7,38.4,0.05
26.75,38.4,0.05
26.8,38.4,0.05
26.85,38.4,0.05
26.9,38.4,0.05
26.95,38.4,0.05
27.0,38.4,0.05
27.05,38.4,0.05
27.1,38.4,0.05
27.15,38.4,0.05
27.2,38.4,0.05
27.25,38.4,0.05
27.3,38.4,0.05
27.35,38.4,0.05
27.4,38.4,0.05
27.45,38.4,0.05
27.5,38.4,0.05
27.55,38.4,0.05
27.6,38.4,0.05
27.65,38.4,0.05
27.7,38.4,0.05
27.75,38.4,0.05
27.8,38.4,0.05
27.85,38.4,0.05
27.9,38.4,0.05
27.95,38.4,0.05
28.0,38.4,0.05
28.05,38.4,0.05
28.1,38.4,0.05
28.15,38.4,0.05
28.2,38.4,0.05
28.25,38.4,0.05
28.3,38.4,0.05
28.35,38.4,0.05
28.4,38.4,0.05
28.45,38.4,0.05
28.5,38.4,0.05
28.55,38.4,0.05
28.6,38.4,0.05
28.65,38.4,0.05
28.7,38.4,0.05
28.75,38.4,0.05
28.8,38.4,0.05
28.85,38.4,0.05
28.9,38.4,0.05
28.95,38.4,0.05
29.0,38.4,0.05
29.05,38.4,0.05
29.1,38.4,0.05
29.15,38.4,0.05
29.2,38.4,0.05
29.25,38.4,0.05
29.3,38.4,0.05
29.35,38.4,0.05
29.4,38.4,0.05
29.45,38.4,0.05
29.5,38.4,0.05
19.0,38.45,0.36
19.05,38.45,0.36
19.1,38.45,0.36
19.15,38.45,0.36
19.2,38.45,0.36
19.25,38.45,0.36
19.3,38.45,0.36
19.35,38.45,0.36
19.4,38.45,0.36
19.45,38.45,0.36
19.5,38.45,0.36
19.55,38.45,0.36
19.6,38.45,0.36
19.65,38.45,0.36
19.7,38.45,0.36
19.75,38.45,0.36
19.8,38.45,0.36
19.85,38.45,0.36
19.9,38.45,0.36
19.95,38.45,0.36
20.0,38.45,0.36
20.05,38.45,0.36
20.1,38.45,0.36
20.15,38.45,0.36
20.2,38.45,0.36
20.25,38.45,0.36
20.3,38.45,0.36
20.35,38.45,0.36
20.4,38.45,0.36
20.45,38.45,0.36
20.5,38.45,0.36
20.55,38.45,0.36
20.6,38.45,0.36
20.65,38.45,0.36
20.7,38.45,0.36
20.75,38.45,0.36
20.8,38.45,0.36
20.85,38.45,0.36
20.9,38.45,0.36
20.95,38.45,0.36
21.0,38.45,0.24
21.05,38.45,0.24
21.1,38.45,0.24
21.15,38.45,0.24
21.2,38.45,0.24
21.25,38.45,0.24
21.3,38.45,0.24
21.35,38.45,0.24
21.4,38.45,0.24
21.45,38.45,0.24
21.5,38.45,0.24
21.55,38.45,0.24
21.6,38.45,0.24
21.65,38.45,0.24
21.7,38.45,0.24
21.75,38.45,0.24
21.8,38.45,0.24
21.85,38.45,0.24
21.9,38.45,0.24
21.95,38.45,0.24
22.0,38.45,0.24
22.05,38.45,0.24
22.1,38.45,0.24
22.15,38.45,0.24
22.2,38.45,0.24
22.25,38.45,0.24
22.3,38.45,0.24
22.35,38.45,0.24
22.4,38.45,0.24
22.45,38.45,0.24
22.5,38.45,0.24
22.55,38.45,0.24
22.6,38.45,0.24
22.65,38.45,0.24
22.7,38.45,0.24
22.75,38.45,0.24
22.8,38.45,0.24
22.85,38.45,0.24
22.9,38.45,0.24
22.95,38.45,0.24
23.0,38.45,0.24
23.05,38.45,0.24
23.1,38.45,0.24
23.15,38.45,0.24
23.2,38.45,0.24
23.25,38.45,0.24
23.3,38.45,0.24
23.35,38.45,0.24
23.4,38.45,0.24
23.45,38.45,0.24
23.5,38.45,0.24
23.55,38.45,0.24
23.6,38.45,0.24
23.65,38.45,0.24
23.7,38.45,0.24
23.75,38.45,0.24
23.8,38.45,0.24
23.85,38.45,0.24
23.9,38.45,0.24
23.95,38.45,0.24
24.0,38.45,0.24
24.05,38.45,0.24
24.1,38.45,0.24
24.15,38.45,0.24
24.2,38.45,0.24
24.25,38.45,0.24
24.3,38.45,0.24
24.35,38.45,0.24
24.4,38.45,0.24
24.45,38.45,0.24
24.5,38.45,0.24
24.55,38.45,0.24
24.6,38.45,0.24
24.65,38.45,0.24
24.7,38.45,0.24
24.75,38.45,0.24
24.8,38.45,0.24
24.85,38.45,0.24
24.9,38.45,0.24
24.95,38.45,0.24
25.0,38.45,0.24
25.05,38.45,0.24
25.1,38.45,0.24
25.15,38.45,0.24
25.2,38.45,0.24
25.25,38.45,0.24
25.3,38.45,0.24
25.35,38.45,0.24
25.4,38.45,0.24
25.45,38.45,0.24
25.5,38.45,0.24
25.55,38.45,0.24
25.6,38.45,0.24
25.65,38.45,0.24
25.7,38.45,0.24
25.75,38.45,0.24
25.8,38.45,0.24
25.85,38.45,0.24
25.9,38.45,0.24
25.95,38.45,0.24
26.0,38.45,0.24
26.05,38.45,0.24
26.1,38.45,0.24
26.15,38.45,0.24
26.2,38.45,0.24
26.25,38.45,0.24
26.3,38.45,0.24
26.35,38.45,0.24
26.4,38.45,0.24
26.45,38.45,0.24
26.5,38.45,0.05
26.55,38.45,0.05
26.6,38.45,0.05
26.65,38.45,0.05
26.7,38.45,0.05
26.75,38.45,0.05
26.8,38.45,0.05
26.85,38.45,0.05
26.9,38.45,0.05
26.95,38.45,0.05
27.0,38.45,0.05
27.05,38.45,0.05
27.1,38.45,0.05
27.15,38.45,0.05
27.2,38.45,0.05
27.25,38.45,0.05
27.3,38.45,0.05
27.35,38.45,0.05
27.4,38.45,0.05
27.45,38.45,0.05
27.5,38.45,0.05
27.55,38.45,0.05
27.6,38.45,0.05
27.65,38.45,0.05
27.7,38.45,0.05
27.75,38.45,0.05
27.8,38.45,0.05
27.85,38.45,0.05
27.9,38.45,0.05
27.95,38.45,0.05
28.0,38.45,0.05
28.05,38.45,0.05
28.1,38.45,0.05
28.15,38.45,0.05
28.2,38.45,0.05
28.25,38.45,0.05
28.3,38.45,0.05
28.35,38.45,0.05
28.4,38.45,0.05
28.45,38.45,0.05
28.5,38.45,0.05
28.55,38.45,0.05
28.6,38.45,0.05
28.65,38.45,0.05
28.7,38.45,0.05
28.75,38.45,0.05
28.8,38.45,0.05
28.85,38.45,0.05
28.9,38.45,0.05
28.95,38.45,0.05
29.0,38.45,0.05
29.05,38.45,0.05
29.1,38.45,0.05
29.15,38.45,0.05
29.2,38.45,0.05
29.25,38.45,0.05
29.3,38.45,0.05
29.35,38.45,0.05
29.4,38.45,0.05
29.45,38.45,0.05
29.5,38.45,0.05
19.0,38.5,0.36
19.05,38.5,0.36
19.1,38.5,0.36
19.15,38.5,0.36
19.2,38.5,0.36
19.25,38.5,0.36
19.3,38.5,0.36
19.35,38.5,0.36
19.4,38.5,0.36
19.45,38.5,0.36
19.5,38.5,0.36
19.55,38.5,0.36
19.6,38.5,0.36
19.65,38.5,0.36
19.7,38.5,0.36
19.75,38.5,0.36
19.8,38.5,0.36
19.85,38.5,0.36
19.9,38.5,0.36
19.95,38.5,0.36
20.0,38.5,0.36
20.05,38.5,0.36
20.1,38.5,0.36
20.15,38.5,0.36
20.2,38.5,0.36
20.25,38.5,0.36
20.3,38.5,0.36
20.35,38.5,0.36
20.4,38.5,0.36
20.45,38.5,0.36
20.5,38.5,0.36
20.55,38.5,0.36
20.6,38.5,0.36
20.65,38.5,0.36
20.7,38.5,0.36
20.75,38.5,0.36
20.8,38.5,0.36
20.85,38.5,0.36
20.9,38.5,0.36
20.95,38.5,0.36
21.0,38.5,0.24
21.05,38.5,0.24
21.1,38.5,0.24
21.15,38.5,0.24
21.2,38.5,0.24
21.25,38.5,0.24
21.3,38.5,0.24
21.35,38.5,0.24
21.4,38.5,0.24
21.45,38.5,0.24
21.5,38.5,0.24
21.55,38.5,0.24
21.6,38.5,0.24
21.65,38.5,0.24
21.7,38.5,0.24
21.75,38.5,0.24
21.8,38.5,0.24
21.85,38.5,0.24
21.9,38.5,0.24
21.95,38.5,0.24
22.0,38.5,0.24
22.05,38.5,0.24
22.1,38.5,0.24
22.15,38.5,0.24
22.2,38.5,0.24
22.25,38.5,0.24
22.3,38.5,0.24
22.35,38.5,0.24
22.4,38.5,0.24
22.45,38.5,0.24
22.5,38.5,0.24
22.55,38.5,0.24
22.6,38.5,0.24
22.65,38.5,0.24
22.7,38.5,0.24
22.75,38.5,0.24
22.8,38.5,0.24
22.85,38.5,0.24
22.9,38.5,0.24
22.95,38.5,0.24
23.0,38.5,0.24
23.05,38.5,0.24
23.1,38.5,0.24
23.15,38.5,0.24
23.2,38.5,0.24
23.25,38.5,0.24
23.3,38.5,0.24
23.35,38.5,0.24
23.4,38.5,0.24
23.45,38.5,0.24
23.5,38.5,0.24
23.55,38.5,0.24
23.6,38.5,0.24
23.65,38.5,0.24
23.7,38.5,0.24
23.75,38.5,0.24
23.8,38.5,0.24
23.85,38.5,0.24
23.9,38.5,0.24
23.95,38.5,0.24
24.0,38.5,0.24
24.05,38.5,0.24
24.1,38.5,0.24
24.15,38.5,0.24
24.2,38.5,0.24
24.25,38.5,0.24
24.3,38.5,0.24
24.35,38.5,0.24
24.4,38.5,0.24
24.45,38.5,0.24
24.5,38.5,0.24
24.55,38.5,0.24
24.6,38.5,0.24
24.65,38.5,0.24
24.7,38.5,0.24
24.75,38.5,0.24
24.8,38.5,0.24
24.85,38.5,0.24
24.9,38.5,0.24
24.95,38.5,0.24
25.0,38.5,0.24
25.05,38.5,0.24
25.1,38.5,0.24
25.15,38.5,0.24
25.2,38.5,0.24
25.25,38.5,0.24
25.3,38.5,0.24
25.35,38.5,0.24
25.4,38.5,0.24
25.45,38.5,0.24
25.5,38.5,0.24
25.55,38.5,0.24
25.6,38.5,0.24
25.65,38.5,0.24
25.7,38.5,0.24
25.75,38.5,0.24
25.8,38.5,0.24
25.85,38.5,0.24
25.9,38.5,0.24
25.95,38.5,0.24
26.0,38.5,0.24
26.05,38.5,0.24
26.1,38.5,0.24
26.15,38.5,0.24
26.2,38.5,0.24
26.25,38.5,0.24
26.3,38.5,0.24
26.35,38.5,0.24
26.4,38.5,0.24
26.45,38.5,0.24
26.5,38.5,0.05
26.55,38.5,0.05
26.6,38.5,0.05
26.65,38.5,0.05
26.7,38.5,0.05
26.75,38.5,0.05
26.8,38.5,0.05
26.85,38.5,0.05
26.9,38.5,0.05
26.95,38.5,0.05
27.0,38.5,0.05
27.05,38.5,0.05
27.1,38.5,0.05
27.15,38.5,0.05
27.2,38.5,0.05
27.25,38.5,0.05
27.3,38.5,0.05
27.35,38.5,0.05
27.4,38.5,0.05
27.45,38.5,0.05
27.5,38.5,0.05
27.55,38.5,0.05
27.6,38.5,0.05
27.65,38.5,0.05
27.7,38.5,0.05
27.75,38.5,0.05
27.8,38.5,0.05
27.85,38.5,0.05
27.9,38.5,0.05
27.95,38.5,0.05
28.0,38.5,0.05
28.05,38.5,0.05
28.1,38.5,0.05
28.15,38.5,0.05
28.2,38.5,0.05
28.25,38.5,0.05
28.3,38.5,0.05
28.35,38.5,0.05
28.4,38.5,0.05
28.45,38.5,0.05
28.5,38.5,0.05
28.55,38.5,0.05
28.6,38.5,0.05
28.65,38.5,0.05
28.7,38.5,0.05
28.75,38.5,0.05
28.8,38.5,0.05
28.85,38.5,0.05
28.9,38.5,0.05
28.95,38.5,0.05
29.0,38.5,0.05
29.05,38.5,0.05
29.1,38.5,0.05
29.15,38.5,0.05
29.2,38.5,0.05
29.25,38.5,0.05
29.3,38.5,0.05
29.35,38.5,0.05
29.4,38.5,0.05
29.45,38.5,0.05
29.5,38.5,0.05
19.0,38.55,0.36
19.05,38.55,0.36
19.1,38.55,0.36
19.15,38.55,0.36
19.2,38.55,0.36
19.25,38.55,0.36
19.3,38.55,0.36
19.35,38.55,0.36
19.4,38.55,0.36
19.45,38.55,0.36
19.5,38.55,0.36
19.55,38.55,0.36
19.6,38.55,0.36
19.65,38.55,0.36
19.7,38.55,0.36
19.75,38.55,0.36
19.8,38.55,0.36
19.85,38.55,0.36
19.9,38.55,0.36
19.95,38.55,0.36
20.0,38.55,0.36
20.05,38.55,0.36
20.1,38.55,0.36
20.15,38.55,0.36
20.2,38.55,0.36
20.25,38.55,0.36
20.3,38.55,0.36
20.35,38.55,0.36
20.4,38.55,0.36
20.45,38.55,0.36
20.5,38.55,0.36
20.55,38.55,0.36
20.6,38.55,0.36
20.65,38.55,0.36
20.7,38.55,0.36
20.75,38.55,0.36
20.8,38.55,0.36
20.85,38.55,0.36
20.9,38.55,0.36
20.95,38.55,0.36
21.0,38.55,0.24
21.05,38.55,0.24
21.1,38.55,0.24
21.15,38.55,0.24
21.2,38.55,0.24
21.25,38.55,0.24
21.3,38.55,0.24
21.35,38.55,0.24
21.4,38.55,0.24
21.45,38.55,0.24
21.5,38.55,0.24
21.55,38.55,0.24
21.6,38.55,0.24
21.65,38.55,0.24
21.7,38.55,0.24
21.75,38.55,0.24
21.8,38.55,0.24
21.85,38.55,0.24
21.9,38.55,0.24
21.95,38.55,0.24
22.0,38.55,0.24
22.05,38.55,0.24
22.1,38.55,0.24
22.15,38.55,0.24
22.2,38.55,0.24
22.25,38.55,0.24
22.3,38.55,0.24
22.35,38.55,0.24
22.4,38.55,0.24
22.45,38.55,0.24
22.5,38.55,0.24
22.55,38.55,0.24
22.6,38.55,0.24
22.65,38.55,0.24
22.7,38.55,0.24
22.75,38.55,0.24
22.8,38.55,0.24
22.85,38.55,0.24
22.9,38.55,0.24
22.95,38.55,0.24
23.0,38.55,0.24
23.05,38.55,0.24
23.1,38.55,0.24
23.15,38.55,0.24
23.2,38.55,0.24
23.25,38.55,0.24
23.3,38.55,0.24
23.35,38.55,0.24
23.4,38.55,0.24
23.45,38.55,0.24
23.5,38.55,0.24
23.55,38.55,0.24
23.6,38.55,0.24
23.65,38.55,0.24
23.7,38.55,0.24
23.75,38.55,0.24
23.8,38.55,0.24
23.85,38.55,0.24
23.9,38.55,0.24
23.95,38.55,0.24
24.0,38.55,0.24
24.05,38.55,0.24
24.1,38.55,0.24
24.15,38.55,0.24
24.2,38.55,0.24
24.25,38.55,0.24
24.3,38.55,0.24
24.35,38.55,0.24
24.4,38.55,0.24
24.45,38.55,0.24
24.5,38.55,0.24
24.55,38.55,0.24
24.6,38.55,0.24
24.65,38.55,0.24
24.7,38.55,0.24
24.75,38.55,0.24
24.8,38.55,0.24
24.85,38.55,0.24
24.9,38.55,0.24
24.95,38.55,0.24
25.0,38.55,0.24
25.05,38.55,0.24
25.1,38.55,0.24
25.15,38.55,0.24
25.2,38.55,0.24
25.25,38.55,0.24
25.3,38.55,0.24
25.35,38.55,0.24
25.4,38.55,0.24
25.45,38.55,0.24
25.5,38.55,0.24
25.55,38.55,0.24
25.6,38.55,0.24
25.65,38.55,0.24
25.7,38.55,0.24
25.75,38.55,0.24
25.8,38.55,0.24
25.85,38.55,0.24
25.9,38.55,0.24
25.95,38.55,0.24
26.0,38.55,0.24
26.05,38.55,0.24
26.1,38.55,0.24
26.15,38.55,0.24
26.2,38.55,0.24
26.25,38.55,0.24
26.3,38.55,0.24
26.35,38.55,0.24
26.4,38.55,0.24
26.45,38.55,0.24
26.5,38.55,0.24
26.55,38.55,0.24
26.6,38.55,0.24
26.65,38.55,0.24
26.7,38.55,0.24
26.75,38.55,0.24
26.8,38.55,0.24
26.85,38.55,0.24
26.9,38.55,0.24
26.95,38.55,0.24
27.0,38.55,0.24
27.05,38.55,0.24
27.1,38.55,0.24
27.15,38.55,0.24
27.2,38.55,0.24
27.25,38.55,0.24
27.3,38.55,0.24
27.35,38.55,0.24
27.4,38.55,0.24
27.45,38.55,0.24
27.5,38.55,0.24
27.55,38.55,0.24
27.6,38.55,0.24
27.65,38.55,0.24
27.7,38.55,0.24
27.75,38.55,0.24
27.8,38.55,0.24
27.85,38.55,0.24
27.9,38.55,0.24
27.95,38.55,0.24
28.0,38.55,0.05
28.05,38.55,0.05
28.1,38.55,0.05
28.15,38.55,0.05
28.2,38.55,0.05
28.25,38.55,0.05
28.3,38.55,0.05
28.35,38.55,0.05
28.4,38.55,0.05
28.45,38.55,0.05
28.5,38.55,0.05
28.55,38.55,0.05
28.6,38.55,0.05
28.65,38.55,0.05
28.7,38.55,0.05
28.75,38.55,0.05
28.8,38.55,0.05
28.85,38.55,0.05
28.9,38.55,0.05
28.95,38.55,0.05
29.0,38.55,0.05
29.05,38.55,0.05
29.1,38.55,0.05
29.15,38.55,0.05
29.2,38.55,0.05
29.25,38.55,0.05
29.3,38.55,0.05
29.35,38.55,0.05
29.4,38.55,0.05
29.45,38.55,0.05
29.5,38.55,0.05
19.0,38.6,0.36
19.05,38.6,0.36
19.1,38.6,0.36
19.15,38.6,0.36
19.2,38.6,0.36
19.25,38.6,0.36
19.3,38.6,0.36
19.35,38.6,0.36
19.4,38.6,0.36
19.45,38.6,0.36
19.5,38.6,0.36
19.55,38.6,0.36
19.6,38.6,0.36
19.65,38.6,0.36
19.7,38.6,0.36
19.75,38.6,0.36
19.8,38.6,0.36
19.85,38.6,0.36
19.9,38.6,0.36
19.95,38.6,0.36
20.0,38.6,0.36
20.05,38.6,0.36
20.1,38.6,0.36
20.15,38.6,0.36
20.2,38.6,0.36
20.25,38.6,0.36
20.3,38.6,0.36
20.35,38.6,0.36
20.4,38.6,0.36
20.45,38.6,0.36
20.5,38.6,0.36
20.55,38.6,0.36
20.6,38.6,0.36
20.65,38.6,0.36
20.7,38.6,0.36
20.75,38.6,0.36
20.8,38.6,0.36
20.85,38.6,0.36
20.9,38.6,0.36
20.95,38.6,0.36
21.0,38.6,0.24
21.05,38.6,0.24
21.1,38.6,0.24
21.15,38.6,0.24
21.2,38.6,0.24
21.25,38.6,0.24
21.3,38.6,0.24
21.35,38.6,0.24
21.4,38.6,0.24
21.45,38.6,0.24
21.5,38.6,0.24
21.55,38.6,0.24
21.6,38.6,0.24
21.65,38.6,0.24
21.7,38.6,0.24
21.75,38.6,0.24
21.8,38.6,0.24
21.85,38.6,0.24
21.9,38.6,0.24
21.95,38.6,0.24
22.0,38.6,0.24
22.05,38.6,0.24
22.1,38.6,0.24
22.15,38.6,0.24
22.2,38.6,0.24
22.25,38.6,0.24
22.3,38.6,0.24
22.35,38.6,0.24
22.4,38.6,0.24
22.45,38.6,0.24
22.5,38.6,0.24
22.55,38.6,0.24
22.6,38.6,0.24
22.65,38.6,0.24
22.7,38.6,0.24
22.75,38.6,0.24
22.8,38.6,0.24
22.85,38.6,0.24
22.9,38.6,0.24
22.95,38.6,0.24
23.0,38.6,0.24
23.05,38.6,0.24
23.1,38.6,0.24
23.15,38.6,0.24
23.2,38.6,0.24
23.25,38.6,0.24
23.3,38.6,0.24
23.35,38.6,0.24
23.4,38.6,0.24
23.45,38.6,0.24
23.5,38.6,0.24
23.55,38.6,0.24
23.6,38.6,0.24
23.65,38.6,0.24
23.7,38.6,0.24
23.75,38.6,0.24
23.8,38.6,0.24
23.85,38.6,0.24
23.9,38.6,0.24
23.95,38.6,0.24
24.0,38.6,0.24
24.05,38.6,0.24
24.1,38.6,0.24
24.15,38.6,0.24
24.2,38.6,0.24
24.25,38.6,0.24
24.3,38.6,0.24
24.35,38.6,0.24
24.4,38.6,0.24
24.45,38.6,0.24
24.5,38.6,0.24
24.55,38.6,0.24
24.6,38.6,0.24
24.65,38.6,0.24
24.7,38.6,0.24
24.75,38.6,0.24
24.8,38.6,0.24
24.85,38.6,0.24
24.9,38.6,0.24
24.95,38.6,0.24
25.0,38.6,0.24
25.05,38.6,0.24
25.1,38.6,0.24
25.15,38.6,0.24
25.2,38.6,0.24
25.25,38.6,0.24
25.3,38.6,0.24
25.35,38.6,0.24
25.4,38.6,0.24
25.45,38.6,0.24
25.5,38.6,0.24
25.55,38.6,0.24
25.6,38.6,0.24
25.65,38.6,0.24
25.7,38.6,0.24
25.75,38.6,0.24
25.8,38.6,0.24
25.85,38.6,0.24
25.9,38.6,0.24
25.95,38.6,0.24
26.0,38.6,0.24
26.05,38.6,0.24
26.1,38.6,0.24
26.15,38.6,0.24
26.2,38.6,0.24
26.25,38.6,0.24
26.3,38.6,0.24
26.35,38.6,0.24
26.4,38.6,0.24
26.45,38.6,0.24
26.5,38.6,0.24
26.55,38.6,0.24
26.6,38.6,0.24
26.65,38.6,0.24
26.7,38.6,0.24
26.75,38.6,0.24
26.8,38.6,0.24
26.85,38.6,0.24
26.9,38.6,0.24
26.95,38.6,0.24
27.0,38.6,0.24
27.05,38.6,0.24
27.1,38.6,0.24
27.15,38.6,0.24
27.2,38.6,0.24
27.25,38.6,0.24
27.3,38.6,0.24
27.35,38.6,0.24
27.4,38.6,0.24
27.45,38.6,0.24
27.5,38.6,0.24
27.55,38.6,0.24
27.6,38.6,0.24
27.65,38.6,0.24
27.7,38.6,0.24
27.75,38.6,0.24
27.8,38.6,0.24
27.85,38.6,0.24
27.9,38.6,0.24
27.95,38.6,0.24
28.0,38.6,0.05
28.05,38.6,0.05
28.1,38.6,0.05
28.15,38.6,0.05
28.2,38.6,0.05
28.25,38.6,0.05
28.3,38.6,0.05
28.35,38.6,0.05
28.4,38.6,0.05
28.45,38.6,0.05
28.5,38.6,0.05
28.55,38.6,0.05
28.6,38.6,0.05
28.65,38.6,0.05
28.7,38.6,0.05
28.75,38.6,0.05
28.8,38.6,0.05
28.85,38.6,0.05
28.9,38.6,0.05
28.95,38.6,0.05
29.0,38.6,0.05
29.05,38.6,0.05
29.1,38.6,0.05
29.15,38.6,0.05
29.2,38.6,0.05
29.25,38.6,0.05
29.3,38.6,0.05
29.35,38.6,0.05
29.4,38.6,0.05
29.45,38.6,0.05
29.5,38.6,0.05
19.0,38.65,0.36
19.05,38.65,0.36
19.1,38.65,0.36
19.15,38.65,0.36
19.2,38.65,0.36
19.25,38.65,0.36
19.3,38.65,0.36
19.35,38.65,0.36
19.4,38.65,0.36
19.45,38.65,0.36
19.5,38.65,0.36
19.55,38.65,0.36
19.6,38.65,0.36
19.65,38.65,0.36
19.7,38.65,0.36
19.75,38.65,0.36
19.8,38.65,0.36
19.85,38.65,0.36
19.9,38.65,0.36
19.95,38.65,0.36
20.0,38.65,0.36
20.05,38.65,0.36
20.1,38.65,0.36
20.15,38.65,0.36
20.2,38.65,0.36
20.25,38.65,0.36
20.3,38.65,0.36
20.35,38.65,0.36
20.4,38.65,0.36
20.45,38.65,0.36
20.5,38.65,0.36
20.55,38.65,0.36
20.6,38.65,0.36
20.65,38.65,0.36
20.7,38.65,0.36
20.75,38.65,0.36
20.8,38.65,0.36
20.85,38.65,0.36
20.9,38.65,0.36
20.95,38.65,0.36
21.0,38.65,0.24
21.05,38.65,0.24
21.1,38.65,0.24
21.15,38.65,0.24
21.2,38.65,0.24
21.25,38.65,0.24
21.3,38.65,0.24
21.35,38.65,0.24
21.4,38.65,0.24
21.45,38.65,0.24
21.5,38.65,0.24
21.55,38.65,0.24
21.6,38.65,0.24
21.65,38.65,0.24
21.7,38.65,0.24
21.75,38.65,0.24
21.8,38.65,0.24
21.85,38.65,0.24
21.9,38.65,0.24
21.95,38.65,0.24
22.0,38.65,0.24
22.05,38.65,0.24
22.1,38.65,0.24
22.15,38.65,0.24
22.2,38.65,0.24
22.25,38.65,0.24
22.3,38.65,0.24
22.35,38.65,0.24
22.4,38.65,0.24
22.45,38.65,0.24
22.5,38.65,0.24
22.55,38.65,0.24
22.6,38.65,0.24
22.65,38.65,0.24
22.7,38.65,0.24
22.75,38.65,0.24
22.8,38.65,0.24
22.85,38.65,0.24
22.9,38.65,0.24
22.95,38.65,0.24
23.0,38.65,0.24
23.05,38.65,0.24
23.1,38.65,0.24
23.15,38.65,0.24
23.2,38.65,0.24
23.25,38.65,0.24
23.3,38.65,0.24
23.35,38.65,0.24
23.4,38.65,0.24
23.45,38.65,0.24
23.5,38.65,0.24
23.55,38.65,0.24
23.6,38.65,0.24
23.65,38.65,0.24
23.7,38.65,0.24
23.75,38.65,0.24
23.8,38.65,0.24
23.85,38.65,0.24
23.9,38.65,0.24
23.95,38.65,0.24
24.0,38.65,0.24
24.05,38.65,0.24
24.1,38.65,0.24
24.15,38.65,0.24
24.2,38.65,0.24
24.25,38.65,0.24
24.3,38.65,0.24
24.35,38.65,0.24
24.4,38.65,0.24
24.45,38.65,0.24
24.5,38.65,0.24
24.55,38.65,0.24
24.6,38.65,0.24
24.65,38.65,0.24
24.7,38.65,0.24
24.75,38.65,0.24
24.8,38.65,0.24
24.85,38.65,0.24
24.9,38.65,0.24
24.95,38.65,0.24
25.0,38.65,0.24
25.05,38.65,0.24
25.1,38.65,0.24
25.15,38.65,0.24
25.2,38.65,0.24
25.25,38.65,0.24
25.3,38.65,0.24
25.35,38.65,0.24
25.4,38.65,0.24
25.45,38.65,0.24
25.5,38.65,0.24
25.55,38.65,0.24
25.6,38.65,0.24
25.65,38.65,0.24
25.7,38.65,0.24
25.75,38.65,0.24
25.8,38.65,0.24
25.85,38.65,0.24
25.9,38.65,0.24
25.95,38.65,0.24
26.0,38.65,0.24
26.05,38.65,0.24
26.1,38.65,0.24
26.15,38.65,0.24
26.2,38.65,0.24
26.25,38.65,0.24
26.3,38.65,0.24
26.35,38.65,0.24
26.4,38.65,0.24
26.45,38.65,0.24
26.5,38.65,0.24
26.55,38.65,0.24
26.6,38.65,0.24
26.65,38.65,0.24
26.7,38.65,0.24
26.75,38.65,0.24
26.8,38.65,0.24
26.85,38.65,0.24
26.9,38.65,0.24
26.95,38.65,0.24
27.0,38.65,0.24
27.05,38.65,0.24
27.1,38.65,0.24
27.15,38.65,0.24
27.2,38.65,0.24
27.25,38.65,0.24
27.3,38.65,0.24
27.35,38.65,0.24
27.4,38.65,0.24
27.45,38.65,0.24
27.5,38.65,0.24
27.55,38.65,0.24
27.6,38.65,0.24
27.65,38.65,0.24
27.7,38.65,0.24
27.75,38.65,0.24
27.8,38.65,0.24
27.85,38.65,0.24
27.9,38.65,0.24
27.95,38.65,0.24
28.0,38.65,0.05
28.05,38.65,0.05
28.1,38.65,0.05
28.15,38.65,0.05
28.2,38.65,0.05
28.25,38.65,0.05
28.3,38.65,0.05
28.35,38.65,0.05
28.4,38.65,0.05
28.45,38.65,0.05
28.5,38.65,0.05
28.55,38.65,0.05
28.6,38.65,0.05
28.65,38.65,0.05
28.7,38.65,0.05
28.75,38.65,0.05
28.8,38.65,0.05
28.85,38.65,0.05
28.9,38.65,0.05
28.95,38.65,0.05
29.0,38.65,0.05
29.05,38.65,0.05
29.1,38.65,0.05
29.15,38.65,0.05
29.2,38.65,0.05
29.25,38.65,0.05
29.3,38.65,0.05
29.35,38.65,0.05
29.4,38.65,0.05
29.45,38.65,0.05
29.5,38.65,0.05
19.0,38.7,0.36
19.05,38.7,0.36
19.1,38.7,0.36
19.15,38.7,0.36
19.2,38.7,0.36
19.25,38.7,0.36
19.3,38.7,0.36
19.35,38.7,0.36
19.4,38.7,0.36
19.45,38.7,0.36
19.5,38.7,0.36
19.55,38.7,0.36
19.6,38.7,0.36
19.65,38.7,0.36
19.7,38.7,0.36
19.75,38.7,0.36
19.8,38.7,0.36
19.85,38.7,0.36
19.9,38.7,0.36
19.95,38.7,0.36
20.0,38.7,0.36
20.05,38.7,0.36
20.1,38.7,0.36
20.15,38.7,0.36
20.2,38.7,0.36
20.25,38.7,0.36
20.3,38.7,0.36
20.35,38.7,0.36
20.4,38.7,0.36
20.45,38.7,0.36
20.5,38.7,0.36
20.55,38.7,0.36
20.6,38.7,0.36
20.65,38.7,0.36
20.7,38.7,0.36
20.75,38.7,0.36
20.8,38.7,0.36
20.85,38.7,0.36
20.9,38.7,0.36
20.95,38.7,0.36
21.0,38.7,0.24
21.05,38.7,0.24
21.1,38.7,0.24
21.15,38.7,0.24
21.2,38.7,0.24
21.25,38.7,0.24
21.3,38.7,0.24
21.35,38.7,0.24
21.4,38.7,0.24
21.45,38.7,0.24
21.5,38.7,0.24
21.55,38.7,0.24
21.6,38.7,0.24
21.65,38.7,0.24
21.7,38.7,0.24
21.75,38.7,0.24
21.8,38.7,0.24
21.85,38.7,0.24
21.9,38.7,0.24
21.95,38.7,0.24
22.0,38.7,0.24
22.05,38.7,0.24
22.1,38.7,0.24
22.15,38.7,0.24
22.2,38.7,0.24
22.25,38.7,0.24
22.3,38.7,0.24
22.35,38.7,0.24
22.4,38.7,0.24
22.45,38.7,0.24
22.5,38.7,0.24
22.55,38.7,0.24
22.6,38.7,0.24
22.65,38.7,0.24
22.7,38.7,0.24
22.75,38.7,0.24
22.8,38.7,0.24
22.85,38.7,0.24
22.9,38.7,0.24
22.95,38.7,0.24
23.0,38.7,0.24
23.05,38.7,0.24
23.1,38.7,0.24
23.15,38.7,0.24
23.2,38.7,0.24
23.25,38.7,0.24
23.3,38.7,0.24
23.35,38.7,0.24
23.4,38.7,0.24
23.45,38.7,0.24
23.5,38.7,0.24
23.55,38.7,0.24
23.6,38.7,0.24
23.65,38.7,0.24
23.7,38.7,0.24
23.75,38.7,0.24
23.8,38.7,0.24
23.85,38.7,0.24
23.9,38.7,0.24
23.95,38.7,0.24
24.0,38.7,0.24
24.05,38.7,0.24
24.1,38.7,0.24
24.15,38.7,0.24
24.2,38.7,0.24
24.25,38.7,0.24
24.3,38.7,0.24
24.35,38.7,0.24
24.4,38.7,0.24
24.45,38.7,0.24
24.5,38.7,0.24
24.55,38.7,0.24
24.6,38.7,0.24
24.65,38.7,0.24
24.7,38.7,0.24
24.75,38.7,0.24
24.8,38.7,0.24
24.85,38.7,0.24
24.9,38.7,0.24
24.95,38.7,0.24
25.0,38.7,0.24
25.05,38.7,0.24
25.1,38.7,0.24
25.15,38.7,0.24
25.2,38.7,0.24
25.25,38.7,0.24
25.3,38.7,0.24
25.35,38.7,0.24
25.4,38.7,0.24
25.45,38.7,0.24
25.5,38.7,0.24
25.55,38.7,0.24
25.6,38.7,0.24
25.65,38.7,0.24
25.7,38.7,0.24
25.75,38.7,0.24
25.8,38.7,0.24
25.85,38.7,0.24
25.9,38.7,0.24
25.95,38.7,0.24
26.0,38.7,0.24
26.05,38.7,0.24
26.1,38.7,0.24
26.15,38.7,0.24
26.2,38.7,0.24
26.25,38.7,0.24
26.3,38.7,0.24
26.35,38.7,0.24
26.4,38.7,0.24
26.45,38.7,0.24
26.5,38.7,0.24
26.55,38.7,0.24
26.6,38.7,0.24
26.65,38.7,0.24
26.7,38.7,0.24
26.75,38.7,0.24
26.8,38.7,0.24
26.85,38.7,0.24
26.9,38.7,0.24
26.95,38.7,0.24
27.0,38.7,0.24
27.05,38.7,0.24
27.1,38.7,0.24
27.15,38.7,0.24
27.2,38.7,0.24
27.25,38.7,0.24
27.3,38.7,0.24
27.35,38.7,0.24
27.4,38.7,0.24
27.45,38.7,0.24
27.5,38.7,0.24
27.55,38.7,0.24
27.6,38.7,0.24
27.65,38.7,0.24
27.7,38.7,0.24
27.75,38.7,0.24
27.8,38.7,0.24
27.85,38.7,0.24
27.9,38.7,0.24
27.95,38.7,0.24
28.0,38.7,0.05
28.05,38.7,0.05
28.1,38.7,0.05
28.15,38.7,0.05
28.2,38.7,0.05
28.25,38.7,0.05
28.3,38.7,0.05
28.35,38.7,0.05
28.4,38.7,0.05
28.45,38.7,0.05
28.5,38.7,0.05
28.55,38.7,0.05
28.6,38.7,0.05
28.65,38.7,0.05
28.7,38.7,0.05
28.75,38.7,0.05
28.8,38.7,0.05
28.85,38.7,0.05
28.9,38.7,0.05
28.95,38.7,0.05
29.0,38.7,0.05
29.05,38.7,0.05
29.1,38.7,0.05
29.15,38.7,0.05
29.2,38.7,0.05
29.25,38.7,0.05
29.3,38.7,0.05
29.35,38.7,0.05
29.4,38.7,0.05
29.45,38.7,0.05
29.5,38.7,0.05
19.0,38.75,0.36
19.05,38.75,0.36
19.1,38.75,0.36
19.15,38.75,0.36
19.2,38.75,0.36
19.25,38.75,0.36
19.3,38.75,0.36
19.35,38.75,0.36
19.4,38.75,0.36
19.45,38.75,0.36
19.5,38.75,0.36
19.55,38.75,0.36
19.6,38.75,0.36
19.65,38.75,0.36
19.7,38.75,0.36
19.75,38.75,0.36
19.8,38.75,0.36
19.85,38.75,0.36
19.9,38.75,0.36
19.95,38.75,0.36
20.0,38.75,0.36
20.05,38.75,0.36
20.1,38.75,0.36
20.15,38.75,0.36
20.2,38.75,0.36
20.25,38.75,0.36
20.3,38.75,0.36
20.35,38.75,0.36
20.4,38.75,0.36
20.45,38.75,0.36
20.5,38.75,0.36
20.55,38.75,0.36
20.6,38.75,0.36
20.65,38.75,0.36
20.7,38.75,0.36
20.75,38.75,0.36
20.8,38.75,0.36
20.85,38.75,0.36
20.9,38.75,0.36
20.95,38.75,0.36
21.0,38.75,0.24
21.05,38.75,0.24
21.1,38.75,0.24
21.15,38.75,0.24
21.2,38.75,0.24
21.25,38.75,0.24
21.3,38.75,0.24
21.35,38.75,0.24
21.4,38.75,0.24
21.45,38.75,0.24
21.5,38.75,0.24
21.55,38.75,0.24
21.6,38.75,0.24
21.65,38.75,0.24
21.7,38.75,0.24
21.75,38.75,0.24
21.8,38.75,0.24
21.85,38.75,0.24
21.9,38.75,0.24
21.95,38.75,0.24
22.0,38.75,0.24
22.05,38.75,0.24
22.1,38.75,0.24
22.15,38.75,0.24
22.2,38.75,0.24
22.25,38.75,0.24
22.3,38.75,0.24
22.35,38.75,0.24
22.4,38.75,0.24
22.45,38.75,0.24
22.5,38.75,0.24
22.55,38.75,0.24
22.6,38.75,0.24
22.65,38.75,0.24
22.7,38.75,0.24
22.75,38.75,0.24
22.8,38.75,0.24
22.85,38.75,0.24
22.9,38.75,0.24
22.95,38.75,0.24
23.0,38.75,0.24
23.05,38.75,0.24
23.1,38.75,0.24
23.15,38.75,0.24
23.2,38.75,0.24
23.25,38.75,0.24
23.3,38.75,0.24
23.35,38.75,0.24
23.4,38.75,0.24
23.45,38.75,0.24
23.5,38.75,0.24
23.55,38.75,0.24
23.6,38.75,0.24
23.65,38.75,0.24
23.7,38.75,0.24
23.75,38.75,0.24
23.8,38.75,0.24
23.85,38.75,0.24
23.9,38.75,0.24
23.95,38.75,0.24
24.0,38.75,0.24
24.05,38.75,0.24
24.1,38.75,0.24
24.15,38.75,0.24
24.2,38.75,0.24
24.25,38.75,0.24
24.3,38.75,0.24
24.35,38.75,0.24
24.4,38.75,0.24
24.45,38.75,0.24
24.5,38.75,0.24
24.55,38.75,0.24
24.6,38.75,0.24
24.65,38.75,0.24
24.7,38.75,0.24
24.75,38.75,0.24
24.8,38.75,0.24
24.85,38.75,0.24
24.9,38.75,0.24
24.95,38.75,0.24
25.0,38.75,0.24
25.05,38.75,0.24
25.1,38.75,0.24
25.15,38.75,0.24
25.2,38.75,0.24
25.25,38.75,0.24
25.3,38.75,0.24
25.35,38.75,0.24
25.4,38.75,0.24
25.45,38.75,0.24
25.5,38.75,0.24
25.55,38.75,0.24
25.6,38.75,0.24
25.65,38.75,0.24
25.7,38.75,0.24
25.75,38.75,0.24
25.8,38.75,0.24
25.85,38.75,0.24
25.9,38.75,0.24
25.95,38.75,0.24
26.0,38.75,0.24
26.05,38.75,0.24
26.1,38.75,0.24
26.15,38.75,0.24
26.2,38.75,0.24
26.25,38.75,0.24
26.3,38.75,0.24
26.35,38.75,0.24
26.4,38.75,0.24
26.45,38.75,0.24
26.5,38.75,0.24
26.55,38.75,0.24
26.6,38.75,0.24
26.65,38.75,0.24
26.7,38.75,0.24
26.75,38.75,0.24
26.8,38.75,0.24
26.85,38.75,0.24
26.9,38.75,0.24
26.95,38.75,0.24
27.0,38.75,0.24
27.05,38.75,0.24
27.1,38.75,0.24
27.15,38.75,0.24
27.2,38.75,0.24
27.25,38.75,0.24
27.3,38.75,0.24
27.35,38.75,0.24
27.4,38.75,0.24
27.45,38.75,0.24
27.5,38.75,0.24
27.55,38.75,0.24
27.6,38.75,0.24
27.65,38.75,0.24
27.7,38.75,0.24
27.75,38.75,0.24
27.8,38.75,0.24
27.85,38.75,0.24
27.9,38.75,0.24
27.95,38.75,0.24
28.0,38.75,0.05
28.05,38.75,0.05
28.1,38.75,0.05
28.15,38.75,0.05
28.2,38.75,0.05
28.25,38.75,0.05
28.3,38.75,0.05
28.35,38.75,0.05
28.4,38.75,0.05
28.45,38.75,0.05
28.5,38.75,0.05
28.55,38.75,0.05
28.6,38.75,0.05
28.65,38.75,0.05
28.7,38.75,0.05
28.75,38.75,0.05
28.8,38.75,0.05
28.85,38.75,0.05
28.9,38.75,0.05
28.95,38.75,0.05
29.0,38.75,0.05
29.05,38.75,0.05
29.1,38.75,0.05
29.15,38.75,0.05
29.2,38.75,0.05
29.25,38.75,0.05
29.3,38.75,0.05
29.35,38.75,0.05
29.4,38.75,0.05
29.45,38.75,0.05
29.5,38.75,0.05
19.0,38.8,0.36
19.05,38.8,0.36
19.1,38.8,0.36
19.15,38.8,0.36
19.2,38.8,0.36
19.25,38.8,0.36
19.3,38.8,0.36
19.35,38.8,0.36
19.4,38.8,0.36
19.45,38.8,0.36
19.5,38.8,0.36
19.55,38.8,0.36
19.6,38.8,0.36
19.65,38.8,0.36
19.7,38.8,0.36
19.75,38.8,0.36
19.8,38.8,0.36
19.85,38.8,0.36
19.9,38.8,0.36
19.95,38.8,0.36
20.0,38.8,0.36
20.05,38.8,0.36
20.1,38.8,0.36
20.15,38.8,0.36
20.2,38.8,0.36
20.25,38.8,0.36
20.3,38.8,0.36
20.35,38.8,0.36
20.4,38.8,0.36
20.45,38.8,0.36
20.5,38.8,0.36
20.55,38.8,0.36
20.6,38.8,0.36
20.65,38.8,0.36
20.7,38.8,0.36
20.75,38.8,0.36
20.8,38.8,0.36
20.85,38.8,0.36
20.9,38.8,0.36
20.95,38.8,0.36
21.0,38.8,0.24
21.05,38.8,0.24
21.1,38.8,0.24
21.15,38.8,0.24
21.2,38.8,0.24
21.25,38.8,0.24
21.3,38.8,0.24
21.35,38.8,0.24
21.4,38.8,0.24
21.45,38.8,0.24
21.5,38.8,0.24
21.55,38.8,0.24
21.6,38.8,0.24
21.65,38.8,0.24
21.7,38.8,0.24
21.75,38.8,0.24
21.8,38.8,0.24
21.85,38.8,0.24
21.9,38.8,0.24
21.95,38.8,0.24
22.0,38.8,0.24
22.05,38.8,0.24
22.1,38.8,0.24
22.15,38.8,0.24
22.2,38.8,0.24
22.25,38.8,0.24
22.3,38.8,0.24
22.35,38.8,0.24
22.4,38.8,0.24
22.45,38.8,0.24
22.5,38.8,0.24
22.55,38.8,0.24
22.6,38.8,0.24
22.65,38.8,0.24
22.7,38.8,0.24
22.75,38.8,0.24
22.8,38.8,0.24
22.85,38.8,0.24
22.9,38.8,0.24
22.95,38.8,0.24
23.0,38.8,0.24
23.05,38.8,0.24
23.1,38.8,0.24
23.15,38.8,0.24
23.2,38.8,0.24
23.25,38.8,0.24
23.3,38.8,0.24
23.35,38.8,0.24
23.4,38.8,0.24
23.45,38.8,0.24
23.5,38.8,0.24
23.55,38.8,0.24
23.6,38.8,0.24
23.65,38.8,0.24
23.7,38.8,0.24
23.75,38.8,0.24
23.8,38.8,0.24
23.85,38.8,0.24
23.9,38.8,0.24
23.95,38.8,0.24
24.0,38.8,0.24
24.05,38.8,0.24
24.1,38.8,0.24
24.15,38.8,0.24
24.2,38.8,0.24
24.25,38.8,0.24
24.3,38.8,0.24
24.35,38.8,0.24
24.4,38.8,0.24
24.45,38.8,0.24
24.5,38.8,0.24
24.55,38.8,0.24
24.6,38.8,0.24
24.65,38.8,0.24
24.7,38.8,0.24
24.75,38.8,0.24
24.8,38.8,0.24
24.85,38.8,0.24
24.9,38.8,0.24
24.95,38.8,0.24
25.0,38.8,0.24
25.05,38.8,0.24
25.1,38.8,0.24
25.15,38.8,0.24
25.2,38.8,0.24
25.25,38.8,0.24
25.3,38.8,0.24
25.35,38.8,0.24
25.4,38.8,0.24
25.45,38.8,0.24
25.5,38.8,0.24
25.55,38.8,0.24
25.6,38.8,0.24
25.65,38.8,0.24
25.7,38.8,0.24
25.75,38.8,0.24
25.8,38.8,0.24
25.85,38.8,0.24
25.9,38.8,0.24
25.95,38.8,0.24
26.0,38.8,0.24
26.05,38.8,0.24
26.1,38.8,0.24
26.15,38.8,0.24
26.2,38.8,0.24
26.25,38.8,0.24
26.3,38.8,0.24
26.35,38.8,0.24
26.4,38.8,0.24
26.45,38.8,0.24
26.5,38.8,0.24
26.55,38.8,0.24
26.6,38.8,0.24
26.65,38.8,0.24
26.7,38.8,0.24
26.75,38.8,0.24
26.8,38.8,0.24
26.85,38.8,0.24
26.9,38.8,0.24
26.95,38.8,0.24
27.0,38.8,0.24
27.05,38.8,0.24
27.1,38.8,0.24
27.15,38.8,0.24
27.2,38.8,0.24
27.25,38.8,0.24
27.3,38.8,0.24
27.35,38.8,0.24
27.4,38.8,0.24
27.45,38.8,0.24
27.5,38.8,0.24
27.55,38.8,0.24
27.6,38.8,0.24
27.65,38.8,0.24
27.7,38.8,0.24
27.75,38.8,0.24
27.8,38.8,0.24
27.85,38.8,0.24
27.9,38.8,0.24
27.95,38.8,0.24
28.0,38.8,0.05
28.05,38.8,0.05
28.1,38.8,0.05
28.15,38.8,0.05
28.2,38.8,0.05
28.25,38.8,0.05
28.3,38.8,0.05
28.35,38.8,0.05
28.4,38.8,0.05
28.45,38.8,0.05
28.5,38.8,0.05
28.55,38.8,0.05
28.6,38.8,0.05
28.65,38.8,0.05
28.7,38.8,0.05
28.75,38.8,0.05
28.8,38.8,0.05
28.85,38.8,0.05
28.9,38.8,0.05
28.95,38.8,0.05
29.0,38.8,0.05
29.05,38.8,0.05
29.1,38.8,0.05
29.15,38.8,0.05
29.2,38.8,0.05
29.25,38.8,0.05
29.3,38.8,0.05
29.35,38.8,0.05
29.4,38.8,0.05
29.45,38.8,0.05
29.5,38.8,0.05
19.0,38.85,0.36
19.05,38.85,0.36
19.1,38.85,0.36
19.15,38.85,0.36
19.2,38.85,0.36
19.25,38.85,0.36
19.3,38.85,0.36
19.35,38.85,0.36
19.4,38.85,0.36
19.45,38.85,0.36
19.5,38.85,0.36
19.55,38.85,0.36
19.6,38.85,0.36
19.65,38.85,0.36
19.7,38.85,0.36
19.75,38.85,0.36
19.8,38.85,0.36
19.85,38.85,0.36
19.9,38.85,0.36
19.95,38.85,0.36
20.0,38.85,0.36
20.05,38.85,0.36
20.1,38.85,0.36
20.15,38.85,0.36
20.2,38.85,0.36
20.25,38.85,0.36
20.3,38.85,0.36
20.35,38.85,0.36
20.4,38.85,0.36
20.45,38.85,0.36
20.5,38.85,0.36
20.55,38.85,0.36
20.6,38.85,0.36
20.65,38.85,0.36
20.7,38.85,0.36
20.75,38.85,0.36
20.8,38.85,0.36
20.85,38.85,0.36
20.9,38.85,0.36
20.95,38.85,0.36
21.0,38.85,0.24
21.05,38.85,0.24
21.1,38.85,0.24
21.15,38.85,0.24
21.2,38.85,0.24
21.25,38.85,0.24
21.3,38.85,0.24
21.35,38.85,0.24
21.4,38.85,0.24
21.45,38.85,0.24
21.5,38.85,0.24
21.55,38.85,0.24
21.6,38.85,0.24
21.65,38.85,0.24
21.7,38.85,0.24
21.75,38.85,0.24
21.8,38.85,0.24
21.85,38.85,0.24
21.9,38.85,0.24
21.95,38.85,0.24
22.0,38.85,0.24
22.05,38.85,0.24
22.1,38.85,0.24
22.15,38.85,0.24
22.2,38.85,0.24
22.25,38.85,0.24
22.3,38.85,0.24
22.35,38.85,0.24
22.4,38.85,0.24
22.45,38.85,0.24
22.5,38.85,0.24
22.55,38.85,0.24
22.6,38.85,0.24
22.65,38.85,0.24
22.7,38.85,0.24
22.75,38.85,0.24
22.8,38.85,0.24
22.85,38.85,0.24
22.9,38.85,0.24
22.95,38.85,0.24
23.0,38.85,0.24
23.05,38.85,0.24
23.1,38.85,0.24
23.15,38.85,0.24
23.2,38.85,0.24
23.25,38.85,0.24
23.3,38.85,0.24
23.35,38.85,0.24
23.4,38.85,0.24
23.45,38.85,0.24
23.5,38.85,0.24
23.55,38.85,0.24
23.6,38.85,0.24
23.65,38.85,0.24
23.7,38.85,0.24
23.75,38.85,0.24
23.8,38.85,0.24
23.85,38.85,0.24
23.9,38.85,0.24
23.95,38.85,0.24
24.0,38.85,0.24
24.05,38.85,0.24
24.1,38.85,0.24
24.15,38.85,0.24
24.2,38.85,0.24
24.25,38.85,0.24
24.3,38.85,0.24
24.35,38.85,0.24
24.4,38.85,0.24
24.45,38.85,0.24
24.5,38.85,0.24
24.55,38.85,0.24
24.6,38.85,0.24
24.65,38.85,0.24
24.7,38.85,0.24
24.75,38.85,0.24
24.8,38.85,0.24
24.85,38.85,0.24
24.9,38.85,0.24
24.95,38.85,0.24
25.0,38.85,0.24
25.05,38.85,0.24
25.1,38.85,0.24
25.15,38.85,0.24
25.2,38.85,0.24
25.25,38.85,0.24
25.3,38.85,0.24
25.35,38.85,0.24
25.4,38.85,0.24
25.45,38.85,0.24
25.5,38.85,0.24
25.55,38.85,0.24
25.6,38.85,0.24
25.65,38.85,0.24
25.7,38.85,0.24
25.75,38.85,0.24
25.8,38.85,0.24
25.85,38.85,0.24
25.9,38.85,0.24
25.95,38.85,0.24
26.0,38.85,0.24
26.05,38.85,0.24
26.1,38.85,0.24
26.15,38.85,0.24
26.2,38.85,0.24
26.25,38.85,0.24
26.3,38.85,0.24
26.35,38.85,0.24
26.4,38.85,0.24
26.45,38.85,0.24
26.5,38.85,0.24
26.55,38.85,0.24
26.6,38.85,0.24
26.65,38.85,0.24
26.7,38.85,0.24
26.75,38.85,0.24
26.8,38.85,0.24
26.85,38.85,0.24
26.9,38.85,0.24
26.95,38.85,0.24
27.0,38.85,0.24
27.05,38.85,0.24
27.1,38.85,0.24
27.15,38.85,0.24
27.2,38.85,0.24
27.25,38.85,0.24
27.3,38.85,0.24
27.35,38.85,0.24
27.4,38.85,0.24
27.45,38.85,0.24
27.5,38.85,0.24
27.55,38.85,0.24
27.6,38.85,0.24
27.65,38.85,0.24
27.7,38.85,0.24
27.75,38.85,0.24
27.8,38.85,0.24
27.85,38.85,0.24
27.9,38.85,0.24
27.95,38.85,0.24
28.0,38.85,0.05
28.05,38.85,0.05
28.1,38.85,0.05
28.15,38.85,0.05
28.2,38.85,0.05
28.25,38.85,0.05
28.3,38.85,0.05
28.35,38.85,0.05
28.4,38.85,0.05
28.45,38.85,0.05
28.5,38.85,0.05
28.55,38.85,0.05
28.6,38.85,0.05
28.65,38.85,0.05
28.7,38.85,0.05
28.75,38.85,0.05
28.8,38.85,0.05
28.85,38.85,0.05
28.9,38.85,0.05
28.95,38.85,0.05
29.0,38.85,0.05
29.05,38.85,0.05
29.1,38.85,0.05
29.15,38.85,0.05
29.2,38.85,0.05
29.25,38.85,0.05
29.3,38.85,0.05
29.35,38.85,0.05
29.4,38.85,0.05
29.45,38.85,0.05
29.5,38.85,0.05
19.0,38.9,0.36
19.05,38.9,0.36
19.1,38.9,0.36
19.15,38.9,0.36
19.2,38.9,0.36
19.25,38.9,0.36
19.3,38.9,0.36
19.35,38.9,0.36
19.4,38.9,0.36
19.45,38.9,0.36
19.5,38.9,0.36
19.55,38.9,0.36
19.6,38.9,0.36
19.65,38.9,0.36
19.7,38.9,0.36
19.75,38.9,0.36
19.8,38.9,0.36
19.85,38.9,0.36
19.9,38.9,0.36
19.95,38.9,0.36
20.0,38.9,0.36
20.05,38.9,0.36
20.1,38.9,0.36
20.15,38.9,0.36
20.2,38.9,0.36
20.25,38.9,0.36
20.3,38.9,0.36
20.35,38.9,0.36
20.4,38.9,0.36
20.45,38.9,0.36
20.5,38.9,0.36
20.55,38.9,0.36
20.6,38.9,0.36
20.65,38.9,0.36
20.7,38.9,0.36
20.75,38.9,0.36
20.8,38.9,0.36
20.85,38.9,0.36
20.9,38.9,0.36
20.95,38.9,0.36
21.0,38.9,0.24
21.05,38.9,0.24
21.1,38.9,0.24
21.15,38.9,0.24
21.2,38.9,0.24
21.25,38.9,0.24
21.3,38.9,0.24
21.35,38.9,0.24
21.4,38.9,0.24
21.45,38.9,0.24
21.5,38.9,0.24
21.55,38.9,0.24
21.6,38.9,0.24
21.65,38.9,0.24
21.7,38.9,0.24
21.75,38.9,0.24
21.8,38.9,0.24
21.85,38.9,0.24
21.9,38.9,0.24
21.95,38.9,0.24
22.0,38.9,0.24
22.05,38.9,0.24
22.1,38.9,0.24
22.15,38.9,0.24
22.2,38.9,0.24
22.25,38.9,0.24
22.3,38.9,0.24
22.35,38.9,0.24
22.4,38.9,0.24
22.45,38.9,0.24
22.5,38.9,0.24
22.55,38.9,0.24
22.6,38.9,0.24
22.65,38.9,0.24
22.7,38.9,0.24
22.75,38.9,0.24
22.8,38.9,0.24
22.85,38.9,0.24
22.9,38.9,0.24
22.95,38.9,0.24
23.0,38.9,0.24
23.05,38.9,0.24
23.1,38.9,0.24
23.15,38.9,0.24
23.2,38.9,0.24
23.25,38.9,0.24
23.3,38.9,0.24
23.35,38.9,0.24
23.4,38.9,0.24
23.45,38.9,0.24
23.5,38.9,0.24
23.55,38.9,0.24
23.6,38.9,0.24
23.65,38.9,0.24
23.7,38.9,0.24
23.75,38.9,0.24
23.8,38.9,0.24
23.85,38.9,0.24
23.9,38.9,0.24
23.95,38.9,0.24
24.0,38.9,0.24
24.05,38.9,0.24
24.1,38.9,0.24
24.15,38.9,0.24
24.2,38.9,0.24
24.25,38.9,0.24
24.3,38.9,0.24
24.35,38.9,0.24
24.4,38.9,0.24
24.45,38.9,0.24
24.5,38.9,0.24
24.55,38.9,0.24
24.6,38.9,0.24
24.65,38.9,0.24
24.7,38.9,0.24
24.75,38.9,0.24
24.8,38.9,0.24
24.85,38.9,0.24
24.9,38.9,0.24
24.95,38.9,0.24
25.0,38.9,0.24
25.05,38.9,0.24
25.1,38.9,0.24
25.15,38.9,0.24
25.2,38.9,0.24
25.25,38.9,0.24
25.3,38.9,0.24
25.35,38.9,0.24
25.4,38.9,0.24
25.45,38.9,0.24
25.5,38.9,0.24
25.55,38.9,0.24
25.6,38.9,0.24
25.65,38.9,0.24
25.7,38.9,0.24
25.75,38.9,0.24
25.8,38.9,0.24
25.85,38.9,0.24
25.9,38.9,0.24
25.95,38.9,0.24
26.0,38.9,0.24
26.05,38.9,0.24
26.1,38.9,0.24
26.15,38.9,0.24
26.2,38.9,0.24
26.25,38.9,0.24
26.3,38.9,0.24
26.35,38.9,0.24
26.4,38.9,0.24
26.45,38.9,0.24
26.5,38.9,0.24
26.55,38.9,0.24
26.6,38.9,0.24
26.65,38.9,0.24
26.7,38.9,0.24
26.75,38.9,0.24
26.8,38.9,0.24
26.85,38.9,0.24
26.9,38.9,0.24
26.95,38.9,0.24
27.0,38.9,0.24
27.05,38.9,0.24
27.1,38.9,0.24
27.15,38.9,0.24
27.2,38.9,0.24
27.25,38.9,0.24
27.3,38.9,0.24
27.35,38.9,0.24
27.4,38.9,0.24
27.45,38.9,0.24
27.5,38.9,0.24
27.55,38.9,0.24
27.6,38.9,0.24
27.65,38.9,0.24
27.7,38.9,0.24
27.75,38.9,0.24
27.8,38.9,0.24
27.85,38.9,0.24
27.9,38.9,0.24
27.95,38.9,0.24
28.0,38.9,0.05
28.05,38.9,0.05
28.1,38.9,0.05
28.15,38.9,0.05
28.2,38.9,0.05
28.25,38.9,0.05
28.3,38.9,0.05
28.35,38.9,0.05
28.4,38.9,0.05
28.45,38.9,0.05
28.5,38.9,0.05
28.55,38.9,0.05
28.6,38.9,0.05
28.65,38.9,0.05
28.7,38.9,0.05
28.75,38.9,0.05
28.8,38.9,0.05
28.85,38.9,0.05
28.9,38.9,0.05
28.95,38.9,0.05
29.0,38.9,0.05
29.05,38.9,0.05
29.1,38.9,0.05
29.15,38.9,0.05
29.2,38.9,0.05
29.25,38.9,0.05
29.3,38.9,0.05
29.35,38.9,0.05
29.4,38.9,0.05
29.45,38.9,0.05
29.5,38.9,0.05
19.0,38.95,0.36
19.05,38.95,0.36
19.1,38.95,0.36
19.15,38.95,0.36
19.2,38.95,0.36
19.25,38.95,0.36
19.3,38.95,0.36
19.35,38.95,0.36
19.4,38.95,0.36
19.45,38.95,0.36
19.5,38.95,0.36
19.55,38.95,0.36
19.6,38.95,0.36
19.65,38.95,0.36
19.7,38.95,0.36
19.75,38.95,0.36
19.8,38.95,0.36
19.85,38.95,0.36
19.9,38.95,0.36
19.95,38.95,0.36
20.0,38.95,0.36
20.05,38.95,0.36
20.1,38.95,0.36
20.15,38.95,0.36
20.2,38.95,0.36
20.25,38.95,0.36
20.3,38.95,0.36
20.35,38.95,0.36
20.4,38.95,0.36
20.45,38.95,0.36
20.5,38.95,0.36
20.55,38.95,0.36
20.6,38.95,0.36
20.65,38.95,0.36
20.7,38.95,0.36
20.75,38.95,0.36
20.8,38.95,0.36
20.85,38.95,0.36
20.9,38.95,0.36
20.95,38.95,0.36
21.0,38.95,0.24
21.05,38.95,0.24
21.1,38.95,0.24
21.15,38.95,0.24
21.2,38.95,0.24
21.25,38.95,0.24
21.3,38.95,0.24
21.35,38.95,0.24
21.4,38.95,0.24
21.45,38.95,0.24
21.5,38.95,0.24
21.55,38.95,0.24
21.6,38.95,0.24
21.65,38.95,0.24
21.7,38.95,0.24
21.75,38.95,0.24
21.8,38.95,0.24
21.85,38.95,0.24
21.9,38.95,0.24
21.95,38.95,0.24
22.0,38.95,0.24
22.05,38.95,0.24
22.1,38.95,0.24
22.15,38.95,0.24
22.2,38.95,0.24
22.25,38.95,0.24
22.3,38.95,0.24
22.35,38.95,0.24
22.4,38.95,0.24
22.45,38.95,0.24
22.5,38.95,0.24
22.55,38.95,0.24
22.6,38.95,0.24
22.65,38.95,0.24
22.7,38.95,0.24
22.75,38.95,0.24
22.8,38.95,0.24
22.85,38.95,0.24
22.9,38.95,0.24
22.95,38.95,0.24
23.0,38.95,0.24
23.05,38.95,0.24
23.1,38.95,0.24
23.15,38.95,0.24
23.2,38.95,0.24
23.25,38.95,0.24
23.3,38.95,0.24
23.35,38.95,0.24
23.4,38.95,0.24
23.45,38.95,0.24
23.5,38.95,0.24
23.55,38.95,0.24
23.6,38.95,0.24
23.65,38.95,0.24
23.7,38.95,0.24
23.75,38.95,0.24
23.8,38.95,0.24
23.85,38.95,0.24
23.9,38.95,0.24
23.95,38.95,0.24
24.0,38.95,0.24
24.05,38.95,0.24
24.1,38.95,0.24
24.15,38.95,0.24
24.2,38.95,0.24
24.25,38.95,0.24
24.3,38.95,0.24
24.35,38.95,0.24
24.4,38.95,0.24
24.45,38.95,0.24
24.5,38.95,0.24
24.55,38.95,0.24
24.6,38.95,0.24
24.65,38.95,0.24
24.7,38.95,0.24
24.75,38.95,0.24
24.8,38.95,0.24
24.85,38.95,0.24
24.9,38.95,0.24
24.95,38.95,0.24
25.0,38.95,0.24
25.05,38.95,0.24
25.1,38.95,0.24
25.15,38.95,0.24
25.2,38.95,0.24
25.25,38.95,0.24
25.3,38.95,0.24
25.35,38.95,0.24
25.4,38.95,0.24
25.45,38.95,0.24
25.5,38.95,0.24
25.55,38.95,0.24
25.6,38.95,0.24
25.65,38.95,0.24
25.7,38.95,0.24
25.75,38.95,0.24
25.8,38.95,0.24
25.85,38.95,0.24
25.9,38.95,0.24
25.95,38.95,0.24
26.0,38.95,0.24
26.05,38.95,0.24
26.1,38.95,0.24
26.15,38.95,0.24
26.2,38.95,0.24
26.25,38.95,0.24
26.3,38.95,0.24
26.35,38.95,0.24
26.4,38.95,0.24
26.45,38.95,0.24
26.5,38.95,0.24
26.55,38.95,0.24
26.6,38.95,0.24
26.65,38.95,0.24
26.7,38.95,0.24
26.75,38.95,0.24
26.8,38.95,0.24
26.85,38.95,0.24
26.9,38.95,0.24
26.95,38.95,0.24
27.0,38.95,0.24
27.05,38.95,0.24
27.1,38.95,0.24
27.15,38.95,0.24
27.2,38.95,0.24
27.25,38.95,0.24
27.3,38.95,0.24
27.35,38.95,0.24
27.4,38.95,0.24
27.45,38.95,0.24
27.5,38.95,0.24
27.55,38.95,0.24
27.6,38.95,0.24
27.65,38.95,0.24
27.7,38.95,0.24
27.75,38.95,0.24
27.8,38.95,0.24
27.85,38.95,0.24
27.9,38.95,0.24
27.95,38.95,0.24
28.0,38.95,0.05
28.05,38.95,0.05
28.1,38.95,0.05
28.15,38.95,0.05
28.2,38.95,0.05
28.25,38.95,0.05
28.3,38.95,0.05
28.35,38.95,0.05
28.4,38.95,0.05
28.45,38.95,0.05
28.5,38.95,0.05
28.55,38.95,0.05
28.6,38.95,0.05
28.65,38.95,0.05
28.7,38.95,0.05
28.75,38.95,0.05
28.8,38.95,0.05
28.85,38.95,0.05
28.9,38.95,0.05
28.95,38.95,0.05
29.0,38.95,0.05
29.05,38.95,0.05
29.1,38.95,0.05
29.15,38.95,0.05
29.2,38.95,0.05
29.25,38.95,0.05
29.3,38.95,0.05
29.35,38.95,0.05
29.4,38.95,0.05
29.45,38.95,0.05
29.5,38.95,0.05
19.0,39.0,0.36
19.05,39.0,0.36
19.1,39.0,0.36
19.15,39.0,0.36
19.2,39.0,0.36
19.25,39.0,0.36
19.3,39.0,0.36
19.35,39.0,0.36
19.4,39.0,0.36
19.45,39.0,0.36
19.5,39.0,0.36
19.55,39.0,0.36
19.6,39.0,0.36
19.65,39.0,0.36
19.7,39.0,0.36
19.75,39.0,0.36
19.8,39.0,0.36
19.85,39.0,0.36
19.9,39.0,0.36
19.95,39.0,0.36
20.0,39.0,0.36
20.05,39.0,0.36
20.1,39.0,0.36
20.15,39.0,0.36
20.2,39.0,0.36
20.25,39.0,0.36
20.3,39.0,0.36
20.35,39.0,0.36
20.4,39.0,0.36
20.45,39.0,0.36
20.5,39.0,0.36
20.55,39.0,0.36
20.6,39.0,0.36
20.65,39.0,0.36
20.7,39.0,0.36
20.75,39.0,0.36
20.8,39.0,0.36
20.85,39.0,0.36
20.9,39.0,0.36
20.95,39.0,0.36
21.0,39.0,0.24
21.05,39.0,0.24
21.1,39.0,0.24
21.15,39.0,0.24
21.2,39.0,0.24
21.25,39.0,0.24
21.3,39.0,0.24
21.35,39.0,0.24
21.4,39.0,0.24
21.45,39.0,0.24
21.5,39.0,0.24
21.55,39.0,0.24
21.6,39.0,0.24
21.65,39.0,0.24
21.7,39.0,0.24
21.75,39.0,0.24
21.8,39.0,0.24
21.85,39.0,0.24
21.9,39.0,0.24
21.95,39.0,0.24
22.0,39.0,0.24
22.05,39.0,0.24
22.1,39.0,0.24
22.15,39.0,0.24
22.2,39.0,0.24
22.25,39.0,0.24
22.3,39.0,0.24
22.35,39.0,0.24
22.4,39.0,0.24
22.45,39.0,0.24
22.5,39.0,0.24
22.55,39.0,0.24
22.6,39.0,0.24
22.65,39.0,0.24
22.7,39.0,0.24
22.75,39.0,0.24
22.8,39.0,0.24
22.85,39.0,0.24
22.9,39.0,0.24
22.95,39.0,0.24
23.0,39.0,0.24
23.05,39.0,0.24
23.1,39.0,0.24
23.15,39.0,0.24
23.2,39.0,0.24
23.25,39.0,0.24
23.3,39.0,0.24
23.35,39.0,0.24
23.4,39.0,0.24
23.45,39.0,0.24
23.5,39.0,0.24
23.55,39.0,0.24
23.6,39.0,0.24
23.65,39.0,0.24
23.7,39.0,0.24
23.75,39.0,0.24
23.8,39.0,0.24
23.85,39.0,0.24
23.9,39.0,0.24
23.95,39.0,0.24
24.0,39.0,0.24
24.05,39.0,0.24
24.1,39.0,0.24
24.15,39.0,0.24
24.2,39.0,0.24
24.25,39.0,0.24
24.3,39.0,0.24
24.35,39.0,0.24
24.4,39.0,0.24
24.45,39.0,0.24
24.5,39.0,0.24
24.55,39.0,0.24
24.6,39.0,0.24
24.65,39.0,0.24
24.7,39.0,0.24
24.75,39.0,0.24
24.8,39.0,0.24
24.85,39.0,0.24
24.9,39.0,0.24
24.95,39.0,0.24
25.0,39.0,0.24
25.05,39.0,0.24
25.1,39.0,0.24
25.15,39.0,0.24
25.2,39.0,0.24
25.25,39.0,0.24
25.3,39.0,0.24
25.35,39.0,0.24
25.4,39.0,0.24
25.45,39.0,0.24
25.5,39.0,0.24
25.55,39.0,0.24
25.6,39.0,0.24
25.65,39.0,0.24
25.7,39.0,0.24
25.75,39.0,0.24
25.8,39.0,0.24
25.85,39.0,0.24
25.9,39.0,0.24
25.95,39.0,0.24
26.0,39.0,0.24
26.05,39.0,0.24
26.1,39.0,0.24
26.15,39.0,0.24
26.2,39.0,0.24
26.25,39.0,0.24
26.3,39.0,0.24
26.35,39.0,0.24
26.4,39.0,0.24
26.45,39.0,0.24
26.5,39.0,0.24
26.55,39.0,0.24
26.6,39.0,0.24
26.65,39.0,0.24
26.7,39.0,0.24
26.75,39.0,0.24
26.8,39.0,0.24
26.85,39.0,0.24
26.9,39.0,0.24
26.95,39.0,0.24
27.0,39.0,0.24
27.05,39.0,0.24
27.1,39.0,0.24
27.15,39.0,0.24
27.2,39.0,0.24
27.25,39.0,0.24
27.3,39.0,0.24
27.35,39.0,0.24
27.4,39.0,0.24
27.45,39.0,0.24
27.5,39.0,0.24
27.55,39.0,0.24
27.6,39.0,0.24
27.65,39.0,0.24
27.7,39.0,0.24
27.75,39.0,0.24
27.8,39.0,0.24
27.85,39.0,0.24
27.9,39.0,0.24
27.95,39.0,0.24
28.0,39.0,0.05
28.05,39.0,0.05
28.1,39.0,0.05
28.15,39.0,0.05
28.2,39.0,0.05
28.25,39.0,0.05
28.3,39.0,0.05
28.35,39.0,0.05
28.4,39.0,0.05
28.45,39.0,0.05
28.5,39.0,0.05
28.55,39.0,0.05
28.6,39.0,0.05
28.65,39.0,0.05
28.7,39.0,0.05
28.75,39.0,0.05
28.8,39.0,0.05
28.85,39.0,0.05
28.9,39.0,0.05
28.95,39.0,0.05
29.0,39.0,0.05
29.05,39.0,0.05
29.1,39.0,0.05
29.15,39.0,0.05
29.2,39.0,0.05
29.25,39.0,0.05
29.3,39.0,0.05
29.35,39.0,0.05
29.4,39.0,0.05
29.45,39.0,0.05
29.5,39.0,0.05
19.0,39.05,0.36
19.05,39.05,0.36
19.1,39.05,0.36
19.15,39.05,0.36
19.2,39.05,0.36
19.25,39.05,0.36
19.3,39.05,0.36
19.35,39.05,0.36
19.4,39.05,0.36
19.45,39.05,0.36
19.5,39.05,0.36
19.55,39.05,0.36
19.6,39.05,0.36
19.65,39.05,0.36
19.7,39.05,0.36
19.75,39.05,0.36
19.8,39.05,0.36
19.85,39.05,0.36
19.9,39.05,0.36
19.95,39.05,0.36
20.0,39.05,0.36
20.05,39.05,0.36
20.1,39.05,0.36
20.15,39.05,0.36
20.2,39.05,0.36
20.25,39.05,0.36
20.3,39.05,0.36
20.35,39.05,0.36
20.4,39.05,0.36
20.45,39.05,0.36
20.5,39.05,0.36
20.55,39.05,0.36
20.6,39.05,0.36
20.65,39.05,0.36
20.7,39.05,0.36
20.75,39.05,0.36
20.8,39.05,0.36
20.85,39.05,0.36
20.9,39.05,0.36
20.95,39.05,0.36
21.0,39.05,0.24
21.05,39.05,0.24
21.1,39.05,0.24
21.15,39.05,0.24
21.2,39.05,0.24
21.25,39.05,0.24
21.3,39.05,0.24
21.35,39.05,0.24
21.4,39.05,0.24
21.45,39.05,0.24
21.5,39.05,0.24
21.55,39.05,0.24
21.6,39.05,0.24
21.65,39.05,0.24
21.7,39.05,0.24
21.75,39.05,0.24
21.8,39.05,0.24
21.85,39.05,0.24
21.9,39.05,0.24
21.95,39.05,0.24
22.0,39.05,0.24
22.05,39.05,0.24
22.1,39.05,0.24
22.15,39.05,0.24
22.2,39.05,0.24
22.25,39.05,0.24
22.3,39.05,0.24
22.35,39.05,0.24
22.4,39.05,0.24
22.45,39.05,0.24
22.5,39.05,0.24
22.55,39.05,0.24
22.6,39.05,0.24
22.65,39.05,0.24
22.7,39.05,0.24
22.75,39.05,0.24
22.8,39.05,0.24
22.85,39.05,0.24
22.9,39.05,0.24
22.95,39.05,0.24
23.0,39.05,0.24
23.05,39.05,0.24
23.1,39.05,0.24
23.15,39.05,0.24
23.2,39.05,0.24
23.25,39.05,0.24
23.3,39.05,0.24
23.35,39.05,0.24
23.4,39.05,0.24
23.45,39.05,0.24
23.5,39.05,0.24
23.55,39.05,0.24
23.6,39.05,0.24
23.65,39.05,0.24
23.7,39.05,0.24
23.75,39.05,0.24
23.8,39.05,0.24
23.85,39.05,0.24
23.9,39.05,0.24
23.95,39.05,0.24
24.0,39.05,0.24
24.05,39.05,0.24
24.1,39.05,0.24
24.15,39.05,0.24
24.2,39.05,0.24
24.25,39.05,0.24
24.3,39.05,0.24
24.35,39.05,0.24
24.4,39.05,0.24
24.45,39.05,0.24
24.5,39.05,0.24
24.55,39.05,0.24
24.6,39.05,0.24
24.65,39.05,0.24
24.7,39.05,0.24
24.75,39.05,0.24
24.8,39.05,0.24
24.85,39.05,0.24
24.9,39.05,0.24
24.95,39.05,0.24
25.0,39.05,0.24
25.05,39.05,0.24
25.1,39.05,0.24
25.15,39.05,0.24
25.2,39.05,0.24
25.25,39.05,0.24
25.3,39.05,0.24
25.35,39.05,0.24
25.4,39.05,0.24
25.45,39.05,0.24
25.5,39.05,0.24
25.55,39.05,0.24
25.6,39.05,0.24
25.65,39.05,0.24
25.7,39.05,0.24
25.75,39.05,0.24
25.8,39.05,0.24
25.85,39.05,0.24
25.9,39.05,0.24
25.95,39.05,0.24
26.0,39.05,0.24
26.05,39.05,0.24
26.1,39.05,0.24
26.15,39.05,0.24
26.2,39.05,0.24
26.25,39.05,0.24
26.3,39.05,0.24
26.35,39.05,0.24
26.4,39.05,0.24
26.45,39.05,0.24
26.5,39.05,0.24
26.55,39.05,0.24
26.6,39.05,0.24
26.65,39.05,0.24
26.7,39.05,0.24
26.75,39.05,0.24
26.8,39.05,0.24
26.85,39.05,0.24
26.9,39.05,0.24
26.95,39.05,0.24
27.0,39.05,0.24
27.05,39.05,0.24
27.1,39.05,0.24
27.15,39.05,0.24
27.2,39.05,0.24
27.25,39.05,0.24
27.3,39.05,0.24
27.35,39.05,0.24
27.4,39.05,0.24
27.45,39.05,0.24
27.5,39.05,0.24
27.55,39.05,0.24
27.6,39.05,0.24
27.65,39.05,0.24
27.7,39.05,0.24
27.75,39.05,0.24
27.8,39.05,0.24
27.85,39.05,0.24
27.9,39.05,0.24
27.95,39.05,0.24
28.0,39.05,0.05
28.05,39.05,0.05
28.1,39.05,0.05
28.15,39.05,0.05
28.2,39.05,0.05
28.25,39.05,0.05
28.3,39.05,0.05
28.35,39.05,0.05
28.4,39.05,0.05
28.45,39.05,0.05
28.5,39.05,0.05
28.55,39.05,0.05
28.6,39.05,0.05
28.65,39.05,0.05
28.7,39.05,0.05
28.75,39.05,0.05
28.8,39.05,0.05
28.85,39.05,0.05
28.9,39.05,0.05
28.95,39.05,0.05
29.0,39.05,0.05
29.05,39.05,0.05
29.1,39.05,0.05
29.15,39.05,0.05
29.2,39.05,0.05
29.25,39.05,0.05
29.3,39.05,0.05
29.35,39.05,0.05
29.4,39.05,0.05
29.45,39.05,0.05
29.5,39.05,0.05
19.0,39.1,0.36
19.05,39.1,0.36
19.1,39.1,0.36
19.15,39.1,0.36
19.2,39.1,0.36
19.25,39.1,0.36
19.3,39.1,0.36
19.35,39.1,0.36
19.4,39.1,0.36
19.45,39.1,0.36
19.5,39.1,0.36
19.55,39.1,0.36
19.6,39.1,0.36
19.65,39.1,0.36
19.7,39.1,0.36
19.75,39.1,0.36
19.8,39.1,0.36
19.85,39.1,0.36
19.9,39.1,0.36
19.95,39.1,0.36
20.0,39.1,0.36
20.05,39.1,0.36
20.1,39.1,0.36
20.15,39.1,0.36
20.2,39.1,0.36
20.25,39.1,0.36
20.3,39.1,0.36
20.35,39.1,0.36
20.4,39.1,0.36
20.45,39.1,0.36
20.5,39.1,0.36
20.55,39.1,0.36
20.6,39.1,0.36
20.65,39.1,0.36
20.7,39.1,0.36
20.75,39.1,0.36
20.8,39.1,0.36
20.85,39.1,0.36
20.9,39.1,0.36
20.95,39.1,0.36
21.0,39.1,0.24
21.05,39.1,0.24
21.1,39.1,0.24
21.15,39.1,0.24
21.2,39.1,0.24
21.25,39.1,0.24
21.3,39.1,0.24
21.35,39.1,0.24
21.4,39.1,0.24
21.45,39.1,0.24
21.5,39.1,0.24
21.55,39.1,0.24
21.6,39.1,0.24
21.65,39.1,0.24
21.7,39.1,0.24
21.75,39.1,0.24
21.8,39.1,0.24
21.85,39.1,0.24
21.9,39.1,0.24
21.95,39.1,0.24
22.0,39.1,0.24
22.05,39.1,0.24
22.1,39.1,0.24
22.15,39.1,0.24
22.2,39.1,0.24
22.25,39.1,0.24
22.3,39.1,0.24
22.35,39.1,0.24
22.4,39.1,0.24
22.45,39.1,0.24
22.5,39.1,0.24
22.55,39.1,0.24
22.6,39.1,0.24
22.65,39.1,0.24
22.7,39.1,0.24
22.75,39.1,0.24
22.8,39.1,0.24
22.85,39.1,0.24
22.9,39.1,0.24
22.95,39.1,0.24
23.0,39.1,0.24
23.05,39.1,0.24
23.1,39.1,0.24
23.15,39.1,0.24
23.2,39.1,0.24
23.25,39.1,0.24
23.3,39.1,0.24
23.35,39.1,0.24
23.4,39.1,0.24
23.45,39.1,0.24
23.5,39.1,0.24
23.55,39.1,0.24
23.6,39.1,0.24
23.65,39.1,0.24
23.7,39.1,0.24
23.75,39.1,0.24
23.8,39.1,0.24
23.85,39.1,0.24
23.9,39.1,0.24
23.95,39.1,0.24
24.0,39.1,0.24
24.05,39.1,0.24
24.1,39.1,0.24
24.15,39.1,0.24
24.2,39.1,0.24
24.25,39.1,0.24
24.3,39.1,0.24
24.35,39.1,0.24
24.4,39.1,0.24
24.45,39.1,0.24
24.5,39.1,0.24
24.55,39.1,0.24
24.6,39.1,0.24
24.65,39.1,0.24
24.7,39.1,0.24
24.75,39.1,0.24
24.8,39.1,0.24
24.85,39.1,0.24
24.9,39.1,0.24
24.95,39.1,0.24
25.0,39.1,0.24
25.05,39.1,0.24
25.1,39.1,0.24
25.15,39.1,0.24
25.2,39.1,0.24
25.25,39.1,0.24
25.3,39.1,0.24
25.35,39.1,0.24
25.4,39.1,0.24
25.45,39.1,0.24
25.5,39.1,0.24
25.55,39.1,0.24
25.6,39.1,0.24
25.65,39.1,0.24
25.7,39.1,0.24
25.75,39.1,0.24
25.8,39.1,0.24
25.85,39.1,0.24
25.9,39.1,0.24
25.95,39.1,0.24
26.0,39.1,0.24
26.05,39.1,0.24
26.1,39.1,0.24
26.15,39.1,0.24
26.2,39.1,0.24
26.25,39.1,0.24
26.3,39.1,0.24
26.35,39.1,0.24
26.4,39.1,0.24
26.45,39.1,0.24
26.5,39.1,0.24
26.55,39.1,0.24
26.6,39.1,0.24
26.65,39.1,0.24
26.7,39.1,0.24
26.75,39.1,0.24
26.8,39.1,0.24
26.85,39.1,0.24
26.9,39.1,0.24
26.95,39.1,0.24
27.0,39.1,0.24
27.05,39.1,0.24
27.1,39.1,0.24
27.15,39.1,0.24
27.2,39.1,0.24
27.25,39.1,0.24
27.3,39.1,0.24
27.35,39.1,0.24
27.4,39.1,0.24
27.45,39.1,0.24
27.5,39.1,0.24
27.55,39.1,0.24
27.6,39.1,0.24
27.65,39.1,0.24
27.7,39.1,0.24
27.75,39.1,0.24
27.8,39.1,0.24
27.85,39.1,0.24
27.9,39.1,0.24
27.95,39.1,0.24
28.0,39.1,0.05
28.05,39.1,0.05
28.1,39.1,0.05
28.15,39.1,0.05
28.2,39.1,0.05
28.25,39.1,0.05
28.3,39.1,0.05
28.35,39.1,0.05
28.4,39.1,0.05
28.45,39.1,0.05
28.5,39.1,0.05
28.55,39.1,0.05
28.6,39.1,0.05
28.65,39.1,0.05
28.7,39.1,0.05
28.75,39.1,0.05
28.8,39.1,0.05
28.85,39.1,0.05
28.9,39.1,0.05
28.95,39.1,0.05
29.0,39.1,0.05
29.05,39.1,0.05
29.1,39.1,0.05
29.15,39.1,0.05
29.2,39.1,0.05
29.25,39.1,0.05
29.3,39.1,0.05
29.35,39.1,0.05
29.4,39.1,0.05
29.45,39.1,0.05
29.5,39.1,0.05
19.0,39.15,0.36
19.05,39.15,0.36
19.1,39.15,0.36
19.15,39.15,0.36
19.2,39.15,0.36
19.25,39.15,0.36
19.3,39.15,0.36
19.35,39.15,0.36
19.4,39.15,0.36
19.45,39.15,0.36
19.5,39.15,0.36
19.55,39.15,0.36
19.6,39.15,0.36
19.65,39.15,0.36
19.7,39.15,0.36
19.75,39.15,0.36
19.8,39.15,0.36
19.85,39.15,0.36
19.9,39.15,0.36
19.95,39.15,0.36
20.0,39.15,0.36
20.05,39.15,0.36
20.1,39.15,0.36
20.15,39.15,0.36
20.2,39.15,0.36
20.25,39.15,0.36
20.3,39.15,0.36
20.35,39.15,0.36
20.4,39.15,0.36
20.45,39.15,0.36
20.5,39.15,0.36
20.55,39.15,0.36
20.6,39.15,0.36
20.65,39.15,0.36
20.7,39.15,0.36
20.75,39.15,0.36
20.8,39.15,0.36
20.85,39.15,0.36
20.9,39.15,0.36
20.95,39.15,0.36
21.0,39.15,0.24
21.05,39.15,0.24
21.1,39.15,0.24
21.15,39.15,0.24
21.2,39.15,0.24
21.25,39.15,0.24
21.3,39.15,0.24
21.35,39.15,0.24
21.4,39.15,0.24
21.45,39.15,0.24
21.5,39.15,0.24
21.55,39.15,0.24
21.6,39.15,0.24
21.65,39.15,0.24
21.7,39.15,0.24
21.75,39.15,0.24
21.8,39.15,0.24
21.85,39.15,0.24
21.9,39.15,0.24
21.95,39.15,0.24
22.0,39.15,0.24
22.05,39.15,0.24
22.1,39.15,0.24
22.15,39.15,0.24
22.2,39.15,0.24
22.25,39.15,0.24
22.3,39.15,0.24
22.35,39.15,0.24
22.4,39.15,0.24
22.45,39.15,0.24
22.5,39.15,0.24
22.55,39.15,0.24
22.6,39.15,0.24
22.65,39.15,0.24
22.7,39.15,0.24
22.75,39.15,0.24
22.8,39.15,0.24
22.85,39.15,0.24
22.9,39.15,0.24
22.95,39.15,0.24
23.0,39.15,0.24
23.05,39.15,0.24
23.1,39.15,0.24
23.15,39.15,0.24
23.2,39.15,0.24
23.25,39.15,0.24
23.3,39.15,0.24
23.35,39.15,0.24
23.4,39.15,0.24
23.45,39.15,0.24
23.5,39.15,0.24
23.55,39.15,0.24
23.6,39.15,0.24
23.65,39.15,0.24
23.7,39.15,0.24
23.75,39.15,0.24
23.8,39.15,0.24
23.85,39.15,0.24
23.9,39.15,0.24
23.95,39.15,0.24
24.0,39.15,0.24
24.05,39.15,0.24
24.1,39.15,0.24
24.15,39.15,0.24
24.2,39.15,0.24
24.25,39.15,0.24
24.3,39.15,0.24
24.35,39.15,0.24
24.4,39.15,0.24
24.45,39.15,0.24
24.5,39.15,0.24
24.55,39.15,0.24
24.6,39.15,0.24
24.65,39.15,0.24
24.7,39.15,0.24
24.75,39.15,0.24
24.8,39.15,0.24
24.85,39.15,0.24
24.9,39.15,0.24
24.95,39.15,0.24
25.0,39.15,0.24
25.05,39.15,0.24
25.1,39.15,0.24
25.15,39.15,0.24
25.2,39.15,0.24
25.25,39.15,0.24
25.3,39.15,0.24
25.35,39.15,0.24
25.4,39.15,0.24
25.45,39.15,0.24
25.5,39.15,0.24
25.55,39.15,0.24
25.6,39.15,0.24
25.65,39.15,0.24
25.7,39.15,0.24
25.75,39.15,0.24
25.8,39.15,0.24
25.85,39.15,0.24
25.9,39.15,0.24
25.95,39.15,0.24
26.0,39.15,0.24
26.05,39.15,0.24
26.1,39.15,0.24
26.15,39.15,0.24
26.2,39.15,0.24
26.25,39.15,0.24
26.3,39.15,0.24
26.35,39.15,0.24
26.4,39.15,0.24
26.45,39.15,0.24
26.5,39.15,0.24
26.55,39.15,0.24
26.6,39.15,0.24
26.65,39.15,0.24
26.7,39.15,0.24
26.75,39.15,0.24
26.8,39.15,0.24
26.85,39.15,0.24
26.9,39.15,0.24
26.95,39.15,0.24
27.0,39.15,0.24
27.05,39.15,0.24
27.1,39.15,0.24
27.15,39.15,0.24
27.2,39.15,0.24
27.25,39.15,0.24
27.3,39.15,0.24
27.35,39.15,0.24
27.4,39.15,0.24
27.45,39.15,0.24
27.5,39.15,0.24
27.55,39.15,0.24
27.6,39.15,0.24
27.65,39.15,0.24
27.7,39.15,0.24
27.75,39.15,0.24
27.8,39.15,0.24
27.85,39.15,0.24
27.9,39.15,0.24
27.95,39.15,0.24
28.0,39.15,0.05
28.05,39.15,0.05
28.1,39.15,0.05
28.15,39.15,0.05
28.2,39.15,0.05
28.25,39.15,0.05
28.3,39.15,0.05
28.35,39.15,0.05
28.4,39.15,0.05
28.45,39.15,0.05
28.5,39.15,0.05
28.55,39.15,0.05
28.6,39.15,0.05
28.65,39.15,0.05
28.7,39.15,0.05
28.75,39.15,0.05
28.8,39.15,0.05
28.85,39.15,0.05
28.9,39.15,0.05
28.95,39.15,0.05
29.0,39.15,0.05
29.05,39.15,0.05
29.1,39.15,0.05
29.15,39.15,0.05
29.2,39.15,0.05
29.25,39.15,0.05
29.3,39.15,0.05
29.35,39.15,0.05
29.4,39.15,0.05
29.45,39.15,0.05
29.5,39.15,0.05
19.0,39.2,0.36
19.05,39.2,0.36
19.1,39.2,0.36
19.15,39.2,0.36
19.2,39.2,0.36
19.25,39.2,0.36
19.3,39.2,0.36
19.35,39.2,0.36
19.4,39.2,0.36
19.45,39.2,0.36
19.5,39.2,0.36
19.55,39.2,0.36
19.6,39.2,0.36
19.65,39.2,0.36
19.7,39.2,0.36
19.75,39.2,0.36
19.8,39.2,0.36
19.85,39.2,0.36
19.9,39.2,0.36
19.95,39.2,0.36
20.0,39.2,0.36
20.05,39.2,0.36
20.1,39.2,0.36
20.15,39.2,0.36
20.2,39.2,0.36
20.25,39.2,0.36
20.3,39.2,0.36
20.35,39.2,0.36
20.4,39.2,0.36
20.45,39.2,0.36
20.5,39.2,0.36
20.55,39.2,0.36
20.6,39.2,0.36
20.65,39.2,0.36
20.7,39.2,0.36
20.75,39.2,0.36
20.8,39.2,0.36
20.85,39.2,0.36
20.9,39.2,0.36
20.95,39.2,0.36
21.0,39.2,0.24
21.05,39.2,0.24
21.1,39.2,0.24
21.15,39.2,0.24
21.2,39.2,0.24
21.25,39.2,0.24
21.3,39.2,0.24
21.35,39.2,0.24
21.4,39.2,0.24
21.45,39.2,0.24
21.5,39.2,0.24
21.55,39.2,0.24
21.6,39.2,0.24
21.65,39.2,0.24
21.7,39.2,0.24
21.75,39.2,0.24
21.8,39.2,0.24
21.85,39.2,0.24
21.9,39.2,0.24
21.95,39.2,0.24
22.0,39.2,0.24
22.05,39.2,0.24
22.1,39.2,0.24
22.15,39.2,0.24
22.2,39.2,0.24
22.25,39.2,0.24
22.3,39.2,0.24
22.35,39.2,0.24
22.4,39.2,0.24
22.45,39.2,0.24
22.5,39.2,0.24
22.55,39.2,0.24
22.6,39.2,0.24
22.65,39.2,0.24
22.7,39.2,0.24
22.75,39.2,0.24
22.8,39.2,0.24
22.85,39.2,0.24
22.9,39.2,0.24
22.95,39.2,0.24
23.0,39.2,0.24
23.05,39.2,0.24
23.1,39.2,0.24
23.15,39.2,0.24
23.2,39.2,0.24
23.25,39.2,0.24
23.3,39.2,0.24
23.35,39.2,0.24
23.4,39.2,0.24
23.45,39.2,0.24
23.5,39.2,0.24
23.55,39.2,0.24
23.6,39.2,0.24
23.65,39.2,0.24
23.7,39.2,0.24
23.75,39.2,0.24
23.8,39.2,0.24
23.85,39.2,0.24
23.9,39.2,0.24
23.95,39.2,0.24
24.0,39.2,0.24
24.05,39.2,0.24
24.1,39.2,0.24
24.15,39.2,0.24
24.2,39.2,0.24
24.25,39.2,0.24
24.3,39.2,0.24
24.35,39.2,0.24
24.4,39.2,0.24
24.45,39.2,0.24
24.5,39.2,0.24
24.55,39.2,0.24
24.6,39.2,0.24
24.65,39.2,0.24
24.7,39.2,0.24
24.75,39.2,0.24
24.8,39.2,0.24
24.85,39.2,0.24
24.9,39.2,0.24
24.95,39.2,0.24
25.0,39.2,0.24
25.05,39.2,0.24
25.1,39.2,0.24
25.15,39.2,0.24
25.2,39.2,0.24
25.25,39.2,0.24
25.3,39.2,0.24
25.35,39.2,0.24
25.4,39.2,0.24
25.45,39.2,0.24
25.5,39.2,0.24
25.55,39.2,0.24
25.6,39.2,0.24
25.65,39.2,0.24
25.7,39.2,0.24
25.75,39.2,0.24
25.8,39.2,0.24
25.85,39.2,0.24
25.9,39.2,0.24
25.95,39.2,0.24
26.0,39.2,0.24
26.05,39.2,0.24
26.1,39.2,0.24
26.15,39.2,0.24
26.2,39.2,0.24
26.25,39.2,0.24
26.3,39.2,0.24
26.35,39.2,0.24
26.4,39.2,0.24
26.45,39.2,0.24
26.5,39.2,0.24
26.55,39.2,0.24
26.6,39.2,0.24
26.65,39.2,0.24
26.7,39.2,0.24
26.75,39.2,0.24
26.8,39.2,0.24
26.85,39.2,0.24
26.9,39.2,0.24
26.95,39.2,0.24
27.0,39.2,0.24
27.05,39.2,0.24
27.1,39.2,0.24
27.15,39.2,0.24
27.2,39.2,0.24
27.25,39.2,0.24
27.3,39.2,0.24
27.35,39.2,0.24
27.4,39.2,0.24
27.45,39.2,0.24
27.5,39.2,0.24
27.55,39.2,0.24
27.6,39.2,0.24
27.65,39.2,0.24
27.7,39.2,0.24
27.75,39.2,0.24
27.8,39.2,0.24
27.85,39.2,0.24
27.9,39.2,0.24
27.95,39.2,0.24
28.0,39.2,0.05
28.05,39.2,0.05
28.1,39.2,0.05
28.15,39.2,0.05
28.2,39.2,0.05
28.25,39.2,0.05
28.3,39.2,0.05
28.35,39.2,0.05
28.4,39.2,0.05
28.45,39.2,0.05
28.5,39.2,0.05
28.55,39.2,0.05
28.6,39.2,0.05
28.65,39.2,0.05
28.7,39.2,0.05
28.75,39.2,0.05
28.8,39.2,0.05
28.85,39.2,0.05
28.9,39.2,0.05
28.95,39.2,0.05
29.0,39.2,0.05
29.05,39.2,0.05
29.1,39.2,0.05
29.15,39.2,0.05
29.2,39.2,0.05
29.25,39.2,0.05
29.3,39.2,0.05
29.35,39.2,0.05
29.4,39.2,0.05
29.45,39.2,0.05
29.5,39.2,0.05
19.0,39.25,0.36
19.05,39.25,0.36
19.1,39.25,0.36
19.15,39.25,0.36
19.2,39.25,0.36
19.25,39.25,0.36
19.3,39.25,0.36
19.35,39.25,0.36
19.4,39.25,0.36
19.45,39.25,0.36
19.5,39.25,0.36
19.55,39.25,0.36
19.6,39.25,0.36
19.65,39.25,0.36
19.7,39.25,0.36
19.75,39.25,0.36
19.8,39.25,0.36
19.85,39.25,0.36
19.9,39.25,0.36
19.95,39.25,0.36
20.0,39.25,0.36
20.05,39.25,0.36
20.1,39.25,0.36
20.15,39.25,0.36
20.2,39.25,0.36
20.25,39.25,0.36
20.3,39.25,0.36
20.35,39.25,0.36
20.4,39.25,0.36
20.45,39.25,0.36
20.5,39.25,0.36
20.55,39.25,0.36
20.6,39.25,0.36
20.65,39.25,0.36
20.7,39.25,0.36
20.75,39.25,0.36
20.8,39.25,0.36
20.85,39.25,0.36
20.9,39.25,0.36
20.95,39.25,0.36
21.0,39.25,0.24
21.05,39.25,0.24
21.1,39.25,0.24
21.15,39.25,0.24
21.2,39.25,0.24
21.25,39.25,0.24
21.3,39.25,0.24
21.35,39.25,0.24
21.4,39.25,0.24
21.45,39.25,0.24
21.5,39.25,0.24
21.55,39.25,0.24
21.6,39.25,0.24
21.65,39.25,0.24
21.7,39.25,0.24
21.75,39.25,0.24
21.8,39.25,0.24
21.85,39.25,0.24
21.9,39.25,0.24
21.95,39.25,0.24
22.0,39.25,0.24
22.05,39.25,0.24
22.1,39.25,0.24
22.15,39.25,0.24
22.2,39.25,0.24
22.25,39.25,0.24
22.3,39.25,0.24
22.35,39.25,0.24
22.4,39.25,0.24
22.45,39.25,0.24
22.5,39.25,0.24
22.55,39.25,0.24
22.6,39.25,0.24
22.65,39.25,0.24
22.7,39.25,0.24
22.75,39.25,0.24
22.8,39.25,0.24
22.85,39.25,0.24
22.9,39.25,0.24
22.95,39.25,0.24
23.0,39.25,0.24
23.05,39.25,0.24
23.1,39.25,0.24
23.15,39.25,0.24
23.2,39.25,0.24
23.25,39.25,0.24
23.3,39.25,0.24
23.35,39.25,0.24
23.4,39.25,0.24
23.45,39.25,0.24
23.5,39.25,0.24
23.55,39.25,0.24
23.6,39.25,0.24
23.65,39.25,0.24
23.7,39.25,0.24
23.75,39.25,0.24
23.8,39.25,0.24
23.85,39.25,0.24
23.9,39.25,0.24
23.95,39.25,0.24
24.0,39.25,0.24
24.05,39.25,0.24
24.1,39.25,0.24
24.15,39.25,0.24
24.2,39.25,0.24
24.25,39.25,0.24
24.3,39.25,0.24
24.35,39.25,0.24
24.4,39.25,0.24
24.45,39.25,0.24
24.5,39.25,0.24
24.55,39.25,0.24
24.6,39.25,0.24
24.65,39.25,0.24
24.7,39.25,0.24
24.75,39.25,0.24
24.8,39.25,0.24
24.85,39.25,0.24
24.9,39.25,0.24
24.95,39.25,0.24
25.0,39.25,0.24
25.05,39.25,0.24
25.1,39.25,0.24
25.15,39.25,0.24
25.2,39.25,0.24
25.25,39.25,0.24
25.3,39.25,0.24
25.35,39.25,0.24
25.4,39.25,0.24
25.45,39.25,0.24
25.5,39.25,0.24
25.55,39.25,0.24
25.6,39.25,0.24
25.65,39.25,0.24
25.7,39.25,0.24
25.75,39.25,0.24
25.8,39.25,0.24
25.85,39.25,0.24
25.9,39.25,0.24
25.95,39.25,0.24
26.0,39.25,0.24
26.05,39.25,0.24
26.1,39.25,0.24
26.15,39.25,0.24
26.2,39.25,0.24
26.25,39.25,0.24
26.3,39.25,0.24
26.35,39.25,0.24
26.4,39.25,0.24
26.45,39.25,0.24
26.5,39.25,0.24
26.55,39.25,0.24
26.6,39.25,0.24
26.65,39.25,0.24
26.7,39.25,0.24
26.75,39.25,0.24
26.8,39.25,0.24
26.85,39.25,0.24
26.9,39.25,0.24
26.95,39.25,0.24
27.0,39.25,0.24
27.05,39.25,0.24
27.1,39.25,0.24
27.15,39.25,0.24
27.2,39.25,0.24
27.25,39.25,0.24
27.3,39.25,0.24
27.35,39.25,0.24
27.4,39.25,0.24
27.45,39.25,0.24
27.5,39.25,0.24
27.55,39.25,0.24
27.6,39.25,0.24
27.65,39.25,0.24
27.7,39.25,0.24
27.75,39.25,0.24
27.8,39.25,0.24
27.85,39.25,0.24
27.9,39.25,0.24
27.95,39.25,0.24
28.0,39.25,0.05
28.05,39.25,0.05
28.1,39.25,0.05
28.15,39.25,0.05
28.2,39.25,0.05
28.25,39.25,0.05
28.3,39.25,0.05
28.35,39.25,0.05
28.4,39.25,0.05
28.45,39.25,0.05
28.5,39.25,0.05
28.55,39.25,0.05
28.6,39.25,0.05
28.65,39.25,0.05
28.7,39.25,0.05
28.75,39.25,0.05
28.8,39.25,0.05
28.85,39.25,0.05
28.9,39.25,0.05
28.95,39.25,0.05
29.0,39.25,0.05
29.05,39.25,0.05
29.1,39.25,0.05
29.15,39.25,0.05
29.2,39.25,0.05
29.25,39.25,0.05
29.3,39.25,0.05
29.35,39.25,0.05
29.4,39.25,0.05
29.45,39.25,0.05
29.5,39.25,0.05
19.0,39.3,0.36
19.05,39.3,0.36
19.1,39.3,0.36
19.15,39.3,0.36
19.2,39.3,0.36
19.25,39.3,0.36
19.3,39.3,0.36
19.35,39.3,0.36
19.4,39.3,0.36
19.45,39.3,0.36
19.5,39.3,0.36
19.55,39.3,0.36
19.6,39.3,0.36
19.65,39.3,0.36
19.7,39.3,0.36
19.75,39.3,0.36
19.8,39.3,0.36
19.85,39.3,0.36
19.9,39.3,0.36
19.95,39.3,0.36
20.0,39.3,0.36
20.05,39.3,0.36
20.1,39.3,0.36
20.15,39.3,0.36
20.2,39.3,0.36
20.25,39.3,0.36
20.3,39.3,0.36
20.35,39.3,0.36
20.4,39.3,0.36
20.45,39.3,0.36
20.5,39.3,0.36
20.55,39.3,0.36
20.6,39.3,0.36
20.65,39.3,0.36
20.7,39.3,0.36
20.75,39.3,0.36
20.8,39.3,0.36
20.85,39.3,0.36
20.9,39.3,0.36
20.95,39.3,0.36
21.0,39.3,0.24
21.05,39.3,0.24
21.1,39.3,0.24
21.15,39.3,0.24
21.2,39.3,0.24
21.25,39.3,0.24
21.3,39.3,0.24
21.35,39.3,0.24
21.4,39.3,0.24
21.45,39.3,0.24
21.5,39.3,0.24
21.55,39.3,0.24
21.6,39.3,0.24
21.65,39.3,0.24
21.7,39.3,0.24
21.75,39.3,0.24
21.8,39.3,0.24
21.85,39.3,0.24
21.9,39.3,0.24
21.95,39.3,0.24
22.0,39.3,0.24
22.05,39.3,0.24
22.1,39.3,0.24
22.15,39.3,0.24
22.2,39.3,0.24
22.25,39.3,0.24
22.3,39.3,0.24
22.35,39.3,0.24
22.4,39.3,0.24
22.45,39.3,0.24
22.5,39.3,0.24
22.55,39.3,0.24
22.6,39.3,0.24
22.65,39.3,0.24
22.7,39.3,0.24
22.75,39.3,0.24
22.8,39.3,0.24
22.85,39.3,0.24
22.9,39.3,0.24
22.95,39.3,0.24
23.0,39.3,0.24
23.05,39.3,0.24
23.1,39.3,0.24
23.15,39.3,0.24
23.2,39.3,0.24
23.25,39.3,0.24
23.3,39.3,0.24
23.35,39.3,0.24
23.4,39.3,0.24
23.45,39.3,0.24
23.5,39.3,0.24
23.55,39.3,0.24
23.6,39.3,0.24
23.65,39.3,0.24
23.7,39.3,0.24
23.75,39.3,0.24
23.8,39.3,0.24
23.85,39.3,0.24
23.9,39.3,0.24
23.95,39.3,0.24
24.0,39.3,0.24
24.05,39.3,0.24
24.1,39.3,0.24
24.15,39.3,0.24
24.2,39.3,0.24
24.25,39.3,0.24
24.3,39.3,0.24
24.35,39.3,0.24
24.4,39.3,0.24
24.45,39.3,0.24
24.5,39.3,0.24
24.55,39.3,0.24
24.6,39.3,0.24
24.65,39.3,0.24
24.7,39.3,0.24
24.75,39.3,0.24
24.8,39.3,0.24
24.85,39.3,0.24
24.9,39.3,0.24
24.95,39.3,0.24
25.0,39.3,0.24
25.05,39.3,0.24
25.1,39.3,0.24
25.15,39.3,0.24
25.2,39.3,0.24
25.25,39.3,0.24
25.3,39.3,0.24
25.35,39.3,0.24
25.4,39.3,0.24
25.45,39.3,0.24
25.5,39.3,0.24
25.55,39.3,0.24
25.6,39.3,0.24
25.65,39.3,0.24
25.7,39.3,0.24
25.75,39.3,0.24
25.8,39.3,0.24
25.85,39.3,0.24
25.9,39.3,0.24
25.95,39.3,0.24
26.0,39.3,0.24
26.05,39.3,0.24
26.1,39.3,0.24
26.15,39.3,0.24
26.2,39.3,0.24
26.25,39.3,0.24
26.3,39.3,0.24
26.35,39.3,0.24
26.4,39.3,0.24
26.45,39.3,0.24
26.5,39.3,0.24
26.55,39.3,0.24
26.6,39.3,0.24
26.65,39.3,0.24
26.7,39.3,0.24
26.75,39.3,0.24
26.8,39.3,0.24
26.85,39.3,0.24
26.9,39.3,0.24
26.95,39.3,0.24
27.0,39.3,0.24
27.05,39.3,0.24
27.1,39.3,0.24
27.15,39.3,0.24
27.2,39.3,0.24
27.25,39.3,0.24
27.3,39.3,0.24
27.35,39.3,0.24
27.4,39.3,0.24
27.45,39.3,0.24
27.5,39.3,0.24
27.55,39.3,0.24
27.6,39.3,0.24
27.65,39.3,0.24
27.7,39.3,0.24
27.75,39.3,0.24
27.8,39.3,0.24
27.85,39.3,0.24
27.9,39.3,0.24
27.95,39.3,0.24
28.0,39.3,0.05
28.05,39.3,0.05
28.1,39.3,0.05
28.15,39.3,0.05
28.2,39.3,0.05
28.25,39.3,0.05
28.3,39.3,0.05
28.35,39.3,0.05
28.4,39.3,0.05
28.45,39.3,0.05
28.5,39.3,0.05
28.55,39.3,0.05
28.6,39.3,0.05
28.65,39.3,0.05
28.7,39.3,0.05
28.75,39.3,0.05
28.8,39.3,0.05
28.85,39.3,0.05
28.9,39.3,0.05
28.95,39.3,0.05
29.0,39.3,0.05
29.05,39.3,0.05
29.1,39.3,0.05
29.15,39.3,0.05
29.2,39.3,0.05
29.25,39.3,0.05
29.3,39.3,0.05
29.35,39.3,0.05
29.4,39.3,0.05
29.45,39.3,0.05
29.5,39.3,0.05
19.0,39.35,0.36
19.05,39.35,0.36
19.1,39.35,0.36
19.15,39.35,0.36
19.2,39.35,0.36
19.25,39.35,0.36
19.3,39.35,0.36
19.35,39.35,0.36
19.4,39.35,0.36
19.45,39.35,0.36
19.5,39.35,0.36
19.55,39.35,0.36
19.6,39.35,0.36
19.65,39.35,0.36
19.7,39.35,0.36
19.75,39.35,0.36
19.8,39.35,0.36
19.85,39.35,0.36
19.9,39.35,0.36
19.95,39.35,0.36
20.0,39.35,0.36
20.05,39.35,0.36
20.1,39.35,0.36
20.15,39.35,0.36
20.2,39.35,0.36
20.25,39.35,0.36
20.3,39.35,0.36
20.35,39.35,0.36
20.4,39.35,0.36
20.45,39.35,0.36
20.5,39.35,0.36
20.55,39.35,0.36
20.6,39.35,0.36
20.65,39.35,0.36
20.7,39.35,0.36
20.75,39.35,0.36
20.8,39.35,0.36
20.85,39.35,0.36
20.9,39.35,0.36
20.95,39.35,0.36
21.0,39.35,0.24
21.05,39.35,0.24
21.1,39.35,0.24
21.15,39.35,0.24
21.2,39.35,0.24
21.25,39.35,0.24
21.3,39.35,0.24
21.35,39.35,0.24
21.4,39.35,0.24
21.45,39.35,0.24
21.5,39.35,0.24
21.55,39.35,0.24
21.6,39.35,0.24
21.65,39.35,0.24
21.7,39.35,0.24
21.75,39.35,0.24
21.8,39.35,0.24
21.85,39.35,0.24
21.9,39.35,0.24
21.95,39.35,0.24
22.0,39.35,0.24
22.05,39.35,0.24
22.1,39.35,0.24
22.15,39.35,0.24
22.2,39.35,0.24
22.25,39.35,0.24
22.3,39.35,0.24
22.35,39.35,0.24
22.4,39.35,0.24
22.45,39.35,0.24
22.5,39.35,0.24
22.55,39.35,0.24
22.6,39.35,0.24
22.65,39.35,0.24
22.7,39.35,0.24
22.75,39.35,0.24
22.8,39.35,0.24
22.85,39.35,0.24
22.9,39.35,0.24
22.95,39.35,0.24
23.0,39.35,0.24
23.05,39.35,0.24
23.1,39.35,0.24
23.15,39.35,0.24
23.2,39.35,0.24
23.25,39.35,0.24
23.3,39.35,0.24
23.35,39.35,0.24
23.4,39.35,0.24
23.45,39.35,0.24
23.5,39.35,0.24
23.55,39.35,0.24
23.6,39.35,0.24
23.65,39.35,0.24
23.7,39.35,0.24
23.75,39.35,0.24
23.8,39.35,0.24
23.85,39.35,0.24
23.9,39.35,0.24
23.95,39.35,0.24
24.0,39.35,0.24
24.05,39.35,0.24
24.1,39.35,0.24
24.15,39.35,0.24
24.2,39.35,0.24
24.25,39.35,0.24
24.3,39.35,0.24
24.35,39.35,0.24
24.4,39.35,0.24
24.45,39.35,0.24
24.5,39.35,0.24
24.55,39.35,0.24
24.6,39.35,0.24
24.65,39.35,0.24
24.7,39.35,0.24
24.75,39.35,0.24
24.8,39.35,0.24
24.85,39.35,0.24
24.9,39.35,0.24
24.95,39.35,0.24
25.0,39.35,0.24
25.05,39.35,0.24
25.1,39.35,0.24
25.15,39.35,0.24
25.2,39.35,0.24
25.25,39.35,0.24
25.3,39.35,0.24
25.35,39.35,0.24
25.4,39.35,0.24
25.45,39.35,0.24
25.5,39.35,0.24
25.55,39.35,0.24
25.6,39.35,0.24
25.65,39.35,0.24
25.7,39.35,0.24
25.75,39.35,0.24
25.8,39.35,0.24
25.85,39.35,0.24
25.9,39.35,0.24
25.95,39.35,0.24
26.0,39.35,0.24
26.05,39.35,0.24
26.1,39.35,0.24
26.15,39.35,0.24
26.2,39.35,0.24
26.25,39.35,0.24
26.3,39.35,0.24
26.35,39.35,0.24
26.4,39.35,0.24
26.45,39.35,0.24
26.5,39.35,0.24
26.55,39.35,0.24
26.6,39.35,0.24
26.65,39.35,0.24
26.7,39.35,0.24
26.75,39.35,0.24
26.8,39.35,0.24
26.85,39.35,0.24
26.9,39.35,0.24
26.95,39.35,0.24
27.0,39.35,0.24
27.05,39.35,0.24
27.1,39.35,0.24
27.15,39.35,0.24
27.2,39.35,0.24
27.25,39.35,0.24
27.3,39.35,0.24
27.35,39.35,0.24
27.4,39.35,0.24
27.45,39.35,0.24
27.5,39.35,0.24
27.55,39.35,0.24
27.6,39.35,0.24
27.65,39.35,0.24
27.7,39.35,0.24
27.75,39.35,0.24
27.8,39.35,0.24
27.85,39.35,0.24
27.9,39.35,0.24
27.95,39.35,0.24
28.0,39.35,0.05
28.05,39.35,0.05
28.1,39.35,0.05
28.15,39.35,0.05
28.2,39.35,0.05
28.25,39.35,0.05
28.3,39.35,0.05
28.35,39.35,0.05
28.4,39.35,0.05
28.45,39.35,0.05
28.5,39.35,0.05
28.55,39.35,0.05
28.6,39.35,0.05
28.65,39.35,0.05
28.7,39.35,0.05
28.75,39.35,0.05
28.8,39.35,0.05
28.85,39.35,0.05
28.9,39.35,0.05
28.95,39.35,0.05
29.0,39.35,0.05
29.05,39.35,0.05
29.1,39.35,0.05
29.15,39.35,0.05
29.2,39.35,0.05
29.25,39.35,0.05
29.3,39.35,0.05
29.35,39.35,0.05
29.4,39.35,0.05
29.45,39.35,0.05
29.5,39.35,0.05
19.0,39.4,0.36
19.05,39.4,0.36
19.1,39.4,0.36
19.15,39.4,0.36
19.2,39.4,0.36
19.25,39.4,0.36
19.3,39.4,0.36
19.35,39.4,0.36
19.4,39.4,0.36
19.45,39.4,0.36
19.5,39.4,0.36
19.55,39.4,0.36
19.6,39.4,0.36
19.65,39.4,0.36
19.7,39.4,0.36
19.75,39.4,0.36
19.8,39.4,0.36
19.85,39.4,0.36
19.9,39.4,0.36
19.95,39.4,0.36
20.0,39.4,0.36
20.05,39.4,0.36
20.1,39.4,0.36
20.15,39.4,0.36
20.2,39.4,0.36
20.25,39.4,0.36
20.3,39.4,0.36
20.35,39.4,0.36
20.4,39.4,0.36
20.45,39.4,0.36
20.5,39.4,0.36
20.55,39.4,0.36
20.6,39.4,0.36
20.65,39.4,0.36
20.7,39.4,0.36
20.75,39.4,0.36
20.8,39.4,0.36
20.85,39.4,0.36
20.9,39.4,0.36
20.95,39.4,0.36
21.0,39.4,0.24
21.05,39.4,0.24
21.1,39.4,0.24
21.15,39.4,0.24
21.2,39.4,0.24
21.25,39.4,0.24
21.3,39.4,0.24
21.35,39.4,0.24
21.4,39.4,0.24
21.45,39.4,0.24
21.5,39.4,0.24
21.55,39.4,0.24
21.6,39.4,0.24
21.65,39.4,0.24
21.7,39.4,0.24
21.75,39.4,0.24
21.8,39.4,0.24
21.85,39.4,0.24
21.9,39.4,0.24
21.95,39.4,0.24
22.0,39.4,0.24
22.05,39.4,0.24
22.1,39.4,0.24
22.15,39.4,0.24
22.2,39.4,0.24
22.25,39.4,0.24
22.3,39.4,0.24
22.35,39.4,0.24
22.4,39.4,0.24
22.45,39.4,0.24
22.5,39.4,0.24
22.55,39.4,0.24
22.6,39.4,0.24
22.65,39.4,0.24
22.7,39.4,0.24
22.75,39.4,0.24
22.8,39.4,0.24
22.85,39.4,0.24
22.9,39.4,0.24
22.95,39.4,0.24
23.0,39.4,0.24
23.05,39.4,0.24
23.1,39.4,0.24
23.15,39.4,0.24
23.2,39.4,0.24
23.25,39.4,0.24
23.3,39.4,0.24
23.35,39.4,0.24
23.4,39.4,0.24
23.45,39.4,0.24
23.5,39.4,0.24
23.55,39.4,0.24
23.6,39.4,0.24
23.65,39.4,0.24
23.7,39.4,0.24
23.75,39.4,0.24
23.8,39.4,0.24
23.85,39.4,0.24
23.9,39.4,0.24
23.95,39.4,0.24
24.0,39.4,0.24
24.05,39.4,0.24
24.1,39.4,0.24
24.15,39.4,0.24
24.2,39.4,0.24
24.25,39.4,0.24
24.3,39.4,0.24
24.35,39.4,0.24
24.4,39.4,0.24
24.45,39.4,0.24
24.5,39.4,0.24
24.55,39.4,0.24
24.6,39.4,0.24
24.65,39.4,0.24
24.7,39.4,0.24
24.75,39.4,0.24
24.8,39.4,0.24
24.85,39.4,0.24
24.9,39.4,0.24
24.95,39.4,0.24
25.0,39.4,0.24
25.05,39.4,0.24
25.1,39.4,0.24
25.15,39.4,0.24
25.2,39.4,0.24
25.25,39.4,0.24
25.3,39.4,0.24
25.35,39.4,0.24
25.4,39.4,0.24
25.45,39.4,0.24
25.5,39.4,0.24
25.55,39.4,0.24
25.6,39.4,0.24
25.65,39.4,0.24
25.7,39.4,0.24
25.75,39.4,0.24
25.8,39.4,0.24
25.85,39.4,0.24
25.9,39.4,0.24
25.95,39.4,0.24
26.0,39.4,0.24
26.05,39.4,0.24
26.1,39.4,0.24
26.15,39.4,0.24
26.2,39.4,0.24
26.25,39.4,0.24
26.3,39.4,0.24
26.35,39.4,0.24
26.4,39.4,0.24
26.45,39.4,0.24
26.5,39.4,0.24
26.55,39.4,0.24
26.6,39.4,0.24
26.65,39.4,0.24
26.7,39.4,0.24
26.75,39.4,0.24
26.8,39.4,0.24
26.85,39.4,0.24
26.9,39.4,0.24
26.95,39.4,0.24
27.0,39.4,0.24
27.05,39.4,0.24
27.1,39.4,0.24
27.15,39.4,0.24
27.2,39.4,0.24
27.25,39.4,0.24
27.3,39.4,0.24
27.35,39.4,0.24
27.4,39.4,0.24
27.45,39.4,0.24
27.5,39.4,0.24
27.55,39.4,0.24
27.6,39.4,0.24
27.65,39.4,0.24
27.7,39.4,0.24
27.75,39.4,0.24
27.8,39.4,0.24
27.85,39.4,0.24
27.9,39.4,0.24
27.95,39.4,0.24
28.0,39.4,0.05
28.05,39.4,0.05
28.1,39.4,0.05
28.15,39.4,0.05
28.2,39.4,0.05
28.25,39.4,0.05
28.3,39.4,0.05
28.35,39.4,0.05
28.4,39.4,0.05
28.45,39.4,0.05
28.5,39.4,0.05
28.55,39.4,0.05
28.6,39.4,0.05
28.65,39.4,0.05
28.7,39.4,0.05
28.75,39.4,0.05
28.8,39.4,0.05
28.85,39.4,0.05
28.9,39.4,0.05
28.95,39.4,0.05
29.0,39.4,0.05
29.05,39.4,0.05
29.1,39.4,0.05
29.15,39.4,0.05
29.2,39.4,0.05
29.25,39.4,0.05
29.3,39.4,0.05
29.35,39.4,0.05
29.4,39.4,0.05
29.45,39.4,0.05
29.5,39.4,0.05
19.0,39.45,0.36
19.05,39.45,0.36
19.1,39.45,0.36
19.15,39.45,0.36
19.2,39.45,0.36
19.25,39.45,0.36
19.3,39.45,0.36
19.35,39.45,0.36
19.4,39.45,0.36
19.45,39.45,0.36
19.5,39.45,0.36
19.55,39.45,0.36
19.6,39.45,0.36
19.65,39.45,0.36
19.7,39.45,0.36
19.75,39.45,0.36
19.8,39.45,0.36
19.85,39.45,0.36
19.9,39.45,0.36
19.95,39.45,0.36
20.0,39.45,0.36
20.05,39.45,0.36
20.1,39.45,0.36
20.15,39.45,0.36
20.2,39.45,0.36
20.25,39.45,0.36
20.3,39.45,0.36
20.35,39.45,0.36
20.4,39.45,0.36
20.45,39.45,0.36
20.5,39.45,0.36
20.55,39.45,0.36
20.6,39.45,0.36
20.65,39.45,0.36
20.7,39.45,0.36
20.75,39.45,0.36
20.8,39.45,0.36
20.85,39.45,0.36
20.9,39.45,0.36
20.95,39.45,0.36
21.0,39.45,0.24
21.05,39.45,0.24
21.1,39.45,0.24
21.15,39.45,0.24
21.2,39.45,0.24
21.25,39.45,0.24
21.3,39.45,0.24
21.35,39.45,0.24
21.4,39.45,0.24
21.45,39.45,0.24
21.5,39.45,0.24
21.55,39.45,0.24
21.6,39.45,0.24
21.65,39.45,0.24
21.7,39.45,0.24
21.75,39.45,0.24
21.8,39.45,0.24
21.85,39.45,0.24
21.9,39.45,0.24
21.95,39.45,0.24
22.0,39.45,0.24
22.05,39.45,0.24
22.1,39.45,0.24
22.15,39.45,0.24
22.2,39.45,0.24
22.25,39.45,0.24
22.3,39.45,0.24
22.35,39.45,0.24
22.4,39.45,0.24
22.45,39.45,0.24
22.5,39.45,0.24
22.55,39.45,0.24
22.6,39.45,0.24
22.65,39.45,0.24
22.7,39.45,0.24
22.75,39.45,0.24
22.8,39.45,0.24
22.85,39.45,0.24
22.9,39.45,0.24
22.95,39.45,0.24
23.0,39.45,0.24
23.05,39.45,0.24
23.1,39.45,0.24
23.15,39.45,0.24
23.2,39.45,0.24
23.25,39.45,0.24
23.3,39.45,0.24
23.35,39.45,0.24
23.4,39.45,0.24
23.45,39.45,0.24
23.5,39.45,0.24
23.55,39.45,0.24
23.6,39.45,0.24
23.65,39.45,0.24
23.7,39.45,0.24
23.75,39.45,0.24
23.8,39.45,0.24
23.85,39.45,0.24
23.9,39.45,0.24
23.95,39.45,0.24
24.0,39.45,0.24
24.05,39.45,0.24
24.1,39.45,0.24
24.15,39.45,0.24
24.2,39.45,0.24
24.25,39.45,0.24
24.3,39.45,0.24
24.35,39.45,0.24
24.4,39.45,0.24
24.45,39.45,0.24
24.5,39.45,0.24
24.55,39.45,0.24
24.6,39.45,0.24
24.65,39.45,0.24
24.7,39.45,0.24
24.75,39.45,0.24
24.8,39.45,0.24
24.85,39.45,0.24
24.9,39.45,0.24
24.95,39.45,0.24
25.0,39.45,0.24
25.05,39.45,0.24
25.1,39.45,0.24
25.15,39.45,0.24
25.2,39.45,0.24
25.25,39.45,0.24
25.3,39.45,0.24
25.35,39.45,0.24
25.4,39.45,0.24
25.45,39.45,0.24
25.5,39.45,0.24
25.55,39.45,0.24
25.6,39.45,0.24
25.65,39.45,0.24
25.7,39.45,0.24
25.75,39.45,0.24
25.8,39.45,0.24
25.85,39.45,0.24
25.9,39.45,0.24
25.95,39.45,0.24
26.0,39.45,0.24
26.05,39.45,0.24
26.1,39.45,0.24
26.15,39.45,0.24
26.2,39.45,0.24
26.25,39.45,0.24
26.3,39.45,0.24
26.35,39.45,0.24
26.4,39.45,0.24
26.45,39.45,0.24
26.5,39.45,0.24
26.55,39.45,0.24
26.6,39.45,0.24
26.65,39.45,0.24
26.7,39.45,0.24
26.75,39.45,0.24
26.8,39.45,0.24
26.85,39.45,0.24
26.9,39.45,0.24
26.95,39.45,0.24
27.0,39.45,0.24
27.05,39.45,0.24
27.1,39.45,0.24
27.15,39.45,0.24
27.2,39.45,0.24
27.25,39.45,0.24
27.3,39.45,0.24
27.35,39.45,0.24
27.4,39.45,0.24
27.45,39.45,0.24
27.5,39.45,0.24
27.55,39.45,0.24
27.6,39.45,0.24
27.65,39.45,0.24
27.7,39.45,0.24
27.75,39.45,0.24
27.8,39.45,0.24
27.85,39.45,0.24
27.9,39.45,0.24
27.95,39.45,0.24
28.0,39.45,0.05
28.05,39.45,0.05
28.1,39.45,0.05
28.15,39.45,0.05
28.2,39.45,0.05
28.25,39.45,0.05
28.3,39.45,0.05
28.35,39.45,0.05
28.4,39.45,0.05
28.45,39.45,0.05
28.5,39.45,0.05
28.55,39.45,0.05
28.6,39.45,0.05
28.65,39.45,0.05
28.7,39.45,0.05
28.75,39.45,0.05
28.8,39.45,0.05
28.85,39.45,0.05
28.9,39.45,0.05
28.95,39.45,0.05
29.0,39.45,0.05
29.05,39.45,0.05
29.1,39.45,0.05
29.15,39.45,0.05
29.2,39.45,0.05
29.25,39.45,0.05
29.3,39.45,0.05
29.35,39.45,0.05
29.4,39.45,0.05
29.45,39.45,0.05
29.5,39.45,0.05
19.0,39.5,0.36
19.05,39.5,0.36
19.1,39.5,0.36
19.15,39.5,0.36
19.2,39.5,0.36
19.25,39.5,0.36
19.3,39.5,0.36
19.35,39.5,0.36
19.4,39.5,0.36
19.45,39.5,0.36
19.5,39.5,0.36
19.55,39.5,0.36
19.6,39.5,0.36
19.65,39.5,0.36
19.7,39.5,0.36
19.75,39.5,0.36
19.8,39.5,0.36
19.85,39.5,0.36
19.9,39.5,0.36
19.95,39.5,0.36
20.0,39.5,0.36
20.05,39.5,0.36
20.1,39.5,0.36
20.15,39.5,0.36
20.2,39.5,0.36
20.25,39.5,0.36
20.3,39.5,0.36
20.35,39.5,0.36
20.4,39.5,0.36
20.45,39.5,0.36
20.5,39.5,0.36
20.55,39.5,0.36
20.6,39.5,0.36
20.65,39.5,0.36
20.7,39.5,0.36
20.75,39.5,0.36
20.8,39.5,0.36
20.85,39.5,0.36
20.9,39.5,0.36
20.95,39.5,0.36
21.0,39.5,0.24
21.05,39.5,0.24
21.1,39.5,0.24
21.15,39.5,0.24
21.2,39.5,0.24
21.25,39.5,0.24
21.3,39.5,0.24
21.35,39.5,0.24
21.4,39.5,0.24
21.45,39.5,0.24
21.5,39.5,0.24
21.55,39.5,0.24
21.6,39.5,0.24
21.65,39.5,0.24
21.7,39.5,0.24
21.75,39.5,0.24
21.8,39.5,0.24
21.85,39.5,0.24
21.9,39.5,0.24
21.95,39.5,0.24
22.0,39.5,0.24
22.05,39.5,0.24
22.1,39.5,0.24
22.15,39.5,0.24
22.2,39.5,0.24
22.25,39.5,0.24
22.3,39.5,0.24
22.35,39.5,0.24
22.4,39.5,0.24
22.45,39.5,0.24
22.5,39.5,0.24
22.55,39.5,0.24
22.6,39.5,0.24
22.65,39.5,0.24
22.7,39.5,0.24
22.75,39.5,0.24
22.8,39.5,0.24
22.85,39.5,0.24
22.9,39.5,0.24
22.95,39.5,0.24
23.0,39.5,0.24
23.05,39.5,0.24
23.1,39.5,0.24
23.15,39.5,0.24
23.2,39.5,0.24
23.25,39.5,0.24
23.3,39.5,0.24
23.35,39.5,0.24
23.4,39.5,0.24
23.45,39.5,0.24
23.5,39.5,0.24
23.55,39.5,0.24
23.6,39.5,0.24
23.65,39.5,0.24
23.7,39.5,0.24
23.75,39.5,0.24
23.8,39.5,0.24
23.85,39.5,0.24
23.9,39.5,0.24
23.95,39.5,0.24
24.0,39.5,0.24
24.05,39.5,0.24
24.1,39.5,0.24
24.15,39.5,0.24
24.2,39.5,0.24
24.25,39.5,0.24
24.3,39.5,0.24
24.35,39.5,0.24
24.4,39.5,0.24
24.45,39.5,0.24
24.5,39.5,0.24
24.55,39.5,0.24
24.6,39.5,0.24
24.65,39.5,0.24
24.7,39.5,0.24
24.75,39.5,0.24
24.8,39.5,0.24
24.85,39.5,0.24
24.9,39.5,0.24
24.95,39.5,0.24
25.0,39.5,0.24
25.05,39.5,0.24
25.1,39.5,0.24
25.15,39.5,0.24
25.2,39.5,0.24
25.25,39.5,0.24
25.3,39.5,0.24
25.35,39.5,0.24
25.4,39.5,0.24
25.45,39.5,0.24
25.5,39.5,0.24
25.55,39.5,0.24
25.6,39.5,0.24
25.65,39.5,0.24
25.7,39.5,0.24
25.75,39.5,0.24
25.8,39.5,0.24
25.85,39.5,0.24
25.9,39.5,0.24
25.95,39.5,0.24
26.0,39.5,0.24
26.05,39.5,0.24
26.1,39.5,0.24
26.15,39.5,0.24
26.2,39.5,0.24
26.25,39.5,0.24
26.3,39.5,0.24
26.35,39.5,0.24
26.4,39.5,0.24
26.45,39.5,0.24
26.5,39.5,0.24
26.55,39.5,0.24
26.6,39.5,0.24
26.65,39.5,0.24
26.7,39.5,0.24
26.75,39.5,0.24
26.8,39.5,0.24
26.85,39.5,0.24
26.9,39.5,0.24
26.95,39.5,0.24
27.0,39.5,0.24
27.05,39.5,0.24
27.1,39.5,0.24
27.15,39.5,0.24
27.2,39.5,0.24
27.25,39.5,0.24
27.3,39.5,0.24
27.35,39.5,0.24
27.4,39.5,0.24
27.45,39.5,0.24
27.5,39.5,0.24
27.55,39.5,0.24
27.6,39.5,0.24
27.65,39.5,0.24
27.7,39.5,0.24
27.75,39.5,0.24
27.8,39.5,0.24
27.85,39.5,0.24
27.9,39.5,0.24
27.95,39.5,0.24
28.0,39.5,0.05
28.05,39.5,0.05
28.1,39.5,0.05
28.15,39.5,0.05
28.2,39.5,0.05
28.25,39.5,0.05
28.3,39.5,0.05
28.35,39.5,0.05
28.4,39.5,0.05
28.45,39.5,0.05
28.5,39.5,0.05
28.55,39.5,0.05
28.6,39.5,0.05
28.65,39.5,0.05
28.7,39.5,0.05
28.75,39.5,0.05
28.8,39.5,0.05
28.85,39.5,0.05
28.9,39.5,0.05
28.95,39.5,0.05
29.0,39.5,0.05
29.05,39.5,0.05
29.1,39.5,0.05
29.15,39.5,0.05
29.2,39.5,0.05
29.25,39.5,0.05
29.3,39.5,0.05
29.35,39.5,0.05
29.4,39.5,0.05
29.45,39.5,0.05
29.5,39.5,0.05
19.0,39.55,0.05
19.05,39.55,0.05
19.1,39.55,0.05
19.15,39.55,0.05
19.2,39.55,0.05
19.25,39.55,0.05
19.3,39.55,0.05
19.35,39.55,0.05
19.4,39.55,0.05
19.45,39.55,0.05
19.5,39.55,0.05
19.55,39.55,0.05
19.6,39.55,0.05
19.65,39.55,0.05
19.7,39.55,0.05
19.75,39.55,0.05
19.8,39.55,0.05
19.85,39.55,0.05
19.9,39.55,0.05
19.95,39.55,0.05
20.0,39.55,0.05
20.05,39.55,0.05
20.1,39.55,0.05
20.15,39.55,0.05
20.2,39.55,0.05
20.25,39.55,0.05
20.3,39.55,0.05
20.35,39.55,0.05
20.4,39.55,0.05
20.45,39.55,0.05
20.5,39.55,0.05
20.55,39.55,0.05
20.6,39.55,0.05
20.65,39.55,0.05
20.7,39.55,0.05
20.75,39.55,0.05
20.8,39.55,0.05
20.85,39.55,0.05
20.9,39.55,0.05
20.95,39.55,0.05
21.0,39.55,0.24
21.05,39.55,0.24
21.1,39.55,0.24
21.15,39.55,0.24
21.2,39.55,0.24
21.25,39.55,0.24
21.3,39.55,0.24
21.35,39.55,0.24
21.4,39.55,0.24
21.45,39.55,0.24
21.5,39.55,0.24
21.55,39.55,0.24
21.6,39.55,0.24
21.65,39.55,0.24
21.7,39.55,0.24
21.75,39.55,0.24
21.8,39.55,0.24
21.85,39.55,0.24
21.9,39.55,0.24
21.95,39.55,0.24
22.0,39.55,0.24
22.05,39.55,0.24
22.1,39.55,0.24
22.15,39.55,0.24
22.2,39.55,0.24
22.25,39.55,0.24
22.3,39.55,0.24
22.35,39.55,0.24
22.4,39.55,0.24
22.45,39.55,0.24
22.5,39.55,0.24
22.55,39.55,0.24
22.6,39.55,0.24
22.65,39.55,0.24
22.7,39.55,0.24
22.75,39.55,0.24
22.8,39.55,0.24
22.85,39.55,0.24
22.9,39.55,0.24
22.95,39.55,0.24
23.0,39.55,0.24
23.05,39.55,0.24
23.1,39.55,0.24
23.15,39.55,0.24
23.2,39.55,0.24
23.25,39.55,0.24
23.3,39.55,0.24
23.35,39.55,0.24
23.4,39.55,0.24
23.45,39.55,0.24
23.5,39.55,0.24
23.55,39.55,0.24
23.6,39.55,0.24
23.65,39.55,0.24
23.7,39.55,0.24
23.75,39.55,0.24
23.8,39.55,0.24
23.85,39.55,0.24
23.9,39.55,0.24
23.95,39.55,0.24
24.0,39.55,0.24
24.05,39.55,0.24
24.1,39.55,0.24
24.15,39.55,0.24
24.2,39.55,0.24
24.25,39.55,0.24
24.3,39.55,0.24
24.35,39.55,0.24
24.4,39.55,0.24
24.45,39.55,0.24
24.5,39.55,0.24
24.55,39.55,0.24
24.6,39.55,0.24
24.65,39.55,0.24
24.7,39.55,0.24
24.75,39.55,0.24
24.8,39.55,0.24
24.85,39.55,0.24
24.9,39.55,0.24
24.95,39.55,0.24
25.0,39.55,0.24
25.05,39.55,0.24
25.1,39.55,0.24
25.15,39.55,0.24
25.2,39.55,0.24
25.25,39.55,0.24
25.3,39.55,0.24
25.35,39.55,0.24
25.4,39.55,0.24
25.45,39.55,0.24
25.5,39.55,0.24
25.55,39.55,0.24
25.6,39.55,0.24
25.65,39.55,0.24
25.7,39.55,0.24
25.75,39.55,0.24
25.8,39.55,0.24
25.85,39.55,0.24
25.9,39.55,0.24
25.95,39.55,0.24
26.0,39.55,0.24
26.05,39.55,0.24
26.1,39.55,0.24
26.15,39.55,0.24
26.2,39.55,0.24
26.25,39.55,0.24
26.3,39.55,0.24
26.35,39.55,0.24
26.4,39.55,0.24
26.45,39.55,0.24
26.5,39.55,0.05
26.55,39.55,0.05
26.6,39.55,0.05
26.65,39.55,0.05
26.7,39.55,0.05
26.75,39.55,0.05
26.8,39.55,0.05
26.85,39.55,0.05
26.9,39.55,0.05
26.95,39.55,0.05
27.0,39.55,0.05
27.05,39.55,0.05
27.1,39.55,0.05
27.15,39.55,0.05
27.2,39.55,0.05
27.25,39.55,0.05
27.3,39.55,0.05
27.35,39.55,0.05
27.4,39.55,0.05
27.45,39.55,0.05
27.5,39.55,0.05
27.55,39.55,0.05
27.6,39.55,0.05
27.65,39.55,0.05
27.7,39.55,0.05
27.75,39.55,0.05
27.8,39.55,0.05
27.85,39.55,0.05
27.9,39.55,0.05
27.95,39.55,0.05
28.0,39.55,0.05
28.05,39.55,0.05
28.1,39.55,0.05
28.15,39.55,0.05
28.2,39.55,0.05
28.25,39.55,0.05
28.3,39.55,0.05
28.35,39.55,0.05
28.4,39.55,0.05
28.45,39.55,0.05
28.5,39.55,0.05
28.55,39.55,0.05
28.6,39.55,0.05
28.65,39.55,0.05
28.7,39.55,0.05
28.75,39.55,0.05
28.8,39.55,0.05
28.85,39.55,0.05
28.9,39.55,0.05
28.95,39.55,0.05
29.0,39.55,0.05
29.05,39.55,0.05
29.1,39.55,0.05
29.15,39.55,0.05
29.2,39.55,0.05
29.25,39.55,0.05
29.3,39.55,0.05
29.35,39.55,0.05
29.4,39.55,0.05
29.45,39.55,0.05
29.5,39.55,0.05
19.0,39.6,0.05
19.05,39.6,0.05
19.1,39.6,0.05
19.15,39.6,0.05
19.2,39.6,0.05
19.25,39.6,0.05
19.3,39.6,0.05
19.35,39.6,0.05
19.4,39.6,0.05
19.45,39.6,0.05
19.5,39.6,0.05
19.55,39.6,0.05
19.6,39.6,0.05
19.65,39.6,0.05
19.7,39.6,0.05
19.75,39.6,0.05
19.8,39.6,0.05
19.85,39.6,0.05
19.9,39.6,0.05
19.95,39.6,0.05
20.0,39.6,0.05
20.05,39.6,0.05
20.1,39.6,0.05
20.15,39.6,0.05
20.2,39.6,0.05
20.25,39.6,0.05
20.3,39.6,0.05
20.35,39.6,0.05
20.4,39.6,0.05
20.45,39.6,0.05
20.5,39.6,0.05
20.55,39.6,0.05
20.6,39.6,0.05
20.65,39.6,0.05
20.7,39.6,0.05
20.75,39.6,0.05
20.8,39.6,0.05
20.85,39.6,0.05
20.9,39.6,0.05
20.95,39.6,0.05
21.0,39.6,0.24
21.05,39.6,0.24
21.1,39.6,0.24
21.15,39.6,0.24
21.2,39.6,0.24
21.25,39.6,0.24
21.3,39.6,0.24
21.35,39.6,0.24
21.4,39.6,0.24
21.45,39.6,0.24
21.5,39.6,0.24
21.55,39.6,0.24
21.6,39.6,0.24
21.65,39.6,0.24
21.7,39.6,0.24
21.75,39.6,0.24
21.8,39.6,0.24
21.85,39.6,0.24
21.9,39.6,0.24
21.95,39.6,0.24
22.0,39.6,0.24
22.05,39.6,0.24
22.1,39.6,0.24
22.15,39.6,0.24
22.2,39.6,0.24
22.25,39.6,0.24
22.3,39.6,0.24
22.35,39.6,0.24
22.4,39.6,0.24
22.45,39.6,0.24
22.5,39.6,0.24
22.55,39.6,0.24
22.6,39.6,0.24
22.65,39.6,0.24
22.7,39.6,0.24
22.75,39.6,0.24
22.8,39.6,0.24
22.85,39.6,0.24
22.9,39.6,0.24
22.95,39.6,0.24
23.0,39.6,0.24
23.05,39.6,0.24
23.1,39.6,0.24
23.15,39.6,0.24
23.2,39.6,0.24
23.25,39.6,0.24
23.3,39.6,0.24
23.35,39.6,0.24
23.4,39.6,0.24
23.45,39.6,0.24
23.5,39.6,0.24
23.55,39.6,0.24
23.6,39.6,0.24
23.65,39.6,0.24
23.7,39.6,0.24
23.75,39.6,0.24
23.8,39.6,0.24
23.85,39.6,0.24
23.9,39.6,0.24
23.95,39.6,0.24
24.0,39.6,0.24
24.05,39.6,0.24
24.1,39.6,0.24
24.15,39.6,0.24
24.2,39.6,0.24
24.25,39.6,0.24
24.3,39.6,0.24
24.35,39.6,0.24
24.4,39.6,0.24
24.45,39.6,0.24
24.5,39.6,0.24
24.55,39.6,0.24
24.6,39.6,0.24
24.65,39.6,0.24
24.7,39.6,0.24
24.75,39.6,0.24
24.8,39.6,0.24
24.85,39.6,0.24
24.9,39.6,0.24
24.95,39.6,0.24
25.0,39.6,0.24
25.05,39.6,0.24
25.1,39.6,0.24
25.15,39.6,0.24
25.2,39.6,0.24
25.25,39.6,0.24
25.3,39.6,0.24
25.35,39.6,0.24
25.4,39.6,0.24
25.45,39.6,0.24
25.5,39.6,0.24
25.55,39.6,0.24
25.6,39.6,0.24
25.65,39.6,0.24
25.7,39.6,0.24
25.75,39.6,0.24
25.8,39.6,0.24
25.85,39.6,0.24
25.9,39.6,0.24
25.95,39.6,0.24
26.0,39.6,0.24
26.05,39.6,0.24
26.1,39.6,0.24
26.15,39.6,0.24
26.2,39.6,0.24
26.25,39.6,0.24
26.3,39.6,0.24
26.35,39.6,0.24
26.4,39.6,0.24
26.45,39.6,0.24
26.5,39.6,0.05
26.55,39.6,0.05
26.6,39.6,0.05
26.65,39.6,0.05
26.7,39.6,0.05
26.75,39.6,0.05
26.8,39.6,0.05
26.85,39.6,0.05
26.9,39.6,0.05
26.95,39.6,0.05
27.0,39.6,0.05
27.05,39.6,0.05
27.1,39.6,0.05
27.15,39.6,0.05
27.2,39.6,0.05
27.25,39.6,0.05
27.3,39.6,0.05
27.35,39.6,0.05
27.4,39.6,0.05
27.45,39.6,0.05
27.5,39.6,0.05
27.55,39.6,0.05
27.6,39.6,0.05
27.65,39.6,0.05
27.7,39.6,0.05
27.75,39.6,0.05
27.8,39.6,0.05
27.85,39.6,0.05
27.9,39.6,0.05
27.95,39.6,0.05
28.0,39.6,0.05
28.05,39.6,0.05
28.1,39.6,0.05
28.15,39.6,0.05
28.2,39.6,0.05
28.25,39.6,0.05
28.3,39.6,0.05
28.35,39.6,0.05
28.4,39.6,0.05
28.45,39.6,0.05
28.5,39.6,0.05
28.55,39.6,0.05
28.6,39.6,0.05
28.65,39.6,0.05
28.7,39.6,0.05
28.75,39.6,0.05
28.8,39.6,0.05
28.85,39.6,0.05
28.9,39.6,0.05
28.95,39.6,0.05
29.0,39.6,0.05
29.05,39.6,0.05
29.1,39.6,0.05
29.15,39.6,0.05
29.2,39.6,0.05
29.25,39.6,0.05
29.3,39.6,0.05
29.35,39.6,0.05
29.4,39.6,0.05
29.45,39.6,0.05
29.5,39.6,0.05
19.0,39.65,0.05
19.05,39.65,0.05
19.1,39.65,0.05
19.15,39.65,0.05
19.2,39.65,0.05
19.25,39.65,0.05
19.3,39.65,0.05
19.35,39.65,0.05
19.4,39.65,0.05
19.45,39.65,0.05
19.5,39.65,0.05
19.55,39.65,0.05
19.6,39.65,0.05
19.65,39.65,0.05
19.7,39.65,0.05
19.75,39.65,0.05
19.8,39.65,0.05
19.85,39.65,0.05
19.9,39.65,0.05
19.95,39.65,0.05
20.0,39.65,0.05
20.05,39.65,0.05
20.1,39.65,0.05
20.15,39.65,0.05
20.2,39.65,0.05
20.25,39.65,0.05
20.3,39.65,0.05
20.35,39.65,0.05
20.4,39.65,0.05
20.45,39.65,0.05
20.5,39.65,0.05
20.55,39.65,0.05
20.6,39.65,0.05
20.65,39.65,0.05
20.7,39.65,0.05
20.75,39.65,0.05
20.8,39.65,0.05
20.85,39.65,0.05
20.9,39.65,0.05
20.95,39.65,0.05
21.0,39.65,0.24
21.05,39.65,0.24
21.1,39.65,0.24
21.15,39.65,0.24
21.2,39.65,0.24
21.25,39.65,0.24
21.3,39.65,0.24
21.35,39.65,0.24
21.4,39.65,0.24
21.45,39.65,0.24
21.5,39.65,0.24
21.55,39.65,0.24
21.6,39.65,0.24
21.65,39.65,0.24
21.7,39.65,0.24
21.75,39.65,0.24
21.8,39.65,0.24
21.85,39.65,0.24
21.9,39.65,0.24
21.95,39.65,0.24
22.0,39.65,0.24
22.05,39.65,0.24
22.1,39.65,0.24
22.15,39.65,0.24
22.2,39.65,0.24
22.25,39.65,0.24
22.3,39.65,0.24
22.35,39.65,0.24
22.4,39.65,0.24
22.45,39.65,0.24
22.5,39.65,0.24
22.55,39.65,0.24
22.6,39.65,0.24
22.65,39.65,0.24
22.7,39.65,0.24
22.75,39.65,0.24
22.8,39.65,0.24
22.85,39.65,0.24
22.9,39.65,0.24
22.95,39.65,0.24
23.0,39.65,0.24
23.05,39.65,0.24
23.1,39.65,0.24
23.15,39.65,0.24
23.2,39.65,0.24
23.25,39.65,0.24
23.3,39.65,0.24
23.35,39.65,0.24
23.4,39.65,0.24
23.45,39.65,0.24
23.5,39.65,0.24
23.55,39.65,0.24
23.6,39.65,0.24
23.65,39.65,0.24
23.7,39.65,0.24
23.75,39.65,0.24
23.8,39.65,0.24
23.85,39.65,0.24
23.9,39.65,0.24
23.95,39.65,0.24
24.0,39.65,0.24
24.05,39.65,0.24
24.1,39.65,0.24
24.15,39.65,0.24
24.2,39.65,0.24
24.25,39.65,0.24
24.3,39.65,0.24
24.35,39.65,0.24
24.4,39.65,0.24
24.45,39.65,0.24
24.5,39.65,0.24
24.55,39.65,0.24
24.6,39.65,0.24
24.65,39.65,0.24
24.7,39.65,0.24
24.75,39.65,0.24
24.8,39.65,0.24
24.85,39.65,0.24
24.9,39.65,0.24
24.95,39.65,0.24
25.0,39.65,0.24
25.05,39.65,0.24
25.1,39.65,0.24
25.15,39.65,0.24
25.2,39.65,0.24
25.25,39.65,0.24
25.3,39.65,0.24
25.35,39.65,0.24
25.4,39.65,0.24
25.45,39.65,0.24
25.5,39.65,0.24
25.55,39.65,0.24
25.6,39.65,0.24
25.65,39.65,0.24
25.7,39.65,0.24
25.75,39.65,0.24
25.8,39.65,0.24
25.85,39.65,0.24
25.9,39.65,0.24
25.95,39.65,0.24
26.0,39.65,0.24
26.05,39.65,0.24
26.1,39.65,0.24
26.15,39.65,0.24
26.2,39.65,0.24
26.25,39.65,0.24
26.3,39.65,0.24
26.35,39.65,0.24
26.4,39.65,0.24
26.45,39.65,0.24
26.5,39.65,0.05
26.55,39.65,0.05
26.6,39.65,0.05
26.65,39.65,0.05
26.7,39.65,0.05
26.75,39.65,0.05
26.8,39.65,0.05
26.85,39.65,0.05
26.9,39.65,0.05
26.95,39.65,0.05
27.0,39.65,0.05
27.05,39.65,0.05
27.1,39.65,0.05
27.15,39.65,0.05
27.2,39.65,0.05
27.25,39.65,0.05
27.3,39.65,0.05
27.35,39.65,0.05
27.4,39.65,0.05
27.45,39.65,0.05
27.5,39.65,0.05
27.55,39.65,0.05
27.6,39.65,0.05
27.65,39.65,0.05
27.7,39.65,0.05
27.75,39.65,0.05
27.8,39.65,0.05
27.85,39.65,0.05
27.9,39.65,0.05
27.95,39.65,0.05
28.0,39.65,0.05
28.05,39.65,0.05
28.1,39.65,0.05
28.15,39.65,0.05
28.2,39.65,0.05
28.25,39.65,0.05
28.3,39.65,0.05
28.35,39.65,0.05
28.4,39.65,0.05
28.45,39.65,0.05
28.5,39.65,0.05
28.55,39.65,0.05
28.6,39.65,0.05
28.65,39.65,0.05
28.7,39.65,0.05
28.75,39.65,0.05
28.8,39.65,0.05
28.85,39.65,0.05
28.9,39.65,0.05
28.95,39.65,0.05
29.0,39.65,0.05
29.05,39.65,0.05
29.1,39.65,0.05
29.15,39.65,0.05
29.2,39.65,0.05
29.25,39.65,0.05
29.3,39.65,0.05
29.35,39.65,0.05
29.4,39.65,0.05
29.45,39.65,0.05
29.5,39.65,0.05
19.0,39.7,0.05
19.05,39.7,0.05
19.1,39.7,0.05
19.15,39.7,0.05
19.2,39.7,0.05
19.25,39.7,0.05
19.3,39.7,0.05
19.35,39.7,0.05
19.4,39.7,0.05
19.45,39.7,0.05
19.5,39.7,0.05
19.55,39.7,0.05
19.6,39.7,0.05
19.65,39.7,0.05
19.7,39.7,0.05
19.75,39.7,0.05
19.8,39.7,0.05
19.85,39.7,0.05
19.9,39.7,0.05
19.95,39.7,0.05
20.0,39.7,0.05
20.05,39.7,0.05
20.1,39.7,0.05
20.15,39.7,0.05
20.2,39.7,0.05
20.25,39.7,0.05
20.3,39.7,0.05
20.35,39.7,0.05
20.4,39.7,0.05
20.45,39.7,0.05
20.5,39.7,0.05
20.55,39.7,0.05
20.6,39.7,0.05
20.65,39.7,0.05
20.7,39.7,0.05
20.75,39.7,0.05
20.8,39.7,0.05
20.85,39.7,0.05
20.9,39.7,0.05
20.95,39.7,0.05
21.0,39.7,0.24
21.05,39.7,0.24
21.1,39.7,0.24
21.15,39.7,0.24
21.2,39.7,0.24
21.25,39.7,0.24
21.3,39.7,0.24
21.35,39.7,0.24
21.4,39.7,0.24
21.45,39.7,0.24
21.5,39.7,0.24
21.55,39.7,0.24
21.6,39.7,0.24
21.65,39.7,0.24
21.7,39.7,0.24
21.75,39.7,0.24
21.8,39.7,0.24
21.85,39.7,0.24
21.9,39.7,0.24
21.95,39.7,0.24
22.0,39.7,0.24
22.05,39.7,0.24
22.1,39.7,0.24
22.15,39.7,0.24
22.2,39.7,0.24
22.25,39.7,0.24
22.3,39.7,0.24
22.35,39.7,0.24
22.4,39.7,0.24
22.45,39.7,0.24
22.5,39.7,0.24
22.55,39.7,0.24
22.6,39.7,0.24
22.65,39.7,0.24
22.7,39.7,0.24
22.75,39.7,0.24
22.8,39.7,0.24
22.85,39.7,0.24
22.9,39.7,0.24
22.95,39.7,0.24
23.0,39.7,0.24
23.05,39.7,0.24
23.1,39.7,0.24
23.15,39.7,0.24
23.2,39.7,0.24
23.25,39.7,0.24
23.3,39.7,0.24
23.35,39.7,0.24
23.4,39.7,0.24
23.45,39.7,0.24
23.5,39.7,0.24
23.55,39.7,0.24
23.6,39.7,0.24
23.65,39.7,0.24
23.7,39.7,0.24
23.75,39.7,0.24
23.8,39.7,0.24
23.85,39.7,0.24
23.9,39.7,0.24
23.95,39.7,0.24
24.0,39.7,0.24
24.05,39.7,0.24
24.1,39.7,0.24
24.15,39.7,0.24
24.2,39.7,0.24
24.25,39.7,0.24
24.3,39.7,0.24
24.35,39.7,0.24
24.4,39.7,0.24
24.45,39.7,0.24
24.5,39.7,0.24
24.55,39.7,0.24
24.6,39.7,0.24
24.65,39.7,0.24
24.7,39.7,0.24
24.75,39.7,0.24
24.8,39.7,0.24
24.85,39.7,0.24
24.9,39.7,0.24
24.95,39.7,0.24
25.0,39.7,0.24
25.05,39.7,0.24
25.1,39.7,0.24
25.15,39.7,0.24
25.2,39.7,0.24
25.25,39.7,0.24
25.3,39.7,0.24
25.35,39.7,0.24
25.4,39.7,0.24
25.45,39.7,0.24
25.5,39.7,0.24
25.55,39.7,0.24
25.6,39.7,0.24
25.65,39.7,0.24
25.7,39.7,0.24
25.75,39.7,0.24
25.8,39.7,0.24
25.85,39.7,0.24
25.9,39.7,0.24
25.95,39.7,0.24
26.0,39.7,0.24
26.05,39.7,0.24
26.1,39.7,0.24
26.15,39.7,0.24
26.2,39.7,0.24
26.25,39.7,0.24
26.3,39.7,0.24
26.35,39.7,0.24
26.4,39.7,0.24
26.45,39.7,0.24
26.5,39.7,0.05
26.55,39.7,0.05
26.6,39.7,0.05
26.65,39.7,0.05
26.7,39.7,0.05
26.75,39.7,0.05
26.8,39.7,0.05
26.85,39.7,0.05
26.9,39.7,0.05
26.95,39.7,0.05
27.0,39.7,0.05
27.05,39.7,0.05
27.1,39.7,0.05
27.15,39.7,0.05
27.2,39.7,0.05
27.25,39.7,0.05
27.3,39.7,0.05
27.35,39.7,0.05
27.4,39.7,0.05
27.45,39.7,0.05
27.5,39.7,0.05
27.55,39.7,0.05
27.6,39.7,0.05
27.65,39.7,0.05
27.7,39.7,0.05
27.75,39.7,0.05
27.8,39.7,0.05
27.85,39.7,0.05
27.9,39.7,0.05
27.95,39.7,0.05
28.0,39.7,0.05
28.05,39.7,0.05
28.1,39.7,0.05
28.15,39.7,0.05
28.2,39.7,0.05
28.25,39.7,0.05
28.3,39.7,0.05
28.35,39.7,0.05
28.4,39.7,0.05
28.45,39.7,0.05
28.5,39.7,0.05
28.55,39.7,0.05
28.6,39.7,0.05
28.65,39.7,0.05
28.7,39.7,0.05
28.75,39.7,0.05
28.8,39.7,0.05
28.85,39.7,0.05
28.9,39.7,0.05
28.95,39.7,0.05
29.0,39.7,0.05
29.05,39.7,0.05
29.1,39.7,0.05
29.15,39.7,0.05
29.2,39.7,0.05
29.25,39.7,0.05
29.3,39.7,0.05
29.35,39.7,0.05
29.4,39.7,0.05
29.45,39.7,0.05
29.5,39.7,0.05
19.0,39.75,0.05
19.05,39.75,0.05
19.1,39.75,0.05
19.15,39.75,0.05
19.2,39.75,0.05
19.25,39.75,0.05
19.3,39.75,0.05
19.35,39.75,0.05
19.4,39.75,0.05
19.45,39.75,0.05
19.5,39.75,0.05
19.55,39.75,0.05
19.6,39.75,0.05
19.65,39.75,0.05
19.7,39.75,0.05
19.75,39.75,0.05
19.8,39.75,0.05
19.85,39.75,0.05
19.9,39.75,0.05
19.95,39.75,0.05
20.0,39.75,0.05
20.05,39.75,0.05
20.1,39.75,0.05
20.15,39.75,0.05
20.2,39.75,0.05
20.25,39.75,0.05
20.3,39.75,0.05
20.35,39.75,0.05
20.4,39.75,0.05
20.45,39.75,0.05
20.5,39.75,0.05
20.55,39.75,0.05
20.6,39.75,0.05
20.65,39.75,0.05
20.7,39.75,0.05
20.75,39.75,0.05
20.8,39.75,0.05
20.85,39.75,0.05
20.9,39.75,0.05
20.95,39.75,0.05
21.0,39.75,0.24
21.05,39.75,0.24
21.1,39.75,0.24
21.15,39.75,0.24
21.2,39.75,0.24
21.25,39.75,0.24
21.3,39.75,0.24
21.35,39.75,0.24
21.4,39.75,0.24
21.45,39.75,0.24
21.5,39.75,0.24
21.55,39.75,0.24
21.6,39.75,0.24
21.65,39.75,0.24
21.7,39.75,0.24
21.75,39.75,0.24
21.8,39.75,0.24
21.85,39.75,0.24
21.9,39.75,0.24
21.95,39.75,0.24
22.0,39.75,0.24
22.05,39.75,0.24
22.1,39.75,0.24
22.15,39.75,0.24
22.2,39.75,0.24
22.25,39.75,0.24
22.3,39.75,0.24
22.35,39.75,0.24
22.4,39.75,0.24
22.45,39.75,0.24
22.5,39.75,0.24
22.55,39.75,0.24
22.6,39.75,0.24
22.65,39.75,0.24
22.7,39.75,0.24
22.75,39.75,0.24
22.8,39.75,0.24
22.85,39.75,0.24
22.9,39.75,0.24
22.95,39.75,0.24
23.0,39.75,0.24
23.05,39.75,0.24
23.1,39.75,0.24
23.15,39.75,0.24
23.2,39.75,0.24
23.25,39.75,0.24
23.3,39.75,0.24
23.35,39.75,0.24
23.4,39.75,0.24
23.45,39.75,0.24
23.5,39.75,0.24
23.55,39.75,0.24
23.6,39.75,0.24
23.65,39.75,0.24
23.7,39.75,0.24
23.75,39.75,0.24
23.8,39.75,0.24
23.85,39.75,0.24
23.9,39.75,0.24
23.95,39.75,0.24
24.0,39.75,0.24
24.05,39.75,0.24
24.1,39.75,0.24
24.15,39.75,0.24
24.2,39.75,0.24
24.25,39.75,0.24
24.3,39.75,0.24
24.35,39.75,0.24
24.4,39.75,0.24
24.45,39.75,0.24
24.5,39.75,0.24
24.55,39.75,0.24
24.6,39.75,0.24
24.65,39.75,0.24
24.7,39.75,0.24
24.75,39.75,0.24
24.8,39.75,0.24
24.85,39.75,0.24
24.9,39.75,0.24
24.95,39.75,0.24
25.0,39.75,0.24
25.05,39.75,0.24
25.1,39.75,0.24
25.15,39.75,0.24
25.2,39.75,0.24
25.25,39.75,0.24
25.3,39.75,0.24
25.35,39.75,0.24
25.4,39.75,0.24
25.45,39.75,0.24
25.5,39.75,0.24
25.55,39.75,0.24
25.6,39.75,0.24
25.65,39.75,0.24
25.7,39.75,0.24
25.75,39.75,0.24
25.8,39.75,0.24
25.85,39.75,0.24
25.9,39.75,0.24
25.95,39.75,0.24
26.0,39.75,0.24
26.05,39.75,0.24
26.1,39.75,0.24
26.15,39.75,0.24
26.2,39.75,0.24
26.25,39.75,0.24
26.3,39.75,0.24
26.35,39.75,0.24
26.4,39.75,0.24
26.45,39.75,0.24
26.5,39.75,0.05
26.55,39.75,0.05
26.6,39.75,0.05
26.65,39.75,0.05
26.7,39.75,0.05
26.75,39.75,0.05
26.8,39.75,0.05
26.85,39.75,0.05
26.9,39.75,0.05
26.95,39.75,0.05
27.0,39.75,0.05
27.05,39.75,0.05
27.1,39.75,0.05
27.15,39.75,0.05
27.2,39.75,0.05
27.25,39.75,0.05
27.3,39.75,0.05
27.35,39.75,0.05
27.4,39.75,0.05
27.45,39.75,0.05
27.5,39.75,0.05
27.55,39.75,0.05
27.6,39.75,0.05
27.65,39.75,0.05
27.7,39.75,0.05
27.75,39.75,0.05
27.8,39.75,0.05
27.85,39.75,0.05
27.9,39.75,0.05
27.95,39.75,0.05
28.0,39.75,0.05
28.05,39.75,0.05
28.1,39.75,0.05
28.15,39.75,0.05
28.2,39.75,0.05
28.25,39.75,0.05
28.3,39.75,0.05
28.35,39.75,0.05
28.4,39.75,0.05
28.45,39.75,0.05
28.5,39.75,0.05
28.55,39.75,0.05
28.6,39.75,0.05
28.65,39.75,0.05
28.7,39.75,0.05
28.75,39.75,0.05
28.8,39.75,0.05
28.85,39.75,0.05
28.9,39.75,0.05
28.95,39.75,0.05
29.0,39.75,0.05
29.05,39.75,0.05
29.1,39.75,0.05
29.15,39.75,0.05
29.2,39.75,0.05
29.25,39.75,0.05
29.3,39.75,0.05
29.35,39.75,0.05
29.4,39.75,0.05
29.45,39.75,0.05
29.5,39.75,0.05
19.0,39.8,0.05
19.05,39.8,0.05
19.1,39.8,0.05
19.15,39.8,0.05
19.2,39.8,0.05
19.25,39.8,0.05
19.3,39.8,0.05
19.35,39.8,0.05
19.4,39.8,0.05
19.45,39.8,0.05
19.5,39.8,0.05
19.55,39.8,0.05
19.6,39.8,0.05
19.65,39.8,0.05
19.7,39.8,0.05
19.75,39.8,0.05
19.8,39.8,0.05
19.85,39.8,0.05
19.9,39.8,0.05
19.95,39.8,0.05
20.0,39.8,0.05
20.05,39.8,0.05
20.1,39.8,0.05
20.15,39.8,0.05
20.2,39.8,0.05
20.25,39.8,0.05
20.3,39.8,0.05
20.35,39.8,0.05
20.4,39.8,0.05
20.45,39.8,0.05
20.5,39.8,0.05
20.55,39.8,0.05
20.6,39.8,0.05
20.65,39.8,0.05
20.7,39.8,0.05
20.75,39.8,0.05
20.8,39.8,0.05
20.85,39.8,0.05
20.9,39.8,0.05
20.95,39.8,0.05
21.0,39.8,0.24
21.05,39.8,0.24
21.1,39.8,0.24
21.15,39.8,0.24
21.2,39.8,0.24
21.25,39.8,0.24
21.3,39.8,0.24
21.35,39.8,0.24
21.4,39.8,0.24
21.45,39.8,0.24
21.5,39.8,0.24
21.55,39.8,0.24
21.6,39.8,0.24
21.65,39.8,0.24
21.7,39.8,0.24
21.75,39.8,0.24
21.8,39.8,0.24
21.85,39.8,0.24
21.9,39.8,0.24
21.95,39.8,0.24
22.0,39.8,0.24
22.05,39.8,0.24
22.1,39.8,0.24
22.15,39.8,0.24
22.2,39.8,0.24
22.25,39.8,0.24
22.3,39.8,0.24
22.35,39.8,0.24
22.4,39.8,0.24
22.45,39.8,0.24
22.5,39.8,0.24
22.55,39.8,0.24
22.6,39.8,0.24
22.65,39.8,0.24
22.7,39.8,0.24
22.75,39.8,0.24
22.8,39.8,0.24
22.85,39.8,0.24
22.9,39.8,0.24
22.95,39.8,0.24
23.0,39.8,0.24
23.05,39.8,0.24
23.1,39.8,0.24
23.15,39.8,0.24
23.2,39.8,0.24
23.25,39.8,0.24
23.3,39.8,0.24
23.35,39.8,0.24
23.4,39.8,0.24
23.45,39.8,0.24
23.5,39.8,0.24
23.55,39.8,0.24
23.6,39.8,0.24
23.65,39.8,0.24
23.7,39.8,0.24
23.75,39.8,0.24
23.8,39.8,0.24
23.85,39.8,0.24
23.9,39.8,0.24
23.95,39.8,0.24
24.0,39.8,0.24
24.05,39.8,0.24
24.1,39.8,0.24
24.15,39.8,0.24
24.2,39.8,0.24
24.25,39.8,0.24
24.3,39.8,0.24
24.35,39.8,0.24
24.4,39.8,0.24
24.45,39.8,0.24
24.5,39.8,0.24
24.55,39.8,0.24
24.6,39.8,0.24
24.65,39.8,0.24
24.7,39.8,0.24
24.75,39.8,0.24
24.8,39.8,0.24
24.85,39.8,0.24
24.9,39.8,0.24
24.95,39.8,0.24
25.0,39.8,0.24
25.05,39.8,0.24
25.1,39.8,0.24
25.15,39.8,0.24
25.2,39.8,0.24
25.25,39.8,0.24
25.3,39.8,0.24
25.35,39.8,0.24
25.4,39.8,0.24
25.45,39.8,0.24
25.5,39.8,0.24
25.55,39.8,0.24
25.6,39.8,0.24
25.65,39.8,0.24
25.7,39.8,0.24
25.75,39.8,0.24
25.8,39.8,0.24
25.85,39.8,0.24
25.9,39.8,0.24
25.95,39.8,0.24
26.0,39.8,0.24
26.05,39.8,0.24
26.1,39.8,0.24
26.15,39.8,0.24
26.2,39.8,0.24
26.25,39.8,0.24
26.3,39.8,0.24
26.35,39.8,0.24
26.4,39.8,0.24
26.45,39.8,0.24
26.5,39.8,0.05
26.55,39.8,0.05
26.6,39.8,0.05
26.65,39.8,0.05
26.7,39.8,0.05
26.75,39.8,0.05
26.8,39.8,0.05
26.85,39.8,0.05
26.9,39.8,0.05
26.95,39.8,0.05
27.0,39.8,0.05
27.05,39.8,0.05
27.1,39.8,0.05
27.15,39.8,0.05
27.2,39.8,0.05
27.25,39.8,0.05
27.3,39.8,0.05
27.35,39.8,0.05
27.4,39.8,0.05
27.45,39.8,0.05
27.5,39.8,0.05
27.55,39.8,0.05
27.6,39.8,0.05
27.65,39.8,0.05
27.7,39.8,0.05
27.75,39.8,0.05
27.8,39.8,0.05
27.85,39.8,0.05
27.9,39.8,0.05
27.95,39.8,0.05
28.0,39.8,0.05
28.05,39.8,0.05
28.1,39.8,0.05
28.15,39.8,0.05
28.2,39.8,0.05
28.25,39.8,0.05
28.3,39.8,0.05
28.35,39.8,0.05
28.4,39.8,0.05
28.45,39.8,0.05
28.5,39.8,0.05
28.55,39.8,0.05
28.6,39.8,0.05
28.65,39.8,0.05
28.7,39.8,0.05
28.75,39.8,0.05
28.8,39.8,0.05
28.85,39.8,0.05
28.9,39.8,0.05
28.95,39.8,0.05
29.0,39.8,0.05
29.05,39.8,0.05
29.1,39.8,0.05
29.15,39.8,0.05
29.2,39.8,0.05
29.25,39.8,0.05
29.3,39.8,0.05
29.35,39.8,0.05
29.4,39.8,0.05
29.45,39.8,0.05
29.5,39.8,0.05
19.0,39.85,0.05
19.05,39.85,0.05
19.1,39.85,0.05
19.15,39.85,0.05
19.2,39.85,0.05
19.25,39.85,0.05
19.3,39.85,0.05
19.35,39.85,0.05
19.4,39.85,0.05
19.45,39.85,0.05
19.5,39.85,0.05
19.55,39.85,0.05
19.6,39.85,0.05
19.65,39.85,0.05
19.7,39.85,0.05
19.75,39.85,0.05
19.8,39.85,0.05
19.85,39.85,0.05
19.9,39.85,0.05
19.95,39.85,0.05
20.0,39.85,0.05
20.05,39.85,0.05
20.1,39.85,0.05
20.15,39.85,0.05
20.2,39.85,0.05
20.25,39.85,0.05
20.3,39.85,0.05
20.35,39.85,0.05
20.4,39.85,0.05
20.45,39.85,0.05
20.5,39.85,0.05
20.55,39.85,0.05
20.6,39.85,0.05
20.65,39.85,0.05
20.7,39.85,0.05
20.75,39.85,0.05
20.8,39.85,0.05
20.85,39.85,0.05
20.9,39.85,0.05
20.95,39.85,0.05
21.0,39.85,0.2
21.05,39.85,0.2
21.1,39.85,0.2
21.15,39.85,0.2
21.2,39.85,0.2
21.25,39.85,0.2
21.3,39.85,0.2
21.35,39.85,0.2
21.4,39.85,0.2
21.45,39.85,0.2
21.5,39.85,0.2
21.55,39.85,0.2
21.6,39.85,0.2
21.65,39.85,0.2
21.7,39.85,0.2
21.75,39.85,0.2
21.8,39.85,0.2
21.85,39.85,0.2
21.9,39.85,0.2
21.95,39.85,0.2
22.0,39.85,0.2
22.05,39.85,0.2
22.1,39.85,0.2
22.15,39.85,0.2
22.2,39.85,0.2
22.25,39.85,0.2
22.3,39.85,0.2
22.35,39.85,0.2
22.4,39.85,0.2
22.45,39.85,0.2
22.5,39.85,0.2
22.55,39.85,0.2
22.6,39.85,0.2
22.65,39.85,0.2
22.7,39.85,0.2
22.75,39.85,0.2
22.8,39.85,0.2
22.85,39.85,0.2
22.9,39.85,0.2
22.95,39.85,0.2
23.0,39.85,0.2
23.05,39.85,0.2
23.1,39.85,0.2
23.15,39.85,0.2
23.2,39.85,0.2
23.25,39.85,0.2
23.3,39.85,0.2
23.35,39.85,0.2
23.4,39.85,0.2
23.45,39.85,0.2
23.5,39.85,0.2
23.55,39.85,0.2
23.6,39.85,0.2
23.65,39.85,0.2
23.7,39.85,0.2
23.75,39.85,0.2
23.8,39.85,0.2
23.85,39.85,0.2
23.9,39.85,0.2
23.95,39.85,0.2
24.0,39.85,0.2
24.05,39.85,0.2
24.1,39.85,0.2
24.15,39.85,0.2
24.2,39.85,0.2
24.25,39.85,0.2
24.3,39.85,0.2
24.35,39.85,0.2
24.4,39.85,0.2
24.45,39.85,0.2
24.5,39.85,0.2
24.55,39.85,0.2
24.6,39.85,0.2
24.65,39.85,0.2
24.7,39.85,0.2
24.75,39.85,0.2
24.8,39.85,0.2
24.85,39.85,0.2
24.9,39.85,0.2
24.95,39.85,0.2
25.0,39.85,0.2
25.05,39.85,0.2
25.1,39.85,0.2
25.15,39.85,0.2
25.2,39.85,0.2
25.25,39.85,0.2
25.3,39.85,0.2
25.35,39.85,0.2
25.4,39.85,0.2
25.45,39.85,0.2
25.5,39.85,0.2
25.55,39.85,0.2
25.6,39.85,0.2
25.65,39.85,0.2
25.7,39.85,0.2
25.75,39.85,0.2
25.8,39.85,0.2
25.85,39.85,0.2
25.9,39.85,0.2
25.95,39.85,0.2
26.0,39.85,0.2
26.05,39.85,0.2
26.1,39.85,0.2
26.15,39.85,0.2
26.2,39.85,0.2
26.25,39.85,0.2
26.3,39.85,0.2
26.35,39.85,0.2
26.4,39.85,0.2
26.45,39.85,0.2
26.5,39.85,0.05
26.55,39.85,0.05
26.6,39.85,0.05
26.65,39.85,0.05
26.7,39.85,0.05
26.75,39.85,0.05
26.8,39.85,0.05
26.85,39.85,0.05
26.9,39.85,0.05
26.95,39.85,0.05
27.0,39.85,0.05
27.05,39.85,0.05
27.1,39.85,0.05
27.15,39.85,0.05
27.2,39.85,0.05
27.25,39.85,0.05
27.3,39.85,0.05
27.35,39.85,0.05
27.4,39.85,0.05
27.45,39.85,0.05
27.5,39.85,0.05
27.55,39.85,0.05
27.6,39.85,0.05
27.65,39.85,0.05
27.7,39.85,0.05
27.75,39.85,0.05
27.8,39.85,0.05
27.85,39.85,0.05
27.9,39.85,0.05
27.95,39.85,0.05
28.0,39.85,0.05
28.05,39.85,0.05
28.1,39.85,0.05
28.15,39.85,0.05
28.2,39.85,0.05
28.25,39.85,0.05
28.3,39.85,0.05
28.35,39.85,0.05
28.4,39.85,0.05
28.45,39.85,0.05
28.5,39.85,0.05
28.55,39.85,0.05
28.6,39.85,0.05
28.65,39.85,0.05
28.7,39.85,0.05
28.75,39.85,0.05
28.8,39.85,0.05
28.85,39.85,0.05
28.9,39.85,0.05
28.95,39.85,0.05
29.0,39.85,0.05
29.05,39.85,0.05
29.1,39.85,0.05
29.15,39.85,0.05
29.2,39.85,0.05
29.25,39.85,0.05
29.3,39.85,0.05
29.35,39.85,0.05
29.4,39.85,0.05
29.45,39.85,0.05
29.5,39.85,0.05
19.0,39.9,0.05
19.05,39.9,0.05
19.1,39.9,0.05
19.15,39.9,0.05
19.2,39.9,0.05
19.25,39.9,0.05
19.3,39.9,0.05
19.35,39.9,0.05
19.4,39.9,0.05
19.45,39.9,0.05
19.5,39.9,0.05
19.55,39.9,0.05
19.6,39.9,0.05
19.65,39.9,0.05
19.7,39.9,0.05
19.75,39.9,0.05
19.8,39.9,0.05
19.85,39.9,0.05
19.9,39.9,0.05
19.95,39.9,0.05
20.0,39.9,0.05
20.05,39.9,0.05
20.1,39.9,0.05
20.15,39.9,0.05
20.2,39.9,0.05
20.25,39.9,0.05
20.3,39.9,0.05
20.35,39.9,0.05
20.4,39.9,0.05
20.45,39.9,0.05
20.5,39.9,0.05
20.55,39.9,0.05
20.6,39.9,0.05
20.65,39.9,0.05
20.7,39.9,0.05
20.75,39.9,0.05
20.8,39.9,0.05
20.85,39.9,0.05
20.9,39.9,0.05
20.95,39.9,0.05
21.0,39.9,0.2
21.05,39.9,0.2
21.1,39.9,0.2
21.15,39.9,0.2
21.2,39.9,0.2
21.25,39.9,0.2
21.3,39.9,0.2
21.35,39.9,0.2
21.4,39.9,0.2
21.45,39.9,0.2
21.5,39.9,0.2
21.55,39.9,0.2
21.6,39.9,0.2
21.65,39.9,0.2
21.7,39.9,0.2
21.75,39.9,0.2
21.8,39.9,0.2
21.85,39.9,0.2
21.9,39.9,0.2
21.95,39.9,0.2
22.0,39.9,0.2
22.05,39.9,0.2
22.1,39.9,0.2
22.15,39.9,0.2
22.2,39.9,0.2
22.25,39.9,0.2
22.3,39.9,0.2
22.35,39.9,0.2
22.4,39.9,0.2
22.45,39.9,0.2
22.5,39.9,0.2
22.55,39.9,0.2
22.6,39.9,0.2
22.65,39.9,0.2
22.7,39.9,0.2
22.75,39.9,0.2
22.8,39.9,0.2
22.85,39.9,0.2
22.9,39.9,0.2
22.95,39.9,0.2
23.0,39.9,0.2
23.05,39.9,0.2
23.1,39.9,0.2
23.15,39.9,0.2
23.2,39.9,0.2
23.25,39.9,0.2
23.3,39.9,0.2
23.35,39.9,0.2
23.4,39.9,0.2
23.45,39.9,0.2
23.5,39.9,0.2
23.55,39.9,0.2
23.6,39.9,0.2
23.65,39.9,0.2
23.7,39.9,0.2
23.75,39.9,0.2
23.8,39.9,0.2
23.85,39.9,0.2
23.9,39.9,0.2
23.95,39.9,0.2
24.0,39.9,0.2
24.05,39.9,0.2
24.1,39.9,0.2
24.15,39.9,0.2
24.2,39.9,0.2
24.25,39.9,0.2
24.3,39.9,0.2
24.35,39.9,0.2
24.4,39.9,0.2
24.45,39.9,0.2
24.5,39.9,0.2
24.55,39.9,0.2
24.6,39.9,0.2
24.65,39.9,0.2
24.7,39.9,0.2
24.75,39.9,0.2
24.8,39.9,0.2
24.85,39.9,0.2
24.9,39.9,0.2
24.95,39.9,0.2
25.0,39.9,0.2
25.05,39.9,0.2
25.1,39.9,0.2
25.15,39.9,0.2
25.2,39.9,0.2
25.25,39.9,0.2
25.3,39.9,0.2
25.35,39.9,0.2
25.4,39.9,0.2
25.45,39.9,0.2
25.5,39.9,0.2
25.55,39.9,0.2
25.6,39.9,0.2
25.65,39.9,0.2
25.7,39.9,0.2
25.75,39.9,0.2
25.8,39.9,0.2
25.85,39.9,0.2
25.9,39.9,0.2
25.95,39.9,0.2
26.0,39.9,0.2
26.05,39.9,0.2
26.1,39.9,0.2
26.15,39.9,0.2
26.2,39.9,0.2
26.25,39.9,0.2
26.3,39.9,0.2
26.35,39.9,0.2
26.4,39.9,0.2
26.45,39.9,0.2
26.5,39.9,0.05
26.55,39.9,0.05
26.6,39.9,0.05
26.65,39.9,0.05
26.7,39.9,0.05
26.75,39.9,0.05
26.8,39.9,0.05
26.85,39.9,0.05
26.9,39.9,0.05
26.95,39.9,0.05
27.0,39.9,0.05
27.05,39.9,0.05
27.1,39.9,0.05
27.15,39.9,0.05
27.2,39.9,0.05
27.25,39.9,0.05
27.3,39.9,0.05
27.35,39.9,0.05
27.4,39.9,0.05
27.45,39.9,0.05
27.5,39.9,0.05
27.55,39.9,0.05
27.6,39.9,0.05
27.65,39.9,0.05
27.7,39.9,0.05
27.75,39.9,0.05
27.8,39.9,0.05
27.85,39.9,0.05
27.9,39.9,0.05
27.95,39.9,0.05
28.0,39.9,0.05
28.05,39.9,0.05
28.1,39.9,0.05
28.15,39.9,0.05
28.2,39.9,0.05
28.25,39.9,0.05
28.3,39.9,0.05
28.35,39.9,0.05
28.4,39.9,0.05
28.45,39.9,0.05
28.5,39.9,0.05
28.55,39.9,0.05
28.6,39.9,0.05
28.65,39.9,0.05
28.7,39.9,0.05
28.75,39.9,0.05
28.8,39.9,0.05
28.85,39.9,0.05
28.9,39.9,0.05
28.95,39.9,0.05
29.0,39.9,0.05
29.05,39.9,0.05
29.1,39.9,0.05
29.15,39.9,0.05
29.2,39.9,0.05
29.25,39.9,0.05
29.3,39.9,0.05
29.35,39.9,0.05
29.4,39.9,0.05
29.45,39.9,0.05
29.5,39.9,0.05
19.0,39.95,0.05
19.05,39.95,0.05
19.1,39.95,0.05
19.15,39.95,0.05
19.2,39.95,0.05
19.25,39.95,0.05
19.3,39.95,0.05
19.35,39.95,0.05
19.4,39.95,0.05
19.45,39.95,0.05
19.5,39.95,0.05
19.55,39.95,0.05
19.6,39.95,0.05
19.65,39.95,0.05
19.7,39.95,0.05
19.75,39.95,0.05
19.8,39.95,0.05
19.85,39.95,0.05
19.9,39.95,0.05
19.95,39.95,0.05
20.0,39.95,0.05
20.05,39.95,0.05
20.1,39.95,0.05
20.15,39.95,0.05
20.2,39.95,0.05
20.25,39.95,0.05
20.3,39.95,0.05
20.35,39.95,0.05
20.4,39.95,0.05
20.45,39.95,0.05
20.5,39.95,0.05
20.55,39.95,0.05
20.6,39.95,0.05
20.65,39.95,0.05
20.7,39.95,0.05
20.75,39.95,0.05
20.8,39.95,0.05
20.85,39.95,0.05
20.9,39.95,0.05
20.95,39.95,0.05
21.0,39.95,0.2
21.05,39.95,0.2
21.1,39.95,0.2
21.15,39.95,0.2
21.2,39.95,0.2
21.25,39.95,0.2
21.3,39.95,0.2
21.35,39.95,0.2
21.4,39.95,0.2
21.45,39.95,0.2
21.5,39.95,0.2
21.55,39.95,0.2
21.6,39.95,0.2
21.65,39.95,0.2
21.7,39.95,0.2
21.75,39.95,0.2
21.8,39.95,0.2
21.85,39.95,0.2
21.9,39.95,0.2
21.95,39.95,0.2
22.0,39.95,0.2
22.05,39.95,0.2
22.1,39.95,0.2
22.15,39.95,0.2
22.2,39.95,0.2
22.25,39.95,0.2
22.3,39.95,0.2
22.35,39.95,0.2
22.4,39.95,0.2
22.45,39.95,0.2
22.5,39.95,0.2
22.55,39.95,0.2
22.6,39.95,0.2
22.65,39.95,0.2
22.7,39.95,0.2
22.75,39.95,0.2
22.8,39.95,0.2
22.85,39.95,0.2
22.9,39.95,0.2
22.95,39.95,0.2
23.0,39.95,0.2
23.05,39.95,0.2
23.1,39.95,0.2
23.15,39.95,0.2
23.2,39.95,0.2
23.25,39.95,0.2
23.3,39.95,0.2
23.35,39.95,0.2
23.4,39.95,0.2
23.45,39.95,0.2
23.5,39.95,0.2
23.55,39.95,0.2
23.6,39.95,0.2
23.65,39.95,0.2
23.7,39.95,0.2
23.75,39.95,0.2
23.8,39.95,0.2
23.85,39.95,0.2
23.9,39.95,0.2
23.95,39.95,0.2
24.0,39.95,0.2
24.05,39.95,0.2
24.1,39.95,0.2
24.15,39.95,0.2
24.2,39.95,0.2
24.25,39.95,0.2
24.3,39.95,0.2
24.35,39.95,0.2
24.4,39.95,0.2
24.45,39.95,0.2
24.5,39.95,0.2
24.55,39.95,0.2
24.6,39.95,0.2
24.65,39.95,0.2
24.7,39.95,0.2
24.75,39.95,0.2
24.8,39.95,0.2
24.85,39.95,0.2
24.9,39.95,0.2
24.95,39.95,0.2
25.0,39.95,0.2
25.05,39.95,0.2
25.1,39.95,0.2
25.15,39.95,0.2
25.2,39.95,0.2
25.25,39.95,0.2
25.3,39.95,0.2
25.35,39.95,0.2
25.4,39.95,0.2
25.45,39.95,0.2
25.5,39.95,0.2
25.55,39.95,0.2
25.6,39.95,0.2
25.65,39.95,0.2
25.7,39.95,0.2
25.75,39.95,0.2
25.8,39.95,0.2
25.85,39.95,0.2
25.9,39.95,0.2
25.95,39.95,0.2
26.0,39.95,0.2
26.05,39.95,0.2
26.1,39.95,0.2
26.15,39.95,0.2
26.2,39.95,0.2
26.25,39.95,0.2
26.3,39.95,0.2
26.35,39.95,0.2
26.4,39.95,0.2
26.45,39.95,0.2
26.5,39.95,0.05
26.55,39.95,0.05
26.6,39.95,0.05
26.65,39.95,0.05
26.7,39.95,0.05
26.75,39.95,0.05
26.8,39.95,0.05
26.85,39.95,0.05
26.9,39.95,0.05
26.95,39.95,0.05
27.0,39.95,0.05
27.05,39.95,0.05
27.1,39.95,0.05
27.15,39.95,0.05
27.2,39.95,0.05
27.25,39.95,0.05
27.3,39.95,0.05
27.35,39.95,0.05
27.4,39.95,0.05
27.45,39.95,0.05
27.5,39.95,0.05
27.55,39.95,0.05
27.6,39.95,0.05
27.65,39.95,0.05
27.7,39.95,0.05
27.75,39.95,0.05
27.8,39.95,0.05
27.85,39.95,0.05
27.9,39.95,0.05
27.95,39.95,0.05
28.0,39.95,0.05
28.05,39.95,0.05
28.1,39.95,0.05
28.15,39.95,0.05
28.2,39.95,0.05
28.25,39.95,0.05
28.3,39.95,0.05
28.35,39.95,0.05
28.4,39.95,0.05
28.45,39.95,0.05
28.5,39.95,0.05
28.55,39.95,0.05
28.6,39.95,0.05
28.65,39.95,0.05
28.7,39.95,0.05
28.75,39.95,0.05
28.8,39.95,0.05
28.85,39.95,0.05
28.9,39.95,0.05
28.95,39.95,0.05
29.0,39.95,0.05
29.05,39.95,0.05
29.1,39.95,0.05
29.15,39.95,0.05
29.2,39.95,0.05
29.25,39.95,0.05
29.3,39.95,0.05
29.35,39.95,0.05
29.4,39.95,0.05
29.45,39.95,0.05
29.5,39.95,0.05
19.0,40.0,0.05
19.05,40.0,0.05
19.1,40.0,0.05
19.15,40.0,0.05
19.2,40.0,0.05
19.25,40.0,0.05
19.3,40.0,0.05
19.35,40.0,0.05
19.4,40.0,0.05
19.45,40.0,0.05
19.5,40.0,0.05
19.55,40.0,0.05
19.6,40.0,0.05
19.65,40.0,0.05
19.7,40.0,0.05
19.75,40.0,0.05
19.8,40.0,0.05
19.85,40.0,0.05
19.9,40.0,0.05
19.95,40.0,0.05
20.0,40.0,0.05
20.05,40.0,0.05
20.1,40.0,0.05
20.15,40.0,0.05
20.2,40.0,0.05
20.25,40.0,0.05
20.3,40.0,0.05
20.35,40.0,0.05
20.4,40.0,0.05
20.45,40.0,0.05
20.5,40.0,0.05
20.55,40.0,0.05
20.6,40.0,0.05
20.65,40.0,0.05
20.7,40.0,0.05
20.75,40.0,0.05
20.8,40.0,0.05
20.85,40.0,0.05
20.9,40.0,0.05
20.95,40.0,0.05
21.0,40.0,0.2
21.05,40.0,0.2
21.1,40.0,0.2
21.15,40.0,0.2
21.2,40.0,0.2
21.25,40.0,0.2
21.3,40.0,0.2
21.35,40.0,0.2
21.4,40.0,0.2
21.45,40.0,0.2
21.5,40.0,0.2
21.55,40.0,0.2
21.6,40.0,0.2
21.65,40.0,0.2
21.7,40.0,0.2
21.75,40.0,0.2
21.8,40.0,0.2
21.85,40.0,0.2
21.9,40.0,0.2
21.95,40.0,0.2
22.0,40.0,0.2
22.05,40.0,0.2
22.1,40.0,0.2
22.15,40.0,0.2
22.2,40.0,0.2
22.25,40.0,0.2
22.3,40.0,0.2
22.35,40.0,0.2
22.4,40.0,0.2
22.45,40.0,0.2
22.5,40.0,0.2
22.55,40.0,0.2
22.6,40.0,0.2
22.65,40.0,0.2
22.7,40.0,0.2
22.75,40.0,0.2
22.8,40.0,0.2
22.85,40.0,0.2
22.9,40.0,0.2
22.95,40.0,0.2
23.0,40.0,0.2
23.05,40.0,0.2
23.1,40.0,0.2
23.15,40.0,0.2
23.2,40.0,0.2
23.25,40.0,0.2
23.3,40.0,0.2
23.35,40.0,0.2
23.4,40.0,0.2
23.45,40.0,0.2
23.5,40.0,0.2
23.55,40.0,0.2
23.6,40.0,0.2
23.65,40.0,0.2
23.7,40.0,0.2
23.75,40.0,0.2
23.8,40.0,0.2
23.85,40.0,0.2
23.9,40.0,0.2
23.95,40.0,0.2
24.0,40.0,0.2
24.05,40.0,0.2
24.1,40.0,0.2
24.15,40.0,0.2
24.2,40.0,0.2
24.25,40.0,0.2
24.3,40.0,0.2
24.35,40.0,0.2
24.4,40.0,0.2
24.45,40.0,0.2
24.5,40.0,0.2
24.55,40.0,0.2
24.6,40.0,0.2
24.65,40.0,0.2
24.7,40.0,0.2
24.75,40.0,0.2
24.8,40.0,0.2
24.85,40.0,0.2
24.9,40.0,0.2
24.95,40.0,0.2
25.0,40.0,0.2
25.05,40.0,0.2
25.1,40.0,0.2
25.15,40.0,0.2
25.2,40.0,0.2
25.25,40.0,0.2
25.3,40.0,0.2
25.35,40.0,0.2
25.4,40.0,0.2
25.45,40.0,0.2
25.5,40.0,0.2
25.55,40.0,0.2
25.6,40.0,0.2
25.65,40.0,0.2
25.7,40.0,0.2
25.75,40.0,0.2
25.8,40.0,0.2
25.85,40.0,0.2
25.9,40.0,0.2
25.95,40.0,0.2
26.0,40.0,0.2
26.05,40.0,0.2
26.1,40.0,0.2
26.15,40.0,0.2
26.2,40.0,0.2
26.25,40.0,0.2
26.3,40.0,0.2
26.35,40.0,0.2
26.4,40.0,0.2
26.45,40.0,0.2
26.5,40.0,0.05
26.55,40.0,0.05
26.6,40.0,0.05
26.65,40.0,0.05
26.7,40.0,0.05
26.75,40.0,0.05
26.8,40.0,0.05
26.85,40.0,0.05
26.9,40.0,0.05
26.95,40.0,0.05
27.0,40.0,0.05
27.05,40.0,0.05
27.1,40.0,0.05
27.15,40.0,0.05
27.2,40.0,0.05
27.25,40.0,0.05
27.3,40.0,0.05
27.35,40.0,0.05
27.4,40.0,0.05
27.45,40.0,0.05
27.5,40.0,0.05
27.55,40.0,0.05
27.6,40.0,0.05
27.65,40.0,0.05
27.7,40.0,0.05
27.75,40.0,0.05
27.8,40.0,0.05
27.85,40.0,0.05
27.9,40.0,0.05
27.95,40.0,0.05
28.0,40.0,0.05
28.05,40.0,0.05
28.1,40.0,0.05
28.15,40.0,0.05
28.2,40.0,0.05
28.25,40.0,0.05
28.3,40.0,0.05
28.35,40.0,0.05
28.4,40.0,0.05
28.45,40.0,0.05
28.5,40.0,0.05
28.55,40.0,0.05
28.6,40.0,0.05
28.65,40.0,0.05
28.7,40.0,0.05
28.75,40.0,0.05
28.8,40.0,0.05
28.85,40.0,0.05
28.9,40.0,0.05
28.95,40.0,0.05
29.0,40.0,0.05
29.05,40.0,0.05
29.1,40.0,0.05
29.15,40.0,0.05
29.2,40.0,0.05
29.25,40.0,0.05
29.3,40.0,0.05
29.35,40.0,0.05
29.4,40.0,0.05
29.45,40.0,0.05
29.5,40.0,0.05
19.0,40.05,0.05
19.05,40.05,0.05
19.1,40.05,0.05
19.15,40.05,0.05
19.2,40.05,0.05
19.25,40.05,0.05
19.3,40.05,0.05
19.35,40.05,0.05
19.4,40.05,0.05
19.45,40.05,0.05
19.5,40.05,0.05
19.55,40.05,0.05
19.6,40.05,0.05
19.65,40.05,0.05
19.7,40.05,0.05
19.75,40.05,0.05
19.8,40.05,0.05
19.85,40.05,0.05
19.9,40.05,0.05
19.95,40.05,0.05
20.0,40.05,0.05
20.05,40.05,0.05
20.1,40.05,0.05
20.15,40.05,0.05
20.2,40.05,0.05
20.25,40.05,0.05
20.3,40.05,0.05
20.35,40.05,0.05
20.4,40.05,0.05
20.45,40.05,0.05
20.5,40.05,0.05
20.55,40.05,0.05
20.6,40.05,0.05
20.65,40.05,0.05
20.7,40.05,0.05
20.75,40.05,0.05
20.8,40.05,0.05
20.85,40.05,0.05
20.9,40.05,0.05
20.95,40.05,0.05
21.0,40.05,0.16
21.05,40.05,0.16
21.1,40.05,0.16
21.15,40.05,0.16
21.2,40.05,0.16
21.25,40.05,0.16
21.3,40.05,0.16
21.35,40.05,0.16
21.4,40.05,0.16
21.45,40.05,0.16
21.5,40.05,0.16
21.55,40.05,0.16
21.6,40.05,0.16
21.65,40.05,0.16
21.7,40.05,0.16
21.75,40.05,0.16
21.8,40.05,0.16
21.85,40.05,0.16
21.9,40.05,0.16
21.95,40.05,0.16
22.0,40.05,0.16
22.05,40.05,0.16
22.1,40.05,0.16
22.15,40.05,0.16
22.2,40.05,0.16
22.25,40.05,0.16
22.3,40.05,0.16
22.35,40.05,0.16
22.4,40.05,0.16
22.45,40.05,0.16
22.5,40.05,0.16
22.55,40.05,0.16
22.6,40.05,0.16
22.65,40.05,0.16
22.7,40.05,0.16
22.75,40.05,0.16
22.8,40.05,0.16
22.85,40.05,0.16
22.9,40.05,0.16
22.95,40.05,0.16
23.0,40.05,0.16
23.05,40.05,0.16
23.1,40.05,0.16
23.15,40.05,0.16
23.2,40.05,0.16
23.25,40.05,0.16
23.3,40.05,0.16
23.35,40.05,0.16
23.4,40.05,0.16
23.45,40.05,0.16
23.5,40.05,0.16
23.55,40.05,0.16
23.6,40.05,0.16
23.65,40.05,0.16
23.7,40.05,0.16
23.75,40.05,0.16
23.8,40.05,0.16
23.85,40.05,0.16
23.9,40.05,0.16
23.95,40.05,0.16
24.0,40.05,0.16
24.05,40.05,0.16
24.1,40.05,0.16
24.15,40.05,0.16
24.2,40.05,0.16
24.25,40.05,0.16
24.3,40.05,0.16
24.35,40.05,0.16
24.4,40.05,0.16
24.45,40.05,0.16
24.5,40.05,0.16
24.55,40.05,0.16
24.6,40.05,0.16
24.65,40.05,0.16
24.7,40.05,0.16
24.75,40.05,0.16
24.8,40.05,0.16
24.85,40.05,0.16
24.9,40.05,0.16
24.95,40.05,0.16
25.0,40.05,0.16
25.05,40.05,0.16
25.1,40.05,0.16
25.15,40.05,0.16
25.2,40.05,0.16
25.25,40.05,0.16
25.3,40.05,0.16
25.35,40.05,0.16
25.4,40.05,0.16
25.45,40.05,0.16
25.5,40.05,0.16
25.55,40.05,0.16
25.6,40.05,0.16
25.65,40.05,0.16
25.7,40.05,0.16
25.75,40.05,0.16
25.8,40.05,0.16
25.85,40.05,0.16
25.9,40.05,0.16
25.95,40.05,0.16
26.0,40.05,0.16
26.05,40.05,0.16
26.1,40.05,0.16
26.15,40.05,0.16
26.2,40.05,0.16
26.25,40.05,0.16
26.3,40.05,0.16
26.35,40.05,0.16
26.4,40.05,0.16
26.45,40.05,0.16
26.5,40.05,0.05
26.55,40.05,0.05
26.6,40.05,0.05
26.65,40.05,0.05
26.7,40.05,0.05
26.75,40.05,0.05
26.8,40.05,0.05
26.85,40.05,0.05
26.9,40.05,0.05
26.95,40.05,0.05
27.0,40.05,0.05
27.05,40.05,0.05
27.1,40.05,0.05
27.15,40.05,0.05
27.2,40.05,0.05
27.25,40.05,0.05
27.3,40.05,0.05
27.35,40.05,0.05
27.4,40.05,0.05
27.45,40.05,0.05
27.5,40.05,0.05
27.55,40.05,0.05
27.6,40.05,0.05
27.65,40.05,0.05
27.7,40.05,0.05
27.75,40.05,0.05
27.8,40.05,0.05
27.85,40.05,0.05
27.9,40.05,0.05
27.95,40.05,0.05
28.0,40.05,0.05
28.05,40.05,0.05
28.1,40.05,0.05
28.15,40.05,0.05
28.2,40.05,0.05
28.25,40.05,0.05
28.3,40.05,0.05
28.35,40.05,0.05
28.4,40.05,0.05
28.45,40.05,0.05
28.5,40.05,0.05
28.55,40.05,0.05
28.6,40.05,0.05
28.65,40.05,0.05
28.7,40.05,0.05
28.75,40.05,0.05
28.8,40.05,0.05
28.85,40.05,0.05
28.9,40.05,0.05
28.95,40.05,0.05
29.0,40.05,0.05
29.05,40.05,0.05
29.1,40.05,0.05
29.15,40.05,0.05
29.2,40.05,0.05
29.25,40.05,0.05
29.3,40.05,0.05
29.35,40.05,0.05
29.4,40.05,0.05
29.45,40.05,0.05
29.5,40.05,0.05
19.0,40.1,0.05
19.05,40.1,0.05
19.1,40.1,0.05
19.15,40.1,0.05
19.2,40.1,0.05
19.25,40.1,0.05
19.3,40.1,0.05
19.35,40.1,0.05
19.4,40.1,0.05
19.45,40.1,0.05
19.5,40.1,0.05
19.55,40.1,0.05
19.6,40.1,0.05
19.65,40.1,0.05
19.7,40.1,0.05
19.75,40.1,0.05
19.8,40.1,0.05
19.85,40.1,0.05
19.9,40.1,0.05
19.95,40.1,0.05
20.0,40.1,0.05
20.05,40.1,0.05
20.1,40.1,0.05
20.15,40.1,0.05
20.2,40.1,0.05
20.25,40.1,0.05
20.3,40.1,0.05
20.35,40.1,0.05
20.4,40.1,0.05
20.45,40.1,0.05
20.5,40.1,0.05
20.55,40.1,0.05
20.6,40.1,0.05
20.65,40.1,0.05
20.7,40.1,0.05
20.75,40.1,0.05
20.8,40.1,0.05
20.85,40.1,0.05
20.9,40.1,0.05
20.95,40.1,0.05
21.0,40.1,0.16
21.05,40.1,0.16
21.1,40.1,0.16
21.15,40.1,0.16
21.2,40.1,0.16
21.25,40.1,0.16
21.3,40.1,0.16
21.35,40.1,0.16
21.4,40.1,0.16
21.45,40.1,0.16
21.5,40.1,0.16
21.55,40.1,0.16
21.6,40.1,0.16
21.65,40.1,0.16
21.7,40.1,0.16
21.75,40.1,0.16
21.8,40.1,0.16
21.85,40.1,0.16
21.9,40.1,0.16
21.95,40.1,0.16
22.0,40.1,0.16
22.05,40.1,0.16
22.1,40.1,0.16
22.15,40.1,0.16
22.2,40.1,0.16
22.25,40.1,0.16
22.3,40.1,0.16
22.35,40.1,0.16
22.4,40.1,0.16
22.45,40.1,0.16
22.5,40.1,0.16
22.55,40.1,0.16
22.6,40.1,0.16
22.65,40.1,0.16
22.7,40.1,0.16
22.75,40.1,0.16
22.8,40.1,0.16
22.85,40.1,0.16
22.9,40.1,0.16
22.95,40.1,0.16
23.0,40.1,0.16
23.05,40.1,0.16
23.1,40.1,0.16
23.15,40.1,0.16
23.2,40.1,0.16
23.25,40.1,0.16
23.3,40.1,0.16
23.35,40.1,0.16
23.4,40.1,0.16
23.45,40.1,0.16
23.5,40.1,0.16
23.55,40.1,0.16
23.6,40.1,0.16
23.65,40.1,0.16
23.7,40.1,0.16
23.75,40.1,0.16
23.8,40.1,0.16
23.85,40.1,0.16
23.9,40.1,0.16
23.95,40.1,0.16
24.0,40.1,0.16
24.05,40.1,0.16
24.1,40.1,0.16
24.15,40.1,0.16
24.2,40.1,0.16
24.25,40.1,0.16
24.3,40.1,0.16
24.35,40.1,0.16
24.4,40.1,0.16
24.45,40.1,0.16
24.5,40.1,0.16
24.55,40.1,0.16
24.6,40.1,0.16
24.65,40.1,0.16
24.7,40.1,0.16
24.75,40.1,0.16
24.8,40.1,0.16
24.85,40.1,0.16
24.9,40.1,0.16
24.95,40.1,0.16
25.0,40.1,0.16
25.05,40.1,0.16
25.1,40.1,0.16
25.15,40.1,0.16
25.2,40.1,0.16
25.25,40.1,0.16
25.3,40.1,0.16
25.35,40.1,0.16
25.4,40.1,0.16
25.45,40.1,0.16
25.5,40.1,0.16
25.55,40.1,0.16
25.6,40.1,0.16
25.65,40.1,0.16
25.7,40.1,0.16
25.75,40.1,0.16
25.8,40.1,0.16
25.85,40.1,0.16
25.9,40.1,0.16
25.95,40.1,0.16
26.0,40.1,0.16
26.05,40.1,0.16
26.1,40.1,0.16
26.15,40.1,0.16
26.2,40.1,0.16
26.25,40.1,0.16
26.3,40.1,0.16
26.35,40.1,0.16
26.4,40.1,0.16
26.45,40.1,0.16
26.5,40.1,0.05
26.55,40.1,0.05
26.6,40.1,0.05
26.65,40.1,0.05
26.7,40.1,0.05
26.75,40.1,0.05
26.8,40.1,0.05
26.85,40.1,0.05
26.9,40.1,0.05
26.95,40.1,0.05
27.0,40.1,0.05
27.05,40.1,0.05
27.1,40.1,0.05
27.15,40.1,0.05
27.2,40.1,0.05
27.25,40.1,0.05
27.3,40.1,0.05
27.35,40.1,0.05
27.4,40.1,0.05
27.45,40.1,0.05
27.5,40.1,0.05
27.55,40.1,0.05
27.6,40.1,0.05
27.65,40.1,0.05
27.7,40.1,0.05
27.75,40.1,0.05
27.8,40.1,0.05
27.85,40.1,0.05
27.9,40.1,0.05
27.95,40.1,0.05
28.0,40.1,0.05
28.05,40.1,0.05
28.1,40.1,0.05
28.15,40.1,0.05
28.2,40.1,0.05
28.25,40.1,0.05
28.3,40.1,0.05
28.35,40.1,0.05
28.4,40.1,0.05
28.45,40.1,0.05
28.5,40.1,0.05
28.55,40.1,0.05
28.6,40.1,0.05
28.65,40.1,0.05
28.7,40.1,0.05
28.75,40.1,0.05
28.8,40.1,0.05
28.85,40.1,0.05
28.9,40.1,0.05
28.95,40.1,0.05
29.0,40.1,0.05
29.05,40.1,0.05
29.1,40.1,0.05
29.15,40.1,0.05
29.2,40.1,0.05
29.25,40.1,0.05
29.3,40.1,0.05
29.35,40.1,0.05
29.4,40.1,0.05
29.45,40.1,0.05
29.5,40.1,0.05
19.0,40.15,0.05
19.05,40.15,0.05
19.1,40.15,0.05
19.15,40.15,0.05
19.2,40.15,0.05
19.25,40.15,0.05
19.3,40.15,0.05
19.35,40.15,0.05
19.4,40.15,0.05
19.45,40.15,0.05
19.5,40.15,0.05
19.55,40.15,0.05
19.6,40.15,0.05
19.65,40.15,0.05
19.7,40.15,0.05
19.75,40.15,0.05
19.8,40.15,0.05
19.85,40.15,0.05
19.9,40.15,0.05
19.95,40.15,0.05
20.0,40.15,0.05
20.05,40.15,0.05
20.1,40.15,0.05
20.15,40.15,0.05
20.2,40.15,0.05
20.25,40.15,0.05
20.3,40.15,0.05
20.35,40.15,0.05
20.4,40.15,0.05
20.45,40.15,0.05
20.5,40.15,0.05
20.55,40.15,0.05
20.6,40.15,0.05
20.65,40.15,0.05
20.7,40.15,0.05
20.75,40.15,0.05
20.8,40.15,0.05
20.85,40.15,0.05
20.9,40.15,0.05
20.95,40.15,0.05
21.0,40.15,0.16
21.05,40.15,0.16
21.1,40.15,0.16
21.15,40.15,0.16
21.2,40.15,0.16
21.25,40.15,0.16
21.3,40.15,0.16
21.35,40.15,0.16
21.4,40.15,0.16
21.45,40.15,0.16
21.5,40.15,0.16
21.55,40.15,0.16
21.6,40.15,0.16
21.65,40.15,0.16
21.7,40.15,0.16
21.75,40.15,0.16
21.8,40.15,0.16
21.85,40.15,0.16
21.9,40.15,0.16
21.95,40.15,0.16
22.0,40.15,0.16
22.05,40.15,0.16
22.1,40.15,0.16
22.15,40.15,0.16
22.2,40.15,0.16
22.25,40.15,0.16
22.3,40.15,0.16
22.35,40.15,0.16
22.4,40.15,0.16
22.45,40.15,0.16
22.5,40.15,0.16
22.55,40.15,0.16
22.6,40.15,0.16
22.65,40.15,0.16
22.7,40.15,0.16
22.75,40.15,0.16
22.8,40.15,0.16
22.85,40.15,0.16
22.9,40.15,0.16
22.95,40.15,0.16
23.0,40.15,0.16
23.05,40.15,0.16
23.1,40.15,0.16
23.15,40.15,0.16
23.2,40.15,0.16
23.25,40.15,0.16
23.3,40.15,0.16
23.35,40.15,0.16
23.4,40.15,0.16
23.45,40.15,0.16
23.5,40.15,0.16
23.55,40.15,0.16
23.6,40.15,0.16
23.65,40.15,0.16
23.7,40.15,0.16
23.75,40.15,0.16
23.8,40.15,0.16
23.85,40.15,0.16
23.9,40.15,0.16
23.95,40.15,0.16
24.0,40.15,0.16
24.05,40.15,0.16
24.1,40.15,0.16
24.15,40.15,0.16
24.2,40.15,0.16
24.25,40.15,0.16
24.3,40.15,0.16
24.35,40.15,0.16
24.4,40.15,0.16
24.45,40.15,0.16
24.5,40.15,0.16
24.55,40.15,0.16
24.6,40.15,0.16
24.65,40.15,0.16
24.7,40.15,0.16
24.75,40.15,0.16
24.8,40.15,0.16
24.85,40.15,0.16
24.9,40.15,0.16
24.95,40.15,0.16
25.0,40.15,0.16
25.05,40.15,0.16
25.1,40.15,0.16
25.15,40.15,0.16
25.2,40.15,0.16
25.25,40.15,0.16
25.3,40.15,0.16
25.35,40.15,0.16
25.4,40.15,0.16
25.45,40.15,0.16
25.5,40.15,0.16
25.55,40.15,0.16
25.6,40.15,0.16
25.65,40.15,0.16
25.7,40.15,0.16
25.75,40.15,0.16
25.8,40.15,0.16
25.85,40.15,0.16
25.9,40.15,0.16
25.95,40.15,0.16
26.0,40.15,0.16
26.05,40.15,0.16
26.1,40.15,0.16
26.15,40.15,0.16
26.2,40.15,0.16
26.25,40.15,0.16
26.3,40.15,0.16
26.35,40.15,0.16
26.4,40.15,0.16
26.45,40.15,0.16
26.5,40.15,0.05
26.55,40.15,0.05
26.6,40.15,0.05
26.65,40.15,0.05
26.7,40.15,0.05
26.75,40.15,0.05
26.8,40.15,0.05
26.85,40.15,0.05
26.9,40.15,0.05
26.95,40.15,0.05
27.0,40.15,0.05
27.05,40.15,0.05
27.1,40.15,0.05
27.15,40.15,0.05
27.2,40.15,0.05
27.25,40.15,0.05
27.3,40.15,0.05
27.35,40.15,0.05
27.4,40.15,0.05
27.45,40.15,0.05
27.5,40.15,0.05
27.55,40.15,0.05
27.6,40.15,0.05
27.65,40.15,0.05
27.7,40.15,0.05
27.75,40.15,0.05
27.8,40.15,0.05
27.85,40.15,0.05
27.9,40.15,0.05
27.95,40.15,0.05
28.0,40.15,0.05
28.05,40.15,0.05
28.1,40.15,0.05
28.15,40.15,0.05
28.2,40.15,0.05
28.25,40.15,0.05
28.3,40.15,0.05
28.35,40.15,0.05
28.4,40.15,0.05
28.45,40.15,0.05
28.5,40.15,0.05
28.55,40.15,0.05
28.6,40.15,0.05
28.65,40.15,0.05
28.7,40.15,0.05
28.75,40.15,0.05
28.8,40.15,0.05
28.85,40.15,0.05
28.9,40.15,0.05
28.95,40.15,0.05
29.0,40.15,0.05
29.05,40.15,0.05
29.1,40.15,0.05
29.15,40.15,0.05
29.2,40.15,0.05
29.25,40.15,0.05
29.3,40.15,0.05
29.35,40.15,0.05
29.4,40.15,0.05
29.45,40.15,0.05
29.5,40.15,0.05
19.0,40.2,0.05
19.05,40.2,0.05
19.1,40.2,0.05
19.15,40.2,0.05
19.2,40.2,0.05
19.25,40.2,0.05
19.3,40.2,0.05
19.35,40.2,0.05
19.4,40.2,0.05
19.45,40.2,0.05
19.5,40.2,0.05
19.55,40.2,0.05
19.6,40.2,0.05
19.65,40.2,0.05
19.7,40.2,0.05
19.75,40.2,0.05
19.8,40.2,0.05
19.85,40.2,0.05
19.9,40.2,0.05
19.95,40.2,0.05
20.0,40.2,0.05
20.05,40.2,0.05
20.1,40.2,0.05
20.15,40.2,0.05
20.2,40.2,0.05
20.25,40.2,0.05
20.3,40.2,0.05
20.35,40.2,0.05
20.4,40.2,0.05
20.45,40.2,0.05
20.5,40.2,0.05
20.55,40.2,0.05
20.6,40.2,0.05
20.65,40.2,0.05
20.7,40.2,0.05
20.75,40.2,0.05
20.8,40.2,0.05
20.85,40.2,0.05
20.9,40.2,0.05
20.95,40.2,0.05
21.0,40.2,0.16
21.05,40.2,0.16
21.1,40.2,0.16
21.15,40.2,0.16
21.2,40.2,0.16
21.25,40.2,0.16
21.3,40.2,0.16
21.35,40.2,0.16
21.4,40.2,0.16
21.45,40.2,0.16
21.5,40.2,0.16
21.55,40.2,0.16
21.6,40.2,0.16
21.65,40.2,0.16
21.7,40.2,0.16
21.75,40.2,0.16
21.8,40.2,0.16
21.85,40.2,0.16
21.9,40.2,0.16
21.95,40.2,0.16
22.0,40.2,0.16
22.05,40.2,0.16
22.1,40.2,0.16
22.15,40.2,0.16
22.2,40.2,0.16
22.25,40.2,0.16
22.3,40.2,0.16
22.35,40.2,0.16
22.4,40.2,0.16
22.45,40.2,0.16
22.5,40.2,0.16
22.55,40.2,0.16
22.6,40.2,0.16
22.65,40.2,0.16
22.7,40.2,0.16
22.75,40.2,0.16
22.8,40.2,0.16
22.85,40.2,0.16
22.9,40.2,0.16
22.95,40.2,0.16
23.0,40.2,0.16
23.05,40.2,0.16
23.1,40.2,0.16
23.15,40.2,0.16
23.2,40.2,0.16
23.25,40.2,0.16
23.3,40.2,0.16
23.35,40.2,0.16
23.4,40.2,0.16
23.45,40.2,0.16
23.5,40.2,0.16
23.55,40.2,0.16
23.6,40.2,0.16
23.65,40.2,0.16
23.7,40.2,0.16
23.75,40.2,0.16
23.8,40.2,0.16
23.85,40.2,0.16
23.9,40.2,0.16
23.95,40.2,0.16
24.0,40.2,0.16
24.05,40.2,0.16
24.1,40.2,0.16
24.15,40.2,0.16
24.2,40.2,0.16
24.25,40.2,0.16
24.3,40.2,0.16
24.35,40.2,0.16
24.4,40.2,0.16
24.45,40.2,0.16
24.5,40.2,0.16
24.55,40.2,0.16
24.6,40.2,0.16
24.65,40.2,0.16
24.7,40.2,0.16
24.75,40.2,0.16
24.8,40.2,0.16
24.85,40.2,0.16
24.9,40.2,0.16
24.95,40.2,0.16
25.0,40.2,0.16
25.05,40.2,0.16
25.1,40.2,0.16
25.15,40.2,0.16
25.2,40.2,0.16
25.25,40.2,0.16
25.3,40.2,0.16
25.35,40.2,0.16
25.4,40.2,0.16
25.45,40.2,0.16
25.5,40.2,0.16
25.55,40.2,0.16
25.6,40.2,0.16
25.65,40.2,0.16
25.7,40.2,0.16
25.75,40.2,0.16
25.8,40.2,0.16
25.85,40.2,0.16
25.9,40.2,0.16
25.95,40.2,0.16
26.0,40.2,0.16
26.05,40.2,0.16
26.1,40.2,0.16
26.15,40.2,0.16
26.2,40.2,0.16
26.25,40.2,0.16
26.3,40.2,0.16
26.35,40.2,0.16
26.4,40.2,0.16
26.45,40.2,0.16
26.5,40.2,0.05
26.55,40.2,0.05
26.6,40.2,0.05
26.65,40.2,0.05
26.7,40.2,0.05
26.75,40.2,0.05
26.8,40.2,0.05
26.85,40.2,0.05
26.9,40.2,0.05
26.95,40.2,0.05
27.0,40.2,0.05
27.05,40.2,0.05
27.1,40.2,0.05
27.15,40.2,0.05
27.2,40.2,0.05
27.25,40.2,0.05
27.3,40.2,0.05
27.35,40.2,0.05
27.4,40.2,0.05
27.45,40.2,0.05
27.5,40.2,0.05
27.55,40.2,0.05
27.6,40.2,0.05
27.65,40.2,0.05
27.7,40.2,0.05
27.75,40.2,0.05
27.8,40.2,0.05
27.85,40.2,0.05
27.9,40.2,0.05
27.95,40.2,0.05
28.0,40.2,0.05
28.05,40.2,0.05
28.1,40.2,0.05
28.15,40.2,0.05
28.2,40.2,0.05
28.25,40.2,0.05
28.3,40.2,0.05
28.35,40.2,0.05
28.4,40.2,0.05
28.45,40.2,0.05
28.5,40.2,0.05
28.55,40.2,0.05
28.6,40.2,0.05
28.65,40.2,0.05
28.7,40.2,0.05
28.75,40.2,0.05
28.8,40.2,0.05
28.85,40.2,0.05
28.9,40.2,0.05
28.95,40.2,0.05
29.0,40.2,0.05
29.05,40.2,0.05
29.1,40.2,0.05
29.15,40.2,0.05
29.2,40.2,0.05
29.25,40.2,0.05
29.3,40.2,0.05
29.35,40.2,0.05
29.4,40.2,0.05
29.45,40.2,0.05
29.5,40.2,0.05
19.0,40.25,0.05
19.05,40.25,0.05
19.1,40.25,0.05
19.15,40.25,0.05
19.2,40.25,0.05
19.25,40.25,0.05
19.3,40.25,0.05
19.35,40.25,0.05
19.4,40.25,0.05
19.45,40.25,0.05
19.5,40.25,0.05
19.55,40.25,0.05
19.6,40.25,0.05
19.65,40.25,0.05
19.7,40.25,0.05
19.75,40.25,0.05
19.8,40.25,0.05
19.85,40.25,0.05
19.9,40.25,0.05
19.95,40.25,0.05
20.0,40.25,0.05
20.05,40.25,0.05
20.1,40.25,0.05
20.15,40.25,0.05
20.2,40.25,0.05
20.25,40.25,0.05
20.3,40.25,0.05
20.35,40.25,0.05
20.4,40.25,0.05
20.45,40.25,0.05
20.5,40.25,0.05
20.55,40.25,0.05
20.6,40.25,0.05
20.65,40.25,0.05
20.7,40.25,0.05
20.75,40.25,0.05
20.8,40.25,0.05
20.85,40.25,0.05
20.9,40.25,0.05
20.95,40.25,0.05
21.0,40.25,0.16
21.05,40.25,0.16
21.1,40.25,0.16
21.15,40.25,0.16
21.2,40.25,0.16
21.25,40.25,0.16
21.3,40.25,0.16
21.35,40.25,0.16
21.4,40.25,0.16
21.45,40.25,0.16
21.5,40.25,0.16
21.55,40.25,0.16
21.6,40.25,0.16
21.65,40.25,0.16
21.7,40.25,0.16
21.75,40.25,0.16
21.8,40.25,0.16
21.85,40.25,0.16
21.9,40.25,0.16
21.95,40.25,0.16
22.0,40.25,0.16
22.05,40.25,0.16
22.1,40.25,0.16
22.15,40.25,0.16
22.2,40.25,0.16
22.25,40.25,0.16
22.3,40.25,0.16
22.35,40.25,0.16
22.4,40.25,0.16
22.45,40.25,0.16
22.5,40.25,0.16
22.55,40.25,0.16
22.6,40.25,0.16
22.65,40.25,0.16
22.7,40.25,0.16
22.75,40.25,0.16
22.8,40.25,0.16
22.85,40.25,0.16
22.9,40.25,0.16
22.95,40.25,0.16
23.0,40.25,0.16
23.05,40.25,0.16
23.1,40.25,0.16
23.15,40.25,0.16
23.2,40.25,0.16
23.25,40.25,0.16
23.3,40.25,0.16
23.35,40.25,0.16
23.4,40.25,0.16
23.45,40.25,0.16
23.5,40.25,0.16
23.55,40.25,0.16
23.6,40.25,0.16
23.65,40.25,0.16
23.7,40.25,0.16
23.75,40.25,0.16
23.8,40.25,0.16
23.85,40.25,0.16
23.9,40.25,0.16
23.95,40.25,0.16
24.0,40.25,0.16
24.05,40.25,0.16
24.1,40.25,0.16
24.15,40.25,0.16
24.2,40.25,0.16
24.25,40.25,0.16
24.3,40.25,0.16
24.35,40.25,0.16
24.4,40.25,0.16
24.45,40.25,0.16
24.5,40.25,0.16
24.55,40.25,0.16
24.6,40.25,0.16
24.65,40.25,0.16
24.7,40.25,0.16
24.75,40.25,0.16
24.8,40.25,0.16
24.85,40.25,0.16
24.9,40.25,0.16
24.95,40.25,0.16
25.0,40.25,0.16
25.05,40.25,0.16
25.1,40.25,0.16
25.15,40.25,0.16
25.2,40.25,0.16
25.25,40.25,0.16
25.3,40.25,0.16
25.35,40.25,0.16
25.4,40.25,0.16
25.45,40.25,0.16
25.5,40.25,0.16
25.55,40.25,0.16
25.6,40.25,0.16
25.65,40.25,0.16
25.7,40.25,0.16
25.75,40.25,0.16
25.8,40.25,0.16
25.85,40.25,0.16
25.9,40.25,0.16
25.95,40.25,0.16
26.0,40.25,0.16
26.05,40.25,0.16
26.1,40.25,0.16
26.15,40.25,0.16
26.2,40.25,0.16
26.25,40.25,0.16
26.3,40.25,0.16
26.35,40.25,0.16
26.4,40.25,0.16
26.45,40.25,0.16
26.5,40.25,0.05
26.55,40.25,0.05
26.6,40.25,0.05
26.65,40.25,0.05
26.7,40.25,0.05
26.75,40.25,0.05
26.8,40.25,0.05
26.85,40.25,0.05
26.9,40.25,0.05
26.95,40.25,0.05
27.0,40.25,0.05
27.05,40.25,0.05
27.1,40.25,0.05
27.15,40.25,0.05
27.2,40.25,0.05
27.25,40.25,0.05
27.3,40.25,0.05
27.35,40.25,0.05
27.4,40.25,0.05
27.45,40.25,0.05
27.5,40.25,0.05
27.55,40.25,0.05
27.6,40.25,0.05
27.65,40.25,0.05
27.7,40.25,0.05
27.75,40.25,0.05
27.8,40.25,0.05
27.85,40.25,0.05
27.9,40.25,0.05
27.95,40.25,0.05
28.0,40.25,0.05
28.05,40.25,0.05
28.1,40.25,0.05
28.15,40.25,0.05
28.2,40.25,0.05
28.25,40.25,0.05
28.3,40.25,0.05
28.35,40.25,0.05
28.4,40.25,0.05
28.45,40.25,0.05
28.5,40.25,0.05
28.55,40.25,0.05
28.6,40.25,0.05
28.65,40.25,0.05
28.7,40.25,0.05
28.75,40.25,0.05
28.8,40.25,0.05
28.85,40.25,0.05
28.9,40.25,0.05
28.95,40.25,0.05
29.0,40.25,0.05
29.05,40.25,0.05
29.1,40.25,0.05
29.15,40.25,0.05
29.2,40.25,0.05
29.25,40.25,0.05
29.3,40.25,0.05
29.35,40.25,0.05
29.4,40.25,0.05
29.45,40.25,0.05
29.5,40.25,0.05
19.0,40.3,0.05
19.05,40.3,0.05
19.1,40.3,0.05
19.15,40.3,0.05
19.2,40.3,0.05
19.25,40.3,0.05
19.3,40.3,0.05
19.35,40.3,0.05
19.4,40.3,0.05
19.45,40.3,0.05
19.5,40.3,0.05
19.55,40.3,0.05
19.6,40.3,0.05
19.65,40.3,0.05
19.7,40.3,0.05
19.75,40.3,0.05
19.8,40.3,0.05
19.85,40.3,0.05
19.9,40.3,0.05
19.95,40.3,0.05
20.0,40.3,0.05
20.05,40.3,0.05
20.1,40.3,0.05
20.15,40.3,0.05
20.2,40.3,0.05
20.25,40.3,0.05
20.3,40.3,0.05
20.35,40.3,0.05
20.4,40.3,0.05
20.45,40.3,0.05
20.5,40.3,0.05
20.55,40.3,0.05
20.6,40.3,0.05
20.65,40.3,0.05
20.7,40.3,0.05
20.75,40.3,0.05
20.8,40.3,0.05
20.85,40.3,0.05
20.9,40.3,0.05
20.95,40.3,0.05
21.0,40.3,0.16
21.05,40.3,0.16
21.1,40.3,0.16
21.15,40.3,0.16
21.2,40.3,0.16
21.25,40.3,0.16
21.3,40.3,0.16
21.35,40.3,0.16
21.4,40.3,0.16
21.45,40.3,0.16
21.5,40.3,0.16
21.55,40.3,0.16
21.6,40.3,0.16
21.65,40.3,0.16
21.7,40.3,0.16
21.75,40.3,0.16
21.8,40.3,0.16
21.85,40.3,0.16
21.9,40.3,0.16
21.95,40.3,0.16
22.0,40.3,0.16
22.05,40.3,0.16
22.1,40.3,0.16
22.15,40.3,0.16
22.2,40.3,0.16
22.25,40.3,0.16
22.3,40.3,0.16
22.35,40.3,0.16
22.4,40.3,0.16
22.45,40.3,0.16
22.5,40.3,0.16
22.55,40.3,0.16
22.6,40.3,0.16
22.65,40.3,0.16
22.7,40.3,0.16
22.75,40.3,0.16
22.8,40.3,0.16
22.85,40.3,0.16
22.9,40.3,0.16
22.95,40.3,0.16
23.0,40.3,0.16
23.05,40.3,0.16
23.1,40.3,0.16
23.15,40.3,0.16
23.2,40.3,0.16
23.25,40.3,0.16
23.3,40.3,0.16
23.35,40.3,0.16
23.4,40.3,0.16
23.45,40.3,0.16
23.5,40.3,0.16
23.55,40.3,0.16
23.6,40.3,0.16
23.65,40.3,0.16
23.7,40.3,0.16
23.75,40.3,0.16
23.8,40.3,0.16
23.85,40.3,0.16
23.9,40.3,0.16
23.95,40.3,0.16
24.0,40.3,0.16
24.05,40.3,0.16
24.1,40.3,0.16
24.15,40.3,0.16
24.2,40.3,0.16
24.25,40.3,0.16
24.3,40.3,0.16
24.35,40.3,0.16
24.4,40.3,0.16
24.45,40.3,0.16
24.5,40.3,0.16
24.55,40.3,0.16
24.6,40.3,0.16
24.65,40.3,0.16
24.7,40.3,0.16
24.75,40.3,0.16
24.8,40.3,0.16
24.85,40.3,0.16
24.9,40.3,0.16
24.95,40.3,0.16
25.0,40.3,0.16
25.05,40.3,0.16
25.1,40.3,0.16
25.15,40.3,0.16
25.2,40.3,0.16
25.25,40.3,0.16
25.3,40.3,0.16
25.35,40.3,0.16
25.4,40.3,0.16
25.45,40.3,0.16
25.5,40.3,0.16
25.55,40.3,0.16
25.6,40.3,0.16
25.65,40.3,0.16
25.7,40.3,0.16
25.75,40.3,0.16
25.8,40.3,0.16
25.85,40.3,0.16
25.9,40.3,0.16
25.95,40.3,0.16
26.0,40.3,0.16
26.05,40.3,0.16
26.1,40.3,0.16
26.15,40.3,0.16
26.2,40.3,0.16
26.25,40.3,0.16
26.3,40.3,0.16
26.35,40.3,0.16
26.4,40.3,0.16
26.45,40.3,0.16
26.5,40.3,0.05
26.55,40.3,0.05
26.6,40.3,0.05
26.65,40.3,0.05
26.7,40.3,0.05
26.75,40.3,0.05
26.8,40.3,0.05
26.85,40.3,0.05
26.9,40.3,0.05
26.95,40.3,0.05
27.0,40.3,0.05
27.05,40.3,0.05
27.1,40.3,0.05
27.15,40.3,0.05
27.2,40.3,0.05
27.25,40.3,0.05
27.3,40.3,0.05
27.35,40.3,0.05
27.4,40.3,0.05
27.45,40.3,0.05
27.5,40.3,0.05
27.55,40.3,0.05
27.6,40.3,0.05
27.65,40.3,0.05
27.7,40.3,0.05
27.75,40.3,0.05
27.8,40.3,0.05
27.85,40.3,0.05
27.9,40.3,0.05
27.95,40.3,0.05
28.0,40.3,0.05
28.05,40.3,0.05
28.1,40.3,0.05
28.15,40.3,0.05
28.2,40.3,0.05
28.25,40.3,0.05
28.3,40.3,0.05
28.35,40.3,0.05
28.4,40.3,0.05
28.45,40.3,0.05
28.5,40.3,0.05
28.55,40.3,0.05
28.6,40.3,0.05
28.65,40.3,0.05
28.7,40.3,0.05
28.75,40.3,0.05
28.8,40.3,0.05
28.85,40.3,0.05
28.9,40.3,0.05
28.95,40.3,0.05
29.0,40.3,0.05
29.05,40.3,0.05
29.1,40.3,0.05
29.15,40.3,0.05
29.2,40.3,0.05
29.25,40.3,0.05
29.3,40.3,0.05
29.35,40.3,0.05
29.4,40.3,0.05
29.45,40.3,0.05
29.5,40.3,0.05
19.0,40.35,0.05
19.05,40.35,0.05
19.1,40.35,0.05
19.15,40.35,0.05
19.2,40.35,0.05
19.25,40.35,0.05
19.3,40.35,0.05
19.35,40.35,0.05
19.4,40.35,0.05
19.45,40.35,0.05
19.5,40.35,0.05
19.55,40.35,0.05
19.6,40.35,0.05
19.65,40.35,0.05
19.7,40.35,0.05
19.75,40.35,0.05
19.8,40.35,0.05
19.85,40.35,0.05
19.9,40.35,0.05
19.95,40.35,0.05
20.0,40.35,0.05
20.05,40.35,0.05
20.1,40.35,0.05
20.15,40.35,0.05
20.2,40.35,0.05
20.25,40.35,0.05
20.3,40.35,0.05
20.35,40.35,0.05
20.4,40.35,0.05
20.45,40.35,0.05
20.5,40.35,0.05
20.55,40.35,0.05
20.6,40.35,0.05
20.65,40.35,0.05
20.7,40.35,0.05
20.75,40.35,0.05
20.8,40.35,0.05
20.85,40.35,0.05
20.9,40.35,0.05
20.95,40.35,0.05
21.0,40.35,0.16
21.05,40.35,0.16
21.1,40.35,0.16
21.15,40.35,0.16
21.2,40.35,0.16
21.25,40.35,0.16
21.3,40.35,0.16
21.35,40.35,0.16
21.4,40.35,0.16
21.45,40.35,0.16
21.5,40.35,0.16
21.55,40.35,0.16
21.6,40.35,0.16
21.65,40.35,0.16
21.7,40.35,0.16
21.75,40.35,0.16
21.8,40.35,0.16
21.85,40.35,0.16
21.9,40.35,0.16
21.95,40.35,0.16
22.0,40.35,0.16
22.05,40.35,0.16
22.1,40.35,0.16
22.15,40.35,0.16
22.2,40.35,0.16
22.25,40.35,0.16
22.3,40.35,0.16
22.35,40.35,0.16
22.4,40.35,0.16
22.45,40.35,0.16
22.5,40.35,0.16
22.55,40.35,0.16
22.6,40.35,0.16
22.65,40.35,0.16
22.7,40.35,0.16
22.75,40.35,0.16
22.8,40.35,0.16
22.85,40.35,0.16
22.9,40.35,0.16
22.95,40.35,0.16
23.0,40.35,0.16
23.05,40.35,0.16
23.1,40.35,0.16
23.15,40.35,0.16
23.2,40.35,0.16
23.25,40.35,0.16
23.3,40.35,0.16
23.35,40.35,0.16
23.4,40.35,0.16
23.45,40.35,0.16
23.5,40.35,0.16
23.55,40.35,0.16
23.6,40.35,0.16
23.65,40.35,0.16
23.7,40.35,0.16
23.75,40.35,0.16
23.8,40.35,0.16
23.85,40.35,0.16
23.9,40.35,0.16
23.95,40.35,0.16
24.0,40.35,0.16
24.05,40.35,0.16
24.1,40.35,0.16
24.15,40.35,0.16
24.2,40.35,0.16
24.25,40.35,0.16
24.3,40.35,0.16
24.35,40.35,0.16
24.4,40.35,0.16
24.45,40.35,0.16
24.5,40.35,0.16
24.55,40.35,0.16
24.6,40.35,0.16
24.65,40.35,0.16
24.7,40.35,0.16
24.75,40.35,0.16
24.8,40.35,0.16
24.85,40.35,0.16
24.9,40.35,0.16
24.95,40.35,0.16
25.0,40.35,0.16
25.05,40.35,0.16
25.1,40.35,0.16
25.15,40.35,0.16
25.2,40.35,0.16
25.25,40.35,0.16
25.3,40.35,0.16
25.35,40.35,0.16
25.4,40.35,0.16
25.45,40.35,0.16
25.5,40.35,0.16
25.55,40.35,0.16
25.6,40.35,0.16
25.65,40.35,0.16
25.7,40.35,0.16
25.75,40.35,0.16
25.8,40.35,0.16
25.85,40.35,0.16
25.9,40.35,0.16
25.95,40.35,0.16
26.0,40.35,0.16
26.05,40.35,0.16
26.1,40.35,0.16
26.15,40.35,0.16
26.2,40.35,0.16
26.25,40.35,0.16
26.3,40.35,0.16
26.35,40.35,0.16
26.4,40.35,0.16
26.45,40.35,0.16
26.5,40.35,0.05
26.55,40.35,0.05
26.6,40.35,0.05
26.65,40.35,0.05
26.7,40.35,0.05
26.75,40.35,0.05
26.8,40.35,0.05
26.85,40.35,0.05
26.9,40.35,0.05
26.95,40.35,0.05
27.0,40.35,0.05
27.05,40.35,0.05
27.1,40.35,0.05
27.15,40.35,0.05
27.2,40.35,0.05
27.25,40.35,0.05
27.3,40.35,0.05
27.35,40.35,0.05
27.4,40.35,0.05
27.45,40.35,0.05
27.5,40.35,0.05
27.55,40.35,0.05
27.6,40.35,0.05
27.65,40.35,0.05
27.7,40.35,0.05
27.75,40.35,0.05
27.8,40.35,0.05
27.85,40.35,0.05
27.9,40.35,0.05
27.95,40.35,0.05
28.0,40.35,0.05
28.05,40.35,0.05
28.1,40.35,0.05
28.15,40.35,0.05
28.2,40.35,0.05
28.25,40.35,0.05
28.3,40.35,0.05
28.35,40.35,0.05
28.4,40.35,0.05
28.45,40.35,0.05
28.5,40.35,0.05
28.55,40.35,0.05
28.6,40.35,0.05
28.65,40.35,0.05
28.7,40.35,0.05
28.75,40.35,0.05
28.8,40.35,0.05
28.85,40.35,0.05
28.9,40.35,0.05
28.95,40.35,0.05
29.0,40.35,0.05
29.05,40.35,0.05
29.1,40.35,0.05
29.15,40.35,0.05
29.2,40.35,0.05
29.25,40.35,0.05
29.3,40.35,0.05
29.35,40.35,0.05
29.4,40.35,0.05
29.45,40.35,0.05
29.5,40.35,0.05
19.0,40.4,0.05
19.05,40.4,0.05
19.1,40.4,0.05
19.15,40.4,0.05
19.2,40.4,0.05
19.25,40.4,0.05
19.3,40.4,0.05
19.35,40.4,0.05
19.4,40.4,0.05
19.45,40.4,0.05
19.5,40.4,0.05
19.55,40.4,0.05
19.6,40.4,0.05
19.65,40.4,0.05
19.7,40.4,0.05
19.75,40.4,0.05
19.8,40.4,0.05
19.85,40.4,0.05
19.9,40.4,0.05
19.95,40.4,0.05
20.0,40.4,0.05
20.05,40.4,0.05
20.1,40.4,0.05
20.15,40.4,0.05
20.2,40.4,0.05
20.25,40.4,0.05
20.3,40.4,0.05
20.35,40.4,0.05
20.4,40.4,0.05
20.45,40.4,0.05
20.5,40.4,0.05
20.55,40.4,0.05
20.6,40.4,0.05
20.65,40.4,0.05
20.7,40.4,0.05
20.75,40.4,0.05
20.8,40.4,0.05
20.85,40.4,0.05
20.9,40.4,0.05
20.95,40.4,0.05
21.0,40.4,0.16
21.05,40.4,0.16
21.1,40.4,0.16
21.15,40.4,0.16
21.2,40.4,0.16
21.25,40.4,0.16
21.3,40.4,0.16
21.35,40.4,0.16
21.4,40.4,0.16
21.45,40.4,0.16
21.5,40.4,0.16
21.55,40.4,0.16
21.6,40.4,0.16
21.65,40.4,0.16
21.7,40.4,0.16
21.75,40.4,0.16
21.8,40.4,0.16
21.85,40.4,0.16
21.9,40.4,0.16
21.95,40.4,0.16
22.0,40.4,0.16
22.05,40.4,0.16
22.1,40.4,0.16
22.15,40.4,0.16
22.2,40.4,0.16
22.25,40.4,0.16
22.3,40.4,0.16
22.35,40.4,0.16
22.4,40.4,0.16
22.45,40.4,0.16
22.5,40.4,0.16
22.55,40.4,0.16
22.6,40.4,0.16
22.65,40.4,0.16
22.7,40.4,0.16
22.75,40.4,0.16
22.8,40.4,0.16
22.85,40.4,0.16
22.9,40.4,0.16
22.95,40.4,0.16
23.0,40.4,0.16
23.05,40.4,0.16
23.1,40.4,0.16
23.15,40.4,0.16
23.2,40.4,0.16
23.25,40.4,0.16
23.3,40.4,0.16
23.35,40.4,0.16
23.4,40.4,0.16
23.45,40.4,0.16
23.5,40.4,0.16
23.55,40.4,0.16
23.6,40.4,0.16
23.65,40.4,0.16
23.7,40.4,0.16
23.75,40.4,0.16
23.8,40.4,0.16
23.85,40.4,0.16
23.9,40.4,0.16
23.95,40.4,0.16
24.0,40.4,0.16
24.05,40.4,0.16
24.1,40.4,0.16
24.15,40.4,0.16
24.2,40.4,0.16
24.25,40.4,0.16
24.3,40.4,0.16
24.35,40.4,0.16
24.4,40.4,0.16
24.45,40.4,0.16
24.5,40.4,0.16
24.55,40.4,0.16
24.6,40.4,0.16
24.65,40.4,0.16
24.7,40.4,0.16
24.75,40.4,0.16
24.8,40.4,0.16
24.85,40.4,0.16
24.9,40.4,0.16
24.95,40.4,0.16
25.0,40.4,0.16
25.05,40.4,0.16
25.1,40.4,0.16
25.15,40.4,0.16
25.2,40.4,0.16
25.25,40.4,0.16
25.3,40.4,0.16
25.35,40.4,0.16
25.4,40.4,0.16
25.45,40.4,0.16
25.5,40.4,0.16
25.55,40.4,0.16
25.6,40.4,0.16
25.65,40.4,0.16
25.7,40.4,0.16
25.75,40.4,0.16
25.8,40.4,0.16
25.85,40.4,0.16
25.9,40.4,0.16
25.95,40.4,0.16
26.0,40.4,0.16
26.05,40.4,0.16
26.1,40.4,0.16
26.15,40.4,0.16
26.2,40.4,0.16
26.25,40.4,0.16
26.3,40.4,0.16
26.35,40.4,0.16
26.4,40.4,0.16
26.45,40.4,0.16
26.5,40.4,0.05
26.55,40.4,0.05
26.6,40.4,0.05
26.65,40.4,0.05
26.7,40.4,0.05
26.75,40.4,0.05
26.8,40.4,0.05
26.85,40.4,0.05
26.9,40.4,0.05
26.95,40.4,0.05
27.0,40.4,0.05
27.05,40.4,0.05
27.1,40.4,0.05
27.15,40.4,0.05
27.2,40.4,0.05
27.25,40.4,0.05
27.3,40.4,0.05
27.35,40.4,0.05
27.4,40.4,0.05
27.45,40.4,0.05
27.5,40.4,0.05
27.55,40.4,0.05
27.6,40.4,0.05
27.65,40.4,0.05
27.7,40.4,0.05
27.75,40.4,0.05
27.8,40.4,0.05
27.85,40.4,0.05
27.9,40.4,0.05
27.95,40.4,0.05
28.0,40.4,0.05
28.05,40.4,0.05
28.1,40.4,0.05
28.15,40.4,0.05
28.2,40.4,0.05
28.25,40.4,0.05
28.3,40.4,0.05
28.35,40.4,0.05
28.4,40.4,0.05
28.45,40.4,0.05
28.5,40.4,0.05
28.55,40.4,0.05
28.6,40.4,0.05
28.65,40.4,0.05
28.7,40.4,0.05
28.75,40.4,0.05
28.8,40.4,0.05
28.85,40.4,0.05
28.9,40.4,0.05
28.95,40.4,0.05
29.0,40.4,0.05
29.05,40.4,0.05
29.1,40.4,0.05
29.15,40.4,0.05
29.2,40.4,0.05
29.25,40.4,0.05
29.3,40.4,0.05
29.35,40.4,0.05
29.4,40.4,0.05
29.45,40.4,0.05
29.5,40.4,0.05
19.0,40.45,0.05
19.05,40.45,0.05
19.1,40.45,0.05
19.15,40.45,0.05
19.2,40.45,0.05
19.25,40.45,0.05
19.3,40.45,0.05
19.35,40.45,0.05
19.4,40.45,0.05
19.45,40.45,0.05
19.5,40.45,0.05
19.55,40.45,0.05
19.6,40.45,0.05
19.65,40.45,0.05
19.7,40.45,0.05
19.75,40.45,0.05
19.8,40.45,0.05
19.85,40.45,0.05
19.9,40.45,0.05
19.95,40.45,0.05
20.0,40.45,0.05
20.05,40.45,0.05
20.1,40.45,0.05
20.15,40.45,0.05
20.2,40.45,0.05
20.25,40.45,0.05
20.3,40.45,0.05
20.35,40.45,0.05
20.4,40.45,0.05
20.45,40.45,0.05
20.5,40.45,0.05
20.55,40.45,0.05
20.6,40.45,0.05
20.65,40.45,0.05
20.7,40.45,0.05
20.75,40.45,0.05
20.8,40.45,0.05
20.85,40.45,0.05
20.9,40.45,0.05
20.95,40.45,0.05
21.0,40.45,0.16
21.05,40.45,0.16
21.1,40.45,0.16
21.15,40.45,0.16
21.2,40.45,0.16
21.25,40.45,0.16
21.3,40.45,0.16
21.35,40.45,0.16
21.4,40.45,0.16
21.45,40.45,0.16
21.5,40.45,0.16
21.55,40.45,0.16
21.6,40.45,0.16
21.65,40.45,0.16
21.7,40.45,0.16
21.75,40.45,0.16
21.8,40.45,0.16
21.85,40.45,0.16
21.9,40.45,0.16
21.95,40.45,0.16
22.0,40.45,0.16
22.05,40.45,0.16
22.1,40.45,0.16
22.15,40.45,0.16
22.2,40.45,0.16
22.25,40.45,0.16
22.3,40.45,0.16
22.35,40.45,0.16
22.4,40.45,0.16
22.45,40.45,0.16
22.5,40.45,0.16
22.55,40.45,0.16
22.6,40.45,0.16
22.65,40.45,0.16
22.7,40.45,0.16
22.75,40.45,0.16
22.8,40.45,0.16
22.85,40.45,0.16
22.9,40.45,0.16
22.95,40.45,0.16
23.0,40.45,0.16
23.05,40.45,0.16
23.1,40.45,0.16
23.15,40.45,0.16
23.2,40.45,0.16
23.25,40.45,0.16
23.3,40.45,0.16
23.35,40.45,0.16
23.4,40.45,0.16
23.45,40.45,0.16
23.5,40.45,0.16
23.55,40.45,0.16
23.6,40.45,0.16
23.65,40.45,0.16
23.7,40.45,0.16
23.75,40.45,0.16
23.8,40.45,0.16
23.85,40.45,0.16
23.9,40.45,0.16
23.95,40.45,0.16
24.0,40.45,0.16
24.05,40.45,0.16
24.1,40.45,0.16
24.15,40.45,0.16
24.2,40.45,0.16
24.25,40.45,0.16
24.3,40.45,0.16
24.35,40.45,0.16
24.4,40.45,0.16
24.45,40.45,0.16
24.5,40.45,0.16
24.55,40.45,0.16
24.6,40.45,0.16
24.65,40.45,0.16
24.7,40.45,0.16
24.75,40.45,0.16
24.8,40.45,0.16
24.85,40.45,0.16
24.9,40.45,0.16
24.95,40.45,0.16
25.0,40.45,0.16
25.05,40.45,0.16
25.1,40.45,0.16
25.15,40.45,0.16
25.2,40.45,0.16
25.25,40.45,0.16
25.3,40.45,0.16
25.35,40.45,0.16
25.4,40.45,0.16
25.45,40.45,0.16
25.5,40.45,0.16
25.55,40.45,0.16
25.6,40.45,0.16
25.65,40.45,0.16
25.7,40.45,0.16
25.75,40.45,0.16
25.8,40.45,0.16
25.85,40.45,0.16
25.9,40.45,0.16
25.95,40.45,0.16
26.0,40.45,0.16
26.05,40.45,0.16
26.1,40.45,0.16
26.15,40.45,0.16
26.2,40.45,0.16
26.25,40.45,0.16
26.3,40.45,0.16
26.35,40.45,0.16
26.4,40.45,0.16
26.45,40.45,0.16
26.5,40.45,0.05
26.55,40.45,0.05
26.6,40.45,0.05
26.65,40.45,0.05
26.7,40.45,0.05
26.75,40.45,0.05
26.8,40.45,0.05
26.85,40.45,0.05
26.9,40.45,0.05
26.95,40.45,0.05
27.0,40.45,0.05
27.05,40.45,0.05
27.1,40.45,0.05
27.15,40.45,0.05
27.2,40.45,0.05
27.25,40.45,0.05
27.3,40.45,0.05
27.35,40.45,0.05
27.4,40.45,0.05
27.45,40.45,0.05
27.5,40.45,0.05
27.55,40.45,0.05
27.6,40.45,0.05
27.65,40.45,0.05
27.7,40.45,0.05
27.75,40.45,0.05
27.8,40.45,0.05
27.85,40.45,0.05
27.9,40.45,0.05
27.95,40.45,0.05
28.0,40.45,0.05
28.05,40.45,0.05
28.1,40.45,0.05
28.15,40.45,0.05
28.2,40.45,0.05
28.25,40.45,0.05
28.3,40.45,0.05
28.35,40.45,0.05
28.4,40.45,0.05
28.45,40.45,0.05
28.5,40.45,0.05
28.55,40.45,0.05
28.6,40.45,0.05
28.65,40.45,0.05
28.7,40.45,0.05
28.75,40.45,0.05
28.8,40.45,0.05
28.85,40.45,0.05
28.9,40.45,0.05
28.95,40.45,0.05
29.0,40.45,0.05
29.05,40.45,0.05
29.1,40.45,0.05
29.15,40.45,0.05
29.2,40.45,0.05
29.25,40.45,0.05
29.3,40.45,0.05
29.35,40.45,0.05
29.4,40.45,0.05
29.45,40.45,0.05
29.5,40.45,0.05
19.0,40.5,0.05
19.05,40.5,0.05
19.1,40.5,0.05
19.15,40.5,0.05
19.2,40.5,0.05
19.25,40.5,0.05
19.3,40.5,0.05
19.35,40.5,0.05
19.4,40.5,0.05
19.45,40.5,0.05
19.5,40.5,0.05
19.55,40.5,0.05
19.6,40.5,0.05
19.65,40.5,0.05
19.7,40.5,0.05
19.75,40.5,0.05
19.8,40.5,0.05
19.85,40.5,0.05
19.9,40.5,0.05
19.95,40.5,0.05
20.0,40.5,0.05
20.05,40.5,0.05
20.1,40.5,0.05
20.15,40.5,0.05
20.2,40.5,0.05
20.25,40.5,0.05
20.3,40.5,0.05
20.35,40.5,0.05
20.4,40.5,0.05
20.45,40.5,0.05
20.5,40.5,0.05
20.55,40.5,0.05
20.6,40.5,0.05
20.65,40.5,0.05
20.7,40.5,0.05
20.75,40.5,0.05
20.8,40.5,0.05
20.85,40.5,0.05
20.9,40.5,0.05
20.95,40.5,0.05
21.0,40.5,0.16
21.05,40.5,0.16
21.1,40.5,0.16
21.15,40.5,0.16
21.2,40.5,0.16
21.25,40.5,0.16
21.3,40.5,0.16
21.35,40.5,0.16
21.4,40.5,0.16
21.45,40.5,0.16
21.5,40.5,0.16
21.55,40.5,0.16
21.6,40.5,0.16
21.65,40.5,0.16
21.7,40.5,0.16
21.75,40.5,0.16
21.8,40.5,0.16
21.85,40.5,0.16
21.9,40.5,0.16
21.95,40.5,0.16
22.0,40.5,0.16
22.05,40.5,0.16
22.1,40.5,0.16
22.15,40.5,0.16
22.2,40.5,0.16
22.25,40.5,0.16
22.3,40.5,0.16
22.35,40.5,0.16
22.4,40.5,0.16
22.45,40.5,0.16
22.5,40.5,0.16
22.55,40.5,0.16
22.6,40.5,0.16
22.65,40.5,0.16
22.7,40.5,0.16
22.75,40.5,0.16
22.8,40.5,0.16
22.85,40.5,0.16
22.9,40.5,0.16
22.95,40.5,0.16
23.0,40.5,0.16
23.05,40.5,0.16
23.1,40.5,0.16
23.15,40.5,0.16
23.2,40.5,0.16
23.25,40.5,0.16
23.3,40.5,0.16
23.35,40.5,0.16
23.4,40.5,0.16
23.45,40.5,0.16
23.5,40.5,0.16
23.55,40.5,0.16
23.6,40.5,0.16
23.65,40.5,0.16
23.7,40.5,0.16
23.75,40.5,0.16
23.8,40.5,0.16
23.85,40.5,0.16
23.9,40.5,0.16
23.95,40.5,0.16
24.0,40.5,0.16
24.05,40.5,0.16
24.1,40.5,0.16
24.15,40.5,0.16
24.2,40.5,0.16
24.25,40.5,0.16
24.3,40.5,0.16
24.35,40.5,0.16
24.4,40.5,0.16
24.45,40.5,0.16
24.5,40.5,0.16
24.55,40.5,0.16
24.6,40.5,0.16
24.65,40.5,0.16
24.7,40.5,0.16
24.75,40.5,0.16
24.8,40.5,0.16
24.85,40.5,0.16
24.9,40.5,0.16
24.95,40.5,0.16
25.0,40.5,0.16
25.05,40.5,0.16
25.1,40.5,0.16
25.15,40.5,0.16
25.2,40.5,0.16
25.25,40.5,0.16
25.3,40.5,0.16
25.35,40.5,0.16
25.4,40.5,0.16
25.45,40.5,0.16
25.5,40.5,0.16
25.55,40.5,0.16
25.6,40.5,0.16
25.65,40.5,0.16
25.7,40.5,0.16
25.75,40.5,0.16
25.8,40.5,0.16
25.85,40.5,0.16
25.9,40.5,0.16
25.95,40.5,0.16
26.0,40.5,0.16
26.05,40.5,0.16
26.1,40.5,0.16
26.15,40.5,0.16
26.2,40.5,0.16
26.25,40.5,0.16
26.3,40.5,0.16
26.35,40.5,0.16
26.4,40.5,0.16
26.45,40.5,0.16
26.5,40.5,0.05
26.55,40.5,0.05
26.6,40.5,0.05
26.65,40.5,0.05
26.7,40.5,0.05
26.75,40.5,0.05
26.8,40.5,0.05
26.85,40.5,0.05
26.9,40.5,0.05
26.95,40.5,0.05
27.0,40.5,0.05
27.05,40.5,0.05
27.1,40.5,0.05
27.15,40.5,0.05
27.2,40.5,0.05
27.25,40.5,0.05
27.3,40.5,0.05
27.35,40.5,0.05
27.4,40.5,0.05
27.45,40.5,0.05
27.5,40.5,0.05
27.55,40.5,0.05
27.6,40.5,0.05
27.65,40.5,0.05
27.7,40.5,0.05
27.75,40.5,0.05
27.8,40.5,0.05
27.85,40.5,0.05
27.9,40.5,0.05
27.95,40.5,0.05
28.0,40.5,0.05
28.05,40.5,0.05
28.1,40.5,0.05
28.15,40.5,0.05
28.2,40.5,0.05
28.25,40.5,0.05
28.3,40.5,0.05
28.35,40.5,0.05
28.4,40.5,0.05
28.45,40.5,0.05
28.5,40.5,0.05
28.55,40.5,0.05
28.6,40.5,0.05
28.65,40.5,0.05
28.7,40.5,0.05
28.75,40.5,0.05
28.8,40.5,0.05
28.85,40.5,0.05
28.9,40.5,0.05
28.95,40.5,0.05
29.0,40.5,0.05
29.05,40.5,0.05
29.1,40.5,0.05
29.15,40.5,0.05
29.2,40.5,0.05
29.25,40.5,0.05
29.3,40.5,0.05
29.35,40.5,0.05
29.4,40.5,0.05
29.45,40.5,0.05
29.5,40.5,0.05
19.0,40.55,0.05
19.05,40.55,0.05
19.1,40.55,0.05
19.15,40.55,0.05
19.2,40.55,0.05
19.25,40.55,0.05
19.3,40.55,0.05
19.35,40.55,0.05
19.4,40.55,0.05
19.45,40.55,0.05
19.5,40.55,0.05
19.55,40.55,0.05
19.6,40.55,0.05
19.65,40.55,0.05
19.7,40.55,0.05
19.75,40.55,0.05
19.8,40.55,0.05
19.85,40.55,0.05
19.9,40.55,0.05
19.95,40.55,0.05
20.0,40.55,0.05
20.05,40.55,0.05
20.1,40.55,0.05
20.15,40.55,0.05
20.2,40.55,0.05
20.25,40.55,0.05
20.3,40.55,0.05
20.35,40.55,0.05
20.4,40.55,0.05
20.45,40.55,0.05
20.5,40.55,0.05
20.55,40.55,0.05
20.6,40.55,0.05
20.65,40.55,0.05
20.7,40.55,0.05
20.75,40.55,0.05
20.8,40.55,0.05
20.85,40.55,0.05
20.9,40.55,0.05
20.95,40.55,0.05
21.0,40.55,0.16
21.05,40.55,0.16
21.1,40.55,0.16
21.15,40.55,0.16
21.2,40.55,0.16
21.25,40.55,0.16
21.3,40.55,0.16
21.35,40.55,0.16
21.4,40.55,0.16
21.45,40.55,0.16
21.5,40.55,0.16
21.55,40.55,0.16
21.6,40.55,0.16
21.65,40.55,0.16
21.7,40.55,0.16
21.75,40.55,0.16
21.8,40.55,0.16
21.85,40.55,0.16
21.9,40.55,0.16
21.95,40.55,0.16
22.0,40.55,0.16
22.05,40.55,0.16
22.1,40.55,0.16
22.15,40.55,0.16
22.2,40.55,0.16
22.25,40.55,0.16
22.3,40.55,0.16
22.35,40.55,0.16
22.4,40.55,0.16
22.45,40.55,0.16
22.5,40.55,0.16
22.55,40.55,0.16
22.6,40.55,0.16
22.65,40.55,0.16
22.7,40.55,0.16
22.75,40.55,0.16
22.8,40.55,0.16
22.85,40.55,0.16
22.9,40.55,0.16
22.95,40.55,0.16
23.0,40.55,0.16
23.05,40.55,0.16
23.1,40.55,0.16
23.15,40.55,0.16
23.2,40.55,0.16
23.25,40.55,0.16
23.3,40.55,0.16
23.35,40.55,0.16
23.4,40.55,0.16
23.45,40.55,0.16
23.5,40.55,0.16
23.55,40.55,0.16
23.6,40.55,0.16
23.65,40.55,0.16
23.7,40.55,0.16
23.75,40.55,0.16
23.8,40.55,0.16
23.85,40.55,0.16
23.9,40.55,0.16
23.95,40.55,0.16
24.0,40.55,0.16
24.05,40.55,0.16
24.1,40.55,0.16
24.15,40.55,0.16
24.2,40.55,0.16
24.25,40.55,0.16
24.3,40.55,0.16
24.35,40.55,0.16
24.4,40.55,0.16
24.45,40.55,0.16
24.5,40.55,0.16
24.55,40.55,0.16
24.6,40.55,0.16
24.65,40.55,0.16
24.7,40.55,0.16
24.75,40.55,0.16
24.8,40.55,0.16
24.85,40.55,0.16
24.9,40.55,0.16
24.95,40.55,0.16
25.0,40.55,0.16
25.05,40.55,0.16
25.1,40.55,0.16
25.15,40.55,0.16
25.2,40.55,0.16
25.25,40.55,0.16
25.3,40.55,0.16
25.35,40.55,0.16
25.4,40.55,0.16
25.45,40.55,0.16
25.5,40.55,0.16
25.55,40.55,0.16
25.6,40.55,0.16
25.65,40.55,0.16
25.7,40.55,0.16
25.75,40.55,0.16
25.8,40.55,0.16
25.85,40.55,0.16
25.9,40.55,0.16
25.95,40.55,0.16
26.0,40.55,0.16
26.05,40.55,0.16
26.1,40.55,0.16
26.15,40.55,0.16
26.2,40.55,0.16
26.25,40.55,0.16
26.3,40.55,0.16
26.35,40.55,0.16
26.4,40.55,0.16
26.45,40.55,0.16
26.5,40.55,0.05
26.55,40.55,0.05
26.6,40.55,0.05
26.65,40.55,0.05
26.7,40.55,0.05
26.75,40.55,0.05
26.8,40.55,0.05
26.85,40.55,0.05
26.9,40.55,0.05
26.95,40.55,0.05
27.0,40.55,0.05
27.05,40.55,0.05
27.1,40.55,0.05
27.15,40.55,0.05
27.2,40.55,0.05
27.25,40.55,0.05
27.3,40.55,0.05
27.35,40.55,0.05
27.4,40.55,0.05
27.45,40.55,0.05
27.5,40.55,0.05
27.55,40.55,0.05
27.6,40.55,0.05
27.65,40.55,0.05
27.7,40.55,0.05
27.75,40.55,0.05
27.8,40.55,0.05
27.85,40.55,0.05
27.9,40.55,0.05
27.95,40.55,0.05
28.0,40.55,0.05
28.05,40.55,0.05
28.1,40.55,0.05
28.15,40.55,0.05
28.2,40.55,0.05
28.25,40.55,0.05
28.3,40.55,0.05
28.35,40.55,0.05
28.4,40.55,0.05
28.45,40.55,0.05
28.5,40.55,0.05
28.55,40.55,0.05
28.6,40.55,0.05
28.65,40.55,0.05
28.7,40.55,0.05
28.75,40.55,0.05
28.8,40.55,0.05
28.85,40.55,0.05
28.9,40.55,0.05
28.95,40.55,0.05
29.0,40.55,0.05
29.05,40.55,0.05
29.1,40.55,0.05
29.15,40.55,0.05
29.2,40.55,0.05
29.25,40.55,0.05
29.3,40.55,0.05
29.35,40.55,0.05
29.4,40.55,0.05
29.45,40.55,0.05
29.5,40.55,0.05
19.0,40.6,0.05
19.05,40.6,0.05
19.1,40.6,0.05
19.15,40.6,0.05
19.2,40.6,0.05
19.25,40.6,0.05
19.3,40.6,0.05
19.35,40.6,0.05
19.4,40.6,0.05
19.45,40.6,0.05
19.5,40.6,0.05
19.55,40.6,0.05
19.6,40.6,0.05
19.65,40.6,0.05
19.7,40.6,0.05
19.75,40.6,0.05
19.8,40.6,0.05
19.85,40.6,0.05
19.9,40.6,0.05
19.95,40.6,0.05
20.0,40.6,0.05
20.05,40.6,0.05
20.1,40.6,0.05
20.15,40.6,0.05
20.2,40.6,0.05
20.25,40.6,0.05
20.3,40.6,0.05
20.35,40.6,0.05
20.4,40.6,0.05
20.45,40.6,0.05
20.5,40.6,0.05
20.55,40.6,0.05
20.6,40.6,0.05
20.65,40.6,0.05
20.7,40.6,0.05
20.75,40.6,0.05
20.8,40.6,0.05
20.85,40.6,0.05
20.9,40.6,0.05
20.95,40.6,0.05
21.0,40.6,0.16
21.05,40.6,0.16
21.1,40.6,0.16
21.15,40.6,0.16
21.2,40.6,0.16
21.25,40.6,0.16
21.3,40.6,0.16
21.35,40.6,0.16
21.4,40.6,0.16
21.45,40.6,0.16
21.5,40.6,0.16
21.55,40.6,0.16
21.6,40.6,0.16
21.65,40.6,0.16
21.7,40.6,0.16
21.75,40.6,0.16
21.8,40.6,0.16
21.85,40.6,0.16
21.9,40.6,0.16
21.95,40.6,0.16
22.0,40.6,0.16
22.05,40.6,0.16
22.1,40.6,0.16
22.15,40.6,0.16
22.2,40.6,0.16
22.25,40.6,0.16
22.3,40.6,0.16
22.35,40.6,0.16
22.4,40.6,0.16
22.45,40.6,0.16
22.5,40.6,0.16
22.55,40.6,0.16
22.6,40.6,0.16
22.65,40.6,0.16
22.7,40.6,0.16
22.75,40.6,0.16
22.8,40.6,0.16
22.85,40.6,0.16
22.9,40.6,0.16
22.95,40.6,0.16
23.0,40.6,0.16
23.05,40.6,0.16
23.1,40.6,0.16
23.15,40.6,0.16
23.2,40.6,0.16
23.25,40.6,0.16
23.3,40.6,0.16
23.35,40.6,0.16
23.4,40.6,0.16
23.45,40.6,0.16
23.5,40.6,0.16
23.55,40.6,0.16
23.6,40.6,0.16
23.65,40.6,0.16
23.7,40.6,0.16
23.75,40.6,0.16
23.8,40.6,0.16
23.85,40.6,0.16
23.9,40.6,0.16
23.95,40.6,0.16
24.0,40.6,0.16
24.05,40.6,0.16
24.1,40.6,0.16
24.15,40.6,0.16
24.2,40.6,0.16
24.25,40.6,0.16
24.3,40.6,0.16
24.35,40.6,0.16
24.4,40.6,0.16
24.45,40.6,0.16
24.5,40.6,0.16
24.55,40.6,0.16
24.6,40.6,0.16
24.65,40.6,0.16
24.7,40.6,0.16
24.75,40.6,0.16
24.8,40.6,0.16
24.85,40.6,0.16
24.9,40.6,0.16
24.95,40.6,0.16
25.0,40.6,0.16
25.05,40.6,0.16
25.1,40.6,0.16
25.15,40.6,0.16
25.2,40.6,0.16
25.25,40.6,0.16
25.3,40.6,0.16
25.35,40.6,0.16
25.4,40.6,0.16
25.45,40.6,0.16
25.5,40.6,0.16
25.55,40.6,0.16
25.6,40.6,0.16
25.65,40.6,0.16
25.7,40.6,0.16
25.75,40.6,0.16
25.8,40.6,0.16
25.85,40.6,0.16
25.9,40.6,0.16
25.95,40.6,0.16
26.0,40.6,0.16
26.05,40.6,0.16
26.1,40.6,0.16
26.15,40.6,0.16
26.2,40.6,0.16
26.25,40.6,0.16
26.3,40.6,0.16
26.35,40.6,0.16
26.4,40.6,0.16
26.45,40.6,0.16
26.5,40.6,0.05
26.55,40.6,0.05
26.6,40.6,0.05
26.65,40.6,0.05
26.7,40.6,0.05
26.75,40.6,0.05
26.8,40.6,0.05
26.85,40.6,0.05
26.9,40.6,0.05
26.95,40.6,0.05
27.0,40.6,0.05
27.05,40.6,0.05
27.1,40.6,0.05
27.15,40.6,0.05
27.2,40.6,0.05
27.25,40.6,0.05
27.3,40.6,0.05
27.35,40.6,0.05
27.4,40.6,0.05
27.45,40.6,0.05
27.5,40.6,0.05
27.55,40.6,0.05
27.6,40.6,0.05
27.65,40.6,0.05
27.7,40.6,0.05
27.75,40.6,0.05
27.8,40.6,0.05
27.85,40.6,0.05
27.9,40.6,0.05
27.95,40.6,0.05
28.0,40.6,0.05
28.05,40.6,0.05
28.1,40.6,0.05
28.15,40.6,0.05
28.2,40.6,0.05
28.25,40.6,0.05
28.3,40.6,0.05
28.35,40.6,0.05
28.4,40.6,0.05
28.45,40.6,0.05
28.5,40.6,0.05
28.55,40.6,0.05
28.6,40.6,0.05
28.65,40.6,0.05
28.7,40.6,0.05
28.75,40.6,0.05
28.8,40.6,0.05
28.85,40.6,0.05
28.9,40.6,0.05
28.95,40.6,0.05
29.0,40.6,0.05
29.05,40.6,0.05
29.1,40.6,0.05
29.15,40.6,0.05
29.2,40.6,0.05
29.25,40.6,0.05
29.3,40.6,0.05
29.35,40.6,0.05
29.4,40.6,0.05
29.45,40.6,0.05
29.5,40.6,0.05
19.0,40.65,0.05
19.05,40.65,0.05
19.1,40.65,0.05
19.15,40.65,0.05
19.2,40.65,0.05
19.25,40.65,0.05
19.3,40.65,0.05
19.35,40.65,0.05
19.4,40.65,0.05
19.45,40.65,0.05
19.5,40.65,0.05
19.55,40.65,0.05
19.6,40.65,0.05
19.65,40.65,0.05
19.7,40.65,0.05
19.75,40.65,0.05
19.8,40.65,0.05
19.85,40.65,0.05
19.9,40.65,0.05
19.95,40.65,0.05
20.0,40.65,0.05
20.05,40.65,0.05
20.1,40.65,0.05
20.15,40.65,0.05
20.2,40.65,0.05
20.25,40.65,0.05
20.3,40.65,0.05
20.35,40.65,0.05
20.4,40.65,0.05
20.45,40.65,0.05
20.5,40.65,0.05
20.55,40.65,0.05
20.6,40.65,0.05
20.65,40.65,0.05
20.7,40.65,0.05
20.75,40.65,0.05
20.8,40.65,0.05
20.85,40.65,0.05
20.9,40.65,0.05
20.95,40.65,0.05
21.0,40.65,0.16
21.05,40.65,0.16
21.1,40.65,0.16
21.15,40.65,0.16
21.2,40.65,0.16
21.25,40.65,0.16
21.3,40.65,0.16
21.35,40.65,0.16
21.4,40.65,0.16
21.45,40.65,0.16
21.5,40.65,0.16
21.55,40.65,0.16
21.6,40.65,0.16
21.65,40.65,0.16
21.7,40.65,0.16
21.75,40.65,0.16
21.8,40.65,0.16
21.85,40.65,0.16
21.9,40.65,0.16
21.95,40.65,0.16
22.0,40.65,0.16
22.05,40.65,0.16
22.1,40.65,0.16
22.15,40.65,0.16
22.2,40.65,0.16
22.25,40.65,0.16
22.3,40.65,0.16
22.35,40.65,0.16
22.4,40.65,0.16
22.45,40.65,0.16
22.5,40.65,0.16
22.55,40.65,0.16
22.6,40.65,0.16
22.65,40.65,0.16
22.7,40.65,0.16
22.75,40.65,0.16
22.8,40.65,0.16
22.85,40.65,0.16
22.9,40.65,0.16
22.95,40.65,0.16
23.0,40.65,0.16
23.05,40.65,0.16
23.1,40.65,0.16
23.15,40.65,0.16
23.2,40.65,0.16
23.25,40.65,0.16
23.3,40.65,0.16
23.35,40.65,0.16
23.4,40.65,0.16
23.45,40.65,0.16
23.5,40.65,0.16
23.55,40.65,0.16
23.6,40.65,0.16
23.65,40.65,0.16
23.7,40.65,0.16
23.75,40.65,0.16
23.8,40.65,0.16
23.85,40.65,0.16
23.9,40.65,0.16
23.95,40.65,0.16
24.0,40.65,0.16
24.05,40.65,0.16
24.1,40.65,0.16
24.15,40.65,0.16
24.2,40.65,0.16
24.25,40.65,0.16
24.3,40.65,0.16
24.35,40.65,0.16
24.4,40.65,0.16
24.45,40.65,0.16
24.5,40.65,0.16
24.55,40.65,0.16
24.6,40.65,0.16
24.65,40.65,0.16
24.7,40.65,0.16
24.75,40.65,0.16
24.8,40.65,0.16
24.85,40.65,0.16
24.9,40.65,0.16
24.95,40.65,0.16
25.0,40.65,0.16
25.05,40.65,0.16
25.1,40.65,0.16
25.15,40.65,0.16
25.2,40.65,0.16
25.25,40.65,0.16
25.3,40.65,0.16
25.35,40.65,0.16
25.4,40.65,0.16
25.45,40.65,0.16
25.5,40.65,0.16
25.55,40.65,0.16
25.6,40.65,0.16
25.65,40.65,0.16
25.7,40.65,0.16
25.75,40.65,0.16
25.8,40.65,0.16
25.85,40.65,0.16
25.9,40.65,0.16
25.95,40.65,0.16
26.0,40.65,0.16
26.05,40.65,0.16
26.1,40.65,0.16
26.15,40.65,0.16
26.2,40.65,0.16
26.25,40.65,0.16
26.3,40.65,0.16
26.35,40.65,0.16
26.4,40.65,0.16
26.45,40.65,0.16
26.5,40.65,0.05
26.55,40.65,0.05
26.6,40.65,0.05
26.65,40.65,0.05
26.7,40.65,0.05
26.75,40.65,0.05
26.8,40.65,0.05
26.85,40.65,0.05
26.9,40.65,0.05
26.95,40.65,0.05
27.0,40.65,0.05
27.05,40.65,0.05
27.1,40.65,0.05
27.15,40.65,0.05
27.2,40.65,0.05
27.25,40.65,0.05
27.3,40.65,0.05
27.35,40.65,0.05
27.4,40.65,0.05
27.45,40.65,0.05
27.5,40.65,0.05
27.55,40.65,0.05
27.6,40.65,0.05
27.65,40.65,0.05
27.7,40.65,0.05
27.75,40.65,0.05
27.8,40.65,0.05
27.85,40.65,0.05
27.9,40.65,0.05
27.95,40.65,0.05
28.0,40.65,0.05
28.05,40.65,0.05
28.1,40.65,0.05
28.15,40.65,0.05
28.2,40.65,0.05
28.25,40.65,0.05
28.3,40.65,0.05
28.35,40.65,0.05
28.4,40.65,0.05
28.45,40.65,0.05
28.5,40.65,0.05
28.55,40.65,0.05
28.6,40.65,0.05
28.65,40.65,0.05
28.7,40.65,0.05
28.75,40.65,0.05
28.8,40.65,0.05
28.85,40.65,0.05
28.9,40.65,0.05
28.95,40.65,0.05
29.0,40.65,0.05
29.05,40.65,0.05
29.1,40.65,0.05
29.15,40.65,0.05
29.2,40.65,0.05
29.25,40.65,0.05
29.3,40.65,0.05
29.35,40.65,0.05
29.4,40.65,0.05
29.45,40.65,0.05
29.5,40.65,0.05
19.0,40.7,0.05
19.05,40.7,0.05
19.1,40.7,0.05
19.15,40.7,0.05
19.2,40.7,0.05
19.25,40.7,0.05
19.3,40.7,0.05
19.35,40.7,0.05
19.4,40.7,0.05
19.45,40.7,0.05
19.5,40.7,0.05
19.55,40.7,0.05
19.6,40.7,0.05
19.65,40.7,0.05
19.7,40.7,0.05
19.75,40.7,0.05
19.8,40.7,0.05
19.85,40.7,0.05
19.9,40.7,0.05
19.95,40.7,0.05
20.0,40.7,0.05
20.05,40.7,0.05
20.1,40.7,0.05
20.15,40.7,0.05
20.2,40.7,0.05
20.25,40.7,0.05
20.3,40.7,0.05
20.35,40.7,0.05
20.4,40.7,0.05
20.45,40.7,0.05
20.5,40.7,0.05
20.55,40.7,0.05
20.6,40.7,0.05
20.65,40.7,0.05
20.7,40.7,0.05
20.75,40.7,0.05
20.8,40.7,0.05
20.85,40.7,0.05
20.9,40.7,0.05
20.95,40.7,0.05
21.0,40.7,0.16
21.05,40.7,0.16
21.1,40.7,0.16
21.15,40.7,0.16
21.2,40.7,0.16
21.25,40.7,0.16
21.3,40.7,0.16
21.35,40.7,0.16
21.4,40.7,0.16
21.45,40.7,0.16
21.5,40.7,0.16
21.55,40.7,0.16
21.6,40.7,0.16
21.65,40.7,0.16
21.7,40.7,0.16
21.75,40.7,0.16
21.8,40.7,0.16
21.85,40.7,0.16
21.9,40.7,0.16
21.95,40.7,0.16
22.0,40.7,0.16
22.05,40.7,0.16
22.1,40.7,0.16
22.15,40.7,0.16
22.2,40.7,0.16
22.25,40.7,0.16
22.3,40.7,0.16
22.35,40.7,0.16
22.4,40.7,0.16
22.45,40.7,0.16
22.5,40.7,0.16
22.55,40.7,0.16
22.6,40.7,0.16
22.65,40.7,0.16
22.7,40.7,0.16
22.75,40.7,0.16
22.8,40.7,0.16
22.85,40.7,0.16
22.9,40.7,0.16
22.95,40.7,0.16
23.0,40.7,0.16
23.05,40.7,0.16
23.1,40.7,0.16
23.15,40.7,0.16
23.2,40.7,0.16
23.25,40.7,0.16
23.3,40.7,0.16
23.35,40.7,0.16
23.4,40.7,0.16
23.45,40.7,0.16
23.5,40.7,0.16
23.55,40.7,0.16
23.6,40.7,0.16
23.65,40.7,0.16
23.7,40.7,0.16
23.75,40.7,0.16
23.8,40.7,0.16
23.85,40.7,0.16
23.9,40.7,0.16
23.95,40.7,0.16
24.0,40.7,0.16
24.05,40.7,0.16
24.1,40.7,0.16
24.15,40.7,0.16
24.2,40.7,0.16
24.25,40.7,0.16
24.3,40.7,0.16
24.35,40.7,0.16
24.4,40.7,0.16
24.45,40.7,0.16
24.5,40.7,0.16
24.55,40.7,0.16
24.6,40.7,0.16
24.65,40.7,0.16
24.7,40.7,0.16
24.75,40.7,0.16
24.8,40.7,0.16
24.85,40.7,0.16
24.9,40.7,0.16
24.95,40.7,0.16
25.0,40.7,0.16
25.05,40.7,0.16
25.1,40.7,0.16
25.15,40.7,0.16
25.2,40.7,0.16
25.25,40.7,0.16
25.3,40.7,0.16
25.35,40.7,0.16
25.4,40.7,0.16
25.45,40.7,0.16
25.5,40.7,0.16
25.55,40.7,0.16
25.6,40.7,0.16
25.65,40.7,0.16
25.7,40.7,0.16
25.75,40.7,0.16
25.8,40.7,0.16
25.85,40.7,0.16
25.9,40.7,0.16
25.95,40.7,0.16
26.0,40.7,0.16
26.05,40.7,0.16
26.1,40.7,0.16
26.15,40.7,0.16
26.2,40.7,0.16
26.25,40.7,0.16
26.3,40.7,0.16
26.35,40.7,0.16
26.4,40.7,0.16
26.45,40.7,0.16
26.5,40.7,0.05
26.55,40.7,0.05
26.6,40.7,0.05
26.65,40.7,0.05
26.7,40.7,0.05
26.75,40.7,0.05
26.8,40.7,0.05
26.85,40.7,0.05
26.9,40.7,0.05
26.95,40.7,0.05
27.0,40.7,0.05
27.05,40.7,0.05
27.1,40.7,0.05
27.15,40.7,0.05
27.2,40.7,0.05
27.25,40.7,0.05
27.3,40.7,0.05
27.35,40.7,0.05
27.4,40.7,0.05
27.45,40.7,0.05
27.5,40.7,0.05
27.55,40.7,0.05
27.6,40.7,0.05
27.65,40.7,0.05
27.7,40.7,0.05
27.75,40.7,0.05
27.8,40.7,0.05
27.85,40.7,0.05
27.9,40.7,0.05
27.95,40.7,0.05
28.0,40.7,0.05
28.05,40.7,0.05
28.1,40.7,0.05
28.15,40.7,0.05
28.2,40.7,0.05
28.25,40.7,0.05
28.3,40.7,0.05
28.35,40.7,0.05
28.4,40.7,0.05
28.45,40.7,0.05
28.5,40.7,0.05
28.55,40.7,0.05
28.6,40.7,0.05
28.65,40.7,0.05
28.7,40.7,0.05
28.75,40.7,0.05
28.8,40.7,0.05
28.85,40.7,0.05
28.9,40.7,0.05
28.95,40.7,0.05
29.0,40.7,0.05
29.05,40.7,0.05
29.1,40.7,0.05
29.15,40.7,0.05
29.2,40.7,0.05
29.25,40.7,0.05
29.3,40.7,0.05
29.35,40.7,0.05
29.4,40.7,0.05
29.45,40.7,0.05
29.5,40.7,0.05
19.0,40.75,0.05
19.05,40.75,0.05
19.1,40.75,0.05
19.15,40.75,0.05
19.2,40.75,0.05
19.25,40.75,0.05
19.3,40.75,0.05
19.35,40.75,0.05
19.4,40.75,0.05
19.45,40.75,0.05
19.5,40.75,0.05
19.55,40.75,0.05
19.6,40.75,0.05
19.65,40.75,0.05
19.7,40.75,0.05
19.75,40.75,0.05
19.8,40.75,0.05
19.85,40.75,0.05
19.9,40.75,0.05
19.95,40.75,0.05
20.0,40.75,0.05
20.05,40.75,0.05
20.1,40.75,0.05
20.15,40.75,0.05
20.2,40.75,0.05
20.25,40.75,0.05
20.3,40.75,0.05
20.35,40.75,0.05
20.4,40.75,0.05
20.45,40.75,0.05
20.5,40.75,0.05
20.55,40.75,0.05
20.6,40.75,0.05
20.65,40.75,0.05
20.7,40.75,0.05
20.75,40.75,0.05
20.8,40.75,0.05
20.85,40.75,0.05
20.9,40.75,0.05
20.95,40.75,0.05
21.0,40.75,0.16
21.05,40.75,0.16
21.1,40.75,0.16
21.15,40.75,0.16
21.2,40.75,0.16
21.25,40.75,0.16
21.3,40.75,0.16
21.35,40.75,0.16
21.4,40.75,0.16
21.45,40.75,0.16
21.5,40.75,0.16
21.55,40.75,0.16
21.6,40.75,0.16
21.65,40.75,0.16
21.7,40.75,0.16
21.75,40.75,0.16
21.8,40.75,0.16
21.85,40.75,0.16
21.9,40.75,0.16
21.95,40.75,0.16
22.0,40.75,0.16
22.05,40.75,0.16
22.1,40.75,0.16
22.15,40.75,0.16
22.2,40.75,0.16
22.25,40.75,0.16
22.3,40.75,0.16
22.35,40.75,0.16
22.4,40.75,0.16
22.45,40.75,0.16
22.5,40.75,0.16
22.55,40.75,0.16
22.6,40.75,0.16
22.65,40.75,0.16
22.7,40.75,0.16
22.75,40.75,0.16
22.8,40.75,0.16
22.85,40.75,0.16
22.9,40.75,0.16
22.95,40.75,0.16
23.0,40.75,0.16
23.05,40.75,0.16
23.1,40.75,0.16
23.15,40.75,0.16
23.2,40.75,0.16
23.25,40.75,0.16
23.3,40.75,0.16
23.35,40.75,0.16
23.4,40.75,0.16
23.45,40.75,0.16
23.5,40.75,0.16
23.55,40.75,0.16
23.6,40.75,0.16
23.65,40.75,0.16
23.7,40.75,0.16
23.75,40.75,0.16
23.8,40.75,0.16
23.85,40.75,0.16
23.9,40.75,0.16
23.95,40.75,0.16
24.0,40.75,0.16
24.05,40.75,0.16
24.1,40.75,0.16
24.15,40.75,0.16
24.2,40.75,0.16
24.25,40.75,0.16
24.3,40.75,0.16
24.35,40.75,0.16
24.4,40.75,0.16
24.45,40.75,0.16
24.5,40.75,0.16
24.55,40.75,0.16
24.6,40.75,0.16
24.65,40.75,0.16
24.7,40.75,0.16
24.75,40.75,0.16
24.8,40.75,0.16
24.85,40.75,0.16
24.9,40.75,0.16
24.95,40.75,0.16
25.0,40.75,0.16
25.05,40.75,0.16
25.1,40.75,0.16
25.15,40.75,0.16
25.2,40.75,0.16
25.25,40.75,0.16
25.3,40.75,0.16
25.35,40.75,0.16
25.4,40.75,0.16
25.45,40.75,0.16
25.5,40.75,0.16
25.55,40.75,0.16
25.6,40.75,0.16
25.65,40.75,0.16
25.7,40.75,0.16
25.75,40.75,0.16
25.8,40.75,0.16
25.85,40.75,0.16
25.9,40.75,0.16
25.95,40.75,0.16
26.0,40.75,0.16
26.05,40.75,0.16
26.1,40.75,0.16
26.15,40.75,0.16
26.2,40.75,0.16
26.25,40.75,0.16
26.3,40.75,0.16
26.35,40.75,0.16
26.4,40.75,0.16
26.45,40.75,0.16
26.5,40.75,0.05
26.55,40.75,0.05
26.6,40.75,0.05
26.65,40.75,0.05
26.7,40.75,0.05
26.75,40.75,0.05
26.8,40.75,0.05
26.85,40.75,0.05
26.9,40.75,0.05
26.95,40.75,0.05
27.0,40.75,0.05
27.05,40.75,0.05
27.1,40.75,0.05
27.15,40.75,0.05
27.2,40.75,0.05
27.25,40.75,0.05
27.3,40.75,0.05
27.35,40.75,0.05
27.4,40.75,0.05
27.45,40.75,0.05
27.5,40.75,0.05
27.55,40.75,0.05
27.6,40.75,0.05
27.65,40.75,0.05
27.7,40.75,0.05
27.75,40.75,0.05
27.8,40.75,0.05
27.85,40.75,0.05
27.9,40.75,0.05
27.95,40.75,0.05
28.0,40.75,0.05
28.05,40.75,0.05
28.1,40.75,0.05
28.15,40.75,0.05
28.2,40.75,0.05
28.25,40.75,0.05
28.3,40.75,0.05
28.35,40.75,0.05
28.4,40.75,0.05
28.45,40.75,0.05
28.5,40.75,0.05
28.55,40.75,0.05
28.6,40.75,0.05
28.65,40.75,0.05
28.7,40.75,0.05
28.75,40.75,0.05
28.8,40.75,0.05
28.85,40.75,0.05
28.9,40.75,0.05
28.95,40.75,0.05
29.0,40.75,0.05
29.05,40.75,0.05
29.1,40.75,0.05
29.15,40.75,0.05
29.2,40.75,0.05
29.25,40.75,0.05
29.3,40.75,0.05
29.35,40.75,0.05
29.4,40.75,0.05
29.45,40.75,0.05
29.5,40.75,0.05
19.0,40.8,0.05
19.05,40.8,0.05
19.1,40.8,0.05
19.15,40.8,0.05
19.2,40.8,0.05
19.25,40.8,0.05
19.3,40.8,0.05
19.35,40.8,0.05
19.4,40.8,0.05
19.45,40.8,0.05
19.5,40.8,0.05
19.55,40.8,0.05
19.6,40.8,0.05
19.65,40.8,0.05
19.7,40.8,0.05
19.75,40.8,0.05
19.8,40.8,0.05
19.85,40.8,0.05
19.9,40.8,0.05
19.95,40.8,0.05
20.0,40.8,0.05
20.05,40.8,0.05
20.1,40.8,0.05
20.15,40.8,0.05
20.2,40.8,0.05
20.25,40.8,0.05
20.3,40.8,0.05
20.35,40.8,0.05
20.4,40.8,0.05
20.45,40.8,0.05
20.5,40.8,0.05
20.55,40.8,0.05
20.6,40.8,0.05
20.65,40.8,0.05
20.7,40.8,0.05
20.75,40.8,0.05
20.8,40.8,0.05
20.85,40.8,0.05
20.9,40.8,0.05
20.95,40.8,0.05
21.0,40.8,0.16
21.05,40.8,0.16
21.1,40.8,0.16
21.15,40.8,0.16
21.2,40.8,0.16
21.25,40.8,0.16
21.3,40.8,0.16
21.35,40.8,0.16
21.4,40.8,0.16
21.45,40.8,0.16
21.5,40.8,0.16
21.55,40.8,0.16
21.6,40.8,0.16
21.65,40.8,0.16
21.7,40.8,0.16
21.75,40.8,0.16
21.8,40.8,0.16
21.85,40.8,0.16
21.9,40.8,0.16
21.95,40.8,0.16
22.0,40.8,0.16
22.05,40.8,0.16
22.1,40.8,0.16
22.15,40.8,0.16
22.2,40.8,0.16
22.25,40.8,0.16
22.3,40.8,0.16
22.35,40.8,0.16
22.4,40.8,0.16
22.45,40.8,0.16
22.5,40.8,0.16
22.55,40.8,0.16
22.6,40.8,0.16
22.65,40.8,0.16
22.7,40.8,0.16
22.75,40.8,0.16
22.8,40.8,0.16
22.85,40.8,0.16
22.9,40.8,0.16
22.95,40.8,0.16
23.0,40.8,0.16
23.05,40.8,0.16
23.1,40.8,0.16
23.15,40.8,0.16
23.2,40.8,0.16
23.25,40.8,0.16
23.3,40.8,0.16
23.35,40.8,0.16
23.4,40.8,0.16
23.45,40.8,0.16
23.5,40.8,0.16
23.55,40.8,0.16
23.6,40.8,0.16
23.65,40.8,0.16
23.7,40.8,0.16
23.75,40.8,0.16
23.8,40.8,0.16
23.85,40.8,0.16
23.9,40.8,0.16
23.95,40.8,0.16
24.0,40.8,0.16
24.05,40.8,0.16
24.1,40.8,0.16
24.15,40.8,0.16
24.2,40.8,0.16
24.25,40.8,0.16
24.3,40.8,0.16
24.35,40.8,0.16
24.4,40.8,0.16
24.45,40.8,0.16
24.5,40.8,0.16
24.55,40.8,0.16
24.6,40.8,0.16
24.65,40.8,0.16
24.7,40.8,0.16
24.75,40.8,0.16
24.8,40.8,0.16
24.85,40.8,0.16
24.9,40.8,0.16
24.95,40.8,0.16
25.0,40.8,0.16
25.05,40.8,0.16
25.1,40.8,0.16
25.15,40.8,0.16
25.2,40.8,0.16
25.25,40.8,0.16
25.3,40.8,0.16
25.35,40.8,0.16
25.4,40.8,0.16
25.45,40.8,0.16
25.5,40.8,0.16
25.55,40.8,0.16
25.6,40.8,0.16
25.65,40.8,0.16
25.7,40.8,0.16
25.75,40.8,0.16
25.8,40.8,0.16
25.85,40.8,0.16
25.9,40.8,0.16
25.95,40.8,0.16
26.0,40.8,0.16
26.05,40.8,0.16
26.1,40.8,0.16
26.15,40.8,0.16
26.2,40.8,0.16
26.25,40.8,0.16
26.3,40.8,0.16
26.35,40.8,0.16
26.4,40.8,0.16
26.45,40.8,0.16
26.5,40.8,0.05
26.55,40.8,0.05
26.6,40.8,0.05
26.65,40.8,0.05
26.7,40.8,0.05
26.75,40.8,0.05
26.8,40.8,0.05
26.85,40.8,0.05
26.9,40.8,0.05
26.95,40.8,0.05
27.0,40.8,0.05
27.05,40.8,0.05
27.1,40.8,0.05
27.15,40.8,0.05
27.2,40.8,0.05
27.25,40.8,0.05
27.3,40.8,0.05
27.35,40.8,0.05
27.4,40.8,0.05
27.45,40.8,0.05
27.5,40.8,0.05
27.55,40.8,0.05
27.6,40.8,0.05
27.65,40.8,0.05
27.7,40.8,0.05
27.75,40.8,0.05
27.8,40.8,0.05
27.85,40.8,0.05
27.9,40.8,0.05
27.95,40.8,0.05
28.0,40.8,0.05
28.05,40.8,0.05
28.1,40.8,0.05
28.15,40.8,0.05
28.2,40.8,0.05
28.25,40.8,0.05
28.3,40.8,0.05
28.35,40.8,0.05
28.4,40.8,0.05
28.45,40.8,0.05
28.5,40.8,0.05
28.55,40.8,0.05
28.6,40.8,0.05
28.65,40.8,0.05
28.7,40.8,0.05
28.75,40.8,0.05
28.8,40.8,0.05
28.85,40.8,0.05
28.9,40.8,0.05
28.95,40.8,0.05
29.0,40.8,0.05
29.05,40.8,0.05
29.1,40.8,0.05
29.15,40.8,0.05
29.2,40.8,0.05
29.25,40.8,0.05
29.3,40.8,0.05
29.35,40.8,0.05
29.4,40.8,0.05
29.45,40.8,0.05
29.5,40.8,0.05
19.0,40.85,0.05
19.05,40.85,0.05
19.1,40.85,0.05
19.15,40.85,0.05
19.2,40.85,0.05
19.25,40.85,0.05
19.3,40.85,0.05
19.35,40.85,0.05
19.4,40.85,0.05
19.45,40.85,0.05
19.5,40.85,0.05
19.55,40.85,0.05
19.6,40.85,0.05
19.65,40.85,0.05
19.7,40.85,0.05
19.75,40.85,0.05
19.8,40.85,0.05
19.85,40.85,0.05
19.9,40.85,0.05
19.95,40.85,0.05
20.0,40.85,0.05
20.05,40.85,0.05
20.1,40.85,0.05
20.15,40.85,0.05
20.2,40.85,0.05
20.25,40.85,0.05
20.3,40.85,0.05
20.35,40.85,0.05
20.4,40.85,0.05
20.45,40.85,0.05
20.5,40.85,0.05
20.55,40.85,0.05
20.6,40.85,0.05
20.65,40.85,0.05
20.7,40.85,0.05
20.75,40.85,0.05
20.8,40.85,0.05
20.85,40.85,0.05
20.9,40.85,0.05
20.95,40.85,0.05
21.0,40.85,0.16
21.05,40.85,0.16
21.1,40.85,0.16
21.15,40.85,0.16
21.2,40.85,0.16
21.25,40.85,0.16
21.3,40.85,0.16
21.35,40.85,0.16
21.4,40.85,0.16
21.45,40.85,0.16
21.5,40.85,0.16
21.55,40.85,0.16
21.6,40.85,0.16
21.65,40.85,0.16
21.7,40.85,0.16
21.75,40.85,0.16
21.8,40.85,0.16
21.85,40.85,0.16
21.9,40.85,0.16
21.95,40.85,0.16
22.0,40.85,0.16
22.05,40.85,0.16
22.1,40.85,0.16
22.15,40.85,0.16
22.2,40.85,0.16
22.25,40.85,0.16
22.3,40.85,0.16
22.35,40.85,0.16
22.4,40.85,0.16
22.45,40.85,0.16
22.5,40.85,0.16
22.55,40.85,0.16
22.6,40.85,0.16
22.65,40.85,0.16
22.7,40.85,0.16
22.75,40.85,0.16
22.8,40.85,0.16
22.85,40.85,0.16
22.9,40.85,0.16
22.95,40.85,0.16
23.0,40.85,0.16
23.05,40.85,0.16
23.1,40.85,0.16
23.15,40.85,0.16
23.2,40.85,0.16
23.25,40.85,0.16
23.3,40.85,0.16
23.35,40.85,0.16
23.4,40.85,0.16
23.45,40.85,0.16
23.5,40.85,0.16
23.55,40.85,0.16
23.6,40.85,0.16
23.65,40.85,0.16
23.7,40.85,0.16
23.75,40.85,0.16
23.8,40.85,0.16
23.85,40.85,0.16
23.9,40.85,0.16
23.95,40.85,0.16
24.0,40.85,0.16
24.05,40.85,0.16
24.1,40.85,0.16
24.15,40.85,0.16
24.2,40.85,0.16
24.25,40.85,0.16
24.3,40.85,0.16
24.35,40.85,0.16
24.4,40.85,0.16
24.45,40.85,0.16
24.5,40.85,0.16
24.55,40.85,0.16
24.6,40.85,0.16
24.65,40.85,0.16
24.7,40.85,0.16
24.75,40.85,0.16
24.8,40.85,0.16
24.85,40.85,0.16
24.9,40.85,0.16
24.95,40.85,0.16
25.0,40.85,0.16
25.05,40.85,0.16
25.1,40.85,0.16
25.15,40.85,0.16
25.2,40.85,0.16
25.25,40.85,0.16
25.3,40.85,0.16
25.35,40.85,0.16
25.4,40.85,0.16
25.45,40.85,0.16
25.5,40.85,0.16
25.55,40.85,0.16
25.6,40.85,0.16
25.65,40.85,0.16
25.7,40.85,0.16
25.75,40.85,0.16
25.8,40.85,0.16
25.85,40.85,0.16
25.9,40.85,0.16
25.95,40.85,0.16
26.0,40.85,0.16
26.05,40.85,0.16
26.1,40.85,0.16
26.15,40.85,0.16
26.2,40.85,0.16
26.25,40.85,0.16
26.3,40.85,0.16
26.35,40.85,0.16
26.4,40.85,0.16
26.45,40.85,0.16
26.5,40.85,0.05
26.55,40.85,0.05
26.6,40.85,0.05
26.65,40.85,0.05
26.7,40.85,0.05
26.75,40.85,0.05
26.8,40.85,0.05
26.85,40.85,0.05
26.9,40.85,0.05
26.95,40.85,0.05
27.0,40.85,0.05
27.05,40.85,0.05
27.1,40.85,0.05
27.15,40.85,0.05
27.2,40.85,0.05
27.25,40.85,0.05
27.3,40.85,0.05
27.35,40.85,0.05
27.4,40.85,0.05
27.45,40.85,0.05
27.5,40.85,0.05
27.55,40.85,0.05
27.6,40.85,0.05
27.65,40.85,0.05
27.7,40.85,0.05
27.75,40.85,0.05
27.8,40.85,0.05
27.85,40.85,0.05
27.9,40.85,0.05
27.95,40.85,0.05
28.0,40.85,0.05
28.05,40.85,0.05
28.1,40.85,0.05
28.15,40.85,0.05
28.2,40.85,0.05
28.25,40.85,0.05
28.3,40.85,0.05
28.35,40.85,0.05
28.4,40.85,0.05
28.45,40.85,0.05
28.5,40.85,0.05
28.55,40.85,0.05
28.6,40.85,0.05
28.65,40.85,0.05
28.7,40.85,0.05
28.75,40.85,0.05
28.8,40.85,0.05
28.85,40.85,0.05
28.9,40.85,0.05
28.95,40.85,0.05
29.0,40.85,0.05
29.05,40.85,0.05
29.1,40.85,0.05
29.15,40.85,0.05
29.2,40.85,0.05
29.25,40.85,0.05
29.3,40.85,0.05
29.35,40.85,0.05
29.4,40.85,0.05
29.45,40.85,0.05
29.5,40.85,0.05
19.0,40.9,0.05
19.05,40.9,0.05
19.1,40.9,0.05
19.15,40.9,0.05
19.2,40.9,0.05
19.25,40.9,0.05
19.3,40.9,0.05
19.35,40.9,0.05
19.4,40.9,0.05
19.45,40.9,0.05
19.5,40.9,0.05
19.55,40.9,0.05
19.6,40.9,0.05
19.65,40.9,0.05
19.7,40.9,0.05
19.75,40.9,0.05
19.8,40.9,0.05
19.85,40.9,0.05
19.9,40.9,0.05
19.95,40.9,0.05
20.0,40.9,0.05
20.05,40.9,0.05
20.1,40.9,0.05
20.15,40.9,0.05
20.2,40.9,0.05
20.25,40.9,0.05
20.3,40.9,0.05
20.35,40.9,0.05
20.4,40.9,0.05
20.45,40.9,0.05
20.5,40.9,0.05
20.55,40.9,0.05
20.6,40.9,0.05
20.65,40.9,0.05
20.7,40.9,0.05
20.75,40.9,0.05
20.8,40.9,0.05
20.85,40.9,0.05
20.9,40.9,0.05
20.95,40.9,0.05
21.0,40.9,0.16
21.05,40.9,0.16
21.1,40.9,0.16
21.15,40.9,0.16
21.2,40.9,0.16
21.25,40.9,0.16
21.3,40.9,0.16
21.35,40.9,0.16
21.4,40.9,0.16
21.45,40.9,0.16
21.5,40.9,0.16
21.55,40.9,0.16
21.6,40.9,0.16
21.65,40.9,0.16
21.7,40.9,0.16
21.75,40.9,0.16
21.8,40.9,0.16
21.85,40.9,0.16
21.9,40.9,0.16
21.95,40.9,0.16
22.0,40.9,0.16
22.05,40.9,0.16
22.1,40.9,0.16
22.15,40.9,0.16
22.2,40.9,0.16
22.25,40.9,0.16
22.3,40.9,0.16
22.35,40.9,0.16
22.4,40.9,0.16
22.45,40.9,0.16
22.5,40.9,0.16
22.55,40.9,0.16
22.6,40.9,0.16
22.65,40.9,0.16
22.7,40.9,0.16
22.75,40.9,0.16
22.8,40.9,0.16
22.85,40.9,0.16
22.9,40.9,0.16
22.95,40.9,0.16
23.0,40.9,0.16
23.05,40.9,0.16
23.1,40.9,0.16
23.15,40.9,0.16
23.2,40.9,0.16
23.25,40.9,0.16
23.3,40.9,0.16
23.35,40.9,0.16
23.4,40.9,0.16
23.45,40.9,0.16
23.5,40.9,0.16
23.55,40.9,0.16
23.6,40.9,0.16
23.65,40.9,0.16
23.7,40.9,0.16
23.75,40.9,0.16
23.8,40.9,0.16
23.85,40.9,0.16
23.9,40.9,0.16
23.95,40.9,0.16
24.0,40.9,0.16
24.05,40.9,0.16
24.1,40.9,0.16
24.15,40.9,0.16
24.2,40.9,0.16
24.25,40.9,0.16
24.3,40.9,0.16
24.35,40.9,0.16
24.4,40.9,0.16
24.45,40.9,0.16
24.5,40.9,0.16
24.55,40.9,0.16
24.6,40.9,0.16
24.65,40.9,0.16
24.7,40.9,0.16
24.75,40.9,0.16
24.8,40.9,0.16
24.85,40.9,0.16
24.9,40.9,0.16
24.95,40.9,0.16
25.0,40.9,0.16
25.05,40.9,0.16
25.1,40.9,0.16
25.15,40.9,0.16
25.2,40.9,0.16
25.25,40.9,0.16
25.3,40.9,0.16
25.35,40.9,0.16
25.4,40.9,0.16
25.45,40.9,0.16
25.5,40.9,0.16
25.55,40.9,0.16
25.6,40.9,0.16
25.65,40.9,0.16
25.7,40.9,0.16
25.75,40.9,0.16
25.8,40.9,0.16
25.85,40.9,0.16
25.9,40.9,0.16
25.95,40.9,0.16
26.0,40.9,0.16
26.05,40.9,0.16
26.1,40.9,0.16
26.15,40.9,0.16
26.2,40.9,0.16
26.25,40.9,0.16
26.3,40.9,0.16
26.35,40.9,0.16
26.4,40.9,0.16
26.45,40.9,0.16
26.5,40.9,0.05
26.55,40.9,0.05
26.6,40.9,0.05
26.65,40.9,0.05
26.7,40.9,0.05
26.75,40.9,0.05
26.8,40.9,0.05
26.85,40.9,0.05
26.9,40.9,0.05
26.95,40.9,0.05
27.0,40.9,0.05
27.05,40.9,0.05
27.1,40.9,0.05
27.15,40.9,0.05
27.2,40.9,0.05
27.25,40.9,0.05
27.3,40.9,0.05
27.35,40.9,0.05
27.4,40.9,0.05
27.45,40.9,0.05
27.5,40.9,0.05
27.55,40.9,0.05
27.6,40.9,0.05
27.65,40.9,0.05
27.7,40.9,0.05
27.75,40.9,0.05
27.8,40.9,0.05
27.85,40.9,0.05
27.9,40.9,0.05
27.95,40.9,0.05
28.0,40.9,0.05
28.05,40.9,0.05
28.1,40.9,0.05
28.15,40.9,0.05
28.2,40.9,0.05
28.25,40.9,0.05
28.3,40.9,0.05
28.35,40.9,0.05
28.4,40.9,0.05
28.45,40.9,0.05
28.5,40.9,0.05
28.55,40.9,0.05
28.6,40.9,0.05
28.65,40.9,0.05
28.7,40.9,0.05
28.75,40.9,0.05
28.8,40.9,0.05
28.85,40.9,0.05
28.9,40.9,0.05
28.95,40.9,0.05
29.0,40.9,0.05
29.05,40.9,0.05
29.1,40.9,0.05
29.15,40.9,0.05
29.2,40.9,0.05
29.25,40.9,0.05
29.3,40.9,0.05
29.35,40.9,0.05
29.4,40.9,0.05
29.45,40.9,0.05
29.5,40.9,0.05
19.0,40.95,0.05
19.05,40.95,0.05
19.1,40.95,0.05
19.15,40.95,0.05
19.2,40.95,0.05
19.25,40.95,0.05
19.3,40.95,0.05
19.35,40.95,0.05
19.4,40.95,0.05
19.45,40.95,0.05
19.5,40.95,0.05
19.55,40.95,0.05
19.6,40.95,0.05
19.65,40.95,0.05
19.7,40.95,0.05
19.75,40.95,0.05
19.8,40.95,0.05
19.85,40.95,0.05
19.9,40.95,0.05
19.95,40.95,0.05
20.0,40.95,0.05
20.05,40.95,0.05
20.1,40.95,0.05
20.15,40.95,0.05
20.2,40.95,0.05
20.25,40.95,0.05
20.3,40.95,0.05
20.35,40.95,0.05
20.4,40.95,0.05
20.45,40.95,0.05
20.5,40.95,0.05
20.55,40.95,0.05
20.6,40.95,0.05
20.65,40.95,0.05
20.7,40.95,0.05
20.75,40.95,0.05
20.8,40.95,0.05
20.85,40.95,0.05
20.9,40.95,0.05
20.95,40.95,0.05
21.0,40.95,0.16
21.05,40.95,0.16
21.1,40.95,0.16
21.15,40.95,0.16
21.2,40.95,0.16
21.25,40.95,0.16
21.3,40.95,0.16
21.35,40.95,0.16
21.4,40.95,0.16
21.45,40.95,0.16
21.5,40.95,0.16
21.55,40.95,0.16
21.6,40.95,0.16
21.65,40.95,0.16
21.7,40.95,0.16
21.75,40.95,0.16
21.8,40.95,0.16
21.85,40.95,0.16
21.9,40.95,0.16
21.95,40.95,0.16
22.0,40.95,0.16
22.05,40.95,0.16
22.1,40.95,0.16
22.15,40.95,0.16
22.2,40.95,0.16
22.25,40.95,0.16
22.3,40.95,0.16
22.35,40.95,0.16
22.4,40.95,0.16
22.45,40.95,0.16
22.5,40.95,0.16
22.55,40.95,0.16
22.6,40.95,0.16
22.65,40.95,0.16
22.7,40.95,0.16
22.75,40.95,0.16
22.8,40.95,0.16
22.85,40.95,0.16
22.9,40.95,0.16
22.95,40.95,0.16
23.0,40.95,0.16
23.05,40.95,0.16
23.1,40.95,0.16
23.15,40.95,0.16
23.2,40.95,0.16
23.25,40.95,0.16
23.3,40.95,0.16
23.35,40.95,0.16
23.4,40.95,0.16
23.45,40.95,0.16
23.5,40.95,0.16
23.55,40.95,0.16
23.6,40.95,0.16
23.65,40.95,0.16
23.7,40.95,0.16
23.75,40.95,0.16
23.8,40.95,0.16
23.85,40.95,0.16
23.9,40.95,0.16
23.95,40.95,0.16
24.0,40.95,0.16
24.05,40.95,0.16
24.1,40.95,0.16
24.15,40.95,0.16
24.2,40.95,0.16
24.25,40.95,0.16
24.3,40.95,0.16
24.35,40.95,0.16
24.4,40.95,0.16
24.45,40.95,0.16
24.5,40.95,0.16
24.55,40.95,0.16
24.6,40.95,0.16
24.65,40.95,0.16
24.7,40.95,0.16
24.75,40.95,0.16
24.8,40.95,0.16
24.85,40.95,0.16
24.9,40.95,0.16
24.95,40.95,0.16
25.0,40.95,0.16
25.05,40.95,0.16
25.1,40.95,0.16
25.15,40.95,0.16
25.2,40.95,0.16
25.25,40.95,0.16
25.3,40.95,0.16
25.35,40.95,0.16
25.4,40.95,0.16
25.45,40.95,0.16
25.5,40.95,0.16
25.55,40.95,0.16
25.6,40.95,0.16
25.65,40.95,0.16
25.7,40.95,0.16
25.75,40.95,0.16
25.8,40.95,0.16
25.85,40.95,0.16
25.9,40.95,0.16
25.95,40.95,0.16
26.0,40.95,0.16
26.05,40.95,0.16
26.1,40.95,0.16
26.15,40.95,0.16
26.2,40.95,0.16
26.25,40.95,0.16
26.3,40.95,0.16
26.35,40.95,0.16
26.4,40.95,0.16
26.45,40.95,0.16
26.5,40.95,0.05
26.55,40.95,0.05
26.6,40.95,0.05
26.65,40.95,0.05
26.7,40.95,0.05
26.75,40.95,0.05
26.8,40.95,0.05
26.85,40.95,0.05
26.9,40.95,0.05
26.95,40.95,0.05
27.0,40.95,0.05
27.05,40.95,0.05
27.1,40.95,0.05
27.15,40.95,0.05
27.2,40.95,0.05
27.25,40.95,0.05
27.3,40.95,0.05
27.35,40.95,0.05
27.4,40.95,0.05
27.45,40.95,0.05
27.5,40.95,0.05
27.55,40.95,0.05
27.6,40.95,0.05
27.65,40.95,0.05
27.7,40.95,0.05
27.75,40.95,0.05
27.8,40.95,0.05
27.85,40.95,0.05
27.9,40.95,0.05
27.95,40.95,0.05
28.0,40.95,0.05
28.05,40.95,0.05
28.1,40.95,0.05
28.15,40.95,0.05
28.2,40.95,0.05
28.25,40.95,0.05
28.3,40.95,0.05
28.35,40.95,0.05
28.4,40.95,0.05
28.45,40.95,0.05
28.5,40.95,0.05
28.55,40.95,0.05
28.6,40.95,0.05
28.65,40.95,0.05
28.7,40.95,0.05
28.75,40.95,0.05
28.8,40.95,0.05
28.85,40.95,0.05
28.9,40.95,0.05
28.95,40.95,0.05
29.0,40.95,0.05
29.05,40.95,0.05
29.1,40.95,0.05
29.15,40.95,0.05
29.2,40.95,0.05
29.25,40.95,0.05
29.3,40.95,0.05
29.35,40.95,0.05
29.4,40.95,0.05
29.45,40.95,0.05
29.5,40.95,0.05
19.0,41.0,0.05
19.05,41.0,0.05
19.1,41.0,0.05
19.15,41.0,0.05
19.2,41.0,0.05
19.25,41.0,0.05
19.3,41.0,0.05
19.35,41.0,0.05
19.4,41.0,0.05
19.45,41.0,0.05
19.5,41.0,0.05
19.55,41.0,0.05
19.6,41.0,0.05
19.65,41.0,0.05
19.7,41.0,0.05
19.75,41.0,0.05
19.8,41.0,0.05
19.85,41.0,0.05
19.9,41.0,0.05
19.95,41.0,0.05
20.0,41.0,0.05
20.05,41.0,0.05
20.1,41.0,0.05
20.15,41.0,0.05
20.2,41.0,0.05
20.25,41.0,0.05
20.3,41.0,0.05
20.35,41.0,0.05
20.4,41.0,0.05
20.45,41.0,0.05
20.5,41.0,0.05
20.55,41.0,0.05
20.6,41.0,0.05
20.65,41.0,0.05
20.7,41.0,0.05
20.75,41.0,0.05
20.8,41.0,0.05
20.85,41.0,0.05
20.9,41.0,0.05
20.95,41.0,0.05
21.0,41.0,0.16
21.05,41.0,0.16
21.1,41.0,0.16
21.15,41.0,0.16
21.2,41.0,0.16
21.25,41.0,0.16
21.3,41.0,0.16
21.35,41.0,0.16
21.4,41.0,0.16
21.45,41.0,0.16
21.5,41.0,0.16
21.55,41.0,0.16
21.6,41.0,0.16
21.65,41.0,0.16
21.7,41.0,0.16
21.75,41.0,0.16
21.8,41.0,0.16
21.85,41.0,0.16
21.9,41.0,0.16
21.95,41.0,0.16
22.0,41.0,0.16
22.05,41.0,0.16
22.1,41.0,0.16
22.15,41.0,0.16
22.2,41.0,0.16
22.25,41.0,0.16
22.3,41.0,0.16
22.35,41.0,0.16
22.4,41.0,0.16
22.45,41.0,0.16
22.5,41.0,0.16
22.55,41.0,0.16
22.6,41.0,0.16
22.65,41.0,0.16
22.7,41.0,0.16
22.75,41.0,0.16
22.8,41.0,0.16
22.85,41.0,0.16
22.9,41.0,0.16
22.95,41.0,0.16
23.0,41.0,0.16
23.05,41.0,0.16
23.1,41.0,0.16
23.15,41.0,0.16
23.2,41.0,0.16
23.25,41.0,0.16
23.3,41.0,0.16
23.35,41.0,0.16
23.4,41.0,0.16
23.45,41.0,0.16
23.5,41.0,0.16
23.55,41.0,0.16
23.6,41.0,0.16
23.65,41.0,0.16
23.7,41.0,0.16
23.75,41.0,0.16
23.8,41.0,0.16
23.85,41.0,0.16
23.9,41.0,0.16
23.95,41.0,0.16
24.0,41.0,0.16
24.05,41.0,0.16
24.1,41.0,0.16
24.15,41.0,0.16
24.2,41.0,0.16
24.25,41.0,0.16
24.3,41.0,0.16
24.35,41.0,0.16
24.4,41.0,0.16
24.45,41.0,0.16
24.5,41.0,0.16
24.55,41.0,0.16
24.6,41.0,0.16
24.65,41.0,0.16
24.7,41.0,0.16
24.75,41.0,0.16
24.8,41.0,0.16
24.85,41.0,0.16
24.9,41.0,0.16
24.95,41.0,0.16
25.0,41.0,0.16
25.05,41.0,0.16
25.1,41.0,0.16
25.15,41.0,0.16
25.2,41.0,0.16
25.25,41.0,0.16
25.3,41.0,0.16
25.35,41.0,0.16
25.4,41.0,0.16
25.45,41.0,0.16
25.5,41.0,0.16
25.55,41.0,0.16
25.6,41.0,0.16
25.65,41.0,0.16
25.7,41.0,0.16
25.75,41.0,0.16
25.8,41.0,0.16
25.85,41.0,0.16
25.9,41.0,0.16
25.95,41.0,0.16
26.0,41.0,0.16
26.05,41.0,0.16
26.1,41.0,0.16
26.15,41.0,0.16
26.2,41.0,0.16
26.25,41.0,0.16
26.3,41.0,0.16
26.35,41.0,0.16
26.4,41.0,0.16
26.45,41.0,0.16
26.5,41.0,0.05
26.55,41.0,0.05
26.6,41.0,0.05
26.65,41.0,0.05
26.7,41.0,0.05
26.75,41.0,0.05
26.8,41.0,0.05
26.85,41.0,0.05
26.9,41.0,0.05
26.95,41.0,0.05
27.0,41.0,0.05
27.05,41.0,0.05
27.1,41.0,0.05
27.15,41.0,0.05
27.2,41.0,0.05
27.25,41.0,0.05
27.3,41.0,0.05
27.35,41.0,0.05
27.4,41.0,0.05
27.45,41.0,0.05
27.5,41.0,0.05
27.55,41.0,0.05
27.6,41.0,0.05
27.65,41.0,0.05
27.7,41.0,0.05
27.75,41.0,0.05
27.8,41.0,0.05
27.85,41.0,0.05
27.9,41.0,0.05
27.95,41.0,0.05
28.0,41.0,0.05
28.05,41.0,0.05
28.1,41.0,0.05
28.15,41.0,0.05
28.2,41.0,0.05
28.25,41.0,0.05
28.3,41.0,0.05
28.35,41.0,0.05
28.4,41.0,0.05
28.45,41.0,0.05
28.5,41.0,0.05
28.55,41.0,0.05
28.6,41.0,0.05
28.65,41.0,0.05
28.7,41.0,0.05
28.75,41.0,0.05
28.8,41.0,0.05
28.85,41.0,0.05
28.9,41.0,0.05
28.95,41.0,0.05
29.0,41.0,0.05
29.05,41.0,0.05
29.1,41.0,0.05
29.15,41.0,0.05
29.2,41.0,0.05
29.25,41.0,0.05
29.3,41.0,0.05
29.35,41.0,0.05
29.4,41.0,0.05
29.45,41.0,0.05
29.5,41.0,0.05
19.0,41.05,0.05
19.05,41.05,0.05
19.1,41.05,0.05
19.15,41.05,0.05
19.2,41.05,0.05
19.25,41.05,0.05
19.3,41.05,0.05
19.35,41.05,0.05
19.4,41.05,0.05
19.45,41.05,0.05
19.5,41.05,0.05
19.55,41.05,0.05
19.6,41.05,0.05
19.65,41.05,0.05
19.7,41.05,0.05
19.75,41.05,0.05
19.8,41.05,0.05
19.85,41.05,0.05
19.9,41.05,0.05
19.95,41.05,0.05
20.0,41.05,0.05
20.05,41.05,0.05
20.1,41.05,0.05
20.15,41.05,0.05
20.2,41.05,0.05
20.25,41.05,0.05
20.3,41.05,0.05
20.35,41.05,0.05
20.4,41.05,0.05
20.45,41.05,0.05
20.5,41.05,0.05
20.55,41.05,0.05
20.6,41.05,0.05
20.65,41.05,0.05
20.7,41.05,0.05
20.75,41.05,0.05
20.8,41.05,0.05
20.85,41.05,0.05
20.9,41.05,0.05
20.95,41.05,0.05
21.0,41.05,0.16
21.05,41.05,0.16
21.1,41.05,0.16
21.15,41.05,0.16
21.2,41.05,0.16
21.25,41.05,0.16
21.3,41.05,0.16
21.35,41.05,0.16
21.4,41.05,0.16
21.45,41.05,0.16
21.5,41.05,0.16
21.55,41.05,0.16
21.6,41.05,0.16
21.65,41.05,0.16
21.7,41.05,0.16
21.75,41.05,0.16
21.8,41.05,0.16
21.85,41.05,0.16
21.9,41.05,0.16
21.95,41.05,0.16
22.0,41.05,0.16
22.05,41.05,0.16
22.1,41.05,0.16
22.15,41.05,0.16
22.2,41.05,0.16
22.25,41.05,0.16
22.3,41.05,0.16
22.35,41.05,0.16
22.4,41.05,0.16
22.45,41.05,0.16
22.5,41.05,0.16
22.55,41.05,0.16
22.6,41.05,0.16
22.65,41.05,0.16
22.7,41.05,0.16
22.75,41.05,0.16
22.8,41.05,0.16
22.85,41.05,0.16
22.9,41.05,0.16
22.95,41.05,0.16
23.0,41.05,0.16
23.05,41.05,0.16
23.1,41.05,0.16
23.15,41.05,0.16
23.2,41.05,0.16
23.25,41.05,0.16
23.3,41.05,0.16
23.35,41.05,0.16
23.4,41.05,0.16
23.45,41.05,0.16
23.5,41.05,0.16
23.55,41.05,0.16
23.6,41.05,0.16
23.65,41.05,0.16
23.7,41.05,0.16
23.75,41.05,0.16
23.8,41.05,0.16
23.85,41.05,0.16
23.9,41.05,0.16
23.95,41.05,0.16
24.0,41.05,0.16
24.05,41.05,0.16
24.1,41.05,0.16
24.15,41.05,0.16
24.2,41.05,0.16
24.25,41.05,0.16
24.3,41.05,0.16
24.35,41.05,0.16
24.4,41.05,0.16
24.45,41.05,0.16
24.5,41.05,0.16
24.55,41.05,0.16
24.6,41.05,0.16
24.65,41.05,0.16
24.7,41.05,0.16
24.75,41.05,0.16
24.8,41.05,0.16
24.85,41.05,0.16
24.9,41.05,0.16
24.95,41.05,0.16
25.0,41.05,0.16
25.05,41.05,0.16
25.1,41.05,0.16
25.15,41.05,0.16
25.2,41.05,0.16
25.25,41.05,0.16
25.3,41.05,0.16
25.35,41.05,0.16
25.4,41.05,0.16
25.45,41.05,0.16
25.5,41.05,0.16
25.55,41.05,0.16
25.6,41.05,0.16
25.65,41.05,0.16
25.7,41.05,0.16
25.75,41.05,0.16
25.8,41.05,0.16
25.85,41.05,0.16
25.9,41.05,0.16
25.95,41.05,0.16
26.0,41.05,0.16
26.05,41.05,0.16
26.1,41.05,0.16
26.15,41.05,0.16
26.2,41.05,0.16
26.25,41.05,0.16
26.3,41.05,0.16
26.35,41.05,0.16
26.4,41.05,0.16
26.45,41.05,0.16
26.5,41.05,0.05
26.55,41.05,0.05
26.6,41.05,0.05
26.65,41.05,0.05
26.7,41.05,0.05
26.75,41.05,0.05
26.8,41.05,0.05
26.85,41.05,0.05
26.9,41.05,0.05
26.95,41.05,0.05
27.0,41.05,0.05
27.05,41.05,0.05
27.1,41.05,0.05
27.15,41.05,0.05
27.2,41.05,0.05
27.25,41.05,0.05
27.3,41.05,0.05
27.35,41.05,0.05
27.4,41.05,0.05
27.45,41.05,0.05
27.5,41.05,0.05
27.55,41.05,0.05
27.6,41.05,0.05
27.65,41.05,0.05
27.7,41.05,0.05
27.75,41.05,0.05
27.8,41.05,0.05
27.85,41.05,0.05
27.9,41.05,0.05
27.95,41.05,0.05
28.0,41.05,0.05
28.05,41.05,0.05
28.1,41.05,0.05
28.15,41.05,0.05
28.2,41.05,0.05
28.25,41.05,0.05
28.3,41.05,0.05
28.35,41.05,0.05
28.4,41.05,0.05
28.45,41.05,0.05
28.5,41.05,0.05
28.55,41.05,0.05
28.6,41.05,0.05
28.65,41.05,0.05
28.7,41.05,0.05
28.75,41.05,0.05
28.8,41.05,0.05
28.85,41.05,0.05
28.9,41.05,0.05
28.95,41.05,0.05
29.0,41.05,0.05
29.05,41.05,0.05
29.1,41.05,0.05
29.15,41.05,0.05
29.2,41.05,0.05
29.25,41.05,0.05
29.3,41.05,0.05
29.35,41.05,0.05
29.4,41.05,0.05
29.45,41.05,0.05
29.5,41.05,0.05
19.0,41.1,0.05
19.05,41.1,0.05
19.1,41.1,0.05
19.15,41.1,0.05
19.2,41.1,0.05
19.25,41.1,0.05
19.3,41.1,0.05
19.35,41.1,0.05
19.4,41.1,0.05
19.45,41.1,0.05
19.5,41.1,0.05
19.55,41.1,0.05
19.6,41.1,0.05
19.65,41.1,0.05
19.7,41.1,0.05
19.75,41.1,0.05
19.8,41.1,0.05
19.85,41.1,0.05
19.9,41.1,0.05
19.95,41.1,0.05
20.0,41.1,0.05
20.05,41.1,0.05
20.1,41.1,0.05
20.15,41.1,0.05
20.2,41.1,0.05
20.25,41.1,0.05
20.3,41.1,0.05
20.35,41.1,0.05
20.4,41.1,0.05
20.45,41.1,0.05
20.5,41.1,0.05
20.55,41.1,0.05
20.6,41.1,0.05
20.65,41.1,0.05
20.7,41.1,0.05
20.75,41.1,0.05
20.8,41.1,0.05
20.85,41.1,0.05
20.9,41.1,0.05
20.95,41.1,0.05
21.0,41.1,0.16
21.05,41.1,0.16
21.1,41.1,0.16
21.15,41.1,0.16
21.2,41.1,0.16
21.25,41.1,0.16
21.3,41.1,0.16
21.35,41.1,0.16
21.4,41.1,0.16
21.45,41.1,0.16
21.5,41.1,0.16
21.55,41.1,0.16
21.6,41.1,0.16
21.65,41.1,0.16
21.7,41.1,0.16
21.75,41.1,0.16
21.8,41.1,0.16
21.85,41.1,0.16
21.9,41.1,0.16
21.95,41.1,0.16
22.0,41.1,0.16
22.05,41.1,0.16
22.1,41.1,0.16
22.15,41.1,0.16
22.2,41.1,0.16
22.25,41.1,0.16
22.3,41.1,0.16
22.35,41.1,0.16
22.4,41.1,0.16
22.45,41.1,0.16
22.5,41.1,0.16
22.55,41.1,0.16
22.6,41.1,0.16
22.65,41.1,0.16
22.7,41.1,0.16
22.75,41.1,0.16
22.8,41.1,0.16
22.85,41.1,0.16
22.9,41.1,0.16
22.95,41.1,0.16
23.0,41.1,0.16
23.05,41.1,0.16
23.1,41.1,0.16
23.15,41.1,0.16
23.2,41.1,0.16
23.25,41.1,0.16
23.3,41.1,0.16
23.35,41.1,0.16
23.4,41.1,0.16
23.45,41.1,0.16
23.5,41.1,0.16
23.55,41.1,0.16
23.6,41.1,0.16
23.65,41.1,0.16
23.7,41.1,0.16
23.75,41.1,0.16
23.8,41.1,0.16
23.85,41.1,0.16
23.9,41.1,0.16
23.95,41.1,0.16
24.0,41.1,0.16
24.05,41.1,0.16
24.1,41.1,0.16
24.15,41.1,0.16
24.2,41.1,0.16
24.25,41.1,0.16
24.3,41.1,0.16
24.35,41.1,0.16
24.4,41.1,0.16
24.45,41.1,0.16
24.5,41.1,0.16
24.55,41.1,0.16
24.6,41.1,0.16
24.65,41.1,0.16
24.7,41.1,0.16
24.75,41.1,0.16
24.8,41.1,0.16
24.85,41.1,0.16
24.9,41.1,0.16
24.95,41.1,0.16
25.0,41.1,0.16
25.05,41.1,0.16
25.1,41.1,0.16
25.15,41.1,0.16
25.2,41.1,0.16
25.25,41.1,0.16
25.3,41.1,0.16
25.35,41.1,0.16
25.4,41.1,0.16
25.45,41.1,0.16
25.5,41.1,0.16
25.55,41.1,0.16
25.6,41.1,0.16
25.65,41.1,0.16
25.7,41.1,0.16
25.75,41.1,0.16
25.8,41.1,0.16
25.85,41.1,0.16
25.9,41.1,0.16
25.95,41.1,0.16
26.0,41.1,0.16
26.05,41.1,0.16
26.1,41.1,0.16
26.15,41.1,0.16
26.2,41.1,0.16
26.25,41.1,0.16
26.3,41.1,0.16
26.35,41.1,0.16
26.4,41.1,0.16
26.45,41.1,0.16
26.5,41.1,0.05
26.55,41.1,0.05
26.6,41.1,0.05
26.65,41.1,0.05
26.7,41.1,0.05
26.75,41.1,0.05
26.8,41.1,0.05
26.85,41.1,0.05
26.9,41.1,0.05
26.95,41.1,0.05
27.0,41.1,0.05
27.05,41.1,0.05
27.1,41.1,0.05
27.15,41.1,0.05
27.2,41.1,0.05
27.25,41.1,0.05
27.3,41.1,0.05
27.35,41.1,0.05
27.4,41.1,0.05
27.45,41.1,0.05
27.5,41.1,0.05
27.55,41.1,0.05
27.6,41.1,0.05
27.65,41.1,0.05
27.7,41.1,0.05
27.75,41.1,0.05
27.8,41.1,0.05
27.85,41.1,0.05
27.9,41.1,0.05
27.95,41.1,0.05
28.0,41.1,0.05
28.05,41.1,0.05
28.1,41.1,0.05
28.15,41.1,0.05
28.2,41.1,0.05
28.25,41.1,0.05
28.3,41.1,0.05
28.35,41.1,0.05
28.4,41.1,0.05
28.45,41.1,0.05
28.5,41.1,0.05
28.55,41.1,0.05
28.6,41.1,0.05
28.65,41.1,0.05
28.7,41.1,0.05
28.75,41.1,0.05
28.8,41.1,0.05
28.85,41.1,0.05
28.9,41.1,0.05
28.95,41.1,0.05
29.0,41.1,0.05
29.05,41.1,0.05
29.1,41.1,0.05
29.15,41.1,0.05
29.2,41.1,0.05
29.25,41.1,0.05
29.3,41.1,0.05
29.35,41.1,0.05
29.4,41.1,0.05
29.45,41.1,0.05
29.5,41.1,0.05
19.0,41.15,0.05
19.05,41.15,0.05
19.1,41.15,0.05
19.15,41.15,0.05
19.2,41.15,0.05
19.25,41.15,0.05
19.3,41.15,0.05
19.35,41.15,0.05
19.4,41.15,0.05
19.45,41.15,0.05
19.5,41.15,0.05
19.55,41.15,0.05
19.6,41.15,0.05
19.65,41.15,0.05
19.7,41.15,0.05
19.75,41.15,0.05
19.8,41.15,0.05
19.85,41.15,0.05
19.9,41.15,0.05
19.95,41.15,0.05
20.0,41.15,0.05
20.05,41.15,0.05
20.1,41.15,0.05
20.15,41.15,0.05
20.2,41.15,0.05
20.25,41.15,0.05
20.3,41.15,0.05
20.35,41.15,0.05
20.4,41.15,0.05
20.45,41.15,0.05
20.5,41.15,0.05
20.55,41.15,0.05
20.6,41.15,0.05
20.65,41.15,0.05
20.7,41.15,0.05
20.75,41.15,0.05
20.8,41.15,0.05
20.85,41.15,0.05
20.9,41.15,0.05
20.95,41.15,0.05
21.0,41.15,0.16
21.05,41.15,0.16
21.1,41.15,0.16
21.15,41.15,0.16
21.2,41.15,0.16
21.25,41.15,0.16
21.3,41.15,0.16
21.35,41.15,0.16
21.4,41.15,0.16
21.45,41.15,0.16
21.5,41.15,0.16
21.55,41.15,0.16
21.6,41.15,0.16
21.65,41.15,0.16
21.7,41.15,0.16
21.75,41.15,0.16
21.8,41.15,0.16
21.85,41.15,0.16
21.9,41.15,0.16
21.95,41.15,0.16
22.0,41.15,0.16
22.05,41.15,0.16
22.1,41.15,0.16
22.15,41.15,0.16
22.2,41.15,0.16
22.25,41.15,0.16
22.3,41.15,0.16
22.35,41.15,0.16
22.4,41.15,0.16
22.45,41.15,0.16
22.5,41.15,0.16
22.55,41.15,0.16
22.6,41.15,0.16
22.65,41.15,0.16
22.7,41.15,0.16
22.75,41.15,0.16
22.8,41.15,0.16
22.85,41.15,0.16
22.9,41.15,0.16
22.95,41.15,0.16
23.0,41.15,0.16
23.05,41.15,0.16
23.1,41.15,0.16
23.15,41.15,0.16
23.2,41.15,0.16
23.25,41.15,0.16
23.3,41.15,0.16
23.35,41.15,0.16
23.4,41.15,0.16
23.45,41.15,0.16
23.5,41.15,0.16
23.55,41.15,0.16
23.6,41.15,0.16
23.65,41.15,0.16
23.7,41.15,0.16
23.75,41.15,0.16
23.8,41.15,0.16
23.85,41.15,0.16
23.9,41.15,0.16
23.95,41.15,0.16
24.0,41.15,0.16
24.05,41.15,0.16
24.1,41.15,0.16
24.15,41.15,0.16
24.2,41.15,0.16
24.25,41.15,0.16
24.3,41.15,0.16
24.35,41.15,0.16
24.4,41.15,0.16
24.45,41.15,0.16
24.5,41.15,0.16
24.55,41.15,0.16
24.6,41.15,0.16
24.65,41.15,0.16
24.7,41.15,0.16
24.75,41.15,0.16
24.8,41.15,0.16
24.85,41.15,0.16
24.9,41.15,0.16
24.95,41.15,0.16
25.0,41.15,0.16
25.05,41.15,0.16
25.1,41.15,0.16
25.15,41.15,0.16
25.2,41.15,0.16
25.25,41.15,0.16
25.3,41.15,0.16
25.35,41.15,0.16
25.4,41.15,0.16
25.45,41.15,0.16
25.5,41.15,0.16
25.55,41.15,0.16
25.6,41.15,0.16
25.65,41.15,0.16
25.7,41.15,0.16
25.75,41.15,0.16
25.8,41.15,0.16
25.85,41.15,0.16
25.9,41.15,0.16
25.95,41.15,0.16
26.0,41.15,0.16
26.05,41.15,0.16
26.1,41.15,0.16
26.15,41.15,0.16
26.2,41.15,0.16
26.25,41.15,0.16
26.3,41.15,0.16
26.35,41.15,0.16
26.4,41.15,0.16
26.45,41.15,0.16
26.5,41.15,0.05
26.55,41.15,0.05
26.6,41.15,0.05
26.65,41.15,0.05
26.7,41.15,0.05
26.75,41.15,0.05
26.8,41.15,0.05
26.85,41.15,0.05
26.9,41.15,0.05
26.95,41.15,0.05
27.0,41.15,0.05
27.05,41.15,0.05
27.1,41.15,0.05
27.15,41.15,0.05
27.2,41.15,0.05
27.25,41.15,0.05
27.3,41.15,0.05
27.35,41.15,0.05
27.4,41.15,0.05
27.45,41.15,0.05
27.5,41.15,0.05
27.55,41.15,0.05
27.6,41.15,0.05
27.65,41.15,0.05
27.7,41.15,0.05
27.75,41.15,0.05
27.8,41.15,0.05
27.85,41.15,0.05
27.9,41.15,0.05
27.95,41.15,0.05
28.0,41.15,0.05
28.05,41.15,0.05
28.1,41.15,0.05
28.15,41.15,0.05
28.2,41.15,0.05
28.25,41.15,0.05
28.3,41.15,0.05
28.35,41.15,0.05
28.4,41.15,0.05
28.45,41.15,0.05
28.5,41.15,0.05
28.55,41.15,0.05
28.6,41.15,0.05
28.65,41.15,0.05
28.7,41.15,0.05
28.75,41.15,0.05
28.8,41.15,0.05
28.85,41.15,0.05
28.9,41.15,0.05
28.95,41.15,0.05
29.0,41.15,0.05
29.05,41.15,0.05
29.1,41.15,0.05
29.15,41.15,0.05
29.2,41.15,0.05
29.25,41.15,0.05
29.3,41.15,0.05
29.35,41.15,0.05
29.4,41.15,0.05
29.45,41.15,0.05
29.5,41.15,0.05
19.0,41.2,0.05
19.05,41.2,0.05
19.1,41.2,0.05
19.15,41.2,0.05
19.2,41.2,0.05
19.25,41.2,0.05
19.3,41.2,0.05
19.35,41.2,0.05
19.4,41.2,0.05
19.45,41.2,0.05
19.5,41.2,0.05
19.55,41.2,0.05
19.6,41.2,0.05
19.65,41.2,0.05
19.7,41.2,0.05
19.75,41.2,0.05
19.8,41.2,0.05
19.85,41.2,0.05
19.9,41.2,0.05
19.95,41.2,0.05
20.0,41.2,0.05
20.05,41.2,0.05
20.1,41.2,0.05
20.15,41.2,0.05
20.2,41.2,0.05
20.25,41.2,0.05
20.3,41.2,0.05
20.35,41.2,0.05
20.4,41.2,0.05
20.45,41.2,0.05
20.5,41.2,0.05
20.55,41.2,0.05
20.6,41.2,0.05
20.65,41.2,0.05
20.7,41.2,0.05
20.75,41.2,0.05
20.8,41.2,0.05
20.85,41.2,0.05
20.9,41.2,0.05
20.95,41.2,0.05
21.0,41.2,0.16
21.05,41.2,0.16
21.1,41.2,0.16
21.15,41.2,0.16
21.2,41.2,0.16
21.25,41.2,0.16
21.3,41.2,0.16
21.35,41.2,0.16
21.4,41.2,0.16
21.45,41.2,0.16
21.5,41.2,0.16
21.55,41.2,0.16
21.6,41.2,0.16
21.65,41.2,0.16
21.7,41.2,0.16
21.75,41.2,0.16
21.8,41.2,0.16
21.85,41.2,0.16
21.9,41.2,0.16
21.95,41.2,0.16
22.0,41.2,0.16
22.05,41.2,0.16
22.1,41.2,0.16
22.15,41.2,0.16
22.2,41.2,0.16
22.25,41.2,0.16
22.3,41.2,0.16
22.35,41.2,0.16
22.4,41.2,0.16
22.45,41.2,0.16
22.5,41.2,0.16
22.55,41.2,0.16
22.6,41.2,0.16
22.65,41.2,0.16
22.7,41.2,0.16
22.75,41.2,0.16
22.8,41.2,0.16
22.85,41.2,0.16
22.9,41.2,0.16
22.95,41.2,0.16
23.0,41.2,0.16
23.05,41.2,0.16
23.1,41.2,0.16
23.15,41.2,0.16
23.2,41.2,0.16
23.25,41.2,0.16
23.3,41.2,0.16
23.35,41.2,0.16
23.4,41.2,0.16
23.45,41.2,0.16
23.5,41.2,0.16
23.55,41.2,0.16
23.6,41.2,0.16
23.65,41.2,0.16
23.7,41.2,0.16
23.75,41.2,0.16
23.8,41.2,0.16
23.85,41.2,0.16
23.9,41.2,0.16
23.95,41.2,0.16
24.0,41.2,0.16
24.05,41.2,0.16
24.1,41.2,0.16
24.15,41.2,0.16
24.2,41.2,0.16
24.25,41.2,0.16
24.3,41.2,0.16
24.35,41.2,0.16
24.4,41.2,0.16
24.45,41.2,0.16
24.5,41.2,0.16
24.55,41.2,0.16
24.6,41.2,0.16
24.65,41.2,0.16
24.7,41.2,0.16
24.75,41.2,0.16
24.8,41.2,0.16
24.85,41.2,0.16
24.9,41.2,0.16
24.95,41.2,0.16
25.0,41.2,0.16
25.05,41.2,0.16
25.1,41.2,0.16
25.15,41.2,0.16
25.2,41.2,0.16
25.25,41.2,0.16
25.3,41.2,0.16
25.35,41.2,0.16
25.4,41.2,0.16
25.45,41.2,0.16
25.5,41.2,0.16
25.55,41.2,0.16
25.6,41.2,0.16
25.65,41.2,0.16
25.7,41.2,0.16
25.75,41.2,0.16
25.8,41.2,0.16
25.85,41.2,0.16
25.9,41.2,0.16
25.95,41.2,0.16
26.0,41.2,0.16
26.05,41.2,0.16
26.1,41.2,0.16
26.15,41.2,0.16
26.2,41.2,0.16
26.25,41.2,0.16
26.3,41.2,0.16
26.35,41.2,0.16
26.4,41.2,0.16
26.45,41.2,0.16
26.5,41.2,0.05
26.55,41.2,0.05
26.6,41.2,0.05
26.65,41.2,0.05
26.7,41.2,0.05
26.75,41.2,0.05
26.8,41.2,0.05
26.85,41.2,0.05
26.9,41.2,0.05
26.95,41.2,0.05
27.0,41.2,0.05
27.05,41.2,0.05
27.1,41.2,0.05
27.15,41.2,0.05
27.2,41.2,0.05
27.25,41.2,0.05
27.3,41.2,0.05
27.35,41.2,0.05
27.4,41.2,0.05
27.45,41.2,0.05
27.5,41.2,0.05
27.55,41.2,0.05
27.6,41.2,0.05
27.65,41.2,0.05
27.7,41.2,0.05
27.75,41.2,0.05
27.8,41.2,0.05
27.85,41.2,0.05
27.9,41.2,0.05
27.95,41.2,0.05
28.0,41.2,0.05
28.05,41.2,0.05
28.1,41.2,0.05
28.15,41.2,0.05
28.2,41.2,0.05
28.25,41.2,0.05
28.3,41.2,0.05
28.35,41.2,0.05
28.4,41.2,0.05
28.45,41.2,0.05
28.5,41.2,0.05
28.55,41.2,0.05
28.6,41.2,0.05
28.65,41.2,0.05
28.7,41.2,0.05
28.75,41.2,0.05
28.8,41.2,0.05
28.85,41.2,0.05
28.9,41.2,0.05
28.95,41.2,0.05
29.0,41.2,0.05
29.05,41.2,0.05
29.1,41.2,0.05
29.15,41.2,0.05
29.2,41.2,0.05
29.25,41.2,0.05
29.3,41.2,0.05
29.35,41.2,0.05
29.4,41.2,0.05
29.45,41.2,0.05
29.5,41.2,0.05
19.0,41.25,0.05
19.05,41.25,0.05
19.1,41.25,0.05
19.15,41.25,0.05
19.2,41.25,0.05
19.25,41.25,0.05
19.3,41.25,0.05
19.35,41.25,0.05
19.4,41.25,0.05
19.45,41.25,0.05
19.5,41.25,0.05
19.55,41.25,0.05
19.6,41.25,0.05
19.65,41.25,0.05
19.7,41.25,0.05
19.75,41.25,0.05
19.8,41.25,0.05
19.85,41.25,0.05
19.9,41.25,0.05
19.95,41.25,0.05
20.0,41.25,0.05
20.05,41.25,0.05
20.1,41.25,0.05
20.15,41.25,0.05
20.2,41.25,0.05
20.25,41.25,0.05
20.3,41.25,0.05
20.35,41.25,0.05
20.4,41.25,0.05
20.45,41.25,0.05
20.5,41.25,0.05
20.55,41.25,0.05
20.6,41.25,0.05
20.65,41.25,0.05
20.7,41.25,0.05
20.75,41.25,0.05
20.8,41.25,0.05
20.85,41.25,0.05
20.9,41.25,0.05
20.95,41.25,0.05
21.0,41.25,0.16
21.05,41.25,0.16
21.1,41.25,0.16
21.15,41.25,0.16
21.2,41.25,0.16
21.25,41.25,0.16
21.3,41.25,0.16
21.35,41.25,0.16
21.4,41.25,0.16
21.45,41.25,0.16
21.5,41.25,0.16
21.55,41.25,0.16
21.6,41.25,0.16
21.65,41.25,0.16
21.7,41.25,0.16
21.75,41.25,0.16
21.8,41.25,0.16
21.85,41.25,0.16
21.9,41.25,0.16
21.95,41.25,0.16
22.0,41.25,0.16
22.05,41.25,0.16
22.1,41.25,0.16
22.15,41.25,0.16
22.2,41.25,0.16
22.25,41.25,0.16
22.3,41.25,0.16
22.35,41.25,0.16
22.4,41.25,0.16
22.45,41.25,0.16
22.5,41.25,0.16
22.55,41.25,0.16
22.6,41.25,0.16
22.65,41.25,0.16
22.7,41.25,0.16
22.75,41.25,0.16
22.8,41.25,0.16
22.85,41.25,0.16
22.9,41.25,0.16
22.95,41.25,0.16
23.0,41.25,0.16
23.05,41.25,0.16
23.1,41.25,0.16
23.15,41.25,0.16
23.2,41.25,0.16
23.25,41.25,0.16
23.3,41.25,0.16
23.35,41.25,0.16
23.4,41.25,0.16
23.45,41.25,0.16
23.5,41.25,0.16
23.55,41.25,0.16
23.6,41.25,0.16
23.65,41.25,0.16
23.7,41.25,0.16
23.75,41.25,0.16
23.8,41.25,0.16
23.85,41.25,0.16
23.9,41.25,0.16
23.95,41.25,0.16
24.0,41.25,0.16
24.05,41.25,0.16
24.1,41.25,0.16
24.15,41.25,0.16
24.2,41.25,0.16
24.25,41.25,0.16
24.3,41.25,0.16
24.35,41.25,0.16
24.4,41.25,0.16
24.45,41.25,0.16
24.5,41.25,0.16
24.55,41.25,0.16
24.6,41.25,0.16
24.65,41.25,0.16
24.7,41.25,0.16
24.75,41.25,0.16
24.8,41.25,0.16
24.85,41.25,0.16
24.9,41.25,0.16
24.95,41.25,0.16
25.0,41.25,0.16
25.05,41.25,0.16
25.1,41.25,0.16
25.15,41.25,0.16
25.2,41.25,0.16
25.25,41.25,0.16
25.3,41.25,0.16
25.35,41.25,0.16
25.4,41.25,0.16
25.45,41.25,0.16
25.5,41.25,0.16
25.55,41.25,0.16
25.6,41.25,0.16
25.65,41.25,0.16
25.7,41.25,0.16
25.75,41.25,0.16
25.8,41.25,0.16
25.85,41.25,0.16
25.9,41.25,0.16
25.95,41.25,0.16
26.0,41.25,0.16
26.05,41.25,0.16
26.1,41.25,0.16
26.15,41.25,0.16
26.2,41.25,0.16
26.25,41.25,0.16
26.3,41.25,0.16
26.35,41.25,0.16
26.4,41.25,0.16
26.45,41.25,0.16
26.5,41.25,0.05
26.55,41.25,0.05
26.6,41.25,0.05
26.65,41.25,0.05
26.7,41.25,0.05
26.75,41.25,0.05
26.8,41.25,0.05
26.85,41.25,0.05
26.9,41.25,0.05
26.95,41.25,0.05
27.0,41.25,0.05
27.05,41.25,0.05
27.1,41.25,0.05
27.15,41.25,0.05
27.2,41.25,0.05
27.25,41.25,0.05
27.3,41.25,0.05
27.35,41.25,0.05
27.4,41.25,0.05
27.45,41.25,0.05
27.5,41.25,0.05
27.55,41.25,0.05
27.6,41.25,0.05
27.65,41.25,0.05
27.7,41.25,0.05
27.75,41.25,0.05
27.8,41.25,0.05
27.85,41.25,0.05
27.9,41.25,0.05
27.95,41.25,0.05
28.0,41.25,0.05
28.05,41.25,0.05
28.1,41.25,0.05
28.15,41.25,0.05
28.2,41.25,0.05
28.25,41.25,0.05
28.3,41.25,0.05
28.35,41.25,0.05
28.4,41.25,0.05
28.45,41.25,0.05
28.5,41.25,0.05
28.55,41.25,0.05
28.6,41.25,0.05
28.65,41.25,0.05
28.7,41.25,0.05
28.75,41.25,0.05
28.8,41.25,0.05
28.85,41.25,0.05
28.9,41.25,0.05
28.95,41.25,0.05
29.0,41.25,0.05
29.05,41.25,0.05
29.1,41.25,0.05
29.15,41.25,0.05
29.2,41.25,0.05
29.25,41.25,0.05
29.3,41.25,0.05
29.35,41.25,0.05
29.4,41.25,0.05
29.45,41.25,0.05
29.5,41.25,0.05
19.0,41.3,0.05
19.05,41.3,0.05
19.1,41.3,0.05
19.15,41.3,0.05
19.2,41.3,0.05
19.25,41.3,0.05
19.3,41.3,0.05
19.35,41.3,0.05
19.4,41.3,0.05
19.45,41.3,0.05
19.5,41.3,0.05
19.55,41.3,0.05
19.6,41.3,0.05
19.65,41.3,0.05
19.7,41.3,0.05
19.75,41.3,0.05
19.8,41.3,0.05
19.85,41.3,0.05
19.9,41.3,0.05
19.95,41.3,0.05
20.0,41.3,0.05
20.05,41.3,0.05
20.1,41.3,0.05
20.15,41.3,0.05
20.2,41.3,0.05
20.25,41.3,0.05
20.3,41.3,0.05
20.35,41.3,0.05
20.4,41.3,0.05
20.45,41.3,0.05
20.5,41.3,0.05
20.55,41.3,0.05
20.6,41.3,0.05
20.65,41.3,0.05
20.7,41.3,0.05
20.75,41.3,0.05
20.8,41.3,0.05
20.85,41.3,0.05
20.9,41.3,0.05
20.95,41.3,0.05
21.0,41.3,0.16
21.05,41.3,0.16
21.1,41.3,0.16
21.15,41.3,0.16
21.2,41.3,0.16
21.25,41.3,0.16
21.3,41.3,0.16
21.35,41.3,0.16
21.4,41.3,0.16
21.45,41.3,0.16
21.5,41.3,0.16
21.55,41.3,0.16
21.6,41.3,0.16
21.65,41.3,0.16
21.7,41.3,0.16
21.75,41.3,0.16
21.8,41.3,0.16
21.85,41.3,0.16
21.9,41.3,0.16
21.95,41.3,0.16
22.0,41.3,0.16
22.05,41.3,0.16
22.1,41.3,0.16
22.15,41.3,0.16
22.2,41.3,0.16
22.25,41.3,0.16
22.3,41.3,0.16
22.35,41.3,0.16
22.4,41.3,0.16
22.45,41.3,0.16
22.5,41.3,0.16
22.55,41.3,0.16
22.6,41.3,0.16
22.65,41.3,0.16
22.7,41.3,0.16
22.75,41.3,0.16
22.8,41.3,0.16
22.85,41.3,0.16
22.9,41.3,0.16
22.95,41.3,0.16
23.0,41.3,0.16
23.05,41.3,0.16
23.1,41.3,0.16
23.15,41.3,0.16
23.2,41.3,0.16
23.25,41.3,0.16
23.3,41.3,0.16
23.35,41.3,0.16
23.4,41.3,0.16
23.45,41.3,0.16
23.5,41.3,0.16
23.55,41.3,0.16
23.6,41.3,0.16
23.65,41.3,0.16
23.7,41.3,0.16
23.75,41.3,0.16
23.8,41.3,0.16
23.85,41.3,0.16
23.9,41.3,0.16
23.95,41.3,0.16
24.0,41.3,0.16
24.05,41.3,0.16
24.1,41.3,0.16
24.15,41.3,0.16
24.2,41.3,0.16
24.25,41.3,0.16
24.3,41.3,0.16
24.35,41.3,0.16
24.4,41.3,0.16
24.45,41.3,0.16
24.5,41.3,0.16
24.55,41.3,0.16
24.6,41.3,0.16
24.65,41.3,0.16
24.7,41.3,0.16
24.75,41.3,0.16
24.8,41.3,0.16
24.85,41.3,0.16
24.9,41.3,0.16
24.95,41.3,0.16
25.0,41.3,0.16
25.05,41.3,0.16
25.1,41.3,0.16
25.15,41.3,0.16
25.2,41.3,0.16
25.25,41.3,0.16
25.3,41.3,0.16
25.35,41.3,0.16
25.4,41.3,0.16
25.45,41.3,0.16
25.5,41.3,0.16
25.55,41.3,0.16
25.6,41.3,0.16
25.65,41.3,0.16
25.7,41.3,0.16
25.75,41.3,0.16
25.8,41.3,0.16
25.85,41.3,0.16
25.9,41.3,0.16
25.95,41.3,0.16
26.0,41.3,0.16
26.05,41.3,0.16
26.1,41.3,0.16
26.15,41.3,0.16
26.2,41.3,0.16
26.25,41.3,0.16
26.3,41.3,0.16
26.35,41.3,0.16
26.4,41.3,0.16
26.45,41.3,0.16
26.5,41.3,0.05
26.55,41.3,0.05
26.6,41.3,0.05
26.65,41.3,0.05
26.7,41.3,0.05
26.75,41.3,0.05
26.8,41.3,0.05
26.85,41.3,0.05
26.9,41.3,0.05
26.95,41.3,0.05
27.0,41.3,0.05
27.05,41.3,0.05
27.1,41.3,0.05
27.15,41.3,0.05
27.2,41.3,0.05
27.25,41.3,0.05
27.3,41.3,0.05
27.35,41.3,0.05
27.4,41.3,0.05
27.45,41.3,0.05
27.5,41.3,0.05
27.55,41.3,0.05
27.6,41.3,0.05
27.65,41.3,0.05
27.7,41.3,0.05
27.75,41.3,0.05
27.8,41.3,0.05
27.85,41.3,0.05
27.9,41.3,0.05
27.95,41.3,0.05
28.0,41.3,0.05
28.05,41.3,0.05
28.1,41.3,0.05
28.15,41.3,0.05
28.2,41.3,0.05
28.25,41.3,0.05
28.3,41.3,0.05
28.35,41.3,0.05
28.4,41.3,0.05
28.45,41.3,0.05
28.5,41.3,0.05
28.55,41.3,0.05
28.6,41.3,0.05
28.65,41.3,0.05
28.7,41.3,0.05
28.75,41.3,0.05
28.8,41.3,0.05
28.85,41.3,0.05
28.9,41.3,0.05
28.95,41.3,0.05
29.0,41.3,0.05
29.05,41.3,0.05
29.1,41.3,0.05
29.15,41.3,0.05
29.2,41.3,0.05
29.25,41.3,0.05
29.3,41.3,0.05
29.35,41.3,0.05
29.4,41.3,0.05
29.45,41.3,0.05
29.5,41.3,0.05
19.0,41.35,0.05
19.05,41.35,0.05
19.1,41.35,0.05
19.15,41.35,0.05
19.2,41.35,0.05
19.25,41.35,0.05
19.3,41.35,0.05
19.35,41.35,0.05
19.4,41.35,0.05
19.45,41.35,0.05
19.5,41.35,0.05
19.55,41.35,0.05
19.6,41.35,0.05
19.65,41.35,0.05
19.7,41.35,0.05
19.75,41.35,0.05
19.8,41.35,0.05
19.85,41.35,0.05
19.9,41.35,0.05
19.95,41.35,0.05
20.0,41.35,0.05
20.05,41.35,0.05
20.1,41.35,0.05
20.15,41.35,0.05
20.2,41.35,0.05
20.25,41.35,0.05
20.3,41.35,0.05
20.35,41.35,0.05
20.4,41.35,0.05
20.45,41.35,0.05
20.5,41.35,0.05
20.55,41.35,0.05
20.6,41.35,0.05
20.65,41.35,0.05
20.7,41.35,0.05
20.75,41.35,0.05
20.8,41.35,0.05
20.85,41.35,0.05
20.9,41.35,0.05
20.95,41.35,0.05
21.0,41.35,0.16
21.05,41.35,0.16
21.1,41.35,0.16
21.15,41.35,0.16
21.2,41.35,0.16
21.25,41.35,0.16
21.3,41.35,0.16
21.35,41.35,0.16
21.4,41.35,0.16
21.45,41.35,0.16
21.5,41.35,0.16
21.55,41.35,0.16
21.6,41.35,0.16
21.65,41.35,0.16
21.7,41.35,0.16
21.75,41.35,0.16
21.8,41.35,0.16
21.85,41.35,0.16
21.9,41.35,0.16
21.95,41.35,0.16
22.0,41.35,0.16
22.05,41.35,0.16
22.1,41.35,0.16
22.15,41.35,0.16
22.2,41.35,0.16
22.25,41.35,0.16
22.3,41.35,0.16
22.35,41.35,0.16
22.4,41.35,0.16
22.45,41.35,0.16
22.5,41.35,0.16
22.55,41.35,0.16
22.6,41.35,0.16
22.65,41.35,0.16
22.7,41.35,0.16
22.75,41.35,0.16
22.8,41.35,0.16
22.85,41.35,0.16
22.9,41.35,0.16
22.95,41.35,0.16
23.0,41.35,0.16
23.05,41.35,0.16
23.1,41.35,0.16
23.15,41.35,0.16
23.2,41.35,0.16
23.25,41.35,0.16
23.3,41.35,0.16
23.35,41.35,0.16
23.4,41.35,0.16
23.45,41.35,0.16
23.5,41.35,0.16
23.55,41.35,0.16
23.6,41.35,0.16
23.65,41.35,0.16
23.7,41.35,0.16
23.75,41.35,0.16
23.8,41.35,0.16
23.85,41.35,0.16
23.9,41.35,0.16
23.95,41.35,0.16
24.0,41.35,0.16
24.05,41.35,0.16
24.1,41.35,0.16
24.15,41.35,0.16
24.2,41.35,0.16
24.25,41.35,0.16
24.3,41.35,0.16
24.35,41.35,0.16
24.4,41.35,0.16
24.45,41.35,0.16
24.5,41.35,0.16
24.55,41.35,0.16
24.6,41.35,0.16
24.65,41.35,0.16
24.7,41.35,0.16
24.75,41.35,0.16
24.8,41.35,0.16
24.85,41.35,0.16
24.9,41.35,0.16
24.95,41.35,0.16
25.0,41.35,0.16
25.05,41.35,0.16
25.1,41.35,0.16
25.15,41.35,0.16
25.2,41.35,0.16
25.25,41.35,0.16
25.3,41.35,0.16
25.35,41.35,0.16
25.4,41.35,0.16
25.45,41.35,0.16
25.5,41.35,0.16
25.55,41.35,0.16
25.6,41.35,0.16
25.65,41.35,0.16
25.7,41.35,0.16
25.75,41.35,0.16
25.8,41.35,0.16
25.85,41.35,0.16
25.9,41.35,0.16
25.95,41.35,0.16
26.0,41.35,0.16
26.05,41.35,0.16
26.1,41.35,0.16
26.15,41.35,0.16
26.2,41.35,0.16
26.25,41.35,0.16
26.3,41.35,0.16
26.35,41.35,0.16
26.4,41.35,0.16
26.45,41.35,0.16
26.5,41.35,0.05
26.55,41.35,0.05
26.6,41.35,0.05
26.65,41.35,0.05
26.7,41.35,0.05
26.75,41.35,0.05
26.8,41.35,0.05
26.85,41.35,0.05
26.9,41.35,0.05
26.95,41.35,0.05
27.0,41.35,0.05
27.05,41.35,0.05
27.1,41.35,0.05
27.15,41.35,0.05
27.2,41.35,0.05
27.25,41.35,0.05
27.3,41.35,0.05
27.35,41.35,0.05
27.4,41.35,0.05
27.45,41.35,0.05
27.5,41.35,0.05
27.55,41.35,0.05
27.6,41.35,0.05
27.65,41.35,0.05
27.7,41.35,0.05
27.75,41.35,0.05
27.8,41.35,0.05
27.85,41.35,0.05
27.9,41.35,0.05
27.95,41.35,0.05
28.0,41.35,0.05
28.05,41.35,0.05
28.1,41.35,0.05
28.15,41.35,0.05
28.2,41.35,0.05
28.25,41.35,0.05
28.3,41.35,0.05
28.35,41.35,0.05
28.4,41.35,0.05
28.45,41.35,0.05
28.5,41.35,0.05
28.55,41.35,0.05
28.6,41.35,0.05
28.65,41.35,0.05
28.7,41.35,0.05
28.75,41.35,0.05
28.8,41.35,0.05
28.85,41.35,0.05
28.9,41.35,0.05
28.95,41.35,0.05
29.0,41.35,0.05
29.05,41.35,0.05
29.1,41.35,0.05
29.15,41.35,0.05
29.2,41.35,0.05
29.25,41.35,0.05
29.3,41.35,0.05
29.35,41.35,0.05
29.4,41.35,0.05
29.45,41.35,0.05
29.5,41.35,0.05
19.0,41.4,0.05
19.05,41.4,0.05
19.1,41.4,0.05
19.15,41.4,0.05
19.2,41.4,0.05
19.25,41.4,0.05
19.3,41.4,0.05
19.35,41.4,0.05
19.4,41.4,0.05
19.45,41.4,0.05
19.5,41.4,0.05
19.55,41.4,0.05
19.6,41.4,0.05
19.65,41.4,0.05
19.7,41.4,0.05
19.75,41.4,0.05
19.8,41.4,0.05
19.85,41.4,0.05
19.9,41.4,0.05
19.95,41.4,0.05
20.0,41.4,0.05
20.05,41.4,0.05
20.1,41.4,0.05
20.15,41.4,0.05
20.2,41.4,0.05
20.25,41.4,0.05
20.3,41.4,0.05
20.35,41.4,0.05
20.4,41.4,0.05
20.45,41.4,0.05
20.5,41.4,0.05
20.55,41.4,0.05
20.6,41.4,0.05
20.65,41.4,0.05
20.7,41.4,0.05
20.75,41.4,0.05
20.8,41.4,0.05
20.85,41.4,0.05
20.9,41.4,0.05
20.95,41.4,0.05
21.0,41.4,0.16
21.05,41.4,0.16
21.1,41.4,0.16
21.15,41.4,0.16
21.2,41.4,0.16
21.25,41.4,0.16
21.3,41.4,0.16
21.35,41.4,0.16
21.4,41.4,0.16
21.45,41.4,0.16
21.5,41.4,0.16
21.55,41.4,0.16
21.6,41.4,0.16
21.65,41.4,0.16
21.7,41.4,0.16
21.75,41.4,0.16
21.8,41.4,0.16
21.85,41.4,0.16
21.9,41.4,0.16
21.95,41.4,0.16
22.0,41.4,0.16
22.05,41.4,0.16
22.1,41.4,0.16
22.15,41.4,0.16
22.2,41.4,0.16
22.25,41.4,0.16
22.3,41.4,0.16
22.35,41.4,0.16
22.4,41.4,0.16
22.45,41.4,0.16
22.5,41.4,0.16
22.55,41.4,0.16
22.6,41.4,0.16
22.65,41.4,0.16
22.7,41.4,0.16
22.75,41.4,0.16
22.8,41.4,0.16
22.85,41.4,0.16
22.9,41.4,0.16
22.95,41.4,0.16
23.0,41.4,0.16
23.05,41.4,0.16
23.1,41.4,0.16
23.15,41.4,0.16
23.2,41.4,0.16
23.25,41.4,0.16
23.3,41.4,0.16
23.35,41.4,0.16
23.4,41.4,0.16
23.45,41.4,0.16
23.5,41.4,0.16
23.55,41.4,0.16
23.6,41.4,0.16
23.65,41.4,0.16
23.7,41.4,0.16
23.75,41.4,0.16
23.8,41.4,0.16
23.85,41.4,0.16
23.9,41.4,0.16
23.95,41.4,0.16
24.0,41.4,0.16
24.05,41.4,0.16
24.1,41.4,0.16
24.15,41.4,0.16
24.2,41.4,0.16
24.25,41.4,0.16
24.3,41.4,0.16
24.35,41.4,0.16
24.4,41.4,0.16
24.45,41.4,0.16
24.5,41.4,0.16
24.55,41.4,0.16
24.6,41.4,0.16
24.65,41.4,0.16
24.7,41.4,0.16
24.75,41.4,0.16
24.8,41.4,0.16
24.85,41.4,0.16
24.9,41.4,0.16
24.95,41.4,0.16
25.0,41.4,0.16
25.05,41.4,0.16
25.1,41.4,0.16
25.15,41.4,0.16
25.2,41.4,0.16
25.25,41.4,0.16
25.3,41.4,0.16
25.35,41.4,0.16
25.4,41.4,0.16
25.45,41.4,0.16
25.5,41.4,0.16
25.55,41.4,0.16
25.6,41.4,0.16
25.65,41.4,0.16
25.7,41.4,0.16
25.75,41.4,0.16
25.8,41.4,0.16
25.85,41.4,0.16
25.9,41.4,0.16
25.95,41.4,0.16
26.0,41.4,0.16
26.05,41.4,0.16
26.1,41.4,0.16
26.15,41.4,0.16
26.2,41.4,0.16
26.25,41.4,0.16
26.3,41.4,0.16
26.35,41.4,0.16
26.4,41.4,0.16
26.45,41.4,0.16
26.5,41.4,0.05
26.55,41.4,0.05
26.6,41.4,0.05
26.65,41.4,0.05
26.7,41.4,0.05
26.75,41.4,0.05
26.8,41.4,0.05
26.85,41.4,0.05
26.9,41.4,0.05
26.95,41.4,0.05
27.0,41.4,0.05
27.05,41.4,0.05
27.1,41.4,0.05
27.15,41.4,0.05
27.2,41.4,0.05
27.25,41.4,0.05
27.3,41.4,0.05
27.35,41.4,0.05
27.4,41.4,0.05
27.45,41.4,0.05
27.5,41.4,0.05
27.55,41.4,0.05
27.6,41.4,0.05
27.65,41.4,0.05
27.7,41.4,0.05
27.75,41.4,0.05
27.8,41.4,0.05
27.85,41.4,0.05
27.9,41.4,0.05
27.95,41.4,0.05
28.0,41.4,0.05
28.05,41.4,0.05
28.1,41.4,0.05
28.15,41.4,0.05
28.2,41.4,0.05
28.25,41.4,0.05
28.3,41.4,0.05
28.35,41.4,0.05
28.4,41.4,0.05
28.45,41.4,0.05
28.5,41.4,0.05
28.55,41.4,0.05
28.6,41.4,0.05
28.65,41.4,0.05
28.7,41.4,0.05
28.75,41.4,0.05
28.8,41.4,0.05
28.85,41.4,0.05
28.9,41.4,0.05
28.95,41.4,0.05
29.0,41.4,0.05
29.05,41.4,0.05
29.1,41.4,0.05
29.15,41.4,0.05
29.2,41.4,0.05
29.25,41.4,0.05
29.3,41.4,0.05
29.35,41.4,0.05
29.4,41.4,0.05
29.45,41.4,0.05
29.5,41.4,0.05
19.0,41.45,0.05
19.05,41.45,0.05
19.1,41.45,0.05
19.15,41.45,0.05
19.2,41.45,0.05
19.25,41.45,0.05
19.3,41.45,0.05
19.35,41.45,0.05
19.4,41.45,0.05
19.45,41.45,0.05
19.5,41.45,0.05
19.55,41.45,0.05
19.6,41.45,0.05
19.65,41.45,0.05
19.7,41.45,0.05
19.75,41.45,0.05
19.8,41.45,0.05
19.85,41.45,0.05
19.9,41.45,0.05
19.95,41.45,0.05
20.0,41.45,0.05
20.05,41.45,0.05
20.1,41.45,0.05
20.15,41.45,0.05
20.2,41.45,0.05
20.25,41.45,0.05
20.3,41.45,0.05
20.35,41.45,0.05
20.4,41.45,0.05
20.45,41.45,0.05
20.5,41.45,0.05
20.55,41.45,0.05
20.6,41.45,0.05
20.65,41.45,0.05
20.7,41.45,0.05
20.75,41.45,0.05
20.8,41.45,0.05
20.85,41.45,0.05
20.9,41.45,0.05
20.95,41.45,0.05
21.0,41.45,0.16
21.05,41.45,0.16
21.1,41.45,0.16
21.15,41.45,0.16
21.2,41.45,0.16
21.25,41.45,0.16
21.3,41.45,0.16
21.35,41.45,0.16
21.4,41.45,0.16
21.45,41.45,0.16
21.5,41.45,0.16
21.55,41.45,0.16
21.6,41.45,0.16
21.65,41.45,0.16
21.7,41.45,0.16
21.75,41.45,0.16
21.8,41.45,0.16
21.85,41.45,0.16
21.9,41.45,0.16
21.95,41.45,0.16
22.0,41.45,0.16
22.05,41.45,0.16
22.1,41.45,0.16
22.15,41.45,0.16
22.2,41.45,0.16
22.25,41.45,0.16
22.3,41.45,0.16
22.35,41.45,0.16
22.4,41.45,0.16
22.45,41.45,0.16
22.5,41.45,0.16
22.55,41.45,0.16
22.6,41.45,0.16
22.65,41.45,0.16
22.7,41.45,0.16
22.75,41.45,0.16
22.8,41.45,0.16
22.85,41.45,0.16
22.9,41.45,0.16
22.95,41.45,0.16
23.0,41.45,0.16
23.05,41.45,0.16
23.1,41.45,0.16
23.15,41.45,0.16
23.2,41.45,0.16
23.25,41.45,0.16
23.3,41.45,0.16
23.35,41.45,0.16
23.4,41.45,0.16
23.45,41.45,0.16
23.5,41.45,0.16
23.55,41.45,0.16
23.6,41.45,0.16
23.65,41.45,0.16
23.7,41.45,0.16
23.75,41.45,0.16
23.8,41.45,0.16
23.85,41.45,0.16
23.9,41.45,0.16
23.95,41.45,0.16
24.0,41.45,0.16
24.05,41.45,0.16
24.1,41.45,0.16
24.15,41.45,0.16
24.2,41.45,0.16
24.25,41.45,0.16
24.3,41.45,0.16
24.35,41.45,0.16
24.4,41.45,0.16
24.45,41.45,0.16
24.5,41.45,0.16
24.55,41.45,0.16
24.6,41.45,0.16
24.65,41.45,0.16
24.7,41.45,0.16
24.75,41.45,0.16
24.8,41.45,0.16
24.85,41.45,0.16
24.9,41.45,0.16
24.95,41.45,0.16
25.0,41.45,0.16
25.05,41.45,0.16
25.1,41.45,0.16
25.15,41.45,0.16
25.2,41.45,0.16
25.25,41.45,0.16
25.3,41.45,0.16
25.35,41.45,0.16
25.4,41.45,0.16
25.45,41.45,0.16
25.5,41.45,0.16
25.55,41.45,0.16
25.6,41.45,0.16
25.65,41.45,0.16
25.7,41.45,0.16
25.75,41.45,0.16
25.8,41.45,0.16
25.85,41.45,0.16
25.9,41.45,0.16
25.95,41.45,0.16
26.0,41.45,0.16
26.05,41.45,0.16
26.1,41.45,0.16
26.15,41.45,0.16
26.2,41.45,0.16
26.25,41.45,0.16
26.3,41.45,0.16
26.35,41.45,0.16
26.4,41.45,0.16
26.45,41.45,0.16
26.5,41.45,0.05
26.55,41.45,0.05
26.6,41.45,0.05
26.65,41.45,0.05
26.7,41.45,0.05
26.75,41.45,0.05
26.8,41.45,0.05
26.85,41.45,0.05
26.9,41.45,0.05
26.95,41.45,0.05
27.0,41.45,0.05
27.05,41.45,0.05
27.1,41.45,0.05
27.15,41.45,0.05
27.2,41.45,0.05
27.25,41.45,0.05
27.3,41.45,0.05
27.35,41.45,0.05
27.4,41.45,0.05
27.45,41.45,0.05
27.5,41.45,0.05
27.55,41.45,0.05
27.6,41.45,0.05
27.65,41.45,0.05
27.7,41.45,0.05
27.75,41.45,0.05
27.8,41.45,0.05
27.85,41.45,0.05
27.9,41.45,0.05
27.95,41.45,0.05
28.0,41.45,0.05
28.05,41.45,0.05
28.1,41.45,0.05
28.15,41.45,0.05
28.2,41.45,0.05
28.25,41.45,0.05
28.3,41.45,0.05
28.35,41.45,0.05
28.4,41.45,0.05
28.45,41.45,0.05
28.5,41.45,0.05
28.55,41.45,0.05
28.6,41.45,0.05
28.65,41.45,0.05
28.7,41.45,0.05
28.75,41.45,0.05
28.8,41.45,0.05
28.85,41.45,0.05
28.9,41.45,0.05
28.95,41.45,0.05
29.0,41.45,0.05
29.05,41.45,0.05
29.1,41.45,0.05
29.15,41.45,0.05
29.2,41.45,0.05
29.25,41.45,0.05
29.3,41.45,0.05
29.35,41.45,0.05
29.4,41.45,0.05
29.45,41.45,0.05
29.5,41.45,0.05
19.0,41.5,0.05
19.05,41.5,0.05
19.1,41.5,0.05
19.15,41.5,0.05
19.2,41.5,0.05
19.25,41.5,0.05
19.3,41.5,0.05
19.35,41.5,0.05
19.4,41.5,0.05
19.45,41.5,0.05
19.5,41.5,0.05
19.55,41.5,0.05
19.6,41.5,0.05
19.65,41.5,0.05
19.7,41.5,0.05
19.75,41.5,0.05
19.8,41.5,0.05
19.85,41.5,0.05
19.9,41.5,0.05
19.95,41.5,0.05
20.0,41.5,0.05
20.05,41.5,0.05
20.1,41.5,0.05
20.15,41.5,0.05
20.2,41.5,0.05
20.25,41.5,0.05
20.3,41.5,0.05
20.35,41.5,0.05
20.4,41.5,0.05
20.45,41.5,0.05
20.5,41.5,0.05
20.55,41.5,0.05
20.6,41.5,0.05
20.65,41.5,0.05
20.7,41.5,0.05
20.75,41.5,0.05
20.8,41.5,0.05
20.85,41.5,0.05
20.9,41.5,0.05
20.95,41.5,0.05
21.0,41.5,0.16
21.05,41.5,0.16
21.1,41.5,0.16
21.15,41.5,0.16
21.2,41.5,0.16
21.25,41.5,0.16
21.3,41.5,0.16
21.35,41.5,0.16
21.4,41.5,0.16
21.45,41.5,0.16
21.5,41.5,0.16
21.55,41.5,0.16
21.6,41.5,0.16
21.65,41.5,0.16
21.7,41.5,0.16
21.75,41.5,0.16
21.8,41.5,0.16
21.85,41.5,0.16
21.9,41.5,0.16
21.95,41.5,0.16
22.0,41.5,0.16
22.05,41.5,0.16
22.1,41.5,0.16
22.15,41.5,0.16
22.2,41.5,0.16
22.25,41.5,0.16
22.3,41.5,0.16
22.35,41.5,0.16
22.4,41.5,0.16
22.45,41.5,0.16
22.5,41.5,0.16
22.55,41.5,0.16
22.6,41.5,0.16
22.65,41.5,0.16
22.7,41.5,0.16
22.75,41.5,0.16
22.8,41.5,0.16
22.85,41.5,0.16
22.9,41.5,0.16
22.95,41.5,0.16
23.0,41.5,0.16
23.05,41.5,0.16
23.1,41.5,0.16
23.15,41.5,0.16
23.2,41.5,0.16
23.25,41.5,0.16
23.3,41.5,0.16
23.35,41.5,0.16
23.4,41.5,0.16
23.45,41.5,0.16
23.5,41.5,0.16
23.55,41.5,0.16
23.6,41.5,0.16
23.65,41.5,0.16
23.7,41.5,0.16
23.75,41.5,0.16
23.8,41.5,0.16
23.85,41.5,0.16
23.9,41.5,0.16
23.95,41.5,0.16
24.0,41.5,0.16
24.05,41.5,0.16
24.1,41.5,0.16
24.15,41.5,0.16
24.2,41.5,0.16
24.25,41.5,0.16
24.3,41.5,0.16
24.35,41.5,0.16
24.4,41.5,0.16
24.45,41.5,0.16
24.5,41.5,0.16
24.55,41.5,0.16
24.6,41.5,0.16
24.65,41.5,0.16
24.7,41.5,0.16
24.75,41.5,0.16
24.8,41.5,0.16
24.85,41.5,0.16
24.9,41.5,0.16
24.95,41.5,0.16
25.0,41.5,0.16
25.05,41.5,0.16
25.1,41.5,0.16
25.15,41.5,0.16
25.2,41.5,0.16
25.25,41.5,0.16
25.3,41.5,0.16
25.35,41.5,0.16
25.4,41.5,0.16
25.45,41.5,0.16
25.5,41.5,0.16
25.55,41.5,0.16
25.6,41.5,0.16
25.65,41.5,0.16
25.7,41.5,0.16
25.75,41.5,0.16
25.8,41.5,0.16
25.85,41.5,0.16
25.9,41.5,0.16
25.95,41.5,0.16
26.0,41.5,0.16
26.05,41.5,0.16
26.1,41.5,0.16
26.15,41.5,0.16
26.2,41.5,0.16
26.25,41.5,0.16
26.3,41.5,0.16
26.35,41.5,0.16
26.4,41.5,0.16
26.45,41.5,0.16
26.5,41.5,0.05
26.55,41.5,0.05
26.6,41.5,0.05
26.65,41.5,0.05
26.7,41.5,0.05
26.75,41.5,0.05
26.8,41.5,0.05
26.85,41.5,0.05
26.9,41.5,0.05
26.95,41.5,0.05
27.0,41.5,0.05
27.05,41.5,0.05
27.1,41.5,0.05
27.15,41.5,0.05
27.2,41.5,0.05
27.25,41.5,0.05
27.3,41.5,0.05
27.35,41.5,0.05
27.4,41.5,0.05
27.45,41.5,0.05
27.5,41.5,0.05
27.55,41.5,0.05
27.6,41.5,0.05
27.65,41.5,0.05
27.7,41.5,0.05
27.75,41.5,0.05
27.8,41.5,0.05
27.85,41.5,0.05
27.9,41.5,0.05
27.95,41.5,0.05
28.0,41.5,0.05
28.05,41.5,0.05
28.1,41.5,0.05
28.15,41.5,0.05
28.2,41.5,0.05
28.25,41.5,0.05
28.3,41.5,0.05
28.35,41.5,0.05
28.4,41.5,0.05
28.45,41.5,0.05
28.5,41.5,0.05
28.55,41.5,0.05
28.6,41.5,0.05
28.65,41.5,0.05
28.7,41.5,0.05
28.75,41.5,0.05
28.8,41.5,0.05
28.85,41.5,0.05
28.9,41.5,0.05
28.95,41.5,0.05
29.0,41.5,0.05
29.05,41.5,0.05
29.1,41.5,0.05
29.15,41.5,0.05
29.2,41.5,0.05
29.25,41.5,0.05
29.3,41.5,0.05
29.35,41.5,0.05
29.4,41.5,0.05
29.45,41.5,0.05
29.5,41.5,0.05
19.0,41.55,0.05
19.05,41.55,0.05
19.1,41.55,0.05
19.15,41.55,0.05
19.2,41.55,0.05
19.25,41.55,0.05
19.3,41.55,0.05
19.35,41.55,0.05
19.4,41.55,0.05
19.45,41.55,0.05
19.5,41.55,0.05
19.55,41.55,0.05
19.6,41.55,0.05
19.65,41.55,0.05
19.7,41.55,0.05
19.75,41.55,0.05
19.8,41.55,0.05
19.85,41.55,0.05
19.9,41.55,0.05
19.95,41.55,0.05
20.0,41.55,0.05
20.05,41.55,0.05
20.1,41.55,0.05
20.15,41.55,0.05
20.2,41.55,0.05
20.25,41.55,0.05
20.3,41.55,0.05
20.35,41.55,0.05
20.4,41.55,0.05
20.45,41.55,0.05
20.5,41.55,0.05
20.55,41.55,0.05
20.6,41.55,0.05
20.65,41.55,0.05
20.7,41.55,0.05
20.75,41.55,0.05
20.8,41.55,0.05
20.85,41.55,0.05
20.9,41.55,0.05
20.95,41.55,0.05
21.0,41.55,0.16
21.05,41.55,0.16
21.1,41.55,0.16
21.15,41.55,0.16
21.2,41.55,0.16
21.25,41.55,0.16
21.3,41.55,0.16
21.35,41.55,0.16
21.4,41.55,0.16
21.45,41.55,0.16
21.5,41.55,0.16
21.55,41.55,0.16
21.6,41.55,0.16
21.65,41.55,0.16
21.7,41.55,0.16
21.75,41.55,0.16
21.8,41.55,0.16
21.85,41.55,0.16
21.9,41.55,0.16
21.95,41.55,0.16
22.0,41.55,0.16
22.05,41.55,0.16
22.1,41.55,0.16
22.15,41.55,0.16
22.2,41.55,0.16
22.25,41.55,0.16
22.3,41.55,0.16
22.35,41.55,0.16
22.4,41.55,0.16
22.45,41.55,0.16
22.5,41.55,0.16
22.55,41.55,0.16
22.6,41.55,0.16
22.65,41.55,0.16
22.7,41.55,0.16
22.75,41.55,0.16
22.8,41.55,0.16
22.85,41.55,0.16
22.9,41.55,0.16
22.95,41.55,0.16
23.0,41.55,0.16
23.05,41.55,0.16
23.1,41.55,0.16
23.15,41.55,0.16
23.2,41.55,0.16
23.25,41.55,0.16
23.3,41.55,0.16
23.35,41.55,0.16
23.4,41.55,0.16
23.45,41.55,0.16
23.5,41.55,0.16
23.55,41.55,0.16
23.6,41.55,0.16
23.65,41.55,0.16
23.7,41.55,0.16
23.75,41.55,0.16
23.8,41.55,0.16
23.85,41.55,0.16
23.9,41.55,0.16
23.95,41.55,0.16
24.0,41.55,0.16
24.05,41.55,0.16
24.1,41.55,0.16
24.15,41.55,0.16
24.2,41.55,0.16
24.25,41.55,0.16
24.3,41.55,0.16
24.35,41.55,0.16
24.4,41.55,0.16
24.45,41.55,0.16
24.5,41.55,0.16
24.55,41.55,0.16
24.6,41.55,0.16
24.65,41.55,0.16
24.7,41.55,0.16
24.75,41.55,0.16
24.8,41.55,0.16
24.85,41.55,0.16
24.9,41.55,0.16
24.95,41.55,0.16
25.0,41.55,0.16
25.05,41.55,0.16
25.1,41.55,0.16
25.15,41.55,0.16
25.2,41.55,0.16
25.25,41.55,0.16
25.3,41.55,0.16
25.35,41.55,0.16
25.4,41.55,0.16
25.45,41.55,0.16
25.5,41.55,0.16
25.55,41.55,0.16
25.6,41.55,0.16
25.65,41.55,0.16
25.7,41.55,0.16
25.75,41.55,0.16
25.8,41.55,0.16
25.85,41.55,0.16
25.9,41.55,0.16
25.95,41.55,0.16
26.0,41.55,0.16
26.05,41.55,0.16
26.1,41.55,0.16
26.15,41.55,0.16
26.2,41.55,0.16
26.25,41.55,0.16
26.3,41.55,0.16
26.35,41.55,0.16
26.4,41.55,0.16
26.45,41.55,0.16
26.5,41.55,0.05
26.55,41.55,0.05
26.6,41.55,0.05
26.65,41.55,0.05
26.7,41.55,0.05
26.75,41.55,0.05
26.8,41.55,0.05
26.85,41.55,0.05
26.9,41.55,0.05
26.95,41.55,0.05
27.0,41.55,0.05
27.05,41.55,0.05
27.1,41.55,0.05
27.15,41.55,0.05
27.2,41.55,0.05
27.25,41.55,0.05
27.3,41.55,0.05
27.35,41.55,0.05
27.4,41.55,0.05
27.45,41.55,0.05
27.5,41.55,0.05
27.55,41.55,0.05
27.6,41.55,0.05
27.65,41.55,0.05
27.7,41.55,0.05
27.75,41.55,0.05
27.8,41.55,0.05
27.85,41.55,0.05
27.9,41.55,0.05
27.95,41.55,0.05
28.0,41.55,0.05
28.05,41.55,0.05
28.1,41.55,0.05
28.15,41.55,0.05
28.2,41.55,0.05
28.25,41.55,0.05
28.3,41.55,0.05
28.35,41.55,0.05
28.4,41.55,0.05
28.45,41.55,0.05
28.5,41.55,0.05
28.55,41.55,0.05
28.6,41.55,0.05
28.65,41.55,0.05
28.7,41.55,0.05
28.75,41.55,0.05
28.8,41.55,0.05
28.85,41.55,0.05
28.9,41.55,0.05
28.95,41.55,0.05
29.0,41.55,0.05
29.05,41.55,0.05
29.1,41.55,0.05
29.15,41.55,0.05
29.2,41.55,0.05
29.25,41.55,0.05
29.3,41.55,0.05
29.35,41.55,0.05
29.4,41.55,0.05
29.45,41.55,0.05
29.5,41.55,0.05
19.0,41.6,0.05
19.05,41.6,0.05
19.1,41.6,0.05
19.15,41.6,0.05
19.2,41.6,0.05
19.25,41.6,0.05
19.3,41.6,0.05
19.35,41.6,0.05
19.4,41.6,0.05
19.45,41.6,0.05
19.5,41.6,0.05
19.55,41.6,0.05
19.6,41.6,0.05
19.65,41.6,0.05
19.7,41.6,0.05
19.75,41.6,0.05
19.8,41.6,0.05
19.85,41.6,0.05
19.9,41.6,0.05
19.95,41.6,0.05
20.0,41.6,0.05
20.05,41.6,0.05
20.1,41.6,0.05
20.15,41.6,0.05
20.2,41.6,0.05
20.25,41.6,0.05
20.3,41.6,0.05
20.35,41.6,0.05
20.4,41.6,0.05
20.45,41.6,0.05
20.5,41.6,0.05
20.55,41.6,0.05
20.6,41.6,0.05
20.65,41.6,0.05
20.7,41.6,0.05
20.75,41.6,0.05
20.8,41.6,0.05
20.85,41.6,0.05
20.9,41.6,0.05
20.95,41.6,0.05
21.0,41.6,0.16
21.05,41.6,0.16
21.1,41.6,0.16
21.15,41.6,0.16
21.2,41.6,0.16
21.25,41.6,0.16
21.3,41.6,0.16
21.35,41.6,0.16
21.4,41.6,0.16
21.45,41.6,0.16
21.5,41.6,0.16
21.55,41.6,0.16
21.6,41.6,0.16
21.65,41.6,0.16
21.7,41.6,0.16
21.75,41.6,0.16
21.8,41.6,0.16
21.85,41.6,0.16
21.9,41.6,0.16
21.95,41.6,0.16
22.0,41.6,0.16
22.05,41.6,0.16
22.1,41.6,0.16
22.15,41.6,0.16
22.2,41.6,0.16
22.25,41.6,0.16
22.3,41.6,0.16
22.35,41.6,0.16
22.4,41.6,0.16
22.45,41.6,0.16
22.5,41.6,0.16
22.55,41.6,0.16
22.6,41.6,0.16
22.65,41.6,0.16
22.7,41.6,0.16
22.75,41.6,0.16
22.8,41.6,0.16
22.85,41.6,0.16
22.9,41.6,0.16
22.95,41.6,0.16
23.0,41.6,0.16
23.05,41.6,0.16
23.1,41.6,0.16
23.15,41.6,0.16
23.2,41.6,0.16
23.25,41.6,0.16
23.3,41.6,0.16
23.35,41.6,0.16
23.4,41.6,0.16
23.45,41.6,0.16
23.5,41.6,0.16
23.55,41.6,0.16
23.6,41.6,0.16
23.65,41.6,0.16
23.7,41.6,0.16
23.75,41.6,0.16
23.8,41.6,0.16
23.85,41.6,0.16
23.9,41.6,0.16
23.95,41.6,0.16
24.0,41.6,0.16
24.05,41.6,0.16
24.1,41.6,0.16
24.15,41.6,0.16
24.2,41.6,0.16
24.25,41.6,0.16
24.3,41.6,0.16
24.35,41.6,0.16
24.4,41.6,0.16
24.45,41.6,0.16
24.5,41.6,0.16
24.55,41.6,0.16
24.6,41.6,0.16
24.65,41.6,0.16
24.7,41.6,0.16
24.75,41.6,0.16
24.8,41.6,0.16
24.85,41.6,0.16
24.9,41.6,0.16
24.95,41.6,0.16
25.0,41.6,0.16
25.05,41.6,0.16
25.1,41.6,0.16
25.15,41.6,0.16
25.2,41.6,0.16
25.25,41.6,0.16
25.3,41.6,0.16
25.35,41.6,0.16
25.4,41.6,0.16
25.45,41.6,0.16
25.5,41.6,0.16
25.55,41.6,0.16
25.6,41.6,0.16
25.65,41.6,0.16
25.7,41.6,0.16
25.75,41.6,0.16
25.8,41.6,0.16
25.85,41.6,0.16
25.9,41.6,0.16
25.95,41.6,0.16
26.0,41.6,0.16
26.05,41.6,0.16
26.1,41.6,0.16
26.15,41.6,0.16
26.2,41.6,0.16
26.25,41.6,0.16
26.3,41.6,0.16
26.35,41.6,0.16
26.4,41.6,0.16
26.45,41.6,0.16
26.5,41.6,0.05
26.55,41.6,0.05
26.6,41.6,0.05
26.65,41.6,0.05
26.7,41.6,0.05
26.75,41.6,0.05
26.8,41.6,0.05
26.85,41.6,0.05
26.9,41.6,0.05
26.95,41.6,0.05
27.0,41.6,0.05
27.05,41.6,0.05
27.1,41.6,0.05
27.15,41.6,0.05
27.2,41.6,0.05
27.25,41.6,0.05
27.3,41.6,0.05
27.35,41.6,0.05
27.4,41.6,0.05
27.45,41.6,0.05
27.5,41.6,0.05
27.55,41.6,0.05
27.6,41.6,0.05
27.65,41.6,0.05
27.7,41.6,0.05
27.75,41.6,0.05
27.8,41.6,0.05
27.85,41.6,0.05
27.9,41.6,0.05
27.95,41.6,0.05
28.0,41.6,0.05
28.05,41.6,0.05
28.1,41.6,0.05
28.15,41.6,0.05
28.2,41.6,0.05
28.25,41.6,0.05
28.3,41.6,0.05
28.35,41.6,0.05
28.4,41.6,0.05
28.45,41.6,0.05
28.5,41.6,0.05
28.55,41.6,0.05
28.6,41.6,0.05
28.65,41.6,0.05
28.7,41.6,0.05
28.75,41.6,0.05
28.8,41.6,0.05
28.85,41.6,0.05
28.9,41.6,0.05
28.95,41.6,0.05
29.0,41.6,0.05
29.05,41.6,0.05
29.1,41.6,0.05
29.15,41.6,0.05
29.2,41.6,0.05
29.25,41.6,0.05
29.3,41.6,0.05
29.35,41.6,0.05
29.4,41.6,0.05
29.45,41.6,0.05
29.5,41.6,0.05
19.0,41.65,0.05
19.05,41.65,0.05
19.1,41.65,0.05
19.15,41.65,0.05
19.2,41.65,0.05
19.25,41.65,0.05
19.3,41.65,0.05
19.35,41.65,0.05
19.4,41.65,0.05
19.45,41.65,0.05
19.5,41.65,0.05
19.55,41.65,0.05
19.6,41.65,0.05
19.65,41.65,0.05
19.7,41.65,0.05
19.75,41.65,0.05
19.8,41.65,0.05
19.85,41.65,0.05
19.9,41.65,0.05
19.95,41.65,0.05
20.0,41.65,0.05
20.05,41.65,0.05
20.1,41.65,0.05
20.15,41.65,0.05
20.2,41.65,0.05
20.25,41.65,0.05
20.3,41.65,0.05
20.35,41.65,0.05
20.4,41.65,0.05
20.45,41.65,0.05
20.5,41.65,0.05
20.55,41.65,0.05
20.6,41.65,0.05
20.65,41.65,0.05
20.7,41.65,0.05
20.75,41.65,0.05
20.8,41.65,0.05
20.85,41.65,0.05
20.9,41.65,0.05
20.95,41.65,0.05
21.0,41.65,0.16
21.05,41.65,0.16
21.1,41.65,0.16
21.15,41.65,0.16
21.2,41.65,0.16
21.25,41.65,0.16
21.3,41.65,0.16
21.35,41.65,0.16
21.4,41.65,0.16
21.45,41.65,0.16
21.5,41.65,0.16
21.55,41.65,0.16
21.6,41.65,0.16
21.65,41.65,0.16
21.7,41.65,0.16
21.75,41.65,0.16
21.8,41.65,0.16
21.85,41.65,0.16
21.9,41.65,0.16
21.95,41.65,0.16
22.0,41.65,0.16
22.05,41.65,0.16
22.1,41.65,0.16
22.15,41.65,0.16
22.2,41.65,0.16
22.25,41.65,0.16
22.3,41.65,0.16
22.35,41.65,0.16
22.4,41.65,0.16
22.45,41.65,0.16
22.5,41.65,0.16
22.55,41.65,0.16
22.6,41.65,0.16
22.65,41.65,0.16
22.7,41.65,0.16
22.75,41.65,0.16
22.8,41.65,0.16
22.85,41.65,0.16
22.9,41.65,0.16
22.95,41.65,0.16
23.0,41.65,0.16
23.05,41.65,0.16
23.1,41.65,0.16
23.15,41.65,0.16
23.2,41.65,0.16
23.25,41.65,0.16
23.3,41.65,0.16
23.35,41.65,0.16
23.4,41.65,0.16
23.45,41.65,0.16
23.5,41.65,0.16
23.55,41.65,0.16
23.6,41.65,0.16
23.65,41.65,0.16
23.7,41.65,0.16
23.75,41.65,0.16
23.8,41.65,0.16
23.85,41.65,0.16
23.9,41.65,0.16
23.95,41.65,0.16
24.0,41.65,0.16
24.05,41.65,0.16
24.1,41.65,0.16
24.15,41.65,0.16
24.2,41.65,0.16
24.25,41.65,0.16
24.3,41.65,0.16
24.35,41.65,0.16
24.4,41.65,0.16
24.45,41.65,0.16
24.5,41.65,0.16
24.55,41.65,0.16
24.6,41.65,0.16
24.65,41.65,0.16
24.7,41.65,0.16
24.75,41.65,0.16
24.8,41.65,0.16
24.85,41.65,0.16
24.9,41.65,0.16
24.95,41.65,0.16
25.0,41.65,0.16
25.05,41.65,0.16
25.1,41.65,0.16
25.15,41.65,0.16
25.2,41.65,0.16
25.25,41.65,0.16
25.3,41.65,0.16
25.35,41.65,0.16
25.4,41.65,0.16
25.45,41.65,0.16
25.5,41.65,0.16
25.55,41.65,0.16
25.6,41.65,0.16
25.65,41.65,0.16
25.7,41.65,0.16
25.75,41.65,0.16
25.8,41.65,0.16
25.85,41.65,0.16
25.9,41.65,0.16
25.95,41.65,0.16
26.0,41.65,0.16
26.05,41.65,0.16
26.1,41.65,0.16
26.15,41.65,0.16
26.2,41.65,0.16
26.25,41.65,0.16
26.3,41.65,0.16
26.35,41.65,0.16
26.4,41.65,0.16
26.45,41.65,0.16
26.5,41.65,0.05
26.55,41.65,0.05
26.6,41.65,0.05
26.65,41.65,0.05
26.7,41.65,0.05
26.75,41.65,0.05
26.8,41.65,0.05
26.85,41.65,0.05
26.9,41.65,0.05
26.95,41.65,0.05
27.0,41.65,0.05
27.05,41.65,0.05
27.1,41.65,0.05
27.15,41.65,0.05
27.2,41.65,0.05
27.25,41.65,0.05
27.3,41.65,0.05
27.35,41.65,0.05
27.4,41.65,0.05
27.45,41.65,0.05
27.5,41.65,0.05
27.55,41.65,0.05
27.6,41.65,0.05
27.65,41.65,0.05
27.7,41.65,0.05
27.75,41.65,0.05
27.8,41.65,0.05
27.85,41.65,0.05
27.9,41.65,0.05
27.95,41.65,0.05
28.0,41.65,0.05
28.05,41.65,0.05
28.1,41.65,0.05
28.15,41.65,0.05
28.2,41.65,0.05
28.25,41.65,0.05
28.3,41.65,0.05
28.35,41.65,0.05
28.4,41.65,0.05
28.45,41.65,0.05
28.5,41.65,0.05
28.55,41.65,0.05
28.6,41.65,0.05
28.65,41.65,0.05
28.7,41.65,0.05
28.75,41.65,0.05
28.8,41.65,0.05
28.85,41.65,0.05
28.9,41.65,0.05
28.95,41.65,0.05
29.0,41.65,0.05
29.05,41.65,0.05
29.1,41.65,0.05
29.15,41.65,0.05
29.2,41.65,0.05
29.25,41.65,0.05
29.3,41.65,0.05
29.35,41.65,0.05
29.4,41.65,0.05
29.45,41.65,0.05
29.5,41.65,0.05
19.0,41.7,0.05
19.05,41.7,0.05
19.1,41.7,0.05
19.15,41.7,0.05
19.2,41.7,0.05
19.25,41.7,0.05
19.3,41.7,0.05
19.35,41.7,0.05
19.4,41.7,0.05
19.45,41.7,0.05
19.5,41.7,0.05
19.55,41.7,0.05
19.6,41.7,0.05
19.65,41.7,0.05
19.7,41.7,0.05
19.75,41.7,0.05
19.8,41.7,0.05
19.85,41.7,0.05
19.9,41.7,0.05
19.95,41.7,0.05
20.0,41.7,0.05
20.05,41.7,0.05
20.1,41.7,0.05
20.15,41.7,0.05
20.2,41.7,0.05
20.25,41.7,0.05
20.3,41.7,0.05
20.35,41.7,0.05
20.4,41.7,0.05
20.45,41.7,0.05
20.5,41.7,0.05
20.55,41.7,0.05
20.6,41.7,0.05
20.65,41.7,0.05
20.7,41.7,0.05
20.75,41.7,0.05
20.8,41.7,0.05
20.85,41.7,0.05
20.9,41.7,0.05
20.95,41.7,0.05
21.0,41.7,0.16
21.05,41.7,0.16
21.1,41.7,0.16
21.15,41.7,0.16
21.2,41.7,0.16
21.25,41.7,0.16
21.3,41.7,0.16
21.35,41.7,0.16
21.4,41.7,0.16
21.45,41.7,0.16
21.5,41.7,0.16
21.55,41.7,0.16
21.6,41.7,0.16
21.65,41.7,0.16
21.7,41.7,0.16
21.75,41.7,0.16
21.8,41.7,0.16
21.85,41.7,0.16
21.9,41.7,0.16
21.95,41.7,0.16
22.0,41.7,0.16
22.05,41.7,0.16
22.1,41.7,0.16
22.15,41.7,0.16
22.2,41.7,0.16
22.25,41.7,0.16
22.3,41.7,0.16
22.35,41.7,0.16
22.4,41.7,0.16
22.45,41.7,0.16
22.5,41.7,0.16
22.55,41.7,0.16
22.6,41.7,0.16
22.65,41.7,0.16
22.7,41.7,0.16
22.75,41.7,0.16
22.8,41.7,0.16
22.85,41.7,0.16
22.9,41.7,0.16
22.95,41.7,0.16
23.0,41.7,0.16
23.05,41.7,0.16
23.1,41.7,0.16
23.15,41.7,0.16
23.2,41.7,0.16
23.25,41.7,0.16
23.3,41.7,0.16
23.35,41.7,0.16
23.4,41.7,0.16
23.45,41.7,0.16
23.5,41.7,0.16
23.55,41.7,0.16
23.6,41.7,0.16
23.65,41.7,0.16
23.7,41.7,0.16
23.75,41.7,0.16
23.8,41.7,0.16
23.85,41.7,0.16
23.9,41.7,0.16
23.95,41.7,0.16
24.0,41.7,0.16
24.05,41.7,0.16
24.1,41.7,0.16
24.15,41.7,0.16
24.2,41.7,0.16
24.25,41.7,0.16
24.3,41.7,0.16
24.35,41.7,0.16
24.4,41.7,0.16
24.45,41.7,0.16
24.5,41.7,0.16
24.55,41.7,0.16
24.6,41.7,0.16
24.65,41.7,0.16
24.7,41.7,0.16
24.75,41.7,0.16
24.8,41.7,0.16
24.85,41.7,0.16
24.9,41.7,0.16
24.95,41.7,0.16
25.0,41.7,0.16
25.05,41.7,0.16
25.1,41.7,0.16
25.15,41.7,0.16
25.2,41.7,0.16
25.25,41.7,0.16
25.3,41.7,0.16
25.35,41.7,0.16
25.4,41.7,0.16
25.45,41.7,0.16
25.5,41.7,0.16
25.55,41.7,0.16
25.6,41.7,0.16
25.65,41.7,0.16
25.7,41.7,0.16
25.75,41.7,0.16
25.8,41.7,0.16
25.85,41.7,0.16
25.9,41.7,0.16
25.95,41.7,0.16
26.0,41.7,0.16
26.05,41.7,0.16
26.1,41.7,0.16
26.15,41.7,0.16
26.2,41.7,0.16
26.25,41.7,0.16
26.3,41.7,0.16
26.35,41.7,0.16
26.4,41.7,0.16
26.45,41.7,0.16
26.5,41.7,0.05
26.55,41.7,0.05
26.6,41.7,0.05
26.65,41.7,0.05
26.7,41.7,0.05
26.75,41.7,0.05
26.8,41.7,0.05
26.85,41.7,0.05
26.9,41.7,0.05
26.95,41.7,0.05
27.0,41.7,0.05
27.05,41.7,0.05
27.1,41.7,0.05
27.15,41.7,0.05
27.2,41.7,0.05
27.25,41.7,0.05
27.3,41.7,0.05
27.35,41.7,0.05
27.4,41.7,0.05
27.45,41.7,0.05
27.5,41.7,0.05
27.55,41.7,0.05
27.6,41.7,0.05
27.65,41.7,0.05
27.7,41.7,0.05
27.75,41.7,0.05
27.8,41.7,0.05
27.85,41.7,0.05
27.9,41.7,0.05
27.95,41.7,0.05
28.0,41.7,0.05
28.05,41.7,0.05
28.1,41.7,0.05
28.15,41.7,0.05
28.2,41.7,0.05
28.25,41.7,0.05
28.3,41.7,0.05
28.35,41.7,0.05
28.4,41.7,0.05
28.45,41.7,0.05
28.5,41.7,0.05
28.55,41.7,0.05
28.6,41.7,0.05
28.65,41.7,0.05
28.7,41.7,0.05
28.75,41.7,0.05
28.8,41.7,0.05
28.85,41.7,0.05
28.9,41.7,0.05
28.95,41.7,0.05
29.0,41.7,0.05
29.05,41.7,0.05
29.1,41.7,0.05
29.15,41.7,0.05
29.2,41.7,0.05
29.25,41.7,0.05
29.3,41.7,0.05
29.35,41.7,0.05
29.4,41.7,0.05
29.45,41.7,0.05
29.5,41.7,0.05
19.0,41.75,0.05
19.05,41.75,0.05
19.1,41.75,0.05
19.15,41.75,0.05
19.2,41.75,0.05
19.25,41.75,0.05
19.3,41.75,0.05
19.35,41.75,0.05
19.4,41.75,0.05
19.45,41.75,0.05
19.5,41.75,0.05
19.55,41.75,0.05
19.6,41.75,0.05
19.65,41.75,0.05
19.7,41.75,0.05
19.75,41.75,0.05
19.8,41.75,0.05
19.85,41.75,0.05
19.9,41.75,0.05
19.95,41.75,0.05
20.0,41.75,0.05
20.05,41.75,0.05
20.1,41.75,0.05
20.15,41.75,0.05
20.2,41.75,0.05
20.25,41.75,0.05
20.3,41.75,0.05
20.35,41.75,0.05
20.4,41.75,0.05
20.45,41.75,0.05
20.5,41.75,0.05
20.55,41.75,0.05
20.6,41.75,0.05
20.65,41.75,0.05
20.7,41.75,0.05
20.75,41.75,0.05
20.8,41.75,0.05
20.85,41.75,0.05
20.9,41.75,0.05
20.95,41.75,0.05
21.0,41.75,0.16
21.05,41.75,0.16
21.1,41.75,0.16
21.15,41.75,0.16
21.2,41.75,0.16
21.25,41.75,0.16
21.3,41.75,0.16
21.35,41.75,0.16
21.4,41.75,0.16
21.45,41.75,0.16
21.5,41.75,0.16
21.55,41.75,0.16
21.6,41.75,0.16
21.65,41.75,0.16
21.7,41.75,0.16
21.75,41.75,0.16
21.8,41.75,0.16
21.85,41.75,0.16
21.9,41.75,0.16
21.95,41.75,0.16
22.0,41.75,0.16
22.05,41.75,0.16
22.1,41.75,0.16
22.15,41.75,0.16
22.2,41.75,0.16
22.25,41.75,0.16
22.3,41.75,0.16
22.35,41.75,0.16
22.4,41.75,0.16
22.45,41.75,0.16
22.5,41.75,0.16
22.55,41.75,0.16
22.6,41.75,0.16
22.65,41.75,0.16
22.7,41.75,0.16
22.75,41.75,0.16
22.8,41.75,0.16
22.85,41.75,0.16
22.9,41.75,0.16
22.95,41.75,0.16
23.0,41.75,0.16
23.05,41.75,0.16
23.1,41.75,0.16
23.15,41.75,0.16
23.2,41.75,0.16
23.25,41.75,0.16
23.3,41.75,0.16
23.35,41.75,0.16
23.4,41.75,0.16
23.45,41.75,0.16
23.5,41.75,0.16
23.55,41.75,0.16
23.6,41.75,0.16
23.65,41.75,0.16
23.7,41.75,0.16
23.75,41.75,0.16
23.8,41.75,0.16
23.85,41.75,0.16
23.9,41.75,0.16
23.95,41.75,0.16
24.0,41.75,0.16
24.05,41.75,0.16
24.1,41.75,0.16
24.15,41.75,0.16
24.2,41.75,0.16
24.25,41.75,0.16
24.3,41.75,0.16
24.35,41.75,0.16
24.4,41.75,0.16
24.45,41.75,0.16
24.5,41.75,0.16
24.55,41.75,0.16
24.6,41.75,0.16
24.65,41.75,0.16
24.7,41.75,0.16
24.75,41.75,0.16
24.8,41.75,0.16
24.85,41.75,0.16
24.9,41.75,0.16
24.95,41.75,0.16
25.0,41.75,0.16
25.05,41.75,0.16
25.1,41.75,0.16
25.15,41.75,0.16
25.2,41.75,0.16
25.25,41.75,0.16
25.3,41.75,0.16
25.35,41.75,0.16
25.4,41.75,0.16
25.45,41.75,0.16
25.5,41.75,0.16
25.55,41.75,0.16
25.6,41.75,0.16
25.65,41.75,0.16
25.7,41.75,0.16
25.75,41.75,0.16
25.8,41.75,0.16
25.85,41.75,0.16
25.9,41.75,0.16
25.95,41.75,0.16
26.0,41.75,0.16
26.05,41.75,0.16
26.1,41.75,0.16
26.15,41.75,0.16
26.2,41.75,0.16
26.25,41.75,0.16
26.3,41.75,0.16
26.35,41.75,0.16
26.4,41.75,0.16
26.45,41.75,0.16
26.5,41.75,0.05
26.55,41.75,0.05
26.6,41.75,0.05
26.65,41.75,0.05
26.7,41.75,0.05
26.75,41.75,0.05
26.8,41.75,0.05
26.85,41.75,0.05
26.9,41.75,0.05
26.95,41.75,0.05
27.0,41.75,0.05
27.05,41.75,0.05
27.1,41.75,0.05
27.15,41.75,0.05
27.2,41.75,0.05
27.25,41.75,0.05
27.3,41.75,0.05
27.35,41.75,0.05
27.4,41.75,0.05
27.45,41.75,0.05
27.5,41.75,0.05
27.55,41.75,0.05
27.6,41.75,0.05
27.65,41.75,0.05
27.7,41.75,0.05
27.75,41.75,0.05
27.8,41.75,0.05
27.85,41.75,0.05
27.9,41.75,0.05
27.95,41.75,0.05
28.0,41.75,0.05
28.05,41.75,0.05
28.1,41.75,0.05
28.15,41.75,0.05
28.2,41.75,0.05
28.25,41.75,0.05
28.3,41.75,0.05
28.35,41.75,0.05
28.4,41.75,0.05
28.45,41.75,0.05
28.5,41.75,0.05
28.55,41.75,0.05
28.6,41.75,0.05
28.65,41.75,0.05
28.7,41.75,0.05
28.75,41.75,0.05
28.8,41.75,0.05
28.85,41.75,0.05
28.9,41.75,0.05
28.95,41.75,0.05
29.0,41.75,0.05
29.05,41.75,0.05
29.1,41.75,0.05
29.15,41.75,0.05
29.2,41.75,0.05
29.25,41.75,0.05
29.3,41.75,0.05
29.35,41.75,0.05
29.4,41.75,0.05
29.45,41.75,0.05
29.5,41.75,0.05
19.0,41.8,0.05
19.05,41.8,0.05
19.1,41.8,0.05
19.15,41.8,0.05
19.2,41.8,0.05
19.25,41.8,0.05
19.3,41.8,0.05
19.35,41.8,0.05
19.4,41.8,0.05
19.45,41.8,0.05
19.5,41.8,0.05
19.55,41.8,0.05
19.6,41.8,0.05
19.65,41.8,0.05
19.7,41.8,0.05
19.75,41.8,0.05
19.8,41.8,0.05
19.85,41.8,0.05
19.9,41.8,0.05
19.95,41.8,0.05
20.0,41.8,0.05
20.05,41.8,0.05
20.1,41.8,0.05
20.15,41.8,0.05
20.2,41.8,0.05
20.25,41.8,0.05
20.3,41.8,0.05
20.35,41.8,0.05
20.4,41.8,0.05
20.45,41.8,0.05
20.5,41.8,0.05
20.55,41.8,0.05
20.6,41.8,0.05
20.65,41.8,0.05
20.7,41.8,0.05
20.75,41.8,0.05
20.8,41.8,0.05
20.85,41.8,0.05
20.9,41.8,0.05
20.95,41.8,0.05
21.0,41.8,0.16
21.05,41.8,0.16
21.1,41.8,0.16
21.15,41.8,0.16
21.2,41.8,0.16
21.25,41.8,0.16
21.3,41.8,0.16
21.35,41.8,0.16
21.4,41.8,0.16
21.45,41.8,0.16
21.5,41.8,0.16
21.55,41.8,0.16
21.6,41.8,0.16
21.65,41.8,0.16
21.7,41.8,0.16
21.75,41.8,0.16
21.8,41.8,0.16
21.85,41.8,0.16
21.9,41.8,0.16
21.95,41.8,0.16
22.0,41.8,0.16
22.05,41.8,0.16
22.1,41.8,0.16
22.15,41.8,0.16
22.2,41.8,0.16
22.25,41.8,0.16
22.3,41.8,0.16
22.35,41.8,0.16
22.4,41.8,0.16
22.45,41.8,0.16
22.5,41.8,0.16
22.55,41.8,0.16
22.6,41.8,0.16
22.65,41.8,0.16
22.7,41.8,0.16
22.75,41.8,0.16
22.8,41.8,0.16
22.85,41.8,0.16
22.9,41.8,0.16
22.95,41.8,0.16
23.0,41.8,0.16
23.05,41.8,0.16
23.1,41.8,0.16
23.15,41.8,0.16
23.2,41.8,0.16
23.25,41.8,0.16
23.3,41.8,0.16
23.35,41.8,0.16
23.4,41.8,0.16
23.45,41.8,0.16
23.5,41.8,0.16
23.55,41.8,0.16
23.6,41.8,0.16
23.65,41.8,0.16
23.7,41.8,0.16
23.75,41.8,0.16
23.8,41.8,0.16
23.85,41.8,0.16
23.9,41.8,0.16
23.95,41.8,0.16
24.0,41.8,0.16
24.05,41.8,0.16
24.1,41.8,0.16
24.15,41.8,0.16
24.2,41.8,0.16
24.25,41.8,0.16
24.3,41.8,0.16
24.35,41.8,0.16
24.4,41.8,0.16
24.45,41.8,0.16
24.5,41.8,0.16
24.55,41.8,0.16
24.6,41.8,0.16
24.65,41.8,0.16
24.7,41.8,0.16
24.75,41.8,0.16
24.8,41.8,0.16
24.85,41.8,0.16
24.9,41.8,0.16
24.95,41.8,0.16
25.0,41.8,0.16
25.05,41.8,0.16
25.1,41.8,0.16
25.15,41.8,0.16
25.2,41.8,0.16
25.25,41.8,0.16
25.3,41.8,0.16
25.35,41.8,0.16
25.4,41.8,0.16
25.45,41.8,0.16
25.5,41.8,0.16
25.55,41.8,0.16
25.6,41.8,0.16
25.65,41.8,0.16
25.7,41.8,0.16
25.75,41.8,0.16
25.8,41.8,0.16
25.85,41.8,0.16
25.9,41.8,0.16
25.95,41.8,0.16
26.0,41.8,0.16
26.05,41.8,0.16
26.1,41.8,0.16
26.15,41.8,0.16
26.2,41.8,0.16
26.25,41.8,0.16
26.3,41.8,0.16
26.35,41.8,0.16
26.4,41.8,0.16
26.45,41.8,0.16
26.5,41.8,0.05
26.55,41.8,0.05
26.6,41.8,0.05
26.65,41.8,0.05
26.7,41.8,0.05
26.75,41.8,0.05
26.8,41.8,0.05
26.85,41.8,0.05
26.9,41.8,0.05
26.95,41.8,0.05
27.0,41.8,0.05
27.05,41.8,0.05
27.1,41.8,0.05
27.15,41.8,0.05
27.2,41.8,0.05
27.25,41.8,0.05
27.3,41.8,0.05
27.35,41.8,0.05
27.4,41.8,0.05
27.45,41.8,0.05
27.5,41.8,0.05
27.55,41.8,0.05
27.6,41.8,0.05
27.65,41.8,0.05
27.7,41.8,0.05
27.75,41.8,0.05
27.8,41.8,0.05
27.85,41.8,0.05
27.9,41.8,0.05
27.95,41.8,0.05
28.0,41.8,0.05
28.05,41.8,0.05
28.1,41.8,0.05
28.15,41.8,0.05
28.2,41.8,0.05
28.25,41.8,0.05
28.3,41.8,0.05
28.35,41.8,0.05
28.4,41.8,0.05
28.45,41.8,0.05
28.5,41.8,0.05
28.55,41.8,0.05
28.6,41.8,0.05
28.65,41.8,0.05
28.7,41.8,0.05
28.75,41.8,0.05
28.8,41.8,0.05
28.85,41.8,0.05
28.9,41.8,0.05
28.95,41.8,0.05
29.0,41.8,0.05
29.05,41.8,0.05
29.1,41.8,0.05
29.15,41.8,0.05
29.2,41.8,0.05
29.25,41.8,0.05
29.3,41.8,0.05
29.35,41.8,0.05
29.4,41.8,0.05
29.45,41.8,0.05
29.5,41.8,0.05
19.0,41.85,0.05
19.05,41.85,0.05
19.1,41.85,0.05
19.15,41.85,0.05
19.2,41.85,0.05
19.25,41.85,0.05
19.3,41.85,0.05
19.35,41.85,0.05
19.4,41.85,0.05
19.45,41.85,0.05
19.5,41.85,0.05
19.55,41.85,0.05
19.6,41.85,0.05
19.65,41.85,0.05
19.7,41.85,0.05
19.75,41.85,0.05
19.8,41.85,0.05
19.85,41.85,0.05
19.9,41.85,0.05
19.95,41.85,0.05
20.0,41.85,0.05
20.05,41.85,0.05
20.1,41.85,0.05
20.15,41.85,0.05
20.2,41.85,0.05
20.25,41.85,0.05
20.3,41.85,0.05
20.35,41.85,0.05
20.4,41.85,0.05
20.45,41.85,0.05
20.5,41.85,0.05
20.55,41.85,0.05
20.6,41.85,0.05
20.65,41.85,0.05
20.7,41.85,0.05
20.75,41.85,0.05
20.8,41.85,0.05
20.85,41.85,0.05
20.9,41.85,0.05
20.95,41.85,0.05
21.0,41.85,0.16
21.05,41.85,0.16
21.1,41.85,0.16
21.15,41.85,0.16
21.2,41.85,0.16
21.25,41.85,0.16
21.3,41.85,0.16
21.35,41.85,0.16
21.4,41.85,0.16
21.45,41.85,0.16
21.5,41.85,0.16
21.55,41.85,0.16
21.6,41.85,0.16
21.65,41.85,0.16
21.7,41.85,0.16
21.75,41.85,0.16
21.8,41.85,0.16
21.85,41.85,0.16
21.9,41.85,0.16
21.95,41.85,0.16
22.0,41.85,0.16
22.05,41.85,0.16
22.1,41.85,0.16
22.15,41.85,0.16
22.2,41.85,0.16
22.25,41.85,0.16
22.3,41.85,0.16
22.35,41.85,0.16
22.4,41.85,0.16
22.45,41.85,0.16
22.5,41.85,0.16
22.55,41.85,0.16
22.6,41.85,0.16
22.65,41.85,0.16
22.7,41.85,0.16
22.75,41.85,0.16
22.8,41.85,0.16
22.85,41.85,0.16
22.9,41.85,0.16
22.95,41.85,0.16
23.0,41.85,0.16
23.05,41.85,0.16
23.1,41.85,0.16
23.15,41.85,0.16
23.2,41.85,0.16
23.25,41.85,0.16
23.3,41.85,0.16
23.35,41.85,0.16
23.4,41.85,0.16
23.45,41.85,0.16
23.5,41.85,0.16
23.55,41.85,0.16
23.6,41.85,0.16
23.65,41.85,0.16
23.7,41.85,0.16
23.75,41.85,0.16
23.8,41.85,0.16
23.85,41.85,0.16
23.9,41.85,0.16
23.95,41.85,0.16
24.0,41.85,0.16
24.05,41.85,0.16
24.1,41.85,0.16
24.15,41.85,0.16
24.2,41.85,0.16
24.25,41.85,0.16
24.3,41.85,0.16
24.35,41.85,0.16
24.4,41.85,0.16
24.45,41.85,0.16
24.5,41.85,0.16
24.55,41.85,0.16
24.6,41.85,0.16
24.65,41.85,0.16
24.7,41.85,0.16
24.75,41.85,0.16
24.8,41.85,0.16
24.85,41.85,0.16
24.9,41.85,0.16
24.95,41.85,0.16
25.0,41.85,0.16
25.05,41.85,0.16
25.1,41.85,0.16
25.15,41.85,0.16
25.2,41.85,0.16
25.25,41.85,0.16
25.3,41.85,0.16
25.35,41.85,0.16
25.4,41.85,0.16
25.45,41.85,0.16
25.5,41.85,0.16
25.55,41.85,0.16
25.6,41.85,0.16
25.65,41.85,0.16
25.7,41.85,0.16
25.75,41.85,0.16
25.8,41.85,0.16
25.85,41.85,0.16
25.9,41.85,0.16
25.95,41.85,0.16
26.0,41.85,0.16
26.05,41.85,0.16
26.1,41.85,0.16
26.15,41.85,0.16
26.2,41.85,0.16
26.25,41.85,0.16
26.3,41.85,0.16
26.35,41.85,0.16
26.4,41.85,0.16
26.45,41.85,0.16
26.5,41.85,0.05
26.55,41.85,0.05
26.6,41.85,0.05
26.65,41.85,0.05
26.7,41.85,0.05
26.75,41.85,0.05
26.8,41.85,0.05
26.85,41.85,0.05
26.9,41.85,0.05
26.95,41.85,0.05
27.0,41.85,0.05
27.05,41.85,0.05
27.1,41.85,0.05
27.15,41.85,0.05
27.2,41.85,0.05
27.25,41.85,0.05
27.3,41.85,0.05
27.35,41.85,0.05
27.4,41.85,0.05
27.45,41.85,0.05
27.5,41.85,0.05
27.55,41.85,0.05
27.6,41.85,0.05
27.65,41.85,0.05
27.7,41.85,0.05
27.75,41.85,0.05
27.8,41.85,0.05
27.85,41.85,0.05
27.9,41.85,0.05
27.95,41.85,0.05
28.0,41.85,0.05
28.05,41.85,0.05
28.1,41.85,0.05
28.15,41.85,0.05
28.2,41.85,0.05
28.25,41.85,0.05
28.3,41.85,0.05
28.35,41.85,0.05
28.4,41.85,0.05
28.45,41.85,0.05
28.5,41.85,0.05
28.55,41.85,0.05
28.6,41.85,0.05
28.65,41.85,0.05
28.7,41.85,0.05
28.75,41.85,0.05
28.8,41.85,0.05
28.85,41.85,0.05
28.9,41.85,0.05
28.95,41.85,0.05
29.0,41.85,0.05
29.05,41.85,0.05
29.1,41.85,0.05
29.15,41.85,0.05
29.2,41.85,0.05
29.25,41.85,0.05
29.3,41.85,0.05
29.35,41.85,0.05
29.4,41.85,0.05
29.45,41.85,0.05
29.5,41.85,0.05
19.0,41.9,0.05
19.05,41.9,0.05
19.1,41.9,0.05
19.15,41.9,0.05
19.2,41.9,0.05
19.25,41.9,0.05
19.3,41.9,0.05
19.35,41.9,0.05
19.4,41.9,0.05
19.45,41.9,0.05
19.5,41.9,0.05
19.55,41.9,0.05
19.6,41.9,0.05
19.65,41.9,0.05
19.7,41.9,0.05
19.75,41.9,0.05
19.8,41.9,0.05
19.85,41.9,0.05
19.9,41.9,0.05
19.95,41.9,0.05
20.0,41.9,0.05
20.05,41.9,0.05
20.1,41.9,0.05
20.15,41.9,0.05
20.2,41.9,0.05
20.25,41.9,0.05
20.3,41.9,0.05
20.35,41.9,0.05
20.4,41.9,0.05
20.45,41.9,0.05
20.5,41.9,0.05
20.55,41.9,0.05
20.6,41.9,0.05
20.65,41.9,0.05
20.7,41.9,0.05
20.75,41.9,0.05
20.8,41.9,0.05
20.85,41.9,0.05
20.9,41.9,0.05
20.95,41.9,0.05
21.0,41.9,0.16
21.05,41.9,0.16
21.1,41.9,0.16
21.15,41.9,0.16
21.2,41.9,0.16
21.25,41.9,0.16
21.3,41.9,0.16
21.35,41.9,0.16
21.4,41.9,0.16
21.45,41.9,0.16
21.5,41.9,0.16
21.55,41.9,0.16
21.6,41.9,0.16
21.65,41.9,0.16
21.7,41.9,0.16
21.75,41.9,0.16
21.8,41.9,0.16
21.85,41.9,0.16
21.9,41.9,0.16
21.95,41.9,0.16
22.0,41.9,0.16
22.05,41.9,0.16
22.1,41.9,0.16
22.15,41.9,0.16
22.2,41.9,0.16
22.25,41.9,0.16
22.3,41.9,0.16
22.35,41.9,0.16
22.4,41.9,0.16
22.45,41.9,0.16
22.5,41.9,0.16
22.55,41.9,0.16
22.6,41.9,0.16
22.65,41.9,0.16
22.7,41.9,0.16
22.75,41.9,0.16
22.8,41.9,0.16
22.85,41.9,0.16
22.9,41.9,0.16
22.95,41.9,0.16
23.0,41.9,0.16
23.05,41.9,0.16
23.1,41.9,0.16
23.15,41.9,0.16
23.2,41.9,0.16
23.25,41.9,0.16
23.3,41.9,0.16
23.35,41.9,0.16
23.4,41.9,0.16
23.45,41.9,0.16
23.5,41.9,0.16
23.55,41.9,0.16
23.6,41.9,0.16
23.65,41.9,0.16
23.7,41.9,0.16
23.75,41.9,0.16
23.8,41.9,0.16
23.85,41.9,0.16
23.9,41.9,0.16
23.95,41.9,0.16
24.0,41.9,0.16
24.05,41.9,0.16
24.1,41.9,0.16
24.15,41.9,0.16
24.2,41.9,0.16
24.25,41.9,0.16
24.3,41.9,0.16
24.35,41.9,0.16
24.4,41.9,0.16
24.45,41.9,0.16
24.5,41.9,0.16
24.55,41.9,0.16
24.6,41.9,0.16
24.65,41.9,0.16
24.7,41.9,0.16
24.75,41.9,0.16
24.8,41.9,0.16
24.85,41.9,0.16
24.9,41.9,0.16
24.95,41.9,0.16
25.0,41.9,0.16
25.05,41.9,0.16
25.1,41.9,0.16
25.15,41.9,0.16
25.2,41.9,0.16
25.25,41.9,0.16
25.3,41.9,0.16
25.35,41.9,0.16
25.4,41.9,0.16
25.45,41.9,0.16
25.5,41.9,0.16
25.55,41.9,0.16
25.6,41.9,0.16
25.65,41.9,0.16
25.7,41.9,0.16
25.75,41.9,0.16
25.8,41.9,0.16
25.85,41.9,0.16
25.9,41.9,0.16
25.95,41.9,0.16
26.0,41.9,0.16
26.05,41.9,0.16
26.1,41.9,0.16
26.15,41.9,0.16
26.2,41.9,0.16
26.25,41.9,0.16
26.3,41.9,0.16
26.35,41.9,0.16
26.4,41.9,0.16
26.45,41.9,0.16
26.5,41.9,0.05
26.55,41.9,0.05
26.6,41.9,0.05
26.65,41.9,0.05
26.7,41.9,0.05
26.75,41.9,0.05
26.8,41.9,0.05
26.85,41.9,0.05
26.9,41.9,0.05
26.95,41.9,0.05
27.0,41.9,0.05
27.05,41.9,0.05
27.1,41.9,0.05
27.15,41.9,0.05
27.2,41.9,0.05
27.25,41.9,0.05
27.3,41.9,0.05
27.35,41.9,0.05
27.4,41.9,0.05
27.45,41.9,0.05
27.5,41.9,0.05
27.55,41.9,0.05
27.6,41.9,0.05
27.65,41.9,0.05
27.7,41.9,0.05
27.75,41.9,0.05
27.8,41.9,0.05
27.85,41.9,0.05
27.9,41.9,0.05
27.95,41.9,0.05
28.0,41.9,0.05
28.05,41.9,0.05
28.1,41.9,0.05
28.15,41.9,0.05
28.2,41.9,0.05
28.25,41.9,0.05
28.3,41.9,0.05
28.35,41.9,0.05
28.4,41.9,0.05
28.45,41.9,0.05
28.5,41.9,0.05
28.55,41.9,0.05
28.6,41.9,0.05
28.65,41.9,0.05
28.7,41.9,0.05
28.75,41.9,0.05
28.8,41.9,0.05
28.85,41.9,0.05
28.9,41.9,0.05
28.95,41.9,0.05
29.0,41.9,0.05
29.05,41.9,0.05
29.1,41.9,0.05
29.15,41.9,0.05
29.2,41.9,0.05
29.25,41.9,0.05
29.3,41.9,0.05
29.35,41.9,0.05
29.4,41.9,0.05
29.45,41.9,0.05
29.5,41.9,0.05
19.0,41.95,0.05
19.05,41.95,0.05
19.1,41.95,0.05
19.15,41.95,0.05
19.2,41.95,0.05
19.25,41.95,0.05
19.3,41.95,0.05
19.35,41.95,0.05
19.4,41.95,0.05
19.45,41.95,0.05
19.5,41.95,0.05
19.55,41.95,0.05
19.6,41.95,0.05
19.65,41.95,0.05
19.7,41.95,0.05
19.75,41.95,0.05
19.8,41.95,0.05
19.85,41.95,0.05
19.9,41.95,0.05
19.95,41.95,0.05
20.0,41.95,0.05
20.05,41.95,0.05
20.1,41.95,0.05
20.15,41.95,0.05
20.2,41.95,0.05
20.25,41.95,0.05
20.3,41.95,0.05
20.35,41.95,0.05
20.4,41.95,0.05
20.45,41.95,0.05
20.5,41.95,0.05
20.55,41.95,0.05
20.6,41.95,0.05
20.65,41.95,0.05
20.7,41.95,0.05
20.75,41.95,0.05
20.8,41.95,0.05
20.85,41.95,0.05
20.9,41.95,0.05
20.95,41.95,0.05
21.0,41.95,0.16
21.05,41.95,0.16
21.1,41.95,0.16
21.15,41.95,0.16
21.2,41.95,0.16
21.25,41.95,0.16
21.3,41.95,0.16
21.35,41.95,0.16
21.4,41.95,0.16
21.45,41.95,0.16
21.5,41.95,0.16
21.55,41.95,0.16
21.6,41.95,0.16
21.65,41.95,0.16
21.7,41.95,0.16
21.75,41.95,0.16
21.8,41.95,0.16
21.85,41.95,0.16
21.9,41.95,0.16
21.95,41.95,0.16
22.0,41.95,0.16
22.05,41.95,0.16
22.1,41.95,0.16
22.15,41.95,0.16
22.2,41.95,0.16
22.25,41.95,0.16
22.3,41.95,0.16
22.35,41.95,0.16
22.4,41.95,0.16
22.45,41.95,0.16
22.5,41.95,0.16
22.55,41.95,0.16
22.6,41.95,0.16
22.65,41.95,0.16
22.7,41.95,0.16
22.75,41.95,0.16
22.8,41.95,0.16
22.85,41.95,0.16
22.9,41.95,0.16
22.95,41.95,0.16
23.0,41.95,0.16
23.05,41.95,0.16
23.1,41.95,0.16
23.15,41.95,0.16
23.2,41.95,0.16
23.25,41.95,0.16
23.3,41.95,0.16
23.35,41.95,0.16
23.4,41.95,0.16
23.45,41.95,0.16
23.5,41.95,0.16
23.55,41.95,0.16
23.6,41.95,0.16
23.65,41.95,0.16
23.7,41.95,0.16
23.75,41.95,0.16
23.8,41.95,0.16
23.85,41.95,0.16
23.9,41.95,0.16
23.95,41.95,0.16
24.0,41.95,0.16
24.05,41.95,0.16
24.1,41.95,0.16
24.15,41.95,0.16
24.2,41.95,0.16
24.25,41.95,0.16
24.3,41.95,0.16
24.35,41.95,0.16
24.4,41.95,0.16
24.45,41.95,0.16
24.5,41.95,0.16
24.55,41.95,0.16
24.6,41.95,0.16
24.65,41.95,0.16
24.7,41.95,0.16
24.75,41.95,0.16
24.8,41.95,0.16
24.85,41.95,0.16
24.9,41.95,0.16
24.95,41.95,0.16
25.0,41.95,0.16
25.05,41.95,0.16
25.1,41.95,0.16
25.15,41.95,0.16
25.2,41.95,0.16
25.25,41.95,0.16
25.3,41.95,0.16
25.35,41.95,0.16
25.4,41.95,0.16
25.45,41.95,0.16
25.5,41.95,0.16
25.55,41.95,0.16
25.6,41.95,0.16
25.65,41.95,0.16
25.7,41.95,0.16
25.75,41.95,0.16
25.8,41.95,0.16
25.85,41.95,0.16
25.9,41.95,0.16
25.95,41.95,0.16
26.0,41.95,0.16
26.05,41.95,0.16
26.1,41.95,0.16
26.15,41.95,0.16
26.2,41.95,0.16
26.25,41.95,0.16
26.3,41.95,0.16
26.35,41.95,0.16
26.4,41.95,0.16
26.45,41.95,0.16
26.5,41.95,0.05
26.55,41.95,0.05
26.6,41.95,0.05
26.65,41.95,0.05
26.7,41.95,0.05
26.75,41.95,0.05
26.8,41.95,0.05
26.85,41.95,0.05
26.9,41.95,0.05
26.95,41.95,0.05
27.0,41.95,0.05
27.05,41.95,0.05
27.1,41.95,0.05
27.15,41.95,0.05
27.2,41.95,0.05
27.25,41.95,0.05
27.3,41.95,0.05
27.35,41.95,0.05
27.4,41.95,0.05
27.45,41.95,0.05
27.5,41.95,0.05
27.55,41.95,0.05
27.6,41.95,0.05
27.65,41.95,0.05
27.7,41.95,0.05
27.75,41.95,0.05
27.8,41.95,0.05
27.85,41.95,0.05
27.9,41.95,0.05
27.95,41.95,0.05
28.0,41.95,0.05
28.05,41.95,0.05
28.1,41.95,0.05
28.15,41.95,0.05
28.2,41.95,0.05
28.25,41.95,0.05
28.3,41.95,0.05
28.35,41.95,0.05
28.4,41.95,0.05
28.45,41.95,0.05
28.5,41.95,0.05
28.55,41.95,0.05
28.6,41.95,0.05
28.65,41.95,0.05
28.7,41.95,0.05
28.75,41.95,0.05
28.8,41.95,0.05
28.85,41.95,0.05
28.9,41.95,0.05
28.95,41.95,0.05
29.0,41.95,0.05
29.05,41.95,0.05
29.1,41.95,0.05
29.15,41.95,0.05
29.2,41.95,0.05
29.25,41.95,0.05
29.3,41.95,0.05
29.35,41.95,0.05
29.4,41.95,0.05
29.45,41.95,0.05
29.5,41.95,0.05
19.0,42.0,0.05
19.05,42.0,0.05
19.1,42.0,0.05
19.15,42.0,0.05
19.2,42.0,0.05
19.25,42.0,0.05
19.3,42.0,0.05
19.35,42.0,0.05
19.4,42.0,0.05
19.45,42.0,0.05
19.5,42.0,0.05
19.55,42.0,0.05
19.6,42.0,0.05
19.65,42.0,0.05
19.7,42.0,0.05
19.75,42.0,0.05
19.8,42.0,0.05
19.85,42.0,0.05
19.9,42.0,0.05
19.95,42.0,0.05
20.0,42.0,0.05
20.05,42.0,0.05
20.1,42.0,0.05
20.15,42.0,0.05
20.2,42.0,0.05
20.25,42.0,0.05
20.3,42.0,0.05
20.35,42.0,0.05
20.4,42.0,0.05
20.45,42.0,0.05
20.5,42.0,0.05
20.55,42.0,0.05
20.6,42.0,0.05
20.65,42.0,0.05
20.7,42.0,0.05
20.75,42.0,0.05
20.8,42.0,0.05
20.85,42.0,0.05
20.9,42.0,0.05
20.95,42.0,0.05
21.0,42.0,0.16
21.05,42.0,0.16
21.1,42.0,0.16
21.15,42.0,0.16
21.2,42.0,0.16
21.25,42.0,0.16
21.3,42.0,0.16
21.35,42.0,0.16
21.4,42.0,0.16
21.45,42.0,0.16
21.5,42.0,0.16
21.55,42.0,0.16
21.6,42.0,0.16
21.65,42.0,0.16
21.7,42.0,0.16
21.75,42.0,0.16
21.8,42.0,0.16
21.85,42.0,0.16
21.9,42.0,0.16
21.95,42.0,0.16
22.0,42.0,0.16
22.05,42.0,0.16
22.1,42.0,0.16
22.15,42.0,0.16
22.2,42.0,0.16
22.25,42.0,0.16
22.3,42.0,0.16
22.35,42.0,0.16
22.4,42.0,0.16
22.45,42.0,0.16
22.5,42.0,0.16
22.55,42.0,0.16
22.6,42.0,0.16
22.65,42.0,0.16
22.7,42.0,0.16
22.75,42.0,0.16
22.8,42.0,0.16
22.85,42.0,0.16
22.9,42.0,0.16
22.95,42.0,0.16
23.0,42.0,0.16
23.05,42.0,0.16
23.1,42.0,0.16
23.15,42.0,0.16
23.2,42.0,0.16
23.25,42.0,0.16
23.3,42.0,0.16
23.35,42.0,0.16
23.4,42.0,0.16
23.45,42.0,0.16
23.5,42.0,0.16
23.55,42.0,0.16
23.6,42.0,0.16
23.65,42.0,0.16
23.7,42.0,0.16
23.75,42.0,0.16
23.8,42.0,0.16
23.85,42.0,0.16
23.9,42.0,0.16
23.95,42.0,0.16
24.0,42.0,0.16
24.05,42.0,0.16
24.1,42.0,0.16
24.15,42.0,0.16
24.2,42.0,0.16
24.25,42.0,0.16
24.3,42.0,0.16
24.35,42.0,0.16
24.4,42.0,0.16
24.45,42.0,0.16
24.5,42.0,0.16
24.55,42.0,0.16
24.6,42.0,0.16
24.65,42.0,0.16
24.7,42.0,0.16
24.75,42.0,0.16
24.8,42.0,0.16
24.85,42.0,0.16
24.9,42.0,0.16
24.95,42.0,0.16
25.0,42.0,0.16
25.05,42.0,0.16
25.1,42.0,0.16
25.15,42.0,0.16
25.2,42.0,0.16
25.25,42.0,0.16
25.3,42.0,0.16
25.35,42.0,0.16
25.4,42.0,0.16
25.45,42.0,0.16
25.5,42.0,0.16
25.55,42.0,0.16
25.6,42.0,0.16
25.65,42.0,0.16
25.7,42.0,0.16
25.75,42.0,0.16
25.8,42.0,0.16
25.85,42.0,0.16
25.9,42.0,0.16
25.95,42.0,0.16
26.0,42.0,0.16
26.05,42.0,0.16
26.1,42.0,0.16
26.15,42.0,0.16
26.2,42.0,0.16
26.25,42.0,0.16
26.3,42.0,0.16
26.35,42.0,0.16
26.4,42.0,0.16
26.45,42.0,0.16
26.5,42.0,0.05
26.55,42.0,0.05
26.6,42.0,0.05
26.65,42.0,0.05
26.7,42.0,0.05
26.75,42.0,0.05
26.8,42.0,0.05
26.85,42.0,0.05
26.9,42.0,0.05
26.95,42.0,0.05
27.0,42.0,0.05
27.05,42.0,0.05
27.1,42.0,0.05
27.15,42.0,0.05
27.2,42.0,0.05
27.25,42.0,0.05
27.3,42.0,0.05
27.35,42.0,0.05
27.4,42.0,0.05
27.45,42.0,0.05
27.5,42.0,0.05
27.55,42.0,0.05
27.6,42.0,0.05
27.65,42.0,0.05
27.7,42.0,0.05
27.75,42.0,0.05
27.8,42.0,0.05
27.85,42.0,0.05
27.9,42.0,0.05
27.95,42.0,0.05
28.0,42.0,0.05
28.05,42.0,0.05
28.1,42.0,0.05
28.15,42.0,0.05
28.2,42.0,0.05
28.25,42.0,0.05
28.3,42.0,0.05
28.35,42.0,0.05
28.4,42.0,0.05
28.45,42.0,0.05
28.5,42.0,0.05
28.55,42.0,0.05
28.6,42.0,0.05
28.65,42.0,0.05
28.7,42.0,0.05
28.75,42.0,0.05
28.8,42.0,0.05
28.85,42.0,0.05
28.9,42.0,0.05
28.95,42.0,0.05
29.0,42.0,0.05
29.05,42.0,0.05
29.1,42.0,0.05
29.15,42.0,0.05
29.2,42.0,0.05
29.25,42.0,0.05
29.3,42.0,0.05
29.35,42.0,0.05
29.4,42.0,0.05
29.45,42.0,0.05
29.5,42.0,0.05
